id,brand,price,start_time,start_day,end_time,end_day,trip_time,destination,checked_baggage,hand_luggage,crawl_date
CXR0001,VietJet Air,1892258,10:20,01 thg 5,11:20,01 thg 5,1h 0m,CXR,0.0,7.0,14-04-2025
CXR0001,VietJet Air,1431413,10:20,01 thg 5,11:20,01 thg 5,1h 0m,CXR,0.0,7.0,15-04-2025
CXR0001,VietJet Air,1327929,10:20,01 thg 5,11:20,01 thg 5,1h 0m,CXR,0.0,7.0,16-04-2025
CXR0001,VietJet Air,1283783,10:20,01 thg 5,11:20,01 thg 5,1h 0m,CXR,0.0,7.0,17-04-2025
CXR0001,VietJet Air,1285778,10:20,01 thg 5,11:20,01 thg 5,1h 0m,CXR,0.0,7.0,18-04-2025
CXR0002,VietJet Air,818157,10:20,08 thg 5,11:20,08 thg 5,1h 0m,CXR,0.0,7.0,18-04-2025
CXR0003,VietJet Air,1907415,12:40,01 thg 5,13:40,01 thg 5,1h 0m,CXR,0.0,7.0,11-04-2025
CXR0003,VietJet Air,1918000,12:40,01 thg 5,13:40,01 thg 5,1h 0m,CXR,0.0,7.0,12-04-2025
CXR0003,VietJet Air,1908410,12:40,01 thg 5,13:40,01 thg 5,1h 0m,CXR,0.0,7.0,13-04-2025
CXR0003,VietJet Air,1892258,12:40,01 thg 5,13:40,01 thg 5,1h 0m,CXR,0.0,7.0,14-04-2025
CXR0003,VietJet Air,1915200,12:40,01 thg 5,13:40,01 thg 5,1h 0m,CXR,0.0,7.0,15-04-2025
CXR0003,VietJet Air,1946434,12:40,01 thg 5,13:40,01 thg 5,1h 0m,CXR,0.0,7.0,16-04-2025
CXR0003,VietJet Air,1897245,12:40,01 thg 5,13:40,01 thg 5,1h 0m,CXR,0.0,7.0,17-04-2025
CXR0003,VietJet Air,1900238,12:40,01 thg 5,13:40,01 thg 5,1h 0m,CXR,0.0,7.0,18-04-2025
CXR0003,VietJet Air,1922183,12:40,01 thg 5,13:40,01 thg 5,1h 0m,CXR,0.0,7.0,19-04-2025
CXR0003,VietJet Air,1930163,12:40,01 thg 5,13:40,01 thg 5,1h 0m,CXR,0.0,7.0,24-04-2025
CXR0003,VietJet Air,1878293,12:40,01 thg 5,13:40,01 thg 5,1h 0m,CXR,0.0,7.0,29-04-2025
CXR0004,VietJet Air,1192013,12:40,02 thg 5,13:40,02 thg 5,1h 0m,CXR,0.0,7.0,01-05-2025
CXR0004,VietJet Air,1435000,12:40,02 thg 5,13:40,02 thg 5,1h 0m,CXR,0.0,7.0,12-04-2025
CXR0004,VietJet Air,1423845,12:40,02 thg 5,13:40,02 thg 5,1h 0m,CXR,0.0,7.0,13-04-2025
CXR0004,VietJet Air,1685751,12:40,02 thg 5,13:40,02 thg 5,1h 0m,CXR,0.0,7.0,14-04-2025
CXR0004,VietJet Air,1690763,12:40,02 thg 5,13:40,02 thg 5,1h 0m,CXR,0.0,7.0,15-04-2025
CXR0004,VietJet Air,1946434,12:40,02 thg 5,13:40,02 thg 5,1h 0m,CXR,0.0,7.0,16-04-2025
CXR0004,VietJet Air,1810463,12:40,02 thg 5,13:40,02 thg 5,1h 0m,CXR,0.0,7.0,17-04-2025
CXR0004,VietJet Air,1812458,12:40,02 thg 5,13:40,02 thg 5,1h 0m,CXR,0.0,7.0,18-04-2025
CXR0004,VietJet Air,1836398,12:40,02 thg 5,13:40,02 thg 5,1h 0m,CXR,0.0,7.0,19-04-2025
CXR0004,VietJet Air,1827420,12:40,02 thg 5,13:40,02 thg 5,1h 0m,CXR,0.0,7.0,20-04-2025
CXR0004,VietJet Air,1829415,12:40,02 thg 5,13:40,02 thg 5,1h 0m,CXR,0.0,7.0,21-04-2025
CXR0004,VietJet Air,1172063,12:40,02 thg 5,13:40,02 thg 5,1h 0m,CXR,0.0,7.0,22-04-2025
CXR0004,VietJet Air,1179045,12:40,02 thg 5,13:40,02 thg 5,1h 0m,CXR,0.0,7.0,23-04-2025
CXR0004,VietJet Air,1177050,12:40,02 thg 5,13:40,02 thg 5,1h 0m,CXR,0.0,7.0,24-04-2025
CXR0004,VietJet Air,1172063,12:40,02 thg 5,13:40,02 thg 5,1h 0m,CXR,0.0,7.0,25-04-2025
CXR0004,VietJet Air,1171065,12:40,02 thg 5,13:40,02 thg 5,1h 0m,CXR,0.0,7.0,26-04-2025
CXR0004,VietJet Air,1159095,12:40,02 thg 5,13:40,02 thg 5,1h 0m,CXR,0.0,7.0,27-04-2025
CXR0004,VietJet Air,1052363,12:40,02 thg 5,13:40,02 thg 5,1h 0m,CXR,0.0,7.0,28-04-2025
CXR0004,VietJet Air,1049370,12:40,02 thg 5,13:40,02 thg 5,1h 0m,CXR,0.0,7.0,29-04-2025
CXR0004,VietJet Air,1141140,12:40,02 thg 5,13:40,02 thg 5,1h 0m,CXR,0.0,7.0,30-04-2025
CXR0005,VietJet Air,1614583,12:40,03 thg 5,13:40,03 thg 5,1h 0m,CXR,0.0,7.0,01-05-2025
CXR0005,VietJet Air,1566161,12:40,03 thg 5,13:40,03 thg 5,1h 0m,CXR,0.0,7.0,02-05-2025
CXR0005,VietJet Air,1049725,12:40,03 thg 5,13:40,03 thg 5,1h 0m,CXR,0.0,7.0,13-04-2025
CXR0005,VietJet Air,1136153,12:40,03 thg 5,13:40,03 thg 5,1h 0m,CXR,0.0,7.0,14-04-2025
CXR0005,VietJet Air,1305728,12:40,03 thg 5,13:40,03 thg 5,1h 0m,CXR,0.0,7.0,15-04-2025
CXR0005,VietJet Air,1327929,12:40,03 thg 5,13:40,03 thg 5,1h 0m,CXR,0.0,7.0,16-04-2025
CXR0005,VietJet Air,1284780,12:40,03 thg 5,13:40,03 thg 5,1h 0m,CXR,0.0,7.0,17-04-2025
CXR0005,VietJet Air,1285778,12:40,03 thg 5,13:40,03 thg 5,1h 0m,CXR,0.0,7.0,18-04-2025
CXR0005,VietJet Air,1328670,12:40,03 thg 5,13:40,03 thg 5,1h 0m,CXR,0.0,7.0,19-04-2025
CXR0005,VietJet Air,1326675,12:40,03 thg 5,13:40,03 thg 5,1h 0m,CXR,0.0,7.0,20-04-2025
CXR0005,VietJet Air,1328670,12:40,03 thg 5,13:40,03 thg 5,1h 0m,CXR,0.0,7.0,21-04-2025
CXR0005,VietJet Air,1306725,12:40,03 thg 5,13:40,03 thg 5,1h 0m,CXR,0.0,7.0,22-04-2025
CXR0005,VietJet Air,1319693,12:40,03 thg 5,13:40,03 thg 5,1h 0m,CXR,0.0,7.0,23-04-2025
CXR0005,VietJet Air,1318695,12:40,03 thg 5,13:40,03 thg 5,1h 0m,CXR,0.0,7.0,24-04-2025
CXR0005,VietJet Air,1306725,12:40,03 thg 5,13:40,03 thg 5,1h 0m,CXR,0.0,7.0,25-04-2025
CXR0005,VietJet Air,1308720,12:40,03 thg 5,13:40,03 thg 5,1h 0m,CXR,0.0,7.0,26-04-2025
CXR0005,VietJet Air,1307723,12:40,03 thg 5,13:40,03 thg 5,1h 0m,CXR,0.0,7.0,27-04-2025
CXR0005,VietJet Air,1303733,12:40,03 thg 5,13:40,03 thg 5,1h 0m,CXR,0.0,7.0,28-04-2025
CXR0005,VietJet Air,1294755,12:40,03 thg 5,13:40,03 thg 5,1h 0m,CXR,0.0,7.0,29-04-2025
CXR0005,VietJet Air,1277798,12:40,03 thg 5,13:40,03 thg 5,1h 0m,CXR,0.0,7.0,30-04-2025
CXR0006,VietJet Air,1140143,12:40,04 thg 5,13:40,04 thg 5,1h 0m,CXR,0.0,7.0,01-05-2025
CXR0006,VietJet Air,1143135,12:40,04 thg 5,13:40,04 thg 5,1h 0m,CXR,0.0,7.0,02-05-2025
CXR0006,VietJet Air,1156103,12:40,04 thg 5,13:40,04 thg 5,1h 0m,CXR,0.0,7.0,03-05-2025
CXR0006,VietJet Air,1026428,12:40,04 thg 5,13:40,04 thg 5,1h 0m,CXR,0.0,7.0,14-04-2025
CXR0006,VietJet Air,1137150,12:40,04 thg 5,13:40,04 thg 5,1h 0m,CXR,0.0,7.0,15-04-2025
CXR0006,VietJet Air,1327929,12:40,04 thg 5,13:40,04 thg 5,1h 0m,CXR,0.0,7.0,16-04-2025
CXR0006,VietJet Air,1284780,12:40,04 thg 5,13:40,04 thg 5,1h 0m,CXR,0.0,7.0,17-04-2025
CXR0006,VietJet Air,1285778,12:40,04 thg 5,13:40,04 thg 5,1h 0m,CXR,0.0,7.0,18-04-2025
CXR0006,VietJet Air,1168073,12:40,04 thg 5,13:40,04 thg 5,1h 0m,CXR,0.0,7.0,22-04-2025
CXR0006,VietJet Air,1179045,12:40,04 thg 5,13:40,04 thg 5,1h 0m,CXR,0.0,7.0,23-04-2025
CXR0006,VietJet Air,1177050,12:40,04 thg 5,13:40,04 thg 5,1h 0m,CXR,0.0,7.0,24-04-2025
CXR0006,VietJet Air,1172063,12:40,04 thg 5,13:40,04 thg 5,1h 0m,CXR,0.0,7.0,25-04-2025
CXR0006,VietJet Air,1171065,12:40,04 thg 5,13:40,04 thg 5,1h 0m,CXR,0.0,7.0,26-04-2025
CXR0006,VietJet Air,1159095,12:40,04 thg 5,13:40,04 thg 5,1h 0m,CXR,0.0,7.0,27-04-2025
CXR0006,VietJet Air,1163085,12:40,04 thg 5,13:40,04 thg 5,1h 0m,CXR,0.0,7.0,28-04-2025
CXR0006,VietJet Air,1157100,12:40,04 thg 5,13:40,04 thg 5,1h 0m,CXR,0.0,7.0,29-04-2025
CXR0006,VietJet Air,1141140,12:40,04 thg 5,13:40,04 thg 5,1h 0m,CXR,0.0,7.0,30-04-2025
CXR0007,VietJet Air,1140143,12:40,05 thg 5,13:40,05 thg 5,1h 0m,CXR,0.0,7.0,01-05-2025
CXR0007,VietJet Air,1143135,12:40,05 thg 5,13:40,05 thg 5,1h 0m,CXR,0.0,7.0,02-05-2025
CXR0007,VietJet Air,1152113,12:40,05 thg 5,13:40,05 thg 5,1h 0m,CXR,0.0,7.0,03-05-2025
CXR0007,VietJet Air,1337648,12:40,05 thg 5,13:40,05 thg 5,1h 0m,CXR,0.0,7.0,04-05-2025
CXR0007,VietJet Air,1170068,12:40,05 thg 5,13:40,05 thg 5,1h 0m,CXR,0.0,7.0,15-04-2025
CXR0007,VietJet Air,1180561,12:40,05 thg 5,13:40,05 thg 5,1h 0m,CXR,0.0,7.0,16-04-2025
CXR0007,VietJet Air,1137150,12:40,05 thg 5,13:40,05 thg 5,1h 0m,CXR,0.0,7.0,17-04-2025
CXR0007,VietJet Air,1139145,12:40,05 thg 5,13:40,05 thg 5,1h 0m,CXR,0.0,7.0,18-04-2025
CXR0007,VietJet Air,1165080,12:40,05 thg 5,13:40,05 thg 5,1h 0m,CXR,0.0,7.0,19-04-2025
CXR0007,VietJet Air,1171065,12:40,05 thg 5,13:40,05 thg 5,1h 0m,CXR,0.0,7.0,20-04-2025
CXR0007,VietJet Air,1174058,12:40,05 thg 5,13:40,05 thg 5,1h 0m,CXR,0.0,7.0,21-04-2025
CXR0007,VietJet Air,1167075,12:40,05 thg 5,13:40,05 thg 5,1h 0m,CXR,0.0,7.0,22-04-2025
CXR0007,VietJet Air,1179045,12:40,05 thg 5,13:40,05 thg 5,1h 0m,CXR,0.0,7.0,23-04-2025
CXR0007,VietJet Air,1177050,12:40,05 thg 5,13:40,05 thg 5,1h 0m,CXR,0.0,7.0,24-04-2025
CXR0007,VietJet Air,1172063,12:40,05 thg 5,13:40,05 thg 5,1h 0m,CXR,0.0,7.0,25-04-2025
CXR0007,VietJet Air,1171065,12:40,05 thg 5,13:40,05 thg 5,1h 0m,CXR,0.0,7.0,26-04-2025
CXR0007,VietJet Air,1159095,12:40,05 thg 5,13:40,05 thg 5,1h 0m,CXR,0.0,7.0,27-04-2025
CXR0007,VietJet Air,1163085,12:40,05 thg 5,13:40,05 thg 5,1h 0m,CXR,0.0,7.0,28-04-2025
CXR0007,VietJet Air,1157100,12:40,05 thg 5,13:40,05 thg 5,1h 0m,CXR,0.0,7.0,29-04-2025
CXR0007,VietJet Air,1141140,12:40,05 thg 5,13:40,05 thg 5,1h 0m,CXR,0.0,7.0,30-04-2025
CXR0008,VietJet Air,1445243,12:40,06 thg 5,13:40,06 thg 5,1h 0m,CXR,0.0,7.0,01-05-2025
CXR0008,VietJet Air,1445394,12:40,06 thg 5,13:40,06 thg 5,1h 0m,CXR,0.0,7.0,02-05-2025
CXR0008,VietJet Air,1406475,12:40,06 thg 5,13:40,06 thg 5,1h 0m,CXR,0.0,7.0,03-05-2025
CXR0008,VietJet Air,1449137,12:40,06 thg 5,13:40,06 thg 5,1h 0m,CXR,0.0,7.0,04-05-2025
CXR0008,VietJet Air,1327929,12:40,06 thg 5,13:40,06 thg 5,1h 0m,CXR,0.0,7.0,16-04-2025
CXR0008,VietJet Air,1283783,12:40,06 thg 5,13:40,06 thg 5,1h 0m,CXR,0.0,7.0,17-04-2025
CXR0008,VietJet Air,1285778,12:40,06 thg 5,13:40,06 thg 5,1h 0m,CXR,0.0,7.0,18-04-2025
CXR0008,VietJet Air,1306725,12:40,06 thg 5,13:40,06 thg 5,1h 0m,CXR,0.0,7.0,19-04-2025
CXR0008,VietJet Air,1300740,12:40,06 thg 5,13:40,06 thg 5,1h 0m,CXR,0.0,7.0,20-04-2025
CXR0008,VietJet Air,1307723,12:40,06 thg 5,13:40,06 thg 5,1h 0m,CXR,0.0,7.0,21-04-2025
CXR0008,VietJet Air,1434405,12:40,06 thg 5,13:40,06 thg 5,1h 0m,CXR,0.0,7.0,22-04-2025
CXR0008,VietJet Air,1438395,12:40,06 thg 5,13:40,06 thg 5,1h 0m,CXR,0.0,7.0,23-04-2025
CXR0008,VietJet Air,1441388,12:40,06 thg 5,13:40,06 thg 5,1h 0m,CXR,0.0,7.0,24-04-2025
CXR0008,VietJet Air,1317698,12:40,06 thg 5,13:40,06 thg 5,1h 0m,CXR,0.0,7.0,25-04-2025
CXR0008,VietJet Air,1428057,12:40,06 thg 5,13:40,06 thg 5,1h 0m,CXR,0.0,7.0,26-04-2025
CXR0008,VietJet Air,1422435,12:40,06 thg 5,13:40,06 thg 5,1h 0m,CXR,0.0,7.0,27-04-2025
CXR0008,VietJet Air,1419443,12:40,06 thg 5,13:40,06 thg 5,1h 0m,CXR,0.0,7.0,28-04-2025
CXR0008,VietJet Air,1413458,12:40,06 thg 5,13:40,06 thg 5,1h 0m,CXR,0.0,7.0,29-04-2025
CXR0008,VietJet Air,1444948,12:40,06 thg 5,13:40,06 thg 5,1h 0m,CXR,0.0,7.0,30-04-2025
CXR0009,VietJet Air,1032413,12:40,07 thg 5,13:40,07 thg 5,1h 0m,CXR,0.0,7.0,01-05-2025
CXR0009,VietJet Air,1034408,12:40,07 thg 5,13:40,07 thg 5,1h 0m,CXR,0.0,7.0,02-05-2025
CXR0009,VietJet Air,1043385,12:40,07 thg 5,13:40,07 thg 5,1h 0m,CXR,0.0,7.0,03-05-2025
CXR0009,VietJet Air,1285778,12:40,07 thg 5,13:40,07 thg 5,1h 0m,CXR,0.0,7.0,04-05-2025
CXR0009,VietJet Air,1935500,12:40,07 thg 5,13:40,07 thg 5,1h 0m,CXR,0.0,7.0,05-05-2025
CXR0009,VietJet Air,1027425,12:40,07 thg 5,13:40,07 thg 5,1h 0m,CXR,0.0,7.0,17-04-2025
CXR0009,VietJet Air,1028423,12:40,07 thg 5,13:40,07 thg 5,1h 0m,CXR,0.0,7.0,18-04-2025
CXR0009,VietJet Air,1054358,12:40,07 thg 5,13:40,07 thg 5,1h 0m,CXR,0.0,7.0,19-04-2025
CXR0009,VietJet Air,1056353,12:40,07 thg 5,13:40,07 thg 5,1h 0m,CXR,0.0,7.0,20-04-2025
CXR0009,VietJet Air,1062338,12:40,07 thg 5,13:40,07 thg 5,1h 0m,CXR,0.0,7.0,21-04-2025
CXR0009,VietJet Air,1061340,12:40,07 thg 5,13:40,07 thg 5,1h 0m,CXR,0.0,7.0,22-04-2025
CXR0009,VietJet Air,1063335,12:40,07 thg 5,13:40,07 thg 5,1h 0m,CXR,0.0,7.0,23-04-2025
CXR0009,VietJet Air,1061340,12:40,07 thg 5,13:40,07 thg 5,1h 0m,CXR,0.0,7.0,24-04-2025
CXR0009,VietJet Air,1060343,12:40,07 thg 5,13:40,07 thg 5,1h 0m,CXR,0.0,7.0,25-04-2025
CXR0009,VietJet Air,1056353,12:40,07 thg 5,13:40,07 thg 5,1h 0m,CXR,0.0,7.0,26-04-2025
CXR0009,VietJet Air,1058348,12:40,07 thg 5,13:40,07 thg 5,1h 0m,CXR,0.0,7.0,27-04-2025
CXR0009,VietJet Air,1891260,12:40,07 thg 5,13:40,07 thg 5,1h 0m,CXR,0.0,7.0,28-04-2025
CXR0009,VietJet Air,1878293,12:40,07 thg 5,13:40,07 thg 5,1h 0m,CXR,0.0,7.0,29-04-2025
CXR0009,VietJet Air,1033410,12:40,07 thg 5,13:40,07 thg 5,1h 0m,CXR,0.0,7.0,30-04-2025
CXR0010,VietJet Air,1445243,12:40,08 thg 5,13:40,08 thg 5,1h 0m,CXR,0.0,7.0,01-05-2025
CXR0010,VietJet Air,1445394,12:40,08 thg 5,13:40,08 thg 5,1h 0m,CXR,0.0,7.0,02-05-2025
CXR0010,VietJet Air,1406475,12:40,08 thg 5,13:40,08 thg 5,1h 0m,CXR,0.0,7.0,03-05-2025
CXR0010,VietJet Air,1449137,12:40,08 thg 5,13:40,08 thg 5,1h 0m,CXR,0.0,7.0,04-05-2025
CXR0010,VietJet Air,1618610,12:40,08 thg 5,13:40,08 thg 5,1h 0m,CXR,0.0,7.0,05-05-2025
CXR0010,VietJet Air,1297748,12:40,08 thg 5,13:40,08 thg 5,1h 0m,CXR,0.0,7.0,06-05-2025
CXR0010,VietJet Air,1900238,12:40,08 thg 5,13:40,08 thg 5,1h 0m,CXR,0.0,7.0,07-05-2025
CXR0010,VietJet Air,1402485,12:40,08 thg 5,13:40,08 thg 5,1h 0m,CXR,0.0,7.0,18-04-2025
CXR0010,VietJet Air,1432410,12:40,08 thg 5,13:40,08 thg 5,1h 0m,CXR,0.0,7.0,19-04-2025
CXR0010,VietJet Air,1433408,12:40,08 thg 5,13:40,08 thg 5,1h 0m,CXR,0.0,7.0,21-04-2025
CXR0010,VietJet Air,1171065,12:40,08 thg 5,13:40,08 thg 5,1h 0m,CXR,0.0,7.0,22-04-2025
CXR0010,VietJet Air,1179045,12:40,08 thg 5,13:40,08 thg 5,1h 0m,CXR,0.0,7.0,23-04-2025
CXR0010,VietJet Air,1177050,12:40,08 thg 5,13:40,08 thg 5,1h 0m,CXR,0.0,7.0,24-04-2025
CXR0010,VietJet Air,1172063,12:40,08 thg 5,13:40,08 thg 5,1h 0m,CXR,0.0,7.0,25-04-2025
CXR0010,VietJet Air,1171065,12:40,08 thg 5,13:40,08 thg 5,1h 0m,CXR,0.0,7.0,26-04-2025
CXR0010,VietJet Air,1163085,12:40,08 thg 5,13:40,08 thg 5,1h 0m,CXR,0.0,7.0,27-04-2025
CXR0010,VietJet Air,1419443,12:40,08 thg 5,13:40,08 thg 5,1h 0m,CXR,0.0,7.0,28-04-2025
CXR0010,VietJet Air,1413458,12:40,08 thg 5,13:40,08 thg 5,1h 0m,CXR,0.0,7.0,29-04-2025
CXR0010,VietJet Air,1444948,12:40,08 thg 5,13:40,08 thg 5,1h 0m,CXR,0.0,7.0,30-04-2025
CXR0011,VietJet Air,1140143,12:40,09 thg 5,13:40,09 thg 5,1h 0m,CXR,0.0,7.0,01-05-2025
CXR0011,VietJet Air,1140143,12:40,09 thg 5,13:40,09 thg 5,1h 0m,CXR,0.0,7.0,02-05-2025
CXR0011,VietJet Air,1152113,12:40,09 thg 5,13:40,09 thg 5,1h 0m,CXR,0.0,7.0,03-05-2025
CXR0011,VietJet Air,1135155,12:40,09 thg 5,13:40,09 thg 5,1h 0m,CXR,0.0,7.0,04-05-2025
CXR0011,VietJet Air,1155105,12:40,09 thg 5,13:40,09 thg 5,1h 0m,CXR,0.0,7.0,05-05-2025
CXR0011,VietJet Air,1032413,12:40,09 thg 5,13:40,09 thg 5,1h 0m,CXR,0.0,7.0,06-05-2025
CXR0011,VietJet Air,1029420,12:40,09 thg 5,13:40,09 thg 5,1h 0m,CXR,0.0,7.0,07-05-2025
CXR0011,VietJet Air,1064333,12:40,09 thg 5,13:40,09 thg 5,1h 0m,CXR,0.0,7.0,08-05-2025
CXR0011,VietJet Air,1054358,12:40,09 thg 5,13:40,09 thg 5,1h 0m,CXR,0.0,7.0,19-04-2025
CXR0011,VietJet Air,1056353,12:40,09 thg 5,13:40,09 thg 5,1h 0m,CXR,0.0,7.0,20-04-2025
CXR0011,VietJet Air,1062338,12:40,09 thg 5,13:40,09 thg 5,1h 0m,CXR,0.0,7.0,21-04-2025
CXR0011,VietJet Air,1306725,12:40,09 thg 5,13:40,09 thg 5,1h 0m,CXR,0.0,7.0,22-04-2025
CXR0011,VietJet Air,1319693,12:40,09 thg 5,13:40,09 thg 5,1h 0m,CXR,0.0,7.0,23-04-2025
CXR0011,VietJet Air,1928904,12:40,09 thg 5,13:40,09 thg 5,1h 0m,CXR,0.0,7.0,24-04-2025
CXR0011,VietJet Air,1306725,12:40,09 thg 5,13:40,09 thg 5,1h 0m,CXR,0.0,7.0,25-04-2025
CXR0011,VietJet Air,1305728,12:40,09 thg 5,13:40,09 thg 5,1h 0m,CXR,0.0,7.0,26-04-2025
CXR0011,VietJet Air,1300740,12:40,09 thg 5,13:40,09 thg 5,1h 0m,CXR,0.0,7.0,27-04-2025
CXR0011,VietJet Air,1165080,12:40,09 thg 5,13:40,09 thg 5,1h 0m,CXR,0.0,7.0,28-04-2025
CXR0011,VietJet Air,1157100,12:40,09 thg 5,13:40,09 thg 5,1h 0m,CXR,0.0,7.0,29-04-2025
CXR0011,VietJet Air,1141140,12:40,09 thg 5,13:40,09 thg 5,1h 0m,CXR,0.0,7.0,30-04-2025
CXR0012,VietJet Air,1140143,12:40,10 thg 5,13:40,10 thg 5,1h 0m,CXR,0.0,7.0,01-05-2025
CXR0012,VietJet Air,1143135,12:40,10 thg 5,13:40,10 thg 5,1h 0m,CXR,0.0,7.0,02-05-2025
CXR0012,VietJet Air,1152113,12:40,10 thg 5,13:40,10 thg 5,1h 0m,CXR,0.0,7.0,03-05-2025
CXR0012,VietJet Air,1135155,12:40,10 thg 5,13:40,10 thg 5,1h 0m,CXR,0.0,7.0,04-05-2025
CXR0012,VietJet Air,1155105,12:40,10 thg 5,13:40,10 thg 5,1h 0m,CXR,0.0,7.0,05-05-2025
CXR0012,VietJet Air,1033410,12:40,10 thg 5,13:40,10 thg 5,1h 0m,CXR,0.0,7.0,06-05-2025
CXR0012,VietJet Air,1029420,12:40,10 thg 5,13:40,10 thg 5,1h 0m,CXR,0.0,7.0,07-05-2025
CXR0012,VietJet Air,1024433,12:40,10 thg 5,13:40,10 thg 5,1h 0m,CXR,0.0,7.0,08-05-2025
CXR0012,VietJet Air,1939140,12:40,10 thg 5,13:40,10 thg 5,1h 0m,CXR,0.0,7.0,09-05-2025
CXR0012,VietJet Air,1056353,12:40,10 thg 5,13:40,10 thg 5,1h 0m,CXR,0.0,7.0,20-04-2025
CXR0012,VietJet Air,1062338,12:40,10 thg 5,13:40,10 thg 5,1h 0m,CXR,0.0,7.0,21-04-2025
CXR0012,VietJet Air,1172063,12:40,10 thg 5,13:40,10 thg 5,1h 0m,CXR,0.0,7.0,22-04-2025
CXR0012,VietJet Air,1179045,12:40,10 thg 5,13:40,10 thg 5,1h 0m,CXR,0.0,7.0,23-04-2025
CXR0012,VietJet Air,1928904,12:40,10 thg 5,13:40,10 thg 5,1h 0m,CXR,0.0,7.0,24-04-2025
CXR0012,VietJet Air,1306725,12:40,10 thg 5,13:40,10 thg 5,1h 0m,CXR,0.0,7.0,25-04-2025
CXR0012,VietJet Air,1171065,12:40,10 thg 5,13:40,10 thg 5,1h 0m,CXR,0.0,7.0,26-04-2025
CXR0012,VietJet Air,1159095,12:40,10 thg 5,13:40,10 thg 5,1h 0m,CXR,0.0,7.0,27-04-2025
CXR0012,VietJet Air,1164083,12:40,10 thg 5,13:40,10 thg 5,1h 0m,CXR,0.0,7.0,28-04-2025
CXR0012,VietJet Air,1157100,12:40,10 thg 5,13:40,10 thg 5,1h 0m,CXR,0.0,7.0,29-04-2025
CXR0012,VietJet Air,1141140,12:40,10 thg 5,13:40,10 thg 5,1h 0m,CXR,0.0,7.0,30-04-2025
CXR0013,VietJet Air,1032413,12:40,11 thg 5,13:40,11 thg 5,1h 0m,CXR,0.0,7.0,01-05-2025
CXR0013,VietJet Air,1034408,12:40,11 thg 5,13:40,11 thg 5,1h 0m,CXR,0.0,7.0,02-05-2025
CXR0013,VietJet Air,1043385,12:40,11 thg 5,13:40,11 thg 5,1h 0m,CXR,0.0,7.0,03-05-2025
CXR0013,VietJet Air,1030418,12:40,11 thg 5,13:40,11 thg 5,1h 0m,CXR,0.0,7.0,04-05-2025
CXR0013,VietJet Air,1052735,12:40,11 thg 5,13:40,11 thg 5,1h 0m,CXR,0.0,7.0,05-05-2025
CXR0013,VietJet Air,811965,12:40,11 thg 5,13:40,11 thg 5,1h 0m,CXR,0.0,7.0,06-05-2025
CXR0013,VietJet Air,1029420,12:40,11 thg 5,13:40,11 thg 5,1h 0m,CXR,0.0,7.0,07-05-2025
CXR0013,VietJet Air,807975,12:40,11 thg 5,13:40,11 thg 5,1h 0m,CXR,0.0,7.0,08-05-2025
CXR0013,VietJet Air,804983,12:40,11 thg 5,13:40,11 thg 5,1h 0m,CXR,0.0,7.0,09-05-2025
CXR0013,VietJet Air,1062338,12:40,11 thg 5,13:40,11 thg 5,1h 0m,CXR,0.0,7.0,21-04-2025
CXR0013,VietJet Air,1061340,12:40,11 thg 5,13:40,11 thg 5,1h 0m,CXR,0.0,7.0,22-04-2025
CXR0013,VietJet Air,1063335,12:40,11 thg 5,13:40,11 thg 5,1h 0m,CXR,0.0,7.0,23-04-2025
CXR0013,VietJet Air,1930163,12:40,11 thg 5,13:40,11 thg 5,1h 0m,CXR,0.0,7.0,24-04-2025
CXR0013,VietJet Air,1172063,12:40,11 thg 5,13:40,11 thg 5,1h 0m,CXR,0.0,7.0,25-04-2025
CXR0013,VietJet Air,1160093,12:40,11 thg 5,13:40,11 thg 5,1h 0m,CXR,0.0,7.0,26-04-2025
CXR0013,VietJet Air,1159095,12:40,11 thg 5,13:40,11 thg 5,1h 0m,CXR,0.0,7.0,27-04-2025
CXR0013,VietJet Air,1167075,12:40,11 thg 5,13:40,11 thg 5,1h 0m,CXR,0.0,7.0,28-04-2025
CXR0013,VietJet Air,1878293,12:40,11 thg 5,13:40,11 thg 5,1h 0m,CXR,0.0,7.0,29-04-2025
CXR0013,VietJet Air,1033410,12:40,11 thg 5,13:40,11 thg 5,1h 0m,CXR,0.0,7.0,30-04-2025
CXR0014,VietJet Air,1309420,12:40,22 thg 4,13:40,22 thg 4,1h 0m,CXR,0.0,7.0,07-04-2025
CXR0014,VietJet Air,1144469,12:40,22 thg 4,13:40,22 thg 4,1h 0m,CXR,0.0,7.0,08-04-2025
CXR0014,VietJet Air,1163155,12:40,22 thg 4,13:40,22 thg 4,1h 0m,CXR,0.0,7.0,09-04-2025
CXR0014,VietJet Air,1167135,12:40,22 thg 4,13:40,22 thg 4,1h 0m,CXR,0.0,7.0,10-04-2025
CXR0014,VietJet Air,1163155,12:40,22 thg 4,13:40,22 thg 4,1h 0m,CXR,0.0,7.0,11-04-2025
CXR0014,VietJet Air,1161000,12:40,22 thg 4,13:40,22 thg 4,1h 0m,CXR,0.0,7.0,12-04-2025
CXR0014,VietJet Air,1160170,12:40,22 thg 4,13:40,22 thg 4,1h 0m,CXR,0.0,7.0,13-04-2025
CXR0014,VietJet Air,1137150,12:40,22 thg 4,13:40,22 thg 4,1h 0m,CXR,0.0,7.0,14-04-2025
CXR0014,VietJet Air,1140143,12:40,22 thg 4,13:40,22 thg 4,1h 0m,CXR,0.0,7.0,15-04-2025
CXR0014,VietJet Air,1180561,12:40,22 thg 4,13:40,22 thg 4,1h 0m,CXR,0.0,7.0,16-04-2025
CXR0014,VietJet Air,1137150,12:40,22 thg 4,13:40,22 thg 4,1h 0m,CXR,0.0,7.0,17-04-2025
CXR0014,VietJet Air,1139145,12:40,22 thg 4,13:40,22 thg 4,1h 0m,CXR,0.0,7.0,18-04-2025
CXR0014,VietJet Air,1165080,12:40,22 thg 4,13:40,22 thg 4,1h 0m,CXR,0.0,7.0,19-04-2025
CXR0014,VietJet Air,1171065,12:40,22 thg 4,13:40,22 thg 4,1h 0m,CXR,0.0,7.0,20-04-2025
CXR0014,VietJet Air,1171065,12:40,22 thg 4,13:40,22 thg 4,1h 0m,CXR,0.0,7.0,21-04-2025
CXR0015,VietJet Air,1286535,12:40,23 thg 4,13:40,23 thg 4,1h 0m,CXR,0.0,7.0,07-04-2025
CXR0015,VietJet Air,1142489,12:40,23 thg 4,13:40,23 thg 4,1h 0m,CXR,0.0,7.0,08-04-2025
CXR0016,VietJet Air,1305440,12:40,24 thg 4,13:40,24 thg 4,1h 0m,CXR,0.0,7.0,07-04-2025
CXR0016,VietJet Air,1290993,12:40,24 thg 4,13:40,24 thg 4,1h 0m,CXR,0.0,7.0,08-04-2025
CXR0016,VietJet Air,1309420,12:40,24 thg 4,13:40,24 thg 4,1h 0m,CXR,0.0,7.0,09-04-2025
CXR0016,VietJet Air,1310000,12:40,24 thg 4,13:40,24 thg 4,1h 0m,CXR,0.0,7.0,10-04-2025
CXR0016,VietJet Air,1302455,12:40,24 thg 4,13:40,24 thg 4,1h 0m,CXR,0.0,7.0,11-04-2025
CXR0016,VietJet Air,1309000,12:40,24 thg 4,13:40,24 thg 4,1h 0m,CXR,0.0,7.0,12-04-2025
CXR0016,VietJet Air,1307430,12:40,24 thg 4,13:40,24 thg 4,1h 0m,CXR,0.0,7.0,13-04-2025
CXR0017,VietJet Air,1301460,12:40,25 thg 4,13:40,25 thg 4,1h 0m,CXR,0.0,7.0,07-04-2025
CXR0017,VietJet Air,1159320,12:40,25 thg 4,13:40,25 thg 4,1h 0m,CXR,0.0,7.0,08-04-2025
CXR0017,VietJet Air,1163155,12:40,25 thg 4,13:40,25 thg 4,1h 0m,CXR,0.0,7.0,09-04-2025
CXR0017,VietJet Air,1178000,12:40,25 thg 4,13:40,25 thg 4,1h 0m,CXR,0.0,7.0,10-04-2025
CXR0017,VietJet Air,1163155,12:40,25 thg 4,13:40,25 thg 4,1h 0m,CXR,0.0,7.0,11-04-2025
CXR0017,VietJet Air,1161000,12:40,25 thg 4,13:40,25 thg 4,1h 0m,CXR,0.0,7.0,12-04-2025
CXR0017,VietJet Air,1163155,12:40,25 thg 4,13:40,25 thg 4,1h 0m,CXR,0.0,7.0,13-04-2025
CXR0017,VietJet Air,1137150,12:40,25 thg 4,13:40,25 thg 4,1h 0m,CXR,0.0,7.0,14-04-2025
CXR0017,VietJet Air,1174058,12:40,25 thg 4,13:40,25 thg 4,1h 0m,CXR,0.0,7.0,15-04-2025
CXR0017,VietJet Air,1740176,12:40,25 thg 4,13:40,25 thg 4,1h 0m,CXR,0.0,7.0,16-04-2025
CXR0017,VietJet Air,1692758,12:40,25 thg 4,13:40,25 thg 4,1h 0m,CXR,0.0,7.0,17-04-2025
CXR0017,VietJet Air,1695750,12:40,25 thg 4,13:40,25 thg 4,1h 0m,CXR,0.0,7.0,18-04-2025
CXR0017,VietJet Air,1721685,12:40,25 thg 4,13:40,25 thg 4,1h 0m,CXR,0.0,7.0,19-04-2025
CXR0017,VietJet Air,1712708,12:40,25 thg 4,13:40,25 thg 4,1h 0m,CXR,0.0,7.0,20-04-2025
CXR0017,VietJet Air,1712708,12:40,25 thg 4,13:40,25 thg 4,1h 0m,CXR,0.0,7.0,21-04-2025
CXR0017,VietJet Air,1304730,12:40,25 thg 4,13:40,25 thg 4,1h 0m,CXR,0.0,7.0,22-04-2025
CXR0017,VietJet Air,1327673,12:40,25 thg 4,13:40,25 thg 4,1h 0m,CXR,0.0,7.0,23-04-2025
CXR0017,VietJet Air,1198995,12:40,25 thg 4,13:40,25 thg 4,1h 0m,CXR,0.0,7.0,24-04-2025
CXR0018,VietJet Air,1905425,12:40,26 thg 4,13:40,26 thg 4,1h 0m,CXR,0.0,7.0,07-04-2025
CXR0018,VietJet Air,1897878,12:40,26 thg 4,13:40,26 thg 4,1h 0m,CXR,0.0,7.0,08-04-2025
CXR0018,VietJet Air,1907415,12:40,26 thg 4,13:40,26 thg 4,1h 0m,CXR,0.0,7.0,09-04-2025
CXR0018,VietJet Air,1927000,12:40,26 thg 4,13:40,26 thg 4,1h 0m,CXR,0.0,7.0,10-04-2025
CXR0018,VietJet Air,1899455,12:40,26 thg 4,13:40,26 thg 4,1h 0m,CXR,0.0,7.0,11-04-2025
CXR0018,VietJet Air,1916000,12:40,26 thg 4,13:40,26 thg 4,1h 0m,CXR,0.0,7.0,12-04-2025
CXR0018,VietJet Air,1908410,12:40,26 thg 4,13:40,26 thg 4,1h 0m,CXR,0.0,7.0,13-04-2025
CXR0018,VietJet Air,1892258,12:40,26 thg 4,13:40,26 thg 4,1h 0m,CXR,0.0,7.0,14-04-2025
CXR0018,VietJet Air,1901235,12:40,26 thg 4,13:40,26 thg 4,1h 0m,CXR,0.0,7.0,15-04-2025
CXR0018,VietJet Air,1946434,12:40,26 thg 4,13:40,26 thg 4,1h 0m,CXR,0.0,7.0,16-04-2025
CXR0018,VietJet Air,1898243,12:40,26 thg 4,13:40,26 thg 4,1h 0m,CXR,0.0,7.0,17-04-2025
CXR0018,VietJet Air,1900238,12:40,26 thg 4,13:40,26 thg 4,1h 0m,CXR,0.0,7.0,18-04-2025
CXR0018,VietJet Air,1924178,12:40,26 thg 4,13:40,26 thg 4,1h 0m,CXR,0.0,7.0,22-04-2025
CXR0018,VietJet Air,1930163,12:40,26 thg 4,13:40,26 thg 4,1h 0m,CXR,0.0,7.0,23-04-2025
CXR0018,VietJet Air,1930163,12:40,26 thg 4,13:40,26 thg 4,1h 0m,CXR,0.0,7.0,24-04-2025
CXR0018,VietJet Air,1955100,12:40,26 thg 4,13:40,26 thg 4,1h 0m,CXR,0.0,7.0,25-04-2025
CXR0019,VietJet Air,1905425,12:40,27 thg 4,13:40,27 thg 4,1h 0m,CXR,0.0,7.0,07-04-2025
CXR0019,VietJet Air,1904809,12:40,27 thg 4,13:40,27 thg 4,1h 0m,CXR,0.0,7.0,08-04-2025
CXR0019,VietJet Air,1902440,12:40,27 thg 4,13:40,27 thg 4,1h 0m,CXR,0.0,7.0,09-04-2025
CXR0019,VietJet Air,1923000,12:40,27 thg 4,13:40,27 thg 4,1h 0m,CXR,0.0,7.0,10-04-2025
CXR0019,VietJet Air,1903435,12:40,27 thg 4,13:40,27 thg 4,1h 0m,CXR,0.0,7.0,11-04-2025
CXR0019,VietJet Air,1916000,12:40,27 thg 4,13:40,27 thg 4,1h 0m,CXR,0.0,7.0,12-04-2025
CXR0019,VietJet Air,1908410,12:40,27 thg 4,13:40,27 thg 4,1h 0m,CXR,0.0,7.0,13-04-2025
CXR0019,VietJet Air,1892258,12:40,27 thg 4,13:40,27 thg 4,1h 0m,CXR,0.0,7.0,14-04-2025
CXR0019,VietJet Air,1900238,12:40,27 thg 4,13:40,27 thg 4,1h 0m,CXR,0.0,7.0,15-04-2025
CXR0019,VietJet Air,1946434,12:40,27 thg 4,13:40,27 thg 4,1h 0m,CXR,0.0,7.0,16-04-2025
CXR0019,VietJet Air,1897245,12:40,27 thg 4,13:40,27 thg 4,1h 0m,CXR,0.0,7.0,17-04-2025
CXR0019,VietJet Air,1900238,12:40,27 thg 4,13:40,27 thg 4,1h 0m,CXR,0.0,7.0,18-04-2025
CXR0019,VietJet Air,1304730,12:40,27 thg 4,13:40,27 thg 4,1h 0m,CXR,0.0,7.0,22-04-2025
CXR0019,VietJet Air,1319693,12:40,27 thg 4,13:40,27 thg 4,1h 0m,CXR,0.0,7.0,23-04-2025
CXR0019,VietJet Air,1177050,12:40,27 thg 4,13:40,27 thg 4,1h 0m,CXR,0.0,7.0,24-04-2025
CXR0019,VietJet Air,1168073,12:40,27 thg 4,13:40,27 thg 4,1h 0m,CXR,0.0,7.0,25-04-2025
CXR0019,VietJet Air,1171065,12:40,27 thg 4,13:40,27 thg 4,1h 0m,CXR,0.0,7.0,26-04-2025
CXR0020,VietJet Air,1587011,12:40,28 thg 4,13:40,28 thg 4,1h 0m,CXR,0.0,7.0,08-04-2025
CXR0020,VietJet Air,1595980,12:40,28 thg 4,13:40,28 thg 4,1h 0m,CXR,0.0,7.0,09-04-2025
CXR0020,VietJet Air,1601000,12:40,28 thg 4,13:40,28 thg 4,1h 0m,CXR,0.0,7.0,10-04-2025
CXR0020,VietJet Air,1588020,12:40,28 thg 4,13:40,28 thg 4,1h 0m,CXR,0.0,7.0,11-04-2025
CXR0020,VietJet Air,1601000,12:40,28 thg 4,13:40,28 thg 4,1h 0m,CXR,0.0,7.0,12-04-2025
CXR0020,VietJet Air,1592995,12:40,28 thg 4,13:40,28 thg 4,1h 0m,CXR,0.0,7.0,13-04-2025
CXR0020,VietJet Air,1574055,12:40,28 thg 4,13:40,28 thg 4,1h 0m,CXR,0.0,7.0,14-04-2025
CXR0020,VietJet Air,1605975,12:40,28 thg 4,13:40,28 thg 4,1h 0m,CXR,0.0,7.0,15-04-2025
CXR0020,VietJet Air,1740176,12:40,28 thg 4,13:40,28 thg 4,1h 0m,CXR,0.0,7.0,16-04-2025
CXR0020,VietJet Air,1692758,12:40,28 thg 4,13:40,28 thg 4,1h 0m,CXR,0.0,7.0,17-04-2025
CXR0020,VietJet Air,1695750,12:40,28 thg 4,13:40,28 thg 4,1h 0m,CXR,0.0,7.0,18-04-2025
CXR0020,VietJet Air,1712708,12:40,28 thg 4,13:40,28 thg 4,1h 0m,CXR,0.0,7.0,20-04-2025
CXR0020,VietJet Air,1714703,12:40,28 thg 4,13:40,28 thg 4,1h 0m,CXR,0.0,7.0,21-04-2025
CXR0020,VietJet Air,1725675,12:40,28 thg 4,13:40,28 thg 4,1h 0m,CXR,0.0,7.0,22-04-2025
CXR0020,VietJet Air,1724678,12:40,28 thg 4,13:40,28 thg 4,1h 0m,CXR,0.0,7.0,23-04-2025
CXR0020,VietJet Air,1814453,12:40,28 thg 4,13:40,28 thg 4,1h 0m,CXR,0.0,7.0,24-04-2025
CXR0020,VietJet Air,1802483,12:40,28 thg 4,13:40,28 thg 4,1h 0m,CXR,0.0,7.0,25-04-2025
CXR0020,VietJet Air,1797495,12:40,28 thg 4,13:40,28 thg 4,1h 0m,CXR,0.0,7.0,26-04-2025
CXR0020,VietJet Air,1748618,12:40,28 thg 4,13:40,28 thg 4,1h 0m,CXR,0.0,7.0,27-04-2025
CXR0021,VietJet Air,1853685,12:40,29 thg 4,13:40,29 thg 4,1h 0m,CXR,0.0,7.0,09-04-2025
CXR0021,VietJet Air,1860000,12:40,29 thg 4,13:40,29 thg 4,1h 0m,CXR,0.0,7.0,10-04-2025
CXR0021,VietJet Air,1842740,12:40,29 thg 4,13:40,29 thg 4,1h 0m,CXR,0.0,7.0,11-04-2025
CXR0021,VietJet Air,1856000,12:40,29 thg 4,13:40,29 thg 4,1h 0m,CXR,0.0,7.0,12-04-2025
CXR0021,VietJet Air,1846720,12:40,29 thg 4,13:40,29 thg 4,1h 0m,CXR,0.0,7.0,13-04-2025
CXR0021,VietJet Air,1836398,12:40,29 thg 4,13:40,29 thg 4,1h 0m,CXR,0.0,7.0,14-04-2025
CXR0021,VietJet Air,1856348,12:40,29 thg 4,13:40,29 thg 4,1h 0m,CXR,0.0,7.0,15-04-2025
CXR0021,VietJet Air,1887541,12:40,29 thg 4,13:40,29 thg 4,1h 0m,CXR,0.0,7.0,16-04-2025
CXR0021,VietJet Air,1838393,12:40,29 thg 4,13:40,29 thg 4,1h 0m,CXR,0.0,7.0,17-04-2025
CXR0021,VietJet Air,1841385,12:40,29 thg 4,13:40,29 thg 4,1h 0m,CXR,0.0,7.0,18-04-2025
CXR0021,VietJet Air,1866323,12:40,29 thg 4,13:40,29 thg 4,1h 0m,CXR,0.0,7.0,19-04-2025
CXR0021,VietJet Air,1857345,12:40,29 thg 4,13:40,29 thg 4,1h 0m,CXR,0.0,7.0,20-04-2025
CXR0021,VietJet Air,1859340,12:40,29 thg 4,13:40,29 thg 4,1h 0m,CXR,0.0,7.0,21-04-2025
CXR0021,VietJet Air,1436400,12:40,29 thg 4,13:40,29 thg 4,1h 0m,CXR,0.0,7.0,22-04-2025
CXR0021,VietJet Air,1439393,12:40,29 thg 4,13:40,29 thg 4,1h 0m,CXR,0.0,7.0,23-04-2025
CXR0021,VietJet Air,1177050,12:40,29 thg 4,13:40,29 thg 4,1h 0m,CXR,0.0,7.0,24-04-2025
CXR0021,VietJet Air,1172063,12:40,29 thg 4,13:40,29 thg 4,1h 0m,CXR,0.0,7.0,25-04-2025
CXR0021,VietJet Air,1171065,12:40,29 thg 4,13:40,29 thg 4,1h 0m,CXR,0.0,7.0,26-04-2025
CXR0021,VietJet Air,1307723,12:40,29 thg 4,13:40,29 thg 4,1h 0m,CXR,0.0,7.0,27-04-2025
CXR0021,VietJet Air,1336650,12:40,29 thg 4,13:40,29 thg 4,1h 0m,CXR,0.0,7.0,28-04-2025
CXR0022,VietJet Air,1948118,12:40,30 thg 4,13:40,30 thg 4,1h 0m,CXR,0.0,7.0,24-04-2025
CXR0022,VietJet Air,1905225,12:40,30 thg 4,13:40,30 thg 4,1h 0m,CXR,0.0,7.0,27-04-2025
CXR0022,VietJet Air,1904228,12:40,30 thg 4,13:40,30 thg 4,1h 0m,CXR,0.0,7.0,28-04-2025
CXR0023,VietJet Air,1327673,12:55,06 thg 5,13:55,06 thg 5,1h 0m,CXR,0.0,7.0,05-05-2025
CXR0024,VietJet Air,1062338,12:55,07 thg 5,13:55,07 thg 5,1h 0m,CXR,0.0,7.0,06-05-2025
CXR0025,VietJet Air,838898,12:55,11 thg 5,13:55,11 thg 5,1h 0m,CXR,0.0,7.0,10-05-2025
CXR0026,VietJet Air,1163155,13:30,23 thg 4,14:30,23 thg 4,1h 0m,CXR,0.0,7.0,09-04-2025
CXR0026,VietJet Air,1167135,13:30,23 thg 4,14:30,23 thg 4,1h 0m,CXR,0.0,7.0,10-04-2025
CXR0026,VietJet Air,1161165,13:30,23 thg 4,14:30,23 thg 4,1h 0m,CXR,0.0,7.0,11-04-2025
CXR0026,VietJet Air,1161000,13:30,23 thg 4,14:30,23 thg 4,1h 0m,CXR,0.0,7.0,12-04-2025
CXR0026,VietJet Air,1163155,13:30,23 thg 4,14:30,23 thg 4,1h 0m,CXR,0.0,7.0,13-04-2025
CXR0026,VietJet Air,1137150,13:30,23 thg 4,14:30,23 thg 4,1h 0m,CXR,0.0,7.0,14-04-2025
CXR0026,VietJet Air,1140143,13:30,23 thg 4,14:30,23 thg 4,1h 0m,CXR,0.0,7.0,15-04-2025
CXR0026,VietJet Air,1180561,13:30,23 thg 4,14:30,23 thg 4,1h 0m,CXR,0.0,7.0,16-04-2025
CXR0026,VietJet Air,1139145,13:30,23 thg 4,14:30,23 thg 4,1h 0m,CXR,0.0,7.0,17-04-2025
CXR0026,VietJet Air,1139145,13:30,23 thg 4,14:30,23 thg 4,1h 0m,CXR,0.0,7.0,18-04-2025
CXR0026,VietJet Air,1165080,13:30,23 thg 4,14:30,23 thg 4,1h 0m,CXR,0.0,7.0,19-04-2025
CXR0026,VietJet Air,1171065,13:30,23 thg 4,14:30,23 thg 4,1h 0m,CXR,0.0,7.0,20-04-2025
CXR0026,VietJet Air,1171065,13:30,23 thg 4,14:30,23 thg 4,1h 0m,CXR,0.0,7.0,21-04-2025
CXR0026,VietJet Air,1752608,13:30,23 thg 4,14:30,23 thg 4,1h 0m,CXR,0.0,7.0,22-04-2025
CXR0027,VietJet Air,1281788,13:30,24 thg 4,14:30,24 thg 4,1h 0m,CXR,0.0,7.0,14-04-2025
CXR0027,VietJet Air,1286775,13:30,24 thg 4,14:30,24 thg 4,1h 0m,CXR,0.0,7.0,15-04-2025
CXR0027,VietJet Air,1327929,13:30,24 thg 4,14:30,24 thg 4,1h 0m,CXR,0.0,7.0,16-04-2025
CXR0027,VietJet Air,1283783,13:30,24 thg 4,14:30,24 thg 4,1h 0m,CXR,0.0,7.0,17-04-2025
CXR0027,VietJet Air,1285778,13:30,24 thg 4,14:30,24 thg 4,1h 0m,CXR,0.0,7.0,18-04-2025
CXR0027,VietJet Air,1313708,13:30,24 thg 4,14:30,24 thg 4,1h 0m,CXR,0.0,7.0,19-04-2025
CXR0027,VietJet Air,1300740,13:30,24 thg 4,14:30,24 thg 4,1h 0m,CXR,0.0,7.0,20-04-2025
CXR0027,VietJet Air,1306725,13:30,24 thg 4,14:30,24 thg 4,1h 0m,CXR,0.0,7.0,21-04-2025
CXR0027,VietJet Air,1171065,13:30,24 thg 4,14:30,24 thg 4,1h 0m,CXR,0.0,7.0,22-04-2025
CXR0027,VietJet Air,1187025,13:30,24 thg 4,14:30,24 thg 4,1h 0m,CXR,0.0,7.0,23-04-2025
CXR0028,VietJet Air,809970,14:00,09 thg 5,15:00,09 thg 5,1h 0m,CXR,0.0,7.0,01-05-2025
CXR0028,VietJet Air,812963,14:00,09 thg 5,15:00,09 thg 5,1h 0m,CXR,0.0,7.0,02-05-2025
CXR0028,VietJet Air,821940,14:00,09 thg 5,15:00,09 thg 5,1h 0m,CXR,0.0,7.0,03-05-2025
CXR0028,VietJet Air,801990,14:00,09 thg 5,15:00,09 thg 5,1h 0m,CXR,0.0,7.0,04-05-2025
CXR0028,VietJet Air,813960,14:00,09 thg 5,15:00,09 thg 5,1h 0m,CXR,0.0,7.0,05-05-2025
CXR0028,VietJet Air,811965,14:00,09 thg 5,15:00,09 thg 5,1h 0m,CXR,0.0,7.0,06-05-2025
CXR0028,VietJet Air,1029420,14:00,09 thg 5,15:00,09 thg 5,1h 0m,CXR,0.0,7.0,07-05-2025
CXR0028,VietJet Air,1064333,14:00,09 thg 5,15:00,09 thg 5,1h 0m,CXR,0.0,7.0,08-05-2025
CXR0028,VietJet Air,829920,14:00,09 thg 5,15:00,09 thg 5,1h 0m,CXR,0.0,7.0,24-04-2025
CXR0028,VietJet Air,831915,14:00,09 thg 5,15:00,09 thg 5,1h 0m,CXR,0.0,7.0,25-04-2025
CXR0028,VietJet Air,830918,14:00,09 thg 5,15:00,09 thg 5,1h 0m,CXR,0.0,7.0,26-04-2025
CXR0028,VietJet Air,828923,14:00,09 thg 5,15:00,09 thg 5,1h 0m,CXR,0.0,7.0,27-04-2025
CXR0028,VietJet Air,821940,14:00,09 thg 5,15:00,09 thg 5,1h 0m,CXR,0.0,7.0,28-04-2025
CXR0028,VietJet Air,825930,14:00,09 thg 5,15:00,09 thg 5,1h 0m,CXR,0.0,7.0,29-04-2025
CXR0028,VietJet Air,809970,14:00,09 thg 5,15:00,09 thg 5,1h 0m,CXR,0.0,7.0,30-04-2025
CXR0029,VietJet Air,809970,14:45,11 thg 5,15:45,11 thg 5,1h 0m,CXR,0.0,7.0,01-05-2025
CXR0029,VietJet Air,814958,14:45,11 thg 5,15:45,11 thg 5,1h 0m,CXR,0.0,7.0,02-05-2025
CXR0029,VietJet Air,821940,14:45,11 thg 5,15:45,11 thg 5,1h 0m,CXR,0.0,7.0,03-05-2025
CXR0029,VietJet Air,801990,14:45,11 thg 5,15:45,11 thg 5,1h 0m,CXR,0.0,7.0,04-05-2025
CXR0029,VietJet Air,813960,14:45,11 thg 5,15:45,11 thg 5,1h 0m,CXR,0.0,7.0,05-05-2025
CXR0029,VietJet Air,811965,14:45,11 thg 5,15:45,11 thg 5,1h 0m,CXR,0.0,7.0,06-05-2025
CXR0029,VietJet Air,811965,14:45,11 thg 5,15:45,11 thg 5,1h 0m,CXR,0.0,7.0,07-05-2025
CXR0029,VietJet Air,807975,14:45,11 thg 5,15:45,11 thg 5,1h 0m,CXR,0.0,7.0,08-05-2025
CXR0029,VietJet Air,804983,14:45,11 thg 5,15:45,11 thg 5,1h 0m,CXR,0.0,7.0,09-05-2025
CXR0029,VietJet Air,1937145,14:45,11 thg 5,15:45,11 thg 5,1h 0m,CXR,0.0,7.0,10-05-2025
CXR0029,VietJet Air,816953,14:45,11 thg 5,15:45,11 thg 5,1h 0m,CXR,0.0,7.0,26-04-2025
CXR0029,VietJet Air,828923,14:45,11 thg 5,15:45,11 thg 5,1h 0m,CXR,0.0,7.0,27-04-2025
CXR0029,VietJet Air,821940,14:45,11 thg 5,15:45,11 thg 5,1h 0m,CXR,0.0,7.0,28-04-2025
CXR0029,VietJet Air,825930,14:45,11 thg 5,15:45,11 thg 5,1h 0m,CXR,0.0,7.0,29-04-2025
CXR0029,VietJet Air,809970,14:45,11 thg 5,15:45,11 thg 5,1h 0m,CXR,0.0,7.0,30-04-2025
CXR0030,VietJet Air,1305440,15:50,21 thg 4,16:50,21 thg 4,1h 0m,CXR,0.0,7.0,07-04-2025
CXR0030,VietJet Air,814791,15:50,21 thg 4,16:50,21 thg 4,1h 0m,CXR,0.0,7.0,08-04-2025
CXR0030,VietJet Air,1312405,15:50,21 thg 4,16:50,21 thg 4,1h 0m,CXR,0.0,7.0,09-04-2025
CXR0030,VietJet Air,1303450,15:50,21 thg 4,16:50,21 thg 4,1h 0m,CXR,0.0,7.0,10-04-2025
CXR0030,VietJet Air,1302455,15:50,21 thg 4,16:50,21 thg 4,1h 0m,CXR,0.0,7.0,11-04-2025
CXR0030,VietJet Air,1305000,15:50,21 thg 4,16:50,21 thg 4,1h 0m,CXR,0.0,7.0,12-04-2025
CXR0030,VietJet Air,1307430,15:50,21 thg 4,16:50,21 thg 4,1h 0m,CXR,0.0,7.0,13-04-2025
CXR0030,VietJet Air,1281788,15:50,21 thg 4,16:50,21 thg 4,1h 0m,CXR,0.0,7.0,14-04-2025
CXR0030,VietJet Air,1284780,15:50,21 thg 4,16:50,21 thg 4,1h 0m,CXR,0.0,7.0,15-04-2025
CXR0030,VietJet Air,1327929,15:50,21 thg 4,16:50,21 thg 4,1h 0m,CXR,0.0,7.0,16-04-2025
CXR0030,VietJet Air,1284780,15:50,21 thg 4,16:50,21 thg 4,1h 0m,CXR,0.0,7.0,17-04-2025
CXR0030,VietJet Air,1285778,15:50,21 thg 4,16:50,21 thg 4,1h 0m,CXR,0.0,7.0,18-04-2025
CXR0030,VietJet Air,1313708,15:50,21 thg 4,16:50,21 thg 4,1h 0m,CXR,0.0,7.0,19-04-2025
CXR0030,VietJet Air,1304730,15:50,21 thg 4,16:50,21 thg 4,1h 0m,CXR,0.0,7.0,20-04-2025
CXR0031,VietJet Air,1892258,16:30,01 thg 5,17:30,01 thg 5,1h 0m,CXR,0.0,7.0,14-04-2025
CXR0031,VietJet Air,1431413,16:30,01 thg 5,17:30,01 thg 5,1h 0m,CXR,0.0,7.0,15-04-2025
CXR0031,VietJet Air,1327929,16:30,01 thg 5,17:30,01 thg 5,1h 0m,CXR,0.0,7.0,16-04-2025
CXR0031,VietJet Air,1283783,16:30,01 thg 5,17:30,01 thg 5,1h 0m,CXR,0.0,7.0,17-04-2025
CXR0031,VietJet Air,1285778,16:30,01 thg 5,17:30,01 thg 5,1h 0m,CXR,0.0,7.0,18-04-2025
CXR0031,VietJet Air,1306725,16:30,01 thg 5,17:30,01 thg 5,1h 0m,CXR,0.0,7.0,19-04-2025
CXR0031,VietJet Air,1304730,16:30,01 thg 5,17:30,01 thg 5,1h 0m,CXR,0.0,7.0,20-04-2025
CXR0031,VietJet Air,1306725,16:30,01 thg 5,17:30,01 thg 5,1h 0m,CXR,0.0,7.0,21-04-2025
CXR0031,VietJet Air,835905,16:30,01 thg 5,17:30,01 thg 5,1h 0m,CXR,0.0,7.0,22-04-2025
CXR0031,VietJet Air,836903,16:30,01 thg 5,17:30,01 thg 5,1h 0m,CXR,0.0,7.0,23-04-2025
CXR0032,VietJet Air,1898243,16:30,02 thg 5,17:30,02 thg 5,1h 0m,CXR,0.0,7.0,17-04-2025
CXR0032,VietJet Air,1285778,16:30,02 thg 5,17:30,02 thg 5,1h 0m,CXR,0.0,7.0,18-04-2025
CXR0033,VietJet Air,1892258,16:30,04 thg 5,17:30,04 thg 5,1h 0m,CXR,0.0,7.0,14-04-2025
CXR0033,VietJet Air,1026428,16:30,04 thg 5,17:30,04 thg 5,1h 0m,CXR,0.0,7.0,15-04-2025
CXR0033,VietJet Air,839148,16:30,04 thg 5,17:30,04 thg 5,1h 0m,CXR,0.0,7.0,16-04-2025
CXR0033,VietJet Air,817403,16:30,04 thg 5,17:30,04 thg 5,1h 0m,CXR,0.0,7.0,17-04-2025
CXR0033,VietJet Air,818157,16:30,04 thg 5,17:30,04 thg 5,1h 0m,CXR,0.0,7.0,18-04-2025
CXR0033,VietJet Air,827925,16:30,04 thg 5,17:30,04 thg 5,1h 0m,CXR,0.0,7.0,19-04-2025
CXR0033,VietJet Air,822938,16:30,04 thg 5,17:30,04 thg 5,1h 0m,CXR,0.0,7.0,20-04-2025
CXR0033,VietJet Air,827925,16:30,04 thg 5,17:30,04 thg 5,1h 0m,CXR,0.0,7.0,21-04-2025
CXR0034,VietJet Air,839148,16:30,06 thg 5,17:30,06 thg 5,1h 0m,CXR,0.0,7.0,16-04-2025
CXR0034,VietJet Air,817403,16:30,06 thg 5,17:30,06 thg 5,1h 0m,CXR,0.0,7.0,17-04-2025
CXR0034,VietJet Air,818157,16:30,06 thg 5,17:30,06 thg 5,1h 0m,CXR,0.0,7.0,18-04-2025
CXR0034,VietJet Air,827925,16:30,06 thg 5,17:30,06 thg 5,1h 0m,CXR,0.0,7.0,19-04-2025
CXR0034,VietJet Air,822938,16:30,06 thg 5,17:30,06 thg 5,1h 0m,CXR,0.0,7.0,20-04-2025
CXR0034,VietJet Air,839895,16:30,06 thg 5,17:30,06 thg 5,1h 0m,CXR,0.0,7.0,21-04-2025
CXR0035,VietJet Air,831915,16:30,10 thg 5,17:30,10 thg 5,1h 0m,CXR,0.0,7.0,24-04-2025
CXR0036,VietJet Air,829920,16:30,11 thg 5,17:30,11 thg 5,1h 0m,CXR,0.0,7.0,24-04-2025
CXR0036,VietJet Air,831915,16:30,11 thg 5,17:30,11 thg 5,1h 0m,CXR,0.0,7.0,25-04-2025
CXR0037,VietJet Air,816895,16:30,24 thg 4,17:30,24 thg 4,1h 0m,CXR,0.0,7.0,07-04-2025
CXR0037,VietJet Air,815781,16:30,24 thg 4,17:30,24 thg 4,1h 0m,CXR,0.0,7.0,08-04-2025
CXR0037,VietJet Air,820875,16:30,24 thg 4,17:30,24 thg 4,1h 0m,CXR,0.0,7.0,09-04-2025
CXR0037,VietJet Air,841000,16:30,24 thg 4,17:30,24 thg 4,1h 0m,CXR,0.0,7.0,10-04-2025
CXR0037,VietJet Air,821870,16:30,24 thg 4,17:30,24 thg 4,1h 0m,CXR,0.0,7.0,11-04-2025
CXR0037,VietJet Air,828000,16:30,24 thg 4,17:30,24 thg 4,1h 0m,CXR,0.0,7.0,12-04-2025
CXR0037,VietJet Air,824855,16:30,24 thg 4,17:30,24 thg 4,1h 0m,CXR,0.0,7.0,13-04-2025
CXR0037,VietJet Air,798000,16:30,24 thg 4,17:30,24 thg 4,1h 0m,CXR,0.0,7.0,14-04-2025
CXR0037,VietJet Air,810968,16:30,24 thg 4,17:30,24 thg 4,1h 0m,CXR,0.0,7.0,15-04-2025
CXR0037,VietJet Air,839148,16:30,24 thg 4,17:30,24 thg 4,1h 0m,CXR,0.0,7.0,16-04-2025
CXR0037,VietJet Air,798998,16:30,24 thg 4,17:30,24 thg 4,1h 0m,CXR,0.0,7.0,17-04-2025
CXR0037,VietJet Air,799995,16:30,24 thg 4,17:30,24 thg 4,1h 0m,CXR,0.0,7.0,18-04-2025
CXR0037,VietJet Air,827925,16:30,24 thg 4,17:30,24 thg 4,1h 0m,CXR,0.0,7.0,19-04-2025
CXR0037,VietJet Air,822938,16:30,24 thg 4,17:30,24 thg 4,1h 0m,CXR,0.0,7.0,20-04-2025
CXR0037,VietJet Air,835905,16:30,24 thg 4,17:30,24 thg 4,1h 0m,CXR,0.0,7.0,21-04-2025
CXR0037,VietJet Air,833910,16:30,24 thg 4,17:30,24 thg 4,1h 0m,CXR,0.0,7.0,22-04-2025
CXR0038,VietJet Air,1897878,16:30,25 thg 4,17:30,25 thg 4,1h 0m,CXR,0.0,7.0,08-04-2025
CXR0038,VietJet Air,820875,16:30,25 thg 4,17:30,25 thg 4,1h 0m,CXR,0.0,7.0,09-04-2025
CXR0038,VietJet Air,842000,16:30,25 thg 4,17:30,25 thg 4,1h 0m,CXR,0.0,7.0,10-04-2025
CXR0038,VietJet Air,821870,16:30,25 thg 4,17:30,25 thg 4,1h 0m,CXR,0.0,7.0,11-04-2025
CXR0038,VietJet Air,828000,16:30,25 thg 4,17:30,25 thg 4,1h 0m,CXR,0.0,7.0,12-04-2025
CXR0038,VietJet Air,824855,16:30,25 thg 4,17:30,25 thg 4,1h 0m,CXR,0.0,7.0,13-04-2025
CXR0038,VietJet Air,798998,16:30,25 thg 4,17:30,25 thg 4,1h 0m,CXR,0.0,7.0,14-04-2025
CXR0038,VietJet Air,825930,16:30,25 thg 4,17:30,25 thg 4,1h 0m,CXR,0.0,7.0,15-04-2025
CXR0038,VietJet Air,839148,16:30,25 thg 4,17:30,25 thg 4,1h 0m,CXR,0.0,7.0,16-04-2025
CXR0038,VietJet Air,798998,16:30,25 thg 4,17:30,25 thg 4,1h 0m,CXR,0.0,7.0,17-04-2025
CXR0038,VietJet Air,799995,16:30,25 thg 4,17:30,25 thg 4,1h 0m,CXR,0.0,7.0,18-04-2025
CXR0038,VietJet Air,827925,16:30,25 thg 4,17:30,25 thg 4,1h 0m,CXR,0.0,7.0,19-04-2025
CXR0038,VietJet Air,822938,16:30,25 thg 4,17:30,25 thg 4,1h 0m,CXR,0.0,7.0,20-04-2025
CXR0038,VietJet Air,822938,16:30,25 thg 4,17:30,25 thg 4,1h 0m,CXR,0.0,7.0,21-04-2025
CXR0038,VietJet Air,1306725,16:30,25 thg 4,17:30,25 thg 4,1h 0m,CXR,0.0,7.0,22-04-2025
CXR0038,VietJet Air,1327673,16:30,25 thg 4,17:30,25 thg 4,1h 0m,CXR,0.0,7.0,23-04-2025
CXR0038,VietJet Air,1343633,16:30,25 thg 4,17:30,25 thg 4,1h 0m,CXR,0.0,7.0,24-04-2025
CXR0039,VietJet Air,1426830,16:30,29 thg 4,17:30,29 thg 4,1h 0m,CXR,0.0,7.0,09-04-2025
CXR0039,VietJet Air,1436000,16:30,29 thg 4,17:30,29 thg 4,1h 0m,CXR,0.0,7.0,10-04-2025
CXR0039,VietJet Air,1422850,16:30,29 thg 4,17:30,29 thg 4,1h 0m,CXR,0.0,7.0,11-04-2025
CXR0039,VietJet Air,1427000,16:30,29 thg 4,17:30,29 thg 4,1h 0m,CXR,0.0,7.0,12-04-2025
CXR0039,VietJet Air,1423845,16:30,29 thg 4,17:30,29 thg 4,1h 0m,CXR,0.0,7.0,13-04-2025
CXR0039,VietJet Air,1399493,16:30,29 thg 4,17:30,29 thg 4,1h 0m,CXR,0.0,7.0,14-04-2025
CXR0039,VietJet Air,1431413,16:30,29 thg 4,17:30,29 thg 4,1h 0m,CXR,0.0,7.0,15-04-2025
CXR0039,VietJet Air,1327929,16:30,29 thg 4,17:30,29 thg 4,1h 0m,CXR,0.0,7.0,16-04-2025
CXR0039,VietJet Air,1283783,16:30,29 thg 4,17:30,29 thg 4,1h 0m,CXR,0.0,7.0,17-04-2025
CXR0039,VietJet Air,1285778,16:30,29 thg 4,17:30,29 thg 4,1h 0m,CXR,0.0,7.0,18-04-2025
CXR0039,VietJet Air,1432410,16:30,29 thg 4,17:30,29 thg 4,1h 0m,CXR,0.0,7.0,19-04-2025
CXR0039,VietJet Air,1419443,16:30,29 thg 4,17:30,29 thg 4,1h 0m,CXR,0.0,7.0,20-04-2025
CXR0039,VietJet Air,1432410,16:30,29 thg 4,17:30,29 thg 4,1h 0m,CXR,0.0,7.0,21-04-2025
CXR0039,VietJet Air,1436400,16:30,29 thg 4,17:30,29 thg 4,1h 0m,CXR,0.0,7.0,22-04-2025
CXR0039,VietJet Air,1439393,16:30,29 thg 4,17:30,29 thg 4,1h 0m,CXR,0.0,7.0,23-04-2025
CXR0039,VietJet Air,1177050,16:30,29 thg 4,17:30,29 thg 4,1h 0m,CXR,0.0,7.0,24-04-2025
CXR0039,VietJet Air,1172063,16:30,29 thg 4,17:30,29 thg 4,1h 0m,CXR,0.0,7.0,25-04-2025
CXR0039,VietJet Air,1171065,16:30,29 thg 4,17:30,29 thg 4,1h 0m,CXR,0.0,7.0,26-04-2025
CXR0039,VietJet Air,1159095,16:30,29 thg 4,17:30,29 thg 4,1h 0m,CXR,0.0,7.0,27-04-2025
CXR0039,VietJet Air,1336650,16:30,29 thg 4,17:30,29 thg 4,1h 0m,CXR,0.0,7.0,28-04-2025
CXR0040,VietJet Air,1718000,16:30,30 thg 4,17:30,30 thg 4,1h 0m,CXR,0.0,7.0,10-04-2025
CXR0040,VietJet Air,1709410,16:30,30 thg 4,17:30,30 thg 4,1h 0m,CXR,0.0,7.0,11-04-2025
CXR0040,VietJet Air,1716000,16:30,30 thg 4,17:30,30 thg 4,1h 0m,CXR,0.0,7.0,12-04-2025
CXR0040,VietJet Air,1709410,16:30,30 thg 4,17:30,30 thg 4,1h 0m,CXR,0.0,7.0,13-04-2025
CXR0040,VietJet Air,1690763,16:30,30 thg 4,17:30,30 thg 4,1h 0m,CXR,0.0,7.0,14-04-2025
CXR0040,VietJet Air,1715700,16:30,30 thg 4,17:30,30 thg 4,1h 0m,CXR,0.0,7.0,15-04-2025
CXR0040,VietJet Air,1751302,16:30,30 thg 4,17:30,30 thg 4,1h 0m,CXR,0.0,7.0,16-04-2025
CXR0040,VietJet Air,1693755,16:30,30 thg 4,17:30,30 thg 4,1h 0m,CXR,0.0,7.0,17-04-2025
CXR0040,VietJet Air,1695750,16:30,30 thg 4,17:30,30 thg 4,1h 0m,CXR,0.0,7.0,18-04-2025
CXR0040,VietJet Air,1728668,16:30,30 thg 4,17:30,30 thg 4,1h 0m,CXR,0.0,7.0,19-04-2025
CXR0040,VietJet Air,1720688,16:30,30 thg 4,17:30,30 thg 4,1h 0m,CXR,0.0,7.0,20-04-2025
CXR0040,VietJet Air,1721685,16:30,30 thg 4,17:30,30 thg 4,1h 0m,CXR,0.0,7.0,21-04-2025
CXR0040,VietJet Air,1725675,16:30,30 thg 4,17:30,30 thg 4,1h 0m,CXR,0.0,7.0,22-04-2025
CXR0040,VietJet Air,1725675,16:30,30 thg 4,17:30,30 thg 4,1h 0m,CXR,0.0,7.0,23-04-2025
CXR0040,VietJet Air,1724678,16:30,30 thg 4,17:30,30 thg 4,1h 0m,CXR,0.0,7.0,24-04-2025
CXR0040,VietJet Air,1712708,16:30,30 thg 4,17:30,30 thg 4,1h 0m,CXR,0.0,7.0,25-04-2025
CXR0040,VietJet Air,1711710,16:30,30 thg 4,17:30,30 thg 4,1h 0m,CXR,0.0,7.0,26-04-2025
CXR0040,VietJet Air,1694753,16:30,30 thg 4,17:30,30 thg 4,1h 0m,CXR,0.0,7.0,27-04-2025
CXR0040,VietJet Air,1689765,16:30,30 thg 4,17:30,30 thg 4,1h 0m,CXR,0.0,7.0,28-04-2025
CXR0040,VietJet Air,1747620,16:30,30 thg 4,17:30,30 thg 4,1h 0m,CXR,0.0,7.0,29-04-2025
CXR0041,VietJet Air,1892258,17:00,04 thg 5,18:00,04 thg 5,1h 0m,CXR,0.0,7.0,14-04-2025
CXR0041,VietJet Air,1026428,17:00,04 thg 5,18:00,04 thg 5,1h 0m,CXR,0.0,7.0,15-04-2025
CXR0041,VietJet Air,839148,17:00,04 thg 5,18:00,04 thg 5,1h 0m,CXR,0.0,7.0,16-04-2025
CXR0041,VietJet Air,817403,17:00,04 thg 5,18:00,04 thg 5,1h 0m,CXR,0.0,7.0,17-04-2025
CXR0041,VietJet Air,818157,17:00,04 thg 5,18:00,04 thg 5,1h 0m,CXR,0.0,7.0,18-04-2025
CXR0041,VietJet Air,827925,17:00,04 thg 5,18:00,04 thg 5,1h 0m,CXR,0.0,7.0,19-04-2025
CXR0041,VietJet Air,822938,17:00,04 thg 5,18:00,04 thg 5,1h 0m,CXR,0.0,7.0,20-04-2025
CXR0041,VietJet Air,835905,17:00,04 thg 5,18:00,04 thg 5,1h 0m,CXR,0.0,7.0,21-04-2025
CXR0042,VietJet Air,831915,17:00,10 thg 5,18:00,10 thg 5,1h 0m,CXR,0.0,7.0,24-04-2025
CXR0043,VietJet Air,1905126,17:00,21 thg 4,18:00,21 thg 4,1h 0m,CXR,0.0,7.0,21-04-2025
CXR0044,VietJet Air,816895,17:00,24 thg 4,18:00,24 thg 4,1h 0m,CXR,0.0,7.0,07-04-2025
CXR0044,VietJet Air,815781,17:00,24 thg 4,18:00,24 thg 4,1h 0m,CXR,0.0,7.0,08-04-2025
CXR0044,VietJet Air,820875,17:00,24 thg 4,18:00,24 thg 4,1h 0m,CXR,0.0,7.0,09-04-2025
CXR0044,VietJet Air,841000,17:00,24 thg 4,18:00,24 thg 4,1h 0m,CXR,0.0,7.0,10-04-2025
CXR0044,VietJet Air,821870,17:00,24 thg 4,18:00,24 thg 4,1h 0m,CXR,0.0,7.0,11-04-2025
CXR0044,VietJet Air,828000,17:00,24 thg 4,18:00,24 thg 4,1h 0m,CXR,0.0,7.0,12-04-2025
CXR0044,VietJet Air,824855,17:00,24 thg 4,18:00,24 thg 4,1h 0m,CXR,0.0,7.0,13-04-2025
CXR0044,VietJet Air,798000,17:00,24 thg 4,18:00,24 thg 4,1h 0m,CXR,0.0,7.0,14-04-2025
CXR0044,VietJet Air,810968,17:00,24 thg 4,18:00,24 thg 4,1h 0m,CXR,0.0,7.0,15-04-2025
CXR0044,VietJet Air,839148,17:00,24 thg 4,18:00,24 thg 4,1h 0m,CXR,0.0,7.0,16-04-2025
CXR0044,VietJet Air,798998,17:00,24 thg 4,18:00,24 thg 4,1h 0m,CXR,0.0,7.0,17-04-2025
CXR0044,VietJet Air,799995,17:00,24 thg 4,18:00,24 thg 4,1h 0m,CXR,0.0,7.0,18-04-2025
CXR0044,VietJet Air,827925,17:00,24 thg 4,18:00,24 thg 4,1h 0m,CXR,0.0,7.0,19-04-2025
CXR0044,VietJet Air,822938,17:00,24 thg 4,18:00,24 thg 4,1h 0m,CXR,0.0,7.0,20-04-2025
CXR0044,VietJet Air,835905,17:00,24 thg 4,18:00,24 thg 4,1h 0m,CXR,0.0,7.0,21-04-2025
CXR0044,VietJet Air,833910,17:00,24 thg 4,18:00,24 thg 4,1h 0m,CXR,0.0,7.0,22-04-2025
CXR0045,VietJet Air,1426830,17:00,29 thg 4,18:00,29 thg 4,1h 0m,CXR,0.0,7.0,09-04-2025
CXR0045,VietJet Air,1436000,17:00,29 thg 4,18:00,29 thg 4,1h 0m,CXR,0.0,7.0,10-04-2025
CXR0045,VietJet Air,1422850,17:00,29 thg 4,18:00,29 thg 4,1h 0m,CXR,0.0,7.0,11-04-2025
CXR0045,VietJet Air,1427000,17:00,29 thg 4,18:00,29 thg 4,1h 0m,CXR,0.0,7.0,12-04-2025
CXR0045,VietJet Air,1423845,17:00,29 thg 4,18:00,29 thg 4,1h 0m,CXR,0.0,7.0,13-04-2025
CXR0045,VietJet Air,1399493,17:00,29 thg 4,18:00,29 thg 4,1h 0m,CXR,0.0,7.0,14-04-2025
CXR0045,VietJet Air,1431413,17:00,29 thg 4,18:00,29 thg 4,1h 0m,CXR,0.0,7.0,15-04-2025
CXR0045,VietJet Air,1327929,17:00,29 thg 4,18:00,29 thg 4,1h 0m,CXR,0.0,7.0,16-04-2025
CXR0045,VietJet Air,1283783,17:00,29 thg 4,18:00,29 thg 4,1h 0m,CXR,0.0,7.0,17-04-2025
CXR0045,VietJet Air,1285778,17:00,29 thg 4,18:00,29 thg 4,1h 0m,CXR,0.0,7.0,18-04-2025
CXR0045,VietJet Air,1309718,17:00,29 thg 4,18:00,29 thg 4,1h 0m,CXR,0.0,7.0,19-04-2025
CXR0045,VietJet Air,1419443,17:00,29 thg 4,18:00,29 thg 4,1h 0m,CXR,0.0,7.0,20-04-2025
CXR0045,VietJet Air,1432410,17:00,29 thg 4,18:00,29 thg 4,1h 0m,CXR,0.0,7.0,21-04-2025
CXR0045,VietJet Air,1436400,17:00,29 thg 4,18:00,29 thg 4,1h 0m,CXR,0.0,7.0,22-04-2025
CXR0045,VietJet Air,1439393,17:00,29 thg 4,18:00,29 thg 4,1h 0m,CXR,0.0,7.0,23-04-2025
CXR0045,VietJet Air,1177050,17:00,29 thg 4,18:00,29 thg 4,1h 0m,CXR,0.0,7.0,24-04-2025
CXR0045,VietJet Air,1172063,17:00,29 thg 4,18:00,29 thg 4,1h 0m,CXR,0.0,7.0,25-04-2025
CXR0045,VietJet Air,1171065,17:00,29 thg 4,18:00,29 thg 4,1h 0m,CXR,0.0,7.0,26-04-2025
CXR0045,VietJet Air,1159095,17:00,29 thg 4,18:00,29 thg 4,1h 0m,CXR,0.0,7.0,27-04-2025
CXR0046,VietJet Air,1436400,17:05,29 thg 4,18:05,29 thg 4,1h 0m,CXR,0.0,7.0,22-04-2025
CXR0046,VietJet Air,1439393,17:05,29 thg 4,18:05,29 thg 4,1h 0m,CXR,0.0,7.0,23-04-2025
CXR0046,VietJet Air,1177050,17:05,29 thg 4,18:05,29 thg 4,1h 0m,CXR,0.0,7.0,24-04-2025
CXR0046,VietJet Air,1172063,17:05,29 thg 4,18:05,29 thg 4,1h 0m,CXR,0.0,7.0,25-04-2025
CXR0046,VietJet Air,1171065,17:05,29 thg 4,18:05,29 thg 4,1h 0m,CXR,0.0,7.0,26-04-2025
CXR0046,VietJet Air,1159095,17:05,29 thg 4,18:05,29 thg 4,1h 0m,CXR,0.0,7.0,27-04-2025
CXR0047,VietJet Air,1191015,17:15,29 thg 4,18:15,29 thg 4,1h 0m,CXR,0.0,7.0,28-04-2025
CXR0048,VietJet Air,1191015,17:20,29 thg 4,18:15,29 thg 4,55m,CXR,0.0,7.0,28-04-2025
CXR0049,VietJet Air,809970,17:40,04 thg 5,18:40,04 thg 5,1h 0m,CXR,0.0,7.0,01-05-2025
CXR0049,VietJet Air,814958,17:40,04 thg 5,18:40,04 thg 5,1h 0m,CXR,0.0,7.0,02-05-2025
CXR0049,VietJet Air,1065330,17:40,04 thg 5,18:40,04 thg 5,1h 0m,CXR,0.0,7.0,03-05-2025
CXR0049,VietJet Air,1026428,17:40,04 thg 5,18:40,04 thg 5,1h 0m,CXR,0.0,7.0,15-04-2025
CXR0049,VietJet Air,839148,17:40,04 thg 5,18:40,04 thg 5,1h 0m,CXR,0.0,7.0,16-04-2025
CXR0049,VietJet Air,817403,17:40,04 thg 5,18:40,04 thg 5,1h 0m,CXR,0.0,7.0,17-04-2025
CXR0049,VietJet Air,818157,17:40,04 thg 5,18:40,04 thg 5,1h 0m,CXR,0.0,7.0,18-04-2025
CXR0049,VietJet Air,827925,17:40,04 thg 5,18:40,04 thg 5,1h 0m,CXR,0.0,7.0,19-04-2025
CXR0049,VietJet Air,822938,17:40,04 thg 5,18:40,04 thg 5,1h 0m,CXR,0.0,7.0,20-04-2025
CXR0049,VietJet Air,827925,17:40,04 thg 5,18:40,04 thg 5,1h 0m,CXR,0.0,7.0,21-04-2025
CXR0049,VietJet Air,833910,17:40,04 thg 5,18:40,04 thg 5,1h 0m,CXR,0.0,7.0,22-04-2025
CXR0049,VietJet Air,836903,17:40,04 thg 5,18:40,04 thg 5,1h 0m,CXR,0.0,7.0,23-04-2025
CXR0049,VietJet Air,829920,17:40,04 thg 5,18:40,04 thg 5,1h 0m,CXR,0.0,7.0,24-04-2025
CXR0049,VietJet Air,831915,17:40,04 thg 5,18:40,04 thg 5,1h 0m,CXR,0.0,7.0,25-04-2025
CXR0049,VietJet Air,830918,17:40,04 thg 5,18:40,04 thg 5,1h 0m,CXR,0.0,7.0,26-04-2025
CXR0049,VietJet Air,828923,17:40,04 thg 5,18:40,04 thg 5,1h 0m,CXR,0.0,7.0,27-04-2025
CXR0049,VietJet Air,821940,17:40,04 thg 5,18:40,04 thg 5,1h 0m,CXR,0.0,7.0,28-04-2025
CXR0049,VietJet Air,825930,17:40,04 thg 5,18:40,04 thg 5,1h 0m,CXR,0.0,7.0,29-04-2025
CXR0049,VietJet Air,809970,17:40,04 thg 5,18:40,04 thg 5,1h 0m,CXR,0.0,7.0,30-04-2025
CXR0050,VietJet Air,839148,19:00,06 thg 5,20:00,06 thg 5,1h 0m,CXR,0.0,7.0,16-04-2025
CXR0050,VietJet Air,817403,19:00,06 thg 5,20:00,06 thg 5,1h 0m,CXR,0.0,7.0,17-04-2025
CXR0050,VietJet Air,818157,19:00,06 thg 5,20:00,06 thg 5,1h 0m,CXR,0.0,7.0,18-04-2025
CXR0051,VietJet Air,829920,19:40,11 thg 5,20:40,11 thg 5,1h 0m,CXR,0.0,7.0,24-04-2025
CXR0051,VietJet Air,858848,19:40,11 thg 5,20:40,11 thg 5,1h 0m,CXR,0.0,7.0,25-04-2025
CXR0052,VietJet Air,806978,19:45,03 thg 5,20:45,03 thg 5,1h 0m,CXR,0.0,7.0,01-05-2025
CXR0052,VietJet Air,825930,19:45,03 thg 5,20:45,03 thg 5,1h 0m,CXR,0.0,7.0,02-05-2025
CXR0052,VietJet Air,1154907,19:45,03 thg 5,20:45,03 thg 5,1h 0m,CXR,0.0,7.0,14-04-2025
CXR0052,VietJet Air,1052363,19:45,03 thg 5,20:45,03 thg 5,1h 0m,CXR,0.0,7.0,15-04-2025
CXR0052,VietJet Air,839148,19:45,03 thg 5,20:45,03 thg 5,1h 0m,CXR,0.0,7.0,16-04-2025
CXR0052,VietJet Air,817403,19:45,03 thg 5,20:45,03 thg 5,1h 0m,CXR,0.0,7.0,17-04-2025
CXR0052,VietJet Air,799995,19:45,03 thg 5,20:45,03 thg 5,1h 0m,CXR,0.0,7.0,18-04-2025
CXR0052,VietJet Air,1057350,19:45,03 thg 5,20:45,03 thg 5,1h 0m,CXR,0.0,7.0,19-04-2025
CXR0052,VietJet Air,1056353,19:45,03 thg 5,20:45,03 thg 5,1h 0m,CXR,0.0,7.0,20-04-2025
CXR0052,VietJet Air,1061340,19:45,03 thg 5,20:45,03 thg 5,1h 0m,CXR,0.0,7.0,21-04-2025
CXR0052,VietJet Air,835905,19:45,03 thg 5,20:45,03 thg 5,1h 0m,CXR,0.0,7.0,22-04-2025
CXR0052,VietJet Air,836903,19:45,03 thg 5,20:45,03 thg 5,1h 0m,CXR,0.0,7.0,23-04-2025
CXR0052,VietJet Air,829920,19:45,03 thg 5,20:45,03 thg 5,1h 0m,CXR,0.0,7.0,24-04-2025
CXR0052,VietJet Air,831915,19:45,03 thg 5,20:45,03 thg 5,1h 0m,CXR,0.0,7.0,25-04-2025
CXR0052,VietJet Air,830918,19:45,03 thg 5,20:45,03 thg 5,1h 0m,CXR,0.0,7.0,26-04-2025
CXR0052,VietJet Air,828923,19:45,03 thg 5,20:45,03 thg 5,1h 0m,CXR,0.0,7.0,27-04-2025
CXR0052,VietJet Air,821940,19:45,03 thg 5,20:45,03 thg 5,1h 0m,CXR,0.0,7.0,28-04-2025
CXR0052,VietJet Air,825930,19:45,03 thg 5,20:45,03 thg 5,1h 0m,CXR,0.0,7.0,29-04-2025
CXR0052,VietJet Air,809970,19:45,03 thg 5,20:45,03 thg 5,1h 0m,CXR,0.0,7.0,30-04-2025
CXR0053,VietJet Air,816895,19:45,24 thg 4,20:45,24 thg 4,1h 0m,CXR,0.0,7.0,07-04-2025
CXR0053,VietJet Air,815781,19:45,24 thg 4,20:45,24 thg 4,1h 0m,CXR,0.0,7.0,08-04-2025
CXR0053,VietJet Air,820875,19:45,24 thg 4,20:45,24 thg 4,1h 0m,CXR,0.0,7.0,09-04-2025
CXR0053,VietJet Air,841000,19:45,24 thg 4,20:45,24 thg 4,1h 0m,CXR,0.0,7.0,10-04-2025
CXR0053,VietJet Air,821870,19:45,24 thg 4,20:45,24 thg 4,1h 0m,CXR,0.0,7.0,11-04-2025
CXR0053,VietJet Air,828000,19:45,24 thg 4,20:45,24 thg 4,1h 0m,CXR,0.0,7.0,12-04-2025
CXR0053,VietJet Air,824855,19:45,24 thg 4,20:45,24 thg 4,1h 0m,CXR,0.0,7.0,13-04-2025
CXR0053,VietJet Air,798000,19:45,24 thg 4,20:45,24 thg 4,1h 0m,CXR,0.0,7.0,14-04-2025
CXR0053,VietJet Air,810968,19:45,24 thg 4,20:45,24 thg 4,1h 0m,CXR,0.0,7.0,15-04-2025
CXR0053,VietJet Air,839148,19:45,24 thg 4,20:45,24 thg 4,1h 0m,CXR,0.0,7.0,16-04-2025
CXR0053,VietJet Air,798998,19:45,24 thg 4,20:45,24 thg 4,1h 0m,CXR,0.0,7.0,17-04-2025
CXR0053,VietJet Air,799995,19:45,24 thg 4,20:45,24 thg 4,1h 0m,CXR,0.0,7.0,18-04-2025
CXR0053,VietJet Air,827925,19:45,24 thg 4,20:45,24 thg 4,1h 0m,CXR,0.0,7.0,19-04-2025
CXR0053,VietJet Air,822938,19:45,24 thg 4,20:45,24 thg 4,1h 0m,CXR,0.0,7.0,20-04-2025
CXR0053,VietJet Air,835905,19:45,24 thg 4,20:45,24 thg 4,1h 0m,CXR,0.0,7.0,21-04-2025
CXR0053,VietJet Air,833910,19:45,24 thg 4,20:45,24 thg 4,1h 0m,CXR,0.0,7.0,22-04-2025
CXR0053,VietJet Air,1064333,19:45,24 thg 4,20:45,24 thg 4,1h 0m,CXR,0.0,7.0,23-04-2025
CXR0054,VietJet Air,1426830,19:45,29 thg 4,20:45,29 thg 4,1h 0m,CXR,0.0,7.0,09-04-2025
CXR0054,VietJet Air,1436000,19:45,29 thg 4,20:45,29 thg 4,1h 0m,CXR,0.0,7.0,10-04-2025
CXR0054,VietJet Air,1422850,19:45,29 thg 4,20:45,29 thg 4,1h 0m,CXR,0.0,7.0,11-04-2025
CXR0054,VietJet Air,1427000,19:45,29 thg 4,20:45,29 thg 4,1h 0m,CXR,0.0,7.0,12-04-2025
CXR0054,VietJet Air,1423845,19:45,29 thg 4,20:45,29 thg 4,1h 0m,CXR,0.0,7.0,13-04-2025
CXR0054,VietJet Air,1399493,19:45,29 thg 4,20:45,29 thg 4,1h 0m,CXR,0.0,7.0,14-04-2025
CXR0054,VietJet Air,1431413,19:45,29 thg 4,20:45,29 thg 4,1h 0m,CXR,0.0,7.0,15-04-2025
CXR0054,VietJet Air,1327929,19:45,29 thg 4,20:45,29 thg 4,1h 0m,CXR,0.0,7.0,16-04-2025
CXR0054,VietJet Air,1400490,19:45,29 thg 4,20:45,29 thg 4,1h 0m,CXR,0.0,7.0,17-04-2025
CXR0054,VietJet Air,1402485,19:45,29 thg 4,20:45,29 thg 4,1h 0m,CXR,0.0,7.0,18-04-2025
CXR0054,VietJet Air,1432410,19:45,29 thg 4,20:45,29 thg 4,1h 0m,CXR,0.0,7.0,19-04-2025
CXR0054,VietJet Air,1419443,19:45,29 thg 4,20:45,29 thg 4,1h 0m,CXR,0.0,7.0,20-04-2025
CXR0054,VietJet Air,1584629,19:45,29 thg 4,20:45,29 thg 4,1h 0m,CXR,0.0,7.0,21-04-2025
CXR0055,VietJet Air,817890,19:50,27 thg 4,20:50,27 thg 4,1h 0m,CXR,0.0,7.0,07-04-2025
CXR0055,VietJet Air,833602,19:50,27 thg 4,20:50,27 thg 4,1h 0m,CXR,0.0,7.0,08-04-2025
CXR0055,VietJet Air,814905,19:50,27 thg 4,20:50,27 thg 4,1h 0m,CXR,0.0,7.0,09-04-2025
CXR0055,VietJet Air,841000,19:50,27 thg 4,20:50,27 thg 4,1h 0m,CXR,0.0,7.0,10-04-2025
CXR0055,VietJet Air,820875,19:50,27 thg 4,20:50,27 thg 4,1h 0m,CXR,0.0,7.0,11-04-2025
CXR0055,VietJet Air,828000,19:50,27 thg 4,20:50,27 thg 4,1h 0m,CXR,0.0,7.0,12-04-2025
CXR0055,VietJet Air,824855,19:50,27 thg 4,20:50,27 thg 4,1h 0m,CXR,0.0,7.0,13-04-2025
CXR0055,VietJet Air,798000,19:50,27 thg 4,20:50,27 thg 4,1h 0m,CXR,0.0,7.0,14-04-2025
CXR0055,VietJet Air,800993,19:50,27 thg 4,20:50,27 thg 4,1h 0m,CXR,0.0,7.0,15-04-2025
CXR0055,VietJet Air,839148,19:50,27 thg 4,20:50,27 thg 4,1h 0m,CXR,0.0,7.0,16-04-2025
CXR0055,VietJet Air,798998,19:50,27 thg 4,20:50,27 thg 4,1h 0m,CXR,0.0,7.0,17-04-2025
CXR0055,VietJet Air,799995,19:50,27 thg 4,20:50,27 thg 4,1h 0m,CXR,0.0,7.0,18-04-2025
CXR0055,VietJet Air,827925,19:50,27 thg 4,20:50,27 thg 4,1h 0m,CXR,0.0,7.0,19-04-2025
CXR0055,VietJet Air,822938,19:50,27 thg 4,20:50,27 thg 4,1h 0m,CXR,0.0,7.0,20-04-2025
CXR0055,VietJet Air,835905,19:50,27 thg 4,20:50,27 thg 4,1h 0m,CXR,0.0,7.0,21-04-2025
CXR0055,VietJet Air,833910,19:50,27 thg 4,20:50,27 thg 4,1h 0m,CXR,0.0,7.0,22-04-2025
CXR0055,VietJet Air,836903,19:50,27 thg 4,20:50,27 thg 4,1h 0m,CXR,0.0,7.0,23-04-2025
CXR0055,VietJet Air,829920,19:50,27 thg 4,20:50,27 thg 4,1h 0m,CXR,0.0,7.0,24-04-2025
CXR0055,VietJet Air,831915,19:50,27 thg 4,20:50,27 thg 4,1h 0m,CXR,0.0,7.0,25-04-2025
CXR0055,VietJet Air,830918,19:50,27 thg 4,20:50,27 thg 4,1h 0m,CXR,0.0,7.0,26-04-2025
CXR0056,VietJet Air,1892258,19:55,02 thg 5,20:55,02 thg 5,1h 0m,CXR,0.0,7.0,14-04-2025
CXR0056,VietJet Air,1399493,19:55,02 thg 5,20:55,02 thg 5,1h 0m,CXR,0.0,7.0,15-04-2025
CXR0056,VietJet Air,1327929,19:55,02 thg 5,20:55,02 thg 5,1h 0m,CXR,0.0,7.0,16-04-2025
CXR0056,VietJet Air,1284780,19:55,02 thg 5,20:55,02 thg 5,1h 0m,CXR,0.0,7.0,17-04-2025
CXR0056,VietJet Air,1285778,19:55,02 thg 5,20:55,02 thg 5,1h 0m,CXR,0.0,7.0,18-04-2025
CXR0057,VietJet Air,817403,19:55,07 thg 5,20:55,07 thg 5,1h 0m,CXR,0.0,7.0,17-04-2025
CXR0057,VietJet Air,818157,19:55,07 thg 5,20:55,07 thg 5,1h 0m,CXR,0.0,7.0,18-04-2025
CXR0058,VietJet Air,1163085,20:00,02 thg 5,21:00,02 thg 5,1h 0m,CXR,0.0,7.0,01-05-2025
CXR0058,VietJet Air,1892258,20:00,02 thg 5,21:00,02 thg 5,1h 0m,CXR,0.0,7.0,14-04-2025
CXR0058,VietJet Air,1399493,20:00,02 thg 5,21:00,02 thg 5,1h 0m,CXR,0.0,7.0,15-04-2025
CXR0058,VietJet Air,1327929,20:00,02 thg 5,21:00,02 thg 5,1h 0m,CXR,0.0,7.0,16-04-2025
CXR0058,VietJet Air,1284780,20:00,02 thg 5,21:00,02 thg 5,1h 0m,CXR,0.0,7.0,17-04-2025
CXR0058,VietJet Air,1285778,20:00,02 thg 5,21:00,02 thg 5,1h 0m,CXR,0.0,7.0,18-04-2025
CXR0058,VietJet Air,1306725,20:00,02 thg 5,21:00,02 thg 5,1h 0m,CXR,0.0,7.0,19-04-2025
CXR0058,VietJet Air,1300740,20:00,02 thg 5,21:00,02 thg 5,1h 0m,CXR,0.0,7.0,20-04-2025
CXR0058,VietJet Air,1306725,20:00,02 thg 5,21:00,02 thg 5,1h 0m,CXR,0.0,7.0,21-04-2025
CXR0058,VietJet Air,835905,20:00,02 thg 5,21:00,02 thg 5,1h 0m,CXR,0.0,7.0,22-04-2025
CXR0058,VietJet Air,836903,20:00,02 thg 5,21:00,02 thg 5,1h 0m,CXR,0.0,7.0,23-04-2025
CXR0058,VietJet Air,829920,20:00,02 thg 5,21:00,02 thg 5,1h 0m,CXR,0.0,7.0,24-04-2025
CXR0058,VietJet Air,831915,20:00,02 thg 5,21:00,02 thg 5,1h 0m,CXR,0.0,7.0,25-04-2025
CXR0058,VietJet Air,830918,20:00,02 thg 5,21:00,02 thg 5,1h 0m,CXR,0.0,7.0,26-04-2025
CXR0058,VietJet Air,828923,20:00,02 thg 5,21:00,02 thg 5,1h 0m,CXR,0.0,7.0,27-04-2025
CXR0058,VietJet Air,821940,20:00,02 thg 5,21:00,02 thg 5,1h 0m,CXR,0.0,7.0,28-04-2025
CXR0058,VietJet Air,825930,20:00,02 thg 5,21:00,02 thg 5,1h 0m,CXR,0.0,7.0,29-04-2025
CXR0058,VietJet Air,809970,20:00,02 thg 5,21:00,02 thg 5,1h 0m,CXR,0.0,7.0,30-04-2025
CXR0059,VietJet Air,809970,20:00,05 thg 5,21:00,05 thg 5,1h 0m,CXR,0.0,7.0,01-05-2025
CXR0059,VietJet Air,814958,20:00,05 thg 5,21:00,05 thg 5,1h 0m,CXR,0.0,7.0,02-05-2025
CXR0059,VietJet Air,817950,20:00,05 thg 5,21:00,05 thg 5,1h 0m,CXR,0.0,7.0,03-05-2025
CXR0059,VietJet Air,801990,20:00,05 thg 5,21:00,05 thg 5,1h 0m,CXR,0.0,7.0,04-05-2025
CXR0059,VietJet Air,817467,20:00,05 thg 5,21:00,05 thg 5,1h 0m,CXR,0.0,7.0,15-04-2025
CXR0059,VietJet Air,839148,20:00,05 thg 5,21:00,05 thg 5,1h 0m,CXR,0.0,7.0,16-04-2025
CXR0059,VietJet Air,817403,20:00,05 thg 5,21:00,05 thg 5,1h 0m,CXR,0.0,7.0,17-04-2025
CXR0059,VietJet Air,818157,20:00,05 thg 5,21:00,05 thg 5,1h 0m,CXR,0.0,7.0,18-04-2025
CXR0059,VietJet Air,827925,20:00,05 thg 5,21:00,05 thg 5,1h 0m,CXR,0.0,7.0,19-04-2025
CXR0059,VietJet Air,822938,20:00,05 thg 5,21:00,05 thg 5,1h 0m,CXR,0.0,7.0,20-04-2025
CXR0059,VietJet Air,835905,20:00,05 thg 5,21:00,05 thg 5,1h 0m,CXR,0.0,7.0,21-04-2025
CXR0059,VietJet Air,833910,20:00,05 thg 5,21:00,05 thg 5,1h 0m,CXR,0.0,7.0,22-04-2025
CXR0059,VietJet Air,836903,20:00,05 thg 5,21:00,05 thg 5,1h 0m,CXR,0.0,7.0,23-04-2025
CXR0059,VietJet Air,829920,20:00,05 thg 5,21:00,05 thg 5,1h 0m,CXR,0.0,7.0,24-04-2025
CXR0059,VietJet Air,831915,20:00,05 thg 5,21:00,05 thg 5,1h 0m,CXR,0.0,7.0,25-04-2025
CXR0059,VietJet Air,830918,20:00,05 thg 5,21:00,05 thg 5,1h 0m,CXR,0.0,7.0,26-04-2025
CXR0059,VietJet Air,828923,20:00,05 thg 5,21:00,05 thg 5,1h 0m,CXR,0.0,7.0,27-04-2025
CXR0059,VietJet Air,821940,20:00,05 thg 5,21:00,05 thg 5,1h 0m,CXR,0.0,7.0,28-04-2025
CXR0059,VietJet Air,825930,20:00,05 thg 5,21:00,05 thg 5,1h 0m,CXR,0.0,7.0,29-04-2025
CXR0059,VietJet Air,809970,20:00,05 thg 5,21:00,05 thg 5,1h 0m,CXR,0.0,7.0,30-04-2025
CXR0060,VietJet Air,809970,20:00,07 thg 5,21:00,07 thg 5,1h 0m,CXR,0.0,7.0,01-05-2025
CXR0060,VietJet Air,814958,20:00,07 thg 5,21:00,07 thg 5,1h 0m,CXR,0.0,7.0,02-05-2025
CXR0060,VietJet Air,817950,20:00,07 thg 5,21:00,07 thg 5,1h 0m,CXR,0.0,7.0,03-05-2025
CXR0060,VietJet Air,801990,20:00,07 thg 5,21:00,07 thg 5,1h 0m,CXR,0.0,7.0,04-05-2025
CXR0060,VietJet Air,813960,20:00,07 thg 5,21:00,07 thg 5,1h 0m,CXR,0.0,7.0,05-05-2025
CXR0060,VietJet Air,810968,20:00,07 thg 5,21:00,07 thg 5,1h 0m,CXR,0.0,7.0,06-05-2025
CXR0060,VietJet Air,817403,20:00,07 thg 5,21:00,07 thg 5,1h 0m,CXR,0.0,7.0,17-04-2025
CXR0060,VietJet Air,818157,20:00,07 thg 5,21:00,07 thg 5,1h 0m,CXR,0.0,7.0,18-04-2025
CXR0060,VietJet Air,827925,20:00,07 thg 5,21:00,07 thg 5,1h 0m,CXR,0.0,7.0,19-04-2025
CXR0060,VietJet Air,822938,20:00,07 thg 5,21:00,07 thg 5,1h 0m,CXR,0.0,7.0,20-04-2025
CXR0060,VietJet Air,839895,20:00,07 thg 5,21:00,07 thg 5,1h 0m,CXR,0.0,7.0,21-04-2025
CXR0060,VietJet Air,835905,20:00,07 thg 5,21:00,07 thg 5,1h 0m,CXR,0.0,7.0,22-04-2025
CXR0060,VietJet Air,836903,20:00,07 thg 5,21:00,07 thg 5,1h 0m,CXR,0.0,7.0,23-04-2025
CXR0060,VietJet Air,829920,20:00,07 thg 5,21:00,07 thg 5,1h 0m,CXR,0.0,7.0,24-04-2025
CXR0060,VietJet Air,831915,20:00,07 thg 5,21:00,07 thg 5,1h 0m,CXR,0.0,7.0,25-04-2025
CXR0060,VietJet Air,816953,20:00,07 thg 5,21:00,07 thg 5,1h 0m,CXR,0.0,7.0,26-04-2025
CXR0060,VietJet Air,828923,20:00,07 thg 5,21:00,07 thg 5,1h 0m,CXR,0.0,7.0,27-04-2025
CXR0060,VietJet Air,821940,20:00,07 thg 5,21:00,07 thg 5,1h 0m,CXR,0.0,7.0,28-04-2025
CXR0060,VietJet Air,825930,20:00,07 thg 5,21:00,07 thg 5,1h 0m,CXR,0.0,7.0,29-04-2025
CXR0060,VietJet Air,809970,20:00,07 thg 5,21:00,07 thg 5,1h 0m,CXR,0.0,7.0,30-04-2025
CXR0061,VietJet Air,809970,20:00,10 thg 5,21:00,10 thg 5,1h 0m,CXR,0.0,7.0,01-05-2025
CXR0061,VietJet Air,814958,20:00,10 thg 5,21:00,10 thg 5,1h 0m,CXR,0.0,7.0,02-05-2025
CXR0061,VietJet Air,821940,20:00,10 thg 5,21:00,10 thg 5,1h 0m,CXR,0.0,7.0,03-05-2025
CXR0061,VietJet Air,801990,20:00,10 thg 5,21:00,10 thg 5,1h 0m,CXR,0.0,7.0,04-05-2025
CXR0061,VietJet Air,813960,20:00,10 thg 5,21:00,10 thg 5,1h 0m,CXR,0.0,7.0,05-05-2025
CXR0061,VietJet Air,811965,20:00,10 thg 5,21:00,10 thg 5,1h 0m,CXR,0.0,7.0,06-05-2025
CXR0061,VietJet Air,811965,20:00,10 thg 5,21:00,10 thg 5,1h 0m,CXR,0.0,7.0,07-05-2025
CXR0061,VietJet Air,804983,20:00,10 thg 5,21:00,10 thg 5,1h 0m,CXR,0.0,7.0,08-05-2025
CXR0061,VietJet Air,840893,20:00,10 thg 5,21:00,10 thg 5,1h 0m,CXR,0.0,7.0,09-05-2025
CXR0061,VietJet Air,1910213,20:00,10 thg 5,21:00,10 thg 5,1h 0m,CXR,0.0,7.0,25-04-2025
CXR0061,VietJet Air,830918,20:00,10 thg 5,21:00,10 thg 5,1h 0m,CXR,0.0,7.0,26-04-2025
CXR0061,VietJet Air,828923,20:00,10 thg 5,21:00,10 thg 5,1h 0m,CXR,0.0,7.0,27-04-2025
CXR0061,VietJet Air,822938,20:00,10 thg 5,21:00,10 thg 5,1h 0m,CXR,0.0,7.0,28-04-2025
CXR0061,VietJet Air,825930,20:00,10 thg 5,21:00,10 thg 5,1h 0m,CXR,0.0,7.0,29-04-2025
CXR0061,VietJet Air,809970,20:00,10 thg 5,21:00,10 thg 5,1h 0m,CXR,0.0,7.0,30-04-2025
CXR0062,VietJet Air,809970,20:00,11 thg 5,21:00,11 thg 5,1h 0m,CXR,0.0,7.0,01-05-2025
CXR0062,VietJet Air,814958,20:00,11 thg 5,21:00,11 thg 5,1h 0m,CXR,0.0,7.0,02-05-2025
CXR0062,VietJet Air,821940,20:00,11 thg 5,21:00,11 thg 5,1h 0m,CXR,0.0,7.0,03-05-2025
CXR0062,VietJet Air,801990,20:00,11 thg 5,21:00,11 thg 5,1h 0m,CXR,0.0,7.0,04-05-2025
CXR0062,VietJet Air,813960,20:00,11 thg 5,21:00,11 thg 5,1h 0m,CXR,0.0,7.0,05-05-2025
CXR0062,VietJet Air,811965,20:00,11 thg 5,21:00,11 thg 5,1h 0m,CXR,0.0,7.0,06-05-2025
CXR0062,VietJet Air,811965,20:00,11 thg 5,21:00,11 thg 5,1h 0m,CXR,0.0,7.0,07-05-2025
CXR0062,VietJet Air,807975,20:00,11 thg 5,21:00,11 thg 5,1h 0m,CXR,0.0,7.0,08-05-2025
CXR0062,VietJet Air,804983,20:00,11 thg 5,21:00,11 thg 5,1h 0m,CXR,0.0,7.0,09-05-2025
CXR0062,VietJet Air,1910213,20:00,11 thg 5,21:00,11 thg 5,1h 0m,CXR,0.0,7.0,25-04-2025
CXR0062,VietJet Air,906590,20:00,11 thg 5,21:00,11 thg 5,1h 0m,CXR,0.0,7.0,26-04-2025
CXR0062,VietJet Air,828923,20:00,11 thg 5,21:00,11 thg 5,1h 0m,CXR,0.0,7.0,27-04-2025
CXR0062,VietJet Air,821940,20:00,11 thg 5,21:00,11 thg 5,1h 0m,CXR,0.0,7.0,28-04-2025
CXR0062,VietJet Air,825930,20:00,11 thg 5,21:00,11 thg 5,1h 0m,CXR,0.0,7.0,29-04-2025
CXR0062,VietJet Air,809970,20:00,11 thg 5,21:00,11 thg 5,1h 0m,CXR,0.0,7.0,30-04-2025
CXR0063,VietJet Air,816895,20:00,21 thg 4,21:00,21 thg 4,1h 0m,CXR,0.0,7.0,07-04-2025
CXR0063,VietJet Air,814791,20:00,21 thg 4,21:00,21 thg 4,1h 0m,CXR,0.0,7.0,08-04-2025
CXR0063,VietJet Air,838785,20:00,21 thg 4,21:00,21 thg 4,1h 0m,CXR,0.0,7.0,09-04-2025
CXR0063,VietJet Air,821870,20:00,21 thg 4,21:00,21 thg 4,1h 0m,CXR,0.0,7.0,10-04-2025
CXR0063,VietJet Air,821870,20:00,21 thg 4,21:00,21 thg 4,1h 0m,CXR,0.0,7.0,11-04-2025
CXR0063,VietJet Air,828000,20:00,21 thg 4,21:00,21 thg 4,1h 0m,CXR,0.0,7.0,12-04-2025
CXR0063,VietJet Air,824855,20:00,21 thg 4,21:00,21 thg 4,1h 0m,CXR,0.0,7.0,13-04-2025
CXR0063,VietJet Air,798000,20:00,21 thg 4,21:00,21 thg 4,1h 0m,CXR,0.0,7.0,14-04-2025
CXR0063,VietJet Air,799995,20:00,21 thg 4,21:00,21 thg 4,1h 0m,CXR,0.0,7.0,15-04-2025
CXR0063,VietJet Air,839148,20:00,21 thg 4,21:00,21 thg 4,1h 0m,CXR,0.0,7.0,16-04-2025
CXR0063,VietJet Air,799995,20:00,21 thg 4,21:00,21 thg 4,1h 0m,CXR,0.0,7.0,17-04-2025
CXR0063,VietJet Air,799995,20:00,21 thg 4,21:00,21 thg 4,1h 0m,CXR,0.0,7.0,18-04-2025
CXR0064,VietJet Air,816895,20:00,22 thg 4,21:00,22 thg 4,1h 0m,CXR,0.0,7.0,07-04-2025
CXR0064,VietJet Air,820731,20:00,22 thg 4,21:00,22 thg 4,1h 0m,CXR,0.0,7.0,08-04-2025
CXR0064,VietJet Air,820875,20:00,22 thg 4,21:00,22 thg 4,1h 0m,CXR,0.0,7.0,09-04-2025
CXR0064,VietJet Air,821870,20:00,22 thg 4,21:00,22 thg 4,1h 0m,CXR,0.0,7.0,10-04-2025
CXR0064,VietJet Air,821870,20:00,22 thg 4,21:00,22 thg 4,1h 0m,CXR,0.0,7.0,11-04-2025
CXR0064,VietJet Air,828000,20:00,22 thg 4,21:00,22 thg 4,1h 0m,CXR,0.0,7.0,12-04-2025
CXR0064,VietJet Air,824855,20:00,22 thg 4,21:00,22 thg 4,1h 0m,CXR,0.0,7.0,13-04-2025
CXR0064,VietJet Air,798998,20:00,22 thg 4,21:00,22 thg 4,1h 0m,CXR,0.0,7.0,14-04-2025
CXR0064,VietJet Air,800993,20:00,22 thg 4,21:00,22 thg 4,1h 0m,CXR,0.0,7.0,15-04-2025
CXR0064,VietJet Air,839148,20:00,22 thg 4,21:00,22 thg 4,1h 0m,CXR,0.0,7.0,16-04-2025
CXR0064,VietJet Air,798998,20:00,22 thg 4,21:00,22 thg 4,1h 0m,CXR,0.0,7.0,17-04-2025
CXR0064,VietJet Air,799995,20:00,22 thg 4,21:00,22 thg 4,1h 0m,CXR,0.0,7.0,18-04-2025
CXR0064,VietJet Air,827925,20:00,22 thg 4,21:00,22 thg 4,1h 0m,CXR,0.0,7.0,19-04-2025
CXR0064,VietJet Air,822938,20:00,22 thg 4,21:00,22 thg 4,1h 0m,CXR,0.0,7.0,20-04-2025
CXR0064,VietJet Air,822938,20:00,22 thg 4,21:00,22 thg 4,1h 0m,CXR,0.0,7.0,21-04-2025
CXR0065,VietJet Air,813910,20:00,23 thg 4,21:00,23 thg 4,1h 0m,CXR,0.0,7.0,07-04-2025
CXR0065,VietJet Air,820731,20:00,23 thg 4,21:00,23 thg 4,1h 0m,CXR,0.0,7.0,08-04-2025
CXR0065,VietJet Air,820875,20:00,23 thg 4,21:00,23 thg 4,1h 0m,CXR,0.0,7.0,09-04-2025
CXR0065,VietJet Air,821870,20:00,23 thg 4,21:00,23 thg 4,1h 0m,CXR,0.0,7.0,10-04-2025
CXR0065,VietJet Air,820875,20:00,23 thg 4,21:00,23 thg 4,1h 0m,CXR,0.0,7.0,11-04-2025
CXR0065,VietJet Air,828000,20:00,23 thg 4,21:00,23 thg 4,1h 0m,CXR,0.0,7.0,12-04-2025
CXR0065,VietJet Air,824855,20:00,23 thg 4,21:00,23 thg 4,1h 0m,CXR,0.0,7.0,13-04-2025
CXR0066,VietJet Air,816895,20:00,24 thg 4,21:00,24 thg 4,1h 0m,CXR,0.0,7.0,07-04-2025
CXR0066,VietJet Air,815781,20:00,24 thg 4,21:00,24 thg 4,1h 0m,CXR,0.0,7.0,08-04-2025
CXR0066,VietJet Air,820875,20:00,24 thg 4,21:00,24 thg 4,1h 0m,CXR,0.0,7.0,09-04-2025
CXR0066,VietJet Air,841000,20:00,24 thg 4,21:00,24 thg 4,1h 0m,CXR,0.0,7.0,10-04-2025
CXR0066,VietJet Air,821870,20:00,24 thg 4,21:00,24 thg 4,1h 0m,CXR,0.0,7.0,11-04-2025
CXR0066,VietJet Air,828000,20:00,24 thg 4,21:00,24 thg 4,1h 0m,CXR,0.0,7.0,12-04-2025
CXR0066,VietJet Air,824855,20:00,24 thg 4,21:00,24 thg 4,1h 0m,CXR,0.0,7.0,13-04-2025
CXR0066,VietJet Air,798000,20:00,24 thg 4,21:00,24 thg 4,1h 0m,CXR,0.0,7.0,14-04-2025
CXR0066,VietJet Air,810968,20:00,24 thg 4,21:00,24 thg 4,1h 0m,CXR,0.0,7.0,15-04-2025
CXR0066,VietJet Air,839148,20:00,24 thg 4,21:00,24 thg 4,1h 0m,CXR,0.0,7.0,16-04-2025
CXR0066,VietJet Air,798998,20:00,24 thg 4,21:00,24 thg 4,1h 0m,CXR,0.0,7.0,17-04-2025
CXR0066,VietJet Air,799995,20:00,24 thg 4,21:00,24 thg 4,1h 0m,CXR,0.0,7.0,18-04-2025
CXR0066,VietJet Air,827925,20:00,24 thg 4,21:00,24 thg 4,1h 0m,CXR,0.0,7.0,19-04-2025
CXR0066,VietJet Air,822938,20:00,24 thg 4,21:00,24 thg 4,1h 0m,CXR,0.0,7.0,20-04-2025
CXR0066,VietJet Air,835905,20:00,24 thg 4,21:00,24 thg 4,1h 0m,CXR,0.0,7.0,21-04-2025
CXR0066,VietJet Air,833910,20:00,24 thg 4,21:00,24 thg 4,1h 0m,CXR,0.0,7.0,22-04-2025
CXR0067,VietJet Air,816895,20:00,25 thg 4,21:00,25 thg 4,1h 0m,CXR,0.0,7.0,07-04-2025
CXR0067,VietJet Air,814791,20:00,25 thg 4,21:00,25 thg 4,1h 0m,CXR,0.0,7.0,08-04-2025
CXR0067,VietJet Air,820875,20:00,25 thg 4,21:00,25 thg 4,1h 0m,CXR,0.0,7.0,09-04-2025
CXR0067,VietJet Air,842000,20:00,25 thg 4,21:00,25 thg 4,1h 0m,CXR,0.0,7.0,10-04-2025
CXR0067,VietJet Air,821870,20:00,25 thg 4,21:00,25 thg 4,1h 0m,CXR,0.0,7.0,11-04-2025
CXR0067,VietJet Air,828000,20:00,25 thg 4,21:00,25 thg 4,1h 0m,CXR,0.0,7.0,12-04-2025
CXR0067,VietJet Air,824855,20:00,25 thg 4,21:00,25 thg 4,1h 0m,CXR,0.0,7.0,13-04-2025
CXR0067,VietJet Air,798998,20:00,25 thg 4,21:00,25 thg 4,1h 0m,CXR,0.0,7.0,14-04-2025
CXR0067,VietJet Air,825930,20:00,25 thg 4,21:00,25 thg 4,1h 0m,CXR,0.0,7.0,15-04-2025
CXR0067,VietJet Air,839148,20:00,25 thg 4,21:00,25 thg 4,1h 0m,CXR,0.0,7.0,16-04-2025
CXR0067,VietJet Air,798998,20:00,25 thg 4,21:00,25 thg 4,1h 0m,CXR,0.0,7.0,17-04-2025
CXR0067,VietJet Air,799995,20:00,25 thg 4,21:00,25 thg 4,1h 0m,CXR,0.0,7.0,18-04-2025
CXR0067,VietJet Air,1712708,20:00,25 thg 4,21:00,25 thg 4,1h 0m,CXR,0.0,7.0,20-04-2025
CXR0067,VietJet Air,1712708,20:00,25 thg 4,21:00,25 thg 4,1h 0m,CXR,0.0,7.0,21-04-2025
CXR0067,VietJet Air,833910,20:00,25 thg 4,21:00,25 thg 4,1h 0m,CXR,0.0,7.0,22-04-2025
CXR0067,VietJet Air,836903,20:00,25 thg 4,21:00,25 thg 4,1h 0m,CXR,0.0,7.0,23-04-2025
CXR0067,VietJet Air,1181040,20:00,25 thg 4,21:00,25 thg 4,1h 0m,CXR,0.0,7.0,24-04-2025
CXR0068,VietJet Air,817890,20:00,27 thg 4,21:00,27 thg 4,1h 0m,CXR,0.0,7.0,07-04-2025
CXR0068,VietJet Air,833602,20:00,27 thg 4,21:00,27 thg 4,1h 0m,CXR,0.0,7.0,08-04-2025
CXR0068,VietJet Air,814905,20:00,27 thg 4,21:00,27 thg 4,1h 0m,CXR,0.0,7.0,09-04-2025
CXR0068,VietJet Air,841000,20:00,27 thg 4,21:00,27 thg 4,1h 0m,CXR,0.0,7.0,10-04-2025
CXR0068,VietJet Air,820875,20:00,27 thg 4,21:00,27 thg 4,1h 0m,CXR,0.0,7.0,11-04-2025
CXR0068,VietJet Air,828000,20:00,27 thg 4,21:00,27 thg 4,1h 0m,CXR,0.0,7.0,12-04-2025
CXR0068,VietJet Air,824855,20:00,27 thg 4,21:00,27 thg 4,1h 0m,CXR,0.0,7.0,13-04-2025
CXR0068,VietJet Air,798000,20:00,27 thg 4,21:00,27 thg 4,1h 0m,CXR,0.0,7.0,14-04-2025
CXR0068,VietJet Air,800993,20:00,27 thg 4,21:00,27 thg 4,1h 0m,CXR,0.0,7.0,15-04-2025
CXR0068,VietJet Air,839148,20:00,27 thg 4,21:00,27 thg 4,1h 0m,CXR,0.0,7.0,16-04-2025
CXR0068,VietJet Air,798998,20:00,27 thg 4,21:00,27 thg 4,1h 0m,CXR,0.0,7.0,17-04-2025
CXR0068,VietJet Air,799995,20:00,27 thg 4,21:00,27 thg 4,1h 0m,CXR,0.0,7.0,18-04-2025
CXR0068,VietJet Air,827925,20:00,27 thg 4,21:00,27 thg 4,1h 0m,CXR,0.0,7.0,19-04-2025
CXR0068,VietJet Air,822938,20:00,27 thg 4,21:00,27 thg 4,1h 0m,CXR,0.0,7.0,20-04-2025
CXR0068,VietJet Air,835905,20:00,27 thg 4,21:00,27 thg 4,1h 0m,CXR,0.0,7.0,21-04-2025
CXR0068,VietJet Air,833910,20:00,27 thg 4,21:00,27 thg 4,1h 0m,CXR,0.0,7.0,22-04-2025
CXR0068,VietJet Air,836903,20:00,27 thg 4,21:00,27 thg 4,1h 0m,CXR,0.0,7.0,23-04-2025
CXR0068,VietJet Air,829920,20:00,27 thg 4,21:00,27 thg 4,1h 0m,CXR,0.0,7.0,24-04-2025
CXR0068,VietJet Air,831915,20:00,27 thg 4,21:00,27 thg 4,1h 0m,CXR,0.0,7.0,25-04-2025
CXR0068,VietJet Air,830918,20:00,27 thg 4,21:00,27 thg 4,1h 0m,CXR,0.0,7.0,26-04-2025
CXR0069,VietJet Air,814791,20:00,28 thg 4,21:00,28 thg 4,1h 0m,CXR,0.0,7.0,08-04-2025
CXR0069,VietJet Air,820875,20:00,28 thg 4,21:00,28 thg 4,1h 0m,CXR,0.0,7.0,09-04-2025
CXR0069,VietJet Air,826000,20:00,28 thg 4,21:00,28 thg 4,1h 0m,CXR,0.0,7.0,10-04-2025
CXR0069,VietJet Air,819880,20:00,28 thg 4,21:00,28 thg 4,1h 0m,CXR,0.0,7.0,11-04-2025
CXR0069,VietJet Air,828000,20:00,28 thg 4,21:00,28 thg 4,1h 0m,CXR,0.0,7.0,12-04-2025
CXR0069,VietJet Air,827840,20:00,28 thg 4,21:00,28 thg 4,1h 0m,CXR,0.0,7.0,13-04-2025
CXR0069,VietJet Air,798998,20:00,28 thg 4,21:00,28 thg 4,1h 0m,CXR,0.0,7.0,14-04-2025
CXR0069,VietJet Air,825930,20:00,28 thg 4,21:00,28 thg 4,1h 0m,CXR,0.0,7.0,15-04-2025
CXR0069,VietJet Air,1327929,20:00,28 thg 4,21:00,28 thg 4,1h 0m,CXR,0.0,7.0,16-04-2025
CXR0069,VietJet Air,1284780,20:00,28 thg 4,21:00,28 thg 4,1h 0m,CXR,0.0,7.0,17-04-2025
CXR0069,VietJet Air,1285778,20:00,28 thg 4,21:00,28 thg 4,1h 0m,CXR,0.0,7.0,18-04-2025
CXR0069,VietJet Air,1306725,20:00,28 thg 4,21:00,28 thg 4,1h 0m,CXR,0.0,7.0,19-04-2025
CXR0069,VietJet Air,1300740,20:00,28 thg 4,21:00,28 thg 4,1h 0m,CXR,0.0,7.0,20-04-2025
CXR0069,VietJet Air,1306725,20:00,28 thg 4,21:00,28 thg 4,1h 0m,CXR,0.0,7.0,21-04-2025
CXR0069,VietJet Air,1061340,20:00,28 thg 4,21:00,28 thg 4,1h 0m,CXR,0.0,7.0,22-04-2025
CXR0069,VietJet Air,1063335,20:00,28 thg 4,21:00,28 thg 4,1h 0m,CXR,0.0,7.0,23-04-2025
CXR0069,VietJet Air,1061340,20:00,28 thg 4,21:00,28 thg 4,1h 0m,CXR,0.0,7.0,24-04-2025
CXR0069,VietJet Air,1060343,20:00,28 thg 4,21:00,28 thg 4,1h 0m,CXR,0.0,7.0,25-04-2025
CXR0069,VietJet Air,1062338,20:00,28 thg 4,21:00,28 thg 4,1h 0m,CXR,0.0,7.0,26-04-2025
CXR0069,VietJet Air,1083285,20:00,28 thg 4,21:00,28 thg 4,1h 0m,CXR,0.0,7.0,27-04-2025
CXR0070,VietJet Air,1426830,20:00,29 thg 4,21:00,29 thg 4,1h 0m,CXR,0.0,7.0,09-04-2025
CXR0070,VietJet Air,1436000,20:00,29 thg 4,21:00,29 thg 4,1h 0m,CXR,0.0,7.0,10-04-2025
CXR0070,VietJet Air,1422850,20:00,29 thg 4,21:00,29 thg 4,1h 0m,CXR,0.0,7.0,11-04-2025
CXR0070,VietJet Air,1427000,20:00,29 thg 4,21:00,29 thg 4,1h 0m,CXR,0.0,7.0,12-04-2025
CXR0070,VietJet Air,1423845,20:00,29 thg 4,21:00,29 thg 4,1h 0m,CXR,0.0,7.0,13-04-2025
CXR0070,VietJet Air,1399493,20:00,29 thg 4,21:00,29 thg 4,1h 0m,CXR,0.0,7.0,14-04-2025
CXR0070,VietJet Air,1431413,20:00,29 thg 4,21:00,29 thg 4,1h 0m,CXR,0.0,7.0,15-04-2025
CXR0070,VietJet Air,1327929,20:00,29 thg 4,21:00,29 thg 4,1h 0m,CXR,0.0,7.0,16-04-2025
CXR0070,VietJet Air,1400490,20:00,29 thg 4,21:00,29 thg 4,1h 0m,CXR,0.0,7.0,17-04-2025
CXR0070,VietJet Air,1402485,20:00,29 thg 4,21:00,29 thg 4,1h 0m,CXR,0.0,7.0,18-04-2025
CXR0070,VietJet Air,1432410,20:00,29 thg 4,21:00,29 thg 4,1h 0m,CXR,0.0,7.0,19-04-2025
CXR0070,VietJet Air,1597995,20:00,29 thg 4,21:00,29 thg 4,1h 0m,CXR,0.0,7.0,20-04-2025
CXR0070,VietJet Air,1598993,20:00,29 thg 4,21:00,29 thg 4,1h 0m,CXR,0.0,7.0,21-04-2025
CXR0070,VietJet Air,1436400,20:00,29 thg 4,21:00,29 thg 4,1h 0m,CXR,0.0,7.0,22-04-2025
CXR0070,VietJet Air,1439393,20:00,29 thg 4,21:00,29 thg 4,1h 0m,CXR,0.0,7.0,23-04-2025
CXR0070,VietJet Air,1318695,20:00,29 thg 4,21:00,29 thg 4,1h 0m,CXR,0.0,7.0,24-04-2025
CXR0070,VietJet Air,1309718,20:00,29 thg 4,21:00,29 thg 4,1h 0m,CXR,0.0,7.0,25-04-2025
CXR0070,VietJet Air,1312710,20:00,29 thg 4,21:00,29 thg 4,1h 0m,CXR,0.0,7.0,26-04-2025
CXR0070,VietJet Air,1422435,20:00,29 thg 4,21:00,29 thg 4,1h 0m,CXR,0.0,7.0,27-04-2025
CXR0070,VietJet Air,1949115,20:00,29 thg 4,21:00,29 thg 4,1h 0m,CXR,0.0,7.0,28-04-2025
CXR0071,VietJet Air,827925,20:05,21 thg 4,21:00,21 thg 4,55m,CXR,0.0,7.0,19-04-2025
CXR0071,VietJet Air,837900,20:05,21 thg 4,21:00,21 thg 4,55m,CXR,0.0,7.0,20-04-2025
CXR0072,VietJet Air,839148,20:30,03 thg 5,21:30,03 thg 5,1h 0m,CXR,0.0,7.0,16-04-2025
CXR0072,VietJet Air,817403,20:30,03 thg 5,21:30,03 thg 5,1h 0m,CXR,0.0,7.0,17-04-2025
CXR0072,VietJet Air,818157,20:30,03 thg 5,21:30,03 thg 5,1h 0m,CXR,0.0,7.0,18-04-2025
CXR0073,VietJet Air,838898,20:40,11 thg 5,21:40,11 thg 5,1h 0m,CXR,0.0,7.0,10-05-2025
CXR0074,VietJet Air,1892258,21:00,01 thg 5,22:00,01 thg 5,1h 0m,CXR,0.0,7.0,14-04-2025
CXR0074,VietJet Air,1431413,21:00,01 thg 5,22:00,01 thg 5,1h 0m,CXR,0.0,7.0,15-04-2025
CXR0074,VietJet Air,1327929,21:00,01 thg 5,22:00,01 thg 5,1h 0m,CXR,0.0,7.0,16-04-2025
CXR0074,VietJet Air,1283783,21:00,01 thg 5,22:00,01 thg 5,1h 0m,CXR,0.0,7.0,17-04-2025
CXR0074,VietJet Air,1285778,21:00,01 thg 5,22:00,01 thg 5,1h 0m,CXR,0.0,7.0,18-04-2025
CXR0074,VietJet Air,1306725,21:00,01 thg 5,22:00,01 thg 5,1h 0m,CXR,0.0,7.0,19-04-2025
CXR0074,VietJet Air,1304730,21:00,01 thg 5,22:00,01 thg 5,1h 0m,CXR,0.0,7.0,20-04-2025
CXR0074,VietJet Air,1306725,21:00,01 thg 5,22:00,01 thg 5,1h 0m,CXR,0.0,7.0,21-04-2025
CXR0074,VietJet Air,835905,21:00,01 thg 5,22:00,01 thg 5,1h 0m,CXR,0.0,7.0,22-04-2025
CXR0074,VietJet Air,836903,21:00,01 thg 5,22:00,01 thg 5,1h 0m,CXR,0.0,7.0,23-04-2025
CXR0074,VietJet Air,1441388,21:00,01 thg 5,22:00,01 thg 5,1h 0m,CXR,0.0,7.0,24-04-2025
CXR0074,VietJet Air,1429418,21:00,01 thg 5,22:00,01 thg 5,1h 0m,CXR,0.0,7.0,25-04-2025
CXR0074,VietJet Air,1062338,21:00,01 thg 5,22:00,01 thg 5,1h 0m,CXR,0.0,7.0,26-04-2025
CXR0074,VietJet Air,1154907,21:00,01 thg 5,22:00,01 thg 5,1h 0m,CXR,0.0,7.0,27-04-2025
CXR0074,VietJet Air,1418445,21:00,01 thg 5,22:00,01 thg 5,1h 0m,CXR,0.0,7.0,28-04-2025
CXR0074,VietJet Air,1424430,21:00,01 thg 5,22:00,01 thg 5,1h 0m,CXR,0.0,7.0,29-04-2025
CXR0075,VietJet Air,1892258,21:00,02 thg 5,22:00,02 thg 5,1h 0m,CXR,0.0,7.0,14-04-2025
CXR0075,VietJet Air,1399493,21:00,02 thg 5,22:00,02 thg 5,1h 0m,CXR,0.0,7.0,15-04-2025
CXR0075,VietJet Air,1327929,21:00,02 thg 5,22:00,02 thg 5,1h 0m,CXR,0.0,7.0,16-04-2025
CXR0075,VietJet Air,1284780,21:00,02 thg 5,22:00,02 thg 5,1h 0m,CXR,0.0,7.0,17-04-2025
CXR0075,VietJet Air,1285778,21:00,02 thg 5,22:00,02 thg 5,1h 0m,CXR,0.0,7.0,18-04-2025
CXR0075,VietJet Air,1306725,21:00,02 thg 5,22:00,02 thg 5,1h 0m,CXR,0.0,7.0,19-04-2025
CXR0075,VietJet Air,1300740,21:00,02 thg 5,22:00,02 thg 5,1h 0m,CXR,0.0,7.0,20-04-2025
CXR0075,VietJet Air,1306725,21:00,02 thg 5,22:00,02 thg 5,1h 0m,CXR,0.0,7.0,21-04-2025
CXR0075,VietJet Air,835905,21:00,02 thg 5,22:00,02 thg 5,1h 0m,CXR,0.0,7.0,22-04-2025
CXR0075,VietJet Air,836903,21:00,02 thg 5,22:00,02 thg 5,1h 0m,CXR,0.0,7.0,23-04-2025
CXR0075,VietJet Air,829920,21:00,02 thg 5,22:00,02 thg 5,1h 0m,CXR,0.0,7.0,24-04-2025
CXR0075,VietJet Air,831915,21:00,02 thg 5,22:00,02 thg 5,1h 0m,CXR,0.0,7.0,25-04-2025
CXR0075,VietJet Air,830918,21:00,02 thg 5,22:00,02 thg 5,1h 0m,CXR,0.0,7.0,26-04-2025
CXR0075,VietJet Air,828923,21:00,02 thg 5,22:00,02 thg 5,1h 0m,CXR,0.0,7.0,27-04-2025
CXR0075,VietJet Air,821940,21:00,02 thg 5,22:00,02 thg 5,1h 0m,CXR,0.0,7.0,28-04-2025
CXR0075,VietJet Air,825930,21:00,02 thg 5,22:00,02 thg 5,1h 0m,CXR,0.0,7.0,29-04-2025
CXR0075,VietJet Air,809970,21:00,02 thg 5,22:00,02 thg 5,1h 0m,CXR,0.0,7.0,30-04-2025
CXR0076,VietJet Air,806978,21:00,03 thg 5,22:00,03 thg 5,1h 0m,CXR,0.0,7.0,01-05-2025
CXR0076,VietJet Air,825930,21:00,03 thg 5,22:00,03 thg 5,1h 0m,CXR,0.0,7.0,02-05-2025
CXR0076,VietJet Air,1154907,21:00,03 thg 5,22:00,03 thg 5,1h 0m,CXR,0.0,7.0,14-04-2025
CXR0076,VietJet Air,1052363,21:00,03 thg 5,22:00,03 thg 5,1h 0m,CXR,0.0,7.0,15-04-2025
CXR0076,VietJet Air,839148,21:00,03 thg 5,22:00,03 thg 5,1h 0m,CXR,0.0,7.0,16-04-2025
CXR0076,VietJet Air,817403,21:00,03 thg 5,22:00,03 thg 5,1h 0m,CXR,0.0,7.0,17-04-2025
CXR0076,VietJet Air,818157,21:00,03 thg 5,22:00,03 thg 5,1h 0m,CXR,0.0,7.0,18-04-2025
CXR0076,VietJet Air,827925,21:00,03 thg 5,22:00,03 thg 5,1h 0m,CXR,0.0,7.0,19-04-2025
CXR0076,VietJet Air,822938,21:00,03 thg 5,22:00,03 thg 5,1h 0m,CXR,0.0,7.0,20-04-2025
CXR0076,VietJet Air,835905,21:00,03 thg 5,22:00,03 thg 5,1h 0m,CXR,0.0,7.0,21-04-2025
CXR0076,VietJet Air,835905,21:00,03 thg 5,22:00,03 thg 5,1h 0m,CXR,0.0,7.0,22-04-2025
CXR0076,VietJet Air,836903,21:00,03 thg 5,22:00,03 thg 5,1h 0m,CXR,0.0,7.0,23-04-2025
CXR0076,VietJet Air,829920,21:00,03 thg 5,22:00,03 thg 5,1h 0m,CXR,0.0,7.0,24-04-2025
CXR0076,VietJet Air,831915,21:00,03 thg 5,22:00,03 thg 5,1h 0m,CXR,0.0,7.0,25-04-2025
CXR0076,VietJet Air,830918,21:00,03 thg 5,22:00,03 thg 5,1h 0m,CXR,0.0,7.0,26-04-2025
CXR0076,VietJet Air,828923,21:00,03 thg 5,22:00,03 thg 5,1h 0m,CXR,0.0,7.0,27-04-2025
CXR0076,VietJet Air,821940,21:00,03 thg 5,22:00,03 thg 5,1h 0m,CXR,0.0,7.0,28-04-2025
CXR0076,VietJet Air,825930,21:00,03 thg 5,22:00,03 thg 5,1h 0m,CXR,0.0,7.0,29-04-2025
CXR0076,VietJet Air,809970,21:00,03 thg 5,22:00,03 thg 5,1h 0m,CXR,0.0,7.0,30-04-2025
CXR0077,VietJet Air,809970,21:00,05 thg 5,22:00,05 thg 5,1h 0m,CXR,0.0,7.0,01-05-2025
CXR0077,VietJet Air,814958,21:00,05 thg 5,22:00,05 thg 5,1h 0m,CXR,0.0,7.0,02-05-2025
CXR0077,VietJet Air,817950,21:00,05 thg 5,22:00,05 thg 5,1h 0m,CXR,0.0,7.0,03-05-2025
CXR0077,VietJet Air,817467,21:00,05 thg 5,22:00,05 thg 5,1h 0m,CXR,0.0,7.0,15-04-2025
CXR0077,VietJet Air,839148,21:00,05 thg 5,22:00,05 thg 5,1h 0m,CXR,0.0,7.0,16-04-2025
CXR0077,VietJet Air,817403,21:00,05 thg 5,22:00,05 thg 5,1h 0m,CXR,0.0,7.0,17-04-2025
CXR0077,VietJet Air,818157,21:00,05 thg 5,22:00,05 thg 5,1h 0m,CXR,0.0,7.0,18-04-2025
CXR0077,VietJet Air,827925,21:00,05 thg 5,22:00,05 thg 5,1h 0m,CXR,0.0,7.0,19-04-2025
CXR0077,VietJet Air,822938,21:00,05 thg 5,22:00,05 thg 5,1h 0m,CXR,0.0,7.0,20-04-2025
CXR0077,VietJet Air,835905,21:00,05 thg 5,22:00,05 thg 5,1h 0m,CXR,0.0,7.0,21-04-2025
CXR0077,VietJet Air,833910,21:00,05 thg 5,22:00,05 thg 5,1h 0m,CXR,0.0,7.0,22-04-2025
CXR0077,VietJet Air,836903,21:00,05 thg 5,22:00,05 thg 5,1h 0m,CXR,0.0,7.0,23-04-2025
CXR0077,VietJet Air,829920,21:00,05 thg 5,22:00,05 thg 5,1h 0m,CXR,0.0,7.0,24-04-2025
CXR0077,VietJet Air,831915,21:00,05 thg 5,22:00,05 thg 5,1h 0m,CXR,0.0,7.0,25-04-2025
CXR0077,VietJet Air,830918,21:00,05 thg 5,22:00,05 thg 5,1h 0m,CXR,0.0,7.0,26-04-2025
CXR0077,VietJet Air,828923,21:00,05 thg 5,22:00,05 thg 5,1h 0m,CXR,0.0,7.0,27-04-2025
CXR0077,VietJet Air,821940,21:00,05 thg 5,22:00,05 thg 5,1h 0m,CXR,0.0,7.0,28-04-2025
CXR0077,VietJet Air,825930,21:00,05 thg 5,22:00,05 thg 5,1h 0m,CXR,0.0,7.0,29-04-2025
CXR0077,VietJet Air,809970,21:00,05 thg 5,22:00,05 thg 5,1h 0m,CXR,0.0,7.0,30-04-2025
CXR0078,VietJet Air,809970,21:00,07 thg 5,22:00,07 thg 5,1h 0m,CXR,0.0,7.0,01-05-2025
CXR0078,VietJet Air,814958,21:00,07 thg 5,22:00,07 thg 5,1h 0m,CXR,0.0,7.0,02-05-2025
CXR0078,VietJet Air,817950,21:00,07 thg 5,22:00,07 thg 5,1h 0m,CXR,0.0,7.0,03-05-2025
CXR0078,VietJet Air,801990,21:00,07 thg 5,22:00,07 thg 5,1h 0m,CXR,0.0,7.0,04-05-2025
CXR0078,VietJet Air,813960,21:00,07 thg 5,22:00,07 thg 5,1h 0m,CXR,0.0,7.0,05-05-2025
CXR0078,VietJet Air,810968,21:00,07 thg 5,22:00,07 thg 5,1h 0m,CXR,0.0,7.0,06-05-2025
CXR0078,VietJet Air,817403,21:00,07 thg 5,22:00,07 thg 5,1h 0m,CXR,0.0,7.0,17-04-2025
CXR0078,VietJet Air,818157,21:00,07 thg 5,22:00,07 thg 5,1h 0m,CXR,0.0,7.0,18-04-2025
CXR0078,VietJet Air,827925,21:00,07 thg 5,22:00,07 thg 5,1h 0m,CXR,0.0,7.0,19-04-2025
CXR0078,VietJet Air,822938,21:00,07 thg 5,22:00,07 thg 5,1h 0m,CXR,0.0,7.0,20-04-2025
CXR0078,VietJet Air,839895,21:00,07 thg 5,22:00,07 thg 5,1h 0m,CXR,0.0,7.0,21-04-2025
CXR0078,VietJet Air,835905,21:00,07 thg 5,22:00,07 thg 5,1h 0m,CXR,0.0,7.0,22-04-2025
CXR0078,VietJet Air,836903,21:00,07 thg 5,22:00,07 thg 5,1h 0m,CXR,0.0,7.0,23-04-2025
CXR0078,VietJet Air,829920,21:00,07 thg 5,22:00,07 thg 5,1h 0m,CXR,0.0,7.0,24-04-2025
CXR0078,VietJet Air,831915,21:00,07 thg 5,22:00,07 thg 5,1h 0m,CXR,0.0,7.0,25-04-2025
CXR0078,VietJet Air,816953,21:00,07 thg 5,22:00,07 thg 5,1h 0m,CXR,0.0,7.0,26-04-2025
CXR0078,VietJet Air,828923,21:00,07 thg 5,22:00,07 thg 5,1h 0m,CXR,0.0,7.0,27-04-2025
CXR0078,VietJet Air,821940,21:00,07 thg 5,22:00,07 thg 5,1h 0m,CXR,0.0,7.0,28-04-2025
CXR0078,VietJet Air,825930,21:00,07 thg 5,22:00,07 thg 5,1h 0m,CXR,0.0,7.0,29-04-2025
CXR0078,VietJet Air,809970,21:00,07 thg 5,22:00,07 thg 5,1h 0m,CXR,0.0,7.0,30-04-2025
CXR0079,VietJet Air,809970,21:00,08 thg 5,22:00,08 thg 5,1h 0m,CXR,0.0,7.0,01-05-2025
CXR0079,VietJet Air,814958,21:00,08 thg 5,22:00,08 thg 5,1h 0m,CXR,0.0,7.0,02-05-2025
CXR0079,VietJet Air,821940,21:00,08 thg 5,22:00,08 thg 5,1h 0m,CXR,0.0,7.0,03-05-2025
CXR0079,VietJet Air,801990,21:00,08 thg 5,22:00,08 thg 5,1h 0m,CXR,0.0,7.0,04-05-2025
CXR0079,VietJet Air,1031415,21:00,08 thg 5,22:00,08 thg 5,1h 0m,CXR,0.0,7.0,05-05-2025
CXR0079,VietJet Air,812963,21:00,08 thg 5,22:00,08 thg 5,1h 0m,CXR,0.0,7.0,06-05-2025
CXR0079,VietJet Air,826928,21:00,08 thg 5,22:00,08 thg 5,1h 0m,CXR,0.0,7.0,07-05-2025
CXR0079,VietJet Air,818157,21:00,08 thg 5,22:00,08 thg 5,1h 0m,CXR,0.0,7.0,18-04-2025
CXR0079,VietJet Air,827925,21:00,08 thg 5,22:00,08 thg 5,1h 0m,CXR,0.0,7.0,19-04-2025
CXR0079,VietJet Air,822938,21:00,08 thg 5,22:00,08 thg 5,1h 0m,CXR,0.0,7.0,20-04-2025
CXR0079,VietJet Air,839895,21:00,08 thg 5,22:00,08 thg 5,1h 0m,CXR,0.0,7.0,21-04-2025
CXR0079,VietJet Air,833910,21:00,08 thg 5,22:00,08 thg 5,1h 0m,CXR,0.0,7.0,22-04-2025
CXR0079,VietJet Air,836903,21:00,08 thg 5,22:00,08 thg 5,1h 0m,CXR,0.0,7.0,23-04-2025
CXR0079,VietJet Air,829920,21:00,08 thg 5,22:00,08 thg 5,1h 0m,CXR,0.0,7.0,24-04-2025
CXR0079,VietJet Air,831915,21:00,08 thg 5,22:00,08 thg 5,1h 0m,CXR,0.0,7.0,25-04-2025
CXR0079,VietJet Air,830918,21:00,08 thg 5,22:00,08 thg 5,1h 0m,CXR,0.0,7.0,26-04-2025
CXR0079,VietJet Air,828923,21:00,08 thg 5,22:00,08 thg 5,1h 0m,CXR,0.0,7.0,27-04-2025
CXR0079,VietJet Air,1049191,21:00,08 thg 5,22:00,08 thg 5,1h 0m,CXR,0.0,7.0,28-04-2025
CXR0079,VietJet Air,825930,21:00,08 thg 5,22:00,08 thg 5,1h 0m,CXR,0.0,7.0,29-04-2025
CXR0079,VietJet Air,809970,21:00,08 thg 5,22:00,08 thg 5,1h 0m,CXR,0.0,7.0,30-04-2025
CXR0080,VietJet Air,1926173,21:00,09 thg 5,22:00,09 thg 5,1h 0m,CXR,0.0,7.0,23-04-2025
CXR0080,VietJet Air,829920,21:00,09 thg 5,22:00,09 thg 5,1h 0m,CXR,0.0,7.0,24-04-2025
CXR0081,VietJet Air,816895,21:00,21 thg 4,22:00,21 thg 4,1h 0m,CXR,0.0,7.0,07-04-2025
CXR0081,VietJet Air,814791,21:00,21 thg 4,22:00,21 thg 4,1h 0m,CXR,0.0,7.0,08-04-2025
CXR0081,VietJet Air,838785,21:00,21 thg 4,22:00,21 thg 4,1h 0m,CXR,0.0,7.0,09-04-2025
CXR0081,VietJet Air,821870,21:00,21 thg 4,22:00,21 thg 4,1h 0m,CXR,0.0,7.0,10-04-2025
CXR0081,VietJet Air,821870,21:00,21 thg 4,22:00,21 thg 4,1h 0m,CXR,0.0,7.0,11-04-2025
CXR0081,VietJet Air,828000,21:00,21 thg 4,22:00,21 thg 4,1h 0m,CXR,0.0,7.0,12-04-2025
CXR0081,VietJet Air,824855,21:00,21 thg 4,22:00,21 thg 4,1h 0m,CXR,0.0,7.0,13-04-2025
CXR0081,VietJet Air,798000,21:00,21 thg 4,22:00,21 thg 4,1h 0m,CXR,0.0,7.0,14-04-2025
CXR0081,VietJet Air,799995,21:00,21 thg 4,22:00,21 thg 4,1h 0m,CXR,0.0,7.0,15-04-2025
CXR0081,VietJet Air,839148,21:00,21 thg 4,22:00,21 thg 4,1h 0m,CXR,0.0,7.0,16-04-2025
CXR0081,VietJet Air,799995,21:00,21 thg 4,22:00,21 thg 4,1h 0m,CXR,0.0,7.0,17-04-2025
CXR0081,VietJet Air,799995,21:00,21 thg 4,22:00,21 thg 4,1h 0m,CXR,0.0,7.0,18-04-2025
CXR0081,VietJet Air,827925,21:00,21 thg 4,22:00,21 thg 4,1h 0m,CXR,0.0,7.0,19-04-2025
CXR0081,VietJet Air,837900,21:00,21 thg 4,22:00,21 thg 4,1h 0m,CXR,0.0,7.0,20-04-2025
CXR0081,VietJet Air,838898,21:00,21 thg 4,22:00,21 thg 4,1h 0m,CXR,0.0,7.0,21-04-2025
CXR0082,VietJet Air,816895,21:00,22 thg 4,22:00,22 thg 4,1h 0m,CXR,0.0,7.0,07-04-2025
CXR0082,VietJet Air,820731,21:00,22 thg 4,22:00,22 thg 4,1h 0m,CXR,0.0,7.0,08-04-2025
CXR0082,VietJet Air,820875,21:00,22 thg 4,22:00,22 thg 4,1h 0m,CXR,0.0,7.0,09-04-2025
CXR0082,VietJet Air,821870,21:00,22 thg 4,22:00,22 thg 4,1h 0m,CXR,0.0,7.0,10-04-2025
CXR0082,VietJet Air,821870,21:00,22 thg 4,22:00,22 thg 4,1h 0m,CXR,0.0,7.0,11-04-2025
CXR0082,VietJet Air,828000,21:00,22 thg 4,22:00,22 thg 4,1h 0m,CXR,0.0,7.0,12-04-2025
CXR0082,VietJet Air,824855,21:00,22 thg 4,22:00,22 thg 4,1h 0m,CXR,0.0,7.0,13-04-2025
CXR0082,VietJet Air,798998,21:00,22 thg 4,22:00,22 thg 4,1h 0m,CXR,0.0,7.0,14-04-2025
CXR0082,VietJet Air,800993,21:00,22 thg 4,22:00,22 thg 4,1h 0m,CXR,0.0,7.0,15-04-2025
CXR0082,VietJet Air,839148,21:00,22 thg 4,22:00,22 thg 4,1h 0m,CXR,0.0,7.0,16-04-2025
CXR0082,VietJet Air,798998,21:00,22 thg 4,22:00,22 thg 4,1h 0m,CXR,0.0,7.0,17-04-2025
CXR0082,VietJet Air,799995,21:00,22 thg 4,22:00,22 thg 4,1h 0m,CXR,0.0,7.0,18-04-2025
CXR0082,VietJet Air,827925,21:00,22 thg 4,22:00,22 thg 4,1h 0m,CXR,0.0,7.0,19-04-2025
CXR0082,VietJet Air,822938,21:00,22 thg 4,22:00,22 thg 4,1h 0m,CXR,0.0,7.0,20-04-2025
CXR0082,VietJet Air,822938,21:00,22 thg 4,22:00,22 thg 4,1h 0m,CXR,0.0,7.0,21-04-2025
CXR0083,VietJet Air,813910,21:00,23 thg 4,22:00,23 thg 4,1h 0m,CXR,0.0,7.0,07-04-2025
CXR0083,VietJet Air,820731,21:00,23 thg 4,22:00,23 thg 4,1h 0m,CXR,0.0,7.0,08-04-2025
CXR0083,VietJet Air,820875,21:00,23 thg 4,22:00,23 thg 4,1h 0m,CXR,0.0,7.0,09-04-2025
CXR0083,VietJet Air,821870,21:00,23 thg 4,22:00,23 thg 4,1h 0m,CXR,0.0,7.0,10-04-2025
CXR0083,VietJet Air,820875,21:00,23 thg 4,22:00,23 thg 4,1h 0m,CXR,0.0,7.0,11-04-2025
CXR0083,VietJet Air,828000,21:00,23 thg 4,22:00,23 thg 4,1h 0m,CXR,0.0,7.0,12-04-2025
CXR0083,VietJet Air,824855,21:00,23 thg 4,22:00,23 thg 4,1h 0m,CXR,0.0,7.0,13-04-2025
CXR0083,VietJet Air,798998,21:00,23 thg 4,22:00,23 thg 4,1h 0m,CXR,0.0,7.0,14-04-2025
CXR0083,VietJet Air,810968,21:00,23 thg 4,22:00,23 thg 4,1h 0m,CXR,0.0,7.0,15-04-2025
CXR0083,VietJet Air,839148,21:00,23 thg 4,22:00,23 thg 4,1h 0m,CXR,0.0,7.0,16-04-2025
CXR0083,VietJet Air,799995,21:00,23 thg 4,22:00,23 thg 4,1h 0m,CXR,0.0,7.0,17-04-2025
CXR0083,VietJet Air,799995,21:00,23 thg 4,22:00,23 thg 4,1h 0m,CXR,0.0,7.0,18-04-2025
CXR0083,VietJet Air,827925,21:00,23 thg 4,22:00,23 thg 4,1h 0m,CXR,0.0,7.0,19-04-2025
CXR0083,VietJet Air,822938,21:00,23 thg 4,22:00,23 thg 4,1h 0m,CXR,0.0,7.0,20-04-2025
CXR0083,VietJet Air,822938,21:00,23 thg 4,22:00,23 thg 4,1h 0m,CXR,0.0,7.0,21-04-2025
CXR0083,VietJet Air,855855,21:00,23 thg 4,22:00,23 thg 4,1h 0m,CXR,0.0,7.0,22-04-2025
CXR0084,VietJet Air,817890,21:00,27 thg 4,22:00,27 thg 4,1h 0m,CXR,0.0,7.0,07-04-2025
CXR0084,VietJet Air,833602,21:00,27 thg 4,22:00,27 thg 4,1h 0m,CXR,0.0,7.0,08-04-2025
CXR0084,VietJet Air,814905,21:00,27 thg 4,22:00,27 thg 4,1h 0m,CXR,0.0,7.0,09-04-2025
CXR0084,VietJet Air,841000,21:00,27 thg 4,22:00,27 thg 4,1h 0m,CXR,0.0,7.0,10-04-2025
CXR0084,VietJet Air,820875,21:00,27 thg 4,22:00,27 thg 4,1h 0m,CXR,0.0,7.0,11-04-2025
CXR0084,VietJet Air,828000,21:00,27 thg 4,22:00,27 thg 4,1h 0m,CXR,0.0,7.0,12-04-2025
CXR0084,VietJet Air,824855,21:00,27 thg 4,22:00,27 thg 4,1h 0m,CXR,0.0,7.0,13-04-2025
CXR0084,VietJet Air,798000,21:00,27 thg 4,22:00,27 thg 4,1h 0m,CXR,0.0,7.0,14-04-2025
CXR0084,VietJet Air,800993,21:00,27 thg 4,22:00,27 thg 4,1h 0m,CXR,0.0,7.0,15-04-2025
CXR0084,VietJet Air,839148,21:00,27 thg 4,22:00,27 thg 4,1h 0m,CXR,0.0,7.0,16-04-2025
CXR0084,VietJet Air,798998,21:00,27 thg 4,22:00,27 thg 4,1h 0m,CXR,0.0,7.0,17-04-2025
CXR0084,VietJet Air,799995,21:00,27 thg 4,22:00,27 thg 4,1h 0m,CXR,0.0,7.0,18-04-2025
CXR0084,VietJet Air,827925,21:00,27 thg 4,22:00,27 thg 4,1h 0m,CXR,0.0,7.0,19-04-2025
CXR0084,VietJet Air,822938,21:00,27 thg 4,22:00,27 thg 4,1h 0m,CXR,0.0,7.0,20-04-2025
CXR0084,VietJet Air,835905,21:00,27 thg 4,22:00,27 thg 4,1h 0m,CXR,0.0,7.0,21-04-2025
CXR0084,VietJet Air,833910,21:00,27 thg 4,22:00,27 thg 4,1h 0m,CXR,0.0,7.0,22-04-2025
CXR0084,VietJet Air,836903,21:00,27 thg 4,22:00,27 thg 4,1h 0m,CXR,0.0,7.0,23-04-2025
CXR0084,VietJet Air,829920,21:00,27 thg 4,22:00,27 thg 4,1h 0m,CXR,0.0,7.0,24-04-2025
CXR0084,VietJet Air,831915,21:00,27 thg 4,22:00,27 thg 4,1h 0m,CXR,0.0,7.0,25-04-2025
CXR0084,VietJet Air,830918,21:00,27 thg 4,22:00,27 thg 4,1h 0m,CXR,0.0,7.0,26-04-2025
CXR0085,VietJet Air,814791,21:00,28 thg 4,22:00,28 thg 4,1h 0m,CXR,0.0,7.0,08-04-2025
CXR0085,VietJet Air,820875,21:00,28 thg 4,22:00,28 thg 4,1h 0m,CXR,0.0,7.0,09-04-2025
CXR0085,VietJet Air,826000,21:00,28 thg 4,22:00,28 thg 4,1h 0m,CXR,0.0,7.0,10-04-2025
CXR0085,VietJet Air,819880,21:00,28 thg 4,22:00,28 thg 4,1h 0m,CXR,0.0,7.0,11-04-2025
CXR0085,VietJet Air,828000,21:00,28 thg 4,22:00,28 thg 4,1h 0m,CXR,0.0,7.0,12-04-2025
CXR0085,VietJet Air,827840,21:00,28 thg 4,22:00,28 thg 4,1h 0m,CXR,0.0,7.0,13-04-2025
CXR0085,VietJet Air,798998,21:00,28 thg 4,22:00,28 thg 4,1h 0m,CXR,0.0,7.0,14-04-2025
CXR0085,VietJet Air,825930,21:00,28 thg 4,22:00,28 thg 4,1h 0m,CXR,0.0,7.0,15-04-2025
CXR0085,VietJet Air,839148,21:00,28 thg 4,22:00,28 thg 4,1h 0m,CXR,0.0,7.0,16-04-2025
CXR0085,VietJet Air,799995,21:00,28 thg 4,22:00,28 thg 4,1h 0m,CXR,0.0,7.0,17-04-2025
CXR0085,VietJet Air,799995,21:00,28 thg 4,22:00,28 thg 4,1h 0m,CXR,0.0,7.0,18-04-2025
CXR0085,VietJet Air,827925,21:00,28 thg 4,22:00,28 thg 4,1h 0m,CXR,0.0,7.0,19-04-2025
CXR0085,VietJet Air,822938,21:00,28 thg 4,22:00,28 thg 4,1h 0m,CXR,0.0,7.0,20-04-2025
CXR0085,VietJet Air,835905,21:00,28 thg 4,22:00,28 thg 4,1h 0m,CXR,0.0,7.0,21-04-2025
CXR0085,VietJet Air,835905,21:00,28 thg 4,22:00,28 thg 4,1h 0m,CXR,0.0,7.0,22-04-2025
CXR0085,VietJet Air,836903,21:00,28 thg 4,22:00,28 thg 4,1h 0m,CXR,0.0,7.0,23-04-2025
CXR0085,VietJet Air,829920,21:00,28 thg 4,22:00,28 thg 4,1h 0m,CXR,0.0,7.0,24-04-2025
CXR0085,VietJet Air,831915,21:00,28 thg 4,22:00,28 thg 4,1h 0m,CXR,0.0,7.0,25-04-2025
CXR0085,VietJet Air,830918,21:00,28 thg 4,22:00,28 thg 4,1h 0m,CXR,0.0,7.0,26-04-2025
CXR0085,VietJet Air,1055355,21:00,28 thg 4,22:00,28 thg 4,1h 0m,CXR,0.0,7.0,27-04-2025
CXR0086,VietJet Air,1434000,21:00,30 thg 4,22:00,30 thg 4,1h 0m,CXR,0.0,7.0,10-04-2025
CXR0086,VietJet Air,1423845,21:00,30 thg 4,22:00,30 thg 4,1h 0m,CXR,0.0,7.0,11-04-2025
CXR0086,VietJet Air,1431000,21:00,30 thg 4,22:00,30 thg 4,1h 0m,CXR,0.0,7.0,12-04-2025
CXR0086,VietJet Air,1421855,21:00,30 thg 4,22:00,30 thg 4,1h 0m,CXR,0.0,7.0,13-04-2025
CXR0086,VietJet Air,1399493,21:00,30 thg 4,22:00,30 thg 4,1h 0m,CXR,0.0,7.0,14-04-2025
CXR0086,VietJet Air,1431413,21:00,30 thg 4,22:00,30 thg 4,1h 0m,CXR,0.0,7.0,15-04-2025
CXR0086,VietJet Air,1304310,21:00,30 thg 4,22:00,30 thg 4,1h 0m,CXR,0.0,7.0,16-04-2025
CXR0086,VietJet Air,1284780,21:00,30 thg 4,22:00,30 thg 4,1h 0m,CXR,0.0,7.0,17-04-2025
CXR0086,VietJet Air,1285778,21:00,30 thg 4,22:00,30 thg 4,1h 0m,CXR,0.0,7.0,18-04-2025
CXR0086,VietJet Air,1306725,21:00,30 thg 4,22:00,30 thg 4,1h 0m,CXR,0.0,7.0,19-04-2025
CXR0086,VietJet Air,1304730,21:00,30 thg 4,22:00,30 thg 4,1h 0m,CXR,0.0,7.0,20-04-2025
CXR0086,VietJet Air,1306725,21:00,30 thg 4,22:00,30 thg 4,1h 0m,CXR,0.0,7.0,21-04-2025
CXR0086,VietJet Air,835905,21:00,30 thg 4,22:00,30 thg 4,1h 0m,CXR,0.0,7.0,22-04-2025
CXR0086,VietJet Air,836903,21:00,30 thg 4,22:00,30 thg 4,1h 0m,CXR,0.0,7.0,23-04-2025
CXR0086,VietJet Air,1177050,21:00,30 thg 4,22:00,30 thg 4,1h 0m,CXR,0.0,7.0,24-04-2025
CXR0086,VietJet Air,1172063,21:00,30 thg 4,22:00,30 thg 4,1h 0m,CXR,0.0,7.0,25-04-2025
CXR0086,VietJet Air,1171065,21:00,30 thg 4,22:00,30 thg 4,1h 0m,CXR,0.0,7.0,26-04-2025
CXR0086,VietJet Air,1159095,21:00,30 thg 4,22:00,30 thg 4,1h 0m,CXR,0.0,7.0,27-04-2025
CXR0086,VietJet Air,1593008,21:00,30 thg 4,22:00,30 thg 4,1h 0m,CXR,0.0,7.0,28-04-2025
CXR0086,VietJet Air,1952108,21:00,30 thg 4,22:00,30 thg 4,1h 0m,CXR,0.0,7.0,29-04-2025
CXR0087,VietJet Air,838898,21:05,21 thg 4,22:00,21 thg 4,55m,CXR,0.0,7.0,21-04-2025
CXR0088,VietJet Air,1438395,21:45,01 thg 5,22:45,01 thg 5,1h 0m,CXR,0.0,7.0,30-04-2025
CXR0089,VietJet Air,798998,22:15,23 thg 4,23:15,23 thg 4,1h 0m,CXR,0.0,7.0,14-04-2025
CXR0089,VietJet Air,810968,22:15,23 thg 4,23:15,23 thg 4,1h 0m,CXR,0.0,7.0,15-04-2025
CXR0089,VietJet Air,839148,22:15,23 thg 4,23:15,23 thg 4,1h 0m,CXR,0.0,7.0,16-04-2025
CXR0089,VietJet Air,799995,22:15,23 thg 4,23:15,23 thg 4,1h 0m,CXR,0.0,7.0,17-04-2025
CXR0089,VietJet Air,814958,22:15,23 thg 4,23:15,23 thg 4,1h 0m,CXR,0.0,7.0,18-04-2025
CXR0089,VietJet Air,827925,22:15,23 thg 4,23:15,23 thg 4,1h 0m,CXR,0.0,7.0,19-04-2025
CXR0089,VietJet Air,823935,22:15,23 thg 4,23:15,23 thg 4,1h 0m,CXR,0.0,7.0,20-04-2025
CXR0089,VietJet Air,823935,22:15,23 thg 4,23:15,23 thg 4,1h 0m,CXR,0.0,7.0,21-04-2025
CXR0089,VietJet Air,855855,22:15,23 thg 4,23:15,23 thg 4,1h 0m,CXR,0.0,7.0,22-04-2025
CXR0090,VietJet Air,814791,23:05,28 thg 4,00:05,29 thg 4,1h 0m,CXR,0.0,7.0,08-04-2025
CXR0090,VietJet Air,820875,23:05,28 thg 4,00:05,29 thg 4,1h 0m,CXR,0.0,7.0,09-04-2025
CXR0090,VietJet Air,826000,23:05,28 thg 4,00:05,29 thg 4,1h 0m,CXR,0.0,7.0,10-04-2025
CXR0090,VietJet Air,819880,23:05,28 thg 4,00:05,29 thg 4,1h 0m,CXR,0.0,7.0,11-04-2025
CXR0090,VietJet Air,828000,23:05,28 thg 4,00:05,29 thg 4,1h 0m,CXR,0.0,7.0,12-04-2025
CXR0090,VietJet Air,827840,23:05,28 thg 4,00:05,29 thg 4,1h 0m,CXR,0.0,7.0,13-04-2025
CXR0090,VietJet Air,798998,23:05,28 thg 4,00:05,29 thg 4,1h 0m,CXR,0.0,7.0,14-04-2025
CXR0090,VietJet Air,817467,23:05,28 thg 4,00:05,29 thg 4,1h 0m,CXR,0.0,7.0,15-04-2025
CXR0090,VietJet Air,839148,23:05,28 thg 4,00:05,29 thg 4,1h 0m,CXR,0.0,7.0,16-04-2025
CXR0090,VietJet Air,799995,23:05,28 thg 4,00:05,29 thg 4,1h 0m,CXR,0.0,7.0,17-04-2025
CXR0090,VietJet Air,799995,23:05,28 thg 4,00:05,29 thg 4,1h 0m,CXR,0.0,7.0,18-04-2025
CXR0090,VietJet Air,827925,23:05,28 thg 4,00:05,29 thg 4,1h 0m,CXR,0.0,7.0,19-04-2025
CXR0090,VietJet Air,822938,23:05,28 thg 4,00:05,29 thg 4,1h 0m,CXR,0.0,7.0,20-04-2025
CXR0090,VietJet Air,835905,23:05,28 thg 4,00:05,29 thg 4,1h 0m,CXR,0.0,7.0,21-04-2025
CXR0090,VietJet Air,835905,23:05,28 thg 4,00:05,29 thg 4,1h 0m,CXR,0.0,7.0,22-04-2025
CXR0090,VietJet Air,836903,23:05,28 thg 4,00:05,29 thg 4,1h 0m,CXR,0.0,7.0,23-04-2025
CXR0090,VietJet Air,829920,23:05,28 thg 4,00:05,29 thg 4,1h 0m,CXR,0.0,7.0,24-04-2025
CXR0090,VietJet Air,831915,23:05,28 thg 4,00:05,29 thg 4,1h 0m,CXR,0.0,7.0,25-04-2025
CXR0090,VietJet Air,830918,23:05,28 thg 4,00:05,29 thg 4,1h 0m,CXR,0.0,7.0,26-04-2025
CXR0090,VietJet Air,828923,23:05,28 thg 4,00:05,29 thg 4,1h 0m,CXR,0.0,7.0,27-04-2025
CXR0091,Vietnam Airlines,2041956,04:10,30 thg 4,05:15,30 thg 4,1h 5m,CXR,23.0,12.0,28-04-2025
CXR0092,Vietnam Airlines,1760236,05:15,26 thg 4,06:20,26 thg 4,1h 5m,CXR,23.0,12.0,07-04-2025
CXR0092,Vietnam Airlines,1760236,05:15,26 thg 4,06:20,26 thg 4,1h 5m,CXR,23.0,12.0,08-04-2025
CXR0092,Vietnam Airlines,1759901,05:15,26 thg 4,06:20,26 thg 4,1h 5m,CXR,23.0,12.0,09-04-2025
CXR0092,Vietnam Airlines,1740258,05:15,26 thg 4,06:20,26 thg 4,1h 5m,CXR,23.0,12.0,10-04-2025
CXR0092,Vietnam Airlines,1738260,05:15,26 thg 4,06:20,26 thg 4,1h 5m,CXR,23.0,12.0,11-04-2025
CXR0092,Vietnam Airlines,1803195,05:15,26 thg 4,06:20,26 thg 4,1h 5m,CXR,23.0,12.0,12-04-2025
CXR0092,Vietnam Airlines,1796202,05:15,26 thg 4,06:20,26 thg 4,1h 5m,CXR,23.0,12.0,13-04-2025
CXR0092,Vietnam Airlines,1789209,05:15,26 thg 4,06:20,26 thg 4,1h 5m,CXR,23.0,12.0,14-04-2025
CXR0092,Vietnam Airlines,1798200,05:15,26 thg 4,06:20,26 thg 4,1h 5m,CXR,23.0,12.0,15-04-2025
CXR0092,Vietnam Airlines,1787100,05:15,26 thg 4,06:20,26 thg 4,1h 5m,CXR,23.0,12.0,16-04-2025
CXR0092,Vietnam Airlines,1753262,05:15,26 thg 4,06:20,26 thg 4,1h 5m,CXR,23.0,12.0,17-04-2025
CXR0092,Vietnam Airlines,1790208,05:15,26 thg 4,06:20,26 thg 4,1h 5m,CXR,23.0,12.0,18-04-2025
CXR0093,Vietnam Airlines,1996002,05:15,30 thg 4,06:20,30 thg 4,1h 5m,CXR,23.0,12.0,10-04-2025
CXR0093,Vietnam Airlines,1986012,05:15,30 thg 4,06:20,30 thg 4,1h 5m,CXR,23.0,12.0,11-04-2025
CXR0093,Vietnam Airlines,1998999,05:15,30 thg 4,06:20,30 thg 4,1h 5m,CXR,23.0,12.0,12-04-2025
CXR0093,Vietnam Airlines,1999998,05:15,30 thg 4,06:20,30 thg 4,1h 5m,CXR,23.0,12.0,13-04-2025
CXR0093,Vietnam Airlines,1971661,05:15,30 thg 4,06:20,30 thg 4,1h 5m,CXR,23.0,12.0,15-04-2025
CXR0093,Vietnam Airlines,2000250,05:15,30 thg 4,06:20,30 thg 4,1h 5m,CXR,23.0,12.0,16-04-2025
CXR0093,Vietnam Airlines,2009988,05:15,30 thg 4,06:20,30 thg 4,1h 5m,CXR,23.0,12.0,18-04-2025
CXR0093,Vietnam Airlines,2002995,05:15,30 thg 4,06:20,30 thg 4,1h 5m,CXR,23.0,12.0,19-04-2025
CXR0094,Vietnam Airlines,1989009,06:50,01 thg 5,08:05,01 thg 5,1h 15m,CXR,23.0,12.0,11-04-2025
CXR0094,Vietnam Airlines,1997001,06:50,01 thg 5,08:05,01 thg 5,1h 15m,CXR,23.0,12.0,12-04-2025
CXR0094,Vietnam Airlines,2014983,06:50,01 thg 5,08:05,01 thg 5,1h 15m,CXR,23.0,12.0,13-04-2025
CXR0094,Vietnam Airlines,2005992,06:50,01 thg 5,08:05,01 thg 5,1h 15m,CXR,23.0,12.0,19-04-2025
CXR0094,Vietnam Airlines,2004993,06:50,01 thg 5,08:05,01 thg 5,1h 15m,CXR,23.0,12.0,20-04-2025
CXR0094,Vietnam Airlines,2006991,06:50,01 thg 5,08:05,01 thg 5,1h 15m,CXR,23.0,12.0,21-04-2025
CXR0094,Vietnam Airlines,2010987,06:50,01 thg 5,08:05,01 thg 5,1h 15m,CXR,23.0,12.0,25-04-2025
CXR0094,Vietnam Airlines,2045827,06:50,01 thg 5,08:05,01 thg 5,1h 15m,CXR,23.0,12.0,26-04-2025
CXR0095,Vietnam Airlines,1499499,06:50,02 thg 5,08:05,02 thg 5,1h 15m,CXR,23.0,12.0,01-05-2025
CXR0095,Vietnam Airlines,1998999,06:50,02 thg 5,08:05,02 thg 5,1h 15m,CXR,23.0,12.0,12-04-2025
CXR0095,Vietnam Airlines,1998999,06:50,02 thg 5,08:05,02 thg 5,1h 15m,CXR,23.0,12.0,13-04-2025
CXR0095,Vietnam Airlines,2002995,06:50,02 thg 5,08:05,02 thg 5,1h 15m,CXR,23.0,12.0,17-04-2025
CXR0095,Vietnam Airlines,2005992,06:50,02 thg 5,08:05,02 thg 5,1h 15m,CXR,23.0,12.0,18-04-2025
CXR0095,Vietnam Airlines,2006991,06:50,02 thg 5,08:05,02 thg 5,1h 15m,CXR,23.0,12.0,21-04-2025
CXR0095,Vietnam Airlines,1161837,06:50,02 thg 5,08:05,02 thg 5,1h 15m,CXR,23.0,12.0,22-04-2025
CXR0095,Vietnam Airlines,1143855,06:50,02 thg 5,08:05,02 thg 5,1h 15m,CXR,23.0,12.0,23-04-2025
CXR0095,Vietnam Airlines,1139448,06:50,02 thg 5,08:05,02 thg 5,1h 15m,CXR,23.0,12.0,24-04-2025
CXR0095,Vietnam Airlines,1147851,06:50,02 thg 5,08:05,02 thg 5,1h 15m,CXR,23.0,12.0,25-04-2025
CXR0095,Vietnam Airlines,1142856,06:50,02 thg 5,08:05,02 thg 5,1h 15m,CXR,23.0,12.0,26-04-2025
CXR0095,Vietnam Airlines,1156842,06:50,02 thg 5,08:05,02 thg 5,1h 15m,CXR,23.0,12.0,27-04-2025
CXR0095,Vietnam Airlines,1239759,06:50,02 thg 5,08:05,02 thg 5,1h 15m,CXR,23.0,12.0,28-04-2025
CXR0095,Vietnam Airlines,1244754,06:50,02 thg 5,08:05,02 thg 5,1h 15m,CXR,23.0,12.0,29-04-2025
CXR0095,Vietnam Airlines,1480059,06:50,02 thg 5,08:05,02 thg 5,1h 15m,CXR,23.0,12.0,30-04-2025
CXR0096,Vietnam Airlines,1389609,06:50,03 thg 5,08:05,03 thg 5,1h 15m,CXR,23.0,12.0,01-05-2025
CXR0096,Vietnam Airlines,1383615,06:50,03 thg 5,08:05,03 thg 5,1h 15m,CXR,23.0,12.0,02-05-2025
CXR0096,Vietnam Airlines,1267731,06:50,03 thg 5,08:05,03 thg 5,1h 15m,CXR,23.0,12.0,13-04-2025
CXR0096,Vietnam Airlines,1267731,06:50,03 thg 5,08:05,03 thg 5,1h 15m,CXR,23.0,12.0,15-04-2025
CXR0096,Vietnam Airlines,1266300,06:50,03 thg 5,08:05,03 thg 5,1h 15m,CXR,23.0,12.0,16-04-2025
CXR0096,Vietnam Airlines,1258740,06:50,03 thg 5,08:05,03 thg 5,1h 15m,CXR,23.0,12.0,17-04-2025
CXR0096,Vietnam Airlines,1258740,06:50,03 thg 5,08:05,03 thg 5,1h 15m,CXR,23.0,12.0,18-04-2025
CXR0096,Vietnam Airlines,1162836,06:50,03 thg 5,08:05,03 thg 5,1h 15m,CXR,23.0,12.0,19-04-2025
CXR0096,Vietnam Airlines,1161837,06:50,03 thg 5,08:05,03 thg 5,1h 15m,CXR,23.0,12.0,20-04-2025
CXR0096,Vietnam Airlines,1162836,06:50,03 thg 5,08:05,03 thg 5,1h 15m,CXR,23.0,12.0,21-04-2025
CXR0096,Vietnam Airlines,1162836,06:50,03 thg 5,08:05,03 thg 5,1h 15m,CXR,23.0,12.0,22-04-2025
CXR0096,Vietnam Airlines,1165833,06:50,03 thg 5,08:05,03 thg 5,1h 15m,CXR,23.0,12.0,23-04-2025
CXR0096,Vietnam Airlines,1159839,06:50,03 thg 5,08:05,03 thg 5,1h 15m,CXR,23.0,12.0,24-04-2025
CXR0096,Vietnam Airlines,1147851,06:50,03 thg 5,08:05,03 thg 5,1h 15m,CXR,23.0,12.0,25-04-2025
CXR0096,Vietnam Airlines,1139316,06:50,03 thg 5,08:05,03 thg 5,1h 15m,CXR,23.0,12.0,26-04-2025
CXR0096,Vietnam Airlines,1264734,06:50,03 thg 5,08:05,03 thg 5,1h 15m,CXR,23.0,12.0,27-04-2025
CXR0096,Vietnam Airlines,1257741,06:50,03 thg 5,08:05,03 thg 5,1h 15m,CXR,23.0,12.0,28-04-2025
CXR0096,Vietnam Airlines,1251747,06:50,03 thg 5,08:05,03 thg 5,1h 15m,CXR,23.0,12.0,29-04-2025
CXR0096,Vietnam Airlines,1255240,06:50,03 thg 5,08:05,03 thg 5,1h 15m,CXR,23.0,12.0,30-04-2025
CXR0097,Vietnam Airlines,1159839,06:50,04 thg 5,08:05,04 thg 5,1h 15m,CXR,23.0,12.0,15-04-2025
CXR0097,Vietnam Airlines,1152900,06:50,04 thg 5,08:05,04 thg 5,1h 15m,CXR,23.0,12.0,16-04-2025
CXR0097,Vietnam Airlines,1164834,06:50,04 thg 5,08:05,04 thg 5,1h 15m,CXR,23.0,12.0,17-04-2025
CXR0097,Vietnam Airlines,1147851,06:50,04 thg 5,08:05,04 thg 5,1h 15m,CXR,23.0,12.0,18-04-2025
CXR0097,Vietnam Airlines,1155843,06:50,04 thg 5,08:05,04 thg 5,1h 15m,CXR,23.0,12.0,19-04-2025
CXR0097,Vietnam Airlines,1161837,06:50,04 thg 5,08:05,04 thg 5,1h 15m,CXR,23.0,12.0,20-04-2025
CXR0097,Vietnam Airlines,1162836,06:50,04 thg 5,08:05,04 thg 5,1h 15m,CXR,23.0,12.0,21-04-2025
CXR0097,Vietnam Airlines,1154844,06:50,04 thg 5,08:05,04 thg 5,1h 15m,CXR,23.0,12.0,22-04-2025
CXR0097,Vietnam Airlines,1150848,06:50,04 thg 5,08:05,04 thg 5,1h 15m,CXR,23.0,12.0,23-04-2025
CXR0097,Vietnam Airlines,1148850,06:50,04 thg 5,08:05,04 thg 5,1h 15m,CXR,23.0,12.0,24-04-2025
CXR0097,Vietnam Airlines,1147851,06:50,04 thg 5,08:05,04 thg 5,1h 15m,CXR,23.0,12.0,25-04-2025
CXR0097,Vietnam Airlines,1139316,06:50,04 thg 5,08:05,04 thg 5,1h 15m,CXR,23.0,12.0,26-04-2025
CXR0097,Vietnam Airlines,1141857,06:50,04 thg 5,08:05,04 thg 5,1h 15m,CXR,23.0,12.0,27-04-2025
CXR0098,Vietnam Airlines,1145853,06:50,05 thg 5,08:05,05 thg 5,1h 15m,CXR,23.0,12.0,01-05-2025
CXR0098,Vietnam Airlines,1151847,06:50,05 thg 5,08:05,05 thg 5,1h 15m,CXR,23.0,12.0,02-05-2025
CXR0098,Vietnam Airlines,1255987,06:50,05 thg 5,08:05,05 thg 5,1h 15m,CXR,23.0,12.0,03-05-2025
CXR0098,Vietnam Airlines,1279719,06:50,05 thg 5,08:05,05 thg 5,1h 15m,CXR,23.0,12.0,04-05-2025
CXR0098,Vietnam Airlines,1156842,06:50,05 thg 5,08:05,05 thg 5,1h 15m,CXR,23.0,12.0,15-04-2025
CXR0098,Vietnam Airlines,1152900,06:50,05 thg 5,08:05,05 thg 5,1h 15m,CXR,23.0,12.0,16-04-2025
CXR0098,Vietnam Airlines,1163835,06:50,05 thg 5,08:05,05 thg 5,1h 15m,CXR,23.0,12.0,17-04-2025
CXR0098,Vietnam Airlines,1159839,06:50,05 thg 5,08:05,05 thg 5,1h 15m,CXR,23.0,12.0,18-04-2025
CXR0098,Vietnam Airlines,1144854,06:50,05 thg 5,08:05,05 thg 5,1h 15m,CXR,23.0,12.0,19-04-2025
CXR0098,Vietnam Airlines,1157841,06:50,05 thg 5,08:05,05 thg 5,1h 15m,CXR,23.0,12.0,20-04-2025
CXR0098,Vietnam Airlines,1164834,06:50,05 thg 5,08:05,05 thg 5,1h 15m,CXR,23.0,12.0,21-04-2025
CXR0098,Vietnam Airlines,1150848,06:50,05 thg 5,08:05,05 thg 5,1h 15m,CXR,23.0,12.0,22-04-2025
CXR0098,Vietnam Airlines,1143855,06:50,05 thg 5,08:05,05 thg 5,1h 15m,CXR,23.0,12.0,23-04-2025
CXR0098,Vietnam Airlines,1152846,06:50,05 thg 5,08:05,05 thg 5,1h 15m,CXR,23.0,12.0,24-04-2025
CXR0098,Vietnam Airlines,1147851,06:50,05 thg 5,08:05,05 thg 5,1h 15m,CXR,23.0,12.0,25-04-2025
CXR0098,Vietnam Airlines,1161837,06:50,05 thg 5,08:05,05 thg 5,1h 15m,CXR,23.0,12.0,26-04-2025
CXR0098,Vietnam Airlines,1149849,06:50,05 thg 5,08:05,05 thg 5,1h 15m,CXR,23.0,12.0,27-04-2025
CXR0098,Vietnam Airlines,1141759,06:50,05 thg 5,08:05,05 thg 5,1h 15m,CXR,23.0,12.0,28-04-2025
CXR0098,Vietnam Airlines,1143855,06:50,05 thg 5,08:05,05 thg 5,1h 15m,CXR,23.0,12.0,29-04-2025
CXR0098,Vietnam Airlines,1179170,06:50,05 thg 5,08:05,05 thg 5,1h 15m,CXR,23.0,12.0,30-04-2025
CXR0099,Vietnam Airlines,1142725,06:50,06 thg 5,08:05,06 thg 5,1h 15m,CXR,23.0,12.0,01-05-2025
CXR0099,Vietnam Airlines,1155843,06:50,06 thg 5,08:05,06 thg 5,1h 15m,CXR,23.0,12.0,02-05-2025
CXR0099,Vietnam Airlines,1166832,06:50,06 thg 5,08:05,06 thg 5,1h 15m,CXR,23.0,12.0,04-05-2025
CXR0099,Vietnam Airlines,1142509,06:50,06 thg 5,08:05,06 thg 5,1h 15m,CXR,23.0,10.0,05-05-2025
CXR0099,Vietnam Airlines,1141504,06:50,06 thg 5,08:05,06 thg 5,1h 15m,CXR,23.0,12.0,17-04-2025
CXR0099,Vietnam Airlines,1162836,06:50,06 thg 5,08:05,06 thg 5,1h 15m,CXR,23.0,12.0,18-04-2025
CXR0099,Vietnam Airlines,1133865,06:50,06 thg 5,08:05,06 thg 5,1h 15m,CXR,23.0,12.0,19-04-2025
CXR0099,Vietnam Airlines,1169829,06:50,06 thg 5,08:05,06 thg 5,1h 15m,CXR,23.0,12.0,20-04-2025
CXR0099,Vietnam Airlines,1164834,06:50,06 thg 5,08:05,06 thg 5,1h 15m,CXR,23.0,12.0,21-04-2025
CXR0099,Vietnam Airlines,1161837,06:50,06 thg 5,08:05,06 thg 5,1h 15m,CXR,23.0,12.0,22-04-2025
CXR0099,Vietnam Airlines,1135863,06:50,06 thg 5,08:05,06 thg 5,1h 15m,CXR,23.0,12.0,23-04-2025
CXR0099,Vietnam Airlines,1139448,06:50,06 thg 5,08:05,06 thg 5,1h 15m,CXR,23.0,12.0,24-04-2025
CXR0099,Vietnam Airlines,1147851,06:50,06 thg 5,08:05,06 thg 5,1h 15m,CXR,23.0,12.0,25-04-2025
CXR0099,Vietnam Airlines,1173825,06:50,06 thg 5,08:05,06 thg 5,1h 15m,CXR,23.0,12.0,26-04-2025
CXR0099,Vietnam Airlines,1164834,06:50,06 thg 5,08:05,06 thg 5,1h 15m,CXR,23.0,12.0,27-04-2025
CXR0099,Vietnam Airlines,1141759,06:50,06 thg 5,08:05,06 thg 5,1h 15m,CXR,23.0,12.0,28-04-2025
CXR0099,Vietnam Airlines,1165833,06:50,06 thg 5,08:05,06 thg 5,1h 15m,CXR,23.0,12.0,29-04-2025
CXR0099,Vietnam Airlines,1179170,06:50,06 thg 5,08:05,06 thg 5,1h 15m,CXR,23.0,12.0,30-04-2025
CXR0100,Vietnam Airlines,2045827,06:50,07 thg 5,08:05,07 thg 5,1h 15m,CXR,23.0,12.0,03-05-2025
CXR0100,Vietnam Airlines,1579186,06:50,07 thg 5,08:05,07 thg 5,1h 15m,CXR,23.0,12.0,17-04-2025
CXR0100,Vietnam Airlines,1609389,06:50,07 thg 5,08:05,07 thg 5,1h 15m,CXR,23.0,12.0,18-04-2025
CXR0100,Vietnam Airlines,1697301,06:50,07 thg 5,08:05,07 thg 5,1h 15m,CXR,23.0,12.0,20-04-2025
CXR0100,Vietnam Airlines,1696302,06:50,07 thg 5,08:05,07 thg 5,1h 15m,CXR,23.0,12.0,21-04-2025
CXR0100,Vietnam Airlines,1687311,06:50,07 thg 5,08:05,07 thg 5,1h 15m,CXR,23.0,12.0,22-04-2025
CXR0100,Vietnam Airlines,1713285,06:50,07 thg 5,08:05,07 thg 5,1h 15m,CXR,23.0,12.0,23-04-2025
CXR0100,Vietnam Airlines,1780218,06:50,07 thg 5,08:05,07 thg 5,1h 15m,CXR,23.0,12.0,24-04-2025
CXR0100,Vietnam Airlines,1775223,06:50,07 thg 5,08:05,07 thg 5,1h 15m,CXR,23.0,12.0,25-04-2025
CXR0100,Vietnam Airlines,1778220,06:50,07 thg 5,08:05,07 thg 5,1h 15m,CXR,23.0,12.0,26-04-2025
CXR0100,Vietnam Airlines,1912086,06:50,07 thg 5,08:05,07 thg 5,1h 15m,CXR,23.0,12.0,27-04-2025
CXR0101,Vietnam Airlines,1256742,06:50,08 thg 5,08:05,08 thg 5,1h 15m,CXR,23.0,12.0,01-05-2025
CXR0101,Vietnam Airlines,1256742,06:50,08 thg 5,08:05,08 thg 5,1h 15m,CXR,23.0,12.0,02-05-2025
CXR0101,Vietnam Airlines,1392606,06:50,08 thg 5,08:05,08 thg 5,1h 15m,CXR,23.0,12.0,04-05-2025
CXR0101,Vietnam Airlines,1708290,06:50,08 thg 5,08:05,08 thg 5,1h 15m,CXR,23.0,10.0,05-05-2025
CXR0101,Vietnam Airlines,2004993,06:50,08 thg 5,08:05,08 thg 5,1h 15m,CXR,23.0,10.0,06-05-2025
CXR0101,Vietnam Airlines,1162836,06:50,08 thg 5,08:05,08 thg 5,1h 15m,CXR,23.0,12.0,18-04-2025
CXR0101,Vietnam Airlines,1147851,06:50,08 thg 5,08:05,08 thg 5,1h 15m,CXR,23.0,12.0,19-04-2025
CXR0101,Vietnam Airlines,1265733,06:50,08 thg 5,08:05,08 thg 5,1h 15m,CXR,23.0,12.0,20-04-2025
CXR0101,Vietnam Airlines,1264734,06:50,08 thg 5,08:05,08 thg 5,1h 15m,CXR,23.0,12.0,21-04-2025
CXR0101,Vietnam Airlines,1254744,06:50,08 thg 5,08:05,08 thg 5,1h 15m,CXR,23.0,12.0,22-04-2025
CXR0101,Vietnam Airlines,1272726,06:50,08 thg 5,08:05,08 thg 5,1h 15m,CXR,23.0,12.0,23-04-2025
CXR0101,Vietnam Airlines,1264734,06:50,08 thg 5,08:05,08 thg 5,1h 15m,CXR,23.0,12.0,24-04-2025
CXR0101,Vietnam Airlines,1256742,06:50,08 thg 5,08:05,08 thg 5,1h 15m,CXR,23.0,12.0,25-04-2025
CXR0101,Vietnam Airlines,1250748,06:50,08 thg 5,08:05,08 thg 5,1h 15m,CXR,23.0,12.0,26-04-2025
CXR0101,Vietnam Airlines,1249749,06:50,08 thg 5,08:05,08 thg 5,1h 15m,CXR,23.0,12.0,27-04-2025
CXR0101,Vietnam Airlines,1254063,06:50,08 thg 5,08:05,08 thg 5,1h 15m,CXR,23.0,12.0,28-04-2025
CXR0101,Vietnam Airlines,1251747,06:50,08 thg 5,08:05,08 thg 5,1h 15m,CXR,23.0,12.0,29-04-2025
CXR0101,Vietnam Airlines,1273725,06:50,08 thg 5,08:05,08 thg 5,1h 15m,CXR,23.0,12.0,30-04-2025
CXR0102,Vietnam Airlines,1755153,06:50,09 thg 5,08:05,09 thg 5,1h 15m,CXR,23.0,12.0,01-05-2025
CXR0102,Vietnam Airlines,1785213,06:50,09 thg 5,08:05,09 thg 5,1h 15m,CXR,23.0,12.0,02-05-2025
CXR0102,Vietnam Airlines,1801197,06:50,09 thg 5,08:05,09 thg 5,1h 15m,CXR,23.0,12.0,04-05-2025
CXR0102,Vietnam Airlines,1798200,06:50,09 thg 5,08:05,09 thg 5,1h 15m,CXR,23.0,10.0,05-05-2025
CXR0102,Vietnam Airlines,1901280,06:50,09 thg 5,08:05,09 thg 5,1h 15m,CXR,23.0,10.0,06-05-2025
CXR0102,Vietnam Airlines,2017980,06:50,09 thg 5,08:05,09 thg 5,1h 15m,CXR,23.0,10.0,07-05-2025
CXR0102,Vietnam Airlines,1698300,06:50,09 thg 5,08:05,09 thg 5,1h 15m,CXR,23.0,12.0,19-04-2025
CXR0102,Vietnam Airlines,1697301,06:50,09 thg 5,08:05,09 thg 5,1h 15m,CXR,23.0,12.0,20-04-2025
CXR0102,Vietnam Airlines,1711287,06:50,09 thg 5,08:05,09 thg 5,1h 15m,CXR,23.0,12.0,21-04-2025
CXR0102,Vietnam Airlines,1787211,06:50,09 thg 5,08:05,09 thg 5,1h 15m,CXR,23.0,12.0,22-04-2025
CXR0102,Vietnam Airlines,1784214,06:50,09 thg 5,08:05,09 thg 5,1h 15m,CXR,23.0,12.0,23-04-2025
CXR0102,Vietnam Airlines,1750073,06:50,09 thg 5,08:05,09 thg 5,1h 15m,CXR,23.0,12.0,24-04-2025
CXR0102,Vietnam Airlines,1775223,06:50,09 thg 5,08:05,09 thg 5,1h 15m,CXR,23.0,12.0,25-04-2025
CXR0102,Vietnam Airlines,1770228,06:50,09 thg 5,08:05,09 thg 5,1h 15m,CXR,23.0,12.0,26-04-2025
CXR0102,Vietnam Airlines,1759239,06:50,09 thg 5,08:05,09 thg 5,1h 15m,CXR,23.0,12.0,27-04-2025
CXR0102,Vietnam Airlines,1753657,06:50,09 thg 5,08:05,09 thg 5,1h 15m,CXR,23.0,12.0,28-04-2025
CXR0102,Vietnam Airlines,1788210,06:50,09 thg 5,08:05,09 thg 5,1h 15m,CXR,23.0,12.0,29-04-2025
CXR0102,Vietnam Airlines,1784214,06:50,09 thg 5,08:05,09 thg 5,1h 15m,CXR,23.0,12.0,30-04-2025
CXR0103,Vietnam Airlines,1696302,06:50,10 thg 5,08:05,10 thg 5,1h 15m,CXR,23.0,12.0,01-05-2025
CXR0103,Vietnam Airlines,1697301,06:50,10 thg 5,08:05,10 thg 5,1h 15m,CXR,23.0,12.0,02-05-2025
CXR0103,Vietnam Airlines,1715283,06:50,10 thg 5,08:05,10 thg 5,1h 15m,CXR,23.0,12.0,04-05-2025
CXR0103,Vietnam Airlines,2004993,06:50,10 thg 5,08:05,10 thg 5,1h 15m,CXR,23.0,10.0,05-05-2025
CXR0103,Vietnam Airlines,1994004,06:50,10 thg 5,08:05,10 thg 5,1h 15m,CXR,23.0,10.0,06-05-2025
CXR0103,Vietnam Airlines,1992006,06:50,10 thg 5,08:05,10 thg 5,1h 15m,CXR,23.0,10.0,07-05-2025
CXR0103,Vietnam Airlines,2045827,06:50,10 thg 5,08:05,10 thg 5,1h 15m,CXR,23.0,10.0,09-05-2025
CXR0103,Vietnam Airlines,1577200,06:50,10 thg 5,08:05,10 thg 5,1h 15m,CXR,23.0,12.0,20-04-2025
CXR0103,Vietnam Airlines,1576525,06:50,10 thg 5,08:05,10 thg 5,1h 15m,CXR,23.0,12.0,21-04-2025
CXR0103,Vietnam Airlines,1571427,06:50,10 thg 5,08:05,10 thg 5,1h 15m,CXR,23.0,12.0,22-04-2025
CXR0103,Vietnam Airlines,1660781,06:50,10 thg 5,08:05,10 thg 5,1h 15m,CXR,23.0,12.0,23-04-2025
CXR0103,Vietnam Airlines,1701297,06:50,10 thg 5,08:05,10 thg 5,1h 15m,CXR,23.0,12.0,24-04-2025
CXR0103,Vietnam Airlines,1696302,06:50,10 thg 5,08:05,10 thg 5,1h 15m,CXR,23.0,12.0,25-04-2025
CXR0103,Vietnam Airlines,1699299,06:50,10 thg 5,08:05,10 thg 5,1h 15m,CXR,23.0,12.0,26-04-2025
CXR0103,Vietnam Airlines,1689309,06:50,10 thg 5,08:05,10 thg 5,1h 15m,CXR,23.0,12.0,27-04-2025
CXR0103,Vietnam Airlines,1674324,06:50,10 thg 5,08:05,10 thg 5,1h 15m,CXR,23.0,12.0,28-04-2025
CXR0103,Vietnam Airlines,1679319,06:50,10 thg 5,08:05,10 thg 5,1h 15m,CXR,23.0,12.0,29-04-2025
CXR0103,Vietnam Airlines,1735463,06:50,10 thg 5,08:05,10 thg 5,1h 15m,CXR,23.0,12.0,30-04-2025
CXR0104,Vietnam Airlines,1142725,06:50,11 thg 5,08:05,11 thg 5,1h 15m,CXR,23.0,12.0,01-05-2025
CXR0104,Vietnam Airlines,1155843,06:50,11 thg 5,08:05,11 thg 5,1h 15m,CXR,23.0,12.0,02-05-2025
CXR0104,Vietnam Airlines,1149849,06:50,11 thg 5,08:05,11 thg 5,1h 15m,CXR,23.0,12.0,03-05-2025
CXR0104,Vietnam Airlines,1132866,06:50,11 thg 5,08:05,11 thg 5,1h 15m,CXR,23.0,12.0,04-05-2025
CXR0104,Vietnam Airlines,1164834,06:50,11 thg 5,08:05,11 thg 5,1h 15m,CXR,23.0,12.0,21-04-2025
CXR0104,Vietnam Airlines,1162836,06:50,11 thg 5,08:05,11 thg 5,1h 15m,CXR,23.0,12.0,22-04-2025
CXR0104,Vietnam Airlines,1135863,06:50,11 thg 5,08:05,11 thg 5,1h 15m,CXR,23.0,12.0,23-04-2025
CXR0104,Vietnam Airlines,1139448,06:50,11 thg 5,08:05,11 thg 5,1h 15m,CXR,23.0,12.0,24-04-2025
CXR0104,Vietnam Airlines,1147851,06:50,11 thg 5,08:05,11 thg 5,1h 15m,CXR,23.0,12.0,25-04-2025
CXR0104,Vietnam Airlines,1179170,06:50,11 thg 5,08:05,11 thg 5,1h 15m,CXR,23.0,12.0,26-04-2025
CXR0104,Vietnam Airlines,1127871,06:50,11 thg 5,08:05,11 thg 5,1h 15m,CXR,23.0,12.0,27-04-2025
CXR0104,Vietnam Airlines,1141759,06:50,11 thg 5,08:05,11 thg 5,1h 15m,CXR,23.0,12.0,28-04-2025
CXR0104,Vietnam Airlines,1165833,06:50,11 thg 5,08:05,11 thg 5,1h 15m,CXR,23.0,12.0,29-04-2025
CXR0105,Vietnam Airlines,1247264,06:50,21 thg 4,08:05,21 thg 4,1h 15m,CXR,23.0,12.0,07-04-2025
CXR0105,Vietnam Airlines,1247264,06:50,21 thg 4,08:05,21 thg 4,1h 15m,CXR,23.0,12.0,08-04-2025
CXR0105,Vietnam Airlines,1247751,06:50,21 thg 4,08:05,21 thg 4,1h 15m,CXR,23.0,12.0,09-04-2025
CXR0105,Vietnam Airlines,1246560,06:50,21 thg 4,08:05,21 thg 4,1h 15m,CXR,23.0,12.0,10-04-2025
CXR0105,Vietnam Airlines,1234764,06:50,21 thg 4,08:05,21 thg 4,1h 15m,CXR,23.0,12.0,11-04-2025
CXR0105,Vietnam Airlines,1281717,06:50,21 thg 4,08:05,21 thg 4,1h 15m,CXR,23.0,12.0,12-04-2025
CXR0105,Vietnam Airlines,1264734,06:50,21 thg 4,08:05,21 thg 4,1h 15m,CXR,23.0,12.0,13-04-2025
CXR0105,Vietnam Airlines,1381617,06:50,21 thg 4,08:05,21 thg 4,1h 15m,CXR,23.0,12.0,15-04-2025
CXR0105,Vietnam Airlines,1379700,06:50,21 thg 4,08:05,21 thg 4,1h 15m,CXR,23.0,12.0,16-04-2025
CXR0105,Vietnam Airlines,1391607,06:50,21 thg 4,08:05,21 thg 4,1h 15m,CXR,23.0,12.0,17-04-2025
CXR0105,Vietnam Airlines,1504494,06:50,21 thg 4,08:05,21 thg 4,1h 15m,CXR,23.0,12.0,18-04-2025
CXR0105,Vietnam Airlines,1282716,06:50,21 thg 4,08:05,21 thg 4,1h 15m,CXR,23.0,12.0,19-04-2025
CXR0105,Vietnam Airlines,1392606,06:50,21 thg 4,08:05,21 thg 4,1h 15m,CXR,23.0,12.0,20-04-2025
CXR0106,Vietnam Airlines,1247264,06:50,22 thg 4,08:05,22 thg 4,1h 15m,CXR,23.0,12.0,07-04-2025
CXR0106,Vietnam Airlines,1358960,06:50,22 thg 4,08:05,22 thg 4,1h 15m,CXR,23.0,12.0,08-04-2025
CXR0106,Vietnam Airlines,1381617,06:50,22 thg 4,08:05,22 thg 4,1h 15m,CXR,23.0,12.0,09-04-2025
CXR0106,Vietnam Airlines,1358193,06:50,22 thg 4,08:05,22 thg 4,1h 15m,CXR,23.0,12.0,10-04-2025
CXR0106,Vietnam Airlines,1370628,06:50,22 thg 4,08:05,22 thg 4,1h 15m,CXR,23.0,12.0,11-04-2025
CXR0106,Vietnam Airlines,1248750,06:50,22 thg 4,08:05,22 thg 4,1h 15m,CXR,23.0,12.0,12-04-2025
CXR0106,Vietnam Airlines,1279719,06:50,22 thg 4,08:05,22 thg 4,1h 15m,CXR,23.0,12.0,13-04-2025
CXR0106,Vietnam Airlines,1267731,06:50,22 thg 4,08:05,22 thg 4,1h 15m,CXR,23.0,12.0,15-04-2025
CXR0106,Vietnam Airlines,1266300,06:50,22 thg 4,08:05,22 thg 4,1h 15m,CXR,23.0,12.0,16-04-2025
CXR0106,Vietnam Airlines,1253784,06:50,22 thg 4,08:05,22 thg 4,1h 15m,CXR,23.0,12.0,17-04-2025
CXR0106,Vietnam Airlines,1263735,06:50,22 thg 4,08:05,22 thg 4,1h 15m,CXR,23.0,12.0,18-04-2025
CXR0106,Vietnam Airlines,1133865,06:50,22 thg 4,08:05,22 thg 4,1h 15m,CXR,23.0,12.0,19-04-2025
CXR0106,Vietnam Airlines,1362636,06:50,22 thg 4,08:05,22 thg 4,1h 15m,CXR,23.0,12.0,20-04-2025
CXR0106,Vietnam Airlines,1362636,06:50,22 thg 4,08:05,22 thg 4,1h 15m,CXR,23.0,12.0,21-04-2025
CXR0107,Vietnam Airlines,1247264,06:50,23 thg 4,08:05,23 thg 4,1h 15m,CXR,23.0,12.0,07-04-2025
CXR0107,Vietnam Airlines,1247264,06:50,23 thg 4,08:05,23 thg 4,1h 15m,CXR,23.0,12.0,08-04-2025
CXR0107,Vietnam Airlines,1358702,06:50,23 thg 4,08:05,23 thg 4,1h 15m,CXR,23.0,12.0,09-04-2025
CXR0107,Vietnam Airlines,1358193,06:50,23 thg 4,08:05,23 thg 4,1h 15m,CXR,23.0,12.0,10-04-2025
CXR0107,Vietnam Airlines,1264734,06:50,23 thg 4,08:05,23 thg 4,1h 15m,CXR,23.0,12.0,11-04-2025
CXR0107,Vietnam Airlines,1262736,06:50,23 thg 4,08:05,23 thg 4,1h 15m,CXR,23.0,12.0,12-04-2025
CXR0107,Vietnam Airlines,1264734,06:50,23 thg 4,08:05,23 thg 4,1h 15m,CXR,23.0,12.0,13-04-2025
CXR0107,Vietnam Airlines,1496502,06:50,23 thg 4,08:05,23 thg 4,1h 15m,CXR,23.0,12.0,15-04-2025
CXR0107,Vietnam Airlines,1493100,06:50,23 thg 4,08:05,23 thg 4,1h 15m,CXR,23.0,12.0,16-04-2025
CXR0107,Vietnam Airlines,1241757,06:50,23 thg 4,08:05,23 thg 4,1h 15m,CXR,23.0,12.0,19-04-2025
CXR0108,Vietnam Airlines,1470656,06:50,24 thg 4,08:05,24 thg 4,1h 15m,CXR,23.0,12.0,07-04-2025
CXR0108,Vietnam Airlines,1470656,06:50,24 thg 4,08:05,24 thg 4,1h 15m,CXR,23.0,12.0,08-04-2025
CXR0108,Vietnam Airlines,1462536,06:50,24 thg 4,08:05,24 thg 4,1h 15m,CXR,23.0,12.0,09-04-2025
CXR0108,Vietnam Airlines,1493505,06:50,24 thg 4,08:05,24 thg 4,1h 15m,CXR,23.0,12.0,10-04-2025
CXR0108,Vietnam Airlines,1488510,06:50,24 thg 4,08:05,24 thg 4,1h 15m,CXR,23.0,12.0,11-04-2025
CXR0108,Vietnam Airlines,1492506,06:50,24 thg 4,08:05,24 thg 4,1h 15m,CXR,23.0,12.0,12-04-2025
CXR0108,Vietnam Airlines,1508490,06:50,24 thg 4,08:05,24 thg 4,1h 15m,CXR,23.0,12.0,13-04-2025
CXR0108,Vietnam Airlines,1527121,06:50,24 thg 4,08:05,24 thg 4,1h 15m,CXR,23.0,12.0,14-04-2025
CXR0108,Vietnam Airlines,1572154,06:50,24 thg 4,08:05,24 thg 4,1h 15m,CXR,23.0,12.0,15-04-2025
CXR0108,Vietnam Airlines,1594950,06:50,24 thg 4,08:05,24 thg 4,1h 15m,CXR,23.0,12.0,16-04-2025
CXR0108,Vietnam Airlines,1590408,06:50,24 thg 4,08:05,24 thg 4,1h 15m,CXR,23.0,12.0,17-04-2025
CXR0108,Vietnam Airlines,1690308,06:50,24 thg 4,08:05,24 thg 4,1h 15m,CXR,23.0,12.0,18-04-2025
CXR0108,Vietnam Airlines,1386612,06:50,24 thg 4,08:05,24 thg 4,1h 15m,CXR,23.0,12.0,19-04-2025
CXR0108,Vietnam Airlines,1605393,06:50,24 thg 4,08:05,24 thg 4,1h 15m,CXR,23.0,12.0,20-04-2025
CXR0108,Vietnam Airlines,1411137,06:50,24 thg 4,08:05,24 thg 4,1h 15m,CXR,23.0,12.0,21-04-2025
CXR0109,Vietnam Airlines,1760236,06:50,25 thg 4,08:05,25 thg 4,1h 15m,CXR,23.0,12.0,07-04-2025
CXR0109,Vietnam Airlines,1760236,06:50,25 thg 4,08:05,25 thg 4,1h 15m,CXR,23.0,12.0,08-04-2025
CXR0109,Vietnam Airlines,1753245,06:50,25 thg 4,08:05,25 thg 4,1h 15m,CXR,23.0,12.0,09-04-2025
CXR0109,Vietnam Airlines,1852146,06:50,25 thg 4,08:05,25 thg 4,1h 15m,CXR,23.0,12.0,10-04-2025
CXR0109,Vietnam Airlines,1849149,06:50,25 thg 4,08:05,25 thg 4,1h 15m,CXR,23.0,12.0,11-04-2025
CXR0109,Vietnam Airlines,1899099,06:50,25 thg 4,08:05,25 thg 4,1h 15m,CXR,23.0,12.0,12-04-2025
CXR0109,Vietnam Airlines,1897101,06:50,25 thg 4,08:05,25 thg 4,1h 15m,CXR,23.0,12.0,13-04-2025
CXR0109,Vietnam Airlines,1889109,06:50,25 thg 4,08:05,25 thg 4,1h 15m,CXR,23.0,12.0,14-04-2025
CXR0109,Vietnam Airlines,1890108,06:50,25 thg 4,08:05,25 thg 4,1h 15m,CXR,23.0,12.0,15-04-2025
CXR0109,Vietnam Airlines,1878450,06:50,25 thg 4,08:05,25 thg 4,1h 15m,CXR,23.0,12.0,16-04-2025
CXR0109,Vietnam Airlines,1891107,06:50,25 thg 4,08:05,25 thg 4,1h 15m,CXR,23.0,12.0,17-04-2025
CXR0109,Vietnam Airlines,1887111,06:50,25 thg 4,08:05,25 thg 4,1h 15m,CXR,23.0,12.0,18-04-2025
CXR0109,Vietnam Airlines,1505493,06:50,25 thg 4,08:05,25 thg 4,1h 15m,CXR,23.0,12.0,19-04-2025
CXR0109,Vietnam Airlines,1496502,06:50,25 thg 4,08:05,25 thg 4,1h 15m,CXR,23.0,12.0,20-04-2025
CXR0109,Vietnam Airlines,1496502,06:50,25 thg 4,08:05,25 thg 4,1h 15m,CXR,23.0,12.0,21-04-2025
CXR0109,Vietnam Airlines,1573425,06:50,25 thg 4,08:05,25 thg 4,1h 15m,CXR,23.0,12.0,22-04-2025
CXR0109,Vietnam Airlines,1574424,06:50,25 thg 4,08:05,25 thg 4,1h 15m,CXR,23.0,12.0,23-04-2025
CXR0109,Vietnam Airlines,1772226,06:50,25 thg 4,08:05,25 thg 4,1h 15m,CXR,23.0,12.0,24-04-2025
CXR0110,Vietnam Airlines,1760236,06:50,26 thg 4,08:05,26 thg 4,1h 15m,CXR,23.0,12.0,07-04-2025
CXR0110,Vietnam Airlines,1760236,06:50,26 thg 4,08:05,26 thg 4,1h 15m,CXR,23.0,12.0,08-04-2025
CXR0110,Vietnam Airlines,1759901,06:50,26 thg 4,08:05,26 thg 4,1h 15m,CXR,23.0,12.0,09-04-2025
CXR0110,Vietnam Airlines,1744254,06:50,26 thg 4,08:05,26 thg 4,1h 15m,CXR,23.0,12.0,10-04-2025
CXR0110,Vietnam Airlines,1742256,06:50,26 thg 4,08:05,26 thg 4,1h 15m,CXR,23.0,12.0,11-04-2025
CXR0110,Vietnam Airlines,1799199,06:50,26 thg 4,08:05,26 thg 4,1h 15m,CXR,23.0,12.0,12-04-2025
CXR0110,Vietnam Airlines,1808190,06:50,26 thg 4,08:05,26 thg 4,1h 15m,CXR,23.0,12.0,13-04-2025
CXR0110,Vietnam Airlines,1797201,06:50,26 thg 4,08:05,26 thg 4,1h 15m,CXR,23.0,12.0,14-04-2025
CXR0110,Vietnam Airlines,1798200,06:50,26 thg 4,08:05,26 thg 4,1h 15m,CXR,23.0,12.0,15-04-2025
CXR0110,Vietnam Airlines,1878450,06:50,26 thg 4,08:05,26 thg 4,1h 15m,CXR,23.0,12.0,16-04-2025
CXR0110,Vietnam Airlines,1788210,06:50,26 thg 4,08:05,26 thg 4,1h 15m,CXR,23.0,12.0,17-04-2025
CXR0110,Vietnam Airlines,1880118,06:50,26 thg 4,08:05,26 thg 4,1h 15m,CXR,23.0,12.0,18-04-2025
CXR0110,Vietnam Airlines,1505493,06:50,26 thg 4,08:05,26 thg 4,1h 15m,CXR,23.0,12.0,19-04-2025
CXR0110,Vietnam Airlines,1496502,06:50,26 thg 4,08:05,26 thg 4,1h 15m,CXR,23.0,12.0,20-04-2025
CXR0110,Vietnam Airlines,1497501,06:50,26 thg 4,08:05,26 thg 4,1h 15m,CXR,23.0,12.0,21-04-2025
CXR0110,Vietnam Airlines,1750281,06:50,26 thg 4,08:05,26 thg 4,1h 15m,CXR,23.0,12.0,22-04-2025
CXR0110,Vietnam Airlines,1761237,06:50,26 thg 4,08:05,26 thg 4,1h 15m,CXR,23.0,12.0,23-04-2025
CXR0110,Vietnam Airlines,1768230,06:50,26 thg 4,08:05,26 thg 4,1h 15m,CXR,23.0,12.0,24-04-2025
CXR0110,Vietnam Airlines,1892106,06:50,26 thg 4,08:05,26 thg 4,1h 15m,CXR,23.0,12.0,25-04-2025
CXR0111,Vietnam Airlines,1760236,06:50,27 thg 4,08:05,27 thg 4,1h 15m,CXR,23.0,12.0,07-04-2025
CXR0111,Vietnam Airlines,1707291,06:50,27 thg 4,08:05,27 thg 4,1h 15m,CXR,23.0,12.0,08-04-2025
CXR0111,Vietnam Airlines,1777221,06:50,27 thg 4,08:05,27 thg 4,1h 15m,CXR,23.0,12.0,09-04-2025
CXR0111,Vietnam Airlines,1773225,06:50,27 thg 4,08:05,27 thg 4,1h 15m,CXR,23.0,12.0,10-04-2025
CXR0111,Vietnam Airlines,1767231,06:50,27 thg 4,08:05,27 thg 4,1h 15m,CXR,23.0,12.0,11-04-2025
CXR0111,Vietnam Airlines,1771227,06:50,27 thg 4,08:05,27 thg 4,1h 15m,CXR,23.0,12.0,12-04-2025
CXR0111,Vietnam Airlines,1778220,06:50,27 thg 4,08:05,27 thg 4,1h 15m,CXR,23.0,12.0,13-04-2025
CXR0111,Vietnam Airlines,1767231,06:50,27 thg 4,08:05,27 thg 4,1h 15m,CXR,23.0,12.0,14-04-2025
CXR0111,Vietnam Airlines,1768230,06:50,27 thg 4,08:05,27 thg 4,1h 15m,CXR,23.0,12.0,15-04-2025
CXR0111,Vietnam Airlines,1787100,06:50,27 thg 4,08:05,27 thg 4,1h 15m,CXR,23.0,12.0,16-04-2025
CXR0111,Vietnam Airlines,1783215,06:50,27 thg 4,08:05,27 thg 4,1h 15m,CXR,23.0,12.0,17-04-2025
CXR0111,Vietnam Airlines,1791207,06:50,27 thg 4,08:05,27 thg 4,1h 15m,CXR,23.0,12.0,18-04-2025
CXR0112,Vietnam Airlines,1570975,06:50,28 thg 4,08:05,28 thg 4,1h 15m,CXR,23.0,12.0,08-04-2025
CXR0112,Vietnam Airlines,1586412,06:50,28 thg 4,08:05,28 thg 4,1h 15m,CXR,23.0,12.0,09-04-2025
CXR0112,Vietnam Airlines,1569429,06:50,28 thg 4,08:05,28 thg 4,1h 15m,CXR,23.0,12.0,10-04-2025
CXR0112,Vietnam Airlines,1568430,06:50,28 thg 4,08:05,28 thg 4,1h 15m,CXR,23.0,12.0,11-04-2025
CXR0112,Vietnam Airlines,1570428,06:50,28 thg 4,08:05,28 thg 4,1h 15m,CXR,23.0,12.0,12-04-2025
CXR0112,Vietnam Airlines,1603395,06:50,28 thg 4,08:05,28 thg 4,1h 15m,CXR,23.0,12.0,13-04-2025
CXR0112,Vietnam Airlines,1601397,06:50,28 thg 4,08:05,28 thg 4,1h 15m,CXR,23.0,12.0,14-04-2025
CXR0112,Vietnam Airlines,1597401,06:50,28 thg 4,08:05,28 thg 4,1h 15m,CXR,23.0,12.0,15-04-2025
CXR0112,Vietnam Airlines,1594950,06:50,28 thg 4,08:05,28 thg 4,1h 15m,CXR,23.0,12.0,16-04-2025
CXR0112,Vietnam Airlines,1582416,06:50,28 thg 4,08:05,28 thg 4,1h 15m,CXR,23.0,12.0,17-04-2025
CXR0112,Vietnam Airlines,1586412,06:50,28 thg 4,08:05,28 thg 4,1h 15m,CXR,23.0,12.0,18-04-2025
CXR0112,Vietnam Airlines,1389609,06:50,28 thg 4,08:05,28 thg 4,1h 15m,CXR,23.0,12.0,19-04-2025
CXR0112,Vietnam Airlines,1380618,06:50,28 thg 4,08:05,28 thg 4,1h 15m,CXR,23.0,12.0,20-04-2025
CXR0112,Vietnam Airlines,1382616,06:50,28 thg 4,08:05,28 thg 4,1h 15m,CXR,23.0,12.0,21-04-2025
CXR0112,Vietnam Airlines,1490508,06:50,28 thg 4,08:05,28 thg 4,1h 15m,CXR,23.0,12.0,22-04-2025
CXR0112,Vietnam Airlines,1485513,06:50,28 thg 4,08:05,28 thg 4,1h 15m,CXR,23.0,12.0,23-04-2025
CXR0112,Vietnam Airlines,1503495,06:50,28 thg 4,08:05,28 thg 4,1h 15m,CXR,23.0,12.0,24-04-2025
CXR0112,Vietnam Airlines,1491507,06:50,28 thg 4,08:05,28 thg 4,1h 15m,CXR,23.0,12.0,25-04-2025
CXR0112,Vietnam Airlines,1490508,06:50,28 thg 4,08:05,28 thg 4,1h 15m,CXR,23.0,12.0,26-04-2025
CXR0112,Vietnam Airlines,1568430,06:50,28 thg 4,08:05,28 thg 4,1h 15m,CXR,23.0,12.0,27-04-2025
CXR0113,Vietnam Airlines,1998000,06:50,29 thg 4,08:05,29 thg 4,1h 15m,CXR,23.0,12.0,09-04-2025
CXR0113,Vietnam Airlines,1984014,06:50,29 thg 4,08:05,29 thg 4,1h 15m,CXR,23.0,12.0,10-04-2025
CXR0113,Vietnam Airlines,1975023,06:50,29 thg 4,08:05,29 thg 4,1h 15m,CXR,23.0,12.0,11-04-2025
CXR0113,Vietnam Airlines,1995003,06:50,29 thg 4,08:05,29 thg 4,1h 15m,CXR,23.0,12.0,12-04-2025
CXR0113,Vietnam Airlines,1984014,06:50,29 thg 4,08:05,29 thg 4,1h 15m,CXR,23.0,12.0,13-04-2025
CXR0113,Vietnam Airlines,1997001,06:50,29 thg 4,08:05,29 thg 4,1h 15m,CXR,23.0,12.0,14-04-2025
CXR0113,Vietnam Airlines,1996002,06:50,29 thg 4,08:05,29 thg 4,1h 15m,CXR,23.0,12.0,15-04-2025
CXR0113,Vietnam Airlines,1906092,06:50,29 thg 4,08:05,29 thg 4,1h 15m,CXR,23.0,12.0,17-04-2025
CXR0113,Vietnam Airlines,2005992,06:50,29 thg 4,08:05,29 thg 4,1h 15m,CXR,23.0,12.0,18-04-2025
CXR0113,Vietnam Airlines,1576525,06:50,29 thg 4,08:05,29 thg 4,1h 15m,CXR,23.0,12.0,22-04-2025
CXR0113,Vietnam Airlines,1575777,06:50,29 thg 4,08:05,29 thg 4,1h 15m,CXR,23.0,12.0,23-04-2025
CXR0113,Vietnam Airlines,1776222,06:50,29 thg 4,08:05,29 thg 4,1h 15m,CXR,23.0,12.0,24-04-2025
CXR0113,Vietnam Airlines,1775223,06:50,29 thg 4,08:05,29 thg 4,1h 15m,CXR,23.0,12.0,25-04-2025
CXR0113,Vietnam Airlines,1777221,06:50,29 thg 4,08:05,29 thg 4,1h 15m,CXR,23.0,12.0,26-04-2025
CXR0113,Vietnam Airlines,1767231,06:50,29 thg 4,08:05,29 thg 4,1h 15m,CXR,23.0,12.0,27-04-2025
CXR0113,Vietnam Airlines,1837161,06:50,29 thg 4,08:05,29 thg 4,1h 15m,CXR,23.0,12.0,28-04-2025
CXR0114,Vietnam Airlines,1790208,08:55,02 thg 5,10:00,02 thg 5,1h 5m,CXR,23.0,12.0,01-05-2025
CXR0114,Vietnam Airlines,1998999,08:55,02 thg 5,10:00,02 thg 5,1h 5m,CXR,23.0,12.0,12-04-2025
CXR0114,Vietnam Airlines,1998999,08:55,02 thg 5,10:00,02 thg 5,1h 5m,CXR,23.0,12.0,13-04-2025
CXR0114,Vietnam Airlines,1971661,08:55,02 thg 5,10:00,02 thg 5,1h 5m,CXR,23.0,12.0,15-04-2025
CXR0114,Vietnam Airlines,2000250,08:55,02 thg 5,10:00,02 thg 5,1h 5m,CXR,23.0,12.0,16-04-2025
CXR0114,Vietnam Airlines,2006991,08:55,02 thg 5,10:00,02 thg 5,1h 5m,CXR,23.0,12.0,17-04-2025
CXR0114,Vietnam Airlines,2009988,08:55,02 thg 5,10:00,02 thg 5,1h 5m,CXR,23.0,12.0,18-04-2025
CXR0114,Vietnam Airlines,1999998,08:55,02 thg 5,10:00,02 thg 5,1h 5m,CXR,23.0,12.0,19-04-2025
CXR0114,Vietnam Airlines,2008989,08:55,02 thg 5,10:00,02 thg 5,1h 5m,CXR,23.0,12.0,20-04-2025
CXR0114,Vietnam Airlines,2010987,08:55,02 thg 5,10:00,02 thg 5,1h 5m,CXR,23.0,12.0,21-04-2025
CXR0114,Vietnam Airlines,1254744,08:55,02 thg 5,10:00,02 thg 5,1h 5m,CXR,23.0,12.0,22-04-2025
CXR0114,Vietnam Airlines,1246752,08:55,02 thg 5,10:00,02 thg 5,1h 5m,CXR,23.0,12.0,23-04-2025
CXR0114,Vietnam Airlines,1251524,08:55,02 thg 5,10:00,02 thg 5,1h 5m,CXR,23.0,12.0,24-04-2025
CXR0114,Vietnam Airlines,1252746,08:55,02 thg 5,10:00,02 thg 5,1h 5m,CXR,23.0,12.0,25-04-2025
CXR0114,Vietnam Airlines,1392606,08:55,02 thg 5,10:00,02 thg 5,1h 5m,CXR,23.0,12.0,26-04-2025
CXR0114,Vietnam Airlines,1565433,08:55,02 thg 5,10:00,02 thg 5,1h 5m,CXR,23.0,12.0,27-04-2025
CXR0114,Vietnam Airlines,1566432,08:55,02 thg 5,10:00,02 thg 5,1h 5m,CXR,23.0,12.0,28-04-2025
CXR0114,Vietnam Airlines,1743255,08:55,02 thg 5,10:00,02 thg 5,1h 5m,CXR,23.0,12.0,29-04-2025
CXR0114,Vietnam Airlines,1827820,08:55,02 thg 5,10:00,02 thg 5,1h 5m,CXR,23.0,12.0,30-04-2025
CXR0115,Vietnam Airlines,1370628,08:55,04 thg 5,10:00,04 thg 5,1h 5m,CXR,23.0,12.0,15-04-2025
CXR0115,Vietnam Airlines,1379700,08:55,04 thg 5,10:00,04 thg 5,1h 5m,CXR,23.0,12.0,16-04-2025
CXR0115,Vietnam Airlines,1391607,08:55,04 thg 5,10:00,04 thg 5,1h 5m,CXR,23.0,12.0,17-04-2025
CXR0115,Vietnam Airlines,1392606,08:55,04 thg 5,10:00,04 thg 5,1h 5m,CXR,23.0,12.0,18-04-2025
CXR0115,Vietnam Airlines,1274724,08:55,04 thg 5,10:00,04 thg 5,1h 5m,CXR,23.0,12.0,19-04-2025
CXR0115,Vietnam Airlines,1243755,08:55,04 thg 5,10:00,04 thg 5,1h 5m,CXR,23.0,12.0,20-04-2025
CXR0115,Vietnam Airlines,1245753,08:55,04 thg 5,10:00,04 thg 5,1h 5m,CXR,23.0,12.0,21-04-2025
CXR0115,Vietnam Airlines,1265733,08:55,04 thg 5,10:00,04 thg 5,1h 5m,CXR,23.0,12.0,22-04-2025
CXR0115,Vietnam Airlines,1270728,08:55,04 thg 5,10:00,04 thg 5,1h 5m,CXR,23.0,12.0,23-04-2025
CXR0115,Vietnam Airlines,1241757,08:55,04 thg 5,10:00,04 thg 5,1h 5m,CXR,23.0,12.0,24-04-2025
CXR0115,Vietnam Airlines,1274724,08:55,04 thg 5,10:00,04 thg 5,1h 5m,CXR,23.0,12.0,25-04-2025
CXR0115,Vietnam Airlines,1251381,08:55,04 thg 5,10:00,04 thg 5,1h 5m,CXR,23.0,12.0,26-04-2025
CXR0115,Vietnam Airlines,1376622,08:55,04 thg 5,10:00,04 thg 5,1h 5m,CXR,23.0,12.0,27-04-2025
CXR0116,Vietnam Airlines,1275723,08:55,05 thg 5,10:00,05 thg 5,1h 5m,CXR,23.0,12.0,01-05-2025
CXR0116,Vietnam Airlines,1383615,08:55,05 thg 5,10:00,05 thg 5,1h 5m,CXR,23.0,12.0,02-05-2025
CXR0116,Vietnam Airlines,1284714,08:55,05 thg 5,10:00,05 thg 5,1h 5m,CXR,23.0,12.0,03-05-2025
CXR0116,Vietnam Airlines,1392606,08:55,05 thg 5,10:00,05 thg 5,1h 5m,CXR,23.0,12.0,04-05-2025
CXR0116,Vietnam Airlines,1266300,08:55,05 thg 5,10:00,05 thg 5,1h 5m,CXR,23.0,12.0,16-04-2025
CXR0116,Vietnam Airlines,1267731,08:55,05 thg 5,10:00,05 thg 5,1h 5m,CXR,23.0,12.0,17-04-2025
CXR0116,Vietnam Airlines,1270728,08:55,05 thg 5,10:00,05 thg 5,1h 5m,CXR,23.0,12.0,18-04-2025
CXR0116,Vietnam Airlines,1162836,08:55,05 thg 5,10:00,05 thg 5,1h 5m,CXR,23.0,12.0,19-04-2025
CXR0116,Vietnam Airlines,1169829,08:55,05 thg 5,10:00,05 thg 5,1h 5m,CXR,23.0,12.0,20-04-2025
CXR0116,Vietnam Airlines,1163835,08:55,05 thg 5,10:00,05 thg 5,1h 5m,CXR,23.0,12.0,21-04-2025
CXR0116,Vietnam Airlines,1150848,08:55,05 thg 5,10:00,05 thg 5,1h 5m,CXR,23.0,12.0,22-04-2025
CXR0116,Vietnam Airlines,1146852,08:55,05 thg 5,10:00,05 thg 5,1h 5m,CXR,23.0,12.0,23-04-2025
CXR0116,Vietnam Airlines,1148850,08:55,05 thg 5,10:00,05 thg 5,1h 5m,CXR,23.0,12.0,24-04-2025
CXR0116,Vietnam Airlines,1143855,08:55,05 thg 5,10:00,05 thg 5,1h 5m,CXR,23.0,12.0,25-04-2025
CXR0116,Vietnam Airlines,1179170,08:55,05 thg 5,10:00,05 thg 5,1h 5m,CXR,23.0,12.0,26-04-2025
CXR0116,Vietnam Airlines,1268730,08:55,05 thg 5,10:00,05 thg 5,1h 5m,CXR,23.0,12.0,27-04-2025
CXR0116,Vietnam Airlines,1254063,08:55,05 thg 5,10:00,05 thg 5,1h 5m,CXR,23.0,12.0,28-04-2025
CXR0116,Vietnam Airlines,1251747,08:55,05 thg 5,10:00,05 thg 5,1h 5m,CXR,23.0,12.0,29-04-2025
CXR0116,Vietnam Airlines,1295154,08:55,05 thg 5,10:00,05 thg 5,1h 5m,CXR,23.0,12.0,30-04-2025
CXR0117,Vietnam Airlines,1273725,08:55,06 thg 5,10:00,06 thg 5,1h 5m,CXR,23.0,12.0,01-05-2025
CXR0117,Vietnam Airlines,1267731,08:55,06 thg 5,10:00,06 thg 5,1h 5m,CXR,23.0,12.0,02-05-2025
CXR0117,Vietnam Airlines,1396602,08:55,06 thg 5,10:00,06 thg 5,1h 5m,CXR,23.0,12.0,04-05-2025
CXR0117,Vietnam Airlines,1479644,08:55,06 thg 5,10:00,06 thg 5,1h 5m,CXR,23.0,10.0,05-05-2025
CXR0117,Vietnam Airlines,1144854,08:55,06 thg 5,10:00,06 thg 5,1h 5m,CXR,23.0,12.0,17-04-2025
CXR0117,Vietnam Airlines,1162836,08:55,06 thg 5,10:00,06 thg 5,1h 5m,CXR,23.0,12.0,18-04-2025
CXR0117,Vietnam Airlines,1151847,08:55,06 thg 5,10:00,06 thg 5,1h 5m,CXR,23.0,12.0,19-04-2025
CXR0117,Vietnam Airlines,1142856,08:55,06 thg 5,10:00,06 thg 5,1h 5m,CXR,23.0,12.0,20-04-2025
CXR0117,Vietnam Airlines,1145853,08:55,06 thg 5,10:00,06 thg 5,1h 5m,CXR,23.0,12.0,21-04-2025
CXR0117,Vietnam Airlines,1254744,08:55,06 thg 5,10:00,06 thg 5,1h 5m,CXR,23.0,12.0,22-04-2025
CXR0117,Vietnam Airlines,1250748,08:55,06 thg 5,10:00,06 thg 5,1h 5m,CXR,23.0,12.0,23-04-2025
CXR0117,Vietnam Airlines,1241757,08:55,06 thg 5,10:00,06 thg 5,1h 5m,CXR,23.0,12.0,24-04-2025
CXR0117,Vietnam Airlines,1270728,08:55,06 thg 5,10:00,06 thg 5,1h 5m,CXR,23.0,12.0,25-04-2025
CXR0117,Vietnam Airlines,1282716,08:55,06 thg 5,10:00,06 thg 5,1h 5m,CXR,23.0,12.0,26-04-2025
CXR0117,Vietnam Airlines,1242756,08:55,06 thg 5,10:00,06 thg 5,1h 5m,CXR,23.0,12.0,27-04-2025
CXR0117,Vietnam Airlines,1254063,08:55,06 thg 5,10:00,06 thg 5,1h 5m,CXR,23.0,12.0,28-04-2025
CXR0117,Vietnam Airlines,1232766,08:55,06 thg 5,10:00,06 thg 5,1h 5m,CXR,23.0,12.0,29-04-2025
CXR0117,Vietnam Airlines,1295154,08:55,06 thg 5,10:00,06 thg 5,1h 5m,CXR,23.0,12.0,30-04-2025
CXR0118,Vietnam Airlines,1959893,08:55,09 thg 5,10:00,09 thg 5,1h 5m,CXR,23.0,12.0,01-05-2025
CXR0118,Vietnam Airlines,2000997,08:55,09 thg 5,10:00,09 thg 5,1h 5m,CXR,23.0,12.0,02-05-2025
CXR0118,Vietnam Airlines,2015982,08:55,09 thg 5,10:00,09 thg 5,1h 5m,CXR,23.0,12.0,04-05-2025
CXR0118,Vietnam Airlines,1970028,08:55,09 thg 5,10:00,09 thg 5,1h 5m,CXR,23.0,12.0,22-04-2025
CXR0118,Vietnam Airlines,1985013,08:55,09 thg 5,10:00,09 thg 5,1h 5m,CXR,23.0,12.0,23-04-2025
CXR0118,Vietnam Airlines,1904094,08:55,09 thg 5,10:00,09 thg 5,1h 5m,CXR,23.0,12.0,24-04-2025
CXR0118,Vietnam Airlines,1985013,08:55,09 thg 5,10:00,09 thg 5,1h 5m,CXR,23.0,12.0,25-04-2025
CXR0118,Vietnam Airlines,1984014,08:55,09 thg 5,10:00,09 thg 5,1h 5m,CXR,23.0,12.0,26-04-2025
CXR0118,Vietnam Airlines,1975023,08:55,09 thg 5,10:00,09 thg 5,1h 5m,CXR,23.0,12.0,27-04-2025
CXR0118,Vietnam Airlines,1958218,08:55,09 thg 5,10:00,09 thg 5,1h 5m,CXR,23.0,12.0,28-04-2025
CXR0118,Vietnam Airlines,2037960,08:55,09 thg 5,10:00,09 thg 5,1h 5m,CXR,23.0,12.0,29-04-2025
CXR0118,Vietnam Airlines,2040957,08:55,09 thg 5,10:00,09 thg 5,1h 5m,CXR,23.0,12.0,30-04-2025
CXR0119,Vietnam Airlines,1156842,08:55,11 thg 5,10:00,11 thg 5,1h 5m,CXR,23.0,12.0,01-05-2025
CXR0119,Vietnam Airlines,1155843,08:55,11 thg 5,10:00,11 thg 5,1h 5m,CXR,23.0,12.0,02-05-2025
CXR0119,Vietnam Airlines,1265733,08:55,11 thg 5,10:00,11 thg 5,1h 5m,CXR,23.0,12.0,03-05-2025
CXR0119,Vietnam Airlines,1279719,08:55,11 thg 5,10:00,11 thg 5,1h 5m,CXR,23.0,12.0,04-05-2025
CXR0119,Vietnam Airlines,1276722,08:55,11 thg 5,10:00,11 thg 5,1h 5m,CXR,23.0,10.0,05-05-2025
CXR0119,Vietnam Airlines,1258740,08:55,11 thg 5,10:00,11 thg 5,1h 5m,CXR,23.0,10.0,06-05-2025
CXR0119,Vietnam Airlines,1539459,08:55,11 thg 5,10:00,11 thg 5,1h 5m,CXR,23.0,10.0,07-05-2025
CXR0119,Vietnam Airlines,1471527,08:55,11 thg 5,10:00,11 thg 5,1h 5m,CXR,23.0,10.0,08-05-2025
CXR0119,Vietnam Airlines,1657341,08:55,11 thg 5,10:00,11 thg 5,1h 5m,CXR,23.0,10.0,09-05-2025
CXR0119,Vietnam Airlines,1898100,08:55,11 thg 5,10:00,11 thg 5,1h 5m,CXR,23.0,10.0,10-05-2025
CXR0119,Vietnam Airlines,1164834,08:55,11 thg 5,10:00,11 thg 5,1h 5m,CXR,23.0,12.0,21-04-2025
CXR0119,Vietnam Airlines,1162836,08:55,11 thg 5,10:00,11 thg 5,1h 5m,CXR,23.0,12.0,22-04-2025
CXR0119,Vietnam Airlines,1147851,08:55,11 thg 5,10:00,11 thg 5,1h 5m,CXR,23.0,12.0,23-04-2025
CXR0119,Vietnam Airlines,1148850,08:55,11 thg 5,10:00,11 thg 5,1h 5m,CXR,23.0,12.0,24-04-2025
CXR0119,Vietnam Airlines,1147851,08:55,11 thg 5,10:00,11 thg 5,1h 5m,CXR,23.0,12.0,25-04-2025
CXR0119,Vietnam Airlines,1179170,08:55,11 thg 5,10:00,11 thg 5,1h 5m,CXR,23.0,12.0,26-04-2025
CXR0119,Vietnam Airlines,1145853,08:55,11 thg 5,10:00,11 thg 5,1h 5m,CXR,23.0,12.0,27-04-2025
CXR0119,Vietnam Airlines,1141759,08:55,11 thg 5,10:00,11 thg 5,1h 5m,CXR,23.0,12.0,28-04-2025
CXR0119,Vietnam Airlines,1132866,08:55,11 thg 5,10:00,11 thg 5,1h 5m,CXR,23.0,12.0,29-04-2025
CXR0120,Vietnam Airlines,1358960,08:55,21 thg 4,10:00,21 thg 4,1h 5m,CXR,23.0,12.0,07-04-2025
CXR0120,Vietnam Airlines,1358960,08:55,21 thg 4,10:00,21 thg 4,1h 5m,CXR,23.0,12.0,08-04-2025
CXR0120,Vietnam Airlines,1462536,08:55,21 thg 4,10:00,21 thg 4,1h 5m,CXR,23.0,12.0,09-04-2025
CXR0120,Vietnam Airlines,1452546,08:55,21 thg 4,10:00,21 thg 4,1h 5m,CXR,23.0,12.0,10-04-2025
CXR0120,Vietnam Airlines,1569455,08:55,21 thg 4,10:00,21 thg 4,1h 5m,CXR,23.0,12.0,11-04-2025
CXR0120,Vietnam Airlines,1718280,08:55,21 thg 4,10:00,21 thg 4,1h 5m,CXR,23.0,12.0,12-04-2025
CXR0120,Vietnam Airlines,1708290,08:55,21 thg 4,10:00,21 thg 4,1h 5m,CXR,23.0,12.0,13-04-2025
CXR0120,Vietnam Airlines,1683315,08:55,21 thg 4,10:00,21 thg 4,1h 5m,CXR,23.0,12.0,19-04-2025
CXR0121,Vietnam Airlines,1358960,08:55,22 thg 4,10:00,22 thg 4,1h 5m,CXR,23.0,12.0,07-04-2025
CXR0121,Vietnam Airlines,1358960,08:55,22 thg 4,10:00,22 thg 4,1h 5m,CXR,23.0,12.0,08-04-2025
CXR0121,Vietnam Airlines,1377621,08:55,22 thg 4,10:00,22 thg 4,1h 5m,CXR,23.0,12.0,09-04-2025
CXR0121,Vietnam Airlines,1492506,08:55,22 thg 4,10:00,22 thg 4,1h 5m,CXR,23.0,12.0,10-04-2025
CXR0121,Vietnam Airlines,1539459,08:55,22 thg 4,10:00,22 thg 4,1h 5m,CXR,23.0,12.0,11-04-2025
CXR0121,Vietnam Airlines,1573425,08:55,22 thg 4,10:00,22 thg 4,1h 5m,CXR,23.0,12.0,12-04-2025
CXR0121,Vietnam Airlines,1701297,08:55,22 thg 4,10:00,22 thg 4,1h 5m,CXR,23.0,12.0,13-04-2025
CXR0121,Vietnam Airlines,1696800,08:55,22 thg 4,10:00,22 thg 4,1h 5m,CXR,23.0,12.0,16-04-2025
CXR0122,Vietnam Airlines,1911087,08:55,25 thg 4,10:00,25 thg 4,1h 5m,CXR,23.0,12.0,07-04-2025
CXR0122,Vietnam Airlines,1911087,08:55,25 thg 4,10:00,25 thg 4,1h 5m,CXR,23.0,12.0,08-04-2025
CXR0122,Vietnam Airlines,1994004,08:55,25 thg 4,10:00,25 thg 4,1h 5m,CXR,23.0,12.0,09-04-2025
CXR0122,Vietnam Airlines,1985013,08:55,25 thg 4,10:00,25 thg 4,1h 5m,CXR,23.0,12.0,10-04-2025
CXR0122,Vietnam Airlines,1982016,08:55,25 thg 4,10:00,25 thg 4,1h 5m,CXR,23.0,12.0,11-04-2025
CXR0122,Vietnam Airlines,1988010,08:55,25 thg 4,10:00,25 thg 4,1h 5m,CXR,23.0,12.0,12-04-2025
CXR0122,Vietnam Airlines,1986012,08:55,25 thg 4,10:00,25 thg 4,1h 5m,CXR,23.0,12.0,13-04-2025
CXR0122,Vietnam Airlines,1986012,08:55,25 thg 4,10:00,25 thg 4,1h 5m,CXR,23.0,12.0,14-04-2025
CXR0122,Vietnam Airlines,1991007,08:55,25 thg 4,10:00,25 thg 4,1h 5m,CXR,23.0,12.0,15-04-2025
CXR0122,Vietnam Airlines,2000250,08:55,25 thg 4,10:00,25 thg 4,1h 5m,CXR,23.0,12.0,16-04-2025
CXR0122,Vietnam Airlines,1991007,08:55,25 thg 4,10:00,25 thg 4,1h 5m,CXR,23.0,12.0,17-04-2025
CXR0122,Vietnam Airlines,1479519,08:55,25 thg 4,10:00,25 thg 4,1h 5m,CXR,23.0,12.0,19-04-2025
CXR0122,Vietnam Airlines,1581417,08:55,25 thg 4,10:00,25 thg 4,1h 5m,CXR,23.0,12.0,20-04-2025
CXR0122,Vietnam Airlines,1581417,08:55,25 thg 4,10:00,25 thg 4,1h 5m,CXR,23.0,12.0,21-04-2025
CXR0122,Vietnam Airlines,1573425,08:55,25 thg 4,10:00,25 thg 4,1h 5m,CXR,23.0,12.0,22-04-2025
CXR0122,Vietnam Airlines,1660781,08:55,25 thg 4,10:00,25 thg 4,1h 5m,CXR,23.0,12.0,23-04-2025
CXR0122,Vietnam Airlines,1895103,08:55,25 thg 4,10:00,25 thg 4,1h 5m,CXR,23.0,12.0,24-04-2025
CXR0123,Vietnam Airlines,1911087,08:55,27 thg 4,10:00,27 thg 4,1h 5m,CXR,23.0,12.0,07-04-2025
CXR0123,Vietnam Airlines,1921077,08:55,27 thg 4,10:00,27 thg 4,1h 5m,CXR,23.0,12.0,08-04-2025
CXR0123,Vietnam Airlines,1995003,08:55,27 thg 4,10:00,27 thg 4,1h 5m,CXR,23.0,12.0,09-04-2025
CXR0123,Vietnam Airlines,1991007,08:55,27 thg 4,10:00,27 thg 4,1h 5m,CXR,23.0,12.0,10-04-2025
CXR0123,Vietnam Airlines,1984014,08:55,27 thg 4,10:00,27 thg 4,1h 5m,CXR,23.0,12.0,11-04-2025
CXR0123,Vietnam Airlines,1997001,08:55,27 thg 4,10:00,27 thg 4,1h 5m,CXR,23.0,12.0,12-04-2025
CXR0123,Vietnam Airlines,1999998,08:55,27 thg 4,10:00,27 thg 4,1h 5m,CXR,23.0,12.0,13-04-2025
CXR0123,Vietnam Airlines,2000250,08:55,27 thg 4,10:00,27 thg 4,1h 5m,CXR,23.0,12.0,16-04-2025
CXR0123,Vietnam Airlines,1597401,08:55,27 thg 4,10:00,27 thg 4,1h 5m,CXR,23.0,12.0,19-04-2025
CXR0123,Vietnam Airlines,1585413,08:55,27 thg 4,10:00,27 thg 4,1h 5m,CXR,23.0,12.0,20-04-2025
CXR0123,Vietnam Airlines,1586412,08:55,27 thg 4,10:00,27 thg 4,1h 5m,CXR,23.0,12.0,21-04-2025
CXR0123,Vietnam Airlines,1689309,08:55,27 thg 4,10:00,27 thg 4,1h 5m,CXR,23.0,12.0,22-04-2025
CXR0123,Vietnam Airlines,1691307,08:55,27 thg 4,10:00,27 thg 4,1h 5m,CXR,23.0,12.0,23-04-2025
CXR0123,Vietnam Airlines,1694304,08:55,27 thg 4,10:00,27 thg 4,1h 5m,CXR,23.0,12.0,24-04-2025
CXR0123,Vietnam Airlines,1865133,08:55,27 thg 4,10:00,27 thg 4,1h 5m,CXR,23.0,12.0,25-04-2025
CXR0123,Vietnam Airlines,1921252,08:55,27 thg 4,10:00,27 thg 4,1h 5m,CXR,23.0,12.0,26-04-2025
CXR0124,Vietnam Airlines,1671293,08:55,28 thg 4,10:00,28 thg 4,1h 5m,CXR,23.0,12.0,08-04-2025
CXR0124,Vietnam Airlines,1657341,08:55,28 thg 4,10:00,28 thg 4,1h 5m,CXR,23.0,12.0,09-04-2025
CXR0124,Vietnam Airlines,1698300,08:55,28 thg 4,10:00,28 thg 4,1h 5m,CXR,23.0,12.0,10-04-2025
CXR0124,Vietnam Airlines,1693305,08:55,28 thg 4,10:00,28 thg 4,1h 5m,CXR,23.0,12.0,11-04-2025
CXR0124,Vietnam Airlines,1692306,08:55,28 thg 4,10:00,28 thg 4,1h 5m,CXR,23.0,12.0,12-04-2025
CXR0124,Vietnam Airlines,1688310,08:55,28 thg 4,10:00,28 thg 4,1h 5m,CXR,23.0,12.0,13-04-2025
CXR0124,Vietnam Airlines,1690308,08:55,28 thg 4,10:00,28 thg 4,1h 5m,CXR,23.0,12.0,14-04-2025
CXR0124,Vietnam Airlines,1779219,08:55,28 thg 4,10:00,28 thg 4,1h 5m,CXR,23.0,12.0,15-04-2025
CXR0124,Vietnam Airlines,1787100,08:55,28 thg 4,10:00,28 thg 4,1h 5m,CXR,23.0,12.0,16-04-2025
CXR0124,Vietnam Airlines,1760238,08:55,28 thg 4,10:00,28 thg 4,1h 5m,CXR,23.0,12.0,17-04-2025
CXR0124,Vietnam Airlines,1768230,08:55,28 thg 4,10:00,28 thg 4,1h 5m,CXR,23.0,12.0,18-04-2025
CXR0124,Vietnam Airlines,1601397,08:55,28 thg 4,10:00,28 thg 4,1h 5m,CXR,23.0,12.0,19-04-2025
CXR0124,Vietnam Airlines,1600398,08:55,28 thg 4,10:00,28 thg 4,1h 5m,CXR,23.0,12.0,20-04-2025
CXR0124,Vietnam Airlines,1590408,08:55,28 thg 4,10:00,28 thg 4,1h 5m,CXR,23.0,12.0,21-04-2025
CXR0124,Vietnam Airlines,1571427,08:55,28 thg 4,10:00,28 thg 4,1h 5m,CXR,23.0,12.0,22-04-2025
CXR0124,Vietnam Airlines,1573425,08:55,28 thg 4,10:00,28 thg 4,1h 5m,CXR,23.0,12.0,23-04-2025
CXR0124,Vietnam Airlines,1701297,08:55,28 thg 4,10:00,28 thg 4,1h 5m,CXR,23.0,12.0,24-04-2025
CXR0124,Vietnam Airlines,1888110,08:55,28 thg 4,10:00,28 thg 4,1h 5m,CXR,23.0,12.0,25-04-2025
CXR0124,Vietnam Airlines,1886112,08:55,28 thg 4,10:00,28 thg 4,1h 5m,CXR,23.0,12.0,26-04-2025
CXR0124,Vietnam Airlines,1878120,08:55,28 thg 4,10:00,28 thg 4,1h 5m,CXR,23.0,12.0,27-04-2025
CXR0125,Vietnam Airlines,1998000,08:55,29 thg 4,10:00,29 thg 4,1h 5m,CXR,23.0,12.0,09-04-2025
CXR0125,Vietnam Airlines,1984014,08:55,29 thg 4,10:00,29 thg 4,1h 5m,CXR,23.0,12.0,10-04-2025
CXR0125,Vietnam Airlines,1975023,08:55,29 thg 4,10:00,29 thg 4,1h 5m,CXR,23.0,12.0,11-04-2025
CXR0125,Vietnam Airlines,2001996,08:55,29 thg 4,10:00,29 thg 4,1h 5m,CXR,23.0,12.0,12-04-2025
CXR0125,Vietnam Airlines,1998999,08:55,29 thg 4,10:00,29 thg 4,1h 5m,CXR,23.0,12.0,13-04-2025
CXR0125,Vietnam Airlines,2003994,08:55,29 thg 4,10:00,29 thg 4,1h 5m,CXR,23.0,12.0,14-04-2025
CXR0125,Vietnam Airlines,1906092,08:55,29 thg 4,10:00,29 thg 4,1h 5m,CXR,23.0,12.0,17-04-2025
CXR0125,Vietnam Airlines,2002995,08:55,29 thg 4,10:00,29 thg 4,1h 5m,CXR,23.0,12.0,19-04-2025
CXR0125,Vietnam Airlines,2008989,08:55,29 thg 4,10:00,29 thg 4,1h 5m,CXR,23.0,12.0,20-04-2025
CXR0125,Vietnam Airlines,2010987,08:55,29 thg 4,10:00,29 thg 4,1h 5m,CXR,23.0,12.0,21-04-2025
CXR0125,Vietnam Airlines,1902096,08:55,29 thg 4,10:00,29 thg 4,1h 5m,CXR,23.0,12.0,22-04-2025
CXR0125,Vietnam Airlines,1902096,08:55,29 thg 4,10:00,29 thg 4,1h 5m,CXR,23.0,12.0,23-04-2025
CXR0125,Vietnam Airlines,1981017,08:55,29 thg 4,10:00,29 thg 4,1h 5m,CXR,23.0,12.0,24-04-2025
CXR0125,Vietnam Airlines,1989009,08:55,29 thg 4,10:00,29 thg 4,1h 5m,CXR,23.0,12.0,25-04-2025
CXR0125,Vietnam Airlines,1965033,08:55,29 thg 4,10:00,29 thg 4,1h 5m,CXR,23.0,12.0,26-04-2025
CXR0126,Vietnam Airlines,1664334,11:55,03 thg 5,13:00,03 thg 5,1h 5m,CXR,23.0,12.0,01-05-2025
CXR0126,Vietnam Airlines,1909089,11:55,03 thg 5,13:00,03 thg 5,1h 5m,CXR,23.0,12.0,02-05-2025
CXR0126,Vietnam Airlines,1151847,11:55,03 thg 5,13:00,03 thg 5,1h 5m,CXR,23.0,12.0,19-04-2025
CXR0126,Vietnam Airlines,1142856,11:55,03 thg 5,13:00,03 thg 5,1h 5m,CXR,23.0,12.0,20-04-2025
CXR0126,Vietnam Airlines,1144854,11:55,03 thg 5,13:00,03 thg 5,1h 5m,CXR,23.0,12.0,21-04-2025
CXR0126,Vietnam Airlines,1144854,11:55,03 thg 5,13:00,03 thg 5,1h 5m,CXR,23.0,12.0,22-04-2025
CXR0126,Vietnam Airlines,1147851,11:55,03 thg 5,13:00,03 thg 5,1h 5m,CXR,23.0,12.0,23-04-2025
CXR0126,Vietnam Airlines,1241757,11:55,03 thg 5,13:00,03 thg 5,1h 5m,CXR,23.0,12.0,24-04-2025
CXR0126,Vietnam Airlines,1241757,11:55,03 thg 5,13:00,03 thg 5,1h 5m,CXR,23.0,12.0,25-04-2025
CXR0126,Vietnam Airlines,1251381,11:55,03 thg 5,13:00,03 thg 5,1h 5m,CXR,23.0,12.0,26-04-2025
CXR0126,Vietnam Airlines,1387611,11:55,03 thg 5,13:00,03 thg 5,1h 5m,CXR,23.0,12.0,27-04-2025
CXR0126,Vietnam Airlines,1588410,11:55,03 thg 5,13:00,03 thg 5,1h 5m,CXR,23.0,12.0,28-04-2025
CXR0126,Vietnam Airlines,1471527,11:55,03 thg 5,13:00,03 thg 5,1h 5m,CXR,23.0,12.0,29-04-2025
CXR0126,Vietnam Airlines,1581020,11:55,03 thg 5,13:00,03 thg 5,1h 5m,CXR,23.0,12.0,30-04-2025
CXR0127,Vietnam Airlines,1998000,12:15,02 thg 5,13:20,02 thg 5,1h 5m,CXR,23.0,12.0,01-05-2025
CXR0127,Vietnam Airlines,1998999,12:15,02 thg 5,13:20,02 thg 5,1h 5m,CXR,23.0,12.0,12-04-2025
CXR0127,Vietnam Airlines,1998999,12:15,02 thg 5,13:20,02 thg 5,1h 5m,CXR,23.0,12.0,13-04-2025
CXR0127,Vietnam Airlines,1997001,12:15,02 thg 5,13:20,02 thg 5,1h 5m,CXR,23.0,12.0,14-04-2025
CXR0127,Vietnam Airlines,1971661,12:15,02 thg 5,13:20,02 thg 5,1h 5m,CXR,23.0,12.0,15-04-2025
CXR0127,Vietnam Airlines,2000250,12:15,02 thg 5,13:20,02 thg 5,1h 5m,CXR,23.0,12.0,16-04-2025
CXR0127,Vietnam Airlines,2002995,12:15,02 thg 5,13:20,02 thg 5,1h 5m,CXR,23.0,12.0,19-04-2025
CXR0127,Vietnam Airlines,2008989,12:15,02 thg 5,13:20,02 thg 5,1h 5m,CXR,23.0,12.0,20-04-2025
CXR0127,Vietnam Airlines,1254744,12:15,02 thg 5,13:20,02 thg 5,1h 5m,CXR,23.0,12.0,22-04-2025
CXR0127,Vietnam Airlines,1246752,12:15,02 thg 5,13:20,02 thg 5,1h 5m,CXR,23.0,12.0,23-04-2025
CXR0127,Vietnam Airlines,1251524,12:15,02 thg 5,13:20,02 thg 5,1h 5m,CXR,23.0,12.0,24-04-2025
CXR0127,Vietnam Airlines,1363444,12:15,02 thg 5,13:20,02 thg 5,1h 5m,CXR,23.0,12.0,25-04-2025
CXR0127,Vietnam Airlines,1235763,12:15,02 thg 5,13:20,02 thg 5,1h 5m,CXR,23.0,12.0,26-04-2025
CXR0127,Vietnam Airlines,1365633,12:15,02 thg 5,13:20,02 thg 5,1h 5m,CXR,23.0,12.0,27-04-2025
CXR0127,Vietnam Airlines,1569429,12:15,02 thg 5,13:20,02 thg 5,1h 5m,CXR,23.0,12.0,28-04-2025
CXR0127,Vietnam Airlines,1672326,12:15,02 thg 5,13:20,02 thg 5,1h 5m,CXR,23.0,12.0,29-04-2025
CXR0127,Vietnam Airlines,2039958,12:15,02 thg 5,13:20,02 thg 5,1h 5m,CXR,23.0,12.0,30-04-2025
CXR0128,Vietnam Airlines,1499499,12:15,04 thg 5,13:20,04 thg 5,1h 5m,CXR,23.0,12.0,01-05-2025
CXR0128,Vietnam Airlines,1581961,12:15,04 thg 5,13:20,04 thg 5,1h 5m,CXR,23.0,12.0,02-05-2025
CXR0128,Vietnam Airlines,1269729,12:15,04 thg 5,13:20,04 thg 5,1h 5m,CXR,23.0,12.0,14-04-2025
CXR0128,Vietnam Airlines,1295154,12:15,04 thg 5,13:20,04 thg 5,1h 5m,CXR,23.0,12.0,15-04-2025
CXR0128,Vietnam Airlines,1266300,12:15,04 thg 5,13:20,04 thg 5,1h 5m,CXR,23.0,12.0,16-04-2025
CXR0128,Vietnam Airlines,1242756,12:15,04 thg 5,13:20,04 thg 5,1h 5m,CXR,23.0,12.0,17-04-2025
CXR0128,Vietnam Airlines,1389609,12:15,04 thg 5,13:20,04 thg 5,1h 5m,CXR,23.0,12.0,18-04-2025
CXR0128,Vietnam Airlines,1147851,12:15,04 thg 5,13:20,04 thg 5,1h 5m,CXR,23.0,12.0,19-04-2025
CXR0128,Vietnam Airlines,1139859,12:15,04 thg 5,13:20,04 thg 5,1h 5m,CXR,23.0,12.0,20-04-2025
CXR0128,Vietnam Airlines,1140858,12:15,04 thg 5,13:20,04 thg 5,1h 5m,CXR,23.0,12.0,21-04-2025
CXR0128,Vietnam Airlines,1239759,12:15,04 thg 5,13:20,04 thg 5,1h 5m,CXR,23.0,12.0,22-04-2025
CXR0128,Vietnam Airlines,1236762,12:15,04 thg 5,13:20,04 thg 5,1h 5m,CXR,23.0,12.0,23-04-2025
CXR0128,Vietnam Airlines,1234764,12:15,04 thg 5,13:20,04 thg 5,1h 5m,CXR,23.0,12.0,24-04-2025
CXR0128,Vietnam Airlines,1240758,12:15,04 thg 5,13:20,04 thg 5,1h 5m,CXR,23.0,12.0,25-04-2025
CXR0128,Vietnam Airlines,1251381,12:15,04 thg 5,13:20,04 thg 5,1h 5m,CXR,23.0,12.0,26-04-2025
CXR0128,Vietnam Airlines,1242756,12:15,04 thg 5,13:20,04 thg 5,1h 5m,CXR,23.0,12.0,27-04-2025
CXR0128,Vietnam Airlines,1235763,12:15,04 thg 5,13:20,04 thg 5,1h 5m,CXR,23.0,12.0,28-04-2025
CXR0128,Vietnam Airlines,1344654,12:15,04 thg 5,13:20,04 thg 5,1h 5m,CXR,23.0,12.0,29-04-2025
CXR0128,Vietnam Airlines,1527121,12:15,04 thg 5,13:20,04 thg 5,1h 5m,CXR,23.0,12.0,30-04-2025
CXR0129,Vietnam Airlines,1845137,12:15,09 thg 5,13:20,09 thg 5,1h 5m,CXR,23.0,12.0,01-05-2025
CXR0129,Vietnam Airlines,1878120,12:15,09 thg 5,13:20,09 thg 5,1h 5m,CXR,23.0,12.0,02-05-2025
CXR0129,Vietnam Airlines,1892106,12:15,09 thg 5,13:20,09 thg 5,1h 5m,CXR,23.0,12.0,04-05-2025
CXR0129,Vietnam Airlines,1895103,12:15,09 thg 5,13:20,09 thg 5,1h 5m,CXR,23.0,10.0,05-05-2025
CXR0129,Vietnam Airlines,1901280,12:15,09 thg 5,13:20,09 thg 5,1h 5m,CXR,23.0,10.0,06-05-2025
CXR0129,Vietnam Airlines,1948050,12:15,09 thg 5,13:20,09 thg 5,1h 5m,CXR,23.0,10.0,07-05-2025
CXR0129,Vietnam Airlines,1998999,12:15,09 thg 5,13:20,09 thg 5,1h 5m,CXR,23.0,10.0,08-05-2025
CXR0129,Vietnam Airlines,1750248,12:15,09 thg 5,13:20,09 thg 5,1h 5m,CXR,23.0,12.0,19-04-2025
CXR0129,Vietnam Airlines,1749249,12:15,09 thg 5,13:20,09 thg 5,1h 5m,CXR,23.0,12.0,20-04-2025
CXR0129,Vietnam Airlines,1796202,12:15,09 thg 5,13:20,09 thg 5,1h 5m,CXR,23.0,12.0,21-04-2025
CXR0129,Vietnam Airlines,1750248,12:15,09 thg 5,13:20,09 thg 5,1h 5m,CXR,23.0,12.0,22-04-2025
CXR0129,Vietnam Airlines,1754244,12:15,09 thg 5,13:20,09 thg 5,1h 5m,CXR,23.0,12.0,23-04-2025
CXR0129,Vietnam Airlines,1750073,12:15,09 thg 5,13:20,09 thg 5,1h 5m,CXR,23.0,12.0,24-04-2025
CXR0129,Vietnam Airlines,1761237,12:15,09 thg 5,13:20,09 thg 5,1h 5m,CXR,23.0,12.0,25-04-2025
CXR0129,Vietnam Airlines,1759239,12:15,09 thg 5,13:20,09 thg 5,1h 5m,CXR,23.0,12.0,26-04-2025
CXR0129,Vietnam Airlines,1778220,12:15,09 thg 5,13:20,09 thg 5,1h 5m,CXR,23.0,12.0,27-04-2025
CXR0129,Vietnam Airlines,1843563,12:15,09 thg 5,13:20,09 thg 5,1h 5m,CXR,23.0,12.0,28-04-2025
CXR0129,Vietnam Airlines,1918080,12:15,09 thg 5,13:20,09 thg 5,1h 5m,CXR,23.0,12.0,29-04-2025
CXR0129,Vietnam Airlines,1921252,12:15,09 thg 5,13:20,09 thg 5,1h 5m,CXR,23.0,12.0,30-04-2025
CXR0130,Vietnam Airlines,1269729,12:15,11 thg 5,13:20,11 thg 5,1h 5m,CXR,23.0,12.0,01-05-2025
CXR0130,Vietnam Airlines,1267731,12:15,11 thg 5,13:20,11 thg 5,1h 5m,CXR,23.0,12.0,02-05-2025
CXR0130,Vietnam Airlines,1250748,12:15,11 thg 5,13:20,11 thg 5,1h 5m,CXR,23.0,12.0,03-05-2025
CXR0130,Vietnam Airlines,1279719,12:15,11 thg 5,13:20,11 thg 5,1h 5m,CXR,23.0,12.0,04-05-2025
CXR0130,Vietnam Airlines,1276722,12:15,11 thg 5,13:20,11 thg 5,1h 5m,CXR,23.0,10.0,05-05-2025
CXR0130,Vietnam Airlines,1258740,12:15,11 thg 5,13:20,11 thg 5,1h 5m,CXR,23.0,10.0,06-05-2025
CXR0130,Vietnam Airlines,1244754,12:15,11 thg 5,13:20,11 thg 5,1h 5m,CXR,23.0,10.0,07-05-2025
CXR0130,Vietnam Airlines,1411137,12:15,11 thg 5,13:20,11 thg 5,1h 5m,CXR,23.0,10.0,08-05-2025
CXR0130,Vietnam Airlines,1474524,12:15,11 thg 5,13:20,11 thg 5,1h 5m,CXR,23.0,10.0,09-05-2025
CXR0130,Vietnam Airlines,1531467,12:15,11 thg 5,13:20,11 thg 5,1h 5m,CXR,23.0,10.0,10-05-2025
CXR0130,Vietnam Airlines,1145853,12:15,11 thg 5,13:20,11 thg 5,1h 5m,CXR,23.0,12.0,21-04-2025
CXR0130,Vietnam Airlines,1144854,12:15,11 thg 5,13:20,11 thg 5,1h 5m,CXR,23.0,12.0,22-04-2025
CXR0130,Vietnam Airlines,1147851,12:15,11 thg 5,13:20,11 thg 5,1h 5m,CXR,23.0,12.0,23-04-2025
CXR0130,Vietnam Airlines,1148850,12:15,11 thg 5,13:20,11 thg 5,1h 5m,CXR,23.0,12.0,24-04-2025
CXR0130,Vietnam Airlines,1147851,12:15,11 thg 5,13:20,11 thg 5,1h 5m,CXR,23.0,12.0,25-04-2025
CXR0130,Vietnam Airlines,1147851,12:15,11 thg 5,13:20,11 thg 5,1h 5m,CXR,23.0,12.0,26-04-2025
CXR0130,Vietnam Airlines,1249749,12:15,11 thg 5,13:20,11 thg 5,1h 5m,CXR,23.0,12.0,27-04-2025
CXR0130,Vietnam Airlines,1254063,12:15,11 thg 5,13:20,11 thg 5,1h 5m,CXR,23.0,12.0,28-04-2025
CXR0130,Vietnam Airlines,1225773,12:15,11 thg 5,13:20,11 thg 5,1h 5m,CXR,23.0,12.0,29-04-2025
CXR0131,Vietnam Airlines,1911087,12:15,25 thg 4,13:20,25 thg 4,1h 5m,CXR,23.0,12.0,07-04-2025
CXR0131,Vietnam Airlines,1911087,12:15,25 thg 4,13:20,25 thg 4,1h 5m,CXR,23.0,12.0,08-04-2025
CXR0131,Vietnam Airlines,1994004,12:15,25 thg 4,13:20,25 thg 4,1h 5m,CXR,23.0,12.0,09-04-2025
CXR0131,Vietnam Airlines,1985013,12:15,25 thg 4,13:20,25 thg 4,1h 5m,CXR,23.0,12.0,10-04-2025
CXR0131,Vietnam Airlines,1982016,12:15,25 thg 4,13:20,25 thg 4,1h 5m,CXR,23.0,12.0,11-04-2025
CXR0131,Vietnam Airlines,1988010,12:15,25 thg 4,13:20,25 thg 4,1h 5m,CXR,23.0,12.0,12-04-2025
CXR0131,Vietnam Airlines,1986012,12:15,25 thg 4,13:20,25 thg 4,1h 5m,CXR,23.0,12.0,13-04-2025
CXR0131,Vietnam Airlines,1986012,12:15,25 thg 4,13:20,25 thg 4,1h 5m,CXR,23.0,12.0,14-04-2025
CXR0131,Vietnam Airlines,1991007,12:15,25 thg 4,13:20,25 thg 4,1h 5m,CXR,23.0,12.0,15-04-2025
CXR0131,Vietnam Airlines,2000250,12:15,25 thg 4,13:20,25 thg 4,1h 5m,CXR,23.0,12.0,16-04-2025
CXR0131,Vietnam Airlines,1991007,12:15,25 thg 4,13:20,25 thg 4,1h 5m,CXR,23.0,12.0,17-04-2025
CXR0131,Vietnam Airlines,1995003,12:15,25 thg 4,13:20,25 thg 4,1h 5m,CXR,23.0,12.0,18-04-2025
CXR0131,Vietnam Airlines,1579419,12:15,25 thg 4,13:20,25 thg 4,1h 5m,CXR,23.0,12.0,19-04-2025
CXR0131,Vietnam Airlines,1883115,12:15,25 thg 4,13:20,25 thg 4,1h 5m,CXR,23.0,12.0,22-04-2025
CXR0131,Vietnam Airlines,1839134,12:15,25 thg 4,13:20,25 thg 4,1h 5m,CXR,23.0,12.0,23-04-2025
CXR0131,Vietnam Airlines,1921252,12:15,25 thg 4,13:20,25 thg 4,1h 5m,CXR,23.0,12.0,24-04-2025
CXR0132,Vietnam Airlines,1906092,12:15,27 thg 4,13:20,27 thg 4,1h 5m,CXR,23.0,12.0,07-04-2025
CXR0132,Vietnam Airlines,1942056,12:15,27 thg 4,13:20,27 thg 4,1h 5m,CXR,23.0,12.0,08-04-2025
CXR0132,Vietnam Airlines,1966032,12:15,27 thg 4,13:20,27 thg 4,1h 5m,CXR,23.0,12.0,09-04-2025
CXR0132,Vietnam Airlines,1958040,12:15,27 thg 4,13:20,27 thg 4,1h 5m,CXR,23.0,12.0,10-04-2025
CXR0132,Vietnam Airlines,1955043,12:15,27 thg 4,13:20,27 thg 4,1h 5m,CXR,23.0,12.0,11-04-2025
CXR0132,Vietnam Airlines,1967031,12:15,27 thg 4,13:20,27 thg 4,1h 5m,CXR,23.0,12.0,12-04-2025
CXR0132,Vietnam Airlines,1971027,12:15,27 thg 4,13:20,27 thg 4,1h 5m,CXR,23.0,12.0,13-04-2025
CXR0132,Vietnam Airlines,1967031,12:15,27 thg 4,13:20,27 thg 4,1h 5m,CXR,23.0,12.0,14-04-2025
CXR0132,Vietnam Airlines,1972026,12:15,27 thg 4,13:20,27 thg 4,1h 5m,CXR,23.0,12.0,15-04-2025
CXR0132,Vietnam Airlines,2000250,12:15,27 thg 4,13:20,27 thg 4,1h 5m,CXR,23.0,12.0,16-04-2025
CXR0132,Vietnam Airlines,1987011,12:15,27 thg 4,13:20,27 thg 4,1h 5m,CXR,23.0,12.0,17-04-2025
CXR0132,Vietnam Airlines,1992006,12:15,27 thg 4,13:20,27 thg 4,1h 5m,CXR,23.0,12.0,18-04-2025
CXR0132,Vietnam Airlines,1382616,12:15,27 thg 4,13:20,27 thg 4,1h 5m,CXR,23.0,12.0,19-04-2025
CXR0132,Vietnam Airlines,1485513,12:15,27 thg 4,13:20,27 thg 4,1h 5m,CXR,23.0,12.0,20-04-2025
CXR0132,Vietnam Airlines,1486512,12:15,27 thg 4,13:20,27 thg 4,1h 5m,CXR,23.0,12.0,21-04-2025
CXR0132,Vietnam Airlines,1473525,12:15,27 thg 4,13:20,27 thg 4,1h 5m,CXR,23.0,12.0,22-04-2025
CXR0132,Vietnam Airlines,1478520,12:15,27 thg 4,13:20,27 thg 4,1h 5m,CXR,23.0,12.0,23-04-2025
CXR0132,Vietnam Airlines,1481517,12:15,27 thg 4,13:20,27 thg 4,1h 5m,CXR,23.0,12.0,24-04-2025
CXR0132,Vietnam Airlines,1483515,12:15,27 thg 4,13:20,27 thg 4,1h 5m,CXR,23.0,12.0,25-04-2025
CXR0132,Vietnam Airlines,1527121,12:15,27 thg 4,13:20,27 thg 4,1h 5m,CXR,23.0,12.0,26-04-2025
CXR0133,Vietnam Airlines,1358640,12:25,05 thg 5,13:30,05 thg 5,1h 5m,CXR,23.0,12.0,01-05-2025
CXR0133,Vietnam Airlines,1383615,12:25,05 thg 5,13:30,05 thg 5,1h 5m,CXR,23.0,12.0,02-05-2025
CXR0133,Vietnam Airlines,1543455,12:25,05 thg 5,13:30,05 thg 5,1h 5m,CXR,23.0,12.0,03-05-2025
CXR0133,Vietnam Airlines,1541457,12:25,05 thg 5,13:30,05 thg 5,1h 5m,CXR,23.0,12.0,04-05-2025
CXR0133,Vietnam Airlines,1141857,12:25,05 thg 5,13:30,05 thg 5,1h 5m,CXR,23.0,12.0,15-04-2025
CXR0133,Vietnam Airlines,1152900,12:25,05 thg 5,13:30,05 thg 5,1h 5m,CXR,23.0,12.0,16-04-2025
CXR0133,Vietnam Airlines,1144854,12:25,05 thg 5,13:30,05 thg 5,1h 5m,CXR,23.0,12.0,17-04-2025
CXR0133,Vietnam Airlines,1147851,12:25,05 thg 5,13:30,05 thg 5,1h 5m,CXR,23.0,12.0,18-04-2025
CXR0133,Vietnam Airlines,1144854,12:25,05 thg 5,13:30,05 thg 5,1h 5m,CXR,23.0,12.0,19-04-2025
CXR0133,Vietnam Airlines,1157841,12:25,05 thg 5,13:30,05 thg 5,1h 5m,CXR,23.0,12.0,20-04-2025
CXR0133,Vietnam Airlines,1163835,12:25,05 thg 5,13:30,05 thg 5,1h 5m,CXR,23.0,12.0,21-04-2025
CXR0133,Vietnam Airlines,1142856,12:25,05 thg 5,13:30,05 thg 5,1h 5m,CXR,23.0,12.0,22-04-2025
CXR0133,Vietnam Airlines,1146852,12:25,05 thg 5,13:30,05 thg 5,1h 5m,CXR,23.0,12.0,23-04-2025
CXR0133,Vietnam Airlines,1148850,12:25,05 thg 5,13:30,05 thg 5,1h 5m,CXR,23.0,12.0,24-04-2025
CXR0133,Vietnam Airlines,1143855,12:25,05 thg 5,13:30,05 thg 5,1h 5m,CXR,23.0,12.0,25-04-2025
CXR0133,Vietnam Airlines,1146852,12:25,05 thg 5,13:30,05 thg 5,1h 5m,CXR,23.0,12.0,26-04-2025
CXR0133,Vietnam Airlines,1253745,12:25,05 thg 5,13:30,05 thg 5,1h 5m,CXR,23.0,12.0,27-04-2025
CXR0133,Vietnam Airlines,1366367,12:25,05 thg 5,13:30,05 thg 5,1h 5m,CXR,23.0,12.0,28-04-2025
CXR0133,Vietnam Airlines,1382616,12:25,05 thg 5,13:30,05 thg 5,1h 5m,CXR,23.0,12.0,29-04-2025
CXR0133,Vietnam Airlines,1365633,12:25,05 thg 5,13:30,05 thg 5,1h 5m,CXR,23.0,12.0,30-04-2025
CXR0134,Vietnam Airlines,1135863,12:30,06 thg 5,13:35,06 thg 5,1h 5m,CXR,23.0,12.0,01-05-2025
CXR0134,Vietnam Airlines,1159839,12:30,06 thg 5,13:35,06 thg 5,1h 5m,CXR,23.0,12.0,02-05-2025
CXR0134,Vietnam Airlines,1283715,12:30,06 thg 5,13:35,06 thg 5,1h 5m,CXR,23.0,12.0,04-05-2025
CXR0134,Vietnam Airlines,1141759,12:30,06 thg 5,13:35,06 thg 5,1h 5m,CXR,23.0,12.0,28-04-2025
CXR0134,Vietnam Airlines,1139859,12:30,06 thg 5,13:35,06 thg 5,1h 5m,CXR,23.0,12.0,29-04-2025
CXR0134,Vietnam Airlines,1179170,12:30,06 thg 5,13:35,06 thg 5,1h 5m,CXR,23.0,12.0,30-04-2025
CXR0135,Vietnam Airlines,1969029,12:30,26 thg 4,13:45,26 thg 4,1h 15m,CXR,23.0,12.0,15-04-2025
CXR0135,Vietnam Airlines,1995000,12:30,26 thg 4,13:45,26 thg 4,1h 15m,CXR,23.0,12.0,16-04-2025
CXR0135,Vietnam Airlines,1902096,12:30,26 thg 4,13:45,26 thg 4,1h 15m,CXR,23.0,12.0,17-04-2025
CXR0135,Vietnam Airlines,1984014,12:30,26 thg 4,13:45,26 thg 4,1h 15m,CXR,23.0,12.0,18-04-2025
CXR0135,Vietnam Airlines,1375623,12:30,26 thg 4,13:45,26 thg 4,1h 15m,CXR,23.0,12.0,19-04-2025
CXR0135,Vietnam Airlines,1470528,12:30,26 thg 4,13:45,26 thg 4,1h 15m,CXR,23.0,12.0,20-04-2025
CXR0135,Vietnam Airlines,1411137,12:30,26 thg 4,13:45,26 thg 4,1h 15m,CXR,23.0,12.0,21-04-2025
CXR0135,Vietnam Airlines,1750281,12:30,26 thg 4,13:45,26 thg 4,1h 15m,CXR,23.0,12.0,22-04-2025
CXR0135,Vietnam Airlines,1765233,12:30,26 thg 4,13:45,26 thg 4,1h 15m,CXR,23.0,12.0,23-04-2025
CXR0135,Vietnam Airlines,1918080,12:30,26 thg 4,13:45,26 thg 4,1h 15m,CXR,23.0,12.0,24-04-2025
CXR0135,Vietnam Airlines,1921077,12:30,26 thg 4,13:45,26 thg 4,1h 15m,CXR,23.0,12.0,25-04-2025
CXR0136,Vietnam Airlines,1161837,12:40,06 thg 5,13:45,06 thg 5,1h 5m,CXR,23.0,12.0,01-05-2025
CXR0136,Vietnam Airlines,1155843,12:40,06 thg 5,13:45,06 thg 5,1h 5m,CXR,23.0,12.0,02-05-2025
CXR0136,Vietnam Airlines,1166832,12:40,06 thg 5,13:45,06 thg 5,1h 5m,CXR,23.0,12.0,04-05-2025
CXR0136,Vietnam Airlines,1580576,12:40,06 thg 5,13:45,06 thg 5,1h 5m,CXR,23.0,10.0,05-05-2025
CXR0136,Vietnam Airlines,1141759,12:40,06 thg 5,13:45,06 thg 5,1h 5m,CXR,23.0,12.0,28-04-2025
CXR0136,Vietnam Airlines,1147851,12:40,06 thg 5,13:45,06 thg 5,1h 5m,CXR,23.0,12.0,29-04-2025
CXR0136,Vietnam Airlines,1179170,12:40,06 thg 5,13:45,06 thg 5,1h 5m,CXR,23.0,12.0,30-04-2025
CXR0137,Vietnam Airlines,1269729,12:40,10 thg 5,13:45,10 thg 5,1h 5m,CXR,23.0,12.0,01-05-2025
CXR0137,Vietnam Airlines,1268730,12:40,10 thg 5,13:45,10 thg 5,1h 5m,CXR,23.0,12.0,02-05-2025
CXR0137,Vietnam Airlines,1279719,12:40,10 thg 5,13:45,10 thg 5,1h 5m,CXR,23.0,12.0,04-05-2025
CXR0137,Vietnam Airlines,1502496,12:40,10 thg 5,13:45,10 thg 5,1h 5m,CXR,23.0,10.0,05-05-2025
CXR0137,Vietnam Airlines,1504494,12:40,10 thg 5,13:45,10 thg 5,1h 5m,CXR,23.0,10.0,06-05-2025
CXR0137,Vietnam Airlines,1539459,12:40,10 thg 5,13:45,10 thg 5,1h 5m,CXR,23.0,10.0,07-05-2025
CXR0137,Vietnam Airlines,1702296,12:40,10 thg 5,13:45,10 thg 5,1h 5m,CXR,23.0,10.0,08-05-2025
CXR0137,Vietnam Airlines,1896102,12:40,10 thg 5,13:45,10 thg 5,1h 5m,CXR,23.0,10.0,09-05-2025
CXR0137,Vietnam Airlines,1149849,12:40,10 thg 5,13:45,10 thg 5,1h 5m,CXR,23.0,12.0,27-04-2025
CXR0137,Vietnam Airlines,1179170,12:40,10 thg 5,13:45,10 thg 5,1h 5m,CXR,23.0,12.0,28-04-2025
CXR0137,Vietnam Airlines,1165833,12:40,10 thg 5,13:45,10 thg 5,1h 5m,CXR,23.0,12.0,29-04-2025
CXR0137,Vietnam Airlines,1295154,12:40,10 thg 5,13:45,10 thg 5,1h 5m,CXR,23.0,12.0,30-04-2025
CXR0138,Vietnam Airlines,1159839,12:45,05 thg 5,13:50,05 thg 5,1h 5m,CXR,23.0,12.0,24-04-2025
CXR0138,Vietnam Airlines,1147851,12:45,05 thg 5,13:50,05 thg 5,1h 5m,CXR,23.0,12.0,25-04-2025
CXR0138,Vietnam Airlines,1161837,12:45,05 thg 5,13:50,05 thg 5,1h 5m,CXR,23.0,12.0,26-04-2025
CXR0138,Vietnam Airlines,1153845,12:45,05 thg 5,13:50,05 thg 5,1h 5m,CXR,23.0,12.0,27-04-2025
CXR0139,Vietnam Airlines,1580874,12:45,09 thg 5,13:50,09 thg 5,1h 5m,CXR,23.0,12.0,01-05-2025
CXR0139,Vietnam Airlines,1581961,12:45,09 thg 5,13:50,09 thg 5,1h 5m,CXR,23.0,12.0,02-05-2025
CXR0139,Vietnam Airlines,1541457,12:45,09 thg 5,13:50,09 thg 5,1h 5m,CXR,23.0,12.0,04-05-2025
CXR0139,Vietnam Airlines,1602396,12:45,09 thg 5,13:50,09 thg 5,1h 5m,CXR,23.0,10.0,05-05-2025
CXR0139,Vietnam Airlines,1581113,12:45,09 thg 5,13:50,09 thg 5,1h 5m,CXR,23.0,10.0,06-05-2025
CXR0139,Vietnam Airlines,1539459,12:45,09 thg 5,13:50,09 thg 5,1h 5m,CXR,23.0,10.0,07-05-2025
CXR0139,Vietnam Airlines,1568430,12:45,09 thg 5,13:50,09 thg 5,1h 5m,CXR,23.0,12.0,27-04-2025
CXR0139,Vietnam Airlines,1579538,12:45,09 thg 5,13:50,09 thg 5,1h 5m,CXR,23.0,12.0,28-04-2025
CXR0139,Vietnam Airlines,1570428,12:45,09 thg 5,13:50,09 thg 5,1h 5m,CXR,23.0,12.0,29-04-2025
CXR0139,Vietnam Airlines,1601397,12:45,09 thg 5,13:50,09 thg 5,1h 5m,CXR,23.0,12.0,30-04-2025
CXR0140,Vietnam Airlines,1247751,12:45,21 thg 4,13:50,21 thg 4,1h 5m,CXR,23.0,12.0,09-04-2025
CXR0140,Vietnam Airlines,1237761,12:45,21 thg 4,13:50,21 thg 4,1h 5m,CXR,23.0,12.0,10-04-2025
CXR0140,Vietnam Airlines,1234764,12:45,21 thg 4,13:50,21 thg 4,1h 5m,CXR,23.0,12.0,11-04-2025
CXR0140,Vietnam Airlines,1237761,12:45,21 thg 4,13:50,21 thg 4,1h 5m,CXR,23.0,12.0,12-04-2025
CXR0140,Vietnam Airlines,1358940,12:45,21 thg 4,13:50,21 thg 4,1h 5m,CXR,23.0,12.0,13-04-2025
CXR0140,Vietnam Airlines,1357641,12:45,21 thg 4,13:50,21 thg 4,1h 5m,CXR,23.0,12.0,14-04-2025
CXR0140,Vietnam Airlines,1381617,12:45,21 thg 4,13:50,21 thg 4,1h 5m,CXR,23.0,12.0,15-04-2025
CXR0140,Vietnam Airlines,1379700,12:45,21 thg 4,13:50,21 thg 4,1h 5m,CXR,23.0,12.0,16-04-2025
CXR0140,Vietnam Airlines,1372626,12:45,21 thg 4,13:50,21 thg 4,1h 5m,CXR,23.0,12.0,17-04-2025
CXR0140,Vietnam Airlines,1370628,12:45,21 thg 4,13:50,21 thg 4,1h 5m,CXR,23.0,12.0,18-04-2025
CXR0140,Vietnam Airlines,1375623,12:45,21 thg 4,13:50,21 thg 4,1h 5m,CXR,23.0,12.0,19-04-2025
CXR0141,Vietnam Airlines,1978020,12:45,30 thg 4,13:50,30 thg 4,1h 5m,CXR,23.0,12.0,23-04-2025
CXR0141,Vietnam Airlines,1906092,12:45,30 thg 4,13:50,30 thg 4,1h 5m,CXR,23.0,12.0,24-04-2025
CXR0141,Vietnam Airlines,1981017,12:45,30 thg 4,13:50,30 thg 4,1h 5m,CXR,23.0,12.0,25-04-2025
CXR0141,Vietnam Airlines,1912086,12:45,30 thg 4,13:50,30 thg 4,1h 5m,CXR,23.0,12.0,26-04-2025
CXR0141,Vietnam Airlines,1975023,12:45,30 thg 4,13:50,30 thg 4,1h 5m,CXR,23.0,12.0,27-04-2025
CXR0141,Vietnam Airlines,1971027,12:45,30 thg 4,13:50,30 thg 4,1h 5m,CXR,23.0,12.0,28-04-2025
CXR0142,Vietnam Airlines,2000250,13:10,01 thg 5,14:15,01 thg 5,1h 5m,CXR,23.0,12.0,16-04-2025
CXR0142,Vietnam Airlines,1940058,13:10,01 thg 5,14:15,01 thg 5,1h 5m,CXR,23.0,12.0,26-04-2025
CXR0142,Vietnam Airlines,1994004,13:10,01 thg 5,14:15,01 thg 5,1h 5m,CXR,23.0,12.0,28-04-2025
CXR0143,Vietnam Airlines,1979019,13:10,02 thg 5,14:15,02 thg 5,1h 5m,CXR,23.0,12.0,01-05-2025
CXR0143,Vietnam Airlines,1998999,13:10,02 thg 5,14:15,02 thg 5,1h 5m,CXR,23.0,12.0,12-04-2025
CXR0143,Vietnam Airlines,1998999,13:10,02 thg 5,14:15,02 thg 5,1h 5m,CXR,23.0,12.0,13-04-2025
CXR0143,Vietnam Airlines,1971661,13:10,02 thg 5,14:15,02 thg 5,1h 5m,CXR,23.0,12.0,15-04-2025
CXR0143,Vietnam Airlines,2000250,13:10,02 thg 5,14:15,02 thg 5,1h 5m,CXR,23.0,12.0,16-04-2025
CXR0143,Vietnam Airlines,1981017,13:10,02 thg 5,14:15,02 thg 5,1h 5m,CXR,23.0,12.0,17-04-2025
CXR0143,Vietnam Airlines,1984014,13:10,02 thg 5,14:15,02 thg 5,1h 5m,CXR,23.0,12.0,18-04-2025
CXR0143,Vietnam Airlines,1999998,13:10,02 thg 5,14:15,02 thg 5,1h 5m,CXR,23.0,12.0,19-04-2025
CXR0143,Vietnam Airlines,2012985,13:10,02 thg 5,14:15,02 thg 5,1h 5m,CXR,23.0,12.0,20-04-2025
CXR0143,Vietnam Airlines,1985013,13:10,02 thg 5,14:15,02 thg 5,1h 5m,CXR,23.0,12.0,21-04-2025
CXR0143,Vietnam Airlines,1157841,13:10,02 thg 5,14:15,02 thg 5,1h 5m,CXR,23.0,12.0,22-04-2025
CXR0143,Vietnam Airlines,1150848,13:10,02 thg 5,14:15,02 thg 5,1h 5m,CXR,23.0,12.0,23-04-2025
CXR0143,Vietnam Airlines,1251524,13:10,02 thg 5,14:15,02 thg 5,1h 5m,CXR,23.0,12.0,24-04-2025
CXR0143,Vietnam Airlines,1240758,13:10,02 thg 5,14:15,02 thg 5,1h 5m,CXR,23.0,12.0,25-04-2025
CXR0143,Vietnam Airlines,1235763,13:10,02 thg 5,14:15,02 thg 5,1h 5m,CXR,23.0,12.0,26-04-2025
CXR0143,Vietnam Airlines,1357641,13:10,02 thg 5,14:15,02 thg 5,1h 5m,CXR,23.0,12.0,27-04-2025
CXR0143,Vietnam Airlines,1982016,13:10,02 thg 5,14:15,02 thg 5,1h 5m,CXR,23.0,12.0,29-04-2025
CXR0144,Vietnam Airlines,1998999,13:10,03 thg 5,14:15,03 thg 5,1h 5m,CXR,23.0,12.0,01-05-2025
CXR0144,Vietnam Airlines,2005992,13:10,03 thg 5,14:15,03 thg 5,1h 5m,CXR,23.0,12.0,02-05-2025
CXR0144,Vietnam Airlines,1719279,13:10,03 thg 5,14:15,03 thg 5,1h 5m,CXR,23.0,12.0,13-04-2025
CXR0144,Vietnam Airlines,1711287,13:10,03 thg 5,14:15,03 thg 5,1h 5m,CXR,23.0,12.0,15-04-2025
CXR0144,Vietnam Airlines,1780218,13:10,03 thg 5,14:15,03 thg 5,1h 5m,CXR,23.0,12.0,22-04-2025
CXR0144,Vietnam Airlines,1922076,13:10,03 thg 5,14:15,03 thg 5,1h 5m,CXR,23.0,12.0,23-04-2025
CXR0144,Vietnam Airlines,1884114,13:10,03 thg 5,14:15,03 thg 5,1h 5m,CXR,23.0,12.0,24-04-2025
CXR0144,Vietnam Airlines,1884114,13:10,03 thg 5,14:15,03 thg 5,1h 5m,CXR,23.0,12.0,25-04-2025
CXR0144,Vietnam Airlines,1786212,13:10,03 thg 5,14:15,03 thg 5,1h 5m,CXR,23.0,12.0,26-04-2025
CXR0144,Vietnam Airlines,1941057,13:10,03 thg 5,14:15,03 thg 5,1h 5m,CXR,23.0,12.0,27-04-2025
CXR0144,Vietnam Airlines,1982016,13:10,03 thg 5,14:15,03 thg 5,1h 5m,CXR,23.0,12.0,28-04-2025
CXR0144,Vietnam Airlines,1989009,13:10,03 thg 5,14:15,03 thg 5,1h 5m,CXR,23.0,12.0,29-04-2025
CXR0144,Vietnam Airlines,1901167,13:10,03 thg 5,14:15,03 thg 5,1h 5m,CXR,23.0,12.0,30-04-2025
CXR0145,Vietnam Airlines,1702296,13:10,04 thg 5,14:15,04 thg 5,1h 5m,CXR,23.0,12.0,14-04-2025
CXR0145,Vietnam Airlines,1274724,13:10,04 thg 5,14:15,04 thg 5,1h 5m,CXR,23.0,12.0,19-04-2025
CXR0145,Vietnam Airlines,1243755,13:10,04 thg 5,14:15,04 thg 5,1h 5m,CXR,23.0,12.0,20-04-2025
CXR0145,Vietnam Airlines,1241757,13:10,04 thg 5,14:15,04 thg 5,1h 5m,CXR,23.0,12.0,21-04-2025
CXR0145,Vietnam Airlines,1239759,13:10,04 thg 5,14:15,04 thg 5,1h 5m,CXR,23.0,12.0,22-04-2025
CXR0145,Vietnam Airlines,1236762,13:10,04 thg 5,14:15,04 thg 5,1h 5m,CXR,23.0,12.0,23-04-2025
CXR0145,Vietnam Airlines,1241757,13:10,04 thg 5,14:15,04 thg 5,1h 5m,CXR,23.0,12.0,24-04-2025
CXR0145,Vietnam Airlines,1240758,13:10,04 thg 5,14:15,04 thg 5,1h 5m,CXR,23.0,12.0,25-04-2025
CXR0145,Vietnam Airlines,1251381,13:10,04 thg 5,14:15,04 thg 5,1h 5m,CXR,23.0,12.0,26-04-2025
CXR0145,Vietnam Airlines,1376622,13:10,04 thg 5,14:15,04 thg 5,1h 5m,CXR,23.0,12.0,27-04-2025
CXR0146,Vietnam Airlines,1532466,13:10,05 thg 5,14:15,05 thg 5,1h 5m,CXR,23.0,12.0,01-05-2025
CXR0146,Vietnam Airlines,1581961,13:10,05 thg 5,14:15,05 thg 5,1h 5m,CXR,23.0,12.0,02-05-2025
CXR0146,Vietnam Airlines,1543455,13:10,05 thg 5,14:15,05 thg 5,1h 5m,CXR,23.0,12.0,03-05-2025
CXR0146,Vietnam Airlines,1715283,13:10,05 thg 5,14:15,05 thg 5,1h 5m,CXR,23.0,12.0,04-05-2025
CXR0146,Vietnam Airlines,1244754,13:10,05 thg 5,14:15,05 thg 5,1h 5m,CXR,23.0,12.0,15-04-2025
CXR0146,Vietnam Airlines,1266300,13:10,05 thg 5,14:15,05 thg 5,1h 5m,CXR,23.0,12.0,16-04-2025
CXR0146,Vietnam Airlines,1267731,13:10,05 thg 5,14:15,05 thg 5,1h 5m,CXR,23.0,12.0,17-04-2025
CXR0146,Vietnam Airlines,1270728,13:10,05 thg 5,14:15,05 thg 5,1h 5m,CXR,23.0,12.0,18-04-2025
CXR0146,Vietnam Airlines,1265733,13:10,05 thg 5,14:15,05 thg 5,1h 5m,CXR,23.0,12.0,22-04-2025
CXR0146,Vietnam Airlines,1247751,13:10,05 thg 5,14:15,05 thg 5,1h 5m,CXR,23.0,12.0,23-04-2025
CXR0146,Vietnam Airlines,1241757,13:10,05 thg 5,14:15,05 thg 5,1h 5m,CXR,23.0,12.0,24-04-2025
CXR0146,Vietnam Airlines,1390608,13:10,05 thg 5,14:15,05 thg 5,1h 5m,CXR,23.0,12.0,25-04-2025
CXR0146,Vietnam Airlines,1389609,13:10,05 thg 5,14:15,05 thg 5,1h 5m,CXR,23.0,12.0,26-04-2025
CXR0146,Vietnam Airlines,1372626,13:10,05 thg 5,14:15,05 thg 5,1h 5m,CXR,23.0,12.0,27-04-2025
CXR0146,Vietnam Airlines,1366367,13:10,05 thg 5,14:15,05 thg 5,1h 5m,CXR,23.0,12.0,28-04-2025
CXR0146,Vietnam Airlines,1356642,13:10,05 thg 5,14:15,05 thg 5,1h 5m,CXR,23.0,12.0,29-04-2025
CXR0146,Vietnam Airlines,1365633,13:10,05 thg 5,14:15,05 thg 5,1h 5m,CXR,23.0,12.0,30-04-2025
CXR0147,Vietnam Airlines,1998999,13:10,06 thg 5,14:15,06 thg 5,1h 5m,CXR,23.0,12.0,01-05-2025
CXR0147,Vietnam Airlines,1995003,13:10,06 thg 5,14:15,06 thg 5,1h 5m,CXR,23.0,12.0,02-05-2025
CXR0147,Vietnam Airlines,2011986,13:10,06 thg 5,14:15,06 thg 5,1h 5m,CXR,23.0,12.0,04-05-2025
CXR0147,Vietnam Airlines,1954348,13:10,06 thg 5,14:15,06 thg 5,1h 5m,CXR,23.0,10.0,05-05-2025
CXR0147,Vietnam Airlines,1972026,13:10,06 thg 5,14:15,06 thg 5,1h 5m,CXR,23.0,12.0,22-04-2025
CXR0147,Vietnam Airlines,1973025,13:10,06 thg 5,14:15,06 thg 5,1h 5m,CXR,23.0,12.0,23-04-2025
CXR0147,Vietnam Airlines,1985013,13:10,06 thg 5,14:15,06 thg 5,1h 5m,CXR,23.0,12.0,24-04-2025
CXR0147,Vietnam Airlines,1981017,13:10,06 thg 5,14:15,06 thg 5,1h 5m,CXR,23.0,12.0,25-04-2025
CXR0147,Vietnam Airlines,1985013,13:10,06 thg 5,14:15,06 thg 5,1h 5m,CXR,23.0,12.0,26-04-2025
CXR0147,Vietnam Airlines,1975023,13:10,06 thg 5,14:15,06 thg 5,1h 5m,CXR,23.0,12.0,27-04-2025
CXR0147,Vietnam Airlines,1953050,13:10,06 thg 5,14:15,06 thg 5,1h 5m,CXR,23.0,12.0,28-04-2025
CXR0147,Vietnam Airlines,1978020,13:10,06 thg 5,14:15,06 thg 5,1h 5m,CXR,23.0,12.0,29-04-2025
CXR0147,Vietnam Airlines,2039958,13:10,06 thg 5,14:15,06 thg 5,1h 5m,CXR,23.0,12.0,30-04-2025
CXR0148,Vietnam Airlines,1679319,13:10,07 thg 5,14:15,07 thg 5,1h 5m,CXR,23.0,12.0,19-04-2025
CXR0148,Vietnam Airlines,1761237,13:10,07 thg 5,14:15,07 thg 5,1h 5m,CXR,23.0,12.0,22-04-2025
CXR0148,Vietnam Airlines,1894806,13:10,07 thg 5,14:15,07 thg 5,1h 5m,CXR,23.0,12.0,23-04-2025
CXR0148,Vietnam Airlines,1933065,13:10,07 thg 5,14:15,07 thg 5,1h 5m,CXR,23.0,12.0,24-04-2025
CXR0148,Vietnam Airlines,1929069,13:10,07 thg 5,14:15,07 thg 5,1h 5m,CXR,23.0,12.0,25-04-2025
CXR0148,Vietnam Airlines,1932066,13:10,07 thg 5,14:15,07 thg 5,1h 5m,CXR,23.0,12.0,26-04-2025
CXR0148,Vietnam Airlines,1994004,13:10,07 thg 5,14:15,07 thg 5,1h 5m,CXR,23.0,12.0,27-04-2025
CXR0148,Vietnam Airlines,1953050,13:10,07 thg 5,14:15,07 thg 5,1h 5m,CXR,23.0,12.0,28-04-2025
CXR0148,Vietnam Airlines,1986012,13:10,07 thg 5,14:15,07 thg 5,1h 5m,CXR,23.0,12.0,29-04-2025
CXR0149,Vietnam Airlines,1696302,13:10,08 thg 5,14:15,08 thg 5,1h 5m,CXR,23.0,12.0,01-05-2025
CXR0149,Vietnam Airlines,1756372,13:10,08 thg 5,14:15,08 thg 5,1h 5m,CXR,23.0,12.0,02-05-2025
CXR0149,Vietnam Airlines,1967031,13:10,08 thg 5,14:15,08 thg 5,1h 5m,CXR,23.0,12.0,04-05-2025
CXR0149,Vietnam Airlines,1373625,13:10,08 thg 5,14:15,08 thg 5,1h 5m,CXR,23.0,12.0,20-04-2025
CXR0149,Vietnam Airlines,1573425,13:10,08 thg 5,14:15,08 thg 5,1h 5m,CXR,23.0,12.0,22-04-2025
CXR0149,Vietnam Airlines,1573425,13:10,08 thg 5,14:15,08 thg 5,1h 5m,CXR,23.0,12.0,23-04-2025
CXR0149,Vietnam Airlines,1576422,13:10,08 thg 5,14:15,08 thg 5,1h 5m,CXR,23.0,12.0,24-04-2025
CXR0149,Vietnam Airlines,1694304,13:10,08 thg 5,14:15,08 thg 5,1h 5m,CXR,23.0,12.0,25-04-2025
CXR0149,Vietnam Airlines,1706292,13:10,08 thg 5,14:15,08 thg 5,1h 5m,CXR,23.0,12.0,26-04-2025
CXR0149,Vietnam Airlines,1689309,13:10,08 thg 5,14:15,08 thg 5,1h 5m,CXR,23.0,12.0,27-04-2025
CXR0149,Vietnam Airlines,1664782,13:10,08 thg 5,14:15,08 thg 5,1h 5m,CXR,23.0,12.0,28-04-2025
CXR0149,Vietnam Airlines,1668330,13:10,08 thg 5,14:15,08 thg 5,1h 5m,CXR,23.0,12.0,29-04-2025
CXR0149,Vietnam Airlines,1702296,13:10,08 thg 5,14:15,08 thg 5,1h 5m,CXR,23.0,12.0,30-04-2025
CXR0150,Vietnam Airlines,1666204,13:10,09 thg 5,14:15,09 thg 5,1h 5m,CXR,23.0,12.0,01-05-2025
CXR0150,Vietnam Airlines,1670328,13:10,09 thg 5,14:15,09 thg 5,1h 5m,CXR,23.0,12.0,02-05-2025
CXR0150,Vietnam Airlines,1801197,13:10,09 thg 5,14:15,09 thg 5,1h 5m,CXR,23.0,12.0,04-05-2025
CXR0150,Vietnam Airlines,1798200,13:10,09 thg 5,14:15,09 thg 5,1h 5m,CXR,23.0,10.0,05-05-2025
CXR0150,Vietnam Airlines,1755421,13:10,09 thg 5,14:15,09 thg 5,1h 5m,CXR,23.0,10.0,06-05-2025
CXR0150,Vietnam Airlines,1745253,13:10,09 thg 5,14:15,09 thg 5,1h 5m,CXR,23.0,10.0,07-05-2025
CXR0150,Vietnam Airlines,1701297,13:10,09 thg 5,14:15,09 thg 5,1h 5m,CXR,23.0,12.0,19-04-2025
CXR0150,Vietnam Airlines,1682316,13:10,09 thg 5,14:15,09 thg 5,1h 5m,CXR,23.0,12.0,20-04-2025
CXR0150,Vietnam Airlines,1711287,13:10,09 thg 5,14:15,09 thg 5,1h 5m,CXR,23.0,12.0,21-04-2025
CXR0150,Vietnam Airlines,1680318,13:10,09 thg 5,14:15,09 thg 5,1h 5m,CXR,23.0,12.0,22-04-2025
CXR0150,Vietnam Airlines,1705293,13:10,09 thg 5,14:15,09 thg 5,1h 5m,CXR,23.0,12.0,23-04-2025
CXR0150,Vietnam Airlines,1661380,13:10,09 thg 5,14:15,09 thg 5,1h 5m,CXR,23.0,12.0,24-04-2025
CXR0150,Vietnam Airlines,1700298,13:10,09 thg 5,14:15,09 thg 5,1h 5m,CXR,23.0,12.0,25-04-2025
CXR0150,Vietnam Airlines,1684314,13:10,09 thg 5,14:15,09 thg 5,1h 5m,CXR,23.0,12.0,26-04-2025
CXR0150,Vietnam Airlines,1685313,13:10,09 thg 5,14:15,09 thg 5,1h 5m,CXR,23.0,12.0,27-04-2025
CXR0150,Vietnam Airlines,1664782,13:10,09 thg 5,14:15,09 thg 5,1h 5m,CXR,23.0,12.0,28-04-2025
CXR0150,Vietnam Airlines,1676322,13:10,09 thg 5,14:15,09 thg 5,1h 5m,CXR,23.0,12.0,29-04-2025
CXR0150,Vietnam Airlines,1702296,13:10,09 thg 5,14:15,09 thg 5,1h 5m,CXR,23.0,12.0,30-04-2025
CXR0151,Vietnam Airlines,1995003,13:10,10 thg 5,14:15,10 thg 5,1h 5m,CXR,23.0,12.0,01-05-2025
CXR0151,Vietnam Airlines,1996002,13:10,10 thg 5,14:15,10 thg 5,1h 5m,CXR,23.0,12.0,02-05-2025
CXR0151,Vietnam Airlines,2007990,13:10,10 thg 5,14:15,10 thg 5,1h 5m,CXR,23.0,12.0,04-05-2025
CXR0151,Vietnam Airlines,2020977,13:10,10 thg 5,14:15,10 thg 5,1h 5m,CXR,23.0,10.0,05-05-2025
CXR0151,Vietnam Airlines,2008989,13:10,10 thg 5,14:15,10 thg 5,1h 5m,CXR,23.0,10.0,06-05-2025
CXR0151,Vietnam Airlines,2002995,13:10,10 thg 5,14:15,10 thg 5,1h 5m,CXR,23.0,10.0,07-05-2025
CXR0151,Vietnam Airlines,1956042,13:10,10 thg 5,14:15,10 thg 5,1h 5m,CXR,23.0,10.0,08-05-2025
CXR0151,Vietnam Airlines,2045827,13:10,10 thg 5,14:15,10 thg 5,1h 5m,CXR,23.0,10.0,09-05-2025
CXR0151,Vietnam Airlines,1979244,13:10,10 thg 5,14:15,10 thg 5,1h 5m,CXR,23.0,12.0,22-04-2025
CXR0151,Vietnam Airlines,1929069,13:10,10 thg 5,14:15,10 thg 5,1h 5m,CXR,23.0,12.0,23-04-2025
CXR0151,Vietnam Airlines,1989009,13:10,10 thg 5,14:15,10 thg 5,1h 5m,CXR,23.0,12.0,24-04-2025
CXR0151,Vietnam Airlines,1996002,13:10,10 thg 5,14:15,10 thg 5,1h 5m,CXR,23.0,12.0,25-04-2025
CXR0151,Vietnam Airlines,1998000,13:10,10 thg 5,14:15,10 thg 5,1h 5m,CXR,23.0,12.0,26-04-2025
CXR0151,Vietnam Airlines,1979019,13:10,10 thg 5,14:15,10 thg 5,1h 5m,CXR,23.0,12.0,27-04-2025
CXR0151,Vietnam Airlines,1953045,13:10,10 thg 5,14:15,10 thg 5,1h 5m,CXR,23.0,12.0,28-04-2025
CXR0151,Vietnam Airlines,1960038,13:10,10 thg 5,14:15,10 thg 5,1h 5m,CXR,23.0,12.0,29-04-2025
CXR0151,Vietnam Airlines,2040458,13:10,10 thg 5,14:15,10 thg 5,1h 5m,CXR,23.0,12.0,30-04-2025
CXR0152,Vietnam Airlines,1253745,13:10,11 thg 5,14:15,11 thg 5,1h 5m,CXR,23.0,12.0,01-05-2025
CXR0152,Vietnam Airlines,1267731,13:10,11 thg 5,14:15,11 thg 5,1h 5m,CXR,23.0,12.0,02-05-2025
CXR0152,Vietnam Airlines,1250748,13:10,11 thg 5,14:15,11 thg 5,1h 5m,CXR,23.0,12.0,03-05-2025
CXR0152,Vietnam Airlines,1256742,13:10,11 thg 5,14:15,11 thg 5,1h 5m,CXR,23.0,12.0,04-05-2025
CXR0152,Vietnam Airlines,1392606,13:10,11 thg 5,14:15,11 thg 5,1h 5m,CXR,23.0,10.0,05-05-2025
CXR0152,Vietnam Airlines,1389609,13:10,11 thg 5,14:15,11 thg 5,1h 5m,CXR,23.0,10.0,06-05-2025
CXR0152,Vietnam Airlines,1381617,13:10,11 thg 5,14:15,11 thg 5,1h 5m,CXR,23.0,10.0,07-05-2025
CXR0152,Vietnam Airlines,1354644,13:10,11 thg 5,14:15,11 thg 5,1h 5m,CXR,23.0,10.0,08-05-2025
CXR0152,Vietnam Airlines,1533465,13:10,11 thg 5,14:15,11 thg 5,1h 5m,CXR,23.0,10.0,09-05-2025
CXR0152,Vietnam Airlines,1655343,13:10,11 thg 5,14:15,11 thg 5,1h 5m,CXR,23.0,10.0,10-05-2025
CXR0152,Vietnam Airlines,1252746,13:10,11 thg 5,14:15,11 thg 5,1h 5m,CXR,23.0,12.0,22-04-2025
CXR0152,Vietnam Airlines,1247751,13:10,11 thg 5,14:15,11 thg 5,1h 5m,CXR,23.0,12.0,23-04-2025
CXR0152,Vietnam Airlines,1242756,13:10,11 thg 5,14:15,11 thg 5,1h 5m,CXR,23.0,12.0,24-04-2025
CXR0152,Vietnam Airlines,1270728,13:10,11 thg 5,14:15,11 thg 5,1h 5m,CXR,23.0,12.0,25-04-2025
CXR0152,Vietnam Airlines,1267731,13:10,11 thg 5,14:15,11 thg 5,1h 5m,CXR,23.0,12.0,26-04-2025
CXR0152,Vietnam Airlines,1249749,13:10,11 thg 5,14:15,11 thg 5,1h 5m,CXR,23.0,12.0,27-04-2025
CXR0152,Vietnam Airlines,1254063,13:10,11 thg 5,14:15,11 thg 5,1h 5m,CXR,23.0,12.0,28-04-2025
CXR0152,Vietnam Airlines,1270728,13:10,11 thg 5,14:15,11 thg 5,1h 5m,CXR,23.0,12.0,29-04-2025
CXR0153,Vietnam Airlines,1470656,13:10,21 thg 4,14:15,21 thg 4,1h 5m,CXR,23.0,12.0,07-04-2025
CXR0153,Vietnam Airlines,1470656,13:10,21 thg 4,14:15,21 thg 4,1h 5m,CXR,23.0,12.0,08-04-2025
CXR0153,Vietnam Airlines,1462536,13:10,21 thg 4,14:15,21 thg 4,1h 5m,CXR,23.0,12.0,09-04-2025
CXR0153,Vietnam Airlines,1666332,13:10,21 thg 4,14:15,21 thg 4,1h 5m,CXR,23.0,12.0,10-04-2025
CXR0153,Vietnam Airlines,1488510,13:10,21 thg 4,14:15,21 thg 4,1h 5m,CXR,23.0,12.0,11-04-2025
CXR0153,Vietnam Airlines,1688310,13:10,21 thg 4,14:15,21 thg 4,1h 5m,CXR,23.0,12.0,12-04-2025
CXR0153,Vietnam Airlines,1686312,13:10,21 thg 4,14:15,21 thg 4,1h 5m,CXR,23.0,12.0,13-04-2025
CXR0153,Vietnam Airlines,1478520,13:10,21 thg 4,14:15,21 thg 4,1h 5m,CXR,23.0,12.0,15-04-2025
CXR0153,Vietnam Airlines,1696800,13:10,21 thg 4,14:15,21 thg 4,1h 5m,CXR,23.0,12.0,16-04-2025
CXR0153,Vietnam Airlines,1684314,13:10,21 thg 4,14:15,21 thg 4,1h 5m,CXR,23.0,12.0,17-04-2025
CXR0153,Vietnam Airlines,1686312,13:10,21 thg 4,14:15,21 thg 4,1h 5m,CXR,23.0,12.0,18-04-2025
CXR0153,Vietnam Airlines,1853145,13:10,21 thg 4,14:15,21 thg 4,1h 5m,CXR,23.0,12.0,20-04-2025
CXR0154,Vietnam Airlines,1358960,13:10,22 thg 4,14:15,22 thg 4,1h 5m,CXR,23.0,12.0,07-04-2025
CXR0154,Vietnam Airlines,1358960,13:10,22 thg 4,14:15,22 thg 4,1h 5m,CXR,23.0,12.0,08-04-2025
CXR0154,Vietnam Airlines,1477521,13:10,22 thg 4,14:15,22 thg 4,1h 5m,CXR,23.0,12.0,09-04-2025
CXR0154,Vietnam Airlines,1462536,13:10,22 thg 4,14:15,22 thg 4,1h 5m,CXR,23.0,12.0,10-04-2025
CXR0154,Vietnam Airlines,1340658,13:10,22 thg 4,14:15,22 thg 4,1h 5m,CXR,23.0,12.0,11-04-2025
CXR0154,Vietnam Airlines,1470528,13:10,22 thg 4,14:15,22 thg 4,1h 5m,CXR,23.0,12.0,12-04-2025
CXR0154,Vietnam Airlines,1508490,13:10,22 thg 4,14:15,22 thg 4,1h 5m,CXR,23.0,12.0,13-04-2025
CXR0154,Vietnam Airlines,1497501,13:10,22 thg 4,14:15,22 thg 4,1h 5m,CXR,23.0,12.0,14-04-2025
CXR0154,Vietnam Airlines,1497501,13:10,22 thg 4,14:15,22 thg 4,1h 5m,CXR,23.0,12.0,15-04-2025
CXR0154,Vietnam Airlines,1683315,13:10,22 thg 4,14:15,22 thg 4,1h 5m,CXR,23.0,12.0,17-04-2025
CXR0154,Vietnam Airlines,1687311,13:10,22 thg 4,14:15,22 thg 4,1h 5m,CXR,23.0,12.0,18-04-2025
CXR0154,Vietnam Airlines,1687311,13:10,22 thg 4,14:15,22 thg 4,1h 5m,CXR,23.0,12.0,19-04-2025
CXR0154,Vietnam Airlines,1763235,13:10,22 thg 4,14:15,22 thg 4,1h 5m,CXR,23.0,12.0,20-04-2025
CXR0154,Vietnam Airlines,1735463,13:10,22 thg 4,14:15,22 thg 4,1h 5m,CXR,23.0,12.0,21-04-2025
CXR0155,Vietnam Airlines,1671293,13:10,23 thg 4,14:15,23 thg 4,1h 5m,CXR,23.0,12.0,07-04-2025
CXR0155,Vietnam Airlines,1671293,13:10,23 thg 4,14:15,23 thg 4,1h 5m,CXR,23.0,12.0,08-04-2025
CXR0155,Vietnam Airlines,1779219,13:10,23 thg 4,14:15,23 thg 4,1h 5m,CXR,23.0,12.0,09-04-2025
CXR0155,Vietnam Airlines,1772226,13:10,23 thg 4,14:15,23 thg 4,1h 5m,CXR,23.0,12.0,10-04-2025
CXR0155,Vietnam Airlines,1664334,13:10,23 thg 4,14:15,23 thg 4,1h 5m,CXR,23.0,12.0,11-04-2025
CXR0155,Vietnam Airlines,1673325,13:10,23 thg 4,14:15,23 thg 4,1h 5m,CXR,23.0,12.0,12-04-2025
CXR0156,Vietnam Airlines,1470656,13:10,24 thg 4,14:15,24 thg 4,1h 5m,CXR,23.0,12.0,07-04-2025
CXR0156,Vietnam Airlines,1470656,13:10,24 thg 4,14:15,24 thg 4,1h 5m,CXR,23.0,12.0,08-04-2025
CXR0156,Vietnam Airlines,1457541,13:10,24 thg 4,14:15,24 thg 4,1h 5m,CXR,23.0,12.0,09-04-2025
CXR0156,Vietnam Airlines,1452546,13:10,24 thg 4,14:15,24 thg 4,1h 5m,CXR,23.0,12.0,10-04-2025
CXR0156,Vietnam Airlines,1451547,13:10,24 thg 4,14:15,24 thg 4,1h 5m,CXR,23.0,12.0,11-04-2025
CXR0156,Vietnam Airlines,1492506,13:10,24 thg 4,14:15,24 thg 4,1h 5m,CXR,23.0,12.0,12-04-2025
CXR0156,Vietnam Airlines,1489509,13:10,24 thg 4,14:15,24 thg 4,1h 5m,CXR,23.0,12.0,13-04-2025
CXR0157,Vietnam Airlines,1906092,13:10,25 thg 4,14:15,25 thg 4,1h 5m,CXR,23.0,12.0,07-04-2025
CXR0157,Vietnam Airlines,1906092,13:10,25 thg 4,14:15,25 thg 4,1h 5m,CXR,23.0,12.0,08-04-2025
CXR0157,Vietnam Airlines,1990008,13:10,25 thg 4,14:15,25 thg 4,1h 5m,CXR,23.0,12.0,09-04-2025
CXR0157,Vietnam Airlines,1985013,13:10,25 thg 4,14:15,25 thg 4,1h 5m,CXR,23.0,12.0,10-04-2025
CXR0157,Vietnam Airlines,1974024,13:10,25 thg 4,14:15,25 thg 4,1h 5m,CXR,23.0,12.0,11-04-2025
CXR0157,Vietnam Airlines,1980018,13:10,25 thg 4,14:15,25 thg 4,1h 5m,CXR,23.0,12.0,12-04-2025
CXR0157,Vietnam Airlines,1986012,13:10,25 thg 4,14:15,25 thg 4,1h 5m,CXR,23.0,12.0,13-04-2025
CXR0157,Vietnam Airlines,1995003,13:10,25 thg 4,14:15,25 thg 4,1h 5m,CXR,23.0,12.0,18-04-2025
CXR0157,Vietnam Airlines,1601397,13:10,25 thg 4,14:15,25 thg 4,1h 5m,CXR,23.0,12.0,19-04-2025
CXR0157,Vietnam Airlines,1585413,13:10,25 thg 4,14:15,25 thg 4,1h 5m,CXR,23.0,12.0,20-04-2025
CXR0157,Vietnam Airlines,1585413,13:10,25 thg 4,14:15,25 thg 4,1h 5m,CXR,23.0,12.0,21-04-2025
CXR0157,Vietnam Airlines,1793205,13:10,25 thg 4,14:15,25 thg 4,1h 5m,CXR,23.0,12.0,22-04-2025
CXR0157,Vietnam Airlines,1794204,13:10,25 thg 4,14:15,25 thg 4,1h 5m,CXR,23.0,12.0,23-04-2025
CXR0157,Vietnam Airlines,1936062,13:10,25 thg 4,14:15,25 thg 4,1h 5m,CXR,23.0,12.0,24-04-2025
CXR0158,Vietnam Airlines,1911087,13:10,26 thg 4,14:15,26 thg 4,1h 5m,CXR,23.0,12.0,07-04-2025
CXR0158,Vietnam Airlines,1911087,13:10,26 thg 4,14:15,26 thg 4,1h 5m,CXR,23.0,12.0,08-04-2025
CXR0158,Vietnam Airlines,1912086,13:10,26 thg 4,14:15,26 thg 4,1h 5m,CXR,23.0,12.0,09-04-2025
CXR0158,Vietnam Airlines,1984014,13:10,26 thg 4,14:15,26 thg 4,1h 5m,CXR,23.0,12.0,10-04-2025
CXR0158,Vietnam Airlines,1984014,13:10,26 thg 4,14:15,26 thg 4,1h 5m,CXR,23.0,12.0,11-04-2025
CXR0158,Vietnam Airlines,1995003,13:10,26 thg 4,14:15,26 thg 4,1h 5m,CXR,23.0,12.0,12-04-2025
CXR0158,Vietnam Airlines,1997001,13:10,26 thg 4,14:15,26 thg 4,1h 5m,CXR,23.0,12.0,13-04-2025
CXR0158,Vietnam Airlines,1869129,13:10,26 thg 4,14:15,26 thg 4,1h 5m,CXR,23.0,12.0,19-04-2025
CXR0158,Vietnam Airlines,1868130,13:10,26 thg 4,14:15,26 thg 4,1h 5m,CXR,23.0,12.0,20-04-2025
CXR0158,Vietnam Airlines,1869129,13:10,26 thg 4,14:15,26 thg 4,1h 5m,CXR,23.0,12.0,21-04-2025
CXR0158,Vietnam Airlines,1868130,13:10,26 thg 4,14:15,26 thg 4,1h 5m,CXR,23.0,12.0,22-04-2025
CXR0158,Vietnam Airlines,1914084,13:10,26 thg 4,14:15,26 thg 4,1h 5m,CXR,23.0,12.0,23-04-2025
CXR0158,Vietnam Airlines,1999998,13:10,26 thg 4,14:15,26 thg 4,1h 5m,CXR,23.0,12.0,24-04-2025
CXR0158,Vietnam Airlines,2006991,13:10,26 thg 4,14:15,26 thg 4,1h 5m,CXR,23.0,12.0,25-04-2025
CXR0159,Vietnam Airlines,1906092,13:10,27 thg 4,14:15,27 thg 4,1h 5m,CXR,23.0,12.0,07-04-2025
CXR0159,Vietnam Airlines,1942056,13:10,27 thg 4,14:15,27 thg 4,1h 5m,CXR,23.0,12.0,08-04-2025
CXR0159,Vietnam Airlines,1970028,13:10,27 thg 4,14:15,27 thg 4,1h 5m,CXR,23.0,12.0,09-04-2025
CXR0159,Vietnam Airlines,1947051,13:10,27 thg 4,14:15,27 thg 4,1h 5m,CXR,23.0,12.0,10-04-2025
CXR0159,Vietnam Airlines,1984014,13:10,27 thg 4,14:15,27 thg 4,1h 5m,CXR,23.0,12.0,11-04-2025
CXR0159,Vietnam Airlines,1997001,13:10,27 thg 4,14:15,27 thg 4,1h 5m,CXR,23.0,12.0,12-04-2025
CXR0159,Vietnam Airlines,2014983,13:10,27 thg 4,14:15,27 thg 4,1h 5m,CXR,23.0,12.0,13-04-2025
CXR0159,Vietnam Airlines,1978020,13:10,27 thg 4,14:15,27 thg 4,1h 5m,CXR,23.0,12.0,14-04-2025
CXR0159,Vietnam Airlines,1983015,13:10,27 thg 4,14:15,27 thg 4,1h 5m,CXR,23.0,12.0,15-04-2025
CXR0159,Vietnam Airlines,1980018,13:10,27 thg 4,14:15,27 thg 4,1h 5m,CXR,23.0,12.0,17-04-2025
CXR0159,Vietnam Airlines,1985013,13:10,27 thg 4,14:15,27 thg 4,1h 5m,CXR,23.0,12.0,18-04-2025
CXR0159,Vietnam Airlines,1389609,13:10,27 thg 4,14:15,27 thg 4,1h 5m,CXR,23.0,12.0,19-04-2025
CXR0159,Vietnam Airlines,1492506,13:10,27 thg 4,14:15,27 thg 4,1h 5m,CXR,23.0,12.0,20-04-2025
CXR0159,Vietnam Airlines,1494504,13:10,27 thg 4,14:15,27 thg 4,1h 5m,CXR,23.0,12.0,21-04-2025
CXR0159,Vietnam Airlines,1473525,13:10,27 thg 4,14:15,27 thg 4,1h 5m,CXR,23.0,12.0,22-04-2025
CXR0159,Vietnam Airlines,1478520,13:10,27 thg 4,14:15,27 thg 4,1h 5m,CXR,23.0,12.0,23-04-2025
CXR0159,Vietnam Airlines,1481517,13:10,27 thg 4,14:15,27 thg 4,1h 5m,CXR,23.0,12.0,24-04-2025
CXR0159,Vietnam Airlines,1502496,13:10,27 thg 4,14:15,27 thg 4,1h 5m,CXR,23.0,12.0,25-04-2025
CXR0159,Vietnam Airlines,1527121,13:10,27 thg 4,14:15,27 thg 4,1h 5m,CXR,23.0,12.0,26-04-2025
CXR0160,Vietnam Airlines,1671293,13:10,28 thg 4,14:15,28 thg 4,1h 5m,CXR,23.0,12.0,08-04-2025
CXR0160,Vietnam Airlines,1779219,13:10,28 thg 4,14:15,28 thg 4,1h 5m,CXR,23.0,12.0,09-04-2025
CXR0160,Vietnam Airlines,1772226,13:10,28 thg 4,14:15,28 thg 4,1h 5m,CXR,23.0,12.0,10-04-2025
CXR0160,Vietnam Airlines,1770228,13:10,28 thg 4,14:15,28 thg 4,1h 5m,CXR,23.0,12.0,11-04-2025
CXR0160,Vietnam Airlines,1769229,13:10,28 thg 4,14:15,28 thg 4,1h 5m,CXR,23.0,12.0,12-04-2025
CXR0160,Vietnam Airlines,1806192,13:10,28 thg 4,14:15,28 thg 4,1h 5m,CXR,23.0,12.0,13-04-2025
CXR0160,Vietnam Airlines,1594404,13:10,28 thg 4,14:15,28 thg 4,1h 5m,CXR,23.0,12.0,19-04-2025
CXR0160,Vietnam Airlines,1989009,13:10,28 thg 4,14:15,28 thg 4,1h 5m,CXR,23.0,12.0,22-04-2025
CXR0160,Vietnam Airlines,1873125,13:10,28 thg 4,14:15,28 thg 4,1h 5m,CXR,23.0,12.0,23-04-2025
CXR0160,Vietnam Airlines,1948050,13:10,28 thg 4,14:15,28 thg 4,1h 5m,CXR,23.0,12.0,24-04-2025
CXR0160,Vietnam Airlines,1951047,13:10,28 thg 4,14:15,28 thg 4,1h 5m,CXR,23.0,12.0,25-04-2025
CXR0160,Vietnam Airlines,1946052,13:10,28 thg 4,14:15,28 thg 4,1h 5m,CXR,23.0,12.0,26-04-2025
CXR0160,Vietnam Airlines,1987011,13:10,28 thg 4,14:15,28 thg 4,1h 5m,CXR,23.0,12.0,27-04-2025
CXR0161,Vietnam Airlines,1983015,13:10,29 thg 4,14:15,29 thg 4,1h 5m,CXR,23.0,12.0,09-04-2025
CXR0161,Vietnam Airlines,1976022,13:10,29 thg 4,14:15,29 thg 4,1h 5m,CXR,23.0,12.0,10-04-2025
CXR0161,Vietnam Airlines,1967031,13:10,29 thg 4,14:15,29 thg 4,1h 5m,CXR,23.0,12.0,11-04-2025
CXR0161,Vietnam Airlines,1984014,13:10,29 thg 4,14:15,29 thg 4,1h 5m,CXR,23.0,12.0,12-04-2025
CXR0161,Vietnam Airlines,1976022,13:10,29 thg 4,14:15,29 thg 4,1h 5m,CXR,23.0,12.0,13-04-2025
CXR0161,Vietnam Airlines,1986012,13:10,29 thg 4,14:15,29 thg 4,1h 5m,CXR,23.0,12.0,14-04-2025
CXR0161,Vietnam Airlines,1985013,13:10,29 thg 4,14:15,29 thg 4,1h 5m,CXR,23.0,12.0,15-04-2025
CXR0162,Vietnam Airlines,2006991,13:10,30 thg 4,14:15,30 thg 4,1h 5m,CXR,23.0,12.0,23-04-2025
CXR0163,Vietnam Airlines,1712286,13:20,23 thg 4,14:25,23 thg 4,1h 5m,CXR,23.0,12.0,13-04-2025
CXR0164,Vietnam Airlines,1156842,13:30,11 thg 5,14:35,11 thg 5,1h 5m,CXR,23.0,12.0,01-05-2025
CXR0164,Vietnam Airlines,1155843,13:30,11 thg 5,14:35,11 thg 5,1h 5m,CXR,23.0,12.0,02-05-2025
CXR0164,Vietnam Airlines,1164834,13:30,11 thg 5,14:35,11 thg 5,1h 5m,CXR,23.0,12.0,03-05-2025
CXR0164,Vietnam Airlines,1166832,13:30,11 thg 5,14:35,11 thg 5,1h 5m,CXR,23.0,12.0,04-05-2025
CXR0164,Vietnam Airlines,1153845,13:30,11 thg 5,14:35,11 thg 5,1h 5m,CXR,23.0,12.0,27-04-2025
CXR0164,Vietnam Airlines,1141759,13:30,11 thg 5,14:35,11 thg 5,1h 5m,CXR,23.0,12.0,28-04-2025
CXR0164,Vietnam Airlines,1147851,13:30,11 thg 5,14:35,11 thg 5,1h 5m,CXR,23.0,12.0,29-04-2025
CXR0165,Vietnam Airlines,1151847,13:50,04 thg 5,14:55,04 thg 5,1h 5m,CXR,23.0,12.0,19-04-2025
CXR0165,Vietnam Airlines,1142856,13:50,04 thg 5,14:55,04 thg 5,1h 5m,CXR,23.0,12.0,20-04-2025
CXR0165,Vietnam Airlines,1144854,13:50,04 thg 5,14:55,04 thg 5,1h 5m,CXR,23.0,12.0,21-04-2025
CXR0165,Vietnam Airlines,1143855,13:50,04 thg 5,14:55,04 thg 5,1h 5m,CXR,23.0,12.0,22-04-2025
CXR0165,Vietnam Airlines,1147851,13:50,04 thg 5,14:55,04 thg 5,1h 5m,CXR,23.0,12.0,23-04-2025
CXR0165,Vietnam Airlines,1148850,13:50,04 thg 5,14:55,04 thg 5,1h 5m,CXR,23.0,12.0,24-04-2025
CXR0165,Vietnam Airlines,1147851,13:50,04 thg 5,14:55,04 thg 5,1h 5m,CXR,23.0,12.0,25-04-2025
CXR0165,Vietnam Airlines,1139316,13:50,04 thg 5,14:55,04 thg 5,1h 5m,CXR,23.0,12.0,26-04-2025
CXR0165,Vietnam Airlines,1126872,13:50,04 thg 5,14:55,04 thg 5,1h 5m,CXR,23.0,12.0,27-04-2025
CXR0166,Vietnam Airlines,1580874,13:50,09 thg 5,14:55,09 thg 5,1h 5m,CXR,23.0,12.0,01-05-2025
CXR0166,Vietnam Airlines,1581961,13:50,09 thg 5,14:55,09 thg 5,1h 5m,CXR,23.0,12.0,02-05-2025
CXR0166,Vietnam Airlines,1541457,13:50,09 thg 5,14:55,09 thg 5,1h 5m,CXR,23.0,12.0,04-05-2025
CXR0166,Vietnam Airlines,1602396,13:50,09 thg 5,14:55,09 thg 5,1h 5m,CXR,23.0,10.0,05-05-2025
CXR0166,Vietnam Airlines,1581113,13:50,09 thg 5,14:55,09 thg 5,1h 5m,CXR,23.0,10.0,06-05-2025
CXR0166,Vietnam Airlines,1674324,13:50,09 thg 5,14:55,09 thg 5,1h 5m,CXR,23.0,10.0,07-05-2025
CXR0166,Vietnam Airlines,1598400,13:50,09 thg 5,14:55,09 thg 5,1h 5m,CXR,23.0,12.0,19-04-2025
CXR0166,Vietnam Airlines,1585413,13:50,09 thg 5,14:55,09 thg 5,1h 5m,CXR,23.0,12.0,20-04-2025
CXR0166,Vietnam Airlines,1588410,13:50,09 thg 5,14:55,09 thg 5,1h 5m,CXR,23.0,12.0,21-04-2025
CXR0166,Vietnam Airlines,1571427,13:50,09 thg 5,14:55,09 thg 5,1h 5m,CXR,23.0,12.0,22-04-2025
CXR0166,Vietnam Airlines,1574424,13:50,09 thg 5,14:55,09 thg 5,1h 5m,CXR,23.0,12.0,23-04-2025
CXR0166,Vietnam Airlines,1576339,13:50,09 thg 5,14:55,09 thg 5,1h 5m,CXR,23.0,12.0,24-04-2025
CXR0166,Vietnam Airlines,1580418,13:50,09 thg 5,14:55,09 thg 5,1h 5m,CXR,23.0,12.0,25-04-2025
CXR0166,Vietnam Airlines,1575423,13:50,09 thg 5,14:55,09 thg 5,1h 5m,CXR,23.0,12.0,26-04-2025
CXR0166,Vietnam Airlines,1568430,13:50,09 thg 5,14:55,09 thg 5,1h 5m,CXR,23.0,12.0,27-04-2025
CXR0166,Vietnam Airlines,1579538,13:50,09 thg 5,14:55,09 thg 5,1h 5m,CXR,23.0,12.0,28-04-2025
CXR0166,Vietnam Airlines,1570428,13:50,09 thg 5,14:55,09 thg 5,1h 5m,CXR,23.0,12.0,29-04-2025
CXR0166,Vietnam Airlines,1586412,13:50,09 thg 5,14:55,09 thg 5,1h 5m,CXR,23.0,12.0,30-04-2025
CXR0167,Vietnam Airlines,1247264,13:50,23 thg 4,14:55,23 thg 4,1h 5m,CXR,23.0,12.0,07-04-2025
CXR0167,Vietnam Airlines,1247264,13:50,23 thg 4,14:55,23 thg 4,1h 5m,CXR,23.0,12.0,08-04-2025
CXR0167,Vietnam Airlines,1214784,13:50,23 thg 4,14:55,23 thg 4,1h 5m,CXR,23.0,12.0,09-04-2025
CXR0167,Vietnam Airlines,1246560,13:50,23 thg 4,14:55,23 thg 4,1h 5m,CXR,23.0,12.0,10-04-2025
CXR0167,Vietnam Airlines,1246058,13:50,23 thg 4,14:55,23 thg 4,1h 5m,CXR,23.0,12.0,11-04-2025
CXR0167,Vietnam Airlines,1381617,13:50,23 thg 4,14:55,23 thg 4,1h 5m,CXR,23.0,12.0,12-04-2025
CXR0167,Vietnam Airlines,1375623,13:50,23 thg 4,14:55,23 thg 4,1h 5m,CXR,23.0,12.0,13-04-2025
CXR0167,Vietnam Airlines,1368630,13:50,23 thg 4,14:55,23 thg 4,1h 5m,CXR,23.0,12.0,14-04-2025
CXR0167,Vietnam Airlines,1370628,13:50,23 thg 4,14:55,23 thg 4,1h 5m,CXR,23.0,12.0,15-04-2025
CXR0167,Vietnam Airlines,1379700,13:50,23 thg 4,14:55,23 thg 4,1h 5m,CXR,23.0,12.0,16-04-2025
CXR0168,Vietnam Airlines,1156842,14:20,11 thg 5,15:35,11 thg 5,1h 15m,CXR,23.0,12.0,01-05-2025
CXR0168,Vietnam Airlines,1155843,14:20,11 thg 5,15:35,11 thg 5,1h 15m,CXR,23.0,12.0,02-05-2025
CXR0168,Vietnam Airlines,1164834,14:20,11 thg 5,15:35,11 thg 5,1h 15m,CXR,23.0,12.0,03-05-2025
CXR0168,Vietnam Airlines,1166832,14:20,11 thg 5,15:35,11 thg 5,1h 15m,CXR,23.0,12.0,04-05-2025
CXR0168,Vietnam Airlines,1143855,14:20,11 thg 5,15:35,11 thg 5,1h 15m,CXR,23.0,12.0,29-04-2025
CXR0169,Vietnam Airlines,1717281,15:05,21 thg 4,16:10,21 thg 4,1h 5m,CXR,23.0,12.0,20-04-2025
CXR0169,Vietnam Airlines,1527121,15:05,21 thg 4,16:10,21 thg 4,1h 5m,CXR,23.0,12.0,21-04-2025
CXR0170,Vietnam Airlines,1985013,15:40,02 thg 5,16:45,02 thg 5,1h 5m,CXR,23.0,12.0,19-04-2025
CXR0170,Vietnam Airlines,2012985,15:40,02 thg 5,16:45,02 thg 5,1h 5m,CXR,23.0,12.0,20-04-2025
CXR0170,Vietnam Airlines,1985013,15:40,02 thg 5,16:45,02 thg 5,1h 5m,CXR,23.0,12.0,21-04-2025
CXR0170,Vietnam Airlines,1146852,15:40,02 thg 5,16:45,02 thg 5,1h 5m,CXR,23.0,12.0,22-04-2025
CXR0170,Vietnam Airlines,1143855,15:40,02 thg 5,16:45,02 thg 5,1h 5m,CXR,23.0,12.0,23-04-2025
CXR0170,Vietnam Airlines,1139448,15:40,02 thg 5,16:45,02 thg 5,1h 5m,CXR,23.0,12.0,24-04-2025
CXR0170,Vietnam Airlines,1147851,15:40,02 thg 5,16:45,02 thg 5,1h 5m,CXR,23.0,12.0,25-04-2025
CXR0170,Vietnam Airlines,1142856,15:40,02 thg 5,16:45,02 thg 5,1h 5m,CXR,23.0,12.0,26-04-2025
CXR0170,Vietnam Airlines,1149849,15:40,02 thg 5,16:45,02 thg 5,1h 5m,CXR,23.0,12.0,27-04-2025
CXR0171,Vietnam Airlines,1389609,15:40,27 thg 4,16:45,27 thg 4,1h 5m,CXR,23.0,12.0,19-04-2025
CXR0171,Vietnam Airlines,1369629,15:40,27 thg 4,16:45,27 thg 4,1h 5m,CXR,23.0,12.0,20-04-2025
CXR0171,Vietnam Airlines,1371627,15:40,27 thg 4,16:45,27 thg 4,1h 5m,CXR,23.0,12.0,21-04-2025
CXR0171,Vietnam Airlines,1358640,15:40,27 thg 4,16:45,27 thg 4,1h 5m,CXR,23.0,12.0,22-04-2025
CXR0171,Vietnam Airlines,1359639,15:40,27 thg 4,16:45,27 thg 4,1h 5m,CXR,23.0,12.0,23-04-2025
CXR0171,Vietnam Airlines,1376622,15:40,27 thg 4,16:45,27 thg 4,1h 5m,CXR,23.0,12.0,24-04-2025
CXR0171,Vietnam Airlines,1383615,15:40,27 thg 4,16:45,27 thg 4,1h 5m,CXR,23.0,12.0,25-04-2025
CXR0171,Vietnam Airlines,1411137,15:40,27 thg 4,16:45,27 thg 4,1h 5m,CXR,23.0,12.0,26-04-2025
CXR0172,Vietnam Airlines,2010987,16:45,01 thg 5,17:50,01 thg 5,1h 5m,CXR,23.0,12.0,22-04-2025
CXR0172,Vietnam Airlines,2010987,16:45,01 thg 5,17:50,01 thg 5,1h 5m,CXR,23.0,12.0,23-04-2025
CXR0172,Vietnam Airlines,2003994,16:45,01 thg 5,17:50,01 thg 5,1h 5m,CXR,23.0,12.0,24-04-2025
CXR0172,Vietnam Airlines,1999998,16:45,01 thg 5,17:50,01 thg 5,1h 5m,CXR,23.0,12.0,25-04-2025
CXR0172,Vietnam Airlines,1922076,16:45,01 thg 5,17:50,01 thg 5,1h 5m,CXR,23.0,12.0,26-04-2025
CXR0172,Vietnam Airlines,1998000,16:45,01 thg 5,17:50,01 thg 5,1h 5m,CXR,23.0,12.0,27-04-2025
CXR0172,Vietnam Airlines,1989009,16:45,01 thg 5,17:50,01 thg 5,1h 5m,CXR,23.0,12.0,28-04-2025
CXR0172,Vietnam Airlines,1999998,16:45,01 thg 5,17:50,01 thg 5,1h 5m,CXR,23.0,12.0,29-04-2025
CXR0172,Vietnam Airlines,2045827,16:45,01 thg 5,17:50,01 thg 5,1h 5m,CXR,23.0,12.0,30-04-2025
CXR0173,Vietnam Airlines,1750248,18:40,01 thg 5,19:45,01 thg 5,1h 5m,CXR,23.0,12.0,11-04-2025
CXR0173,Vietnam Airlines,1808190,18:40,01 thg 5,19:45,01 thg 5,1h 5m,CXR,23.0,12.0,12-04-2025
CXR0173,Vietnam Airlines,1827820,18:40,01 thg 5,19:45,01 thg 5,1h 5m,CXR,23.0,12.0,13-04-2025
CXR0173,Vietnam Airlines,1882116,18:40,01 thg 5,19:45,01 thg 5,1h 5m,CXR,23.0,12.0,14-04-2025
CXR0173,Vietnam Airlines,1885113,18:40,01 thg 5,19:45,01 thg 5,1h 5m,CXR,23.0,12.0,15-04-2025
CXR0173,Vietnam Airlines,1878450,18:40,01 thg 5,19:45,01 thg 5,1h 5m,CXR,23.0,12.0,16-04-2025
CXR0173,Vietnam Airlines,1879119,18:40,01 thg 5,19:45,01 thg 5,1h 5m,CXR,23.0,12.0,17-04-2025
CXR0173,Vietnam Airlines,1884114,18:40,01 thg 5,19:45,01 thg 5,1h 5m,CXR,23.0,12.0,18-04-2025
CXR0173,Vietnam Airlines,1872126,18:40,01 thg 5,19:45,01 thg 5,1h 5m,CXR,23.0,12.0,19-04-2025
CXR0173,Vietnam Airlines,1871127,18:40,01 thg 5,19:45,01 thg 5,1h 5m,CXR,23.0,12.0,20-04-2025
CXR0173,Vietnam Airlines,1872126,18:40,01 thg 5,19:45,01 thg 5,1h 5m,CXR,23.0,12.0,21-04-2025
CXR0173,Vietnam Airlines,1683315,18:40,01 thg 5,19:45,01 thg 5,1h 5m,CXR,23.0,12.0,22-04-2025
CXR0173,Vietnam Airlines,1683315,18:40,01 thg 5,19:45,01 thg 5,1h 5m,CXR,23.0,12.0,23-04-2025
CXR0173,Vietnam Airlines,1682316,18:40,01 thg 5,19:45,01 thg 5,1h 5m,CXR,23.0,12.0,24-04-2025
CXR0173,Vietnam Airlines,1368630,18:40,01 thg 5,19:45,01 thg 5,1h 5m,CXR,23.0,12.0,25-04-2025
CXR0173,Vietnam Airlines,1363444,18:40,01 thg 5,19:45,01 thg 5,1h 5m,CXR,23.0,12.0,26-04-2025
CXR0173,Vietnam Airlines,1354644,18:40,01 thg 5,19:45,01 thg 5,1h 5m,CXR,23.0,12.0,27-04-2025
CXR0173,Vietnam Airlines,1579538,18:40,01 thg 5,19:45,01 thg 5,1h 5m,CXR,23.0,12.0,28-04-2025
CXR0173,Vietnam Airlines,1705293,18:40,01 thg 5,19:45,01 thg 5,1h 5m,CXR,23.0,12.0,29-04-2025
CXR0173,Vietnam Airlines,2040458,18:40,01 thg 5,19:45,01 thg 5,1h 5m,CXR,23.0,12.0,30-04-2025
CXR0174,Vietnam Airlines,1164834,18:40,02 thg 5,19:45,02 thg 5,1h 5m,CXR,23.0,12.0,01-05-2025
CXR0174,Vietnam Airlines,1607391,18:40,02 thg 5,19:45,02 thg 5,1h 5m,CXR,23.0,12.0,12-04-2025
CXR0174,Vietnam Airlines,1607391,18:40,02 thg 5,19:45,02 thg 5,1h 5m,CXR,23.0,12.0,13-04-2025
CXR0174,Vietnam Airlines,1597401,18:40,02 thg 5,19:45,02 thg 5,1h 5m,CXR,23.0,12.0,14-04-2025
CXR0174,Vietnam Airlines,1572154,18:40,02 thg 5,19:45,02 thg 5,1h 5m,CXR,23.0,12.0,15-04-2025
CXR0174,Vietnam Airlines,1594950,18:40,02 thg 5,19:45,02 thg 5,1h 5m,CXR,23.0,12.0,16-04-2025
CXR0174,Vietnam Airlines,1592406,18:40,02 thg 5,19:45,02 thg 5,1h 5m,CXR,23.0,12.0,17-04-2025
CXR0174,Vietnam Airlines,1589409,18:40,02 thg 5,19:45,02 thg 5,1h 5m,CXR,23.0,12.0,18-04-2025
CXR0174,Vietnam Airlines,1583415,18:40,02 thg 5,19:45,02 thg 5,1h 5m,CXR,23.0,12.0,19-04-2025
CXR0174,Vietnam Airlines,1585413,18:40,02 thg 5,19:45,02 thg 5,1h 5m,CXR,23.0,12.0,20-04-2025
CXR0174,Vietnam Airlines,1586412,18:40,02 thg 5,19:45,02 thg 5,1h 5m,CXR,23.0,12.0,21-04-2025
CXR0174,Vietnam Airlines,1573425,18:40,02 thg 5,19:45,02 thg 5,1h 5m,CXR,23.0,12.0,22-04-2025
CXR0174,Vietnam Airlines,1573425,18:40,02 thg 5,19:45,02 thg 5,1h 5m,CXR,23.0,12.0,23-04-2025
CXR0174,Vietnam Airlines,1576339,18:40,02 thg 5,19:45,02 thg 5,1h 5m,CXR,23.0,12.0,24-04-2025
CXR0174,Vietnam Airlines,1140858,18:40,02 thg 5,19:45,02 thg 5,1h 5m,CXR,23.0,12.0,25-04-2025
CXR0174,Vietnam Airlines,1119879,18:40,02 thg 5,19:45,02 thg 5,1h 5m,CXR,23.0,12.0,26-04-2025
CXR0174,Vietnam Airlines,1112886,18:40,02 thg 5,19:45,02 thg 5,1h 5m,CXR,23.0,12.0,27-04-2025
CXR0174,Vietnam Airlines,1108890,18:40,02 thg 5,19:45,02 thg 5,1h 5m,CXR,23.0,12.0,28-04-2025
CXR0174,Vietnam Airlines,1113885,18:40,02 thg 5,19:45,02 thg 5,1h 5m,CXR,23.0,12.0,29-04-2025
CXR0174,Vietnam Airlines,1179170,18:40,02 thg 5,19:45,02 thg 5,1h 5m,CXR,23.0,12.0,30-04-2025
CXR0175,Vietnam Airlines,1295154,18:40,03 thg 5,19:45,03 thg 5,1h 5m,CXR,23.0,12.0,01-05-2025
CXR0175,Vietnam Airlines,1295154,18:40,03 thg 5,19:45,03 thg 5,1h 5m,CXR,23.0,12.0,02-05-2025
CXR0175,Vietnam Airlines,951048,18:40,03 thg 5,19:45,03 thg 5,1h 5m,CXR,0.0,12.0,13-04-2025
CXR0175,Vietnam Airlines,944055,18:40,03 thg 5,19:45,03 thg 5,1h 5m,CXR,0.0,12.0,14-04-2025
CXR0175,Vietnam Airlines,947052,18:40,03 thg 5,19:45,03 thg 5,1h 5m,CXR,23.0,12.0,15-04-2025
CXR0175,Vietnam Airlines,936600,18:40,03 thg 5,19:45,03 thg 5,1h 5m,CXR,0.0,12.0,16-04-2025
CXR0175,Vietnam Airlines,946053,18:40,03 thg 5,19:45,03 thg 5,1h 5m,CXR,0.0,12.0,17-04-2025
CXR0175,Vietnam Airlines,943056,18:40,03 thg 5,19:45,03 thg 5,1h 5m,CXR,23.0,12.0,18-04-2025
CXR0175,Vietnam Airlines,944055,18:40,03 thg 5,19:45,03 thg 5,1h 5m,CXR,23.0,12.0,19-04-2025
CXR0175,Vietnam Airlines,1150848,18:40,03 thg 5,19:45,03 thg 5,1h 5m,CXR,23.0,12.0,20-04-2025
CXR0175,Vietnam Airlines,1151847,18:40,03 thg 5,19:45,03 thg 5,1h 5m,CXR,23.0,12.0,21-04-2025
CXR0175,Vietnam Airlines,1125873,18:40,03 thg 5,19:45,03 thg 5,1h 5m,CXR,23.0,12.0,22-04-2025
CXR0175,Vietnam Airlines,1147851,18:40,03 thg 5,19:45,03 thg 5,1h 5m,CXR,23.0,12.0,23-04-2025
CXR0175,Vietnam Airlines,1148850,18:40,03 thg 5,19:45,03 thg 5,1h 5m,CXR,23.0,12.0,24-04-2025
CXR0175,Vietnam Airlines,1147851,18:40,03 thg 5,19:45,03 thg 5,1h 5m,CXR,23.0,12.0,25-04-2025
CXR0175,Vietnam Airlines,1139316,18:40,03 thg 5,19:45,03 thg 5,1h 5m,CXR,23.0,12.0,26-04-2025
CXR0175,Vietnam Airlines,1012986,18:40,03 thg 5,19:45,03 thg 5,1h 5m,CXR,0.0,12.0,27-04-2025
CXR0175,Vietnam Airlines,1142856,18:40,03 thg 5,19:45,03 thg 5,1h 5m,CXR,23.0,12.0,28-04-2025
CXR0175,Vietnam Airlines,1147851,18:40,03 thg 5,19:45,03 thg 5,1h 5m,CXR,23.0,12.0,29-04-2025
CXR0175,Vietnam Airlines,1173825,18:40,03 thg 5,19:45,03 thg 5,1h 5m,CXR,23.0,12.0,30-04-2025
CXR0176,Vietnam Airlines,1015983,18:40,04 thg 5,19:45,04 thg 5,1h 5m,CXR,0.0,12.0,01-05-2025
CXR0176,Vietnam Airlines,1027746,18:40,04 thg 5,19:45,04 thg 5,1h 5m,CXR,0.0,12.0,02-05-2025
CXR0176,Vietnam Airlines,1161837,18:40,04 thg 5,19:45,04 thg 5,1h 5m,CXR,23.0,12.0,14-04-2025
CXR0176,Vietnam Airlines,1156842,18:40,04 thg 5,19:45,04 thg 5,1h 5m,CXR,0.0,12.0,15-04-2025
CXR0176,Vietnam Airlines,936600,18:40,04 thg 5,19:45,04 thg 5,1h 5m,CXR,0.0,12.0,16-04-2025
CXR0176,Vietnam Airlines,946053,18:40,04 thg 5,19:45,04 thg 5,1h 5m,CXR,0.0,12.0,17-04-2025
CXR0176,Vietnam Airlines,943056,18:40,04 thg 5,19:45,04 thg 5,1h 5m,CXR,0.0,12.0,18-04-2025
CXR0176,Vietnam Airlines,940059,18:40,04 thg 5,19:45,04 thg 5,1h 5m,CXR,0.0,12.0,19-04-2025
CXR0176,Vietnam Airlines,957941,18:40,04 thg 5,19:45,04 thg 5,1h 5m,CXR,0.0,12.0,20-04-2025
CXR0176,Vietnam Airlines,940059,18:40,04 thg 5,19:45,04 thg 5,1h 5m,CXR,0.0,12.0,21-04-2025
CXR0176,Vietnam Airlines,984015,18:40,04 thg 5,19:45,04 thg 5,1h 5m,CXR,0.0,12.0,22-04-2025
CXR0176,Vietnam Airlines,979020,18:40,04 thg 5,19:45,04 thg 5,1h 5m,CXR,0.0,12.0,23-04-2025
CXR0176,Vietnam Airlines,977022,18:40,04 thg 5,19:45,04 thg 5,1h 5m,CXR,0.0,12.0,24-04-2025
CXR0176,Vietnam Airlines,980019,18:40,04 thg 5,19:45,04 thg 5,1h 5m,CXR,0.0,12.0,25-04-2025
CXR0176,Vietnam Airlines,978021,18:40,04 thg 5,19:45,04 thg 5,1h 5m,CXR,0.0,12.0,26-04-2025
CXR0176,Vietnam Airlines,975024,18:40,04 thg 5,19:45,04 thg 5,1h 5m,CXR,0.0,12.0,27-04-2025
CXR0176,Vietnam Airlines,1008990,18:40,04 thg 5,19:45,04 thg 5,1h 5m,CXR,0.0,12.0,28-04-2025
CXR0176,Vietnam Airlines,1012986,18:40,04 thg 5,19:45,04 thg 5,1h 5m,CXR,0.0,12.0,29-04-2025
CXR0176,Vietnam Airlines,1027746,18:40,04 thg 5,19:45,04 thg 5,1h 5m,CXR,0.0,12.0,30-04-2025
CXR0177,Vietnam Airlines,1015983,18:40,05 thg 5,19:45,05 thg 5,1h 5m,CXR,0.0,12.0,01-05-2025
CXR0177,Vietnam Airlines,1009989,18:40,05 thg 5,19:45,05 thg 5,1h 5m,CXR,0.0,12.0,02-05-2025
CXR0177,Vietnam Airlines,1025973,18:40,05 thg 5,19:45,05 thg 5,1h 5m,CXR,0.0,12.0,03-05-2025
CXR0177,Vietnam Airlines,1020978,18:40,05 thg 5,19:45,05 thg 5,1h 5m,CXR,0.0,12.0,04-05-2025
CXR0177,Vietnam Airlines,947052,18:40,05 thg 5,19:45,05 thg 5,1h 5m,CXR,0.0,12.0,15-04-2025
CXR0177,Vietnam Airlines,936600,18:40,05 thg 5,19:45,05 thg 5,1h 5m,CXR,0.0,12.0,16-04-2025
CXR0177,Vietnam Airlines,945054,18:40,05 thg 5,19:45,05 thg 5,1h 5m,CXR,0.0,12.0,17-04-2025
CXR0177,Vietnam Airlines,947052,18:40,05 thg 5,19:45,05 thg 5,1h 5m,CXR,0.0,12.0,18-04-2025
CXR0177,Vietnam Airlines,944055,18:40,05 thg 5,19:45,05 thg 5,1h 5m,CXR,0.0,12.0,19-04-2025
CXR0177,Vietnam Airlines,943056,18:40,05 thg 5,19:45,05 thg 5,1h 5m,CXR,0.0,12.0,20-04-2025
CXR0177,Vietnam Airlines,945054,18:40,05 thg 5,19:45,05 thg 5,1h 5m,CXR,0.0,12.0,21-04-2025
CXR0177,Vietnam Airlines,980019,18:40,05 thg 5,19:45,05 thg 5,1h 5m,CXR,0.0,12.0,22-04-2025
CXR0177,Vietnam Airlines,979020,18:40,05 thg 5,19:45,05 thg 5,1h 5m,CXR,0.0,12.0,23-04-2025
CXR0177,Vietnam Airlines,977022,18:40,05 thg 5,19:45,05 thg 5,1h 5m,CXR,0.0,12.0,24-04-2025
CXR0177,Vietnam Airlines,979020,18:40,05 thg 5,19:45,05 thg 5,1h 5m,CXR,0.0,12.0,25-04-2025
CXR0177,Vietnam Airlines,978021,18:40,05 thg 5,19:45,05 thg 5,1h 5m,CXR,0.0,12.0,26-04-2025
CXR0177,Vietnam Airlines,863136,18:40,05 thg 5,19:45,05 thg 5,1h 5m,CXR,0.0,12.0,27-04-2025
CXR0177,Vietnam Airlines,882835,18:40,05 thg 5,19:45,05 thg 5,1h 5m,CXR,0.0,12.0,28-04-2025
CXR0177,Vietnam Airlines,1012986,18:40,05 thg 5,19:45,05 thg 5,1h 5m,CXR,0.0,12.0,29-04-2025
CXR0177,Vietnam Airlines,1027746,18:40,05 thg 5,19:45,05 thg 5,1h 5m,CXR,0.0,12.0,30-04-2025
CXR0178,Vietnam Airlines,1080918,18:40,06 thg 5,19:45,06 thg 5,1h 5m,CXR,23.0,12.0,01-05-2025
CXR0178,Vietnam Airlines,1076922,18:40,06 thg 5,19:45,06 thg 5,1h 5m,CXR,23.0,12.0,02-05-2025
CXR0178,Vietnam Airlines,1084914,18:40,06 thg 5,19:45,06 thg 5,1h 5m,CXR,23.0,12.0,04-05-2025
CXR0178,Vietnam Airlines,1254887,18:40,06 thg 5,19:45,06 thg 5,1h 5m,CXR,23.0,10.0,05-05-2025
CXR0178,Vietnam Airlines,936600,18:40,06 thg 5,19:45,06 thg 5,1h 5m,CXR,0.0,12.0,16-04-2025
CXR0178,Vietnam Airlines,945054,18:40,06 thg 5,19:45,06 thg 5,1h 5m,CXR,0.0,12.0,17-04-2025
CXR0178,Vietnam Airlines,944055,18:40,06 thg 5,19:45,06 thg 5,1h 5m,CXR,0.0,12.0,18-04-2025
CXR0178,Vietnam Airlines,940059,18:40,06 thg 5,19:45,06 thg 5,1h 5m,CXR,0.0,12.0,19-04-2025
CXR0178,Vietnam Airlines,939060,18:40,06 thg 5,19:45,06 thg 5,1h 5m,CXR,0.0,12.0,20-04-2025
CXR0178,Vietnam Airlines,942057,18:40,06 thg 5,19:45,06 thg 5,1h 5m,CXR,0.0,12.0,21-04-2025
CXR0178,Vietnam Airlines,939060,18:40,06 thg 5,19:45,06 thg 5,1h 5m,CXR,0.0,12.0,22-04-2025
CXR0178,Vietnam Airlines,979020,18:40,06 thg 5,19:45,06 thg 5,1h 5m,CXR,0.0,12.0,23-04-2025
CXR0178,Vietnam Airlines,977022,18:40,06 thg 5,19:45,06 thg 5,1h 5m,CXR,0.0,12.0,24-04-2025
CXR0178,Vietnam Airlines,980019,18:40,06 thg 5,19:45,06 thg 5,1h 5m,CXR,0.0,12.0,25-04-2025
CXR0178,Vietnam Airlines,979020,18:40,06 thg 5,19:45,06 thg 5,1h 5m,CXR,0.0,12.0,26-04-2025
CXR0178,Vietnam Airlines,975024,18:40,06 thg 5,19:45,06 thg 5,1h 5m,CXR,0.0,12.0,27-04-2025
CXR0178,Vietnam Airlines,961865,18:40,06 thg 5,19:45,06 thg 5,1h 5m,CXR,0.0,12.0,28-04-2025
CXR0178,Vietnam Airlines,1094904,18:40,06 thg 5,19:45,06 thg 5,1h 5m,CXR,23.0,12.0,29-04-2025
CXR0178,Vietnam Airlines,1109365,18:40,06 thg 5,19:45,06 thg 5,1h 5m,CXR,23.0,12.0,30-04-2025
CXR0179,Vietnam Airlines,1012986,18:40,07 thg 5,19:45,07 thg 5,1h 5m,CXR,0.0,12.0,01-05-2025
CXR0179,Vietnam Airlines,1009989,18:40,07 thg 5,19:45,07 thg 5,1h 5m,CXR,0.0,12.0,02-05-2025
CXR0179,Vietnam Airlines,1025973,18:40,07 thg 5,19:45,07 thg 5,1h 5m,CXR,0.0,12.0,03-05-2025
CXR0179,Vietnam Airlines,1020978,18:40,07 thg 5,19:45,07 thg 5,1h 5m,CXR,0.0,12.0,04-05-2025
CXR0179,Vietnam Airlines,1074875,18:40,07 thg 5,19:45,07 thg 5,1h 5m,CXR,23.0,10.0,05-05-2025
CXR0179,Vietnam Airlines,1103895,18:40,07 thg 5,19:45,07 thg 5,1h 5m,CXR,23.0,10.0,06-05-2025
CXR0179,Vietnam Airlines,945054,18:40,07 thg 5,19:45,07 thg 5,1h 5m,CXR,0.0,12.0,17-04-2025
CXR0179,Vietnam Airlines,944055,18:40,07 thg 5,19:45,07 thg 5,1h 5m,CXR,0.0,12.0,18-04-2025
CXR0179,Vietnam Airlines,940059,18:40,07 thg 5,19:45,07 thg 5,1h 5m,CXR,0.0,12.0,19-04-2025
CXR0179,Vietnam Airlines,939060,18:40,07 thg 5,19:45,07 thg 5,1h 5m,CXR,0.0,12.0,20-04-2025
CXR0179,Vietnam Airlines,942057,18:40,07 thg 5,19:45,07 thg 5,1h 5m,CXR,0.0,12.0,21-04-2025
CXR0179,Vietnam Airlines,940059,18:40,07 thg 5,19:45,07 thg 5,1h 5m,CXR,0.0,12.0,22-04-2025
CXR0179,Vietnam Airlines,942057,18:40,07 thg 5,19:45,07 thg 5,1h 5m,CXR,0.0,12.0,23-04-2025
CXR0179,Vietnam Airlines,977022,18:40,07 thg 5,19:45,07 thg 5,1h 5m,CXR,0.0,12.0,24-04-2025
CXR0179,Vietnam Airlines,980019,18:40,07 thg 5,19:45,07 thg 5,1h 5m,CXR,0.0,12.0,25-04-2025
CXR0179,Vietnam Airlines,979020,18:40,07 thg 5,19:45,07 thg 5,1h 5m,CXR,0.0,12.0,26-04-2025
CXR0179,Vietnam Airlines,975024,18:40,07 thg 5,19:45,07 thg 5,1h 5m,CXR,0.0,12.0,27-04-2025
CXR0179,Vietnam Airlines,961865,18:40,07 thg 5,19:45,07 thg 5,1h 5m,CXR,0.0,12.0,28-04-2025
CXR0179,Vietnam Airlines,977022,18:40,07 thg 5,19:45,07 thg 5,1h 5m,CXR,0.0,12.0,29-04-2025
CXR0179,Vietnam Airlines,993381,18:40,07 thg 5,19:45,07 thg 5,1h 5m,CXR,0.0,12.0,30-04-2025
CXR0180,Vietnam Airlines,1085913,18:40,08 thg 5,19:45,08 thg 5,1h 5m,CXR,23.0,12.0,01-05-2025
CXR0180,Vietnam Airlines,1088910,18:40,08 thg 5,19:45,08 thg 5,1h 5m,CXR,23.0,12.0,02-05-2025
CXR0180,Vietnam Airlines,1283715,18:40,08 thg 5,19:45,08 thg 5,1h 5m,CXR,23.0,12.0,04-05-2025
CXR0180,Vietnam Airlines,1276722,18:40,08 thg 5,19:45,08 thg 5,1h 5m,CXR,23.0,10.0,05-05-2025
CXR0180,Vietnam Airlines,1389609,18:40,08 thg 5,19:45,08 thg 5,1h 5m,CXR,23.0,10.0,06-05-2025
CXR0180,Vietnam Airlines,1854144,18:40,08 thg 5,19:45,08 thg 5,1h 5m,CXR,23.0,10.0,07-05-2025
CXR0180,Vietnam Airlines,944055,18:40,08 thg 5,19:45,08 thg 5,1h 5m,CXR,23.0,12.0,18-04-2025
CXR0180,Vietnam Airlines,945054,18:40,08 thg 5,19:45,08 thg 5,1h 5m,CXR,23.0,12.0,19-04-2025
CXR0180,Vietnam Airlines,943056,18:40,08 thg 5,19:45,08 thg 5,1h 5m,CXR,0.0,12.0,20-04-2025
CXR0180,Vietnam Airlines,945054,18:40,08 thg 5,19:45,08 thg 5,1h 5m,CXR,0.0,12.0,21-04-2025
CXR0180,Vietnam Airlines,943056,18:40,08 thg 5,19:45,08 thg 5,1h 5m,CXR,0.0,12.0,22-04-2025
CXR0180,Vietnam Airlines,1071611,18:40,08 thg 5,19:45,08 thg 5,1h 5m,CXR,23.0,12.0,23-04-2025
CXR0180,Vietnam Airlines,1077921,18:40,08 thg 5,19:45,08 thg 5,1h 5m,CXR,23.0,12.0,24-04-2025
CXR0180,Vietnam Airlines,1073925,18:40,08 thg 5,19:45,08 thg 5,1h 5m,CXR,23.0,12.0,25-04-2025
CXR0180,Vietnam Airlines,1093905,18:40,08 thg 5,19:45,08 thg 5,1h 5m,CXR,23.0,12.0,26-04-2025
CXR0180,Vietnam Airlines,1090908,18:40,08 thg 5,19:45,08 thg 5,1h 5m,CXR,23.0,12.0,27-04-2025
CXR0180,Vietnam Airlines,1074168,18:40,08 thg 5,19:45,08 thg 5,1h 5m,CXR,23.0,12.0,28-04-2025
CXR0180,Vietnam Airlines,1098900,18:40,08 thg 5,19:45,08 thg 5,1h 5m,CXR,23.0,12.0,29-04-2025
CXR0180,Vietnam Airlines,1109365,18:40,08 thg 5,19:45,08 thg 5,1h 5m,CXR,23.0,12.0,30-04-2025
CXR0181,Vietnam Airlines,1075077,18:40,09 thg 5,19:45,09 thg 5,1h 5m,CXR,23.0,12.0,01-05-2025
CXR0181,Vietnam Airlines,1092906,18:40,09 thg 5,19:45,09 thg 5,1h 5m,CXR,23.0,12.0,02-05-2025
CXR0181,Vietnam Airlines,1102896,18:40,09 thg 5,19:45,09 thg 5,1h 5m,CXR,23.0,12.0,04-05-2025
CXR0181,Vietnam Airlines,1107891,18:40,09 thg 5,19:45,09 thg 5,1h 5m,CXR,23.0,10.0,05-05-2025
CXR0181,Vietnam Airlines,1075239,18:40,09 thg 5,19:45,09 thg 5,1h 5m,CXR,23.0,10.0,06-05-2025
CXR0181,Vietnam Airlines,1101897,18:40,09 thg 5,19:45,09 thg 5,1h 5m,CXR,23.0,10.0,07-05-2025
CXR0181,Vietnam Airlines,1239759,18:40,09 thg 5,19:45,09 thg 5,1h 5m,CXR,23.0,10.0,08-05-2025
CXR0181,Vietnam Airlines,1382616,18:40,09 thg 5,19:45,09 thg 5,1h 5m,CXR,23.0,12.0,19-04-2025
CXR0181,Vietnam Airlines,1384614,18:40,09 thg 5,19:45,09 thg 5,1h 5m,CXR,23.0,12.0,20-04-2025
CXR0181,Vietnam Airlines,1387611,18:40,09 thg 5,19:45,09 thg 5,1h 5m,CXR,23.0,12.0,21-04-2025
CXR0181,Vietnam Airlines,1367631,18:40,09 thg 5,19:45,09 thg 5,1h 5m,CXR,23.0,12.0,22-04-2025
CXR0181,Vietnam Airlines,1385613,18:40,09 thg 5,19:45,09 thg 5,1h 5m,CXR,23.0,12.0,23-04-2025
CXR0181,Vietnam Airlines,1363601,18:40,09 thg 5,19:45,09 thg 5,1h 5m,CXR,23.0,12.0,24-04-2025
CXR0181,Vietnam Airlines,1368630,18:40,09 thg 5,19:45,09 thg 5,1h 5m,CXR,23.0,12.0,25-04-2025
CXR0181,Vietnam Airlines,1366632,18:40,09 thg 5,19:45,09 thg 5,1h 5m,CXR,23.0,12.0,26-04-2025
CXR0181,Vietnam Airlines,1075923,18:40,09 thg 5,19:45,09 thg 5,1h 5m,CXR,23.0,12.0,27-04-2025
CXR0181,Vietnam Airlines,1074168,18:40,09 thg 5,19:45,09 thg 5,1h 5m,CXR,23.0,12.0,28-04-2025
CXR0181,Vietnam Airlines,1076922,18:40,09 thg 5,19:45,09 thg 5,1h 5m,CXR,23.0,12.0,29-04-2025
CXR0181,Vietnam Airlines,1109365,18:40,09 thg 5,19:45,09 thg 5,1h 5m,CXR,23.0,12.0,30-04-2025
CXR0182,Vietnam Airlines,1075923,18:40,10 thg 5,19:45,10 thg 5,1h 5m,CXR,23.0,12.0,01-05-2025
CXR0182,Vietnam Airlines,1077921,18:40,10 thg 5,19:45,10 thg 5,1h 5m,CXR,23.0,12.0,02-05-2025
CXR0182,Vietnam Airlines,1106892,18:40,10 thg 5,19:45,10 thg 5,1h 5m,CXR,23.0,12.0,04-05-2025
CXR0182,Vietnam Airlines,1246752,18:40,10 thg 5,19:45,10 thg 5,1h 5m,CXR,23.0,10.0,05-05-2025
CXR0182,Vietnam Airlines,1251747,18:40,10 thg 5,19:45,10 thg 5,1h 5m,CXR,23.0,10.0,06-05-2025
CXR0182,Vietnam Airlines,1236762,18:40,10 thg 5,19:45,10 thg 5,1h 5m,CXR,23.0,10.0,07-05-2025
CXR0182,Vietnam Airlines,1068930,18:40,10 thg 5,19:45,10 thg 5,1h 5m,CXR,23.0,10.0,08-05-2025
CXR0182,Vietnam Airlines,1295154,18:40,10 thg 5,19:45,10 thg 5,1h 5m,CXR,23.0,10.0,09-05-2025
CXR0182,Vietnam Airlines,943056,18:40,10 thg 5,19:45,10 thg 5,1h 5m,CXR,0.0,12.0,20-04-2025
CXR0182,Vietnam Airlines,945054,18:40,10 thg 5,19:45,10 thg 5,1h 5m,CXR,0.0,12.0,21-04-2025
CXR0182,Vietnam Airlines,944055,18:40,10 thg 5,19:45,10 thg 5,1h 5m,CXR,0.0,12.0,22-04-2025
CXR0182,Vietnam Airlines,946053,18:40,10 thg 5,19:45,10 thg 5,1h 5m,CXR,0.0,12.0,23-04-2025
CXR0182,Vietnam Airlines,947052,18:40,10 thg 5,19:45,10 thg 5,1h 5m,CXR,0.0,12.0,24-04-2025
CXR0182,Vietnam Airlines,950049,18:40,10 thg 5,19:45,10 thg 5,1h 5m,CXR,0.0,12.0,25-04-2025
CXR0182,Vietnam Airlines,948051,18:40,10 thg 5,19:45,10 thg 5,1h 5m,CXR,0.0,12.0,26-04-2025
CXR0182,Vietnam Airlines,975024,18:40,10 thg 5,19:45,10 thg 5,1h 5m,CXR,0.0,12.0,27-04-2025
CXR0182,Vietnam Airlines,972027,18:40,10 thg 5,19:45,10 thg 5,1h 5m,CXR,0.0,12.0,28-04-2025
CXR0182,Vietnam Airlines,977022,18:40,10 thg 5,19:45,10 thg 5,1h 5m,CXR,0.0,12.0,29-04-2025
CXR0182,Vietnam Airlines,1109365,18:40,10 thg 5,19:45,10 thg 5,1h 5m,CXR,23.0,12.0,30-04-2025
CXR0183,Vietnam Airlines,975024,18:40,11 thg 5,19:45,11 thg 5,1h 5m,CXR,0.0,12.0,01-05-2025
CXR0183,Vietnam Airlines,977022,18:40,11 thg 5,19:45,11 thg 5,1h 5m,CXR,0.0,12.0,02-05-2025
CXR0183,Vietnam Airlines,992007,18:40,11 thg 5,19:45,11 thg 5,1h 5m,CXR,0.0,12.0,03-05-2025
CXR0183,Vietnam Airlines,991008,18:40,11 thg 5,19:45,11 thg 5,1h 5m,CXR,0.0,12.0,04-05-2025
CXR0183,Vietnam Airlines,1024974,18:40,11 thg 5,19:45,11 thg 5,1h 5m,CXR,0.0,10.0,05-05-2025
CXR0183,Vietnam Airlines,1010988,18:40,11 thg 5,19:45,11 thg 5,1h 5m,CXR,0.0,10.0,06-05-2025
CXR0183,Vietnam Airlines,1011987,18:40,11 thg 5,19:45,11 thg 5,1h 5m,CXR,0.0,10.0,07-05-2025
CXR0183,Vietnam Airlines,1006992,18:40,11 thg 5,19:45,11 thg 5,1h 5m,CXR,0.0,10.0,08-05-2025
CXR0183,Vietnam Airlines,1109365,18:40,11 thg 5,19:45,11 thg 5,1h 5m,CXR,23.0,10.0,09-05-2025
CXR0183,Vietnam Airlines,1109365,18:40,11 thg 5,19:45,11 thg 5,1h 5m,CXR,23.0,10.0,10-05-2025
CXR0183,Vietnam Airlines,1093905,18:40,11 thg 5,19:45,11 thg 5,1h 5m,CXR,23.0,12.0,21-04-2025
CXR0183,Vietnam Airlines,1092906,18:40,11 thg 5,19:45,11 thg 5,1h 5m,CXR,23.0,12.0,22-04-2025
CXR0183,Vietnam Airlines,1094904,18:40,11 thg 5,19:45,11 thg 5,1h 5m,CXR,23.0,12.0,23-04-2025
CXR0183,Vietnam Airlines,1077921,18:40,11 thg 5,19:45,11 thg 5,1h 5m,CXR,0.0,12.0,24-04-2025
CXR0183,Vietnam Airlines,1095903,18:40,11 thg 5,19:45,11 thg 5,1h 5m,CXR,23.0,12.0,25-04-2025
CXR0183,Vietnam Airlines,1094904,18:40,11 thg 5,19:45,11 thg 5,1h 5m,CXR,23.0,12.0,26-04-2025
CXR0183,Vietnam Airlines,945054,18:40,11 thg 5,19:45,11 thg 5,1h 5m,CXR,0.0,12.0,27-04-2025
CXR0183,Vietnam Airlines,961865,18:40,11 thg 5,19:45,11 thg 5,1h 5m,CXR,0.0,12.0,28-04-2025
CXR0183,Vietnam Airlines,973026,18:40,11 thg 5,19:45,11 thg 5,1h 5m,CXR,0.0,12.0,29-04-2025
CXR0184,Vietnam Airlines,1247264,18:40,21 thg 4,19:45,21 thg 4,1h 5m,CXR,23.0,12.0,07-04-2025
CXR0184,Vietnam Airlines,1247264,18:40,21 thg 4,19:45,21 thg 4,1h 5m,CXR,23.0,12.0,08-04-2025
CXR0184,Vietnam Airlines,1265733,18:40,21 thg 4,19:45,21 thg 4,1h 5m,CXR,23.0,12.0,09-04-2025
CXR0184,Vietnam Airlines,844155,18:40,21 thg 4,19:45,21 thg 4,1h 5m,CXR,23.0,12.0,10-04-2025
CXR0184,Vietnam Airlines,843156,18:40,21 thg 4,19:45,21 thg 4,1h 5m,CXR,23.0,12.0,11-04-2025
CXR0184,Vietnam Airlines,877397,18:40,21 thg 4,19:45,21 thg 4,1h 5m,CXR,0.0,12.0,12-04-2025
CXR0184,Vietnam Airlines,873126,18:40,21 thg 4,19:45,21 thg 4,1h 5m,CXR,0.0,12.0,13-04-2025
CXR0184,Vietnam Airlines,955044,18:40,21 thg 4,19:45,21 thg 4,1h 5m,CXR,0.0,12.0,14-04-2025
CXR0184,Vietnam Airlines,1021977,18:40,21 thg 4,19:45,21 thg 4,1h 5m,CXR,23.0,12.0,15-04-2025
CXR0184,Vietnam Airlines,1084650,18:40,21 thg 4,19:45,21 thg 4,1h 5m,CXR,23.0,12.0,16-04-2025
CXR0184,Vietnam Airlines,1253784,18:40,21 thg 4,19:45,21 thg 4,1h 5m,CXR,23.0,12.0,17-04-2025
CXR0184,Vietnam Airlines,1091907,18:40,21 thg 4,19:45,21 thg 4,1h 5m,CXR,23.0,12.0,18-04-2025
CXR0184,Vietnam Airlines,1267731,18:40,21 thg 4,19:45,21 thg 4,1h 5m,CXR,23.0,12.0,19-04-2025
CXR0184,Vietnam Airlines,1265733,18:40,21 thg 4,19:45,21 thg 4,1h 5m,CXR,23.0,12.0,20-04-2025
CXR0184,Vietnam Airlines,1295154,18:40,21 thg 4,19:45,21 thg 4,1h 5m,CXR,23.0,12.0,21-04-2025
CXR0185,Vietnam Airlines,1135569,18:40,22 thg 4,19:45,22 thg 4,1h 5m,CXR,0.0,12.0,07-04-2025
CXR0185,Vietnam Airlines,1068345,18:40,22 thg 4,19:45,22 thg 4,1h 5m,CXR,0.0,12.0,08-04-2025
CXR0185,Vietnam Airlines,1081917,18:40,22 thg 4,19:45,22 thg 4,1h 5m,CXR,0.0,12.0,09-04-2025
CXR0185,Vietnam Airlines,843156,18:40,22 thg 4,19:45,22 thg 4,1h 5m,CXR,0.0,12.0,10-04-2025
CXR0185,Vietnam Airlines,843156,18:40,22 thg 4,19:45,22 thg 4,1h 5m,CXR,0.0,12.0,11-04-2025
CXR0185,Vietnam Airlines,845154,18:40,22 thg 4,19:45,22 thg 4,1h 5m,CXR,0.0,12.0,12-04-2025
CXR0185,Vietnam Airlines,873126,18:40,22 thg 4,19:45,22 thg 4,1h 5m,CXR,0.0,12.0,13-04-2025
CXR0185,Vietnam Airlines,865134,18:40,22 thg 4,19:45,22 thg 4,1h 5m,CXR,0.0,12.0,14-04-2025
CXR0185,Vietnam Airlines,908091,18:40,22 thg 4,19:45,22 thg 4,1h 5m,CXR,0.0,12.0,15-04-2025
CXR0185,Vietnam Airlines,891450,18:40,22 thg 4,19:45,22 thg 4,1h 5m,CXR,0.0,12.0,16-04-2025
CXR0185,Vietnam Airlines,900099,18:40,22 thg 4,19:45,22 thg 4,1h 5m,CXR,0.0,12.0,17-04-2025
CXR0185,Vietnam Airlines,1017981,18:40,22 thg 4,19:45,22 thg 4,1h 5m,CXR,0.0,12.0,18-04-2025
CXR0185,Vietnam Airlines,1014984,18:40,22 thg 4,19:45,22 thg 4,1h 5m,CXR,0.0,12.0,19-04-2025
CXR0185,Vietnam Airlines,1102896,18:40,22 thg 4,19:45,22 thg 4,1h 5m,CXR,23.0,12.0,20-04-2025
CXR0185,Vietnam Airlines,1102896,18:40,22 thg 4,19:45,22 thg 4,1h 5m,CXR,23.0,12.0,21-04-2025
CXR0186,Vietnam Airlines,1247264,18:40,23 thg 4,19:45,23 thg 4,1h 5m,CXR,0.0,12.0,07-04-2025
CXR0186,Vietnam Airlines,1247264,18:40,23 thg 4,19:45,23 thg 4,1h 5m,CXR,0.0,12.0,08-04-2025
CXR0186,Vietnam Airlines,1222776,18:40,23 thg 4,19:45,23 thg 4,1h 5m,CXR,0.0,12.0,09-04-2025
CXR0186,Vietnam Airlines,843156,18:40,23 thg 4,19:45,23 thg 4,1h 5m,CXR,0.0,12.0,10-04-2025
CXR0186,Vietnam Airlines,842157,18:40,23 thg 4,19:45,23 thg 4,1h 5m,CXR,0.0,12.0,11-04-2025
CXR0186,Vietnam Airlines,845154,18:40,23 thg 4,19:45,23 thg 4,1h 5m,CXR,0.0,12.0,12-04-2025
CXR0186,Vietnam Airlines,869130,18:40,23 thg 4,19:45,23 thg 4,1h 5m,CXR,0.0,12.0,13-04-2025
CXR0186,Vietnam Airlines,869130,18:40,23 thg 4,19:45,23 thg 4,1h 5m,CXR,0.0,12.0,14-04-2025
CXR0186,Vietnam Airlines,871128,18:40,23 thg 4,19:45,23 thg 4,1h 5m,CXR,0.0,12.0,15-04-2025
CXR0186,Vietnam Airlines,891450,18:40,23 thg 4,19:45,23 thg 4,1h 5m,CXR,0.0,12.0,16-04-2025
CXR0187,Vietnam Airlines,1247264,18:40,24 thg 4,19:45,24 thg 4,1h 5m,CXR,0.0,12.0,07-04-2025
CXR0187,Vietnam Airlines,1358960,18:40,24 thg 4,19:45,24 thg 4,1h 5m,CXR,0.0,12.0,08-04-2025
CXR0187,Vietnam Airlines,1347651,18:40,24 thg 4,19:45,24 thg 4,1h 5m,CXR,0.0,12.0,09-04-2025
CXR0187,Vietnam Airlines,927072,18:40,24 thg 4,19:45,24 thg 4,1h 5m,CXR,0.0,12.0,10-04-2025
CXR0187,Vietnam Airlines,976023,18:40,24 thg 4,19:45,24 thg 4,1h 5m,CXR,0.0,12.0,11-04-2025
CXR0187,Vietnam Airlines,979020,18:40,24 thg 4,19:45,24 thg 4,1h 5m,CXR,0.0,12.0,12-04-2025
CXR0187,Vietnam Airlines,980019,18:40,24 thg 4,19:45,24 thg 4,1h 5m,CXR,0.0,12.0,13-04-2025
CXR0187,Vietnam Airlines,978021,18:40,24 thg 4,19:45,24 thg 4,1h 5m,CXR,0.0,12.0,14-04-2025
CXR0187,Vietnam Airlines,957368,18:40,24 thg 4,19:45,24 thg 4,1h 5m,CXR,0.0,12.0,15-04-2025
CXR0187,Vietnam Airlines,971250,18:40,24 thg 4,19:45,24 thg 4,1h 5m,CXR,0.0,12.0,16-04-2025
CXR0188,Vietnam Airlines,1760236,18:40,25 thg 4,19:45,25 thg 4,1h 5m,CXR,0.0,12.0,07-04-2025
CXR0188,Vietnam Airlines,1760236,18:40,25 thg 4,19:45,25 thg 4,1h 5m,CXR,0.0,12.0,08-04-2025
CXR0188,Vietnam Airlines,1753245,18:40,25 thg 4,19:45,25 thg 4,1h 5m,CXR,0.0,12.0,09-04-2025
CXR0188,Vietnam Airlines,816183,18:40,25 thg 4,19:45,25 thg 4,1h 5m,CXR,0.0,12.0,10-04-2025
CXR0188,Vietnam Airlines,877201,18:40,25 thg 4,19:45,25 thg 4,1h 5m,CXR,0.0,12.0,11-04-2025
CXR0188,Vietnam Airlines,908091,18:40,25 thg 4,19:45,25 thg 4,1h 5m,CXR,0.0,12.0,12-04-2025
CXR0188,Vietnam Airlines,873126,18:40,25 thg 4,19:45,25 thg 4,1h 5m,CXR,0.0,12.0,13-04-2025
CXR0188,Vietnam Airlines,870129,18:40,25 thg 4,19:45,25 thg 4,1h 5m,CXR,0.0,12.0,14-04-2025
CXR0188,Vietnam Airlines,871128,18:40,25 thg 4,19:45,25 thg 4,1h 5m,CXR,0.0,12.0,15-04-2025
CXR0188,Vietnam Airlines,891450,18:40,25 thg 4,19:45,25 thg 4,1h 5m,CXR,0.0,12.0,16-04-2025
CXR0189,Vietnam Airlines,1760236,18:40,26 thg 4,19:45,26 thg 4,1h 5m,CXR,23.0,12.0,07-04-2025
CXR0189,Vietnam Airlines,1760236,18:40,26 thg 4,19:45,26 thg 4,1h 5m,CXR,23.0,12.0,08-04-2025
CXR0189,Vietnam Airlines,1759901,18:40,26 thg 4,19:45,26 thg 4,1h 5m,CXR,23.0,12.0,09-04-2025
CXR0189,Vietnam Airlines,1576422,18:40,26 thg 4,19:45,26 thg 4,1h 5m,CXR,23.0,12.0,10-04-2025
CXR0189,Vietnam Airlines,1565433,18:40,26 thg 4,19:45,26 thg 4,1h 5m,CXR,23.0,12.0,11-04-2025
CXR0189,Vietnam Airlines,1610388,18:40,26 thg 4,19:45,26 thg 4,1h 5m,CXR,23.0,12.0,12-04-2025
CXR0189,Vietnam Airlines,1604394,18:40,26 thg 4,19:45,26 thg 4,1h 5m,CXR,23.0,12.0,13-04-2025
CXR0189,Vietnam Airlines,1597401,18:40,26 thg 4,19:45,26 thg 4,1h 5m,CXR,23.0,12.0,14-04-2025
CXR0189,Vietnam Airlines,1602396,18:40,26 thg 4,19:45,26 thg 4,1h 5m,CXR,23.0,12.0,15-04-2025
CXR0189,Vietnam Airlines,1594950,18:40,26 thg 4,19:45,26 thg 4,1h 5m,CXR,23.0,12.0,16-04-2025
CXR0190,Vietnam Airlines,1760236,18:40,27 thg 4,19:45,27 thg 4,1h 5m,CXR,23.0,12.0,07-04-2025
CXR0190,Vietnam Airlines,1712286,18:40,27 thg 4,19:45,27 thg 4,1h 5m,CXR,23.0,12.0,08-04-2025
CXR0190,Vietnam Airlines,1746252,18:40,27 thg 4,19:45,27 thg 4,1h 5m,CXR,23.0,12.0,09-04-2025
CXR0190,Vietnam Airlines,1736262,18:40,27 thg 4,19:45,27 thg 4,1h 5m,CXR,23.0,12.0,10-04-2025
CXR0190,Vietnam Airlines,1783215,18:40,27 thg 4,19:45,27 thg 4,1h 5m,CXR,23.0,12.0,11-04-2025
CXR0190,Vietnam Airlines,1782216,18:40,27 thg 4,19:45,27 thg 4,1h 5m,CXR,23.0,12.0,12-04-2025
CXR0190,Vietnam Airlines,1778220,18:40,27 thg 4,19:45,27 thg 4,1h 5m,CXR,23.0,12.0,13-04-2025
CXR0190,Vietnam Airlines,1775223,18:40,27 thg 4,19:45,27 thg 4,1h 5m,CXR,23.0,12.0,14-04-2025
CXR0190,Vietnam Airlines,1572154,18:40,27 thg 4,19:45,27 thg 4,1h 5m,CXR,23.0,12.0,15-04-2025
CXR0190,Vietnam Airlines,1594950,18:40,27 thg 4,19:45,27 thg 4,1h 5m,CXR,23.0,12.0,16-04-2025
CXR0190,Vietnam Airlines,1582416,18:40,27 thg 4,19:45,27 thg 4,1h 5m,CXR,23.0,12.0,17-04-2025
CXR0190,Vietnam Airlines,1587411,18:40,27 thg 4,19:45,27 thg 4,1h 5m,CXR,23.0,12.0,18-04-2025
CXR0190,Vietnam Airlines,1594404,18:40,27 thg 4,19:45,27 thg 4,1h 5m,CXR,23.0,12.0,19-04-2025
CXR0190,Vietnam Airlines,1574424,18:40,27 thg 4,19:45,27 thg 4,1h 5m,CXR,23.0,12.0,20-04-2025
CXR0190,Vietnam Airlines,1575423,18:40,27 thg 4,19:45,27 thg 4,1h 5m,CXR,23.0,12.0,21-04-2025
CXR0190,Vietnam Airlines,1135863,18:40,27 thg 4,19:45,27 thg 4,1h 5m,CXR,23.0,12.0,22-04-2025
CXR0190,Vietnam Airlines,1125873,18:40,27 thg 4,19:45,27 thg 4,1h 5m,CXR,23.0,12.0,23-04-2025
CXR0191,Vietnam Airlines,1570975,18:40,28 thg 4,19:45,28 thg 4,1h 5m,CXR,23.0,12.0,08-04-2025
CXR0191,Vietnam Airlines,1590408,18:40,28 thg 4,19:45,28 thg 4,1h 5m,CXR,23.0,12.0,09-04-2025
CXR0191,Vietnam Airlines,1577421,18:40,28 thg 4,19:45,28 thg 4,1h 5m,CXR,23.0,12.0,10-04-2025
CXR0191,Vietnam Airlines,1572426,18:40,28 thg 4,19:45,28 thg 4,1h 5m,CXR,23.0,12.0,11-04-2025
CXR0191,Vietnam Airlines,1577421,18:40,28 thg 4,19:45,28 thg 4,1h 5m,CXR,23.0,12.0,12-04-2025
CXR0191,Vietnam Airlines,1610388,18:40,28 thg 4,19:45,28 thg 4,1h 5m,CXR,23.0,12.0,13-04-2025
CXR0191,Vietnam Airlines,1601397,18:40,28 thg 4,19:45,28 thg 4,1h 5m,CXR,23.0,12.0,14-04-2025
CXR0191,Vietnam Airlines,1572154,18:40,28 thg 4,19:45,28 thg 4,1h 5m,CXR,23.0,12.0,15-04-2025
CXR0191,Vietnam Airlines,1594950,18:40,28 thg 4,19:45,28 thg 4,1h 5m,CXR,23.0,12.0,16-04-2025
CXR0191,Vietnam Airlines,1582416,18:40,28 thg 4,19:45,28 thg 4,1h 5m,CXR,23.0,12.0,17-04-2025
CXR0191,Vietnam Airlines,1586412,18:40,28 thg 4,19:45,28 thg 4,1h 5m,CXR,23.0,12.0,18-04-2025
CXR0191,Vietnam Airlines,1594404,18:40,28 thg 4,19:45,28 thg 4,1h 5m,CXR,23.0,12.0,19-04-2025
CXR0191,Vietnam Airlines,1596402,18:40,28 thg 4,19:45,28 thg 4,1h 5m,CXR,23.0,12.0,20-04-2025
CXR0191,Vietnam Airlines,1597401,18:40,28 thg 4,19:45,28 thg 4,1h 5m,CXR,23.0,12.0,21-04-2025
CXR0191,Vietnam Airlines,1367631,18:40,28 thg 4,19:45,28 thg 4,1h 5m,CXR,23.0,12.0,22-04-2025
CXR0191,Vietnam Airlines,1373625,18:40,28 thg 4,19:45,28 thg 4,1h 5m,CXR,23.0,12.0,23-04-2025
CXR0192,Vietnam Airlines,1994004,18:40,29 thg 4,19:45,29 thg 4,1h 5m,CXR,23.0,12.0,09-04-2025
CXR0192,Vietnam Airlines,1984014,18:40,29 thg 4,19:45,29 thg 4,1h 5m,CXR,23.0,12.0,10-04-2025
CXR0192,Vietnam Airlines,1975023,18:40,29 thg 4,19:45,29 thg 4,1h 5m,CXR,23.0,12.0,11-04-2025
CXR0192,Vietnam Airlines,1988010,18:40,29 thg 4,19:45,29 thg 4,1h 5m,CXR,23.0,12.0,12-04-2025
CXR0192,Vietnam Airlines,2012985,18:40,29 thg 4,19:45,29 thg 4,1h 5m,CXR,23.0,12.0,13-04-2025
CXR0192,Vietnam Airlines,1585413,18:40,29 thg 4,19:45,29 thg 4,1h 5m,CXR,23.0,12.0,15-04-2025
CXR0192,Vietnam Airlines,1579186,18:40,29 thg 4,19:45,29 thg 4,1h 5m,CXR,23.0,12.0,17-04-2025
CXR0192,Vietnam Airlines,1601397,18:40,29 thg 4,19:45,29 thg 4,1h 5m,CXR,23.0,12.0,18-04-2025
CXR0192,Vietnam Airlines,1590408,18:40,29 thg 4,19:45,29 thg 4,1h 5m,CXR,23.0,12.0,19-04-2025
CXR0192,Vietnam Airlines,1596402,18:40,29 thg 4,19:45,29 thg 4,1h 5m,CXR,23.0,12.0,20-04-2025
CXR0192,Vietnam Airlines,1631292,18:40,29 thg 4,19:45,29 thg 4,1h 5m,CXR,23.0,12.0,21-04-2025
CXR0192,Vietnam Airlines,1699299,18:40,29 thg 4,19:45,29 thg 4,1h 5m,CXR,23.0,12.0,22-04-2025
CXR0192,Vietnam Airlines,1699299,18:40,29 thg 4,19:45,29 thg 4,1h 5m,CXR,23.0,12.0,23-04-2025
CXR0192,Vietnam Airlines,1679319,18:40,29 thg 4,19:45,29 thg 4,1h 5m,CXR,23.0,12.0,24-04-2025
CXR0193,Vietnam Airlines,1845153,18:40,30 thg 4,19:45,30 thg 4,1h 5m,CXR,23.0,12.0,10-04-2025
CXR0193,Vietnam Airlines,1842156,18:40,30 thg 4,19:45,30 thg 4,1h 5m,CXR,23.0,12.0,11-04-2025
CXR0193,Vietnam Airlines,1899099,18:40,30 thg 4,19:45,30 thg 4,1h 5m,CXR,23.0,12.0,12-04-2025
CXR0193,Vietnam Airlines,1897101,18:40,30 thg 4,19:45,30 thg 4,1h 5m,CXR,23.0,12.0,13-04-2025
CXR0193,Vietnam Airlines,1882116,18:40,30 thg 4,19:45,30 thg 4,1h 5m,CXR,23.0,12.0,14-04-2025
CXR0193,Vietnam Airlines,1851602,18:40,30 thg 4,19:45,30 thg 4,1h 5m,CXR,23.0,12.0,15-04-2025
CXR0193,Vietnam Airlines,1878450,18:40,30 thg 4,19:45,30 thg 4,1h 5m,CXR,23.0,12.0,16-04-2025
CXR0193,Vietnam Airlines,1921077,18:40,30 thg 4,19:45,30 thg 4,1h 5m,CXR,23.0,12.0,17-04-2025
CXR0193,Vietnam Airlines,1924074,18:40,30 thg 4,19:45,30 thg 4,1h 5m,CXR,23.0,12.0,18-04-2025
CXR0193,Vietnam Airlines,1914084,18:40,30 thg 4,19:45,30 thg 4,1h 5m,CXR,23.0,12.0,19-04-2025
CXR0193,Vietnam Airlines,1912086,18:40,30 thg 4,19:45,30 thg 4,1h 5m,CXR,23.0,12.0,20-04-2025
CXR0193,Vietnam Airlines,1944054,18:40,30 thg 4,19:45,30 thg 4,1h 5m,CXR,23.0,12.0,21-04-2025
CXR0193,Vietnam Airlines,1571427,18:40,30 thg 4,19:45,30 thg 4,1h 5m,CXR,23.0,12.0,22-04-2025
CXR0193,Vietnam Airlines,1574424,18:40,30 thg 4,19:45,30 thg 4,1h 5m,CXR,23.0,12.0,23-04-2025
CXR0193,Vietnam Airlines,1576339,18:40,30 thg 4,19:45,30 thg 4,1h 5m,CXR,23.0,12.0,24-04-2025
CXR0194,Vietnam Airlines,1479922,18:45,09 thg 5,19:50,09 thg 5,1h 5m,CXR,23.0,12.0,01-05-2025
CXR0194,Vietnam Airlines,1527121,18:45,09 thg 5,19:50,09 thg 5,1h 5m,CXR,23.0,12.0,02-05-2025
CXR0194,Vietnam Airlines,1508490,18:45,09 thg 5,19:50,09 thg 5,1h 5m,CXR,23.0,12.0,04-05-2025
CXR0194,Vietnam Airlines,1501497,18:45,09 thg 5,19:50,09 thg 5,1h 5m,CXR,23.0,10.0,05-05-2025
CXR0194,Vietnam Airlines,1480146,18:45,09 thg 5,19:50,09 thg 5,1h 5m,CXR,23.0,10.0,06-05-2025
CXR0194,Vietnam Airlines,1539459,18:45,09 thg 5,19:50,09 thg 5,1h 5m,CXR,23.0,10.0,07-05-2025
CXR0194,Vietnam Airlines,1371627,18:45,09 thg 5,19:50,09 thg 5,1h 5m,CXR,23.0,12.0,19-04-2025
CXR0194,Vietnam Airlines,1380618,18:45,09 thg 5,19:50,09 thg 5,1h 5m,CXR,23.0,12.0,20-04-2025
CXR0194,Vietnam Airlines,1387611,18:45,09 thg 5,19:50,09 thg 5,1h 5m,CXR,23.0,12.0,21-04-2025
CXR0194,Vietnam Airlines,1367631,18:45,09 thg 5,19:50,09 thg 5,1h 5m,CXR,23.0,12.0,22-04-2025
CXR0194,Vietnam Airlines,1385613,18:45,09 thg 5,19:50,09 thg 5,1h 5m,CXR,23.0,12.0,23-04-2025
CXR0194,Vietnam Airlines,1475678,18:45,09 thg 5,19:50,09 thg 5,1h 5m,CXR,23.0,12.0,24-04-2025
CXR0194,Vietnam Airlines,1491507,18:45,09 thg 5,19:50,09 thg 5,1h 5m,CXR,23.0,12.0,25-04-2025
CXR0194,Vietnam Airlines,1486512,18:45,09 thg 5,19:50,09 thg 5,1h 5m,CXR,23.0,12.0,26-04-2025
CXR0194,Vietnam Airlines,1480518,18:45,09 thg 5,19:50,09 thg 5,1h 5m,CXR,23.0,12.0,27-04-2025
CXR0194,Vietnam Airlines,1478672,18:45,09 thg 5,19:50,09 thg 5,1h 5m,CXR,23.0,12.0,28-04-2025
CXR0194,Vietnam Airlines,1501497,18:45,09 thg 5,19:50,09 thg 5,1h 5m,CXR,23.0,12.0,29-04-2025
CXR0194,Vietnam Airlines,1497501,18:45,09 thg 5,19:50,09 thg 5,1h 5m,CXR,23.0,12.0,30-04-2025
CXR0195,Vietnam Airlines,1981017,19:20,30 thg 4,20:25,30 thg 4,1h 5m,CXR,23.0,12.0,10-04-2025
CXR0195,Vietnam Airlines,1999998,19:20,30 thg 4,20:25,30 thg 4,1h 5m,CXR,23.0,12.0,11-04-2025
CXR0195,Vietnam Airlines,1988010,19:20,30 thg 4,20:25,30 thg 4,1h 5m,CXR,23.0,12.0,12-04-2025
CXR0195,Vietnam Airlines,1989009,19:20,30 thg 4,20:25,30 thg 4,1h 5m,CXR,23.0,12.0,13-04-2025
CXR0195,Vietnam Airlines,1990008,19:20,30 thg 4,20:25,30 thg 4,1h 5m,CXR,23.0,12.0,14-04-2025
CXR0195,Vietnam Airlines,1971661,19:20,30 thg 4,20:25,30 thg 4,1h 5m,CXR,23.0,12.0,15-04-2025
CXR0195,Vietnam Airlines,2000250,19:20,30 thg 4,20:25,30 thg 4,1h 5m,CXR,23.0,12.0,16-04-2025
CXR0195,Vietnam Airlines,1995003,19:20,30 thg 4,20:25,30 thg 4,1h 5m,CXR,23.0,12.0,17-04-2025
CXR0195,Vietnam Airlines,1998999,19:20,30 thg 4,20:25,30 thg 4,1h 5m,CXR,23.0,12.0,18-04-2025
CXR0195,Vietnam Airlines,2013984,19:20,30 thg 4,20:25,30 thg 4,1h 5m,CXR,23.0,12.0,19-04-2025
CXR0195,Vietnam Airlines,2013984,19:20,30 thg 4,20:25,30 thg 4,1h 5m,CXR,23.0,12.0,21-04-2025
CXR0195,Vietnam Airlines,1478520,19:20,30 thg 4,20:25,30 thg 4,1h 5m,CXR,23.0,12.0,22-04-2025
CXR0195,Vietnam Airlines,1478520,19:20,30 thg 4,20:25,30 thg 4,1h 5m,CXR,23.0,12.0,23-04-2025
CXR0195,Vietnam Airlines,1475678,19:20,30 thg 4,20:25,30 thg 4,1h 5m,CXR,23.0,12.0,24-04-2025
CXR0195,Vietnam Airlines,1576158,19:20,30 thg 4,20:25,30 thg 4,1h 5m,CXR,23.0,12.0,25-04-2025
CXR0195,Vietnam Airlines,1576158,19:20,30 thg 4,20:25,30 thg 4,1h 5m,CXR,23.0,12.0,26-04-2025
CXR0195,Vietnam Airlines,1685313,19:20,30 thg 4,20:25,30 thg 4,1h 5m,CXR,23.0,12.0,27-04-2025
CXR0195,Vietnam Airlines,1848150,19:20,30 thg 4,20:25,30 thg 4,1h 5m,CXR,23.0,12.0,28-04-2025
CXR0195,Vietnam Airlines,2007990,19:20,30 thg 4,20:25,30 thg 4,1h 5m,CXR,23.0,12.0,29-04-2025
CXR0196,Vietnam Airlines,1978020,19:45,01 thg 5,20:50,01 thg 5,1h 5m,CXR,23.0,12.0,11-04-2025
CXR0196,Vietnam Airlines,1986012,19:45,01 thg 5,20:50,01 thg 5,1h 5m,CXR,23.0,12.0,12-04-2025
CXR0196,Vietnam Airlines,2014983,19:45,01 thg 5,20:50,01 thg 5,1h 5m,CXR,23.0,12.0,13-04-2025
CXR0196,Vietnam Airlines,1974024,19:45,01 thg 5,20:50,01 thg 5,1h 5m,CXR,23.0,12.0,14-04-2025
CXR0196,Vietnam Airlines,1985013,19:45,01 thg 5,20:50,01 thg 5,1h 5m,CXR,23.0,12.0,15-04-2025
CXR0196,Vietnam Airlines,2000250,19:45,01 thg 5,20:50,01 thg 5,1h 5m,CXR,23.0,12.0,16-04-2025
CXR0196,Vietnam Airlines,1991007,19:45,01 thg 5,20:50,01 thg 5,1h 5m,CXR,23.0,12.0,17-04-2025
CXR0196,Vietnam Airlines,1996002,19:45,01 thg 5,20:50,01 thg 5,1h 5m,CXR,23.0,12.0,18-04-2025
CXR0196,Vietnam Airlines,1996002,19:45,01 thg 5,20:50,01 thg 5,1h 5m,CXR,23.0,12.0,19-04-2025
CXR0196,Vietnam Airlines,1994004,19:45,01 thg 5,20:50,01 thg 5,1h 5m,CXR,23.0,12.0,20-04-2025
CXR0196,Vietnam Airlines,1996002,19:45,01 thg 5,20:50,01 thg 5,1h 5m,CXR,23.0,12.0,21-04-2025
CXR0196,Vietnam Airlines,1497501,19:45,01 thg 5,20:50,01 thg 5,1h 5m,CXR,23.0,12.0,22-04-2025
CXR0196,Vietnam Airlines,1493505,19:45,01 thg 5,20:50,01 thg 5,1h 5m,CXR,23.0,12.0,23-04-2025
CXR0196,Vietnam Airlines,1488510,19:45,01 thg 5,20:50,01 thg 5,1h 5m,CXR,23.0,12.0,24-04-2025
CXR0196,Vietnam Airlines,1580418,19:45,01 thg 5,20:50,01 thg 5,1h 5m,CXR,23.0,12.0,25-04-2025
CXR0196,Vietnam Airlines,1507491,19:45,01 thg 5,20:50,01 thg 5,1h 5m,CXR,23.0,12.0,26-04-2025
CXR0196,Vietnam Airlines,1480518,19:45,01 thg 5,20:50,01 thg 5,1h 5m,CXR,23.0,12.0,27-04-2025
CXR0197,Vietnam Airlines,1275723,19:45,02 thg 5,20:50,02 thg 5,1h 5m,CXR,23.0,12.0,01-05-2025
CXR0197,Vietnam Airlines,1998999,19:45,02 thg 5,20:50,02 thg 5,1h 5m,CXR,23.0,12.0,12-04-2025
CXR0197,Vietnam Airlines,1998999,19:45,02 thg 5,20:50,02 thg 5,1h 5m,CXR,23.0,12.0,13-04-2025
CXR0197,Vietnam Airlines,1982016,19:45,02 thg 5,20:50,02 thg 5,1h 5m,CXR,23.0,12.0,14-04-2025
CXR0197,Vietnam Airlines,1971661,19:45,02 thg 5,20:50,02 thg 5,1h 5m,CXR,23.0,12.0,15-04-2025
CXR0197,Vietnam Airlines,2000250,19:45,02 thg 5,20:50,02 thg 5,1h 5m,CXR,23.0,12.0,16-04-2025
CXR0197,Vietnam Airlines,1992006,19:45,02 thg 5,20:50,02 thg 5,1h 5m,CXR,23.0,12.0,17-04-2025
CXR0197,Vietnam Airlines,1995003,19:45,02 thg 5,20:50,02 thg 5,1h 5m,CXR,23.0,12.0,18-04-2025
CXR0197,Vietnam Airlines,2013984,19:45,02 thg 5,20:50,02 thg 5,1h 5m,CXR,23.0,12.0,19-04-2025
CXR0197,Vietnam Airlines,2012985,19:45,02 thg 5,20:50,02 thg 5,1h 5m,CXR,23.0,12.0,20-04-2025
CXR0197,Vietnam Airlines,1996002,19:45,02 thg 5,20:50,02 thg 5,1h 5m,CXR,23.0,12.0,21-04-2025
CXR0197,Vietnam Airlines,1157841,19:45,02 thg 5,20:50,02 thg 5,1h 5m,CXR,23.0,12.0,22-04-2025
CXR0197,Vietnam Airlines,1143855,19:45,02 thg 5,20:50,02 thg 5,1h 5m,CXR,23.0,12.0,23-04-2025
CXR0197,Vietnam Airlines,1139448,19:45,02 thg 5,20:50,02 thg 5,1h 5m,CXR,23.0,12.0,24-04-2025
CXR0197,Vietnam Airlines,1143855,19:45,02 thg 5,20:50,02 thg 5,1h 5m,CXR,23.0,12.0,25-04-2025
CXR0197,Vietnam Airlines,1142856,19:45,02 thg 5,20:50,02 thg 5,1h 5m,CXR,23.0,12.0,26-04-2025
CXR0197,Vietnam Airlines,1138860,19:45,02 thg 5,20:50,02 thg 5,1h 5m,CXR,23.0,12.0,27-04-2025
CXR0197,Vietnam Airlines,1134864,19:45,02 thg 5,20:50,02 thg 5,1h 5m,CXR,23.0,12.0,28-04-2025
CXR0197,Vietnam Airlines,1139859,19:45,02 thg 5,20:50,02 thg 5,1h 5m,CXR,23.0,12.0,29-04-2025
CXR0197,Vietnam Airlines,1295154,19:45,02 thg 5,20:50,02 thg 5,1h 5m,CXR,23.0,12.0,30-04-2025
CXR0198,Vietnam Airlines,1998999,19:45,03 thg 5,20:50,03 thg 5,1h 5m,CXR,23.0,12.0,01-05-2025
CXR0198,Vietnam Airlines,1995003,19:45,03 thg 5,20:50,03 thg 5,1h 5m,CXR,23.0,12.0,02-05-2025
CXR0198,Vietnam Airlines,1264734,19:45,03 thg 5,20:50,03 thg 5,1h 5m,CXR,23.0,12.0,13-04-2025
CXR0198,Vietnam Airlines,1257741,19:45,03 thg 5,20:50,03 thg 5,1h 5m,CXR,23.0,12.0,14-04-2025
CXR0198,Vietnam Airlines,1263735,19:45,03 thg 5,20:50,03 thg 5,1h 5m,CXR,23.0,12.0,15-04-2025
CXR0198,Vietnam Airlines,1266300,19:45,03 thg 5,20:50,03 thg 5,1h 5m,CXR,23.0,12.0,16-04-2025
CXR0198,Vietnam Airlines,1368630,19:45,03 thg 5,20:50,03 thg 5,1h 5m,CXR,23.0,12.0,17-04-2025
CXR0198,Vietnam Airlines,1370628,19:45,03 thg 5,20:50,03 thg 5,1h 5m,CXR,23.0,12.0,18-04-2025
CXR0198,Vietnam Airlines,1252746,19:45,03 thg 5,20:50,03 thg 5,1h 5m,CXR,23.0,12.0,19-04-2025
CXR0198,Vietnam Airlines,1239759,19:45,03 thg 5,20:50,03 thg 5,1h 5m,CXR,23.0,12.0,20-04-2025
CXR0198,Vietnam Airlines,1241757,19:45,03 thg 5,20:50,03 thg 5,1h 5m,CXR,23.0,12.0,21-04-2025
CXR0198,Vietnam Airlines,1282716,19:45,03 thg 5,20:50,03 thg 5,1h 5m,CXR,23.0,12.0,22-04-2025
CXR0198,Vietnam Airlines,1244754,19:45,03 thg 5,20:50,03 thg 5,1h 5m,CXR,23.0,12.0,23-04-2025
CXR0198,Vietnam Airlines,1241757,19:45,03 thg 5,20:50,03 thg 5,1h 5m,CXR,23.0,12.0,24-04-2025
CXR0198,Vietnam Airlines,1363444,19:45,03 thg 5,20:50,03 thg 5,1h 5m,CXR,23.0,12.0,25-04-2025
CXR0198,Vietnam Airlines,1363444,19:45,03 thg 5,20:50,03 thg 5,1h 5m,CXR,23.0,12.0,26-04-2025
CXR0198,Vietnam Airlines,1685313,19:45,03 thg 5,20:50,03 thg 5,1h 5m,CXR,23.0,12.0,27-04-2025
CXR0198,Vietnam Airlines,1919079,19:45,03 thg 5,20:50,03 thg 5,1h 5m,CXR,23.0,12.0,28-04-2025
CXR0198,Vietnam Airlines,1926072,19:45,03 thg 5,20:50,03 thg 5,1h 5m,CXR,23.0,12.0,29-04-2025
CXR0198,Vietnam Airlines,1954904,19:45,03 thg 5,20:50,03 thg 5,1h 5m,CXR,23.0,12.0,30-04-2025
CXR0199,Vietnam Airlines,1164834,19:45,04 thg 5,20:50,04 thg 5,1h 5m,CXR,23.0,12.0,01-05-2025
CXR0199,Vietnam Airlines,1179170,19:45,04 thg 5,20:50,04 thg 5,1h 5m,CXR,23.0,12.0,02-05-2025
CXR0199,Vietnam Airlines,1150848,19:45,04 thg 5,20:50,04 thg 5,1h 5m,CXR,23.0,12.0,14-04-2025
CXR0199,Vietnam Airlines,1141857,19:45,04 thg 5,20:50,04 thg 5,1h 5m,CXR,23.0,12.0,15-04-2025
CXR0199,Vietnam Airlines,1152900,19:45,04 thg 5,20:50,04 thg 5,1h 5m,CXR,23.0,12.0,16-04-2025
CXR0199,Vietnam Airlines,1146852,19:45,04 thg 5,20:50,04 thg 5,1h 5m,CXR,23.0,12.0,17-04-2025
CXR0199,Vietnam Airlines,1147851,19:45,04 thg 5,20:50,04 thg 5,1h 5m,CXR,23.0,12.0,18-04-2025
CXR0199,Vietnam Airlines,1155843,19:45,04 thg 5,20:50,04 thg 5,1h 5m,CXR,23.0,12.0,19-04-2025
CXR0199,Vietnam Airlines,1142856,19:45,04 thg 5,20:50,04 thg 5,1h 5m,CXR,23.0,12.0,20-04-2025
CXR0199,Vietnam Airlines,1144854,19:45,04 thg 5,20:50,04 thg 5,1h 5m,CXR,23.0,12.0,21-04-2025
CXR0199,Vietnam Airlines,1139859,19:45,04 thg 5,20:50,04 thg 5,1h 5m,CXR,23.0,12.0,22-04-2025
CXR0199,Vietnam Airlines,1143855,19:45,04 thg 5,20:50,04 thg 5,1h 5m,CXR,23.0,12.0,23-04-2025
CXR0199,Vietnam Airlines,1144854,19:45,04 thg 5,20:50,04 thg 5,1h 5m,CXR,23.0,12.0,24-04-2025
CXR0199,Vietnam Airlines,1143855,19:45,04 thg 5,20:50,04 thg 5,1h 5m,CXR,23.0,12.0,25-04-2025
CXR0199,Vietnam Airlines,1139316,19:45,04 thg 5,20:50,04 thg 5,1h 5m,CXR,23.0,12.0,26-04-2025
CXR0199,Vietnam Airlines,1130868,19:45,04 thg 5,20:50,04 thg 5,1h 5m,CXR,23.0,12.0,27-04-2025
CXR0199,Vietnam Airlines,1127871,19:45,04 thg 5,20:50,04 thg 5,1h 5m,CXR,23.0,12.0,28-04-2025
CXR0199,Vietnam Airlines,1139859,19:45,04 thg 5,20:50,04 thg 5,1h 5m,CXR,23.0,12.0,29-04-2025
CXR0199,Vietnam Airlines,1179170,19:45,04 thg 5,20:50,04 thg 5,1h 5m,CXR,23.0,12.0,30-04-2025
CXR0200,Vietnam Airlines,1145853,19:45,05 thg 5,20:50,05 thg 5,1h 5m,CXR,23.0,12.0,01-05-2025
CXR0200,Vietnam Airlines,1151847,19:45,05 thg 5,20:50,05 thg 5,1h 5m,CXR,23.0,12.0,02-05-2025
CXR0200,Vietnam Airlines,1157841,19:45,05 thg 5,20:50,05 thg 5,1h 5m,CXR,23.0,12.0,03-05-2025
CXR0200,Vietnam Airlines,1159839,19:45,05 thg 5,20:50,05 thg 5,1h 5m,CXR,23.0,12.0,04-05-2025
CXR0200,Vietnam Airlines,1244754,19:45,05 thg 5,20:50,05 thg 5,1h 5m,CXR,23.0,12.0,15-04-2025
CXR0200,Vietnam Airlines,1144854,19:45,05 thg 5,20:50,05 thg 5,1h 5m,CXR,23.0,12.0,19-04-2025
CXR0200,Vietnam Airlines,1154844,19:45,05 thg 5,20:50,05 thg 5,1h 5m,CXR,23.0,12.0,20-04-2025
CXR0200,Vietnam Airlines,1156842,19:45,05 thg 5,20:50,05 thg 5,1h 5m,CXR,23.0,12.0,21-04-2025
CXR0200,Vietnam Airlines,1146852,19:45,05 thg 5,20:50,05 thg 5,1h 5m,CXR,23.0,12.0,22-04-2025
CXR0200,Vietnam Airlines,1143855,19:45,05 thg 5,20:50,05 thg 5,1h 5m,CXR,23.0,12.0,23-04-2025
CXR0200,Vietnam Airlines,1137861,19:45,05 thg 5,20:50,05 thg 5,1h 5m,CXR,23.0,12.0,24-04-2025
CXR0200,Vietnam Airlines,1140858,19:45,05 thg 5,20:50,05 thg 5,1h 5m,CXR,23.0,12.0,25-04-2025
CXR0200,Vietnam Airlines,1138860,19:45,05 thg 5,20:50,05 thg 5,1h 5m,CXR,23.0,12.0,26-04-2025
CXR0200,Vietnam Airlines,1153845,19:45,05 thg 5,20:50,05 thg 5,1h 5m,CXR,23.0,12.0,27-04-2025
CXR0200,Vietnam Airlines,1141759,19:45,05 thg 5,20:50,05 thg 5,1h 5m,CXR,23.0,12.0,28-04-2025
CXR0200,Vietnam Airlines,1132866,19:45,05 thg 5,20:50,05 thg 5,1h 5m,CXR,23.0,12.0,29-04-2025
CXR0200,Vietnam Airlines,1179170,19:45,05 thg 5,20:50,05 thg 5,1h 5m,CXR,23.0,12.0,30-04-2025
CXR0201,Vietnam Airlines,1255123,19:45,06 thg 5,20:50,06 thg 5,1h 5m,CXR,23.0,12.0,01-05-2025
CXR0201,Vietnam Airlines,1244754,19:45,06 thg 5,20:50,06 thg 5,1h 5m,CXR,23.0,12.0,02-05-2025
CXR0201,Vietnam Airlines,1260738,19:45,06 thg 5,20:50,06 thg 5,1h 5m,CXR,23.0,12.0,04-05-2025
CXR0201,Vietnam Airlines,1367265,19:45,06 thg 5,20:50,06 thg 5,1h 5m,CXR,23.0,10.0,05-05-2025
CXR0201,Vietnam Airlines,1152900,19:45,06 thg 5,20:50,06 thg 5,1h 5m,CXR,23.0,12.0,16-04-2025
CXR0201,Vietnam Airlines,1144854,19:45,06 thg 5,20:50,06 thg 5,1h 5m,CXR,23.0,12.0,17-04-2025
CXR0201,Vietnam Airlines,1162836,19:45,06 thg 5,20:50,06 thg 5,1h 5m,CXR,23.0,12.0,18-04-2025
CXR0201,Vietnam Airlines,1151847,19:45,06 thg 5,20:50,06 thg 5,1h 5m,CXR,23.0,12.0,19-04-2025
CXR0201,Vietnam Airlines,1142856,19:45,06 thg 5,20:50,06 thg 5,1h 5m,CXR,23.0,12.0,20-04-2025
CXR0201,Vietnam Airlines,1145853,19:45,06 thg 5,20:50,06 thg 5,1h 5m,CXR,23.0,12.0,21-04-2025
CXR0201,Vietnam Airlines,1161837,19:45,06 thg 5,20:50,06 thg 5,1h 5m,CXR,23.0,12.0,22-04-2025
CXR0201,Vietnam Airlines,1135863,19:45,06 thg 5,20:50,06 thg 5,1h 5m,CXR,23.0,12.0,23-04-2025
CXR0201,Vietnam Airlines,1126872,19:45,06 thg 5,20:50,06 thg 5,1h 5m,CXR,23.0,12.0,24-04-2025
CXR0201,Vietnam Airlines,1128870,19:45,06 thg 5,20:50,06 thg 5,1h 5m,CXR,23.0,12.0,25-04-2025
CXR0201,Vietnam Airlines,1173825,19:45,06 thg 5,20:50,06 thg 5,1h 5m,CXR,23.0,12.0,26-04-2025
CXR0201,Vietnam Airlines,1164834,19:45,06 thg 5,20:50,06 thg 5,1h 5m,CXR,23.0,12.0,27-04-2025
CXR0201,Vietnam Airlines,1254063,19:45,06 thg 5,20:50,06 thg 5,1h 5m,CXR,23.0,12.0,28-04-2025
CXR0201,Vietnam Airlines,1240758,19:45,06 thg 5,20:50,06 thg 5,1h 5m,CXR,23.0,12.0,29-04-2025
CXR0201,Vietnam Airlines,1295154,19:45,06 thg 5,20:50,06 thg 5,1h 5m,CXR,23.0,12.0,30-04-2025
CXR0202,Vietnam Airlines,1142725,19:45,07 thg 5,20:50,07 thg 5,1h 5m,CXR,23.0,12.0,01-05-2025
CXR0202,Vietnam Airlines,1159839,19:45,07 thg 5,20:50,07 thg 5,1h 5m,CXR,23.0,12.0,02-05-2025
CXR0202,Vietnam Airlines,1153845,19:45,07 thg 5,20:50,07 thg 5,1h 5m,CXR,23.0,12.0,03-05-2025
CXR0202,Vietnam Airlines,1249749,19:45,07 thg 5,20:50,07 thg 5,1h 5m,CXR,23.0,12.0,04-05-2025
CXR0202,Vietnam Airlines,1254887,19:45,07 thg 5,20:50,07 thg 5,1h 5m,CXR,23.0,10.0,05-05-2025
CXR0202,Vietnam Airlines,1276722,19:45,07 thg 5,20:50,07 thg 5,1h 5m,CXR,23.0,10.0,06-05-2025
CXR0202,Vietnam Airlines,1159839,19:45,07 thg 5,20:50,07 thg 5,1h 5m,CXR,23.0,12.0,17-04-2025
CXR0202,Vietnam Airlines,1159839,19:45,07 thg 5,20:50,07 thg 5,1h 5m,CXR,23.0,12.0,18-04-2025
CXR0202,Vietnam Airlines,1147851,19:45,07 thg 5,20:50,07 thg 5,1h 5m,CXR,23.0,12.0,19-04-2025
CXR0202,Vietnam Airlines,1131867,19:45,07 thg 5,20:50,07 thg 5,1h 5m,CXR,23.0,12.0,20-04-2025
CXR0202,Vietnam Airlines,1164834,19:45,07 thg 5,20:50,07 thg 5,1h 5m,CXR,23.0,12.0,21-04-2025
CXR0202,Vietnam Airlines,1148850,19:45,07 thg 5,20:50,07 thg 5,1h 5m,CXR,23.0,12.0,22-04-2025
CXR0202,Vietnam Airlines,1139859,19:45,07 thg 5,20:50,07 thg 5,1h 5m,CXR,23.0,12.0,23-04-2025
CXR0202,Vietnam Airlines,1129869,19:45,07 thg 5,20:50,07 thg 5,1h 5m,CXR,23.0,12.0,24-04-2025
CXR0202,Vietnam Airlines,1132866,19:45,07 thg 5,20:50,07 thg 5,1h 5m,CXR,23.0,12.0,25-04-2025
CXR0202,Vietnam Airlines,1132866,19:45,07 thg 5,20:50,07 thg 5,1h 5m,CXR,23.0,12.0,26-04-2025
CXR0202,Vietnam Airlines,1126872,19:45,07 thg 5,20:50,07 thg 5,1h 5m,CXR,23.0,12.0,27-04-2025
CXR0202,Vietnam Airlines,1141759,19:45,07 thg 5,20:50,07 thg 5,1h 5m,CXR,23.0,12.0,28-04-2025
CXR0202,Vietnam Airlines,1150848,19:45,07 thg 5,20:50,07 thg 5,1h 5m,CXR,23.0,12.0,29-04-2025
CXR0202,Vietnam Airlines,1146852,19:45,07 thg 5,20:50,07 thg 5,1h 5m,CXR,23.0,12.0,30-04-2025
CXR0203,Vietnam Airlines,1255123,19:45,08 thg 5,20:50,08 thg 5,1h 5m,CXR,23.0,12.0,01-05-2025
CXR0203,Vietnam Airlines,1267731,19:45,08 thg 5,20:50,08 thg 5,1h 5m,CXR,23.0,12.0,02-05-2025
CXR0203,Vietnam Airlines,1283715,19:45,08 thg 5,20:50,08 thg 5,1h 5m,CXR,23.0,12.0,04-05-2025
CXR0203,Vietnam Airlines,1351647,19:45,08 thg 5,20:50,08 thg 5,1h 5m,CXR,23.0,10.0,05-05-2025
CXR0203,Vietnam Airlines,1386612,19:45,08 thg 5,20:50,08 thg 5,1h 5m,CXR,23.0,10.0,06-05-2025
CXR0203,Vietnam Airlines,1735463,19:45,08 thg 5,20:50,08 thg 5,1h 5m,CXR,23.0,10.0,07-05-2025
CXR0203,Vietnam Airlines,1162836,19:45,08 thg 5,20:50,08 thg 5,1h 5m,CXR,23.0,12.0,18-04-2025
CXR0203,Vietnam Airlines,1133865,19:45,08 thg 5,20:50,08 thg 5,1h 5m,CXR,23.0,12.0,19-04-2025
CXR0203,Vietnam Airlines,1139859,19:45,08 thg 5,20:50,08 thg 5,1h 5m,CXR,23.0,12.0,20-04-2025
CXR0203,Vietnam Airlines,1142856,19:45,08 thg 5,20:50,08 thg 5,1h 5m,CXR,23.0,12.0,21-04-2025
CXR0203,Vietnam Airlines,1157841,19:45,08 thg 5,20:50,08 thg 5,1h 5m,CXR,23.0,12.0,22-04-2025
CXR0203,Vietnam Airlines,1135863,19:45,08 thg 5,20:50,08 thg 5,1h 5m,CXR,23.0,12.0,23-04-2025
CXR0203,Vietnam Airlines,1139448,19:45,08 thg 5,20:50,08 thg 5,1h 5m,CXR,23.0,12.0,24-04-2025
CXR0203,Vietnam Airlines,1147851,19:45,08 thg 5,20:50,08 thg 5,1h 5m,CXR,23.0,12.0,25-04-2025
CXR0203,Vietnam Airlines,1142856,19:45,08 thg 5,20:50,08 thg 5,1h 5m,CXR,23.0,12.0,26-04-2025
CXR0203,Vietnam Airlines,1126872,19:45,08 thg 5,20:50,08 thg 5,1h 5m,CXR,23.0,12.0,27-04-2025
CXR0203,Vietnam Airlines,1254063,19:45,08 thg 5,20:50,08 thg 5,1h 5m,CXR,23.0,12.0,28-04-2025
CXR0203,Vietnam Airlines,1158840,19:45,08 thg 5,20:50,08 thg 5,1h 5m,CXR,23.0,12.0,29-04-2025
CXR0203,Vietnam Airlines,1295154,19:45,08 thg 5,20:50,08 thg 5,1h 5m,CXR,23.0,12.0,30-04-2025
CXR0204,Vietnam Airlines,1479922,19:45,09 thg 5,20:50,09 thg 5,1h 5m,CXR,23.0,12.0,01-05-2025
CXR0204,Vietnam Airlines,1476522,19:45,09 thg 5,20:50,09 thg 5,1h 5m,CXR,23.0,12.0,02-05-2025
CXR0204,Vietnam Airlines,1392606,19:45,09 thg 5,20:50,09 thg 5,1h 5m,CXR,23.0,12.0,04-05-2025
CXR0204,Vietnam Airlines,1501497,19:45,09 thg 5,20:50,09 thg 5,1h 5m,CXR,23.0,10.0,05-05-2025
CXR0204,Vietnam Airlines,1480146,19:45,09 thg 5,20:50,09 thg 5,1h 5m,CXR,23.0,10.0,06-05-2025
CXR0204,Vietnam Airlines,1482516,19:45,09 thg 5,20:50,09 thg 5,1h 5m,CXR,23.0,10.0,07-05-2025
CXR0204,Vietnam Airlines,1901097,19:45,09 thg 5,20:50,09 thg 5,1h 5m,CXR,23.0,10.0,08-05-2025
CXR0204,Vietnam Airlines,1382616,19:45,09 thg 5,20:50,09 thg 5,1h 5m,CXR,23.0,12.0,19-04-2025
CXR0204,Vietnam Airlines,1384614,19:45,09 thg 5,20:50,09 thg 5,1h 5m,CXR,23.0,12.0,20-04-2025
CXR0204,Vietnam Airlines,1387611,19:45,09 thg 5,20:50,09 thg 5,1h 5m,CXR,23.0,12.0,21-04-2025
CXR0204,Vietnam Airlines,1367631,19:45,09 thg 5,20:50,09 thg 5,1h 5m,CXR,23.0,12.0,22-04-2025
CXR0204,Vietnam Airlines,1385613,19:45,09 thg 5,20:50,09 thg 5,1h 5m,CXR,23.0,12.0,23-04-2025
CXR0204,Vietnam Airlines,1363601,19:45,09 thg 5,20:50,09 thg 5,1h 5m,CXR,23.0,12.0,24-04-2025
CXR0204,Vietnam Airlines,1372626,19:45,09 thg 5,20:50,09 thg 5,1h 5m,CXR,23.0,12.0,25-04-2025
CXR0204,Vietnam Airlines,1366632,19:45,09 thg 5,20:50,09 thg 5,1h 5m,CXR,23.0,12.0,26-04-2025
CXR0204,Vietnam Airlines,1365633,19:45,09 thg 5,20:50,09 thg 5,1h 5m,CXR,23.0,12.0,27-04-2025
CXR0204,Vietnam Airlines,1366367,19:45,09 thg 5,20:50,09 thg 5,1h 5m,CXR,23.0,12.0,28-04-2025
CXR0204,Vietnam Airlines,1490508,19:45,09 thg 5,20:50,09 thg 5,1h 5m,CXR,23.0,12.0,29-04-2025
CXR0204,Vietnam Airlines,1497501,19:45,09 thg 5,20:50,09 thg 5,1h 5m,CXR,23.0,12.0,30-04-2025
CXR0205,Vietnam Airlines,1142725,19:45,10 thg 5,20:50,10 thg 5,1h 5m,CXR,23.0,12.0,01-05-2025
CXR0205,Vietnam Airlines,1159839,19:45,10 thg 5,20:50,10 thg 5,1h 5m,CXR,23.0,12.0,02-05-2025
CXR0205,Vietnam Airlines,1147851,19:45,10 thg 5,20:50,10 thg 5,1h 5m,CXR,23.0,12.0,04-05-2025
CXR0205,Vietnam Airlines,1164834,19:45,10 thg 5,20:50,10 thg 5,1h 5m,CXR,23.0,10.0,05-05-2025
CXR0205,Vietnam Airlines,1149849,19:45,10 thg 5,20:50,10 thg 5,1h 5m,CXR,23.0,10.0,06-05-2025
CXR0205,Vietnam Airlines,1266732,19:45,10 thg 5,20:50,10 thg 5,1h 5m,CXR,23.0,10.0,07-05-2025
CXR0205,Vietnam Airlines,1246752,19:45,10 thg 5,20:50,10 thg 5,1h 5m,CXR,23.0,10.0,08-05-2025
CXR0205,Vietnam Airlines,1377621,19:45,10 thg 5,20:50,10 thg 5,1h 5m,CXR,23.0,10.0,09-05-2025
CXR0205,Vietnam Airlines,1161837,19:45,10 thg 5,20:50,10 thg 5,1h 5m,CXR,23.0,12.0,20-04-2025
CXR0205,Vietnam Airlines,1163835,19:45,10 thg 5,20:50,10 thg 5,1h 5m,CXR,23.0,12.0,21-04-2025
CXR0205,Vietnam Airlines,1144854,19:45,10 thg 5,20:50,10 thg 5,1h 5m,CXR,23.0,12.0,22-04-2025
CXR0205,Vietnam Airlines,1143855,19:45,10 thg 5,20:50,10 thg 5,1h 5m,CXR,23.0,12.0,23-04-2025
CXR0205,Vietnam Airlines,1139448,19:45,10 thg 5,20:50,10 thg 5,1h 5m,CXR,23.0,12.0,24-04-2025
CXR0205,Vietnam Airlines,1162836,19:45,10 thg 5,20:50,10 thg 5,1h 5m,CXR,23.0,12.0,25-04-2025
CXR0205,Vietnam Airlines,1160838,19:45,10 thg 5,20:50,10 thg 5,1h 5m,CXR,23.0,12.0,26-04-2025
CXR0205,Vietnam Airlines,1138860,19:45,10 thg 5,20:50,10 thg 5,1h 5m,CXR,23.0,12.0,27-04-2025
CXR0205,Vietnam Airlines,1124874,19:45,10 thg 5,20:50,10 thg 5,1h 5m,CXR,23.0,12.0,28-04-2025
CXR0205,Vietnam Airlines,1147851,19:45,10 thg 5,20:50,10 thg 5,1h 5m,CXR,23.0,12.0,29-04-2025
CXR0205,Vietnam Airlines,1145853,19:45,10 thg 5,20:50,10 thg 5,1h 5m,CXR,23.0,12.0,30-04-2025
CXR0206,Vietnam Airlines,1142725,19:45,11 thg 5,20:50,11 thg 5,1h 5m,CXR,23.0,12.0,01-05-2025
CXR0206,Vietnam Airlines,1155843,19:45,11 thg 5,20:50,11 thg 5,1h 5m,CXR,23.0,12.0,02-05-2025
CXR0206,Vietnam Airlines,1149849,19:45,11 thg 5,20:50,11 thg 5,1h 5m,CXR,23.0,12.0,03-05-2025
CXR0206,Vietnam Airlines,1132866,19:45,11 thg 5,20:50,11 thg 5,1h 5m,CXR,23.0,12.0,04-05-2025
CXR0206,Vietnam Airlines,1163835,19:45,11 thg 5,20:50,11 thg 5,1h 5m,CXR,23.0,10.0,05-05-2025
CXR0206,Vietnam Airlines,1161837,19:45,11 thg 5,20:50,11 thg 5,1h 5m,CXR,23.0,10.0,06-05-2025
CXR0206,Vietnam Airlines,1142856,19:45,11 thg 5,20:50,11 thg 5,1h 5m,CXR,23.0,10.0,07-05-2025
CXR0206,Vietnam Airlines,1255068,19:45,11 thg 5,20:50,11 thg 5,1h 5m,CXR,23.0,10.0,08-05-2025
CXR0206,Vietnam Airlines,1261737,19:45,11 thg 5,20:50,11 thg 5,1h 5m,CXR,23.0,10.0,09-05-2025
CXR0206,Vietnam Airlines,1259739,19:45,11 thg 5,20:50,11 thg 5,1h 5m,CXR,23.0,10.0,10-05-2025
CXR0206,Vietnam Airlines,1164834,19:45,11 thg 5,20:50,11 thg 5,1h 5m,CXR,23.0,12.0,21-04-2025
CXR0206,Vietnam Airlines,1137861,19:45,11 thg 5,20:50,11 thg 5,1h 5m,CXR,23.0,12.0,22-04-2025
CXR0206,Vietnam Airlines,1132866,19:45,11 thg 5,20:50,11 thg 5,1h 5m,CXR,23.0,12.0,23-04-2025
CXR0206,Vietnam Airlines,1139448,19:45,11 thg 5,20:50,11 thg 5,1h 5m,CXR,23.0,12.0,24-04-2025
CXR0206,Vietnam Airlines,1147851,19:45,11 thg 5,20:50,11 thg 5,1h 5m,CXR,23.0,12.0,25-04-2025
CXR0206,Vietnam Airlines,1147851,19:45,11 thg 5,20:50,11 thg 5,1h 5m,CXR,23.0,12.0,26-04-2025
CXR0206,Vietnam Airlines,1127871,19:45,11 thg 5,20:50,11 thg 5,1h 5m,CXR,23.0,12.0,27-04-2025
CXR0206,Vietnam Airlines,1141759,19:45,11 thg 5,20:50,11 thg 5,1h 5m,CXR,23.0,12.0,28-04-2025
CXR0206,Vietnam Airlines,1139859,19:45,11 thg 5,20:50,11 thg 5,1h 5m,CXR,23.0,12.0,29-04-2025
CXR0207,Vietnam Airlines,1247264,19:45,21 thg 4,20:50,21 thg 4,1h 5m,CXR,23.0,12.0,07-04-2025
CXR0207,Vietnam Airlines,1247264,19:45,21 thg 4,20:50,21 thg 4,1h 5m,CXR,23.0,12.0,08-04-2025
CXR0207,Vietnam Airlines,1210788,19:45,21 thg 4,20:50,21 thg 4,1h 5m,CXR,23.0,12.0,09-04-2025
CXR0207,Vietnam Airlines,1237761,19:45,21 thg 4,20:50,21 thg 4,1h 5m,CXR,23.0,12.0,10-04-2025
CXR0207,Vietnam Airlines,1234764,19:45,21 thg 4,20:50,21 thg 4,1h 5m,CXR,23.0,12.0,11-04-2025
CXR0207,Vietnam Airlines,1281717,19:45,21 thg 4,20:50,21 thg 4,1h 5m,CXR,23.0,12.0,12-04-2025
CXR0207,Vietnam Airlines,1268730,19:45,21 thg 4,20:50,21 thg 4,1h 5m,CXR,23.0,12.0,13-04-2025
CXR0207,Vietnam Airlines,1228770,19:45,21 thg 4,20:50,21 thg 4,1h 5m,CXR,23.0,12.0,14-04-2025
CXR0207,Vietnam Airlines,1225773,19:45,21 thg 4,20:50,21 thg 4,1h 5m,CXR,23.0,12.0,15-04-2025
CXR0207,Vietnam Airlines,1266300,19:45,21 thg 4,20:50,21 thg 4,1h 5m,CXR,23.0,12.0,16-04-2025
CXR0207,Vietnam Airlines,1272726,19:45,21 thg 4,20:50,21 thg 4,1h 5m,CXR,23.0,12.0,17-04-2025
CXR0207,Vietnam Airlines,1270728,19:45,21 thg 4,20:50,21 thg 4,1h 5m,CXR,23.0,12.0,18-04-2025
CXR0207,Vietnam Airlines,1166832,19:45,21 thg 4,20:50,21 thg 4,1h 5m,CXR,23.0,12.0,19-04-2025
CXR0207,Vietnam Airlines,1165833,19:45,21 thg 4,20:50,21 thg 4,1h 5m,CXR,23.0,12.0,20-04-2025
CXR0207,Vietnam Airlines,1179170,19:45,21 thg 4,20:50,21 thg 4,1h 5m,CXR,23.0,12.0,21-04-2025
CXR0208,Vietnam Airlines,1135569,19:45,22 thg 4,20:50,22 thg 4,1h 5m,CXR,23.0,12.0,07-04-2025
CXR0208,Vietnam Airlines,1135569,19:45,22 thg 4,20:50,22 thg 4,1h 5m,CXR,23.0,12.0,08-04-2025
CXR0208,Vietnam Airlines,1140858,19:45,22 thg 4,20:50,22 thg 4,1h 5m,CXR,23.0,12.0,09-04-2025
CXR0208,Vietnam Airlines,1148850,19:45,22 thg 4,20:50,22 thg 4,1h 5m,CXR,23.0,12.0,10-04-2025
CXR0208,Vietnam Airlines,1142856,19:45,22 thg 4,20:50,22 thg 4,1h 5m,CXR,23.0,12.0,11-04-2025
CXR0208,Vietnam Airlines,1140858,19:45,22 thg 4,20:50,22 thg 4,1h 5m,CXR,23.0,12.0,12-04-2025
CXR0208,Vietnam Airlines,1131867,19:45,22 thg 4,20:50,22 thg 4,1h 5m,CXR,23.0,12.0,13-04-2025
CXR0208,Vietnam Airlines,1160838,19:45,22 thg 4,20:50,22 thg 4,1h 5m,CXR,23.0,12.0,14-04-2025
CXR0208,Vietnam Airlines,1152846,19:45,22 thg 4,20:50,22 thg 4,1h 5m,CXR,23.0,12.0,15-04-2025
CXR0208,Vietnam Airlines,1266300,19:45,22 thg 4,20:50,22 thg 4,1h 5m,CXR,23.0,12.0,16-04-2025
CXR0208,Vietnam Airlines,1274724,19:45,22 thg 4,20:50,22 thg 4,1h 5m,CXR,23.0,12.0,17-04-2025
CXR0208,Vietnam Airlines,1278720,19:45,22 thg 4,20:50,22 thg 4,1h 5m,CXR,23.0,12.0,18-04-2025
CXR0208,Vietnam Airlines,1140858,19:45,22 thg 4,20:50,22 thg 4,1h 5m,CXR,23.0,12.0,19-04-2025
CXR0208,Vietnam Airlines,1139859,19:45,22 thg 4,20:50,22 thg 4,1h 5m,CXR,23.0,12.0,20-04-2025
CXR0208,Vietnam Airlines,1139859,19:45,22 thg 4,20:50,22 thg 4,1h 5m,CXR,23.0,12.0,21-04-2025
CXR0209,Vietnam Airlines,1247264,19:45,23 thg 4,20:50,23 thg 4,1h 5m,CXR,23.0,12.0,07-04-2025
CXR0209,Vietnam Airlines,1247264,19:45,23 thg 4,20:50,23 thg 4,1h 5m,CXR,23.0,12.0,08-04-2025
CXR0209,Vietnam Airlines,1214784,19:45,23 thg 4,20:50,23 thg 4,1h 5m,CXR,23.0,12.0,09-04-2025
CXR0209,Vietnam Airlines,1267731,19:45,23 thg 4,20:50,23 thg 4,1h 5m,CXR,23.0,12.0,10-04-2025
CXR0209,Vietnam Airlines,1260738,19:45,23 thg 4,20:50,23 thg 4,1h 5m,CXR,23.0,12.0,11-04-2025
CXR0209,Vietnam Airlines,1274724,19:45,23 thg 4,20:50,23 thg 4,1h 5m,CXR,23.0,12.0,12-04-2025
CXR0209,Vietnam Airlines,1275723,19:45,23 thg 4,20:50,23 thg 4,1h 5m,CXR,23.0,12.0,13-04-2025
CXR0209,Vietnam Airlines,1268730,19:45,23 thg 4,20:50,23 thg 4,1h 5m,CXR,23.0,12.0,14-04-2025
CXR0209,Vietnam Airlines,1266732,19:45,23 thg 4,20:50,23 thg 4,1h 5m,CXR,23.0,12.0,15-04-2025
CXR0209,Vietnam Airlines,1266300,19:45,23 thg 4,20:50,23 thg 4,1h 5m,CXR,23.0,12.0,16-04-2025
CXR0209,Vietnam Airlines,1276722,19:45,23 thg 4,20:50,23 thg 4,1h 5m,CXR,23.0,12.0,17-04-2025
CXR0209,Vietnam Airlines,1604394,19:45,23 thg 4,20:50,23 thg 4,1h 5m,CXR,23.0,12.0,18-04-2025
CXR0209,Vietnam Airlines,1261737,19:45,23 thg 4,20:50,23 thg 4,1h 5m,CXR,23.0,12.0,20-04-2025
CXR0209,Vietnam Airlines,1261737,19:45,23 thg 4,20:50,23 thg 4,1h 5m,CXR,23.0,12.0,21-04-2025
CXR0209,Vietnam Airlines,1671327,19:45,23 thg 4,20:50,23 thg 4,1h 5m,CXR,23.0,12.0,22-04-2025
CXR0210,Vietnam Airlines,1247264,19:45,24 thg 4,20:50,24 thg 4,1h 5m,CXR,23.0,12.0,07-04-2025
CXR0210,Vietnam Airlines,1247264,19:45,24 thg 4,20:50,24 thg 4,1h 5m,CXR,23.0,12.0,08-04-2025
CXR0210,Vietnam Airlines,1210788,19:45,24 thg 4,20:50,24 thg 4,1h 5m,CXR,23.0,12.0,09-04-2025
CXR0210,Vietnam Airlines,1267731,19:45,24 thg 4,20:50,24 thg 4,1h 5m,CXR,23.0,12.0,10-04-2025
CXR0210,Vietnam Airlines,1263735,19:45,24 thg 4,20:50,24 thg 4,1h 5m,CXR,23.0,12.0,11-04-2025
CXR0210,Vietnam Airlines,1262736,19:45,24 thg 4,20:50,24 thg 4,1h 5m,CXR,23.0,12.0,12-04-2025
CXR0210,Vietnam Airlines,1257741,19:45,24 thg 4,20:50,24 thg 4,1h 5m,CXR,23.0,12.0,13-04-2025
CXR0210,Vietnam Airlines,1254744,19:45,24 thg 4,20:50,24 thg 4,1h 5m,CXR,23.0,12.0,14-04-2025
CXR0210,Vietnam Airlines,1248200,19:45,24 thg 4,20:50,24 thg 4,1h 5m,CXR,23.0,12.0,15-04-2025
CXR0210,Vietnam Airlines,1266300,19:45,24 thg 4,20:50,24 thg 4,1h 5m,CXR,23.0,12.0,16-04-2025
CXR0210,Vietnam Airlines,1602396,19:45,24 thg 4,20:50,24 thg 4,1h 5m,CXR,23.0,12.0,17-04-2025
CXR0210,Vietnam Airlines,1604394,19:45,24 thg 4,20:50,24 thg 4,1h 5m,CXR,23.0,12.0,18-04-2025
CXR0210,Vietnam Airlines,1363635,19:45,24 thg 4,20:50,24 thg 4,1h 5m,CXR,23.0,12.0,19-04-2025
CXR0210,Vietnam Airlines,1380618,19:45,24 thg 4,20:50,24 thg 4,1h 5m,CXR,23.0,12.0,20-04-2025
CXR0210,Vietnam Airlines,1382616,19:45,24 thg 4,20:50,24 thg 4,1h 5m,CXR,23.0,12.0,21-04-2025
CXR0210,Vietnam Airlines,1576525,19:45,24 thg 4,20:50,24 thg 4,1h 5m,CXR,23.0,12.0,22-04-2025
CXR0210,Vietnam Airlines,1691307,19:45,24 thg 4,20:50,24 thg 4,1h 5m,CXR,23.0,12.0,23-04-2025
CXR0211,Vietnam Airlines,1760236,19:45,25 thg 4,20:50,25 thg 4,1h 5m,CXR,23.0,12.0,07-04-2025
CXR0211,Vietnam Airlines,1760236,19:45,25 thg 4,20:50,25 thg 4,1h 5m,CXR,23.0,12.0,08-04-2025
CXR0211,Vietnam Airlines,1746252,19:45,25 thg 4,20:50,25 thg 4,1h 5m,CXR,23.0,12.0,09-04-2025
CXR0211,Vietnam Airlines,1734264,19:45,25 thg 4,20:50,25 thg 4,1h 5m,CXR,23.0,12.0,10-04-2025
CXR0211,Vietnam Airlines,1790208,19:45,25 thg 4,20:50,25 thg 4,1h 5m,CXR,23.0,12.0,11-04-2025
CXR0211,Vietnam Airlines,1788210,19:45,25 thg 4,20:50,25 thg 4,1h 5m,CXR,23.0,12.0,12-04-2025
CXR0211,Vietnam Airlines,1771227,19:45,25 thg 4,20:50,25 thg 4,1h 5m,CXR,23.0,12.0,13-04-2025
CXR0211,Vietnam Airlines,1768230,19:45,25 thg 4,20:50,25 thg 4,1h 5m,CXR,23.0,12.0,14-04-2025
CXR0211,Vietnam Airlines,1764234,19:45,25 thg 4,20:50,25 thg 4,1h 5m,CXR,23.0,12.0,15-04-2025
CXR0211,Vietnam Airlines,1787100,19:45,25 thg 4,20:50,25 thg 4,1h 5m,CXR,23.0,12.0,16-04-2025
CXR0211,Vietnam Airlines,1761237,19:45,25 thg 4,20:50,25 thg 4,1h 5m,CXR,23.0,12.0,17-04-2025
CXR0211,Vietnam Airlines,1865133,19:45,25 thg 4,20:50,25 thg 4,1h 5m,CXR,23.0,12.0,17-04-2025
CXR0211,Vietnam Airlines,1764234,19:45,25 thg 4,20:50,25 thg 4,1h 5m,CXR,23.0,12.0,18-04-2025
CXR0211,Vietnam Airlines,1868130,19:45,25 thg 4,20:50,25 thg 4,1h 5m,CXR,23.0,12.0,18-04-2025
CXR0211,Vietnam Airlines,1363635,19:45,25 thg 4,20:50,25 thg 4,1h 5m,CXR,23.0,12.0,19-04-2025
CXR0211,Vietnam Airlines,1358640,19:45,25 thg 4,20:50,25 thg 4,1h 5m,CXR,23.0,12.0,20-04-2025
CXR0211,Vietnam Airlines,1362636,19:45,25 thg 4,20:50,25 thg 4,1h 5m,CXR,23.0,12.0,20-04-2025
CXR0211,Vietnam Airlines,1362636,19:45,25 thg 4,20:50,25 thg 4,1h 5m,CXR,23.0,12.0,21-04-2025
CXR0211,Vietnam Airlines,1358640,19:45,25 thg 4,20:50,25 thg 4,1h 5m,CXR,23.0,12.0,21-04-2025
CXR0211,Vietnam Airlines,1481517,19:45,25 thg 4,20:50,25 thg 4,1h 5m,CXR,23.0,12.0,22-04-2025
CXR0211,Vietnam Airlines,1392606,19:45,25 thg 4,20:50,25 thg 4,1h 5m,CXR,23.0,12.0,22-04-2025
CXR0211,Vietnam Airlines,1393605,19:45,25 thg 4,20:50,25 thg 4,1h 5m,CXR,23.0,12.0,23-04-2025
CXR0211,Vietnam Airlines,1504494,19:45,25 thg 4,20:50,25 thg 4,1h 5m,CXR,23.0,12.0,23-04-2025
CXR0211,Vietnam Airlines,1507491,19:45,25 thg 4,20:50,25 thg 4,1h 5m,CXR,23.0,12.0,24-04-2025
CXR0211,Vietnam Airlines,1387611,19:45,25 thg 4,20:50,25 thg 4,1h 5m,CXR,23.0,12.0,24-04-2025
CXR0212,Vietnam Airlines,1760236,19:45,26 thg 4,20:50,26 thg 4,1h 5m,CXR,23.0,12.0,07-04-2025
CXR0212,Vietnam Airlines,1760236,19:45,26 thg 4,20:50,26 thg 4,1h 5m,CXR,23.0,12.0,08-04-2025
CXR0212,Vietnam Airlines,1759901,19:45,26 thg 4,20:50,26 thg 4,1h 5m,CXR,23.0,12.0,09-04-2025
CXR0212,Vietnam Airlines,1766232,19:45,26 thg 4,20:50,26 thg 4,1h 5m,CXR,23.0,12.0,10-04-2025
CXR0212,Vietnam Airlines,1756242,19:45,26 thg 4,20:50,26 thg 4,1h 5m,CXR,23.0,12.0,11-04-2025
CXR0212,Vietnam Airlines,1766232,19:45,26 thg 4,20:50,26 thg 4,1h 5m,CXR,23.0,12.0,12-04-2025
CXR0212,Vietnam Airlines,1771227,19:45,26 thg 4,20:50,26 thg 4,1h 5m,CXR,23.0,12.0,13-04-2025
CXR0212,Vietnam Airlines,1756242,19:45,26 thg 4,20:50,26 thg 4,1h 5m,CXR,23.0,12.0,14-04-2025
CXR0212,Vietnam Airlines,1764234,19:45,26 thg 4,20:50,26 thg 4,1h 5m,CXR,23.0,12.0,15-04-2025
CXR0212,Vietnam Airlines,1827820,19:45,26 thg 4,20:50,26 thg 4,1h 5m,CXR,23.0,12.0,15-04-2025
CXR0212,Vietnam Airlines,1787100,19:45,26 thg 4,20:50,26 thg 4,1h 5m,CXR,23.0,12.0,16-04-2025
CXR0212,Vietnam Airlines,1753262,19:45,26 thg 4,20:50,26 thg 4,1h 5m,CXR,23.0,12.0,17-04-2025
CXR0212,Vietnam Airlines,1794204,19:45,26 thg 4,20:50,26 thg 4,1h 5m,CXR,23.0,12.0,18-04-2025
CXR0212,Vietnam Airlines,1764234,19:45,26 thg 4,20:50,26 thg 4,1h 5m,CXR,23.0,12.0,18-04-2025
CXR0212,Vietnam Airlines,1375623,19:45,26 thg 4,20:50,26 thg 4,1h 5m,CXR,23.0,12.0,19-04-2025
CXR0212,Vietnam Airlines,1389609,19:45,26 thg 4,20:50,26 thg 4,1h 5m,CXR,23.0,12.0,19-04-2025
CXR0212,Vietnam Airlines,1369629,19:45,26 thg 4,20:50,26 thg 4,1h 5m,CXR,23.0,12.0,20-04-2025
CXR0212,Vietnam Airlines,1362636,19:45,26 thg 4,20:50,26 thg 4,1h 5m,CXR,23.0,12.0,20-04-2025
CXR0212,Vietnam Airlines,1363635,19:45,26 thg 4,20:50,26 thg 4,1h 5m,CXR,23.0,12.0,21-04-2025
CXR0212,Vietnam Airlines,1371627,19:45,26 thg 4,20:50,26 thg 4,1h 5m,CXR,23.0,12.0,21-04-2025
CXR0212,Vietnam Airlines,1358640,19:45,26 thg 4,20:50,26 thg 4,1h 5m,CXR,23.0,12.0,22-04-2025
CXR0212,Vietnam Airlines,1388610,19:45,26 thg 4,20:50,26 thg 4,1h 5m,CXR,23.0,12.0,22-04-2025
CXR0212,Vietnam Airlines,1359639,19:45,26 thg 4,20:50,26 thg 4,1h 5m,CXR,23.0,12.0,23-04-2025
CXR0212,Vietnam Airlines,1389609,19:45,26 thg 4,20:50,26 thg 4,1h 5m,CXR,23.0,12.0,23-04-2025
CXR0212,Vietnam Airlines,1387611,19:45,26 thg 4,20:50,26 thg 4,1h 5m,CXR,23.0,12.0,24-04-2025
CXR0212,Vietnam Airlines,1506492,19:45,26 thg 4,20:50,26 thg 4,1h 5m,CXR,23.0,12.0,25-04-2025
CXR0212,Vietnam Airlines,1383615,19:45,26 thg 4,20:50,26 thg 4,1h 5m,CXR,23.0,12.0,25-04-2025
CXR0213,Vietnam Airlines,1760236,19:45,27 thg 4,20:50,27 thg 4,1h 5m,CXR,23.0,12.0,07-04-2025
CXR0213,Vietnam Airlines,1718280,19:45,27 thg 4,20:50,27 thg 4,1h 5m,CXR,23.0,12.0,08-04-2025
CXR0213,Vietnam Airlines,1746252,19:45,27 thg 4,20:50,27 thg 4,1h 5m,CXR,23.0,12.0,09-04-2025
CXR0213,Vietnam Airlines,1746252,19:45,27 thg 4,20:50,27 thg 4,1h 5m,CXR,23.0,12.0,10-04-2025
CXR0213,Vietnam Airlines,1767231,19:45,27 thg 4,20:50,27 thg 4,1h 5m,CXR,23.0,12.0,11-04-2025
CXR0213,Vietnam Airlines,1775223,19:45,27 thg 4,20:50,27 thg 4,1h 5m,CXR,23.0,12.0,12-04-2025
CXR0213,Vietnam Airlines,1778220,19:45,27 thg 4,20:50,27 thg 4,1h 5m,CXR,23.0,12.0,13-04-2025
CXR0213,Vietnam Airlines,1756242,19:45,27 thg 4,20:50,27 thg 4,1h 5m,CXR,23.0,12.0,14-04-2025
CXR0213,Vietnam Airlines,1764234,19:45,27 thg 4,20:50,27 thg 4,1h 5m,CXR,23.0,12.0,15-04-2025
CXR0213,Vietnam Airlines,1787100,19:45,27 thg 4,20:50,27 thg 4,1h 5m,CXR,23.0,12.0,16-04-2025
CXR0213,Vietnam Airlines,1761237,19:45,27 thg 4,20:50,27 thg 4,1h 5m,CXR,23.0,12.0,17-04-2025
CXR0213,Vietnam Airlines,1769229,19:45,27 thg 4,20:50,27 thg 4,1h 5m,CXR,23.0,12.0,18-04-2025
CXR0213,Vietnam Airlines,1382616,19:45,27 thg 4,20:50,27 thg 4,1h 5m,CXR,23.0,12.0,19-04-2025
CXR0213,Vietnam Airlines,1362636,19:45,27 thg 4,20:50,27 thg 4,1h 5m,CXR,23.0,12.0,20-04-2025
CXR0213,Vietnam Airlines,1363635,19:45,27 thg 4,20:50,27 thg 4,1h 5m,CXR,23.0,12.0,21-04-2025
CXR0213,Vietnam Airlines,1358640,19:45,27 thg 4,20:50,27 thg 4,1h 5m,CXR,23.0,12.0,22-04-2025
CXR0213,Vietnam Airlines,1359639,19:45,27 thg 4,20:50,27 thg 4,1h 5m,CXR,23.0,12.0,23-04-2025
CXR0213,Vietnam Airlines,1376622,19:45,27 thg 4,20:50,27 thg 4,1h 5m,CXR,23.0,12.0,24-04-2025
CXR0213,Vietnam Airlines,1383615,19:45,27 thg 4,20:50,27 thg 4,1h 5m,CXR,23.0,12.0,25-04-2025
CXR0213,Vietnam Airlines,1411137,19:45,27 thg 4,20:50,27 thg 4,1h 5m,CXR,23.0,12.0,26-04-2025
CXR0214,Vietnam Airlines,1570975,19:45,28 thg 4,20:50,28 thg 4,1h 5m,CXR,23.0,12.0,08-04-2025
CXR0214,Vietnam Airlines,1586412,19:45,28 thg 4,20:50,28 thg 4,1h 5m,CXR,23.0,12.0,09-04-2025
CXR0214,Vietnam Airlines,1569429,19:45,28 thg 4,20:50,28 thg 4,1h 5m,CXR,23.0,12.0,10-04-2025
CXR0214,Vietnam Airlines,1568430,19:45,28 thg 4,20:50,28 thg 4,1h 5m,CXR,23.0,12.0,11-04-2025
CXR0214,Vietnam Airlines,1570428,19:45,28 thg 4,20:50,28 thg 4,1h 5m,CXR,23.0,12.0,12-04-2025
CXR0214,Vietnam Airlines,1610388,19:45,28 thg 4,20:50,28 thg 4,1h 5m,CXR,23.0,12.0,13-04-2025
CXR0214,Vietnam Airlines,1601397,19:45,28 thg 4,20:50,28 thg 4,1h 5m,CXR,23.0,12.0,14-04-2025
CXR0214,Vietnam Airlines,1672548,19:45,28 thg 4,20:50,28 thg 4,1h 5m,CXR,23.0,12.0,15-04-2025
CXR0214,Vietnam Airlines,1696800,19:45,28 thg 4,20:50,28 thg 4,1h 5m,CXR,23.0,12.0,16-04-2025
CXR0214,Vietnam Airlines,1678320,19:45,28 thg 4,20:50,28 thg 4,1h 5m,CXR,23.0,12.0,17-04-2025
CXR0214,Vietnam Airlines,1690308,19:45,28 thg 4,20:50,28 thg 4,1h 5m,CXR,23.0,12.0,18-04-2025
CXR0214,Vietnam Airlines,1375623,19:45,28 thg 4,20:50,28 thg 4,1h 5m,CXR,23.0,12.0,19-04-2025
CXR0214,Vietnam Airlines,1499499,19:45,28 thg 4,20:50,28 thg 4,1h 5m,CXR,23.0,12.0,20-04-2025
CXR0214,Vietnam Airlines,1501497,19:45,28 thg 4,20:50,28 thg 4,1h 5m,CXR,23.0,12.0,21-04-2025
CXR0214,Vietnam Airlines,1479519,19:45,28 thg 4,20:50,28 thg 4,1h 5m,CXR,23.0,12.0,22-04-2025
CXR0214,Vietnam Airlines,1485513,19:45,28 thg 4,20:50,28 thg 4,1h 5m,CXR,23.0,12.0,23-04-2025
CXR0214,Vietnam Airlines,1933065,19:45,28 thg 4,20:50,28 thg 4,1h 5m,CXR,23.0,12.0,24-04-2025
CXR0214,Vietnam Airlines,2006991,19:45,28 thg 4,20:50,28 thg 4,1h 5m,CXR,23.0,12.0,25-04-2025
CXR0214,Vietnam Airlines,1935063,19:45,28 thg 4,20:50,28 thg 4,1h 5m,CXR,23.0,12.0,26-04-2025
CXR0214,Vietnam Airlines,2001996,19:45,28 thg 4,20:50,28 thg 4,1h 5m,CXR,23.0,12.0,27-04-2025
CXR0215,Vietnam Airlines,1983015,19:45,29 thg 4,20:50,29 thg 4,1h 5m,CXR,23.0,12.0,09-04-2025
CXR0215,Vietnam Airlines,1976022,19:45,29 thg 4,20:50,29 thg 4,1h 5m,CXR,23.0,12.0,10-04-2025
CXR0215,Vietnam Airlines,1967031,19:45,29 thg 4,20:50,29 thg 4,1h 5m,CXR,23.0,12.0,11-04-2025
CXR0215,Vietnam Airlines,1984014,19:45,29 thg 4,20:50,29 thg 4,1h 5m,CXR,23.0,12.0,12-04-2025
CXR0215,Vietnam Airlines,1976022,19:45,29 thg 4,20:50,29 thg 4,1h 5m,CXR,23.0,12.0,13-04-2025
CXR0215,Vietnam Airlines,1986012,19:45,29 thg 4,20:50,29 thg 4,1h 5m,CXR,23.0,12.0,14-04-2025
CXR0215,Vietnam Airlines,1985013,19:45,29 thg 4,20:50,29 thg 4,1h 5m,CXR,23.0,12.0,15-04-2025
CXR0215,Vietnam Airlines,1996002,19:45,29 thg 4,20:50,29 thg 4,1h 5m,CXR,23.0,12.0,24-04-2025
CXR0215,Vietnam Airlines,1989009,19:45,29 thg 4,20:50,29 thg 4,1h 5m,CXR,23.0,12.0,25-04-2025
CXR0215,Vietnam Airlines,1995003,19:45,29 thg 4,20:50,29 thg 4,1h 5m,CXR,23.0,12.0,28-04-2025
CXR0216,Vietnam Airlines,1981017,19:45,30 thg 4,20:50,30 thg 4,1h 5m,CXR,23.0,12.0,10-04-2025
CXR0216,Vietnam Airlines,1999998,19:45,30 thg 4,20:50,30 thg 4,1h 5m,CXR,23.0,12.0,11-04-2025
CXR0216,Vietnam Airlines,1988010,19:45,30 thg 4,20:50,30 thg 4,1h 5m,CXR,23.0,12.0,12-04-2025
CXR0216,Vietnam Airlines,1989009,19:45,30 thg 4,20:50,30 thg 4,1h 5m,CXR,23.0,12.0,13-04-2025
CXR0216,Vietnam Airlines,1979019,19:45,30 thg 4,20:50,30 thg 4,1h 5m,CXR,23.0,12.0,14-04-2025
CXR0216,Vietnam Airlines,1991007,19:45,30 thg 4,20:50,30 thg 4,1h 5m,CXR,23.0,12.0,17-04-2025
CXR0216,Vietnam Airlines,1995003,19:45,30 thg 4,20:50,30 thg 4,1h 5m,CXR,23.0,12.0,18-04-2025
CXR0216,Vietnam Airlines,1994004,19:45,30 thg 4,20:50,30 thg 4,1h 5m,CXR,23.0,12.0,20-04-2025
CXR0216,Vietnam Airlines,2013984,19:45,30 thg 4,20:50,30 thg 4,1h 5m,CXR,23.0,12.0,21-04-2025
CXR0216,Vietnam Airlines,1478520,19:45,30 thg 4,20:50,30 thg 4,1h 5m,CXR,23.0,12.0,22-04-2025
CXR0216,Vietnam Airlines,1478520,19:45,30 thg 4,20:50,30 thg 4,1h 5m,CXR,23.0,12.0,23-04-2025
CXR0216,Vietnam Airlines,1475678,19:45,30 thg 4,20:50,30 thg 4,1h 5m,CXR,23.0,12.0,24-04-2025
CXR0217,Vietnam Airlines,1895269,19:55,29 thg 4,21:00,29 thg 4,1h 5m,CXR,23.0,12.0,25-04-2025
CXR0217,Vietnam Airlines,1968030,19:55,29 thg 4,21:00,29 thg 4,1h 5m,CXR,23.0,12.0,26-04-2025
CXR0217,Vietnam Airlines,2001996,19:55,29 thg 4,21:00,29 thg 4,1h 5m,CXR,23.0,12.0,27-04-2025
CXR0217,Vietnam Airlines,2045827,19:55,29 thg 4,21:00,29 thg 4,1h 5m,CXR,23.0,12.0,28-04-2025
CXR0218,Vietnam Airlines,1999998,20:25,01 thg 5,21:30,01 thg 5,1h 5m,CXR,23.0,12.0,19-04-2025
CXR0218,Vietnam Airlines,1998000,20:25,01 thg 5,21:30,01 thg 5,1h 5m,CXR,23.0,12.0,20-04-2025
CXR0218,Vietnam Airlines,1999998,20:25,01 thg 5,21:30,01 thg 5,1h 5m,CXR,23.0,12.0,21-04-2025
CXR0218,Vietnam Airlines,1497501,20:25,01 thg 5,21:30,01 thg 5,1h 5m,CXR,23.0,12.0,22-04-2025
CXR0218,Vietnam Airlines,1493505,20:25,01 thg 5,21:30,01 thg 5,1h 5m,CXR,23.0,12.0,23-04-2025
CXR0218,Vietnam Airlines,1488510,20:25,01 thg 5,21:30,01 thg 5,1h 5m,CXR,23.0,12.0,24-04-2025
CXR0218,Vietnam Airlines,1491507,20:25,01 thg 5,21:30,01 thg 5,1h 5m,CXR,23.0,12.0,25-04-2025
CXR0218,Vietnam Airlines,1432566,20:25,01 thg 5,21:30,01 thg 5,1h 5m,CXR,23.0,12.0,26-04-2025
CXR0218,Vietnam Airlines,1480518,20:25,01 thg 5,21:30,01 thg 5,1h 5m,CXR,23.0,12.0,27-04-2025
CXR0218,Vietnam Airlines,1907091,20:25,01 thg 5,21:30,01 thg 5,1h 5m,CXR,23.0,12.0,28-04-2025
CXR0218,Vietnam Airlines,1914084,20:25,01 thg 5,21:30,01 thg 5,1h 5m,CXR,23.0,12.0,29-04-2025
CXR0218,Vietnam Airlines,1921252,20:25,01 thg 5,21:30,01 thg 5,1h 5m,CXR,23.0,12.0,30-04-2025
CXR0219,Vietnam Airlines,1369629,20:55,27 thg 4,22:00,27 thg 4,1h 5m,CXR,23.0,12.0,24-04-2025
CXR0219,Vietnam Airlines,1383615,20:55,27 thg 4,22:00,27 thg 4,1h 5m,CXR,23.0,12.0,25-04-2025
CXR0219,Vietnam Airlines,1411137,20:55,27 thg 4,22:00,27 thg 4,1h 5m,CXR,23.0,12.0,26-04-2025
CXR0220,Vietnam Airlines,1783215,21:15,01 thg 5,22:20,01 thg 5,1h 5m,CXR,23.0,12.0,11-04-2025
CXR0220,Vietnam Airlines,1786212,21:15,01 thg 5,22:20,01 thg 5,1h 5m,CXR,23.0,12.0,12-04-2025
CXR0220,Vietnam Airlines,1778220,21:15,01 thg 5,22:20,01 thg 5,1h 5m,CXR,23.0,12.0,13-04-2025
CXR0220,Vietnam Airlines,1775223,21:15,01 thg 5,22:20,01 thg 5,1h 5m,CXR,23.0,12.0,14-04-2025
CXR0220,Vietnam Airlines,1770228,21:15,01 thg 5,22:20,01 thg 5,1h 5m,CXR,23.0,12.0,15-04-2025
CXR0220,Vietnam Airlines,1787100,21:15,01 thg 5,22:20,01 thg 5,1h 5m,CXR,23.0,12.0,16-04-2025
CXR0220,Vietnam Airlines,1761237,21:15,01 thg 5,22:20,01 thg 5,1h 5m,CXR,23.0,12.0,17-04-2025
CXR0220,Vietnam Airlines,1765233,21:15,01 thg 5,22:20,01 thg 5,1h 5m,CXR,23.0,12.0,18-04-2025
CXR0220,Vietnam Airlines,1765233,21:15,01 thg 5,22:20,01 thg 5,1h 5m,CXR,23.0,12.0,19-04-2025
CXR0220,Vietnam Airlines,1756242,21:15,01 thg 5,22:20,01 thg 5,1h 5m,CXR,23.0,12.0,20-04-2025
CXR0220,Vietnam Airlines,1757241,21:15,01 thg 5,22:20,01 thg 5,1h 5m,CXR,23.0,12.0,21-04-2025
CXR0220,Vietnam Airlines,1683315,21:15,01 thg 5,22:20,01 thg 5,1h 5m,CXR,23.0,12.0,22-04-2025
CXR0220,Vietnam Airlines,1683315,21:15,01 thg 5,22:20,01 thg 5,1h 5m,CXR,23.0,12.0,23-04-2025
CXR0220,Vietnam Airlines,1682316,21:15,01 thg 5,22:20,01 thg 5,1h 5m,CXR,23.0,12.0,24-04-2025
CXR0220,Vietnam Airlines,1394604,21:15,01 thg 5,22:20,01 thg 5,1h 5m,CXR,23.0,12.0,25-04-2025
CXR0220,Vietnam Airlines,1363444,21:15,01 thg 5,22:20,01 thg 5,1h 5m,CXR,23.0,12.0,26-04-2025
CXR0221,Vietnam Airlines,1610388,21:15,02 thg 5,22:20,02 thg 5,1h 5m,CXR,23.0,12.0,12-04-2025
CXR0221,Vietnam Airlines,1614384,21:15,02 thg 5,22:20,02 thg 5,1h 5m,CXR,23.0,12.0,13-04-2025
CXR0221,Vietnam Airlines,1597401,21:15,02 thg 5,22:20,02 thg 5,1h 5m,CXR,23.0,12.0,14-04-2025
CXR0221,Vietnam Airlines,1572154,21:15,02 thg 5,22:20,02 thg 5,1h 5m,CXR,23.0,12.0,15-04-2025
CXR0221,Vietnam Airlines,1594950,21:15,02 thg 5,22:20,02 thg 5,1h 5m,CXR,23.0,12.0,16-04-2025
CXR0221,Vietnam Airlines,1592406,21:15,02 thg 5,22:20,02 thg 5,1h 5m,CXR,23.0,12.0,17-04-2025
CXR0221,Vietnam Airlines,1589409,21:15,02 thg 5,22:20,02 thg 5,1h 5m,CXR,23.0,12.0,18-04-2025
CXR0222,Vietnam Airlines,951048,21:15,03 thg 5,22:20,03 thg 5,1h 5m,CXR,0.0,12.0,13-04-2025
CXR0222,Vietnam Airlines,944055,21:15,03 thg 5,22:20,03 thg 5,1h 5m,CXR,0.0,12.0,14-04-2025
CXR0222,Vietnam Airlines,947052,21:15,03 thg 5,22:20,03 thg 5,1h 5m,CXR,0.0,12.0,15-04-2025
CXR0222,Vietnam Airlines,936600,21:15,03 thg 5,22:20,03 thg 5,1h 5m,CXR,0.0,12.0,16-04-2025
CXR0222,Vietnam Airlines,946053,21:15,03 thg 5,22:20,03 thg 5,1h 5m,CXR,0.0,12.0,17-04-2025
CXR0222,Vietnam Airlines,943056,21:15,03 thg 5,22:20,03 thg 5,1h 5m,CXR,0.0,12.0,18-04-2025
CXR0222,Vietnam Airlines,944055,21:15,03 thg 5,22:20,03 thg 5,1h 5m,CXR,0.0,12.0,19-04-2025
CXR0222,Vietnam Airlines,980019,21:15,03 thg 5,22:20,03 thg 5,1h 5m,CXR,0.0,12.0,20-04-2025
CXR0222,Vietnam Airlines,981018,21:15,03 thg 5,22:20,03 thg 5,1h 5m,CXR,0.0,12.0,21-04-2025
CXR0222,Vietnam Airlines,985014,21:15,03 thg 5,22:20,03 thg 5,1h 5m,CXR,0.0,12.0,22-04-2025
CXR0222,Vietnam Airlines,979020,21:15,03 thg 5,22:20,03 thg 5,1h 5m,CXR,0.0,12.0,23-04-2025
CXR0222,Vietnam Airlines,977022,21:15,03 thg 5,22:20,03 thg 5,1h 5m,CXR,0.0,12.0,24-04-2025
CXR0222,Vietnam Airlines,980019,21:15,03 thg 5,22:20,03 thg 5,1h 5m,CXR,0.0,12.0,25-04-2025
CXR0222,Vietnam Airlines,978021,21:15,03 thg 5,22:20,03 thg 5,1h 5m,CXR,0.0,12.0,26-04-2025
CXR0223,Vietnam Airlines,941058,21:15,04 thg 5,22:20,04 thg 5,1h 5m,CXR,0.0,12.0,14-04-2025
CXR0223,Vietnam Airlines,943056,21:15,04 thg 5,22:20,04 thg 5,1h 5m,CXR,0.0,12.0,15-04-2025
CXR0223,Vietnam Airlines,936600,21:15,04 thg 5,22:20,04 thg 5,1h 5m,CXR,0.0,12.0,16-04-2025
CXR0223,Vietnam Airlines,946053,21:15,04 thg 5,22:20,04 thg 5,1h 5m,CXR,0.0,12.0,17-04-2025
CXR0223,Vietnam Airlines,943056,21:15,04 thg 5,22:20,04 thg 5,1h 5m,CXR,0.0,12.0,18-04-2025
CXR0223,Vietnam Airlines,940059,21:15,04 thg 5,22:20,04 thg 5,1h 5m,CXR,0.0,12.0,19-04-2025
CXR0223,Vietnam Airlines,939060,21:15,04 thg 5,22:20,04 thg 5,1h 5m,CXR,0.0,12.0,20-04-2025
CXR0223,Vietnam Airlines,940059,21:15,04 thg 5,22:20,04 thg 5,1h 5m,CXR,0.0,12.0,21-04-2025
CXR0223,Vietnam Airlines,984015,21:15,04 thg 5,22:20,04 thg 5,1h 5m,CXR,0.0,12.0,22-04-2025
CXR0223,Vietnam Airlines,979020,21:15,04 thg 5,22:20,04 thg 5,1h 5m,CXR,0.0,12.0,23-04-2025
CXR0223,Vietnam Airlines,977022,21:15,04 thg 5,22:20,04 thg 5,1h 5m,CXR,0.0,12.0,24-04-2025
CXR0223,Vietnam Airlines,980019,21:15,04 thg 5,22:20,04 thg 5,1h 5m,CXR,0.0,12.0,25-04-2025
CXR0223,Vietnam Airlines,978021,21:15,04 thg 5,22:20,04 thg 5,1h 5m,CXR,0.0,12.0,26-04-2025
CXR0224,Vietnam Airlines,947052,21:15,05 thg 5,22:20,05 thg 5,1h 5m,CXR,0.0,12.0,15-04-2025
CXR0224,Vietnam Airlines,936600,21:15,05 thg 5,22:20,05 thg 5,1h 5m,CXR,0.0,12.0,16-04-2025
CXR0224,Vietnam Airlines,945054,21:15,05 thg 5,22:20,05 thg 5,1h 5m,CXR,0.0,12.0,17-04-2025
CXR0224,Vietnam Airlines,947052,21:15,05 thg 5,22:20,05 thg 5,1h 5m,CXR,0.0,12.0,18-04-2025
CXR0224,Vietnam Airlines,944055,21:15,05 thg 5,22:20,05 thg 5,1h 5m,CXR,0.0,12.0,19-04-2025
CXR0224,Vietnam Airlines,943056,21:15,05 thg 5,22:20,05 thg 5,1h 5m,CXR,0.0,12.0,20-04-2025
CXR0224,Vietnam Airlines,945054,21:15,05 thg 5,22:20,05 thg 5,1h 5m,CXR,0.0,12.0,21-04-2025
CXR0224,Vietnam Airlines,980019,21:15,05 thg 5,22:20,05 thg 5,1h 5m,CXR,0.0,12.0,22-04-2025
CXR0224,Vietnam Airlines,979020,21:15,05 thg 5,22:20,05 thg 5,1h 5m,CXR,0.0,12.0,23-04-2025
CXR0224,Vietnam Airlines,977022,21:15,05 thg 5,22:20,05 thg 5,1h 5m,CXR,0.0,12.0,24-04-2025
CXR0224,Vietnam Airlines,979020,21:15,05 thg 5,22:20,05 thg 5,1h 5m,CXR,0.0,12.0,25-04-2025
CXR0224,Vietnam Airlines,978021,21:15,05 thg 5,22:20,05 thg 5,1h 5m,CXR,0.0,12.0,26-04-2025
CXR0225,Vietnam Airlines,843156,21:15,21 thg 4,22:20,21 thg 4,1h 5m,CXR,23.0,12.0,10-04-2025
CXR0225,Vietnam Airlines,1137861,21:15,21 thg 4,22:20,21 thg 4,1h 5m,CXR,23.0,12.0,10-04-2025
CXR0225,Vietnam Airlines,1134864,21:15,21 thg 4,22:20,21 thg 4,1h 5m,CXR,23.0,12.0,11-04-2025
CXR0225,Vietnam Airlines,843156,21:15,21 thg 4,22:20,21 thg 4,1h 5m,CXR,23.0,12.0,11-04-2025
CXR0225,Vietnam Airlines,877397,21:15,21 thg 4,22:20,21 thg 4,1h 5m,CXR,0.0,12.0,12-04-2025
CXR0225,Vietnam Airlines,1133865,21:15,21 thg 4,22:20,21 thg 4,1h 5m,CXR,23.0,12.0,12-04-2025
CXR0225,Vietnam Airlines,1164834,21:15,21 thg 4,22:20,21 thg 4,1h 5m,CXR,23.0,12.0,13-04-2025
CXR0225,Vietnam Airlines,873126,21:15,21 thg 4,22:20,21 thg 4,1h 5m,CXR,0.0,12.0,13-04-2025
CXR0225,Vietnam Airlines,1128870,21:15,21 thg 4,22:20,21 thg 4,1h 5m,CXR,23.0,12.0,14-04-2025
CXR0225,Vietnam Airlines,1133865,21:15,21 thg 4,22:20,21 thg 4,1h 5m,CXR,23.0,12.0,15-04-2025
CXR0225,Vietnam Airlines,1152900,21:15,21 thg 4,22:20,21 thg 4,1h 5m,CXR,23.0,12.0,16-04-2025
CXR0225,Vietnam Airlines,1127871,21:15,21 thg 4,22:20,21 thg 4,1h 5m,CXR,23.0,12.0,17-04-2025
CXR0225,Vietnam Airlines,1128870,21:15,21 thg 4,22:20,21 thg 4,1h 5m,CXR,23.0,12.0,18-04-2025
CXR0226,Vietnam Airlines,843156,21:15,22 thg 4,22:20,22 thg 4,1h 5m,CXR,0.0,12.0,10-04-2025
CXR0226,Vietnam Airlines,843156,21:15,22 thg 4,22:20,22 thg 4,1h 5m,CXR,0.0,12.0,11-04-2025
CXR0226,Vietnam Airlines,845154,21:15,22 thg 4,22:20,22 thg 4,1h 5m,CXR,0.0,12.0,12-04-2025
CXR0226,Vietnam Airlines,873126,21:15,22 thg 4,22:20,22 thg 4,1h 5m,CXR,0.0,12.0,13-04-2025
CXR0226,Vietnam Airlines,865134,21:15,22 thg 4,22:20,22 thg 4,1h 5m,CXR,0.0,12.0,14-04-2025
CXR0226,Vietnam Airlines,871128,21:15,22 thg 4,22:20,22 thg 4,1h 5m,CXR,0.0,12.0,15-04-2025
CXR0226,Vietnam Airlines,891450,21:15,22 thg 4,22:20,22 thg 4,1h 5m,CXR,0.0,12.0,16-04-2025
CXR0227,Vietnam Airlines,843156,21:15,23 thg 4,22:20,23 thg 4,1h 5m,CXR,0.0,12.0,10-04-2025
CXR0227,Vietnam Airlines,842157,21:15,23 thg 4,22:20,23 thg 4,1h 5m,CXR,0.0,12.0,11-04-2025
CXR0227,Vietnam Airlines,845154,21:15,23 thg 4,22:20,23 thg 4,1h 5m,CXR,0.0,12.0,12-04-2025
CXR0227,Vietnam Airlines,869130,21:15,23 thg 4,22:20,23 thg 4,1h 5m,CXR,0.0,12.0,13-04-2025
CXR0227,Vietnam Airlines,865134,21:15,23 thg 4,22:20,23 thg 4,1h 5m,CXR,0.0,12.0,14-04-2025
CXR0227,Vietnam Airlines,867132,21:15,23 thg 4,22:20,23 thg 4,1h 5m,CXR,0.0,12.0,15-04-2025
CXR0227,Vietnam Airlines,891450,21:15,23 thg 4,22:20,23 thg 4,1h 5m,CXR,0.0,12.0,16-04-2025
CXR0227,Vietnam Airlines,901098,21:15,23 thg 4,22:20,23 thg 4,1h 5m,CXR,0.0,12.0,17-04-2025
CXR0227,Vietnam Airlines,902097,21:15,23 thg 4,22:20,23 thg 4,1h 5m,CXR,0.0,12.0,18-04-2025
CXR0227,Vietnam Airlines,904095,21:15,23 thg 4,22:20,23 thg 4,1h 5m,CXR,0.0,12.0,19-04-2025
CXR0227,Vietnam Airlines,902097,21:15,23 thg 4,22:20,23 thg 4,1h 5m,CXR,0.0,12.0,20-04-2025
CXR0227,Vietnam Airlines,902097,21:15,23 thg 4,22:20,23 thg 4,1h 5m,CXR,0.0,12.0,21-04-2025
CXR0227,Vietnam Airlines,1005993,21:15,23 thg 4,22:20,23 thg 4,1h 5m,CXR,0.0,12.0,22-04-2025
CXR0228,Vietnam Airlines,881118,21:15,24 thg 4,22:20,24 thg 4,1h 5m,CXR,0.0,12.0,10-04-2025
CXR0228,Vietnam Airlines,869130,21:15,24 thg 4,22:20,24 thg 4,1h 5m,CXR,0.0,12.0,11-04-2025
CXR0228,Vietnam Airlines,871128,21:15,24 thg 4,22:20,24 thg 4,1h 5m,CXR,0.0,12.0,12-04-2025
CXR0228,Vietnam Airlines,906093,21:15,24 thg 4,22:20,24 thg 4,1h 5m,CXR,0.0,12.0,13-04-2025
CXR0228,Vietnam Airlines,867132,21:15,24 thg 4,22:20,24 thg 4,1h 5m,CXR,0.0,12.0,14-04-2025
CXR0228,Vietnam Airlines,878709,21:15,24 thg 4,22:20,24 thg 4,1h 5m,CXR,0.0,12.0,15-04-2025
CXR0228,Vietnam Airlines,891450,21:15,24 thg 4,22:20,24 thg 4,1h 5m,CXR,0.0,12.0,16-04-2025
CXR0228,Vietnam Airlines,871128,21:15,24 thg 4,22:20,24 thg 4,1h 5m,CXR,0.0,12.0,17-04-2025
CXR0228,Vietnam Airlines,898101,21:15,24 thg 4,22:20,24 thg 4,1h 5m,CXR,0.0,12.0,18-04-2025
CXR0228,Vietnam Airlines,900099,21:15,24 thg 4,22:20,24 thg 4,1h 5m,CXR,0.0,12.0,19-04-2025
CXR0228,Vietnam Airlines,898101,21:15,24 thg 4,22:20,24 thg 4,1h 5m,CXR,0.0,12.0,20-04-2025
CXR0228,Vietnam Airlines,900099,21:15,24 thg 4,22:20,24 thg 4,1h 5m,CXR,0.0,12.0,21-04-2025
CXR0228,Vietnam Airlines,881151,21:15,24 thg 4,22:20,24 thg 4,1h 5m,CXR,0.0,12.0,22-04-2025
CXR0228,Vietnam Airlines,902097,21:15,24 thg 4,22:20,24 thg 4,1h 5m,CXR,0.0,12.0,23-04-2025
CXR0229,Vietnam Airlines,816183,21:15,25 thg 4,22:20,25 thg 4,1h 5m,CXR,0.0,12.0,10-04-2025
CXR0229,Vietnam Airlines,877201,21:15,25 thg 4,22:20,25 thg 4,1h 5m,CXR,0.0,12.0,11-04-2025
CXR0229,Vietnam Airlines,908091,21:15,25 thg 4,22:20,25 thg 4,1h 5m,CXR,0.0,12.0,12-04-2025
CXR0229,Vietnam Airlines,873126,21:15,25 thg 4,22:20,25 thg 4,1h 5m,CXR,0.0,12.0,13-04-2025
CXR0229,Vietnam Airlines,870129,21:15,25 thg 4,22:20,25 thg 4,1h 5m,CXR,0.0,12.0,14-04-2025
CXR0229,Vietnam Airlines,871128,21:15,25 thg 4,22:20,25 thg 4,1h 5m,CXR,0.0,12.0,15-04-2025
CXR0229,Vietnam Airlines,891450,21:15,25 thg 4,22:20,25 thg 4,1h 5m,CXR,0.0,12.0,16-04-2025
CXR0230,Vietnam Airlines,1574424,21:15,26 thg 4,22:20,26 thg 4,1h 5m,CXR,23.0,12.0,10-04-2025
CXR0230,Vietnam Airlines,1565433,21:15,26 thg 4,22:20,26 thg 4,1h 5m,CXR,23.0,12.0,11-04-2025
CXR0230,Vietnam Airlines,1610388,21:15,26 thg 4,22:20,26 thg 4,1h 5m,CXR,23.0,12.0,12-04-2025
CXR0230,Vietnam Airlines,1604394,21:15,26 thg 4,22:20,26 thg 4,1h 5m,CXR,23.0,12.0,13-04-2025
CXR0230,Vietnam Airlines,1597401,21:15,26 thg 4,22:20,26 thg 4,1h 5m,CXR,23.0,12.0,14-04-2025
CXR0230,Vietnam Airlines,1602396,21:15,26 thg 4,22:20,26 thg 4,1h 5m,CXR,23.0,12.0,15-04-2025
CXR0230,Vietnam Airlines,1594950,21:15,26 thg 4,22:20,26 thg 4,1h 5m,CXR,23.0,12.0,16-04-2025
CXR0230,Vietnam Airlines,1579186,21:15,26 thg 4,22:20,26 thg 4,1h 5m,CXR,23.0,12.0,17-04-2025
CXR0230,Vietnam Airlines,1589409,21:15,26 thg 4,22:20,26 thg 4,1h 5m,CXR,23.0,12.0,18-04-2025
CXR0230,Vietnam Airlines,1586412,21:15,26 thg 4,22:20,26 thg 4,1h 5m,CXR,23.0,12.0,19-04-2025
CXR0230,Vietnam Airlines,1574424,21:15,26 thg 4,22:20,26 thg 4,1h 5m,CXR,23.0,12.0,20-04-2025
CXR0230,Vietnam Airlines,1575423,21:15,26 thg 4,22:20,26 thg 4,1h 5m,CXR,23.0,12.0,21-04-2025
CXR0230,Vietnam Airlines,1135863,21:15,26 thg 4,22:20,26 thg 4,1h 5m,CXR,23.0,12.0,22-04-2025
CXR0230,Vietnam Airlines,1139859,21:15,26 thg 4,22:20,26 thg 4,1h 5m,CXR,23.0,12.0,23-04-2025
CXR0230,Vietnam Airlines,1141857,21:15,26 thg 4,22:20,26 thg 4,1h 5m,CXR,23.0,12.0,24-04-2025
CXR0230,Vietnam Airlines,1143855,21:15,26 thg 4,22:20,26 thg 4,1h 5m,CXR,23.0,12.0,25-04-2025
CXR0231,Vietnam Airlines,1574424,21:15,27 thg 4,22:20,27 thg 4,1h 5m,CXR,23.0,12.0,10-04-2025
CXR0231,Vietnam Airlines,1565433,21:15,27 thg 4,22:20,27 thg 4,1h 5m,CXR,23.0,12.0,11-04-2025
CXR0231,Vietnam Airlines,1573425,21:15,27 thg 4,22:20,27 thg 4,1h 5m,CXR,23.0,12.0,12-04-2025
CXR0231,Vietnam Airlines,1611387,21:15,27 thg 4,22:20,27 thg 4,1h 5m,CXR,23.0,12.0,13-04-2025
CXR0231,Vietnam Airlines,1601397,21:15,27 thg 4,22:20,27 thg 4,1h 5m,CXR,23.0,12.0,14-04-2025
CXR0231,Vietnam Airlines,1597401,21:15,27 thg 4,22:20,27 thg 4,1h 5m,CXR,23.0,12.0,15-04-2025
CXR0231,Vietnam Airlines,1594950,21:15,27 thg 4,22:20,27 thg 4,1h 5m,CXR,23.0,12.0,16-04-2025
CXR0231,Vietnam Airlines,1582416,21:15,27 thg 4,22:20,27 thg 4,1h 5m,CXR,23.0,12.0,17-04-2025
CXR0231,Vietnam Airlines,1587411,21:15,27 thg 4,22:20,27 thg 4,1h 5m,CXR,23.0,12.0,18-04-2025
CXR0231,Vietnam Airlines,1594404,21:15,27 thg 4,22:20,27 thg 4,1h 5m,CXR,23.0,12.0,19-04-2025
CXR0231,Vietnam Airlines,1574424,21:15,27 thg 4,22:20,27 thg 4,1h 5m,CXR,23.0,12.0,20-04-2025
CXR0231,Vietnam Airlines,1575423,21:15,27 thg 4,22:20,27 thg 4,1h 5m,CXR,23.0,12.0,21-04-2025
CXR0231,Vietnam Airlines,1139859,21:15,27 thg 4,22:20,27 thg 4,1h 5m,CXR,23.0,12.0,22-04-2025
CXR0231,Vietnam Airlines,1143855,21:15,27 thg 4,22:20,27 thg 4,1h 5m,CXR,23.0,12.0,23-04-2025
CXR0232,Vietnam Airlines,1602396,21:15,28 thg 4,22:20,28 thg 4,1h 5m,CXR,23.0,12.0,10-04-2025
CXR0232,Vietnam Airlines,1586412,21:15,28 thg 4,22:20,28 thg 4,1h 5m,CXR,23.0,12.0,11-04-2025
CXR0232,Vietnam Airlines,1573425,21:15,28 thg 4,22:20,28 thg 4,1h 5m,CXR,23.0,12.0,12-04-2025
CXR0232,Vietnam Airlines,1607391,21:15,28 thg 4,22:20,28 thg 4,1h 5m,CXR,23.0,12.0,13-04-2025
CXR0232,Vietnam Airlines,1601397,21:15,28 thg 4,22:20,28 thg 4,1h 5m,CXR,23.0,12.0,14-04-2025
CXR0232,Vietnam Airlines,1597401,21:15,28 thg 4,22:20,28 thg 4,1h 5m,CXR,23.0,12.0,15-04-2025
CXR0232,Vietnam Airlines,1594950,21:15,28 thg 4,22:20,28 thg 4,1h 5m,CXR,23.0,12.0,16-04-2025
CXR0232,Vietnam Airlines,1582416,21:15,28 thg 4,22:20,28 thg 4,1h 5m,CXR,23.0,12.0,17-04-2025
CXR0232,Vietnam Airlines,1586412,21:15,28 thg 4,22:20,28 thg 4,1h 5m,CXR,23.0,12.0,18-04-2025
CXR0232,Vietnam Airlines,1590408,21:15,28 thg 4,22:20,28 thg 4,1h 5m,CXR,23.0,12.0,19-04-2025
CXR0232,Vietnam Airlines,1596402,21:15,28 thg 4,22:20,28 thg 4,1h 5m,CXR,23.0,12.0,20-04-2025
CXR0232,Vietnam Airlines,1597401,21:15,28 thg 4,22:20,28 thg 4,1h 5m,CXR,23.0,12.0,21-04-2025
CXR0232,Vietnam Airlines,1356642,21:15,28 thg 4,22:20,28 thg 4,1h 5m,CXR,23.0,12.0,22-04-2025
CXR0232,Vietnam Airlines,1358640,21:15,28 thg 4,22:20,28 thg 4,1h 5m,CXR,23.0,12.0,23-04-2025
CXR0233,Vietnam Airlines,1574424,21:15,29 thg 4,22:20,29 thg 4,1h 5m,CXR,23.0,12.0,10-04-2025
CXR0233,Vietnam Airlines,1563435,21:15,29 thg 4,22:20,29 thg 4,1h 5m,CXR,23.0,12.0,11-04-2025
CXR0233,Vietnam Airlines,1610388,21:15,29 thg 4,22:20,29 thg 4,1h 5m,CXR,23.0,12.0,12-04-2025
CXR0233,Vietnam Airlines,1607391,21:15,29 thg 4,22:20,29 thg 4,1h 5m,CXR,23.0,12.0,13-04-2025
CXR0233,Vietnam Airlines,1601397,21:15,29 thg 4,22:20,29 thg 4,1h 5m,CXR,23.0,12.0,14-04-2025
CXR0233,Vietnam Airlines,1592406,21:15,29 thg 4,22:20,29 thg 4,1h 5m,CXR,23.0,12.0,15-04-2025
CXR0233,Vietnam Airlines,1579186,21:15,29 thg 4,22:20,29 thg 4,1h 5m,CXR,23.0,12.0,17-04-2025
CXR0233,Vietnam Airlines,1589409,21:15,29 thg 4,22:20,29 thg 4,1h 5m,CXR,23.0,12.0,18-04-2025
CXR0233,Vietnam Airlines,1631292,21:15,29 thg 4,22:20,29 thg 4,1h 5m,CXR,23.0,12.0,19-04-2025
CXR0233,Vietnam Airlines,1671327,21:15,29 thg 4,22:20,29 thg 4,1h 5m,CXR,23.0,12.0,20-04-2025
CXR0233,Vietnam Airlines,1672326,21:15,29 thg 4,22:20,29 thg 4,1h 5m,CXR,23.0,12.0,21-04-2025
CXR0233,Vietnam Airlines,1576525,21:15,29 thg 4,22:20,29 thg 4,1h 5m,CXR,23.0,12.0,22-04-2025
CXR0233,Vietnam Airlines,1660781,21:15,29 thg 4,22:20,29 thg 4,1h 5m,CXR,23.0,12.0,23-04-2025
CXR0233,Vietnam Airlines,1794204,21:15,29 thg 4,22:20,29 thg 4,1h 5m,CXR,23.0,12.0,24-04-2025
CXR0234,Vietnam Airlines,1753245,21:15,30 thg 4,22:20,30 thg 4,1h 5m,CXR,23.0,12.0,10-04-2025
CXR0234,Vietnam Airlines,1750248,21:15,30 thg 4,22:20,30 thg 4,1h 5m,CXR,23.0,12.0,11-04-2025
CXR0234,Vietnam Airlines,1806192,21:15,30 thg 4,22:20,30 thg 4,1h 5m,CXR,23.0,12.0,12-04-2025
CXR0234,Vietnam Airlines,1805193,21:15,30 thg 4,22:20,30 thg 4,1h 5m,CXR,23.0,12.0,13-04-2025
CXR0234,Vietnam Airlines,1790208,21:15,30 thg 4,22:20,30 thg 4,1h 5m,CXR,23.0,12.0,14-04-2025
CXR0234,Vietnam Airlines,1761557,21:15,30 thg 4,22:20,30 thg 4,1h 5m,CXR,23.0,12.0,15-04-2025
CXR0234,Vietnam Airlines,1787100,21:15,30 thg 4,22:20,30 thg 4,1h 5m,CXR,23.0,12.0,16-04-2025
CXR0234,Vietnam Airlines,1784214,21:15,30 thg 4,22:20,30 thg 4,1h 5m,CXR,23.0,12.0,17-04-2025
CXR0234,Vietnam Airlines,1787211,21:15,30 thg 4,22:20,30 thg 4,1h 5m,CXR,23.0,12.0,18-04-2025
CXR0234,Vietnam Airlines,1779219,21:15,30 thg 4,22:20,30 thg 4,1h 5m,CXR,23.0,12.0,19-04-2025
CXR0234,Vietnam Airlines,1767231,21:15,30 thg 4,22:20,30 thg 4,1h 5m,CXR,23.0,12.0,20-04-2025
CXR0235,Vietnam Airlines,1369629,21:30,27 thg 4,22:35,27 thg 4,1h 5m,CXR,23.0,12.0,24-04-2025
CXR0235,Vietnam Airlines,1383615,21:30,27 thg 4,22:35,27 thg 4,1h 5m,CXR,23.0,12.0,25-04-2025
CXR0235,Vietnam Airlines,1411137,21:30,27 thg 4,22:35,27 thg 4,1h 5m,CXR,23.0,12.0,26-04-2025
CXR0236,Vietnam Airlines,1495503,21:30,29 thg 4,22:35,29 thg 4,1h 5m,CXR,23.0,12.0,25-04-2025
CXR0236,Vietnam Airlines,1364634,21:30,29 thg 4,22:35,29 thg 4,1h 5m,CXR,23.0,12.0,26-04-2025
CXR0236,Vietnam Airlines,1771227,21:30,29 thg 4,22:35,29 thg 4,1h 5m,CXR,23.0,12.0,27-04-2025
CXR0236,Vietnam Airlines,1999998,21:30,29 thg 4,22:35,29 thg 4,1h 5m,CXR,23.0,12.0,28-04-2025
CXR0237,Vietnam Airlines,871128,21:50,25 thg 4,22:55,25 thg 4,1h 5m,CXR,0.0,12.0,17-04-2025
CXR0237,Vietnam Airlines,865134,21:50,25 thg 4,22:55,25 thg 4,1h 5m,CXR,0.0,12.0,18-04-2025
CXR0237,Vietnam Airlines,908091,21:50,25 thg 4,22:55,25 thg 4,1h 5m,CXR,0.0,12.0,19-04-2025
CXR0237,Vietnam Airlines,902097,21:50,25 thg 4,22:55,25 thg 4,1h 5m,CXR,0.0,12.0,20-04-2025
CXR0237,Vietnam Airlines,902097,21:50,25 thg 4,22:55,25 thg 4,1h 5m,CXR,0.0,12.0,21-04-2025
CXR0237,Vietnam Airlines,1001997,21:50,25 thg 4,22:55,25 thg 4,1h 5m,CXR,0.0,12.0,22-04-2025
CXR0237,Vietnam Airlines,1020978,21:50,25 thg 4,22:55,25 thg 4,1h 5m,CXR,0.0,12.0,23-04-2025
CXR0237,Vietnam Airlines,1021977,21:50,25 thg 4,22:55,25 thg 4,1h 5m,CXR,0.0,12.0,24-04-2025
CXR0238,Vietnam Airlines,1993005,6:50,02 thg 5,8:05,02 thg 5,1h 15m,CXR,23.0,12.0,14-04-2025
CXR0239,Vietnam Airlines,1247245,6:50,03 thg 5,8:05,03 thg 5,1h 15m,CXR,23.0,12.0,14-04-2025
CXR0240,Vietnam Airlines,1147851,6:50,04 thg 5,8:05,04 thg 5,1h 15m,CXR,23.0,12.0,14-04-2025
CXR0241,Vietnam Airlines,1152900,6:50,06 thg 5,8:05,06 thg 5,1h 15m,CXR,23.0,12.0,16-04-2025
CXR0242,Vietnam Airlines,1361637,6:50,21 thg 4,8:05,21 thg 4,1h 15m,CXR,23.0,12.0,14-04-2025
CXR0243,Vietnam Airlines,1268730,6:50,22 thg 4,8:05,22 thg 4,1h 15m,CXR,23.0,12.0,14-04-2025
CXR0244,Vietnam Airlines,1505493,6:50,23 thg 4,8:05,23 thg 4,1h 15m,CXR,23.0,12.0,14-04-2025
CXR0245,Vietnam Airlines,1997001,8:55,02 thg 5,10:00,02 thg 5,1h 5m,CXR,23.0,12.0,14-04-2025
CXR0246,Vietnam Airlines,1379619,8:55,04 thg 5,10:00,04 thg 5,1h 5m,CXR,23.0,12.0,14-04-2025
CXR0247,Vietnam Airlines,1152900,8:55,06 thg 5,10:00,06 thg 5,1h 5m,CXR,23.0,12.0,16-04-2025
CXR0248,Vietnam Airlines,1675323,8:55,21 thg 4,10:00,21 thg 4,1h 5m,CXR,23.0,12.0,14-04-2025
