id,brand,price,start_time,start_day,end_time,end_day,trip_time,destination,checked_baggage,hand_luggage,crawl_date
HPH0001,Bamboo Airways,2159075,20:05,01 thg 5,22:10,01 thg 5,2h 5m,HPH,0.0,7.0,07-04-2025
HPH0001,Bamboo Airways,2169925,20:05,01 thg 5,22:10,01 thg 5,2h 5m,HPH,0.0,7.0,11-04-2025
HPH0001,Bamboo Airways,2169925,20:05,01 thg 5,22:10,01 thg 5,2h 5m,HPH,0.0,7.0,12-04-2025
HPH0001,Bamboo Airways,2169925,20:05,01 thg 5,22:10,01 thg 5,2h 5m,HPH,0.0,7.0,13-04-2025
HPH0001,Bamboo Airways,2169925,20:05,01 thg 5,22:10,01 thg 5,2h 5m,HPH,0.0,7.0,14-04-2025
HPH0001,Bamboo Airways,2169925,20:05,01 thg 5,22:10,01 thg 5,2h 5m,HPH,0.0,7.0,15-04-2025
HPH0001,Bamboo Airways,2169925,20:05,01 thg 5,22:10,01 thg 5,2h 5m,HPH,0.0,7.0,16-04-2025
HPH0001,Bamboo Airways,2159075,20:05,01 thg 5,22:10,01 thg 5,2h 5m,HPH,0.0,7.0,17-04-2025
HPH0001,Bamboo Airways,2159075,20:05,01 thg 5,22:10,01 thg 5,2h 5m,HPH,0.0,7.0,18-04-2025
HPH0001,Bamboo Airways,2159075,20:05,01 thg 5,22:10,01 thg 5,2h 5m,HPH,0.0,7.0,19-04-2025
HPH0001,Bamboo Airways,2159075,20:05,01 thg 5,22:10,01 thg 5,2h 5m,HPH,0.0,7.0,20-04-2025
HPH0001,Bamboo Airways,2159075,20:05,01 thg 5,22:10,01 thg 5,2h 5m,HPH,0.0,7.0,21-04-2025
HPH0001,Bamboo Airways,2317999,20:05,01 thg 5,22:10,01 thg 5,2h 5m,HPH,0.0,7.0,22-04-2025
HPH0001,Bamboo Airways,2317999,20:05,01 thg 5,22:10,01 thg 5,2h 5m,HPH,0.0,7.0,23-04-2025
HPH0001,Bamboo Airways,2668833,20:05,01 thg 5,22:10,01 thg 5,2h 5m,HPH,0.0,7.0,24-04-2025
HPH0001,Bamboo Airways,2742444,20:05,01 thg 5,22:10,01 thg 5,2h 5m,HPH,0.0,7.0,26-04-2025
HPH0001,Bamboo Airways,2742444,20:05,01 thg 5,22:10,01 thg 5,2h 5m,HPH,0.0,7.0,27-04-2025
HPH0001,Bamboo Airways,2742444,20:05,01 thg 5,22:10,01 thg 5,2h 5m,HPH,0.0,7.0,28-04-2025
HPH0001,Bamboo Airways,3458396,20:05,01 thg 5,22:10,01 thg 5,2h 5m,HPH,20.0,7.0,29-04-2025
HPH0001,Bamboo Airways,3692445,20:05,01 thg 5,22:10,01 thg 5,2h 5m,HPH,20.0,7.0,30-04-2025
HPH0002,Bamboo Airways,3458396,20:05,03 thg 5,22:10,03 thg 5,2h 5m,HPH,20.0,7.0,01-05-2025
HPH0002,Bamboo Airways,3807193,20:05,03 thg 5,22:10,03 thg 5,2h 5m,HPH,20.0,7.0,02-05-2025
HPH0002,Bamboo Airways,2756225,20:05,03 thg 5,22:10,03 thg 5,2h 5m,HPH,20.0,7.0,07-04-2025
HPH0002,Bamboo Airways,3072883,20:05,03 thg 5,22:10,03 thg 5,2h 5m,HPH,20.0,7.0,13-04-2025
HPH0002,Bamboo Airways,3088325,20:05,03 thg 5,22:10,03 thg 5,2h 5m,HPH,20.0,7.0,14-04-2025
HPH0002,Bamboo Airways,3088325,20:05,03 thg 5,22:10,03 thg 5,2h 5m,HPH,20.0,7.0,15-04-2025
HPH0002,Bamboo Airways,3088325,20:05,03 thg 5,22:10,03 thg 5,2h 5m,HPH,20.0,7.0,16-04-2025
HPH0002,Bamboo Airways,3088325,20:05,03 thg 5,22:10,03 thg 5,2h 5m,HPH,20.0,7.0,17-04-2025
HPH0002,Bamboo Airways,3088325,20:05,03 thg 5,22:10,03 thg 5,2h 5m,HPH,20.0,7.0,18-04-2025
HPH0002,Bamboo Airways,3072883,20:05,03 thg 5,22:10,03 thg 5,2h 5m,HPH,20.0,7.0,19-04-2025
HPH0002,Bamboo Airways,3072883,20:05,03 thg 5,22:10,03 thg 5,2h 5m,HPH,20.0,7.0,20-04-2025
HPH0002,Bamboo Airways,3072883,20:05,03 thg 5,22:10,03 thg 5,2h 5m,HPH,20.0,7.0,21-04-2025
HPH0002,Bamboo Airways,3035259,20:05,03 thg 5,22:10,03 thg 5,2h 5m,HPH,20.0,7.0,22-04-2025
HPH0002,Bamboo Airways,3035259,20:05,03 thg 5,22:10,03 thg 5,2h 5m,HPH,20.0,7.0,23-04-2025
HPH0002,Bamboo Airways,2668833,20:05,03 thg 5,22:10,03 thg 5,2h 5m,HPH,20.0,7.0,24-04-2025
HPH0002,Bamboo Airways,3072883,20:05,03 thg 5,22:10,03 thg 5,2h 5m,HPH,20.0,7.0,25-04-2025
HPH0002,Bamboo Airways,3458396,20:05,03 thg 5,22:10,03 thg 5,2h 5m,HPH,20.0,7.0,26-04-2025
HPH0002,Bamboo Airways,3072883,20:05,03 thg 5,22:10,03 thg 5,2h 5m,HPH,20.0,7.0,27-04-2025
HPH0002,Bamboo Airways,3458396,20:05,03 thg 5,22:10,03 thg 5,2h 5m,HPH,20.0,7.0,28-04-2025
HPH0002,Bamboo Airways,3072883,20:05,03 thg 5,22:10,03 thg 5,2h 5m,HPH,20.0,7.0,29-04-2025
HPH0002,Bamboo Airways,3072883,20:05,03 thg 5,22:10,03 thg 5,2h 5m,HPH,20.0,7.0,30-04-2025
HPH0003,Bamboo Airways,2346732,20:05,05 thg 5,22:10,05 thg 5,2h 5m,HPH,0.0,7.0,01-05-2025
HPH0003,Bamboo Airways,2346732,20:05,05 thg 5,22:10,05 thg 5,2h 5m,HPH,0.0,7.0,02-05-2025
HPH0003,Bamboo Airways,2522151,20:05,05 thg 5,22:10,05 thg 5,2h 5m,HPH,0.0,7.0,03-05-2025
HPH0003,Bamboo Airways,1815275,20:05,05 thg 5,22:10,05 thg 5,2h 5m,HPH,0.0,7.0,07-04-2025
HPH0003,Bamboo Airways,1948525,20:05,05 thg 5,22:10,05 thg 5,2h 5m,HPH,0.0,7.0,15-04-2025
HPH0003,Bamboo Airways,1815275,20:05,05 thg 5,22:10,05 thg 5,2h 5m,HPH,0.0,7.0,16-04-2025
HPH0003,Bamboo Airways,1815275,20:05,05 thg 5,22:10,05 thg 5,2h 5m,HPH,0.0,7.0,17-04-2025
HPH0003,Bamboo Airways,1815275,20:05,05 thg 5,22:10,05 thg 5,2h 5m,HPH,0.0,7.0,18-04-2025
HPH0003,Bamboo Airways,1806199,20:05,05 thg 5,22:10,05 thg 5,2h 5m,HPH,0.0,7.0,19-04-2025
HPH0003,Bamboo Airways,1806199,20:05,05 thg 5,22:10,05 thg 5,2h 5m,HPH,0.0,7.0,20-04-2025
HPH0003,Bamboo Airways,1806199,20:05,05 thg 5,22:10,05 thg 5,2h 5m,HPH,0.0,7.0,21-04-2025
HPH0003,Bamboo Airways,1784083,20:05,05 thg 5,22:10,05 thg 5,2h 5m,HPH,0.0,7.0,22-04-2025
HPH0003,Bamboo Airways,1915044,20:05,05 thg 5,22:10,05 thg 5,2h 5m,HPH,0.0,7.0,23-04-2025
HPH0003,Bamboo Airways,1886743,20:05,05 thg 5,22:10,05 thg 5,2h 5m,HPH,0.0,7.0,24-04-2025
HPH0003,Bamboo Airways,1938782,20:05,05 thg 5,22:10,05 thg 5,2h 5m,HPH,0.0,7.0,25-04-2025
HPH0003,Bamboo Airways,1938782,20:05,05 thg 5,22:10,05 thg 5,2h 5m,HPH,0.0,7.0,26-04-2025
HPH0003,Bamboo Airways,1938782,20:05,05 thg 5,22:10,05 thg 5,2h 5m,HPH,0.0,7.0,27-04-2025
HPH0003,Bamboo Airways,1938782,20:05,05 thg 5,22:10,05 thg 5,2h 5m,HPH,0.0,7.0,28-04-2025
HPH0003,Bamboo Airways,2159075,20:05,05 thg 5,22:10,05 thg 5,2h 5m,HPH,0.0,7.0,29-04-2025
HPH0003,Bamboo Airways,2159075,20:05,05 thg 5,22:10,05 thg 5,2h 5m,HPH,0.0,7.0,30-04-2025
HPH0004,Bamboo Airways,1553270,20:05,07 thg 5,22:10,07 thg 5,2h 5m,HPH,0.0,7.0,01-05-2025
HPH0004,Bamboo Airways,1553270,20:05,07 thg 5,22:10,07 thg 5,2h 5m,HPH,0.0,7.0,02-05-2025
HPH0004,Bamboo Airways,1663416,20:05,07 thg 5,22:10,07 thg 5,2h 5m,HPH,0.0,7.0,03-05-2025
HPH0004,Bamboo Airways,1664423,20:05,07 thg 5,22:10,07 thg 5,2h 5m,HPH,0.0,7.0,04-05-2025
HPH0004,Bamboo Airways,1886743,20:05,07 thg 5,22:10,07 thg 5,2h 5m,HPH,0.0,7.0,05-05-2025
HPH0004,Bamboo Airways,1938782,20:05,07 thg 5,22:10,07 thg 5,2h 5m,HPH,0.0,7.0,06-05-2025
HPH0004,Bamboo Airways,1671775,20:05,07 thg 5,22:10,07 thg 5,2h 5m,HPH,0.0,7.0,07-04-2025
HPH0004,Bamboo Airways,1671775,20:05,07 thg 5,22:10,07 thg 5,2h 5m,HPH,0.0,7.0,17-04-2025
HPH0004,Bamboo Airways,1671775,20:05,07 thg 5,22:10,07 thg 5,2h 5m,HPH,0.0,7.0,18-04-2025
HPH0004,Bamboo Airways,1663416,20:05,07 thg 5,22:10,07 thg 5,2h 5m,HPH,0.0,7.0,19-04-2025
HPH0004,Bamboo Airways,1663416,20:05,07 thg 5,22:10,07 thg 5,2h 5m,HPH,0.0,7.0,20-04-2025
HPH0004,Bamboo Airways,1663416,20:05,07 thg 5,22:10,07 thg 5,2h 5m,HPH,0.0,7.0,21-04-2025
HPH0004,Bamboo Airways,1559436,20:05,07 thg 5,22:10,07 thg 5,2h 5m,HPH,0.0,7.0,22-04-2025
HPH0004,Bamboo Airways,1559436,20:05,07 thg 5,22:10,07 thg 5,2h 5m,HPH,0.0,7.0,23-04-2025
HPH0004,Bamboo Airways,1536390,20:05,07 thg 5,22:10,07 thg 5,2h 5m,HPH,0.0,7.0,24-04-2025
HPH0004,Bamboo Airways,1663416,20:05,07 thg 5,22:10,07 thg 5,2h 5m,HPH,0.0,7.0,25-04-2025
HPH0004,Bamboo Airways,1806199,20:05,07 thg 5,22:10,07 thg 5,2h 5m,HPH,0.0,7.0,26-04-2025
HPH0004,Bamboo Airways,1806199,20:05,07 thg 5,22:10,07 thg 5,2h 5m,HPH,0.0,7.0,27-04-2025
HPH0004,Bamboo Airways,1806199,20:05,07 thg 5,22:10,07 thg 5,2h 5m,HPH,0.0,7.0,28-04-2025
HPH0004,Bamboo Airways,1663416,20:05,07 thg 5,22:10,07 thg 5,2h 5m,HPH,0.0,7.0,29-04-2025
HPH0004,Bamboo Airways,1663416,20:05,07 thg 5,22:10,07 thg 5,2h 5m,HPH,0.0,7.0,30-04-2025
HPH0005,Bamboo Airways,1663416,20:05,09 thg 5,22:10,09 thg 5,2h 5m,HPH,0.0,7.0,01-05-2025
HPH0005,Bamboo Airways,1663416,20:05,09 thg 5,22:10,09 thg 5,2h 5m,HPH,0.0,7.0,02-05-2025
HPH0005,Bamboo Airways,1663416,20:05,09 thg 5,22:10,09 thg 5,2h 5m,HPH,0.0,7.0,03-05-2025
HPH0005,Bamboo Airways,1664423,20:05,09 thg 5,22:10,09 thg 5,2h 5m,HPH,0.0,7.0,04-05-2025
HPH0005,Bamboo Airways,1664423,20:05,09 thg 5,22:10,09 thg 5,2h 5m,HPH,0.0,7.0,05-05-2025
HPH0005,Bamboo Airways,2159075,20:05,09 thg 5,22:10,09 thg 5,2h 5m,HPH,0.0,7.0,06-05-2025
HPH0005,Bamboo Airways,1671775,20:05,09 thg 5,22:10,09 thg 5,2h 5m,HPH,0.0,7.0,07-04-2025
HPH0005,Bamboo Airways,2159075,20:05,09 thg 5,22:10,09 thg 5,2h 5m,HPH,0.0,7.0,07-05-2025
HPH0005,Bamboo Airways,2286251,20:05,09 thg 5,22:10,09 thg 5,2h 5m,HPH,0.0,7.0,08-05-2025
HPH0005,Bamboo Airways,1815275,20:05,09 thg 5,22:10,09 thg 5,2h 5m,HPH,0.0,7.0,19-04-2025
HPH0005,Bamboo Airways,1806199,20:05,09 thg 5,22:10,09 thg 5,2h 5m,HPH,0.0,7.0,20-04-2025
HPH0005,Bamboo Airways,1806199,20:05,09 thg 5,22:10,09 thg 5,2h 5m,HPH,0.0,7.0,21-04-2025
HPH0005,Bamboo Airways,1702155,20:05,09 thg 5,22:10,09 thg 5,2h 5m,HPH,0.0,7.0,22-04-2025
HPH0005,Bamboo Airways,1677000,20:05,09 thg 5,22:10,09 thg 5,2h 5m,HPH,0.0,7.0,23-04-2025
HPH0005,Bamboo Airways,1677000,20:05,09 thg 5,22:10,09 thg 5,2h 5m,HPH,0.0,7.0,24-04-2025
HPH0005,Bamboo Airways,1806199,20:05,09 thg 5,22:10,09 thg 5,2h 5m,HPH,0.0,7.0,25-04-2025
HPH0005,Bamboo Airways,1806199,20:05,09 thg 5,22:10,09 thg 5,2h 5m,HPH,0.0,7.0,26-04-2025
HPH0005,Bamboo Airways,1806199,20:05,09 thg 5,22:10,09 thg 5,2h 5m,HPH,0.0,7.0,27-04-2025
HPH0005,Bamboo Airways,1806199,20:05,09 thg 5,22:10,09 thg 5,2h 5m,HPH,0.0,7.0,28-04-2025
HPH0005,Bamboo Airways,1806199,20:05,09 thg 5,22:10,09 thg 5,2h 5m,HPH,0.0,7.0,29-04-2025
HPH0005,Bamboo Airways,1663416,20:05,09 thg 5,22:10,09 thg 5,2h 5m,HPH,0.0,7.0,30-04-2025
HPH0006,Bamboo Airways,1553270,20:05,11 thg 5,22:10,11 thg 5,2h 5m,HPH,0.0,7.0,01-05-2025
HPH0006,Bamboo Airways,1553270,20:05,11 thg 5,22:10,11 thg 5,2h 5m,HPH,0.0,7.0,02-05-2025
HPH0006,Bamboo Airways,1553270,20:05,11 thg 5,22:10,11 thg 5,2h 5m,HPH,0.0,7.0,03-05-2025
HPH0006,Bamboo Airways,1536390,20:05,11 thg 5,22:10,11 thg 5,2h 5m,HPH,0.0,7.0,04-05-2025
HPH0006,Bamboo Airways,1437140,20:05,11 thg 5,22:10,11 thg 5,2h 5m,HPH,0.0,7.0,05-05-2025
HPH0006,Bamboo Airways,1806199,20:05,11 thg 5,22:10,11 thg 5,2h 5m,HPH,0.0,7.0,06-05-2025
HPH0006,Bamboo Airways,1815275,20:05,11 thg 5,22:10,11 thg 5,2h 5m,HPH,0.0,7.0,07-04-2025
HPH0006,Bamboo Airways,1938782,20:05,11 thg 5,22:10,11 thg 5,2h 5m,HPH,0.0,7.0,07-05-2025
HPH0006,Bamboo Airways,1938782,20:05,11 thg 5,22:10,11 thg 5,2h 5m,HPH,0.0,7.0,08-05-2025
HPH0006,Bamboo Airways,2159075,20:05,11 thg 5,22:10,11 thg 5,2h 5m,HPH,0.0,7.0,09-05-2025
HPH0006,Bamboo Airways,2346732,20:05,11 thg 5,22:10,11 thg 5,2h 5m,HPH,0.0,7.0,10-05-2025
HPH0006,Bamboo Airways,1663416,20:05,11 thg 5,22:10,11 thg 5,2h 5m,HPH,0.0,7.0,21-04-2025
HPH0006,Bamboo Airways,1559436,20:05,11 thg 5,22:10,11 thg 5,2h 5m,HPH,0.0,7.0,22-04-2025
HPH0006,Bamboo Airways,1677000,20:05,11 thg 5,22:10,11 thg 5,2h 5m,HPH,0.0,7.0,23-04-2025
HPH0006,Bamboo Airways,1677000,20:05,11 thg 5,22:10,11 thg 5,2h 5m,HPH,0.0,7.0,24-04-2025
HPH0006,Bamboo Airways,1938782,20:05,11 thg 5,22:10,11 thg 5,2h 5m,HPH,0.0,7.0,26-04-2025
HPH0006,Bamboo Airways,1938782,20:05,11 thg 5,22:10,11 thg 5,2h 5m,HPH,0.0,7.0,27-04-2025
HPH0006,Bamboo Airways,1663416,20:05,11 thg 5,22:10,11 thg 5,2h 5m,HPH,0.0,7.0,30-04-2025
HPH0007,Bamboo Airways,1663416,20:05,21 thg 4,22:10,21 thg 4,2h 5m,HPH,0.0,7.0,07-04-2025
HPH0007,Bamboo Airways,1663416,20:05,21 thg 4,22:10,21 thg 4,2h 5m,HPH,0.0,7.0,08-04-2025
HPH0007,Bamboo Airways,1663416,20:05,21 thg 4,22:10,21 thg 4,2h 5m,HPH,0.0,7.0,09-04-2025
HPH0007,Bamboo Airways,1663416,20:05,21 thg 4,22:10,21 thg 4,2h 5m,HPH,0.0,7.0,10-04-2025
HPH0007,Bamboo Airways,1806199,20:05,21 thg 4,22:10,21 thg 4,2h 5m,HPH,0.0,7.0,11-04-2025
HPH0007,Bamboo Airways,1806199,20:05,21 thg 4,22:10,21 thg 4,2h 5m,HPH,0.0,7.0,12-04-2025
HPH0007,Bamboo Airways,1806199,20:05,21 thg 4,22:10,21 thg 4,2h 5m,HPH,0.0,7.0,13-04-2025
HPH0007,Bamboo Airways,1806199,20:05,21 thg 4,22:10,21 thg 4,2h 5m,HPH,0.0,7.0,14-04-2025
HPH0007,Bamboo Airways,1806199,20:05,21 thg 4,22:10,21 thg 4,2h 5m,HPH,0.0,7.0,15-04-2025
HPH0007,Bamboo Airways,1806199,20:05,21 thg 4,22:10,21 thg 4,2h 5m,HPH,0.0,7.0,17-04-2025
HPH0007,Bamboo Airways,1806199,20:05,21 thg 4,22:10,21 thg 4,2h 5m,HPH,0.0,7.0,18-04-2025
HPH0007,Bamboo Airways,1806199,20:05,21 thg 4,22:10,21 thg 4,2h 5m,HPH,0.0,7.0,19-04-2025
HPH0007,Bamboo Airways,1938782,20:05,21 thg 4,22:10,21 thg 4,2h 5m,HPH,0.0,7.0,20-04-2025
HPH0008,Bamboo Airways,1561075,20:05,23 thg 4,22:10,23 thg 4,2h 5m,HPH,0.0,7.0,07-04-2025
HPH0008,Bamboo Airways,1671775,20:05,23 thg 4,22:10,23 thg 4,2h 5m,HPH,0.0,7.0,08-04-2025
HPH0008,Bamboo Airways,1663416,20:05,23 thg 4,22:10,23 thg 4,2h 5m,HPH,0.0,7.0,09-04-2025
HPH0008,Bamboo Airways,1663416,20:05,23 thg 4,22:10,23 thg 4,2h 5m,HPH,0.0,7.0,10-04-2025
HPH0008,Bamboo Airways,1663416,20:05,23 thg 4,22:10,23 thg 4,2h 5m,HPH,0.0,7.0,11-04-2025
HPH0008,Bamboo Airways,1663416,20:05,23 thg 4,22:10,23 thg 4,2h 5m,HPH,0.0,7.0,12-04-2025
HPH0008,Bamboo Airways,1663416,20:05,23 thg 4,22:10,23 thg 4,2h 5m,HPH,0.0,7.0,13-04-2025
HPH0008,Bamboo Airways,1663416,20:05,23 thg 4,22:10,23 thg 4,2h 5m,HPH,0.0,7.0,14-04-2025
HPH0008,Bamboo Airways,1663416,20:05,23 thg 4,22:10,23 thg 4,2h 5m,HPH,0.0,7.0,15-04-2025
HPH0008,Bamboo Airways,1663416,20:05,23 thg 4,22:10,23 thg 4,2h 5m,HPH,0.0,7.0,16-04-2025
HPH0008,Bamboo Airways,1663416,20:05,23 thg 4,22:10,23 thg 4,2h 5m,HPH,0.0,7.0,17-04-2025
HPH0008,Bamboo Airways,1806199,20:05,23 thg 4,22:10,23 thg 4,2h 5m,HPH,0.0,7.0,18-04-2025
HPH0008,Bamboo Airways,1663416,20:05,23 thg 4,22:10,23 thg 4,2h 5m,HPH,0.0,7.0,19-04-2025
HPH0008,Bamboo Airways,1663416,20:05,23 thg 4,22:10,23 thg 4,2h 5m,HPH,0.0,7.0,20-04-2025
HPH0008,Bamboo Airways,1663416,20:05,23 thg 4,22:10,23 thg 4,2h 5m,HPH,0.0,7.0,21-04-2025
HPH0008,Bamboo Airways,2104168,20:05,23 thg 4,22:10,23 thg 4,2h 5m,HPH,0.0,7.0,22-04-2025
HPH0009,Bamboo Airways,1938782,20:05,25 thg 4,22:10,25 thg 4,2h 5m,HPH,0.0,7.0,07-04-2025
HPH0009,Bamboo Airways,1938782,20:05,25 thg 4,22:10,25 thg 4,2h 5m,HPH,0.0,7.0,08-04-2025
HPH0009,Bamboo Airways,1948525,20:05,25 thg 4,22:10,25 thg 4,2h 5m,HPH,0.0,7.0,09-04-2025
HPH0009,Bamboo Airways,1948525,20:05,25 thg 4,22:10,25 thg 4,2h 5m,HPH,0.0,7.0,10-04-2025
HPH0009,Bamboo Airways,1938782,20:05,25 thg 4,22:10,25 thg 4,2h 5m,HPH,0.0,7.0,11-04-2025
HPH0009,Bamboo Airways,1938782,20:05,25 thg 4,22:10,25 thg 4,2h 5m,HPH,0.0,7.0,12-04-2025
HPH0009,Bamboo Airways,1938782,20:05,25 thg 4,22:10,25 thg 4,2h 5m,HPH,0.0,7.0,13-04-2025
HPH0009,Bamboo Airways,1938782,20:05,25 thg 4,22:10,25 thg 4,2h 5m,HPH,0.0,7.0,14-04-2025
HPH0009,Bamboo Airways,1938782,20:05,25 thg 4,22:10,25 thg 4,2h 5m,HPH,0.0,7.0,15-04-2025
HPH0009,Bamboo Airways,1938782,20:05,25 thg 4,22:10,25 thg 4,2h 5m,HPH,0.0,7.0,16-04-2025
HPH0009,Bamboo Airways,1806199,20:05,25 thg 4,22:10,25 thg 4,2h 5m,HPH,0.0,7.0,17-04-2025
HPH0009,Bamboo Airways,1938782,20:05,25 thg 4,22:10,25 thg 4,2h 5m,HPH,0.0,7.0,18-04-2025
HPH0009,Bamboo Airways,1806199,20:05,25 thg 4,22:10,25 thg 4,2h 5m,HPH,0.0,7.0,19-04-2025
HPH0009,Bamboo Airways,1806199,20:05,25 thg 4,22:10,25 thg 4,2h 5m,HPH,0.0,7.0,20-04-2025
HPH0009,Bamboo Airways,1806199,20:05,25 thg 4,22:10,25 thg 4,2h 5m,HPH,0.0,7.0,21-04-2025
HPH0009,Bamboo Airways,2132639,20:05,25 thg 4,22:10,25 thg 4,2h 5m,HPH,0.0,7.0,22-04-2025
HPH0009,Bamboo Airways,2132639,20:05,25 thg 4,22:10,25 thg 4,2h 5m,HPH,0.0,7.0,23-04-2025
HPH0009,Bamboo Airways,2283743,20:05,25 thg 4,22:10,25 thg 4,2h 5m,HPH,0.0,7.0,24-04-2025
HPH0010,Bamboo Airways,1815275,20:05,27 thg 4,22:10,27 thg 4,2h 5m,HPH,0.0,7.0,07-04-2025
HPH0010,Bamboo Airways,1815275,20:05,27 thg 4,22:10,27 thg 4,2h 5m,HPH,0.0,7.0,08-04-2025
HPH0010,Bamboo Airways,1815275,20:05,27 thg 4,22:10,27 thg 4,2h 5m,HPH,0.0,7.0,09-04-2025
HPH0010,Bamboo Airways,1815275,20:05,27 thg 4,22:10,27 thg 4,2h 5m,HPH,0.0,7.0,10-04-2025
HPH0010,Bamboo Airways,1815275,20:05,27 thg 4,22:10,27 thg 4,2h 5m,HPH,0.0,7.0,11-04-2025
HPH0010,Bamboo Airways,1815275,20:05,27 thg 4,22:10,27 thg 4,2h 5m,HPH,0.0,7.0,12-04-2025
HPH0010,Bamboo Airways,1806199,20:05,27 thg 4,22:10,27 thg 4,2h 5m,HPH,0.0,7.0,13-04-2025
HPH0010,Bamboo Airways,1806199,20:05,27 thg 4,22:10,27 thg 4,2h 5m,HPH,0.0,7.0,14-04-2025
HPH0010,Bamboo Airways,1806199,20:05,27 thg 4,22:10,27 thg 4,2h 5m,HPH,0.0,7.0,15-04-2025
HPH0010,Bamboo Airways,1806199,20:05,27 thg 4,22:10,27 thg 4,2h 5m,HPH,0.0,7.0,16-04-2025
HPH0010,Bamboo Airways,1806199,20:05,27 thg 4,22:10,27 thg 4,2h 5m,HPH,0.0,7.0,17-04-2025
HPH0010,Bamboo Airways,1806199,20:05,27 thg 4,22:10,27 thg 4,2h 5m,HPH,0.0,7.0,18-04-2025
HPH0010,Bamboo Airways,1806199,20:05,27 thg 4,22:10,27 thg 4,2h 5m,HPH,0.0,7.0,19-04-2025
HPH0010,Bamboo Airways,1806199,20:05,27 thg 4,22:10,27 thg 4,2h 5m,HPH,0.0,7.0,20-04-2025
HPH0010,Bamboo Airways,1806199,20:05,27 thg 4,22:10,27 thg 4,2h 5m,HPH,0.0,7.0,21-04-2025
HPH0010,Bamboo Airways,1689389,20:05,27 thg 4,22:10,27 thg 4,2h 5m,HPH,0.0,7.0,22-04-2025
HPH0010,Bamboo Airways,1689389,20:05,27 thg 4,22:10,27 thg 4,2h 5m,HPH,0.0,7.0,23-04-2025
HPH0010,Bamboo Airways,1886743,20:05,27 thg 4,22:10,27 thg 4,2h 5m,HPH,0.0,7.0,24-04-2025
HPH0010,Bamboo Airways,1938782,20:05,27 thg 4,22:10,27 thg 4,2h 5m,HPH,0.0,7.0,25-04-2025
HPH0010,Bamboo Airways,2159075,20:05,27 thg 4,22:10,27 thg 4,2h 5m,HPH,0.0,7.0,26-04-2025
HPH0011,Bamboo Airways,1815275,20:05,28 thg 4,22:10,28 thg 4,2h 5m,HPH,0.0,7.0,07-04-2025
HPH0011,Bamboo Airways,1815275,20:05,28 thg 4,22:10,28 thg 4,2h 5m,HPH,0.0,7.0,08-04-2025
HPH0011,Bamboo Airways,1815275,20:05,28 thg 4,22:10,28 thg 4,2h 5m,HPH,0.0,7.0,09-04-2025
HPH0011,Bamboo Airways,1815275,20:05,28 thg 4,22:10,28 thg 4,2h 5m,HPH,0.0,7.0,10-04-2025
HPH0011,Bamboo Airways,1815275,20:05,28 thg 4,22:10,28 thg 4,2h 5m,HPH,0.0,7.0,11-04-2025
HPH0011,Bamboo Airways,1815275,20:05,28 thg 4,22:10,28 thg 4,2h 5m,HPH,0.0,7.0,12-04-2025
HPH0011,Bamboo Airways,1948525,20:05,28 thg 4,22:10,28 thg 4,2h 5m,HPH,0.0,7.0,13-04-2025
HPH0011,Bamboo Airways,1938782,20:05,28 thg 4,22:10,28 thg 4,2h 5m,HPH,0.0,7.0,14-04-2025
HPH0011,Bamboo Airways,1806199,20:05,28 thg 4,22:10,28 thg 4,2h 5m,HPH,0.0,7.0,15-04-2025
HPH0011,Bamboo Airways,1806199,20:05,28 thg 4,22:10,28 thg 4,2h 5m,HPH,0.0,7.0,17-04-2025
HPH0011,Bamboo Airways,1806199,20:05,28 thg 4,22:10,28 thg 4,2h 5m,HPH,0.0,7.0,18-04-2025
HPH0011,Bamboo Airways,1938782,20:05,28 thg 4,22:10,28 thg 4,2h 5m,HPH,0.0,7.0,19-04-2025
HPH0011,Bamboo Airways,1806199,20:05,28 thg 4,22:10,28 thg 4,2h 5m,HPH,0.0,7.0,20-04-2025
HPH0011,Bamboo Airways,1938782,20:05,28 thg 4,22:10,28 thg 4,2h 5m,HPH,0.0,7.0,21-04-2025
HPH0011,Bamboo Airways,1915044,20:05,28 thg 4,22:10,28 thg 4,2h 5m,HPH,0.0,7.0,22-04-2025
HPH0011,Bamboo Airways,1915044,20:05,28 thg 4,22:10,28 thg 4,2h 5m,HPH,0.0,7.0,23-04-2025
HPH0011,Bamboo Airways,1886743,20:05,28 thg 4,22:10,28 thg 4,2h 5m,HPH,0.0,7.0,24-04-2025
HPH0011,Bamboo Airways,1938782,20:05,28 thg 4,22:10,28 thg 4,2h 5m,HPH,0.0,7.0,25-04-2025
HPH0011,Bamboo Airways,1938782,20:05,28 thg 4,22:10,28 thg 4,2h 5m,HPH,0.0,7.0,26-04-2025
HPH0011,Bamboo Airways,2292738,20:05,28 thg 4,22:10,28 thg 4,2h 5m,HPH,0.0,7.0,27-04-2025
HPH0012,VietJet Air,2027000,04:30,01 thg 5,06:30,01 thg 5,2h 0m,HPH,0.0,7.0,07-04-2025
HPH0012,VietJet Air,1746000,04:30,01 thg 5,06:30,01 thg 5,2h 0m,HPH,0.0,7.0,11-04-2025
HPH0012,VietJet Air,1734000,04:30,01 thg 5,06:30,01 thg 5,2h 0m,HPH,0.0,7.0,12-04-2025
HPH0012,VietJet Air,1738265,04:30,01 thg 5,06:30,01 thg 5,2h 0m,HPH,0.0,7.0,13-04-2025
HPH0012,VietJet Air,1691760,04:30,01 thg 5,06:30,01 thg 5,2h 0m,HPH,0.0,7.0,14-04-2025
HPH0012,VietJet Air,1696748,04:30,01 thg 5,06:30,01 thg 5,2h 0m,HPH,0.0,7.0,15-04-2025
HPH0012,VietJet Air,1737645,04:30,01 thg 5,06:30,01 thg 5,2h 0m,HPH,0.0,7.0,16-04-2025
HPH0012,VietJet Air,1841385,04:30,01 thg 5,06:30,01 thg 5,2h 0m,HPH,0.0,7.0,17-04-2025
HPH0012,VietJet Air,1841385,04:30,01 thg 5,06:30,01 thg 5,2h 0m,HPH,0.0,7.0,18-04-2025
HPH0012,VietJet Air,1866323,04:30,01 thg 5,06:30,01 thg 5,2h 0m,HPH,0.0,7.0,19-04-2025
HPH0012,VietJet Air,1857345,04:30,01 thg 5,06:30,01 thg 5,2h 0m,HPH,0.0,7.0,20-04-2025
HPH0012,VietJet Air,1859340,04:30,01 thg 5,06:30,01 thg 5,2h 0m,HPH,0.0,7.0,21-04-2025
HPH0012,VietJet Air,2038890,04:30,01 thg 5,06:30,01 thg 5,2h 0m,HPH,0.0,7.0,22-04-2025
HPH0012,VietJet Air,2040885,04:30,01 thg 5,06:30,01 thg 5,2h 0m,HPH,0.0,7.0,23-04-2025
HPH0012,VietJet Air,2045873,04:30,01 thg 5,06:30,01 thg 5,2h 0m,HPH,0.0,7.0,24-04-2025
HPH0012,VietJet Air,2028915,04:30,01 thg 5,06:30,01 thg 5,2h 0m,HPH,0.0,7.0,26-04-2025
HPH0013,VietJet Air,3212660,04:30,02 thg 5,06:30,02 thg 5,2h 0m,HPH,0.0,7.0,01-05-2025
HPH0013,VietJet Air,2033000,04:30,02 thg 5,06:30,02 thg 5,2h 0m,HPH,0.0,7.0,07-04-2025
HPH0013,VietJet Air,1734000,04:30,02 thg 5,06:30,02 thg 5,2h 0m,HPH,0.0,7.0,12-04-2025
HPH0013,VietJet Air,1738265,04:30,02 thg 5,06:30,02 thg 5,2h 0m,HPH,0.0,7.0,13-04-2025
HPH0013,VietJet Air,1691760,04:30,02 thg 5,06:30,02 thg 5,2h 0m,HPH,0.0,7.0,14-04-2025
HPH0013,VietJet Air,1811460,04:30,02 thg 5,06:30,02 thg 5,2h 0m,HPH,0.0,7.0,15-04-2025
HPH0013,VietJet Air,1860338,04:30,02 thg 5,06:30,02 thg 5,2h 0m,HPH,0.0,7.0,17-04-2025
HPH0013,VietJet Air,1841385,04:30,02 thg 5,06:30,02 thg 5,2h 0m,HPH,0.0,7.0,18-04-2025
HPH0013,VietJet Air,2036895,04:30,02 thg 5,06:30,02 thg 5,2h 0m,HPH,0.0,7.0,19-04-2025
HPH0013,VietJet Air,2031908,04:30,02 thg 5,06:30,02 thg 5,2h 0m,HPH,0.0,7.0,20-04-2025
HPH0013,VietJet Air,2031908,04:30,02 thg 5,06:30,02 thg 5,2h 0m,HPH,0.0,7.0,21-04-2025
HPH0013,VietJet Air,2038890,04:30,02 thg 5,06:30,02 thg 5,2h 0m,HPH,0.0,7.0,22-04-2025
HPH0013,VietJet Air,2212455,04:30,02 thg 5,06:30,02 thg 5,2h 0m,HPH,0.0,7.0,23-04-2025
HPH0013,VietJet Air,2224425,04:30,02 thg 5,06:30,02 thg 5,2h 0m,HPH,0.0,7.0,24-04-2025
HPH0013,VietJet Air,2035898,04:30,02 thg 5,06:30,02 thg 5,2h 0m,HPH,0.0,7.0,25-04-2025
HPH0013,VietJet Air,2196495,04:30,02 thg 5,06:30,02 thg 5,2h 0m,HPH,0.0,7.0,26-04-2025
HPH0013,VietJet Air,2358090,04:30,02 thg 5,06:30,02 thg 5,2h 0m,HPH,0.0,7.0,27-04-2025
HPH0013,VietJet Air,2553600,04:30,02 thg 5,06:30,02 thg 5,2h 0m,HPH,0.0,7.0,28-04-2025
HPH0013,VietJet Air,2799983,04:30,02 thg 5,06:30,02 thg 5,2h 0m,HPH,0.0,7.0,29-04-2025
HPH0013,VietJet Air,3054462,04:30,02 thg 5,06:30,02 thg 5,2h 0m,HPH,0.0,7.0,30-04-2025
HPH0014,VietJet Air,3054299,04:30,03 thg 5,06:30,03 thg 5,2h 0m,HPH,0.0,7.0,01-05-2025
HPH0014,VietJet Air,3496930,04:30,03 thg 5,06:30,03 thg 5,2h 0m,HPH,0.0,7.0,02-05-2025
HPH0014,VietJet Air,3726660,04:30,03 thg 5,06:30,03 thg 5,2h 0m,HPH,0.0,7.0,14-04-2025
HPH0014,VietJet Air,3091253,04:30,03 thg 5,06:30,03 thg 5,2h 0m,HPH,0.0,7.0,15-04-2025
HPH0014,VietJet Air,3113198,04:30,03 thg 5,06:30,03 thg 5,2h 0m,HPH,0.0,7.0,16-04-2025
HPH0014,VietJet Air,3118185,04:30,03 thg 5,06:30,03 thg 5,2h 0m,HPH,0.0,7.0,17-04-2025
HPH0014,VietJet Air,1862333,04:30,03 thg 5,06:30,03 thg 5,2h 0m,HPH,0.0,7.0,18-04-2025
HPH0014,VietJet Air,1866323,04:30,03 thg 5,06:30,03 thg 5,2h 0m,HPH,0.0,7.0,19-04-2025
HPH0014,VietJet Air,2031908,04:30,03 thg 5,06:30,03 thg 5,2h 0m,HPH,0.0,7.0,20-04-2025
HPH0014,VietJet Air,2031908,04:30,03 thg 5,06:30,03 thg 5,2h 0m,HPH,0.0,7.0,21-04-2025
HPH0014,VietJet Air,2211458,04:30,03 thg 5,06:30,03 thg 5,2h 0m,HPH,0.0,7.0,22-04-2025
HPH0014,VietJet Air,2211458,04:30,03 thg 5,06:30,03 thg 5,2h 0m,HPH,0.0,7.0,23-04-2025
HPH0014,VietJet Air,2392005,04:30,03 thg 5,06:30,03 thg 5,2h 0m,HPH,0.0,7.0,24-04-2025
HPH0014,VietJet Air,2383028,04:30,03 thg 5,06:30,03 thg 5,2h 0m,HPH,0.0,7.0,25-04-2025
HPH0014,VietJet Air,2569560,04:30,03 thg 5,06:30,03 thg 5,2h 0m,HPH,0.0,7.0,26-04-2025
HPH0014,VietJet Air,2558588,04:30,03 thg 5,06:30,03 thg 5,2h 0m,HPH,0.0,7.0,27-04-2025
HPH0014,VietJet Air,2783025,04:30,03 thg 5,06:30,03 thg 5,2h 0m,HPH,0.0,7.0,28-04-2025
HPH0014,VietJet Air,2774048,04:30,03 thg 5,06:30,03 thg 5,2h 0m,HPH,0.0,7.0,29-04-2025
HPH0014,VietJet Air,3054462,04:30,03 thg 5,06:30,03 thg 5,2h 0m,HPH,0.0,7.0,30-04-2025
HPH0015,VietJet Air,3054299,04:30,04 thg 5,06:30,04 thg 5,2h 0m,HPH,0.0,7.0,01-05-2025
HPH0015,VietJet Air,3496930,04:30,04 thg 5,06:30,04 thg 5,2h 0m,HPH,0.0,7.0,02-05-2025
HPH0015,VietJet Air,2197000,04:30,04 thg 5,06:30,04 thg 5,2h 0m,HPH,0.0,7.0,07-04-2025
HPH0015,VietJet Air,2333153,04:30,04 thg 5,06:30,04 thg 5,2h 0m,HPH,0.0,7.0,14-04-2025
HPH0015,VietJet Air,2340135,04:30,04 thg 5,06:30,04 thg 5,2h 0m,HPH,0.0,7.0,15-04-2025
HPH0015,VietJet Air,2367068,04:30,04 thg 5,06:30,04 thg 5,2h 0m,HPH,0.0,7.0,16-04-2025
HPH0015,VietJet Air,2367068,04:30,04 thg 5,06:30,04 thg 5,2h 0m,HPH,0.0,7.0,17-04-2025
HPH0015,VietJet Air,2368065,04:30,04 thg 5,06:30,04 thg 5,2h 0m,HPH,0.0,7.0,18-04-2025
HPH0015,VietJet Air,2811953,04:30,04 thg 5,06:30,04 thg 5,2h 0m,HPH,0.0,7.0,19-04-2025
HPH0015,VietJet Air,2802975,04:30,04 thg 5,06:30,04 thg 5,2h 0m,HPH,0.0,7.0,20-04-2025
HPH0015,VietJet Air,2802975,04:30,04 thg 5,06:30,04 thg 5,2h 0m,HPH,0.0,7.0,21-04-2025
HPH0015,VietJet Air,3130155,04:30,04 thg 5,06:30,04 thg 5,2h 0m,HPH,0.0,7.0,22-04-2025
HPH0015,VietJet Air,2821928,04:30,04 thg 5,06:30,04 thg 5,2h 0m,HPH,0.0,7.0,23-04-2025
HPH0015,VietJet Air,2823923,04:30,04 thg 5,06:30,04 thg 5,2h 0m,HPH,0.0,7.0,24-04-2025
HPH0015,VietJet Air,2814945,04:30,04 thg 5,06:30,04 thg 5,2h 0m,HPH,0.0,7.0,25-04-2025
HPH0015,VietJet Air,2796990,04:30,04 thg 5,06:30,04 thg 5,2h 0m,HPH,0.0,7.0,26-04-2025
HPH0015,VietJet Air,2785020,04:30,04 thg 5,06:30,04 thg 5,2h 0m,HPH,0.0,7.0,27-04-2025
HPH0015,VietJet Air,2783025,04:30,04 thg 5,06:30,04 thg 5,2h 0m,HPH,0.0,7.0,28-04-2025
HPH0015,VietJet Air,3055239,04:30,04 thg 5,06:30,04 thg 5,2h 0m,HPH,0.0,7.0,29-04-2025
HPH0015,VietJet Air,3054462,04:30,04 thg 5,06:30,04 thg 5,2h 0m,HPH,0.0,7.0,30-04-2025
HPH0016,VietJet Air,2862005,04:30,05 thg 5,06:30,05 thg 5,2h 0m,HPH,0.0,7.0,01-05-2025
HPH0016,VietJet Air,2863221,04:30,05 thg 5,06:30,05 thg 5,2h 0m,HPH,0.0,7.0,02-05-2025
HPH0016,VietJet Air,2779035,04:30,05 thg 5,06:30,05 thg 5,2h 0m,HPH,0.0,7.0,03-05-2025
HPH0016,VietJet Air,1743000,04:30,05 thg 5,06:30,05 thg 5,2h 0m,HPH,0.0,7.0,07-04-2025
HPH0016,VietJet Air,1813455,04:30,05 thg 5,06:30,05 thg 5,2h 0m,HPH,0.0,7.0,15-04-2025
HPH0016,VietJet Air,1851360,04:30,05 thg 5,06:30,05 thg 5,2h 0m,HPH,0.0,7.0,16-04-2025
HPH0016,VietJet Air,2016971,04:30,05 thg 5,06:30,05 thg 5,2h 0m,HPH,0.0,7.0,17-04-2025
HPH0016,VietJet Air,2016945,04:30,05 thg 5,06:30,05 thg 5,2h 0m,HPH,0.0,7.0,18-04-2025
HPH0016,VietJet Air,2036895,04:30,05 thg 5,06:30,05 thg 5,2h 0m,HPH,0.0,7.0,19-04-2025
HPH0016,VietJet Air,2031908,04:30,05 thg 5,06:30,05 thg 5,2h 0m,HPH,0.0,7.0,20-04-2025
HPH0016,VietJet Air,2033903,04:30,05 thg 5,06:30,05 thg 5,2h 0m,HPH,0.0,7.0,21-04-2025
HPH0016,VietJet Air,2040885,04:30,05 thg 5,06:30,05 thg 5,2h 0m,HPH,0.0,7.0,22-04-2025
HPH0016,VietJet Air,2043878,04:30,05 thg 5,06:30,05 thg 5,2h 0m,HPH,0.0,7.0,23-04-2025
HPH0016,VietJet Air,2045873,04:30,05 thg 5,06:30,05 thg 5,2h 0m,HPH,0.0,7.0,24-04-2025
HPH0016,VietJet Air,2036895,04:30,05 thg 5,06:30,05 thg 5,2h 0m,HPH,0.0,7.0,25-04-2025
HPH0016,VietJet Air,2194500,04:30,05 thg 5,06:30,05 thg 5,2h 0m,HPH,0.0,7.0,26-04-2025
HPH0016,VietJet Air,2183528,04:30,05 thg 5,06:30,05 thg 5,2h 0m,HPH,0.0,7.0,27-04-2025
HPH0016,VietJet Air,2354615,04:30,05 thg 5,06:30,05 thg 5,2h 0m,HPH,0.0,7.0,28-04-2025
HPH0016,VietJet Air,2636586,04:30,05 thg 5,06:30,05 thg 5,2h 0m,HPH,0.0,7.0,29-04-2025
HPH0016,VietJet Air,2862157,04:30,05 thg 5,06:30,05 thg 5,2h 0m,HPH,0.0,7.0,30-04-2025
HPH0017,VietJet Air,1889220,04:30,06 thg 5,06:30,06 thg 5,2h 0m,HPH,0.0,7.0,01-05-2025
HPH0017,VietJet Air,1890023,04:30,06 thg 5,06:30,06 thg 5,2h 0m,HPH,0.0,7.0,02-05-2025
HPH0017,VietJet Air,1890023,04:30,06 thg 5,06:30,06 thg 5,2h 0m,HPH,0.0,7.0,03-05-2025
HPH0017,VietJet Air,1890105,04:30,06 thg 5,06:30,06 thg 5,2h 0m,HPH,0.0,7.0,04-05-2025
HPH0017,VietJet Air,3799478,04:30,06 thg 5,06:25,06 thg 5,1h 55m,HPH,0.0,7.0,05-05-2025
HPH0017,VietJet Air,1593000,04:30,06 thg 5,06:30,06 thg 5,2h 0m,HPH,0.0,7.0,07-04-2025
HPH0017,VietJet Air,1775702,04:30,06 thg 5,06:30,06 thg 5,2h 0m,HPH,0.0,7.0,16-04-2025
HPH0017,VietJet Air,1577048,04:30,06 thg 5,06:30,06 thg 5,2h 0m,HPH,0.0,7.0,17-04-2025
HPH0017,VietJet Air,1578045,04:30,06 thg 5,06:30,06 thg 5,2h 0m,HPH,0.0,7.0,18-04-2025
HPH0017,VietJet Air,1606973,04:30,06 thg 5,06:30,06 thg 5,2h 0m,HPH,0.0,7.0,19-04-2025
HPH0017,VietJet Air,1615950,04:30,06 thg 5,06:30,06 thg 5,2h 0m,HPH,0.0,7.0,20-04-2025
HPH0017,VietJet Air,1595637,04:30,06 thg 5,06:30,06 thg 5,2h 0m,HPH,0.0,7.0,21-04-2025
HPH0017,VietJet Air,1753605,04:30,06 thg 5,06:30,06 thg 5,2h 0m,HPH,0.0,7.0,22-04-2025
HPH0017,VietJet Air,1746623,04:30,06 thg 5,06:30,06 thg 5,2h 0m,HPH,0.0,7.0,23-04-2025
HPH0017,VietJet Air,1758593,04:30,06 thg 5,06:30,06 thg 5,2h 0m,HPH,0.0,7.0,24-04-2025
HPH0017,VietJet Air,1745625,04:30,06 thg 5,06:30,06 thg 5,2h 0m,HPH,0.0,7.0,25-04-2025
HPH0017,VietJet Air,1730663,04:30,06 thg 5,06:30,06 thg 5,2h 0m,HPH,0.0,7.0,26-04-2025
HPH0017,VietJet Air,1888479,04:30,06 thg 5,06:30,06 thg 5,2h 0m,HPH,0.0,7.0,27-04-2025
HPH0017,VietJet Air,1834403,04:30,06 thg 5,06:30,06 thg 5,2h 0m,HPH,0.0,7.0,28-04-2025
HPH0017,VietJet Air,1889802,04:30,06 thg 5,06:30,06 thg 5,2h 0m,HPH,0.0,7.0,29-04-2025
HPH0017,VietJet Air,1889321,04:30,06 thg 5,06:30,06 thg 5,2h 0m,HPH,0.0,7.0,30-04-2025
HPH0018,VietJet Air,1617745,04:30,07 thg 5,06:30,07 thg 5,2h 0m,HPH,0.0,7.0,01-05-2025
HPH0018,VietJet Air,1566161,04:30,07 thg 5,06:30,07 thg 5,2h 0m,HPH,0.0,7.0,02-05-2025
HPH0018,VietJet Air,1575053,04:30,07 thg 5,06:30,07 thg 5,2h 0m,HPH,0.0,7.0,03-05-2025
HPH0018,VietJet Air,1712708,04:30,07 thg 5,06:30,07 thg 5,2h 0m,HPH,0.0,7.0,04-05-2025
HPH0018,VietJet Air,1890015,04:30,07 thg 5,06:30,07 thg 5,2h 0m,HPH,0.0,7.0,05-05-2025
HPH0018,VietJet Air,1840388,04:30,07 thg 5,06:30,07 thg 5,2h 0m,HPH,0.0,7.0,06-05-2025
HPH0018,VietJet Air,1601000,04:30,07 thg 5,06:30,07 thg 5,2h 0m,HPH,0.0,7.0,07-04-2025
HPH0018,VietJet Air,1577048,04:30,07 thg 5,06:30,07 thg 5,2h 0m,HPH,0.0,7.0,17-04-2025
HPH0018,VietJet Air,1578045,04:30,07 thg 5,06:30,07 thg 5,2h 0m,HPH,0.0,7.0,18-04-2025
HPH0018,VietJet Air,1606973,04:30,07 thg 5,06:30,07 thg 5,2h 0m,HPH,0.0,7.0,19-04-2025
HPH0018,VietJet Air,1597995,04:30,07 thg 5,06:30,07 thg 5,2h 0m,HPH,0.0,7.0,20-04-2025
HPH0018,VietJet Air,1607970,04:30,07 thg 5,06:30,07 thg 5,2h 0m,HPH,0.0,7.0,21-04-2025
HPH0018,VietJet Air,1606973,04:30,07 thg 5,06:30,07 thg 5,2h 0m,HPH,0.0,7.0,22-04-2025
HPH0018,VietJet Air,1613955,04:30,07 thg 5,06:30,07 thg 5,2h 0m,HPH,0.0,7.0,23-04-2025
HPH0018,VietJet Air,1612958,04:30,07 thg 5,06:30,07 thg 5,2h 0m,HPH,0.0,7.0,24-04-2025
HPH0018,VietJet Air,1599990,04:30,07 thg 5,06:30,07 thg 5,2h 0m,HPH,0.0,7.0,25-04-2025
HPH0018,VietJet Air,1586025,04:30,07 thg 5,06:30,07 thg 5,2h 0m,HPH,0.0,7.0,26-04-2025
HPH0018,VietJet Air,1578045,04:30,07 thg 5,06:30,07 thg 5,2h 0m,HPH,0.0,7.0,27-04-2025
HPH0018,VietJet Air,1575053,04:30,07 thg 5,06:30,07 thg 5,2h 0m,HPH,0.0,7.0,28-04-2025
HPH0018,VietJet Air,1618243,04:30,07 thg 5,06:30,07 thg 5,2h 0m,HPH,0.0,7.0,29-04-2025
HPH0018,VietJet Air,1617832,04:30,07 thg 5,06:30,07 thg 5,2h 0m,HPH,0.0,7.0,30-04-2025
HPH0019,VietJet Air,1617745,04:30,08 thg 5,06:30,08 thg 5,2h 0m,HPH,0.0,7.0,01-05-2025
HPH0019,VietJet Air,1566161,04:30,08 thg 5,06:30,08 thg 5,2h 0m,HPH,0.0,7.0,02-05-2025
HPH0019,VietJet Air,1575053,04:30,08 thg 5,06:30,08 thg 5,2h 0m,HPH,0.0,7.0,03-05-2025
HPH0019,VietJet Air,1570065,04:30,08 thg 5,06:30,08 thg 5,2h 0m,HPH,0.0,7.0,04-05-2025
HPH0019,VietJet Air,1698743,04:30,08 thg 5,06:30,08 thg 5,2h 0m,HPH,0.0,7.0,05-05-2025
HPH0019,VietJet Air,1697569,04:30,08 thg 5,06:30,08 thg 5,2h 0m,HPH,0.0,7.0,06-05-2025
HPH0019,VietJet Air,1599000,04:30,08 thg 5,06:30,08 thg 5,2h 0m,HPH,0.0,7.0,07-04-2025
HPH0019,VietJet Air,1727670,04:30,08 thg 5,06:30,08 thg 5,2h 0m,HPH,0.0,7.0,07-05-2025
HPH0019,VietJet Air,1578045,04:30,08 thg 5,06:30,08 thg 5,2h 0m,HPH,0.0,7.0,18-04-2025
HPH0019,VietJet Air,1606973,04:30,08 thg 5,06:30,08 thg 5,2h 0m,HPH,0.0,7.0,19-04-2025
HPH0019,VietJet Air,1597995,04:30,08 thg 5,06:30,08 thg 5,2h 0m,HPH,0.0,7.0,20-04-2025
HPH0019,VietJet Air,1607970,04:30,08 thg 5,06:30,08 thg 5,2h 0m,HPH,0.0,7.0,21-04-2025
HPH0019,VietJet Air,1608968,04:30,08 thg 5,06:30,08 thg 5,2h 0m,HPH,0.0,7.0,22-04-2025
HPH0019,VietJet Air,1612958,04:30,08 thg 5,06:30,08 thg 5,2h 0m,HPH,0.0,7.0,23-04-2025
HPH0019,VietJet Air,1612958,04:30,08 thg 5,06:30,08 thg 5,2h 0m,HPH,0.0,7.0,24-04-2025
HPH0019,VietJet Air,1599990,04:30,08 thg 5,06:30,08 thg 5,2h 0m,HPH,0.0,7.0,25-04-2025
HPH0019,VietJet Air,1585028,04:30,08 thg 5,06:30,08 thg 5,2h 0m,HPH,0.0,7.0,26-04-2025
HPH0019,VietJet Air,1578045,04:30,08 thg 5,06:30,08 thg 5,2h 0m,HPH,0.0,7.0,27-04-2025
HPH0019,VietJet Air,1575053,04:30,08 thg 5,06:30,08 thg 5,2h 0m,HPH,0.0,7.0,28-04-2025
HPH0019,VietJet Air,1618243,04:30,08 thg 5,06:30,08 thg 5,2h 0m,HPH,0.0,7.0,29-04-2025
HPH0019,VietJet Air,1617832,04:30,08 thg 5,06:30,08 thg 5,2h 0m,HPH,0.0,7.0,30-04-2025
HPH0020,VietJet Air,1617745,04:30,09 thg 5,06:30,09 thg 5,2h 0m,HPH,0.0,7.0,01-05-2025
HPH0020,VietJet Air,1566161,04:30,09 thg 5,06:30,09 thg 5,2h 0m,HPH,0.0,7.0,02-05-2025
HPH0020,VietJet Air,1575053,04:30,09 thg 5,06:30,09 thg 5,2h 0m,HPH,0.0,7.0,03-05-2025
HPH0020,VietJet Air,1712708,04:30,09 thg 5,06:30,09 thg 5,2h 0m,HPH,0.0,7.0,04-05-2025
HPH0020,VietJet Air,1697745,04:30,09 thg 5,06:30,09 thg 5,2h 0m,HPH,0.0,7.0,05-05-2025
HPH0020,VietJet Air,1697569,04:30,09 thg 5,06:30,09 thg 5,2h 0m,HPH,0.0,7.0,06-05-2025
HPH0020,VietJet Air,1740000,04:30,09 thg 5,06:30,09 thg 5,2h 0m,HPH,0.0,7.0,07-04-2025
HPH0020,VietJet Air,1883923,04:30,09 thg 5,06:30,09 thg 5,2h 0m,HPH,0.0,7.0,07-05-2025
HPH0020,VietJet Air,1748618,04:30,09 thg 5,06:30,09 thg 5,2h 0m,HPH,0.0,7.0,19-04-2025
HPH0020,VietJet Air,1742633,04:30,09 thg 5,06:30,09 thg 5,2h 0m,HPH,0.0,7.0,20-04-2025
HPH0020,VietJet Air,1741635,04:30,09 thg 5,06:30,09 thg 5,2h 0m,HPH,0.0,7.0,21-04-2025
HPH0020,VietJet Air,1753605,04:30,09 thg 5,06:30,09 thg 5,2h 0m,HPH,0.0,7.0,22-04-2025
HPH0020,VietJet Air,1746623,04:30,09 thg 5,06:30,09 thg 5,2h 0m,HPH,0.0,7.0,23-04-2025
HPH0020,VietJet Air,1611960,04:30,09 thg 5,06:30,09 thg 5,2h 0m,HPH,0.0,7.0,24-04-2025
HPH0020,VietJet Air,1599990,04:30,09 thg 5,06:30,09 thg 5,2h 0m,HPH,0.0,7.0,25-04-2025
HPH0020,VietJet Air,1586025,04:30,09 thg 5,06:30,09 thg 5,2h 0m,HPH,0.0,7.0,26-04-2025
HPH0020,VietJet Air,1578045,04:30,09 thg 5,06:30,09 thg 5,2h 0m,HPH,0.0,7.0,27-04-2025
HPH0020,VietJet Air,1393508,04:30,09 thg 5,06:30,09 thg 5,2h 0m,HPH,0.0,7.0,28-04-2025
HPH0020,VietJet Air,1618243,04:30,09 thg 5,06:30,09 thg 5,2h 0m,HPH,0.0,7.0,29-04-2025
HPH0020,VietJet Air,1617832,04:30,09 thg 5,06:30,09 thg 5,2h 0m,HPH,0.0,7.0,30-04-2025
HPH0021,VietJet Air,1704728,04:30,10 thg 5,06:30,10 thg 5,2h 0m,HPH,0.0,7.0,01-05-2025
HPH0021,VietJet Air,1708718,04:30,10 thg 5,06:30,10 thg 5,2h 0m,HPH,0.0,7.0,02-05-2025
HPH0021,VietJet Air,1721685,04:30,10 thg 5,06:30,10 thg 5,2h 0m,HPH,0.0,7.0,03-05-2025
HPH0021,VietJet Air,1712708,04:30,10 thg 5,06:30,10 thg 5,2h 0m,HPH,0.0,7.0,04-05-2025
HPH0021,VietJet Air,1890015,04:30,10 thg 5,06:30,10 thg 5,2h 0m,HPH,0.0,7.0,05-05-2025
HPH0021,VietJet Air,1889171,04:30,10 thg 5,06:30,10 thg 5,2h 0m,HPH,0.0,7.0,06-05-2025
HPH0021,VietJet Air,1601000,04:30,10 thg 5,06:30,10 thg 5,2h 0m,HPH,0.0,7.0,07-04-2025
HPH0021,VietJet Air,1612455,04:30,10 thg 5,06:30,10 thg 5,2h 0m,HPH,0.0,7.0,07-05-2025
HPH0021,VietJet Air,1884105,04:30,10 thg 5,06:30,10 thg 5,2h 0m,HPH,0.0,7.0,08-05-2025
HPH0021,VietJet Air,1597995,04:30,10 thg 5,06:30,10 thg 5,2h 0m,HPH,0.0,7.0,20-04-2025
HPH0021,VietJet Air,1600988,04:30,10 thg 5,06:30,10 thg 5,2h 0m,HPH,0.0,7.0,21-04-2025
HPH0021,VietJet Air,1608968,04:30,10 thg 5,06:30,10 thg 5,2h 0m,HPH,0.0,7.0,22-04-2025
HPH0021,VietJet Air,1614953,04:30,10 thg 5,06:30,10 thg 5,2h 0m,HPH,0.0,7.0,23-04-2025
HPH0021,VietJet Air,1612958,04:30,10 thg 5,06:30,10 thg 5,2h 0m,HPH,0.0,7.0,24-04-2025
HPH0021,VietJet Air,1612958,04:30,10 thg 5,06:30,10 thg 5,2h 0m,HPH,0.0,7.0,25-04-2025
HPH0021,VietJet Air,1586025,04:30,10 thg 5,06:30,10 thg 5,2h 0m,HPH,0.0,7.0,26-04-2025
HPH0021,VietJet Air,1578045,04:30,10 thg 5,06:30,10 thg 5,2h 0m,HPH,0.0,7.0,27-04-2025
HPH0021,VietJet Air,1575053,04:30,10 thg 5,06:30,10 thg 5,2h 0m,HPH,0.0,7.0,28-04-2025
HPH0021,VietJet Air,1618243,04:30,10 thg 5,06:30,10 thg 5,2h 0m,HPH,0.0,7.0,29-04-2025
HPH0021,VietJet Air,1617832,04:30,10 thg 5,06:30,10 thg 5,2h 0m,HPH,0.0,7.0,30-04-2025
HPH0022,VietJet Air,1617745,04:30,11 thg 5,06:30,11 thg 5,2h 0m,HPH,0.0,7.0,01-05-2025
HPH0022,VietJet Air,1566161,04:30,11 thg 5,06:30,11 thg 5,2h 0m,HPH,0.0,7.0,02-05-2025
HPH0022,VietJet Air,1575053,04:30,11 thg 5,06:30,11 thg 5,2h 0m,HPH,0.0,7.0,03-05-2025
HPH0022,VietJet Air,1570065,04:30,11 thg 5,06:30,11 thg 5,2h 0m,HPH,0.0,7.0,04-05-2025
HPH0022,VietJet Air,1618425,04:30,11 thg 5,06:30,11 thg 5,2h 0m,HPH,0.0,7.0,05-05-2025
HPH0022,VietJet Air,1617703,04:30,11 thg 5,06:30,11 thg 5,2h 0m,HPH,0.0,7.0,06-05-2025
HPH0022,VietJet Air,1601000,04:30,11 thg 5,06:30,11 thg 5,2h 0m,HPH,0.0,7.0,07-04-2025
HPH0022,VietJet Air,1612455,04:30,11 thg 5,06:30,11 thg 5,2h 0m,HPH,0.0,7.0,07-05-2025
HPH0022,VietJet Air,1612612,04:30,11 thg 5,06:30,11 thg 5,2h 0m,HPH,0.0,7.0,08-05-2025
HPH0022,VietJet Air,1707720,04:30,11 thg 5,06:30,11 thg 5,2h 0m,HPH,0.0,7.0,09-05-2025
HPH0022,VietJet Air,1600988,04:30,11 thg 5,06:30,11 thg 5,2h 0m,HPH,0.0,7.0,21-04-2025
HPH0022,VietJet Air,1608968,04:30,11 thg 5,06:30,11 thg 5,2h 0m,HPH,0.0,7.0,22-04-2025
HPH0022,VietJet Air,1612958,04:30,11 thg 5,06:30,11 thg 5,2h 0m,HPH,0.0,7.0,23-04-2025
HPH0022,VietJet Air,1612958,04:30,11 thg 5,06:30,11 thg 5,2h 0m,HPH,0.0,7.0,24-04-2025
HPH0022,VietJet Air,1586025,04:30,11 thg 5,06:30,11 thg 5,2h 0m,HPH,0.0,7.0,26-04-2025
HPH0022,VietJet Air,1578045,04:30,11 thg 5,06:30,11 thg 5,2h 0m,HPH,0.0,7.0,27-04-2025
HPH0022,VietJet Air,1617832,04:30,11 thg 5,06:30,11 thg 5,2h 0m,HPH,0.0,7.0,30-04-2025
HPH0023,VietJet Air,1591005,04:30,21 thg 4,06:30,21 thg 4,2h 0m,HPH,0.0,7.0,07-04-2025
HPH0023,VietJet Air,1595980,04:30,21 thg 4,06:30,21 thg 4,2h 0m,HPH,0.0,7.0,08-04-2025
HPH0023,VietJet Air,1749000,04:30,21 thg 4,06:30,21 thg 4,2h 0m,HPH,0.0,7.0,09-04-2025
HPH0023,VietJet Air,1721654,04:30,21 thg 4,06:30,21 thg 4,2h 0m,HPH,0.0,7.0,10-04-2025
HPH0023,VietJet Air,1731000,04:30,21 thg 4,06:30,21 thg 4,2h 0m,HPH,0.0,7.0,11-04-2025
HPH0023,VietJet Air,1745000,04:30,21 thg 4,06:30,21 thg 4,2h 0m,HPH,0.0,7.0,12-04-2025
HPH0023,VietJet Air,1738265,04:30,21 thg 4,06:30,21 thg 4,2h 0m,HPH,0.0,7.0,13-04-2025
HPH0023,VietJet Air,1690763,04:30,21 thg 4,06:30,21 thg 4,2h 0m,HPH,0.0,7.0,14-04-2025
HPH0023,VietJet Air,1696748,04:30,21 thg 4,06:30,21 thg 4,2h 0m,HPH,0.0,7.0,15-04-2025
HPH0023,VietJet Air,1839390,04:30,21 thg 4,06:30,21 thg 4,2h 0m,HPH,0.0,7.0,17-04-2025
HPH0023,VietJet Air,2016945,04:30,21 thg 4,06:30,21 thg 4,2h 0m,HPH,0.0,7.0,18-04-2025
HPH0023,VietJet Air,2036895,04:30,21 thg 4,06:30,21 thg 4,2h 0m,HPH,0.0,7.0,19-04-2025
HPH0023,VietJet Air,2046870,04:30,21 thg 4,06:30,21 thg 4,2h 0m,HPH,0.0,7.0,20-04-2025
HPH0024,VietJet Air,1585035,04:30,22 thg 4,06:30,22 thg 4,2h 0m,HPH,0.0,7.0,07-04-2025
HPH0024,VietJet Air,1594985,04:30,22 thg 4,06:30,22 thg 4,2h 0m,HPH,0.0,7.0,08-04-2025
HPH0024,VietJet Air,1606000,04:30,22 thg 4,06:30,22 thg 4,2h 0m,HPH,0.0,7.0,09-04-2025
HPH0024,VietJet Air,1579090,04:30,22 thg 4,06:30,22 thg 4,2h 0m,HPH,0.0,7.0,10-04-2025
HPH0024,VietJet Air,1602000,04:30,22 thg 4,06:30,22 thg 4,2h 0m,HPH,0.0,7.0,11-04-2025
HPH0024,VietJet Air,1597000,04:30,22 thg 4,06:30,22 thg 4,2h 0m,HPH,0.0,7.0,12-04-2025
HPH0024,VietJet Air,1594985,04:30,22 thg 4,06:30,22 thg 4,2h 0m,HPH,0.0,7.0,13-04-2025
HPH0024,VietJet Air,1546125,04:30,22 thg 4,06:30,22 thg 4,2h 0m,HPH,0.0,7.0,14-04-2025
HPH0024,VietJet Air,1551113,04:30,22 thg 4,06:30,22 thg 4,2h 0m,HPH,0.0,7.0,15-04-2025
HPH0024,VietJet Air,1596000,04:30,22 thg 4,06:30,22 thg 4,2h 0m,HPH,0.0,7.0,16-04-2025
HPH0024,VietJet Air,1577048,04:30,22 thg 4,06:30,22 thg 4,2h 0m,HPH,0.0,7.0,17-04-2025
HPH0024,VietJet Air,1578045,04:30,22 thg 4,06:30,22 thg 4,2h 0m,HPH,0.0,7.0,18-04-2025
HPH0024,VietJet Air,1751610,04:30,22 thg 4,06:30,22 thg 4,2h 0m,HPH,0.0,7.0,19-04-2025
HPH0024,VietJet Air,1845718,04:30,22 thg 4,06:30,22 thg 4,2h 0m,HPH,0.0,7.0,20-04-2025
HPH0024,VietJet Air,1857345,04:30,22 thg 4,06:30,22 thg 4,2h 0m,HPH,0.0,7.0,21-04-2025
HPH0025,VietJet Air,1591005,04:30,23 thg 4,06:30,23 thg 4,2h 0m,HPH,0.0,7.0,07-04-2025
HPH0025,VietJet Air,1595980,04:30,23 thg 4,06:30,23 thg 4,2h 0m,HPH,0.0,7.0,08-04-2025
HPH0025,VietJet Air,1603000,04:30,23 thg 4,06:30,23 thg 4,2h 0m,HPH,0.0,7.0,09-04-2025
HPH0025,VietJet Air,1578100,04:30,23 thg 4,06:30,23 thg 4,2h 0m,HPH,0.0,7.0,10-04-2025
HPH0025,VietJet Air,1599000,04:30,23 thg 4,06:30,23 thg 4,2h 0m,HPH,0.0,7.0,11-04-2025
HPH0025,VietJet Air,1597000,04:30,23 thg 4,06:30,23 thg 4,2h 0m,HPH,0.0,7.0,12-04-2025
HPH0025,VietJet Air,1594985,04:30,23 thg 4,06:30,23 thg 4,2h 0m,HPH,0.0,7.0,13-04-2025
HPH0025,VietJet Air,1546125,04:30,23 thg 4,06:30,23 thg 4,2h 0m,HPH,0.0,7.0,14-04-2025
HPH0025,VietJet Air,1551113,04:30,23 thg 4,06:30,23 thg 4,2h 0m,HPH,0.0,7.0,15-04-2025
HPH0025,VietJet Air,1597995,04:30,23 thg 4,06:30,23 thg 4,2h 0m,HPH,0.0,7.0,16-04-2025
HPH0025,VietJet Air,1577048,04:30,23 thg 4,06:30,23 thg 4,2h 0m,HPH,0.0,7.0,17-04-2025
HPH0025,VietJet Air,1578045,04:30,23 thg 4,06:30,23 thg 4,2h 0m,HPH,0.0,7.0,18-04-2025
HPH0025,VietJet Air,1609965,04:30,23 thg 4,06:30,23 thg 4,2h 0m,HPH,0.0,7.0,19-04-2025
HPH0025,VietJet Air,1731660,04:30,23 thg 4,06:30,23 thg 4,2h 0m,HPH,0.0,7.0,20-04-2025
HPH0025,VietJet Air,1731660,04:30,23 thg 4,06:30,23 thg 4,2h 0m,HPH,0.0,7.0,21-04-2025
HPH0026,VietJet Air,1591005,04:30,24 thg 4,06:30,24 thg 4,2h 0m,HPH,0.0,7.0,07-04-2025
HPH0026,VietJet Air,1594985,04:30,24 thg 4,06:30,24 thg 4,2h 0m,HPH,0.0,7.0,08-04-2025
HPH0026,VietJet Air,1606000,04:30,24 thg 4,06:30,24 thg 4,2h 0m,HPH,0.0,7.0,09-04-2025
HPH0026,VietJet Air,1578100,04:30,24 thg 4,06:30,24 thg 4,2h 0m,HPH,0.0,7.0,10-04-2025
HPH0026,VietJet Air,1602000,04:30,24 thg 4,06:30,24 thg 4,2h 0m,HPH,0.0,7.0,11-04-2025
HPH0026,VietJet Air,1601000,04:30,24 thg 4,06:30,24 thg 4,2h 0m,HPH,0.0,7.0,12-04-2025
HPH0026,VietJet Air,1591005,04:30,24 thg 4,06:30,24 thg 4,2h 0m,HPH,0.0,7.0,13-04-2025
HPH0026,VietJet Air,1545128,04:30,24 thg 4,06:30,24 thg 4,2h 0m,HPH,0.0,7.0,14-04-2025
HPH0026,VietJet Air,1551113,04:30,24 thg 4,06:30,24 thg 4,2h 0m,HPH,0.0,7.0,15-04-2025
HPH0026,VietJet Air,1722683,04:30,24 thg 4,06:30,24 thg 4,2h 0m,HPH,0.0,7.0,17-04-2025
HPH0026,VietJet Air,1724678,04:30,24 thg 4,06:30,24 thg 4,2h 0m,HPH,0.0,7.0,18-04-2025
HPH0026,VietJet Air,1751610,04:30,24 thg 4,06:30,24 thg 4,2h 0m,HPH,0.0,7.0,19-04-2025
HPH0026,VietJet Air,1742633,04:30,24 thg 4,06:30,24 thg 4,2h 0m,HPH,0.0,7.0,20-04-2025
HPH0026,VietJet Air,1742633,04:30,24 thg 4,06:30,24 thg 4,2h 0m,HPH,0.0,7.0,21-04-2025
HPH0026,VietJet Air,1868318,04:30,24 thg 4,06:30,24 thg 4,2h 0m,HPH,0.0,7.0,22-04-2025
HPH0026,VietJet Air,6217970,04:30,24 thg 4,06:30,24 thg 4,2h 0m,HPH,0.0,7.0,23-04-2025
HPH0027,VietJet Air,1734285,04:30,25 thg 4,06:30,25 thg 4,2h 0m,HPH,0.0,7.0,07-04-2025
HPH0027,VietJet Air,1739260,04:30,25 thg 4,06:30,25 thg 4,2h 0m,HPH,0.0,7.0,08-04-2025
HPH0027,VietJet Air,1749000,04:30,25 thg 4,06:30,25 thg 4,2h 0m,HPH,0.0,7.0,09-04-2025
HPH0027,VietJet Air,1721654,04:30,25 thg 4,06:30,25 thg 4,2h 0m,HPH,0.0,7.0,10-04-2025
HPH0027,VietJet Air,1732000,04:30,25 thg 4,06:30,25 thg 4,2h 0m,HPH,0.0,7.0,11-04-2025
HPH0027,VietJet Air,1734000,04:30,25 thg 4,06:30,25 thg 4,2h 0m,HPH,0.0,7.0,12-04-2025
HPH0027,VietJet Air,1738265,04:30,25 thg 4,06:30,25 thg 4,2h 0m,HPH,0.0,7.0,13-04-2025
HPH0027,VietJet Air,1691760,04:30,25 thg 4,06:30,25 thg 4,2h 0m,HPH,0.0,7.0,14-04-2025
HPH0027,VietJet Air,1698743,04:30,25 thg 4,06:30,25 thg 4,2h 0m,HPH,0.0,7.0,15-04-2025
HPH0027,VietJet Air,1741635,04:30,25 thg 4,06:30,25 thg 4,2h 0m,HPH,0.0,7.0,16-04-2025
HPH0027,VietJet Air,1722683,04:30,25 thg 4,06:30,25 thg 4,2h 0m,HPH,0.0,7.0,17-04-2025
HPH0027,VietJet Air,1726673,04:30,25 thg 4,06:30,25 thg 4,2h 0m,HPH,0.0,7.0,18-04-2025
HPH0027,VietJet Air,1751610,04:30,25 thg 4,06:30,25 thg 4,2h 0m,HPH,0.0,7.0,19-04-2025
HPH0027,VietJet Air,1742633,04:30,25 thg 4,06:30,25 thg 4,2h 0m,HPH,0.0,7.0,20-04-2025
HPH0027,VietJet Air,1742633,04:30,25 thg 4,06:30,25 thg 4,2h 0m,HPH,0.0,7.0,21-04-2025
HPH0027,VietJet Air,1728225,04:30,25 thg 4,06:30,25 thg 4,2h 0m,HPH,0.0,7.0,23-04-2025
HPH0027,VietJet Air,1901235,04:30,25 thg 4,06:30,25 thg 4,2h 0m,HPH,0.0,7.0,24-04-2025
HPH0028,VietJet Air,1855000,04:30,26 thg 4,06:30,26 thg 4,2h 0m,HPH,0.0,7.0,07-04-2025
HPH0028,VietJet Air,1852690,04:30,26 thg 4,06:30,26 thg 4,2h 0m,HPH,0.0,7.0,08-04-2025
HPH0028,VietJet Air,1864000,04:30,26 thg 4,06:30,26 thg 4,2h 0m,HPH,0.0,7.0,09-04-2025
HPH0028,VietJet Air,1841447,04:30,26 thg 4,06:30,26 thg 4,2h 0m,HPH,0.0,7.0,10-04-2025
HPH0028,VietJet Air,1860000,04:30,26 thg 4,06:30,26 thg 4,2h 0m,HPH,0.0,7.0,11-04-2025
HPH0028,VietJet Air,1856000,04:30,26 thg 4,06:30,26 thg 4,2h 0m,HPH,0.0,7.0,12-04-2025
HPH0028,VietJet Air,1848710,04:30,26 thg 4,06:30,26 thg 4,2h 0m,HPH,0.0,7.0,13-04-2025
HPH0028,VietJet Air,1807470,04:30,26 thg 4,06:30,26 thg 4,2h 0m,HPH,0.0,7.0,14-04-2025
HPH0028,VietJet Air,1814453,04:30,26 thg 4,06:30,26 thg 4,2h 0m,HPH,0.0,7.0,15-04-2025
HPH0028,VietJet Air,1851360,04:30,26 thg 4,06:30,26 thg 4,2h 0m,HPH,0.0,7.0,16-04-2025
HPH0028,VietJet Air,1839390,04:30,26 thg 4,06:30,26 thg 4,2h 0m,HPH,0.0,7.0,17-04-2025
HPH0028,VietJet Air,1841385,04:30,26 thg 4,06:30,26 thg 4,2h 0m,HPH,0.0,7.0,18-04-2025
HPH0028,VietJet Air,1866323,04:30,26 thg 4,06:30,26 thg 4,2h 0m,HPH,0.0,7.0,19-04-2025
HPH0028,VietJet Air,1857345,04:30,26 thg 4,06:30,26 thg 4,2h 0m,HPH,0.0,7.0,20-04-2025
HPH0028,VietJet Air,1857345,04:30,26 thg 4,06:30,26 thg 4,2h 0m,HPH,0.0,7.0,21-04-2025
HPH0028,VietJet Air,1868318,04:30,26 thg 4,06:30,26 thg 4,2h 0m,HPH,0.0,7.0,22-04-2025
HPH0028,VietJet Air,1870313,04:30,26 thg 4,06:30,26 thg 4,2h 0m,HPH,0.0,7.0,23-04-2025
HPH0028,VietJet Air,1873305,04:30,26 thg 4,06:30,26 thg 4,2h 0m,HPH,0.0,7.0,24-04-2025
HPH0028,VietJet Air,1902233,04:30,26 thg 4,06:30,26 thg 4,2h 0m,HPH,0.0,7.0,25-04-2025
HPH0029,VietJet Air,1731300,04:30,27 thg 4,06:30,27 thg 4,2h 0m,HPH,0.0,7.0,07-04-2025
HPH0029,VietJet Air,1739260,04:30,27 thg 4,06:30,27 thg 4,2h 0m,HPH,0.0,7.0,08-04-2025
HPH0029,VietJet Air,1864000,04:30,27 thg 4,06:30,27 thg 4,2h 0m,HPH,0.0,7.0,09-04-2025
HPH0029,VietJet Air,1841447,04:30,27 thg 4,06:30,27 thg 4,2h 0m,HPH,0.0,7.0,10-04-2025
HPH0029,VietJet Air,1860000,04:30,27 thg 4,06:30,27 thg 4,2h 0m,HPH,0.0,7.0,11-04-2025
HPH0029,VietJet Air,1856000,04:30,27 thg 4,06:30,27 thg 4,2h 0m,HPH,0.0,7.0,12-04-2025
HPH0029,VietJet Air,1848710,04:30,27 thg 4,06:30,27 thg 4,2h 0m,HPH,0.0,7.0,13-04-2025
HPH0029,VietJet Air,1808468,04:30,27 thg 4,06:30,27 thg 4,2h 0m,HPH,0.0,7.0,14-04-2025
HPH0029,VietJet Air,1813455,04:30,27 thg 4,06:30,27 thg 4,2h 0m,HPH,0.0,7.0,15-04-2025
HPH0029,VietJet Air,1850363,04:30,27 thg 4,06:30,27 thg 4,2h 0m,HPH,0.0,7.0,16-04-2025
HPH0029,VietJet Air,1841385,04:30,27 thg 4,06:30,27 thg 4,2h 0m,HPH,0.0,7.0,17-04-2025
HPH0029,VietJet Air,1841385,04:30,27 thg 4,06:30,27 thg 4,2h 0m,HPH,0.0,7.0,18-04-2025
HPH0029,VietJet Air,1866323,04:30,27 thg 4,06:30,27 thg 4,2h 0m,HPH,0.0,7.0,19-04-2025
HPH0029,VietJet Air,1857345,04:30,27 thg 4,06:30,27 thg 4,2h 0m,HPH,0.0,7.0,20-04-2025
HPH0029,VietJet Air,1857345,04:30,27 thg 4,06:30,27 thg 4,2h 0m,HPH,0.0,7.0,21-04-2025
HPH0029,VietJet Air,1868318,04:30,27 thg 4,06:30,27 thg 4,2h 0m,HPH,0.0,7.0,22-04-2025
HPH0029,VietJet Air,1870313,04:30,27 thg 4,06:30,27 thg 4,2h 0m,HPH,0.0,7.0,23-04-2025
HPH0029,VietJet Air,1873305,04:30,27 thg 4,06:30,27 thg 4,2h 0m,HPH,0.0,7.0,24-04-2025
HPH0029,VietJet Air,1858343,04:30,27 thg 4,06:30,27 thg 4,2h 0m,HPH,0.0,7.0,25-04-2025
HPH0029,VietJet Air,1902233,04:30,27 thg 4,06:30,27 thg 4,2h 0m,HPH,0.0,7.0,26-04-2025
HPH0030,VietJet Air,1731300,04:30,28 thg 4,06:30,28 thg 4,2h 0m,HPH,0.0,7.0,07-04-2025
HPH0030,VietJet Air,1739260,04:30,28 thg 4,06:30,28 thg 4,2h 0m,HPH,0.0,7.0,08-04-2025
HPH0030,VietJet Air,1747000,04:30,28 thg 4,06:30,28 thg 4,2h 0m,HPH,0.0,7.0,09-04-2025
HPH0030,VietJet Air,1713734,04:30,28 thg 4,06:30,28 thg 4,2h 0m,HPH,0.0,7.0,10-04-2025
HPH0030,VietJet Air,1757000,04:30,28 thg 4,06:30,28 thg 4,2h 0m,HPH,0.0,7.0,11-04-2025
HPH0030,VietJet Air,1858000,04:30,28 thg 4,06:30,28 thg 4,2h 0m,HPH,0.0,7.0,12-04-2025
HPH0030,VietJet Air,1848710,04:30,28 thg 4,06:30,28 thg 4,2h 0m,HPH,0.0,7.0,13-04-2025
HPH0030,VietJet Air,1807470,04:30,28 thg 4,06:30,28 thg 4,2h 0m,HPH,0.0,7.0,14-04-2025
HPH0030,VietJet Air,1813455,04:30,28 thg 4,06:30,28 thg 4,2h 0m,HPH,0.0,7.0,15-04-2025
HPH0030,VietJet Air,1839390,04:30,28 thg 4,06:30,28 thg 4,2h 0m,HPH,0.0,7.0,17-04-2025
HPH0030,VietJet Air,1843380,04:30,28 thg 4,06:30,28 thg 4,2h 0m,HPH,0.0,7.0,18-04-2025
HPH0030,VietJet Air,1866323,04:30,28 thg 4,06:30,28 thg 4,2h 0m,HPH,0.0,7.0,19-04-2025
HPH0030,VietJet Air,1857345,04:30,28 thg 4,06:30,28 thg 4,2h 0m,HPH,0.0,7.0,20-04-2025
HPH0030,VietJet Air,1857345,04:30,28 thg 4,06:30,28 thg 4,2h 0m,HPH,0.0,7.0,21-04-2025
HPH0030,VietJet Air,1868318,04:30,28 thg 4,06:30,28 thg 4,2h 0m,HPH,0.0,7.0,22-04-2025
HPH0030,VietJet Air,1870313,04:30,28 thg 4,06:30,28 thg 4,2h 0m,HPH,0.0,7.0,23-04-2025
HPH0030,VietJet Air,1873305,04:30,28 thg 4,06:30,28 thg 4,2h 0m,HPH,0.0,7.0,24-04-2025
HPH0030,VietJet Air,1858343,04:30,28 thg 4,06:30,28 thg 4,2h 0m,HPH,0.0,7.0,25-04-2025
HPH0030,VietJet Air,1857345,04:30,28 thg 4,06:30,28 thg 4,2h 0m,HPH,0.0,7.0,26-04-2025
HPH0030,VietJet Air,2069813,04:30,28 thg 4,06:30,28 thg 4,2h 0m,HPH,0.0,7.0,27-04-2025
HPH0031,VietJet Air,2022835,04:30,29 thg 4,06:30,29 thg 4,2h 0m,HPH,0.0,7.0,07-04-2025
HPH0031,VietJet Air,2034000,04:30,29 thg 4,06:30,29 thg 4,2h 0m,HPH,0.0,7.0,09-04-2025
HPH0031,VietJet Air,2172115,04:30,29 thg 4,06:30,29 thg 4,2h 0m,HPH,0.0,7.0,10-04-2025
HPH0031,VietJet Air,2197000,04:30,29 thg 4,06:30,29 thg 4,2h 0m,HPH,0.0,7.0,11-04-2025
HPH0031,VietJet Air,2200000,04:30,29 thg 4,06:30,29 thg 4,2h 0m,HPH,0.0,7.0,12-04-2025
HPH0031,VietJet Air,2190990,04:30,29 thg 4,06:30,29 thg 4,2h 0m,HPH,0.0,7.0,13-04-2025
HPH0031,VietJet Air,2156595,04:30,29 thg 4,06:30,29 thg 4,2h 0m,HPH,0.0,7.0,14-04-2025
HPH0031,VietJet Air,2163578,04:30,29 thg 4,06:30,29 thg 4,2h 0m,HPH,0.0,7.0,15-04-2025
HPH0031,VietJet Air,2198490,04:30,29 thg 4,06:30,29 thg 4,2h 0m,HPH,0.0,7.0,16-04-2025
HPH0031,VietJet Air,2192505,04:30,29 thg 4,06:30,29 thg 4,2h 0m,HPH,0.0,7.0,17-04-2025
HPH0031,VietJet Air,2192505,04:30,29 thg 4,06:30,29 thg 4,2h 0m,HPH,0.0,7.0,18-04-2025
HPH0031,VietJet Air,2036895,04:30,29 thg 4,06:30,29 thg 4,2h 0m,HPH,0.0,7.0,19-04-2025
HPH0031,VietJet Air,2031908,04:30,29 thg 4,06:30,29 thg 4,2h 0m,HPH,0.0,7.0,20-04-2025
HPH0031,VietJet Air,2031908,04:30,29 thg 4,06:30,29 thg 4,2h 0m,HPH,0.0,7.0,21-04-2025
HPH0031,VietJet Air,2038890,04:30,29 thg 4,06:30,29 thg 4,2h 0m,HPH,0.0,7.0,22-04-2025
HPH0031,VietJet Air,2040885,04:30,29 thg 4,06:30,29 thg 4,2h 0m,HPH,0.0,7.0,23-04-2025
HPH0031,VietJet Air,2045873,04:30,29 thg 4,06:30,29 thg 4,2h 0m,HPH,0.0,7.0,24-04-2025
HPH0031,VietJet Air,2035898,04:30,29 thg 4,06:30,29 thg 4,2h 0m,HPH,0.0,7.0,25-04-2025
HPH0031,VietJet Air,1857345,04:30,29 thg 4,06:30,29 thg 4,2h 0m,HPH,0.0,7.0,26-04-2025
HPH0031,VietJet Air,2013953,04:30,29 thg 4,06:30,29 thg 4,2h 0m,HPH,0.0,7.0,27-04-2025
HPH0031,VietJet Air,2240385,04:30,29 thg 4,06:30,29 thg 4,2h 0m,HPH,0.0,7.0,28-04-2025
HPH0032,VietJet Air,2186015,04:30,30 thg 4,06:30,30 thg 4,2h 0m,HPH,0.0,7.0,07-04-2025
HPH0032,VietJet Air,2172115,04:30,30 thg 4,06:30,30 thg 4,2h 0m,HPH,0.0,7.0,10-04-2025
HPH0032,VietJet Air,3735000,04:30,30 thg 4,06:30,30 thg 4,2h 0m,HPH,0.0,7.0,11-04-2025
HPH0032,VietJet Air,2202000,04:30,30 thg 4,06:30,30 thg 4,2h 0m,HPH,0.0,7.0,12-04-2025
HPH0032,VietJet Air,2190990,04:30,30 thg 4,06:30,30 thg 4,2h 0m,HPH,0.0,7.0,13-04-2025
HPH0032,VietJet Air,2157593,04:30,30 thg 4,06:30,30 thg 4,2h 0m,HPH,0.0,7.0,14-04-2025
HPH0032,VietJet Air,2367068,04:30,30 thg 4,06:30,30 thg 4,2h 0m,HPH,0.0,7.0,16-04-2025
HPH0032,VietJet Air,2365073,04:30,30 thg 4,06:30,30 thg 4,2h 0m,HPH,0.0,7.0,17-04-2025
HPH0032,VietJet Air,2369063,04:30,30 thg 4,06:30,30 thg 4,2h 0m,HPH,0.0,7.0,18-04-2025
HPH0032,VietJet Air,2581530,04:30,30 thg 4,06:30,30 thg 4,2h 0m,HPH,0.0,7.0,19-04-2025
HPH0032,VietJet Air,2577540,04:30,30 thg 4,06:30,30 thg 4,2h 0m,HPH,0.0,7.0,20-04-2025
HPH0032,VietJet Air,2577540,04:30,30 thg 4,06:30,30 thg 4,2h 0m,HPH,0.0,7.0,21-04-2025
HPH0032,VietJet Air,3419430,04:30,30 thg 4,06:30,30 thg 4,2h 0m,HPH,0.0,7.0,22-04-2025
HPH0032,VietJet Air,3675788,04:30,30 thg 4,06:30,30 thg 4,2h 0m,HPH,0.0,7.0,23-04-2025
HPH0032,VietJet Air,3684765,04:30,30 thg 4,06:30,30 thg 4,2h 0m,HPH,0.0,7.0,24-04-2025
HPH0032,VietJet Air,3684765,04:30,30 thg 4,06:30,30 thg 4,2h 0m,HPH,0.0,7.0,25-04-2025
HPH0032,VietJet Air,3651848,04:30,30 thg 4,06:30,30 thg 4,2h 0m,HPH,0.0,7.0,26-04-2025
HPH0032,VietJet Air,3765442,04:30,30 thg 4,06:30,30 thg 4,2h 0m,HPH,0.0,7.0,27-04-2025
HPH0032,VietJet Air,3767184,04:30,30 thg 4,06:30,30 thg 4,2h 0m,HPH,0.0,7.0,28-04-2025
HPH0033,VietJet Air,3727658,05:05,30 thg 4,07:05,30 thg 4,2h 0m,HPH,0.0,7.0,29-04-2025
HPH0034,VietJet Air,2027000,06:15,01 thg 5,08:15,01 thg 5,2h 0m,HPH,0.0,7.0,07-04-2025
HPH0034,VietJet Air,1734000,06:15,01 thg 5,08:15,01 thg 5,2h 0m,HPH,0.0,7.0,12-04-2025
HPH0034,VietJet Air,1738265,06:15,01 thg 5,08:15,01 thg 5,2h 0m,HPH,0.0,7.0,13-04-2025
HPH0034,VietJet Air,1808468,06:15,01 thg 5,08:15,01 thg 5,2h 0m,HPH,0.0,7.0,14-04-2025
HPH0034,VietJet Air,1813455,06:15,01 thg 5,08:15,01 thg 5,2h 0m,HPH,0.0,7.0,15-04-2025
HPH0034,VietJet Air,1851360,06:15,01 thg 5,08:15,01 thg 5,2h 0m,HPH,0.0,7.0,16-04-2025
HPH0034,VietJet Air,1841385,06:15,01 thg 5,08:15,01 thg 5,2h 0m,HPH,0.0,7.0,17-04-2025
HPH0034,VietJet Air,2016945,06:15,01 thg 5,08:15,01 thg 5,2h 0m,HPH,0.0,7.0,18-04-2025
HPH0034,VietJet Air,2036895,06:15,01 thg 5,08:15,01 thg 5,2h 0m,HPH,0.0,7.0,19-04-2025
HPH0034,VietJet Air,2031908,06:15,01 thg 5,08:15,01 thg 5,2h 0m,HPH,0.0,7.0,20-04-2025
HPH0034,VietJet Air,2032905,06:15,01 thg 5,08:15,01 thg 5,2h 0m,HPH,0.0,7.0,21-04-2025
HPH0034,VietJet Air,2209463,06:15,01 thg 5,08:15,01 thg 5,2h 0m,HPH,0.0,7.0,22-04-2025
HPH0034,VietJet Air,2212455,06:15,01 thg 5,08:15,01 thg 5,2h 0m,HPH,0.0,7.0,23-04-2025
HPH0034,VietJet Air,2045873,06:15,01 thg 5,08:15,01 thg 5,2h 0m,HPH,0.0,7.0,24-04-2025
HPH0034,VietJet Air,2196495,06:15,01 thg 5,08:15,01 thg 5,2h 0m,HPH,0.0,7.0,26-04-2025
HPH0034,VietJet Air,3211398,06:15,01 thg 5,08:15,01 thg 5,2h 0m,HPH,0.0,7.0,27-04-2025
HPH0034,VietJet Air,3213647,06:15,01 thg 5,08:15,01 thg 5,2h 0m,HPH,0.0,7.0,29-04-2025
HPH0035,VietJet Air,3174045,06:15,02 thg 5,08:15,02 thg 5,2h 0m,HPH,0.0,7.0,01-05-2025
HPH0035,VietJet Air,2033000,06:15,02 thg 5,08:15,02 thg 5,2h 0m,HPH,0.0,7.0,07-04-2025
HPH0035,VietJet Air,1858000,06:15,02 thg 5,08:15,02 thg 5,2h 0m,HPH,0.0,7.0,12-04-2025
HPH0035,VietJet Air,1848710,06:15,02 thg 5,08:15,02 thg 5,2h 0m,HPH,0.0,7.0,13-04-2025
HPH0035,VietJet Air,1983030,06:15,02 thg 5,08:15,02 thg 5,2h 0m,HPH,0.0,7.0,14-04-2025
HPH0035,VietJet Air,1986023,06:15,02 thg 5,08:15,02 thg 5,2h 0m,HPH,0.0,7.0,15-04-2025
HPH0035,VietJet Air,2014950,06:15,02 thg 5,08:15,02 thg 5,2h 0m,HPH,0.0,7.0,17-04-2025
HPH0035,VietJet Air,2016945,06:15,02 thg 5,08:15,02 thg 5,2h 0m,HPH,0.0,7.0,18-04-2025
HPH0035,VietJet Air,2207468,06:15,02 thg 5,08:15,02 thg 5,2h 0m,HPH,0.0,7.0,19-04-2025
HPH0035,VietJet Air,2202480,06:15,02 thg 5,08:15,02 thg 5,2h 0m,HPH,0.0,7.0,20-04-2025
HPH0035,VietJet Air,2202480,06:15,02 thg 5,08:15,02 thg 5,2h 0m,HPH,0.0,7.0,21-04-2025
HPH0035,VietJet Air,2384025,06:15,02 thg 5,08:15,02 thg 5,2h 0m,HPH,0.0,7.0,22-04-2025
HPH0035,VietJet Air,2387018,06:15,02 thg 5,08:15,02 thg 5,2h 0m,HPH,0.0,7.0,23-04-2025
HPH0035,VietJet Air,2634269,06:15,02 thg 5,08:15,02 thg 5,2h 0m,HPH,0.0,7.0,24-04-2025
HPH0035,VietJet Air,2583525,06:15,02 thg 5,08:15,02 thg 5,2h 0m,HPH,0.0,7.0,25-04-2025
HPH0035,VietJet Air,2569560,06:15,02 thg 5,08:15,02 thg 5,2h 0m,HPH,0.0,7.0,26-04-2025
HPH0035,VietJet Air,2785020,06:15,02 thg 5,08:15,02 thg 5,2h 0m,HPH,0.0,7.0,27-04-2025
HPH0035,VietJet Air,2958585,06:15,02 thg 5,08:15,02 thg 5,2h 0m,HPH,0.0,7.0,28-04-2025
HPH0035,VietJet Air,3055239,06:15,02 thg 5,08:15,02 thg 5,2h 0m,HPH,0.0,7.0,29-04-2025
HPH0035,VietJet Air,3212831,06:15,02 thg 5,08:15,02 thg 5,2h 0m,HPH,0.0,7.0,30-04-2025
HPH0036,VietJet Air,3212660,06:15,03 thg 5,08:15,03 thg 5,2h 0m,HPH,0.0,7.0,01-05-2025
HPH0036,VietJet Air,3466313,06:15,03 thg 5,08:15,03 thg 5,2h 0m,HPH,0.0,7.0,02-05-2025
HPH0036,VietJet Air,2376000,06:15,03 thg 5,08:15,03 thg 5,2h 0m,HPH,0.0,7.0,07-04-2025
HPH0036,VietJet Air,2345003,06:15,03 thg 5,08:15,03 thg 5,2h 0m,HPH,0.0,7.0,13-04-2025
HPH0036,VietJet Air,2333153,06:15,03 thg 5,08:15,03 thg 5,2h 0m,HPH,0.0,7.0,14-04-2025
HPH0036,VietJet Air,2336145,06:15,03 thg 5,08:15,03 thg 5,2h 0m,HPH,0.0,7.0,15-04-2025
HPH0036,VietJet Air,2563546,06:15,03 thg 5,08:15,03 thg 5,2h 0m,HPH,0.0,7.0,16-04-2025
HPH0036,VietJet Air,2362513,06:15,03 thg 5,08:15,03 thg 5,2h 0m,HPH,0.0,7.0,17-04-2025
HPH0036,VietJet Air,2368065,06:15,03 thg 5,08:15,03 thg 5,2h 0m,HPH,0.0,7.0,18-04-2025
HPH0036,VietJet Air,2382030,06:15,03 thg 5,08:15,03 thg 5,2h 0m,HPH,0.0,7.0,19-04-2025
HPH0036,VietJet Air,2373053,06:15,03 thg 5,08:15,03 thg 5,2h 0m,HPH,0.0,7.0,20-04-2025
HPH0036,VietJet Air,2373053,06:15,03 thg 5,08:15,03 thg 5,2h 0m,HPH,0.0,7.0,21-04-2025
HPH0036,VietJet Air,2585520,06:15,03 thg 5,08:15,03 thg 5,2h 0m,HPH,0.0,7.0,22-04-2025
HPH0036,VietJet Air,2587515,06:15,03 thg 5,08:15,03 thg 5,2h 0m,HPH,0.0,7.0,23-04-2025
HPH0036,VietJet Air,2593500,06:15,03 thg 5,08:15,03 thg 5,2h 0m,HPH,0.0,7.0,24-04-2025
HPH0036,VietJet Air,2585520,06:15,03 thg 5,08:15,03 thg 5,2h 0m,HPH,0.0,7.0,25-04-2025
HPH0036,VietJet Air,2796990,06:15,03 thg 5,08:15,03 thg 5,2h 0m,HPH,0.0,7.0,26-04-2025
HPH0036,VietJet Air,2785020,06:15,03 thg 5,08:15,03 thg 5,2h 0m,HPH,0.0,7.0,27-04-2025
HPH0036,VietJet Air,2957588,06:15,03 thg 5,08:15,03 thg 5,2h 0m,HPH,0.0,7.0,28-04-2025
HPH0036,VietJet Air,3055239,06:15,03 thg 5,08:15,03 thg 5,2h 0m,HPH,0.0,7.0,29-04-2025
HPH0036,VietJet Air,3054462,06:15,03 thg 5,08:15,03 thg 5,2h 0m,HPH,0.0,7.0,30-04-2025
HPH0037,VietJet Air,3495446,06:15,04 thg 5,08:15,04 thg 5,2h 0m,HPH,0.0,7.0,01-05-2025
HPH0037,VietJet Air,3496930,06:15,04 thg 5,08:15,04 thg 5,2h 0m,HPH,0.0,7.0,02-05-2025
HPH0037,VietJet Air,2565000,06:15,04 thg 5,08:15,04 thg 5,2h 0m,HPH,0.0,7.0,07-04-2025
HPH0037,VietJet Air,2767065,06:15,04 thg 5,08:15,04 thg 5,2h 0m,HPH,0.0,7.0,14-04-2025
HPH0037,VietJet Air,2777040,06:15,04 thg 5,08:15,04 thg 5,2h 0m,HPH,0.0,7.0,15-04-2025
HPH0037,VietJet Air,2797988,06:15,04 thg 5,08:15,04 thg 5,2h 0m,HPH,0.0,7.0,16-04-2025
HPH0037,VietJet Air,2802975,06:15,04 thg 5,08:15,04 thg 5,2h 0m,HPH,0.0,7.0,17-04-2025
HPH0037,VietJet Air,2804970,06:15,04 thg 5,08:15,04 thg 5,2h 0m,HPH,0.0,7.0,18-04-2025
HPH0037,VietJet Air,2811953,06:15,04 thg 5,08:15,04 thg 5,2h 0m,HPH,0.0,7.0,19-04-2025
HPH0037,VietJet Air,2802975,06:15,04 thg 5,08:15,04 thg 5,2h 0m,HPH,0.0,7.0,20-04-2025
HPH0037,VietJet Air,2974019,06:15,04 thg 5,08:15,04 thg 5,2h 0m,HPH,0.0,7.0,21-04-2025
HPH0037,VietJet Air,3130155,06:15,04 thg 5,08:15,04 thg 5,2h 0m,HPH,0.0,7.0,22-04-2025
HPH0037,VietJet Air,2865818,06:15,04 thg 5,08:15,04 thg 5,2h 0m,HPH,0.0,7.0,23-04-2025
HPH0037,VietJet Air,3137138,06:15,04 thg 5,08:15,04 thg 5,2h 0m,HPH,0.0,7.0,24-04-2025
HPH0037,VietJet Air,3135143,06:15,04 thg 5,08:15,04 thg 5,2h 0m,HPH,0.0,7.0,25-04-2025
HPH0037,VietJet Air,3110217,06:15,04 thg 5,08:15,04 thg 5,2h 0m,HPH,0.0,7.0,26-04-2025
HPH0037,VietJet Air,3211398,06:15,04 thg 5,08:15,04 thg 5,2h 0m,HPH,0.0,7.0,27-04-2025
HPH0037,VietJet Air,3212884,06:15,04 thg 5,08:15,04 thg 5,2h 0m,HPH,0.0,7.0,28-04-2025
HPH0037,VietJet Air,3213647,06:15,04 thg 5,08:15,04 thg 5,2h 0m,HPH,0.0,7.0,29-04-2025
HPH0037,VietJet Air,3212831,06:15,04 thg 5,08:15,04 thg 5,2h 0m,HPH,0.0,7.0,30-04-2025
HPH0038,VietJet Air,2862005,06:15,05 thg 5,08:15,05 thg 5,2h 0m,HPH,0.0,7.0,01-05-2025
HPH0038,VietJet Air,2863221,06:15,05 thg 5,08:15,05 thg 5,2h 0m,HPH,0.0,7.0,02-05-2025
HPH0038,VietJet Air,3055597,06:15,05 thg 5,08:15,05 thg 5,2h 0m,HPH,0.0,7.0,03-05-2025
HPH0038,VietJet Air,1854000,06:15,05 thg 5,08:15,05 thg 5,2h 0m,HPH,0.0,7.0,07-04-2025
HPH0038,VietJet Air,1989015,06:15,05 thg 5,08:15,05 thg 5,2h 0m,HPH,0.0,7.0,15-04-2025
HPH0038,VietJet Air,2024925,06:15,05 thg 5,08:15,05 thg 5,2h 0m,HPH,0.0,7.0,16-04-2025
HPH0038,VietJet Air,2016945,06:15,05 thg 5,08:15,05 thg 5,2h 0m,HPH,0.0,7.0,17-04-2025
HPH0038,VietJet Air,2016945,06:15,05 thg 5,08:15,05 thg 5,2h 0m,HPH,0.0,7.0,18-04-2025
HPH0038,VietJet Air,2036895,06:15,05 thg 5,08:15,05 thg 5,2h 0m,HPH,0.0,7.0,19-04-2025
HPH0038,VietJet Air,2031908,06:15,05 thg 5,08:15,05 thg 5,2h 0m,HPH,0.0,7.0,20-04-2025
HPH0038,VietJet Air,2033903,06:15,05 thg 5,08:15,05 thg 5,2h 0m,HPH,0.0,7.0,21-04-2025
HPH0038,VietJet Air,2211458,06:15,05 thg 5,08:15,05 thg 5,2h 0m,HPH,0.0,7.0,22-04-2025
HPH0038,VietJet Air,2215448,06:15,05 thg 5,08:15,05 thg 5,2h 0m,HPH,0.0,7.0,23-04-2025
HPH0038,VietJet Air,2216445,06:15,05 thg 5,08:15,05 thg 5,2h 0m,HPH,0.0,7.0,24-04-2025
HPH0038,VietJet Air,2208465,06:15,05 thg 5,08:15,05 thg 5,2h 0m,HPH,0.0,7.0,25-04-2025
HPH0038,VietJet Air,2369063,06:15,05 thg 5,08:15,05 thg 5,2h 0m,HPH,0.0,7.0,26-04-2025
HPH0038,VietJet Air,2358090,06:15,05 thg 5,08:15,05 thg 5,2h 0m,HPH,0.0,7.0,27-04-2025
HPH0038,VietJet Air,2783025,06:15,05 thg 5,08:15,05 thg 5,2h 0m,HPH,0.0,7.0,28-04-2025
HPH0038,VietJet Air,2774048,06:15,05 thg 5,08:15,05 thg 5,2h 0m,HPH,0.0,7.0,29-04-2025
HPH0038,VietJet Air,2862157,06:15,05 thg 5,08:15,05 thg 5,2h 0m,HPH,0.0,7.0,30-04-2025
HPH0039,VietJet Air,1889220,06:15,06 thg 5,08:15,06 thg 5,2h 0m,HPH,0.0,7.0,01-05-2025
HPH0039,VietJet Air,2071083,06:15,06 thg 5,08:15,06 thg 5,2h 0m,HPH,0.0,7.0,02-05-2025
HPH0039,VietJet Air,2006970,06:15,06 thg 5,08:15,06 thg 5,2h 0m,HPH,0.0,7.0,03-05-2025
HPH0039,VietJet Air,2240924,06:15,06 thg 5,08:15,06 thg 5,2h 0m,HPH,0.0,7.0,04-05-2025
HPH0039,VietJet Air,3160080,06:15,06 thg 5,08:15,06 thg 5,2h 0m,HPH,0.0,7.0,05-05-2025
HPH0039,VietJet Air,1848000,06:15,06 thg 5,08:15,06 thg 5,2h 0m,HPH,0.0,7.0,07-04-2025
HPH0039,VietJet Air,1850363,06:15,06 thg 5,08:15,06 thg 5,2h 0m,HPH,0.0,7.0,16-04-2025
HPH0039,VietJet Air,1839390,06:15,06 thg 5,08:15,06 thg 5,2h 0m,HPH,0.0,7.0,17-04-2025
HPH0039,VietJet Air,1841385,06:15,06 thg 5,08:15,06 thg 5,2h 0m,HPH,0.0,7.0,18-04-2025
HPH0039,VietJet Air,1866323,06:15,06 thg 5,08:15,06 thg 5,2h 0m,HPH,0.0,7.0,19-04-2025
HPH0039,VietJet Air,1857345,06:15,06 thg 5,08:15,06 thg 5,2h 0m,HPH,0.0,7.0,20-04-2025
HPH0039,VietJet Air,1868318,06:15,06 thg 5,08:15,06 thg 5,2h 0m,HPH,0.0,7.0,21-04-2025
HPH0039,VietJet Air,3764565,06:15,06 thg 5,08:15,06 thg 5,2h 0m,HPH,0.0,7.0,22-04-2025
HPH0039,VietJet Air,1870313,06:15,06 thg 5,08:15,06 thg 5,2h 0m,HPH,0.0,7.0,23-04-2025
HPH0039,VietJet Air,1874303,06:15,06 thg 5,08:15,06 thg 5,2h 0m,HPH,0.0,7.0,24-04-2025
HPH0039,VietJet Air,1857345,06:15,06 thg 5,08:15,06 thg 5,2h 0m,HPH,0.0,7.0,25-04-2025
HPH0039,VietJet Air,1846373,06:15,06 thg 5,08:15,06 thg 5,2h 0m,HPH,0.0,7.0,26-04-2025
HPH0039,VietJet Air,1888479,06:15,06 thg 5,08:15,06 thg 5,2h 0m,HPH,0.0,7.0,27-04-2025
HPH0039,VietJet Air,1834403,06:15,06 thg 5,08:15,06 thg 5,2h 0m,HPH,0.0,7.0,28-04-2025
HPH0039,VietJet Air,1889802,06:15,06 thg 5,08:15,06 thg 5,2h 0m,HPH,0.0,7.0,29-04-2025
HPH0039,VietJet Air,1889321,06:15,06 thg 5,08:15,06 thg 5,2h 0m,HPH,0.0,7.0,30-04-2025
HPH0040,VietJet Air,1889220,06:15,07 thg 5,08:15,07 thg 5,2h 0m,HPH,0.0,7.0,01-05-2025
HPH0040,VietJet Air,1828979,06:15,07 thg 5,08:15,07 thg 5,2h 0m,HPH,0.0,7.0,02-05-2025
HPH0040,VietJet Air,1890023,06:15,07 thg 5,08:15,07 thg 5,2h 0m,HPH,0.0,7.0,03-05-2025
HPH0040,VietJet Air,1829415,06:15,07 thg 5,08:15,07 thg 5,2h 0m,HPH,0.0,7.0,04-05-2025
HPH0040,VietJet Air,1890015,06:15,07 thg 5,08:15,07 thg 5,2h 0m,HPH,0.0,7.0,05-05-2025
HPH0040,VietJet Air,2012955,06:15,07 thg 5,08:15,07 thg 5,2h 0m,HPH,0.0,7.0,06-05-2025
HPH0040,VietJet Air,1856000,06:15,07 thg 5,08:15,07 thg 5,2h 0m,HPH,0.0,7.0,07-04-2025
HPH0040,VietJet Air,1839390,06:15,07 thg 5,08:15,07 thg 5,2h 0m,HPH,0.0,7.0,17-04-2025
HPH0040,VietJet Air,1841385,06:15,07 thg 5,08:15,07 thg 5,2h 0m,HPH,0.0,7.0,18-04-2025
HPH0040,VietJet Air,1866323,06:15,07 thg 5,08:15,07 thg 5,2h 0m,HPH,0.0,7.0,19-04-2025
HPH0040,VietJet Air,1857345,06:15,07 thg 5,08:15,07 thg 5,2h 0m,HPH,0.0,7.0,20-04-2025
HPH0040,VietJet Air,1867320,06:15,07 thg 5,08:15,07 thg 5,2h 0m,HPH,0.0,7.0,21-04-2025
HPH0040,VietJet Air,1871310,06:15,07 thg 5,08:15,07 thg 5,2h 0m,HPH,0.0,7.0,23-04-2025
HPH0040,VietJet Air,1870313,06:15,07 thg 5,08:15,07 thg 5,2h 0m,HPH,0.0,7.0,24-04-2025
HPH0040,VietJet Air,1857345,06:15,07 thg 5,08:15,07 thg 5,2h 0m,HPH,0.0,7.0,25-04-2025
HPH0040,VietJet Air,1847370,06:15,07 thg 5,08:15,07 thg 5,2h 0m,HPH,0.0,7.0,26-04-2025
HPH0040,VietJet Air,1838393,06:15,07 thg 5,08:15,07 thg 5,2h 0m,HPH,0.0,7.0,27-04-2025
HPH0040,VietJet Air,1834403,06:15,07 thg 5,08:15,07 thg 5,2h 0m,HPH,0.0,7.0,28-04-2025
HPH0040,VietJet Air,1889802,06:15,07 thg 5,08:15,07 thg 5,2h 0m,HPH,0.0,7.0,29-04-2025
HPH0040,VietJet Air,1889321,06:15,07 thg 5,08:15,07 thg 5,2h 0m,HPH,0.0,7.0,30-04-2025
HPH0041,VietJet Air,1889220,06:15,08 thg 5,08:15,08 thg 5,2h 0m,HPH,0.0,7.0,01-05-2025
HPH0041,VietJet Air,1890023,06:15,08 thg 5,08:15,08 thg 5,2h 0m,HPH,0.0,7.0,02-05-2025
HPH0041,VietJet Air,1838393,06:15,08 thg 5,08:15,08 thg 5,2h 0m,HPH,0.0,7.0,03-05-2025
HPH0041,VietJet Air,1890105,06:15,08 thg 5,08:15,08 thg 5,2h 0m,HPH,0.0,7.0,04-05-2025
HPH0041,VietJet Air,1890015,06:15,08 thg 5,08:15,08 thg 5,2h 0m,HPH,0.0,7.0,05-05-2025
HPH0041,VietJet Air,1889171,06:15,08 thg 5,08:15,08 thg 5,2h 0m,HPH,0.0,7.0,06-05-2025
HPH0041,VietJet Air,1853000,06:15,08 thg 5,08:15,08 thg 5,2h 0m,HPH,0.0,7.0,07-04-2025
HPH0041,VietJet Air,1840388,06:15,08 thg 5,08:15,08 thg 5,2h 0m,HPH,0.0,7.0,07-05-2025
HPH0041,VietJet Air,1841385,06:15,08 thg 5,08:15,08 thg 5,2h 0m,HPH,0.0,7.0,18-04-2025
HPH0041,VietJet Air,1866323,06:15,08 thg 5,08:15,08 thg 5,2h 0m,HPH,0.0,7.0,19-04-2025
HPH0041,VietJet Air,1857345,06:15,08 thg 5,08:15,08 thg 5,2h 0m,HPH,0.0,7.0,20-04-2025
HPH0041,VietJet Air,1868318,06:15,08 thg 5,08:15,08 thg 5,2h 0m,HPH,0.0,7.0,21-04-2025
HPH0041,VietJet Air,3764565,06:15,08 thg 5,08:15,08 thg 5,2h 0m,HPH,0.0,7.0,22-04-2025
HPH0041,VietJet Air,1875300,06:15,08 thg 5,08:15,08 thg 5,2h 0m,HPH,0.0,7.0,23-04-2025
HPH0041,VietJet Air,1874303,06:15,08 thg 5,08:15,08 thg 5,2h 0m,HPH,0.0,7.0,24-04-2025
HPH0041,VietJet Air,1858343,06:15,08 thg 5,08:15,08 thg 5,2h 0m,HPH,0.0,7.0,25-04-2025
HPH0041,VietJet Air,1846373,06:15,08 thg 5,08:15,08 thg 5,2h 0m,HPH,0.0,7.0,26-04-2025
HPH0041,VietJet Air,1838393,06:15,08 thg 5,08:15,08 thg 5,2h 0m,HPH,0.0,7.0,27-04-2025
HPH0041,VietJet Air,1834403,06:15,08 thg 5,08:15,08 thg 5,2h 0m,HPH,0.0,7.0,28-04-2025
HPH0041,VietJet Air,1889802,06:15,08 thg 5,08:15,08 thg 5,2h 0m,HPH,0.0,7.0,29-04-2025
HPH0041,VietJet Air,1889321,06:15,08 thg 5,08:15,08 thg 5,2h 0m,HPH,0.0,7.0,30-04-2025
HPH0042,VietJet Air,1740000,06:15,09 thg 5,08:15,09 thg 5,2h 0m,HPH,0.0,7.0,07-04-2025
HPH0042,VietJet Air,1748618,06:15,09 thg 5,08:15,09 thg 5,2h 0m,HPH,0.0,7.0,19-04-2025
HPH0042,VietJet Air,1742633,06:15,09 thg 5,08:15,09 thg 5,2h 0m,HPH,0.0,7.0,20-04-2025
HPH0042,VietJet Air,1741635,06:15,09 thg 5,08:15,09 thg 5,2h 0m,HPH,0.0,7.0,21-04-2025
HPH0043,VietJet Air,1859000,06:15,10 thg 5,08:15,10 thg 5,2h 0m,HPH,0.0,7.0,07-04-2025
HPH0043,VietJet Air,1857345,06:15,10 thg 5,08:15,10 thg 5,2h 0m,HPH,0.0,7.0,20-04-2025
HPH0043,VietJet Air,1860338,06:15,10 thg 5,08:15,10 thg 5,2h 0m,HPH,0.0,7.0,21-04-2025
HPH0044,VietJet Air,1856000,06:15,11 thg 5,08:15,11 thg 5,2h 0m,HPH,0.0,7.0,07-04-2025
HPH0044,VietJet Air,1860338,06:15,11 thg 5,08:15,11 thg 5,2h 0m,HPH,0.0,7.0,21-04-2025
HPH0045,VietJet Air,1844730,06:15,21 thg 4,08:15,21 thg 4,2h 0m,HPH,0.0,7.0,07-04-2025
HPH0045,VietJet Air,1852690,06:15,21 thg 4,08:15,21 thg 4,2h 0m,HPH,0.0,7.0,08-04-2025
HPH0045,VietJet Air,1864000,06:15,21 thg 4,08:15,21 thg 4,2h 0m,HPH,0.0,7.0,09-04-2025
HPH0045,VietJet Air,1834517,06:15,21 thg 4,08:15,21 thg 4,2h 0m,HPH,0.0,7.0,10-04-2025
HPH0045,VietJet Air,1860000,06:15,21 thg 4,08:15,21 thg 4,2h 0m,HPH,0.0,7.0,11-04-2025
HPH0045,VietJet Air,1856000,06:15,21 thg 4,08:15,21 thg 4,2h 0m,HPH,0.0,7.0,12-04-2025
HPH0045,VietJet Air,1848710,06:15,21 thg 4,08:15,21 thg 4,2h 0m,HPH,0.0,7.0,13-04-2025
HPH0045,VietJet Air,1807470,06:15,21 thg 4,08:15,21 thg 4,2h 0m,HPH,0.0,7.0,14-04-2025
HPH0045,VietJet Air,1813455,06:15,21 thg 4,08:15,21 thg 4,2h 0m,HPH,0.0,7.0,15-04-2025
HPH0045,VietJet Air,1722683,06:15,21 thg 4,08:15,21 thg 4,2h 0m,HPH,0.0,7.0,17-04-2025
HPH0045,VietJet Air,1845653,06:15,21 thg 4,08:15,21 thg 4,2h 0m,HPH,0.0,7.0,18-04-2025
HPH0045,VietJet Air,1866323,06:15,21 thg 4,08:15,21 thg 4,2h 0m,HPH,0.0,7.0,19-04-2025
HPH0045,VietJet Air,2217443,06:15,21 thg 4,08:15,21 thg 4,2h 0m,HPH,0.0,7.0,20-04-2025
HPH0046,VietJet Air,1845725,06:15,22 thg 4,08:15,22 thg 4,2h 0m,HPH,0.0,7.0,07-04-2025
HPH0046,VietJet Air,1852690,06:15,22 thg 4,08:15,22 thg 4,2h 0m,HPH,0.0,7.0,08-04-2025
HPH0046,VietJet Air,1864000,06:15,22 thg 4,08:15,22 thg 4,2h 0m,HPH,0.0,7.0,09-04-2025
HPH0046,VietJet Air,1833527,06:15,22 thg 4,08:15,22 thg 4,2h 0m,HPH,0.0,7.0,10-04-2025
HPH0046,VietJet Air,1860000,06:15,22 thg 4,08:15,22 thg 4,2h 0m,HPH,0.0,7.0,11-04-2025
HPH0046,VietJet Air,1856000,06:15,22 thg 4,08:15,22 thg 4,2h 0m,HPH,0.0,7.0,12-04-2025
HPH0046,VietJet Air,1848710,06:15,22 thg 4,08:15,22 thg 4,2h 0m,HPH,0.0,7.0,13-04-2025
HPH0046,VietJet Air,1808468,06:15,22 thg 4,08:15,22 thg 4,2h 0m,HPH,0.0,7.0,14-04-2025
HPH0046,VietJet Air,1814453,06:15,22 thg 4,08:15,22 thg 4,2h 0m,HPH,0.0,7.0,15-04-2025
HPH0046,VietJet Air,1850363,06:15,22 thg 4,08:15,22 thg 4,2h 0m,HPH,0.0,7.0,16-04-2025
HPH0046,VietJet Air,1839390,06:15,22 thg 4,08:15,22 thg 4,2h 0m,HPH,0.0,7.0,17-04-2025
HPH0046,VietJet Air,1841385,06:15,22 thg 4,08:15,22 thg 4,2h 0m,HPH,0.0,7.0,18-04-2025
HPH0046,VietJet Air,1866323,06:15,22 thg 4,08:15,22 thg 4,2h 0m,HPH,0.0,7.0,19-04-2025
HPH0046,VietJet Air,1857345,06:15,22 thg 4,08:15,22 thg 4,2h 0m,HPH,0.0,7.0,20-04-2025
HPH0046,VietJet Air,1857345,06:15,22 thg 4,08:15,22 thg 4,2h 0m,HPH,0.0,7.0,21-04-2025
HPH0047,VietJet Air,1843735,06:15,23 thg 4,08:15,23 thg 4,2h 0m,HPH,0.0,7.0,07-04-2025
HPH0047,VietJet Air,1852690,06:15,23 thg 4,08:15,23 thg 4,2h 0m,HPH,0.0,7.0,08-04-2025
HPH0047,VietJet Air,1861000,06:15,23 thg 4,08:15,23 thg 4,2h 0m,HPH,0.0,7.0,09-04-2025
HPH0047,VietJet Air,1833527,06:15,23 thg 4,08:15,23 thg 4,2h 0m,HPH,0.0,7.0,10-04-2025
HPH0047,VietJet Air,1853000,06:15,23 thg 4,08:15,23 thg 4,2h 0m,HPH,0.0,7.0,11-04-2025
HPH0047,VietJet Air,1856000,06:15,23 thg 4,08:15,23 thg 4,2h 0m,HPH,0.0,7.0,12-04-2025
HPH0047,VietJet Air,1848710,06:15,23 thg 4,08:15,23 thg 4,2h 0m,HPH,0.0,7.0,13-04-2025
HPH0047,VietJet Air,1808468,06:15,23 thg 4,08:15,23 thg 4,2h 0m,HPH,0.0,7.0,14-04-2025
HPH0047,VietJet Air,1814453,06:15,23 thg 4,08:15,23 thg 4,2h 0m,HPH,0.0,7.0,15-04-2025
HPH0047,VietJet Air,1851360,06:15,23 thg 4,08:15,23 thg 4,2h 0m,HPH,0.0,7.0,16-04-2025
HPH0047,VietJet Air,1839390,06:15,23 thg 4,08:15,23 thg 4,2h 0m,HPH,0.0,7.0,17-04-2025
HPH0047,VietJet Air,1841385,06:15,23 thg 4,08:15,23 thg 4,2h 0m,HPH,0.0,7.0,18-04-2025
HPH0047,VietJet Air,1866323,06:15,23 thg 4,08:15,23 thg 4,2h 0m,HPH,0.0,7.0,19-04-2025
HPH0047,VietJet Air,1857345,06:15,23 thg 4,08:15,23 thg 4,2h 0m,HPH,0.0,7.0,20-04-2025
HPH0047,VietJet Air,1857345,06:15,23 thg 4,08:15,23 thg 4,2h 0m,HPH,0.0,7.0,21-04-2025
HPH0048,VietJet Air,1843735,06:15,24 thg 4,08:15,24 thg 4,2h 0m,HPH,0.0,7.0,07-04-2025
HPH0048,VietJet Air,1852690,06:15,24 thg 4,08:15,24 thg 4,2h 0m,HPH,0.0,7.0,08-04-2025
HPH0048,VietJet Air,1864000,06:15,24 thg 4,08:15,24 thg 4,2h 0m,HPH,0.0,7.0,09-04-2025
HPH0048,VietJet Air,1833527,06:15,24 thg 4,08:15,24 thg 4,2h 0m,HPH,0.0,7.0,10-04-2025
HPH0048,VietJet Air,1860000,06:15,24 thg 4,08:15,24 thg 4,2h 0m,HPH,0.0,7.0,11-04-2025
HPH0048,VietJet Air,1856000,06:15,24 thg 4,08:15,24 thg 4,2h 0m,HPH,0.0,7.0,12-04-2025
HPH0048,VietJet Air,1848710,06:15,24 thg 4,08:15,24 thg 4,2h 0m,HPH,0.0,7.0,13-04-2025
HPH0048,VietJet Air,1807470,06:15,24 thg 4,08:15,24 thg 4,2h 0m,HPH,0.0,7.0,14-04-2025
HPH0048,VietJet Air,1813455,06:15,24 thg 4,08:15,24 thg 4,2h 0m,HPH,0.0,7.0,15-04-2025
HPH0048,VietJet Air,1839390,06:15,24 thg 4,08:15,24 thg 4,2h 0m,HPH,0.0,7.0,17-04-2025
HPH0048,VietJet Air,1841385,06:15,24 thg 4,08:15,24 thg 4,2h 0m,HPH,0.0,7.0,18-04-2025
HPH0048,VietJet Air,1866323,06:15,24 thg 4,08:15,24 thg 4,2h 0m,HPH,0.0,7.0,19-04-2025
HPH0048,VietJet Air,1857345,06:15,24 thg 4,08:15,24 thg 4,2h 0m,HPH,0.0,7.0,20-04-2025
HPH0048,VietJet Air,1857345,06:15,24 thg 4,08:15,24 thg 4,2h 0m,HPH,0.0,7.0,21-04-2025
HPH0049,VietJet Air,1734285,06:15,25 thg 4,08:15,25 thg 4,2h 0m,HPH,0.0,7.0,07-04-2025
HPH0049,VietJet Air,1739260,06:15,25 thg 4,08:15,25 thg 4,2h 0m,HPH,0.0,7.0,08-04-2025
HPH0049,VietJet Air,1749000,06:15,25 thg 4,08:15,25 thg 4,2h 0m,HPH,0.0,7.0,09-04-2025
HPH0049,VietJet Air,1721654,06:15,25 thg 4,08:15,25 thg 4,2h 0m,HPH,0.0,7.0,10-04-2025
HPH0049,VietJet Air,1732000,06:15,25 thg 4,08:15,25 thg 4,2h 0m,HPH,0.0,7.0,11-04-2025
HPH0049,VietJet Air,1734000,06:15,25 thg 4,08:15,25 thg 4,2h 0m,HPH,0.0,7.0,12-04-2025
HPH0049,VietJet Air,1738265,06:15,25 thg 4,08:15,25 thg 4,2h 0m,HPH,0.0,7.0,13-04-2025
HPH0049,VietJet Air,1691760,06:15,25 thg 4,08:15,25 thg 4,2h 0m,HPH,0.0,7.0,14-04-2025
HPH0049,VietJet Air,1698743,06:15,25 thg 4,08:15,25 thg 4,2h 0m,HPH,0.0,7.0,15-04-2025
HPH0049,VietJet Air,1741635,06:15,25 thg 4,08:15,25 thg 4,2h 0m,HPH,0.0,7.0,16-04-2025
HPH0049,VietJet Air,1722683,06:15,25 thg 4,08:15,25 thg 4,2h 0m,HPH,0.0,7.0,17-04-2025
HPH0049,VietJet Air,1843380,06:15,25 thg 4,08:15,25 thg 4,2h 0m,HPH,0.0,7.0,18-04-2025
HPH0049,VietJet Air,1866323,06:15,25 thg 4,08:15,25 thg 4,2h 0m,HPH,0.0,7.0,19-04-2025
HPH0049,VietJet Air,1857345,06:15,25 thg 4,08:15,25 thg 4,2h 0m,HPH,0.0,7.0,20-04-2025
HPH0049,VietJet Air,1857345,06:15,25 thg 4,08:15,25 thg 4,2h 0m,HPH,0.0,7.0,21-04-2025
HPH0049,VietJet Air,2038890,06:15,25 thg 4,08:15,25 thg 4,2h 0m,HPH,0.0,7.0,22-04-2025
HPH0049,VietJet Air,2212455,06:15,25 thg 4,08:15,25 thg 4,2h 0m,HPH,0.0,7.0,23-04-2025
HPH0049,VietJet Air,2253353,06:15,25 thg 4,08:15,25 thg 4,2h 0m,HPH,0.0,7.0,24-04-2025
HPH0050,VietJet Air,1855000,06:15,26 thg 4,08:15,26 thg 4,2h 0m,HPH,0.0,7.0,07-04-2025
HPH0050,VietJet Air,1852690,06:15,26 thg 4,08:15,26 thg 4,2h 0m,HPH,0.0,7.0,08-04-2025
HPH0050,VietJet Air,1864000,06:15,26 thg 4,08:15,26 thg 4,2h 0m,HPH,0.0,7.0,09-04-2025
HPH0050,VietJet Air,1841447,06:15,26 thg 4,08:15,26 thg 4,2h 0m,HPH,0.0,7.0,10-04-2025
HPH0050,VietJet Air,1860000,06:15,26 thg 4,08:15,26 thg 4,2h 0m,HPH,0.0,7.0,11-04-2025
HPH0050,VietJet Air,1856000,06:15,26 thg 4,08:15,26 thg 4,2h 0m,HPH,0.0,7.0,12-04-2025
HPH0050,VietJet Air,1848710,06:15,26 thg 4,08:15,26 thg 4,2h 0m,HPH,0.0,7.0,13-04-2025
HPH0050,VietJet Air,1982033,06:15,26 thg 4,08:15,26 thg 4,2h 0m,HPH,0.0,7.0,14-04-2025
HPH0050,VietJet Air,1989015,06:15,26 thg 4,08:15,26 thg 4,2h 0m,HPH,0.0,7.0,15-04-2025
HPH0050,VietJet Air,2024925,06:15,26 thg 4,08:15,26 thg 4,2h 0m,HPH,0.0,7.0,16-04-2025
HPH0050,VietJet Air,2014950,06:15,26 thg 4,08:15,26 thg 4,2h 0m,HPH,0.0,7.0,17-04-2025
HPH0050,VietJet Air,2016945,06:15,26 thg 4,08:15,26 thg 4,2h 0m,HPH,0.0,7.0,18-04-2025
HPH0050,VietJet Air,2036895,06:15,26 thg 4,08:15,26 thg 4,2h 0m,HPH,0.0,7.0,19-04-2025
HPH0050,VietJet Air,2031908,06:15,26 thg 4,08:15,26 thg 4,2h 0m,HPH,0.0,7.0,20-04-2025
HPH0050,VietJet Air,2031908,06:15,26 thg 4,08:15,26 thg 4,2h 0m,HPH,0.0,7.0,21-04-2025
HPH0050,VietJet Air,2038890,06:15,26 thg 4,08:15,26 thg 4,2h 0m,HPH,0.0,7.0,22-04-2025
HPH0050,VietJet Air,2040885,06:15,26 thg 4,08:15,26 thg 4,2h 0m,HPH,0.0,7.0,23-04-2025
HPH0050,VietJet Air,2044875,06:15,26 thg 4,08:15,26 thg 4,2h 0m,HPH,0.0,7.0,24-04-2025
HPH0050,VietJet Air,2078790,06:15,26 thg 4,08:15,26 thg 4,2h 0m,HPH,0.0,7.0,25-04-2025
HPH0051,VietJet Air,1844730,06:15,27 thg 4,08:15,27 thg 4,2h 0m,HPH,0.0,7.0,07-04-2025
HPH0051,VietJet Air,1852690,06:15,27 thg 4,08:15,27 thg 4,2h 0m,HPH,0.0,7.0,08-04-2025
HPH0051,VietJet Air,1864000,06:15,27 thg 4,08:15,27 thg 4,2h 0m,HPH,0.0,7.0,09-04-2025
HPH0051,VietJet Air,1841447,06:15,27 thg 4,08:15,27 thg 4,2h 0m,HPH,0.0,7.0,10-04-2025
HPH0051,VietJet Air,1860000,06:15,27 thg 4,08:15,27 thg 4,2h 0m,HPH,0.0,7.0,11-04-2025
HPH0051,VietJet Air,1856000,06:15,27 thg 4,08:15,27 thg 4,2h 0m,HPH,0.0,7.0,12-04-2025
HPH0051,VietJet Air,1848710,06:15,27 thg 4,08:15,27 thg 4,2h 0m,HPH,0.0,7.0,13-04-2025
HPH0051,VietJet Air,1808468,06:15,27 thg 4,08:15,27 thg 4,2h 0m,HPH,0.0,7.0,14-04-2025
HPH0051,VietJet Air,1813455,06:15,27 thg 4,08:15,27 thg 4,2h 0m,HPH,0.0,7.0,15-04-2025
HPH0051,VietJet Air,1850363,06:15,27 thg 4,08:15,27 thg 4,2h 0m,HPH,0.0,7.0,16-04-2025
HPH0051,VietJet Air,1841385,06:15,27 thg 4,08:15,27 thg 4,2h 0m,HPH,0.0,7.0,17-04-2025
HPH0051,VietJet Air,1841385,06:15,27 thg 4,08:15,27 thg 4,2h 0m,HPH,0.0,7.0,18-04-2025
HPH0051,VietJet Air,1866323,06:15,27 thg 4,08:15,27 thg 4,2h 0m,HPH,0.0,7.0,19-04-2025
HPH0051,VietJet Air,1857345,06:15,27 thg 4,08:15,27 thg 4,2h 0m,HPH,0.0,7.0,20-04-2025
HPH0051,VietJet Air,1857345,06:15,27 thg 4,08:15,27 thg 4,2h 0m,HPH,0.0,7.0,21-04-2025
HPH0051,VietJet Air,2038890,06:15,27 thg 4,08:15,27 thg 4,2h 0m,HPH,0.0,7.0,22-04-2025
HPH0051,VietJet Air,2040885,06:15,27 thg 4,08:15,27 thg 4,2h 0m,HPH,0.0,7.0,23-04-2025
HPH0051,VietJet Air,2044875,06:15,27 thg 4,08:15,27 thg 4,2h 0m,HPH,0.0,7.0,24-04-2025
HPH0051,VietJet Air,2036895,06:15,27 thg 4,08:15,27 thg 4,2h 0m,HPH,0.0,7.0,25-04-2025
HPH0051,VietJet Air,2254350,06:15,27 thg 4,08:15,27 thg 4,2h 0m,HPH,0.0,7.0,26-04-2025
HPH0052,VietJet Air,1844730,06:15,28 thg 4,08:15,28 thg 4,2h 0m,HPH,0.0,7.0,07-04-2025
HPH0052,VietJet Air,1852690,06:15,28 thg 4,08:15,28 thg 4,2h 0m,HPH,0.0,7.0,08-04-2025
HPH0052,VietJet Air,1861000,06:15,28 thg 4,08:15,28 thg 4,2h 0m,HPH,0.0,7.0,09-04-2025
HPH0052,VietJet Air,1841447,06:15,28 thg 4,08:15,28 thg 4,2h 0m,HPH,0.0,7.0,10-04-2025
HPH0052,VietJet Air,1860000,06:15,28 thg 4,08:15,28 thg 4,2h 0m,HPH,0.0,7.0,11-04-2025
HPH0052,VietJet Air,1856000,06:15,28 thg 4,08:15,28 thg 4,2h 0m,HPH,0.0,7.0,12-04-2025
HPH0052,VietJet Air,1848710,06:15,28 thg 4,08:15,28 thg 4,2h 0m,HPH,0.0,7.0,13-04-2025
HPH0052,VietJet Air,1807470,06:15,28 thg 4,08:15,28 thg 4,2h 0m,HPH,0.0,7.0,14-04-2025
HPH0052,VietJet Air,1813455,06:15,28 thg 4,08:15,28 thg 4,2h 0m,HPH,0.0,7.0,15-04-2025
HPH0052,VietJet Air,1839390,06:15,28 thg 4,08:15,28 thg 4,2h 0m,HPH,0.0,7.0,17-04-2025
HPH0052,VietJet Air,1843380,06:15,28 thg 4,08:15,28 thg 4,2h 0m,HPH,0.0,7.0,18-04-2025
HPH0052,VietJet Air,1866323,06:15,28 thg 4,08:15,28 thg 4,2h 0m,HPH,0.0,7.0,19-04-2025
HPH0052,VietJet Air,1857345,06:15,28 thg 4,08:15,28 thg 4,2h 0m,HPH,0.0,7.0,20-04-2025
HPH0052,VietJet Air,1857345,06:15,28 thg 4,08:15,28 thg 4,2h 0m,HPH,0.0,7.0,21-04-2025
HPH0052,VietJet Air,1868318,06:15,28 thg 4,08:15,28 thg 4,2h 0m,HPH,0.0,7.0,22-04-2025
HPH0052,VietJet Air,1870313,06:15,28 thg 4,08:15,28 thg 4,2h 0m,HPH,0.0,7.0,23-04-2025
HPH0052,VietJet Air,1873305,06:15,28 thg 4,08:15,28 thg 4,2h 0m,HPH,0.0,7.0,24-04-2025
HPH0052,VietJet Air,1858343,06:15,28 thg 4,08:15,28 thg 4,2h 0m,HPH,0.0,7.0,25-04-2025
HPH0052,VietJet Air,2239205,06:15,28 thg 4,08:15,28 thg 4,2h 0m,HPH,0.0,7.0,26-04-2025
HPH0052,VietJet Air,3855898,06:15,28 thg 4,08:15,28 thg 4,2h 0m,HPH,0.0,7.0,27-04-2025
HPH0053,VietJet Air,2022835,06:15,29 thg 4,08:15,29 thg 4,2h 0m,HPH,0.0,7.0,07-04-2025
HPH0053,VietJet Air,2034000,06:15,29 thg 4,08:15,29 thg 4,2h 0m,HPH,0.0,7.0,09-04-2025
HPH0053,VietJet Air,2172115,06:15,29 thg 4,08:15,29 thg 4,2h 0m,HPH,0.0,7.0,10-04-2025
HPH0053,VietJet Air,2197000,06:15,29 thg 4,08:15,29 thg 4,2h 0m,HPH,0.0,7.0,11-04-2025
HPH0053,VietJet Air,2200000,06:15,29 thg 4,08:15,29 thg 4,2h 0m,HPH,0.0,7.0,12-04-2025
HPH0053,VietJet Air,2190990,06:15,29 thg 4,08:15,29 thg 4,2h 0m,HPH,0.0,7.0,13-04-2025
HPH0053,VietJet Air,2156595,06:15,29 thg 4,08:15,29 thg 4,2h 0m,HPH,0.0,7.0,14-04-2025
HPH0053,VietJet Air,2163578,06:15,29 thg 4,08:15,29 thg 4,2h 0m,HPH,0.0,7.0,15-04-2025
HPH0053,VietJet Air,2198490,06:15,29 thg 4,08:15,29 thg 4,2h 0m,HPH,0.0,7.0,16-04-2025
HPH0053,VietJet Air,2192505,06:15,29 thg 4,08:15,29 thg 4,2h 0m,HPH,0.0,7.0,17-04-2025
HPH0053,VietJet Air,2192505,06:15,29 thg 4,08:15,29 thg 4,2h 0m,HPH,0.0,7.0,18-04-2025
HPH0053,VietJet Air,2036895,06:15,29 thg 4,08:15,29 thg 4,2h 0m,HPH,0.0,7.0,19-04-2025
HPH0053,VietJet Air,2202480,06:15,29 thg 4,08:15,29 thg 4,2h 0m,HPH,0.0,7.0,20-04-2025
HPH0053,VietJet Air,2202480,06:15,29 thg 4,08:15,29 thg 4,2h 0m,HPH,0.0,7.0,21-04-2025
HPH0053,VietJet Air,2209463,06:15,29 thg 4,08:15,29 thg 4,2h 0m,HPH,0.0,7.0,22-04-2025
HPH0053,VietJet Air,2211458,06:15,29 thg 4,08:15,29 thg 4,2h 0m,HPH,0.0,7.0,23-04-2025
HPH0053,VietJet Air,2045873,06:15,29 thg 4,08:15,29 thg 4,2h 0m,HPH,0.0,7.0,24-04-2025
HPH0053,VietJet Air,2035898,06:15,29 thg 4,08:15,29 thg 4,2h 0m,HPH,0.0,7.0,25-04-2025
HPH0053,VietJet Air,2028915,06:15,29 thg 4,08:15,29 thg 4,2h 0m,HPH,0.0,7.0,26-04-2025
HPH0053,VietJet Air,2238996,06:15,29 thg 4,08:15,29 thg 4,2h 0m,HPH,0.0,7.0,27-04-2025
HPH0053,VietJet Air,3811448,06:15,29 thg 4,08:15,29 thg 4,2h 0m,HPH,0.0,7.0,28-04-2025
HPH0054,VietJet Air,2186015,06:15,30 thg 4,08:15,30 thg 4,2h 0m,HPH,0.0,7.0,07-04-2025
HPH0054,VietJet Air,2172115,06:15,30 thg 4,08:15,30 thg 4,2h 0m,HPH,0.0,7.0,10-04-2025
HPH0054,VietJet Air,2370000,06:15,30 thg 4,08:15,30 thg 4,2h 0m,HPH,0.0,7.0,11-04-2025
HPH0054,VietJet Air,2374000,06:15,30 thg 4,08:15,30 thg 4,2h 0m,HPH,0.0,7.0,12-04-2025
HPH0054,VietJet Air,2364120,06:15,30 thg 4,08:15,30 thg 4,2h 0m,HPH,0.0,7.0,13-04-2025
HPH0054,VietJet Air,2333153,06:15,30 thg 4,08:15,30 thg 4,2h 0m,HPH,0.0,7.0,14-04-2025
HPH0054,VietJet Air,2339138,06:15,30 thg 4,08:15,30 thg 4,2h 0m,HPH,0.0,7.0,15-04-2025
HPH0054,VietJet Air,2367068,06:15,30 thg 4,08:15,30 thg 4,2h 0m,HPH,0.0,7.0,16-04-2025
HPH0054,VietJet Air,2365073,06:15,30 thg 4,08:15,30 thg 4,2h 0m,HPH,0.0,7.0,17-04-2025
HPH0054,VietJet Air,2571555,06:15,30 thg 4,08:15,30 thg 4,2h 0m,HPH,0.0,7.0,18-04-2025
HPH0054,VietJet Air,2581530,06:15,30 thg 4,08:15,30 thg 4,2h 0m,HPH,0.0,7.0,19-04-2025
HPH0054,VietJet Air,2577540,06:15,30 thg 4,08:15,30 thg 4,2h 0m,HPH,0.0,7.0,20-04-2025
HPH0054,VietJet Air,2577540,06:15,30 thg 4,08:15,30 thg 4,2h 0m,HPH,0.0,7.0,21-04-2025
HPH0054,VietJet Air,2814945,06:15,30 thg 4,08:15,30 thg 4,2h 0m,HPH,0.0,7.0,22-04-2025
HPH0054,VietJet Air,2988510,06:15,30 thg 4,08:15,30 thg 4,2h 0m,HPH,0.0,7.0,23-04-2025
HPH0054,VietJet Air,2995493,06:15,30 thg 4,08:15,30 thg 4,2h 0m,HPH,0.0,7.0,24-04-2025
HPH0054,VietJet Air,2991503,06:15,30 thg 4,08:15,30 thg 4,2h 0m,HPH,0.0,7.0,25-04-2025
HPH0054,VietJet Air,2972550,06:15,30 thg 4,08:15,30 thg 4,2h 0m,HPH,0.0,7.0,26-04-2025
HPH0054,VietJet Air,2959583,06:15,30 thg 4,08:15,30 thg 4,2h 0m,HPH,0.0,7.0,27-04-2025
HPH0054,VietJet Air,2957588,06:15,30 thg 4,08:15,30 thg 4,2h 0m,HPH,0.0,7.0,28-04-2025
HPH0054,VietJet Air,3174045,06:15,30 thg 4,08:15,30 thg 4,2h 0m,HPH,0.0,7.0,29-04-2025
HPH0055,VietJet Air,2027000,09:15,01 thg 5,11:15,01 thg 5,2h 0m,HPH,0.0,7.0,07-04-2025
HPH0055,VietJet Air,2034000,09:15,01 thg 5,11:15,01 thg 5,2h 0m,HPH,0.0,7.0,11-04-2025
HPH0055,VietJet Air,2027000,09:15,01 thg 5,11:15,01 thg 5,2h 0m,HPH,0.0,7.0,12-04-2025
HPH0055,VietJet Air,2018855,09:15,01 thg 5,11:15,01 thg 5,2h 0m,HPH,0.0,7.0,13-04-2025
HPH0055,VietJet Air,1983030,09:15,01 thg 5,11:15,01 thg 5,2h 0m,HPH,0.0,7.0,14-04-2025
HPH0055,VietJet Air,1989015,09:15,01 thg 5,11:15,01 thg 5,2h 0m,HPH,0.0,7.0,15-04-2025
HPH0055,VietJet Air,2198490,09:15,01 thg 5,11:15,01 thg 5,2h 0m,HPH,0.0,7.0,16-04-2025
HPH0055,VietJet Air,2192505,09:15,01 thg 5,11:15,01 thg 5,2h 0m,HPH,0.0,7.0,17-04-2025
HPH0055,VietJet Air,2192505,09:15,01 thg 5,11:15,01 thg 5,2h 0m,HPH,0.0,7.0,18-04-2025
HPH0055,VietJet Air,2382030,09:15,01 thg 5,11:15,01 thg 5,2h 0m,HPH,0.0,7.0,19-04-2025
HPH0055,VietJet Air,2373053,09:15,01 thg 5,11:15,01 thg 5,2h 0m,HPH,0.0,7.0,20-04-2025
HPH0055,VietJet Air,2375048,09:15,01 thg 5,11:15,01 thg 5,2h 0m,HPH,0.0,7.0,21-04-2025
HPH0055,VietJet Air,2384025,09:15,01 thg 5,11:15,01 thg 5,2h 0m,HPH,0.0,7.0,22-04-2025
HPH0055,VietJet Air,2587515,09:15,01 thg 5,11:15,01 thg 5,2h 0m,HPH,0.0,7.0,23-04-2025
HPH0055,VietJet Air,2593500,09:15,01 thg 5,11:15,01 thg 5,2h 0m,HPH,0.0,7.0,24-04-2025
HPH0055,VietJet Air,2569560,09:15,01 thg 5,11:15,01 thg 5,2h 0m,HPH,0.0,7.0,26-04-2025
HPH0055,VietJet Air,3383986,09:15,01 thg 5,11:15,01 thg 5,2h 0m,HPH,0.0,7.0,27-04-2025
HPH0055,VietJet Air,3212884,09:15,01 thg 5,11:15,01 thg 5,2h 0m,HPH,0.0,7.0,28-04-2025
HPH0055,VietJet Air,3384518,09:15,01 thg 5,11:15,01 thg 5,2h 0m,HPH,0.0,7.0,29-04-2025
HPH0055,VietJet Air,3731648,09:15,01 thg 5,11:15,01 thg 5,2h 0m,HPH,0.0,7.0,30-04-2025
HPH0056,VietJet Air,3766921,09:15,03 thg 5,11:15,03 thg 5,2h 0m,HPH,0.0,7.0,01-05-2025
HPH0056,VietJet Air,3786510,09:15,03 thg 5,11:15,03 thg 5,2h 0m,HPH,0.0,7.0,02-05-2025
HPH0056,VietJet Air,2804000,09:15,03 thg 5,11:15,03 thg 5,2h 0m,HPH,0.0,7.0,07-04-2025
HPH0056,VietJet Air,2802915,09:15,03 thg 5,11:15,03 thg 5,2h 0m,HPH,0.0,7.0,13-04-2025
HPH0056,VietJet Air,2941628,09:15,03 thg 5,11:15,03 thg 5,2h 0m,HPH,0.0,7.0,14-04-2025
HPH0056,VietJet Air,2945618,09:15,03 thg 5,11:15,03 thg 5,2h 0m,HPH,0.0,7.0,15-04-2025
HPH0056,VietJet Air,2967563,09:15,03 thg 5,11:15,03 thg 5,2h 0m,HPH,0.0,7.0,16-04-2025
HPH0056,VietJet Air,2807963,09:15,03 thg 5,11:15,03 thg 5,2h 0m,HPH,0.0,7.0,17-04-2025
HPH0056,VietJet Air,2805968,09:15,03 thg 5,11:15,03 thg 5,2h 0m,HPH,0.0,7.0,18-04-2025
HPH0056,VietJet Air,2811953,09:15,03 thg 5,11:15,03 thg 5,2h 0m,HPH,0.0,7.0,19-04-2025
HPH0056,VietJet Air,2802975,09:15,03 thg 5,11:15,03 thg 5,2h 0m,HPH,0.0,7.0,20-04-2025
HPH0056,VietJet Air,2802975,09:15,03 thg 5,11:15,03 thg 5,2h 0m,HPH,0.0,7.0,21-04-2025
HPH0056,VietJet Air,2815943,09:15,03 thg 5,11:15,03 thg 5,2h 0m,HPH,0.0,7.0,22-04-2025
HPH0056,VietJet Air,2817938,09:15,03 thg 5,11:15,03 thg 5,2h 0m,HPH,0.0,7.0,23-04-2025
HPH0056,VietJet Air,3137138,09:15,03 thg 5,11:15,03 thg 5,2h 0m,HPH,0.0,7.0,24-04-2025
HPH0056,VietJet Air,3137138,09:15,03 thg 5,11:15,03 thg 5,2h 0m,HPH,0.0,7.0,25-04-2025
HPH0056,VietJet Air,3110217,09:15,03 thg 5,11:15,03 thg 5,2h 0m,HPH,0.0,7.0,26-04-2025
HPH0056,VietJet Air,3211398,09:15,03 thg 5,11:15,03 thg 5,2h 0m,HPH,0.0,7.0,27-04-2025
HPH0056,VietJet Air,3212884,09:15,03 thg 5,11:15,03 thg 5,2h 0m,HPH,0.0,7.0,28-04-2025
HPH0056,VietJet Air,3496520,09:15,03 thg 5,11:15,03 thg 5,2h 0m,HPH,0.0,7.0,29-04-2025
HPH0056,VietJet Air,3495632,09:15,03 thg 5,11:15,03 thg 5,2h 0m,HPH,0.0,7.0,30-04-2025
HPH0057,VietJet Air,3212660,09:15,05 thg 5,11:15,05 thg 5,2h 0m,HPH,0.0,7.0,01-05-2025
HPH0057,VietJet Air,3214024,09:15,05 thg 5,11:15,05 thg 5,2h 0m,HPH,0.0,7.0,02-05-2025
HPH0057,VietJet Air,1817000,09:15,05 thg 5,11:15,05 thg 5,2h 0m,HPH,0.0,7.0,07-04-2025
HPH0057,VietJet Air,2163578,09:15,05 thg 5,11:15,05 thg 5,2h 0m,HPH,0.0,7.0,15-04-2025
HPH0057,VietJet Air,2362001,09:15,05 thg 5,11:15,05 thg 5,2h 0m,HPH,0.0,7.0,16-04-2025
HPH0057,VietJet Air,2205473,09:15,05 thg 5,11:15,05 thg 5,2h 0m,HPH,0.0,7.0,17-04-2025
HPH0057,VietJet Air,2192505,09:15,05 thg 5,11:15,05 thg 5,2h 0m,HPH,0.0,7.0,18-04-2025
HPH0057,VietJet Air,2207468,09:15,05 thg 5,11:15,05 thg 5,2h 0m,HPH,0.0,7.0,19-04-2025
HPH0057,VietJet Air,2202480,09:15,05 thg 5,11:15,05 thg 5,2h 0m,HPH,0.0,7.0,20-04-2025
HPH0057,VietJet Air,2204475,09:15,05 thg 5,11:15,05 thg 5,2h 0m,HPH,0.0,7.0,21-04-2025
HPH0057,VietJet Air,2385023,09:15,05 thg 5,11:15,05 thg 5,2h 0m,HPH,0.0,7.0,22-04-2025
HPH0057,VietJet Air,2391008,09:15,05 thg 5,11:15,05 thg 5,2h 0m,HPH,0.0,7.0,23-04-2025
HPH0057,VietJet Air,2392005,09:15,05 thg 5,11:15,05 thg 5,2h 0m,HPH,0.0,7.0,24-04-2025
HPH0057,VietJet Air,2383028,09:15,05 thg 5,11:15,05 thg 5,2h 0m,HPH,0.0,7.0,25-04-2025
HPH0057,VietJet Air,2634389,09:15,05 thg 5,11:15,05 thg 5,2h 0m,HPH,0.0,7.0,26-04-2025
HPH0057,VietJet Air,2562578,09:15,05 thg 5,11:15,05 thg 5,2h 0m,HPH,0.0,7.0,27-04-2025
HPH0057,VietJet Air,3212884,09:15,05 thg 5,11:15,05 thg 5,2h 0m,HPH,0.0,7.0,28-04-2025
HPH0057,VietJet Air,3213647,09:15,05 thg 5,11:15,05 thg 5,2h 0m,HPH,0.0,7.0,29-04-2025
HPH0057,VietJet Air,3212831,09:15,05 thg 5,11:15,05 thg 5,2h 0m,HPH,0.0,7.0,30-04-2025
HPH0058,VietJet Air,2070204,09:15,06 thg 5,11:15,06 thg 5,2h 0m,HPH,0.0,7.0,01-05-2025
HPH0058,VietJet Air,2071083,09:15,06 thg 5,11:15,06 thg 5,2h 0m,HPH,0.0,7.0,02-05-2025
HPH0058,VietJet Air,2179538,09:15,06 thg 5,11:15,06 thg 5,2h 0m,HPH,0.0,7.0,03-05-2025
HPH0058,VietJet Air,2433309,09:15,06 thg 5,11:15,06 thg 5,2h 0m,HPH,0.0,7.0,04-05-2025
HPH0058,VietJet Air,3160080,09:15,06 thg 5,11:15,06 thg 5,2h 0m,HPH,0.0,7.0,05-05-2025
HPH0058,VietJet Air,2021000,09:15,06 thg 5,11:15,06 thg 5,2h 0m,HPH,0.0,7.0,07-04-2025
HPH0058,VietJet Air,2022930,09:15,06 thg 5,11:15,06 thg 5,2h 0m,HPH,0.0,7.0,16-04-2025
HPH0058,VietJet Air,2014950,09:15,06 thg 5,11:15,06 thg 5,2h 0m,HPH,0.0,7.0,17-04-2025
HPH0058,VietJet Air,2016945,09:15,06 thg 5,11:15,06 thg 5,2h 0m,HPH,0.0,7.0,18-04-2025
HPH0058,VietJet Air,2036895,09:15,06 thg 5,11:15,06 thg 5,2h 0m,HPH,0.0,7.0,19-04-2025
HPH0058,VietJet Air,2031908,09:15,06 thg 5,11:15,06 thg 5,2h 0m,HPH,0.0,7.0,20-04-2025
HPH0058,VietJet Air,2038890,09:15,06 thg 5,11:15,06 thg 5,2h 0m,HPH,0.0,7.0,21-04-2025
HPH0058,VietJet Air,2038890,09:15,06 thg 5,11:15,06 thg 5,2h 0m,HPH,0.0,7.0,22-04-2025
HPH0058,VietJet Air,2041883,09:15,06 thg 5,11:15,06 thg 5,2h 0m,HPH,0.0,7.0,23-04-2025
HPH0058,VietJet Air,2045873,09:15,06 thg 5,11:15,06 thg 5,2h 0m,HPH,0.0,7.0,24-04-2025
HPH0058,VietJet Air,2035898,09:15,06 thg 5,11:15,06 thg 5,2h 0m,HPH,0.0,7.0,25-04-2025
HPH0058,VietJet Air,2020935,09:15,06 thg 5,11:15,06 thg 5,2h 0m,HPH,0.0,7.0,26-04-2025
HPH0058,VietJet Air,2013953,09:15,06 thg 5,11:15,06 thg 5,2h 0m,HPH,0.0,7.0,27-04-2025
HPH0058,VietJet Air,2007968,09:15,06 thg 5,11:15,06 thg 5,2h 0m,HPH,0.0,7.0,28-04-2025
HPH0058,VietJet Air,2070840,09:15,06 thg 5,11:15,06 thg 5,2h 0m,HPH,0.0,7.0,29-04-2025
HPH0058,VietJet Air,2070314,09:15,06 thg 5,11:15,06 thg 5,2h 0m,HPH,0.0,7.0,30-04-2025
HPH0059,VietJet Air,1889220,09:15,08 thg 5,11:15,08 thg 5,2h 0m,HPH,0.0,7.0,01-05-2025
HPH0059,VietJet Air,1890023,09:15,08 thg 5,11:15,08 thg 5,2h 0m,HPH,0.0,7.0,02-05-2025
HPH0059,VietJet Air,1838393,09:15,08 thg 5,11:15,08 thg 5,2h 0m,HPH,0.0,7.0,03-05-2025
HPH0059,VietJet Air,1829415,09:15,08 thg 5,11:15,08 thg 5,2h 0m,HPH,0.0,7.0,04-05-2025
HPH0059,VietJet Air,2071074,09:15,08 thg 5,11:15,08 thg 5,2h 0m,HPH,0.0,7.0,05-05-2025
HPH0059,VietJet Air,2239816,09:15,08 thg 5,11:15,08 thg 5,2h 0m,HPH,0.0,7.0,06-05-2025
HPH0059,VietJet Air,1853000,09:15,08 thg 5,11:15,08 thg 5,2h 0m,HPH,0.0,7.0,07-04-2025
HPH0059,VietJet Air,2184525,09:15,08 thg 5,11:15,08 thg 5,2h 0m,HPH,0.0,7.0,07-05-2025
HPH0059,VietJet Air,1841385,09:15,08 thg 5,11:15,08 thg 5,2h 0m,HPH,0.0,7.0,18-04-2025
HPH0059,VietJet Air,1866323,09:15,08 thg 5,11:15,08 thg 5,2h 0m,HPH,0.0,7.0,19-04-2025
HPH0059,VietJet Air,1857345,09:15,08 thg 5,11:15,08 thg 5,2h 0m,HPH,0.0,7.0,20-04-2025
HPH0059,VietJet Air,1868318,09:15,08 thg 5,11:15,08 thg 5,2h 0m,HPH,0.0,7.0,21-04-2025
HPH0059,VietJet Air,1868318,09:15,08 thg 5,11:15,08 thg 5,2h 0m,HPH,0.0,7.0,22-04-2025
HPH0059,VietJet Air,1873305,09:15,08 thg 5,11:15,08 thg 5,2h 0m,HPH,0.0,7.0,23-04-2025
HPH0059,VietJet Air,1874303,09:15,08 thg 5,11:15,08 thg 5,2h 0m,HPH,0.0,7.0,24-04-2025
HPH0059,VietJet Air,1858343,09:15,08 thg 5,11:15,08 thg 5,2h 0m,HPH,0.0,7.0,25-04-2025
HPH0059,VietJet Air,1846373,09:15,08 thg 5,11:15,08 thg 5,2h 0m,HPH,0.0,7.0,26-04-2025
HPH0059,VietJet Air,1838393,09:15,08 thg 5,11:15,08 thg 5,2h 0m,HPH,0.0,7.0,27-04-2025
HPH0059,VietJet Air,1834403,09:15,08 thg 5,11:15,08 thg 5,2h 0m,HPH,0.0,7.0,28-04-2025
HPH0059,VietJet Air,1889802,09:15,08 thg 5,11:15,08 thg 5,2h 0m,HPH,0.0,7.0,29-04-2025
HPH0059,VietJet Air,1889321,09:15,08 thg 5,11:15,08 thg 5,2h 0m,HPH,0.0,7.0,30-04-2025
HPH0060,VietJet Air,1889220,09:15,10 thg 5,11:15,10 thg 5,2h 0m,HPH,0.0,7.0,01-05-2025
HPH0060,VietJet Air,1890023,09:15,10 thg 5,11:15,10 thg 5,2h 0m,HPH,0.0,7.0,02-05-2025
HPH0060,VietJet Air,1838393,09:15,10 thg 5,11:15,10 thg 5,2h 0m,HPH,0.0,7.0,03-05-2025
HPH0060,VietJet Air,2240924,09:15,10 thg 5,11:15,10 thg 5,2h 0m,HPH,0.0,7.0,04-05-2025
HPH0060,VietJet Air,2168452,09:15,10 thg 5,11:15,10 thg 5,2h 0m,HPH,0.0,7.0,05-05-2025
HPH0060,VietJet Air,2432106,09:15,10 thg 5,11:15,10 thg 5,2h 0m,HPH,0.0,7.0,06-05-2025
HPH0060,VietJet Air,1859000,09:15,10 thg 5,11:15,10 thg 5,2h 0m,HPH,0.0,7.0,07-04-2025
HPH0060,VietJet Air,2163382,09:15,10 thg 5,11:15,10 thg 5,2h 0m,HPH,0.0,7.0,07-05-2025
HPH0060,VietJet Air,2427093,09:15,10 thg 5,11:15,10 thg 5,2h 0m,HPH,0.0,7.0,08-05-2025
HPH0060,VietJet Air,1857345,09:15,10 thg 5,11:15,10 thg 5,2h 0m,HPH,0.0,7.0,20-04-2025
HPH0060,VietJet Air,1860338,09:15,10 thg 5,11:15,10 thg 5,2h 0m,HPH,0.0,7.0,21-04-2025
HPH0060,VietJet Air,1868318,09:15,10 thg 5,11:15,10 thg 5,2h 0m,HPH,0.0,7.0,22-04-2025
HPH0060,VietJet Air,1872308,09:15,10 thg 5,11:15,10 thg 5,2h 0m,HPH,0.0,7.0,23-04-2025
HPH0060,VietJet Air,1873305,09:15,10 thg 5,11:15,10 thg 5,2h 0m,HPH,0.0,7.0,24-04-2025
HPH0060,VietJet Air,1870313,09:15,10 thg 5,11:15,10 thg 5,2h 0m,HPH,0.0,7.0,25-04-2025
HPH0060,VietJet Air,1847370,09:15,10 thg 5,11:15,10 thg 5,2h 0m,HPH,0.0,7.0,26-04-2025
HPH0060,VietJet Air,1838393,09:15,10 thg 5,11:15,10 thg 5,2h 0m,HPH,0.0,7.0,27-04-2025
HPH0060,VietJet Air,3857682,09:15,10 thg 5,11:15,10 thg 5,2h 0m,HPH,0.0,7.0,28-04-2025
HPH0060,VietJet Air,1889802,09:15,10 thg 5,11:15,10 thg 5,2h 0m,HPH,0.0,7.0,29-04-2025
HPH0060,VietJet Air,1889321,09:15,10 thg 5,11:15,10 thg 5,2h 0m,HPH,0.0,7.0,30-04-2025
HPH0061,VietJet Air,1844730,09:15,21 thg 4,11:15,21 thg 4,2h 0m,HPH,0.0,7.0,07-04-2025
HPH0061,VietJet Air,1852690,09:15,21 thg 4,11:15,21 thg 4,2h 0m,HPH,0.0,7.0,08-04-2025
HPH0061,VietJet Air,1864000,09:15,21 thg 4,11:15,21 thg 4,2h 0m,HPH,0.0,7.0,09-04-2025
HPH0061,VietJet Air,1834517,09:15,21 thg 4,11:15,21 thg 4,2h 0m,HPH,0.0,7.0,10-04-2025
HPH0061,VietJet Air,1860000,09:15,21 thg 4,11:15,21 thg 4,2h 0m,HPH,0.0,7.0,11-04-2025
HPH0061,VietJet Air,1856000,09:15,21 thg 4,11:15,21 thg 4,2h 0m,HPH,0.0,7.0,12-04-2025
HPH0061,VietJet Air,1848710,09:15,21 thg 4,11:15,21 thg 4,2h 0m,HPH,0.0,7.0,13-04-2025
HPH0061,VietJet Air,1807470,09:15,21 thg 4,11:15,21 thg 4,2h 0m,HPH,0.0,7.0,14-04-2025
HPH0061,VietJet Air,1813455,09:15,21 thg 4,11:15,21 thg 4,2h 0m,HPH,0.0,7.0,15-04-2025
HPH0061,VietJet Air,2189876,09:15,21 thg 4,11:15,21 thg 4,2h 0m,HPH,0.0,7.0,17-04-2025
HPH0061,VietJet Air,2192505,09:15,21 thg 4,11:15,21 thg 4,2h 0m,HPH,0.0,7.0,18-04-2025
HPH0061,VietJet Air,2382030,09:15,21 thg 4,11:15,21 thg 4,2h 0m,HPH,0.0,7.0,19-04-2025
HPH0061,VietJet Air,2795993,09:15,21 thg 4,11:15,21 thg 4,2h 0m,HPH,0.0,7.0,20-04-2025
HPH0062,VietJet Air,1845725,09:15,22 thg 4,11:15,22 thg 4,2h 0m,HPH,0.0,7.0,07-04-2025
HPH0062,VietJet Air,1852690,09:15,22 thg 4,11:15,22 thg 4,2h 0m,HPH,0.0,7.0,08-04-2025
HPH0062,VietJet Air,1864000,09:15,22 thg 4,11:15,22 thg 4,2h 0m,HPH,0.0,7.0,09-04-2025
HPH0062,VietJet Air,1833527,09:15,22 thg 4,11:15,22 thg 4,2h 0m,HPH,0.0,7.0,10-04-2025
HPH0062,VietJet Air,1860000,09:15,22 thg 4,11:15,22 thg 4,2h 0m,HPH,0.0,7.0,11-04-2025
HPH0062,VietJet Air,1856000,09:15,22 thg 4,11:15,22 thg 4,2h 0m,HPH,0.0,7.0,12-04-2025
HPH0062,VietJet Air,1848710,09:15,22 thg 4,11:15,22 thg 4,2h 0m,HPH,0.0,7.0,13-04-2025
HPH0062,VietJet Air,1808468,09:15,22 thg 4,11:15,22 thg 4,2h 0m,HPH,0.0,7.0,14-04-2025
HPH0062,VietJet Air,1814453,09:15,22 thg 4,11:15,22 thg 4,2h 0m,HPH,0.0,7.0,15-04-2025
HPH0062,VietJet Air,1850363,09:15,22 thg 4,11:15,22 thg 4,2h 0m,HPH,0.0,7.0,16-04-2025
HPH0062,VietJet Air,1839390,09:15,22 thg 4,11:15,22 thg 4,2h 0m,HPH,0.0,7.0,17-04-2025
HPH0062,VietJet Air,1841385,09:15,22 thg 4,11:15,22 thg 4,2h 0m,HPH,0.0,7.0,18-04-2025
HPH0062,VietJet Air,2036895,09:15,22 thg 4,11:15,22 thg 4,2h 0m,HPH,0.0,7.0,19-04-2025
HPH0062,VietJet Air,2031908,09:15,22 thg 4,11:15,22 thg 4,2h 0m,HPH,0.0,7.0,20-04-2025
HPH0062,VietJet Air,2187518,09:15,22 thg 4,11:15,22 thg 4,2h 0m,HPH,0.0,7.0,21-04-2025
HPH0063,VietJet Air,1843735,09:15,24 thg 4,11:15,24 thg 4,2h 0m,HPH,0.0,7.0,07-04-2025
HPH0063,VietJet Air,1852690,09:15,24 thg 4,11:15,24 thg 4,2h 0m,HPH,0.0,7.0,08-04-2025
HPH0063,VietJet Air,1864000,09:15,24 thg 4,11:15,24 thg 4,2h 0m,HPH,0.0,7.0,09-04-2025
HPH0063,VietJet Air,1833527,09:15,24 thg 4,11:15,24 thg 4,2h 0m,HPH,0.0,7.0,10-04-2025
HPH0063,VietJet Air,1860000,09:15,24 thg 4,11:15,24 thg 4,2h 0m,HPH,0.0,7.0,11-04-2025
HPH0063,VietJet Air,1856000,09:15,24 thg 4,11:15,24 thg 4,2h 0m,HPH,0.0,7.0,12-04-2025
HPH0063,VietJet Air,1848710,09:15,24 thg 4,11:15,24 thg 4,2h 0m,HPH,0.0,7.0,13-04-2025
HPH0063,VietJet Air,1807470,09:15,24 thg 4,11:15,24 thg 4,2h 0m,HPH,0.0,7.0,14-04-2025
HPH0063,VietJet Air,1813455,09:15,24 thg 4,11:15,24 thg 4,2h 0m,HPH,0.0,7.0,15-04-2025
HPH0063,VietJet Air,1839390,09:15,24 thg 4,11:15,24 thg 4,2h 0m,HPH,0.0,7.0,17-04-2025
HPH0063,VietJet Air,2016945,09:15,24 thg 4,11:15,24 thg 4,2h 0m,HPH,0.0,7.0,18-04-2025
HPH0063,VietJet Air,2017943,09:15,24 thg 4,11:15,24 thg 4,2h 0m,HPH,0.0,7.0,19-04-2025
HPH0063,VietJet Air,2031908,09:15,24 thg 4,11:15,24 thg 4,2h 0m,HPH,0.0,7.0,20-04-2025
HPH0063,VietJet Air,2031908,09:15,24 thg 4,11:15,24 thg 4,2h 0m,HPH,0.0,7.0,21-04-2025
HPH0063,VietJet Air,2384025,09:15,24 thg 4,11:15,24 thg 4,2h 0m,HPH,0.0,7.0,22-04-2025
HPH0064,VietJet Air,2025000,09:15,26 thg 4,11:15,26 thg 4,2h 0m,HPH,0.0,7.0,07-04-2025
HPH0064,VietJet Air,2024825,09:15,26 thg 4,11:15,26 thg 4,2h 0m,HPH,0.0,7.0,08-04-2025
HPH0064,VietJet Air,2037000,09:15,26 thg 4,11:15,26 thg 4,2h 0m,HPH,0.0,7.0,09-04-2025
HPH0064,VietJet Air,2013711,09:15,26 thg 4,11:15,26 thg 4,2h 0m,HPH,0.0,7.0,10-04-2025
HPH0064,VietJet Air,2034000,09:15,26 thg 4,11:15,26 thg 4,2h 0m,HPH,0.0,7.0,11-04-2025
HPH0064,VietJet Air,2027000,09:15,26 thg 4,11:15,26 thg 4,2h 0m,HPH,0.0,7.0,12-04-2025
HPH0064,VietJet Air,2190990,09:15,26 thg 4,11:15,26 thg 4,2h 0m,HPH,0.0,7.0,13-04-2025
HPH0064,VietJet Air,2156595,09:15,26 thg 4,11:15,26 thg 4,2h 0m,HPH,0.0,7.0,14-04-2025
HPH0064,VietJet Air,2164575,09:15,26 thg 4,11:15,26 thg 4,2h 0m,HPH,0.0,7.0,15-04-2025
HPH0064,VietJet Air,2198490,09:15,26 thg 4,11:15,26 thg 4,2h 0m,HPH,0.0,7.0,16-04-2025
HPH0064,VietJet Air,2014950,09:15,26 thg 4,11:15,26 thg 4,2h 0m,HPH,0.0,7.0,17-04-2025
HPH0064,VietJet Air,2016945,09:15,26 thg 4,11:15,26 thg 4,2h 0m,HPH,0.0,7.0,18-04-2025
HPH0064,VietJet Air,2188515,09:15,26 thg 4,11:15,26 thg 4,2h 0m,HPH,0.0,7.0,19-04-2025
HPH0064,VietJet Air,2202480,09:15,26 thg 4,11:15,26 thg 4,2h 0m,HPH,0.0,7.0,20-04-2025
HPH0064,VietJet Air,2202480,09:15,26 thg 4,11:15,26 thg 4,2h 0m,HPH,0.0,7.0,21-04-2025
HPH0064,VietJet Air,2038890,09:15,26 thg 4,11:15,26 thg 4,2h 0m,HPH,0.0,7.0,22-04-2025
HPH0064,VietJet Air,2040885,09:15,26 thg 4,11:15,26 thg 4,2h 0m,HPH,0.0,7.0,23-04-2025
HPH0064,VietJet Air,2216445,09:15,26 thg 4,11:15,26 thg 4,2h 0m,HPH,0.0,7.0,24-04-2025
HPH0064,VietJet Air,2383028,09:15,26 thg 4,11:15,26 thg 4,2h 0m,HPH,0.0,7.0,25-04-2025
HPH0065,VietJet Air,1844730,09:15,28 thg 4,11:15,28 thg 4,2h 0m,HPH,0.0,7.0,07-04-2025
HPH0065,VietJet Air,1852690,09:15,28 thg 4,11:15,28 thg 4,2h 0m,HPH,0.0,7.0,08-04-2025
HPH0065,VietJet Air,1861000,09:15,28 thg 4,11:15,28 thg 4,2h 0m,HPH,0.0,7.0,09-04-2025
HPH0065,VietJet Air,1841447,09:15,28 thg 4,11:15,28 thg 4,2h 0m,HPH,0.0,7.0,10-04-2025
HPH0065,VietJet Air,1860000,09:15,28 thg 4,11:15,28 thg 4,2h 0m,HPH,0.0,7.0,11-04-2025
HPH0065,VietJet Air,1856000,09:15,28 thg 4,11:15,28 thg 4,2h 0m,HPH,0.0,7.0,12-04-2025
HPH0065,VietJet Air,1848710,09:15,28 thg 4,11:15,28 thg 4,2h 0m,HPH,0.0,7.0,13-04-2025
HPH0065,VietJet Air,1807470,09:15,28 thg 4,11:15,28 thg 4,2h 0m,HPH,0.0,7.0,14-04-2025
HPH0065,VietJet Air,1813455,09:15,28 thg 4,11:15,28 thg 4,2h 0m,HPH,0.0,7.0,15-04-2025
HPH0065,VietJet Air,1839390,09:15,28 thg 4,11:15,28 thg 4,2h 0m,HPH,0.0,7.0,17-04-2025
HPH0065,VietJet Air,1843380,09:15,28 thg 4,11:15,28 thg 4,2h 0m,HPH,0.0,7.0,18-04-2025
HPH0065,VietJet Air,2036895,09:15,28 thg 4,11:15,28 thg 4,2h 0m,HPH,0.0,7.0,19-04-2025
HPH0065,VietJet Air,2031908,09:15,28 thg 4,11:15,28 thg 4,2h 0m,HPH,0.0,7.0,20-04-2025
HPH0065,VietJet Air,2031908,09:15,28 thg 4,11:15,28 thg 4,2h 0m,HPH,0.0,7.0,21-04-2025
HPH0065,VietJet Air,2038890,09:15,28 thg 4,11:15,28 thg 4,2h 0m,HPH,0.0,7.0,22-04-2025
HPH0065,VietJet Air,2040885,09:15,28 thg 4,11:15,28 thg 4,2h 0m,HPH,0.0,7.0,23-04-2025
HPH0065,VietJet Air,2044875,09:15,28 thg 4,11:15,28 thg 4,2h 0m,HPH,0.0,7.0,24-04-2025
HPH0065,VietJet Air,2036895,09:15,28 thg 4,11:15,28 thg 4,2h 0m,HPH,0.0,7.0,25-04-2025
HPH0065,VietJet Air,2368065,09:15,28 thg 4,11:15,28 thg 4,2h 0m,HPH,0.0,7.0,26-04-2025
HPH0065,VietJet Air,2856840,09:15,28 thg 4,11:15,28 thg 4,2h 0m,HPH,0.0,7.0,27-04-2025
HPH0066,VietJet Air,2190990,09:15,29 thg 4,11:15,29 thg 4,2h 0m,HPH,0.0,7.0,07-04-2025
HPH0066,VietJet Air,3124000,09:15,29 thg 4,11:15,29 thg 4,2h 0m,HPH,0.0,7.0,09-04-2025
HPH0066,VietJet Air,3081948,09:15,29 thg 4,11:15,29 thg 4,2h 0m,HPH,0.0,7.0,10-04-2025
HPH0066,VietJet Air,3109000,09:15,29 thg 4,11:15,29 thg 4,2h 0m,HPH,0.0,7.0,11-04-2025
HPH0066,VietJet Air,3114000,09:15,29 thg 4,11:15,29 thg 4,2h 0m,HPH,0.0,7.0,12-04-2025
HPH0066,VietJet Air,3100420,09:15,29 thg 4,11:15,29 thg 4,2h 0m,HPH,0.0,7.0,13-04-2025
HPH0066,VietJet Air,3085268,09:15,29 thg 4,11:15,29 thg 4,2h 0m,HPH,0.0,7.0,14-04-2025
HPH0066,VietJet Air,3095243,09:15,29 thg 4,11:15,29 thg 4,2h 0m,HPH,0.0,7.0,15-04-2025
HPH0066,VietJet Air,3111203,09:15,29 thg 4,11:15,29 thg 4,2h 0m,HPH,0.0,7.0,16-04-2025
HPH0066,VietJet Air,3120180,09:15,29 thg 4,11:15,29 thg 4,2h 0m,HPH,0.0,7.0,17-04-2025
HPH0066,VietJet Air,3122175,09:15,29 thg 4,11:15,29 thg 4,2h 0m,HPH,0.0,7.0,18-04-2025
HPH0066,VietJet Air,2581530,09:15,29 thg 4,11:15,29 thg 4,2h 0m,HPH,0.0,7.0,19-04-2025
HPH0066,VietJet Air,2577540,09:15,29 thg 4,11:15,29 thg 4,2h 0m,HPH,0.0,7.0,20-04-2025
HPH0066,VietJet Air,2577540,09:15,29 thg 4,11:15,29 thg 4,2h 0m,HPH,0.0,7.0,21-04-2025
HPH0066,VietJet Air,2584523,09:15,29 thg 4,11:15,29 thg 4,2h 0m,HPH,0.0,7.0,22-04-2025
HPH0066,VietJet Air,2587515,09:15,29 thg 4,11:15,29 thg 4,2h 0m,HPH,0.0,7.0,23-04-2025
HPH0066,VietJet Air,2593500,09:15,29 thg 4,11:15,29 thg 4,2h 0m,HPH,0.0,7.0,24-04-2025
HPH0066,VietJet Air,2583525,09:15,29 thg 4,11:15,29 thg 4,2h 0m,HPH,0.0,7.0,25-04-2025
HPH0066,VietJet Air,2368065,09:15,29 thg 4,11:15,29 thg 4,2h 0m,HPH,0.0,7.0,26-04-2025
HPH0066,VietJet Air,2558588,09:15,29 thg 4,11:15,29 thg 4,2h 0m,HPH,0.0,7.0,27-04-2025
HPH0066,VietJet Air,2849858,09:15,29 thg 4,11:15,29 thg 4,2h 0m,HPH,0.0,7.0,28-04-2025
HPH0067,VietJet Air,2145879,11:35,02 thg 5,13:35,02 thg 5,2h 0m,HPH,0.0,7.0,07-04-2025
HPH0067,VietJet Air,2200000,11:35,02 thg 5,13:35,02 thg 5,2h 0m,HPH,0.0,7.0,12-04-2025
HPH0067,VietJet Air,2364120,11:35,02 thg 5,13:35,02 thg 5,2h 0m,HPH,0.0,7.0,13-04-2025
HPH0067,VietJet Air,2534648,11:35,02 thg 5,13:35,02 thg 5,2h 0m,HPH,0.0,7.0,14-04-2025
HPH0067,VietJet Air,2538638,11:35,02 thg 5,13:35,02 thg 5,2h 0m,HPH,0.0,7.0,15-04-2025
HPH0067,VietJet Air,2379038,11:35,02 thg 5,13:35,02 thg 5,2h 0m,HPH,0.0,7.0,17-04-2025
HPH0067,VietJet Air,2804970,11:35,02 thg 5,13:35,02 thg 5,2h 0m,HPH,0.0,7.0,18-04-2025
HPH0067,VietJet Air,2811953,11:35,02 thg 5,13:35,02 thg 5,2h 0m,HPH,0.0,7.0,19-04-2025
HPH0067,VietJet Air,2802975,11:35,02 thg 5,13:35,02 thg 5,2h 0m,HPH,0.0,7.0,20-04-2025
HPH0067,VietJet Air,2802975,11:35,02 thg 5,13:35,02 thg 5,2h 0m,HPH,0.0,7.0,21-04-2025
HPH0067,VietJet Air,2988510,11:35,02 thg 5,13:35,02 thg 5,2h 0m,HPH,0.0,7.0,22-04-2025
HPH0067,VietJet Air,2988510,11:35,02 thg 5,13:35,02 thg 5,2h 0m,HPH,0.0,7.0,23-04-2025
HPH0067,VietJet Air,3042375,11:35,02 thg 5,13:35,02 thg 5,2h 0m,HPH,0.0,7.0,24-04-2025
HPH0067,VietJet Air,3135143,11:35,02 thg 5,13:35,02 thg 5,2h 0m,HPH,0.0,7.0,25-04-2025
HPH0067,VietJet Air,3118185,11:35,02 thg 5,13:35,02 thg 5,2h 0m,HPH,0.0,7.0,26-04-2025
HPH0067,VietJet Air,3765442,11:35,02 thg 5,13:35,02 thg 5,2h 0m,HPH,0.0,7.0,27-04-2025
HPH0067,VietJet Air,3767184,11:35,02 thg 5,13:35,02 thg 5,2h 0m,HPH,0.0,7.0,28-04-2025
HPH0067,VietJet Air,3824653,11:35,02 thg 5,13:35,02 thg 5,2h 0m,HPH,0.0,7.0,29-04-2025
HPH0067,VietJet Air,3823681,11:35,02 thg 5,13:35,02 thg 5,2h 0m,HPH,0.0,7.0,30-04-2025
HPH0068,VietJet Air,3107000,11:35,04 thg 5,13:35,04 thg 5,2h 0m,HPH,0.0,7.0,07-04-2025
HPH0068,VietJet Air,3639878,11:35,04 thg 5,13:35,04 thg 5,2h 0m,HPH,0.0,7.0,14-04-2025
HPH0068,VietJet Air,3652845,11:35,04 thg 5,13:35,04 thg 5,2h 0m,HPH,0.0,7.0,15-04-2025
HPH0068,VietJet Air,3652845,11:35,04 thg 5,13:35,04 thg 5,2h 0m,HPH,0.0,7.0,16-04-2025
HPH0068,VietJet Air,3659828,11:35,04 thg 5,13:35,04 thg 5,2h 0m,HPH,0.0,7.0,17-04-2025
HPH0068,VietJet Air,3680775,11:35,04 thg 5,13:35,04 thg 5,2h 0m,HPH,0.0,7.0,18-04-2025
HPH0068,VietJet Air,3687758,11:35,04 thg 5,13:35,04 thg 5,2h 0m,HPH,0.0,7.0,19-04-2025
HPH0068,VietJet Air,3723668,11:35,04 thg 5,13:35,04 thg 5,2h 0m,HPH,0.0,7.0,20-04-2025
HPH0068,VietJet Air,3723668,11:35,04 thg 5,13:35,04 thg 5,2h 0m,HPH,0.0,7.0,21-04-2025
HPH0068,VietJet Air,3734640,11:35,04 thg 5,13:35,04 thg 5,2h 0m,HPH,0.0,7.0,22-04-2025
HPH0068,VietJet Air,3738630,11:35,04 thg 5,13:35,04 thg 5,2h 0m,HPH,0.0,7.0,23-04-2025
HPH0068,VietJet Air,3774540,11:35,04 thg 5,13:35,04 thg 5,2h 0m,HPH,0.0,7.0,24-04-2025
HPH0068,VietJet Air,3769553,11:35,04 thg 5,13:35,04 thg 5,2h 0m,HPH,0.0,7.0,25-04-2025
HPH0068,VietJet Air,3741623,11:35,04 thg 5,13:35,04 thg 5,2h 0m,HPH,0.0,7.0,26-04-2025
HPH0068,VietJet Air,3734411,11:35,04 thg 5,13:35,04 thg 5,2h 0m,HPH,0.0,7.0,27-04-2025
HPH0068,VietJet Air,3857618,11:35,04 thg 5,13:35,04 thg 5,2h 0m,HPH,0.0,7.0,30-04-2025
HPH0069,VietJet Air,1889220,11:35,07 thg 5,13:35,07 thg 5,2h 0m,HPH,0.0,7.0,01-05-2025
HPH0069,VietJet Air,1828979,11:35,07 thg 5,13:35,07 thg 5,2h 0m,HPH,0.0,7.0,02-05-2025
HPH0069,VietJet Air,2071083,11:35,07 thg 5,13:35,07 thg 5,2h 0m,HPH,0.0,7.0,03-05-2025
HPH0069,VietJet Air,2071173,11:35,07 thg 5,13:35,07 thg 5,2h 0m,HPH,0.0,7.0,04-05-2025
HPH0069,VietJet Air,1856000,11:35,07 thg 5,13:35,07 thg 5,2h 0m,HPH,0.0,7.0,07-04-2025
HPH0069,VietJet Air,1839390,11:35,07 thg 5,13:35,07 thg 5,2h 0m,HPH,0.0,7.0,17-04-2025
HPH0069,VietJet Air,1841385,11:35,07 thg 5,13:35,07 thg 5,2h 0m,HPH,0.0,7.0,18-04-2025
HPH0069,VietJet Air,1866323,11:35,07 thg 5,13:35,07 thg 5,2h 0m,HPH,0.0,7.0,19-04-2025
HPH0069,VietJet Air,1857345,11:35,07 thg 5,13:35,07 thg 5,2h 0m,HPH,0.0,7.0,20-04-2025
HPH0069,VietJet Air,1867320,11:35,07 thg 5,13:35,07 thg 5,2h 0m,HPH,0.0,7.0,21-04-2025
HPH0069,VietJet Air,1870313,11:35,07 thg 5,13:35,07 thg 5,2h 0m,HPH,0.0,7.0,22-04-2025
HPH0069,VietJet Air,1871310,11:35,07 thg 5,13:35,07 thg 5,2h 0m,HPH,0.0,7.0,23-04-2025
HPH0069,VietJet Air,1870313,11:35,07 thg 5,13:35,07 thg 5,2h 0m,HPH,0.0,7.0,24-04-2025
HPH0069,VietJet Air,1857345,11:35,07 thg 5,13:35,07 thg 5,2h 0m,HPH,0.0,7.0,25-04-2025
HPH0069,VietJet Air,1847370,11:35,07 thg 5,13:35,07 thg 5,2h 0m,HPH,0.0,7.0,26-04-2025
HPH0069,VietJet Air,1838393,11:35,07 thg 5,13:35,07 thg 5,2h 0m,HPH,0.0,7.0,27-04-2025
HPH0069,VietJet Air,1834403,11:35,07 thg 5,13:35,07 thg 5,2h 0m,HPH,0.0,7.0,28-04-2025
HPH0069,VietJet Air,1889802,11:35,07 thg 5,13:35,07 thg 5,2h 0m,HPH,0.0,7.0,29-04-2025
HPH0069,VietJet Air,1889321,11:35,07 thg 5,13:35,07 thg 5,2h 0m,HPH,0.0,7.0,30-04-2025
HPH0070,VietJet Air,1889220,11:35,09 thg 5,13:35,09 thg 5,2h 0m,HPH,0.0,7.0,01-05-2025
HPH0070,VietJet Air,1890023,11:35,09 thg 5,13:35,09 thg 5,2h 0m,HPH,0.0,7.0,02-05-2025
HPH0070,VietJet Air,1838393,11:35,09 thg 5,13:35,09 thg 5,2h 0m,HPH,0.0,7.0,03-05-2025
HPH0070,VietJet Air,2071173,11:35,09 thg 5,13:35,09 thg 5,2h 0m,HPH,0.0,7.0,04-05-2025
HPH0070,VietJet Air,1740000,11:35,09 thg 5,13:35,09 thg 5,2h 0m,HPH,0.0,7.0,07-04-2025
HPH0070,VietJet Air,1748618,11:35,09 thg 5,13:35,09 thg 5,2h 0m,HPH,0.0,7.0,19-04-2025
HPH0070,VietJet Air,1742633,11:35,09 thg 5,13:35,09 thg 5,2h 0m,HPH,0.0,7.0,20-04-2025
HPH0070,VietJet Air,1741635,11:35,09 thg 5,13:35,09 thg 5,2h 0m,HPH,0.0,7.0,21-04-2025
HPH0070,VietJet Air,1868318,11:35,09 thg 5,13:35,09 thg 5,2h 0m,HPH,0.0,7.0,22-04-2025
HPH0070,VietJet Air,1875300,11:35,09 thg 5,13:35,09 thg 5,2h 0m,HPH,0.0,7.0,23-04-2025
HPH0070,VietJet Air,1872308,11:35,09 thg 5,13:35,09 thg 5,2h 0m,HPH,0.0,7.0,24-04-2025
HPH0070,VietJet Air,1857345,11:35,09 thg 5,13:35,09 thg 5,2h 0m,HPH,0.0,7.0,25-04-2025
HPH0070,VietJet Air,1847370,11:35,09 thg 5,13:35,09 thg 5,2h 0m,HPH,0.0,7.0,26-04-2025
HPH0070,VietJet Air,1838393,11:35,09 thg 5,13:35,09 thg 5,2h 0m,HPH,0.0,7.0,27-04-2025
HPH0070,VietJet Air,1834403,11:35,09 thg 5,13:35,09 thg 5,2h 0m,HPH,0.0,7.0,28-04-2025
HPH0070,VietJet Air,3858597,11:35,09 thg 5,13:35,09 thg 5,2h 0m,HPH,0.0,7.0,29-04-2025
HPH0070,VietJet Air,1707720,11:35,09 thg 5,13:35,09 thg 5,2h 0m,HPH,0.0,7.0,30-04-2025
HPH0071,VietJet Air,1889220,11:35,11 thg 5,13:35,11 thg 5,2h 0m,HPH,0.0,7.0,01-05-2025
HPH0071,VietJet Air,1890023,11:35,11 thg 5,13:35,11 thg 5,2h 0m,HPH,0.0,7.0,02-05-2025
HPH0071,VietJet Air,1838393,11:35,11 thg 5,13:35,11 thg 5,2h 0m,HPH,0.0,7.0,03-05-2025
HPH0071,VietJet Air,1829415,11:35,11 thg 5,13:35,11 thg 5,2h 0m,HPH,0.0,7.0,04-05-2025
HPH0071,VietJet Air,1890015,11:35,11 thg 5,13:35,11 thg 5,2h 0m,HPH,0.0,7.0,05-05-2025
HPH0071,VietJet Air,1889171,11:35,11 thg 5,13:35,11 thg 5,2h 0m,HPH,0.0,7.0,06-05-2025
HPH0071,VietJet Air,1856000,11:35,11 thg 5,13:35,11 thg 5,2h 0m,HPH,0.0,7.0,07-04-2025
HPH0071,VietJet Air,2064901,11:35,11 thg 5,13:35,11 thg 5,2h 0m,HPH,0.0,7.0,07-05-2025
HPH0071,VietJet Air,1860338,11:35,11 thg 5,13:35,11 thg 5,2h 0m,HPH,0.0,7.0,21-04-2025
HPH0071,VietJet Air,1868318,11:35,11 thg 5,13:35,11 thg 5,2h 0m,HPH,0.0,7.0,22-04-2025
HPH0071,VietJet Air,1870313,11:35,11 thg 5,13:35,11 thg 5,2h 0m,HPH,0.0,7.0,23-04-2025
HPH0071,VietJet Air,1873305,11:35,11 thg 5,13:35,11 thg 5,2h 0m,HPH,0.0,7.0,24-04-2025
HPH0071,VietJet Air,1847370,11:35,11 thg 5,13:35,11 thg 5,2h 0m,HPH,0.0,7.0,26-04-2025
HPH0071,VietJet Air,1838393,11:35,11 thg 5,13:35,11 thg 5,2h 0m,HPH,0.0,7.0,27-04-2025
HPH0071,VietJet Air,1889321,11:35,11 thg 5,13:35,11 thg 5,2h 0m,HPH,0.0,7.0,30-04-2025
HPH0072,VietJet Air,1843735,11:35,23 thg 4,13:35,23 thg 4,2h 0m,HPH,0.0,7.0,07-04-2025
HPH0072,VietJet Air,1852690,11:35,23 thg 4,13:35,23 thg 4,2h 0m,HPH,0.0,7.0,08-04-2025
HPH0072,VietJet Air,1861000,11:35,23 thg 4,13:35,23 thg 4,2h 0m,HPH,0.0,7.0,09-04-2025
HPH0072,VietJet Air,1833527,11:35,23 thg 4,13:35,23 thg 4,2h 0m,HPH,0.0,7.0,10-04-2025
HPH0072,VietJet Air,1853000,11:35,23 thg 4,13:35,23 thg 4,2h 0m,HPH,0.0,7.0,11-04-2025
HPH0072,VietJet Air,1856000,11:35,23 thg 4,13:35,23 thg 4,2h 0m,HPH,0.0,7.0,12-04-2025
HPH0072,VietJet Air,1848710,11:35,23 thg 4,13:35,23 thg 4,2h 0m,HPH,0.0,7.0,13-04-2025
HPH0072,VietJet Air,1808468,11:35,23 thg 4,13:35,23 thg 4,2h 0m,HPH,0.0,7.0,14-04-2025
HPH0072,VietJet Air,1814453,11:35,23 thg 4,13:35,23 thg 4,2h 0m,HPH,0.0,7.0,15-04-2025
HPH0072,VietJet Air,1851360,11:35,23 thg 4,13:35,23 thg 4,2h 0m,HPH,0.0,7.0,16-04-2025
HPH0072,VietJet Air,1839390,11:35,23 thg 4,13:35,23 thg 4,2h 0m,HPH,0.0,7.0,17-04-2025
HPH0072,VietJet Air,1841385,11:35,23 thg 4,13:35,23 thg 4,2h 0m,HPH,0.0,7.0,18-04-2025
HPH0072,VietJet Air,2036895,11:35,23 thg 4,13:35,23 thg 4,2h 0m,HPH,0.0,7.0,19-04-2025
HPH0072,VietJet Air,2031908,11:35,23 thg 4,13:35,23 thg 4,2h 0m,HPH,0.0,7.0,20-04-2025
HPH0072,VietJet Air,2031908,11:35,23 thg 4,13:35,23 thg 4,2h 0m,HPH,0.0,7.0,21-04-2025
HPH0073,VietJet Air,1734285,11:35,25 thg 4,13:35,25 thg 4,2h 0m,HPH,0.0,7.0,07-04-2025
HPH0073,VietJet Air,1742205,11:35,25 thg 4,13:35,25 thg 4,2h 0m,HPH,0.0,7.0,08-04-2025
HPH0073,VietJet Air,1864000,11:35,25 thg 4,13:35,25 thg 4,2h 0m,HPH,0.0,7.0,09-04-2025
HPH0073,VietJet Air,1834517,11:35,25 thg 4,13:35,25 thg 4,2h 0m,HPH,0.0,7.0,10-04-2025
HPH0073,VietJet Air,1861000,11:35,25 thg 4,13:35,25 thg 4,2h 0m,HPH,0.0,7.0,11-04-2025
HPH0073,VietJet Air,1856000,11:35,25 thg 4,13:35,25 thg 4,2h 0m,HPH,0.0,7.0,12-04-2025
HPH0073,VietJet Air,2018855,11:35,25 thg 4,13:35,25 thg 4,2h 0m,HPH,0.0,7.0,13-04-2025
HPH0073,VietJet Air,1983030,11:35,25 thg 4,13:35,25 thg 4,2h 0m,HPH,0.0,7.0,14-04-2025
HPH0073,VietJet Air,1991010,11:35,25 thg 4,13:35,25 thg 4,2h 0m,HPH,0.0,7.0,15-04-2025
HPH0073,VietJet Air,2024925,11:35,25 thg 4,13:35,25 thg 4,2h 0m,HPH,0.0,7.0,16-04-2025
HPH0073,VietJet Air,2014950,11:35,25 thg 4,13:35,25 thg 4,2h 0m,HPH,0.0,7.0,17-04-2025
HPH0073,VietJet Air,2193503,11:35,25 thg 4,13:35,25 thg 4,2h 0m,HPH,0.0,7.0,18-04-2025
HPH0073,VietJet Air,2207468,11:35,25 thg 4,13:35,25 thg 4,2h 0m,HPH,0.0,7.0,19-04-2025
HPH0073,VietJet Air,2202480,11:35,25 thg 4,13:35,25 thg 4,2h 0m,HPH,0.0,7.0,20-04-2025
HPH0073,VietJet Air,2202480,11:35,25 thg 4,13:35,25 thg 4,2h 0m,HPH,0.0,7.0,21-04-2025
HPH0073,VietJet Air,2384025,11:35,25 thg 4,13:35,25 thg 4,2h 0m,HPH,0.0,7.0,22-04-2025
HPH0073,VietJet Air,2387018,11:35,25 thg 4,13:35,25 thg 4,2h 0m,HPH,0.0,7.0,23-04-2025
HPH0074,VietJet Air,2012404,11:35,27 thg 4,13:35,27 thg 4,2h 0m,HPH,0.0,7.0,07-04-2025
HPH0074,VietJet Air,2025820,11:35,27 thg 4,13:35,27 thg 4,2h 0m,HPH,0.0,7.0,08-04-2025
HPH0074,VietJet Air,2037000,11:35,27 thg 4,13:35,27 thg 4,2h 0m,HPH,0.0,7.0,09-04-2025
HPH0074,VietJet Air,2181026,11:35,27 thg 4,13:35,27 thg 4,2h 0m,HPH,0.0,7.0,10-04-2025
HPH0074,VietJet Air,2204000,11:35,27 thg 4,13:35,27 thg 4,2h 0m,HPH,0.0,7.0,11-04-2025
HPH0074,VietJet Air,2200000,11:35,27 thg 4,13:35,27 thg 4,2h 0m,HPH,0.0,7.0,12-04-2025
HPH0074,VietJet Air,2190990,11:35,27 thg 4,13:35,27 thg 4,2h 0m,HPH,0.0,7.0,13-04-2025
HPH0074,VietJet Air,2157593,11:35,27 thg 4,13:35,27 thg 4,2h 0m,HPH,0.0,7.0,14-04-2025
HPH0074,VietJet Air,2163578,11:35,27 thg 4,13:35,27 thg 4,2h 0m,HPH,0.0,7.0,15-04-2025
HPH0074,VietJet Air,2196495,11:35,27 thg 4,13:35,27 thg 4,2h 0m,HPH,0.0,7.0,16-04-2025
HPH0074,VietJet Air,2350110,11:35,27 thg 4,13:35,27 thg 4,2h 0m,HPH,0.0,7.0,17-04-2025
HPH0074,VietJet Air,2373053,11:35,27 thg 4,13:35,27 thg 4,2h 0m,HPH,0.0,7.0,20-04-2025
HPH0074,VietJet Air,2373053,11:35,27 thg 4,13:35,27 thg 4,2h 0m,HPH,0.0,7.0,21-04-2025
HPH0074,VietJet Air,2209463,11:35,27 thg 4,13:35,27 thg 4,2h 0m,HPH,0.0,7.0,22-04-2025
HPH0074,VietJet Air,2211458,11:35,27 thg 4,13:35,27 thg 4,2h 0m,HPH,0.0,7.0,23-04-2025
HPH0075,VietJet Air,2186015,11:35,30 thg 4,13:35,30 thg 4,2h 0m,HPH,0.0,7.0,07-04-2025
HPH0075,VietJet Air,2172115,11:35,30 thg 4,13:35,30 thg 4,2h 0m,HPH,0.0,7.0,10-04-2025
HPH0075,VietJet Air,2196000,11:35,30 thg 4,13:35,30 thg 4,2h 0m,HPH,0.0,7.0,11-04-2025
HPH0075,VietJet Air,2200000,11:35,30 thg 4,13:35,30 thg 4,2h 0m,HPH,0.0,7.0,12-04-2025
HPH0075,VietJet Air,2190990,11:35,30 thg 4,13:35,30 thg 4,2h 0m,HPH,0.0,7.0,13-04-2025
HPH0075,VietJet Air,2534648,11:35,30 thg 4,13:35,30 thg 4,2h 0m,HPH,0.0,7.0,14-04-2025
HPH0075,VietJet Air,2541630,11:35,30 thg 4,13:35,30 thg 4,2h 0m,HPH,0.0,7.0,15-04-2025
HPH0075,VietJet Air,2797988,11:35,30 thg 4,13:35,30 thg 4,2h 0m,HPH,0.0,7.0,16-04-2025
HPH0075,VietJet Air,2567565,11:35,30 thg 4,13:35,30 thg 4,2h 0m,HPH,0.0,7.0,17-04-2025
HPH0075,VietJet Air,2814945,11:35,30 thg 4,13:35,30 thg 4,2h 0m,HPH,0.0,7.0,22-04-2025
HPH0075,VietJet Air,2988510,11:35,30 thg 4,13:35,30 thg 4,2h 0m,HPH,0.0,7.0,23-04-2025
HPH0075,VietJet Air,2995493,11:35,30 thg 4,13:35,30 thg 4,2h 0m,HPH,0.0,7.0,24-04-2025
HPH0075,VietJet Air,2991503,11:35,30 thg 4,13:35,30 thg 4,2h 0m,HPH,0.0,7.0,25-04-2025
HPH0075,VietJet Air,2972550,11:35,30 thg 4,13:35,30 thg 4,2h 0m,HPH,0.0,7.0,26-04-2025
HPH0075,VietJet Air,2959583,11:35,30 thg 4,13:35,30 thg 4,2h 0m,HPH,0.0,7.0,27-04-2025
HPH0076,VietJet Air,2168452,11:40,07 thg 5,13:35,07 thg 5,1h 55m,HPH,0.0,7.0,05-05-2025
HPH0076,VietJet Air,2551729,11:40,07 thg 5,13:35,07 thg 5,1h 55m,HPH,0.0,7.0,06-05-2025
HPH0077,VietJet Air,2234785,11:40,11 thg 5,13:35,11 thg 5,1h 55m,HPH,0.0,7.0,08-05-2025
HPH0077,VietJet Air,2426492,11:40,11 thg 5,13:35,11 thg 5,1h 55m,HPH,0.0,7.0,09-05-2025
HPH0078,VietJet Air,2425920,11:40,23 thg 4,13:35,23 thg 4,1h 55m,HPH,0.0,7.0,22-04-2025
HPH0079,VietJet Air,2866815,11:40,25 thg 4,13:35,25 thg 4,1h 55m,HPH,0.0,7.0,24-04-2025
HPH0080,VietJet Air,2392005,11:40,27 thg 4,13:35,27 thg 4,1h 55m,HPH,0.0,7.0,24-04-2025
HPH0080,VietJet Air,2383028,11:40,27 thg 4,13:35,27 thg 4,1h 55m,HPH,0.0,7.0,25-04-2025
HPH0080,VietJet Air,3137138,11:40,27 thg 4,13:35,27 thg 4,1h 55m,HPH,0.0,7.0,26-04-2025
HPH0081,VietJet Air,2957588,11:40,30 thg 4,13:40,30 thg 4,2h 0m,HPH,0.0,7.0,28-04-2025
HPH0081,VietJet Air,3028410,11:40,30 thg 4,13:40,30 thg 4,2h 0m,HPH,0.0,7.0,29-04-2025
HPH0082,VietJet Air,2027000,14:05,01 thg 5,16:05,01 thg 5,2h 0m,HPH,0.0,7.0,07-04-2025
HPH0082,VietJet Air,2002230,14:05,01 thg 5,16:05,01 thg 5,2h 0m,HPH,0.0,7.0,11-04-2025
HPH0082,VietJet Air,2027000,14:05,01 thg 5,16:05,01 thg 5,2h 0m,HPH,0.0,7.0,12-04-2025
HPH0082,VietJet Air,2018855,14:05,01 thg 5,16:05,01 thg 5,2h 0m,HPH,0.0,7.0,13-04-2025
HPH0082,VietJet Air,2157593,14:05,01 thg 5,16:05,01 thg 5,2h 0m,HPH,0.0,7.0,14-04-2025
HPH0082,VietJet Air,2163578,14:05,01 thg 5,16:05,01 thg 5,2h 0m,HPH,0.0,7.0,15-04-2025
HPH0082,VietJet Air,2198490,14:05,01 thg 5,16:05,01 thg 5,2h 0m,HPH,0.0,7.0,16-04-2025
HPH0082,VietJet Air,2367068,14:05,01 thg 5,16:05,01 thg 5,2h 0m,HPH,0.0,7.0,17-04-2025
HPH0082,VietJet Air,2368065,14:05,01 thg 5,16:05,01 thg 5,2h 0m,HPH,0.0,7.0,18-04-2025
HPH0082,VietJet Air,2581530,14:05,01 thg 5,16:05,01 thg 5,2h 0m,HPH,0.0,7.0,19-04-2025
HPH0082,VietJet Air,2577540,14:05,01 thg 5,16:05,01 thg 5,2h 0m,HPH,0.0,7.0,20-04-2025
HPH0082,VietJet Air,2578538,14:05,01 thg 5,16:05,01 thg 5,2h 0m,HPH,0.0,7.0,21-04-2025
HPH0082,VietJet Air,2584523,14:05,01 thg 5,16:05,01 thg 5,2h 0m,HPH,0.0,7.0,22-04-2025
HPH0082,VietJet Air,2587515,14:05,01 thg 5,16:05,01 thg 5,2h 0m,HPH,0.0,7.0,23-04-2025
HPH0082,VietJet Air,2593500,14:05,01 thg 5,16:05,01 thg 5,2h 0m,HPH,0.0,7.0,24-04-2025
HPH0082,VietJet Air,2569560,14:05,01 thg 5,16:05,01 thg 5,2h 0m,HPH,0.0,7.0,26-04-2025
HPH0082,VietJet Air,2959583,14:05,01 thg 5,16:05,01 thg 5,2h 0m,HPH,0.0,7.0,27-04-2025
HPH0082,VietJet Air,3212884,14:05,01 thg 5,16:05,01 thg 5,2h 0m,HPH,0.0,7.0,28-04-2025
HPH0082,VietJet Air,3213647,14:05,01 thg 5,16:05,01 thg 5,2h 0m,HPH,0.0,7.0,29-04-2025
HPH0082,VietJet Air,3731648,14:05,01 thg 5,16:05,01 thg 5,2h 0m,HPH,0.0,7.0,30-04-2025
HPH0083,VietJet Air,3766921,14:05,03 thg 5,16:05,03 thg 5,2h 0m,HPH,0.0,7.0,01-05-2025
HPH0083,VietJet Air,3705713,14:05,03 thg 5,16:05,03 thg 5,2h 0m,HPH,0.0,7.0,02-05-2025
HPH0083,VietJet Air,2977000,14:05,03 thg 5,16:05,03 thg 5,2h 0m,HPH,0.0,7.0,07-04-2025
HPH0083,VietJet Air,2957140,14:05,03 thg 5,16:05,03 thg 5,2h 0m,HPH,0.0,7.0,13-04-2025
HPH0083,VietJet Air,2941628,14:05,03 thg 5,16:05,03 thg 5,2h 0m,HPH,0.0,7.0,14-04-2025
HPH0083,VietJet Air,2945618,14:05,03 thg 5,16:05,03 thg 5,2h 0m,HPH,0.0,7.0,15-04-2025
HPH0083,VietJet Air,2967563,14:05,03 thg 5,16:05,03 thg 5,2h 0m,HPH,0.0,7.0,16-04-2025
HPH0083,VietJet Air,2977538,14:05,03 thg 5,16:05,03 thg 5,2h 0m,HPH,0.0,7.0,17-04-2025
HPH0083,VietJet Air,2980530,14:05,03 thg 5,16:05,03 thg 5,2h 0m,HPH,0.0,7.0,18-04-2025
HPH0083,VietJet Air,2997488,14:05,03 thg 5,16:05,03 thg 5,2h 0m,HPH,0.0,7.0,19-04-2025
HPH0083,VietJet Air,3118185,14:05,03 thg 5,16:05,03 thg 5,2h 0m,HPH,0.0,7.0,20-04-2025
HPH0083,VietJet Air,3118185,14:05,03 thg 5,16:05,03 thg 5,2h 0m,HPH,0.0,7.0,21-04-2025
HPH0083,VietJet Air,3131153,14:05,03 thg 5,16:05,03 thg 5,2h 0m,HPH,0.0,7.0,22-04-2025
HPH0083,VietJet Air,3130155,14:05,03 thg 5,16:05,03 thg 5,2h 0m,HPH,0.0,7.0,23-04-2025
HPH0083,VietJet Air,3685763,14:05,03 thg 5,16:05,03 thg 5,2h 0m,HPH,0.0,7.0,24-04-2025
HPH0083,VietJet Air,3684765,14:05,03 thg 5,16:05,03 thg 5,2h 0m,HPH,0.0,7.0,25-04-2025
HPH0083,VietJet Air,3651848,14:05,03 thg 5,16:05,03 thg 5,2h 0m,HPH,0.0,7.0,26-04-2025
HPH0083,VietJet Air,3765442,14:05,03 thg 5,16:05,03 thg 5,2h 0m,HPH,0.0,7.0,27-04-2025
HPH0083,VietJet Air,3767184,14:05,03 thg 5,16:05,03 thg 5,2h 0m,HPH,0.0,7.0,28-04-2025
HPH0083,VietJet Air,3768079,14:05,03 thg 5,16:05,03 thg 5,2h 0m,HPH,0.0,7.0,29-04-2025
HPH0083,VietJet Air,3767121,14:05,03 thg 5,16:05,03 thg 5,2h 0m,HPH,0.0,7.0,30-04-2025
HPH0084,VietJet Air,2070204,14:05,06 thg 5,16:05,06 thg 5,2h 0m,HPH,0.0,7.0,01-05-2025
HPH0084,VietJet Air,2071083,14:05,06 thg 5,16:05,06 thg 5,2h 0m,HPH,0.0,7.0,02-05-2025
HPH0084,VietJet Air,2179538,14:05,06 thg 5,16:05,06 thg 5,2h 0m,HPH,0.0,7.0,03-05-2025
HPH0084,VietJet Air,2170560,14:05,06 thg 5,16:05,06 thg 5,2h 0m,HPH,0.0,7.0,04-05-2025
HPH0084,VietJet Air,3859034,14:05,06 thg 5,16:05,06 thg 5,2h 0m,HPH,0.0,7.0,05-05-2025
HPH0084,VietJet Air,1848000,14:05,06 thg 5,16:05,06 thg 5,2h 0m,HPH,0.0,7.0,07-04-2025
HPH0084,VietJet Air,1850363,14:05,06 thg 5,16:05,06 thg 5,2h 0m,HPH,0.0,7.0,16-04-2025
HPH0084,VietJet Air,1839390,14:05,06 thg 5,16:05,06 thg 5,2h 0m,HPH,0.0,7.0,17-04-2025
HPH0084,VietJet Air,1841385,14:05,06 thg 5,16:05,06 thg 5,2h 0m,HPH,0.0,7.0,18-04-2025
HPH0084,VietJet Air,1866323,14:05,06 thg 5,16:05,06 thg 5,2h 0m,HPH,0.0,7.0,19-04-2025
HPH0084,VietJet Air,1857345,14:05,06 thg 5,16:05,06 thg 5,2h 0m,HPH,0.0,7.0,20-04-2025
HPH0084,VietJet Air,1868318,14:05,06 thg 5,16:05,06 thg 5,2h 0m,HPH,0.0,7.0,21-04-2025
HPH0084,VietJet Air,1868318,14:05,06 thg 5,16:05,06 thg 5,2h 0m,HPH,0.0,7.0,22-04-2025
HPH0084,VietJet Air,1870313,14:05,06 thg 5,16:05,06 thg 5,2h 0m,HPH,0.0,7.0,23-04-2025
HPH0084,VietJet Air,1874303,14:05,06 thg 5,16:05,06 thg 5,2h 0m,HPH,0.0,7.0,24-04-2025
HPH0084,VietJet Air,1857345,14:05,06 thg 5,16:05,06 thg 5,2h 0m,HPH,0.0,7.0,25-04-2025
HPH0084,VietJet Air,1846373,14:05,06 thg 5,16:05,06 thg 5,2h 0m,HPH,0.0,7.0,26-04-2025
HPH0084,VietJet Air,1838393,14:05,06 thg 5,16:05,06 thg 5,2h 0m,HPH,0.0,7.0,27-04-2025
HPH0084,VietJet Air,1834403,14:05,06 thg 5,16:05,06 thg 5,2h 0m,HPH,0.0,7.0,28-04-2025
HPH0084,VietJet Air,1889802,14:05,06 thg 5,16:05,06 thg 5,2h 0m,HPH,0.0,7.0,29-04-2025
HPH0084,VietJet Air,1889321,14:05,06 thg 5,16:05,06 thg 5,2h 0m,HPH,0.0,7.0,30-04-2025
HPH0085,VietJet Air,1889220,14:05,08 thg 5,16:05,08 thg 5,2h 0m,HPH,0.0,7.0,01-05-2025
HPH0085,VietJet Air,1890023,14:05,08 thg 5,16:05,08 thg 5,2h 0m,HPH,0.0,7.0,02-05-2025
HPH0085,VietJet Air,1838393,14:05,08 thg 5,16:05,08 thg 5,2h 0m,HPH,0.0,7.0,03-05-2025
HPH0085,VietJet Air,1829415,14:05,08 thg 5,16:05,08 thg 5,2h 0m,HPH,0.0,7.0,04-05-2025
HPH0085,VietJet Air,1890015,14:05,08 thg 5,16:05,08 thg 5,2h 0m,HPH,0.0,7.0,05-05-2025
HPH0085,VietJet Air,1889171,14:05,08 thg 5,16:05,08 thg 5,2h 0m,HPH,0.0,7.0,06-05-2025
HPH0085,VietJet Air,1853000,14:05,08 thg 5,16:05,08 thg 5,2h 0m,HPH,0.0,7.0,07-04-2025
HPH0085,VietJet Air,3852062,14:05,08 thg 5,16:05,08 thg 5,2h 0m,HPH,0.0,7.0,07-05-2025
HPH0085,VietJet Air,1841385,14:05,08 thg 5,16:05,08 thg 5,2h 0m,HPH,0.0,7.0,18-04-2025
HPH0085,VietJet Air,1866323,14:05,08 thg 5,16:05,08 thg 5,2h 0m,HPH,0.0,7.0,19-04-2025
HPH0085,VietJet Air,1857345,14:05,08 thg 5,16:05,08 thg 5,2h 0m,HPH,0.0,7.0,20-04-2025
HPH0085,VietJet Air,1868318,14:05,08 thg 5,16:05,08 thg 5,2h 0m,HPH,0.0,7.0,21-04-2025
HPH0085,VietJet Air,1868318,14:05,08 thg 5,16:05,08 thg 5,2h 0m,HPH,0.0,7.0,22-04-2025
HPH0085,VietJet Air,1873305,14:05,08 thg 5,16:05,08 thg 5,2h 0m,HPH,0.0,7.0,23-04-2025
HPH0085,VietJet Air,1874303,14:05,08 thg 5,16:05,08 thg 5,2h 0m,HPH,0.0,7.0,24-04-2025
HPH0085,VietJet Air,1858343,14:05,08 thg 5,16:05,08 thg 5,2h 0m,HPH,0.0,7.0,25-04-2025
HPH0085,VietJet Air,1846373,14:05,08 thg 5,16:05,08 thg 5,2h 0m,HPH,0.0,7.0,26-04-2025
HPH0085,VietJet Air,1838393,14:05,08 thg 5,16:05,08 thg 5,2h 0m,HPH,0.0,7.0,27-04-2025
HPH0085,VietJet Air,1834403,14:05,08 thg 5,16:05,08 thg 5,2h 0m,HPH,0.0,7.0,28-04-2025
HPH0085,VietJet Air,1889802,14:05,08 thg 5,16:05,08 thg 5,2h 0m,HPH,0.0,7.0,29-04-2025
HPH0085,VietJet Air,1889321,14:05,08 thg 5,16:05,08 thg 5,2h 0m,HPH,0.0,7.0,30-04-2025
HPH0086,VietJet Air,1889220,14:05,10 thg 5,16:05,10 thg 5,2h 0m,HPH,0.0,7.0,01-05-2025
HPH0086,VietJet Air,1890023,14:05,10 thg 5,16:05,10 thg 5,2h 0m,HPH,0.0,7.0,02-05-2025
HPH0086,VietJet Air,1838393,14:05,10 thg 5,16:05,10 thg 5,2h 0m,HPH,0.0,7.0,03-05-2025
HPH0086,VietJet Air,1829415,14:05,10 thg 5,16:05,10 thg 5,2h 0m,HPH,0.0,7.0,04-05-2025
HPH0086,VietJet Air,1890015,14:05,10 thg 5,16:05,10 thg 5,2h 0m,HPH,0.0,7.0,05-05-2025
HPH0086,VietJet Air,1889171,14:05,10 thg 5,16:05,10 thg 5,2h 0m,HPH,0.0,7.0,06-05-2025
HPH0086,VietJet Air,1859000,14:05,10 thg 5,16:05,10 thg 5,2h 0m,HPH,0.0,7.0,07-04-2025
HPH0086,VietJet Air,1883923,14:05,10 thg 5,16:05,10 thg 5,2h 0m,HPH,0.0,7.0,07-05-2025
HPH0086,VietJet Air,2234785,14:05,10 thg 5,16:05,10 thg 5,2h 0m,HPH,0.0,7.0,08-05-2025
HPH0086,VietJet Air,3798480,14:05,10 thg 5,16:05,10 thg 5,2h 0m,HPH,0.0,7.0,09-05-2025
HPH0086,VietJet Air,1857345,14:05,10 thg 5,16:05,10 thg 5,2h 0m,HPH,0.0,7.0,20-04-2025
HPH0086,VietJet Air,1860338,14:05,10 thg 5,16:05,10 thg 5,2h 0m,HPH,0.0,7.0,21-04-2025
HPH0086,VietJet Air,1868318,14:05,10 thg 5,16:05,10 thg 5,2h 0m,HPH,0.0,7.0,22-04-2025
HPH0086,VietJet Air,1872308,14:05,10 thg 5,16:05,10 thg 5,2h 0m,HPH,0.0,7.0,23-04-2025
HPH0086,VietJet Air,1873305,14:05,10 thg 5,16:05,10 thg 5,2h 0m,HPH,0.0,7.0,24-04-2025
HPH0086,VietJet Air,1870313,14:05,10 thg 5,16:05,10 thg 5,2h 0m,HPH,0.0,7.0,25-04-2025
HPH0086,VietJet Air,1847370,14:05,10 thg 5,16:05,10 thg 5,2h 0m,HPH,0.0,7.0,26-04-2025
HPH0086,VietJet Air,1838393,14:05,10 thg 5,16:05,10 thg 5,2h 0m,HPH,0.0,7.0,27-04-2025
HPH0086,VietJet Air,1834403,14:05,10 thg 5,16:05,10 thg 5,2h 0m,HPH,0.0,7.0,28-04-2025
HPH0086,VietJet Air,1889802,14:05,10 thg 5,16:05,10 thg 5,2h 0m,HPH,0.0,7.0,29-04-2025
HPH0086,VietJet Air,1889321,14:05,10 thg 5,16:05,10 thg 5,2h 0m,HPH,0.0,7.0,30-04-2025
HPH0087,VietJet Air,1845725,14:05,22 thg 4,16:05,22 thg 4,2h 0m,HPH,0.0,7.0,07-04-2025
HPH0087,VietJet Air,1852690,14:05,22 thg 4,16:05,22 thg 4,2h 0m,HPH,0.0,7.0,08-04-2025
HPH0087,VietJet Air,1864000,14:05,22 thg 4,16:05,22 thg 4,2h 0m,HPH,0.0,7.0,09-04-2025
HPH0087,VietJet Air,1833527,14:05,22 thg 4,16:05,22 thg 4,2h 0m,HPH,0.0,7.0,10-04-2025
HPH0087,VietJet Air,1860000,14:05,22 thg 4,16:05,22 thg 4,2h 0m,HPH,0.0,7.0,11-04-2025
HPH0087,VietJet Air,1856000,14:05,22 thg 4,16:05,22 thg 4,2h 0m,HPH,0.0,7.0,12-04-2025
HPH0087,VietJet Air,1848710,14:05,22 thg 4,16:05,22 thg 4,2h 0m,HPH,0.0,7.0,13-04-2025
HPH0087,VietJet Air,1808468,14:05,22 thg 4,16:05,22 thg 4,2h 0m,HPH,0.0,7.0,14-04-2025
HPH0087,VietJet Air,1814453,14:05,22 thg 4,16:05,22 thg 4,2h 0m,HPH,0.0,7.0,15-04-2025
HPH0087,VietJet Air,1850363,14:05,22 thg 4,16:05,22 thg 4,2h 0m,HPH,0.0,7.0,16-04-2025
HPH0087,VietJet Air,1839390,14:05,22 thg 4,16:05,22 thg 4,2h 0m,HPH,0.0,7.0,17-04-2025
HPH0087,VietJet Air,1841385,14:05,22 thg 4,16:05,22 thg 4,2h 0m,HPH,0.0,7.0,18-04-2025
HPH0087,VietJet Air,1866323,14:05,22 thg 4,16:05,22 thg 4,2h 0m,HPH,0.0,7.0,19-04-2025
HPH0087,VietJet Air,1857345,14:05,22 thg 4,16:05,22 thg 4,2h 0m,HPH,0.0,7.0,20-04-2025
HPH0087,VietJet Air,1857345,14:05,22 thg 4,16:05,22 thg 4,2h 0m,HPH,0.0,7.0,21-04-2025
HPH0088,VietJet Air,1855000,14:05,26 thg 4,16:05,26 thg 4,2h 0m,HPH,0.0,7.0,07-04-2025
HPH0088,VietJet Air,1852690,14:05,26 thg 4,16:05,26 thg 4,2h 0m,HPH,0.0,7.0,08-04-2025
HPH0088,VietJet Air,1864000,14:05,26 thg 4,16:05,26 thg 4,2h 0m,HPH,0.0,7.0,09-04-2025
HPH0088,VietJet Air,1841447,14:05,26 thg 4,16:05,26 thg 4,2h 0m,HPH,0.0,7.0,10-04-2025
HPH0088,VietJet Air,1860000,14:05,26 thg 4,16:05,26 thg 4,2h 0m,HPH,0.0,7.0,11-04-2025
HPH0088,VietJet Air,1856000,14:05,26 thg 4,16:05,26 thg 4,2h 0m,HPH,0.0,7.0,12-04-2025
HPH0088,VietJet Air,2018855,14:05,26 thg 4,16:05,26 thg 4,2h 0m,HPH,0.0,7.0,13-04-2025
HPH0088,VietJet Air,1982033,14:05,26 thg 4,16:05,26 thg 4,2h 0m,HPH,0.0,7.0,14-04-2025
HPH0088,VietJet Air,1989015,14:05,26 thg 4,16:05,26 thg 4,2h 0m,HPH,0.0,7.0,15-04-2025
HPH0088,VietJet Air,2024925,14:05,26 thg 4,16:05,26 thg 4,2h 0m,HPH,0.0,7.0,16-04-2025
HPH0088,VietJet Air,2014950,14:05,26 thg 4,16:05,26 thg 4,2h 0m,HPH,0.0,7.0,17-04-2025
HPH0088,VietJet Air,2016945,14:05,26 thg 4,16:05,26 thg 4,2h 0m,HPH,0.0,7.0,18-04-2025
HPH0088,VietJet Air,2036895,14:05,26 thg 4,16:05,26 thg 4,2h 0m,HPH,0.0,7.0,19-04-2025
HPH0088,VietJet Air,2202480,14:05,26 thg 4,16:05,26 thg 4,2h 0m,HPH,0.0,7.0,20-04-2025
HPH0088,VietJet Air,2202480,14:05,26 thg 4,16:05,26 thg 4,2h 0m,HPH,0.0,7.0,21-04-2025
HPH0088,VietJet Air,2038890,14:05,26 thg 4,16:05,26 thg 4,2h 0m,HPH,0.0,7.0,22-04-2025
HPH0088,VietJet Air,2040885,14:05,26 thg 4,16:05,26 thg 4,2h 0m,HPH,0.0,7.0,23-04-2025
HPH0088,VietJet Air,2216445,14:05,26 thg 4,16:05,26 thg 4,2h 0m,HPH,0.0,7.0,24-04-2025
HPH0088,VietJet Air,2383028,14:05,26 thg 4,16:05,26 thg 4,2h 0m,HPH,0.0,7.0,25-04-2025
HPH0089,VietJet Air,2190990,14:05,29 thg 4,16:05,29 thg 4,2h 0m,HPH,0.0,7.0,07-04-2025
HPH0089,VietJet Air,2378000,14:05,29 thg 4,16:05,29 thg 4,2h 0m,HPH,0.0,7.0,09-04-2025
HPH0089,VietJet Air,2543375,14:05,29 thg 4,16:05,29 thg 4,2h 0m,HPH,0.0,7.0,10-04-2025
HPH0089,VietJet Air,2566000,14:05,29 thg 4,16:05,29 thg 4,2h 0m,HPH,0.0,7.0,11-04-2025
HPH0089,VietJet Air,2570000,14:05,29 thg 4,16:05,29 thg 4,2h 0m,HPH,0.0,7.0,12-04-2025
HPH0089,VietJet Air,2559140,14:05,29 thg 4,16:05,29 thg 4,2h 0m,HPH,0.0,7.0,13-04-2025
HPH0089,VietJet Air,2765070,14:05,29 thg 4,16:05,29 thg 4,2h 0m,HPH,0.0,7.0,14-04-2025
HPH0089,VietJet Air,2775045,14:05,29 thg 4,16:05,29 thg 4,2h 0m,HPH,0.0,7.0,15-04-2025
HPH0089,VietJet Air,2797988,14:05,29 thg 4,16:05,29 thg 4,2h 0m,HPH,0.0,7.0,16-04-2025
HPH0089,VietJet Air,2802975,14:05,29 thg 4,16:05,29 thg 4,2h 0m,HPH,0.0,7.0,17-04-2025
HPH0089,VietJet Air,2804970,14:05,29 thg 4,16:05,29 thg 4,2h 0m,HPH,0.0,7.0,18-04-2025
HPH0089,VietJet Air,2393003,14:05,29 thg 4,16:05,29 thg 4,2h 0m,HPH,0.0,7.0,19-04-2025
HPH0089,VietJet Air,2577540,14:05,29 thg 4,16:05,29 thg 4,2h 0m,HPH,0.0,7.0,20-04-2025
HPH0089,VietJet Air,2577540,14:05,29 thg 4,16:05,29 thg 4,2h 0m,HPH,0.0,7.0,21-04-2025
HPH0089,VietJet Air,2584523,14:05,29 thg 4,16:05,29 thg 4,2h 0m,HPH,0.0,7.0,22-04-2025
HPH0089,VietJet Air,2587515,14:05,29 thg 4,16:05,29 thg 4,2h 0m,HPH,0.0,7.0,23-04-2025
HPH0089,VietJet Air,2392005,14:05,29 thg 4,16:05,29 thg 4,2h 0m,HPH,0.0,7.0,24-04-2025
HPH0089,VietJet Air,2383028,14:05,29 thg 4,16:05,29 thg 4,2h 0m,HPH,0.0,7.0,25-04-2025
HPH0089,VietJet Air,2368065,14:05,29 thg 4,16:05,29 thg 4,2h 0m,HPH,0.0,7.0,26-04-2025
HPH0089,VietJet Air,2558588,14:05,29 thg 4,16:05,29 thg 4,2h 0m,HPH,0.0,7.0,27-04-2025
HPH0089,VietJet Air,3811448,14:05,29 thg 4,16:05,29 thg 4,2h 0m,HPH,0.0,7.0,28-04-2025
HPH0090,VietJet Air,1843735,14:40,24 thg 4,16:40,24 thg 4,2h 0m,HPH,0.0,7.0,07-04-2025
HPH0090,VietJet Air,1852690,14:40,24 thg 4,16:40,24 thg 4,2h 0m,HPH,0.0,7.0,08-04-2025
HPH0090,VietJet Air,1864000,14:40,24 thg 4,16:40,24 thg 4,2h 0m,HPH,0.0,7.0,09-04-2025
HPH0090,VietJet Air,1833527,14:40,24 thg 4,16:40,24 thg 4,2h 0m,HPH,0.0,7.0,10-04-2025
HPH0090,VietJet Air,1860000,14:40,24 thg 4,16:40,24 thg 4,2h 0m,HPH,0.0,7.0,11-04-2025
HPH0090,VietJet Air,1856000,14:40,24 thg 4,16:40,24 thg 4,2h 0m,HPH,0.0,7.0,12-04-2025
HPH0090,VietJet Air,1848710,14:40,24 thg 4,16:40,24 thg 4,2h 0m,HPH,0.0,7.0,13-04-2025
HPH0090,VietJet Air,1807470,14:40,24 thg 4,16:40,24 thg 4,2h 0m,HPH,0.0,7.0,14-04-2025
HPH0090,VietJet Air,1813455,14:40,24 thg 4,16:40,24 thg 4,2h 0m,HPH,0.0,7.0,15-04-2025
HPH0090,VietJet Air,1839390,14:40,24 thg 4,16:40,24 thg 4,2h 0m,HPH,0.0,7.0,17-04-2025
HPH0090,VietJet Air,1841385,14:40,24 thg 4,16:40,24 thg 4,2h 0m,HPH,0.0,7.0,18-04-2025
HPH0090,VietJet Air,1866323,14:40,24 thg 4,16:40,24 thg 4,2h 0m,HPH,0.0,7.0,19-04-2025
HPH0090,VietJet Air,1857345,14:40,24 thg 4,16:40,24 thg 4,2h 0m,HPH,0.0,7.0,20-04-2025
HPH0090,VietJet Air,1857345,14:40,24 thg 4,16:40,24 thg 4,2h 0m,HPH,0.0,7.0,21-04-2025
HPH0091,VietJet Air,1854000,16:10,01 thg 5,18:10,01 thg 5,2h 0m,HPH,0.0,7.0,07-04-2025
HPH0091,VietJet Air,2809000,16:10,01 thg 5,18:10,01 thg 5,2h 0m,HPH,0.0,7.0,11-04-2025
HPH0091,VietJet Air,2800000,16:10,01 thg 5,18:10,01 thg 5,2h 0m,HPH,0.0,7.0,12-04-2025
HPH0091,VietJet Air,2787990,16:10,01 thg 5,18:10,01 thg 5,2h 0m,HPH,0.0,7.0,13-04-2025
HPH0091,VietJet Air,2767065,16:10,01 thg 5,18:10,01 thg 5,2h 0m,HPH,0.0,7.0,14-04-2025
HPH0091,VietJet Air,2794995,16:10,01 thg 5,18:10,01 thg 5,2h 0m,HPH,0.0,7.0,16-04-2025
HPH0091,VietJet Air,2802975,16:10,01 thg 5,18:10,01 thg 5,2h 0m,HPH,0.0,7.0,17-04-2025
HPH0091,VietJet Air,2581530,16:10,01 thg 5,18:10,01 thg 5,2h 0m,HPH,0.0,7.0,19-04-2025
HPH0091,VietJet Air,2577540,16:10,01 thg 5,18:10,01 thg 5,2h 0m,HPH,0.0,7.0,20-04-2025
HPH0091,VietJet Air,2578538,16:10,01 thg 5,18:10,01 thg 5,2h 0m,HPH,0.0,7.0,21-04-2025
HPH0091,VietJet Air,2584523,16:10,01 thg 5,18:10,01 thg 5,2h 0m,HPH,0.0,7.0,22-04-2025
HPH0091,VietJet Air,2587515,16:10,01 thg 5,18:10,01 thg 5,2h 0m,HPH,0.0,7.0,23-04-2025
HPH0091,VietJet Air,2823923,16:10,01 thg 5,18:10,01 thg 5,2h 0m,HPH,0.0,7.0,24-04-2025
HPH0091,VietJet Air,2796990,16:10,01 thg 5,18:10,01 thg 5,2h 0m,HPH,0.0,7.0,26-04-2025
HPH0091,VietJet Air,2785020,16:10,01 thg 5,18:10,01 thg 5,2h 0m,HPH,0.0,7.0,27-04-2025
HPH0091,VietJet Air,2958585,16:10,01 thg 5,18:10,01 thg 5,2h 0m,HPH,0.0,7.0,28-04-2025
HPH0091,VietJet Air,3094245,16:10,01 thg 5,18:10,01 thg 5,2h 0m,HPH,0.0,7.0,29-04-2025
HPH0091,VietJet Air,3495632,16:10,01 thg 5,18:10,01 thg 5,2h 0m,HPH,0.0,7.0,30-04-2025
HPH0092,VietJet Air,3701558,16:10,02 thg 5,18:10,02 thg 5,2h 0m,HPH,0.0,7.0,01-05-2025
HPH0092,VietJet Air,1978442,16:10,02 thg 5,18:10,02 thg 5,2h 0m,HPH,0.0,7.0,07-04-2025
HPH0092,VietJet Air,2970000,16:10,02 thg 5,18:10,02 thg 5,2h 0m,HPH,0.0,7.0,12-04-2025
HPH0092,VietJet Air,2957140,16:10,02 thg 5,18:10,02 thg 5,2h 0m,HPH,0.0,7.0,13-04-2025
HPH0092,VietJet Air,2941628,16:10,02 thg 5,18:10,02 thg 5,2h 0m,HPH,0.0,7.0,14-04-2025
HPH0092,VietJet Air,2945618,16:10,02 thg 5,18:10,02 thg 5,2h 0m,HPH,0.0,7.0,15-04-2025
HPH0092,VietJet Air,2365073,16:10,02 thg 5,18:10,02 thg 5,2h 0m,HPH,0.0,7.0,17-04-2025
HPH0092,VietJet Air,2368065,16:10,02 thg 5,18:10,02 thg 5,2h 0m,HPH,0.0,7.0,18-04-2025
HPH0092,VietJet Air,2581530,16:10,02 thg 5,18:10,02 thg 5,2h 0m,HPH,0.0,7.0,19-04-2025
HPH0092,VietJet Air,2785020,16:10,02 thg 5,18:10,02 thg 5,2h 0m,HPH,0.0,7.0,20-04-2025
HPH0092,VietJet Air,2785020,16:10,02 thg 5,18:10,02 thg 5,2h 0m,HPH,0.0,7.0,21-04-2025
HPH0092,VietJet Air,2988510,16:10,02 thg 5,18:10,02 thg 5,2h 0m,HPH,0.0,7.0,22-04-2025
HPH0092,VietJet Air,2988510,16:10,02 thg 5,18:10,02 thg 5,2h 0m,HPH,0.0,7.0,23-04-2025
HPH0092,VietJet Air,3042375,16:10,02 thg 5,18:10,02 thg 5,2h 0m,HPH,0.0,7.0,24-04-2025
HPH0092,VietJet Air,3023423,16:10,02 thg 5,18:10,02 thg 5,2h 0m,HPH,0.0,7.0,25-04-2025
HPH0092,VietJet Air,3110217,16:10,02 thg 5,18:10,02 thg 5,2h 0m,HPH,0.0,7.0,26-04-2025
HPH0092,VietJet Air,3211398,16:10,02 thg 5,18:10,02 thg 5,2h 0m,HPH,0.0,7.0,27-04-2025
HPH0092,VietJet Air,3383986,16:10,02 thg 5,18:10,02 thg 5,2h 0m,HPH,0.0,7.0,28-04-2025
HPH0092,VietJet Air,3768079,16:10,02 thg 5,18:10,02 thg 5,2h 0m,HPH,0.0,7.0,29-04-2025
HPH0092,VietJet Air,3823681,16:10,02 thg 5,18:10,02 thg 5,2h 0m,HPH,0.0,7.0,30-04-2025
HPH0093,VietJet Air,3705713,16:10,03 thg 5,18:10,03 thg 5,2h 0m,HPH,0.0,7.0,02-05-2025
HPH0093,VietJet Air,2977000,16:10,03 thg 5,18:10,03 thg 5,2h 0m,HPH,0.0,7.0,07-04-2025
HPH0093,VietJet Air,3383995,16:10,03 thg 5,18:10,03 thg 5,2h 0m,HPH,0.0,7.0,13-04-2025
HPH0093,VietJet Air,3377535,16:10,03 thg 5,18:10,03 thg 5,2h 0m,HPH,0.0,7.0,14-04-2025
HPH0093,VietJet Air,3382523,16:10,03 thg 5,18:10,03 thg 5,2h 0m,HPH,0.0,7.0,15-04-2025
HPH0093,VietJet Air,3398483,16:10,03 thg 5,18:10,03 thg 5,2h 0m,HPH,0.0,7.0,16-04-2025
HPH0093,VietJet Air,3406463,16:10,03 thg 5,18:10,03 thg 5,2h 0m,HPH,0.0,7.0,17-04-2025
HPH0093,VietJet Air,3412448,16:10,03 thg 5,18:10,03 thg 5,2h 0m,HPH,0.0,7.0,18-04-2025
HPH0093,VietJet Air,3412448,16:10,03 thg 5,18:10,03 thg 5,2h 0m,HPH,0.0,7.0,19-04-2025
HPH0093,VietJet Air,3408458,16:10,03 thg 5,18:10,03 thg 5,2h 0m,HPH,0.0,7.0,20-04-2025
HPH0093,VietJet Air,3408458,16:10,03 thg 5,18:10,03 thg 5,2h 0m,HPH,0.0,7.0,21-04-2025
HPH0093,VietJet Air,3420428,16:10,03 thg 5,18:10,03 thg 5,2h 0m,HPH,0.0,7.0,22-04-2025
HPH0093,VietJet Air,3419430,16:10,03 thg 5,18:10,03 thg 5,2h 0m,HPH,0.0,7.0,23-04-2025
HPH0093,VietJet Air,3685763,16:10,03 thg 5,18:10,03 thg 5,2h 0m,HPH,0.0,7.0,24-04-2025
HPH0093,VietJet Air,3744615,16:10,03 thg 5,18:10,03 thg 5,2h 0m,HPH,0.0,7.0,25-04-2025
HPH0093,VietJet Air,3651848,16:10,03 thg 5,18:10,03 thg 5,2h 0m,HPH,0.0,7.0,26-04-2025
HPH0093,VietJet Air,3765442,16:10,03 thg 5,18:10,03 thg 5,2h 0m,HPH,0.0,7.0,27-04-2025
HPH0093,VietJet Air,3767184,16:10,03 thg 5,18:10,03 thg 5,2h 0m,HPH,0.0,7.0,28-04-2025
HPH0093,VietJet Air,3768079,16:10,03 thg 5,18:10,03 thg 5,2h 0m,HPH,0.0,7.0,29-04-2025
HPH0093,VietJet Air,3767121,16:10,03 thg 5,18:10,03 thg 5,2h 0m,HPH,0.0,7.0,30-04-2025
HPH0094,VietJet Air,3857412,16:10,04 thg 5,18:10,04 thg 5,2h 0m,HPH,0.0,7.0,01-05-2025
HPH0094,VietJet Air,3859051,16:10,04 thg 5,18:10,04 thg 5,2h 0m,HPH,0.0,7.0,03-05-2025
HPH0094,VietJet Air,3107000,16:10,04 thg 5,18:10,04 thg 5,2h 0m,HPH,0.0,7.0,07-04-2025
HPH0094,VietJet Air,3377535,16:10,04 thg 5,18:10,04 thg 5,2h 0m,HPH,0.0,7.0,14-04-2025
HPH0094,VietJet Air,3652845,16:10,04 thg 5,18:10,04 thg 5,2h 0m,HPH,0.0,7.0,15-04-2025
HPH0094,VietJet Air,3652845,16:10,04 thg 5,18:10,04 thg 5,2h 0m,HPH,0.0,7.0,16-04-2025
HPH0094,VietJet Air,3659828,16:10,04 thg 5,18:10,04 thg 5,2h 0m,HPH,0.0,7.0,17-04-2025
HPH0094,VietJet Air,3680775,16:10,04 thg 5,18:10,04 thg 5,2h 0m,HPH,0.0,7.0,18-04-2025
HPH0094,VietJet Air,3687758,16:10,04 thg 5,18:10,04 thg 5,2h 0m,HPH,0.0,7.0,19-04-2025
HPH0094,VietJet Air,3723668,16:10,04 thg 5,18:10,04 thg 5,2h 0m,HPH,0.0,7.0,20-04-2025
HPH0094,VietJet Air,3723668,16:10,04 thg 5,18:10,04 thg 5,2h 0m,HPH,0.0,7.0,21-04-2025
HPH0094,VietJet Air,3734640,16:10,04 thg 5,18:10,04 thg 5,2h 0m,HPH,0.0,7.0,22-04-2025
HPH0094,VietJet Air,3768555,16:10,04 thg 5,18:10,04 thg 5,2h 0m,HPH,0.0,7.0,23-04-2025
HPH0094,VietJet Air,3774540,16:10,04 thg 5,18:10,04 thg 5,2h 0m,HPH,0.0,7.0,24-04-2025
HPH0094,VietJet Air,3769553,16:10,04 thg 5,18:10,04 thg 5,2h 0m,HPH,0.0,7.0,25-04-2025
HPH0094,VietJet Air,3741623,16:10,04 thg 5,18:10,04 thg 5,2h 0m,HPH,0.0,7.0,26-04-2025
HPH0094,VietJet Air,3734411,16:10,04 thg 5,18:10,04 thg 5,2h 0m,HPH,0.0,7.0,27-04-2025
HPH0094,VietJet Air,3813443,16:10,04 thg 5,18:10,04 thg 5,2h 0m,HPH,0.0,7.0,28-04-2025
HPH0094,VietJet Air,3744615,16:10,04 thg 5,18:10,04 thg 5,2h 0m,HPH,0.0,7.0,29-04-2025
HPH0095,VietJet Air,2635775,16:10,05 thg 5,18:10,05 thg 5,2h 0m,HPH,0.0,7.0,01-05-2025
HPH0095,VietJet Air,2636895,16:10,05 thg 5,18:10,05 thg 5,2h 0m,HPH,0.0,7.0,02-05-2025
HPH0095,VietJet Air,2779035,16:10,05 thg 5,18:10,05 thg 5,2h 0m,HPH,0.0,7.0,03-05-2025
HPH0095,VietJet Air,2972550,16:10,05 thg 5,18:10,05 thg 5,2h 0m,HPH,0.0,7.0,04-05-2025
HPH0095,VietJet Air,1854000,16:10,05 thg 5,18:10,05 thg 5,2h 0m,HPH,0.0,7.0,07-04-2025
HPH0095,VietJet Air,1989015,16:10,05 thg 5,18:10,05 thg 5,2h 0m,HPH,0.0,7.0,15-04-2025
HPH0095,VietJet Air,2198490,16:10,05 thg 5,18:10,05 thg 5,2h 0m,HPH,0.0,7.0,16-04-2025
HPH0095,VietJet Air,2035898,16:10,05 thg 5,18:10,05 thg 5,2h 0m,HPH,0.0,7.0,17-04-2025
HPH0095,VietJet Air,2016945,16:10,05 thg 5,18:10,05 thg 5,2h 0m,HPH,0.0,7.0,18-04-2025
HPH0095,VietJet Air,2036895,16:10,05 thg 5,18:10,05 thg 5,2h 0m,HPH,0.0,7.0,19-04-2025
HPH0095,VietJet Air,2031908,16:10,05 thg 5,18:10,05 thg 5,2h 0m,HPH,0.0,7.0,20-04-2025
HPH0095,VietJet Air,2033903,16:10,05 thg 5,18:10,05 thg 5,2h 0m,HPH,0.0,7.0,21-04-2025
HPH0095,VietJet Air,2040885,16:10,05 thg 5,18:10,05 thg 5,2h 0m,HPH,0.0,7.0,22-04-2025
HPH0095,VietJet Air,2043878,16:10,05 thg 5,18:10,05 thg 5,2h 0m,HPH,0.0,7.0,23-04-2025
HPH0095,VietJet Air,2045873,16:10,05 thg 5,18:10,05 thg 5,2h 0m,HPH,0.0,7.0,24-04-2025
HPH0095,VietJet Air,2036895,16:10,05 thg 5,18:10,05 thg 5,2h 0m,HPH,0.0,7.0,25-04-2025
HPH0095,VietJet Air,2194500,16:10,05 thg 5,18:10,05 thg 5,2h 0m,HPH,0.0,7.0,26-04-2025
HPH0095,VietJet Air,2183528,16:10,05 thg 5,18:10,05 thg 5,2h 0m,HPH,0.0,7.0,27-04-2025
HPH0095,VietJet Air,2178540,16:10,05 thg 5,18:10,05 thg 5,2h 0m,HPH,0.0,7.0,28-04-2025
HPH0095,VietJet Air,2432917,16:10,05 thg 5,18:10,05 thg 5,2h 0m,HPH,0.0,7.0,29-04-2025
HPH0095,VietJet Air,2432299,16:10,05 thg 5,18:10,05 thg 5,2h 0m,HPH,0.0,7.0,30-04-2025
HPH0096,VietJet Air,1889220,16:10,06 thg 5,18:10,06 thg 5,2h 0m,HPH,0.0,7.0,01-05-2025
HPH0096,VietJet Air,1890023,16:10,06 thg 5,18:10,06 thg 5,2h 0m,HPH,0.0,7.0,02-05-2025
HPH0096,VietJet Air,1838393,16:10,06 thg 5,18:10,06 thg 5,2h 0m,HPH,0.0,7.0,03-05-2025
HPH0096,VietJet Air,2071173,16:10,06 thg 5,18:10,06 thg 5,2h 0m,HPH,0.0,7.0,04-05-2025
HPH0096,VietJet Air,1848000,16:10,06 thg 5,18:10,06 thg 5,2h 0m,HPH,0.0,7.0,07-04-2025
HPH0096,VietJet Air,1850363,16:10,06 thg 5,18:10,06 thg 5,2h 0m,HPH,0.0,7.0,16-04-2025
HPH0096,VietJet Air,1839390,16:10,06 thg 5,18:10,06 thg 5,2h 0m,HPH,0.0,7.0,17-04-2025
HPH0096,VietJet Air,1841385,16:10,06 thg 5,18:10,06 thg 5,2h 0m,HPH,0.0,7.0,18-04-2025
HPH0096,VietJet Air,1866323,16:10,06 thg 5,18:10,06 thg 5,2h 0m,HPH,0.0,7.0,19-04-2025
HPH0096,VietJet Air,1857345,16:10,06 thg 5,18:10,06 thg 5,2h 0m,HPH,0.0,7.0,20-04-2025
HPH0096,VietJet Air,1868318,16:10,06 thg 5,18:10,06 thg 5,2h 0m,HPH,0.0,7.0,21-04-2025
HPH0096,VietJet Air,1868318,16:10,06 thg 5,18:10,06 thg 5,2h 0m,HPH,0.0,7.0,22-04-2025
HPH0096,VietJet Air,1870313,16:10,06 thg 5,18:10,06 thg 5,2h 0m,HPH,0.0,7.0,23-04-2025
HPH0096,VietJet Air,1874303,16:10,06 thg 5,18:10,06 thg 5,2h 0m,HPH,0.0,7.0,24-04-2025
HPH0096,VietJet Air,1857345,16:10,06 thg 5,18:10,06 thg 5,2h 0m,HPH,0.0,7.0,25-04-2025
HPH0096,VietJet Air,1846373,16:10,06 thg 5,18:10,06 thg 5,2h 0m,HPH,0.0,7.0,26-04-2025
HPH0096,VietJet Air,1838393,16:10,06 thg 5,18:10,06 thg 5,2h 0m,HPH,0.0,7.0,27-04-2025
HPH0096,VietJet Air,1834403,16:10,06 thg 5,18:10,06 thg 5,2h 0m,HPH,0.0,7.0,28-04-2025
HPH0096,VietJet Air,1889802,16:10,06 thg 5,18:10,06 thg 5,2h 0m,HPH,0.0,7.0,29-04-2025
HPH0096,VietJet Air,1889321,16:10,06 thg 5,18:10,06 thg 5,2h 0m,HPH,0.0,7.0,30-04-2025
HPH0097,VietJet Air,1889220,16:10,07 thg 5,18:10,07 thg 5,2h 0m,HPH,0.0,7.0,01-05-2025
HPH0097,VietJet Air,1828979,16:10,07 thg 5,18:10,07 thg 5,2h 0m,HPH,0.0,7.0,02-05-2025
HPH0097,VietJet Air,1838393,16:10,07 thg 5,18:10,07 thg 5,2h 0m,HPH,0.0,7.0,03-05-2025
HPH0097,VietJet Air,1829415,16:10,07 thg 5,18:10,07 thg 5,2h 0m,HPH,0.0,7.0,04-05-2025
HPH0097,VietJet Air,2071074,16:10,07 thg 5,18:10,07 thg 5,2h 0m,HPH,0.0,7.0,05-05-2025
HPH0097,VietJet Air,2070149,16:10,07 thg 5,18:10,07 thg 5,2h 0m,HPH,0.0,7.0,06-05-2025
HPH0097,VietJet Air,1856000,16:10,07 thg 5,18:10,07 thg 5,2h 0m,HPH,0.0,7.0,07-04-2025
HPH0097,VietJet Air,1866323,16:10,07 thg 5,18:10,07 thg 5,2h 0m,HPH,0.0,7.0,19-04-2025
HPH0097,VietJet Air,1857345,16:10,07 thg 5,18:10,07 thg 5,2h 0m,HPH,0.0,7.0,20-04-2025
HPH0097,VietJet Air,1867320,16:10,07 thg 5,18:10,07 thg 5,2h 0m,HPH,0.0,7.0,21-04-2025
HPH0097,VietJet Air,1870313,16:10,07 thg 5,18:10,07 thg 5,2h 0m,HPH,0.0,7.0,22-04-2025
HPH0097,VietJet Air,1871310,16:10,07 thg 5,18:10,07 thg 5,2h 0m,HPH,0.0,7.0,23-04-2025
HPH0097,VietJet Air,1870313,16:10,07 thg 5,18:10,07 thg 5,2h 0m,HPH,0.0,7.0,24-04-2025
HPH0097,VietJet Air,1857345,16:10,07 thg 5,18:10,07 thg 5,2h 0m,HPH,0.0,7.0,25-04-2025
HPH0097,VietJet Air,1847370,16:10,07 thg 5,18:10,07 thg 5,2h 0m,HPH,0.0,7.0,26-04-2025
HPH0097,VietJet Air,1838393,16:10,07 thg 5,18:10,07 thg 5,2h 0m,HPH,0.0,7.0,27-04-2025
HPH0097,VietJet Air,1834403,16:10,07 thg 5,18:10,07 thg 5,2h 0m,HPH,0.0,7.0,28-04-2025
HPH0097,VietJet Air,1889802,16:10,07 thg 5,18:10,07 thg 5,2h 0m,HPH,0.0,7.0,29-04-2025
HPH0097,VietJet Air,1889321,16:10,07 thg 5,18:10,07 thg 5,2h 0m,HPH,0.0,7.0,30-04-2025
HPH0098,VietJet Air,1889220,16:10,08 thg 5,18:10,08 thg 5,2h 0m,HPH,0.0,7.0,01-05-2025
HPH0098,VietJet Air,1890023,16:10,08 thg 5,18:10,08 thg 5,2h 0m,HPH,0.0,7.0,02-05-2025
HPH0098,VietJet Air,1838393,16:10,08 thg 5,18:10,08 thg 5,2h 0m,HPH,0.0,7.0,03-05-2025
HPH0098,VietJet Air,1829415,16:10,08 thg 5,18:10,08 thg 5,2h 0m,HPH,0.0,7.0,04-05-2025
HPH0098,VietJet Air,1890015,16:10,08 thg 5,18:10,08 thg 5,2h 0m,HPH,0.0,7.0,05-05-2025
HPH0098,VietJet Air,1889171,16:10,08 thg 5,18:10,08 thg 5,2h 0m,HPH,0.0,7.0,06-05-2025
HPH0098,VietJet Air,1853000,16:10,08 thg 5,18:10,08 thg 5,2h 0m,HPH,0.0,7.0,07-04-2025
HPH0098,VietJet Air,1841385,16:10,08 thg 5,18:10,08 thg 5,2h 0m,HPH,0.0,7.0,18-04-2025
HPH0098,VietJet Air,1866323,16:10,08 thg 5,18:10,08 thg 5,2h 0m,HPH,0.0,7.0,19-04-2025
HPH0098,VietJet Air,1857345,16:10,08 thg 5,18:10,08 thg 5,2h 0m,HPH,0.0,7.0,20-04-2025
HPH0098,VietJet Air,1868318,16:10,08 thg 5,18:10,08 thg 5,2h 0m,HPH,0.0,7.0,21-04-2025
HPH0098,VietJet Air,1868318,16:10,08 thg 5,18:10,08 thg 5,2h 0m,HPH,0.0,7.0,22-04-2025
HPH0098,VietJet Air,1873305,16:10,08 thg 5,18:10,08 thg 5,2h 0m,HPH,0.0,7.0,23-04-2025
HPH0098,VietJet Air,1874303,16:10,08 thg 5,18:10,08 thg 5,2h 0m,HPH,0.0,7.0,24-04-2025
HPH0098,VietJet Air,1858343,16:10,08 thg 5,18:10,08 thg 5,2h 0m,HPH,0.0,7.0,25-04-2025
HPH0098,VietJet Air,1846373,16:10,08 thg 5,18:10,08 thg 5,2h 0m,HPH,0.0,7.0,26-04-2025
HPH0098,VietJet Air,1838393,16:10,08 thg 5,18:10,08 thg 5,2h 0m,HPH,0.0,7.0,27-04-2025
HPH0098,VietJet Air,1834403,16:10,08 thg 5,18:10,08 thg 5,2h 0m,HPH,0.0,7.0,28-04-2025
HPH0098,VietJet Air,1889802,16:10,08 thg 5,18:10,08 thg 5,2h 0m,HPH,0.0,7.0,29-04-2025
HPH0098,VietJet Air,1889321,16:10,08 thg 5,18:10,08 thg 5,2h 0m,HPH,0.0,7.0,30-04-2025
HPH0099,VietJet Air,1704728,16:10,09 thg 5,18:10,09 thg 5,2h 0m,HPH,0.0,7.0,01-05-2025
HPH0099,VietJet Air,1890023,16:10,09 thg 5,18:10,09 thg 5,2h 0m,HPH,0.0,7.0,02-05-2025
HPH0099,VietJet Air,1838393,16:10,09 thg 5,18:10,09 thg 5,2h 0m,HPH,0.0,7.0,03-05-2025
HPH0099,VietJet Air,1829415,16:10,09 thg 5,18:10,09 thg 5,2h 0m,HPH,0.0,7.0,04-05-2025
HPH0099,VietJet Air,2071074,16:10,09 thg 5,18:10,09 thg 5,2h 0m,HPH,0.0,7.0,05-05-2025
HPH0099,VietJet Air,3857310,16:10,09 thg 5,18:10,09 thg 5,2h 0m,HPH,0.0,7.0,06-05-2025
HPH0099,VietJet Air,1740000,16:10,09 thg 5,18:10,09 thg 5,2h 0m,HPH,0.0,7.0,07-04-2025
HPH0099,VietJet Air,3852062,16:10,09 thg 5,18:10,09 thg 5,2h 0m,HPH,0.0,7.0,07-05-2025
HPH0099,VietJet Air,3160080,16:10,09 thg 5,18:10,09 thg 5,2h 0m,HPH,0.0,7.0,08-05-2025
HPH0099,VietJet Air,1748618,16:10,09 thg 5,18:10,09 thg 5,2h 0m,HPH,0.0,7.0,19-04-2025
HPH0099,VietJet Air,1742633,16:10,09 thg 5,18:10,09 thg 5,2h 0m,HPH,0.0,7.0,20-04-2025
HPH0099,VietJet Air,1741635,16:10,09 thg 5,18:10,09 thg 5,2h 0m,HPH,0.0,7.0,21-04-2025
HPH0099,VietJet Air,1753605,16:10,09 thg 5,18:10,09 thg 5,2h 0m,HPH,0.0,7.0,22-04-2025
HPH0099,VietJet Air,1746623,16:10,09 thg 5,18:10,09 thg 5,2h 0m,HPH,0.0,7.0,23-04-2025
HPH0099,VietJet Air,1757595,16:10,09 thg 5,18:10,09 thg 5,2h 0m,HPH,0.0,7.0,24-04-2025
HPH0099,VietJet Air,1745625,16:10,09 thg 5,18:10,09 thg 5,2h 0m,HPH,0.0,7.0,25-04-2025
HPH0099,VietJet Air,1731660,16:10,09 thg 5,18:10,09 thg 5,2h 0m,HPH,0.0,7.0,26-04-2025
HPH0099,VietJet Air,1723680,16:10,09 thg 5,18:10,09 thg 5,2h 0m,HPH,0.0,7.0,27-04-2025
HPH0099,VietJet Air,1719690,16:10,09 thg 5,18:10,09 thg 5,2h 0m,HPH,0.0,7.0,28-04-2025
HPH0099,VietJet Air,1707720,16:10,09 thg 5,18:10,09 thg 5,2h 0m,HPH,0.0,7.0,29-04-2025
HPH0099,VietJet Air,1705725,16:10,09 thg 5,18:10,09 thg 5,2h 0m,HPH,0.0,7.0,30-04-2025
HPH0100,VietJet Air,1889220,16:10,10 thg 5,18:10,10 thg 5,2h 0m,HPH,0.0,7.0,01-05-2025
HPH0100,VietJet Air,1890023,16:10,10 thg 5,18:10,10 thg 5,2h 0m,HPH,0.0,7.0,02-05-2025
HPH0100,VietJet Air,1838393,16:10,10 thg 5,18:10,10 thg 5,2h 0m,HPH,0.0,7.0,03-05-2025
HPH0100,VietJet Air,1829415,16:10,10 thg 5,18:10,10 thg 5,2h 0m,HPH,0.0,7.0,04-05-2025
HPH0100,VietJet Air,1890015,16:10,10 thg 5,18:10,10 thg 5,2h 0m,HPH,0.0,7.0,05-05-2025
HPH0100,VietJet Air,1889171,16:10,10 thg 5,18:10,10 thg 5,2h 0m,HPH,0.0,7.0,06-05-2025
HPH0100,VietJet Air,1859000,16:10,10 thg 5,18:10,10 thg 5,2h 0m,HPH,0.0,7.0,07-04-2025
HPH0100,VietJet Air,1612455,16:10,10 thg 5,18:10,10 thg 5,2h 0m,HPH,0.0,7.0,07-05-2025
HPH0100,VietJet Air,1884105,16:10,10 thg 5,18:10,10 thg 5,2h 0m,HPH,0.0,7.0,08-05-2025
HPH0100,VietJet Air,1857345,16:10,10 thg 5,18:10,10 thg 5,2h 0m,HPH,0.0,7.0,20-04-2025
HPH0100,VietJet Air,1860338,16:10,10 thg 5,18:10,10 thg 5,2h 0m,HPH,0.0,7.0,21-04-2025
HPH0100,VietJet Air,1868318,16:10,10 thg 5,18:10,10 thg 5,2h 0m,HPH,0.0,7.0,22-04-2025
HPH0100,VietJet Air,1872308,16:10,10 thg 5,18:10,10 thg 5,2h 0m,HPH,0.0,7.0,23-04-2025
HPH0100,VietJet Air,1873305,16:10,10 thg 5,18:10,10 thg 5,2h 0m,HPH,0.0,7.0,24-04-2025
HPH0100,VietJet Air,1870313,16:10,10 thg 5,18:10,10 thg 5,2h 0m,HPH,0.0,7.0,25-04-2025
HPH0100,VietJet Air,1847370,16:10,10 thg 5,18:10,10 thg 5,2h 0m,HPH,0.0,7.0,26-04-2025
HPH0100,VietJet Air,1838393,16:10,10 thg 5,18:10,10 thg 5,2h 0m,HPH,0.0,7.0,27-04-2025
HPH0100,VietJet Air,1834403,16:10,10 thg 5,18:10,10 thg 5,2h 0m,HPH,0.0,7.0,28-04-2025
HPH0100,VietJet Air,1889802,16:10,10 thg 5,18:10,10 thg 5,2h 0m,HPH,0.0,7.0,29-04-2025
HPH0100,VietJet Air,1889321,16:10,10 thg 5,18:10,10 thg 5,2h 0m,HPH,0.0,7.0,30-04-2025
HPH0101,VietJet Air,1889220,16:10,11 thg 5,18:10,11 thg 5,2h 0m,HPH,0.0,7.0,01-05-2025
HPH0101,VietJet Air,1890023,16:10,11 thg 5,18:10,11 thg 5,2h 0m,HPH,0.0,7.0,02-05-2025
HPH0101,VietJet Air,1838393,16:10,11 thg 5,18:10,11 thg 5,2h 0m,HPH,0.0,7.0,03-05-2025
HPH0101,VietJet Air,1829415,16:10,11 thg 5,18:10,11 thg 5,2h 0m,HPH,0.0,7.0,04-05-2025
HPH0101,VietJet Air,1890015,16:10,11 thg 5,18:10,11 thg 5,2h 0m,HPH,0.0,7.0,05-05-2025
HPH0101,VietJet Air,1889171,16:10,11 thg 5,18:10,11 thg 5,2h 0m,HPH,0.0,7.0,06-05-2025
HPH0101,VietJet Air,1856000,16:10,11 thg 5,18:10,11 thg 5,2h 0m,HPH,0.0,7.0,07-04-2025
HPH0101,VietJet Air,1883923,16:10,11 thg 5,18:10,11 thg 5,2h 0m,HPH,0.0,7.0,07-05-2025
HPH0101,VietJet Air,1884105,16:10,11 thg 5,18:10,11 thg 5,2h 0m,HPH,0.0,7.0,08-05-2025
HPH0101,VietJet Air,1823909,16:10,11 thg 5,18:10,11 thg 5,2h 0m,HPH,0.0,7.0,09-05-2025
HPH0101,VietJet Air,3796485,16:10,11 thg 5,18:10,11 thg 5,2h 0m,HPH,0.0,7.0,10-05-2025
HPH0101,VietJet Air,1860338,16:10,11 thg 5,18:10,11 thg 5,2h 0m,HPH,0.0,7.0,21-04-2025
HPH0101,VietJet Air,1868318,16:10,11 thg 5,18:10,11 thg 5,2h 0m,HPH,0.0,7.0,22-04-2025
HPH0101,VietJet Air,1870313,16:10,11 thg 5,18:10,11 thg 5,2h 0m,HPH,0.0,7.0,23-04-2025
HPH0101,VietJet Air,1873305,16:10,11 thg 5,18:10,11 thg 5,2h 0m,HPH,0.0,7.0,24-04-2025
HPH0101,VietJet Air,1847370,16:10,11 thg 5,18:10,11 thg 5,2h 0m,HPH,0.0,7.0,26-04-2025
HPH0101,VietJet Air,1838393,16:10,11 thg 5,18:10,11 thg 5,2h 0m,HPH,0.0,7.0,27-04-2025
HPH0101,VietJet Air,1889321,16:10,11 thg 5,18:10,11 thg 5,2h 0m,HPH,0.0,7.0,30-04-2025
HPH0102,VietJet Air,1844730,16:10,21 thg 4,18:10,21 thg 4,2h 0m,HPH,0.0,7.0,07-04-2025
HPH0102,VietJet Air,1852690,16:10,21 thg 4,18:10,21 thg 4,2h 0m,HPH,0.0,7.0,08-04-2025
HPH0102,VietJet Air,1864000,16:10,21 thg 4,18:10,21 thg 4,2h 0m,HPH,0.0,7.0,09-04-2025
HPH0102,VietJet Air,1834517,16:10,21 thg 4,18:10,21 thg 4,2h 0m,HPH,0.0,7.0,10-04-2025
HPH0102,VietJet Air,1860000,16:10,21 thg 4,18:10,21 thg 4,2h 0m,HPH,0.0,7.0,11-04-2025
HPH0102,VietJet Air,1856000,16:10,21 thg 4,18:10,21 thg 4,2h 0m,HPH,0.0,7.0,12-04-2025
HPH0102,VietJet Air,1848710,16:10,21 thg 4,18:10,21 thg 4,2h 0m,HPH,0.0,7.0,13-04-2025
HPH0102,VietJet Air,1807470,16:10,21 thg 4,18:10,21 thg 4,2h 0m,HPH,0.0,7.0,14-04-2025
HPH0102,VietJet Air,1813455,16:10,21 thg 4,18:10,21 thg 4,2h 0m,HPH,0.0,7.0,15-04-2025
HPH0102,VietJet Air,1722683,16:10,21 thg 4,18:10,21 thg 4,2h 0m,HPH,0.0,7.0,17-04-2025
HPH0102,VietJet Air,1841385,16:10,21 thg 4,18:10,21 thg 4,2h 0m,HPH,0.0,7.0,18-04-2025
HPH0102,VietJet Air,1866323,16:10,21 thg 4,18:10,21 thg 4,2h 0m,HPH,0.0,7.0,19-04-2025
HPH0102,VietJet Air,2392005,16:10,21 thg 4,18:10,21 thg 4,2h 0m,HPH,0.0,7.0,20-04-2025
HPH0103,VietJet Air,1845725,16:10,22 thg 4,18:10,22 thg 4,2h 0m,HPH,0.0,7.0,07-04-2025
HPH0103,VietJet Air,1852690,16:10,22 thg 4,18:10,22 thg 4,2h 0m,HPH,0.0,7.0,08-04-2025
HPH0103,VietJet Air,1864000,16:10,22 thg 4,18:10,22 thg 4,2h 0m,HPH,0.0,7.0,09-04-2025
HPH0103,VietJet Air,1833527,16:10,22 thg 4,18:10,22 thg 4,2h 0m,HPH,0.0,7.0,10-04-2025
HPH0103,VietJet Air,1860000,16:10,22 thg 4,18:10,22 thg 4,2h 0m,HPH,0.0,7.0,11-04-2025
HPH0103,VietJet Air,1856000,16:10,22 thg 4,18:10,22 thg 4,2h 0m,HPH,0.0,7.0,12-04-2025
HPH0103,VietJet Air,1848710,16:10,22 thg 4,18:10,22 thg 4,2h 0m,HPH,0.0,7.0,13-04-2025
HPH0103,VietJet Air,1808468,16:10,22 thg 4,18:10,22 thg 4,2h 0m,HPH,0.0,7.0,14-04-2025
HPH0103,VietJet Air,1814453,16:10,22 thg 4,18:10,22 thg 4,2h 0m,HPH,0.0,7.0,15-04-2025
HPH0103,VietJet Air,1850363,16:10,22 thg 4,18:10,22 thg 4,2h 0m,HPH,0.0,7.0,16-04-2025
HPH0103,VietJet Air,1839390,16:10,22 thg 4,18:10,22 thg 4,2h 0m,HPH,0.0,7.0,17-04-2025
HPH0103,VietJet Air,1841385,16:10,22 thg 4,18:10,22 thg 4,2h 0m,HPH,0.0,7.0,18-04-2025
HPH0103,VietJet Air,1866323,16:10,22 thg 4,18:10,22 thg 4,2h 0m,HPH,0.0,7.0,19-04-2025
HPH0103,VietJet Air,1857345,16:10,22 thg 4,18:10,22 thg 4,2h 0m,HPH,0.0,7.0,20-04-2025
HPH0103,VietJet Air,1857345,16:10,22 thg 4,18:10,22 thg 4,2h 0m,HPH,0.0,7.0,21-04-2025
HPH0104,VietJet Air,1843735,16:10,23 thg 4,18:10,23 thg 4,2h 0m,HPH,0.0,7.0,07-04-2025
HPH0104,VietJet Air,1852690,16:10,23 thg 4,18:10,23 thg 4,2h 0m,HPH,0.0,7.0,08-04-2025
HPH0104,VietJet Air,1861000,16:10,23 thg 4,18:10,23 thg 4,2h 0m,HPH,0.0,7.0,09-04-2025
HPH0104,VietJet Air,1853000,16:10,23 thg 4,18:10,23 thg 4,2h 0m,HPH,0.0,7.0,11-04-2025
HPH0104,VietJet Air,1856000,16:10,23 thg 4,18:10,23 thg 4,2h 0m,HPH,0.0,7.0,12-04-2025
HPH0104,VietJet Air,1848710,16:10,23 thg 4,18:10,23 thg 4,2h 0m,HPH,0.0,7.0,13-04-2025
HPH0104,VietJet Air,1808468,16:10,23 thg 4,18:10,23 thg 4,2h 0m,HPH,0.0,7.0,14-04-2025
HPH0104,VietJet Air,1814453,16:10,23 thg 4,18:10,23 thg 4,2h 0m,HPH,0.0,7.0,15-04-2025
HPH0104,VietJet Air,1851360,16:10,23 thg 4,18:10,23 thg 4,2h 0m,HPH,0.0,7.0,16-04-2025
HPH0104,VietJet Air,1839390,16:10,23 thg 4,18:10,23 thg 4,2h 0m,HPH,0.0,7.0,17-04-2025
HPH0104,VietJet Air,1841385,16:10,23 thg 4,18:10,23 thg 4,2h 0m,HPH,0.0,7.0,18-04-2025
HPH0104,VietJet Air,1866323,16:10,23 thg 4,18:10,23 thg 4,2h 0m,HPH,0.0,7.0,19-04-2025
HPH0104,VietJet Air,1857345,16:10,23 thg 4,18:10,23 thg 4,2h 0m,HPH,0.0,7.0,20-04-2025
HPH0104,VietJet Air,1857345,16:10,23 thg 4,18:10,23 thg 4,2h 0m,HPH,0.0,7.0,21-04-2025
HPH0104,VietJet Air,2074800,16:10,23 thg 4,18:10,23 thg 4,2h 0m,HPH,0.0,7.0,22-04-2025
HPH0105,VietJet Air,1843735,16:10,24 thg 4,18:10,24 thg 4,2h 0m,HPH,0.0,7.0,07-04-2025
HPH0106,VietJet Air,1734285,16:10,25 thg 4,18:10,25 thg 4,2h 0m,HPH,0.0,7.0,07-04-2025
HPH0106,VietJet Air,1739260,16:10,25 thg 4,18:10,25 thg 4,2h 0m,HPH,0.0,7.0,08-04-2025
HPH0106,VietJet Air,1749000,16:10,25 thg 4,18:10,25 thg 4,2h 0m,HPH,0.0,7.0,09-04-2025
HPH0106,VietJet Air,1721654,16:10,25 thg 4,18:10,25 thg 4,2h 0m,HPH,0.0,7.0,10-04-2025
HPH0106,VietJet Air,1732000,16:10,25 thg 4,18:10,25 thg 4,2h 0m,HPH,0.0,7.0,11-04-2025
HPH0106,VietJet Air,1734000,16:10,25 thg 4,18:10,25 thg 4,2h 0m,HPH,0.0,7.0,12-04-2025
HPH0106,VietJet Air,1738265,16:10,25 thg 4,18:10,25 thg 4,2h 0m,HPH,0.0,7.0,13-04-2025
HPH0106,VietJet Air,1691760,16:10,25 thg 4,18:10,25 thg 4,2h 0m,HPH,0.0,7.0,14-04-2025
HPH0106,VietJet Air,1698743,16:10,25 thg 4,18:10,25 thg 4,2h 0m,HPH,0.0,7.0,15-04-2025
HPH0106,VietJet Air,1851360,16:10,25 thg 4,18:10,25 thg 4,2h 0m,HPH,0.0,7.0,16-04-2025
HPH0106,VietJet Air,1839390,16:10,25 thg 4,18:10,25 thg 4,2h 0m,HPH,0.0,7.0,17-04-2025
HPH0106,VietJet Air,1843380,16:10,25 thg 4,18:10,25 thg 4,2h 0m,HPH,0.0,7.0,18-04-2025
HPH0106,VietJet Air,1866323,16:10,25 thg 4,18:10,25 thg 4,2h 0m,HPH,0.0,7.0,19-04-2025
HPH0106,VietJet Air,1857345,16:10,25 thg 4,18:10,25 thg 4,2h 0m,HPH,0.0,7.0,20-04-2025
HPH0106,VietJet Air,1857345,16:10,25 thg 4,18:10,25 thg 4,2h 0m,HPH,0.0,7.0,21-04-2025
HPH0106,VietJet Air,2251358,16:10,25 thg 4,18:10,25 thg 4,2h 0m,HPH,0.0,7.0,23-04-2025
HPH0106,VietJet Air,2428913,16:10,25 thg 4,18:10,25 thg 4,2h 0m,HPH,0.0,7.0,24-04-2025
HPH0107,VietJet Air,1855000,16:10,26 thg 4,18:10,26 thg 4,2h 0m,HPH,0.0,7.0,07-04-2025
HPH0107,VietJet Air,1852690,16:10,26 thg 4,18:10,26 thg 4,2h 0m,HPH,0.0,7.0,08-04-2025
HPH0107,VietJet Air,1864000,16:10,26 thg 4,18:10,26 thg 4,2h 0m,HPH,0.0,7.0,09-04-2025
HPH0107,VietJet Air,1841447,16:10,26 thg 4,18:10,26 thg 4,2h 0m,HPH,0.0,7.0,10-04-2025
HPH0107,VietJet Air,1860000,16:10,26 thg 4,18:10,26 thg 4,2h 0m,HPH,0.0,7.0,11-04-2025
HPH0107,VietJet Air,1856000,16:10,26 thg 4,18:10,26 thg 4,2h 0m,HPH,0.0,7.0,12-04-2025
HPH0107,VietJet Air,1848710,16:10,26 thg 4,18:10,26 thg 4,2h 0m,HPH,0.0,7.0,13-04-2025
HPH0107,VietJet Air,1807470,16:10,26 thg 4,18:10,26 thg 4,2h 0m,HPH,0.0,7.0,14-04-2025
HPH0107,VietJet Air,1814453,16:10,26 thg 4,18:10,26 thg 4,2h 0m,HPH,0.0,7.0,15-04-2025
HPH0107,VietJet Air,1851360,16:10,26 thg 4,18:10,26 thg 4,2h 0m,HPH,0.0,7.0,16-04-2025
HPH0107,VietJet Air,1839390,16:10,26 thg 4,18:10,26 thg 4,2h 0m,HPH,0.0,7.0,17-04-2025
HPH0107,VietJet Air,1841385,16:10,26 thg 4,18:10,26 thg 4,2h 0m,HPH,0.0,7.0,18-04-2025
HPH0107,VietJet Air,1866323,16:10,26 thg 4,18:10,26 thg 4,2h 0m,HPH,0.0,7.0,19-04-2025
HPH0107,VietJet Air,1857345,16:10,26 thg 4,18:10,26 thg 4,2h 0m,HPH,0.0,7.0,20-04-2025
HPH0107,VietJet Air,1857345,16:10,26 thg 4,18:10,26 thg 4,2h 0m,HPH,0.0,7.0,21-04-2025
HPH0108,VietJet Air,1844730,16:10,27 thg 4,18:10,27 thg 4,2h 0m,HPH,0.0,7.0,07-04-2025
HPH0108,VietJet Air,1852690,16:10,27 thg 4,18:10,27 thg 4,2h 0m,HPH,0.0,7.0,08-04-2025
HPH0108,VietJet Air,1864000,16:10,27 thg 4,18:10,27 thg 4,2h 0m,HPH,0.0,7.0,09-04-2025
HPH0108,VietJet Air,1841447,16:10,27 thg 4,18:10,27 thg 4,2h 0m,HPH,0.0,7.0,10-04-2025
HPH0108,VietJet Air,1860000,16:10,27 thg 4,18:10,27 thg 4,2h 0m,HPH,0.0,7.0,11-04-2025
HPH0108,VietJet Air,1856000,16:10,27 thg 4,18:10,27 thg 4,2h 0m,HPH,0.0,7.0,12-04-2025
HPH0108,VietJet Air,1848710,16:10,27 thg 4,18:10,27 thg 4,2h 0m,HPH,0.0,7.0,13-04-2025
HPH0108,VietJet Air,1808468,16:10,27 thg 4,18:10,27 thg 4,2h 0m,HPH,0.0,7.0,14-04-2025
HPH0108,VietJet Air,1813455,16:10,27 thg 4,18:10,27 thg 4,2h 0m,HPH,0.0,7.0,15-04-2025
HPH0108,VietJet Air,1850363,16:10,27 thg 4,18:10,27 thg 4,2h 0m,HPH,0.0,7.0,16-04-2025
HPH0108,VietJet Air,1841385,16:10,27 thg 4,18:10,27 thg 4,2h 0m,HPH,0.0,7.0,17-04-2025
HPH0108,VietJet Air,1841385,16:10,27 thg 4,18:10,27 thg 4,2h 0m,HPH,0.0,7.0,18-04-2025
HPH0108,VietJet Air,1866323,16:10,27 thg 4,18:10,27 thg 4,2h 0m,HPH,0.0,7.0,19-04-2025
HPH0108,VietJet Air,1857345,16:10,27 thg 4,18:10,27 thg 4,2h 0m,HPH,0.0,7.0,20-04-2025
HPH0108,VietJet Air,1857345,16:10,27 thg 4,18:10,27 thg 4,2h 0m,HPH,0.0,7.0,21-04-2025
HPH0108,VietJet Air,2038890,16:10,27 thg 4,18:10,27 thg 4,2h 0m,HPH,0.0,7.0,22-04-2025
HPH0108,VietJet Air,2040885,16:10,27 thg 4,18:10,27 thg 4,2h 0m,HPH,0.0,7.0,23-04-2025
HPH0108,VietJet Air,2044875,16:10,27 thg 4,18:10,27 thg 4,2h 0m,HPH,0.0,7.0,24-04-2025
HPH0108,VietJet Air,2238595,16:10,27 thg 4,18:10,27 thg 4,2h 0m,HPH,0.0,7.0,25-04-2025
HPH0108,VietJet Air,2815943,16:10,27 thg 4,18:10,27 thg 4,2h 0m,HPH,0.0,7.0,26-04-2025
HPH0109,VietJet Air,1844730,16:10,28 thg 4,18:10,28 thg 4,2h 0m,HPH,0.0,7.0,07-04-2025
HPH0109,VietJet Air,1852690,16:10,28 thg 4,18:10,28 thg 4,2h 0m,HPH,0.0,7.0,08-04-2025
HPH0109,VietJet Air,1861000,16:10,28 thg 4,18:10,28 thg 4,2h 0m,HPH,0.0,7.0,09-04-2025
HPH0109,VietJet Air,1841447,16:10,28 thg 4,18:10,28 thg 4,2h 0m,HPH,0.0,7.0,10-04-2025
HPH0109,VietJet Air,1860000,16:10,28 thg 4,18:10,28 thg 4,2h 0m,HPH,0.0,7.0,11-04-2025
HPH0109,VietJet Air,1856000,16:10,28 thg 4,18:10,28 thg 4,2h 0m,HPH,0.0,7.0,12-04-2025
HPH0109,VietJet Air,1848710,16:10,28 thg 4,18:10,28 thg 4,2h 0m,HPH,0.0,7.0,13-04-2025
HPH0109,VietJet Air,1807470,16:10,28 thg 4,18:10,28 thg 4,2h 0m,HPH,0.0,7.0,14-04-2025
HPH0109,VietJet Air,1813455,16:10,28 thg 4,18:10,28 thg 4,2h 0m,HPH,0.0,7.0,15-04-2025
HPH0109,VietJet Air,1839390,16:10,28 thg 4,18:10,28 thg 4,2h 0m,HPH,0.0,7.0,17-04-2025
HPH0109,VietJet Air,1843380,16:10,28 thg 4,18:10,28 thg 4,2h 0m,HPH,0.0,7.0,18-04-2025
HPH0109,VietJet Air,1866323,16:10,28 thg 4,18:10,28 thg 4,2h 0m,HPH,0.0,7.0,19-04-2025
HPH0109,VietJet Air,1857345,16:10,28 thg 4,18:10,28 thg 4,2h 0m,HPH,0.0,7.0,20-04-2025
HPH0109,VietJet Air,1857345,16:10,28 thg 4,18:10,28 thg 4,2h 0m,HPH,0.0,7.0,21-04-2025
HPH0109,VietJet Air,1868318,16:10,28 thg 4,18:10,28 thg 4,2h 0m,HPH,0.0,7.0,22-04-2025
HPH0109,VietJet Air,1870313,16:10,28 thg 4,18:10,28 thg 4,2h 0m,HPH,0.0,7.0,23-04-2025
HPH0109,VietJet Air,2044875,16:10,28 thg 4,18:10,28 thg 4,2h 0m,HPH,0.0,7.0,24-04-2025
HPH0109,VietJet Air,2036895,16:10,28 thg 4,18:10,28 thg 4,2h 0m,HPH,0.0,7.0,25-04-2025
HPH0109,VietJet Air,2196495,16:10,28 thg 4,18:10,28 thg 4,2h 0m,HPH,0.0,7.0,26-04-2025
HPH0109,VietJet Air,3855898,16:10,28 thg 4,18:10,28 thg 4,2h 0m,HPH,0.0,7.0,27-04-2025
HPH0110,VietJet Air,2190990,16:10,29 thg 4,18:10,29 thg 4,2h 0m,HPH,0.0,7.0,07-04-2025
HPH0110,VietJet Air,2378000,16:10,29 thg 4,18:10,29 thg 4,2h 0m,HPH,0.0,7.0,09-04-2025
HPH0110,VietJet Air,2361210,16:10,29 thg 4,18:10,29 thg 4,2h 0m,HPH,0.0,7.0,10-04-2025
HPH0110,VietJet Air,2371000,16:10,29 thg 4,18:10,29 thg 4,2h 0m,HPH,0.0,7.0,11-04-2025
HPH0110,VietJet Air,2374000,16:10,29 thg 4,18:10,29 thg 4,2h 0m,HPH,0.0,7.0,12-04-2025
HPH0110,VietJet Air,2559140,16:10,29 thg 4,18:10,29 thg 4,2h 0m,HPH,0.0,7.0,13-04-2025
HPH0110,VietJet Air,2532653,16:10,29 thg 4,18:10,29 thg 4,2h 0m,HPH,0.0,7.0,14-04-2025
HPH0110,VietJet Air,2541630,16:10,29 thg 4,18:10,29 thg 4,2h 0m,HPH,0.0,7.0,15-04-2025
HPH0110,VietJet Air,2570558,16:10,29 thg 4,18:10,29 thg 4,2h 0m,HPH,0.0,7.0,16-04-2025
HPH0110,VietJet Air,2367068,16:10,29 thg 4,18:10,29 thg 4,2h 0m,HPH,0.0,7.0,17-04-2025
HPH0110,VietJet Air,2368065,16:10,29 thg 4,18:10,29 thg 4,2h 0m,HPH,0.0,7.0,18-04-2025
HPH0110,VietJet Air,2036895,16:10,29 thg 4,18:10,29 thg 4,2h 0m,HPH,0.0,7.0,19-04-2025
HPH0110,VietJet Air,2031908,16:10,29 thg 4,18:10,29 thg 4,2h 0m,HPH,0.0,7.0,20-04-2025
HPH0110,VietJet Air,2031908,16:10,29 thg 4,18:10,29 thg 4,2h 0m,HPH,0.0,7.0,21-04-2025
HPH0110,VietJet Air,2209463,16:10,29 thg 4,18:10,29 thg 4,2h 0m,HPH,0.0,7.0,22-04-2025
HPH0110,VietJet Air,2386020,16:10,29 thg 4,18:10,29 thg 4,2h 0m,HPH,0.0,7.0,23-04-2025
HPH0110,VietJet Air,2392005,16:10,29 thg 4,18:10,29 thg 4,2h 0m,HPH,0.0,7.0,24-04-2025
HPH0110,VietJet Air,2383028,16:10,29 thg 4,18:10,29 thg 4,2h 0m,HPH,0.0,7.0,25-04-2025
HPH0110,VietJet Air,2368065,16:10,29 thg 4,18:10,29 thg 4,2h 0m,HPH,0.0,7.0,26-04-2025
HPH0110,VietJet Air,2558588,16:10,29 thg 4,18:10,29 thg 4,2h 0m,HPH,0.0,7.0,27-04-2025
HPH0110,VietJet Air,3811448,16:10,29 thg 4,18:10,29 thg 4,2h 0m,HPH,0.0,7.0,28-04-2025
HPH0111,VietJet Air,1734285,16:10,30 thg 4,18:10,30 thg 4,2h 0m,HPH,0.0,7.0,07-04-2025
HPH0111,VietJet Air,2172115,16:10,30 thg 4,18:10,30 thg 4,2h 0m,HPH,0.0,7.0,10-04-2025
HPH0111,VietJet Air,2196000,16:10,30 thg 4,18:10,30 thg 4,2h 0m,HPH,0.0,7.0,11-04-2025
HPH0111,VietJet Air,2200000,16:10,30 thg 4,18:10,30 thg 4,2h 0m,HPH,0.0,7.0,12-04-2025
HPH0111,VietJet Air,2190990,16:10,30 thg 4,18:10,30 thg 4,2h 0m,HPH,0.0,7.0,13-04-2025
HPH0111,VietJet Air,2157593,16:10,30 thg 4,18:10,30 thg 4,2h 0m,HPH,0.0,7.0,14-04-2025
HPH0111,VietJet Air,2163578,16:10,30 thg 4,18:10,30 thg 4,2h 0m,HPH,0.0,7.0,15-04-2025
HPH0111,VietJet Air,2198490,16:10,30 thg 4,18:10,30 thg 4,2h 0m,HPH,0.0,7.0,16-04-2025
HPH0111,VietJet Air,2190510,16:10,30 thg 4,18:10,30 thg 4,2h 0m,HPH,0.0,7.0,17-04-2025
HPH0111,VietJet Air,2193503,16:10,30 thg 4,18:10,30 thg 4,2h 0m,HPH,0.0,7.0,18-04-2025
HPH0111,VietJet Air,2036895,16:10,30 thg 4,18:10,30 thg 4,2h 0m,HPH,0.0,7.0,19-04-2025
HPH0111,VietJet Air,2031908,16:10,30 thg 4,18:10,30 thg 4,2h 0m,HPH,0.0,7.0,20-04-2025
HPH0111,VietJet Air,2031908,16:10,30 thg 4,18:10,30 thg 4,2h 0m,HPH,0.0,7.0,21-04-2025
HPH0111,VietJet Air,2209463,16:10,30 thg 4,18:10,30 thg 4,2h 0m,HPH,0.0,7.0,22-04-2025
HPH0111,VietJet Air,2211458,16:10,30 thg 4,18:10,30 thg 4,2h 0m,HPH,0.0,7.0,23-04-2025
HPH0111,VietJet Air,2392005,16:10,30 thg 4,18:10,30 thg 4,2h 0m,HPH,0.0,7.0,24-04-2025
HPH0111,VietJet Air,2383028,16:10,30 thg 4,18:10,30 thg 4,2h 0m,HPH,0.0,7.0,25-04-2025
HPH0111,VietJet Air,2368065,16:10,30 thg 4,18:10,30 thg 4,2h 0m,HPH,0.0,7.0,26-04-2025
HPH0111,VietJet Air,2558588,16:10,30 thg 4,18:10,30 thg 4,2h 0m,HPH,0.0,7.0,27-04-2025
HPH0111,VietJet Air,2553600,16:10,30 thg 4,18:10,30 thg 4,2h 0m,HPH,0.0,7.0,28-04-2025
HPH0111,VietJet Air,2853848,16:10,30 thg 4,18:10,30 thg 4,2h 0m,HPH,0.0,7.0,29-04-2025
HPH0112,VietJet Air,3859034,16:20,06 thg 5,18:20,06 thg 5,2h 0m,HPH,0.0,7.0,05-05-2025
HPH0113,VietJet Air,1743000,19:15,01 thg 5,21:15,01 thg 5,2h 0m,HPH,0.0,7.0,07-04-2025
HPH0113,VietJet Air,1860000,19:15,01 thg 5,21:15,01 thg 5,2h 0m,HPH,0.0,7.0,11-04-2025
HPH0113,VietJet Air,1856000,19:15,01 thg 5,21:15,01 thg 5,2h 0m,HPH,0.0,7.0,12-04-2025
HPH0113,VietJet Air,2018855,19:15,01 thg 5,21:15,01 thg 5,2h 0m,HPH,0.0,7.0,13-04-2025
HPH0113,VietJet Air,1983030,19:15,01 thg 5,21:15,01 thg 5,2h 0m,HPH,0.0,7.0,14-04-2025
HPH0113,VietJet Air,1989015,19:15,01 thg 5,21:15,01 thg 5,2h 0m,HPH,0.0,7.0,15-04-2025
HPH0113,VietJet Air,2024925,19:15,01 thg 5,21:15,01 thg 5,2h 0m,HPH,0.0,7.0,16-04-2025
HPH0113,VietJet Air,2016945,19:15,01 thg 5,21:15,01 thg 5,2h 0m,HPH,0.0,7.0,17-04-2025
HPH0113,VietJet Air,2016945,19:15,01 thg 5,21:15,01 thg 5,2h 0m,HPH,0.0,7.0,18-04-2025
HPH0113,VietJet Air,2581530,19:15,01 thg 5,21:15,01 thg 5,2h 0m,HPH,0.0,7.0,19-04-2025
HPH0113,VietJet Air,2577540,19:15,01 thg 5,21:15,01 thg 5,2h 0m,HPH,0.0,7.0,20-04-2025
HPH0113,VietJet Air,2578538,19:15,01 thg 5,21:15,01 thg 5,2h 0m,HPH,0.0,7.0,21-04-2025
HPH0113,VietJet Air,3130155,19:15,01 thg 5,21:15,01 thg 5,2h 0m,HPH,0.0,7.0,23-04-2025
HPH0114,VietJet Air,1767000,19:15,02 thg 5,21:15,02 thg 5,2h 0m,HPH,0.0,7.0,07-04-2025
HPH0114,VietJet Air,2027000,19:15,02 thg 5,21:15,02 thg 5,2h 0m,HPH,0.0,7.0,12-04-2025
HPH0114,VietJet Air,2018855,19:15,02 thg 5,21:15,02 thg 5,2h 0m,HPH,0.0,7.0,13-04-2025
HPH0114,VietJet Air,1983030,19:15,02 thg 5,21:15,02 thg 5,2h 0m,HPH,0.0,7.0,14-04-2025
HPH0114,VietJet Air,2161583,19:15,02 thg 5,21:15,02 thg 5,2h 0m,HPH,0.0,7.0,15-04-2025
HPH0114,VietJet Air,2365073,19:15,02 thg 5,21:15,02 thg 5,2h 0m,HPH,0.0,7.0,17-04-2025
HPH0114,VietJet Air,2368065,19:15,02 thg 5,21:15,02 thg 5,2h 0m,HPH,0.0,7.0,18-04-2025
HPH0114,VietJet Air,3757583,19:15,02 thg 5,21:15,02 thg 5,2h 0m,HPH,0.0,7.0,19-04-2025
HPH0114,VietJet Air,3752595,19:15,02 thg 5,21:15,02 thg 5,2h 0m,HPH,0.0,7.0,20-04-2025
HPH0114,VietJet Air,3752595,19:15,02 thg 5,21:15,02 thg 5,2h 0m,HPH,0.0,7.0,21-04-2025
HPH0115,VietJet Air,3726660,19:15,03 thg 5,21:15,03 thg 5,2h 0m,HPH,0.0,7.0,14-04-2025
HPH0115,VietJet Air,3382523,19:15,03 thg 5,21:15,03 thg 5,2h 0m,HPH,0.0,7.0,15-04-2025
HPH0115,VietJet Air,3400478,19:15,03 thg 5,21:15,03 thg 5,2h 0m,HPH,0.0,7.0,16-04-2025
HPH0115,VietJet Air,3406463,19:15,03 thg 5,21:15,03 thg 5,2h 0m,HPH,0.0,7.0,17-04-2025
HPH0115,VietJet Air,2036895,19:15,03 thg 5,21:15,03 thg 5,2h 0m,HPH,0.0,7.0,18-04-2025
HPH0115,VietJet Air,2207468,19:15,03 thg 5,21:15,03 thg 5,2h 0m,HPH,0.0,7.0,19-04-2025
HPH0115,VietJet Air,2373053,19:15,03 thg 5,21:15,03 thg 5,2h 0m,HPH,0.0,7.0,20-04-2025
HPH0115,VietJet Air,2373053,19:15,03 thg 5,21:15,03 thg 5,2h 0m,HPH,0.0,7.0,21-04-2025
HPH0115,VietJet Air,2815943,19:15,03 thg 5,21:15,03 thg 5,2h 0m,HPH,0.0,7.0,22-04-2025
HPH0115,VietJet Air,2817938,19:15,03 thg 5,21:15,03 thg 5,2h 0m,HPH,0.0,7.0,23-04-2025
HPH0115,VietJet Air,3855208,19:15,03 thg 5,21:15,03 thg 5,2h 0m,HPH,0.0,7.0,24-04-2025
HPH0115,VietJet Air,3137138,19:15,03 thg 5,21:15,03 thg 5,2h 0m,HPH,0.0,7.0,25-04-2025
HPH0116,VietJet Air,3107000,19:15,04 thg 5,21:15,04 thg 5,2h 0m,HPH,0.0,7.0,07-04-2025
HPH0116,VietJet Air,3087263,19:15,04 thg 5,21:15,04 thg 5,2h 0m,HPH,0.0,7.0,14-04-2025
HPH0116,VietJet Air,3098235,19:15,04 thg 5,21:15,04 thg 5,2h 0m,HPH,0.0,7.0,15-04-2025
HPH0116,VietJet Air,3111203,19:15,04 thg 5,21:15,04 thg 5,2h 0m,HPH,0.0,7.0,16-04-2025
HPH0116,VietJet Air,3404468,19:15,04 thg 5,21:15,04 thg 5,2h 0m,HPH,0.0,7.0,17-04-2025
HPH0116,VietJet Air,3418433,19:15,04 thg 5,21:15,04 thg 5,2h 0m,HPH,0.0,7.0,18-04-2025
HPH0116,VietJet Air,3412448,19:15,04 thg 5,21:15,04 thg 5,2h 0m,HPH,0.0,7.0,19-04-2025
HPH0116,VietJet Air,3408458,19:15,04 thg 5,21:15,04 thg 5,2h 0m,HPH,0.0,7.0,20-04-2025
HPH0116,VietJet Air,3408458,19:15,04 thg 5,21:15,04 thg 5,2h 0m,HPH,0.0,7.0,21-04-2025
HPH0116,VietJet Air,3734640,19:15,04 thg 5,21:15,04 thg 5,2h 0m,HPH,0.0,7.0,22-04-2025
HPH0116,VietJet Air,3768555,19:15,04 thg 5,21:15,04 thg 5,2h 0m,HPH,0.0,7.0,23-04-2025
HPH0116,VietJet Air,3774540,19:15,04 thg 5,21:15,04 thg 5,2h 0m,HPH,0.0,7.0,24-04-2025
HPH0116,VietJet Air,3769553,19:15,04 thg 5,21:15,04 thg 5,2h 0m,HPH,0.0,7.0,25-04-2025
HPH0117,VietJet Air,1743000,19:15,05 thg 5,21:15,05 thg 5,2h 0m,HPH,0.0,7.0,07-04-2025
HPH0117,VietJet Air,1813455,19:15,05 thg 5,21:15,05 thg 5,2h 0m,HPH,0.0,7.0,15-04-2025
HPH0117,VietJet Air,1851360,19:15,05 thg 5,21:15,05 thg 5,2h 0m,HPH,0.0,7.0,16-04-2025
HPH0117,VietJet Air,1605975,19:15,05 thg 5,21:15,05 thg 5,2h 0m,HPH,0.0,7.0,17-04-2025
HPH0117,VietJet Air,1730571,19:15,05 thg 5,21:15,05 thg 5,2h 0m,HPH,0.0,7.0,18-04-2025
HPH0117,VietJet Air,1748618,19:15,05 thg 5,21:15,05 thg 5,2h 0m,HPH,0.0,7.0,19-04-2025
HPH0117,VietJet Air,1742633,19:15,05 thg 5,21:15,05 thg 5,2h 0m,HPH,0.0,7.0,20-04-2025
HPH0117,VietJet Air,1741635,19:15,05 thg 5,21:15,05 thg 5,2h 0m,HPH,0.0,7.0,21-04-2025
HPH0117,VietJet Air,2040885,19:15,05 thg 5,21:15,05 thg 5,2h 0m,HPH,0.0,7.0,22-04-2025
HPH0117,VietJet Air,2043878,19:15,05 thg 5,21:15,05 thg 5,2h 0m,HPH,0.0,7.0,23-04-2025
HPH0117,VietJet Air,1874303,19:15,05 thg 5,21:15,05 thg 5,2h 0m,HPH,0.0,7.0,24-04-2025
HPH0117,VietJet Air,1858343,19:15,05 thg 5,21:15,05 thg 5,2h 0m,HPH,0.0,7.0,25-04-2025
HPH0118,VietJet Air,1730000,19:15,06 thg 5,21:15,06 thg 5,2h 0m,HPH,0.0,7.0,07-04-2025
HPH0118,VietJet Air,1736648,19:15,06 thg 5,21:15,06 thg 5,2h 0m,HPH,0.0,7.0,16-04-2025
HPH0118,VietJet Air,1722683,19:15,06 thg 5,21:15,06 thg 5,2h 0m,HPH,0.0,7.0,17-04-2025
HPH0118,VietJet Air,1724678,19:15,06 thg 5,21:15,06 thg 5,2h 0m,HPH,0.0,7.0,18-04-2025
HPH0118,VietJet Air,1748618,19:15,06 thg 5,21:15,06 thg 5,2h 0m,HPH,0.0,7.0,19-04-2025
HPH0118,VietJet Air,1742633,19:15,06 thg 5,21:15,06 thg 5,2h 0m,HPH,0.0,7.0,20-04-2025
HPH0118,VietJet Air,1741635,19:15,06 thg 5,21:15,06 thg 5,2h 0m,HPH,0.0,7.0,21-04-2025
HPH0118,VietJet Air,1868318,19:15,06 thg 5,21:15,06 thg 5,2h 0m,HPH,0.0,7.0,22-04-2025
HPH0118,VietJet Air,1870313,19:15,06 thg 5,21:15,06 thg 5,2h 0m,HPH,0.0,7.0,23-04-2025
HPH0118,VietJet Air,1874303,19:15,06 thg 5,21:15,06 thg 5,2h 0m,HPH,0.0,7.0,24-04-2025
HPH0118,VietJet Air,1857345,19:15,06 thg 5,21:15,06 thg 5,2h 0m,HPH,0.0,7.0,25-04-2025
HPH0118,VietJet Air,3857682,19:15,06 thg 5,21:15,06 thg 5,2h 0m,HPH,0.0,7.0,28-04-2025
HPH0119,VietJet Air,1741000,19:15,07 thg 5,21:15,07 thg 5,2h 0m,HPH,0.0,7.0,07-04-2025
HPH0119,VietJet Air,1722683,19:15,07 thg 5,21:15,07 thg 5,2h 0m,HPH,0.0,7.0,17-04-2025
HPH0119,VietJet Air,1724678,19:15,07 thg 5,21:15,07 thg 5,2h 0m,HPH,0.0,7.0,18-04-2025
HPH0119,VietJet Air,1748618,19:15,07 thg 5,21:15,07 thg 5,2h 0m,HPH,0.0,7.0,19-04-2025
HPH0119,VietJet Air,1742633,19:15,07 thg 5,21:15,07 thg 5,2h 0m,HPH,0.0,7.0,20-04-2025
HPH0119,VietJet Air,1741635,19:15,07 thg 5,21:15,07 thg 5,2h 0m,HPH,0.0,7.0,21-04-2025
HPH0119,VietJet Air,1870313,19:15,07 thg 5,21:15,07 thg 5,2h 0m,HPH,0.0,7.0,22-04-2025
HPH0119,VietJet Air,1871310,19:15,07 thg 5,21:15,07 thg 5,2h 0m,HPH,0.0,7.0,23-04-2025
HPH0119,VietJet Air,1870313,19:15,07 thg 5,21:15,07 thg 5,2h 0m,HPH,0.0,7.0,24-04-2025
HPH0119,VietJet Air,1857345,19:15,07 thg 5,21:15,07 thg 5,2h 0m,HPH,0.0,7.0,25-04-2025
HPH0120,VietJet Air,1739000,19:15,08 thg 5,21:15,08 thg 5,2h 0m,HPH,0.0,7.0,07-04-2025
HPH0120,VietJet Air,1724678,19:15,08 thg 5,21:15,08 thg 5,2h 0m,HPH,0.0,7.0,18-04-2025
HPH0120,VietJet Air,1748618,19:15,08 thg 5,21:15,08 thg 5,2h 0m,HPH,0.0,7.0,19-04-2025
HPH0120,VietJet Air,1742633,19:15,08 thg 5,21:15,08 thg 5,2h 0m,HPH,0.0,7.0,20-04-2025
HPH0120,VietJet Air,1741635,19:15,08 thg 5,21:15,08 thg 5,2h 0m,HPH,0.0,7.0,21-04-2025
HPH0120,VietJet Air,1868318,19:15,08 thg 5,21:15,08 thg 5,2h 0m,HPH,0.0,7.0,22-04-2025
HPH0120,VietJet Air,1873305,19:15,08 thg 5,21:15,08 thg 5,2h 0m,HPH,0.0,7.0,23-04-2025
HPH0120,VietJet Air,1874303,19:15,08 thg 5,21:15,08 thg 5,2h 0m,HPH,0.0,7.0,24-04-2025
HPH0120,VietJet Air,1858343,19:15,08 thg 5,21:15,08 thg 5,2h 0m,HPH,0.0,7.0,25-04-2025
HPH0121,VietJet Air,1704728,19:15,09 thg 5,21:15,09 thg 5,2h 0m,HPH,0.0,7.0,01-05-2025
HPH0121,VietJet Air,1708718,19:15,09 thg 5,21:15,09 thg 5,2h 0m,HPH,0.0,7.0,02-05-2025
HPH0121,VietJet Air,1721685,19:15,09 thg 5,21:15,09 thg 5,2h 0m,HPH,0.0,7.0,03-05-2025
HPH0121,VietJet Air,1712708,19:15,09 thg 5,21:15,09 thg 5,2h 0m,HPH,0.0,7.0,04-05-2025
HPH0121,VietJet Air,1697745,19:15,09 thg 5,21:15,09 thg 5,2h 0m,HPH,0.0,7.0,05-05-2025
HPH0121,VietJet Air,1889171,19:15,09 thg 5,21:15,09 thg 5,2h 0m,HPH,0.0,7.0,06-05-2025
HPH0121,VietJet Air,1740000,19:15,09 thg 5,21:15,09 thg 5,2h 0m,HPH,0.0,7.0,07-04-2025
HPH0121,VietJet Air,2064901,19:15,09 thg 5,21:15,09 thg 5,2h 0m,HPH,0.0,7.0,07-05-2025
HPH0121,VietJet Air,1748618,19:15,09 thg 5,21:15,09 thg 5,2h 0m,HPH,0.0,7.0,19-04-2025
HPH0121,VietJet Air,1742633,19:15,09 thg 5,21:15,09 thg 5,2h 0m,HPH,0.0,7.0,20-04-2025
HPH0121,VietJet Air,1741635,19:15,09 thg 5,21:15,09 thg 5,2h 0m,HPH,0.0,7.0,21-04-2025
HPH0121,VietJet Air,1753605,19:15,09 thg 5,21:15,09 thg 5,2h 0m,HPH,0.0,7.0,22-04-2025
HPH0121,VietJet Air,1746623,19:15,09 thg 5,21:15,09 thg 5,2h 0m,HPH,0.0,7.0,23-04-2025
HPH0121,VietJet Air,1757595,19:15,09 thg 5,21:15,09 thg 5,2h 0m,HPH,0.0,7.0,24-04-2025
HPH0121,VietJet Air,1745625,19:15,09 thg 5,21:15,09 thg 5,2h 0m,HPH,0.0,7.0,25-04-2025
HPH0121,VietJet Air,1731660,19:15,09 thg 5,21:15,09 thg 5,2h 0m,HPH,0.0,7.0,26-04-2025
HPH0121,VietJet Air,1723680,19:15,09 thg 5,21:15,09 thg 5,2h 0m,HPH,0.0,7.0,27-04-2025
HPH0121,VietJet Air,1705725,19:15,09 thg 5,21:15,09 thg 5,2h 0m,HPH,0.0,7.0,30-04-2025
HPH0122,VietJet Air,1889220,19:15,10 thg 5,21:15,10 thg 5,2h 0m,HPH,0.0,7.0,01-05-2025
HPH0122,VietJet Air,1890023,19:15,10 thg 5,21:15,10 thg 5,2h 0m,HPH,0.0,7.0,02-05-2025
HPH0122,VietJet Air,1838393,19:15,10 thg 5,21:15,10 thg 5,2h 0m,HPH,0.0,7.0,03-05-2025
HPH0122,VietJet Air,1829415,19:15,10 thg 5,21:15,10 thg 5,2h 0m,HPH,0.0,7.0,04-05-2025
HPH0122,VietJet Air,1890015,19:15,10 thg 5,21:15,10 thg 5,2h 0m,HPH,0.0,7.0,05-05-2025
HPH0122,VietJet Air,1369568,19:15,10 thg 5,21:15,10 thg 5,2h 0m,HPH,0.0,7.0,06-05-2025
HPH0122,VietJet Air,1745000,19:15,10 thg 5,21:15,10 thg 5,2h 0m,HPH,0.0,7.0,07-04-2025
HPH0122,VietJet Air,1612455,19:15,10 thg 5,21:15,10 thg 5,2h 0m,HPH,0.0,7.0,07-05-2025
HPH0122,VietJet Air,1692500,19:15,10 thg 5,21:15,10 thg 5,2h 0m,HPH,0.0,7.0,08-05-2025
HPH0122,VietJet Air,1742633,19:15,10 thg 5,21:15,10 thg 5,2h 0m,HPH,0.0,7.0,20-04-2025
HPH0122,VietJet Air,1741635,19:15,10 thg 5,21:15,10 thg 5,2h 0m,HPH,0.0,7.0,21-04-2025
HPH0122,VietJet Air,1868318,19:15,10 thg 5,21:15,10 thg 5,2h 0m,HPH,0.0,7.0,22-04-2025
HPH0122,VietJet Air,1872308,19:15,10 thg 5,21:15,10 thg 5,2h 0m,HPH,0.0,7.0,23-04-2025
HPH0122,VietJet Air,1873305,19:15,10 thg 5,21:15,10 thg 5,2h 0m,HPH,0.0,7.0,24-04-2025
HPH0122,VietJet Air,1870313,19:15,10 thg 5,21:15,10 thg 5,2h 0m,HPH,0.0,7.0,25-04-2025
HPH0122,VietJet Air,1847370,19:15,10 thg 5,21:15,10 thg 5,2h 0m,HPH,0.0,7.0,26-04-2025
HPH0122,VietJet Air,1838393,19:15,10 thg 5,21:15,10 thg 5,2h 0m,HPH,0.0,7.0,27-04-2025
HPH0122,VietJet Air,1834403,19:15,10 thg 5,21:15,10 thg 5,2h 0m,HPH,0.0,7.0,28-04-2025
HPH0122,VietJet Air,1889802,19:15,10 thg 5,21:15,10 thg 5,2h 0m,HPH,0.0,7.0,29-04-2025
HPH0122,VietJet Air,1889321,19:15,10 thg 5,21:15,10 thg 5,2h 0m,HPH,0.0,7.0,30-04-2025
HPH0123,VietJet Air,1889220,19:15,11 thg 5,21:15,11 thg 5,2h 0m,HPH,0.0,7.0,01-05-2025
HPH0123,VietJet Air,1890023,19:15,11 thg 5,21:15,11 thg 5,2h 0m,HPH,0.0,7.0,02-05-2025
HPH0123,VietJet Air,1829415,19:15,11 thg 5,21:15,11 thg 5,2h 0m,HPH,0.0,7.0,04-05-2025
HPH0123,VietJet Air,1890015,19:15,11 thg 5,21:15,11 thg 5,2h 0m,HPH,0.0,7.0,05-05-2025
HPH0123,VietJet Air,1369568,19:15,11 thg 5,21:15,11 thg 5,2h 0m,HPH,0.0,7.0,06-05-2025
HPH0123,VietJet Air,1745000,19:15,11 thg 5,21:15,11 thg 5,2h 0m,HPH,0.0,7.0,07-04-2025
HPH0123,VietJet Air,1693755,19:15,11 thg 5,21:15,11 thg 5,2h 0m,HPH,0.0,7.0,07-05-2025
HPH0123,VietJet Air,1692500,19:15,11 thg 5,21:15,11 thg 5,2h 0m,HPH,0.0,7.0,08-05-2025
HPH0123,VietJet Air,1823909,19:15,11 thg 5,21:15,11 thg 5,2h 0m,HPH,0.0,7.0,09-05-2025
HPH0123,VietJet Air,1741635,19:15,11 thg 5,21:15,11 thg 5,2h 0m,HPH,0.0,7.0,21-04-2025
HPH0123,VietJet Air,1868318,19:15,11 thg 5,21:15,11 thg 5,2h 0m,HPH,0.0,7.0,22-04-2025
HPH0123,VietJet Air,1870313,19:15,11 thg 5,21:15,11 thg 5,2h 0m,HPH,0.0,7.0,23-04-2025
HPH0123,VietJet Air,1873305,19:15,11 thg 5,21:15,11 thg 5,2h 0m,HPH,0.0,7.0,24-04-2025
HPH0123,VietJet Air,1847370,19:15,11 thg 5,21:15,11 thg 5,2h 0m,HPH,0.0,7.0,26-04-2025
HPH0123,VietJet Air,1838393,19:15,11 thg 5,21:15,11 thg 5,2h 0m,HPH,0.0,7.0,27-04-2025
HPH0123,VietJet Air,1889321,19:15,11 thg 5,21:15,11 thg 5,2h 0m,HPH,0.0,7.0,30-04-2025
HPH0124,VietJet Air,1720355,19:15,22 thg 4,21:15,22 thg 4,2h 0m,HPH,0.0,7.0,07-04-2025
HPH0124,VietJet Air,1738265,19:15,22 thg 4,21:15,22 thg 4,2h 0m,HPH,0.0,7.0,08-04-2025
HPH0124,VietJet Air,1749000,19:15,22 thg 4,21:15,22 thg 4,2h 0m,HPH,0.0,7.0,09-04-2025
HPH0124,VietJet Air,1720664,19:15,22 thg 4,21:15,22 thg 4,2h 0m,HPH,0.0,7.0,10-04-2025
HPH0124,VietJet Air,1746000,19:15,22 thg 4,21:15,22 thg 4,2h 0m,HPH,0.0,7.0,11-04-2025
HPH0124,VietJet Air,1734000,19:15,22 thg 4,21:15,22 thg 4,2h 0m,HPH,0.0,7.0,12-04-2025
HPH0124,VietJet Air,1738265,19:15,22 thg 4,21:15,22 thg 4,2h 0m,HPH,0.0,7.0,13-04-2025
HPH0125,VietJet Air,1591005,19:15,23 thg 4,21:15,23 thg 4,2h 0m,HPH,0.0,7.0,07-04-2025
HPH0125,VietJet Air,1716890,19:15,23 thg 4,21:15,23 thg 4,2h 0m,HPH,0.0,7.0,08-04-2025
HPH0125,VietJet Air,1747000,19:15,23 thg 4,21:15,23 thg 4,2h 0m,HPH,0.0,7.0,09-04-2025
HPH0125,VietJet Air,1720664,19:15,23 thg 4,21:15,23 thg 4,2h 0m,HPH,0.0,7.0,10-04-2025
HPH0125,VietJet Air,1743000,19:15,23 thg 4,21:15,23 thg 4,2h 0m,HPH,0.0,7.0,11-04-2025
HPH0125,VietJet Air,1734000,19:15,23 thg 4,21:15,23 thg 4,2h 0m,HPH,0.0,7.0,12-04-2025
HPH0125,VietJet Air,1738265,19:15,23 thg 4,21:15,23 thg 4,2h 0m,HPH,0.0,7.0,13-04-2025
HPH0125,VietJet Air,1691760,19:15,23 thg 4,21:15,23 thg 4,2h 0m,HPH,0.0,7.0,14-04-2025
HPH0125,VietJet Air,1697745,19:15,23 thg 4,21:15,23 thg 4,2h 0m,HPH,0.0,7.0,15-04-2025
HPH0125,VietJet Air,1741635,19:15,23 thg 4,21:15,23 thg 4,2h 0m,HPH,0.0,7.0,16-04-2025
HPH0126,VietJet Air,1730305,19:15,24 thg 4,21:15,24 thg 4,2h 0m,HPH,0.0,7.0,07-04-2025
HPH0126,VietJet Air,1738265,19:15,24 thg 4,21:15,24 thg 4,2h 0m,HPH,0.0,7.0,08-04-2025
HPH0126,VietJet Air,1749000,19:15,24 thg 4,21:15,24 thg 4,2h 0m,HPH,0.0,7.0,09-04-2025
HPH0126,VietJet Air,1720664,19:15,24 thg 4,21:15,24 thg 4,2h 0m,HPH,0.0,7.0,10-04-2025
HPH0126,VietJet Air,1746000,19:15,24 thg 4,21:15,24 thg 4,2h 0m,HPH,0.0,7.0,11-04-2025
HPH0126,VietJet Air,1734000,19:15,24 thg 4,21:15,24 thg 4,2h 0m,HPH,0.0,7.0,12-04-2025
HPH0126,VietJet Air,1727320,19:15,24 thg 4,21:15,24 thg 4,2h 0m,HPH,0.0,7.0,13-04-2025
HPH0126,VietJet Air,1690763,19:15,24 thg 4,21:15,24 thg 4,2h 0m,HPH,0.0,7.0,14-04-2025
HPH0126,VietJet Air,1696748,19:15,24 thg 4,21:15,24 thg 4,2h 0m,HPH,0.0,7.0,15-04-2025
HPH0126,VietJet Air,1722683,19:15,24 thg 4,21:15,24 thg 4,2h 0m,HPH,0.0,7.0,17-04-2025
HPH0126,VietJet Air,1724678,19:15,24 thg 4,21:15,24 thg 4,2h 0m,HPH,0.0,7.0,18-04-2025
HPH0126,VietJet Air,1751610,19:15,24 thg 4,21:15,24 thg 4,2h 0m,HPH,0.0,7.0,19-04-2025
HPH0126,VietJet Air,1857345,19:15,24 thg 4,21:15,24 thg 4,2h 0m,HPH,0.0,7.0,20-04-2025
HPH0126,VietJet Air,1857345,19:15,24 thg 4,21:15,24 thg 4,2h 0m,HPH,0.0,7.0,21-04-2025
HPH0127,VietJet Air,1734285,19:15,25 thg 4,21:15,25 thg 4,2h 0m,HPH,0.0,7.0,07-04-2025
HPH0127,VietJet Air,1739260,19:15,25 thg 4,21:15,25 thg 4,2h 0m,HPH,0.0,7.0,08-04-2025
HPH0127,VietJet Air,1749000,19:15,25 thg 4,21:15,25 thg 4,2h 0m,HPH,0.0,7.0,09-04-2025
HPH0127,VietJet Air,1721654,19:15,25 thg 4,21:15,25 thg 4,2h 0m,HPH,0.0,7.0,10-04-2025
HPH0127,VietJet Air,1732000,19:15,25 thg 4,21:15,25 thg 4,2h 0m,HPH,0.0,7.0,11-04-2025
HPH0127,VietJet Air,1734000,19:15,25 thg 4,21:15,25 thg 4,2h 0m,HPH,0.0,7.0,12-04-2025
HPH0127,VietJet Air,1738265,19:15,25 thg 4,21:15,25 thg 4,2h 0m,HPH,0.0,7.0,13-04-2025
HPH0127,VietJet Air,1691760,19:15,25 thg 4,21:15,25 thg 4,2h 0m,HPH,0.0,7.0,14-04-2025
HPH0127,VietJet Air,1698743,19:15,25 thg 4,21:15,25 thg 4,2h 0m,HPH,0.0,7.0,15-04-2025
HPH0127,VietJet Air,1741635,19:15,25 thg 4,21:15,25 thg 4,2h 0m,HPH,0.0,7.0,16-04-2025
HPH0127,VietJet Air,1722683,19:15,25 thg 4,21:15,25 thg 4,2h 0m,HPH,0.0,7.0,17-04-2025
HPH0127,VietJet Air,1726673,19:15,25 thg 4,21:15,25 thg 4,2h 0m,HPH,0.0,7.0,18-04-2025
HPH0127,VietJet Air,1751610,19:15,25 thg 4,21:15,25 thg 4,2h 0m,HPH,0.0,7.0,19-04-2025
HPH0127,VietJet Air,1845718,19:15,25 thg 4,21:15,25 thg 4,2h 0m,HPH,0.0,7.0,20-04-2025
HPH0127,VietJet Air,1857345,19:15,25 thg 4,21:15,25 thg 4,2h 0m,HPH,0.0,7.0,21-04-2025
HPH0127,VietJet Air,2038890,19:15,25 thg 4,21:15,25 thg 4,2h 0m,HPH,0.0,7.0,22-04-2025
HPH0127,VietJet Air,2188343,19:15,25 thg 4,21:15,25 thg 4,2h 0m,HPH,0.0,7.0,23-04-2025
HPH0127,VietJet Air,2224425,19:15,25 thg 4,21:15,25 thg 4,2h 0m,HPH,0.0,7.0,24-04-2025
HPH0128,VietJet Air,1741000,19:15,26 thg 4,21:15,26 thg 4,2h 0m,HPH,0.0,7.0,07-04-2025
HPH0128,VietJet Air,1738265,19:15,26 thg 4,21:15,26 thg 4,2h 0m,HPH,0.0,7.0,08-04-2025
HPH0128,VietJet Air,1749000,19:15,26 thg 4,21:15,26 thg 4,2h 0m,HPH,0.0,7.0,09-04-2025
HPH0128,VietJet Air,1713734,19:15,26 thg 4,21:15,26 thg 4,2h 0m,HPH,0.0,7.0,10-04-2025
HPH0128,VietJet Air,1746000,19:15,26 thg 4,21:15,26 thg 4,2h 0m,HPH,0.0,7.0,11-04-2025
HPH0128,VietJet Air,1734000,19:15,26 thg 4,21:15,26 thg 4,2h 0m,HPH,0.0,7.0,12-04-2025
HPH0128,VietJet Air,1738265,19:15,26 thg 4,21:15,26 thg 4,2h 0m,HPH,0.0,7.0,13-04-2025
HPH0128,VietJet Air,1690763,19:15,26 thg 4,21:15,26 thg 4,2h 0m,HPH,0.0,7.0,14-04-2025
HPH0128,VietJet Air,1814453,19:15,26 thg 4,21:15,26 thg 4,2h 0m,HPH,0.0,7.0,15-04-2025
HPH0128,VietJet Air,1851360,19:15,26 thg 4,21:15,26 thg 4,2h 0m,HPH,0.0,7.0,16-04-2025
HPH0128,VietJet Air,1839390,19:15,26 thg 4,21:15,26 thg 4,2h 0m,HPH,0.0,7.0,17-04-2025
HPH0128,VietJet Air,1841385,19:15,26 thg 4,21:15,26 thg 4,2h 0m,HPH,0.0,7.0,18-04-2025
HPH0128,VietJet Air,1866323,19:15,26 thg 4,21:15,26 thg 4,2h 0m,HPH,0.0,7.0,19-04-2025
HPH0128,VietJet Air,1857345,19:15,26 thg 4,21:15,26 thg 4,2h 0m,HPH,0.0,7.0,20-04-2025
HPH0128,VietJet Air,1857345,19:15,26 thg 4,21:15,26 thg 4,2h 0m,HPH,0.0,7.0,21-04-2025
HPH0128,VietJet Air,2038890,19:15,26 thg 4,21:15,26 thg 4,2h 0m,HPH,0.0,7.0,22-04-2025
HPH0128,VietJet Air,2040885,19:15,26 thg 4,21:15,26 thg 4,2h 0m,HPH,0.0,7.0,23-04-2025
HPH0128,VietJet Air,2383028,19:15,26 thg 4,21:15,26 thg 4,2h 0m,HPH,0.0,7.0,25-04-2025
HPH0129,VietJet Air,1731300,19:15,27 thg 4,21:15,27 thg 4,2h 0m,HPH,0.0,7.0,07-04-2025
HPH0129,VietJet Air,1739260,19:15,27 thg 4,21:15,27 thg 4,2h 0m,HPH,0.0,7.0,08-04-2025
HPH0129,VietJet Air,1749000,19:15,27 thg 4,21:15,27 thg 4,2h 0m,HPH,0.0,7.0,09-04-2025
HPH0129,VietJet Air,1728584,19:15,27 thg 4,21:15,27 thg 4,2h 0m,HPH,0.0,7.0,10-04-2025
HPH0129,VietJet Air,1731000,19:15,27 thg 4,21:15,27 thg 4,2h 0m,HPH,0.0,7.0,11-04-2025
HPH0129,VietJet Air,1734000,19:15,27 thg 4,21:15,27 thg 4,2h 0m,HPH,0.0,7.0,12-04-2025
HPH0129,VietJet Air,1727320,19:15,27 thg 4,21:15,27 thg 4,2h 0m,HPH,0.0,7.0,13-04-2025
HPH0129,VietJet Air,1691760,19:15,27 thg 4,21:15,27 thg 4,2h 0m,HPH,0.0,7.0,14-04-2025
HPH0129,VietJet Air,1696748,19:15,27 thg 4,21:15,27 thg 4,2h 0m,HPH,0.0,7.0,15-04-2025
HPH0129,VietJet Air,1736648,19:15,27 thg 4,21:15,27 thg 4,2h 0m,HPH,0.0,7.0,16-04-2025
HPH0129,VietJet Air,1724678,19:15,27 thg 4,21:15,27 thg 4,2h 0m,HPH,0.0,7.0,17-04-2025
HPH0129,VietJet Air,1724678,19:15,27 thg 4,21:15,27 thg 4,2h 0m,HPH,0.0,7.0,18-04-2025
HPH0129,VietJet Air,1751610,19:15,27 thg 4,21:15,27 thg 4,2h 0m,HPH,0.0,7.0,19-04-2025
HPH0129,VietJet Air,1742633,19:15,27 thg 4,21:15,27 thg 4,2h 0m,HPH,0.0,7.0,20-04-2025
HPH0129,VietJet Air,1757595,19:15,27 thg 4,21:15,27 thg 4,2h 0m,HPH,0.0,7.0,21-04-2025
HPH0129,VietJet Air,2038890,19:15,27 thg 4,21:15,27 thg 4,2h 0m,HPH,0.0,7.0,22-04-2025
HPH0129,VietJet Air,2040885,19:15,27 thg 4,21:15,27 thg 4,2h 0m,HPH,0.0,7.0,23-04-2025
HPH0129,VietJet Air,2044875,19:15,27 thg 4,21:15,27 thg 4,2h 0m,HPH,0.0,7.0,24-04-2025
HPH0129,VietJet Air,2036895,19:15,27 thg 4,21:15,27 thg 4,2h 0m,HPH,0.0,7.0,25-04-2025
HPH0129,VietJet Air,2207468,19:15,27 thg 4,21:15,27 thg 4,2h 0m,HPH,0.0,7.0,26-04-2025
HPH0130,VietJet Air,1731300,19:15,28 thg 4,21:15,28 thg 4,2h 0m,HPH,0.0,7.0,07-04-2025
HPH0130,VietJet Air,1739260,19:15,28 thg 4,21:15,28 thg 4,2h 0m,HPH,0.0,7.0,08-04-2025
HPH0130,VietJet Air,1747000,19:15,28 thg 4,21:15,28 thg 4,2h 0m,HPH,0.0,7.0,09-04-2025
HPH0130,VietJet Air,1713734,19:15,28 thg 4,21:15,28 thg 4,2h 0m,HPH,0.0,7.0,10-04-2025
HPH0130,VietJet Air,1746000,19:15,28 thg 4,21:15,28 thg 4,2h 0m,HPH,0.0,7.0,11-04-2025
HPH0130,VietJet Air,1734000,19:15,28 thg 4,21:15,28 thg 4,2h 0m,HPH,0.0,7.0,12-04-2025
HPH0130,VietJet Air,1738265,19:15,28 thg 4,21:15,28 thg 4,2h 0m,HPH,0.0,7.0,13-04-2025
HPH0130,VietJet Air,1807470,19:15,28 thg 4,21:15,28 thg 4,2h 0m,HPH,0.0,7.0,14-04-2025
HPH0130,VietJet Air,1813455,19:15,28 thg 4,21:15,28 thg 4,2h 0m,HPH,0.0,7.0,15-04-2025
HPH0130,VietJet Air,1839390,19:15,28 thg 4,21:15,28 thg 4,2h 0m,HPH,0.0,7.0,17-04-2025
HPH0130,VietJet Air,1843380,19:15,28 thg 4,21:15,28 thg 4,2h 0m,HPH,0.0,7.0,18-04-2025
HPH0130,VietJet Air,1866323,19:15,28 thg 4,21:15,28 thg 4,2h 0m,HPH,0.0,7.0,19-04-2025
HPH0130,VietJet Air,1857345,19:15,28 thg 4,21:15,28 thg 4,2h 0m,HPH,0.0,7.0,20-04-2025
HPH0130,VietJet Air,1857345,19:15,28 thg 4,21:15,28 thg 4,2h 0m,HPH,0.0,7.0,21-04-2025
HPH0130,VietJet Air,2038890,19:15,28 thg 4,21:15,28 thg 4,2h 0m,HPH,0.0,7.0,22-04-2025
HPH0130,VietJet Air,2040885,19:15,28 thg 4,21:15,28 thg 4,2h 0m,HPH,0.0,7.0,23-04-2025
HPH0130,VietJet Air,2044875,19:15,28 thg 4,21:15,28 thg 4,2h 0m,HPH,0.0,7.0,24-04-2025
HPH0130,VietJet Air,2036895,19:15,28 thg 4,21:15,28 thg 4,2h 0m,HPH,0.0,7.0,25-04-2025
HPH0130,VietJet Air,2196495,19:15,28 thg 4,21:15,28 thg 4,2h 0m,HPH,0.0,7.0,26-04-2025
HPH0130,VietJet Air,2359088,19:15,28 thg 4,21:15,28 thg 4,2h 0m,HPH,0.0,7.0,27-04-2025
HPH0131,VietJet Air,2190990,19:15,29 thg 4,21:15,29 thg 4,2h 0m,HPH,0.0,7.0,07-04-2025
HPH0131,VietJet Air,2378000,19:15,29 thg 4,21:15,29 thg 4,2h 0m,HPH,0.0,7.0,09-04-2025
HPH0131,VietJet Air,2521594,19:15,29 thg 4,21:15,29 thg 4,2h 0m,HPH,0.0,7.0,10-04-2025
HPH0131,VietJet Air,2566000,19:15,29 thg 4,21:15,29 thg 4,2h 0m,HPH,0.0,7.0,11-04-2025
HPH0131,VietJet Air,2570000,19:15,29 thg 4,21:15,29 thg 4,2h 0m,HPH,0.0,7.0,12-04-2025
HPH0131,VietJet Air,2559140,19:15,29 thg 4,21:15,29 thg 4,2h 0m,HPH,0.0,7.0,13-04-2025
HPH0131,VietJet Air,2765070,19:15,29 thg 4,21:15,29 thg 4,2h 0m,HPH,0.0,7.0,14-04-2025
HPH0131,VietJet Air,2775045,19:15,29 thg 4,21:15,29 thg 4,2h 0m,HPH,0.0,7.0,15-04-2025
HPH0131,VietJet Air,2797988,19:15,29 thg 4,21:15,29 thg 4,2h 0m,HPH,0.0,7.0,16-04-2025
HPH0131,VietJet Air,2802975,19:15,29 thg 4,21:15,29 thg 4,2h 0m,HPH,0.0,7.0,17-04-2025
HPH0131,VietJet Air,2804970,19:15,29 thg 4,21:15,29 thg 4,2h 0m,HPH,0.0,7.0,18-04-2025
HPH0131,VietJet Air,2382030,19:15,29 thg 4,21:15,29 thg 4,2h 0m,HPH,0.0,7.0,19-04-2025
HPH0131,VietJet Air,2373053,19:15,29 thg 4,21:15,29 thg 4,2h 0m,HPH,0.0,7.0,20-04-2025
HPH0131,VietJet Air,2373053,19:15,29 thg 4,21:15,29 thg 4,2h 0m,HPH,0.0,7.0,21-04-2025
HPH0131,VietJet Air,2988510,19:15,29 thg 4,21:15,29 thg 4,2h 0m,HPH,0.0,7.0,22-04-2025
HPH0131,VietJet Air,2988510,19:15,29 thg 4,21:15,29 thg 4,2h 0m,HPH,0.0,7.0,23-04-2025
HPH0131,VietJet Air,2995493,19:15,29 thg 4,21:15,29 thg 4,2h 0m,HPH,0.0,7.0,24-04-2025
HPH0131,VietJet Air,2990505,19:15,29 thg 4,21:15,29 thg 4,2h 0m,HPH,0.0,7.0,25-04-2025
HPH0131,VietJet Air,2569560,19:15,29 thg 4,21:15,29 thg 4,2h 0m,HPH,0.0,7.0,26-04-2025
HPH0131,VietJet Air,2785020,19:15,29 thg 4,21:15,29 thg 4,2h 0m,HPH,0.0,7.0,27-04-2025
HPH0131,VietJet Air,3811448,19:15,29 thg 4,21:15,29 thg 4,2h 0m,HPH,0.0,7.0,28-04-2025
HPH0132,VietJet Air,1591005,19:15,30 thg 4,21:15,30 thg 4,2h 0m,HPH,0.0,7.0,07-04-2025
HPH0132,VietJet Air,1720664,19:15,30 thg 4,21:15,30 thg 4,2h 0m,HPH,0.0,7.0,10-04-2025
HPH0132,VietJet Air,1743000,19:15,30 thg 4,21:15,30 thg 4,2h 0m,HPH,0.0,7.0,11-04-2025
HPH0132,VietJet Air,1745000,19:15,30 thg 4,21:15,30 thg 4,2h 0m,HPH,0.0,7.0,12-04-2025
HPH0132,VietJet Air,1757170,19:15,30 thg 4,21:15,30 thg 4,2h 0m,HPH,0.0,7.0,13-04-2025
HPH0132,VietJet Air,1808468,19:15,30 thg 4,21:15,30 thg 4,2h 0m,HPH,0.0,7.0,14-04-2025
HPH0132,VietJet Air,1813455,19:15,30 thg 4,21:15,30 thg 4,2h 0m,HPH,0.0,7.0,15-04-2025
HPH0132,VietJet Air,1851360,19:15,30 thg 4,21:15,30 thg 4,2h 0m,HPH,0.0,7.0,16-04-2025
HPH0132,VietJet Air,1839390,19:15,30 thg 4,21:15,30 thg 4,2h 0m,HPH,0.0,7.0,17-04-2025
HPH0132,VietJet Air,1843380,19:15,30 thg 4,21:15,30 thg 4,2h 0m,HPH,0.0,7.0,18-04-2025
HPH0132,VietJet Air,2036895,19:15,30 thg 4,21:15,30 thg 4,2h 0m,HPH,0.0,7.0,19-04-2025
HPH0132,VietJet Air,2202480,19:15,30 thg 4,21:15,30 thg 4,2h 0m,HPH,0.0,7.0,20-04-2025
HPH0132,VietJet Air,2202480,19:15,30 thg 4,21:15,30 thg 4,2h 0m,HPH,0.0,7.0,21-04-2025
HPH0132,VietJet Air,2584523,19:15,30 thg 4,21:15,30 thg 4,2h 0m,HPH,0.0,7.0,22-04-2025
HPH0132,VietJet Air,2817938,19:15,30 thg 4,21:15,30 thg 4,2h 0m,HPH,0.0,7.0,23-04-2025
HPH0132,VietJet Air,2823923,19:15,30 thg 4,21:15,30 thg 4,2h 0m,HPH,0.0,7.0,24-04-2025
HPH0132,VietJet Air,2816940,19:15,30 thg 4,21:15,30 thg 4,2h 0m,HPH,0.0,7.0,25-04-2025
HPH0132,VietJet Air,2796990,19:15,30 thg 4,21:15,30 thg 4,2h 0m,HPH,0.0,7.0,26-04-2025
HPH0132,VietJet Air,2785020,19:15,30 thg 4,21:15,30 thg 4,2h 0m,HPH,0.0,7.0,27-04-2025
HPH0133,VietJet Air,2230410,19:20,09 thg 5,21:20,09 thg 5,2h 0m,HPH,0.0,7.0,08-05-2025
HPH0134,VietJet Air,2053853,19:20,11 thg 5,21:20,11 thg 5,2h 0m,HPH,0.0,7.0,10-05-2025
HPH0135,VietJet Air,2783025,19:30,30 thg 4,21:30,30 thg 4,2h 0m,HPH,0.0,7.0,28-04-2025
HPH0135,VietJet Air,2853848,19:30,30 thg 4,21:30,30 thg 4,2h 0m,HPH,0.0,7.0,29-04-2025
HPH0136,VietJet Air,3855208,19:35,01 thg 5,21:35,01 thg 5,2h 0m,HPH,0.0,7.0,24-04-2025
HPH0136,VietJet Air,3112200,19:35,01 thg 5,21:35,01 thg 5,2h 0m,HPH,0.0,7.0,26-04-2025
HPH0136,VietJet Air,3211398,19:35,01 thg 5,21:35,01 thg 5,2h 0m,HPH,0.0,7.0,27-04-2025
HPH0136,VietJet Air,3212884,19:35,01 thg 5,21:35,01 thg 5,2h 0m,HPH,0.0,7.0,28-04-2025
HPH0136,VietJet Air,3213647,19:35,01 thg 5,21:35,01 thg 5,2h 0m,HPH,0.0,7.0,29-04-2025
HPH0136,VietJet Air,3174045,19:35,01 thg 5,21:35,01 thg 5,2h 0m,HPH,0.0,7.0,30-04-2025
HPH0137,VietJet Air,3701558,19:35,02 thg 5,21:35,02 thg 5,2h 0m,HPH,0.0,7.0,01-05-2025
HPH0137,VietJet Air,3823681,19:35,02 thg 5,21:35,02 thg 5,2h 0m,HPH,0.0,7.0,30-04-2025
HPH0138,VietJet Air,3766921,19:35,03 thg 5,21:35,03 thg 5,2h 0m,HPH,0.0,7.0,01-05-2025
HPH0138,VietJet Air,3649853,19:35,03 thg 5,21:35,03 thg 5,2h 0m,HPH,0.0,7.0,02-05-2025
HPH0138,VietJet Air,3110217,19:35,03 thg 5,21:35,03 thg 5,2h 0m,HPH,0.0,7.0,26-04-2025
HPH0138,VietJet Air,3211398,19:35,03 thg 5,21:35,03 thg 5,2h 0m,HPH,0.0,7.0,27-04-2025
HPH0138,VietJet Air,3383986,19:35,03 thg 5,21:35,03 thg 5,2h 0m,HPH,0.0,7.0,28-04-2025
HPH0138,VietJet Air,3116190,19:35,03 thg 5,21:35,03 thg 5,2h 0m,HPH,0.0,7.0,29-04-2025
HPH0138,VietJet Air,3212831,19:35,03 thg 5,21:35,03 thg 5,2h 0m,HPH,0.0,7.0,30-04-2025
HPH0139,VietJet Air,3857412,19:35,04 thg 5,21:35,04 thg 5,2h 0m,HPH,0.0,7.0,01-05-2025
HPH0139,VietJet Air,3859051,19:35,04 thg 5,21:35,04 thg 5,2h 0m,HPH,0.0,7.0,02-05-2025
HPH0139,VietJet Air,3761573,19:35,04 thg 5,21:35,04 thg 5,2h 0m,HPH,0.0,7.0,03-05-2025
HPH0139,VietJet Air,3741623,19:35,04 thg 5,21:35,04 thg 5,2h 0m,HPH,0.0,7.0,26-04-2025
HPH0139,VietJet Air,3855898,19:35,04 thg 5,21:35,04 thg 5,2h 0m,HPH,0.0,7.0,27-04-2025
HPH0139,VietJet Air,3857682,19:35,04 thg 5,21:35,04 thg 5,2h 0m,HPH,0.0,7.0,28-04-2025
HPH0139,VietJet Air,3858597,19:35,04 thg 5,21:35,04 thg 5,2h 0m,HPH,0.0,7.0,29-04-2025
HPH0139,VietJet Air,3857618,19:35,04 thg 5,21:35,04 thg 5,2h 0m,HPH,0.0,7.0,30-04-2025
HPH0140,VietJet Air,2239875,19:35,05 thg 5,21:35,05 thg 5,2h 0m,HPH,0.0,7.0,01-05-2025
HPH0140,VietJet Air,2168452,19:35,05 thg 5,21:35,05 thg 5,2h 0m,HPH,0.0,7.0,02-05-2025
HPH0140,VietJet Air,2551729,19:35,05 thg 5,21:35,05 thg 5,2h 0m,HPH,0.0,7.0,03-05-2025
HPH0140,VietJet Air,2022930,19:35,05 thg 5,21:35,05 thg 5,2h 0m,HPH,0.0,7.0,26-04-2025
HPH0140,VietJet Air,2013953,19:35,05 thg 5,21:35,05 thg 5,2h 0m,HPH,0.0,7.0,27-04-2025
HPH0140,VietJet Air,2007968,19:35,05 thg 5,21:35,05 thg 5,2h 0m,HPH,0.0,7.0,28-04-2025
HPH0140,VietJet Air,2070840,19:35,05 thg 5,21:35,05 thg 5,2h 0m,HPH,0.0,7.0,29-04-2025
HPH0140,VietJet Air,2239994,19:35,05 thg 5,21:35,05 thg 5,2h 0m,HPH,0.0,7.0,30-04-2025
HPH0141,VietJet Air,1889220,19:35,06 thg 5,21:35,06 thg 5,2h 0m,HPH,0.0,7.0,01-05-2025
HPH0141,VietJet Air,1890023,19:35,06 thg 5,21:35,06 thg 5,2h 0m,HPH,0.0,7.0,02-05-2025
HPH0141,VietJet Air,1838393,19:35,06 thg 5,21:35,06 thg 5,2h 0m,HPH,0.0,7.0,03-05-2025
HPH0141,VietJet Air,1829415,19:35,06 thg 5,21:35,06 thg 5,2h 0m,HPH,0.0,7.0,04-05-2025
HPH0141,VietJet Air,2168452,19:35,06 thg 5,21:35,06 thg 5,2h 0m,HPH,0.0,7.0,05-05-2025
HPH0141,VietJet Air,1846373,19:35,06 thg 5,21:35,06 thg 5,2h 0m,HPH,0.0,7.0,26-04-2025
HPH0141,VietJet Air,1838393,19:35,06 thg 5,21:35,06 thg 5,2h 0m,HPH,0.0,7.0,27-04-2025
HPH0141,VietJet Air,3858597,19:35,06 thg 5,21:35,06 thg 5,2h 0m,HPH,0.0,7.0,29-04-2025
HPH0141,VietJet Air,1889321,19:35,06 thg 5,21:35,06 thg 5,2h 0m,HPH,0.0,7.0,30-04-2025
HPH0142,VietJet Air,1889220,19:35,07 thg 5,21:35,07 thg 5,2h 0m,HPH,0.0,7.0,01-05-2025
HPH0142,VietJet Air,1828979,19:35,07 thg 5,21:35,07 thg 5,2h 0m,HPH,0.0,7.0,02-05-2025
HPH0142,VietJet Air,1838393,19:35,07 thg 5,21:35,07 thg 5,2h 0m,HPH,0.0,7.0,03-05-2025
HPH0142,VietJet Air,1829415,19:35,07 thg 5,21:35,07 thg 5,2h 0m,HPH,0.0,7.0,04-05-2025
HPH0142,VietJet Air,1890015,19:35,07 thg 5,21:35,07 thg 5,2h 0m,HPH,0.0,7.0,05-05-2025
HPH0142,VietJet Air,1847370,19:35,07 thg 5,21:35,07 thg 5,2h 0m,HPH,0.0,7.0,26-04-2025
HPH0142,VietJet Air,1838393,19:35,07 thg 5,21:35,07 thg 5,2h 0m,HPH,0.0,7.0,27-04-2025
HPH0142,VietJet Air,1889321,19:35,07 thg 5,21:35,07 thg 5,2h 0m,HPH,0.0,7.0,30-04-2025
HPH0143,VietJet Air,1889220,19:35,08 thg 5,21:35,08 thg 5,2h 0m,HPH,0.0,7.0,01-05-2025
HPH0143,VietJet Air,1890023,19:35,08 thg 5,21:35,08 thg 5,2h 0m,HPH,0.0,7.0,02-05-2025
HPH0143,VietJet Air,1838393,19:35,08 thg 5,21:35,08 thg 5,2h 0m,HPH,0.0,7.0,03-05-2025
HPH0143,VietJet Air,1829415,19:35,08 thg 5,21:35,08 thg 5,2h 0m,HPH,0.0,7.0,04-05-2025
HPH0143,VietJet Air,1890015,19:35,08 thg 5,21:35,08 thg 5,2h 0m,HPH,0.0,7.0,05-05-2025
HPH0143,VietJet Air,1395503,19:35,08 thg 5,21:35,08 thg 5,2h 0m,HPH,0.0,7.0,06-05-2025
HPH0143,VietJet Air,1727670,19:35,08 thg 5,21:35,08 thg 5,2h 0m,HPH,0.0,7.0,07-05-2025
HPH0143,VietJet Air,1846373,19:35,08 thg 5,21:35,08 thg 5,2h 0m,HPH,0.0,7.0,26-04-2025
HPH0143,VietJet Air,1838393,19:35,08 thg 5,21:35,08 thg 5,2h 0m,HPH,0.0,7.0,27-04-2025
HPH0143,VietJet Air,1834403,19:35,08 thg 5,21:35,08 thg 5,2h 0m,HPH,0.0,7.0,28-04-2025
HPH0143,VietJet Air,3858597,19:35,08 thg 5,21:35,08 thg 5,2h 0m,HPH,0.0,7.0,29-04-2025
HPH0143,VietJet Air,1889321,19:35,08 thg 5,21:35,08 thg 5,2h 0m,HPH,0.0,7.0,30-04-2025
HPH0144,VietJet Air,1599000,20:10,01 thg 5,22:10,01 thg 5,2h 0m,HPH,0.0,7.0,07-04-2025
HPH0144,VietJet Air,1860000,20:10,01 thg 5,22:10,01 thg 5,2h 0m,HPH,0.0,7.0,11-04-2025
HPH0144,VietJet Air,1856000,20:10,01 thg 5,22:10,01 thg 5,2h 0m,HPH,0.0,7.0,12-04-2025
HPH0144,VietJet Air,1848710,20:10,01 thg 5,22:10,01 thg 5,2h 0m,HPH,0.0,7.0,13-04-2025
HPH0144,VietJet Air,1808468,20:10,01 thg 5,22:10,01 thg 5,2h 0m,HPH,0.0,7.0,14-04-2025
HPH0144,VietJet Air,1989015,20:10,01 thg 5,22:10,01 thg 5,2h 0m,HPH,0.0,7.0,15-04-2025
HPH0144,VietJet Air,2024925,20:10,01 thg 5,22:10,01 thg 5,2h 0m,HPH,0.0,7.0,16-04-2025
HPH0144,VietJet Air,2016945,20:10,01 thg 5,22:10,01 thg 5,2h 0m,HPH,0.0,7.0,17-04-2025
HPH0144,VietJet Air,2016945,20:10,01 thg 5,22:10,01 thg 5,2h 0m,HPH,0.0,7.0,18-04-2025
HPH0144,VietJet Air,2581530,20:10,01 thg 5,22:10,01 thg 5,2h 0m,HPH,0.0,7.0,19-04-2025
HPH0144,VietJet Air,2577540,20:10,01 thg 5,22:10,01 thg 5,2h 0m,HPH,0.0,7.0,20-04-2025
HPH0144,VietJet Air,2578538,20:10,01 thg 5,22:10,01 thg 5,2h 0m,HPH,0.0,7.0,21-04-2025
HPH0144,VietJet Air,2584523,20:10,01 thg 5,22:10,01 thg 5,2h 0m,HPH,0.0,7.0,22-04-2025
HPH0144,VietJet Air,2587515,20:10,01 thg 5,22:10,01 thg 5,2h 0m,HPH,0.0,7.0,23-04-2025
HPH0144,VietJet Air,2593500,20:10,01 thg 5,22:10,01 thg 5,2h 0m,HPH,0.0,7.0,24-04-2025
HPH0144,VietJet Air,2569560,20:10,01 thg 5,22:10,01 thg 5,2h 0m,HPH,0.0,7.0,26-04-2025
HPH0144,VietJet Air,2860881,20:10,01 thg 5,22:10,01 thg 5,2h 0m,HPH,0.0,7.0,27-04-2025
HPH0144,VietJet Air,2784023,20:10,01 thg 5,22:10,01 thg 5,2h 0m,HPH,0.0,7.0,28-04-2025
HPH0144,VietJet Air,3055239,20:10,01 thg 5,22:10,01 thg 5,2h 0m,HPH,0.0,7.0,29-04-2025
HPH0144,VietJet Air,3029408,20:10,01 thg 5,22:10,01 thg 5,2h 0m,HPH,0.0,7.0,30-04-2025
HPH0145,VietJet Air,3734411,20:10,02 thg 5,22:10,02 thg 5,2h 0m,HPH,0.0,7.0,01-05-2025
HPH0145,VietJet Air,1745000,20:10,02 thg 5,22:10,02 thg 5,2h 0m,HPH,0.0,7.0,07-04-2025
HPH0145,VietJet Air,2027000,20:10,02 thg 5,22:10,02 thg 5,2h 0m,HPH,0.0,7.0,12-04-2025
HPH0145,VietJet Air,2018855,20:10,02 thg 5,22:10,02 thg 5,2h 0m,HPH,0.0,7.0,13-04-2025
HPH0145,VietJet Air,1983030,20:10,02 thg 5,22:10,02 thg 5,2h 0m,HPH,0.0,7.0,14-04-2025
HPH0145,VietJet Air,2029913,20:10,02 thg 5,22:10,02 thg 5,2h 0m,HPH,0.0,7.0,15-04-2025
HPH0145,VietJet Air,2782028,20:10,02 thg 5,22:10,02 thg 5,2h 0m,HPH,0.0,7.0,17-04-2025
HPH0145,VietJet Air,2804970,20:10,02 thg 5,22:10,02 thg 5,2h 0m,HPH,0.0,7.0,18-04-2025
HPH0145,VietJet Air,3764565,20:10,02 thg 5,22:10,02 thg 5,2h 0m,HPH,0.0,7.0,22-04-2025
HPH0145,VietJet Air,3765563,20:10,02 thg 5,22:10,02 thg 5,2h 0m,HPH,0.0,7.0,23-04-2025
HPH0145,VietJet Air,3789503,20:10,02 thg 5,22:10,02 thg 5,2h 0m,HPH,0.0,7.0,24-04-2025
HPH0145,VietJet Air,3769553,20:10,02 thg 5,22:10,02 thg 5,2h 0m,HPH,0.0,7.0,25-04-2025
HPH0145,VietJet Air,3741623,20:10,02 thg 5,22:10,02 thg 5,2h 0m,HPH,0.0,7.0,26-04-2025
HPH0145,VietJet Air,3855898,20:10,02 thg 5,22:10,02 thg 5,2h 0m,HPH,0.0,7.0,27-04-2025
HPH0145,VietJet Air,3734411,20:10,02 thg 5,22:10,02 thg 5,2h 0m,HPH,0.0,7.0,28-04-2025
HPH0145,VietJet Air,3858597,20:10,02 thg 5,22:10,02 thg 5,2h 0m,HPH,0.0,7.0,29-04-2025
HPH0145,VietJet Air,3857618,20:10,02 thg 5,22:10,02 thg 5,2h 0m,HPH,0.0,7.0,30-04-2025
HPH0146,VietJet Air,3495446,20:10,03 thg 5,22:10,03 thg 5,2h 0m,HPH,0.0,7.0,01-05-2025
HPH0146,VietJet Air,3388508,20:10,03 thg 5,22:10,03 thg 5,2h 0m,HPH,0.0,7.0,02-05-2025
HPH0146,VietJet Air,3409000,20:10,03 thg 5,22:10,03 thg 5,2h 0m,HPH,0.0,7.0,07-04-2025
HPH0146,VietJet Air,3383995,20:10,03 thg 5,22:10,03 thg 5,2h 0m,HPH,0.0,7.0,13-04-2025
HPH0146,VietJet Air,3377535,20:10,03 thg 5,22:10,03 thg 5,2h 0m,HPH,0.0,7.0,14-04-2025
HPH0146,VietJet Air,3382523,20:10,03 thg 5,22:10,03 thg 5,2h 0m,HPH,0.0,7.0,15-04-2025
HPH0146,VietJet Air,3398483,20:10,03 thg 5,22:10,03 thg 5,2h 0m,HPH,0.0,7.0,16-04-2025
HPH0146,VietJet Air,3406463,20:10,03 thg 5,22:10,03 thg 5,2h 0m,HPH,0.0,7.0,17-04-2025
HPH0146,VietJet Air,2036895,20:10,03 thg 5,22:10,03 thg 5,2h 0m,HPH,0.0,7.0,18-04-2025
HPH0146,VietJet Air,2207468,20:10,03 thg 5,22:10,03 thg 5,2h 0m,HPH,0.0,7.0,19-04-2025
HPH0146,VietJet Air,2217443,20:10,03 thg 5,22:10,03 thg 5,2h 0m,HPH,0.0,7.0,20-04-2025
HPH0146,VietJet Air,2368095,20:10,03 thg 5,22:10,03 thg 5,2h 0m,HPH,0.0,7.0,21-04-2025
HPH0146,VietJet Air,2585520,20:10,03 thg 5,22:10,03 thg 5,2h 0m,HPH,0.0,7.0,22-04-2025
HPH0146,VietJet Air,2587515,20:10,03 thg 5,22:10,03 thg 5,2h 0m,HPH,0.0,7.0,23-04-2025
HPH0146,VietJet Air,3137138,20:10,03 thg 5,22:10,03 thg 5,2h 0m,HPH,0.0,7.0,24-04-2025
HPH0146,VietJet Air,3137138,20:10,03 thg 5,22:10,03 thg 5,2h 0m,HPH,0.0,7.0,25-04-2025
HPH0146,VietJet Air,3110217,20:10,03 thg 5,22:10,03 thg 5,2h 0m,HPH,0.0,7.0,26-04-2025
HPH0146,VietJet Air,3211398,20:10,03 thg 5,22:10,03 thg 5,2h 0m,HPH,0.0,7.0,27-04-2025
HPH0146,VietJet Air,3212884,20:10,03 thg 5,22:10,03 thg 5,2h 0m,HPH,0.0,7.0,28-04-2025
HPH0146,VietJet Air,3116190,20:10,03 thg 5,22:10,03 thg 5,2h 0m,HPH,0.0,7.0,29-04-2025
HPH0146,VietJet Air,3212831,20:10,03 thg 5,22:10,03 thg 5,2h 0m,HPH,0.0,7.0,30-04-2025
HPH0147,VietJet Air,3823478,20:10,04 thg 5,22:10,04 thg 5,2h 0m,HPH,0.0,7.0,01-05-2025
HPH0147,VietJet Air,3825101,20:10,04 thg 5,22:10,04 thg 5,2h 0m,HPH,0.0,7.0,02-05-2025
HPH0147,VietJet Air,3731648,20:10,04 thg 5,22:10,04 thg 5,2h 0m,HPH,0.0,7.0,03-05-2025
HPH0147,VietJet Air,3107000,20:10,04 thg 5,22:10,04 thg 5,2h 0m,HPH,0.0,7.0,07-04-2025
HPH0147,VietJet Air,3087263,20:10,04 thg 5,22:10,04 thg 5,2h 0m,HPH,0.0,7.0,14-04-2025
HPH0147,VietJet Air,3098235,20:10,04 thg 5,22:10,04 thg 5,2h 0m,HPH,0.0,7.0,15-04-2025
HPH0147,VietJet Air,3111203,20:10,04 thg 5,22:10,04 thg 5,2h 0m,HPH,0.0,7.0,16-04-2025
HPH0147,VietJet Air,3116190,20:10,04 thg 5,22:10,04 thg 5,2h 0m,HPH,0.0,7.0,17-04-2025
HPH0147,VietJet Air,3126165,20:10,04 thg 5,22:10,04 thg 5,2h 0m,HPH,0.0,7.0,18-04-2025
HPH0147,VietJet Air,3123173,20:10,04 thg 5,22:10,04 thg 5,2h 0m,HPH,0.0,7.0,19-04-2025
HPH0147,VietJet Air,3118185,20:10,04 thg 5,22:10,04 thg 5,2h 0m,HPH,0.0,7.0,20-04-2025
HPH0147,VietJet Air,3118185,20:10,04 thg 5,22:10,04 thg 5,2h 0m,HPH,0.0,7.0,21-04-2025
HPH0147,VietJet Air,3130155,20:10,04 thg 5,22:10,04 thg 5,2h 0m,HPH,0.0,7.0,22-04-2025
HPH0147,VietJet Air,3135143,20:10,04 thg 5,22:10,04 thg 5,2h 0m,HPH,0.0,7.0,23-04-2025
HPH0147,VietJet Air,3427410,20:10,04 thg 5,22:10,04 thg 5,2h 0m,HPH,0.0,7.0,24-04-2025
HPH0147,VietJet Air,3426413,20:10,04 thg 5,22:10,04 thg 5,2h 0m,HPH,0.0,7.0,25-04-2025
HPH0147,VietJet Air,3711698,20:10,04 thg 5,22:10,04 thg 5,2h 0m,HPH,0.0,7.0,26-04-2025
HPH0147,VietJet Air,3701558,20:10,04 thg 5,22:10,04 thg 5,2h 0m,HPH,0.0,7.0,27-04-2025
HPH0147,VietJet Air,3701558,20:10,04 thg 5,22:10,04 thg 5,2h 0m,HPH,0.0,7.0,28-04-2025
HPH0147,VietJet Air,3824653,20:10,04 thg 5,22:10,04 thg 5,2h 0m,HPH,0.0,7.0,29-04-2025
HPH0147,VietJet Air,3823681,20:10,04 thg 5,22:10,04 thg 5,2h 0m,HPH,0.0,7.0,30-04-2025
HPH0148,VietJet Air,2070204,20:10,05 thg 5,22:10,05 thg 5,2h 0m,HPH,0.0,7.0,01-05-2025
HPH0148,VietJet Air,2168452,20:10,05 thg 5,22:10,05 thg 5,2h 0m,HPH,0.0,7.0,02-05-2025
HPH0148,VietJet Air,2433203,20:10,05 thg 5,22:10,05 thg 5,2h 0m,HPH,0.0,7.0,03-05-2025
HPH0148,VietJet Air,1743000,20:10,05 thg 5,22:10,05 thg 5,2h 0m,HPH,0.0,7.0,07-04-2025
HPH0148,VietJet Air,1696748,20:10,05 thg 5,22:10,05 thg 5,2h 0m,HPH,0.0,7.0,15-04-2025
HPH0148,VietJet Air,1851360,20:10,05 thg 5,22:10,05 thg 5,2h 0m,HPH,0.0,7.0,16-04-2025
HPH0148,VietJet Air,1605975,20:10,05 thg 5,22:10,05 thg 5,2h 0m,HPH,0.0,7.0,17-04-2025
HPH0148,VietJet Air,1578045,20:10,05 thg 5,22:10,05 thg 5,2h 0m,HPH,0.0,7.0,18-04-2025
HPH0148,VietJet Air,1606973,20:10,05 thg 5,22:10,05 thg 5,2h 0m,HPH,0.0,7.0,19-04-2025
HPH0148,VietJet Air,1742633,20:10,05 thg 5,22:10,05 thg 5,2h 0m,HPH,0.0,7.0,20-04-2025
HPH0148,VietJet Air,1741635,20:10,05 thg 5,22:10,05 thg 5,2h 0m,HPH,0.0,7.0,21-04-2025
HPH0148,VietJet Air,1870313,20:10,05 thg 5,22:10,05 thg 5,2h 0m,HPH,0.0,7.0,22-04-2025
HPH0148,VietJet Air,1872308,20:10,05 thg 5,22:10,05 thg 5,2h 0m,HPH,0.0,7.0,23-04-2025
HPH0148,VietJet Air,1874303,20:10,05 thg 5,22:10,05 thg 5,2h 0m,HPH,0.0,7.0,24-04-2025
HPH0148,VietJet Air,1858343,20:10,05 thg 5,22:10,05 thg 5,2h 0m,HPH,0.0,7.0,25-04-2025
HPH0148,VietJet Air,1847370,20:10,05 thg 5,22:10,05 thg 5,2h 0m,HPH,0.0,7.0,26-04-2025
HPH0148,VietJet Air,2013953,20:10,05 thg 5,22:10,05 thg 5,2h 0m,HPH,0.0,7.0,27-04-2025
HPH0148,VietJet Air,2007968,20:10,05 thg 5,22:10,05 thg 5,2h 0m,HPH,0.0,7.0,28-04-2025
HPH0148,VietJet Air,2070840,20:10,05 thg 5,22:10,05 thg 5,2h 0m,HPH,0.0,7.0,29-04-2025
HPH0148,VietJet Air,2070314,20:10,05 thg 5,22:10,05 thg 5,2h 0m,HPH,0.0,7.0,30-04-2025
HPH0149,VietJet Air,1704728,20:10,06 thg 5,22:10,06 thg 5,2h 0m,HPH,0.0,7.0,01-05-2025
HPH0149,VietJet Air,1708718,20:10,06 thg 5,22:10,06 thg 5,2h 0m,HPH,0.0,7.0,02-05-2025
HPH0149,VietJet Air,1838393,20:10,06 thg 5,22:10,06 thg 5,2h 0m,HPH,0.0,7.0,03-05-2025
HPH0149,VietJet Air,1829415,20:10,06 thg 5,22:10,06 thg 5,2h 0m,HPH,0.0,7.0,04-05-2025
HPH0149,VietJet Air,1730000,20:10,06 thg 5,22:10,06 thg 5,2h 0m,HPH,0.0,7.0,07-04-2025
HPH0149,VietJet Air,1736648,20:10,06 thg 5,22:10,06 thg 5,2h 0m,HPH,0.0,7.0,16-04-2025
HPH0149,VietJet Air,1722683,20:10,06 thg 5,22:10,06 thg 5,2h 0m,HPH,0.0,7.0,17-04-2025
HPH0149,VietJet Air,1724678,20:10,06 thg 5,22:10,06 thg 5,2h 0m,HPH,0.0,7.0,18-04-2025
HPH0149,VietJet Air,1748618,20:10,06 thg 5,22:10,06 thg 5,2h 0m,HPH,0.0,7.0,19-04-2025
HPH0149,VietJet Air,1742633,20:10,06 thg 5,22:10,06 thg 5,2h 0m,HPH,0.0,7.0,20-04-2025
HPH0149,VietJet Air,1741635,20:10,06 thg 5,22:10,06 thg 5,2h 0m,HPH,0.0,7.0,21-04-2025
HPH0149,VietJet Air,1753605,20:10,06 thg 5,22:10,06 thg 5,2h 0m,HPH,0.0,7.0,22-04-2025
HPH0149,VietJet Air,1746623,20:10,06 thg 5,22:10,06 thg 5,2h 0m,HPH,0.0,7.0,23-04-2025
HPH0149,VietJet Air,1758593,20:10,06 thg 5,22:10,06 thg 5,2h 0m,HPH,0.0,7.0,24-04-2025
HPH0149,VietJet Air,1745625,20:10,06 thg 5,22:10,06 thg 5,2h 0m,HPH,0.0,7.0,25-04-2025
HPH0149,VietJet Air,1730663,20:10,06 thg 5,22:10,06 thg 5,2h 0m,HPH,0.0,7.0,26-04-2025
HPH0149,VietJet Air,1723680,20:10,06 thg 5,22:10,06 thg 5,2h 0m,HPH,0.0,7.0,27-04-2025
HPH0149,VietJet Air,1385528,20:10,06 thg 5,22:10,06 thg 5,2h 0m,HPH,0.0,7.0,28-04-2025
HPH0149,VietJet Air,1618243,20:10,06 thg 5,22:10,06 thg 5,2h 0m,HPH,0.0,7.0,29-04-2025
HPH0149,VietJet Air,1617832,20:10,06 thg 5,22:10,06 thg 5,2h 0m,HPH,0.0,7.0,30-04-2025
HPH0150,VietJet Air,1617745,20:10,07 thg 5,22:10,07 thg 5,2h 0m,HPH,0.0,7.0,01-05-2025
HPH0150,VietJet Air,1566161,20:10,07 thg 5,22:10,07 thg 5,2h 0m,HPH,0.0,7.0,02-05-2025
HPH0150,VietJet Air,1575053,20:10,07 thg 5,22:10,07 thg 5,2h 0m,HPH,0.0,7.0,03-05-2025
HPH0150,VietJet Air,1712708,20:10,07 thg 5,22:10,07 thg 5,2h 0m,HPH,0.0,7.0,04-05-2025
HPH0150,VietJet Air,1698743,20:10,07 thg 5,22:10,07 thg 5,2h 0m,HPH,0.0,7.0,05-05-2025
HPH0150,VietJet Air,1741000,20:10,07 thg 5,22:10,07 thg 5,2h 0m,HPH,0.0,7.0,07-04-2025
HPH0150,VietJet Air,1722683,20:10,07 thg 5,22:10,07 thg 5,2h 0m,HPH,0.0,7.0,17-04-2025
HPH0150,VietJet Air,1724678,20:10,07 thg 5,22:10,07 thg 5,2h 0m,HPH,0.0,7.0,18-04-2025
HPH0150,VietJet Air,1748618,20:10,07 thg 5,22:10,07 thg 5,2h 0m,HPH,0.0,7.0,19-04-2025
HPH0150,VietJet Air,1742633,20:10,07 thg 5,22:10,07 thg 5,2h 0m,HPH,0.0,7.0,20-04-2025
HPH0150,VietJet Air,1741635,20:10,07 thg 5,22:10,07 thg 5,2h 0m,HPH,0.0,7.0,21-04-2025
HPH0150,VietJet Air,1740638,20:10,07 thg 5,22:10,07 thg 5,2h 0m,HPH,0.0,7.0,22-04-2025
HPH0150,VietJet Air,1747620,20:10,07 thg 5,22:10,07 thg 5,2h 0m,HPH,0.0,7.0,23-04-2025
HPH0150,VietJet Air,1754603,20:10,07 thg 5,22:10,07 thg 5,2h 0m,HPH,0.0,7.0,24-04-2025
HPH0150,VietJet Air,1745625,20:10,07 thg 5,22:10,07 thg 5,2h 0m,HPH,0.0,7.0,25-04-2025
HPH0150,VietJet Air,1731660,20:10,07 thg 5,22:10,07 thg 5,2h 0m,HPH,0.0,7.0,26-04-2025
HPH0150,VietJet Air,1723680,20:10,07 thg 5,22:10,07 thg 5,2h 0m,HPH,0.0,7.0,27-04-2025
HPH0150,VietJet Air,1389518,20:10,07 thg 5,22:10,07 thg 5,2h 0m,HPH,0.0,7.0,28-04-2025
HPH0150,VietJet Air,1380540,20:10,07 thg 5,22:10,07 thg 5,2h 0m,HPH,0.0,7.0,29-04-2025
HPH0150,VietJet Air,1363583,20:10,07 thg 5,22:10,07 thg 5,2h 0m,HPH,0.0,7.0,30-04-2025
HPH0151,VietJet Air,1363583,20:10,08 thg 5,22:10,08 thg 5,2h 0m,HPH,0.0,7.0,01-05-2025
HPH0151,VietJet Air,1618433,20:10,08 thg 5,22:10,08 thg 5,2h 0m,HPH,0.0,7.0,02-05-2025
HPH0151,VietJet Air,1575053,20:10,08 thg 5,22:10,08 thg 5,2h 0m,HPH,0.0,7.0,03-05-2025
HPH0151,VietJet Air,1570065,20:10,08 thg 5,22:10,08 thg 5,2h 0m,HPH,0.0,7.0,04-05-2025
HPH0151,VietJet Air,1618425,20:10,08 thg 5,22:10,08 thg 5,2h 0m,HPH,0.0,7.0,05-05-2025
HPH0151,VietJet Air,1753437,20:10,08 thg 5,22:10,08 thg 5,2h 0m,HPH,0.0,7.0,06-05-2025
HPH0151,VietJet Air,1739000,20:10,08 thg 5,22:10,08 thg 5,2h 0m,HPH,0.0,7.0,07-04-2025
HPH0151,VietJet Air,2184525,20:10,08 thg 5,22:10,08 thg 5,2h 0m,HPH,0.0,7.0,07-05-2025
HPH0151,VietJet Air,1724678,20:10,08 thg 5,22:10,08 thg 5,2h 0m,HPH,0.0,7.0,18-04-2025
HPH0151,VietJet Air,1748618,20:10,08 thg 5,22:10,08 thg 5,2h 0m,HPH,0.0,7.0,19-04-2025
HPH0151,VietJet Air,1742633,20:10,08 thg 5,22:10,08 thg 5,2h 0m,HPH,0.0,7.0,20-04-2025
HPH0151,VietJet Air,1741635,20:10,08 thg 5,22:10,08 thg 5,2h 0m,HPH,0.0,7.0,21-04-2025
HPH0151,VietJet Air,1753605,20:10,08 thg 5,22:10,08 thg 5,2h 0m,HPH,0.0,7.0,22-04-2025
HPH0151,VietJet Air,1746623,20:10,08 thg 5,22:10,08 thg 5,2h 0m,HPH,0.0,7.0,23-04-2025
HPH0151,VietJet Air,1758593,20:10,08 thg 5,22:10,08 thg 5,2h 0m,HPH,0.0,7.0,24-04-2025
HPH0151,VietJet Air,1745625,20:10,08 thg 5,22:10,08 thg 5,2h 0m,HPH,0.0,7.0,25-04-2025
HPH0151,VietJet Air,1730663,20:10,08 thg 5,22:10,08 thg 5,2h 0m,HPH,0.0,7.0,26-04-2025
HPH0151,VietJet Air,1723680,20:10,08 thg 5,22:10,08 thg 5,2h 0m,HPH,0.0,7.0,27-04-2025
HPH0151,VietJet Air,1385528,20:10,08 thg 5,22:10,08 thg 5,2h 0m,HPH,0.0,7.0,28-04-2025
HPH0151,VietJet Air,1380540,20:10,08 thg 5,22:10,08 thg 5,2h 0m,HPH,0.0,7.0,29-04-2025
HPH0151,VietJet Air,1363583,20:10,08 thg 5,22:10,08 thg 5,2h 0m,HPH,0.0,7.0,30-04-2025
HPH0152,VietJet Air,1740000,20:10,09 thg 5,22:10,09 thg 5,2h 0m,HPH,0.0,7.0,07-04-2025
HPH0152,VietJet Air,1748618,20:10,09 thg 5,22:10,09 thg 5,2h 0m,HPH,0.0,7.0,19-04-2025
HPH0152,VietJet Air,1742633,20:10,09 thg 5,22:10,09 thg 5,2h 0m,HPH,0.0,7.0,20-04-2025
HPH0152,VietJet Air,1741635,20:10,09 thg 5,22:10,09 thg 5,2h 0m,HPH,0.0,7.0,21-04-2025
HPH0153,VietJet Air,1745000,20:10,10 thg 5,22:10,10 thg 5,2h 0m,HPH,0.0,7.0,07-04-2025
HPH0153,VietJet Air,1742633,20:10,10 thg 5,22:10,10 thg 5,2h 0m,HPH,0.0,7.0,20-04-2025
HPH0153,VietJet Air,1741635,20:10,10 thg 5,22:10,10 thg 5,2h 0m,HPH,0.0,7.0,21-04-2025
HPH0154,VietJet Air,1745000,20:10,11 thg 5,22:10,11 thg 5,2h 0m,HPH,0.0,7.0,07-04-2025
HPH0154,VietJet Air,1741635,20:10,11 thg 5,22:10,11 thg 5,2h 0m,HPH,0.0,7.0,21-04-2025
HPH0155,VietJet Air,1734285,20:10,21 thg 4,22:10,21 thg 4,2h 0m,HPH,0.0,7.0,07-04-2025
HPH0155,VietJet Air,1390015,20:10,21 thg 4,22:10,21 thg 4,2h 0m,HPH,0.0,7.0,08-04-2025
HPH0155,VietJet Air,1749000,20:10,21 thg 4,22:10,21 thg 4,2h 0m,HPH,0.0,7.0,09-04-2025
HPH0155,VietJet Air,1710764,20:10,21 thg 4,22:10,21 thg 4,2h 0m,HPH,0.0,7.0,10-04-2025
HPH0155,VietJet Air,1731000,20:10,21 thg 4,22:10,21 thg 4,2h 0m,HPH,0.0,7.0,11-04-2025
HPH0155,VietJet Air,1745000,20:10,21 thg 4,22:10,21 thg 4,2h 0m,HPH,0.0,7.0,12-04-2025
HPH0155,VietJet Air,1738265,20:10,21 thg 4,22:10,21 thg 4,2h 0m,HPH,0.0,7.0,13-04-2025
HPH0155,VietJet Air,1690763,20:10,21 thg 4,22:10,21 thg 4,2h 0m,HPH,0.0,7.0,14-04-2025
HPH0155,VietJet Air,1696748,20:10,21 thg 4,22:10,21 thg 4,2h 0m,HPH,0.0,7.0,15-04-2025
HPH0155,VietJet Air,1722683,20:10,21 thg 4,22:10,21 thg 4,2h 0m,HPH,0.0,7.0,17-04-2025
HPH0155,VietJet Air,1841385,20:10,21 thg 4,22:10,21 thg 4,2h 0m,HPH,0.0,7.0,18-04-2025
HPH0155,VietJet Air,1866323,20:10,21 thg 4,22:10,21 thg 4,2h 0m,HPH,0.0,7.0,19-04-2025
HPH0155,VietJet Air,1876298,20:10,21 thg 4,22:10,21 thg 4,2h 0m,HPH,0.0,7.0,20-04-2025
HPH0156,VietJet Air,1720355,20:10,22 thg 4,22:10,22 thg 4,2h 0m,HPH,0.0,7.0,07-04-2025
HPH0156,VietJet Air,1738265,20:10,22 thg 4,22:10,22 thg 4,2h 0m,HPH,0.0,7.0,08-04-2025
HPH0156,VietJet Air,1749000,20:10,22 thg 4,22:10,22 thg 4,2h 0m,HPH,0.0,7.0,09-04-2025
HPH0156,VietJet Air,1720664,20:10,22 thg 4,22:10,22 thg 4,2h 0m,HPH,0.0,7.0,10-04-2025
HPH0156,VietJet Air,1746000,20:10,22 thg 4,22:10,22 thg 4,2h 0m,HPH,0.0,7.0,11-04-2025
HPH0156,VietJet Air,1734000,20:10,22 thg 4,22:10,22 thg 4,2h 0m,HPH,0.0,7.0,12-04-2025
HPH0156,VietJet Air,1738265,20:10,22 thg 4,22:10,22 thg 4,2h 0m,HPH,0.0,7.0,13-04-2025
HPH0156,VietJet Air,1691760,20:10,22 thg 4,22:10,22 thg 4,2h 0m,HPH,0.0,7.0,14-04-2025
HPH0156,VietJet Air,1697745,20:10,22 thg 4,22:10,22 thg 4,2h 0m,HPH,0.0,7.0,15-04-2025
HPH0156,VietJet Air,1739640,20:10,22 thg 4,22:10,22 thg 4,2h 0m,HPH,0.0,7.0,16-04-2025
HPH0156,VietJet Air,1722683,20:10,22 thg 4,22:10,22 thg 4,2h 0m,HPH,0.0,7.0,17-04-2025
HPH0156,VietJet Air,1724678,20:10,22 thg 4,22:10,22 thg 4,2h 0m,HPH,0.0,7.0,18-04-2025
HPH0156,VietJet Air,1751610,20:10,22 thg 4,22:10,22 thg 4,2h 0m,HPH,0.0,7.0,19-04-2025
HPH0156,VietJet Air,1742633,20:10,22 thg 4,22:10,22 thg 4,2h 0m,HPH,0.0,7.0,20-04-2025
HPH0156,VietJet Air,1742633,20:10,22 thg 4,22:10,22 thg 4,2h 0m,HPH,0.0,7.0,21-04-2025
HPH0157,VietJet Air,1591005,20:10,23 thg 4,22:10,23 thg 4,2h 0m,HPH,0.0,7.0,07-04-2025
HPH0157,VietJet Air,1595980,20:10,23 thg 4,22:10,23 thg 4,2h 0m,HPH,0.0,7.0,08-04-2025
HPH0158,VietJet Air,1730305,20:10,24 thg 4,22:10,24 thg 4,2h 0m,HPH,0.0,7.0,07-04-2025
HPH0158,VietJet Air,1738265,20:10,24 thg 4,22:10,24 thg 4,2h 0m,HPH,0.0,7.0,08-04-2025
HPH0158,VietJet Air,1749000,20:10,24 thg 4,22:10,24 thg 4,2h 0m,HPH,0.0,7.0,09-04-2025
HPH0158,VietJet Air,1720664,20:10,24 thg 4,22:10,24 thg 4,2h 0m,HPH,0.0,7.0,10-04-2025
HPH0158,VietJet Air,1746000,20:10,24 thg 4,22:10,24 thg 4,2h 0m,HPH,0.0,7.0,11-04-2025
HPH0158,VietJet Air,1734000,20:10,24 thg 4,22:10,24 thg 4,2h 0m,HPH,0.0,7.0,12-04-2025
HPH0158,VietJet Air,1727320,20:10,24 thg 4,22:10,24 thg 4,2h 0m,HPH,0.0,7.0,13-04-2025
HPH0158,VietJet Air,1690763,20:10,24 thg 4,22:10,24 thg 4,2h 0m,HPH,0.0,7.0,14-04-2025
HPH0158,VietJet Air,1696748,20:10,24 thg 4,22:10,24 thg 4,2h 0m,HPH,0.0,7.0,15-04-2025
HPH0158,VietJet Air,1577048,20:10,24 thg 4,22:10,24 thg 4,2h 0m,HPH,0.0,7.0,17-04-2025
HPH0158,VietJet Air,1578045,20:10,24 thg 4,22:10,24 thg 4,2h 0m,HPH,0.0,7.0,18-04-2025
HPH0158,VietJet Air,1609965,20:10,24 thg 4,22:10,24 thg 4,2h 0m,HPH,0.0,7.0,19-04-2025
HPH0158,VietJet Air,1742633,20:10,24 thg 4,22:10,24 thg 4,2h 0m,HPH,0.0,7.0,20-04-2025
HPH0158,VietJet Air,1742633,20:10,24 thg 4,22:10,24 thg 4,2h 0m,HPH,0.0,7.0,21-04-2025
HPH0158,VietJet Air,1868318,20:10,24 thg 4,22:10,24 thg 4,2h 0m,HPH,0.0,7.0,22-04-2025
HPH0159,VietJet Air,1734285,20:10,25 thg 4,22:10,25 thg 4,2h 0m,HPH,0.0,7.0,07-04-2025
HPH0159,VietJet Air,1739260,20:10,25 thg 4,22:10,25 thg 4,2h 0m,HPH,0.0,7.0,08-04-2025
HPH0160,VietJet Air,1741000,20:10,26 thg 4,22:10,26 thg 4,2h 0m,HPH,0.0,7.0,07-04-2025
HPH0160,VietJet Air,1738265,20:10,26 thg 4,22:10,26 thg 4,2h 0m,HPH,0.0,7.0,08-04-2025
HPH0160,VietJet Air,1749000,20:10,26 thg 4,22:10,26 thg 4,2h 0m,HPH,0.0,7.0,09-04-2025
HPH0160,VietJet Air,1713734,20:10,26 thg 4,22:10,26 thg 4,2h 0m,HPH,0.0,7.0,10-04-2025
HPH0160,VietJet Air,1746000,20:10,26 thg 4,22:10,26 thg 4,2h 0m,HPH,0.0,7.0,11-04-2025
HPH0160,VietJet Air,1734000,20:10,26 thg 4,22:10,26 thg 4,2h 0m,HPH,0.0,7.0,12-04-2025
HPH0160,VietJet Air,1738265,20:10,26 thg 4,22:10,26 thg 4,2h 0m,HPH,0.0,7.0,13-04-2025
HPH0160,VietJet Air,1690763,20:10,26 thg 4,22:10,26 thg 4,2h 0m,HPH,0.0,7.0,14-04-2025
HPH0160,VietJet Air,1697745,20:10,26 thg 4,22:10,26 thg 4,2h 0m,HPH,0.0,7.0,15-04-2025
HPH0160,VietJet Air,1737645,20:10,26 thg 4,22:10,26 thg 4,2h 0m,HPH,0.0,7.0,16-04-2025
HPH0160,VietJet Air,1722683,20:10,26 thg 4,22:10,26 thg 4,2h 0m,HPH,0.0,7.0,17-04-2025
HPH0160,VietJet Air,1841385,20:10,26 thg 4,22:10,26 thg 4,2h 0m,HPH,0.0,7.0,18-04-2025
HPH0160,VietJet Air,1866323,20:10,26 thg 4,22:10,26 thg 4,2h 0m,HPH,0.0,7.0,19-04-2025
HPH0160,VietJet Air,1857345,20:10,26 thg 4,22:10,26 thg 4,2h 0m,HPH,0.0,7.0,20-04-2025
HPH0160,VietJet Air,1857345,20:10,26 thg 4,22:10,26 thg 4,2h 0m,HPH,0.0,7.0,21-04-2025
HPH0160,VietJet Air,1753605,20:10,26 thg 4,22:10,26 thg 4,2h 0m,HPH,0.0,7.0,22-04-2025
HPH0160,VietJet Air,1754603,20:10,26 thg 4,22:10,26 thg 4,2h 0m,HPH,0.0,7.0,23-04-2025
HPH0160,VietJet Air,2069021,20:10,26 thg 4,22:10,26 thg 4,2h 0m,HPH,0.0,7.0,24-04-2025
HPH0160,VietJet Air,2035898,20:10,26 thg 4,22:10,26 thg 4,2h 0m,HPH,0.0,7.0,25-04-2025
HPH0161,VietJet Air,1731300,20:10,27 thg 4,22:10,27 thg 4,2h 0m,HPH,0.0,7.0,07-04-2025
HPH0161,VietJet Air,1739260,20:10,27 thg 4,22:10,27 thg 4,2h 0m,HPH,0.0,7.0,08-04-2025
HPH0161,VietJet Air,1749000,20:10,27 thg 4,22:10,27 thg 4,2h 0m,HPH,0.0,7.0,09-04-2025
HPH0161,VietJet Air,1728584,20:10,27 thg 4,22:10,27 thg 4,2h 0m,HPH,0.0,7.0,10-04-2025
HPH0161,VietJet Air,1731000,20:10,27 thg 4,22:10,27 thg 4,2h 0m,HPH,0.0,7.0,11-04-2025
HPH0161,VietJet Air,1734000,20:10,27 thg 4,22:10,27 thg 4,2h 0m,HPH,0.0,7.0,12-04-2025
HPH0161,VietJet Air,1727320,20:10,27 thg 4,22:10,27 thg 4,2h 0m,HPH,0.0,7.0,13-04-2025
HPH0161,VietJet Air,1691760,20:10,27 thg 4,22:10,27 thg 4,2h 0m,HPH,0.0,7.0,14-04-2025
HPH0161,VietJet Air,1696748,20:10,27 thg 4,22:10,27 thg 4,2h 0m,HPH,0.0,7.0,15-04-2025
HPH0161,VietJet Air,1736648,20:10,27 thg 4,22:10,27 thg 4,2h 0m,HPH,0.0,7.0,16-04-2025
HPH0161,VietJet Air,1724678,20:10,27 thg 4,22:10,27 thg 4,2h 0m,HPH,0.0,7.0,17-04-2025
HPH0161,VietJet Air,1724678,20:10,27 thg 4,22:10,27 thg 4,2h 0m,HPH,0.0,7.0,18-04-2025
HPH0161,VietJet Air,1751610,20:10,27 thg 4,22:10,27 thg 4,2h 0m,HPH,0.0,7.0,19-04-2025
HPH0161,VietJet Air,1742633,20:10,27 thg 4,22:10,27 thg 4,2h 0m,HPH,0.0,7.0,20-04-2025
HPH0161,VietJet Air,1742633,20:10,27 thg 4,22:10,27 thg 4,2h 0m,HPH,0.0,7.0,21-04-2025
HPH0161,VietJet Air,1753605,20:10,27 thg 4,22:10,27 thg 4,2h 0m,HPH,0.0,7.0,22-04-2025
HPH0161,VietJet Air,1870313,20:10,27 thg 4,22:10,27 thg 4,2h 0m,HPH,0.0,7.0,23-04-2025
HPH0161,VietJet Air,1873305,20:10,27 thg 4,22:10,27 thg 4,2h 0m,HPH,0.0,7.0,24-04-2025
HPH0161,VietJet Air,1858343,20:10,27 thg 4,22:10,27 thg 4,2h 0m,HPH,0.0,7.0,25-04-2025
HPH0161,VietJet Air,2383028,20:10,27 thg 4,22:10,27 thg 4,2h 0m,HPH,0.0,7.0,26-04-2025
HPH0162,VietJet Air,1731300,20:10,28 thg 4,22:10,28 thg 4,2h 0m,HPH,0.0,7.0,07-04-2025
HPH0162,VietJet Air,1739260,20:10,28 thg 4,22:10,28 thg 4,2h 0m,HPH,0.0,7.0,08-04-2025
HPH0162,VietJet Air,1747000,20:10,28 thg 4,22:10,28 thg 4,2h 0m,HPH,0.0,7.0,09-04-2025
HPH0162,VietJet Air,1713734,20:10,28 thg 4,22:10,28 thg 4,2h 0m,HPH,0.0,7.0,10-04-2025
HPH0162,VietJet Air,1746000,20:10,28 thg 4,22:10,28 thg 4,2h 0m,HPH,0.0,7.0,11-04-2025
HPH0162,VietJet Air,1734000,20:10,28 thg 4,22:10,28 thg 4,2h 0m,HPH,0.0,7.0,12-04-2025
HPH0162,VietJet Air,1738265,20:10,28 thg 4,22:10,28 thg 4,2h 0m,HPH,0.0,7.0,13-04-2025
HPH0162,VietJet Air,1690763,20:10,28 thg 4,22:10,28 thg 4,2h 0m,HPH,0.0,7.0,14-04-2025
HPH0162,VietJet Air,1696748,20:10,28 thg 4,22:10,28 thg 4,2h 0m,HPH,0.0,7.0,15-04-2025
HPH0162,VietJet Air,1722683,20:10,28 thg 4,22:10,28 thg 4,2h 0m,HPH,0.0,7.0,17-04-2025
HPH0162,VietJet Air,1726673,20:10,28 thg 4,22:10,28 thg 4,2h 0m,HPH,0.0,7.0,18-04-2025
HPH0162,VietJet Air,1751610,20:10,28 thg 4,22:10,28 thg 4,2h 0m,HPH,0.0,7.0,19-04-2025
HPH0162,VietJet Air,1742633,20:10,28 thg 4,22:10,28 thg 4,2h 0m,HPH,0.0,7.0,20-04-2025
HPH0162,VietJet Air,1742633,20:10,28 thg 4,22:10,28 thg 4,2h 0m,HPH,0.0,7.0,21-04-2025
HPH0162,VietJet Air,1753605,20:10,28 thg 4,22:10,28 thg 4,2h 0m,HPH,0.0,7.0,22-04-2025
HPH0162,VietJet Air,1754603,20:10,28 thg 4,22:10,28 thg 4,2h 0m,HPH,0.0,7.0,23-04-2025
HPH0162,VietJet Air,1758593,20:10,28 thg 4,22:10,28 thg 4,2h 0m,HPH,0.0,7.0,24-04-2025
HPH0162,VietJet Air,1745625,20:10,28 thg 4,22:10,28 thg 4,2h 0m,HPH,0.0,7.0,25-04-2025
HPH0162,VietJet Air,2196495,20:10,28 thg 4,22:10,28 thg 4,2h 0m,HPH,0.0,7.0,26-04-2025
HPH0162,VietJet Air,2183528,20:10,28 thg 4,22:10,28 thg 4,2h 0m,HPH,0.0,7.0,27-04-2025
HPH0163,VietJet Air,2190990,20:10,29 thg 4,22:10,29 thg 4,2h 0m,HPH,0.0,7.0,07-04-2025
HPH0163,VietJet Air,3124000,20:10,29 thg 4,22:10,29 thg 4,2h 0m,HPH,0.0,7.0,09-04-2025
HPH0163,VietJet Air,3081948,20:10,29 thg 4,22:10,29 thg 4,2h 0m,HPH,0.0,7.0,10-04-2025
HPH0163,VietJet Air,3397000,20:10,29 thg 4,22:10,29 thg 4,2h 0m,HPH,0.0,7.0,11-04-2025
HPH0163,VietJet Air,3399000,20:10,29 thg 4,22:10,29 thg 4,2h 0m,HPH,0.0,7.0,12-04-2025
HPH0163,VietJet Air,3383995,20:10,29 thg 4,22:10,29 thg 4,2h 0m,HPH,0.0,7.0,13-04-2025
HPH0163,VietJet Air,3375540,20:10,29 thg 4,22:10,29 thg 4,2h 0m,HPH,0.0,7.0,14-04-2025
HPH0163,VietJet Air,3398483,20:10,29 thg 4,22:10,29 thg 4,2h 0m,HPH,0.0,7.0,16-04-2025
HPH0163,VietJet Air,3408458,20:10,29 thg 4,22:10,29 thg 4,2h 0m,HPH,0.0,7.0,17-04-2025
HPH0163,VietJet Air,2811953,20:10,29 thg 4,22:10,29 thg 4,2h 0m,HPH,0.0,7.0,19-04-2025
HPH0163,VietJet Air,2802975,20:10,29 thg 4,22:10,29 thg 4,2h 0m,HPH,0.0,7.0,20-04-2025
HPH0163,VietJet Air,2802975,20:10,29 thg 4,22:10,29 thg 4,2h 0m,HPH,0.0,7.0,21-04-2025
HPH0163,VietJet Air,2814945,20:10,29 thg 4,22:10,29 thg 4,2h 0m,HPH,0.0,7.0,22-04-2025
HPH0163,VietJet Air,2817938,20:10,29 thg 4,22:10,29 thg 4,2h 0m,HPH,0.0,7.0,23-04-2025
HPH0163,VietJet Air,2823923,20:10,29 thg 4,22:10,29 thg 4,2h 0m,HPH,0.0,7.0,24-04-2025
HPH0163,VietJet Air,2860369,20:10,29 thg 4,22:10,29 thg 4,2h 0m,HPH,0.0,7.0,25-04-2025
HPH0163,VietJet Air,2569560,20:10,29 thg 4,22:10,29 thg 4,2h 0m,HPH,0.0,7.0,26-04-2025
HPH0163,VietJet Air,2785020,20:10,29 thg 4,22:10,29 thg 4,2h 0m,HPH,0.0,7.0,27-04-2025
HPH0163,VietJet Air,3811448,20:10,29 thg 4,22:10,29 thg 4,2h 0m,HPH,0.0,7.0,28-04-2025
HPH0164,VietJet Air,1591005,20:10,30 thg 4,22:10,30 thg 4,2h 0m,HPH,0.0,7.0,07-04-2025
HPH0164,VietJet Air,1721539,20:10,30 thg 4,22:10,30 thg 4,2h 0m,HPH,0.0,7.0,10-04-2025
HPH0164,VietJet Air,1743000,20:10,30 thg 4,22:10,30 thg 4,2h 0m,HPH,0.0,7.0,11-04-2025
HPH0164,VietJet Air,1734000,20:10,30 thg 4,22:10,30 thg 4,2h 0m,HPH,0.0,7.0,12-04-2025
HPH0164,VietJet Air,1738265,20:10,30 thg 4,22:10,30 thg 4,2h 0m,HPH,0.0,7.0,13-04-2025
HPH0164,VietJet Air,1691760,20:10,30 thg 4,22:10,30 thg 4,2h 0m,HPH,0.0,7.0,14-04-2025
HPH0164,VietJet Air,1696748,20:10,30 thg 4,22:10,30 thg 4,2h 0m,HPH,0.0,7.0,15-04-2025
HPH0164,VietJet Air,1851360,20:10,30 thg 4,22:10,30 thg 4,2h 0m,HPH,0.0,7.0,16-04-2025
HPH0164,VietJet Air,1839390,20:10,30 thg 4,22:10,30 thg 4,2h 0m,HPH,0.0,7.0,17-04-2025
HPH0164,VietJet Air,1843380,20:10,30 thg 4,22:10,30 thg 4,2h 0m,HPH,0.0,7.0,18-04-2025
HPH0164,VietJet Air,2036895,20:10,30 thg 4,22:10,30 thg 4,2h 0m,HPH,0.0,7.0,19-04-2025
HPH0164,VietJet Air,2031908,20:10,30 thg 4,22:10,30 thg 4,2h 0m,HPH,0.0,7.0,20-04-2025
HPH0164,VietJet Air,2031908,20:10,30 thg 4,22:10,30 thg 4,2h 0m,HPH,0.0,7.0,21-04-2025
HPH0164,VietJet Air,2038890,20:10,30 thg 4,22:10,30 thg 4,2h 0m,HPH,0.0,7.0,22-04-2025
HPH0164,VietJet Air,2040885,20:10,30 thg 4,22:10,30 thg 4,2h 0m,HPH,0.0,7.0,23-04-2025
HPH0164,VietJet Air,1873305,20:10,30 thg 4,22:10,30 thg 4,2h 0m,HPH,0.0,7.0,24-04-2025
HPH0164,VietJet Air,1858343,20:10,30 thg 4,22:10,30 thg 4,2h 0m,HPH,0.0,7.0,25-04-2025
HPH0164,VietJet Air,1857345,20:10,30 thg 4,22:10,30 thg 4,2h 0m,HPH,0.0,7.0,26-04-2025
HPH0164,VietJet Air,2013953,20:10,30 thg 4,22:10,30 thg 4,2h 0m,HPH,0.0,7.0,27-04-2025
HPH0164,VietJet Air,2178540,20:10,30 thg 4,22:10,30 thg 4,2h 0m,HPH,0.0,7.0,28-04-2025
HPH0164,VietJet Air,3815438,20:10,30 thg 4,22:10,30 thg 4,2h 0m,HPH,0.0,7.0,29-04-2025
HPH0165,VietJet Air,2563575,20:20,05 thg 5,22:20,05 thg 5,2h 0m,HPH,0.0,7.0,04-05-2025
HPH0166,VietJet Air,1697569,20:20,07 thg 5,22:20,07 thg 5,2h 0m,HPH,0.0,7.0,06-05-2025
HPH0167,VietJet Air,3374543,20:30,06 thg 5,22:30,06 thg 5,2h 0m,HPH,0.0,7.0,05-05-2025
HPH0168,VietJet Air,3761573,20:45,04 thg 5,22h45,04 thg 5,2h 0m,HPH,0.0,7.0,03-05-2025
HPH0169,VietJet Air,1599000,21:10,01 thg 5,23:05,01 thg 5,1h 55m,HPH,0.0,7.0,07-04-2025
HPH0169,VietJet Air,1750000,21:10,01 thg 5,23:05,01 thg 5,1h 55m,HPH,0.0,7.0,11-04-2025
HPH0169,VietJet Air,1753000,21:10,01 thg 5,23:05,01 thg 5,1h 55m,HPH,0.0,7.0,12-04-2025
HPH0169,VietJet Air,1848710,21:10,01 thg 5,23:05,01 thg 5,1h 55m,HPH,0.0,7.0,13-04-2025
HPH0169,VietJet Air,1808468,21:10,01 thg 5,23:05,01 thg 5,1h 55m,HPH,0.0,7.0,14-04-2025
HPH0169,VietJet Air,2014648,21:10,01 thg 5,23:05,01 thg 5,1h 55m,HPH,0.0,7.0,15-04-2025
HPH0169,VietJet Air,2024925,21:10,01 thg 5,23:05,01 thg 5,1h 55m,HPH,0.0,7.0,16-04-2025
HPH0169,VietJet Air,2016945,21:10,01 thg 5,23:05,01 thg 5,1h 55m,HPH,0.0,7.0,17-04-2025
HPH0169,VietJet Air,2016945,21:10,01 thg 5,23:05,01 thg 5,1h 55m,HPH,0.0,7.0,18-04-2025
HPH0169,VietJet Air,2581530,21:10,01 thg 5,23:05,01 thg 5,1h 55m,HPH,0.0,7.0,19-04-2025
HPH0169,VietJet Air,2577540,21:10,01 thg 5,23:05,01 thg 5,1h 55m,HPH,0.0,7.0,20-04-2025
HPH0169,VietJet Air,2578538,21:10,01 thg 5,23:05,01 thg 5,1h 55m,HPH,0.0,7.0,21-04-2025
HPH0169,VietJet Air,2584523,21:10,01 thg 5,23:05,01 thg 5,1h 55m,HPH,0.0,7.0,22-04-2025
HPH0169,VietJet Air,2587515,21:10,01 thg 5,23:05,01 thg 5,1h 55m,HPH,0.0,7.0,23-04-2025
HPH0169,VietJet Air,2593500,21:10,01 thg 5,23:05,01 thg 5,1h 55m,HPH,0.0,7.0,24-04-2025
HPH0169,VietJet Air,2569560,21:10,01 thg 5,23:05,01 thg 5,1h 55m,HPH,0.0,7.0,26-04-2025
HPH0169,VietJet Air,2558588,21:10,01 thg 5,23:05,01 thg 5,1h 55m,HPH,0.0,7.0,27-04-2025
HPH0169,VietJet Air,2553600,21:10,01 thg 5,23:05,01 thg 5,1h 55m,HPH,0.0,7.0,28-04-2025
HPH0169,VietJet Air,3055239,21:10,01 thg 5,23:05,01 thg 5,1h 55m,HPH,0.0,7.0,29-04-2025
HPH0169,VietJet Air,3054462,21:10,01 thg 5,23:05,01 thg 5,1h 55m,HPH,0.0,7.0,30-04-2025
HPH0170,VietJet Air,3695738,21:10,02 thg 5,23:05,02 thg 5,1h 55m,HPH,0.0,7.0,01-05-2025
HPH0170,VietJet Air,1745000,21:10,02 thg 5,23:05,02 thg 5,1h 55m,HPH,0.0,7.0,07-04-2025
HPH0170,VietJet Air,1856000,21:10,02 thg 5,23:05,02 thg 5,1h 55m,HPH,0.0,7.0,12-04-2025
HPH0170,VietJet Air,1877565,21:10,02 thg 5,23:05,02 thg 5,1h 55m,HPH,0.0,7.0,13-04-2025
HPH0170,VietJet Air,1983030,21:10,02 thg 5,23:05,02 thg 5,1h 55m,HPH,0.0,7.0,14-04-2025
HPH0170,VietJet Air,1986023,21:10,02 thg 5,23:05,02 thg 5,1h 55m,HPH,0.0,7.0,15-04-2025
HPH0170,VietJet Air,2365073,21:10,02 thg 5,23:05,02 thg 5,1h 55m,HPH,0.0,7.0,17-04-2025
HPH0170,VietJet Air,2368065,21:10,02 thg 5,23:05,02 thg 5,1h 55m,HPH,0.0,7.0,18-04-2025
HPH0170,VietJet Air,3123173,21:10,02 thg 5,23:05,02 thg 5,1h 55m,HPH,0.0,7.0,19-04-2025
HPH0170,VietJet Air,3118185,21:10,02 thg 5,23:05,02 thg 5,1h 55m,HPH,0.0,7.0,20-04-2025
HPH0170,VietJet Air,3118185,21:10,02 thg 5,23:05,02 thg 5,1h 55m,HPH,0.0,7.0,21-04-2025
HPH0170,VietJet Air,3130155,21:10,02 thg 5,23:05,02 thg 5,1h 55m,HPH,0.0,7.0,22-04-2025
HPH0170,VietJet Air,3130155,21:10,02 thg 5,23:05,02 thg 5,1h 55m,HPH,0.0,7.0,23-04-2025
HPH0170,VietJet Air,3152100,21:10,02 thg 5,23:05,02 thg 5,1h 55m,HPH,0.0,7.0,24-04-2025
HPH0170,VietJet Air,3135143,21:10,02 thg 5,23:05,02 thg 5,1h 55m,HPH,0.0,7.0,25-04-2025
HPH0170,VietJet Air,3110217,21:10,02 thg 5,23:05,02 thg 5,1h 55m,HPH,0.0,7.0,26-04-2025
HPH0170,VietJet Air,3211398,21:10,02 thg 5,23:05,02 thg 5,1h 55m,HPH,0.0,7.0,27-04-2025
HPH0170,VietJet Air,3767184,21:10,02 thg 5,23:05,02 thg 5,1h 55m,HPH,0.0,7.0,28-04-2025
HPH0170,VietJet Air,3768079,21:10,02 thg 5,23:05,02 thg 5,1h 55m,HPH,0.0,7.0,29-04-2025
HPH0170,VietJet Air,3767121,21:10,02 thg 5,23:05,02 thg 5,1h 55m,HPH,0.0,7.0,30-04-2025
HPH0171,VietJet Air,3495446,21:10,03 thg 5,23:05,03 thg 5,1h 55m,HPH,0.0,7.0,01-05-2025
HPH0171,VietJet Air,3388508,21:10,03 thg 5,23:05,03 thg 5,1h 55m,HPH,0.0,7.0,02-05-2025
HPH0171,VietJet Air,2977000,21:10,03 thg 5,23:05,03 thg 5,1h 55m,HPH,0.0,7.0,07-04-2025
HPH0171,VietJet Air,3100420,21:10,03 thg 5,23:05,03 thg 5,1h 55m,HPH,0.0,7.0,13-04-2025
HPH0171,VietJet Air,3379944,21:10,03 thg 5,23:05,03 thg 5,1h 55m,HPH,0.0,7.0,14-04-2025
HPH0171,VietJet Air,3091253,21:10,03 thg 5,23:05,03 thg 5,1h 55m,HPH,0.0,7.0,15-04-2025
HPH0171,VietJet Air,3111203,21:10,03 thg 5,23:05,03 thg 5,1h 55m,HPH,0.0,7.0,16-04-2025
HPH0171,VietJet Air,2977538,21:10,03 thg 5,23:05,03 thg 5,1h 55m,HPH,0.0,7.0,17-04-2025
HPH0171,VietJet Air,2980530,21:10,03 thg 5,23:05,03 thg 5,1h 55m,HPH,0.0,7.0,18-04-2025
HPH0171,VietJet Air,2982525,21:10,03 thg 5,23:05,03 thg 5,1h 55m,HPH,0.0,7.0,19-04-2025
HPH0171,VietJet Air,2977538,21:10,03 thg 5,23:05,03 thg 5,1h 55m,HPH,0.0,7.0,20-04-2025
HPH0171,VietJet Air,2977538,21:10,03 thg 5,23:05,03 thg 5,1h 55m,HPH,0.0,7.0,21-04-2025
HPH0171,VietJet Air,2990505,21:10,03 thg 5,23:05,03 thg 5,1h 55m,HPH,0.0,7.0,22-04-2025
HPH0171,VietJet Air,2988510,21:10,03 thg 5,23:05,03 thg 5,1h 55m,HPH,0.0,7.0,23-04-2025
HPH0171,VietJet Air,3137138,21:10,03 thg 5,23:05,03 thg 5,1h 55m,HPH,0.0,7.0,24-04-2025
HPH0171,VietJet Air,3137138,21:10,03 thg 5,23:05,03 thg 5,1h 55m,HPH,0.0,7.0,25-04-2025
HPH0171,VietJet Air,3110217,21:10,03 thg 5,23:05,03 thg 5,1h 55m,HPH,0.0,7.0,26-04-2025
HPH0171,VietJet Air,3211398,21:10,03 thg 5,23:05,03 thg 5,1h 55m,HPH,0.0,7.0,27-04-2025
HPH0171,VietJet Air,3212884,21:10,03 thg 5,23:05,03 thg 5,1h 55m,HPH,0.0,7.0,28-04-2025
HPH0171,VietJet Air,3213647,21:10,03 thg 5,23:05,03 thg 5,1h 55m,HPH,0.0,7.0,29-04-2025
HPH0171,VietJet Air,3495632,21:10,03 thg 5,23:05,03 thg 5,1h 55m,HPH,0.0,7.0,30-04-2025
HPH0172,VietJet Air,3495446,21:10,04 thg 5,23:05,04 thg 5,1h 55m,HPH,0.0,7.0,01-05-2025
HPH0172,VietJet Air,3496930,21:10,04 thg 5,23:05,04 thg 5,1h 55m,HPH,0.0,7.0,02-05-2025
HPH0172,VietJet Air,2794000,21:10,04 thg 5,23:05,04 thg 5,1h 55m,HPH,0.0,7.0,07-04-2025
HPH0172,VietJet Air,3087263,21:10,04 thg 5,23:05,04 thg 5,1h 55m,HPH,0.0,7.0,14-04-2025
HPH0172,VietJet Air,3098235,21:10,04 thg 5,23:05,04 thg 5,1h 55m,HPH,0.0,7.0,15-04-2025
HPH0172,VietJet Air,3111203,21:10,04 thg 5,23:05,04 thg 5,1h 55m,HPH,0.0,7.0,16-04-2025
HPH0172,VietJet Air,3116190,21:10,04 thg 5,23:05,04 thg 5,1h 55m,HPH,0.0,7.0,17-04-2025
HPH0172,VietJet Air,3126165,21:10,04 thg 5,23:05,04 thg 5,1h 55m,HPH,0.0,7.0,18-04-2025
HPH0172,VietJet Air,3123173,21:10,04 thg 5,23:05,04 thg 5,1h 55m,HPH,0.0,7.0,19-04-2025
HPH0172,VietJet Air,3118185,21:10,04 thg 5,23:05,04 thg 5,1h 55m,HPH,0.0,7.0,20-04-2025
HPH0172,VietJet Air,3118185,21:10,04 thg 5,23:05,04 thg 5,1h 55m,HPH,0.0,7.0,21-04-2025
HPH0172,VietJet Air,3130155,21:10,04 thg 5,23:05,04 thg 5,1h 55m,HPH,0.0,7.0,22-04-2025
HPH0172,VietJet Air,3135143,21:10,04 thg 5,23:05,04 thg 5,1h 55m,HPH,0.0,7.0,23-04-2025
HPH0172,VietJet Air,3137138,21:10,04 thg 5,23:05,04 thg 5,1h 55m,HPH,0.0,7.0,24-04-2025
HPH0172,VietJet Air,3135143,21:10,04 thg 5,23:05,04 thg 5,1h 55m,HPH,0.0,7.0,25-04-2025
HPH0172,VietJet Air,3118185,21:10,04 thg 5,23:05,04 thg 5,1h 55m,HPH,0.0,7.0,26-04-2025
HPH0172,VietJet Air,3383986,21:10,04 thg 5,23:05,04 thg 5,1h 55m,HPH,0.0,7.0,27-04-2025
HPH0172,VietJet Air,3383986,21:10,04 thg 5,23:05,04 thg 5,1h 55m,HPH,0.0,7.0,28-04-2025
HPH0172,VietJet Air,3496520,21:10,04 thg 5,23:05,04 thg 5,1h 55m,HPH,0.0,7.0,29-04-2025
HPH0172,VietJet Air,3495632,21:10,04 thg 5,23:05,04 thg 5,1h 55m,HPH,0.0,7.0,30-04-2025
HPH0173,VietJet Air,2070204,21:10,05 thg 5,23:05,05 thg 5,1h 55m,HPH,0.0,7.0,01-05-2025
HPH0173,VietJet Air,2071083,21:10,05 thg 5,23:05,05 thg 5,1h 55m,HPH,0.0,7.0,02-05-2025
HPH0173,VietJet Air,2179538,21:10,05 thg 5,23:05,05 thg 5,1h 55m,HPH,0.0,7.0,03-05-2025
HPH0173,VietJet Air,1599000,21:10,05 thg 5,23:05,05 thg 5,1h 55m,HPH,0.0,7.0,07-04-2025
HPH0173,VietJet Air,1696748,21:10,05 thg 5,23:05,05 thg 5,1h 55m,HPH,0.0,7.0,15-04-2025
HPH0173,VietJet Air,1737645,21:10,05 thg 5,23:05,05 thg 5,1h 55m,HPH,0.0,7.0,16-04-2025
HPH0173,VietJet Air,1724678,21:10,05 thg 5,23:05,05 thg 5,1h 55m,HPH,0.0,7.0,17-04-2025
HPH0173,VietJet Air,1724678,21:10,05 thg 5,23:05,05 thg 5,1h 55m,HPH,0.0,7.0,18-04-2025
HPH0173,VietJet Air,1748618,21:10,05 thg 5,23:05,05 thg 5,1h 55m,HPH,0.0,7.0,19-04-2025
HPH0173,VietJet Air,1742633,21:10,05 thg 5,23:05,05 thg 5,1h 55m,HPH,0.0,7.0,20-04-2025
HPH0173,VietJet Air,1741635,21:10,05 thg 5,23:05,05 thg 5,1h 55m,HPH,0.0,7.0,21-04-2025
HPH0173,VietJet Air,1740638,21:10,05 thg 5,23:05,05 thg 5,1h 55m,HPH,0.0,7.0,22-04-2025
HPH0173,VietJet Air,1756598,21:10,05 thg 5,23:05,05 thg 5,1h 55m,HPH,0.0,7.0,23-04-2025
HPH0173,VietJet Air,1758593,21:10,05 thg 5,23:05,05 thg 5,1h 55m,HPH,0.0,7.0,24-04-2025
HPH0173,VietJet Air,1745625,21:10,05 thg 5,23:05,05 thg 5,1h 55m,HPH,0.0,7.0,25-04-2025
HPH0173,VietJet Air,1847370,21:10,05 thg 5,23:05,05 thg 5,1h 55m,HPH,0.0,7.0,26-04-2025
HPH0173,VietJet Air,1838393,21:10,05 thg 5,23:05,05 thg 5,1h 55m,HPH,0.0,7.0,27-04-2025
HPH0173,VietJet Air,1834403,21:10,05 thg 5,23:05,05 thg 5,1h 55m,HPH,0.0,7.0,28-04-2025
HPH0173,VietJet Air,1889802,21:10,05 thg 5,23:05,05 thg 5,1h 55m,HPH,0.0,7.0,29-04-2025
HPH0173,VietJet Air,2070314,21:10,05 thg 5,23:05,05 thg 5,1h 55m,HPH,0.0,7.0,30-04-2025
HPH0174,VietJet Air,1617745,21:10,06 thg 5,23:05,06 thg 5,1h 55m,HPH,0.0,7.0,01-05-2025
HPH0174,VietJet Air,1708718,21:10,06 thg 5,23:05,06 thg 5,1h 55m,HPH,0.0,7.0,02-05-2025
HPH0174,VietJet Air,1721685,21:10,06 thg 5,23:05,06 thg 5,1h 55m,HPH,0.0,7.0,03-05-2025
HPH0174,VietJet Air,1829415,21:10,06 thg 5,23:05,06 thg 5,1h 55m,HPH,0.0,7.0,04-05-2025
HPH0174,VietJet Air,1730000,21:10,06 thg 5,23:05,06 thg 5,1h 55m,HPH,0.0,7.0,07-04-2025
HPH0174,VietJet Air,1736648,21:10,06 thg 5,23:05,06 thg 5,1h 55m,HPH,0.0,7.0,16-04-2025
HPH0174,VietJet Air,1722683,21:10,06 thg 5,23:05,06 thg 5,1h 55m,HPH,0.0,7.0,17-04-2025
HPH0174,VietJet Air,1724678,21:10,06 thg 5,23:05,06 thg 5,1h 55m,HPH,0.0,7.0,18-04-2025
HPH0174,VietJet Air,1748618,21:10,06 thg 5,23:05,06 thg 5,1h 55m,HPH,0.0,7.0,19-04-2025
HPH0174,VietJet Air,1742633,21:10,06 thg 5,23:05,06 thg 5,1h 55m,HPH,0.0,7.0,20-04-2025
HPH0174,VietJet Air,1741635,21:10,06 thg 5,23:05,06 thg 5,1h 55m,HPH,0.0,7.0,21-04-2025
HPH0174,VietJet Air,1753605,21:10,06 thg 5,23:05,06 thg 5,1h 55m,HPH,0.0,7.0,22-04-2025
HPH0174,VietJet Air,1746623,21:10,06 thg 5,23:05,06 thg 5,1h 55m,HPH,0.0,7.0,23-04-2025
HPH0174,VietJet Air,1758593,21:10,06 thg 5,23:05,06 thg 5,1h 55m,HPH,0.0,7.0,24-04-2025
HPH0174,VietJet Air,1745625,21:10,06 thg 5,23:05,06 thg 5,1h 55m,HPH,0.0,7.0,25-04-2025
HPH0174,VietJet Air,1730663,21:10,06 thg 5,23:05,06 thg 5,1h 55m,HPH,0.0,7.0,26-04-2025
HPH0174,VietJet Air,1723680,21:10,06 thg 5,23:05,06 thg 5,1h 55m,HPH,0.0,7.0,27-04-2025
HPH0174,VietJet Air,1385528,21:10,06 thg 5,23:05,06 thg 5,1h 55m,HPH,0.0,7.0,28-04-2025
HPH0174,VietJet Air,1380540,21:10,06 thg 5,23:05,06 thg 5,1h 55m,HPH,0.0,7.0,29-04-2025
HPH0174,VietJet Air,1617832,21:10,06 thg 5,23:05,06 thg 5,1h 55m,HPH,0.0,7.0,30-04-2025
HPH0175,VietJet Air,1363583,21:10,07 thg 5,23:05,07 thg 5,1h 55m,HPH,0.0,7.0,01-05-2025
HPH0175,VietJet Air,1366575,21:10,07 thg 5,23:05,07 thg 5,1h 55m,HPH,0.0,7.0,02-05-2025
HPH0175,VietJet Air,1575053,21:10,07 thg 5,23:05,07 thg 5,1h 55m,HPH,0.0,7.0,03-05-2025
HPH0175,VietJet Air,1570065,21:10,07 thg 5,23:05,07 thg 5,1h 55m,HPH,0.0,7.0,04-05-2025
HPH0175,VietJet Air,1618425,21:10,07 thg 5,23:05,07 thg 5,1h 55m,HPH,0.0,7.0,05-05-2025
HPH0175,VietJet Air,1617703,21:10,07 thg 5,23:05,07 thg 5,1h 55m,HPH,0.0,7.0,06-05-2025
HPH0175,VietJet Air,1741000,21:10,07 thg 5,23:05,07 thg 5,1h 55m,HPH,0.0,7.0,07-04-2025
HPH0175,VietJet Air,1722683,21:10,07 thg 5,23:05,07 thg 5,1h 55m,HPH,0.0,7.0,17-04-2025
HPH0175,VietJet Air,1724678,21:10,07 thg 5,23:05,07 thg 5,1h 55m,HPH,0.0,7.0,18-04-2025
HPH0175,VietJet Air,1748618,21:10,07 thg 5,23:05,07 thg 5,1h 55m,HPH,0.0,7.0,19-04-2025
HPH0175,VietJet Air,1742633,21:10,07 thg 5,23:05,07 thg 5,1h 55m,HPH,0.0,7.0,20-04-2025
HPH0175,VietJet Air,1741635,21:10,07 thg 5,23:05,07 thg 5,1h 55m,HPH,0.0,7.0,21-04-2025
HPH0175,VietJet Air,1740638,21:10,07 thg 5,23:05,07 thg 5,1h 55m,HPH,0.0,7.0,22-04-2025
HPH0175,VietJet Air,1747620,21:10,07 thg 5,23:05,07 thg 5,1h 55m,HPH,0.0,7.0,23-04-2025
HPH0175,VietJet Air,1754603,21:10,07 thg 5,23:05,07 thg 5,1h 55m,HPH,0.0,7.0,24-04-2025
HPH0175,VietJet Air,1745625,21:10,07 thg 5,23:05,07 thg 5,1h 55m,HPH,0.0,7.0,25-04-2025
HPH0175,VietJet Air,1731660,21:10,07 thg 5,23:05,07 thg 5,1h 55m,HPH,0.0,7.0,26-04-2025
HPH0175,VietJet Air,1723680,21:10,07 thg 5,23:05,07 thg 5,1h 55m,HPH,0.0,7.0,27-04-2025
HPH0175,VietJet Air,1389518,21:10,07 thg 5,23:05,07 thg 5,1h 55m,HPH,0.0,7.0,28-04-2025
HPH0175,VietJet Air,1380540,21:10,07 thg 5,23:05,07 thg 5,1h 55m,HPH,0.0,7.0,29-04-2025
HPH0175,VietJet Air,1363583,21:10,07 thg 5,23:05,07 thg 5,1h 55m,HPH,0.0,7.0,30-04-2025
HPH0176,VietJet Air,1363583,21:10,08 thg 5,23:05,08 thg 5,1h 55m,HPH,0.0,7.0,01-05-2025
HPH0176,VietJet Air,1366575,21:10,08 thg 5,23:05,08 thg 5,1h 55m,HPH,0.0,7.0,02-05-2025
HPH0176,VietJet Air,1618433,21:10,08 thg 5,23:05,08 thg 5,1h 55m,HPH,0.0,7.0,03-05-2025
HPH0176,VietJet Air,1570065,21:10,08 thg 5,23:05,08 thg 5,1h 55m,HPH,0.0,7.0,04-05-2025
HPH0176,VietJet Air,1618425,21:10,08 thg 5,23:05,08 thg 5,1h 55m,HPH,0.0,7.0,05-05-2025
HPH0176,VietJet Air,1617703,21:10,08 thg 5,23:05,08 thg 5,1h 55m,HPH,0.0,7.0,06-05-2025
HPH0176,VietJet Air,1739000,21:10,08 thg 5,23:05,08 thg 5,1h 55m,HPH,0.0,7.0,07-04-2025
HPH0176,VietJet Air,1724678,21:10,08 thg 5,23:05,08 thg 5,1h 55m,HPH,0.0,7.0,18-04-2025
HPH0176,VietJet Air,1748618,21:10,08 thg 5,23:05,08 thg 5,1h 55m,HPH,0.0,7.0,19-04-2025
HPH0176,VietJet Air,1742633,21:10,08 thg 5,23:05,08 thg 5,1h 55m,HPH,0.0,7.0,20-04-2025
HPH0176,VietJet Air,1741635,21:10,08 thg 5,23:05,08 thg 5,1h 55m,HPH,0.0,7.0,21-04-2025
HPH0176,VietJet Air,1753605,21:10,08 thg 5,23:05,08 thg 5,1h 55m,HPH,0.0,7.0,22-04-2025
HPH0176,VietJet Air,1746623,21:10,08 thg 5,23:05,08 thg 5,1h 55m,HPH,0.0,7.0,23-04-2025
HPH0176,VietJet Air,1758593,21:10,08 thg 5,23:05,08 thg 5,1h 55m,HPH,0.0,7.0,24-04-2025
HPH0176,VietJet Air,1745625,21:10,08 thg 5,23:05,08 thg 5,1h 55m,HPH,0.0,7.0,25-04-2025
HPH0176,VietJet Air,1730663,21:10,08 thg 5,23:05,08 thg 5,1h 55m,HPH,0.0,7.0,26-04-2025
HPH0176,VietJet Air,1723680,21:10,08 thg 5,23:05,08 thg 5,1h 55m,HPH,0.0,7.0,27-04-2025
HPH0176,VietJet Air,1385528,21:10,08 thg 5,23:05,08 thg 5,1h 55m,HPH,0.0,7.0,28-04-2025
HPH0176,VietJet Air,1380540,21:10,08 thg 5,23:05,08 thg 5,1h 55m,HPH,0.0,7.0,29-04-2025
HPH0176,VietJet Air,1363583,21:10,08 thg 5,23:05,08 thg 5,1h 55m,HPH,0.0,7.0,30-04-2025
HPH0177,VietJet Air,1704728,21:10,09 thg 5,23:05,09 thg 5,1h 55m,HPH,0.0,7.0,01-05-2025
HPH0177,VietJet Air,1708718,21:10,09 thg 5,23:05,09 thg 5,1h 55m,HPH,0.0,7.0,02-05-2025
HPH0177,VietJet Air,1721685,21:10,09 thg 5,23:05,09 thg 5,1h 55m,HPH,0.0,7.0,03-05-2025
HPH0177,VietJet Air,1712708,21:10,09 thg 5,23:05,09 thg 5,1h 55m,HPH,0.0,7.0,04-05-2025
HPH0177,VietJet Air,1697745,21:10,09 thg 5,23:05,09 thg 5,1h 55m,HPH,0.0,7.0,05-05-2025
HPH0177,VietJet Air,1391480,21:10,09 thg 5,23:05,09 thg 5,1h 55m,HPH,0.0,7.0,06-05-2025
HPH0177,VietJet Air,1740000,21:10,09 thg 5,23:05,09 thg 5,1h 55m,HPH,0.0,7.0,07-04-2025
HPH0177,VietJet Air,1612455,21:10,09 thg 5,23:05,09 thg 5,1h 55m,HPH,0.0,7.0,07-05-2025
HPH0177,VietJet Air,1748618,21:10,09 thg 5,23:05,09 thg 5,1h 55m,HPH,0.0,7.0,19-04-2025
HPH0177,VietJet Air,1742633,21:10,09 thg 5,23:05,09 thg 5,1h 55m,HPH,0.0,7.0,20-04-2025
HPH0177,VietJet Air,1741635,21:10,09 thg 5,23:05,09 thg 5,1h 55m,HPH,0.0,7.0,21-04-2025
HPH0177,VietJet Air,1753605,21:10,09 thg 5,23:05,09 thg 5,1h 55m,HPH,0.0,7.0,22-04-2025
HPH0177,VietJet Air,1746623,21:10,09 thg 5,23:05,09 thg 5,1h 55m,HPH,0.0,7.0,23-04-2025
HPH0177,VietJet Air,1757595,21:10,09 thg 5,23:05,09 thg 5,1h 55m,HPH,0.0,7.0,24-04-2025
HPH0177,VietJet Air,1745625,21:10,09 thg 5,23:05,09 thg 5,1h 55m,HPH,0.0,7.0,25-04-2025
HPH0177,VietJet Air,1731660,21:10,09 thg 5,23:05,09 thg 5,1h 55m,HPH,0.0,7.0,26-04-2025
HPH0177,VietJet Air,1723680,21:10,09 thg 5,23:05,09 thg 5,1h 55m,HPH,0.0,7.0,27-04-2025
HPH0177,VietJet Air,1719690,21:10,09 thg 5,23:05,09 thg 5,1h 55m,HPH,0.0,7.0,28-04-2025
HPH0177,VietJet Air,1707720,21:10,09 thg 5,23:05,09 thg 5,1h 55m,HPH,0.0,7.0,29-04-2025
HPH0177,VietJet Air,1705725,21:10,09 thg 5,23:05,09 thg 5,1h 55m,HPH,0.0,7.0,30-04-2025
HPH0178,VietJet Air,1617745,21:10,10 thg 5,23:05,10 thg 5,1h 55m,HPH,0.0,7.0,01-05-2025
HPH0178,VietJet Air,1566161,21:10,10 thg 5,23:05,10 thg 5,1h 55m,HPH,0.0,7.0,02-05-2025
HPH0178,VietJet Air,1575053,21:10,10 thg 5,23:05,10 thg 5,1h 55m,HPH,0.0,7.0,03-05-2025
HPH0178,VietJet Air,1830413,21:10,10 thg 5,23:05,10 thg 5,1h 55m,HPH,0.0,7.0,04-05-2025
HPH0178,VietJet Air,1618425,21:10,10 thg 5,23:05,10 thg 5,1h 55m,HPH,0.0,7.0,05-05-2025
HPH0178,VietJet Air,1697569,21:10,10 thg 5,23:05,10 thg 5,1h 55m,HPH,0.0,7.0,06-05-2025
HPH0178,VietJet Air,1745000,21:10,10 thg 5,23:05,10 thg 5,1h 55m,HPH,0.0,7.0,07-04-2025
HPH0178,VietJet Air,1693755,21:10,10 thg 5,23:05,10 thg 5,1h 55m,HPH,0.0,7.0,07-05-2025
HPH0178,VietJet Air,1692500,21:10,10 thg 5,23:05,10 thg 5,1h 55m,HPH,0.0,7.0,08-05-2025
HPH0178,VietJet Air,1880288,21:10,10 thg 5,23:05,10 thg 5,1h 55m,HPH,0.0,7.0,09-05-2025
HPH0178,VietJet Air,1742633,21:10,10 thg 5,23:05,10 thg 5,1h 55m,HPH,0.0,7.0,20-04-2025
HPH0178,VietJet Air,1741635,21:10,10 thg 5,23:05,10 thg 5,1h 55m,HPH,0.0,7.0,21-04-2025
HPH0178,VietJet Air,1753605,21:10,10 thg 5,23:05,10 thg 5,1h 55m,HPH,0.0,7.0,22-04-2025
HPH0178,VietJet Air,1756598,21:10,10 thg 5,23:05,10 thg 5,1h 55m,HPH,0.0,7.0,23-04-2025
HPH0178,VietJet Air,1758593,21:10,10 thg 5,23:05,10 thg 5,1h 55m,HPH,0.0,7.0,24-04-2025
HPH0178,VietJet Air,1754603,21:10,10 thg 5,23:05,10 thg 5,1h 55m,HPH,0.0,7.0,25-04-2025
HPH0178,VietJet Air,1731660,21:10,10 thg 5,23:05,10 thg 5,1h 55m,HPH,0.0,7.0,26-04-2025
HPH0178,VietJet Air,1723680,21:10,10 thg 5,23:05,10 thg 5,1h 55m,HPH,0.0,7.0,27-04-2025
HPH0178,VietJet Air,1389518,21:10,10 thg 5,23:05,10 thg 5,1h 55m,HPH,0.0,7.0,28-04-2025
HPH0178,VietJet Air,1618243,21:10,10 thg 5,23:05,10 thg 5,1h 55m,HPH,0.0,7.0,29-04-2025
HPH0178,VietJet Air,1617832,21:10,10 thg 5,23:05,10 thg 5,1h 55m,HPH,0.0,7.0,30-04-2025
HPH0179,VietJet Air,1359593,21:10,11 thg 5,23:05,11 thg 5,1h 55m,HPH,0.0,7.0,01-05-2025
HPH0179,VietJet Air,1366575,21:10,11 thg 5,23:05,11 thg 5,1h 55m,HPH,0.0,7.0,02-05-2025
HPH0179,VietJet Air,1575053,21:10,11 thg 5,23:05,11 thg 5,1h 55m,HPH,0.0,7.0,03-05-2025
HPH0179,VietJet Air,1570065,21:10,11 thg 5,23:05,11 thg 5,1h 55m,HPH,0.0,7.0,04-05-2025
HPH0179,VietJet Air,1697745,21:10,11 thg 5,23:05,11 thg 5,1h 55m,HPH,0.0,7.0,05-05-2025
HPH0179,VietJet Air,1617703,21:10,11 thg 5,23:05,11 thg 5,1h 55m,HPH,0.0,7.0,06-05-2025
HPH0179,VietJet Air,1745000,21:10,11 thg 5,23:05,11 thg 5,1h 55m,HPH,0.0,7.0,07-04-2025
HPH0179,VietJet Air,1612455,21:10,11 thg 5,23:05,11 thg 5,1h 55m,HPH,0.0,7.0,07-05-2025
HPH0179,VietJet Air,1692500,21:10,11 thg 5,23:05,11 thg 5,1h 55m,HPH,0.0,7.0,08-05-2025
HPH0179,VietJet Air,1707720,21:10,11 thg 5,23:05,11 thg 5,1h 55m,HPH,0.0,7.0,09-05-2025
HPH0179,VietJet Air,1741635,21:10,11 thg 5,23:05,11 thg 5,1h 55m,HPH,0.0,7.0,21-04-2025
HPH0179,VietJet Air,1753605,21:10,11 thg 5,23:05,11 thg 5,1h 55m,HPH,0.0,7.0,22-04-2025
HPH0179,VietJet Air,1746623,21:10,11 thg 5,23:05,11 thg 5,1h 55m,HPH,0.0,7.0,23-04-2025
HPH0179,VietJet Air,1758593,21:10,11 thg 5,23:05,11 thg 5,1h 55m,HPH,0.0,7.0,24-04-2025
HPH0179,VietJet Air,1731660,21:10,11 thg 5,23:05,11 thg 5,1h 55m,HPH,0.0,7.0,26-04-2025
HPH0179,VietJet Air,1723680,21:10,11 thg 5,23:05,11 thg 5,1h 55m,HPH,0.0,7.0,27-04-2025
HPH0179,VietJet Air,1363583,21:10,11 thg 5,23:05,11 thg 5,1h 55m,HPH,0.0,7.0,30-04-2025
HPH0180,VietJet Air,1734285,21:10,21 thg 4,23:05,21 thg 4,1h 55m,HPH,0.0,7.0,07-04-2025
HPH0180,VietJet Air,1390015,21:10,21 thg 4,23:05,21 thg 4,1h 55m,HPH,0.0,7.0,08-04-2025
HPH0180,VietJet Air,1402000,21:10,21 thg 4,23:05,21 thg 4,1h 55m,HPH,0.0,7.0,09-04-2025
HPH0180,VietJet Air,1383065,21:10,21 thg 4,23:05,21 thg 4,1h 55m,HPH,0.0,7.0,10-04-2025
HPH0180,VietJet Air,1573669,21:10,21 thg 4,23:05,21 thg 4,1h 55m,HPH,0.0,7.0,11-04-2025
HPH0180,VietJet Air,1603000,21:10,21 thg 4,23:05,21 thg 4,1h 55m,HPH,0.0,7.0,12-04-2025
HPH0180,VietJet Air,1594985,21:10,21 thg 4,23:05,21 thg 4,1h 55m,HPH,0.0,7.0,13-04-2025
HPH0180,VietJet Air,1545128,21:10,21 thg 4,23:05,21 thg 4,1h 55m,HPH,0.0,7.0,14-04-2025
HPH0180,VietJet Air,1696748,21:10,21 thg 4,23:05,21 thg 4,1h 55m,HPH,0.0,7.0,15-04-2025
HPH0180,VietJet Air,1722683,21:10,21 thg 4,23:05,21 thg 4,1h 55m,HPH,0.0,7.0,17-04-2025
HPH0180,VietJet Air,1724678,21:10,21 thg 4,23:05,21 thg 4,1h 55m,HPH,0.0,7.0,18-04-2025
HPH0180,VietJet Air,1751610,21:10,21 thg 4,23:05,21 thg 4,1h 55m,HPH,0.0,7.0,19-04-2025
HPH0181,VietJet Air,1720355,21:10,22 thg 4,23:05,22 thg 4,1h 55m,HPH,0.0,7.0,07-04-2025
HPH0181,VietJet Air,1738265,21:10,22 thg 4,23:05,22 thg 4,1h 55m,HPH,0.0,7.0,08-04-2025
HPH0181,VietJet Air,1749000,21:10,22 thg 4,23:05,22 thg 4,1h 55m,HPH,0.0,7.0,09-04-2025
HPH0181,VietJet Air,1720664,21:10,22 thg 4,23:05,22 thg 4,1h 55m,HPH,0.0,7.0,10-04-2025
HPH0181,VietJet Air,1746000,21:10,22 thg 4,23:05,22 thg 4,1h 55m,HPH,0.0,7.0,11-04-2025
HPH0181,VietJet Air,1734000,21:10,22 thg 4,23:05,22 thg 4,1h 55m,HPH,0.0,7.0,12-04-2025
HPH0181,VietJet Air,1738265,21:10,22 thg 4,23:05,22 thg 4,1h 55m,HPH,0.0,7.0,13-04-2025
HPH0181,VietJet Air,1691760,21:10,22 thg 4,23:05,22 thg 4,1h 55m,HPH,0.0,7.0,14-04-2025
HPH0181,VietJet Air,1697745,21:10,22 thg 4,23:05,22 thg 4,1h 55m,HPH,0.0,7.0,15-04-2025
HPH0181,VietJet Air,1739640,21:10,22 thg 4,23:05,22 thg 4,1h 55m,HPH,0.0,7.0,16-04-2025
HPH0181,VietJet Air,1577048,21:10,22 thg 4,23:05,22 thg 4,1h 55m,HPH,0.0,7.0,17-04-2025
HPH0181,VietJet Air,1578045,21:10,22 thg 4,23:05,22 thg 4,1h 55m,HPH,0.0,7.0,18-04-2025
HPH0181,VietJet Air,1609965,21:10,22 thg 4,23:05,22 thg 4,1h 55m,HPH,0.0,7.0,19-04-2025
HPH0181,VietJet Air,1742633,21:10,22 thg 4,23:05,22 thg 4,1h 55m,HPH,0.0,7.0,20-04-2025
HPH0181,VietJet Air,1742633,21:10,22 thg 4,23:05,22 thg 4,1h 55m,HPH,0.0,7.0,21-04-2025
HPH0182,VietJet Air,1591005,21:10,23 thg 4,23:05,23 thg 4,1h 55m,HPH,0.0,7.0,07-04-2025
HPH0182,VietJet Air,1595980,21:10,23 thg 4,23:05,23 thg 4,1h 55m,HPH,0.0,7.0,08-04-2025
HPH0182,VietJet Air,1603000,21:10,23 thg 4,23:05,23 thg 4,1h 55m,HPH,0.0,7.0,09-04-2025
HPH0182,VietJet Air,1578100,21:10,23 thg 4,23:05,23 thg 4,1h 55m,HPH,0.0,7.0,10-04-2025
HPH0182,VietJet Air,1599000,21:10,23 thg 4,23:05,23 thg 4,1h 55m,HPH,0.0,7.0,11-04-2025
HPH0182,VietJet Air,1601000,21:10,23 thg 4,23:05,23 thg 4,1h 55m,HPH,0.0,7.0,12-04-2025
HPH0182,VietJet Air,1738265,21:10,23 thg 4,23:05,23 thg 4,1h 55m,HPH,0.0,7.0,13-04-2025
HPH0182,VietJet Air,1691760,21:10,23 thg 4,23:05,23 thg 4,1h 55m,HPH,0.0,7.0,14-04-2025
HPH0182,VietJet Air,1697745,21:10,23 thg 4,23:05,23 thg 4,1h 55m,HPH,0.0,7.0,15-04-2025
HPH0182,VietJet Air,1741635,21:10,23 thg 4,23:05,23 thg 4,1h 55m,HPH,0.0,7.0,16-04-2025
HPH0182,VietJet Air,1722683,21:10,23 thg 4,23:05,23 thg 4,1h 55m,HPH,0.0,7.0,17-04-2025
HPH0182,VietJet Air,1724678,21:10,23 thg 4,23:05,23 thg 4,1h 55m,HPH,0.0,7.0,18-04-2025
HPH0182,VietJet Air,1751610,21:10,23 thg 4,23:05,23 thg 4,1h 55m,HPH,0.0,7.0,19-04-2025
HPH0182,VietJet Air,1742633,21:10,23 thg 4,23:05,23 thg 4,1h 55m,HPH,0.0,7.0,20-04-2025
HPH0182,VietJet Air,1742633,21:10,23 thg 4,23:05,23 thg 4,1h 55m,HPH,0.0,7.0,21-04-2025
HPH0183,VietJet Air,1730305,21:10,24 thg 4,23:05,24 thg 4,1h 55m,HPH,0.0,7.0,07-04-2025
HPH0183,VietJet Air,1738265,21:10,24 thg 4,23:05,24 thg 4,1h 55m,HPH,0.0,7.0,08-04-2025
HPH0183,VietJet Air,1749000,21:10,24 thg 4,23:05,24 thg 4,1h 55m,HPH,0.0,7.0,09-04-2025
HPH0183,VietJet Air,1720664,21:10,24 thg 4,23:05,24 thg 4,1h 55m,HPH,0.0,7.0,10-04-2025
HPH0183,VietJet Air,1746000,21:10,24 thg 4,23:05,24 thg 4,1h 55m,HPH,0.0,7.0,11-04-2025
HPH0183,VietJet Air,1734000,21:10,24 thg 4,23:05,24 thg 4,1h 55m,HPH,0.0,7.0,12-04-2025
HPH0183,VietJet Air,1727320,21:10,24 thg 4,23:05,24 thg 4,1h 55m,HPH,0.0,7.0,13-04-2025
HPH0183,VietJet Air,1690763,21:10,24 thg 4,23:05,24 thg 4,1h 55m,HPH,0.0,7.0,14-04-2025
HPH0183,VietJet Air,1696748,21:10,24 thg 4,23:05,24 thg 4,1h 55m,HPH,0.0,7.0,15-04-2025
HPH0183,VietJet Air,1577048,21:10,24 thg 4,23:05,24 thg 4,1h 55m,HPH,0.0,7.0,17-04-2025
HPH0183,VietJet Air,1578045,21:10,24 thg 4,23:05,24 thg 4,1h 55m,HPH,0.0,7.0,18-04-2025
HPH0183,VietJet Air,1609965,21:10,24 thg 4,23:05,24 thg 4,1h 55m,HPH,0.0,7.0,19-04-2025
HPH0183,VietJet Air,1597995,21:10,24 thg 4,23:05,24 thg 4,1h 55m,HPH,0.0,7.0,20-04-2025
HPH0183,VietJet Air,1731660,21:10,24 thg 4,23:05,24 thg 4,1h 55m,HPH,0.0,7.0,21-04-2025
HPH0183,VietJet Air,1753605,21:10,24 thg 4,23:05,24 thg 4,1h 55m,HPH,0.0,7.0,22-04-2025
HPH0183,VietJet Air,3779528,21:10,24 thg 4,23:05,24 thg 4,1h 55m,HPH,0.0,7.0,23-04-2025
HPH0184,VietJet Air,1734285,21:10,25 thg 4,23:05,25 thg 4,1h 55m,HPH,0.0,7.0,07-04-2025
HPH0184,VietJet Air,1739260,21:10,25 thg 4,23:05,25 thg 4,1h 55m,HPH,0.0,7.0,08-04-2025
HPH0184,VietJet Air,1749000,21:10,25 thg 4,23:05,25 thg 4,1h 55m,HPH,0.0,7.0,09-04-2025
HPH0184,VietJet Air,1721654,21:10,25 thg 4,23:05,25 thg 4,1h 55m,HPH,0.0,7.0,10-04-2025
HPH0184,VietJet Air,1732000,21:10,25 thg 4,23:05,25 thg 4,1h 55m,HPH,0.0,7.0,11-04-2025
HPH0184,VietJet Air,1734000,21:10,25 thg 4,23:05,25 thg 4,1h 55m,HPH,0.0,7.0,12-04-2025
HPH0184,VietJet Air,1738265,21:10,25 thg 4,23:05,25 thg 4,1h 55m,HPH,0.0,7.0,13-04-2025
HPH0184,VietJet Air,1691760,21:10,25 thg 4,23:05,25 thg 4,1h 55m,HPH,0.0,7.0,14-04-2025
HPH0184,VietJet Air,1698743,21:10,25 thg 4,23:05,25 thg 4,1h 55m,HPH,0.0,7.0,15-04-2025
HPH0184,VietJet Air,1741635,21:10,25 thg 4,23:05,25 thg 4,1h 55m,HPH,0.0,7.0,16-04-2025
HPH0184,VietJet Air,1722683,21:10,25 thg 4,23:05,25 thg 4,1h 55m,HPH,0.0,7.0,17-04-2025
HPH0184,VietJet Air,1726673,21:10,25 thg 4,23:05,25 thg 4,1h 55m,HPH,0.0,7.0,18-04-2025
HPH0184,VietJet Air,1751610,21:10,25 thg 4,23:05,25 thg 4,1h 55m,HPH,0.0,7.0,19-04-2025
HPH0184,VietJet Air,1742633,21:10,25 thg 4,23:05,25 thg 4,1h 55m,HPH,0.0,7.0,20-04-2025
HPH0184,VietJet Air,1742633,21:10,25 thg 4,23:05,25 thg 4,1h 55m,HPH,0.0,7.0,21-04-2025
HPH0184,VietJet Air,1847051,21:10,25 thg 4,23:05,25 thg 4,1h 55m,HPH,0.0,7.0,22-04-2025
HPH0184,VietJet Air,1870313,21:10,25 thg 4,23:05,25 thg 4,1h 55m,HPH,0.0,7.0,23-04-2025
HPH0184,VietJet Air,1762583,21:10,25 thg 4,23:05,25 thg 4,1h 55m,HPH,0.0,7.0,24-04-2025
HPH0185,VietJet Air,1741000,21:10,26 thg 4,23:05,26 thg 4,1h 55m,HPH,0.0,7.0,07-04-2025
HPH0185,VietJet Air,1738265,21:10,26 thg 4,23:05,26 thg 4,1h 55m,HPH,0.0,7.0,08-04-2025
HPH0185,VietJet Air,1749000,21:10,26 thg 4,23:05,26 thg 4,1h 55m,HPH,0.0,7.0,09-04-2025
HPH0185,VietJet Air,1713734,21:10,26 thg 4,23:05,26 thg 4,1h 55m,HPH,0.0,7.0,10-04-2025
HPH0185,VietJet Air,1746000,21:10,26 thg 4,23:05,26 thg 4,1h 55m,HPH,0.0,7.0,11-04-2025
HPH0185,VietJet Air,1734000,21:10,26 thg 4,23:05,26 thg 4,1h 55m,HPH,0.0,7.0,12-04-2025
HPH0185,VietJet Air,1738265,21:10,26 thg 4,23:05,26 thg 4,1h 55m,HPH,0.0,7.0,13-04-2025
HPH0185,VietJet Air,1690763,21:10,26 thg 4,23:05,26 thg 4,1h 55m,HPH,0.0,7.0,14-04-2025
HPH0185,VietJet Air,1697745,21:10,26 thg 4,23:05,26 thg 4,1h 55m,HPH,0.0,7.0,15-04-2025
HPH0185,VietJet Air,1737645,21:10,26 thg 4,23:05,26 thg 4,1h 55m,HPH,0.0,7.0,16-04-2025
HPH0185,VietJet Air,1722683,21:10,26 thg 4,23:05,26 thg 4,1h 55m,HPH,0.0,7.0,17-04-2025
HPH0185,VietJet Air,1724678,21:10,26 thg 4,23:05,26 thg 4,1h 55m,HPH,0.0,7.0,18-04-2025
HPH0185,VietJet Air,1751610,21:10,26 thg 4,23:05,26 thg 4,1h 55m,HPH,0.0,7.0,19-04-2025
HPH0185,VietJet Air,1742633,21:10,26 thg 4,23:05,26 thg 4,1h 55m,HPH,0.0,7.0,20-04-2025
HPH0185,VietJet Air,1742633,21:10,26 thg 4,23:05,26 thg 4,1h 55m,HPH,0.0,7.0,21-04-2025
HPH0185,VietJet Air,1753605,21:10,26 thg 4,23:05,26 thg 4,1h 55m,HPH,0.0,7.0,22-04-2025
HPH0185,VietJet Air,1754603,21:10,26 thg 4,23:05,26 thg 4,1h 55m,HPH,0.0,7.0,23-04-2025
HPH0185,VietJet Air,1758593,21:10,26 thg 4,23:05,26 thg 4,1h 55m,HPH,0.0,7.0,24-04-2025
HPH0185,VietJet Air,1745625,21:10,26 thg 4,23:05,26 thg 4,1h 55m,HPH,0.0,7.0,25-04-2025
HPH0186,VietJet Air,1731300,21:10,27 thg 4,23:05,27 thg 4,1h 55m,HPH,0.0,7.0,07-04-2025
HPH0186,VietJet Air,1739260,21:10,27 thg 4,23:05,27 thg 4,1h 55m,HPH,0.0,7.0,08-04-2025
HPH0186,VietJet Air,1749000,21:10,27 thg 4,23:05,27 thg 4,1h 55m,HPH,0.0,7.0,09-04-2025
HPH0186,VietJet Air,1728584,21:10,27 thg 4,23:05,27 thg 4,1h 55m,HPH,0.0,7.0,10-04-2025
HPH0186,VietJet Air,1731000,21:10,27 thg 4,23:05,27 thg 4,1h 55m,HPH,0.0,7.0,11-04-2025
HPH0186,VietJet Air,1734000,21:10,27 thg 4,23:05,27 thg 4,1h 55m,HPH,0.0,7.0,12-04-2025
HPH0186,VietJet Air,1727320,21:10,27 thg 4,23:05,27 thg 4,1h 55m,HPH,0.0,7.0,13-04-2025
HPH0186,VietJet Air,1691760,21:10,27 thg 4,23:05,27 thg 4,1h 55m,HPH,0.0,7.0,14-04-2025
HPH0186,VietJet Air,1889265,21:10,27 thg 4,23:05,27 thg 4,1h 55m,HPH,0.0,7.0,15-04-2025
HPH0186,VietJet Air,1850363,21:10,27 thg 4,23:05,27 thg 4,1h 55m,HPH,0.0,7.0,16-04-2025
HPH0186,VietJet Air,1841385,21:10,27 thg 4,23:05,27 thg 4,1h 55m,HPH,0.0,7.0,17-04-2025
HPH0186,VietJet Air,1841385,21:10,27 thg 4,23:05,27 thg 4,1h 55m,HPH,0.0,7.0,18-04-2025
HPH0186,VietJet Air,2018545,21:10,27 thg 4,23:05,27 thg 4,1h 55m,HPH,0.0,7.0,19-04-2025
HPH0186,VietJet Air,2031908,21:10,27 thg 4,23:05,27 thg 4,1h 55m,HPH,0.0,7.0,20-04-2025
HPH0186,VietJet Air,2031908,21:10,27 thg 4,23:05,27 thg 4,1h 55m,HPH,0.0,7.0,21-04-2025
HPH0186,VietJet Air,1753605,21:10,27 thg 4,23:05,27 thg 4,1h 55m,HPH,0.0,7.0,22-04-2025
HPH0186,VietJet Air,1754603,21:10,27 thg 4,23:05,27 thg 4,1h 55m,HPH,0.0,7.0,23-04-2025
HPH0186,VietJet Air,1758593,21:10,27 thg 4,23:05,27 thg 4,1h 55m,HPH,0.0,7.0,24-04-2025
HPH0186,VietJet Air,1745625,21:10,27 thg 4,23:05,27 thg 4,1h 55m,HPH,0.0,7.0,25-04-2025
HPH0186,VietJet Air,2035898,21:10,27 thg 4,23:05,27 thg 4,1h 55m,HPH,0.0,7.0,26-04-2025
HPH0187,VietJet Air,1731300,21:10,28 thg 4,23:05,28 thg 4,1h 55m,HPH,0.0,7.0,07-04-2025
HPH0187,VietJet Air,1739260,21:10,28 thg 4,23:05,28 thg 4,1h 55m,HPH,0.0,7.0,08-04-2025
HPH0187,VietJet Air,1747000,21:10,28 thg 4,23:05,28 thg 4,1h 55m,HPH,0.0,7.0,09-04-2025
HPH0187,VietJet Air,1713734,21:10,28 thg 4,23:05,28 thg 4,1h 55m,HPH,0.0,7.0,10-04-2025
HPH0187,VietJet Air,1746000,21:10,28 thg 4,23:05,28 thg 4,1h 55m,HPH,0.0,7.0,11-04-2025
HPH0187,VietJet Air,1734000,21:10,28 thg 4,23:05,28 thg 4,1h 55m,HPH,0.0,7.0,12-04-2025
HPH0187,VietJet Air,1738265,21:10,28 thg 4,23:05,28 thg 4,1h 55m,HPH,0.0,7.0,13-04-2025
HPH0187,VietJet Air,1690763,21:10,28 thg 4,23:05,28 thg 4,1h 55m,HPH,0.0,7.0,14-04-2025
HPH0187,VietJet Air,1696748,21:10,28 thg 4,23:05,28 thg 4,1h 55m,HPH,0.0,7.0,15-04-2025
HPH0187,VietJet Air,1722683,21:10,28 thg 4,23:05,28 thg 4,1h 55m,HPH,0.0,7.0,17-04-2025
HPH0187,VietJet Air,1726673,21:10,28 thg 4,23:05,28 thg 4,1h 55m,HPH,0.0,7.0,18-04-2025
HPH0187,VietJet Air,1751610,21:10,28 thg 4,23:05,28 thg 4,1h 55m,HPH,0.0,7.0,19-04-2025
HPH0187,VietJet Air,1742633,21:10,28 thg 4,23:05,28 thg 4,1h 55m,HPH,0.0,7.0,20-04-2025
HPH0187,VietJet Air,1742633,21:10,28 thg 4,23:05,28 thg 4,1h 55m,HPH,0.0,7.0,21-04-2025
HPH0187,VietJet Air,1608968,21:10,28 thg 4,23:05,28 thg 4,1h 55m,HPH,0.0,7.0,22-04-2025
HPH0187,VietJet Air,1754603,21:10,28 thg 4,23:05,28 thg 4,1h 55m,HPH,0.0,7.0,23-04-2025
HPH0187,VietJet Air,1758593,21:10,28 thg 4,23:05,28 thg 4,1h 55m,HPH,0.0,7.0,24-04-2025
HPH0187,VietJet Air,1745625,21:10,28 thg 4,23:05,28 thg 4,1h 55m,HPH,0.0,7.0,25-04-2025
HPH0187,VietJet Air,1741635,21:10,28 thg 4,23:05,28 thg 4,1h 55m,HPH,0.0,7.0,26-04-2025
HPH0187,VietJet Air,3855898,21:10,28 thg 4,23:05,28 thg 4,1h 55m,HPH,0.0,7.0,27-04-2025
HPH0188,VietJet Air,2190990,21:10,29 thg 4,23:05,29 thg 4,1h 55m,HPH,0.0,7.0,07-04-2025
HPH0188,VietJet Air,2205000,21:10,29 thg 4,23:05,29 thg 4,1h 55m,HPH,0.0,7.0,09-04-2025
HPH0188,VietJet Air,2521594,21:10,29 thg 4,23:05,29 thg 4,1h 55m,HPH,0.0,7.0,10-04-2025
HPH0188,VietJet Air,2566000,21:10,29 thg 4,23:05,29 thg 4,1h 55m,HPH,0.0,7.0,11-04-2025
HPH0188,VietJet Air,2570000,21:10,29 thg 4,23:05,29 thg 4,1h 55m,HPH,0.0,7.0,12-04-2025
HPH0188,VietJet Air,2559140,21:10,29 thg 4,23:05,29 thg 4,1h 55m,HPH,0.0,7.0,13-04-2025
HPH0188,VietJet Air,2765070,21:10,29 thg 4,23:05,29 thg 4,1h 55m,HPH,0.0,7.0,14-04-2025
HPH0188,VietJet Air,2775045,21:10,29 thg 4,23:05,29 thg 4,1h 55m,HPH,0.0,7.0,15-04-2025
HPH0188,VietJet Air,2797988,21:10,29 thg 4,23:05,29 thg 4,1h 55m,HPH,0.0,7.0,16-04-2025
HPH0188,VietJet Air,2802975,21:10,29 thg 4,23:05,29 thg 4,1h 55m,HPH,0.0,7.0,17-04-2025
HPH0188,VietJet Air,2980530,21:10,29 thg 4,23:05,29 thg 4,1h 55m,HPH,0.0,7.0,18-04-2025
HPH0188,VietJet Air,2581530,21:10,29 thg 4,23:05,29 thg 4,1h 55m,HPH,0.0,7.0,19-04-2025
HPH0188,VietJet Air,2577540,21:10,29 thg 4,23:05,29 thg 4,1h 55m,HPH,0.0,7.0,20-04-2025
HPH0188,VietJet Air,2577540,21:10,29 thg 4,23:05,29 thg 4,1h 55m,HPH,0.0,7.0,21-04-2025
HPH0188,VietJet Air,2814945,21:10,29 thg 4,23:05,29 thg 4,1h 55m,HPH,0.0,7.0,22-04-2025
HPH0188,VietJet Air,2817938,21:10,29 thg 4,23:05,29 thg 4,1h 55m,HPH,0.0,7.0,23-04-2025
HPH0188,VietJet Air,2619435,21:10,29 thg 4,23:05,29 thg 4,1h 55m,HPH,0.0,7.0,24-04-2025
HPH0188,VietJet Air,2860369,21:10,29 thg 4,23:05,29 thg 4,1h 55m,HPH,0.0,7.0,25-04-2025
HPH0188,VietJet Air,2368065,21:10,29 thg 4,23:05,29 thg 4,1h 55m,HPH,0.0,7.0,26-04-2025
HPH0188,VietJet Air,2558588,21:10,29 thg 4,23:05,29 thg 4,1h 55m,HPH,0.0,7.0,27-04-2025
HPH0188,VietJet Air,3811448,21:10,29 thg 4,23:05,29 thg 4,1h 55m,HPH,0.0,7.0,28-04-2025
HPH0189,VietJet Air,1591005,21:10,30 thg 4,23:05,30 thg 4,1h 55m,HPH,0.0,7.0,07-04-2025
HPH0189,VietJet Air,1579090,21:10,30 thg 4,23:05,30 thg 4,1h 55m,HPH,0.0,7.0,10-04-2025
HPH0189,VietJet Air,1599000,21:10,30 thg 4,23:05,30 thg 4,1h 55m,HPH,0.0,7.0,11-04-2025
HPH0189,VietJet Air,1597000,21:10,30 thg 4,23:05,30 thg 4,1h 55m,HPH,0.0,7.0,12-04-2025
HPH0189,VietJet Air,1716440,21:10,30 thg 4,23:05,30 thg 4,1h 55m,HPH,0.0,7.0,13-04-2025
HPH0189,VietJet Air,1691760,21:10,30 thg 4,23:05,30 thg 4,1h 55m,HPH,0.0,7.0,14-04-2025
HPH0189,VietJet Air,1696748,21:10,30 thg 4,23:05,30 thg 4,1h 55m,HPH,0.0,7.0,15-04-2025
HPH0189,VietJet Air,1737645,21:10,30 thg 4,23:05,30 thg 4,1h 55m,HPH,0.0,7.0,16-04-2025
HPH0189,VietJet Air,1722683,21:10,30 thg 4,23:05,30 thg 4,1h 55m,HPH,0.0,7.0,17-04-2025
HPH0189,VietJet Air,1726673,21:10,30 thg 4,23:05,30 thg 4,1h 55m,HPH,0.0,7.0,18-04-2025
HPH0189,VietJet Air,2036895,21:10,30 thg 4,23:05,30 thg 4,1h 55m,HPH,0.0,7.0,19-04-2025
HPH0189,VietJet Air,2031908,21:10,30 thg 4,23:05,30 thg 4,1h 55m,HPH,0.0,7.0,20-04-2025
HPH0189,VietJet Air,2031908,21:10,30 thg 4,23:05,30 thg 4,1h 55m,HPH,0.0,7.0,21-04-2025
HPH0189,VietJet Air,2038890,21:10,30 thg 4,23:05,30 thg 4,1h 55m,HPH,0.0,7.0,22-04-2025
HPH0189,VietJet Air,2040885,21:10,30 thg 4,23:05,30 thg 4,1h 55m,HPH,0.0,7.0,23-04-2025
HPH0189,VietJet Air,1873305,21:10,30 thg 4,23:05,30 thg 4,1h 55m,HPH,0.0,7.0,24-04-2025
HPH0189,VietJet Air,1858343,21:10,30 thg 4,23:05,30 thg 4,1h 55m,HPH,0.0,7.0,25-04-2025
HPH0189,VietJet Air,1857345,21:10,30 thg 4,23:05,30 thg 4,1h 55m,HPH,0.0,7.0,26-04-2025
HPH0189,VietJet Air,2013953,21:10,30 thg 4,23:05,30 thg 4,1h 55m,HPH,0.0,7.0,27-04-2025
HPH0189,VietJet Air,2065823,21:10,30 thg 4,23:05,30 thg 4,1h 55m,HPH,0.0,7.0,28-04-2025
HPH0189,VietJet Air,2418938,21:10,30 thg 4,23:05,30 thg 4,1h 55m,HPH,0.0,7.0,29-04-2025
HPH0190,VietJet Air,3674790,21:15,04 thg 5,23:15,04 thg 5,2h 0m,HPH,0.0,7.0,03-05-2025
HPH0191,VietJet Air,2608463,21:15,05 thg 5,23:15,05 thg 5,2h 0m,HPH,0.0,7.0,04-05-2025
HPH0192,VietJet Air,1884105,21:15,09 thg 5,23:15,09 thg 5,2h 0m,HPH,0.0,7.0,08-05-2025
HPH0193,VietJet Air,3796485,21:15,11 thg 5,23:15,11 thg 5,2h 0m,HPH,0.0,7.0,10-05-2025
HPH0194,VietJet Air,1781535,21:45,23 thg 4,23:45,23 thg 4,2h 0m,HPH,0.0,7.0,22-04-2025
HPH0195,VietJet Air,3768521,4:30,04 thg 5,6:30,04 thg 5,2h 0m,HPH,0.0,7.0,03-05-2025
HPH0196,VietJet Air,3730650,6:15,04 thg 5,8:15,04 thg 5,2h 0m,HPH,0.0,7.0,03-05-2025
HPH0197,Vietnam Airlines,2887295,07:45,01 thg 5,09:45,01 thg 5,2h 0m,HPH,23.0,12.0,07-04-2025
HPH0197,Vietnam Airlines,2894103,07:45,01 thg 5,09:45,01 thg 5,2h 0m,HPH,23.0,12.0,11-04-2025
HPH0197,Vietnam Airlines,2964033,07:45,01 thg 5,09:45,01 thg 5,2h 0m,HPH,23.0,12.0,13-04-2025
HPH0197,Vietnam Airlines,2240757,07:45,01 thg 5,09:45,01 thg 5,2h 0m,HPH,23.0,12.0,15-04-2025
HPH0197,Vietnam Airlines,2459538,07:45,01 thg 5,09:45,01 thg 5,2h 0m,HPH,23.0,12.0,16-04-2025
HPH0197,Vietnam Airlines,2257740,07:45,01 thg 5,09:45,01 thg 5,2h 0m,HPH,23.0,12.0,17-04-2025
HPH0197,Vietnam Airlines,2242755,07:45,01 thg 5,09:45,01 thg 5,2h 0m,HPH,23.0,12.0,18-04-2025
HPH0197,Vietnam Airlines,2236761,07:45,01 thg 5,09:45,01 thg 5,2h 0m,HPH,23.0,12.0,19-04-2025
HPH0197,Vietnam Airlines,2484513,07:45,01 thg 5,09:45,01 thg 5,2h 0m,HPH,23.0,12.0,20-04-2025
HPH0197,Vietnam Airlines,2485512,07:45,01 thg 5,09:45,01 thg 5,2h 0m,HPH,23.0,12.0,21-04-2025
HPH0197,Vietnam Airlines,2882834,07:45,01 thg 5,09:45,01 thg 5,2h 0m,HPH,23.0,12.0,22-04-2025
HPH0197,Vietnam Airlines,3424572,07:45,01 thg 5,09:45,01 thg 5,2h 0m,HPH,23.0,12.0,23-04-2025
HPH0197,Vietnam Airlines,3422574,07:45,01 thg 5,09:45,01 thg 5,2h 0m,HPH,23.0,12.0,24-04-2025
HPH0197,Vietnam Airlines,3421575,07:45,01 thg 5,09:45,01 thg 5,2h 0m,HPH,23.0,12.0,26-04-2025
HPH0197,Vietnam Airlines,3863733,07:45,01 thg 5,09:45,01 thg 5,2h 0m,HPH,23.0,12.0,27-04-2025
HPH0197,Vietnam Airlines,3656340,07:45,01 thg 5,09:45,01 thg 5,2h 0m,HPH,23.0,12.0,29-04-2025
HPH0198,Vietnam Airlines,2887295,07:45,02 thg 5,09:45,02 thg 5,2h 0m,HPH,23.0,12.0,07-04-2025
HPH0198,Vietnam Airlines,2895980,07:45,02 thg 5,09:45,02 thg 5,2h 0m,HPH,23.0,12.0,12-04-2025
HPH0198,Vietnam Airlines,2950047,07:45,02 thg 5,09:45,02 thg 5,2h 0m,HPH,23.0,12.0,13-04-2025
HPH0198,Vietnam Airlines,2946051,07:45,02 thg 5,09:45,02 thg 5,2h 0m,HPH,23.0,12.0,14-04-2025
HPH0198,Vietnam Airlines,2232765,07:45,02 thg 5,09:45,02 thg 5,2h 0m,HPH,23.0,12.0,15-04-2025
HPH0198,Vietnam Airlines,2255742,07:45,02 thg 5,09:45,02 thg 5,2h 0m,HPH,23.0,12.0,17-04-2025
HPH0198,Vietnam Airlines,2487510,07:45,02 thg 5,09:45,02 thg 5,2h 0m,HPH,23.0,12.0,18-04-2025
HPH0198,Vietnam Airlines,2719278,07:45,02 thg 5,09:45,02 thg 5,2h 0m,HPH,23.0,12.0,19-04-2025
HPH0198,Vietnam Airlines,2915082,07:45,02 thg 5,09:45,02 thg 5,2h 0m,HPH,23.0,12.0,20-04-2025
HPH0198,Vietnam Airlines,2915082,07:45,02 thg 5,09:45,02 thg 5,2h 0m,HPH,23.0,12.0,21-04-2025
HPH0198,Vietnam Airlines,3374000,07:45,02 thg 5,09:45,02 thg 5,2h 0m,HPH,23.0,12.0,22-04-2025
HPH0198,Vietnam Airlines,3410586,07:45,02 thg 5,09:45,02 thg 5,2h 0m,HPH,23.0,12.0,23-04-2025
HPH0198,Vietnam Airlines,3706290,07:45,02 thg 5,09:45,02 thg 5,2h 0m,HPH,23.0,12.0,24-04-2025
HPH0198,Vietnam Airlines,3708288,07:45,02 thg 5,09:45,02 thg 5,2h 0m,HPH,23.0,12.0,25-04-2025
HPH0198,Vietnam Airlines,3436560,07:45,02 thg 5,09:45,02 thg 5,2h 0m,HPH,23.0,12.0,26-04-2025
HPH0198,Vietnam Airlines,3912084,07:45,02 thg 5,09:45,02 thg 5,2h 0m,HPH,23.0,12.0,27-04-2025
HPH0198,Vietnam Airlines,4017553,07:45,02 thg 5,09:45,02 thg 5,2h 0m,HPH,23.0,12.0,28-04-2025
HPH0199,Vietnam Airlines,3121958,07:45,03 thg 5,09:45,03 thg 5,2h 0m,HPH,23.0,12.0,07-04-2025
HPH0199,Vietnam Airlines,3134862,07:45,03 thg 5,09:45,03 thg 5,2h 0m,HPH,23.0,12.0,13-04-2025
HPH0199,Vietnam Airlines,3181815,07:45,03 thg 5,09:45,03 thg 5,2h 0m,HPH,23.0,12.0,14-04-2025
HPH0199,Vietnam Airlines,3167829,07:45,03 thg 5,09:45,03 thg 5,2h 0m,HPH,23.0,12.0,15-04-2025
HPH0199,Vietnam Airlines,3160836,07:45,03 thg 5,09:45,03 thg 5,2h 0m,HPH,23.0,12.0,16-04-2025
HPH0199,Vietnam Airlines,3163833,07:45,03 thg 5,09:45,03 thg 5,2h 0m,HPH,23.0,12.0,17-04-2025
HPH0199,Vietnam Airlines,3417579,07:45,03 thg 5,09:45,03 thg 5,2h 0m,HPH,23.0,12.0,18-04-2025
HPH0199,Vietnam Airlines,3410586,07:45,03 thg 5,09:45,03 thg 5,2h 0m,HPH,23.0,12.0,19-04-2025
HPH0199,Vietnam Airlines,3439557,07:45,03 thg 5,09:45,03 thg 5,2h 0m,HPH,23.0,12.0,20-04-2025
HPH0199,Vietnam Airlines,3435561,07:45,03 thg 5,09:45,03 thg 5,2h 0m,HPH,23.0,12.0,21-04-2025
HPH0199,Vietnam Airlines,3374000,07:45,03 thg 5,09:45,03 thg 5,2h 0m,HPH,23.0,12.0,22-04-2025
HPH0199,Vietnam Airlines,3424572,07:45,03 thg 5,09:45,03 thg 5,2h 0m,HPH,23.0,12.0,23-04-2025
HPH0199,Vietnam Airlines,3425571,07:45,03 thg 5,09:45,03 thg 5,2h 0m,HPH,23.0,12.0,24-04-2025
HPH0199,Vietnam Airlines,3720276,07:45,03 thg 5,09:45,03 thg 5,2h 0m,HPH,23.0,12.0,25-04-2025
HPH0199,Vietnam Airlines,3863733,07:45,03 thg 5,09:45,03 thg 5,2h 0m,HPH,23.0,12.0,27-04-2025
HPH0199,Vietnam Airlines,3859570,07:45,03 thg 5,09:45,03 thg 5,2h 0m,HPH,23.0,12.0,29-04-2025
HPH0200,Vietnam Airlines,3378331,07:45,04 thg 5,09:45,04 thg 5,2h 0m,HPH,23.0,12.0,07-04-2025
HPH0200,Vietnam Airlines,3914082,07:45,04 thg 5,09:45,04 thg 5,2h 0m,HPH,23.0,12.0,14-04-2025
HPH0200,Vietnam Airlines,3929067,07:45,04 thg 5,09:45,04 thg 5,2h 0m,HPH,23.0,12.0,15-04-2025
HPH0200,Vietnam Airlines,3665331,07:45,04 thg 5,09:45,04 thg 5,2h 0m,HPH,23.0,12.0,16-04-2025
HPH0200,Vietnam Airlines,3684312,07:45,04 thg 5,09:45,04 thg 5,2h 0m,HPH,23.0,12.0,17-04-2025
HPH0200,Vietnam Airlines,3857875,07:45,04 thg 5,09:45,04 thg 5,2h 0m,HPH,23.0,12.0,22-04-2025
HPH0200,Vietnam Airlines,3928068,07:45,04 thg 5,09:45,04 thg 5,2h 0m,HPH,23.0,12.0,23-04-2025
HPH0200,Vietnam Airlines,3922074,07:45,04 thg 5,09:45,04 thg 5,2h 0m,HPH,23.0,12.0,24-04-2025
HPH0201,Vietnam Airlines,2664003,07:45,05 thg 5,09:45,05 thg 5,2h 0m,HPH,23.0,12.0,07-04-2025
HPH0201,Vietnam Airlines,2928069,07:45,05 thg 5,09:45,05 thg 5,2h 0m,HPH,23.0,12.0,16-04-2025
HPH0201,Vietnam Airlines,2660081,07:45,05 thg 5,09:45,05 thg 5,2h 0m,HPH,23.0,12.0,17-04-2025
HPH0201,Vietnam Airlines,2688309,07:45,05 thg 5,09:45,05 thg 5,2h 0m,HPH,23.0,12.0,18-04-2025
HPH0202,Vietnam Airlines,2887295,07:45,06 thg 5,09:45,06 thg 5,2h 0m,HPH,23.0,12.0,07-04-2025
HPH0202,Vietnam Airlines,3670326,07:45,06 thg 5,09:45,06 thg 5,2h 0m,HPH,23.0,12.0,16-04-2025
HPH0202,Vietnam Airlines,3243254,07:45,06 thg 5,09:45,06 thg 5,2h 0m,HPH,23.0,12.0,17-04-2025
HPH0202,Vietnam Airlines,3857875,07:45,06 thg 5,09:45,06 thg 5,2h 0m,HPH,23.0,12.0,22-04-2025
HPH0202,Vietnam Airlines,3929067,07:45,06 thg 5,09:45,06 thg 5,2h 0m,HPH,23.0,12.0,23-04-2025
HPH0202,Vietnam Airlines,3926070,07:45,06 thg 5,09:45,06 thg 5,2h 0m,HPH,23.0,12.0,24-04-2025
HPH0202,Vietnam Airlines,3932064,07:45,06 thg 5,09:45,06 thg 5,2h 0m,HPH,23.0,12.0,25-04-2025
HPH0202,Vietnam Airlines,3922074,07:45,06 thg 5,09:45,06 thg 5,2h 0m,HPH,23.0,12.0,26-04-2025
HPH0202,Vietnam Airlines,3863733,07:45,06 thg 5,09:45,06 thg 5,2h 0m,HPH,23.0,12.0,27-04-2025
HPH0202,Vietnam Airlines,3898098,07:45,06 thg 5,09:45,06 thg 5,2h 0m,HPH,23.0,12.0,30-04-2025
HPH0203,Vietnam Airlines,1770832,07:45,07 thg 5,09:45,07 thg 5,2h 0m,HPH,23.0,12.0,07-04-2025
HPH0203,Vietnam Airlines,1809189,07:45,07 thg 5,09:45,07 thg 5,2h 0m,HPH,23.0,12.0,17-04-2025
HPH0203,Vietnam Airlines,1771227,07:45,07 thg 5,09:45,07 thg 5,2h 0m,HPH,23.0,12.0,18-04-2025
HPH0203,Vietnam Airlines,2000997,07:45,07 thg 5,09:45,07 thg 5,2h 0m,HPH,23.0,12.0,20-04-2025
HPH0203,Vietnam Airlines,2000997,07:45,07 thg 5,09:45,07 thg 5,2h 0m,HPH,23.0,12.0,21-04-2025
HPH0203,Vietnam Airlines,2058939,07:45,07 thg 5,09:45,07 thg 5,2h 0m,HPH,23.0,12.0,22-04-2025
HPH0203,Vietnam Airlines,2662335,07:45,07 thg 5,09:45,07 thg 5,2h 0m,HPH,23.0,12.0,28-04-2025
HPH0203,Vietnam Airlines,3139857,07:45,07 thg 5,09:45,07 thg 5,2h 0m,HPH,23.0,12.0,29-04-2025
HPH0204,Vietnam Airlines,3135861,07:45,08 thg 5,09:45,08 thg 5,2h 0m,HPH,23.0,12.0,01-05-2025
HPH0204,Vietnam Airlines,3143853,07:45,08 thg 5,09:45,08 thg 5,2h 0m,HPH,23.0,12.0,02-05-2025
HPH0204,Vietnam Airlines,3680316,07:45,08 thg 5,09:45,08 thg 5,2h 0m,HPH,23.0,12.0,03-05-2025
HPH0204,Vietnam Airlines,3901095,07:45,08 thg 5,09:45,08 thg 5,2h 0m,HPH,23.0,12.0,04-05-2025
HPH0204,Vietnam Airlines,4017553,07:45,08 thg 5,09:45,08 thg 5,2h 0m,HPH,23.0,10.0,05-05-2025
HPH0204,Vietnam Airlines,1994126,07:45,08 thg 5,09:45,08 thg 5,2h 0m,HPH,23.0,12.0,07-04-2025
HPH0204,Vietnam Airlines,4017553,07:45,08 thg 5,09:45,08 thg 5,2h 0m,HPH,23.0,10.0,07-05-2025
HPH0204,Vietnam Airlines,2009988,07:45,08 thg 5,09:45,08 thg 5,2h 0m,HPH,23.0,12.0,19-04-2025
HPH0204,Vietnam Airlines,2015982,07:45,08 thg 5,09:45,08 thg 5,2h 0m,HPH,23.0,12.0,22-04-2025
HPH0204,Vietnam Airlines,2017980,07:45,08 thg 5,09:45,08 thg 5,2h 0m,HPH,23.0,12.0,23-04-2025
HPH0204,Vietnam Airlines,2253744,07:45,08 thg 5,09:45,08 thg 5,2h 0m,HPH,23.0,12.0,24-04-2025
HPH0204,Vietnam Airlines,2234812,07:45,08 thg 5,09:45,08 thg 5,2h 0m,HPH,23.0,12.0,25-04-2025
HPH0204,Vietnam Airlines,2180817,07:45,08 thg 5,09:45,08 thg 5,2h 0m,HPH,23.0,12.0,26-04-2025
HPH0204,Vietnam Airlines,2392605,07:45,08 thg 5,09:45,08 thg 5,2h 0m,HPH,23.0,12.0,27-04-2025
HPH0204,Vietnam Airlines,2917080,07:45,08 thg 5,09:45,08 thg 5,2h 0m,HPH,23.0,12.0,28-04-2025
HPH0204,Vietnam Airlines,2999473,07:45,08 thg 5,09:45,08 thg 5,2h 0m,HPH,23.0,12.0,29-04-2025
HPH0204,Vietnam Airlines,3137859,07:45,08 thg 5,09:45,08 thg 5,2h 0m,HPH,23.0,12.0,30-04-2025
HPH0205,Vietnam Airlines,3867300,07:45,09 thg 5,09:45,09 thg 5,2h 0m,HPH,23.0,12.0,07-04-2025
HPH0206,Vietnam Airlines,3884112,07:45,10 thg 5,09:45,10 thg 5,2h 0m,HPH,23.0,12.0,01-05-2025
HPH0206,Vietnam Airlines,3894102,07:45,10 thg 5,09:45,10 thg 5,2h 0m,HPH,23.0,12.0,02-05-2025
HPH0206,Vietnam Airlines,3921075,07:45,10 thg 5,09:45,10 thg 5,2h 0m,HPH,23.0,12.0,03-05-2025
HPH0206,Vietnam Airlines,3858843,07:45,10 thg 5,09:45,10 thg 5,2h 0m,HPH,23.0,12.0,04-05-2025
HPH0206,Vietnam Airlines,3867300,07:45,10 thg 5,09:45,10 thg 5,2h 0m,HPH,23.0,12.0,07-04-2025
HPH0206,Vietnam Airlines,3637625,07:45,10 thg 5,09:45,10 thg 5,2h 0m,HPH,23.0,12.0,22-04-2025
HPH0206,Vietnam Airlines,3705291,07:45,10 thg 5,09:45,10 thg 5,2h 0m,HPH,23.0,12.0,23-04-2025
HPH0206,Vietnam Airlines,3701295,07:45,10 thg 5,09:45,10 thg 5,2h 0m,HPH,23.0,12.0,24-04-2025
HPH0206,Vietnam Airlines,3703293,07:45,10 thg 5,09:45,10 thg 5,2h 0m,HPH,23.0,12.0,25-04-2025
HPH0206,Vietnam Airlines,3901095,07:45,10 thg 5,09:45,10 thg 5,2h 0m,HPH,23.0,12.0,26-04-2025
HPH0206,Vietnam Airlines,3875121,07:45,10 thg 5,09:45,10 thg 5,2h 0m,HPH,23.0,12.0,28-04-2025
HPH0206,Vietnam Airlines,3888108,07:45,10 thg 5,09:45,10 thg 5,2h 0m,HPH,23.0,12.0,29-04-2025
HPH0206,Vietnam Airlines,3886110,07:45,10 thg 5,09:45,10 thg 5,2h 0m,HPH,23.0,12.0,30-04-2025
HPH0207,Vietnam Airlines,1994126,07:45,11 thg 5,09:45,11 thg 5,2h 0m,HPH,23.0,10.0,07-04-2025
HPH0207,Vietnam Airlines,3681315,07:45,11 thg 5,09:45,11 thg 5,2h 0m,HPH,23.0,10.0,07-05-2025
HPH0207,Vietnam Airlines,3889107,07:45,11 thg 5,09:45,11 thg 5,2h 0m,HPH,23.0,10.0,08-05-2025
HPH0207,Vietnam Airlines,2038959,07:45,11 thg 5,09:45,11 thg 5,2h 0m,HPH,23.0,12.0,22-04-2025
HPH0207,Vietnam Airlines,2017980,07:45,11 thg 5,09:45,11 thg 5,2h 0m,HPH,23.0,10.0,23-04-2025
HPH0208,Vietnam Airlines,2664003,07:45,21 thg 4,09:45,21 thg 4,2h 0m,HPH,23.0,12.0,07-04-2025
HPH0208,Vietnam Airlines,2664003,07:45,21 thg 4,09:45,21 thg 4,2h 0m,HPH,23.0,12.0,08-04-2025
HPH0208,Vietnam Airlines,2668329,07:45,21 thg 4,09:45,21 thg 4,2h 0m,HPH,23.0,12.0,09-04-2025
HPH0208,Vietnam Airlines,2890107,07:45,21 thg 4,09:45,21 thg 4,2h 0m,HPH,23.0,12.0,11-04-2025
HPH0208,Vietnam Airlines,3913083,07:45,21 thg 4,09:45,21 thg 4,2h 0m,HPH,23.0,12.0,17-04-2025
HPH0209,Vietnam Airlines,1994126,07:45,22 thg 4,09:45,22 thg 4,2h 0m,HPH,23.0,12.0,07-04-2025
HPH0209,Vietnam Airlines,2217417,07:45,22 thg 4,09:45,22 thg 4,2h 0m,HPH,23.0,12.0,08-04-2025
HPH0209,Vietnam Airlines,1991007,07:45,22 thg 4,09:45,22 thg 4,2h 0m,HPH,23.0,12.0,09-04-2025
HPH0209,Vietnam Airlines,1973025,07:45,22 thg 4,09:45,22 thg 4,2h 0m,HPH,23.0,12.0,10-04-2025
HPH0209,Vietnam Airlines,1977021,07:45,22 thg 4,09:45,22 thg 4,2h 0m,HPH,23.0,12.0,11-04-2025
HPH0209,Vietnam Airlines,1984014,07:45,22 thg 4,09:45,22 thg 4,2h 0m,HPH,23.0,12.0,12-04-2025
HPH0209,Vietnam Airlines,2040957,07:45,22 thg 4,09:45,22 thg 4,2h 0m,HPH,23.0,12.0,13-04-2025
HPH0209,Vietnam Airlines,2664333,07:45,22 thg 4,09:45,22 thg 4,2h 0m,HPH,23.0,12.0,16-04-2025
HPH0209,Vietnam Airlines,3138858,07:45,22 thg 4,09:45,22 thg 4,2h 0m,HPH,23.0,12.0,17-04-2025
HPH0210,Vietnam Airlines,1994126,07:45,23 thg 4,09:45,23 thg 4,2h 0m,HPH,23.0,12.0,07-04-2025
HPH0210,Vietnam Airlines,1994126,07:45,23 thg 4,09:45,23 thg 4,2h 0m,HPH,23.0,12.0,08-04-2025
HPH0210,Vietnam Airlines,1785213,07:45,23 thg 4,09:45,23 thg 4,2h 0m,HPH,23.0,12.0,09-04-2025
HPH0210,Vietnam Airlines,1766232,07:45,23 thg 4,09:45,23 thg 4,2h 0m,HPH,23.0,12.0,10-04-2025
HPH0210,Vietnam Airlines,2223009,07:45,23 thg 4,09:45,23 thg 4,2h 0m,HPH,23.0,12.0,15-04-2025
HPH0210,Vietnam Airlines,2245752,07:45,23 thg 4,09:45,23 thg 4,2h 0m,HPH,23.0,12.0,16-04-2025
HPH0210,Vietnam Airlines,2682315,07:45,23 thg 4,09:45,23 thg 4,2h 0m,HPH,23.0,12.0,17-04-2025
HPH0211,Vietnam Airlines,1994126,07:45,24 thg 4,09:45,24 thg 4,2h 0m,HPH,23.0,12.0,07-04-2025
HPH0211,Vietnam Airlines,2217417,07:45,24 thg 4,09:45,24 thg 4,2h 0m,HPH,23.0,12.0,08-04-2025
HPH0211,Vietnam Airlines,1781217,07:45,24 thg 4,09:45,24 thg 4,2h 0m,HPH,23.0,12.0,09-04-2025
HPH0211,Vietnam Airlines,1767231,07:45,24 thg 4,09:45,24 thg 4,2h 0m,HPH,23.0,12.0,10-04-2025
HPH0211,Vietnam Airlines,1769229,07:45,24 thg 4,09:45,24 thg 4,2h 0m,HPH,23.0,12.0,11-04-2025
HPH0211,Vietnam Airlines,1769229,07:45,24 thg 4,09:45,24 thg 4,2h 0m,HPH,23.0,12.0,12-04-2025
HPH0211,Vietnam Airlines,2025972,07:45,24 thg 4,09:45,24 thg 4,2h 0m,HPH,23.0,12.0,13-04-2025
HPH0211,Vietnam Airlines,2028969,07:45,24 thg 4,09:45,24 thg 4,2h 0m,HPH,23.0,12.0,14-04-2025
HPH0211,Vietnam Airlines,2233764,07:45,24 thg 4,09:45,24 thg 4,2h 0m,HPH,23.0,12.0,17-04-2025
HPH0211,Vietnam Airlines,2684313,07:45,24 thg 4,09:45,24 thg 4,2h 0m,HPH,23.0,12.0,18-04-2025
HPH0211,Vietnam Airlines,2679318,07:45,24 thg 4,09:45,24 thg 4,2h 0m,HPH,23.0,12.0,19-04-2025
HPH0211,Vietnam Airlines,2718279,07:45,24 thg 4,09:45,24 thg 4,2h 0m,HPH,23.0,12.0,20-04-2025
HPH0211,Vietnam Airlines,2718279,07:45,24 thg 4,09:45,24 thg 4,2h 0m,HPH,23.0,12.0,21-04-2025
HPH0211,Vietnam Airlines,4017553,07:45,24 thg 4,09:45,24 thg 4,2h 0m,HPH,23.0,12.0,22-04-2025
HPH0212,Vietnam Airlines,2440710,07:45,25 thg 4,09:45,25 thg 4,2h 0m,HPH,23.0,12.0,07-04-2025
HPH0212,Vietnam Airlines,2440710,07:45,25 thg 4,09:45,25 thg 4,2h 0m,HPH,23.0,12.0,08-04-2025
HPH0212,Vietnam Airlines,2535537,07:45,25 thg 4,09:45,25 thg 4,2h 0m,HPH,23.0,12.0,09-04-2025
HPH0212,Vietnam Airlines,2659338,07:45,25 thg 4,09:45,25 thg 4,2h 0m,HPH,23.0,12.0,10-04-2025
HPH0212,Vietnam Airlines,2895283,07:45,25 thg 4,09:45,25 thg 4,2h 0m,HPH,23.0,12.0,11-04-2025
HPH0212,Vietnam Airlines,2948049,07:45,25 thg 4,09:45,25 thg 4,2h 0m,HPH,23.0,12.0,12-04-2025
HPH0212,Vietnam Airlines,3159837,07:45,25 thg 4,09:45,25 thg 4,2h 0m,HPH,23.0,12.0,13-04-2025
HPH0212,Vietnam Airlines,3153843,07:45,25 thg 4,09:45,25 thg 4,2h 0m,HPH,23.0,12.0,14-04-2025
HPH0212,Vietnam Airlines,3162834,07:45,25 thg 4,09:45,25 thg 4,2h 0m,HPH,23.0,12.0,15-04-2025
HPH0212,Vietnam Airlines,3145851,07:45,25 thg 4,09:45,25 thg 4,2h 0m,HPH,23.0,12.0,16-04-2025
HPH0212,Vietnam Airlines,2686311,07:45,25 thg 4,09:45,25 thg 4,2h 0m,HPH,23.0,12.0,17-04-2025
HPH0212,Vietnam Airlines,3401595,07:45,25 thg 4,09:45,25 thg 4,2h 0m,HPH,23.0,12.0,18-04-2025
HPH0212,Vietnam Airlines,3395601,07:45,25 thg 4,09:45,25 thg 4,2h 0m,HPH,23.0,12.0,19-04-2025
HPH0212,Vietnam Airlines,3439557,07:45,25 thg 4,09:45,25 thg 4,2h 0m,HPH,23.0,12.0,20-04-2025
HPH0212,Vietnam Airlines,3439557,07:45,25 thg 4,09:45,25 thg 4,2h 0m,HPH,23.0,12.0,21-04-2025
HPH0213,Vietnam Airlines,2440710,07:45,26 thg 4,09:45,26 thg 4,2h 0m,HPH,23.0,12.0,07-04-2025
HPH0213,Vietnam Airlines,2440710,07:45,26 thg 4,09:45,26 thg 4,2h 0m,HPH,23.0,12.0,08-04-2025
HPH0213,Vietnam Airlines,2444971,07:45,26 thg 4,09:45,26 thg 4,2h 0m,HPH,23.0,12.0,09-04-2025
HPH0213,Vietnam Airlines,2451546,07:45,26 thg 4,09:45,26 thg 4,2h 0m,HPH,23.0,12.0,10-04-2025
HPH0213,Vietnam Airlines,2447462,07:45,26 thg 4,09:45,26 thg 4,2h 0m,HPH,23.0,12.0,11-04-2025
HPH0213,Vietnam Airlines,2460537,07:45,26 thg 4,09:45,26 thg 4,2h 0m,HPH,23.0,12.0,12-04-2025
HPH0213,Vietnam Airlines,2499498,07:45,26 thg 4,09:45,26 thg 4,2h 0m,HPH,23.0,12.0,13-04-2025
HPH0213,Vietnam Airlines,2706291,07:45,26 thg 4,09:45,26 thg 4,2h 0m,HPH,23.0,12.0,16-04-2025
HPH0213,Vietnam Airlines,2255742,07:45,26 thg 4,09:45,26 thg 4,2h 0m,HPH,23.0,12.0,17-04-2025
HPH0213,Vietnam Airlines,2242755,07:45,26 thg 4,09:45,26 thg 4,2h 0m,HPH,23.0,12.0,18-04-2025
HPH0213,Vietnam Airlines,2908089,07:45,26 thg 4,09:45,26 thg 4,2h 0m,HPH,23.0,12.0,22-04-2025
HPH0213,Vietnam Airlines,3405591,07:45,26 thg 4,09:45,26 thg 4,2h 0m,HPH,23.0,12.0,23-04-2025
HPH0213,Vietnam Airlines,3907089,07:45,26 thg 4,09:45,26 thg 4,2h 0m,HPH,23.0,12.0,24-04-2025
HPH0213,Vietnam Airlines,4017553,07:45,26 thg 4,09:45,26 thg 4,2h 0m,HPH,23.0,12.0,25-04-2025
HPH0214,Vietnam Airlines,2440710,07:45,27 thg 4,09:45,27 thg 4,2h 0m,HPH,23.0,12.0,07-04-2025
HPH0214,Vietnam Airlines,2440710,07:45,27 thg 4,09:45,27 thg 4,2h 0m,HPH,23.0,12.0,08-04-2025
HPH0214,Vietnam Airlines,2444971,07:45,27 thg 4,09:45,27 thg 4,2h 0m,HPH,23.0,12.0,09-04-2025
HPH0214,Vietnam Airlines,2487510,07:45,27 thg 4,09:45,27 thg 4,2h 0m,HPH,23.0,12.0,14-04-2025
HPH0214,Vietnam Airlines,2475522,07:45,27 thg 4,09:45,27 thg 4,2h 0m,HPH,23.0,12.0,16-04-2025
HPH0214,Vietnam Airlines,2001996,07:45,27 thg 4,09:45,27 thg 4,2h 0m,HPH,23.0,12.0,17-04-2025
HPH0214,Vietnam Airlines,2250747,07:45,27 thg 4,09:45,27 thg 4,2h 0m,HPH,23.0,12.0,18-04-2025
HPH0214,Vietnam Airlines,2228769,07:45,27 thg 4,09:45,27 thg 4,2h 0m,HPH,23.0,12.0,19-04-2025
HPH0214,Vietnam Airlines,2908089,07:45,27 thg 4,09:45,27 thg 4,2h 0m,HPH,23.0,12.0,22-04-2025
HPH0214,Vietnam Airlines,4017553,07:45,27 thg 4,09:45,27 thg 4,2h 0m,HPH,23.0,12.0,26-04-2025
HPH0215,Vietnam Airlines,2217417,07:45,28 thg 4,09:45,28 thg 4,2h 0m,HPH,23.0,12.0,07-04-2025
HPH0215,Vietnam Airlines,2217417,07:45,28 thg 4,09:45,28 thg 4,2h 0m,HPH,23.0,12.0,08-04-2025
HPH0215,Vietnam Airlines,2221290,07:45,28 thg 4,09:45,28 thg 4,2h 0m,HPH,23.0,12.0,09-04-2025
HPH0215,Vietnam Airlines,2248749,07:45,28 thg 4,09:45,28 thg 4,2h 0m,HPH,23.0,12.0,11-04-2025
HPH0215,Vietnam Airlines,2448051,07:45,28 thg 4,09:45,28 thg 4,2h 0m,HPH,23.0,12.0,12-04-2025
HPH0215,Vietnam Airlines,2469528,07:45,28 thg 4,09:45,28 thg 4,2h 0m,HPH,23.0,12.0,13-04-2025
HPH0215,Vietnam Airlines,2447713,07:45,28 thg 4,09:45,28 thg 4,2h 0m,HPH,23.0,12.0,14-04-2025
HPH0215,Vietnam Airlines,2474523,07:45,28 thg 4,09:45,28 thg 4,2h 0m,HPH,23.0,12.0,15-04-2025
HPH0215,Vietnam Airlines,2030967,07:45,28 thg 4,09:45,28 thg 4,2h 0m,HPH,23.0,12.0,17-04-2025
HPH0215,Vietnam Airlines,2008989,07:45,28 thg 4,09:45,28 thg 4,2h 0m,HPH,23.0,12.0,18-04-2025
HPH0215,Vietnam Airlines,2002995,07:45,28 thg 4,09:45,28 thg 4,2h 0m,HPH,23.0,12.0,19-04-2025
HPH0215,Vietnam Airlines,1998000,07:45,28 thg 4,09:45,28 thg 4,2h 0m,HPH,23.0,12.0,20-04-2025
HPH0215,Vietnam Airlines,1998000,07:45,28 thg 4,09:45,28 thg 4,2h 0m,HPH,23.0,12.0,21-04-2025
HPH0216,Vietnam Airlines,2887295,07:45,29 thg 4,09:45,29 thg 4,2h 0m,HPH,23.0,12.0,07-04-2025
HPH0216,Vietnam Airlines,2896101,07:45,29 thg 4,09:45,29 thg 4,2h 0m,HPH,23.0,12.0,09-04-2025
HPH0216,Vietnam Airlines,2882115,07:45,29 thg 4,09:45,29 thg 4,2h 0m,HPH,23.0,12.0,10-04-2025
HPH0216,Vietnam Airlines,2896101,07:45,29 thg 4,09:45,29 thg 4,2h 0m,HPH,23.0,12.0,11-04-2025
HPH0216,Vietnam Airlines,2895980,07:45,29 thg 4,09:45,29 thg 4,2h 0m,HPH,23.0,12.0,12-04-2025
HPH0216,Vietnam Airlines,2928069,07:45,29 thg 4,09:45,29 thg 4,2h 0m,HPH,23.0,12.0,13-04-2025
HPH0216,Vietnam Airlines,2944053,07:45,29 thg 4,09:45,29 thg 4,2h 0m,HPH,23.0,12.0,14-04-2025
HPH0216,Vietnam Airlines,2470527,07:45,29 thg 4,09:45,29 thg 4,2h 0m,HPH,23.0,12.0,15-04-2025
HPH0216,Vietnam Airlines,2478519,07:45,29 thg 4,09:45,29 thg 4,2h 0m,HPH,23.0,12.0,16-04-2025
HPH0216,Vietnam Airlines,2001996,07:45,29 thg 4,09:45,29 thg 4,2h 0m,HPH,23.0,12.0,17-04-2025
HPH0216,Vietnam Airlines,2030967,07:45,29 thg 4,09:45,29 thg 4,2h 0m,HPH,23.0,12.0,18-04-2025
HPH0216,Vietnam Airlines,2236761,07:45,29 thg 4,09:45,29 thg 4,2h 0m,HPH,23.0,12.0,19-04-2025
HPH0216,Vietnam Airlines,2231766,07:45,29 thg 4,09:45,29 thg 4,2h 0m,HPH,23.0,12.0,20-04-2025
HPH0216,Vietnam Airlines,2231766,07:45,29 thg 4,09:45,29 thg 4,2h 0m,HPH,23.0,12.0,21-04-2025
HPH0216,Vietnam Airlines,2473524,07:45,29 thg 4,09:45,29 thg 4,2h 0m,HPH,23.0,12.0,22-04-2025
HPH0216,Vietnam Airlines,2464533,07:45,29 thg 4,09:45,29 thg 4,2h 0m,HPH,23.0,12.0,23-04-2025
HPH0216,Vietnam Airlines,2914083,07:45,29 thg 4,09:45,29 thg 4,2h 0m,HPH,23.0,12.0,24-04-2025
HPH0216,Vietnam Airlines,2916081,07:45,29 thg 4,09:45,29 thg 4,2h 0m,HPH,23.0,12.0,25-04-2025
HPH0216,Vietnam Airlines,3417579,07:45,29 thg 4,09:45,29 thg 4,2h 0m,HPH,23.0,12.0,26-04-2025
HPH0217,Vietnam Airlines,3867300,07:45,30 thg 4,09:45,30 thg 4,2h 0m,HPH,23.0,12.0,07-04-2025
HPH0217,Vietnam Airlines,3866130,07:45,30 thg 4,09:45,30 thg 4,2h 0m,HPH,23.0,12.0,10-04-2025
HPH0217,Vietnam Airlines,3924072,07:45,30 thg 4,09:45,30 thg 4,2h 0m,HPH,23.0,12.0,12-04-2025
HPH0217,Vietnam Airlines,3944052,07:45,30 thg 4,09:45,30 thg 4,2h 0m,HPH,23.0,12.0,13-04-2025
HPH0217,Vietnam Airlines,3696300,07:45,30 thg 4,09:45,30 thg 4,2h 0m,HPH,23.0,12.0,15-04-2025
HPH0217,Vietnam Airlines,3665331,07:45,30 thg 4,09:45,30 thg 4,2h 0m,HPH,23.0,12.0,16-04-2025
HPH0217,Vietnam Airlines,3413583,07:45,30 thg 4,09:45,30 thg 4,2h 0m,HPH,23.0,12.0,24-04-2025
HPH0217,Vietnam Airlines,3896100,07:45,30 thg 4,09:45,30 thg 4,2h 0m,HPH,23.0,12.0,26-04-2025
HPH0218,Vietnam Airlines,2671326,12:15,24 thg 4,14:20,24 thg 4,2h 5m,HPH,23.0,12.0,17-04-2025
HPH0218,Vietnam Airlines,2915082,12:15,24 thg 4,14:20,24 thg 4,2h 5m,HPH,23.0,12.0,18-04-2025
HPH0218,Vietnam Airlines,2262735,12:15,24 thg 4,14:20,24 thg 4,2h 5m,HPH,23.0,12.0,19-04-2025
HPH0218,Vietnam Airlines,2675322,12:15,24 thg 4,14:20,24 thg 4,2h 5m,HPH,23.0,12.0,20-04-2025
HPH0218,Vietnam Airlines,2675322,12:15,24 thg 4,14:20,24 thg 4,2h 5m,HPH,23.0,12.0,21-04-2025
HPH0219,Vietnam Airlines,2887295,13:20,01 thg 5,15:25,01 thg 5,2h 5m,HPH,23.0,12.0,07-04-2025
HPH0219,Vietnam Airlines,2466531,13:20,01 thg 5,15:25,01 thg 5,2h 5m,HPH,23.0,12.0,11-04-2025
HPH0219,Vietnam Airlines,2493504,13:20,01 thg 5,15:25,01 thg 5,2h 5m,HPH,23.0,12.0,12-04-2025
HPH0219,Vietnam Airlines,2491506,13:20,01 thg 5,15:25,01 thg 5,2h 5m,HPH,23.0,12.0,13-04-2025
HPH0219,Vietnam Airlines,2464533,13:20,01 thg 5,15:25,01 thg 5,2h 5m,HPH,23.0,12.0,14-04-2025
HPH0219,Vietnam Airlines,2462535,13:20,01 thg 5,15:25,01 thg 5,2h 5m,HPH,23.0,12.0,15-04-2025
HPH0219,Vietnam Airlines,2452545,13:20,01 thg 5,15:25,01 thg 5,2h 5m,HPH,23.0,12.0,16-04-2025
HPH0219,Vietnam Airlines,2257740,13:20,01 thg 5,15:25,01 thg 5,2h 5m,HPH,23.0,12.0,17-04-2025
HPH0219,Vietnam Airlines,2242755,13:20,01 thg 5,15:25,01 thg 5,2h 5m,HPH,23.0,12.0,18-04-2025
HPH0219,Vietnam Airlines,2229768,13:20,01 thg 5,15:25,01 thg 5,2h 5m,HPH,23.0,12.0,19-04-2025
HPH0219,Vietnam Airlines,2480517,13:20,01 thg 5,15:25,01 thg 5,2h 5m,HPH,23.0,12.0,20-04-2025
HPH0219,Vietnam Airlines,2482515,13:20,01 thg 5,15:25,01 thg 5,2h 5m,HPH,23.0,12.0,21-04-2025
HPH0219,Vietnam Airlines,3117559,13:20,01 thg 5,15:25,01 thg 5,2h 5m,HPH,23.0,12.0,22-04-2025
HPH0219,Vietnam Airlines,3164832,13:20,01 thg 5,15:25,01 thg 5,2h 5m,HPH,23.0,12.0,23-04-2025
HPH0219,Vietnam Airlines,3642572,13:20,01 thg 5,15:25,01 thg 5,2h 5m,HPH,23.0,12.0,24-04-2025
HPH0219,Vietnam Airlines,3429567,13:20,01 thg 5,15:25,01 thg 5,2h 5m,HPH,23.0,12.0,26-04-2025
HPH0219,Vietnam Airlines,3643150,13:20,01 thg 5,15:25,01 thg 5,2h 5m,HPH,23.0,12.0,27-04-2025
HPH0219,Vietnam Airlines,3924072,13:20,01 thg 5,15:25,01 thg 5,2h 5m,HPH,23.0,12.0,30-04-2025
HPH0220,Vietnam Airlines,2887295,13:20,02 thg 5,15:25,02 thg 5,2h 5m,HPH,23.0,12.0,07-04-2025
HPH0220,Vietnam Airlines,2448051,13:20,02 thg 5,15:25,02 thg 5,2h 5m,HPH,23.0,12.0,12-04-2025
HPH0220,Vietnam Airlines,2495502,13:20,02 thg 5,15:25,02 thg 5,2h 5m,HPH,23.0,12.0,13-04-2025
HPH0220,Vietnam Airlines,2920077,13:20,02 thg 5,15:25,02 thg 5,2h 5m,HPH,23.0,12.0,14-04-2025
HPH0220,Vietnam Airlines,2920077,13:20,02 thg 5,15:25,02 thg 5,2h 5m,HPH,23.0,12.0,15-04-2025
HPH0220,Vietnam Airlines,2682315,13:20,02 thg 5,15:25,02 thg 5,2h 5m,HPH,23.0,12.0,17-04-2025
HPH0220,Vietnam Airlines,2681316,13:20,02 thg 5,15:25,02 thg 5,2h 5m,HPH,23.0,12.0,18-04-2025
HPH0220,Vietnam Airlines,2675322,13:20,02 thg 5,15:25,02 thg 5,2h 5m,HPH,23.0,12.0,19-04-2025
HPH0220,Vietnam Airlines,2915082,13:20,02 thg 5,15:25,02 thg 5,2h 5m,HPH,23.0,12.0,20-04-2025
HPH0220,Vietnam Airlines,3374000,13:20,02 thg 5,15:25,02 thg 5,2h 5m,HPH,23.0,12.0,21-04-2025
HPH0220,Vietnam Airlines,3374000,13:20,02 thg 5,15:25,02 thg 5,2h 5m,HPH,23.0,12.0,22-04-2025
HPH0220,Vietnam Airlines,3439557,13:20,02 thg 5,15:25,02 thg 5,2h 5m,HPH,23.0,12.0,23-04-2025
HPH0220,Vietnam Airlines,3410586,13:20,02 thg 5,15:25,02 thg 5,2h 5m,HPH,23.0,12.0,24-04-2025
HPH0220,Vietnam Airlines,3409587,13:20,02 thg 5,15:25,02 thg 5,2h 5m,HPH,23.0,12.0,25-04-2025
HPH0220,Vietnam Airlines,3698298,13:20,02 thg 5,15:25,02 thg 5,2h 5m,HPH,23.0,12.0,26-04-2025
HPH0220,Vietnam Airlines,3909087,13:20,02 thg 5,15:25,02 thg 5,2h 5m,HPH,23.0,12.0,27-04-2025
HPH0220,Vietnam Airlines,4017553,13:20,02 thg 5,15:25,02 thg 5,2h 5m,HPH,23.0,12.0,28-04-2025
HPH0220,Vietnam Airlines,4017553,13:20,02 thg 5,15:25,02 thg 5,2h 5m,HPH,23.0,12.0,30-04-2025
HPH0221,Vietnam Airlines,3121958,13:20,03 thg 5,15:25,03 thg 5,2h 5m,HPH,23.0,12.0,07-04-2025
HPH0221,Vietnam Airlines,3374622,13:20,03 thg 5,15:25,03 thg 5,2h 5m,HPH,23.0,12.0,13-04-2025
HPH0221,Vietnam Airlines,3688308,13:20,03 thg 5,15:25,03 thg 5,2h 5m,HPH,23.0,12.0,14-04-2025
HPH0221,Vietnam Airlines,3400596,13:20,03 thg 5,15:25,03 thg 5,2h 5m,HPH,23.0,12.0,15-04-2025
HPH0221,Vietnam Airlines,3392604,13:20,03 thg 5,15:25,03 thg 5,2h 5m,HPH,23.0,12.0,16-04-2025
HPH0221,Vietnam Airlines,3679317,13:20,03 thg 5,15:25,03 thg 5,2h 5m,HPH,23.0,12.0,17-04-2025
HPH0221,Vietnam Airlines,3406590,13:20,03 thg 5,15:25,03 thg 5,2h 5m,HPH,23.0,12.0,18-04-2025
HPH0221,Vietnam Airlines,3690306,13:20,03 thg 5,15:25,03 thg 5,2h 5m,HPH,23.0,12.0,19-04-2025
HPH0221,Vietnam Airlines,3684312,13:20,03 thg 5,15:25,03 thg 5,2h 5m,HPH,23.0,12.0,20-04-2025
HPH0221,Vietnam Airlines,3684312,13:20,03 thg 5,15:25,03 thg 5,2h 5m,HPH,23.0,12.0,21-04-2025
HPH0221,Vietnam Airlines,3889107,13:20,03 thg 5,15:25,03 thg 5,2h 5m,HPH,23.0,12.0,26-04-2025
HPH0221,Vietnam Airlines,3864132,13:20,03 thg 5,15:25,03 thg 5,2h 5m,HPH,23.0,12.0,28-04-2025
HPH0222,Vietnam Airlines,3647109,13:20,04 thg 5,15:25,04 thg 5,2h 5m,HPH,23.0,12.0,07-04-2025
HPH0222,Vietnam Airlines,3899097,13:20,04 thg 5,15:25,04 thg 5,2h 5m,HPH,23.0,12.0,14-04-2025
HPH0222,Vietnam Airlines,3910086,13:20,04 thg 5,15:25,04 thg 5,2h 5m,HPH,23.0,12.0,15-04-2025
HPH0222,Vietnam Airlines,3891105,13:20,04 thg 5,15:25,04 thg 5,2h 5m,HPH,23.0,12.0,16-04-2025
HPH0222,Vietnam Airlines,3911085,13:20,04 thg 5,15:25,04 thg 5,2h 5m,HPH,23.0,12.0,17-04-2025
HPH0222,Vietnam Airlines,3857875,13:20,04 thg 5,15:25,04 thg 5,2h 5m,HPH,23.0,12.0,22-04-2025
HPH0222,Vietnam Airlines,3921075,13:20,04 thg 5,15:25,04 thg 5,2h 5m,HPH,23.0,12.0,25-04-2025
HPH0223,Vietnam Airlines,2217417,13:20,05 thg 5,15:25,05 thg 5,2h 5m,HPH,23.0,12.0,07-04-2025
HPH0223,Vietnam Airlines,2685312,13:20,05 thg 5,15:25,05 thg 5,2h 5m,HPH,23.0,12.0,15-04-2025
HPH0223,Vietnam Airlines,2673324,13:20,05 thg 5,15:25,05 thg 5,2h 5m,HPH,23.0,12.0,16-04-2025
HPH0223,Vietnam Airlines,2232303,13:20,05 thg 5,15:25,05 thg 5,2h 5m,HPH,23.0,12.0,17-04-2025
HPH0223,Vietnam Airlines,2708289,13:20,05 thg 5,15:25,05 thg 5,2h 5m,HPH,23.0,12.0,19-04-2025
HPH0223,Vietnam Airlines,2696301,13:20,05 thg 5,15:25,05 thg 5,2h 5m,HPH,23.0,12.0,20-04-2025
HPH0223,Vietnam Airlines,2690307,13:20,05 thg 5,15:25,05 thg 5,2h 5m,HPH,23.0,12.0,21-04-2025
HPH0223,Vietnam Airlines,2882834,13:20,05 thg 5,15:25,05 thg 5,2h 5m,HPH,23.0,12.0,22-04-2025
HPH0223,Vietnam Airlines,3174822,13:20,05 thg 5,15:25,05 thg 5,2h 5m,HPH,23.0,12.0,23-04-2025
HPH0223,Vietnam Airlines,3689307,13:20,05 thg 5,15:25,05 thg 5,2h 5m,HPH,23.0,12.0,27-04-2025
HPH0224,Vietnam Airlines,2883114,13:20,06 thg 5,15:25,06 thg 5,2h 5m,HPH,23.0,12.0,01-05-2025
HPH0224,Vietnam Airlines,3118937,13:20,06 thg 5,15:25,06 thg 5,2h 5m,HPH,23.0,12.0,02-05-2025
HPH0224,Vietnam Airlines,3788807,13:20,06 thg 5,15:25,06 thg 5,2h 5m,HPH,23.0,12.0,04-05-2025
HPH0224,Vietnam Airlines,1994126,13:20,06 thg 5,15:25,06 thg 5,2h 5m,HPH,23.0,12.0,07-04-2025
HPH0224,Vietnam Airlines,2011986,13:20,06 thg 5,15:25,06 thg 5,2h 5m,HPH,23.0,12.0,16-04-2025
HPH0224,Vietnam Airlines,2011986,13:20,06 thg 5,15:25,06 thg 5,2h 5m,HPH,23.0,12.0,17-04-2025
HPH0224,Vietnam Airlines,2008989,13:20,06 thg 5,15:25,06 thg 5,2h 5m,HPH,23.0,12.0,18-04-2025
HPH0224,Vietnam Airlines,1999998,13:20,06 thg 5,15:25,06 thg 5,2h 5m,HPH,23.0,12.0,19-04-2025
HPH0224,Vietnam Airlines,1990008,13:20,06 thg 5,15:25,06 thg 5,2h 5m,HPH,23.0,12.0,20-04-2025
HPH0224,Vietnam Airlines,1990008,13:20,06 thg 5,15:25,06 thg 5,2h 5m,HPH,23.0,12.0,21-04-2025
HPH0224,Vietnam Airlines,2231805,13:20,06 thg 5,15:25,06 thg 5,2h 5m,HPH,23.0,12.0,22-04-2025
HPH0224,Vietnam Airlines,2249748,13:20,06 thg 5,15:25,06 thg 5,2h 5m,HPH,23.0,12.0,23-04-2025
HPH0224,Vietnam Airlines,2246751,13:20,06 thg 5,15:25,06 thg 5,2h 5m,HPH,23.0,12.0,24-04-2025
HPH0224,Vietnam Airlines,2244753,13:20,06 thg 5,15:25,06 thg 5,2h 5m,HPH,23.0,12.0,25-04-2025
HPH0224,Vietnam Airlines,2682315,13:20,06 thg 5,15:25,06 thg 5,2h 5m,HPH,23.0,12.0,26-04-2025
HPH0224,Vietnam Airlines,2663517,13:20,06 thg 5,15:25,06 thg 5,2h 5m,HPH,23.0,12.0,27-04-2025
HPH0224,Vietnam Airlines,2662322,13:20,06 thg 5,15:25,06 thg 5,2h 5m,HPH,23.0,12.0,28-04-2025
HPH0224,Vietnam Airlines,2894103,13:20,06 thg 5,15:25,06 thg 5,2h 5m,HPH,23.0,12.0,29-04-2025
HPH0224,Vietnam Airlines,2885112,13:20,06 thg 5,15:25,06 thg 5,2h 5m,HPH,23.0,12.0,30-04-2025
HPH0225,Vietnam Airlines,2458831,13:20,07 thg 5,15:25,07 thg 5,2h 5m,HPH,23.0,12.0,01-05-2025
HPH0225,Vietnam Airlines,2705292,13:20,07 thg 5,15:25,07 thg 5,2h 5m,HPH,23.0,12.0,02-05-2025
HPH0225,Vietnam Airlines,2708289,13:20,07 thg 5,15:25,07 thg 5,2h 5m,HPH,23.0,12.0,03-05-2025
HPH0225,Vietnam Airlines,2947050,13:20,07 thg 5,15:25,07 thg 5,2h 5m,HPH,23.0,12.0,04-05-2025
HPH0225,Vietnam Airlines,1770832,13:20,07 thg 5,15:25,07 thg 5,2h 5m,HPH,23.0,12.0,07-04-2025
HPH0225,Vietnam Airlines,1809189,13:20,07 thg 5,15:25,07 thg 5,2h 5m,HPH,23.0,12.0,17-04-2025
HPH0225,Vietnam Airlines,1756242,13:20,07 thg 5,15:25,07 thg 5,2h 5m,HPH,23.0,12.0,18-04-2025
HPH0225,Vietnam Airlines,1758240,13:20,07 thg 5,15:25,07 thg 5,2h 5m,HPH,23.0,12.0,19-04-2025
HPH0225,Vietnam Airlines,2007063,13:20,07 thg 5,15:25,07 thg 5,2h 5m,HPH,23.0,12.0,22-04-2025
HPH0225,Vietnam Airlines,2041956,13:20,07 thg 5,15:25,07 thg 5,2h 5m,HPH,23.0,12.0,23-04-2025
HPH0225,Vietnam Airlines,2033964,13:20,07 thg 5,15:25,07 thg 5,2h 5m,HPH,23.0,12.0,24-04-2025
HPH0225,Vietnam Airlines,2237760,13:20,07 thg 5,15:25,07 thg 5,2h 5m,HPH,23.0,12.0,25-04-2025
HPH0225,Vietnam Airlines,2234763,13:20,07 thg 5,15:25,07 thg 5,2h 5m,HPH,23.0,12.0,26-04-2025
HPH0225,Vietnam Airlines,2235163,13:20,07 thg 5,15:25,07 thg 5,2h 5m,HPH,23.0,12.0,27-04-2025
HPH0225,Vietnam Airlines,2215782,13:20,07 thg 5,15:25,07 thg 5,2h 5m,HPH,23.0,12.0,28-04-2025
HPH0225,Vietnam Airlines,2457616,13:20,07 thg 5,15:25,07 thg 5,2h 5m,HPH,23.0,12.0,29-04-2025
HPH0225,Vietnam Airlines,2476521,13:20,07 thg 5,15:25,07 thg 5,2h 5m,HPH,23.0,12.0,30-04-2025
HPH0226,Vietnam Airlines,2458831,13:20,08 thg 5,15:25,08 thg 5,2h 5m,HPH,23.0,12.0,01-05-2025
HPH0226,Vietnam Airlines,2479518,13:20,08 thg 5,15:25,08 thg 5,2h 5m,HPH,23.0,12.0,02-05-2025
HPH0226,Vietnam Airlines,2708289,13:20,08 thg 5,15:25,08 thg 5,2h 5m,HPH,23.0,12.0,03-05-2025
HPH0226,Vietnam Airlines,2913084,13:20,08 thg 5,15:25,08 thg 5,2h 5m,HPH,23.0,12.0,04-05-2025
HPH0226,Vietnam Airlines,3373256,13:20,08 thg 5,15:25,08 thg 5,2h 5m,HPH,23.0,10.0,05-05-2025
HPH0226,Vietnam Airlines,3638196,13:20,08 thg 5,15:25,08 thg 5,2h 5m,HPH,23.0,10.0,06-05-2025
HPH0226,Vietnam Airlines,1994126,13:20,08 thg 5,15:25,08 thg 5,2h 5m,HPH,23.0,12.0,07-04-2025
HPH0226,Vietnam Airlines,4017553,13:20,08 thg 5,15:25,08 thg 5,2h 5m,HPH,23.0,10.0,07-05-2025
HPH0226,Vietnam Airlines,1786212,13:20,08 thg 5,15:25,08 thg 5,2h 5m,HPH,23.0,12.0,18-04-2025
HPH0226,Vietnam Airlines,1772226,13:20,08 thg 5,15:25,08 thg 5,2h 5m,HPH,23.0,12.0,19-04-2025
HPH0226,Vietnam Airlines,1767231,13:20,08 thg 5,15:25,08 thg 5,2h 5m,HPH,23.0,12.0,20-04-2025
HPH0226,Vietnam Airlines,1770228,13:20,08 thg 5,15:25,08 thg 5,2h 5m,HPH,23.0,12.0,21-04-2025
HPH0226,Vietnam Airlines,1987011,13:20,08 thg 5,15:25,08 thg 5,2h 5m,HPH,23.0,12.0,22-04-2025
HPH0226,Vietnam Airlines,2017980,13:20,08 thg 5,15:25,08 thg 5,2h 5m,HPH,23.0,12.0,23-04-2025
HPH0226,Vietnam Airlines,1996002,13:20,08 thg 5,15:25,08 thg 5,2h 5m,HPH,23.0,12.0,24-04-2025
HPH0226,Vietnam Airlines,1998999,13:20,08 thg 5,15:25,08 thg 5,2h 5m,HPH,23.0,12.0,25-04-2025
HPH0226,Vietnam Airlines,1968030,13:20,08 thg 5,15:25,08 thg 5,2h 5m,HPH,23.0,12.0,26-04-2025
HPH0226,Vietnam Airlines,1956042,13:20,08 thg 5,15:25,08 thg 5,2h 5m,HPH,23.0,12.0,27-04-2025
HPH0226,Vietnam Airlines,2245752,13:20,08 thg 5,15:25,08 thg 5,2h 5m,HPH,23.0,12.0,28-04-2025
HPH0226,Vietnam Airlines,2232777,13:20,08 thg 5,15:25,08 thg 5,2h 5m,HPH,23.0,12.0,29-04-2025
HPH0226,Vietnam Airlines,2449548,13:20,08 thg 5,15:25,08 thg 5,2h 5m,HPH,23.0,12.0,30-04-2025
HPH0227,Vietnam Airlines,2458831,13:20,09 thg 5,15:25,09 thg 5,2h 5m,HPH,23.0,12.0,01-05-2025
HPH0227,Vietnam Airlines,2479518,13:20,09 thg 5,15:25,09 thg 5,2h 5m,HPH,23.0,12.0,02-05-2025
HPH0227,Vietnam Airlines,2767505,13:20,09 thg 5,15:25,09 thg 5,2h 5m,HPH,23.0,12.0,03-05-2025
HPH0227,Vietnam Airlines,2535537,13:20,09 thg 5,15:25,09 thg 5,2h 5m,HPH,23.0,12.0,04-05-2025
HPH0227,Vietnam Airlines,3148848,13:20,09 thg 5,15:25,09 thg 5,2h 5m,HPH,23.0,10.0,05-05-2025
HPH0227,Vietnam Airlines,3673323,13:20,09 thg 5,15:25,09 thg 5,2h 5m,HPH,23.0,10.0,06-05-2025
HPH0227,Vietnam Airlines,2217417,13:20,09 thg 5,15:25,09 thg 5,2h 5m,HPH,23.0,12.0,07-04-2025
HPH0227,Vietnam Airlines,2009988,13:20,09 thg 5,15:25,09 thg 5,2h 5m,HPH,23.0,12.0,19-04-2025
HPH0227,Vietnam Airlines,2000997,13:20,09 thg 5,15:25,09 thg 5,2h 5m,HPH,23.0,12.0,20-04-2025
HPH0227,Vietnam Airlines,2000997,13:20,09 thg 5,15:25,09 thg 5,2h 5m,HPH,23.0,12.0,21-04-2025
HPH0227,Vietnam Airlines,1987011,13:20,09 thg 5,15:25,09 thg 5,2h 5m,HPH,23.0,12.0,22-04-2025
HPH0227,Vietnam Airlines,1992006,13:20,09 thg 5,15:25,09 thg 5,2h 5m,HPH,23.0,12.0,23-04-2025
HPH0227,Vietnam Airlines,1991007,13:20,09 thg 5,15:25,09 thg 5,2h 5m,HPH,23.0,12.0,24-04-2025
HPH0227,Vietnam Airlines,1994004,13:20,09 thg 5,15:25,09 thg 5,2h 5m,HPH,23.0,12.0,25-04-2025
HPH0227,Vietnam Airlines,2234763,13:20,09 thg 5,15:25,09 thg 5,2h 5m,HPH,23.0,12.0,26-04-2025
HPH0227,Vietnam Airlines,2235163,13:20,09 thg 5,15:25,09 thg 5,2h 5m,HPH,23.0,12.0,27-04-2025
HPH0227,Vietnam Airlines,2233764,13:20,09 thg 5,15:25,09 thg 5,2h 5m,HPH,23.0,12.0,28-04-2025
HPH0227,Vietnam Airlines,2190807,13:20,09 thg 5,15:25,09 thg 5,2h 5m,HPH,23.0,12.0,29-04-2025
HPH0227,Vietnam Airlines,2458223,13:20,09 thg 5,15:25,09 thg 5,2h 5m,HPH,23.0,12.0,30-04-2025
HPH0228,Vietnam Airlines,2233880,13:20,10 thg 5,15:25,10 thg 5,2h 5m,HPH,23.0,12.0,01-05-2025
HPH0228,Vietnam Airlines,2457623,13:20,10 thg 5,15:25,10 thg 5,2h 5m,HPH,23.0,12.0,02-05-2025
HPH0228,Vietnam Airlines,2457623,13:20,10 thg 5,15:25,10 thg 5,2h 5m,HPH,23.0,12.0,03-05-2025
HPH0228,Vietnam Airlines,2660149,13:20,10 thg 5,15:25,10 thg 5,2h 5m,HPH,23.0,12.0,04-05-2025
HPH0228,Vietnam Airlines,2683314,13:20,10 thg 5,15:25,10 thg 5,2h 5m,HPH,23.0,10.0,05-05-2025
HPH0228,Vietnam Airlines,2679318,13:20,10 thg 5,15:25,10 thg 5,2h 5m,HPH,23.0,10.0,06-05-2025
HPH0228,Vietnam Airlines,1770832,13:20,10 thg 5,15:25,10 thg 5,2h 5m,HPH,23.0,12.0,07-04-2025
HPH0228,Vietnam Airlines,2936061,13:20,10 thg 5,15:25,10 thg 5,2h 5m,HPH,23.0,10.0,07-05-2025
HPH0228,Vietnam Airlines,2999473,13:20,10 thg 5,15:25,10 thg 5,2h 5m,HPH,23.0,10.0,08-05-2025
HPH0228,Vietnam Airlines,3859137,13:20,10 thg 5,15:25,10 thg 5,2h 5m,HPH,23.0,10.0,09-05-2025
HPH0228,Vietnam Airlines,1804194,13:20,10 thg 5,15:25,10 thg 5,2h 5m,HPH,23.0,12.0,20-04-2025
HPH0228,Vietnam Airlines,1800198,13:20,10 thg 5,15:25,10 thg 5,2h 5m,HPH,23.0,12.0,21-04-2025
HPH0228,Vietnam Airlines,2007063,13:20,10 thg 5,15:25,10 thg 5,2h 5m,HPH,23.0,12.0,22-04-2025
HPH0228,Vietnam Airlines,2042955,13:20,10 thg 5,15:25,10 thg 5,2h 5m,HPH,23.0,12.0,23-04-2025
HPH0228,Vietnam Airlines,2028969,13:20,10 thg 5,15:25,10 thg 5,2h 5m,HPH,23.0,12.0,24-04-2025
HPH0228,Vietnam Airlines,2026971,13:20,10 thg 5,15:25,10 thg 5,2h 5m,HPH,23.0,12.0,25-04-2025
HPH0228,Vietnam Airlines,2014983,13:20,10 thg 5,15:25,10 thg 5,2h 5m,HPH,23.0,12.0,26-04-2025
HPH0228,Vietnam Airlines,1956042,13:20,10 thg 5,15:25,10 thg 5,2h 5m,HPH,23.0,12.0,27-04-2025
HPH0228,Vietnam Airlines,2007990,13:20,10 thg 5,15:25,10 thg 5,2h 5m,HPH,23.0,12.0,28-04-2025
HPH0228,Vietnam Airlines,2200797,13:20,10 thg 5,15:25,10 thg 5,2h 5m,HPH,23.0,12.0,29-04-2025
HPH0228,Vietnam Airlines,2192805,13:20,10 thg 5,15:25,10 thg 5,2h 5m,HPH,23.0,12.0,30-04-2025
HPH0229,Vietnam Airlines,2233880,13:20,11 thg 5,15:25,11 thg 5,2h 5m,HPH,23.0,12.0,01-05-2025
HPH0229,Vietnam Airlines,2240757,13:20,11 thg 5,15:25,11 thg 5,2h 5m,HPH,23.0,12.0,02-05-2025
HPH0229,Vietnam Airlines,2695302,13:20,11 thg 5,15:25,11 thg 5,2h 5m,HPH,23.0,12.0,04-05-2025
HPH0229,Vietnam Airlines,3636822,13:20,11 thg 5,15:25,11 thg 5,2h 5m,HPH,23.0,10.0,05-05-2025
HPH0229,Vietnam Airlines,3699297,13:20,11 thg 5,15:25,11 thg 5,2h 5m,HPH,23.0,10.0,06-05-2025
HPH0229,Vietnam Airlines,1994126,13:20,11 thg 5,15:25,11 thg 5,2h 5m,HPH,23.0,12.0,07-04-2025
HPH0229,Vietnam Airlines,1763235,13:20,11 thg 5,15:25,11 thg 5,2h 5m,HPH,23.0,12.0,21-04-2025
HPH0229,Vietnam Airlines,2034963,13:20,11 thg 5,15:25,11 thg 5,2h 5m,HPH,23.0,12.0,22-04-2025
HPH0229,Vietnam Airlines,2014983,13:20,11 thg 5,15:25,11 thg 5,2h 5m,HPH,23.0,12.0,23-04-2025
HPH0229,Vietnam Airlines,2010987,13:20,11 thg 5,15:25,11 thg 5,2h 5m,HPH,23.0,12.0,24-04-2025
HPH0229,Vietnam Airlines,2032965,13:20,11 thg 5,15:25,11 thg 5,2h 5m,HPH,23.0,12.0,26-04-2025
HPH0229,Vietnam Airlines,1956042,13:20,11 thg 5,15:25,11 thg 5,2h 5m,HPH,23.0,12.0,27-04-2025
HPH0229,Vietnam Airlines,2255742,13:20,11 thg 5,15:25,11 thg 5,2h 5m,HPH,23.0,12.0,30-04-2025
HPH0230,Vietnam Airlines,1994126,13:20,21 thg 4,15:25,21 thg 4,2h 5m,HPH,23.0,12.0,07-04-2025
HPH0230,Vietnam Airlines,2217417,13:20,21 thg 4,15:25,21 thg 4,2h 5m,HPH,23.0,12.0,08-04-2025
HPH0230,Vietnam Airlines,1995003,13:20,21 thg 4,15:25,21 thg 4,2h 5m,HPH,23.0,12.0,09-04-2025
HPH0230,Vietnam Airlines,1961037,13:20,21 thg 4,15:25,21 thg 4,2h 5m,HPH,23.0,12.0,10-04-2025
HPH0230,Vietnam Airlines,1965033,13:20,21 thg 4,15:25,21 thg 4,2h 5m,HPH,23.0,12.0,11-04-2025
HPH0230,Vietnam Airlines,1965033,13:20,21 thg 4,15:25,21 thg 4,2h 5m,HPH,23.0,12.0,12-04-2025
HPH0230,Vietnam Airlines,2040957,13:20,21 thg 4,15:25,21 thg 4,2h 5m,HPH,23.0,12.0,13-04-2025
HPH0230,Vietnam Airlines,2028969,13:20,21 thg 4,15:25,21 thg 4,2h 5m,HPH,23.0,12.0,14-04-2025
HPH0230,Vietnam Airlines,2013984,13:20,21 thg 4,15:25,21 thg 4,2h 5m,HPH,23.0,12.0,15-04-2025
HPH0230,Vietnam Airlines,2667330,13:20,21 thg 4,15:25,21 thg 4,2h 5m,HPH,23.0,12.0,17-04-2025
HPH0230,Vietnam Airlines,2674323,13:20,21 thg 4,15:25,21 thg 4,2h 5m,HPH,23.0,12.0,18-04-2025
HPH0230,Vietnam Airlines,2675322,13:20,21 thg 4,15:25,21 thg 4,2h 5m,HPH,23.0,12.0,19-04-2025
HPH0230,Vietnam Airlines,3416580,13:20,21 thg 4,15:25,21 thg 4,2h 5m,HPH,23.0,12.0,20-04-2025
HPH0231,Vietnam Airlines,1994126,13:20,22 thg 4,15:25,22 thg 4,2h 5m,HPH,23.0,12.0,07-04-2025
HPH0231,Vietnam Airlines,1994126,13:20,22 thg 4,15:25,22 thg 4,2h 5m,HPH,23.0,12.0,08-04-2025
HPH0231,Vietnam Airlines,1788210,13:20,22 thg 4,15:25,22 thg 4,2h 5m,HPH,23.0,12.0,09-04-2025
HPH0231,Vietnam Airlines,1767231,13:20,22 thg 4,15:25,22 thg 4,2h 5m,HPH,23.0,12.0,10-04-2025
HPH0231,Vietnam Airlines,1769229,13:20,22 thg 4,15:25,22 thg 4,2h 5m,HPH,23.0,12.0,11-04-2025
HPH0231,Vietnam Airlines,1769229,13:20,22 thg 4,15:25,22 thg 4,2h 5m,HPH,23.0,12.0,12-04-2025
HPH0231,Vietnam Airlines,1771227,13:20,22 thg 4,15:25,22 thg 4,2h 5m,HPH,23.0,12.0,13-04-2025
HPH0231,Vietnam Airlines,2024973,13:20,22 thg 4,15:25,22 thg 4,2h 5m,HPH,23.0,12.0,14-04-2025
HPH0231,Vietnam Airlines,2016981,13:20,22 thg 4,15:25,22 thg 4,2h 5m,HPH,23.0,12.0,15-04-2025
HPH0231,Vietnam Airlines,2003994,13:20,22 thg 4,15:25,22 thg 4,2h 5m,HPH,23.0,12.0,16-04-2025
HPH0231,Vietnam Airlines,2215782,13:20,22 thg 4,15:25,22 thg 4,2h 5m,HPH,23.0,12.0,17-04-2025
HPH0231,Vietnam Airlines,2216781,13:20,22 thg 4,15:25,22 thg 4,2h 5m,HPH,23.0,12.0,18-04-2025
HPH0231,Vietnam Airlines,2217780,13:20,22 thg 4,15:25,22 thg 4,2h 5m,HPH,23.0,12.0,19-04-2025
HPH0231,Vietnam Airlines,2681316,13:20,22 thg 4,15:25,22 thg 4,2h 5m,HPH,23.0,12.0,20-04-2025
HPH0231,Vietnam Airlines,2882834,13:20,22 thg 4,15:25,22 thg 4,2h 5m,HPH,23.0,12.0,21-04-2025
HPH0232,Vietnam Airlines,1994126,13:20,23 thg 4,15:25,23 thg 4,2h 5m,HPH,23.0,12.0,07-04-2025
HPH0232,Vietnam Airlines,1994126,13:20,23 thg 4,15:25,23 thg 4,2h 5m,HPH,23.0,12.0,08-04-2025
HPH0232,Vietnam Airlines,1785213,13:20,23 thg 4,15:25,23 thg 4,2h 5m,HPH,23.0,12.0,09-04-2025
HPH0232,Vietnam Airlines,1766232,13:20,23 thg 4,15:25,23 thg 4,2h 5m,HPH,23.0,12.0,10-04-2025
HPH0232,Vietnam Airlines,1769229,13:20,23 thg 4,15:25,23 thg 4,2h 5m,HPH,23.0,12.0,11-04-2025
HPH0232,Vietnam Airlines,1769229,13:20,23 thg 4,15:25,23 thg 4,2h 5m,HPH,23.0,12.0,12-04-2025
HPH0232,Vietnam Airlines,1771227,13:20,23 thg 4,15:25,23 thg 4,2h 5m,HPH,23.0,12.0,13-04-2025
HPH0232,Vietnam Airlines,2024973,13:20,23 thg 4,15:25,23 thg 4,2h 5m,HPH,23.0,12.0,14-04-2025
HPH0232,Vietnam Airlines,2027970,13:20,23 thg 4,15:25,23 thg 4,2h 5m,HPH,23.0,12.0,15-04-2025
HPH0232,Vietnam Airlines,2016981,13:20,23 thg 4,15:25,23 thg 4,2h 5m,HPH,23.0,12.0,16-04-2025
HPH0233,Vietnam Airlines,1994126,13:20,24 thg 4,15:25,24 thg 4,2h 5m,HPH,23.0,12.0,07-04-2025
HPH0233,Vietnam Airlines,1994126,13:20,24 thg 4,15:25,24 thg 4,2h 5m,HPH,23.0,12.0,08-04-2025
HPH0233,Vietnam Airlines,1995003,13:20,24 thg 4,15:25,24 thg 4,2h 5m,HPH,23.0,12.0,09-04-2025
HPH0233,Vietnam Airlines,1978020,13:20,24 thg 4,15:25,24 thg 4,2h 5m,HPH,23.0,12.0,10-04-2025
HPH0233,Vietnam Airlines,1977021,13:20,24 thg 4,15:25,24 thg 4,2h 5m,HPH,23.0,12.0,11-04-2025
HPH0233,Vietnam Airlines,1976022,13:20,24 thg 4,15:25,24 thg 4,2h 5m,HPH,23.0,12.0,12-04-2025
HPH0233,Vietnam Airlines,2040957,13:20,24 thg 4,15:25,24 thg 4,2h 5m,HPH,23.0,12.0,13-04-2025
HPH0233,Vietnam Airlines,2013984,13:20,24 thg 4,15:25,24 thg 4,2h 5m,HPH,23.0,12.0,15-04-2025
HPH0234,Vietnam Airlines,2217417,13:20,25 thg 4,15:25,25 thg 4,2h 5m,HPH,23.0,12.0,07-04-2025
HPH0234,Vietnam Airlines,2217417,13:20,25 thg 4,15:25,25 thg 4,2h 5m,HPH,23.0,12.0,08-04-2025
HPH0234,Vietnam Airlines,2223774,13:20,25 thg 4,15:25,25 thg 4,2h 5m,HPH,23.0,12.0,09-04-2025
HPH0234,Vietnam Airlines,2188809,13:20,25 thg 4,15:25,25 thg 4,2h 5m,HPH,23.0,12.0,10-04-2025
HPH0234,Vietnam Airlines,2253744,13:20,25 thg 4,15:25,25 thg 4,2h 5m,HPH,23.0,12.0,11-04-2025
HPH0234,Vietnam Airlines,2253744,13:20,25 thg 4,15:25,25 thg 4,2h 5m,HPH,23.0,12.0,12-04-2025
HPH0234,Vietnam Airlines,2476521,13:20,25 thg 4,15:25,25 thg 4,2h 5m,HPH,23.0,12.0,13-04-2025
HPH0234,Vietnam Airlines,2470527,13:20,25 thg 4,15:25,25 thg 4,2h 5m,HPH,23.0,12.0,14-04-2025
HPH0234,Vietnam Airlines,2473524,13:20,25 thg 4,15:25,25 thg 4,2h 5m,HPH,23.0,12.0,15-04-2025
HPH0234,Vietnam Airlines,2459538,13:20,25 thg 4,15:25,25 thg 4,2h 5m,HPH,23.0,12.0,16-04-2025
HPH0235,Vietnam Airlines,2440710,13:20,26 thg 4,15:25,26 thg 4,2h 5m,HPH,23.0,12.0,07-04-2025
HPH0235,Vietnam Airlines,2440710,13:20,26 thg 4,15:25,26 thg 4,2h 5m,HPH,23.0,12.0,08-04-2025
HPH0235,Vietnam Airlines,2444971,13:20,26 thg 4,15:25,26 thg 4,2h 5m,HPH,23.0,12.0,09-04-2025
HPH0235,Vietnam Airlines,2208789,13:20,26 thg 4,15:25,26 thg 4,2h 5m,HPH,23.0,12.0,10-04-2025
HPH0235,Vietnam Airlines,2447462,13:20,26 thg 4,15:25,26 thg 4,2h 5m,HPH,23.0,12.0,11-04-2025
HPH0235,Vietnam Airlines,2493504,13:20,26 thg 4,15:25,26 thg 4,2h 5m,HPH,23.0,12.0,12-04-2025
HPH0235,Vietnam Airlines,2488509,13:20,26 thg 4,15:25,26 thg 4,2h 5m,HPH,23.0,12.0,13-04-2025
HPH0235,Vietnam Airlines,2469528,13:20,26 thg 4,15:25,26 thg 4,2h 5m,HPH,23.0,12.0,14-04-2025
HPH0235,Vietnam Airlines,2471526,13:20,26 thg 4,15:25,26 thg 4,2h 5m,HPH,23.0,12.0,15-04-2025
HPH0235,Vietnam Airlines,2459538,13:20,26 thg 4,15:25,26 thg 4,2h 5m,HPH,23.0,12.0,16-04-2025
HPH0235,Vietnam Airlines,2011986,13:20,26 thg 4,15:25,26 thg 4,2h 5m,HPH,23.0,12.0,17-04-2025
HPH0235,Vietnam Airlines,2236761,13:20,26 thg 4,15:25,26 thg 4,2h 5m,HPH,23.0,12.0,19-04-2025
HPH0235,Vietnam Airlines,2480517,13:20,26 thg 4,15:25,26 thg 4,2h 5m,HPH,23.0,12.0,20-04-2025
HPH0235,Vietnam Airlines,2480517,13:20,26 thg 4,15:25,26 thg 4,2h 5m,HPH,23.0,12.0,21-04-2025
HPH0235,Vietnam Airlines,2904093,13:20,26 thg 4,15:25,26 thg 4,2h 5m,HPH,23.0,12.0,22-04-2025
HPH0235,Vietnam Airlines,3405591,13:20,26 thg 4,15:25,26 thg 4,2h 5m,HPH,23.0,12.0,23-04-2025
HPH0235,Vietnam Airlines,3701295,13:20,26 thg 4,15:25,26 thg 4,2h 5m,HPH,23.0,12.0,24-04-2025
HPH0235,Vietnam Airlines,4017553,13:20,26 thg 4,15:25,26 thg 4,2h 5m,HPH,23.0,12.0,25-04-2025
HPH0236,Vietnam Airlines,2462535,13:20,27 thg 4,15:25,27 thg 4,2h 5m,HPH,23.0,12.0,15-04-2025
HPH0236,Vietnam Airlines,2446551,13:20,27 thg 4,15:25,27 thg 4,2h 5m,HPH,23.0,12.0,16-04-2025
HPH0236,Vietnam Airlines,2001996,13:20,27 thg 4,15:25,27 thg 4,2h 5m,HPH,23.0,12.0,17-04-2025
HPH0236,Vietnam Airlines,1998000,13:20,27 thg 4,15:25,27 thg 4,2h 5m,HPH,23.0,12.0,18-04-2025
HPH0236,Vietnam Airlines,1988010,13:20,27 thg 4,15:25,27 thg 4,2h 5m,HPH,23.0,12.0,19-04-2025
HPH0236,Vietnam Airlines,2030967,13:20,27 thg 4,15:25,27 thg 4,2h 5m,HPH,23.0,12.0,20-04-2025
HPH0236,Vietnam Airlines,2030967,13:20,27 thg 4,15:25,27 thg 4,2h 5m,HPH,23.0,12.0,21-04-2025
HPH0236,Vietnam Airlines,2231766,13:20,27 thg 4,15:25,27 thg 4,2h 5m,HPH,23.0,12.0,22-04-2025
HPH0236,Vietnam Airlines,2535537,13:20,27 thg 4,15:25,27 thg 4,2h 5m,HPH,23.0,12.0,23-04-2025
HPH0237,Vietnam Airlines,2226771,13:20,28 thg 4,15:25,28 thg 4,2h 5m,HPH,23.0,12.0,17-04-2025
HPH0237,Vietnam Airlines,1988010,13:20,28 thg 4,15:25,28 thg 4,2h 5m,HPH,23.0,12.0,19-04-2025
HPH0237,Vietnam Airlines,1987011,13:20,28 thg 4,15:25,28 thg 4,2h 5m,HPH,23.0,12.0,20-04-2025
HPH0237,Vietnam Airlines,1987011,13:20,28 thg 4,15:25,28 thg 4,2h 5m,HPH,23.0,12.0,21-04-2025
HPH0237,Vietnam Airlines,2242755,13:20,28 thg 4,15:25,28 thg 4,2h 5m,HPH,23.0,12.0,22-04-2025
HPH0237,Vietnam Airlines,2244753,13:20,28 thg 4,15:25,28 thg 4,2h 5m,HPH,23.0,12.0,23-04-2025
HPH0238,Vietnam Airlines,2670720,13:20,29 thg 4,15:25,29 thg 4,2h 5m,HPH,23.0,12.0,15-04-2025
HPH0238,Vietnam Airlines,2644353,13:20,29 thg 4,15:25,29 thg 4,2h 5m,HPH,23.0,12.0,16-04-2025
HPH0238,Vietnam Airlines,2257740,13:20,29 thg 4,15:25,29 thg 4,2h 5m,HPH,23.0,12.0,17-04-2025
HPH0238,Vietnam Airlines,2484513,13:20,29 thg 4,15:25,29 thg 4,2h 5m,HPH,23.0,12.0,18-04-2025
HPH0238,Vietnam Airlines,2474523,13:20,29 thg 4,15:25,29 thg 4,2h 5m,HPH,23.0,12.0,19-04-2025
HPH0238,Vietnam Airlines,2469528,13:20,29 thg 4,15:25,29 thg 4,2h 5m,HPH,23.0,12.0,20-04-2025
HPH0238,Vietnam Airlines,2469528,13:20,29 thg 4,15:25,29 thg 4,2h 5m,HPH,23.0,12.0,21-04-2025
HPH0238,Vietnam Airlines,2949048,13:20,29 thg 4,15:25,29 thg 4,2h 5m,HPH,23.0,12.0,22-04-2025
HPH0238,Vietnam Airlines,2941056,13:20,29 thg 4,15:25,29 thg 4,2h 5m,HPH,23.0,12.0,23-04-2025
HPH0238,Vietnam Airlines,2914083,13:20,29 thg 4,15:25,29 thg 4,2h 5m,HPH,23.0,12.0,24-04-2025
HPH0238,Vietnam Airlines,3412584,13:20,29 thg 4,15:25,29 thg 4,2h 5m,HPH,23.0,12.0,25-04-2025
HPH0239,Vietnam Airlines,2887295,13:20,30 thg 4,15:25,30 thg 4,2h 5m,HPH,23.0,12.0,07-04-2025
HPH0239,Vietnam Airlines,2211786,13:20,30 thg 4,15:25,30 thg 4,2h 5m,HPH,23.0,12.0,10-04-2025
HPH0239,Vietnam Airlines,2463534,13:20,30 thg 4,15:25,30 thg 4,2h 5m,HPH,23.0,12.0,11-04-2025
HPH0239,Vietnam Airlines,2468529,13:20,30 thg 4,15:25,30 thg 4,2h 5m,HPH,23.0,12.0,12-04-2025
HPH0239,Vietnam Airlines,2495502,13:20,30 thg 4,15:25,30 thg 4,2h 5m,HPH,23.0,12.0,13-04-2025
HPH0239,Vietnam Airlines,2694303,13:20,30 thg 4,15:25,30 thg 4,2h 5m,HPH,23.0,12.0,14-04-2025
HPH0239,Vietnam Airlines,2692305,13:20,30 thg 4,15:25,30 thg 4,2h 5m,HPH,23.0,12.0,15-04-2025
HPH0239,Vietnam Airlines,2681316,13:20,30 thg 4,15:25,30 thg 4,2h 5m,HPH,23.0,12.0,16-04-2025
HPH0239,Vietnam Airlines,2030967,13:20,30 thg 4,15:25,30 thg 4,2h 5m,HPH,23.0,12.0,17-04-2025
HPH0239,Vietnam Airlines,2253744,13:20,30 thg 4,15:25,30 thg 4,2h 5m,HPH,23.0,12.0,18-04-2025
HPH0239,Vietnam Airlines,2247750,13:20,30 thg 4,15:25,30 thg 4,2h 5m,HPH,23.0,12.0,19-04-2025
HPH0239,Vietnam Airlines,2469528,13:20,30 thg 4,15:25,30 thg 4,2h 5m,HPH,23.0,12.0,20-04-2025
HPH0239,Vietnam Airlines,2469528,13:20,30 thg 4,15:25,30 thg 4,2h 5m,HPH,23.0,12.0,21-04-2025
HPH0239,Vietnam Airlines,2700297,13:20,30 thg 4,15:25,30 thg 4,2h 5m,HPH,23.0,12.0,22-04-2025
HPH0239,Vietnam Airlines,2908089,13:20,30 thg 4,15:25,30 thg 4,2h 5m,HPH,23.0,12.0,23-04-2025
HPH0239,Vietnam Airlines,2914083,13:20,30 thg 4,15:25,30 thg 4,2h 5m,HPH,23.0,12.0,24-04-2025
HPH0240,Vietnam Airlines,2440710,13:25,27 thg 4,15:25,27 thg 4,2h 0m,HPH,23.0,12.0,07-04-2025
HPH0240,Vietnam Airlines,2440710,13:25,27 thg 4,15:25,27 thg 4,2h 0m,HPH,23.0,12.0,08-04-2025
HPH0240,Vietnam Airlines,2444971,13:25,27 thg 4,15:25,27 thg 4,2h 0m,HPH,23.0,12.0,09-04-2025
HPH0240,Vietnam Airlines,2448549,13:25,27 thg 4,15:25,27 thg 4,2h 0m,HPH,23.0,12.0,10-04-2025
HPH0240,Vietnam Airlines,2448549,13:25,27 thg 4,15:25,27 thg 4,2h 0m,HPH,23.0,12.0,11-04-2025
HPH0240,Vietnam Airlines,2453544,13:25,27 thg 4,15:25,27 thg 4,2h 0m,HPH,23.0,12.0,12-04-2025
HPH0240,Vietnam Airlines,2454543,13:25,27 thg 4,15:25,27 thg 4,2h 0m,HPH,23.0,12.0,13-04-2025
HPH0241,Vietnam Airlines,2217417,13:25,28 thg 4,15:25,28 thg 4,2h 0m,HPH,23.0,12.0,07-04-2025
HPH0241,Vietnam Airlines,2440710,13:25,28 thg 4,15:25,28 thg 4,2h 0m,HPH,23.0,12.0,08-04-2025
HPH0241,Vietnam Airlines,2444971,13:25,28 thg 4,15:25,28 thg 4,2h 0m,HPH,23.0,12.0,09-04-2025
HPH0241,Vietnam Airlines,2444553,13:25,28 thg 4,15:25,28 thg 4,2h 0m,HPH,23.0,12.0,10-04-2025
HPH0241,Vietnam Airlines,2448051,13:25,28 thg 4,15:25,28 thg 4,2h 0m,HPH,23.0,12.0,12-04-2025
HPH0241,Vietnam Airlines,2685312,13:25,28 thg 4,15:25,28 thg 4,2h 0m,HPH,23.0,12.0,14-04-2025
HPH0242,Vietnam Airlines,2887295,13:25,29 thg 4,15:25,29 thg 4,2h 0m,HPH,23.0,12.0,07-04-2025
HPH0242,Vietnam Airlines,2889108,13:25,29 thg 4,15:25,29 thg 4,2h 0m,HPH,23.0,12.0,09-04-2025
HPH0242,Vietnam Airlines,2875122,13:25,29 thg 4,15:25,29 thg 4,2h 0m,HPH,23.0,12.0,10-04-2025
HPH0242,Vietnam Airlines,2888109,13:25,29 thg 4,15:25,29 thg 4,2h 0m,HPH,23.0,12.0,11-04-2025
HPH0242,Vietnam Airlines,2895980,13:25,29 thg 4,15:25,29 thg 4,2h 0m,HPH,23.0,12.0,12-04-2025
HPH0242,Vietnam Airlines,2894103,13:25,29 thg 4,15:25,29 thg 4,2h 0m,HPH,23.0,12.0,13-04-2025
HPH0242,Vietnam Airlines,2892105,13:25,29 thg 4,15:25,29 thg 4,2h 0m,HPH,23.0,12.0,14-04-2025
HPH0243,Vietnam Airlines,2000997,13:45,23 thg 4,15:50,23 thg 4,2h 5m,HPH,23.0,12.0,17-04-2025
HPH0243,Vietnam Airlines,2253744,13:45,23 thg 4,15:50,23 thg 4,2h 5m,HPH,23.0,12.0,18-04-2025
HPH0243,Vietnam Airlines,2244753,13:45,23 thg 4,15:50,23 thg 4,2h 5m,HPH,23.0,12.0,19-04-2025
HPH0243,Vietnam Airlines,2681316,13:45,23 thg 4,15:50,23 thg 4,2h 5m,HPH,23.0,12.0,20-04-2025
HPH0243,Vietnam Airlines,2681316,13:45,23 thg 4,15:50,23 thg 4,2h 5m,HPH,23.0,12.0,21-04-2025
HPH0244,Vietnam Airlines,3900096,14:00,24 thg 4,16:05,24 thg 4,2h 5m,HPH,23.0,12.0,22-04-2025
HPH0245,Vietnam Airlines,2708289,15:20,27 thg 4,17:25,27 thg 4,2h 5m,HPH,23.0,12.0,24-04-2025
HPH0245,Vietnam Airlines,2712285,15:20,27 thg 4,17:25,27 thg 4,2h 5m,HPH,23.0,12.0,25-04-2025
HPH0245,Vietnam Airlines,2999473,15:20,27 thg 4,17:25,27 thg 4,2h 5m,HPH,23.0,12.0,26-04-2025
HPH0246,Vietnam Airlines,2240757,15:20,28 thg 4,17:25,28 thg 4,2h 5m,HPH,23.0,12.0,24-04-2025
HPH0246,Vietnam Airlines,2237760,15:20,28 thg 4,17:25,28 thg 4,2h 5m,HPH,23.0,12.0,25-04-2025
HPH0246,Vietnam Airlines,2704293,15:20,28 thg 4,17:25,28 thg 4,2h 5m,HPH,23.0,12.0,26-04-2025
HPH0246,Vietnam Airlines,3379117,15:20,28 thg 4,17:25,28 thg 4,2h 5m,HPH,23.0,12.0,27-04-2025
HPH0247,Vietnam Airlines,2919078,16:10,29 thg 4,18:15,29 thg 4,2h 5m,HPH,23.0,12.0,26-04-2025
HPH0247,Vietnam Airlines,3379117,16:10,29 thg 4,18:15,29 thg 4,2h 5m,HPH,23.0,12.0,27-04-2025
HPH0247,Vietnam Airlines,3675321,16:10,29 thg 4,18:15,29 thg 4,2h 5m,HPH,23.0,12.0,28-04-2025
HPH0248,Vietnam Airlines,2238759,16:20,30 thg 4,18:25,30 thg 4,2h 5m,HPH,23.0,12.0,26-04-2025
HPH0248,Vietnam Airlines,2887208,16:20,30 thg 4,18:25,30 thg 4,2h 5m,HPH,23.0,12.0,27-04-2025
HPH0248,Vietnam Airlines,3117879,16:20,30 thg 4,18:25,30 thg 4,2h 5m,HPH,23.0,12.0,28-04-2025
HPH0249,Vietnam Airlines,2000997,16:25,25 thg 4,18:30,25 thg 4,2h 5m,HPH,23.0,12.0,17-04-2025
HPH0249,Vietnam Airlines,1998000,16:25,25 thg 4,18:30,25 thg 4,2h 5m,HPH,23.0,12.0,18-04-2025
HPH0249,Vietnam Airlines,1988010,16:25,25 thg 4,18:30,25 thg 4,2h 5m,HPH,23.0,12.0,19-04-2025
HPH0249,Vietnam Airlines,2242755,16:25,25 thg 4,18:30,25 thg 4,2h 5m,HPH,23.0,12.0,20-04-2025
HPH0249,Vietnam Airlines,2242755,16:25,25 thg 4,18:30,25 thg 4,2h 5m,HPH,23.0,12.0,21-04-2025
HPH0249,Vietnam Airlines,2681316,16:25,25 thg 4,18:30,25 thg 4,2h 5m,HPH,23.0,12.0,22-04-2025
HPH0249,Vietnam Airlines,2916081,16:25,25 thg 4,18:30,25 thg 4,2h 5m,HPH,23.0,12.0,23-04-2025
HPH0249,Vietnam Airlines,3448548,16:25,25 thg 4,18:30,25 thg 4,2h 5m,HPH,23.0,12.0,24-04-2025
HPH0250,Vietnam Airlines,2927070,17:45,30 thg 4,19:50,30 thg 4,2h 5m,HPH,23.0,12.0,29-04-2025
HPH0251,Vietnam Airlines,2887295,17:55,01 thg 5,19:55,01 thg 5,2h 0m,HPH,23.0,12.0,07-04-2025
HPH0251,Vietnam Airlines,2886111,17:55,01 thg 5,19:55,01 thg 5,2h 0m,HPH,23.0,12.0,11-04-2025
HPH0251,Vietnam Airlines,2893104,17:55,01 thg 5,19:55,01 thg 5,2h 0m,HPH,23.0,12.0,12-04-2025
HPH0251,Vietnam Airlines,2894103,17:55,01 thg 5,19:55,01 thg 5,2h 0m,HPH,23.0,12.0,13-04-2025
HPH0251,Vietnam Airlines,2894103,17:55,01 thg 5,19:55,01 thg 5,2h 0m,HPH,23.0,12.0,14-04-2025
HPH0251,Vietnam Airlines,2767505,17:55,01 thg 5,19:55,01 thg 5,2h 0m,HPH,23.0,12.0,15-04-2025
HPH0251,Vietnam Airlines,3112884,17:55,01 thg 5,19:55,01 thg 5,2h 0m,HPH,23.0,12.0,16-04-2025
HPH0251,Vietnam Airlines,2469528,17:55,01 thg 5,19:55,01 thg 5,2h 0m,HPH,23.0,12.0,17-04-2025
HPH0251,Vietnam Airlines,2688309,17:55,01 thg 5,19:55,01 thg 5,2h 0m,HPH,23.0,12.0,18-04-2025
HPH0251,Vietnam Airlines,3290706,17:55,01 thg 5,19:55,01 thg 5,2h 0m,HPH,23.0,12.0,22-04-2025
HPH0251,Vietnam Airlines,3924072,17:55,01 thg 5,19:55,01 thg 5,2h 0m,HPH,23.0,12.0,30-04-2025
HPH0252,Vietnam Airlines,2887295,17:55,02 thg 5,19:55,02 thg 5,2h 0m,HPH,23.0,12.0,07-04-2025
HPH0252,Vietnam Airlines,2895980,17:55,02 thg 5,19:55,02 thg 5,2h 0m,HPH,23.0,12.0,12-04-2025
HPH0252,Vietnam Airlines,3204792,17:55,02 thg 5,19:55,02 thg 5,2h 0m,HPH,23.0,12.0,13-04-2025
HPH0252,Vietnam Airlines,3155841,17:55,02 thg 5,19:55,02 thg 5,2h 0m,HPH,23.0,12.0,14-04-2025
HPH0252,Vietnam Airlines,2682315,17:55,02 thg 5,19:55,02 thg 5,2h 0m,HPH,23.0,12.0,17-04-2025
HPH0252,Vietnam Airlines,2913084,17:55,02 thg 5,19:55,02 thg 5,2h 0m,HPH,23.0,12.0,19-04-2025
HPH0252,Vietnam Airlines,2912085,17:55,02 thg 5,19:55,02 thg 5,2h 0m,HPH,23.0,12.0,20-04-2025
HPH0252,Vietnam Airlines,3117559,17:55,02 thg 5,19:55,02 thg 5,2h 0m,HPH,23.0,12.0,21-04-2025
HPH0252,Vietnam Airlines,3857875,17:55,02 thg 5,19:55,02 thg 5,2h 0m,HPH,23.0,12.0,22-04-2025
HPH0252,Vietnam Airlines,3912084,17:55,02 thg 5,19:55,02 thg 5,2h 0m,HPH,23.0,12.0,23-04-2025
HPH0252,Vietnam Airlines,3915081,17:55,02 thg 5,19:55,02 thg 5,2h 0m,HPH,23.0,12.0,24-04-2025
HPH0252,Vietnam Airlines,4017553,17:55,02 thg 5,19:55,02 thg 5,2h 0m,HPH,23.0,12.0,25-04-2025
HPH0252,Vietnam Airlines,3915081,17:55,02 thg 5,19:55,02 thg 5,2h 0m,HPH,23.0,12.0,26-04-2025
HPH0252,Vietnam Airlines,3897099,17:55,02 thg 5,19:55,02 thg 5,2h 0m,HPH,23.0,12.0,27-04-2025
HPH0253,Vietnam Airlines,3916080,17:55,03 thg 5,19:55,03 thg 5,2h 0m,HPH,23.0,12.0,23-04-2025
HPH0253,Vietnam Airlines,3915081,17:55,03 thg 5,19:55,03 thg 5,2h 0m,HPH,23.0,12.0,24-04-2025
HPH0253,Vietnam Airlines,3922074,17:55,03 thg 5,19:55,03 thg 5,2h 0m,HPH,23.0,12.0,25-04-2025
HPH0253,Vietnam Airlines,3853143,17:55,03 thg 5,19:55,03 thg 5,2h 0m,HPH,23.0,12.0,28-04-2025
HPH0253,Vietnam Airlines,3859570,17:55,03 thg 5,19:55,03 thg 5,2h 0m,HPH,23.0,12.0,29-04-2025
HPH0253,Vietnam Airlines,4017553,17:55,03 thg 5,19:55,03 thg 5,2h 0m,HPH,23.0,12.0,30-04-2025
HPH0254,Vietnam Airlines,3867300,17:55,04 thg 5,19:55,04 thg 5,2h 0m,HPH,23.0,12.0,07-04-2025
HPH0255,Vietnam Airlines,3871125,17:55,05 thg 5,19:55,05 thg 5,2h 0m,HPH,23.0,12.0,02-05-2025
HPH0255,Vietnam Airlines,2217417,17:55,05 thg 5,19:55,05 thg 5,2h 0m,HPH,23.0,12.0,07-04-2025
HPH0255,Vietnam Airlines,2685312,17:55,05 thg 5,19:55,05 thg 5,2h 0m,HPH,23.0,12.0,15-04-2025
HPH0255,Vietnam Airlines,2673324,17:55,05 thg 5,19:55,05 thg 5,2h 0m,HPH,23.0,12.0,16-04-2025
HPH0255,Vietnam Airlines,2232303,17:55,05 thg 5,19:55,05 thg 5,2h 0m,HPH,23.0,12.0,17-04-2025
HPH0255,Vietnam Airlines,2253744,17:55,05 thg 5,19:55,05 thg 5,2h 0m,HPH,23.0,12.0,18-04-2025
HPH0255,Vietnam Airlines,2247750,17:55,05 thg 5,19:55,05 thg 5,2h 0m,HPH,23.0,12.0,19-04-2025
HPH0255,Vietnam Airlines,2235762,17:55,05 thg 5,19:55,05 thg 5,2h 0m,HPH,23.0,12.0,20-04-2025
HPH0255,Vietnam Airlines,2230767,17:55,05 thg 5,19:55,05 thg 5,2h 0m,HPH,23.0,12.0,21-04-2025
HPH0255,Vietnam Airlines,2659482,17:55,05 thg 5,19:55,05 thg 5,2h 0m,HPH,23.0,12.0,22-04-2025
HPH0255,Vietnam Airlines,2936061,17:55,05 thg 5,19:55,05 thg 5,2h 0m,HPH,23.0,12.0,23-04-2025
HPH0255,Vietnam Airlines,2941056,17:55,05 thg 5,19:55,05 thg 5,2h 0m,HPH,23.0,12.0,24-04-2025
HPH0255,Vietnam Airlines,2943054,17:55,05 thg 5,19:55,05 thg 5,2h 0m,HPH,23.0,12.0,25-04-2025
HPH0255,Vietnam Airlines,3710286,17:55,05 thg 5,19:55,05 thg 5,2h 0m,HPH,23.0,12.0,26-04-2025
HPH0255,Vietnam Airlines,3671325,17:55,05 thg 5,19:55,05 thg 5,2h 0m,HPH,23.0,12.0,28-04-2025
HPH0256,Vietnam Airlines,2883114,17:55,06 thg 5,19:55,06 thg 5,2h 0m,HPH,23.0,12.0,01-05-2025
HPH0256,Vietnam Airlines,2884108,17:55,06 thg 5,19:55,06 thg 5,2h 0m,HPH,23.0,12.0,02-05-2025
HPH0256,Vietnam Airlines,3427569,17:55,06 thg 5,19:55,06 thg 5,2h 0m,HPH,23.0,12.0,04-05-2025
HPH0256,Vietnam Airlines,3902094,17:55,06 thg 5,19:55,06 thg 5,2h 0m,HPH,23.0,10.0,05-05-2025
HPH0256,Vietnam Airlines,1994126,17:55,06 thg 5,19:55,06 thg 5,2h 0m,HPH,23.0,12.0,07-04-2025
HPH0256,Vietnam Airlines,2014983,17:55,06 thg 5,19:55,06 thg 5,2h 0m,HPH,23.0,12.0,16-04-2025
HPH0256,Vietnam Airlines,1764234,17:55,06 thg 5,19:55,06 thg 5,2h 0m,HPH,23.0,12.0,17-04-2025
HPH0256,Vietnam Airlines,2008989,17:55,06 thg 5,19:55,06 thg 5,2h 0m,HPH,23.0,12.0,18-04-2025
HPH0256,Vietnam Airlines,1999998,17:55,06 thg 5,19:55,06 thg 5,2h 0m,HPH,23.0,12.0,19-04-2025
HPH0256,Vietnam Airlines,1990008,17:55,06 thg 5,19:55,06 thg 5,2h 0m,HPH,23.0,12.0,20-04-2025
HPH0256,Vietnam Airlines,1990008,17:55,06 thg 5,19:55,06 thg 5,2h 0m,HPH,23.0,12.0,21-04-2025
HPH0256,Vietnam Airlines,2007063,17:55,06 thg 5,19:55,06 thg 5,2h 0m,HPH,23.0,12.0,22-04-2025
HPH0256,Vietnam Airlines,2249748,17:55,06 thg 5,19:55,06 thg 5,2h 0m,HPH,23.0,12.0,23-04-2025
HPH0256,Vietnam Airlines,2246751,17:55,06 thg 5,19:55,06 thg 5,2h 0m,HPH,23.0,12.0,24-04-2025
HPH0256,Vietnam Airlines,2244753,17:55,06 thg 5,19:55,06 thg 5,2h 0m,HPH,23.0,12.0,25-04-2025
HPH0256,Vietnam Airlines,2704293,17:55,06 thg 5,19:55,06 thg 5,2h 0m,HPH,23.0,12.0,26-04-2025
HPH0256,Vietnam Airlines,2663517,17:55,06 thg 5,19:55,06 thg 5,2h 0m,HPH,23.0,12.0,27-04-2025
HPH0256,Vietnam Airlines,2662322,17:55,06 thg 5,19:55,06 thg 5,2h 0m,HPH,23.0,12.0,28-04-2025
HPH0256,Vietnam Airlines,3139857,17:55,06 thg 5,19:55,06 thg 5,2h 0m,HPH,23.0,12.0,29-04-2025
HPH0256,Vietnam Airlines,2885112,17:55,06 thg 5,19:55,06 thg 5,2h 0m,HPH,23.0,12.0,30-04-2025
HPH0257,Vietnam Airlines,2709288,17:55,07 thg 5,19:55,07 thg 5,2h 0m,HPH,23.0,12.0,01-05-2025
HPH0257,Vietnam Airlines,2701296,17:55,07 thg 5,19:55,07 thg 5,2h 0m,HPH,23.0,12.0,02-05-2025
HPH0257,Vietnam Airlines,2884108,17:55,07 thg 5,19:55,07 thg 5,2h 0m,HPH,23.0,12.0,03-05-2025
HPH0257,Vietnam Airlines,2913084,17:55,07 thg 5,19:55,07 thg 5,2h 0m,HPH,23.0,12.0,04-05-2025
HPH0257,Vietnam Airlines,3373256,17:55,07 thg 5,19:55,07 thg 5,2h 0m,HPH,23.0,10.0,05-05-2025
HPH0257,Vietnam Airlines,3710286,17:55,07 thg 5,19:55,07 thg 5,2h 0m,HPH,23.0,10.0,06-05-2025
HPH0257,Vietnam Airlines,1994126,17:55,07 thg 5,19:55,07 thg 5,2h 0m,HPH,23.0,12.0,07-04-2025
HPH0257,Vietnam Airlines,1805193,17:55,07 thg 5,19:55,07 thg 5,2h 0m,HPH,23.0,12.0,17-04-2025
HPH0257,Vietnam Airlines,1756242,17:55,07 thg 5,19:55,07 thg 5,2h 0m,HPH,23.0,12.0,18-04-2025
HPH0257,Vietnam Airlines,1758240,17:55,07 thg 5,19:55,07 thg 5,2h 0m,HPH,23.0,12.0,19-04-2025
HPH0257,Vietnam Airlines,1775223,17:55,07 thg 5,19:55,07 thg 5,2h 0m,HPH,23.0,12.0,20-04-2025
HPH0257,Vietnam Airlines,1748250,17:55,07 thg 5,19:55,07 thg 5,2h 0m,HPH,23.0,12.0,21-04-2025
HPH0257,Vietnam Airlines,2007063,17:55,07 thg 5,19:55,07 thg 5,2h 0m,HPH,23.0,12.0,22-04-2025
HPH0257,Vietnam Airlines,1986012,17:55,07 thg 5,19:55,07 thg 5,2h 0m,HPH,23.0,12.0,23-04-2025
HPH0257,Vietnam Airlines,1985013,17:55,07 thg 5,19:55,07 thg 5,2h 0m,HPH,23.0,12.0,24-04-2025
HPH0257,Vietnam Airlines,1987011,17:55,07 thg 5,19:55,07 thg 5,2h 0m,HPH,23.0,12.0,25-04-2025
HPH0257,Vietnam Airlines,2182815,17:55,07 thg 5,19:55,07 thg 5,2h 0m,HPH,23.0,12.0,26-04-2025
HPH0257,Vietnam Airlines,2235163,17:55,07 thg 5,19:55,07 thg 5,2h 0m,HPH,23.0,12.0,27-04-2025
HPH0257,Vietnam Airlines,2171826,17:55,07 thg 5,19:55,07 thg 5,2h 0m,HPH,23.0,12.0,28-04-2025
HPH0257,Vietnam Airlines,2678319,17:55,07 thg 5,19:55,07 thg 5,2h 0m,HPH,23.0,12.0,29-04-2025
HPH0257,Vietnam Airlines,2767505,17:55,07 thg 5,19:55,07 thg 5,2h 0m,HPH,23.0,12.0,30-04-2025
HPH0258,Vietnam Airlines,2697300,17:55,08 thg 5,19:55,08 thg 5,2h 0m,HPH,23.0,12.0,01-05-2025
HPH0258,Vietnam Airlines,2685312,17:55,08 thg 5,19:55,08 thg 5,2h 0m,HPH,23.0,12.0,02-05-2025
HPH0258,Vietnam Airlines,2952045,17:55,08 thg 5,19:55,08 thg 5,2h 0m,HPH,23.0,12.0,03-05-2025
HPH0258,Vietnam Airlines,3720276,17:55,08 thg 5,19:55,08 thg 5,2h 0m,HPH,23.0,12.0,04-05-2025
HPH0258,Vietnam Airlines,1994126,17:55,08 thg 5,19:55,08 thg 5,2h 0m,HPH,23.0,12.0,07-04-2025
HPH0258,Vietnam Airlines,1745253,17:55,08 thg 5,19:55,08 thg 5,2h 0m,HPH,23.0,12.0,18-04-2025
HPH0258,Vietnam Airlines,2000997,17:55,08 thg 5,19:55,08 thg 5,2h 0m,HPH,23.0,12.0,20-04-2025
HPH0258,Vietnam Airlines,2000997,17:55,08 thg 5,19:55,08 thg 5,2h 0m,HPH,23.0,12.0,21-04-2025
HPH0258,Vietnam Airlines,1990008,17:55,08 thg 5,19:55,08 thg 5,2h 0m,HPH,23.0,12.0,22-04-2025
HPH0258,Vietnam Airlines,1988010,17:55,08 thg 5,19:55,08 thg 5,2h 0m,HPH,23.0,12.0,23-04-2025
HPH0258,Vietnam Airlines,2253744,17:55,08 thg 5,19:55,08 thg 5,2h 0m,HPH,23.0,12.0,24-04-2025
HPH0258,Vietnam Airlines,1991007,17:55,08 thg 5,19:55,08 thg 5,2h 0m,HPH,23.0,12.0,25-04-2025
HPH0258,Vietnam Airlines,2180817,17:55,08 thg 5,19:55,08 thg 5,2h 0m,HPH,23.0,12.0,26-04-2025
HPH0258,Vietnam Airlines,2235163,17:55,08 thg 5,19:55,08 thg 5,2h 0m,HPH,23.0,12.0,27-04-2025
HPH0258,Vietnam Airlines,2459147,17:55,08 thg 5,19:55,08 thg 5,2h 0m,HPH,23.0,12.0,28-04-2025
HPH0258,Vietnam Airlines,2190807,17:55,08 thg 5,19:55,08 thg 5,2h 0m,HPH,23.0,12.0,29-04-2025
HPH0258,Vietnam Airlines,2303569,17:55,08 thg 5,19:55,08 thg 5,2h 0m,HPH,23.0,12.0,30-04-2025
HPH0259,Vietnam Airlines,1994126,17:55,09 thg 5,19:55,09 thg 5,2h 0m,HPH,23.0,12.0,07-04-2025
HPH0259,Vietnam Airlines,4017553,17:55,09 thg 5,19:55,09 thg 5,2h 0m,HPH,23.0,10.0,07-05-2025
HPH0259,Vietnam Airlines,1970028,17:55,09 thg 5,19:55,09 thg 5,2h 0m,HPH,23.0,12.0,19-04-2025
HPH0259,Vietnam Airlines,2000997,17:55,09 thg 5,19:55,09 thg 5,2h 0m,HPH,23.0,12.0,20-04-2025
HPH0259,Vietnam Airlines,2003994,17:55,09 thg 5,19:55,09 thg 5,2h 0m,HPH,23.0,12.0,21-04-2025
HPH0259,Vietnam Airlines,2239758,17:55,09 thg 5,19:55,09 thg 5,2h 0m,HPH,23.0,12.0,22-04-2025
HPH0259,Vietnam Airlines,2242755,17:55,09 thg 5,19:55,09 thg 5,2h 0m,HPH,23.0,12.0,23-04-2025
HPH0259,Vietnam Airlines,2237760,17:55,09 thg 5,19:55,09 thg 5,2h 0m,HPH,23.0,12.0,24-04-2025
HPH0259,Vietnam Airlines,2236761,17:55,09 thg 5,19:55,09 thg 5,2h 0m,HPH,23.0,12.0,25-04-2025
HPH0259,Vietnam Airlines,2460243,17:55,09 thg 5,19:55,09 thg 5,2h 0m,HPH,23.0,12.0,27-04-2025
HPH0259,Vietnam Airlines,2676321,17:55,09 thg 5,19:55,09 thg 5,2h 0m,HPH,23.0,12.0,28-04-2025
HPH0259,Vietnam Airlines,2897100,17:55,09 thg 5,19:55,09 thg 5,2h 0m,HPH,23.0,12.0,29-04-2025
HPH0260,Vietnam Airlines,2664333,17:55,10 thg 5,19:55,10 thg 5,2h 0m,HPH,23.0,12.0,01-05-2025
HPH0260,Vietnam Airlines,2670327,17:55,10 thg 5,19:55,10 thg 5,2h 0m,HPH,23.0,12.0,02-05-2025
HPH0260,Vietnam Airlines,2723274,17:55,10 thg 5,19:55,10 thg 5,2h 0m,HPH,23.0,12.0,03-05-2025
HPH0260,Vietnam Airlines,2660149,17:55,10 thg 5,19:55,10 thg 5,2h 0m,HPH,23.0,12.0,04-05-2025
HPH0260,Vietnam Airlines,2702295,17:55,10 thg 5,19:55,10 thg 5,2h 0m,HPH,23.0,10.0,05-05-2025
HPH0260,Vietnam Airlines,2938059,17:55,10 thg 5,19:55,10 thg 5,2h 0m,HPH,23.0,10.0,06-05-2025
HPH0260,Vietnam Airlines,1994126,17:55,10 thg 5,19:55,10 thg 5,2h 0m,HPH,23.0,12.0,07-04-2025
HPH0260,Vietnam Airlines,3141855,17:55,10 thg 5,19:55,10 thg 5,2h 0m,HPH,23.0,10.0,07-05-2025
HPH0260,Vietnam Airlines,3399597,17:55,10 thg 5,19:55,10 thg 5,2h 0m,HPH,23.0,10.0,08-05-2025
HPH0260,Vietnam Airlines,3859137,17:55,10 thg 5,19:55,10 thg 5,2h 0m,HPH,23.0,10.0,09-05-2025
HPH0260,Vietnam Airlines,2030967,17:55,10 thg 5,19:55,10 thg 5,2h 0m,HPH,23.0,12.0,20-04-2025
HPH0260,Vietnam Airlines,1997001,17:55,10 thg 5,19:55,10 thg 5,2h 0m,HPH,23.0,12.0,21-04-2025
HPH0260,Vietnam Airlines,2007063,17:55,10 thg 5,19:55,10 thg 5,2h 0m,HPH,23.0,12.0,22-04-2025
HPH0260,Vietnam Airlines,2259738,17:55,10 thg 5,19:55,10 thg 5,2h 0m,HPH,23.0,12.0,23-04-2025
HPH0260,Vietnam Airlines,2253744,17:55,10 thg 5,19:55,10 thg 5,2h 0m,HPH,23.0,12.0,24-04-2025
HPH0260,Vietnam Airlines,2254743,17:55,10 thg 5,19:55,10 thg 5,2h 0m,HPH,23.0,12.0,25-04-2025
HPH0260,Vietnam Airlines,2230767,17:55,10 thg 5,19:55,10 thg 5,2h 0m,HPH,23.0,12.0,26-04-2025
HPH0260,Vietnam Airlines,2235163,17:55,10 thg 5,19:55,10 thg 5,2h 0m,HPH,23.0,12.0,27-04-2025
HPH0260,Vietnam Airlines,2256741,17:55,10 thg 5,19:55,10 thg 5,2h 0m,HPH,23.0,12.0,28-04-2025
HPH0260,Vietnam Airlines,2450547,17:55,10 thg 5,19:55,10 thg 5,2h 0m,HPH,23.0,12.0,29-04-2025
HPH0260,Vietnam Airlines,2676321,17:55,10 thg 5,19:55,10 thg 5,2h 0m,HPH,23.0,12.0,30-04-2025
HPH0261,Vietnam Airlines,2233880,17:55,11 thg 5,19:55,11 thg 5,2h 0m,HPH,23.0,12.0,01-05-2025
HPH0261,Vietnam Airlines,2687310,17:55,11 thg 5,19:55,11 thg 5,2h 0m,HPH,23.0,12.0,02-05-2025
HPH0261,Vietnam Airlines,2688309,17:55,11 thg 5,19:55,11 thg 5,2h 0m,HPH,23.0,12.0,04-05-2025
HPH0261,Vietnam Airlines,2950047,17:55,11 thg 5,19:55,11 thg 5,2h 0m,HPH,23.0,10.0,05-05-2025
HPH0261,Vietnam Airlines,2938059,17:55,11 thg 5,19:55,11 thg 5,2h 0m,HPH,23.0,10.0,06-05-2025
HPH0261,Vietnam Airlines,1994126,17:55,11 thg 5,19:55,11 thg 5,2h 0m,HPH,23.0,12.0,07-04-2025
HPH0261,Vietnam Airlines,3145851,17:55,11 thg 5,19:55,11 thg 5,2h 0m,HPH,23.0,10.0,07-05-2025
HPH0261,Vietnam Airlines,3372162,17:55,11 thg 5,19:55,11 thg 5,2h 0m,HPH,23.0,10.0,08-05-2025
HPH0261,Vietnam Airlines,3680316,17:55,11 thg 5,19:55,11 thg 5,2h 0m,HPH,23.0,10.0,09-05-2025
HPH0261,Vietnam Airlines,1990008,17:55,11 thg 5,19:55,11 thg 5,2h 0m,HPH,23.0,12.0,21-04-2025
HPH0261,Vietnam Airlines,2178819,17:55,11 thg 5,19:55,11 thg 5,2h 0m,HPH,23.0,12.0,26-04-2025
HPH0261,Vietnam Airlines,2235163,17:55,11 thg 5,19:55,11 thg 5,2h 0m,HPH,23.0,12.0,27-04-2025
HPH0261,Vietnam Airlines,2458223,17:55,11 thg 5,19:55,11 thg 5,2h 0m,HPH,23.0,12.0,30-04-2025
HPH0262,Vietnam Airlines,3867300,17:55,21 thg 4,19:55,21 thg 4,2h 0m,HPH,23.0,12.0,07-04-2025
HPH0262,Vietnam Airlines,1839634,17:55,21 thg 4,19:55,21 thg 4,2h 0m,HPH,23.0,12.0,08-04-2025
HPH0262,Vietnam Airlines,1788210,17:55,21 thg 4,19:55,21 thg 4,2h 0m,HPH,23.0,12.0,09-04-2025
HPH0262,Vietnam Airlines,1766232,17:55,21 thg 4,19:55,21 thg 4,2h 0m,HPH,23.0,12.0,10-04-2025
HPH0262,Vietnam Airlines,2251746,17:55,21 thg 4,19:55,21 thg 4,2h 0m,HPH,23.0,12.0,12-04-2025
HPH0262,Vietnam Airlines,1970028,17:55,21 thg 4,19:55,21 thg 4,2h 0m,HPH,23.0,12.0,13-04-2025
HPH0262,Vietnam Airlines,2246751,17:55,21 thg 4,19:55,21 thg 4,2h 0m,HPH,23.0,12.0,14-04-2025
HPH0262,Vietnam Airlines,2447550,17:55,21 thg 4,19:55,21 thg 4,2h 0m,HPH,23.0,12.0,15-04-2025
HPH0262,Vietnam Airlines,2686311,17:55,21 thg 4,19:55,21 thg 4,2h 0m,HPH,23.0,12.0,17-04-2025
HPH0262,Vietnam Airlines,3145851,17:55,21 thg 4,19:55,21 thg 4,2h 0m,HPH,23.0,12.0,20-04-2025
HPH0263,Vietnam Airlines,3867300,17:55,22 thg 4,19:55,22 thg 4,2h 0m,HPH,23.0,12.0,07-04-2025
HPH0263,Vietnam Airlines,1770832,17:55,22 thg 4,19:55,22 thg 4,2h 0m,HPH,23.0,12.0,08-04-2025
HPH0263,Vietnam Airlines,1799199,17:55,22 thg 4,19:55,22 thg 4,2h 0m,HPH,23.0,12.0,09-04-2025
HPH0263,Vietnam Airlines,1766232,17:55,22 thg 4,19:55,22 thg 4,2h 0m,HPH,23.0,12.0,10-04-2025
HPH0263,Vietnam Airlines,1769229,17:55,22 thg 4,19:55,22 thg 4,2h 0m,HPH,23.0,12.0,11-04-2025
HPH0263,Vietnam Airlines,1769229,17:55,22 thg 4,19:55,22 thg 4,2h 0m,HPH,23.0,12.0,12-04-2025
HPH0263,Vietnam Airlines,1768230,17:55,22 thg 4,19:55,22 thg 4,2h 0m,HPH,23.0,12.0,13-04-2025
HPH0263,Vietnam Airlines,1999847,17:55,22 thg 4,19:55,22 thg 4,2h 0m,HPH,23.0,12.0,14-04-2025
HPH0263,Vietnam Airlines,2016981,17:55,22 thg 4,19:55,22 thg 4,2h 0m,HPH,23.0,12.0,15-04-2025
HPH0263,Vietnam Airlines,2003994,17:55,22 thg 4,19:55,22 thg 4,2h 0m,HPH,23.0,12.0,16-04-2025
HPH0263,Vietnam Airlines,2000997,17:55,22 thg 4,19:55,22 thg 4,2h 0m,HPH,23.0,12.0,17-04-2025
HPH0263,Vietnam Airlines,2253744,17:55,22 thg 4,19:55,22 thg 4,2h 0m,HPH,23.0,12.0,18-04-2025
HPH0263,Vietnam Airlines,2266731,17:55,22 thg 4,19:55,22 thg 4,2h 0m,HPH,23.0,12.0,19-04-2025
HPH0263,Vietnam Airlines,2685312,17:55,22 thg 4,19:55,22 thg 4,2h 0m,HPH,23.0,12.0,20-04-2025
HPH0263,Vietnam Airlines,2685312,17:55,22 thg 4,19:55,22 thg 4,2h 0m,HPH,23.0,12.0,21-04-2025
HPH0264,Vietnam Airlines,3867300,17:55,23 thg 4,19:55,23 thg 4,2h 0m,HPH,23.0,12.0,07-04-2025
HPH0264,Vietnam Airlines,1994126,17:55,23 thg 4,19:55,23 thg 4,2h 0m,HPH,23.0,12.0,08-04-2025
HPH0264,Vietnam Airlines,1778220,17:55,23 thg 4,19:55,23 thg 4,2h 0m,HPH,23.0,12.0,09-04-2025
HPH0264,Vietnam Airlines,1765233,17:55,23 thg 4,19:55,23 thg 4,2h 0m,HPH,23.0,12.0,10-04-2025
HPH0264,Vietnam Airlines,1769229,17:55,23 thg 4,19:55,23 thg 4,2h 0m,HPH,23.0,12.0,11-04-2025
HPH0264,Vietnam Airlines,1769229,17:55,23 thg 4,19:55,23 thg 4,2h 0m,HPH,23.0,12.0,12-04-2025
HPH0264,Vietnam Airlines,1771227,17:55,23 thg 4,19:55,23 thg 4,2h 0m,HPH,23.0,12.0,13-04-2025
HPH0264,Vietnam Airlines,1796202,17:55,23 thg 4,19:55,23 thg 4,2h 0m,HPH,23.0,12.0,14-04-2025
HPH0264,Vietnam Airlines,1798200,17:55,23 thg 4,19:55,23 thg 4,2h 0m,HPH,23.0,12.0,15-04-2025
HPH0264,Vietnam Airlines,2008871,17:55,23 thg 4,19:55,23 thg 4,2h 0m,HPH,23.0,12.0,16-04-2025
HPH0264,Vietnam Airlines,1979019,17:55,23 thg 4,19:55,23 thg 4,2h 0m,HPH,23.0,12.0,17-04-2025
HPH0264,Vietnam Airlines,2249748,17:55,23 thg 4,19:55,23 thg 4,2h 0m,HPH,23.0,12.0,18-04-2025
HPH0264,Vietnam Airlines,1969029,17:55,23 thg 4,19:55,23 thg 4,2h 0m,HPH,23.0,12.0,19-04-2025
HPH0264,Vietnam Airlines,2246751,17:55,23 thg 4,19:55,23 thg 4,2h 0m,HPH,23.0,12.0,20-04-2025
HPH0264,Vietnam Airlines,2246751,17:55,23 thg 4,19:55,23 thg 4,2h 0m,HPH,23.0,12.0,21-04-2025
HPH0264,Vietnam Airlines,3149847,17:55,23 thg 4,19:55,23 thg 4,2h 0m,HPH,23.0,12.0,22-04-2025
HPH0265,Vietnam Airlines,3867300,17:55,24 thg 4,19:55,24 thg 4,2h 0m,HPH,23.0,12.0,07-04-2025
HPH0265,Vietnam Airlines,2003994,17:55,24 thg 4,19:55,24 thg 4,2h 0m,HPH,23.0,12.0,08-04-2025
HPH0265,Vietnam Airlines,1788210,17:55,24 thg 4,19:55,24 thg 4,2h 0m,HPH,23.0,12.0,09-04-2025
HPH0265,Vietnam Airlines,1765233,17:55,24 thg 4,19:55,24 thg 4,2h 0m,HPH,23.0,12.0,10-04-2025
HPH0265,Vietnam Airlines,1969029,17:55,24 thg 4,19:55,24 thg 4,2h 0m,HPH,23.0,12.0,11-04-2025
HPH0265,Vietnam Airlines,1773225,17:55,24 thg 4,19:55,24 thg 4,2h 0m,HPH,23.0,12.0,12-04-2025
HPH0265,Vietnam Airlines,1970028,17:55,24 thg 4,19:55,24 thg 4,2h 0m,HPH,23.0,12.0,13-04-2025
HPH0265,Vietnam Airlines,2028969,17:55,24 thg 4,19:55,24 thg 4,2h 0m,HPH,23.0,12.0,14-04-2025
HPH0265,Vietnam Airlines,1967031,17:55,24 thg 4,19:55,24 thg 4,2h 0m,HPH,23.0,12.0,15-04-2025
HPH0265,Vietnam Airlines,3905091,17:55,24 thg 4,19:55,24 thg 4,2h 0m,HPH,23.0,12.0,17-04-2025
HPH0266,Vietnam Airlines,3647109,17:55,25 thg 4,19:55,25 thg 4,2h 0m,HPH,23.0,12.0,07-04-2025
HPH0266,Vietnam Airlines,2999473,17:55,25 thg 4,19:55,25 thg 4,2h 0m,HPH,23.0,12.0,08-04-2025
HPH0266,Vietnam Airlines,2922075,17:55,25 thg 4,19:55,25 thg 4,2h 0m,HPH,23.0,12.0,09-04-2025
HPH0266,Vietnam Airlines,3425571,17:55,25 thg 4,19:55,25 thg 4,2h 0m,HPH,23.0,12.0,16-04-2025
HPH0266,Vietnam Airlines,3430566,17:55,25 thg 4,19:55,25 thg 4,2h 0m,HPH,23.0,12.0,17-04-2025
HPH0266,Vietnam Airlines,3677319,17:55,25 thg 4,19:55,25 thg 4,2h 0m,HPH,23.0,12.0,22-04-2025
HPH0266,Vietnam Airlines,3686310,17:55,25 thg 4,19:55,25 thg 4,2h 0m,HPH,23.0,12.0,23-04-2025
HPH0267,Vietnam Airlines,2440710,17:55,26 thg 4,19:55,26 thg 4,2h 0m,HPH,23.0,12.0,07-04-2025
HPH0267,Vietnam Airlines,2440710,17:55,26 thg 4,19:55,26 thg 4,2h 0m,HPH,23.0,12.0,08-04-2025
HPH0267,Vietnam Airlines,2444971,17:55,26 thg 4,19:55,26 thg 4,2h 0m,HPH,23.0,12.0,09-04-2025
HPH0267,Vietnam Airlines,2426571,17:55,26 thg 4,19:55,26 thg 4,2h 0m,HPH,23.0,12.0,10-04-2025
HPH0267,Vietnam Airlines,2447462,17:55,26 thg 4,19:55,26 thg 4,2h 0m,HPH,23.0,12.0,11-04-2025
HPH0267,Vietnam Airlines,2449548,17:55,26 thg 4,19:55,26 thg 4,2h 0m,HPH,23.0,12.0,12-04-2025
HPH0267,Vietnam Airlines,2499498,17:55,26 thg 4,19:55,26 thg 4,2h 0m,HPH,23.0,12.0,13-04-2025
HPH0267,Vietnam Airlines,2483514,17:55,26 thg 4,19:55,26 thg 4,2h 0m,HPH,23.0,12.0,14-04-2025
HPH0267,Vietnam Airlines,2485512,17:55,26 thg 4,19:55,26 thg 4,2h 0m,HPH,23.0,12.0,15-04-2025
HPH0267,Vietnam Airlines,2474523,17:55,26 thg 4,19:55,26 thg 4,2h 0m,HPH,23.0,12.0,16-04-2025
HPH0267,Vietnam Airlines,1990008,17:55,26 thg 4,19:55,26 thg 4,2h 0m,HPH,23.0,12.0,17-04-2025
HPH0267,Vietnam Airlines,1991007,17:55,26 thg 4,19:55,26 thg 4,2h 0m,HPH,23.0,12.0,18-04-2025
HPH0267,Vietnam Airlines,2071601,17:55,26 thg 4,19:55,26 thg 4,2h 0m,HPH,23.0,12.0,19-04-2025
HPH0267,Vietnam Airlines,2220777,17:55,26 thg 4,19:55,26 thg 4,2h 0m,HPH,23.0,12.0,20-04-2025
HPH0267,Vietnam Airlines,2456546,17:55,26 thg 4,19:55,26 thg 4,2h 0m,HPH,23.0,12.0,21-04-2025
HPH0267,Vietnam Airlines,2692305,17:55,26 thg 4,19:55,26 thg 4,2h 0m,HPH,23.0,12.0,22-04-2025
HPH0267,Vietnam Airlines,2919078,17:55,26 thg 4,19:55,26 thg 4,2h 0m,HPH,23.0,12.0,23-04-2025
HPH0267,Vietnam Airlines,3378582,17:55,26 thg 4,19:55,26 thg 4,2h 0m,HPH,23.0,12.0,24-04-2025
HPH0267,Vietnam Airlines,3509587,17:55,26 thg 4,19:55,26 thg 4,2h 0m,HPH,23.0,12.0,25-04-2025
HPH0268,Vietnam Airlines,2217417,17:55,27 thg 4,19:55,27 thg 4,2h 0m,HPH,23.0,12.0,07-04-2025
HPH0268,Vietnam Airlines,2217417,17:55,27 thg 4,19:55,27 thg 4,2h 0m,HPH,23.0,12.0,08-04-2025
HPH0268,Vietnam Airlines,2444971,17:55,27 thg 4,19:55,27 thg 4,2h 0m,HPH,23.0,12.0,09-04-2025
HPH0268,Vietnam Airlines,2215782,17:55,27 thg 4,19:55,27 thg 4,2h 0m,HPH,23.0,12.0,10-04-2025
HPH0268,Vietnam Airlines,2215782,17:55,27 thg 4,19:55,27 thg 4,2h 0m,HPH,23.0,12.0,11-04-2025
HPH0268,Vietnam Airlines,2460537,17:55,27 thg 4,19:55,27 thg 4,2h 0m,HPH,23.0,12.0,12-04-2025
HPH0268,Vietnam Airlines,2462535,17:55,27 thg 4,19:55,27 thg 4,2h 0m,HPH,23.0,12.0,13-04-2025
HPH0268,Vietnam Airlines,2461536,17:55,27 thg 4,19:55,27 thg 4,2h 0m,HPH,23.0,12.0,14-04-2025
HPH0268,Vietnam Airlines,2462535,17:55,27 thg 4,19:55,27 thg 4,2h 0m,HPH,23.0,12.0,15-04-2025
HPH0268,Vietnam Airlines,2450547,17:55,27 thg 4,19:55,27 thg 4,2h 0m,HPH,23.0,12.0,16-04-2025
HPH0268,Vietnam Airlines,2001996,17:55,27 thg 4,19:55,27 thg 4,2h 0m,HPH,23.0,12.0,17-04-2025
HPH0268,Vietnam Airlines,1991007,17:55,27 thg 4,19:55,27 thg 4,2h 0m,HPH,23.0,12.0,18-04-2025
HPH0268,Vietnam Airlines,2231335,17:55,27 thg 4,19:55,27 thg 4,2h 0m,HPH,23.0,12.0,19-04-2025
HPH0268,Vietnam Airlines,2243754,17:55,27 thg 4,19:55,27 thg 4,2h 0m,HPH,23.0,12.0,20-04-2025
HPH0268,Vietnam Airlines,2243754,17:55,27 thg 4,19:55,27 thg 4,2h 0m,HPH,23.0,12.0,21-04-2025
HPH0268,Vietnam Airlines,2941056,17:55,27 thg 4,19:55,27 thg 4,2h 0m,HPH,23.0,12.0,23-04-2025
HPH0268,Vietnam Airlines,3413583,17:55,27 thg 4,19:55,27 thg 4,2h 0m,HPH,23.0,12.0,24-04-2025
HPH0268,Vietnam Airlines,3417579,17:55,27 thg 4,19:55,27 thg 4,2h 0m,HPH,23.0,12.0,25-04-2025
HPH0269,Vietnam Airlines,2217417,17:55,28 thg 4,19:55,28 thg 4,2h 0m,HPH,23.0,12.0,07-04-2025
HPH0269,Vietnam Airlines,2217417,17:55,28 thg 4,19:55,28 thg 4,2h 0m,HPH,23.0,12.0,08-04-2025
HPH0269,Vietnam Airlines,2221290,17:55,28 thg 4,19:55,28 thg 4,2h 0m,HPH,23.0,12.0,09-04-2025
HPH0269,Vietnam Airlines,2248749,17:55,28 thg 4,19:55,28 thg 4,2h 0m,HPH,23.0,12.0,10-04-2025
HPH0269,Vietnam Airlines,2455542,17:55,28 thg 4,19:55,28 thg 4,2h 0m,HPH,23.0,12.0,11-04-2025
HPH0269,Vietnam Airlines,2454543,17:55,28 thg 4,19:55,28 thg 4,2h 0m,HPH,23.0,12.0,13-04-2025
HPH0269,Vietnam Airlines,2447713,17:55,28 thg 4,19:55,28 thg 4,2h 0m,HPH,23.0,12.0,14-04-2025
HPH0269,Vietnam Airlines,2485512,17:55,28 thg 4,19:55,28 thg 4,2h 0m,HPH,23.0,12.0,15-04-2025
HPH0269,Vietnam Airlines,2030967,17:55,28 thg 4,19:55,28 thg 4,2h 0m,HPH,23.0,12.0,17-04-2025
HPH0269,Vietnam Airlines,1990008,17:55,28 thg 4,19:55,28 thg 4,2h 0m,HPH,23.0,12.0,18-04-2025
HPH0269,Vietnam Airlines,2469528,17:55,28 thg 4,19:55,28 thg 4,2h 0m,HPH,23.0,12.0,22-04-2025
HPH0269,Vietnam Airlines,2695302,17:55,28 thg 4,19:55,28 thg 4,2h 0m,HPH,23.0,12.0,23-04-2025
HPH0269,Vietnam Airlines,2910087,17:55,28 thg 4,19:55,28 thg 4,2h 0m,HPH,23.0,12.0,24-04-2025
HPH0269,Vietnam Airlines,3417579,17:55,28 thg 4,19:55,28 thg 4,2h 0m,HPH,23.0,12.0,25-04-2025
HPH0269,Vietnam Airlines,3417579,17:55,28 thg 4,19:55,28 thg 4,2h 0m,HPH,23.0,12.0,26-04-2025
HPH0270,Vietnam Airlines,2887295,17:55,29 thg 4,19:55,29 thg 4,2h 0m,HPH,23.0,12.0,07-04-2025
HPH0270,Vietnam Airlines,2889108,17:55,29 thg 4,19:55,29 thg 4,2h 0m,HPH,23.0,12.0,09-04-2025
HPH0270,Vietnam Airlines,2875122,17:55,29 thg 4,19:55,29 thg 4,2h 0m,HPH,23.0,12.0,10-04-2025
HPH0270,Vietnam Airlines,2888109,17:55,29 thg 4,19:55,29 thg 4,2h 0m,HPH,23.0,12.0,11-04-2025
HPH0270,Vietnam Airlines,2895980,17:55,29 thg 4,19:55,29 thg 4,2h 0m,HPH,23.0,12.0,12-04-2025
HPH0270,Vietnam Airlines,2894103,17:55,29 thg 4,19:55,29 thg 4,2h 0m,HPH,23.0,12.0,13-04-2025
HPH0270,Vietnam Airlines,2892105,17:55,29 thg 4,19:55,29 thg 4,2h 0m,HPH,23.0,12.0,14-04-2025
HPH0270,Vietnam Airlines,2685312,17:55,29 thg 4,19:55,29 thg 4,2h 0m,HPH,23.0,12.0,15-04-2025
HPH0270,Vietnam Airlines,2670327,17:55,29 thg 4,19:55,29 thg 4,2h 0m,HPH,23.0,12.0,16-04-2025
HPH0270,Vietnam Airlines,2472525,17:55,29 thg 4,19:55,29 thg 4,2h 0m,HPH,23.0,12.0,17-04-2025
HPH0270,Vietnam Airlines,2484513,17:55,29 thg 4,19:55,29 thg 4,2h 0m,HPH,23.0,12.0,18-04-2025
HPH0270,Vietnam Airlines,2478519,17:55,29 thg 4,19:55,29 thg 4,2h 0m,HPH,23.0,12.0,19-04-2025
HPH0270,Vietnam Airlines,2681316,17:55,29 thg 4,19:55,29 thg 4,2h 0m,HPH,23.0,12.0,20-04-2025
HPH0270,Vietnam Airlines,2681316,17:55,29 thg 4,19:55,29 thg 4,2h 0m,HPH,23.0,12.0,21-04-2025
HPH0270,Vietnam Airlines,3117559,17:55,29 thg 4,19:55,29 thg 4,2h 0m,HPH,23.0,12.0,22-04-2025
HPH0270,Vietnam Airlines,3160836,17:55,29 thg 4,19:55,29 thg 4,2h 0m,HPH,23.0,12.0,23-04-2025
HPH0270,Vietnam Airlines,3410586,17:55,29 thg 4,19:55,29 thg 4,2h 0m,HPH,23.0,12.0,24-04-2025
HPH0270,Vietnam Airlines,3686310,17:55,29 thg 4,19:55,29 thg 4,2h 0m,HPH,23.0,12.0,25-04-2025
HPH0270,Vietnam Airlines,3900096,17:55,29 thg 4,19:55,29 thg 4,2h 0m,HPH,23.0,12.0,26-04-2025
HPH0271,Vietnam Airlines,2887295,17:55,30 thg 4,19:55,30 thg 4,2h 0m,HPH,23.0,12.0,07-04-2025
HPH0271,Vietnam Airlines,2875122,17:55,30 thg 4,19:55,30 thg 4,2h 0m,HPH,23.0,12.0,10-04-2025
HPH0271,Vietnam Airlines,2886111,17:55,30 thg 4,19:55,30 thg 4,2h 0m,HPH,23.0,12.0,11-04-2025
HPH0271,Vietnam Airlines,2897100,17:55,30 thg 4,19:55,30 thg 4,2h 0m,HPH,23.0,12.0,12-04-2025
HPH0271,Vietnam Airlines,2898099,17:55,30 thg 4,19:55,30 thg 4,2h 0m,HPH,23.0,12.0,13-04-2025
HPH0271,Vietnam Airlines,2897100,17:55,30 thg 4,19:55,30 thg 4,2h 0m,HPH,23.0,12.0,14-04-2025
HPH0271,Vietnam Airlines,2466531,17:55,30 thg 4,19:55,30 thg 4,2h 0m,HPH,23.0,12.0,15-04-2025
HPH0271,Vietnam Airlines,2452545,17:55,30 thg 4,19:55,30 thg 4,2h 0m,HPH,23.0,12.0,16-04-2025
HPH0271,Vietnam Airlines,2030967,17:55,30 thg 4,19:55,30 thg 4,2h 0m,HPH,23.0,12.0,17-04-2025
HPH0271,Vietnam Airlines,2019978,17:55,30 thg 4,19:55,30 thg 4,2h 0m,HPH,23.0,12.0,18-04-2025
HPH0271,Vietnam Airlines,2247750,17:55,30 thg 4,19:55,30 thg 4,2h 0m,HPH,23.0,12.0,19-04-2025
HPH0271,Vietnam Airlines,2235762,17:55,30 thg 4,19:55,30 thg 4,2h 0m,HPH,23.0,12.0,20-04-2025
HPH0271,Vietnam Airlines,2235762,17:55,30 thg 4,19:55,30 thg 4,2h 0m,HPH,23.0,12.0,21-04-2025
HPH0271,Vietnam Airlines,2495502,17:55,30 thg 4,19:55,30 thg 4,2h 0m,HPH,23.0,12.0,22-04-2025
HPH0271,Vietnam Airlines,2483514,17:55,30 thg 4,19:55,30 thg 4,2h 0m,HPH,23.0,12.0,23-04-2025
HPH0271,Vietnam Airlines,2705292,17:55,30 thg 4,19:55,30 thg 4,2h 0m,HPH,23.0,12.0,24-04-2025
HPH0271,Vietnam Airlines,2910087,17:55,30 thg 4,19:55,30 thg 4,2h 0m,HPH,23.0,12.0,26-04-2025
HPH0271,Vietnam Airlines,2887208,17:55,30 thg 4,19:55,30 thg 4,2h 0m,HPH,23.0,12.0,27-04-2025
HPH0271,Vietnam Airlines,2880117,17:55,30 thg 4,19:55,30 thg 4,2h 0m,HPH,23.0,12.0,28-04-2025
HPH0271,Vietnam Airlines,3657339,17:55,30 thg 4,19:55,30 thg 4,2h 0m,HPH,23.0,12.0,29-04-2025
HPH0272,Vietnam Airlines,3937059,19:20,24 thg 4,21:20,24 thg 4,2h 0m,HPH,23.0,12.0,22-04-2025
HPH0272,Vietnam Airlines,4017553,19:20,24 thg 4,21:20,24 thg 4,2h 0m,HPH,23.0,12.0,23-04-2025
HPH0273,Vietnam Airlines,2887295,20:30,01 thg 5,22:30,01 thg 5,2h 0m,HPH,23.0,12.0,07-04-2025
HPH0273,Vietnam Airlines,2886111,20:30,01 thg 5,22:30,01 thg 5,2h 0m,HPH,23.0,12.0,11-04-2025
HPH0273,Vietnam Airlines,2893104,20:30,01 thg 5,22:30,01 thg 5,2h 0m,HPH,23.0,12.0,12-04-2025
HPH0273,Vietnam Airlines,2894103,20:30,01 thg 5,22:30,01 thg 5,2h 0m,HPH,23.0,12.0,14-04-2025
HPH0273,Vietnam Airlines,2303569,20:30,01 thg 5,22:30,01 thg 5,2h 0m,HPH,23.0,12.0,15-04-2025
HPH0273,Vietnam Airlines,2201796,20:30,01 thg 5,22:30,01 thg 5,2h 0m,HPH,23.0,12.0,16-04-2025
HPH0273,Vietnam Airlines,2031966,20:30,01 thg 5,22:30,01 thg 5,2h 0m,HPH,23.0,12.0,17-04-2025
HPH0273,Vietnam Airlines,2253744,20:30,01 thg 5,22:30,01 thg 5,2h 0m,HPH,23.0,12.0,18-04-2025
HPH0273,Vietnam Airlines,2244753,20:30,01 thg 5,22:30,01 thg 5,2h 0m,HPH,23.0,12.0,19-04-2025
HPH0273,Vietnam Airlines,2235762,20:30,01 thg 5,22:30,01 thg 5,2h 0m,HPH,23.0,12.0,20-04-2025
HPH0273,Vietnam Airlines,2236761,20:30,01 thg 5,22:30,01 thg 5,2h 0m,HPH,23.0,12.0,21-04-2025
HPH0273,Vietnam Airlines,2970027,20:30,01 thg 5,22:30,01 thg 5,2h 0m,HPH,23.0,12.0,22-04-2025
HPH0273,Vietnam Airlines,3243254,20:30,01 thg 5,22:30,01 thg 5,2h 0m,HPH,23.0,12.0,23-04-2025
HPH0273,Vietnam Airlines,3422574,20:30,01 thg 5,22:30,01 thg 5,2h 0m,HPH,23.0,12.0,24-04-2025
HPH0273,Vietnam Airlines,3421575,20:30,01 thg 5,22:30,01 thg 5,2h 0m,HPH,23.0,12.0,26-04-2025
HPH0273,Vietnam Airlines,3643150,20:30,01 thg 5,22:30,01 thg 5,2h 0m,HPH,23.0,12.0,27-04-2025
HPH0273,Vietnam Airlines,3854142,20:30,01 thg 5,22:30,01 thg 5,2h 0m,HPH,23.0,12.0,28-04-2025
HPH0273,Vietnam Airlines,3866130,20:30,01 thg 5,22:30,01 thg 5,2h 0m,HPH,23.0,12.0,29-04-2025
HPH0273,Vietnam Airlines,3864132,20:30,01 thg 5,22:30,01 thg 5,2h 0m,HPH,23.0,12.0,30-04-2025
HPH0274,Vietnam Airlines,2887295,20:30,02 thg 5,22:30,02 thg 5,2h 0m,HPH,23.0,12.0,07-04-2025
HPH0274,Vietnam Airlines,2895980,20:30,02 thg 5,22:30,02 thg 5,2h 0m,HPH,23.0,12.0,12-04-2025
HPH0274,Vietnam Airlines,2950047,20:30,02 thg 5,22:30,02 thg 5,2h 0m,HPH,23.0,12.0,13-04-2025
HPH0274,Vietnam Airlines,2894103,20:30,02 thg 5,22:30,02 thg 5,2h 0m,HPH,23.0,12.0,14-04-2025
HPH0274,Vietnam Airlines,2232765,20:30,02 thg 5,22:30,02 thg 5,2h 0m,HPH,23.0,12.0,15-04-2025
HPH0274,Vietnam Airlines,2229768,20:30,02 thg 5,22:30,02 thg 5,2h 0m,HPH,23.0,12.0,17-04-2025
HPH0274,Vietnam Airlines,2681316,20:30,02 thg 5,22:30,02 thg 5,2h 0m,HPH,23.0,12.0,18-04-2025
HPH0274,Vietnam Airlines,2675322,20:30,02 thg 5,22:30,02 thg 5,2h 0m,HPH,23.0,12.0,19-04-2025
HPH0274,Vietnam Airlines,2915082,20:30,02 thg 5,22:30,02 thg 5,2h 0m,HPH,23.0,12.0,20-04-2025
HPH0274,Vietnam Airlines,2915082,20:30,02 thg 5,22:30,02 thg 5,2h 0m,HPH,23.0,12.0,21-04-2025
HPH0274,Vietnam Airlines,2999473,20:30,02 thg 5,22:30,02 thg 5,2h 0m,HPH,23.0,12.0,22-04-2025
HPH0274,Vietnam Airlines,3410586,20:30,02 thg 5,22:30,02 thg 5,2h 0m,HPH,23.0,12.0,23-04-2025
HPH0274,Vietnam Airlines,3907089,20:30,02 thg 5,22:30,02 thg 5,2h 0m,HPH,23.0,12.0,24-04-2025
HPH0274,Vietnam Airlines,3910086,20:30,02 thg 5,22:30,02 thg 5,2h 0m,HPH,23.0,12.0,25-04-2025
HPH0274,Vietnam Airlines,3675321,20:30,02 thg 5,22:30,02 thg 5,2h 0m,HPH,23.0,12.0,26-04-2025
HPH0274,Vietnam Airlines,3886110,20:30,02 thg 5,22:30,02 thg 5,2h 0m,HPH,23.0,12.0,27-04-2025
HPH0275,Vietnam Airlines,3378331,20:30,03 thg 5,22:30,03 thg 5,2h 0m,HPH,23.0,12.0,07-04-2025
HPH0275,Vietnam Airlines,3857875,20:30,03 thg 5,22:30,03 thg 5,2h 0m,HPH,23.0,12.0,22-04-2025
HPH0275,Vietnam Airlines,3908088,20:30,03 thg 5,22:30,03 thg 5,2h 0m,HPH,23.0,12.0,23-04-2025
HPH0275,Vietnam Airlines,3915081,20:30,03 thg 5,22:30,03 thg 5,2h 0m,HPH,23.0,12.0,25-04-2025
HPH0275,Vietnam Airlines,3859570,20:30,03 thg 5,22:30,03 thg 5,2h 0m,HPH,23.0,12.0,29-04-2025
HPH0276,Vietnam Airlines,3693303,20:30,05 thg 5,22:30,05 thg 5,2h 0m,HPH,23.0,12.0,01-05-2025
HPH0276,Vietnam Airlines,3696300,20:30,05 thg 5,22:30,05 thg 5,2h 0m,HPH,23.0,12.0,02-05-2025
HPH0276,Vietnam Airlines,1994126,20:30,05 thg 5,22:30,05 thg 5,2h 0m,HPH,23.0,12.0,07-04-2025
HPH0276,Vietnam Airlines,2240757,20:30,05 thg 5,22:30,05 thg 5,2h 0m,HPH,23.0,12.0,15-04-2025
HPH0276,Vietnam Airlines,2230767,20:30,05 thg 5,22:30,05 thg 5,2h 0m,HPH,23.0,12.0,16-04-2025
HPH0276,Vietnam Airlines,2007512,20:30,05 thg 5,22:30,05 thg 5,2h 0m,HPH,23.0,12.0,17-04-2025
HPH0276,Vietnam Airlines,2019978,20:30,05 thg 5,22:30,05 thg 5,2h 0m,HPH,23.0,12.0,18-04-2025
HPH0276,Vietnam Airlines,2013984,20:30,05 thg 5,22:30,05 thg 5,2h 0m,HPH,23.0,12.0,19-04-2025
HPH0276,Vietnam Airlines,2000997,20:30,05 thg 5,22:30,05 thg 5,2h 0m,HPH,23.0,12.0,20-04-2025
HPH0276,Vietnam Airlines,1996002,20:30,05 thg 5,22:30,05 thg 5,2h 0m,HPH,23.0,12.0,21-04-2025
HPH0276,Vietnam Airlines,2284713,20:30,05 thg 5,22:30,05 thg 5,2h 0m,HPH,23.0,12.0,22-04-2025
HPH0276,Vietnam Airlines,2241756,20:30,05 thg 5,22:30,05 thg 5,2h 0m,HPH,23.0,12.0,23-04-2025
HPH0276,Vietnam Airlines,2477520,20:30,05 thg 5,22:30,05 thg 5,2h 0m,HPH,23.0,12.0,24-04-2025
HPH0276,Vietnam Airlines,2267730,20:30,05 thg 5,22:30,05 thg 5,2h 0m,HPH,23.0,12.0,25-04-2025
HPH0276,Vietnam Airlines,2466531,20:30,05 thg 5,22:30,05 thg 5,2h 0m,HPH,23.0,12.0,26-04-2025
HPH0276,Vietnam Airlines,2678319,20:30,05 thg 5,22:30,05 thg 5,2h 0m,HPH,23.0,12.0,27-04-2025
HPH0276,Vietnam Airlines,3117879,20:30,05 thg 5,22:30,05 thg 5,2h 0m,HPH,23.0,12.0,28-04-2025
HPH0276,Vietnam Airlines,3128868,20:30,05 thg 5,22:30,05 thg 5,2h 0m,HPH,23.0,12.0,29-04-2025
HPH0276,Vietnam Airlines,3503493,20:30,05 thg 5,22:30,05 thg 5,2h 0m,HPH,23.0,12.0,30-04-2025
HPH0277,Vietnam Airlines,2883114,20:30,06 thg 5,22:30,06 thg 5,2h 0m,HPH,23.0,12.0,01-05-2025
HPH0277,Vietnam Airlines,2884108,20:30,06 thg 5,22:30,06 thg 5,2h 0m,HPH,23.0,12.0,02-05-2025
HPH0277,Vietnam Airlines,3243254,20:30,06 thg 5,22:30,06 thg 5,2h 0m,HPH,23.0,12.0,04-05-2025
HPH0277,Vietnam Airlines,4017553,20:30,06 thg 5,22:30,06 thg 5,2h 0m,HPH,23.0,10.0,05-05-2025
HPH0277,Vietnam Airlines,1770832,20:30,06 thg 5,22:30,06 thg 5,2h 0m,HPH,23.0,12.0,07-04-2025
HPH0277,Vietnam Airlines,2014983,20:30,06 thg 5,22:30,06 thg 5,2h 0m,HPH,23.0,12.0,16-04-2025
HPH0277,Vietnam Airlines,1782721,20:30,06 thg 5,22:30,06 thg 5,2h 0m,HPH,23.0,12.0,17-04-2025
HPH0277,Vietnam Airlines,1748250,20:30,06 thg 5,22:30,06 thg 5,2h 0m,HPH,23.0,12.0,18-04-2025
HPH0277,Vietnam Airlines,1747251,20:30,06 thg 5,22:30,06 thg 5,2h 0m,HPH,23.0,12.0,19-04-2025
HPH0277,Vietnam Airlines,1749249,20:30,06 thg 5,22:30,06 thg 5,2h 0m,HPH,23.0,12.0,20-04-2025
HPH0277,Vietnam Airlines,1752246,20:30,06 thg 5,22:30,06 thg 5,2h 0m,HPH,23.0,12.0,21-04-2025
HPH0277,Vietnam Airlines,1801197,20:30,06 thg 5,22:30,06 thg 5,2h 0m,HPH,23.0,12.0,22-04-2025
HPH0277,Vietnam Airlines,2029968,20:30,06 thg 5,22:30,06 thg 5,2h 0m,HPH,23.0,12.0,23-04-2025
HPH0277,Vietnam Airlines,2009769,20:30,06 thg 5,22:30,06 thg 5,2h 0m,HPH,23.0,12.0,24-04-2025
HPH0277,Vietnam Airlines,2027970,20:30,06 thg 5,22:30,06 thg 5,2h 0m,HPH,23.0,12.0,25-04-2025
HPH0277,Vietnam Airlines,2237760,20:30,06 thg 5,22:30,06 thg 5,2h 0m,HPH,23.0,12.0,26-04-2025
HPH0277,Vietnam Airlines,2235163,20:30,06 thg 5,22:30,06 thg 5,2h 0m,HPH,23.0,12.0,27-04-2025
HPH0277,Vietnam Airlines,2459147,20:30,06 thg 5,22:30,06 thg 5,2h 0m,HPH,23.0,12.0,28-04-2025
HPH0277,Vietnam Airlines,2674323,20:30,06 thg 5,22:30,06 thg 5,2h 0m,HPH,23.0,12.0,29-04-2025
HPH0277,Vietnam Airlines,2885112,20:30,06 thg 5,22:30,06 thg 5,2h 0m,HPH,23.0,12.0,30-04-2025
HPH0278,Vietnam Airlines,2661975,20:30,07 thg 5,22:30,07 thg 5,2h 0m,HPH,23.0,12.0,01-05-2025
HPH0278,Vietnam Airlines,2535537,20:30,07 thg 5,22:30,07 thg 5,2h 0m,HPH,23.0,12.0,02-05-2025
HPH0278,Vietnam Airlines,2723274,20:30,07 thg 5,22:30,07 thg 5,2h 0m,HPH,23.0,12.0,03-05-2025
HPH0278,Vietnam Airlines,2718279,20:30,07 thg 5,22:30,07 thg 5,2h 0m,HPH,23.0,12.0,04-05-2025
HPH0278,Vietnam Airlines,2936061,20:30,07 thg 5,22:30,07 thg 5,2h 0m,HPH,23.0,10.0,05-05-2025
HPH0278,Vietnam Airlines,3143853,20:30,07 thg 5,22:30,07 thg 5,2h 0m,HPH,23.0,10.0,06-05-2025
HPH0278,Vietnam Airlines,1770832,20:30,07 thg 5,22:30,07 thg 5,2h 0m,HPH,23.0,12.0,07-04-2025
HPH0278,Vietnam Airlines,1782721,20:30,07 thg 5,22:30,07 thg 5,2h 0m,HPH,23.0,12.0,17-04-2025
HPH0278,Vietnam Airlines,1756242,20:30,07 thg 5,22:30,07 thg 5,2h 0m,HPH,23.0,12.0,18-04-2025
HPH0278,Vietnam Airlines,1754244,20:30,07 thg 5,22:30,07 thg 5,2h 0m,HPH,23.0,12.0,19-04-2025
HPH0278,Vietnam Airlines,1749249,20:30,07 thg 5,22:30,07 thg 5,2h 0m,HPH,23.0,12.0,20-04-2025
HPH0278,Vietnam Airlines,1752246,20:30,07 thg 5,22:30,07 thg 5,2h 0m,HPH,23.0,12.0,21-04-2025
HPH0278,Vietnam Airlines,1782322,20:30,07 thg 5,22:30,07 thg 5,2h 0m,HPH,23.0,12.0,22-04-2025
HPH0278,Vietnam Airlines,1990008,20:30,07 thg 5,22:30,07 thg 5,2h 0m,HPH,23.0,12.0,23-04-2025
HPH0278,Vietnam Airlines,2009769,20:30,07 thg 5,22:30,07 thg 5,2h 0m,HPH,23.0,12.0,24-04-2025
HPH0278,Vietnam Airlines,2034963,20:30,07 thg 5,22:30,07 thg 5,2h 0m,HPH,23.0,12.0,25-04-2025
HPH0278,Vietnam Airlines,2025972,20:30,07 thg 5,22:30,07 thg 5,2h 0m,HPH,23.0,12.0,26-04-2025
HPH0278,Vietnam Airlines,1956042,20:30,07 thg 5,22:30,07 thg 5,2h 0m,HPH,23.0,12.0,27-04-2025
HPH0278,Vietnam Airlines,2071601,20:30,07 thg 5,22:30,07 thg 5,2h 0m,HPH,23.0,12.0,28-04-2025
HPH0278,Vietnam Airlines,2249748,20:30,07 thg 5,22:30,07 thg 5,2h 0m,HPH,23.0,12.0,29-04-2025
HPH0278,Vietnam Airlines,2247750,20:30,07 thg 5,22:30,07 thg 5,2h 0m,HPH,23.0,12.0,30-04-2025
HPH0279,Vietnam Airlines,2678319,20:30,08 thg 5,22:30,08 thg 5,2h 0m,HPH,23.0,12.0,01-05-2025
HPH0279,Vietnam Airlines,2681316,20:30,08 thg 5,22:30,08 thg 5,2h 0m,HPH,23.0,12.0,02-05-2025
HPH0279,Vietnam Airlines,2952045,20:30,08 thg 5,22:30,08 thg 5,2h 0m,HPH,23.0,12.0,03-05-2025
HPH0279,Vietnam Airlines,2951046,20:30,08 thg 5,22:30,08 thg 5,2h 0m,HPH,23.0,12.0,04-05-2025
HPH0279,Vietnam Airlines,3146850,20:30,08 thg 5,22:30,08 thg 5,2h 0m,HPH,23.0,10.0,05-05-2025
HPH0279,Vietnam Airlines,3894102,20:30,08 thg 5,22:30,08 thg 5,2h 0m,HPH,23.0,10.0,06-05-2025
HPH0279,Vietnam Airlines,1770832,20:30,08 thg 5,22:30,08 thg 5,2h 0m,HPH,23.0,12.0,07-04-2025
HPH0279,Vietnam Airlines,1809189,20:30,08 thg 5,22:30,08 thg 5,2h 0m,HPH,23.0,12.0,18-04-2025
HPH0279,Vietnam Airlines,1747251,20:30,08 thg 5,22:30,08 thg 5,2h 0m,HPH,23.0,12.0,19-04-2025
HPH0279,Vietnam Airlines,1749249,20:30,08 thg 5,22:30,08 thg 5,2h 0m,HPH,23.0,12.0,20-04-2025
HPH0279,Vietnam Airlines,1752246,20:30,08 thg 5,22:30,08 thg 5,2h 0m,HPH,23.0,12.0,21-04-2025
HPH0279,Vietnam Airlines,1987011,20:30,08 thg 5,22:30,08 thg 5,2h 0m,HPH,23.0,12.0,22-04-2025
HPH0279,Vietnam Airlines,1992006,20:30,08 thg 5,22:30,08 thg 5,2h 0m,HPH,23.0,12.0,23-04-2025
HPH0279,Vietnam Airlines,2009769,20:30,08 thg 5,22:30,08 thg 5,2h 0m,HPH,23.0,12.0,24-04-2025
HPH0279,Vietnam Airlines,2035962,20:30,08 thg 5,22:30,08 thg 5,2h 0m,HPH,23.0,12.0,25-04-2025
HPH0279,Vietnam Airlines,2180817,20:30,08 thg 5,22:30,08 thg 5,2h 0m,HPH,23.0,12.0,26-04-2025
HPH0279,Vietnam Airlines,2235163,20:30,08 thg 5,22:30,08 thg 5,2h 0m,HPH,23.0,12.0,27-04-2025
HPH0279,Vietnam Airlines,2449548,20:30,08 thg 5,22:30,08 thg 5,2h 0m,HPH,23.0,12.0,28-04-2025
HPH0279,Vietnam Airlines,2454543,20:30,08 thg 5,22:30,08 thg 5,2h 0m,HPH,23.0,12.0,29-04-2025
HPH0279,Vietnam Airlines,2441556,20:30,08 thg 5,22:30,08 thg 5,2h 0m,HPH,23.0,12.0,30-04-2025
HPH0280,Vietnam Airlines,2233880,20:30,09 thg 5,22:30,09 thg 5,2h 0m,HPH,23.0,12.0,01-05-2025
HPH0280,Vietnam Airlines,2479518,20:30,09 thg 5,22:30,09 thg 5,2h 0m,HPH,23.0,12.0,02-05-2025
HPH0280,Vietnam Airlines,2467530,20:30,09 thg 5,22:30,09 thg 5,2h 0m,HPH,23.0,12.0,03-05-2025
HPH0280,Vietnam Airlines,2721276,20:30,09 thg 5,22:30,09 thg 5,2h 0m,HPH,23.0,12.0,04-05-2025
HPH0280,Vietnam Airlines,2717280,20:30,09 thg 5,22:30,09 thg 5,2h 0m,HPH,23.0,10.0,05-05-2025
HPH0280,Vietnam Airlines,2938059,20:30,09 thg 5,22:30,09 thg 5,2h 0m,HPH,23.0,10.0,06-05-2025
HPH0280,Vietnam Airlines,1994126,20:30,09 thg 5,22:30,09 thg 5,2h 0m,HPH,23.0,12.0,07-04-2025
HPH0280,Vietnam Airlines,3509587,20:30,09 thg 5,22:30,09 thg 5,2h 0m,HPH,23.0,10.0,07-05-2025
HPH0280,Vietnam Airlines,3871125,20:30,09 thg 5,22:30,09 thg 5,2h 0m,HPH,23.0,10.0,08-05-2025
HPH0280,Vietnam Airlines,2009988,20:30,09 thg 5,22:30,09 thg 5,2h 0m,HPH,23.0,12.0,19-04-2025
HPH0280,Vietnam Airlines,2002995,20:30,09 thg 5,22:30,09 thg 5,2h 0m,HPH,23.0,12.0,20-04-2025
HPH0280,Vietnam Airlines,2000997,20:30,09 thg 5,22:30,09 thg 5,2h 0m,HPH,23.0,12.0,21-04-2025
HPH0280,Vietnam Airlines,1987011,20:30,09 thg 5,22:30,09 thg 5,2h 0m,HPH,23.0,12.0,22-04-2025
HPH0280,Vietnam Airlines,1988010,20:30,09 thg 5,22:30,09 thg 5,2h 0m,HPH,23.0,12.0,23-04-2025
HPH0280,Vietnam Airlines,1984014,20:30,09 thg 5,22:30,09 thg 5,2h 0m,HPH,23.0,12.0,24-04-2025
HPH0280,Vietnam Airlines,1991007,20:30,09 thg 5,22:30,09 thg 5,2h 0m,HPH,23.0,12.0,25-04-2025
HPH0280,Vietnam Airlines,2234763,20:30,09 thg 5,22:30,09 thg 5,2h 0m,HPH,23.0,12.0,26-04-2025
HPH0280,Vietnam Airlines,2392605,20:30,09 thg 5,22:30,09 thg 5,2h 0m,HPH,23.0,12.0,27-04-2025
HPH0280,Vietnam Airlines,2449548,20:30,09 thg 5,22:30,09 thg 5,2h 0m,HPH,23.0,12.0,28-04-2025
HPH0280,Vietnam Airlines,2190807,20:30,09 thg 5,22:30,09 thg 5,2h 0m,HPH,23.0,12.0,29-04-2025
HPH0280,Vietnam Airlines,2458223,20:30,09 thg 5,22:30,09 thg 5,2h 0m,HPH,23.0,12.0,30-04-2025
HPH0281,Vietnam Airlines,2233880,20:30,10 thg 5,22:30,10 thg 5,2h 0m,HPH,23.0,12.0,01-05-2025
HPH0281,Vietnam Airlines,2479518,20:30,10 thg 5,22:30,10 thg 5,2h 0m,HPH,23.0,12.0,02-05-2025
HPH0281,Vietnam Airlines,2467530,20:30,10 thg 5,22:30,10 thg 5,2h 0m,HPH,23.0,12.0,03-05-2025
HPH0281,Vietnam Airlines,2660149,20:30,10 thg 5,22:30,10 thg 5,2h 0m,HPH,23.0,12.0,04-05-2025
HPH0281,Vietnam Airlines,2946051,20:30,10 thg 5,22:30,10 thg 5,2h 0m,HPH,23.0,10.0,05-05-2025
HPH0281,Vietnam Airlines,2927070,20:30,10 thg 5,22:30,10 thg 5,2h 0m,HPH,23.0,10.0,06-05-2025
HPH0281,Vietnam Airlines,1770832,20:30,10 thg 5,22:30,10 thg 5,2h 0m,HPH,23.0,12.0,07-04-2025
HPH0281,Vietnam Airlines,3145851,20:30,10 thg 5,22:30,10 thg 5,2h 0m,HPH,23.0,10.0,07-05-2025
HPH0281,Vietnam Airlines,3134862,20:30,10 thg 5,22:30,10 thg 5,2h 0m,HPH,23.0,10.0,08-05-2025
HPH0281,Vietnam Airlines,3374622,20:30,10 thg 5,22:30,10 thg 5,2h 0m,HPH,23.0,10.0,09-05-2025
HPH0281,Vietnam Airlines,1749249,20:30,10 thg 5,22:30,10 thg 5,2h 0m,HPH,23.0,12.0,20-04-2025
HPH0281,Vietnam Airlines,1751247,20:30,10 thg 5,22:30,10 thg 5,2h 0m,HPH,23.0,12.0,21-04-2025
HPH0281,Vietnam Airlines,2007063,20:30,10 thg 5,22:30,10 thg 5,2h 0m,HPH,23.0,12.0,22-04-2025
HPH0281,Vietnam Airlines,1987011,20:30,10 thg 5,22:30,10 thg 5,2h 0m,HPH,23.0,12.0,23-04-2025
HPH0281,Vietnam Airlines,2009769,20:30,10 thg 5,22:30,10 thg 5,2h 0m,HPH,23.0,12.0,24-04-2025
HPH0281,Vietnam Airlines,2009769,20:30,10 thg 5,22:30,10 thg 5,2h 0m,HPH,23.0,12.0,25-04-2025
HPH0281,Vietnam Airlines,2014983,20:30,10 thg 5,22:30,10 thg 5,2h 0m,HPH,23.0,12.0,26-04-2025
HPH0281,Vietnam Airlines,1956042,20:30,10 thg 5,22:30,10 thg 5,2h 0m,HPH,23.0,12.0,27-04-2025
HPH0281,Vietnam Airlines,2245752,20:30,10 thg 5,22:30,10 thg 5,2h 0m,HPH,23.0,12.0,28-04-2025
HPH0281,Vietnam Airlines,2238759,20:30,10 thg 5,22:30,10 thg 5,2h 0m,HPH,23.0,12.0,29-04-2025
HPH0281,Vietnam Airlines,2460537,20:30,10 thg 5,22:30,10 thg 5,2h 0m,HPH,23.0,12.0,30-04-2025
HPH0282,Vietnam Airlines,2458831,20:30,11 thg 5,22:30,11 thg 5,2h 0m,HPH,23.0,12.0,01-05-2025
HPH0282,Vietnam Airlines,2476521,20:30,11 thg 5,22:30,11 thg 5,2h 0m,HPH,23.0,12.0,02-05-2025
HPH0282,Vietnam Airlines,2688309,20:30,11 thg 5,22:30,11 thg 5,2h 0m,HPH,23.0,12.0,04-05-2025
HPH0282,Vietnam Airlines,2687310,20:30,11 thg 5,22:30,11 thg 5,2h 0m,HPH,23.0,10.0,05-05-2025
HPH0282,Vietnam Airlines,2683314,20:30,11 thg 5,22:30,11 thg 5,2h 0m,HPH,23.0,10.0,06-05-2025
HPH0282,Vietnam Airlines,1770832,20:30,11 thg 5,22:30,11 thg 5,2h 0m,HPH,23.0,12.0,07-04-2025
HPH0282,Vietnam Airlines,2928069,20:30,11 thg 5,22:30,11 thg 5,2h 0m,HPH,23.0,10.0,07-05-2025
HPH0282,Vietnam Airlines,3115861,20:30,11 thg 5,22:30,11 thg 5,2h 0m,HPH,23.0,10.0,08-05-2025
HPH0282,Vietnam Airlines,3411585,20:30,11 thg 5,22:30,11 thg 5,2h 0m,HPH,23.0,10.0,09-05-2025
HPH0282,Vietnam Airlines,3374622,20:30,11 thg 5,22:30,11 thg 5,2h 0m,HPH,23.0,10.0,10-05-2025
HPH0282,Vietnam Airlines,1751247,20:30,11 thg 5,22:30,11 thg 5,2h 0m,HPH,23.0,12.0,21-04-2025
HPH0282,Vietnam Airlines,1838160,20:30,11 thg 5,22:30,11 thg 5,2h 0m,HPH,23.0,12.0,22-04-2025
HPH0282,Vietnam Airlines,2009769,20:30,11 thg 5,22:30,11 thg 5,2h 0m,HPH,23.0,12.0,24-04-2025
HPH0282,Vietnam Airlines,2014983,20:30,11 thg 5,22:30,11 thg 5,2h 0m,HPH,23.0,12.0,26-04-2025
HPH0282,Vietnam Airlines,1956042,20:30,11 thg 5,22:30,11 thg 5,2h 0m,HPH,23.0,12.0,27-04-2025
HPH0282,Vietnam Airlines,2482515,20:30,11 thg 5,22:30,11 thg 5,2h 0m,HPH,23.0,12.0,30-04-2025
HPH0283,Vietnam Airlines,1994126,20:30,21 thg 4,22:30,21 thg 4,2h 0m,HPH,23.0,12.0,07-04-2025
HPH0283,Vietnam Airlines,1994126,20:30,21 thg 4,22:30,21 thg 4,2h 0m,HPH,23.0,12.0,08-04-2025
HPH0283,Vietnam Airlines,1984014,20:30,21 thg 4,22:30,21 thg 4,2h 0m,HPH,23.0,12.0,09-04-2025
HPH0283,Vietnam Airlines,1775114,20:30,21 thg 4,22:30,21 thg 4,2h 0m,HPH,23.0,12.0,10-04-2025
HPH0283,Vietnam Airlines,1758240,20:30,21 thg 4,22:30,21 thg 4,2h 0m,HPH,23.0,12.0,11-04-2025
HPH0283,Vietnam Airlines,2000124,20:30,21 thg 4,22:30,21 thg 4,2h 0m,HPH,23.0,12.0,12-04-2025
HPH0283,Vietnam Airlines,1974024,20:30,21 thg 4,22:30,21 thg 4,2h 0m,HPH,23.0,12.0,13-04-2025
HPH0283,Vietnam Airlines,2028969,20:30,21 thg 4,22:30,21 thg 4,2h 0m,HPH,23.0,12.0,14-04-2025
HPH0283,Vietnam Airlines,2013984,20:30,21 thg 4,22:30,21 thg 4,2h 0m,HPH,23.0,12.0,15-04-2025
HPH0283,Vietnam Airlines,2232303,20:30,21 thg 4,22:30,21 thg 4,2h 0m,HPH,23.0,12.0,17-04-2025
HPH0283,Vietnam Airlines,2254743,20:30,21 thg 4,22:30,21 thg 4,2h 0m,HPH,23.0,12.0,18-04-2025
HPH0283,Vietnam Airlines,2682315,20:30,21 thg 4,22:30,21 thg 4,2h 0m,HPH,23.0,12.0,19-04-2025
HPH0283,Vietnam Airlines,2912085,20:30,21 thg 4,22:30,21 thg 4,2h 0m,HPH,23.0,12.0,20-04-2025
HPH0284,Vietnam Airlines,1994126,20:30,22 thg 4,22:30,22 thg 4,2h 0m,HPH,23.0,12.0,07-04-2025
HPH0284,Vietnam Airlines,1994126,20:30,22 thg 4,22:30,22 thg 4,2h 0m,HPH,23.0,12.0,08-04-2025
HPH0284,Vietnam Airlines,1800198,20:30,22 thg 4,22:30,22 thg 4,2h 0m,HPH,23.0,12.0,09-04-2025
HPH0284,Vietnam Airlines,1775114,20:30,22 thg 4,22:30,22 thg 4,2h 0m,HPH,23.0,12.0,10-04-2025
HPH0284,Vietnam Airlines,1751247,20:30,22 thg 4,22:30,22 thg 4,2h 0m,HPH,23.0,12.0,11-04-2025
HPH0284,Vietnam Airlines,1762236,20:30,22 thg 4,22:30,22 thg 4,2h 0m,HPH,23.0,12.0,12-04-2025
HPH0284,Vietnam Airlines,1760238,20:30,22 thg 4,22:30,22 thg 4,2h 0m,HPH,23.0,12.0,13-04-2025
HPH0284,Vietnam Airlines,1759239,20:30,22 thg 4,22:30,22 thg 4,2h 0m,HPH,23.0,12.0,14-04-2025
HPH0284,Vietnam Airlines,2008989,20:30,22 thg 4,22:30,22 thg 4,2h 0m,HPH,23.0,12.0,15-04-2025
HPH0284,Vietnam Airlines,1997001,20:30,22 thg 4,22:30,22 thg 4,2h 0m,HPH,23.0,12.0,16-04-2025
HPH0284,Vietnam Airlines,2232303,20:30,22 thg 4,22:30,22 thg 4,2h 0m,HPH,23.0,12.0,17-04-2025
HPH0284,Vietnam Airlines,2457661,20:30,22 thg 4,22:30,22 thg 4,2h 0m,HPH,23.0,12.0,18-04-2025
HPH0284,Vietnam Airlines,2658918,20:30,22 thg 4,22:30,22 thg 4,2h 0m,HPH,23.0,12.0,19-04-2025
HPH0284,Vietnam Airlines,2681316,20:30,22 thg 4,22:30,22 thg 4,2h 0m,HPH,23.0,12.0,20-04-2025
HPH0284,Vietnam Airlines,2681316,20:30,22 thg 4,22:30,22 thg 4,2h 0m,HPH,23.0,12.0,21-04-2025
HPH0285,Vietnam Airlines,1994126,20:30,23 thg 4,22:30,23 thg 4,2h 0m,HPH,23.0,12.0,07-04-2025
HPH0285,Vietnam Airlines,1994126,20:30,23 thg 4,22:30,23 thg 4,2h 0m,HPH,23.0,12.0,08-04-2025
HPH0285,Vietnam Airlines,1785213,20:30,23 thg 4,22:30,23 thg 4,2h 0m,HPH,23.0,12.0,09-04-2025
HPH0285,Vietnam Airlines,1775114,20:30,23 thg 4,22:30,23 thg 4,2h 0m,HPH,23.0,12.0,10-04-2025
HPH0285,Vietnam Airlines,1765233,20:30,23 thg 4,22:30,23 thg 4,2h 0m,HPH,23.0,12.0,11-04-2025
HPH0285,Vietnam Airlines,1762236,20:30,23 thg 4,22:30,23 thg 4,2h 0m,HPH,23.0,12.0,12-04-2025
HPH0285,Vietnam Airlines,1764234,20:30,23 thg 4,22:30,23 thg 4,2h 0m,HPH,23.0,12.0,13-04-2025
HPH0285,Vietnam Airlines,1785213,20:30,23 thg 4,22:30,23 thg 4,2h 0m,HPH,23.0,12.0,14-04-2025
HPH0285,Vietnam Airlines,1783215,20:30,23 thg 4,22:30,23 thg 4,2h 0m,HPH,23.0,12.0,15-04-2025
HPH0285,Vietnam Airlines,1773225,20:30,23 thg 4,22:30,23 thg 4,2h 0m,HPH,23.0,12.0,16-04-2025
HPH0285,Vietnam Airlines,2007512,20:30,23 thg 4,22:30,23 thg 4,2h 0m,HPH,23.0,12.0,17-04-2025
HPH0285,Vietnam Airlines,2030967,20:30,23 thg 4,22:30,23 thg 4,2h 0m,HPH,23.0,12.0,18-04-2025
HPH0285,Vietnam Airlines,1962036,20:30,23 thg 4,22:30,23 thg 4,2h 0m,HPH,23.0,12.0,19-04-2025
HPH0285,Vietnam Airlines,2034963,20:30,23 thg 4,22:30,23 thg 4,2h 0m,HPH,23.0,12.0,20-04-2025
HPH0285,Vietnam Airlines,2175822,20:30,23 thg 4,22:30,23 thg 4,2h 0m,HPH,23.0,12.0,21-04-2025
HPH0285,Vietnam Airlines,2722275,20:30,23 thg 4,22:30,23 thg 4,2h 0m,HPH,23.0,12.0,22-04-2025
HPH0286,Vietnam Airlines,2217417,20:30,24 thg 4,22:30,24 thg 4,2h 0m,HPH,23.0,12.0,07-04-2025
HPH0286,Vietnam Airlines,2217417,20:30,24 thg 4,22:30,24 thg 4,2h 0m,HPH,23.0,12.0,08-04-2025
HPH0286,Vietnam Airlines,2223774,20:30,24 thg 4,22:30,24 thg 4,2h 0m,HPH,23.0,12.0,09-04-2025
HPH0286,Vietnam Airlines,1998947,20:30,24 thg 4,22:30,24 thg 4,2h 0m,HPH,23.0,12.0,10-04-2025
HPH0286,Vietnam Airlines,1977021,20:30,24 thg 4,22:30,24 thg 4,2h 0m,HPH,23.0,12.0,11-04-2025
HPH0286,Vietnam Airlines,1976022,20:30,24 thg 4,22:30,24 thg 4,2h 0m,HPH,23.0,12.0,12-04-2025
HPH0286,Vietnam Airlines,1974024,20:30,24 thg 4,22:30,24 thg 4,2h 0m,HPH,23.0,12.0,13-04-2025
HPH0286,Vietnam Airlines,2028969,20:30,24 thg 4,22:30,24 thg 4,2h 0m,HPH,23.0,12.0,14-04-2025
HPH0286,Vietnam Airlines,2013984,20:30,24 thg 4,22:30,24 thg 4,2h 0m,HPH,23.0,12.0,15-04-2025
HPH0286,Vietnam Airlines,2232303,20:30,24 thg 4,22:30,24 thg 4,2h 0m,HPH,23.0,12.0,17-04-2025
HPH0286,Vietnam Airlines,2194803,20:30,24 thg 4,22:30,24 thg 4,2h 0m,HPH,23.0,12.0,18-04-2025
HPH0286,Vietnam Airlines,3912084,20:30,24 thg 4,22:30,24 thg 4,2h 0m,HPH,23.0,12.0,19-04-2025
HPH0286,Vietnam Airlines,3911085,20:30,24 thg 4,22:30,24 thg 4,2h 0m,HPH,23.0,12.0,20-04-2025
HPH0286,Vietnam Airlines,3911085,20:30,24 thg 4,22:30,24 thg 4,2h 0m,HPH,23.0,12.0,21-04-2025
HPH0287,Vietnam Airlines,2217417,20:30,25 thg 4,22:30,25 thg 4,2h 0m,HPH,23.0,12.0,07-04-2025
HPH0287,Vietnam Airlines,2217417,20:30,25 thg 4,22:30,25 thg 4,2h 0m,HPH,23.0,12.0,08-04-2025
HPH0287,Vietnam Airlines,2209788,20:30,25 thg 4,22:30,25 thg 4,2h 0m,HPH,23.0,12.0,09-04-2025
HPH0287,Vietnam Airlines,2196801,20:30,25 thg 4,22:30,25 thg 4,2h 0m,HPH,23.0,12.0,10-04-2025
HPH0287,Vietnam Airlines,2071601,20:30,25 thg 4,22:30,25 thg 4,2h 0m,HPH,23.0,12.0,11-04-2025
HPH0287,Vietnam Airlines,2209788,20:30,25 thg 4,22:30,25 thg 4,2h 0m,HPH,23.0,12.0,12-04-2025
HPH0287,Vietnam Airlines,2210787,20:30,25 thg 4,22:30,25 thg 4,2h 0m,HPH,23.0,12.0,13-04-2025
HPH0287,Vietnam Airlines,2303569,20:30,25 thg 4,22:30,25 thg 4,2h 0m,HPH,23.0,12.0,14-04-2025
HPH0287,Vietnam Airlines,2303569,20:30,25 thg 4,22:30,25 thg 4,2h 0m,HPH,23.0,12.0,15-04-2025
HPH0287,Vietnam Airlines,2455542,20:30,25 thg 4,22:30,25 thg 4,2h 0m,HPH,23.0,12.0,16-04-2025
HPH0287,Vietnam Airlines,2232303,20:30,25 thg 4,22:30,25 thg 4,2h 0m,HPH,23.0,12.0,17-04-2025
HPH0287,Vietnam Airlines,2255742,20:30,25 thg 4,22:30,25 thg 4,2h 0m,HPH,23.0,12.0,18-04-2025
HPH0287,Vietnam Airlines,2456029,20:30,25 thg 4,22:30,25 thg 4,2h 0m,HPH,23.0,12.0,19-04-2025
HPH0287,Vietnam Airlines,2303569,20:30,25 thg 4,22:30,25 thg 4,2h 0m,HPH,23.0,12.0,20-04-2025
HPH0287,Vietnam Airlines,2303569,20:30,25 thg 4,22:30,25 thg 4,2h 0m,HPH,23.0,12.0,21-04-2025
HPH0287,Vietnam Airlines,2677320,20:30,25 thg 4,22:30,25 thg 4,2h 0m,HPH,23.0,12.0,22-04-2025
HPH0287,Vietnam Airlines,2884925,20:30,25 thg 4,22:30,25 thg 4,2h 0m,HPH,23.0,12.0,23-04-2025
HPH0287,Vietnam Airlines,3414582,20:30,25 thg 4,22:30,25 thg 4,2h 0m,HPH,23.0,12.0,24-04-2025
HPH0288,Vietnam Airlines,2217417,20:30,26 thg 4,22:30,26 thg 4,2h 0m,HPH,23.0,12.0,07-04-2025
HPH0288,Vietnam Airlines,2217417,20:30,26 thg 4,22:30,26 thg 4,2h 0m,HPH,23.0,12.0,08-04-2025
HPH0288,Vietnam Airlines,2221290,20:30,26 thg 4,22:30,26 thg 4,2h 0m,HPH,23.0,12.0,09-04-2025
HPH0288,Vietnam Airlines,2200797,20:30,26 thg 4,22:30,26 thg 4,2h 0m,HPH,23.0,12.0,10-04-2025
HPH0288,Vietnam Airlines,2447462,20:30,26 thg 4,22:30,26 thg 4,2h 0m,HPH,23.0,12.0,11-04-2025
HPH0288,Vietnam Airlines,2205792,20:30,26 thg 4,22:30,26 thg 4,2h 0m,HPH,23.0,12.0,12-04-2025
HPH0288,Vietnam Airlines,2206791,20:30,26 thg 4,22:30,26 thg 4,2h 0m,HPH,23.0,12.0,13-04-2025
HPH0288,Vietnam Airlines,2469528,20:30,26 thg 4,22:30,26 thg 4,2h 0m,HPH,23.0,12.0,14-04-2025
HPH0288,Vietnam Airlines,2471526,20:30,26 thg 4,22:30,26 thg 4,2h 0m,HPH,23.0,12.0,15-04-2025
HPH0288,Vietnam Airlines,2459538,20:30,26 thg 4,22:30,26 thg 4,2h 0m,HPH,23.0,12.0,16-04-2025
HPH0288,Vietnam Airlines,1990008,20:30,26 thg 4,22:30,26 thg 4,2h 0m,HPH,23.0,12.0,17-04-2025
HPH0288,Vietnam Airlines,1991007,20:30,26 thg 4,22:30,26 thg 4,2h 0m,HPH,23.0,12.0,18-04-2025
HPH0288,Vietnam Airlines,1988010,20:30,26 thg 4,22:30,26 thg 4,2h 0m,HPH,23.0,12.0,19-04-2025
HPH0288,Vietnam Airlines,2227770,20:30,26 thg 4,22:30,26 thg 4,2h 0m,HPH,23.0,12.0,20-04-2025
HPH0288,Vietnam Airlines,2227770,20:30,26 thg 4,22:30,26 thg 4,2h 0m,HPH,23.0,12.0,21-04-2025
HPH0288,Vietnam Airlines,2688309,20:30,26 thg 4,22:30,26 thg 4,2h 0m,HPH,23.0,12.0,22-04-2025
HPH0288,Vietnam Airlines,2691306,20:30,26 thg 4,22:30,26 thg 4,2h 0m,HPH,23.0,12.0,23-04-2025
HPH0288,Vietnam Airlines,2955042,20:30,26 thg 4,22:30,26 thg 4,2h 0m,HPH,23.0,12.0,24-04-2025
HPH0288,Vietnam Airlines,2999473,20:30,26 thg 4,22:30,26 thg 4,2h 0m,HPH,23.0,12.0,25-04-2025
HPH0289,Vietnam Airlines,2217417,20:30,28 thg 4,22:30,28 thg 4,2h 0m,HPH,23.0,12.0,07-04-2025
HPH0289,Vietnam Airlines,2217417,20:30,28 thg 4,22:30,28 thg 4,2h 0m,HPH,23.0,12.0,08-04-2025
HPH0289,Vietnam Airlines,2221290,20:30,28 thg 4,22:30,28 thg 4,2h 0m,HPH,23.0,12.0,09-04-2025
HPH0289,Vietnam Airlines,2204793,20:30,28 thg 4,22:30,28 thg 4,2h 0m,HPH,23.0,12.0,10-04-2025
HPH0289,Vietnam Airlines,2455542,20:30,28 thg 4,22:30,28 thg 4,2h 0m,HPH,23.0,12.0,11-04-2025
HPH0289,Vietnam Airlines,2234763,20:30,28 thg 4,22:30,28 thg 4,2h 0m,HPH,23.0,12.0,12-04-2025
HPH0289,Vietnam Airlines,2047950,20:30,28 thg 4,22:30,28 thg 4,2h 0m,HPH,23.0,12.0,13-04-2025
HPH0289,Vietnam Airlines,2470527,20:30,28 thg 4,22:30,28 thg 4,2h 0m,HPH,23.0,12.0,14-04-2025
HPH0289,Vietnam Airlines,2446864,20:30,28 thg 4,22:30,28 thg 4,2h 0m,HPH,23.0,12.0,15-04-2025
HPH0289,Vietnam Airlines,2030967,20:30,28 thg 4,22:30,28 thg 4,2h 0m,HPH,23.0,12.0,17-04-2025
HPH0289,Vietnam Airlines,2008989,20:30,28 thg 4,22:30,28 thg 4,2h 0m,HPH,23.0,12.0,18-04-2025
HPH0289,Vietnam Airlines,1984014,20:30,28 thg 4,22:30,28 thg 4,2h 0m,HPH,23.0,12.0,19-04-2025
HPH0289,Vietnam Airlines,2227770,20:30,28 thg 4,22:30,28 thg 4,2h 0m,HPH,23.0,12.0,20-04-2025
HPH0289,Vietnam Airlines,2227770,20:30,28 thg 4,22:30,28 thg 4,2h 0m,HPH,23.0,12.0,21-04-2025
HPH0289,Vietnam Airlines,2303569,20:30,28 thg 4,22:30,28 thg 4,2h 0m,HPH,23.0,12.0,22-04-2025
HPH0289,Vietnam Airlines,2472525,20:30,28 thg 4,22:30,28 thg 4,2h 0m,HPH,23.0,12.0,23-04-2025
HPH0289,Vietnam Airlines,2716281,20:30,28 thg 4,22:30,28 thg 4,2h 0m,HPH,23.0,12.0,24-04-2025
HPH0289,Vietnam Airlines,2720277,20:30,28 thg 4,22:30,28 thg 4,2h 0m,HPH,23.0,12.0,25-04-2025
HPH0289,Vietnam Airlines,2917080,20:30,28 thg 4,22:30,28 thg 4,2h 0m,HPH,23.0,12.0,26-04-2025
HPH0289,Vietnam Airlines,3379117,20:30,28 thg 4,22:30,28 thg 4,2h 0m,HPH,23.0,12.0,27-04-2025
HPH0290,Vietnam Airlines,2887295,20:30,29 thg 4,22:30,29 thg 4,2h 0m,HPH,23.0,12.0,07-04-2025
HPH0290,Vietnam Airlines,2889108,20:30,29 thg 4,22:30,29 thg 4,2h 0m,HPH,23.0,12.0,09-04-2025
HPH0290,Vietnam Airlines,2875122,20:30,29 thg 4,22:30,29 thg 4,2h 0m,HPH,23.0,12.0,10-04-2025
HPH0290,Vietnam Airlines,2888109,20:30,29 thg 4,22:30,29 thg 4,2h 0m,HPH,23.0,12.0,11-04-2025
HPH0290,Vietnam Airlines,2895980,20:30,29 thg 4,22:30,29 thg 4,2h 0m,HPH,23.0,12.0,12-04-2025
HPH0290,Vietnam Airlines,2950047,20:30,29 thg 4,22:30,29 thg 4,2h 0m,HPH,23.0,12.0,13-04-2025
HPH0290,Vietnam Airlines,3157839,20:30,29 thg 4,22:30,29 thg 4,2h 0m,HPH,23.0,12.0,14-04-2025
HPH0290,Vietnam Airlines,3140856,20:30,29 thg 4,22:30,29 thg 4,2h 0m,HPH,23.0,12.0,15-04-2025
HPH0290,Vietnam Airlines,3396600,20:30,29 thg 4,22:30,29 thg 4,2h 0m,HPH,23.0,12.0,16-04-2025
HPH0290,Vietnam Airlines,2691306,20:30,29 thg 4,22:30,29 thg 4,2h 0m,HPH,23.0,12.0,17-04-2025
HPH0290,Vietnam Airlines,2688309,20:30,29 thg 4,22:30,29 thg 4,2h 0m,HPH,23.0,12.0,18-04-2025
HPH0290,Vietnam Airlines,3416580,20:30,29 thg 4,22:30,29 thg 4,2h 0m,HPH,23.0,12.0,22-04-2025
HPH0290,Vietnam Airlines,3413583,20:30,29 thg 4,22:30,29 thg 4,2h 0m,HPH,23.0,12.0,23-04-2025
HPH0290,Vietnam Airlines,3683313,20:30,29 thg 4,22:30,29 thg 4,2h 0m,HPH,23.0,12.0,24-04-2025
HPH0290,Vietnam Airlines,3686310,20:30,29 thg 4,22:30,29 thg 4,2h 0m,HPH,23.0,12.0,25-04-2025
HPH0290,Vietnam Airlines,3900096,20:30,29 thg 4,22:30,29 thg 4,2h 0m,HPH,23.0,12.0,26-04-2025
HPH0290,Vietnam Airlines,3882114,20:30,29 thg 4,22:30,29 thg 4,2h 0m,HPH,23.0,12.0,27-04-2025
HPH0291,Vietnam Airlines,2887295,20:30,30 thg 4,22:30,30 thg 4,2h 0m,HPH,23.0,12.0,07-04-2025
HPH0291,Vietnam Airlines,2875122,20:30,30 thg 4,22:30,30 thg 4,2h 0m,HPH,23.0,12.0,10-04-2025
HPH0291,Vietnam Airlines,2886111,20:30,30 thg 4,22:30,30 thg 4,2h 0m,HPH,23.0,12.0,11-04-2025
HPH0291,Vietnam Airlines,2897100,20:30,30 thg 4,22:30,30 thg 4,2h 0m,HPH,23.0,12.0,12-04-2025
HPH0291,Vietnam Airlines,2898099,20:30,30 thg 4,22:30,30 thg 4,2h 0m,HPH,23.0,12.0,13-04-2025
HPH0291,Vietnam Airlines,2897100,20:30,30 thg 4,22:30,30 thg 4,2h 0m,HPH,23.0,12.0,14-04-2025
HPH0291,Vietnam Airlines,2240757,20:30,30 thg 4,22:30,30 thg 4,2h 0m,HPH,23.0,12.0,15-04-2025
HPH0291,Vietnam Airlines,2226771,20:30,30 thg 4,22:30,30 thg 4,2h 0m,HPH,23.0,12.0,16-04-2025
HPH0291,Vietnam Airlines,2030967,20:30,30 thg 4,22:30,30 thg 4,2h 0m,HPH,23.0,12.0,17-04-2025
HPH0291,Vietnam Airlines,2019978,20:30,30 thg 4,22:30,30 thg 4,2h 0m,HPH,23.0,12.0,18-04-2025
HPH0291,Vietnam Airlines,2013984,20:30,30 thg 4,22:30,30 thg 4,2h 0m,HPH,23.0,12.0,19-04-2025
HPH0291,Vietnam Airlines,2000997,20:30,30 thg 4,22:30,30 thg 4,2h 0m,HPH,23.0,12.0,20-04-2025
HPH0291,Vietnam Airlines,2000997,20:30,30 thg 4,22:30,30 thg 4,2h 0m,HPH,23.0,12.0,21-04-2025
HPH0291,Vietnam Airlines,2227770,20:30,30 thg 4,22:30,30 thg 4,2h 0m,HPH,23.0,12.0,22-04-2025
HPH0291,Vietnam Airlines,2229768,20:30,30 thg 4,22:30,30 thg 4,2h 0m,HPH,23.0,12.0,23-04-2025
HPH0291,Vietnam Airlines,2488509,20:30,30 thg 4,22:30,30 thg 4,2h 0m,HPH,23.0,12.0,24-04-2025
HPH0291,Vietnam Airlines,2704293,20:30,30 thg 4,22:30,30 thg 4,2h 0m,HPH,23.0,12.0,26-04-2025
HPH0291,Vietnam Airlines,2887208,20:30,30 thg 4,22:30,30 thg 4,2h 0m,HPH,23.0,12.0,27-04-2025
HPH0291,Vietnam Airlines,3377619,20:30,30 thg 4,22:30,30 thg 4,2h 0m,HPH,23.0,12.0,28-04-2025
HPH0291,Vietnam Airlines,3389607,20:30,30 thg 4,22:30,30 thg 4,2h 0m,HPH,23.0,12.0,29-04-2025
HPH0292,Vietnam Airlines,4017553,20:45,04 thg 5,22:45,04 thg 5,2h 0m,HPH,23.0,12.0,01-05-2025
HPH0292,Vietnam Airlines,3867300,20:45,04 thg 5,22:45,04 thg 5,2h 0m,HPH,23.0,12.0,07-04-2025
HPH0292,Vietnam Airlines,3913083,20:45,04 thg 5,22:45,04 thg 5,2h 0m,HPH,23.0,12.0,16-04-2025
HPH0292,Vietnam Airlines,3921075,20:45,04 thg 5,22:45,04 thg 5,2h 0m,HPH,23.0,12.0,25-04-2025
HPH0293,Vietnam Airlines,3405591,20:50,24 thg 4,22:50,24 thg 4,2h 0m,HPH,23.0,12.0,22-04-2025
HPH0293,Vietnam Airlines,3920076,20:50,24 thg 4,22:50,24 thg 4,2h 0m,HPH,23.0,12.0,23-04-2025
HPH0294,Vietnam Airlines,2217417,21:10,27 thg 4,23:10,27 thg 4,2h 0m,HPH,23.0,12.0,07-04-2025
HPH0294,Vietnam Airlines,2217417,21:10,27 thg 4,23:10,27 thg 4,2h 0m,HPH,23.0,12.0,08-04-2025
HPH0294,Vietnam Airlines,2221290,21:10,27 thg 4,23:10,27 thg 4,2h 0m,HPH,23.0,12.0,09-04-2025
HPH0294,Vietnam Airlines,1996002,21:10,27 thg 4,23:10,27 thg 4,2h 0m,HPH,23.0,12.0,10-04-2025
HPH0294,Vietnam Airlines,1987011,21:10,27 thg 4,23:10,27 thg 4,2h 0m,HPH,23.0,12.0,11-04-2025
HPH0294,Vietnam Airlines,2275722,21:10,27 thg 4,23:10,27 thg 4,2h 0m,HPH,23.0,12.0,12-04-2025
HPH0294,Vietnam Airlines,1993005,21:10,27 thg 4,23:10,27 thg 4,2h 0m,HPH,23.0,12.0,13-04-2025
HPH0294,Vietnam Airlines,2071601,21:10,27 thg 4,23:10,27 thg 4,2h 0m,HPH,23.0,12.0,14-04-2025
HPH0294,Vietnam Airlines,1982016,21:10,27 thg 4,23:10,27 thg 4,2h 0m,HPH,23.0,12.0,15-04-2025
HPH0294,Vietnam Airlines,1971027,21:10,27 thg 4,23:10,27 thg 4,2h 0m,HPH,23.0,12.0,16-04-2025
HPH0294,Vietnam Airlines,2001996,21:10,27 thg 4,23:10,27 thg 4,2h 0m,HPH,23.0,12.0,17-04-2025
HPH0294,Vietnam Airlines,1991007,21:10,27 thg 4,23:10,27 thg 4,2h 0m,HPH,23.0,12.0,18-04-2025
HPH0294,Vietnam Airlines,1981017,21:10,27 thg 4,23:10,27 thg 4,2h 0m,HPH,23.0,12.0,19-04-2025
HPH0294,Vietnam Airlines,2030967,21:10,27 thg 4,23:10,27 thg 4,2h 0m,HPH,23.0,12.0,20-04-2025
HPH0294,Vietnam Airlines,2030967,21:10,27 thg 4,23:10,27 thg 4,2h 0m,HPH,23.0,12.0,21-04-2025
HPH0294,Vietnam Airlines,1990008,21:10,27 thg 4,23:10,27 thg 4,2h 0m,HPH,23.0,12.0,22-04-2025
HPH0294,Vietnam Airlines,1992006,21:10,27 thg 4,23:10,27 thg 4,2h 0m,HPH,23.0,12.0,23-04-2025
HPH0294,Vietnam Airlines,2488509,21:10,27 thg 4,23:10,27 thg 4,2h 0m,HPH,23.0,12.0,24-04-2025
HPH0294,Vietnam Airlines,2259738,21:10,27 thg 4,23:10,27 thg 4,2h 0m,HPH,23.0,12.0,25-04-2025
HPH0294,Vietnam Airlines,2767505,21:10,27 thg 4,23:10,27 thg 4,2h 0m,HPH,23.0,12.0,26-04-2025
