id,brand,price,start_time,start_day,end_time,end_day,trip_time,destination,checked_baggage,hand_luggage,crawl_date
DLI0001,Bamboo Airways,1.740.927 VND/khách,16:45,01 thg 5,17:40,01 thg 5,55m,"Đà Lạt (DLI)
Sân bay Liên Khương",,,11-04-2025
DLI0014,VietJet Air,1.704.435 VND/khách,09:55,01 thg 5,10:50,01 thg 5,55m,"Đà Lạt (DLI)
Sân bay Liên Khương",,,11-04-2025
DLI0029,VietJet Air,1.704.435 VND/khách,15:35,01 thg 5,16:30,01 thg 5,55m,"Đà Lạt (DLI)
Sân bay Liên Khương",,,11-04-2025
DLI0122,Vietnam Airlines,1.932.066 VND/khách,21:10,01 thg 5,22:10,01 thg 5,1h 0m,"Đà Lạt (DLI)
Sân bay Liên Khương",,,11-04-2025
DLI0045,Vietnam Airlines,1.939.059 VND/khách,05:45,01 thg 5,06:40,01 thg 5,55m,"Đà Lạt (DLI)
Sân bay Liên Khương",,,11-04-2025
DLI0085,Vietnam Airlines,1.994.004 VND/khách,10:15,01 thg 5,11:10,01 thg 5,55m,"Đà Lạt (DLI)
Sân bay Liên Khương",,,11-04-2025
DLI0001,Bamboo Airways,1.749.675 VND/khách,16:45,01 thg 5,17:40,01 thg 5,55m,"Đà Lạt (DLI)
Sân bay Liên Khương",Hành lý 20 kg,Hành lý xách tay 7 kg,12-04-2025
DLI0014,VietJet Air,1.716.000 VND/khách,09:55,01 thg 5,10:50,01 thg 5,55m,"Đà Lạt (DLI)
Sân bay Liên Khương",Hành lý 0 kg,Hành lý xách tay 7 kg,12-04-2025
DLI0029,VietJet Air,1.716.000 VND/khách,15:35,01 thg 5,16:30,01 thg 5,55m,"Đà Lạt (DLI)
Sân bay Liên Khương",Hành lý 0 kg,Hành lý xách tay 7 kg,12-04-2025
DLI0122,Vietnam Airlines,1.936.062 VND/khách,21:10,01 thg 5,22:10,01 thg 5,1h 0m,"Đà Lạt (DLI)
Sân bay Liên Khương",Hành lý 23 kg,Hành lý xách tay 1 x 12 kg,12-04-2025
DLI0045,Vietnam Airlines,1.943.055 VND/khách,05:45,01 thg 5,06:40,01 thg 5,55m,"Đà Lạt (DLI)
Sân bay Liên Khương",Hành lý 23 kg,Hành lý xách tay 1 x 12 kg,12-04-2025
DLI0085,Vietnam Airlines,1.998.999 VND/khách,10:15,01 thg 5,11:10,01 thg 5,55m,"Đà Lạt (DLI)
Sân bay Liên Khương",Hành lý 23 kg,Hành lý xách tay 1 x 12 kg,12-04-2025
DLI0001,Bamboo Airways,1.749.675 VND/khách,16:45,01 thg 5,17:40,01 thg 5,55m,"Đà Lạt (DLI)
Sân bay Liên Khương",Hành lý 20 kg,Hành lý xách tay 7 kg,13-04-2025
DLI0014,VietJet Air,1.709.410 VND/khách,09:55,01 thg 5,10:50,01 thg 5,55m,"Đà Lạt (DLI)
Sân bay Liên Khương",Hành lý 0 kg,Hành lý xách tay 7 kg,13-04-2025
DLI0029,VietJet Air,1.709.410 VND/khách,15:35,01 thg 5,16:30,01 thg 5,55m,"Đà Lạt (DLI)
Sân bay Liên Khương",Hành lý 0 kg,Hành lý xách tay 7 kg,13-04-2025
DLI0122,Vietnam Airlines,1.937.061 VND/khách,21:10,01 thg 5,22:10,01 thg 5,1h 0m,"Đà Lạt (DLI)
Sân bay Liên Khương",Hành lý 23 kg,Hành lý xách tay 1 x 12 kg,13-04-2025
DLI0045,Vietnam Airlines,1.945.053 VND/khách,05:45,01 thg 5,06:40,01 thg 5,55m,"Đà Lạt (DLI)
Sân bay Liên Khương",Hành lý 23 kg,Hành lý xách tay 1 x 12 kg,13-04-2025
DLI0122,Vietnam Airlines,1.934.064 VND/khách,21:10,01 thg 5,22:10,01 thg 5,1h 0m,"Đà Lạt (DLI)
Sân bay Liên Khương",Hành lý 23 kg,Hành lý xách tay 1 x 12 kg,14-04-2025
DLI0014,VietJet Air,1.688.768 VND/khách,09:55,01 thg 5,10:50,01 thg 5,55m,"Đà Lạt (DLI)
Sân bay Liên Khương",Hành lý 0 kg,Hành lý xách tay 7 kg,14-04-2025
DLI0029,VietJet Air,1.688.768 VND/khách,15:35,01 thg 5,16:30,01 thg 5,55m,"Đà Lạt (DLI)
Sân bay Liên Khương",Hành lý 0 kg,Hành lý xách tay 7 kg,14-04-2025
DLI0001,Bamboo Airways,1.749.675 VND/khách,16:45,01 thg 5,17:40,01 thg 5,55m,"Đà Lạt (DLI)
Sân bay Liên Khương",Hành lý 20 kg,Hành lý xách tay 7 kg,14-04-2025
DLI0045,Vietnam Airlines,1.941.057 VND/khách,05:45,01 thg 5,06:40,01 thg 5,55m,"Đà Lạt (DLI)
Sân bay Liên Khương",Hành lý 23 kg,Hành lý xách tay 1 x 12 kg,14-04-2025
DLI0122,Vietnam Airlines,1.941.057 VND/khách,21:10,01 thg 5,22:10,01 thg 5,1h 0m,"Đà Lạt (DLI)
Sân bay Liên Khương",,,15-04-2025
DLI0014,VietJet Air,1.693.755 VND/khách,09:55,01 thg 5,10:50,01 thg 5,55m,"Đà Lạt (DLI)
Sân bay Liên Khương",,,15-04-2025
DLI0029,VietJet Air,1.693.755 VND/khách,15:35,01 thg 5,16:30,01 thg 5,55m,"Đà Lạt (DLI)
Sân bay Liên Khương",,,15-04-2025
DLI0001,Bamboo Airways,1.749.675 VND/khách,16:45,01 thg 5,17:40,01 thg 5,55m,"Đà Lạt (DLI)
Sân bay Liên Khương",,,15-04-2025
DLI0045,Vietnam Airlines,1.945.053 VND/khách,05:45,01 thg 5,06:40,01 thg 5,55m,"Đà Lạt (DLI)
Sân bay Liên Khương",,,15-04-2025
DLI0045,Vietnam Airlines,1.935.150 VND/khách,05:45,01 thg 5,06:40,01 thg 5,55m,"Đà Lạt (DLI)
Sân bay Liên Khương",Hành lý 23 kg,Hành lý xách tay 1 x 12 kg,16-04-2025
DLI0014,VietJet Air,1.740.176 VND/khách,09:55,01 thg 5,10:50,01 thg 5,55m,"Đà Lạt (DLI)
Sân bay Liên Khương",Hành lý 0 kg,Hành lý xách tay 7 kg,16-04-2025
DLI0029,VietJet Air,1.740.176 VND/khách,15:35,01 thg 5,16:30,01 thg 5,55m,"Đà Lạt (DLI)
Sân bay Liên Khương",Hành lý 0 kg,Hành lý xách tay 7 kg,16-04-2025
DLI0001,Bamboo Airways,1.749.675 VND/khách,16:45,01 thg 5,17:40,01 thg 5,55m,"Đà Lạt (DLI)
Sân bay Liên Khương",Hành lý 20 kg,Hành lý xách tay 7 kg,16-04-2025
DLI0122,Vietnam Airlines,1.935.150 VND/khách,21:10,01 thg 5,22:10,01 thg 5,1h 0m,"Đà Lạt (DLI)
Sân bay Liên Khương",Hành lý 23 kg,Hành lý xách tay 1 x 12 kg,16-04-2025
DLI0063,Vietnam Airlines,2.000.250 VND/khách,08:55,01 thg 5,09:50,01 thg 5,55m,"Đà Lạt (DLI)
Sân bay Liên Khương",Hành lý 23 kg,Hành lý xách tay 1 x 12 kg,16-04-2025
DLI0122,Vietnam Airlines,1.944.054 VND/khách,21:10,01 thg 5,22:10,01 thg 5,1h 0m,"Đà Lạt (DLI)
Sân bay Liên Khương",Hành lý 23 kg,Hành lý xách tay 1 x 12 kg,17-04-2025
DLI0001,Bamboo Airways,1.564.488 VND/khách,16:45,01 thg 5,17:40,01 thg 5,55m,"Đà Lạt (DLI)
Sân bay Liên Khương",Hành lý 0 kg,Hành lý xách tay 7 kg,17-04-2025
DLI0014,VietJet Air,1.577.048 VND/khách,09:55,01 thg 5,10:50,01 thg 5,55m,"Đà Lạt (DLI)
Sân bay Liên Khương",Hành lý 0 kg,Hành lý xách tay 7 kg,17-04-2025
DLI0029,VietJet Air,1.577.048 VND/khách,15:35,01 thg 5,16:30,01 thg 5,55m,"Đà Lạt (DLI)
Sân bay Liên Khương",Hành lý 0 kg,Hành lý xách tay 7 kg,17-04-2025
DLI0063,Vietnam Airlines,1.769.229 VND/khách,08:55,01 thg 5,09:50,01 thg 5,55m,"Đà Lạt (DLI)
Sân bay Liên Khương",Hành lý 23 kg,Hành lý xách tay 1 x 12 kg,17-04-2025
DLI0001,Bamboo Airways,1.545.332 VND/khách,16:45,01 thg 5,17:40,01 thg 5,55m,"Đà Lạt (DLI)
Sân bay Liên Khương",Hành lý 0 kg,Hành lý xách tay 7 kg,23-04-2025
DLI0014,VietJet Air,1.617.945 VND/khách,09:55,01 thg 5,10:50,01 thg 5,55m,"Đà Lạt (DLI)
Sân bay Liên Khương",Hành lý 0 kg,Hành lý xách tay 7 kg,23-04-2025
DLI0029,VietJet Air,1.617.945 VND/khách,15:35,01 thg 5,16:30,01 thg 5,55m,"Đà Lạt (DLI)
Sân bay Liên Khương",Hành lý 0 kg,Hành lý xách tay 7 kg,23-04-2025
DLI0045,Vietnam Airlines,1.705.293 VND/khách,05:45,01 thg 5,06:40,01 thg 5,55m,"Đà Lạt (DLI)
Sân bay Liên Khương",Hành lý 23 kg,Hành lý xách tay 1 x 12 kg,23-04-2025
DLI0122,Vietnam Airlines,1.705.293 VND/khách,21:10,01 thg 5,22:10,01 thg 5,1h 0m,"Đà Lạt (DLI)
Sân bay Liên Khương",Hành lý 23 kg,Hành lý xách tay 1 x 12 kg,23-04-2025
DLI0001,Bamboo Airways,1.436.148 VND/khách,16:45,01 thg 5,17:40,01 thg 5,55m,"Đà Lạt (DLI)
Sân bay Liên Khương",,,24-04-2025
DLI0029,VietJet Air,1.612.958 VND/khách,15:35,01 thg 5,16:30,01 thg 5,55m,"Đà Lạt (DLI)
Sân bay Liên Khương",,,24-04-2025
DLI0122,Vietnam Airlines,1.690.308 VND/khách,21:10,01 thg 5,22:10,01 thg 5,1h 0m,"Đà Lạt (DLI)
Sân bay Liên Khương",,,24-04-2025
DLI0045,Vietnam Airlines,1.701.297 VND/khách,05:45,01 thg 5,06:40,01 thg 5,55m,"Đà Lạt (DLI)
Sân bay Liên Khương",,,24-04-2025
DLI0014,VietJet Air,1.840.388 VND/khách,09:55,01 thg 5,10:50,01 thg 5,55m,"Đà Lạt (DLI)
Sân bay Liên Khương",,,24-04-2025
DLI0001,Bamboo Airways,1.475.759 VND/khách,16:45,01 thg 5,17:40,01 thg 5,55m,"Đà Lạt (DLI)
Sân bay Liên Khương",Hành lý 0 kg,Hành lý xách tay 7 kg,25-04-2025
DLI0029,VietJet Air,1.599.990 VND/khách,15:35,01 thg 5,16:30,01 thg 5,55m,"Đà Lạt (DLI)
Sân bay Liên Khương",Hành lý 0 kg,Hành lý xách tay 7 kg,25-04-2025
DLI0122,Vietnam Airlines,1.688.310 VND/khách,21:10,01 thg 5,22:10,01 thg 5,1h 0m,"Đà Lạt (DLI)
Sân bay Liên Khương",Hành lý 23 kg,Hành lý xách tay 1 x 12 kg,25-04-2025
DLI0045,Vietnam Airlines,1.703.295 VND/khách,05:45,01 thg 5,06:40,01 thg 5,55m,"Đà Lạt (DLI)
Sân bay Liên Khương",Hành lý 23 kg,Hành lý xách tay 1 x 12 kg,25-04-2025
DLI0014,VietJet Air,1.827.420 VND/khách,09:55,01 thg 5,10:50,01 thg 5,55m,"Đà Lạt (DLI)
Sân bay Liên Khương",Hành lý 0 kg,Hành lý xách tay 7 kg,25-04-2025
DLI0002,Bamboo Airways,1.572.350 VND/khách,16:45,02 thg 5,17:40,02 thg 5,55m,"Đà Lạt (DLI)
Sân bay Liên Khương",Hành lý 0 kg,Hành lý xách tay 7 kg,12-04-2025
DLI0015,VietJet Air,1.424.000 VND/khách,09:55,02 thg 5,10:50,02 thg 5,55m,"Đà Lạt (DLI)
Sân bay Liên Khương",Hành lý 0 kg,Hành lý xách tay 7 kg,12-04-2025
DLI0030,VietJet Air,1.424.000 VND/khách,15:35,02 thg 5,16:30,02 thg 5,55m,"Đà Lạt (DLI)
Sân bay Liên Khương",Hành lý 0 kg,Hành lý xách tay 7 kg,12-04-2025
DLI0123,Vietnam Airlines,1.851.147 VND/khách,21:10,02 thg 5,22:10,02 thg 5,1h 0m,"Đà Lạt (DLI)
Sân bay Liên Khương",Hành lý 23 kg,Hành lý xách tay 1 x 12 kg,12-04-2025
DLI0046,Vietnam Airlines,1.884.114 VND/khách,05:45,02 thg 5,06:40,02 thg 5,55m,"Đà Lạt (DLI)
Sân bay Liên Khương",Hành lý 23 kg,Hành lý xách tay 1 x 12 kg,12-04-2025
DLI0086,Vietnam Airlines,1.995.003 VND/khách,10:15,02 thg 5,11:10,02 thg 5,55m,"Đà Lạt (DLI)
Sân bay Liên Khương",Hành lý 23 kg,Hành lý xách tay 1 x 12 kg,12-04-2025
DLI0002,Bamboo Airways,1.572.350 VND/khách,16:45,02 thg 5,17:40,02 thg 5,55m,"Đà Lạt (DLI)
Sân bay Liên Khương",Hành lý 0 kg,Hành lý xách tay 7 kg,13-04-2025
DLI0015,VietJet Air,1.425.835 VND/khách,09:55,02 thg 5,10:50,02 thg 5,55m,"Đà Lạt (DLI)
Sân bay Liên Khương",Hành lý 0 kg,Hành lý xách tay 7 kg,13-04-2025
DLI0030,VietJet Air,1.425.835 VND/khách,15:35,02 thg 5,16:30,02 thg 5,55m,"Đà Lạt (DLI)
Sân bay Liên Khương",Hành lý 0 kg,Hành lý xách tay 7 kg,13-04-2025
DLI0123,Vietnam Airlines,1.853.145 VND/khách,21:10,02 thg 5,22:10,02 thg 5,1h 0m,"Đà Lạt (DLI)
Sân bay Liên Khương",Hành lý 23 kg,Hành lý xách tay 1 x 12 kg,13-04-2025
DLI0046,Vietnam Airlines,1.886.112 VND/khách,05:45,02 thg 5,06:40,02 thg 5,55m,"Đà Lạt (DLI)
Sân bay Liên Khương",Hành lý 23 kg,Hành lý xách tay 1 x 12 kg,13-04-2025
DLI0064,Vietnam Airlines,2.011.986 VND/khách,08:55,02 thg 5,09:50,02 thg 5,55m,"Đà Lạt (DLI)
Sân bay Liên Khương",Hành lý 23 kg,Hành lý xách tay 1 x 12 kg,13-04-2025
DLI0046,Vietnam Airlines,1.605.393 VND/khách,05:45,02 thg 5,06:40,02 thg 5,55m,"Đà Lạt (DLI)
Sân bay Liên Khương",Hành lý 23 kg,Hành lý xách tay 1 x 12 kg,14-04-2025
DLI0015,VietJet Air,1.397.498 VND/khách,09:55,02 thg 5,10:50,02 thg 5,55m,"Đà Lạt (DLI)
Sân bay Liên Khương",Hành lý 0 kg,Hành lý xách tay 7 kg,14-04-2025
DLI0030,VietJet Air,1.397.498 VND/khách,15:35,02 thg 5,16:30,02 thg 5,55m,"Đà Lạt (DLI)
Sân bay Liên Khương",Hành lý 0 kg,Hành lý xách tay 7 kg,14-04-2025
DLI0002,Bamboo Airways,1.483.175 VND/khách,16:45,02 thg 5,17:40,02 thg 5,55m,"Đà Lạt (DLI)
Sân bay Liên Khương",Hành lý 0 kg,Hành lý xách tay 7 kg,14-04-2025
DLI0123,Vietnam Airlines,1.605.393 VND/khách,21:10,02 thg 5,22:10,02 thg 5,1h 0m,"Đà Lạt (DLI)
Sân bay Liên Khương",Hành lý 23 kg,Hành lý xách tay 1 x 12 kg,14-04-2025
DLI0086,Vietnam Airlines,1.675.323 VND/khách,10:15,02 thg 5,11:10,02 thg 5,55m,"Đà Lạt (DLI)
Sân bay Liên Khương",Hành lý 23 kg,Hành lý xách tay 1 x 12 kg,14-04-2025
DLI0123,Vietnam Airlines,1.608.390 VND/khách,21:10,02 thg 5,22:10,02 thg 5,1h 0m,"Đà Lạt (DLI)
Sân bay Liên Khương",,,15-04-2025
DLI0015,VietJet Air,1.401.488 VND/khách,09:55,02 thg 5,10:50,02 thg 5,55m,"Đà Lạt (DLI)
Sân bay Liên Khương",,,15-04-2025
DLI0030,VietJet Air,1.401.488 VND/khách,15:35,02 thg 5,16:30,02 thg 5,55m,"Đà Lạt (DLI)
Sân bay Liên Khương",,,15-04-2025
DLI0002,Bamboo Airways,1.483.175 VND/khách,16:45,02 thg 5,17:40,02 thg 5,55m,"Đà Lạt (DLI)
Sân bay Liên Khương",,,15-04-2025
DLI0046,Vietnam Airlines,1.611.387 VND/khách,05:45,02 thg 5,06:40,02 thg 5,55m,"Đà Lạt (DLI)
Sân bay Liên Khương",,,15-04-2025
DLI0086,Vietnam Airlines,1.715.283 VND/khách,10:15,02 thg 5,11:10,02 thg 5,55m,"Đà Lạt (DLI)
Sân bay Liên Khương",,,15-04-2025
DLI0046,Vietnam Airlines,1.493.100 VND/khách,05:45,02 thg 5,06:40,02 thg 5,55m,"Đà Lạt (DLI)
Sân bay Liên Khương",Hành lý 23 kg,Hành lý xách tay 1 x 12 kg,16-04-2025
DLI0002,Bamboo Airways,1.383.750 VND/khách,16:45,02 thg 5,17:40,02 thg 5,55m,"Đà Lạt (DLI)
Sân bay Liên Khương",Hành lý 0 kg,Hành lý xách tay 7 kg,16-04-2025
DLI0030,VietJet Air,1.445.443 VND/khách,15:35,02 thg 5,16:30,02 thg 5,55m,"Đà Lạt (DLI)
Sân bay Liên Khương",Hành lý 0 kg,Hành lý xách tay 7 kg,16-04-2025
DLI0123,Vietnam Airlines,1.594.950 VND/khách,21:10,02 thg 5,22:10,02 thg 5,1h 0m,"Đà Lạt (DLI)
Sân bay Liên Khương",Hành lý 23 kg,Hành lý xách tay 1 x 12 kg,16-04-2025
DLI0086,Vietnam Airlines,1.696.800 VND/khách,10:15,02 thg 5,11:10,02 thg 5,55m,"Đà Lạt (DLI)
Sân bay Liên Khương",Hành lý 23 kg,Hành lý xách tay 1 x 12 kg,16-04-2025
DLI0015,VietJet Air,1.946.434 VND/khách,09:55,02 thg 5,10:50,02 thg 5,55m,"Đà Lạt (DLI)
Sân bay Liên Khương",Hành lý 0 kg,Hành lý xách tay 7 kg,16-04-2025
DLI0046,Vietnam Airlines,1.487.511 VND/khách,05:45,02 thg 5,06:40,02 thg 5,55m,"Đà Lạt (DLI)
Sân bay Liên Khương",Hành lý 23 kg,Hành lý xách tay 1 x 12 kg,17-04-2025
DLI0002,Bamboo Airways,1.383.750 VND/khách,16:45,02 thg 5,17:40,02 thg 5,55m,"Đà Lạt (DLI)
Sân bay Liên Khương",Hành lý 0 kg,Hành lý xách tay 7 kg,17-04-2025
DLI0015,VietJet Air,1.401.488 VND/khách,09:55,02 thg 5,10:50,02 thg 5,55m,"Đà Lạt (DLI)
Sân bay Liên Khương",Hành lý 0 kg,Hành lý xách tay 7 kg,17-04-2025
DLI0030,VietJet Air,1.401.488 VND/khách,15:35,02 thg 5,16:30,02 thg 5,55m,"Đà Lạt (DLI)
Sân bay Liên Khương",Hành lý 0 kg,Hành lý xách tay 7 kg,17-04-2025
DLI0123,Vietnam Airlines,1.487.511 VND/khách,21:10,02 thg 5,22:10,02 thg 5,1h 0m,"Đà Lạt (DLI)
Sân bay Liên Khương",Hành lý 23 kg,Hành lý xách tay 1 x 12 kg,17-04-2025
DLI0064,Vietnam Airlines,1.602.396 VND/khách,08:55,02 thg 5,09:50,02 thg 5,55m,"Đà Lạt (DLI)
Sân bay Liên Khương",Hành lý 23 kg,Hành lý xách tay 1 x 12 kg,17-04-2025
DLI0002,Bamboo Airways,1.172.143 VND/khách,16:45,02 thg 5,17:40,02 thg 5,55m,"Đà Lạt (DLI)
Sân bay Liên Khương",Hành lý 0 kg,Hành lý xách tay 7 kg,23-04-2025
DLI0064,Vietnam Airlines,1.149.849 VND/khách,08:55,02 thg 5,09:50,02 thg 5,55m,"Đà Lạt (DLI)
Sân bay Liên Khương",Hành lý 23 kg,Hành lý xách tay 1 x 12 kg,23-04-2025
DLI0015,VietJet Air,1.182.038 VND/khách,09:55,02 thg 5,10:50,02 thg 5,55m,"Đà Lạt (DLI)
Sân bay Liên Khương",Hành lý 0 kg,Hành lý xách tay 7 kg,23-04-2025
DLI0030,VietJet Air,1.182.038 VND/khách,15:35,02 thg 5,16:30,02 thg 5,55m,"Đà Lạt (DLI)
Sân bay Liên Khương",Hành lý 0 kg,Hành lý xách tay 7 kg,23-04-2025
DLI0123,Vietnam Airlines,1.490.508 VND/khách,21:10,02 thg 5,22:10,02 thg 5,1h 0m,"Đà Lạt (DLI)
Sân bay Liên Khương",Hành lý 23 kg,Hành lý xách tay 1 x 12 kg,23-04-2025
DLI0046,Vietnam Airlines,1.497.501 VND/khách,05:45,02 thg 5,06:40,02 thg 5,55m,"Đà Lạt (DLI)
Sân bay Liên Khương",Hành lý 23 kg,Hành lý xách tay 1 x 12 kg,23-04-2025
DLI0002,Bamboo Airways,761.248 VND/khách,16:45,02 thg 5,17:40,02 thg 5,55m,"Đà Lạt (DLI)
Sân bay Liên Khương",,,24-04-2025
DLI0015,VietJet Air,829.920 VND/khách,09:55,02 thg 5,10:50,02 thg 5,55m,"Đà Lạt (DLI)
Sân bay Liên Khương",,,24-04-2025
DLI0030,VietJet Air,829.920 VND/khách,15:35,02 thg 5,16:30,02 thg 5,55m,"Đà Lạt (DLI)
Sân bay Liên Khương",,,24-04-2025
DLI0064,Vietnam Airlines,1.155.843 VND/khách,08:55,02 thg 5,09:50,02 thg 5,55m,"Đà Lạt (DLI)
Sân bay Liên Khương",,,24-04-2025
DLI0123,Vietnam Airlines,1.484.514 VND/khách,21:10,02 thg 5,22:10,02 thg 5,1h 0m,"Đà Lạt (DLI)
Sân bay Liên Khương",,,24-04-2025
DLI0046,Vietnam Airlines,1.495.503 VND/khách,05:45,02 thg 5,06:40,02 thg 5,55m,"Đà Lạt (DLI)
Sân bay Liên Khương",,,24-04-2025
DLI0002,Bamboo Airways,782.244 VND/khách,16:45,02 thg 5,17:40,02 thg 5,55m,"Đà Lạt (DLI)
Sân bay Liên Khương",Hành lý 0 kg,Hành lý xách tay 7 kg,25-04-2025
DLI0015,VietJet Air,1.063.335 VND/khách,09:55,02 thg 5,10:50,02 thg 5,55m,"Đà Lạt (DLI)
Sân bay Liên Khương",Hành lý 0 kg,Hành lý xách tay 7 kg,25-04-2025
DLI0003,Bamboo Airways,1.151.075 VND/khách,16:45,03 thg 5,17:40,03 thg 5,55m,"Đà Lạt (DLI)
Sân bay Liên Khương",Hành lý 0 kg,Hành lý xách tay 7 kg,13-04-2025
DLI0016,VietJet Air,1.163.155 VND/khách,09:55,03 thg 5,10:50,03 thg 5,55m,"Đà Lạt (DLI)
Sân bay Liên Khương",Hành lý 0 kg,Hành lý xách tay 7 kg,13-04-2025
DLI0031,VietJet Air,1.163.155 VND/khách,15:35,03 thg 5,16:30,03 thg 5,55m,"Đà Lạt (DLI)
Sân bay Liên Khương",Hành lý 0 kg,Hành lý xách tay 7 kg,13-04-2025
DLI0047,Vietnam Airlines,1.375.623 VND/khách,05:45,03 thg 5,06:40,03 thg 5,55m,"Đà Lạt (DLI)
Sân bay Liên Khương",Hành lý 23 kg,Hành lý xách tay 1 x 12 kg,13-04-2025
DLI0124,Vietnam Airlines,1.375.623 VND/khách,21:10,03 thg 5,22:10,03 thg 5,1h 0m,"Đà Lạt (DLI)
Sân bay Liên Khương",Hành lý 23 kg,Hành lý xách tay 1 x 12 kg,13-04-2025
DLI0065,Vietnam Airlines,1.393.605 VND/khách,08:55,03 thg 5,09:50,03 thg 5,55m,"Đà Lạt (DLI)
Sân bay Liên Khương",Hành lý 23 kg,Hành lý xách tay 1 x 12 kg,13-04-2025
DLI0047,Vietnam Airlines,1.275.723 VND/khách,05:45,03 thg 5,06:40,03 thg 5,55m,"Đà Lạt (DLI)
Sân bay Liên Khương",Hành lý 23 kg,Hành lý xách tay 1 x 12 kg,14-04-2025
DLI0016,VietJet Air,1.137.150 VND/khách,09:55,03 thg 5,10:50,03 thg 5,55m,"Đà Lạt (DLI)
Sân bay Liên Khương",Hành lý 0 kg,Hành lý xách tay 7 kg,14-04-2025
DLI0031,VietJet Air,1.137.150 VND/khách,15:35,03 thg 5,16:30,03 thg 5,55m,"Đà Lạt (DLI)
Sân bay Liên Khương",Hành lý 0 kg,Hành lý xách tay 7 kg,14-04-2025
DLI0003,Bamboo Airways,1.151.075 VND/khách,16:45,03 thg 5,17:40,03 thg 5,55m,"Đà Lạt (DLI)
Sân bay Liên Khương",Hành lý 0 kg,Hành lý xách tay 7 kg,14-04-2025
DLI0124,Vietnam Airlines,1.375.623 VND/khách,21:10,03 thg 5,22:10,03 thg 5,1h 0m,"Đà Lạt (DLI)
Sân bay Liên Khương",Hành lý 23 kg,Hành lý xách tay 1 x 12 kg,14-04-2025
DLI0065,Vietnam Airlines,1.390.608 VND/khách,08:55,03 thg 5,09:50,03 thg 5,55m,"Đà Lạt (DLI)
Sân bay Liên Khương",Hành lý 23 kg,Hành lý xách tay 1 x 12 kg,14-04-2025
DLI0047,Vietnam Airlines,1.277.721 VND/khách,05:45,03 thg 5,06:40,03 thg 5,55m,"Đà Lạt (DLI)
Sân bay Liên Khương",,,15-04-2025
DLI0016,VietJet Air,1.139.145 VND/khách,09:55,03 thg 5,10:50,03 thg 5,55m,"Đà Lạt (DLI)
Sân bay Liên Khương",,,15-04-2025
DLI0031,VietJet Air,1.139.145 VND/khách,15:35,03 thg 5,16:30,03 thg 5,55m,"Đà Lạt (DLI)
Sân bay Liên Khương",,,15-04-2025
DLI0003,Bamboo Airways,1.151.075 VND/khách,16:45,03 thg 5,17:40,03 thg 5,55m,"Đà Lạt (DLI)
Sân bay Liên Khương",,,15-04-2025
DLI0124,Vietnam Airlines,1.377.621 VND/khách,21:10,03 thg 5,22:10,03 thg 5,1h 0m,"Đà Lạt (DLI)
Sân bay Liên Khương",,,15-04-2025
DLI0065,Vietnam Airlines,1.389.609 VND/khách,08:55,03 thg 5,09:50,03 thg 5,55m,"Đà Lạt (DLI)
Sân bay Liên Khương",,,15-04-2025
DLI0047,Vietnam Airlines,1.152.900 VND/khách,05:45,03 thg 5,06:40,03 thg 5,55m,"Đà Lạt (DLI)
Sân bay Liên Khương",Hành lý 23 kg,Hành lý xách tay 1 x 12 kg,16-04-2025
DLI0003,Bamboo Airways,1.151.075 VND/khách,16:45,03 thg 5,17:40,03 thg 5,55m,"Đà Lạt (DLI)
Sân bay Liên Khương",Hành lý 0 kg,Hành lý xách tay 7 kg,16-04-2025
DLI0016,VietJet Air,1.180.561 VND/khách,09:55,03 thg 5,10:50,03 thg 5,55m,"Đà Lạt (DLI)
Sân bay Liên Khương",Hành lý 0 kg,Hành lý xách tay 7 kg,16-04-2025
DLI0031,VietJet Air,1.180.561 VND/khách,15:35,03 thg 5,16:30,03 thg 5,55m,"Đà Lạt (DLI)
Sân bay Liên Khương",Hành lý 0 kg,Hành lý xách tay 7 kg,16-04-2025
DLI0087,Vietnam Airlines,1.266.300 VND/khách,10:15,03 thg 5,11:10,03 thg 5,55m,"Đà Lạt (DLI)
Sân bay Liên Khương",Hành lý 23 kg,Hành lý xách tay 1 x 12 kg,16-04-2025
DLI0065,Vietnam Airlines,1.379.700 VND/khách,08:55,03 thg 5,09:50,03 thg 5,55m,"Đà Lạt (DLI)
Sân bay Liên Khương",Hành lý 23 kg,Hành lý xách tay 1 x 12 kg,16-04-2025
DLI0124,Vietnam Airlines,1.146.852 VND/khách,21:10,03 thg 5,22:10,03 thg 5,1h 0m,"Đà Lạt (DLI)
Sân bay Liên Khương",Hành lý 23 kg,Hành lý xách tay 1 x 12 kg,17-04-2025
DLI0003,Bamboo Airways,786.175 VND/khách,16:45,03 thg 5,17:40,03 thg 5,55m,"Đà Lạt (DLI)
Sân bay Liên Khương",Hành lý 0 kg,Hành lý xách tay 7 kg,17-04-2025
DLI0016,VietJet Air,799.995 VND/khách,09:55,03 thg 5,10:50,03 thg 5,55m,"Đà Lạt (DLI)
Sân bay Liên Khương",Hành lý 0 kg,Hành lý xách tay 7 kg,17-04-2025
DLI0031,VietJet Air,799.995 VND/khách,15:35,03 thg 5,16:30,03 thg 5,55m,"Đà Lạt (DLI)
Sân bay Liên Khương",Hành lý 0 kg,Hành lý xách tay 7 kg,17-04-2025
DLI0047,Vietnam Airlines,1.164.834 VND/khách,05:45,03 thg 5,06:40,03 thg 5,55m,"Đà Lạt (DLI)
Sân bay Liên Khương",Hành lý 23 kg,Hành lý xách tay 1 x 12 kg,17-04-2025
DLI0087,Vietnam Airlines,1.276.722 VND/khách,10:15,03 thg 5,11:10,03 thg 5,55m,"Đà Lạt (DLI)
Sân bay Liên Khương",Hành lý 23 kg,Hành lý xách tay 1 x 12 kg,17-04-2025
DLI0003,Bamboo Airways,1.116.639 VND/khách,16:45,03 thg 5,17:40,03 thg 5,55m,"Đà Lạt (DLI)
Sân bay Liên Khương",Hành lý 0 kg,Hành lý xách tay 7 kg,23-04-2025
DLI0016,VietJet Air,834.908 VND/khách,09:55,03 thg 5,10:50,03 thg 5,55m,"Đà Lạt (DLI)
Sân bay Liên Khương",Hành lý 0 kg,Hành lý xách tay 7 kg,23-04-2025
DLI0031,VietJet Air,834.908 VND/khách,15:35,03 thg 5,16:30,03 thg 5,55m,"Đà Lạt (DLI)
Sân bay Liên Khương",Hành lý 0 kg,Hành lý xách tay 7 kg,23-04-2025
DLI0124,Vietnam Airlines,1.151.847 VND/khách,21:10,03 thg 5,22:10,03 thg 5,1h 0m,"Đà Lạt (DLI)
Sân bay Liên Khương",Hành lý 23 kg,Hành lý xách tay 1 x 12 kg,23-04-2025
DLI0047,Vietnam Airlines,1.163.835 VND/khách,05:45,03 thg 5,06:40,03 thg 5,55m,"Đà Lạt (DLI)
Sân bay Liên Khương",Hành lý 23 kg,Hành lý xách tay 1 x 12 kg,23-04-2025
DLI0087,Vietnam Airlines,1.272.726 VND/khách,10:15,03 thg 5,11:10,03 thg 5,55m,"Đà Lạt (DLI)
Sân bay Liên Khương",Hành lý 23 kg,Hành lý xách tay 1 x 12 kg,23-04-2025
DLI0003,Bamboo Airways,761.248 VND/khách,16:45,03 thg 5,17:40,03 thg 5,55m,"Đà Lạt (DLI)
Sân bay Liên Khương",,,24-04-2025
DLI0016,VietJet Air,829.920 VND/khách,09:55,03 thg 5,10:50,03 thg 5,55m,"Đà Lạt (DLI)
Sân bay Liên Khương",,,24-04-2025
DLI0031,VietJet Air,829.920 VND/khách,15:35,03 thg 5,16:30,03 thg 5,55m,"Đà Lạt (DLI)
Sân bay Liên Khương",,,24-04-2025
DLI0065,Vietnam Airlines,977.022 VND/khách,08:55,03 thg 5,09:50,03 thg 5,55m,"Đà Lạt (DLI)
Sân bay Liên Khương",,,24-04-2025
DLI0124,Vietnam Airlines,1.152.846 VND/khách,21:10,03 thg 5,22:10,03 thg 5,1h 0m,"Đà Lạt (DLI)
Sân bay Liên Khương",,,24-04-2025
DLI0047,Vietnam Airlines,1.155.843 VND/khách,05:45,03 thg 5,06:40,03 thg 5,55m,"Đà Lạt (DLI)
Sân bay Liên Khương",,,24-04-2025
DLI0003,Bamboo Airways,782.244 VND/khách,16:45,03 thg 5,17:40,03 thg 5,55m,"Đà Lạt (DLI)
Sân bay Liên Khương",Hành lý 0 kg,Hành lý xách tay 7 kg,25-04-2025
DLI0016,VietJet Air,831.915 VND/khách,09:55,03 thg 5,10:50,03 thg 5,55m,"Đà Lạt (DLI)
Sân bay Liên Khương",Hành lý 0 kg,Hành lý xách tay 7 kg,25-04-2025
DLI0031,VietJet Air,831.915 VND/khách,15:35,03 thg 5,16:30,03 thg 5,55m,"Đà Lạt (DLI)
Sân bay Liên Khương",Hành lý 0 kg,Hành lý xách tay 7 kg,25-04-2025
DLI0065,Vietnam Airlines,979.020 VND/khách,08:55,03 thg 5,09:50,03 thg 5,55m,"Đà Lạt (DLI)
Sân bay Liên Khương",Hành lý 0 kg,Hành lý xách tay 1 x 12 kg,25-04-2025
DLI0124,Vietnam Airlines,1.153.845 VND/khách,21:10,03 thg 5,22:10,03 thg 5,1h 0m,"Đà Lạt (DLI)
Sân bay Liên Khương",Hành lý 23 kg,Hành lý xách tay 1 x 12 kg,25-04-2025
DLI0047,Vietnam Airlines,1.168.830 VND/khách,05:45,03 thg 5,06:40,03 thg 5,55m,"Đà Lạt (DLI)
Sân bay Liên Khương",Hành lý 23 kg,Hành lý xách tay 1 x 12 kg,25-04-2025
DLI0048,Vietnam Airlines,1.154.844 VND/khách,05:45,04 thg 5,06:40,04 thg 5,55m,"Đà Lạt (DLI)
Sân bay Liên Khương",Hành lý 23 kg,Hành lý xách tay 1 x 12 kg,14-04-2025
DLI0017,VietJet Air,798.000 VND/khách,09:55,04 thg 5,10:50,04 thg 5,55m,"Đà Lạt (DLI)
Sân bay Liên Khương",Hành lý 0 kg,Hành lý xách tay 7 kg,14-04-2025
DLI0004,Bamboo Airways,874.325 VND/khách,16:45,04 thg 5,17:40,04 thg 5,55m,"Đà Lạt (DLI)
Sân bay Liên Khương",Hành lý 0 kg,Hành lý xách tay 7 kg,14-04-2025
DLI0032,VietJet Air,1.025.430 VND/khách,15:35,04 thg 5,16:30,04 thg 5,55m,"Đà Lạt (DLI)
Sân bay Liên Khương",Hành lý 0 kg,Hành lý xách tay 7 kg,14-04-2025
DLI0066,Vietnam Airlines,1.161.837 VND/khách,08:55,04 thg 5,09:50,04 thg 5,55m,"Đà Lạt (DLI)
Sân bay Liên Khương",Hành lý 23 kg,Hành lý xách tay 1 x 12 kg,14-04-2025
DLI0125,Vietnam Airlines,1.172.826 VND/khách,21:10,04 thg 5,22:10,04 thg 5,1h 0m,"Đà Lạt (DLI)
Sân bay Liên Khương",Hành lý 23 kg,Hành lý xách tay 1 x 12 kg,14-04-2025
DLI0048,Vietnam Airlines,1.159.839 VND/khách,05:45,04 thg 5,06:40,04 thg 5,55m,"Đà Lạt (DLI)
Sân bay Liên Khương",,,15-04-2025
DLI0017,VietJet Air,801.990 VND/khách,09:55,04 thg 5,10:50,04 thg 5,55m,"Đà Lạt (DLI)
Sân bay Liên Khương",,,15-04-2025
DLI0004,Bamboo Airways,952.225 VND/khách,16:45,04 thg 5,17:40,04 thg 5,55m,"Đà Lạt (DLI)
Sân bay Liên Khương",,,15-04-2025
DLI0032,VietJet Air,1.030.418 VND/khách,15:35,04 thg 5,16:30,04 thg 5,55m,"Đà Lạt (DLI)
Sân bay Liên Khương",,,15-04-2025
DLI0066,Vietnam Airlines,1.123.875 VND/khách,08:55,04 thg 5,09:50,04 thg 5,55m,"Đà Lạt (DLI)
Sân bay Liên Khương",,,15-04-2025
DLI0125,Vietnam Airlines,1.179.170 VND/khách,21:10,04 thg 5,22:10,04 thg 5,1h 0m,"Đà Lạt (DLI)
Sân bay Liên Khương",,,15-04-2025
DLI0048,Vietnam Airlines,1.152.900 VND/khách,05:45,04 thg 5,06:40,04 thg 5,55m,"Đà Lạt (DLI)
Sân bay Liên Khương",Hành lý 23 kg,Hành lý xách tay 1 x 12 kg,16-04-2025
DLI0017,VietJet Air,839.148 VND/khách,09:55,04 thg 5,10:50,04 thg 5,55m,"Đà Lạt (DLI)
Sân bay Liên Khương",Hành lý 0 kg,Hành lý xách tay 7 kg,16-04-2025
DLI0032,VietJet Air,1.069.019 VND/khách,15:35,04 thg 5,16:30,04 thg 5,55m,"Đà Lạt (DLI)
Sân bay Liên Khương",Hành lý 0 kg,Hành lý xách tay 7 kg,16-04-2025
DLI0066,Vietnam Airlines,1.152.900 VND/khách,08:55,04 thg 5,09:50,04 thg 5,55m,"Đà Lạt (DLI)
Sân bay Liên Khương",Hành lý 23 kg,Hành lý xách tay 1 x 12 kg,16-04-2025
DLI0088,Vietnam Airlines,1.152.900 VND/khách,10:15,04 thg 5,11:10,04 thg 5,55m,"Đà Lạt (DLI)
Sân bay Liên Khương",Hành lý 23 kg,Hành lý xách tay 1 x 12 kg,16-04-2025
DLI0048,Vietnam Airlines,942.057 VND/khách,05:45,04 thg 5,06:40,04 thg 5,55m,"Đà Lạt (DLI)
Sân bay Liên Khương",Hành lý 0 kg,Hành lý xách tay 1 x 12 kg,17-04-2025
DLI0017,VietJet Air,799.995 VND/khách,09:55,04 thg 5,10:50,04 thg 5,55m,"Đà Lạt (DLI)
Sân bay Liên Khương",Hành lý 0 kg,Hành lý xách tay 7 kg,17-04-2025
DLI0004,Bamboo Airways,874.325 VND/khách,16:45,04 thg 5,17:40,04 thg 5,55m,"Đà Lạt (DLI)
Sân bay Liên Khương",Hành lý 0 kg,Hành lý xách tay 7 kg,17-04-2025
DLI0125,Vietnam Airlines,946.053 VND/khách,21:10,04 thg 5,22:10,04 thg 5,1h 0m,"Đà Lạt (DLI)
Sân bay Liên Khương",Hành lý 0 kg,Hành lý xách tay 1 x 12 kg,17-04-2025
DLI0032,VietJet Air,1.028.423 VND/khách,15:35,04 thg 5,16:30,04 thg 5,55m,"Đà Lạt (DLI)
Sân bay Liên Khương",Hành lý 0 kg,Hành lý xách tay 7 kg,17-04-2025
DLI0088,Vietnam Airlines,1.150.848 VND/khách,10:15,04 thg 5,11:10,04 thg 5,55m,"Đà Lạt (DLI)
Sân bay Liên Khương",Hành lý 23 kg,Hành lý xách tay 1 x 12 kg,17-04-2025
DLI0004,Bamboo Airways,935.863 VND/khách,16:45,04 thg 5,17:40,04 thg 5,55m,"Đà Lạt (DLI)
Sân bay Liên Khương",Hành lý 0 kg,Hành lý xách tay 7 kg,23-04-2025
DLI0017,VietJet Air,839.895 VND/khách,09:55,04 thg 5,10:50,04 thg 5,55m,"Đà Lạt (DLI)
Sân bay Liên Khương",Hành lý 0 kg,Hành lý xách tay 7 kg,23-04-2025
DLI0048,Vietnam Airlines,982.017 VND/khách,05:45,04 thg 5,06:40,04 thg 5,55m,"Đà Lạt (DLI)
Sân bay Liên Khương",Hành lý 0 kg,Hành lý xách tay 1 x 12 kg,23-04-2025
DLI0066,Vietnam Airlines,982.017 VND/khách,08:55,04 thg 5,09:50,04 thg 5,55m,"Đà Lạt (DLI)
Sân bay Liên Khương",Hành lý 0 kg,Hành lý xách tay 1 x 12 kg,23-04-2025
DLI0125,Vietnam Airlines,982.017 VND/khách,21:10,04 thg 5,22:10,04 thg 5,1h 0m,"Đà Lạt (DLI)
Sân bay Liên Khương",Hành lý 0 kg,Hành lý xách tay 1 x 12 kg,23-04-2025
DLI0032,VietJet Air,1.066.328 VND/khách,15:35,04 thg 5,16:30,04 thg 5,55m,"Đà Lạt (DLI)
Sân bay Liên Khương",Hành lý 0 kg,Hành lý xách tay 7 kg,23-04-2025
DLI0004,Bamboo Airways,761.248 VND/khách,16:45,04 thg 5,17:40,04 thg 5,55m,"Đà Lạt (DLI)
Sân bay Liên Khương",,,24-04-2025
DLI0017,VietJet Air,829.920 VND/khách,09:55,04 thg 5,10:50,04 thg 5,55m,"Đà Lạt (DLI)
Sân bay Liên Khương",,,24-04-2025
DLI0048,Vietnam Airlines,966.033 VND/khách,05:45,04 thg 5,06:40,04 thg 5,55m,"Đà Lạt (DLI)
Sân bay Liên Khương",,,24-04-2025
DLI0135,Vietnam Airlines,966.033 VND/khách,22:20,04 thg 5,23:20,04 thg 5,1h 0m,"Đà Lạt (DLI)
Sân bay Liên Khương",,,24-04-2025
DLI0066,Vietnam Airlines,977.022 VND/khách,08:55,04 thg 5,09:50,04 thg 5,55m,"Đà Lạt (DLI)
Sân bay Liên Khương",,,24-04-2025
DLI0032,VietJet Air,1.061.340 VND/khách,15:35,04 thg 5,16:30,04 thg 5,55m,"Đà Lạt (DLI)
Sân bay Liên Khương",,,24-04-2025
DLI0004,Bamboo Airways,782.244 VND/khách,16:45,04 thg 5,17:40,04 thg 5,55m,"Đà Lạt (DLI)
Sân bay Liên Khương",Hành lý 0 kg,Hành lý xách tay 7 kg,25-04-2025
DLI0017,VietJet Air,831.915 VND/khách,09:55,04 thg 5,10:50,04 thg 5,55m,"Đà Lạt (DLI)
Sân bay Liên Khương",Hành lý 0 kg,Hành lý xách tay 7 kg,25-04-2025
DLI0048,Vietnam Airlines,979.020 VND/khách,05:45,04 thg 5,06:40,04 thg 5,55m,"Đà Lạt (DLI)
Sân bay Liên Khương",Hành lý 0 kg,Hành lý xách tay 1 x 12 kg,25-04-2025
DLI0066,Vietnam Airlines,979.020 VND/khách,08:55,04 thg 5,09:50,04 thg 5,55m,"Đà Lạt (DLI)
Sân bay Liên Khương",Hành lý 0 kg,Hành lý xách tay 1 x 12 kg,25-04-2025
DLI0135,Vietnam Airlines,979.020 VND/khách,22:20,04 thg 5,23:20,04 thg 5,1h 0m,"Đà Lạt (DLI)
Sân bay Liên Khương",Hành lý 0 kg,Hành lý xách tay 1 x 12 kg,25-04-2025
DLI0032,VietJet Air,1.063.335 VND/khách,15:35,04 thg 5,16:30,04 thg 5,55m,"Đà Lạt (DLI)
Sân bay Liên Khương",Hành lý 0 kg,Hành lý xách tay 7 kg,25-04-2025
DLI0049,Vietnam Airlines,1.163.835 VND/khách,05:45,05 thg 5,06:40,05 thg 5,55m,"Đà Lạt (DLI)
Sân bay Liên Khương",,,15-04-2025
DLI0018,VietJet Air,800.993 VND/khách,09:55,05 thg 5,10:50,05 thg 5,55m,"Đà Lạt (DLI)
Sân bay Liên Khương",,,15-04-2025
DLI0067,Vietnam Airlines,1.163.835 VND/khách,08:55,05 thg 5,09:50,05 thg 5,55m,"Đà Lạt (DLI)
Sân bay Liên Khương",,,15-04-2025
DLI0126,Vietnam Airlines,1.389.609 VND/khách,21:10,05 thg 5,22:10,05 thg 5,1h 0m,"Đà Lạt (DLI)
Sân bay Liên Khương",,,15-04-2025
DLI0049,Vietnam Airlines,936.600 VND/khách,05:45,05 thg 5,06:40,05 thg 5,55m,"Đà Lạt (DLI)
Sân bay Liên Khương",Hành lý 0 kg,Hành lý xách tay 1 x 12 kg,16-04-2025
DLI0018,VietJet Air,839.148 VND/khách,09:55,05 thg 5,10:50,05 thg 5,55m,"Đà Lạt (DLI)
Sân bay Liên Khương",Hành lý 0 kg,Hành lý xách tay 7 kg,16-04-2025
DLI0067,Vietnam Airlines,1.152.900 VND/khách,08:55,05 thg 5,09:50,05 thg 5,55m,"Đà Lạt (DLI)
Sân bay Liên Khương",Hành lý 23 kg,Hành lý xách tay 1 x 12 kg,16-04-2025
DLI0089,Vietnam Airlines,1.152.900 VND/khách,10:15,05 thg 5,11:10,05 thg 5,55m,"Đà Lạt (DLI)
Sân bay Liên Khương",Hành lý 23 kg,Hành lý xách tay 1 x 12 kg,16-04-2025
DLI0049,Vietnam Airlines,946.053 VND/khách,05:45,05 thg 5,06:40,05 thg 5,55m,"Đà Lạt (DLI)
Sân bay Liên Khương",Hành lý 0 kg,Hành lý xách tay 1 x 12 kg,17-04-2025
DLI0018,VietJet Air,799.995 VND/khách,09:55,05 thg 5,10:50,05 thg 5,55m,"Đà Lạt (DLI)
Sân bay Liên Khương",Hành lý 0 kg,Hành lý xách tay 7 kg,17-04-2025
DLI0067,Vietnam Airlines,939.060 VND/khách,08:55,05 thg 5,09:50,05 thg 5,55m,"Đà Lạt (DLI)
Sân bay Liên Khương",Hành lý 0 kg,Hành lý xách tay 1 x 12 kg,17-04-2025
DLI0089,Vietnam Airlines,1.164.834 VND/khách,10:15,05 thg 5,11:10,05 thg 5,55m,"Đà Lạt (DLI)
Sân bay Liên Khương",Hành lý 23 kg,Hành lý xách tay 1 x 12 kg,17-04-2025
DLI0018,VietJet Air,839.895 VND/khách,09:55,05 thg 5,10:50,05 thg 5,55m,"Đà Lạt (DLI)
Sân bay Liên Khương",Hành lý 0 kg,Hành lý xách tay 7 kg,23-04-2025
DLI0049,Vietnam Airlines,979.020 VND/khách,05:45,05 thg 5,06:40,05 thg 5,55m,"Đà Lạt (DLI)
Sân bay Liên Khương",Hành lý 0 kg,Hành lý xách tay 1 x 12 kg,23-04-2025
DLI0126,Vietnam Airlines,1.165.833 VND/khách,21:10,05 thg 5,22:10,05 thg 5,1h 0m,"Đà Lạt (DLI)
Sân bay Liên Khương",Hành lý 23 kg,Hành lý xách tay 1 x 12 kg,23-04-2025
DLI0089,Vietnam Airlines,1.273.725 VND/khách,10:15,05 thg 5,11:10,05 thg 5,55m,"Đà Lạt (DLI)
Sân bay Liên Khương",Hành lý 23 kg,Hành lý xách tay 1 x 12 kg,23-04-2025
DLI0018,VietJet Air,829.920 VND/khách,09:55,05 thg 5,10:50,05 thg 5,55m,"Đà Lạt (DLI)
Sân bay Liên Khương",,,24-04-2025
DLI0049,Vietnam Airlines,977.022 VND/khách,05:45,05 thg 5,06:40,05 thg 5,55m,"Đà Lạt (DLI)
Sân bay Liên Khương",,,24-04-2025
DLI0126,Vietnam Airlines,1.155.843 VND/khách,21:10,05 thg 5,22:10,05 thg 5,1h 0m,"Đà Lạt (DLI)
Sân bay Liên Khương",,,24-04-2025
DLI0089,Vietnam Airlines,1.264.734 VND/khách,10:15,05 thg 5,11:10,05 thg 5,55m,"Đà Lạt (DLI)
Sân bay Liên Khương",,,24-04-2025
DLI0018,VietJet Air,827.925 VND/khách,09:55,05 thg 5,10:50,05 thg 5,55m,"Đà Lạt (DLI)
Sân bay Liên Khương",Hành lý 0 kg,Hành lý xách tay 7 kg,25-04-2025
DLI0049,Vietnam Airlines,979.020 VND/khách,05:45,05 thg 5,06:40,05 thg 5,55m,"Đà Lạt (DLI)
Sân bay Liên Khương",Hành lý 0 kg,Hành lý xách tay 1 x 12 kg,25-04-2025
DLI0126,Vietnam Airlines,1.153.845 VND/khách,21:10,05 thg 5,22:10,05 thg 5,1h 0m,"Đà Lạt (DLI)
Sân bay Liên Khương",Hành lý 23 kg,Hành lý xách tay 1 x 12 kg,25-04-2025
DLI0089,Vietnam Airlines,1.261.737 VND/khách,10:15,05 thg 5,11:10,05 thg 5,55m,"Đà Lạt (DLI)
Sân bay Liên Khương",Hành lý 23 kg,Hành lý xách tay 1 x 12 kg,25-04-2025
DLI0111,Vietnam Airlines,936.600 VND/khách,17:25,06 thg 5,18:20,06 thg 5,55m,"Đà Lạt (DLI)
Sân bay Liên Khương",Hành lý 0 kg,Hành lý xách tay 1 x 12 kg,16-04-2025
DLI0005,Bamboo Airways,786.175 VND/khách,16:45,06 thg 5,17:40,06 thg 5,55m,"Đà Lạt (DLI)
Sân bay Liên Khương",Hành lý 0 kg,Hành lý xách tay 7 kg,16-04-2025
DLI0019,VietJet Air,839.148 VND/khách,09:55,06 thg 5,10:50,06 thg 5,55m,"Đà Lạt (DLI)
Sân bay Liên Khương",Hành lý 0 kg,Hành lý xách tay 7 kg,16-04-2025
DLI0068,Vietnam Airlines,1.084.650 VND/khách,08:55,06 thg 5,09:50,06 thg 5,55m,"Đà Lạt (DLI)
Sân bay Liên Khương",Hành lý 23 kg,Hành lý xách tay 1 x 12 kg,16-04-2025
DLI0111,Vietnam Airlines,943.056 VND/khách,17:25,06 thg 5,18:20,06 thg 5,55m,"Đà Lạt (DLI)
Sân bay Liên Khương",Hành lý 0 kg,Hành lý xách tay 1 x 12 kg,17-04-2025
DLI0005,Bamboo Airways,782.244 VND/khách,16:45,06 thg 5,17:40,06 thg 5,55m,"Đà Lạt (DLI)
Sân bay Liên Khương",Hành lý 0 kg,Hành lý xách tay 7 kg,17-04-2025
DLI0019,VietJet Air,799.995 VND/khách,09:55,06 thg 5,10:50,06 thg 5,55m,"Đà Lạt (DLI)
Sân bay Liên Khương",Hành lý 0 kg,Hành lý xách tay 7 kg,17-04-2025
DLI0068,Vietnam Airlines,1.090.908 VND/khách,08:55,06 thg 5,09:50,06 thg 5,55m,"Đà Lạt (DLI)
Sân bay Liên Khương",Hành lý 23 kg,Hành lý xách tay 1 x 12 kg,17-04-2025
DLI0005,Bamboo Airways,1.028.543 VND/khách,16:45,06 thg 5,17:40,06 thg 5,55m,"Đà Lạt (DLI)
Sân bay Liên Khương",Hành lý 0 kg,Hành lý xách tay 7 kg,23-04-2025
DLI0019,VietJet Air,839.895 VND/khách,09:55,06 thg 5,10:50,06 thg 5,55m,"Đà Lạt (DLI)
Sân bay Liên Khương",Hành lý 0 kg,Hành lý xách tay 7 kg,23-04-2025
DLI0068,Vietnam Airlines,982.017 VND/khách,08:55,06 thg 5,09:50,06 thg 5,55m,"Đà Lạt (DLI)
Sân bay Liên Khương",Hành lý 0 kg,Hành lý xách tay 1 x 12 kg,23-04-2025
DLI0111,Vietnam Airlines,982.017 VND/khách,17:25,06 thg 5,18:20,06 thg 5,55m,"Đà Lạt (DLI)
Sân bay Liên Khương",Hành lý 0 kg,Hành lý xách tay 1 x 12 kg,23-04-2025
DLI0005,Bamboo Airways,747.353 VND/khách,16:45,06 thg 5,17:40,06 thg 5,55m,"Đà Lạt (DLI)
Sân bay Liên Khương",,,24-04-2025
DLI0019,VietJet Air,829.920 VND/khách,09:55,06 thg 5,10:50,06 thg 5,55m,"Đà Lạt (DLI)
Sân bay Liên Khương",,,24-04-2025
DLI0068,Vietnam Airlines,977.022 VND/khách,08:55,06 thg 5,09:50,06 thg 5,55m,"Đà Lạt (DLI)
Sân bay Liên Khương",,,24-04-2025
DLI0111,Vietnam Airlines,977.022 VND/khách,17:25,06 thg 5,18:20,06 thg 5,55m,"Đà Lạt (DLI)
Sân bay Liên Khương",,,24-04-2025
DLI0005,Bamboo Airways,782.244 VND/khách,16:45,06 thg 5,17:40,06 thg 5,55m,"Đà Lạt (DLI)
Sân bay Liên Khương",Hành lý 0 kg,Hành lý xách tay 7 kg,25-04-2025
DLI0019,VietJet Air,827.925 VND/khách,09:55,06 thg 5,10:50,06 thg 5,55m,"Đà Lạt (DLI)
Sân bay Liên Khương",Hành lý 0 kg,Hành lý xách tay 7 kg,25-04-2025
DLI0068,Vietnam Airlines,979.020 VND/khách,08:55,06 thg 5,09:50,06 thg 5,55m,"Đà Lạt (DLI)
Sân bay Liên Khương",Hành lý 0 kg,Hành lý xách tay 1 x 12 kg,25-04-2025
DLI0111,Vietnam Airlines,993.381 VND/khách,17:25,06 thg 5,18:20,06 thg 5,55m,"Đà Lạt (DLI)
Sân bay Liên Khương",Hành lý 0 kg,Hành lý xách tay 1 x 12 kg,25-04-2025
DLI0050,Vietnam Airlines,946.053 VND/khách,05:45,07 thg 5,06:40,07 thg 5,55m,"Đà Lạt (DLI)
Sân bay Liên Khương",Hành lý 0 kg,Hành lý xách tay 1 x 12 kg,17-04-2025
DLI0020,VietJet Air,799.995 VND/khách,09:55,07 thg 5,10:50,07 thg 5,55m,"Đà Lạt (DLI)
Sân bay Liên Khương",Hành lý 0 kg,Hành lý xách tay 7 kg,17-04-2025
DLI0069,Vietnam Airlines,946.053 VND/khách,08:55,07 thg 5,09:50,07 thg 5,55m,"Đà Lạt (DLI)
Sân bay Liên Khương",Hành lý 0 kg,Hành lý xách tay 1 x 12 kg,17-04-2025
DLI0112,Vietnam Airlines,1.138.860 VND/khách,17:25,07 thg 5,18:20,07 thg 5,55m,"Đà Lạt (DLI)
Sân bay Liên Khương",Hành lý 23 kg,Hành lý xách tay 1 x 12 kg,17-04-2025
DLI0020,VietJet Air,839.895 VND/khách,09:55,07 thg 5,10:50,07 thg 5,55m,"Đà Lạt (DLI)
Sân bay Liên Khương",Hành lý 0 kg,Hành lý xách tay 7 kg,23-04-2025
DLI0050,Vietnam Airlines,949.050 VND/khách,05:45,07 thg 5,06:40,07 thg 5,55m,"Đà Lạt (DLI)
Sân bay Liên Khương",Hành lý 0 kg,Hành lý xách tay 1 x 12 kg,23-04-2025
DLI0069,Vietnam Airlines,949.050 VND/khách,08:55,07 thg 5,09:50,07 thg 5,55m,"Đà Lạt (DLI)
Sân bay Liên Khương",Hành lý 0 kg,Hành lý xách tay 1 x 12 kg,23-04-2025
DLI0112,Vietnam Airlines,1.161.837 VND/khách,17:25,07 thg 5,18:20,07 thg 5,55m,"Đà Lạt (DLI)
Sân bay Liên Khương",Hành lý 23 kg,Hành lý xách tay 1 x 12 kg,23-04-2025
DLI0091,Vietnam Airlines,1.165.833 VND/khách,10:15,07 thg 5,11:10,07 thg 5,55m,"Đà Lạt (DLI)
Sân bay Liên Khương",Hành lý 23 kg,Hành lý xách tay 1 x 12 kg,23-04-2025
DLI0020,VietJet Air,829.920 VND/khách,09:55,07 thg 5,10:50,07 thg 5,55m,"Đà Lạt (DLI)
Sân bay Liên Khương",,,24-04-2025
DLI0020,VietJet Air,828.923 VND/khách,09:55,07 thg 5,10:50,07 thg 5,55m,"Đà Lạt (DLI)
Sân bay Liên Khương",Hành lý 0 kg,Hành lý xách tay 7 kg,25-04-2025
DLI0050,Vietnam Airlines,979.020 VND/khách,05:45,07 thg 5,06:40,07 thg 5,55m,"Đà Lạt (DLI)
Sân bay Liên Khương",Hành lý 0 kg,Hành lý xách tay 1 x 12 kg,25-04-2025
DLI0069,Vietnam Airlines,979.020 VND/khách,08:55,07 thg 5,09:50,07 thg 5,55m,"Đà Lạt (DLI)
Sân bay Liên Khương",Hành lý 0 kg,Hành lý xách tay 1 x 12 kg,25-04-2025
DLI0091,Vietnam Airlines,1.154.844 VND/khách,10:15,07 thg 5,11:10,07 thg 5,55m,"Đà Lạt (DLI)
Sân bay Liên Khương",Hành lý 23 kg,Hành lý xách tay 1 x 12 kg,25-04-2025
DLI0112,Vietnam Airlines,1.161.837 VND/khách,17:25,07 thg 5,18:20,07 thg 5,55m,"Đà Lạt (DLI)
Sân bay Liên Khương",Hành lý 23 kg,Hành lý xách tay 1 x 12 kg,25-04-2025
DLI0006,Bamboo Airways,1.088.986 VND/khách,16:45,08 thg 5,17:40,08 thg 5,55m,"Đà Lạt (DLI)
Sân bay Liên Khương",Hành lý 0 kg,Hành lý xách tay 7 kg,23-04-2025
DLI0021,VietJet Air,835.905 VND/khách,09:55,08 thg 5,10:50,08 thg 5,55m,"Đà Lạt (DLI)
Sân bay Liên Khương",Hành lý 0 kg,Hành lý xách tay 7 kg,23-04-2025
DLI0070,Vietnam Airlines,1.089.909 VND/khách,08:55,08 thg 5,09:50,08 thg 5,55m,"Đà Lạt (DLI)
Sân bay Liên Khương",Hành lý 23 kg,Hành lý xách tay 1 x 12 kg,23-04-2025
DLI0113,Vietnam Airlines,1.168.830 VND/khách,17:25,08 thg 5,18:20,08 thg 5,55m,"Đà Lạt (DLI)
Sân bay Liên Khương",Hành lý 23 kg,Hành lý xách tay 1 x 12 kg,23-04-2025
DLI0006,Bamboo Airways,747.353 VND/khách,16:45,08 thg 5,17:40,08 thg 5,55m,"Đà Lạt (DLI)
Sân bay Liên Khương",,,24-04-2025
DLI0021,VietJet Air,829.920 VND/khách,09:55,08 thg 5,10:50,08 thg 5,55m,"Đà Lạt (DLI)
Sân bay Liên Khương",,,24-04-2025
DLI0070,Vietnam Airlines,1.088.910 VND/khách,08:55,08 thg 5,09:50,08 thg 5,55m,"Đà Lạt (DLI)
Sân bay Liên Khương",,,24-04-2025
DLI0113,Vietnam Airlines,1.155.843 VND/khách,17:25,08 thg 5,18:20,08 thg 5,55m,"Đà Lạt (DLI)
Sân bay Liên Khương",,,24-04-2025
DLI0006,Bamboo Airways,782.244 VND/khách,16:45,08 thg 5,17:40,08 thg 5,55m,"Đà Lạt (DLI)
Sân bay Liên Khương",Hành lý 0 kg,Hành lý xách tay 7 kg,25-04-2025
DLI0021,VietJet Air,828.923 VND/khách,09:55,08 thg 5,10:50,08 thg 5,55m,"Đà Lạt (DLI)
Sân bay Liên Khương",Hành lý 0 kg,Hành lý xách tay 7 kg,25-04-2025
DLI0070,Vietnam Airlines,1.095.903 VND/khách,08:55,08 thg 5,09:50,08 thg 5,55m,"Đà Lạt (DLI)
Sân bay Liên Khương",Hành lý 23 kg,Hành lý xách tay 1 x 12 kg,25-04-2025
DLI0113,Vietnam Airlines,1.161.837 VND/khách,17:25,08 thg 5,18:20,08 thg 5,55m,"Đà Lạt (DLI)
Sân bay Liên Khương",Hành lý 23 kg,Hành lý xách tay 1 x 12 kg,25-04-2025
DLI0114,Vietnam Airlines,1.234.764 VND/khách,17:25,09 thg 5,18:20,09 thg 5,55m,"Đà Lạt (DLI)
Sân bay Liên Khương",Hành lý 23 kg,Hành lý xách tay 1 x 12 kg,23-04-2025
DLI0022,VietJet Air,1.314.705 VND/khách,09:55,09 thg 5,10:50,09 thg 5,55m,"Đà Lạt (DLI)
Sân bay Liên Khương",Hành lý 0 kg,Hành lý xách tay 7 kg,23-04-2025
DLI0051,Vietnam Airlines,1.383.615 VND/khách,05:45,09 thg 5,06:40,09 thg 5,55m,"Đà Lạt (DLI)
Sân bay Liên Khương",Hành lý 23 kg,Hành lý xách tay 1 x 12 kg,23-04-2025
DLI0071,Vietnam Airlines,1.476.756 VND/khách,08:55,09 thg 5,09:50,09 thg 5,55m,"Đà Lạt (DLI)
Sân bay Liên Khương",Hành lý 23 kg,Hành lý xách tay 1 x 12 kg,23-04-2025
DLI0093,Vietnam Airlines,1.476.756 VND/khách,10:15,09 thg 5,11:10,09 thg 5,55m,"Đà Lạt (DLI)
Sân bay Liên Khương",Hành lý 23 kg,Hành lý xách tay 1 x 12 kg,23-04-2025
DLI0022,VietJet Air,1.319.693 VND/khách,09:55,09 thg 5,10:50,09 thg 5,55m,"Đà Lạt (DLI)
Sân bay Liên Khương",,,24-04-2025
DLI0114,Vietnam Airlines,1.387.611 VND/khách,17:25,09 thg 5,18:20,09 thg 5,55m,"Đà Lạt (DLI)
Sân bay Liên Khương",,,24-04-2025
DLI0071,Vietnam Airlines,1.495.503 VND/khách,08:55,09 thg 5,09:50,09 thg 5,55m,"Đà Lạt (DLI)
Sân bay Liên Khương",,,24-04-2025
DLI0093,Vietnam Airlines,1.495.503 VND/khách,10:15,09 thg 5,11:10,09 thg 5,55m,"Đà Lạt (DLI)
Sân bay Liên Khương",,,24-04-2025
DLI0051,Vietnam Airlines,1.577.814 VND/khách,05:45,09 thg 5,06:40,09 thg 5,55m,"Đà Lạt (DLI)
Sân bay Liên Khương",,,24-04-2025
DLI0114,Vietnam Airlines,1.240.758 VND/khách,17:25,09 thg 5,18:20,09 thg 5,55m,"Đà Lạt (DLI)
Sân bay Liên Khương",Hành lý 23 kg,Hành lý xách tay 1 x 12 kg,25-04-2025
DLI0022,VietJet Air,1.293.758 VND/khách,09:55,09 thg 5,10:50,09 thg 5,55m,"Đà Lạt (DLI)
Sân bay Liên Khương",Hành lý 0 kg,Hành lý xách tay 7 kg,25-04-2025
DLI0093,Vietnam Airlines,1.486.512 VND/khách,10:15,09 thg 5,11:10,09 thg 5,55m,"Đà Lạt (DLI)
Sân bay Liên Khương",Hành lý 23 kg,Hành lý xách tay 1 x 12 kg,25-04-2025
DLI0071,Vietnam Airlines,1.498.500 VND/khách,08:55,09 thg 5,09:50,09 thg 5,55m,"Đà Lạt (DLI)
Sân bay Liên Khương",Hành lý 23 kg,Hành lý xách tay 1 x 12 kg,25-04-2025
DLI0051,Vietnam Airlines,1.527.121 VND/khách,05:45,09 thg 5,06:40,09 thg 5,55m,"Đà Lạt (DLI)
Sân bay Liên Khương",Hành lý 23 kg,Hành lý xách tay 1 x 12 kg,25-04-2025
DLI0007,Bamboo Airways,1.088.986 VND/khách,16:45,10 thg 5,17:40,10 thg 5,55m,"Đà Lạt (DLI)
Sân bay Liên Khương",Hành lý 0 kg,Hành lý xách tay 7 kg,23-04-2025
DLI0115,Vietnam Airlines,1.161.837 VND/khách,17:25,10 thg 5,18:20,10 thg 5,55m,"Đà Lạt (DLI)
Sân bay Liên Khương",Hành lý 23 kg,Hành lý xách tay 1 x 12 kg,23-04-2025
DLI0023,VietJet Air,1.179.045 VND/khách,09:55,10 thg 5,10:50,10 thg 5,55m,"Đà Lạt (DLI)
Sân bay Liên Khương",Hành lý 0 kg,Hành lý xách tay 7 kg,23-04-2025
DLI0072,Vietnam Airlines,1.273.725 VND/khách,08:55,10 thg 5,09:50,10 thg 5,55m,"Đà Lạt (DLI)
Sân bay Liên Khương",Hành lý 23 kg,Hành lý xách tay 1 x 12 kg,23-04-2025
DLI0007,Bamboo Airways,1.072.893 VND/khách,16:45,10 thg 5,17:40,10 thg 5,55m,"Đà Lạt (DLI)
Sân bay Liên Khương",,,24-04-2025
DLI0115,Vietnam Airlines,1.155.843 VND/khách,17:25,10 thg 5,18:20,10 thg 5,55m,"Đà Lạt (DLI)
Sân bay Liên Khương",,,24-04-2025
DLI0023,VietJet Air,1.177.050 VND/khách,09:55,10 thg 5,10:50,10 thg 5,55m,"Đà Lạt (DLI)
Sân bay Liên Khương",,,24-04-2025
DLI0072,Vietnam Airlines,1.264.734 VND/khách,08:55,10 thg 5,09:50,10 thg 5,55m,"Đà Lạt (DLI)
Sân bay Liên Khương",,,24-04-2025
DLI0007,Bamboo Airways,1.145.320 VND/khách,16:45,10 thg 5,17:40,10 thg 5,55m,"Đà Lạt (DLI)
Sân bay Liên Khương",Hành lý 0 kg,Hành lý xách tay 7 kg,25-04-2025
DLI0115,Vietnam Airlines,1.158.840 VND/khách,17:25,10 thg 5,18:20,10 thg 5,55m,"Đà Lạt (DLI)
Sân bay Liên Khương",Hành lý 23 kg,Hành lý xách tay 1 x 12 kg,25-04-2025
DLI0023,VietJet Air,1.171.065 VND/khách,09:55,10 thg 5,10:50,10 thg 5,55m,"Đà Lạt (DLI)
Sân bay Liên Khương",Hành lý 0 kg,Hành lý xách tay 7 kg,25-04-2025
DLI0072,Vietnam Airlines,1.261.737 VND/khách,08:55,10 thg 5,09:50,10 thg 5,55m,"Đà Lạt (DLI)
Sân bay Liên Khương",Hành lý 23 kg,Hành lý xách tay 1 x 12 kg,25-04-2025
DLI0052,Vietnam Airlines,948.051 VND/khách,05:45,11 thg 5,06:40,11 thg 5,55m,"Đà Lạt (DLI)
Sân bay Liên Khương",Hành lý 0 kg,Hành lý xách tay 1 x 12 kg,23-04-2025
DLI0116,Vietnam Airlines,948.051 VND/khách,17:25,11 thg 5,18:20,11 thg 5,55m,"Đà Lạt (DLI)
Sân bay Liên Khương",Hành lý 0 kg,Hành lý xách tay 1 x 12 kg,23-04-2025
DLI0024,VietJet Air,1.062.338 VND/khách,09:55,11 thg 5,10:50,11 thg 5,55m,"Đà Lạt (DLI)
Sân bay Liên Khương",Hành lý 0 kg,Hành lý xách tay 7 kg,23-04-2025
DLI0073,Vietnam Airlines,1.164.834 VND/khách,08:55,11 thg 5,09:50,11 thg 5,55m,"Đà Lạt (DLI)
Sân bay Liên Khương",Hành lý 23 kg,Hành lý xách tay 1 x 12 kg,23-04-2025
DLI0095,Vietnam Airlines,1.164.834 VND/khách,10:15,11 thg 5,11:10,11 thg 5,55m,"Đà Lạt (DLI)
Sân bay Liên Khương",Hành lý 23 kg,Hành lý xách tay 1 x 12 kg,23-04-2025
DLI0024,VietJet Air,831.915 VND/khách,09:55,11 thg 5,10:50,11 thg 5,55m,"Đà Lạt (DLI)
Sân bay Liên Khương",,,24-04-2025
DLI0052,Vietnam Airlines,947.052 VND/khách,05:45,11 thg 5,06:40,11 thg 5,55m,"Đà Lạt (DLI)
Sân bay Liên Khương",,,24-04-2025
DLI0116,Vietnam Airlines,947.052 VND/khách,17:25,11 thg 5,18:20,11 thg 5,55m,"Đà Lạt (DLI)
Sân bay Liên Khương",,,24-04-2025
DLI0073,Vietnam Airlines,1.155.843 VND/khách,08:55,11 thg 5,09:50,11 thg 5,55m,"Đà Lạt (DLI)
Sân bay Liên Khương",,,24-04-2025
DLI0095,Vietnam Airlines,1.264.734 VND/khách,10:15,11 thg 5,11:10,11 thg 5,55m,"Đà Lạt (DLI)
Sân bay Liên Khương",,,24-04-2025
DLI0024,VietJet Air,828.923 VND/khách,09:55,11 thg 5,10:50,11 thg 5,55m,"Đà Lạt (DLI)
Sân bay Liên Khương",Hành lý 0 kg,Hành lý xách tay 7 kg,25-04-2025
DLI0052,Vietnam Airlines,950.049 VND/khách,05:45,11 thg 5,06:40,11 thg 5,55m,"Đà Lạt (DLI)
Sân bay Liên Khương",Hành lý 0 kg,Hành lý xách tay 1 x 12 kg,25-04-2025
DLI0116,Vietnam Airlines,950.049 VND/khách,17:25,11 thg 5,18:20,11 thg 5,55m,"Đà Lạt (DLI)
Sân bay Liên Khương",Hành lý 0 kg,Hành lý xách tay 1 x 12 kg,25-04-2025
DLI0073,Vietnam Airlines,1.162.836 VND/khách,08:55,11 thg 5,09:50,11 thg 5,55m,"Đà Lạt (DLI)
Sân bay Liên Khương",Hành lý 23 kg,Hành lý xách tay 1 x 12 kg,25-04-2025
DLI0095,Vietnam Airlines,1.263.735 VND/khách,10:15,11 thg 5,11:10,11 thg 5,55m,"Đà Lạt (DLI)
Sân bay Liên Khương",Hành lý 23 kg,Hành lý xách tay 1 x 12 kg,25-04-2025
DLI0033,VietJet Air,828.835 VND/khách,15:35,21 thg 4,16:30,21 thg 4,55m,"Đà Lạt (DLI)
Sân bay Liên Khương",,,07-04-2025
DLI0053,Vietnam Airlines,922.704 VND/khách,05:45,21 thg 4,06:40,21 thg 4,55m,"Đà Lạt (DLI)
Sân bay Liên Khương",,,07-04-2025
DLI0074,Vietnam Airlines,922.704 VND/khách,08:55,21 thg 4,09:50,21 thg 4,55m,"Đà Lạt (DLI)
Sân bay Liên Khương",,,07-04-2025
DLI0127,Vietnam Airlines,922.704 VND/khách,21:10,21 thg 4,22:10,21 thg 4,1h 0m,"Đà Lạt (DLI)
Sân bay Liên Khương",,,07-04-2025
DLI0096,Vietnam Airlines,1.247.511 VND/khách,10:15,21 thg 4,11:10,21 thg 4,55m,"Đà Lạt (DLI)
Sân bay Liên Khương",,,07-04-2025
DLI0117,Vietnam Airlines,1.247.511 VND/khách,17:25,21 thg 4,18:20,21 thg 4,55m,"Đà Lạt (DLI)
Sân bay Liên Khương",,,07-04-2025
DLI0033,VietJet Air,796.971 VND/khách,15:35,21 thg 4,16:30,21 thg 4,55m,"Đà Lạt (DLI)
Sân bay Liên Khương",,,08-04-2025
DLI0053,Vietnam Airlines,956.839 VND/khách,05:45,21 thg 4,06:40,21 thg 4,55m,"Đà Lạt (DLI)
Sân bay Liên Khương",,,08-04-2025
DLI0074,Vietnam Airlines,956.839 VND/khách,08:55,21 thg 4,09:50,21 thg 4,55m,"Đà Lạt (DLI)
Sân bay Liên Khương",,,08-04-2025
DLI0117,Vietnam Airlines,1.247.511 VND/khách,17:25,21 thg 4,18:20,21 thg 4,55m,"Đà Lạt (DLI)
Sân bay Liên Khương",,,08-04-2025
DLI0096,Vietnam Airlines,1.970.572 VND/khách,10:15,21 thg 4,11:10,21 thg 4,55m,"Đà Lạt (DLI)
Sân bay Liên Khương",,,08-04-2025
DLI0127,Vietnam Airlines,1.970.572 VND/khách,21:10,21 thg 4,22:10,21 thg 4,1h 0m,"Đà Lạt (DLI)
Sân bay Liên Khương",,,08-04-2025
DLI0033,VietJet Air,799.980 VND/khách,15:35,21 thg 4,16:30,21 thg 4,55m,"Đà Lạt (DLI)
Sân bay Liên Khương",,,09-04-2025
DLI0053,Vietnam Airlines,973.026 VND/khách,05:45,21 thg 4,06:40,21 thg 4,55m,"Đà Lạt (DLI)
Sân bay Liên Khương",,,09-04-2025
DLI0074,Vietnam Airlines,973.026 VND/khách,08:55,21 thg 4,09:50,21 thg 4,55m,"Đà Lạt (DLI)
Sân bay Liên Khương",,,09-04-2025
DLI0127,Vietnam Airlines,973.026 VND/khách,21:10,21 thg 4,22:10,21 thg 4,1h 0m,"Đà Lạt (DLI)
Sân bay Liên Khương",,,09-04-2025
DLI0117,Vietnam Airlines,1.132.866 VND/khách,17:25,21 thg 4,18:20,21 thg 4,55m,"Đà Lạt (DLI)
Sân bay Liên Khương",,,09-04-2025
DLI0096,Vietnam Airlines,1.153.845 VND/khách,10:15,21 thg 4,11:10,21 thg 4,55m,"Đà Lạt (DLI)
Sân bay Liên Khương",,,09-04-2025
DLI0033,VietJet Air,836.795 VND/khách,15:35,21 thg 4,16:30,21 thg 4,55m,"Đà Lạt (DLI)
Sân bay Liên Khương",,,10-04-2025
DLI0053,Vietnam Airlines,983.016 VND/khách,05:45,21 thg 4,06:40,21 thg 4,55m,"Đà Lạt (DLI)
Sân bay Liên Khương",,,10-04-2025
DLI0127,Vietnam Airlines,983.016 VND/khách,21:10,21 thg 4,22:10,21 thg 4,1h 0m,"Đà Lạt (DLI)
Sân bay Liên Khương",,,10-04-2025
DLI0117,Vietnam Airlines,1.148.850 VND/khách,17:25,21 thg 4,18:20,21 thg 4,55m,"Đà Lạt (DLI)
Sân bay Liên Khương",,,10-04-2025
DLI0096,Vietnam Airlines,1.377.621 VND/khách,10:15,21 thg 4,11:10,21 thg 4,55m,"Đà Lạt (DLI)
Sân bay Liên Khương",,,10-04-2025
DLI0033,VietJet Air,822.865 VND/khách,15:35,21 thg 4,16:30,21 thg 4,55m,"Đà Lạt (DLI)
Sân bay Liên Khương",,,11-04-2025
DLI0053,Vietnam Airlines,977.022 VND/khách,05:45,21 thg 4,06:40,21 thg 4,55m,"Đà Lạt (DLI)
Sân bay Liên Khương",,,11-04-2025
DLI0127,Vietnam Airlines,977.022 VND/khách,21:10,21 thg 4,22:10,21 thg 4,1h 0m,"Đà Lạt (DLI)
Sân bay Liên Khương",,,11-04-2025
DLI0117,Vietnam Airlines,1.135.021 VND/khách,17:25,21 thg 4,18:20,21 thg 4,55m,"Đà Lạt (DLI)
Sân bay Liên Khương",,,11-04-2025
DLI0096,Vietnam Airlines,1.358.304 VND/khách,10:15,21 thg 4,11:10,21 thg 4,55m,"Đà Lạt (DLI)
Sân bay Liên Khương",,,11-04-2025
DLI0033,VietJet Air,832.000 VND/khách,15:35,21 thg 4,16:30,21 thg 4,55m,"Đà Lạt (DLI)
Sân bay Liên Khương",Hành lý 0 kg,Hành lý xách tay 7 kg,12-04-2025
DLI0053,Vietnam Airlines,986.013 VND/khách,05:45,21 thg 4,06:40,21 thg 4,55m,"Đà Lạt (DLI)
Sân bay Liên Khương",Hành lý 0 kg,Hành lý xách tay 1 x 12 kg,12-04-2025
DLI0127,Vietnam Airlines,986.013 VND/khách,21:10,21 thg 4,22:10,21 thg 4,1h 0m,"Đà Lạt (DLI)
Sân bay Liên Khương",Hành lý 0 kg,Hành lý xách tay 1 x 12 kg,12-04-2025
DLI0117,Vietnam Airlines,1.135.523 VND/khách,17:25,21 thg 4,18:20,21 thg 4,55m,"Đà Lạt (DLI)
Sân bay Liên Khương",Hành lý 23 kg,Hành lý xách tay 1 x 12 kg,12-04-2025
DLI0096,Vietnam Airlines,1.358.906 VND/khách,10:15,21 thg 4,11:10,21 thg 4,55m,"Đà Lạt (DLI)
Sân bay Liên Khương",Hành lý 23 kg,Hành lý xách tay 1 x 12 kg,12-04-2025
DLI0033,VietJet Air,827.840 VND/khách,15:35,21 thg 4,16:30,21 thg 4,55m,"Đà Lạt (DLI)
Sân bay Liên Khương",Hành lý 0 kg,Hành lý xách tay 7 kg,13-04-2025
DLI0053,Vietnam Airlines,986.013 VND/khách,05:45,21 thg 4,06:40,21 thg 4,55m,"Đà Lạt (DLI)
Sân bay Liên Khương",Hành lý 0 kg,Hành lý xách tay 1 x 12 kg,13-04-2025
DLI0127,Vietnam Airlines,986.013 VND/khách,21:10,21 thg 4,22:10,21 thg 4,1h 0m,"Đà Lạt (DLI)
Sân bay Liên Khương",Hành lý 0 kg,Hành lý xách tay 1 x 12 kg,13-04-2025
DLI0117,Vietnam Airlines,1.135.902 VND/khách,17:25,21 thg 4,18:20,21 thg 4,55m,"Đà Lạt (DLI)
Sân bay Liên Khương",Hành lý 23 kg,Hành lý xách tay 1 x 12 kg,13-04-2025
DLI0096,Vietnam Airlines,1.571.436 VND/khách,10:15,21 thg 4,11:10,21 thg 4,55m,"Đà Lạt (DLI)
Sân bay Liên Khương",Hành lý 23 kg,Hành lý xách tay 1 x 12 kg,13-04-2025
DLI0053,Vietnam Airlines,977.022 VND/khách,05:45,21 thg 4,06:40,21 thg 4,55m,"Đà Lạt (DLI)
Sân bay Liên Khương",Hành lý 0 kg,Hành lý xách tay 1 x 12 kg,14-04-2025
DLI0033,VietJet Air,798.000 VND/khách,15:35,21 thg 4,16:30,21 thg 4,55m,"Đà Lạt (DLI)
Sân bay Liên Khương",Hành lý 0 kg,Hành lý xách tay 7 kg,14-04-2025
DLI0127,Vietnam Airlines,977.022 VND/khách,21:10,21 thg 4,22:10,21 thg 4,1h 0m,"Đà Lạt (DLI)
Sân bay Liên Khương",Hành lý 0 kg,Hành lý xách tay 1 x 12 kg,14-04-2025
DLI0117,Vietnam Airlines,1.150.848 VND/khách,17:25,21 thg 4,18:20,21 thg 4,55m,"Đà Lạt (DLI)
Sân bay Liên Khương",Hành lý 23 kg,Hành lý xách tay 1 x 12 kg,14-04-2025
DLI0053,Vietnam Airlines,1.011.987 VND/khách,05:45,21 thg 4,06:40,21 thg 4,55m,"Đà Lạt (DLI)
Sân bay Liên Khương",,,15-04-2025
DLI0033,VietJet Air,801.990 VND/khách,15:35,21 thg 4,16:30,21 thg 4,55m,"Đà Lạt (DLI)
Sân bay Liên Khương",,,15-04-2025
DLI0127,Vietnam Airlines,1.011.987 VND/khách,21:10,21 thg 4,22:10,21 thg 4,1h 0m,"Đà Lạt (DLI)
Sân bay Liên Khương",,,15-04-2025
DLI0117,Vietnam Airlines,1.156.842 VND/khách,17:25,21 thg 4,18:20,21 thg 4,55m,"Đà Lạt (DLI)
Sân bay Liên Khương",,,15-04-2025
DLI0127,Vietnam Airlines,1.004.850 VND/khách,21:10,21 thg 4,22:10,21 thg 4,1h 0m,"Đà Lạt (DLI)
Sân bay Liên Khương",Hành lý 0 kg,Hành lý xách tay 1 x 12 kg,16-04-2025
DLI0033,VietJet Air,839.148 VND/khách,15:35,21 thg 4,16:30,21 thg 4,55m,"Đà Lạt (DLI)
Sân bay Liên Khương",Hành lý 0 kg,Hành lý xách tay 7 kg,16-04-2025
DLI0053,Vietnam Airlines,1.152.900 VND/khách,05:45,21 thg 4,06:40,21 thg 4,55m,"Đà Lạt (DLI)
Sân bay Liên Khương",Hành lý 23 kg,Hành lý xách tay 1 x 12 kg,16-04-2025
DLI0117,Vietnam Airlines,1.152.900 VND/khách,17:25,21 thg 4,18:20,21 thg 4,55m,"Đà Lạt (DLI)
Sân bay Liên Khương",Hành lý 23 kg,Hành lý xách tay 1 x 12 kg,16-04-2025
DLI0053,Vietnam Airlines,1.141.027 VND/khách,05:45,21 thg 4,06:40,21 thg 4,55m,"Đà Lạt (DLI)
Sân bay Liên Khương",Hành lý 23 kg,Hành lý xách tay 1 x 12 kg,17-04-2025
DLI0033,VietJet Air,799.995 VND/khách,15:35,21 thg 4,16:30,21 thg 4,55m,"Đà Lạt (DLI)
Sân bay Liên Khương",Hành lý 0 kg,Hành lý xách tay 7 kg,17-04-2025
DLI0117,Vietnam Airlines,1.391.607 VND/khách,17:25,21 thg 4,18:20,21 thg 4,55m,"Đà Lạt (DLI)
Sân bay Liên Khương",Hành lý 23 kg,Hành lý xách tay 1 x 12 kg,17-04-2025
DLI0034,VietJet Air,835.800 VND/khách,15:35,22 thg 4,16:30,22 thg 4,55m,"Đà Lạt (DLI)
Sân bay Liên Khương",,,07-04-2025
DLI0075,Vietnam Airlines,922.704 VND/khách,08:55,22 thg 4,09:50,22 thg 4,55m,"Đà Lạt (DLI)
Sân bay Liên Khương",,,07-04-2025
DLI0008,Bamboo Airways,1.085.475 VND/khách,16:45,22 thg 4,17:40,22 thg 4,55m,"Đà Lạt (DLI)
Sân bay Liên Khương",,,07-04-2025
DLI0054,Vietnam Airlines,1.135.794 VND/khách,05:45,22 thg 4,06:40,22 thg 4,55m,"Đà Lạt (DLI)
Sân bay Liên Khương",,,07-04-2025
DLI0097,Vietnam Airlines,1.247.511 VND/khách,10:15,22 thg 4,11:10,22 thg 4,55m,"Đà Lạt (DLI)
Sân bay Liên Khương",,,07-04-2025
DLI0118,Vietnam Airlines,1.247.511 VND/khách,17:25,22 thg 4,18:20,22 thg 4,55m,"Đà Lạt (DLI)
Sân bay Liên Khương",,,07-04-2025
DLI0008,Bamboo Airways,782.244 VND/khách,16:45,22 thg 4,17:40,22 thg 4,55m,"Đà Lạt (DLI)
Sân bay Liên Khương",,,08-04-2025
DLI0034,VietJet Air,829.641 VND/khách,15:35,22 thg 4,16:30,22 thg 4,55m,"Đà Lạt (DLI)
Sân bay Liên Khương",,,08-04-2025
DLI0075,Vietnam Airlines,922.704 VND/khách,08:55,22 thg 4,09:50,22 thg 4,55m,"Đà Lạt (DLI)
Sân bay Liên Khương",,,08-04-2025
DLI0054,Vietnam Airlines,1.135.794 VND/khách,05:45,22 thg 4,06:40,22 thg 4,55m,"Đà Lạt (DLI)
Sân bay Liên Khương",,,08-04-2025
DLI0097,Vietnam Airlines,1.135.794 VND/khách,10:15,22 thg 4,11:10,22 thg 4,55m,"Đà Lạt (DLI)
Sân bay Liên Khương",,,08-04-2025
DLI0118,Vietnam Airlines,1.135.794 VND/khách,17:25,22 thg 4,18:20,22 thg 4,55m,"Đà Lạt (DLI)
Sân bay Liên Khương",,,08-04-2025
DLI0008,Bamboo Airways,782.244 VND/khách,16:45,22 thg 4,17:40,22 thg 4,55m,"Đà Lạt (DLI)
Sân bay Liên Khương",,,09-04-2025
DLI0034,VietJet Air,838.785 VND/khách,15:35,22 thg 4,16:30,22 thg 4,55m,"Đà Lạt (DLI)
Sân bay Liên Khương",,,09-04-2025
DLI0054,Vietnam Airlines,957.976 VND/khách,05:45,22 thg 4,06:40,22 thg 4,55m,"Đà Lạt (DLI)
Sân bay Liên Khương",,,09-04-2025
DLI0075,Vietnam Airlines,957.976 VND/khách,08:55,22 thg 4,09:50,22 thg 4,55m,"Đà Lạt (DLI)
Sân bay Liên Khương",,,09-04-2025
DLI0097,Vietnam Airlines,1.137.142 VND/khách,10:15,22 thg 4,11:10,22 thg 4,55m,"Đà Lạt (DLI)
Sân bay Liên Khương",,,09-04-2025
DLI0118,Vietnam Airlines,1.137.142 VND/khách,17:25,22 thg 4,18:20,22 thg 4,55m,"Đà Lạt (DLI)
Sân bay Liên Khương",,,09-04-2025
DLI0008,Bamboo Airways,782.244 VND/khách,16:45,22 thg 4,17:40,22 thg 4,55m,"Đà Lạt (DLI)
Sân bay Liên Khương",,,10-04-2025
DLI0034,VietJet Air,836.795 VND/khách,15:35,22 thg 4,16:30,22 thg 4,55m,"Đà Lạt (DLI)
Sân bay Liên Khương",,,10-04-2025
DLI0054,Vietnam Airlines,983.016 VND/khách,05:45,22 thg 4,06:40,22 thg 4,55m,"Đà Lạt (DLI)
Sân bay Liên Khương",,,10-04-2025
DLI0118,Vietnam Airlines,1.137.050 VND/khách,17:25,22 thg 4,18:20,22 thg 4,55m,"Đà Lạt (DLI)
Sân bay Liên Khương",,,10-04-2025
DLI0008,Bamboo Airways,782.244 VND/khách,16:45,22 thg 4,17:40,22 thg 4,55m,"Đà Lạt (DLI)
Sân bay Liên Khương",,,11-04-2025
DLI0054,Vietnam Airlines,979.020 VND/khách,05:45,22 thg 4,06:40,22 thg 4,55m,"Đà Lạt (DLI)
Sân bay Liên Khương",,,11-04-2025
DLI0118,Vietnam Airlines,1.148.850 VND/khách,17:25,22 thg 4,18:20,22 thg 4,55m,"Đà Lạt (DLI)
Sân bay Liên Khương",,,11-04-2025
DLI0097,Vietnam Airlines,1.273.725 VND/khách,10:15,22 thg 4,11:10,22 thg 4,55m,"Đà Lạt (DLI)
Sân bay Liên Khương",,,11-04-2025
DLI0008,Bamboo Airways,782.244 VND/khách,16:45,22 thg 4,17:40,22 thg 4,55m,"Đà Lạt (DLI)
Sân bay Liên Khương",Hành lý 0 kg,Hành lý xách tay 7 kg,12-04-2025
DLI0054,Vietnam Airlines,979.020 VND/khách,05:45,22 thg 4,06:40,22 thg 4,55m,"Đà Lạt (DLI)
Sân bay Liên Khương",Hành lý 0 kg,Hành lý xách tay 1 x 12 kg,12-04-2025
DLI0118,Vietnam Airlines,1.135.523 VND/khách,17:25,22 thg 4,18:20,22 thg 4,55m,"Đà Lạt (DLI)
Sân bay Liên Khương",Hành lý 23 kg,Hành lý xách tay 1 x 12 kg,12-04-2025
DLI0097,Vietnam Airlines,1.247.214 VND/khách,10:15,22 thg 4,11:10,22 thg 4,55m,"Đà Lạt (DLI)
Sân bay Liên Khương",Hành lý 23 kg,Hành lý xách tay 1 x 12 kg,12-04-2025
DLI0008,Bamboo Airways,782.244 VND/khách,16:45,22 thg 4,17:40,22 thg 4,55m,"Đà Lạt (DLI)
Sân bay Liên Khương",Hành lý 0 kg,Hành lý xách tay 7 kg,13-04-2025
DLI0054,Vietnam Airlines,987.012 VND/khách,05:45,22 thg 4,06:40,22 thg 4,55m,"Đà Lạt (DLI)
Sân bay Liên Khương",Hành lý 0 kg,Hành lý xách tay 1 x 12 kg,13-04-2025
DLI0118,Vietnam Airlines,1.135.902 VND/khách,17:25,22 thg 4,18:20,22 thg 4,55m,"Đà Lạt (DLI)
Sân bay Liên Khương",Hành lý 23 kg,Hành lý xách tay 1 x 12 kg,13-04-2025
DLI0097,Vietnam Airlines,1.247.631 VND/khách,10:15,22 thg 4,11:10,22 thg 4,55m,"Đà Lạt (DLI)
Sân bay Liên Khương",Hành lý 23 kg,Hành lý xách tay 1 x 12 kg,13-04-2025
DLI0054,Vietnam Airlines,978.021 VND/khách,05:45,22 thg 4,06:40,22 thg 4,55m,"Đà Lạt (DLI)
Sân bay Liên Khương",Hành lý 0 kg,Hành lý xách tay 1 x 12 kg,14-04-2025
DLI0008,Bamboo Airways,869.953 VND/khách,16:45,22 thg 4,17:40,22 thg 4,55m,"Đà Lạt (DLI)
Sân bay Liên Khương",Hành lý 0 kg,Hành lý xách tay 7 kg,14-04-2025
DLI0118,Vietnam Airlines,1.117.881 VND/khách,17:25,22 thg 4,18:20,22 thg 4,55m,"Đà Lạt (DLI)
Sân bay Liên Khương",Hành lý 23 kg,Hành lý xách tay 1 x 12 kg,14-04-2025
DLI0034,VietJet Air,1.281.788 VND/khách,15:35,22 thg 4,16:30,22 thg 4,55m,"Đà Lạt (DLI)
Sân bay Liên Khương",Hành lý 0 kg,Hành lý xách tay 7 kg,14-04-2025
DLI0054,Vietnam Airlines,971.028 VND/khách,05:45,22 thg 4,06:40,22 thg 4,55m,"Đà Lạt (DLI)
Sân bay Liên Khương",,,15-04-2025
DLI0008,Bamboo Airways,932.152 VND/khách,16:45,22 thg 4,17:40,22 thg 4,55m,"Đà Lạt (DLI)
Sân bay Liên Khương",,,15-04-2025
DLI0118,Vietnam Airlines,1.163.835 VND/khách,17:25,22 thg 4,18:20,22 thg 4,55m,"Đà Lạt (DLI)
Sân bay Liên Khương",,,15-04-2025
DLI0034,VietJet Air,1.286.775 VND/khách,15:35,22 thg 4,16:30,22 thg 4,55m,"Đà Lạt (DLI)
Sân bay Liên Khương",,,15-04-2025
DLI0054,Vietnam Airlines,1.004.850 VND/khách,05:45,22 thg 4,06:40,22 thg 4,55m,"Đà Lạt (DLI)
Sân bay Liên Khương",Hành lý 0 kg,Hành lý xách tay 1 x 12 kg,16-04-2025
DLI0008,Bamboo Airways,975.450 VND/khách,16:45,22 thg 4,17:40,22 thg 4,55m,"Đà Lạt (DLI)
Sân bay Liên Khương",Hành lý 0 kg,Hành lý xách tay 7 kg,16-04-2025
DLI0034,VietJet Air,1.069.019 VND/khách,15:35,22 thg 4,16:30,22 thg 4,55m,"Đà Lạt (DLI)
Sân bay Liên Khương",Hành lý 0 kg,Hành lý xách tay 7 kg,16-04-2025
DLI0118,Vietnam Airlines,1.152.900 VND/khách,17:25,22 thg 4,18:20,22 thg 4,55m,"Đà Lạt (DLI)
Sân bay Liên Khương",Hành lý 23 kg,Hành lý xách tay 1 x 12 kg,16-04-2025
DLI0054,Vietnam Airlines,1.001.997 VND/khách,05:45,22 thg 4,06:40,22 thg 4,55m,"Đà Lạt (DLI)
Sân bay Liên Khương",Hành lý 0 kg,Hành lý xách tay 1 x 12 kg,17-04-2025
DLI0008,Bamboo Airways,869.953 VND/khách,16:45,22 thg 4,17:40,22 thg 4,55m,"Đà Lạt (DLI)
Sân bay Liên Khương",Hành lý 0 kg,Hành lý xách tay 7 kg,17-04-2025
DLI0034,VietJet Air,1.028.423 VND/khách,15:35,22 thg 4,16:30,22 thg 4,55m,"Đà Lạt (DLI)
Sân bay Liên Khương",Hành lý 0 kg,Hành lý xách tay 7 kg,17-04-2025
DLI0118,Vietnam Airlines,1.135.863 VND/khách,17:25,22 thg 4,18:20,22 thg 4,55m,"Đà Lạt (DLI)
Sân bay Liên Khương",Hành lý 23 kg,Hành lý xách tay 1 x 12 kg,17-04-2025
DLI0035,VietJet Air,835.800 VND/khách,15:35,23 thg 4,16:30,23 thg 4,55m,"Đà Lạt (DLI)
Sân bay Liên Khương",,,07-04-2025
DLI0055,Vietnam Airlines,922.704 VND/khách,05:45,23 thg 4,06:40,23 thg 4,55m,"Đà Lạt (DLI)
Sân bay Liên Khương",,,07-04-2025
DLI0076,Vietnam Airlines,922.704 VND/khách,08:55,23 thg 4,09:50,23 thg 4,55m,"Đà Lạt (DLI)
Sân bay Liên Khương",,,07-04-2025
DLI0128,Vietnam Airlines,922.704 VND/khách,21:10,23 thg 4,22:10,23 thg 4,1h 0m,"Đà Lạt (DLI)
Sân bay Liên Khương",,,07-04-2025
DLI0119,Vietnam Airlines,1.247.511 VND/khách,17:25,23 thg 4,18:20,23 thg 4,55m,"Đà Lạt (DLI)
Sân bay Liên Khương",,,07-04-2025
DLI0098,Vietnam Airlines,1.359.229 VND/khách,10:15,23 thg 4,11:10,23 thg 4,55m,"Đà Lạt (DLI)
Sân bay Liên Khương",,,07-04-2025
DLI0035,VietJet Air,833.602 VND/khách,15:35,23 thg 4,16:30,23 thg 4,55m,"Đà Lạt (DLI)
Sân bay Liên Khương",,,08-04-2025
DLI0055,Vietnam Airlines,922.704 VND/khách,05:45,23 thg 4,06:40,23 thg 4,55m,"Đà Lạt (DLI)
Sân bay Liên Khương",,,08-04-2025
DLI0076,Vietnam Airlines,922.704 VND/khách,08:55,23 thg 4,09:50,23 thg 4,55m,"Đà Lạt (DLI)
Sân bay Liên Khương",,,08-04-2025
DLI0128,Vietnam Airlines,922.704 VND/khách,21:10,23 thg 4,22:10,23 thg 4,1h 0m,"Đà Lạt (DLI)
Sân bay Liên Khương",,,08-04-2025
DLI0098,Vietnam Airlines,1.247.511 VND/khách,10:15,23 thg 4,11:10,23 thg 4,55m,"Đà Lạt (DLI)
Sân bay Liên Khương",,,08-04-2025
DLI0119,Vietnam Airlines,1.247.511 VND/khách,17:25,23 thg 4,18:20,23 thg 4,55m,"Đà Lạt (DLI)
Sân bay Liên Khương",,,08-04-2025
DLI0035,VietJet Air,799.980 VND/khách,15:35,23 thg 4,16:30,23 thg 4,55m,"Đà Lạt (DLI)
Sân bay Liên Khương",,,09-04-2025
DLI0076,Vietnam Airlines,929.070 VND/khách,08:55,23 thg 4,09:50,23 thg 4,55m,"Đà Lạt (DLI)
Sân bay Liên Khương",,,09-04-2025
DLI0055,Vietnam Airlines,936.063 VND/khách,05:45,23 thg 4,06:40,23 thg 4,55m,"Đà Lạt (DLI)
Sân bay Liên Khương",,,09-04-2025
DLI0128,Vietnam Airlines,936.063 VND/khách,21:10,23 thg 4,22:10,23 thg 4,1h 0m,"Đà Lạt (DLI)
Sân bay Liên Khương",,,09-04-2025
DLI0119,Vietnam Airlines,1.149.849 VND/khách,17:25,23 thg 4,18:20,23 thg 4,55m,"Đà Lạt (DLI)
Sân bay Liên Khương",,,09-04-2025
DLI0098,Vietnam Airlines,1.260.738 VND/khách,10:15,23 thg 4,11:10,23 thg 4,55m,"Đà Lạt (DLI)
Sân bay Liên Khương",,,09-04-2025
DLI0035,VietJet Air,836.795 VND/khách,15:35,23 thg 4,16:30,23 thg 4,55m,"Đà Lạt (DLI)
Sân bay Liên Khương",,,10-04-2025
DLI0055,Vietnam Airlines,977.022 VND/khách,05:45,23 thg 4,06:40,23 thg 4,55m,"Đà Lạt (DLI)
Sân bay Liên Khương",,,10-04-2025
DLI0076,Vietnam Airlines,977.022 VND/khách,08:55,23 thg 4,09:50,23 thg 4,55m,"Đà Lạt (DLI)
Sân bay Liên Khương",,,10-04-2025
DLI0128,Vietnam Airlines,977.022 VND/khách,21:10,23 thg 4,22:10,23 thg 4,1h 0m,"Đà Lạt (DLI)
Sân bay Liên Khương",,,10-04-2025
DLI0119,Vietnam Airlines,1.149.849 VND/khách,17:25,23 thg 4,18:20,23 thg 4,55m,"Đà Lạt (DLI)
Sân bay Liên Khương",,,10-04-2025
DLI0098,Vietnam Airlines,1.260.738 VND/khách,10:15,23 thg 4,11:10,23 thg 4,55m,"Đà Lạt (DLI)
Sân bay Liên Khương",,,10-04-2025
DLI0035,VietJet Air,822.865 VND/khách,15:35,23 thg 4,16:30,23 thg 4,55m,"Đà Lạt (DLI)
Sân bay Liên Khương",,,11-04-2025
DLI0055,Vietnam Airlines,977.022 VND/khách,05:45,23 thg 4,06:40,23 thg 4,55m,"Đà Lạt (DLI)
Sân bay Liên Khương",,,11-04-2025
DLI0076,Vietnam Airlines,977.022 VND/khách,08:55,23 thg 4,09:50,23 thg 4,55m,"Đà Lạt (DLI)
Sân bay Liên Khương",,,11-04-2025
DLI0128,Vietnam Airlines,977.022 VND/khách,21:10,23 thg 4,22:10,23 thg 4,1h 0m,"Đà Lạt (DLI)
Sân bay Liên Khương",,,11-04-2025
DLI0119,Vietnam Airlines,1.150.848 VND/khách,17:25,23 thg 4,18:20,23 thg 4,55m,"Đà Lạt (DLI)
Sân bay Liên Khương",,,11-04-2025
DLI0098,Vietnam Airlines,1.260.738 VND/khách,10:15,23 thg 4,11:10,23 thg 4,55m,"Đà Lạt (DLI)
Sân bay Liên Khương",,,11-04-2025
DLI0035,VietJet Air,828.000 VND/khách,15:35,23 thg 4,16:30,23 thg 4,55m,"Đà Lạt (DLI)
Sân bay Liên Khương",Hành lý 0 kg,Hành lý xách tay 7 kg,12-04-2025
DLI0055,Vietnam Airlines,979.020 VND/khách,05:45,23 thg 4,06:40,23 thg 4,55m,"Đà Lạt (DLI)
Sân bay Liên Khương",Hành lý 0 kg,Hành lý xách tay 1 x 12 kg,12-04-2025
DLI0076,Vietnam Airlines,979.020 VND/khách,08:55,23 thg 4,09:50,23 thg 4,55m,"Đà Lạt (DLI)
Sân bay Liên Khương",Hành lý 0 kg,Hành lý xách tay 1 x 12 kg,12-04-2025
DLI0128,Vietnam Airlines,979.020 VND/khách,21:10,23 thg 4,22:10,23 thg 4,1h 0m,"Đà Lạt (DLI)
Sân bay Liên Khương",Hành lý 0 kg,Hành lý xách tay 1 x 12 kg,12-04-2025
DLI0119,Vietnam Airlines,1.135.523 VND/khách,17:25,23 thg 4,18:20,23 thg 4,55m,"Đà Lạt (DLI)
Sân bay Liên Khương",Hành lý 23 kg,Hành lý xách tay 1 x 12 kg,12-04-2025
DLI0098,Vietnam Airlines,1.247.214 VND/khách,10:15,23 thg 4,11:10,23 thg 4,55m,"Đà Lạt (DLI)
Sân bay Liên Khương",Hành lý 23 kg,Hành lý xách tay 1 x 12 kg,12-04-2025
DLI0035,VietJet Air,824.855 VND/khách,15:35,23 thg 4,16:30,23 thg 4,55m,"Đà Lạt (DLI)
Sân bay Liên Khương",Hành lý 0 kg,Hành lý xách tay 7 kg,13-04-2025
DLI0076,Vietnam Airlines,980.019 VND/khách,08:55,23 thg 4,09:50,23 thg 4,55m,"Đà Lạt (DLI)
Sân bay Liên Khương",Hành lý 0 kg,Hành lý xách tay 1 x 12 kg,13-04-2025
DLI0055,Vietnam Airlines,987.012 VND/khách,05:45,23 thg 4,06:40,23 thg 4,55m,"Đà Lạt (DLI)
Sân bay Liên Khương",Hành lý 0 kg,Hành lý xách tay 1 x 12 kg,13-04-2025
DLI0128,Vietnam Airlines,987.012 VND/khách,21:10,23 thg 4,22:10,23 thg 4,1h 0m,"Đà Lạt (DLI)
Sân bay Liên Khương",Hành lý 0 kg,Hành lý xách tay 1 x 12 kg,13-04-2025
DLI0119,Vietnam Airlines,1.135.902 VND/khách,17:25,23 thg 4,18:20,23 thg 4,55m,"Đà Lạt (DLI)
Sân bay Liên Khương",Hành lý 23 kg,Hành lý xách tay 1 x 12 kg,13-04-2025
DLI0098,Vietnam Airlines,1.247.631 VND/khách,10:15,23 thg 4,11:10,23 thg 4,55m,"Đà Lạt (DLI)
Sân bay Liên Khương",Hành lý 23 kg,Hành lý xách tay 1 x 12 kg,13-04-2025
DLI0055,Vietnam Airlines,978.021 VND/khách,05:45,23 thg 4,06:40,23 thg 4,55m,"Đà Lạt (DLI)
Sân bay Liên Khương",Hành lý 0 kg,Hành lý xách tay 1 x 12 kg,14-04-2025
DLI0035,VietJet Air,798.000 VND/khách,15:35,23 thg 4,16:30,23 thg 4,55m,"Đà Lạt (DLI)
Sân bay Liên Khương",Hành lý 0 kg,Hành lý xách tay 7 kg,14-04-2025
DLI0076,Vietnam Airlines,978.021 VND/khách,08:55,23 thg 4,09:50,23 thg 4,55m,"Đà Lạt (DLI)
Sân bay Liên Khương",Hành lý 0 kg,Hành lý xách tay 1 x 12 kg,14-04-2025
DLI0128,Vietnam Airlines,978.021 VND/khách,21:10,23 thg 4,22:10,23 thg 4,1h 0m,"Đà Lạt (DLI)
Sân bay Liên Khương",Hành lý 0 kg,Hành lý xách tay 1 x 12 kg,14-04-2025
DLI0119,Vietnam Airlines,1.150.848 VND/khách,17:25,23 thg 4,18:20,23 thg 4,55m,"Đà Lạt (DLI)
Sân bay Liên Khương",Hành lý 23 kg,Hành lý xách tay 1 x 12 kg,14-04-2025
DLI0055,Vietnam Airlines,971.028 VND/khách,05:45,23 thg 4,06:40,23 thg 4,55m,"Đà Lạt (DLI)
Sân bay Liên Khương",,,15-04-2025
DLI0035,VietJet Air,799.995 VND/khách,15:35,23 thg 4,16:30,23 thg 4,55m,"Đà Lạt (DLI)
Sân bay Liên Khương",,,15-04-2025
DLI0076,Vietnam Airlines,982.017 VND/khách,08:55,23 thg 4,09:50,23 thg 4,55m,"Đà Lạt (DLI)
Sân bay Liên Khương",,,15-04-2025
DLI0128,Vietnam Airlines,982.017 VND/khách,21:10,23 thg 4,22:10,23 thg 4,1h 0m,"Đà Lạt (DLI)
Sân bay Liên Khương",,,15-04-2025
DLI0119,Vietnam Airlines,1.155.843 VND/khách,17:25,23 thg 4,18:20,23 thg 4,55m,"Đà Lạt (DLI)
Sân bay Liên Khương",,,15-04-2025
DLI0055,Vietnam Airlines,971.250 VND/khách,05:45,23 thg 4,06:40,23 thg 4,55m,"Đà Lạt (DLI)
Sân bay Liên Khương",Hành lý 0 kg,Hành lý xách tay 1 x 12 kg,16-04-2025
DLI0035,VietJet Air,839.148 VND/khách,15:35,23 thg 4,16:30,23 thg 4,55m,"Đà Lạt (DLI)
Sân bay Liên Khương",Hành lý 0 kg,Hành lý xách tay 7 kg,16-04-2025
DLI0076,Vietnam Airlines,971.250 VND/khách,08:55,23 thg 4,09:50,23 thg 4,55m,"Đà Lạt (DLI)
Sân bay Liên Khương",Hành lý 0 kg,Hành lý xách tay 1 x 12 kg,16-04-2025
DLI0128,Vietnam Airlines,971.250 VND/khách,21:10,23 thg 4,22:10,23 thg 4,1h 0m,"Đà Lạt (DLI)
Sân bay Liên Khương",Hành lý 0 kg,Hành lý xách tay 1 x 12 kg,16-04-2025
DLI0119,Vietnam Airlines,1.152.900 VND/khách,17:25,23 thg 4,18:20,23 thg 4,55m,"Đà Lạt (DLI)
Sân bay Liên Khương",Hành lý 23 kg,Hành lý xách tay 1 x 12 kg,16-04-2025
DLI0055,Vietnam Airlines,1.141.027 VND/khách,05:45,23 thg 4,06:40,23 thg 4,55m,"Đà Lạt (DLI)
Sân bay Liên Khương",Hành lý 23 kg,Hành lý xách tay 1 x 12 kg,17-04-2025
DLI0035,VietJet Air,799.995 VND/khách,15:35,23 thg 4,16:30,23 thg 4,55m,"Đà Lạt (DLI)
Sân bay Liên Khương",Hành lý 0 kg,Hành lý xách tay 7 kg,17-04-2025
DLI0119,Vietnam Airlines,1.235.763 VND/khách,17:25,23 thg 4,18:20,23 thg 4,55m,"Đà Lạt (DLI)
Sân bay Liên Khương",Hành lý 23 kg,Hành lý xách tay 1 x 12 kg,17-04-2025
DLI0036,VietJet Air,1.140.270 VND/khách,15:35,24 thg 4,16:30,24 thg 4,55m,"Đà Lạt (DLI)
Sân bay Liên Khương",,,07-04-2025
DLI0009,Bamboo Airways,1.217.700 VND/khách,16:45,24 thg 4,17:40,24 thg 4,55m,"Đà Lạt (DLI)
Sân bay Liên Khương",,,07-04-2025
DLI0056,Vietnam Airlines,1.247.511 VND/khách,05:45,24 thg 4,06:40,24 thg 4,55m,"Đà Lạt (DLI)
Sân bay Liên Khương",,,07-04-2025
DLI0077,Vietnam Airlines,1.247.511 VND/khách,08:55,24 thg 4,09:50,24 thg 4,55m,"Đà Lạt (DLI)
Sân bay Liên Khương",,,07-04-2025
DLI0120,Vietnam Airlines,1.571.286 VND/khách,17:25,24 thg 4,18:20,24 thg 4,55m,"Đà Lạt (DLI)
Sân bay Liên Khương",,,07-04-2025
DLI0099,Vietnam Airlines,1.671.624 VND/khách,10:15,24 thg 4,11:10,24 thg 4,55m,"Đà Lạt (DLI)
Sân bay Liên Khương",,,07-04-2025
DLI0056,Vietnam Airlines,1.135.794 VND/khách,05:45,24 thg 4,06:40,24 thg 4,55m,"Đà Lạt (DLI)
Sân bay Liên Khương",,,08-04-2025
DLI0036,VietJet Air,1.163.280 VND/khách,15:35,24 thg 4,16:30,24 thg 4,55m,"Đà Lạt (DLI)
Sân bay Liên Khương",,,08-04-2025
DLI0009,Bamboo Airways,1.217.700 VND/khách,16:45,24 thg 4,17:40,24 thg 4,55m,"Đà Lạt (DLI)
Sân bay Liên Khương",,,08-04-2025
DLI0077,Vietnam Airlines,1.247.511 VND/khách,08:55,24 thg 4,09:50,24 thg 4,55m,"Đà Lạt (DLI)
Sân bay Liên Khương",,,08-04-2025
DLI0099,Vietnam Airlines,1.359.229 VND/khách,10:15,24 thg 4,11:10,24 thg 4,55m,"Đà Lạt (DLI)
Sân bay Liên Khương",,,08-04-2025
DLI0120,Vietnam Airlines,1.571.286 VND/khách,17:25,24 thg 4,18:20,24 thg 4,55m,"Đà Lạt (DLI)
Sân bay Liên Khương",,,08-04-2025
DLI0009,Bamboo Airways,1.085.475 VND/khách,16:45,24 thg 4,17:40,24 thg 4,55m,"Đà Lạt (DLI)
Sân bay Liên Khương",,,09-04-2025
DLI0056,Vietnam Airlines,1.137.142 VND/khách,05:45,24 thg 4,06:40,24 thg 4,55m,"Đà Lạt (DLI)
Sân bay Liên Khương",,,09-04-2025
DLI0036,VietJet Air,1.174.100 VND/khách,15:35,24 thg 4,16:30,24 thg 4,55m,"Đà Lạt (DLI)
Sân bay Liên Khương",,,09-04-2025
DLI0077,Vietnam Airlines,1.248.992 VND/khách,08:55,24 thg 4,09:50,24 thg 4,55m,"Đà Lạt (DLI)
Sân bay Liên Khương",,,09-04-2025
DLI0120,Vietnam Airlines,1.360.843 VND/khách,17:25,24 thg 4,18:20,24 thg 4,55m,"Đà Lạt (DLI)
Sân bay Liên Khương",,,09-04-2025
DLI0099,Vietnam Airlines,1.472.693 VND/khách,10:15,24 thg 4,11:10,24 thg 4,55m,"Đà Lạt (DLI)
Sân bay Liên Khương",,,09-04-2025
DLI0009,Bamboo Airways,1.080.048 VND/khách,16:45,24 thg 4,17:40,24 thg 4,55m,"Đà Lạt (DLI)
Sân bay Liên Khương",,,10-04-2025
DLI0056,Vietnam Airlines,1.109.889 VND/khách,05:45,24 thg 4,06:40,24 thg 4,55m,"Đà Lạt (DLI)
Sân bay Liên Khương",,,10-04-2025
DLI0036,VietJet Air,1.167.135 VND/khách,15:35,24 thg 4,16:30,24 thg 4,55m,"Đà Lạt (DLI)
Sân bay Liên Khương",,,10-04-2025
DLI0077,Vietnam Airlines,1.267.731 VND/khách,08:55,24 thg 4,09:50,24 thg 4,55m,"Đà Lạt (DLI)
Sân bay Liên Khương",,,10-04-2025
DLI0120,Vietnam Airlines,1.371.627 VND/khách,17:25,24 thg 4,18:20,24 thg 4,55m,"Đà Lạt (DLI)
Sân bay Liên Khương",,,10-04-2025
DLI0009,Bamboo Airways,1.080.048 VND/khách,16:45,24 thg 4,17:40,24 thg 4,55m,"Đà Lạt (DLI)
Sân bay Liên Khương",,,11-04-2025
DLI0056,Vietnam Airlines,1.135.021 VND/khách,05:45,24 thg 4,06:40,24 thg 4,55m,"Đà Lạt (DLI)
Sân bay Liên Khương",,,11-04-2025
DLI0036,VietJet Air,1.143.255 VND/khách,15:35,24 thg 4,16:30,24 thg 4,55m,"Đà Lạt (DLI)
Sân bay Liên Khương",,,11-04-2025
DLI0077,Vietnam Airlines,1.246.661 VND/khách,08:55,24 thg 4,09:50,24 thg 4,55m,"Đà Lạt (DLI)
Sân bay Liên Khương",,,11-04-2025
DLI0120,Vietnam Airlines,1.358.304 VND/khách,17:25,24 thg 4,18:20,24 thg 4,55m,"Đà Lạt (DLI)
Sân bay Liên Khương",,,11-04-2025
DLI0009,Bamboo Airways,1.080.048 VND/khách,16:45,24 thg 4,17:40,24 thg 4,55m,"Đà Lạt (DLI)
Sân bay Liên Khương",Hành lý 0 kg,Hành lý xách tay 7 kg,12-04-2025
DLI0056,Vietnam Airlines,1.111.887 VND/khách,05:45,24 thg 4,06:40,24 thg 4,55m,"Đà Lạt (DLI)
Sân bay Liên Khương",Hành lý 23 kg,Hành lý xách tay 1 x 12 kg,12-04-2025
DLI0036,VietJet Air,1.150.000 VND/khách,15:35,24 thg 4,16:30,24 thg 4,55m,"Đà Lạt (DLI)
Sân bay Liên Khương",Hành lý 0 kg,Hành lý xách tay 7 kg,12-04-2025
DLI0077,Vietnam Airlines,1.277.721 VND/khách,08:55,24 thg 4,09:50,24 thg 4,55m,"Đà Lạt (DLI)
Sân bay Liên Khương",Hành lý 23 kg,Hành lý xách tay 1 x 12 kg,12-04-2025
DLI0120,Vietnam Airlines,1.381.617 VND/khách,17:25,24 thg 4,18:20,24 thg 4,55m,"Đà Lạt (DLI)
Sân bay Liên Khương",Hành lý 23 kg,Hành lý xách tay 1 x 12 kg,12-04-2025
DLI0009,Bamboo Airways,1.080.048 VND/khách,16:45,24 thg 4,17:40,24 thg 4,55m,"Đà Lạt (DLI)
Sân bay Liên Khương",Hành lý 0 kg,Hành lý xách tay 7 kg,13-04-2025
DLI0056,Vietnam Airlines,1.138.860 VND/khách,05:45,24 thg 4,06:40,24 thg 4,55m,"Đà Lạt (DLI)
Sân bay Liên Khương",Hành lý 23 kg,Hành lý xách tay 1 x 12 kg,13-04-2025
DLI0036,VietJet Air,1.146.240 VND/khách,15:35,24 thg 4,16:30,24 thg 4,55m,"Đà Lạt (DLI)
Sân bay Liên Khương",Hành lý 0 kg,Hành lý xách tay 7 kg,13-04-2025
DLI0077,Vietnam Airlines,1.275.723 VND/khách,08:55,24 thg 4,09:50,24 thg 4,55m,"Đà Lạt (DLI)
Sân bay Liên Khương",Hành lý 23 kg,Hành lý xách tay 1 x 12 kg,13-04-2025
DLI0120,Vietnam Airlines,1.382.616 VND/khách,17:25,24 thg 4,18:20,24 thg 4,55m,"Đà Lạt (DLI)
Sân bay Liên Khương",Hành lý 23 kg,Hành lý xách tay 1 x 12 kg,13-04-2025
DLI0056,Vietnam Airlines,1.135.863 VND/khách,05:45,24 thg 4,06:40,24 thg 4,55m,"Đà Lạt (DLI)
Sân bay Liên Khương",Hành lý 23 kg,Hành lý xách tay 1 x 12 kg,14-04-2025
DLI0009,Bamboo Airways,1.080.048 VND/khách,16:45,24 thg 4,17:40,24 thg 4,55m,"Đà Lạt (DLI)
Sân bay Liên Khương",Hành lý 0 kg,Hành lý xách tay 7 kg,14-04-2025
DLI0036,VietJet Air,1.136.153 VND/khách,15:35,24 thg 4,16:30,24 thg 4,55m,"Đà Lạt (DLI)
Sân bay Liên Khương",Hành lý 0 kg,Hành lý xách tay 7 kg,14-04-2025
DLI0077,Vietnam Airlines,1.272.726 VND/khách,08:55,24 thg 4,09:50,24 thg 4,55m,"Đà Lạt (DLI)
Sân bay Liên Khương",Hành lý 23 kg,Hành lý xách tay 1 x 12 kg,14-04-2025
DLI0120,Vietnam Airlines,1.379.619 VND/khách,17:25,24 thg 4,18:20,24 thg 4,55m,"Đà Lạt (DLI)
Sân bay Liên Khương",Hành lý 23 kg,Hành lý xách tay 1 x 12 kg,14-04-2025
DLI0056,Vietnam Airlines,1.141.857 VND/khách,05:45,24 thg 4,06:40,24 thg 4,55m,"Đà Lạt (DLI)
Sân bay Liên Khương",,,15-04-2025
DLI0009,Bamboo Airways,1.080.048 VND/khách,16:45,24 thg 4,17:40,24 thg 4,55m,"Đà Lạt (DLI)
Sân bay Liên Khương",,,15-04-2025
DLI0036,VietJet Air,1.140.143 VND/khách,15:35,24 thg 4,16:30,24 thg 4,55m,"Đà Lạt (DLI)
Sân bay Liên Khương",,,15-04-2025
DLI0077,Vietnam Airlines,1.278.720 VND/khách,08:55,24 thg 4,09:50,24 thg 4,55m,"Đà Lạt (DLI)
Sân bay Liên Khương",,,15-04-2025
DLI0120,Vietnam Airlines,1.382.616 VND/khách,17:25,24 thg 4,18:20,24 thg 4,55m,"Đà Lạt (DLI)
Sân bay Liên Khương",,,15-04-2025
DLI0056,Vietnam Airlines,1.152.900 VND/khách,05:45,24 thg 4,06:40,24 thg 4,55m,"Đà Lạt (DLI)
Sân bay Liên Khương",Hành lý 23 kg,Hành lý xách tay 1 x 12 kg,16-04-2025
DLI0009,Bamboo Airways,1.111.950 VND/khách,16:45,24 thg 4,17:40,24 thg 4,55m,"Đà Lạt (DLI)
Sân bay Liên Khương",Hành lý 0 kg,Hành lý xách tay 7 kg,16-04-2025
DLI0036,VietJet Air,1.180.561 VND/khách,15:35,24 thg 4,16:30,24 thg 4,55m,"Đà Lạt (DLI)
Sân bay Liên Khương",Hành lý 0 kg,Hành lý xách tay 7 kg,16-04-2025
DLI0077,Vietnam Airlines,1.266.300 VND/khách,08:55,24 thg 4,09:50,24 thg 4,55m,"Đà Lạt (DLI)
Sân bay Liên Khương",Hành lý 23 kg,Hành lý xách tay 1 x 12 kg,16-04-2025
DLI0120,Vietnam Airlines,1.379.700 VND/khách,17:25,24 thg 4,18:20,24 thg 4,55m,"Đà Lạt (DLI)
Sân bay Liên Khương",Hành lý 23 kg,Hành lý xách tay 1 x 12 kg,16-04-2025
DLI0056,Vietnam Airlines,1.235.763 VND/khách,05:45,24 thg 4,06:40,24 thg 4,55m,"Đà Lạt (DLI)
Sân bay Liên Khương",Hành lý 23 kg,Hành lý xách tay 1 x 12 kg,17-04-2025
DLI0009,Bamboo Airways,1.080.048 VND/khách,16:45,24 thg 4,17:40,24 thg 4,55m,"Đà Lạt (DLI)
Sân bay Liên Khương",Hành lý 0 kg,Hành lý xách tay 7 kg,17-04-2025
DLI0036,VietJet Air,1.139.145 VND/khách,15:35,24 thg 4,16:30,24 thg 4,55m,"Đà Lạt (DLI)
Sân bay Liên Khương",Hành lý 0 kg,Hành lý xách tay 7 kg,17-04-2025
DLI0013,Bamboo Airways,1.001.343 VND/khách,17:00,24 thg 4,17:55,24 thg 4,55m,"Đà Lạt (DLI)
Sân bay Liên Khương",Hành lý 0 kg,Hành lý xách tay 7 kg,23-04-2025
DLI0036,VietJet Air,1.087.275 VND/khách,15:35,24 thg 4,16:30,24 thg 4,55m,"Đà Lạt (DLI)
Sân bay Liên Khương",Hành lý 0 kg,Hành lý xách tay 7 kg,23-04-2025
DLI0120,Vietnam Airlines,1.979.019 VND/khách,17:25,24 thg 4,18:20,24 thg 4,55m,"Đà Lạt (DLI)
Sân bay Liên Khương",Hành lý 23 kg,Hành lý xách tay 1 x 12 kg,23-04-2025
DLI0037,VietJet Air,1.302.455 VND/khách,15:35,25 thg 4,16:30,25 thg 4,55m,"Đà Lạt (DLI)
Sân bay Liên Khương",,,07-04-2025
DLI0057,Vietnam Airlines,1.359.229 VND/khách,05:45,25 thg 4,06:40,25 thg 4,55m,"Đà Lạt (DLI)
Sân bay Liên Khương",,,07-04-2025
DLI0078,Vietnam Airlines,1.359.229 VND/khách,08:55,25 thg 4,09:50,25 thg 4,55m,"Đà Lạt (DLI)
Sân bay Liên Khương",,,07-04-2025
DLI0129,Vietnam Airlines,1.359.229 VND/khách,21:10,25 thg 4,22:10,25 thg 4,1h 0m,"Đà Lạt (DLI)
Sân bay Liên Khương",,,07-04-2025
DLI0100,Vietnam Airlines,1.671.624 VND/khách,10:15,25 thg 4,11:10,25 thg 4,55m,"Đà Lạt (DLI)
Sân bay Liên Khương",,,07-04-2025
DLI0037,VietJet Air,1.297.923 VND/khách,15:35,25 thg 4,16:30,25 thg 4,55m,"Đà Lạt (DLI)
Sân bay Liên Khương",,,08-04-2025
DLI0057,Vietnam Airlines,1.359.229 VND/khách,05:45,25 thg 4,06:40,25 thg 4,55m,"Đà Lạt (DLI)
Sân bay Liên Khương",,,08-04-2025
DLI0078,Vietnam Airlines,1.359.229 VND/khách,08:55,25 thg 4,09:50,25 thg 4,55m,"Đà Lạt (DLI)
Sân bay Liên Khương",,,08-04-2025
DLI0129,Vietnam Airlines,1.359.229 VND/khách,21:10,25 thg 4,22:10,25 thg 4,1h 0m,"Đà Lạt (DLI)
Sân bay Liên Khương",,,08-04-2025
DLI0100,Vietnam Airlines,1.970.572 VND/khách,10:15,25 thg 4,11:10,25 thg 4,55m,"Đà Lạt (DLI)
Sân bay Liên Khương",,,08-04-2025
DLI0057,Vietnam Airlines,1.264.734 VND/khách,05:45,25 thg 4,06:40,25 thg 4,55m,"Đà Lạt (DLI)
Sân bay Liên Khương",,,09-04-2025
DLI0037,VietJet Air,1.274.595 VND/khách,15:35,25 thg 4,16:30,25 thg 4,55m,"Đà Lạt (DLI)
Sân bay Liên Khương",,,09-04-2025
DLI0129,Vietnam Airlines,1.367.631 VND/khách,21:10,25 thg 4,22:10,25 thg 4,1h 0m,"Đà Lạt (DLI)
Sân bay Liên Khương",,,09-04-2025
DLI0078,Vietnam Airlines,1.378.620 VND/khách,08:55,25 thg 4,09:50,25 thg 4,55m,"Đà Lạt (DLI)
Sân bay Liên Khương",,,09-04-2025
DLI0100,Vietnam Airlines,1.378.620 VND/khách,10:15,25 thg 4,11:10,25 thg 4,55m,"Đà Lạt (DLI)
Sân bay Liên Khương",,,09-04-2025
DLI0057,Vietnam Airlines,1.263.735 VND/khách,05:45,25 thg 4,06:40,25 thg 4,55m,"Đà Lạt (DLI)
Sân bay Liên Khương",,,10-04-2025
DLI0037,VietJet Air,1.302.455 VND/khách,15:35,25 thg 4,16:30,25 thg 4,55m,"Đà Lạt (DLI)
Sân bay Liên Khương",,,10-04-2025
DLI0078,Vietnam Airlines,1.377.621 VND/khách,08:55,25 thg 4,09:50,25 thg 4,55m,"Đà Lạt (DLI)
Sân bay Liên Khương",,,10-04-2025
DLI0129,Vietnam Airlines,1.381.617 VND/khách,21:10,25 thg 4,22:10,25 thg 4,1h 0m,"Đà Lạt (DLI)
Sân bay Liên Khương",,,10-04-2025
DLI0100,Vietnam Airlines,1.472.574 VND/khách,10:15,25 thg 4,11:10,25 thg 4,55m,"Đà Lạt (DLI)
Sân bay Liên Khương",,,10-04-2025
DLI0057,Vietnam Airlines,1.246.661 VND/khách,05:45,25 thg 4,06:40,25 thg 4,55m,"Đà Lạt (DLI)
Sân bay Liên Khương",,,11-04-2025
DLI0037,VietJet Air,1.275.590 VND/khách,15:35,25 thg 4,16:30,25 thg 4,55m,"Đà Lạt (DLI)
Sân bay Liên Khương",,,11-04-2025
DLI0078,Vietnam Airlines,1.358.304 VND/khách,08:55,25 thg 4,09:50,25 thg 4,55m,"Đà Lạt (DLI)
Sân bay Liên Khương",,,11-04-2025
DLI0129,Vietnam Airlines,1.358.304 VND/khách,21:10,25 thg 4,22:10,25 thg 4,1h 0m,"Đà Lạt (DLI)
Sân bay Liên Khương",,,11-04-2025
DLI0100,Vietnam Airlines,1.469.944 VND/khách,10:15,25 thg 4,11:10,25 thg 4,55m,"Đà Lạt (DLI)
Sân bay Liên Khương",,,11-04-2025
DLI0057,Vietnam Airlines,1.266.732 VND/khách,05:45,25 thg 4,06:40,25 thg 4,55m,"Đà Lạt (DLI)
Sân bay Liên Khương",Hành lý 23 kg,Hành lý xách tay 1 x 12 kg,12-04-2025
DLI0037,VietJet Air,1.309.000 VND/khách,15:35,25 thg 4,16:30,25 thg 4,55m,"Đà Lạt (DLI)
Sân bay Liên Khương",Hành lý 0 kg,Hành lý xách tay 7 kg,12-04-2025
DLI0078,Vietnam Airlines,1.381.617 VND/khách,08:55,25 thg 4,09:50,25 thg 4,55m,"Đà Lạt (DLI)
Sân bay Liên Khương",Hành lý 23 kg,Hành lý xách tay 1 x 12 kg,12-04-2025
DLI0129,Vietnam Airlines,1.385.613 VND/khách,21:10,25 thg 4,22:10,25 thg 4,1h 0m,"Đà Lạt (DLI)
Sân bay Liên Khương",Hành lý 23 kg,Hành lý xách tay 1 x 12 kg,12-04-2025
DLI0100,Vietnam Airlines,1.473.525 VND/khách,10:15,25 thg 4,11:10,25 thg 4,55m,"Đà Lạt (DLI)
Sân bay Liên Khương",Hành lý 23 kg,Hành lý xách tay 1 x 12 kg,12-04-2025
DLI0057,Vietnam Airlines,1.267.731 VND/khách,05:45,25 thg 4,06:40,25 thg 4,55m,"Đà Lạt (DLI)
Sân bay Liên Khương",Hành lý 23 kg,Hành lý xách tay 1 x 12 kg,13-04-2025
DLI0037,VietJet Air,1.303.450 VND/khách,15:35,25 thg 4,16:30,25 thg 4,55m,"Đà Lạt (DLI)
Sân bay Liên Khương",Hành lý 0 kg,Hành lý xách tay 7 kg,13-04-2025
DLI0078,Vietnam Airlines,1.382.616 VND/khách,08:55,25 thg 4,09:50,25 thg 4,55m,"Đà Lạt (DLI)
Sân bay Liên Khương",Hành lý 23 kg,Hành lý xách tay 1 x 12 kg,13-04-2025
DLI0129,Vietnam Airlines,1.386.612 VND/khách,21:10,25 thg 4,22:10,25 thg 4,1h 0m,"Đà Lạt (DLI)
Sân bay Liên Khương",Hành lý 23 kg,Hành lý xách tay 1 x 12 kg,13-04-2025
DLI0100,Vietnam Airlines,1.508.490 VND/khách,10:15,25 thg 4,11:10,25 thg 4,55m,"Đà Lạt (DLI)
Sân bay Liên Khương",Hành lý 23 kg,Hành lý xách tay 1 x 12 kg,13-04-2025
DLI0057,Vietnam Airlines,1.264.734 VND/khách,05:45,25 thg 4,06:40,25 thg 4,55m,"Đà Lạt (DLI)
Sân bay Liên Khương",Hành lý 23 kg,Hành lý xách tay 1 x 12 kg,14-04-2025
DLI0037,VietJet Air,1.277.798 VND/khách,15:35,25 thg 4,16:30,25 thg 4,55m,"Đà Lạt (DLI)
Sân bay Liên Khương",Hành lý 0 kg,Hành lý xách tay 7 kg,14-04-2025
DLI0078,Vietnam Airlines,1.379.619 VND/khách,08:55,25 thg 4,09:50,25 thg 4,55m,"Đà Lạt (DLI)
Sân bay Liên Khương",Hành lý 23 kg,Hành lý xách tay 1 x 12 kg,14-04-2025
DLI0129,Vietnam Airlines,1.383.615 VND/khách,21:10,25 thg 4,22:10,25 thg 4,1h 0m,"Đà Lạt (DLI)
Sân bay Liên Khương",Hành lý 23 kg,Hành lý xách tay 1 x 12 kg,14-04-2025
DLI0057,Vietnam Airlines,1.270.728 VND/khách,05:45,25 thg 4,06:40,25 thg 4,55m,"Đà Lạt (DLI)
Sân bay Liên Khương",,,15-04-2025
DLI0037,VietJet Air,1.284.780 VND/khách,15:35,25 thg 4,16:30,25 thg 4,55m,"Đà Lạt (DLI)
Sân bay Liên Khương",,,15-04-2025
DLI0078,Vietnam Airlines,1.385.613 VND/khách,08:55,25 thg 4,09:50,25 thg 4,55m,"Đà Lạt (DLI)
Sân bay Liên Khương",,,15-04-2025
DLI0129,Vietnam Airlines,1.389.609 VND/khách,21:10,25 thg 4,22:10,25 thg 4,1h 0m,"Đà Lạt (DLI)
Sân bay Liên Khương",,,15-04-2025
DLI0057,Vietnam Airlines,1.266.300 VND/khách,05:45,25 thg 4,06:40,25 thg 4,55m,"Đà Lạt (DLI)
Sân bay Liên Khương",Hành lý 23 kg,Hành lý xách tay 1 x 12 kg,16-04-2025
DLI0037,VietJet Air,1.327.929 VND/khách,15:35,25 thg 4,16:30,25 thg 4,55m,"Đà Lạt (DLI)
Sân bay Liên Khương",Hành lý 0 kg,Hành lý xách tay 7 kg,16-04-2025
DLI0078,Vietnam Airlines,1.379.700 VND/khách,08:55,25 thg 4,09:50,25 thg 4,55m,"Đà Lạt (DLI)
Sân bay Liên Khương",Hành lý 23 kg,Hành lý xách tay 1 x 12 kg,16-04-2025
DLI0129,Vietnam Airlines,1.379.700 VND/khách,21:10,25 thg 4,22:10,25 thg 4,1h 0m,"Đà Lạt (DLI)
Sân bay Liên Khương",Hành lý 23 kg,Hành lý xách tay 1 x 12 kg,16-04-2025
DLI0057,Vietnam Airlines,1.253.260 VND/khách,05:45,25 thg 4,06:40,25 thg 4,55m,"Đà Lạt (DLI)
Sân bay Liên Khương",Hành lý 23 kg,Hành lý xách tay 1 x 12 kg,17-04-2025
DLI0037,VietJet Air,1.139.145 VND/khách,15:35,25 thg 4,16:30,25 thg 4,55m,"Đà Lạt (DLI)
Sân bay Liên Khương",Hành lý 0 kg,Hành lý xách tay 7 kg,17-04-2025
DLI0129,Vietnam Airlines,1.365.492 VND/khách,21:10,25 thg 4,22:10,25 thg 4,1h 0m,"Đà Lạt (DLI)
Sân bay Liên Khương",Hành lý 23 kg,Hành lý xách tay 1 x 12 kg,17-04-2025
DLI0037,VietJet Air,1.311.713 VND/khách,15:35,25 thg 4,16:30,25 thg 4,55m,"Đà Lạt (DLI)
Sân bay Liên Khương",Hành lý 0 kg,Hành lý xách tay 7 kg,23-04-2025
DLI0057,Vietnam Airlines,1.482.516 VND/khách,05:45,25 thg 4,06:40,25 thg 4,55m,"Đà Lạt (DLI)
Sân bay Liên Khương",Hành lý 23 kg,Hành lý xách tay 1 x 12 kg,23-04-2025
DLI0129,Vietnam Airlines,1.676.322 VND/khách,21:10,25 thg 4,22:10,25 thg 4,1h 0m,"Đà Lạt (DLI)
Sân bay Liên Khương",Hành lý 23 kg,Hành lý xách tay 1 x 12 kg,23-04-2025
DLI0057,Vietnam Airlines,1.577.814 VND/khách,05:45,25 thg 4,06:40,25 thg 4,55m,"Đà Lạt (DLI)
Sân bay Liên Khương",,,24-04-2025
DLI0037,VietJet Air,1.618.095 VND/khách,15:35,25 thg 4,16:30,25 thg 4,55m,"Đà Lạt (DLI)
Sân bay Liên Khương",,,24-04-2025
DLI0129,Vietnam Airlines,1.704.294 VND/khách,21:10,25 thg 4,22:10,25 thg 4,1h 0m,"Đà Lạt (DLI)
Sân bay Liên Khương",,,24-04-2025
DLI0038,VietJet Air,1.167.135 VND/khách,15:35,26 thg 4,16:30,26 thg 4,55m,"Đà Lạt (DLI)
Sân bay Liên Khương",,,07-04-2025
DLI0010,Bamboo Airways,1.217.700 VND/khách,16:45,26 thg 4,17:40,26 thg 4,55m,"Đà Lạt (DLI)
Sân bay Liên Khương",,,07-04-2025
DLI0058,Vietnam Airlines,1.247.511 VND/khách,05:45,26 thg 4,06:40,26 thg 4,55m,"Đà Lạt (DLI)
Sân bay Liên Khương",,,07-04-2025
DLI0079,Vietnam Airlines,1.247.511 VND/khách,08:55,26 thg 4,09:50,26 thg 4,55m,"Đà Lạt (DLI)
Sân bay Liên Khương",,,07-04-2025
DLI0130,Vietnam Airlines,1.247.511 VND/khách,21:10,26 thg 4,22:10,26 thg 4,1h 0m,"Đà Lạt (DLI)
Sân bay Liên Khương",,,07-04-2025
DLI0101,Vietnam Airlines,1.850.580 VND/khách,10:15,26 thg 4,11:10,26 thg 4,55m,"Đà Lạt (DLI)
Sân bay Liên Khương",,,07-04-2025
DLI0038,VietJet Air,1.162.290 VND/khách,15:35,26 thg 4,16:30,26 thg 4,55m,"Đà Lạt (DLI)
Sân bay Liên Khương",,,08-04-2025
DLI0010,Bamboo Airways,1.217.700 VND/khách,16:45,26 thg 4,17:40,26 thg 4,55m,"Đà Lạt (DLI)
Sân bay Liên Khương",,,08-04-2025
DLI0079,Vietnam Airlines,1.247.511 VND/khách,08:55,26 thg 4,09:50,26 thg 4,55m,"Đà Lạt (DLI)
Sân bay Liên Khương",,,08-04-2025
DLI0130,Vietnam Airlines,1.247.511 VND/khách,21:10,26 thg 4,22:10,26 thg 4,1h 0m,"Đà Lạt (DLI)
Sân bay Liên Khương",,,08-04-2025
DLI0101,Vietnam Airlines,1.671.327 VND/khách,10:15,26 thg 4,11:10,26 thg 4,55m,"Đà Lạt (DLI)
Sân bay Liên Khương",,,08-04-2025
DLI0058,Vietnam Airlines,1.970.572 VND/khách,05:45,26 thg 4,06:40,26 thg 4,55m,"Đà Lạt (DLI)
Sân bay Liên Khương",,,08-04-2025
DLI0038,VietJet Air,1.066.640 VND/khách,15:35,26 thg 4,16:30,26 thg 4,55m,"Đà Lạt (DLI)
Sân bay Liên Khương",,,09-04-2025
DLI0010,Bamboo Airways,1.085.475 VND/khách,16:45,26 thg 4,17:40,26 thg 4,55m,"Đà Lạt (DLI)
Sân bay Liên Khương",,,09-04-2025
DLI0058,Vietnam Airlines,1.133.865 VND/khách,05:45,26 thg 4,06:40,26 thg 4,55m,"Đà Lạt (DLI)
Sân bay Liên Khương",,,09-04-2025
DLI0130,Vietnam Airlines,1.144.854 VND/khách,21:10,26 thg 4,22:10,26 thg 4,1h 0m,"Đà Lạt (DLI)
Sân bay Liên Khương",,,09-04-2025
DLI0079,Vietnam Airlines,1.233.765 VND/khách,08:55,26 thg 4,09:50,26 thg 4,55m,"Đà Lạt (DLI)
Sân bay Liên Khương",,,09-04-2025
DLI0108,Vietnam Airlines,1.258.740 VND/khách,12:05,26 thg 4,13:00,26 thg 4,55m,"Đà Lạt (DLI)
Sân bay Liên Khương",,,09-04-2025
DLI0101,Vietnam Airlines,1.671.327 VND/khách,10:15,26 thg 4,11:10,26 thg 4,55m,"Đà Lạt (DLI)
Sân bay Liên Khương",,,09-04-2025
DLI0010,Bamboo Airways,1.085.475 VND/khách,16:45,26 thg 4,17:40,26 thg 4,55m,"Đà Lạt (DLI)
Sân bay Liên Khương",,,10-04-2025
DLI0058,Vietnam Airlines,1.131.867 VND/khách,05:45,26 thg 4,06:40,26 thg 4,55m,"Đà Lạt (DLI)
Sân bay Liên Khương",,,10-04-2025
DLI0130,Vietnam Airlines,1.142.856 VND/khách,21:10,26 thg 4,22:10,26 thg 4,1h 0m,"Đà Lạt (DLI)
Sân bay Liên Khương",,,10-04-2025
DLI0038,VietJet Air,1.167.135 VND/khách,15:35,26 thg 4,16:30,26 thg 4,55m,"Đà Lạt (DLI)
Sân bay Liên Khương",,,10-04-2025
DLI0079,Vietnam Airlines,1.230.768 VND/khách,08:55,26 thg 4,09:50,26 thg 4,55m,"Đà Lạt (DLI)
Sân bay Liên Khương",,,10-04-2025
DLI0108,Vietnam Airlines,1.256.742 VND/khách,12:05,26 thg 4,13:00,26 thg 4,55m,"Đà Lạt (DLI)
Sân bay Liên Khương",,,10-04-2025
DLI0010,Bamboo Airways,1.085.475 VND/khách,16:45,26 thg 4,17:40,26 thg 4,55m,"Đà Lạt (DLI)
Sân bay Liên Khương",,,11-04-2025
DLI0058,Vietnam Airlines,1.133.865 VND/khách,05:45,26 thg 4,06:40,26 thg 4,55m,"Đà Lạt (DLI)
Sân bay Liên Khương",,,11-04-2025
DLI0130,Vietnam Airlines,1.144.854 VND/khách,21:10,26 thg 4,22:10,26 thg 4,1h 0m,"Đà Lạt (DLI)
Sân bay Liên Khương",,,11-04-2025
DLI0079,Vietnam Airlines,1.233.765 VND/khách,08:55,26 thg 4,09:50,26 thg 4,55m,"Đà Lạt (DLI)
Sân bay Liên Khương",,,11-04-2025
DLI0108,Vietnam Airlines,1.258.740 VND/khách,12:05,26 thg 4,13:00,26 thg 4,55m,"Đà Lạt (DLI)
Sân bay Liên Khương",,,11-04-2025
DLI0038,VietJet Air,1.275.590 VND/khách,15:35,26 thg 4,16:30,26 thg 4,55m,"Đà Lạt (DLI)
Sân bay Liên Khương",,,11-04-2025
DLI0010,Bamboo Airways,1.080.048 VND/khách,16:45,26 thg 4,17:40,26 thg 4,55m,"Đà Lạt (DLI)
Sân bay Liên Khương",Hành lý 0 kg,Hành lý xách tay 7 kg,12-04-2025
DLI0058,Vietnam Airlines,1.133.865 VND/khách,05:45,26 thg 4,06:40,26 thg 4,55m,"Đà Lạt (DLI)
Sân bay Liên Khương",Hành lý 23 kg,Hành lý xách tay 1 x 12 kg,12-04-2025
DLI0130,Vietnam Airlines,1.144.854 VND/khách,21:10,26 thg 4,22:10,26 thg 4,1h 0m,"Đà Lạt (DLI)
Sân bay Liên Khương",Hành lý 23 kg,Hành lý xách tay 1 x 12 kg,12-04-2025
DLI0108,Vietnam Airlines,1.259.739 VND/khách,12:05,26 thg 4,13:00,26 thg 4,55m,"Đà Lạt (DLI)
Sân bay Liên Khương",Hành lý 23 kg,Hành lý xách tay 1 x 12 kg,12-04-2025
DLI0079,Vietnam Airlines,1.277.721 VND/khách,08:55,26 thg 4,09:50,26 thg 4,55m,"Đà Lạt (DLI)
Sân bay Liên Khương",Hành lý 23 kg,Hành lý xách tay 1 x 12 kg,12-04-2025
DLI0038,VietJet Air,1.309.000 VND/khách,15:35,26 thg 4,16:30,26 thg 4,55m,"Đà Lạt (DLI)
Sân bay Liên Khương",Hành lý 0 kg,Hành lý xách tay 7 kg,12-04-2025
DLI0010,Bamboo Airways,1.080.048 VND/khách,16:45,26 thg 4,17:40,26 thg 4,55m,"Đà Lạt (DLI)
Sân bay Liên Khương",Hành lý 0 kg,Hành lý xách tay 7 kg,13-04-2025
DLI0058,Vietnam Airlines,1.134.864 VND/khách,05:45,26 thg 4,06:40,26 thg 4,55m,"Đà Lạt (DLI)
Sân bay Liên Khương",Hành lý 23 kg,Hành lý xách tay 1 x 12 kg,13-04-2025
DLI0130,Vietnam Airlines,1.145.853 VND/khách,21:10,26 thg 4,22:10,26 thg 4,1h 0m,"Đà Lạt (DLI)
Sân bay Liên Khương",Hành lý 23 kg,Hành lý xách tay 1 x 12 kg,13-04-2025
DLI0108,Vietnam Airlines,1.260.738 VND/khách,12:05,26 thg 4,13:00,26 thg 4,55m,"Đà Lạt (DLI)
Sân bay Liên Khương",Hành lý 23 kg,Hành lý xách tay 1 x 12 kg,13-04-2025
DLI0079,Vietnam Airlines,1.279.719 VND/khách,08:55,26 thg 4,09:50,26 thg 4,55m,"Đà Lạt (DLI)
Sân bay Liên Khương",Hành lý 23 kg,Hành lý xách tay 1 x 12 kg,13-04-2025
DLI0038,VietJet Air,1.303.450 VND/khách,15:35,26 thg 4,16:30,26 thg 4,55m,"Đà Lạt (DLI)
Sân bay Liên Khương",Hành lý 0 kg,Hành lý xách tay 7 kg,13-04-2025
DLI0058,Vietnam Airlines,1.134.864 VND/khách,05:45,26 thg 4,06:40,26 thg 4,55m,"Đà Lạt (DLI)
Sân bay Liên Khương",Hành lý 23 kg,Hành lý xách tay 1 x 12 kg,14-04-2025
DLI0010,Bamboo Airways,1.080.048 VND/khách,16:45,26 thg 4,17:40,26 thg 4,55m,"Đà Lạt (DLI)
Sân bay Liên Khương",Hành lý 0 kg,Hành lý xách tay 7 kg,14-04-2025
DLI0130,Vietnam Airlines,1.145.853 VND/khách,21:10,26 thg 4,22:10,26 thg 4,1h 0m,"Đà Lạt (DLI)
Sân bay Liên Khương",Hành lý 23 kg,Hành lý xách tay 1 x 12 kg,14-04-2025
DLI0108,Vietnam Airlines,1.260.738 VND/khách,12:05,26 thg 4,13:00,26 thg 4,55m,"Đà Lạt (DLI)
Sân bay Liên Khương",Hành lý 23 kg,Hành lý xách tay 1 x 12 kg,14-04-2025
DLI0079,Vietnam Airlines,1.275.723 VND/khách,08:55,26 thg 4,09:50,26 thg 4,55m,"Đà Lạt (DLI)
Sân bay Liên Khương",Hành lý 23 kg,Hành lý xách tay 1 x 12 kg,14-04-2025
DLI0038,VietJet Air,1.281.788 VND/khách,15:35,26 thg 4,16:30,26 thg 4,55m,"Đà Lạt (DLI)
Sân bay Liên Khương",Hành lý 0 kg,Hành lý xách tay 7 kg,14-04-2025
DLI0058,Vietnam Airlines,1.137.861 VND/khách,05:45,26 thg 4,06:40,26 thg 4,55m,"Đà Lạt (DLI)
Sân bay Liên Khương",,,15-04-2025
DLI0010,Bamboo Airways,1.080.048 VND/khách,16:45,26 thg 4,17:40,26 thg 4,55m,"Đà Lạt (DLI)
Sân bay Liên Khương",,,15-04-2025
DLI0130,Vietnam Airlines,1.148.850 VND/khách,21:10,26 thg 4,22:10,26 thg 4,1h 0m,"Đà Lạt (DLI)
Sân bay Liên Khương",,,15-04-2025
DLI0108,Vietnam Airlines,1.263.735 VND/khách,12:05,26 thg 4,13:00,26 thg 4,55m,"Đà Lạt (DLI)
Sân bay Liên Khương",,,15-04-2025
DLI0079,Vietnam Airlines,1.277.721 VND/khách,08:55,26 thg 4,09:50,26 thg 4,55m,"Đà Lạt (DLI)
Sân bay Liên Khương",,,15-04-2025
DLI0038,VietJet Air,1.284.780 VND/khách,15:35,26 thg 4,16:30,26 thg 4,55m,"Đà Lạt (DLI)
Sân bay Liên Khương",,,15-04-2025
DLI0058,Vietnam Airlines,1.152.900 VND/khách,05:45,26 thg 4,06:40,26 thg 4,55m,"Đà Lạt (DLI)
Sân bay Liên Khương",Hành lý 23 kg,Hành lý xách tay 1 x 12 kg,16-04-2025
DLI0010,Bamboo Airways,1.111.950 VND/khách,16:45,26 thg 4,17:40,26 thg 4,55m,"Đà Lạt (DLI)
Sân bay Liên Khương",Hành lý 0 kg,Hành lý xách tay 7 kg,16-04-2025
DLI0130,Vietnam Airlines,1.152.900 VND/khách,21:10,26 thg 4,22:10,26 thg 4,1h 0m,"Đà Lạt (DLI)
Sân bay Liên Khương",Hành lý 23 kg,Hành lý xách tay 1 x 12 kg,16-04-2025
DLI0079,Vietnam Airlines,1.266.300 VND/khách,08:55,26 thg 4,09:50,26 thg 4,55m,"Đà Lạt (DLI)
Sân bay Liên Khương",Hành lý 23 kg,Hành lý xách tay 1 x 12 kg,16-04-2025
DLI0038,VietJet Air,1.327.929 VND/khách,15:35,26 thg 4,16:30,26 thg 4,55m,"Đà Lạt (DLI)
Sân bay Liên Khương",Hành lý 0 kg,Hành lý xách tay 7 kg,16-04-2025
DLI0108,Vietnam Airlines,1.379.700 VND/khách,12:05,26 thg 4,13:00,26 thg 4,55m,"Đà Lạt (DLI)
Sân bay Liên Khương",Hành lý 23 kg,Hành lý xách tay 1 x 12 kg,16-04-2025
DLI0130,Vietnam Airlines,1.141.027 VND/khách,21:10,26 thg 4,22:10,26 thg 4,1h 0m,"Đà Lạt (DLI)
Sân bay Liên Khương",Hành lý 23 kg,Hành lý xách tay 1 x 12 kg,17-04-2025
DLI0010,Bamboo Airways,1.080.048 VND/khách,16:45,26 thg 4,17:40,26 thg 4,55m,"Đà Lạt (DLI)
Sân bay Liên Khương",Hành lý 0 kg,Hành lý xách tay 7 kg,17-04-2025
DLI0038,VietJet Air,1.284.780 VND/khách,15:35,26 thg 4,16:30,26 thg 4,55m,"Đà Lạt (DLI)
Sân bay Liên Khương",Hành lý 0 kg,Hành lý xách tay 7 kg,17-04-2025
DLI0010,Bamboo Airways,1.262.257 VND/khách,16:45,26 thg 4,17:40,26 thg 4,55m,"Đà Lạt (DLI)
Sân bay Liên Khương",Hành lý 0 kg,Hành lý xách tay 7 kg,23-04-2025
DLI0130,Vietnam Airlines,1.265.733 VND/khách,21:10,26 thg 4,22:10,26 thg 4,1h 0m,"Đà Lạt (DLI)
Sân bay Liên Khương",Hành lý 23 kg,Hành lý xách tay 1 x 12 kg,23-04-2025
DLI0038,VietJet Air,1.316.700 VND/khách,15:35,26 thg 4,16:30,26 thg 4,55m,"Đà Lạt (DLI)
Sân bay Liên Khương",Hành lý 0 kg,Hành lý xách tay 7 kg,23-04-2025
DLI0058,Vietnam Airlines,1.987.011 VND/khách,05:45,26 thg 4,06:40,26 thg 4,55m,"Đà Lạt (DLI)
Sân bay Liên Khương",Hành lý 23 kg,Hành lý xách tay 1 x 12 kg,23-04-2025
DLI0108,Vietnam Airlines,2.045.827 VND/khách,12:05,26 thg 4,13:00,26 thg 4,55m,"Đà Lạt (DLI)
Sân bay Liên Khương",Hành lý 23 kg,Hành lý xách tay 1 x 12 kg,23-04-2025
DLI0010,Bamboo Airways,1.132.443 VND/khách,16:45,26 thg 4,17:40,26 thg 4,55m,"Đà Lạt (DLI)
Sân bay Liên Khương",,,24-04-2025
DLI0130,Vietnam Airlines,1.260.738 VND/khách,21:10,26 thg 4,22:10,26 thg 4,1h 0m,"Đà Lạt (DLI)
Sân bay Liên Khương",,,24-04-2025
DLI0038,VietJet Air,1.318.695 VND/khách,15:35,26 thg 4,16:30,26 thg 4,55m,"Đà Lạt (DLI)
Sân bay Liên Khương",,,24-04-2025
DLI0108,Vietnam Airlines,1.977.021 VND/khách,12:05,26 thg 4,13:00,26 thg 4,55m,"Đà Lạt (DLI)
Sân bay Liên Khương",,,24-04-2025
DLI0010,Bamboo Airways,1.277.903 VND/khách,16:45,26 thg 4,17:40,26 thg 4,55m,"Đà Lạt (DLI)
Sân bay Liên Khương",Hành lý 0 kg,Hành lý xách tay 7 kg,25-04-2025
DLI0130,Vietnam Airlines,1.265.733 VND/khách,21:10,26 thg 4,22:10,26 thg 4,1h 0m,"Đà Lạt (DLI)
Sân bay Liên Khương",Hành lý 23 kg,Hành lý xách tay 1 x 12 kg,25-04-2025
DLI0038,VietJet Air,1.316.700 VND/khách,15:35,26 thg 4,16:30,26 thg 4,55m,"Đà Lạt (DLI)
Sân bay Liên Khương",Hành lý 0 kg,Hành lý xách tay 7 kg,25-04-2025
DLI0058,Vietnam Airlines,1.983.015 VND/khách,05:45,26 thg 4,06:40,26 thg 4,55m,"Đà Lạt (DLI)
Sân bay Liên Khương",Hành lý 23 kg,Hành lý xách tay 1 x 12 kg,25-04-2025
DLI0039,VietJet Air,828.835 VND/khách,15:35,27 thg 4,16:30,27 thg 4,55m,"Đà Lạt (DLI)
Sân bay Liên Khương",,,07-04-2025
DLI0059,Vietnam Airlines,922.704 VND/khách,05:45,27 thg 4,06:40,27 thg 4,55m,"Đà Lạt (DLI)
Sân bay Liên Khương",,,07-04-2025
DLI0080,Vietnam Airlines,922.704 VND/khách,08:55,27 thg 4,09:50,27 thg 4,55m,"Đà Lạt (DLI)
Sân bay Liên Khương",,,07-04-2025
DLI0121,Vietnam Airlines,922.704 VND/khách,20:10,27 thg 4,21:05,27 thg 4,55m,"Đà Lạt (DLI)
Sân bay Liên Khương",,,07-04-2025
DLI0131,Vietnam Airlines,922.704 VND/khách,21:10,27 thg 4,22:10,27 thg 4,1h 0m,"Đà Lạt (DLI)
Sân bay Liên Khương",,,07-04-2025
DLI0102,Vietnam Airlines,1.359.229 VND/khách,10:15,27 thg 4,11:10,27 thg 4,55m,"Đà Lạt (DLI)
Sân bay Liên Khương",,,07-04-2025
DLI0039,VietJet Air,822.711 VND/khách,15:35,27 thg 4,16:30,27 thg 4,55m,"Đà Lạt (DLI)
Sân bay Liên Khương",,,08-04-2025
DLI0059,Vietnam Airlines,922.704 VND/khách,05:45,27 thg 4,06:40,27 thg 4,55m,"Đà Lạt (DLI)
Sân bay Liên Khương",,,08-04-2025
DLI0121,Vietnam Airlines,922.704 VND/khách,20:10,27 thg 4,21:05,27 thg 4,55m,"Đà Lạt (DLI)
Sân bay Liên Khương",,,08-04-2025
DLI0131,Vietnam Airlines,922.704 VND/khách,21:10,27 thg 4,22:10,27 thg 4,1h 0m,"Đà Lạt (DLI)
Sân bay Liên Khương",,,08-04-2025
DLI0080,Vietnam Airlines,1.135.794 VND/khách,08:55,27 thg 4,09:50,27 thg 4,55m,"Đà Lạt (DLI)
Sân bay Liên Khương",,,08-04-2025
DLI0102,Vietnam Airlines,1.247.511 VND/khách,10:15,27 thg 4,11:10,27 thg 4,55m,"Đà Lạt (DLI)
Sân bay Liên Khương",,,08-04-2025
DLI0131,Vietnam Airlines,934.065 VND/khách,21:10,27 thg 4,22:10,27 thg 4,1h 0m,"Đà Lạt (DLI)
Sân bay Liên Khương",,,09-04-2025
DLI0059,Vietnam Airlines,938.061 VND/khách,05:45,27 thg 4,06:40,27 thg 4,55m,"Đà Lạt (DLI)
Sân bay Liên Khương",,,09-04-2025
DLI0121,Vietnam Airlines,938.061 VND/khách,20:10,27 thg 4,21:05,27 thg 4,55m,"Đà Lạt (DLI)
Sân bay Liên Khương",,,09-04-2025
DLI0039,VietJet Air,1.066.640 VND/khách,15:35,27 thg 4,16:30,27 thg 4,55m,"Đà Lạt (DLI)
Sân bay Liên Khương",,,09-04-2025
DLI0080,Vietnam Airlines,1.144.854 VND/khách,08:55,27 thg 4,09:50,27 thg 4,55m,"Đà Lạt (DLI)
Sân bay Liên Khương",,,09-04-2025
DLI0102,Vietnam Airlines,1.266.732 VND/khách,10:15,27 thg 4,11:10,27 thg 4,55m,"Đà Lạt (DLI)
Sân bay Liên Khương",,,09-04-2025
DLI0059,Vietnam Airlines,943.056 VND/khách,05:45,27 thg 4,06:40,27 thg 4,55m,"Đà Lạt (DLI)
Sân bay Liên Khương",,,10-04-2025
DLI0121,Vietnam Airlines,943.056 VND/khách,20:10,27 thg 4,21:05,27 thg 4,55m,"Đà Lạt (DLI)
Sân bay Liên Khương",,,10-04-2025
DLI0131,Vietnam Airlines,943.056 VND/khách,21:10,27 thg 4,22:10,27 thg 4,1h 0m,"Đà Lạt (DLI)
Sân bay Liên Khương",,,10-04-2025
DLI0080,Vietnam Airlines,1.141.857 VND/khách,08:55,27 thg 4,09:50,27 thg 4,55m,"Đà Lạt (DLI)
Sân bay Liên Khương",,,10-04-2025
DLI0039,VietJet Air,1.168.130 VND/khách,15:35,27 thg 4,16:30,27 thg 4,55m,"Đà Lạt (DLI)
Sân bay Liên Khương",,,10-04-2025
DLI0102,Vietnam Airlines,1.263.735 VND/khách,10:15,27 thg 4,11:10,27 thg 4,55m,"Đà Lạt (DLI)
Sân bay Liên Khương",,,10-04-2025
DLI0059,Vietnam Airlines,944.055 VND/khách,05:45,27 thg 4,06:40,27 thg 4,55m,"Đà Lạt (DLI)
Sân bay Liên Khương",,,11-04-2025
DLI0121,Vietnam Airlines,944.055 VND/khách,20:10,27 thg 4,21:05,27 thg 4,55m,"Đà Lạt (DLI)
Sân bay Liên Khương",,,11-04-2025
DLI0131,Vietnam Airlines,944.055 VND/khách,21:10,27 thg 4,22:10,27 thg 4,1h 0m,"Đà Lạt (DLI)
Sân bay Liên Khương",,,11-04-2025
DLI0080,Vietnam Airlines,1.154.844 VND/khách,08:55,27 thg 4,09:50,27 thg 4,55m,"Đà Lạt (DLI)
Sân bay Liên Khương",,,11-04-2025
DLI0102,Vietnam Airlines,1.257.741 VND/khách,10:15,27 thg 4,11:10,27 thg 4,55m,"Đà Lạt (DLI)
Sân bay Liên Khương",,,11-04-2025
DLI0039,VietJet Air,1.275.590 VND/khách,15:35,27 thg 4,16:30,27 thg 4,55m,"Đà Lạt (DLI)
Sân bay Liên Khương",,,11-04-2025
DLI0059,Vietnam Airlines,945.054 VND/khách,05:45,27 thg 4,06:40,27 thg 4,55m,"Đà Lạt (DLI)
Sân bay Liên Khương",Hành lý 0 kg,Hành lý xách tay 1 x 12 kg,12-04-2025
DLI0121,Vietnam Airlines,945.054 VND/khách,20:10,27 thg 4,21:05,27 thg 4,55m,"Đà Lạt (DLI)
Sân bay Liên Khương",Hành lý 0 kg,Hành lý xách tay 1 x 12 kg,12-04-2025
DLI0131,Vietnam Airlines,945.054 VND/khách,21:10,27 thg 4,22:10,27 thg 4,1h 0m,"Đà Lạt (DLI)
Sân bay Liên Khương",Hành lý 0 kg,Hành lý xách tay 1 x 12 kg,12-04-2025
DLI0080,Vietnam Airlines,1.155.843 VND/khách,08:55,27 thg 4,09:50,27 thg 4,55m,"Đà Lạt (DLI)
Sân bay Liên Khương",Hành lý 23 kg,Hành lý xách tay 1 x 12 kg,12-04-2025
DLI0102,Vietnam Airlines,1.259.739 VND/khách,10:15,27 thg 4,11:10,27 thg 4,55m,"Đà Lạt (DLI)
Sân bay Liên Khương",Hành lý 23 kg,Hành lý xách tay 1 x 12 kg,12-04-2025
DLI0039,VietJet Air,1.309.000 VND/khách,15:35,27 thg 4,16:30,27 thg 4,55m,"Đà Lạt (DLI)
Sân bay Liên Khương",Hành lý 0 kg,Hành lý xách tay 7 kg,12-04-2025
DLI0121,Vietnam Airlines,947.052 VND/khách,20:10,27 thg 4,21:05,27 thg 4,55m,"Đà Lạt (DLI)
Sân bay Liên Khương",Hành lý 0 kg,Hành lý xách tay 1 x 12 kg,13-04-2025
DLI0131,Vietnam Airlines,951.048 VND/khách,21:10,27 thg 4,22:10,27 thg 4,1h 0m,"Đà Lạt (DLI)
Sân bay Liên Khương",Hành lý 0 kg,Hành lý xách tay 1 x 12 kg,13-04-2025
DLI0059,Vietnam Airlines,957.941 VND/khách,05:45,27 thg 4,06:40,27 thg 4,55m,"Đà Lạt (DLI)
Sân bay Liên Khương",Hành lý 0 kg,Hành lý xách tay 1 x 12 kg,13-04-2025
DLI0080,Vietnam Airlines,1.171.827 VND/khách,08:55,27 thg 4,09:50,27 thg 4,55m,"Đà Lạt (DLI)
Sân bay Liên Khương",Hành lý 23 kg,Hành lý xách tay 1 x 12 kg,13-04-2025
DLI0039,VietJet Air,1.307.430 VND/khách,15:35,27 thg 4,16:30,27 thg 4,55m,"Đà Lạt (DLI)
Sân bay Liên Khương",Hành lý 0 kg,Hành lý xách tay 7 kg,13-04-2025
DLI0102,Vietnam Airlines,1.359.360 VND/khách,10:15,27 thg 4,11:10,27 thg 4,55m,"Đà Lạt (DLI)
Sân bay Liên Khương",Hành lý 23 kg,Hành lý xách tay 1 x 12 kg,13-04-2025
DLI0121,Vietnam Airlines,978.021 VND/khách,20:10,27 thg 4,21:05,27 thg 4,55m,"Đà Lạt (DLI)
Sân bay Liên Khương",Hành lý 0 kg,Hành lý xách tay 1 x 12 kg,14-04-2025
DLI0131,Vietnam Airlines,978.021 VND/khách,21:10,27 thg 4,22:10,27 thg 4,1h 0m,"Đà Lạt (DLI)
Sân bay Liên Khương",Hành lý 0 kg,Hành lý xách tay 1 x 12 kg,14-04-2025
DLI0059,Vietnam Airlines,1.161.837 VND/khách,05:45,27 thg 4,06:40,27 thg 4,55m,"Đà Lạt (DLI)
Sân bay Liên Khương",Hành lý 23 kg,Hành lý xách tay 1 x 12 kg,14-04-2025
DLI0080,Vietnam Airlines,1.161.837 VND/khách,08:55,27 thg 4,09:50,27 thg 4,55m,"Đà Lạt (DLI)
Sân bay Liên Khương",Hành lý 23 kg,Hành lý xách tay 1 x 12 kg,14-04-2025
DLI0039,VietJet Air,1.278.795 VND/khách,15:35,27 thg 4,16:30,27 thg 4,55m,"Đà Lạt (DLI)
Sân bay Liên Khương",Hành lý 0 kg,Hành lý xách tay 7 kg,14-04-2025
DLI0121,Vietnam Airlines,982.017 VND/khách,20:10,27 thg 4,21:05,27 thg 4,55m,"Đà Lạt (DLI)
Sân bay Liên Khương",,,15-04-2025
DLI0131,Vietnam Airlines,982.017 VND/khách,21:10,27 thg 4,22:10,27 thg 4,1h 0m,"Đà Lạt (DLI)
Sân bay Liên Khương",,,15-04-2025
DLI0059,Vietnam Airlines,1.163.835 VND/khách,05:45,27 thg 4,06:40,27 thg 4,55m,"Đà Lạt (DLI)
Sân bay Liên Khương",,,15-04-2025
DLI0080,Vietnam Airlines,1.163.835 VND/khách,08:55,27 thg 4,09:50,27 thg 4,55m,"Đà Lạt (DLI)
Sân bay Liên Khương",,,15-04-2025
DLI0039,VietJet Air,1.286.775 VND/khách,15:35,27 thg 4,16:30,27 thg 4,55m,"Đà Lạt (DLI)
Sân bay Liên Khương",,,15-04-2025
DLI0121,Vietnam Airlines,971.250 VND/khách,20:10,27 thg 4,21:05,27 thg 4,55m,"Đà Lạt (DLI)
Sân bay Liên Khương",Hành lý 0 kg,Hành lý xách tay 1 x 12 kg,16-04-2025
DLI0131,Vietnam Airlines,971.250 VND/khách,21:10,27 thg 4,22:10,27 thg 4,1h 0m,"Đà Lạt (DLI)
Sân bay Liên Khương",Hành lý 0 kg,Hành lý xách tay 1 x 12 kg,16-04-2025
DLI0059,Vietnam Airlines,1.152.900 VND/khách,05:45,27 thg 4,06:40,27 thg 4,55m,"Đà Lạt (DLI)
Sân bay Liên Khương",Hành lý 23 kg,Hành lý xách tay 1 x 12 kg,16-04-2025
DLI0080,Vietnam Airlines,1.152.900 VND/khách,08:55,27 thg 4,09:50,27 thg 4,55m,"Đà Lạt (DLI)
Sân bay Liên Khương",Hành lý 23 kg,Hành lý xách tay 1 x 12 kg,16-04-2025
DLI0039,VietJet Air,1.327.929 VND/khách,15:35,27 thg 4,16:30,27 thg 4,55m,"Đà Lạt (DLI)
Sân bay Liên Khương",Hành lý 0 kg,Hành lý xách tay 7 kg,16-04-2025
DLI0121,Vietnam Airlines,984.015 VND/khách,20:10,27 thg 4,21:05,27 thg 4,55m,"Đà Lạt (DLI)
Sân bay Liên Khương",Hành lý 0 kg,Hành lý xách tay 1 x 12 kg,17-04-2025
DLI0131,Vietnam Airlines,984.015 VND/khách,21:10,27 thg 4,22:10,27 thg 4,1h 0m,"Đà Lạt (DLI)
Sân bay Liên Khương",Hành lý 0 kg,Hành lý xách tay 1 x 12 kg,17-04-2025
DLI0059,Vietnam Airlines,1.141.027 VND/khách,05:45,27 thg 4,06:40,27 thg 4,55m,"Đà Lạt (DLI)
Sân bay Liên Khương",Hành lý 23 kg,Hành lý xách tay 1 x 12 kg,17-04-2025
DLI0080,Vietnam Airlines,1.141.027 VND/khách,08:55,27 thg 4,09:50,27 thg 4,55m,"Đà Lạt (DLI)
Sân bay Liên Khương",Hành lý 23 kg,Hành lý xách tay 1 x 12 kg,17-04-2025
DLI0039,VietJet Air,1.284.780 VND/khách,15:35,27 thg 4,16:30,27 thg 4,55m,"Đà Lạt (DLI)
Sân bay Liên Khương",Hành lý 0 kg,Hành lý xách tay 7 kg,17-04-2025
DLI0059,Vietnam Airlines,1.280.718 VND/khách,05:45,27 thg 4,06:40,27 thg 4,55m,"Đà Lạt (DLI)
Sân bay Liên Khương",Hành lý 23 kg,Hành lý xách tay 1 x 12 kg,23-04-2025
DLI0039,VietJet Air,1.316.700 VND/khách,15:35,27 thg 4,16:30,27 thg 4,55m,"Đà Lạt (DLI)
Sân bay Liên Khương",Hành lý 0 kg,Hành lý xách tay 7 kg,23-04-2025
DLI0080,Vietnam Airlines,1.486.512 VND/khách,08:55,27 thg 4,09:50,27 thg 4,55m,"Đà Lạt (DLI)
Sân bay Liên Khương",Hành lý 23 kg,Hành lý xách tay 1 x 12 kg,23-04-2025
DLI0121,Vietnam Airlines,1.523.475 VND/khách,20:10,27 thg 4,21:05,27 thg 4,55m,"Đà Lạt (DLI)
Sân bay Liên Khương",Hành lý 23 kg,Hành lý xách tay 1 x 12 kg,23-04-2025
DLI0106,Vietnam Airlines,1.710.288 VND/khách,10:30,27 thg 4,11:25,27 thg 4,55m,"Đà Lạt (DLI)
Sân bay Liên Khương",Hành lý 23 kg,Hành lý xách tay 1 x 12 kg,23-04-2025
DLI0109,Vietnam Airlines,1.295.154 VND/khách,12:05,27 thg 4,13:00,27 thg 4,55m,"Đà Lạt (DLI)
Sân bay Liên Khương",,,24-04-2025
DLI0039,VietJet Air,1.318.695 VND/khách,15:35,27 thg 4,16:30,27 thg 4,55m,"Đà Lạt (DLI)
Sân bay Liên Khương",,,24-04-2025
DLI0059,Vietnam Airlines,1.364.877 VND/khách,05:45,27 thg 4,06:40,27 thg 4,55m,"Đà Lạt (DLI)
Sân bay Liên Khương",,,24-04-2025
DLI0121,Vietnam Airlines,1.652.346 VND/khách,20:10,27 thg 4,21:05,27 thg 4,55m,"Đà Lạt (DLI)
Sân bay Liên Khương",,,24-04-2025
DLI0106,Vietnam Airlines,1.854.144 VND/khách,10:30,27 thg 4,11:25,27 thg 4,55m,"Đà Lạt (DLI)
Sân bay Liên Khương",,,24-04-2025
DLI0039,VietJet Air,1.316.700 VND/khách,15:35,27 thg 4,16:30,27 thg 4,55m,"Đà Lạt (DLI)
Sân bay Liên Khương",Hành lý 0 kg,Hành lý xách tay 7 kg,25-04-2025
DLI0059,Vietnam Airlines,1.393.605 VND/khách,05:45,27 thg 4,06:40,27 thg 4,55m,"Đà Lạt (DLI)
Sân bay Liên Khương",Hành lý 23 kg,Hành lý xách tay 1 x 12 kg,25-04-2025
DLI0109,Vietnam Airlines,1.505.493 VND/khách,12:05,27 thg 4,13:00,27 thg 4,55m,"Đà Lạt (DLI)
Sân bay Liên Khương",Hành lý 23 kg,Hành lý xách tay 1 x 12 kg,25-04-2025
DLI0121,Vietnam Airlines,1.710.288 VND/khách,20:10,27 thg 4,21:05,27 thg 4,55m,"Đà Lạt (DLI)
Sân bay Liên Khương",Hành lý 23 kg,Hành lý xách tay 1 x 12 kg,25-04-2025
DLI0106,Vietnam Airlines,1.979.019 VND/khách,10:30,27 thg 4,11:25,27 thg 4,55m,"Đà Lạt (DLI)
Sân bay Liên Khương",Hành lý 23 kg,Hành lý xách tay 1 x 12 kg,25-04-2025
DLI0040,VietJet Air,822.711 VND/khách,15:35,28 thg 4,16:30,28 thg 4,55m,"Đà Lạt (DLI)
Sân bay Liên Khương",,,08-04-2025
DLI0060,Vietnam Airlines,922.704 VND/khách,05:45,28 thg 4,06:40,28 thg 4,55m,"Đà Lạt (DLI)
Sân bay Liên Khương",,,08-04-2025
DLI0081,Vietnam Airlines,922.704 VND/khách,08:55,28 thg 4,09:50,28 thg 4,55m,"Đà Lạt (DLI)
Sân bay Liên Khương",,,08-04-2025
DLI0132,Vietnam Airlines,1.135.794 VND/khách,21:10,28 thg 4,22:10,28 thg 4,1h 0m,"Đà Lạt (DLI)
Sân bay Liên Khương",,,08-04-2025
DLI0103,Vietnam Airlines,1.255.743 VND/khách,10:15,28 thg 4,11:10,28 thg 4,55m,"Đà Lạt (DLI)
Sân bay Liên Khương",,,08-04-2025
DLI0060,Vietnam Airlines,938.061 VND/khách,05:45,28 thg 4,06:40,28 thg 4,55m,"Đà Lạt (DLI)
Sân bay Liên Khương",,,09-04-2025
DLI0081,Vietnam Airlines,938.061 VND/khách,08:55,28 thg 4,09:50,28 thg 4,55m,"Đà Lạt (DLI)
Sân bay Liên Khương",,,09-04-2025
DLI0040,VietJet Air,1.044.750 VND/khách,15:35,28 thg 4,16:30,28 thg 4,55m,"Đà Lạt (DLI)
Sân bay Liên Khương",,,09-04-2025
DLI0132,Vietnam Airlines,1.133.865 VND/khách,21:10,28 thg 4,22:10,28 thg 4,1h 0m,"Đà Lạt (DLI)
Sân bay Liên Khương",,,09-04-2025
DLI0103,Vietnam Airlines,1.381.617 VND/khách,10:15,28 thg 4,11:10,28 thg 4,55m,"Đà Lạt (DLI)
Sân bay Liên Khương",,,09-04-2025
DLI0081,Vietnam Airlines,938.061 VND/khách,08:55,28 thg 4,09:50,28 thg 4,55m,"Đà Lạt (DLI)
Sân bay Liên Khương",,,10-04-2025
DLI0060,Vietnam Airlines,948.051 VND/khách,05:45,28 thg 4,06:40,28 thg 4,55m,"Đà Lạt (DLI)
Sân bay Liên Khương",,,10-04-2025
DLI0040,VietJet Air,1.142.260 VND/khách,15:35,28 thg 4,16:30,28 thg 4,55m,"Đà Lạt (DLI)
Sân bay Liên Khương",,,10-04-2025
DLI0132,Vietnam Airlines,1.154.844 VND/khách,21:10,28 thg 4,22:10,28 thg 4,1h 0m,"Đà Lạt (DLI)
Sân bay Liên Khương",,,10-04-2025
DLI0103,Vietnam Airlines,1.379.619 VND/khách,10:15,28 thg 4,11:10,28 thg 4,55m,"Đà Lạt (DLI)
Sân bay Liên Khương",,,10-04-2025
DLI0081,Vietnam Airlines,936.063 VND/khách,08:55,28 thg 4,09:50,28 thg 4,55m,"Đà Lạt (DLI)
Sân bay Liên Khương",,,11-04-2025
DLI0060,Vietnam Airlines,944.055 VND/khách,05:45,28 thg 4,06:40,28 thg 4,55m,"Đà Lạt (DLI)
Sân bay Liên Khương",,,11-04-2025
DLI0132,Vietnam Airlines,1.153.845 VND/khách,21:10,28 thg 4,22:10,28 thg 4,1h 0m,"Đà Lạt (DLI)
Sân bay Liên Khương",,,11-04-2025
DLI0040,VietJet Air,1.274.595 VND/khách,15:35,28 thg 4,16:30,28 thg 4,55m,"Đà Lạt (DLI)
Sân bay Liên Khương",,,11-04-2025
DLI0103,Vietnam Airlines,1.378.620 VND/khách,10:15,28 thg 4,11:10,28 thg 4,55m,"Đà Lạt (DLI)
Sân bay Liên Khương",,,11-04-2025
DLI0060,Vietnam Airlines,957.941 VND/khách,05:45,28 thg 4,06:40,28 thg 4,55m,"Đà Lạt (DLI)
Sân bay Liên Khương",Hành lý 0 kg,Hành lý xách tay 1 x 12 kg,12-04-2025
DLI0081,Vietnam Airlines,957.941 VND/khách,08:55,28 thg 4,09:50,28 thg 4,55m,"Đà Lạt (DLI)
Sân bay Liên Khương",Hành lý 0 kg,Hành lý xách tay 1 x 12 kg,12-04-2025
DLI0132,Vietnam Airlines,1.155.843 VND/khách,21:10,28 thg 4,22:10,28 thg 4,1h 0m,"Đà Lạt (DLI)
Sân bay Liên Khương",Hành lý 23 kg,Hành lý xách tay 1 x 12 kg,12-04-2025
DLI0040,VietJet Air,1.283.000 VND/khách,15:35,28 thg 4,16:30,28 thg 4,55m,"Đà Lạt (DLI)
Sân bay Liên Khương",Hành lý 0 kg,Hành lý xách tay 7 kg,12-04-2025
DLI0103,Vietnam Airlines,1.396.602 VND/khách,10:15,28 thg 4,11:10,28 thg 4,55m,"Đà Lạt (DLI)
Sân bay Liên Khương",Hành lý 23 kg,Hành lý xách tay 1 x 12 kg,12-04-2025
DLI0081,Vietnam Airlines,940.059 VND/khách,08:55,28 thg 4,09:50,28 thg 4,55m,"Đà Lạt (DLI)
Sân bay Liên Khương",Hành lý 0 kg,Hành lý xách tay 1 x 12 kg,13-04-2025
DLI0060,Vietnam Airlines,951.048 VND/khách,05:45,28 thg 4,06:40,28 thg 4,55m,"Đà Lạt (DLI)
Sân bay Liên Khương",Hành lý 0 kg,Hành lý xách tay 1 x 12 kg,13-04-2025
DLI0132,Vietnam Airlines,1.156.842 VND/khách,21:10,28 thg 4,22:10,28 thg 4,1h 0m,"Đà Lạt (DLI)
Sân bay Liên Khương",Hành lý 23 kg,Hành lý xách tay 1 x 12 kg,13-04-2025
DLI0040,VietJet Air,1.308.425 VND/khách,15:35,28 thg 4,16:30,28 thg 4,55m,"Đà Lạt (DLI)
Sân bay Liên Khương",Hành lý 0 kg,Hành lý xách tay 7 kg,13-04-2025
DLI0103,Vietnam Airlines,1.411.137 VND/khách,10:15,28 thg 4,11:10,28 thg 4,55m,"Đà Lạt (DLI)
Sân bay Liên Khương",Hành lý 23 kg,Hành lý xách tay 1 x 12 kg,13-04-2025
DLI0060,Vietnam Airlines,947.052 VND/khách,05:45,28 thg 4,06:40,28 thg 4,55m,"Đà Lạt (DLI)
Sân bay Liên Khương",Hành lý 0 kg,Hành lý xách tay 1 x 12 kg,14-04-2025
DLI0081,Vietnam Airlines,1.160.838 VND/khách,08:55,28 thg 4,09:50,28 thg 4,55m,"Đà Lạt (DLI)
Sân bay Liên Khương",Hành lý 23 kg,Hành lý xách tay 1 x 12 kg,14-04-2025
DLI0132,Vietnam Airlines,1.164.834 VND/khách,21:10,28 thg 4,22:10,28 thg 4,1h 0m,"Đà Lạt (DLI)
Sân bay Liên Khương",Hành lý 23 kg,Hành lý xách tay 1 x 12 kg,14-04-2025
DLI0040,VietJet Air,1.281.788 VND/khách,15:35,28 thg 4,16:30,28 thg 4,55m,"Đà Lạt (DLI)
Sân bay Liên Khương",Hành lý 0 kg,Hành lý xách tay 7 kg,14-04-2025
DLI0060,Vietnam Airlines,982.017 VND/khách,05:45,28 thg 4,06:40,28 thg 4,55m,"Đà Lạt (DLI)
Sân bay Liên Khương",,,15-04-2025
DLI0132,Vietnam Airlines,1.159.839 VND/khách,21:10,28 thg 4,22:10,28 thg 4,1h 0m,"Đà Lạt (DLI)
Sân bay Liên Khương",,,15-04-2025
DLI0081,Vietnam Airlines,1.163.835 VND/khách,08:55,28 thg 4,09:50,28 thg 4,55m,"Đà Lạt (DLI)
Sân bay Liên Khương",,,15-04-2025
DLI0040,VietJet Air,1.284.780 VND/khách,15:35,28 thg 4,16:30,28 thg 4,55m,"Đà Lạt (DLI)
Sân bay Liên Khương",,,15-04-2025
DLI0060,Vietnam Airlines,971.250 VND/khách,05:45,28 thg 4,06:40,28 thg 4,55m,"Đà Lạt (DLI)
Sân bay Liên Khương",Hành lý 0 kg,Hành lý xách tay 1 x 12 kg,16-04-2025
DLI0081,Vietnam Airlines,1.152.900 VND/khách,08:55,28 thg 4,09:50,28 thg 4,55m,"Đà Lạt (DLI)
Sân bay Liên Khương",Hành lý 23 kg,Hành lý xách tay 1 x 12 kg,16-04-2025
DLI0132,Vietnam Airlines,1.266.300 VND/khách,21:10,28 thg 4,22:10,28 thg 4,1h 0m,"Đà Lạt (DLI)
Sân bay Liên Khương",Hành lý 23 kg,Hành lý xách tay 1 x 12 kg,16-04-2025
DLI0040,VietJet Air,1.327.929 VND/khách,15:35,28 thg 4,16:30,28 thg 4,55m,"Đà Lạt (DLI)
Sân bay Liên Khương",Hành lý 0 kg,Hành lý xách tay 7 kg,16-04-2025
DLI0060,Vietnam Airlines,983.016 VND/khách,05:45,28 thg 4,06:40,28 thg 4,55m,"Đà Lạt (DLI)
Sân bay Liên Khương",Hành lý 0 kg,Hành lý xách tay 1 x 12 kg,17-04-2025
DLI0081,Vietnam Airlines,1.141.027 VND/khách,08:55,28 thg 4,09:50,28 thg 4,55m,"Đà Lạt (DLI)
Sân bay Liên Khương",Hành lý 23 kg,Hành lý xách tay 1 x 12 kg,17-04-2025
DLI0040,VietJet Air,1.284.780 VND/khách,15:35,28 thg 4,16:30,28 thg 4,55m,"Đà Lạt (DLI)
Sân bay Liên Khương",Hành lý 0 kg,Hành lý xách tay 7 kg,17-04-2025
DLI0132,Vietnam Airlines,1.365.492 VND/khách,21:10,28 thg 4,22:10,28 thg 4,1h 0m,"Đà Lạt (DLI)
Sân bay Liên Khương",Hành lý 23 kg,Hành lý xách tay 1 x 12 kg,17-04-2025
DLI0060,Vietnam Airlines,1.164.834 VND/khách,05:45,28 thg 4,06:40,28 thg 4,55m,"Đà Lạt (DLI)
Sân bay Liên Khương",Hành lý 23 kg,Hành lý xách tay 1 x 12 kg,23-04-2025
DLI0132,Vietnam Airlines,1.265.733 VND/khách,21:10,28 thg 4,22:10,28 thg 4,1h 0m,"Đà Lạt (DLI)
Sân bay Liên Khương",Hành lý 23 kg,Hành lý xách tay 1 x 12 kg,23-04-2025
DLI0040,VietJet Air,1.326.675 VND/khách,15:35,28 thg 4,16:30,28 thg 4,55m,"Đà Lạt (DLI)
Sân bay Liên Khương",Hành lý 0 kg,Hành lý xách tay 7 kg,23-04-2025
DLI0081,Vietnam Airlines,1.476.756 VND/khách,08:55,28 thg 4,09:50,28 thg 4,55m,"Đà Lạt (DLI)
Sân bay Liên Khương",Hành lý 23 kg,Hành lý xách tay 1 x 12 kg,23-04-2025
DLI0103,Vietnam Airlines,1.930.068 VND/khách,10:15,28 thg 4,11:10,28 thg 4,55m,"Đà Lạt (DLI)
Sân bay Liên Khương",Hành lý 23 kg,Hành lý xách tay 1 x 12 kg,23-04-2025
DLI0060,Vietnam Airlines,1.152.846 VND/khách,05:45,28 thg 4,06:40,28 thg 4,55m,"Đà Lạt (DLI)
Sân bay Liên Khương",,,24-04-2025
DLI0110,Vietnam Airlines,1.249.749 VND/khách,12:05,28 thg 4,13:00,28 thg 4,55m,"Đà Lạt (DLI)
Sân bay Liên Khương",,,24-04-2025
DLI0132,Vietnam Airlines,1.364.877 VND/khách,21:10,28 thg 4,22:10,28 thg 4,1h 0m,"Đà Lạt (DLI)
Sân bay Liên Khương",,,24-04-2025
DLI0040,VietJet Air,1.441.388 VND/khách,15:35,28 thg 4,16:30,28 thg 4,55m,"Đà Lạt (DLI)
Sân bay Liên Khương",,,24-04-2025
DLI0103,Vietnam Airlines,1.897.279 VND/khách,10:15,28 thg 4,11:10,28 thg 4,55m,"Đà Lạt (DLI)
Sân bay Liên Khương",,,24-04-2025
DLI0025,VietJet Air,1.707.420 VND/khách,09:55,29 thg 4,10:50,29 thg 4,55m,"Đà Lạt (DLI)
Sân bay Liên Khương",,,09-04-2025
DLI0041,VietJet Air,1.707.420 VND/khách,15:35,29 thg 4,16:30,29 thg 4,55m,"Đà Lạt (DLI)
Sân bay Liên Khương",,,09-04-2025
DLI0011,Bamboo Airways,1.837.825 VND/khách,16:45,29 thg 4,17:40,29 thg 4,55m,"Đà Lạt (DLI)
Sân bay Liên Khương",,,09-04-2025
DLI0061,Vietnam Airlines,1.929.069 VND/khách,05:45,29 thg 4,06:40,29 thg 4,55m,"Đà Lạt (DLI)
Sân bay Liên Khương",,,09-04-2025
DLI0133,Vietnam Airlines,1.969.029 VND/khách,21:10,29 thg 4,22:10,29 thg 4,1h 0m,"Đà Lạt (DLI)
Sân bay Liên Khương",,,09-04-2025
DLI0082,Vietnam Airlines,1.998.999 VND/khách,08:55,29 thg 4,09:50,29 thg 4,55m,"Đà Lạt (DLI)
Sân bay Liên Khương",,,09-04-2025
DLI0104,Vietnam Airlines,1.998.999 VND/khách,10:15,29 thg 4,11:10,29 thg 4,55m,"Đà Lạt (DLI)
Sân bay Liên Khương",,,09-04-2025
DLI0107,Vietnam Airlines,1.998.999 VND/khách,11:45,29 thg 4,12:40,29 thg 4,55m,"Đà Lạt (DLI)
Sân bay Liên Khương",,,09-04-2025
DLI0011,Bamboo Airways,1.837.825 VND/khách,16:45,29 thg 4,17:40,29 thg 4,55m,"Đà Lạt (DLI)
Sân bay Liên Khương",,,10-04-2025
DLI0025,VietJet Air,1.715.380 VND/khách,09:55,29 thg 4,10:50,29 thg 4,55m,"Đà Lạt (DLI)
Sân bay Liên Khương",,,10-04-2025
DLI0041,VietJet Air,1.715.380 VND/khách,15:35,29 thg 4,16:30,29 thg 4,55m,"Đà Lạt (DLI)
Sân bay Liên Khương",,,10-04-2025
DLI0133,Vietnam Airlines,1.906.092 VND/khách,21:10,29 thg 4,22:10,29 thg 4,1h 0m,"Đà Lạt (DLI)
Sân bay Liên Khương",,,10-04-2025
DLI0061,Vietnam Airlines,1.921.077 VND/khách,05:45,29 thg 4,06:40,29 thg 4,55m,"Đà Lạt (DLI)
Sân bay Liên Khương",,,10-04-2025
DLI0082,Vietnam Airlines,1.984.014 VND/khách,08:55,29 thg 4,09:50,29 thg 4,55m,"Đà Lạt (DLI)
Sân bay Liên Khương",,,10-04-2025
DLI0104,Vietnam Airlines,1.984.014 VND/khách,10:15,29 thg 4,11:10,29 thg 4,55m,"Đà Lạt (DLI)
Sân bay Liên Khương",,,10-04-2025
DLI0011,Bamboo Airways,1.944.425 VND/khách,16:45,29 thg 4,17:40,29 thg 4,55m,"Đà Lạt (DLI)
Sân bay Liên Khương",,,11-04-2025
DLI0025,VietJet Air,1.705.430 VND/khách,09:55,29 thg 4,10:50,29 thg 4,55m,"Đà Lạt (DLI)
Sân bay Liên Khương",,,11-04-2025
DLI0041,VietJet Air,1.705.430 VND/khách,15:35,29 thg 4,16:30,29 thg 4,55m,"Đà Lạt (DLI)
Sân bay Liên Khương",,,11-04-2025
DLI0061,Vietnam Airlines,1.922.076 VND/khách,05:45,29 thg 4,06:40,29 thg 4,55m,"Đà Lạt (DLI)
Sân bay Liên Khương",,,11-04-2025
DLI0082,Vietnam Airlines,1.986.012 VND/khách,08:55,29 thg 4,09:50,29 thg 4,55m,"Đà Lạt (DLI)
Sân bay Liên Khương",,,11-04-2025
DLI0104,Vietnam Airlines,1.986.012 VND/khách,10:15,29 thg 4,11:10,29 thg 4,55m,"Đà Lạt (DLI)
Sân bay Liên Khương",,,11-04-2025
DLI0107,Vietnam Airlines,1.997.001 VND/khách,11:45,29 thg 4,12:40,29 thg 4,55m,"Đà Lạt (DLI)
Sân bay Liên Khương",,,11-04-2025
DLI0011,Bamboo Airways,1.944.425 VND/khách,16:45,29 thg 4,17:40,29 thg 4,55m,"Đà Lạt (DLI)
Sân bay Liên Khương",Hành lý 20 kg,Hành lý xách tay 7 kg,12-04-2025
DLI0025,VietJet Air,1.716.000 VND/khách,09:55,29 thg 4,10:50,29 thg 4,55m,"Đà Lạt (DLI)
Sân bay Liên Khương",Hành lý 0 kg,Hành lý xách tay 7 kg,12-04-2025
DLI0041,VietJet Air,1.716.000 VND/khách,15:35,29 thg 4,16:30,29 thg 4,55m,"Đà Lạt (DLI)
Sân bay Liên Khương",Hành lý 0 kg,Hành lý xách tay 7 kg,12-04-2025
DLI0061,Vietnam Airlines,1.905.983 VND/khách,05:45,29 thg 4,06:40,29 thg 4,55m,"Đà Lạt (DLI)
Sân bay Liên Khương",Hành lý 23 kg,Hành lý xách tay 1 x 12 kg,12-04-2025
DLI0133,Vietnam Airlines,1.964.931 VND/khách,21:10,29 thg 4,22:10,29 thg 4,1h 0m,"Đà Lạt (DLI)
Sân bay Liên Khương",Hành lý 23 kg,Hành lý xách tay 1 x 12 kg,12-04-2025
DLI0082,Vietnam Airlines,1.970.103 VND/khách,08:55,29 thg 4,09:50,29 thg 4,55m,"Đà Lạt (DLI)
Sân bay Liên Khương",Hành lý 23 kg,Hành lý xách tay 1 x 12 kg,12-04-2025
DLI0104,Vietnam Airlines,1.970.103 VND/khách,10:15,29 thg 4,11:10,29 thg 4,55m,"Đà Lạt (DLI)
Sân bay Liên Khương",Hành lý 23 kg,Hành lý xách tay 1 x 12 kg,12-04-2025
DLI0011,Bamboo Airways,1.837.825 VND/khách,16:45,29 thg 4,17:40,29 thg 4,55m,"Đà Lạt (DLI)
Sân bay Liên Khương",Hành lý 20 kg,Hành lý xách tay 7 kg,13-04-2025
DLI0025,VietJet Air,1.709.410 VND/khách,09:55,29 thg 4,10:50,29 thg 4,55m,"Đà Lạt (DLI)
Sân bay Liên Khương",Hành lý 0 kg,Hành lý xách tay 7 kg,13-04-2025
DLI0041,VietJet Air,1.709.410 VND/khách,15:35,29 thg 4,16:30,29 thg 4,55m,"Đà Lạt (DLI)
Sân bay Liên Khương",Hành lý 0 kg,Hành lý xách tay 7 kg,13-04-2025
DLI0061,Vietnam Airlines,1.926.072 VND/khách,05:45,29 thg 4,06:40,29 thg 4,55m,"Đà Lạt (DLI)
Sân bay Liên Khương",Hành lý 23 kg,Hành lý xách tay 1 x 12 kg,13-04-2025
DLI0133,Vietnam Airlines,1.975.023 VND/khách,21:10,29 thg 4,22:10,29 thg 4,1h 0m,"Đà Lạt (DLI)
Sân bay Liên Khương",Hành lý 23 kg,Hành lý xách tay 1 x 12 kg,13-04-2025
DLI0107,Vietnam Airlines,1.999.998 VND/khách,11:45,29 thg 4,12:40,29 thg 4,55m,"Đà Lạt (DLI)
Sân bay Liên Khương",Hành lý 23 kg,Hành lý xách tay 1 x 12 kg,13-04-2025
DLI0104,Vietnam Airlines,2.011.986 VND/khách,10:15,29 thg 4,11:10,29 thg 4,55m,"Đà Lạt (DLI)
Sân bay Liên Khương",Hành lý 23 kg,Hành lý xách tay 1 x 12 kg,13-04-2025
DLI0061,Vietnam Airlines,1.926.072 VND/khách,05:45,29 thg 4,06:40,29 thg 4,55m,"Đà Lạt (DLI)
Sân bay Liên Khương",Hành lý 23 kg,Hành lý xách tay 1 x 12 kg,14-04-2025
DLI0025,VietJet Air,1.690.763 VND/khách,09:55,29 thg 4,10:50,29 thg 4,55m,"Đà Lạt (DLI)
Sân bay Liên Khương",Hành lý 0 kg,Hành lý xách tay 7 kg,14-04-2025
DLI0041,VietJet Air,1.690.763 VND/khách,15:35,29 thg 4,16:30,29 thg 4,55m,"Đà Lạt (DLI)
Sân bay Liên Khương",Hành lý 0 kg,Hành lý xách tay 7 kg,14-04-2025
DLI0011,Bamboo Airways,1.828.636 VND/khách,16:45,29 thg 4,17:40,29 thg 4,55m,"Đà Lạt (DLI)
Sân bay Liên Khương",Hành lý 20 kg,Hành lý xách tay 7 kg,14-04-2025
DLI0107,Vietnam Airlines,2.000.997 VND/khách,11:45,29 thg 4,12:40,29 thg 4,55m,"Đà Lạt (DLI)
Sân bay Liên Khương",Hành lý 23 kg,Hành lý xách tay 1 x 12 kg,14-04-2025
DLI0133,Vietnam Airlines,2.000.997 VND/khách,21:10,29 thg 4,22:10,29 thg 4,1h 0m,"Đà Lạt (DLI)
Sân bay Liên Khương",Hành lý 23 kg,Hành lý xách tay 1 x 12 kg,14-04-2025
DLI0104,Vietnam Airlines,2.011.986 VND/khách,10:15,29 thg 4,11:10,29 thg 4,55m,"Đà Lạt (DLI)
Sân bay Liên Khương",Hành lý 23 kg,Hành lý xách tay 1 x 12 kg,14-04-2025
DLI0061,Vietnam Airlines,1.931.067 VND/khách,05:45,29 thg 4,06:40,29 thg 4,55m,"Đà Lạt (DLI)
Sân bay Liên Khương",,,15-04-2025
DLI0025,VietJet Air,1.716.698 VND/khách,09:55,29 thg 4,10:50,29 thg 4,55m,"Đà Lạt (DLI)
Sân bay Liên Khương",,,15-04-2025
DLI0041,VietJet Air,1.716.698 VND/khách,15:35,29 thg 4,16:30,29 thg 4,55m,"Đà Lạt (DLI)
Sân bay Liên Khương",,,15-04-2025
DLI0011,Bamboo Airways,1.934.703 VND/khách,16:45,29 thg 4,17:40,29 thg 4,55m,"Đà Lạt (DLI)
Sân bay Liên Khương",,,15-04-2025
DLI0133,Vietnam Airlines,1.980.018 VND/khách,21:10,29 thg 4,22:10,29 thg 4,1h 0m,"Đà Lạt (DLI)
Sân bay Liên Khương",,,15-04-2025
DLI0107,Vietnam Airlines,2.004.993 VND/khách,11:45,29 thg 4,12:40,29 thg 4,55m,"Đà Lạt (DLI)
Sân bay Liên Khương",,,15-04-2025
DLI0082,Vietnam Airlines,2.008.989 VND/khách,08:55,29 thg 4,09:50,29 thg 4,55m,"Đà Lạt (DLI)
Sân bay Liên Khương",,,15-04-2025
DLI0061,Vietnam Airlines,1.935.150 VND/khách,05:45,29 thg 4,06:40,29 thg 4,55m,"Đà Lạt (DLI)
Sân bay Liên Khương",Hành lý 23 kg,Hành lý xách tay 1 x 12 kg,16-04-2025
DLI0025,VietJet Air,1.740.176 VND/khách,09:55,29 thg 4,10:50,29 thg 4,55m,"Đà Lạt (DLI)
Sân bay Liên Khương",Hành lý 0 kg,Hành lý xách tay 7 kg,16-04-2025
DLI0041,VietJet Air,1.740.176 VND/khách,15:35,29 thg 4,16:30,29 thg 4,55m,"Đà Lạt (DLI)
Sân bay Liên Khương",Hành lý 0 kg,Hành lý xách tay 7 kg,16-04-2025
DLI0011,Bamboo Airways,1.882.650 VND/khách,16:45,29 thg 4,17:40,29 thg 4,55m,"Đà Lạt (DLI)
Sân bay Liên Khương",Hành lý 20 kg,Hành lý xách tay 7 kg,16-04-2025
DLI0082,Vietnam Airlines,2.000.250 VND/khách,08:55,29 thg 4,09:50,29 thg 4,55m,"Đà Lạt (DLI)
Sân bay Liên Khương",Hành lý 23 kg,Hành lý xách tay 1 x 12 kg,16-04-2025
DLI0104,Vietnam Airlines,2.000.250 VND/khách,10:15,29 thg 4,11:10,29 thg 4,55m,"Đà Lạt (DLI)
Sân bay Liên Khương",Hành lý 23 kg,Hành lý xách tay 1 x 12 kg,16-04-2025
DLI0107,Vietnam Airlines,2.000.250 VND/khách,11:45,29 thg 4,12:40,29 thg 4,55m,"Đà Lạt (DLI)
Sân bay Liên Khương",Hành lý 23 kg,Hành lý xách tay 1 x 12 kg,16-04-2025
DLI0061,Vietnam Airlines,1.933.065 VND/khách,05:45,29 thg 4,06:40,29 thg 4,55m,"Đà Lạt (DLI)
Sân bay Liên Khương",Hành lý 23 kg,Hành lý xách tay 1 x 12 kg,17-04-2025
DLI0025,VietJet Air,1.577.048 VND/khách,09:55,29 thg 4,10:50,29 thg 4,55m,"Đà Lạt (DLI)
Sân bay Liên Khương",Hành lý 0 kg,Hành lý xách tay 7 kg,17-04-2025
DLI0041,VietJet Air,1.577.048 VND/khách,15:35,29 thg 4,16:30,29 thg 4,55m,"Đà Lạt (DLI)
Sân bay Liên Khương",Hành lý 0 kg,Hành lý xách tay 7 kg,17-04-2025
DLI0011,Bamboo Airways,1.828.636 VND/khách,16:45,29 thg 4,17:40,29 thg 4,55m,"Đà Lạt (DLI)
Sân bay Liên Khương",Hành lý 20 kg,Hành lý xách tay 7 kg,17-04-2025
DLI0133,Vietnam Airlines,1.980.018 VND/khách,21:10,29 thg 4,22:10,29 thg 4,1h 0m,"Đà Lạt (DLI)
Sân bay Liên Khương",Hành lý 23 kg,Hành lý xách tay 1 x 12 kg,17-04-2025
DLI0107,Vietnam Airlines,2.005.992 VND/khách,11:45,29 thg 4,12:40,29 thg 4,55m,"Đà Lạt (DLI)
Sân bay Liên Khương",Hành lý 23 kg,Hành lý xách tay 1 x 12 kg,17-04-2025
DLI0082,Vietnam Airlines,2.009.988 VND/khách,08:55,29 thg 4,09:50,29 thg 4,55m,"Đà Lạt (DLI)
Sân bay Liên Khương",Hành lý 23 kg,Hành lý xách tay 1 x 12 kg,17-04-2025
DLI0082,Vietnam Airlines,1.583.415 VND/khách,08:55,29 thg 4,09:50,29 thg 4,55m,"Đà Lạt (DLI)
Sân bay Liên Khương",Hành lý 23 kg,Hành lý xách tay 1 x 12 kg,23-04-2025
DLI0025,VietJet Air,1.617.945 VND/khách,09:55,29 thg 4,10:50,29 thg 4,55m,"Đà Lạt (DLI)
Sân bay Liên Khương",Hành lý 0 kg,Hành lý xách tay 7 kg,23-04-2025
DLI0041,VietJet Air,1.845.375 VND/khách,15:35,29 thg 4,16:30,29 thg 4,55m,"Đà Lạt (DLI)
Sân bay Liên Khương",Hành lý 0 kg,Hành lý xách tay 7 kg,23-04-2025
DLI0107,Vietnam Airlines,1.919.079 VND/khách,11:45,29 thg 4,12:40,29 thg 4,55m,"Đà Lạt (DLI)
Sân bay Liên Khương",Hành lý 23 kg,Hành lý xách tay 1 x 12 kg,23-04-2025
DLI0104,Vietnam Airlines,2.015.982 VND/khách,10:15,29 thg 4,11:10,29 thg 4,55m,"Đà Lạt (DLI)
Sân bay Liên Khương",Hành lý 23 kg,Hành lý xách tay 1 x 12 kg,23-04-2025
DLI0011,Bamboo Airways,1.779.553 VND/khách,16:45,29 thg 4,17:40,29 thg 4,55m,"Đà Lạt (DLI)
Sân bay Liên Khương",,,24-04-2025
DLI0082,Vietnam Airlines,1.577.814 VND/khách,08:55,29 thg 4,09:50,29 thg 4,55m,"Đà Lạt (DLI)
Sân bay Liên Khương",,,24-04-2025
DLI0025,VietJet Air,1.612.958 VND/khách,09:55,29 thg 4,10:50,29 thg 4,55m,"Đà Lạt (DLI)
Sân bay Liên Khương",,,24-04-2025
DLI0041,VietJet Air,1.840.388 VND/khách,15:35,29 thg 4,16:30,29 thg 4,55m,"Đà Lạt (DLI)
Sân bay Liên Khương",,,24-04-2025
DLI0107,Vietnam Airlines,1.844.154 VND/khách,11:45,29 thg 4,12:40,29 thg 4,55m,"Đà Lạt (DLI)
Sân bay Liên Khương",,,24-04-2025
DLI0011,Bamboo Airways,1.934.703 VND/khách,16:45,29 thg 4,17:40,29 thg 4,55m,"Đà Lạt (DLI)
Sân bay Liên Khương",Hành lý 20 kg,Hành lý xách tay 7 kg,25-04-2025
DLI0082,Vietnam Airlines,1.599.399 VND/khách,08:55,29 thg 4,09:50,29 thg 4,55m,"Đà Lạt (DLI)
Sân bay Liên Khương",Hành lý 23 kg,Hành lý xách tay 1 x 12 kg,25-04-2025
DLI0025,VietJet Air,1.599.990 VND/khách,09:55,29 thg 4,10:50,29 thg 4,55m,"Đà Lạt (DLI)
Sân bay Liên Khương",Hành lý 0 kg,Hành lý xách tay 7 kg,25-04-2025
DLI0041,VietJet Air,1.827.420 VND/khách,15:35,29 thg 4,16:30,29 thg 4,55m,"Đà Lạt (DLI)
Sân bay Liên Khương",Hành lý 0 kg,Hành lý xách tay 7 kg,25-04-2025
DLI0107,Vietnam Airlines,1.920.078 VND/khách,11:45,29 thg 4,12:40,29 thg 4,55m,"Đà Lạt (DLI)
Sân bay Liên Khương",Hành lý 23 kg,Hành lý xách tay 1 x 12 kg,25-04-2025
DLI0012,Bamboo Airways,1.749.675 VND/khách,16:45,30 thg 4,17:40,30 thg 4,55m,"Đà Lạt (DLI)
Sân bay Liên Khương",,,10-04-2025
DLI0042,VietJet Air,1.712.395 VND/khách,15:35,30 thg 4,16:30,30 thg 4,55m,"Đà Lạt (DLI)
Sân bay Liên Khương",,,10-04-2025
DLI0026,VietJet Air,1.796.970 VND/khách,09:55,30 thg 4,10:50,30 thg 4,55m,"Đà Lạt (DLI)
Sân bay Liên Khương",,,10-04-2025
DLI0134,Vietnam Airlines,1.918.080 VND/khách,21:10,30 thg 4,22:10,30 thg 4,1h 0m,"Đà Lạt (DLI)
Sân bay Liên Khương",,,10-04-2025
DLI0062,Vietnam Airlines,1.936.062 VND/khách,05:45,30 thg 4,06:40,30 thg 4,55m,"Đà Lạt (DLI)
Sân bay Liên Khương",,,10-04-2025
DLI0084,Vietnam Airlines,1.996.002 VND/khách,09:35,30 thg 4,10:30,30 thg 4,55m,"Đà Lạt (DLI)
Sân bay Liên Khương",,,10-04-2025
DLI0083,Vietnam Airlines,1.999.998 VND/khách,08:55,30 thg 4,09:50,30 thg 4,55m,"Đà Lạt (DLI)
Sân bay Liên Khương",,,10-04-2025
DLI0012,Bamboo Airways,1.749.675 VND/khách,16:45,30 thg 4,17:40,30 thg 4,55m,"Đà Lạt (DLI)
Sân bay Liên Khương",,,11-04-2025
DLI0042,VietJet Air,1.705.430 VND/khách,15:35,30 thg 4,16:30,30 thg 4,55m,"Đà Lạt (DLI)
Sân bay Liên Khương",,,11-04-2025
DLI0026,VietJet Air,1.793.985 VND/khách,09:55,30 thg 4,10:50,30 thg 4,55m,"Đà Lạt (DLI)
Sân bay Liên Khương",,,11-04-2025
DLI0134,Vietnam Airlines,1.919.079 VND/khách,21:10,30 thg 4,22:10,30 thg 4,1h 0m,"Đà Lạt (DLI)
Sân bay Liên Khương",,,11-04-2025
DLI0062,Vietnam Airlines,1.941.057 VND/khách,05:45,30 thg 4,06:40,30 thg 4,55m,"Đà Lạt (DLI)
Sân bay Liên Khương",,,11-04-2025
DLI0084,Vietnam Airlines,1.996.002 VND/khách,09:35,30 thg 4,10:30,30 thg 4,55m,"Đà Lạt (DLI)
Sân bay Liên Khương",,,11-04-2025
DLI0012,Bamboo Airways,1.749.675 VND/khách,16:45,30 thg 4,17:40,30 thg 4,55m,"Đà Lạt (DLI)
Sân bay Liên Khương",Hành lý 20 kg,Hành lý xách tay 7 kg,12-04-2025
DLI0042,VietJet Air,1.716.000 VND/khách,15:35,30 thg 4,16:30,30 thg 4,55m,"Đà Lạt (DLI)
Sân bay Liên Khương",Hành lý 0 kg,Hành lý xách tay 7 kg,12-04-2025
DLI0026,VietJet Air,1.801.000 VND/khách,09:55,30 thg 4,10:50,30 thg 4,55m,"Đà Lạt (DLI)
Sân bay Liên Khương",Hành lý 0 kg,Hành lý xách tay 7 kg,12-04-2025
DLI0134,Vietnam Airlines,1.921.077 VND/khách,21:10,30 thg 4,22:10,30 thg 4,1h 0m,"Đà Lạt (DLI)
Sân bay Liên Khương",Hành lý 23 kg,Hành lý xách tay 1 x 12 kg,12-04-2025
DLI0062,Vietnam Airlines,1.947.051 VND/khách,05:45,30 thg 4,06:40,30 thg 4,55m,"Đà Lạt (DLI)
Sân bay Liên Khương",Hành lý 23 kg,Hành lý xách tay 1 x 12 kg,12-04-2025
DLI0084,Vietnam Airlines,1.998.999 VND/khách,09:35,30 thg 4,10:30,30 thg 4,55m,"Đà Lạt (DLI)
Sân bay Liên Khương",Hành lý 23 kg,Hành lý xách tay 1 x 12 kg,12-04-2025
DLI0012,Bamboo Airways,1.740.927 VND/khách,16:45,30 thg 4,17:40,30 thg 4,55m,"Đà Lạt (DLI)
Sân bay Liên Khương",Hành lý 20 kg,Hành lý xách tay 7 kg,13-04-2025
DLI0042,VietJet Air,1.707.420 VND/khách,15:35,30 thg 4,16:30,30 thg 4,55m,"Đà Lạt (DLI)
Sân bay Liên Khương",Hành lý 0 kg,Hành lý xách tay 7 kg,13-04-2025
DLI0026,VietJet Air,1.791.995 VND/khách,09:55,30 thg 4,10:50,30 thg 4,55m,"Đà Lạt (DLI)
Sân bay Liên Khương",Hành lý 0 kg,Hành lý xách tay 7 kg,13-04-2025
DLI0134,Vietnam Airlines,1.921.077 VND/khách,21:10,30 thg 4,22:10,30 thg 4,1h 0m,"Đà Lạt (DLI)
Sân bay Liên Khương",Hành lý 23 kg,Hành lý xách tay 1 x 12 kg,13-04-2025
DLI0062,Vietnam Airlines,1.947.051 VND/khách,05:45,30 thg 4,06:40,30 thg 4,55m,"Đà Lạt (DLI)
Sân bay Liên Khương",Hành lý 23 kg,Hành lý xách tay 1 x 12 kg,13-04-2025
DLI0062,Vietnam Airlines,1.945.053 VND/khách,05:45,30 thg 4,06:40,30 thg 4,55m,"Đà Lạt (DLI)
Sân bay Liên Khương",Hành lý 23 kg,Hành lý xách tay 1 x 12 kg,14-04-2025
DLI0042,VietJet Air,1.688.768 VND/khách,15:35,30 thg 4,16:30,30 thg 4,55m,"Đà Lạt (DLI)
Sân bay Liên Khương",Hành lý 0 kg,Hành lý xách tay 7 kg,14-04-2025
DLI0012,Bamboo Airways,1.740.927 VND/khách,16:45,30 thg 4,17:40,30 thg 4,55m,"Đà Lạt (DLI)
Sân bay Liên Khương",Hành lý 20 kg,Hành lý xách tay 7 kg,14-04-2025
DLI0026,VietJet Air,1.805.475 VND/khách,09:55,30 thg 4,10:50,30 thg 4,55m,"Đà Lạt (DLI)
Sân bay Liên Khương",Hành lý 0 kg,Hành lý xách tay 7 kg,14-04-2025
DLI0134,Vietnam Airlines,1.945.053 VND/khách,21:10,30 thg 4,22:10,30 thg 4,1h 0m,"Đà Lạt (DLI)
Sân bay Liên Khương",Hành lý 23 kg,Hành lý xách tay 1 x 12 kg,14-04-2025
DLI0062,Vietnam Airlines,1.946.052 VND/khách,05:45,30 thg 4,06:40,30 thg 4,55m,"Đà Lạt (DLI)
Sân bay Liên Khương",,,15-04-2025
DLI0042,VietJet Air,1.695.750 VND/khách,15:35,30 thg 4,16:30,30 thg 4,55m,"Đà Lạt (DLI)
Sân bay Liên Khương",,,15-04-2025
DLI0012,Bamboo Airways,1.740.927 VND/khách,16:45,30 thg 4,17:40,30 thg 4,55m,"Đà Lạt (DLI)
Sân bay Liên Khương",,,15-04-2025
DLI0026,VietJet Air,1.812.458 VND/khách,09:55,30 thg 4,10:50,30 thg 4,55m,"Đà Lạt (DLI)
Sân bay Liên Khương",,,15-04-2025
DLI0134,Vietnam Airlines,1.946.052 VND/khách,21:10,30 thg 4,22:10,30 thg 4,1h 0m,"Đà Lạt (DLI)
Sân bay Liên Khương",,,15-04-2025
DLI0083,Vietnam Airlines,2.008.989 VND/khách,08:55,30 thg 4,09:50,30 thg 4,55m,"Đà Lạt (DLI)
Sân bay Liên Khương",,,15-04-2025
DLI0062,Vietnam Airlines,1.935.150 VND/khách,05:45,30 thg 4,06:40,30 thg 4,55m,"Đà Lạt (DLI)
Sân bay Liên Khương",Hành lý 23 kg,Hành lý xách tay 1 x 12 kg,16-04-2025
DLI0042,VietJet Air,1.740.176 VND/khách,15:35,30 thg 4,16:30,30 thg 4,55m,"Đà Lạt (DLI)
Sân bay Liên Khương",Hành lý 0 kg,Hành lý xách tay 7 kg,16-04-2025
DLI0012,Bamboo Airways,1.792.350 VND/khách,16:45,30 thg 4,17:40,30 thg 4,55m,"Đà Lạt (DLI)
Sân bay Liên Khương",Hành lý 20 kg,Hành lý xách tay 7 kg,16-04-2025
DLI0026,VietJet Air,1.858.231 VND/khách,09:55,30 thg 4,10:50,30 thg 4,55m,"Đà Lạt (DLI)
Sân bay Liên Khương",Hành lý 0 kg,Hành lý xách tay 7 kg,16-04-2025
DLI0134,Vietnam Airlines,1.935.150 VND/khách,21:10,30 thg 4,22:10,30 thg 4,1h 0m,"Đà Lạt (DLI)
Sân bay Liên Khương",Hành lý 23 kg,Hành lý xách tay 1 x 12 kg,16-04-2025
DLI0083,Vietnam Airlines,2.000.250 VND/khách,08:55,30 thg 4,09:50,30 thg 4,55m,"Đà Lạt (DLI)
Sân bay Liên Khương",Hành lý 23 kg,Hành lý xách tay 1 x 12 kg,16-04-2025
DLI0062,Vietnam Airlines,1.946.052 VND/khách,05:45,30 thg 4,06:40,30 thg 4,55m,"Đà Lạt (DLI)
Sân bay Liên Khương",Hành lý 23 kg,Hành lý xách tay 1 x 12 kg,17-04-2025
DLI0012,Bamboo Airways,1.564.488 VND/khách,16:45,30 thg 4,17:40,30 thg 4,55m,"Đà Lạt (DLI)
Sân bay Liên Khương",Hành lý 0 kg,Hành lý xách tay 7 kg,17-04-2025
DLI0042,VietJet Air,1.576.050 VND/khách,15:35,30 thg 4,16:30,30 thg 4,55m,"Đà Lạt (DLI)
Sân bay Liên Khương",Hành lý 0 kg,Hành lý xách tay 7 kg,17-04-2025
DLI0012,Bamboo Airways,1.359.973 VND/khách,16:45,30 thg 4,17:40,30 thg 4,55m,"Đà Lạt (DLI)
Sân bay Liên Khương",,,23-04-2025
DLI0042,VietJet Air,1.845.375 VND/khách,15:35,30 thg 4,16:30,30 thg 4,55m,"Đà Lạt (DLI)
Sân bay Liên Khương",,,23-04-2025
DLI0012,Bamboo Airways,1.522.495 VND/khách,16:45,30 thg 4,17:40,30 thg 4,55m,"Đà Lạt (DLI)
Sân bay Liên Khương",,,24-04-2025
DLI0042,VietJet Air,1.840.388 VND/khách,15:35,30 thg 4,16:30,30 thg 4,55m,"Đà Lạt (DLI)
Sân bay Liên Khương",,,24-04-2025
DLI0134,Vietnam Airlines,1.884.114 VND/khách,21:10,30 thg 4,22:10,30 thg 4,1h 0m,"Đà Lạt (DLI)
Sân bay Liên Khương",,,24-04-2025
DLI0012,Bamboo Airways,1.652.198 VND/khách,16:45,30 thg 4,17:40,30 thg 4,55m,"Đà Lạt (DLI)
Sân bay Liên Khương",Hành lý 0 kg,Hành lý xách tay 7 kg,25-04-2025
DLI0042,VietJet Air,1.827.420 VND/khách,15:35,30 thg 4,16:30,30 thg 4,55m,"Đà Lạt (DLI)
Sân bay Liên Khương",Hành lý 0 kg,Hành lý xách tay 7 kg,25-04-2025
DLI0002,Bamboo Airways,1.080.048 VND/khách,16:45,02 thg 5,17:40,02 thg 5,55m,"Đà Lạt (DLI)
Sân bay Liên Khương",Hành lý 0 kg,Hành lý xách tay 7 kg,01-05-2025
DLI0030,VietJet Air,1.052.363 VND/khách,15:35,02 thg 5,16:30,02 thg 5,55m,"Đà Lạt (DLI)
Sân bay Liên Khương",Hành lý 0 kg,Hành lý xách tay 7 kg,01-05-2025
DLI0123,Vietnam Airlines,1.161.837 VND/khách,21:10,02 thg 5,22:10,02 thg 5,1h 0m,"Đà Lạt (DLI)
Sân bay Liên Khương",Hành lý 23 kg,Hành lý xách tay 1 x 12 kg,01-05-2025
DLI0046,Vietnam Airlines,1.229.769 VND/khách,05:45,02 thg 5,06:40,02 thg 5,55m,"Đà Lạt (DLI)
Sân bay Liên Khương",Hành lý 23 kg,Hành lý xách tay 1 x 12 kg,01-05-2025
DLI0015,VietJet Air,1.338.645 VND/khách,09:55,02 thg 5,10:50,02 thg 5,55m,"Đà Lạt (DLI)
Sân bay Liên Khương",Hành lý 0 kg,Hành lý xách tay 7 kg,01-05-2025
DLI0064,Vietnam Airlines,1.701.297 VND/khách,08:55,02 thg 5,09:50,02 thg 5,55m,"Đà Lạt (DLI)
Sân bay Liên Khương",Hành lý 23 kg,Hành lý xách tay 1 x 12 kg,01-05-2025
DLI0003,Bamboo Airways,782.244 VND/khách,16:45,03 thg 5,17:40,03 thg 5,55m,"Đà Lạt (DLI)
Sân bay Liên Khương",Hành lý 0 kg,Hành lý xách tay 7 kg,01-05-2025
DLI0016,VietJet Air,805.980 VND/khách,09:55,03 thg 5,10:50,03 thg 5,55m,"Đà Lạt (DLI)
Sân bay Liên Khương",Hành lý 0 kg,Hành lý xách tay 7 kg,01-05-2025
DLI0031,VietJet Air,805.980 VND/khách,15:35,03 thg 5,16:30,03 thg 5,55m,"Đà Lạt (DLI)
Sân bay Liên Khương",Hành lý 0 kg,Hành lý xách tay 7 kg,01-05-2025
DLI0124,Vietnam Airlines,1.149.849 VND/khách,21:10,03 thg 5,22:10,03 thg 5,1h 0m,"Đà Lạt (DLI)
Sân bay Liên Khương",Hành lý 23 kg,Hành lý xách tay 1 x 12 kg,01-05-2025
DLI0065,Vietnam Airlines,1.160.838 VND/khách,08:55,03 thg 5,09:50,03 thg 5,55m,"Đà Lạt (DLI)
Sân bay Liên Khương",Hành lý 23 kg,Hành lý xách tay 1 x 12 kg,01-05-2025
DLI0004,Bamboo Airways,869.953 VND/khách,16:45,04 thg 5,17:40,04 thg 5,55m,"Đà Lạt (DLI)
Sân bay Liên Khương",Hành lý 0 kg,Hành lý xách tay 7 kg,01-05-2025
DLI0017,VietJet Air,806.978 VND/khách,09:55,04 thg 5,10:50,04 thg 5,55m,"Đà Lạt (DLI)
Sân bay Liên Khương",Hành lý 0 kg,Hành lý xách tay 7 kg,01-05-2025
DLI0066,Vietnam Airlines,1.012.986 VND/khách,08:55,04 thg 5,09:50,04 thg 5,55m,"Đà Lạt (DLI)
Sân bay Liên Khương",Hành lý 0 kg,Hành lý xách tay 1 x 12 kg,01-05-2025
DLI0135,Vietnam Airlines,1.012.986 VND/khách,22:20,04 thg 5,23:20,04 thg 5,1h 0m,"Đà Lạt (DLI)
Sân bay Liên Khương",Hành lý 0 kg,Hành lý xách tay 1 x 12 kg,01-05-2025
DLI0032,VietJet Air,1.052.363 VND/khách,15:35,04 thg 5,16:30,04 thg 5,55m,"Đà Lạt (DLI)
Sân bay Liên Khương",Hành lý 0 kg,Hành lý xách tay 7 kg,01-05-2025
DLI0018,VietJet Air,806.978 VND/khách,09:55,05 thg 5,10:50,05 thg 5,55m,"Đà Lạt (DLI)
Sân bay Liên Khương",Hành lý 0 kg,Hành lý xách tay 7 kg,01-05-2025
DLI0049,Vietnam Airlines,1.012.986 VND/khách,05:45,05 thg 5,06:40,05 thg 5,55m,"Đà Lạt (DLI)
Sân bay Liên Khương",Hành lý 0 kg,Hành lý xách tay 1 x 12 kg,01-05-2025
DLI0126,Vietnam Airlines,1.161.837 VND/khách,21:10,05 thg 5,22:10,05 thg 5,1h 0m,"Đà Lạt (DLI)
Sân bay Liên Khương",Hành lý 23 kg,Hành lý xách tay 1 x 12 kg,01-05-2025
DLI0089,Vietnam Airlines,1.791.207 VND/khách,10:15,05 thg 5,11:10,05 thg 5,55m,"Đà Lạt (DLI)
Sân bay Liên Khương",Hành lý 23 kg,Hành lý xách tay 1 x 12 kg,01-05-2025
DLI0005,Bamboo Airways,754.708 VND/khách,16:45,06 thg 5,17:40,06 thg 5,55m,"Đà Lạt (DLI)
Sân bay Liên Khương",Hành lý 0 kg,Hành lý xách tay 7 kg,01-05-2025
DLI0019,VietJet Air,806.978 VND/khách,09:55,06 thg 5,10:50,06 thg 5,55m,"Đà Lạt (DLI)
Sân bay Liên Khương",Hành lý 0 kg,Hành lý xách tay 7 kg,01-05-2025
DLI0068,Vietnam Airlines,902.097 VND/khách,08:55,06 thg 5,09:50,06 thg 5,55m,"Đà Lạt (DLI)
Sân bay Liên Khương",Hành lý 0 kg,Hành lý xách tay 1 x 12 kg,01-05-2025
DLI0111,Vietnam Airlines,1.120.878 VND/khách,17:25,06 thg 5,18:20,06 thg 5,55m,"Đà Lạt (DLI)
Sân bay Liên Khương",Hành lý 23 kg,Hành lý xách tay 1 x 12 kg,01-05-2025
DLI0020,VietJet Air,806.978 VND/khách,09:55,07 thg 5,10:50,07 thg 5,55m,"Đà Lạt (DLI)
Sân bay Liên Khương",Hành lý 0 kg,Hành lý xách tay 7 kg,01-05-2025
DLI0069,Vietnam Airlines,901.098 VND/khách,08:55,07 thg 5,09:50,07 thg 5,55m,"Đà Lạt (DLI)
Sân bay Liên Khương",Hành lý 0 kg,Hành lý xách tay 1 x 12 kg,01-05-2025
DLI0050,Vietnam Airlines,1.016.982 VND/khách,05:45,07 thg 5,06:40,07 thg 5,55m,"Đà Lạt (DLI)
Sân bay Liên Khương",Hành lý 0 kg,Hành lý xách tay 1 x 12 kg,01-05-2025
DLI0091,Vietnam Airlines,1.141.850 VND/khách,10:15,07 thg 5,11:10,07 thg 5,55m,"Đà Lạt (DLI)
Sân bay Liên Khương",Hành lý 23 kg,Hành lý xách tay 1 x 12 kg,01-05-2025
DLI0112,Vietnam Airlines,1.141.850 VND/khách,17:25,07 thg 5,18:20,07 thg 5,55m,"Đà Lạt (DLI)
Sân bay Liên Khương",Hành lý 23 kg,Hành lý xách tay 1 x 12 kg,01-05-2025
DLI0006,Bamboo Airways,754.708 VND/khách,16:45,08 thg 5,17:40,08 thg 5,55m,"Đà Lạt (DLI)
Sân bay Liên Khương",Hành lý 0 kg,Hành lý xách tay 7 kg,01-05-2025
DLI0021,VietJet Air,805.980 VND/khách,09:55,08 thg 5,10:50,08 thg 5,55m,"Đà Lạt (DLI)
Sân bay Liên Khương",Hành lý 0 kg,Hành lý xách tay 7 kg,01-05-2025
DLI0070,Vietnam Airlines,975.024 VND/khách,08:55,08 thg 5,09:50,08 thg 5,55m,"Đà Lạt (DLI)
Sân bay Liên Khương",Hành lý 0 kg,Hành lý xách tay 1 x 12 kg,01-05-2025
DLI0113,Vietnam Airlines,1.249.749 VND/khách,17:25,08 thg 5,18:20,08 thg 5,55m,"Đà Lạt (DLI)
Sân bay Liên Khương",Hành lý 23 kg,Hành lý xách tay 1 x 12 kg,01-05-2025
DLI0022,VietJet Air,1.277.798 VND/khách,09:55,09 thg 5,10:50,09 thg 5,55m,"Đà Lạt (DLI)
Sân bay Liên Khương",Hành lý 0 kg,Hành lý xách tay 7 kg,01-05-2025
DLI0051,Vietnam Airlines,1.366.476 VND/khách,05:45,09 thg 5,06:40,09 thg 5,55m,"Đà Lạt (DLI)
Sân bay Liên Khương",Hành lý 23 kg,Hành lý xách tay 1 x 12 kg,01-05-2025
DLI0071,Vietnam Airlines,1.491.507 VND/khách,08:55,09 thg 5,09:50,09 thg 5,55m,"Đà Lạt (DLI)
Sân bay Liên Khương",Hành lý 23 kg,Hành lý xách tay 1 x 12 kg,01-05-2025
DLI0093,Vietnam Airlines,1.596.402 VND/khách,10:15,09 thg 5,11:10,09 thg 5,55m,"Đà Lạt (DLI)
Sân bay Liên Khương",Hành lý 23 kg,Hành lý xách tay 1 x 12 kg,01-05-2025
DLI0114,Vietnam Airlines,1.596.402 VND/khách,17:25,09 thg 5,18:20,09 thg 5,55m,"Đà Lạt (DLI)
Sân bay Liên Khương",Hành lý 23 kg,Hành lý xách tay 1 x 12 kg,01-05-2025
DLI0007,Bamboo Airways,829.158 VND/khách,16:45,10 thg 5,17:40,10 thg 5,55m,"Đà Lạt (DLI)
Sân bay Liên Khương",Hành lý 0 kg,Hành lý xách tay 7 kg,01-05-2025
DLI0023,VietJet Air,1.140.143 VND/khách,09:55,10 thg 5,10:50,10 thg 5,55m,"Đà Lạt (DLI)
Sân bay Liên Khương",Hành lý 0 kg,Hành lý xách tay 7 kg,01-05-2025
DLI0115,Vietnam Airlines,1.156.842 VND/khách,17:25,10 thg 5,18:20,10 thg 5,55m,"Đà Lạt (DLI)
Sân bay Liên Khương",Hành lý 23 kg,Hành lý xách tay 1 x 12 kg,01-05-2025
DLI0094,Vietnam Airlines,1.379.619 VND/khách,10:15,10 thg 5,11:10,10 thg 5,55m,"Đà Lạt (DLI)
Sân bay Liên Khương",Hành lý 23 kg,Hành lý xách tay 1 x 12 kg,01-05-2025
DLI0024,VietJet Air,802.988 VND/khách,09:55,11 thg 5,10:50,11 thg 5,55m,"Đà Lạt (DLI)
Sân bay Liên Khương",Hành lý 0 kg,Hành lý xách tay 7 kg,01-05-2025
DLI0052,Vietnam Airlines,975.024 VND/khách,05:45,11 thg 5,06:40,11 thg 5,55m,"Đà Lạt (DLI)
Sân bay Liên Khương",Hành lý 0 kg,Hành lý xách tay 1 x 12 kg,01-05-2025
DLI0073,Vietnam Airlines,1.141.850 VND/khách,08:55,11 thg 5,09:50,11 thg 5,55m,"Đà Lạt (DLI)
Sân bay Liên Khương",Hành lý 23 kg,Hành lý xách tay 1 x 12 kg,01-05-2025
DLI0095,Vietnam Airlines,1.141.850 VND/khách,10:15,11 thg 5,11:10,11 thg 5,55m,"Đà Lạt (DLI)
Sân bay Liên Khương",Hành lý 23 kg,Hành lý xách tay 1 x 12 kg,01-05-2025
DLI0116,Vietnam Airlines,1.141.850 VND/khách,17:25,11 thg 5,18:20,11 thg 5,55m,"Đà Lạt (DLI)
Sân bay Liên Khương",Hành lý 23 kg,Hành lý xách tay 1 x 12 kg,01-05-2025
DLI0003,Bamboo Airways,782.244 VND/khách,16:45,03 thg 5,17:40,03 thg 5,55m,"Đà Lạt (DLI)
Sân bay Liên Khương",Hành lý 0 kg,Hành lý xách tay 7 kg,02-05-2025
DLI0016,VietJet Air,825.930 VND/khách,09:55,03 thg 5,10:50,03 thg 5,55m,"Đà Lạt (DLI)
Sân bay Liên Khương",Hành lý 0 kg,Hành lý xách tay 7 kg,02-05-2025
DLI0124,Vietnam Airlines,1.151.847 VND/khách,21:10,03 thg 5,22:10,03 thg 5,1h 0m,"Đà Lạt (DLI)
Sân bay Liên Khương",Hành lý 23 kg,Hành lý xách tay 1 x 12 kg,02-05-2025
DLI0065,Vietnam Airlines,1.179.170 VND/khách,08:55,03 thg 5,09:50,03 thg 5,55m,"Đà Lạt (DLI)
Sân bay Liên Khương",Hành lý 23 kg,Hành lý xách tay 1 x 12 kg,02-05-2025
DLI0087,Vietnam Airlines,1.752.246 VND/khách,10:15,03 thg 5,11:10,03 thg 5,55m,"Đà Lạt (DLI)
Sân bay Liên Khương",Hành lý 23 kg,Hành lý xách tay 1 x 12 kg,02-05-2025
DLI0004,Bamboo Airways,782.244 VND/khách,16:45,04 thg 5,17:40,04 thg 5,55m,"Đà Lạt (DLI)
Sân bay Liên Khương",Hành lý 0 kg,Hành lý xách tay 7 kg,02-05-2025
DLI0017,VietJet Air,811.965 VND/khách,09:55,04 thg 5,10:50,04 thg 5,55m,"Đà Lạt (DLI)
Sân bay Liên Khương",Hành lý 0 kg,Hành lý xách tay 7 kg,02-05-2025
DLI0066,Vietnam Airlines,1.013.985 VND/khách,08:55,04 thg 5,09:50,04 thg 5,55m,"Đà Lạt (DLI)
Sân bay Liên Khương",Hành lý 0 kg,Hành lý xách tay 1 x 12 kg,02-05-2025
DLI0135,Vietnam Airlines,1.013.985 VND/khách,22:20,04 thg 5,23:20,04 thg 5,1h 0m,"Đà Lạt (DLI)
Sân bay Liên Khương",Hành lý 0 kg,Hành lý xách tay 1 x 12 kg,02-05-2025
DLI0032,VietJet Air,1.035.405 VND/khách,15:35,04 thg 5,16:30,04 thg 5,55m,"Đà Lạt (DLI)
Sân bay Liên Khương",Hành lý 0 kg,Hành lý xách tay 7 kg,02-05-2025
DLI0018,VietJet Air,811.965 VND/khách,09:55,05 thg 5,10:50,05 thg 5,55m,"Đà Lạt (DLI)
Sân bay Liên Khương",Hành lý 0 kg,Hành lý xách tay 7 kg,02-05-2025
DLI0049,Vietnam Airlines,1.010.988 VND/khách,05:45,05 thg 5,06:40,05 thg 5,55m,"Đà Lạt (DLI)
Sân bay Liên Khương",Hành lý 0 kg,Hành lý xách tay 1 x 12 kg,02-05-2025
DLI0126,Vietnam Airlines,1.159.839 VND/khách,21:10,05 thg 5,22:10,05 thg 5,1h 0m,"Đà Lạt (DLI)
Sân bay Liên Khương",Hành lý 23 kg,Hành lý xách tay 1 x 12 kg,02-05-2025
DLI0089,Vietnam Airlines,1.791.207 VND/khách,10:15,05 thg 5,11:10,05 thg 5,55m,"Đà Lạt (DLI)
Sân bay Liên Khương",Hành lý 23 kg,Hành lý xách tay 1 x 12 kg,02-05-2025
DLI0005,Bamboo Airways,754.708 VND/khách,16:45,06 thg 5,17:40,06 thg 5,55m,"Đà Lạt (DLI)
Sân bay Liên Khương",Hành lý 0 kg,Hành lý xách tay 7 kg,02-05-2025
DLI0019,VietJet Air,810.968 VND/khách,09:55,06 thg 5,10:50,06 thg 5,55m,"Đà Lạt (DLI)
Sân bay Liên Khương",Hành lý 0 kg,Hành lý xách tay 7 kg,02-05-2025
DLI0068,Vietnam Airlines,1.009.989 VND/khách,08:55,06 thg 5,09:50,06 thg 5,55m,"Đà Lạt (DLI)
Sân bay Liên Khương",Hành lý 0 kg,Hành lý xách tay 1 x 12 kg,02-05-2025
DLI0111,Vietnam Airlines,1.159.839 VND/khách,17:25,06 thg 5,18:20,06 thg 5,55m,"Đà Lạt (DLI)
Sân bay Liên Khương",Hành lý 23 kg,Hành lý xách tay 1 x 12 kg,02-05-2025
DLI0020,VietJet Air,810.968 VND/khách,09:55,07 thg 5,10:50,07 thg 5,55m,"Đà Lạt (DLI)
Sân bay Liên Khương",Hành lý 0 kg,Hành lý xách tay 7 kg,02-05-2025
DLI0069,Vietnam Airlines,894.105 VND/khách,08:55,07 thg 5,09:50,07 thg 5,55m,"Đà Lạt (DLI)
Sân bay Liên Khương",Hành lý 0 kg,Hành lý xách tay 1 x 12 kg,02-05-2025
DLI0050,Vietnam Airlines,1.009.989 VND/khách,05:45,07 thg 5,06:40,07 thg 5,55m,"Đà Lạt (DLI)
Sân bay Liên Khương",Hành lý 0 kg,Hành lý xách tay 1 x 12 kg,02-05-2025
DLI0112,Vietnam Airlines,1.159.839 VND/khách,17:25,07 thg 5,18:20,07 thg 5,55m,"Đà Lạt (DLI)
Sân bay Liên Khương",Hành lý 23 kg,Hành lý xách tay 1 x 12 kg,02-05-2025
DLI0091,Vietnam Airlines,1.271.727 VND/khách,10:15,07 thg 5,11:10,07 thg 5,55m,"Đà Lạt (DLI)
Sân bay Liên Khương",Hành lý 23 kg,Hành lý xách tay 1 x 12 kg,02-05-2025
DLI0006,Bamboo Airways,754.708 VND/khách,16:45,08 thg 5,17:40,08 thg 5,55m,"Đà Lạt (DLI)
Sân bay Liên Khương",Hành lý 0 kg,Hành lý xách tay 7 kg,02-05-2025
DLI0021,VietJet Air,810.968 VND/khách,09:55,08 thg 5,10:50,08 thg 5,55m,"Đà Lạt (DLI)
Sân bay Liên Khương",Hành lý 0 kg,Hành lý xách tay 7 kg,02-05-2025
DLI0070,Vietnam Airlines,1.009.989 VND/khách,08:55,08 thg 5,09:50,08 thg 5,55m,"Đà Lạt (DLI)
Sân bay Liên Khương",Hành lý 0 kg,Hành lý xách tay 1 x 12 kg,02-05-2025
DLI0113,Vietnam Airlines,1.252.746 VND/khách,17:25,08 thg 5,18:20,08 thg 5,55m,"Đà Lạt (DLI)
Sân bay Liên Khương",Hành lý 23 kg,Hành lý xách tay 1 x 12 kg,02-05-2025
DLI0022,VietJet Air,1.280.790 VND/khách,09:55,09 thg 5,10:50,09 thg 5,55m,"Đà Lạt (DLI)
Sân bay Liên Khương",Hành lý 0 kg,Hành lý xách tay 7 kg,02-05-2025
DLI0051,Vietnam Airlines,1.383.615 VND/khách,05:45,09 thg 5,06:40,09 thg 5,55m,"Đà Lạt (DLI)
Sân bay Liên Khương",Hành lý 23 kg,Hành lý xách tay 1 x 12 kg,02-05-2025
DLI0071,Vietnam Airlines,1.495.503 VND/khách,08:55,09 thg 5,09:50,09 thg 5,55m,"Đà Lạt (DLI)
Sân bay Liên Khương",Hành lý 23 kg,Hành lý xách tay 1 x 12 kg,02-05-2025
DLI0093,Vietnam Airlines,1.600.398 VND/khách,10:15,09 thg 5,11:10,09 thg 5,55m,"Đà Lạt (DLI)
Sân bay Liên Khương",Hành lý 23 kg,Hành lý xách tay 1 x 12 kg,02-05-2025
DLI0114,Vietnam Airlines,1.600.398 VND/khách,17:25,09 thg 5,18:20,09 thg 5,55m,"Đà Lạt (DLI)
Sân bay Liên Khương",Hành lý 23 kg,Hành lý xách tay 1 x 12 kg,02-05-2025
DLI0007,Bamboo Airways,754.708 VND/khách,16:45,10 thg 5,17:40,10 thg 5,55m,"Đà Lạt (DLI)
Sân bay Liên Khương",Hành lý 0 kg,Hành lý xách tay 7 kg,02-05-2025
DLI0023,VietJet Air,1.143.135 VND/khách,09:55,10 thg 5,10:50,10 thg 5,55m,"Đà Lạt (DLI)
Sân bay Liên Khương",Hành lý 0 kg,Hành lý xách tay 7 kg,02-05-2025
DLI0115,Vietnam Airlines,1.159.839 VND/khách,17:25,10 thg 5,18:20,10 thg 5,55m,"Đà Lạt (DLI)
Sân bay Liên Khương",Hành lý 23 kg,Hành lý xách tay 1 x 12 kg,02-05-2025
DLI0024,VietJet Air,813.960 VND/khách,09:55,11 thg 5,10:50,11 thg 5,55m,"Đà Lạt (DLI)
Sân bay Liên Khương",Hành lý 0 kg,Hành lý xách tay 7 kg,02-05-2025
DLI0052,Vietnam Airlines,993.381 VND/khách,05:45,11 thg 5,06:40,11 thg 5,55m,"Đà Lạt (DLI)
Sân bay Liên Khương",Hành lý 0 kg,Hành lý xách tay 1 x 12 kg,02-05-2025
DLI0073,Vietnam Airlines,1.157.841 VND/khách,08:55,11 thg 5,09:50,11 thg 5,55m,"Đà Lạt (DLI)
Sân bay Liên Khương",Hành lý 23 kg,Hành lý xách tay 1 x 12 kg,02-05-2025
DLI0095,Vietnam Airlines,1.157.841 VND/khách,10:15,11 thg 5,11:10,11 thg 5,55m,"Đà Lạt (DLI)
Sân bay Liên Khương",Hành lý 23 kg,Hành lý xách tay 1 x 12 kg,02-05-2025
DLI0116,Vietnam Airlines,1.179.170 VND/khách,17:25,11 thg 5,18:20,11 thg 5,55m,"Đà Lạt (DLI)
Sân bay Liên Khương",Hành lý 23 kg,Hành lý xách tay 1 x 12 kg,02-05-2025
DLI0004,Bamboo Airways,869.953 VND/khách,16:45,04 thg 5,17:40,04 thg 5,55m,"Đà Lạt (DLI)
Sân bay Liên Khương",Hành lý 0 kg,Hành lý xách tay 7 kg,03-05-2025
DLI0017,VietJet Air,854.858 VND/khách,09:55,04 thg 5,10:50,04 thg 5,55m,"Đà Lạt (DLI)
Sân bay Liên Khương",Hành lý 0 kg,Hành lý xách tay 7 kg,03-05-2025
DLI0018,VietJet Air,817.950 VND/khách,09:55,05 thg 5,10:50,05 thg 5,55m,"Đà Lạt (DLI)
Sân bay Liên Khương",Hành lý 0 kg,Hành lý xách tay 7 kg,03-05-2025
DLI0049,Vietnam Airlines,1.179.170 VND/khách,05:45,05 thg 5,06:40,05 thg 5,55m,"Đà Lạt (DLI)
Sân bay Liên Khương",Hành lý 23 kg,Hành lý xách tay 1 x 12 kg,03-05-2025
DLI0126,Vietnam Airlines,1.179.170 VND/khách,21:10,05 thg 5,22:10,05 thg 5,1h 0m,"Đà Lạt (DLI)
Sân bay Liên Khương",Hành lý 23 kg,Hành lý xách tay 1 x 12 kg,03-05-2025
DLI0089,Vietnam Airlines,1.979.244 VND/khách,10:15,05 thg 5,11:10,05 thg 5,55m,"Đà Lạt (DLI)
Sân bay Liên Khương",Hành lý 23 kg,Hành lý xách tay 1 x 12 kg,03-05-2025
DLI0005,Bamboo Airways,754.708 VND/khách,16:45,06 thg 5,17:40,06 thg 5,55m,"Đà Lạt (DLI)
Sân bay Liên Khương",Hành lý 0 kg,Hành lý xách tay 7 kg,03-05-2025
DLI0020,VietJet Air,817.950 VND/khách,09:55,07 thg 5,10:50,07 thg 5,55m,"Đà Lạt (DLI)
Sân bay Liên Khương",Hành lý 0 kg,Hành lý xách tay 7 kg,03-05-2025
DLI0006,Bamboo Airways,754.708 VND/khách,16:45,08 thg 5,17:40,08 thg 5,55m,"Đà Lạt (DLI)
Sân bay Liên Khương",Hành lý 0 kg,Hành lý xách tay 7 kg,03-05-2025
DLI0022,VietJet Air,1.290.765 VND/khách,09:55,09 thg 5,10:50,09 thg 5,55m,"Đà Lạt (DLI)
Sân bay Liên Khương",Hành lý 0 kg,Hành lý xách tay 7 kg,03-05-2025
DLI0007,Bamboo Airways,754.708 VND/khách,16:45,10 thg 5,17:40,10 thg 5,55m,"Đà Lạt (DLI)
Sân bay Liên Khương",Hành lý 0 kg,Hành lý xách tay 7 kg,03-05-2025
DLI0023,VietJet Air,1.152.113 VND/khách,09:55,10 thg 5,10:50,10 thg 5,55m,"Đà Lạt (DLI)
Sân bay Liên Khương",Hành lý 0 kg,Hành lý xách tay 7 kg,03-05-2025
DLI0115,Vietnam Airlines,1.168.830 VND/khách,17:25,10 thg 5,18:20,10 thg 5,55m,"Đà Lạt (DLI)
Sân bay Liên Khương",Hành lý 23 kg,Hành lý xách tay 1 x 12 kg,03-05-2025
DLI0024,VietJet Air,817.950 VND/khách,09:55,11 thg 5,10:50,11 thg 5,55m,"Đà Lạt (DLI)
Sân bay Liên Khương",Hành lý 0 kg,Hành lý xách tay 7 kg,03-05-2025
DLI0052,Vietnam Airlines,989.010 VND/khách,05:45,11 thg 5,06:40,11 thg 5,55m,"Đà Lạt (DLI)
Sân bay Liên Khương",Hành lý 0 kg,Hành lý xách tay 1 x 12 kg,03-05-2025
DLI0073,Vietnam Airlines,1.168.830 VND/khách,08:55,11 thg 5,09:50,11 thg 5,55m,"Đà Lạt (DLI)
Sân bay Liên Khương",Hành lý 23 kg,Hành lý xách tay 1 x 12 kg,03-05-2025
DLI0095,Vietnam Airlines,1.168.830 VND/khách,10:15,11 thg 5,11:10,11 thg 5,55m,"Đà Lạt (DLI)
Sân bay Liên Khương",Hành lý 23 kg,Hành lý xách tay 1 x 12 kg,03-05-2025
DLI0116,Vietnam Airlines,1.168.830 VND/khách,17:25,11 thg 5,18:20,11 thg 5,55m,"Đà Lạt (DLI)
Sân bay Liên Khương",Hành lý 23 kg,Hành lý xách tay 1 x 12 kg,03-05-2025
DLI0018,VietJet Air,831.915 VND/khách,09:55,05 thg 5,10:50,05 thg 5,55m,"Đà Lạt (DLI)
Sân bay Liên Khương",Hành lý 0 kg,Hành lý xách tay 7 kg,04-05-2025
DLI0049,Vietnam Airlines,1.140.858 VND/khách,05:45,05 thg 5,06:40,05 thg 5,55m,"Đà Lạt (DLI)
Sân bay Liên Khương",Hành lý 23 kg,Hành lý xách tay 1 x 12 kg,04-05-2025
DLI0126,Vietnam Airlines,1.283.715 VND/khách,21:10,05 thg 5,22:10,05 thg 5,1h 0m,"Đà Lạt (DLI)
Sân bay Liên Khương",Hành lý 23 kg,Hành lý xách tay 1 x 12 kg,04-05-2025
DLI0089,Vietnam Airlines,2.011.986 VND/khách,10:15,05 thg 5,11:10,05 thg 5,55m,"Đà Lạt (DLI)
Sân bay Liên Khương",Hành lý 23 kg,Hành lý xách tay 1 x 12 kg,04-05-2025
DLI0005,Bamboo Airways,734.450 VND/khách,16:45,06 thg 5,17:40,06 thg 5,55m,"Đà Lạt (DLI)
Sân bay Liên Khương",Hành lý 0 kg,Hành lý xách tay 7 kg,04-05-2025
DLI0019,VietJet Air,816.953 VND/khách,09:55,06 thg 5,10:50,06 thg 5,55m,"Đà Lạt (DLI)
Sân bay Liên Khương",Hành lý 0 kg,Hành lý xách tay 7 kg,04-05-2025
DLI0068,Vietnam Airlines,1.020.978 VND/khách,08:55,06 thg 5,09:50,06 thg 5,55m,"Đà Lạt (DLI)
Sân bay Liên Khương",Hành lý 0 kg,Hành lý xách tay 1 x 12 kg,04-05-2025
DLI0111,Vietnam Airlines,1.136.862 VND/khách,17:25,06 thg 5,18:20,06 thg 5,55m,"Đà Lạt (DLI)
Sân bay Liên Khương",Hành lý 23 kg,Hành lý xách tay 1 x 12 kg,04-05-2025
DLI0020,VietJet Air,816.953 VND/khách,09:55,07 thg 5,10:50,07 thg 5,55m,"Đà Lạt (DLI)
Sân bay Liên Khương",Hành lý 0 kg,Hành lý xách tay 7 kg,04-05-2025
DLI0069,Vietnam Airlines,908.091 VND/khách,08:55,07 thg 5,09:50,07 thg 5,55m,"Đà Lạt (DLI)
Sân bay Liên Khương",Hành lý 0 kg,Hành lý xách tay 1 x 12 kg,04-05-2025
DLI0050,Vietnam Airlines,1.020.978 VND/khách,05:45,07 thg 5,06:40,07 thg 5,55m,"Đà Lạt (DLI)
Sân bay Liên Khương",Hành lý 0 kg,Hành lý xách tay 1 x 12 kg,04-05-2025
DLI0112,Vietnam Airlines,1.179.170 VND/khách,17:25,07 thg 5,18:20,07 thg 5,55m,"Đà Lạt (DLI)
Sân bay Liên Khương",Hành lý 23 kg,Hành lý xách tay 1 x 12 kg,04-05-2025
DLI0091,Vietnam Airlines,1.392.606 VND/khách,10:15,07 thg 5,11:10,07 thg 5,55m,"Đà Lạt (DLI)
Sân bay Liên Khương",Hành lý 23 kg,Hành lý xách tay 1 x 12 kg,04-05-2025
DLI0006,Bamboo Airways,734.450 VND/khách,16:45,08 thg 5,17:40,08 thg 5,55m,"Đà Lạt (DLI)
Sân bay Liên Khương",Hành lý 0 kg,Hành lý xách tay 7 kg,04-05-2025
DLI0021,VietJet Air,816.953 VND/khách,09:55,08 thg 5,10:50,08 thg 5,55m,"Đà Lạt (DLI)
Sân bay Liên Khương",Hành lý 0 kg,Hành lý xách tay 7 kg,04-05-2025
DLI0070,Vietnam Airlines,1.102.896 VND/khách,08:55,08 thg 5,09:50,08 thg 5,55m,"Đà Lạt (DLI)
Sân bay Liên Khương",Hành lý 23 kg,Hành lý xách tay 1 x 12 kg,04-05-2025
DLI0113,Vietnam Airlines,1.366.522 VND/khách,17:25,08 thg 5,18:20,08 thg 5,55m,"Đà Lạt (DLI)
Sân bay Liên Khương",Hành lý 23 kg,Hành lý xách tay 1 x 12 kg,04-05-2025
DLI0022,VietJet Air,1.285.778 VND/khách,09:55,09 thg 5,10:50,09 thg 5,55m,"Đà Lạt (DLI)
Sân bay Liên Khương",Hành lý 0 kg,Hành lý xách tay 7 kg,04-05-2025
DLI0051,Vietnam Airlines,1.392.606 VND/khách,05:45,09 thg 5,06:40,09 thg 5,55m,"Đà Lạt (DLI)
Sân bay Liên Khương",Hành lý 23 kg,Hành lý xách tay 1 x 12 kg,04-05-2025
DLI0071,Vietnam Airlines,1.508.490 VND/khách,08:55,09 thg 5,09:50,09 thg 5,55m,"Đà Lạt (DLI)
Sân bay Liên Khương",Hành lý 23 kg,Hành lý xách tay 1 x 12 kg,04-05-2025
DLI0093,Vietnam Airlines,1.610.388 VND/khách,10:15,09 thg 5,11:10,09 thg 5,55m,"Đà Lạt (DLI)
Sân bay Liên Khương",Hành lý 23 kg,Hành lý xách tay 1 x 12 kg,04-05-2025
DLI0114,Vietnam Airlines,1.715.283 VND/khách,17:25,09 thg 5,18:20,09 thg 5,55m,"Đà Lạt (DLI)
Sân bay Liên Khương",Hành lý 23 kg,Hành lý xách tay 1 x 12 kg,04-05-2025
DLI0007,Bamboo Airways,734.450 VND/khách,16:45,10 thg 5,17:40,10 thg 5,55m,"Đà Lạt (DLI)
Sân bay Liên Khương",Hành lý 0 kg,Hành lý xách tay 7 kg,04-05-2025
DLI0023,VietJet Air,1.143.135 VND/khách,09:55,10 thg 5,10:50,10 thg 5,55m,"Đà Lạt (DLI)
Sân bay Liên Khương",Hành lý 0 kg,Hành lý xách tay 7 kg,04-05-2025
DLI0115,Vietnam Airlines,1.249.749 VND/khách,17:25,10 thg 5,18:20,10 thg 5,55m,"Đà Lạt (DLI)
Sân bay Liên Khương",Hành lý 23 kg,Hành lý xách tay 1 x 12 kg,04-05-2025
DLI0094,Vietnam Airlines,1.508.490 VND/khách,10:15,10 thg 5,11:10,10 thg 5,55m,"Đà Lạt (DLI)
Sân bay Liên Khương",Hành lý 23 kg,Hành lý xách tay 1 x 12 kg,04-05-2025
DLI0005,Bamboo Airways,907.145 VND/khách,16:45,06 thg 5,17:40,06 thg 5,55m,"Đà Lạt (DLI)
Sân bay Liên Khương",Hành lý 0 kg,Hành lý xách tay 7 kg,05-05-2025
DLI0027,VietJet Air,840.893 VND/khách,10:05,06 thg 5,10:55,06 thg 5,50m,"Đà Lạt (DLI)
Sân bay Liên Khương",Hành lý 0 kg,Hành lý xách tay 7 kg,05-05-2025
DLI0068,Vietnam Airlines,1.103.895 VND/khách,08:55,06 thg 5,09:50,06 thg 5,55m,"Đà Lạt (DLI)
Sân bay Liên Khương",Hành lý 23 kg,Hành lý xách tay 10 kg,05-05-2025
DLI0111,Vietnam Airlines,1.171.827 VND/khách,17:25,06 thg 5,18:20,06 thg 5,55m,"Đà Lạt (DLI)
Sân bay Liên Khương",Hành lý 23 kg,Hành lý xách tay 10 kg,05-05-2025
DLI0050,Vietnam Airlines,1.021.977 VND/khách,05:45,07 thg 5,06:40,07 thg 5,55m,"Đà Lạt (DLI)
Sân bay Liên Khương",Hành lý 0 kg,Hành lý xách tay 10 kg,05-05-2025
DLI0069,Vietnam Airlines,1.021.977 VND/khách,08:55,07 thg 5,09:50,07 thg 5,55m,"Đà Lạt (DLI)
Sân bay Liên Khương",Hành lý 0 kg,Hành lý xách tay 10 kg,05-05-2025
DLI0112,Vietnam Airlines,1.479.368 VND/khách,17:25,07 thg 5,18:20,07 thg 5,55m,"Đà Lạt (DLI)
Sân bay Liên Khương",Hành lý 23 kg,Hành lý xách tay 10 kg,05-05-2025
DLI0091,Vietnam Airlines,1.679.319 VND/khách,10:15,07 thg 5,11:10,07 thg 5,55m,"Đà Lạt (DLI)
Sân bay Liên Khương",Hành lý 23 kg,Hành lý xách tay 10 kg,05-05-2025
DLI0020,VietJet Air,1.876.298 VND/khách,09:55,07 thg 5,10:50,07 thg 5,55m,"Đà Lạt (DLI)
Sân bay Liên Khương",Hành lý 0 kg,Hành lý xách tay 7 kg,05-05-2025
DLI0006,Bamboo Airways,826.753 VND/khách,16:45,08 thg 5,17:40,08 thg 5,55m,"Đà Lạt (DLI)
Sân bay Liên Khương",Hành lý 0 kg,Hành lý xách tay 7 kg,05-05-2025
DLI0021,VietJet Air,813.960 VND/khách,09:55,08 thg 5,10:50,08 thg 5,55m,"Đà Lạt (DLI)
Sân bay Liên Khương",Hành lý 0 kg,Hành lý xách tay 7 kg,05-05-2025
DLI0070,Vietnam Airlines,1.254.653 VND/khách,08:55,08 thg 5,09:50,08 thg 5,55m,"Đà Lạt (DLI)
Sân bay Liên Khương",Hành lý 23 kg,Hành lý xách tay 10 kg,05-05-2025
DLI0113,Vietnam Airlines,1.411.137 VND/khách,17:25,08 thg 5,18:20,08 thg 5,55m,"Đà Lạt (DLI)
Sân bay Liên Khương",Hành lý 23 kg,Hành lý xách tay 10 kg,05-05-2025
DLI0022,VietJet Air,1.301.738 VND/khách,09:55,09 thg 5,10:50,09 thg 5,55m,"Đà Lạt (DLI)
Sân bay Liên Khương",Hành lý 0 kg,Hành lý xách tay 7 kg,05-05-2025
DLI0051,Vietnam Airlines,1.507.491 VND/khách,05:45,09 thg 5,06:40,09 thg 5,55m,"Đà Lạt (DLI)
Sân bay Liên Khương",Hành lý 23 kg,Hành lý xách tay 10 kg,05-05-2025
DLI0071,Vietnam Airlines,1.507.491 VND/khách,08:55,09 thg 5,09:50,09 thg 5,55m,"Đà Lạt (DLI)
Sân bay Liên Khương",Hành lý 23 kg,Hành lý xách tay 10 kg,05-05-2025
DLI0093,Vietnam Airlines,1.766.232 VND/khách,10:15,09 thg 5,11:10,09 thg 5,55m,"Đà Lạt (DLI)
Sân bay Liên Khương",Hành lý 23 kg,Hành lý xách tay 10 kg,05-05-2025
DLI0114,Vietnam Airlines,1.856.142 VND/khách,17:25,09 thg 5,18:20,09 thg 5,55m,"Đà Lạt (DLI)
Sân bay Liên Khương",Hành lý 23 kg,Hành lý xách tay 10 kg,05-05-2025
DLI0007,Bamboo Airways,826.753 VND/khách,16:45,10 thg 5,17:40,10 thg 5,55m,"Đà Lạt (DLI)
Sân bay Liên Khương",Hành lý 0 kg,Hành lý xách tay 7 kg,05-05-2025
DLI0023,VietJet Air,1.156.103 VND/khách,09:55,10 thg 5,10:50,10 thg 5,55m,"Đà Lạt (DLI)
Sân bay Liên Khương",Hành lý 0 kg,Hành lý xách tay 7 kg,05-05-2025
DLI0115,Vietnam Airlines,1.250.748 VND/khách,17:25,10 thg 5,18:20,10 thg 5,55m,"Đà Lạt (DLI)
Sân bay Liên Khương",Hành lý 23 kg,Hành lý xách tay 10 kg,05-05-2025
DLI0024,VietJet Air,806.978 VND/khách,09:55,11 thg 5,10:50,11 thg 5,55m,"Đà Lạt (DLI)
Sân bay Liên Khương",Hành lý 0 kg,Hành lý xách tay 7 kg,05-05-2025
DLI0052,Vietnam Airlines,1.021.977 VND/khách,05:45,11 thg 5,06:40,11 thg 5,55m,"Đà Lạt (DLI)
Sân bay Liên Khương",Hành lý 0 kg,Hành lý xách tay 10 kg,05-05-2025
DLI0073,Vietnam Airlines,1.167.831 VND/khách,08:55,11 thg 5,09:50,11 thg 5,55m,"Đà Lạt (DLI)
Sân bay Liên Khương",Hành lý 23 kg,Hành lý xách tay 10 kg,05-05-2025
DLI0095,Vietnam Airlines,1.167.831 VND/khách,10:15,11 thg 5,11:10,11 thg 5,55m,"Đà Lạt (DLI)
Sân bay Liên Khương",Hành lý 23 kg,Hành lý xách tay 10 kg,05-05-2025
DLI0116,Vietnam Airlines,1.167.831 VND/khách,17:25,11 thg 5,18:20,11 thg 5,55m,"Đà Lạt (DLI)
Sân bay Liên Khương",Hành lý 23 kg,Hành lý xách tay 10 kg,05-05-2025
DLI0028,VietJet Air,829.920 VND/khách,10:05,07 thg 5,10:55,07 thg 5,50m,"Đà Lạt (DLI)
Sân bay Liên Khương",Hành lý 0 kg,Hành lý xách tay 7 kg,06-05-2025
DLI0050,Vietnam Airlines,1.018.980 VND/khách,05:45,07 thg 5,06:40,07 thg 5,55m,"Đà Lạt (DLI)
Sân bay Liên Khương",Hành lý 0 kg,Hành lý xách tay 10 kg,06-05-2025
DLI0069,Vietnam Airlines,1.018.980 VND/khách,08:55,07 thg 5,09:50,07 thg 5,55m,"Đà Lạt (DLI)
Sân bay Liên Khương",Hành lý 0 kg,Hành lý xách tay 10 kg,06-05-2025
DLI0091,Vietnam Airlines,1.675.323 VND/khách,10:15,07 thg 5,11:10,07 thg 5,55m,"Đà Lạt (DLI)
Sân bay Liên Khương",Hành lý 23 kg,Hành lý xách tay 10 kg,06-05-2025
DLI0112,Vietnam Airlines,1.675.323 VND/khách,17:25,07 thg 5,18:20,07 thg 5,55m,"Đà Lạt (DLI)
Sân bay Liên Khương",Hành lý 23 kg,Hành lý xách tay 10 kg,06-05-2025
DLI0006,Bamboo Airways,1.376.831 VND/khách,16:45,08 thg 5,17:40,08 thg 5,55m,"Đà Lạt (DLI)
Sân bay Liên Khương",Hành lý 0 kg,Hành lý xách tay 7 kg,07-05-2025
DLI0021,VietJet Air,840.893 VND/khách,09:55,08 thg 5,10:50,08 thg 5,55m,"Đà Lạt (DLI)
Sân bay Liên Khương",Hành lý 0 kg,Hành lý xách tay 7 kg,07-05-2025
DLI0070,Vietnam Airlines,1.396.602 VND/khách,08:55,08 thg 5,09:50,08 thg 5,55m,"Đà Lạt (DLI)
Sân bay Liên Khương",Hành lý 23 kg,Hành lý xách tay 10 kg,07-05-2025
DLI0113,Vietnam Airlines,1.797.201 VND/khách,17:25,08 thg 5,18:20,08 thg 5,55m,"Đà Lạt (DLI)
Sân bay Liên Khương",Hành lý 23 kg,Hành lý xách tay 10 kg,07-05-2025
DLI0022,VietJet Air,1.297.748 VND/khách,09:55,09 thg 5,10:50,09 thg 5,55m,"Đà Lạt (DLI)
Sân bay Liên Khương",Hành lý 0 kg,Hành lý xách tay 7 kg,07-05-2025
DLI0051,Vietnam Airlines,1.501.497 VND/khách,05:45,09 thg 5,06:40,09 thg 5,55m,"Đà Lạt (DLI)
Sân bay Liên Khương",Hành lý 23 kg,Hành lý xách tay 10 kg,07-05-2025
DLI0071,Vietnam Airlines,1.759.239 VND/khách,08:55,09 thg 5,09:50,09 thg 5,55m,"Đà Lạt (DLI)
Sân bay Liên Khương",Hành lý 23 kg,Hành lý xách tay 10 kg,07-05-2025
DLI0093,Vietnam Airlines,1.849.149 VND/khách,10:15,09 thg 5,11:10,09 thg 5,55m,"Đà Lạt (DLI)
Sân bay Liên Khương",Hành lý 23 kg,Hành lý xách tay 10 kg,07-05-2025
DLI0007,Bamboo Airways,782.244 VND/khách,16:45,10 thg 5,17:40,10 thg 5,55m,"Đà Lạt (DLI)
Sân bay Liên Khương",Hành lý 0 kg,Hành lý xách tay 7 kg,07-05-2025
DLI0023,VietJet Air,1.158.047 VND/khách,09:55,10 thg 5,10:50,10 thg 5,55m,"Đà Lạt (DLI)
Sân bay Liên Khương",Hành lý 0 kg,Hành lý xách tay 7 kg,07-05-2025
DLI0115,Vietnam Airlines,1.250.748 VND/khách,17:25,10 thg 5,18:20,10 thg 5,55m,"Đà Lạt (DLI)
Sân bay Liên Khương",Hành lý 23 kg,Hành lý xách tay 10 kg,07-05-2025
DLI0024,VietJet Air,819.284 VND/khách,09:55,11 thg 5,10:50,11 thg 5,55m,"Đà Lạt (DLI)
Sân bay Liên Khương",Hành lý 0 kg,Hành lý xách tay 7 kg,07-05-2025
DLI0052,Vietnam Airlines,899.100 VND/khách,05:45,11 thg 5,06:40,11 thg 5,55m,"Đà Lạt (DLI)
Sân bay Liên Khương",Hành lý 0 kg,Hành lý xách tay 10 kg,07-05-2025
DLI0073,Vietnam Airlines,1.137.861 VND/khách,08:55,11 thg 5,09:50,11 thg 5,55m,"Đà Lạt (DLI)
Sân bay Liên Khương",Hành lý 23 kg,Hành lý xách tay 10 kg,07-05-2025
DLI0095,Vietnam Airlines,1.246.752 VND/khách,10:15,11 thg 5,11:10,11 thg 5,55m,"Đà Lạt (DLI)
Sân bay Liên Khương",Hành lý 23 kg,Hành lý xách tay 10 kg,07-05-2025
DLI0116,Vietnam Airlines,1.381.617 VND/khách,17:25,11 thg 5,18:20,11 thg 5,55m,"Đà Lạt (DLI)
Sân bay Liên Khương",Hành lý 23 kg,Hành lý xách tay 10 kg,07-05-2025
DLI0022,VietJet Air,1.181.040 VND/khách,09:55,09 thg 5,10:50,09 thg 5,55m,"Đà Lạt (DLI)
Sân bay Liên Khương",Hành lý 0 kg,Hành lý xách tay 7 kg,08-05-2025
DLI0051,Vietnam Airlines,1.389.659 VND/khách,05:45,09 thg 5,06:40,09 thg 5,55m,"Đà Lạt (DLI)
Sân bay Liên Khương",Hành lý 23 kg,Hành lý xách tay 10 kg,08-05-2025
DLI0071,Vietnam Airlines,1.812.186 VND/khách,08:55,09 thg 5,09:50,09 thg 5,55m,"Đà Lạt (DLI)
Sân bay Liên Khương",Hành lý 23 kg,Hành lý xách tay 10 kg,08-05-2025
DLI0093,Vietnam Airlines,2.020.977 VND/khách,10:15,09 thg 5,11:10,09 thg 5,55m,"Đà Lạt (DLI)
Sân bay Liên Khương",Hành lý 23 kg,Hành lý xách tay 10 kg,08-05-2025
DLI0007,Bamboo Airways,947.464 VND/khách,16:45,10 thg 5,17:40,10 thg 5,55m,"Đà Lạt (DLI)
Sân bay Liên Khương",Hành lý 0 kg,Hành lý xách tay 7 kg,08-05-2025
DLI0023,VietJet Air,1.133.160 VND/khách,09:55,10 thg 5,10:50,10 thg 5,55m,"Đà Lạt (DLI)
Sân bay Liên Khương",Hành lý 0 kg,Hành lý xách tay 7 kg,08-05-2025
DLI0115,Vietnam Airlines,1.343.655 VND/khách,17:25,10 thg 5,18:20,10 thg 5,55m,"Đà Lạt (DLI)
Sân bay Liên Khương",Hành lý 23 kg,Hành lý xách tay 10 kg,08-05-2025
DLI0072,Vietnam Airlines,1.997.001 VND/khách,08:55,10 thg 5,09:50,10 thg 5,55m,"Đà Lạt (DLI)
Sân bay Liên Khương",Hành lý 23 kg,Hành lý xách tay 10 kg,08-05-2025
DLI0024,VietJet Air,807.975 VND/khách,09:55,11 thg 5,10:50,11 thg 5,55m,"Đà Lạt (DLI)
Sân bay Liên Khương",Hành lý 0 kg,Hành lý xách tay 7 kg,08-05-2025
DLI0052,Vietnam Airlines,903.096 VND/khách,05:45,11 thg 5,06:40,11 thg 5,55m,"Đà Lạt (DLI)
Sân bay Liên Khương",Hành lý 0 kg,Hành lý xách tay 10 kg,08-05-2025
DLI0073,Vietnam Airlines,1.160.838 VND/khách,08:55,11 thg 5,09:50,11 thg 5,55m,"Đà Lạt (DLI)
Sân bay Liên Khương",Hành lý 23 kg,Hành lý xách tay 10 kg,08-05-2025
DLI0095,Vietnam Airlines,1.295.154 VND/khách,10:15,11 thg 5,11:10,11 thg 5,55m,"Đà Lạt (DLI)
Sân bay Liên Khương",Hành lý 23 kg,Hành lý xách tay 10 kg,08-05-2025
DLI0116,Vietnam Airlines,1.580.229 VND/khách,17:25,11 thg 5,18:20,11 thg 5,55m,"Đà Lạt (DLI)
Sân bay Liên Khương",Hành lý 23 kg,Hành lý xách tay 10 kg,08-05-2025
DLI0007,Bamboo Airways,1.211.612 VND/khách,16:45,10 thg 5,17:40,10 thg 5,55m,"Đà Lạt (DLI)
Sân bay Liên Khương",Hành lý 0 kg,Hành lý xách tay 7 kg,09-05-2025
DLI0115,Vietnam Airlines,1.562.436 VND/khách,17:25,10 thg 5,18:20,10 thg 5,55m,"Đà Lạt (DLI)
Sân bay Liên Khương",Hành lý 23 kg,Hành lý xách tay 10 kg,09-05-2025
DLI0023,VietJet Air,1.607.207 VND/khách,09:55,10 thg 5,10:50,10 thg 5,55m,"Đà Lạt (DLI)
Sân bay Liên Khương",Hành lý 0 kg,Hành lý xách tay 7 kg,09-05-2025
DLI0024,VietJet Air,798.000 VND/khách,09:55,11 thg 5,10:50,11 thg 5,55m,"Đà Lạt (DLI)
Sân bay Liên Khương",Hành lý 0 kg,Hành lý xách tay 7 kg,09-05-2025
DLI0052,Vietnam Airlines,1.007.991 VND/khách,05:45,11 thg 5,06:40,11 thg 5,55m,"Đà Lạt (DLI)
Sân bay Liên Khương",Hành lý 0 kg,Hành lý xách tay 10 kg,09-05-2025
DLI0073,Vietnam Airlines,1.161.837 VND/khách,08:55,11 thg 5,09:50,11 thg 5,55m,"Đà Lạt (DLI)
Sân bay Liên Khương",Hành lý 23 kg,Hành lý xách tay 10 kg,09-05-2025
DLI0095,Vietnam Airlines,1.366.161 VND/khách,10:15,11 thg 5,11:10,11 thg 5,55m,"Đà Lạt (DLI)
Sân bay Liên Khương",Hành lý 23 kg,Hành lý xách tay 10 kg,09-05-2025
DLI0116,Vietnam Airlines,1.593.405 VND/khách,17:25,11 thg 5,18:20,11 thg 5,55m,"Đà Lạt (DLI)
Sân bay Liên Khương",Hành lý 23 kg,Hành lý xách tay 10 kg,09-05-2025
DLI0045,Vietnam Airlines,1.942.056 VND/khách,05:45,01 thg 5,06:40,01 thg 5,55m,"Đà Lạt (DLI)
Sân bay Liên Khương",Hành lý 23 kg,Hành lý xách tay 1 x 12 kg,18-04-2025
DLI0001,Bamboo Airways,1.564.488 VND/khách,16:45,01 thg 5,17:40,01 thg 5,55m,"Đà Lạt (DLI)
Sân bay Liên Khương",Hành lý 0 kg,Hành lý xách tay 7 kg,18-04-2025
DLI0014,VietJet Air,1.578.045 VND/khách,09:55,01 thg 5,10:50,01 thg 5,55m,"Đà Lạt (DLI)
Sân bay Liên Khương",Hành lý 0 kg,Hành lý xách tay 7 kg,18-04-2025
DLI0029,VietJet Air,1.578.045 VND/khách,15:35,01 thg 5,16:30,01 thg 5,55m,"Đà Lạt (DLI)
Sân bay Liên Khương",Hành lý 0 kg,Hành lý xách tay 7 kg,18-04-2025
DLI0063,Vietnam Airlines,1.864.134 VND/khách,08:55,01 thg 5,09:50,01 thg 5,55m,"Đà Lạt (DLI)
Sân bay Liên Khương",Hành lý 23 kg,Hành lý xách tay 1 x 12 kg,18-04-2025
DLI0046,Vietnam Airlines,1.489.509 VND/khách,05:45,02 thg 5,06:40,02 thg 5,55m,"Đà Lạt (DLI)
Sân bay Liên Khương",Hành lý 23 kg,Hành lý xách tay 1 x 12 kg,18-04-2025
DLI0015,VietJet Air,1.139.145 VND/khách,09:55,02 thg 5,10:50,02 thg 5,55m,"Đà Lạt (DLI)
Sân bay Liên Khương",Hành lý 0 kg,Hành lý xách tay 7 kg,18-04-2025
DLI0030,VietJet Air,1.139.145 VND/khách,15:35,02 thg 5,16:30,02 thg 5,55m,"Đà Lạt (DLI)
Sân bay Liên Khương",Hành lý 0 kg,Hành lý xách tay 7 kg,18-04-2025
DLI0002,Bamboo Airways,1.376.831 VND/khách,16:45,02 thg 5,17:40,02 thg 5,55m,"Đà Lạt (DLI)
Sân bay Liên Khương",Hành lý 0 kg,Hành lý xách tay 7 kg,18-04-2025
DLI0123,Vietnam Airlines,1.489.509 VND/khách,21:10,02 thg 5,22:10,02 thg 5,1h 0m,"Đà Lạt (DLI)
Sân bay Liên Khương",Hành lý 23 kg,Hành lý xách tay 1 x 12 kg,18-04-2025
DLI0064,Vietnam Airlines,1.600.398 VND/khách,08:55,02 thg 5,09:50,02 thg 5,55m,"Đà Lạt (DLI)
Sân bay Liên Khương",Hành lý 23 kg,Hành lý xách tay 1 x 12 kg,18-04-2025
DLI0124,Vietnam Airlines,1.147.851 VND/khách,21:10,03 thg 5,22:10,03 thg 5,1h 0m,"Đà Lạt (DLI)
Sân bay Liên Khương",Hành lý 23 kg,Hành lý xách tay 1 x 12 kg,18-04-2025
DLI0003,Bamboo Airways,786.175 VND/khách,16:45,03 thg 5,17:40,03 thg 5,55m,"Đà Lạt (DLI)
Sân bay Liên Khương",Hành lý 0 kg,Hành lý xách tay 7 kg,18-04-2025
DLI0016,VietJet Air,799.995 VND/khách,09:55,03 thg 5,10:50,03 thg 5,55m,"Đà Lạt (DLI)
Sân bay Liên Khương",Hành lý 0 kg,Hành lý xách tay 7 kg,18-04-2025
DLI0031,VietJet Air,799.995 VND/khách,15:35,03 thg 5,16:30,03 thg 5,55m,"Đà Lạt (DLI)
Sân bay Liên Khương",Hành lý 0 kg,Hành lý xách tay 7 kg,18-04-2025
DLI0065,Vietnam Airlines,1.150.848 VND/khách,08:55,03 thg 5,09:50,03 thg 5,55m,"Đà Lạt (DLI)
Sân bay Liên Khương",Hành lý 23 kg,Hành lý xách tay 1 x 12 kg,18-04-2025
DLI0047,Vietnam Airlines,1.162.836 VND/khách,05:45,03 thg 5,06:40,03 thg 5,55m,"Đà Lạt (DLI)
Sân bay Liên Khương",Hành lý 23 kg,Hành lý xách tay 1 x 12 kg,18-04-2025
DLI0048,Vietnam Airlines,943.056 VND/khách,05:45,04 thg 5,06:40,04 thg 5,55m,"Đà Lạt (DLI)
Sân bay Liên Khương",Hành lý 0 kg,Hành lý xách tay 1 x 12 kg,18-04-2025
DLI0017,VietJet Air,799.995 VND/khách,09:55,04 thg 5,10:50,04 thg 5,55m,"Đà Lạt (DLI)
Sân bay Liên Khương",Hành lý 0 kg,Hành lý xách tay 7 kg,18-04-2025
DLI0004,Bamboo Airways,874.325 VND/khách,16:45,04 thg 5,17:40,04 thg 5,55m,"Đà Lạt (DLI)
Sân bay Liên Khương",Hành lý 0 kg,Hành lý xách tay 7 kg,18-04-2025
DLI0125,Vietnam Airlines,943.056 VND/khách,21:10,04 thg 5,22:10,04 thg 5,1h 0m,"Đà Lạt (DLI)
Sân bay Liên Khương",Hành lý 0 kg,Hành lý xách tay 1 x 12 kg,18-04-2025
DLI0066,Vietnam Airlines,945.054 VND/khách,08:55,04 thg 5,09:50,04 thg 5,55m,"Đà Lạt (DLI)
Sân bay Liên Khương",Hành lý 0 kg,Hành lý xách tay 1 x 12 kg,18-04-2025
DLI0032,VietJet Air,1.028.423 VND/khách,15:35,04 thg 5,16:30,04 thg 5,55m,"Đà Lạt (DLI)
Sân bay Liên Khương",Hành lý 0 kg,Hành lý xách tay 7 kg,18-04-2025
DLI0049,Vietnam Airlines,944.055 VND/khách,05:45,05 thg 5,06:40,05 thg 5,55m,"Đà Lạt (DLI)
Sân bay Liên Khương",Hành lý 0 kg,Hành lý xách tay 1 x 12 kg,18-04-2025
DLI0018,VietJet Air,799.995 VND/khách,09:55,05 thg 5,10:50,05 thg 5,55m,"Đà Lạt (DLI)
Sân bay Liên Khương",Hành lý 0 kg,Hành lý xách tay 7 kg,18-04-2025
DLI0067,Vietnam Airlines,940.059 VND/khách,08:55,05 thg 5,09:50,05 thg 5,55m,"Đà Lạt (DLI)
Sân bay Liên Khương",Hành lý 0 kg,Hành lý xách tay 1 x 12 kg,18-04-2025
DLI0089,Vietnam Airlines,1.162.836 VND/khách,10:15,05 thg 5,11:10,05 thg 5,55m,"Đà Lạt (DLI)
Sân bay Liên Khương",Hành lý 23 kg,Hành lý xách tay 1 x 12 kg,18-04-2025
DLI0111,Vietnam Airlines,943.056 VND/khách,17:25,06 thg 5,18:20,06 thg 5,55m,"Đà Lạt (DLI)
Sân bay Liên Khương",Hành lý 0 kg,Hành lý xách tay 1 x 12 kg,18-04-2025
DLI0005,Bamboo Airways,782.244 VND/khách,16:45,06 thg 5,17:40,06 thg 5,55m,"Đà Lạt (DLI)
Sân bay Liên Khương",Hành lý 0 kg,Hành lý xách tay 7 kg,18-04-2025
DLI0019,VietJet Air,799.995 VND/khách,09:55,06 thg 5,10:50,06 thg 5,55m,"Đà Lạt (DLI)
Sân bay Liên Khương",Hành lý 0 kg,Hành lý xách tay 7 kg,18-04-2025
DLI0068,Vietnam Airlines,943.056 VND/khách,08:55,06 thg 5,09:50,06 thg 5,55m,"Đà Lạt (DLI)
Sân bay Liên Khương",Hành lý 0 kg,Hành lý xách tay 1 x 12 kg,18-04-2025
DLI0090,Vietnam Airlines,1.162.836 VND/khách,10:15,06 thg 5,11:10,06 thg 5,55m,"Đà Lạt (DLI)
Sân bay Liên Khương",Hành lý 23 kg,Hành lý xách tay 1 x 12 kg,18-04-2025
DLI0050,Vietnam Airlines,943.056 VND/khách,05:45,07 thg 5,06:40,07 thg 5,55m,"Đà Lạt (DLI)
Sân bay Liên Khương",Hành lý 0 kg,Hành lý xách tay 1 x 12 kg,18-04-2025
DLI0020,VietJet Air,799.995 VND/khách,09:55,07 thg 5,10:50,07 thg 5,55m,"Đà Lạt (DLI)
Sân bay Liên Khương",Hành lý 0 kg,Hành lý xách tay 7 kg,18-04-2025
DLI0069,Vietnam Airlines,943.056 VND/khách,08:55,07 thg 5,09:50,07 thg 5,55m,"Đà Lạt (DLI)
Sân bay Liên Khương",Hành lý 0 kg,Hành lý xách tay 1 x 12 kg,18-04-2025
DLI0112,Vietnam Airlines,1.150.848 VND/khách,17:25,07 thg 5,18:20,07 thg 5,55m,"Đà Lạt (DLI)
Sân bay Liên Khương",Hành lý 23 kg,Hành lý xách tay 1 x 12 kg,18-04-2025
DLI0113,Vietnam Airlines,1.161.837 VND/khách,17:25,08 thg 5,18:20,08 thg 5,55m,"Đà Lạt (DLI)
Sân bay Liên Khương",Hành lý 23 kg,Hành lý xách tay 1 x 12 kg,18-04-2025
DLI0006,Bamboo Airways,786.175 VND/khách,16:45,08 thg 5,17:40,08 thg 5,55m,"Đà Lạt (DLI)
Sân bay Liên Khương",Hành lý 0 kg,Hành lý xách tay 7 kg,18-04-2025
DLI0021,VietJet Air,799.995 VND/khách,09:55,08 thg 5,10:50,08 thg 5,55m,"Đà Lạt (DLI)
Sân bay Liên Khương",Hành lý 0 kg,Hành lý xách tay 7 kg,18-04-2025
DLI0070,Vietnam Airlines,1.080.918 VND/khách,08:55,08 thg 5,09:50,08 thg 5,55m,"Đà Lạt (DLI)
Sân bay Liên Khương",Hành lý 23 kg,Hành lý xách tay 1 x 12 kg,18-04-2025
DLI0053,Vietnam Airlines,1.166.832 VND/khách,05:45,21 thg 4,06:40,21 thg 4,55m,"Đà Lạt (DLI)
Sân bay Liên Khương",Hành lý 23 kg,Hành lý xách tay 1 x 12 kg,18-04-2025
DLI0033,VietJet Air,799.995 VND/khách,15:35,21 thg 4,16:30,21 thg 4,55m,"Đà Lạt (DLI)
Sân bay Liên Khương",Hành lý 0 kg,Hành lý xách tay 7 kg,18-04-2025
DLI0117,Vietnam Airlines,1.365.633 VND/khách,17:25,21 thg 4,18:20,21 thg 4,55m,"Đà Lạt (DLI)
Sân bay Liên Khương",Hành lý 23 kg,Hành lý xách tay 1 x 12 kg,18-04-2025
DLI0054,Vietnam Airlines,1.013.985 VND/khách,05:45,22 thg 4,06:40,22 thg 4,55m,"Đà Lạt (DLI)
Sân bay Liên Khương",Hành lý 0 kg,Hành lý xách tay 1 x 12 kg,18-04-2025
DLI0008,Bamboo Airways,869.953 VND/khách,16:45,22 thg 4,17:40,22 thg 4,55m,"Đà Lạt (DLI)
Sân bay Liên Khương",Hành lý 0 kg,Hành lý xách tay 7 kg,18-04-2025
DLI0034,VietJet Air,1.028.423 VND/khách,15:35,22 thg 4,16:30,22 thg 4,55m,"Đà Lạt (DLI)
Sân bay Liên Khương",Hành lý 0 kg,Hành lý xách tay 7 kg,18-04-2025
DLI0118,Vietnam Airlines,1.162.836 VND/khách,17:25,22 thg 4,18:20,22 thg 4,55m,"Đà Lạt (DLI)
Sân bay Liên Khương",Hành lý 23 kg,Hành lý xách tay 1 x 12 kg,18-04-2025
DLI0055,Vietnam Airlines,1.162.836 VND/khách,05:45,23 thg 4,06:40,23 thg 4,55m,"Đà Lạt (DLI)
Sân bay Liên Khương",Hành lý 23 kg,Hành lý xách tay 1 x 12 kg,18-04-2025
DLI0035,VietJet Air,799.995 VND/khách,15:35,23 thg 4,16:30,23 thg 4,55m,"Đà Lạt (DLI)
Sân bay Liên Khương",Hành lý 0 kg,Hành lý xách tay 7 kg,18-04-2025
DLI0119,Vietnam Airlines,1.237.761 VND/khách,17:25,23 thg 4,18:20,23 thg 4,55m,"Đà Lạt (DLI)
Sân bay Liên Khương",Hành lý 23 kg,Hành lý xách tay 1 x 12 kg,18-04-2025
DLI0056,Vietnam Airlines,1.233.765 VND/khách,05:45,24 thg 4,06:40,24 thg 4,55m,"Đà Lạt (DLI)
Sân bay Liên Khương",Hành lý 23 kg,Hành lý xách tay 1 x 12 kg,18-04-2025
DLI0009,Bamboo Airways,1.080.048 VND/khách,16:45,24 thg 4,17:40,24 thg 4,55m,"Đà Lạt (DLI)
Sân bay Liên Khương",Hành lý 0 kg,Hành lý xách tay 7 kg,18-04-2025
DLI0036,VietJet Air,1.139.145 VND/khách,15:35,24 thg 4,16:30,24 thg 4,55m,"Đà Lạt (DLI)
Sân bay Liên Khương",Hành lý 0 kg,Hành lý xách tay 7 kg,18-04-2025
DLI0057,Vietnam Airlines,1.274.724 VND/khách,05:45,25 thg 4,06:40,25 thg 4,55m,"Đà Lạt (DLI)
Sân bay Liên Khương",Hành lý 23 kg,Hành lý xách tay 1 x 12 kg,18-04-2025
DLI0037,VietJet Air,1.139.145 VND/khách,15:35,25 thg 4,16:30,25 thg 4,55m,"Đà Lạt (DLI)
Sân bay Liên Khương",Hành lý 0 kg,Hành lý xách tay 7 kg,18-04-2025
DLI0129,Vietnam Airlines,1.393.605 VND/khách,21:10,25 thg 4,22:10,25 thg 4,1h 0m,"Đà Lạt (DLI)
Sân bay Liên Khương",Hành lý 23 kg,Hành lý xách tay 1 x 12 kg,18-04-2025
DLI0130,Vietnam Airlines,1.151.847 VND/khách,21:10,26 thg 4,22:10,26 thg 4,1h 0m,"Đà Lạt (DLI)
Sân bay Liên Khương",Hành lý 23 kg,Hành lý xách tay 1 x 12 kg,18-04-2025
DLI0010,Bamboo Airways,1.080.048 VND/khách,16:45,26 thg 4,17:40,26 thg 4,55m,"Đà Lạt (DLI)
Sân bay Liên Khương",Hành lý 0 kg,Hành lý xách tay 7 kg,18-04-2025
DLI0038,VietJet Air,1.285.778 VND/khách,15:35,26 thg 4,16:30,26 thg 4,55m,"Đà Lạt (DLI)
Sân bay Liên Khương",Hành lý 0 kg,Hành lý xách tay 7 kg,18-04-2025
DLI0108,Vietnam Airlines,1.501.497 VND/khách,12:05,26 thg 4,13:00,26 thg 4,55m,"Đà Lạt (DLI)
Sân bay Liên Khương",Hành lý 23 kg,Hành lý xách tay 1 x 12 kg,18-04-2025
DLI0121,Vietnam Airlines,981.018 VND/khách,20:10,27 thg 4,21:05,27 thg 4,55m,"Đà Lạt (DLI)
Sân bay Liên Khương",Hành lý 0 kg,Hành lý xách tay 1 x 12 kg,18-04-2025
DLI0131,Vietnam Airlines,981.018 VND/khách,21:10,27 thg 4,22:10,27 thg 4,1h 0m,"Đà Lạt (DLI)
Sân bay Liên Khương",Hành lý 0 kg,Hành lý xách tay 1 x 12 kg,18-04-2025
DLI0059,Vietnam Airlines,1.166.832 VND/khách,05:45,27 thg 4,06:40,27 thg 4,55m,"Đà Lạt (DLI)
Sân bay Liên Khương",Hành lý 23 kg,Hành lý xách tay 1 x 12 kg,18-04-2025
DLI0080,Vietnam Airlines,1.166.832 VND/khách,08:55,27 thg 4,09:50,27 thg 4,55m,"Đà Lạt (DLI)
Sân bay Liên Khương",Hành lý 23 kg,Hành lý xách tay 1 x 12 kg,18-04-2025
DLI0039,VietJet Air,1.285.778 VND/khách,15:35,27 thg 4,16:30,27 thg 4,55m,"Đà Lạt (DLI)
Sân bay Liên Khương",Hành lý 0 kg,Hành lý xách tay 7 kg,18-04-2025
DLI0060,Vietnam Airlines,981.018 VND/khách,05:45,28 thg 4,06:40,28 thg 4,55m,"Đà Lạt (DLI)
Sân bay Liên Khương",Hành lý 0 kg,Hành lý xách tay 1 x 12 kg,18-04-2025
DLI0081,Vietnam Airlines,1.162.836 VND/khách,08:55,28 thg 4,09:50,28 thg 4,55m,"Đà Lạt (DLI)
Sân bay Liên Khương",Hành lý 23 kg,Hành lý xách tay 1 x 12 kg,18-04-2025
DLI0040,VietJet Air,1.285.778 VND/khách,15:35,28 thg 4,16:30,28 thg 4,55m,"Đà Lạt (DLI)
Sân bay Liên Khương",Hành lý 0 kg,Hành lý xách tay 7 kg,18-04-2025
DLI0132,Vietnam Airlines,1.371.627 VND/khách,21:10,28 thg 4,22:10,28 thg 4,1h 0m,"Đà Lạt (DLI)
Sân bay Liên Khương",Hành lý 23 kg,Hành lý xách tay 1 x 12 kg,18-04-2025
DLI0061,Vietnam Airlines,1.937.061 VND/khách,05:45,29 thg 4,06:40,29 thg 4,55m,"Đà Lạt (DLI)
Sân bay Liên Khương",Hành lý 23 kg,Hành lý xách tay 1 x 12 kg,18-04-2025
DLI0025,VietJet Air,1.578.045 VND/khách,09:55,29 thg 4,10:50,29 thg 4,55m,"Đà Lạt (DLI)
Sân bay Liên Khương",Hành lý 0 kg,Hành lý xách tay 7 kg,18-04-2025
DLI0082,Vietnam Airlines,1.791.207 VND/khách,08:55,29 thg 4,09:50,29 thg 4,55m,"Đà Lạt (DLI)
Sân bay Liên Khương",Hành lý 23 kg,Hành lý xách tay 1 x 12 kg,18-04-2025
DLI0041,VietJet Air,1.812.458 VND/khách,15:35,29 thg 4,16:30,29 thg 4,55m,"Đà Lạt (DLI)
Sân bay Liên Khương",Hành lý 0 kg,Hành lý xách tay 7 kg,18-04-2025
DLI0011,Bamboo Airways,1.828.636 VND/khách,16:45,29 thg 4,17:40,29 thg 4,55m,"Đà Lạt (DLI)
Sân bay Liên Khương",Hành lý 20 kg,Hành lý xách tay 7 kg,18-04-2025
DLI0133,Vietnam Airlines,1.985.013 VND/khách,21:10,29 thg 4,22:10,29 thg 4,1h 0m,"Đà Lạt (DLI)
Sân bay Liên Khương",Hành lý 23 kg,Hành lý xách tay 1 x 12 kg,18-04-2025
DLI0107,Vietnam Airlines,2.010.987 VND/khách,11:45,29 thg 4,12:40,29 thg 4,55m,"Đà Lạt (DLI)
Sân bay Liên Khương",Hành lý 23 kg,Hành lý xách tay 1 x 12 kg,18-04-2025
DLI0134,Vietnam Airlines,1.942.056 VND/khách,21:10,30 thg 4,22:10,30 thg 4,1h 0m,"Đà Lạt (DLI)
Sân bay Liên Khương",Hành lý 23 kg,Hành lý xách tay 1 x 12 kg,18-04-2025
DLI0012,Bamboo Airways,1.564.488 VND/khách,16:45,30 thg 4,17:40,30 thg 4,55m,"Đà Lạt (DLI)
Sân bay Liên Khương",Hành lý 0 kg,Hành lý xách tay 7 kg,18-04-2025
DLI0042,VietJet Air,1.578.045 VND/khách,15:35,30 thg 4,16:30,30 thg 4,55m,"Đà Lạt (DLI)
Sân bay Liên Khương",Hành lý 0 kg,Hành lý xách tay 7 kg,18-04-2025
DLI0026,VietJet Air,1.895.250 VND/khách,09:55,30 thg 4,10:50,30 thg 4,55m,"Đà Lạt (DLI)
Sân bay Liên Khương",Hành lý 0 kg,Hành lý xách tay 7 kg,18-04-2025
DLI0062,Vietnam Airlines,1.983.015 VND/khách,05:45,30 thg 4,06:40,30 thg 4,55m,"Đà Lạt (DLI)
Sân bay Liên Khương",Hành lý 23 kg,Hành lý xách tay 1 x 12 kg,18-04-2025
DLI0045,Vietnam Airlines,1.869.129 VND/khách,05:45,01 thg 5,06:40,01 thg 5,55m,"Đà Lạt (DLI)
Sân bay Liên Khương",Hành lý 23 kg,Hành lý xách tay 1 x 12 kg,19-04-2025
DLI0001,Bamboo Airways,1.564.488 VND/khách,16:45,01 thg 5,17:40,01 thg 5,55m,"Đà Lạt (DLI)
Sân bay Liên Khương",Hành lý 0 kg,Hành lý xách tay 7 kg,19-04-2025
DLI0014,VietJet Air,1.609.965 VND/khách,09:55,01 thg 5,10:50,01 thg 5,55m,"Đà Lạt (DLI)
Sân bay Liên Khương",Hành lý 0 kg,Hành lý xách tay 7 kg,19-04-2025
DLI0029,VietJet Air,1.609.965 VND/khách,15:35,01 thg 5,16:30,01 thg 5,55m,"Đà Lạt (DLI)
Sân bay Liên Khương",Hành lý 0 kg,Hành lý xách tay 7 kg,19-04-2025
DLI0063,Vietnam Airlines,1.865.133 VND/khách,08:55,01 thg 5,09:50,01 thg 5,55m,"Đà Lạt (DLI)
Sân bay Liên Khương",Hành lý 23 kg,Hành lý xách tay 1 x 12 kg,19-04-2025
DLI0046,Vietnam Airlines,1.516.482 VND/khách,05:45,02 thg 5,06:40,02 thg 5,55m,"Đà Lạt (DLI)
Sân bay Liên Khương",Hành lý 23 kg,Hành lý xách tay 1 x 12 kg,19-04-2025
DLI0015,VietJet Air,1.169.070 VND/khách,09:55,02 thg 5,10:50,02 thg 5,55m,"Đà Lạt (DLI)
Sân bay Liên Khương",Hành lý 0 kg,Hành lý xách tay 7 kg,19-04-2025
DLI0030,VietJet Air,1.169.070 VND/khách,15:35,02 thg 5,16:30,02 thg 5,55m,"Đà Lạt (DLI)
Sân bay Liên Khương",Hành lý 0 kg,Hành lý xách tay 7 kg,19-04-2025
DLI0002,Bamboo Airways,1.211.612 VND/khách,16:45,02 thg 5,17:40,02 thg 5,55m,"Đà Lạt (DLI)
Sân bay Liên Khương",Hành lý 0 kg,Hành lý xách tay 7 kg,19-04-2025
DLI0123,Vietnam Airlines,1.516.482 VND/khách,21:10,02 thg 5,22:10,02 thg 5,1h 0m,"Đà Lạt (DLI)
Sân bay Liên Khương",Hành lý 23 kg,Hành lý xách tay 1 x 12 kg,19-04-2025
DLI0064,Vietnam Airlines,1.631.292 VND/khách,08:55,02 thg 5,09:50,02 thg 5,55m,"Đà Lạt (DLI)
Sân bay Liên Khương",Hành lý 23 kg,Hành lý xách tay 1 x 12 kg,19-04-2025
DLI0086,Vietnam Airlines,1.631.292 VND/khách,10:15,02 thg 5,11:10,02 thg 5,55m,"Đà Lạt (DLI)
Sân bay Liên Khương",Hành lý 23 kg,Hành lý xách tay 1 x 12 kg,19-04-2025
DLI0124,Vietnam Airlines,1.147.851 VND/khách,21:10,03 thg 5,22:10,03 thg 5,1h 0m,"Đà Lạt (DLI)
Sân bay Liên Khương",Hành lý 23 kg,Hành lý xách tay 1 x 12 kg,19-04-2025
DLI0003,Bamboo Airways,782.244 VND/khách,16:45,03 thg 5,17:40,03 thg 5,55m,"Đà Lạt (DLI)
Sân bay Liên Khương",Hành lý 0 kg,Hành lý xách tay 7 kg,19-04-2025
DLI0016,VietJet Air,827.925 VND/khách,09:55,03 thg 5,10:50,03 thg 5,55m,"Đà Lạt (DLI)
Sân bay Liên Khương",Hành lý 0 kg,Hành lý xách tay 7 kg,19-04-2025
DLI0031,VietJet Air,827.925 VND/khách,15:35,03 thg 5,16:30,03 thg 5,55m,"Đà Lạt (DLI)
Sân bay Liên Khương",Hành lý 0 kg,Hành lý xách tay 7 kg,19-04-2025
DLI0047,Vietnam Airlines,1.162.836 VND/khách,05:45,03 thg 5,06:40,03 thg 5,55m,"Đà Lạt (DLI)
Sân bay Liên Khương",Hành lý 23 kg,Hành lý xách tay 1 x 12 kg,19-04-2025
DLI0065,Vietnam Airlines,1.170.828 VND/khách,08:55,03 thg 5,09:50,03 thg 5,55m,"Đà Lạt (DLI)
Sân bay Liên Khương",Hành lý 23 kg,Hành lý xách tay 1 x 12 kg,19-04-2025
DLI0048,Vietnam Airlines,944.055 VND/khách,05:45,04 thg 5,06:40,04 thg 5,55m,"Đà Lạt (DLI)
Sân bay Liên Khương",Hành lý 0 kg,Hành lý xách tay 1 x 12 kg,19-04-2025
DLI0017,VietJet Air,827.925 VND/khách,09:55,04 thg 5,10:50,04 thg 5,55m,"Đà Lạt (DLI)
Sân bay Liên Khương",Hành lý 0 kg,Hành lý xách tay 7 kg,19-04-2025
DLI0004,Bamboo Airways,869.953 VND/khách,16:45,04 thg 5,17:40,04 thg 5,55m,"Đà Lạt (DLI)
Sân bay Liên Khương",Hành lý 0 kg,Hành lý xách tay 7 kg,19-04-2025
DLI0066,Vietnam Airlines,944.055 VND/khách,08:55,04 thg 5,09:50,04 thg 5,55m,"Đà Lạt (DLI)
Sân bay Liên Khương",Hành lý 0 kg,Hành lý xách tay 1 x 12 kg,19-04-2025
DLI0125,Vietnam Airlines,944.055 VND/khách,21:10,04 thg 5,22:10,04 thg 5,1h 0m,"Đà Lạt (DLI)
Sân bay Liên Khương",Hành lý 0 kg,Hành lý xách tay 1 x 12 kg,19-04-2025
DLI0032,VietJet Air,1.054.358 VND/khách,15:35,04 thg 5,16:30,04 thg 5,55m,"Đà Lạt (DLI)
Sân bay Liên Khương",Hành lý 0 kg,Hành lý xách tay 7 kg,19-04-2025
DLI0049,Vietnam Airlines,944.055 VND/khách,05:45,05 thg 5,06:40,05 thg 5,55m,"Đà Lạt (DLI)
Sân bay Liên Khương",Hành lý 0 kg,Hành lý xách tay 1 x 12 kg,19-04-2025
DLI0018,VietJet Air,827.925 VND/khách,09:55,05 thg 5,10:50,05 thg 5,55m,"Đà Lạt (DLI)
Sân bay Liên Khương",Hành lý 0 kg,Hành lý xách tay 7 kg,19-04-2025
DLI0067,Vietnam Airlines,940.059 VND/khách,08:55,05 thg 5,09:50,05 thg 5,55m,"Đà Lạt (DLI)
Sân bay Liên Khương",Hành lý 0 kg,Hành lý xách tay 1 x 12 kg,19-04-2025
DLI0089,Vietnam Airlines,1.159.839 VND/khách,10:15,05 thg 5,11:10,05 thg 5,55m,"Đà Lạt (DLI)
Sân bay Liên Khương",Hành lý 23 kg,Hành lý xách tay 1 x 12 kg,19-04-2025
DLI0111,Vietnam Airlines,937.062 VND/khách,17:25,06 thg 5,18:20,06 thg 5,55m,"Đà Lạt (DLI)
Sân bay Liên Khương",Hành lý 0 kg,Hành lý xách tay 1 x 12 kg,19-04-2025
DLI0005,Bamboo Airways,786.175 VND/khách,16:45,06 thg 5,17:40,06 thg 5,55m,"Đà Lạt (DLI)
Sân bay Liên Khương",Hành lý 0 kg,Hành lý xách tay 7 kg,19-04-2025
DLI0019,VietJet Air,827.925 VND/khách,09:55,06 thg 5,10:50,06 thg 5,55m,"Đà Lạt (DLI)
Sân bay Liên Khương",Hành lý 0 kg,Hành lý xách tay 7 kg,19-04-2025
DLI0068,Vietnam Airlines,944.055 VND/khách,08:55,06 thg 5,09:50,06 thg 5,55m,"Đà Lạt (DLI)
Sân bay Liên Khương",Hành lý 0 kg,Hành lý xách tay 1 x 12 kg,19-04-2025
DLI0050,Vietnam Airlines,944.055 VND/khách,05:45,07 thg 5,06:40,07 thg 5,55m,"Đà Lạt (DLI)
Sân bay Liên Khương",Hành lý 0 kg,Hành lý xách tay 1 x 12 kg,19-04-2025
DLI0020,VietJet Air,827.925 VND/khách,09:55,07 thg 5,10:50,07 thg 5,55m,"Đà Lạt (DLI)
Sân bay Liên Khương",Hành lý 0 kg,Hành lý xách tay 7 kg,19-04-2025
DLI0069,Vietnam Airlines,944.055 VND/khách,08:55,07 thg 5,09:50,07 thg 5,55m,"Đà Lạt (DLI)
Sân bay Liên Khương",Hành lý 0 kg,Hành lý xách tay 1 x 12 kg,19-04-2025
DLI0112,Vietnam Airlines,1.151.847 VND/khách,17:25,07 thg 5,18:20,07 thg 5,55m,"Đà Lạt (DLI)
Sân bay Liên Khương",Hành lý 23 kg,Hành lý xách tay 1 x 12 kg,19-04-2025
DLI0113,Vietnam Airlines,1.159.839 VND/khách,17:25,08 thg 5,18:20,08 thg 5,55m,"Đà Lạt (DLI)
Sân bay Liên Khương",Hành lý 23 kg,Hành lý xách tay 1 x 12 kg,19-04-2025
DLI0021,VietJet Air,827.925 VND/khách,09:55,08 thg 5,10:50,08 thg 5,55m,"Đà Lạt (DLI)
Sân bay Liên Khương",Hành lý 0 kg,Hành lý xách tay 7 kg,19-04-2025
DLI0070,Vietnam Airlines,1.092.906 VND/khách,08:55,08 thg 5,09:50,08 thg 5,55m,"Đà Lạt (DLI)
Sân bay Liên Khương",Hành lý 23 kg,Hành lý xách tay 1 x 12 kg,19-04-2025
DLI0006,Bamboo Airways,1.151.075 VND/khách,16:45,08 thg 5,17:40,08 thg 5,55m,"Đà Lạt (DLI)
Sân bay Liên Khương",Hành lý 0 kg,Hành lý xách tay 7 kg,19-04-2025
DLI0114,Vietnam Airlines,1.234.764 VND/khách,17:25,09 thg 5,18:20,09 thg 5,55m,"Đà Lạt (DLI)
Sân bay Liên Khương",Hành lý 23 kg,Hành lý xách tay 1 x 12 kg,19-04-2025
DLI0022,VietJet Air,1.306.725 VND/khách,09:55,09 thg 5,10:50,09 thg 5,55m,"Đà Lạt (DLI)
Sân bay Liên Khương",Hành lý 0 kg,Hành lý xách tay 7 kg,19-04-2025
DLI0051,Vietnam Airlines,1.382.616 VND/khách,05:45,09 thg 5,06:40,09 thg 5,55m,"Đà Lạt (DLI)
Sân bay Liên Khương",Hành lý 23 kg,Hành lý xách tay 1 x 12 kg,19-04-2025
DLI0093,Vietnam Airlines,1.490.508 VND/khách,10:15,09 thg 5,11:10,09 thg 5,55m,"Đà Lạt (DLI)
Sân bay Liên Khương",Hành lý 23 kg,Hành lý xách tay 1 x 12 kg,19-04-2025
DLI0053,Vietnam Airlines,1.363.635 VND/khách,05:45,21 thg 4,06:40,21 thg 4,55m,"Đà Lạt (DLI)
Sân bay Liên Khương",Hành lý 23 kg,Hành lý xách tay 1 x 12 kg,19-04-2025
DLI0033,VietJet Air,1.176.053 VND/khách,15:35,21 thg 4,16:30,21 thg 4,55m,"Đà Lạt (DLI)
Sân bay Liên Khương",Hành lý 0 kg,Hành lý xách tay 7 kg,19-04-2025
DLI0117,Vietnam Airlines,1.579.419 VND/khách,17:25,21 thg 4,18:20,21 thg 4,55m,"Đà Lạt (DLI)
Sân bay Liên Khương",Hành lý 23 kg,Hành lý xách tay 1 x 12 kg,19-04-2025
DLI0054,Vietnam Airlines,1.133.865 VND/khách,05:45,22 thg 4,06:40,22 thg 4,55m,"Đà Lạt (DLI)
Sân bay Liên Khương",Hành lý 23 kg,Hành lý xách tay 1 x 12 kg,19-04-2025
DLI0008,Bamboo Airways,947.464 VND/khách,16:45,22 thg 4,17:40,22 thg 4,55m,"Đà Lạt (DLI)
Sân bay Liên Khương",Hành lý 0 kg,Hành lý xách tay 7 kg,19-04-2025
DLI0034,VietJet Air,1.054.358 VND/khách,15:35,22 thg 4,16:30,22 thg 4,55m,"Đà Lạt (DLI)
Sân bay Liên Khương",Hành lý 0 kg,Hành lý xách tay 7 kg,19-04-2025
DLI0055,Vietnam Airlines,1.133.865 VND/khách,05:45,23 thg 4,06:40,23 thg 4,55m,"Đà Lạt (DLI)
Sân bay Liên Khương",Hành lý 23 kg,Hành lý xách tay 1 x 12 kg,19-04-2025
DLI0035,VietJet Air,827.925 VND/khách,15:35,23 thg 4,16:30,23 thg 4,55m,"Đà Lạt (DLI)
Sân bay Liên Khương",Hành lý 0 kg,Hành lý xách tay 7 kg,19-04-2025
DLI0056,Vietnam Airlines,1.215.783 VND/khách,05:45,24 thg 4,06:40,24 thg 4,55m,"Đà Lạt (DLI)
Sân bay Liên Khương",Hành lý 23 kg,Hành lý xách tay 1 x 12 kg,19-04-2025
DLI0009,Bamboo Airways,1.080.048 VND/khách,16:45,24 thg 4,17:40,24 thg 4,55m,"Đà Lạt (DLI)
Sân bay Liên Khương",Hành lý 0 kg,Hành lý xách tay 7 kg,19-04-2025
DLI0036,VietJet Air,1.172.063 VND/khách,15:35,24 thg 4,16:30,24 thg 4,55m,"Đà Lạt (DLI)
Sân bay Liên Khương",Hành lý 0 kg,Hành lý xách tay 7 kg,19-04-2025
DLI0057,Vietnam Airlines,1.274.724 VND/khách,05:45,25 thg 4,06:40,25 thg 4,55m,"Đà Lạt (DLI)
Sân bay Liên Khương",Hành lý 23 kg,Hành lý xách tay 1 x 12 kg,19-04-2025
DLI0037,VietJet Air,1.169.070 VND/khách,15:35,25 thg 4,16:30,25 thg 4,55m,"Đà Lạt (DLI)
Sân bay Liên Khương",Hành lý 0 kg,Hành lý xách tay 7 kg,19-04-2025
DLI0129,Vietnam Airlines,1.389.609 VND/khách,21:10,25 thg 4,22:10,25 thg 4,1h 0m,"Đà Lạt (DLI)
Sân bay Liên Khương",Hành lý 23 kg,Hành lý xách tay 1 x 12 kg,19-04-2025
DLI0130,Vietnam Airlines,1.151.847 VND/khách,21:10,26 thg 4,22:10,26 thg 4,1h 0m,"Đà Lạt (DLI)
Sân bay Liên Khương",Hành lý 23 kg,Hành lý xách tay 1 x 12 kg,19-04-2025
DLI0038,VietJet Air,1.306.725 VND/khách,15:35,26 thg 4,16:30,26 thg 4,55m,"Đà Lạt (DLI)
Sân bay Liên Khương",Hành lý 0 kg,Hành lý xách tay 7 kg,19-04-2025
DLI0108,Vietnam Airlines,1.579.419 VND/khách,12:05,26 thg 4,13:00,26 thg 4,55m,"Đà Lạt (DLI)
Sân bay Liên Khương",Hành lý 23 kg,Hành lý xách tay 1 x 12 kg,19-04-2025
DLI0058,Vietnam Airlines,1.802.196 VND/khách,05:45,26 thg 4,06:40,26 thg 4,55m,"Đà Lạt (DLI)
Sân bay Liên Khương",Hành lý 23 kg,Hành lý xách tay 1 x 12 kg,19-04-2025
DLI0131,Vietnam Airlines,982.017 VND/khách,21:10,27 thg 4,22:10,27 thg 4,1h 0m,"Đà Lạt (DLI)
Sân bay Liên Khương",Hành lý 0 kg,Hành lý xách tay 1 x 12 kg,19-04-2025
DLI0059,Vietnam Airlines,1.162.836 VND/khách,05:45,27 thg 4,06:40,27 thg 4,55m,"Đà Lạt (DLI)
Sân bay Liên Khương",Hành lý 23 kg,Hành lý xách tay 1 x 12 kg,19-04-2025
DLI0121,Vietnam Airlines,1.162.836 VND/khách,20:10,27 thg 4,21:05,27 thg 4,55m,"Đà Lạt (DLI)
Sân bay Liên Khương",Hành lý 23 kg,Hành lý xách tay 1 x 12 kg,19-04-2025
DLI0080,Vietnam Airlines,1.263.735 VND/khách,08:55,27 thg 4,09:50,27 thg 4,55m,"Đà Lạt (DLI)
Sân bay Liên Khương",Hành lý 23 kg,Hành lý xách tay 1 x 12 kg,19-04-2025
DLI0039,VietJet Air,1.306.725 VND/khách,15:35,27 thg 4,16:30,27 thg 4,55m,"Đà Lạt (DLI)
Sân bay Liên Khương",Hành lý 0 kg,Hành lý xách tay 7 kg,19-04-2025
DLI0060,Vietnam Airlines,982.017 VND/khách,05:45,28 thg 4,06:40,28 thg 4,55m,"Đà Lạt (DLI)
Sân bay Liên Khương",Hành lý 0 kg,Hành lý xách tay 1 x 12 kg,19-04-2025
DLI0081,Vietnam Airlines,1.263.735 VND/khách,08:55,28 thg 4,09:50,28 thg 4,55m,"Đà Lạt (DLI)
Sân bay Liên Khương",Hành lý 23 kg,Hành lý xách tay 1 x 12 kg,19-04-2025
DLI0040,VietJet Air,1.306.725 VND/khách,15:35,28 thg 4,16:30,28 thg 4,55m,"Đà Lạt (DLI)
Sân bay Liên Khương",Hành lý 0 kg,Hành lý xách tay 7 kg,19-04-2025
DLI0132,Vietnam Airlines,1.486.512 VND/khách,21:10,28 thg 4,22:10,28 thg 4,1h 0m,"Đà Lạt (DLI)
Sân bay Liên Khương",Hành lý 23 kg,Hành lý xách tay 1 x 12 kg,19-04-2025
DLI0061,Vietnam Airlines,1.887.111 VND/khách,05:45,29 thg 4,06:40,29 thg 4,55m,"Đà Lạt (DLI)
Sân bay Liên Khương",Hành lý 23 kg,Hành lý xách tay 1 x 12 kg,19-04-2025
DLI0025,VietJet Air,1.609.965 VND/khách,09:55,29 thg 4,10:50,29 thg 4,55m,"Đà Lạt (DLI)
Sân bay Liên Khương",Hành lý 0 kg,Hành lý xách tay 7 kg,19-04-2025
DLI0082,Vietnam Airlines,1.794.204 VND/khách,08:55,29 thg 4,09:50,29 thg 4,55m,"Đà Lạt (DLI)
Sân bay Liên Khương",Hành lý 23 kg,Hành lý xách tay 1 x 12 kg,19-04-2025
DLI0041,VietJet Air,1.836.398 VND/khách,15:35,29 thg 4,16:30,29 thg 4,55m,"Đà Lạt (DLI)
Sân bay Liên Khương",Hành lý 0 kg,Hành lý xách tay 7 kg,19-04-2025
DLI0011,Bamboo Airways,1.934.703 VND/khách,16:45,29 thg 4,17:40,29 thg 4,55m,"Đà Lạt (DLI)
Sân bay Liên Khương",Hành lý 20 kg,Hành lý xách tay 7 kg,19-04-2025
DLI0104,Vietnam Airlines,2.006.991 VND/khách,10:15,29 thg 4,11:10,29 thg 4,55m,"Đà Lạt (DLI)
Sân bay Liên Khương",Hành lý 23 kg,Hành lý xách tay 1 x 12 kg,19-04-2025
DLI0107,Vietnam Airlines,2.010.987 VND/khách,11:45,29 thg 4,12:40,29 thg 4,55m,"Đà Lạt (DLI)
Sân bay Liên Khương",Hành lý 23 kg,Hành lý xách tay 1 x 12 kg,19-04-2025
DLI0062,Vietnam Airlines,1.869.129 VND/khách,05:45,30 thg 4,06:40,30 thg 4,55m,"Đà Lạt (DLI)
Sân bay Liên Khương",Hành lý 23 kg,Hành lý xách tay 1 x 12 kg,19-04-2025
DLI0012,Bamboo Airways,1.564.488 VND/khách,16:45,30 thg 4,17:40,30 thg 4,55m,"Đà Lạt (DLI)
Sân bay Liên Khương",Hành lý 0 kg,Hành lý xách tay 7 kg,19-04-2025
DLI0042,VietJet Air,1.609.965 VND/khách,15:35,30 thg 4,16:30,30 thg 4,55m,"Đà Lạt (DLI)
Sân bay Liên Khương",Hành lý 0 kg,Hành lý xách tay 7 kg,19-04-2025
DLI0134,Vietnam Airlines,1.887.111 VND/khách,21:10,30 thg 4,22:10,30 thg 4,1h 0m,"Đà Lạt (DLI)
Sân bay Liên Khương",Hành lý 23 kg,Hành lý xách tay 1 x 12 kg,19-04-2025
DLI0026,VietJet Air,1.903.230 VND/khách,09:55,30 thg 4,10:50,30 thg 4,55m,"Đà Lạt (DLI)
Sân bay Liên Khương",Hành lý 0 kg,Hành lý xách tay 7 kg,19-04-2025
DLI0083,Vietnam Airlines,2.014.983 VND/khách,08:55,30 thg 4,09:50,30 thg 4,55m,"Đà Lạt (DLI)
Sân bay Liên Khương",Hành lý 23 kg,Hành lý xách tay 1 x 12 kg,19-04-2025
DLI0045,Vietnam Airlines,1.868.130 VND/khách,05:45,01 thg 5,06:40,01 thg 5,55m,"Đà Lạt (DLI)
Sân bay Liên Khương",Hành lý 23 kg,Hành lý xách tay 1 x 12 kg,20-04-2025
DLI0001,Bamboo Airways,1.564.488 VND/khách,16:45,01 thg 5,17:40,01 thg 5,55m,"Đà Lạt (DLI)
Sân bay Liên Khương",Hành lý 0 kg,Hành lý xách tay 7 kg,20-04-2025
DLI0014,VietJet Air,1.601.985 VND/khách,09:55,01 thg 5,10:50,01 thg 5,55m,"Đà Lạt (DLI)
Sân bay Liên Khương",Hành lý 0 kg,Hành lý xách tay 7 kg,20-04-2025
DLI0029,VietJet Air,1.601.985 VND/khách,15:35,01 thg 5,16:30,01 thg 5,55m,"Đà Lạt (DLI)
Sân bay Liên Khương",Hành lý 0 kg,Hành lý xách tay 7 kg,20-04-2025
DLI0063,Vietnam Airlines,1.886.112 VND/khách,08:55,01 thg 5,09:50,01 thg 5,55m,"Đà Lạt (DLI)
Sân bay Liên Khương",Hành lý 23 kg,Hành lý xách tay 1 x 12 kg,20-04-2025
DLI0046,Vietnam Airlines,1.503.495 VND/khách,05:45,02 thg 5,06:40,02 thg 5,55m,"Đà Lạt (DLI)
Sân bay Liên Khương",Hành lý 23 kg,Hành lý xách tay 1 x 12 kg,20-04-2025
DLI0015,VietJet Air,1.160.093 VND/khách,09:55,02 thg 5,10:50,02 thg 5,55m,"Đà Lạt (DLI)
Sân bay Liên Khương",Hành lý 0 kg,Hành lý xách tay 7 kg,20-04-2025
DLI0030,VietJet Air,1.160.093 VND/khách,15:35,02 thg 5,16:30,02 thg 5,55m,"Đà Lạt (DLI)
Sân bay Liên Khương",Hành lý 0 kg,Hành lý xách tay 7 kg,20-04-2025
DLI0002,Bamboo Airways,1.211.612 VND/khách,16:45,02 thg 5,17:40,02 thg 5,55m,"Đà Lạt (DLI)
Sân bay Liên Khương",Hành lý 0 kg,Hành lý xách tay 7 kg,20-04-2025
DLI0123,Vietnam Airlines,1.503.495 VND/khách,21:10,02 thg 5,22:10,02 thg 5,1h 0m,"Đà Lạt (DLI)
Sân bay Liên Khương",Hành lý 23 kg,Hành lý xách tay 1 x 12 kg,20-04-2025
DLI0064,Vietnam Airlines,1.604.394 VND/khách,08:55,02 thg 5,09:50,02 thg 5,55m,"Đà Lạt (DLI)
Sân bay Liên Khương",Hành lý 23 kg,Hành lý xách tay 1 x 12 kg,20-04-2025
DLI0124,Vietnam Airlines,1.146.852 VND/khách,21:10,03 thg 5,22:10,03 thg 5,1h 0m,"Đà Lạt (DLI)
Sân bay Liên Khương",Hành lý 23 kg,Hành lý xách tay 1 x 12 kg,20-04-2025
DLI0003,Bamboo Airways,782.244 VND/khách,16:45,03 thg 5,17:40,03 thg 5,55m,"Đà Lạt (DLI)
Sân bay Liên Khương",Hành lý 0 kg,Hành lý xách tay 7 kg,20-04-2025
DLI0016,VietJet Air,825.930 VND/khách,09:55,03 thg 5,10:50,03 thg 5,55m,"Đà Lạt (DLI)
Sân bay Liên Khương",Hành lý 0 kg,Hành lý xách tay 7 kg,20-04-2025
DLI0031,VietJet Air,825.930 VND/khách,15:35,03 thg 5,16:30,03 thg 5,55m,"Đà Lạt (DLI)
Sân bay Liên Khương",Hành lý 0 kg,Hành lý xách tay 7 kg,20-04-2025
DLI0047,Vietnam Airlines,1.161.837 VND/khách,05:45,03 thg 5,06:40,03 thg 5,55m,"Đà Lạt (DLI)
Sân bay Liên Khương",Hành lý 23 kg,Hành lý xách tay 1 x 12 kg,20-04-2025
DLI0065,Vietnam Airlines,1.161.837 VND/khách,08:55,03 thg 5,09:50,03 thg 5,55m,"Đà Lạt (DLI)
Sân bay Liên Khương",Hành lý 23 kg,Hành lý xách tay 1 x 12 kg,20-04-2025
DLI0048,Vietnam Airlines,943.056 VND/khách,05:45,04 thg 5,06:40,04 thg 5,55m,"Đà Lạt (DLI)
Sân bay Liên Khương",Hành lý 0 kg,Hành lý xách tay 1 x 12 kg,20-04-2025
DLI0017,VietJet Air,825.930 VND/khách,09:55,04 thg 5,10:50,04 thg 5,55m,"Đà Lạt (DLI)
Sân bay Liên Khương",Hành lý 0 kg,Hành lý xách tay 7 kg,20-04-2025
DLI0004,Bamboo Airways,869.953 VND/khách,16:45,04 thg 5,17:40,04 thg 5,55m,"Đà Lạt (DLI)
Sân bay Liên Khương",Hành lý 0 kg,Hành lý xách tay 7 kg,20-04-2025
DLI0066,Vietnam Airlines,943.056 VND/khách,08:55,04 thg 5,09:50,04 thg 5,55m,"Đà Lạt (DLI)
Sân bay Liên Khương",Hành lý 0 kg,Hành lý xách tay 1 x 12 kg,20-04-2025
DLI0125,Vietnam Airlines,943.056 VND/khách,21:10,04 thg 5,22:10,04 thg 5,1h 0m,"Đà Lạt (DLI)
Sân bay Liên Khương",Hành lý 0 kg,Hành lý xách tay 1 x 12 kg,20-04-2025
DLI0032,VietJet Air,1.034.408 VND/khách,15:35,04 thg 5,16:30,04 thg 5,55m,"Đà Lạt (DLI)
Sân bay Liên Khương",Hành lý 0 kg,Hành lý xách tay 7 kg,20-04-2025
DLI0049,Vietnam Airlines,943.056 VND/khách,05:45,05 thg 5,06:40,05 thg 5,55m,"Đà Lạt (DLI)
Sân bay Liên Khương",Hành lý 0 kg,Hành lý xách tay 1 x 12 kg,20-04-2025
DLI0018,VietJet Air,825.930 VND/khách,09:55,05 thg 5,10:50,05 thg 5,55m,"Đà Lạt (DLI)
Sân bay Liên Khương",Hành lý 0 kg,Hành lý xách tay 7 kg,20-04-2025
DLI0067,Vietnam Airlines,939.060 VND/khách,08:55,05 thg 5,09:50,05 thg 5,55m,"Đà Lạt (DLI)
Sân bay Liên Khương",Hành lý 0 kg,Hành lý xách tay 1 x 12 kg,20-04-2025
DLI0089,Vietnam Airlines,1.157.841 VND/khách,10:15,05 thg 5,11:10,05 thg 5,55m,"Đà Lạt (DLI)
Sân bay Liên Khương",Hành lý 23 kg,Hành lý xách tay 1 x 12 kg,20-04-2025
DLI0111,Vietnam Airlines,935.064 VND/khách,17:25,06 thg 5,18:20,06 thg 5,55m,"Đà Lạt (DLI)
Sân bay Liên Khương",Hành lý 0 kg,Hành lý xách tay 1 x 12 kg,20-04-2025
DLI0005,Bamboo Airways,786.175 VND/khách,16:45,06 thg 5,17:40,06 thg 5,55m,"Đà Lạt (DLI)
Sân bay Liên Khương",Hành lý 0 kg,Hành lý xách tay 7 kg,20-04-2025
DLI0019,VietJet Air,825.930 VND/khách,09:55,06 thg 5,10:50,06 thg 5,55m,"Đà Lạt (DLI)
Sân bay Liên Khương",Hành lý 0 kg,Hành lý xách tay 7 kg,20-04-2025
DLI0068,Vietnam Airlines,943.056 VND/khách,08:55,06 thg 5,09:50,06 thg 5,55m,"Đà Lạt (DLI)
Sân bay Liên Khương",Hành lý 0 kg,Hành lý xách tay 1 x 12 kg,20-04-2025
DLI0050,Vietnam Airlines,943.056 VND/khách,05:45,07 thg 5,06:40,07 thg 5,55m,"Đà Lạt (DLI)
Sân bay Liên Khương",Hành lý 0 kg,Hành lý xách tay 1 x 12 kg,20-04-2025
DLI0020,VietJet Air,825.930 VND/khách,09:55,07 thg 5,10:50,07 thg 5,55m,"Đà Lạt (DLI)
Sân bay Liên Khương",Hành lý 0 kg,Hành lý xách tay 7 kg,20-04-2025
DLI0069,Vietnam Airlines,943.056 VND/khách,08:55,07 thg 5,09:50,07 thg 5,55m,"Đà Lạt (DLI)
Sân bay Liên Khương",Hành lý 0 kg,Hành lý xách tay 1 x 12 kg,20-04-2025
DLI0112,Vietnam Airlines,1.150.848 VND/khách,17:25,07 thg 5,18:20,07 thg 5,55m,"Đà Lạt (DLI)
Sân bay Liên Khương",Hành lý 23 kg,Hành lý xách tay 1 x 12 kg,20-04-2025
DLI0113,Vietnam Airlines,1.157.841 VND/khách,17:25,08 thg 5,18:20,08 thg 5,55m,"Đà Lạt (DLI)
Sân bay Liên Khương",Hành lý 23 kg,Hành lý xách tay 1 x 12 kg,20-04-2025
DLI0006,Bamboo Airways,786.175 VND/khách,16:45,08 thg 5,17:40,08 thg 5,55m,"Đà Lạt (DLI)
Sân bay Liên Khương",Hành lý 0 kg,Hành lý xách tay 7 kg,20-04-2025
DLI0021,VietJet Air,825.930 VND/khách,09:55,08 thg 5,10:50,08 thg 5,55m,"Đà Lạt (DLI)
Sân bay Liên Khương",Hành lý 0 kg,Hành lý xách tay 7 kg,20-04-2025
DLI0070,Vietnam Airlines,1.098.900 VND/khách,08:55,08 thg 5,09:50,08 thg 5,55m,"Đà Lạt (DLI)
Sân bay Liên Khương",Hành lý 23 kg,Hành lý xách tay 1 x 12 kg,20-04-2025
DLI0114,Vietnam Airlines,1.232.766 VND/khách,17:25,09 thg 5,18:20,09 thg 5,55m,"Đà Lạt (DLI)
Sân bay Liên Khương",Hành lý 23 kg,Hành lý xách tay 1 x 12 kg,20-04-2025
DLI0022,VietJet Air,1.286.775 VND/khách,09:55,09 thg 5,10:50,09 thg 5,55m,"Đà Lạt (DLI)
Sân bay Liên Khương",Hành lý 0 kg,Hành lý xách tay 7 kg,20-04-2025
DLI0051,Vietnam Airlines,1.380.618 VND/khách,05:45,09 thg 5,06:40,09 thg 5,55m,"Đà Lạt (DLI)
Sân bay Liên Khương",Hành lý 23 kg,Hành lý xách tay 1 x 12 kg,20-04-2025
DLI0093,Vietnam Airlines,1.488.510 VND/khách,10:15,09 thg 5,11:10,09 thg 5,55m,"Đà Lạt (DLI)
Sân bay Liên Khương",Hành lý 23 kg,Hành lý xách tay 1 x 12 kg,20-04-2025
DLI0115,Vietnam Airlines,1.161.837 VND/khách,17:25,10 thg 5,18:20,10 thg 5,55m,"Đà Lạt (DLI)
Sân bay Liên Khương",Hành lý 23 kg,Hành lý xách tay 1 x 12 kg,20-04-2025
DLI0007,Bamboo Airways,1.145.320 VND/khách,16:45,10 thg 5,17:40,10 thg 5,55m,"Đà Lạt (DLI)
Sân bay Liên Khương",Hành lý 0 kg,Hành lý xách tay 7 kg,20-04-2025
DLI0023,VietJet Air,1.171.065 VND/khách,09:55,10 thg 5,10:50,10 thg 5,55m,"Đà Lạt (DLI)
Sân bay Liên Khương",Hành lý 0 kg,Hành lý xách tay 7 kg,20-04-2025
DLI0072,Vietnam Airlines,1.273.725 VND/khách,08:55,10 thg 5,09:50,10 thg 5,55m,"Đà Lạt (DLI)
Sân bay Liên Khương",Hành lý 23 kg,Hành lý xách tay 1 x 12 kg,20-04-2025
DLI0053,Vietnam Airlines,1.411.137 VND/khách,05:45,21 thg 4,06:40,21 thg 4,55m,"Đà Lạt (DLI)
Sân bay Liên Khương",Hành lý 23 kg,Hành lý xách tay 1 x 12 kg,20-04-2025
DLI0033,VietJet Air,1.413.454 VND/khách,15:35,21 thg 4,16:30,21 thg 4,55m,"Đà Lạt (DLI)
Sân bay Liên Khương",Hành lý 0 kg,Hành lý xách tay 7 kg,20-04-2025
DLI0117,Vietnam Airlines,1.633.365 VND/khách,17:25,21 thg 4,18:20,21 thg 4,55m,"Đà Lạt (DLI)
Sân bay Liên Khương",Hành lý 23 kg,Hành lý xách tay 1 x 12 kg,20-04-2025
DLI0054,Vietnam Airlines,1.131.867 VND/khách,05:45,22 thg 4,06:40,22 thg 4,55m,"Đà Lạt (DLI)
Sân bay Liên Khương",Hành lý 23 kg,Hành lý xách tay 1 x 12 kg,20-04-2025
DLI0034,VietJet Air,1.056.353 VND/khách,15:35,22 thg 4,16:30,22 thg 4,55m,"Đà Lạt (DLI)
Sân bay Liên Khương",Hành lý 0 kg,Hành lý xách tay 7 kg,20-04-2025
DLI0008,Bamboo Airways,1.080.048 VND/khách,16:45,22 thg 4,17:40,22 thg 4,55m,"Đà Lạt (DLI)
Sân bay Liên Khương",Hành lý 0 kg,Hành lý xách tay 7 kg,20-04-2025
DLI0055,Vietnam Airlines,1.133.865 VND/khách,05:45,23 thg 4,06:40,23 thg 4,55m,"Đà Lạt (DLI)
Sân bay Liên Khương",Hành lý 23 kg,Hành lý xách tay 1 x 12 kg,20-04-2025
DLI0035,VietJet Air,835.905 VND/khách,15:35,23 thg 4,16:30,23 thg 4,55m,"Đà Lạt (DLI)
Sân bay Liên Khương",Hành lý 0 kg,Hành lý xách tay 7 kg,20-04-2025
DLI0056,Vietnam Airlines,1.213.785 VND/khách,05:45,24 thg 4,06:40,24 thg 4,55m,"Đà Lạt (DLI)
Sân bay Liên Khương",Hành lý 23 kg,Hành lý xách tay 1 x 12 kg,20-04-2025
DLI0009,Bamboo Airways,1.080.048 VND/khách,16:45,24 thg 4,17:40,24 thg 4,55m,"Đà Lạt (DLI)
Sân bay Liên Khương",Hành lý 0 kg,Hành lý xách tay 7 kg,20-04-2025
DLI0036,VietJet Air,1.171.065 VND/khách,15:35,24 thg 4,16:30,24 thg 4,55m,"Đà Lạt (DLI)
Sân bay Liên Khương",Hành lý 0 kg,Hành lý xách tay 7 kg,20-04-2025
DLI0120,Vietnam Airlines,1.499.499 VND/khách,17:25,24 thg 4,18:20,24 thg 4,55m,"Đà Lạt (DLI)
Sân bay Liên Khương",Hành lý 23 kg,Hành lý xách tay 1 x 12 kg,20-04-2025
DLI0057,Vietnam Airlines,1.273.725 VND/khách,05:45,25 thg 4,06:40,25 thg 4,55m,"Đà Lạt (DLI)
Sân bay Liên Khương",Hành lý 23 kg,Hành lý xách tay 1 x 12 kg,20-04-2025
DLI0037,VietJet Air,1.171.065 VND/khách,15:35,25 thg 4,16:30,25 thg 4,55m,"Đà Lạt (DLI)
Sân bay Liên Khương",Hành lý 0 kg,Hành lý xách tay 7 kg,20-04-2025
DLI0129,Vietnam Airlines,1.388.610 VND/khách,21:10,25 thg 4,22:10,25 thg 4,1h 0m,"Đà Lạt (DLI)
Sân bay Liên Khương",Hành lý 23 kg,Hành lý xách tay 1 x 12 kg,20-04-2025
DLI0100,Vietnam Airlines,1.968.030 VND/khách,10:15,25 thg 4,11:10,25 thg 4,55m,"Đà Lạt (DLI)
Sân bay Liên Khương",Hành lý 23 kg,Hành lý xách tay 1 x 12 kg,20-04-2025
DLI0130,Vietnam Airlines,1.150.848 VND/khách,21:10,26 thg 4,22:10,26 thg 4,1h 0m,"Đà Lạt (DLI)
Sân bay Liên Khương",Hành lý 23 kg,Hành lý xách tay 1 x 12 kg,20-04-2025
DLI0010,Bamboo Airways,1.080.048 VND/khách,16:45,26 thg 4,17:40,26 thg 4,55m,"Đà Lạt (DLI)
Sân bay Liên Khương",Hành lý 0 kg,Hành lý xách tay 7 kg,20-04-2025
DLI0038,VietJet Air,1.304.730 VND/khách,15:35,26 thg 4,16:30,26 thg 4,55m,"Đà Lạt (DLI)
Sân bay Liên Khương",Hành lý 0 kg,Hành lý xách tay 7 kg,20-04-2025
DLI0108,Vietnam Airlines,1.604.394 VND/khách,12:05,26 thg 4,13:00,26 thg 4,55m,"Đà Lạt (DLI)
Sân bay Liên Khương",Hành lý 23 kg,Hành lý xách tay 1 x 12 kg,20-04-2025
DLI0058,Vietnam Airlines,1.793.205 VND/khách,05:45,26 thg 4,06:40,26 thg 4,55m,"Đà Lạt (DLI)
Sân bay Liên Khương",Hành lý 23 kg,Hành lý xách tay 1 x 12 kg,20-04-2025
DLI0131,Vietnam Airlines,980.019 VND/khách,21:10,27 thg 4,22:10,27 thg 4,1h 0m,"Đà Lạt (DLI)
Sân bay Liên Khương",Hành lý 0 kg,Hành lý xách tay 1 x 12 kg,20-04-2025
DLI0059,Vietnam Airlines,1.131.867 VND/khách,05:45,27 thg 4,06:40,27 thg 4,55m,"Đà Lạt (DLI)
Sân bay Liên Khương",Hành lý 23 kg,Hành lý xách tay 1 x 12 kg,20-04-2025
DLI0121,Vietnam Airlines,1.161.837 VND/khách,20:10,27 thg 4,21:05,27 thg 4,55m,"Đà Lạt (DLI)
Sân bay Liên Khương",Hành lý 23 kg,Hành lý xách tay 1 x 12 kg,20-04-2025
DLI0080,Vietnam Airlines,1.179.170 VND/khách,08:55,27 thg 4,09:50,27 thg 4,55m,"Đà Lạt (DLI)
Sân bay Liên Khương",Hành lý 23 kg,Hành lý xách tay 1 x 12 kg,20-04-2025
DLI0039,VietJet Air,1.304.730 VND/khách,15:35,27 thg 4,16:30,27 thg 4,55m,"Đà Lạt (DLI)
Sân bay Liên Khương",Hành lý 0 kg,Hành lý xách tay 7 kg,20-04-2025
DLI0060,Vietnam Airlines,980.019 VND/khách,05:45,28 thg 4,06:40,28 thg 4,55m,"Đà Lạt (DLI)
Sân bay Liên Khương",Hành lý 0 kg,Hành lý xách tay 1 x 12 kg,20-04-2025
DLI0081,Vietnam Airlines,1.273.725 VND/khách,08:55,28 thg 4,09:50,28 thg 4,55m,"Đà Lạt (DLI)
Sân bay Liên Khương",Hành lý 23 kg,Hành lý xách tay 1 x 12 kg,20-04-2025
DLI0040,VietJet Air,1.304.730 VND/khách,15:35,28 thg 4,16:30,28 thg 4,55m,"Đà Lạt (DLI)
Sân bay Liên Khương",Hành lý 0 kg,Hành lý xách tay 7 kg,20-04-2025
DLI0132,Vietnam Airlines,1.503.495 VND/khách,21:10,28 thg 4,22:10,28 thg 4,1h 0m,"Đà Lạt (DLI)
Sân bay Liên Khương",Hành lý 23 kg,Hành lý xách tay 1 x 12 kg,20-04-2025
DLI0061,Vietnam Airlines,1.886.112 VND/khách,05:45,29 thg 4,06:40,29 thg 4,55m,"Đà Lạt (DLI)
Sân bay Liên Khương",Hành lý 23 kg,Hành lý xách tay 1 x 12 kg,20-04-2025
DLI0025,VietJet Air,1.608.968 VND/khách,09:55,29 thg 4,10:50,29 thg 4,55m,"Đà Lạt (DLI)
Sân bay Liên Khương",Hành lý 0 kg,Hành lý xách tay 7 kg,20-04-2025
DLI0082,Vietnam Airlines,1.793.205 VND/khách,08:55,29 thg 4,09:50,29 thg 4,55m,"Đà Lạt (DLI)
Sân bay Liên Khương",Hành lý 23 kg,Hành lý xách tay 1 x 12 kg,20-04-2025
DLI0011,Bamboo Airways,1.828.636 VND/khách,16:45,29 thg 4,17:40,29 thg 4,55m,"Đà Lạt (DLI)
Sân bay Liên Khương",Hành lý 20 kg,Hành lý xách tay 7 kg,20-04-2025
DLI0041,VietJet Air,1.835.400 VND/khách,15:35,29 thg 4,16:30,29 thg 4,55m,"Đà Lạt (DLI)
Sân bay Liên Khương",Hành lý 0 kg,Hành lý xách tay 7 kg,20-04-2025
DLI0104,Vietnam Airlines,2.004.993 VND/khách,10:15,29 thg 4,11:10,29 thg 4,55m,"Đà Lạt (DLI)
Sân bay Liên Khương",Hành lý 23 kg,Hành lý xách tay 1 x 12 kg,20-04-2025
DLI0107,Vietnam Airlines,2.008.989 VND/khách,11:45,29 thg 4,12:40,29 thg 4,55m,"Đà Lạt (DLI)
Sân bay Liên Khương",Hành lý 23 kg,Hành lý xách tay 1 x 12 kg,20-04-2025
DLI0062,Vietnam Airlines,1.868.130 VND/khách,05:45,30 thg 4,06:40,30 thg 4,55m,"Đà Lạt (DLI)
Sân bay Liên Khương",Hành lý 23 kg,Hành lý xách tay 1 x 12 kg,20-04-2025
DLI0012,Bamboo Airways,1.564.488 VND/khách,16:45,30 thg 4,17:40,30 thg 4,55m,"Đà Lạt (DLI)
Sân bay Liên Khương",Hành lý 0 kg,Hành lý xách tay 7 kg,20-04-2025
DLI0042,VietJet Air,1.601.985 VND/khách,15:35,30 thg 4,16:30,30 thg 4,55m,"Đà Lạt (DLI)
Sân bay Liên Khương",Hành lý 0 kg,Hành lý xách tay 7 kg,20-04-2025
DLI0134,Vietnam Airlines,1.886.112 VND/khách,21:10,30 thg 4,22:10,30 thg 4,1h 0m,"Đà Lạt (DLI)
Sân bay Liên Khương",Hành lý 23 kg,Hành lý xách tay 1 x 12 kg,20-04-2025
DLI0026,VietJet Air,1.902.233 VND/khách,09:55,30 thg 4,10:50,30 thg 4,55m,"Đà Lạt (DLI)
Sân bay Liên Khương",Hành lý 0 kg,Hành lý xách tay 7 kg,20-04-2025
DLI0045,Vietnam Airlines,1.870.128 VND/khách,05:45,01 thg 5,06:40,01 thg 5,55m,"Đà Lạt (DLI)
Sân bay Liên Khương",Hành lý 23 kg,Hành lý xách tay 1 x 12 kg,21-04-2025
DLI0001,Bamboo Airways,1.475.759 VND/khách,16:45,01 thg 5,17:40,01 thg 5,55m,"Đà Lạt (DLI)
Sân bay Liên Khương",Hành lý 0 kg,Hành lý xách tay 7 kg,21-04-2025
DLI0014,VietJet Air,1.603.980 VND/khách,09:55,01 thg 5,10:50,01 thg 5,55m,"Đà Lạt (DLI)
Sân bay Liên Khương",Hành lý 0 kg,Hành lý xách tay 7 kg,21-04-2025
DLI0029,VietJet Air,1.603.980 VND/khách,15:35,01 thg 5,16:30,01 thg 5,55m,"Đà Lạt (DLI)
Sân bay Liên Khương",Hành lý 0 kg,Hành lý xách tay 7 kg,21-04-2025
DLI0063,Vietnam Airlines,1.889.109 VND/khách,08:55,01 thg 5,09:50,01 thg 5,55m,"Đà Lạt (DLI)
Sân bay Liên Khương",Hành lý 23 kg,Hành lý xách tay 1 x 12 kg,21-04-2025
DLI0046,Vietnam Airlines,1.490.508 VND/khách,05:45,02 thg 5,06:40,02 thg 5,55m,"Đà Lạt (DLI)
Sân bay Liên Khương",Hành lý 23 kg,Hành lý xách tay 1 x 12 kg,21-04-2025
DLI0002,Bamboo Airways,1.145.320 VND/khách,16:45,02 thg 5,17:40,02 thg 5,55m,"Đà Lạt (DLI)
Sân bay Liên Khương",Hành lý 0 kg,Hành lý xách tay 7 kg,21-04-2025
DLI0015,VietJet Air,1.155.105 VND/khách,09:55,02 thg 5,10:50,02 thg 5,55m,"Đà Lạt (DLI)
Sân bay Liên Khương",Hành lý 0 kg,Hành lý xách tay 7 kg,21-04-2025
DLI0030,VietJet Air,1.155.105 VND/khách,15:35,02 thg 5,16:30,02 thg 5,55m,"Đà Lạt (DLI)
Sân bay Liên Khương",Hành lý 0 kg,Hành lý xách tay 7 kg,21-04-2025
DLI0123,Vietnam Airlines,1.490.508 VND/khách,21:10,02 thg 5,22:10,02 thg 5,1h 0m,"Đà Lạt (DLI)
Sân bay Liên Khương",Hành lý 23 kg,Hành lý xách tay 1 x 12 kg,21-04-2025
DLI0086,Vietnam Airlines,1.592.406 VND/khách,10:15,02 thg 5,11:10,02 thg 5,55m,"Đà Lạt (DLI)
Sân bay Liên Khương",Hành lý 23 kg,Hành lý xách tay 1 x 12 kg,21-04-2025
DLI0124,Vietnam Airlines,1.149.849 VND/khách,21:10,03 thg 5,22:10,03 thg 5,1h 0m,"Đà Lạt (DLI)
Sân bay Liên Khương",Hành lý 23 kg,Hành lý xách tay 1 x 12 kg,21-04-2025
DLI0016,VietJet Air,820.943 VND/khách,09:55,03 thg 5,10:50,03 thg 5,55m,"Đà Lạt (DLI)
Sân bay Liên Khương",Hành lý 0 kg,Hành lý xách tay 7 kg,21-04-2025
DLI0031,VietJet Air,820.943 VND/khách,15:35,03 thg 5,16:30,03 thg 5,55m,"Đà Lạt (DLI)
Sân bay Liên Khương",Hành lý 0 kg,Hành lý xách tay 7 kg,21-04-2025
DLI0003,Bamboo Airways,1.145.320 VND/khách,16:45,03 thg 5,17:40,03 thg 5,55m,"Đà Lạt (DLI)
Sân bay Liên Khương",Hành lý 0 kg,Hành lý xách tay 7 kg,21-04-2025
DLI0047,Vietnam Airlines,1.164.834 VND/khách,05:45,03 thg 5,06:40,03 thg 5,55m,"Đà Lạt (DLI)
Sân bay Liên Khương",Hành lý 23 kg,Hành lý xách tay 1 x 12 kg,21-04-2025
DLI0065,Vietnam Airlines,1.167.831 VND/khách,08:55,03 thg 5,09:50,03 thg 5,55m,"Đà Lạt (DLI)
Sân bay Liên Khương",Hành lý 23 kg,Hành lý xách tay 1 x 12 kg,21-04-2025
DLI0048,Vietnam Airlines,989.010 VND/khách,05:45,04 thg 5,06:40,04 thg 5,55m,"Đà Lạt (DLI)
Sân bay Liên Khương",Hành lý 0 kg,Hành lý xách tay 1 x 12 kg,21-04-2025
DLI0017,VietJet Air,820.943 VND/khách,09:55,04 thg 5,10:50,04 thg 5,55m,"Đà Lạt (DLI)
Sân bay Liên Khương",Hành lý 0 kg,Hành lý xách tay 7 kg,21-04-2025
DLI0004,Bamboo Airways,947.464 VND/khách,16:45,04 thg 5,17:40,04 thg 5,55m,"Đà Lạt (DLI)
Sân bay Liên Khương",Hành lý 0 kg,Hành lý xách tay 7 kg,21-04-2025
DLI0066,Vietnam Airlines,989.010 VND/khách,08:55,04 thg 5,09:50,04 thg 5,55m,"Đà Lạt (DLI)
Sân bay Liên Khương",Hành lý 0 kg,Hành lý xách tay 1 x 12 kg,21-04-2025
DLI0125,Vietnam Airlines,989.010 VND/khách,21:10,04 thg 5,22:10,04 thg 5,1h 0m,"Đà Lạt (DLI)
Sân bay Liên Khương",Hành lý 0 kg,Hành lý xách tay 1 x 12 kg,21-04-2025
DLI0032,VietJet Air,1.036.403 VND/khách,15:35,04 thg 5,16:30,04 thg 5,55m,"Đà Lạt (DLI)
Sân bay Liên Khương",Hành lý 0 kg,Hành lý xách tay 7 kg,21-04-2025
DLI0049,Vietnam Airlines,944.055 VND/khách,05:45,05 thg 5,06:40,05 thg 5,55m,"Đà Lạt (DLI)
Sân bay Liên Khương",Hành lý 0 kg,Hành lý xách tay 1 x 12 kg,21-04-2025
DLI0018,VietJet Air,820.943 VND/khách,09:55,05 thg 5,10:50,05 thg 5,55m,"Đà Lạt (DLI)
Sân bay Liên Khương",Hành lý 0 kg,Hành lý xách tay 7 kg,21-04-2025
DLI0089,Vietnam Airlines,1.160.838 VND/khách,10:15,05 thg 5,11:10,05 thg 5,55m,"Đà Lạt (DLI)
Sân bay Liên Khương",Hành lý 23 kg,Hành lý xách tay 1 x 12 kg,21-04-2025
DLI0111,Vietnam Airlines,957.941 VND/khách,17:25,06 thg 5,18:20,06 thg 5,55m,"Đà Lạt (DLI)
Sân bay Liên Khương",Hành lý 0 kg,Hành lý xách tay 1 x 12 kg,21-04-2025
DLI0005,Bamboo Airways,786.175 VND/khách,16:45,06 thg 5,17:40,06 thg 5,55m,"Đà Lạt (DLI)
Sân bay Liên Khương",Hành lý 0 kg,Hành lý xách tay 7 kg,21-04-2025
DLI0019,VietJet Air,820.943 VND/khách,09:55,06 thg 5,10:50,06 thg 5,55m,"Đà Lạt (DLI)
Sân bay Liên Khương",Hành lý 0 kg,Hành lý xách tay 7 kg,21-04-2025
DLI0068,Vietnam Airlines,957.941 VND/khách,08:55,06 thg 5,09:50,06 thg 5,55m,"Đà Lạt (DLI)
Sân bay Liên Khương",Hành lý 0 kg,Hành lý xách tay 1 x 12 kg,21-04-2025
DLI0050,Vietnam Airlines,957.941 VND/khách,05:45,07 thg 5,06:40,07 thg 5,55m,"Đà Lạt (DLI)
Sân bay Liên Khương",Hành lý 0 kg,Hành lý xách tay 1 x 12 kg,21-04-2025
DLI0020,VietJet Air,820.943 VND/khách,09:55,07 thg 5,10:50,07 thg 5,55m,"Đà Lạt (DLI)
Sân bay Liên Khương",Hành lý 0 kg,Hành lý xách tay 7 kg,21-04-2025
DLI0069,Vietnam Airlines,944.055 VND/khách,08:55,07 thg 5,09:50,07 thg 5,55m,"Đà Lạt (DLI)
Sân bay Liên Khương",Hành lý 0 kg,Hành lý xách tay 1 x 12 kg,21-04-2025
DLI0112,Vietnam Airlines,1.153.845 VND/khách,17:25,07 thg 5,18:20,07 thg 5,55m,"Đà Lạt (DLI)
Sân bay Liên Khương",Hành lý 23 kg,Hành lý xách tay 1 x 12 kg,21-04-2025
DLI0113,Vietnam Airlines,1.141.857 VND/khách,17:25,08 thg 5,18:20,08 thg 5,55m,"Đà Lạt (DLI)
Sân bay Liên Khương",Hành lý 23 kg,Hành lý xách tay 1 x 12 kg,21-04-2025
DLI0006,Bamboo Airways,782.244 VND/khách,16:45,08 thg 5,17:40,08 thg 5,55m,"Đà Lạt (DLI)
Sân bay Liên Khương",Hành lý 0 kg,Hành lý xách tay 7 kg,21-04-2025
DLI0021,VietJet Air,820.943 VND/khách,09:55,08 thg 5,10:50,08 thg 5,55m,"Đà Lạt (DLI)
Sân bay Liên Khương",Hành lý 0 kg,Hành lý xách tay 7 kg,21-04-2025
DLI0070,Vietnam Airlines,1.093.905 VND/khách,08:55,08 thg 5,09:50,08 thg 5,55m,"Đà Lạt (DLI)
Sân bay Liên Khương",Hành lý 23 kg,Hành lý xách tay 1 x 12 kg,21-04-2025
DLI0092,Vietnam Airlines,1.241.757 VND/khách,10:15,08 thg 5,11:10,08 thg 5,55m,"Đà Lạt (DLI)
Sân bay Liên Khương",Hành lý 23 kg,Hành lý xách tay 1 x 12 kg,21-04-2025
DLI0051,Vietnam Airlines,1.383.615 VND/khách,05:45,09 thg 5,06:40,09 thg 5,55m,"Đà Lạt (DLI)
Sân bay Liên Khương",Hành lý 23 kg,Hành lý xách tay 1 x 12 kg,21-04-2025
DLI0114,Vietnam Airlines,1.234.764 VND/khách,17:25,09 thg 5,18:20,09 thg 5,55m,"Đà Lạt (DLI)
Sân bay Liên Khương",Hành lý 23 kg,Hành lý xách tay 1 x 12 kg,21-04-2025
DLI0022,VietJet Air,1.288.770 VND/khách,09:55,09 thg 5,10:50,09 thg 5,55m,"Đà Lạt (DLI)
Sân bay Liên Khương",Hành lý 0 kg,Hành lý xách tay 7 kg,21-04-2025
DLI0071,Vietnam Airlines,1.506.492 VND/khách,08:55,09 thg 5,09:50,09 thg 5,55m,"Đà Lạt (DLI)
Sân bay Liên Khương",Hành lý 23 kg,Hành lý xách tay 1 x 12 kg,21-04-2025
DLI0115,Vietnam Airlines,1.163.835 VND/khách,17:25,10 thg 5,18:20,10 thg 5,55m,"Đà Lạt (DLI)
Sân bay Liên Khương",Hành lý 23 kg,Hành lý xách tay 1 x 12 kg,21-04-2025
DLI0007,Bamboo Airways,1.151.075 VND/khách,16:45,10 thg 5,17:40,10 thg 5,55m,"Đà Lạt (DLI)
Sân bay Liên Khương",Hành lý 0 kg,Hành lý xách tay 7 kg,21-04-2025
DLI0023,VietJet Air,1.173.060 VND/khách,09:55,10 thg 5,10:50,10 thg 5,55m,"Đà Lạt (DLI)
Sân bay Liên Khương",Hành lý 0 kg,Hành lý xách tay 7 kg,21-04-2025
DLI0072,Vietnam Airlines,1.275.723 VND/khách,08:55,10 thg 5,09:50,10 thg 5,55m,"Đà Lạt (DLI)
Sân bay Liên Khương",Hành lý 23 kg,Hành lý xách tay 1 x 12 kg,21-04-2025
DLI0052,Vietnam Airlines,957.941 VND/khách,05:45,11 thg 5,06:40,11 thg 5,55m,"Đà Lạt (DLI)
Sân bay Liên Khương",Hành lý 0 kg,Hành lý xách tay 1 x 12 kg,21-04-2025
DLI0116,Vietnam Airlines,957.941 VND/khách,17:25,11 thg 5,18:20,11 thg 5,55m,"Đà Lạt (DLI)
Sân bay Liên Khương",Hành lý 0 kg,Hành lý xách tay 1 x 12 kg,21-04-2025
DLI0024,VietJet Air,1.036.403 VND/khách,09:55,11 thg 5,10:50,11 thg 5,55m,"Đà Lạt (DLI)
Sân bay Liên Khương",Hành lý 0 kg,Hành lý xách tay 7 kg,21-04-2025
DLI0073,Vietnam Airlines,1.179.170 VND/khách,08:55,11 thg 5,09:50,11 thg 5,55m,"Đà Lạt (DLI)
Sân bay Liên Khương",Hành lý 23 kg,Hành lý xách tay 1 x 12 kg,21-04-2025
DLI0054,Vietnam Airlines,1.228.770 VND/khách,05:45,22 thg 4,06:40,22 thg 4,55m,"Đà Lạt (DLI)
Sân bay Liên Khương",Hành lý 23 kg,Hành lý xách tay 1 x 12 kg,21-04-2025
DLI0008,Bamboo Airways,869.953 VND/khách,16:45,22 thg 4,17:40,22 thg 4,55m,"Đà Lạt (DLI)
Sân bay Liên Khương",Hành lý 0 kg,Hành lý xách tay 7 kg,21-04-2025
DLI0034,VietJet Air,1.049.370 VND/khách,15:35,22 thg 4,16:30,22 thg 4,55m,"Đà Lạt (DLI)
Sân bay Liên Khương",Hành lý 0 kg,Hành lý xách tay 7 kg,21-04-2025
DLI0055,Vietnam Airlines,1.133.865 VND/khách,05:45,23 thg 4,06:40,23 thg 4,55m,"Đà Lạt (DLI)
Sân bay Liên Khương",Hành lý 23 kg,Hành lý xách tay 1 x 12 kg,21-04-2025
DLI0035,VietJet Air,1.047.311 VND/khách,15:35,23 thg 4,16:30,23 thg 4,55m,"Đà Lạt (DLI)
Sân bay Liên Khương",Hành lý 0 kg,Hành lý xách tay 7 kg,21-04-2025
DLI0056,Vietnam Airlines,1.234.764 VND/khách,05:45,24 thg 4,06:40,24 thg 4,55m,"Đà Lạt (DLI)
Sân bay Liên Khương",Hành lý 23 kg,Hành lý xách tay 1 x 12 kg,21-04-2025
DLI0009,Bamboo Airways,1.013.756 VND/khách,16:45,24 thg 4,17:40,24 thg 4,55m,"Đà Lạt (DLI)
Sân bay Liên Khương",Hành lý 0 kg,Hành lý xách tay 7 kg,21-04-2025
DLI0036,VietJet Air,1.174.058 VND/khách,15:35,24 thg 4,16:30,24 thg 4,55m,"Đà Lạt (DLI)
Sân bay Liên Khương",Hành lý 0 kg,Hành lý xách tay 7 kg,21-04-2025
DLI0057,Vietnam Airlines,1.275.723 VND/khách,05:45,25 thg 4,06:40,25 thg 4,55m,"Đà Lạt (DLI)
Sân bay Liên Khương",Hành lý 23 kg,Hành lý xách tay 1 x 12 kg,21-04-2025
DLI0037,VietJet Air,1.174.058 VND/khách,15:35,25 thg 4,16:30,25 thg 4,55m,"Đà Lạt (DLI)
Sân bay Liên Khương",Hành lý 0 kg,Hành lý xách tay 7 kg,21-04-2025
DLI0129,Vietnam Airlines,1.475.523 VND/khách,21:10,25 thg 4,22:10,25 thg 4,1h 0m,"Đà Lạt (DLI)
Sân bay Liên Khương",Hành lý 23 kg,Hành lý xách tay 1 x 12 kg,21-04-2025
DLI0130,Vietnam Airlines,1.151.847 VND/khách,21:10,26 thg 4,22:10,26 thg 4,1h 0m,"Đà Lạt (DLI)
Sân bay Liên Khương",Hành lý 23 kg,Hành lý xách tay 1 x 12 kg,21-04-2025
DLI0010,Bamboo Airways,1.145.320 VND/khách,16:45,26 thg 4,17:40,26 thg 4,55m,"Đà Lạt (DLI)
Sân bay Liên Khương",Hành lý 0 kg,Hành lý xách tay 7 kg,21-04-2025
DLI0038,VietJet Air,1.306.725 VND/khách,15:35,26 thg 4,16:30,26 thg 4,55m,"Đà Lạt (DLI)
Sân bay Liên Khương",Hành lý 0 kg,Hành lý xách tay 7 kg,21-04-2025
DLI0108,Vietnam Airlines,1.751.401 VND/khách,12:05,26 thg 4,13:00,26 thg 4,55m,"Đà Lạt (DLI)
Sân bay Liên Khương",Hành lý 23 kg,Hành lý xách tay 1 x 12 kg,21-04-2025
DLI0058,Vietnam Airlines,1.791.207 VND/khách,05:45,26 thg 4,06:40,26 thg 4,55m,"Đà Lạt (DLI)
Sân bay Liên Khương",Hành lý 23 kg,Hành lý xách tay 1 x 12 kg,21-04-2025
DLI0131,Vietnam Airlines,1.027.746 VND/khách,21:10,27 thg 4,22:10,27 thg 4,1h 0m,"Đà Lạt (DLI)
Sân bay Liên Khương",Hành lý 0 kg,Hành lý xách tay 1 x 12 kg,21-04-2025
DLI0059,Vietnam Airlines,1.133.865 VND/khách,05:45,27 thg 4,06:40,27 thg 4,55m,"Đà Lạt (DLI)
Sân bay Liên Khương",Hành lý 23 kg,Hành lý xách tay 1 x 12 kg,21-04-2025
DLI0121,Vietnam Airlines,1.163.835 VND/khách,20:10,27 thg 4,21:05,27 thg 4,55m,"Đà Lạt (DLI)
Sân bay Liên Khương",Hành lý 23 kg,Hành lý xách tay 1 x 12 kg,21-04-2025
DLI0080,Vietnam Airlines,1.264.734 VND/khách,08:55,27 thg 4,09:50,27 thg 4,55m,"Đà Lạt (DLI)
Sân bay Liên Khương",Hành lý 23 kg,Hành lý xách tay 1 x 12 kg,21-04-2025
DLI0039,VietJet Air,1.307.723 VND/khách,15:35,27 thg 4,16:30,27 thg 4,55m,"Đà Lạt (DLI)
Sân bay Liên Khương",Hành lý 0 kg,Hành lý xách tay 7 kg,21-04-2025
DLI0060,Vietnam Airlines,993.381 VND/khách,05:45,28 thg 4,06:40,28 thg 4,55m,"Đà Lạt (DLI)
Sân bay Liên Khương",Hành lý 0 kg,Hành lý xách tay 1 x 12 kg,21-04-2025
DLI0081,Vietnam Airlines,1.264.734 VND/khách,08:55,28 thg 4,09:50,28 thg 4,55m,"Đà Lạt (DLI)
Sân bay Liên Khương",Hành lý 23 kg,Hành lý xách tay 1 x 12 kg,21-04-2025
DLI0040,VietJet Air,1.307.723 VND/khách,15:35,28 thg 4,16:30,28 thg 4,55m,"Đà Lạt (DLI)
Sân bay Liên Khương",Hành lý 0 kg,Hành lý xách tay 7 kg,21-04-2025
DLI0132,Vietnam Airlines,1.516.482 VND/khách,21:10,28 thg 4,22:10,28 thg 4,1h 0m,"Đà Lạt (DLI)
Sân bay Liên Khương",Hành lý 23 kg,Hành lý xách tay 1 x 12 kg,21-04-2025
DLI0061,Vietnam Airlines,1.889.109 VND/khách,05:45,29 thg 4,06:40,29 thg 4,55m,"Đà Lạt (DLI)
Sân bay Liên Khương",Hành lý 23 kg,Hành lý xách tay 1 x 12 kg,21-04-2025
DLI0025,VietJet Air,1.610.963 VND/khách,09:55,29 thg 4,10:50,29 thg 4,55m,"Đà Lạt (DLI)
Sân bay Liên Khương",Hành lý 0 kg,Hành lý xách tay 7 kg,21-04-2025
DLI0082,Vietnam Airlines,1.796.202 VND/khách,08:55,29 thg 4,09:50,29 thg 4,55m,"Đà Lạt (DLI)
Sân bay Liên Khương",Hành lý 23 kg,Hành lý xách tay 1 x 12 kg,21-04-2025
DLI0011,Bamboo Airways,1.828.636 VND/khách,16:45,29 thg 4,17:40,29 thg 4,55m,"Đà Lạt (DLI)
Sân bay Liên Khương",Hành lý 20 kg,Hành lý xách tay 7 kg,21-04-2025
DLI0041,VietJet Air,1.838.393 VND/khách,15:35,29 thg 4,16:30,29 thg 4,55m,"Đà Lạt (DLI)
Sân bay Liên Khương",Hành lý 0 kg,Hành lý xách tay 7 kg,21-04-2025
DLI0104,Vietnam Airlines,2.011.986 VND/khách,10:15,29 thg 4,11:10,29 thg 4,55m,"Đà Lạt (DLI)
Sân bay Liên Khương",Hành lý 23 kg,Hành lý xách tay 1 x 12 kg,21-04-2025
DLI0107,Vietnam Airlines,2.011.986 VND/khách,11:45,29 thg 4,12:40,29 thg 4,55m,"Đà Lạt (DLI)
Sân bay Liên Khương",Hành lý 23 kg,Hành lý xách tay 1 x 12 kg,21-04-2025
DLI0062,Vietnam Airlines,1.870.128 VND/khách,05:45,30 thg 4,06:40,30 thg 4,55m,"Đà Lạt (DLI)
Sân bay Liên Khương",Hành lý 23 kg,Hành lý xách tay 1 x 12 kg,21-04-2025
DLI0012,Bamboo Airways,1.475.759 VND/khách,16:45,30 thg 4,17:40,30 thg 4,55m,"Đà Lạt (DLI)
Sân bay Liên Khương",Hành lý 0 kg,Hành lý xách tay 7 kg,21-04-2025
DLI0042,VietJet Air,1.610.963 VND/khách,15:35,30 thg 4,16:30,30 thg 4,55m,"Đà Lạt (DLI)
Sân bay Liên Khương",Hành lý 0 kg,Hành lý xách tay 7 kg,21-04-2025
DLI0134,Vietnam Airlines,1.889.109 VND/khách,21:10,30 thg 4,22:10,30 thg 4,1h 0m,"Đà Lạt (DLI)
Sân bay Liên Khương",Hành lý 23 kg,Hành lý xách tay 1 x 12 kg,21-04-2025
DLI0001,Bamboo Airways,1.359.973 VND/khách,16:45,01 thg 5,17:40,01 thg 5,55m,"Đà Lạt (DLI)
Sân bay Liên Khương",Hành lý 0 kg,Hành lý xách tay 7 kg,22-04-2025
DLI0014,VietJet Air,1.608.968 VND/khách,09:55,01 thg 5,10:50,01 thg 5,55m,"Đà Lạt (DLI)
Sân bay Liên Khương",Hành lý 0 kg,Hành lý xách tay 7 kg,22-04-2025
DLI0029,VietJet Air,1.608.968 VND/khách,15:35,01 thg 5,16:30,01 thg 5,55m,"Đà Lạt (DLI)
Sân bay Liên Khương",Hành lý 0 kg,Hành lý xách tay 7 kg,22-04-2025
DLI0045,Vietnam Airlines,1.700.298 VND/khách,05:45,01 thg 5,06:40,01 thg 5,55m,"Đà Lạt (DLI)
Sân bay Liên Khương",Hành lý 23 kg,Hành lý xách tay 1 x 12 kg,22-04-2025
DLI0122,Vietnam Airlines,1.700.298 VND/khách,21:10,01 thg 5,22:10,01 thg 5,1h 0m,"Đà Lạt (DLI)
Sân bay Liên Khương",Hành lý 23 kg,Hành lý xách tay 1 x 12 kg,22-04-2025
DLI0002,Bamboo Airways,1.066.823 VND/khách,16:45,02 thg 5,17:40,02 thg 5,55m,"Đà Lạt (DLI)
Sân bay Liên Khương",Hành lý 0 kg,Hành lý xách tay 7 kg,22-04-2025
DLI0015,VietJet Air,1.171.065 VND/khách,09:55,02 thg 5,10:50,02 thg 5,55m,"Đà Lạt (DLI)
Sân bay Liên Khương",Hành lý 0 kg,Hành lý xách tay 7 kg,22-04-2025
DLI0030,VietJet Air,1.171.065 VND/khách,15:35,02 thg 5,16:30,02 thg 5,55m,"Đà Lạt (DLI)
Sân bay Liên Khương",Hành lý 0 kg,Hành lý xách tay 7 kg,22-04-2025
DLI0064,Vietnam Airlines,1.262.736 VND/khách,08:55,02 thg 5,09:50,02 thg 5,55m,"Đà Lạt (DLI)
Sân bay Liên Khương",Hành lý 23 kg,Hành lý xách tay 1 x 12 kg,22-04-2025
DLI0046,Vietnam Airlines,1.488.510 VND/khách,05:45,02 thg 5,06:40,02 thg 5,55m,"Đà Lạt (DLI)
Sân bay Liên Khương",Hành lý 23 kg,Hành lý xách tay 1 x 12 kg,22-04-2025
DLI0123,Vietnam Airlines,1.488.510 VND/khách,21:10,02 thg 5,22:10,02 thg 5,1h 0m,"Đà Lạt (DLI)
Sân bay Liên Khương",Hành lý 23 kg,Hành lý xách tay 1 x 12 kg,22-04-2025
DLI0003,Bamboo Airways,772.666 VND/khách,16:45,03 thg 5,17:40,03 thg 5,55m,"Đà Lạt (DLI)
Sân bay Liên Khương",Hành lý 0 kg,Hành lý xách tay 7 kg,22-04-2025
DLI0016,VietJet Air,833.910 VND/khách,09:55,03 thg 5,10:50,03 thg 5,55m,"Đà Lạt (DLI)
Sân bay Liên Khương",Hành lý 0 kg,Hành lý xách tay 7 kg,22-04-2025
DLI0031,VietJet Air,833.910 VND/khách,15:35,03 thg 5,16:30,03 thg 5,55m,"Đà Lạt (DLI)
Sân bay Liên Khương",Hành lý 0 kg,Hành lý xách tay 7 kg,22-04-2025
DLI0065,Vietnam Airlines,1.120.878 VND/khách,08:55,03 thg 5,09:50,03 thg 5,55m,"Đà Lạt (DLI)
Sân bay Liên Khương",Hành lý 23 kg,Hành lý xách tay 1 x 12 kg,22-04-2025
DLI0124,Vietnam Airlines,1.146.852 VND/khách,21:10,03 thg 5,22:10,03 thg 5,1h 0m,"Đà Lạt (DLI)
Sân bay Liên Khương",Hành lý 23 kg,Hành lý xách tay 1 x 12 kg,22-04-2025
DLI0047,Vietnam Airlines,1.161.837 VND/khách,05:45,03 thg 5,06:40,03 thg 5,55m,"Đà Lạt (DLI)
Sân bay Liên Khương",Hành lý 23 kg,Hành lý xách tay 1 x 12 kg,22-04-2025
DLI0004,Bamboo Airways,935.863 VND/khách,16:45,04 thg 5,17:40,04 thg 5,55m,"Đà Lạt (DLI)
Sân bay Liên Khương",Hành lý 0 kg,Hành lý xách tay 7 kg,22-04-2025
DLI0017,VietJet Air,833.910 VND/khách,09:55,04 thg 5,10:50,04 thg 5,55m,"Đà Lạt (DLI)
Sân bay Liên Khương",Hành lý 0 kg,Hành lý xách tay 7 kg,22-04-2025
DLI0048,Vietnam Airlines,980.019 VND/khách,05:45,04 thg 5,06:40,04 thg 5,55m,"Đà Lạt (DLI)
Sân bay Liên Khương",Hành lý 0 kg,Hành lý xách tay 1 x 12 kg,22-04-2025
DLI0066,Vietnam Airlines,980.019 VND/khách,08:55,04 thg 5,09:50,04 thg 5,55m,"Đà Lạt (DLI)
Sân bay Liên Khương",Hành lý 0 kg,Hành lý xách tay 1 x 12 kg,22-04-2025
DLI0125,Vietnam Airlines,980.019 VND/khách,21:10,04 thg 5,22:10,04 thg 5,1h 0m,"Đà Lạt (DLI)
Sân bay Liên Khương",Hành lý 0 kg,Hành lý xách tay 1 x 12 kg,22-04-2025
DLI0032,VietJet Air,1.060.343 VND/khách,15:35,04 thg 5,16:30,04 thg 5,55m,"Đà Lạt (DLI)
Sân bay Liên Khương",Hành lý 0 kg,Hành lý xách tay 7 kg,22-04-2025
DLI0018,VietJet Air,833.910 VND/khách,09:55,05 thg 5,10:50,05 thg 5,55m,"Đà Lạt (DLI)
Sân bay Liên Khương",Hành lý 0 kg,Hành lý xách tay 7 kg,22-04-2025
DLI0049,Vietnam Airlines,983.016 VND/khách,05:45,05 thg 5,06:40,05 thg 5,55m,"Đà Lạt (DLI)
Sân bay Liên Khương",Hành lý 0 kg,Hành lý xách tay 1 x 12 kg,22-04-2025
DLI0126,Vietnam Airlines,1.161.837 VND/khách,21:10,05 thg 5,22:10,05 thg 5,1h 0m,"Đà Lạt (DLI)
Sân bay Liên Khương",Hành lý 23 kg,Hành lý xách tay 1 x 12 kg,22-04-2025
DLI0089,Vietnam Airlines,1.272.726 VND/khách,10:15,05 thg 5,11:10,05 thg 5,55m,"Đà Lạt (DLI)
Sân bay Liên Khương",Hành lý 23 kg,Hành lý xách tay 1 x 12 kg,22-04-2025
DLI0005,Bamboo Airways,1.028.543 VND/khách,16:45,06 thg 5,17:40,06 thg 5,55m,"Đà Lạt (DLI)
Sân bay Liên Khương",Hành lý 0 kg,Hành lý xách tay 7 kg,22-04-2025
DLI0111,Vietnam Airlines,935.064 VND/khách,17:25,06 thg 5,18:20,06 thg 5,55m,"Đà Lạt (DLI)
Sân bay Liên Khương",Hành lý 0 kg,Hành lý xách tay 1 x 12 kg,22-04-2025
DLI0068,Vietnam Airlines,943.056 VND/khách,08:55,06 thg 5,09:50,06 thg 5,55m,"Đà Lạt (DLI)
Sân bay Liên Khương",Hành lý 0 kg,Hành lý xách tay 1 x 12 kg,22-04-2025
DLI0090,Vietnam Airlines,1.161.837 VND/khách,10:15,06 thg 5,11:10,06 thg 5,55m,"Đà Lạt (DLI)
Sân bay Liên Khương",Hành lý 23 kg,Hành lý xách tay 1 x 12 kg,22-04-2025
DLI0069,Vietnam Airlines,942.057 VND/khách,08:55,07 thg 5,09:50,07 thg 5,55m,"Đà Lạt (DLI)
Sân bay Liên Khương",Hành lý 0 kg,Hành lý xách tay 1 x 12 kg,22-04-2025
DLI0050,Vietnam Airlines,946.053 VND/khách,05:45,07 thg 5,06:40,07 thg 5,55m,"Đà Lạt (DLI)
Sân bay Liên Khương",Hành lý 0 kg,Hành lý xách tay 1 x 12 kg,22-04-2025
DLI0091,Vietnam Airlines,1.161.837 VND/khách,10:15,07 thg 5,11:10,07 thg 5,55m,"Đà Lạt (DLI)
Sân bay Liên Khương",Hành lý 23 kg,Hành lý xách tay 1 x 12 kg,22-04-2025
DLI0112,Vietnam Airlines,1.161.837 VND/khách,17:25,07 thg 5,18:20,07 thg 5,55m,"Đà Lạt (DLI)
Sân bay Liên Khương",Hành lý 23 kg,Hành lý xách tay 1 x 12 kg,22-04-2025
DLI0020,VietJet Air,1.924.178 VND/khách,09:55,07 thg 5,10:50,07 thg 5,55m,"Đà Lạt (DLI)
Sân bay Liên Khương",Hành lý 0 kg,Hành lý xách tay 7 kg,22-04-2025
DLI0006,Bamboo Airways,1.088.986 VND/khách,16:45,08 thg 5,17:40,08 thg 5,55m,"Đà Lạt (DLI)
Sân bay Liên Khương",Hành lý 0 kg,Hành lý xách tay 7 kg,22-04-2025
DLI0070,Vietnam Airlines,1.094.904 VND/khách,08:55,08 thg 5,09:50,08 thg 5,55m,"Đà Lạt (DLI)
Sân bay Liên Khương",Hành lý 23 kg,Hành lý xách tay 1 x 12 kg,22-04-2025
DLI0113,Vietnam Airlines,1.161.837 VND/khách,17:25,08 thg 5,18:20,08 thg 5,55m,"Đà Lạt (DLI)
Sân bay Liên Khương",Hành lý 23 kg,Hành lý xách tay 1 x 12 kg,22-04-2025
DLI0092,Vietnam Airlines,1.280.718 VND/khách,10:15,08 thg 5,11:10,08 thg 5,55m,"Đà Lạt (DLI)
Sân bay Liên Khương",Hành lý 23 kg,Hành lý xách tay 1 x 12 kg,22-04-2025
DLI0007,Bamboo Airways,1.097.215 VND/khách,16:45,10 thg 5,17:40,10 thg 5,55m,"Đà Lạt (DLI)
Sân bay Liên Khương",Hành lý 0 kg,Hành lý xách tay 7 kg,22-04-2025
DLI0115,Vietnam Airlines,1.157.841 VND/khách,17:25,10 thg 5,18:20,10 thg 5,55m,"Đà Lạt (DLI)
Sân bay Liên Khương",Hành lý 23 kg,Hành lý xách tay 1 x 12 kg,22-04-2025
DLI0094,Vietnam Airlines,1.269.729 VND/khách,10:15,10 thg 5,11:10,10 thg 5,55m,"Đà Lạt (DLI)
Sân bay Liên Khương",Hành lý 23 kg,Hành lý xách tay 1 x 12 kg,22-04-2025
DLI0072,Vietnam Airlines,1.276.722 VND/khách,08:55,10 thg 5,09:50,10 thg 5,55m,"Đà Lạt (DLI)
Sân bay Liên Khương",Hành lý 23 kg,Hành lý xách tay 1 x 12 kg,22-04-2025
DLI0052,Vietnam Airlines,946.053 VND/khách,05:45,11 thg 5,06:40,11 thg 5,55m,"Đà Lạt (DLI)
Sân bay Liên Khương",Hành lý 0 kg,Hành lý xách tay 1 x 12 kg,22-04-2025
DLI0116,Vietnam Airlines,946.053 VND/khách,17:25,11 thg 5,18:20,11 thg 5,55m,"Đà Lạt (DLI)
Sân bay Liên Khương",Hành lý 0 kg,Hành lý xách tay 1 x 12 kg,22-04-2025
DLI0073,Vietnam Airlines,1.135.863 VND/khách,08:55,11 thg 5,09:50,11 thg 5,55m,"Đà Lạt (DLI)
Sân bay Liên Khương",Hành lý 23 kg,Hành lý xách tay 1 x 12 kg,22-04-2025
DLI0095,Vietnam Airlines,1.161.837 VND/khách,10:15,11 thg 5,11:10,11 thg 5,55m,"Đà Lạt (DLI)
Sân bay Liên Khương",Hành lý 23 kg,Hành lý xách tay 1 x 12 kg,22-04-2025
DLI0024,VietJet Air,1.924.178 VND/khách,09:55,11 thg 5,10:50,11 thg 5,55m,"Đà Lạt (DLI)
Sân bay Liên Khương",Hành lý 0 kg,Hành lý xách tay 7 kg,22-04-2025
DLI0055,Vietnam Airlines,1.473.525 VND/khách,05:45,23 thg 4,06:40,23 thg 4,55m,"Đà Lạt (DLI)
Sân bay Liên Khương",Hành lý 23 kg,Hành lý xách tay 1 x 12 kg,22-04-2025
DLI0043,VietJet Air,1.957.095 VND/khách,15:55,23 thg 4,16:45,23 thg 4,50m,"Đà Lạt (DLI)
Sân bay Liên Khương",Hành lý 0 kg,Hành lý xách tay 7 kg,22-04-2025
DLI0119,Vietnam Airlines,1.964.034 VND/khách,17:25,23 thg 4,18:20,23 thg 4,55m,"Đà Lạt (DLI)
Sân bay Liên Khương",Hành lý 23 kg,Hành lý xách tay 1 x 12 kg,22-04-2025
DLI0013,Bamboo Airways,1.088.986 VND/khách,17:00,24 thg 4,17:55,24 thg 4,55m,"Đà Lạt (DLI)
Sân bay Liên Khương",Hành lý 0 kg,Hành lý xách tay 7 kg,22-04-2025
DLI0036,VietJet Air,1.060.343 VND/khách,15:35,24 thg 4,16:30,24 thg 4,55m,"Đà Lạt (DLI)
Sân bay Liên Khương",Hành lý 0 kg,Hành lý xách tay 7 kg,22-04-2025
DLI0120,Vietnam Airlines,1.708.290 VND/khách,17:25,24 thg 4,18:20,24 thg 4,55m,"Đà Lạt (DLI)
Sân bay Liên Khương",Hành lý 23 kg,Hành lý xách tay 1 x 12 kg,22-04-2025
DLI0037,VietJet Air,1.171.065 VND/khách,15:35,25 thg 4,16:30,25 thg 4,55m,"Đà Lạt (DLI)
Sân bay Liên Khương",Hành lý 0 kg,Hành lý xách tay 7 kg,22-04-2025
DLI0057,Vietnam Airlines,1.273.725 VND/khách,05:45,25 thg 4,06:40,25 thg 4,55m,"Đà Lạt (DLI)
Sân bay Liên Khương",Hành lý 23 kg,Hành lý xách tay 1 x 12 kg,22-04-2025
DLI0129,Vietnam Airlines,1.570.428 VND/khách,21:10,25 thg 4,22:10,25 thg 4,1h 0m,"Đà Lạt (DLI)
Sân bay Liên Khương",Hành lý 23 kg,Hành lý xách tay 1 x 12 kg,22-04-2025
DLI0105,Vietnam Airlines,2.012.985 VND/khách,10:20,25 thg 4,11:15,25 thg 4,55m,"Đà Lạt (DLI)
Sân bay Liên Khương",Hành lý 23 kg,Hành lý xách tay 1 x 12 kg,22-04-2025
DLI0010,Bamboo Airways,1.262.257 VND/khách,16:45,26 thg 4,17:40,26 thg 4,55m,"Đà Lạt (DLI)
Sân bay Liên Khương",Hành lý 0 kg,Hành lý xách tay 7 kg,22-04-2025
DLI0130,Vietnam Airlines,1.150.848 VND/khách,21:10,26 thg 4,22:10,26 thg 4,1h 0m,"Đà Lạt (DLI)
Sân bay Liên Khương",Hành lý 23 kg,Hành lý xách tay 1 x 12 kg,22-04-2025
DLI0038,VietJet Air,1.304.730 VND/khách,15:35,26 thg 4,16:30,26 thg 4,55m,"Đà Lạt (DLI)
Sân bay Liên Khương",Hành lý 0 kg,Hành lý xách tay 7 kg,22-04-2025
DLI0108,Vietnam Airlines,1.946.052 VND/khách,12:05,26 thg 4,13:00,26 thg 4,55m,"Đà Lạt (DLI)
Sân bay Liên Khương",Hành lý 23 kg,Hành lý xách tay 1 x 12 kg,22-04-2025
DLI0059,Vietnam Airlines,1.161.837 VND/khách,05:45,27 thg 4,06:40,27 thg 4,55m,"Đà Lạt (DLI)
Sân bay Liên Khương",Hành lý 23 kg,Hành lý xách tay 1 x 12 kg,22-04-2025
DLI0039,VietJet Air,1.304.730 VND/khách,15:35,27 thg 4,16:30,27 thg 4,55m,"Đà Lạt (DLI)
Sân bay Liên Khương",Hành lý 0 kg,Hành lý xách tay 7 kg,22-04-2025
DLI0080,Vietnam Airlines,1.392.606 VND/khách,08:55,27 thg 4,09:50,27 thg 4,55m,"Đà Lạt (DLI)
Sân bay Liên Khương",Hành lý 23 kg,Hành lý xách tay 1 x 12 kg,22-04-2025
DLI0121,Vietnam Airlines,1.476.788 VND/khách,20:10,27 thg 4,21:05,27 thg 4,55m,"Đà Lạt (DLI)
Sân bay Liên Khương",Hành lý 23 kg,Hành lý xách tay 1 x 12 kg,22-04-2025
DLI0106,Vietnam Airlines,1.775.223 VND/khách,10:30,27 thg 4,11:25,27 thg 4,55m,"Đà Lạt (DLI)
Sân bay Liên Khương",Hành lý 23 kg,Hành lý xách tay 1 x 12 kg,22-04-2025
DLI0060,Vietnam Airlines,1.161.837 VND/khách,05:45,28 thg 4,06:40,28 thg 4,55m,"Đà Lạt (DLI)
Sân bay Liên Khương",Hành lý 23 kg,Hành lý xách tay 1 x 12 kg,22-04-2025
DLI0040,VietJet Air,1.304.730 VND/khách,15:35,28 thg 4,16:30,28 thg 4,55m,"Đà Lạt (DLI)
Sân bay Liên Khương",Hành lý 0 kg,Hành lý xách tay 7 kg,22-04-2025
DLI0081,Vietnam Airlines,1.392.606 VND/khách,08:55,28 thg 4,09:50,28 thg 4,55m,"Đà Lạt (DLI)
Sân bay Liên Khương",Hành lý 23 kg,Hành lý xách tay 1 x 12 kg,22-04-2025
DLI0132,Vietnam Airlines,1.604.394 VND/khách,21:10,28 thg 4,22:10,28 thg 4,1h 0m,"Đà Lạt (DLI)
Sân bay Liên Khương",Hành lý 23 kg,Hành lý xách tay 1 x 12 kg,22-04-2025
DLI0103,Vietnam Airlines,1.860.138 VND/khách,10:15,28 thg 4,11:10,28 thg 4,55m,"Đà Lạt (DLI)
Sân bay Liên Khương",Hành lý 23 kg,Hành lý xách tay 1 x 12 kg,22-04-2025
DLI0011,Bamboo Airways,1.911.014 VND/khách,16:45,29 thg 4,17:40,29 thg 4,55m,"Đà Lạt (DLI)
Sân bay Liên Khương",Hành lý 20 kg,Hành lý xách tay 7 kg,22-04-2025
DLI0025,VietJet Air,1.608.968 VND/khách,09:55,29 thg 4,10:50,29 thg 4,55m,"Đà Lạt (DLI)
Sân bay Liên Khương",Hành lý 0 kg,Hành lý xách tay 7 kg,22-04-2025
DLI0082,Vietnam Airlines,1.682.316 VND/khách,08:55,29 thg 4,09:50,29 thg 4,55m,"Đà Lạt (DLI)
Sân bay Liên Khương",Hành lý 23 kg,Hành lý xách tay 1 x 12 kg,22-04-2025
DLI0041,VietJet Air,1.839.390 VND/khách,15:35,29 thg 4,16:30,29 thg 4,55m,"Đà Lạt (DLI)
Sân bay Liên Khương",Hành lý 0 kg,Hành lý xách tay 7 kg,22-04-2025
DLI0107,Vietnam Airlines,1.909.089 VND/khách,11:45,29 thg 4,12:40,29 thg 4,55m,"Đà Lạt (DLI)
Sân bay Liên Khương",Hành lý 23 kg,Hành lý xách tay 1 x 12 kg,22-04-2025
DLI0012,Bamboo Airways,1.359.973 VND/khách,16:45,30 thg 4,17:40,30 thg 4,55m,"Đà Lạt (DLI)
Sân bay Liên Khương",Hành lý 0 kg,Hành lý xách tay 7 kg,22-04-2025
DLI0042,VietJet Air,1.608.968 VND/khách,15:35,30 thg 4,16:30,30 thg 4,55m,"Đà Lạt (DLI)
Sân bay Liên Khương",Hành lý 0 kg,Hành lý xách tay 7 kg,22-04-2025
DLI0134,Vietnam Airlines,1.886.112 VND/khách,21:10,30 thg 4,22:10,30 thg 4,1h 0m,"Đà Lạt (DLI)
Sân bay Liên Khương",Hành lý 23 kg,Hành lý xách tay 1 x 12 kg,22-04-2025
DLI0001,Bamboo Airways,1.277.903 VND/khách,16:45,01 thg 5,17:40,01 thg 5,55m,"Đà Lạt (DLI)
Sân bay Liên Khương",Hành lý 0 kg,Hành lý xách tay 7 kg,26-04-2025
DLI0029,VietJet Air,1.304.730 VND/khách,15:35,01 thg 5,16:30,01 thg 5,55m,"Đà Lạt (DLI)
Sân bay Liên Khương",Hành lý 0 kg,Hành lý xách tay 7 kg,26-04-2025
DLI0122,Vietnam Airlines,1.680.318 VND/khách,21:10,01 thg 5,22:10,01 thg 5,1h 0m,"Đà Lạt (DLI)
Sân bay Liên Khương",Hành lý 23 kg,Hành lý xách tay 1 x 12 kg,26-04-2025
DLI0045,Vietnam Airlines,1.706.292 VND/khách,05:45,01 thg 5,06:40,01 thg 5,55m,"Đà Lạt (DLI)
Sân bay Liên Khương",Hành lý 23 kg,Hành lý xách tay 1 x 12 kg,26-04-2025
DLI0014,VietJet Air,1.812.458 VND/khách,09:55,01 thg 5,10:50,01 thg 5,55m,"Đà Lạt (DLI)
Sân bay Liên Khương",Hành lý 0 kg,Hành lý xách tay 7 kg,26-04-2025
DLI0002,Bamboo Airways,869.953 VND/khách,16:45,02 thg 5,17:40,02 thg 5,55m,"Đà Lạt (DLI)
Sân bay Liên Khương",Hành lý 0 kg,Hành lý xách tay 7 kg,26-04-2025
DLI0015,VietJet Air,1.058.348 VND/khách,09:55,02 thg 5,10:50,02 thg 5,55m,"Đà Lạt (DLI)
Sân bay Liên Khương",Hành lý 0 kg,Hành lý xách tay 7 kg,26-04-2025
DLI0030,VietJet Air,1.058.348 VND/khách,15:35,02 thg 5,16:30,02 thg 5,55m,"Đà Lạt (DLI)
Sân bay Liên Khương",Hành lý 0 kg,Hành lý xách tay 7 kg,26-04-2025
DLI0064,Vietnam Airlines,1.149.849 VND/khách,08:55,02 thg 5,09:50,02 thg 5,55m,"Đà Lạt (DLI)
Sân bay Liên Khương",Hành lý 23 kg,Hành lý xách tay 1 x 12 kg,26-04-2025
DLI0123,Vietnam Airlines,1.486.512 VND/khách,21:10,02 thg 5,22:10,02 thg 5,1h 0m,"Đà Lạt (DLI)
Sân bay Liên Khương",Hành lý 23 kg,Hành lý xách tay 1 x 12 kg,26-04-2025
DLI0046,Vietnam Airlines,1.497.501 VND/khách,05:45,02 thg 5,06:40,02 thg 5,55m,"Đà Lạt (DLI)
Sân bay Liên Khương",Hành lý 23 kg,Hành lý xách tay 1 x 12 kg,26-04-2025
DLI0003,Bamboo Airways,869.953 VND/khách,16:45,03 thg 5,17:40,03 thg 5,55m,"Đà Lạt (DLI)
Sân bay Liên Khương",Hành lý 0 kg,Hành lý xách tay 7 kg,26-04-2025
DLI0016,VietJet Air,830.918 VND/khách,09:55,03 thg 5,10:50,03 thg 5,55m,"Đà Lạt (DLI)
Sân bay Liên Khương",Hành lý 0 kg,Hành lý xách tay 7 kg,26-04-2025
DLI0031,VietJet Air,830.918 VND/khách,15:35,03 thg 5,16:30,03 thg 5,55m,"Đà Lạt (DLI)
Sân bay Liên Khương",Hành lý 0 kg,Hành lý xách tay 7 kg,26-04-2025
DLI0065,Vietnam Airlines,974.025 VND/khách,08:55,03 thg 5,09:50,03 thg 5,55m,"Đà Lạt (DLI)
Sân bay Liên Khương",Hành lý 0 kg,Hành lý xách tay 1 x 12 kg,26-04-2025
DLI0047,Vietnam Airlines,1.153.845 VND/khách,05:45,03 thg 5,06:40,03 thg 5,55m,"Đà Lạt (DLI)
Sân bay Liên Khương",Hành lý 23 kg,Hành lý xách tay 1 x 12 kg,26-04-2025
DLI0124,Vietnam Airlines,1.153.845 VND/khách,21:10,03 thg 5,22:10,03 thg 5,1h 0m,"Đà Lạt (DLI)
Sân bay Liên Khương",Hành lý 23 kg,Hành lý xách tay 1 x 12 kg,26-04-2025
DLI0004,Bamboo Airways,947.464 VND/khách,16:45,04 thg 5,17:40,04 thg 5,55m,"Đà Lạt (DLI)
Sân bay Liên Khương",Hành lý 0 kg,Hành lý xách tay 7 kg,26-04-2025
DLI0017,VietJet Air,830.918 VND/khách,09:55,04 thg 5,10:50,04 thg 5,55m,"Đà Lạt (DLI)
Sân bay Liên Khương",Hành lý 0 kg,Hành lý xách tay 7 kg,26-04-2025
DLI0048,Vietnam Airlines,960.849 VND/khách,05:45,04 thg 5,06:40,04 thg 5,55m,"Đà Lạt (DLI)
Sân bay Liên Khương",Hành lý 0 kg,Hành lý xách tay 1 x 12 kg,26-04-2025
DLI0066,Vietnam Airlines,960.849 VND/khách,08:55,04 thg 5,09:50,04 thg 5,55m,"Đà Lạt (DLI)
Sân bay Liên Khương",Hành lý 0 kg,Hành lý xách tay 1 x 12 kg,26-04-2025
DLI0135,Vietnam Airlines,960.849 VND/khách,22:20,04 thg 5,23:20,04 thg 5,1h 0m,"Đà Lạt (DLI)
Sân bay Liên Khương",Hành lý 0 kg,Hành lý xách tay 1 x 12 kg,26-04-2025
DLI0032,VietJet Air,1.058.348 VND/khách,15:35,04 thg 5,16:30,04 thg 5,55m,"Đà Lạt (DLI)
Sân bay Liên Khương",Hành lý 0 kg,Hành lý xách tay 7 kg,26-04-2025
DLI0018,VietJet Air,830.918 VND/khách,09:55,05 thg 5,10:50,05 thg 5,55m,"Đà Lạt (DLI)
Sân bay Liên Khương",Hành lý 0 kg,Hành lý xách tay 7 kg,26-04-2025
DLI0049,Vietnam Airlines,978.021 VND/khách,05:45,05 thg 5,06:40,05 thg 5,55m,"Đà Lạt (DLI)
Sân bay Liên Khương",Hành lý 0 kg,Hành lý xách tay 1 x 12 kg,26-04-2025
DLI0126,Vietnam Airlines,1.179.170 VND/khách,21:10,05 thg 5,22:10,05 thg 5,1h 0m,"Đà Lạt (DLI)
Sân bay Liên Khương",Hành lý 23 kg,Hành lý xách tay 1 x 12 kg,26-04-2025
DLI0089,Vietnam Airlines,1.250.748 VND/khách,10:15,05 thg 5,11:10,05 thg 5,55m,"Đà Lạt (DLI)
Sân bay Liên Khương",Hành lý 23 kg,Hành lý xách tay 1 x 12 kg,26-04-2025
DLI0005,Bamboo Airways,782.244 VND/khách,16:45,06 thg 5,17:40,06 thg 5,55m,"Đà Lạt (DLI)
Sân bay Liên Khương",Hành lý 0 kg,Hành lý xách tay 7 kg,26-04-2025
DLI0019,VietJet Air,830.918 VND/khách,09:55,06 thg 5,10:50,06 thg 5,55m,"Đà Lạt (DLI)
Sân bay Liên Khương",Hành lý 0 kg,Hành lý xách tay 7 kg,26-04-2025
DLI0068,Vietnam Airlines,978.021 VND/khách,08:55,06 thg 5,09:50,06 thg 5,55m,"Đà Lạt (DLI)
Sân bay Liên Khương",Hành lý 0 kg,Hành lý xách tay 1 x 12 kg,26-04-2025
DLI0111,Vietnam Airlines,978.021 VND/khách,17:25,06 thg 5,18:20,06 thg 5,55m,"Đà Lạt (DLI)
Sân bay Liên Khương",Hành lý 0 kg,Hành lý xách tay 1 x 12 kg,26-04-2025
DLI0020,VietJet Air,830.918 VND/khách,09:55,07 thg 5,10:50,07 thg 5,55m,"Đà Lạt (DLI)
Sân bay Liên Khương",Hành lý 0 kg,Hành lý xách tay 7 kg,26-04-2025
DLI0069,Vietnam Airlines,978.021 VND/khách,08:55,07 thg 5,09:50,07 thg 5,55m,"Đà Lạt (DLI)
Sân bay Liên Khương",Hành lý 0 kg,Hành lý xách tay 1 x 12 kg,26-04-2025
DLI0050,Vietnam Airlines,993.381 VND/khách,05:45,07 thg 5,06:40,07 thg 5,55m,"Đà Lạt (DLI)
Sân bay Liên Khương",Hành lý 0 kg,Hành lý xách tay 1 x 12 kg,26-04-2025
DLI0091,Vietnam Airlines,1.153.845 VND/khách,10:15,07 thg 5,11:10,07 thg 5,55m,"Đà Lạt (DLI)
Sân bay Liên Khương",Hành lý 23 kg,Hành lý xách tay 1 x 12 kg,26-04-2025
DLI0112,Vietnam Airlines,1.153.845 VND/khách,17:25,07 thg 5,18:20,07 thg 5,55m,"Đà Lạt (DLI)
Sân bay Liên Khương",Hành lý 23 kg,Hành lý xách tay 1 x 12 kg,26-04-2025
DLI0006,Bamboo Airways,782.244 VND/khách,16:45,08 thg 5,17:40,08 thg 5,55m,"Đà Lạt (DLI)
Sân bay Liên Khương",Hành lý 0 kg,Hành lý xách tay 7 kg,26-04-2025
DLI0021,VietJet Air,830.918 VND/khách,09:55,08 thg 5,10:50,08 thg 5,55m,"Đà Lạt (DLI)
Sân bay Liên Khương",Hành lý 0 kg,Hành lý xách tay 7 kg,26-04-2025
DLI0070,Vietnam Airlines,1.093.905 VND/khách,08:55,08 thg 5,09:50,08 thg 5,55m,"Đà Lạt (DLI)
Sân bay Liên Khương",Hành lý 23 kg,Hành lý xách tay 1 x 12 kg,26-04-2025
DLI0113,Vietnam Airlines,1.160.838 VND/khách,17:25,08 thg 5,18:20,08 thg 5,55m,"Đà Lạt (DLI)
Sân bay Liên Khương",Hành lý 23 kg,Hành lý xách tay 1 x 12 kg,26-04-2025
DLI0022,VietJet Air,1.304.730 VND/khách,09:55,09 thg 5,10:50,09 thg 5,55m,"Đà Lạt (DLI)
Sân bay Liên Khương",Hành lý 0 kg,Hành lý xách tay 7 kg,26-04-2025
DLI0051,Vietnam Airlines,1.389.609 VND/khách,05:45,09 thg 5,06:40,09 thg 5,55m,"Đà Lạt (DLI)
Sân bay Liên Khương",Hành lý 23 kg,Hành lý xách tay 1 x 12 kg,26-04-2025
DLI0114,Vietnam Airlines,1.392.606 VND/khách,17:25,09 thg 5,18:20,09 thg 5,55m,"Đà Lạt (DLI)
Sân bay Liên Khương",Hành lý 23 kg,Hành lý xách tay 1 x 12 kg,26-04-2025
DLI0071,Vietnam Airlines,1.497.501 VND/khách,08:55,09 thg 5,09:50,09 thg 5,55m,"Đà Lạt (DLI)
Sân bay Liên Khương",Hành lý 23 kg,Hành lý xách tay 1 x 12 kg,26-04-2025
DLI0093,Vietnam Airlines,1.583.415 VND/khách,10:15,09 thg 5,11:10,09 thg 5,55m,"Đà Lạt (DLI)
Sân bay Liên Khương",Hành lý 23 kg,Hành lý xách tay 1 x 12 kg,26-04-2025
DLI0007,Bamboo Airways,1.211.612 VND/khách,16:45,10 thg 5,17:40,10 thg 5,55m,"Đà Lạt (DLI)
Sân bay Liên Khương",Hành lý 0 kg,Hành lý xách tay 7 kg,26-04-2025
DLI0115,Vietnam Airlines,1.138.860 VND/khách,17:25,10 thg 5,18:20,10 thg 5,55m,"Đà Lạt (DLI)
Sân bay Liên Khương",Hành lý 23 kg,Hành lý xách tay 1 x 12 kg,26-04-2025
DLI0023,VietJet Air,1.167.075 VND/khách,09:55,10 thg 5,10:50,10 thg 5,55m,"Đà Lạt (DLI)
Sân bay Liên Khương",Hành lý 0 kg,Hành lý xách tay 7 kg,26-04-2025
DLI0094,Vietnam Airlines,1.254.744 VND/khách,10:15,10 thg 5,11:10,10 thg 5,55m,"Đà Lạt (DLI)
Sân bay Liên Khương",Hành lý 23 kg,Hành lý xách tay 1 x 12 kg,26-04-2025
DLI0024,VietJet Air,830.918 VND/khách,09:55,11 thg 5,10:50,11 thg 5,55m,"Đà Lạt (DLI)
Sân bay Liên Khương",Hành lý 0 kg,Hành lý xách tay 7 kg,26-04-2025
DLI0052,Vietnam Airlines,948.051 VND/khách,05:45,11 thg 5,06:40,11 thg 5,55m,"Đà Lạt (DLI)
Sân bay Liên Khương",Hành lý 0 kg,Hành lý xách tay 1 x 12 kg,26-04-2025
DLI0116,Vietnam Airlines,948.051 VND/khách,17:25,11 thg 5,18:20,11 thg 5,55m,"Đà Lạt (DLI)
Sân bay Liên Khương",Hành lý 0 kg,Hành lý xách tay 1 x 12 kg,26-04-2025
DLI0073,Vietnam Airlines,1.153.845 VND/khách,08:55,11 thg 5,09:50,11 thg 5,55m,"Đà Lạt (DLI)
Sân bay Liên Khương",Hành lý 23 kg,Hành lý xách tay 1 x 12 kg,26-04-2025
DLI0095,Vietnam Airlines,1.254.744 VND/khách,10:15,11 thg 5,11:10,11 thg 5,55m,"Đà Lạt (DLI)
Sân bay Liên Khương",Hành lý 23 kg,Hành lý xách tay 1 x 12 kg,26-04-2025
DLI0044,VietJet Air,1.932.669 VND/khách,16:45,27 thg 4,17:35,27 thg 4,50m,"Đà Lạt (DLI)
Sân bay Liên Khương",Hành lý 0 kg,Hành lý xách tay 7 kg,26-04-2025
DLI0109,Vietnam Airlines,1.965.033 VND/khách,12:05,27 thg 4,13:00,27 thg 4,55m,"Đà Lạt (DLI)
Sân bay Liên Khương",Hành lý 23 kg,Hành lý xách tay 1 x 12 kg,26-04-2025
DLI0121,Vietnam Airlines,1.965.033 VND/khách,20:10,27 thg 4,21:05,27 thg 4,55m,"Đà Lạt (DLI)
Sân bay Liên Khương",Hành lý 23 kg,Hành lý xách tay 1 x 12 kg,26-04-2025
DLI0059,Vietnam Airlines,2.008.989 VND/khách,05:45,27 thg 4,06:40,27 thg 4,55m,"Đà Lạt (DLI)
Sân bay Liên Khương",Hành lý 23 kg,Hành lý xách tay 1 x 12 kg,26-04-2025
DLI0060,Vietnam Airlines,1.364.926 VND/khách,05:45,28 thg 4,06:40,28 thg 4,55m,"Đà Lạt (DLI)
Sân bay Liên Khương",Hành lý 23 kg,Hành lý xách tay 1 x 12 kg,26-04-2025
DLI0132,Vietnam Airlines,1.493.505 VND/khách,21:10,28 thg 4,22:10,28 thg 4,1h 0m,"Đà Lạt (DLI)
Sân bay Liên Khương",Hành lý 23 kg,Hành lý xách tay 1 x 12 kg,26-04-2025
DLI0040,VietJet Air,1.585.028 VND/khách,15:35,28 thg 4,16:30,28 thg 4,55m,"Đà Lạt (DLI)
Sân bay Liên Khương",Hành lý 0 kg,Hành lý xách tay 7 kg,26-04-2025
DLI0110,Vietnam Airlines,1.755.243 VND/khách,12:05,28 thg 4,13:00,28 thg 4,55m,"Đà Lạt (DLI)
Sân bay Liên Khương",Hành lý 23 kg,Hành lý xách tay 1 x 12 kg,26-04-2025
DLI0011,Bamboo Airways,1.934.703 VND/khách,16:45,29 thg 4,17:40,29 thg 4,55m,"Đà Lạt (DLI)
Sân bay Liên Khương",Hành lý 20 kg,Hành lý xách tay 7 kg,26-04-2025
DLI0025,VietJet Air,1.304.730 VND/khách,09:55,29 thg 4,10:50,29 thg 4,55m,"Đà Lạt (DLI)
Sân bay Liên Khương",Hành lý 0 kg,Hành lý xách tay 7 kg,26-04-2025
DLI0041,VietJet Air,1.812.458 VND/khách,15:35,29 thg 4,16:30,29 thg 4,55m,"Đà Lạt (DLI)
Sân bay Liên Khương",Hành lý 0 kg,Hành lý xách tay 7 kg,26-04-2025
DLI0104,Vietnam Airlines,2.012.985 VND/khách,10:15,29 thg 4,11:10,29 thg 4,55m,"Đà Lạt (DLI)
Sân bay Liên Khương",Hành lý 23 kg,Hành lý xách tay 1 x 12 kg,26-04-2025
DLI0012,Bamboo Airways,1.934.703 VND/khách,16:45,30 thg 4,17:40,30 thg 4,55m,"Đà Lạt (DLI)
Sân bay Liên Khương",Hành lý 20 kg,Hành lý xách tay 7 kg,26-04-2025
DLI0042,VietJet Air,1.812.458 VND/khách,15:35,30 thg 4,16:30,30 thg 4,55m,"Đà Lạt (DLI)
Sân bay Liên Khương",Hành lý 0 kg,Hành lý xách tay 7 kg,26-04-2025
DLI0001,Bamboo Airways,1.277.903 VND/khách,16:45,01 thg 5,17:40,01 thg 5,55m,"Đà Lạt (DLI)
Sân bay Liên Khương",Hành lý 0 kg,Hành lý xách tay 7 kg,27-04-2025
DLI0029,VietJet Air,1.299.743 VND/khách,15:35,01 thg 5,16:30,01 thg 5,55m,"Đà Lạt (DLI)
Sân bay Liên Khương",Hành lý 0 kg,Hành lý xách tay 7 kg,27-04-2025
DLI0122,Vietnam Airlines,1.670.328 VND/khách,21:10,01 thg 5,22:10,01 thg 5,1h 0m,"Đà Lạt (DLI)
Sân bay Liên Khương",Hành lý 23 kg,Hành lý xách tay 1 x 12 kg,27-04-2025
DLI0045,Vietnam Airlines,1.699.299 VND/khách,05:45,01 thg 5,06:40,01 thg 5,55m,"Đà Lạt (DLI)
Sân bay Liên Khương",Hành lý 23 kg,Hành lý xách tay 1 x 12 kg,27-04-2025
DLI0014,VietJet Air,1.807.077 VND/khách,09:55,01 thg 5,10:50,01 thg 5,55m,"Đà Lạt (DLI)
Sân bay Liên Khương",Hành lý 0 kg,Hành lý xách tay 7 kg,27-04-2025
DLI0002,Bamboo Airways,869.953 VND/khách,16:45,02 thg 5,17:40,02 thg 5,55m,"Đà Lạt (DLI)
Sân bay Liên Khương",Hành lý 0 kg,Hành lý xách tay 7 kg,27-04-2025
DLI0015,VietJet Air,1.055.355 VND/khách,09:55,02 thg 5,10:50,02 thg 5,55m,"Đà Lạt (DLI)
Sân bay Liên Khương",Hành lý 0 kg,Hành lý xách tay 7 kg,27-04-2025
DLI0030,VietJet Air,1.055.355 VND/khách,15:35,02 thg 5,16:30,02 thg 5,55m,"Đà Lạt (DLI)
Sân bay Liên Khương",Hành lý 0 kg,Hành lý xách tay 7 kg,27-04-2025
DLI0064,Vietnam Airlines,1.149.849 VND/khách,08:55,02 thg 5,09:50,02 thg 5,55m,"Đà Lạt (DLI)
Sân bay Liên Khương",Hành lý 23 kg,Hành lý xách tay 1 x 12 kg,27-04-2025
DLI0046,Vietnam Airlines,1.499.499 VND/khách,05:45,02 thg 5,06:40,02 thg 5,55m,"Đà Lạt (DLI)
Sân bay Liên Khương",Hành lý 23 kg,Hành lý xách tay 1 x 12 kg,27-04-2025
DLI0123,Vietnam Airlines,1.499.499 VND/khách,21:10,02 thg 5,22:10,02 thg 5,1h 0m,"Đà Lạt (DLI)
Sân bay Liên Khương",Hành lý 23 kg,Hành lý xách tay 1 x 12 kg,27-04-2025
DLI0003,Bamboo Airways,869.953 VND/khách,16:45,03 thg 5,17:40,03 thg 5,55m,"Đà Lạt (DLI)
Sân bay Liên Khương",Hành lý 0 kg,Hành lý xách tay 7 kg,27-04-2025
DLI0016,VietJet Air,816.953 VND/khách,09:55,03 thg 5,10:50,03 thg 5,55m,"Đà Lạt (DLI)
Sân bay Liên Khương",Hành lý 0 kg,Hành lý xách tay 7 kg,27-04-2025
DLI0031,VietJet Air,816.953 VND/khách,15:35,03 thg 5,16:30,03 thg 5,55m,"Đà Lạt (DLI)
Sân bay Liên Khương",Hành lý 0 kg,Hành lý xách tay 7 kg,27-04-2025
DLI0065,Vietnam Airlines,1.011.987 VND/khách,08:55,03 thg 5,09:50,03 thg 5,55m,"Đà Lạt (DLI)
Sân bay Liên Khương",Hành lý 0 kg,Hành lý xách tay 1 x 12 kg,27-04-2025
DLI0047,Vietnam Airlines,1.149.849 VND/khách,05:45,03 thg 5,06:40,03 thg 5,55m,"Đà Lạt (DLI)
Sân bay Liên Khương",Hành lý 23 kg,Hành lý xách tay 1 x 12 kg,27-04-2025
DLI0124,Vietnam Airlines,1.149.849 VND/khách,21:10,03 thg 5,22:10,03 thg 5,1h 0m,"Đà Lạt (DLI)
Sân bay Liên Khương",Hành lý 23 kg,Hành lý xách tay 1 x 12 kg,27-04-2025
DLI0004,Bamboo Airways,869.953 VND/khách,16:45,04 thg 5,17:40,04 thg 5,55m,"Đà Lạt (DLI)
Sân bay Liên Khương",Hành lý 0 kg,Hành lý xách tay 7 kg,27-04-2025
DLI0017,VietJet Air,816.953 VND/khách,09:55,04 thg 5,10:50,04 thg 5,55m,"Đà Lạt (DLI)
Sân bay Liên Khương",Hành lý 0 kg,Hành lý xách tay 7 kg,27-04-2025
DLI0048,Vietnam Airlines,975.024 VND/khách,05:45,04 thg 5,06:40,04 thg 5,55m,"Đà Lạt (DLI)
Sân bay Liên Khương",Hành lý 0 kg,Hành lý xách tay 1 x 12 kg,27-04-2025
DLI0066,Vietnam Airlines,975.024 VND/khách,08:55,04 thg 5,09:50,04 thg 5,55m,"Đà Lạt (DLI)
Sân bay Liên Khương",Hành lý 0 kg,Hành lý xách tay 1 x 12 kg,27-04-2025
DLI0135,Vietnam Airlines,975.024 VND/khách,22:20,04 thg 5,23:20,04 thg 5,1h 0m,"Đà Lạt (DLI)
Sân bay Liên Khương",Hành lý 0 kg,Hành lý xách tay 1 x 12 kg,27-04-2025
DLI0032,VietJet Air,1.055.355 VND/khách,15:35,04 thg 5,16:30,04 thg 5,55m,"Đà Lạt (DLI)
Sân bay Liên Khương",Hành lý 0 kg,Hành lý xách tay 7 kg,27-04-2025
DLI0018,VietJet Air,816.953 VND/khách,09:55,05 thg 5,10:50,05 thg 5,55m,"Đà Lạt (DLI)
Sân bay Liên Khương",Hành lý 0 kg,Hành lý xách tay 7 kg,27-04-2025
DLI0049,Vietnam Airlines,975.024 VND/khách,05:45,05 thg 5,06:40,05 thg 5,55m,"Đà Lạt (DLI)
Sân bay Liên Khương",Hành lý 0 kg,Hành lý xách tay 1 x 12 kg,27-04-2025
DLI0126,Vietnam Airlines,1.149.849 VND/khách,21:10,05 thg 5,22:10,05 thg 5,1h 0m,"Đà Lạt (DLI)
Sân bay Liên Khương",Hành lý 23 kg,Hành lý xách tay 1 x 12 kg,27-04-2025
DLI0089,Vietnam Airlines,1.245.753 VND/khách,10:15,05 thg 5,11:10,05 thg 5,55m,"Đà Lạt (DLI)
Sân bay Liên Khương",Hành lý 23 kg,Hành lý xách tay 1 x 12 kg,27-04-2025
DLI0005,Bamboo Airways,782.244 VND/khách,16:45,06 thg 5,17:40,06 thg 5,55m,"Đà Lạt (DLI)
Sân bay Liên Khương",Hành lý 0 kg,Hành lý xách tay 7 kg,27-04-2025
DLI0019,VietJet Air,816.953 VND/khách,09:55,06 thg 5,10:50,06 thg 5,55m,"Đà Lạt (DLI)
Sân bay Liên Khương",Hành lý 0 kg,Hành lý xách tay 7 kg,27-04-2025
DLI0068,Vietnam Airlines,971.028 VND/khách,08:55,06 thg 5,09:50,06 thg 5,55m,"Đà Lạt (DLI)
Sân bay Liên Khương",Hành lý 0 kg,Hành lý xách tay 1 x 12 kg,27-04-2025
DLI0111,Vietnam Airlines,975.024 VND/khách,17:25,06 thg 5,18:20,06 thg 5,55m,"Đà Lạt (DLI)
Sân bay Liên Khương",Hành lý 0 kg,Hành lý xách tay 1 x 12 kg,27-04-2025
DLI0020,VietJet Air,809.970 VND/khách,09:55,07 thg 5,10:50,07 thg 5,55m,"Đà Lạt (DLI)
Sân bay Liên Khương",Hành lý 0 kg,Hành lý xách tay 7 kg,27-04-2025
DLI0050,Vietnam Airlines,975.024 VND/khách,05:45,07 thg 5,06:40,07 thg 5,55m,"Đà Lạt (DLI)
Sân bay Liên Khương",Hành lý 0 kg,Hành lý xách tay 1 x 12 kg,27-04-2025
DLI0069,Vietnam Airlines,975.024 VND/khách,08:55,07 thg 5,09:50,07 thg 5,55m,"Đà Lạt (DLI)
Sân bay Liên Khương",Hành lý 0 kg,Hành lý xách tay 1 x 12 kg,27-04-2025
DLI0112,Vietnam Airlines,1.123.875 VND/khách,17:25,07 thg 5,18:20,07 thg 5,55m,"Đà Lạt (DLI)
Sân bay Liên Khương",Hành lý 23 kg,Hành lý xách tay 1 x 12 kg,27-04-2025
DLI0091,Vietnam Airlines,1.149.849 VND/khách,10:15,07 thg 5,11:10,07 thg 5,55m,"Đà Lạt (DLI)
Sân bay Liên Khương",Hành lý 23 kg,Hành lý xách tay 1 x 12 kg,27-04-2025
DLI0006,Bamboo Airways,782.244 VND/khách,16:45,08 thg 5,17:40,08 thg 5,55m,"Đà Lạt (DLI)
Sân bay Liên Khương",Hành lý 0 kg,Hành lý xách tay 7 kg,27-04-2025
DLI0021,VietJet Air,809.970 VND/khách,09:55,08 thg 5,10:50,08 thg 5,55m,"Đà Lạt (DLI)
Sân bay Liên Khương",Hành lý 0 kg,Hành lý xách tay 7 kg,27-04-2025
DLI0070,Vietnam Airlines,1.090.908 VND/khách,08:55,08 thg 5,09:50,08 thg 5,55m,"Đà Lạt (DLI)
Sân bay Liên Khương",Hành lý 23 kg,Hành lý xách tay 1 x 12 kg,27-04-2025
DLI0113,Vietnam Airlines,1.149.849 VND/khách,17:25,08 thg 5,18:20,08 thg 5,55m,"Đà Lạt (DLI)
Sân bay Liên Khương",Hành lý 23 kg,Hành lý xách tay 1 x 12 kg,27-04-2025
DLI0022,VietJet Air,1.289.768 VND/khách,09:55,09 thg 5,10:50,09 thg 5,55m,"Đà Lạt (DLI)
Sân bay Liên Khương",Hành lý 0 kg,Hành lý xách tay 7 kg,27-04-2025
DLI0114,Vietnam Airlines,1.387.611 VND/khách,17:25,09 thg 5,18:20,09 thg 5,55m,"Đà Lạt (DLI)
Sân bay Liên Khương",Hành lý 23 kg,Hành lý xách tay 1 x 12 kg,27-04-2025
DLI0071,Vietnam Airlines,1.491.507 VND/khách,08:55,09 thg 5,09:50,09 thg 5,55m,"Đà Lạt (DLI)
Sân bay Liên Khương",Hành lý 23 kg,Hành lý xách tay 1 x 12 kg,27-04-2025
DLI0051,Vietnam Airlines,1.499.499 VND/khách,05:45,09 thg 5,06:40,09 thg 5,55m,"Đà Lạt (DLI)
Sân bay Liên Khương",Hành lý 23 kg,Hành lý xách tay 1 x 12 kg,27-04-2025
DLI0093,Vietnam Airlines,1.577.421 VND/khách,10:15,09 thg 5,11:10,09 thg 5,55m,"Đà Lạt (DLI)
Sân bay Liên Khương",Hành lý 23 kg,Hành lý xách tay 1 x 12 kg,27-04-2025
DLI0007,Bamboo Airways,1.145.320 VND/khách,16:45,10 thg 5,17:40,10 thg 5,55m,"Đà Lạt (DLI)
Sân bay Liên Khương",Hành lý 0 kg,Hành lý xách tay 7 kg,27-04-2025
DLI0115,Vietnam Airlines,1.149.849 VND/khách,17:25,10 thg 5,18:20,10 thg 5,55m,"Đà Lạt (DLI)
Sân bay Liên Khương",Hành lý 23 kg,Hành lý xách tay 1 x 12 kg,27-04-2025
DLI0023,VietJet Air,1.152.113 VND/khách,09:55,10 thg 5,10:50,10 thg 5,55m,"Đà Lạt (DLI)
Sân bay Liên Khương",Hành lý 0 kg,Hành lý xách tay 7 kg,27-04-2025
DLI0094,Vietnam Airlines,1.245.753 VND/khách,10:15,10 thg 5,11:10,10 thg 5,55m,"Đà Lạt (DLI)
Sân bay Liên Khương",Hành lý 23 kg,Hành lý xách tay 1 x 12 kg,27-04-2025
DLI0024,VietJet Air,809.970 VND/khách,09:55,11 thg 5,10:50,11 thg 5,55m,"Đà Lạt (DLI)
Sân bay Liên Khương",Hành lý 0 kg,Hành lý xách tay 7 kg,27-04-2025
DLI0052,Vietnam Airlines,945.054 VND/khách,05:45,11 thg 5,06:40,11 thg 5,55m,"Đà Lạt (DLI)
Sân bay Liên Khương",Hành lý 0 kg,Hành lý xách tay 1 x 12 kg,27-04-2025
DLI0116,Vietnam Airlines,1.126.872 VND/khách,17:25,11 thg 5,18:20,11 thg 5,55m,"Đà Lạt (DLI)
Sân bay Liên Khương",Hành lý 23 kg,Hành lý xách tay 1 x 12 kg,27-04-2025
DLI0073,Vietnam Airlines,1.149.849 VND/khách,08:55,11 thg 5,09:50,11 thg 5,55m,"Đà Lạt (DLI)
Sân bay Liên Khương",Hành lý 23 kg,Hành lý xách tay 1 x 12 kg,27-04-2025
DLI0095,Vietnam Airlines,1.245.753 VND/khách,10:15,11 thg 5,11:10,11 thg 5,55m,"Đà Lạt (DLI)
Sân bay Liên Khương",Hành lý 23 kg,Hành lý xách tay 1 x 12 kg,27-04-2025
DLI0060,Vietnam Airlines,1.469.529 VND/khách,05:45,28 thg 4,06:40,28 thg 4,55m,"Đà Lạt (DLI)
Sân bay Liên Khương",Hành lý 23 kg,Hành lý xách tay 1 x 12 kg,27-04-2025
DLI0040,VietJet Air,1.578.045 VND/khách,15:35,28 thg 4,16:30,28 thg 4,55m,"Đà Lạt (DLI)
Sân bay Liên Khương",Hành lý 0 kg,Hành lý xách tay 7 kg,27-04-2025
DLI0132,Vietnam Airlines,1.599.399 VND/khách,21:10,28 thg 4,22:10,28 thg 4,1h 0m,"Đà Lạt (DLI)
Sân bay Liên Khương",Hành lý 23 kg,Hành lý xách tay 1 x 12 kg,27-04-2025
DLI0110,Vietnam Airlines,1.942.056 VND/khách,12:05,28 thg 4,13:00,28 thg 4,55m,"Đà Lạt (DLI)
Sân bay Liên Khương",Hành lý 23 kg,Hành lý xách tay 1 x 12 kg,27-04-2025
DLI0011,Bamboo Airways,1.934.703 VND/khách,16:45,29 thg 4,17:40,29 thg 4,55m,"Đà Lạt (DLI)
Sân bay Liên Khương",Hành lý 20 kg,Hành lý xách tay 7 kg,27-04-2025
DLI0025,VietJet Air,1.299.743 VND/khách,09:55,29 thg 4,10:50,29 thg 4,55m,"Đà Lạt (DLI)
Sân bay Liên Khương",Hành lý 0 kg,Hành lý xách tay 7 kg,27-04-2025
DLI0041,VietJet Air,1.807.077 VND/khách,15:35,29 thg 4,16:30,29 thg 4,55m,"Đà Lạt (DLI)
Sân bay Liên Khương",Hành lý 0 kg,Hành lý xách tay 7 kg,27-04-2025
DLI0104,Vietnam Airlines,2.001.996 VND/khách,10:15,29 thg 4,11:10,29 thg 4,55m,"Đà Lạt (DLI)
Sân bay Liên Khương",Hành lý 23 kg,Hành lý xách tay 1 x 12 kg,27-04-2025
DLI0012,Bamboo Airways,1.934.703 VND/khách,16:45,30 thg 4,17:40,30 thg 4,55m,"Đà Lạt (DLI)
Sân bay Liên Khương",Hành lý 20 kg,Hành lý xách tay 7 kg,27-04-2025
DLI0042,VietJet Air,1.807.077 VND/khách,15:35,30 thg 4,16:30,30 thg 4,55m,"Đà Lạt (DLI)
Sân bay Liên Khương",Hành lý 0 kg,Hành lý xách tay 7 kg,27-04-2025
DLI0134,Vietnam Airlines,1.912.086 VND/khách,21:10,30 thg 4,22:10,30 thg 4,1h 0m,"Đà Lạt (DLI)
Sân bay Liên Khương",Hành lý 23 kg,Hành lý xách tay 1 x 12 kg,27-04-2025
DLI0001,Bamboo Airways,1.277.903 VND/khách,16:45,01 thg 5,17:40,01 thg 5,55m,"Đà Lạt (DLI)
Sân bay Liên Khương",Hành lý 0 kg,Hành lý xách tay 7 kg,28-04-2025
DLI0029,VietJet Air,1.294.755 VND/khách,15:35,01 thg 5,16:30,01 thg 5,55m,"Đà Lạt (DLI)
Sân bay Liên Khương",Hành lý 0 kg,Hành lý xách tay 7 kg,28-04-2025
DLI0122,Vietnam Airlines,1.664.080 VND/khách,21:10,01 thg 5,22:10,01 thg 5,1h 0m,"Đà Lạt (DLI)
Sân bay Liên Khương",Hành lý 23 kg,Hành lý xách tay 1 x 12 kg,28-04-2025
DLI0045,Vietnam Airlines,1.752.917 VND/khách,05:45,01 thg 5,06:40,01 thg 5,55m,"Đà Lạt (DLI)
Sân bay Liên Khương",Hành lý 23 kg,Hành lý xách tay 1 x 12 kg,28-04-2025
DLI0014,VietJet Air,1.863.441 VND/khách,09:55,01 thg 5,10:50,01 thg 5,55m,"Đà Lạt (DLI)
Sân bay Liên Khương",Hành lý 0 kg,Hành lý xách tay 7 kg,28-04-2025
DLI0002,Bamboo Airways,1.013.756 VND/khách,16:45,02 thg 5,17:40,02 thg 5,55m,"Đà Lạt (DLI)
Sân bay Liên Khương",Hành lý 0 kg,Hành lý xách tay 7 kg,28-04-2025
DLI0030,VietJet Air,1.051.365 VND/khách,15:35,02 thg 5,16:30,02 thg 5,55m,"Đà Lạt (DLI)
Sân bay Liên Khương",Hành lý 0 kg,Hành lý xách tay 7 kg,28-04-2025
DLI0064,Vietnam Airlines,1.253.540 VND/khách,08:55,02 thg 5,09:50,02 thg 5,55m,"Đà Lạt (DLI)
Sân bay Liên Khương",Hành lý 23 kg,Hành lý xách tay 1 x 12 kg,28-04-2025
DLI0015,VietJet Air,1.295.753 VND/khách,09:55,02 thg 5,10:50,02 thg 5,55m,"Đà Lạt (DLI)
Sân bay Liên Khương",Hành lý 0 kg,Hành lý xách tay 7 kg,28-04-2025
DLI0046,Vietnam Airlines,1.478.054 VND/khách,05:45,02 thg 5,06:40,02 thg 5,55m,"Đà Lạt (DLI)
Sân bay Liên Khương",Hành lý 23 kg,Hành lý xách tay 1 x 12 kg,28-04-2025
DLI0123,Vietnam Airlines,1.478.054 VND/khách,21:10,02 thg 5,22:10,02 thg 5,1h 0m,"Đà Lạt (DLI)
Sân bay Liên Khương",Hành lý 23 kg,Hành lý xách tay 1 x 12 kg,28-04-2025
DLI0003,Bamboo Airways,869.953 VND/khách,16:45,03 thg 5,17:40,03 thg 5,55m,"Đà Lạt (DLI)
Sân bay Liên Khương",Hành lý 0 kg,Hành lý xách tay 7 kg,28-04-2025
DLI0016,VietJet Air,813.960 VND/khách,09:55,03 thg 5,10:50,03 thg 5,55m,"Đà Lạt (DLI)
Sân bay Liên Khương",Hành lý 0 kg,Hành lý xách tay 7 kg,28-04-2025
DLI0031,VietJet Air,813.960 VND/khách,15:35,03 thg 5,16:30,03 thg 5,55m,"Đà Lạt (DLI)
Sân bay Liên Khương",Hành lý 0 kg,Hành lý xách tay 7 kg,28-04-2025
DLI0065,Vietnam Airlines,994.723 VND/khách,08:55,03 thg 5,09:50,03 thg 5,55m,"Đà Lạt (DLI)
Sân bay Liên Khương",Hành lý 0 kg,Hành lý xách tay 1 x 12 kg,28-04-2025
DLI0124,Vietnam Airlines,1.141.282 VND/khách,21:10,03 thg 5,22:10,03 thg 5,1h 0m,"Đà Lạt (DLI)
Sân bay Liên Khương",Hành lý 23 kg,Hành lý xách tay 1 x 12 kg,28-04-2025
DLI0004,Bamboo Airways,782.244 VND/khách,16:45,04 thg 5,17:40,04 thg 5,55m,"Đà Lạt (DLI)
Sân bay Liên Khương",Hành lý 0 kg,Hành lý xách tay 7 kg,28-04-2025
DLI0017,VietJet Air,813.960 VND/khách,09:55,04 thg 5,10:50,04 thg 5,55m,"Đà Lạt (DLI)
Sân bay Liên Khương",Hành lý 0 kg,Hành lý xách tay 7 kg,28-04-2025
DLI0066,Vietnam Airlines,994.723 VND/khách,08:55,04 thg 5,09:50,04 thg 5,55m,"Đà Lạt (DLI)
Sân bay Liên Khương",Hành lý 0 kg,Hành lý xách tay 1 x 12 kg,28-04-2025
DLI0135,Vietnam Airlines,994.723 VND/khách,22:20,04 thg 5,23:20,04 thg 5,1h 0m,"Đà Lạt (DLI)
Sân bay Liên Khương",Hành lý 0 kg,Hành lý xách tay 1 x 12 kg,28-04-2025
DLI0032,VietJet Air,1.051.365 VND/khách,15:35,04 thg 5,16:30,04 thg 5,55m,"Đà Lạt (DLI)
Sân bay Liên Khương",Hành lý 0 kg,Hành lý xách tay 7 kg,28-04-2025
DLI0018,VietJet Air,813.960 VND/khách,09:55,05 thg 5,10:50,05 thg 5,55m,"Đà Lạt (DLI)
Sân bay Liên Khương",Hành lý 0 kg,Hành lý xách tay 7 kg,28-04-2025
DLI0049,Vietnam Airlines,1.128.870 VND/khách,05:45,05 thg 5,06:40,05 thg 5,55m,"Đà Lạt (DLI)
Sân bay Liên Khương",Hành lý 23 kg,Hành lý xách tay 1 x 12 kg,28-04-2025
DLI0126,Vietnam Airlines,1.253.540 VND/khách,21:10,05 thg 5,22:10,05 thg 5,1h 0m,"Đà Lạt (DLI)
Sân bay Liên Khương",Hành lý 23 kg,Hành lý xách tay 1 x 12 kg,28-04-2025
DLI0089,Vietnam Airlines,1.375.623 VND/khách,10:15,05 thg 5,11:10,05 thg 5,55m,"Đà Lạt (DLI)
Sân bay Liên Khương",Hành lý 23 kg,Hành lý xách tay 1 x 12 kg,28-04-2025
DLI0005,Bamboo Airways,782.244 VND/khách,16:45,06 thg 5,17:40,06 thg 5,55m,"Đà Lạt (DLI)
Sân bay Liên Khương",Hành lý 0 kg,Hành lý xách tay 7 kg,28-04-2025
DLI0019,VietJet Air,828.923 VND/khách,09:55,06 thg 5,10:50,06 thg 5,55m,"Đà Lạt (DLI)
Sân bay Liên Khương",Hành lý 0 kg,Hành lý xách tay 7 kg,28-04-2025
DLI0068,Vietnam Airlines,961.462 VND/khách,08:55,06 thg 5,09:50,06 thg 5,55m,"Đà Lạt (DLI)
Sân bay Liên Khương",Hành lý 0 kg,Hành lý xách tay 1 x 12 kg,28-04-2025
DLI0111,Vietnam Airlines,1.141.282 VND/khách,17:25,06 thg 5,18:20,06 thg 5,55m,"Đà Lạt (DLI)
Sân bay Liên Khương",Hành lý 23 kg,Hành lý xách tay 1 x 12 kg,28-04-2025
DLI0050,Vietnam Airlines,961.462 VND/khách,05:45,07 thg 5,06:40,07 thg 5,55m,"Đà Lạt (DLI)
Sân bay Liên Khương",Hành lý 0 kg,Hành lý xách tay 1 x 12 kg,28-04-2025
DLI0069,Vietnam Airlines,961.462 VND/khách,08:55,07 thg 5,09:50,07 thg 5,55m,"Đà Lạt (DLI)
Sân bay Liên Khương",Hành lý 0 kg,Hành lý xách tay 1 x 12 kg,28-04-2025
DLI0091,Vietnam Airlines,1.141.282 VND/khách,10:15,07 thg 5,11:10,07 thg 5,55m,"Đà Lạt (DLI)
Sân bay Liên Khương",Hành lý 23 kg,Hành lý xách tay 1 x 12 kg,28-04-2025
DLI0112,Vietnam Airlines,1.141.282 VND/khách,17:25,07 thg 5,18:20,07 thg 5,55m,"Đà Lạt (DLI)
Sân bay Liên Khương",Hành lý 23 kg,Hành lý xách tay 1 x 12 kg,28-04-2025
DLI0020,VietJet Air,1.931.195 VND/khách,09:55,07 thg 5,10:50,07 thg 5,55m,"Đà Lạt (DLI)
Sân bay Liên Khương",Hành lý 0 kg,Hành lý xách tay 7 kg,28-04-2025
DLI0006,Bamboo Airways,869.953 VND/khách,16:45,08 thg 5,17:40,08 thg 5,55m,"Đà Lạt (DLI)
Sân bay Liên Khương",Hành lý 0 kg,Hành lý xách tay 7 kg,28-04-2025
DLI0021,VietJet Air,813.960 VND/khách,09:55,08 thg 5,10:50,08 thg 5,55m,"Đà Lạt (DLI)
Sân bay Liên Khương",Hành lý 0 kg,Hành lý xách tay 7 kg,28-04-2025
DLI0070,Vietnam Airlines,1.073.720 VND/khách,08:55,08 thg 5,09:50,08 thg 5,55m,"Đà Lạt (DLI)
Sân bay Liên Khương",Hành lý 23 kg,Hành lý xách tay 1 x 12 kg,28-04-2025
DLI0113,Vietnam Airlines,1.141.282 VND/khách,17:25,08 thg 5,18:20,08 thg 5,55m,"Đà Lạt (DLI)
Sân bay Liên Khương",Hành lý 23 kg,Hành lý xách tay 1 x 12 kg,28-04-2025
DLI0022,VietJet Air,1.295.753 VND/khách,09:55,09 thg 5,10:50,09 thg 5,55m,"Đà Lạt (DLI)
Sân bay Liên Khương",Hành lý 0 kg,Hành lý xách tay 7 kg,28-04-2025
DLI0051,Vietnam Airlines,1.478.054 VND/khách,05:45,09 thg 5,06:40,09 thg 5,55m,"Đà Lạt (DLI)
Sân bay Liên Khương",Hành lý 23 kg,Hành lý xách tay 1 x 12 kg,28-04-2025
DLI0071,Vietnam Airlines,1.478.054 VND/khách,08:55,09 thg 5,09:50,09 thg 5,55m,"Đà Lạt (DLI)
Sân bay Liên Khương",Hành lý 23 kg,Hành lý xách tay 1 x 12 kg,28-04-2025
DLI0093,Vietnam Airlines,1.578.877 VND/khách,10:15,09 thg 5,11:10,09 thg 5,55m,"Đà Lạt (DLI)
Sân bay Liên Khương",Hành lý 23 kg,Hành lý xách tay 1 x 12 kg,28-04-2025
DLI0114,Vietnam Airlines,1.778.220 VND/khách,17:25,09 thg 5,18:20,09 thg 5,55m,"Đà Lạt (DLI)
Sân bay Liên Khương",Hành lý 23 kg,Hành lý xách tay 1 x 12 kg,28-04-2025
DLI0007,Bamboo Airways,1.145.320 VND/khách,16:45,10 thg 5,17:40,10 thg 5,55m,"Đà Lạt (DLI)
Sân bay Liên Khương",Hành lý 0 kg,Hành lý xách tay 7 kg,28-04-2025
DLI0115,Vietnam Airlines,1.141.282 VND/khách,17:25,10 thg 5,18:20,10 thg 5,55m,"Đà Lạt (DLI)
Sân bay Liên Khương",Hành lý 23 kg,Hành lý xách tay 1 x 12 kg,28-04-2025
DLI0023,VietJet Air,1.147.125 VND/khách,09:55,10 thg 5,10:50,10 thg 5,55m,"Đà Lạt (DLI)
Sân bay Liên Khương",Hành lý 0 kg,Hành lý xách tay 7 kg,28-04-2025
DLI0094,Vietnam Airlines,1.365.797 VND/khách,10:15,10 thg 5,11:10,10 thg 5,55m,"Đà Lạt (DLI)
Sân bay Liên Khương",Hành lý 23 kg,Hành lý xách tay 1 x 12 kg,28-04-2025
DLI0024,VietJet Air,813.960 VND/khách,09:55,11 thg 5,10:50,11 thg 5,55m,"Đà Lạt (DLI)
Sân bay Liên Khương",Hành lý 0 kg,Hành lý xách tay 7 kg,28-04-2025
DLI0052,Vietnam Airlines,967.032 VND/khách,05:45,11 thg 5,06:40,11 thg 5,55m,"Đà Lạt (DLI)
Sân bay Liên Khương",Hành lý 0 kg,Hành lý xách tay 1 x 12 kg,28-04-2025
DLI0116,Vietnam Airlines,967.032 VND/khách,17:25,11 thg 5,18:20,11 thg 5,55m,"Đà Lạt (DLI)
Sân bay Liên Khương",Hành lý 0 kg,Hành lý xách tay 1 x 12 kg,28-04-2025
DLI0073,Vietnam Airlines,1.133.865 VND/khách,08:55,11 thg 5,09:50,11 thg 5,55m,"Đà Lạt (DLI)
Sân bay Liên Khương",Hành lý 23 kg,Hành lý xách tay 1 x 12 kg,28-04-2025
DLI0095,Vietnam Airlines,1.241.757 VND/khách,10:15,11 thg 5,11:10,11 thg 5,55m,"Đà Lạt (DLI)
Sân bay Liên Khương",Hành lý 23 kg,Hành lý xách tay 1 x 12 kg,28-04-2025
DLI0025,VietJet Air,1.892.258 VND/khách,09:55,29 thg 4,10:50,29 thg 4,55m,"Đà Lạt (DLI)
Sân bay Liên Khương",Hành lý 0 kg,Hành lý xách tay 7 kg,28-04-2025
DLI0012,Bamboo Airways,1.917.365 VND/khách,16:45,30 thg 4,17:40,30 thg 4,55m,"Đà Lạt (DLI)
Sân bay Liên Khương",Hành lý 20 kg,Hành lý xách tay 7 kg,28-04-2025
DLI0042,VietJet Air,1.831.410 VND/khách,15:35,30 thg 4,16:30,30 thg 4,55m,"Đà Lạt (DLI)
Sân bay Liên Khương",Hành lý 0 kg,Hành lý xách tay 7 kg,28-04-2025
DLI0001,Bamboo Airways,1.376.831 VND/khách,16:45,01 thg 5,17:40,01 thg 5,55m,"Đà Lạt (DLI)
Sân bay Liên Khương",Hành lý 0 kg,Hành lý xách tay 7 kg,29-04-2025
DLI0029,VietJet Air,1.306.725 VND/khách,15:35,01 thg 5,16:30,01 thg 5,55m,"Đà Lạt (DLI)
Sân bay Liên Khương",Hành lý 0 kg,Hành lý xách tay 7 kg,29-04-2025
DLI0122,Vietnam Airlines,1.527.121 VND/khách,21:10,01 thg 5,22:10,01 thg 5,1h 0m,"Đà Lạt (DLI)
Sân bay Liên Khương",Hành lý 23 kg,Hành lý xách tay 1 x 12 kg,29-04-2025
DLI0045,Vietnam Airlines,1.569.429 VND/khách,05:45,01 thg 5,06:40,01 thg 5,55m,"Đà Lạt (DLI)
Sân bay Liên Khương",Hành lý 23 kg,Hành lý xách tay 1 x 12 kg,29-04-2025
DLI0002,Bamboo Airways,1.041.765 VND/khách,16:45,02 thg 5,17:40,02 thg 5,55m,"Đà Lạt (DLI)
Sân bay Liên Khương",Hành lý 0 kg,Hành lý xách tay 7 kg,29-04-2025
DLI0030,VietJet Air,1.055.355 VND/khách,15:35,02 thg 5,16:30,02 thg 5,55m,"Đà Lạt (DLI)
Sân bay Liên Khương",Hành lý 0 kg,Hành lý xách tay 7 kg,29-04-2025
DLI0123,Vietnam Airlines,1.171.827 VND/khách,21:10,02 thg 5,22:10,02 thg 5,1h 0m,"Đà Lạt (DLI)
Sân bay Liên Khương",Hành lý 23 kg,Hành lý xách tay 1 x 12 kg,29-04-2025
DLI0046,Vietnam Airlines,1.175.823 VND/khách,05:45,02 thg 5,06:40,02 thg 5,55m,"Đà Lạt (DLI)
Sân bay Liên Khương",Hành lý 23 kg,Hành lý xách tay 1 x 12 kg,29-04-2025
DLI0015,VietJet Air,1.299.743 VND/khách,09:55,02 thg 5,10:50,02 thg 5,55m,"Đà Lạt (DLI)
Sân bay Liên Khương",Hành lý 0 kg,Hành lý xách tay 7 kg,29-04-2025
DLI0064,Vietnam Airlines,1.366.167 VND/khách,08:55,02 thg 5,09:50,02 thg 5,55m,"Đà Lạt (DLI)
Sân bay Liên Khương",Hành lý 23 kg,Hành lý xách tay 1 x 12 kg,29-04-2025
DLI0003,Bamboo Airways,782.244 VND/khách,16:45,03 thg 5,17:40,03 thg 5,55m,"Đà Lạt (DLI)
Sân bay Liên Khương",Hành lý 0 kg,Hành lý xách tay 7 kg,29-04-2025
DLI0016,VietJet Air,835.905 VND/khách,09:55,03 thg 5,10:50,03 thg 5,55m,"Đà Lạt (DLI)
Sân bay Liên Khương",Hành lý 0 kg,Hành lý xách tay 7 kg,29-04-2025
DLI0031,VietJet Air,835.905 VND/khách,15:35,03 thg 5,16:30,03 thg 5,55m,"Đà Lạt (DLI)
Sân bay Liên Khương",Hành lý 0 kg,Hành lý xách tay 7 kg,29-04-2025
DLI0065,Vietnam Airlines,1.145.853 VND/khách,08:55,03 thg 5,09:50,03 thg 5,55m,"Đà Lạt (DLI)
Sân bay Liên Khương",Hành lý 23 kg,Hành lý xách tay 1 x 12 kg,29-04-2025
DLI0124,Vietnam Airlines,1.149.849 VND/khách,21:10,03 thg 5,22:10,03 thg 5,1h 0m,"Đà Lạt (DLI)
Sân bay Liên Khương",Hành lý 23 kg,Hành lý xách tay 1 x 12 kg,29-04-2025
DLI0004,Bamboo Airways,782.244 VND/khách,16:45,04 thg 5,17:40,04 thg 5,55m,"Đà Lạt (DLI)
Sân bay Liên Khương",Hành lý 0 kg,Hành lý xách tay 7 kg,29-04-2025
DLI0017,VietJet Air,835.905 VND/khách,09:55,04 thg 5,10:50,04 thg 5,55m,"Đà Lạt (DLI)
Sân bay Liên Khương",Hành lý 0 kg,Hành lý xách tay 7 kg,29-04-2025
DLI0066,Vietnam Airlines,1.011.987 VND/khách,08:55,04 thg 5,09:50,04 thg 5,55m,"Đà Lạt (DLI)
Sân bay Liên Khương",Hành lý 0 kg,Hành lý xách tay 1 x 12 kg,29-04-2025
DLI0135,Vietnam Airlines,1.011.987 VND/khách,22:20,04 thg 5,23:20,04 thg 5,1h 0m,"Đà Lạt (DLI)
Sân bay Liên Khương",Hành lý 0 kg,Hành lý xách tay 1 x 12 kg,29-04-2025
DLI0032,VietJet Air,1.055.355 VND/khách,15:35,04 thg 5,16:30,04 thg 5,55m,"Đà Lạt (DLI)
Sân bay Liên Khương",Hành lý 0 kg,Hành lý xách tay 7 kg,29-04-2025
DLI0018,VietJet Air,835.905 VND/khách,09:55,05 thg 5,10:50,05 thg 5,55m,"Đà Lạt (DLI)
Sân bay Liên Khương",Hành lý 0 kg,Hành lý xách tay 7 kg,29-04-2025
DLI0049,Vietnam Airlines,1.011.987 VND/khách,05:45,05 thg 5,06:40,05 thg 5,55m,"Đà Lạt (DLI)
Sân bay Liên Khương",Hành lý 0 kg,Hành lý xách tay 1 x 12 kg,29-04-2025
DLI0126,Vietnam Airlines,1.175.823 VND/khách,21:10,05 thg 5,22:10,05 thg 5,1h 0m,"Đà Lạt (DLI)
Sân bay Liên Khương",Hành lý 23 kg,Hành lý xách tay 1 x 12 kg,29-04-2025
DLI0089,Vietnam Airlines,1.380.618 VND/khách,10:15,05 thg 5,11:10,05 thg 5,55m,"Đà Lạt (DLI)
Sân bay Liên Khương",Hành lý 23 kg,Hành lý xách tay 1 x 12 kg,29-04-2025
DLI0005,Bamboo Airways,782.244 VND/khách,16:45,06 thg 5,17:40,06 thg 5,55m,"Đà Lạt (DLI)
Sân bay Liên Khương",Hành lý 0 kg,Hành lý xách tay 7 kg,29-04-2025
DLI0019,VietJet Air,835.905 VND/khách,09:55,06 thg 5,10:50,06 thg 5,55m,"Đà Lạt (DLI)
Sân bay Liên Khương",Hành lý 0 kg,Hành lý xách tay 7 kg,29-04-2025
DLI0068,Vietnam Airlines,870.129 VND/khách,08:55,06 thg 5,09:50,06 thg 5,55m,"Đà Lạt (DLI)
Sân bay Liên Khương",Hành lý 0 kg,Hành lý xách tay 1 x 12 kg,29-04-2025
DLI0111,Vietnam Airlines,949.050 VND/khách,17:25,06 thg 5,18:20,06 thg 5,55m,"Đà Lạt (DLI)
Sân bay Liên Khương",Hành lý 0 kg,Hành lý xách tay 1 x 12 kg,29-04-2025
DLI0020,VietJet Air,835.905 VND/khách,09:55,07 thg 5,10:50,07 thg 5,55m,"Đà Lạt (DLI)
Sân bay Liên Khương",Hành lý 0 kg,Hành lý xách tay 7 kg,29-04-2025
DLI0069,Vietnam Airlines,877.397 VND/khách,08:55,07 thg 5,09:50,07 thg 5,55m,"Đà Lạt (DLI)
Sân bay Liên Khương",Hành lý 0 kg,Hành lý xách tay 1 x 12 kg,29-04-2025
DLI0050,Vietnam Airlines,961.722 VND/khách,05:45,07 thg 5,06:40,07 thg 5,55m,"Đà Lạt (DLI)
Sân bay Liên Khương",Hành lý 0 kg,Hành lý xách tay 1 x 12 kg,29-04-2025
DLI0091,Vietnam Airlines,1.141.591 VND/khách,10:15,07 thg 5,11:10,07 thg 5,55m,"Đà Lạt (DLI)
Sân bay Liên Khương",Hành lý 23 kg,Hành lý xách tay 1 x 12 kg,29-04-2025
DLI0112,Vietnam Airlines,1.141.591 VND/khách,17:25,07 thg 5,18:20,07 thg 5,55m,"Đà Lạt (DLI)
Sân bay Liên Khương",Hành lý 23 kg,Hành lý xách tay 1 x 12 kg,29-04-2025
DLI0006,Bamboo Airways,782.244 VND/khách,16:45,08 thg 5,17:40,08 thg 5,55m,"Đà Lạt (DLI)
Sân bay Liên Khương",Hành lý 0 kg,Hành lý xách tay 7 kg,29-04-2025
DLI0021,VietJet Air,835.905 VND/khách,09:55,08 thg 5,10:50,08 thg 5,55m,"Đà Lạt (DLI)
Sân bay Liên Khương",Hành lý 0 kg,Hành lý xách tay 7 kg,29-04-2025
DLI0070,Vietnam Airlines,979.020 VND/khách,08:55,08 thg 5,09:50,08 thg 5,55m,"Đà Lạt (DLI)
Sân bay Liên Khương",Hành lý 0 kg,Hành lý xách tay 1 x 12 kg,29-04-2025
DLI0113,Vietnam Airlines,1.141.591 VND/khách,17:25,08 thg 5,18:20,08 thg 5,55m,"Đà Lạt (DLI)
Sân bay Liên Khương",Hành lý 23 kg,Hành lý xách tay 1 x 12 kg,29-04-2025
DLI0022,VietJet Air,1.288.770 VND/khách,09:55,09 thg 5,10:50,09 thg 5,55m,"Đà Lạt (DLI)
Sân bay Liên Khương",Hành lý 0 kg,Hành lý xách tay 7 kg,29-04-2025
DLI0114,Vietnam Airlines,1.411.137 VND/khách,17:25,09 thg 5,18:20,09 thg 5,55m,"Đà Lạt (DLI)
Sân bay Liên Khương",Hành lý 23 kg,Hành lý xách tay 1 x 12 kg,29-04-2025
DLI0051,Vietnam Airlines,1.478.454 VND/khách,05:45,09 thg 5,06:40,09 thg 5,55m,"Đà Lạt (DLI)
Sân bay Liên Khương",Hành lý 23 kg,Hành lý xách tay 1 x 12 kg,29-04-2025
DLI0071,Vietnam Airlines,1.478.454 VND/khách,08:55,09 thg 5,09:50,09 thg 5,55m,"Đà Lạt (DLI)
Sân bay Liên Khương",Hành lý 23 kg,Hành lý xách tay 1 x 12 kg,29-04-2025
DLI0093,Vietnam Airlines,1.579.305 VND/khách,10:15,09 thg 5,11:10,09 thg 5,55m,"Đà Lạt (DLI)
Sân bay Liên Khương",Hành lý 23 kg,Hành lý xách tay 1 x 12 kg,29-04-2025
DLI0007,Bamboo Airways,1.080.048 VND/khách,16:45,10 thg 5,17:40,10 thg 5,55m,"Đà Lạt (DLI)
Sân bay Liên Khương",Hành lý 0 kg,Hành lý xách tay 7 kg,29-04-2025
DLI0115,Vietnam Airlines,1.141.591 VND/khách,17:25,10 thg 5,18:20,10 thg 5,55m,"Đà Lạt (DLI)
Sân bay Liên Khương",Hành lý 23 kg,Hành lý xách tay 1 x 12 kg,29-04-2025
DLI0023,VietJet Air,1.152.113 VND/khách,09:55,10 thg 5,10:50,10 thg 5,55m,"Đà Lạt (DLI)
Sân bay Liên Khương",Hành lý 0 kg,Hành lý xách tay 7 kg,29-04-2025
DLI0094,Vietnam Airlines,1.366.167 VND/khách,10:15,10 thg 5,11:10,10 thg 5,55m,"Đà Lạt (DLI)
Sân bay Liên Khương",Hành lý 23 kg,Hành lý xách tay 1 x 12 kg,29-04-2025
DLI0052,Vietnam Airlines,961.722 VND/khách,05:45,11 thg 5,06:40,11 thg 5,55m,"Đà Lạt (DLI)
Sân bay Liên Khương",Hành lý 0 kg,Hành lý xách tay 1 x 12 kg,29-04-2025
DLI0116,Vietnam Airlines,993.381 VND/khách,17:25,11 thg 5,18:20,11 thg 5,55m,"Đà Lạt (DLI)
Sân bay Liên Khương",Hành lý 0 kg,Hành lý xách tay 1 x 12 kg,29-04-2025
DLI0073,Vietnam Airlines,1.141.591 VND/khách,08:55,11 thg 5,09:50,11 thg 5,55m,"Đà Lạt (DLI)
Sân bay Liên Khương",Hành lý 23 kg,Hành lý xách tay 1 x 12 kg,29-04-2025
DLI0095,Vietnam Airlines,1.164.834 VND/khách,10:15,11 thg 5,11:10,11 thg 5,55m,"Đà Lạt (DLI)
Sân bay Liên Khương",Hành lý 23 kg,Hành lý xách tay 1 x 12 kg,29-04-2025
DLI0024,VietJet Air,1.930.961 VND/khách,09:55,11 thg 5,10:50,11 thg 5,55m,"Đà Lạt (DLI)
Sân bay Liên Khương",Hành lý 0 kg,Hành lý xách tay 7 kg,29-04-2025
DLI0012,Bamboo Airways,1.934.703 VND/khách,16:45,30 thg 4,17:40,30 thg 4,55m,"Đà Lạt (DLI)
Sân bay Liên Khương",Hành lý 20 kg,Hành lý xách tay 7 kg,29-04-2025
DLI0001,Bamboo Airways,1.376.831 VND/khách,16:45,01 thg 5,17:40,01 thg 5,55m,"Đà Lạt (DLI)
Sân bay Liên Khương",Hành lý 0 kg,Hành lý xách tay 7 kg,30-04-2025
DLI0122,Vietnam Airlines,1.484.514 VND/khách,21:10,01 thg 5,22:10,01 thg 5,1h 0m,"Đà Lạt (DLI)
Sân bay Liên Khương",Hành lý 23 kg,Hành lý xách tay 1 x 12 kg,30-04-2025
DLI0045,Vietnam Airlines,1.798.200 VND/khách,05:45,01 thg 5,06:40,01 thg 5,55m,"Đà Lạt (DLI)
Sân bay Liên Khương",Hành lý 23 kg,Hành lý xách tay 1 x 12 kg,30-04-2025
DLI0014,VietJet Air,1.863.330 VND/khách,09:55,01 thg 5,10:50,01 thg 5,55m,"Đà Lạt (DLI)
Sân bay Liên Khương",Hành lý 0 kg,Hành lý xách tay 7 kg,30-04-2025
DLI0002,Bamboo Airways,947.464 VND/khách,16:45,02 thg 5,17:40,02 thg 5,55m,"Đà Lạt (DLI)
Sân bay Liên Khương",Hành lý 0 kg,Hành lý xách tay 7 kg,30-04-2025
DLI0030,VietJet Air,1.055.355 VND/khách,15:35,02 thg 5,16:30,02 thg 5,55m,"Đà Lạt (DLI)
Sân bay Liên Khương",Hành lý 0 kg,Hành lý xách tay 7 kg,30-04-2025
DLI0123,Vietnam Airlines,1.141.688 VND/khách,21:10,02 thg 5,22:10,02 thg 5,1h 0m,"Đà Lạt (DLI)
Sân bay Liên Khương",Hành lý 23 kg,Hành lý xách tay 1 x 12 kg,30-04-2025
DLI0046,Vietnam Airlines,1.160.838 VND/khách,05:45,02 thg 5,06:40,02 thg 5,55m,"Đà Lạt (DLI)
Sân bay Liên Khương",Hành lý 23 kg,Hành lý xách tay 1 x 12 kg,30-04-2025
DLI0015,VietJet Air,1.307.723 VND/khách,09:55,02 thg 5,10:50,02 thg 5,55m,"Đà Lạt (DLI)
Sân bay Liên Khương",Hành lý 0 kg,Hành lý xách tay 7 kg,30-04-2025
DLI0064,Vietnam Airlines,1.579.439 VND/khách,08:55,02 thg 5,09:50,02 thg 5,55m,"Đà Lạt (DLI)
Sân bay Liên Khương",Hành lý 23 kg,Hành lý xách tay 1 x 12 kg,30-04-2025
DLI0003,Bamboo Airways,782.244 VND/khách,16:45,03 thg 5,17:40,03 thg 5,55m,"Đà Lạt (DLI)
Sân bay Liên Khương",Hành lý 0 kg,Hành lý xách tay 7 kg,30-04-2025
DLI0016,VietJet Air,824.933 VND/khách,09:55,03 thg 5,10:50,03 thg 5,55m,"Đà Lạt (DLI)
Sân bay Liên Khương",Hành lý 0 kg,Hành lý xách tay 7 kg,30-04-2025
DLI0031,VietJet Air,824.933 VND/khách,15:35,03 thg 5,16:30,03 thg 5,55m,"Đà Lạt (DLI)
Sân bay Liên Khương",Hành lý 0 kg,Hành lý xách tay 7 kg,30-04-2025
DLI0065,Vietnam Airlines,1.141.688 VND/khách,08:55,03 thg 5,09:50,03 thg 5,55m,"Đà Lạt (DLI)
Sân bay Liên Khương",Hành lý 23 kg,Hành lý xách tay 1 x 12 kg,30-04-2025
DLI0124,Vietnam Airlines,1.141.688 VND/khách,21:10,03 thg 5,22:10,03 thg 5,1h 0m,"Đà Lạt (DLI)
Sân bay Liên Khương",Hành lý 23 kg,Hành lý xách tay 1 x 12 kg,30-04-2025
DLI0004,Bamboo Airways,947.464 VND/khách,16:45,04 thg 5,17:40,04 thg 5,55m,"Đà Lạt (DLI)
Sân bay Liên Khương",Hành lý 0 kg,Hành lý xách tay 7 kg,30-04-2025
DLI0017,VietJet Air,824.933 VND/khách,09:55,04 thg 5,10:50,04 thg 5,55m,"Đà Lạt (DLI)
Sân bay Liên Khương",Hành lý 0 kg,Hành lý xách tay 7 kg,30-04-2025
DLI0066,Vietnam Airlines,995.078 VND/khách,08:55,04 thg 5,09:50,04 thg 5,55m,"Đà Lạt (DLI)
Sân bay Liên Khương",Hành lý 0 kg,Hành lý xách tay 1 x 12 kg,30-04-2025
DLI0135,Vietnam Airlines,995.078 VND/khách,22:20,04 thg 5,23:20,04 thg 5,1h 0m,"Đà Lạt (DLI)
Sân bay Liên Khương",Hành lý 0 kg,Hành lý xách tay 1 x 12 kg,30-04-2025
DLI0032,VietJet Air,1.051.365 VND/khách,15:35,04 thg 5,16:30,04 thg 5,55m,"Đà Lạt (DLI)
Sân bay Liên Khương",Hành lý 0 kg,Hành lý xách tay 7 kg,30-04-2025
DLI0018,VietJet Air,824.933 VND/khách,09:55,05 thg 5,10:50,05 thg 5,55m,"Đà Lạt (DLI)
Sân bay Liên Khương",Hành lý 0 kg,Hành lý xách tay 7 kg,30-04-2025
DLI0049,Vietnam Airlines,995.078 VND/khách,05:45,05 thg 5,06:40,05 thg 5,55m,"Đà Lạt (DLI)
Sân bay Liên Khương",Hành lý 0 kg,Hành lý xách tay 1 x 12 kg,30-04-2025
DLI0126,Vietnam Airlines,1.141.688 VND/khách,21:10,05 thg 5,22:10,05 thg 5,1h 0m,"Đà Lạt (DLI)
Sân bay Liên Khương",Hành lý 23 kg,Hành lý xách tay 1 x 12 kg,30-04-2025
DLI0089,Vietnam Airlines,1.753.546 VND/khách,10:15,05 thg 5,11:10,05 thg 5,55m,"Đà Lạt (DLI)
Sân bay Liên Khương",Hành lý 23 kg,Hành lý xách tay 1 x 12 kg,30-04-2025
DLI0005,Bamboo Airways,829.158 VND/khách,16:45,06 thg 5,17:40,06 thg 5,55m,"Đà Lạt (DLI)
Sân bay Liên Khương",Hành lý 0 kg,Hành lý xách tay 7 kg,30-04-2025
DLI0019,VietJet Air,824.933 VND/khách,09:55,06 thg 5,10:50,06 thg 5,55m,"Đà Lạt (DLI)
Sân bay Liên Khương",Hành lý 0 kg,Hành lý xách tay 7 kg,30-04-2025
DLI0068,Vietnam Airlines,882.780 VND/khách,08:55,06 thg 5,09:50,06 thg 5,55m,"Đà Lạt (DLI)
Sân bay Liên Khương",Hành lý 0 kg,Hành lý xách tay 1 x 12 kg,30-04-2025
DLI0111,Vietnam Airlines,995.078 VND/khách,17:25,06 thg 5,18:20,06 thg 5,55m,"Đà Lạt (DLI)
Sân bay Liên Khương",Hành lý 0 kg,Hành lý xách tay 1 x 12 kg,30-04-2025
DLI0020,VietJet Air,824.933 VND/khách,09:55,07 thg 5,10:50,07 thg 5,55m,"Đà Lạt (DLI)
Sân bay Liên Khương",Hành lý 0 kg,Hành lý xách tay 7 kg,30-04-2025
DLI0069,Vietnam Airlines,882.780 VND/khách,08:55,07 thg 5,09:50,07 thg 5,55m,"Đà Lạt (DLI)
Sân bay Liên Khương",Hành lý 0 kg,Hành lý xách tay 1 x 12 kg,30-04-2025
DLI0050,Vietnam Airlines,961.804 VND/khách,05:45,07 thg 5,06:40,07 thg 5,55m,"Đà Lạt (DLI)
Sân bay Liên Khương",Hành lý 0 kg,Hành lý xách tay 1 x 12 kg,30-04-2025
DLI0091,Vietnam Airlines,1.141.688 VND/khách,10:15,07 thg 5,11:10,07 thg 5,55m,"Đà Lạt (DLI)
Sân bay Liên Khương",Hành lý 23 kg,Hành lý xách tay 1 x 12 kg,30-04-2025
DLI0112,Vietnam Airlines,1.141.688 VND/khách,17:25,07 thg 5,18:20,07 thg 5,55m,"Đà Lạt (DLI)
Sân bay Liên Khương",Hành lý 23 kg,Hành lý xách tay 1 x 12 kg,30-04-2025
DLI0006,Bamboo Airways,829.158 VND/khách,16:45,08 thg 5,17:40,08 thg 5,55m,"Đà Lạt (DLI)
Sân bay Liên Khương",Hành lý 0 kg,Hành lý xách tay 7 kg,30-04-2025
DLI0021,VietJet Air,824.933 VND/khách,09:55,08 thg 5,10:50,08 thg 5,55m,"Đà Lạt (DLI)
Sân bay Liên Khương",Hành lý 0 kg,Hành lý xách tay 7 kg,30-04-2025
DLI0070,Vietnam Airlines,961.804 VND/khách,08:55,08 thg 5,09:50,08 thg 5,55m,"Đà Lạt (DLI)
Sân bay Liên Khương",Hành lý 0 kg,Hành lý xách tay 1 x 12 kg,30-04-2025
DLI0113,Vietnam Airlines,1.141.688 VND/khách,17:25,08 thg 5,18:20,08 thg 5,55m,"Đà Lạt (DLI)
Sân bay Liên Khương",Hành lý 23 kg,Hành lý xách tay 1 x 12 kg,30-04-2025
DLI0022,VietJet Air,1.307.723 VND/khách,09:55,09 thg 5,10:50,09 thg 5,55m,"Đà Lạt (DLI)
Sân bay Liên Khương",Hành lý 0 kg,Hành lý xách tay 7 kg,30-04-2025
DLI0051,Vietnam Airlines,1.366.282 VND/khách,05:45,09 thg 5,06:40,09 thg 5,55m,"Đà Lạt (DLI)
Sân bay Liên Khương",Hành lý 23 kg,Hành lý xách tay 1 x 12 kg,30-04-2025
DLI0114,Vietnam Airlines,1.366.282 VND/khách,17:25,09 thg 5,18:20,09 thg 5,55m,"Đà Lạt (DLI)
Sân bay Liên Khương",Hành lý 23 kg,Hành lý xách tay 1 x 12 kg,30-04-2025
DLI0071,Vietnam Airlines,1.478.579 VND/khách,08:55,09 thg 5,09:50,09 thg 5,55m,"Đà Lạt (DLI)
Sân bay Liên Khương",Hành lý 23 kg,Hành lý xách tay 1 x 12 kg,30-04-2025
DLI0093,Vietnam Airlines,1.579.439 VND/khách,10:15,09 thg 5,11:10,09 thg 5,55m,"Đà Lạt (DLI)
Sân bay Liên Khương",Hành lý 23 kg,Hành lý xách tay 1 x 12 kg,30-04-2025
DLI0007,Bamboo Airways,1.007.637 VND/khách,16:45,10 thg 5,17:40,10 thg 5,55m,"Đà Lạt (DLI)
Sân bay Liên Khương",Hành lý 0 kg,Hành lý xách tay 7 kg,30-04-2025
DLI0115,Vietnam Airlines,1.141.688 VND/khách,17:25,10 thg 5,18:20,10 thg 5,55m,"Đà Lạt (DLI)
Sân bay Liên Khương",Hành lý 23 kg,Hành lý xách tay 1 x 12 kg,30-04-2025
DLI0023,VietJet Air,1.148.123 VND/khách,09:55,10 thg 5,10:50,10 thg 5,55m,"Đà Lạt (DLI)
Sân bay Liên Khương",Hành lý 0 kg,Hành lý xách tay 7 kg,30-04-2025
DLI0094,Vietnam Airlines,1.366.282 VND/khách,10:15,10 thg 5,11:10,10 thg 5,55m,"Đà Lạt (DLI)
Sân bay Liên Khương",Hành lý 23 kg,Hành lý xách tay 1 x 12 kg,30-04-2025
DLI0024,VietJet Air,811.965 VND/khách,09:55,11 thg 5,10:50,11 thg 5,55m,"Đà Lạt (DLI)
Sân bay Liên Khương",Hành lý 0 kg,Hành lý xách tay 7 kg,30-04-2025
DLI0052,Vietnam Airlines,961.804 VND/khách,05:45,11 thg 5,06:40,11 thg 5,55m,"Đà Lạt (DLI)
Sân bay Liên Khương",Hành lý 0 kg,Hành lý xách tay 1 x 12 kg,30-04-2025
DLI0073,Vietnam Airlines,1.141.688 VND/khách,08:55,11 thg 5,09:50,11 thg 5,55m,"Đà Lạt (DLI)
Sân bay Liên Khương",Hành lý 23 kg,Hành lý xách tay 1 x 12 kg,30-04-2025
DLI0095,Vietnam Airlines,1.141.688 VND/khách,10:15,11 thg 5,11:10,11 thg 5,55m,"Đà Lạt (DLI)
Sân bay Liên Khương",Hành lý 23 kg,Hành lý xách tay 1 x 12 kg,30-04-2025
DLI0116,Vietnam Airlines,1.141.688 VND/khách,17:25,11 thg 5,18:20,11 thg 5,55m,"Đà Lạt (DLI)
Sân bay Liên Khương",Hành lý 23 kg,Hành lý xách tay 1 x 12 kg,30-04-2025
