brand,id,price,start_time,start_day,end_day,end_time,trip_time,destination,hand_luggage,checked_baggage,crawl_date
Bamboo Airways,PQC0002,1.245.267 VND/khách,16:30,02 thg 5,02 thg 5,17:30,1h 0m,"Phú Quốc (PQC)
Sân bay Phú Quốc",Hành lý xách tay 7 kg,Hành lý 0 kg,2025-05-01
Vietravel Airlines,PQC0323,1.224.930 VND/khách,17:25,02 thg 5,02 thg 5,18:25,1h 0m,"Phú Quốc (PQC)
Sân bay Phú Quốc",Hành lý xách tay 7 kg,Hành lý 0 kg,2025-05-01
Vietnam Airlines,PQC0292,1.535.463 VND/khách,17:25,02 thg 5,02 thg 5,18:25,1h 0m,"Phú Quốc (PQC)
Sân bay Phú Quốc",Hành lý xách tay 1 x 12 kg,Hành lý 23 kg,2025-05-01
VietJet Air,PQC0109,1.567.000 VND/khách,15:40,02 thg 5,02 thg 5,16:40,1h 0m,"Phú Quốc (PQC)
Sân bay Phú Quốc",Hành lý xách tay 7 kg,Hành lý 0 kg,2025-05-01
VietJet Air,PQC0132,1.567.000 VND/khách,17:10,02 thg 5,02 thg 5,18:15,1h 5m,"Phú Quốc (PQC)
Sân bay Phú Quốc",Hành lý xách tay 7 kg,Hành lý 0 kg,2025-05-01
VietJet Air,PQC0017,1.635.000 VND/khách,05:55,02 thg 5,02 thg 5,06:55,1h 0m,"Phú Quốc (PQC)
Sân bay Phú Quốc",Hành lý xách tay 7 kg,Hành lý 0 kg,2025-05-01
Vietnam Airlines,PQC0182,1.735.463 VND/khách,05:40,02 thg 5,02 thg 5,06:40,1h 0m,"Phú Quốc (PQC)
Sân bay Phú Quốc",Hành lý xách tay 1 x 12 kg,Hành lý 23 kg,2025-05-01
Vietnam Airlines,PQC0305,1.735.463 VND/khách,20:20,02 thg 5,02 thg 5,21:20,1h 0m,"Phú Quốc (PQC)
Sân bay Phú Quốc",Hành lý xách tay 1 x 12 kg,Hành lý 23 kg,2025-05-01
VietJet Air,PQC0042,1.827.000 VND/khách,09:20,02 thg 5,02 thg 5,10:20,1h 0m,"Phú Quốc (PQC)
Sân bay Phú Quốc",Hành lý xách tay 7 kg,Hành lý 0 kg,2025-05-01
VietJet Air,PQC0088,1.827.000 VND/khách,14:05,02 thg 5,02 thg 5,15:05,1h 0m,"Phú Quốc (PQC)
Sân bay Phú Quốc",Hành lý xách tay 7 kg,Hành lý 0 kg,2025-05-01
Vietnam Airlines,PQC0201,1.827.820 VND/khách,07:00,02 thg 5,02 thg 5,08:05,1h 5m,"Phú Quốc (PQC)
Sân bay Phú Quốc",Hành lý xách tay 1 x 12 kg,Hành lý 23 kg,2025-05-01
Vietnam Airlines,PQC0245,1.979.244 VND/khách,10:30,02 thg 5,02 thg 5,11:35,1h 5m,"Phú Quốc (PQC)
Sân bay Phú Quốc",Hành lý xách tay 1 x 12 kg,Hành lý 23 kg,2025-05-01
Vietnam Airlines,PQC0226,2.040.458 VND/khách,10:25,02 thg 5,02 thg 5,11:25,1h 0m,"Phú Quốc (PQC)
Sân bay Phú Quốc",Hành lý xách tay 1 x 12 kg,Hành lý 23 kg,2025-05-01
Vietnam Airlines,PQC0269,2.040.458 VND/khách,15:05,02 thg 5,02 thg 5,16:10,1h 5m,"Phú Quốc (PQC)
Sân bay Phú Quốc",Hành lý xách tay 1 x 12 kg,Hành lý 23 kg,2025-05-01
Bamboo Airways,PQC0003,869.953 VND/khách,16:30,03 thg 5,03 thg 5,17:30,1h 0m,"Phú Quốc (PQC)
Sân bay Phú Quốc",Hành lý xách tay 7 kg,Hành lý 0 kg,2025-05-01
Vietravel Airlines,PQC0324,1.068.323 VND/khách,17:25,03 thg 5,03 thg 5,18:25,1h 0m,"Phú Quốc (PQC)
Sân bay Phú Quốc",Hành lý xách tay 7 kg,Hành lý 0 kg,2025-05-01
VietJet Air,PQC0018,1.146.000 VND/khách,05:55,03 thg 5,03 thg 5,06:55,1h 0m,"Phú Quốc (PQC)
Sân bay Phú Quốc",Hành lý xách tay 7 kg,Hành lý 0 kg,2025-05-01
VietJet Air,PQC0037,1.146.000 VND/khách,08:25,03 thg 5,03 thg 5,09:30,1h 5m,"Phú Quốc (PQC)
Sân bay Phú Quốc",Hành lý xách tay 7 kg,Hành lý 0 kg,2025-05-01
VietJet Air,PQC0133,1.284.000 VND/khách,17:10,03 thg 5,03 thg 5,18:15,1h 5m,"Phú Quốc (PQC)
Sân bay Phú Quốc",Hành lý xách tay 7 kg,Hành lý 0 kg,2025-05-01
Vietnam Airlines,PQC0293,1.390.608 VND/khách,17:25,03 thg 5,03 thg 5,18:25,1h 0m,"Phú Quốc (PQC)
Sân bay Phú Quốc",Hành lý xách tay 1 x 12 kg,Hành lý 23 kg,2025-05-01
Vietnam Airlines,PQC0247,1.411.137 VND/khách,12:20,03 thg 5,03 thg 5,13:25,1h 5m,"Phú Quốc (PQC)
Sân bay Phú Quốc",Hành lý xách tay 1 x 12 kg,Hành lý 23 kg,2025-05-01
Vietnam Airlines,PQC0183,1.479.519 VND/khách,05:40,03 thg 5,03 thg 5,06:40,1h 0m,"Phú Quốc (PQC)
Sân bay Phú Quốc",Hành lý xách tay 1 x 12 kg,Hành lý 23 kg,2025-05-01
Vietnam Airlines,PQC0306,1.501.497 VND/khách,20:20,03 thg 5,03 thg 5,21:20,1h 0m,"Phú Quốc (PQC)
Sân bay Phú Quốc",Hành lý xách tay 1 x 12 kg,Hành lý 23 kg,2025-05-01
Vietnam Airlines,PQC0270,1.501.497 VND/khách,15:05,03 thg 5,03 thg 5,16:10,1h 5m,"Phú Quốc (PQC)
Sân bay Phú Quốc",Hành lý xách tay 1 x 12 kg,Hành lý 23 kg,2025-05-01
Vietnam Airlines,PQC0204,1.535.463 VND/khách,08:10,03 thg 5,03 thg 5,08:55,45m,"Phú Quốc (PQC)
Sân bay Phú Quốc",Hành lý xách tay 1 x 12 kg,Hành lý 23 kg,2025-05-01
VietJet Air,PQC0089,1.567.000 VND/khách,14:05,03 thg 5,03 thg 5,15:05,1h 0m,"Phú Quốc (PQC)
Sân bay Phú Quốc",Hành lý xách tay 7 kg,Hành lý 0 kg,2025-05-01
VietJet Air,PQC0110,1.567.000 VND/khách,15:40,03 thg 5,03 thg 5,16:40,1h 0m,"Phú Quốc (PQC)
Sân bay Phú Quốc",Hành lý xách tay 7 kg,Hành lý 0 kg,2025-05-01
VietJet Air,PQC0043,1.794.000 VND/khách,09:20,03 thg 5,03 thg 5,10:20,1h 0m,"Phú Quốc (PQC)
Sân bay Phú Quốc",Hành lý xách tay 7 kg,Hành lý 0 kg,2025-05-01
VietJet Air,PQC0067,1.794.000 VND/khách,11:35,03 thg 5,03 thg 5,12:35,1h 0m,"Phú Quốc (PQC)
Sân bay Phú Quốc",Hành lý xách tay 7 kg,Hành lý 0 kg,2025-05-01
Vietnam Airlines,PQC0252,1.886.112 VND/khách,13:05,03 thg 5,03 thg 5,14:00,55m,"Phú Quốc (PQC)
Sân bay Phú Quốc",Hành lý xách tay 1 x 12 kg,Hành lý 23 kg,2025-05-01
Vietnam Airlines,PQC0227,1.920.078 VND/khách,10:25,03 thg 5,03 thg 5,11:25,1h 0m,"Phú Quốc (PQC)
Sân bay Phú Quốc",Hành lý xách tay 1 x 12 kg,Hành lý 23 kg,2025-05-01
Bamboo Airways,PQC0004,1.013.756 VND/khách,16:30,04 thg 5,04 thg 5,17:30,1h 0m,"Phú Quốc (PQC)
Sân bay Phú Quốc",Hành lý xách tay 7 kg,Hành lý 0 kg,2025-05-01
VietJet Air,PQC0019,1.037.000 VND/khách,05:55,04 thg 5,04 thg 5,06:55,1h 0m,"Phú Quốc (PQC)
Sân bay Phú Quốc",Hành lý xách tay 7 kg,Hành lý 0 kg,2025-05-01
VietJet Air,PQC0111,1.146.000 VND/khách,15:40,04 thg 5,04 thg 5,16:40,1h 0m,"Phú Quốc (PQC)
Sân bay Phú Quốc",Hành lý xách tay 7 kg,Hành lý 0 kg,2025-05-01
VietJet Air,PQC0134,1.146.000 VND/khách,17:10,04 thg 5,04 thg 5,18:15,1h 5m,"Phú Quốc (PQC)
Sân bay Phú Quốc",Hành lý xách tay 7 kg,Hành lý 0 kg,2025-05-01
Vietnam Airlines,PQC0184,1.236.762 VND/khách,05:40,04 thg 5,04 thg 5,06:40,1h 0m,"Phú Quốc (PQC)
Sân bay Phú Quốc",Hành lý xách tay 1 x 12 kg,Hành lý 23 kg,2025-05-01
Vietnam Airlines,PQC0205,1.274.724 VND/khách,08:10,04 thg 5,04 thg 5,08:55,45m,"Phú Quốc (PQC)
Sân bay Phú Quốc",Hành lý xách tay 1 x 12 kg,Hành lý 23 kg,2025-05-01
Vietnam Airlines,PQC0294,1.274.724 VND/khách,17:25,04 thg 5,04 thg 5,18:25,1h 0m,"Phú Quốc (PQC)
Sân bay Phú Quốc",Hành lý xách tay 1 x 12 kg,Hành lý 23 kg,2025-05-01
Vietnam Airlines,PQC0320,1.274.724 VND/khách,21:00,04 thg 5,04 thg 5,22:00,1h 0m,"Phú Quốc (PQC)
Sân bay Phú Quốc",Hành lý xách tay 1 x 12 kg,Hành lý 23 kg,2025-05-01
VietJet Air,PQC0044,1.283.000 VND/khách,09:20,04 thg 5,04 thg 5,10:20,1h 0m,"Phú Quốc (PQC)
Sân bay Phú Quốc",Hành lý xách tay 7 kg,Hành lý 0 kg,2025-05-01
VietJet Air,PQC0068,1.283.000 VND/khách,11:35,04 thg 5,04 thg 5,12:35,1h 0m,"Phú Quốc (PQC)
Sân bay Phú Quốc",Hành lý xách tay 7 kg,Hành lý 0 kg,2025-05-01
VietJet Air,PQC0090,1.283.000 VND/khách,14:05,04 thg 5,04 thg 5,15:05,1h 0m,"Phú Quốc (PQC)
Sân bay Phú Quốc",Hành lý xách tay 7 kg,Hành lý 0 kg,2025-05-01
Vietnam Airlines,PQC0271,1.389.609 VND/khách,15:05,04 thg 5,04 thg 5,16:10,1h 5m,"Phú Quốc (PQC)
Sân bay Phú Quốc",Hành lý xách tay 1 x 12 kg,Hành lý 23 kg,2025-05-01
Vietnam Airlines,PQC0253,1.703.295 VND/khách,13:05,04 thg 5,04 thg 5,14:00,55m,"Phú Quốc (PQC)
Sân bay Phú Quốc",Hành lý xách tay 1 x 12 kg,Hành lý 23 kg,2025-05-01
Vietnam Airlines,PQC0228,1.703.295 VND/khách,10:25,04 thg 5,04 thg 5,11:25,1h 0m,"Phú Quốc (PQC)
Sân bay Phú Quốc",Hành lý xách tay 1 x 12 kg,Hành lý 23 kg,2025-05-01
Vietravel Airlines,PQC0325,1.905.225 VND/khách,17:25,04 thg 5,04 thg 5,18:25,1h 0m,"Phú Quốc (PQC)
Sân bay Phú Quốc",Hành lý xách tay 7 kg,Hành lý 0 kg,2025-05-01
Bamboo Airways,PQC0005,782.244 VND/khách,16:30,05 thg 5,05 thg 5,17:30,1h 0m,"Phú Quốc (PQC)
Sân bay Phú Quốc",Hành lý xách tay 7 kg,Hành lý 0 kg,2025-05-01
Vietravel Airlines,PQC0326,767.292 VND/khách,17:25,05 thg 5,05 thg 5,18:25,1h 0m,"Phú Quốc (PQC)
Sân bay Phú Quốc",Hành lý xách tay 7 kg,Hành lý 0 kg,2025-05-01
VietJet Air,PQC0135,817.000 VND/khách,17:10,05 thg 5,05 thg 5,18:15,1h 5m,"Phú Quốc (PQC)
Sân bay Phú Quốc",Hành lý xách tay 7 kg,Hành lý 0 kg,2025-05-01
Vietnam Airlines,PQC0170,1.027.746 VND/khách,05:25,05 thg 5,05 thg 5,06:20,55m,"Phú Quốc (PQC)
Sân bay Phú Quốc",Hành lý xách tay 1 x 12 kg,Hành lý 0 kg,2025-05-01
VietJet Air,PQC0020,1.037.000 VND/khách,05:55,05 thg 5,05 thg 5,06:55,1h 0m,"Phú Quốc (PQC)
Sân bay Phú Quốc",Hành lý xách tay 7 kg,Hành lý 0 kg,2025-05-01
Vietnam Airlines,PQC0185,1.125.873 VND/khách,05:40,05 thg 5,05 thg 5,06:40,1h 0m,"Phú Quốc (PQC)
Sân bay Phú Quốc",Hành lý xách tay 1 x 12 kg,Hành lý 23 kg,2025-05-01
VietJet Air,PQC0091,1.146.000 VND/khách,14:05,05 thg 5,05 thg 5,15:05,1h 0m,"Phú Quốc (PQC)
Sân bay Phú Quốc",Hành lý xách tay 7 kg,Hành lý 0 kg,2025-05-01
VietJet Air,PQC0112,1.146.000 VND/khách,15:40,05 thg 5,05 thg 5,16:40,1h 0m,"Phú Quốc (PQC)
Sân bay Phú Quốc",Hành lý xách tay 7 kg,Hành lý 0 kg,2025-05-01
Vietnam Airlines,PQC0308,1.162.836 VND/khách,20:20,05 thg 5,05 thg 5,21:20,1h 0m,"Phú Quốc (PQC)
Sân bay Phú Quốc",Hành lý xách tay 1 x 12 kg,Hành lý 23 kg,2025-05-01
Vietnam Airlines,PQC0272,1.274.724 VND/khách,15:05,05 thg 5,05 thg 5,16:10,1h 5m,"Phú Quốc (PQC)
Sân bay Phú Quốc",Hành lý xách tay 1 x 12 kg,Hành lý 23 kg,2025-05-01
VietJet Air,PQC0045,1.284.000 VND/khách,09:20,05 thg 5,05 thg 5,10:20,1h 0m,"Phú Quốc (PQC)
Sân bay Phú Quốc",Hành lý xách tay 7 kg,Hành lý 0 kg,2025-05-01
VietJet Air,PQC0069,1.284.000 VND/khách,11:35,05 thg 5,05 thg 5,12:35,1h 0m,"Phú Quốc (PQC)
Sân bay Phú Quốc",Hành lý xách tay 7 kg,Hành lý 0 kg,2025-05-01
Vietnam Airlines,PQC0254,1.389.609 VND/khách,13:05,05 thg 5,05 thg 5,14:00,55m,"Phú Quốc (PQC)
Sân bay Phú Quốc",Hành lý xách tay 1 x 12 kg,Hành lý 23 kg,2025-05-01
Vietnam Airlines,PQC0229,1.535.463 VND/khách,10:25,05 thg 5,05 thg 5,11:25,1h 0m,"Phú Quốc (PQC)
Sân bay Phú Quốc",Hành lý xách tay 1 x 12 kg,Hành lý 23 kg,2025-05-01
Vietnam Airlines,PQC0206,1.774.224 VND/khách,08:10,05 thg 5,05 thg 5,08:55,45m,"Phú Quốc (PQC)
Sân bay Phú Quốc",Hành lý xách tay 1 x 12 kg,Hành lý 23 kg,2025-05-01
Vietravel Airlines,PQC0327,903.059 VND/khách,17:25,06 thg 5,06 thg 5,18:25,1h 0m,"Phú Quốc (PQC)
Sân bay Phú Quốc",Hành lý xách tay 7 kg,Hành lý 0 kg,2025-05-01
VietJet Air,PQC0021,1.037.000 VND/khách,05:55,06 thg 5,06 thg 5,06:55,1h 0m,"Phú Quốc (PQC)
Sân bay Phú Quốc",Hành lý xách tay 7 kg,Hành lý 0 kg,2025-05-01
VietJet Air,PQC0113,1.037.000 VND/khách,15:40,06 thg 5,06 thg 5,16:40,1h 0m,"Phú Quốc (PQC)
Sân bay Phú Quốc",Hành lý xách tay 7 kg,Hành lý 0 kg,2025-05-01
VietJet Air,PQC0136,1.037.000 VND/khách,17:10,06 thg 5,06 thg 5,18:15,1h 5m,"Phú Quốc (PQC)
Sân bay Phú Quốc",Hành lý xách tay 7 kg,Hành lý 0 kg,2025-05-01
Vietnam Airlines,PQC0186,1.129.869 VND/khách,05:40,06 thg 5,06 thg 5,06:40,1h 0m,"Phú Quốc (PQC)
Sân bay Phú Quốc",Hành lý xách tay 1 x 12 kg,Hành lý 23 kg,2025-05-01
VietJet Air,PQC0064,1.146.000 VND/khách,11:30,06 thg 5,06 thg 5,12:30,1h 0m,"Phú Quốc (PQC)
Sân bay Phú Quốc",Hành lý xách tay 7 kg,Hành lý 0 kg,2025-05-01
VietJet Air,PQC0070,1.146.000 VND/khách,11:35,06 thg 5,06 thg 5,12:35,1h 0m,"Phú Quốc (PQC)
Sân bay Phú Quốc",Hành lý xách tay 7 kg,Hành lý 0 kg,2025-05-01
VietJet Air,PQC0092,1.146.000 VND/khách,14:05,06 thg 5,06 thg 5,15:05,1h 0m,"Phú Quốc (PQC)
Sân bay Phú Quốc",Hành lý xách tay 7 kg,Hành lý 0 kg,2025-05-01
Vietnam Airlines,PQC0273,1.270.728 VND/khách,15:05,06 thg 5,06 thg 5,16:10,1h 5m,"Phú Quốc (PQC)
Sân bay Phú Quốc",Hành lý xách tay 1 x 12 kg,Hành lý 23 kg,2025-05-01
VietJet Air,PQC0046,1.284.000 VND/khách,09:20,06 thg 5,06 thg 5,10:20,1h 0m,"Phú Quốc (PQC)
Sân bay Phú Quốc",Hành lý xách tay 7 kg,Hành lý 0 kg,2025-05-01
Vietnam Airlines,PQC0207,1.338.660 VND/khách,08:10,06 thg 5,06 thg 5,08:55,45m,"Phú Quốc (PQC)
Sân bay Phú Quốc",Hành lý xách tay 1 x 12 kg,Hành lý 23 kg,2025-05-01
Vietnam Airlines,PQC0230,1.502.496 VND/khách,10:25,06 thg 5,06 thg 5,11:25,1h 0m,"Phú Quốc (PQC)
Sân bay Phú Quốc",Hành lý xách tay 1 x 12 kg,Hành lý 23 kg,2025-05-01
Vietnam Airlines,PQC0255,1.527.121 VND/khách,13:05,06 thg 5,06 thg 5,14:00,55m,"Phú Quốc (PQC)
Sân bay Phú Quốc",Hành lý xách tay 1 x 12 kg,Hành lý 23 kg,2025-05-01
Bamboo Airways,PQC0006,754.708 VND/khách,16:30,07 thg 5,07 thg 5,17:30,1h 0m,"Phú Quốc (PQC)
Sân bay Phú Quốc",Hành lý xách tay 7 kg,Hành lý 0 kg,2025-05-01
Vietravel Airlines,PQC0328,759.098 VND/khách,17:25,07 thg 5,07 thg 5,18:25,1h 0m,"Phú Quốc (PQC)
Sân bay Phú Quốc",Hành lý xách tay 7 kg,Hành lý 0 kg,2025-05-01
VietJet Air,PQC0137,817.000 VND/khách,17:10,07 thg 5,07 thg 5,18:15,1h 5m,"Phú Quốc (PQC)
Sân bay Phú Quốc",Hành lý xách tay 7 kg,Hành lý 0 kg,2025-05-01
VietJet Air,PQC0022,1.037.000 VND/khách,05:55,07 thg 5,07 thg 5,06:55,1h 0m,"Phú Quốc (PQC)
Sân bay Phú Quốc",Hành lý xách tay 7 kg,Hành lý 0 kg,2025-05-01
VietJet Air,PQC0114,1.037.000 VND/khách,15:40,07 thg 5,07 thg 5,16:40,1h 0m,"Phú Quốc (PQC)
Sân bay Phú Quốc",Hành lý xách tay 7 kg,Hành lý 0 kg,2025-05-01
Vietnam Airlines,PQC0187,1.114.884 VND/khách,05:40,07 thg 5,07 thg 5,06:40,1h 0m,"Phú Quốc (PQC)
Sân bay Phú Quốc",Hành lý xách tay 1 x 12 kg,Hành lý 23 kg,2025-05-01
VietJet Air,PQC0093,1.146.000 VND/khách,14:05,07 thg 5,07 thg 5,15:05,1h 0m,"Phú Quốc (PQC)
Sân bay Phú Quốc",Hành lý xách tay 7 kg,Hành lý 0 kg,2025-05-01
VietJet Air,PQC0047,1.283.000 VND/khách,09:20,07 thg 5,07 thg 5,10:20,1h 0m,"Phú Quốc (PQC)
Sân bay Phú Quốc",Hành lý xách tay 7 kg,Hành lý 0 kg,2025-05-01
VietJet Air,PQC0071,1.283.000 VND/khách,11:35,07 thg 5,07 thg 5,12:35,1h 0m,"Phú Quốc (PQC)
Sân bay Phú Quốc",Hành lý xách tay 7 kg,Hành lý 0 kg,2025-05-01
Vietnam Airlines,PQC0208,1.386.612 VND/khách,08:10,07 thg 5,07 thg 5,08:55,45m,"Phú Quốc (PQC)
Sân bay Phú Quốc",Hành lý xách tay 1 x 12 kg,Hành lý 23 kg,2025-05-01
Vietnam Airlines,PQC0231,1.498.500 VND/khách,10:25,07 thg 5,07 thg 5,11:25,1h 0m,"Phú Quốc (PQC)
Sân bay Phú Quốc",Hành lý xách tay 1 x 12 kg,Hành lý 23 kg,2025-05-01
Vietnam Airlines,PQC0274,1.505.493 VND/khách,15:05,07 thg 5,07 thg 5,16:10,1h 5m,"Phú Quốc (PQC)
Sân bay Phú Quốc",Hành lý xách tay 1 x 12 kg,Hành lý 23 kg,2025-05-01
Vietnam Airlines,PQC0256,1.793.205 VND/khách,13:05,07 thg 5,07 thg 5,14:00,55m,"Phú Quốc (PQC)
Sân bay Phú Quốc",Hành lý xách tay 1 x 12 kg,Hành lý 23 kg,2025-05-01
Vietravel Airlines,PQC0329,967.575 VND/khách,17:25,08 thg 5,08 thg 5,18:25,1h 0m,"Phú Quốc (PQC)
Sân bay Phú Quốc",Hành lý xách tay 7 kg,Hành lý 0 kg,2025-05-01
VietJet Air,PQC0023,1.037.000 VND/khách,05:55,08 thg 5,08 thg 5,06:55,1h 0m,"Phú Quốc (PQC)
Sân bay Phú Quốc",Hành lý xách tay 7 kg,Hành lý 0 kg,2025-05-01
Vietnam Airlines,PQC0188,1.274.724 VND/khách,05:40,08 thg 5,08 thg 5,06:40,1h 0m,"Phú Quốc (PQC)
Sân bay Phú Quốc",Hành lý xách tay 1 x 12 kg,Hành lý 23 kg,2025-05-01
VietJet Air,PQC0094,1.283.000 VND/khách,14:05,08 thg 5,08 thg 5,15:05,1h 0m,"Phú Quốc (PQC)
Sân bay Phú Quốc",Hành lý xách tay 7 kg,Hành lý 0 kg,2025-05-01
VietJet Air,PQC0115,1.283.000 VND/khách,15:40,08 thg 5,08 thg 5,16:40,1h 0m,"Phú Quốc (PQC)
Sân bay Phú Quốc",Hành lý xách tay 7 kg,Hành lý 0 kg,2025-05-01
VietJet Air,PQC0038,1.283.000 VND/khách,08:25,08 thg 5,08 thg 5,09:30,1h 5m,"Phú Quốc (PQC)
Sân bay Phú Quốc",Hành lý xách tay 7 kg,Hành lý 0 kg,2025-05-01
VietJet Air,PQC0138,1.283.000 VND/khách,17:10,08 thg 5,08 thg 5,18:15,1h 5m,"Phú Quốc (PQC)
Sân bay Phú Quốc",Hành lý xách tay 7 kg,Hành lý 0 kg,2025-05-01
VietJet Air,PQC0155,1.283.000 VND/khách,17:40,08 thg 5,08 thg 5,18:45,1h 5m,"Phú Quốc (PQC)
Sân bay Phú Quốc",Hành lý xách tay 7 kg,Hành lý 0 kg,2025-05-01
Vietnam Airlines,PQC0275,1.389.609 VND/khách,15:05,08 thg 5,08 thg 5,16:10,1h 5m,"Phú Quốc (PQC)
Sân bay Phú Quốc",Hành lý xách tay 1 x 12 kg,Hành lý 23 kg,2025-05-01
VietJet Air,PQC0048,1.399.000 VND/khách,09:20,08 thg 5,08 thg 5,10:20,1h 0m,"Phú Quốc (PQC)
Sân bay Phú Quốc",Hành lý xách tay 7 kg,Hành lý 0 kg,2025-05-01
VietJet Air,PQC0072,1.399.000 VND/khách,11:35,08 thg 5,08 thg 5,12:35,1h 0m,"Phú Quốc (PQC)
Sân bay Phú Quốc",Hành lý xách tay 7 kg,Hành lý 0 kg,2025-05-01
Vietnam Airlines,PQC0209,1.535.463 VND/khách,08:10,08 thg 5,08 thg 5,08:55,45m,"Phú Quốc (PQC)
Sân bay Phú Quốc",Hành lý xách tay 1 x 12 kg,Hành lý 23 kg,2025-05-01
Vietnam Airlines,PQC0257,1.535.463 VND/khách,13:05,08 thg 5,08 thg 5,14:00,55m,"Phú Quốc (PQC)
Sân bay Phú Quốc",Hành lý xách tay 1 x 12 kg,Hành lý 23 kg,2025-05-01
Vietnam Airlines,PQC0232,1.535.463 VND/khách,10:25,08 thg 5,08 thg 5,11:25,1h 0m,"Phú Quốc (PQC)
Sân bay Phú Quốc",Hành lý xách tay 1 x 12 kg,Hành lý 23 kg,2025-05-01
Bamboo Airways,PQC0007,1.222.830 VND/khách,16:30,09 thg 5,09 thg 5,17:30,1h 0m,"Phú Quốc (PQC)
Sân bay Phú Quốc",Hành lý xách tay 7 kg,Hành lý 0 kg,2025-05-01
Vietravel Airlines,PQC0330,1.147.125 VND/khách,17:25,09 thg 5,09 thg 5,18:25,1h 0m,"Phú Quốc (PQC)
Sân bay Phú Quốc",Hành lý xách tay 7 kg,Hành lý 0 kg,2025-05-01
VietJet Air,PQC0139,1.283.000 VND/khách,17:10,09 thg 5,09 thg 5,18:15,1h 5m,"Phú Quốc (PQC)
Sân bay Phú Quốc",Hành lý xách tay 7 kg,Hành lý 0 kg,2025-05-01
VietJet Air,PQC0024,1.399.000 VND/khách,05:55,09 thg 5,09 thg 5,06:55,1h 0m,"Phú Quốc (PQC)
Sân bay Phú Quốc",Hành lý xách tay 7 kg,Hành lý 0 kg,2025-05-01
VietJet Air,PQC0116,1.399.000 VND/khách,15:40,09 thg 5,09 thg 5,16:40,1h 0m,"Phú Quốc (PQC)
Sân bay Phú Quốc",Hành lý xách tay 7 kg,Hành lý 0 kg,2025-05-01
Vietnam Airlines,PQC0309,1.479.205 VND/khách,20:20,09 thg 5,09 thg 5,21:20,1h 0m,"Phú Quốc (PQC)
Sân bay Phú Quốc",Hành lý xách tay 1 x 12 kg,Hành lý 23 kg,2025-05-01
Vietnam Airlines,PQC0276,1.535.463 VND/khách,15:05,09 thg 5,09 thg 5,16:10,1h 5m,"Phú Quốc (PQC)
Sân bay Phú Quốc",Hành lý xách tay 1 x 12 kg,Hành lý 23 kg,2025-05-01
VietJet Air,PQC0095,1.567.000 VND/khách,14:05,09 thg 5,09 thg 5,15:05,1h 0m,"Phú Quốc (PQC)
Sân bay Phú Quốc",Hành lý xách tay 7 kg,Hành lý 0 kg,2025-05-01
VietJet Air,PQC0049,1.682.000 VND/khách,09:20,09 thg 5,09 thg 5,10:20,1h 0m,"Phú Quốc (PQC)
Sân bay Phú Quốc",Hành lý xách tay 7 kg,Hành lý 0 kg,2025-05-01
VietJet Air,PQC0073,1.682.000 VND/khách,11:35,09 thg 5,09 thg 5,12:35,1h 0m,"Phú Quốc (PQC)
Sân bay Phú Quốc",Hành lý xách tay 7 kg,Hành lý 0 kg,2025-05-01
Vietnam Airlines,PQC0189,1.736.262 VND/khách,05:40,09 thg 5,09 thg 5,06:40,1h 0m,"Phú Quốc (PQC)
Sân bay Phú Quốc",Hành lý xách tay 1 x 12 kg,Hành lý 23 kg,2025-05-01
Vietnam Airlines,PQC0249,1.736.262 VND/khách,13:00,09 thg 5,09 thg 5,14:00,1h 0m,"Phú Quốc (PQC)
Sân bay Phú Quốc",Hành lý xách tay 1 x 12 kg,Hành lý 23 kg,2025-05-01
Vietnam Airlines,PQC0233,1.860.970 VND/khách,10:25,09 thg 5,09 thg 5,11:25,1h 0m,"Phú Quốc (PQC)
Sân bay Phú Quốc",Hành lý xách tay 1 x 12 kg,Hành lý 23 kg,2025-05-01
Vietnam Airlines,PQC0210,2.004.993 VND/khách,08:10,09 thg 5,09 thg 5,08:55,45m,"Phú Quốc (PQC)
Sân bay Phú Quốc",Hành lý xách tay 1 x 12 kg,Hành lý 23 kg,2025-05-01
Vietravel Airlines,PQC0331,967.575 VND/khách,17:25,10 thg 5,10 thg 5,18:25,1h 0m,"Phú Quốc (PQC)
Sân bay Phú Quốc",Hành lý xách tay 7 kg,Hành lý 0 kg,2025-05-01
VietJet Air,PQC0140,1.146.000 VND/khách,17:10,10 thg 5,10 thg 5,18:15,1h 5m,"Phú Quốc (PQC)
Sân bay Phú Quốc",Hành lý xách tay 7 kg,Hành lý 0 kg,2025-05-01
VietJet Air,PQC0025,1.283.000 VND/khách,05:55,10 thg 5,10 thg 5,06:55,1h 0m,"Phú Quốc (PQC)
Sân bay Phú Quốc",Hành lý xách tay 7 kg,Hành lý 0 kg,2025-05-01
VietJet Air,PQC0096,1.283.000 VND/khách,14:05,10 thg 5,10 thg 5,15:05,1h 0m,"Phú Quốc (PQC)
Sân bay Phú Quốc",Hành lý xách tay 7 kg,Hành lý 0 kg,2025-05-01
VietJet Air,PQC0117,1.283.000 VND/khách,15:40,10 thg 5,10 thg 5,16:40,1h 0m,"Phú Quốc (PQC)
Sân bay Phú Quốc",Hành lý xách tay 7 kg,Hành lý 0 kg,2025-05-01
VietJet Air,PQC0074,1.399.000 VND/khách,11:35,10 thg 5,10 thg 5,12:35,1h 0m,"Phú Quốc (PQC)
Sân bay Phú Quốc",Hành lý xách tay 7 kg,Hành lý 0 kg,2025-05-01
Vietnam Airlines,PQC0277,1.479.205 VND/khách,15:05,10 thg 5,10 thg 5,16:10,1h 5m,"Phú Quốc (PQC)
Sân bay Phú Quốc",Hành lý xách tay 1 x 12 kg,Hành lý 23 kg,2025-05-01
Vietnam Airlines,PQC0258,1.535.463 VND/khách,13:05,10 thg 5,10 thg 5,14:00,55m,"Phú Quốc (PQC)
Sân bay Phú Quốc",Hành lý xách tay 1 x 12 kg,Hành lý 23 kg,2025-05-01
VietJet Air,PQC0050,1.567.000 VND/khách,09:20,10 thg 5,10 thg 5,10:20,1h 0m,"Phú Quốc (PQC)
Sân bay Phú Quốc",Hành lý xách tay 7 kg,Hành lý 0 kg,2025-05-01
Vietnam Airlines,PQC0234,1.860.970 VND/khách,10:25,10 thg 5,10 thg 5,11:25,1h 0m,"Phú Quốc (PQC)
Sân bay Phú Quốc",Hành lý xách tay 1 x 12 kg,Hành lý 23 kg,2025-05-01
Vietnam Airlines,PQC0190,1.917.142 VND/khách,05:40,10 thg 5,10 thg 5,06:40,1h 0m,"Phú Quốc (PQC)
Sân bay Phú Quốc",Hành lý xách tay 1 x 12 kg,Hành lý 23 kg,2025-05-01
Vietnam Airlines,PQC0211,1.976.434 VND/khách,08:10,10 thg 5,10 thg 5,08:55,45m,"Phú Quốc (PQC)
Sân bay Phú Quốc",Hành lý xách tay 1 x 12 kg,Hành lý 23 kg,2025-05-01
Bamboo Airways,PQC0008,829.158 VND/khách,16:30,11 thg 5,11 thg 5,17:30,1h 0m,"Phú Quốc (PQC)
Sân bay Phú Quốc",Hành lý xách tay 7 kg,Hành lý 0 kg,2025-05-01
Vietravel Airlines,PQC0332,767.292 VND/khách,17:25,11 thg 5,11 thg 5,18:25,1h 0m,"Phú Quốc (PQC)
Sân bay Phú Quốc",Hành lý xách tay 7 kg,Hành lý 0 kg,2025-05-01
VietJet Air,PQC0118,814.000 VND/khách,15:40,11 thg 5,11 thg 5,16:40,1h 0m,"Phú Quốc (PQC)
Sân bay Phú Quốc",Hành lý xách tay 7 kg,Hành lý 0 kg,2025-05-01
VietJet Air,PQC0141,814.000 VND/khách,17:10,11 thg 5,11 thg 5,18:15,1h 5m,"Phú Quốc (PQC)
Sân bay Phú Quốc",Hành lý xách tay 7 kg,Hành lý 0 kg,2025-05-01
VietJet Air,PQC0026,1.037.000 VND/khách,05:55,11 thg 5,11 thg 5,06:55,1h 0m,"Phú Quốc (PQC)
Sân bay Phú Quốc",Hành lý xách tay 7 kg,Hành lý 0 kg,2025-05-01
VietJet Air,PQC0051,1.142.000 VND/khách,09:20,11 thg 5,11 thg 5,10:20,1h 0m,"Phú Quốc (PQC)
Sân bay Phú Quốc",Hành lý xách tay 7 kg,Hành lý 0 kg,2025-05-01
VietJet Air,PQC0075,1.142.000 VND/khách,11:35,11 thg 5,11 thg 5,12:35,1h 0m,"Phú Quốc (PQC)
Sân bay Phú Quốc",Hành lý xách tay 7 kg,Hành lý 0 kg,2025-05-01
VietJet Air,PQC0097,1.142.000 VND/khách,14:05,11 thg 5,11 thg 5,15:05,1h 0m,"Phú Quốc (PQC)
Sân bay Phú Quốc",Hành lý xách tay 7 kg,Hành lý 0 kg,2025-05-01
Vietnam Airlines,PQC0191,1.142.171 VND/khách,05:40,11 thg 5,11 thg 5,06:40,1h 0m,"Phú Quốc (PQC)
Sân bay Phú Quốc",Hành lý xách tay 1 x 12 kg,Hành lý 23 kg,2025-05-01
Vietnam Airlines,PQC0310,1.142.171 VND/khách,20:20,11 thg 5,11 thg 5,21:20,1h 0m,"Phú Quốc (PQC)
Sân bay Phú Quốc",Hành lý xách tay 1 x 12 kg,Hành lý 23 kg,2025-05-01
Vietnam Airlines,PQC0259,1.254.516 VND/khách,13:05,11 thg 5,11 thg 5,14:00,55m,"Phú Quốc (PQC)
Sân bay Phú Quốc",Hành lý xách tay 1 x 12 kg,Hành lý 23 kg,2025-05-01
Vietnam Airlines,PQC0278,1.254.516 VND/khách,15:05,11 thg 5,11 thg 5,16:10,1h 5m,"Phú Quốc (PQC)
Sân bay Phú Quốc",Hành lý xách tay 1 x 12 kg,Hành lý 23 kg,2025-05-01
Vietnam Airlines,PQC0235,1.366.860 VND/khách,10:25,11 thg 5,11 thg 5,11:25,1h 0m,"Phú Quốc (PQC)
Sân bay Phú Quốc",Hành lý xách tay 1 x 12 kg,Hành lý 23 kg,2025-05-01
Vietnam Airlines,PQC0212,1.479.205 VND/khách,08:10,11 thg 5,11 thg 5,08:55,45m,"Phú Quốc (PQC)
Sân bay Phú Quốc",Hành lý xách tay 1 x 12 kg,Hành lý 23 kg,2025-05-01
Bamboo Airways,PQC0003,1.245.267 VND/khách,16:30,03 thg 5,03 thg 5,17:30,1h 0m,"Phú Quốc (PQC)
Sân bay Phú Quốc",Hành lý xách tay 7 kg,Hành lý 0 kg,2025-05-02
Vietravel Airlines,PQC0324,1.065.330 VND/khách,17:25,03 thg 5,03 thg 5,18:25,1h 0m,"Phú Quốc (PQC)
Sân bay Phú Quốc",Hành lý xách tay 7 kg,Hành lý 0 kg,2025-05-02
VietJet Air,PQC0018,1.165.000 VND/khách,05:55,03 thg 5,03 thg 5,06:55,1h 0m,"Phú Quốc (PQC)
Sân bay Phú Quốc",Hành lý xách tay 7 kg,Hành lý 0 kg,2025-05-02
VietJet Air,PQC0037,1.165.000 VND/khách,08:25,03 thg 5,03 thg 5,09:30,1h 5m,"Phú Quốc (PQC)
Sân bay Phú Quốc",Hành lý xách tay 7 kg,Hành lý 0 kg,2025-05-02
VietJet Air,PQC0133,1.310.000 VND/khách,17:10,03 thg 5,03 thg 5,18:15,1h 5m,"Phú Quốc (PQC)
Sân bay Phú Quốc",Hành lý xách tay 7 kg,Hành lý 0 kg,2025-05-02
Vietnam Airlines,PQC0293,1.411.137 VND/khách,17:25,03 thg 5,03 thg 5,18:25,1h 0m,"Phú Quốc (PQC)
Sân bay Phú Quốc",Hành lý xách tay 1 x 12 kg,Hành lý 23 kg,2025-05-02
Vietnam Airlines,PQC0183,1.527.121 VND/khách,05:40,03 thg 5,03 thg 5,06:40,1h 0m,"Phú Quốc (PQC)
Sân bay Phú Quốc",Hành lý xách tay 1 x 12 kg,Hành lý 23 kg,2025-05-02
Vietnam Airlines,PQC0306,1.527.121 VND/khách,20:20,03 thg 5,03 thg 5,21:20,1h 0m,"Phú Quốc (PQC)
Sân bay Phú Quốc",Hành lý xách tay 1 x 12 kg,Hành lý 23 kg,2025-05-02
Vietnam Airlines,PQC0247,1.527.121 VND/khách,12:20,03 thg 5,03 thg 5,13:25,1h 5m,"Phú Quốc (PQC)
Sân bay Phú Quốc",Hành lý xách tay 1 x 12 kg,Hành lý 23 kg,2025-05-02
Vietnam Airlines,PQC0270,1.527.121 VND/khách,15:05,03 thg 5,03 thg 5,16:10,1h 5m,"Phú Quốc (PQC)
Sân bay Phú Quốc",Hành lý xách tay 1 x 12 kg,Hành lý 23 kg,2025-05-02
VietJet Air,PQC0089,1.563.000 VND/khách,14:05,03 thg 5,03 thg 5,15:05,1h 0m,"Phú Quốc (PQC)
Sân bay Phú Quốc",Hành lý xách tay 7 kg,Hành lý 0 kg,2025-05-02
VietJet Air,PQC0110,1.563.000 VND/khách,15:40,03 thg 5,03 thg 5,16:40,1h 0m,"Phú Quốc (PQC)
Sân bay Phú Quốc",Hành lý xách tay 7 kg,Hành lý 0 kg,2025-05-02
Vietnam Airlines,PQC0204,1.580.789 VND/khách,08:10,03 thg 5,03 thg 5,08:55,45m,"Phú Quốc (PQC)
Sân bay Phú Quốc",Hành lý xách tay 1 x 12 kg,Hành lý 23 kg,2025-05-02
VietJet Air,PQC0043,1.790.000 VND/khách,09:20,03 thg 5,03 thg 5,10:20,1h 0m,"Phú Quốc (PQC)
Sân bay Phú Quốc",Hành lý xách tay 7 kg,Hành lý 0 kg,2025-05-02
VietJet Air,PQC0067,1.790.000 VND/khách,11:35,03 thg 5,03 thg 5,12:35,1h 0m,"Phú Quốc (PQC)
Sân bay Phú Quốc",Hành lý xách tay 7 kg,Hành lý 0 kg,2025-05-02
Vietnam Airlines,PQC0252,1.921.252 VND/khách,13:05,03 thg 5,03 thg 5,14:00,55m,"Phú Quốc (PQC)
Sân bay Phú Quốc",Hành lý xách tay 1 x 12 kg,Hành lý 23 kg,2025-05-02
Vietnam Airlines,PQC0227,1.979.244 VND/khách,10:25,03 thg 5,03 thg 5,11:25,1h 0m,"Phú Quốc (PQC)
Sân bay Phú Quốc",Hành lý xách tay 1 x 12 kg,Hành lý 23 kg,2025-05-02
Bamboo Airways,PQC0004,1.013.756 VND/khách,16:30,04 thg 5,04 thg 5,17:30,1h 0m,"Phú Quốc (PQC)
Sân bay Phú Quốc",Hành lý xách tay 7 kg,Hành lý 0 kg,2025-05-02
VietJet Air,PQC0019,1.035.000 VND/khách,05:55,04 thg 5,04 thg 5,06:55,1h 0m,"Phú Quốc (PQC)
Sân bay Phú Quốc",Hành lý xách tay 7 kg,Hành lý 0 kg,2025-05-02
VietJet Air,PQC0111,1.143.000 VND/khách,15:40,04 thg 5,04 thg 5,16:40,1h 0m,"Phú Quốc (PQC)
Sân bay Phú Quốc",Hành lý xách tay 7 kg,Hành lý 0 kg,2025-05-02
VietJet Air,PQC0134,1.143.000 VND/khách,17:10,04 thg 5,04 thg 5,18:15,1h 5m,"Phú Quốc (PQC)
Sân bay Phú Quốc",Hành lý xách tay 7 kg,Hành lý 0 kg,2025-05-02
Vietnam Airlines,PQC0184,1.156.842 VND/khách,05:40,04 thg 5,04 thg 5,06:40,1h 0m,"Phú Quốc (PQC)
Sân bay Phú Quốc",Hành lý xách tay 1 x 12 kg,Hành lý 23 kg,2025-05-02
Vietnam Airlines,PQC0320,1.241.757 VND/khách,21:00,04 thg 5,04 thg 5,22:00,1h 0m,"Phú Quốc (PQC)
Sân bay Phú Quốc",Hành lý xách tay 1 x 12 kg,Hành lý 23 kg,2025-05-02
VietJet Air,PQC0044,1.281.000 VND/khách,09:20,04 thg 5,04 thg 5,10:20,1h 0m,"Phú Quốc (PQC)
Sân bay Phú Quốc",Hành lý xách tay 7 kg,Hành lý 0 kg,2025-05-02
VietJet Air,PQC0068,1.281.000 VND/khách,11:35,04 thg 5,04 thg 5,12:35,1h 0m,"Phú Quốc (PQC)
Sân bay Phú Quốc",Hành lý xách tay 7 kg,Hành lý 0 kg,2025-05-02
VietJet Air,PQC0090,1.281.000 VND/khách,14:05,04 thg 5,04 thg 5,15:05,1h 0m,"Phú Quốc (PQC)
Sân bay Phú Quốc",Hành lý xách tay 7 kg,Hành lý 0 kg,2025-05-02
Vietnam Airlines,PQC0271,1.368.630 VND/khách,15:05,04 thg 5,04 thg 5,16:10,1h 5m,"Phú Quốc (PQC)
Sân bay Phú Quốc",Hành lý xách tay 1 x 12 kg,Hành lý 23 kg,2025-05-02
Vietnam Airlines,PQC0205,1.379.619 VND/khách,08:10,04 thg 5,04 thg 5,08:55,45m,"Phú Quốc (PQC)
Sân bay Phú Quốc",Hành lý xách tay 1 x 12 kg,Hành lý 23 kg,2025-05-02
Vietnam Airlines,PQC0294,1.379.619 VND/khách,17:25,04 thg 5,04 thg 5,18:25,1h 0m,"Phú Quốc (PQC)
Sân bay Phú Quốc",Hành lý xách tay 1 x 12 kg,Hành lý 23 kg,2025-05-02
Vietnam Airlines,PQC0228,1.700.298 VND/khách,10:25,04 thg 5,04 thg 5,11:25,1h 0m,"Phú Quốc (PQC)
Sân bay Phú Quốc",Hành lý xách tay 1 x 12 kg,Hành lý 23 kg,2025-05-02
Vietnam Airlines,PQC0253,1.729.269 VND/khách,13:05,04 thg 5,04 thg 5,14:00,55m,"Phú Quốc (PQC)
Sân bay Phú Quốc",Hành lý xách tay 1 x 12 kg,Hành lý 23 kg,2025-05-02
Vietravel Airlines,PQC0325,1.901.235 VND/khách,17:25,04 thg 5,04 thg 5,18:25,1h 0m,"Phú Quốc (PQC)
Sân bay Phú Quốc",Hành lý xách tay 7 kg,Hành lý 0 kg,2025-05-02
Bamboo Airways,PQC0005,869.953 VND/khách,16:30,05 thg 5,05 thg 5,17:30,1h 0m,"Phú Quốc (PQC)
Sân bay Phú Quốc",Hành lý xách tay 7 kg,Hành lý 0 kg,2025-05-02
Vietravel Airlines,PQC0326,812.963 VND/khách,17:25,05 thg 5,05 thg 5,18:25,1h 0m,"Phú Quốc (PQC)
Sân bay Phú Quốc",Hành lý xách tay 7 kg,Hành lý 0 kg,2025-05-02
Vietnam Airlines,PQC0170,1.010.988 VND/khách,05:25,05 thg 5,05 thg 5,06:20,55m,"Phú Quốc (PQC)
Sân bay Phú Quốc",Hành lý xách tay 1 x 12 kg,Hành lý 0 kg,2025-05-02
VietJet Air,PQC0020,1.034.000 VND/khách,05:55,05 thg 5,05 thg 5,06:55,1h 0m,"Phú Quốc (PQC)
Sân bay Phú Quốc",Hành lý xách tay 7 kg,Hành lý 0 kg,2025-05-02
VietJet Air,PQC0135,1.034.000 VND/khách,17:10,05 thg 5,05 thg 5,18:15,1h 5m,"Phú Quốc (PQC)
Sân bay Phú Quốc",Hành lý xách tay 7 kg,Hành lý 0 kg,2025-05-02
VietJet Air,PQC0091,1.142.000 VND/khách,14:05,05 thg 5,05 thg 5,15:05,1h 0m,"Phú Quốc (PQC)
Sân bay Phú Quốc",Hành lý xách tay 7 kg,Hành lý 0 kg,2025-05-02
VietJet Air,PQC0112,1.142.000 VND/khách,15:40,05 thg 5,05 thg 5,16:40,1h 0m,"Phú Quốc (PQC)
Sân bay Phú Quốc",Hành lý xách tay 7 kg,Hành lý 0 kg,2025-05-02
Vietnam Airlines,PQC0185,1.159.839 VND/khách,05:40,05 thg 5,05 thg 5,06:40,1h 0m,"Phú Quốc (PQC)
Sân bay Phú Quốc",Hành lý xách tay 1 x 12 kg,Hành lý 23 kg,2025-05-02
Vietnam Airlines,PQC0308,1.248.750 VND/khách,20:20,05 thg 5,05 thg 5,21:20,1h 0m,"Phú Quốc (PQC)
Sân bay Phú Quốc",Hành lý xách tay 1 x 12 kg,Hành lý 23 kg,2025-05-02
VietJet Air,PQC0045,1.280.000 VND/khách,09:20,05 thg 5,05 thg 5,10:20,1h 0m,"Phú Quốc (PQC)
Sân bay Phú Quốc",Hành lý xách tay 7 kg,Hành lý 0 kg,2025-05-02
VietJet Air,PQC0069,1.280.000 VND/khách,11:35,05 thg 5,05 thg 5,12:35,1h 0m,"Phú Quốc (PQC)
Sân bay Phú Quốc",Hành lý xách tay 7 kg,Hành lý 0 kg,2025-05-02
Vietnam Airlines,PQC0272,1.386.612 VND/khách,15:05,05 thg 5,05 thg 5,16:10,1h 5m,"Phú Quốc (PQC)
Sân bay Phú Quốc",Hành lý xách tay 1 x 12 kg,Hành lý 23 kg,2025-05-02
Vietnam Airlines,PQC0254,1.502.496 VND/khách,13:05,05 thg 5,05 thg 5,14:00,55m,"Phú Quốc (PQC)
Sân bay Phú Quốc",Hành lý xách tay 1 x 12 kg,Hành lý 23 kg,2025-05-02
Vietnam Airlines,PQC0229,1.580.789 VND/khách,10:25,05 thg 5,05 thg 5,11:25,1h 0m,"Phú Quốc (PQC)
Sân bay Phú Quốc",Hành lý xách tay 1 x 12 kg,Hành lý 23 kg,2025-05-02
Vietnam Airlines,PQC0206,1.788.210 VND/khách,08:10,05 thg 5,05 thg 5,08:55,45m,"Phú Quốc (PQC)
Sân bay Phú Quốc",Hành lý xách tay 1 x 12 kg,Hành lý 23 kg,2025-05-02
Vietravel Airlines,PQC0327,875.805 VND/khách,17:25,06 thg 5,06 thg 5,18:25,1h 0m,"Phú Quốc (PQC)
Sân bay Phú Quốc",Hành lý xách tay 7 kg,Hành lý 0 kg,2025-05-02
VietJet Air,PQC0021,1.034.000 VND/khách,05:55,06 thg 5,06 thg 5,06:55,1h 0m,"Phú Quốc (PQC)
Sân bay Phú Quốc",Hành lý xách tay 7 kg,Hành lý 0 kg,2025-05-02
VietJet Air,PQC0113,1.034.000 VND/khách,15:40,06 thg 5,06 thg 5,16:40,1h 0m,"Phú Quốc (PQC)
Sân bay Phú Quốc",Hành lý xách tay 7 kg,Hành lý 0 kg,2025-05-02
VietJet Air,PQC0136,1.034.000 VND/khách,17:10,06 thg 5,06 thg 5,18:15,1h 5m,"Phú Quốc (PQC)
Sân bay Phú Quốc",Hành lý xách tay 7 kg,Hành lý 0 kg,2025-05-02
Vietnam Airlines,PQC0186,1.114.884 VND/khách,05:40,06 thg 5,06 thg 5,06:40,1h 0m,"Phú Quốc (PQC)
Sân bay Phú Quốc",Hành lý xách tay 1 x 12 kg,Hành lý 23 kg,2025-05-02
VietJet Air,PQC0064,1.142.000 VND/khách,11:30,06 thg 5,06 thg 5,12:30,1h 0m,"Phú Quốc (PQC)
Sân bay Phú Quốc",Hành lý xách tay 7 kg,Hành lý 0 kg,2025-05-02
VietJet Air,PQC0070,1.142.000 VND/khách,11:35,06 thg 5,06 thg 5,12:35,1h 0m,"Phú Quốc (PQC)
Sân bay Phú Quốc",Hành lý xách tay 7 kg,Hành lý 0 kg,2025-05-02
VietJet Air,PQC0092,1.142.000 VND/khách,14:05,06 thg 5,06 thg 5,15:05,1h 0m,"Phú Quốc (PQC)
Sân bay Phú Quốc",Hành lý xách tay 7 kg,Hành lý 0 kg,2025-05-02
Vietnam Airlines,PQC0273,1.267.731 VND/khách,15:05,06 thg 5,06 thg 5,16:10,1h 5m,"Phú Quốc (PQC)
Sân bay Phú Quốc",Hành lý xách tay 1 x 12 kg,Hành lý 23 kg,2025-05-02
VietJet Air,PQC0046,1.280.000 VND/khách,09:20,06 thg 5,06 thg 5,10:20,1h 0m,"Phú Quốc (PQC)
Sân bay Phú Quốc",Hành lý xách tay 7 kg,Hành lý 0 kg,2025-05-02
Vietnam Airlines,PQC0207,1.379.619 VND/khách,08:10,06 thg 5,06 thg 5,08:55,45m,"Phú Quốc (PQC)
Sân bay Phú Quốc",Hành lý xách tay 1 x 12 kg,Hành lý 23 kg,2025-05-02
Vietnam Airlines,PQC0255,1.475.523 VND/khách,13:05,06 thg 5,06 thg 5,14:00,55m,"Phú Quốc (PQC)
Sân bay Phú Quốc",Hành lý xách tay 1 x 12 kg,Hành lý 23 kg,2025-05-02
Vietnam Airlines,PQC0230,1.490.508 VND/khách,10:25,06 thg 5,06 thg 5,11:25,1h 0m,"Phú Quốc (PQC)
Sân bay Phú Quốc",Hành lý xách tay 1 x 12 kg,Hành lý 23 kg,2025-05-02
Bamboo Airways,PQC0006,754.708 VND/khách,16:30,07 thg 5,07 thg 5,17:30,1h 0m,"Phú Quốc (PQC)
Sân bay Phú Quốc",Hành lý xách tay 7 kg,Hành lý 0 kg,2025-05-02
Vietravel Airlines,PQC0328,746.130 VND/khách,17:25,07 thg 5,07 thg 5,18:25,1h 0m,"Phú Quốc (PQC)
Sân bay Phú Quốc",Hành lý xách tay 7 kg,Hành lý 0 kg,2025-05-02
VietJet Air,PQC0137,815.000 VND/khách,17:10,07 thg 5,07 thg 5,18:15,1h 5m,"Phú Quốc (PQC)
Sân bay Phú Quốc",Hành lý xách tay 7 kg,Hành lý 0 kg,2025-05-02
VietJet Air,PQC0022,1.034.000 VND/khách,05:55,07 thg 5,07 thg 5,06:55,1h 0m,"Phú Quốc (PQC)
Sân bay Phú Quốc",Hành lý xách tay 7 kg,Hành lý 0 kg,2025-05-02
VietJet Air,PQC0114,1.034.000 VND/khách,15:40,07 thg 5,07 thg 5,16:40,1h 0m,"Phú Quốc (PQC)
Sân bay Phú Quốc",Hành lý xách tay 7 kg,Hành lý 0 kg,2025-05-02
Vietnam Airlines,PQC0187,1.118.880 VND/khách,05:40,07 thg 5,07 thg 5,06:40,1h 0m,"Phú Quốc (PQC)
Sân bay Phú Quốc",Hành lý xách tay 1 x 12 kg,Hành lý 23 kg,2025-05-02
VietJet Air,PQC0093,1.142.000 VND/khách,14:05,07 thg 5,07 thg 5,15:05,1h 0m,"Phú Quốc (PQC)
Sân bay Phú Quốc",Hành lý xách tay 7 kg,Hành lý 0 kg,2025-05-02
VietJet Air,PQC0047,1.280.000 VND/khách,09:20,07 thg 5,07 thg 5,10:20,1h 0m,"Phú Quốc (PQC)
Sân bay Phú Quốc",Hành lý xách tay 7 kg,Hành lý 0 kg,2025-05-02
VietJet Air,PQC0071,1.280.000 VND/khách,11:35,07 thg 5,07 thg 5,12:35,1h 0m,"Phú Quốc (PQC)
Sân bay Phú Quốc",Hành lý xách tay 7 kg,Hành lý 0 kg,2025-05-02
Vietnam Airlines,PQC0208,1.368.630 VND/khách,08:10,07 thg 5,07 thg 5,08:55,45m,"Phú Quốc (PQC)
Sân bay Phú Quốc",Hành lý xách tay 1 x 12 kg,Hành lý 23 kg,2025-05-02
Vietnam Airlines,PQC0231,1.479.519 VND/khách,10:25,07 thg 5,07 thg 5,11:25,1h 0m,"Phú Quốc (PQC)
Sân bay Phú Quốc",Hành lý xách tay 1 x 12 kg,Hành lý 23 kg,2025-05-02
Vietnam Airlines,PQC0274,1.479.519 VND/khách,15:05,07 thg 5,07 thg 5,16:10,1h 5m,"Phú Quốc (PQC)
Sân bay Phú Quốc",Hành lý xách tay 1 x 12 kg,Hành lý 23 kg,2025-05-02
Vietnam Airlines,PQC0256,1.785.213 VND/khách,13:05,07 thg 5,07 thg 5,14:00,55m,"Phú Quốc (PQC)
Sân bay Phú Quốc",Hành lý xách tay 1 x 12 kg,Hành lý 23 kg,2025-05-02
Vietravel Airlines,PQC0329,953.610 VND/khách,17:25,08 thg 5,08 thg 5,18:25,1h 0m,"Phú Quốc (PQC)
Sân bay Phú Quốc",Hành lý xách tay 7 kg,Hành lý 0 kg,2025-05-02
VietJet Air,PQC0023,1.034.000 VND/khách,05:55,08 thg 5,08 thg 5,06:55,1h 0m,"Phú Quốc (PQC)
Sân bay Phú Quốc",Hành lý xách tay 7 kg,Hành lý 0 kg,2025-05-02
Vietnam Airlines,PQC0188,1.267.731 VND/khách,05:40,08 thg 5,08 thg 5,06:40,1h 0m,"Phú Quốc (PQC)
Sân bay Phú Quốc",Hành lý xách tay 1 x 12 kg,Hành lý 23 kg,2025-05-02
VietJet Air,PQC0094,1.280.000 VND/khách,14:05,08 thg 5,08 thg 5,15:05,1h 0m,"Phú Quốc (PQC)
Sân bay Phú Quốc",Hành lý xách tay 7 kg,Hành lý 0 kg,2025-05-02
VietJet Air,PQC0115,1.280.000 VND/khách,15:40,08 thg 5,08 thg 5,16:40,1h 0m,"Phú Quốc (PQC)
Sân bay Phú Quốc",Hành lý xách tay 7 kg,Hành lý 0 kg,2025-05-02
VietJet Air,PQC0038,1.280.000 VND/khách,08:25,08 thg 5,08 thg 5,09:30,1h 5m,"Phú Quốc (PQC)
Sân bay Phú Quốc",Hành lý xách tay 7 kg,Hành lý 0 kg,2025-05-02
VietJet Air,PQC0138,1.280.000 VND/khách,17:10,08 thg 5,08 thg 5,18:15,1h 5m,"Phú Quốc (PQC)
Sân bay Phú Quốc",Hành lý xách tay 7 kg,Hành lý 0 kg,2025-05-02
VietJet Air,PQC0155,1.280.000 VND/khách,17:40,08 thg 5,08 thg 5,18:45,1h 5m,"Phú Quốc (PQC)
Sân bay Phú Quốc",Hành lý xách tay 7 kg,Hành lý 0 kg,2025-05-02
Vietnam Airlines,PQC0275,1.379.619 VND/khách,15:05,08 thg 5,08 thg 5,16:10,1h 5m,"Phú Quốc (PQC)
Sân bay Phú Quốc",Hành lý xách tay 1 x 12 kg,Hành lý 23 kg,2025-05-02
VietJet Air,PQC0048,1.396.000 VND/khách,09:20,08 thg 5,08 thg 5,10:20,1h 0m,"Phú Quốc (PQC)
Sân bay Phú Quốc",Hành lý xách tay 7 kg,Hành lý 0 kg,2025-05-02
VietJet Air,PQC0072,1.396.000 VND/khách,11:35,08 thg 5,08 thg 5,12:35,1h 0m,"Phú Quốc (PQC)
Sân bay Phú Quốc",Hành lý xách tay 7 kg,Hành lý 0 kg,2025-05-02
Vietnam Airlines,PQC0209,1.580.789 VND/khách,08:10,08 thg 5,08 thg 5,08:55,45m,"Phú Quốc (PQC)
Sân bay Phú Quốc",Hành lý xách tay 1 x 12 kg,Hành lý 23 kg,2025-05-02
Vietnam Airlines,PQC0257,1.580.789 VND/khách,13:05,08 thg 5,08 thg 5,14:00,55m,"Phú Quốc (PQC)
Sân bay Phú Quốc",Hành lý xách tay 1 x 12 kg,Hành lý 23 kg,2025-05-02
Vietnam Airlines,PQC0232,1.703.295 VND/khách,10:25,08 thg 5,08 thg 5,11:25,1h 0m,"Phú Quốc (PQC)
Sân bay Phú Quốc",Hành lý xách tay 1 x 12 kg,Hành lý 23 kg,2025-05-02
Bamboo Airways,PQC0007,1.222.830 VND/khách,16:30,09 thg 5,09 thg 5,17:30,1h 0m,"Phú Quốc (PQC)
Sân bay Phú Quốc",Hành lý xách tay 7 kg,Hành lý 0 kg,2025-05-02
Vietravel Airlines,PQC0330,1.144.133 VND/khách,17:25,09 thg 5,09 thg 5,18:25,1h 0m,"Phú Quốc (PQC)
Sân bay Phú Quốc",Hành lý xách tay 7 kg,Hành lý 0 kg,2025-05-02
VietJet Air,PQC0139,1.281.000 VND/khách,17:10,09 thg 5,09 thg 5,18:15,1h 5m,"Phú Quốc (PQC)
Sân bay Phú Quốc",Hành lý xách tay 7 kg,Hành lý 0 kg,2025-05-02
VietJet Air,PQC0024,1.396.000 VND/khách,05:55,09 thg 5,09 thg 5,06:55,1h 0m,"Phú Quốc (PQC)
Sân bay Phú Quốc",Hành lý xách tay 7 kg,Hành lý 0 kg,2025-05-02
VietJet Air,PQC0116,1.396.000 VND/khách,15:40,09 thg 5,09 thg 5,16:40,1h 0m,"Phú Quốc (PQC)
Sân bay Phú Quốc",Hành lý xách tay 7 kg,Hành lý 0 kg,2025-05-02
Vietnam Airlines,PQC0309,1.491.507 VND/khách,20:20,09 thg 5,09 thg 5,21:20,1h 0m,"Phú Quốc (PQC)
Sân bay Phú Quốc",Hành lý xách tay 1 x 12 kg,Hành lý 23 kg,2025-05-02
VietJet Air,PQC0095,1.564.000 VND/khách,14:05,09 thg 5,09 thg 5,15:05,1h 0m,"Phú Quốc (PQC)
Sân bay Phú Quốc",Hành lý xách tay 7 kg,Hành lý 0 kg,2025-05-02
Vietnam Airlines,PQC0276,1.580.789 VND/khách,15:05,09 thg 5,09 thg 5,16:10,1h 5m,"Phú Quốc (PQC)
Sân bay Phú Quốc",Hành lý xách tay 1 x 12 kg,Hành lý 23 kg,2025-05-02
VietJet Air,PQC0049,1.679.000 VND/khách,09:20,09 thg 5,09 thg 5,10:20,1h 0m,"Phú Quốc (PQC)
Sân bay Phú Quốc",Hành lý xách tay 7 kg,Hành lý 0 kg,2025-05-02
VietJet Air,PQC0073,1.679.000 VND/khách,11:35,09 thg 5,09 thg 5,12:35,1h 0m,"Phú Quốc (PQC)
Sân bay Phú Quốc",Hành lý xách tay 7 kg,Hành lý 0 kg,2025-05-02
Vietnam Airlines,PQC0189,1.729.269 VND/khách,05:40,09 thg 5,09 thg 5,06:40,1h 0m,"Phú Quốc (PQC)
Sân bay Phú Quốc",Hành lý xách tay 1 x 12 kg,Hành lý 23 kg,2025-05-02
Vietnam Airlines,PQC0233,1.845.037 VND/khách,10:25,09 thg 5,09 thg 5,11:25,1h 0m,"Phú Quốc (PQC)
Sân bay Phú Quốc",Hành lý xách tay 1 x 12 kg,Hành lý 23 kg,2025-05-02
Vietnam Airlines,PQC0249,1.845.037 VND/khách,13:00,09 thg 5,09 thg 5,14:00,1h 0m,"Phú Quốc (PQC)
Sân bay Phú Quốc",Hành lý xách tay 1 x 12 kg,Hành lý 23 kg,2025-05-02
Vietnam Airlines,PQC0210,1.994.004 VND/khách,08:10,09 thg 5,09 thg 5,08:55,45m,"Phú Quốc (PQC)
Sân bay Phú Quốc",Hành lý xách tay 1 x 12 kg,Hành lý 23 kg,2025-05-02
Vietravel Airlines,PQC0331,953.610 VND/khách,17:25,10 thg 5,10 thg 5,18:25,1h 0m,"Phú Quốc (PQC)
Sân bay Phú Quốc",Hành lý xách tay 7 kg,Hành lý 0 kg,2025-05-02
VietJet Air,PQC0140,1.142.000 VND/khách,17:10,10 thg 5,10 thg 5,18:15,1h 5m,"Phú Quốc (PQC)
Sân bay Phú Quốc",Hành lý xách tay 7 kg,Hành lý 0 kg,2025-05-02
VietJet Air,PQC0025,1.280.000 VND/khách,05:55,10 thg 5,10 thg 5,06:55,1h 0m,"Phú Quốc (PQC)
Sân bay Phú Quốc",Hành lý xách tay 7 kg,Hành lý 0 kg,2025-05-02
VietJet Air,PQC0096,1.280.000 VND/khách,14:05,10 thg 5,10 thg 5,15:05,1h 0m,"Phú Quốc (PQC)
Sân bay Phú Quốc",Hành lý xách tay 7 kg,Hành lý 0 kg,2025-05-02
VietJet Air,PQC0117,1.280.000 VND/khách,15:40,10 thg 5,10 thg 5,16:40,1h 0m,"Phú Quốc (PQC)
Sân bay Phú Quốc",Hành lý xách tay 7 kg,Hành lý 0 kg,2025-05-02
VietJet Air,PQC0074,1.396.000 VND/khách,11:35,10 thg 5,10 thg 5,12:35,1h 0m,"Phú Quốc (PQC)
Sân bay Phú Quốc",Hành lý xách tay 7 kg,Hành lý 0 kg,2025-05-02
Vietnam Airlines,PQC0277,1.490.508 VND/khách,15:05,10 thg 5,10 thg 5,16:10,1h 5m,"Phú Quốc (PQC)
Sân bay Phú Quốc",Hành lý xách tay 1 x 12 kg,Hành lý 23 kg,2025-05-02
VietJet Air,PQC0050,1.563.000 VND/khách,09:20,10 thg 5,10 thg 5,10:20,1h 0m,"Phú Quốc (PQC)
Sân bay Phú Quốc",Hành lý xách tay 7 kg,Hành lý 0 kg,2025-05-02
Vietnam Airlines,PQC0258,1.580.789 VND/khách,13:05,10 thg 5,10 thg 5,14:00,55m,"Phú Quốc (PQC)
Sân bay Phú Quốc",Hành lý xách tay 1 x 12 kg,Hành lý 23 kg,2025-05-02
Vietnam Airlines,PQC0190,1.934.064 VND/khách,05:40,10 thg 5,10 thg 5,06:40,1h 0m,"Phú Quốc (PQC)
Sân bay Phú Quốc",Hành lý xách tay 1 x 12 kg,Hành lý 23 kg,2025-05-02
Vietnam Airlines,PQC0234,1.934.064 VND/khách,10:25,10 thg 5,10 thg 5,11:25,1h 0m,"Phú Quốc (PQC)
Sân bay Phú Quốc",Hành lý xách tay 1 x 12 kg,Hành lý 23 kg,2025-05-02
Vietnam Airlines,PQC0211,2.000.997 VND/khách,08:10,10 thg 5,10 thg 5,08:55,45m,"Phú Quốc (PQC)
Sân bay Phú Quốc",Hành lý xách tay 1 x 12 kg,Hành lý 23 kg,2025-05-02
Bamboo Airways,PQC0008,829.158 VND/khách,16:30,11 thg 5,11 thg 5,17:30,1h 0m,"Phú Quốc (PQC)
Sân bay Phú Quốc",Hành lý xách tay 7 kg,Hành lý 0 kg,2025-05-02
Vietravel Airlines,PQC0332,747.128 VND/khách,17:25,11 thg 5,11 thg 5,18:25,1h 0m,"Phú Quốc (PQC)
Sân bay Phú Quốc",Hành lý xách tay 7 kg,Hành lý 0 kg,2025-05-02
VietJet Air,PQC0141,815.000 VND/khách,17:10,11 thg 5,11 thg 5,18:15,1h 5m,"Phú Quốc (PQC)
Sân bay Phú Quốc",Hành lý xách tay 7 kg,Hành lý 0 kg,2025-05-02
VietJet Air,PQC0118,816.000 VND/khách,15:40,11 thg 5,11 thg 5,16:40,1h 0m,"Phú Quốc (PQC)
Sân bay Phú Quốc",Hành lý xách tay 7 kg,Hành lý 0 kg,2025-05-02
VietJet Air,PQC0026,1.035.000 VND/khách,05:55,11 thg 5,11 thg 5,06:55,1h 0m,"Phú Quốc (PQC)
Sân bay Phú Quốc",Hành lý xách tay 7 kg,Hành lý 0 kg,2025-05-02
VietJet Air,PQC0051,1.143.000 VND/khách,09:20,11 thg 5,11 thg 5,10:20,1h 0m,"Phú Quốc (PQC)
Sân bay Phú Quốc",Hành lý xách tay 7 kg,Hành lý 0 kg,2025-05-02
VietJet Air,PQC0075,1.143.000 VND/khách,11:35,11 thg 5,11 thg 5,12:35,1h 0m,"Phú Quốc (PQC)
Sân bay Phú Quốc",Hành lý xách tay 7 kg,Hành lý 0 kg,2025-05-02
VietJet Air,PQC0097,1.143.000 VND/khách,14:05,11 thg 5,11 thg 5,15:05,1h 0m,"Phú Quốc (PQC)
Sân bay Phú Quốc",Hành lý xách tay 7 kg,Hành lý 0 kg,2025-05-02
Vietnam Airlines,PQC0191,1.159.839 VND/khách,05:40,11 thg 5,11 thg 5,06:40,1h 0m,"Phú Quốc (PQC)
Sân bay Phú Quốc",Hành lý xách tay 1 x 12 kg,Hành lý 23 kg,2025-05-02
Vietnam Airlines,PQC0310,1.160.838 VND/khách,20:20,11 thg 5,11 thg 5,21:20,1h 0m,"Phú Quốc (PQC)
Sân bay Phú Quốc",Hành lý xách tay 1 x 12 kg,Hành lý 23 kg,2025-05-02
Vietnam Airlines,PQC0259,1.258.740 VND/khách,13:05,11 thg 5,11 thg 5,14:00,55m,"Phú Quốc (PQC)
Sân bay Phú Quốc",Hành lý xách tay 1 x 12 kg,Hành lý 23 kg,2025-05-02
Vietnam Airlines,PQC0278,1.269.729 VND/khách,15:05,11 thg 5,11 thg 5,16:10,1h 5m,"Phú Quốc (PQC)
Sân bay Phú Quốc",Hành lý xách tay 1 x 12 kg,Hành lý 23 kg,2025-05-02
Vietnam Airlines,PQC0235,1.380.618 VND/khách,10:25,11 thg 5,11 thg 5,11:25,1h 0m,"Phú Quốc (PQC)
Sân bay Phú Quốc",Hành lý xách tay 1 x 12 kg,Hành lý 23 kg,2025-05-02
Vietnam Airlines,PQC0212,1.492.506 VND/khách,08:10,11 thg 5,11 thg 5,08:55,45m,"Phú Quốc (PQC)
Sân bay Phú Quốc",Hành lý xách tay 1 x 12 kg,Hành lý 23 kg,2025-05-02
Bamboo Airways,PQC0004,1.245.267 VND/khách,16:30,04 thg 5,04 thg 5,17:30,1h 0m,"Phú Quốc (PQC)
Sân bay Phú Quốc",Hành lý xách tay 7 kg,Hành lý 0 kg,2025-05-03
VietJet Air,PQC0111,1.159.000 VND/khách,15:40,04 thg 5,04 thg 5,16:40,1h 0m,"Phú Quốc (PQC)
Sân bay Phú Quốc",Hành lý xách tay 7 kg,Hành lý 0 kg,2025-05-03
VietJet Air,PQC0134,1.159.000 VND/khách,17:10,04 thg 5,04 thg 5,18:15,1h 5m,"Phú Quốc (PQC)
Sân bay Phú Quốc",Hành lý xách tay 7 kg,Hành lý 0 kg,2025-05-03
VietJet Air,PQC0019,1.197.000 VND/khách,05:55,04 thg 5,04 thg 5,06:55,1h 0m,"Phú Quốc (PQC)
Sân bay Phú Quốc",Hành lý xách tay 7 kg,Hành lý 0 kg,2025-05-03
Vietnam Airlines,PQC0184,1.277.721 VND/khách,05:40,04 thg 5,04 thg 5,06:40,1h 0m,"Phú Quốc (PQC)
Sân bay Phú Quốc",Hành lý xách tay 1 x 12 kg,Hành lý 23 kg,2025-05-03
VietJet Air,PQC0090,1.323.000 VND/khách,14:05,04 thg 5,04 thg 5,15:05,1h 0m,"Phú Quốc (PQC)
Sân bay Phú Quốc",Hành lý xách tay 7 kg,Hành lý 0 kg,2025-05-03
VietJet Air,PQC0062,1.343.000 VND/khách,09:30,04 thg 5,04 thg 5,10:25,55m,"Phú Quốc (PQC)
Sân bay Phú Quốc",Hành lý xách tay 7 kg,Hành lý 0 kg,2025-05-03
VietJet Air,PQC0068,1.343.000 VND/khách,11:35,04 thg 5,04 thg 5,12:35,1h 0m,"Phú Quốc (PQC)
Sân bay Phú Quốc",Hành lý xách tay 7 kg,Hành lý 0 kg,2025-05-03
Vietnam Airlines,PQC0320,1.367.296 VND/khách,21:00,04 thg 5,04 thg 5,22:00,1h 0m,"Phú Quốc (PQC)
Sân bay Phú Quốc",Hành lý xách tay 1 x 12 kg,Hành lý 23 kg,2025-05-03
Vietnam Airlines,PQC0271,1.378.620 VND/khách,15:05,04 thg 5,04 thg 5,16:10,1h 5m,"Phú Quốc (PQC)
Sân bay Phú Quốc",Hành lý xách tay 1 x 12 kg,Hành lý 23 kg,2025-05-03
Vietnam Airlines,PQC0205,1.389.609 VND/khách,08:10,04 thg 5,04 thg 5,08:55,45m,"Phú Quốc (PQC)
Sân bay Phú Quốc",Hành lý xách tay 1 x 12 kg,Hành lý 23 kg,2025-05-03
Vietnam Airlines,PQC0294,1.389.609 VND/khách,17:25,04 thg 5,04 thg 5,18:25,1h 0m,"Phú Quốc (PQC)
Sân bay Phú Quốc",Hành lý xách tay 1 x 12 kg,Hành lý 23 kg,2025-05-03
Vietnam Airlines,PQC0228,1.712.286 VND/khách,10:25,04 thg 5,04 thg 5,11:25,1h 0m,"Phú Quốc (PQC)
Sân bay Phú Quốc",Hành lý xách tay 1 x 12 kg,Hành lý 23 kg,2025-05-03
Vietnam Airlines,PQC0253,1.746.252 VND/khách,13:05,04 thg 5,04 thg 5,14:00,55m,"Phú Quốc (PQC)
Sân bay Phú Quốc",Hành lý xách tay 1 x 12 kg,Hành lý 23 kg,2025-05-03
Vietravel Airlines,PQC0325,1.921.185 VND/khách,17:25,04 thg 5,04 thg 5,18:25,1h 0m,"Phú Quốc (PQC)
Sân bay Phú Quốc",Hành lý xách tay 7 kg,Hành lý 0 kg,2025-05-03
Bamboo Airways,PQC0005,1.013.756 VND/khách,16:30,05 thg 5,05 thg 5,17:30,1h 0m,"Phú Quốc (PQC)
Sân bay Phú Quốc",Hành lý xách tay 7 kg,Hành lý 0 kg,2025-05-03
VietJet Air,PQC0135,1.046.000 VND/khách,17:10,05 thg 5,05 thg 5,18:15,1h 5m,"Phú Quốc (PQC)
Sân bay Phú Quốc",Hành lý xách tay 7 kg,Hành lý 0 kg,2025-05-03
Vietravel Airlines,PQC0326,1.077.300 VND/khách,17:25,05 thg 5,05 thg 5,18:25,1h 0m,"Phú Quốc (PQC)
Sân bay Phú Quốc",Hành lý xách tay 7 kg,Hành lý 0 kg,2025-05-03
Vietnam Airlines,PQC0170,1.109.365 VND/khách,05:25,05 thg 5,05 thg 5,06:20,55m,"Phú Quốc (PQC)
Sân bay Phú Quốc",Hành lý xách tay 1 x 12 kg,Hành lý 23 kg,2025-05-03
VietJet Air,PQC0091,1.155.000 VND/khách,14:05,05 thg 5,05 thg 5,15:05,1h 0m,"Phú Quốc (PQC)
Sân bay Phú Quốc",Hành lý xách tay 7 kg,Hành lý 0 kg,2025-05-03
VietJet Air,PQC0112,1.155.000 VND/khách,15:40,05 thg 5,05 thg 5,16:40,1h 0m,"Phú Quốc (PQC)
Sân bay Phú Quốc",Hành lý xách tay 7 kg,Hành lý 0 kg,2025-05-03
VietJet Air,PQC0020,1.163.846 VND/khách,05:55,05 thg 5,05 thg 5,06:55,1h 0m,"Phú Quốc (PQC)
Sân bay Phú Quốc",Hành lý xách tay 7 kg,Hành lý 0 kg,2025-05-03
Vietnam Airlines,PQC0185,1.179.170 VND/khách,05:40,05 thg 5,05 thg 5,06:40,1h 0m,"Phú Quốc (PQC)
Sân bay Phú Quốc",Hành lý xách tay 1 x 12 kg,Hành lý 23 kg,2025-05-03
VietJet Air,PQC0045,1.294.000 VND/khách,09:20,05 thg 5,05 thg 5,10:20,1h 0m,"Phú Quốc (PQC)
Sân bay Phú Quốc",Hành lý xách tay 7 kg,Hành lý 0 kg,2025-05-03
VietJet Air,PQC0069,1.294.000 VND/khách,11:35,05 thg 5,05 thg 5,12:35,1h 0m,"Phú Quốc (PQC)
Sân bay Phú Quốc",Hành lý xách tay 7 kg,Hành lý 0 kg,2025-05-03
Vietnam Airlines,PQC0308,1.295.154 VND/khách,20:20,05 thg 5,05 thg 5,21:20,1h 0m,"Phú Quốc (PQC)
Sân bay Phú Quốc",Hành lý xách tay 1 x 12 kg,Hành lý 23 kg,2025-05-03
Vietnam Airlines,PQC0272,1.411.137 VND/khách,15:05,05 thg 5,05 thg 5,16:10,1h 5m,"Phú Quốc (PQC)
Sân bay Phú Quốc",Hành lý xách tay 1 x 12 kg,Hành lý 23 kg,2025-05-03
Vietnam Airlines,PQC0254,1.527.121 VND/khách,13:05,05 thg 5,05 thg 5,14:00,55m,"Phú Quốc (PQC)
Sân bay Phú Quốc",Hành lý xách tay 1 x 12 kg,Hành lý 23 kg,2025-05-03
Vietnam Airlines,PQC0229,1.746.252 VND/khách,10:25,05 thg 5,05 thg 5,11:25,1h 0m,"Phú Quốc (PQC)
Sân bay Phú Quốc",Hành lý xách tay 1 x 12 kg,Hành lý 23 kg,2025-05-03
Vietnam Airlines,PQC0206,1.844.827 VND/khách,08:10,05 thg 5,05 thg 5,08:55,45m,"Phú Quốc (PQC)
Sân bay Phú Quốc",Hành lý xách tay 1 x 12 kg,Hành lý 23 kg,2025-05-03
Vietravel Airlines,PQC0327,975.555 VND/khách,17:25,06 thg 5,06 thg 5,18:25,1h 0m,"Phú Quốc (PQC)
Sân bay Phú Quốc",Hành lý xách tay 7 kg,Hành lý 0 kg,2025-05-03
VietJet Air,PQC0021,1.046.000 VND/khách,05:55,06 thg 5,06 thg 5,06:55,1h 0m,"Phú Quốc (PQC)
Sân bay Phú Quốc",Hành lý xách tay 7 kg,Hành lý 0 kg,2025-05-03
VietJet Air,PQC0113,1.046.000 VND/khách,15:40,06 thg 5,06 thg 5,16:40,1h 0m,"Phú Quốc (PQC)
Sân bay Phú Quốc",Hành lý xách tay 7 kg,Hành lý 0 kg,2025-05-03
VietJet Air,PQC0136,1.046.000 VND/khách,17:10,06 thg 5,06 thg 5,18:15,1h 5m,"Phú Quốc (PQC)
Sân bay Phú Quốc",Hành lý xách tay 7 kg,Hành lý 0 kg,2025-05-03
VietJet Air,PQC0064,1.155.000 VND/khách,11:30,06 thg 5,06 thg 5,12:30,1h 0m,"Phú Quốc (PQC)
Sân bay Phú Quốc",Hành lý xách tay 7 kg,Hành lý 0 kg,2025-05-03
VietJet Air,PQC0070,1.155.000 VND/khách,11:35,06 thg 5,06 thg 5,12:35,1h 0m,"Phú Quốc (PQC)
Sân bay Phú Quốc",Hành lý xách tay 7 kg,Hành lý 0 kg,2025-05-03
VietJet Air,PQC0092,1.155.000 VND/khách,14:05,06 thg 5,06 thg 5,15:05,1h 0m,"Phú Quốc (PQC)
Sân bay Phú Quốc",Hành lý xách tay 7 kg,Hành lý 0 kg,2025-05-03
Vietnam Airlines,PQC0186,1.179.170 VND/khách,05:40,06 thg 5,06 thg 5,06:40,1h 0m,"Phú Quốc (PQC)
Sân bay Phú Quốc",Hành lý xách tay 1 x 12 kg,Hành lý 23 kg,2025-05-03
VietJet Air,PQC0046,1.294.000 VND/khách,09:20,06 thg 5,06 thg 5,10:20,1h 0m,"Phú Quốc (PQC)
Sân bay Phú Quốc",Hành lý xách tay 7 kg,Hành lý 0 kg,2025-05-03
Vietnam Airlines,PQC0207,1.411.137 VND/khách,08:10,06 thg 5,06 thg 5,08:55,45m,"Phú Quốc (PQC)
Sân bay Phú Quốc",Hành lý xách tay 1 x 12 kg,Hành lý 23 kg,2025-05-03
Vietnam Airlines,PQC0273,1.411.137 VND/khách,15:05,06 thg 5,06 thg 5,16:10,1h 5m,"Phú Quốc (PQC)
Sân bay Phú Quốc",Hành lý xách tay 1 x 12 kg,Hành lý 23 kg,2025-05-03
Vietnam Airlines,PQC0255,1.527.121 VND/khách,13:05,06 thg 5,06 thg 5,14:00,55m,"Phú Quốc (PQC)
Sân bay Phú Quốc",Hành lý xách tay 1 x 12 kg,Hành lý 23 kg,2025-05-03
Vietnam Airlines,PQC0230,1.543.455 VND/khách,10:25,06 thg 5,06 thg 5,11:25,1h 0m,"Phú Quốc (PQC)
Sân bay Phú Quốc",Hành lý xách tay 1 x 12 kg,Hành lý 23 kg,2025-05-03
Bamboo Airways,PQC0006,951.543 VND/khách,16:30,07 thg 5,07 thg 5,17:30,1h 0m,"Phú Quốc (PQC)
Sân bay Phú Quốc",Hành lý xách tay 7 kg,Hành lý 0 kg,2025-05-03
Vietravel Airlines,PQC0328,754.110 VND/khách,17:25,07 thg 5,07 thg 5,18:25,1h 0m,"Phú Quốc (PQC)
Sân bay Phú Quốc",Hành lý xách tay 7 kg,Hành lý 0 kg,2025-05-03
VietJet Air,PQC0137,816.000 VND/khách,17:10,07 thg 5,07 thg 5,18:15,1h 5m,"Phú Quốc (PQC)
Sân bay Phú Quốc",Hành lý xách tay 7 kg,Hành lý 0 kg,2025-05-03
VietJet Air,PQC0022,1.046.000 VND/khách,05:55,07 thg 5,07 thg 5,06:55,1h 0m,"Phú Quốc (PQC)
Sân bay Phú Quốc",Hành lý xách tay 7 kg,Hành lý 0 kg,2025-05-03
VietJet Air,PQC0114,1.046.000 VND/khách,15:40,07 thg 5,07 thg 5,16:40,1h 0m,"Phú Quốc (PQC)
Sân bay Phú Quốc",Hành lý xách tay 7 kg,Hành lý 0 kg,2025-05-03
VietJet Air,PQC0093,1.155.000 VND/khách,14:05,07 thg 5,07 thg 5,15:05,1h 0m,"Phú Quốc (PQC)
Sân bay Phú Quốc",Hành lý xách tay 7 kg,Hành lý 0 kg,2025-05-03
Vietnam Airlines,PQC0187,1.164.834 VND/khách,05:40,07 thg 5,07 thg 5,06:40,1h 0m,"Phú Quốc (PQC)
Sân bay Phú Quốc",Hành lý xách tay 1 x 12 kg,Hành lý 23 kg,2025-05-03
VietJet Air,PQC0071,1.294.000 VND/khách,11:35,07 thg 5,07 thg 5,12:35,1h 0m,"Phú Quốc (PQC)
Sân bay Phú Quốc",Hành lý xách tay 7 kg,Hành lý 0 kg,2025-05-03
Vietnam Airlines,PQC0208,1.378.620 VND/khách,08:10,07 thg 5,07 thg 5,08:55,45m,"Phú Quốc (PQC)
Sân bay Phú Quốc",Hành lý xách tay 1 x 12 kg,Hành lý 23 kg,2025-05-03
Vietnam Airlines,PQC0274,1.411.137 VND/khách,15:05,07 thg 5,07 thg 5,16:10,1h 5m,"Phú Quốc (PQC)
Sân bay Phú Quốc",Hành lý xách tay 1 x 12 kg,Hành lý 23 kg,2025-05-03
Vietnam Airlines,PQC0231,1.527.121 VND/khách,10:25,07 thg 5,07 thg 5,11:25,1h 0m,"Phú Quốc (PQC)
Sân bay Phú Quốc",Hành lý xách tay 1 x 12 kg,Hành lý 23 kg,2025-05-03
VietJet Air,PQC0047,1.579.000 VND/khách,09:20,07 thg 5,07 thg 5,10:20,1h 0m,"Phú Quốc (PQC)
Sân bay Phú Quốc",Hành lý xách tay 7 kg,Hành lý 0 kg,2025-05-03
Vietnam Airlines,PQC0256,1.788.210 VND/khách,13:05,07 thg 5,07 thg 5,14:00,55m,"Phú Quốc (PQC)
Sân bay Phú Quốc",Hành lý xách tay 1 x 12 kg,Hành lý 23 kg,2025-05-03
Vietravel Airlines,PQC0329,1.144.133 VND/khách,17:25,08 thg 5,08 thg 5,18:25,1h 0m,"Phú Quốc (PQC)
Sân bay Phú Quốc",Hành lý xách tay 7 kg,Hành lý 0 kg,2025-05-03
VietJet Air,PQC0023,1.155.000 VND/khách,05:55,08 thg 5,08 thg 5,06:55,1h 0m,"Phú Quốc (PQC)
Sân bay Phú Quốc",Hành lý xách tay 7 kg,Hành lý 0 kg,2025-05-03
Vietnam Airlines,PQC0188,1.277.721 VND/khách,05:40,08 thg 5,08 thg 5,06:40,1h 0m,"Phú Quốc (PQC)
Sân bay Phú Quốc",Hành lý xách tay 1 x 12 kg,Hành lý 23 kg,2025-05-03
VietJet Air,PQC0094,1.294.000 VND/khách,14:05,08 thg 5,08 thg 5,15:05,1h 0m,"Phú Quốc (PQC)
Sân bay Phú Quốc",Hành lý xách tay 7 kg,Hành lý 0 kg,2025-05-03
VietJet Air,PQC0115,1.294.000 VND/khách,15:40,08 thg 5,08 thg 5,16:40,1h 0m,"Phú Quốc (PQC)
Sân bay Phú Quốc",Hành lý xách tay 7 kg,Hành lý 0 kg,2025-05-03
VietJet Air,PQC0038,1.294.000 VND/khách,08:25,08 thg 5,08 thg 5,09:30,1h 5m,"Phú Quốc (PQC)
Sân bay Phú Quốc",Hành lý xách tay 7 kg,Hành lý 0 kg,2025-05-03
VietJet Air,PQC0138,1.294.000 VND/khách,17:10,08 thg 5,08 thg 5,18:15,1h 5m,"Phú Quốc (PQC)
Sân bay Phú Quốc",Hành lý xách tay 7 kg,Hành lý 0 kg,2025-05-03
VietJet Air,PQC0155,1.294.000 VND/khách,17:40,08 thg 5,08 thg 5,18:45,1h 5m,"Phú Quốc (PQC)
Sân bay Phú Quốc",Hành lý xách tay 7 kg,Hành lý 0 kg,2025-05-03
Vietnam Airlines,PQC0275,1.389.609 VND/khách,15:05,08 thg 5,08 thg 5,16:10,1h 5m,"Phú Quốc (PQC)
Sân bay Phú Quốc",Hành lý xách tay 1 x 12 kg,Hành lý 23 kg,2025-05-03
VietJet Air,PQC0048,1.410.000 VND/khách,09:20,08 thg 5,08 thg 5,10:20,1h 0m,"Phú Quốc (PQC)
Sân bay Phú Quốc",Hành lý xách tay 7 kg,Hành lý 0 kg,2025-05-03
VietJet Air,PQC0072,1.410.000 VND/khách,11:35,08 thg 5,08 thg 5,12:35,1h 0m,"Phú Quốc (PQC)
Sân bay Phú Quốc",Hành lý xách tay 7 kg,Hành lý 0 kg,2025-05-03
Vietnam Airlines,PQC0257,1.543.455 VND/khách,13:05,08 thg 5,08 thg 5,14:00,55m,"Phú Quốc (PQC)
Sân bay Phú Quốc",Hành lý xách tay 1 x 12 kg,Hành lý 23 kg,2025-05-03
Vietnam Airlines,PQC0209,1.698.300 VND/khách,08:10,08 thg 5,08 thg 5,08:55,45m,"Phú Quốc (PQC)
Sân bay Phú Quốc",Hành lý xách tay 1 x 12 kg,Hành lý 23 kg,2025-05-03
Vietnam Airlines,PQC0232,1.698.300 VND/khách,10:25,08 thg 5,08 thg 5,11:25,1h 0m,"Phú Quốc (PQC)
Sân bay Phú Quốc",Hành lý xách tay 1 x 12 kg,Hành lý 23 kg,2025-05-03
Bamboo Airways,PQC0007,1.222.830 VND/khách,16:30,09 thg 5,09 thg 5,17:30,1h 0m,"Phú Quốc (PQC)
Sân bay Phú Quốc",Hành lý xách tay 7 kg,Hành lý 0 kg,2025-05-03
Vietravel Airlines,PQC0330,1.155.105 VND/khách,17:25,09 thg 5,09 thg 5,18:25,1h 0m,"Phú Quốc (PQC)
Sân bay Phú Quốc",Hành lý xách tay 7 kg,Hành lý 0 kg,2025-05-03
VietJet Air,PQC0139,1.294.000 VND/khách,17:10,09 thg 5,09 thg 5,18:15,1h 5m,"Phú Quốc (PQC)
Sân bay Phú Quốc",Hành lý xách tay 7 kg,Hành lý 0 kg,2025-05-03
VietJet Air,PQC0024,1.410.000 VND/khách,05:55,09 thg 5,09 thg 5,06:55,1h 0m,"Phú Quốc (PQC)
Sân bay Phú Quốc",Hành lý xách tay 7 kg,Hành lý 0 kg,2025-05-03
VietJet Air,PQC0116,1.410.000 VND/khách,15:40,09 thg 5,09 thg 5,16:40,1h 0m,"Phú Quốc (PQC)
Sân bay Phú Quốc",Hành lý xách tay 7 kg,Hành lý 0 kg,2025-05-03
Vietnam Airlines,PQC0309,1.510.488 VND/khách,20:20,09 thg 5,09 thg 5,21:20,1h 0m,"Phú Quốc (PQC)
Sân bay Phú Quốc",Hành lý xách tay 1 x 12 kg,Hành lý 23 kg,2025-05-03
VietJet Air,PQC0095,1.579.000 VND/khách,14:05,09 thg 5,09 thg 5,15:05,1h 0m,"Phú Quốc (PQC)
Sân bay Phú Quốc",Hành lý xách tay 7 kg,Hành lý 0 kg,2025-05-03
VietJet Air,PQC0049,1.696.000 VND/khách,09:20,09 thg 5,09 thg 5,10:20,1h 0m,"Phú Quốc (PQC)
Sân bay Phú Quốc",Hành lý xách tay 7 kg,Hành lý 0 kg,2025-05-03
VietJet Air,PQC0073,1.696.000 VND/khách,11:35,09 thg 5,09 thg 5,12:35,1h 0m,"Phú Quốc (PQC)
Sân bay Phú Quốc",Hành lý xách tay 7 kg,Hành lý 0 kg,2025-05-03
Vietnam Airlines,PQC0276,1.716.282 VND/khách,15:05,09 thg 5,09 thg 5,16:10,1h 5m,"Phú Quốc (PQC)
Sân bay Phú Quốc",Hành lý xách tay 1 x 12 kg,Hành lý 23 kg,2025-05-03
Vietnam Airlines,PQC0189,1.746.252 VND/khách,05:40,09 thg 5,09 thg 5,06:40,1h 0m,"Phú Quốc (PQC)
Sân bay Phú Quốc",Hành lý xách tay 1 x 12 kg,Hành lý 23 kg,2025-05-03
Vietnam Airlines,PQC0233,1.844.827 VND/khách,10:25,09 thg 5,09 thg 5,11:25,1h 0m,"Phú Quốc (PQC)
Sân bay Phú Quốc",Hành lý xách tay 1 x 12 kg,Hành lý 23 kg,2025-05-03
Vietnam Airlines,PQC0249,1.900.671 VND/khách,13:00,09 thg 5,09 thg 5,14:00,1h 0m,"Phú Quốc (PQC)
Sân bay Phú Quốc",Hành lý xách tay 1 x 12 kg,Hành lý 23 kg,2025-05-03
Vietravel Airlines,PQC0331,964.583 VND/khách,17:25,10 thg 5,10 thg 5,18:25,1h 0m,"Phú Quốc (PQC)
Sân bay Phú Quốc",Hành lý xách tay 7 kg,Hành lý 0 kg,2025-05-03
VietJet Air,PQC0140,1.155.000 VND/khách,17:10,10 thg 5,10 thg 5,18:15,1h 5m,"Phú Quốc (PQC)
Sân bay Phú Quốc",Hành lý xách tay 7 kg,Hành lý 0 kg,2025-05-03
VietJet Air,PQC0025,1.294.000 VND/khách,05:55,10 thg 5,10 thg 5,06:55,1h 0m,"Phú Quốc (PQC)
Sân bay Phú Quốc",Hành lý xách tay 7 kg,Hành lý 0 kg,2025-05-03
VietJet Air,PQC0096,1.294.000 VND/khách,14:05,10 thg 5,10 thg 5,15:05,1h 0m,"Phú Quốc (PQC)
Sân bay Phú Quốc",Hành lý xách tay 7 kg,Hành lý 0 kg,2025-05-03
VietJet Air,PQC0117,1.294.000 VND/khách,15:40,10 thg 5,10 thg 5,16:40,1h 0m,"Phú Quốc (PQC)
Sân bay Phú Quốc",Hành lý xách tay 7 kg,Hành lý 0 kg,2025-05-03
VietJet Air,PQC0074,1.410.000 VND/khách,11:35,10 thg 5,10 thg 5,12:35,1h 0m,"Phú Quốc (PQC)
Sân bay Phú Quốc",Hành lý xách tay 7 kg,Hành lý 0 kg,2025-05-03
Vietnam Airlines,PQC0277,1.502.496 VND/khách,15:05,10 thg 5,10 thg 5,16:10,1h 5m,"Phú Quốc (PQC)
Sân bay Phú Quốc",Hành lý xách tay 1 x 12 kg,Hành lý 23 kg,2025-05-03
VietJet Air,PQC0050,1.579.000 VND/khách,09:20,10 thg 5,10 thg 5,10:20,1h 0m,"Phú Quốc (PQC)
Sân bay Phú Quốc",Hành lý xách tay 7 kg,Hành lý 0 kg,2025-05-03
Vietnam Airlines,PQC0258,1.754.858 VND/khách,13:05,10 thg 5,10 thg 5,14:00,55m,"Phú Quốc (PQC)
Sân bay Phú Quốc",Hành lý xách tay 1 x 12 kg,Hành lý 23 kg,2025-05-03
Vietnam Airlines,PQC0234,1.900.671 VND/khách,10:25,10 thg 5,10 thg 5,11:25,1h 0m,"Phú Quốc (PQC)
Sân bay Phú Quốc",Hành lý xách tay 1 x 12 kg,Hành lý 23 kg,2025-05-03
Vietnam Airlines,PQC0211,1.954.392 VND/khách,08:10,10 thg 5,10 thg 5,08:55,45m,"Phú Quốc (PQC)
Sân bay Phú Quốc",Hành lý xách tay 1 x 12 kg,Hành lý 23 kg,2025-05-03
Vietnam Airlines,PQC0190,1.954.392 VND/khách,05:40,10 thg 5,10 thg 5,06:40,1h 0m,"Phú Quốc (PQC)
Sân bay Phú Quốc",Hành lý xách tay 1 x 12 kg,Hành lý 23 kg,2025-05-03
Bamboo Airways,PQC0008,829.158 VND/khách,16:30,11 thg 5,11 thg 5,17:30,1h 0m,"Phú Quốc (PQC)
Sân bay Phú Quốc",Hành lý xách tay 7 kg,Hành lý 0 kg,2025-05-03
Vietravel Airlines,PQC0332,754.110 VND/khách,17:25,11 thg 5,11 thg 5,18:25,1h 0m,"Phú Quốc (PQC)
Sân bay Phú Quốc",Hành lý xách tay 7 kg,Hành lý 0 kg,2025-05-03
VietJet Air,PQC0141,816.000 VND/khách,17:10,11 thg 5,11 thg 5,18:15,1h 5m,"Phú Quốc (PQC)
Sân bay Phú Quốc",Hành lý xách tay 7 kg,Hành lý 0 kg,2025-05-03
VietJet Air,PQC0026,1.046.000 VND/khách,05:55,11 thg 5,11 thg 5,06:55,1h 0m,"Phú Quốc (PQC)
Sân bay Phú Quốc",Hành lý xách tay 7 kg,Hành lý 0 kg,2025-05-03
VietJet Air,PQC0118,1.046.000 VND/khách,15:40,11 thg 5,11 thg 5,16:40,1h 0m,"Phú Quốc (PQC)
Sân bay Phú Quốc",Hành lý xách tay 7 kg,Hành lý 0 kg,2025-05-03
VietJet Air,PQC0051,1.155.000 VND/khách,09:20,11 thg 5,11 thg 5,10:20,1h 0m,"Phú Quốc (PQC)
Sân bay Phú Quốc",Hành lý xách tay 7 kg,Hành lý 0 kg,2025-05-03
VietJet Air,PQC0075,1.155.000 VND/khách,11:35,11 thg 5,11 thg 5,12:35,1h 0m,"Phú Quốc (PQC)
Sân bay Phú Quốc",Hành lý xách tay 7 kg,Hành lý 0 kg,2025-05-03
VietJet Air,PQC0097,1.155.000 VND/khách,14:05,11 thg 5,11 thg 5,15:05,1h 0m,"Phú Quốc (PQC)
Sân bay Phú Quốc",Hành lý xách tay 7 kg,Hành lý 0 kg,2025-05-03
Vietnam Airlines,PQC0191,1.164.834 VND/khách,05:40,11 thg 5,11 thg 5,06:40,1h 0m,"Phú Quốc (PQC)
Sân bay Phú Quốc",Hành lý xách tay 1 x 12 kg,Hành lý 23 kg,2025-05-03
Vietnam Airlines,PQC0310,1.164.834 VND/khách,20:20,11 thg 5,11 thg 5,21:20,1h 0m,"Phú Quốc (PQC)
Sân bay Phú Quốc",Hành lý xách tay 1 x 12 kg,Hành lý 23 kg,2025-05-03
Vietnam Airlines,PQC0259,1.277.721 VND/khách,13:05,11 thg 5,11 thg 5,14:00,55m,"Phú Quốc (PQC)
Sân bay Phú Quốc",Hành lý xách tay 1 x 12 kg,Hành lý 23 kg,2025-05-03
Vietnam Airlines,PQC0278,1.277.721 VND/khách,15:05,11 thg 5,11 thg 5,16:10,1h 5m,"Phú Quốc (PQC)
Sân bay Phú Quốc",Hành lý xách tay 1 x 12 kg,Hành lý 23 kg,2025-05-03
Vietnam Airlines,PQC0235,1.389.609 VND/khách,10:25,11 thg 5,11 thg 5,11:25,1h 0m,"Phú Quốc (PQC)
Sân bay Phú Quốc",Hành lý xách tay 1 x 12 kg,Hành lý 23 kg,2025-05-03
Vietnam Airlines,PQC0212,1.502.496 VND/khách,08:10,11 thg 5,11 thg 5,08:55,45m,"Phú Quốc (PQC)
Sân bay Phú Quốc",Hành lý xách tay 1 x 12 kg,Hành lý 23 kg,2025-05-03
Bamboo Airways,PQC0005,1.136.413 VND/khách,16:30,05 thg 5,05 thg 5,17:30,1h 0m,"Phú Quốc (PQC)
Sân bay Phú Quốc",Hành lý xách tay 7 kg,Hành lý 0 kg,2025-05-04
VietJet Air,PQC0135,1.084.000 VND/khách,17:10,05 thg 5,05 thg 5,18:15,1h 5m,"Phú Quốc (PQC)
Sân bay Phú Quốc",Hành lý xách tay 7 kg,Hành lý 0 kg,2025-05-04
Vietravel Airlines,PQC0326,1.086.278 VND/khách,17:25,05 thg 5,05 thg 5,18:25,1h 0m,"Phú Quốc (PQC)
Sân bay Phú Quốc",Hành lý xách tay 7 kg,Hành lý 0 kg,2025-05-04
Vietnam Airlines,PQC0170,1.109.365 VND/khách,05:25,05 thg 5,05 thg 5,06:20,55m,"Phú Quốc (PQC)
Sân bay Phú Quốc",Hành lý xách tay 1 x 12 kg,Hành lý 23 kg,2025-05-04
VietJet Air,PQC0020,1.195.000 VND/khách,05:55,05 thg 5,05 thg 5,06:55,1h 0m,"Phú Quốc (PQC)
Sân bay Phú Quốc",Hành lý xách tay 7 kg,Hành lý 0 kg,2025-05-04
VietJet Air,PQC0091,1.195.000 VND/khách,14:05,05 thg 5,05 thg 5,15:05,1h 0m,"Phú Quốc (PQC)
Sân bay Phú Quốc",Hành lý xách tay 7 kg,Hành lý 0 kg,2025-05-04
VietJet Air,PQC0112,1.195.000 VND/khách,15:40,05 thg 5,05 thg 5,16:40,1h 0m,"Phú Quốc (PQC)
Sân bay Phú Quốc",Hành lý xách tay 7 kg,Hành lý 0 kg,2025-05-04
Vietnam Airlines,PQC0308,1.279.719 VND/khách,20:20,05 thg 5,05 thg 5,21:20,1h 0m,"Phú Quốc (PQC)
Sân bay Phú Quốc",Hành lý xách tay 1 x 12 kg,Hành lý 23 kg,2025-05-04
VietJet Air,PQC0045,1.341.000 VND/khách,09:20,05 thg 5,05 thg 5,10:20,1h 0m,"Phú Quốc (PQC)
Sân bay Phú Quốc",Hành lý xách tay 7 kg,Hành lý 0 kg,2025-05-04
Vietnam Airlines,PQC0185,1.396.602 VND/khách,05:40,05 thg 5,05 thg 5,06:40,1h 0m,"Phú Quốc (PQC)
Sân bay Phú Quốc",Hành lý xách tay 1 x 12 kg,Hành lý 23 kg,2025-05-04
Vietnam Airlines,PQC0272,1.508.490 VND/khách,15:05,05 thg 5,05 thg 5,16:10,1h 5m,"Phú Quốc (PQC)
Sân bay Phú Quốc",Hành lý xách tay 1 x 12 kg,Hành lý 23 kg,2025-05-04
Vietnam Airlines,PQC0254,1.735.463 VND/khách,13:05,05 thg 5,05 thg 5,14:00,55m,"Phú Quốc (PQC)
Sân bay Phú Quốc",Hành lý xách tay 1 x 12 kg,Hành lý 23 kg,2025-05-04
Vietnam Airlines,PQC0229,1.744.254 VND/khách,10:25,05 thg 5,05 thg 5,11:25,1h 0m,"Phú Quốc (PQC)
Sân bay Phú Quốc",Hành lý xách tay 1 x 12 kg,Hành lý 23 kg,2025-05-04
Vietnam Airlines,PQC0206,1.844.717 VND/khách,08:10,05 thg 5,05 thg 5,08:55,45m,"Phú Quốc (PQC)
Sân bay Phú Quốc",Hành lý xách tay 1 x 12 kg,Hành lý 23 kg,2025-05-04
VietJet Air,PQC0086,1.933.321 VND/khách,11:45,05 thg 5,05 thg 5,12:40,55m,"Phú Quốc (PQC)
Sân bay Phú Quốc",Hành lý xách tay 7 kg,Hành lý 0 kg,2025-05-04
VietJet Air,PQC0021,1.018.000 VND/khách,05:55,06 thg 5,06 thg 5,06:55,1h 0m,"Phú Quốc (PQC)
Sân bay Phú Quốc",Hành lý xách tay 7 kg,Hành lý 0 kg,2025-05-04
VietJet Air,PQC0136,1.018.000 VND/khách,17:10,06 thg 5,06 thg 5,18:15,1h 5m,"Phú Quốc (PQC)
Sân bay Phú Quốc",Hành lý xách tay 7 kg,Hành lý 0 kg,2025-05-04
Vietravel Airlines,PQC0327,1.075.305 VND/khách,17:25,06 thg 5,06 thg 5,18:25,1h 0m,"Phú Quốc (PQC)
Sân bay Phú Quốc",Hành lý xách tay 7 kg,Hành lý 0 kg,2025-05-04
VietJet Air,PQC0064,1.127.000 VND/khách,11:30,06 thg 5,06 thg 5,12:30,1h 0m,"Phú Quốc (PQC)
Sân bay Phú Quốc",Hành lý xách tay 7 kg,Hành lý 0 kg,2025-05-04
VietJet Air,PQC0070,1.127.000 VND/khách,11:35,06 thg 5,06 thg 5,12:35,1h 0m,"Phú Quốc (PQC)
Sân bay Phú Quốc",Hành lý xách tay 7 kg,Hành lý 0 kg,2025-05-04
VietJet Air,PQC0092,1.127.000 VND/khách,14:05,06 thg 5,06 thg 5,15:05,1h 0m,"Phú Quốc (PQC)
Sân bay Phú Quốc",Hành lý xách tay 7 kg,Hành lý 0 kg,2025-05-04
Vietnam Airlines,PQC0186,1.168.830 VND/khách,05:40,06 thg 5,06 thg 5,06:40,1h 0m,"Phú Quốc (PQC)
Sân bay Phú Quốc",Hành lý xách tay 1 x 12 kg,Hành lý 23 kg,2025-05-04
VietJet Air,PQC0046,1.277.000 VND/khách,09:20,06 thg 5,06 thg 5,10:20,1h 0m,"Phú Quốc (PQC)
Sân bay Phú Quốc",Hành lý xách tay 7 kg,Hành lý 0 kg,2025-05-04
Vietnam Airlines,PQC0273,1.392.606 VND/khách,15:05,06 thg 5,06 thg 5,16:10,1h 5m,"Phú Quốc (PQC)
Sân bay Phú Quốc",Hành lý xách tay 1 x 12 kg,Hành lý 23 kg,2025-05-04
Vietnam Airlines,PQC0207,1.505.493 VND/khách,08:10,06 thg 5,06 thg 5,08:55,45m,"Phú Quốc (PQC)
Sân bay Phú Quốc",Hành lý xách tay 1 x 12 kg,Hành lý 23 kg,2025-05-04
Vietnam Airlines,PQC0230,1.541.457 VND/khách,10:25,06 thg 5,06 thg 5,11:25,1h 0m,"Phú Quốc (PQC)
Sân bay Phú Quốc",Hành lý xách tay 1 x 12 kg,Hành lý 23 kg,2025-05-04
Vietnam Airlines,PQC0255,1.702.296 VND/khách,13:05,06 thg 5,06 thg 5,14:00,55m,"Phú Quốc (PQC)
Sân bay Phú Quốc",Hành lý xách tay 1 x 12 kg,Hành lý 23 kg,2025-05-04
VietJet Air,PQC0113,1.886.000 VND/khách,15:40,06 thg 5,06 thg 5,16:40,1h 0m,"Phú Quốc (PQC)
Sân bay Phú Quốc",Hành lý xách tay 7 kg,Hành lý 0 kg,2025-05-04
Bamboo Airways,PQC0006,806.903 VND/khách,16:30,07 thg 5,07 thg 5,17:30,1h 0m,"Phú Quốc (PQC)
Sân bay Phú Quốc",Hành lý xách tay 7 kg,Hành lý 0 kg,2025-05-04
Vietravel Airlines,PQC0328,808.973 VND/khách,17:25,07 thg 5,07 thg 5,18:25,1h 0m,"Phú Quốc (PQC)
Sân bay Phú Quốc",Hành lý xách tay 7 kg,Hành lý 0 kg,2025-05-04
VietJet Air,PQC0022,1.018.000 VND/khách,05:55,07 thg 5,07 thg 5,06:55,1h 0m,"Phú Quốc (PQC)
Sân bay Phú Quốc",Hành lý xách tay 7 kg,Hành lý 0 kg,2025-05-04
VietJet Air,PQC0114,1.018.000 VND/khách,15:40,07 thg 5,07 thg 5,16:40,1h 0m,"Phú Quốc (PQC)
Sân bay Phú Quốc",Hành lý xách tay 7 kg,Hành lý 0 kg,2025-05-04
VietJet Air,PQC0137,1.018.000 VND/khách,17:10,07 thg 5,07 thg 5,18:15,1h 5m,"Phú Quốc (PQC)
Sân bay Phú Quốc",Hành lý xách tay 7 kg,Hành lý 0 kg,2025-05-04
VietJet Air,PQC0093,1.127.000 VND/khách,14:05,07 thg 5,07 thg 5,15:05,1h 0m,"Phú Quốc (PQC)
Sân bay Phú Quốc",Hành lý xách tay 7 kg,Hành lý 0 kg,2025-05-04
Vietnam Airlines,PQC0187,1.275.723 VND/khách,05:40,07 thg 5,07 thg 5,06:40,1h 0m,"Phú Quốc (PQC)
Sân bay Phú Quốc",Hành lý xách tay 1 x 12 kg,Hành lý 23 kg,2025-05-04
VietJet Air,PQC0071,1.277.000 VND/khách,11:35,07 thg 5,07 thg 5,12:35,1h 0m,"Phú Quốc (PQC)
Sân bay Phú Quốc",Hành lý xách tay 7 kg,Hành lý 0 kg,2025-05-04
Vietnam Airlines,PQC0208,1.392.606 VND/khách,08:10,07 thg 5,07 thg 5,08:55,45m,"Phú Quốc (PQC)
Sân bay Phú Quốc",Hành lý xách tay 1 x 12 kg,Hành lý 23 kg,2025-05-04
Vietnam Airlines,PQC0274,1.392.606 VND/khách,15:05,07 thg 5,07 thg 5,16:10,1h 5m,"Phú Quốc (PQC)
Sân bay Phú Quốc",Hành lý xách tay 1 x 12 kg,Hành lý 23 kg,2025-05-04
Vietnam Airlines,PQC0231,1.508.490 VND/khách,10:25,07 thg 5,07 thg 5,11:25,1h 0m,"Phú Quốc (PQC)
Sân bay Phú Quốc",Hành lý xách tay 1 x 12 kg,Hành lý 23 kg,2025-05-04
VietJet Air,PQC0047,1.582.000 VND/khách,09:20,07 thg 5,07 thg 5,10:20,1h 0m,"Phú Quốc (PQC)
Sân bay Phú Quốc",Hành lý xách tay 7 kg,Hành lý 0 kg,2025-05-04
Vietnam Airlines,PQC0256,1.798.200 VND/khách,13:05,07 thg 5,07 thg 5,14:00,55m,"Phú Quốc (PQC)
Sân bay Phú Quốc",Hành lý xách tay 1 x 12 kg,Hành lý 23 kg,2025-05-04
VietJet Air,PQC0023,1.127.000 VND/khách,05:55,08 thg 5,08 thg 5,06:55,1h 0m,"Phú Quốc (PQC)
Sân bay Phú Quốc",Hành lý xách tay 7 kg,Hành lý 0 kg,2025-05-04
Vietravel Airlines,PQC0329,1.131.165 VND/khách,17:25,08 thg 5,08 thg 5,18:25,1h 0m,"Phú Quốc (PQC)
Sân bay Phú Quốc",Hành lý xách tay 7 kg,Hành lý 0 kg,2025-05-04
VietJet Air,PQC0094,1.277.000 VND/khách,14:05,08 thg 5,08 thg 5,15:05,1h 0m,"Phú Quốc (PQC)
Sân bay Phú Quốc",Hành lý xách tay 7 kg,Hành lý 0 kg,2025-05-04
VietJet Air,PQC0115,1.277.000 VND/khách,15:40,08 thg 5,08 thg 5,16:40,1h 0m,"Phú Quốc (PQC)
Sân bay Phú Quốc",Hành lý xách tay 7 kg,Hành lý 0 kg,2025-05-04
VietJet Air,PQC0038,1.277.000 VND/khách,08:25,08 thg 5,08 thg 5,09:30,1h 5m,"Phú Quốc (PQC)
Sân bay Phú Quốc",Hành lý xách tay 7 kg,Hành lý 0 kg,2025-05-04
VietJet Air,PQC0138,1.277.000 VND/khách,17:10,08 thg 5,08 thg 5,18:15,1h 5m,"Phú Quốc (PQC)
Sân bay Phú Quốc",Hành lý xách tay 7 kg,Hành lý 0 kg,2025-05-04
VietJet Air,PQC0155,1.277.000 VND/khách,17:40,08 thg 5,08 thg 5,18:45,1h 5m,"Phú Quốc (PQC)
Sân bay Phú Quốc",Hành lý xách tay 7 kg,Hành lý 0 kg,2025-05-04
Vietnam Airlines,PQC0188,1.279.719 VND/khách,05:40,08 thg 5,08 thg 5,06:40,1h 0m,"Phú Quốc (PQC)
Sân bay Phú Quốc",Hành lý xách tay 1 x 12 kg,Hành lý 23 kg,2025-05-04
Vietnam Airlines,PQC0275,1.392.606 VND/khách,15:05,08 thg 5,08 thg 5,16:10,1h 5m,"Phú Quốc (PQC)
Sân bay Phú Quốc",Hành lý xách tay 1 x 12 kg,Hành lý 23 kg,2025-05-04
VietJet Air,PQC0048,1.447.217 VND/khách,09:20,08 thg 5,08 thg 5,10:20,1h 0m,"Phú Quốc (PQC)
Sân bay Phú Quốc",Hành lý xách tay 7 kg,Hành lý 0 kg,2025-05-04
VietJet Air,PQC0072,1.447.217 VND/khách,11:35,08 thg 5,08 thg 5,12:35,1h 0m,"Phú Quốc (PQC)
Sân bay Phú Quốc",Hành lý xách tay 7 kg,Hành lý 0 kg,2025-05-04
Vietnam Airlines,PQC0257,1.570.428 VND/khách,13:05,08 thg 5,08 thg 5,14:00,55m,"Phú Quốc (PQC)
Sân bay Phú Quốc",Hành lý xách tay 1 x 12 kg,Hành lý 23 kg,2025-05-04
Vietnam Airlines,PQC0232,1.704.294 VND/khách,10:25,08 thg 5,08 thg 5,11:25,1h 0m,"Phú Quốc (PQC)
Sân bay Phú Quốc",Hành lý xách tay 1 x 12 kg,Hành lý 23 kg,2025-05-04
Vietnam Airlines,PQC0209,1.715.283 VND/khách,08:10,08 thg 5,08 thg 5,08:55,45m,"Phú Quốc (PQC)
Sân bay Phú Quốc",Hành lý xách tay 1 x 12 kg,Hành lý 23 kg,2025-05-04
Bamboo Airways,PQC0007,1.117.555 VND/khách,16:30,09 thg 5,09 thg 5,17:30,1h 0m,"Phú Quốc (PQC)
Sân bay Phú Quốc",Hành lý xách tay 7 kg,Hành lý 0 kg,2025-05-04
Vietravel Airlines,PQC0330,1.154.108 VND/khách,17:25,09 thg 5,09 thg 5,18:25,1h 0m,"Phú Quốc (PQC)
Sân bay Phú Quốc",Hành lý xách tay 7 kg,Hành lý 0 kg,2025-05-04
VietJet Air,PQC0139,1.277.000 VND/khách,17:10,09 thg 5,09 thg 5,18:15,1h 5m,"Phú Quốc (PQC)
Sân bay Phú Quốc",Hành lý xách tay 7 kg,Hành lý 0 kg,2025-05-04
VietJet Air,PQC0024,1.447.217 VND/khách,05:55,09 thg 5,09 thg 5,06:55,1h 0m,"Phú Quốc (PQC)
Sân bay Phú Quốc",Hành lý xách tay 7 kg,Hành lý 0 kg,2025-05-04
VietJet Air,PQC0116,1.447.217 VND/khách,15:40,09 thg 5,09 thg 5,16:40,1h 0m,"Phú Quốc (PQC)
Sân bay Phú Quốc",Hành lý xách tay 7 kg,Hành lý 0 kg,2025-05-04
Vietnam Airlines,PQC0309,1.508.490 VND/khách,20:20,09 thg 5,09 thg 5,21:20,1h 0m,"Phú Quốc (PQC)
Sân bay Phú Quốc",Hành lý xách tay 1 x 12 kg,Hành lý 23 kg,2025-05-04
VietJet Air,PQC0095,1.567.000 VND/khách,14:05,09 thg 5,09 thg 5,15:05,1h 0m,"Phú Quốc (PQC)
Sân bay Phú Quốc",Hành lý xách tay 7 kg,Hành lý 0 kg,2025-05-04
VietJet Air,PQC0049,1.683.000 VND/khách,09:20,09 thg 5,09 thg 5,10:20,1h 0m,"Phú Quốc (PQC)
Sân bay Phú Quốc",Hành lý xách tay 7 kg,Hành lý 0 kg,2025-05-04
VietJet Air,PQC0073,1.683.000 VND/khách,11:35,09 thg 5,09 thg 5,12:35,1h 0m,"Phú Quốc (PQC)
Sân bay Phú Quốc",Hành lý xách tay 7 kg,Hành lý 0 kg,2025-05-04
Vietnam Airlines,PQC0276,1.711.287 VND/khách,15:05,09 thg 5,09 thg 5,16:10,1h 5m,"Phú Quốc (PQC)
Sân bay Phú Quốc",Hành lý xách tay 1 x 12 kg,Hành lý 23 kg,2025-05-04
Vietnam Airlines,PQC0189,1.744.254 VND/khách,05:40,09 thg 5,09 thg 5,06:40,1h 0m,"Phú Quốc (PQC)
Sân bay Phú Quốc",Hành lý xách tay 1 x 12 kg,Hành lý 23 kg,2025-05-04
Vietnam Airlines,PQC0233,1.900.556 VND/khách,10:25,09 thg 5,09 thg 5,11:25,1h 0m,"Phú Quốc (PQC)
Sân bay Phú Quốc",Hành lý xách tay 1 x 12 kg,Hành lý 23 kg,2025-05-04
Vietnam Airlines,PQC0249,1.900.556 VND/khách,13:00,09 thg 5,09 thg 5,14:00,1h 0m,"Phú Quốc (PQC)
Sân bay Phú Quốc",Hành lý xách tay 1 x 12 kg,Hành lý 23 kg,2025-05-04
Vietravel Airlines,PQC0331,951.615 VND/khách,17:25,10 thg 5,10 thg 5,18:25,1h 0m,"Phú Quốc (PQC)
Sân bay Phú Quốc",Hành lý xách tay 7 kg,Hành lý 0 kg,2025-05-04
VietJet Air,PQC0140,1.127.000 VND/khách,17:10,10 thg 5,10 thg 5,18:15,1h 5m,"Phú Quốc (PQC)
Sân bay Phú Quốc",Hành lý xách tay 7 kg,Hành lý 0 kg,2025-05-04
VietJet Air,PQC0025,1.277.000 VND/khách,05:55,10 thg 5,10 thg 5,06:55,1h 0m,"Phú Quốc (PQC)
Sân bay Phú Quốc",Hành lý xách tay 7 kg,Hành lý 0 kg,2025-05-04
VietJet Air,PQC0096,1.277.000 VND/khách,14:05,10 thg 5,10 thg 5,15:05,1h 0m,"Phú Quốc (PQC)
Sân bay Phú Quốc",Hành lý xách tay 7 kg,Hành lý 0 kg,2025-05-04
VietJet Air,PQC0117,1.277.000 VND/khách,15:40,10 thg 5,10 thg 5,16:40,1h 0m,"Phú Quốc (PQC)
Sân bay Phú Quốc",Hành lý xách tay 7 kg,Hành lý 0 kg,2025-05-04
VietJet Air,PQC0074,1.447.217 VND/khách,11:35,10 thg 5,10 thg 5,12:35,1h 0m,"Phú Quốc (PQC)
Sân bay Phú Quốc",Hành lý xách tay 7 kg,Hành lý 0 kg,2025-05-04
Vietnam Airlines,PQC0277,1.508.490 VND/khách,15:05,10 thg 5,10 thg 5,16:10,1h 5m,"Phú Quốc (PQC)
Sân bay Phú Quốc",Hành lý xách tay 1 x 12 kg,Hành lý 23 kg,2025-05-04
VietJet Air,PQC0050,1.567.000 VND/khách,09:20,10 thg 5,10 thg 5,10:20,1h 0m,"Phú Quốc (PQC)
Sân bay Phú Quốc",Hành lý xách tay 7 kg,Hành lý 0 kg,2025-05-04
Vietnam Airlines,PQC0258,1.801.197 VND/khách,13:05,10 thg 5,10 thg 5,14:00,55m,"Phú Quốc (PQC)
Sân bay Phú Quốc",Hành lý xách tay 1 x 12 kg,Hành lý 23 kg,2025-05-04
Vietnam Airlines,PQC0190,1.900.556 VND/khách,05:40,10 thg 5,10 thg 5,06:40,1h 0m,"Phú Quốc (PQC)
Sân bay Phú Quốc",Hành lý xách tay 1 x 12 kg,Hành lý 23 kg,2025-05-04
Vietnam Airlines,PQC0234,1.900.556 VND/khách,10:25,10 thg 5,10 thg 5,11:25,1h 0m,"Phú Quốc (PQC)
Sân bay Phú Quốc",Hành lý xách tay 1 x 12 kg,Hành lý 23 kg,2025-05-04
Vietnam Airlines,PQC0211,1.959.445 VND/khách,08:10,10 thg 5,10 thg 5,08:55,45m,"Phú Quốc (PQC)
Sân bay Phú Quốc",Hành lý xách tay 1 x 12 kg,Hành lý 23 kg,2025-05-04
Bamboo Airways,PQC0008,806.903 VND/khách,16:30,11 thg 5,11 thg 5,17:30,1h 0m,"Phú Quốc (PQC)
Sân bay Phú Quốc",Hành lý xách tay 7 kg,Hành lý 0 kg,2025-05-04
Vietravel Airlines,PQC0332,742.140 VND/khách,17:25,11 thg 5,11 thg 5,18:25,1h 0m,"Phú Quốc (PQC)
Sân bay Phú Quốc",Hành lý xách tay 7 kg,Hành lý 0 kg,2025-05-04
VietJet Air,PQC0141,815.000 VND/khách,17:10,11 thg 5,11 thg 5,18:15,1h 5m,"Phú Quốc (PQC)
Sân bay Phú Quốc",Hành lý xách tay 7 kg,Hành lý 0 kg,2025-05-04
VietJet Air,PQC0026,1.033.000 VND/khách,05:55,11 thg 5,11 thg 5,06:55,1h 0m,"Phú Quốc (PQC)
Sân bay Phú Quốc",Hành lý xách tay 7 kg,Hành lý 0 kg,2025-05-04
VietJet Air,PQC0118,1.033.000 VND/khách,15:40,11 thg 5,11 thg 5,16:40,1h 0m,"Phú Quốc (PQC)
Sân bay Phú Quốc",Hành lý xách tay 7 kg,Hành lý 0 kg,2025-05-04
VietJet Air,PQC0075,1.127.000 VND/khách,11:35,11 thg 5,11 thg 5,12:35,1h 0m,"Phú Quốc (PQC)
Sân bay Phú Quốc",Hành lý xách tay 7 kg,Hành lý 0 kg,2025-05-04
VietJet Air,PQC0097,1.127.000 VND/khách,14:05,11 thg 5,11 thg 5,15:05,1h 0m,"Phú Quốc (PQC)
Sân bay Phú Quốc",Hành lý xách tay 7 kg,Hành lý 0 kg,2025-05-04
Vietnam Airlines,PQC0191,1.166.832 VND/khách,05:40,11 thg 5,11 thg 5,06:40,1h 0m,"Phú Quốc (PQC)
Sân bay Phú Quốc",Hành lý xách tay 1 x 12 kg,Hành lý 23 kg,2025-05-04
Vietnam Airlines,PQC0310,1.166.832 VND/khách,20:20,11 thg 5,11 thg 5,21:20,1h 0m,"Phú Quốc (PQC)
Sân bay Phú Quốc",Hành lý xách tay 1 x 12 kg,Hành lý 23 kg,2025-05-04
VietJet Air,PQC0051,1.273.000 VND/khách,09:20,11 thg 5,11 thg 5,10:20,1h 0m,"Phú Quốc (PQC)
Sân bay Phú Quốc",Hành lý xách tay 7 kg,Hành lý 0 kg,2025-05-04
Vietnam Airlines,PQC0278,1.279.719 VND/khách,15:05,11 thg 5,11 thg 5,16:10,1h 5m,"Phú Quốc (PQC)
Sân bay Phú Quốc",Hành lý xách tay 1 x 12 kg,Hành lý 23 kg,2025-05-04
Vietnam Airlines,PQC0259,1.373.625 VND/khách,13:05,11 thg 5,11 thg 5,14:00,55m,"Phú Quốc (PQC)
Sân bay Phú Quốc",Hành lý xách tay 1 x 12 kg,Hành lý 23 kg,2025-05-04
Vietnam Airlines,PQC0235,1.373.625 VND/khách,10:25,11 thg 5,11 thg 5,11:25,1h 0m,"Phú Quốc (PQC)
Sân bay Phú Quốc",Hành lý xách tay 1 x 12 kg,Hành lý 23 kg,2025-05-04
Vietnam Airlines,PQC0212,1.489.509 VND/khách,08:10,11 thg 5,11 thg 5,08:55,45m,"Phú Quốc (PQC)
Sân bay Phú Quốc",Hành lý xách tay 1 x 12 kg,Hành lý 23 kg,2025-05-04
VietJet Air,PQC0021,1.051.550 VND/khách,05:55,06 thg 5,06 thg 5,06:55,1h 0m,"Phú Quốc (PQC)
Sân bay Phú Quốc",Hành lý xách tay 7 kg,Hành lý 0 kg,2025-05-05
VietJet Air,PQC0113,1.051.550 VND/khách,15:40,06 thg 5,06 thg 5,16:40,1h 0m,"Phú Quốc (PQC)
Sân bay Phú Quốc",Hành lý xách tay 7 kg,Hành lý 0 kg,2025-05-05
VietJet Air,PQC0136,1.051.550 VND/khách,17:10,06 thg 5,06 thg 5,18:15,1h 5m,"Phú Quốc (PQC)
Sân bay Phú Quốc",Hành lý xách tay 7 kg,Hành lý 0 kg,2025-05-05
Vietravel Airlines,PQC0327,1.077.300 VND/khách,17:25,06 thg 5,06 thg 5,18:25,1h 0m,"Phú Quốc (PQC)
Sân bay Phú Quốc",Hành lý xách tay 7 kg,Hành lý 0 kg,2025-05-05
VietJet Air,PQC0064,1.164.598 VND/khách,11:30,06 thg 5,06 thg 5,12:30,1h 0m,"Phú Quốc (PQC)
Sân bay Phú Quốc",Hành lý xách tay 7 kg,Hành lý 0 kg,2025-05-05
VietJet Air,PQC0070,1.164.598 VND/khách,11:35,06 thg 5,06 thg 5,12:35,1h 0m,"Phú Quốc (PQC)
Sân bay Phú Quốc",Hành lý xách tay 7 kg,Hành lý 0 kg,2025-05-05
VietJet Air,PQC0092,1.164.598 VND/khách,14:05,06 thg 5,06 thg 5,15:05,1h 0m,"Phú Quốc (PQC)
Sân bay Phú Quốc",Hành lý xách tay 7 kg,Hành lý 0 kg,2025-05-05
Vietnam Airlines,PQC0186,1.168.830 VND/khách,05:40,06 thg 5,06 thg 5,06:40,1h 0m,"Phú Quốc (PQC)
Sân bay Phú Quốc",Hành lý xách tay 10 kg,Hành lý 23 kg,2025-05-05
VietJet Air,PQC0046,1.262.000 VND/khách,09:20,06 thg 5,06 thg 5,10:20,1h 0m,"Phú Quốc (PQC)
Sân bay Phú Quốc",Hành lý xách tay 7 kg,Hành lý 0 kg,2025-05-05
Vietnam Airlines,PQC0273,1.393.605 VND/khách,15:05,06 thg 5,06 thg 5,16:10,1h 5m,"Phú Quốc (PQC)
Sân bay Phú Quốc",Hành lý xách tay 10 kg,Hành lý 23 kg,2025-05-05
Vietnam Airlines,PQC0207,1.509.489 VND/khách,08:10,06 thg 5,06 thg 5,08:55,45m,"Phú Quốc (PQC)
Sân bay Phú Quốc",Hành lý xách tay 10 kg,Hành lý 23 kg,2025-05-05
Vietnam Airlines,PQC0230,1.543.455 VND/khách,10:25,06 thg 5,06 thg 5,11:25,1h 0m,"Phú Quốc (PQC)
Sân bay Phú Quốc",Hành lý xách tay 10 kg,Hành lý 23 kg,2025-05-05
Vietnam Airlines,PQC0255,1.717.281 VND/khách,13:05,06 thg 5,06 thg 5,14:00,55m,"Phú Quốc (PQC)
Sân bay Phú Quốc",Hành lý xách tay 10 kg,Hành lý 23 kg,2025-05-05
Bamboo Airways,PQC0006,826.753 VND/khách,16:30,07 thg 5,07 thg 5,17:30,1h 0m,"Phú Quốc (PQC)
Sân bay Phú Quốc",Hành lý xách tay 7 kg,Hành lý 0 kg,2025-05-05
Vietravel Airlines,PQC0328,829.920 VND/khách,17:25,07 thg 5,07 thg 5,18:25,1h 0m,"Phú Quốc (PQC)
Sân bay Phú Quốc",Hành lý xách tay 7 kg,Hành lý 0 kg,2025-05-05
VietJet Air,PQC0022,1.051.550 VND/khách,05:55,07 thg 5,07 thg 5,06:55,1h 0m,"Phú Quốc (PQC)
Sân bay Phú Quốc",Hành lý xách tay 7 kg,Hành lý 0 kg,2025-05-05
VietJet Air,PQC0114,1.051.550 VND/khách,15:40,07 thg 5,07 thg 5,16:40,1h 0m,"Phú Quốc (PQC)
Sân bay Phú Quốc",Hành lý xách tay 7 kg,Hành lý 0 kg,2025-05-05
VietJet Air,PQC0137,1.051.550 VND/khách,17:10,07 thg 5,07 thg 5,18:15,1h 5m,"Phú Quốc (PQC)
Sân bay Phú Quốc",Hành lý xách tay 7 kg,Hành lý 0 kg,2025-05-05
VietJet Air,PQC0093,1.164.598 VND/khách,14:05,07 thg 5,07 thg 5,15:05,1h 0m,"Phú Quốc (PQC)
Sân bay Phú Quốc",Hành lý xách tay 7 kg,Hành lý 0 kg,2025-05-05
Vietnam Airlines,PQC0187,1.171.827 VND/khách,05:40,07 thg 5,07 thg 5,06:40,1h 0m,"Phú Quốc (PQC)
Sân bay Phú Quốc",Hành lý xách tay 10 kg,Hành lý 23 kg,2025-05-05
VietJet Air,PQC0071,1.262.000 VND/khách,11:35,07 thg 5,07 thg 5,12:35,1h 0m,"Phú Quốc (PQC)
Sân bay Phú Quốc",Hành lý xách tay 7 kg,Hành lý 0 kg,2025-05-05
Vietnam Airlines,PQC0208,1.397.601 VND/khách,08:10,07 thg 5,07 thg 5,08:55,45m,"Phú Quốc (PQC)
Sân bay Phú Quốc",Hành lý xách tay 10 kg,Hành lý 23 kg,2025-05-05
Vietnam Airlines,PQC0274,1.397.601 VND/khách,15:05,07 thg 5,07 thg 5,16:10,1h 5m,"Phú Quốc (PQC)
Sân bay Phú Quốc",Hành lý xách tay 10 kg,Hành lý 23 kg,2025-05-05
Vietnam Airlines,PQC0231,1.513.485 VND/khách,10:25,07 thg 5,07 thg 5,11:25,1h 0m,"Phú Quốc (PQC)
Sân bay Phú Quốc",Hành lý xách tay 10 kg,Hành lý 23 kg,2025-05-05
VietJet Air,PQC0047,1.616.788 VND/khách,09:20,07 thg 5,07 thg 5,10:20,1h 0m,"Phú Quốc (PQC)
Sân bay Phú Quốc",Hành lý xách tay 7 kg,Hành lý 0 kg,2025-05-05
Vietnam Airlines,PQC0256,1.807.191 VND/khách,13:05,07 thg 5,07 thg 5,14:00,55m,"Phú Quốc (PQC)
Sân bay Phú Quốc",Hành lý xách tay 10 kg,Hành lý 23 kg,2025-05-05
Vietravel Airlines,PQC0329,1.133.160 VND/khách,17:25,08 thg 5,08 thg 5,18:25,1h 0m,"Phú Quốc (PQC)
Sân bay Phú Quốc",Hành lý xách tay 7 kg,Hành lý 0 kg,2025-05-05
VietJet Air,PQC0023,1.164.598 VND/khách,05:55,08 thg 5,08 thg 5,06:55,1h 0m,"Phú Quốc (PQC)
Sân bay Phú Quốc",Hành lý xách tay 7 kg,Hành lý 0 kg,2025-05-05
VietJet Air,PQC0094,1.262.000 VND/khách,14:05,08 thg 5,08 thg 5,15:05,1h 0m,"Phú Quốc (PQC)
Sân bay Phú Quốc",Hành lý xách tay 7 kg,Hành lý 0 kg,2025-05-05
VietJet Air,PQC0115,1.262.000 VND/khách,15:40,08 thg 5,08 thg 5,16:40,1h 0m,"Phú Quốc (PQC)
Sân bay Phú Quốc",Hành lý xách tay 7 kg,Hành lý 0 kg,2025-05-05
VietJet Air,PQC0038,1.262.000 VND/khách,08:25,08 thg 5,08 thg 5,09:30,1h 5m,"Phú Quốc (PQC)
Sân bay Phú Quốc",Hành lý xách tay 7 kg,Hành lý 0 kg,2025-05-05
VietJet Air,PQC0138,1.262.000 VND/khách,17:10,08 thg 5,08 thg 5,18:15,1h 5m,"Phú Quốc (PQC)
Sân bay Phú Quốc",Hành lý xách tay 7 kg,Hành lý 0 kg,2025-05-05
VietJet Air,PQC0155,1.262.000 VND/khách,17:40,08 thg 5,08 thg 5,18:45,1h 5m,"Phú Quốc (PQC)
Sân bay Phú Quốc",Hành lý xách tay 7 kg,Hành lý 0 kg,2025-05-05
Vietnam Airlines,PQC0188,1.295.154 VND/khách,05:40,08 thg 5,08 thg 5,06:40,1h 0m,"Phú Quốc (PQC)
Sân bay Phú Quốc",Hành lý xách tay 10 kg,Hành lý 23 kg,2025-05-05
Vietnam Airlines,PQC0275,1.411.137 VND/khách,15:05,08 thg 5,08 thg 5,16:10,1h 5m,"Phú Quốc (PQC)
Sân bay Phú Quốc",Hành lý xách tay 10 kg,Hành lý 23 kg,2025-05-05
VietJet Air,PQC0048,1.447.217 VND/khách,09:20,08 thg 5,08 thg 5,10:20,1h 0m,"Phú Quốc (PQC)
Sân bay Phú Quốc",Hành lý xách tay 7 kg,Hành lý 0 kg,2025-05-05
VietJet Air,PQC0072,1.447.217 VND/khách,11:35,08 thg 5,08 thg 5,12:35,1h 0m,"Phú Quốc (PQC)
Sân bay Phú Quốc",Hành lý xách tay 7 kg,Hành lý 0 kg,2025-05-05
Vietnam Airlines,PQC0209,1.735.463 VND/khách,08:10,08 thg 5,08 thg 5,08:55,45m,"Phú Quốc (PQC)
Sân bay Phú Quốc",Hành lý xách tay 10 kg,Hành lý 23 kg,2025-05-05
Vietnam Airlines,PQC0232,1.735.463 VND/khách,10:25,08 thg 5,08 thg 5,11:25,1h 0m,"Phú Quốc (PQC)
Sân bay Phú Quốc",Hành lý xách tay 10 kg,Hành lý 23 kg,2025-05-05
Vietnam Airlines,PQC0257,1.746.252 VND/khách,13:05,08 thg 5,08 thg 5,14:00,55m,"Phú Quốc (PQC)
Sân bay Phú Quốc",Hành lý xách tay 10 kg,Hành lý 23 kg,2025-05-05
Bamboo Airways,PQC0007,1.161.225 VND/khách,16:30,09 thg 5,09 thg 5,17:30,1h 0m,"Phú Quốc (PQC)
Sân bay Phú Quốc",Hành lý xách tay 7 kg,Hành lý 0 kg,2025-05-05
Vietravel Airlines,PQC0330,1.155.105 VND/khách,17:25,09 thg 5,09 thg 5,18:25,1h 0m,"Phú Quốc (PQC)
Sân bay Phú Quốc",Hành lý xách tay 7 kg,Hành lý 0 kg,2025-05-05
VietJet Air,PQC0139,1.262.000 VND/khách,17:10,09 thg 5,09 thg 5,18:15,1h 5m,"Phú Quốc (PQC)
Sân bay Phú Quốc",Hành lý xách tay 7 kg,Hành lý 0 kg,2025-05-05
VietJet Air,PQC0024,1.447.217 VND/khách,05:55,09 thg 5,09 thg 5,06:55,1h 0m,"Phú Quốc (PQC)
Sân bay Phú Quốc",Hành lý xách tay 7 kg,Hành lý 0 kg,2025-05-05
VietJet Air,PQC0116,1.447.217 VND/khách,15:40,09 thg 5,09 thg 5,16:40,1h 0m,"Phú Quốc (PQC)
Sân bay Phú Quốc",Hành lý xách tay 7 kg,Hành lý 0 kg,2025-05-05
Vietnam Airlines,PQC0309,1.510.488 VND/khách,20:20,09 thg 5,09 thg 5,21:20,1h 0m,"Phú Quốc (PQC)
Sân bay Phú Quốc",Hành lý xách tay 10 kg,Hành lý 23 kg,2025-05-05
VietJet Air,PQC0095,1.616.788 VND/khách,14:05,09 thg 5,09 thg 5,15:05,1h 0m,"Phú Quốc (PQC)
Sân bay Phú Quốc",Hành lý xách tay 7 kg,Hành lý 0 kg,2025-05-05
Vietnam Airlines,PQC0276,1.712.286 VND/khách,15:05,09 thg 5,09 thg 5,16:10,1h 5m,"Phú Quốc (PQC)
Sân bay Phú Quốc",Hành lý xách tay 10 kg,Hành lý 23 kg,2025-05-05
VietJet Air,PQC0049,1.741.141 VND/khách,09:20,09 thg 5,09 thg 5,10:20,1h 0m,"Phú Quốc (PQC)
Sân bay Phú Quốc",Hành lý xách tay 7 kg,Hành lý 0 kg,2025-05-05
VietJet Air,PQC0073,1.741.141 VND/khách,11:35,09 thg 5,09 thg 5,12:35,1h 0m,"Phú Quốc (PQC)
Sân bay Phú Quốc",Hành lý xách tay 7 kg,Hành lý 0 kg,2025-05-05
Vietnam Airlines,PQC0189,1.746.252 VND/khách,05:40,09 thg 5,09 thg 5,06:40,1h 0m,"Phú Quốc (PQC)
Sân bay Phú Quốc",Hành lý xách tay 10 kg,Hành lý 23 kg,2025-05-05
Vietnam Airlines,PQC0233,1.900.556 VND/khách,10:25,09 thg 5,09 thg 5,11:25,1h 0m,"Phú Quốc (PQC)
Sân bay Phú Quốc",Hành lý xách tay 10 kg,Hành lý 23 kg,2025-05-05
Vietnam Airlines,PQC0249,1.900.556 VND/khách,13:00,09 thg 5,09 thg 5,14:00,1h 0m,"Phú Quốc (PQC)
Sân bay Phú Quốc",Hành lý xách tay 10 kg,Hành lý 23 kg,2025-05-05
Vietravel Airlines,PQC0331,1.005.480 VND/khách,17:25,10 thg 5,10 thg 5,18:25,1h 0m,"Phú Quốc (PQC)
Sân bay Phú Quốc",Hành lý xách tay 7 kg,Hành lý 0 kg,2025-05-05
VietJet Air,PQC0140,1.164.598 VND/khách,17:10,10 thg 5,10 thg 5,18:15,1h 5m,"Phú Quốc (PQC)
Sân bay Phú Quốc",Hành lý xách tay 7 kg,Hành lý 0 kg,2025-05-05
VietJet Air,PQC0025,1.262.000 VND/khách,05:55,10 thg 5,10 thg 5,06:55,1h 0m,"Phú Quốc (PQC)
Sân bay Phú Quốc",Hành lý xách tay 7 kg,Hành lý 0 kg,2025-05-05
VietJet Air,PQC0096,1.262.000 VND/khách,14:05,10 thg 5,10 thg 5,15:05,1h 0m,"Phú Quốc (PQC)
Sân bay Phú Quốc",Hành lý xách tay 7 kg,Hành lý 0 kg,2025-05-05
VietJet Air,PQC0117,1.262.000 VND/khách,15:40,10 thg 5,10 thg 5,16:40,1h 0m,"Phú Quốc (PQC)
Sân bay Phú Quốc",Hành lý xách tay 7 kg,Hành lý 0 kg,2025-05-05
VietJet Air,PQC0074,1.447.217 VND/khách,11:35,10 thg 5,10 thg 5,12:35,1h 0m,"Phú Quốc (PQC)
Sân bay Phú Quốc",Hành lý xách tay 7 kg,Hành lý 0 kg,2025-05-05
Vietnam Airlines,PQC0277,1.510.488 VND/khách,15:05,10 thg 5,10 thg 5,16:10,1h 5m,"Phú Quốc (PQC)
Sân bay Phú Quốc",Hành lý xách tay 10 kg,Hành lý 23 kg,2025-05-05
VietJet Air,PQC0050,1.616.788 VND/khách,09:20,10 thg 5,10 thg 5,10:20,1h 0m,"Phú Quốc (PQC)
Sân bay Phú Quốc",Hành lý xách tay 7 kg,Hành lý 0 kg,2025-05-05
Vietnam Airlines,PQC0258,1.746.252 VND/khách,13:05,10 thg 5,10 thg 5,14:00,55m,"Phú Quốc (PQC)
Sân bay Phú Quốc",Hành lý xách tay 10 kg,Hành lý 23 kg,2025-05-05
Vietnam Airlines,PQC0190,1.900.556 VND/khách,05:40,10 thg 5,10 thg 5,06:40,1h 0m,"Phú Quốc (PQC)
Sân bay Phú Quốc",Hành lý xách tay 10 kg,Hành lý 23 kg,2025-05-05
Vietnam Airlines,PQC0234,1.900.556 VND/khách,10:25,10 thg 5,10 thg 5,11:25,1h 0m,"Phú Quốc (PQC)
Sân bay Phú Quốc",Hành lý xách tay 10 kg,Hành lý 23 kg,2025-05-05
Vietnam Airlines,PQC0211,1.959.445 VND/khách,08:10,10 thg 5,10 thg 5,08:55,45m,"Phú Quốc (PQC)
Sân bay Phú Quốc",Hành lý xách tay 10 kg,Hành lý 23 kg,2025-05-05
Bamboo Airways,PQC0008,826.753 VND/khách,16:30,11 thg 5,11 thg 5,17:30,1h 0m,"Phú Quốc (PQC)
Sân bay Phú Quốc",Hành lý xách tay 7 kg,Hành lý 0 kg,2025-05-05
Vietravel Airlines,PQC0332,743.138 VND/khách,17:25,11 thg 5,11 thg 5,18:25,1h 0m,"Phú Quốc (PQC)
Sân bay Phú Quốc",Hành lý xách tay 7 kg,Hành lý 0 kg,2025-05-05
VietJet Air,PQC0141,825.456 VND/khách,17:10,11 thg 5,11 thg 5,18:15,1h 5m,"Phú Quốc (PQC)
Sân bay Phú Quốc",Hành lý xách tay 7 kg,Hành lý 0 kg,2025-05-05
VietJet Air,PQC0026,1.051.550 VND/khách,05:55,11 thg 5,11 thg 5,06:55,1h 0m,"Phú Quốc (PQC)
Sân bay Phú Quốc",Hành lý xách tay 7 kg,Hành lý 0 kg,2025-05-05
VietJet Air,PQC0118,1.051.550 VND/khách,15:40,11 thg 5,11 thg 5,16:40,1h 0m,"Phú Quốc (PQC)
Sân bay Phú Quốc",Hành lý xách tay 7 kg,Hành lý 0 kg,2025-05-05
VietJet Air,PQC0075,1.164.598 VND/khách,11:35,11 thg 5,11 thg 5,12:35,1h 0m,"Phú Quốc (PQC)
Sân bay Phú Quốc",Hành lý xách tay 7 kg,Hành lý 0 kg,2025-05-05
VietJet Air,PQC0097,1.164.598 VND/khách,14:05,11 thg 5,11 thg 5,15:05,1h 0m,"Phú Quốc (PQC)
Sân bay Phú Quốc",Hành lý xách tay 7 kg,Hành lý 0 kg,2025-05-05
Vietnam Airlines,PQC0191,1.171.827 VND/khách,05:40,11 thg 5,11 thg 5,06:40,1h 0m,"Phú Quốc (PQC)
Sân bay Phú Quốc",Hành lý xách tay 10 kg,Hành lý 23 kg,2025-05-05
Vietnam Airlines,PQC0310,1.171.827 VND/khách,20:20,11 thg 5,11 thg 5,21:20,1h 0m,"Phú Quốc (PQC)
Sân bay Phú Quốc",Hành lý xách tay 10 kg,Hành lý 23 kg,2025-05-05
VietJet Air,PQC0051,1.262.000 VND/khách,09:20,11 thg 5,11 thg 5,10:20,1h 0m,"Phú Quốc (PQC)
Sân bay Phú Quốc",Hành lý xách tay 7 kg,Hành lý 0 kg,2025-05-05
Vietnam Airlines,PQC0278,1.281.717 VND/khách,15:05,11 thg 5,11 thg 5,16:10,1h 5m,"Phú Quốc (PQC)
Sân bay Phú Quốc",Hành lý xách tay 10 kg,Hành lý 23 kg,2025-05-05
Vietnam Airlines,PQC0259,1.374.624 VND/khách,13:05,11 thg 5,11 thg 5,14:00,55m,"Phú Quốc (PQC)
Sân bay Phú Quốc",Hành lý xách tay 10 kg,Hành lý 23 kg,2025-05-05
Vietnam Airlines,PQC0235,1.374.624 VND/khách,10:25,11 thg 5,11 thg 5,11:25,1h 0m,"Phú Quốc (PQC)
Sân bay Phú Quốc",Hành lý xách tay 10 kg,Hành lý 23 kg,2025-05-05
Vietnam Airlines,PQC0212,1.721.277 VND/khách,08:10,11 thg 5,11 thg 5,08:55,45m,"Phú Quốc (PQC)
Sân bay Phú Quốc",Hành lý xách tay 10 kg,Hành lý 23 kg,2025-05-05
Vietravel Airlines,PQC0328,971.565 VND/khách,17:25,07 thg 5,07 thg 5,18:25,1h 0m,"Phú Quốc (PQC)
Sân bay Phú Quốc",Hành lý xách tay 7 kg,Hành lý 0 kg,2025-05-06
VietJet Air,PQC0114,1.034.000 VND/khách,15:40,07 thg 5,07 thg 5,16:40,1h 0m,"Phú Quốc (PQC)
Sân bay Phú Quốc",Hành lý xách tay 7 kg,Hành lý 0 kg,2025-05-06
VietJet Air,PQC0137,1.034.000 VND/khách,17:10,07 thg 5,07 thg 5,18:15,1h 5m,"Phú Quốc (PQC)
Sân bay Phú Quốc",Hành lý xách tay 7 kg,Hành lý 0 kg,2025-05-06
VietJet Air,PQC0022,1.066.000 VND/khách,05:55,07 thg 5,07 thg 5,06:55,1h 0m,"Phú Quốc (PQC)
Sân bay Phú Quốc",Hành lý xách tay 7 kg,Hành lý 0 kg,2025-05-06
VietJet Air,PQC0093,1.154.000 VND/khách,14:05,07 thg 5,07 thg 5,15:05,1h 0m,"Phú Quốc (PQC)
Sân bay Phú Quốc",Hành lý xách tay 7 kg,Hành lý 0 kg,2025-05-06
Bamboo Airways,PQC0006,1.167.757 VND/khách,16:30,07 thg 5,07 thg 5,17:30,1h 0m,"Phú Quốc (PQC)
Sân bay Phú Quốc",Hành lý xách tay 7 kg,Hành lý 0 kg,2025-05-06
Vietnam Airlines,PQC0187,1.261.737 VND/khách,05:40,07 thg 5,07 thg 5,06:40,1h 0m,"Phú Quốc (PQC)
Sân bay Phú Quốc",Hành lý xách tay 10 kg,Hành lý 23 kg,2025-05-06
VietJet Air,PQC0071,1.278.000 VND/khách,11:35,07 thg 5,07 thg 5,12:35,1h 0m,"Phú Quốc (PQC)
Sân bay Phú Quốc",Hành lý xách tay 7 kg,Hành lý 0 kg,2025-05-06
Vietnam Airlines,PQC0231,1.504.494 VND/khách,10:25,07 thg 5,07 thg 5,11:25,1h 0m,"Phú Quốc (PQC)
Sân bay Phú Quốc",Hành lý xách tay 10 kg,Hành lý 23 kg,2025-05-06
Vietnam Airlines,PQC0208,1.537.461 VND/khách,08:10,07 thg 5,07 thg 5,08:55,45m,"Phú Quốc (PQC)
Sân bay Phú Quốc",Hành lý xách tay 10 kg,Hành lý 23 kg,2025-05-06
VietJet Air,PQC0047,1.617.229 VND/khách,09:20,07 thg 5,07 thg 5,10:20,1h 0m,"Phú Quốc (PQC)
Sân bay Phú Quốc",Hành lý xách tay 7 kg,Hành lý 0 kg,2025-05-06
Vietnam Airlines,PQC0274,1.707.291 VND/khách,15:05,07 thg 5,07 thg 5,16:10,1h 5m,"Phú Quốc (PQC)
Sân bay Phú Quốc",Hành lý xách tay 10 kg,Hành lý 23 kg,2025-05-06
Vietnam Airlines,PQC0256,1.797.201 VND/khách,13:05,07 thg 5,07 thg 5,14:00,55m,"Phú Quốc (PQC)
Sân bay Phú Quốc",Hành lý xách tay 10 kg,Hành lý 23 kg,2025-05-06
Vietravel Airlines,PQC0329,1.151.115 VND/khách,17:25,08 thg 5,08 thg 5,18:25,1h 0m,"Phú Quốc (PQC)
Sân bay Phú Quốc",Hành lý xách tay 7 kg,Hành lý 0 kg,2025-05-06
VietJet Air,PQC0023,1.154.000 VND/khách,05:55,08 thg 5,08 thg 5,06:55,1h 0m,"Phú Quốc (PQC)
Sân bay Phú Quốc",Hành lý xách tay 7 kg,Hành lý 0 kg,2025-05-06
VietJet Air,PQC0115,1.154.000 VND/khách,15:40,08 thg 5,08 thg 5,16:40,1h 0m,"Phú Quốc (PQC)
Sân bay Phú Quốc",Hành lý xách tay 7 kg,Hành lý 0 kg,2025-05-06
VietJet Air,PQC0138,1.154.000 VND/khách,17:10,08 thg 5,08 thg 5,18:15,1h 5m,"Phú Quốc (PQC)
Sân bay Phú Quốc",Hành lý xách tay 7 kg,Hành lý 0 kg,2025-05-06
VietJet Air,PQC0155,1.154.000 VND/khách,17:40,08 thg 5,08 thg 5,18:45,1h 5m,"Phú Quốc (PQC)
Sân bay Phú Quốc",Hành lý xách tay 7 kg,Hành lý 0 kg,2025-05-06
Vietnam Airlines,PQC0188,1.272.726 VND/khách,05:40,08 thg 5,08 thg 5,06:40,1h 0m,"Phú Quốc (PQC)
Sân bay Phú Quốc",Hành lý xách tay 10 kg,Hành lý 23 kg,2025-05-06
VietJet Air,PQC0094,1.300.000 VND/khách,14:05,08 thg 5,08 thg 5,15:05,1h 0m,"Phú Quốc (PQC)
Sân bay Phú Quốc",Hành lý xách tay 7 kg,Hành lý 0 kg,2025-05-06
VietJet Air,PQC0038,1.300.000 VND/khách,08:25,08 thg 5,08 thg 5,09:30,1h 5m,"Phú Quốc (PQC)
Sân bay Phú Quốc",Hành lý xách tay 7 kg,Hành lý 0 kg,2025-05-06
VietJet Air,PQC0048,1.416.000 VND/khách,09:20,08 thg 5,08 thg 5,10:20,1h 0m,"Phú Quốc (PQC)
Sân bay Phú Quốc",Hành lý xách tay 7 kg,Hành lý 0 kg,2025-05-06
VietJet Air,PQC0072,1.416.000 VND/khách,11:35,08 thg 5,08 thg 5,12:35,1h 0m,"Phú Quốc (PQC)
Sân bay Phú Quốc",Hành lý xách tay 7 kg,Hành lý 0 kg,2025-05-06
Vietnam Airlines,PQC0275,1.497.501 VND/khách,15:05,08 thg 5,08 thg 5,16:10,1h 5m,"Phú Quốc (PQC)
Sân bay Phú Quốc",Hành lý xách tay 10 kg,Hành lý 23 kg,2025-05-06
Vietnam Airlines,PQC0232,1.703.295 VND/khách,10:25,08 thg 5,08 thg 5,11:25,1h 0m,"Phú Quốc (PQC)
Sân bay Phú Quốc",Hành lý xách tay 10 kg,Hành lý 23 kg,2025-05-06
Vietnam Airlines,PQC0257,1.740.258 VND/khách,13:05,08 thg 5,08 thg 5,14:00,55m,"Phú Quốc (PQC)
Sân bay Phú Quốc",Hành lý xách tay 10 kg,Hành lý 23 kg,2025-05-06
Vietnam Airlines,PQC0209,1.844.639 VND/khách,08:10,08 thg 5,08 thg 5,08:55,45m,"Phú Quốc (PQC)
Sân bay Phú Quốc",Hành lý xách tay 10 kg,Hành lý 23 kg,2025-05-06
Vietravel Airlines,PQC0330,1.128.173 VND/khách,17:25,09 thg 5,09 thg 5,18:25,1h 0m,"Phú Quốc (PQC)
Sân bay Phú Quốc",Hành lý xách tay 7 kg,Hành lý 0 kg,2025-05-06
Bamboo Airways,PQC0007,1.245.267 VND/khách,16:30,09 thg 5,09 thg 5,17:30,1h 0m,"Phú Quốc (PQC)
Sân bay Phú Quốc",Hành lý xách tay 7 kg,Hành lý 0 kg,2025-05-06
VietJet Air,PQC0116,1.278.000 VND/khách,15:40,09 thg 5,09 thg 5,16:40,1h 0m,"Phú Quốc (PQC)
Sân bay Phú Quốc",Hành lý xách tay 7 kg,Hành lý 0 kg,2025-05-06
VietJet Air,PQC0139,1.281.000 VND/khách,17:10,09 thg 5,09 thg 5,18:15,1h 5m,"Phú Quốc (PQC)
Sân bay Phú Quốc",Hành lý xách tay 7 kg,Hành lý 0 kg,2025-05-06
VietJet Air,PQC0024,1.416.000 VND/khách,05:55,09 thg 5,09 thg 5,06:55,1h 0m,"Phú Quốc (PQC)
Sân bay Phú Quốc",Hành lý xách tay 7 kg,Hành lý 0 kg,2025-05-06
Vietnam Airlines,PQC0309,1.537.461 VND/khách,20:20,09 thg 5,09 thg 5,21:20,1h 0m,"Phú Quốc (PQC)
Sân bay Phú Quốc",Hành lý xách tay 10 kg,Hành lý 23 kg,2025-05-06
VietJet Air,PQC0095,1.616.761 VND/khách,14:05,09 thg 5,09 thg 5,15:05,1h 0m,"Phú Quốc (PQC)
Sân bay Phú Quốc",Hành lý xách tay 7 kg,Hành lý 0 kg,2025-05-06
Vietnam Airlines,PQC0276,1.703.295 VND/khách,15:05,09 thg 5,09 thg 5,16:10,1h 5m,"Phú Quốc (PQC)
Sân bay Phú Quốc",Hành lý xách tay 10 kg,Hành lý 23 kg,2025-05-06
Vietnam Airlines,PQC0189,1.740.258 VND/khách,05:40,09 thg 5,09 thg 5,06:40,1h 0m,"Phú Quốc (PQC)
Sân bay Phú Quốc",Hành lý xách tay 10 kg,Hành lý 23 kg,2025-05-06
VietJet Air,PQC0049,1.741.111 VND/khách,09:20,09 thg 5,09 thg 5,10:20,1h 0m,"Phú Quốc (PQC)
Sân bay Phú Quốc",Hành lý xách tay 7 kg,Hành lý 0 kg,2025-05-06
VietJet Air,PQC0073,1.741.111 VND/khách,11:35,09 thg 5,09 thg 5,12:35,1h 0m,"Phú Quốc (PQC)
Sân bay Phú Quốc",Hành lý xách tay 7 kg,Hành lý 0 kg,2025-05-06
Vietnam Airlines,PQC0249,1.959.364 VND/khách,13:00,09 thg 5,09 thg 5,14:00,1h 0m,"Phú Quốc (PQC)
Sân bay Phú Quốc",Hành lý xách tay 10 kg,Hành lý 23 kg,2025-05-06
Vietravel Airlines,PQC0331,1.050.368 VND/khách,17:25,10 thg 5,10 thg 5,18:25,1h 0m,"Phú Quốc (PQC)
Sân bay Phú Quốc",Hành lý xách tay 7 kg,Hành lý 0 kg,2025-05-06
VietJet Air,PQC0140,1.146.000 VND/khách,17:10,10 thg 5,10 thg 5,18:15,1h 5m,"Phú Quốc (PQC)
Sân bay Phú Quốc",Hành lý xách tay 7 kg,Hành lý 0 kg,2025-05-06
VietJet Air,PQC0117,1.278.000 VND/khách,15:40,10 thg 5,10 thg 5,16:40,1h 0m,"Phú Quốc (PQC)
Sân bay Phú Quốc",Hành lý xách tay 7 kg,Hành lý 0 kg,2025-05-06
VietJet Air,PQC0096,1.285.000 VND/khách,14:05,10 thg 5,10 thg 5,15:05,1h 0m,"Phú Quốc (PQC)
Sân bay Phú Quốc",Hành lý xách tay 7 kg,Hành lý 0 kg,2025-05-06
Vietnam Airlines,PQC0277,1.485.513 VND/khách,15:05,10 thg 5,10 thg 5,16:10,1h 5m,"Phú Quốc (PQC)
Sân bay Phú Quốc",Hành lý xách tay 10 kg,Hành lý 23 kg,2025-05-06
VietJet Air,PQC0025,1.616.761 VND/khách,05:55,10 thg 5,10 thg 5,06:55,1h 0m,"Phú Quốc (PQC)
Sân bay Phú Quốc",Hành lý xách tay 7 kg,Hành lý 0 kg,2025-05-06
Vietnam Airlines,PQC0258,1.900.486 VND/khách,13:05,10 thg 5,10 thg 5,14:00,55m,"Phú Quốc (PQC)
Sân bay Phú Quốc",Hành lý xách tay 10 kg,Hành lý 23 kg,2025-05-06
Vietnam Airlines,PQC0190,1.954.202 VND/khách,05:40,10 thg 5,10 thg 5,06:40,1h 0m,"Phú Quốc (PQC)
Sân bay Phú Quốc",Hành lý xách tay 10 kg,Hành lý 23 kg,2025-05-06
Vietnam Airlines,PQC0234,1.954.202 VND/khách,10:25,10 thg 5,10 thg 5,11:25,1h 0m,"Phú Quốc (PQC)
Sân bay Phú Quốc",Hành lý xách tay 10 kg,Hành lý 23 kg,2025-05-06
Vietnam Airlines,PQC0211,1.959.373 VND/khách,08:10,10 thg 5,10 thg 5,08:55,45m,"Phú Quốc (PQC)
Sân bay Phú Quốc",Hành lý xách tay 10 kg,Hành lý 23 kg,2025-05-06
Vietravel Airlines,PQC0332,766.476 VND/khách,17:25,11 thg 5,11 thg 5,18:25,1h 0m,"Phú Quốc (PQC)
Sân bay Phú Quốc",Hành lý xách tay 7 kg,Hành lý 0 kg,2025-05-06
VietJet Air,PQC0141,806.000 VND/khách,17:10,11 thg 5,11 thg 5,18:15,1h 5m,"Phú Quốc (PQC)
Sân bay Phú Quốc",Hành lý xách tay 7 kg,Hành lý 0 kg,2025-05-06
Bamboo Airways,PQC0008,869.953 VND/khách,16:30,11 thg 5,11 thg 5,17:30,1h 0m,"Phú Quốc (PQC)
Sân bay Phú Quốc",Hành lý xách tay 7 kg,Hành lý 0 kg,2025-05-06
VietJet Air,PQC0026,1.013.000 VND/khách,05:55,11 thg 5,11 thg 5,06:55,1h 0m,"Phú Quốc (PQC)
Sân bay Phú Quốc",Hành lý xách tay 7 kg,Hành lý 0 kg,2025-05-06
VietJet Air,PQC0118,1.013.000 VND/khách,15:40,11 thg 5,11 thg 5,16:40,1h 0m,"Phú Quốc (PQC)
Sân bay Phú Quốc",Hành lý xách tay 7 kg,Hành lý 0 kg,2025-05-06
VietJet Air,PQC0097,1.148.000 VND/khách,14:05,11 thg 5,11 thg 5,15:05,1h 0m,"Phú Quốc (PQC)
Sân bay Phú Quốc",Hành lý xách tay 7 kg,Hành lý 0 kg,2025-05-06
Vietnam Airlines,PQC0310,1.165.833 VND/khách,20:20,11 thg 5,11 thg 5,21:20,1h 0m,"Phú Quốc (PQC)
Sân bay Phú Quốc",Hành lý xách tay 10 kg,Hành lý 23 kg,2025-05-06
Vietnam Airlines,PQC0191,1.274.724 VND/khách,05:40,11 thg 5,11 thg 5,06:40,1h 0m,"Phú Quốc (PQC)
Sân bay Phú Quốc",Hành lý xách tay 10 kg,Hành lý 23 kg,2025-05-06
Vietnam Airlines,PQC0278,1.274.724 VND/khách,15:05,11 thg 5,11 thg 5,16:10,1h 5m,"Phú Quốc (PQC)
Sân bay Phú Quốc",Hành lý xách tay 10 kg,Hành lý 23 kg,2025-05-06
VietJet Air,PQC0051,1.295.000 VND/khách,09:20,11 thg 5,11 thg 5,10:20,1h 0m,"Phú Quốc (PQC)
Sân bay Phú Quốc",Hành lý xách tay 7 kg,Hành lý 0 kg,2025-05-06
VietJet Air,PQC0075,1.295.000 VND/khách,11:35,11 thg 5,11 thg 5,12:35,1h 0m,"Phú Quốc (PQC)
Sân bay Phú Quốc",Hành lý xách tay 7 kg,Hành lý 0 kg,2025-05-06
Vietnam Airlines,PQC0259,1.386.612 VND/khách,13:05,11 thg 5,11 thg 5,14:00,55m,"Phú Quốc (PQC)
Sân bay Phú Quốc",Hành lý xách tay 10 kg,Hành lý 23 kg,2025-05-06
Vietnam Airlines,PQC0235,1.386.612 VND/khách,10:25,11 thg 5,11 thg 5,11:25,1h 0m,"Phú Quốc (PQC)
Sân bay Phú Quốc",Hành lý xách tay 10 kg,Hành lý 23 kg,2025-05-06
Vietnam Airlines,PQC0212,1.713.285 VND/khách,08:10,11 thg 5,11 thg 5,08:55,45m,"Phú Quốc (PQC)
Sân bay Phú Quốc",Hành lý xách tay 10 kg,Hành lý 23 kg,2025-05-06
Vietravel Airlines,PQC0333,755.000 VND/khách,17:25,21 thg 4,21 thg 4,18:25,1h 0m,"Phú Quốc (PQC)
Sân bay Phú Quốc",,,2025-04-07
VietJet Air,PQC0027,833.000 VND/khách,05:55,21 thg 4,21 thg 4,06:55,1h 0m,"Phú Quốc (PQC)
Sân bay Phú Quốc",,,2025-04-07
VietJet Air,PQC0142,833.000 VND/khách,17:10,21 thg 4,21 thg 4,18:15,1h 5m,"Phú Quốc (PQC)
Sân bay Phú Quốc",,,2025-04-07
Vietnam Airlines,PQC0171,923.544 VND/khách,05:25,21 thg 4,21 thg 4,06:20,55m,"Phú Quốc (PQC)
Sân bay Phú Quốc",,,2025-04-07
VietJet Air,PQC0119,1.054.000 VND/khách,15:40,21 thg 4,21 thg 4,16:40,1h 0m,"Phú Quốc (PQC)
Sân bay Phú Quốc",,,2025-04-07
Bamboo Airways,PQC0009,1.167.757 VND/khách,16:30,21 thg 4,21 thg 4,17:30,1h 0m,"Phú Quốc (PQC)
Sân bay Phú Quốc",,,2025-04-07
VietJet Air,PQC0098,1.168.000 VND/khách,14:05,21 thg 4,21 thg 4,15:05,1h 0m,"Phú Quốc (PQC)
Sân bay Phú Quốc",,,2025-04-07
Vietnam Airlines,PQC0192,1.248.648 VND/khách,05:40,21 thg 4,21 thg 4,06:40,1h 0m,"Phú Quốc (PQC)
Sân bay Phú Quốc",,,2025-04-07
VietJet Air,PQC0052,1.301.000 VND/khách,09:20,21 thg 4,21 thg 4,10:20,1h 0m,"Phú Quốc (PQC)
Sân bay Phú Quốc",,,2025-04-07
VietJet Air,PQC0076,1.301.000 VND/khách,11:35,21 thg 4,21 thg 4,12:35,1h 0m,"Phú Quốc (PQC)
Sân bay Phú Quốc",,,2025-04-07
Vietnam Airlines,PQC0213,1.762.190 VND/khách,08:10,21 thg 4,21 thg 4,08:55,45m,"Phú Quốc (PQC)
Sân bay Phú Quốc",,,2025-04-07
Vietnam Airlines,PQC0236,1.906.092 VND/khách,10:25,21 thg 4,21 thg 4,11:25,1h 0m,"Phú Quốc (PQC)
Sân bay Phú Quốc",,,2025-04-07
Vietnam Airlines,PQC0279,1.906.092 VND/khách,15:05,21 thg 4,21 thg 4,16:10,1h 5m,"Phú Quốc (PQC)
Sân bay Phú Quốc",,,2025-04-07
Vietnam Airlines,PQC0260,1.911.087 VND/khách,13:05,21 thg 4,21 thg 4,14:00,55m,"Phú Quốc (PQC)
Sân bay Phú Quốc",,,2025-04-07
Vietravel Airlines,PQC0334,759.000 VND/khách,17:25,22 thg 4,22 thg 4,18:25,1h 0m,"Phú Quốc (PQC)
Sân bay Phú Quốc",,,2025-04-07
Vietnam Airlines,PQC0172,811.725 VND/khách,05:25,22 thg 4,22 thg 4,06:20,55m,"Phú Quốc (PQC)
Sân bay Phú Quốc",,,2025-04-07
VietJet Air,PQC0028,833.000 VND/khách,05:55,22 thg 4,22 thg 4,06:55,1h 0m,"Phú Quốc (PQC)
Sân bay Phú Quốc",,,2025-04-07
VietJet Air,PQC0120,833.000 VND/khách,15:40,22 thg 4,22 thg 4,16:40,1h 0m,"Phú Quốc (PQC)
Sân bay Phú Quốc",,,2025-04-07
VietJet Air,PQC0143,833.000 VND/khách,17:10,22 thg 4,22 thg 4,18:15,1h 5m,"Phú Quốc (PQC)
Sân bay Phú Quốc",,,2025-04-07
VietJet Air,PQC0077,1.168.000 VND/khách,11:35,22 thg 4,22 thg 4,12:35,1h 0m,"Phú Quốc (PQC)
Sân bay Phú Quốc",,,2025-04-07
VietJet Air,PQC0099,1.168.000 VND/khách,14:05,22 thg 4,22 thg 4,15:05,1h 0m,"Phú Quốc (PQC)
Sân bay Phú Quốc",,,2025-04-07
Vietnam Airlines,PQC0193,1.248.648 VND/khách,05:40,22 thg 4,22 thg 4,06:40,1h 0m,"Phú Quốc (PQC)
Sân bay Phú Quốc",,,2025-04-07
VietJet Air,PQC0053,1.301.000 VND/khách,09:20,22 thg 4,22 thg 4,10:20,1h 0m,"Phú Quốc (PQC)
Sân bay Phú Quốc",,,2025-04-07
Vietnam Airlines,PQC0214,1.762.190 VND/khách,08:10,22 thg 4,22 thg 4,08:55,45m,"Phú Quốc (PQC)
Sân bay Phú Quốc",,,2025-04-07
Vietnam Airlines,PQC0280,1.762.190 VND/khách,15:05,22 thg 4,22 thg 4,16:10,1h 5m,"Phú Quốc (PQC)
Sân bay Phú Quốc",,,2025-04-07
Vietnam Airlines,PQC0261,1.846.152 VND/khách,13:05,22 thg 4,22 thg 4,14:00,55m,"Phú Quốc (PQC)
Sân bay Phú Quốc",,,2025-04-07
Vietnam Airlines,PQC0237,1.846.152 VND/khách,10:25,22 thg 4,22 thg 4,11:25,1h 0m,"Phú Quốc (PQC)
Sân bay Phú Quốc",,,2025-04-07
Vietravel Airlines,PQC0335,756.000 VND/khách,17:25,23 thg 4,23 thg 4,18:25,1h 0m,"Phú Quốc (PQC)
Sân bay Phú Quốc",,,2025-04-07
Vietnam Airlines,PQC0173,811.725 VND/khách,05:25,23 thg 4,23 thg 4,06:20,55m,"Phú Quốc (PQC)
Sân bay Phú Quốc",,,2025-04-07
VietJet Air,PQC0029,837.000 VND/khách,05:55,23 thg 4,23 thg 4,06:55,1h 0m,"Phú Quốc (PQC)
Sân bay Phú Quốc",,,2025-04-07
VietJet Air,PQC0121,837.000 VND/khách,15:40,23 thg 4,23 thg 4,16:40,1h 0m,"Phú Quốc (PQC)
Sân bay Phú Quốc",,,2025-04-07
VietJet Air,PQC0144,837.000 VND/khách,17:10,23 thg 4,23 thg 4,18:15,1h 5m,"Phú Quốc (PQC)
Sân bay Phú Quốc",,,2025-04-07
VietJet Air,PQC0100,1.169.000 VND/khách,14:05,23 thg 4,23 thg 4,15:05,1h 0m,"Phú Quốc (PQC)
Sân bay Phú Quốc",,,2025-04-07
Bamboo Airways,PQC0010,1.173.625 VND/khách,16:30,23 thg 4,23 thg 4,17:30,1h 0m,"Phú Quốc (PQC)
Sân bay Phú Quốc",,,2025-04-07
Vietnam Airlines,PQC0194,1.248.648 VND/khách,05:40,23 thg 4,23 thg 4,06:40,1h 0m,"Phú Quốc (PQC)
Sân bay Phú Quốc",,,2025-04-07
VietJet Air,PQC0054,1.302.000 VND/khách,09:20,23 thg 4,23 thg 4,10:20,1h 0m,"Phú Quốc (PQC)
Sân bay Phú Quốc",,,2025-04-07
VietJet Air,PQC0078,1.302.000 VND/khách,11:35,23 thg 4,23 thg 4,12:35,1h 0m,"Phú Quốc (PQC)
Sân bay Phú Quốc",,,2025-04-07
Vietnam Airlines,PQC0215,1.762.190 VND/khách,08:10,23 thg 4,23 thg 4,08:55,45m,"Phú Quốc (PQC)
Sân bay Phú Quốc",,,2025-04-07
Vietnam Airlines,PQC0262,1.762.190 VND/khách,13:05,23 thg 4,23 thg 4,14:00,55m,"Phú Quốc (PQC)
Sân bay Phú Quốc",,,2025-04-07
Vietnam Airlines,PQC0281,1.762.190 VND/khách,15:05,23 thg 4,23 thg 4,16:10,1h 5m,"Phú Quốc (PQC)
Sân bay Phú Quốc",,,2025-04-07
Vietnam Airlines,PQC0238,1.852.266 VND/khách,10:25,23 thg 4,23 thg 4,11:25,1h 0m,"Phú Quốc (PQC)
Sân bay Phú Quốc",,,2025-04-07
Vietravel Airlines,PQC0336,1.139.000 VND/khách,17:25,24 thg 4,24 thg 4,18:25,1h 0m,"Phú Quốc (PQC)
Sân bay Phú Quốc",,,2025-04-07
VietJet Air,PQC0030,1.157.000 VND/khách,05:55,24 thg 4,24 thg 4,06:55,1h 0m,"Phú Quốc (PQC)
Sân bay Phú Quốc",,,2025-04-07
Vietnam Airlines,PQC0174,1.248.648 VND/khách,05:25,24 thg 4,24 thg 4,06:20,55m,"Phú Quốc (PQC)
Sân bay Phú Quốc",,,2025-04-07
VietJet Air,PQC0101,1.293.000 VND/khách,14:05,24 thg 4,24 thg 4,15:05,1h 0m,"Phú Quốc (PQC)
Sân bay Phú Quốc",,,2025-04-07
VietJet Air,PQC0122,1.293.000 VND/khách,15:40,24 thg 4,24 thg 4,16:40,1h 0m,"Phú Quốc (PQC)
Sân bay Phú Quốc",,,2025-04-07
VietJet Air,PQC0039,1.293.000 VND/khách,08:25,24 thg 4,24 thg 4,09:30,1h 5m,"Phú Quốc (PQC)
Sân bay Phú Quốc",,,2025-04-07
VietJet Air,PQC0145,1.293.000 VND/khách,17:10,24 thg 4,24 thg 4,18:15,1h 5m,"Phú Quốc (PQC)
Sân bay Phú Quốc",,,2025-04-07
VietJet Air,PQC0158,1.293.000 VND/khách,17:40,24 thg 4,24 thg 4,18:45,1h 5m,"Phú Quốc (PQC)
Sân bay Phú Quốc",,,2025-04-07
Vietnam Airlines,PQC0195,1.360.468 VND/khách,05:40,24 thg 4,24 thg 4,06:40,1h 0m,"Phú Quốc (PQC)
Sân bay Phú Quốc",,,2025-04-07
VietJet Air,PQC0055,1.411.000 VND/khách,09:20,24 thg 4,24 thg 4,10:20,1h 0m,"Phú Quốc (PQC)
Sân bay Phú Quốc",,,2025-04-07
VietJet Air,PQC0079,1.411.000 VND/khách,11:35,24 thg 4,24 thg 4,12:35,1h 0m,"Phú Quốc (PQC)
Sân bay Phú Quốc",,,2025-04-07
Vietnam Airlines,PQC0282,1.762.190 VND/khách,15:05,24 thg 4,24 thg 4,16:10,1h 5m,"Phú Quốc (PQC)
Sân bay Phú Quốc",,,2025-04-07
Vietnam Airlines,PQC0239,1.846.152 VND/khách,10:25,24 thg 4,24 thg 4,11:25,1h 0m,"Phú Quốc (PQC)
Sân bay Phú Quốc",,,2025-04-07
Vietnam Airlines,PQC0217,1.852.266 VND/khách,08:10,24 thg 4,24 thg 4,08:55,45m,"Phú Quốc (PQC)
Sân bay Phú Quốc",,,2025-04-07
Vietnam Airlines,PQC0263,1.852.266 VND/khách,13:05,24 thg 4,24 thg 4,14:00,55m,"Phú Quốc (PQC)
Sân bay Phú Quốc",,,2025-04-07
Vietravel Airlines,PQC0337,1.140.000 VND/khách,17:25,25 thg 4,25 thg 4,18:25,1h 0m,"Phú Quốc (PQC)
Sân bay Phú Quốc",,,2025-04-07
VietJet Air,PQC0031,1.302.000 VND/khách,05:55,25 thg 4,25 thg 4,06:55,1h 0m,"Phú Quốc (PQC)
Sân bay Phú Quốc",,,2025-04-07
VietJet Air,PQC0123,1.302.000 VND/khách,15:40,25 thg 4,25 thg 4,16:40,1h 0m,"Phú Quốc (PQC)
Sân bay Phú Quốc",,,2025-04-07
VietJet Air,PQC0146,1.302.000 VND/khách,17:10,25 thg 4,25 thg 4,18:15,1h 5m,"Phú Quốc (PQC)
Sân bay Phú Quốc",,,2025-04-07
Vietnam Airlines,PQC0175,1.360.468 VND/khách,05:25,25 thg 4,25 thg 4,06:20,55m,"Phú Quốc (PQC)
Sân bay Phú Quốc",,,2025-04-07
VietJet Air,PQC0102,1.450.000 VND/khách,14:05,25 thg 4,25 thg 4,15:05,1h 0m,"Phú Quốc (PQC)
Sân bay Phú Quốc",,,2025-04-07
Bamboo Airways,PQC0011,1.517.000 VND/khách,16:30,25 thg 4,25 thg 4,17:30,1h 0m,"Phú Quốc (PQC)
Sân bay Phú Quốc",,,2025-04-07
Vietnam Airlines,PQC0196,1.572.718 VND/khách,05:40,25 thg 4,25 thg 4,06:40,1h 0m,"Phú Quốc (PQC)
Sân bay Phú Quốc",,,2025-04-07
VietJet Air,PQC0080,1.601.000 VND/khách,11:35,25 thg 4,25 thg 4,12:35,1h 0m,"Phú Quốc (PQC)
Sân bay Phú Quốc",,,2025-04-07
VietJet Air,PQC0056,1.715.000 VND/khách,09:20,25 thg 4,25 thg 4,10:20,1h 0m,"Phú Quốc (PQC)
Sân bay Phú Quốc",,,2025-04-07
Vietnam Airlines,PQC0311,1.762.190 VND/khách,20:20,25 thg 4,25 thg 4,21:20,1h 0m,"Phú Quốc (PQC)
Sân bay Phú Quốc",,,2025-04-07
Vietnam Airlines,PQC0218,1.911.087 VND/khách,08:10,25 thg 4,25 thg 4,08:55,45m,"Phú Quốc (PQC)
Sân bay Phú Quốc",,,2025-04-07
Vietnam Airlines,PQC0240,1.911.087 VND/khách,10:25,25 thg 4,25 thg 4,11:25,1h 0m,"Phú Quốc (PQC)
Sân bay Phú Quốc",,,2025-04-07
Vietnam Airlines,PQC0250,1.911.087 VND/khách,13:00,25 thg 4,25 thg 4,14:00,1h 0m,"Phú Quốc (PQC)
Sân bay Phú Quốc",,,2025-04-07
Vietnam Airlines,PQC0283,1.911.087 VND/khách,15:05,25 thg 4,25 thg 4,16:10,1h 5m,"Phú Quốc (PQC)
Sân bay Phú Quốc",,,2025-04-07
VietJet Air,PQC0124,1.028.000 VND/khách,15:40,26 thg 4,26 thg 4,16:40,1h 0m,"Phú Quốc (PQC)
Sân bay Phú Quốc",,,2025-04-07
VietJet Air,PQC0147,1.028.000 VND/khách,17:10,26 thg 4,26 thg 4,18:15,1h 5m,"Phú Quốc (PQC)
Sân bay Phú Quốc",,,2025-04-07
Vietravel Airlines,PQC0338,1.065.000 VND/khách,17:25,26 thg 4,26 thg 4,18:25,1h 0m,"Phú Quốc (PQC)
Sân bay Phú Quốc",,,2025-04-07
VietJet Air,PQC0032,1.157.000 VND/khách,05:55,26 thg 4,26 thg 4,06:55,1h 0m,"Phú Quốc (PQC)
Sân bay Phú Quốc",,,2025-04-07
Vietnam Airlines,PQC0176,1.248.648 VND/khách,05:25,26 thg 4,26 thg 4,06:20,55m,"Phú Quốc (PQC)
Sân bay Phú Quốc",,,2025-04-07
VietJet Air,PQC0103,1.294.000 VND/khách,14:05,26 thg 4,26 thg 4,15:05,1h 0m,"Phú Quốc (PQC)
Sân bay Phú Quốc",,,2025-04-07
Vietnam Airlines,PQC0197,1.360.468 VND/khách,05:40,26 thg 4,26 thg 4,06:40,1h 0m,"Phú Quốc (PQC)
Sân bay Phú Quốc",,,2025-04-07
VietJet Air,PQC0057,1.593.000 VND/khách,09:20,26 thg 4,26 thg 4,10:20,1h 0m,"Phú Quốc (PQC)
Sân bay Phú Quốc",,,2025-04-07
VietJet Air,PQC0081,1.593.000 VND/khách,11:35,26 thg 4,26 thg 4,12:35,1h 0m,"Phú Quốc (PQC)
Sân bay Phú Quốc",,,2025-04-07
Vietnam Airlines,PQC0312,1.673.147 VND/khách,20:20,26 thg 4,26 thg 4,21:20,1h 0m,"Phú Quốc (PQC)
Sân bay Phú Quốc",,,2025-04-07
Vietnam Airlines,PQC0219,1.852.266 VND/khách,08:10,26 thg 4,26 thg 4,08:55,45m,"Phú Quốc (PQC)
Sân bay Phú Quốc",,,2025-04-07
Vietnam Airlines,PQC0284,1.852.266 VND/khách,15:05,26 thg 4,26 thg 4,16:10,1h 5m,"Phú Quốc (PQC)
Sân bay Phú Quốc",,,2025-04-07
Vietnam Airlines,PQC0264,1.906.092 VND/khách,13:05,26 thg 4,26 thg 4,14:00,55m,"Phú Quốc (PQC)
Sân bay Phú Quốc",,,2025-04-07
Vietnam Airlines,PQC0241,1.906.092 VND/khách,10:25,26 thg 4,26 thg 4,11:25,1h 0m,"Phú Quốc (PQC)
Sân bay Phú Quốc",,,2025-04-07
VietJet Air,PQC0148,807.000 VND/khách,17:10,27 thg 4,27 thg 4,18:15,1h 5m,"Phú Quốc (PQC)
Sân bay Phú Quốc",,,2025-04-07
Vietravel Airlines,PQC0339,888.000 VND/khách,17:25,27 thg 4,27 thg 4,18:25,1h 0m,"Phú Quốc (PQC)
Sân bay Phú Quốc",,,2025-04-07
Vietnam Airlines,PQC0177,923.544 VND/khách,05:25,27 thg 4,27 thg 4,06:20,55m,"Phú Quốc (PQC)
Sân bay Phú Quốc",,,2025-04-07
VietJet Air,PQC0033,1.028.000 VND/khách,05:55,27 thg 4,27 thg 4,06:55,1h 0m,"Phú Quốc (PQC)
Sân bay Phú Quốc",,,2025-04-07
VietJet Air,PQC0125,1.028.000 VND/khách,15:40,27 thg 4,27 thg 4,16:40,1h 0m,"Phú Quốc (PQC)
Sân bay Phú Quốc",,,2025-04-07
Vietnam Airlines,PQC0198,1.136.829 VND/khách,05:40,27 thg 4,27 thg 4,06:40,1h 0m,"Phú Quốc (PQC)
Sân bay Phú Quốc",,,2025-04-07
VietJet Air,PQC0104,1.157.000 VND/khách,14:05,27 thg 4,27 thg 4,15:05,1h 0m,"Phú Quốc (PQC)
Sân bay Phú Quốc",,,2025-04-07
Bamboo Airways,PQC0012,1.173.625 VND/khách,16:30,27 thg 4,27 thg 4,17:30,1h 0m,"Phú Quốc (PQC)
Sân bay Phú Quốc",,,2025-04-07
VietJet Air,PQC0058,1.294.000 VND/khách,09:20,27 thg 4,27 thg 4,10:20,1h 0m,"Phú Quốc (PQC)
Sân bay Phú Quốc",,,2025-04-07
VietJet Air,PQC0082,1.294.000 VND/khách,11:35,27 thg 4,27 thg 4,12:35,1h 0m,"Phú Quốc (PQC)
Sân bay Phú Quốc",,,2025-04-07
Vietnam Airlines,PQC0313,1.472.287 VND/khách,20:20,27 thg 4,27 thg 4,21:20,1h 0m,"Phú Quốc (PQC)
Sân bay Phú Quốc",,,2025-04-07
Vietnam Airlines,PQC0285,1.673.147 VND/khách,15:05,27 thg 4,27 thg 4,16:10,1h 5m,"Phú Quốc (PQC)
Sân bay Phú Quốc",,,2025-04-07
Vietnam Airlines,PQC0220,1.852.266 VND/khách,08:10,27 thg 4,27 thg 4,08:55,45m,"Phú Quốc (PQC)
Sân bay Phú Quốc",,,2025-04-07
Vietnam Airlines,PQC0265,1.852.266 VND/khách,13:05,27 thg 4,27 thg 4,14:00,55m,"Phú Quốc (PQC)
Sân bay Phú Quốc",,,2025-04-07
Vietnam Airlines,PQC0242,1.911.087 VND/khách,10:25,27 thg 4,27 thg 4,11:25,1h 0m,"Phú Quốc (PQC)
Sân bay Phú Quốc",,,2025-04-07
Vietravel Airlines,PQC0329,1.078.298 VND/khách,17:25,08 thg 5,08 thg 5,18:25,1h 0m,"Phú Quốc (PQC)
Sân bay Phú Quốc",Hành lý xách tay 7 kg,Hành lý 0 kg,2025-05-07
VietJet Air,PQC0023,1.163.000 VND/khách,05:55,08 thg 5,08 thg 5,06:55,1h 0m,"Phú Quốc (PQC)
Sân bay Phú Quốc",Hành lý xách tay 7 kg,Hành lý 0 kg,2025-05-07
VietJet Air,PQC0115,1.163.000 VND/khách,15:40,08 thg 5,08 thg 5,16:40,1h 0m,"Phú Quốc (PQC)
Sân bay Phú Quốc",Hành lý xách tay 7 kg,Hành lý 0 kg,2025-05-07
VietJet Air,PQC0038,1.163.000 VND/khách,08:25,08 thg 5,08 thg 5,09:30,1h 5m,"Phú Quốc (PQC)
Sân bay Phú Quốc",Hành lý xách tay 7 kg,Hành lý 0 kg,2025-05-07
VietJet Air,PQC0138,1.163.000 VND/khách,17:10,08 thg 5,08 thg 5,18:15,1h 5m,"Phú Quốc (PQC)
Sân bay Phú Quốc",Hành lý xách tay 7 kg,Hành lý 0 kg,2025-05-07
VietJet Air,PQC0155,1.163.000 VND/khách,17:40,08 thg 5,08 thg 5,18:45,1h 5m,"Phú Quốc (PQC)
Sân bay Phú Quốc",Hành lý xách tay 7 kg,Hành lý 0 kg,2025-05-07
VietJet Air,PQC0094,1.284.000 VND/khách,14:05,08 thg 5,08 thg 5,15:05,1h 0m,"Phú Quốc (PQC)
Sân bay Phú Quốc",Hành lý xách tay 7 kg,Hành lý 0 kg,2025-05-07
Vietnam Airlines,PQC0188,1.411.137 VND/khách,05:40,08 thg 5,08 thg 5,06:40,1h 0m,"Phú Quốc (PQC)
Sân bay Phú Quốc",Hành lý xách tay 10 kg,Hành lý 23 kg,2025-05-07
VietJet Air,PQC0048,1.423.000 VND/khách,09:20,08 thg 5,08 thg 5,10:20,1h 0m,"Phú Quốc (PQC)
Sân bay Phú Quốc",Hành lý xách tay 7 kg,Hành lý 0 kg,2025-05-07
VietJet Air,PQC0072,1.423.000 VND/khách,11:35,08 thg 5,08 thg 5,12:35,1h 0m,"Phú Quốc (PQC)
Sân bay Phú Quốc",Hành lý xách tay 7 kg,Hành lý 0 kg,2025-05-07
Vietnam Airlines,PQC0275,1.527.121 VND/khách,15:05,08 thg 5,08 thg 5,16:10,1h 5m,"Phú Quốc (PQC)
Sân bay Phú Quốc",Hành lý xách tay 10 kg,Hành lý 23 kg,2025-05-07
Vietnam Airlines,PQC0257,1.748.250 VND/khách,13:05,08 thg 5,08 thg 5,14:00,55m,"Phú Quốc (PQC)
Sân bay Phú Quốc",Hành lý xách tay 10 kg,Hành lý 23 kg,2025-05-07
Vietnam Airlines,PQC0209,1.900.486 VND/khách,08:10,08 thg 5,08 thg 5,08:55,45m,"Phú Quốc (PQC)
Sân bay Phú Quốc",Hành lý xách tay 10 kg,Hành lý 23 kg,2025-05-07
Vietnam Airlines,PQC0232,1.900.486 VND/khách,10:25,08 thg 5,08 thg 5,11:25,1h 0m,"Phú Quốc (PQC)
Sân bay Phú Quốc",Hành lý xách tay 10 kg,Hành lý 23 kg,2025-05-07
Vietravel Airlines,PQC0330,1.153.110 VND/khách,17:25,09 thg 5,09 thg 5,18:25,1h 0m,"Phú Quốc (PQC)
Sân bay Phú Quốc",Hành lý xách tay 7 kg,Hành lý 0 kg,2025-05-07
Bamboo Airways,PQC0007,1.167.757 VND/khách,16:30,09 thg 5,09 thg 5,17:30,1h 0m,"Phú Quốc (PQC)
Sân bay Phú Quốc",Hành lý xách tay 7 kg,Hành lý 0 kg,2025-05-07
VietJet Air,PQC0116,1.295.000 VND/khách,15:40,09 thg 5,09 thg 5,16:40,1h 0m,"Phú Quốc (PQC)
Sân bay Phú Quốc",Hành lý xách tay 7 kg,Hành lý 0 kg,2025-05-07
VietJet Air,PQC0139,1.295.000 VND/khách,17:10,09 thg 5,09 thg 5,18:15,1h 5m,"Phú Quốc (PQC)
Sân bay Phú Quốc",Hành lý xách tay 7 kg,Hành lý 0 kg,2025-05-07
VietJet Air,PQC0024,1.411.000 VND/khách,05:55,09 thg 5,09 thg 5,06:55,1h 0m,"Phú Quốc (PQC)
Sân bay Phú Quốc",Hành lý xách tay 7 kg,Hành lý 0 kg,2025-05-07
Vietnam Airlines,PQC0309,1.541.457 VND/khách,20:20,09 thg 5,09 thg 5,21:20,1h 0m,"Phú Quốc (PQC)
Sân bay Phú Quốc",Hành lý xách tay 10 kg,Hành lý 23 kg,2025-05-07
VietJet Air,PQC0095,1.565.000 VND/khách,14:05,09 thg 5,09 thg 5,15:05,1h 0m,"Phú Quốc (PQC)
Sân bay Phú Quốc",Hành lý xách tay 7 kg,Hành lý 0 kg,2025-05-07
VietJet Air,PQC0049,1.686.000 VND/khách,09:20,09 thg 5,09 thg 5,10:20,1h 0m,"Phú Quốc (PQC)
Sân bay Phú Quốc",Hành lý xách tay 7 kg,Hành lý 0 kg,2025-05-07
VietJet Air,PQC0073,1.686.000 VND/khách,11:35,09 thg 5,09 thg 5,12:35,1h 0m,"Phú Quốc (PQC)
Sân bay Phú Quốc",Hành lý xách tay 7 kg,Hành lý 0 kg,2025-05-07
Vietnam Airlines,PQC0276,1.714.284 VND/khách,15:05,09 thg 5,09 thg 5,16:10,1h 5m,"Phú Quốc (PQC)
Sân bay Phú Quốc",Hành lý xách tay 10 kg,Hành lý 23 kg,2025-05-07
Vietnam Airlines,PQC0189,1.743.255 VND/khách,05:40,09 thg 5,09 thg 5,06:40,1h 0m,"Phú Quốc (PQC)
Sân bay Phú Quốc",Hành lý xách tay 10 kg,Hành lý 23 kg,2025-05-07
Vietnam Airlines,PQC0249,1.959.373 VND/khách,13:00,09 thg 5,09 thg 5,14:00,1h 0m,"Phú Quốc (PQC)
Sân bay Phú Quốc",Hành lý xách tay 10 kg,Hành lý 23 kg,2025-05-07
Vietnam Airlines,PQC0233,2.016.981 VND/khách,10:25,09 thg 5,09 thg 5,11:25,1h 0m,"Phú Quốc (PQC)
Sân bay Phú Quốc",Hành lý xách tay 10 kg,Hành lý 23 kg,2025-05-07
Vietravel Airlines,PQC0331,981.211 VND/khách,17:25,10 thg 5,10 thg 5,18:25,1h 0m,"Phú Quốc (PQC)
Sân bay Phú Quốc",Hành lý xách tay 7 kg,Hành lý 0 kg,2025-05-07
VietJet Air,PQC0140,1.156.000 VND/khách,17:10,10 thg 5,10 thg 5,18:15,1h 5m,"Phú Quốc (PQC)
Sân bay Phú Quốc",Hành lý xách tay 7 kg,Hành lý 0 kg,2025-05-07
VietJet Air,PQC0096,1.299.000 VND/khách,14:05,10 thg 5,10 thg 5,15:05,1h 0m,"Phú Quốc (PQC)
Sân bay Phú Quốc",Hành lý xách tay 7 kg,Hành lý 0 kg,2025-05-07
VietJet Air,PQC0117,1.299.000 VND/khách,15:40,10 thg 5,10 thg 5,16:40,1h 0m,"Phú Quốc (PQC)
Sân bay Phú Quốc",Hành lý xách tay 7 kg,Hành lý 0 kg,2025-05-07
Vietnam Airlines,PQC0277,1.545.453 VND/khách,15:05,10 thg 5,10 thg 5,16:10,1h 5m,"Phú Quốc (PQC)
Sân bay Phú Quốc",Hành lý xách tay 10 kg,Hành lý 23 kg,2025-05-07
VietJet Air,PQC0025,1.570.000 VND/khách,05:55,10 thg 5,10 thg 5,06:55,1h 0m,"Phú Quốc (PQC)
Sân bay Phú Quốc",Hành lý xách tay 7 kg,Hành lý 0 kg,2025-05-07
VietJet Air,PQC0074,1.777.000 VND/khách,11:35,10 thg 5,10 thg 5,12:35,1h 0m,"Phú Quốc (PQC)
Sân bay Phú Quốc",Hành lý xách tay 7 kg,Hành lý 0 kg,2025-05-07
Vietnam Airlines,PQC0258,1.844.648 VND/khách,13:05,10 thg 5,10 thg 5,14:00,55m,"Phú Quốc (PQC)
Sân bay Phú Quốc",Hành lý xách tay 10 kg,Hành lý 23 kg,2025-05-07
Vietnam Airlines,PQC0190,1.954.202 VND/khách,05:40,10 thg 5,10 thg 5,06:40,1h 0m,"Phú Quốc (PQC)
Sân bay Phú Quốc",Hành lý xách tay 10 kg,Hành lý 23 kg,2025-05-07
Vietnam Airlines,PQC0211,1.959.373 VND/khách,08:10,10 thg 5,10 thg 5,08:55,45m,"Phú Quốc (PQC)
Sân bay Phú Quốc",Hành lý xách tay 10 kg,Hành lý 23 kg,2025-05-07
Vietnam Airlines,PQC0234,1.959.373 VND/khách,10:25,10 thg 5,10 thg 5,11:25,1h 0m,"Phú Quốc (PQC)
Sân bay Phú Quốc",Hành lý xách tay 10 kg,Hành lý 23 kg,2025-05-07
Vietravel Airlines,PQC0332,766.476 VND/khách,17:25,11 thg 5,11 thg 5,18:25,1h 0m,"Phú Quốc (PQC)
Sân bay Phú Quốc",Hành lý xách tay 7 kg,Hành lý 0 kg,2025-05-07
Bamboo Airways,PQC0008,782.244 VND/khách,16:30,11 thg 5,11 thg 5,17:30,1h 0m,"Phú Quốc (PQC)
Sân bay Phú Quốc",Hành lý xách tay 7 kg,Hành lý 0 kg,2025-05-07
VietJet Air,PQC0141,825.000 VND/khách,17:10,11 thg 5,11 thg 5,18:15,1h 5m,"Phú Quốc (PQC)
Sân bay Phú Quốc",Hành lý xách tay 7 kg,Hành lý 0 kg,2025-05-07
VietJet Air,PQC0118,837.000 VND/khách,15:40,11 thg 5,11 thg 5,16:40,1h 0m,"Phú Quốc (PQC)
Sân bay Phú Quốc",Hành lý xách tay 7 kg,Hành lý 0 kg,2025-05-07
VietJet Air,PQC0026,1.043.000 VND/khách,05:55,11 thg 5,11 thg 5,06:55,1h 0m,"Phú Quốc (PQC)
Sân bay Phú Quốc",Hành lý xách tay 7 kg,Hành lý 0 kg,2025-05-07
VietJet Air,PQC0097,1.043.000 VND/khách,14:05,11 thg 5,11 thg 5,15:05,1h 0m,"Phú Quốc (PQC)
Sân bay Phú Quốc",Hành lý xách tay 7 kg,Hành lý 0 kg,2025-05-07
Vietnam Airlines,PQC0310,1.165.833 VND/khách,20:20,11 thg 5,11 thg 5,21:20,1h 0m,"Phú Quốc (PQC)
Sân bay Phú Quốc",Hành lý xách tay 10 kg,Hành lý 23 kg,2025-05-07
VietJet Air,PQC0075,1.262.000 VND/khách,11:35,11 thg 5,11 thg 5,12:35,1h 0m,"Phú Quốc (PQC)
Sân bay Phú Quốc",Hành lý xách tay 7 kg,Hành lý 0 kg,2025-05-07
Vietnam Airlines,PQC0278,1.263.735 VND/khách,15:05,11 thg 5,11 thg 5,16:10,1h 5m,"Phú Quốc (PQC)
Sân bay Phú Quốc",Hành lý xách tay 10 kg,Hành lý 23 kg,2025-05-07
VietJet Air,PQC0051,1.299.000 VND/khách,09:20,11 thg 5,11 thg 5,10:20,1h 0m,"Phú Quốc (PQC)
Sân bay Phú Quốc",Hành lý xách tay 7 kg,Hành lý 0 kg,2025-05-07
Vietnam Airlines,PQC0259,1.365.633 VND/khách,13:05,11 thg 5,11 thg 5,14:00,55m,"Phú Quốc (PQC)
Sân bay Phú Quốc",Hành lý xách tay 10 kg,Hành lý 23 kg,2025-05-07
Vietnam Airlines,PQC0191,1.545.453 VND/khách,05:40,11 thg 5,11 thg 5,06:40,1h 0m,"Phú Quốc (PQC)
Sân bay Phú Quốc",Hành lý xách tay 10 kg,Hành lý 23 kg,2025-05-07
Vietnam Airlines,PQC0235,1.545.453 VND/khách,10:25,11 thg 5,11 thg 5,11:25,1h 0m,"Phú Quốc (PQC)
Sân bay Phú Quốc",Hành lý xách tay 10 kg,Hành lý 23 kg,2025-05-07
Vietnam Airlines,PQC0212,1.707.291 VND/khách,08:10,11 thg 5,11 thg 5,08:55,45m,"Phú Quốc (PQC)
Sân bay Phú Quốc",Hành lý xách tay 10 kg,Hành lý 23 kg,2025-05-07
Vietravel Airlines,PQC0330,1.162.033 VND/khách,17:25,09 thg 5,09 thg 5,18:25,1h 0m,"Phú Quốc (PQC)
Sân bay Phú Quốc",Hành lý xách tay 7 kg,Hành lý 0 kg,2025-05-08
Bamboo Airways,PQC0007,1.013.756 VND/khách,16:30,09 thg 5,09 thg 5,17:30,1h 0m,"Phú Quốc (PQC)
Sân bay Phú Quốc",Hành lý xách tay 7 kg,Hành lý 0 kg,2025-05-08
VietJet Air,PQC0116,1.280.000 VND/khách,15:40,09 thg 5,09 thg 5,16:40,1h 0m,"Phú Quốc (PQC)
Sân bay Phú Quốc",Hành lý xách tay 7 kg,Hành lý 0 kg,2025-05-08
VietJet Air,PQC0139,1.280.000 VND/khách,17:10,09 thg 5,09 thg 5,18:15,1h 5m,"Phú Quốc (PQC)
Sân bay Phú Quốc",Hành lý xách tay 7 kg,Hành lý 0 kg,2025-05-08
VietJet Air,PQC0024,1.415.000 VND/khách,05:55,09 thg 5,09 thg 5,06:55,1h 0m,"Phú Quốc (PQC)
Sân bay Phú Quốc",Hành lý xách tay 7 kg,Hành lý 0 kg,2025-05-08
VietJet Air,PQC0095,1.611.513 VND/khách,14:05,09 thg 5,09 thg 5,15:05,1h 0m,"Phú Quốc (PQC)
Sân bay Phú Quốc",Hành lý xách tay 7 kg,Hành lý 0 kg,2025-05-08
VietJet Air,PQC0049,1.735.863 VND/khách,09:20,09 thg 5,09 thg 5,10:20,1h 0m,"Phú Quốc (PQC)
Sân bay Phú Quốc",Hành lý xách tay 7 kg,Hành lý 0 kg,2025-05-08
VietJet Air,PQC0073,1.735.863 VND/khách,11:35,09 thg 5,09 thg 5,12:35,1h 0m,"Phú Quốc (PQC)
Sân bay Phú Quốc",Hành lý xách tay 7 kg,Hành lý 0 kg,2025-05-08
Vietnam Airlines,PQC0309,1.827.820 VND/khách,20:20,09 thg 5,09 thg 5,21:20,1h 0m,"Phú Quốc (PQC)
Sân bay Phú Quốc",Hành lý xách tay 10 kg,Hành lý 23 kg,2025-05-08
Vietnam Airlines,PQC0189,1.921.252 VND/khách,05:40,09 thg 5,09 thg 5,06:40,1h 0m,"Phú Quốc (PQC)
Sân bay Phú Quốc",Hành lý xách tay 10 kg,Hành lý 23 kg,2025-05-08
Vietnam Airlines,PQC0276,1.921.252 VND/khách,15:05,09 thg 5,09 thg 5,16:10,1h 5m,"Phú Quốc (PQC)
Sân bay Phú Quốc",Hành lý xách tay 10 kg,Hành lý 23 kg,2025-05-08
Vietnam Airlines,PQC0233,2.040.458 VND/khách,10:25,09 thg 5,09 thg 5,11:25,1h 0m,"Phú Quốc (PQC)
Sân bay Phú Quốc",Hành lý xách tay 10 kg,Hành lý 23 kg,2025-05-08
Vietnam Airlines,PQC0249,2.045.827 VND/khách,13:00,09 thg 5,09 thg 5,14:00,1h 0m,"Phú Quốc (PQC)
Sân bay Phú Quốc",Hành lý xách tay 10 kg,Hành lý 23 kg,2025-05-08
Vietravel Airlines,PQC0331,951.615 VND/khách,17:25,10 thg 5,10 thg 5,18:25,1h 0m,"Phú Quốc (PQC)
Sân bay Phú Quốc",Hành lý xách tay 7 kg,Hành lý 0 kg,2025-05-08
VietJet Air,PQC0140,1.145.000 VND/khách,17:10,10 thg 5,10 thg 5,18:15,1h 5m,"Phú Quốc (PQC)
Sân bay Phú Quốc",Hành lý xách tay 7 kg,Hành lý 0 kg,2025-05-08
VietJet Air,PQC0117,1.277.000 VND/khách,15:40,10 thg 5,10 thg 5,16:40,1h 0m,"Phú Quốc (PQC)
Sân bay Phú Quốc",Hành lý xách tay 7 kg,Hành lý 0 kg,2025-05-08
VietJet Air,PQC0096,1.411.000 VND/khách,14:05,10 thg 5,10 thg 5,15:05,1h 0m,"Phú Quốc (PQC)
Sân bay Phú Quốc",Hành lý xách tay 7 kg,Hành lý 0 kg,2025-05-08
Vietnam Airlines,PQC0277,1.477.521 VND/khách,15:05,10 thg 5,10 thg 5,16:10,1h 5m,"Phú Quốc (PQC)
Sân bay Phú Quốc",Hành lý xách tay 10 kg,Hành lý 23 kg,2025-05-08
VietJet Air,PQC0025,1.611.513 VND/khách,05:55,10 thg 5,10 thg 5,06:55,1h 0m,"Phú Quốc (PQC)
Sân bay Phú Quốc",Hành lý xách tay 7 kg,Hành lý 0 kg,2025-05-08
VietJet Air,PQC0074,1.811.000 VND/khách,11:35,10 thg 5,10 thg 5,12:35,1h 0m,"Phú Quốc (PQC)
Sân bay Phú Quốc",Hành lý xách tay 7 kg,Hành lý 0 kg,2025-05-08
Vietnam Airlines,PQC0190,1.941.057 VND/khách,05:40,10 thg 5,10 thg 5,06:40,1h 0m,"Phú Quốc (PQC)
Sân bay Phú Quốc",Hành lý xách tay 10 kg,Hành lý 23 kg,2025-05-08
Vietnam Airlines,PQC0258,1.968.030 VND/khách,13:05,10 thg 5,10 thg 5,14:00,55m,"Phú Quốc (PQC)
Sân bay Phú Quốc",Hành lý xách tay 10 kg,Hành lý 23 kg,2025-05-08
Vietnam Airlines,PQC0234,1.983.015 VND/khách,10:25,10 thg 5,10 thg 5,11:25,1h 0m,"Phú Quốc (PQC)
Sân bay Phú Quốc",Hành lý xách tay 10 kg,Hành lý 23 kg,2025-05-08
Vietnam Airlines,PQC0211,2.008.989 VND/khách,08:10,10 thg 5,10 thg 5,08:55,45m,"Phú Quốc (PQC)
Sân bay Phú Quốc",Hành lý xách tay 10 kg,Hành lý 23 kg,2025-05-08
Vietravel Airlines,PQC0332,690.270 VND/khách,17:25,11 thg 5,11 thg 5,18:25,1h 0m,"Phú Quốc (PQC)
Sân bay Phú Quốc",Hành lý xách tay 7 kg,Hành lý 0 kg,2025-05-08
Bamboo Airways,PQC0008,782.244 VND/khách,16:30,11 thg 5,11 thg 5,17:30,1h 0m,"Phú Quốc (PQC)
Sân bay Phú Quốc",Hành lý xách tay 7 kg,Hành lý 0 kg,2025-05-08
VietJet Air,PQC0141,812.000 VND/khách,17:10,11 thg 5,11 thg 5,18:15,1h 5m,"Phú Quốc (PQC)
Sân bay Phú Quốc",Hành lý xách tay 7 kg,Hành lý 0 kg,2025-05-08
VietJet Air,PQC0026,1.022.000 VND/khách,05:55,11 thg 5,11 thg 5,06:55,1h 0m,"Phú Quốc (PQC)
Sân bay Phú Quốc",Hành lý xách tay 7 kg,Hành lý 0 kg,2025-05-08
VietJet Air,PQC0097,1.022.000 VND/khách,14:05,11 thg 5,11 thg 5,15:05,1h 0m,"Phú Quốc (PQC)
Sân bay Phú Quốc",Hành lý xách tay 7 kg,Hành lý 0 kg,2025-05-08
VietJet Air,PQC0118,1.029.000 VND/khách,15:40,11 thg 5,11 thg 5,16:40,1h 0m,"Phú Quốc (PQC)
Sân bay Phú Quốc",Hành lý xách tay 7 kg,Hành lý 0 kg,2025-05-08
Vietnam Airlines,PQC0310,1.142.425 VND/khách,20:20,11 thg 5,11 thg 5,21:20,1h 0m,"Phú Quốc (PQC)
Sân bay Phú Quốc",Hành lý xách tay 10 kg,Hành lý 23 kg,2025-05-08
Vietnam Airlines,PQC0278,1.256.742 VND/khách,15:05,11 thg 5,11 thg 5,16:10,1h 5m,"Phú Quốc (PQC)
Sân bay Phú Quốc",Hành lý xách tay 10 kg,Hành lý 23 kg,2025-05-08
VietJet Air,PQC0075,1.258.000 VND/khách,11:35,11 thg 5,11 thg 5,12:35,1h 0m,"Phú Quốc (PQC)
Sân bay Phú Quốc",Hành lý xách tay 7 kg,Hành lý 0 kg,2025-05-08
VietJet Air,PQC0051,1.299.000 VND/khách,09:20,11 thg 5,11 thg 5,10:20,1h 0m,"Phú Quốc (PQC)
Sân bay Phú Quốc",Hành lý xách tay 7 kg,Hành lý 0 kg,2025-05-08
Vietnam Airlines,PQC0259,1.365.633 VND/khách,13:05,11 thg 5,11 thg 5,14:00,55m,"Phú Quốc (PQC)
Sân bay Phú Quốc",Hành lý xách tay 10 kg,Hành lý 23 kg,2025-05-08
Vietnam Airlines,PQC0235,1.536.462 VND/khách,10:25,11 thg 5,11 thg 5,11:25,1h 0m,"Phú Quốc (PQC)
Sân bay Phú Quốc",Hành lý xách tay 10 kg,Hành lý 23 kg,2025-05-08
Vietnam Airlines,PQC0191,1.580.459 VND/khách,05:40,11 thg 5,11 thg 5,06:40,1h 0m,"Phú Quốc (PQC)
Sân bay Phú Quốc",Hành lý xách tay 10 kg,Hành lý 23 kg,2025-05-08
Vietnam Airlines,PQC0212,1.702.296 VND/khách,08:10,11 thg 5,11 thg 5,08:55,45m,"Phú Quốc (PQC)
Sân bay Phú Quốc",Hành lý xách tay 10 kg,Hành lý 23 kg,2025-05-08
Vietravel Airlines,PQC0333,754.549 VND/khách,17:25,21 thg 4,21 thg 4,18:25,1h 0m,"Phú Quốc (PQC)
Sân bay Phú Quốc",,,2025-04-09
VietJet Air,PQC0027,823.701 VND/khách,05:55,21 thg 4,21 thg 4,06:55,1h 0m,"Phú Quốc (PQC)
Sân bay Phú Quốc",,,2025-04-09
VietJet Air,PQC0142,823.701 VND/khách,17:10,21 thg 4,21 thg 4,18:15,1h 5m,"Phú Quốc (PQC)
Sân bay Phú Quốc",,,2025-04-09
Vietnam Airlines,PQC0171,879.056 VND/khách,05:25,21 thg 4,21 thg 4,06:20,55m,"Phú Quốc (PQC)
Sân bay Phú Quốc",,,2025-04-09
Bamboo Airways,PQC0009,1.013.756 VND/khách,16:30,21 thg 4,21 thg 4,17:30,1h 0m,"Phú Quốc (PQC)
Sân bay Phú Quốc",,,2025-04-09
VietJet Air,PQC0119,1.042.497 VND/khách,15:40,21 thg 4,21 thg 4,16:40,1h 0m,"Phú Quốc (PQC)
Sân bay Phú Quốc",,,2025-04-09
VietJet Air,PQC0098,1.149.420 VND/khách,14:05,21 thg 4,21 thg 4,15:05,1h 0m,"Phú Quốc (PQC)
Sân bay Phú Quốc",,,2025-04-09
Vietnam Airlines,PQC0192,1.248.693 VND/khách,05:40,21 thg 4,21 thg 4,06:40,1h 0m,"Phú Quốc (PQC)
Sân bay Phú Quốc",,,2025-04-09
VietJet Air,PQC0052,1.291.983 VND/khách,09:20,21 thg 4,21 thg 4,10:20,1h 0m,"Phú Quốc (PQC)
Sân bay Phú Quốc",,,2025-04-09
VietJet Air,PQC0076,1.291.983 VND/khách,11:35,21 thg 4,21 thg 4,12:35,1h 0m,"Phú Quốc (PQC)
Sân bay Phú Quốc",,,2025-04-09
Vietnam Airlines,PQC0213,1.762.253 VND/khách,08:10,21 thg 4,21 thg 4,08:55,45m,"Phú Quốc (PQC)
Sân bay Phú Quốc",,,2025-04-09
Vietnam Airlines,PQC0236,1.907.091 VND/khách,10:25,21 thg 4,21 thg 4,11:25,1h 0m,"Phú Quốc (PQC)
Sân bay Phú Quốc",,,2025-04-09
Vietnam Airlines,PQC0279,1.907.091 VND/khách,15:05,21 thg 4,21 thg 4,16:10,1h 5m,"Phú Quốc (PQC)
Sân bay Phú Quốc",,,2025-04-09
Vietnam Airlines,PQC0260,1.983.015 VND/khách,13:05,21 thg 4,21 thg 4,14:00,55m,"Phú Quốc (PQC)
Sân bay Phú Quốc",,,2025-04-09
Vietravel Airlines,PQC0334,754.549 VND/khách,17:25,22 thg 4,22 thg 4,18:25,1h 0m,"Phú Quốc (PQC)
Sân bay Phú Quốc",,,2025-04-09
VietJet Air,PQC0028,823.701 VND/khách,05:55,22 thg 4,22 thg 4,06:55,1h 0m,"Phú Quốc (PQC)
Sân bay Phú Quốc",,,2025-04-09
VietJet Air,PQC0120,823.701 VND/khách,15:40,22 thg 4,22 thg 4,16:40,1h 0m,"Phú Quốc (PQC)
Sân bay Phú Quốc",,,2025-04-09
VietJet Air,PQC0143,823.701 VND/khách,17:10,22 thg 4,22 thg 4,18:15,1h 5m,"Phú Quốc (PQC)
Sân bay Phú Quốc",,,2025-04-09
Vietnam Airlines,PQC0172,879.056 VND/khách,05:25,22 thg 4,22 thg 4,06:20,55m,"Phú Quốc (PQC)
Sân bay Phú Quốc",,,2025-04-09
VietJet Air,PQC0099,1.150.410 VND/khách,14:05,22 thg 4,22 thg 4,15:05,1h 0m,"Phú Quốc (PQC)
Sân bay Phú Quốc",,,2025-04-09
Vietnam Airlines,PQC0193,1.248.693 VND/khách,05:40,22 thg 4,22 thg 4,06:40,1h 0m,"Phú Quốc (PQC)
Sân bay Phú Quốc",,,2025-04-09
VietJet Air,PQC0053,1.292.973 VND/khách,09:20,22 thg 4,22 thg 4,10:20,1h 0m,"Phú Quốc (PQC)
Sân bay Phú Quốc",,,2025-04-09
VietJet Air,PQC0077,1.292.973 VND/khách,11:35,22 thg 4,22 thg 4,12:35,1h 0m,"Phú Quốc (PQC)
Sân bay Phú Quốc",,,2025-04-09
Vietnam Airlines,PQC0214,1.762.253 VND/khách,08:10,22 thg 4,22 thg 4,08:55,45m,"Phú Quốc (PQC)
Sân bay Phú Quốc",,,2025-04-09
Vietnam Airlines,PQC0280,1.763.235 VND/khách,15:05,22 thg 4,22 thg 4,16:10,1h 5m,"Phú Quốc (PQC)
Sân bay Phú Quốc",,,2025-04-09
Vietnam Airlines,PQC0261,1.908.244 VND/khách,13:05,22 thg 4,22 thg 4,14:00,55m,"Phú Quốc (PQC)
Sân bay Phú Quốc",,,2025-04-09
Vietnam Airlines,PQC0237,1.908.244 VND/khách,10:25,22 thg 4,22 thg 4,11:25,1h 0m,"Phú Quốc (PQC)
Sân bay Phú Quốc",,,2025-04-09
Vietravel Airlines,PQC0335,754.549 VND/khách,17:25,23 thg 4,23 thg 4,18:25,1h 0m,"Phú Quốc (PQC)
Sân bay Phú Quốc",,,2025-04-09
VietJet Air,PQC0029,823.701 VND/khách,05:55,23 thg 4,23 thg 4,06:55,1h 0m,"Phú Quốc (PQC)
Sân bay Phú Quốc",,,2025-04-09
VietJet Air,PQC0129,823.701 VND/khách,16:25,23 thg 4,23 thg 4,17:25,1h 0m,"Phú Quốc (PQC)
Sân bay Phú Quốc",,,2025-04-09
VietJet Air,PQC0144,823.701 VND/khách,17:10,23 thg 4,23 thg 4,18:15,1h 5m,"Phú Quốc (PQC)
Sân bay Phú Quốc",,,2025-04-09
Vietnam Airlines,PQC0173,905.094 VND/khách,05:25,23 thg 4,23 thg 4,06:20,55m,"Phú Quốc (PQC)
Sân bay Phú Quốc",,,2025-04-09
Bamboo Airways,PQC0010,1.013.756 VND/khách,16:30,23 thg 4,23 thg 4,17:30,1h 0m,"Phú Quốc (PQC)
Sân bay Phú Quốc",,,2025-04-09
VietJet Air,PQC0100,1.149.420 VND/khách,14:05,23 thg 4,23 thg 4,15:05,1h 0m,"Phú Quốc (PQC)
Sân bay Phú Quốc",,,2025-04-09
Vietnam Airlines,PQC0194,1.248.750 VND/khách,05:40,23 thg 4,23 thg 4,06:40,1h 0m,"Phú Quốc (PQC)
Sân bay Phú Quốc",,,2025-04-09
VietJet Air,PQC0054,1.291.983 VND/khách,09:20,23 thg 4,23 thg 4,10:20,1h 0m,"Phú Quốc (PQC)
Sân bay Phú Quốc",,,2025-04-09
VietJet Air,PQC0078,1.291.983 VND/khách,11:35,23 thg 4,23 thg 4,12:35,1h 0m,"Phú Quốc (PQC)
Sân bay Phú Quốc",,,2025-04-09
Vietnam Airlines,PQC0215,1.739.259 VND/khách,08:10,23 thg 4,23 thg 4,08:55,45m,"Phú Quốc (PQC)
Sân bay Phú Quốc",,,2025-04-09
Vietnam Airlines,PQC0262,1.776.222 VND/khách,13:05,23 thg 4,23 thg 4,14:00,55m,"Phú Quốc (PQC)
Sân bay Phú Quốc",,,2025-04-09
Vietnam Airlines,PQC0281,1.776.222 VND/khách,15:05,23 thg 4,23 thg 4,16:10,1h 5m,"Phú Quốc (PQC)
Sân bay Phú Quốc",,,2025-04-09
Vietnam Airlines,PQC0238,1.861.137 VND/khách,10:25,23 thg 4,23 thg 4,11:25,1h 0m,"Phú Quốc (PQC)
Sân bay Phú Quốc",,,2025-04-09
Vietravel Airlines,PQC0336,1.131.823 VND/khách,17:25,24 thg 4,24 thg 4,18:25,1h 0m,"Phú Quốc (PQC)
Sân bay Phú Quốc",,,2025-04-09
VietJet Air,PQC0030,1.148.429 VND/khách,05:55,24 thg 4,24 thg 4,06:55,1h 0m,"Phú Quốc (PQC)
Sân bay Phú Quốc",,,2025-04-09
Vietnam Airlines,PQC0174,1.214.784 VND/khách,05:25,24 thg 4,24 thg 4,06:20,55m,"Phú Quốc (PQC)
Sân bay Phú Quốc",,,2025-04-09
VietJet Air,PQC0101,1.291.983 VND/khách,14:05,24 thg 4,24 thg 4,15:05,1h 0m,"Phú Quốc (PQC)
Sân bay Phú Quốc",,,2025-04-09
VietJet Air,PQC0122,1.291.983 VND/khách,15:40,24 thg 4,24 thg 4,16:40,1h 0m,"Phú Quốc (PQC)
Sân bay Phú Quốc",,,2025-04-09
VietJet Air,PQC0039,1.291.983 VND/khách,08:25,24 thg 4,24 thg 4,09:30,1h 5m,"Phú Quốc (PQC)
Sân bay Phú Quốc",,,2025-04-09
VietJet Air,PQC0145,1.291.983 VND/khách,17:10,24 thg 4,24 thg 4,18:15,1h 5m,"Phú Quốc (PQC)
Sân bay Phú Quốc",,,2025-04-09
VietJet Air,PQC0158,1.291.983 VND/khách,17:40,24 thg 4,24 thg 4,18:45,1h 5m,"Phú Quốc (PQC)
Sân bay Phú Quốc",,,2025-04-09
Vietnam Airlines,PQC0195,1.346.652 VND/khách,05:40,24 thg 4,24 thg 4,06:40,1h 0m,"Phú Quốc (PQC)
Sân bay Phú Quốc",,,2025-04-09
VietJet Air,PQC0055,1.400.886 VND/khách,09:20,24 thg 4,24 thg 4,10:20,1h 0m,"Phú Quốc (PQC)
Sân bay Phú Quốc",,,2025-04-09
VietJet Air,PQC0079,1.400.886 VND/khách,11:35,24 thg 4,24 thg 4,12:35,1h 0m,"Phú Quốc (PQC)
Sân bay Phú Quốc",,,2025-04-09
Vietnam Airlines,PQC0282,1.771.227 VND/khách,15:05,24 thg 4,24 thg 4,16:10,1h 5m,"Phú Quốc (PQC)
Sân bay Phú Quốc",,,2025-04-09
Vietnam Airlines,PQC0217,1.871.127 VND/khách,08:10,24 thg 4,24 thg 4,08:55,45m,"Phú Quốc (PQC)
Sân bay Phú Quốc",,,2025-04-09
Vietnam Airlines,PQC0263,1.900.098 VND/khách,13:05,24 thg 4,24 thg 4,14:00,55m,"Phú Quốc (PQC)
Sân bay Phú Quốc",,,2025-04-09
Vietnam Airlines,PQC0239,1.900.098 VND/khách,10:25,24 thg 4,24 thg 4,11:25,1h 0m,"Phú Quốc (PQC)
Sân bay Phú Quốc",,,2025-04-09
Vietravel Airlines,PQC0337,1.132.808 VND/khách,17:25,25 thg 4,25 thg 4,18:25,1h 0m,"Phú Quốc (PQC)
Sân bay Phú Quốc",,,2025-04-09
VietJet Air,PQC0123,1.291.983 VND/khách,15:40,25 thg 4,25 thg 4,16:40,1h 0m,"Phú Quốc (PQC)
Sân bay Phú Quốc",,,2025-04-09
VietJet Air,PQC0146,1.291.983 VND/khách,17:10,25 thg 4,25 thg 4,18:15,1h 5m,"Phú Quốc (PQC)
Sân bay Phú Quốc",,,2025-04-09
Vietnam Airlines,PQC0175,1.347.651 VND/khách,05:25,25 thg 4,25 thg 4,06:20,55m,"Phú Quốc (PQC)
Sân bay Phú Quốc",,,2025-04-09
Bamboo Airways,PQC0011,1.427.825 VND/khách,16:30,25 thg 4,25 thg 4,17:30,1h 0m,"Phú Quốc (PQC)
Sân bay Phú Quốc",,,2025-04-09
VietJet Air,PQC0102,1.588.001 VND/khách,14:05,25 thg 4,25 thg 4,15:05,1h 0m,"Phú Quốc (PQC)
Sân bay Phú Quốc",,,2025-04-09
Vietnam Airlines,PQC0196,1.588.410 VND/khách,05:40,25 thg 4,25 thg 4,06:40,1h 0m,"Phú Quốc (PQC)
Sân bay Phú Quốc",,,2025-04-09
VietJet Air,PQC0080,1.632.756 VND/khách,11:35,25 thg 4,25 thg 4,12:35,1h 0m,"Phú Quốc (PQC)
Sân bay Phú Quốc",,,2025-04-09
Vietnam Airlines,PQC0296,1.669.329 VND/khách,17:25,25 thg 4,25 thg 4,18:25,1h 0m,"Phú Quốc (PQC)
Sân bay Phú Quốc",,,2025-04-09
VietJet Air,PQC0056,1.715.417 VND/khách,09:20,25 thg 4,25 thg 4,10:20,1h 0m,"Phú Quốc (PQC)
Sân bay Phú Quốc",,,2025-04-09
Vietnam Airlines,PQC0311,1.735.263 VND/khách,20:20,25 thg 4,25 thg 4,21:20,1h 0m,"Phú Quốc (PQC)
Sân bay Phú Quốc",,,2025-04-09
VietJet Air,PQC0031,1.898.868 VND/khách,05:55,25 thg 4,25 thg 4,06:55,1h 0m,"Phú Quốc (PQC)
Sân bay Phú Quốc",,,2025-04-09
Vietnam Airlines,PQC0283,1.983.015 VND/khách,15:05,25 thg 4,25 thg 4,16:10,1h 5m,"Phú Quốc (PQC)
Sân bay Phú Quốc",,,2025-04-09
Vietnam Airlines,PQC0250,1.990.008 VND/khách,13:00,25 thg 4,25 thg 4,14:00,1h 0m,"Phú Quốc (PQC)
Sân bay Phú Quốc",,,2025-04-09
Vietnam Airlines,PQC0218,2.000.997 VND/khách,08:10,25 thg 4,25 thg 4,08:55,45m,"Phú Quốc (PQC)
Sân bay Phú Quốc",,,2025-04-09
Vietnam Airlines,PQC0240,2.000.997 VND/khách,10:25,25 thg 4,25 thg 4,11:25,1h 0m,"Phú Quốc (PQC)
Sân bay Phú Quốc",,,2025-04-09
Vietravel Airlines,PQC0338,957.469 VND/khách,17:25,26 thg 4,26 thg 4,18:25,1h 0m,"Phú Quốc (PQC)
Sân bay Phú Quốc",,,2025-04-09
VietJet Air,PQC0147,1.042.497 VND/khách,17:10,26 thg 4,26 thg 4,18:15,1h 5m,"Phú Quốc (PQC)
Sân bay Phú Quốc",,,2025-04-09
VietJet Air,PQC0124,1.143.328 VND/khách,15:40,26 thg 4,26 thg 4,16:40,1h 0m,"Phú Quốc (PQC)
Sân bay Phú Quốc",,,2025-04-09
VietJet Air,PQC0032,1.178.130 VND/khách,05:55,26 thg 4,26 thg 4,06:55,1h 0m,"Phú Quốc (PQC)
Sân bay Phú Quốc",,,2025-04-09
Vietnam Airlines,PQC0176,1.229.769 VND/khách,05:25,26 thg 4,26 thg 4,06:20,55m,"Phú Quốc (PQC)
Sân bay Phú Quốc",,,2025-04-09
VietJet Air,PQC0103,1.291.983 VND/khách,14:05,26 thg 4,26 thg 4,15:05,1h 0m,"Phú Quốc (PQC)
Sân bay Phú Quốc",,,2025-04-09
Vietnam Airlines,PQC0197,1.343.655 VND/khách,05:40,26 thg 4,26 thg 4,06:40,1h 0m,"Phú Quốc (PQC)
Sân bay Phú Quốc",,,2025-04-09
VietJet Air,PQC0057,1.588.001 VND/khách,09:20,26 thg 4,26 thg 4,10:20,1h 0m,"Phú Quốc (PQC)
Sân bay Phú Quốc",,,2025-04-09
VietJet Air,PQC0081,1.588.001 VND/khách,11:35,26 thg 4,26 thg 4,12:35,1h 0m,"Phú Quốc (PQC)
Sân bay Phú Quốc",,,2025-04-09
Vietnam Airlines,PQC0312,1.746.252 VND/khách,20:20,26 thg 4,26 thg 4,21:20,1h 0m,"Phú Quốc (PQC)
Sân bay Phú Quốc",,,2025-04-09
Vietnam Airlines,PQC0284,1.853.145 VND/khách,15:05,26 thg 4,26 thg 4,16:10,1h 5m,"Phú Quốc (PQC)
Sân bay Phú Quốc",,,2025-04-09
Vietnam Airlines,PQC0219,1.871.127 VND/khách,08:10,26 thg 4,26 thg 4,08:55,45m,"Phú Quốc (PQC)
Sân bay Phú Quốc",,,2025-04-09
Vietnam Airlines,PQC0241,1.953.045 VND/khách,10:25,26 thg 4,26 thg 4,11:25,1h 0m,"Phú Quốc (PQC)
Sân bay Phú Quốc",,,2025-04-09
Vietnam Airlines,PQC0264,1.968.030 VND/khách,13:05,26 thg 4,26 thg 4,14:00,55m,"Phú Quốc (PQC)
Sân bay Phú Quốc",,,2025-04-09
VietJet Air,PQC0148,823.701 VND/khách,17:10,27 thg 4,27 thg 4,18:15,1h 5m,"Phú Quốc (PQC)
Sân bay Phú Quốc",,,2025-04-09
Vietravel Airlines,PQC0339,881.620 VND/khách,17:25,27 thg 4,27 thg 4,18:25,1h 0m,"Phú Quốc (PQC)
Sân bay Phú Quốc",,,2025-04-09
Bamboo Airways,PQC0012,1.013.756 VND/khách,16:30,27 thg 4,27 thg 4,17:30,1h 0m,"Phú Quốc (PQC)
Sân bay Phú Quốc",,,2025-04-09
VietJet Air,PQC0033,1.042.497 VND/khách,05:55,27 thg 4,27 thg 4,06:55,1h 0m,"Phú Quốc (PQC)
Sân bay Phú Quốc",,,2025-04-09
VietJet Air,PQC0125,1.042.497 VND/khách,15:40,27 thg 4,27 thg 4,16:40,1h 0m,"Phú Quốc (PQC)
Sân bay Phú Quốc",,,2025-04-09
Vietnam Airlines,PQC0177,1.118.880 VND/khách,05:25,27 thg 4,27 thg 4,06:20,55m,"Phú Quốc (PQC)
Sân bay Phú Quốc",,,2025-04-09
Vietnam Airlines,PQC0198,1.140.858 VND/khách,05:40,27 thg 4,27 thg 4,06:40,1h 0m,"Phú Quốc (PQC)
Sân bay Phú Quốc",,,2025-04-09
VietJet Air,PQC0104,1.149.420 VND/khách,14:05,27 thg 4,27 thg 4,15:05,1h 0m,"Phú Quốc (PQC)
Sân bay Phú Quốc",,,2025-04-09
VietJet Air,PQC0082,1.291.983 VND/khách,11:35,27 thg 4,27 thg 4,12:35,1h 0m,"Phú Quốc (PQC)
Sân bay Phú Quốc",,,2025-04-09
Vietnam Airlines,PQC0313,1.462.536 VND/khách,20:20,27 thg 4,27 thg 4,21:20,1h 0m,"Phú Quốc (PQC)
Sân bay Phú Quốc",,,2025-04-09
VietJet Air,PQC0058,1.588.001 VND/khách,09:20,27 thg 4,27 thg 4,10:20,1h 0m,"Phú Quốc (PQC)
Sân bay Phú Quốc",,,2025-04-09
Vietnam Airlines,PQC0285,1.662.336 VND/khách,15:05,27 thg 4,27 thg 4,16:10,1h 5m,"Phú Quốc (PQC)
Sân bay Phú Quốc",,,2025-04-09
Vietnam Airlines,PQC0265,1.909.089 VND/khách,13:05,27 thg 4,27 thg 4,14:00,55m,"Phú Quốc (PQC)
Sân bay Phú Quốc",,,2025-04-09
Vietnam Airlines,PQC0220,1.957.041 VND/khách,08:10,27 thg 4,27 thg 4,08:55,45m,"Phú Quốc (PQC)
Sân bay Phú Quốc",,,2025-04-09
Vietnam Airlines,PQC0242,1.990.008 VND/khách,10:25,27 thg 4,27 thg 4,11:25,1h 0m,"Phú Quốc (PQC)
Sân bay Phú Quốc",,,2025-04-09
Vietravel Airlines,PQC0331,981.825 VND/khách,17:25,10 thg 5,10 thg 5,18:25,1h 0m,"Phú Quốc (PQC)
Sân bay Phú Quốc",Hành lý xách tay 7 kg,Hành lý 0 kg,2025-05-09
VietJet Air,PQC0140,1.151.000 VND/khách,17:10,10 thg 5,10 thg 5,18:15,1h 5m,"Phú Quốc (PQC)
Sân bay Phú Quốc",Hành lý xách tay 7 kg,Hành lý 0 kg,2025-05-09
VietJet Air,PQC0117,1.297.000 VND/khách,15:40,10 thg 5,10 thg 5,16:40,1h 0m,"Phú Quốc (PQC)
Sân bay Phú Quốc",Hành lý xách tay 7 kg,Hành lý 0 kg,2025-05-09
VietJet Air,PQC0096,1.412.000 VND/khách,14:05,10 thg 5,10 thg 5,15:05,1h 0m,"Phú Quốc (PQC)
Sân bay Phú Quốc",Hành lý xách tay 7 kg,Hành lý 0 kg,2025-05-09
VietJet Air,PQC0025,1.612.557 VND/khách,05:55,10 thg 5,10 thg 5,06:55,1h 0m,"Phú Quốc (PQC)
Sân bay Phú Quốc",Hành lý xách tay 7 kg,Hành lý 0 kg,2025-05-09
Vietnam Airlines,PQC0277,1.631.292 VND/khách,15:05,10 thg 5,10 thg 5,16:10,1h 5m,"Phú Quốc (PQC)
Sân bay Phú Quốc",Hành lý xách tay 10 kg,Hành lý 23 kg,2025-05-09
VietJet Air,PQC0074,1.736.987 VND/khách,11:35,10 thg 5,10 thg 5,12:35,1h 0m,"Phú Quốc (PQC)
Sân bay Phú Quốc",Hành lý xách tay 7 kg,Hành lý 0 kg,2025-05-09
Vietnam Airlines,PQC0258,2.040.458 VND/khách,13:05,10 thg 5,10 thg 5,14:00,55m,"Phú Quốc (PQC)
Sân bay Phú Quốc",Hành lý xách tay 10 kg,Hành lý 23 kg,2025-05-09
Vietnam Airlines,PQC0190,2.045.827 VND/khách,05:40,10 thg 5,10 thg 5,06:40,1h 0m,"Phú Quốc (PQC)
Sân bay Phú Quốc",Hành lý xách tay 10 kg,Hành lý 23 kg,2025-05-09
Vietnam Airlines,PQC0234,2.045.827 VND/khách,10:25,10 thg 5,10 thg 5,11:25,1h 0m,"Phú Quốc (PQC)
Sân bay Phú Quốc",Hành lý xách tay 10 kg,Hành lý 23 kg,2025-05-09
Vietravel Airlines,PQC0332,981.825 VND/khách,17:25,11 thg 5,11 thg 5,18:25,1h 0m,"Phú Quốc (PQC)
Sân bay Phú Quốc",Hành lý xách tay 7 kg,Hành lý 0 kg,2025-05-09
VietJet Air,PQC0141,901.140 VND/khách,17:10,11 thg 5,11 thg 5,18:15,1h 5m,"Phú Quốc (PQC)
Sân bay Phú Quốc",Hành lý xách tay 7 kg,Hành lý 0 kg,2025-05-09
VietJet Air,PQC0026,1.031.000 VND/khách,05:55,11 thg 5,11 thg 5,06:55,1h 0m,"Phú Quốc (PQC)
Sân bay Phú Quốc",Hành lý xách tay 7 kg,Hành lý 0 kg,2025-05-09
VietJet Air,PQC0097,1.031.000 VND/khách,14:05,11 thg 5,11 thg 5,15:05,1h 0m,"Phú Quốc (PQC)
Sân bay Phú Quốc",Hành lý xách tay 7 kg,Hành lý 0 kg,2025-05-09
VietJet Air,PQC0118,1.031.000 VND/khách,15:40,11 thg 5,11 thg 5,16:40,1h 0m,"Phú Quốc (PQC)
Sân bay Phú Quốc",Hành lý xách tay 7 kg,Hành lý 0 kg,2025-05-09
Vietnam Airlines,PQC0310,1.157.841 VND/khách,20:20,11 thg 5,11 thg 5,21:20,1h 0m,"Phú Quốc (PQC)
Sân bay Phú Quốc",Hành lý xách tay 10 kg,Hành lý 23 kg,2025-05-09
Vietnam Airlines,PQC0278,1.253.745 VND/khách,15:05,11 thg 5,11 thg 5,16:10,1h 5m,"Phú Quốc (PQC)
Sân bay Phú Quốc",Hành lý xách tay 10 kg,Hành lý 23 kg,2025-05-09
VietJet Air,PQC0051,1.286.000 VND/khách,09:20,11 thg 5,11 thg 5,10:20,1h 0m,"Phú Quốc (PQC)
Sân bay Phú Quốc",Hành lý xách tay 7 kg,Hành lý 0 kg,2025-05-09
VietJet Air,PQC0075,1.286.000 VND/khách,11:35,11 thg 5,11 thg 5,12:35,1h 0m,"Phú Quốc (PQC)
Sân bay Phú Quốc",Hành lý xách tay 7 kg,Hành lý 0 kg,2025-05-09
Bamboo Airways,PQC0008,1.299.147 VND/khách,16:30,11 thg 5,11 thg 5,17:30,1h 0m,"Phú Quốc (PQC)
Sân bay Phú Quốc",Hành lý xách tay 7 kg,Hành lý 0 kg,2025-05-09
Vietnam Airlines,PQC0259,1.580.113 VND/khách,13:05,11 thg 5,11 thg 5,14:00,55m,"Phú Quốc (PQC)
Sân bay Phú Quốc",Hành lý xách tay 10 kg,Hành lý 23 kg,2025-05-09
Vietnam Airlines,PQC0191,1.580.113 VND/khách,05:40,11 thg 5,11 thg 5,06:40,1h 0m,"Phú Quốc (PQC)
Sân bay Phú Quốc",Hành lý xách tay 10 kg,Hành lý 23 kg,2025-05-09
Vietnam Airlines,PQC0235,1.668.330 VND/khách,10:25,11 thg 5,11 thg 5,11:25,1h 0m,"Phú Quốc (PQC)
Sân bay Phú Quốc",Hành lý xách tay 10 kg,Hành lý 23 kg,2025-05-09
Vietravel Airlines,PQC0322,1.632.795 VND/khách,17:25,01 thg 5,01 thg 5,18:25,1h 0m,"Phú Quốc (PQC)
Sân bay Phú Quốc",,,2025-04-10
VietJet Air,PQC0131,1.711.000 VND/khách,17:10,01 thg 5,01 thg 5,18:15,1h 5m,"Phú Quốc (PQC)
Sân bay Phú Quốc",,,2025-04-10
VietJet Air,PQC0154,1.711.000 VND/khách,17:40,01 thg 5,01 thg 5,18:45,1h 5m,"Phú Quốc (PQC)
Sân bay Phú Quốc",,,2025-04-10
Bamboo Airways,PQC0001,1.715.850 VND/khách,16:30,01 thg 5,01 thg 5,17:30,1h 0m,"Phú Quốc (PQC)
Sân bay Phú Quốc",,,2025-04-10
VietJet Air,PQC0108,1.803.000 VND/khách,15:40,01 thg 5,01 thg 5,16:40,1h 0m,"Phú Quốc (PQC)
Sân bay Phú Quốc",,,2025-04-10
Vietnam Airlines,PQC0161,1.963.035 VND/khách,05:10,01 thg 5,01 thg 5,06:10,1h 0m,"Phú Quốc (PQC)
Sân bay Phú Quốc",,,2025-04-10
Vietnam Airlines,PQC0304,1.970.028 VND/khách,20:20,01 thg 5,01 thg 5,21:20,1h 0m,"Phú Quốc (PQC)
Sân bay Phú Quốc",,,2025-04-10
Vietravel Airlines,PQC0323,1.636.775 VND/khách,17:25,02 thg 5,02 thg 5,18:25,1h 0m,"Phú Quốc (PQC)
Sân bay Phú Quốc",,,2025-04-10
VietJet Air,PQC0017,1.711.000 VND/khách,05:55,02 thg 5,02 thg 5,06:55,1h 0m,"Phú Quốc (PQC)
Sân bay Phú Quốc",,,2025-04-10
VietJet Air,PQC0109,1.711.000 VND/khách,15:40,02 thg 5,02 thg 5,16:40,1h 0m,"Phú Quốc (PQC)
Sân bay Phú Quốc",,,2025-04-10
VietJet Air,PQC0132,1.711.000 VND/khách,17:10,02 thg 5,02 thg 5,18:15,1h 5m,"Phú Quốc (PQC)
Sân bay Phú Quốc",,,2025-04-10
Bamboo Airways,PQC0002,1.715.850 VND/khách,16:30,02 thg 5,02 thg 5,17:30,1h 0m,"Phú Quốc (PQC)
Sân bay Phú Quốc",,,2025-04-10
VietJet Air,PQC0088,1.796.000 VND/khách,14:05,02 thg 5,02 thg 5,15:05,1h 0m,"Phú Quốc (PQC)
Sân bay Phú Quốc",,,2025-04-10
VietJet Air,PQC0042,1.825.000 VND/khách,09:20,02 thg 5,02 thg 5,10:20,1h 0m,"Phú Quốc (PQC)
Sân bay Phú Quốc",,,2025-04-10
VietJet Air,PQC0066,1.825.000 VND/khách,11:35,02 thg 5,02 thg 5,12:35,1h 0m,"Phú Quốc (PQC)
Sân bay Phú Quốc",,,2025-04-10
Vietnam Airlines,PQC0167,1.967.031 VND/khách,05:25,02 thg 5,02 thg 5,06:20,55m,"Phú Quốc (PQC)
Sân bay Phú Quốc",,,2025-04-10
Vietnam Airlines,PQC0203,1.974.024 VND/khách,08:10,02 thg 5,02 thg 5,08:55,45m,"Phú Quốc (PQC)
Sân bay Phú Quốc",,,2025-04-10
Vietnam Airlines,PQC0182,1.978.020 VND/khách,05:40,02 thg 5,02 thg 5,06:40,1h 0m,"Phú Quốc (PQC)
Sân bay Phú Quốc",,,2025-04-10
Vietnam Airlines,PQC0248,1.978.020 VND/khách,13:00,02 thg 5,02 thg 5,14:00,1h 0m,"Phú Quốc (PQC)
Sân bay Phú Quốc",,,2025-04-10
Vietnam Airlines,PQC0305,1.978.020 VND/khách,20:20,02 thg 5,02 thg 5,21:20,1h 0m,"Phú Quốc (PQC)
Sân bay Phú Quốc",,,2025-04-10
Vietravel Airlines,PQC0324,883.560 VND/khách,17:25,03 thg 5,03 thg 5,18:25,1h 0m,"Phú Quốc (PQC)
Sân bay Phú Quốc",,,2025-04-10
Bamboo Airways,PQC0003,1.018.850 VND/khách,16:30,03 thg 5,03 thg 5,17:30,1h 0m,"Phú Quốc (PQC)
Sân bay Phú Quốc",,,2025-04-10
VietJet Air,PQC0110,1.046.000 VND/khách,15:40,03 thg 5,03 thg 5,16:40,1h 0m,"Phú Quốc (PQC)
Sân bay Phú Quốc",,,2025-04-10
VietJet Air,PQC0133,1.046.000 VND/khách,17:10,03 thg 5,03 thg 5,18:15,1h 5m,"Phú Quốc (PQC)
Sân bay Phú Quốc",,,2025-04-10
VietJet Air,PQC0018,1.153.000 VND/khách,05:55,03 thg 5,03 thg 5,06:55,1h 0m,"Phú Quốc (PQC)
Sân bay Phú Quốc",,,2025-04-10
VietJet Air,PQC0089,1.296.000 VND/khách,14:05,03 thg 5,03 thg 5,15:05,1h 0m,"Phú Quốc (PQC)
Sân bay Phú Quốc",,,2025-04-10
Vietnam Airlines,PQC0168,1.349.649 VND/khách,05:25,03 thg 5,03 thg 5,06:20,55m,"Phú Quốc (PQC)
Sân bay Phú Quốc",,,2025-04-10
VietJet Air,PQC0067,1.417.000 VND/khách,11:35,03 thg 5,03 thg 5,12:35,1h 0m,"Phú Quốc (PQC)
Sân bay Phú Quốc",,,2025-04-10
VietJet Air,PQC0043,1.439.000 VND/khách,09:20,03 thg 5,03 thg 5,10:20,1h 0m,"Phú Quốc (PQC)
Sân bay Phú Quốc",,,2025-04-10
Vietnam Airlines,PQC0183,1.456.542 VND/khách,05:40,03 thg 5,03 thg 5,06:40,1h 0m,"Phú Quốc (PQC)
Sân bay Phú Quốc",,,2025-04-10
Vietnam Airlines,PQC0306,1.555.443 VND/khách,20:20,03 thg 5,03 thg 5,21:20,1h 0m,"Phú Quốc (PQC)
Sân bay Phú Quốc",,,2025-04-10
Vietnam Airlines,PQC0204,1.731.267 VND/khách,08:10,03 thg 5,03 thg 5,08:55,45m,"Phú Quốc (PQC)
Sân bay Phú Quốc",,,2025-04-10
Vietnam Airlines,PQC0252,1.731.267 VND/khách,13:05,03 thg 5,03 thg 5,14:00,55m,"Phú Quốc (PQC)
Sân bay Phú Quốc",,,2025-04-10
Vietnam Airlines,PQC0270,1.731.267 VND/khách,15:05,03 thg 5,03 thg 5,16:10,1h 5m,"Phú Quốc (PQC)
Sân bay Phú Quốc",,,2025-04-10
Vietravel Airlines,PQC0325,752.220 VND/khách,17:25,04 thg 5,04 thg 5,18:25,1h 0m,"Phú Quốc (PQC)
Sân bay Phú Quốc",,,2025-04-10
VietJet Air,PQC0019,822.000 VND/khách,05:55,04 thg 5,04 thg 5,06:55,1h 0m,"Phú Quốc (PQC)
Sân bay Phú Quốc",,,2025-04-10
VietJet Air,PQC0111,822.000 VND/khách,15:40,04 thg 5,04 thg 5,16:40,1h 0m,"Phú Quốc (PQC)
Sân bay Phú Quốc",,,2025-04-10
VietJet Air,PQC0134,822.000 VND/khách,17:10,04 thg 5,04 thg 5,18:15,1h 5m,"Phú Quốc (PQC)
Sân bay Phú Quốc",,,2025-04-10
Bamboo Airways,PQC0004,1.018.850 VND/khách,16:30,04 thg 5,04 thg 5,17:30,1h 0m,"Phú Quốc (PQC)
Sân bay Phú Quốc",,,2025-04-10
Vietnam Airlines,PQC0169,1.063.935 VND/khách,05:25,04 thg 5,04 thg 5,06:20,55m,"Phú Quốc (PQC)
Sân bay Phú Quốc",,,2025-04-10
VietJet Air,PQC0068,1.153.000 VND/khách,11:35,04 thg 5,04 thg 5,12:35,1h 0m,"Phú Quốc (PQC)
Sân bay Phú Quốc",,,2025-04-10
VietJet Air,PQC0090,1.153.000 VND/khách,14:05,04 thg 5,04 thg 5,15:05,1h 0m,"Phú Quốc (PQC)
Sân bay Phú Quốc",,,2025-04-10
Vietnam Airlines,PQC0307,1.213.785 VND/khách,20:20,04 thg 5,04 thg 5,21:20,1h 0m,"Phú Quốc (PQC)
Sân bay Phú Quốc",,,2025-04-10
Vietnam Airlines,PQC0184,1.248.349 VND/khách,05:40,04 thg 5,04 thg 5,06:40,1h 0m,"Phú Quốc (PQC)
Sân bay Phú Quốc",,,2025-04-10
VietJet Air,PQC0044,1.296.000 VND/khách,09:20,04 thg 5,04 thg 5,10:20,1h 0m,"Phú Quốc (PQC)
Sân bay Phú Quốc",,,2025-04-10
Vietnam Airlines,PQC0271,1.331.667 VND/khách,15:05,04 thg 5,04 thg 5,16:10,1h 5m,"Phú Quốc (PQC)
Sân bay Phú Quốc",,,2025-04-10
Vietnam Airlines,PQC0205,1.452.546 VND/khách,08:10,04 thg 5,04 thg 5,08:55,45m,"Phú Quốc (PQC)
Sân bay Phú Quốc",,,2025-04-10
Vietnam Airlines,PQC0228,1.452.546 VND/khách,10:25,04 thg 5,04 thg 5,11:25,1h 0m,"Phú Quốc (PQC)
Sân bay Phú Quốc",,,2025-04-10
Vietravel Airlines,PQC0326,752.220 VND/khách,17:25,05 thg 5,05 thg 5,18:25,1h 0m,"Phú Quốc (PQC)
Sân bay Phú Quốc",,,2025-04-10
VietJet Air,PQC0020,822.000 VND/khách,05:55,05 thg 5,05 thg 5,06:55,1h 0m,"Phú Quốc (PQC)
Sân bay Phú Quốc",,,2025-04-10
VietJet Air,PQC0112,822.000 VND/khách,15:40,05 thg 5,05 thg 5,16:40,1h 0m,"Phú Quốc (PQC)
Sân bay Phú Quốc",,,2025-04-10
VietJet Air,PQC0135,822.000 VND/khách,17:10,05 thg 5,05 thg 5,18:15,1h 5m,"Phú Quốc (PQC)
Sân bay Phú Quốc",,,2025-04-10
Bamboo Airways,PQC0005,1.018.850 VND/khách,16:30,05 thg 5,05 thg 5,17:30,1h 0m,"Phú Quốc (PQC)
Sân bay Phú Quốc",,,2025-04-10
VietJet Air,PQC0045,1.153.000 VND/khách,09:20,05 thg 5,05 thg 5,10:20,1h 0m,"Phú Quốc (PQC)
Sân bay Phú Quốc",,,2025-04-10
VietJet Air,PQC0069,1.153.000 VND/khách,11:35,05 thg 5,05 thg 5,12:35,1h 0m,"Phú Quốc (PQC)
Sân bay Phú Quốc",,,2025-04-10
VietJet Air,PQC0091,1.153.000 VND/khách,14:05,05 thg 5,05 thg 5,15:05,1h 0m,"Phú Quốc (PQC)
Sân bay Phú Quốc",,,2025-04-10
Vietnam Airlines,PQC0170,1.248.349 VND/khách,05:25,05 thg 5,05 thg 5,06:20,55m,"Phú Quốc (PQC)
Sân bay Phú Quốc",,,2025-04-10
Vietnam Airlines,PQC0308,1.349.649 VND/khách,20:20,05 thg 5,05 thg 5,21:20,1h 0m,"Phú Quốc (PQC)
Sân bay Phú Quốc",,,2025-04-10
Vietnam Airlines,PQC0185,1.360.143 VND/khách,05:40,05 thg 5,05 thg 5,06:40,1h 0m,"Phú Quốc (PQC)
Sân bay Phú Quốc",,,2025-04-10
Vietnam Airlines,PQC0272,1.485.513 VND/khách,15:05,05 thg 5,05 thg 5,16:10,1h 5m,"Phú Quốc (PQC)
Sân bay Phú Quốc",,,2025-04-10
Vietnam Airlines,PQC0254,1.489.509 VND/khách,13:05,05 thg 5,05 thg 5,14:00,55m,"Phú Quốc (PQC)
Sân bay Phú Quốc",,,2025-04-10
Vietnam Airlines,PQC0206,1.647.351 VND/khách,08:10,05 thg 5,05 thg 5,08:55,45m,"Phú Quốc (PQC)
Sân bay Phú Quốc",,,2025-04-10
Vietravel Airlines,PQC0327,752.220 VND/khách,17:25,06 thg 5,06 thg 5,18:25,1h 0m,"Phú Quốc (PQC)
Sân bay Phú Quốc",,,2025-04-10
VietJet Air,PQC0113,822.000 VND/khách,15:40,06 thg 5,06 thg 5,16:40,1h 0m,"Phú Quốc (PQC)
Sân bay Phú Quốc",,,2025-04-10
VietJet Air,PQC0136,822.000 VND/khách,17:10,06 thg 5,06 thg 5,18:15,1h 5m,"Phú Quốc (PQC)
Sân bay Phú Quốc",,,2025-04-10
VietJet Air,PQC0021,1.046.000 VND/khách,05:55,06 thg 5,06 thg 5,06:55,1h 0m,"Phú Quốc (PQC)
Sân bay Phú Quốc",,,2025-04-10
VietJet Air,PQC0046,1.153.000 VND/khách,09:20,06 thg 5,06 thg 5,10:20,1h 0m,"Phú Quốc (PQC)
Sân bay Phú Quốc",,,2025-04-10
VietJet Air,PQC0070,1.153.000 VND/khách,11:35,06 thg 5,06 thg 5,12:35,1h 0m,"Phú Quốc (PQC)
Sân bay Phú Quốc",,,2025-04-10
VietJet Air,PQC0092,1.153.000 VND/khách,14:05,06 thg 5,06 thg 5,15:05,1h 0m,"Phú Quốc (PQC)
Sân bay Phú Quốc",,,2025-04-10
Vietnam Airlines,PQC0186,1.360.143 VND/khách,05:40,06 thg 5,06 thg 5,06:40,1h 0m,"Phú Quốc (PQC)
Sân bay Phú Quốc",,,2025-04-10
Vietnam Airlines,PQC0273,1.456.542 VND/khách,15:05,06 thg 5,06 thg 5,16:10,1h 5m,"Phú Quốc (PQC)
Sân bay Phú Quốc",,,2025-04-10
Vietnam Airlines,PQC0255,1.544.454 VND/khách,13:05,06 thg 5,06 thg 5,14:00,55m,"Phú Quốc (PQC)
Sân bay Phú Quốc",,,2025-04-10
Vietnam Airlines,PQC0207,1.573.425 VND/khách,08:10,06 thg 5,06 thg 5,08:55,45m,"Phú Quốc (PQC)
Sân bay Phú Quốc",,,2025-04-10
Vietravel Airlines,PQC0328,752.220 VND/khách,17:25,07 thg 5,07 thg 5,18:25,1h 0m,"Phú Quốc (PQC)
Sân bay Phú Quốc",,,2025-04-10
VietJet Air,PQC0022,822.000 VND/khách,05:55,07 thg 5,07 thg 5,06:55,1h 0m,"Phú Quốc (PQC)
Sân bay Phú Quốc",,,2025-04-10
VietJet Air,PQC0114,822.000 VND/khách,15:40,07 thg 5,07 thg 5,16:40,1h 0m,"Phú Quốc (PQC)
Sân bay Phú Quốc",,,2025-04-10
VietJet Air,PQC0137,822.000 VND/khách,17:10,07 thg 5,07 thg 5,18:15,1h 5m,"Phú Quốc (PQC)
Sân bay Phú Quốc",,,2025-04-10
VietJet Air,PQC0047,1.153.000 VND/khách,09:20,07 thg 5,07 thg 5,10:20,1h 0m,"Phú Quốc (PQC)
Sân bay Phú Quốc",,,2025-04-10
VietJet Air,PQC0071,1.153.000 VND/khách,11:35,07 thg 5,07 thg 5,12:35,1h 0m,"Phú Quốc (PQC)
Sân bay Phú Quốc",,,2025-04-10
VietJet Air,PQC0093,1.153.000 VND/khách,14:05,07 thg 5,07 thg 5,15:05,1h 0m,"Phú Quốc (PQC)
Sân bay Phú Quốc",,,2025-04-10
Bamboo Airways,PQC0006,1.173.625 VND/khách,16:30,07 thg 5,07 thg 5,17:30,1h 0m,"Phú Quốc (PQC)
Sân bay Phú Quốc",,,2025-04-10
Vietnam Airlines,PQC0187,1.360.143 VND/khách,05:40,07 thg 5,07 thg 5,06:40,1h 0m,"Phú Quốc (PQC)
Sân bay Phú Quốc",,,2025-04-10
Vietnam Airlines,PQC0274,1.551.447 VND/khách,15:05,07 thg 5,07 thg 5,16:10,1h 5m,"Phú Quốc (PQC)
Sân bay Phú Quốc",,,2025-04-10
Vietnam Airlines,PQC0208,1.651.347 VND/khách,08:10,07 thg 5,07 thg 5,08:55,45m,"Phú Quốc (PQC)
Sân bay Phú Quốc",,,2025-04-10
Vietnam Airlines,PQC0256,1.651.347 VND/khách,13:05,07 thg 5,07 thg 5,14:00,55m,"Phú Quốc (PQC)
Sân bay Phú Quốc",,,2025-04-10
Vietravel Airlines,PQC0329,1.059.675 VND/khách,17:25,08 thg 5,08 thg 5,18:25,1h 0m,"Phú Quốc (PQC)
Sân bay Phú Quốc",,,2025-04-10
VietJet Air,PQC0023,1.046.000 VND/khách,05:55,08 thg 5,08 thg 5,06:55,1h 0m,"Phú Quốc (PQC)
Sân bay Phú Quốc",,,2025-04-10
VietJet Air,PQC0048,1.296.000 VND/khách,09:20,08 thg 5,08 thg 5,10:20,1h 0m,"Phú Quốc (PQC)
Sân bay Phú Quốc",,,2025-04-10
VietJet Air,PQC0072,1.296.000 VND/khách,11:35,08 thg 5,08 thg 5,12:35,1h 0m,"Phú Quốc (PQC)
Sân bay Phú Quốc",,,2025-04-10
VietJet Air,PQC0094,1.296.000 VND/khách,14:05,08 thg 5,08 thg 5,15:05,1h 0m,"Phú Quốc (PQC)
Sân bay Phú Quốc",,,2025-04-10
VietJet Air,PQC0115,1.296.000 VND/khách,15:40,08 thg 5,08 thg 5,16:40,1h 0m,"Phú Quốc (PQC)
Sân bay Phú Quốc",,,2025-04-10
VietJet Air,PQC0138,1.296.000 VND/khách,17:10,08 thg 5,08 thg 5,18:15,1h 5m,"Phú Quốc (PQC)
Sân bay Phú Quốc",,,2025-04-10
VietJet Air,PQC0155,1.296.000 VND/khách,17:40,08 thg 5,08 thg 5,18:45,1h 5m,"Phú Quốc (PQC)
Sân bay Phú Quốc",,,2025-04-10
Vietnam Airlines,PQC0188,1.456.542 VND/khách,05:40,08 thg 5,08 thg 5,06:40,1h 0m,"Phú Quốc (PQC)
Sân bay Phú Quốc",,,2025-04-10
Vietnam Airlines,PQC0275,1.654.344 VND/khách,15:05,08 thg 5,08 thg 5,16:10,1h 5m,"Phú Quốc (PQC)
Sân bay Phú Quốc",,,2025-04-10
Vietnam Airlines,PQC0257,1.658.340 VND/khách,13:05,08 thg 5,08 thg 5,14:00,55m,"Phú Quốc (PQC)
Sân bay Phú Quốc",,,2025-04-10
Vietnam Airlines,PQC0232,1.724.274 VND/khách,10:25,08 thg 5,08 thg 5,11:25,1h 0m,"Phú Quốc (PQC)
Sân bay Phú Quốc",,,2025-04-10
Vietravel Airlines,PQC0330,1.870.600 VND/khách,17:25,09 thg 5,09 thg 5,18:25,1h 0m,"Phú Quốc (PQC)
Sân bay Phú Quốc",,,2025-04-10
VietJet Air,PQC0024,1.296.000 VND/khách,05:55,09 thg 5,09 thg 5,06:55,1h 0m,"Phú Quốc (PQC)
Sân bay Phú Quốc",,,2025-04-10
VietJet Air,PQC0116,1.296.000 VND/khách,15:40,09 thg 5,09 thg 5,16:40,1h 0m,"Phú Quốc (PQC)
Sân bay Phú Quốc",,,2025-04-10
VietJet Air,PQC0139,1.296.000 VND/khách,17:10,09 thg 5,09 thg 5,18:15,1h 5m,"Phú Quốc (PQC)
Sân bay Phú Quốc",,,2025-04-10
VietJet Air,PQC0095,1.418.000 VND/khách,14:05,09 thg 5,09 thg 5,15:05,1h 0m,"Phú Quốc (PQC)
Sân bay Phú Quốc",,,2025-04-10
Vietnam Airlines,PQC0189,1.548.450 VND/khách,05:40,09 thg 5,09 thg 5,06:40,1h 0m,"Phú Quốc (PQC)
Sân bay Phú Quốc",,,2025-04-10
VietJet Air,PQC0049,1.594.000 VND/khách,09:20,09 thg 5,09 thg 5,10:20,1h 0m,"Phú Quốc (PQC)
Sân bay Phú Quốc",,,2025-04-10
VietJet Air,PQC0073,1.594.000 VND/khách,11:35,09 thg 5,09 thg 5,12:35,1h 0m,"Phú Quốc (PQC)
Sân bay Phú Quốc",,,2025-04-10
Bamboo Airways,PQC0007,1.616.425 VND/khách,16:30,09 thg 5,09 thg 5,17:30,1h 0m,"Phú Quốc (PQC)
Sân bay Phú Quốc",,,2025-04-10
Vietnam Airlines,PQC0309,1.651.347 VND/khách,20:20,09 thg 5,09 thg 5,21:20,1h 0m,"Phú Quốc (PQC)
Sân bay Phú Quốc",,,2025-04-10
Vietnam Airlines,PQC0249,1.772.226 VND/khách,13:00,09 thg 5,09 thg 5,14:00,1h 0m,"Phú Quốc (PQC)
Sân bay Phú Quốc",,,2025-04-10
Vietnam Airlines,PQC0276,1.772.226 VND/khách,15:05,09 thg 5,09 thg 5,16:10,1h 5m,"Phú Quốc (PQC)
Sân bay Phú Quốc",,,2025-04-10
Vietravel Airlines,PQC0330,1.870.600 VND/khách,17:25,09 thg 5,09 thg 5,18:25,1h 0m,"Phú Quốc (PQC)
Sân bay Phú Quốc",,,2025-04-10
Vietnam Airlines,PQC0233,1.948.050 VND/khách,10:25,09 thg 5,09 thg 5,11:25,1h 0m,"Phú Quốc (PQC)
Sân bay Phú Quốc",,,2025-04-10
Vietravel Airlines,PQC0331,817.890 VND/khách,17:25,10 thg 5,10 thg 5,18:25,1h 0m,"Phú Quốc (PQC)
Sân bay Phú Quốc",,,2025-04-10
VietJet Air,PQC0117,822.000 VND/khách,15:40,10 thg 5,10 thg 5,16:40,1h 0m,"Phú Quốc (PQC)
Sân bay Phú Quốc",,,2025-04-10
VietJet Air,PQC0140,822.000 VND/khách,17:10,10 thg 5,10 thg 5,18:15,1h 5m,"Phú Quốc (PQC)
Sân bay Phú Quốc",,,2025-04-10
VietJet Air,PQC0025,1.296.000 VND/khách,05:55,10 thg 5,10 thg 5,06:55,1h 0m,"Phú Quốc (PQC)
Sân bay Phú Quốc",,,2025-04-10
VietJet Air,PQC0074,1.296.000 VND/khách,11:35,10 thg 5,10 thg 5,12:35,1h 0m,"Phú Quốc (PQC)
Sân bay Phú Quốc",,,2025-04-10
VietJet Air,PQC0096,1.296.000 VND/khách,14:05,10 thg 5,10 thg 5,15:05,1h 0m,"Phú Quốc (PQC)
Sân bay Phú Quốc",,,2025-04-10
VietJet Air,PQC0050,1.418.000 VND/khách,09:20,10 thg 5,10 thg 5,10:20,1h 0m,"Phú Quốc (PQC)
Sân bay Phú Quốc",,,2025-04-10
Vietnam Airlines,PQC0258,1.551.447 VND/khách,13:05,10 thg 5,10 thg 5,14:00,55m,"Phú Quốc (PQC)
Sân bay Phú Quốc",,,2025-04-10
Vietnam Airlines,PQC0190,1.555.443 VND/khách,05:40,10 thg 5,10 thg 5,06:40,1h 0m,"Phú Quốc (PQC)
Sân bay Phú Quốc",,,2025-04-10
Vietnam Airlines,PQC0277,1.647.351 VND/khách,15:05,10 thg 5,10 thg 5,16:10,1h 5m,"Phú Quốc (PQC)
Sân bay Phú Quốc",,,2025-04-10
Vietnam Airlines,PQC0211,1.849.149 VND/khách,08:10,10 thg 5,10 thg 5,08:55,45m,"Phú Quốc (PQC)
Sân bay Phú Quốc",,,2025-04-10
Vietravel Airlines,PQC0333,752.220 VND/khách,17:25,21 thg 4,21 thg 4,18:25,1h 0m,"Phú Quốc (PQC)
Sân bay Phú Quốc",,,2025-04-10
VietJet Air,PQC0027,819.000 VND/khách,05:55,21 thg 4,21 thg 4,06:55,1h 0m,"Phú Quốc (PQC)
Sân bay Phú Quốc",,,2025-04-10
VietJet Air,PQC0142,819.000 VND/khách,17:10,21 thg 4,21 thg 4,18:15,1h 5m,"Phú Quốc (PQC)
Sân bay Phú Quốc",,,2025-04-10
Vietnam Airlines,PQC0171,866.133 VND/khách,05:25,21 thg 4,21 thg 4,06:20,55m,"Phú Quốc (PQC)
Sân bay Phú Quốc",,,2025-04-10
Bamboo Airways,PQC0009,1.013.756 VND/khách,16:30,21 thg 4,21 thg 4,17:30,1h 0m,"Phú Quốc (PQC)
Sân bay Phú Quốc",,,2025-04-10
VietJet Air,PQC0119,1.025.000 VND/khách,15:40,21 thg 4,21 thg 4,16:40,1h 0m,"Phú Quốc (PQC)
Sân bay Phú Quốc",,,2025-04-10
VietJet Air,PQC0098,1.153.000 VND/khách,14:05,21 thg 4,21 thg 4,15:05,1h 0m,"Phú Quốc (PQC)
Sân bay Phú Quốc",,,2025-04-10
Vietnam Airlines,PQC0192,1.248.349 VND/khách,05:40,21 thg 4,21 thg 4,06:40,1h 0m,"Phú Quốc (PQC)
Sân bay Phú Quốc",,,2025-04-10
VietJet Air,PQC0052,1.289.000 VND/khách,09:20,21 thg 4,21 thg 4,10:20,1h 0m,"Phú Quốc (PQC)
Sân bay Phú Quốc",,,2025-04-10
VietJet Air,PQC0076,1.289.000 VND/khách,11:35,21 thg 4,21 thg 4,12:35,1h 0m,"Phú Quốc (PQC)
Sân bay Phú Quốc",,,2025-04-10
Vietnam Airlines,PQC0213,1.725.273 VND/khách,08:10,21 thg 4,21 thg 4,08:55,45m,"Phú Quốc (PQC)
Sân bay Phú Quốc",,,2025-04-10
Vietnam Airlines,PQC0260,1.971.027 VND/khách,13:05,21 thg 4,21 thg 4,14:00,55m,"Phú Quốc (PQC)
Sân bay Phú Quốc",,,2025-04-10
Vietnam Airlines,PQC0236,1.978.020 VND/khách,10:25,21 thg 4,21 thg 4,11:25,1h 0m,"Phú Quốc (PQC)
Sân bay Phú Quốc",,,2025-04-10
Vietravel Airlines,PQC0334,752.220 VND/khách,17:25,22 thg 4,22 thg 4,18:25,1h 0m,"Phú Quốc (PQC)
Sân bay Phú Quốc",,,2025-04-10
VietJet Air,PQC0028,819.000 VND/khách,05:55,22 thg 4,22 thg 4,06:55,1h 0m,"Phú Quốc (PQC)
Sân bay Phú Quốc",,,2025-04-10
VietJet Air,PQC0120,819.000 VND/khách,15:40,22 thg 4,22 thg 4,16:40,1h 0m,"Phú Quốc (PQC)
Sân bay Phú Quốc",,,2025-04-10
VietJet Air,PQC0143,819.000 VND/khách,17:10,22 thg 4,22 thg 4,18:15,1h 5m,"Phú Quốc (PQC)
Sân bay Phú Quốc",,,2025-04-10
Vietnam Airlines,PQC0172,866.133 VND/khách,05:25,22 thg 4,22 thg 4,06:20,55m,"Phú Quốc (PQC)
Sân bay Phú Quốc",,,2025-04-10
VietJet Air,PQC0099,1.153.000 VND/khách,14:05,22 thg 4,22 thg 4,15:05,1h 0m,"Phú Quốc (PQC)
Sân bay Phú Quốc",,,2025-04-10
Vietnam Airlines,PQC0193,1.248.349 VND/khách,05:40,22 thg 4,22 thg 4,06:40,1h 0m,"Phú Quốc (PQC)
Sân bay Phú Quốc",,,2025-04-10
VietJet Air,PQC0053,1.289.000 VND/khách,09:20,22 thg 4,22 thg 4,10:20,1h 0m,"Phú Quốc (PQC)
Sân bay Phú Quốc",,,2025-04-10
VietJet Air,PQC0077,1.289.000 VND/khách,11:35,22 thg 4,22 thg 4,12:35,1h 0m,"Phú Quốc (PQC)
Sân bay Phú Quốc",,,2025-04-10
Vietnam Airlines,PQC0280,1.747.251 VND/khách,15:05,22 thg 4,22 thg 4,16:10,1h 5m,"Phú Quốc (PQC)
Sân bay Phú Quốc",,,2025-04-10
Vietnam Airlines,PQC0214,1.772.226 VND/khách,08:10,22 thg 4,22 thg 4,08:55,45m,"Phú Quốc (PQC)
Sân bay Phú Quốc",,,2025-04-10
Vietnam Airlines,PQC0261,1.890.108 VND/khách,13:05,22 thg 4,22 thg 4,14:00,55m,"Phú Quốc (PQC)
Sân bay Phú Quốc",,,2025-04-10
Vietravel Airlines,PQC0335,752.220 VND/khách,17:25,23 thg 4,23 thg 4,18:25,1h 0m,"Phú Quốc (PQC)
Sân bay Phú Quốc",,,2025-04-10
VietJet Air,PQC0029,819.000 VND/khách,05:55,23 thg 4,23 thg 4,06:55,1h 0m,"Phú Quốc (PQC)
Sân bay Phú Quốc",,,2025-04-10
VietJet Air,PQC0144,819.000 VND/khách,17:10,23 thg 4,23 thg 4,18:15,1h 5m,"Phú Quốc (PQC)
Sân bay Phú Quốc",,,2025-04-10
VietJet Air,PQC0129,848.000 VND/khách,16:25,23 thg 4,23 thg 4,17:25,1h 0m,"Phú Quốc (PQC)
Sân bay Phú Quốc",,,2025-04-10
Vietnam Airlines,PQC0173,865.134 VND/khách,05:25,23 thg 4,23 thg 4,06:20,55m,"Phú Quốc (PQC)
Sân bay Phú Quốc",,,2025-04-10
Bamboo Airways,PQC0010,1.013.756 VND/khách,16:30,23 thg 4,23 thg 4,17:30,1h 0m,"Phú Quốc (PQC)
Sân bay Phú Quốc",,,2025-04-10
VietJet Air,PQC0100,1.153.000 VND/khách,14:05,23 thg 4,23 thg 4,15:05,1h 0m,"Phú Quốc (PQC)
Sân bay Phú Quốc",,,2025-04-10
Vietnam Airlines,PQC0194,1.248.349 VND/khách,05:40,23 thg 4,23 thg 4,06:40,1h 0m,"Phú Quốc (PQC)
Sân bay Phú Quốc",,,2025-04-10
VietJet Air,PQC0054,1.289.000 VND/khách,09:20,23 thg 4,23 thg 4,10:20,1h 0m,"Phú Quốc (PQC)
Sân bay Phú Quốc",,,2025-04-10
VietJet Air,PQC0078,1.289.000 VND/khách,11:35,23 thg 4,23 thg 4,12:35,1h 0m,"Phú Quốc (PQC)
Sân bay Phú Quốc",,,2025-04-10
Vietnam Airlines,PQC0215,1.728.270 VND/khách,08:10,23 thg 4,23 thg 4,08:55,45m,"Phú Quốc (PQC)
Sân bay Phú Quốc",,,2025-04-10
Vietnam Airlines,PQC0262,1.761.237 VND/khách,13:05,23 thg 4,23 thg 4,14:00,55m,"Phú Quốc (PQC)
Sân bay Phú Quốc",,,2025-04-10
Vietnam Airlines,PQC0281,1.761.237 VND/khách,15:05,23 thg 4,23 thg 4,16:10,1h 5m,"Phú Quốc (PQC)
Sân bay Phú Quốc",,,2025-04-10
Vietravel Airlines,PQC0336,1.136.290 VND/khách,17:25,24 thg 4,24 thg 4,18:25,1h 0m,"Phú Quốc (PQC)
Sân bay Phú Quốc",,,2025-04-10
VietJet Air,PQC0030,1.153.000 VND/khách,05:55,24 thg 4,24 thg 4,06:55,1h 0m,"Phú Quốc (PQC)
Sân bay Phú Quốc",,,2025-04-10
Vietnam Airlines,PQC0174,1.248.349 VND/khách,05:25,24 thg 4,24 thg 4,06:20,55m,"Phú Quốc (PQC)
Sân bay Phú Quốc",,,2025-04-10
VietJet Air,PQC0101,1.289.000 VND/khách,14:05,24 thg 4,24 thg 4,15:05,1h 0m,"Phú Quốc (PQC)
Sân bay Phú Quốc",,,2025-04-10
VietJet Air,PQC0122,1.289.000 VND/khách,15:40,24 thg 4,24 thg 4,16:40,1h 0m,"Phú Quốc (PQC)
Sân bay Phú Quốc",,,2025-04-10
VietJet Air,PQC0039,1.289.000 VND/khách,08:25,24 thg 4,24 thg 4,09:30,1h 5m,"Phú Quốc (PQC)
Sân bay Phú Quốc",,,2025-04-10
VietJet Air,PQC0145,1.289.000 VND/khách,17:10,24 thg 4,24 thg 4,18:15,1h 5m,"Phú Quốc (PQC)
Sân bay Phú Quốc",,,2025-04-10
VietJet Air,PQC0158,1.289.000 VND/khách,17:40,24 thg 4,24 thg 4,18:45,1h 5m,"Phú Quốc (PQC)
Sân bay Phú Quốc",,,2025-04-10
Vietnam Airlines,PQC0195,1.331.667 VND/khách,05:40,24 thg 4,24 thg 4,06:40,1h 0m,"Phú Quốc (PQC)
Sân bay Phú Quốc",,,2025-04-10
VietJet Air,PQC0055,1.418.000 VND/khách,09:20,24 thg 4,24 thg 4,10:20,1h 0m,"Phú Quốc (PQC)
Sân bay Phú Quốc",,,2025-04-10
VietJet Air,PQC0079,1.418.000 VND/khách,11:35,24 thg 4,24 thg 4,12:35,1h 0m,"Phú Quốc (PQC)
Sân bay Phú Quốc",,,2025-04-10
Vietnam Airlines,PQC0282,1.750.248 VND/khách,15:05,24 thg 4,24 thg 4,16:10,1h 5m,"Phú Quốc (PQC)
Sân bay Phú Quốc",,,2025-04-10
Vietnam Airlines,PQC0217,1.861.137 VND/khách,08:10,24 thg 4,24 thg 4,08:55,45m,"Phú Quốc (PQC)
Sân bay Phú Quốc",,,2025-04-10
Vietnam Airlines,PQC0263,1.883.115 VND/khách,13:05,24 thg 4,24 thg 4,14:00,55m,"Phú Quốc (PQC)
Sân bay Phú Quốc",,,2025-04-10
Vietravel Airlines,PQC0337,1.136.290 VND/khách,17:25,25 thg 4,25 thg 4,18:25,1h 0m,"Phú Quốc (PQC)
Sân bay Phú Quốc",,,2025-04-10
VietJet Air,PQC0031,1.289.000 VND/khách,05:55,25 thg 4,25 thg 4,06:55,1h 0m,"Phú Quốc (PQC)
Sân bay Phú Quốc",,,2025-04-10
VietJet Air,PQC0123,1.289.000 VND/khách,15:40,25 thg 4,25 thg 4,16:40,1h 0m,"Phú Quốc (PQC)
Sân bay Phú Quốc",,,2025-04-10
VietJet Air,PQC0146,1.289.000 VND/khách,17:10,25 thg 4,25 thg 4,18:15,1h 5m,"Phú Quốc (PQC)
Sân bay Phú Quốc",,,2025-04-10
Vietnam Airlines,PQC0175,1.339.659 VND/khách,05:25,25 thg 4,25 thg 4,06:20,55m,"Phú Quốc (PQC)
Sân bay Phú Quốc",,,2025-04-10
Bamboo Airways,PQC0011,1.427.825 VND/khách,16:30,25 thg 4,25 thg 4,17:30,1h 0m,"Phú Quốc (PQC)
Sân bay Phú Quốc",,,2025-04-10
Vietnam Airlines,PQC0196,1.570.428 VND/khách,05:40,25 thg 4,25 thg 4,06:40,1h 0m,"Phú Quốc (PQC)
Sân bay Phú Quốc",,,2025-04-10
VietJet Air,PQC0102,1.587.000 VND/khách,14:05,25 thg 4,25 thg 4,15:05,1h 0m,"Phú Quốc (PQC)
Sân bay Phú Quốc",,,2025-04-10
Vietnam Airlines,PQC0296,1.655.343 VND/khách,17:25,25 thg 4,25 thg 4,18:25,1h 0m,"Phú Quốc (PQC)
Sân bay Phú Quốc",,,2025-04-10
VietJet Air,PQC0056,1.708.000 VND/khách,09:20,25 thg 4,25 thg 4,10:20,1h 0m,"Phú Quốc (PQC)
Sân bay Phú Quốc",,,2025-04-10
VietJet Air,PQC0080,1.708.000 VND/khách,11:35,25 thg 4,25 thg 4,12:35,1h 0m,"Phú Quốc (PQC)
Sân bay Phú Quốc",,,2025-04-10
Vietnam Airlines,PQC0311,1.725.273 VND/khách,20:20,25 thg 4,25 thg 4,21:20,1h 0m,"Phú Quốc (PQC)
Sân bay Phú Quốc",,,2025-04-10
Vietnam Airlines,PQC0218,1.971.027 VND/khách,08:10,25 thg 4,25 thg 4,08:55,45m,"Phú Quốc (PQC)
Sân bay Phú Quốc",,,2025-04-10
Vietnam Airlines,PQC0240,1.971.027 VND/khách,10:25,25 thg 4,25 thg 4,11:25,1h 0m,"Phú Quốc (PQC)
Sân bay Phú Quốc",,,2025-04-10
Vietnam Airlines,PQC0283,1.971.027 VND/khách,15:05,25 thg 4,25 thg 4,16:10,1h 5m,"Phú Quốc (PQC)
Sân bay Phú Quốc",,,2025-04-10
Vietravel Airlines,PQC0338,961.170 VND/khách,17:25,26 thg 4,26 thg 4,18:25,1h 0m,"Phú Quốc (PQC)
Sân bay Phú Quốc",,,2025-04-10
VietJet Air,PQC0124,1.046.000 VND/khách,15:40,26 thg 4,26 thg 4,16:40,1h 0m,"Phú Quốc (PQC)
Sân bay Phú Quốc",,,2025-04-10
VietJet Air,PQC0147,1.046.000 VND/khách,17:10,26 thg 4,26 thg 4,18:15,1h 5m,"Phú Quốc (PQC)
Sân bay Phú Quốc",,,2025-04-10
Vietnam Airlines,PQC0176,1.221.777 VND/khách,05:25,26 thg 4,26 thg 4,06:20,55m,"Phú Quốc (PQC)
Sân bay Phú Quốc",,,2025-04-10
VietJet Air,PQC0032,1.296.000 VND/khách,05:55,26 thg 4,26 thg 4,06:55,1h 0m,"Phú Quốc (PQC)
Sân bay Phú Quốc",,,2025-04-10
VietJet Air,PQC0103,1.296.000 VND/khách,14:05,26 thg 4,26 thg 4,15:05,1h 0m,"Phú Quốc (PQC)
Sân bay Phú Quốc",,,2025-04-10
Vietnam Airlines,PQC0197,1.335.663 VND/khách,05:40,26 thg 4,26 thg 4,06:40,1h 0m,"Phú Quốc (PQC)
Sân bay Phú Quốc",,,2025-04-10
VietJet Air,PQC0081,1.594.000 VND/khách,11:35,26 thg 4,26 thg 4,12:35,1h 0m,"Phú Quốc (PQC)
Sân bay Phú Quốc",,,2025-04-10
VietJet Air,PQC0057,1.609.000 VND/khách,09:20,26 thg 4,26 thg 4,10:20,1h 0m,"Phú Quốc (PQC)
Sân bay Phú Quốc",,,2025-04-10
Vietnam Airlines,PQC0312,1.735.263 VND/khách,20:20,26 thg 4,26 thg 4,21:20,1h 0m,"Phú Quốc (PQC)
Sân bay Phú Quốc",,,2025-04-10
Vietnam Airlines,PQC0284,1.842.156 VND/khách,15:05,26 thg 4,26 thg 4,16:10,1h 5m,"Phú Quốc (PQC)
Sân bay Phú Quốc",,,2025-04-10
Vietnam Airlines,PQC0219,1.856.142 VND/khách,08:10,26 thg 4,26 thg 4,08:55,45m,"Phú Quốc (PQC)
Sân bay Phú Quốc",,,2025-04-10
Vietnam Airlines,PQC0241,1.941.057 VND/khách,10:25,26 thg 4,26 thg 4,11:25,1h 0m,"Phú Quốc (PQC)
Sân bay Phú Quốc",,,2025-04-10
Vietnam Airlines,PQC0264,1.956.042 VND/khách,13:05,26 thg 4,26 thg 4,14:00,55m,"Phú Quốc (PQC)
Sân bay Phú Quốc",,,2025-04-10
Vietravel Airlines,PQC0339,752.220 VND/khách,17:25,27 thg 4,27 thg 4,18:25,1h 0m,"Phú Quốc (PQC)
Sân bay Phú Quốc",,,2025-04-10
VietJet Air,PQC0148,841.000 VND/khách,17:10,27 thg 4,27 thg 4,18:15,1h 5m,"Phú Quốc (PQC)
Sân bay Phú Quốc",,,2025-04-10
Bamboo Airways,PQC0012,1.013.756 VND/khách,16:30,27 thg 4,27 thg 4,17:30,1h 0m,"Phú Quốc (PQC)
Sân bay Phú Quốc",,,2025-04-10
VietJet Air,PQC0033,1.046.000 VND/khách,05:55,27 thg 4,27 thg 4,06:55,1h 0m,"Phú Quốc (PQC)
Sân bay Phú Quốc",,,2025-04-10
VietJet Air,PQC0125,1.046.000 VND/khách,15:40,27 thg 4,27 thg 4,16:40,1h 0m,"Phú Quốc (PQC)
Sân bay Phú Quốc",,,2025-04-10
Vietnam Airlines,PQC0177,1.107.891 VND/khách,05:25,27 thg 4,27 thg 4,06:20,55m,"Phú Quốc (PQC)
Sân bay Phú Quốc",,,2025-04-10
Vietnam Airlines,PQC0198,1.125.873 VND/khách,05:40,27 thg 4,27 thg 4,06:40,1h 0m,"Phú Quốc (PQC)
Sân bay Phú Quốc",,,2025-04-10
VietJet Air,PQC0104,1.153.000 VND/khách,14:05,27 thg 4,27 thg 4,15:05,1h 0m,"Phú Quốc (PQC)
Sân bay Phú Quốc",,,2025-04-10
VietJet Air,PQC0082,1.296.000 VND/khách,11:35,27 thg 4,27 thg 4,12:35,1h 0m,"Phú Quốc (PQC)
Sân bay Phú Quốc",,,2025-04-10
Vietnam Airlines,PQC0313,1.452.546 VND/khách,20:20,27 thg 4,27 thg 4,21:20,1h 0m,"Phú Quốc (PQC)
Sân bay Phú Quốc",,,2025-04-10
VietJet Air,PQC0058,1.594.000 VND/khách,09:20,27 thg 4,27 thg 4,10:20,1h 0m,"Phú Quốc (PQC)
Sân bay Phú Quốc",,,2025-04-10
Vietnam Airlines,PQC0285,1.651.347 VND/khách,15:05,27 thg 4,27 thg 4,16:10,1h 5m,"Phú Quốc (PQC)
Sân bay Phú Quốc",,,2025-04-10
Vietnam Airlines,PQC0265,1.890.108 VND/khách,13:05,27 thg 4,27 thg 4,14:00,55m,"Phú Quốc (PQC)
Sân bay Phú Quốc",,,2025-04-10
Vietnam Airlines,PQC0220,1.945.053 VND/khách,08:10,27 thg 4,27 thg 4,08:55,45m,"Phú Quốc (PQC)
Sân bay Phú Quốc",,,2025-04-10
Vietravel Airlines,PQC0340,961.170 VND/khách,17:25,28 thg 4,28 thg 4,18:25,1h 0m,"Phú Quốc (PQC)
Sân bay Phú Quốc",,,2025-04-10
Vietnam Airlines,PQC0178,920.079 VND/khách,05:25,28 thg 4,28 thg 4,06:20,55m,"Phú Quốc (PQC)
Sân bay Phú Quốc",,,2025-04-10
Bamboo Airways,PQC0013,1.013.756 VND/khách,16:30,28 thg 4,28 thg 4,17:30,1h 0m,"Phú Quốc (PQC)
Sân bay Phú Quốc",,,2025-04-10
VietJet Air,PQC0034,1.024.000 VND/khách,05:55,28 thg 4,28 thg 4,06:55,1h 0m,"Phú Quốc (PQC)
Sân bay Phú Quốc",,,2025-04-10
VietJet Air,PQC0126,1.024.000 VND/khách,15:40,28 thg 4,28 thg 4,16:40,1h 0m,"Phú Quốc (PQC)
Sân bay Phú Quốc",,,2025-04-10
VietJet Air,PQC0149,1.024.000 VND/khách,17:10,28 thg 4,28 thg 4,18:15,1h 5m,"Phú Quốc (PQC)
Sân bay Phú Quốc",,,2025-04-10
VietJet Air,PQC0105,1.153.000 VND/khách,14:05,28 thg 4,28 thg 4,15:05,1h 0m,"Phú Quốc (PQC)
Sân bay Phú Quốc",,,2025-04-10
Vietnam Airlines,PQC0199,1.213.785 VND/khách,05:40,28 thg 4,28 thg 4,06:40,1h 0m,"Phú Quốc (PQC)
Sân bay Phú Quốc",,,2025-04-10
VietJet Air,PQC0059,1.289.000 VND/khách,09:20,28 thg 4,28 thg 4,10:20,1h 0m,"Phú Quốc (PQC)
Sân bay Phú Quốc",,,2025-04-10
VietJet Air,PQC0083,1.289.000 VND/khách,11:35,28 thg 4,28 thg 4,12:35,1h 0m,"Phú Quốc (PQC)
Sân bay Phú Quốc",,,2025-04-10
Vietnam Airlines,PQC0314,1.643.355 VND/khách,20:20,28 thg 4,28 thg 4,21:20,1h 0m,"Phú Quốc (PQC)
Sân bay Phú Quốc",,,2025-04-10
Vietnam Airlines,PQC0221,1.658.340 VND/khách,08:10,28 thg 4,28 thg 4,08:55,45m,"Phú Quốc (PQC)
Sân bay Phú Quốc",,,2025-04-10
Vietnam Airlines,PQC0243,1.890.108 VND/khách,10:25,28 thg 4,28 thg 4,11:25,1h 0m,"Phú Quốc (PQC)
Sân bay Phú Quốc",,,2025-04-10
Vietnam Airlines,PQC0286,1.890.108 VND/khách,15:05,28 thg 4,28 thg 4,16:10,1h 5m,"Phú Quốc (PQC)
Sân bay Phú Quốc",,,2025-04-10
Vietravel Airlines,PQC0341,1.934.381 VND/khách,17:25,29 thg 4,29 thg 4,18:25,1h 0m,"Phú Quốc (PQC)
Sân bay Phú Quốc",,,2025-04-10
VietJet Air,PQC0127,1.711.000 VND/khách,15:40,29 thg 4,29 thg 4,16:40,1h 0m,"Phú Quốc (PQC)
Sân bay Phú Quốc",,,2025-04-10
VietJet Air,PQC0040,1.711.000 VND/khách,08:25,29 thg 4,29 thg 4,09:30,1h 5m,"Phú Quốc (PQC)
Sân bay Phú Quốc",,,2025-04-10
VietJet Air,PQC0035,1.722.000 VND/khách,05:55,29 thg 4,29 thg 4,06:55,1h 0m,"Phú Quốc (PQC)
Sân bay Phú Quốc",,,2025-04-10
VietJet Air,PQC0106,1.789.000 VND/khách,14:05,29 thg 4,29 thg 4,15:05,1h 0m,"Phú Quốc (PQC)
Sân bay Phú Quốc",,,2025-04-10
VietJet Air,PQC0150,1.796.000 VND/khách,17:10,29 thg 4,29 thg 4,18:15,1h 5m,"Phú Quốc (PQC)
Sân bay Phú Quốc",,,2025-04-10
VietJet Air,PQC0060,1.811.000 VND/khách,09:20,29 thg 4,29 thg 4,10:20,1h 0m,"Phú Quốc (PQC)
Sân bay Phú Quốc",,,2025-04-10
VietJet Air,PQC0084,1.811.000 VND/khách,11:35,29 thg 4,29 thg 4,12:35,1h 0m,"Phú Quốc (PQC)
Sân bay Phú Quốc",,,2025-04-10
Vietravel Airlines,PQC0341,1.934.381 VND/khách,17:25,29 thg 4,29 thg 4,18:25,1h 0m,"Phú Quốc (PQC)
Sân bay Phú Quốc",,,2025-04-10
Vietnam Airlines,PQC0222,1.974.024 VND/khách,08:10,29 thg 4,29 thg 4,08:55,45m,"Phú Quốc (PQC)
Sân bay Phú Quốc",,,2025-04-10
Vietnam Airlines,PQC0200,1.974.024 VND/khách,05:40,29 thg 4,29 thg 4,06:40,1h 0m,"Phú Quốc (PQC)
Sân bay Phú Quốc",,,2025-04-10
Vietnam Airlines,PQC0287,1.974.024 VND/khách,15:05,29 thg 4,29 thg 4,16:10,1h 5m,"Phú Quốc (PQC)
Sân bay Phú Quốc",,,2025-04-10
Vietravel Airlines,PQC0342,1.870.600 VND/khách,17:25,30 thg 4,30 thg 4,18:25,1h 0m,"Phú Quốc (PQC)
Sân bay Phú Quốc",,,2025-04-10
Vietravel Airlines,PQC0332,835.044 VND/khách,17:25,11 thg 5,11 thg 5,18:25,1h 0m,"Phú Quốc (PQC)
Sân bay Phú Quốc",Hành lý xách tay 7 kg,Hành lý 0 kg,2025-05-10
VietJet Air,PQC0097,810.000 VND/khách,14:05,11 thg 5,11 thg 5,15:05,1h 0m,"Phú Quốc (PQC)
Sân bay Phú Quốc",Hành lý xách tay 7 kg,Hành lý 0 kg,2025-05-10
VietJet Air,PQC0026,1.066.000 VND/khách,05:55,11 thg 5,11 thg 5,06:55,1h 0m,"Phú Quốc (PQC)
Sân bay Phú Quốc",Hành lý xách tay 7 kg,Hành lý 0 kg,2025-05-10
VietJet Air,PQC0118,1.149.000 VND/khách,15:40,11 thg 5,11 thg 5,16:40,1h 0m,"Phú Quốc (PQC)
Sân bay Phú Quốc",Hành lý xách tay 7 kg,Hành lý 0 kg,2025-05-10
Bamboo Airways,PQC0008,1.167.757 VND/khách,16:30,11 thg 5,11 thg 5,17:30,1h 0m,"Phú Quốc (PQC)
Sân bay Phú Quốc",Hành lý xách tay 7 kg,Hành lý 0 kg,2025-05-10
VietJet Air,PQC0051,1.183.000 VND/khách,09:20,11 thg 5,11 thg 5,10:20,1h 0m,"Phú Quốc (PQC)
Sân bay Phú Quốc",Hành lý xách tay 7 kg,Hành lý 0 kg,2025-05-10
VietJet Air,PQC0075,1.183.000 VND/khách,11:35,11 thg 5,11 thg 5,12:35,1h 0m,"Phú Quốc (PQC)
Sân bay Phú Quốc",Hành lý xách tay 7 kg,Hành lý 0 kg,2025-05-10
Vietnam Airlines,PQC0310,1.271.727 VND/khách,20:20,11 thg 5,11 thg 5,21:20,1h 0m,"Phú Quốc (PQC)
Sân bay Phú Quốc",Hành lý xách tay 10 kg,Hành lý 23 kg,2025-05-10
Vietnam Airlines,PQC0278,1.383.615 VND/khách,15:05,11 thg 5,11 thg 5,16:10,1h 5m,"Phú Quốc (PQC)
Sân bay Phú Quốc",Hành lý xách tay 10 kg,Hành lý 23 kg,2025-05-10
Vietnam Airlines,PQC0259,1.581.764 VND/khách,13:05,11 thg 5,11 thg 5,14:00,55m,"Phú Quốc (PQC)
Sân bay Phú Quốc",Hành lý xách tay 10 kg,Hành lý 23 kg,2025-05-10
Vietnam Airlines,PQC0191,1.581.764 VND/khách,05:40,11 thg 5,11 thg 5,06:40,1h 0m,"Phú Quốc (PQC)
Sân bay Phú Quốc",Hành lý xách tay 10 kg,Hành lý 23 kg,2025-05-10
Vietnam Airlines,PQC0212,1.692.306 VND/khách,08:10,11 thg 5,11 thg 5,08:55,45m,"Phú Quốc (PQC)
Sân bay Phú Quốc",Hành lý xách tay 10 kg,Hành lý 23 kg,2025-05-10
Vietravel Airlines,PQC0322,1.854.828 VND/khách,17:25,01 thg 5,01 thg 5,18:25,1h 0m,"Phú Quốc (PQC)
Sân bay Phú Quốc",Hành lý xách tay 7 kg,Hành lý 0 kg,2025-04-11
VietJet Air,PQC0131,1.700.863 VND/khách,17:10,01 thg 5,01 thg 5,18:15,1h 5m,"Phú Quốc (PQC)
Sân bay Phú Quốc",Hành lý xách tay 7 kg,Hành lý 0 kg,2025-04-11
VietJet Air,PQC0154,1.700.863 VND/khách,17:40,01 thg 5,01 thg 5,18:45,1h 5m,"Phú Quốc (PQC)
Sân bay Phú Quốc",Hành lý xách tay 7 kg,Hành lý 0 kg,2025-04-11
Bamboo Airways,PQC0001,1.707.271 VND/khách,16:30,01 thg 5,01 thg 5,17:30,1h 0m,"Phú Quốc (PQC)
Sân bay Phú Quốc",Hành lý xách tay 7 kg,Hành lý 0 kg,2025-04-11
VietJet Air,PQC0108,1.785.016 VND/khách,15:40,01 thg 5,01 thg 5,16:40,1h 0m,"Phú Quốc (PQC)
Sân bay Phú Quốc",Hành lý xách tay 7 kg,Hành lý 0 kg,2025-04-11
Vietnam Airlines,PQC0166,1.912.086 VND/khách,05:25,01 thg 5,01 thg 5,06:20,55m,"Phú Quốc (PQC)
Sân bay Phú Quốc",Hành lý xách tay 1 x 12 kg,Hành lý 23 kg,2025-04-11
Vietnam Airlines,PQC0161,1.912.086 VND/khách,05:10,01 thg 5,01 thg 5,06:10,1h 0m,"Phú Quốc (PQC)
Sân bay Phú Quốc",Hành lý xách tay 1 x 12 kg,Hành lý 23 kg,2025-04-11
Vietravel Airlines,PQC0323,1.619.423 VND/khách,17:25,02 thg 5,02 thg 5,18:25,1h 0m,"Phú Quốc (PQC)
Sân bay Phú Quốc",Hành lý xách tay 7 kg,Hành lý 0 kg,2025-04-11
VietJet Air,PQC0017,1.700.863 VND/khách,05:55,02 thg 5,02 thg 5,06:55,1h 0m,"Phú Quốc (PQC)
Sân bay Phú Quốc",Hành lý xách tay 7 kg,Hành lý 0 kg,2025-04-11
VietJet Air,PQC0132,1.700.863 VND/khách,17:10,02 thg 5,02 thg 5,18:15,1h 5m,"Phú Quốc (PQC)
Sân bay Phú Quốc",Hành lý xách tay 7 kg,Hành lý 0 kg,2025-04-11
Bamboo Airways,PQC0002,1.715.850 VND/khách,16:30,02 thg 5,02 thg 5,17:30,1h 0m,"Phú Quốc (PQC)
Sân bay Phú Quốc",Hành lý xách tay 7 kg,Hành lý 0 kg,2025-04-11
Vietnam Airlines,PQC0167,1.757.241 VND/khách,05:25,02 thg 5,02 thg 5,06:20,55m,"Phú Quốc (PQC)
Sân bay Phú Quốc",Hành lý xách tay 1 x 12 kg,Hành lý 23 kg,2025-04-11
VietJet Air,PQC0088,1.777.095 VND/khách,14:05,02 thg 5,02 thg 5,15:05,1h 0m,"Phú Quốc (PQC)
Sân bay Phú Quốc",Hành lý xách tay 7 kg,Hành lý 0 kg,2025-04-11
VietJet Air,PQC0042,1.810.756 VND/khách,09:20,02 thg 5,02 thg 5,10:20,1h 0m,"Phú Quốc (PQC)
Sân bay Phú Quốc",Hành lý xách tay 7 kg,Hành lý 0 kg,2025-04-11
VietJet Air,PQC0066,1.839.467 VND/khách,11:35,02 thg 5,02 thg 5,12:35,1h 0m,"Phú Quốc (PQC)
Sân bay Phú Quốc",Hành lý xách tay 7 kg,Hành lý 0 kg,2025-04-11
VietJet Air,PQC0109,1.880.058 VND/khách,15:40,02 thg 5,02 thg 5,16:40,1h 0m,"Phú Quốc (PQC)
Sân bay Phú Quốc",Hành lý xách tay 7 kg,Hành lý 0 kg,2025-04-11
Vietnam Airlines,PQC0248,1.986.012 VND/khách,13:00,02 thg 5,02 thg 5,14:00,1h 0m,"Phú Quốc (PQC)
Sân bay Phú Quốc",Hành lý xách tay 1 x 12 kg,Hành lý 23 kg,2025-04-11
Vietnam Airlines,PQC0305,1.986.012 VND/khách,20:20,02 thg 5,02 thg 5,21:20,1h 0m,"Phú Quốc (PQC)
Sân bay Phú Quốc",Hành lý xách tay 1 x 12 kg,Hành lý 23 kg,2025-04-11
Vietnam Airlines,PQC0269,1.986.012 VND/khách,15:05,02 thg 5,02 thg 5,16:10,1h 5m,"Phú Quốc (PQC)
Sân bay Phú Quốc",Hành lý xách tay 1 x 12 kg,Hành lý 23 kg,2025-04-11
Vietravel Airlines,PQC0324,875.710 VND/khách,17:25,03 thg 5,03 thg 5,18:25,1h 0m,"Phú Quốc (PQC)
Sân bay Phú Quốc",Hành lý xách tay 7 kg,Hành lý 0 kg,2025-04-11
VietJet Air,PQC0133,1.018.736 VND/khách,17:10,03 thg 5,03 thg 5,18:15,1h 5m,"Phú Quốc (PQC)
Sân bay Phú Quốc",Hành lý xách tay 7 kg,Hành lý 0 kg,2025-04-11
Bamboo Airways,PQC0003,1.018.850 VND/khách,16:30,03 thg 5,03 thg 5,17:30,1h 0m,"Phú Quốc (PQC)
Sân bay Phú Quốc",Hành lý xách tay 7 kg,Hành lý 0 kg,2025-04-11
VietJet Air,PQC0018,1.281.093 VND/khách,05:55,03 thg 5,03 thg 5,06:55,1h 0m,"Phú Quốc (PQC)
Sân bay Phú Quốc",Hành lý xách tay 7 kg,Hành lý 0 kg,2025-04-11
VietJet Air,PQC0089,1.281.093 VND/khách,14:05,03 thg 5,03 thg 5,15:05,1h 0m,"Phú Quốc (PQC)
Sân bay Phú Quốc",Hành lý xách tay 7 kg,Hành lý 0 kg,2025-04-11
Vietnam Airlines,PQC0168,1.355.643 VND/khách,05:25,03 thg 5,03 thg 5,06:20,55m,"Phú Quốc (PQC)
Sân bay Phú Quốc",Hành lý xách tay 1 x 12 kg,Hành lý 23 kg,2025-04-11
VietJet Air,PQC0067,1.405.836 VND/khách,11:35,03 thg 5,03 thg 5,12:35,1h 0m,"Phú Quốc (PQC)
Sân bay Phú Quốc",Hành lý xách tay 7 kg,Hành lý 0 kg,2025-04-11
Vietnam Airlines,PQC0183,1.492.506 VND/khách,05:40,03 thg 5,03 thg 5,06:40,1h 0m,"Phú Quốc (PQC)
Sân bay Phú Quốc",Hành lý xách tay 1 x 12 kg,Hành lý 23 kg,2025-04-11
Vietnam Airlines,PQC0306,1.554.444 VND/khách,20:20,03 thg 5,03 thg 5,21:20,1h 0m,"Phú Quốc (PQC)
Sân bay Phú Quốc",Hành lý xách tay 1 x 12 kg,Hành lý 23 kg,2025-04-11
VietJet Air,PQC0043,1.577.110 VND/khách,09:20,03 thg 5,03 thg 5,10:20,1h 0m,"Phú Quốc (PQC)
Sân bay Phú Quốc",Hành lý xách tay 7 kg,Hành lý 0 kg,2025-04-11
Vietnam Airlines,PQC0204,1.731.267 VND/khách,08:10,03 thg 5,03 thg 5,08:55,45m,"Phú Quốc (PQC)
Sân bay Phú Quốc",Hành lý xách tay 1 x 12 kg,Hành lý 23 kg,2025-04-11
Vietnam Airlines,PQC0252,1.739.259 VND/khách,13:05,03 thg 5,03 thg 5,14:00,55m,"Phú Quốc (PQC)
Sân bay Phú Quốc",Hành lý xách tay 1 x 12 kg,Hành lý 23 kg,2025-04-11
Vietnam Airlines,PQC0270,1.739.259 VND/khách,15:05,03 thg 5,03 thg 5,16:10,1h 5m,"Phú Quốc (PQC)
Sân bay Phú Quốc",Hành lý xách tay 1 x 12 kg,Hành lý 23 kg,2025-04-11
VietJet Air,PQC0110,1.878.262 VND/khách,15:40,03 thg 5,03 thg 5,16:40,1h 0m,"Phú Quốc (PQC)
Sân bay Phú Quốc",Hành lý xách tay 7 kg,Hành lý 0 kg,2025-04-11
Vietravel Airlines,PQC0325,749.624 VND/khách,17:25,04 thg 5,04 thg 5,18:25,1h 0m,"Phú Quốc (PQC)
Sân bay Phú Quốc",Hành lý xách tay 7 kg,Hành lý 0 kg,2025-04-11
VietJet Air,PQC0134,815.781 VND/khách,17:10,04 thg 5,04 thg 5,18:15,1h 5m,"Phú Quốc (PQC)
Sân bay Phú Quốc",Hành lý xách tay 7 kg,Hành lý 0 kg,2025-04-11
VietJet Air,PQC0019,829.641 VND/khách,05:55,04 thg 5,04 thg 5,06:55,1h 0m,"Phú Quốc (PQC)
Sân bay Phú Quốc",Hành lý xách tay 7 kg,Hành lý 0 kg,2025-04-11
Bamboo Airways,PQC0004,874.325 VND/khách,16:30,04 thg 5,04 thg 5,17:30,1h 0m,"Phú Quốc (PQC)
Sân bay Phú Quốc",Hành lý xách tay 7 kg,Hành lý 0 kg,2025-04-11
Vietnam Airlines,PQC0169,1.069.187 VND/khách,05:25,04 thg 5,04 thg 5,06:20,55m,"Phú Quốc (PQC)
Sân bay Phú Quốc",Hành lý xách tay 1 x 12 kg,Hành lý 23 kg,2025-04-11
VietJet Air,PQC0068,1.147.439 VND/khách,11:35,04 thg 5,04 thg 5,12:35,1h 0m,"Phú Quốc (PQC)
Sân bay Phú Quốc",Hành lý xách tay 7 kg,Hành lý 0 kg,2025-04-11
VietJet Air,PQC0090,1.147.439 VND/khách,14:05,04 thg 5,04 thg 5,15:05,1h 0m,"Phú Quốc (PQC)
Sân bay Phú Quốc",Hành lý xách tay 7 kg,Hành lý 0 kg,2025-04-11
Vietnam Airlines,PQC0184,1.248.247 VND/khách,05:40,04 thg 5,04 thg 5,06:40,1h 0m,"Phú Quốc (PQC)
Sân bay Phú Quốc",Hành lý xách tay 1 x 12 kg,Hành lý 23 kg,2025-04-11
Vietnam Airlines,PQC0307,1.248.247 VND/khách,20:20,04 thg 5,04 thg 5,21:20,1h 0m,"Phú Quốc (PQC)
Sân bay Phú Quốc",Hành lý xách tay 1 x 12 kg,Hành lý 23 kg,2025-04-11
VietJet Air,PQC0044,1.283.073 VND/khách,09:20,04 thg 5,04 thg 5,10:20,1h 0m,"Phú Quốc (PQC)
Sân bay Phú Quốc",Hành lý xách tay 7 kg,Hành lý 0 kg,2025-04-11
Vietnam Airlines,PQC0271,1.360.032 VND/khách,15:05,04 thg 5,04 thg 5,16:10,1h 5m,"Phú Quốc (PQC)
Sân bay Phú Quốc",Hành lý xách tay 1 x 12 kg,Hành lý 23 kg,2025-04-11
Vietnam Airlines,PQC0205,1.471.814 VND/khách,08:10,04 thg 5,04 thg 5,08:55,45m,"Phú Quốc (PQC)
Sân bay Phú Quốc",Hành lý xách tay 1 x 12 kg,Hành lý 23 kg,2025-04-11
Vietnam Airlines,PQC0253,1.471.814 VND/khách,13:05,04 thg 5,04 thg 5,14:00,55m,"Phú Quốc (PQC)
Sân bay Phú Quốc",Hành lý xách tay 1 x 12 kg,Hành lý 23 kg,2025-04-11
Vietnam Airlines,PQC0228,1.471.814 VND/khách,10:25,04 thg 5,04 thg 5,11:25,1h 0m,"Phú Quốc (PQC)
Sân bay Phú Quốc",Hành lý xách tay 1 x 12 kg,Hành lý 23 kg,2025-04-11
Vietravel Airlines,PQC0326,748.638 VND/khách,17:25,05 thg 5,05 thg 5,18:25,1h 0m,"Phú Quốc (PQC)
Sân bay Phú Quốc",Hành lý xách tay 7 kg,Hành lý 0 kg,2025-04-11
VietJet Air,PQC0020,813.801 VND/khách,05:55,05 thg 5,05 thg 5,06:55,1h 0m,"Phú Quốc (PQC)
Sân bay Phú Quốc",Hành lý xách tay 7 kg,Hành lý 0 kg,2025-04-11
VietJet Air,PQC0135,813.801 VND/khách,17:10,05 thg 5,05 thg 5,18:15,1h 5m,"Phú Quốc (PQC)
Sân bay Phú Quốc",Hành lý xách tay 7 kg,Hành lý 0 kg,2025-04-11
VietJet Air,PQC0112,832.612 VND/khách,15:40,05 thg 5,05 thg 5,16:40,1h 0m,"Phú Quốc (PQC)
Sân bay Phú Quốc",Hành lý xách tay 7 kg,Hành lý 0 kg,2025-04-11
Bamboo Airways,PQC0005,874.325 VND/khách,16:30,05 thg 5,05 thg 5,17:30,1h 0m,"Phú Quốc (PQC)
Sân bay Phú Quốc",Hành lý xách tay 7 kg,Hành lý 0 kg,2025-04-11
VietJet Air,PQC0069,1.146.449 VND/khách,11:35,05 thg 5,05 thg 5,12:35,1h 0m,"Phú Quốc (PQC)
Sân bay Phú Quốc",Hành lý xách tay 7 kg,Hành lý 0 kg,2025-04-11
VietJet Air,PQC0091,1.146.449 VND/khách,14:05,05 thg 5,05 thg 5,15:05,1h 0m,"Phú Quốc (PQC)
Sân bay Phú Quốc",Hành lý xách tay 7 kg,Hành lý 0 kg,2025-04-11
Vietnam Airlines,PQC0170,1.207.791 VND/khách,05:25,05 thg 5,05 thg 5,06:20,55m,"Phú Quốc (PQC)
Sân bay Phú Quốc",Hành lý xách tay 1 x 12 kg,Hành lý 23 kg,2025-04-11
VietJet Air,PQC0045,1.281.093 VND/khách,09:20,05 thg 5,05 thg 5,10:20,1h 0m,"Phú Quốc (PQC)
Sân bay Phú Quốc",Hành lý xách tay 7 kg,Hành lý 0 kg,2025-04-11
Vietnam Airlines,PQC0185,1.347.651 VND/khách,05:40,05 thg 5,05 thg 5,06:40,1h 0m,"Phú Quốc (PQC)
Sân bay Phú Quốc",Hành lý xách tay 1 x 12 kg,Hành lý 23 kg,2025-04-11
Vietnam Airlines,PQC0308,1.347.651 VND/khách,20:20,05 thg 5,05 thg 5,21:20,1h 0m,"Phú Quốc (PQC)
Sân bay Phú Quốc",Hành lý xách tay 1 x 12 kg,Hành lý 23 kg,2025-04-11
Vietnam Airlines,PQC0254,1.473.525 VND/khách,13:05,05 thg 5,05 thg 5,14:00,55m,"Phú Quốc (PQC)
Sân bay Phú Quốc",Hành lý xách tay 1 x 12 kg,Hành lý 23 kg,2025-04-11
Vietnam Airlines,PQC0272,1.473.525 VND/khách,15:05,05 thg 5,05 thg 5,16:10,1h 5m,"Phú Quốc (PQC)
Sân bay Phú Quốc",Hành lý xách tay 1 x 12 kg,Hành lý 23 kg,2025-04-11
Vietnam Airlines,PQC0206,1.654.344 VND/khách,08:10,05 thg 5,05 thg 5,08:55,45m,"Phú Quốc (PQC)
Sân bay Phú Quốc",Hành lý xách tay 1 x 12 kg,Hành lý 23 kg,2025-04-11
Vietravel Airlines,PQC0327,749.624 VND/khách,17:25,06 thg 5,06 thg 5,18:25,1h 0m,"Phú Quốc (PQC)
Sân bay Phú Quốc",Hành lý xách tay 7 kg,Hành lý 0 kg,2025-04-11
VietJet Air,PQC0021,815.781 VND/khách,05:55,06 thg 5,06 thg 5,06:55,1h 0m,"Phú Quốc (PQC)
Sân bay Phú Quốc",Hành lý xách tay 7 kg,Hành lý 0 kg,2025-04-11
VietJet Air,PQC0136,815.781 VND/khách,17:10,06 thg 5,06 thg 5,18:15,1h 5m,"Phú Quốc (PQC)
Sân bay Phú Quốc",Hành lý xách tay 7 kg,Hành lý 0 kg,2025-04-11
VietJet Air,PQC0113,837.562 VND/khách,15:40,06 thg 5,06 thg 5,16:40,1h 0m,"Phú Quốc (PQC)
Sân bay Phú Quốc",Hành lý xách tay 7 kg,Hành lý 0 kg,2025-04-11
VietJet Air,PQC0046,1.147.439 VND/khách,09:20,06 thg 5,06 thg 5,10:20,1h 0m,"Phú Quốc (PQC)
Sân bay Phú Quốc",Hành lý xách tay 7 kg,Hành lý 0 kg,2025-04-11
VietJet Air,PQC0070,1.147.439 VND/khách,11:35,06 thg 5,06 thg 5,12:35,1h 0m,"Phú Quốc (PQC)
Sân bay Phú Quốc",Hành lý xách tay 7 kg,Hành lý 0 kg,2025-04-11
VietJet Air,PQC0092,1.147.439 VND/khách,14:05,06 thg 5,06 thg 5,15:05,1h 0m,"Phú Quốc (PQC)
Sân bay Phú Quốc",Hành lý xách tay 7 kg,Hành lý 0 kg,2025-04-11
Vietnam Airlines,PQC0186,1.371.627 VND/khách,05:40,06 thg 5,06 thg 5,06:40,1h 0m,"Phú Quốc (PQC)
Sân bay Phú Quốc",Hành lý xách tay 1 x 12 kg,Hành lý 23 kg,2025-04-11
Vietnam Airlines,PQC0273,1.489.509 VND/khách,15:05,06 thg 5,06 thg 5,16:10,1h 5m,"Phú Quốc (PQC)
Sân bay Phú Quốc",Hành lý xách tay 1 x 12 kg,Hành lý 23 kg,2025-04-11
Vietnam Airlines,PQC0207,1.541.457 VND/khách,08:10,06 thg 5,06 thg 5,08:55,45m,"Phú Quốc (PQC)
Sân bay Phú Quốc",Hành lý xách tay 1 x 12 kg,Hành lý 23 kg,2025-04-11
Vietnam Airlines,PQC0255,1.541.457 VND/khách,13:05,06 thg 5,06 thg 5,14:00,55m,"Phú Quốc (PQC)
Sân bay Phú Quốc",Hành lý xách tay 1 x 12 kg,Hành lý 23 kg,2025-04-11
Vietravel Airlines,PQC0328,747.653 VND/khách,17:25,07 thg 5,07 thg 5,18:25,1h 0m,"Phú Quốc (PQC)
Sân bay Phú Quốc",Hành lý xách tay 7 kg,Hành lý 0 kg,2025-04-11
VietJet Air,PQC0022,812.811 VND/khách,05:55,07 thg 5,07 thg 5,06:55,1h 0m,"Phú Quốc (PQC)
Sân bay Phú Quốc",Hành lý xách tay 7 kg,Hành lý 0 kg,2025-04-11
VietJet Air,PQC0137,812.811 VND/khách,17:10,07 thg 5,07 thg 5,18:15,1h 5m,"Phú Quốc (PQC)
Sân bay Phú Quốc",Hành lý xách tay 7 kg,Hành lý 0 kg,2025-04-11
VietJet Air,PQC0047,1.143.479 VND/khách,09:20,07 thg 5,07 thg 5,10:20,1h 0m,"Phú Quốc (PQC)
Sân bay Phú Quốc",Hành lý xách tay 7 kg,Hành lý 0 kg,2025-04-11
VietJet Air,PQC0071,1.143.479 VND/khách,11:35,07 thg 5,07 thg 5,12:35,1h 0m,"Phú Quốc (PQC)
Sân bay Phú Quốc",Hành lý xách tay 7 kg,Hành lý 0 kg,2025-04-11
VietJet Air,PQC0093,1.143.479 VND/khách,14:05,07 thg 5,07 thg 5,15:05,1h 0m,"Phú Quốc (PQC)
Sân bay Phú Quốc",Hành lý xách tay 7 kg,Hành lý 0 kg,2025-04-11
Bamboo Airways,PQC0006,1.173.625 VND/khách,16:30,07 thg 5,07 thg 5,17:30,1h 0m,"Phú Quốc (PQC)
Sân bay Phú Quốc",Hành lý xách tay 7 kg,Hành lý 0 kg,2025-04-11
Vietnam Airlines,PQC0187,1.370.628 VND/khách,05:40,07 thg 5,07 thg 5,06:40,1h 0m,"Phú Quốc (PQC)
Sân bay Phú Quốc",Hành lý xách tay 1 x 12 kg,Hành lý 23 kg,2025-04-11
Vietnam Airlines,PQC0274,1.583.415 VND/khách,15:05,07 thg 5,07 thg 5,16:10,1h 5m,"Phú Quốc (PQC)
Sân bay Phú Quốc",Hành lý xách tay 1 x 12 kg,Hành lý 23 kg,2025-04-11
Vietnam Airlines,PQC0208,1.650.348 VND/khách,08:10,07 thg 5,07 thg 5,08:55,45m,"Phú Quốc (PQC)
Sân bay Phú Quốc",Hành lý xách tay 1 x 12 kg,Hành lý 23 kg,2025-04-11
Vietnam Airlines,PQC0231,1.650.348 VND/khách,10:25,07 thg 5,07 thg 5,11:25,1h 0m,"Phú Quốc (PQC)
Sân bay Phú Quốc",Hành lý xách tay 1 x 12 kg,Hành lý 23 kg,2025-04-11
Vietnam Airlines,PQC0256,1.761.623 VND/khách,13:05,07 thg 5,07 thg 5,14:00,55m,"Phú Quốc (PQC)
Sân bay Phú Quốc",Hành lý xách tay 1 x 12 kg,Hành lý 23 kg,2025-04-11
Vietravel Airlines,PQC0329,1.051.049 VND/khách,17:25,08 thg 5,08 thg 5,18:25,1h 0m,"Phú Quốc (PQC)
Sân bay Phú Quốc",Hành lý xách tay 7 kg,Hành lý 0 kg,2025-04-11
VietJet Air,PQC0023,1.016.756 VND/khách,05:55,08 thg 5,08 thg 5,06:55,1h 0m,"Phú Quốc (PQC)
Sân bay Phú Quốc",Hành lý xách tay 7 kg,Hành lý 0 kg,2025-04-11
VietJet Air,PQC0048,1.279.113 VND/khách,09:20,08 thg 5,08 thg 5,10:20,1h 0m,"Phú Quốc (PQC)
Sân bay Phú Quốc",Hành lý xách tay 7 kg,Hành lý 0 kg,2025-04-11
VietJet Air,PQC0072,1.279.113 VND/khách,11:35,08 thg 5,08 thg 5,12:35,1h 0m,"Phú Quốc (PQC)
Sân bay Phú Quốc",Hành lý xách tay 7 kg,Hành lý 0 kg,2025-04-11
VietJet Air,PQC0094,1.279.113 VND/khách,14:05,08 thg 5,08 thg 5,15:05,1h 0m,"Phú Quốc (PQC)
Sân bay Phú Quốc",Hành lý xách tay 7 kg,Hành lý 0 kg,2025-04-11
VietJet Air,PQC0115,1.279.113 VND/khách,15:40,08 thg 5,08 thg 5,16:40,1h 0m,"Phú Quốc (PQC)
Sân bay Phú Quốc",Hành lý xách tay 7 kg,Hành lý 0 kg,2025-04-11
VietJet Air,PQC0138,1.279.113 VND/khách,17:10,08 thg 5,08 thg 5,18:15,1h 5m,"Phú Quốc (PQC)
Sân bay Phú Quốc",Hành lý xách tay 7 kg,Hành lý 0 kg,2025-04-11
VietJet Air,PQC0155,1.279.113 VND/khách,17:40,08 thg 5,08 thg 5,18:45,1h 5m,"Phú Quốc (PQC)
Sân bay Phú Quốc",Hành lý xách tay 7 kg,Hành lý 0 kg,2025-04-11
Vietnam Airlines,PQC0188,1.488.510 VND/khách,05:40,08 thg 5,08 thg 5,06:40,1h 0m,"Phú Quốc (PQC)
Sân bay Phú Quốc",Hành lý xách tay 1 x 12 kg,Hành lý 23 kg,2025-04-11
Vietnam Airlines,PQC0257,1.709.289 VND/khách,13:05,08 thg 5,08 thg 5,14:00,55m,"Phú Quốc (PQC)
Sân bay Phú Quốc",Hành lý xách tay 1 x 12 kg,Hành lý 23 kg,2025-04-11
Vietnam Airlines,PQC0275,1.709.289 VND/khách,15:05,08 thg 5,08 thg 5,16:10,1h 5m,"Phú Quốc (PQC)
Sân bay Phú Quốc",Hành lý xách tay 1 x 12 kg,Hành lý 23 kg,2025-04-11
Vietnam Airlines,PQC0232,1.783.215 VND/khách,10:25,08 thg 5,08 thg 5,11:25,1h 0m,"Phú Quốc (PQC)
Sân bay Phú Quốc",Hành lý xách tay 1 x 12 kg,Hành lý 23 kg,2025-04-11
Vietravel Airlines,PQC0330,1.852.880 VND/khách,17:25,09 thg 5,09 thg 5,18:25,1h 0m,"Phú Quốc (PQC)
Sân bay Phú Quốc",Hành lý xách tay 7 kg,Hành lý 0 kg,2025-04-11
VietJet Air,PQC0139,1.281.093 VND/khách,17:10,09 thg 5,09 thg 5,18:15,1h 5m,"Phú Quốc (PQC)
Sân bay Phú Quốc",Hành lý xách tay 7 kg,Hành lý 0 kg,2025-04-11
VietJet Air,PQC0024,1.306.833 VND/khách,05:55,09 thg 5,09 thg 5,06:55,1h 0m,"Phú Quốc (PQC)
Sân bay Phú Quốc",Hành lý xách tay 7 kg,Hành lý 0 kg,2025-04-11
VietJet Air,PQC0095,1.408.806 VND/khách,14:05,09 thg 5,09 thg 5,15:05,1h 0m,"Phú Quốc (PQC)
Sân bay Phú Quốc",Hành lý xách tay 7 kg,Hành lý 0 kg,2025-04-11
VietJet Air,PQC0049,1.577.110 VND/khách,09:20,09 thg 5,09 thg 5,10:20,1h 0m,"Phú Quốc (PQC)
Sân bay Phú Quốc",Hành lý xách tay 7 kg,Hành lý 0 kg,2025-04-11
VietJet Air,PQC0073,1.577.110 VND/khách,11:35,09 thg 5,09 thg 5,12:35,1h 0m,"Phú Quốc (PQC)
Sân bay Phú Quốc",Hành lý xách tay 7 kg,Hành lý 0 kg,2025-04-11
Vietnam Airlines,PQC0189,1.594.404 VND/khách,05:40,09 thg 5,09 thg 5,06:40,1h 0m,"Phú Quốc (PQC)
Sân bay Phú Quốc",Hành lý xách tay 1 x 12 kg,Hành lý 23 kg,2025-04-11
Bamboo Airways,PQC0007,1.616.425 VND/khách,16:30,09 thg 5,09 thg 5,17:30,1h 0m,"Phú Quốc (PQC)
Sân bay Phú Quốc",Hành lý xách tay 7 kg,Hành lý 0 kg,2025-04-11
Vietnam Airlines,PQC0309,1.654.344 VND/khách,20:20,09 thg 5,09 thg 5,21:20,1h 0m,"Phú Quốc (PQC)
Sân bay Phú Quốc",Hành lý xách tay 1 x 12 kg,Hành lý 23 kg,2025-04-11
Vietnam Airlines,PQC0249,1.765.233 VND/khách,13:00,09 thg 5,09 thg 5,14:00,1h 0m,"Phú Quốc (PQC)
Sân bay Phú Quốc",Hành lý xách tay 1 x 12 kg,Hành lý 23 kg,2025-04-11
Vietnam Airlines,PQC0276,1.765.233 VND/khách,15:05,09 thg 5,09 thg 5,16:10,1h 5m,"Phú Quốc (PQC)
Sân bay Phú Quốc",Hành lý xách tay 1 x 12 kg,Hành lý 23 kg,2025-04-11
Vietravel Airlines,PQC0330,1.852.880 VND/khách,17:25,09 thg 5,09 thg 5,18:25,1h 0m,"Phú Quốc (PQC)
Sân bay Phú Quốc",Hành lý xách tay 7 kg,Hành lý 0 kg,2025-04-11
VietJet Air,PQC0116,1.878.262 VND/khách,15:40,09 thg 5,09 thg 5,16:40,1h 0m,"Phú Quốc (PQC)
Sân bay Phú Quốc",Hành lý xách tay 7 kg,Hành lý 0 kg,2025-04-11
Vietnam Airlines,PQC0233,1.949.049 VND/khách,10:25,09 thg 5,09 thg 5,11:25,1h 0m,"Phú Quốc (PQC)
Sân bay Phú Quốc",Hành lý xách tay 1 x 12 kg,Hành lý 23 kg,2025-04-11
Vietravel Airlines,PQC0331,879.650 VND/khách,17:25,10 thg 5,10 thg 5,18:25,1h 0m,"Phú Quốc (PQC)
Sân bay Phú Quốc",Hành lý xách tay 7 kg,Hành lý 0 kg,2025-04-11
VietJet Air,PQC0140,813.801 VND/khách,17:10,10 thg 5,10 thg 5,18:15,1h 5m,"Phú Quốc (PQC)
Sân bay Phú Quốc",Hành lý xách tay 7 kg,Hành lý 0 kg,2025-04-11
VietJet Air,PQC0025,1.281.093 VND/khách,05:55,10 thg 5,10 thg 5,06:55,1h 0m,"Phú Quốc (PQC)
Sân bay Phú Quốc",Hành lý xách tay 7 kg,Hành lý 0 kg,2025-04-11
VietJet Air,PQC0074,1.281.093 VND/khách,11:35,10 thg 5,10 thg 5,12:35,1h 0m,"Phú Quốc (PQC)
Sân bay Phú Quốc",Hành lý xách tay 7 kg,Hành lý 0 kg,2025-04-11
VietJet Air,PQC0096,1.281.093 VND/khách,14:05,10 thg 5,10 thg 5,15:05,1h 0m,"Phú Quốc (PQC)
Sân bay Phú Quốc",Hành lý xách tay 7 kg,Hành lý 0 kg,2025-04-11
VietJet Air,PQC0050,1.303.863 VND/khách,09:20,10 thg 5,10 thg 5,10:20,1h 0m,"Phú Quốc (PQC)
Sân bay Phú Quốc",Hành lý xách tay 7 kg,Hành lý 0 kg,2025-04-11
Vietnam Airlines,PQC0190,1.594.404 VND/khách,05:40,10 thg 5,10 thg 5,06:40,1h 0m,"Phú Quốc (PQC)
Sân bay Phú Quốc",Hành lý xách tay 1 x 12 kg,Hành lý 23 kg,2025-04-11
Vietnam Airlines,PQC0277,1.654.344 VND/khách,15:05,10 thg 5,10 thg 5,16:10,1h 5m,"Phú Quốc (PQC)
Sân bay Phú Quốc",Hành lý xách tay 1 x 12 kg,Hành lý 23 kg,2025-04-11
Vietnam Airlines,PQC0258,1.669.329 VND/khách,13:05,10 thg 5,10 thg 5,14:00,55m,"Phú Quốc (PQC)
Sân bay Phú Quốc",Hành lý xách tay 1 x 12 kg,Hành lý 23 kg,2025-04-11
Vietnam Airlines,PQC0211,1.853.145 VND/khách,08:10,10 thg 5,10 thg 5,08:55,45m,"Phú Quốc (PQC)
Sân bay Phú Quốc",Hành lý xách tay 1 x 12 kg,Hành lý 23 kg,2025-04-11
Vietnam Airlines,PQC0234,1.853.145 VND/khách,10:25,10 thg 5,10 thg 5,11:25,1h 0m,"Phú Quốc (PQC)
Sân bay Phú Quốc",Hành lý xách tay 1 x 12 kg,Hành lý 23 kg,2025-04-11
Vietravel Airlines,PQC0332,810.697 VND/khách,17:25,11 thg 5,11 thg 5,18:25,1h 0m,"Phú Quốc (PQC)
Sân bay Phú Quốc",Hành lý xách tay 7 kg,Hành lý 0 kg,2025-04-11
VietJet Air,PQC0026,813.801 VND/khách,05:55,11 thg 5,11 thg 5,06:55,1h 0m,"Phú Quốc (PQC)
Sân bay Phú Quốc",Hành lý xách tay 7 kg,Hành lý 0 kg,2025-04-11
VietJet Air,PQC0141,813.801 VND/khách,17:10,11 thg 5,11 thg 5,18:15,1h 5m,"Phú Quốc (PQC)
Sân bay Phú Quốc",Hành lý xách tay 7 kg,Hành lý 0 kg,2025-04-11
VietJet Air,PQC0051,1.146.449 VND/khách,09:20,11 thg 5,11 thg 5,10:20,1h 0m,"Phú Quốc (PQC)
Sân bay Phú Quốc",Hành lý xách tay 7 kg,Hành lý 0 kg,2025-04-11
VietJet Air,PQC0075,1.146.449 VND/khách,11:35,11 thg 5,11 thg 5,12:35,1h 0m,"Phú Quốc (PQC)
Sân bay Phú Quốc",Hành lý xách tay 7 kg,Hành lý 0 kg,2025-04-11
VietJet Air,PQC0097,1.146.449 VND/khách,14:05,11 thg 5,11 thg 5,15:05,1h 0m,"Phú Quốc (PQC)
Sân bay Phú Quốc",Hành lý xách tay 7 kg,Hành lý 0 kg,2025-04-11
Bamboo Airways,PQC0008,1.173.625 VND/khách,16:30,11 thg 5,11 thg 5,17:30,1h 0m,"Phú Quốc (PQC)
Sân bay Phú Quốc",Hành lý xách tay 7 kg,Hành lý 0 kg,2025-04-11
Vietnam Airlines,PQC0310,1.215.783 VND/khách,20:20,11 thg 5,11 thg 5,21:20,1h 0m,"Phú Quốc (PQC)
Sân bay Phú Quốc",Hành lý xách tay 1 x 12 kg,Hành lý 23 kg,2025-04-11
Vietnam Airlines,PQC0191,1.259.739 VND/khách,05:40,11 thg 5,11 thg 5,06:40,1h 0m,"Phú Quốc (PQC)
Sân bay Phú Quốc",Hành lý xách tay 1 x 12 kg,Hành lý 23 kg,2025-04-11
Vietnam Airlines,PQC0259,1.358.640 VND/khách,13:05,11 thg 5,11 thg 5,14:00,55m,"Phú Quốc (PQC)
Sân bay Phú Quốc",Hành lý xách tay 1 x 12 kg,Hành lý 23 kg,2025-04-11
Vietnam Airlines,PQC0278,1.358.640 VND/khách,15:05,11 thg 5,11 thg 5,16:10,1h 5m,"Phú Quốc (PQC)
Sân bay Phú Quốc",Hành lý xách tay 1 x 12 kg,Hành lý 23 kg,2025-04-11
Vietnam Airlines,PQC0235,1.470.528 VND/khách,10:25,11 thg 5,11 thg 5,11:25,1h 0m,"Phú Quốc (PQC)
Sân bay Phú Quốc",Hành lý xách tay 1 x 12 kg,Hành lý 23 kg,2025-04-11
Vietnam Airlines,PQC0212,1.565.433 VND/khách,08:10,11 thg 5,11 thg 5,08:55,45m,"Phú Quốc (PQC)
Sân bay Phú Quốc",Hành lý xách tay 1 x 12 kg,Hành lý 23 kg,2025-04-11
Vietravel Airlines,PQC0333,748.638 VND/khách,17:25,21 thg 4,21 thg 4,18:25,1h 0m,"Phú Quốc (PQC)
Sân bay Phú Quốc",Hành lý xách tay 7 kg,Hành lý 0 kg,2025-04-11
VietJet Air,PQC0142,813.801 VND/khách,17:10,21 thg 4,21 thg 4,18:15,1h 5m,"Phú Quốc (PQC)
Sân bay Phú Quốc",Hành lý xách tay 7 kg,Hành lý 0 kg,2025-04-11
Bamboo Airways,PQC0009,869.953 VND/khách,16:30,21 thg 4,21 thg 4,17:30,1h 0m,"Phú Quốc (PQC)
Sân bay Phú Quốc",Hành lý xách tay 7 kg,Hành lý 0 kg,2025-04-11
VietJet Air,PQC0027,1.018.736 VND/khách,05:55,21 thg 4,21 thg 4,06:55,1h 0m,"Phú Quốc (PQC)
Sân bay Phú Quốc",Hành lý xách tay 7 kg,Hành lý 0 kg,2025-04-11
VietJet Air,PQC0119,1.018.736 VND/khách,15:40,21 thg 4,21 thg 4,16:40,1h 0m,"Phú Quốc (PQC)
Sân bay Phú Quốc",Hành lý xách tay 7 kg,Hành lý 0 kg,2025-04-11
VietJet Air,PQC0098,1.146.449 VND/khách,14:05,21 thg 4,21 thg 4,15:05,1h 0m,"Phú Quốc (PQC)
Sân bay Phú Quốc",Hành lý xách tay 7 kg,Hành lý 0 kg,2025-04-11
VietJet Air,PQC0052,1.281.093 VND/khách,09:20,21 thg 4,21 thg 4,10:20,1h 0m,"Phú Quốc (PQC)
Sân bay Phú Quốc",Hành lý xách tay 7 kg,Hành lý 0 kg,2025-04-11
VietJet Air,PQC0076,1.281.093 VND/khách,11:35,21 thg 4,21 thg 4,12:35,1h 0m,"Phú Quốc (PQC)
Sân bay Phú Quốc",Hành lý xách tay 7 kg,Hành lý 0 kg,2025-04-11
Vietnam Airlines,PQC0192,1.377.621 VND/khách,05:40,21 thg 4,21 thg 4,06:40,1h 0m,"Phú Quốc (PQC)
Sân bay Phú Quốc",Hành lý xách tay 1 x 12 kg,Hành lý 23 kg,2025-04-11
Vietnam Airlines,PQC0213,1.731.267 VND/khách,08:10,21 thg 4,21 thg 4,08:55,45m,"Phú Quốc (PQC)
Sân bay Phú Quốc",Hành lý xách tay 1 x 12 kg,Hành lý 23 kg,2025-04-11
Vietnam Airlines,PQC0260,1.971.027 VND/khách,13:05,21 thg 4,21 thg 4,14:00,55m,"Phú Quốc (PQC)
Sân bay Phú Quốc",Hành lý xách tay 1 x 12 kg,Hành lý 23 kg,2025-04-11
Vietnam Airlines,PQC0236,1.978.020 VND/khách,10:25,21 thg 4,21 thg 4,11:25,1h 0m,"Phú Quốc (PQC)
Sân bay Phú Quốc",Hành lý xách tay 1 x 12 kg,Hành lý 23 kg,2025-04-11
Vietravel Airlines,PQC0334,748.638 VND/khách,17:25,22 thg 4,22 thg 4,18:25,1h 0m,"Phú Quốc (PQC)
Sân bay Phú Quốc",Hành lý xách tay 7 kg,Hành lý 0 kg,2025-04-11
VietJet Air,PQC0143,813.801 VND/khách,17:10,22 thg 4,22 thg 4,18:15,1h 5m,"Phú Quốc (PQC)
Sân bay Phú Quốc",Hành lý xách tay 7 kg,Hành lý 0 kg,2025-04-11
VietJet Air,PQC0120,1.018.736 VND/khách,15:40,22 thg 4,22 thg 4,16:40,1h 0m,"Phú Quốc (PQC)
Sân bay Phú Quốc",Hành lý xách tay 7 kg,Hành lý 0 kg,2025-04-11
VietJet Air,PQC0028,1.031.577 VND/khách,05:55,22 thg 4,22 thg 4,06:55,1h 0m,"Phú Quốc (PQC)
Sân bay Phú Quốc",Hành lý xách tay 7 kg,Hành lý 0 kg,2025-04-11
VietJet Air,PQC0099,1.146.449 VND/khách,14:05,22 thg 4,22 thg 4,15:05,1h 0m,"Phú Quốc (PQC)
Sân bay Phú Quốc",Hành lý xách tay 7 kg,Hành lý 0 kg,2025-04-11
VietJet Air,PQC0053,1.281.093 VND/khách,09:20,22 thg 4,22 thg 4,10:20,1h 0m,"Phú Quốc (PQC)
Sân bay Phú Quốc",Hành lý xách tay 7 kg,Hành lý 0 kg,2025-04-11
VietJet Air,PQC0077,1.281.093 VND/khách,11:35,22 thg 4,22 thg 4,12:35,1h 0m,"Phú Quốc (PQC)
Sân bay Phú Quốc",Hành lý xách tay 7 kg,Hành lý 0 kg,2025-04-11
Vietnam Airlines,PQC0193,1.358.640 VND/khách,05:40,22 thg 4,22 thg 4,06:40,1h 0m,"Phú Quốc (PQC)
Sân bay Phú Quốc",Hành lý xách tay 1 x 12 kg,Hành lý 23 kg,2025-04-11
Vietnam Airlines,PQC0214,1.761.623 VND/khách,08:10,22 thg 4,22 thg 4,08:55,45m,"Phú Quốc (PQC)
Sân bay Phú Quốc",Hành lý xách tay 1 x 12 kg,Hành lý 23 kg,2025-04-11
Vietnam Airlines,PQC0280,1.761.623 VND/khách,15:05,22 thg 4,22 thg 4,16:10,1h 5m,"Phú Quốc (PQC)
Sân bay Phú Quốc",Hành lý xách tay 1 x 12 kg,Hành lý 23 kg,2025-04-11
Vietnam Airlines,PQC0261,1.907.562 VND/khách,13:05,22 thg 4,22 thg 4,14:00,55m,"Phú Quốc (PQC)
Sân bay Phú Quốc",Hành lý xách tay 1 x 12 kg,Hành lý 23 kg,2025-04-11
Vietravel Airlines,PQC0335,748.638 VND/khách,17:25,23 thg 4,23 thg 4,18:25,1h 0m,"Phú Quốc (PQC)
Sân bay Phú Quốc",Hành lý xách tay 7 kg,Hành lý 0 kg,2025-04-11
VietJet Air,PQC0029,813.801 VND/khách,05:55,23 thg 4,23 thg 4,06:55,1h 0m,"Phú Quốc (PQC)
Sân bay Phú Quốc",Hành lý xách tay 7 kg,Hành lý 0 kg,2025-04-11
VietJet Air,PQC0144,813.801 VND/khách,17:10,23 thg 4,23 thg 4,18:15,1h 5m,"Phú Quốc (PQC)
Sân bay Phú Quốc",Hành lý xách tay 7 kg,Hành lý 0 kg,2025-04-11
VietJet Air,PQC0129,840.532 VND/khách,16:25,23 thg 4,23 thg 4,17:25,1h 0m,"Phú Quốc (PQC)
Sân bay Phú Quốc",Hành lý xách tay 7 kg,Hành lý 0 kg,2025-04-11
Vietnam Airlines,PQC0173,869.130 VND/khách,05:25,23 thg 4,23 thg 4,06:20,55m,"Phú Quốc (PQC)
Sân bay Phú Quốc",Hành lý xách tay 1 x 12 kg,Hành lý 0 kg,2025-04-11
Bamboo Airways,PQC0010,1.013.756 VND/khách,16:30,23 thg 4,23 thg 4,17:30,1h 0m,"Phú Quốc (PQC)
Sân bay Phú Quốc",Hành lý xách tay 7 kg,Hành lý 0 kg,2025-04-11
VietJet Air,PQC0100,1.146.449 VND/khách,14:05,23 thg 4,23 thg 4,15:05,1h 0m,"Phú Quốc (PQC)
Sân bay Phú Quốc",Hành lý xách tay 7 kg,Hành lý 0 kg,2025-04-11
Vietnam Airlines,PQC0194,1.263.735 VND/khách,05:40,23 thg 4,23 thg 4,06:40,1h 0m,"Phú Quốc (PQC)
Sân bay Phú Quốc",Hành lý xách tay 1 x 12 kg,Hành lý 23 kg,2025-04-11
VietJet Air,PQC0054,1.281.093 VND/khách,09:20,23 thg 4,23 thg 4,10:20,1h 0m,"Phú Quốc (PQC)
Sân bay Phú Quốc",Hành lý xách tay 7 kg,Hành lý 0 kg,2025-04-11
VietJet Air,PQC0078,1.281.093 VND/khách,11:35,23 thg 4,23 thg 4,12:35,1h 0m,"Phú Quốc (PQC)
Sân bay Phú Quốc",Hành lý xách tay 7 kg,Hành lý 0 kg,2025-04-11
Vietnam Airlines,PQC0262,1.731.267 VND/khách,13:05,23 thg 4,23 thg 4,14:00,55m,"Phú Quốc (PQC)
Sân bay Phú Quốc",Hành lý xách tay 1 x 12 kg,Hành lý 23 kg,2025-04-11
Vietnam Airlines,PQC0281,1.731.267 VND/khách,15:05,23 thg 4,23 thg 4,16:10,1h 5m,"Phú Quốc (PQC)
Sân bay Phú Quốc",Hành lý xách tay 1 x 12 kg,Hành lý 23 kg,2025-04-11
Vietnam Airlines,PQC0215,1.735.263 VND/khách,08:10,23 thg 4,23 thg 4,08:55,45m,"Phú Quốc (PQC)
Sân bay Phú Quốc",Hành lý xách tay 1 x 12 kg,Hành lý 23 kg,2025-04-11
Vietravel Airlines,PQC0336,1.123.943 VND/khách,17:25,24 thg 4,24 thg 4,18:25,1h 0m,"Phú Quốc (PQC)
Sân bay Phú Quốc",Hành lý xách tay 7 kg,Hành lý 0 kg,2025-04-11
VietJet Air,PQC0030,1.143.479 VND/khách,05:55,24 thg 4,24 thg 4,06:55,1h 0m,"Phú Quốc (PQC)
Sân bay Phú Quốc",Hành lý xách tay 7 kg,Hành lý 0 kg,2025-04-11
Vietnam Airlines,PQC0174,1.248.247 VND/khách,05:25,24 thg 4,24 thg 4,06:20,55m,"Phú Quốc (PQC)
Sân bay Phú Quốc",Hành lý xách tay 1 x 12 kg,Hành lý 23 kg,2025-04-11
VietJet Air,PQC0101,1.279.113 VND/khách,14:05,24 thg 4,24 thg 4,15:05,1h 0m,"Phú Quốc (PQC)
Sân bay Phú Quốc",Hành lý xách tay 7 kg,Hành lý 0 kg,2025-04-11
VietJet Air,PQC0122,1.279.113 VND/khách,15:40,24 thg 4,24 thg 4,16:40,1h 0m,"Phú Quốc (PQC)
Sân bay Phú Quốc",Hành lý xách tay 7 kg,Hành lý 0 kg,2025-04-11
VietJet Air,PQC0039,1.279.113 VND/khách,08:25,24 thg 4,24 thg 4,09:30,1h 5m,"Phú Quốc (PQC)
Sân bay Phú Quốc",Hành lý xách tay 7 kg,Hành lý 0 kg,2025-04-11
VietJet Air,PQC0145,1.279.113 VND/khách,17:10,24 thg 4,24 thg 4,18:15,1h 5m,"Phú Quốc (PQC)
Sân bay Phú Quốc",Hành lý xách tay 7 kg,Hành lý 0 kg,2025-04-11
VietJet Air,PQC0158,1.279.113 VND/khách,17:40,24 thg 4,24 thg 4,18:45,1h 5m,"Phú Quốc (PQC)
Sân bay Phú Quốc",Hành lý xách tay 7 kg,Hành lý 0 kg,2025-04-11
Vietnam Airlines,PQC0195,1.370.628 VND/khách,05:40,24 thg 4,24 thg 4,06:40,1h 0m,"Phú Quốc (PQC)
Sân bay Phú Quốc",Hành lý xách tay 1 x 12 kg,Hành lý 23 kg,2025-04-11
VietJet Air,PQC0055,1.405.836 VND/khách,09:20,24 thg 4,24 thg 4,10:20,1h 0m,"Phú Quốc (PQC)
Sân bay Phú Quốc",Hành lý xách tay 7 kg,Hành lý 0 kg,2025-04-11
VietJet Air,PQC0079,1.405.836 VND/khách,11:35,24 thg 4,24 thg 4,12:35,1h 0m,"Phú Quốc (PQC)
Sân bay Phú Quốc",Hành lý xách tay 7 kg,Hành lý 0 kg,2025-04-11
Vietnam Airlines,PQC0282,1.742.256 VND/khách,15:05,24 thg 4,24 thg 4,16:10,1h 5m,"Phú Quốc (PQC)
Sân bay Phú Quốc",Hành lý xách tay 1 x 12 kg,Hành lý 23 kg,2025-04-11
Vietnam Airlines,PQC0217,1.756.242 VND/khách,08:10,24 thg 4,24 thg 4,08:55,45m,"Phú Quốc (PQC)
Sân bay Phú Quốc",Hành lý xách tay 1 x 12 kg,Hành lý 23 kg,2025-04-11
Vietnam Airlines,PQC0263,1.886.112 VND/khách,13:05,24 thg 4,24 thg 4,14:00,55m,"Phú Quốc (PQC)
Sân bay Phú Quốc",Hành lý xách tay 1 x 12 kg,Hành lý 23 kg,2025-04-11
Vietravel Airlines,PQC0337,1.124.928 VND/khách,17:25,25 thg 4,25 thg 4,18:25,1h 0m,"Phú Quốc (PQC)
Sân bay Phú Quốc",Hành lý xách tay 7 kg,Hành lý 0 kg,2025-04-11
VietJet Air,PQC0123,1.280.103 VND/khách,15:40,25 thg 4,25 thg 4,16:40,1h 0m,"Phú Quốc (PQC)
Sân bay Phú Quốc",Hành lý xách tay 7 kg,Hành lý 0 kg,2025-04-11
VietJet Air,PQC0146,1.280.103 VND/khách,17:10,25 thg 4,25 thg 4,18:15,1h 5m,"Phú Quốc (PQC)
Sân bay Phú Quốc",Hành lý xách tay 7 kg,Hành lý 0 kg,2025-04-11
Bamboo Airways,PQC0011,1.332.977 VND/khách,16:30,25 thg 4,25 thg 4,17:30,1h 0m,"Phú Quốc (PQC)
Sân bay Phú Quốc",Hành lý xách tay 7 kg,Hành lý 0 kg,2025-04-11
Vietnam Airlines,PQC0175,1.342.656 VND/khách,05:25,25 thg 4,25 thg 4,06:20,55m,"Phú Quốc (PQC)
Sân bay Phú Quốc",Hành lý xách tay 1 x 12 kg,Hành lý 23 kg,2025-04-11
Vietnam Airlines,PQC0196,1.560.438 VND/khách,05:40,25 thg 4,25 thg 4,06:40,1h 0m,"Phú Quốc (PQC)
Sân bay Phú Quốc",Hành lý xách tay 1 x 12 kg,Hành lý 23 kg,2025-04-11
VietJet Air,PQC0102,1.574.140 VND/khách,14:05,25 thg 4,25 thg 4,15:05,1h 0m,"Phú Quốc (PQC)
Sân bay Phú Quốc",Hành lý xách tay 7 kg,Hành lý 0 kg,2025-04-11
Vietnam Airlines,PQC0296,1.652.346 VND/khách,17:25,25 thg 4,25 thg 4,18:25,1h 0m,"Phú Quốc (PQC)
Sân bay Phú Quốc",Hành lý xách tay 1 x 12 kg,Hành lý 23 kg,2025-04-11
VietJet Air,PQC0080,1.693.933 VND/khách,11:35,25 thg 4,25 thg 4,12:35,1h 0m,"Phú Quốc (PQC)
Sân bay Phú Quốc",Hành lý xách tay 7 kg,Hành lý 0 kg,2025-04-11
VietJet Air,PQC0056,1.697.893 VND/khách,09:20,25 thg 4,25 thg 4,10:20,1h 0m,"Phú Quốc (PQC)
Sân bay Phú Quốc",Hành lý xách tay 7 kg,Hành lý 0 kg,2025-04-11
Vietnam Airlines,PQC0311,1.729.269 VND/khách,20:20,25 thg 4,25 thg 4,21:20,1h 0m,"Phú Quốc (PQC)
Sân bay Phú Quốc",Hành lý xách tay 1 x 12 kg,Hành lý 23 kg,2025-04-11
VietJet Air,PQC0031,1.878.262 VND/khách,05:55,25 thg 4,25 thg 4,06:55,1h 0m,"Phú Quốc (PQC)
Sân bay Phú Quốc",Hành lý xách tay 7 kg,Hành lý 0 kg,2025-04-11
Vietnam Airlines,PQC0283,1.975.023 VND/khách,15:05,25 thg 4,25 thg 4,16:10,1h 5m,"Phú Quốc (PQC)
Sân bay Phú Quốc",Hành lý xách tay 1 x 12 kg,Hành lý 23 kg,2025-04-11
Vietnam Airlines,PQC0250,1.983.015 VND/khách,13:00,25 thg 4,25 thg 4,14:00,1h 0m,"Phú Quốc (PQC)
Sân bay Phú Quốc",Hành lý xách tay 1 x 12 kg,Hành lý 23 kg,2025-04-11
Vietnam Airlines,PQC0218,1.989.009 VND/khách,08:10,25 thg 4,25 thg 4,08:55,45m,"Phú Quốc (PQC)
Sân bay Phú Quốc",Hành lý xách tay 1 x 12 kg,Hành lý 23 kg,2025-04-11
Vietravel Airlines,PQC0338,951.559 VND/khách,17:25,26 thg 4,26 thg 4,18:25,1h 0m,"Phú Quốc (PQC)
Sân bay Phú Quốc",Hành lý xách tay 7 kg,Hành lý 0 kg,2025-04-11
VietJet Air,PQC0147,1.018.736 VND/khách,17:10,26 thg 4,26 thg 4,18:15,1h 5m,"Phú Quốc (PQC)
Sân bay Phú Quốc",Hành lý xách tay 7 kg,Hành lý 0 kg,2025-04-11
VietJet Air,PQC0124,1.146.449 VND/khách,15:40,26 thg 4,26 thg 4,16:40,1h 0m,"Phú Quốc (PQC)
Sân bay Phú Quốc",Hành lý xách tay 7 kg,Hành lý 0 kg,2025-04-11
Vietnam Airlines,PQC0176,1.226.772 VND/khách,05:25,26 thg 4,26 thg 4,06:20,55m,"Phú Quốc (PQC)
Sân bay Phú Quốc",Hành lý xách tay 1 x 12 kg,Hành lý 23 kg,2025-04-11
VietJet Air,PQC0032,1.281.093 VND/khách,05:55,26 thg 4,26 thg 4,06:55,1h 0m,"Phú Quốc (PQC)
Sân bay Phú Quốc",Hành lý xách tay 7 kg,Hành lý 0 kg,2025-04-11
VietJet Air,PQC0103,1.281.093 VND/khách,14:05,26 thg 4,26 thg 4,15:05,1h 0m,"Phú Quốc (PQC)
Sân bay Phú Quốc",Hành lý xách tay 7 kg,Hành lý 0 kg,2025-04-11
Vietnam Airlines,PQC0197,1.377.621 VND/khách,05:40,26 thg 4,26 thg 4,06:40,1h 0m,"Phú Quốc (PQC)
Sân bay Phú Quốc",Hành lý xách tay 1 x 12 kg,Hành lý 23 kg,2025-04-11
VietJet Air,PQC0057,1.577.110 VND/khách,09:20,26 thg 4,26 thg 4,10:20,1h 0m,"Phú Quốc (PQC)
Sân bay Phú Quốc",Hành lý xách tay 7 kg,Hành lý 0 kg,2025-04-11
VietJet Air,PQC0081,1.577.110 VND/khách,11:35,26 thg 4,26 thg 4,12:35,1h 0m,"Phú Quốc (PQC)
Sân bay Phú Quốc",Hành lý xách tay 7 kg,Hành lý 0 kg,2025-04-11
Vietnam Airlines,PQC0312,1.731.267 VND/khách,20:20,26 thg 4,26 thg 4,21:20,1h 0m,"Phú Quốc (PQC)
Sân bay Phú Quốc",Hành lý xách tay 1 x 12 kg,Hành lý 23 kg,2025-04-11
Vietnam Airlines,PQC0219,1.868.130 VND/khách,08:10,26 thg 4,26 thg 4,08:55,45m,"Phú Quốc (PQC)
Sân bay Phú Quốc",Hành lý xách tay 1 x 12 kg,Hành lý 23 kg,2025-04-11
Vietnam Airlines,PQC0284,1.904.094 VND/khách,15:05,26 thg 4,26 thg 4,16:10,1h 5m,"Phú Quốc (PQC)
Sân bay Phú Quốc",Hành lý xách tay 1 x 12 kg,Hành lý 23 kg,2025-04-11
Vietnam Airlines,PQC0264,1.964.034 VND/khách,13:05,26 thg 4,26 thg 4,14:00,55m,"Phú Quốc (PQC)
Sân bay Phú Quốc",Hành lý xách tay 1 x 12 kg,Hành lý 23 kg,2025-04-11
Vietravel Airlines,PQC0339,879.650 VND/khách,17:25,27 thg 4,27 thg 4,18:25,1h 0m,"Phú Quốc (PQC)
Sân bay Phú Quốc",Hành lý xách tay 7 kg,Hành lý 0 kg,2025-04-11
VietJet Air,PQC0033,1.018.736 VND/khách,05:55,27 thg 4,27 thg 4,06:55,1h 0m,"Phú Quốc (PQC)
Sân bay Phú Quốc",Hành lý xách tay 7 kg,Hành lý 0 kg,2025-04-11
VietJet Air,PQC0125,1.018.736 VND/khách,15:40,27 thg 4,27 thg 4,16:40,1h 0m,"Phú Quốc (PQC)
Sân bay Phú Quốc",Hành lý xách tay 7 kg,Hành lý 0 kg,2025-04-11
VietJet Air,PQC0148,1.018.736 VND/khách,17:10,27 thg 4,27 thg 4,18:15,1h 5m,"Phú Quốc (PQC)
Sân bay Phú Quốc",Hành lý xách tay 7 kg,Hành lý 0 kg,2025-04-11
Bamboo Airways,PQC0012,1.018.850 VND/khách,16:30,27 thg 4,27 thg 4,17:30,1h 0m,"Phú Quốc (PQC)
Sân bay Phú Quốc",Hành lý xách tay 7 kg,Hành lý 0 kg,2025-04-11
Vietnam Airlines,PQC0177,1.108.890 VND/khách,05:25,27 thg 4,27 thg 4,06:20,55m,"Phú Quốc (PQC)
Sân bay Phú Quốc",Hành lý xách tay 1 x 12 kg,Hành lý 23 kg,2025-04-11
Vietnam Airlines,PQC0198,1.130.868 VND/khách,05:40,27 thg 4,27 thg 4,06:40,1h 0m,"Phú Quốc (PQC)
Sân bay Phú Quốc",Hành lý xách tay 1 x 12 kg,Hành lý 23 kg,2025-04-11
VietJet Air,PQC0104,1.146.449 VND/khách,14:05,27 thg 4,27 thg 4,15:05,1h 0m,"Phú Quốc (PQC)
Sân bay Phú Quốc",Hành lý xách tay 7 kg,Hành lý 0 kg,2025-04-11
VietJet Air,PQC0082,1.281.093 VND/khách,11:35,27 thg 4,27 thg 4,12:35,1h 0m,"Phú Quốc (PQC)
Sân bay Phú Quốc",Hành lý xách tay 7 kg,Hành lý 0 kg,2025-04-11
Vietnam Airlines,PQC0313,1.459.539 VND/khách,20:20,27 thg 4,27 thg 4,21:20,1h 0m,"Phú Quốc (PQC)
Sân bay Phú Quốc",Hành lý xách tay 1 x 12 kg,Hành lý 23 kg,2025-04-11
VietJet Air,PQC0058,1.577.110 VND/khách,09:20,27 thg 4,27 thg 4,10:20,1h 0m,"Phú Quốc (PQC)
Sân bay Phú Quốc",Hành lý xách tay 7 kg,Hành lý 0 kg,2025-04-11
Vietnam Airlines,PQC0285,1.658.340 VND/khách,15:05,27 thg 4,27 thg 4,16:10,1h 5m,"Phú Quốc (PQC)
Sân bay Phú Quốc",Hành lý xách tay 1 x 12 kg,Hành lý 23 kg,2025-04-11
Vietnam Airlines,PQC0265,1.893.105 VND/khách,13:05,27 thg 4,27 thg 4,14:00,55m,"Phú Quốc (PQC)
Sân bay Phú Quốc",Hành lý xách tay 1 x 12 kg,Hành lý 23 kg,2025-04-11
Vietnam Airlines,PQC0220,1.949.049 VND/khách,08:10,27 thg 4,27 thg 4,08:55,45m,"Phú Quốc (PQC)
Sân bay Phú Quốc",Hành lý xách tay 1 x 12 kg,Hành lý 23 kg,2025-04-11
Vietravel Airlines,PQC0340,951.559 VND/khách,17:25,28 thg 4,28 thg 4,18:25,1h 0m,"Phú Quốc (PQC)
Sân bay Phú Quốc",Hành lý xách tay 7 kg,Hành lý 0 kg,2025-04-11
Vietnam Airlines,PQC0178,925.074 VND/khách,05:25,28 thg 4,28 thg 4,06:20,55m,"Phú Quốc (PQC)
Sân bay Phú Quốc",Hành lý xách tay 1 x 12 kg,Hành lý 0 kg,2025-04-11
Bamboo Airways,PQC0013,1.013.756 VND/khách,16:30,28 thg 4,28 thg 4,17:30,1h 0m,"Phú Quốc (PQC)
Sân bay Phú Quốc",Hành lý xách tay 7 kg,Hành lý 0 kg,2025-04-11
VietJet Air,PQC0034,1.018.736 VND/khách,05:55,28 thg 4,28 thg 4,06:55,1h 0m,"Phú Quốc (PQC)
Sân bay Phú Quốc",Hành lý xách tay 7 kg,Hành lý 0 kg,2025-04-11
VietJet Air,PQC0126,1.018.736 VND/khách,15:40,28 thg 4,28 thg 4,16:40,1h 0m,"Phú Quốc (PQC)
Sân bay Phú Quốc",Hành lý xách tay 7 kg,Hành lý 0 kg,2025-04-11
VietJet Air,PQC0149,1.018.736 VND/khách,17:10,28 thg 4,28 thg 4,18:15,1h 5m,"Phú Quốc (PQC)
Sân bay Phú Quốc",Hành lý xách tay 7 kg,Hành lý 0 kg,2025-04-11
VietJet Air,PQC0105,1.146.449 VND/khách,14:05,28 thg 4,28 thg 4,15:05,1h 0m,"Phú Quốc (PQC)
Sân bay Phú Quốc",Hành lý xách tay 7 kg,Hành lý 0 kg,2025-04-11
Vietnam Airlines,PQC0199,1.259.739 VND/khách,05:40,28 thg 4,28 thg 4,06:40,1h 0m,"Phú Quốc (PQC)
Sân bay Phú Quốc",Hành lý xách tay 1 x 12 kg,Hành lý 23 kg,2025-04-11
VietJet Air,PQC0059,1.281.093 VND/khách,09:20,28 thg 4,28 thg 4,10:20,1h 0m,"Phú Quốc (PQC)
Sân bay Phú Quốc",Hành lý xách tay 7 kg,Hành lý 0 kg,2025-04-11
VietJet Air,PQC0083,1.281.093 VND/khách,11:35,28 thg 4,28 thg 4,12:35,1h 0m,"Phú Quốc (PQC)
Sân bay Phú Quốc",Hành lý xách tay 7 kg,Hành lý 0 kg,2025-04-11
Vietnam Airlines,PQC0221,1.672.610 VND/khách,08:10,28 thg 4,28 thg 4,08:55,45m,"Phú Quốc (PQC)
Sân bay Phú Quốc",Hành lý xách tay 1 x 12 kg,Hành lý 23 kg,2025-04-11
Vietnam Airlines,PQC0314,1.672.610 VND/khách,20:20,28 thg 4,28 thg 4,21:20,1h 0m,"Phú Quốc (PQC)
Sân bay Phú Quốc",Hành lý xách tay 1 x 12 kg,Hành lý 23 kg,2025-04-11
Vietnam Airlines,PQC0243,1.893.105 VND/khách,10:25,28 thg 4,28 thg 4,11:25,1h 0m,"Phú Quốc (PQC)
Sân bay Phú Quốc",Hành lý xách tay 1 x 12 kg,Hành lý 23 kg,2025-04-11
Vietnam Airlines,PQC0286,1.907.562 VND/khách,15:05,28 thg 4,28 thg 4,16:10,1h 5m,"Phú Quốc (PQC)
Sân bay Phú Quốc",Hành lý xách tay 1 x 12 kg,Hành lý 23 kg,2025-04-11
Vietravel Airlines,PQC0341,1.616.468 VND/khách,17:25,29 thg 4,29 thg 4,18:25,1h 0m,"Phú Quốc (PQC)
Sân bay Phú Quốc",Hành lý xách tay 7 kg,Hành lý 0 kg,2025-04-11
VietJet Air,PQC0127,1.696.903 VND/khách,15:40,29 thg 4,29 thg 4,16:40,1h 0m,"Phú Quốc (PQC)
Sân bay Phú Quốc",Hành lý xách tay 7 kg,Hành lý 0 kg,2025-04-11
VietJet Air,PQC0035,1.777.095 VND/khách,05:55,29 thg 4,29 thg 4,06:55,1h 0m,"Phú Quốc (PQC)
Sân bay Phú Quốc",Hành lý xách tay 7 kg,Hành lý 0 kg,2025-04-11
VietJet Air,PQC0106,1.777.095 VND/khách,14:05,29 thg 4,29 thg 4,15:05,1h 0m,"Phú Quốc (PQC)
Sân bay Phú Quốc",Hành lý xách tay 7 kg,Hành lý 0 kg,2025-04-11
VietJet Air,PQC0040,1.777.095 VND/khách,08:25,29 thg 4,29 thg 4,09:30,1h 5m,"Phú Quốc (PQC)
Sân bay Phú Quốc",Hành lý xách tay 7 kg,Hành lý 0 kg,2025-04-11
VietJet Air,PQC0150,1.785.016 VND/khách,17:10,29 thg 4,29 thg 4,18:15,1h 5m,"Phú Quốc (PQC)
Sân bay Phú Quốc",Hành lý xách tay 7 kg,Hành lý 0 kg,2025-04-11
VietJet Air,PQC0084,1.798.876 VND/khách,11:35,29 thg 4,29 thg 4,12:35,1h 0m,"Phú Quốc (PQC)
Sân bay Phú Quốc",Hành lý xách tay 7 kg,Hành lý 0 kg,2025-04-11
VietJet Air,PQC0060,1.839.467 VND/khách,09:20,29 thg 4,29 thg 4,10:20,1h 0m,"Phú Quốc (PQC)
Sân bay Phú Quốc",Hành lý xách tay 7 kg,Hành lý 0 kg,2025-04-11
Vietnam Airlines,PQC0179,1.868.130 VND/khách,05:25,29 thg 4,29 thg 4,06:20,55m,"Phú Quốc (PQC)
Sân bay Phú Quốc",Hành lý xách tay 1 x 12 kg,Hành lý 23 kg,2025-04-11
Vietnam Airlines,PQC0222,1.989.009 VND/khách,08:10,29 thg 4,29 thg 4,08:55,45m,"Phú Quốc (PQC)
Sân bay Phú Quốc",Hành lý xách tay 1 x 12 kg,Hành lý 23 kg,2025-04-11
Vietravel Airlines,PQC0342,1.852.880 VND/khách,17:25,30 thg 4,30 thg 4,18:25,1h 0m,"Phú Quốc (PQC)
Sân bay Phú Quốc",Hành lý xách tay 7 kg,Hành lý 0 kg,2025-04-11
VietJet Air,PQC0151,1.890.948 VND/khách,17:10,30 thg 4,30 thg 4,18:15,1h 5m,"Phú Quốc (PQC)
Sân bay Phú Quốc",Hành lý xách tay 7 kg,Hành lý 0 kg,2025-04-11
Vietravel Airlines,PQC0322,1.871.100 VND/khách,17:25,01 thg 5,01 thg 5,18:25,1h 0m,"Phú Quốc (PQC)
Sân bay Phú Quốc",Hành lý xách tay 7 kg,Hành lý 0 kg,2025-04-12
Bamboo Airways,PQC0001,1.707.271 VND/khách,16:30,01 thg 5,01 thg 5,17:30,1h 0m,"Phú Quốc (PQC)
Sân bay Phú Quốc",Hành lý xách tay 7 kg,Hành lý 0 kg,2025-04-12
VietJet Air,PQC0131,1.718.365 VND/khách,17:10,01 thg 5,01 thg 5,18:15,1h 5m,"Phú Quốc (PQC)
Sân bay Phú Quốc",Hành lý xách tay 7 kg,Hành lý 0 kg,2025-04-12
VietJet Air,PQC0154,1.718.365 VND/khách,17:40,01 thg 5,01 thg 5,18:45,1h 5m,"Phú Quốc (PQC)
Sân bay Phú Quốc",Hành lý xách tay 7 kg,Hành lý 0 kg,2025-04-12
VietJet Air,PQC0108,1.861.645 VND/khách,15:40,01 thg 5,01 thg 5,16:40,1h 0m,"Phú Quốc (PQC)
Sân bay Phú Quốc",Hành lý xách tay 7 kg,Hành lý 0 kg,2025-04-12
Vietnam Airlines,PQC0161,1.976.022 VND/khách,05:10,01 thg 5,01 thg 5,06:10,1h 0m,"Phú Quốc (PQC)
Sân bay Phú Quốc",Hành lý xách tay 1 x 12 kg,Hành lý 23 kg,2025-04-12
Vietnam Airlines,PQC0304,1.984.014 VND/khách,20:20,01 thg 5,01 thg 5,21:20,1h 0m,"Phú Quốc (PQC)
Sân bay Phú Quốc",Hành lý xách tay 1 x 12 kg,Hành lý 23 kg,2025-04-12
Vietravel Airlines,PQC0323,1.629.540 VND/khách,17:25,02 thg 5,02 thg 5,18:25,1h 0m,"Phú Quốc (PQC)
Sân bay Phú Quốc",Hành lý xách tay 7 kg,Hành lý 0 kg,2025-04-12
VietJet Air,PQC0017,1.707.420 VND/khách,05:55,02 thg 5,02 thg 5,06:55,1h 0m,"Phú Quốc (PQC)
Sân bay Phú Quốc",Hành lý xách tay 7 kg,Hành lý 0 kg,2025-04-12
VietJet Air,PQC0109,1.707.420 VND/khách,15:40,02 thg 5,02 thg 5,16:40,1h 0m,"Phú Quốc (PQC)
Sân bay Phú Quốc",Hành lý xách tay 7 kg,Hành lý 0 kg,2025-04-12
VietJet Air,PQC0132,1.707.420 VND/khách,17:10,02 thg 5,02 thg 5,18:15,1h 5m,"Phú Quốc (PQC)
Sân bay Phú Quốc",Hành lý xách tay 7 kg,Hành lý 0 kg,2025-04-12
Bamboo Airways,PQC0002,1.715.850 VND/khách,16:30,02 thg 5,02 thg 5,17:30,1h 0m,"Phú Quốc (PQC)
Sân bay Phú Quốc",Hành lý xách tay 7 kg,Hành lý 0 kg,2025-04-12
Vietnam Airlines,PQC0167,1.762.236 VND/khách,05:25,02 thg 5,02 thg 5,06:20,55m,"Phú Quốc (PQC)
Sân bay Phú Quốc",Hành lý xách tay 1 x 12 kg,Hành lý 23 kg,2025-04-12
VietJet Air,PQC0088,1.791.995 VND/khách,14:05,02 thg 5,02 thg 5,15:05,1h 0m,"Phú Quốc (PQC)
Sân bay Phú Quốc",Hành lý xách tay 7 kg,Hành lý 0 kg,2025-04-12
VietJet Air,PQC0042,1.821.845 VND/khách,09:20,02 thg 5,02 thg 5,10:20,1h 0m,"Phú Quốc (PQC)
Sân bay Phú Quốc",Hành lý xách tay 7 kg,Hành lý 0 kg,2025-04-12
VietJet Air,PQC0066,1.846.720 VND/khách,11:35,02 thg 5,02 thg 5,12:35,1h 0m,"Phú Quốc (PQC)
Sân bay Phú Quốc",Hành lý xách tay 7 kg,Hành lý 0 kg,2025-04-12
Vietnam Airlines,PQC0248,1.991.007 VND/khách,13:00,02 thg 5,02 thg 5,14:00,1h 0m,"Phú Quốc (PQC)
Sân bay Phú Quốc",Hành lý xách tay 1 x 12 kg,Hành lý 23 kg,2025-04-12
Vietnam Airlines,PQC0305,1.991.007 VND/khách,20:20,02 thg 5,02 thg 5,21:20,1h 0m,"Phú Quốc (PQC)
Sân bay Phú Quốc",Hành lý xách tay 1 x 12 kg,Hành lý 23 kg,2025-04-12
Vietnam Airlines,PQC0269,1.991.007 VND/khách,15:05,02 thg 5,02 thg 5,16:10,1h 5m,"Phú Quốc (PQC)
Sân bay Phú Quốc",Hành lý xách tay 1 x 12 kg,Hành lý 23 kg,2025-04-12
Vietravel Airlines,PQC0333,754.210 VND/khách,17:25,21 thg 4,21 thg 4,18:25,1h 0m,"Phú Quốc (PQC)
Sân bay Phú Quốc",Hành lý xách tay 7 kg,Hành lý 0 kg,2025-04-12
VietJet Air,PQC0142,828.000 VND/khách,17:10,21 thg 4,21 thg 4,18:15,1h 5m,"Phú Quốc (PQC)
Sân bay Phú Quốc",Hành lý xách tay 7 kg,Hành lý 0 kg,2025-04-12
Bamboo Airways,PQC0009,869.953 VND/khách,16:30,21 thg 4,21 thg 4,17:30,1h 0m,"Phú Quốc (PQC)
Sân bay Phú Quốc",Hành lý xách tay 7 kg,Hành lý 0 kg,2025-04-12
VietJet Air,PQC0027,1.054.000 VND/khách,05:55,21 thg 4,21 thg 4,06:55,1h 0m,"Phú Quốc (PQC)
Sân bay Phú Quốc",Hành lý xách tay 7 kg,Hành lý 0 kg,2025-04-12
VietJet Air,PQC0119,1.054.000 VND/khách,15:40,21 thg 4,21 thg 4,16:40,1h 0m,"Phú Quốc (PQC)
Sân bay Phú Quốc",Hành lý xách tay 7 kg,Hành lý 0 kg,2025-04-12
VietJet Air,PQC0098,1.161.000 VND/khách,14:05,21 thg 4,21 thg 4,15:05,1h 0m,"Phú Quốc (PQC)
Sân bay Phú Quốc",Hành lý xách tay 7 kg,Hành lý 0 kg,2025-04-12
VietJet Air,PQC0052,1.305.000 VND/khách,09:20,21 thg 4,21 thg 4,10:20,1h 0m,"Phú Quốc (PQC)
Sân bay Phú Quốc",Hành lý xách tay 7 kg,Hành lý 0 kg,2025-04-12
VietJet Air,PQC0076,1.305.000 VND/khách,11:35,21 thg 4,21 thg 4,12:35,1h 0m,"Phú Quốc (PQC)
Sân bay Phú Quốc",Hành lý xách tay 7 kg,Hành lý 0 kg,2025-04-12
Vietnam Airlines,PQC0192,1.355.643 VND/khách,05:40,21 thg 4,21 thg 4,06:40,1h 0m,"Phú Quốc (PQC)
Sân bay Phú Quốc",Hành lý xách tay 1 x 12 kg,Hành lý 23 kg,2025-04-12
Vietnam Airlines,PQC0213,1.736.262 VND/khách,08:10,21 thg 4,21 thg 4,08:55,45m,"Phú Quốc (PQC)
Sân bay Phú Quốc",Hành lý xách tay 1 x 12 kg,Hành lý 23 kg,2025-04-12
Vietnam Airlines,PQC0260,1.980.018 VND/khách,13:05,21 thg 4,21 thg 4,14:00,55m,"Phú Quốc (PQC)
Sân bay Phú Quốc",Hành lý xách tay 1 x 12 kg,Hành lý 23 kg,2025-04-12
Vietnam Airlines,PQC0236,1.988.010 VND/khách,10:25,21 thg 4,21 thg 4,11:25,1h 0m,"Phú Quốc (PQC)
Sân bay Phú Quốc",Hành lý xách tay 1 x 12 kg,Hành lý 23 kg,2025-04-12
Vietravel Airlines,PQC0334,754.210 VND/khách,17:25,22 thg 4,22 thg 4,18:25,1h 0m,"Phú Quốc (PQC)
Sân bay Phú Quốc",Hành lý xách tay 7 kg,Hành lý 0 kg,2025-04-12
VietJet Air,PQC0143,828.000 VND/khách,17:10,22 thg 4,22 thg 4,18:15,1h 5m,"Phú Quốc (PQC)
Sân bay Phú Quốc",Hành lý xách tay 7 kg,Hành lý 0 kg,2025-04-12
VietJet Air,PQC0120,1.054.000 VND/khách,15:40,22 thg 4,22 thg 4,16:40,1h 0m,"Phú Quốc (PQC)
Sân bay Phú Quốc",Hành lý xách tay 7 kg,Hành lý 0 kg,2025-04-12
VietJet Air,PQC0028,1.055.000 VND/khách,05:55,22 thg 4,22 thg 4,06:55,1h 0m,"Phú Quốc (PQC)
Sân bay Phú Quốc",Hành lý xách tay 7 kg,Hành lý 0 kg,2025-04-12
VietJet Air,PQC0099,1.161.000 VND/khách,14:05,22 thg 4,22 thg 4,15:05,1h 0m,"Phú Quốc (PQC)
Sân bay Phú Quốc",Hành lý xách tay 7 kg,Hành lý 0 kg,2025-04-12
VietJet Air,PQC0053,1.305.000 VND/khách,09:20,22 thg 4,22 thg 4,10:20,1h 0m,"Phú Quốc (PQC)
Sân bay Phú Quốc",Hành lý xách tay 7 kg,Hành lý 0 kg,2025-04-12
VietJet Air,PQC0077,1.305.000 VND/khách,11:35,22 thg 4,22 thg 4,12:35,1h 0m,"Phú Quốc (PQC)
Sân bay Phú Quốc",Hành lý xách tay 7 kg,Hành lý 0 kg,2025-04-12
Vietnam Airlines,PQC0193,1.348.650 VND/khách,05:40,22 thg 4,22 thg 4,06:40,1h 0m,"Phú Quốc (PQC)
Sân bay Phú Quốc",Hành lý xách tay 1 x 12 kg,Hành lý 23 kg,2025-04-12
Vietnam Airlines,PQC0280,1.747.251 VND/khách,15:05,22 thg 4,22 thg 4,16:10,1h 5m,"Phú Quốc (PQC)
Sân bay Phú Quốc",Hành lý xách tay 1 x 12 kg,Hành lý 23 kg,2025-04-12
Vietnam Airlines,PQC0214,1.766.232 VND/khách,08:10,22 thg 4,22 thg 4,08:55,45m,"Phú Quốc (PQC)
Sân bay Phú Quốc",Hành lý xách tay 1 x 12 kg,Hành lý 23 kg,2025-04-12
Vietnam Airlines,PQC0237,1.899.099 VND/khách,10:25,22 thg 4,22 thg 4,11:25,1h 0m,"Phú Quốc (PQC)
Sân bay Phú Quốc",Hành lý xách tay 1 x 12 kg,Hành lý 23 kg,2025-04-12
Vietravel Airlines,PQC0335,754.210 VND/khách,17:25,23 thg 4,23 thg 4,18:25,1h 0m,"Phú Quốc (PQC)
Sân bay Phú Quốc",Hành lý xách tay 7 kg,Hành lý 0 kg,2025-04-12
VietJet Air,PQC0144,828.000 VND/khách,17:10,23 thg 4,23 thg 4,18:15,1h 5m,"Phú Quốc (PQC)
Sân bay Phú Quốc",Hành lý xách tay 7 kg,Hành lý 0 kg,2025-04-12
Bamboo Airways,PQC0010,869.953 VND/khách,16:30,23 thg 4,23 thg 4,17:30,1h 0m,"Phú Quốc (PQC)
Sân bay Phú Quốc",Hành lý xách tay 7 kg,Hành lý 0 kg,2025-04-12
Vietnam Airlines,PQC0173,871.128 VND/khách,05:25,23 thg 4,23 thg 4,06:20,55m,"Phú Quốc (PQC)
Sân bay Phú Quốc",Hành lý xách tay 1 x 12 kg,Hành lý 0 kg,2025-04-12
VietJet Air,PQC0029,1.054.000 VND/khách,05:55,23 thg 4,23 thg 4,06:55,1h 0m,"Phú Quốc (PQC)
Sân bay Phú Quốc",Hành lý xách tay 7 kg,Hành lý 0 kg,2025-04-12
VietJet Air,PQC0129,1.054.000 VND/khách,16:25,23 thg 4,23 thg 4,17:25,1h 0m,"Phú Quốc (PQC)
Sân bay Phú Quốc",Hành lý xách tay 7 kg,Hành lý 0 kg,2025-04-12
VietJet Air,PQC0100,1.161.000 VND/khách,14:05,23 thg 4,23 thg 4,15:05,1h 0m,"Phú Quốc (PQC)
Sân bay Phú Quốc",Hành lý xách tay 7 kg,Hành lý 0 kg,2025-04-12
Vietnam Airlines,PQC0194,1.244.754 VND/khách,05:40,23 thg 4,23 thg 4,06:40,1h 0m,"Phú Quốc (PQC)
Sân bay Phú Quốc",Hành lý xách tay 1 x 12 kg,Hành lý 23 kg,2025-04-12
VietJet Air,PQC0054,1.305.000 VND/khách,09:20,23 thg 4,23 thg 4,10:20,1h 0m,"Phú Quốc (PQC)
Sân bay Phú Quốc",Hành lý xách tay 7 kg,Hành lý 0 kg,2025-04-12
VietJet Air,PQC0078,1.305.000 VND/khách,11:35,23 thg 4,23 thg 4,12:35,1h 0m,"Phú Quốc (PQC)
Sân bay Phú Quốc",Hành lý xách tay 7 kg,Hành lý 0 kg,2025-04-12
Vietnam Airlines,PQC0215,1.740.258 VND/khách,08:10,23 thg 4,23 thg 4,08:55,45m,"Phú Quốc (PQC)
Sân bay Phú Quốc",Hành lý xách tay 1 x 12 kg,Hành lý 23 kg,2025-04-12
Vietnam Airlines,PQC0262,1.784.214 VND/khách,13:05,23 thg 4,23 thg 4,14:00,55m,"Phú Quốc (PQC)
Sân bay Phú Quốc",Hành lý xách tay 1 x 12 kg,Hành lý 23 kg,2025-04-12
Vietnam Airlines,PQC0281,1.784.214 VND/khách,15:05,23 thg 4,23 thg 4,16:10,1h 5m,"Phú Quốc (PQC)
Sân bay Phú Quốc",Hành lý xách tay 1 x 12 kg,Hành lý 23 kg,2025-04-12
Vietravel Airlines,PQC0336,1.136.290 VND/khách,17:25,24 thg 4,24 thg 4,18:25,1h 0m,"Phú Quốc (PQC)
Sân bay Phú Quốc",Hành lý xách tay 7 kg,Hành lý 0 kg,2025-04-12
VietJet Air,PQC0030,1.161.000 VND/khách,05:55,24 thg 4,24 thg 4,06:55,1h 0m,"Phú Quốc (PQC)
Sân bay Phú Quốc",Hành lý xách tay 7 kg,Hành lý 0 kg,2025-04-12
Vietnam Airlines,PQC0174,1.274.724 VND/khách,05:25,24 thg 4,24 thg 4,06:20,55m,"Phú Quốc (PQC)
Sân bay Phú Quốc",Hành lý xách tay 1 x 12 kg,Hành lý 23 kg,2025-04-12
VietJet Air,PQC0122,1.305.000 VND/khách,15:40,24 thg 4,24 thg 4,16:40,1h 0m,"Phú Quốc (PQC)
Sân bay Phú Quốc",Hành lý xách tay 7 kg,Hành lý 0 kg,2025-04-12
VietJet Air,PQC0039,1.305.000 VND/khách,08:25,24 thg 4,24 thg 4,09:30,1h 5m,"Phú Quốc (PQC)
Sân bay Phú Quốc",Hành lý xách tay 7 kg,Hành lý 0 kg,2025-04-12
VietJet Air,PQC0145,1.305.000 VND/khách,17:10,24 thg 4,24 thg 4,18:15,1h 5m,"Phú Quốc (PQC)
Sân bay Phú Quốc",Hành lý xách tay 7 kg,Hành lý 0 kg,2025-04-12
VietJet Air,PQC0158,1.305.000 VND/khách,17:40,24 thg 4,24 thg 4,18:45,1h 5m,"Phú Quốc (PQC)
Sân bay Phú Quốc",Hành lý xách tay 7 kg,Hành lý 0 kg,2025-04-12
VietJet Air,PQC0101,1.320.000 VND/khách,14:05,24 thg 4,24 thg 4,15:05,1h 0m,"Phú Quốc (PQC)
Sân bay Phú Quốc",Hành lý xách tay 7 kg,Hành lý 0 kg,2025-04-12
Vietnam Airlines,PQC0195,1.373.625 VND/khách,05:40,24 thg 4,24 thg 4,06:40,1h 0m,"Phú Quốc (PQC)
Sân bay Phú Quốc",Hành lý xách tay 1 x 12 kg,Hành lý 23 kg,2025-04-12
VietJet Air,PQC0055,1.424.000 VND/khách,09:20,24 thg 4,24 thg 4,10:20,1h 0m,"Phú Quốc (PQC)
Sân bay Phú Quốc",Hành lý xách tay 7 kg,Hành lý 0 kg,2025-04-12
VietJet Air,PQC0079,1.424.000 VND/khách,11:35,24 thg 4,24 thg 4,12:35,1h 0m,"Phú Quốc (PQC)
Sân bay Phú Quốc",Hành lý xách tay 7 kg,Hành lý 0 kg,2025-04-12
Vietnam Airlines,PQC0282,1.755.243 VND/khách,15:05,24 thg 4,24 thg 4,16:10,1h 5m,"Phú Quốc (PQC)
Sân bay Phú Quốc",Hành lý xách tay 1 x 12 kg,Hành lý 23 kg,2025-04-12
Vietnam Airlines,PQC0217,1.762.236 VND/khách,08:10,24 thg 4,24 thg 4,08:55,45m,"Phú Quốc (PQC)
Sân bay Phú Quốc",Hành lý xách tay 1 x 12 kg,Hành lý 23 kg,2025-04-12
Vietnam Airlines,PQC0263,1.895.103 VND/khách,13:05,24 thg 4,24 thg 4,14:00,55m,"Phú Quốc (PQC)
Sân bay Phú Quốc",Hành lý xách tay 1 x 12 kg,Hành lý 23 kg,2025-04-12
Vietravel Airlines,PQC0337,1.136.290 VND/khách,17:25,25 thg 4,25 thg 4,18:25,1h 0m,"Phú Quốc (PQC)
Sân bay Phú Quốc",Hành lý xách tay 7 kg,Hành lý 0 kg,2025-04-12
VietJet Air,PQC0031,1.298.000 VND/khách,05:55,25 thg 4,25 thg 4,06:55,1h 0m,"Phú Quốc (PQC)
Sân bay Phú Quốc",Hành lý xách tay 7 kg,Hành lý 0 kg,2025-04-12
VietJet Air,PQC0123,1.298.000 VND/khách,15:40,25 thg 4,25 thg 4,16:40,1h 0m,"Phú Quốc (PQC)
Sân bay Phú Quốc",Hành lý xách tay 7 kg,Hành lý 0 kg,2025-04-12
VietJet Air,PQC0146,1.298.000 VND/khách,17:10,25 thg 4,25 thg 4,18:15,1h 5m,"Phú Quốc (PQC)
Sân bay Phú Quốc",Hành lý xách tay 7 kg,Hành lý 0 kg,2025-04-12
Bamboo Airways,PQC0011,1.332.977 VND/khách,16:30,25 thg 4,25 thg 4,17:30,1h 0m,"Phú Quốc (PQC)
Sân bay Phú Quốc",Hành lý xách tay 7 kg,Hành lý 0 kg,2025-04-12
Vietnam Airlines,PQC0175,1.348.650 VND/khách,05:25,25 thg 4,25 thg 4,06:20,55m,"Phú Quốc (PQC)
Sân bay Phú Quốc",Hành lý xách tay 1 x 12 kg,Hành lý 23 kg,2025-04-12
Vietnam Airlines,PQC0196,1.570.428 VND/khách,05:40,25 thg 4,25 thg 4,06:40,1h 0m,"Phú Quốc (PQC)
Sân bay Phú Quốc",Hành lý xách tay 1 x 12 kg,Hành lý 23 kg,2025-04-12
VietJet Air,PQC0102,1.597.000 VND/khách,14:05,25 thg 4,25 thg 4,15:05,1h 0m,"Phú Quốc (PQC)
Sân bay Phú Quốc",Hành lý xách tay 7 kg,Hành lý 0 kg,2025-04-12
Vietnam Airlines,PQC0296,1.658.340 VND/khách,17:25,25 thg 4,25 thg 4,18:25,1h 0m,"Phú Quốc (PQC)
Sân bay Phú Quốc",Hành lý xách tay 1 x 12 kg,Hành lý 23 kg,2025-04-12
VietJet Air,PQC0056,1.716.000 VND/khách,09:20,25 thg 4,25 thg 4,10:20,1h 0m,"Phú Quốc (PQC)
Sân bay Phú Quốc",Hành lý xách tay 7 kg,Hành lý 0 kg,2025-04-12
VietJet Air,PQC0080,1.716.000 VND/khách,11:35,25 thg 4,25 thg 4,12:35,1h 0m,"Phú Quốc (PQC)
Sân bay Phú Quốc",Hành lý xách tay 7 kg,Hành lý 0 kg,2025-04-12
Vietnam Airlines,PQC0311,1.792.206 VND/khách,20:20,25 thg 4,25 thg 4,21:20,1h 0m,"Phú Quốc (PQC)
Sân bay Phú Quốc",Hành lý xách tay 1 x 12 kg,Hành lý 23 kg,2025-04-12
Vietnam Airlines,PQC0283,1.984.014 VND/khách,15:05,25 thg 4,25 thg 4,16:10,1h 5m,"Phú Quốc (PQC)
Sân bay Phú Quốc",Hành lý xách tay 1 x 12 kg,Hành lý 23 kg,2025-04-12
Vietnam Airlines,PQC0250,1.991.007 VND/khách,13:00,25 thg 4,25 thg 4,14:00,1h 0m,"Phú Quốc (PQC)
Sân bay Phú Quốc",Hành lý xách tay 1 x 12 kg,Hành lý 23 kg,2025-04-12
Vietnam Airlines,PQC0218,2.001.996 VND/khách,08:10,25 thg 4,25 thg 4,08:55,45m,"Phú Quốc (PQC)
Sân bay Phú Quốc",Hành lý xách tay 1 x 12 kg,Hành lý 23 kg,2025-04-12
Vietravel Airlines,PQC0338,960.175 VND/khách,17:25,26 thg 4,26 thg 4,18:25,1h 0m,"Phú Quốc (PQC)
Sân bay Phú Quốc",Hành lý xách tay 7 kg,Hành lý 0 kg,2025-04-12
VietJet Air,PQC0147,1.054.000 VND/khách,17:10,26 thg 4,26 thg 4,18:15,1h 5m,"Phú Quốc (PQC)
Sân bay Phú Quốc",Hành lý xách tay 7 kg,Hành lý 0 kg,2025-04-12
VietJet Air,PQC0124,1.161.000 VND/khách,15:40,26 thg 4,26 thg 4,16:40,1h 0m,"Phú Quốc (PQC)
Sân bay Phú Quốc",Hành lý xách tay 7 kg,Hành lý 0 kg,2025-04-12
VietJet Air,PQC0032,1.305.000 VND/khách,05:55,26 thg 4,26 thg 4,06:55,1h 0m,"Phú Quốc (PQC)
Sân bay Phú Quốc",Hành lý xách tay 7 kg,Hành lý 0 kg,2025-04-12
VietJet Air,PQC0103,1.305.000 VND/khách,14:05,26 thg 4,26 thg 4,15:05,1h 0m,"Phú Quốc (PQC)
Sân bay Phú Quốc",Hành lý xách tay 7 kg,Hành lý 0 kg,2025-04-12
Vietnam Airlines,PQC0176,1.359.747 VND/khách,05:25,26 thg 4,26 thg 4,06:20,55m,"Phú Quốc (PQC)
Sân bay Phú Quốc",Hành lý xách tay 1 x 12 kg,Hành lý 23 kg,2025-04-12
Vietnam Airlines,PQC0197,1.359.747 VND/khách,05:40,26 thg 4,26 thg 4,06:40,1h 0m,"Phú Quốc (PQC)
Sân bay Phú Quốc",Hành lý xách tay 1 x 12 kg,Hành lý 23 kg,2025-04-12
VietJet Air,PQC0057,1.601.000 VND/khách,09:20,26 thg 4,26 thg 4,10:20,1h 0m,"Phú Quốc (PQC)
Sân bay Phú Quốc",Hành lý xách tay 7 kg,Hành lý 0 kg,2025-04-12
VietJet Air,PQC0081,1.601.000 VND/khách,11:35,26 thg 4,26 thg 4,12:35,1h 0m,"Phú Quốc (PQC)
Sân bay Phú Quốc",Hành lý xách tay 7 kg,Hành lý 0 kg,2025-04-12
Vietnam Airlines,PQC0312,1.761.256 VND/khách,20:20,26 thg 4,26 thg 4,21:20,1h 0m,"Phú Quốc (PQC)
Sân bay Phú Quốc",Hành lý xách tay 1 x 12 kg,Hành lý 23 kg,2025-04-12
Vietnam Airlines,PQC0219,1.851.285 VND/khách,08:10,26 thg 4,26 thg 4,08:55,45m,"Phú Quốc (PQC)
Sân bay Phú Quốc",Hành lý xách tay 1 x 12 kg,Hành lý 23 kg,2025-04-12
Vietnam Airlines,PQC0284,1.907.165 VND/khách,15:05,26 thg 4,26 thg 4,16:10,1h 5m,"Phú Quốc (PQC)
Sân bay Phú Quốc",Hành lý xách tay 1 x 12 kg,Hành lý 23 kg,2025-04-12
Vietnam Airlines,PQC0264,1.911.087 VND/khách,13:05,26 thg 4,26 thg 4,14:00,55m,"Phú Quốc (PQC)
Sân bay Phú Quốc",Hành lý xách tay 1 x 12 kg,Hành lý 23 kg,2025-04-12
Vietravel Airlines,PQC0339,886.545 VND/khách,17:25,27 thg 4,27 thg 4,18:25,1h 0m,"Phú Quốc (PQC)
Sân bay Phú Quốc",Hành lý xách tay 7 kg,Hành lý 0 kg,2025-04-12
Bamboo Airways,PQC0012,1.018.850 VND/khách,16:30,27 thg 4,27 thg 4,17:30,1h 0m,"Phú Quốc (PQC)
Sân bay Phú Quốc",Hành lý xách tay 7 kg,Hành lý 0 kg,2025-04-12
VietJet Air,PQC0033,1.054.000 VND/khách,05:55,27 thg 4,27 thg 4,06:55,1h 0m,"Phú Quốc (PQC)
Sân bay Phú Quốc",Hành lý xách tay 7 kg,Hành lý 0 kg,2025-04-12
VietJet Air,PQC0125,1.054.000 VND/khách,15:40,27 thg 4,27 thg 4,16:40,1h 0m,"Phú Quốc (PQC)
Sân bay Phú Quốc",Hành lý xách tay 7 kg,Hành lý 0 kg,2025-04-12
VietJet Air,PQC0148,1.054.000 VND/khách,17:10,27 thg 4,27 thg 4,18:15,1h 5m,"Phú Quốc (PQC)
Sân bay Phú Quốc",Hành lý xách tay 7 kg,Hành lý 0 kg,2025-04-12
Vietnam Airlines,PQC0198,1.133.865 VND/khách,05:40,27 thg 4,27 thg 4,06:40,1h 0m,"Phú Quốc (PQC)
Sân bay Phú Quốc",Hành lý xách tay 1 x 12 kg,Hành lý 23 kg,2025-04-12
Vietnam Airlines,PQC0177,1.170.828 VND/khách,05:25,27 thg 4,27 thg 4,06:20,55m,"Phú Quốc (PQC)
Sân bay Phú Quốc",Hành lý xách tay 1 x 12 kg,Hành lý 23 kg,2025-04-12
VietJet Air,PQC0104,1.172.000 VND/khách,14:05,27 thg 4,27 thg 4,15:05,1h 0m,"Phú Quốc (PQC)
Sân bay Phú Quốc",Hành lý xách tay 7 kg,Hành lý 0 kg,2025-04-12
VietJet Air,PQC0082,1.305.000 VND/khách,11:35,27 thg 4,27 thg 4,12:35,1h 0m,"Phú Quốc (PQC)
Sân bay Phú Quốc",Hành lý xách tay 7 kg,Hành lý 0 kg,2025-04-12
Vietnam Airlines,PQC0313,1.510.488 VND/khách,20:20,27 thg 4,27 thg 4,21:20,1h 0m,"Phú Quốc (PQC)
Sân bay Phú Quốc",Hành lý xách tay 1 x 12 kg,Hành lý 23 kg,2025-04-12
VietJet Air,PQC0058,1.601.000 VND/khách,09:20,27 thg 4,27 thg 4,10:20,1h 0m,"Phú Quốc (PQC)
Sân bay Phú Quốc",Hành lý xách tay 7 kg,Hành lý 0 kg,2025-04-12
Vietnam Airlines,PQC0285,1.714.284 VND/khách,15:05,27 thg 4,27 thg 4,16:10,1h 5m,"Phú Quốc (PQC)
Sân bay Phú Quốc",Hành lý xách tay 1 x 12 kg,Hành lý 23 kg,2025-04-12
Vietnam Airlines,PQC0265,1.958.040 VND/khách,13:05,27 thg 4,27 thg 4,14:00,55m,"Phú Quốc (PQC)
Sân bay Phú Quốc",Hành lý xách tay 1 x 12 kg,Hành lý 23 kg,2025-04-12
Vietnam Airlines,PQC0242,1.991.007 VND/khách,10:25,27 thg 4,27 thg 4,11:25,1h 0m,"Phú Quốc (PQC)
Sân bay Phú Quốc",Hành lý xách tay 1 x 12 kg,Hành lý 23 kg,2025-04-12
Vietravel Airlines,PQC0340,960.175 VND/khách,17:25,28 thg 4,28 thg 4,18:25,1h 0m,"Phú Quốc (PQC)
Sân bay Phú Quốc",Hành lý xách tay 7 kg,Hành lý 0 kg,2025-04-12
Vietnam Airlines,PQC0178,927.072 VND/khách,05:25,28 thg 4,28 thg 4,06:20,55m,"Phú Quốc (PQC)
Sân bay Phú Quốc",Hành lý xách tay 1 x 12 kg,Hành lý 0 kg,2025-04-12
Bamboo Airways,PQC0013,1.013.756 VND/khách,16:30,28 thg 4,28 thg 4,17:30,1h 0m,"Phú Quốc (PQC)
Sân bay Phú Quốc",Hành lý xách tay 7 kg,Hành lý 0 kg,2025-04-12
VietJet Air,PQC0034,1.054.000 VND/khách,05:55,28 thg 4,28 thg 4,06:55,1h 0m,"Phú Quốc (PQC)
Sân bay Phú Quốc",Hành lý xách tay 7 kg,Hành lý 0 kg,2025-04-12
VietJet Air,PQC0126,1.054.000 VND/khách,15:40,28 thg 4,28 thg 4,16:40,1h 0m,"Phú Quốc (PQC)
Sân bay Phú Quốc",Hành lý xách tay 7 kg,Hành lý 0 kg,2025-04-12
VietJet Air,PQC0149,1.054.000 VND/khách,17:10,28 thg 4,28 thg 4,18:15,1h 5m,"Phú Quốc (PQC)
Sân bay Phú Quốc",Hành lý xách tay 7 kg,Hành lý 0 kg,2025-04-12
VietJet Air,PQC0105,1.161.000 VND/khách,14:05,28 thg 4,28 thg 4,15:05,1h 0m,"Phú Quốc (PQC)
Sân bay Phú Quốc",Hành lý xách tay 7 kg,Hành lý 0 kg,2025-04-12
Vietnam Airlines,PQC0199,1.255.743 VND/khách,05:40,28 thg 4,28 thg 4,06:40,1h 0m,"Phú Quốc (PQC)
Sân bay Phú Quốc",Hành lý xách tay 1 x 12 kg,Hành lý 23 kg,2025-04-12
VietJet Air,PQC0059,1.305.000 VND/khách,09:20,28 thg 4,28 thg 4,10:20,1h 0m,"Phú Quốc (PQC)
Sân bay Phú Quốc",Hành lý xách tay 7 kg,Hành lý 0 kg,2025-04-12
VietJet Air,PQC0083,1.305.000 VND/khách,11:35,28 thg 4,28 thg 4,12:35,1h 0m,"Phú Quốc (PQC)
Sân bay Phú Quốc",Hành lý xách tay 7 kg,Hành lý 0 kg,2025-04-12
Vietnam Airlines,PQC0221,1.666.332 VND/khách,08:10,28 thg 4,28 thg 4,08:55,45m,"Phú Quốc (PQC)
Sân bay Phú Quốc",Hành lý xách tay 1 x 12 kg,Hành lý 23 kg,2025-04-12
Vietnam Airlines,PQC0314,1.710.288 VND/khách,20:20,28 thg 4,28 thg 4,21:20,1h 0m,"Phú Quốc (PQC)
Sân bay Phú Quốc",Hành lý xách tay 1 x 12 kg,Hành lý 23 kg,2025-04-12
Vietnam Airlines,PQC0286,1.895.103 VND/khách,15:05,28 thg 4,28 thg 4,16:10,1h 5m,"Phú Quốc (PQC)
Sân bay Phú Quốc",Hành lý xách tay 1 x 12 kg,Hành lý 23 kg,2025-04-12
Vietnam Airlines,PQC0243,1.899.099 VND/khách,10:25,28 thg 4,28 thg 4,11:25,1h 0m,"Phú Quốc (PQC)
Sân bay Phú Quốc",Hành lý xách tay 1 x 12 kg,Hành lý 23 kg,2025-04-12
Vietravel Airlines,PQC0341,1.824.830 VND/khách,17:25,29 thg 4,29 thg 4,18:25,1h 0m,"Phú Quốc (PQC)
Sân bay Phú Quốc",Hành lý xách tay 7 kg,Hành lý 0 kg,2025-04-12
VietJet Air,PQC0127,1.723.000 VND/khách,15:40,29 thg 4,29 thg 4,16:40,1h 0m,"Phú Quốc (PQC)
Sân bay Phú Quốc",Hành lý xách tay 7 kg,Hành lý 0 kg,2025-04-12
VietJet Air,PQC0035,1.808.000 VND/khách,05:55,29 thg 4,29 thg 4,06:55,1h 0m,"Phú Quốc (PQC)
Sân bay Phú Quốc",Hành lý xách tay 7 kg,Hành lý 0 kg,2025-04-12
VietJet Air,PQC0106,1.808.000 VND/khách,14:05,29 thg 4,29 thg 4,15:05,1h 0m,"Phú Quốc (PQC)
Sân bay Phú Quốc",Hành lý xách tay 7 kg,Hành lý 0 kg,2025-04-12
VietJet Air,PQC0040,1.808.000 VND/khách,08:25,29 thg 4,29 thg 4,09:30,1h 5m,"Phú Quốc (PQC)
Sân bay Phú Quốc",Hành lý xách tay 7 kg,Hành lý 0 kg,2025-04-12
VietJet Air,PQC0150,1.808.000 VND/khách,17:10,29 thg 4,29 thg 4,18:15,1h 5m,"Phú Quốc (PQC)
Sân bay Phú Quốc",Hành lý xách tay 7 kg,Hành lý 0 kg,2025-04-12
VietJet Air,PQC0060,1.838.000 VND/khách,09:20,29 thg 4,29 thg 4,10:20,1h 0m,"Phú Quốc (PQC)
Sân bay Phú Quốc",Hành lý xách tay 7 kg,Hành lý 0 kg,2025-04-12
VietJet Air,PQC0084,1.838.000 VND/khách,11:35,29 thg 4,29 thg 4,12:35,1h 0m,"Phú Quốc (PQC)
Sân bay Phú Quốc",Hành lý xách tay 7 kg,Hành lý 0 kg,2025-04-12
Vietnam Airlines,PQC0179,1.873.125 VND/khách,05:25,29 thg 4,29 thg 4,06:20,55m,"Phú Quốc (PQC)
Sân bay Phú Quốc",Hành lý xách tay 1 x 12 kg,Hành lý 23 kg,2025-04-12
Vietnam Airlines,PQC0200,2.009.988 VND/khách,05:40,29 thg 4,29 thg 4,06:40,1h 0m,"Phú Quốc (PQC)
Sân bay Phú Quốc",Hành lý xách tay 1 x 12 kg,Hành lý 23 kg,2025-04-12
Vietravel Airlines,PQC0322,1.863.715 VND/khách,17:25,01 thg 5,01 thg 5,18:25,1h 0m,"Phú Quốc (PQC)
Sân bay Phú Quốc",Hành lý xách tay 7 kg,Hành lý 0 kg,2025-04-13
VietJet Air,PQC0131,1.700.863 VND/khách,17:10,01 thg 5,01 thg 5,18:15,1h 5m,"Phú Quốc (PQC)
Sân bay Phú Quốc",Hành lý xách tay 7 kg,Hành lý 0 kg,2025-04-13
VietJet Air,PQC0154,1.700.863 VND/khách,17:40,01 thg 5,01 thg 5,18:45,1h 5m,"Phú Quốc (PQC)
Sân bay Phú Quốc",Hành lý xách tay 7 kg,Hành lý 0 kg,2025-04-13
Bamboo Airways,PQC0001,1.707.271 VND/khách,16:30,01 thg 5,01 thg 5,17:30,1h 0m,"Phú Quốc (PQC)
Sân bay Phú Quốc",Hành lý xách tay 7 kg,Hành lý 0 kg,2025-04-13
VietJet Air,PQC0108,1.839.467 VND/khách,15:40,01 thg 5,01 thg 5,16:40,1h 0m,"Phú Quốc (PQC)
Sân bay Phú Quốc",Hành lý xách tay 7 kg,Hành lý 0 kg,2025-04-13
Vietnam Airlines,PQC0161,1.978.020 VND/khách,05:10,01 thg 5,01 thg 5,06:10,1h 0m,"Phú Quốc (PQC)
Sân bay Phú Quốc",Hành lý xách tay 1 x 12 kg,Hành lý 23 kg,2025-04-13
Vietnam Airlines,PQC0304,1.986.012 VND/khách,20:20,01 thg 5,01 thg 5,21:20,1h 0m,"Phú Quốc (PQC)
Sân bay Phú Quốc",Hành lý xách tay 1 x 12 kg,Hành lý 23 kg,2025-04-13
Vietravel Airlines,PQC0323,1.622.378 VND/khách,17:25,02 thg 5,02 thg 5,18:25,1h 0m,"Phú Quốc (PQC)
Sân bay Phú Quốc",Hành lý xách tay 7 kg,Hành lý 0 kg,2025-04-13
VietJet Air,PQC0017,1.700.863 VND/khách,05:55,02 thg 5,02 thg 5,06:55,1h 0m,"Phú Quốc (PQC)
Sân bay Phú Quốc",Hành lý xách tay 7 kg,Hành lý 0 kg,2025-04-13
VietJet Air,PQC0109,1.700.863 VND/khách,15:40,02 thg 5,02 thg 5,16:40,1h 0m,"Phú Quốc (PQC)
Sân bay Phú Quốc",Hành lý xách tay 7 kg,Hành lý 0 kg,2025-04-13
VietJet Air,PQC0132,1.700.863 VND/khách,17:10,02 thg 5,02 thg 5,18:15,1h 5m,"Phú Quốc (PQC)
Sân bay Phú Quốc",Hành lý xách tay 7 kg,Hành lý 0 kg,2025-04-13
Bamboo Airways,PQC0002,1.715.850 VND/khách,16:30,02 thg 5,02 thg 5,17:30,1h 0m,"Phú Quốc (PQC)
Sân bay Phú Quốc",Hành lý xách tay 7 kg,Hành lý 0 kg,2025-04-13
Vietnam Airlines,PQC0167,1.761.690 VND/khách,05:25,02 thg 5,02 thg 5,06:20,55m,"Phú Quốc (PQC)
Sân bay Phú Quốc",Hành lý xách tay 1 x 12 kg,Hành lý 23 kg,2025-04-13
VietJet Air,PQC0088,1.785.016 VND/khách,14:05,02 thg 5,02 thg 5,15:05,1h 0m,"Phú Quốc (PQC)
Sân bay Phú Quốc",Hành lý xách tay 7 kg,Hành lý 0 kg,2025-04-13
VietJet Air,PQC0042,1.813.726 VND/khách,09:20,02 thg 5,02 thg 5,10:20,1h 0m,"Phú Quốc (PQC)
Sân bay Phú Quốc",Hành lý xách tay 7 kg,Hành lý 0 kg,2025-04-13
VietJet Air,PQC0066,1.850.357 VND/khách,11:35,02 thg 5,02 thg 5,12:35,1h 0m,"Phú Quốc (PQC)
Sân bay Phú Quốc",Hành lý xách tay 7 kg,Hành lý 0 kg,2025-04-13
Vietnam Airlines,PQC0182,1.971.808 VND/khách,05:40,02 thg 5,02 thg 5,06:40,1h 0m,"Phú Quốc (PQC)
Sân bay Phú Quốc",Hành lý xách tay 1 x 12 kg,Hành lý 23 kg,2025-04-13
Vietnam Airlines,PQC0248,1.971.808 VND/khách,13:00,02 thg 5,02 thg 5,14:00,1h 0m,"Phú Quốc (PQC)
Sân bay Phú Quốc",Hành lý xách tay 1 x 12 kg,Hành lý 23 kg,2025-04-13
Vietnam Airlines,PQC0305,1.971.808 VND/khách,20:20,02 thg 5,02 thg 5,21:20,1h 0m,"Phú Quốc (PQC)
Sân bay Phú Quốc",Hành lý xách tay 1 x 12 kg,Hành lý 23 kg,2025-04-13
Vietravel Airlines,PQC0324,893.441 VND/khách,17:25,03 thg 5,03 thg 5,18:25,1h 0m,"Phú Quốc (PQC)
Sân bay Phú Quốc",Hành lý xách tay 7 kg,Hành lý 0 kg,2025-04-13
Bamboo Airways,PQC0003,1.013.756 VND/khách,16:30,03 thg 5,03 thg 5,17:30,1h 0m,"Phú Quốc (PQC)
Sân bay Phú Quốc",Hành lý xách tay 7 kg,Hành lý 0 kg,2025-04-13
VietJet Air,PQC0133,1.022.696 VND/khách,17:10,03 thg 5,03 thg 5,18:15,1h 5m,"Phú Quốc (PQC)
Sân bay Phú Quốc",Hành lý xách tay 7 kg,Hành lý 0 kg,2025-04-13
VietJet Air,PQC0110,1.067.247 VND/khách,15:40,03 thg 5,03 thg 5,16:40,1h 0m,"Phú Quốc (PQC)
Sân bay Phú Quốc",Hành lý xách tay 7 kg,Hành lý 0 kg,2025-04-13
VietJet Air,PQC0018,1.287.033 VND/khách,05:55,03 thg 5,03 thg 5,06:55,1h 0m,"Phú Quốc (PQC)
Sân bay Phú Quốc",Hành lý xách tay 7 kg,Hành lý 0 kg,2025-04-13
VietJet Air,PQC0089,1.287.033 VND/khách,14:05,03 thg 5,03 thg 5,15:05,1h 0m,"Phú Quốc (PQC)
Sân bay Phú Quốc",Hành lý xách tay 7 kg,Hành lý 0 kg,2025-04-13
Vietnam Airlines,PQC0168,1.393.605 VND/khách,05:25,03 thg 5,03 thg 5,06:20,55m,"Phú Quốc (PQC)
Sân bay Phú Quốc",Hành lý xách tay 1 x 12 kg,Hành lý 23 kg,2025-04-13
Vietnam Airlines,PQC0183,1.512.486 VND/khách,05:40,03 thg 5,03 thg 5,06:40,1h 0m,"Phú Quốc (PQC)
Sân bay Phú Quốc",Hành lý xách tay 1 x 12 kg,Hành lý 23 kg,2025-04-13
VietJet Air,PQC0043,1.583.050 VND/khách,09:20,03 thg 5,03 thg 5,10:20,1h 0m,"Phú Quốc (PQC)
Sân bay Phú Quốc",Hành lý xách tay 7 kg,Hành lý 0 kg,2025-04-13
VietJet Air,PQC0067,1.583.050 VND/khách,11:35,03 thg 5,03 thg 5,12:35,1h 0m,"Phú Quốc (PQC)
Sân bay Phú Quốc",Hành lý xách tay 7 kg,Hành lý 0 kg,2025-04-13
Vietnam Airlines,PQC0306,1.608.390 VND/khách,20:20,03 thg 5,03 thg 5,21:20,1h 0m,"Phú Quốc (PQC)
Sân bay Phú Quốc",Hành lý xách tay 1 x 12 kg,Hành lý 23 kg,2025-04-13
Vietnam Airlines,PQC0204,1.752.246 VND/khách,08:10,03 thg 5,03 thg 5,08:55,45m,"Phú Quốc (PQC)
Sân bay Phú Quốc",Hành lý xách tay 1 x 12 kg,Hành lý 23 kg,2025-04-13
Vietnam Airlines,PQC0252,1.752.246 VND/khách,13:05,03 thg 5,03 thg 5,14:00,55m,"Phú Quốc (PQC)
Sân bay Phú Quốc",Hành lý xách tay 1 x 12 kg,Hành lý 23 kg,2025-04-13
Vietnam Airlines,PQC0270,1.752.246 VND/khách,15:05,03 thg 5,03 thg 5,16:10,1h 5m,"Phú Quốc (PQC)
Sân bay Phú Quốc",Hành lý xách tay 1 x 12 kg,Hành lý 23 kg,2025-04-13
Vietravel Airlines,PQC0333,751.410 VND/khách,17:25,21 thg 4,21 thg 4,18:25,1h 0m,"Phú Quốc (PQC)
Sân bay Phú Quốc",Hành lý xách tay 7 kg,Hành lý 0 kg,2025-04-13
VietJet Air,PQC0142,832.815 VND/khách,17:10,21 thg 4,21 thg 4,18:15,1h 5m,"Phú Quốc (PQC)
Sân bay Phú Quốc",Hành lý xách tay 7 kg,Hành lý 0 kg,2025-04-13
Bamboo Airways,PQC0009,869.953 VND/khách,16:30,21 thg 4,21 thg 4,17:30,1h 0m,"Phú Quốc (PQC)
Sân bay Phú Quốc",Hành lý xách tay 7 kg,Hành lý 0 kg,2025-04-13
VietJet Air,PQC0027,1.060.670 VND/khách,05:55,21 thg 4,21 thg 4,06:55,1h 0m,"Phú Quốc (PQC)
Sân bay Phú Quốc",Hành lý xách tay 7 kg,Hành lý 0 kg,2025-04-13
VietJet Air,PQC0119,1.060.670 VND/khách,15:40,21 thg 4,21 thg 4,16:40,1h 0m,"Phú Quốc (PQC)
Sân bay Phú Quốc",Hành lý xách tay 7 kg,Hành lý 0 kg,2025-04-13
VietJet Air,PQC0098,1.168.130 VND/khách,14:05,21 thg 4,21 thg 4,15:05,1h 0m,"Phú Quốc (PQC)
Sân bay Phú Quốc",Hành lý xách tay 7 kg,Hành lý 0 kg,2025-04-13
VietJet Air,PQC0052,1.308.425 VND/khách,09:20,21 thg 4,21 thg 4,10:20,1h 0m,"Phú Quốc (PQC)
Sân bay Phú Quốc",Hành lý xách tay 7 kg,Hành lý 0 kg,2025-04-13
VietJet Air,PQC0076,1.308.425 VND/khách,11:35,21 thg 4,21 thg 4,12:35,1h 0m,"Phú Quốc (PQC)
Sân bay Phú Quốc",Hành lý xách tay 7 kg,Hành lý 0 kg,2025-04-13
Vietnam Airlines,PQC0192,1.360.638 VND/khách,05:40,21 thg 4,21 thg 4,06:40,1h 0m,"Phú Quốc (PQC)
Sân bay Phú Quốc",Hành lý xách tay 1 x 12 kg,Hành lý 23 kg,2025-04-13
Vietnam Airlines,PQC0213,1.804.194 VND/khách,08:10,21 thg 4,21 thg 4,08:55,45m,"Phú Quốc (PQC)
Sân bay Phú Quốc",Hành lý xách tay 1 x 12 kg,Hành lý 23 kg,2025-04-13
Vietnam Airlines,PQC0260,1.982.016 VND/khách,13:05,21 thg 4,21 thg 4,14:00,55m,"Phú Quốc (PQC)
Sân bay Phú Quốc",Hành lý xách tay 1 x 12 kg,Hành lý 23 kg,2025-04-13
Vietnam Airlines,PQC0236,1.989.009 VND/khách,10:25,21 thg 4,21 thg 4,11:25,1h 0m,"Phú Quốc (PQC)
Sân bay Phú Quốc",Hành lý xách tay 1 x 12 kg,Hành lý 23 kg,2025-04-13
Vietravel Airlines,PQC0334,751.410 VND/khách,17:25,22 thg 4,22 thg 4,18:25,1h 0m,"Phú Quốc (PQC)
Sân bay Phú Quốc",Hành lý xách tay 7 kg,Hành lý 0 kg,2025-04-13
VietJet Air,PQC0143,832.815 VND/khách,17:10,22 thg 4,22 thg 4,18:15,1h 5m,"Phú Quốc (PQC)
Sân bay Phú Quốc",Hành lý xách tay 7 kg,Hành lý 0 kg,2025-04-13
VietJet Air,PQC0028,1.060.670 VND/khách,05:55,22 thg 4,22 thg 4,06:55,1h 0m,"Phú Quốc (PQC)
Sân bay Phú Quốc",Hành lý xách tay 7 kg,Hành lý 0 kg,2025-04-13
VietJet Air,PQC0120,1.060.670 VND/khách,15:40,22 thg 4,22 thg 4,16:40,1h 0m,"Phú Quốc (PQC)
Sân bay Phú Quốc",Hành lý xách tay 7 kg,Hành lý 0 kg,2025-04-13
VietJet Air,PQC0099,1.168.130 VND/khách,14:05,22 thg 4,22 thg 4,15:05,1h 0m,"Phú Quốc (PQC)
Sân bay Phú Quốc",Hành lý xách tay 7 kg,Hành lý 0 kg,2025-04-13
VietJet Air,PQC0053,1.308.425 VND/khách,09:20,22 thg 4,22 thg 4,10:20,1h 0m,"Phú Quốc (PQC)
Sân bay Phú Quốc",Hành lý xách tay 7 kg,Hành lý 0 kg,2025-04-13
VietJet Air,PQC0077,1.308.425 VND/khách,11:35,22 thg 4,22 thg 4,12:35,1h 0m,"Phú Quốc (PQC)
Sân bay Phú Quốc",Hành lý xách tay 7 kg,Hành lý 0 kg,2025-04-13
Vietnam Airlines,PQC0193,1.357.641 VND/khách,05:40,22 thg 4,22 thg 4,06:40,1h 0m,"Phú Quốc (PQC)
Sân bay Phú Quốc",Hành lý xách tay 1 x 12 kg,Hành lý 23 kg,2025-04-13
Vietnam Airlines,PQC0214,1.767.231 VND/khách,08:10,22 thg 4,22 thg 4,08:55,45m,"Phú Quốc (PQC)
Sân bay Phú Quốc",Hành lý xách tay 1 x 12 kg,Hành lý 23 kg,2025-04-13
Vietnam Airlines,PQC0280,1.804.194 VND/khách,15:05,22 thg 4,22 thg 4,16:10,1h 5m,"Phú Quốc (PQC)
Sân bay Phú Quốc",Hành lý xách tay 1 x 12 kg,Hành lý 23 kg,2025-04-13
Vietnam Airlines,PQC0261,1.952.046 VND/khách,13:05,22 thg 4,22 thg 4,14:00,55m,"Phú Quốc (PQC)
Sân bay Phú Quốc",Hành lý xách tay 1 x 12 kg,Hành lý 23 kg,2025-04-13
Vietravel Airlines,PQC0335,751.410 VND/khách,17:25,23 thg 4,23 thg 4,18:25,1h 0m,"Phú Quốc (PQC)
Sân bay Phú Quốc",Hành lý xách tay 7 kg,Hành lý 0 kg,2025-04-13
VietJet Air,PQC0144,821.870 VND/khách,17:10,23 thg 4,23 thg 4,18:15,1h 5m,"Phú Quốc (PQC)
Sân bay Phú Quốc",Hành lý xách tay 7 kg,Hành lý 0 kg,2025-04-13
Bamboo Airways,PQC0010,869.953 VND/khách,16:30,23 thg 4,23 thg 4,17:30,1h 0m,"Phú Quốc (PQC)
Sân bay Phú Quốc",Hành lý xách tay 7 kg,Hành lý 0 kg,2025-04-13
Vietnam Airlines,PQC0173,873.126 VND/khách,05:25,23 thg 4,23 thg 4,06:20,55m,"Phú Quốc (PQC)
Sân bay Phú Quốc",Hành lý xách tay 1 x 12 kg,Hành lý 0 kg,2025-04-13
VietJet Air,PQC0029,1.027.835 VND/khách,05:55,23 thg 4,23 thg 4,06:55,1h 0m,"Phú Quốc (PQC)
Sân bay Phú Quốc",Hành lý xách tay 7 kg,Hành lý 0 kg,2025-04-13
VietJet Air,PQC0129,1.027.835 VND/khách,16:25,23 thg 4,23 thg 4,17:25,1h 0m,"Phú Quốc (PQC)
Sân bay Phú Quốc",Hành lý xách tay 7 kg,Hành lý 0 kg,2025-04-13
VietJet Air,PQC0100,1.157.185 VND/khách,14:05,23 thg 4,23 thg 4,15:05,1h 0m,"Phú Quốc (PQC)
Sân bay Phú Quốc",Hành lý xách tay 7 kg,Hành lý 0 kg,2025-04-13
Vietnam Airlines,PQC0194,1.245.753 VND/khách,05:40,23 thg 4,23 thg 4,06:40,1h 0m,"Phú Quốc (PQC)
Sân bay Phú Quốc",Hành lý xách tay 1 x 12 kg,Hành lý 23 kg,2025-04-13
VietJet Air,PQC0054,1.293.500 VND/khách,09:20,23 thg 4,23 thg 4,10:20,1h 0m,"Phú Quốc (PQC)
Sân bay Phú Quốc",Hành lý xách tay 7 kg,Hành lý 0 kg,2025-04-13
VietJet Air,PQC0078,1.293.500 VND/khách,11:35,23 thg 4,23 thg 4,12:35,1h 0m,"Phú Quốc (PQC)
Sân bay Phú Quốc",Hành lý xách tay 7 kg,Hành lý 0 kg,2025-04-13
Vietnam Airlines,PQC0281,1.786.212 VND/khách,15:05,23 thg 4,23 thg 4,16:10,1h 5m,"Phú Quốc (PQC)
Sân bay Phú Quốc",Hành lý xách tay 1 x 12 kg,Hành lý 23 kg,2025-04-13
Vietnam Airlines,PQC0215,1.804.194 VND/khách,08:10,23 thg 4,23 thg 4,08:55,45m,"Phú Quốc (PQC)
Sân bay Phú Quốc",Hành lý xách tay 1 x 12 kg,Hành lý 23 kg,2025-04-13
Vietnam Airlines,PQC0238,1.860.138 VND/khách,10:25,23 thg 4,23 thg 4,11:25,1h 0m,"Phú Quốc (PQC)
Sân bay Phú Quốc",Hành lý xách tay 1 x 12 kg,Hành lý 23 kg,2025-04-13
Vietravel Airlines,PQC0336,1.132.560 VND/khách,17:25,24 thg 4,24 thg 4,18:25,1h 0m,"Phú Quốc (PQC)
Sân bay Phú Quốc",Hành lý xách tay 7 kg,Hành lý 0 kg,2025-04-13
VietJet Air,PQC0030,1.156.190 VND/khách,05:55,24 thg 4,24 thg 4,06:55,1h 0m,"Phú Quốc (PQC)
Sân bay Phú Quốc",Hành lý xách tay 7 kg,Hành lý 0 kg,2025-04-13
Vietnam Airlines,PQC0174,1.248.294 VND/khách,05:25,24 thg 4,24 thg 4,06:20,55m,"Phú Quốc (PQC)
Sân bay Phú Quốc",Hành lý xách tay 1 x 12 kg,Hành lý 23 kg,2025-04-13
VietJet Air,PQC0122,1.293.500 VND/khách,15:40,24 thg 4,24 thg 4,16:40,1h 0m,"Phú Quốc (PQC)
Sân bay Phú Quốc",Hành lý xách tay 7 kg,Hành lý 0 kg,2025-04-13
VietJet Air,PQC0039,1.293.500 VND/khách,08:25,24 thg 4,24 thg 4,09:30,1h 5m,"Phú Quốc (PQC)
Sân bay Phú Quốc",Hành lý xách tay 7 kg,Hành lý 0 kg,2025-04-13
VietJet Air,PQC0145,1.293.500 VND/khách,17:10,24 thg 4,24 thg 4,18:15,1h 5m,"Phú Quốc (PQC)
Sân bay Phú Quốc",Hành lý xách tay 7 kg,Hành lý 0 kg,2025-04-13
VietJet Air,PQC0158,1.293.500 VND/khách,17:40,24 thg 4,24 thg 4,18:45,1h 5m,"Phú Quốc (PQC)
Sân bay Phú Quốc",Hành lý xách tay 7 kg,Hành lý 0 kg,2025-04-13
VietJet Air,PQC0101,1.315.390 VND/khách,14:05,24 thg 4,24 thg 4,15:05,1h 0m,"Phú Quốc (PQC)
Sân bay Phú Quốc",Hành lý xách tay 7 kg,Hành lý 0 kg,2025-04-13
Vietnam Airlines,PQC0195,1.360.082 VND/khách,05:40,24 thg 4,24 thg 4,06:40,1h 0m,"Phú Quốc (PQC)
Sân bay Phú Quốc",Hành lý xách tay 1 x 12 kg,Hành lý 23 kg,2025-04-13
VietJet Air,PQC0055,1.418.870 VND/khách,09:20,24 thg 4,24 thg 4,10:20,1h 0m,"Phú Quốc (PQC)
Sân bay Phú Quốc",Hành lý xách tay 7 kg,Hành lý 0 kg,2025-04-13
VietJet Air,PQC0079,1.418.870 VND/khách,11:35,24 thg 4,24 thg 4,12:35,1h 0m,"Phú Quốc (PQC)
Sân bay Phú Quốc",Hành lý xách tay 7 kg,Hành lý 0 kg,2025-04-13
Vietnam Airlines,PQC0217,1.761.690 VND/khách,08:10,24 thg 4,24 thg 4,08:55,45m,"Phú Quốc (PQC)
Sân bay Phú Quốc",Hành lý xách tay 1 x 12 kg,Hành lý 23 kg,2025-04-13
Vietnam Airlines,PQC0282,1.761.690 VND/khách,15:05,24 thg 4,24 thg 4,16:10,1h 5m,"Phú Quốc (PQC)
Sân bay Phú Quốc",Hành lý xách tay 1 x 12 kg,Hành lý 23 kg,2025-04-13
Vietnam Airlines,PQC0263,1.907.634 VND/khách,13:05,24 thg 4,24 thg 4,14:00,55m,"Phú Quốc (PQC)
Sân bay Phú Quốc",Hành lý xách tay 1 x 12 kg,Hành lý 23 kg,2025-04-13
Vietravel Airlines,PQC0337,1.132.560 VND/khách,17:25,25 thg 4,25 thg 4,18:25,1h 0m,"Phú Quốc (PQC)
Sân bay Phú Quốc",Hành lý xách tay 7 kg,Hành lý 0 kg,2025-04-13
VietJet Air,PQC0031,1.293.500 VND/khách,05:55,25 thg 4,25 thg 4,06:55,1h 0m,"Phú Quốc (PQC)
Sân bay Phú Quốc",Hành lý xách tay 7 kg,Hành lý 0 kg,2025-04-13
VietJet Air,PQC0123,1.293.500 VND/khách,15:40,25 thg 4,25 thg 4,16:40,1h 0m,"Phú Quốc (PQC)
Sân bay Phú Quốc",Hành lý xách tay 7 kg,Hành lý 0 kg,2025-04-13
VietJet Air,PQC0146,1.293.500 VND/khách,17:10,25 thg 4,25 thg 4,18:15,1h 5m,"Phú Quốc (PQC)
Sân bay Phú Quốc",Hành lý xách tay 7 kg,Hành lý 0 kg,2025-04-13
Bamboo Airways,PQC0011,1.332.977 VND/khách,16:30,25 thg 4,25 thg 4,17:30,1h 0m,"Phú Quốc (PQC)
Sân bay Phú Quốc",Hành lý xách tay 7 kg,Hành lý 0 kg,2025-04-13
Vietnam Airlines,PQC0175,1.393.605 VND/khách,05:25,25 thg 4,25 thg 4,06:20,55m,"Phú Quốc (PQC)
Sân bay Phú Quốc",Hành lý xách tay 1 x 12 kg,Hành lý 23 kg,2025-04-13
VietJet Air,PQC0102,1.591.005 VND/khách,14:05,25 thg 4,25 thg 4,15:05,1h 0m,"Phú Quốc (PQC)
Sân bay Phú Quốc",Hành lý xách tay 7 kg,Hành lý 0 kg,2025-04-13
Vietnam Airlines,PQC0196,1.612.386 VND/khách,05:40,25 thg 4,25 thg 4,06:40,1h 0m,"Phú Quốc (PQC)
Sân bay Phú Quốc",Hành lý xách tay 1 x 12 kg,Hành lý 23 kg,2025-04-13
VietJet Air,PQC0056,1.709.410 VND/khách,09:20,25 thg 4,25 thg 4,10:20,1h 0m,"Phú Quốc (PQC)
Sân bay Phú Quốc",Hành lý xách tay 7 kg,Hành lý 0 kg,2025-04-13
VietJet Air,PQC0080,1.709.410 VND/khách,11:35,25 thg 4,25 thg 4,12:35,1h 0m,"Phú Quốc (PQC)
Sân bay Phú Quốc",Hành lý xách tay 7 kg,Hành lý 0 kg,2025-04-13
Vietnam Airlines,PQC0296,1.712.286 VND/khách,17:25,25 thg 4,25 thg 4,18:25,1h 0m,"Phú Quốc (PQC)
Sân bay Phú Quốc",Hành lý xách tay 1 x 12 kg,Hành lý 23 kg,2025-04-13
Vietnam Airlines,PQC0311,1.793.205 VND/khách,20:20,25 thg 4,25 thg 4,21:20,1h 0m,"Phú Quốc (PQC)
Sân bay Phú Quốc",Hành lý xách tay 1 x 12 kg,Hành lý 23 kg,2025-04-13
Vietnam Airlines,PQC0283,1.986.012 VND/khách,15:05,25 thg 4,25 thg 4,16:10,1h 5m,"Phú Quốc (PQC)
Sân bay Phú Quốc",Hành lý xách tay 1 x 12 kg,Hành lý 23 kg,2025-04-13
Vietnam Airlines,PQC0250,1.993.005 VND/khách,13:00,25 thg 4,25 thg 4,14:00,1h 0m,"Phú Quốc (PQC)
Sân bay Phú Quốc",Hành lý xách tay 1 x 12 kg,Hành lý 23 kg,2025-04-13
Vietnam Airlines,PQC0218,1.997.001 VND/khách,08:10,25 thg 4,25 thg 4,08:55,45m,"Phú Quốc (PQC)
Sân bay Phú Quốc",Hành lý xách tay 1 x 12 kg,Hành lý 23 kg,2025-04-13
Vietravel Airlines,PQC0338,956.340 VND/khách,17:25,26 thg 4,26 thg 4,18:25,1h 0m,"Phú Quốc (PQC)
Sân bay Phú Quốc",Hành lý xách tay 7 kg,Hành lý 0 kg,2025-04-13
VietJet Air,PQC0147,1.027.835 VND/khách,17:10,26 thg 4,26 thg 4,18:15,1h 5m,"Phú Quốc (PQC)
Sân bay Phú Quốc",Hành lý xách tay 7 kg,Hành lý 0 kg,2025-04-13
VietJet Air,PQC0124,1.157.185 VND/khách,15:40,26 thg 4,26 thg 4,16:40,1h 0m,"Phú Quốc (PQC)
Sân bay Phú Quốc",Hành lý xách tay 7 kg,Hành lý 0 kg,2025-04-13
VietJet Air,PQC0032,1.293.500 VND/khách,05:55,26 thg 4,26 thg 4,06:55,1h 0m,"Phú Quốc (PQC)
Sân bay Phú Quốc",Hành lý xách tay 7 kg,Hành lý 0 kg,2025-04-13
VietJet Air,PQC0103,1.293.500 VND/khách,14:05,26 thg 4,26 thg 4,15:05,1h 0m,"Phú Quốc (PQC)
Sân bay Phú Quốc",Hành lý xách tay 7 kg,Hành lý 0 kg,2025-04-13
Vietnam Airlines,PQC0176,1.393.605 VND/khách,05:25,26 thg 4,26 thg 4,06:20,55m,"Phú Quốc (PQC)
Sân bay Phú Quốc",Hành lý xách tay 1 x 12 kg,Hành lý 23 kg,2025-04-13
Vietnam Airlines,PQC0197,1.393.605 VND/khách,05:40,26 thg 4,26 thg 4,06:40,1h 0m,"Phú Quốc (PQC)
Sân bay Phú Quốc",Hành lý xách tay 1 x 12 kg,Hành lý 23 kg,2025-04-13
VietJet Air,PQC0057,1.591.005 VND/khách,09:20,26 thg 4,26 thg 4,10:20,1h 0m,"Phú Quốc (PQC)
Sân bay Phú Quốc",Hành lý xách tay 7 kg,Hành lý 0 kg,2025-04-13
VietJet Air,PQC0081,1.591.005 VND/khách,11:35,26 thg 4,26 thg 4,12:35,1h 0m,"Phú Quốc (PQC)
Sân bay Phú Quốc",Hành lý xách tay 7 kg,Hành lý 0 kg,2025-04-13
Vietnam Airlines,PQC0312,1.793.205 VND/khách,20:20,26 thg 4,26 thg 4,21:20,1h 0m,"Phú Quốc (PQC)
Sân bay Phú Quốc",Hành lý xách tay 1 x 12 kg,Hành lý 23 kg,2025-04-13
Vietnam Airlines,PQC0219,1.875.123 VND/khách,08:10,26 thg 4,26 thg 4,08:55,45m,"Phú Quốc (PQC)
Sân bay Phú Quốc",Hành lý xách tay 1 x 12 kg,Hành lý 23 kg,2025-04-13
Vietnam Airlines,PQC0284,1.952.046 VND/khách,15:05,26 thg 4,26 thg 4,16:10,1h 5m,"Phú Quốc (PQC)
Sân bay Phú Quốc",Hành lý xách tay 1 x 12 kg,Hành lý 23 kg,2025-04-13
Vietnam Airlines,PQC0241,1.971.027 VND/khách,10:25,26 thg 4,26 thg 4,11:25,1h 0m,"Phú Quốc (PQC)
Sân bay Phú Quốc",Hành lý xách tay 1 x 12 kg,Hành lý 23 kg,2025-04-13
Vietravel Airlines,PQC0339,883.080 VND/khách,17:25,27 thg 4,27 thg 4,18:25,1h 0m,"Phú Quốc (PQC)
Sân bay Phú Quốc",Hành lý xách tay 7 kg,Hành lý 0 kg,2025-04-13
Bamboo Airways,PQC0012,1.013.756 VND/khách,16:30,27 thg 4,27 thg 4,17:30,1h 0m,"Phú Quốc (PQC)
Sân bay Phú Quốc",Hành lý xách tay 7 kg,Hành lý 0 kg,2025-04-13
VietJet Air,PQC0033,1.027.835 VND/khách,05:55,27 thg 4,27 thg 4,06:55,1h 0m,"Phú Quốc (PQC)
Sân bay Phú Quốc",Hành lý xách tay 7 kg,Hành lý 0 kg,2025-04-13
VietJet Air,PQC0125,1.027.835 VND/khách,15:40,27 thg 4,27 thg 4,16:40,1h 0m,"Phú Quốc (PQC)
Sân bay Phú Quốc",Hành lý xách tay 7 kg,Hành lý 0 kg,2025-04-13
VietJet Air,PQC0148,1.027.835 VND/khách,17:10,27 thg 4,27 thg 4,18:15,1h 5m,"Phú Quốc (PQC)
Sân bay Phú Quốc",Hành lý xách tay 7 kg,Hành lý 0 kg,2025-04-13
VietJet Air,PQC0104,1.157.185 VND/khách,14:05,27 thg 4,27 thg 4,15:05,1h 0m,"Phú Quốc (PQC)
Sân bay Phú Quốc",Hành lý xách tay 7 kg,Hành lý 0 kg,2025-04-13
Vietnam Airlines,PQC0177,1.171.827 VND/khách,05:25,27 thg 4,27 thg 4,06:20,55m,"Phú Quốc (PQC)
Sân bay Phú Quốc",Hành lý xách tay 1 x 12 kg,Hành lý 23 kg,2025-04-13
Vietnam Airlines,PQC0198,1.171.827 VND/khách,05:40,27 thg 4,27 thg 4,06:40,1h 0m,"Phú Quốc (PQC)
Sân bay Phú Quốc",Hành lý xách tay 1 x 12 kg,Hành lý 23 kg,2025-04-13
VietJet Air,PQC0082,1.293.500 VND/khách,11:35,27 thg 4,27 thg 4,12:35,1h 0m,"Phú Quốc (PQC)
Sân bay Phú Quốc",Hành lý xách tay 7 kg,Hành lý 0 kg,2025-04-13
Vietnam Airlines,PQC0313,1.512.486 VND/khách,20:20,27 thg 4,27 thg 4,21:20,1h 0m,"Phú Quốc (PQC)
Sân bay Phú Quốc",Hành lý xách tay 1 x 12 kg,Hành lý 23 kg,2025-04-13
VietJet Air,PQC0058,1.591.005 VND/khách,09:20,27 thg 4,27 thg 4,10:20,1h 0m,"Phú Quốc (PQC)
Sân bay Phú Quốc",Hành lý xách tay 7 kg,Hành lý 0 kg,2025-04-13
Vietnam Airlines,PQC0285,1.715.283 VND/khách,15:05,27 thg 4,27 thg 4,16:10,1h 5m,"Phú Quốc (PQC)
Sân bay Phú Quốc",Hành lý xách tay 1 x 12 kg,Hành lý 23 kg,2025-04-13
Vietnam Airlines,PQC0265,1.952.046 VND/khách,13:05,27 thg 4,27 thg 4,14:00,55m,"Phú Quốc (PQC)
Sân bay Phú Quốc",Hành lý xách tay 1 x 12 kg,Hành lý 23 kg,2025-04-13
Vietnam Airlines,PQC0220,2.003.994 VND/khách,08:10,27 thg 4,27 thg 4,08:55,45m,"Phú Quốc (PQC)
Sân bay Phú Quốc",Hành lý xách tay 1 x 12 kg,Hành lý 23 kg,2025-04-13
Vietnam Airlines,PQC0242,2.014.983 VND/khách,10:25,27 thg 4,27 thg 4,11:25,1h 0m,"Phú Quốc (PQC)
Sân bay Phú Quốc",Hành lý xách tay 1 x 12 kg,Hành lý 23 kg,2025-04-13
Vietravel Airlines,PQC0340,956.340 VND/khách,17:25,28 thg 4,28 thg 4,18:25,1h 0m,"Phú Quốc (PQC)
Sân bay Phú Quốc",Hành lý xách tay 7 kg,Hành lý 0 kg,2025-04-13
Vietnam Airlines,PQC0178,951.048 VND/khách,05:25,28 thg 4,28 thg 4,06:20,55m,"Phú Quốc (PQC)
Sân bay Phú Quốc",Hành lý xách tay 1 x 12 kg,Hành lý 0 kg,2025-04-13
Bamboo Airways,PQC0013,1.013.756 VND/khách,16:30,28 thg 4,28 thg 4,17:30,1h 0m,"Phú Quốc (PQC)
Sân bay Phú Quốc",Hành lý xách tay 7 kg,Hành lý 0 kg,2025-04-13
VietJet Air,PQC0034,1.027.835 VND/khách,05:55,28 thg 4,28 thg 4,06:55,1h 0m,"Phú Quốc (PQC)
Sân bay Phú Quốc",Hành lý xách tay 7 kg,Hành lý 0 kg,2025-04-13
VietJet Air,PQC0126,1.027.835 VND/khách,15:40,28 thg 4,28 thg 4,16:40,1h 0m,"Phú Quốc (PQC)
Sân bay Phú Quốc",Hành lý xách tay 7 kg,Hành lý 0 kg,2025-04-13
VietJet Air,PQC0149,1.027.835 VND/khách,17:10,28 thg 4,28 thg 4,18:15,1h 5m,"Phú Quốc (PQC)
Sân bay Phú Quốc",Hành lý xách tay 7 kg,Hành lý 0 kg,2025-04-13
VietJet Air,PQC0105,1.157.185 VND/khách,14:05,28 thg 4,28 thg 4,15:05,1h 0m,"Phú Quốc (PQC)
Sân bay Phú Quốc",Hành lý xách tay 7 kg,Hành lý 0 kg,2025-04-13
Vietnam Airlines,PQC0199,1.256.742 VND/khách,05:40,28 thg 4,28 thg 4,06:40,1h 0m,"Phú Quốc (PQC)
Sân bay Phú Quốc",Hành lý xách tay 1 x 12 kg,Hành lý 23 kg,2025-04-13
VietJet Air,PQC0059,1.293.500 VND/khách,09:20,28 thg 4,28 thg 4,10:20,1h 0m,"Phú Quốc (PQC)
Sân bay Phú Quốc",Hành lý xách tay 7 kg,Hành lý 0 kg,2025-04-13
VietJet Air,PQC0083,1.293.500 VND/khách,11:35,28 thg 4,28 thg 4,12:35,1h 0m,"Phú Quốc (PQC)
Sân bay Phú Quốc",Hành lý xách tay 7 kg,Hành lý 0 kg,2025-04-13
Vietnam Airlines,PQC0314,1.708.290 VND/khách,20:20,28 thg 4,28 thg 4,21:20,1h 0m,"Phú Quốc (PQC)
Sân bay Phú Quốc",Hành lý xách tay 1 x 12 kg,Hành lý 23 kg,2025-04-13
Vietnam Airlines,PQC0221,1.805.193 VND/khách,08:10,28 thg 4,28 thg 4,08:55,45m,"Phú Quốc (PQC)
Sân bay Phú Quốc",Hành lý xách tay 1 x 12 kg,Hành lý 23 kg,2025-04-13
Vietnam Airlines,PQC0243,1.952.046 VND/khách,10:25,28 thg 4,28 thg 4,11:25,1h 0m,"Phú Quốc (PQC)
Sân bay Phú Quốc",Hành lý xách tay 1 x 12 kg,Hành lý 23 kg,2025-04-13
Vietnam Airlines,PQC0286,1.952.046 VND/khách,15:05,28 thg 4,28 thg 4,16:10,1h 5m,"Phú Quốc (PQC)
Sân bay Phú Quốc",Hành lý xách tay 1 x 12 kg,Hành lý 23 kg,2025-04-13
Vietravel Airlines,PQC0341,1.816.650 VND/khách,17:25,29 thg 4,29 thg 4,18:25,1h 0m,"Phú Quốc (PQC)
Sân bay Phú Quốc",Hành lý xách tay 7 kg,Hành lý 0 kg,2025-04-13
VietJet Air,PQC0127,1.716.375 VND/khách,15:40,29 thg 4,29 thg 4,16:40,1h 0m,"Phú Quốc (PQC)
Sân bay Phú Quốc",Hành lý xách tay 7 kg,Hành lý 0 kg,2025-04-13
VietJet Air,PQC0035,1.793.985 VND/khách,05:55,29 thg 4,29 thg 4,06:55,1h 0m,"Phú Quốc (PQC)
Sân bay Phú Quốc",Hành lý xách tay 7 kg,Hành lý 0 kg,2025-04-13
VietJet Air,PQC0106,1.793.985 VND/khách,14:05,29 thg 4,29 thg 4,15:05,1h 0m,"Phú Quốc (PQC)
Sân bay Phú Quốc",Hành lý xách tay 7 kg,Hành lý 0 kg,2025-04-13
VietJet Air,PQC0040,1.793.985 VND/khách,08:25,29 thg 4,29 thg 4,09:30,1h 5m,"Phú Quốc (PQC)
Sân bay Phú Quốc",Hành lý xách tay 7 kg,Hành lý 0 kg,2025-04-13
VietJet Air,PQC0150,1.793.985 VND/khách,17:10,29 thg 4,29 thg 4,18:15,1h 5m,"Phú Quốc (PQC)
Sân bay Phú Quốc",Hành lý xách tay 7 kg,Hành lý 0 kg,2025-04-13
VietJet Air,PQC0060,1.815.875 VND/khách,09:20,29 thg 4,29 thg 4,10:20,1h 0m,"Phú Quốc (PQC)
Sân bay Phú Quốc",Hành lý xách tay 7 kg,Hành lý 0 kg,2025-04-13
VietJet Air,PQC0084,1.815.875 VND/khách,11:35,29 thg 4,29 thg 4,12:35,1h 0m,"Phú Quốc (PQC)
Sân bay Phú Quốc",Hành lý xách tay 7 kg,Hành lý 0 kg,2025-04-13
Vietravel Airlines,PQC0341,1.816.650 VND/khách,17:25,29 thg 4,29 thg 4,18:25,1h 0m,"Phú Quốc (PQC)
Sân bay Phú Quốc",Hành lý xách tay 7 kg,Hành lý 0 kg,2025-04-13
Vietnam Airlines,PQC0179,1.875.123 VND/khách,05:25,29 thg 4,29 thg 4,06:20,55m,"Phú Quốc (PQC)
Sân bay Phú Quốc",Hành lý xách tay 1 x 12 kg,Hành lý 23 kg,2025-04-13
Vietnam Airlines,PQC0222,2.014.983 VND/khách,08:10,29 thg 4,29 thg 4,08:55,45m,"Phú Quốc (PQC)
Sân bay Phú Quốc",Hành lý xách tay 1 x 12 kg,Hành lý 23 kg,2025-04-13
Vietnam Airlines,PQC0161,2.010.987 VND/khách,05:10,01 thg 5,01 thg 5,06:10,1h 0m,"Phú Quốc (PQC)
Sân bay Phú Quốc",Hành lý xách tay 1 x 12 kg,Hành lý 23 kg,2025-04-14
VietJet Air,PQC0154,1.693.000 VND/khách,17:40,01 thg 5,01 thg 5,18:45,1h 5m,"Phú Quốc (PQC)
Sân bay Phú Quốc",Hành lý xách tay 7 kg,Hành lý 0 kg,2025-04-14
Bamboo Airways,PQC0001,1.715.850 VND/khách,16:30,01 thg 5,01 thg 5,17:30,1h 0m,"Phú Quốc (PQC)
Sân bay Phú Quốc",Hành lý xách tay 7 kg,Hành lý 0 kg,2025-04-14
VietJet Air,PQC0131,1.780.000 VND/khách,17:10,01 thg 5,01 thg 5,18:15,1h 5m,"Phú Quốc (PQC)
Sân bay Phú Quốc",Hành lý xách tay 7 kg,Hành lý 0 kg,2025-04-14
Vietravel Airlines,PQC0322,1.879.290 VND/khách,17:25,01 thg 5,01 thg 5,18:25,1h 0m,"Phú Quốc (PQC)
Sân bay Phú Quốc",Hành lý xách tay 7 kg,Hành lý 0 kg,2025-04-14
Vietnam Airlines,PQC0166,2.010.987 VND/khách,05:25,01 thg 5,01 thg 5,06:20,55m,"Phú Quốc (PQC)
Sân bay Phú Quốc",Hành lý xách tay 1 x 12 kg,Hành lý 23 kg,2025-04-14
Vietnam Airlines,PQC0305,1.983.015 VND/khách,20:20,02 thg 5,02 thg 5,21:20,1h 0m,"Phú Quốc (PQC)
Sân bay Phú Quốc",Hành lý xách tay 1 x 12 kg,Hành lý 23 kg,2025-04-14
Bamboo Airways,PQC0002,1.616.425 VND/khách,16:30,02 thg 5,02 thg 5,17:30,1h 0m,"Phú Quốc (PQC)
Sân bay Phú Quốc",Hành lý xách tay 7 kg,Hành lý 0 kg,2025-04-14
Vietravel Airlines,PQC0323,1.640.888 VND/khách,17:25,02 thg 5,02 thg 5,18:25,1h 0m,"Phú Quốc (PQC)
Sân bay Phú Quốc",Hành lý xách tay 7 kg,Hành lý 0 kg,2025-04-14
VietJet Air,PQC0017,1.694.000 VND/khách,05:55,02 thg 5,02 thg 5,06:55,1h 0m,"Phú Quốc (PQC)
Sân bay Phú Quốc",Hành lý xách tay 7 kg,Hành lý 0 kg,2025-04-14
VietJet Air,PQC0132,1.694.000 VND/khách,17:10,02 thg 5,02 thg 5,18:15,1h 5m,"Phú Quốc (PQC)
Sân bay Phú Quốc",Hành lý xách tay 7 kg,Hành lý 0 kg,2025-04-14
VietJet Air,PQC0109,1.726.000 VND/khách,15:40,02 thg 5,02 thg 5,16:40,1h 0m,"Phú Quốc (PQC)
Sân bay Phú Quốc",Hành lý xách tay 7 kg,Hành lý 0 kg,2025-04-14
VietJet Air,PQC0088,1.781.000 VND/khách,14:05,02 thg 5,02 thg 5,15:05,1h 0m,"Phú Quốc (PQC)
Sân bay Phú Quốc",Hành lý xách tay 7 kg,Hành lý 0 kg,2025-04-14
Vietnam Airlines,PQC0167,1.787.211 VND/khách,05:25,02 thg 5,02 thg 5,06:20,55m,"Phú Quốc (PQC)
Sân bay Phú Quốc",Hành lý xách tay 1 x 12 kg,Hành lý 23 kg,2025-04-14
VietJet Air,PQC0042,1.840.000 VND/khách,09:20,02 thg 5,02 thg 5,10:20,1h 0m,"Phú Quốc (PQC)
Sân bay Phú Quốc",Hành lý xách tay 7 kg,Hành lý 0 kg,2025-04-14
VietJet Air,PQC0066,1.898.000 VND/khách,11:35,02 thg 5,02 thg 5,12:35,1h 0m,"Phú Quốc (PQC)
Sân bay Phú Quốc",Hành lý xách tay 7 kg,Hành lý 0 kg,2025-04-14
Vietnam Airlines,PQC0305,1.983.015 VND/khách,20:20,02 thg 5,02 thg 5,21:20,1h 0m,"Phú Quốc (PQC)
Sân bay Phú Quốc",Hành lý xách tay 1 x 12 kg,Hành lý 23 kg,2025-04-14
Vietnam Airlines,PQC0248,1.990.008 VND/khách,13:00,02 thg 5,02 thg 5,14:00,1h 0m,"Phú Quốc (PQC)
Sân bay Phú Quốc",Hành lý xách tay 1 x 12 kg,Hành lý 23 kg,2025-04-14
Vietnam Airlines,PQC0269,1.990.008 VND/khách,15:05,02 thg 5,02 thg 5,16:10,1h 5m,"Phú Quốc (PQC)
Sân bay Phú Quốc",Hành lý xách tay 1 x 12 kg,Hành lý 23 kg,2025-04-14
Vietnam Airlines,PQC0183,1.491.507 VND/khách,05:40,03 thg 5,03 thg 5,06:40,1h 0m,"Phú Quốc (PQC)
Sân bay Phú Quốc",Hành lý xách tay 1 x 12 kg,Hành lý 23 kg,2025-04-14
Vietravel Airlines,PQC0324,965.580 VND/khách,17:25,03 thg 5,03 thg 5,18:25,1h 0m,"Phú Quốc (PQC)
Sân bay Phú Quốc",Hành lý xách tay 7 kg,Hành lý 0 kg,2025-04-14
Bamboo Airways,PQC0003,1.013.756 VND/khách,16:30,03 thg 5,03 thg 5,17:30,1h 0m,"Phú Quốc (PQC)
Sân bay Phú Quốc",Hành lý xách tay 7 kg,Hành lý 0 kg,2025-04-14
VietJet Air,PQC0133,1.028.000 VND/khách,17:10,03 thg 5,03 thg 5,18:15,1h 5m,"Phú Quốc (PQC)
Sân bay Phú Quốc",Hành lý xách tay 7 kg,Hành lý 0 kg,2025-04-14
VietJet Air,PQC0110,1.139.000 VND/khách,15:40,03 thg 5,03 thg 5,16:40,1h 0m,"Phú Quốc (PQC)
Sân bay Phú Quốc",Hành lý xách tay 7 kg,Hành lý 0 kg,2025-04-14
VietJet Air,PQC0018,1.285.000 VND/khách,05:55,03 thg 5,03 thg 5,06:55,1h 0m,"Phú Quốc (PQC)
Sân bay Phú Quốc",Hành lý xách tay 7 kg,Hành lý 0 kg,2025-04-14
VietJet Air,PQC0089,1.285.000 VND/khách,14:05,03 thg 5,03 thg 5,15:05,1h 0m,"Phú Quốc (PQC)
Sân bay Phú Quốc",Hành lý xách tay 7 kg,Hành lý 0 kg,2025-04-14
Vietnam Airlines,PQC0168,1.380.618 VND/khách,05:25,03 thg 5,03 thg 5,06:20,55m,"Phú Quốc (PQC)
Sân bay Phú Quốc",Hành lý xách tay 1 x 12 kg,Hành lý 23 kg,2025-04-14
Vietnam Airlines,PQC0183,1.491.507 VND/khách,05:40,03 thg 5,03 thg 5,06:40,1h 0m,"Phú Quốc (PQC)
Sân bay Phú Quốc",Hành lý xách tay 1 x 12 kg,Hành lý 23 kg,2025-04-14
VietJet Air,PQC0043,1.577.000 VND/khách,09:20,03 thg 5,03 thg 5,10:20,1h 0m,"Phú Quốc (PQC)
Sân bay Phú Quốc",Hành lý xách tay 7 kg,Hành lý 0 kg,2025-04-14
VietJet Air,PQC0067,1.577.000 VND/khách,11:35,03 thg 5,03 thg 5,12:35,1h 0m,"Phú Quốc (PQC)
Sân bay Phú Quốc",Hành lý xách tay 7 kg,Hành lý 0 kg,2025-04-14
Vietnam Airlines,PQC0306,1.598.400 VND/khách,20:20,03 thg 5,03 thg 5,21:20,1h 0m,"Phú Quốc (PQC)
Sân bay Phú Quốc",Hành lý xách tay 1 x 12 kg,Hành lý 23 kg,2025-04-14
Vietnam Airlines,PQC0204,1.746.252 VND/khách,08:10,03 thg 5,03 thg 5,08:55,45m,"Phú Quốc (PQC)
Sân bay Phú Quốc",Hành lý xách tay 1 x 12 kg,Hành lý 23 kg,2025-04-14
Vietnam Airlines,PQC0270,1.746.252 VND/khách,15:05,03 thg 5,03 thg 5,16:10,1h 5m,"Phú Quốc (PQC)
Sân bay Phú Quốc",Hành lý xách tay 1 x 12 kg,Hành lý 23 kg,2025-04-14
Vietnam Airlines,PQC0227,1.868.130 VND/khách,10:25,03 thg 5,03 thg 5,11:25,1h 0m,"Phú Quốc (PQC)
Sân bay Phú Quốc",Hành lý xách tay 1 x 12 kg,Hành lý 23 kg,2025-04-14
Vietnam Airlines,PQC0307,1.236.762 VND/khách,20:20,04 thg 5,04 thg 5,21:20,1h 0m,"Phú Quốc (PQC)
Sân bay Phú Quốc",Hành lý xách tay 1 x 12 kg,Hành lý 23 kg,2025-04-14
VietJet Air,PQC0134,800.000 VND/khách,17:10,04 thg 5,04 thg 5,18:15,1h 5m,"Phú Quốc (PQC)
Sân bay Phú Quốc",Hành lý xách tay 7 kg,Hành lý 0 kg,2025-04-14
Vietravel Airlines,PQC0325,821.940 VND/khách,17:25,04 thg 5,04 thg 5,18:25,1h 0m,"Phú Quốc (PQC)
Sân bay Phú Quốc",Hành lý xách tay 7 kg,Hành lý 0 kg,2025-04-14
Bamboo Airways,PQC0004,874.325 VND/khách,16:30,04 thg 5,04 thg 5,17:30,1h 0m,"Phú Quốc (PQC)
Sân bay Phú Quốc",Hành lý xách tay 7 kg,Hành lý 0 kg,2025-04-14
VietJet Air,PQC0019,1.028.000 VND/khách,05:55,04 thg 5,04 thg 5,06:55,1h 0m,"Phú Quốc (PQC)
Sân bay Phú Quốc",Hành lý xách tay 7 kg,Hành lý 0 kg,2025-04-14
VietJet Air,PQC0111,1.028.000 VND/khách,15:40,04 thg 5,04 thg 5,16:40,1h 0m,"Phú Quốc (PQC)
Sân bay Phú Quốc",Hành lý xách tay 7 kg,Hành lý 0 kg,2025-04-14
Vietnam Airlines,PQC0169,1.095.903 VND/khách,05:25,04 thg 5,04 thg 5,06:20,55m,"Phú Quốc (PQC)
Sân bay Phú Quốc",Hành lý xách tay 1 x 12 kg,Hành lý 23 kg,2025-04-14
VietJet Air,PQC0068,1.139.000 VND/khách,11:35,04 thg 5,04 thg 5,12:35,1h 0m,"Phú Quốc (PQC)
Sân bay Phú Quốc",Hành lý xách tay 7 kg,Hành lý 0 kg,2025-04-14
VietJet Air,PQC0090,1.139.000 VND/khách,14:05,04 thg 5,04 thg 5,15:05,1h 0m,"Phú Quốc (PQC)
Sân bay Phú Quốc",Hành lý xách tay 7 kg,Hành lý 0 kg,2025-04-14
Vietnam Airlines,PQC0307,1.236.762 VND/khách,20:20,04 thg 5,04 thg 5,21:20,1h 0m,"Phú Quốc (PQC)
Sân bay Phú Quốc",Hành lý xách tay 1 x 12 kg,Hành lý 23 kg,2025-04-14
Vietnam Airlines,PQC0184,1.273.725 VND/khách,05:40,04 thg 5,04 thg 5,06:40,1h 0m,"Phú Quốc (PQC)
Sân bay Phú Quốc",Hành lý xách tay 1 x 12 kg,Hành lý 23 kg,2025-04-14
VietJet Air,PQC0044,1.285.000 VND/khách,09:20,04 thg 5,04 thg 5,10:20,1h 0m,"Phú Quốc (PQC)
Sân bay Phú Quốc",Hành lý xách tay 7 kg,Hành lý 0 kg,2025-04-14
Vietnam Airlines,PQC0271,1.384.614 VND/khách,15:05,04 thg 5,04 thg 5,16:10,1h 5m,"Phú Quốc (PQC)
Sân bay Phú Quốc",Hành lý xách tay 1 x 12 kg,Hành lý 23 kg,2025-04-14
Vietnam Airlines,PQC0205,1.476.522 VND/khách,08:10,04 thg 5,04 thg 5,08:55,45m,"Phú Quốc (PQC)
Sân bay Phú Quốc",Hành lý xách tay 1 x 12 kg,Hành lý 23 kg,2025-04-14
Vietnam Airlines,PQC0228,1.591.407 VND/khách,10:25,04 thg 5,04 thg 5,11:25,1h 0m,"Phú Quốc (PQC)
Sân bay Phú Quốc",Hành lý xách tay 1 x 12 kg,Hành lý 23 kg,2025-04-14
Vietnam Airlines,PQC0192,1.383.615 VND/khách,05:40,21 thg 4,21 thg 4,06:40,1h 0m,"Phú Quốc (PQC)
Sân bay Phú Quốc",Hành lý xách tay 1 x 12 kg,Hành lý 23 kg,2025-04-14
VietJet Air,PQC0142,800.000 VND/khách,17:10,21 thg 4,21 thg 4,18:15,1h 5m,"Phú Quốc (PQC)
Sân bay Phú Quốc",Hành lý xách tay 7 kg,Hành lý 0 kg,2025-04-14
Vietravel Airlines,PQC0333,822.938 VND/khách,17:25,21 thg 4,21 thg 4,18:25,1h 0m,"Phú Quốc (PQC)
Sân bay Phú Quốc",Hành lý xách tay 7 kg,Hành lý 0 kg,2025-04-14
Bamboo Airways,PQC0009,869.953 VND/khách,16:30,21 thg 4,21 thg 4,17:30,1h 0m,"Phú Quốc (PQC)
Sân bay Phú Quốc",Hành lý xách tay 7 kg,Hành lý 0 kg,2025-04-14
VietJet Air,PQC0119,1.028.000 VND/khách,15:40,21 thg 4,21 thg 4,16:40,1h 0m,"Phú Quốc (PQC)
Sân bay Phú Quốc",Hành lý xách tay 7 kg,Hành lý 0 kg,2025-04-14
VietJet Air,PQC0027,1.146.565 VND/khách,05:55,21 thg 4,21 thg 4,06:55,1h 0m,"Phú Quốc (PQC)
Sân bay Phú Quốc",Hành lý xách tay 7 kg,Hành lý 0 kg,2025-04-14
VietJet Air,PQC0052,1.285.000 VND/khách,09:20,21 thg 4,21 thg 4,10:20,1h 0m,"Phú Quốc (PQC)
Sân bay Phú Quốc",Hành lý xách tay 7 kg,Hành lý 0 kg,2025-04-14
VietJet Air,PQC0076,1.285.000 VND/khách,11:35,21 thg 4,21 thg 4,12:35,1h 0m,"Phú Quốc (PQC)
Sân bay Phú Quốc",Hành lý xách tay 7 kg,Hành lý 0 kg,2025-04-14
VietJet Air,PQC0098,1.286.000 VND/khách,14:05,21 thg 4,21 thg 4,15:05,1h 0m,"Phú Quốc (PQC)
Sân bay Phú Quốc",Hành lý xách tay 7 kg,Hành lý 0 kg,2025-04-14
Vietnam Airlines,PQC0192,1.383.615 VND/khách,05:40,21 thg 4,21 thg 4,06:40,1h 0m,"Phú Quốc (PQC)
Sân bay Phú Quốc",Hành lý xách tay 1 x 12 kg,Hành lý 23 kg,2025-04-14
Vietnam Airlines,PQC0213,1.786.212 VND/khách,08:10,21 thg 4,21 thg 4,08:55,45m,"Phú Quốc (PQC)
Sân bay Phú Quốc",Hành lý xách tay 1 x 12 kg,Hành lý 23 kg,2025-04-14
Vietnam Airlines,PQC0236,1.982.016 VND/khách,10:25,21 thg 4,21 thg 4,11:25,1h 0m,"Phú Quốc (PQC)
Sân bay Phú Quốc",Hành lý xách tay 1 x 12 kg,Hành lý 23 kg,2025-04-14
Vietnam Airlines,PQC0279,1.982.016 VND/khách,15:05,21 thg 4,21 thg 4,16:10,1h 5m,"Phú Quốc (PQC)
Sân bay Phú Quốc",Hành lý xách tay 1 x 12 kg,Hành lý 23 kg,2025-04-14
Vietnam Airlines,PQC0193,1.384.614 VND/khách,05:40,22 thg 4,22 thg 4,06:40,1h 0m,"Phú Quốc (PQC)
Sân bay Phú Quốc",Hành lý xách tay 1 x 12 kg,Hành lý 23 kg,2025-04-14
Vietravel Airlines,PQC0334,755.108 VND/khách,17:25,22 thg 4,22 thg 4,18:25,1h 0m,"Phú Quốc (PQC)
Sân bay Phú Quốc",Hành lý xách tay 7 kg,Hành lý 0 kg,2025-04-14
VietJet Air,PQC0143,800.000 VND/khách,17:10,22 thg 4,22 thg 4,18:15,1h 5m,"Phú Quốc (PQC)
Sân bay Phú Quốc",Hành lý xách tay 7 kg,Hành lý 0 kg,2025-04-14
VietJet Air,PQC0028,1.028.000 VND/khách,05:55,22 thg 4,22 thg 4,06:55,1h 0m,"Phú Quốc (PQC)
Sân bay Phú Quốc",Hành lý xách tay 7 kg,Hành lý 0 kg,2025-04-14
VietJet Air,PQC0120,1.028.000 VND/khách,15:40,22 thg 4,22 thg 4,16:40,1h 0m,"Phú Quốc (PQC)
Sân bay Phú Quốc",Hành lý xách tay 7 kg,Hành lý 0 kg,2025-04-14
VietJet Air,PQC0099,1.139.000 VND/khách,14:05,22 thg 4,22 thg 4,15:05,1h 0m,"Phú Quốc (PQC)
Sân bay Phú Quốc",Hành lý xách tay 7 kg,Hành lý 0 kg,2025-04-14
VietJet Air,PQC0053,1.285.000 VND/khách,09:20,22 thg 4,22 thg 4,10:20,1h 0m,"Phú Quốc (PQC)
Sân bay Phú Quốc",Hành lý xách tay 7 kg,Hành lý 0 kg,2025-04-14
VietJet Air,PQC0077,1.285.000 VND/khách,11:35,22 thg 4,22 thg 4,12:35,1h 0m,"Phú Quốc (PQC)
Sân bay Phú Quốc",Hành lý xách tay 7 kg,Hành lý 0 kg,2025-04-14
Vietnam Airlines,PQC0193,1.384.614 VND/khách,05:40,22 thg 4,22 thg 4,06:40,1h 0m,"Phú Quốc (PQC)
Sân bay Phú Quốc",Hành lý xách tay 1 x 12 kg,Hành lý 23 kg,2025-04-14
Vietnam Airlines,PQC0214,1.787.211 VND/khách,08:10,22 thg 4,22 thg 4,08:55,45m,"Phú Quốc (PQC)
Sân bay Phú Quốc",Hành lý xách tay 1 x 12 kg,Hành lý 23 kg,2025-04-14
Vietnam Airlines,PQC0280,1.787.211 VND/khách,15:05,22 thg 4,22 thg 4,16:10,1h 5m,"Phú Quốc (PQC)
Sân bay Phú Quốc",Hành lý xách tay 1 x 12 kg,Hành lý 23 kg,2025-04-14
Vietnam Airlines,PQC0261,1.942.056 VND/khách,13:05,22 thg 4,22 thg 4,14:00,55m,"Phú Quốc (PQC)
Sân bay Phú Quốc",Hành lý xách tay 1 x 12 kg,Hành lý 23 kg,2025-04-14
Vietnam Airlines,PQC0194,1.258.740 VND/khách,05:40,23 thg 4,23 thg 4,06:40,1h 0m,"Phú Quốc (PQC)
Sân bay Phú Quốc",Hành lý xách tay 1 x 12 kg,Hành lý 23 kg,2025-04-14
Vietravel Airlines,PQC0335,759.098 VND/khách,17:25,23 thg 4,23 thg 4,18:25,1h 0m,"Phú Quốc (PQC)
Sân bay Phú Quốc",Hành lý xách tay 7 kg,Hành lý 0 kg,2025-04-14
VietJet Air,PQC0157,800.000 VND/khách,17:40,23 thg 4,23 thg 4,18:40,1h 0m,"Phú Quốc (PQC)
Sân bay Phú Quốc",Hành lý xách tay 7 kg,Hành lý 0 kg,2025-04-14
Bamboo Airways,PQC0010,869.953 VND/khách,16:30,23 thg 4,23 thg 4,17:30,1h 0m,"Phú Quốc (PQC)
Sân bay Phú Quốc",Hành lý xách tay 7 kg,Hành lý 0 kg,2025-04-14
Vietnam Airlines,PQC0173,904.095 VND/khách,05:25,23 thg 4,23 thg 4,06:20,55m,"Phú Quốc (PQC)
Sân bay Phú Quốc",Hành lý xách tay 1 x 12 kg,Hành lý 0 kg,2025-04-14
VietJet Air,PQC0029,1.028.000 VND/khách,05:55,23 thg 4,23 thg 4,06:55,1h 0m,"Phú Quốc (PQC)
Sân bay Phú Quốc",Hành lý xách tay 7 kg,Hành lý 0 kg,2025-04-14
VietJet Air,PQC0129,1.028.000 VND/khách,16:25,23 thg 4,23 thg 4,17:25,1h 0m,"Phú Quốc (PQC)
Sân bay Phú Quốc",Hành lý xách tay 7 kg,Hành lý 0 kg,2025-04-14
VietJet Air,PQC0100,1.139.000 VND/khách,14:05,23 thg 4,23 thg 4,15:05,1h 0m,"Phú Quốc (PQC)
Sân bay Phú Quốc",Hành lý xách tay 7 kg,Hành lý 0 kg,2025-04-14
Vietnam Airlines,PQC0194,1.258.740 VND/khách,05:40,23 thg 4,23 thg 4,06:40,1h 0m,"Phú Quốc (PQC)
Sân bay Phú Quốc",Hành lý xách tay 1 x 12 kg,Hành lý 23 kg,2025-04-14
VietJet Air,PQC0054,1.285.000 VND/khách,09:20,23 thg 4,23 thg 4,10:20,1h 0m,"Phú Quốc (PQC)
Sân bay Phú Quốc",Hành lý xách tay 7 kg,Hành lý 0 kg,2025-04-14
VietJet Air,PQC0078,1.285.000 VND/khách,11:35,23 thg 4,23 thg 4,12:35,1h 0m,"Phú Quốc (PQC)
Sân bay Phú Quốc",Hành lý xách tay 7 kg,Hành lý 0 kg,2025-04-14
Vietnam Airlines,PQC0215,1.750.248 VND/khách,08:10,23 thg 4,23 thg 4,08:55,45m,"Phú Quốc (PQC)
Sân bay Phú Quốc",Hành lý xách tay 1 x 12 kg,Hành lý 23 kg,2025-04-14
Vietnam Airlines,PQC0281,1.787.211 VND/khách,15:05,23 thg 4,23 thg 4,16:10,1h 5m,"Phú Quốc (PQC)
Sân bay Phú Quốc",Hành lý xách tay 1 x 12 kg,Hành lý 23 kg,2025-04-14
Vietnam Airlines,PQC0262,1.864.134 VND/khách,13:05,23 thg 4,23 thg 4,14:00,55m,"Phú Quốc (PQC)
Sân bay Phú Quốc",Hành lý xách tay 1 x 12 kg,Hành lý 23 kg,2025-04-14
Vietnam Airlines,PQC0195,1.380.618 VND/khách,05:40,24 thg 4,24 thg 4,06:40,1h 0m,"Phú Quốc (PQC)
Sân bay Phú Quốc",Hành lý xách tay 1 x 12 kg,Hành lý 23 kg,2025-04-14
VietJet Air,PQC0030,1.139.000 VND/khách,05:55,24 thg 4,24 thg 4,06:55,1h 0m,"Phú Quốc (PQC)
Sân bay Phú Quốc",Hành lý xách tay 7 kg,Hành lý 0 kg,2025-04-14
Vietravel Airlines,PQC0336,1.139.145 VND/khách,17:25,24 thg 4,24 thg 4,18:25,1h 0m,"Phú Quốc (PQC)
Sân bay Phú Quốc",Hành lý xách tay 7 kg,Hành lý 0 kg,2025-04-14
Vietnam Airlines,PQC0174,1.269.729 VND/khách,05:25,24 thg 4,24 thg 4,06:20,55m,"Phú Quốc (PQC)
Sân bay Phú Quốc",Hành lý xách tay 1 x 12 kg,Hành lý 23 kg,2025-04-14
VietJet Air,PQC0101,1.285.000 VND/khách,14:05,24 thg 4,24 thg 4,15:05,1h 0m,"Phú Quốc (PQC)
Sân bay Phú Quốc",Hành lý xách tay 7 kg,Hành lý 0 kg,2025-04-14
VietJet Air,PQC0130,1.285.000 VND/khách,16:30,24 thg 4,24 thg 4,17:30,1h 0m,"Phú Quốc (PQC)
Sân bay Phú Quốc",Hành lý xách tay 7 kg,Hành lý 0 kg,2025-04-14
VietJet Air,PQC0158,1.285.000 VND/khách,17:40,24 thg 4,24 thg 4,18:45,1h 5m,"Phú Quốc (PQC)
Sân bay Phú Quốc",Hành lý xách tay 7 kg,Hành lý 0 kg,2025-04-14
VietJet Air,PQC0079,1.286.000 VND/khách,11:35,24 thg 4,24 thg 4,12:35,1h 0m,"Phú Quốc (PQC)
Sân bay Phú Quốc",Hành lý xách tay 7 kg,Hành lý 0 kg,2025-04-14
Vietnam Airlines,PQC0195,1.380.618 VND/khách,05:40,24 thg 4,24 thg 4,06:40,1h 0m,"Phú Quốc (PQC)
Sân bay Phú Quốc",Hành lý xách tay 1 x 12 kg,Hành lý 23 kg,2025-04-14
VietJet Air,PQC0039,1.403.000 VND/khách,08:25,24 thg 4,24 thg 4,09:30,1h 5m,"Phú Quốc (PQC)
Sân bay Phú Quốc",Hành lý xách tay 7 kg,Hành lý 0 kg,2025-04-14
Vietnam Airlines,PQC0282,1.783.215 VND/khách,15:05,24 thg 4,24 thg 4,16:10,1h 5m,"Phú Quốc (PQC)
Sân bay Phú Quốc",Hành lý xách tay 1 x 12 kg,Hành lý 23 kg,2025-04-14
Vietnam Airlines,PQC0217,1.876.122 VND/khách,08:10,24 thg 4,24 thg 4,08:55,45m,"Phú Quốc (PQC)
Sân bay Phú Quốc",Hành lý xách tay 1 x 12 kg,Hành lý 23 kg,2025-04-14
Vietnam Airlines,PQC0239,1.916.082 VND/khách,10:25,24 thg 4,24 thg 4,11:25,1h 0m,"Phú Quốc (PQC)
Sân bay Phú Quốc",Hành lý xách tay 1 x 12 kg,Hành lý 23 kg,2025-04-14
Vietnam Airlines,PQC0196,1.598.400 VND/khách,05:40,25 thg 4,25 thg 4,06:40,1h 0m,"Phú Quốc (PQC)
Sân bay Phú Quốc",Hành lý xách tay 1 x 12 kg,Hành lý 23 kg,2025-04-14
Vietravel Airlines,PQC0337,1.139.145 VND/khách,17:25,25 thg 4,25 thg 4,18:25,1h 0m,"Phú Quốc (PQC)
Sân bay Phú Quốc",Hành lý xách tay 7 kg,Hành lý 0 kg,2025-04-14
VietJet Air,PQC0031,1.285.000 VND/khách,05:55,25 thg 4,25 thg 4,06:55,1h 0m,"Phú Quốc (PQC)
Sân bay Phú Quốc",Hành lý xách tay 7 kg,Hành lý 0 kg,2025-04-14
VietJet Air,PQC0123,1.285.000 VND/khách,15:40,25 thg 4,25 thg 4,16:40,1h 0m,"Phú Quốc (PQC)
Sân bay Phú Quốc",Hành lý xách tay 7 kg,Hành lý 0 kg,2025-04-14
VietJet Air,PQC0146,1.285.000 VND/khách,17:10,25 thg 4,25 thg 4,18:15,1h 5m,"Phú Quốc (PQC)
Sân bay Phú Quốc",Hành lý xách tay 7 kg,Hành lý 0 kg,2025-04-14
Bamboo Airways,PQC0011,1.332.977 VND/khách,16:30,25 thg 4,25 thg 4,17:30,1h 0m,"Phú Quốc (PQC)
Sân bay Phú Quốc",Hành lý xách tay 7 kg,Hành lý 0 kg,2025-04-14
Vietnam Airlines,PQC0175,1.384.614 VND/khách,05:25,25 thg 4,25 thg 4,06:20,55m,"Phú Quốc (PQC)
Sân bay Phú Quốc",Hành lý xách tay 1 x 12 kg,Hành lý 23 kg,2025-04-14
VietJet Air,PQC0102,1.577.000 VND/khách,14:05,25 thg 4,25 thg 4,15:05,1h 0m,"Phú Quốc (PQC)
Sân bay Phú Quốc",Hành lý xách tay 7 kg,Hành lý 0 kg,2025-04-14
Vietnam Airlines,PQC0196,1.598.400 VND/khách,05:40,25 thg 4,25 thg 4,06:40,1h 0m,"Phú Quốc (PQC)
Sân bay Phú Quốc",Hành lý xách tay 1 x 12 kg,Hành lý 23 kg,2025-04-14
Vietnam Airlines,PQC0296,1.702.296 VND/khách,17:25,25 thg 4,25 thg 4,18:25,1h 0m,"Phú Quốc (PQC)
Sân bay Phú Quốc",Hành lý xách tay 1 x 12 kg,Hành lý 23 kg,2025-04-14
Vietnam Airlines,PQC0311,1.787.211 VND/khách,20:20,25 thg 4,25 thg 4,21:20,1h 0m,"Phú Quốc (PQC)
Sân bay Phú Quốc",Hành lý xách tay 1 x 12 kg,Hành lý 23 kg,2025-04-14
VietJet Air,PQC0080,1.810.000 VND/khách,11:35,25 thg 4,25 thg 4,12:35,1h 0m,"Phú Quốc (PQC)
Sân bay Phú Quốc",Hành lý xách tay 7 kg,Hành lý 0 kg,2025-04-14
Vietnam Airlines,PQC0283,1.983.015 VND/khách,15:05,25 thg 4,25 thg 4,16:10,1h 5m,"Phú Quốc (PQC)
Sân bay Phú Quốc",Hành lý xách tay 1 x 12 kg,Hành lý 23 kg,2025-04-14
Vietnam Airlines,PQC0218,2.000.997 VND/khách,08:10,25 thg 4,25 thg 4,08:55,45m,"Phú Quốc (PQC)
Sân bay Phú Quốc",Hành lý xách tay 1 x 12 kg,Hành lý 23 kg,2025-04-14
Vietnam Airlines,PQC0240,2.000.997 VND/khách,10:25,25 thg 4,25 thg 4,11:25,1h 0m,"Phú Quốc (PQC)
Sân bay Phú Quốc",Hành lý xách tay 1 x 12 kg,Hành lý 23 kg,2025-04-14
Vietnam Airlines,PQC0197,1.376.622 VND/khách,05:40,26 thg 4,26 thg 4,06:40,1h 0m,"Phú Quốc (PQC)
Sân bay Phú Quốc",Hành lý xách tay 1 x 12 kg,Hành lý 23 kg,2025-04-14
VietJet Air,PQC0147,1.028.000 VND/khách,17:10,26 thg 4,26 thg 4,18:15,1h 5m,"Phú Quốc (PQC)
Sân bay Phú Quốc",Hành lý xách tay 7 kg,Hành lý 0 kg,2025-04-14
Vietravel Airlines,PQC0338,1.065.330 VND/khách,17:25,26 thg 4,26 thg 4,18:25,1h 0m,"Phú Quốc (PQC)
Sân bay Phú Quốc",Hành lý xách tay 7 kg,Hành lý 0 kg,2025-04-14
VietJet Air,PQC0124,1.139.000 VND/khách,15:40,26 thg 4,26 thg 4,16:40,1h 0m,"Phú Quốc (PQC)
Sân bay Phú Quốc",Hành lý xách tay 7 kg,Hành lý 0 kg,2025-04-14
VietJet Air,PQC0032,1.285.000 VND/khách,05:55,26 thg 4,26 thg 4,06:55,1h 0m,"Phú Quốc (PQC)
Sân bay Phú Quốc",Hành lý xách tay 7 kg,Hành lý 0 kg,2025-04-14
VietJet Air,PQC0103,1.285.000 VND/khách,14:05,26 thg 4,26 thg 4,15:05,1h 0m,"Phú Quốc (PQC)
Sân bay Phú Quốc",Hành lý xách tay 7 kg,Hành lý 0 kg,2025-04-14
Vietnam Airlines,PQC0176,1.411.137 VND/khách,05:25,26 thg 4,26 thg 4,06:20,55m,"Phú Quốc (PQC)
Sân bay Phú Quốc",Hành lý xách tay 1 x 12 kg,Hành lý 23 kg,2025-04-14
VietJet Air,PQC0081,1.577.000 VND/khách,11:35,26 thg 4,26 thg 4,12:35,1h 0m,"Phú Quốc (PQC)
Sân bay Phú Quốc",Hành lý xách tay 7 kg,Hành lý 0 kg,2025-04-14
VietJet Air,PQC0057,1.694.000 VND/khách,09:20,26 thg 4,26 thg 4,10:20,1h 0m,"Phú Quốc (PQC)
Sân bay Phú Quốc",Hành lý xách tay 7 kg,Hành lý 0 kg,2025-04-14
Vietnam Airlines,PQC0312,1.787.211 VND/khách,20:20,26 thg 4,26 thg 4,21:20,1h 0m,"Phú Quốc (PQC)
Sân bay Phú Quốc",Hành lý xách tay 1 x 12 kg,Hành lý 23 kg,2025-04-14
Vietnam Airlines,PQC0284,1.868.130 VND/khách,15:05,26 thg 4,26 thg 4,16:10,1h 5m,"Phú Quốc (PQC)
Sân bay Phú Quốc",Hành lý xách tay 1 x 12 kg,Hành lý 23 kg,2025-04-14
Vietnam Airlines,PQC0219,1.872.126 VND/khách,08:10,26 thg 4,26 thg 4,08:55,45m,"Phú Quốc (PQC)
Sân bay Phú Quốc",Hành lý xách tay 1 x 12 kg,Hành lý 23 kg,2025-04-14
Vietnam Airlines,PQC0241,1.968.030 VND/khách,10:25,26 thg 4,26 thg 4,11:25,1h 0m,"Phú Quốc (PQC)
Sân bay Phú Quốc",Hành lý xách tay 1 x 12 kg,Hành lý 23 kg,2025-04-14
Vietnam Airlines,PQC0198,1.158.840 VND/khách,05:40,27 thg 4,27 thg 4,06:40,1h 0m,"Phú Quốc (PQC)
Sân bay Phú Quốc",Hành lý xách tay 1 x 12 kg,Hành lý 23 kg,2025-04-14
Vietravel Airlines,PQC0339,972.563 VND/khách,17:25,27 thg 4,27 thg 4,18:25,1h 0m,"Phú Quốc (PQC)
Sân bay Phú Quốc",Hành lý xách tay 7 kg,Hành lý 0 kg,2025-04-14
Bamboo Airways,PQC0012,1.013.756 VND/khách,16:30,27 thg 4,27 thg 4,17:30,1h 0m,"Phú Quốc (PQC)
Sân bay Phú Quốc",Hành lý xách tay 7 kg,Hành lý 0 kg,2025-04-14
VietJet Air,PQC0033,1.028.000 VND/khách,05:55,27 thg 4,27 thg 4,06:55,1h 0m,"Phú Quốc (PQC)
Sân bay Phú Quốc",Hành lý xách tay 7 kg,Hành lý 0 kg,2025-04-14
VietJet Air,PQC0125,1.028.000 VND/khách,15:40,27 thg 4,27 thg 4,16:40,1h 0m,"Phú Quốc (PQC)
Sân bay Phú Quốc",Hành lý xách tay 7 kg,Hành lý 0 kg,2025-04-14
VietJet Air,PQC0148,1.028.000 VND/khách,17:10,27 thg 4,27 thg 4,18:15,1h 5m,"Phú Quốc (PQC)
Sân bay Phú Quốc",Hành lý xách tay 7 kg,Hành lý 0 kg,2025-04-14
VietJet Air,PQC0104,1.139.000 VND/khách,14:05,27 thg 4,27 thg 4,15:05,1h 0m,"Phú Quốc (PQC)
Sân bay Phú Quốc",Hành lý xách tay 7 kg,Hành lý 0 kg,2025-04-14
Vietnam Airlines,PQC0177,1.158.840 VND/khách,05:25,27 thg 4,27 thg 4,06:20,55m,"Phú Quốc (PQC)
Sân bay Phú Quốc",Hành lý xách tay 1 x 12 kg,Hành lý 23 kg,2025-04-14
Vietnam Airlines,PQC0198,1.158.840 VND/khách,05:40,27 thg 4,27 thg 4,06:40,1h 0m,"Phú Quốc (PQC)
Sân bay Phú Quốc",Hành lý xách tay 1 x 12 kg,Hành lý 23 kg,2025-04-14
VietJet Air,PQC0082,1.285.000 VND/khách,11:35,27 thg 4,27 thg 4,12:35,1h 0m,"Phú Quốc (PQC)
Sân bay Phú Quốc",Hành lý xách tay 7 kg,Hành lý 0 kg,2025-04-14
Vietnam Airlines,PQC0313,1.506.492 VND/khách,20:20,27 thg 4,27 thg 4,21:20,1h 0m,"Phú Quốc (PQC)
Sân bay Phú Quốc",Hành lý xách tay 1 x 12 kg,Hành lý 23 kg,2025-04-14
VietJet Air,PQC0058,1.690.063 VND/khách,09:20,27 thg 4,27 thg 4,10:20,1h 0m,"Phú Quốc (PQC)
Sân bay Phú Quốc",Hành lý xách tay 7 kg,Hành lý 0 kg,2025-04-14
Vietnam Airlines,PQC0285,1.702.296 VND/khách,15:05,27 thg 4,27 thg 4,16:10,1h 5m,"Phú Quốc (PQC)
Sân bay Phú Quốc",Hành lý xách tay 1 x 12 kg,Hành lý 23 kg,2025-04-14
Vietnam Airlines,PQC0242,1.772.226 VND/khách,10:25,27 thg 4,27 thg 4,11:25,1h 0m,"Phú Quốc (PQC)
Sân bay Phú Quốc",Hành lý xách tay 1 x 12 kg,Hành lý 23 kg,2025-04-14
Vietnam Airlines,PQC0220,1.924.074 VND/khách,08:10,27 thg 4,27 thg 4,08:55,45m,"Phú Quốc (PQC)
Sân bay Phú Quốc",Hành lý xách tay 1 x 12 kg,Hành lý 23 kg,2025-04-14
Vietnam Airlines,PQC0199,1.243.755 VND/khách,05:40,28 thg 4,28 thg 4,06:40,1h 0m,"Phú Quốc (PQC)
Sân bay Phú Quốc",Hành lý xách tay 1 x 12 kg,Hành lý 23 kg,2025-04-14
Vietnam Airlines,PQC0178,945.054 VND/khách,05:25,28 thg 4,28 thg 4,06:20,55m,"Phú Quốc (PQC)
Sân bay Phú Quốc",Hành lý xách tay 1 x 12 kg,Hành lý 0 kg,2025-04-14
Bamboo Airways,PQC0013,1.013.756 VND/khách,16:30,28 thg 4,28 thg 4,17:30,1h 0m,"Phú Quốc (PQC)
Sân bay Phú Quốc",Hành lý xách tay 7 kg,Hành lý 0 kg,2025-04-14
VietJet Air,PQC0034,1.028.000 VND/khách,05:55,28 thg 4,28 thg 4,06:55,1h 0m,"Phú Quốc (PQC)
Sân bay Phú Quốc",Hành lý xách tay 7 kg,Hành lý 0 kg,2025-04-14
VietJet Air,PQC0149,1.028.000 VND/khách,17:10,28 thg 4,28 thg 4,18:15,1h 5m,"Phú Quốc (PQC)
Sân bay Phú Quốc",Hành lý xách tay 7 kg,Hành lý 0 kg,2025-04-14
Vietravel Airlines,PQC0340,1.061.340 VND/khách,17:25,28 thg 4,28 thg 4,18:25,1h 0m,"Phú Quốc (PQC)
Sân bay Phú Quốc",Hành lý xách tay 7 kg,Hành lý 0 kg,2025-04-14
VietJet Air,PQC0126,1.139.000 VND/khách,15:40,28 thg 4,28 thg 4,16:40,1h 0m,"Phú Quốc (PQC)
Sân bay Phú Quốc",Hành lý xách tay 7 kg,Hành lý 0 kg,2025-04-14
VietJet Air,PQC0059,1.285.000 VND/khách,09:20,28 thg 4,28 thg 4,10:20,1h 0m,"Phú Quốc (PQC)
Sân bay Phú Quốc",Hành lý xách tay 7 kg,Hành lý 0 kg,2025-04-14
VietJet Air,PQC0083,1.285.000 VND/khách,11:35,28 thg 4,28 thg 4,12:35,1h 0m,"Phú Quốc (PQC)
Sân bay Phú Quốc",Hành lý xách tay 7 kg,Hành lý 0 kg,2025-04-14
VietJet Air,PQC0105,1.285.000 VND/khách,14:05,28 thg 4,28 thg 4,15:05,1h 0m,"Phú Quốc (PQC)
Sân bay Phú Quốc",Hành lý xách tay 7 kg,Hành lý 0 kg,2025-04-14
Vietnam Airlines,PQC0314,1.702.296 VND/khách,20:20,28 thg 4,28 thg 4,21:20,1h 0m,"Phú Quốc (PQC)
Sân bay Phú Quốc",Hành lý xách tay 1 x 12 kg,Hành lý 23 kg,2025-04-14
Vietnam Airlines,PQC0221,1.787.211 VND/khách,08:10,28 thg 4,28 thg 4,08:55,45m,"Phú Quốc (PQC)
Sân bay Phú Quốc",Hành lý xách tay 1 x 12 kg,Hành lý 23 kg,2025-04-14
Vietnam Airlines,PQC0243,1.942.056 VND/khách,10:25,28 thg 4,28 thg 4,11:25,1h 0m,"Phú Quốc (PQC)
Sân bay Phú Quốc",Hành lý xách tay 1 x 12 kg,Hành lý 23 kg,2025-04-14
Vietnam Airlines,PQC0286,1.942.056 VND/khách,15:05,28 thg 4,28 thg 4,16:10,1h 5m,"Phú Quốc (PQC)
Sân bay Phú Quốc",Hành lý xách tay 1 x 12 kg,Hành lý 23 kg,2025-04-14
Vietnam Airlines,PQC0200,2.008.989 VND/khách,05:40,29 thg 4,29 thg 4,06:40,1h 0m,"Phú Quốc (PQC)
Sân bay Phú Quốc",Hành lý xách tay 1 x 12 kg,Hành lý 23 kg,2025-04-14
VietJet Air,PQC0035,1.781.000 VND/khách,05:55,29 thg 4,29 thg 4,06:55,1h 0m,"Phú Quốc (PQC)
Sân bay Phú Quốc",Hành lý xách tay 7 kg,Hành lý 0 kg,2025-04-14
VietJet Air,PQC0106,1.781.000 VND/khách,14:05,29 thg 4,29 thg 4,15:05,1h 0m,"Phú Quốc (PQC)
Sân bay Phú Quốc",Hành lý xách tay 7 kg,Hành lý 0 kg,2025-04-14
VietJet Air,PQC0127,1.781.000 VND/khách,15:40,29 thg 4,29 thg 4,16:40,1h 0m,"Phú Quốc (PQC)
Sân bay Phú Quốc",Hành lý xách tay 7 kg,Hành lý 0 kg,2025-04-14
VietJet Air,PQC0040,1.781.000 VND/khách,08:25,29 thg 4,29 thg 4,09:30,1h 5m,"Phú Quốc (PQC)
Sân bay Phú Quốc",Hành lý xách tay 7 kg,Hành lý 0 kg,2025-04-14
VietJet Air,PQC0060,1.810.000 VND/khách,09:20,29 thg 4,29 thg 4,10:20,1h 0m,"Phú Quốc (PQC)
Sân bay Phú Quốc",Hành lý xách tay 7 kg,Hành lý 0 kg,2025-04-14
VietJet Air,PQC0084,1.810.000 VND/khách,11:35,29 thg 4,29 thg 4,12:35,1h 0m,"Phú Quốc (PQC)
Sân bay Phú Quốc",Hành lý xách tay 7 kg,Hành lý 0 kg,2025-04-14
Vietravel Airlines,PQC0341,1.813.455 VND/khách,17:25,29 thg 4,29 thg 4,18:25,1h 0m,"Phú Quốc (PQC)
Sân bay Phú Quốc",Hành lý xách tay 7 kg,Hành lý 0 kg,2025-04-14
VietJet Air,PQC0153,1.833.000 VND/khách,17:25,29 thg 4,29 thg 4,18:30,1h 5m,"Phú Quốc (PQC)
Sân bay Phú Quốc",Hành lý xách tay 7 kg,Hành lý 0 kg,2025-04-14
Vietnam Airlines,PQC0179,1.887.111 VND/khách,05:25,29 thg 4,29 thg 4,06:20,55m,"Phú Quốc (PQC)
Sân bay Phú Quốc",Hành lý xách tay 1 x 12 kg,Hành lý 23 kg,2025-04-14
Vietnam Airlines,PQC0304,1.989.009 VND/khách,20:20,01 thg 5,01 thg 5,21:20,1h 0m,"Phú Quốc (PQC)
Sân bay Phú Quốc",Hành lý xách tay 1 x 12 kg,Hành lý 23 kg,2025-04-15
Bamboo Airways,PQC0001,1.826.550 VND/khách,16:30,01 thg 5,01 thg 5,17:30,1h 0m,"Phú Quốc (PQC)
Sân bay Phú Quốc",Hành lý xách tay 7 kg,Hành lý 20 kg,2025-04-15
Vietravel Airlines,PQC0322,1.886.273 VND/khách,17:25,01 thg 5,01 thg 5,18:25,1h 0m,"Phú Quốc (PQC)
Sân bay Phú Quốc",Hành lý xách tay 7 kg,Hành lý 0 kg,2025-04-15
VietJet Air,PQC0131,1.903.000 VND/khách,17:10,01 thg 5,01 thg 5,18:15,1h 5m,"Phú Quốc (PQC)
Sân bay Phú Quốc",Hành lý xách tay 7 kg,Hành lý 0 kg,2025-04-15
VietJet Air,PQC0154,1.903.000 VND/khách,17:40,01 thg 5,01 thg 5,18:45,1h 5m,"Phú Quốc (PQC)
Sân bay Phú Quốc",Hành lý xách tay 7 kg,Hành lý 0 kg,2025-04-15
Vietnam Airlines,PQC0166,2.002.995 VND/khách,05:25,01 thg 5,01 thg 5,06:20,55m,"Phú Quốc (PQC)
Sân bay Phú Quốc",Hành lý xách tay 1 x 12 kg,Hành lý 23 kg,2025-04-15
Vietnam Airlines,PQC0161,2.045.827 VND/khách,05:10,01 thg 5,01 thg 5,06:10,1h 0m,"Phú Quốc (PQC)
Sân bay Phú Quốc",Hành lý xách tay 1 x 12 kg,Hành lý 23 kg,2025-04-15
Vietnam Airlines,PQC0305,1.989.009 VND/khách,20:20,02 thg 5,02 thg 5,21:20,1h 0m,"Phú Quốc (PQC)
Sân bay Phú Quốc",Hành lý xách tay 1 x 12 kg,Hành lý 23 kg,2025-04-15
Bamboo Airways,PQC0002,1.616.425 VND/khách,16:30,02 thg 5,02 thg 5,17:30,1h 0m,"Phú Quốc (PQC)
Sân bay Phú Quốc",Hành lý xách tay 7 kg,Hành lý 0 kg,2025-04-15
VietJet Air,PQC0017,1.698.000 VND/khách,05:55,02 thg 5,02 thg 5,06:55,1h 0m,"Phú Quốc (PQC)
Sân bay Phú Quốc",Hành lý xách tay 7 kg,Hành lý 0 kg,2025-04-15
VietJet Air,PQC0132,1.698.000 VND/khách,17:10,02 thg 5,02 thg 5,18:15,1h 5m,"Phú Quốc (PQC)
Sân bay Phú Quốc",Hành lý xách tay 7 kg,Hành lý 0 kg,2025-04-15
Vietravel Airlines,PQC0323,1.737.645 VND/khách,17:25,02 thg 5,02 thg 5,18:25,1h 0m,"Phú Quốc (PQC)
Sân bay Phú Quốc",Hành lý xách tay 7 kg,Hành lý 0 kg,2025-04-15
VietJet Air,PQC0088,1.786.000 VND/khách,14:05,02 thg 5,02 thg 5,15:05,1h 0m,"Phú Quốc (PQC)
Sân bay Phú Quốc",Hành lý xách tay 7 kg,Hành lý 0 kg,2025-04-15
VietJet Air,PQC0109,1.786.000 VND/khách,15:40,02 thg 5,02 thg 5,16:40,1h 0m,"Phú Quốc (PQC)
Sân bay Phú Quốc",Hành lý xách tay 7 kg,Hành lý 0 kg,2025-04-15
Vietnam Airlines,PQC0167,1.792.206 VND/khách,05:25,02 thg 5,02 thg 5,06:20,55m,"Phú Quốc (PQC)
Sân bay Phú Quốc",Hành lý xách tay 1 x 12 kg,Hành lý 23 kg,2025-04-15
VietJet Air,PQC0042,1.845.000 VND/khách,09:20,02 thg 5,02 thg 5,10:20,1h 0m,"Phú Quốc (PQC)
Sân bay Phú Quốc",Hành lý xách tay 7 kg,Hành lý 0 kg,2025-04-15
Vietnam Airlines,PQC0305,1.989.009 VND/khách,20:20,02 thg 5,02 thg 5,21:20,1h 0m,"Phú Quốc (PQC)
Sân bay Phú Quốc",Hành lý xách tay 1 x 12 kg,Hành lý 23 kg,2025-04-15
Vietnam Airlines,PQC0248,1.996.002 VND/khách,13:00,02 thg 5,02 thg 5,14:00,1h 0m,"Phú Quốc (PQC)
Sân bay Phú Quốc",Hành lý xách tay 1 x 12 kg,Hành lý 23 kg,2025-04-15
Vietnam Airlines,PQC0269,1.996.002 VND/khách,15:05,02 thg 5,02 thg 5,16:10,1h 5m,"Phú Quốc (PQC)
Sân bay Phú Quốc",Hành lý xách tay 1 x 12 kg,Hành lý 23 kg,2025-04-15
Vietnam Airlines,PQC0182,2.010.987 VND/khách,05:40,02 thg 5,02 thg 5,06:40,1h 0m,"Phú Quốc (PQC)
Sân bay Phú Quốc",Hành lý xách tay 1 x 12 kg,Hành lý 23 kg,2025-04-15
Vietnam Airlines,PQC0226,2.010.987 VND/khách,10:25,02 thg 5,02 thg 5,11:25,1h 0m,"Phú Quốc (PQC)
Sân bay Phú Quốc",Hành lý xách tay 1 x 12 kg,Hành lý 23 kg,2025-04-15
Vietnam Airlines,PQC0183,1.482.516 VND/khách,05:40,03 thg 5,03 thg 5,06:40,1h 0m,"Phú Quốc (PQC)
Sân bay Phú Quốc",Hành lý xách tay 1 x 12 kg,Hành lý 23 kg,2025-04-15
Bamboo Airways,PQC0003,1.013.756 VND/khách,16:30,03 thg 5,03 thg 5,17:30,1h 0m,"Phú Quốc (PQC)
Sân bay Phú Quốc",Hành lý xách tay 7 kg,Hành lý 0 kg,2025-04-15
Vietnam Airlines,PQC0168,1.377.621 VND/khách,05:25,03 thg 5,03 thg 5,06:20,55m,"Phú Quốc (PQC)
Sân bay Phú Quốc",Hành lý xách tay 1 x 12 kg,Hành lý 23 kg,2025-04-15
Vietravel Airlines,PQC0324,1.397.498 VND/khách,17:25,03 thg 5,03 thg 5,18:25,1h 0m,"Phú Quốc (PQC)
Sân bay Phú Quốc",Hành lý xách tay 7 kg,Hành lý 0 kg,2025-04-15
Vietnam Airlines,PQC0306,1.596.402 VND/khách,20:20,03 thg 5,03 thg 5,21:20,1h 0m,"Phú Quốc (PQC)
Sân bay Phú Quốc",Hành lý xách tay 1 x 12 kg,Hành lý 23 kg,2025-04-15
VietJet Air,PQC0089,1.698.000 VND/khách,14:05,03 thg 5,03 thg 5,15:05,1h 0m,"Phú Quốc (PQC)
Sân bay Phú Quốc",Hành lý xách tay 7 kg,Hành lý 0 kg,2025-04-15
Vietnam Airlines,PQC0204,1.748.250 VND/khách,08:10,03 thg 5,03 thg 5,08:55,45m,"Phú Quốc (PQC)
Sân bay Phú Quốc",Hành lý xách tay 1 x 12 kg,Hành lý 23 kg,2025-04-15
Vietnam Airlines,PQC0270,1.748.250 VND/khách,15:05,03 thg 5,03 thg 5,16:10,1h 5m,"Phú Quốc (PQC)
Sân bay Phú Quốc",Hành lý xách tay 1 x 12 kg,Hành lý 23 kg,2025-04-15
VietJet Air,PQC0018,1.786.000 VND/khách,05:55,03 thg 5,03 thg 5,06:55,1h 0m,"Phú Quốc (PQC)
Sân bay Phú Quốc",Hành lý xách tay 7 kg,Hành lý 0 kg,2025-04-15
VietJet Air,PQC0133,1.786.000 VND/khách,17:10,03 thg 5,03 thg 5,18:15,1h 5m,"Phú Quốc (PQC)
Sân bay Phú Quốc",Hành lý xách tay 7 kg,Hành lý 0 kg,2025-04-15
VietJet Air,PQC0043,1.815.000 VND/khách,09:20,03 thg 5,03 thg 5,10:20,1h 0m,"Phú Quốc (PQC)
Sân bay Phú Quốc",Hành lý xách tay 7 kg,Hành lý 0 kg,2025-04-15
VietJet Air,PQC0067,1.815.000 VND/khách,11:35,03 thg 5,03 thg 5,12:35,1h 0m,"Phú Quốc (PQC)
Sân bay Phú Quốc",Hành lý xách tay 7 kg,Hành lý 0 kg,2025-04-15
VietJet Air,PQC0110,1.815.000 VND/khách,15:40,03 thg 5,03 thg 5,16:40,1h 0m,"Phú Quốc (PQC)
Sân bay Phú Quốc",Hành lý xách tay 7 kg,Hành lý 0 kg,2025-04-15
Vietnam Airlines,PQC0252,1.877.121 VND/khách,13:05,03 thg 5,03 thg 5,14:00,55m,"Phú Quốc (PQC)
Sân bay Phú Quốc",Hành lý xách tay 1 x 12 kg,Hành lý 23 kg,2025-04-15
VietJet Air,PQC0037,1.928.000 VND/khách,08:25,03 thg 5,03 thg 5,09:30,1h 5m,"Phú Quốc (PQC)
Sân bay Phú Quốc",Hành lý xách tay 7 kg,Hành lý 0 kg,2025-04-15
Vietnam Airlines,PQC0227,1.934.064 VND/khách,10:25,03 thg 5,03 thg 5,11:25,1h 0m,"Phú Quốc (PQC)
Sân bay Phú Quốc",Hành lý xách tay 1 x 12 kg,Hành lý 23 kg,2025-04-15
Vietnam Airlines,PQC0307,1.227.771 VND/khách,20:20,04 thg 5,04 thg 5,21:20,1h 0m,"Phú Quốc (PQC)
Sân bay Phú Quốc",Hành lý xách tay 1 x 12 kg,Hành lý 23 kg,2025-04-15
VietJet Air,PQC0134,802.000 VND/khách,17:10,04 thg 5,04 thg 5,18:15,1h 5m,"Phú Quốc (PQC)
Sân bay Phú Quốc",Hành lý xách tay 7 kg,Hành lý 0 kg,2025-04-15
Vietravel Airlines,PQC0325,823.935 VND/khách,17:25,04 thg 5,04 thg 5,18:25,1h 0m,"Phú Quốc (PQC)
Sân bay Phú Quốc",Hành lý xách tay 7 kg,Hành lý 0 kg,2025-04-15
Bamboo Airways,PQC0004,874.325 VND/khách,16:30,04 thg 5,04 thg 5,17:30,1h 0m,"Phú Quốc (PQC)
Sân bay Phú Quốc",Hành lý xách tay 7 kg,Hành lý 0 kg,2025-04-15
VietJet Air,PQC0111,1.030.000 VND/khách,15:40,04 thg 5,04 thg 5,16:40,1h 0m,"Phú Quốc (PQC)
Sân bay Phú Quốc",Hành lý xách tay 7 kg,Hành lý 0 kg,2025-04-15
Vietnam Airlines,PQC0169,1.090.908 VND/khách,05:25,04 thg 5,04 thg 5,06:20,55m,"Phú Quốc (PQC)
Sân bay Phú Quốc",Hành lý xách tay 1 x 12 kg,Hành lý 23 kg,2025-04-15
VietJet Air,PQC0019,1.141.000 VND/khách,05:55,04 thg 5,04 thg 5,06:55,1h 0m,"Phú Quốc (PQC)
Sân bay Phú Quốc",Hành lý xách tay 7 kg,Hành lý 0 kg,2025-04-15
VietJet Air,PQC0068,1.141.000 VND/khách,11:35,04 thg 5,04 thg 5,12:35,1h 0m,"Phú Quốc (PQC)
Sân bay Phú Quốc",Hành lý xách tay 7 kg,Hành lý 0 kg,2025-04-15
VietJet Air,PQC0090,1.141.000 VND/khách,14:05,04 thg 5,04 thg 5,15:05,1h 0m,"Phú Quốc (PQC)
Sân bay Phú Quốc",Hành lý xách tay 7 kg,Hành lý 0 kg,2025-04-15
Vietnam Airlines,PQC0307,1.227.771 VND/khách,20:20,04 thg 5,04 thg 5,21:20,1h 0m,"Phú Quốc (PQC)
Sân bay Phú Quốc",Hành lý xách tay 1 x 12 kg,Hành lý 23 kg,2025-04-15
Vietnam Airlines,PQC0184,1.268.730 VND/khách,05:40,04 thg 5,04 thg 5,06:40,1h 0m,"Phú Quốc (PQC)
Sân bay Phú Quốc",Hành lý xách tay 1 x 12 kg,Hành lý 23 kg,2025-04-15
VietJet Air,PQC0044,1.287.000 VND/khách,09:20,04 thg 5,04 thg 5,10:20,1h 0m,"Phú Quốc (PQC)
Sân bay Phú Quốc",Hành lý xách tay 7 kg,Hành lý 0 kg,2025-04-15
Vietnam Airlines,PQC0271,1.367.631 VND/khách,15:05,04 thg 5,04 thg 5,16:10,1h 5m,"Phú Quốc (PQC)
Sân bay Phú Quốc",Hành lý xách tay 1 x 12 kg,Hành lý 23 kg,2025-04-15
Vietnam Airlines,PQC0205,1.467.531 VND/khách,08:10,04 thg 5,04 thg 5,08:55,45m,"Phú Quốc (PQC)
Sân bay Phú Quốc",Hành lý xách tay 1 x 12 kg,Hành lý 23 kg,2025-04-15
Vietnam Airlines,PQC0253,1.578.420 VND/khách,13:05,04 thg 5,04 thg 5,14:00,55m,"Phú Quốc (PQC)
Sân bay Phú Quốc",Hành lý xách tay 1 x 12 kg,Hành lý 23 kg,2025-04-15
Vietnam Airlines,PQC0228,1.578.420 VND/khách,10:25,04 thg 5,04 thg 5,11:25,1h 0m,"Phú Quốc (PQC)
Sân bay Phú Quốc",Hành lý xách tay 1 x 12 kg,Hành lý 23 kg,2025-04-15
Vietnam Airlines,PQC0185,1.358.570 VND/khách,05:40,05 thg 5,05 thg 5,06:40,1h 0m,"Phú Quốc (PQC)
Sân bay Phú Quốc",Hành lý xách tay 1 x 12 kg,Hành lý 23 kg,2025-04-15
Vietravel Airlines,PQC0326,760.095 VND/khách,17:25,05 thg 5,05 thg 5,18:25,1h 0m,"Phú Quốc (PQC)
Sân bay Phú Quốc",Hành lý xách tay 7 kg,Hành lý 0 kg,2025-04-15
VietJet Air,PQC0112,802.000 VND/khách,15:40,05 thg 5,05 thg 5,16:40,1h 0m,"Phú Quốc (PQC)
Sân bay Phú Quốc",Hành lý xách tay 7 kg,Hành lý 0 kg,2025-04-15
VietJet Air,PQC0135,802.000 VND/khách,17:10,05 thg 5,05 thg 5,18:15,1h 5m,"Phú Quốc (PQC)
Sân bay Phú Quốc",Hành lý xách tay 7 kg,Hành lý 0 kg,2025-04-15
Bamboo Airways,PQC0005,874.325 VND/khách,16:30,05 thg 5,05 thg 5,17:30,1h 0m,"Phú Quốc (PQC)
Sân bay Phú Quốc",Hành lý xách tay 7 kg,Hành lý 0 kg,2025-04-15
VietJet Air,PQC0020,1.051.000 VND/khách,05:55,05 thg 5,05 thg 5,06:55,1h 0m,"Phú Quốc (PQC)
Sân bay Phú Quốc",Hành lý xách tay 7 kg,Hành lý 0 kg,2025-04-15
VietJet Air,PQC0069,1.141.000 VND/khách,11:35,05 thg 5,05 thg 5,12:35,1h 0m,"Phú Quốc (PQC)
Sân bay Phú Quốc",Hành lý xách tay 7 kg,Hành lý 0 kg,2025-04-15
VietJet Air,PQC0091,1.141.000 VND/khách,14:05,05 thg 5,05 thg 5,15:05,1h 0m,"Phú Quốc (PQC)
Sân bay Phú Quốc",Hành lý xách tay 7 kg,Hành lý 0 kg,2025-04-15
Vietnam Airlines,PQC0170,1.246.906 VND/khách,05:25,05 thg 5,05 thg 5,06:20,55m,"Phú Quốc (PQC)
Sân bay Phú Quốc",Hành lý xách tay 1 x 12 kg,Hành lý 23 kg,2025-04-15
VietJet Air,PQC0045,1.287.000 VND/khách,09:20,05 thg 5,05 thg 5,10:20,1h 0m,"Phú Quốc (PQC)
Sân bay Phú Quốc",Hành lý xách tay 7 kg,Hành lý 0 kg,2025-04-15
Vietnam Airlines,PQC0185,1.358.570 VND/khách,05:40,05 thg 5,05 thg 5,06:40,1h 0m,"Phú Quốc (PQC)
Sân bay Phú Quốc",Hành lý xách tay 1 x 12 kg,Hành lý 23 kg,2025-04-15
Vietnam Airlines,PQC0308,1.358.570 VND/khách,20:20,05 thg 5,05 thg 5,21:20,1h 0m,"Phú Quốc (PQC)
Sân bay Phú Quốc",Hành lý xách tay 1 x 12 kg,Hành lý 23 kg,2025-04-15
Vietnam Airlines,PQC0254,1.470.234 VND/khách,13:05,05 thg 5,05 thg 5,14:00,55m,"Phú Quốc (PQC)
Sân bay Phú Quốc",Hành lý xách tay 1 x 12 kg,Hành lý 23 kg,2025-04-15
Vietnam Airlines,PQC0272,1.470.234 VND/khách,15:05,05 thg 5,05 thg 5,16:10,1h 5m,"Phú Quốc (PQC)
Sân bay Phú Quốc",Hành lý xách tay 1 x 12 kg,Hành lý 23 kg,2025-04-15
Vietnam Airlines,PQC0206,1.670.813 VND/khách,08:10,05 thg 5,05 thg 5,08:55,45m,"Phú Quốc (PQC)
Sân bay Phú Quốc",Hành lý xách tay 1 x 12 kg,Hành lý 23 kg,2025-04-15
Vietnam Airlines,PQC0229,1.759.731 VND/khách,10:25,05 thg 5,05 thg 5,11:25,1h 0m,"Phú Quốc (PQC)
Sân bay Phú Quốc",Hành lý xách tay 1 x 12 kg,Hành lý 23 kg,2025-04-15
Vietnam Airlines,PQC0192,1.377.621 VND/khách,05:40,21 thg 4,21 thg 4,06:40,1h 0m,"Phú Quốc (PQC)
Sân bay Phú Quốc",Hành lý xách tay 1 x 12 kg,Hành lý 23 kg,2025-04-15
Vietravel Airlines,PQC0333,759.098 VND/khách,17:25,21 thg 4,21 thg 4,18:25,1h 0m,"Phú Quốc (PQC)
Sân bay Phú Quốc",Hành lý xách tay 7 kg,Hành lý 0 kg,2025-04-15
VietJet Air,PQC0142,802.000 VND/khách,17:10,21 thg 4,21 thg 4,18:15,1h 5m,"Phú Quốc (PQC)
Sân bay Phú Quốc",Hành lý xách tay 7 kg,Hành lý 0 kg,2025-04-15
Bamboo Airways,PQC0009,869.953 VND/khách,16:30,21 thg 4,21 thg 4,17:30,1h 0m,"Phú Quốc (PQC)
Sân bay Phú Quốc",Hành lý xách tay 7 kg,Hành lý 0 kg,2025-04-15
VietJet Air,PQC0119,1.031.000 VND/khách,15:40,21 thg 4,21 thg 4,16:40,1h 0m,"Phú Quốc (PQC)
Sân bay Phú Quốc",Hành lý xách tay 7 kg,Hành lý 0 kg,2025-04-15
VietJet Air,PQC0027,1.142.000 VND/khách,05:55,21 thg 4,21 thg 4,06:55,1h 0m,"Phú Quốc (PQC)
Sân bay Phú Quốc",Hành lý xách tay 7 kg,Hành lý 0 kg,2025-04-15
VietJet Air,PQC0076,1.288.000 VND/khách,11:35,21 thg 4,21 thg 4,12:35,1h 0m,"Phú Quốc (PQC)
Sân bay Phú Quốc",Hành lý xách tay 7 kg,Hành lý 0 kg,2025-04-15
VietJet Air,PQC0098,1.288.000 VND/khách,14:05,21 thg 4,21 thg 4,15:05,1h 0m,"Phú Quốc (PQC)
Sân bay Phú Quốc",Hành lý xách tay 7 kg,Hành lý 0 kg,2025-04-15
Vietnam Airlines,PQC0192,1.377.621 VND/khách,05:40,21 thg 4,21 thg 4,06:40,1h 0m,"Phú Quốc (PQC)
Sân bay Phú Quốc",Hành lý xách tay 1 x 12 kg,Hành lý 23 kg,2025-04-15
VietJet Air,PQC0052,1.581.000 VND/khách,09:20,21 thg 4,21 thg 4,10:20,1h 0m,"Phú Quốc (PQC)
Sân bay Phú Quốc",Hành lý xách tay 7 kg,Hành lý 0 kg,2025-04-15
Vietnam Airlines,PQC0213,1.674.324 VND/khách,08:10,21 thg 4,21 thg 4,08:55,45m,"Phú Quốc (PQC)
Sân bay Phú Quốc",Hành lý xách tay 1 x 12 kg,Hành lý 23 kg,2025-04-15
Vietnam Airlines,PQC0236,1.989.009 VND/khách,10:25,21 thg 4,21 thg 4,11:25,1h 0m,"Phú Quốc (PQC)
Sân bay Phú Quốc",Hành lý xách tay 1 x 12 kg,Hành lý 23 kg,2025-04-15
Vietnam Airlines,PQC0279,1.989.009 VND/khách,15:05,21 thg 4,21 thg 4,16:10,1h 5m,"Phú Quốc (PQC)
Sân bay Phú Quốc",Hành lý xách tay 1 x 12 kg,Hành lý 23 kg,2025-04-15
Vietnam Airlines,PQC0193,1.377.621 VND/khách,05:40,22 thg 4,22 thg 4,06:40,1h 0m,"Phú Quốc (PQC)
Sân bay Phú Quốc",Hành lý xách tay 1 x 12 kg,Hành lý 23 kg,2025-04-15
Vietravel Airlines,PQC0334,759.098 VND/khách,17:25,22 thg 4,22 thg 4,18:25,1h 0m,"Phú Quốc (PQC)
Sân bay Phú Quốc",Hành lý xách tay 7 kg,Hành lý 0 kg,2025-04-15
VietJet Air,PQC0143,802.000 VND/khách,17:10,22 thg 4,22 thg 4,18:15,1h 5m,"Phú Quốc (PQC)
Sân bay Phú Quốc",Hành lý xách tay 7 kg,Hành lý 0 kg,2025-04-15
VietJet Air,PQC0120,1.031.000 VND/khách,15:40,22 thg 4,22 thg 4,16:40,1h 0m,"Phú Quốc (PQC)
Sân bay Phú Quốc",Hành lý xách tay 7 kg,Hành lý 0 kg,2025-04-15
VietJet Air,PQC0028,1.142.000 VND/khách,05:55,22 thg 4,22 thg 4,06:55,1h 0m,"Phú Quốc (PQC)
Sân bay Phú Quốc",Hành lý xách tay 7 kg,Hành lý 0 kg,2025-04-15
VietJet Air,PQC0099,1.142.000 VND/khách,14:05,22 thg 4,22 thg 4,15:05,1h 0m,"Phú Quốc (PQC)
Sân bay Phú Quốc",Hành lý xách tay 7 kg,Hành lý 0 kg,2025-04-15
VietJet Air,PQC0053,1.288.000 VND/khách,09:20,22 thg 4,22 thg 4,10:20,1h 0m,"Phú Quốc (PQC)
Sân bay Phú Quốc",Hành lý xách tay 7 kg,Hành lý 0 kg,2025-04-15
VietJet Air,PQC0077,1.288.000 VND/khách,11:35,22 thg 4,22 thg 4,12:35,1h 0m,"Phú Quốc (PQC)
Sân bay Phú Quốc",Hành lý xách tay 7 kg,Hành lý 0 kg,2025-04-15
Vietnam Airlines,PQC0193,1.377.621 VND/khách,05:40,22 thg 4,22 thg 4,06:40,1h 0m,"Phú Quốc (PQC)
Sân bay Phú Quốc",Hành lý xách tay 1 x 12 kg,Hành lý 23 kg,2025-04-15
Vietnam Airlines,PQC0214,1.774.224 VND/khách,08:10,22 thg 4,22 thg 4,08:55,45m,"Phú Quốc (PQC)
Sân bay Phú Quốc",Hành lý xách tay 1 x 12 kg,Hành lý 23 kg,2025-04-15
Vietnam Airlines,PQC0280,1.889.109 VND/khách,15:05,22 thg 4,22 thg 4,16:10,1h 5m,"Phú Quốc (PQC)
Sân bay Phú Quốc",Hành lý xách tay 1 x 12 kg,Hành lý 23 kg,2025-04-15
Vietnam Airlines,PQC0261,1.937.061 VND/khách,13:05,22 thg 4,22 thg 4,14:00,55m,"Phú Quốc (PQC)
Sân bay Phú Quốc",Hành lý xách tay 1 x 12 kg,Hành lý 23 kg,2025-04-15
Vietnam Airlines,PQC0237,1.982.016 VND/khách,10:25,22 thg 4,22 thg 4,11:25,1h 0m,"Phú Quốc (PQC)
Sân bay Phú Quốc",Hành lý xách tay 1 x 12 kg,Hành lý 23 kg,2025-04-15
Vietnam Airlines,PQC0194,1.179.170 VND/khách,05:40,23 thg 4,23 thg 4,06:40,1h 0m,"Phú Quốc (PQC)
Sân bay Phú Quốc",Hành lý xách tay 1 x 12 kg,Hành lý 23 kg,2025-04-15
Vietravel Airlines,PQC0335,759.098 VND/khách,17:25,23 thg 4,23 thg 4,18:25,1h 0m,"Phú Quốc (PQC)
Sân bay Phú Quốc",Hành lý xách tay 7 kg,Hành lý 0 kg,2025-04-15
VietJet Air,PQC0157,802.000 VND/khách,17:40,23 thg 4,23 thg 4,18:40,1h 0m,"Phú Quốc (PQC)
Sân bay Phú Quốc",Hành lý xách tay 7 kg,Hành lý 0 kg,2025-04-15
Bamboo Airways,PQC0010,869.953 VND/khách,16:30,23 thg 4,23 thg 4,17:30,1h 0m,"Phú Quốc (PQC)
Sân bay Phú Quốc",Hành lý xách tay 7 kg,Hành lý 0 kg,2025-04-15
Vietnam Airlines,PQC0173,871.128 VND/khách,05:25,23 thg 4,23 thg 4,06:20,55m,"Phú Quốc (PQC)
Sân bay Phú Quốc",Hành lý xách tay 1 x 12 kg,Hành lý 0 kg,2025-04-15
VietJet Air,PQC0129,1.031.000 VND/khách,16:25,23 thg 4,23 thg 4,17:25,1h 0m,"Phú Quốc (PQC)
Sân bay Phú Quốc",Hành lý xách tay 7 kg,Hành lý 0 kg,2025-04-15
VietJet Air,PQC0029,1.142.000 VND/khách,05:55,23 thg 4,23 thg 4,06:55,1h 0m,"Phú Quốc (PQC)
Sân bay Phú Quốc",Hành lý xách tay 7 kg,Hành lý 0 kg,2025-04-15
VietJet Air,PQC0100,1.142.000 VND/khách,14:05,23 thg 4,23 thg 4,15:05,1h 0m,"Phú Quốc (PQC)
Sân bay Phú Quốc",Hành lý xách tay 7 kg,Hành lý 0 kg,2025-04-15
Vietnam Airlines,PQC0194,1.179.170 VND/khách,05:40,23 thg 4,23 thg 4,06:40,1h 0m,"Phú Quốc (PQC)
Sân bay Phú Quốc",Hành lý xách tay 1 x 12 kg,Hành lý 23 kg,2025-04-15
VietJet Air,PQC0054,1.288.000 VND/khách,09:20,23 thg 4,23 thg 4,10:20,1h 0m,"Phú Quốc (PQC)
Sân bay Phú Quốc",Hành lý xách tay 7 kg,Hành lý 0 kg,2025-04-15
VietJet Air,PQC0078,1.288.000 VND/khách,11:35,23 thg 4,23 thg 4,12:35,1h 0m,"Phú Quốc (PQC)
Sân bay Phú Quốc",Hành lý xách tay 7 kg,Hành lý 0 kg,2025-04-15
Vietnam Airlines,PQC0215,1.570.524 VND/khách,08:10,23 thg 4,23 thg 4,08:55,45m,"Phú Quốc (PQC)
Sân bay Phú Quốc",Hành lý xách tay 1 x 12 kg,Hành lý 23 kg,2025-04-15
Vietnam Airlines,PQC0281,1.748.250 VND/khách,15:05,23 thg 4,23 thg 4,16:10,1h 5m,"Phú Quốc (PQC)
Sân bay Phú Quốc",Hành lý xách tay 1 x 12 kg,Hành lý 23 kg,2025-04-15
Vietnam Airlines,PQC0262,1.859.139 VND/khách,13:05,23 thg 4,23 thg 4,14:00,55m,"Phú Quốc (PQC)
Sân bay Phú Quốc",Hành lý xách tay 1 x 12 kg,Hành lý 23 kg,2025-04-15
Vietnam Airlines,PQC0238,1.859.139 VND/khách,10:25,23 thg 4,23 thg 4,11:25,1h 0m,"Phú Quốc (PQC)
Sân bay Phú Quốc",Hành lý xách tay 1 x 12 kg,Hành lý 23 kg,2025-04-15
Vietnam Airlines,PQC0195,1.358.570 VND/khách,05:40,24 thg 4,24 thg 4,06:40,1h 0m,"Phú Quốc (PQC)
Sân bay Phú Quốc",Hành lý xách tay 1 x 12 kg,Hành lý 23 kg,2025-04-15
Vietravel Airlines,PQC0336,1.140.143 VND/khách,17:25,24 thg 4,24 thg 4,18:25,1h 0m,"Phú Quốc (PQC)
Sân bay Phú Quốc",Hành lý xách tay 7 kg,Hành lý 0 kg,2025-04-15
VietJet Air,PQC0030,1.141.000 VND/khách,05:55,24 thg 4,24 thg 4,06:55,1h 0m,"Phú Quốc (PQC)
Sân bay Phú Quốc",Hành lý xách tay 7 kg,Hành lý 0 kg,2025-04-15
Vietnam Airlines,PQC0174,1.246.906 VND/khách,05:25,24 thg 4,24 thg 4,06:20,55m,"Phú Quốc (PQC)
Sân bay Phú Quốc",Hành lý xách tay 1 x 12 kg,Hành lý 23 kg,2025-04-15
VietJet Air,PQC0079,1.287.000 VND/khách,11:35,24 thg 4,24 thg 4,12:35,1h 0m,"Phú Quốc (PQC)
Sân bay Phú Quốc",Hành lý xách tay 7 kg,Hành lý 0 kg,2025-04-15
VietJet Air,PQC0130,1.287.000 VND/khách,16:30,24 thg 4,24 thg 4,17:30,1h 0m,"Phú Quốc (PQC)
Sân bay Phú Quốc",Hành lý xách tay 7 kg,Hành lý 0 kg,2025-04-15
VietJet Air,PQC0158,1.287.000 VND/khách,17:40,24 thg 4,24 thg 4,18:45,1h 5m,"Phú Quốc (PQC)
Sân bay Phú Quốc",Hành lý xách tay 7 kg,Hành lý 0 kg,2025-04-15
VietJet Air,PQC0101,1.404.000 VND/khách,14:05,24 thg 4,24 thg 4,15:05,1h 0m,"Phú Quốc (PQC)
Sân bay Phú Quốc",Hành lý xách tay 7 kg,Hành lý 0 kg,2025-04-15
VietJet Air,PQC0039,1.404.000 VND/khách,08:25,24 thg 4,24 thg 4,09:30,1h 5m,"Phú Quốc (PQC)
Sân bay Phú Quốc",Hành lý xách tay 7 kg,Hành lý 0 kg,2025-04-15
Vietnam Airlines,PQC0282,1.759.731 VND/khách,15:05,24 thg 4,24 thg 4,16:10,1h 5m,"Phú Quốc (PQC)
Sân bay Phú Quốc",Hành lý xách tay 1 x 12 kg,Hành lý 23 kg,2025-04-15
Vietnam Airlines,PQC0217,1.849.682 VND/khách,08:10,24 thg 4,24 thg 4,08:55,45m,"Phú Quốc (PQC)
Sân bay Phú Quốc",Hành lý xách tay 1 x 12 kg,Hành lý 23 kg,2025-04-15
Vietnam Airlines,PQC0263,1.905.513 VND/khách,13:05,24 thg 4,24 thg 4,14:00,55m,"Phú Quốc (PQC)
Sân bay Phú Quốc",Hành lý xách tay 1 x 12 kg,Hành lý 23 kg,2025-04-15
Vietnam Airlines,PQC0239,1.905.513 VND/khách,10:25,24 thg 4,24 thg 4,11:25,1h 0m,"Phú Quốc (PQC)
Sân bay Phú Quốc",Hành lý xách tay 1 x 12 kg,Hành lý 23 kg,2025-04-15
Vietnam Airlines,PQC0196,1.593.405 VND/khách,05:40,25 thg 4,25 thg 4,06:40,1h 0m,"Phú Quốc (PQC)
Sân bay Phú Quốc",Hành lý xách tay 1 x 12 kg,Hành lý 23 kg,2025-04-15
Vietravel Airlines,PQC0337,1.143.135 VND/khách,17:25,25 thg 4,25 thg 4,18:25,1h 0m,"Phú Quốc (PQC)
Sân bay Phú Quốc",Hành lý xách tay 7 kg,Hành lý 0 kg,2025-04-15
Bamboo Airways,PQC0011,1.245.267 VND/khách,16:30,25 thg 4,25 thg 4,17:30,1h 0m,"Phú Quốc (PQC)
Sân bay Phú Quốc",Hành lý xách tay 7 kg,Hành lý 0 kg,2025-04-15
VietJet Air,PQC0031,1.288.000 VND/khách,05:55,25 thg 4,25 thg 4,06:55,1h 0m,"Phú Quốc (PQC)
Sân bay Phú Quốc",Hành lý xách tay 7 kg,Hành lý 0 kg,2025-04-15
VietJet Air,PQC0123,1.288.000 VND/khách,15:40,25 thg 4,25 thg 4,16:40,1h 0m,"Phú Quốc (PQC)
Sân bay Phú Quốc",Hành lý xách tay 7 kg,Hành lý 0 kg,2025-04-15
VietJet Air,PQC0146,1.288.000 VND/khách,17:10,25 thg 4,25 thg 4,18:15,1h 5m,"Phú Quốc (PQC)
Sân bay Phú Quốc",Hành lý xách tay 7 kg,Hành lý 0 kg,2025-04-15
Vietnam Airlines,PQC0175,1.377.621 VND/khách,05:25,25 thg 4,25 thg 4,06:20,55m,"Phú Quốc (PQC)
Sân bay Phú Quốc",Hành lý xách tay 1 x 12 kg,Hành lý 23 kg,2025-04-15
VietJet Air,PQC0102,1.581.000 VND/khách,14:05,25 thg 4,25 thg 4,15:05,1h 0m,"Phú Quốc (PQC)
Sân bay Phú Quốc",Hành lý xách tay 7 kg,Hành lý 0 kg,2025-04-15
Vietnam Airlines,PQC0196,1.593.405 VND/khách,05:40,25 thg 4,25 thg 4,06:40,1h 0m,"Phú Quốc (PQC)
Sân bay Phú Quốc",Hành lý xách tay 1 x 12 kg,Hành lý 23 kg,2025-04-15
Vietnam Airlines,PQC0296,1.697.301 VND/khách,17:25,25 thg 4,25 thg 4,18:25,1h 0m,"Phú Quốc (PQC)
Sân bay Phú Quốc",Hành lý xách tay 1 x 12 kg,Hành lý 23 kg,2025-04-15
Vietnam Airlines,PQC0311,1.782.216 VND/khách,20:20,25 thg 4,25 thg 4,21:20,1h 0m,"Phú Quốc (PQC)
Sân bay Phú Quốc",Hành lý xách tay 1 x 12 kg,Hành lý 23 kg,2025-04-15
VietJet Air,PQC0080,1.815.000 VND/khách,11:35,25 thg 4,25 thg 4,12:35,1h 0m,"Phú Quốc (PQC)
Sân bay Phú Quốc",Hành lý xách tay 7 kg,Hành lý 0 kg,2025-04-15
Vietnam Airlines,PQC0283,1.989.009 VND/khách,15:05,25 thg 4,25 thg 4,16:10,1h 5m,"Phú Quốc (PQC)
Sân bay Phú Quốc",Hành lý xách tay 1 x 12 kg,Hành lý 23 kg,2025-04-15
Vietnam Airlines,PQC0240,1.996.002 VND/khách,10:25,25 thg 4,25 thg 4,11:25,1h 0m,"Phú Quốc (PQC)
Sân bay Phú Quốc",Hành lý xách tay 1 x 12 kg,Hành lý 23 kg,2025-04-15
Vietnam Airlines,PQC0250,1.996.002 VND/khách,13:00,25 thg 4,25 thg 4,14:00,1h 0m,"Phú Quốc (PQC)
Sân bay Phú Quốc",Hành lý xách tay 1 x 12 kg,Hành lý 23 kg,2025-04-15
Vietnam Airlines,PQC0218,1.999.998 VND/khách,08:10,25 thg 4,25 thg 4,08:55,45m,"Phú Quốc (PQC)
Sân bay Phú Quốc",Hành lý xách tay 1 x 12 kg,Hành lý 23 kg,2025-04-15
Vietnam Airlines,PQC0197,1.370.628 VND/khách,05:40,26 thg 4,26 thg 4,06:40,1h 0m,"Phú Quốc (PQC)
Sân bay Phú Quốc",Hành lý xách tay 1 x 12 kg,Hành lý 23 kg,2025-04-15
Vietnam Airlines,PQC0176,1.370.628 VND/khách,05:25,26 thg 4,26 thg 4,06:20,55m,"Phú Quốc (PQC)
Sân bay Phú Quốc",Hành lý xách tay 1 x 12 kg,Hành lý 23 kg,2025-04-15
Vietravel Airlines,PQC0338,1.472.310 VND/khách,17:25,26 thg 4,26 thg 4,18:25,1h 0m,"Phú Quốc (PQC)
Sân bay Phú Quốc",Hành lý xách tay 7 kg,Hành lý 0 kg,2025-04-15
VietJet Air,PQC0032,1.581.000 VND/khách,05:55,26 thg 4,26 thg 4,06:55,1h 0m,"Phú Quốc (PQC)
Sân bay Phú Quốc",Hành lý xách tay 7 kg,Hành lý 0 kg,2025-04-15
VietJet Air,PQC0147,1.581.000 VND/khách,17:10,26 thg 4,26 thg 4,18:15,1h 5m,"Phú Quốc (PQC)
Sân bay Phú Quốc",Hành lý xách tay 7 kg,Hành lý 0 kg,2025-04-15
Vietnam Airlines,PQC0297,1.603.395 VND/khách,17:25,26 thg 4,26 thg 4,18:25,1h 0m,"Phú Quốc (PQC)
Sân bay Phú Quốc",Hành lý xách tay 1 x 12 kg,Hành lý 23 kg,2025-04-15
VietJet Air,PQC0103,1.698.000 VND/khách,14:05,26 thg 4,26 thg 4,15:05,1h 0m,"Phú Quốc (PQC)
Sân bay Phú Quốc",Hành lý xách tay 7 kg,Hành lý 0 kg,2025-04-15
VietJet Air,PQC0124,1.720.000 VND/khách,15:40,26 thg 4,26 thg 4,16:40,1h 0m,"Phú Quốc (PQC)
Sân bay Phú Quốc",Hành lý xách tay 7 kg,Hành lý 0 kg,2025-04-15
Vietnam Airlines,PQC0312,1.782.216 VND/khách,20:20,26 thg 4,26 thg 4,21:20,1h 0m,"Phú Quốc (PQC)
Sân bay Phú Quốc",Hành lý xách tay 1 x 12 kg,Hành lý 23 kg,2025-04-15
VietJet Air,PQC0057,1.815.000 VND/khách,09:20,26 thg 4,26 thg 4,10:20,1h 0m,"Phú Quốc (PQC)
Sân bay Phú Quốc",Hành lý xách tay 7 kg,Hành lý 0 kg,2025-04-15
VietJet Air,PQC0081,1.815.000 VND/khách,11:35,26 thg 4,26 thg 4,12:35,1h 0m,"Phú Quốc (PQC)
Sân bay Phú Quốc",Hành lý xách tay 7 kg,Hành lý 0 kg,2025-04-15
Vietnam Airlines,PQC0284,1.870.128 VND/khách,15:05,26 thg 4,26 thg 4,16:10,1h 5m,"Phú Quốc (PQC)
Sân bay Phú Quốc",Hành lý xách tay 1 x 12 kg,Hành lý 23 kg,2025-04-15
Vietnam Airlines,PQC0219,1.877.121 VND/khách,08:10,26 thg 4,26 thg 4,08:55,45m,"Phú Quốc (PQC)
Sân bay Phú Quốc",Hành lý xách tay 1 x 12 kg,Hành lý 23 kg,2025-04-15
Vietnam Airlines,PQC0264,1.999.998 VND/khách,13:05,26 thg 4,26 thg 4,14:00,55m,"Phú Quốc (PQC)
Sân bay Phú Quốc",Hành lý xách tay 1 x 12 kg,Hành lý 23 kg,2025-04-15
Vietnam Airlines,PQC0241,2.010.987 VND/khách,10:25,26 thg 4,26 thg 4,11:25,1h 0m,"Phú Quốc (PQC)
Sân bay Phú Quốc",Hành lý xách tay 1 x 12 kg,Hành lý 23 kg,2025-04-15
Vietnam Airlines,PQC0198,1.161.837 VND/khách,05:40,27 thg 4,27 thg 4,06:40,1h 0m,"Phú Quốc (PQC)
Sân bay Phú Quốc",Hành lý xách tay 1 x 12 kg,Hành lý 23 kg,2025-04-15
Bamboo Airways,PQC0012,1.013.756 VND/khách,16:30,27 thg 4,27 thg 4,17:30,1h 0m,"Phú Quốc (PQC)
Sân bay Phú Quốc",Hành lý xách tay 7 kg,Hành lý 0 kg,2025-04-15
Vietravel Airlines,PQC0339,1.140.143 VND/khách,17:25,27 thg 4,27 thg 4,18:25,1h 0m,"Phú Quốc (PQC)
Sân bay Phú Quốc",Hành lý xách tay 7 kg,Hành lý 0 kg,2025-04-15
Vietnam Airlines,PQC0177,1.153.845 VND/khách,05:25,27 thg 4,27 thg 4,06:20,55m,"Phú Quốc (PQC)
Sân bay Phú Quốc",Hành lý xách tay 1 x 12 kg,Hành lý 23 kg,2025-04-15
Vietnam Airlines,PQC0302,1.379.619 VND/khách,19:20,27 thg 4,27 thg 4,20:20,1h 0m,"Phú Quốc (PQC)
Sân bay Phú Quốc",Hành lý xách tay 1 x 12 kg,Hành lý 23 kg,2025-04-15
Vietnam Airlines,PQC0313,1.497.501 VND/khách,20:20,27 thg 4,27 thg 4,21:20,1h 0m,"Phú Quốc (PQC)
Sân bay Phú Quốc",Hành lý xách tay 1 x 12 kg,Hành lý 23 kg,2025-04-15
VietJet Air,PQC0033,1.580.000 VND/khách,05:55,27 thg 4,27 thg 4,06:55,1h 0m,"Phú Quốc (PQC)
Sân bay Phú Quốc",Hành lý xách tay 7 kg,Hành lý 0 kg,2025-04-15
VietJet Air,PQC0125,1.580.000 VND/khách,15:40,27 thg 4,27 thg 4,16:40,1h 0m,"Phú Quốc (PQC)
Sân bay Phú Quốc",Hành lý xách tay 7 kg,Hành lý 0 kg,2025-04-15
VietJet Air,PQC0148,1.580.000 VND/khách,17:10,27 thg 4,27 thg 4,18:15,1h 5m,"Phú Quốc (PQC)
Sân bay Phú Quốc",Hành lý xách tay 7 kg,Hành lý 0 kg,2025-04-15
Vietnam Airlines,PQC0242,1.596.402 VND/khách,10:25,27 thg 4,27 thg 4,11:25,1h 0m,"Phú Quốc (PQC)
Sân bay Phú Quốc",Hành lý xách tay 1 x 12 kg,Hành lý 23 kg,2025-04-15
VietJet Air,PQC0104,1.606.000 VND/khách,14:05,27 thg 4,27 thg 4,15:05,1h 0m,"Phú Quốc (PQC)
Sân bay Phú Quốc",Hành lý xách tay 7 kg,Hành lý 0 kg,2025-04-15
Vietnam Airlines,PQC0285,1.693.305 VND/khách,15:05,27 thg 4,27 thg 4,16:10,1h 5m,"Phú Quốc (PQC)
Sân bay Phú Quốc",Hành lý xách tay 1 x 12 kg,Hành lý 23 kg,2025-04-15
VietJet Air,PQC0082,1.785.000 VND/khách,11:35,27 thg 4,27 thg 4,12:35,1h 0m,"Phú Quốc (PQC)
Sân bay Phú Quốc",Hành lý xách tay 7 kg,Hành lý 0 kg,2025-04-15
VietJet Air,PQC0058,1.814.000 VND/khách,09:20,27 thg 4,27 thg 4,10:20,1h 0m,"Phú Quốc (PQC)
Sân bay Phú Quốc",Hành lý xách tay 7 kg,Hành lý 0 kg,2025-04-15
Vietnam Airlines,PQC0220,1.922.076 VND/khách,08:10,27 thg 4,27 thg 4,08:55,45m,"Phú Quốc (PQC)
Sân bay Phú Quốc",Hành lý xách tay 1 x 12 kg,Hành lý 23 kg,2025-04-15
Vietnam Airlines,PQC0265,1.937.061 VND/khách,13:05,27 thg 4,27 thg 4,14:00,55m,"Phú Quốc (PQC)
Sân bay Phú Quốc",Hành lý xách tay 1 x 12 kg,Hành lý 23 kg,2025-04-15
Vietnam Airlines,PQC0199,1.246.906 VND/khách,05:40,28 thg 4,28 thg 4,06:40,1h 0m,"Phú Quốc (PQC)
Sân bay Phú Quốc",Hành lý xách tay 1 x 12 kg,Hành lý 23 kg,2025-04-15
Vietnam Airlines,PQC0178,956.375 VND/khách,05:25,28 thg 4,28 thg 4,06:20,55m,"Phú Quốc (PQC)
Sân bay Phú Quốc",Hành lý xách tay 1 x 12 kg,Hành lý 0 kg,2025-04-15
Bamboo Airways,PQC0013,1.013.756 VND/khách,16:30,28 thg 4,28 thg 4,17:30,1h 0m,"Phú Quốc (PQC)
Sân bay Phú Quốc",Hành lý xách tay 7 kg,Hành lý 0 kg,2025-04-15
Vietravel Airlines,PQC0340,1.140.143 VND/khách,17:25,28 thg 4,28 thg 4,18:25,1h 0m,"Phú Quốc (PQC)
Sân bay Phú Quốc",Hành lý xách tay 7 kg,Hành lý 0 kg,2025-04-15
VietJet Air,PQC0034,1.404.000 VND/khách,05:55,28 thg 4,28 thg 4,06:55,1h 0m,"Phú Quốc (PQC)
Sân bay Phú Quốc",Hành lý xách tay 7 kg,Hành lý 0 kg,2025-04-15
Vietnam Airlines,PQC0298,1.470.234 VND/khách,17:25,28 thg 4,28 thg 4,18:25,1h 0m,"Phú Quốc (PQC)
Sân bay Phú Quốc",Hành lý xách tay 1 x 12 kg,Hành lý 23 kg,2025-04-15
VietJet Air,PQC0149,1.580.000 VND/khách,17:10,28 thg 4,28 thg 4,18:15,1h 5m,"Phú Quốc (PQC)
Sân bay Phú Quốc",Hành lý xách tay 7 kg,Hành lý 0 kg,2025-04-15
Vietnam Airlines,PQC0314,1.600.398 VND/khách,20:20,28 thg 4,28 thg 4,21:20,1h 0m,"Phú Quốc (PQC)
Sân bay Phú Quốc",Hành lý xách tay 1 x 12 kg,Hành lý 23 kg,2025-04-15
VietJet Air,PQC0083,1.697.000 VND/khách,11:35,28 thg 4,28 thg 4,12:35,1h 0m,"Phú Quốc (PQC)
Sân bay Phú Quốc",Hành lý xách tay 7 kg,Hành lý 0 kg,2025-04-15
VietJet Air,PQC0105,1.697.000 VND/khách,14:05,28 thg 4,28 thg 4,15:05,1h 0m,"Phú Quốc (PQC)
Sân bay Phú Quốc",Hành lý xách tay 7 kg,Hành lý 0 kg,2025-04-15
VietJet Air,PQC0126,1.697.000 VND/khách,15:40,28 thg 4,28 thg 4,16:40,1h 0m,"Phú Quốc (PQC)
Sân bay Phú Quốc",Hành lý xách tay 7 kg,Hành lý 0 kg,2025-04-15
Vietnam Airlines,PQC0221,1.759.731 VND/khách,08:10,28 thg 4,28 thg 4,08:55,45m,"Phú Quốc (PQC)
Sân bay Phú Quốc",Hành lý xách tay 1 x 12 kg,Hành lý 23 kg,2025-04-15
VietJet Air,PQC0059,1.785.000 VND/khách,09:20,28 thg 4,28 thg 4,10:20,1h 0m,"Phú Quốc (PQC)
Sân bay Phú Quốc",Hành lý xách tay 7 kg,Hành lý 0 kg,2025-04-15
Vietnam Airlines,PQC0243,1.905.513 VND/khách,10:25,28 thg 4,28 thg 4,11:25,1h 0m,"Phú Quốc (PQC)
Sân bay Phú Quốc",Hành lý xách tay 1 x 12 kg,Hành lý 23 kg,2025-04-15
Vietnam Airlines,PQC0286,1.905.513 VND/khách,15:05,28 thg 4,28 thg 4,16:10,1h 5m,"Phú Quốc (PQC)
Sân bay Phú Quốc",Hành lý xách tay 1 x 12 kg,Hành lý 23 kg,2025-04-15
Vietnam Airlines,PQC0266,1.969.616 VND/khách,13:05,28 thg 4,28 thg 4,14:00,55m,"Phú Quốc (PQC)
Sân bay Phú Quốc",Hành lý xách tay 1 x 12 kg,Hành lý 23 kg,2025-04-15
Vietnam Airlines,PQC0299,1.996.002 VND/khách,17:25,29 thg 4,29 thg 4,18:25,1h 0m,"Phú Quốc (PQC)
Sân bay Phú Quốc",Hành lý xách tay 1 x 12 kg,Hành lý 23 kg,2025-04-15
VietJet Air,PQC0035,1.785.000 VND/khách,05:55,29 thg 4,29 thg 4,06:55,1h 0m,"Phú Quốc (PQC)
Sân bay Phú Quốc",Hành lý xách tay 7 kg,Hành lý 0 kg,2025-04-15
VietJet Air,PQC0106,1.785.000 VND/khách,14:05,29 thg 4,29 thg 4,15:05,1h 0m,"Phú Quốc (PQC)
Sân bay Phú Quốc",Hành lý xách tay 7 kg,Hành lý 0 kg,2025-04-15
VietJet Air,PQC0127,1.785.000 VND/khách,15:40,29 thg 4,29 thg 4,16:40,1h 0m,"Phú Quốc (PQC)
Sân bay Phú Quốc",Hành lý xách tay 7 kg,Hành lý 0 kg,2025-04-15
VietJet Air,PQC0040,1.785.000 VND/khách,08:25,29 thg 4,29 thg 4,09:30,1h 5m,"Phú Quốc (PQC)
Sân bay Phú Quốc",Hành lý xách tay 7 kg,Hành lý 0 kg,2025-04-15
VietJet Air,PQC0060,1.814.000 VND/khách,09:20,29 thg 4,29 thg 4,10:20,1h 0m,"Phú Quốc (PQC)
Sân bay Phú Quốc",Hành lý xách tay 7 kg,Hành lý 0 kg,2025-04-15
VietJet Air,PQC0084,1.814.000 VND/khách,11:35,29 thg 4,29 thg 4,12:35,1h 0m,"Phú Quốc (PQC)
Sân bay Phú Quốc",Hành lý xách tay 7 kg,Hành lý 0 kg,2025-04-15
Vietravel Airlines,PQC0341,1.819.440 VND/khách,17:25,29 thg 4,29 thg 4,18:25,1h 0m,"Phú Quốc (PQC)
Sân bay Phú Quốc",Hành lý xách tay 7 kg,Hành lý 0 kg,2025-04-15
Vietnam Airlines,PQC0179,1.874.124 VND/khách,05:25,29 thg 4,29 thg 4,06:20,55m,"Phú Quốc (PQC)
Sân bay Phú Quốc",Hành lý xách tay 1 x 12 kg,Hành lý 23 kg,2025-04-15
VietJet Air,PQC0153,1.901.000 VND/khách,17:25,29 thg 4,29 thg 4,18:30,1h 5m,"Phú Quốc (PQC)
Sân bay Phú Quốc",Hành lý xách tay 7 kg,Hành lý 0 kg,2025-04-15
Vietnam Airlines,PQC0299,1.996.002 VND/khách,17:25,29 thg 4,29 thg 4,18:25,1h 0m,"Phú Quốc (PQC)
Sân bay Phú Quốc",Hành lý xách tay 1 x 12 kg,Hành lý 23 kg,2025-04-15
Vietnam Airlines,PQC0321,1.996.002 VND/khách,21:05,29 thg 4,29 thg 4,22:05,1h 0m,"Phú Quốc (PQC)
Sân bay Phú Quốc",Hành lý xách tay 1 x 12 kg,Hành lý 23 kg,2025-04-15
Vietnam Airlines,PQC0222,1.999.998 VND/khách,08:10,29 thg 4,29 thg 4,08:55,45m,"Phú Quốc (PQC)
Sân bay Phú Quốc",Hành lý xách tay 1 x 12 kg,Hành lý 23 kg,2025-04-15
Vietnam Airlines,PQC0200,2.002.995 VND/khách,05:40,29 thg 4,29 thg 4,06:40,1h 0m,"Phú Quốc (PQC)
Sân bay Phú Quốc",Hành lý xách tay 1 x 12 kg,Hành lý 23 kg,2025-04-15
Vietnam Airlines,PQC0300,1.992.006 VND/khách,17:25,30 thg 4,30 thg 4,18:25,1h 0m,"Phú Quốc (PQC)
Sân bay Phú Quốc",Hành lý xách tay 1 x 12 kg,Hành lý 23 kg,2025-04-15
Bamboo Airways,PQC0014,1.944.425 VND/khách,16:30,30 thg 4,30 thg 4,17:30,1h 0m,"Phú Quốc (PQC)
Sân bay Phú Quốc",Hành lý xách tay 7 kg,Hành lý 20 kg,2025-04-15
VietJet Air,PQC0151,3.711.487 VND/khách,17:10,30 thg 4,30 thg 4,18:15,1h 5m,"Phú Quốc (PQC)
Sân bay Phú Quốc",Hành lý xách tay 7 kg,Hành lý 0 kg,2025-04-15
Vietnam Airlines,PQC0161,2.000.250 VND/khách,05:10,01 thg 5,01 thg 5,06:10,1h 0m,"Phú Quốc (PQC)
Sân bay Phú Quốc",Hành lý xách tay 1 x 12 kg,Hành lý 23 kg,2025-04-16
Vietravel Airlines,PQC0322,1.939.350 VND/khách,17:25,01 thg 5,01 thg 5,18:25,1h 0m,"Phú Quốc (PQC)
Sân bay Phú Quốc",Hành lý xách tay 7 kg,Hành lý 0 kg,2025-04-16
VietJet Air,PQC0016,1.946.434 VND/khách,05:55,01 thg 5,01 thg 5,06:55,1h 0m,"Phú Quốc (PQC)
Sân bay Phú Quốc",Hành lý xách tay 7 kg,Hành lý 0 kg,2025-04-16
VietJet Air,PQC0131,1.946.434 VND/khách,17:10,01 thg 5,01 thg 5,18:15,1h 5m,"Phú Quốc (PQC)
Sân bay Phú Quốc",Hành lý xách tay 7 kg,Hành lý 0 kg,2025-04-16
VietJet Air,PQC0154,1.946.434 VND/khách,17:40,01 thg 5,01 thg 5,18:45,1h 5m,"Phú Quốc (PQC)
Sân bay Phú Quốc",Hành lý xách tay 7 kg,Hành lý 0 kg,2025-04-16
Vietnam Airlines,PQC0166,2.000.250 VND/khách,05:25,01 thg 5,01 thg 5,06:20,55m,"Phú Quốc (PQC)
Sân bay Phú Quốc",Hành lý xách tay 1 x 12 kg,Hành lý 23 kg,2025-04-16
Vietnam Airlines,PQC0304,2.000.250 VND/khách,20:20,01 thg 5,01 thg 5,21:20,1h 0m,"Phú Quốc (PQC)
Sân bay Phú Quốc",Hành lý xách tay 1 x 12 kg,Hành lý 23 kg,2025-04-16
Vietnam Airlines,PQC0182,2.000.250 VND/khách,05:40,02 thg 5,02 thg 5,06:40,1h 0m,"Phú Quốc (PQC)
Sân bay Phú Quốc",Hành lý xách tay 1 x 12 kg,Hành lý 23 kg,2025-04-16
Vietnam Airlines,PQC0167,1.594.950 VND/khách,05:25,02 thg 5,02 thg 5,06:20,55m,"Phú Quốc (PQC)
Sân bay Phú Quốc",Hành lý xách tay 1 x 12 kg,Hành lý 23 kg,2025-04-16
Bamboo Airways,PQC0002,1.616.425 VND/khách,16:30,02 thg 5,02 thg 5,17:30,1h 0m,"Phú Quốc (PQC)
Sân bay Phú Quốc",Hành lý xách tay 7 kg,Hành lý 0 kg,2025-04-16
Vietravel Airlines,PQC0323,1.778.322 VND/khách,17:25,02 thg 5,02 thg 5,18:25,1h 0m,"Phú Quốc (PQC)
Sân bay Phú Quốc",Hành lý xách tay 7 kg,Hành lý 0 kg,2025-04-16
VietJet Air,PQC0088,1.828.650 VND/khách,14:05,02 thg 5,02 thg 5,15:05,1h 0m,"Phú Quốc (PQC)
Sân bay Phú Quốc",Hành lý xách tay 7 kg,Hành lý 0 kg,2025-04-16
VietJet Air,PQC0017,1.946.434 VND/khách,05:55,02 thg 5,02 thg 5,06:55,1h 0m,"Phú Quốc (PQC)
Sân bay Phú Quốc",Hành lý xách tay 7 kg,Hành lý 0 kg,2025-04-16
VietJet Air,PQC0109,1.946.434 VND/khách,15:40,02 thg 5,02 thg 5,16:40,1h 0m,"Phú Quốc (PQC)
Sân bay Phú Quốc",Hành lý xách tay 7 kg,Hành lý 0 kg,2025-04-16
VietJet Air,PQC0132,1.946.434 VND/khách,17:10,02 thg 5,02 thg 5,18:15,1h 5m,"Phú Quốc (PQC)
Sân bay Phú Quốc",Hành lý xách tay 7 kg,Hành lý 0 kg,2025-04-16
VietJet Air,PQC0042,1.952.405 VND/khách,09:20,02 thg 5,02 thg 5,10:20,1h 0m,"Phú Quốc (PQC)
Sân bay Phú Quốc",Hành lý xách tay 7 kg,Hành lý 0 kg,2025-04-16
Vietnam Airlines,PQC0182,2.000.250 VND/khách,05:40,02 thg 5,02 thg 5,06:40,1h 0m,"Phú Quốc (PQC)
Sân bay Phú Quốc",Hành lý xách tay 1 x 12 kg,Hành lý 23 kg,2025-04-16
Vietnam Airlines,PQC0226,2.000.250 VND/khách,10:25,02 thg 5,02 thg 5,11:25,1h 0m,"Phú Quốc (PQC)
Sân bay Phú Quốc",Hành lý xách tay 1 x 12 kg,Hành lý 23 kg,2025-04-16
Vietnam Airlines,PQC0248,2.000.250 VND/khách,13:00,02 thg 5,02 thg 5,14:00,1h 0m,"Phú Quốc (PQC)
Sân bay Phú Quốc",Hành lý xách tay 1 x 12 kg,Hành lý 23 kg,2025-04-16
Vietnam Airlines,PQC0305,2.000.250 VND/khách,20:20,02 thg 5,02 thg 5,21:20,1h 0m,"Phú Quốc (PQC)
Sân bay Phú Quốc",Hành lý xách tay 1 x 12 kg,Hành lý 23 kg,2025-04-16
Vietnam Airlines,PQC0269,2.000.250 VND/khách,15:05,02 thg 5,02 thg 5,16:10,1h 5m,"Phú Quốc (PQC)
Sân bay Phú Quốc",Hành lý xách tay 1 x 12 kg,Hành lý 23 kg,2025-04-16
Vietnam Airlines,PQC0183,1.493.100 VND/khách,05:40,03 thg 5,03 thg 5,06:40,1h 0m,"Phú Quốc (PQC)
Sân bay Phú Quốc",Hành lý xách tay 1 x 12 kg,Hành lý 23 kg,2025-04-16
Bamboo Airways,PQC0003,1.018.850 VND/khách,16:30,03 thg 5,03 thg 5,17:30,1h 0m,"Phú Quốc (PQC)
Sân bay Phú Quốc",Hành lý xách tay 7 kg,Hành lý 0 kg,2025-04-16
Vietnam Airlines,PQC0168,1.266.300 VND/khách,05:25,03 thg 5,03 thg 5,06:20,55m,"Phú Quốc (PQC)
Sân bay Phú Quốc",Hành lý xách tay 1 x 12 kg,Hành lý 23 kg,2025-04-16
Vietravel Airlines,PQC0324,1.426.782 VND/khách,17:25,03 thg 5,03 thg 5,18:25,1h 0m,"Phú Quốc (PQC)
Sân bay Phú Quốc",Hành lý xách tay 7 kg,Hành lý 0 kg,2025-04-16
Vietnam Airlines,PQC0306,1.594.950 VND/khách,20:20,03 thg 5,03 thg 5,21:20,1h 0m,"Phú Quốc (PQC)
Sân bay Phú Quốc",Hành lý xách tay 1 x 12 kg,Hành lý 23 kg,2025-04-16
VietJet Air,PQC0089,1.740.176 VND/khách,14:05,03 thg 5,03 thg 5,15:05,1h 0m,"Phú Quốc (PQC)
Sân bay Phú Quốc",Hành lý xách tay 7 kg,Hành lý 0 kg,2025-04-16
VietJet Air,PQC0037,1.740.176 VND/khách,08:25,03 thg 5,03 thg 5,09:30,1h 5m,"Phú Quốc (PQC)
Sân bay Phú Quốc",Hành lý xách tay 7 kg,Hành lý 0 kg,2025-04-16
Vietnam Airlines,PQC0204,1.787.100 VND/khách,08:10,03 thg 5,03 thg 5,08:55,45m,"Phú Quốc (PQC)
Sân bay Phú Quốc",Hành lý xách tay 1 x 12 kg,Hành lý 23 kg,2025-04-16
Vietnam Airlines,PQC0270,1.787.100 VND/khách,15:05,03 thg 5,03 thg 5,16:10,1h 5m,"Phú Quốc (PQC)
Sân bay Phú Quốc",Hành lý xách tay 1 x 12 kg,Hành lý 23 kg,2025-04-16
VietJet Air,PQC0043,1.858.231 VND/khách,09:20,03 thg 5,03 thg 5,10:20,1h 0m,"Phú Quốc (PQC)
Sân bay Phú Quốc",Hành lý xách tay 7 kg,Hành lý 0 kg,2025-04-16
VietJet Air,PQC0067,1.858.231 VND/khách,11:35,03 thg 5,03 thg 5,12:35,1h 0m,"Phú Quốc (PQC)
Sân bay Phú Quốc",Hành lý xách tay 7 kg,Hành lý 0 kg,2025-04-16
VietJet Air,PQC0110,1.858.231 VND/khách,15:40,03 thg 5,03 thg 5,16:40,1h 0m,"Phú Quốc (PQC)
Sân bay Phú Quốc",Hành lý xách tay 7 kg,Hành lý 0 kg,2025-04-16
Vietnam Airlines,PQC0252,1.935.150 VND/khách,13:05,03 thg 5,03 thg 5,14:00,55m,"Phú Quốc (PQC)
Sân bay Phú Quốc",Hành lý xách tay 1 x 12 kg,Hành lý 23 kg,2025-04-16
Vietnam Airlines,PQC0227,1.935.150 VND/khách,10:25,03 thg 5,03 thg 5,11:25,1h 0m,"Phú Quốc (PQC)
Sân bay Phú Quốc",Hành lý xách tay 1 x 12 kg,Hành lý 23 kg,2025-04-16
VietJet Air,PQC0018,1.946.434 VND/khách,05:55,03 thg 5,03 thg 5,06:55,1h 0m,"Phú Quốc (PQC)
Sân bay Phú Quốc",Hành lý xách tay 7 kg,Hành lý 0 kg,2025-04-16
VietJet Air,PQC0133,1.946.434 VND/khách,17:10,03 thg 5,03 thg 5,18:15,1h 5m,"Phú Quốc (PQC)
Sân bay Phú Quốc",Hành lý xách tay 7 kg,Hành lý 0 kg,2025-04-16
Vietnam Airlines,PQC0184,1.266.300 VND/khách,05:40,04 thg 5,04 thg 5,06:40,1h 0m,"Phú Quốc (PQC)
Sân bay Phú Quốc",Hành lý xách tay 1 x 12 kg,Hành lý 23 kg,2025-04-16
Vietravel Airlines,PQC0325,837.102 VND/khách,17:25,04 thg 5,04 thg 5,18:25,1h 0m,"Phú Quốc (PQC)
Sân bay Phú Quốc",Hành lý xách tay 7 kg,Hành lý 0 kg,2025-04-16
VietJet Air,PQC0134,839.148 VND/khách,17:10,04 thg 5,04 thg 5,18:15,1h 5m,"Phú Quốc (PQC)
Sân bay Phú Quốc",Hành lý xách tay 7 kg,Hành lý 0 kg,2025-04-16
Bamboo Airways,PQC0004,874.325 VND/khách,16:30,04 thg 5,04 thg 5,17:30,1h 0m,"Phú Quốc (PQC)
Sân bay Phú Quốc",Hành lý xách tay 7 kg,Hành lý 0 kg,2025-04-16
VietJet Air,PQC0111,1.069.019 VND/khách,15:40,04 thg 5,04 thg 5,16:40,1h 0m,"Phú Quốc (PQC)
Sân bay Phú Quốc",Hành lý xách tay 7 kg,Hành lý 0 kg,2025-04-16
Vietnam Airlines,PQC0169,1.084.650 VND/khách,05:25,04 thg 5,04 thg 5,06:20,55m,"Phú Quốc (PQC)
Sân bay Phú Quốc",Hành lý xách tay 1 x 12 kg,Hành lý 23 kg,2025-04-16
VietJet Air,PQC0068,1.180.561 VND/khách,11:35,04 thg 5,04 thg 5,12:35,1h 0m,"Phú Quốc (PQC)
Sân bay Phú Quốc",Hành lý xách tay 7 kg,Hành lý 0 kg,2025-04-16
VietJet Air,PQC0090,1.180.561 VND/khách,14:05,04 thg 5,04 thg 5,15:05,1h 0m,"Phú Quốc (PQC)
Sân bay Phú Quốc",Hành lý xách tay 7 kg,Hành lý 0 kg,2025-04-16
Vietnam Airlines,PQC0184,1.266.300 VND/khách,05:40,04 thg 5,04 thg 5,06:40,1h 0m,"Phú Quốc (PQC)
Sân bay Phú Quốc",Hành lý xách tay 1 x 12 kg,Hành lý 23 kg,2025-04-16
Vietnam Airlines,PQC0307,1.266.300 VND/khách,20:20,04 thg 5,04 thg 5,21:20,1h 0m,"Phú Quốc (PQC)
Sân bay Phú Quốc",Hành lý xách tay 1 x 12 kg,Hành lý 23 kg,2025-04-16
VietJet Air,PQC0044,1.327.929 VND/khách,09:20,04 thg 5,04 thg 5,10:20,1h 0m,"Phú Quốc (PQC)
Sân bay Phú Quốc",Hành lý xách tay 7 kg,Hành lý 0 kg,2025-04-16
Vietnam Airlines,PQC0271,1.379.700 VND/khách,15:05,04 thg 5,04 thg 5,16:10,1h 5m,"Phú Quốc (PQC)
Sân bay Phú Quốc",Hành lý xách tay 1 x 12 kg,Hành lý 23 kg,2025-04-16
Vietnam Airlines,PQC0205,1.493.100 VND/khách,08:10,04 thg 5,04 thg 5,08:55,45m,"Phú Quốc (PQC)
Sân bay Phú Quốc",Hành lý xách tay 1 x 12 kg,Hành lý 23 kg,2025-04-16
Vietnam Airlines,PQC0253,1.594.950 VND/khách,13:05,04 thg 5,04 thg 5,14:00,55m,"Phú Quốc (PQC)
Sân bay Phú Quốc",Hành lý xách tay 1 x 12 kg,Hành lý 23 kg,2025-04-16
Vietnam Airlines,PQC0228,1.594.950 VND/khách,10:25,04 thg 5,04 thg 5,11:25,1h 0m,"Phú Quốc (PQC)
Sân bay Phú Quốc",Hành lý xách tay 1 x 12 kg,Hành lý 23 kg,2025-04-16
VietJet Air,PQC0019,1.946.434 VND/khách,05:55,04 thg 5,04 thg 5,06:55,1h 0m,"Phú Quốc (PQC)
Sân bay Phú Quốc",Hành lý xách tay 7 kg,Hành lý 0 kg,2025-04-16
Vietnam Airlines,PQC0185,1.379.700 VND/khách,05:40,05 thg 5,05 thg 5,06:40,1h 0m,"Phú Quốc (PQC)
Sân bay Phú Quốc",Hành lý xách tay 1 x 12 kg,Hành lý 23 kg,2025-04-16
Vietravel Airlines,PQC0326,769.062 VND/khách,17:25,05 thg 5,05 thg 5,18:25,1h 0m,"Phú Quốc (PQC)
Sân bay Phú Quốc",Hành lý xách tay 7 kg,Hành lý 0 kg,2025-04-16
Vietnam Airlines,PQC0170,823.200 VND/khách,05:25,05 thg 5,05 thg 5,06:20,55m,"Phú Quốc (PQC)
Sân bay Phú Quốc",Hành lý xách tay 1 x 12 kg,Hành lý 0 kg,2025-04-16
VietJet Air,PQC0112,839.148 VND/khách,15:40,05 thg 5,05 thg 5,16:40,1h 0m,"Phú Quốc (PQC)
Sân bay Phú Quốc",Hành lý xách tay 7 kg,Hành lý 0 kg,2025-04-16
Bamboo Airways,PQC0005,874.325 VND/khách,16:30,05 thg 5,05 thg 5,17:30,1h 0m,"Phú Quốc (PQC)
Sân bay Phú Quốc",Hành lý xách tay 7 kg,Hành lý 0 kg,2025-04-16
VietJet Air,PQC0069,1.180.561 VND/khách,11:35,05 thg 5,05 thg 5,12:35,1h 0m,"Phú Quốc (PQC)
Sân bay Phú Quốc",Hành lý xách tay 7 kg,Hành lý 0 kg,2025-04-16
VietJet Air,PQC0091,1.180.561 VND/khách,14:05,05 thg 5,05 thg 5,15:05,1h 0m,"Phú Quốc (PQC)
Sân bay Phú Quốc",Hành lý xách tay 7 kg,Hành lý 0 kg,2025-04-16
VietJet Air,PQC0045,1.327.929 VND/khách,09:20,05 thg 5,05 thg 5,10:20,1h 0m,"Phú Quốc (PQC)
Sân bay Phú Quốc",Hành lý xách tay 7 kg,Hành lý 0 kg,2025-04-16
Vietnam Airlines,PQC0185,1.379.700 VND/khách,05:40,05 thg 5,05 thg 5,06:40,1h 0m,"Phú Quốc (PQC)
Sân bay Phú Quốc",Hành lý xách tay 1 x 12 kg,Hành lý 23 kg,2025-04-16
Vietnam Airlines,PQC0308,1.379.700 VND/khách,20:20,05 thg 5,05 thg 5,21:20,1h 0m,"Phú Quốc (PQC)
Sân bay Phú Quốc",Hành lý xách tay 1 x 12 kg,Hành lý 23 kg,2025-04-16
Vietnam Airlines,PQC0254,1.493.100 VND/khách,13:05,05 thg 5,05 thg 5,14:00,55m,"Phú Quốc (PQC)
Sân bay Phú Quốc",Hành lý xách tay 1 x 12 kg,Hành lý 23 kg,2025-04-16
Vietnam Airlines,PQC0272,1.493.100 VND/khách,15:05,05 thg 5,05 thg 5,16:10,1h 5m,"Phú Quốc (PQC)
Sân bay Phú Quốc",Hành lý xách tay 1 x 12 kg,Hành lý 23 kg,2025-04-16
Vietnam Airlines,PQC0206,1.696.800 VND/khách,08:10,05 thg 5,05 thg 5,08:55,45m,"Phú Quốc (PQC)
Sân bay Phú Quốc",Hành lý xách tay 1 x 12 kg,Hành lý 23 kg,2025-04-16
Vietnam Airlines,PQC0229,1.787.100 VND/khách,10:25,05 thg 5,05 thg 5,11:25,1h 0m,"Phú Quốc (PQC)
Sân bay Phú Quốc",Hành lý xách tay 1 x 12 kg,Hành lý 23 kg,2025-04-16
VietJet Air,PQC0020,1.946.434 VND/khách,05:55,05 thg 5,05 thg 5,06:55,1h 0m,"Phú Quốc (PQC)
Sân bay Phú Quốc",Hành lý xách tay 7 kg,Hành lý 0 kg,2025-04-16
VietJet Air,PQC0135,1.946.434 VND/khách,17:10,05 thg 5,05 thg 5,18:15,1h 5m,"Phú Quốc (PQC)
Sân bay Phú Quốc",Hành lý xách tay 7 kg,Hành lý 0 kg,2025-04-16
Vietnam Airlines,PQC0186,1.379.700 VND/khách,05:40,06 thg 5,06 thg 5,06:40,1h 0m,"Phú Quốc (PQC)
Sân bay Phú Quốc",Hành lý xách tay 1 x 12 kg,Hành lý 23 kg,2025-04-16
Vietravel Airlines,PQC0327,769.062 VND/khách,17:25,06 thg 5,06 thg 5,18:25,1h 0m,"Phú Quốc (PQC)
Sân bay Phú Quốc",Hành lý xách tay 7 kg,Hành lý 0 kg,2025-04-16
VietJet Air,PQC0113,839.148 VND/khách,15:40,06 thg 5,06 thg 5,16:40,1h 0m,"Phú Quốc (PQC)
Sân bay Phú Quốc",Hành lý xách tay 7 kg,Hành lý 0 kg,2025-04-16
VietJet Air,PQC0046,1.180.561 VND/khách,09:20,06 thg 5,06 thg 5,10:20,1h 0m,"Phú Quốc (PQC)
Sân bay Phú Quốc",Hành lý xách tay 7 kg,Hành lý 0 kg,2025-04-16
VietJet Air,PQC0070,1.180.561 VND/khách,11:35,06 thg 5,06 thg 5,12:35,1h 0m,"Phú Quốc (PQC)
Sân bay Phú Quốc",Hành lý xách tay 7 kg,Hành lý 0 kg,2025-04-16
VietJet Air,PQC0092,1.180.561 VND/khách,14:05,06 thg 5,06 thg 5,15:05,1h 0m,"Phú Quốc (PQC)
Sân bay Phú Quốc",Hành lý xách tay 7 kg,Hành lý 0 kg,2025-04-16
Vietnam Airlines,PQC0207,1.594.950 VND/khách,08:10,06 thg 5,06 thg 5,08:55,45m,"Phú Quốc (PQC)
Sân bay Phú Quốc",Hành lý xách tay 1 x 12 kg,Hành lý 23 kg,2025-04-16
Vietnam Airlines,PQC0255,1.594.950 VND/khách,13:05,06 thg 5,06 thg 5,14:00,55m,"Phú Quốc (PQC)
Sân bay Phú Quốc",Hành lý xách tay 1 x 12 kg,Hành lý 23 kg,2025-04-16
Vietnam Airlines,PQC0273,1.594.950 VND/khách,15:05,06 thg 5,06 thg 5,16:10,1h 5m,"Phú Quốc (PQC)
Sân bay Phú Quốc",Hành lý xách tay 1 x 12 kg,Hành lý 23 kg,2025-04-16
Vietnam Airlines,PQC0230,1.787.100 VND/khách,10:25,06 thg 5,06 thg 5,11:25,1h 0m,"Phú Quốc (PQC)
Sân bay Phú Quốc",Hành lý xách tay 1 x 12 kg,Hành lý 23 kg,2025-04-16
VietJet Air,PQC0021,1.946.434 VND/khách,05:55,06 thg 5,06 thg 5,06:55,1h 0m,"Phú Quốc (PQC)
Sân bay Phú Quốc",Hành lý xách tay 7 kg,Hành lý 0 kg,2025-04-16
VietJet Air,PQC0136,1.946.434 VND/khách,17:10,06 thg 5,06 thg 5,18:15,1h 5m,"Phú Quốc (PQC)
Sân bay Phú Quốc",Hành lý xách tay 7 kg,Hành lý 0 kg,2025-04-16
Vietnam Airlines,PQC0192,1.273.725 VND/khách,05:40,21 thg 4,21 thg 4,06:40,1h 0m,"Phú Quốc (PQC)
Sân bay Phú Quốc",Hành lý xách tay 1 x 12 kg,Hành lý 23 kg,2025-04-16
Vietravel Airlines,PQC0333,759.098 VND/khách,17:25,21 thg 4,21 thg 4,18:25,1h 0m,"Phú Quốc (PQC)
Sân bay Phú Quốc",Hành lý xách tay 7 kg,Hành lý 0 kg,2025-04-16
Bamboo Airways,PQC0009,869.953 VND/khách,16:30,21 thg 4,21 thg 4,17:30,1h 0m,"Phú Quốc (PQC)
Sân bay Phú Quốc",Hành lý xách tay 7 kg,Hành lý 0 kg,2025-04-16
VietJet Air,PQC0142,1.049.000 VND/khách,17:10,21 thg 4,21 thg 4,18:15,1h 5m,"Phú Quốc (PQC)
Sân bay Phú Quốc",Hành lý xách tay 7 kg,Hành lý 0 kg,2025-04-16
VietJet Air,PQC0119,1.053.000 VND/khách,15:40,21 thg 4,21 thg 4,16:40,1h 0m,"Phú Quốc (PQC)
Sân bay Phú Quốc",Hành lý xách tay 7 kg,Hành lý 0 kg,2025-04-16
VietJet Air,PQC0027,1.167.000 VND/khách,05:55,21 thg 4,21 thg 4,06:55,1h 0m,"Phú Quốc (PQC)
Sân bay Phú Quốc",Hành lý xách tay 7 kg,Hành lý 0 kg,2025-04-16
VietJet Air,PQC0076,1.301.000 VND/khách,11:35,21 thg 4,21 thg 4,12:35,1h 0m,"Phú Quốc (PQC)
Sân bay Phú Quốc",Hành lý xách tay 7 kg,Hành lý 0 kg,2025-04-16
VietJet Air,PQC0098,1.301.000 VND/khách,14:05,21 thg 4,21 thg 4,15:05,1h 0m,"Phú Quốc (PQC)
Sân bay Phú Quốc",Hành lý xách tay 7 kg,Hành lý 0 kg,2025-04-16
VietJet Air,PQC0052,1.604.000 VND/khách,09:20,21 thg 4,21 thg 4,10:20,1h 0m,"Phú Quốc (PQC)
Sân bay Phú Quốc",Hành lý xách tay 7 kg,Hành lý 0 kg,2025-04-16
Vietnam Airlines,PQC0213,1.665.333 VND/khách,08:10,21 thg 4,21 thg 4,08:55,45m,"Phú Quốc (PQC)
Sân bay Phú Quốc",Hành lý xách tay 1 x 12 kg,Hành lý 23 kg,2025-04-16
Vietnam Airlines,PQC0279,1.964.034 VND/khách,15:05,21 thg 4,21 thg 4,16:10,1h 5m,"Phú Quốc (PQC)
Sân bay Phú Quốc",Hành lý xách tay 1 x 12 kg,Hành lý 23 kg,2025-04-16
Vietnam Airlines,PQC0236,1.983.015 VND/khách,10:25,21 thg 4,21 thg 4,11:25,1h 0m,"Phú Quốc (PQC)
Sân bay Phú Quốc",Hành lý xách tay 1 x 12 kg,Hành lý 23 kg,2025-04-16
Vietnam Airlines,PQC0260,1.986.012 VND/khách,13:05,21 thg 4,21 thg 4,14:00,55m,"Phú Quốc (PQC)
Sân bay Phú Quốc",Hành lý xách tay 1 x 12 kg,Hành lý 23 kg,2025-04-16
Vietnam Airlines,PQC0193,1.243.755 VND/khách,05:40,22 thg 4,22 thg 4,06:40,1h 0m,"Phú Quốc (PQC)
Sân bay Phú Quốc",Hành lý xách tay 1 x 12 kg,Hành lý 23 kg,2025-04-16
Vietravel Airlines,PQC0334,759.098 VND/khách,17:25,22 thg 4,22 thg 4,18:25,1h 0m,"Phú Quốc (PQC)
Sân bay Phú Quốc",Hành lý xách tay 7 kg,Hành lý 0 kg,2025-04-16
VietJet Air,PQC0143,824.000 VND/khách,17:10,22 thg 4,22 thg 4,18:15,1h 5m,"Phú Quốc (PQC)
Sân bay Phú Quốc",Hành lý xách tay 7 kg,Hành lý 0 kg,2025-04-16
VietJet Air,PQC0120,1.053.000 VND/khách,15:40,22 thg 4,22 thg 4,16:40,1h 0m,"Phú Quốc (PQC)
Sân bay Phú Quốc",Hành lý xách tay 7 kg,Hành lý 0 kg,2025-04-16
VietJet Air,PQC0028,1.167.000 VND/khách,05:55,22 thg 4,22 thg 4,06:55,1h 0m,"Phú Quốc (PQC)
Sân bay Phú Quốc",Hành lý xách tay 7 kg,Hành lý 0 kg,2025-04-16
VietJet Air,PQC0099,1.167.000 VND/khách,14:05,22 thg 4,22 thg 4,15:05,1h 0m,"Phú Quốc (PQC)
Sân bay Phú Quốc",Hành lý xách tay 7 kg,Hành lý 0 kg,2025-04-16
VietJet Air,PQC0053,1.301.000 VND/khách,09:20,22 thg 4,22 thg 4,10:20,1h 0m,"Phú Quốc (PQC)
Sân bay Phú Quốc",Hành lý xách tay 7 kg,Hành lý 0 kg,2025-04-16
VietJet Air,PQC0077,1.301.000 VND/khách,11:35,22 thg 4,22 thg 4,12:35,1h 0m,"Phú Quốc (PQC)
Sân bay Phú Quốc",Hành lý xách tay 7 kg,Hành lý 0 kg,2025-04-16
Vietnam Airlines,PQC0214,1.594.404 VND/khách,08:10,22 thg 4,22 thg 4,08:55,45m,"Phú Quốc (PQC)
Sân bay Phú Quốc",Hành lý xách tay 1 x 12 kg,Hành lý 23 kg,2025-04-16
Vietnam Airlines,PQC0280,1.846.152 VND/khách,15:05,22 thg 4,22 thg 4,16:10,1h 5m,"Phú Quốc (PQC)
Sân bay Phú Quốc",Hành lý xách tay 1 x 12 kg,Hành lý 23 kg,2025-04-16
Vietnam Airlines,PQC0237,1.897.101 VND/khách,10:25,22 thg 4,22 thg 4,11:25,1h 0m,"Phú Quốc (PQC)
Sân bay Phú Quốc",Hành lý xách tay 1 x 12 kg,Hành lý 23 kg,2025-04-16
Vietnam Airlines,PQC0261,1.931.067 VND/khách,13:05,22 thg 4,22 thg 4,14:00,55m,"Phú Quốc (PQC)
Sân bay Phú Quốc",Hành lý xách tay 1 x 12 kg,Hành lý 23 kg,2025-04-16
Vietnam Airlines,PQC0194,1.143.855 VND/khách,05:40,23 thg 4,23 thg 4,06:40,1h 0m,"Phú Quốc (PQC)
Sân bay Phú Quốc",Hành lý xách tay 1 x 12 kg,Hành lý 23 kg,2025-04-16
Vietravel Airlines,PQC0335,759.098 VND/khách,17:25,23 thg 4,23 thg 4,18:25,1h 0m,"Phú Quốc (PQC)
Sân bay Phú Quốc",Hành lý xách tay 7 kg,Hành lý 0 kg,2025-04-16
VietJet Air,PQC0157,824.000 VND/khách,17:40,23 thg 4,23 thg 4,18:40,1h 0m,"Phú Quốc (PQC)
Sân bay Phú Quốc",Hành lý xách tay 7 kg,Hành lý 0 kg,2025-04-16
Bamboo Airways,PQC0010,869.953 VND/khách,16:30,23 thg 4,23 thg 4,17:30,1h 0m,"Phú Quốc (PQC)
Sân bay Phú Quốc",Hành lý xách tay 7 kg,Hành lý 0 kg,2025-04-16
Vietnam Airlines,PQC0173,959.040 VND/khách,05:25,23 thg 4,23 thg 4,06:20,55m,"Phú Quốc (PQC)
Sân bay Phú Quốc",Hành lý xách tay 1 x 12 kg,Hành lý 0 kg,2025-04-16
VietJet Air,PQC0129,1.053.000 VND/khách,16:25,23 thg 4,23 thg 4,17:25,1h 0m,"Phú Quốc (PQC)
Sân bay Phú Quốc",Hành lý xách tay 7 kg,Hành lý 0 kg,2025-04-16
VietJet Air,PQC0029,1.129.000 VND/khách,05:55,23 thg 4,23 thg 4,06:55,1h 0m,"Phú Quốc (PQC)
Sân bay Phú Quốc",Hành lý xách tay 7 kg,Hành lý 0 kg,2025-04-16
VietJet Air,PQC0100,1.167.000 VND/khách,14:05,23 thg 4,23 thg 4,15:05,1h 0m,"Phú Quốc (PQC)
Sân bay Phú Quốc",Hành lý xách tay 7 kg,Hành lý 0 kg,2025-04-16
VietJet Air,PQC0054,1.301.000 VND/khách,09:20,23 thg 4,23 thg 4,10:20,1h 0m,"Phú Quốc (PQC)
Sân bay Phú Quốc",Hành lý xách tay 7 kg,Hành lý 0 kg,2025-04-16
VietJet Air,PQC0078,1.301.000 VND/khách,11:35,23 thg 4,23 thg 4,12:35,1h 0m,"Phú Quốc (PQC)
Sân bay Phú Quốc",Hành lý xách tay 7 kg,Hành lý 0 kg,2025-04-16
Vietnam Airlines,PQC0215,1.602.396 VND/khách,08:10,23 thg 4,23 thg 4,08:55,45m,"Phú Quốc (PQC)
Sân bay Phú Quốc",Hành lý xách tay 1 x 12 kg,Hành lý 23 kg,2025-04-16
Vietnam Airlines,PQC0238,1.687.311 VND/khách,10:25,23 thg 4,23 thg 4,11:25,1h 0m,"Phú Quốc (PQC)
Sân bay Phú Quốc",Hành lý xách tay 1 x 12 kg,Hành lý 23 kg,2025-04-16
Vietnam Airlines,PQC0281,1.742.256 VND/khách,15:05,23 thg 4,23 thg 4,16:10,1h 5m,"Phú Quốc (PQC)
Sân bay Phú Quốc",Hành lý xách tay 1 x 12 kg,Hành lý 23 kg,2025-04-16
Vietnam Airlines,PQC0262,1.853.145 VND/khách,13:05,23 thg 4,23 thg 4,14:00,55m,"Phú Quốc (PQC)
Sân bay Phú Quốc",Hành lý xách tay 1 x 12 kg,Hành lý 23 kg,2025-04-16
Vietnam Airlines,PQC0195,1.239.759 VND/khách,05:40,24 thg 4,24 thg 4,06:40,1h 0m,"Phú Quốc (PQC)
Sân bay Phú Quốc",Hành lý xách tay 1 x 12 kg,Hành lý 23 kg,2025-04-16
Vietravel Airlines,PQC0336,1.142.138 VND/khách,17:25,24 thg 4,24 thg 4,18:25,1h 0m,"Phú Quốc (PQC)
Sân bay Phú Quốc",Hành lý xách tay 7 kg,Hành lý 0 kg,2025-04-16
VietJet Air,PQC0030,1.171.000 VND/khách,05:55,24 thg 4,24 thg 4,06:55,1h 0m,"Phú Quốc (PQC)
Sân bay Phú Quốc",Hành lý xách tay 7 kg,Hành lý 0 kg,2025-04-16
Vietnam Airlines,PQC0174,1.258.740 VND/khách,05:25,24 thg 4,24 thg 4,06:20,55m,"Phú Quốc (PQC)
Sân bay Phú Quốc",Hành lý xách tay 1 x 12 kg,Hành lý 23 kg,2025-04-16
VietJet Air,PQC0079,1.301.000 VND/khách,11:35,24 thg 4,24 thg 4,12:35,1h 0m,"Phú Quốc (PQC)
Sân bay Phú Quốc",Hành lý xách tay 7 kg,Hành lý 0 kg,2025-04-16
VietJet Air,PQC0130,1.301.000 VND/khách,16:30,24 thg 4,24 thg 4,17:30,1h 0m,"Phú Quốc (PQC)
Sân bay Phú Quốc",Hành lý xách tay 7 kg,Hành lý 0 kg,2025-04-16
VietJet Air,PQC0158,1.301.000 VND/khách,17:40,24 thg 4,24 thg 4,18:45,1h 5m,"Phú Quốc (PQC)
Sân bay Phú Quốc",Hành lý xách tay 7 kg,Hành lý 0 kg,2025-04-16
VietJet Air,PQC0101,1.434.000 VND/khách,14:05,24 thg 4,24 thg 4,15:05,1h 0m,"Phú Quốc (PQC)
Sân bay Phú Quốc",Hành lý xách tay 7 kg,Hành lý 0 kg,2025-04-16
VietJet Air,PQC0039,1.434.000 VND/khách,08:25,24 thg 4,24 thg 4,09:30,1h 5m,"Phú Quốc (PQC)
Sân bay Phú Quốc",Hành lý xách tay 7 kg,Hành lý 0 kg,2025-04-16
Vietnam Airlines,PQC0282,1.775.223 VND/khách,15:05,24 thg 4,24 thg 4,16:10,1h 5m,"Phú Quốc (PQC)
Sân bay Phú Quốc",Hành lý xách tay 1 x 12 kg,Hành lý 23 kg,2025-04-16
Vietnam Airlines,PQC0217,1.872.126 VND/khách,08:10,24 thg 4,24 thg 4,08:55,45m,"Phú Quốc (PQC)
Sân bay Phú Quốc",Hành lý xách tay 1 x 12 kg,Hành lý 23 kg,2025-04-16
Vietnam Airlines,PQC0263,1.927.071 VND/khách,13:05,24 thg 4,24 thg 4,14:00,55m,"Phú Quốc (PQC)
Sân bay Phú Quốc",Hành lý xách tay 1 x 12 kg,Hành lý 23 kg,2025-04-16
Vietnam Airlines,PQC0239,1.979.019 VND/khách,10:25,24 thg 4,24 thg 4,11:25,1h 0m,"Phú Quốc (PQC)
Sân bay Phú Quốc",Hành lý xách tay 1 x 12 kg,Hành lý 23 kg,2025-04-16
Vietnam Airlines,PQC0196,1.587.411 VND/khách,05:40,25 thg 4,25 thg 4,06:40,1h 0m,"Phú Quốc (PQC)
Sân bay Phú Quốc",Hành lý xách tay 1 x 12 kg,Hành lý 23 kg,2025-04-16
Vietravel Airlines,PQC0337,1.142.138 VND/khách,17:25,25 thg 4,25 thg 4,18:25,1h 0m,"Phú Quốc (PQC)
Sân bay Phú Quốc",Hành lý xách tay 7 kg,Hành lý 0 kg,2025-04-16
Bamboo Airways,PQC0011,1.245.267 VND/khách,16:30,25 thg 4,25 thg 4,17:30,1h 0m,"Phú Quốc (PQC)
Sân bay Phú Quốc",Hành lý xách tay 7 kg,Hành lý 0 kg,2025-04-16
VietJet Air,PQC0031,1.301.000 VND/khách,05:55,25 thg 4,25 thg 4,06:55,1h 0m,"Phú Quốc (PQC)
Sân bay Phú Quốc",Hành lý xách tay 7 kg,Hành lý 0 kg,2025-04-16
VietJet Air,PQC0056,1.301.000 VND/khách,09:20,25 thg 4,25 thg 4,10:20,1h 0m,"Phú Quốc (PQC)
Sân bay Phú Quốc",Hành lý xách tay 7 kg,Hành lý 0 kg,2025-04-16
VietJet Air,PQC0123,1.301.000 VND/khách,15:40,25 thg 4,25 thg 4,16:40,1h 0m,"Phú Quốc (PQC)
Sân bay Phú Quốc",Hành lý xách tay 7 kg,Hành lý 0 kg,2025-04-16
VietJet Air,PQC0146,1.301.000 VND/khách,17:10,25 thg 4,25 thg 4,18:15,1h 5m,"Phú Quốc (PQC)
Sân bay Phú Quốc",Hành lý xách tay 7 kg,Hành lý 0 kg,2025-04-16
Vietnam Airlines,PQC0175,1.373.625 VND/khách,05:25,25 thg 4,25 thg 4,06:20,55m,"Phú Quốc (PQC)
Sân bay Phú Quốc",Hành lý xách tay 1 x 12 kg,Hành lý 23 kg,2025-04-16
Vietnam Airlines,PQC0196,1.587.411 VND/khách,05:40,25 thg 4,25 thg 4,06:40,1h 0m,"Phú Quốc (PQC)
Sân bay Phú Quốc",Hành lý xách tay 1 x 12 kg,Hành lý 23 kg,2025-04-16
VietJet Air,PQC0102,1.604.000 VND/khách,14:05,25 thg 4,25 thg 4,15:05,1h 0m,"Phú Quốc (PQC)
Sân bay Phú Quốc",Hành lý xách tay 7 kg,Hành lý 0 kg,2025-04-16
Vietnam Airlines,PQC0296,1.690.308 VND/khách,17:25,25 thg 4,25 thg 4,18:25,1h 0m,"Phú Quốc (PQC)
Sân bay Phú Quốc",Hành lý xách tay 1 x 12 kg,Hành lý 23 kg,2025-04-16
Vietnam Airlines,PQC0311,1.775.223 VND/khách,20:20,25 thg 4,25 thg 4,21:20,1h 0m,"Phú Quốc (PQC)
Sân bay Phú Quốc",Hành lý xách tay 1 x 12 kg,Hành lý 23 kg,2025-04-16
VietJet Air,PQC0080,1.829.000 VND/khách,11:35,25 thg 4,25 thg 4,12:35,1h 0m,"Phú Quốc (PQC)
Sân bay Phú Quốc",Hành lý xách tay 7 kg,Hành lý 0 kg,2025-04-16
Vietnam Airlines,PQC0240,1.990.008 VND/khách,10:25,25 thg 4,25 thg 4,11:25,1h 0m,"Phú Quốc (PQC)
Sân bay Phú Quốc",Hành lý xách tay 1 x 12 kg,Hành lý 23 kg,2025-04-16
Vietnam Airlines,PQC0250,1.990.008 VND/khách,13:00,25 thg 4,25 thg 4,14:00,1h 0m,"Phú Quốc (PQC)
Sân bay Phú Quốc",Hành lý xách tay 1 x 12 kg,Hành lý 23 kg,2025-04-16
Vietnam Airlines,PQC0218,1.994.004 VND/khách,08:10,25 thg 4,25 thg 4,08:55,45m,"Phú Quốc (PQC)
Sân bay Phú Quốc",Hành lý xách tay 1 x 12 kg,Hành lý 23 kg,2025-04-16
Vietnam Airlines,PQC0283,2.000.997 VND/khách,15:05,25 thg 4,25 thg 4,16:10,1h 5m,"Phú Quốc (PQC)
Sân bay Phú Quốc",Hành lý xách tay 1 x 12 kg,Hành lý 23 kg,2025-04-16
Vietnam Airlines,PQC0197,1.246.906 VND/khách,05:40,26 thg 4,26 thg 4,06:40,1h 0m,"Phú Quốc (PQC)
Sân bay Phú Quốc",Hành lý xách tay 1 x 12 kg,Hành lý 23 kg,2025-04-16
Vietravel Airlines,PQC0338,1.219.943 VND/khách,17:25,26 thg 4,26 thg 4,18:25,1h 0m,"Phú Quốc (PQC)
Sân bay Phú Quốc",Hành lý xách tay 7 kg,Hành lý 0 kg,2025-04-16
Vietnam Airlines,PQC0176,1.358.570 VND/khách,05:25,26 thg 4,26 thg 4,06:20,55m,"Phú Quốc (PQC)
Sân bay Phú Quốc",Hành lý xách tay 1 x 12 kg,Hành lý 23 kg,2025-04-16
Vietnam Airlines,PQC0297,1.570.524 VND/khách,17:25,26 thg 4,26 thg 4,18:25,1h 0m,"Phú Quốc (PQC)
Sân bay Phú Quốc",Hành lý xách tay 1 x 12 kg,Hành lý 23 kg,2025-04-16
VietJet Air,PQC0032,1.596.000 VND/khách,05:55,26 thg 4,26 thg 4,06:55,1h 0m,"Phú Quốc (PQC)
Sân bay Phú Quốc",Hành lý xách tay 7 kg,Hành lý 0 kg,2025-04-16
VietJet Air,PQC0147,1.596.000 VND/khách,17:10,26 thg 4,26 thg 4,18:15,1h 5m,"Phú Quốc (PQC)
Sân bay Phú Quốc",Hành lý xách tay 7 kg,Hành lý 0 kg,2025-04-16
VietJet Air,PQC0103,1.715.000 VND/khách,14:05,26 thg 4,26 thg 4,15:05,1h 0m,"Phú Quốc (PQC)
Sân bay Phú Quốc",Hành lý xách tay 7 kg,Hành lý 0 kg,2025-04-16
Vietnam Airlines,PQC0312,1.759.731 VND/khách,20:20,26 thg 4,26 thg 4,21:20,1h 0m,"Phú Quốc (PQC)
Sân bay Phú Quốc",Hành lý xách tay 1 x 12 kg,Hành lý 23 kg,2025-04-16
VietJet Air,PQC0124,1.803.000 VND/khách,15:40,26 thg 4,26 thg 4,16:40,1h 0m,"Phú Quốc (PQC)
Sân bay Phú Quốc",Hành lý xách tay 7 kg,Hành lý 0 kg,2025-04-16
VietJet Air,PQC0057,1.829.000 VND/khách,09:20,26 thg 4,26 thg 4,10:20,1h 0m,"Phú Quốc (PQC)
Sân bay Phú Quốc",Hành lý xách tay 7 kg,Hành lý 0 kg,2025-04-16
VietJet Air,PQC0081,1.829.000 VND/khách,11:35,26 thg 4,26 thg 4,12:35,1h 0m,"Phú Quốc (PQC)
Sân bay Phú Quốc",Hành lý xách tay 7 kg,Hành lý 0 kg,2025-04-16
Vietnam Airlines,PQC0219,1.849.682 VND/khách,08:10,26 thg 4,26 thg 4,08:55,45m,"Phú Quốc (PQC)
Sân bay Phú Quốc",Hành lý xách tay 1 x 12 kg,Hành lý 23 kg,2025-04-16
Vietnam Airlines,PQC0284,1.849.682 VND/khách,15:05,26 thg 4,26 thg 4,16:10,1h 5m,"Phú Quốc (PQC)
Sân bay Phú Quốc",Hành lý xách tay 1 x 12 kg,Hành lý 23 kg,2025-04-16
Vietnam Airlines,PQC0241,1.969.616 VND/khách,10:25,26 thg 4,26 thg 4,11:25,1h 0m,"Phú Quốc (PQC)
Sân bay Phú Quốc",Hành lý xách tay 1 x 12 kg,Hành lý 23 kg,2025-04-16
Vietnam Airlines,PQC0198,1.266.300 VND/khách,05:40,27 thg 4,27 thg 4,06:40,1h 0m,"Phú Quốc (PQC)
Sân bay Phú Quốc",Hành lý xách tay 1 x 12 kg,Hành lý 23 kg,2025-04-16
Bamboo Airways,PQC0012,1.043.700 VND/khách,16:30,27 thg 4,27 thg 4,17:30,1h 0m,"Phú Quốc (PQC)
Sân bay Phú Quốc",Hành lý xách tay 7 kg,Hành lý 0 kg,2025-04-16
Vietnam Airlines,PQC0177,1.152.900 VND/khách,05:25,27 thg 4,27 thg 4,06:20,55m,"Phú Quốc (PQC)
Sân bay Phú Quốc",Hành lý xách tay 1 x 12 kg,Hành lý 23 kg,2025-04-16
Vietravel Airlines,PQC0339,1.165.962 VND/khách,17:25,27 thg 4,27 thg 4,18:25,1h 0m,"Phú Quốc (PQC)
Sân bay Phú Quốc",Hành lý xách tay 7 kg,Hành lý 0 kg,2025-04-16
Vietnam Airlines,PQC0302,1.379.700 VND/khách,19:20,27 thg 4,27 thg 4,20:20,1h 0m,"Phú Quốc (PQC)
Sân bay Phú Quốc",Hành lý xách tay 1 x 12 kg,Hành lý 23 kg,2025-04-16
Vietnam Airlines,PQC0313,1.493.100 VND/khách,20:20,27 thg 4,27 thg 4,21:20,1h 0m,"Phú Quốc (PQC)
Sân bay Phú Quốc",Hành lý xách tay 1 x 12 kg,Hành lý 23 kg,2025-04-16
Vietnam Airlines,PQC0242,1.594.950 VND/khách,10:25,27 thg 4,27 thg 4,11:25,1h 0m,"Phú Quốc (PQC)
Sân bay Phú Quốc",Hành lý xách tay 1 x 12 kg,Hành lý 23 kg,2025-04-16
VietJet Air,PQC0033,1.622.391 VND/khách,05:55,27 thg 4,27 thg 4,06:55,1h 0m,"Phú Quốc (PQC)
Sân bay Phú Quốc",Hành lý xách tay 7 kg,Hành lý 0 kg,2025-04-16
VietJet Air,PQC0104,1.622.391 VND/khách,14:05,27 thg 4,27 thg 4,15:05,1h 0m,"Phú Quốc (PQC)
Sân bay Phú Quốc",Hành lý xách tay 7 kg,Hành lý 0 kg,2025-04-16
VietJet Air,PQC0125,1.622.391 VND/khách,15:40,27 thg 4,27 thg 4,16:40,1h 0m,"Phú Quốc (PQC)
Sân bay Phú Quốc",Hành lý xách tay 7 kg,Hành lý 0 kg,2025-04-16
VietJet Air,PQC0148,1.622.391 VND/khách,17:10,27 thg 4,27 thg 4,18:15,1h 5m,"Phú Quốc (PQC)
Sân bay Phú Quốc",Hành lý xách tay 7 kg,Hành lý 0 kg,2025-04-16
Vietnam Airlines,PQC0285,1.696.800 VND/khách,15:05,27 thg 4,27 thg 4,16:10,1h 5m,"Phú Quốc (PQC)
Sân bay Phú Quốc",Hành lý xách tay 1 x 12 kg,Hành lý 23 kg,2025-04-16
VietJet Air,PQC0082,1.828.650 VND/khách,11:35,27 thg 4,27 thg 4,12:35,1h 0m,"Phú Quốc (PQC)
Sân bay Phú Quốc",Hành lý xách tay 7 kg,Hành lý 0 kg,2025-04-16
VietJet Air,PQC0058,1.858.231 VND/khách,09:20,27 thg 4,27 thg 4,10:20,1h 0m,"Phú Quốc (PQC)
Sân bay Phú Quốc",Hành lý xách tay 7 kg,Hành lý 0 kg,2025-04-16
Vietnam Airlines,PQC0220,1.935.150 VND/khách,08:10,27 thg 4,27 thg 4,08:55,45m,"Phú Quốc (PQC)
Sân bay Phú Quốc",Hành lý xách tay 1 x 12 kg,Hành lý 23 kg,2025-04-16
Vietnam Airlines,PQC0265,1.935.150 VND/khách,13:05,27 thg 4,27 thg 4,14:00,55m,"Phú Quốc (PQC)
Sân bay Phú Quốc",Hành lý xách tay 1 x 12 kg,Hành lý 23 kg,2025-04-16
Vietnam Airlines,PQC0199,1.152.900 VND/khách,05:40,28 thg 4,28 thg 4,06:40,1h 0m,"Phú Quốc (PQC)
Sân bay Phú Quốc",Hành lý xách tay 1 x 12 kg,Hành lý 23 kg,2025-04-16
Bamboo Airways,PQC0013,1.043.700 VND/khách,16:30,28 thg 4,28 thg 4,17:30,1h 0m,"Phú Quốc (PQC)
Sân bay Phú Quốc",Hành lý xách tay 7 kg,Hành lý 0 kg,2025-04-16
Vietnam Airlines,PQC0178,1.152.900 VND/khách,05:25,28 thg 4,28 thg 4,06:20,55m,"Phú Quốc (PQC)
Sân bay Phú Quốc",Hành lý xách tay 1 x 12 kg,Hành lý 23 kg,2025-04-16
Vietravel Airlines,PQC0340,1.165.962 VND/khách,17:25,28 thg 4,28 thg 4,18:25,1h 0m,"Phú Quốc (PQC)
Sân bay Phú Quốc",Hành lý xách tay 7 kg,Hành lý 0 kg,2025-04-16
VietJet Air,PQC0034,1.445.443 VND/khách,05:55,28 thg 4,28 thg 4,06:55,1h 0m,"Phú Quốc (PQC)
Sân bay Phú Quốc",Hành lý xách tay 7 kg,Hành lý 0 kg,2025-04-16
Vietnam Airlines,PQC0298,1.493.100 VND/khách,17:25,28 thg 4,28 thg 4,18:25,1h 0m,"Phú Quốc (PQC)
Sân bay Phú Quốc",Hành lý xách tay 1 x 12 kg,Hành lý 23 kg,2025-04-16
Vietnam Airlines,PQC0221,1.594.950 VND/khách,08:10,28 thg 4,28 thg 4,08:55,45m,"Phú Quốc (PQC)
Sân bay Phú Quốc",Hành lý xách tay 1 x 12 kg,Hành lý 23 kg,2025-04-16
Vietnam Airlines,PQC0314,1.594.950 VND/khách,20:20,28 thg 4,28 thg 4,21:20,1h 0m,"Phú Quốc (PQC)
Sân bay Phú Quốc",Hành lý xách tay 1 x 12 kg,Hành lý 23 kg,2025-04-16
VietJet Air,PQC0149,1.622.391 VND/khách,17:10,28 thg 4,28 thg 4,18:15,1h 5m,"Phú Quốc (PQC)
Sân bay Phú Quốc",Hành lý xách tay 7 kg,Hành lý 0 kg,2025-04-16
VietJet Air,PQC0105,1.740.176 VND/khách,14:05,28 thg 4,28 thg 4,15:05,1h 0m,"Phú Quốc (PQC)
Sân bay Phú Quốc",Hành lý xách tay 7 kg,Hành lý 0 kg,2025-04-16
VietJet Air,PQC0126,1.740.176 VND/khách,15:40,28 thg 4,28 thg 4,16:40,1h 0m,"Phú Quốc (PQC)
Sân bay Phú Quốc",Hành lý xách tay 7 kg,Hành lý 0 kg,2025-04-16
VietJet Air,PQC0083,1.747.502 VND/khách,11:35,28 thg 4,28 thg 4,12:35,1h 0m,"Phú Quốc (PQC)
Sân bay Phú Quốc",Hành lý xách tay 7 kg,Hành lý 0 kg,2025-04-16
VietJet Air,PQC0059,1.828.650 VND/khách,09:20,28 thg 4,28 thg 4,10:20,1h 0m,"Phú Quốc (PQC)
Sân bay Phú Quốc",Hành lý xách tay 7 kg,Hành lý 0 kg,2025-04-16
Vietnam Airlines,PQC0243,1.878.450 VND/khách,10:25,28 thg 4,28 thg 4,11:25,1h 0m,"Phú Quốc (PQC)
Sân bay Phú Quốc",Hành lý xách tay 1 x 12 kg,Hành lý 23 kg,2025-04-16
Vietnam Airlines,PQC0286,1.935.150 VND/khách,15:05,28 thg 4,28 thg 4,16:10,1h 5m,"Phú Quốc (PQC)
Sân bay Phú Quốc",Hành lý xách tay 1 x 12 kg,Hành lý 23 kg,2025-04-16
Vietnam Airlines,PQC0266,2.000.250 VND/khách,13:05,28 thg 4,28 thg 4,14:00,55m,"Phú Quốc (PQC)
Sân bay Phú Quốc",Hành lý xách tay 1 x 12 kg,Hành lý 23 kg,2025-04-16
Vietnam Airlines,PQC0200,2.000.250 VND/khách,05:40,29 thg 4,29 thg 4,06:40,1h 0m,"Phú Quốc (PQC)
Sân bay Phú Quốc",Hành lý xách tay 1 x 12 kg,Hành lý 23 kg,2025-04-16
Vietnam Airlines,PQC0179,1.787.100 VND/khách,05:25,29 thg 4,29 thg 4,06:20,55m,"Phú Quốc (PQC)
Sân bay Phú Quốc",Hành lý xách tay 1 x 12 kg,Hành lý 23 kg,2025-04-16
VietJet Air,PQC0035,1.828.650 VND/khách,05:55,29 thg 4,29 thg 4,06:55,1h 0m,"Phú Quốc (PQC)
Sân bay Phú Quốc",Hành lý xách tay 7 kg,Hành lý 0 kg,2025-04-16
VietJet Air,PQC0127,1.828.650 VND/khách,15:40,29 thg 4,29 thg 4,16:40,1h 0m,"Phú Quốc (PQC)
Sân bay Phú Quốc",Hành lý xách tay 7 kg,Hành lý 0 kg,2025-04-16
VietJet Air,PQC0040,1.828.650 VND/khách,08:25,29 thg 4,29 thg 4,09:30,1h 5m,"Phú Quốc (PQC)
Sân bay Phú Quốc",Hành lý xách tay 7 kg,Hành lý 0 kg,2025-04-16
VietJet Air,PQC0060,1.858.231 VND/khách,09:20,29 thg 4,29 thg 4,10:20,1h 0m,"Phú Quốc (PQC)
Sân bay Phú Quốc",Hành lý xách tay 7 kg,Hành lý 0 kg,2025-04-16
VietJet Air,PQC0084,1.858.231 VND/khách,11:35,29 thg 4,29 thg 4,12:35,1h 0m,"Phú Quốc (PQC)
Sân bay Phú Quốc",Hành lý xách tay 7 kg,Hành lý 0 kg,2025-04-16
VietJet Air,PQC0106,1.858.231 VND/khách,14:05,29 thg 4,29 thg 4,15:05,1h 0m,"Phú Quốc (PQC)
Sân bay Phú Quốc",Hành lý xách tay 7 kg,Hành lý 0 kg,2025-04-16
Vietravel Airlines,PQC0341,1.869.042 VND/khách,17:25,29 thg 4,29 thg 4,18:25,1h 0m,"Phú Quốc (PQC)
Sân bay Phú Quốc",Hành lý xách tay 7 kg,Hành lý 0 kg,2025-04-16
Vietnam Airlines,PQC0200,2.000.250 VND/khách,05:40,29 thg 4,29 thg 4,06:40,1h 0m,"Phú Quốc (PQC)
Sân bay Phú Quốc",Hành lý xách tay 1 x 12 kg,Hành lý 23 kg,2025-04-16
Vietnam Airlines,PQC0299,2.000.250 VND/khách,17:25,29 thg 4,29 thg 4,18:25,1h 0m,"Phú Quốc (PQC)
Sân bay Phú Quốc",Hành lý xách tay 1 x 12 kg,Hành lý 23 kg,2025-04-16
Vietnam Airlines,PQC0321,2.000.250 VND/khách,21:05,29 thg 4,29 thg 4,22:05,1h 0m,"Phú Quốc (PQC)
Sân bay Phú Quốc",Hành lý xách tay 1 x 12 kg,Hành lý 23 kg,2025-04-16
Vietnam Airlines,PQC0300,2.000.250 VND/khách,17:25,30 thg 4,30 thg 4,18:25,1h 0m,"Phú Quốc (PQC)
Sân bay Phú Quốc",Hành lý xách tay 1 x 12 kg,Hành lý 23 kg,2025-04-16
VietJet Air,PQC0085,3.806.022 VND/khách,11:35,30 thg 4,30 thg 4,12:35,1h 0m,"Phú Quốc (PQC)
Sân bay Phú Quốc",Hành lý xách tay 7 kg,Hành lý 0 kg,2025-04-16
Vietnam Airlines,PQC0304,1.992.006 VND/khách,20:20,01 thg 5,01 thg 5,21:20,1h 0m,"Phú Quốc (PQC)
Sân bay Phú Quốc",Hành lý xách tay 1 x 12 kg,Hành lý 23 kg,2025-04-17
VietJet Air,PQC0016,1.903.000 VND/khách,05:55,01 thg 5,01 thg 5,06:55,1h 0m,"Phú Quốc (PQC)
Sân bay Phú Quốc",Hành lý xách tay 7 kg,Hành lý 0 kg,2025-04-17
VietJet Air,PQC0131,1.903.000 VND/khách,17:10,01 thg 5,01 thg 5,18:15,1h 5m,"Phú Quốc (PQC)
Sân bay Phú Quốc",Hành lý xách tay 7 kg,Hành lý 0 kg,2025-04-17
VietJet Air,PQC0154,1.903.000 VND/khách,17:40,01 thg 5,01 thg 5,18:45,1h 5m,"Phú Quốc (PQC)
Sân bay Phú Quốc",Hành lý xách tay 7 kg,Hành lý 0 kg,2025-04-17
Vietravel Airlines,PQC0322,1.934.464 VND/khách,17:25,01 thg 5,01 thg 5,18:25,1h 0m,"Phú Quốc (PQC)
Sân bay Phú Quốc",Hành lý xách tay 7 kg,Hành lý 0 kg,2025-04-17
Bamboo Airways,PQC0001,1.934.703 VND/khách,16:30,01 thg 5,01 thg 5,17:30,1h 0m,"Phú Quốc (PQC)
Sân bay Phú Quốc",Hành lý xách tay 7 kg,Hành lý 20 kg,2025-04-17
Vietnam Airlines,PQC0166,2.045.827 VND/khách,05:25,01 thg 5,01 thg 5,06:20,55m,"Phú Quốc (PQC)
Sân bay Phú Quốc",Hành lý xách tay 1 x 12 kg,Hành lý 23 kg,2025-04-17
Vietnam Airlines,PQC0305,1.991.007 VND/khách,20:20,02 thg 5,02 thg 5,21:20,1h 0m,"Phú Quốc (PQC)
Sân bay Phú Quốc",Hành lý xách tay 1 x 12 kg,Hành lý 23 kg,2025-04-17
Vietnam Airlines,PQC0167,1.598.400 VND/khách,05:25,02 thg 5,02 thg 5,06:20,55m,"Phú Quốc (PQC)
Sân bay Phú Quốc",Hành lý xách tay 1 x 12 kg,Hành lý 23 kg,2025-04-17
Bamboo Airways,PQC0002,1.616.425 VND/khách,16:30,02 thg 5,02 thg 5,17:30,1h 0m,"Phú Quốc (PQC)
Sân bay Phú Quốc",Hành lý xách tay 7 kg,Hành lý 0 kg,2025-04-17
Vietravel Airlines,PQC0323,1.683.351 VND/khách,17:25,02 thg 5,02 thg 5,18:25,1h 0m,"Phú Quốc (PQC)
Sân bay Phú Quốc",Hành lý xách tay 7 kg,Hành lý 0 kg,2025-04-17
VietJet Air,PQC0017,1.700.000 VND/khách,05:55,02 thg 5,02 thg 5,06:55,1h 0m,"Phú Quốc (PQC)
Sân bay Phú Quốc",Hành lý xách tay 7 kg,Hành lý 0 kg,2025-04-17
VietJet Air,PQC0109,1.700.000 VND/khách,15:40,02 thg 5,02 thg 5,16:40,1h 0m,"Phú Quốc (PQC)
Sân bay Phú Quốc",Hành lý xách tay 7 kg,Hành lý 0 kg,2025-04-17
VietJet Air,PQC0132,1.700.000 VND/khách,17:10,02 thg 5,02 thg 5,18:15,1h 5m,"Phú Quốc (PQC)
Sân bay Phú Quốc",Hành lý xách tay 7 kg,Hành lý 0 kg,2025-04-17
VietJet Air,PQC0088,1.787.000 VND/khách,14:05,02 thg 5,02 thg 5,15:05,1h 0m,"Phú Quốc (PQC)
Sân bay Phú Quốc",Hành lý xách tay 7 kg,Hành lý 0 kg,2025-04-17
VietJet Air,PQC0042,1.905.000 VND/khách,09:20,02 thg 5,02 thg 5,10:20,1h 0m,"Phú Quốc (PQC)
Sân bay Phú Quốc",Hành lý xách tay 7 kg,Hành lý 0 kg,2025-04-17
Vietnam Airlines,PQC0305,1.991.007 VND/khách,20:20,02 thg 5,02 thg 5,21:20,1h 0m,"Phú Quốc (PQC)
Sân bay Phú Quốc",Hành lý xách tay 1 x 12 kg,Hành lý 23 kg,2025-04-17
Vietnam Airlines,PQC0269,1.998.000 VND/khách,15:05,02 thg 5,02 thg 5,16:10,1h 5m,"Phú Quốc (PQC)
Sân bay Phú Quốc",Hành lý xách tay 1 x 12 kg,Hành lý 23 kg,2025-04-17
Vietnam Airlines,PQC0182,2.012.985 VND/khách,05:40,02 thg 5,02 thg 5,06:40,1h 0m,"Phú Quốc (PQC)
Sân bay Phú Quốc",Hành lý xách tay 1 x 12 kg,Hành lý 23 kg,2025-04-17
Vietnam Airlines,PQC0248,2.045.827 VND/khách,13:00,02 thg 5,02 thg 5,14:00,1h 0m,"Phú Quốc (PQC)
Sân bay Phú Quốc",Hành lý xách tay 1 x 12 kg,Hành lý 23 kg,2025-04-17
Vietnam Airlines,PQC0183,1.502.496 VND/khách,05:40,03 thg 5,03 thg 5,06:40,1h 0m,"Phú Quốc (PQC)
Sân bay Phú Quốc",Hành lý xách tay 1 x 12 kg,Hành lý 23 kg,2025-04-17
Bamboo Airways,PQC0003,1.251.525 VND/khách,16:30,03 thg 5,03 thg 5,17:30,1h 0m,"Phú Quốc (PQC)
Sân bay Phú Quốc",Hành lý xách tay 7 kg,Hành lý 0 kg,2025-04-17
Vietnam Airlines,PQC0168,1.276.722 VND/khách,05:25,03 thg 5,03 thg 5,06:20,55m,"Phú Quốc (PQC)
Sân bay Phú Quốc",Hành lý xách tay 1 x 12 kg,Hành lý 23 kg,2025-04-17
Vietravel Airlines,PQC0324,1.303.733 VND/khách,17:25,03 thg 5,03 thg 5,18:25,1h 0m,"Phú Quốc (PQC)
Sân bay Phú Quốc",Hành lý xách tay 7 kg,Hành lý 0 kg,2025-04-17
Vietnam Airlines,PQC0306,1.602.396 VND/khách,20:20,03 thg 5,03 thg 5,21:20,1h 0m,"Phú Quốc (PQC)
Sân bay Phú Quốc",Hành lý xách tay 1 x 12 kg,Hành lý 23 kg,2025-04-17
VietJet Air,PQC0089,1.698.000 VND/khách,14:05,03 thg 5,03 thg 5,15:05,1h 0m,"Phú Quốc (PQC)
Sân bay Phú Quốc",Hành lý xách tay 7 kg,Hành lý 0 kg,2025-04-17
VietJet Air,PQC0037,1.698.000 VND/khách,08:25,03 thg 5,03 thg 5,09:30,1h 5m,"Phú Quốc (PQC)
Sân bay Phú Quốc",Hành lý xách tay 7 kg,Hành lý 0 kg,2025-04-17
VietJet Air,PQC0018,1.723.000 VND/khách,05:55,03 thg 5,03 thg 5,06:55,1h 0m,"Phú Quốc (PQC)
Sân bay Phú Quốc",Hành lý xách tay 7 kg,Hành lý 0 kg,2025-04-17
Vietnam Airlines,PQC0204,1.751.247 VND/khách,08:10,03 thg 5,03 thg 5,08:55,45m,"Phú Quốc (PQC)
Sân bay Phú Quốc",Hành lý xách tay 1 x 12 kg,Hành lý 23 kg,2025-04-17
Vietnam Airlines,PQC0270,1.754.244 VND/khách,15:05,03 thg 5,03 thg 5,16:10,1h 5m,"Phú Quốc (PQC)
Sân bay Phú Quốc",Hành lý xách tay 1 x 12 kg,Hành lý 23 kg,2025-04-17
VietJet Air,PQC0133,1.786.000 VND/khách,17:10,03 thg 5,03 thg 5,18:15,1h 5m,"Phú Quốc (PQC)
Sân bay Phú Quốc",Hành lý xách tay 7 kg,Hành lý 0 kg,2025-04-17
VietJet Air,PQC0043,1.815.000 VND/khách,09:20,03 thg 5,03 thg 5,10:20,1h 0m,"Phú Quốc (PQC)
Sân bay Phú Quốc",Hành lý xách tay 7 kg,Hành lý 0 kg,2025-04-17
VietJet Air,PQC0067,1.815.000 VND/khách,11:35,03 thg 5,03 thg 5,12:35,1h 0m,"Phú Quốc (PQC)
Sân bay Phú Quốc",Hành lý xách tay 7 kg,Hành lý 0 kg,2025-04-17
VietJet Air,PQC0110,1.815.000 VND/khách,15:40,03 thg 5,03 thg 5,16:40,1h 0m,"Phú Quốc (PQC)
Sân bay Phú Quốc",Hành lý xách tay 7 kg,Hành lý 0 kg,2025-04-17
Vietnam Airlines,PQC0252,1.918.080 VND/khách,13:05,03 thg 5,03 thg 5,14:00,55m,"Phú Quốc (PQC)
Sân bay Phú Quốc",Hành lý xách tay 1 x 12 kg,Hành lý 23 kg,2025-04-17
Vietnam Airlines,PQC0227,1.925.073 VND/khách,10:25,03 thg 5,03 thg 5,11:25,1h 0m,"Phú Quốc (PQC)
Sân bay Phú Quốc",Hành lý xách tay 1 x 12 kg,Hành lý 23 kg,2025-04-17
Vietnam Airlines,PQC0184,1.254.671 VND/khách,05:40,04 thg 5,04 thg 5,06:40,1h 0m,"Phú Quốc (PQC)
Sân bay Phú Quốc",Hành lý xách tay 1 x 12 kg,Hành lý 23 kg,2025-04-17
Vietravel Airlines,PQC0325,748.125 VND/khách,17:25,04 thg 5,04 thg 5,18:25,1h 0m,"Phú Quốc (PQC)
Sân bay Phú Quốc",Hành lý xách tay 7 kg,Hành lý 0 kg,2025-04-17
VietJet Air,PQC0134,802.000 VND/khách,17:10,04 thg 5,04 thg 5,18:15,1h 5m,"Phú Quốc (PQC)
Sân bay Phú Quốc",Hành lý xách tay 7 kg,Hành lý 0 kg,2025-04-17
Bamboo Airways,PQC0004,869.953 VND/khách,16:30,04 thg 5,04 thg 5,17:30,1h 0m,"Phú Quốc (PQC)
Sân bay Phú Quốc",Hành lý xách tay 7 kg,Hành lý 0 kg,2025-04-17
VietJet Air,PQC0019,1.031.000 VND/khách,05:55,04 thg 5,04 thg 5,06:55,1h 0m,"Phú Quốc (PQC)
Sân bay Phú Quốc",Hành lý xách tay 7 kg,Hành lý 0 kg,2025-04-17
Vietnam Airlines,PQC0169,1.094.904 VND/khách,05:25,04 thg 5,04 thg 5,06:20,55m,"Phú Quốc (PQC)
Sân bay Phú Quốc",Hành lý xách tay 1 x 12 kg,Hành lý 23 kg,2025-04-17
VietJet Air,PQC0015,1.142.000 VND/khách,05:40,04 thg 5,04 thg 5,06:40,1h 0m,"Phú Quốc (PQC)
Sân bay Phú Quốc",Hành lý xách tay 1 x 12 kg,Hành lý 23 kg,2025-04-17
VietJet Air,PQC0068,1.166.000 VND/khách,11:35,04 thg 5,04 thg 5,12:35,1h 0m,"Phú Quốc (PQC)
Sân bay Phú Quốc",Hành lý xách tay 7 kg,Hành lý 0 kg,2025-04-17
Vietnam Airlines,PQC0184,1.254.671 VND/khách,05:40,04 thg 5,04 thg 5,06:40,1h 0m,"Phú Quốc (PQC)
Sân bay Phú Quốc",Hành lý xách tay 1 x 12 kg,Hành lý 23 kg,2025-04-17
Vietnam Airlines,PQC0307,1.254.744 VND/khách,20:20,04 thg 5,04 thg 5,21:20,1h 0m,"Phú Quốc (PQC)
Sân bay Phú Quốc",Hành lý xách tay 1 x 12 kg,Hành lý 23 kg,2025-04-17
VietJet Air,PQC0044,1.288.000 VND/khách,09:20,04 thg 5,04 thg 5,10:20,1h 0m,"Phú Quốc (PQC)
Sân bay Phú Quốc",Hành lý xách tay 7 kg,Hành lý 0 kg,2025-04-17
Vietnam Airlines,PQC0271,1.383.615 VND/khách,15:05,04 thg 5,04 thg 5,16:10,1h 5m,"Phú Quốc (PQC)
Sân bay Phú Quốc",Hành lý xách tay 1 x 12 kg,Hành lý 23 kg,2025-04-17
Vietnam Airlines,PQC0205,1.495.503 VND/khách,08:10,04 thg 5,04 thg 5,08:55,45m,"Phú Quốc (PQC)
Sân bay Phú Quốc",Hành lý xách tay 1 x 12 kg,Hành lý 23 kg,2025-04-17
Vietnam Airlines,PQC0253,1.602.396 VND/khách,13:05,04 thg 5,04 thg 5,14:00,55m,"Phú Quốc (PQC)
Sân bay Phú Quốc",Hành lý xách tay 1 x 12 kg,Hành lý 23 kg,2025-04-17
Vietnam Airlines,PQC0228,1.602.396 VND/khách,10:25,04 thg 5,04 thg 5,11:25,1h 0m,"Phú Quốc (PQC)
Sân bay Phú Quốc",Hành lý xách tay 1 x 12 kg,Hành lý 23 kg,2025-04-17
VietJet Air,PQC0111,1.901.248 VND/khách,15:40,04 thg 5,04 thg 5,16:40,1h 0m,"Phú Quốc (PQC)
Sân bay Phú Quốc",Hành lý xách tay 7 kg,Hành lý 0 kg,2025-04-17
Vietnam Airlines,PQC0185,1.367.030 VND/khách,05:40,05 thg 5,05 thg 5,06:40,1h 0m,"Phú Quốc (PQC)
Sân bay Phú Quốc",Hành lý xách tay 1 x 12 kg,Hành lý 23 kg,2025-04-17
Vietravel Airlines,PQC0326,748.125 VND/khách,17:25,05 thg 5,05 thg 5,18:25,1h 0m,"Phú Quốc (PQC)
Sân bay Phú Quốc",Hành lý xách tay 7 kg,Hành lý 0 kg,2025-04-17
VietJet Air,PQC0112,803.000 VND/khách,15:40,05 thg 5,05 thg 5,16:40,1h 0m,"Phú Quốc (PQC)
Sân bay Phú Quốc",Hành lý xách tay 7 kg,Hành lý 0 kg,2025-04-17
VietJet Air,PQC0135,803.000 VND/khách,17:10,05 thg 5,05 thg 5,18:15,1h 5m,"Phú Quốc (PQC)
Sân bay Phú Quốc",Hành lý xách tay 7 kg,Hành lý 0 kg,2025-04-17
Vietnam Airlines,PQC0170,839.160 VND/khách,05:25,05 thg 5,05 thg 5,06:20,55m,"Phú Quốc (PQC)
Sân bay Phú Quốc",Hành lý xách tay 1 x 12 kg,Hành lý 0 kg,2025-04-17
Bamboo Airways,PQC0005,874.325 VND/khách,16:30,05 thg 5,05 thg 5,17:30,1h 0m,"Phú Quốc (PQC)
Sân bay Phú Quốc",Hành lý xách tay 7 kg,Hành lý 0 kg,2025-04-17
VietJet Air,PQC0020,1.032.000 VND/khách,05:55,05 thg 5,05 thg 5,06:55,1h 0m,"Phú Quốc (PQC)
Sân bay Phú Quốc",Hành lý xách tay 7 kg,Hành lý 0 kg,2025-04-17
VietJet Air,PQC0069,1.143.000 VND/khách,11:35,05 thg 5,05 thg 5,12:35,1h 0m,"Phú Quốc (PQC)
Sân bay Phú Quốc",Hành lý xách tay 7 kg,Hành lý 0 kg,2025-04-17
VietJet Air,PQC0091,1.143.000 VND/khách,14:05,05 thg 5,05 thg 5,15:05,1h 0m,"Phú Quốc (PQC)
Sân bay Phú Quốc",Hành lý xách tay 7 kg,Hành lý 0 kg,2025-04-17
VietJet Air,PQC0045,1.289.000 VND/khách,09:20,05 thg 5,05 thg 5,10:20,1h 0m,"Phú Quốc (PQC)
Sân bay Phú Quốc",Hành lý xách tay 7 kg,Hành lý 0 kg,2025-04-17
Vietnam Airlines,PQC0185,1.367.030 VND/khách,05:40,05 thg 5,05 thg 5,06:40,1h 0m,"Phú Quốc (PQC)
Sân bay Phú Quốc",Hành lý xách tay 1 x 12 kg,Hành lý 23 kg,2025-04-17
Vietnam Airlines,PQC0308,1.386.612 VND/khách,20:20,05 thg 5,05 thg 5,21:20,1h 0m,"Phú Quốc (PQC)
Sân bay Phú Quốc",Hành lý xách tay 1 x 12 kg,Hành lý 23 kg,2025-04-17
Vietnam Airlines,PQC0272,1.501.497 VND/khách,15:05,05 thg 5,05 thg 5,16:10,1h 5m,"Phú Quốc (PQC)
Sân bay Phú Quốc",Hành lý xách tay 1 x 12 kg,Hành lý 23 kg,2025-04-17
Vietnam Airlines,PQC0254,1.583.415 VND/khách,13:05,05 thg 5,05 thg 5,14:00,55m,"Phú Quốc (PQC)
Sân bay Phú Quốc",Hành lý xách tay 1 x 12 kg,Hành lý 23 kg,2025-04-17
Vietnam Airlines,PQC0206,1.690.308 VND/khách,08:10,05 thg 5,05 thg 5,08:55,45m,"Phú Quốc (PQC)
Sân bay Phú Quốc",Hành lý xách tay 1 x 12 kg,Hành lý 23 kg,2025-04-17
Vietnam Airlines,PQC0229,1.794.204 VND/khách,10:25,05 thg 5,05 thg 5,11:25,1h 0m,"Phú Quốc (PQC)
Sân bay Phú Quốc",Hành lý xách tay 1 x 12 kg,Hành lý 23 kg,2025-04-17
Vietnam Airlines,PQC0186,1.367.030 VND/khách,05:40,06 thg 5,06 thg 5,06:40,1h 0m,"Phú Quốc (PQC)
Sân bay Phú Quốc",Hành lý xách tay 1 x 12 kg,Hành lý 23 kg,2025-04-17
Vietravel Airlines,PQC0327,748.125 VND/khách,17:25,06 thg 5,06 thg 5,18:25,1h 0m,"Phú Quốc (PQC)
Sân bay Phú Quốc",Hành lý xách tay 7 kg,Hành lý 0 kg,2025-04-17
VietJet Air,PQC0021,803.000 VND/khách,05:55,06 thg 5,06 thg 5,06:55,1h 0m,"Phú Quốc (PQC)
Sân bay Phú Quốc",Hành lý xách tay 7 kg,Hành lý 0 kg,2025-04-17
VietJet Air,PQC0113,803.000 VND/khách,15:40,06 thg 5,06 thg 5,16:40,1h 0m,"Phú Quốc (PQC)
Sân bay Phú Quốc",Hành lý xách tay 7 kg,Hành lý 0 kg,2025-04-17
VietJet Air,PQC0136,803.000 VND/khách,17:10,06 thg 5,06 thg 5,18:15,1h 5m,"Phú Quốc (PQC)
Sân bay Phú Quốc",Hành lý xách tay 7 kg,Hành lý 0 kg,2025-04-17
VietJet Air,PQC0046,1.143.000 VND/khách,09:20,06 thg 5,06 thg 5,10:20,1h 0m,"Phú Quốc (PQC)
Sân bay Phú Quốc",Hành lý xách tay 7 kg,Hành lý 0 kg,2025-04-17
VietJet Air,PQC0070,1.143.000 VND/khách,11:35,06 thg 5,06 thg 5,12:35,1h 0m,"Phú Quốc (PQC)
Sân bay Phú Quốc",Hành lý xách tay 7 kg,Hành lý 0 kg,2025-04-17
VietJet Air,PQC0092,1.143.000 VND/khách,14:05,06 thg 5,06 thg 5,15:05,1h 0m,"Phú Quốc (PQC)
Sân bay Phú Quốc",Hành lý xách tay 7 kg,Hành lý 0 kg,2025-04-17
Vietnam Airlines,PQC0186,1.367.030 VND/khách,05:40,06 thg 5,06 thg 5,06:40,1h 0m,"Phú Quốc (PQC)
Sân bay Phú Quốc",Hành lý xách tay 1 x 12 kg,Hành lý 23 kg,2025-04-17
Vietnam Airlines,PQC0273,1.501.497 VND/khách,15:05,06 thg 5,06 thg 5,16:10,1h 5m,"Phú Quốc (PQC)
Sân bay Phú Quốc",Hành lý xách tay 1 x 12 kg,Hành lý 23 kg,2025-04-17
Vietnam Airlines,PQC0207,1.594.404 VND/khách,08:10,06 thg 5,06 thg 5,08:55,45m,"Phú Quốc (PQC)
Sân bay Phú Quốc",Hành lý xách tay 1 x 12 kg,Hành lý 23 kg,2025-04-17
Vietnam Airlines,PQC0255,1.598.400 VND/khách,13:05,06 thg 5,06 thg 5,14:00,55m,"Phú Quốc (PQC)
Sân bay Phú Quốc",Hành lý xách tay 1 x 12 kg,Hành lý 23 kg,2025-04-17
Vietnam Airlines,PQC0230,1.757.241 VND/khách,10:25,06 thg 5,06 thg 5,11:25,1h 0m,"Phú Quốc (PQC)
Sân bay Phú Quốc",Hành lý xách tay 1 x 12 kg,Hành lý 23 kg,2025-04-17
Vietnam Airlines,PQC0187,1.367.030 VND/khách,05:40,07 thg 5,07 thg 5,06:40,1h 0m,"Phú Quốc (PQC)
Sân bay Phú Quốc",Hành lý xách tay 1 x 12 kg,Hành lý 23 kg,2025-04-17
Vietravel Airlines,PQC0328,748.125 VND/khách,17:25,07 thg 5,07 thg 5,18:25,1h 0m,"Phú Quốc (PQC)
Sân bay Phú Quốc",Hành lý xách tay 7 kg,Hành lý 0 kg,2025-04-17
VietJet Air,PQC0022,802.000 VND/khách,05:55,07 thg 5,07 thg 5,06:55,1h 0m,"Phú Quốc (PQC)
Sân bay Phú Quốc",Hành lý xách tay 7 kg,Hành lý 0 kg,2025-04-17
VietJet Air,PQC0114,802.000 VND/khách,15:40,07 thg 5,07 thg 5,16:40,1h 0m,"Phú Quốc (PQC)
Sân bay Phú Quốc",Hành lý xách tay 7 kg,Hành lý 0 kg,2025-04-17
VietJet Air,PQC0137,802.000 VND/khách,17:10,07 thg 5,07 thg 5,18:15,1h 5m,"Phú Quốc (PQC)
Sân bay Phú Quốc",Hành lý xách tay 7 kg,Hành lý 0 kg,2025-04-17
VietJet Air,PQC0047,1.142.000 VND/khách,09:20,07 thg 5,07 thg 5,10:20,1h 0m,"Phú Quốc (PQC)
Sân bay Phú Quốc",Hành lý xách tay 7 kg,Hành lý 0 kg,2025-04-17
VietJet Air,PQC0071,1.142.000 VND/khách,11:35,07 thg 5,07 thg 5,12:35,1h 0m,"Phú Quốc (PQC)
Sân bay Phú Quốc",Hành lý xách tay 7 kg,Hành lý 0 kg,2025-04-17
VietJet Air,PQC0093,1.142.000 VND/khách,14:05,07 thg 5,07 thg 5,15:05,1h 0m,"Phú Quốc (PQC)
Sân bay Phú Quốc",Hành lý xách tay 7 kg,Hành lý 0 kg,2025-04-17
Bamboo Airways,PQC0006,1.167.757 VND/khách,16:30,07 thg 5,07 thg 5,17:30,1h 0m,"Phú Quốc (PQC)
Sân bay Phú Quốc",Hành lý xách tay 7 kg,Hành lý 0 kg,2025-04-17
Vietnam Airlines,PQC0187,1.367.030 VND/khách,05:40,07 thg 5,07 thg 5,06:40,1h 0m,"Phú Quốc (PQC)
Sân bay Phú Quốc",Hành lý xách tay 1 x 12 kg,Hành lý 23 kg,2025-04-17
Vietnam Airlines,PQC0274,1.602.396 VND/khách,15:05,07 thg 5,07 thg 5,16:10,1h 5m,"Phú Quốc (PQC)
Sân bay Phú Quốc",Hành lý xách tay 1 x 12 kg,Hành lý 23 kg,2025-04-17
Vietnam Airlines,PQC0208,1.676.322 VND/khách,08:10,07 thg 5,07 thg 5,08:55,45m,"Phú Quốc (PQC)
Sân bay Phú Quốc",Hành lý xách tay 1 x 12 kg,Hành lý 23 kg,2025-04-17
Vietnam Airlines,PQC0231,1.703.295 VND/khách,10:25,07 thg 5,07 thg 5,11:25,1h 0m,"Phú Quốc (PQC)
Sân bay Phú Quốc",Hành lý xách tay 1 x 12 kg,Hành lý 23 kg,2025-04-17
Vietnam Airlines,PQC0256,1.884.114 VND/khách,13:05,07 thg 5,07 thg 5,14:00,55m,"Phú Quốc (PQC)
Sân bay Phú Quốc",Hành lý xách tay 1 x 12 kg,Hành lý 23 kg,2025-04-17
Vietnam Airlines,PQC0192,1.367.030 VND/khách,05:40,21 thg 4,21 thg 4,06:40,1h 0m,"Phú Quốc (PQC)
Sân bay Phú Quốc",Hành lý xách tay 1 x 12 kg,Hành lý 23 kg,2025-04-17
Bamboo Airways,PQC0009,869.953 VND/khách,16:30,21 thg 4,21 thg 4,17:30,1h 0m,"Phú Quốc (PQC)
Sân bay Phú Quốc",Hành lý xách tay 7 kg,Hành lý 0 kg,2025-04-17
Vietravel Airlines,PQC0333,881.790 VND/khách,17:25,21 thg 4,21 thg 4,18:25,1h 0m,"Phú Quốc (PQC)
Sân bay Phú Quốc",Hành lý xách tay 7 kg,Hành lý 0 kg,2025-04-17
VietJet Air,PQC0119,1.032.000 VND/khách,15:40,21 thg 4,21 thg 4,16:40,1h 0m,"Phú Quốc (PQC)
Sân bay Phú Quốc",Hành lý xách tay 7 kg,Hành lý 0 kg,2025-04-17
VietJet Air,PQC0142,1.032.000 VND/khách,17:10,21 thg 4,21 thg 4,18:15,1h 5m,"Phú Quốc (PQC)
Sân bay Phú Quốc",Hành lý xách tay 7 kg,Hành lý 0 kg,2025-04-17
VietJet Air,PQC0027,1.143.000 VND/khách,05:55,21 thg 4,21 thg 4,06:55,1h 0m,"Phú Quốc (PQC)
Sân bay Phú Quốc",Hành lý xách tay 7 kg,Hành lý 0 kg,2025-04-17
VietJet Air,PQC0076,1.289.000 VND/khách,11:35,21 thg 4,21 thg 4,12:35,1h 0m,"Phú Quốc (PQC)
Sân bay Phú Quốc",Hành lý xách tay 7 kg,Hành lý 0 kg,2025-04-17
VietJet Air,PQC0098,1.289.000 VND/khách,14:05,21 thg 4,21 thg 4,15:05,1h 0m,"Phú Quốc (PQC)
Sân bay Phú Quốc",Hành lý xách tay 7 kg,Hành lý 0 kg,2025-04-17
Vietnam Airlines,PQC0192,1.367.030 VND/khách,05:40,21 thg 4,21 thg 4,06:40,1h 0m,"Phú Quốc (PQC)
Sân bay Phú Quốc",Hành lý xách tay 1 x 12 kg,Hành lý 23 kg,2025-04-17
VietJet Air,PQC0052,1.618.000 VND/khách,09:20,21 thg 4,21 thg 4,10:20,1h 0m,"Phú Quốc (PQC)
Sân bay Phú Quốc",Hành lý xách tay 7 kg,Hành lý 0 kg,2025-04-17
Vietnam Airlines,PQC0213,1.672.326 VND/khách,08:10,21 thg 4,21 thg 4,08:55,45m,"Phú Quốc (PQC)
Sân bay Phú Quốc",Hành lý xách tay 1 x 12 kg,Hành lý 23 kg,2025-04-17
Vietnam Airlines,PQC0279,1.972.026 VND/khách,15:05,21 thg 4,21 thg 4,16:10,1h 5m,"Phú Quốc (PQC)
Sân bay Phú Quốc",Hành lý xách tay 1 x 12 kg,Hành lý 23 kg,2025-04-17
Vietnam Airlines,PQC0236,1.991.007 VND/khách,10:25,21 thg 4,21 thg 4,11:25,1h 0m,"Phú Quốc (PQC)
Sân bay Phú Quốc",Hành lý xách tay 1 x 12 kg,Hành lý 23 kg,2025-04-17
Vietnam Airlines,PQC0260,1.995.003 VND/khách,13:05,21 thg 4,21 thg 4,14:00,55m,"Phú Quốc (PQC)
Sân bay Phú Quốc",Hành lý xách tay 1 x 12 kg,Hành lý 23 kg,2025-04-17
Vietnam Airlines,PQC0193,1.367.030 VND/khách,05:40,22 thg 4,22 thg 4,06:40,1h 0m,"Phú Quốc (PQC)
Sân bay Phú Quốc",Hành lý xách tay 1 x 12 kg,Hành lý 23 kg,2025-04-17
Vietravel Airlines,PQC0334,969.570 VND/khách,17:25,22 thg 4,22 thg 4,18:25,1h 0m,"Phú Quốc (PQC)
Sân bay Phú Quốc",Hành lý xách tay 7 kg,Hành lý 0 kg,2025-04-17
VietJet Air,PQC0120,1.032.000 VND/khách,15:40,22 thg 4,22 thg 4,16:40,1h 0m,"Phú Quốc (PQC)
Sân bay Phú Quốc",Hành lý xách tay 7 kg,Hành lý 0 kg,2025-04-17
VietJet Air,PQC0143,1.032.000 VND/khách,17:10,22 thg 4,22 thg 4,18:15,1h 5m,"Phú Quốc (PQC)
Sân bay Phú Quốc",Hành lý xách tay 7 kg,Hành lý 0 kg,2025-04-17
VietJet Air,PQC0028,1.143.000 VND/khách,05:55,22 thg 4,22 thg 4,06:55,1h 0m,"Phú Quốc (PQC)
Sân bay Phú Quốc",Hành lý xách tay 7 kg,Hành lý 0 kg,2025-04-17
VietJet Air,PQC0053,1.289.000 VND/khách,09:20,22 thg 4,22 thg 4,10:20,1h 0m,"Phú Quốc (PQC)
Sân bay Phú Quốc",Hành lý xách tay 7 kg,Hành lý 0 kg,2025-04-17
VietJet Air,PQC0077,1.289.000 VND/khách,11:35,22 thg 4,22 thg 4,12:35,1h 0m,"Phú Quốc (PQC)
Sân bay Phú Quốc",Hành lý xách tay 7 kg,Hành lý 0 kg,2025-04-17
VietJet Air,PQC0099,1.289.000 VND/khách,14:05,22 thg 4,22 thg 4,15:05,1h 0m,"Phú Quốc (PQC)
Sân bay Phú Quốc",Hành lý xách tay 7 kg,Hành lý 0 kg,2025-04-17
Vietnam Airlines,PQC0193,1.367.030 VND/khách,05:40,22 thg 4,22 thg 4,06:40,1h 0m,"Phú Quốc (PQC)
Sân bay Phú Quốc",Hành lý xách tay 1 x 12 kg,Hành lý 23 kg,2025-04-17
Vietnam Airlines,PQC0214,1.590.408 VND/khách,08:10,22 thg 4,22 thg 4,08:55,45m,"Phú Quốc (PQC)
Sân bay Phú Quốc",Hành lý xách tay 1 x 12 kg,Hành lý 23 kg,2025-04-17
Vietnam Airlines,PQC0280,1.854.144 VND/khách,15:05,22 thg 4,22 thg 4,16:10,1h 5m,"Phú Quốc (PQC)
Sân bay Phú Quốc",Hành lý xách tay 1 x 12 kg,Hành lý 23 kg,2025-04-17
Vietnam Airlines,PQC0237,1.905.093 VND/khách,10:25,22 thg 4,22 thg 4,11:25,1h 0m,"Phú Quốc (PQC)
Sân bay Phú Quốc",Hành lý xách tay 1 x 12 kg,Hành lý 23 kg,2025-04-17
Vietnam Airlines,PQC0261,1.924.074 VND/khách,13:05,22 thg 4,22 thg 4,14:00,55m,"Phú Quốc (PQC)
Sân bay Phú Quốc",Hành lý xách tay 1 x 12 kg,Hành lý 23 kg,2025-04-17
Vietnam Airlines,PQC0194,1.580.303 VND/khách,05:40,23 thg 4,23 thg 4,06:40,1h 0m,"Phú Quốc (PQC)
Sân bay Phú Quốc",Hành lý xách tay 1 x 12 kg,Hành lý 23 kg,2025-04-17
Vietravel Airlines,PQC0335,748.125 VND/khách,17:25,23 thg 4,23 thg 4,18:25,1h 0m,"Phú Quốc (PQC)
Sân bay Phú Quốc",Hành lý xách tay 7 kg,Hành lý 0 kg,2025-04-17
Bamboo Airways,PQC0010,782.244 VND/khách,16:30,23 thg 4,23 thg 4,17:30,1h 0m,"Phú Quốc (PQC)
Sân bay Phú Quốc",Hành lý xách tay 7 kg,Hành lý 0 kg,2025-04-17
VietJet Air,PQC0157,802.000 VND/khách,17:40,23 thg 4,23 thg 4,18:40,1h 0m,"Phú Quốc (PQC)
Sân bay Phú Quốc",Hành lý xách tay 7 kg,Hành lý 0 kg,2025-04-17
VietJet Air,PQC0129,1.031.000 VND/khách,16:25,23 thg 4,23 thg 4,17:25,1h 0m,"Phú Quốc (PQC)
Sân bay Phú Quốc",Hành lý xách tay 7 kg,Hành lý 0 kg,2025-04-17
VietJet Air,PQC0029,1.142.000 VND/khách,05:55,23 thg 4,23 thg 4,06:55,1h 0m,"Phú Quốc (PQC)
Sân bay Phú Quốc",Hành lý xách tay 7 kg,Hành lý 0 kg,2025-04-17
VietJet Air,PQC0100,1.142.000 VND/khách,14:05,23 thg 4,23 thg 4,15:05,1h 0m,"Phú Quốc (PQC)
Sân bay Phú Quốc",Hành lý xách tay 7 kg,Hành lý 0 kg,2025-04-17
VietJet Air,PQC0054,1.288.000 VND/khách,09:20,23 thg 4,23 thg 4,10:20,1h 0m,"Phú Quốc (PQC)
Sân bay Phú Quốc",Hành lý xách tay 7 kg,Hành lý 0 kg,2025-04-17
VietJet Air,PQC0078,1.288.000 VND/khách,11:35,23 thg 4,23 thg 4,12:35,1h 0m,"Phú Quốc (PQC)
Sân bay Phú Quốc",Hành lý xách tay 7 kg,Hành lý 0 kg,2025-04-17
Vietnam Airlines,PQC0194,1.580.303 VND/khách,05:40,23 thg 4,23 thg 4,06:40,1h 0m,"Phú Quốc (PQC)
Sân bay Phú Quốc",Hành lý xách tay 1 x 12 kg,Hành lý 23 kg,2025-04-17
Vietnam Airlines,PQC0215,1.602.396 VND/khách,08:10,23 thg 4,23 thg 4,08:55,45m,"Phú Quốc (PQC)
Sân bay Phú Quốc",Hành lý xách tay 1 x 12 kg,Hành lý 23 kg,2025-04-17
Vietnam Airlines,PQC0238,1.692.306 VND/khách,10:25,23 thg 4,23 thg 4,11:25,1h 0m,"Phú Quốc (PQC)
Sân bay Phú Quốc",Hành lý xách tay 1 x 12 kg,Hành lý 23 kg,2025-04-17
Vietnam Airlines,PQC0281,1.799.199 VND/khách,15:05,23 thg 4,23 thg 4,16:10,1h 5m,"Phú Quốc (PQC)
Sân bay Phú Quốc",Hành lý xách tay 1 x 12 kg,Hành lý 23 kg,2025-04-17
Vietnam Airlines,PQC0262,1.862.136 VND/khách,13:05,23 thg 4,23 thg 4,14:00,55m,"Phú Quốc (PQC)
Sân bay Phú Quốc",Hành lý xách tay 1 x 12 kg,Hành lý 23 kg,2025-04-17
Vietnam Airlines,PQC0195,1.372.626 VND/khách,05:40,24 thg 4,24 thg 4,06:40,1h 0m,"Phú Quốc (PQC)
Sân bay Phú Quốc",Hành lý xách tay 1 x 12 kg,Hành lý 23 kg,2025-04-17
Vietravel Airlines,PQC0336,1.129.170 VND/khách,17:25,24 thg 4,24 thg 4,18:25,1h 0m,"Phú Quốc (PQC)
Sân bay Phú Quốc",Hành lý xách tay 7 kg,Hành lý 0 kg,2025-04-17
VietJet Air,PQC0030,1.143.000 VND/khách,05:55,24 thg 4,24 thg 4,06:55,1h 0m,"Phú Quốc (PQC)
Sân bay Phú Quốc",Hành lý xách tay 7 kg,Hành lý 0 kg,2025-04-17
VietJet Air,PQC0079,1.289.000 VND/khách,11:35,24 thg 4,24 thg 4,12:35,1h 0m,"Phú Quốc (PQC)
Sân bay Phú Quốc",Hành lý xách tay 7 kg,Hành lý 0 kg,2025-04-17
VietJet Air,PQC0130,1.289.000 VND/khách,16:30,24 thg 4,24 thg 4,17:30,1h 0m,"Phú Quốc (PQC)
Sân bay Phú Quốc",Hành lý xách tay 7 kg,Hành lý 0 kg,2025-04-17
VietJet Air,PQC0158,1.289.000 VND/khách,17:40,24 thg 4,24 thg 4,18:45,1h 5m,"Phú Quốc (PQC)
Sân bay Phú Quốc",Hành lý xách tay 7 kg,Hành lý 0 kg,2025-04-17
VietJet Air,PQC0101,1.407.000 VND/khách,14:05,24 thg 4,24 thg 4,15:05,1h 0m,"Phú Quốc (PQC)
Sân bay Phú Quốc",Hành lý xách tay 7 kg,Hành lý 0 kg,2025-04-17
VietJet Air,PQC0039,1.407.000 VND/khách,08:25,24 thg 4,24 thg 4,09:30,1h 5m,"Phú Quốc (PQC)
Sân bay Phú Quốc",Hành lý xách tay 7 kg,Hành lý 0 kg,2025-04-17
Vietnam Airlines,PQC0282,1.865.133 VND/khách,15:05,24 thg 4,24 thg 4,16:10,1h 5m,"Phú Quốc (PQC)
Sân bay Phú Quốc",Hành lý xách tay 1 x 12 kg,Hành lý 23 kg,2025-04-17
Vietnam Airlines,PQC0217,1.876.122 VND/khách,08:10,24 thg 4,24 thg 4,08:55,45m,"Phú Quốc (PQC)
Sân bay Phú Quốc",Hành lý xách tay 1 x 12 kg,Hành lý 23 kg,2025-04-17
Vietnam Airlines,PQC0263,1.924.074 VND/khách,13:05,24 thg 4,24 thg 4,14:00,55m,"Phú Quốc (PQC)
Sân bay Phú Quốc",Hành lý xách tay 1 x 12 kg,Hành lý 23 kg,2025-04-17
Vietnam Airlines,PQC0239,1.984.014 VND/khách,10:25,24 thg 4,24 thg 4,11:25,1h 0m,"Phú Quốc (PQC)
Sân bay Phú Quốc",Hành lý xách tay 1 x 12 kg,Hành lý 23 kg,2025-04-17
Vietnam Airlines,PQC0296,1.683.315 VND/khách,17:25,25 thg 4,25 thg 4,18:25,1h 0m,"Phú Quốc (PQC)
Sân bay Phú Quốc",Hành lý xách tay 1 x 12 kg,Hành lý 23 kg,2025-04-17
Vietravel Airlines,PQC0337,1.055.355 VND/khách,17:25,25 thg 4,25 thg 4,18:25,1h 0m,"Phú Quốc (PQC)
Sân bay Phú Quốc",Hành lý xách tay 7 kg,Hành lý 0 kg,2025-04-17
Bamboo Airways,PQC0011,1.167.757 VND/khách,16:30,25 thg 4,25 thg 4,17:30,1h 0m,"Phú Quốc (PQC)
Sân bay Phú Quốc",Hành lý xách tay 7 kg,Hành lý 0 kg,2025-04-17
VietJet Air,PQC0031,1.289.000 VND/khách,05:55,25 thg 4,25 thg 4,06:55,1h 0m,"Phú Quốc (PQC)
Sân bay Phú Quốc",Hành lý xách tay 7 kg,Hành lý 0 kg,2025-04-17
VietJet Air,PQC0056,1.289.000 VND/khách,09:20,25 thg 4,25 thg 4,10:20,1h 0m,"Phú Quốc (PQC)
Sân bay Phú Quốc",Hành lý xách tay 7 kg,Hành lý 0 kg,2025-04-17
VietJet Air,PQC0146,1.289.000 VND/khách,17:10,25 thg 4,25 thg 4,18:15,1h 5m,"Phú Quốc (PQC)
Sân bay Phú Quốc",Hành lý xách tay 7 kg,Hành lý 0 kg,2025-04-17
VietJet Air,PQC0123,1.407.000 VND/khách,15:40,25 thg 4,25 thg 4,16:40,1h 0m,"Phú Quốc (PQC)
Sân bay Phú Quốc",Hành lý xách tay 7 kg,Hành lý 0 kg,2025-04-17
VietJet Air,PQC0102,1.582.000 VND/khách,14:05,25 thg 4,25 thg 4,15:05,1h 0m,"Phú Quốc (PQC)
Sân bay Phú Quốc",Hành lý xách tay 7 kg,Hành lý 0 kg,2025-04-17
Vietnam Airlines,PQC0296,1.683.315 VND/khách,17:25,25 thg 4,25 thg 4,18:25,1h 0m,"Phú Quốc (PQC)
Sân bay Phú Quốc",Hành lý xách tay 1 x 12 kg,Hành lý 23 kg,2025-04-17
Vietnam Airlines,PQC0311,1.768.230 VND/khách,20:20,25 thg 4,25 thg 4,21:20,1h 0m,"Phú Quốc (PQC)
Sân bay Phú Quốc",Hành lý xách tay 1 x 12 kg,Hành lý 23 kg,2025-04-17
VietJet Air,PQC0080,1.817.000 VND/khách,11:35,25 thg 4,25 thg 4,12:35,1h 0m,"Phú Quốc (PQC)
Sân bay Phú Quốc",Hành lý xách tay 7 kg,Hành lý 0 kg,2025-04-17
Vietnam Airlines,PQC0196,1.976.022 VND/khách,05:40,25 thg 4,25 thg 4,06:40,1h 0m,"Phú Quốc (PQC)
Sân bay Phú Quốc",Hành lý xách tay 1 x 12 kg,Hành lý 23 kg,2025-04-17
Vietnam Airlines,PQC0240,1.995.003 VND/khách,10:25,25 thg 4,25 thg 4,11:25,1h 0m,"Phú Quốc (PQC)
Sân bay Phú Quốc",Hành lý xách tay 1 x 12 kg,Hành lý 23 kg,2025-04-17
Vietnam Airlines,PQC0218,2.001.996 VND/khách,08:10,25 thg 4,25 thg 4,08:55,45m,"Phú Quốc (PQC)
Sân bay Phú Quốc",Hành lý xách tay 1 x 12 kg,Hành lý 23 kg,2025-04-17
Vietnam Airlines,PQC0250,2.005.992 VND/khách,13:00,25 thg 4,25 thg 4,14:00,1h 0m,"Phú Quốc (PQC)
Sân bay Phú Quốc",Hành lý xách tay 1 x 12 kg,Hành lý 23 kg,2025-04-17
Vietnam Airlines,PQC0283,2.008.989 VND/khách,15:05,25 thg 4,25 thg 4,16:10,1h 5m,"Phú Quốc (PQC)
Sân bay Phú Quốc",Hành lý xách tay 1 x 12 kg,Hành lý 23 kg,2025-04-17
Vietnam Airlines,PQC0297,1.586.412 VND/khách,17:25,26 thg 4,26 thg 4,18:25,1h 0m,"Phú Quốc (PQC)
Sân bay Phú Quốc",Hành lý xách tay 1 x 12 kg,Hành lý 23 kg,2025-04-17
Vietravel Airlines,PQC0338,1.206.975 VND/khách,17:25,26 thg 4,26 thg 4,18:25,1h 0m,"Phú Quốc (PQC)
Sân bay Phú Quốc",Hành lý xách tay 7 kg,Hành lý 0 kg,2025-04-17
VietJet Air,PQC0032,1.582.000 VND/khách,05:55,26 thg 4,26 thg 4,06:55,1h 0m,"Phú Quốc (PQC)
Sân bay Phú Quốc",Hành lý xách tay 7 kg,Hành lý 0 kg,2025-04-17
VietJet Air,PQC0147,1.582.000 VND/khách,17:10,26 thg 4,26 thg 4,18:15,1h 5m,"Phú Quốc (PQC)
Sân bay Phú Quốc",Hành lý xách tay 7 kg,Hành lý 0 kg,2025-04-17
VietJet Air,PQC0103,1.700.000 VND/khách,14:05,26 thg 4,26 thg 4,15:05,1h 0m,"Phú Quốc (PQC)
Sân bay Phú Quốc",Hành lý xách tay 7 kg,Hành lý 0 kg,2025-04-17
Vietnam Airlines,PQC0312,1.768.230 VND/khách,20:20,26 thg 4,26 thg 4,21:20,1h 0m,"Phú Quốc (PQC)
Sân bay Phú Quốc",Hành lý xách tay 1 x 12 kg,Hành lý 23 kg,2025-04-17
VietJet Air,PQC0124,1.787.000 VND/khách,15:40,26 thg 4,26 thg 4,16:40,1h 0m,"Phú Quốc (PQC)
Sân bay Phú Quốc",Hành lý xách tay 7 kg,Hành lý 0 kg,2025-04-17
VietJet Air,PQC0057,1.817.000 VND/khách,09:20,26 thg 4,26 thg 4,10:20,1h 0m,"Phú Quốc (PQC)
Sân bay Phú Quốc",Hành lý xách tay 7 kg,Hành lý 0 kg,2025-04-17
VietJet Air,PQC0081,1.817.000 VND/khách,11:35,26 thg 4,26 thg 4,12:35,1h 0m,"Phú Quốc (PQC)
Sân bay Phú Quốc",Hành lý xách tay 7 kg,Hành lý 0 kg,2025-04-17
Vietnam Airlines,PQC0219,1.883.115 VND/khách,08:10,26 thg 4,26 thg 4,08:55,45m,"Phú Quốc (PQC)
Sân bay Phú Quốc",Hành lý xách tay 1 x 12 kg,Hành lý 23 kg,2025-04-17
Vietnam Airlines,PQC0284,1.920.078 VND/khách,15:05,26 thg 4,26 thg 4,16:10,1h 5m,"Phú Quốc (PQC)
Sân bay Phú Quốc",Hành lý xách tay 1 x 12 kg,Hành lý 23 kg,2025-04-17
Vietnam Airlines,PQC0198,1.260.738 VND/khách,05:40,27 thg 4,27 thg 4,06:40,1h 0m,"Phú Quốc (PQC)
Sân bay Phú Quốc",Hành lý xách tay 1 x 12 kg,Hành lý 23 kg,2025-04-17
Bamboo Airways,PQC0012,1.013.756 VND/khách,16:30,27 thg 4,27 thg 4,17:30,1h 0m,"Phú Quốc (PQC)
Sân bay Phú Quốc",Hành lý xách tay 7 kg,Hành lý 0 kg,2025-04-17
Vietravel Airlines,PQC0339,1.055.355 VND/khách,17:25,27 thg 4,27 thg 4,18:25,1h 0m,"Phú Quốc (PQC)
Sân bay Phú Quốc",Hành lý xách tay 7 kg,Hành lý 0 kg,2025-04-17
Vietnam Airlines,PQC0177,1.260.738 VND/khách,05:25,27 thg 4,27 thg 4,06:20,55m,"Phú Quốc (PQC)
Sân bay Phú Quốc",Hành lý xách tay 1 x 12 kg,Hành lý 23 kg,2025-04-17
Vietnam Airlines,PQC0302,1.364.634 VND/khách,19:20,27 thg 4,27 thg 4,20:20,1h 0m,"Phú Quốc (PQC)
Sân bay Phú Quốc",Hành lý xách tay 1 x 12 kg,Hành lý 23 kg,2025-04-17
Vietnam Airlines,PQC0313,1.486.512 VND/khách,20:20,27 thg 4,27 thg 4,21:20,1h 0m,"Phú Quốc (PQC)
Sân bay Phú Quốc",Hành lý xách tay 1 x 12 kg,Hành lý 23 kg,2025-04-17
VietJet Air,PQC0033,1.582.000 VND/khách,05:55,27 thg 4,27 thg 4,06:55,1h 0m,"Phú Quốc (PQC)
Sân bay Phú Quốc",Hành lý xách tay 7 kg,Hành lý 0 kg,2025-04-17
VietJet Air,PQC0104,1.582.000 VND/khách,14:05,27 thg 4,27 thg 4,15:05,1h 0m,"Phú Quốc (PQC)
Sân bay Phú Quốc",Hành lý xách tay 7 kg,Hành lý 0 kg,2025-04-17
VietJet Air,PQC0125,1.582.000 VND/khách,15:40,27 thg 4,27 thg 4,16:40,1h 0m,"Phú Quốc (PQC)
Sân bay Phú Quốc",Hành lý xách tay 7 kg,Hành lý 0 kg,2025-04-17
VietJet Air,PQC0148,1.582.000 VND/khách,17:10,27 thg 4,27 thg 4,18:15,1h 5m,"Phú Quốc (PQC)
Sân bay Phú Quốc",Hành lý xách tay 7 kg,Hành lý 0 kg,2025-04-17
Vietnam Airlines,PQC0242,1.679.319 VND/khách,10:25,27 thg 4,27 thg 4,11:25,1h 0m,"Phú Quốc (PQC)
Sân bay Phú Quốc",Hành lý xách tay 1 x 12 kg,Hành lý 23 kg,2025-04-17
Vietnam Airlines,PQC0285,1.683.315 VND/khách,15:05,27 thg 4,27 thg 4,16:10,1h 5m,"Phú Quốc (PQC)
Sân bay Phú Quốc",Hành lý xách tay 1 x 12 kg,Hành lý 23 kg,2025-04-17
VietJet Air,PQC0082,1.787.000 VND/khách,11:35,27 thg 4,27 thg 4,12:35,1h 0m,"Phú Quốc (PQC)
Sân bay Phú Quốc",Hành lý xách tay 7 kg,Hành lý 0 kg,2025-04-17
VietJet Air,PQC0058,1.817.000 VND/khách,09:20,27 thg 4,27 thg 4,10:20,1h 0m,"Phú Quốc (PQC)
Sân bay Phú Quốc",Hành lý xách tay 7 kg,Hành lý 0 kg,2025-04-17
Vietnam Airlines,PQC0220,1.924.074 VND/khách,08:10,27 thg 4,27 thg 4,08:55,45m,"Phú Quốc (PQC)
Sân bay Phú Quốc",Hành lý xách tay 1 x 12 kg,Hành lý 23 kg,2025-04-17
Vietnam Airlines,PQC0265,1.931.067 VND/khách,13:05,27 thg 4,27 thg 4,14:00,55m,"Phú Quốc (PQC)
Sân bay Phú Quốc",Hành lý xách tay 1 x 12 kg,Hành lý 23 kg,2025-04-17
Vietnam Airlines,PQC0199,1.142.856 VND/khách,05:40,28 thg 4,28 thg 4,06:40,1h 0m,"Phú Quốc (PQC)
Sân bay Phú Quốc",Hành lý xách tay 1 x 12 kg,Hành lý 23 kg,2025-04-17
Bamboo Airways,PQC0013,1.013.756 VND/khách,16:30,28 thg 4,28 thg 4,17:30,1h 0m,"Phú Quốc (PQC)
Sân bay Phú Quốc",Hành lý xách tay 7 kg,Hành lý 0 kg,2025-04-17
Vietravel Airlines,PQC0340,1.055.355 VND/khách,17:25,28 thg 4,28 thg 4,18:25,1h 0m,"Phú Quốc (PQC)
Sân bay Phú Quốc",Hành lý xách tay 7 kg,Hành lý 0 kg,2025-04-17
Vietnam Airlines,PQC0178,1.142.856 VND/khách,05:25,28 thg 4,28 thg 4,06:20,55m,"Phú Quốc (PQC)
Sân bay Phú Quốc",Hành lý xách tay 1 x 12 kg,Hành lý 23 kg,2025-04-17
VietJet Air,PQC0034,1.407.000 VND/khách,05:55,28 thg 4,28 thg 4,06:55,1h 0m,"Phú Quốc (PQC)
Sân bay Phú Quốc",Hành lý xách tay 7 kg,Hành lý 0 kg,2025-04-17
Vietnam Airlines,PQC0298,1.482.516 VND/khách,17:25,28 thg 4,28 thg 4,18:25,1h 0m,"Phú Quốc (PQC)
Sân bay Phú Quốc",Hành lý xách tay 1 x 12 kg,Hành lý 23 kg,2025-04-17
VietJet Air,PQC0149,1.582.000 VND/khách,17:10,28 thg 4,28 thg 4,18:15,1h 5m,"Phú Quốc (PQC)
Sân bay Phú Quốc",Hành lý xách tay 7 kg,Hành lý 0 kg,2025-04-17
Vietnam Airlines,PQC0221,1.590.408 VND/khách,08:10,28 thg 4,28 thg 4,08:55,45m,"Phú Quốc (PQC)
Sân bay Phú Quốc",Hành lý xách tay 1 x 12 kg,Hành lý 23 kg,2025-04-17
Vietnam Airlines,PQC0314,1.590.408 VND/khách,20:20,28 thg 4,28 thg 4,21:20,1h 0m,"Phú Quốc (PQC)
Sân bay Phú Quốc",Hành lý xách tay 1 x 12 kg,Hành lý 23 kg,2025-04-17
VietJet Air,PQC0105,1.700.000 VND/khách,14:05,28 thg 4,28 thg 4,15:05,1h 0m,"Phú Quốc (PQC)
Sân bay Phú Quốc",Hành lý xách tay 7 kg,Hành lý 0 kg,2025-04-17
VietJet Air,PQC0126,1.700.000 VND/khách,15:40,28 thg 4,28 thg 4,16:40,1h 0m,"Phú Quốc (PQC)
Sân bay Phú Quốc",Hành lý xách tay 7 kg,Hành lý 0 kg,2025-04-17
VietJet Air,PQC0059,1.787.000 VND/khách,09:20,28 thg 4,28 thg 4,10:20,1h 0m,"Phú Quốc (PQC)
Sân bay Phú Quốc",Hành lý xách tay 7 kg,Hành lý 0 kg,2025-04-17
VietJet Air,PQC0083,1.787.000 VND/khách,11:35,28 thg 4,28 thg 4,12:35,1h 0m,"Phú Quốc (PQC)
Sân bay Phú Quốc",Hành lý xách tay 7 kg,Hành lý 0 kg,2025-04-17
Vietnam Airlines,PQC0243,1.865.133 VND/khách,10:25,28 thg 4,28 thg 4,11:25,1h 0m,"Phú Quốc (PQC)
Sân bay Phú Quốc",Hành lý xách tay 1 x 12 kg,Hành lý 23 kg,2025-04-17
Vietnam Airlines,PQC0286,1.924.074 VND/khách,15:05,28 thg 4,28 thg 4,16:10,1h 5m,"Phú Quốc (PQC)
Sân bay Phú Quốc",Hành lý xách tay 1 x 12 kg,Hành lý 23 kg,2025-04-17
Vietnam Airlines,PQC0266,2.001.996 VND/khách,13:05,28 thg 4,28 thg 4,14:00,55m,"Phú Quốc (PQC)
Sân bay Phú Quốc",Hành lý xách tay 1 x 12 kg,Hành lý 23 kg,2025-04-17
Vietnam Airlines,PQC0299,2.002.995 VND/khách,17:25,29 thg 4,29 thg 4,18:25,1h 0m,"Phú Quốc (PQC)
Sân bay Phú Quốc",Hành lý xách tay 1 x 12 kg,Hành lý 23 kg,2025-04-17
VietJet Air,PQC0035,1.786.000 VND/khách,05:55,29 thg 4,29 thg 4,06:55,1h 0m,"Phú Quốc (PQC)
Sân bay Phú Quốc",Hành lý xách tay 7 kg,Hành lý 0 kg,2025-04-17
VietJet Air,PQC0127,1.786.000 VND/khách,15:40,29 thg 4,29 thg 4,16:40,1h 0m,"Phú Quốc (PQC)
Sân bay Phú Quốc",Hành lý xách tay 7 kg,Hành lý 0 kg,2025-04-17
VietJet Air,PQC0040,1.786.000 VND/khách,08:25,29 thg 4,29 thg 4,09:30,1h 5m,"Phú Quốc (PQC)
Sân bay Phú Quốc",Hành lý xách tay 7 kg,Hành lý 0 kg,2025-04-17
Vietnam Airlines,PQC0179,1.791.207 VND/khách,05:25,29 thg 4,29 thg 4,06:20,55m,"Phú Quốc (PQC)
Sân bay Phú Quốc",Hành lý xách tay 1 x 12 kg,Hành lý 23 kg,2025-04-17
Vietravel Airlines,PQC0341,1.811.460 VND/khách,17:25,29 thg 4,29 thg 4,18:25,1h 0m,"Phú Quốc (PQC)
Sân bay Phú Quốc",Hành lý xách tay 7 kg,Hành lý 0 kg,2025-04-17
VietJet Air,PQC0060,1.815.000 VND/khách,09:20,29 thg 4,29 thg 4,10:20,1h 0m,"Phú Quốc (PQC)
Sân bay Phú Quốc",Hành lý xách tay 7 kg,Hành lý 0 kg,2025-04-17
VietJet Air,PQC0084,1.815.000 VND/khách,11:35,29 thg 4,29 thg 4,12:35,1h 0m,"Phú Quốc (PQC)
Sân bay Phú Quốc",Hành lý xách tay 7 kg,Hành lý 0 kg,2025-04-17
VietJet Air,PQC0106,1.815.000 VND/khách,14:05,29 thg 4,29 thg 4,15:05,1h 0m,"Phú Quốc (PQC)
Sân bay Phú Quốc",Hành lý xách tay 7 kg,Hành lý 0 kg,2025-04-17
Vietnam Airlines,PQC0299,2.002.995 VND/khách,17:25,29 thg 4,29 thg 4,18:25,1h 0m,"Phú Quốc (PQC)
Sân bay Phú Quốc",Hành lý xách tay 1 x 12 kg,Hành lý 23 kg,2025-04-17
Vietnam Airlines,PQC0321,2.002.995 VND/khách,21:05,29 thg 4,29 thg 4,22:05,1h 0m,"Phú Quốc (PQC)
Sân bay Phú Quốc",Hành lý xách tay 1 x 12 kg,Hành lý 23 kg,2025-04-17
Vietnam Airlines,PQC0200,2.014.983 VND/khách,05:40,29 thg 4,29 thg 4,06:40,1h 0m,"Phú Quốc (PQC)
Sân bay Phú Quốc",Hành lý xách tay 1 x 12 kg,Hành lý 23 kg,2025-04-17
Vietnam Airlines,PQC0300,2.003.994 VND/khách,17:25,30 thg 4,30 thg 4,18:25,1h 0m,"Phú Quốc (PQC)
Sân bay Phú Quốc",Hành lý xách tay 1 x 12 kg,Hành lý 23 kg,2025-04-17
VietJet Air,PQC0107,1.903.000 VND/khách,14:05,30 thg 4,30 thg 4,15:05,1h 0m,"Phú Quốc (PQC)
Sân bay Phú Quốc",Hành lý xách tay 7 kg,Hành lý 0 kg,2025-04-17
Vietnam Airlines,PQC0304,1.994.004 VND/khách,20:20,01 thg 5,01 thg 5,21:20,1h 0m,"Phú Quốc (PQC)
Sân bay Phú Quốc",Hành lý xách tay 1 x 12 kg,Hành lý 23 kg,2025-04-18
VietJet Air,PQC0016,1.905.000 VND/khách,05:55,01 thg 5,01 thg 5,06:55,1h 0m,"Phú Quốc (PQC)
Sân bay Phú Quốc",Hành lý xách tay 7 kg,Hành lý 0 kg,2025-04-18
VietJet Air,PQC0131,1.905.000 VND/khách,17:10,01 thg 5,01 thg 5,18:15,1h 5m,"Phú Quốc (PQC)
Sân bay Phú Quốc",Hành lý xách tay 7 kg,Hành lý 0 kg,2025-04-18
VietJet Air,PQC0154,1.905.000 VND/khách,17:40,01 thg 5,01 thg 5,18:45,1h 5m,"Phú Quốc (PQC)
Sân bay Phú Quốc",Hành lý xách tay 7 kg,Hành lý 0 kg,2025-04-18
Bamboo Airways,PQC0001,1.934.703 VND/khách,16:30,01 thg 5,01 thg 5,17:30,1h 0m,"Phú Quốc (PQC)
Sân bay Phú Quốc",Hành lý xách tay 7 kg,Hành lý 20 kg,2025-04-18
Vietravel Airlines,PQC0322,1.934.751 VND/khách,17:25,01 thg 5,01 thg 5,18:25,1h 0m,"Phú Quốc (PQC)
Sân bay Phú Quốc",Hành lý xách tay 7 kg,Hành lý 0 kg,2025-04-18
VietJet Air,PQC0041,1.937.000 VND/khách,09:20,01 thg 5,01 thg 5,10:20,1h 0m,"Phú Quốc (PQC)
Sân bay Phú Quốc",Hành lý xách tay 7 kg,Hành lý 0 kg,2025-04-18
Vietnam Airlines,PQC0166,2.008.989 VND/khách,05:25,01 thg 5,01 thg 5,06:20,55m,"Phú Quốc (PQC)
Sân bay Phú Quốc",Hành lý xách tay 1 x 12 kg,Hành lý 23 kg,2025-04-18
Vietnam Airlines,PQC0305,1.994.004 VND/khách,20:20,02 thg 5,02 thg 5,21:20,1h 0m,"Phú Quốc (PQC)
Sân bay Phú Quốc",Hành lý xách tay 1 x 12 kg,Hành lý 23 kg,2025-04-18
Vietnam Airlines,PQC0167,1.593.405 VND/khách,05:25,02 thg 5,02 thg 5,06:20,55m,"Phú Quốc (PQC)
Sân bay Phú Quốc",Hành lý xách tay 1 x 12 kg,Hành lý 23 kg,2025-04-18
Bamboo Airways,PQC0002,1.608.343 VND/khách,16:30,02 thg 5,02 thg 5,17:30,1h 0m,"Phú Quốc (PQC)
Sân bay Phú Quốc",Hành lý xách tay 7 kg,Hành lý 0 kg,2025-04-18
Vietravel Airlines,PQC0323,1.631.910 VND/khách,17:25,02 thg 5,02 thg 5,18:25,1h 0m,"Phú Quốc (PQC)
Sân bay Phú Quốc",Hành lý xách tay 7 kg,Hành lý 0 kg,2025-04-18
VietJet Air,PQC0017,1.700.000 VND/khách,05:55,02 thg 5,02 thg 5,06:55,1h 0m,"Phú Quốc (PQC)
Sân bay Phú Quốc",Hành lý xách tay 7 kg,Hành lý 0 kg,2025-04-18
VietJet Air,PQC0109,1.700.000 VND/khách,15:40,02 thg 5,02 thg 5,16:40,1h 0m,"Phú Quốc (PQC)
Sân bay Phú Quốc",Hành lý xách tay 7 kg,Hành lý 0 kg,2025-04-18
VietJet Air,PQC0132,1.700.000 VND/khách,17:10,02 thg 5,02 thg 5,18:15,1h 5m,"Phú Quốc (PQC)
Sân bay Phú Quốc",Hành lý xách tay 7 kg,Hành lý 0 kg,2025-04-18
VietJet Air,PQC0088,1.788.000 VND/khách,14:05,02 thg 5,02 thg 5,15:05,1h 0m,"Phú Quốc (PQC)
Sân bay Phú Quốc",Hành lý xách tay 7 kg,Hành lý 0 kg,2025-04-18
Vietnam Airlines,PQC0305,1.994.004 VND/khách,20:20,02 thg 5,02 thg 5,21:20,1h 0m,"Phú Quốc (PQC)
Sân bay Phú Quốc",Hành lý xách tay 1 x 12 kg,Hành lý 23 kg,2025-04-18
Vietnam Airlines,PQC0248,2.001.996 VND/khách,13:00,02 thg 5,02 thg 5,14:00,1h 0m,"Phú Quốc (PQC)
Sân bay Phú Quốc",Hành lý xách tay 1 x 12 kg,Hành lý 23 kg,2025-04-18
Vietnam Airlines,PQC0269,2.001.996 VND/khách,15:05,02 thg 5,02 thg 5,16:10,1h 5m,"Phú Quốc (PQC)
Sân bay Phú Quốc",Hành lý xách tay 1 x 12 kg,Hành lý 23 kg,2025-04-18
Vietnam Airlines,PQC0182,2.008.989 VND/khách,05:40,02 thg 5,02 thg 5,06:40,1h 0m,"Phú Quốc (PQC)
Sân bay Phú Quốc",Hành lý xách tay 1 x 12 kg,Hành lý 23 kg,2025-04-18
Vietnam Airlines,PQC0183,1.499.499 VND/khách,05:40,03 thg 5,03 thg 5,06:40,1h 0m,"Phú Quốc (PQC)
Sân bay Phú Quốc",Hành lý xách tay 1 x 12 kg,Hành lý 23 kg,2025-04-18
Bamboo Airways,PQC0003,1.018.850 VND/khách,16:30,03 thg 5,03 thg 5,17:30,1h 0m,"Phú Quốc (PQC)
Sân bay Phú Quốc",Hành lý xách tay 7 kg,Hành lý 0 kg,2025-04-18
Vietnam Airlines,PQC0168,1.269.729 VND/khách,05:25,03 thg 5,03 thg 5,06:20,55m,"Phú Quốc (PQC)
Sân bay Phú Quốc",Hành lý xách tay 1 x 12 kg,Hành lý 23 kg,2025-04-18
Vietravel Airlines,PQC0324,1.344.207 VND/khách,17:25,03 thg 5,03 thg 5,18:25,1h 0m,"Phú Quốc (PQC)
Sân bay Phú Quốc",Hành lý xách tay 7 kg,Hành lý 0 kg,2025-04-18
Vietnam Airlines,PQC0306,1.600.398 VND/khách,20:20,03 thg 5,03 thg 5,21:20,1h 0m,"Phú Quốc (PQC)
Sân bay Phú Quốc",Hành lý xách tay 1 x 12 kg,Hành lý 23 kg,2025-04-18
VietJet Air,PQC0089,1.699.000 VND/khách,14:05,03 thg 5,03 thg 5,15:05,1h 0m,"Phú Quốc (PQC)
Sân bay Phú Quốc",Hành lý xách tay 7 kg,Hành lý 0 kg,2025-04-18
VietJet Air,PQC0037,1.699.000 VND/khách,08:25,03 thg 5,03 thg 5,09:30,1h 5m,"Phú Quốc (PQC)
Sân bay Phú Quốc",Hành lý xách tay 7 kg,Hành lý 0 kg,2025-04-18
Vietnam Airlines,PQC0204,1.752.246 VND/khách,08:10,03 thg 5,03 thg 5,08:55,45m,"Phú Quốc (PQC)
Sân bay Phú Quốc",Hành lý xách tay 1 x 12 kg,Hành lý 23 kg,2025-04-18
VietJet Air,PQC0018,1.787.000 VND/khách,05:55,03 thg 5,03 thg 5,06:55,1h 0m,"Phú Quốc (PQC)
Sân bay Phú Quốc",Hành lý xách tay 7 kg,Hành lý 0 kg,2025-04-18
VietJet Air,PQC0133,1.787.000 VND/khách,17:10,03 thg 5,03 thg 5,18:15,1h 5m,"Phú Quốc (PQC)
Sân bay Phú Quốc",Hành lý xách tay 7 kg,Hành lý 0 kg,2025-04-18
VietJet Air,PQC0043,1.817.000 VND/khách,09:20,03 thg 5,03 thg 5,10:20,1h 0m,"Phú Quốc (PQC)
Sân bay Phú Quốc",Hành lý xách tay 7 kg,Hành lý 0 kg,2025-04-18
VietJet Air,PQC0067,1.817.000 VND/khách,11:35,03 thg 5,03 thg 5,12:35,1h 0m,"Phú Quốc (PQC)
Sân bay Phú Quốc",Hành lý xách tay 7 kg,Hành lý 0 kg,2025-04-18
VietJet Air,PQC0110,1.817.000 VND/khách,15:40,03 thg 5,03 thg 5,16:40,1h 0m,"Phú Quốc (PQC)
Sân bay Phú Quốc",Hành lý xách tay 7 kg,Hành lý 0 kg,2025-04-18
Vietnam Airlines,PQC0270,1.827.820 VND/khách,15:05,03 thg 5,03 thg 5,16:10,1h 5m,"Phú Quốc (PQC)
Sân bay Phú Quốc",Hành lý xách tay 1 x 12 kg,Hành lý 23 kg,2025-04-18
Vietnam Airlines,PQC0252,1.920.078 VND/khách,13:05,03 thg 5,03 thg 5,14:00,55m,"Phú Quốc (PQC)
Sân bay Phú Quốc",Hành lý xách tay 1 x 12 kg,Hành lý 23 kg,2025-04-18
Vietnam Airlines,PQC0227,1.920.078 VND/khách,10:25,03 thg 5,03 thg 5,11:25,1h 0m,"Phú Quốc (PQC)
Sân bay Phú Quốc",Hành lý xách tay 1 x 12 kg,Hành lý 23 kg,2025-04-18
Vietnam Airlines,PQC0307,1.243.755 VND/khách,20:20,04 thg 5,04 thg 5,21:20,1h 0m,"Phú Quốc (PQC)
Sân bay Phú Quốc",Hành lý xách tay 1 x 12 kg,Hành lý 23 kg,2025-04-18
Vietravel Airlines,PQC0325,748.125 VND/khách,17:25,04 thg 5,04 thg 5,18:25,1h 0m,"Phú Quốc (PQC)
Sân bay Phú Quốc",Hành lý xách tay 7 kg,Hành lý 0 kg,2025-04-18
Bamboo Airways,PQC0004,988.314 VND/khách,16:30,04 thg 5,04 thg 5,17:30,1h 0m,"Phú Quốc (PQC)
Sân bay Phú Quốc",Hành lý xách tay 7 kg,Hành lý 0 kg,2025-04-18
VietJet Air,PQC0019,1.031.000 VND/khách,05:55,04 thg 5,04 thg 5,06:55,1h 0m,"Phú Quốc (PQC)
Sân bay Phú Quốc",Hành lý xách tay 7 kg,Hành lý 0 kg,2025-04-18
VietJet Air,PQC0111,1.031.000 VND/khách,15:40,04 thg 5,04 thg 5,16:40,1h 0m,"Phú Quốc (PQC)
Sân bay Phú Quốc",Hành lý xách tay 7 kg,Hành lý 0 kg,2025-04-18
VietJet Air,PQC0134,1.033.000 VND/khách,17:10,04 thg 5,04 thg 5,18:15,1h 5m,"Phú Quốc (PQC)
Sân bay Phú Quốc",Hành lý xách tay 7 kg,Hành lý 0 kg,2025-04-18
Vietnam Airlines,PQC0169,1.091.907 VND/khách,05:25,04 thg 5,04 thg 5,06:20,55m,"Phú Quốc (PQC)
Sân bay Phú Quốc",Hành lý xách tay 1 x 12 kg,Hành lý 23 kg,2025-04-18
VietJet Air,PQC0090,1.142.000 VND/khách,14:05,04 thg 5,04 thg 5,15:05,1h 0m,"Phú Quốc (PQC)
Sân bay Phú Quốc",Hành lý xách tay 7 kg,Hành lý 0 kg,2025-04-18
Vietnam Airlines,PQC0307,1.243.755 VND/khách,20:20,04 thg 5,04 thg 5,21:20,1h 0m,"Phú Quốc (PQC)
Sân bay Phú Quốc",Hành lý xách tay 1 x 12 kg,Hành lý 23 kg,2025-04-18
Vietnam Airlines,PQC0184,1.262.736 VND/khách,05:40,04 thg 5,04 thg 5,06:40,1h 0m,"Phú Quốc (PQC)
Sân bay Phú Quốc",Hành lý xách tay 1 x 12 kg,Hành lý 23 kg,2025-04-18
VietJet Air,PQC0044,1.289.000 VND/khách,09:20,04 thg 5,04 thg 5,10:20,1h 0m,"Phú Quốc (PQC)
Sân bay Phú Quốc",Hành lý xách tay 7 kg,Hành lý 0 kg,2025-04-18
VietJet Air,PQC0068,1.289.000 VND/khách,11:35,04 thg 5,04 thg 5,12:35,1h 0m,"Phú Quốc (PQC)
Sân bay Phú Quốc",Hành lý xách tay 7 kg,Hành lý 0 kg,2025-04-18
Vietnam Airlines,PQC0271,1.373.625 VND/khách,15:05,04 thg 5,04 thg 5,16:10,1h 5m,"Phú Quốc (PQC)
Sân bay Phú Quốc",Hành lý xách tay 1 x 12 kg,Hành lý 23 kg,2025-04-18
Vietnam Airlines,PQC0205,1.485.513 VND/khách,08:10,04 thg 5,04 thg 5,08:55,45m,"Phú Quốc (PQC)
Sân bay Phú Quốc",Hành lý xách tay 1 x 12 kg,Hành lý 23 kg,2025-04-18
Vietnam Airlines,PQC0253,1.596.402 VND/khách,13:05,04 thg 5,04 thg 5,14:00,55m,"Phú Quốc (PQC)
Sân bay Phú Quốc",Hành lý xách tay 1 x 12 kg,Hành lý 23 kg,2025-04-18
Vietnam Airlines,PQC0228,1.596.402 VND/khách,10:25,04 thg 5,04 thg 5,11:25,1h 0m,"Phú Quốc (PQC)
Sân bay Phú Quốc",Hành lý xách tay 1 x 12 kg,Hành lý 23 kg,2025-04-18
Vietnam Airlines,PQC0185,1.377.621 VND/khách,05:40,05 thg 5,05 thg 5,06:40,1h 0m,"Phú Quốc (PQC)
Sân bay Phú Quốc",Hành lý xách tay 1 x 12 kg,Hành lý 23 kg,2025-04-18
Vietravel Airlines,PQC0326,748.125 VND/khách,17:25,05 thg 5,05 thg 5,18:25,1h 0m,"Phú Quốc (PQC)
Sân bay Phú Quốc",Hành lý xách tay 7 kg,Hành lý 0 kg,2025-04-18
VietJet Air,PQC0135,802.000 VND/khách,17:10,05 thg 5,05 thg 5,18:15,1h 5m,"Phú Quốc (PQC)
Sân bay Phú Quốc",Hành lý xách tay 7 kg,Hành lý 0 kg,2025-04-18
Vietnam Airlines,PQC0170,831.168 VND/khách,05:25,05 thg 5,05 thg 5,06:20,55m,"Phú Quốc (PQC)
Sân bay Phú Quốc",Hành lý xách tay 1 x 12 kg,Hành lý 0 kg,2025-04-18
Bamboo Airways,PQC0005,874.325 VND/khách,16:30,05 thg 5,05 thg 5,17:30,1h 0m,"Phú Quốc (PQC)
Sân bay Phú Quốc",Hành lý xách tay 7 kg,Hành lý 0 kg,2025-04-18
VietJet Air,PQC0020,1.031.000 VND/khách,05:55,05 thg 5,05 thg 5,06:55,1h 0m,"Phú Quốc (PQC)
Sân bay Phú Quốc",Hành lý xách tay 7 kg,Hành lý 0 kg,2025-04-18
VietJet Air,PQC0112,1.033.000 VND/khách,15:40,05 thg 5,05 thg 5,16:40,1h 0m,"Phú Quốc (PQC)
Sân bay Phú Quốc",Hành lý xách tay 7 kg,Hành lý 0 kg,2025-04-18
VietJet Air,PQC0091,1.142.000 VND/khách,14:05,05 thg 5,05 thg 5,15:05,1h 0m,"Phú Quốc (PQC)
Sân bay Phú Quốc",Hành lý xách tay 7 kg,Hành lý 0 kg,2025-04-18
VietJet Air,PQC0069,1.174.000 VND/khách,11:35,05 thg 5,05 thg 5,12:35,1h 0m,"Phú Quốc (PQC)
Sân bay Phú Quốc",Hành lý xách tay 7 kg,Hành lý 0 kg,2025-04-18
VietJet Air,PQC0045,1.289.000 VND/khách,09:20,05 thg 5,05 thg 5,10:20,1h 0m,"Phú Quốc (PQC)
Sân bay Phú Quốc",Hành lý xách tay 7 kg,Hành lý 0 kg,2025-04-18
Vietnam Airlines,PQC0185,1.377.621 VND/khách,05:40,05 thg 5,05 thg 5,06:40,1h 0m,"Phú Quốc (PQC)
Sân bay Phú Quốc",Hành lý xách tay 1 x 12 kg,Hành lý 23 kg,2025-04-18
Vietnam Airlines,PQC0308,1.377.621 VND/khách,20:20,05 thg 5,05 thg 5,21:20,1h 0m,"Phú Quốc (PQC)
Sân bay Phú Quốc",Hành lý xách tay 1 x 12 kg,Hành lý 23 kg,2025-04-18
Vietnam Airlines,PQC0254,1.492.506 VND/khách,13:05,05 thg 5,05 thg 5,14:00,55m,"Phú Quốc (PQC)
Sân bay Phú Quốc",Hành lý xách tay 1 x 12 kg,Hành lý 23 kg,2025-04-18
Vietnam Airlines,PQC0272,1.492.506 VND/khách,15:05,05 thg 5,05 thg 5,16:10,1h 5m,"Phú Quốc (PQC)
Sân bay Phú Quốc",Hành lý xách tay 1 x 12 kg,Hành lý 23 kg,2025-04-18
Vietnam Airlines,PQC0206,1.686.312 VND/khách,08:10,05 thg 5,05 thg 5,08:55,45m,"Phú Quốc (PQC)
Sân bay Phú Quốc",Hành lý xách tay 1 x 12 kg,Hành lý 23 kg,2025-04-18
Vietnam Airlines,PQC0229,1.790.208 VND/khách,10:25,05 thg 5,05 thg 5,11:25,1h 0m,"Phú Quốc (PQC)
Sân bay Phú Quốc",Hành lý xách tay 1 x 12 kg,Hành lý 23 kg,2025-04-18
Vietnam Airlines,PQC0186,1.380.618 VND/khách,05:40,06 thg 5,06 thg 5,06:40,1h 0m,"Phú Quốc (PQC)
Sân bay Phú Quốc",Hành lý xách tay 1 x 12 kg,Hành lý 23 kg,2025-04-18
Vietravel Airlines,PQC0327,748.125 VND/khách,17:25,06 thg 5,06 thg 5,18:25,1h 0m,"Phú Quốc (PQC)
Sân bay Phú Quốc",Hành lý xách tay 7 kg,Hành lý 0 kg,2025-04-18
VietJet Air,PQC0021,802.000 VND/khách,05:55,06 thg 5,06 thg 5,06:55,1h 0m,"Phú Quốc (PQC)
Sân bay Phú Quốc",Hành lý xách tay 7 kg,Hành lý 0 kg,2025-04-18
VietJet Air,PQC0136,802.000 VND/khách,17:10,06 thg 5,06 thg 5,18:15,1h 5m,"Phú Quốc (PQC)
Sân bay Phú Quốc",Hành lý xách tay 7 kg,Hành lý 0 kg,2025-04-18
VietJet Air,PQC0113,1.033.000 VND/khách,15:40,06 thg 5,06 thg 5,16:40,1h 0m,"Phú Quốc (PQC)
Sân bay Phú Quốc",Hành lý xách tay 7 kg,Hành lý 0 kg,2025-04-18
VietJet Air,PQC0070,1.142.000 VND/khách,11:35,06 thg 5,06 thg 5,12:35,1h 0m,"Phú Quốc (PQC)
Sân bay Phú Quốc",Hành lý xách tay 7 kg,Hành lý 0 kg,2025-04-18
VietJet Air,PQC0092,1.142.000 VND/khách,14:05,06 thg 5,06 thg 5,15:05,1h 0m,"Phú Quốc (PQC)
Sân bay Phú Quốc",Hành lý xách tay 7 kg,Hành lý 0 kg,2025-04-18
VietJet Air,PQC0046,1.167.000 VND/khách,09:20,06 thg 5,06 thg 5,10:20,1h 0m,"Phú Quốc (PQC)
Sân bay Phú Quốc",Hành lý xách tay 7 kg,Hành lý 0 kg,2025-04-18
Vietnam Airlines,PQC0186,1.380.618 VND/khách,05:40,06 thg 5,06 thg 5,06:40,1h 0m,"Phú Quốc (PQC)
Sân bay Phú Quốc",Hành lý xách tay 1 x 12 kg,Hành lý 23 kg,2025-04-18
Vietnam Airlines,PQC0207,1.585.413 VND/khách,08:10,06 thg 5,06 thg 5,08:55,45m,"Phú Quốc (PQC)
Sân bay Phú Quốc",Hành lý xách tay 1 x 12 kg,Hành lý 23 kg,2025-04-18
Vietnam Airlines,PQC0255,1.585.413 VND/khách,13:05,06 thg 5,06 thg 5,14:00,55m,"Phú Quốc (PQC)
Sân bay Phú Quốc",Hành lý xách tay 1 x 12 kg,Hành lý 23 kg,2025-04-18
Vietnam Airlines,PQC0273,1.585.413 VND/khách,15:05,06 thg 5,06 thg 5,16:10,1h 5m,"Phú Quốc (PQC)
Sân bay Phú Quốc",Hành lý xách tay 1 x 12 kg,Hành lý 23 kg,2025-04-18
Vietnam Airlines,PQC0230,1.756.242 VND/khách,10:25,06 thg 5,06 thg 5,11:25,1h 0m,"Phú Quốc (PQC)
Sân bay Phú Quốc",Hành lý xách tay 1 x 12 kg,Hành lý 23 kg,2025-04-18
Vietnam Airlines,PQC0187,1.384.614 VND/khách,05:40,07 thg 5,07 thg 5,06:40,1h 0m,"Phú Quốc (PQC)
Sân bay Phú Quốc",Hành lý xách tay 1 x 12 kg,Hành lý 23 kg,2025-04-18
Vietravel Airlines,PQC0328,748.125 VND/khách,17:25,07 thg 5,07 thg 5,18:25,1h 0m,"Phú Quốc (PQC)
Sân bay Phú Quốc",Hành lý xách tay 7 kg,Hành lý 0 kg,2025-04-18
VietJet Air,PQC0022,802.000 VND/khách,05:55,07 thg 5,07 thg 5,06:55,1h 0m,"Phú Quốc (PQC)
Sân bay Phú Quốc",Hành lý xách tay 7 kg,Hành lý 0 kg,2025-04-18
VietJet Air,PQC0114,802.000 VND/khách,15:40,07 thg 5,07 thg 5,16:40,1h 0m,"Phú Quốc (PQC)
Sân bay Phú Quốc",Hành lý xách tay 7 kg,Hành lý 0 kg,2025-04-18
VietJet Air,PQC0137,802.000 VND/khách,17:10,07 thg 5,07 thg 5,18:15,1h 5m,"Phú Quốc (PQC)
Sân bay Phú Quốc",Hành lý xách tay 7 kg,Hành lý 0 kg,2025-04-18
Bamboo Airways,PQC0006,1.013.756 VND/khách,16:30,07 thg 5,07 thg 5,17:30,1h 0m,"Phú Quốc (PQC)
Sân bay Phú Quốc",Hành lý xách tay 7 kg,Hành lý 0 kg,2025-04-18
VietJet Air,PQC0047,1.142.000 VND/khách,09:20,07 thg 5,07 thg 5,10:20,1h 0m,"Phú Quốc (PQC)
Sân bay Phú Quốc",Hành lý xách tay 7 kg,Hành lý 0 kg,2025-04-18
VietJet Air,PQC0071,1.142.000 VND/khách,11:35,07 thg 5,07 thg 5,12:35,1h 0m,"Phú Quốc (PQC)
Sân bay Phú Quốc",Hành lý xách tay 7 kg,Hành lý 0 kg,2025-04-18
VietJet Air,PQC0093,1.142.000 VND/khách,14:05,07 thg 5,07 thg 5,15:05,1h 0m,"Phú Quốc (PQC)
Sân bay Phú Quốc",Hành lý xách tay 7 kg,Hành lý 0 kg,2025-04-18
Vietnam Airlines,PQC0187,1.384.614 VND/khách,05:40,07 thg 5,07 thg 5,06:40,1h 0m,"Phú Quốc (PQC)
Sân bay Phú Quốc",Hành lý xách tay 1 x 12 kg,Hành lý 23 kg,2025-04-18
Vietnam Airlines,PQC0274,1.596.402 VND/khách,15:05,07 thg 5,07 thg 5,16:10,1h 5m,"Phú Quốc (PQC)
Sân bay Phú Quốc",Hành lý xách tay 1 x 12 kg,Hành lý 23 kg,2025-04-18
Vietnam Airlines,PQC0208,1.678.320 VND/khách,08:10,07 thg 5,07 thg 5,08:55,45m,"Phú Quốc (PQC)
Sân bay Phú Quốc",Hành lý xách tay 1 x 12 kg,Hành lý 23 kg,2025-04-18
Vietnam Airlines,PQC0231,1.697.301 VND/khách,10:25,07 thg 5,07 thg 5,11:25,1h 0m,"Phú Quốc (PQC)
Sân bay Phú Quốc",Hành lý xách tay 1 x 12 kg,Hành lý 23 kg,2025-04-18
Vietnam Airlines,PQC0256,1.883.115 VND/khách,13:05,07 thg 5,07 thg 5,14:00,55m,"Phú Quốc (PQC)
Sân bay Phú Quốc",Hành lý xách tay 1 x 12 kg,Hành lý 23 kg,2025-04-18
Vietnam Airlines,PQC0188,1.500.498 VND/khách,05:40,08 thg 5,08 thg 5,06:40,1h 0m,"Phú Quốc (PQC)
Sân bay Phú Quốc",Hành lý xách tay 1 x 12 kg,Hành lý 23 kg,2025-04-18
VietJet Air,PQC0023,1.031.000 VND/khách,05:55,08 thg 5,08 thg 5,06:55,1h 0m,"Phú Quốc (PQC)
Sân bay Phú Quốc",Hành lý xách tay 7 kg,Hành lý 0 kg,2025-04-18
Vietravel Airlines,PQC0329,1.056.353 VND/khách,17:25,08 thg 5,08 thg 5,18:25,1h 0m,"Phú Quốc (PQC)
Sân bay Phú Quốc",Hành lý xách tay 7 kg,Hành lý 0 kg,2025-04-18
VietJet Air,PQC0072,1.289.000 VND/khách,11:35,08 thg 5,08 thg 5,12:35,1h 0m,"Phú Quốc (PQC)
Sân bay Phú Quốc",Hành lý xách tay 7 kg,Hành lý 0 kg,2025-04-18
VietJet Air,PQC0094,1.289.000 VND/khách,14:05,08 thg 5,08 thg 5,15:05,1h 0m,"Phú Quốc (PQC)
Sân bay Phú Quốc",Hành lý xách tay 7 kg,Hành lý 0 kg,2025-04-18
VietJet Air,PQC0115,1.289.000 VND/khách,15:40,08 thg 5,08 thg 5,16:40,1h 0m,"Phú Quốc (PQC)
Sân bay Phú Quốc",Hành lý xách tay 7 kg,Hành lý 0 kg,2025-04-18
VietJet Air,PQC0038,1.289.000 VND/khách,08:25,08 thg 5,08 thg 5,09:30,1h 5m,"Phú Quốc (PQC)
Sân bay Phú Quốc",Hành lý xách tay 7 kg,Hành lý 0 kg,2025-04-18
VietJet Air,PQC0138,1.289.000 VND/khách,17:10,08 thg 5,08 thg 5,18:15,1h 5m,"Phú Quốc (PQC)
Sân bay Phú Quốc",Hành lý xách tay 7 kg,Hành lý 0 kg,2025-04-18
VietJet Air,PQC0155,1.289.000 VND/khách,17:40,08 thg 5,08 thg 5,18:45,1h 5m,"Phú Quốc (PQC)
Sân bay Phú Quốc",Hành lý xách tay 7 kg,Hành lý 0 kg,2025-04-18
VietJet Air,PQC0048,1.308.000 VND/khách,09:20,08 thg 5,08 thg 5,10:20,1h 0m,"Phú Quốc (PQC)
Sân bay Phú Quốc",Hành lý xách tay 7 kg,Hành lý 0 kg,2025-04-18
Vietnam Airlines,PQC0188,1.500.498 VND/khách,05:40,08 thg 5,08 thg 5,06:40,1h 0m,"Phú Quốc (PQC)
Sân bay Phú Quốc",Hành lý xách tay 1 x 12 kg,Hành lý 23 kg,2025-04-18
Vietnam Airlines,PQC0275,1.678.320 VND/khách,15:05,08 thg 5,08 thg 5,16:10,1h 5m,"Phú Quốc (PQC)
Sân bay Phú Quốc",Hành lý xách tay 1 x 12 kg,Hành lý 23 kg,2025-04-18
Vietnam Airlines,PQC0257,1.756.242 VND/khách,13:05,08 thg 5,08 thg 5,14:00,55m,"Phú Quốc (PQC)
Sân bay Phú Quốc",Hành lý xách tay 1 x 12 kg,Hành lý 23 kg,2025-04-18
Vietnam Airlines,PQC0232,1.756.242 VND/khách,10:25,08 thg 5,08 thg 5,11:25,1h 0m,"Phú Quốc (PQC)
Sân bay Phú Quốc",Hành lý xách tay 1 x 12 kg,Hành lý 23 kg,2025-04-18
Vietnam Airlines,PQC0209,1.868.130 VND/khách,08:10,08 thg 5,08 thg 5,08:55,45m,"Phú Quốc (PQC)
Sân bay Phú Quốc",Hành lý xách tay 1 x 12 kg,Hành lý 23 kg,2025-04-18
Vietnam Airlines,PQC0192,1.580.410 VND/khách,05:40,21 thg 4,21 thg 4,06:40,1h 0m,"Phú Quốc (PQC)
Sân bay Phú Quốc",Hành lý xách tay 1 x 12 kg,Hành lý 23 kg,2025-04-18
Bamboo Airways,PQC0009,1.013.756 VND/khách,16:30,21 thg 4,21 thg 4,17:30,1h 0m,"Phú Quốc (PQC)
Sân bay Phú Quốc",Hành lý xách tay 7 kg,Hành lý 0 kg,2025-04-18
Vietravel Airlines,PQC0333,1.052.363 VND/khách,17:25,21 thg 4,21 thg 4,18:25,1h 0m,"Phú Quốc (PQC)
Sân bay Phú Quốc",Hành lý xách tay 7 kg,Hành lý 0 kg,2025-04-18
VietJet Air,PQC0027,1.142.000 VND/khách,05:55,21 thg 4,21 thg 4,06:55,1h 0m,"Phú Quốc (PQC)
Sân bay Phú Quốc",Hành lý xách tay 7 kg,Hành lý 0 kg,2025-04-18
VietJet Air,PQC0142,1.142.000 VND/khách,17:10,21 thg 4,21 thg 4,18:15,1h 5m,"Phú Quốc (PQC)
Sân bay Phú Quốc",Hành lý xách tay 7 kg,Hành lý 0 kg,2025-04-18
VietJet Air,PQC0098,1.289.000 VND/khách,14:05,21 thg 4,21 thg 4,15:05,1h 0m,"Phú Quốc (PQC)
Sân bay Phú Quốc",Hành lý xách tay 7 kg,Hành lý 0 kg,2025-04-18
VietJet Air,PQC0076,1.406.000 VND/khách,11:35,21 thg 4,21 thg 4,12:35,1h 0m,"Phú Quốc (PQC)
Sân bay Phú Quốc",Hành lý xách tay 7 kg,Hành lý 0 kg,2025-04-18
VietJet Air,PQC0119,1.406.000 VND/khách,15:40,21 thg 4,21 thg 4,16:40,1h 0m,"Phú Quốc (PQC)
Sân bay Phú Quốc",Hành lý xách tay 7 kg,Hành lý 0 kg,2025-04-18
Vietnam Airlines,PQC0192,1.580.410 VND/khách,05:40,21 thg 4,21 thg 4,06:40,1h 0m,"Phú Quốc (PQC)
Sân bay Phú Quốc",Hành lý xách tay 1 x 12 kg,Hành lý 23 kg,2025-04-18
Vietnam Airlines,PQC0213,1.674.324 VND/khách,08:10,21 thg 4,21 thg 4,08:55,45m,"Phú Quốc (PQC)
Sân bay Phú Quốc",Hành lý xách tay 1 x 12 kg,Hành lý 23 kg,2025-04-18
VietJet Air,PQC0052,1.700.000 VND/khách,09:20,21 thg 4,21 thg 4,10:20,1h 0m,"Phú Quốc (PQC)
Sân bay Phú Quốc",Hành lý xách tay 7 kg,Hành lý 0 kg,2025-04-18
Vietnam Airlines,PQC0279,1.976.022 VND/khách,15:05,21 thg 4,21 thg 4,16:10,1h 5m,"Phú Quốc (PQC)
Sân bay Phú Quốc",Hành lý xách tay 1 x 12 kg,Hành lý 23 kg,2025-04-18
Vietnam Airlines,PQC0236,1.994.004 VND/khách,10:25,21 thg 4,21 thg 4,11:25,1h 0m,"Phú Quốc (PQC)
Sân bay Phú Quốc",Hành lý xách tay 1 x 12 kg,Hành lý 23 kg,2025-04-18
Vietnam Airlines,PQC0193,1.265.733 VND/khách,05:40,22 thg 4,22 thg 4,06:40,1h 0m,"Phú Quốc (PQC)
Sân bay Phú Quốc",Hành lý xách tay 1 x 12 kg,Hành lý 23 kg,2025-04-18
Vietravel Airlines,PQC0334,1.052.363 VND/khách,17:25,22 thg 4,22 thg 4,18:25,1h 0m,"Phú Quốc (PQC)
Sân bay Phú Quốc",Hành lý xách tay 7 kg,Hành lý 0 kg,2025-04-18
VietJet Air,PQC0028,1.142.000 VND/khách,05:55,22 thg 4,22 thg 4,06:55,1h 0m,"Phú Quốc (PQC)
Sân bay Phú Quốc",Hành lý xách tay 7 kg,Hành lý 0 kg,2025-04-18
VietJet Air,PQC0143,1.142.000 VND/khách,17:10,22 thg 4,22 thg 4,18:15,1h 5m,"Phú Quốc (PQC)
Sân bay Phú Quốc",Hành lý xách tay 7 kg,Hành lý 0 kg,2025-04-18
VietJet Air,PQC0120,1.144.000 VND/khách,15:40,22 thg 4,22 thg 4,16:40,1h 0m,"Phú Quốc (PQC)
Sân bay Phú Quốc",Hành lý xách tay 7 kg,Hành lý 0 kg,2025-04-18
VietJet Air,PQC0053,1.289.000 VND/khách,09:20,22 thg 4,22 thg 4,10:20,1h 0m,"Phú Quốc (PQC)
Sân bay Phú Quốc",Hành lý xách tay 7 kg,Hành lý 0 kg,2025-04-18
VietJet Air,PQC0077,1.289.000 VND/khách,11:35,22 thg 4,22 thg 4,12:35,1h 0m,"Phú Quốc (PQC)
Sân bay Phú Quốc",Hành lý xách tay 7 kg,Hành lý 0 kg,2025-04-18
VietJet Air,PQC0099,1.289.000 VND/khách,14:05,22 thg 4,22 thg 4,15:05,1h 0m,"Phú Quốc (PQC)
Sân bay Phú Quốc",Hành lý xách tay 7 kg,Hành lý 0 kg,2025-04-18
Vietnam Airlines,PQC0214,1.581.417 VND/khách,08:10,22 thg 4,22 thg 4,08:55,45m,"Phú Quốc (PQC)
Sân bay Phú Quốc",Hành lý xách tay 1 x 12 kg,Hành lý 23 kg,2025-04-18
Vietnam Airlines,PQC0237,1.909.089 VND/khách,10:25,22 thg 4,22 thg 4,11:25,1h 0m,"Phú Quốc (PQC)
Sân bay Phú Quốc",Hành lý xách tay 1 x 12 kg,Hành lý 23 kg,2025-04-18
Vietnam Airlines,PQC0280,1.916.082 VND/khách,15:05,22 thg 4,22 thg 4,16:10,1h 5m,"Phú Quốc (PQC)
Sân bay Phú Quốc",Hành lý xách tay 1 x 12 kg,Hành lý 23 kg,2025-04-18
Vietnam Airlines,PQC0261,1.968.030 VND/khách,13:05,22 thg 4,22 thg 4,14:00,55m,"Phú Quốc (PQC)
Sân bay Phú Quốc",Hành lý xách tay 1 x 12 kg,Hành lý 23 kg,2025-04-18
Vietnam Airlines,PQC0215,1.596.402 VND/khách,08:10,23 thg 4,23 thg 4,08:55,45m,"Phú Quốc (PQC)
Sân bay Phú Quốc",Hành lý xách tay 1 x 12 kg,Hành lý 23 kg,2025-04-18
Bamboo Airways,PQC0010,869.953 VND/khách,16:30,23 thg 4,23 thg 4,17:30,1h 0m,"Phú Quốc (PQC)
Sân bay Phú Quốc",Hành lý xách tay 7 kg,Hành lý 0 kg,2025-04-18
Vietravel Airlines,PQC0335,956.603 VND/khách,17:25,23 thg 4,23 thg 4,18:25,1h 0m,"Phú Quốc (PQC)
Sân bay Phú Quốc",Hành lý xách tay 7 kg,Hành lý 0 kg,2025-04-18
VietJet Air,PQC0157,1.051.000 VND/khách,17:40,23 thg 4,23 thg 4,18:40,1h 0m,"Phú Quốc (PQC)
Sân bay Phú Quốc",Hành lý xách tay 7 kg,Hành lý 0 kg,2025-04-18
VietJet Air,PQC0029,1.142.000 VND/khách,05:55,23 thg 4,23 thg 4,06:55,1h 0m,"Phú Quốc (PQC)
Sân bay Phú Quốc",Hành lý xách tay 7 kg,Hành lý 0 kg,2025-04-18
VietJet Air,PQC0129,1.142.000 VND/khách,16:25,23 thg 4,23 thg 4,17:25,1h 0m,"Phú Quốc (PQC)
Sân bay Phú Quốc",Hành lý xách tay 7 kg,Hành lý 0 kg,2025-04-18
VietJet Air,PQC0054,1.289.000 VND/khách,09:20,23 thg 4,23 thg 4,10:20,1h 0m,"Phú Quốc (PQC)
Sân bay Phú Quốc",Hành lý xách tay 7 kg,Hành lý 0 kg,2025-04-18
VietJet Air,PQC0078,1.289.000 VND/khách,11:35,23 thg 4,23 thg 4,12:35,1h 0m,"Phú Quốc (PQC)
Sân bay Phú Quốc",Hành lý xách tay 7 kg,Hành lý 0 kg,2025-04-18
VietJet Air,PQC0100,1.289.000 VND/khách,14:05,23 thg 4,23 thg 4,15:05,1h 0m,"Phú Quốc (PQC)
Sân bay Phú Quốc",Hành lý xách tay 7 kg,Hành lý 0 kg,2025-04-18
Vietnam Airlines,PQC0215,1.596.402 VND/khách,08:10,23 thg 4,23 thg 4,08:55,45m,"Phú Quốc (PQC)
Sân bay Phú Quốc",Hành lý xách tay 1 x 12 kg,Hành lý 23 kg,2025-04-18
Vietnam Airlines,PQC0194,1.674.324 VND/khách,05:40,23 thg 4,23 thg 4,06:40,1h 0m,"Phú Quốc (PQC)
Sân bay Phú Quốc",Hành lý xách tay 1 x 12 kg,Hành lý 23 kg,2025-04-18
Vietnam Airlines,PQC0281,1.790.208 VND/khách,15:05,23 thg 4,23 thg 4,16:10,1h 5m,"Phú Quốc (PQC)
Sân bay Phú Quốc",Hành lý xách tay 1 x 12 kg,Hành lý 23 kg,2025-04-18
Vietnam Airlines,PQC0238,1.864.134 VND/khách,10:25,23 thg 4,23 thg 4,11:25,1h 0m,"Phú Quốc (PQC)
Sân bay Phú Quốc",Hành lý xách tay 1 x 12 kg,Hành lý 23 kg,2025-04-18
Vietnam Airlines,PQC0262,1.935.063 VND/khách,13:05,23 thg 4,23 thg 4,14:00,55m,"Phú Quốc (PQC)
Sân bay Phú Quốc",Hành lý xách tay 1 x 12 kg,Hành lý 23 kg,2025-04-18
Vietnam Airlines,PQC0195,1.369.629 VND/khách,05:40,24 thg 4,24 thg 4,06:40,1h 0m,"Phú Quốc (PQC)
Sân bay Phú Quốc",Hành lý xách tay 1 x 12 kg,Hành lý 23 kg,2025-04-18
Vietravel Airlines,PQC0336,1.130.168 VND/khách,17:25,24 thg 4,24 thg 4,18:25,1h 0m,"Phú Quốc (PQC)
Sân bay Phú Quốc",Hành lý xách tay 7 kg,Hành lý 0 kg,2025-04-18
VietJet Air,PQC0030,1.145.000 VND/khách,05:55,24 thg 4,24 thg 4,06:55,1h 0m,"Phú Quốc (PQC)
Sân bay Phú Quốc",Hành lý xách tay 7 kg,Hành lý 0 kg,2025-04-18
VietJet Air,PQC0130,1.291.000 VND/khách,16:30,24 thg 4,24 thg 4,17:30,1h 0m,"Phú Quốc (PQC)
Sân bay Phú Quốc",Hành lý xách tay 7 kg,Hành lý 0 kg,2025-04-18
VietJet Air,PQC0158,1.291.000 VND/khách,17:40,24 thg 4,24 thg 4,18:45,1h 5m,"Phú Quốc (PQC)
Sân bay Phú Quốc",Hành lý xách tay 7 kg,Hành lý 0 kg,2025-04-18
VietJet Air,PQC0101,1.408.000 VND/khách,14:05,24 thg 4,24 thg 4,15:05,1h 0m,"Phú Quốc (PQC)
Sân bay Phú Quốc",Hành lý xách tay 7 kg,Hành lý 0 kg,2025-04-18
VietJet Air,PQC0039,1.408.000 VND/khách,08:25,24 thg 4,24 thg 4,09:30,1h 5m,"Phú Quốc (PQC)
Sân bay Phú Quốc",Hành lý xách tay 7 kg,Hành lý 0 kg,2025-04-18
VietJet Air,PQC0079,1.413.306 VND/khách,11:35,24 thg 4,24 thg 4,12:35,1h 0m,"Phú Quốc (PQC)
Sân bay Phú Quốc",Hành lý xách tay 7 kg,Hành lý 0 kg,2025-04-18
Vietnam Airlines,PQC0282,1.867.131 VND/khách,15:05,24 thg 4,24 thg 4,16:10,1h 5m,"Phú Quốc (PQC)
Sân bay Phú Quốc",Hành lý xách tay 1 x 12 kg,Hành lý 23 kg,2025-04-18
Vietnam Airlines,PQC0217,1.879.119 VND/khách,08:10,24 thg 4,24 thg 4,08:55,45m,"Phú Quốc (PQC)
Sân bay Phú Quốc",Hành lý xách tay 1 x 12 kg,Hành lý 23 kg,2025-04-18
Vietnam Airlines,PQC0263,1.919.079 VND/khách,13:05,24 thg 4,24 thg 4,14:00,55m,"Phú Quốc (PQC)
Sân bay Phú Quốc",Hành lý xách tay 1 x 12 kg,Hành lý 23 kg,2025-04-18
Vietnam Airlines,PQC0239,1.971.027 VND/khách,10:25,24 thg 4,24 thg 4,11:25,1h 0m,"Phú Quốc (PQC)
Sân bay Phú Quốc",Hành lý xách tay 1 x 12 kg,Hành lý 23 kg,2025-04-18
Vietnam Airlines,PQC0296,1.678.320 VND/khách,17:25,25 thg 4,25 thg 4,18:25,1h 0m,"Phú Quốc (PQC)
Sân bay Phú Quốc",Hành lý xách tay 1 x 12 kg,Hành lý 23 kg,2025-04-18
Vietravel Airlines,PQC0337,1.130.168 VND/khách,17:25,25 thg 4,25 thg 4,18:25,1h 0m,"Phú Quốc (PQC)
Sân bay Phú Quốc",Hành lý xách tay 7 kg,Hành lý 0 kg,2025-04-18
Bamboo Airways,PQC0011,1.167.757 VND/khách,16:30,25 thg 4,25 thg 4,17:30,1h 0m,"Phú Quốc (PQC)
Sân bay Phú Quốc",Hành lý xách tay 7 kg,Hành lý 0 kg,2025-04-18
VietJet Air,PQC0146,1.289.000 VND/khách,17:10,25 thg 4,25 thg 4,18:15,1h 5m,"Phú Quốc (PQC)
Sân bay Phú Quốc",Hành lý xách tay 7 kg,Hành lý 0 kg,2025-04-18
VietJet Air,PQC0031,1.406.000 VND/khách,05:55,25 thg 4,25 thg 4,06:55,1h 0m,"Phú Quốc (PQC)
Sân bay Phú Quốc",Hành lý xách tay 7 kg,Hành lý 0 kg,2025-04-18
VietJet Air,PQC0123,1.406.000 VND/khách,15:40,25 thg 4,25 thg 4,16:40,1h 0m,"Phú Quốc (PQC)
Sân bay Phú Quốc",Hành lý xách tay 7 kg,Hành lý 0 kg,2025-04-18
VietJet Air,PQC0056,1.424.000 VND/khách,09:20,25 thg 4,25 thg 4,10:20,1h 0m,"Phú Quốc (PQC)
Sân bay Phú Quốc",Hành lý xách tay 7 kg,Hành lý 0 kg,2025-04-18
VietJet Air,PQC0102,1.582.000 VND/khách,14:05,25 thg 4,25 thg 4,15:05,1h 0m,"Phú Quốc (PQC)
Sân bay Phú Quốc",Hành lý xách tay 7 kg,Hành lý 0 kg,2025-04-18
Vietnam Airlines,PQC0296,1.678.320 VND/khách,17:25,25 thg 4,25 thg 4,18:25,1h 0m,"Phú Quốc (PQC)
Sân bay Phú Quốc",Hành lý xách tay 1 x 12 kg,Hành lý 23 kg,2025-04-18
VietJet Air,PQC0080,1.788.000 VND/khách,11:35,25 thg 4,25 thg 4,12:35,1h 0m,"Phú Quốc (PQC)
Sân bay Phú Quốc",Hành lý xách tay 7 kg,Hành lý 0 kg,2025-04-18
Vietnam Airlines,PQC0311,1.827.171 VND/khách,20:20,25 thg 4,25 thg 4,21:20,1h 0m,"Phú Quốc (PQC)
Sân bay Phú Quốc",Hành lý xách tay 1 x 12 kg,Hành lý 23 kg,2025-04-18
Vietnam Airlines,PQC0250,1.994.004 VND/khách,13:00,25 thg 4,25 thg 4,14:00,1h 0m,"Phú Quốc (PQC)
Sân bay Phú Quốc",Hành lý xách tay 1 x 12 kg,Hành lý 23 kg,2025-04-18
Vietnam Airlines,PQC0240,1.998.000 VND/khách,10:25,25 thg 4,25 thg 4,11:25,1h 0m,"Phú Quốc (PQC)
Sân bay Phú Quốc",Hành lý xách tay 1 x 12 kg,Hành lý 23 kg,2025-04-18
Vietnam Airlines,PQC0218,2.004.993 VND/khách,08:10,25 thg 4,25 thg 4,08:55,45m,"Phú Quốc (PQC)
Sân bay Phú Quốc",Hành lý xách tay 1 x 12 kg,Hành lý 23 kg,2025-04-18
Vietnam Airlines,PQC0196,2.008.989 VND/khách,05:40,25 thg 4,25 thg 4,06:40,1h 0m,"Phú Quốc (PQC)
Sân bay Phú Quốc",Hành lý xách tay 1 x 12 kg,Hành lý 23 kg,2025-04-18
Vietnam Airlines,PQC0283,2.008.989 VND/khách,15:05,25 thg 4,25 thg 4,16:10,1h 5m,"Phú Quốc (PQC)
Sân bay Phú Quốc",Hành lý xách tay 1 x 12 kg,Hành lý 23 kg,2025-04-18
Vietnam Airlines,PQC0297,1.596.402 VND/khách,17:25,26 thg 4,26 thg 4,18:25,1h 0m,"Phú Quốc (PQC)
Sân bay Phú Quốc",Hành lý xách tay 1 x 12 kg,Hành lý 23 kg,2025-04-18
Vietravel Airlines,PQC0338,1.204.980 VND/khách,17:25,26 thg 4,26 thg 4,18:25,1h 0m,"Phú Quốc (PQC)
Sân bay Phú Quốc",Hành lý xách tay 7 kg,Hành lý 0 kg,2025-04-18
VietJet Air,PQC0032,1.289.000 VND/khách,05:55,26 thg 4,26 thg 4,06:55,1h 0m,"Phú Quốc (PQC)
Sân bay Phú Quốc",Hành lý xách tay 7 kg,Hành lý 0 kg,2025-04-18
VietJet Air,PQC0147,1.582.000 VND/khách,17:10,26 thg 4,26 thg 4,18:15,1h 5m,"Phú Quốc (PQC)
Sân bay Phú Quốc",Hành lý xách tay 7 kg,Hành lý 0 kg,2025-04-18
VietJet Air,PQC0103,1.700.000 VND/khách,14:05,26 thg 4,26 thg 4,15:05,1h 0m,"Phú Quốc (PQC)
Sân bay Phú Quốc",Hành lý xách tay 7 kg,Hành lý 0 kg,2025-04-18
Vietnam Airlines,PQC0312,1.767.231 VND/khách,20:20,26 thg 4,26 thg 4,21:20,1h 0m,"Phú Quốc (PQC)
Sân bay Phú Quốc",Hành lý xách tay 1 x 12 kg,Hành lý 23 kg,2025-04-18
VietJet Air,PQC0124,1.788.000 VND/khách,15:40,26 thg 4,26 thg 4,16:40,1h 0m,"Phú Quốc (PQC)
Sân bay Phú Quốc",Hành lý xách tay 7 kg,Hành lý 0 kg,2025-04-18
VietJet Air,PQC0057,1.817.000 VND/khách,09:20,26 thg 4,26 thg 4,10:20,1h 0m,"Phú Quốc (PQC)
Sân bay Phú Quốc",Hành lý xách tay 7 kg,Hành lý 0 kg,2025-04-18
VietJet Air,PQC0081,1.817.000 VND/khách,11:35,26 thg 4,26 thg 4,12:35,1h 0m,"Phú Quốc (PQC)
Sân bay Phú Quốc",Hành lý xách tay 7 kg,Hành lý 0 kg,2025-04-18
Vietnam Airlines,PQC0219,1.883.115 VND/khách,08:10,26 thg 4,26 thg 4,08:55,45m,"Phú Quốc (PQC)
Sân bay Phú Quốc",Hành lý xách tay 1 x 12 kg,Hành lý 23 kg,2025-04-18
Vietnam Airlines,PQC0284,1.920.078 VND/khách,15:05,26 thg 4,26 thg 4,16:10,1h 5m,"Phú Quốc (PQC)
Sân bay Phú Quốc",Hành lý xách tay 1 x 12 kg,Hành lý 23 kg,2025-04-18
Vietnam Airlines,PQC0241,2.008.989 VND/khách,10:25,26 thg 4,26 thg 4,11:25,1h 0m,"Phú Quốc (PQC)
Sân bay Phú Quốc",Hành lý xách tay 1 x 12 kg,Hành lý 23 kg,2025-04-18
Vietnam Airlines,PQC0198,1.269.729 VND/khách,05:40,27 thg 4,27 thg 4,06:40,1h 0m,"Phú Quốc (PQC)
Sân bay Phú Quốc",Hành lý xách tay 1 x 12 kg,Hành lý 23 kg,2025-04-18
Bamboo Airways,PQC0012,1.013.756 VND/khách,16:30,27 thg 4,27 thg 4,17:30,1h 0m,"Phú Quốc (PQC)
Sân bay Phú Quốc",Hành lý xách tay 7 kg,Hành lý 0 kg,2025-04-18
Vietravel Airlines,PQC0339,1.052.363 VND/khách,17:25,27 thg 4,27 thg 4,18:25,1h 0m,"Phú Quốc (PQC)
Sân bay Phú Quốc",Hành lý xách tay 7 kg,Hành lý 0 kg,2025-04-18
VietJet Air,PQC0033,1.142.000 VND/khách,05:55,27 thg 4,27 thg 4,06:55,1h 0m,"Phú Quốc (PQC)
Sân bay Phú Quốc",Hành lý xách tay 7 kg,Hành lý 0 kg,2025-04-18
Vietnam Airlines,PQC0177,1.161.837 VND/khách,05:25,27 thg 4,27 thg 4,06:20,55m,"Phú Quốc (PQC)
Sân bay Phú Quốc",Hành lý xách tay 1 x 12 kg,Hành lý 23 kg,2025-04-18
Vietnam Airlines,PQC0302,1.381.617 VND/khách,19:20,27 thg 4,27 thg 4,20:20,1h 0m,"Phú Quốc (PQC)
Sân bay Phú Quốc",Hành lý xách tay 1 x 12 kg,Hành lý 23 kg,2025-04-18
Vietnam Airlines,PQC0313,1.477.521 VND/khách,20:20,27 thg 4,27 thg 4,21:20,1h 0m,"Phú Quốc (PQC)
Sân bay Phú Quốc",Hành lý xách tay 1 x 12 kg,Hành lý 23 kg,2025-04-18
VietJet Air,PQC0125,1.582.000 VND/khách,15:40,27 thg 4,27 thg 4,16:40,1h 0m,"Phú Quốc (PQC)
Sân bay Phú Quốc",Hành lý xách tay 7 kg,Hành lý 0 kg,2025-04-18
VietJet Air,PQC0148,1.582.000 VND/khách,17:10,27 thg 4,27 thg 4,18:15,1h 5m,"Phú Quốc (PQC)
Sân bay Phú Quốc",Hành lý xách tay 7 kg,Hành lý 0 kg,2025-04-18
Vietnam Airlines,PQC0242,1.678.320 VND/khách,10:25,27 thg 4,27 thg 4,11:25,1h 0m,"Phú Quốc (PQC)
Sân bay Phú Quốc",Hành lý xách tay 1 x 12 kg,Hành lý 23 kg,2025-04-18
Vietnam Airlines,PQC0285,1.678.320 VND/khách,15:05,27 thg 4,27 thg 4,16:10,1h 5m,"Phú Quốc (PQC)
Sân bay Phú Quốc",Hành lý xách tay 1 x 12 kg,Hành lý 23 kg,2025-04-18
VietJet Air,PQC0104,1.701.383 VND/khách,14:05,27 thg 4,27 thg 4,15:05,1h 0m,"Phú Quốc (PQC)
Sân bay Phú Quốc",Hành lý xách tay 7 kg,Hành lý 0 kg,2025-04-18
VietJet Air,PQC0082,1.788.000 VND/khách,11:35,27 thg 4,27 thg 4,12:35,1h 0m,"Phú Quốc (PQC)
Sân bay Phú Quốc",Hành lý xách tay 7 kg,Hành lý 0 kg,2025-04-18
VietJet Air,PQC0058,1.817.000 VND/khách,09:20,27 thg 4,27 thg 4,10:20,1h 0m,"Phú Quốc (PQC)
Sân bay Phú Quốc",Hành lý xách tay 7 kg,Hành lý 0 kg,2025-04-18
Vietnam Airlines,PQC0220,1.924.074 VND/khách,08:10,27 thg 4,27 thg 4,08:55,45m,"Phú Quốc (PQC)
Sân bay Phú Quốc",Hành lý xách tay 1 x 12 kg,Hành lý 23 kg,2025-04-18
Vietnam Airlines,PQC0265,1.927.071 VND/khách,13:05,27 thg 4,27 thg 4,14:00,55m,"Phú Quốc (PQC)
Sân bay Phú Quốc",Hành lý xách tay 1 x 12 kg,Hành lý 23 kg,2025-04-18
Vietnam Airlines,PQC0199,1.146.852 VND/khách,05:40,28 thg 4,28 thg 4,06:40,1h 0m,"Phú Quốc (PQC)
Sân bay Phú Quốc",Hành lý xách tay 1 x 12 kg,Hành lý 23 kg,2025-04-18
Vietravel Airlines,PQC0340,1.052.363 VND/khách,17:25,28 thg 4,28 thg 4,18:25,1h 0m,"Phú Quốc (PQC)
Sân bay Phú Quốc",Hành lý xách tay 7 kg,Hành lý 0 kg,2025-04-18
VietJet Air,PQC0034,1.142.000 VND/khách,05:55,28 thg 4,28 thg 4,06:55,1h 0m,"Phú Quốc (PQC)
Sân bay Phú Quốc",Hành lý xách tay 7 kg,Hành lý 0 kg,2025-04-18
Vietnam Airlines,PQC0178,1.158.840 VND/khách,05:25,28 thg 4,28 thg 4,06:20,55m,"Phú Quốc (PQC)
Sân bay Phú Quốc",Hành lý xách tay 1 x 12 kg,Hành lý 23 kg,2025-04-18
Bamboo Airways,PQC0013,1.167.757 VND/khách,16:30,28 thg 4,28 thg 4,17:30,1h 0m,"Phú Quốc (PQC)
Sân bay Phú Quốc",Hành lý xách tay 7 kg,Hành lý 0 kg,2025-04-18
Vietnam Airlines,PQC0298,1.496.502 VND/khách,17:25,28 thg 4,28 thg 4,18:25,1h 0m,"Phú Quốc (PQC)
Sân bay Phú Quốc",Hành lý xách tay 1 x 12 kg,Hành lý 23 kg,2025-04-18
VietJet Air,PQC0149,1.582.000 VND/khách,17:10,28 thg 4,28 thg 4,18:15,1h 5m,"Phú Quốc (PQC)
Sân bay Phú Quốc",Hành lý xách tay 7 kg,Hành lý 0 kg,2025-04-18
Vietnam Airlines,PQC0221,1.589.409 VND/khách,08:10,28 thg 4,28 thg 4,08:55,45m,"Phú Quốc (PQC)
Sân bay Phú Quốc",Hành lý xách tay 1 x 12 kg,Hành lý 23 kg,2025-04-18
Vietnam Airlines,PQC0314,1.693.305 VND/khách,20:20,28 thg 4,28 thg 4,21:20,1h 0m,"Phú Quốc (PQC)
Sân bay Phú Quốc",Hành lý xách tay 1 x 12 kg,Hành lý 23 kg,2025-04-18
VietJet Air,PQC0105,1.700.000 VND/khách,14:05,28 thg 4,28 thg 4,15:05,1h 0m,"Phú Quốc (PQC)
Sân bay Phú Quốc",Hành lý xách tay 7 kg,Hành lý 0 kg,2025-04-18
VietJet Air,PQC0126,1.700.000 VND/khách,15:40,28 thg 4,28 thg 4,16:40,1h 0m,"Phú Quốc (PQC)
Sân bay Phú Quốc",Hành lý xách tay 7 kg,Hành lý 0 kg,2025-04-18
VietJet Air,PQC0059,1.788.000 VND/khách,09:20,28 thg 4,28 thg 4,10:20,1h 0m,"Phú Quốc (PQC)
Sân bay Phú Quốc",Hành lý xách tay 7 kg,Hành lý 0 kg,2025-04-18
VietJet Air,PQC0083,1.788.000 VND/khách,11:35,28 thg 4,28 thg 4,12:35,1h 0m,"Phú Quốc (PQC)
Sân bay Phú Quốc",Hành lý xách tay 7 kg,Hành lý 0 kg,2025-04-18
Vietnam Airlines,PQC0243,1.924.074 VND/khách,10:25,28 thg 4,28 thg 4,11:25,1h 0m,"Phú Quốc (PQC)
Sân bay Phú Quốc",Hành lý xách tay 1 x 12 kg,Hành lý 23 kg,2025-04-18
Vietnam Airlines,PQC0286,1.924.074 VND/khách,15:05,28 thg 4,28 thg 4,16:10,1h 5m,"Phú Quốc (PQC)
Sân bay Phú Quốc",Hành lý xách tay 1 x 12 kg,Hành lý 23 kg,2025-04-18
Vietnam Airlines,PQC0266,2.004.993 VND/khách,13:05,28 thg 4,28 thg 4,14:00,55m,"Phú Quốc (PQC)
Sân bay Phú Quốc",Hành lý xách tay 1 x 12 kg,Hành lý 23 kg,2025-04-18
Vietnam Airlines,PQC0267,1.991.007 VND/khách,13:05,29 thg 4,29 thg 4,14:00,55m,"Phú Quốc (PQC)
Sân bay Phú Quốc",Hành lý xách tay 1 x 12 kg,Hành lý 23 kg,2025-04-18
Vietravel Airlines,PQC0341,1.631.910 VND/khách,17:25,29 thg 4,29 thg 4,18:25,1h 0m,"Phú Quốc (PQC)
Sân bay Phú Quốc",Hành lý xách tay 7 kg,Hành lý 0 kg,2025-04-18
VietJet Air,PQC0035,1.788.000 VND/khách,05:55,29 thg 4,29 thg 4,06:55,1h 0m,"Phú Quốc (PQC)
Sân bay Phú Quốc",Hành lý xách tay 7 kg,Hành lý 0 kg,2025-04-18
VietJet Air,PQC0127,1.788.000 VND/khách,15:40,29 thg 4,29 thg 4,16:40,1h 0m,"Phú Quốc (PQC)
Sân bay Phú Quốc",Hành lý xách tay 7 kg,Hành lý 0 kg,2025-04-18
VietJet Air,PQC0040,1.788.000 VND/khách,08:25,29 thg 4,29 thg 4,09:30,1h 5m,"Phú Quốc (PQC)
Sân bay Phú Quốc",Hành lý xách tay 7 kg,Hành lý 0 kg,2025-04-18
Vietnam Airlines,PQC0179,1.790.208 VND/khách,05:25,29 thg 4,29 thg 4,06:20,55m,"Phú Quốc (PQC)
Sân bay Phú Quốc",Hành lý xách tay 1 x 12 kg,Hành lý 23 kg,2025-04-18
VietJet Air,PQC0060,1.817.000 VND/khách,09:20,29 thg 4,29 thg 4,10:20,1h 0m,"Phú Quốc (PQC)
Sân bay Phú Quốc",Hành lý xách tay 7 kg,Hành lý 0 kg,2025-04-18
VietJet Air,PQC0084,1.817.000 VND/khách,11:35,29 thg 4,29 thg 4,12:35,1h 0m,"Phú Quốc (PQC)
Sân bay Phú Quốc",Hành lý xách tay 7 kg,Hành lý 0 kg,2025-04-18
VietJet Air,PQC0106,1.817.000 VND/khách,14:05,29 thg 4,29 thg 4,15:05,1h 0m,"Phú Quốc (PQC)
Sân bay Phú Quốc",Hành lý xách tay 7 kg,Hành lý 0 kg,2025-04-18
Vietnam Airlines,PQC0267,1.991.007 VND/khách,13:05,29 thg 4,29 thg 4,14:00,55m,"Phú Quốc (PQC)
Sân bay Phú Quốc",Hành lý xách tay 1 x 12 kg,Hành lý 23 kg,2025-04-18
Vietnam Airlines,PQC0299,2.004.993 VND/khách,17:25,29 thg 4,29 thg 4,18:25,1h 0m,"Phú Quốc (PQC)
Sân bay Phú Quốc",Hành lý xách tay 1 x 12 kg,Hành lý 23 kg,2025-04-18
Vietnam Airlines,PQC0321,2.004.993 VND/khách,21:05,29 thg 4,29 thg 4,22:05,1h 0m,"Phú Quốc (PQC)
Sân bay Phú Quốc",Hành lý xách tay 1 x 12 kg,Hành lý 23 kg,2025-04-18
Vietnam Airlines,PQC0287,2.004.993 VND/khách,15:05,29 thg 4,29 thg 4,16:10,1h 5m,"Phú Quốc (PQC)
Sân bay Phú Quốc",Hành lý xách tay 1 x 12 kg,Hành lý 23 kg,2025-04-18
Vietnam Airlines,PQC0200,2.008.989 VND/khách,05:40,29 thg 4,29 thg 4,06:40,1h 0m,"Phú Quốc (PQC)
Sân bay Phú Quốc",Hành lý xách tay 1 x 12 kg,Hành lý 23 kg,2025-04-18
Vietnam Airlines,PQC0300,2.004.993 VND/khách,17:25,30 thg 4,30 thg 4,18:25,1h 0m,"Phú Quốc (PQC)
Sân bay Phú Quốc",Hành lý xách tay 1 x 12 kg,Hành lý 23 kg,2025-04-18
VietJet Air,PQC0085,3.731.996 VND/khách,11:35,30 thg 4,30 thg 4,12:35,1h 0m,"Phú Quốc (PQC)
Sân bay Phú Quốc",Hành lý xách tay 7 kg,Hành lý 0 kg,2025-04-18
Vietnam Airlines,PQC0289,1.985.013 VND/khách,16:15,01 thg 5,01 thg 5,17:15,1h 0m,"Phú Quốc (PQC)
Sân bay Phú Quốc",Hành lý xách tay 1 x 12 kg,Hành lý 23 kg,2025-04-19
Vietravel Airlines,PQC0322,1.873.305 VND/khách,17:25,01 thg 5,01 thg 5,18:25,1h 0m,"Phú Quốc (PQC)
Sân bay Phú Quốc",Hành lý xách tay 7 kg,Hành lý 0 kg,2025-04-19
VietJet Air,PQC0131,1.927.000 VND/khách,17:10,01 thg 5,01 thg 5,18:15,1h 5m,"Phú Quốc (PQC)
Sân bay Phú Quốc",Hành lý xách tay 7 kg,Hành lý 0 kg,2025-04-19
VietJet Air,PQC0154,1.927.000 VND/khách,17:40,01 thg 5,01 thg 5,18:45,1h 5m,"Phú Quốc (PQC)
Sân bay Phú Quốc",Hành lý xách tay 7 kg,Hành lý 0 kg,2025-04-19
Bamboo Airways,PQC0001,1.934.703 VND/khách,16:30,01 thg 5,01 thg 5,17:30,1h 0m,"Phú Quốc (PQC)
Sân bay Phú Quốc",Hành lý xách tay 7 kg,Hành lý 20 kg,2025-04-19
VietJet Air,PQC0065,1.948.000 VND/khách,11:35,01 thg 5,01 thg 5,12:35,1h 0m,"Phú Quốc (PQC)
Sân bay Phú Quốc",Hành lý xách tay 7 kg,Hành lý 0 kg,2025-04-19
Vietnam Airlines,PQC0304,1.996.002 VND/khách,20:20,01 thg 5,01 thg 5,21:20,1h 0m,"Phú Quốc (PQC)
Sân bay Phú Quốc",Hành lý xách tay 1 x 12 kg,Hành lý 23 kg,2025-04-19
Vietnam Airlines,PQC0291,2.006.991 VND/khách,17:25,01 thg 5,01 thg 5,18:25,1h 0m,"Phú Quốc (PQC)
Sân bay Phú Quốc",Hành lý xách tay 1 x 12 kg,Hành lý 23 kg,2025-04-19
Vietnam Airlines,PQC0292,1.985.013 VND/khách,17:25,02 thg 5,02 thg 5,18:25,1h 0m,"Phú Quốc (PQC)
Sân bay Phú Quốc",Hành lý xách tay 1 x 12 kg,Hành lý 23 kg,2025-04-19
Vietnam Airlines,PQC0167,1.590.408 VND/khách,05:25,02 thg 5,02 thg 5,06:20,55m,"Phú Quốc (PQC)
Sân bay Phú Quốc",Hành lý xách tay 1 x 12 kg,Hành lý 23 kg,2025-04-19
Bamboo Airways,PQC0002,1.608.343 VND/khách,16:30,02 thg 5,02 thg 5,17:30,1h 0m,"Phú Quốc (PQC)
Sân bay Phú Quốc",Hành lý xách tay 7 kg,Hành lý 0 kg,2025-04-19
Vietravel Airlines,PQC0323,1.632.908 VND/khách,17:25,02 thg 5,02 thg 5,18:25,1h 0m,"Phú Quốc (PQC)
Sân bay Phú Quốc",Hành lý xách tay 7 kg,Hành lý 0 kg,2025-04-19
VietJet Air,PQC0017,1.726.000 VND/khách,05:55,02 thg 5,02 thg 5,06:55,1h 0m,"Phú Quốc (PQC)
Sân bay Phú Quốc",Hành lý xách tay 7 kg,Hành lý 0 kg,2025-04-19
VietJet Air,PQC0109,1.726.000 VND/khách,15:40,02 thg 5,02 thg 5,16:40,1h 0m,"Phú Quốc (PQC)
Sân bay Phú Quốc",Hành lý xách tay 7 kg,Hành lý 0 kg,2025-04-19
VietJet Air,PQC0132,1.726.000 VND/khách,17:10,02 thg 5,02 thg 5,18:15,1h 5m,"Phú Quốc (PQC)
Sân bay Phú Quốc",Hành lý xách tay 7 kg,Hành lý 0 kg,2025-04-19
VietJet Air,PQC0088,1.815.000 VND/khách,14:05,02 thg 5,02 thg 5,15:05,1h 0m,"Phú Quốc (PQC)
Sân bay Phú Quốc",Hành lý xách tay 7 kg,Hành lý 0 kg,2025-04-19
Vietnam Airlines,PQC0292,1.985.013 VND/khách,17:25,02 thg 5,02 thg 5,18:25,1h 0m,"Phú Quốc (PQC)
Sân bay Phú Quốc",Hành lý xách tay 1 x 12 kg,Hành lý 23 kg,2025-04-19
Vietnam Airlines,PQC0301,1.985.013 VND/khách,19:20,02 thg 5,02 thg 5,20:20,1h 0m,"Phú Quốc (PQC)
Sân bay Phú Quốc",Hành lý xách tay 1 x 12 kg,Hành lý 23 kg,2025-04-19
Vietnam Airlines,PQC0305,1.996.002 VND/khách,20:20,02 thg 5,02 thg 5,21:20,1h 0m,"Phú Quốc (PQC)
Sân bay Phú Quốc",Hành lý xách tay 1 x 12 kg,Hành lý 23 kg,2025-04-19
Vietnam Airlines,PQC0248,2.002.995 VND/khách,13:00,02 thg 5,02 thg 5,14:00,1h 0m,"Phú Quốc (PQC)
Sân bay Phú Quốc",Hành lý xách tay 1 x 12 kg,Hành lý 23 kg,2025-04-19
Vietnam Airlines,PQC0269,2.002.995 VND/khách,15:05,02 thg 5,02 thg 5,16:10,1h 5m,"Phú Quốc (PQC)
Sân bay Phú Quốc",Hành lý xách tay 1 x 12 kg,Hành lý 23 kg,2025-04-19
Vietnam Airlines,PQC0182,2.005.992 VND/khách,05:40,02 thg 5,02 thg 5,06:40,1h 0m,"Phú Quốc (PQC)
Sân bay Phú Quốc",Hành lý xách tay 1 x 12 kg,Hành lý 23 kg,2025-04-19
Vietnam Airlines,PQC0183,1.486.512 VND/khách,05:40,03 thg 5,03 thg 5,06:40,1h 0m,"Phú Quốc (PQC)
Sân bay Phú Quốc",Hành lý xách tay 1 x 12 kg,Hành lý 23 kg,2025-04-19
Bamboo Airways,PQC0003,1.013.756 VND/khách,16:30,03 thg 5,03 thg 5,17:30,1h 0m,"Phú Quốc (PQC)
Sân bay Phú Quốc",Hành lý xách tay 7 kg,Hành lý 0 kg,2025-04-19
Vietnam Airlines,PQC0168,1.252.746 VND/khách,05:25,03 thg 5,03 thg 5,06:20,55m,"Phú Quốc (PQC)
Sân bay Phú Quốc",Hành lý xách tay 1 x 12 kg,Hành lý 23 kg,2025-04-19
Vietravel Airlines,PQC0324,1.302.735 VND/khách,17:25,03 thg 5,03 thg 5,18:25,1h 0m,"Phú Quốc (PQC)
Sân bay Phú Quốc",Hành lý xách tay 7 kg,Hành lý 0 kg,2025-04-19
Vietnam Airlines,PQC0293,1.486.512 VND/khách,17:25,03 thg 5,03 thg 5,18:25,1h 0m,"Phú Quốc (PQC)
Sân bay Phú Quốc",Hành lý xách tay 1 x 12 kg,Hành lý 23 kg,2025-04-19
Vietnam Airlines,PQC0303,1.486.512 VND/khách,19:45,03 thg 5,03 thg 5,20:45,1h 0m,"Phú Quốc (PQC)
Sân bay Phú Quốc",Hành lý xách tay 1 x 12 kg,Hành lý 23 kg,2025-04-19
Vietnam Airlines,PQC0306,1.709.289 VND/khách,20:20,03 thg 5,03 thg 5,21:20,1h 0m,"Phú Quốc (PQC)
Sân bay Phú Quốc",Hành lý xách tay 1 x 12 kg,Hành lý 23 kg,2025-04-19
VietJet Air,PQC0089,1.726.000 VND/khách,14:05,03 thg 5,03 thg 5,15:05,1h 0m,"Phú Quốc (PQC)
Sân bay Phú Quốc",Hành lý xách tay 7 kg,Hành lý 0 kg,2025-04-19
VietJet Air,PQC0037,1.726.000 VND/khách,08:25,03 thg 5,03 thg 5,09:30,1h 5m,"Phú Quốc (PQC)
Sân bay Phú Quốc",Hành lý xách tay 7 kg,Hành lý 0 kg,2025-04-19
Vietnam Airlines,PQC0204,1.753.245 VND/khách,08:10,03 thg 5,03 thg 5,08:55,45m,"Phú Quốc (PQC)
Sân bay Phú Quốc",Hành lý xách tay 1 x 12 kg,Hành lý 23 kg,2025-04-19
VietJet Air,PQC0018,1.815.000 VND/khách,05:55,03 thg 5,03 thg 5,06:55,1h 0m,"Phú Quốc (PQC)
Sân bay Phú Quốc",Hành lý xách tay 7 kg,Hành lý 0 kg,2025-04-19
VietJet Air,PQC0133,1.815.000 VND/khách,17:10,03 thg 5,03 thg 5,18:15,1h 5m,"Phú Quốc (PQC)
Sân bay Phú Quốc",Hành lý xách tay 7 kg,Hành lý 0 kg,2025-04-19
VietJet Air,PQC0043,1.841.000 VND/khách,09:20,03 thg 5,03 thg 5,10:20,1h 0m,"Phú Quốc (PQC)
Sân bay Phú Quốc",Hành lý xách tay 7 kg,Hành lý 0 kg,2025-04-19
VietJet Air,PQC0067,1.841.000 VND/khách,11:35,03 thg 5,03 thg 5,12:35,1h 0m,"Phú Quốc (PQC)
Sân bay Phú Quốc",Hành lý xách tay 7 kg,Hành lý 0 kg,2025-04-19
VietJet Air,PQC0110,1.841.000 VND/khách,15:40,03 thg 5,03 thg 5,16:40,1h 0m,"Phú Quốc (PQC)
Sân bay Phú Quốc",Hành lý xách tay 7 kg,Hành lý 0 kg,2025-04-19
Vietnam Airlines,PQC0270,1.880.118 VND/khách,15:05,03 thg 5,03 thg 5,16:10,1h 5m,"Phú Quốc (PQC)
Sân bay Phú Quốc",Hành lý xách tay 1 x 12 kg,Hành lý 23 kg,2025-04-19
Vietnam Airlines,PQC0227,1.914.084 VND/khách,10:25,03 thg 5,03 thg 5,11:25,1h 0m,"Phú Quốc (PQC)
Sân bay Phú Quốc",Hành lý xách tay 1 x 12 kg,Hành lý 23 kg,2025-04-19
Vietnam Airlines,PQC0252,1.974.024 VND/khách,13:05,03 thg 5,03 thg 5,14:00,55m,"Phú Quốc (PQC)
Sân bay Phú Quốc",Hành lý xách tay 1 x 12 kg,Hành lý 23 kg,2025-04-19
Vietnam Airlines,PQC0184,1.237.761 VND/khách,05:40,04 thg 5,04 thg 5,06:40,1h 0m,"Phú Quốc (PQC)
Sân bay Phú Quốc",Hành lý xách tay 1 x 12 kg,Hành lý 23 kg,2025-04-19
Vietravel Airlines,PQC0325,749.123 VND/khách,17:25,04 thg 5,04 thg 5,18:25,1h 0m,"Phú Quốc (PQC)
Sân bay Phú Quốc",Hành lý xách tay 7 kg,Hành lý 0 kg,2025-04-19
Bamboo Airways,PQC0004,1.018.850 VND/khách,16:30,04 thg 5,04 thg 5,17:30,1h 0m,"Phú Quốc (PQC)
Sân bay Phú Quốc",Hành lý xách tay 7 kg,Hành lý 0 kg,2025-04-19
VietJet Air,PQC0019,1.050.000 VND/khách,05:55,04 thg 5,04 thg 5,06:55,1h 0m,"Phú Quốc (PQC)
Sân bay Phú Quốc",Hành lý xách tay 7 kg,Hành lý 0 kg,2025-04-19
VietJet Air,PQC0111,1.050.000 VND/khách,15:40,04 thg 5,04 thg 5,16:40,1h 0m,"Phú Quốc (PQC)
Sân bay Phú Quốc",Hành lý xách tay 7 kg,Hành lý 0 kg,2025-04-19
VietJet Air,PQC0134,1.050.000 VND/khách,17:10,04 thg 5,04 thg 5,18:15,1h 5m,"Phú Quốc (PQC)
Sân bay Phú Quốc",Hành lý xách tay 7 kg,Hành lý 0 kg,2025-04-19
Vietnam Airlines,PQC0169,1.092.906 VND/khách,05:25,04 thg 5,04 thg 5,06:20,55m,"Phú Quốc (PQC)
Sân bay Phú Quốc",Hành lý xách tay 1 x 12 kg,Hành lý 23 kg,2025-04-19
VietJet Air,PQC0090,1.165.000 VND/khách,14:05,04 thg 5,04 thg 5,15:05,1h 0m,"Phú Quốc (PQC)
Sân bay Phú Quốc",Hành lý xách tay 7 kg,Hành lý 0 kg,2025-04-19
Vietnam Airlines,PQC0184,1.237.761 VND/khách,05:40,04 thg 5,04 thg 5,06:40,1h 0m,"Phú Quốc (PQC)
Sân bay Phú Quốc",Hành lý xách tay 1 x 12 kg,Hành lý 23 kg,2025-04-19
Vietnam Airlines,PQC0307,1.237.761 VND/khách,20:20,04 thg 5,04 thg 5,21:20,1h 0m,"Phú Quốc (PQC)
Sân bay Phú Quốc",Hành lý xách tay 1 x 12 kg,Hành lý 23 kg,2025-04-19
Vietnam Airlines,PQC0162,1.252.746 VND/khách,05:10,04 thg 5,04 thg 5,06:10,1h 0m,"Phú Quốc (PQC)
Sân bay Phú Quốc",Hành lý xách tay 1 x 12 kg,Hành lý 23 kg,2025-04-19
Vietnam Airlines,PQC0294,1.252.746 VND/khách,17:25,04 thg 5,04 thg 5,18:25,1h 0m,"Phú Quốc (PQC)
Sân bay Phú Quốc",Hành lý xách tay 1 x 12 kg,Hành lý 23 kg,2025-04-19
Vietnam Airlines,PQC0317,1.252.746 VND/khách,20:25,04 thg 5,04 thg 5,21:25,1h 0m,"Phú Quốc (PQC)
Sân bay Phú Quốc",Hành lý xách tay 1 x 12 kg,Hành lý 23 kg,2025-04-19
VietJet Air,PQC0044,1.306.000 VND/khách,09:20,04 thg 5,04 thg 5,10:20,1h 0m,"Phú Quốc (PQC)
Sân bay Phú Quốc",Hành lý xách tay 7 kg,Hành lý 0 kg,2025-04-19
VietJet Air,PQC0068,1.306.000 VND/khách,11:35,04 thg 5,04 thg 5,12:35,1h 0m,"Phú Quốc (PQC)
Sân bay Phú Quốc",Hành lý xách tay 7 kg,Hành lý 0 kg,2025-04-19
Vietnam Airlines,PQC0271,1.385.613 VND/khách,15:05,04 thg 5,04 thg 5,16:10,1h 5m,"Phú Quốc (PQC)
Sân bay Phú Quốc",Hành lý xách tay 1 x 12 kg,Hành lý 23 kg,2025-04-19
Vietnam Airlines,PQC0205,1.474.524 VND/khách,08:10,04 thg 5,04 thg 5,08:55,45m,"Phú Quốc (PQC)
Sân bay Phú Quốc",Hành lý xách tay 1 x 12 kg,Hành lý 23 kg,2025-04-19
Vietnam Airlines,PQC0253,1.586.412 VND/khách,13:05,04 thg 5,04 thg 5,14:00,55m,"Phú Quốc (PQC)
Sân bay Phú Quốc",Hành lý xách tay 1 x 12 kg,Hành lý 23 kg,2025-04-19
Vietnam Airlines,PQC0228,1.586.412 VND/khách,10:25,04 thg 5,04 thg 5,11:25,1h 0m,"Phú Quốc (PQC)
Sân bay Phú Quốc",Hành lý xách tay 1 x 12 kg,Hành lý 23 kg,2025-04-19
Vietnam Airlines,PQC0185,1.353.645 VND/khách,05:40,05 thg 5,05 thg 5,06:40,1h 0m,"Phú Quốc (PQC)
Sân bay Phú Quốc",Hành lý xách tay 1 x 12 kg,Hành lý 23 kg,2025-04-19
Vietravel Airlines,PQC0326,749.123 VND/khách,17:25,05 thg 5,05 thg 5,18:25,1h 0m,"Phú Quốc (PQC)
Sân bay Phú Quốc",Hành lý xách tay 7 kg,Hành lý 0 kg,2025-04-19
VietJet Air,PQC0135,827.000 VND/khách,17:10,05 thg 5,05 thg 5,18:15,1h 5m,"Phú Quốc (PQC)
Sân bay Phú Quốc",Hành lý xách tay 7 kg,Hành lý 0 kg,2025-04-19
Vietnam Airlines,PQC0170,833.166 VND/khách,05:25,05 thg 5,05 thg 5,06:20,55m,"Phú Quốc (PQC)
Sân bay Phú Quốc",Hành lý xách tay 1 x 12 kg,Hành lý 0 kg,2025-04-19
Bamboo Airways,PQC0005,874.325 VND/khách,16:30,05 thg 5,05 thg 5,17:30,1h 0m,"Phú Quốc (PQC)
Sân bay Phú Quốc",Hành lý xách tay 7 kg,Hành lý 0 kg,2025-04-19
VietJet Air,PQC0020,1.050.000 VND/khách,05:55,05 thg 5,05 thg 5,06:55,1h 0m,"Phú Quốc (PQC)
Sân bay Phú Quốc",Hành lý xách tay 7 kg,Hành lý 0 kg,2025-04-19
VietJet Air,PQC0112,1.050.000 VND/khách,15:40,05 thg 5,05 thg 5,16:40,1h 0m,"Phú Quốc (PQC)
Sân bay Phú Quốc",Hành lý xách tay 7 kg,Hành lý 0 kg,2025-04-19
VietJet Air,PQC0091,1.165.000 VND/khách,14:05,05 thg 5,05 thg 5,15:05,1h 0m,"Phú Quốc (PQC)
Sân bay Phú Quốc",Hành lý xách tay 7 kg,Hành lý 0 kg,2025-04-19
VietJet Air,PQC0045,1.306.000 VND/khách,09:20,05 thg 5,05 thg 5,10:20,1h 0m,"Phú Quốc (PQC)
Sân bay Phú Quốc",Hành lý xách tay 7 kg,Hành lý 0 kg,2025-04-19
VietJet Air,PQC0069,1.306.000 VND/khách,11:35,05 thg 5,05 thg 5,12:35,1h 0m,"Phú Quốc (PQC)
Sân bay Phú Quốc",Hành lý xách tay 7 kg,Hành lý 0 kg,2025-04-19
Vietnam Airlines,PQC0185,1.353.645 VND/khách,05:40,05 thg 5,05 thg 5,06:40,1h 0m,"Phú Quốc (PQC)
Sân bay Phú Quốc",Hành lý xách tay 1 x 12 kg,Hành lý 23 kg,2025-04-19
Vietnam Airlines,PQC0308,1.364.634 VND/khách,20:20,05 thg 5,05 thg 5,21:20,1h 0m,"Phú Quốc (PQC)
Sân bay Phú Quốc",Hành lý xách tay 1 x 12 kg,Hành lý 23 kg,2025-04-19
Vietnam Airlines,PQC0318,1.371.627 VND/khách,20:25,05 thg 5,05 thg 5,21:25,1h 0m,"Phú Quốc (PQC)
Sân bay Phú Quốc",Hành lý xách tay 1 x 12 kg,Hành lý 23 kg,2025-04-19
Vietnam Airlines,PQC0295,1.385.613 VND/khách,17:25,05 thg 5,05 thg 5,18:25,1h 0m,"Phú Quốc (PQC)
Sân bay Phú Quốc",Hành lý xách tay 1 x 12 kg,Hành lý 23 kg,2025-04-19
Vietnam Airlines,PQC0254,1.486.512 VND/khách,13:05,05 thg 5,05 thg 5,14:00,55m,"Phú Quốc (PQC)
Sân bay Phú Quốc",Hành lý xách tay 1 x 12 kg,Hành lý 23 kg,2025-04-19
Vietnam Airlines,PQC0272,1.486.512 VND/khách,15:05,05 thg 5,05 thg 5,16:10,1h 5m,"Phú Quốc (PQC)
Sân bay Phú Quốc",Hành lý xách tay 1 x 12 kg,Hành lý 23 kg,2025-04-19
Vietnam Airlines,PQC0206,1.676.322 VND/khách,08:10,05 thg 5,05 thg 5,08:55,45m,"Phú Quốc (PQC)
Sân bay Phú Quốc",Hành lý xách tay 1 x 12 kg,Hành lý 23 kg,2025-04-19
Vietnam Airlines,PQC0229,1.779.219 VND/khách,10:25,05 thg 5,05 thg 5,11:25,1h 0m,"Phú Quốc (PQC)
Sân bay Phú Quốc",Hành lý xách tay 1 x 12 kg,Hành lý 23 kg,2025-04-19
Vietnam Airlines,PQC0186,1.348.650 VND/khách,05:40,06 thg 5,06 thg 5,06:40,1h 0m,"Phú Quốc (PQC)
Sân bay Phú Quốc",Hành lý xách tay 1 x 12 kg,Hành lý 23 kg,2025-04-19
Vietravel Airlines,PQC0327,749.123 VND/khách,17:25,06 thg 5,06 thg 5,18:25,1h 0m,"Phú Quốc (PQC)
Sân bay Phú Quốc",Hành lý xách tay 7 kg,Hành lý 0 kg,2025-04-19
VietJet Air,PQC0021,827.000 VND/khách,05:55,06 thg 5,06 thg 5,06:55,1h 0m,"Phú Quốc (PQC)
Sân bay Phú Quốc",Hành lý xách tay 7 kg,Hành lý 0 kg,2025-04-19
VietJet Air,PQC0136,827.000 VND/khách,17:10,06 thg 5,06 thg 5,18:15,1h 5m,"Phú Quốc (PQC)
Sân bay Phú Quốc",Hành lý xách tay 7 kg,Hành lý 0 kg,2025-04-19
VietJet Air,PQC0113,1.050.000 VND/khách,15:40,06 thg 5,06 thg 5,16:40,1h 0m,"Phú Quốc (PQC)
Sân bay Phú Quốc",Hành lý xách tay 7 kg,Hành lý 0 kg,2025-04-19
VietJet Air,PQC0070,1.165.000 VND/khách,11:35,06 thg 5,06 thg 5,12:35,1h 0m,"Phú Quốc (PQC)
Sân bay Phú Quốc",Hành lý xách tay 7 kg,Hành lý 0 kg,2025-04-19
VietJet Air,PQC0092,1.165.000 VND/khách,14:05,06 thg 5,06 thg 5,15:05,1h 0m,"Phú Quốc (PQC)
Sân bay Phú Quốc",Hành lý xách tay 7 kg,Hành lý 0 kg,2025-04-19
VietJet Air,PQC0046,1.176.000 VND/khách,09:20,06 thg 5,06 thg 5,10:20,1h 0m,"Phú Quốc (PQC)
Sân bay Phú Quốc",Hành lý xách tay 7 kg,Hành lý 0 kg,2025-04-19
Vietnam Airlines,PQC0186,1.348.650 VND/khách,05:40,06 thg 5,06 thg 5,06:40,1h 0m,"Phú Quốc (PQC)
Sân bay Phú Quốc",Hành lý xách tay 1 x 12 kg,Hành lý 23 kg,2025-04-19
Vietnam Airlines,PQC0207,1.579.419 VND/khách,08:10,06 thg 5,06 thg 5,08:55,45m,"Phú Quốc (PQC)
Sân bay Phú Quốc",Hành lý xách tay 1 x 12 kg,Hành lý 23 kg,2025-04-19
Vietnam Airlines,PQC0273,1.579.419 VND/khách,15:05,06 thg 5,06 thg 5,16:10,1h 5m,"Phú Quốc (PQC)
Sân bay Phú Quốc",Hành lý xách tay 1 x 12 kg,Hành lý 23 kg,2025-04-19
Vietnam Airlines,PQC0255,1.601.397 VND/khách,13:05,06 thg 5,06 thg 5,14:00,55m,"Phú Quốc (PQC)
Sân bay Phú Quốc",Hành lý xách tay 1 x 12 kg,Hành lý 23 kg,2025-04-19
Vietnam Airlines,PQC0230,1.791.207 VND/khách,10:25,06 thg 5,06 thg 5,11:25,1h 0m,"Phú Quốc (PQC)
Sân bay Phú Quốc",Hành lý xách tay 1 x 12 kg,Hành lý 23 kg,2025-04-19
Vietnam Airlines,PQC0187,1.353.645 VND/khách,05:40,07 thg 5,07 thg 5,06:40,1h 0m,"Phú Quốc (PQC)
Sân bay Phú Quốc",Hành lý xách tay 1 x 12 kg,Hành lý 23 kg,2025-04-19
Vietravel Airlines,PQC0328,749.123 VND/khách,17:25,07 thg 5,07 thg 5,18:25,1h 0m,"Phú Quốc (PQC)
Sân bay Phú Quốc",Hành lý xách tay 7 kg,Hành lý 0 kg,2025-04-19
VietJet Air,PQC0022,827.000 VND/khách,05:55,07 thg 5,07 thg 5,06:55,1h 0m,"Phú Quốc (PQC)
Sân bay Phú Quốc",Hành lý xách tay 7 kg,Hành lý 0 kg,2025-04-19
VietJet Air,PQC0137,827.000 VND/khách,17:10,07 thg 5,07 thg 5,18:15,1h 5m,"Phú Quốc (PQC)
Sân bay Phú Quốc",Hành lý xách tay 7 kg,Hành lý 0 kg,2025-04-19
Bamboo Airways,PQC0006,1.018.850 VND/khách,16:30,07 thg 5,07 thg 5,17:30,1h 0m,"Phú Quốc (PQC)
Sân bay Phú Quốc",Hành lý xách tay 7 kg,Hành lý 0 kg,2025-04-19
VietJet Air,PQC0114,1.050.000 VND/khách,15:40,07 thg 5,07 thg 5,16:40,1h 0m,"Phú Quốc (PQC)
Sân bay Phú Quốc",Hành lý xách tay 7 kg,Hành lý 0 kg,2025-04-19
VietJet Air,PQC0047,1.165.000 VND/khách,09:20,07 thg 5,07 thg 5,10:20,1h 0m,"Phú Quốc (PQC)
Sân bay Phú Quốc",Hành lý xách tay 7 kg,Hành lý 0 kg,2025-04-19
VietJet Air,PQC0071,1.165.000 VND/khách,11:35,07 thg 5,07 thg 5,12:35,1h 0m,"Phú Quốc (PQC)
Sân bay Phú Quốc",Hành lý xách tay 7 kg,Hành lý 0 kg,2025-04-19
VietJet Air,PQC0093,1.165.000 VND/khách,14:05,07 thg 5,07 thg 5,15:05,1h 0m,"Phú Quốc (PQC)
Sân bay Phú Quốc",Hành lý xách tay 7 kg,Hành lý 0 kg,2025-04-19
Vietnam Airlines,PQC0187,1.353.645 VND/khách,05:40,07 thg 5,07 thg 5,06:40,1h 0m,"Phú Quốc (PQC)
Sân bay Phú Quốc",Hành lý xách tay 1 x 12 kg,Hành lý 23 kg,2025-04-19
Vietnam Airlines,PQC0274,1.594.404 VND/khách,15:05,07 thg 5,07 thg 5,16:10,1h 5m,"Phú Quốc (PQC)
Sân bay Phú Quốc",Hành lý xách tay 1 x 12 kg,Hành lý 23 kg,2025-04-19
Vietnam Airlines,PQC0208,1.679.319 VND/khách,08:10,07 thg 5,07 thg 5,08:55,45m,"Phú Quốc (PQC)
Sân bay Phú Quốc",Hành lý xách tay 1 x 12 kg,Hành lý 23 kg,2025-04-19
Vietnam Airlines,PQC0231,1.776.222 VND/khách,10:25,07 thg 5,07 thg 5,11:25,1h 0m,"Phú Quốc (PQC)
Sân bay Phú Quốc",Hành lý xách tay 1 x 12 kg,Hành lý 23 kg,2025-04-19
Vietnam Airlines,PQC0256,1.876.122 VND/khách,13:05,07 thg 5,07 thg 5,14:00,55m,"Phú Quốc (PQC)
Sân bay Phú Quốc",Hành lý xách tay 1 x 12 kg,Hành lý 23 kg,2025-04-19
Vietnam Airlines,PQC0188,1.486.512 VND/khách,05:40,08 thg 5,08 thg 5,06:40,1h 0m,"Phú Quốc (PQC)
Sân bay Phú Quốc",Hành lý xách tay 1 x 12 kg,Hành lý 23 kg,2025-04-19
VietJet Air,PQC0023,1.050.000 VND/khách,05:55,08 thg 5,08 thg 5,06:55,1h 0m,"Phú Quốc (PQC)
Sân bay Phú Quốc",Hành lý xách tay 7 kg,Hành lý 0 kg,2025-04-19
Vietravel Airlines,PQC0329,1.058.348 VND/khách,17:25,08 thg 5,08 thg 5,18:25,1h 0m,"Phú Quốc (PQC)
Sân bay Phú Quốc",Hành lý xách tay 7 kg,Hành lý 0 kg,2025-04-19
VietJet Air,PQC0072,1.306.000 VND/khách,11:35,08 thg 5,08 thg 5,12:35,1h 0m,"Phú Quốc (PQC)
Sân bay Phú Quốc",Hành lý xách tay 7 kg,Hành lý 0 kg,2025-04-19
VietJet Air,PQC0094,1.306.000 VND/khách,14:05,08 thg 5,08 thg 5,15:05,1h 0m,"Phú Quốc (PQC)
Sân bay Phú Quốc",Hành lý xách tay 7 kg,Hành lý 0 kg,2025-04-19
VietJet Air,PQC0115,1.306.000 VND/khách,15:40,08 thg 5,08 thg 5,16:40,1h 0m,"Phú Quốc (PQC)
Sân bay Phú Quốc",Hành lý xách tay 7 kg,Hành lý 0 kg,2025-04-19
VietJet Air,PQC0038,1.306.000 VND/khách,08:25,08 thg 5,08 thg 5,09:30,1h 5m,"Phú Quốc (PQC)
Sân bay Phú Quốc",Hành lý xách tay 7 kg,Hành lý 0 kg,2025-04-19
VietJet Air,PQC0138,1.306.000 VND/khách,17:10,08 thg 5,08 thg 5,18:15,1h 5m,"Phú Quốc (PQC)
Sân bay Phú Quốc",Hành lý xách tay 7 kg,Hành lý 0 kg,2025-04-19
VietJet Air,PQC0155,1.306.000 VND/khách,17:40,08 thg 5,08 thg 5,18:45,1h 5m,"Phú Quốc (PQC)
Sân bay Phú Quốc",Hành lý xách tay 7 kg,Hành lý 0 kg,2025-04-19
VietJet Air,PQC0048,1.310.000 VND/khách,09:20,08 thg 5,08 thg 5,10:20,1h 0m,"Phú Quốc (PQC)
Sân bay Phú Quốc",Hành lý xách tay 7 kg,Hành lý 0 kg,2025-04-19
Vietnam Airlines,PQC0188,1.486.512 VND/khách,05:40,08 thg 5,08 thg 5,06:40,1h 0m,"Phú Quốc (PQC)
Sân bay Phú Quốc",Hành lý xách tay 1 x 12 kg,Hành lý 23 kg,2025-04-19
Vietnam Airlines,PQC0275,1.709.289 VND/khách,15:05,08 thg 5,08 thg 5,16:10,1h 5m,"Phú Quốc (PQC)
Sân bay Phú Quốc",Hành lý xách tay 1 x 12 kg,Hành lý 23 kg,2025-04-19
Vietnam Airlines,PQC0257,1.791.207 VND/khách,13:05,08 thg 5,08 thg 5,14:00,55m,"Phú Quốc (PQC)
Sân bay Phú Quốc",Hành lý xách tay 1 x 12 kg,Hành lý 23 kg,2025-04-19
Vietnam Airlines,PQC0232,1.791.207 VND/khách,10:25,08 thg 5,08 thg 5,11:25,1h 0m,"Phú Quốc (PQC)
Sân bay Phú Quốc",Hành lý xách tay 1 x 12 kg,Hành lý 23 kg,2025-04-19
Vietnam Airlines,PQC0209,1.869.129 VND/khách,08:10,08 thg 5,08 thg 5,08:55,45m,"Phú Quốc (PQC)
Sân bay Phú Quốc",Hành lý xách tay 1 x 12 kg,Hành lý 23 kg,2025-04-19
Vietnam Airlines,PQC0189,1.601.397 VND/khách,05:40,09 thg 5,09 thg 5,06:40,1h 0m,"Phú Quốc (PQC)
Sân bay Phú Quốc",Hành lý xách tay 1 x 12 kg,Hành lý 23 kg,2025-04-19
VietJet Air,PQC0116,1.306.000 VND/khách,15:40,09 thg 5,09 thg 5,16:40,1h 0m,"Phú Quốc (PQC)
Sân bay Phú Quốc",Hành lý xách tay 7 kg,Hành lý 0 kg,2025-04-19
VietJet Air,PQC0139,1.306.000 VND/khách,17:10,09 thg 5,09 thg 5,18:15,1h 5m,"Phú Quốc (PQC)
Sân bay Phú Quốc",Hành lý xách tay 7 kg,Hành lý 0 kg,2025-04-19
Bamboo Airways,PQC0007,1.420.686 VND/khách,16:30,09 thg 5,09 thg 5,17:30,1h 0m,"Phú Quốc (PQC)
Sân bay Phú Quốc",Hành lý xách tay 7 kg,Hành lý 0 kg,2025-04-19
VietJet Air,PQC0024,1.447.000 VND/khách,05:55,09 thg 5,09 thg 5,06:55,1h 0m,"Phú Quốc (PQC)
Sân bay Phú Quốc",Hành lý xách tay 7 kg,Hành lý 0 kg,2025-04-19
VietJet Air,PQC0095,1.608.000 VND/khách,14:05,09 thg 5,09 thg 5,15:05,1h 0m,"Phú Quốc (PQC)
Sân bay Phú Quốc",Hành lý xách tay 7 kg,Hành lý 0 kg,2025-04-19
Vietnam Airlines,PQC0309,1.698.300 VND/khách,20:20,09 thg 5,09 thg 5,21:20,1h 0m,"Phú Quốc (PQC)
Sân bay Phú Quốc",Hành lý xách tay 1 x 12 kg,Hành lý 23 kg,2025-04-19
VietJet Air,PQC0049,1.701.538 VND/khách,09:20,09 thg 5,09 thg 5,10:20,1h 0m,"Phú Quốc (PQC)
Sân bay Phú Quốc",Hành lý xách tay 7 kg,Hành lý 0 kg,2025-04-19
VietJet Air,PQC0073,1.726.000 VND/khách,11:35,09 thg 5,09 thg 5,12:35,1h 0m,"Phú Quốc (PQC)
Sân bay Phú Quốc",Hành lý xách tay 7 kg,Hành lý 0 kg,2025-04-19
Vietnam Airlines,PQC0276,1.779.219 VND/khách,15:05,09 thg 5,09 thg 5,16:10,1h 5m,"Phú Quốc (PQC)
Sân bay Phú Quốc",Hành lý xách tay 1 x 12 kg,Hành lý 23 kg,2025-04-19
Vietnam Airlines,PQC0249,1.869.129 VND/khách,13:00,09 thg 5,09 thg 5,14:00,1h 0m,"Phú Quốc (PQC)
Sân bay Phú Quốc",Hành lý xách tay 1 x 12 kg,Hành lý 23 kg,2025-04-19
Vietravel Airlines,PQC0330,1.873.305 VND/khách,17:25,09 thg 5,09 thg 5,18:25,1h 0m,"Phú Quốc (PQC)
Sân bay Phú Quốc",Hành lý xách tay 7 kg,Hành lý 0 kg,2025-04-19
Vietnam Airlines,PQC0233,1.977.021 VND/khách,10:25,09 thg 5,09 thg 5,11:25,1h 0m,"Phú Quốc (PQC)
Sân bay Phú Quốc",Hành lý xách tay 1 x 12 kg,Hành lý 23 kg,2025-04-19
Vietnam Airlines,PQC0210,1.996.002 VND/khách,08:10,09 thg 5,09 thg 5,08:55,45m,"Phú Quốc (PQC)
Sân bay Phú Quốc",Hành lý xách tay 1 x 12 kg,Hành lý 23 kg,2025-04-19
Vietnam Airlines,PQC0192,1.393.605 VND/khách,05:40,21 thg 4,21 thg 4,06:40,1h 0m,"Phú Quốc (PQC)
Sân bay Phú Quốc",Hành lý xách tay 1 x 12 kg,Hành lý 23 kg,2025-04-19
Bamboo Airways,PQC0009,869.953 VND/khách,16:30,21 thg 4,21 thg 4,17:30,1h 0m,"Phú Quốc (PQC)
Sân bay Phú Quốc",Hành lý xách tay 7 kg,Hành lý 0 kg,2025-04-19
Vietravel Airlines,PQC0333,1.162.571 VND/khách,17:25,21 thg 4,21 thg 4,18:25,1h 0m,"Phú Quốc (PQC)
Sân bay Phú Quốc",Hành lý xách tay 7 kg,Hành lý 0 kg,2025-04-19
VietJet Air,PQC0027,1.168.000 VND/khách,05:55,21 thg 4,21 thg 4,06:55,1h 0m,"Phú Quốc (PQC)
Sân bay Phú Quốc",Hành lý xách tay 7 kg,Hành lý 0 kg,2025-04-19
VietJet Air,PQC0142,1.168.000 VND/khách,17:10,21 thg 4,21 thg 4,18:15,1h 5m,"Phú Quốc (PQC)
Sân bay Phú Quốc",Hành lý xách tay 7 kg,Hành lý 0 kg,2025-04-19
VietJet Air,PQC0098,1.314.000 VND/khách,14:05,21 thg 4,21 thg 4,15:05,1h 0m,"Phú Quốc (PQC)
Sân bay Phú Quốc",Hành lý xách tay 7 kg,Hành lý 0 kg,2025-04-19
VietJet Air,PQC0076,1.425.000 VND/khách,11:35,21 thg 4,21 thg 4,12:35,1h 0m,"Phú Quốc (PQC)
Sân bay Phú Quốc",Hành lý xách tay 7 kg,Hành lý 0 kg,2025-04-19
VietJet Air,PQC0119,1.425.000 VND/khách,15:40,21 thg 4,21 thg 4,16:40,1h 0m,"Phú Quốc (PQC)
Sân bay Phú Quốc",Hành lý xách tay 7 kg,Hành lý 0 kg,2025-04-19
Vietnam Airlines,PQC0213,1.709.289 VND/khách,08:10,21 thg 4,21 thg 4,08:55,45m,"Phú Quốc (PQC)
Sân bay Phú Quốc",Hành lý xách tay 1 x 12 kg,Hành lý 23 kg,2025-04-19
VietJet Air,PQC0052,1.733.000 VND/khách,09:20,21 thg 4,21 thg 4,10:20,1h 0m,"Phú Quốc (PQC)
Sân bay Phú Quốc",Hành lý xách tay 7 kg,Hành lý 0 kg,2025-04-19
Vietnam Airlines,PQC0236,1.996.002 VND/khách,10:25,21 thg 4,21 thg 4,11:25,1h 0m,"Phú Quốc (PQC)
Sân bay Phú Quốc",Hành lý xách tay 1 x 12 kg,Hành lý 23 kg,2025-04-19
Vietnam Airlines,PQC0193,1.460.538 VND/khách,05:40,22 thg 4,22 thg 4,06:40,1h 0m,"Phú Quốc (PQC)
Sân bay Phú Quốc",Hành lý xách tay 1 x 12 kg,Hành lý 23 kg,2025-04-19
Vietravel Airlines,PQC0334,1.058.348 VND/khách,17:25,22 thg 4,22 thg 4,18:25,1h 0m,"Phú Quốc (PQC)
Sân bay Phú Quốc",Hành lý xách tay 7 kg,Hành lý 0 kg,2025-04-19
VietJet Air,PQC0028,1.172.000 VND/khách,05:55,22 thg 4,22 thg 4,06:55,1h 0m,"Phú Quốc (PQC)
Sân bay Phú Quốc",Hành lý xách tay 7 kg,Hành lý 0 kg,2025-04-19
VietJet Air,PQC0120,1.172.000 VND/khách,15:40,22 thg 4,22 thg 4,16:40,1h 0m,"Phú Quốc (PQC)
Sân bay Phú Quốc",Hành lý xách tay 7 kg,Hành lý 0 kg,2025-04-19
VietJet Air,PQC0143,1.172.000 VND/khách,17:10,22 thg 4,22 thg 4,18:15,1h 5m,"Phú Quốc (PQC)
Sân bay Phú Quốc",Hành lý xách tay 7 kg,Hành lý 0 kg,2025-04-19
VietJet Air,PQC0053,1.310.000 VND/khách,09:20,22 thg 4,22 thg 4,10:20,1h 0m,"Phú Quốc (PQC)
Sân bay Phú Quốc",Hành lý xách tay 7 kg,Hành lý 0 kg,2025-04-19
VietJet Air,PQC0077,1.310.000 VND/khách,11:35,22 thg 4,22 thg 4,12:35,1h 0m,"Phú Quốc (PQC)
Sân bay Phú Quốc",Hành lý xách tay 7 kg,Hành lý 0 kg,2025-04-19
VietJet Air,PQC0099,1.310.000 VND/khách,14:05,22 thg 4,22 thg 4,15:05,1h 0m,"Phú Quốc (PQC)
Sân bay Phú Quốc",Hành lý xách tay 7 kg,Hành lý 0 kg,2025-04-19
Vietnam Airlines,PQC0193,1.460.538 VND/khách,05:40,22 thg 4,22 thg 4,06:40,1h 0m,"Phú Quốc (PQC)
Sân bay Phú Quốc",Hành lý xách tay 1 x 12 kg,Hành lý 23 kg,2025-04-19
Vietnam Airlines,PQC0214,1.701.297 VND/khách,08:10,22 thg 4,22 thg 4,08:55,45m,"Phú Quốc (PQC)
Sân bay Phú Quốc",Hành lý xách tay 1 x 12 kg,Hành lý 23 kg,2025-04-19
Vietnam Airlines,PQC0280,1.857.141 VND/khách,15:05,22 thg 4,22 thg 4,16:10,1h 5m,"Phú Quốc (PQC)
Sân bay Phú Quốc",Hành lý xách tay 1 x 12 kg,Hành lý 23 kg,2025-04-19
Vietnam Airlines,PQC0237,1.910.088 VND/khách,10:25,22 thg 4,22 thg 4,11:25,1h 0m,"Phú Quốc (PQC)
Sân bay Phú Quốc",Hành lý xách tay 1 x 12 kg,Hành lý 23 kg,2025-04-19
Vietnam Airlines,PQC0261,1.970.028 VND/khách,13:05,22 thg 4,22 thg 4,14:00,55m,"Phú Quốc (PQC)
Sân bay Phú Quốc",Hành lý xách tay 1 x 12 kg,Hành lý 23 kg,2025-04-19
Vietnam Airlines,PQC0215,1.601.397 VND/khách,08:10,23 thg 4,23 thg 4,08:55,45m,"Phú Quốc (PQC)
Sân bay Phú Quốc",Hành lý xách tay 1 x 12 kg,Hành lý 23 kg,2025-04-19
Bamboo Airways,PQC0010,869.953 VND/khách,16:30,23 thg 4,23 thg 4,17:30,1h 0m,"Phú Quốc (PQC)
Sân bay Phú Quốc",Hành lý xách tay 7 kg,Hành lý 0 kg,2025-04-19
Vietravel Airlines,PQC0335,957.600 VND/khách,17:25,23 thg 4,23 thg 4,18:25,1h 0m,"Phú Quốc (PQC)
Sân bay Phú Quốc",Hành lý xách tay 7 kg,Hành lý 0 kg,2025-04-19
VietJet Air,PQC0157,1.057.000 VND/khách,17:40,23 thg 4,23 thg 4,18:40,1h 0m,"Phú Quốc (PQC)
Sân bay Phú Quốc",Hành lý xách tay 7 kg,Hành lý 0 kg,2025-04-19
VietJet Air,PQC0029,1.168.000 VND/khách,05:55,23 thg 4,23 thg 4,06:55,1h 0m,"Phú Quốc (PQC)
Sân bay Phú Quốc",Hành lý xách tay 7 kg,Hành lý 0 kg,2025-04-19
VietJet Air,PQC0129,1.168.000 VND/khách,16:25,23 thg 4,23 thg 4,17:25,1h 0m,"Phú Quốc (PQC)
Sân bay Phú Quốc",Hành lý xách tay 7 kg,Hành lý 0 kg,2025-04-19
VietJet Air,PQC0054,1.310.000 VND/khách,09:20,23 thg 4,23 thg 4,10:20,1h 0m,"Phú Quốc (PQC)
Sân bay Phú Quốc",Hành lý xách tay 7 kg,Hành lý 0 kg,2025-04-19
VietJet Air,PQC0078,1.310.000 VND/khách,11:35,23 thg 4,23 thg 4,12:35,1h 0m,"Phú Quốc (PQC)
Sân bay Phú Quốc",Hành lý xách tay 7 kg,Hành lý 0 kg,2025-04-19
VietJet Air,PQC0100,1.310.000 VND/khách,14:05,23 thg 4,23 thg 4,15:05,1h 0m,"Phú Quốc (PQC)
Sân bay Phú Quốc",Hành lý xách tay 7 kg,Hành lý 0 kg,2025-04-19
Vietnam Airlines,PQC0215,1.601.397 VND/khách,08:10,23 thg 4,23 thg 4,08:55,45m,"Phú Quốc (PQC)
Sân bay Phú Quốc",Hành lý xách tay 1 x 12 kg,Hành lý 23 kg,2025-04-19
Vietnam Airlines,PQC0194,1.675.323 VND/khách,05:40,23 thg 4,23 thg 4,06:40,1h 0m,"Phú Quốc (PQC)
Sân bay Phú Quốc",Hành lý xách tay 1 x 12 kg,Hành lý 23 kg,2025-04-19
Vietnam Airlines,PQC0281,1.787.211 VND/khách,15:05,23 thg 4,23 thg 4,16:10,1h 5m,"Phú Quốc (PQC)
Sân bay Phú Quốc",Hành lý xách tay 1 x 12 kg,Hành lý 23 kg,2025-04-19
Vietnam Airlines,PQC0238,1.865.133 VND/khách,10:25,23 thg 4,23 thg 4,11:25,1h 0m,"Phú Quốc (PQC)
Sân bay Phú Quốc",Hành lý xách tay 1 x 12 kg,Hành lý 23 kg,2025-04-19
Vietnam Airlines,PQC0262,1.887.111 VND/khách,13:05,23 thg 4,23 thg 4,14:00,55m,"Phú Quốc (PQC)
Sân bay Phú Quốc",Hành lý xách tay 1 x 12 kg,Hành lý 23 kg,2025-04-19
Vietnam Airlines,PQC0195,1.367.631 VND/khách,05:40,24 thg 4,24 thg 4,06:40,1h 0m,"Phú Quốc (PQC)
Sân bay Phú Quốc",Hành lý xách tay 1 x 12 kg,Hành lý 23 kg,2025-04-19
Vietravel Airlines,PQC0336,1.132.163 VND/khách,17:25,24 thg 4,24 thg 4,18:25,1h 0m,"Phú Quốc (PQC)
Sân bay Phú Quốc",Hành lý xách tay 7 kg,Hành lý 0 kg,2025-04-19
VietJet Air,PQC0030,1.168.000 VND/khách,05:55,24 thg 4,24 thg 4,06:55,1h 0m,"Phú Quốc (PQC)
Sân bay Phú Quốc",Hành lý xách tay 7 kg,Hành lý 0 kg,2025-04-19
VietJet Air,PQC0130,1.310.000 VND/khách,16:30,24 thg 4,24 thg 4,17:30,1h 0m,"Phú Quốc (PQC)
Sân bay Phú Quốc",Hành lý xách tay 7 kg,Hành lý 0 kg,2025-04-19
VietJet Air,PQC0158,1.314.000 VND/khách,17:40,24 thg 4,24 thg 4,18:45,1h 5m,"Phú Quốc (PQC)
Sân bay Phú Quốc",Hành lý xách tay 7 kg,Hành lý 0 kg,2025-04-19
VietJet Air,PQC0079,1.425.000 VND/khách,11:35,24 thg 4,24 thg 4,12:35,1h 0m,"Phú Quốc (PQC)
Sân bay Phú Quốc",Hành lý xách tay 7 kg,Hành lý 0 kg,2025-04-19
VietJet Air,PQC0101,1.425.000 VND/khách,14:05,24 thg 4,24 thg 4,15:05,1h 0m,"Phú Quốc (PQC)
Sân bay Phú Quốc",Hành lý xách tay 7 kg,Hành lý 0 kg,2025-04-19
VietJet Air,PQC0039,1.425.000 VND/khách,08:25,24 thg 4,24 thg 4,09:30,1h 5m,"Phú Quốc (PQC)
Sân bay Phú Quốc",Hành lý xách tay 7 kg,Hành lý 0 kg,2025-04-19
Vietnam Airlines,PQC0282,1.869.129 VND/khách,15:05,24 thg 4,24 thg 4,16:10,1h 5m,"Phú Quốc (PQC)
Sân bay Phú Quốc",Hành lý xách tay 1 x 12 kg,Hành lý 23 kg,2025-04-19
Vietnam Airlines,PQC0217,1.880.118 VND/khách,08:10,24 thg 4,24 thg 4,08:55,45m,"Phú Quốc (PQC)
Sân bay Phú Quốc",Hành lý xách tay 1 x 12 kg,Hành lý 23 kg,2025-04-19
Vietnam Airlines,PQC0263,1.970.028 VND/khách,13:05,24 thg 4,24 thg 4,14:00,55m,"Phú Quốc (PQC)
Sân bay Phú Quốc",Hành lý xách tay 1 x 12 kg,Hành lý 23 kg,2025-04-19
Vietnam Airlines,PQC0239,1.985.013 VND/khách,10:25,24 thg 4,24 thg 4,11:25,1h 0m,"Phú Quốc (PQC)
Sân bay Phú Quốc",Hành lý xách tay 1 x 12 kg,Hành lý 23 kg,2025-04-19
Vietnam Airlines,PQC0296,1.676.322 VND/khách,17:25,25 thg 4,25 thg 4,18:25,1h 0m,"Phú Quốc (PQC)
Sân bay Phú Quốc",Hành lý xách tay 1 x 12 kg,Hành lý 23 kg,2025-04-19
Vietravel Airlines,PQC0337,1.132.163 VND/khách,17:25,25 thg 4,25 thg 4,18:25,1h 0m,"Phú Quốc (PQC)
Sân bay Phú Quốc",Hành lý xách tay 7 kg,Hành lý 0 kg,2025-04-19
Bamboo Airways,PQC0011,1.167.757 VND/khách,16:30,25 thg 4,25 thg 4,17:30,1h 0m,"Phú Quốc (PQC)
Sân bay Phú Quốc",Hành lý xách tay 7 kg,Hành lý 0 kg,2025-04-19
VietJet Air,PQC0146,1.310.000 VND/khách,17:10,25 thg 4,25 thg 4,18:15,1h 5m,"Phú Quốc (PQC)
Sân bay Phú Quốc",Hành lý xách tay 7 kg,Hành lý 0 kg,2025-04-19
VietJet Air,PQC0031,1.425.000 VND/khách,05:55,25 thg 4,25 thg 4,06:55,1h 0m,"Phú Quốc (PQC)
Sân bay Phú Quốc",Hành lý xách tay 7 kg,Hành lý 0 kg,2025-04-19
VietJet Air,PQC0123,1.425.000 VND/khách,15:40,25 thg 4,25 thg 4,16:40,1h 0m,"Phú Quốc (PQC)
Sân bay Phú Quốc",Hành lý xách tay 7 kg,Hành lý 0 kg,2025-04-19
VietJet Air,PQC0056,1.614.000 VND/khách,09:20,25 thg 4,25 thg 4,10:20,1h 0m,"Phú Quốc (PQC)
Sân bay Phú Quốc",Hành lý xách tay 7 kg,Hành lý 0 kg,2025-04-19
VietJet Air,PQC0102,1.614.000 VND/khách,14:05,25 thg 4,25 thg 4,15:05,1h 0m,"Phú Quốc (PQC)
Sân bay Phú Quốc",Hành lý xách tay 7 kg,Hành lý 0 kg,2025-04-19
Vietnam Airlines,PQC0296,1.676.322 VND/khách,17:25,25 thg 4,25 thg 4,18:25,1h 0m,"Phú Quốc (PQC)
Sân bay Phú Quốc",Hành lý xách tay 1 x 12 kg,Hành lý 23 kg,2025-04-19
VietJet Air,PQC0080,1.815.000 VND/khách,11:35,25 thg 4,25 thg 4,12:35,1h 0m,"Phú Quốc (PQC)
Sân bay Phú Quốc",Hành lý xách tay 7 kg,Hành lý 0 kg,2025-04-19
Vietnam Airlines,PQC0311,1.824.174 VND/khách,20:20,25 thg 4,25 thg 4,21:20,1h 0m,"Phú Quốc (PQC)
Sân bay Phú Quốc",Hành lý xách tay 1 x 12 kg,Hành lý 23 kg,2025-04-19
Vietnam Airlines,PQC0240,2.002.995 VND/khách,10:25,25 thg 4,25 thg 4,11:25,1h 0m,"Phú Quốc (PQC)
Sân bay Phú Quốc",Hành lý xách tay 1 x 12 kg,Hành lý 23 kg,2025-04-19
Vietnam Airlines,PQC0250,2.002.995 VND/khách,13:00,25 thg 4,25 thg 4,14:00,1h 0m,"Phú Quốc (PQC)
Sân bay Phú Quốc",Hành lý xách tay 1 x 12 kg,Hành lý 23 kg,2025-04-19
Vietnam Airlines,PQC0196,2.005.992 VND/khách,05:40,25 thg 4,25 thg 4,06:40,1h 0m,"Phú Quốc (PQC)
Sân bay Phú Quốc",Hành lý xách tay 1 x 12 kg,Hành lý 23 kg,2025-04-19
Vietnam Airlines,PQC0283,2.005.992 VND/khách,15:05,25 thg 4,25 thg 4,16:10,1h 5m,"Phú Quốc (PQC)
Sân bay Phú Quốc",Hành lý xách tay 1 x 12 kg,Hành lý 23 kg,2025-04-19
Vietnam Airlines,PQC0218,2.006.991 VND/khách,08:10,25 thg 4,25 thg 4,08:55,45m,"Phú Quốc (PQC)
Sân bay Phú Quốc",Hành lý xách tay 1 x 12 kg,Hành lý 23 kg,2025-04-19
Vietnam Airlines,PQC0297,1.597.401 VND/khách,17:25,26 thg 4,26 thg 4,18:25,1h 0m,"Phú Quốc (PQC)
Sân bay Phú Quốc",Hành lý xách tay 1 x 12 kg,Hành lý 23 kg,2025-04-19
Vietravel Airlines,PQC0338,1.309.718 VND/khách,17:25,26 thg 4,26 thg 4,18:25,1h 0m,"Phú Quốc (PQC)
Sân bay Phú Quốc",Hành lý xách tay 7 kg,Hành lý 0 kg,2025-04-19
VietJet Air,PQC0032,1.425.000 VND/khách,05:55,26 thg 4,26 thg 4,06:55,1h 0m,"Phú Quốc (PQC)
Sân bay Phú Quốc",Hành lý xách tay 7 kg,Hành lý 0 kg,2025-04-19
VietJet Air,PQC0147,1.614.000 VND/khách,17:10,26 thg 4,26 thg 4,18:15,1h 5m,"Phú Quốc (PQC)
Sân bay Phú Quốc",Hành lý xách tay 7 kg,Hành lý 0 kg,2025-04-19
VietJet Air,PQC0103,1.726.000 VND/khách,14:05,26 thg 4,26 thg 4,15:05,1h 0m,"Phú Quốc (PQC)
Sân bay Phú Quốc",Hành lý xách tay 7 kg,Hành lý 0 kg,2025-04-19
Vietnam Airlines,PQC0312,1.768.230 VND/khách,20:20,26 thg 4,26 thg 4,21:20,1h 0m,"Phú Quốc (PQC)
Sân bay Phú Quốc",Hành lý xách tay 1 x 12 kg,Hành lý 23 kg,2025-04-19
VietJet Air,PQC0124,1.815.000 VND/khách,15:40,26 thg 4,26 thg 4,16:40,1h 0m,"Phú Quốc (PQC)
Sân bay Phú Quốc",Hành lý xách tay 7 kg,Hành lý 0 kg,2025-04-19
VietJet Air,PQC0057,1.841.000 VND/khách,09:20,26 thg 4,26 thg 4,10:20,1h 0m,"Phú Quốc (PQC)
Sân bay Phú Quốc",Hành lý xách tay 7 kg,Hành lý 0 kg,2025-04-19
VietJet Air,PQC0081,1.841.000 VND/khách,11:35,26 thg 4,26 thg 4,12:35,1h 0m,"Phú Quốc (PQC)
Sân bay Phú Quốc",Hành lý xách tay 7 kg,Hành lý 0 kg,2025-04-19
Vietnam Airlines,PQC0219,1.910.088 VND/khách,08:10,26 thg 4,26 thg 4,08:55,45m,"Phú Quốc (PQC)
Sân bay Phú Quốc",Hành lý xách tay 1 x 12 kg,Hành lý 23 kg,2025-04-19
Vietnam Airlines,PQC0284,1.914.084 VND/khách,15:05,26 thg 4,26 thg 4,16:10,1h 5m,"Phú Quốc (PQC)
Sân bay Phú Quốc",Hành lý xách tay 1 x 12 kg,Hành lý 23 kg,2025-04-19
Vietnam Airlines,PQC0241,2.005.992 VND/khách,10:25,26 thg 4,26 thg 4,11:25,1h 0m,"Phú Quốc (PQC)
Sân bay Phú Quốc",Hành lý xách tay 1 x 12 kg,Hành lý 23 kg,2025-04-19
Vietnam Airlines,PQC0319,1.375.623 VND/khách,20:45,27 thg 4,27 thg 4,21:45,1h 0m,"Phú Quốc (PQC)
Sân bay Phú Quốc",Hành lý xách tay 1 x 12 kg,Hành lý 23 kg,2025-04-19
Bamboo Airways,PQC0012,1.013.756 VND/khách,16:30,27 thg 4,27 thg 4,17:30,1h 0m,"Phú Quốc (PQC)
Sân bay Phú Quốc",Hành lý xách tay 7 kg,Hành lý 0 kg,2025-04-19
Vietravel Airlines,PQC0339,1.057.350 VND/khách,17:25,27 thg 4,27 thg 4,18:25,1h 0m,"Phú Quốc (PQC)
Sân bay Phú Quốc",Hành lý xách tay 7 kg,Hành lý 0 kg,2025-04-19
VietJet Air,PQC0033,1.168.000 VND/khách,05:55,27 thg 4,27 thg 4,06:55,1h 0m,"Phú Quốc (PQC)
Sân bay Phú Quốc",Hành lý xách tay 7 kg,Hành lý 0 kg,2025-04-19
Vietnam Airlines,PQC0177,1.263.735 VND/khách,05:25,27 thg 4,27 thg 4,06:20,55m,"Phú Quốc (PQC)
Sân bay Phú Quốc",Hành lý xách tay 1 x 12 kg,Hành lý 23 kg,2025-04-19
Vietnam Airlines,PQC0198,1.378.620 VND/khách,05:40,27 thg 4,27 thg 4,06:40,1h 0m,"Phú Quốc (PQC)
Sân bay Phú Quốc",Hành lý xách tay 1 x 12 kg,Hành lý 23 kg,2025-04-19
Vietnam Airlines,PQC0302,1.382.616 VND/khách,19:20,27 thg 4,27 thg 4,20:20,1h 0m,"Phú Quốc (PQC)
Sân bay Phú Quốc",Hành lý xách tay 1 x 12 kg,Hành lý 23 kg,2025-04-19
Vietnam Airlines,PQC0313,1.505.493 VND/khách,20:20,27 thg 4,27 thg 4,21:20,1h 0m,"Phú Quốc (PQC)
Sân bay Phú Quốc",Hành lý xách tay 1 x 12 kg,Hành lý 23 kg,2025-04-19
VietJet Air,PQC0125,1.614.000 VND/khách,15:40,27 thg 4,27 thg 4,16:40,1h 0m,"Phú Quốc (PQC)
Sân bay Phú Quốc",Hành lý xách tay 7 kg,Hành lý 0 kg,2025-04-19
VietJet Air,PQC0148,1.614.000 VND/khách,17:10,27 thg 4,27 thg 4,18:15,1h 5m,"Phú Quốc (PQC)
Sân bay Phú Quốc",Hành lý xách tay 7 kg,Hành lý 0 kg,2025-04-19
Vietnam Airlines,PQC0285,1.672.326 VND/khách,15:05,27 thg 4,27 thg 4,16:10,1h 5m,"Phú Quốc (PQC)
Sân bay Phú Quốc",Hành lý xách tay 1 x 12 kg,Hành lý 23 kg,2025-04-19
VietJet Air,PQC0104,1.726.000 VND/khách,14:05,27 thg 4,27 thg 4,15:05,1h 0m,"Phú Quốc (PQC)
Sân bay Phú Quốc",Hành lý xách tay 7 kg,Hành lý 0 kg,2025-04-19
VietJet Air,PQC0082,1.815.000 VND/khách,11:35,27 thg 4,27 thg 4,12:35,1h 0m,"Phú Quốc (PQC)
Sân bay Phú Quốc",Hành lý xách tay 7 kg,Hành lý 0 kg,2025-04-19
VietJet Air,PQC0058,1.841.000 VND/khách,09:20,27 thg 4,27 thg 4,10:20,1h 0m,"Phú Quốc (PQC)
Sân bay Phú Quốc",Hành lý xách tay 7 kg,Hành lý 0 kg,2025-04-19
Vietnam Airlines,PQC0242,1.869.129 VND/khách,10:25,27 thg 4,27 thg 4,11:25,1h 0m,"Phú Quốc (PQC)
Sân bay Phú Quốc",Hành lý xách tay 1 x 12 kg,Hành lý 23 kg,2025-04-19
Vietnam Airlines,PQC0220,1.917.081 VND/khách,08:10,27 thg 4,27 thg 4,08:55,45m,"Phú Quốc (PQC)
Sân bay Phú Quốc",Hành lý xách tay 1 x 12 kg,Hành lý 23 kg,2025-04-19
Vietnam Airlines,PQC0265,1.921.077 VND/khách,13:05,27 thg 4,27 thg 4,14:00,55m,"Phú Quốc (PQC)
Sân bay Phú Quốc",Hành lý xách tay 1 x 12 kg,Hành lý 23 kg,2025-04-19
Vietnam Airlines,PQC0199,1.166.832 VND/khách,05:40,28 thg 4,28 thg 4,06:40,1h 0m,"Phú Quốc (PQC)
Sân bay Phú Quốc",Hành lý xách tay 1 x 12 kg,Hành lý 23 kg,2025-04-19
Bamboo Airways,PQC0013,1.013.756 VND/khách,16:30,28 thg 4,28 thg 4,17:30,1h 0m,"Phú Quốc (PQC)
Sân bay Phú Quốc",Hành lý xách tay 7 kg,Hành lý 0 kg,2025-04-19
Vietravel Airlines,PQC0340,1.057.350 VND/khách,17:25,28 thg 4,28 thg 4,18:25,1h 0m,"Phú Quốc (PQC)
Sân bay Phú Quốc",Hành lý xách tay 7 kg,Hành lý 0 kg,2025-04-19
Vietnam Airlines,PQC0178,1.156.842 VND/khách,05:25,28 thg 4,28 thg 4,06:20,55m,"Phú Quốc (PQC)
Sân bay Phú Quốc",Hành lý xách tay 1 x 12 kg,Hành lý 23 kg,2025-04-19
VietJet Air,PQC0034,1.168.000 VND/khách,05:55,28 thg 4,28 thg 4,06:55,1h 0m,"Phú Quốc (PQC)
Sân bay Phú Quốc",Hành lý xách tay 7 kg,Hành lý 0 kg,2025-04-19
Vietnam Airlines,PQC0298,1.493.505 VND/khách,17:25,28 thg 4,28 thg 4,18:25,1h 0m,"Phú Quốc (PQC)
Sân bay Phú Quốc",Hành lý xách tay 1 x 12 kg,Hành lý 23 kg,2025-04-19
Vietnam Airlines,PQC0221,1.590.408 VND/khách,08:10,28 thg 4,28 thg 4,08:55,45m,"Phú Quốc (PQC)
Sân bay Phú Quốc",Hành lý xách tay 1 x 12 kg,Hành lý 23 kg,2025-04-19
VietJet Air,PQC0149,1.614.000 VND/khách,17:10,28 thg 4,28 thg 4,18:15,1h 5m,"Phú Quốc (PQC)
Sân bay Phú Quốc",Hành lý xách tay 7 kg,Hành lý 0 kg,2025-04-19
Vietnam Airlines,PQC0314,1.690.308 VND/khách,20:20,28 thg 4,28 thg 4,21:20,1h 0m,"Phú Quốc (PQC)
Sân bay Phú Quốc",Hành lý xách tay 1 x 12 kg,Hành lý 23 kg,2025-04-19
VietJet Air,PQC0105,1.726.000 VND/khách,14:05,28 thg 4,28 thg 4,15:05,1h 0m,"Phú Quốc (PQC)
Sân bay Phú Quốc",Hành lý xách tay 7 kg,Hành lý 0 kg,2025-04-19
VietJet Air,PQC0126,1.726.000 VND/khách,15:40,28 thg 4,28 thg 4,16:40,1h 0m,"Phú Quốc (PQC)
Sân bay Phú Quốc",Hành lý xách tay 7 kg,Hành lý 0 kg,2025-04-19
VietJet Air,PQC0059,1.815.000 VND/khách,09:20,28 thg 4,28 thg 4,10:20,1h 0m,"Phú Quốc (PQC)
Sân bay Phú Quốc",Hành lý xách tay 7 kg,Hành lý 0 kg,2025-04-19
VietJet Air,PQC0083,1.815.000 VND/khách,11:35,28 thg 4,28 thg 4,12:35,1h 0m,"Phú Quốc (PQC)
Sân bay Phú Quốc",Hành lý xách tay 7 kg,Hành lý 0 kg,2025-04-19
Vietnam Airlines,PQC0243,1.925.073 VND/khách,10:25,28 thg 4,28 thg 4,11:25,1h 0m,"Phú Quốc (PQC)
Sân bay Phú Quốc",Hành lý xách tay 1 x 12 kg,Hành lý 23 kg,2025-04-19
Vietnam Airlines,PQC0286,1.925.073 VND/khách,15:05,28 thg 4,28 thg 4,16:10,1h 5m,"Phú Quốc (PQC)
Sân bay Phú Quốc",Hành lý xách tay 1 x 12 kg,Hành lý 23 kg,2025-04-19
Vietnam Airlines,PQC0267,2.005.992 VND/khách,13:05,29 thg 4,29 thg 4,14:00,55m,"Phú Quốc (PQC)
Sân bay Phú Quốc",Hành lý xách tay 1 x 12 kg,Hành lý 23 kg,2025-04-19
Vietravel Airlines,PQC0341,1.718.693 VND/khách,17:25,29 thg 4,29 thg 4,18:25,1h 0m,"Phú Quốc (PQC)
Sân bay Phú Quốc",Hành lý xách tay 7 kg,Hành lý 0 kg,2025-04-19
Vietnam Airlines,PQC0179,1.783.215 VND/khách,05:25,29 thg 4,29 thg 4,06:20,55m,"Phú Quốc (PQC)
Sân bay Phú Quốc",Hành lý xách tay 1 x 12 kg,Hành lý 23 kg,2025-04-19
VietJet Air,PQC0035,1.812.000 VND/khách,05:55,29 thg 4,29 thg 4,06:55,1h 0m,"Phú Quốc (PQC)
Sân bay Phú Quốc",Hành lý xách tay 7 kg,Hành lý 0 kg,2025-04-19
VietJet Air,PQC0040,1.812.000 VND/khách,08:25,29 thg 4,29 thg 4,09:30,1h 5m,"Phú Quốc (PQC)
Sân bay Phú Quốc",Hành lý xách tay 7 kg,Hành lý 0 kg,2025-04-19
VietJet Air,PQC0127,1.815.000 VND/khách,15:40,29 thg 4,29 thg 4,16:40,1h 0m,"Phú Quốc (PQC)
Sân bay Phú Quốc",Hành lý xách tay 7 kg,Hành lý 0 kg,2025-04-19
VietJet Air,PQC0106,1.834.000 VND/khách,14:05,29 thg 4,29 thg 4,15:05,1h 0m,"Phú Quốc (PQC)
Sân bay Phú Quốc",Hành lý xách tay 7 kg,Hành lý 0 kg,2025-04-19
VietJet Air,PQC0060,1.841.000 VND/khách,09:20,29 thg 4,29 thg 4,10:20,1h 0m,"Phú Quốc (PQC)
Sân bay Phú Quốc",Hành lý xách tay 7 kg,Hành lý 0 kg,2025-04-19
VietJet Air,PQC0084,1.841.000 VND/khách,11:35,29 thg 4,29 thg 4,12:35,1h 0m,"Phú Quốc (PQC)
Sân bay Phú Quốc",Hành lý xách tay 7 kg,Hành lý 0 kg,2025-04-19
Vietnam Airlines,PQC0267,2.005.992 VND/khách,13:05,29 thg 4,29 thg 4,14:00,55m,"Phú Quốc (PQC)
Sân bay Phú Quốc",Hành lý xách tay 1 x 12 kg,Hành lý 23 kg,2025-04-19
Vietnam Airlines,PQC0200,2.005.992 VND/khách,05:40,29 thg 4,29 thg 4,06:40,1h 0m,"Phú Quốc (PQC)
Sân bay Phú Quốc",Hành lý xách tay 1 x 12 kg,Hành lý 23 kg,2025-04-19
Vietnam Airlines,PQC0287,2.005.992 VND/khách,15:05,29 thg 4,29 thg 4,16:10,1h 5m,"Phú Quốc (PQC)
Sân bay Phú Quốc",Hành lý xách tay 1 x 12 kg,Hành lý 23 kg,2025-04-19
Vietnam Airlines,PQC0299,2.006.991 VND/khách,17:25,29 thg 4,29 thg 4,18:25,1h 0m,"Phú Quốc (PQC)
Sân bay Phú Quốc",Hành lý xách tay 1 x 12 kg,Hành lý 23 kg,2025-04-19
Vietnam Airlines,PQC0321,2.006.991 VND/khách,21:05,29 thg 4,29 thg 4,22:05,1h 0m,"Phú Quốc (PQC)
Sân bay Phú Quốc",Hành lý xách tay 1 x 12 kg,Hành lý 23 kg,2025-04-19
VietJet Air,PQC0085,3.732.338 VND/khách,11:35,30 thg 4,30 thg 4,12:35,1h 0m,"Phú Quốc (PQC)
Sân bay Phú Quốc",Hành lý xách tay 7 kg,Hành lý 0 kg,2025-04-19
Vietnam Airlines,PQC0289,1.983.015 VND/khách,16:15,01 thg 5,01 thg 5,17:15,1h 0m,"Phú Quốc (PQC)
Sân bay Phú Quốc",Hành lý xách tay 1 x 12 kg,Hành lý 23 kg,2025-04-20
Vietravel Airlines,PQC0322,1.872.308 VND/khách,17:25,01 thg 5,01 thg 5,18:25,1h 0m,"Phú Quốc (PQC)
Sân bay Phú Quốc",Hành lý xách tay 7 kg,Hành lý 0 kg,2025-04-20
VietJet Air,PQC0131,1.925.000 VND/khách,17:10,01 thg 5,01 thg 5,18:15,1h 5m,"Phú Quốc (PQC)
Sân bay Phú Quốc",Hành lý xách tay 7 kg,Hành lý 0 kg,2025-04-20
VietJet Air,PQC0154,1.925.000 VND/khách,17:40,01 thg 5,01 thg 5,18:45,1h 5m,"Phú Quốc (PQC)
Sân bay Phú Quốc",Hành lý xách tay 7 kg,Hành lý 0 kg,2025-04-20
Bamboo Airways,PQC0001,1.934.703 VND/khách,16:30,01 thg 5,01 thg 5,17:30,1h 0m,"Phú Quốc (PQC)
Sân bay Phú Quốc",Hành lý xách tay 7 kg,Hành lý 20 kg,2025-04-20
VietJet Air,PQC0065,1.937.000 VND/khách,11:35,01 thg 5,01 thg 5,12:35,1h 0m,"Phú Quốc (PQC)
Sân bay Phú Quốc",Hành lý xách tay 7 kg,Hành lý 0 kg,2025-04-20
Vietnam Airlines,PQC0304,1.994.004 VND/khách,20:20,01 thg 5,01 thg 5,21:20,1h 0m,"Phú Quốc (PQC)
Sân bay Phú Quốc",Hành lý xách tay 1 x 12 kg,Hành lý 23 kg,2025-04-20
Vietnam Airlines,PQC0291,2.000.997 VND/khách,17:25,01 thg 5,01 thg 5,18:25,1h 0m,"Phú Quốc (PQC)
Sân bay Phú Quốc",Hành lý xách tay 1 x 12 kg,Hành lý 23 kg,2025-04-20
Vietnam Airlines,PQC0292,1.983.015 VND/khách,17:25,02 thg 5,02 thg 5,18:25,1h 0m,"Phú Quốc (PQC)
Sân bay Phú Quốc",Hành lý xách tay 1 x 12 kg,Hành lý 23 kg,2025-04-20
Vietnam Airlines,PQC0167,1.596.402 VND/khách,05:25,02 thg 5,02 thg 5,06:20,55m,"Phú Quốc (PQC)
Sân bay Phú Quốc",Hành lý xách tay 1 x 12 kg,Hành lý 23 kg,2025-04-20
Bamboo Airways,PQC0002,1.608.343 VND/khách,16:30,02 thg 5,02 thg 5,17:30,1h 0m,"Phú Quốc (PQC)
Sân bay Phú Quốc",Hành lý xách tay 7 kg,Hành lý 0 kg,2025-04-20
Vietravel Airlines,PQC0323,1.630.913 VND/khách,17:25,02 thg 5,02 thg 5,18:25,1h 0m,"Phú Quốc (PQC)
Sân bay Phú Quốc",Hành lý xách tay 7 kg,Hành lý 0 kg,2025-04-20
VietJet Air,PQC0017,1.725.000 VND/khách,05:55,02 thg 5,02 thg 5,06:55,1h 0m,"Phú Quốc (PQC)
Sân bay Phú Quốc",Hành lý xách tay 7 kg,Hành lý 0 kg,2025-04-20
VietJet Air,PQC0109,1.725.000 VND/khách,15:40,02 thg 5,02 thg 5,16:40,1h 0m,"Phú Quốc (PQC)
Sân bay Phú Quốc",Hành lý xách tay 7 kg,Hành lý 0 kg,2025-04-20
VietJet Air,PQC0132,1.725.000 VND/khách,17:10,02 thg 5,02 thg 5,18:15,1h 5m,"Phú Quốc (PQC)
Sân bay Phú Quốc",Hành lý xách tay 7 kg,Hành lý 0 kg,2025-04-20
VietJet Air,PQC0088,1.832.000 VND/khách,14:05,02 thg 5,02 thg 5,15:05,1h 0m,"Phú Quốc (PQC)
Sân bay Phú Quốc",Hành lý xách tay 7 kg,Hành lý 0 kg,2025-04-20
Vietnam Airlines,PQC0292,1.983.015 VND/khách,17:25,02 thg 5,02 thg 5,18:25,1h 0m,"Phú Quốc (PQC)
Sân bay Phú Quốc",Hành lý xách tay 1 x 12 kg,Hành lý 23 kg,2025-04-20
Vietnam Airlines,PQC0301,1.983.015 VND/khách,19:20,02 thg 5,02 thg 5,20:20,1h 0m,"Phú Quốc (PQC)
Sân bay Phú Quốc",Hành lý xách tay 1 x 12 kg,Hành lý 23 kg,2025-04-20
Vietnam Airlines,PQC0305,1.994.004 VND/khách,20:20,02 thg 5,02 thg 5,21:20,1h 0m,"Phú Quốc (PQC)
Sân bay Phú Quốc",Hành lý xách tay 1 x 12 kg,Hành lý 23 kg,2025-04-20
Vietnam Airlines,PQC0248,2.000.997 VND/khách,13:00,02 thg 5,02 thg 5,14:00,1h 0m,"Phú Quốc (PQC)
Sân bay Phú Quốc",Hành lý xách tay 1 x 12 kg,Hành lý 23 kg,2025-04-20
Vietnam Airlines,PQC0269,2.000.997 VND/khách,15:05,02 thg 5,02 thg 5,16:10,1h 5m,"Phú Quốc (PQC)
Sân bay Phú Quốc",Hành lý xách tay 1 x 12 kg,Hành lý 23 kg,2025-04-20
Vietnam Airlines,PQC0182,2.012.985 VND/khách,05:40,02 thg 5,02 thg 5,06:40,1h 0m,"Phú Quốc (PQC)
Sân bay Phú Quốc",Hành lý xách tay 1 x 12 kg,Hành lý 23 kg,2025-04-20
Vietnam Airlines,PQC0293,1.481.517 VND/khách,17:25,03 thg 5,03 thg 5,18:25,1h 0m,"Phú Quốc (PQC)
Sân bay Phú Quốc",Hành lý xách tay 1 x 12 kg,Hành lý 23 kg,2025-04-20
Bamboo Airways,PQC0003,1.013.756 VND/khách,16:30,03 thg 5,03 thg 5,17:30,1h 0m,"Phú Quốc (PQC)
Sân bay Phú Quốc",Hành lý xách tay 7 kg,Hành lý 0 kg,2025-04-20
Vietnam Airlines,PQC0168,1.250.748 VND/khách,05:25,03 thg 5,03 thg 5,06:20,55m,"Phú Quốc (PQC)
Sân bay Phú Quốc",Hành lý xách tay 1 x 12 kg,Hành lý 23 kg,2025-04-20
Vietravel Airlines,PQC0324,1.304.730 VND/khách,17:25,03 thg 5,03 thg 5,18:25,1h 0m,"Phú Quốc (PQC)
Sân bay Phú Quốc",Hành lý xách tay 7 kg,Hành lý 0 kg,2025-04-20
Vietnam Airlines,PQC0303,1.481.517 VND/khách,19:45,03 thg 5,03 thg 5,20:45,1h 0m,"Phú Quốc (PQC)
Sân bay Phú Quốc",Hành lý xách tay 1 x 12 kg,Hành lý 23 kg,2025-04-20
Vietnam Airlines,PQC0183,1.485.513 VND/khách,05:40,03 thg 5,03 thg 5,06:40,1h 0m,"Phú Quốc (PQC)
Sân bay Phú Quốc",Hành lý xách tay 1 x 12 kg,Hành lý 23 kg,2025-04-20
Vietnam Airlines,PQC0306,1.708.290 VND/khách,20:20,03 thg 5,03 thg 5,21:20,1h 0m,"Phú Quốc (PQC)
Sân bay Phú Quốc",Hành lý xách tay 1 x 12 kg,Hành lý 23 kg,2025-04-20
VietJet Air,PQC0089,1.725.000 VND/khách,14:05,03 thg 5,03 thg 5,15:05,1h 0m,"Phú Quốc (PQC)
Sân bay Phú Quốc",Hành lý xách tay 7 kg,Hành lý 0 kg,2025-04-20
VietJet Air,PQC0037,1.725.000 VND/khách,08:25,03 thg 5,03 thg 5,09:30,1h 5m,"Phú Quốc (PQC)
Sân bay Phú Quốc",Hành lý xách tay 7 kg,Hành lý 0 kg,2025-04-20
Vietnam Airlines,PQC0204,1.752.246 VND/khách,08:10,03 thg 5,03 thg 5,08:55,45m,"Phú Quốc (PQC)
Sân bay Phú Quốc",Hành lý xách tay 1 x 12 kg,Hành lý 23 kg,2025-04-20
VietJet Air,PQC0018,1.810.000 VND/khách,05:55,03 thg 5,03 thg 5,06:55,1h 0m,"Phú Quốc (PQC)
Sân bay Phú Quốc",Hành lý xách tay 7 kg,Hành lý 0 kg,2025-04-20
VietJet Air,PQC0133,1.810.000 VND/khách,17:10,03 thg 5,03 thg 5,18:15,1h 5m,"Phú Quốc (PQC)
Sân bay Phú Quốc",Hành lý xách tay 7 kg,Hành lý 0 kg,2025-04-20
VietJet Air,PQC0043,1.840.000 VND/khách,09:20,03 thg 5,03 thg 5,10:20,1h 0m,"Phú Quốc (PQC)
Sân bay Phú Quốc",Hành lý xách tay 7 kg,Hành lý 0 kg,2025-04-20
VietJet Air,PQC0067,1.840.000 VND/khách,11:35,03 thg 5,03 thg 5,12:35,1h 0m,"Phú Quốc (PQC)
Sân bay Phú Quốc",Hành lý xách tay 7 kg,Hành lý 0 kg,2025-04-20
VietJet Air,PQC0110,1.840.000 VND/khách,15:40,03 thg 5,03 thg 5,16:40,1h 0m,"Phú Quốc (PQC)
Sân bay Phú Quốc",Hành lý xách tay 7 kg,Hành lý 0 kg,2025-04-20
Vietnam Airlines,PQC0270,1.879.119 VND/khách,15:05,03 thg 5,03 thg 5,16:10,1h 5m,"Phú Quốc (PQC)
Sân bay Phú Quốc",Hành lý xách tay 1 x 12 kg,Hành lý 23 kg,2025-04-20
Vietnam Airlines,PQC0227,1.912.086 VND/khách,10:25,03 thg 5,03 thg 5,11:25,1h 0m,"Phú Quốc (PQC)
Sân bay Phú Quốc",Hành lý xách tay 1 x 12 kg,Hành lý 23 kg,2025-04-20
Vietnam Airlines,PQC0252,1.972.026 VND/khách,13:05,03 thg 5,03 thg 5,14:00,55m,"Phú Quốc (PQC)
Sân bay Phú Quốc",Hành lý xách tay 1 x 12 kg,Hành lý 23 kg,2025-04-20
Vietnam Airlines,PQC0307,1.232.766 VND/khách,20:20,04 thg 5,04 thg 5,21:20,1h 0m,"Phú Quốc (PQC)
Sân bay Phú Quốc",Hành lý xách tay 1 x 12 kg,Hành lý 23 kg,2025-04-20
Vietravel Airlines,PQC0325,814.958 VND/khách,17:25,04 thg 5,04 thg 5,18:25,1h 0m,"Phú Quốc (PQC)
Sân bay Phú Quốc",Hành lý xách tay 7 kg,Hành lý 0 kg,2025-04-20
Bamboo Airways,PQC0004,1.013.756 VND/khách,16:30,04 thg 5,04 thg 5,17:30,1h 0m,"Phú Quốc (PQC)
Sân bay Phú Quốc",Hành lý xách tay 7 kg,Hành lý 0 kg,2025-04-20
VietJet Air,PQC0019,1.048.000 VND/khách,05:55,04 thg 5,04 thg 5,06:55,1h 0m,"Phú Quốc (PQC)
Sân bay Phú Quốc",Hành lý xách tay 7 kg,Hành lý 0 kg,2025-04-20
VietJet Air,PQC0111,1.048.000 VND/khách,15:40,04 thg 5,04 thg 5,16:40,1h 0m,"Phú Quốc (PQC)
Sân bay Phú Quốc",Hành lý xách tay 7 kg,Hành lý 0 kg,2025-04-20
VietJet Air,PQC0134,1.048.000 VND/khách,17:10,04 thg 5,04 thg 5,18:15,1h 5m,"Phú Quốc (PQC)
Sân bay Phú Quốc",Hành lý xách tay 7 kg,Hành lý 0 kg,2025-04-20
Vietnam Airlines,PQC0169,1.090.908 VND/khách,05:25,04 thg 5,04 thg 5,06:20,55m,"Phú Quốc (PQC)
Sân bay Phú Quốc",Hành lý xách tay 1 x 12 kg,Hành lý 23 kg,2025-04-20
VietJet Air,PQC0090,1.156.000 VND/khách,14:05,04 thg 5,04 thg 5,15:05,1h 0m,"Phú Quốc (PQC)
Sân bay Phú Quốc",Hành lý xách tay 7 kg,Hành lý 0 kg,2025-04-20
Vietnam Airlines,PQC0307,1.232.766 VND/khách,20:20,04 thg 5,04 thg 5,21:20,1h 0m,"Phú Quốc (PQC)
Sân bay Phú Quốc",Hành lý xách tay 1 x 12 kg,Hành lý 23 kg,2025-04-20
Vietnam Airlines,PQC0184,1.235.763 VND/khách,05:40,04 thg 5,04 thg 5,06:40,1h 0m,"Phú Quốc (PQC)
Sân bay Phú Quốc",Hành lý xách tay 1 x 12 kg,Hành lý 23 kg,2025-04-20
Vietnam Airlines,PQC0162,1.247.751 VND/khách,05:10,04 thg 5,04 thg 5,06:10,1h 0m,"Phú Quốc (PQC)
Sân bay Phú Quốc",Hành lý xách tay 1 x 12 kg,Hành lý 23 kg,2025-04-20
Vietnam Airlines,PQC0317,1.247.751 VND/khách,20:25,04 thg 5,04 thg 5,21:25,1h 0m,"Phú Quốc (PQC)
Sân bay Phú Quốc",Hành lý xách tay 1 x 12 kg,Hành lý 23 kg,2025-04-20
Vietnam Airlines,PQC0294,1.250.748 VND/khách,17:25,04 thg 5,04 thg 5,18:25,1h 0m,"Phú Quốc (PQC)
Sân bay Phú Quốc",Hành lý xách tay 1 x 12 kg,Hành lý 23 kg,2025-04-20
VietJet Air,PQC0044,1.297.000 VND/khách,09:20,04 thg 5,04 thg 5,10:20,1h 0m,"Phú Quốc (PQC)
Sân bay Phú Quốc",Hành lý xách tay 7 kg,Hành lý 0 kg,2025-04-20
VietJet Air,PQC0068,1.297.000 VND/khách,11:35,04 thg 5,04 thg 5,12:35,1h 0m,"Phú Quốc (PQC)
Sân bay Phú Quốc",Hành lý xách tay 7 kg,Hành lý 0 kg,2025-04-20
Vietnam Airlines,PQC0271,1.384.614 VND/khách,15:05,04 thg 5,04 thg 5,16:10,1h 5m,"Phú Quốc (PQC)
Sân bay Phú Quốc",Hành lý xách tay 1 x 12 kg,Hành lý 23 kg,2025-04-20
Vietnam Airlines,PQC0205,1.473.525 VND/khách,08:10,04 thg 5,04 thg 5,08:55,45m,"Phú Quốc (PQC)
Sân bay Phú Quốc",Hành lý xách tay 1 x 12 kg,Hành lý 23 kg,2025-04-20
Vietnam Airlines,PQC0253,1.585.413 VND/khách,13:05,04 thg 5,04 thg 5,14:00,55m,"Phú Quốc (PQC)
Sân bay Phú Quốc",Hành lý xách tay 1 x 12 kg,Hành lý 23 kg,2025-04-20
Vietnam Airlines,PQC0228,1.585.413 VND/khách,10:25,04 thg 5,04 thg 5,11:25,1h 0m,"Phú Quốc (PQC)
Sân bay Phú Quốc",Hành lý xách tay 1 x 12 kg,Hành lý 23 kg,2025-04-20
Vietnam Airlines,PQC0185,1.351.647 VND/khách,05:40,05 thg 5,05 thg 5,06:40,1h 0m,"Phú Quốc (PQC)
Sân bay Phú Quốc",Hành lý xách tay 1 x 12 kg,Hành lý 23 kg,2025-04-20
Vietravel Airlines,PQC0326,748.125 VND/khách,17:25,05 thg 5,05 thg 5,18:25,1h 0m,"Phú Quốc (PQC)
Sân bay Phú Quốc",Hành lý xách tay 7 kg,Hành lý 0 kg,2025-04-20
VietJet Air,PQC0135,825.000 VND/khách,17:10,05 thg 5,05 thg 5,18:15,1h 5m,"Phú Quốc (PQC)
Sân bay Phú Quốc",Hành lý xách tay 7 kg,Hành lý 0 kg,2025-04-20
Vietnam Airlines,PQC0170,831.168 VND/khách,05:25,05 thg 5,05 thg 5,06:20,55m,"Phú Quốc (PQC)
Sân bay Phú Quốc",Hành lý xách tay 1 x 12 kg,Hành lý 0 kg,2025-04-20
Bamboo Airways,PQC0005,874.325 VND/khách,16:30,05 thg 5,05 thg 5,17:30,1h 0m,"Phú Quốc (PQC)
Sân bay Phú Quốc",Hành lý xách tay 7 kg,Hành lý 0 kg,2025-04-20
VietJet Air,PQC0020,1.048.000 VND/khách,05:55,05 thg 5,05 thg 5,06:55,1h 0m,"Phú Quốc (PQC)
Sân bay Phú Quốc",Hành lý xách tay 7 kg,Hành lý 0 kg,2025-04-20
VietJet Air,PQC0112,1.048.000 VND/khách,15:40,05 thg 5,05 thg 5,16:40,1h 0m,"Phú Quốc (PQC)
Sân bay Phú Quốc",Hành lý xách tay 7 kg,Hành lý 0 kg,2025-04-20
VietJet Air,PQC0091,1.156.000 VND/khách,14:05,05 thg 5,05 thg 5,15:05,1h 0m,"Phú Quốc (PQC)
Sân bay Phú Quốc",Hành lý xách tay 7 kg,Hành lý 0 kg,2025-04-20
VietJet Air,PQC0045,1.297.000 VND/khách,09:20,05 thg 5,05 thg 5,10:20,1h 0m,"Phú Quốc (PQC)
Sân bay Phú Quốc",Hành lý xách tay 7 kg,Hành lý 0 kg,2025-04-20
VietJet Air,PQC0069,1.297.000 VND/khách,11:35,05 thg 5,05 thg 5,12:35,1h 0m,"Phú Quốc (PQC)
Sân bay Phú Quốc",Hành lý xách tay 7 kg,Hành lý 0 kg,2025-04-20
Vietnam Airlines,PQC0185,1.351.647 VND/khách,05:40,05 thg 5,05 thg 5,06:40,1h 0m,"Phú Quốc (PQC)
Sân bay Phú Quốc",Hành lý xách tay 1 x 12 kg,Hành lý 23 kg,2025-04-20
Vietnam Airlines,PQC0308,1.362.636 VND/khách,20:20,05 thg 5,05 thg 5,21:20,1h 0m,"Phú Quốc (PQC)
Sân bay Phú Quốc",Hành lý xách tay 1 x 12 kg,Hành lý 23 kg,2025-04-20
Vietnam Airlines,PQC0318,1.369.629 VND/khách,20:25,05 thg 5,05 thg 5,21:25,1h 0m,"Phú Quốc (PQC)
Sân bay Phú Quốc",Hành lý xách tay 1 x 12 kg,Hành lý 23 kg,2025-04-20
Vietnam Airlines,PQC0295,1.380.618 VND/khách,17:25,05 thg 5,05 thg 5,18:25,1h 0m,"Phú Quốc (PQC)
Sân bay Phú Quốc",Hành lý xách tay 1 x 12 kg,Hành lý 23 kg,2025-04-20
Vietnam Airlines,PQC0272,1.481.517 VND/khách,15:05,05 thg 5,05 thg 5,16:10,1h 5m,"Phú Quốc (PQC)
Sân bay Phú Quốc",Hành lý xách tay 1 x 12 kg,Hành lý 23 kg,2025-04-20
Vietnam Airlines,PQC0254,1.580.571 VND/khách,13:05,05 thg 5,05 thg 5,14:00,55m,"Phú Quốc (PQC)
Sân bay Phú Quốc",Hành lý xách tay 1 x 12 kg,Hành lý 23 kg,2025-04-20
Vietnam Airlines,PQC0206,1.671.327 VND/khách,08:10,05 thg 5,05 thg 5,08:55,45m,"Phú Quốc (PQC)
Sân bay Phú Quốc",Hành lý xách tay 1 x 12 kg,Hành lý 23 kg,2025-04-20
Vietnam Airlines,PQC0229,1.775.223 VND/khách,10:25,05 thg 5,05 thg 5,11:25,1h 0m,"Phú Quốc (PQC)
Sân bay Phú Quốc",Hành lý xách tay 1 x 12 kg,Hành lý 23 kg,2025-04-20
Vietnam Airlines,PQC0186,1.347.651 VND/khách,05:40,06 thg 5,06 thg 5,06:40,1h 0m,"Phú Quốc (PQC)
Sân bay Phú Quốc",Hành lý xách tay 1 x 12 kg,Hành lý 23 kg,2025-04-20
Vietravel Airlines,PQC0327,748.125 VND/khách,17:25,06 thg 5,06 thg 5,18:25,1h 0m,"Phú Quốc (PQC)
Sân bay Phú Quốc",Hành lý xách tay 7 kg,Hành lý 0 kg,2025-04-20
VietJet Air,PQC0136,825.000 VND/khách,17:10,06 thg 5,06 thg 5,18:15,1h 5m,"Phú Quốc (PQC)
Sân bay Phú Quốc",Hành lý xách tay 7 kg,Hành lý 0 kg,2025-04-20
VietJet Air,PQC0021,1.048.000 VND/khách,05:55,06 thg 5,06 thg 5,06:55,1h 0m,"Phú Quốc (PQC)
Sân bay Phú Quốc",Hành lý xách tay 7 kg,Hành lý 0 kg,2025-04-20
VietJet Air,PQC0113,1.048.000 VND/khách,15:40,06 thg 5,06 thg 5,16:40,1h 0m,"Phú Quốc (PQC)
Sân bay Phú Quốc",Hành lý xách tay 7 kg,Hành lý 0 kg,2025-04-20
VietJet Air,PQC0070,1.156.000 VND/khách,11:35,06 thg 5,06 thg 5,12:35,1h 0m,"Phú Quốc (PQC)
Sân bay Phú Quốc",Hành lý xách tay 7 kg,Hành lý 0 kg,2025-04-20
VietJet Air,PQC0092,1.156.000 VND/khách,14:05,06 thg 5,06 thg 5,15:05,1h 0m,"Phú Quốc (PQC)
Sân bay Phú Quốc",Hành lý xách tay 7 kg,Hành lý 0 kg,2025-04-20
VietJet Air,PQC0046,1.174.000 VND/khách,09:20,06 thg 5,06 thg 5,10:20,1h 0m,"Phú Quốc (PQC)
Sân bay Phú Quốc",Hành lý xách tay 7 kg,Hành lý 0 kg,2025-04-20
Vietnam Airlines,PQC0186,1.347.651 VND/khách,05:40,06 thg 5,06 thg 5,06:40,1h 0m,"Phú Quốc (PQC)
Sân bay Phú Quốc",Hành lý xách tay 1 x 12 kg,Hành lý 23 kg,2025-04-20
Vietnam Airlines,PQC0207,1.578.420 VND/khách,08:10,06 thg 5,06 thg 5,08:55,45m,"Phú Quốc (PQC)
Sân bay Phú Quốc",Hành lý xách tay 1 x 12 kg,Hành lý 23 kg,2025-04-20
Vietnam Airlines,PQC0273,1.578.420 VND/khách,15:05,06 thg 5,06 thg 5,16:10,1h 5m,"Phú Quốc (PQC)
Sân bay Phú Quốc",Hành lý xách tay 1 x 12 kg,Hành lý 23 kg,2025-04-20
Vietnam Airlines,PQC0255,1.600.398 VND/khách,13:05,06 thg 5,06 thg 5,14:00,55m,"Phú Quốc (PQC)
Sân bay Phú Quốc",Hành lý xách tay 1 x 12 kg,Hành lý 23 kg,2025-04-20
Vietnam Airlines,PQC0230,1.782.216 VND/khách,10:25,06 thg 5,06 thg 5,11:25,1h 0m,"Phú Quốc (PQC)
Sân bay Phú Quốc",Hành lý xách tay 1 x 12 kg,Hành lý 23 kg,2025-04-20
Vietnam Airlines,PQC0187,1.347.651 VND/khách,05:40,07 thg 5,07 thg 5,06:40,1h 0m,"Phú Quốc (PQC)
Sân bay Phú Quốc",Hành lý xách tay 1 x 12 kg,Hành lý 23 kg,2025-04-20
Vietravel Airlines,PQC0328,748.125 VND/khách,17:25,07 thg 5,07 thg 5,18:25,1h 0m,"Phú Quốc (PQC)
Sân bay Phú Quốc",Hành lý xách tay 7 kg,Hành lý 0 kg,2025-04-20
VietJet Air,PQC0022,825.000 VND/khách,05:55,07 thg 5,07 thg 5,06:55,1h 0m,"Phú Quốc (PQC)
Sân bay Phú Quốc",Hành lý xách tay 7 kg,Hành lý 0 kg,2025-04-20
VietJet Air,PQC0137,825.000 VND/khách,17:10,07 thg 5,07 thg 5,18:15,1h 5m,"Phú Quốc (PQC)
Sân bay Phú Quốc",Hành lý xách tay 7 kg,Hành lý 0 kg,2025-04-20
Bamboo Airways,PQC0006,1.018.850 VND/khách,16:30,07 thg 5,07 thg 5,17:30,1h 0m,"Phú Quốc (PQC)
Sân bay Phú Quốc",Hành lý xách tay 7 kg,Hành lý 0 kg,2025-04-20
VietJet Air,PQC0114,1.048.000 VND/khách,15:40,07 thg 5,07 thg 5,16:40,1h 0m,"Phú Quốc (PQC)
Sân bay Phú Quốc",Hành lý xách tay 7 kg,Hành lý 0 kg,2025-04-20
VietJet Air,PQC0047,1.156.000 VND/khách,09:20,07 thg 5,07 thg 5,10:20,1h 0m,"Phú Quốc (PQC)
Sân bay Phú Quốc",Hành lý xách tay 7 kg,Hành lý 0 kg,2025-04-20
VietJet Air,PQC0071,1.156.000 VND/khách,11:35,07 thg 5,07 thg 5,12:35,1h 0m,"Phú Quốc (PQC)
Sân bay Phú Quốc",Hành lý xách tay 7 kg,Hành lý 0 kg,2025-04-20
VietJet Air,PQC0093,1.156.000 VND/khách,14:05,07 thg 5,07 thg 5,15:05,1h 0m,"Phú Quốc (PQC)
Sân bay Phú Quốc",Hành lý xách tay 7 kg,Hành lý 0 kg,2025-04-20
Vietnam Airlines,PQC0187,1.347.651 VND/khách,05:40,07 thg 5,07 thg 5,06:40,1h 0m,"Phú Quốc (PQC)
Sân bay Phú Quốc",Hành lý xách tay 1 x 12 kg,Hành lý 23 kg,2025-04-20
Vietnam Airlines,PQC0274,1.585.413 VND/khách,15:05,07 thg 5,07 thg 5,16:10,1h 5m,"Phú Quốc (PQC)
Sân bay Phú Quốc",Hành lý xách tay 1 x 12 kg,Hành lý 23 kg,2025-04-20
Vietnam Airlines,PQC0208,1.671.327 VND/khách,08:10,07 thg 5,07 thg 5,08:55,45m,"Phú Quốc (PQC)
Sân bay Phú Quốc",Hành lý xách tay 1 x 12 kg,Hành lý 23 kg,2025-04-20
Vietnam Airlines,PQC0231,1.767.231 VND/khách,10:25,07 thg 5,07 thg 5,11:25,1h 0m,"Phú Quốc (PQC)
Sân bay Phú Quốc",Hành lý xách tay 1 x 12 kg,Hành lý 23 kg,2025-04-20
Vietnam Airlines,PQC0256,1.875.123 VND/khách,13:05,07 thg 5,07 thg 5,14:00,55m,"Phú Quốc (PQC)
Sân bay Phú Quốc",Hành lý xách tay 1 x 12 kg,Hành lý 23 kg,2025-04-20
Vietnam Airlines,PQC0188,1.481.517 VND/khách,05:40,08 thg 5,08 thg 5,06:40,1h 0m,"Phú Quốc (PQC)
Sân bay Phú Quốc",Hành lý xách tay 1 x 12 kg,Hành lý 23 kg,2025-04-20
VietJet Air,PQC0023,1.048.000 VND/khách,05:55,08 thg 5,08 thg 5,06:55,1h 0m,"Phú Quốc (PQC)
Sân bay Phú Quốc",Hành lý xách tay 7 kg,Hành lý 0 kg,2025-04-20
Vietravel Airlines,PQC0329,1.056.353 VND/khách,17:25,08 thg 5,08 thg 5,18:25,1h 0m,"Phú Quốc (PQC)
Sân bay Phú Quốc",Hành lý xách tay 7 kg,Hành lý 0 kg,2025-04-20
VietJet Air,PQC0072,1.297.000 VND/khách,11:35,08 thg 5,08 thg 5,12:35,1h 0m,"Phú Quốc (PQC)
Sân bay Phú Quốc",Hành lý xách tay 7 kg,Hành lý 0 kg,2025-04-20
VietJet Air,PQC0094,1.297.000 VND/khách,14:05,08 thg 5,08 thg 5,15:05,1h 0m,"Phú Quốc (PQC)
Sân bay Phú Quốc",Hành lý xách tay 7 kg,Hành lý 0 kg,2025-04-20
VietJet Air,PQC0115,1.297.000 VND/khách,15:40,08 thg 5,08 thg 5,16:40,1h 0m,"Phú Quốc (PQC)
Sân bay Phú Quốc",Hành lý xách tay 7 kg,Hành lý 0 kg,2025-04-20
VietJet Air,PQC0038,1.297.000 VND/khách,08:25,08 thg 5,08 thg 5,09:30,1h 5m,"Phú Quốc (PQC)
Sân bay Phú Quốc",Hành lý xách tay 7 kg,Hành lý 0 kg,2025-04-20
VietJet Air,PQC0138,1.297.000 VND/khách,17:10,08 thg 5,08 thg 5,18:15,1h 5m,"Phú Quốc (PQC)
Sân bay Phú Quốc",Hành lý xách tay 7 kg,Hành lý 0 kg,2025-04-20
VietJet Air,PQC0155,1.297.000 VND/khách,17:40,08 thg 5,08 thg 5,18:45,1h 5m,"Phú Quốc (PQC)
Sân bay Phú Quốc",Hành lý xách tay 7 kg,Hành lý 0 kg,2025-04-20
VietJet Air,PQC0048,1.435.000 VND/khách,09:20,08 thg 5,08 thg 5,10:20,1h 0m,"Phú Quốc (PQC)
Sân bay Phú Quốc",Hành lý xách tay 7 kg,Hành lý 0 kg,2025-04-20
Vietnam Airlines,PQC0188,1.481.517 VND/khách,05:40,08 thg 5,08 thg 5,06:40,1h 0m,"Phú Quốc (PQC)
Sân bay Phú Quốc",Hành lý xách tay 1 x 12 kg,Hành lý 23 kg,2025-04-20
Vietnam Airlines,PQC0275,1.704.294 VND/khách,15:05,08 thg 5,08 thg 5,16:10,1h 5m,"Phú Quốc (PQC)
Sân bay Phú Quốc",Hành lý xách tay 1 x 12 kg,Hành lý 23 kg,2025-04-20
Vietnam Airlines,PQC0257,1.782.216 VND/khách,13:05,08 thg 5,08 thg 5,14:00,55m,"Phú Quốc (PQC)
Sân bay Phú Quốc",Hành lý xách tay 1 x 12 kg,Hành lý 23 kg,2025-04-20
Vietnam Airlines,PQC0232,1.782.216 VND/khách,10:25,08 thg 5,08 thg 5,11:25,1h 0m,"Phú Quốc (PQC)
Sân bay Phú Quốc",Hành lý xách tay 1 x 12 kg,Hành lý 23 kg,2025-04-20
Vietnam Airlines,PQC0209,1.868.130 VND/khách,08:10,08 thg 5,08 thg 5,08:55,45m,"Phú Quốc (PQC)
Sân bay Phú Quốc",Hành lý xách tay 1 x 12 kg,Hành lý 23 kg,2025-04-20
Vietnam Airlines,PQC0189,1.600.398 VND/khách,05:40,09 thg 5,09 thg 5,06:40,1h 0m,"Phú Quốc (PQC)
Sân bay Phú Quốc",Hành lý xách tay 1 x 12 kg,Hành lý 23 kg,2025-04-20
VietJet Air,PQC0116,1.297.000 VND/khách,15:40,09 thg 5,09 thg 5,16:40,1h 0m,"Phú Quốc (PQC)
Sân bay Phú Quốc",Hành lý xách tay 7 kg,Hành lý 0 kg,2025-04-20
VietJet Air,PQC0139,1.297.000 VND/khách,17:10,09 thg 5,09 thg 5,18:15,1h 5m,"Phú Quốc (PQC)
Sân bay Phú Quốc",Hành lý xách tay 7 kg,Hành lý 0 kg,2025-04-20
Bamboo Airways,PQC0007,1.420.686 VND/khách,16:30,09 thg 5,09 thg 5,17:30,1h 0m,"Phú Quốc (PQC)
Sân bay Phú Quốc",Hành lý xách tay 7 kg,Hành lý 0 kg,2025-04-20
VietJet Air,PQC0024,1.446.000 VND/khách,05:55,09 thg 5,09 thg 5,06:55,1h 0m,"Phú Quốc (PQC)
Sân bay Phú Quốc",Hành lý xách tay 7 kg,Hành lý 0 kg,2025-04-20
VietJet Air,PQC0049,1.606.000 VND/khách,09:20,09 thg 5,09 thg 5,10:20,1h 0m,"Phú Quốc (PQC)
Sân bay Phú Quốc",Hành lý xách tay 7 kg,Hành lý 0 kg,2025-04-20
VietJet Air,PQC0095,1.606.000 VND/khách,14:05,09 thg 5,09 thg 5,15:05,1h 0m,"Phú Quốc (PQC)
Sân bay Phú Quốc",Hành lý xách tay 7 kg,Hành lý 0 kg,2025-04-20
Vietnam Airlines,PQC0309,1.693.305 VND/khách,20:20,09 thg 5,09 thg 5,21:20,1h 0m,"Phú Quốc (PQC)
Sân bay Phú Quốc",Hành lý xách tay 1 x 12 kg,Hành lý 23 kg,2025-04-20
VietJet Air,PQC0073,1.725.000 VND/khách,11:35,09 thg 5,09 thg 5,12:35,1h 0m,"Phú Quốc (PQC)
Sân bay Phú Quốc",Hành lý xách tay 7 kg,Hành lý 0 kg,2025-04-20
Vietnam Airlines,PQC0276,1.775.223 VND/khách,15:05,09 thg 5,09 thg 5,16:10,1h 5m,"Phú Quốc (PQC)
Sân bay Phú Quốc",Hành lý xách tay 1 x 12 kg,Hành lý 23 kg,2025-04-20
Vietnam Airlines,PQC0249,1.868.130 VND/khách,13:00,09 thg 5,09 thg 5,14:00,1h 0m,"Phú Quốc (PQC)
Sân bay Phú Quốc",Hành lý xách tay 1 x 12 kg,Hành lý 23 kg,2025-04-20
Vietravel Airlines,PQC0330,1.872.308 VND/khách,17:25,09 thg 5,09 thg 5,18:25,1h 0m,"Phú Quốc (PQC)
Sân bay Phú Quốc",Hành lý xách tay 7 kg,Hành lý 0 kg,2025-04-20
Vietnam Airlines,PQC0233,1.975.023 VND/khách,10:25,09 thg 5,09 thg 5,11:25,1h 0m,"Phú Quốc (PQC)
Sân bay Phú Quốc",Hành lý xách tay 1 x 12 kg,Hành lý 23 kg,2025-04-20
Vietnam Airlines,PQC0210,1.994.004 VND/khách,08:10,09 thg 5,09 thg 5,08:55,45m,"Phú Quốc (PQC)
Sân bay Phú Quốc",Hành lý xách tay 1 x 12 kg,Hành lý 23 kg,2025-04-20
Vietnam Airlines,PQC0277,1.674.324 VND/khách,15:05,10 thg 5,10 thg 5,16:10,1h 5m,"Phú Quốc (PQC)
Sân bay Phú Quốc",Hành lý xách tay 1 x 12 kg,Hành lý 23 kg,2025-04-20
Vietravel Airlines,PQC0331,881.790 VND/khách,17:25,10 thg 5,10 thg 5,18:25,1h 0m,"Phú Quốc (PQC)
Sân bay Phú Quốc",Hành lý xách tay 7 kg,Hành lý 0 kg,2025-04-20
VietJet Air,PQC0140,1.045.518 VND/khách,17:10,10 thg 5,10 thg 5,18:15,1h 5m,"Phú Quốc (PQC)
Sân bay Phú Quốc",Hành lý xách tay 7 kg,Hành lý 0 kg,2025-04-20
VietJet Air,PQC0117,1.156.000 VND/khách,15:40,10 thg 5,10 thg 5,16:40,1h 0m,"Phú Quốc (PQC)
Sân bay Phú Quốc",Hành lý xách tay 7 kg,Hành lý 0 kg,2025-04-20
VietJet Air,PQC0074,1.297.000 VND/khách,11:35,10 thg 5,10 thg 5,12:35,1h 0m,"Phú Quốc (PQC)
Sân bay Phú Quốc",Hành lý xách tay 7 kg,Hành lý 0 kg,2025-04-20
VietJet Air,PQC0096,1.297.000 VND/khách,14:05,10 thg 5,10 thg 5,15:05,1h 0m,"Phú Quốc (PQC)
Sân bay Phú Quốc",Hành lý xách tay 7 kg,Hành lý 0 kg,2025-04-20
VietJet Air,PQC0025,1.435.000 VND/khách,05:55,10 thg 5,10 thg 5,06:55,1h 0m,"Phú Quốc (PQC)
Sân bay Phú Quốc",Hành lý xách tay 7 kg,Hành lý 0 kg,2025-04-20
VietJet Air,PQC0050,1.435.000 VND/khách,09:20,10 thg 5,10 thg 5,10:20,1h 0m,"Phú Quốc (PQC)
Sân bay Phú Quốc",Hành lý xách tay 7 kg,Hành lý 0 kg,2025-04-20
Vietnam Airlines,PQC0277,1.674.324 VND/khách,15:05,10 thg 5,10 thg 5,16:10,1h 5m,"Phú Quốc (PQC)
Sân bay Phú Quốc",Hành lý xách tay 1 x 12 kg,Hành lý 23 kg,2025-04-20
Vietnam Airlines,PQC0258,1.786.212 VND/khách,13:05,10 thg 5,10 thg 5,14:00,55m,"Phú Quốc (PQC)
Sân bay Phú Quốc",Hành lý xách tay 1 x 12 kg,Hành lý 23 kg,2025-04-20
Vietnam Airlines,PQC0234,1.875.123 VND/khách,10:25,10 thg 5,10 thg 5,11:25,1h 0m,"Phú Quốc (PQC)
Sân bay Phú Quốc",Hành lý xách tay 1 x 12 kg,Hành lý 23 kg,2025-04-20
Vietnam Airlines,PQC0211,1.912.086 VND/khách,08:10,10 thg 5,10 thg 5,08:55,45m,"Phú Quốc (PQC)
Sân bay Phú Quốc",Hành lý xách tay 1 x 12 kg,Hành lý 23 kg,2025-04-20
Vietnam Airlines,PQC0190,1.975.023 VND/khách,05:40,10 thg 5,10 thg 5,06:40,1h 0m,"Phú Quốc (PQC)
Sân bay Phú Quốc",Hành lý xách tay 1 x 12 kg,Hành lý 23 kg,2025-04-20
Vietnam Airlines,PQC0192,1.384.614 VND/khách,05:40,21 thg 4,21 thg 4,06:40,1h 0m,"Phú Quốc (PQC)
Sân bay Phú Quốc",Hành lý xách tay 1 x 12 kg,Hành lý 23 kg,2025-04-20
Vietravel Airlines,PQC0333,1.060.343 VND/khách,17:25,21 thg 4,21 thg 4,18:25,1h 0m,"Phú Quốc (PQC)
Sân bay Phú Quốc",Hành lý xách tay 7 kg,Hành lý 0 kg,2025-04-20
VietJet Air,PQC0142,1.167.000 VND/khách,17:10,21 thg 4,21 thg 4,18:15,1h 5m,"Phú Quốc (PQC)
Sân bay Phú Quốc",Hành lý xách tay 7 kg,Hành lý 0 kg,2025-04-20
VietJet Air,PQC0027,1.174.000 VND/khách,05:55,21 thg 4,21 thg 4,06:55,1h 0m,"Phú Quốc (PQC)
Sân bay Phú Quốc",Hành lý xách tay 7 kg,Hành lý 0 kg,2025-04-20
Bamboo Airways,PQC0009,1.271.610 VND/khách,16:30,21 thg 4,21 thg 4,17:30,1h 0m,"Phú Quốc (PQC)
Sân bay Phú Quốc",Hành lý xách tay 7 kg,Hành lý 0 kg,2025-04-20
VietJet Air,PQC0098,1.308.000 VND/khách,14:05,21 thg 4,21 thg 4,15:05,1h 0m,"Phú Quốc (PQC)
Sân bay Phú Quốc",Hành lý xách tay 7 kg,Hành lý 0 kg,2025-04-20
VietJet Air,PQC0076,1.620.000 VND/khách,11:35,21 thg 4,21 thg 4,12:35,1h 0m,"Phú Quốc (PQC)
Sân bay Phú Quốc",Hành lý xách tay 7 kg,Hành lý 0 kg,2025-04-20
Vietnam Airlines,PQC0213,1.801.197 VND/khách,08:10,21 thg 4,21 thg 4,08:55,45m,"Phú Quốc (PQC)
Sân bay Phú Quốc",Hành lý xách tay 1 x 12 kg,Hành lý 23 kg,2025-04-20
Vietnam Airlines,PQC0193,1.451.547 VND/khách,05:40,22 thg 4,22 thg 4,06:40,1h 0m,"Phú Quốc (PQC)
Sân bay Phú Quốc",Hành lý xách tay 1 x 12 kg,Hành lý 23 kg,2025-04-20
Vietravel Airlines,PQC0334,1.056.353 VND/khách,17:25,22 thg 4,22 thg 4,18:25,1h 0m,"Phú Quốc (PQC)
Sân bay Phú Quốc",Hành lý xách tay 7 kg,Hành lý 0 kg,2025-04-20
VietJet Air,PQC0028,1.167.000 VND/khách,05:55,22 thg 4,22 thg 4,06:55,1h 0m,"Phú Quốc (PQC)
Sân bay Phú Quốc",Hành lý xách tay 7 kg,Hành lý 0 kg,2025-04-20
VietJet Air,PQC0120,1.167.000 VND/khách,15:40,22 thg 4,22 thg 4,16:40,1h 0m,"Phú Quốc (PQC)
Sân bay Phú Quốc",Hành lý xách tay 7 kg,Hành lý 0 kg,2025-04-20
VietJet Air,PQC0143,1.167.000 VND/khách,17:10,22 thg 4,22 thg 4,18:15,1h 5m,"Phú Quốc (PQC)
Sân bay Phú Quốc",Hành lý xách tay 7 kg,Hành lý 0 kg,2025-04-20
VietJet Air,PQC0053,1.308.000 VND/khách,09:20,22 thg 4,22 thg 4,10:20,1h 0m,"Phú Quốc (PQC)
Sân bay Phú Quốc",Hành lý xách tay 7 kg,Hành lý 0 kg,2025-04-20
VietJet Air,PQC0077,1.308.000 VND/khách,11:35,22 thg 4,22 thg 4,12:35,1h 0m,"Phú Quốc (PQC)
Sân bay Phú Quốc",Hành lý xách tay 7 kg,Hành lý 0 kg,2025-04-20
VietJet Air,PQC0099,1.308.000 VND/khách,14:05,22 thg 4,22 thg 4,15:05,1h 0m,"Phú Quốc (PQC)
Sân bay Phú Quốc",Hành lý xách tay 7 kg,Hành lý 0 kg,2025-04-20
Vietnam Airlines,PQC0193,1.451.547 VND/khách,05:40,22 thg 4,22 thg 4,06:40,1h 0m,"Phú Quốc (PQC)
Sân bay Phú Quốc",Hành lý xách tay 1 x 12 kg,Hành lý 23 kg,2025-04-20
Vietnam Airlines,PQC0214,1.693.305 VND/khách,08:10,22 thg 4,22 thg 4,08:55,45m,"Phú Quốc (PQC)
Sân bay Phú Quốc",Hành lý xách tay 1 x 12 kg,Hành lý 23 kg,2025-04-20
Vietnam Airlines,PQC0280,1.856.142 VND/khách,15:05,22 thg 4,22 thg 4,16:10,1h 5m,"Phú Quốc (PQC)
Sân bay Phú Quốc",Hành lý xách tay 1 x 12 kg,Hành lý 23 kg,2025-04-20
Vietnam Airlines,PQC0237,1.909.089 VND/khách,10:25,22 thg 4,22 thg 4,11:25,1h 0m,"Phú Quốc (PQC)
Sân bay Phú Quốc",Hành lý xách tay 1 x 12 kg,Hành lý 23 kg,2025-04-20
Vietnam Airlines,PQC0261,1.964.034 VND/khách,13:05,22 thg 4,22 thg 4,14:00,55m,"Phú Quốc (PQC)
Sân bay Phú Quốc",Hành lý xách tay 1 x 12 kg,Hành lý 23 kg,2025-04-20
Vietnam Airlines,PQC0215,1.592.406 VND/khách,08:10,23 thg 4,23 thg 4,08:55,45m,"Phú Quốc (PQC)
Sân bay Phú Quốc",Hành lý xách tay 1 x 12 kg,Hành lý 23 kg,2025-04-20
Vietravel Airlines,PQC0335,956.603 VND/khách,17:25,23 thg 4,23 thg 4,18:25,1h 0m,"Phú Quốc (PQC)
Sân bay Phú Quốc",Hành lý xách tay 7 kg,Hành lý 0 kg,2025-04-20
Bamboo Airways,PQC0010,1.013.756 VND/khách,16:30,23 thg 4,23 thg 4,17:30,1h 0m,"Phú Quốc (PQC)
Sân bay Phú Quốc",Hành lý xách tay 7 kg,Hành lý 0 kg,2025-04-20
VietJet Air,PQC0157,1.055.000 VND/khách,17:40,23 thg 4,23 thg 4,18:40,1h 0m,"Phú Quốc (PQC)
Sân bay Phú Quốc",Hành lý xách tay 7 kg,Hành lý 0 kg,2025-04-20
VietJet Air,PQC0029,1.130.000 VND/khách,05:55,23 thg 4,23 thg 4,06:55,1h 0m,"Phú Quốc (PQC)
Sân bay Phú Quốc",Hành lý xách tay 7 kg,Hành lý 0 kg,2025-04-20
VietJet Air,PQC0129,1.167.000 VND/khách,16:25,23 thg 4,23 thg 4,17:25,1h 0m,"Phú Quốc (PQC)
Sân bay Phú Quốc",Hành lý xách tay 7 kg,Hành lý 0 kg,2025-04-20
VietJet Air,PQC0054,1.308.000 VND/khách,09:20,23 thg 4,23 thg 4,10:20,1h 0m,"Phú Quốc (PQC)
Sân bay Phú Quốc",Hành lý xách tay 7 kg,Hành lý 0 kg,2025-04-20
VietJet Air,PQC0078,1.308.000 VND/khách,11:35,23 thg 4,23 thg 4,12:35,1h 0m,"Phú Quốc (PQC)
Sân bay Phú Quốc",Hành lý xách tay 7 kg,Hành lý 0 kg,2025-04-20
VietJet Air,PQC0100,1.308.000 VND/khách,14:05,23 thg 4,23 thg 4,15:05,1h 0m,"Phú Quốc (PQC)
Sân bay Phú Quốc",Hành lý xách tay 7 kg,Hành lý 0 kg,2025-04-20
Vietnam Airlines,PQC0215,1.592.406 VND/khách,08:10,23 thg 4,23 thg 4,08:55,45m,"Phú Quốc (PQC)
Sân bay Phú Quốc",Hành lý xách tay 1 x 12 kg,Hành lý 23 kg,2025-04-20
Vietnam Airlines,PQC0194,1.674.324 VND/khách,05:40,23 thg 4,23 thg 4,06:40,1h 0m,"Phú Quốc (PQC)
Sân bay Phú Quốc",Hành lý xách tay 1 x 12 kg,Hành lý 23 kg,2025-04-20
Vietnam Airlines,PQC0281,1.775.223 VND/khách,15:05,23 thg 4,23 thg 4,16:10,1h 5m,"Phú Quốc (PQC)
Sân bay Phú Quốc",Hành lý xách tay 1 x 12 kg,Hành lý 23 kg,2025-04-20
Vietnam Airlines,PQC0262,1.909.089 VND/khách,13:05,23 thg 4,23 thg 4,14:00,55m,"Phú Quốc (PQC)
Sân bay Phú Quốc",Hành lý xách tay 1 x 12 kg,Hành lý 23 kg,2025-04-20
Vietnam Airlines,PQC0238,1.909.089 VND/khách,10:25,23 thg 4,23 thg 4,11:25,1h 0m,"Phú Quốc (PQC)
Sân bay Phú Quốc",Hành lý xách tay 1 x 12 kg,Hành lý 23 kg,2025-04-20
Vietnam Airlines,PQC0195,1.362.636 VND/khách,05:40,24 thg 4,24 thg 4,06:40,1h 0m,"Phú Quốc (PQC)
Sân bay Phú Quốc",Hành lý xách tay 1 x 12 kg,Hành lý 23 kg,2025-04-20
Vietravel Airlines,PQC0336,1.130.168 VND/khách,17:25,24 thg 4,24 thg 4,18:25,1h 0m,"Phú Quốc (PQC)
Sân bay Phú Quốc",Hành lý xách tay 7 kg,Hành lý 0 kg,2025-04-20
VietJet Air,PQC0030,1.167.000 VND/khách,05:55,24 thg 4,24 thg 4,06:55,1h 0m,"Phú Quốc (PQC)
Sân bay Phú Quốc",Hành lý xách tay 7 kg,Hành lý 0 kg,2025-04-20
VietJet Air,PQC0130,1.308.000 VND/khách,16:30,24 thg 4,24 thg 4,17:30,1h 0m,"Phú Quốc (PQC)
Sân bay Phú Quốc",Hành lý xách tay 7 kg,Hành lý 0 kg,2025-04-20
VietJet Air,PQC0158,1.308.000 VND/khách,17:40,24 thg 4,24 thg 4,18:45,1h 5m,"Phú Quốc (PQC)
Sân bay Phú Quốc",Hành lý xách tay 7 kg,Hành lý 0 kg,2025-04-20
VietJet Air,PQC0079,1.435.000 VND/khách,11:35,24 thg 4,24 thg 4,12:35,1h 0m,"Phú Quốc (PQC)
Sân bay Phú Quốc",Hành lý xách tay 7 kg,Hành lý 0 kg,2025-04-20
VietJet Air,PQC0101,1.435.000 VND/khách,14:05,24 thg 4,24 thg 4,15:05,1h 0m,"Phú Quốc (PQC)
Sân bay Phú Quốc",Hành lý xách tay 7 kg,Hành lý 0 kg,2025-04-20
VietJet Air,PQC0039,1.435.000 VND/khách,08:25,24 thg 4,24 thg 4,09:30,1h 5m,"Phú Quốc (PQC)
Sân bay Phú Quốc",Hành lý xách tay 7 kg,Hành lý 0 kg,2025-04-20
Vietnam Airlines,PQC0282,1.868.130 VND/khách,15:05,24 thg 4,24 thg 4,16:10,1h 5m,"Phú Quốc (PQC)
Sân bay Phú Quốc",Hành lý xách tay 1 x 12 kg,Hành lý 23 kg,2025-04-20
Vietnam Airlines,PQC0217,1.875.123 VND/khách,08:10,24 thg 4,24 thg 4,08:55,45m,"Phú Quốc (PQC)
Sân bay Phú Quốc",Hành lý xách tay 1 x 12 kg,Hành lý 23 kg,2025-04-20
Vietnam Airlines,PQC0263,1.968.030 VND/khách,13:05,24 thg 4,24 thg 4,14:00,55m,"Phú Quốc (PQC)
Sân bay Phú Quốc",Hành lý xách tay 1 x 12 kg,Hành lý 23 kg,2025-04-20
Vietnam Airlines,PQC0239,1.979.019 VND/khách,10:25,24 thg 4,24 thg 4,11:25,1h 0m,"Phú Quốc (PQC)
Sân bay Phú Quốc",Hành lý xách tay 1 x 12 kg,Hành lý 23 kg,2025-04-20
Vietnam Airlines,PQC0296,1.671.327 VND/khách,17:25,25 thg 4,25 thg 4,18:25,1h 0m,"Phú Quốc (PQC)
Sân bay Phú Quốc",Hành lý xách tay 1 x 12 kg,Hành lý 23 kg,2025-04-20
Vietravel Airlines,PQC0337,1.130.168 VND/khách,17:25,25 thg 4,25 thg 4,18:25,1h 0m,"Phú Quốc (PQC)
Sân bay Phú Quốc",Hành lý xách tay 7 kg,Hành lý 0 kg,2025-04-20
Bamboo Airways,PQC0011,1.167.757 VND/khách,16:30,25 thg 4,25 thg 4,17:30,1h 0m,"Phú Quốc (PQC)
Sân bay Phú Quốc",Hành lý xách tay 7 kg,Hành lý 0 kg,2025-04-20
VietJet Air,PQC0146,1.308.000 VND/khách,17:10,25 thg 4,25 thg 4,18:15,1h 5m,"Phú Quốc (PQC)
Sân bay Phú Quốc",Hành lý xách tay 7 kg,Hành lý 0 kg,2025-04-20
VietJet Air,PQC0031,1.435.000 VND/khách,05:55,25 thg 4,25 thg 4,06:55,1h 0m,"Phú Quốc (PQC)
Sân bay Phú Quốc",Hành lý xách tay 7 kg,Hành lý 0 kg,2025-04-20
VietJet Air,PQC0123,1.435.000 VND/khách,15:40,25 thg 4,25 thg 4,16:40,1h 0m,"Phú Quốc (PQC)
Sân bay Phú Quốc",Hành lý xách tay 7 kg,Hành lý 0 kg,2025-04-20
VietJet Air,PQC0056,1.613.000 VND/khách,09:20,25 thg 4,25 thg 4,10:20,1h 0m,"Phú Quốc (PQC)
Sân bay Phú Quốc",Hành lý xách tay 7 kg,Hành lý 0 kg,2025-04-20
VietJet Air,PQC0102,1.613.000 VND/khách,14:05,25 thg 4,25 thg 4,15:05,1h 0m,"Phú Quốc (PQC)
Sân bay Phú Quốc",Hành lý xách tay 7 kg,Hành lý 0 kg,2025-04-20
Vietnam Airlines,PQC0296,1.671.327 VND/khách,17:25,25 thg 4,25 thg 4,18:25,1h 0m,"Phú Quốc (PQC)
Sân bay Phú Quốc",Hành lý xách tay 1 x 12 kg,Hành lý 23 kg,2025-04-20
Vietnam Airlines,PQC0311,1.756.242 VND/khách,20:20,25 thg 4,25 thg 4,21:20,1h 0m,"Phú Quốc (PQC)
Sân bay Phú Quốc",Hành lý xách tay 1 x 12 kg,Hành lý 23 kg,2025-04-20
VietJet Air,PQC0080,1.814.000 VND/khách,11:35,25 thg 4,25 thg 4,12:35,1h 0m,"Phú Quốc (PQC)
Sân bay Phú Quốc",Hành lý xách tay 7 kg,Hành lý 0 kg,2025-04-20
Vietnam Airlines,PQC0218,2.004.993 VND/khách,08:10,25 thg 4,25 thg 4,08:55,45m,"Phú Quốc (PQC)
Sân bay Phú Quốc",Hành lý xách tay 1 x 12 kg,Hành lý 23 kg,2025-04-20
Vietnam Airlines,PQC0240,2.004.993 VND/khách,10:25,25 thg 4,25 thg 4,11:25,1h 0m,"Phú Quốc (PQC)
Sân bay Phú Quốc",Hành lý xách tay 1 x 12 kg,Hành lý 23 kg,2025-04-20
Vietnam Airlines,PQC0250,2.004.993 VND/khách,13:00,25 thg 4,25 thg 4,14:00,1h 0m,"Phú Quốc (PQC)
Sân bay Phú Quốc",Hành lý xách tay 1 x 12 kg,Hành lý 23 kg,2025-04-20
Vietnam Airlines,PQC0196,2.008.989 VND/khách,05:40,25 thg 4,25 thg 4,06:40,1h 0m,"Phú Quốc (PQC)
Sân bay Phú Quốc",Hành lý xách tay 1 x 12 kg,Hành lý 23 kg,2025-04-20
Vietnam Airlines,PQC0283,2.012.985 VND/khách,15:05,25 thg 4,25 thg 4,16:10,1h 5m,"Phú Quốc (PQC)
Sân bay Phú Quốc",Hành lý xách tay 1 x 12 kg,Hành lý 23 kg,2025-04-20
Vietnam Airlines,PQC0297,1.581.417 VND/khách,17:25,26 thg 4,26 thg 4,18:25,1h 0m,"Phú Quốc (PQC)
Sân bay Phú Quốc",Hành lý xách tay 1 x 12 kg,Hành lý 23 kg,2025-04-20
Vietravel Airlines,PQC0338,1.308.720 VND/khách,17:25,26 thg 4,26 thg 4,18:25,1h 0m,"Phú Quốc (PQC)
Sân bay Phú Quốc",Hành lý xách tay 7 kg,Hành lý 0 kg,2025-04-20
VietJet Air,PQC0032,1.435.000 VND/khách,05:55,26 thg 4,26 thg 4,06:55,1h 0m,"Phú Quốc (PQC)
Sân bay Phú Quốc",Hành lý xách tay 7 kg,Hành lý 0 kg,2025-04-20
VietJet Air,PQC0147,1.613.000 VND/khách,17:10,26 thg 4,26 thg 4,18:15,1h 5m,"Phú Quốc (PQC)
Sân bay Phú Quốc",Hành lý xách tay 7 kg,Hành lý 0 kg,2025-04-20
VietJet Air,PQC0103,1.725.000 VND/khách,14:05,26 thg 4,26 thg 4,15:05,1h 0m,"Phú Quốc (PQC)
Sân bay Phú Quốc",Hành lý xách tay 7 kg,Hành lý 0 kg,2025-04-20
Vietnam Airlines,PQC0312,1.756.242 VND/khách,20:20,26 thg 4,26 thg 4,21:20,1h 0m,"Phú Quốc (PQC)
Sân bay Phú Quốc",Hành lý xách tay 1 x 12 kg,Hành lý 23 kg,2025-04-20
VietJet Air,PQC0124,1.814.000 VND/khách,15:40,26 thg 4,26 thg 4,16:40,1h 0m,"Phú Quốc (PQC)
Sân bay Phú Quốc",Hành lý xách tay 7 kg,Hành lý 0 kg,2025-04-20
VietJet Air,PQC0057,1.840.000 VND/khách,09:20,26 thg 4,26 thg 4,10:20,1h 0m,"Phú Quốc (PQC)
Sân bay Phú Quốc",Hành lý xách tay 7 kg,Hành lý 0 kg,2025-04-20
VietJet Air,PQC0081,1.840.000 VND/khách,11:35,26 thg 4,26 thg 4,12:35,1h 0m,"Phú Quốc (PQC)
Sân bay Phú Quốc",Hành lý xách tay 7 kg,Hành lý 0 kg,2025-04-20
Vietnam Airlines,PQC0219,1.909.089 VND/khách,08:10,26 thg 4,26 thg 4,08:55,45m,"Phú Quốc (PQC)
Sân bay Phú Quốc",Hành lý xách tay 1 x 12 kg,Hành lý 23 kg,2025-04-20
Vietnam Airlines,PQC0284,1.942.056 VND/khách,15:05,26 thg 4,26 thg 4,16:10,1h 5m,"Phú Quốc (PQC)
Sân bay Phú Quốc",Hành lý xách tay 1 x 12 kg,Hành lý 23 kg,2025-04-20
Vietnam Airlines,PQC0241,2.008.989 VND/khách,10:25,26 thg 4,26 thg 4,11:25,1h 0m,"Phú Quốc (PQC)
Sân bay Phú Quốc",Hành lý xách tay 1 x 12 kg,Hành lý 23 kg,2025-04-20
Vietnam Airlines,PQC0198,1.362.636 VND/khách,05:40,27 thg 4,27 thg 4,06:40,1h 0m,"Phú Quốc (PQC)
Sân bay Phú Quốc",Hành lý xách tay 1 x 12 kg,Hành lý 23 kg,2025-04-20
Bamboo Airways,PQC0012,1.013.756 VND/khách,16:30,27 thg 4,27 thg 4,17:30,1h 0m,"Phú Quốc (PQC)
Sân bay Phú Quốc",Hành lý xách tay 7 kg,Hành lý 0 kg,2025-04-20
Vietravel Airlines,PQC0339,1.056.353 VND/khách,17:25,27 thg 4,27 thg 4,18:25,1h 0m,"Phú Quốc (PQC)
Sân bay Phú Quốc",Hành lý xách tay 7 kg,Hành lý 0 kg,2025-04-20
VietJet Air,PQC0033,1.167.000 VND/khách,05:55,27 thg 4,27 thg 4,06:55,1h 0m,"Phú Quốc (PQC)
Sân bay Phú Quốc",Hành lý xách tay 7 kg,Hành lý 0 kg,2025-04-20
Vietnam Airlines,PQC0177,1.250.748 VND/khách,05:25,27 thg 4,27 thg 4,06:20,55m,"Phú Quốc (PQC)
Sân bay Phú Quốc",Hành lý xách tay 1 x 12 kg,Hành lý 23 kg,2025-04-20
Vietnam Airlines,PQC0319,1.362.636 VND/khách,20:45,27 thg 4,27 thg 4,21:45,1h 0m,"Phú Quốc (PQC)
Sân bay Phú Quốc",Hành lý xách tay 1 x 12 kg,Hành lý 23 kg,2025-04-20
Vietnam Airlines,PQC0302,1.366.632 VND/khách,19:20,27 thg 4,27 thg 4,20:20,1h 0m,"Phú Quốc (PQC)
Sân bay Phú Quốc",Hành lý xách tay 1 x 12 kg,Hành lý 23 kg,2025-04-20
Vietnam Airlines,PQC0313,1.496.502 VND/khách,20:20,27 thg 4,27 thg 4,21:20,1h 0m,"Phú Quốc (PQC)
Sân bay Phú Quốc",Hành lý xách tay 1 x 12 kg,Hành lý 23 kg,2025-04-20
VietJet Air,PQC0125,1.613.000 VND/khách,15:40,27 thg 4,27 thg 4,16:40,1h 0m,"Phú Quốc (PQC)
Sân bay Phú Quốc",Hành lý xách tay 7 kg,Hành lý 0 kg,2025-04-20
VietJet Air,PQC0148,1.613.000 VND/khách,17:10,27 thg 4,27 thg 4,18:15,1h 5m,"Phú Quốc (PQC)
Sân bay Phú Quốc",Hành lý xách tay 7 kg,Hành lý 0 kg,2025-04-20
Vietnam Airlines,PQC0285,1.693.305 VND/khách,15:05,27 thg 4,27 thg 4,16:10,1h 5m,"Phú Quốc (PQC)
Sân bay Phú Quốc",Hành lý xách tay 1 x 12 kg,Hành lý 23 kg,2025-04-20
VietJet Air,PQC0104,1.725.000 VND/khách,14:05,27 thg 4,27 thg 4,15:05,1h 0m,"Phú Quốc (PQC)
Sân bay Phú Quốc",Hành lý xách tay 7 kg,Hành lý 0 kg,2025-04-20
VietJet Air,PQC0082,1.814.000 VND/khách,11:35,27 thg 4,27 thg 4,12:35,1h 0m,"Phú Quốc (PQC)
Sân bay Phú Quốc",Hành lý xách tay 7 kg,Hành lý 0 kg,2025-04-20
Vietnam Airlines,PQC0242,1.868.130 VND/khách,10:25,27 thg 4,27 thg 4,11:25,1h 0m,"Phú Quốc (PQC)
Sân bay Phú Quốc",Hành lý xách tay 1 x 12 kg,Hành lý 23 kg,2025-04-20
Vietnam Airlines,PQC0265,1.909.089 VND/khách,13:05,27 thg 4,27 thg 4,14:00,55m,"Phú Quốc (PQC)
Sân bay Phú Quốc",Hành lý xách tay 1 x 12 kg,Hành lý 23 kg,2025-04-20
Vietnam Airlines,PQC0220,1.916.082 VND/khách,08:10,27 thg 4,27 thg 4,08:55,45m,"Phú Quốc (PQC)
Sân bay Phú Quốc",Hành lý xách tay 1 x 12 kg,Hành lý 23 kg,2025-04-20
Vietnam Airlines,PQC0199,1.154.844 VND/khách,05:40,28 thg 4,28 thg 4,06:40,1h 0m,"Phú Quốc (PQC)
Sân bay Phú Quốc",Hành lý xách tay 1 x 12 kg,Hành lý 23 kg,2025-04-20
Vietravel Airlines,PQC0340,1.056.353 VND/khách,17:25,28 thg 4,28 thg 4,18:25,1h 0m,"Phú Quốc (PQC)
Sân bay Phú Quốc",Hành lý xách tay 7 kg,Hành lý 0 kg,2025-04-20
Vietnam Airlines,PQC0178,1.154.844 VND/khách,05:25,28 thg 4,28 thg 4,06:20,55m,"Phú Quốc (PQC)
Sân bay Phú Quốc",Hành lý xách tay 1 x 12 kg,Hành lý 23 kg,2025-04-20
VietJet Air,PQC0034,1.167.000 VND/khách,05:55,28 thg 4,28 thg 4,06:55,1h 0m,"Phú Quốc (PQC)
Sân bay Phú Quốc",Hành lý xách tay 7 kg,Hành lý 0 kg,2025-04-20
Bamboo Airways,PQC0013,1.167.757 VND/khách,16:30,28 thg 4,28 thg 4,17:30,1h 0m,"Phú Quốc (PQC)
Sân bay Phú Quốc",Hành lý xách tay 7 kg,Hành lý 0 kg,2025-04-20
Vietnam Airlines,PQC0298,1.481.517 VND/khách,17:25,28 thg 4,28 thg 4,18:25,1h 0m,"Phú Quốc (PQC)
Sân bay Phú Quốc",Hành lý xách tay 1 x 12 kg,Hành lý 23 kg,2025-04-20
VietJet Air,PQC0149,1.613.000 VND/khách,17:10,28 thg 4,28 thg 4,18:15,1h 5m,"Phú Quốc (PQC)
Sân bay Phú Quốc",Hành lý xách tay 7 kg,Hành lý 0 kg,2025-04-20
Vietnam Airlines,PQC0221,1.674.324 VND/khách,08:10,28 thg 4,28 thg 4,08:55,45m,"Phú Quốc (PQC)
Sân bay Phú Quốc",Hành lý xách tay 1 x 12 kg,Hành lý 23 kg,2025-04-20
Vietnam Airlines,PQC0314,1.682.316 VND/khách,20:20,28 thg 4,28 thg 4,21:20,1h 0m,"Phú Quốc (PQC)
Sân bay Phú Quốc",Hành lý xách tay 1 x 12 kg,Hành lý 23 kg,2025-04-20
VietJet Air,PQC0105,1.725.000 VND/khách,14:05,28 thg 4,28 thg 4,15:05,1h 0m,"Phú Quốc (PQC)
Sân bay Phú Quốc",Hành lý xách tay 7 kg,Hành lý 0 kg,2025-04-20
VietJet Air,PQC0126,1.725.000 VND/khách,15:40,28 thg 4,28 thg 4,16:40,1h 0m,"Phú Quốc (PQC)
Sân bay Phú Quốc",Hành lý xách tay 7 kg,Hành lý 0 kg,2025-04-20
VietJet Air,PQC0059,1.814.000 VND/khách,09:20,28 thg 4,28 thg 4,10:20,1h 0m,"Phú Quốc (PQC)
Sân bay Phú Quốc",Hành lý xách tay 7 kg,Hành lý 0 kg,2025-04-20
VietJet Air,PQC0083,1.814.000 VND/khách,11:35,28 thg 4,28 thg 4,12:35,1h 0m,"Phú Quốc (PQC)
Sân bay Phú Quốc",Hành lý xách tay 7 kg,Hành lý 0 kg,2025-04-20
Vietnam Airlines,PQC0243,1.916.082 VND/khách,10:25,28 thg 4,28 thg 4,11:25,1h 0m,"Phú Quốc (PQC)
Sân bay Phú Quốc",Hành lý xách tay 1 x 12 kg,Hành lý 23 kg,2025-04-20
Vietnam Airlines,PQC0286,1.916.082 VND/khách,15:05,28 thg 4,28 thg 4,16:10,1h 5m,"Phú Quốc (PQC)
Sân bay Phú Quốc",Hành lý xách tay 1 x 12 kg,Hành lý 23 kg,2025-04-20
Vietnam Airlines,PQC0267,1.990.008 VND/khách,13:05,29 thg 4,29 thg 4,14:00,55m,"Phú Quốc (PQC)
Sân bay Phú Quốc",Hành lý xách tay 1 x 12 kg,Hành lý 23 kg,2025-04-20
Vietravel Airlines,PQC0341,1.630.913 VND/khách,17:25,29 thg 4,29 thg 4,18:25,1h 0m,"Phú Quốc (PQC)
Sân bay Phú Quốc",Hành lý xách tay 7 kg,Hành lý 0 kg,2025-04-20
Vietnam Airlines,PQC0179,1.778.220 VND/khách,05:25,29 thg 4,29 thg 4,06:20,55m,"Phú Quốc (PQC)
Sân bay Phú Quốc",Hành lý xách tay 1 x 12 kg,Hành lý 23 kg,2025-04-20
VietJet Air,PQC0035,1.814.000 VND/khách,05:55,29 thg 4,29 thg 4,06:55,1h 0m,"Phú Quốc (PQC)
Sân bay Phú Quốc",Hành lý xách tay 7 kg,Hành lý 0 kg,2025-04-20
VietJet Air,PQC0127,1.814.000 VND/khách,15:40,29 thg 4,29 thg 4,16:40,1h 0m,"Phú Quốc (PQC)
Sân bay Phú Quốc",Hành lý xách tay 7 kg,Hành lý 0 kg,2025-04-20
VietJet Air,PQC0040,1.814.000 VND/khách,08:25,29 thg 4,29 thg 4,09:30,1h 5m,"Phú Quốc (PQC)
Sân bay Phú Quốc",Hành lý xách tay 7 kg,Hành lý 0 kg,2025-04-20
VietJet Air,PQC0084,1.840.000 VND/khách,11:35,29 thg 4,29 thg 4,12:35,1h 0m,"Phú Quốc (PQC)
Sân bay Phú Quốc",Hành lý xách tay 7 kg,Hành lý 0 kg,2025-04-20
VietJet Air,PQC0106,1.840.000 VND/khách,14:05,29 thg 4,29 thg 4,15:05,1h 0m,"Phú Quốc (PQC)
Sân bay Phú Quốc",Hành lý xách tay 7 kg,Hành lý 0 kg,2025-04-20
VietJet Air,PQC0060,1.870.000 VND/khách,09:20,29 thg 4,29 thg 4,10:20,1h 0m,"Phú Quốc (PQC)
Sân bay Phú Quốc",Hành lý xách tay 7 kg,Hành lý 0 kg,2025-04-20
Vietnam Airlines,PQC0267,1.990.008 VND/khách,13:05,29 thg 4,29 thg 4,14:00,55m,"Phú Quốc (PQC)
Sân bay Phú Quốc",Hành lý xách tay 1 x 12 kg,Hành lý 23 kg,2025-04-20
Vietnam Airlines,PQC0299,2.000.997 VND/khách,17:25,29 thg 4,29 thg 4,18:25,1h 0m,"Phú Quốc (PQC)
Sân bay Phú Quốc",Hành lý xách tay 1 x 12 kg,Hành lý 23 kg,2025-04-20
Vietnam Airlines,PQC0321,2.000.997 VND/khách,21:05,29 thg 4,29 thg 4,22:05,1h 0m,"Phú Quốc (PQC)
Sân bay Phú Quốc",Hành lý xách tay 1 x 12 kg,Hành lý 23 kg,2025-04-20
Vietnam Airlines,PQC0287,2.004.993 VND/khách,15:05,29 thg 4,29 thg 4,16:10,1h 5m,"Phú Quốc (PQC)
Sân bay Phú Quốc",Hành lý xách tay 1 x 12 kg,Hành lý 23 kg,2025-04-20
Vietnam Airlines,PQC0200,2.012.985 VND/khách,05:40,29 thg 4,29 thg 4,06:40,1h 0m,"Phú Quốc (PQC)
Sân bay Phú Quốc",Hành lý xách tay 1 x 12 kg,Hành lý 23 kg,2025-04-20
VietJet Air,PQC0151,3.725.250 VND/khách,17:10,30 thg 4,30 thg 4,18:15,1h 5m,"Phú Quốc (PQC)
Sân bay Phú Quốc",Hành lý xách tay 7 kg,Hành lý 0 kg,2025-04-20
Vietnam Airlines,PQC0289,1.983.015 VND/khách,16:15,01 thg 5,01 thg 5,17:15,1h 0m,"Phú Quốc (PQC)
Sân bay Phú Quốc",Hành lý xách tay 1 x 12 kg,Hành lý 23 kg,2025-04-21
Vietravel Airlines,PQC0322,1.882.283 VND/khách,17:25,01 thg 5,01 thg 5,18:25,1h 0m,"Phú Quốc (PQC)
Sân bay Phú Quốc",Hành lý xách tay 7 kg,Hành lý 0 kg,2025-04-21
VietJet Air,PQC0131,1.918.000 VND/khách,17:10,01 thg 5,01 thg 5,18:15,1h 5m,"Phú Quốc (PQC)
Sân bay Phú Quốc",Hành lý xách tay 7 kg,Hành lý 0 kg,2025-04-21
VietJet Air,PQC0154,1.918.000 VND/khách,17:40,01 thg 5,01 thg 5,18:45,1h 5m,"Phú Quốc (PQC)
Sân bay Phú Quốc",Hành lý xách tay 7 kg,Hành lý 0 kg,2025-04-21
Bamboo Airways,PQC0001,1.934.703 VND/khách,16:30,01 thg 5,01 thg 5,17:30,1h 0m,"Phú Quốc (PQC)
Sân bay Phú Quốc",Hành lý xách tay 7 kg,Hành lý 20 kg,2025-04-21
Vietnam Airlines,PQC0291,2.004.993 VND/khách,17:25,01 thg 5,01 thg 5,18:25,1h 0m,"Phú Quốc (PQC)
Sân bay Phú Quốc",Hành lý xách tay 1 x 12 kg,Hành lý 23 kg,2025-04-21
Vietnam Airlines,PQC0292,1.983.015 VND/khách,17:25,02 thg 5,02 thg 5,18:25,1h 0m,"Phú Quốc (PQC)
Sân bay Phú Quốc",Hành lý xách tay 1 x 12 kg,Hành lý 23 kg,2025-04-21
Vietnam Airlines,PQC0167,1.592.406 VND/khách,05:25,02 thg 5,02 thg 5,06:20,55m,"Phú Quốc (PQC)
Sân bay Phú Quốc",Hành lý xách tay 1 x 12 kg,Hành lý 23 kg,2025-04-21
Bamboo Airways,PQC0002,1.608.343 VND/khách,16:30,02 thg 5,02 thg 5,17:30,1h 0m,"Phú Quốc (PQC)
Sân bay Phú Quốc",Hành lý xách tay 7 kg,Hành lý 0 kg,2025-04-21
Vietravel Airlines,PQC0323,1.630.913 VND/khách,17:25,02 thg 5,02 thg 5,18:25,1h 0m,"Phú Quốc (PQC)
Sân bay Phú Quốc",Hành lý xách tay 7 kg,Hành lý 0 kg,2025-04-21
VietJet Air,PQC0017,1.717.000 VND/khách,05:55,02 thg 5,02 thg 5,06:55,1h 0m,"Phú Quốc (PQC)
Sân bay Phú Quốc",Hành lý xách tay 7 kg,Hành lý 0 kg,2025-04-21
VietJet Air,PQC0132,1.717.000 VND/khách,17:10,02 thg 5,02 thg 5,18:15,1h 5m,"Phú Quốc (PQC)
Sân bay Phú Quốc",Hành lý xách tay 7 kg,Hành lý 0 kg,2025-04-21
VietJet Air,PQC0109,1.732.000 VND/khách,15:40,02 thg 5,02 thg 5,16:40,1h 0m,"Phú Quốc (PQC)
Sân bay Phú Quốc",Hành lý xách tay 7 kg,Hành lý 0 kg,2025-04-21
VietJet Air,PQC0088,1.832.000 VND/khách,14:05,02 thg 5,02 thg 5,15:05,1h 0m,"Phú Quốc (PQC)
Sân bay Phú Quốc",Hành lý xách tay 7 kg,Hành lý 0 kg,2025-04-21
Vietnam Airlines,PQC0292,1.983.015 VND/khách,17:25,02 thg 5,02 thg 5,18:25,1h 0m,"Phú Quốc (PQC)
Sân bay Phú Quốc",Hành lý xách tay 1 x 12 kg,Hành lý 23 kg,2025-04-21
Vietnam Airlines,PQC0301,1.983.015 VND/khách,19:20,02 thg 5,02 thg 5,20:20,1h 0m,"Phú Quốc (PQC)
Sân bay Phú Quốc",Hành lý xách tay 1 x 12 kg,Hành lý 23 kg,2025-04-21
Vietnam Airlines,PQC0305,1.994.004 VND/khách,20:20,02 thg 5,02 thg 5,21:20,1h 0m,"Phú Quốc (PQC)
Sân bay Phú Quốc",Hành lý xách tay 1 x 12 kg,Hành lý 23 kg,2025-04-21
Vietnam Airlines,PQC0203,1.998.000 VND/khách,08:10,02 thg 5,02 thg 5,08:55,45m,"Phú Quốc (PQC)
Sân bay Phú Quốc",Hành lý xách tay 1 x 12 kg,Hành lý 23 kg,2025-04-21
Vietnam Airlines,PQC0248,2.000.997 VND/khách,13:00,02 thg 5,02 thg 5,14:00,1h 0m,"Phú Quốc (PQC)
Sân bay Phú Quốc",Hành lý xách tay 1 x 12 kg,Hành lý 23 kg,2025-04-21
Vietnam Airlines,PQC0269,2.000.997 VND/khách,15:05,02 thg 5,02 thg 5,16:10,1h 5m,"Phú Quốc (PQC)
Sân bay Phú Quốc",Hành lý xách tay 1 x 12 kg,Hành lý 23 kg,2025-04-21
Vietnam Airlines,PQC0182,2.012.985 VND/khách,05:40,02 thg 5,02 thg 5,06:40,1h 0m,"Phú Quốc (PQC)
Sân bay Phú Quốc",Hành lý xách tay 1 x 12 kg,Hành lý 23 kg,2025-04-21
Vietnam Airlines,PQC0183,1.477.521 VND/khách,05:40,03 thg 5,03 thg 5,06:40,1h 0m,"Phú Quốc (PQC)
Sân bay Phú Quốc",Hành lý xách tay 1 x 12 kg,Hành lý 23 kg,2025-04-21
Bamboo Airways,PQC0003,1.167.757 VND/khách,16:30,03 thg 5,03 thg 5,17:30,1h 0m,"Phú Quốc (PQC)
Sân bay Phú Quốc",Hành lý xách tay 7 kg,Hành lý 0 kg,2025-04-21
Vietnam Airlines,PQC0168,1.258.740 VND/khách,05:25,03 thg 5,03 thg 5,06:20,55m,"Phú Quốc (PQC)
Sân bay Phú Quốc",Hành lý xách tay 1 x 12 kg,Hành lý 23 kg,2025-04-21
Vietravel Airlines,PQC0324,1.304.730 VND/khách,17:25,03 thg 5,03 thg 5,18:25,1h 0m,"Phú Quốc (PQC)
Sân bay Phú Quốc",Hành lý xách tay 7 kg,Hành lý 0 kg,2025-04-21
Vietnam Airlines,PQC0293,1.477.521 VND/khách,17:25,03 thg 5,03 thg 5,18:25,1h 0m,"Phú Quốc (PQC)
Sân bay Phú Quốc",Hành lý xách tay 1 x 12 kg,Hành lý 23 kg,2025-04-21
Vietnam Airlines,PQC0303,1.477.521 VND/khách,19:45,03 thg 5,03 thg 5,20:45,1h 0m,"Phú Quốc (PQC)
Sân bay Phú Quốc",Hành lý xách tay 1 x 12 kg,Hành lý 23 kg,2025-04-21
Vietnam Airlines,PQC0306,1.704.294 VND/khách,20:20,03 thg 5,03 thg 5,21:20,1h 0m,"Phú Quốc (PQC)
Sân bay Phú Quốc",Hành lý xách tay 1 x 12 kg,Hành lý 23 kg,2025-04-21
VietJet Air,PQC0089,1.717.000 VND/khách,14:05,03 thg 5,03 thg 5,15:05,1h 0m,"Phú Quốc (PQC)
Sân bay Phú Quốc",Hành lý xách tay 7 kg,Hành lý 0 kg,2025-04-21
VietJet Air,PQC0037,1.717.000 VND/khách,08:25,03 thg 5,03 thg 5,09:30,1h 5m,"Phú Quốc (PQC)
Sân bay Phú Quốc",Hành lý xách tay 7 kg,Hành lý 0 kg,2025-04-21
Vietnam Airlines,PQC0204,1.752.246 VND/khách,08:10,03 thg 5,03 thg 5,08:55,45m,"Phú Quốc (PQC)
Sân bay Phú Quốc",Hành lý xách tay 1 x 12 kg,Hành lý 23 kg,2025-04-21
VietJet Air,PQC0018,1.803.000 VND/khách,05:55,03 thg 5,03 thg 5,06:55,1h 0m,"Phú Quốc (PQC)
Sân bay Phú Quốc",Hành lý xách tay 7 kg,Hành lý 0 kg,2025-04-21
VietJet Air,PQC0133,1.803.000 VND/khách,17:10,03 thg 5,03 thg 5,18:15,1h 5m,"Phú Quốc (PQC)
Sân bay Phú Quốc",Hành lý xách tay 7 kg,Hành lý 0 kg,2025-04-21
VietJet Air,PQC0043,1.832.000 VND/khách,09:20,03 thg 5,03 thg 5,10:20,1h 0m,"Phú Quốc (PQC)
Sân bay Phú Quốc",Hành lý xách tay 7 kg,Hành lý 0 kg,2025-04-21
VietJet Air,PQC0067,1.832.000 VND/khách,11:35,03 thg 5,03 thg 5,12:35,1h 0m,"Phú Quốc (PQC)
Sân bay Phú Quốc",Hành lý xách tay 7 kg,Hành lý 0 kg,2025-04-21
VietJet Air,PQC0110,1.832.000 VND/khách,15:40,03 thg 5,03 thg 5,16:40,1h 0m,"Phú Quốc (PQC)
Sân bay Phú Quốc",Hành lý xách tay 7 kg,Hành lý 0 kg,2025-04-21
Vietnam Airlines,PQC0270,1.879.119 VND/khách,15:05,03 thg 5,03 thg 5,16:10,1h 5m,"Phú Quốc (PQC)
Sân bay Phú Quốc",Hành lý xách tay 1 x 12 kg,Hành lý 23 kg,2025-04-21
Vietnam Airlines,PQC0227,1.912.086 VND/khách,10:25,03 thg 5,03 thg 5,11:25,1h 0m,"Phú Quốc (PQC)
Sân bay Phú Quốc",Hành lý xách tay 1 x 12 kg,Hành lý 23 kg,2025-04-21
Vietnam Airlines,PQC0252,1.975.023 VND/khách,13:05,03 thg 5,03 thg 5,14:00,55m,"Phú Quốc (PQC)
Sân bay Phú Quốc",Hành lý xách tay 1 x 12 kg,Hành lý 23 kg,2025-04-21
Vietnam Airlines,PQC0307,1.235.763 VND/khách,20:20,04 thg 5,04 thg 5,21:20,1h 0m,"Phú Quốc (PQC)
Sân bay Phú Quốc",Hành lý xách tay 1 x 12 kg,Hành lý 23 kg,2025-04-21
Vietravel Airlines,PQC0325,823.935 VND/khách,17:25,04 thg 5,04 thg 5,18:25,1h 0m,"Phú Quốc (PQC)
Sân bay Phú Quốc",Hành lý xách tay 7 kg,Hành lý 0 kg,2025-04-21
Bamboo Airways,PQC0004,1.013.756 VND/khách,16:30,04 thg 5,04 thg 5,17:30,1h 0m,"Phú Quốc (PQC)
Sân bay Phú Quốc",Hành lý xách tay 7 kg,Hành lý 0 kg,2025-04-21
VietJet Air,PQC0019,1.048.000 VND/khách,05:55,04 thg 5,04 thg 5,06:55,1h 0m,"Phú Quốc (PQC)
Sân bay Phú Quốc",Hành lý xách tay 7 kg,Hành lý 0 kg,2025-04-21
VietJet Air,PQC0111,1.048.000 VND/khách,15:40,04 thg 5,04 thg 5,16:40,1h 0m,"Phú Quốc (PQC)
Sân bay Phú Quốc",Hành lý xách tay 7 kg,Hành lý 0 kg,2025-04-21
VietJet Air,PQC0134,1.048.000 VND/khách,17:10,04 thg 5,04 thg 5,18:15,1h 5m,"Phú Quốc (PQC)
Sân bay Phú Quốc",Hành lý xách tay 7 kg,Hành lý 0 kg,2025-04-21
Vietnam Airlines,PQC0169,1.090.908 VND/khách,05:25,04 thg 5,04 thg 5,06:20,55m,"Phú Quốc (PQC)
Sân bay Phú Quốc",Hành lý xách tay 1 x 12 kg,Hành lý 23 kg,2025-04-21
VietJet Air,PQC0090,1.156.000 VND/khách,14:05,04 thg 5,04 thg 5,15:05,1h 0m,"Phú Quốc (PQC)
Sân bay Phú Quốc",Hành lý xách tay 7 kg,Hành lý 0 kg,2025-04-21
Vietnam Airlines,PQC0307,1.235.763 VND/khách,20:20,04 thg 5,04 thg 5,21:20,1h 0m,"Phú Quốc (PQC)
Sân bay Phú Quốc",Hành lý xách tay 1 x 12 kg,Hành lý 23 kg,2025-04-21
Vietnam Airlines,PQC0184,1.239.759 VND/khách,05:40,04 thg 5,04 thg 5,06:40,1h 0m,"Phú Quốc (PQC)
Sân bay Phú Quốc",Hành lý xách tay 1 x 12 kg,Hành lý 23 kg,2025-04-21
Vietnam Airlines,PQC0294,1.243.755 VND/khách,17:25,04 thg 5,04 thg 5,18:25,1h 0m,"Phú Quốc (PQC)
Sân bay Phú Quốc",Hành lý xách tay 1 x 12 kg,Hành lý 23 kg,2025-04-21
Vietnam Airlines,PQC0317,1.243.755 VND/khách,20:25,04 thg 5,04 thg 5,21:25,1h 0m,"Phú Quốc (PQC)
Sân bay Phú Quốc",Hành lý xách tay 1 x 12 kg,Hành lý 23 kg,2025-04-21
Vietnam Airlines,PQC0162,1.247.751 VND/khách,05:10,04 thg 5,04 thg 5,06:10,1h 0m,"Phú Quốc (PQC)
Sân bay Phú Quốc",Hành lý xách tay 1 x 12 kg,Hành lý 23 kg,2025-04-21
VietJet Air,PQC0044,1.297.000 VND/khách,09:20,04 thg 5,04 thg 5,10:20,1h 0m,"Phú Quốc (PQC)
Sân bay Phú Quốc",Hành lý xách tay 7 kg,Hành lý 0 kg,2025-04-21
VietJet Air,PQC0068,1.297.000 VND/khách,11:35,04 thg 5,04 thg 5,12:35,1h 0m,"Phú Quốc (PQC)
Sân bay Phú Quốc",Hành lý xách tay 7 kg,Hành lý 0 kg,2025-04-21
Vietnam Airlines,PQC0271,1.373.625 VND/khách,15:05,04 thg 5,04 thg 5,16:10,1h 5m,"Phú Quốc (PQC)
Sân bay Phú Quốc",Hành lý xách tay 1 x 12 kg,Hành lý 23 kg,2025-04-21
Vietnam Airlines,PQC0205,1.473.525 VND/khách,08:10,04 thg 5,04 thg 5,08:55,45m,"Phú Quốc (PQC)
Sân bay Phú Quốc",Hành lý xách tay 1 x 12 kg,Hành lý 23 kg,2025-04-21
Vietnam Airlines,PQC0253,1.596.402 VND/khách,13:05,04 thg 5,04 thg 5,14:00,55m,"Phú Quốc (PQC)
Sân bay Phú Quốc",Hành lý xách tay 1 x 12 kg,Hành lý 23 kg,2025-04-21
Vietnam Airlines,PQC0228,1.596.402 VND/khách,10:25,04 thg 5,04 thg 5,11:25,1h 0m,"Phú Quốc (PQC)
Sân bay Phú Quốc",Hành lý xách tay 1 x 12 kg,Hành lý 23 kg,2025-04-21
Vietnam Airlines,PQC0318,1.364.634 VND/khách,20:25,05 thg 5,05 thg 5,21:25,1h 0m,"Phú Quốc (PQC)
Sân bay Phú Quốc",Hành lý xách tay 1 x 12 kg,Hành lý 23 kg,2025-04-21
Vietravel Airlines,PQC0326,750.120 VND/khách,17:25,05 thg 5,05 thg 5,18:25,1h 0m,"Phú Quốc (PQC)
Sân bay Phú Quốc",Hành lý xách tay 7 kg,Hành lý 0 kg,2025-04-21
VietJet Air,PQC0135,827.000 VND/khách,17:10,05 thg 5,05 thg 5,18:15,1h 5m,"Phú Quốc (PQC)
Sân bay Phú Quốc",Hành lý xách tay 7 kg,Hành lý 0 kg,2025-04-21
Bamboo Airways,PQC0005,869.953 VND/khách,16:30,05 thg 5,05 thg 5,17:30,1h 0m,"Phú Quốc (PQC)
Sân bay Phú Quốc",Hành lý xách tay 7 kg,Hành lý 0 kg,2025-04-21
Vietnam Airlines,PQC0170,883.413 VND/khách,05:25,05 thg 5,05 thg 5,06:20,55m,"Phú Quốc (PQC)
Sân bay Phú Quốc",Hành lý xách tay 1 x 12 kg,Hành lý 0 kg,2025-04-21
VietJet Air,PQC0020,1.050.000 VND/khách,05:55,05 thg 5,05 thg 5,06:55,1h 0m,"Phú Quốc (PQC)
Sân bay Phú Quốc",Hành lý xách tay 7 kg,Hành lý 0 kg,2025-04-21
VietJet Air,PQC0112,1.050.000 VND/khách,15:40,05 thg 5,05 thg 5,16:40,1h 0m,"Phú Quốc (PQC)
Sân bay Phú Quốc",Hành lý xách tay 7 kg,Hành lý 0 kg,2025-04-21
VietJet Air,PQC0091,1.158.000 VND/khách,14:05,05 thg 5,05 thg 5,15:05,1h 0m,"Phú Quốc (PQC)
Sân bay Phú Quốc",Hành lý xách tay 7 kg,Hành lý 0 kg,2025-04-21
VietJet Air,PQC0045,1.299.000 VND/khách,09:20,05 thg 5,05 thg 5,10:20,1h 0m,"Phú Quốc (PQC)
Sân bay Phú Quốc",Hành lý xách tay 7 kg,Hành lý 0 kg,2025-04-21
VietJet Air,PQC0069,1.299.000 VND/khách,11:35,05 thg 5,05 thg 5,12:35,1h 0m,"Phú Quốc (PQC)
Sân bay Phú Quốc",Hành lý xách tay 7 kg,Hành lý 0 kg,2025-04-21
Vietnam Airlines,PQC0318,1.364.634 VND/khách,20:25,05 thg 5,05 thg 5,21:25,1h 0m,"Phú Quốc (PQC)
Sân bay Phú Quốc",Hành lý xách tay 1 x 12 kg,Hành lý 23 kg,2025-04-21
Vietnam Airlines,PQC0308,1.378.620 VND/khách,20:20,05 thg 5,05 thg 5,21:20,1h 0m,"Phú Quốc (PQC)
Sân bay Phú Quốc",Hành lý xách tay 1 x 12 kg,Hành lý 23 kg,2025-04-21
Vietnam Airlines,PQC0295,1.379.619 VND/khách,17:25,05 thg 5,05 thg 5,18:25,1h 0m,"Phú Quốc (PQC)
Sân bay Phú Quốc",Hành lý xách tay 1 x 12 kg,Hành lý 23 kg,2025-04-21
Vietnam Airlines,PQC0185,1.386.612 VND/khách,05:40,05 thg 5,05 thg 5,06:40,1h 0m,"Phú Quốc (PQC)
Sân bay Phú Quốc",Hành lý xách tay 1 x 12 kg,Hành lý 23 kg,2025-04-21
Vietnam Airlines,PQC0272,1.479.519 VND/khách,15:05,05 thg 5,05 thg 5,16:10,1h 5m,"Phú Quốc (PQC)
Sân bay Phú Quốc",Hành lý xách tay 1 x 12 kg,Hành lý 23 kg,2025-04-21
Vietnam Airlines,PQC0254,1.602.396 VND/khách,13:05,05 thg 5,05 thg 5,14:00,55m,"Phú Quốc (PQC)
Sân bay Phú Quốc",Hành lý xách tay 1 x 12 kg,Hành lý 23 kg,2025-04-21
Vietnam Airlines,PQC0206,1.672.326 VND/khách,08:10,05 thg 5,05 thg 5,08:55,45m,"Phú Quốc (PQC)
Sân bay Phú Quốc",Hành lý xách tay 1 x 12 kg,Hành lý 23 kg,2025-04-21
Vietnam Airlines,PQC0229,1.770.228 VND/khách,10:25,05 thg 5,05 thg 5,11:25,1h 0m,"Phú Quốc (PQC)
Sân bay Phú Quốc",Hành lý xách tay 1 x 12 kg,Hành lý 23 kg,2025-04-21
Vietnam Airlines,PQC0186,1.367.631 VND/khách,05:40,06 thg 5,06 thg 5,06:40,1h 0m,"Phú Quốc (PQC)
Sân bay Phú Quốc",Hành lý xách tay 1 x 12 kg,Hành lý 23 kg,2025-04-21
Vietravel Airlines,PQC0327,750.120 VND/khách,17:25,06 thg 5,06 thg 5,18:25,1h 0m,"Phú Quốc (PQC)
Sân bay Phú Quốc",Hành lý xách tay 7 kg,Hành lý 0 kg,2025-04-21
VietJet Air,PQC0136,827.000 VND/khách,17:10,06 thg 5,06 thg 5,18:15,1h 5m,"Phú Quốc (PQC)
Sân bay Phú Quốc",Hành lý xách tay 7 kg,Hành lý 0 kg,2025-04-21
VietJet Air,PQC0021,1.050.000 VND/khách,05:55,06 thg 5,06 thg 5,06:55,1h 0m,"Phú Quốc (PQC)
Sân bay Phú Quốc",Hành lý xách tay 7 kg,Hành lý 0 kg,2025-04-21
VietJet Air,PQC0113,1.050.000 VND/khách,15:40,06 thg 5,06 thg 5,16:40,1h 0m,"Phú Quốc (PQC)
Sân bay Phú Quốc",Hành lý xách tay 7 kg,Hành lý 0 kg,2025-04-21
VietJet Air,PQC0070,1.158.000 VND/khách,11:35,06 thg 5,06 thg 5,12:35,1h 0m,"Phú Quốc (PQC)
Sân bay Phú Quốc",Hành lý xách tay 7 kg,Hành lý 0 kg,2025-04-21
VietJet Air,PQC0092,1.158.000 VND/khách,14:05,06 thg 5,06 thg 5,15:05,1h 0m,"Phú Quốc (PQC)
Sân bay Phú Quốc",Hành lý xách tay 7 kg,Hành lý 0 kg,2025-04-21
VietJet Air,PQC0046,1.299.000 VND/khách,09:20,06 thg 5,06 thg 5,10:20,1h 0m,"Phú Quốc (PQC)
Sân bay Phú Quốc",Hành lý xách tay 7 kg,Hành lý 0 kg,2025-04-21
Vietnam Airlines,PQC0186,1.367.631 VND/khách,05:40,06 thg 5,06 thg 5,06:40,1h 0m,"Phú Quốc (PQC)
Sân bay Phú Quốc",Hành lý xách tay 1 x 12 kg,Hành lý 23 kg,2025-04-21
Vietnam Airlines,PQC0207,1.598.400 VND/khách,08:10,06 thg 5,06 thg 5,08:55,45m,"Phú Quốc (PQC)
Sân bay Phú Quốc",Hành lý xách tay 1 x 12 kg,Hành lý 23 kg,2025-04-21
Vietnam Airlines,PQC0255,1.598.400 VND/khách,13:05,06 thg 5,06 thg 5,14:00,55m,"Phú Quốc (PQC)
Sân bay Phú Quốc",Hành lý xách tay 1 x 12 kg,Hành lý 23 kg,2025-04-21
Vietnam Airlines,PQC0273,1.598.400 VND/khách,15:05,06 thg 5,06 thg 5,16:10,1h 5m,"Phú Quốc (PQC)
Sân bay Phú Quốc",Hành lý xách tay 1 x 12 kg,Hành lý 23 kg,2025-04-21
Vietnam Airlines,PQC0230,1.777.221 VND/khách,10:25,06 thg 5,06 thg 5,11:25,1h 0m,"Phú Quốc (PQC)
Sân bay Phú Quốc",Hành lý xách tay 1 x 12 kg,Hành lý 23 kg,2025-04-21
Vietnam Airlines,PQC0187,1.386.612 VND/khách,05:40,07 thg 5,07 thg 5,06:40,1h 0m,"Phú Quốc (PQC)
Sân bay Phú Quốc",Hành lý xách tay 1 x 12 kg,Hành lý 23 kg,2025-04-21
Vietravel Airlines,PQC0328,750.120 VND/khách,17:25,07 thg 5,07 thg 5,18:25,1h 0m,"Phú Quốc (PQC)
Sân bay Phú Quốc",Hành lý xách tay 7 kg,Hành lý 0 kg,2025-04-21
VietJet Air,PQC0022,827.000 VND/khách,05:55,07 thg 5,07 thg 5,06:55,1h 0m,"Phú Quốc (PQC)
Sân bay Phú Quốc",Hành lý xách tay 7 kg,Hành lý 0 kg,2025-04-21
VietJet Air,PQC0137,827.000 VND/khách,17:10,07 thg 5,07 thg 5,18:15,1h 5m,"Phú Quốc (PQC)
Sân bay Phú Quốc",Hành lý xách tay 7 kg,Hành lý 0 kg,2025-04-21
Bamboo Airways,PQC0006,1.018.850 VND/khách,16:30,07 thg 5,07 thg 5,17:30,1h 0m,"Phú Quốc (PQC)
Sân bay Phú Quốc",Hành lý xách tay 7 kg,Hành lý 0 kg,2025-04-21
VietJet Air,PQC0114,1.050.000 VND/khách,15:40,07 thg 5,07 thg 5,16:40,1h 0m,"Phú Quốc (PQC)
Sân bay Phú Quốc",Hành lý xách tay 7 kg,Hành lý 0 kg,2025-04-21
VietJet Air,PQC0047,1.158.000 VND/khách,09:20,07 thg 5,07 thg 5,10:20,1h 0m,"Phú Quốc (PQC)
Sân bay Phú Quốc",Hành lý xách tay 7 kg,Hành lý 0 kg,2025-04-21
VietJet Air,PQC0071,1.158.000 VND/khách,11:35,07 thg 5,07 thg 5,12:35,1h 0m,"Phú Quốc (PQC)
Sân bay Phú Quốc",Hành lý xách tay 7 kg,Hành lý 0 kg,2025-04-21
VietJet Air,PQC0093,1.158.000 VND/khách,14:05,07 thg 5,07 thg 5,15:05,1h 0m,"Phú Quốc (PQC)
Sân bay Phú Quốc",Hành lý xách tay 7 kg,Hành lý 0 kg,2025-04-21
Vietnam Airlines,PQC0187,1.386.612 VND/khách,05:40,07 thg 5,07 thg 5,06:40,1h 0m,"Phú Quốc (PQC)
Sân bay Phú Quốc",Hành lý xách tay 1 x 12 kg,Hành lý 23 kg,2025-04-21
Vietnam Airlines,PQC0274,1.579.419 VND/khách,15:05,07 thg 5,07 thg 5,16:10,1h 5m,"Phú Quốc (PQC)
Sân bay Phú Quốc",Hành lý xách tay 1 x 12 kg,Hành lý 23 kg,2025-04-21
Vietnam Airlines,PQC0208,1.672.326 VND/khách,08:10,07 thg 5,07 thg 5,08:55,45m,"Phú Quốc (PQC)
Sân bay Phú Quốc",Hành lý xách tay 1 x 12 kg,Hành lý 23 kg,2025-04-21
Vietnam Airlines,PQC0231,1.766.232 VND/khách,10:25,07 thg 5,07 thg 5,11:25,1h 0m,"Phú Quốc (PQC)
Sân bay Phú Quốc",Hành lý xách tay 1 x 12 kg,Hành lý 23 kg,2025-04-21
Vietnam Airlines,PQC0256,1.888.110 VND/khách,13:05,07 thg 5,07 thg 5,14:00,55m,"Phú Quốc (PQC)
Sân bay Phú Quốc",Hành lý xách tay 1 x 12 kg,Hành lý 23 kg,2025-04-21
Vietnam Airlines,PQC0188,1.479.519 VND/khách,05:40,08 thg 5,08 thg 5,06:40,1h 0m,"Phú Quốc (PQC)
Sân bay Phú Quốc",Hành lý xách tay 1 x 12 kg,Hành lý 23 kg,2025-04-21
VietJet Air,PQC0023,1.050.000 VND/khách,05:55,08 thg 5,08 thg 5,06:55,1h 0m,"Phú Quốc (PQC)
Sân bay Phú Quốc",Hành lý xách tay 7 kg,Hành lý 0 kg,2025-04-21
Vietravel Airlines,PQC0329,1.057.350 VND/khách,17:25,08 thg 5,08 thg 5,18:25,1h 0m,"Phú Quốc (PQC)
Sân bay Phú Quốc",Hành lý xách tay 7 kg,Hành lý 0 kg,2025-04-21
VietJet Air,PQC0072,1.299.000 VND/khách,11:35,08 thg 5,08 thg 5,12:35,1h 0m,"Phú Quốc (PQC)
Sân bay Phú Quốc",Hành lý xách tay 7 kg,Hành lý 0 kg,2025-04-21
VietJet Air,PQC0094,1.299.000 VND/khách,14:05,08 thg 5,08 thg 5,15:05,1h 0m,"Phú Quốc (PQC)
Sân bay Phú Quốc",Hành lý xách tay 7 kg,Hành lý 0 kg,2025-04-21
VietJet Air,PQC0115,1.299.000 VND/khách,15:40,08 thg 5,08 thg 5,16:40,1h 0m,"Phú Quốc (PQC)
Sân bay Phú Quốc",Hành lý xách tay 7 kg,Hành lý 0 kg,2025-04-21
VietJet Air,PQC0038,1.299.000 VND/khách,08:25,08 thg 5,08 thg 5,09:30,1h 5m,"Phú Quốc (PQC)
Sân bay Phú Quốc",Hành lý xách tay 7 kg,Hành lý 0 kg,2025-04-21
VietJet Air,PQC0138,1.299.000 VND/khách,17:10,08 thg 5,08 thg 5,18:15,1h 5m,"Phú Quốc (PQC)
Sân bay Phú Quốc",Hành lý xách tay 7 kg,Hành lý 0 kg,2025-04-21
VietJet Air,PQC0155,1.299.000 VND/khách,17:40,08 thg 5,08 thg 5,18:45,1h 5m,"Phú Quốc (PQC)
Sân bay Phú Quốc",Hành lý xách tay 7 kg,Hành lý 0 kg,2025-04-21
VietJet Air,PQC0048,1.436.000 VND/khách,09:20,08 thg 5,08 thg 5,10:20,1h 0m,"Phú Quốc (PQC)
Sân bay Phú Quốc",Hành lý xách tay 7 kg,Hành lý 0 kg,2025-04-21
Vietnam Airlines,PQC0188,1.479.519 VND/khách,05:40,08 thg 5,08 thg 5,06:40,1h 0m,"Phú Quốc (PQC)
Sân bay Phú Quốc",Hành lý xách tay 1 x 12 kg,Hành lý 23 kg,2025-04-21
Vietnam Airlines,PQC0275,1.698.300 VND/khách,15:05,08 thg 5,08 thg 5,16:10,1h 5m,"Phú Quốc (PQC)
Sân bay Phú Quốc",Hành lý xách tay 1 x 12 kg,Hành lý 23 kg,2025-04-21
Vietnam Airlines,PQC0257,1.777.221 VND/khách,13:05,08 thg 5,08 thg 5,14:00,55m,"Phú Quốc (PQC)
Sân bay Phú Quốc",Hành lý xách tay 1 x 12 kg,Hành lý 23 kg,2025-04-21
Vietnam Airlines,PQC0232,1.777.221 VND/khách,10:25,08 thg 5,08 thg 5,11:25,1h 0m,"Phú Quốc (PQC)
Sân bay Phú Quốc",Hành lý xách tay 1 x 12 kg,Hành lý 23 kg,2025-04-21
Vietnam Airlines,PQC0209,1.870.128 VND/khách,08:10,08 thg 5,08 thg 5,08:55,45m,"Phú Quốc (PQC)
Sân bay Phú Quốc",Hành lý xách tay 1 x 12 kg,Hành lý 23 kg,2025-04-21
Vietnam Airlines,PQC0189,1.598.400 VND/khách,05:40,09 thg 5,09 thg 5,06:40,1h 0m,"Phú Quốc (PQC)
Sân bay Phú Quốc",Hành lý xách tay 1 x 12 kg,Hành lý 23 kg,2025-04-21
VietJet Air,PQC0116,1.299.000 VND/khách,15:40,09 thg 5,09 thg 5,16:40,1h 0m,"Phú Quốc (PQC)
Sân bay Phú Quốc",Hành lý xách tay 7 kg,Hành lý 0 kg,2025-04-21
VietJet Air,PQC0139,1.299.000 VND/khách,17:10,09 thg 5,09 thg 5,18:15,1h 5m,"Phú Quốc (PQC)
Sân bay Phú Quốc",Hành lý xách tay 7 kg,Hành lý 0 kg,2025-04-21
Bamboo Airways,PQC0007,1.420.686 VND/khách,16:30,09 thg 5,09 thg 5,17:30,1h 0m,"Phú Quốc (PQC)
Sân bay Phú Quốc",Hành lý xách tay 7 kg,Hành lý 0 kg,2025-04-21
VietJet Air,PQC0024,1.447.000 VND/khách,05:55,09 thg 5,09 thg 5,06:55,1h 0m,"Phú Quốc (PQC)
Sân bay Phú Quốc",Hành lý xách tay 7 kg,Hành lý 0 kg,2025-04-21
VietJet Air,PQC0049,1.600.000 VND/khách,09:20,09 thg 5,09 thg 5,10:20,1h 0m,"Phú Quốc (PQC)
Sân bay Phú Quốc",Hành lý xách tay 7 kg,Hành lý 0 kg,2025-04-21
VietJet Air,PQC0095,1.600.000 VND/khách,14:05,09 thg 5,09 thg 5,15:05,1h 0m,"Phú Quốc (PQC)
Sân bay Phú Quốc",Hành lý xách tay 7 kg,Hành lý 0 kg,2025-04-21
Vietnam Airlines,PQC0309,1.687.311 VND/khách,20:20,09 thg 5,09 thg 5,21:20,1h 0m,"Phú Quốc (PQC)
Sân bay Phú Quốc",Hành lý xách tay 1 x 12 kg,Hành lý 23 kg,2025-04-21
VietJet Air,PQC0073,1.719.000 VND/khách,11:35,09 thg 5,09 thg 5,12:35,1h 0m,"Phú Quốc (PQC)
Sân bay Phú Quốc",Hành lý xách tay 7 kg,Hành lý 0 kg,2025-04-21
Vietnam Airlines,PQC0276,1.770.228 VND/khách,15:05,09 thg 5,09 thg 5,16:10,1h 5m,"Phú Quốc (PQC)
Sân bay Phú Quốc",Hành lý xách tay 1 x 12 kg,Hành lý 23 kg,2025-04-21
Vietnam Airlines,PQC0249,1.870.128 VND/khách,13:00,09 thg 5,09 thg 5,14:00,1h 0m,"Phú Quốc (PQC)
Sân bay Phú Quốc",Hành lý xách tay 1 x 12 kg,Hành lý 23 kg,2025-04-21
Vietravel Airlines,PQC0330,1.874.303 VND/khách,17:25,09 thg 5,09 thg 5,18:25,1h 0m,"Phú Quốc (PQC)
Sân bay Phú Quốc",Hành lý xách tay 7 kg,Hành lý 0 kg,2025-04-21
Vietnam Airlines,PQC0233,1.974.024 VND/khách,10:25,09 thg 5,09 thg 5,11:25,1h 0m,"Phú Quốc (PQC)
Sân bay Phú Quốc",Hành lý xách tay 1 x 12 kg,Hành lý 23 kg,2025-04-21
Vietnam Airlines,PQC0210,1.996.002 VND/khách,08:10,09 thg 5,09 thg 5,08:55,45m,"Phú Quốc (PQC)
Sân bay Phú Quốc",Hành lý xách tay 1 x 12 kg,Hành lý 23 kg,2025-04-21
Vietnam Airlines,PQC0277,1.702.296 VND/khách,15:05,10 thg 5,10 thg 5,16:10,1h 5m,"Phú Quốc (PQC)
Sân bay Phú Quốc",Hành lý xách tay 1 x 12 kg,Hành lý 23 kg,2025-04-21
Vietravel Airlines,PQC0331,883.785 VND/khách,17:25,10 thg 5,10 thg 5,18:25,1h 0m,"Phú Quốc (PQC)
Sân bay Phú Quốc",Hành lý xách tay 7 kg,Hành lý 0 kg,2025-04-21
VietJet Air,PQC0140,1.050.000 VND/khách,17:10,10 thg 5,10 thg 5,18:15,1h 5m,"Phú Quốc (PQC)
Sân bay Phú Quốc",Hành lý xách tay 7 kg,Hành lý 0 kg,2025-04-21
VietJet Air,PQC0117,1.158.000 VND/khách,15:40,10 thg 5,10 thg 5,16:40,1h 0m,"Phú Quốc (PQC)
Sân bay Phú Quốc",Hành lý xách tay 7 kg,Hành lý 0 kg,2025-04-21
VietJet Air,PQC0074,1.299.000 VND/khách,11:35,10 thg 5,10 thg 5,12:35,1h 0m,"Phú Quốc (PQC)
Sân bay Phú Quốc",Hành lý xách tay 7 kg,Hành lý 0 kg,2025-04-21
VietJet Air,PQC0096,1.299.000 VND/khách,14:05,10 thg 5,10 thg 5,15:05,1h 0m,"Phú Quốc (PQC)
Sân bay Phú Quốc",Hành lý xách tay 7 kg,Hành lý 0 kg,2025-04-21
VietJet Air,PQC0025,1.436.000 VND/khách,05:55,10 thg 5,10 thg 5,06:55,1h 0m,"Phú Quốc (PQC)
Sân bay Phú Quốc",Hành lý xách tay 7 kg,Hành lý 0 kg,2025-04-21
VietJet Air,PQC0050,1.436.000 VND/khách,09:20,10 thg 5,10 thg 5,10:20,1h 0m,"Phú Quốc (PQC)
Sân bay Phú Quốc",Hành lý xách tay 7 kg,Hành lý 0 kg,2025-04-21
Vietnam Airlines,PQC0277,1.702.296 VND/khách,15:05,10 thg 5,10 thg 5,16:10,1h 5m,"Phú Quốc (PQC)
Sân bay Phú Quốc",Hành lý xách tay 1 x 12 kg,Hành lý 23 kg,2025-04-21
Vietnam Airlines,PQC0258,1.781.217 VND/khách,13:05,10 thg 5,10 thg 5,14:00,55m,"Phú Quốc (PQC)
Sân bay Phú Quốc",Hành lý xách tay 1 x 12 kg,Hành lý 23 kg,2025-04-21
Vietnam Airlines,PQC0234,1.877.121 VND/khách,10:25,10 thg 5,10 thg 5,11:25,1h 0m,"Phú Quốc (PQC)
Sân bay Phú Quốc",Hành lý xách tay 1 x 12 kg,Hành lý 23 kg,2025-04-21
Vietnam Airlines,PQC0211,1.914.084 VND/khách,08:10,10 thg 5,10 thg 5,08:55,45m,"Phú Quốc (PQC)
Sân bay Phú Quốc",Hành lý xách tay 1 x 12 kg,Hành lý 23 kg,2025-04-21
Vietnam Airlines,PQC0190,1.974.024 VND/khách,05:40,10 thg 5,10 thg 5,06:40,1h 0m,"Phú Quốc (PQC)
Sân bay Phú Quốc",Hành lý xách tay 1 x 12 kg,Hành lý 23 kg,2025-04-21
Vietnam Airlines,PQC0191,1.238.760 VND/khách,05:40,11 thg 5,11 thg 5,06:40,1h 0m,"Phú Quốc (PQC)
Sân bay Phú Quốc",Hành lý xách tay 1 x 12 kg,Hành lý 23 kg,2025-04-21
Vietravel Airlines,PQC0332,816.953 VND/khách,17:25,11 thg 5,11 thg 5,18:25,1h 0m,"Phú Quốc (PQC)
Sân bay Phú Quốc",Hành lý xách tay 7 kg,Hành lý 0 kg,2025-04-21
VietJet Air,PQC0118,827.000 VND/khách,15:40,11 thg 5,11 thg 5,16:40,1h 0m,"Phú Quốc (PQC)
Sân bay Phú Quốc",Hành lý xách tay 7 kg,Hành lý 0 kg,2025-04-21
VietJet Air,PQC0141,827.000 VND/khách,17:10,11 thg 5,11 thg 5,18:15,1h 5m,"Phú Quốc (PQC)
Sân bay Phú Quốc",Hành lý xách tay 7 kg,Hành lý 0 kg,2025-04-21
Bamboo Airways,PQC0008,1.018.850 VND/khách,16:30,11 thg 5,11 thg 5,17:30,1h 0m,"Phú Quốc (PQC)
Sân bay Phú Quốc",Hành lý xách tay 7 kg,Hành lý 0 kg,2025-04-21
VietJet Air,PQC0026,1.050.000 VND/khách,05:55,11 thg 5,11 thg 5,06:55,1h 0m,"Phú Quốc (PQC)
Sân bay Phú Quốc",Hành lý xách tay 7 kg,Hành lý 0 kg,2025-04-21
VietJet Air,PQC0075,1.158.000 VND/khách,11:35,11 thg 5,11 thg 5,12:35,1h 0m,"Phú Quốc (PQC)
Sân bay Phú Quốc",Hành lý xách tay 7 kg,Hành lý 0 kg,2025-04-21
VietJet Air,PQC0097,1.158.000 VND/khách,14:05,11 thg 5,11 thg 5,15:05,1h 0m,"Phú Quốc (PQC)
Sân bay Phú Quốc",Hành lý xách tay 7 kg,Hành lý 0 kg,2025-04-21
VietJet Air,PQC0051,1.187.000 VND/khách,09:20,11 thg 5,11 thg 5,10:20,1h 0m,"Phú Quốc (PQC)
Sân bay Phú Quốc",Hành lý xách tay 7 kg,Hành lý 0 kg,2025-04-21
Vietnam Airlines,PQC0191,1.238.760 VND/khách,05:40,11 thg 5,11 thg 5,06:40,1h 0m,"Phú Quốc (PQC)
Sân bay Phú Quốc",Hành lý xách tay 1 x 12 kg,Hành lý 23 kg,2025-04-21
Vietnam Airlines,PQC0310,1.274.724 VND/khách,20:20,11 thg 5,11 thg 5,21:20,1h 0m,"Phú Quốc (PQC)
Sân bay Phú Quốc",Hành lý xách tay 1 x 12 kg,Hành lý 23 kg,2025-04-21
Vietnam Airlines,PQC0259,1.386.612 VND/khách,13:05,11 thg 5,11 thg 5,14:00,55m,"Phú Quốc (PQC)
Sân bay Phú Quốc",Hành lý xách tay 1 x 12 kg,Hành lý 23 kg,2025-04-21
Vietnam Airlines,PQC0278,1.386.612 VND/khách,15:05,11 thg 5,11 thg 5,16:10,1h 5m,"Phú Quốc (PQC)
Sân bay Phú Quốc",Hành lý xách tay 1 x 12 kg,Hành lý 23 kg,2025-04-21
Vietnam Airlines,PQC0235,1.501.497 VND/khách,10:25,11 thg 5,11 thg 5,11:25,1h 0m,"Phú Quốc (PQC)
Sân bay Phú Quốc",Hành lý xách tay 1 x 12 kg,Hành lý 23 kg,2025-04-21
Vietnam Airlines,PQC0212,1.679.319 VND/khách,08:10,11 thg 5,11 thg 5,08:55,45m,"Phú Quốc (PQC)
Sân bay Phú Quốc",Hành lý xách tay 1 x 12 kg,Hành lý 23 kg,2025-04-21
Vietravel Airlines,PQC0333,1.130.168 VND/khách,17:25,21 thg 4,21 thg 4,18:25,1h 0m,"Phú Quốc (PQC)
Sân bay Phú Quốc",Hành lý xách tay 7 kg,Hành lý 0 kg,2025-04-21
VietJet Air,PQC0156,1.272.924 VND/khách,17:40,21 thg 4,21 thg 4,18:35,55m,"Phú Quốc (PQC)
Sân bay Phú Quốc",Hành lý xách tay 7 kg,Hành lý 0 kg,2025-04-21
VietJet Air,PQC0152,1.308.000 VND/khách,17:15,21 thg 4,21 thg 4,18:15,1h 0m,"Phú Quốc (PQC)
Sân bay Phú Quốc",Hành lý xách tay 7 kg,Hành lý 0 kg,2025-04-21
Bamboo Airways,PQC0009,1.332.977 VND/khách,16:30,21 thg 4,21 thg 4,17:30,1h 0m,"Phú Quốc (PQC)
Sân bay Phú Quốc",Hành lý xách tay 7 kg,Hành lý 0 kg,2025-04-21
VietJet Air,PQC0098,1.447.070 VND/khách,14:05,21 thg 4,21 thg 4,15:05,1h 0m,"Phú Quốc (PQC)
Sân bay Phú Quốc",Hành lý xách tay 7 kg,Hành lý 0 kg,2025-04-21
Vietnam Airlines,PQC0193,1.451.547 VND/khách,05:40,22 thg 4,22 thg 4,06:40,1h 0m,"Phú Quốc (PQC)
Sân bay Phú Quốc",Hành lý xách tay 1 x 12 kg,Hành lý 23 kg,2025-04-21
Vietravel Airlines,PQC0334,1.060.343 VND/khách,17:25,22 thg 4,22 thg 4,18:25,1h 0m,"Phú Quốc (PQC)
Sân bay Phú Quốc",Hành lý xách tay 7 kg,Hành lý 0 kg,2025-04-21
VietJet Air,PQC0028,1.159.000 VND/khách,05:55,22 thg 4,22 thg 4,06:55,1h 0m,"Phú Quốc (PQC)
Sân bay Phú Quốc",Hành lý xách tay 7 kg,Hành lý 0 kg,2025-04-21
VietJet Air,PQC0120,1.159.000 VND/khách,15:40,22 thg 4,22 thg 4,16:40,1h 0m,"Phú Quốc (PQC)
Sân bay Phú Quốc",Hành lý xách tay 7 kg,Hành lý 0 kg,2025-04-21
VietJet Air,PQC0143,1.159.000 VND/khách,17:10,22 thg 4,22 thg 4,18:15,1h 5m,"Phú Quốc (PQC)
Sân bay Phú Quốc",Hành lý xách tay 7 kg,Hành lý 0 kg,2025-04-21
VietJet Air,PQC0053,1.304.000 VND/khách,09:20,22 thg 4,22 thg 4,10:20,1h 0m,"Phú Quốc (PQC)
Sân bay Phú Quốc",Hành lý xách tay 7 kg,Hành lý 0 kg,2025-04-21
VietJet Air,PQC0077,1.304.000 VND/khách,11:35,22 thg 4,22 thg 4,12:35,1h 0m,"Phú Quốc (PQC)
Sân bay Phú Quốc",Hành lý xách tay 7 kg,Hành lý 0 kg,2025-04-21
VietJet Air,PQC0099,1.304.000 VND/khách,14:05,22 thg 4,22 thg 4,15:05,1h 0m,"Phú Quốc (PQC)
Sân bay Phú Quốc",Hành lý xách tay 7 kg,Hành lý 0 kg,2025-04-21
Vietnam Airlines,PQC0193,1.451.547 VND/khách,05:40,22 thg 4,22 thg 4,06:40,1h 0m,"Phú Quốc (PQC)
Sân bay Phú Quốc",Hành lý xách tay 1 x 12 kg,Hành lý 23 kg,2025-04-21
Vietnam Airlines,PQC0214,1.689.309 VND/khách,08:10,22 thg 4,22 thg 4,08:55,45m,"Phú Quốc (PQC)
Sân bay Phú Quốc",Hành lý xách tay 1 x 12 kg,Hành lý 23 kg,2025-04-21
Vietnam Airlines,PQC0280,1.856.142 VND/khách,15:05,22 thg 4,22 thg 4,16:10,1h 5m,"Phú Quốc (PQC)
Sân bay Phú Quốc",Hành lý xách tay 1 x 12 kg,Hành lý 23 kg,2025-04-21
Vietnam Airlines,PQC0261,1.968.030 VND/khách,13:05,22 thg 4,22 thg 4,14:00,55m,"Phú Quốc (PQC)
Sân bay Phú Quốc",Hành lý xách tay 1 x 12 kg,Hành lý 23 kg,2025-04-21
Vietnam Airlines,PQC0237,1.968.030 VND/khách,10:25,22 thg 4,22 thg 4,11:25,1h 0m,"Phú Quốc (PQC)
Sân bay Phú Quốc",Hành lý xách tay 1 x 12 kg,Hành lý 23 kg,2025-04-21
Vietnam Airlines,PQC0215,1.592.406 VND/khách,08:10,23 thg 4,23 thg 4,08:55,45m,"Phú Quốc (PQC)
Sân bay Phú Quốc",Hành lý xách tay 1 x 12 kg,Hành lý 23 kg,2025-04-21
Vietravel Airlines,PQC0335,956.603 VND/khách,17:25,23 thg 4,23 thg 4,18:25,1h 0m,"Phú Quốc (PQC)
Sân bay Phú Quốc",Hành lý xách tay 7 kg,Hành lý 0 kg,2025-04-21
Bamboo Airways,PQC0010,1.013.756 VND/khách,16:30,23 thg 4,23 thg 4,17:30,1h 0m,"Phú Quốc (PQC)
Sân bay Phú Quốc",Hành lý xách tay 7 kg,Hành lý 0 kg,2025-04-21
VietJet Air,PQC0157,1.059.000 VND/khách,17:40,23 thg 4,23 thg 4,18:40,1h 0m,"Phú Quốc (PQC)
Sân bay Phú Quốc",Hành lý xách tay 7 kg,Hành lý 0 kg,2025-04-21
VietJet Air,PQC0029,1.159.000 VND/khách,05:55,23 thg 4,23 thg 4,06:55,1h 0m,"Phú Quốc (PQC)
Sân bay Phú Quốc",Hành lý xách tay 7 kg,Hành lý 0 kg,2025-04-21
VietJet Air,PQC0129,1.159.000 VND/khách,16:25,23 thg 4,23 thg 4,17:25,1h 0m,"Phú Quốc (PQC)
Sân bay Phú Quốc",Hành lý xách tay 7 kg,Hành lý 0 kg,2025-04-21
VietJet Air,PQC0054,1.304.000 VND/khách,09:20,23 thg 4,23 thg 4,10:20,1h 0m,"Phú Quốc (PQC)
Sân bay Phú Quốc",Hành lý xách tay 7 kg,Hành lý 0 kg,2025-04-21
VietJet Air,PQC0078,1.304.000 VND/khách,11:35,23 thg 4,23 thg 4,12:35,1h 0m,"Phú Quốc (PQC)
Sân bay Phú Quốc",Hành lý xách tay 7 kg,Hành lý 0 kg,2025-04-21
VietJet Air,PQC0100,1.304.000 VND/khách,14:05,23 thg 4,23 thg 4,15:05,1h 0m,"Phú Quốc (PQC)
Sân bay Phú Quốc",Hành lý xách tay 7 kg,Hành lý 0 kg,2025-04-21
Vietnam Airlines,PQC0215,1.592.406 VND/khách,08:10,23 thg 4,23 thg 4,08:55,45m,"Phú Quốc (PQC)
Sân bay Phú Quốc",Hành lý xách tay 1 x 12 kg,Hành lý 23 kg,2025-04-21
Vietnam Airlines,PQC0194,1.674.324 VND/khách,05:40,23 thg 4,23 thg 4,06:40,1h 0m,"Phú Quốc (PQC)
Sân bay Phú Quốc",Hành lý xách tay 1 x 12 kg,Hành lý 23 kg,2025-04-21
Vietnam Airlines,PQC0281,1.853.145 VND/khách,15:05,23 thg 4,23 thg 4,16:10,1h 5m,"Phú Quốc (PQC)
Sân bay Phú Quốc",Hành lý xách tay 1 x 12 kg,Hành lý 23 kg,2025-04-21
Vietnam Airlines,PQC0262,1.909.089 VND/khách,13:05,23 thg 4,23 thg 4,14:00,55m,"Phú Quốc (PQC)
Sân bay Phú Quốc",Hành lý xách tay 1 x 12 kg,Hành lý 23 kg,2025-04-21
Vietnam Airlines,PQC0238,1.909.089 VND/khách,10:25,23 thg 4,23 thg 4,11:25,1h 0m,"Phú Quốc (PQC)
Sân bay Phú Quốc",Hành lý xách tay 1 x 12 kg,Hành lý 23 kg,2025-04-21
Vietnam Airlines,PQC0195,1.366.632 VND/khách,05:40,24 thg 4,24 thg 4,06:40,1h 0m,"Phú Quốc (PQC)
Sân bay Phú Quốc",Hành lý xách tay 1 x 12 kg,Hành lý 23 kg,2025-04-21
Vietravel Airlines,PQC0336,1.130.168 VND/khách,17:25,24 thg 4,24 thg 4,18:25,1h 0m,"Phú Quốc (PQC)
Sân bay Phú Quốc",Hành lý xách tay 7 kg,Hành lý 0 kg,2025-04-21
VietJet Air,PQC0030,1.159.000 VND/khách,05:55,24 thg 4,24 thg 4,06:55,1h 0m,"Phú Quốc (PQC)
Sân bay Phú Quốc",Hành lý xách tay 7 kg,Hành lý 0 kg,2025-04-21
VietJet Air,PQC0130,1.304.000 VND/khách,16:30,24 thg 4,24 thg 4,17:30,1h 0m,"Phú Quốc (PQC)
Sân bay Phú Quốc",Hành lý xách tay 7 kg,Hành lý 0 kg,2025-04-21
VietJet Air,PQC0158,1.304.000 VND/khách,17:40,24 thg 4,24 thg 4,18:45,1h 5m,"Phú Quốc (PQC)
Sân bay Phú Quốc",Hành lý xách tay 7 kg,Hành lý 0 kg,2025-04-21
VietJet Air,PQC0079,1.416.000 VND/khách,11:35,24 thg 4,24 thg 4,12:35,1h 0m,"Phú Quốc (PQC)
Sân bay Phú Quốc",Hành lý xách tay 7 kg,Hành lý 0 kg,2025-04-21
VietJet Air,PQC0101,1.416.000 VND/khách,14:05,24 thg 4,24 thg 4,15:05,1h 0m,"Phú Quốc (PQC)
Sân bay Phú Quốc",Hành lý xách tay 7 kg,Hành lý 0 kg,2025-04-21
VietJet Air,PQC0039,1.416.000 VND/khách,08:25,24 thg 4,24 thg 4,09:30,1h 5m,"Phú Quốc (PQC)
Sân bay Phú Quốc",Hành lý xách tay 7 kg,Hành lý 0 kg,2025-04-21
Vietnam Airlines,PQC0282,1.868.130 VND/khách,15:05,24 thg 4,24 thg 4,16:10,1h 5m,"Phú Quốc (PQC)
Sân bay Phú Quốc",Hành lý xách tay 1 x 12 kg,Hành lý 23 kg,2025-04-21
Vietnam Airlines,PQC0217,1.912.086 VND/khách,08:10,24 thg 4,24 thg 4,08:55,45m,"Phú Quốc (PQC)
Sân bay Phú Quốc",Hành lý xách tay 1 x 12 kg,Hành lý 23 kg,2025-04-21
Vietnam Airlines,PQC0263,1.968.030 VND/khách,13:05,24 thg 4,24 thg 4,14:00,55m,"Phú Quốc (PQC)
Sân bay Phú Quốc",Hành lý xách tay 1 x 12 kg,Hành lý 23 kg,2025-04-21
Vietnam Airlines,PQC0239,1.983.015 VND/khách,10:25,24 thg 4,24 thg 4,11:25,1h 0m,"Phú Quốc (PQC)
Sân bay Phú Quốc",Hành lý xách tay 1 x 12 kg,Hành lý 23 kg,2025-04-21
Vietnam Airlines,PQC0296,1.672.326 VND/khách,17:25,25 thg 4,25 thg 4,18:25,1h 0m,"Phú Quốc (PQC)
Sân bay Phú Quốc",Hành lý xách tay 1 x 12 kg,Hành lý 23 kg,2025-04-21
Vietravel Airlines,PQC0337,1.136.153 VND/khách,17:25,25 thg 4,25 thg 4,18:25,1h 0m,"Phú Quốc (PQC)
Sân bay Phú Quốc",Hành lý xách tay 7 kg,Hành lý 0 kg,2025-04-21
Bamboo Airways,PQC0011,1.167.757 VND/khách,16:30,25 thg 4,25 thg 4,17:30,1h 0m,"Phú Quốc (PQC)
Sân bay Phú Quốc",Hành lý xách tay 7 kg,Hành lý 0 kg,2025-04-21
VietJet Air,PQC0146,1.306.000 VND/khách,17:10,25 thg 4,25 thg 4,18:15,1h 5m,"Phú Quốc (PQC)
Sân bay Phú Quốc",Hành lý xách tay 7 kg,Hành lý 0 kg,2025-04-21
VietJet Air,PQC0031,1.418.000 VND/khách,05:55,25 thg 4,25 thg 4,06:55,1h 0m,"Phú Quốc (PQC)
Sân bay Phú Quốc",Hành lý xách tay 7 kg,Hành lý 0 kg,2025-04-21
VietJet Air,PQC0123,1.418.000 VND/khách,15:40,25 thg 4,25 thg 4,16:40,1h 0m,"Phú Quốc (PQC)
Sân bay Phú Quốc",Hành lý xách tay 7 kg,Hành lý 0 kg,2025-04-21
VietJet Air,PQC0056,1.603.000 VND/khách,09:20,25 thg 4,25 thg 4,10:20,1h 0m,"Phú Quốc (PQC)
Sân bay Phú Quốc",Hành lý xách tay 7 kg,Hành lý 0 kg,2025-04-21
VietJet Air,PQC0102,1.603.000 VND/khách,14:05,25 thg 4,25 thg 4,15:05,1h 0m,"Phú Quốc (PQC)
Sân bay Phú Quốc",Hành lý xách tay 7 kg,Hành lý 0 kg,2025-04-21
Vietnam Airlines,PQC0296,1.672.326 VND/khách,17:25,25 thg 4,25 thg 4,18:25,1h 0m,"Phú Quốc (PQC)
Sân bay Phú Quốc",Hành lý xách tay 1 x 12 kg,Hành lý 23 kg,2025-04-21
Vietnam Airlines,PQC0311,1.757.241 VND/khách,20:20,25 thg 4,25 thg 4,21:20,1h 0m,"Phú Quốc (PQC)
Sân bay Phú Quốc",Hành lý xách tay 1 x 12 kg,Hành lý 23 kg,2025-04-21
VietJet Air,PQC0080,1.804.000 VND/khách,11:35,25 thg 4,25 thg 4,12:35,1h 0m,"Phú Quốc (PQC)
Sân bay Phú Quốc",Hành lý xách tay 7 kg,Hành lý 0 kg,2025-04-21
Vietnam Airlines,PQC0218,2.006.991 VND/khách,08:10,25 thg 4,25 thg 4,08:55,45m,"Phú Quốc (PQC)
Sân bay Phú Quốc",Hành lý xách tay 1 x 12 kg,Hành lý 23 kg,2025-04-21
Vietnam Airlines,PQC0240,2.006.991 VND/khách,10:25,25 thg 4,25 thg 4,11:25,1h 0m,"Phú Quốc (PQC)
Sân bay Phú Quốc",Hành lý xách tay 1 x 12 kg,Hành lý 23 kg,2025-04-21
Vietnam Airlines,PQC0250,2.006.991 VND/khách,13:00,25 thg 4,25 thg 4,14:00,1h 0m,"Phú Quốc (PQC)
Sân bay Phú Quốc",Hành lý xách tay 1 x 12 kg,Hành lý 23 kg,2025-04-21
Vietnam Airlines,PQC0196,2.013.984 VND/khách,05:40,25 thg 4,25 thg 4,06:40,1h 0m,"Phú Quốc (PQC)
Sân bay Phú Quốc",Hành lý xách tay 1 x 12 kg,Hành lý 23 kg,2025-04-21
Vietnam Airlines,PQC0283,2.013.984 VND/khách,15:05,25 thg 4,25 thg 4,16:10,1h 5m,"Phú Quốc (PQC)
Sân bay Phú Quốc",Hành lý xách tay 1 x 12 kg,Hành lý 23 kg,2025-04-21
Vietnam Airlines,PQC0297,1.578.420 VND/khách,17:25,26 thg 4,26 thg 4,18:25,1h 0m,"Phú Quốc (PQC)
Sân bay Phú Quốc",Hành lý xách tay 1 x 12 kg,Hành lý 23 kg,2025-04-21
Vietravel Airlines,PQC0338,1.382.535 VND/khách,17:25,26 thg 4,26 thg 4,18:25,1h 0m,"Phú Quốc (PQC)
Sân bay Phú Quốc",Hành lý xách tay 7 kg,Hành lý 0 kg,2025-04-21
VietJet Air,PQC0032,1.416.000 VND/khách,05:55,26 thg 4,26 thg 4,06:55,1h 0m,"Phú Quốc (PQC)
Sân bay Phú Quốc",Hành lý xách tay 7 kg,Hành lý 0 kg,2025-04-21
VietJet Air,PQC0147,1.602.000 VND/khách,17:10,26 thg 4,26 thg 4,18:15,1h 5m,"Phú Quốc (PQC)
Sân bay Phú Quốc",Hành lý xách tay 7 kg,Hành lý 0 kg,2025-04-21
VietJet Air,PQC0103,1.717.000 VND/khách,14:05,26 thg 4,26 thg 4,15:05,1h 0m,"Phú Quốc (PQC)
Sân bay Phú Quốc",Hành lý xách tay 7 kg,Hành lý 0 kg,2025-04-21
Vietnam Airlines,PQC0312,1.756.242 VND/khách,20:20,26 thg 4,26 thg 4,21:20,1h 0m,"Phú Quốc (PQC)
Sân bay Phú Quốc",Hành lý xách tay 1 x 12 kg,Hành lý 23 kg,2025-04-21
VietJet Air,PQC0124,1.803.000 VND/khách,15:40,26 thg 4,26 thg 4,16:40,1h 0m,"Phú Quốc (PQC)
Sân bay Phú Quốc",Hành lý xách tay 7 kg,Hành lý 0 kg,2025-04-21
VietJet Air,PQC0057,1.832.000 VND/khách,09:20,26 thg 4,26 thg 4,10:20,1h 0m,"Phú Quốc (PQC)
Sân bay Phú Quốc",Hành lý xách tay 7 kg,Hành lý 0 kg,2025-04-21
VietJet Air,PQC0081,1.832.000 VND/khách,11:35,26 thg 4,26 thg 4,12:35,1h 0m,"Phú Quốc (PQC)
Sân bay Phú Quốc",Hành lý xách tay 7 kg,Hành lý 0 kg,2025-04-21
Vietnam Airlines,PQC0219,1.909.089 VND/khách,08:10,26 thg 4,26 thg 4,08:55,45m,"Phú Quốc (PQC)
Sân bay Phú Quốc",Hành lý xách tay 1 x 12 kg,Hành lý 23 kg,2025-04-21
Vietnam Airlines,PQC0284,1.938.060 VND/khách,15:05,26 thg 4,26 thg 4,16:10,1h 5m,"Phú Quốc (PQC)
Sân bay Phú Quốc",Hành lý xách tay 1 x 12 kg,Hành lý 23 kg,2025-04-21
Vietnam Airlines,PQC0241,2.014.983 VND/khách,10:25,26 thg 4,26 thg 4,11:25,1h 0m,"Phú Quốc (PQC)
Sân bay Phú Quốc",Hành lý xách tay 1 x 12 kg,Hành lý 23 kg,2025-04-21
Vietnam Airlines,PQC0319,1.360.638 VND/khách,20:45,27 thg 4,27 thg 4,21:45,1h 0m,"Phú Quốc (PQC)
Sân bay Phú Quốc",Hành lý xách tay 1 x 12 kg,Hành lý 23 kg,2025-04-21
Bamboo Airways,PQC0012,1.013.756 VND/khách,16:30,27 thg 4,27 thg 4,17:30,1h 0m,"Phú Quốc (PQC)
Sân bay Phú Quốc",Hành lý xách tay 7 kg,Hành lý 0 kg,2025-04-21
Vietravel Airlines,PQC0339,1.057.350 VND/khách,17:25,27 thg 4,27 thg 4,18:25,1h 0m,"Phú Quốc (PQC)
Sân bay Phú Quốc",Hành lý xách tay 7 kg,Hành lý 0 kg,2025-04-21
VietJet Air,PQC0033,1.310.000 VND/khách,05:55,27 thg 4,27 thg 4,06:55,1h 0m,"Phú Quốc (PQC)
Sân bay Phú Quốc",Hành lý xách tay 7 kg,Hành lý 0 kg,2025-04-21
Vietnam Airlines,PQC0302,1.364.634 VND/khách,19:20,27 thg 4,27 thg 4,20:20,1h 0m,"Phú Quốc (PQC)
Sân bay Phú Quốc",Hành lý xách tay 1 x 12 kg,Hành lý 23 kg,2025-04-21
Vietnam Airlines,PQC0177,1.411.137 VND/khách,05:25,27 thg 4,27 thg 4,06:20,55m,"Phú Quốc (PQC)
Sân bay Phú Quốc",Hành lý xách tay 1 x 12 kg,Hành lý 23 kg,2025-04-21
Vietnam Airlines,PQC0198,1.411.137 VND/khách,05:40,27 thg 4,27 thg 4,06:40,1h 0m,"Phú Quốc (PQC)
Sân bay Phú Quốc",Hành lý xách tay 1 x 12 kg,Hành lý 23 kg,2025-04-21
Vietnam Airlines,PQC0313,1.494.504 VND/khách,20:20,27 thg 4,27 thg 4,21:20,1h 0m,"Phú Quốc (PQC)
Sân bay Phú Quốc",Hành lý xách tay 1 x 12 kg,Hành lý 23 kg,2025-04-21
VietJet Air,PQC0125,1.603.000 VND/khách,15:40,27 thg 4,27 thg 4,16:40,1h 0m,"Phú Quốc (PQC)
Sân bay Phú Quốc",Hành lý xách tay 7 kg,Hành lý 0 kg,2025-04-21
VietJet Air,PQC0148,1.603.000 VND/khách,17:10,27 thg 4,27 thg 4,18:15,1h 5m,"Phú Quốc (PQC)
Sân bay Phú Quốc",Hành lý xách tay 7 kg,Hành lý 0 kg,2025-04-21
Vietnam Airlines,PQC0285,1.690.308 VND/khách,15:05,27 thg 4,27 thg 4,16:10,1h 5m,"Phú Quốc (PQC)
Sân bay Phú Quốc",Hành lý xách tay 1 x 12 kg,Hành lý 23 kg,2025-04-21
VietJet Air,PQC0104,1.719.000 VND/khách,14:05,27 thg 4,27 thg 4,15:05,1h 0m,"Phú Quốc (PQC)
Sân bay Phú Quốc",Hành lý xách tay 7 kg,Hành lý 0 kg,2025-04-21
VietJet Air,PQC0082,1.834.000 VND/khách,11:35,27 thg 4,27 thg 4,12:35,1h 0m,"Phú Quốc (PQC)
Sân bay Phú Quốc",Hành lý xách tay 7 kg,Hành lý 0 kg,2025-04-21
Vietnam Airlines,PQC0265,1.910.088 VND/khách,13:05,27 thg 4,27 thg 4,14:00,55m,"Phú Quốc (PQC)
Sân bay Phú Quốc",Hành lý xách tay 1 x 12 kg,Hành lý 23 kg,2025-04-21
Vietnam Airlines,PQC0220,1.917.081 VND/khách,08:10,27 thg 4,27 thg 4,08:55,45m,"Phú Quốc (PQC)
Sân bay Phú Quốc",Hành lý xách tay 1 x 12 kg,Hành lý 23 kg,2025-04-21
Vietnam Airlines,PQC0242,1.944.054 VND/khách,10:25,27 thg 4,27 thg 4,11:25,1h 0m,"Phú Quốc (PQC)
Sân bay Phú Quốc",Hành lý xách tay 1 x 12 kg,Hành lý 23 kg,2025-04-21
Vietnam Airlines,PQC0199,1.265.733 VND/khách,05:40,28 thg 4,28 thg 4,06:40,1h 0m,"Phú Quốc (PQC)
Sân bay Phú Quốc",Hành lý xách tay 1 x 12 kg,Hành lý 23 kg,2025-04-21
Vietravel Airlines,PQC0340,1.056.353 VND/khách,17:25,28 thg 4,28 thg 4,18:25,1h 0m,"Phú Quốc (PQC)
Sân bay Phú Quốc",Hành lý xách tay 7 kg,Hành lý 0 kg,2025-04-21
Vietnam Airlines,PQC0178,1.154.844 VND/khách,05:25,28 thg 4,28 thg 4,06:20,55m,"Phú Quốc (PQC)
Sân bay Phú Quốc",Hành lý xách tay 1 x 12 kg,Hành lý 23 kg,2025-04-21
VietJet Air,PQC0034,1.159.000 VND/khách,05:55,28 thg 4,28 thg 4,06:55,1h 0m,"Phú Quốc (PQC)
Sân bay Phú Quốc",Hành lý xách tay 7 kg,Hành lý 0 kg,2025-04-21
Bamboo Airways,PQC0013,1.167.757 VND/khách,16:30,28 thg 4,28 thg 4,17:30,1h 0m,"Phú Quốc (PQC)
Sân bay Phú Quốc",Hành lý xách tay 7 kg,Hành lý 0 kg,2025-04-21
Vietnam Airlines,PQC0298,1.477.521 VND/khách,17:25,28 thg 4,28 thg 4,18:25,1h 0m,"Phú Quốc (PQC)
Sân bay Phú Quốc",Hành lý xách tay 1 x 12 kg,Hành lý 23 kg,2025-04-21
VietJet Air,PQC0149,1.602.000 VND/khách,17:10,28 thg 4,28 thg 4,18:15,1h 5m,"Phú Quốc (PQC)
Sân bay Phú Quốc",Hành lý xách tay 7 kg,Hành lý 0 kg,2025-04-21
Vietnam Airlines,PQC0221,1.674.324 VND/khách,08:10,28 thg 4,28 thg 4,08:55,45m,"Phú Quốc (PQC)
Sân bay Phú Quốc",Hành lý xách tay 1 x 12 kg,Hành lý 23 kg,2025-04-21
Vietnam Airlines,PQC0314,1.689.309 VND/khách,20:20,28 thg 4,28 thg 4,21:20,1h 0m,"Phú Quốc (PQC)
Sân bay Phú Quốc",Hành lý xách tay 1 x 12 kg,Hành lý 23 kg,2025-04-21
VietJet Air,PQC0105,1.717.000 VND/khách,14:05,28 thg 4,28 thg 4,15:05,1h 0m,"Phú Quốc (PQC)
Sân bay Phú Quốc",Hành lý xách tay 7 kg,Hành lý 0 kg,2025-04-21
VietJet Air,PQC0126,1.717.000 VND/khách,15:40,28 thg 4,28 thg 4,16:40,1h 0m,"Phú Quốc (PQC)
Sân bay Phú Quốc",Hành lý xách tay 7 kg,Hành lý 0 kg,2025-04-21
VietJet Air,PQC0059,1.803.000 VND/khách,09:20,28 thg 4,28 thg 4,10:20,1h 0m,"Phú Quốc (PQC)
Sân bay Phú Quốc",Hành lý xách tay 7 kg,Hành lý 0 kg,2025-04-21
VietJet Air,PQC0083,1.803.000 VND/khách,11:35,28 thg 4,28 thg 4,12:35,1h 0m,"Phú Quốc (PQC)
Sân bay Phú Quốc",Hành lý xách tay 7 kg,Hành lý 0 kg,2025-04-21
Vietnam Airlines,PQC0243,1.920.078 VND/khách,10:25,28 thg 4,28 thg 4,11:25,1h 0m,"Phú Quốc (PQC)
Sân bay Phú Quốc",Hành lý xách tay 1 x 12 kg,Hành lý 23 kg,2025-04-21
Vietnam Airlines,PQC0286,1.920.078 VND/khách,15:05,28 thg 4,28 thg 4,16:10,1h 5m,"Phú Quốc (PQC)
Sân bay Phú Quốc",Hành lý xách tay 1 x 12 kg,Hành lý 23 kg,2025-04-21
Vietnam Airlines,PQC0299,2.004.993 VND/khách,17:25,29 thg 4,29 thg 4,18:25,1h 0m,"Phú Quốc (PQC)
Sân bay Phú Quốc",Hành lý xách tay 1 x 12 kg,Hành lý 23 kg,2025-04-21
Vietravel Airlines,PQC0341,1.716.698 VND/khách,17:25,29 thg 4,29 thg 4,18:25,1h 0m,"Phú Quốc (PQC)
Sân bay Phú Quốc",Hành lý xách tay 7 kg,Hành lý 0 kg,2025-04-21
Vietnam Airlines,PQC0179,1.778.220 VND/khách,05:25,29 thg 4,29 thg 4,06:20,55m,"Phú Quốc (PQC)
Sân bay Phú Quốc",Hành lý xách tay 1 x 12 kg,Hành lý 23 kg,2025-04-21
VietJet Air,PQC0035,1.803.000 VND/khách,05:55,29 thg 4,29 thg 4,06:55,1h 0m,"Phú Quốc (PQC)
Sân bay Phú Quốc",Hành lý xách tay 7 kg,Hành lý 0 kg,2025-04-21
VietJet Air,PQC0127,1.803.000 VND/khách,15:40,29 thg 4,29 thg 4,16:40,1h 0m,"Phú Quốc (PQC)
Sân bay Phú Quốc",Hành lý xách tay 7 kg,Hành lý 0 kg,2025-04-21
VietJet Air,PQC0040,1.803.000 VND/khách,08:25,29 thg 4,29 thg 4,09:30,1h 5m,"Phú Quốc (PQC)
Sân bay Phú Quốc",Hành lý xách tay 7 kg,Hành lý 0 kg,2025-04-21
VietJet Air,PQC0084,1.832.000 VND/khách,11:35,29 thg 4,29 thg 4,12:35,1h 0m,"Phú Quốc (PQC)
Sân bay Phú Quốc",Hành lý xách tay 7 kg,Hành lý 0 kg,2025-04-21
VietJet Air,PQC0106,1.832.000 VND/khách,14:05,29 thg 4,29 thg 4,15:05,1h 0m,"Phú Quốc (PQC)
Sân bay Phú Quốc",Hành lý xách tay 7 kg,Hành lý 0 kg,2025-04-21
VietJet Air,PQC0060,1.862.000 VND/khách,09:20,29 thg 4,29 thg 4,10:20,1h 0m,"Phú Quốc (PQC)
Sân bay Phú Quốc",Hành lý xách tay 7 kg,Hành lý 0 kg,2025-04-21
Vietnam Airlines,PQC0299,2.004.993 VND/khách,17:25,29 thg 4,29 thg 4,18:25,1h 0m,"Phú Quốc (PQC)
Sân bay Phú Quốc",Hành lý xách tay 1 x 12 kg,Hành lý 23 kg,2025-04-21
Vietnam Airlines,PQC0321,2.004.993 VND/khách,21:05,29 thg 4,29 thg 4,22:05,1h 0m,"Phú Quốc (PQC)
Sân bay Phú Quốc",Hành lý xách tay 1 x 12 kg,Hành lý 23 kg,2025-04-21
Vietnam Airlines,PQC0200,2.012.985 VND/khách,05:40,29 thg 4,29 thg 4,06:40,1h 0m,"Phú Quốc (PQC)
Sân bay Phú Quốc",Hành lý xách tay 1 x 12 kg,Hành lý 23 kg,2025-04-21
Vietnam Airlines,PQC0287,2.045.827 VND/khách,15:05,29 thg 4,29 thg 4,16:10,1h 5m,"Phú Quốc (PQC)
Sân bay Phú Quốc",Hành lý xách tay 1 x 12 kg,Hành lý 23 kg,2025-04-21
VietJet Air,PQC0151,3.725.250 VND/khách,17:10,30 thg 4,30 thg 4,18:15,1h 5m,"Phú Quốc (PQC)
Sân bay Phú Quốc",Hành lý xách tay 7 kg,Hành lý 0 kg,2025-04-21
Bamboo Airways,PQC0001,1.849.563 VND/khách,16:30,01 thg 5,01 thg 5,17:30,1h 0m,"Phú Quốc (PQC)
Sân bay Phú Quốc",Hành lý xách tay 7 kg,Hành lý 20 kg,2025-04-22
Vietravel Airlines,PQC0322,1.641.885 VND/khách,17:25,01 thg 5,01 thg 5,18:25,1h 0m,"Phú Quốc (PQC)
Sân bay Phú Quốc",Hành lý xách tay 7 kg,Hành lý 0 kg,2025-04-22
VietJet Air,PQC0131,1.928.000 VND/khách,17:10,01 thg 5,01 thg 5,18:15,1h 5m,"Phú Quốc (PQC)
Sân bay Phú Quốc",Hành lý xách tay 7 kg,Hành lý 0 kg,2025-04-22
VietJet Air,PQC0154,1.928.000 VND/khách,17:40,01 thg 5,01 thg 5,18:45,1h 5m,"Phú Quốc (PQC)
Sân bay Phú Quốc",Hành lý xách tay 7 kg,Hành lý 0 kg,2025-04-22
Vietnam Airlines,PQC0289,1.982.016 VND/khách,16:15,01 thg 5,01 thg 5,17:15,1h 0m,"Phú Quốc (PQC)
Sân bay Phú Quốc",Hành lý xách tay 1 x 12 kg,Hành lý 23 kg,2025-04-22
Vietnam Airlines,PQC0291,2.003.994 VND/khách,17:25,01 thg 5,01 thg 5,18:25,1h 0m,"Phú Quốc (PQC)
Sân bay Phú Quốc",Hành lý xách tay 1 x 12 kg,Hành lý 23 kg,2025-04-22
Vietnam Airlines,PQC0304,2.007.990 VND/khách,20:20,01 thg 5,01 thg 5,21:20,1h 0m,"Phú Quốc (PQC)
Sân bay Phú Quốc",Hành lý xách tay 1 x 12 kg,Hành lý 23 kg,2025-04-22
Vietnam Airlines,PQC0202,2.010.987 VND/khách,08:10,01 thg 5,01 thg 5,08:55,45m,"Phú Quốc (PQC)
Sân bay Phú Quốc",Hành lý xách tay 1 x 12 kg,Hành lý 23 kg,2025-04-22
Bamboo Airways,PQC0002,1.588.650 VND/khách,16:30,02 thg 5,02 thg 5,17:30,1h 0m,"Phú Quốc (PQC)
Sân bay Phú Quốc",Hành lý xách tay 7 kg,Hành lý 0 kg,2025-04-22
Vietravel Airlines,PQC0323,1.463.333 VND/khách,17:25,02 thg 5,02 thg 5,18:25,1h 0m,"Phú Quốc (PQC)
Sân bay Phú Quốc",Hành lý xách tay 7 kg,Hành lý 0 kg,2025-04-22
Vietnam Airlines,PQC0167,1.572.426 VND/khách,05:25,02 thg 5,02 thg 5,06:20,55m,"Phú Quốc (PQC)
Sân bay Phú Quốc",Hành lý xách tay 1 x 12 kg,Hành lý 23 kg,2025-04-22
VietJet Air,PQC0017,1.727.000 VND/khách,05:55,02 thg 5,02 thg 5,06:55,1h 0m,"Phú Quốc (PQC)
Sân bay Phú Quốc",Hành lý xách tay 7 kg,Hành lý 0 kg,2025-04-22
VietJet Air,PQC0132,1.727.000 VND/khách,17:10,02 thg 5,02 thg 5,18:15,1h 5m,"Phú Quốc (PQC)
Sân bay Phú Quốc",Hành lý xách tay 7 kg,Hành lý 0 kg,2025-04-22
Vietnam Airlines,PQC0182,1.792.206 VND/khách,05:40,02 thg 5,02 thg 5,06:40,1h 0m,"Phú Quốc (PQC)
Sân bay Phú Quốc",Hành lý xách tay 1 x 12 kg,Hành lý 23 kg,2025-04-22
VietJet Air,PQC0109,1.813.000 VND/khách,15:40,02 thg 5,02 thg 5,16:40,1h 0m,"Phú Quốc (PQC)
Sân bay Phú Quốc",Hành lý xách tay 7 kg,Hành lý 0 kg,2025-04-22
VietJet Air,PQC0088,1.843.000 VND/khách,14:05,02 thg 5,02 thg 5,15:05,1h 0m,"Phú Quốc (PQC)
Sân bay Phú Quốc",Hành lý xách tay 7 kg,Hành lý 0 kg,2025-04-22
VietJet Air,PQC0042,1.928.000 VND/khách,09:20,02 thg 5,02 thg 5,10:20,1h 0m,"Phú Quốc (PQC)
Sân bay Phú Quốc",Hành lý xách tay 7 kg,Hành lý 0 kg,2025-04-22
Vietnam Airlines,PQC0292,1.982.016 VND/khách,17:25,02 thg 5,02 thg 5,18:25,1h 0m,"Phú Quốc (PQC)
Sân bay Phú Quốc",Hành lý xách tay 1 x 12 kg,Hành lý 23 kg,2025-04-22
Vietnam Airlines,PQC0301,1.982.016 VND/khách,19:20,02 thg 5,02 thg 5,20:20,1h 0m,"Phú Quốc (PQC)
Sân bay Phú Quốc",Hành lý xách tay 1 x 12 kg,Hành lý 23 kg,2025-04-22
Vietnam Airlines,PQC0305,1.993.005 VND/khách,20:20,02 thg 5,02 thg 5,21:20,1h 0m,"Phú Quốc (PQC)
Sân bay Phú Quốc",Hành lý xách tay 1 x 12 kg,Hành lý 23 kg,2025-04-22
Vietnam Airlines,PQC0269,2.010.987 VND/khách,15:05,02 thg 5,02 thg 5,16:10,1h 5m,"Phú Quốc (PQC)
Sân bay Phú Quốc",Hành lý xách tay 1 x 12 kg,Hành lý 23 kg,2025-04-22
Bamboo Airways,PQC0003,1.001.343 VND/khách,16:30,03 thg 5,03 thg 5,17:30,1h 0m,"Phú Quốc (PQC)
Sân bay Phú Quốc",Hành lý xách tay 7 kg,Hành lý 0 kg,2025-04-22
Vietravel Airlines,PQC0324,963.585 VND/khách,17:25,03 thg 5,03 thg 5,18:25,1h 0m,"Phú Quốc (PQC)
Sân bay Phú Quốc",Hành lý xách tay 7 kg,Hành lý 0 kg,2025-04-22
VietJet Air,PQC0037,1.170.000 VND/khách,08:25,03 thg 5,03 thg 5,09:30,1h 5m,"Phú Quốc (PQC)
Sân bay Phú Quốc",Hành lý xách tay 7 kg,Hành lý 0 kg,2025-04-22
Vietnam Airlines,PQC0168,1.272.726 VND/khách,05:25,03 thg 5,03 thg 5,06:20,55m,"Phú Quốc (PQC)
Sân bay Phú Quốc",Hành lý xách tay 1 x 12 kg,Hành lý 23 kg,2025-04-22
Vietnam Airlines,PQC0183,1.369.629 VND/khách,05:40,03 thg 5,03 thg 5,06:40,1h 0m,"Phú Quốc (PQC)
Sân bay Phú Quốc",Hành lý xách tay 1 x 12 kg,Hành lý 23 kg,2025-04-22
VietJet Air,PQC0018,1.430.000 VND/khách,05:55,03 thg 5,03 thg 5,06:55,1h 0m,"Phú Quốc (PQC)
Sân bay Phú Quốc",Hành lý xách tay 7 kg,Hành lý 0 kg,2025-04-22
VietJet Air,PQC0089,1.430.000 VND/khách,14:05,03 thg 5,03 thg 5,15:05,1h 0m,"Phú Quốc (PQC)
Sân bay Phú Quốc",Hành lý xách tay 7 kg,Hành lý 0 kg,2025-04-22
VietJet Air,PQC0133,1.430.000 VND/khách,17:10,03 thg 5,03 thg 5,18:15,1h 5m,"Phú Quốc (PQC)
Sân bay Phú Quốc",Hành lý xách tay 7 kg,Hành lý 0 kg,2025-04-22
Vietnam Airlines,PQC0303,1.473.525 VND/khách,19:45,03 thg 5,03 thg 5,20:45,1h 0m,"Phú Quốc (PQC)
Sân bay Phú Quốc",Hành lý xách tay 1 x 12 kg,Hành lý 23 kg,2025-04-22
Vietnam Airlines,PQC0293,1.495.503 VND/khách,17:25,03 thg 5,03 thg 5,18:25,1h 0m,"Phú Quốc (PQC)
Sân bay Phú Quốc",Hành lý xách tay 1 x 12 kg,Hành lý 23 kg,2025-04-22
Vietnam Airlines,PQC0306,1.689.309 VND/khách,20:20,03 thg 5,03 thg 5,21:20,1h 0m,"Phú Quốc (PQC)
Sân bay Phú Quốc",Hành lý xách tay 1 x 12 kg,Hành lý 23 kg,2025-04-22
VietJet Air,PQC0110,1.728.000 VND/khách,15:40,03 thg 5,03 thg 5,16:40,1h 0m,"Phú Quốc (PQC)
Sân bay Phú Quốc",Hành lý xách tay 7 kg,Hành lý 0 kg,2025-04-22
Vietnam Airlines,PQC0204,1.732.266 VND/khách,08:10,03 thg 5,03 thg 5,08:55,45m,"Phú Quốc (PQC)
Sân bay Phú Quốc",Hành lý xách tay 1 x 12 kg,Hành lý 23 kg,2025-04-22
VietJet Air,PQC0043,1.813.000 VND/khách,09:20,03 thg 5,03 thg 5,10:20,1h 0m,"Phú Quốc (PQC)
Sân bay Phú Quốc",Hành lý xách tay 7 kg,Hành lý 0 kg,2025-04-22
VietJet Air,PQC0067,1.843.000 VND/khách,11:35,03 thg 5,03 thg 5,12:35,1h 0m,"Phú Quốc (PQC)
Sân bay Phú Quốc",Hành lý xách tay 7 kg,Hành lý 0 kg,2025-04-22
Vietnam Airlines,PQC0270,1.845.266 VND/khách,15:05,03 thg 5,03 thg 5,16:10,1h 5m,"Phú Quốc (PQC)
Sân bay Phú Quốc",Hành lý xách tay 1 x 12 kg,Hành lý 23 kg,2025-04-22
Vietnam Airlines,PQC0227,1.901.123 VND/khách,10:25,03 thg 5,03 thg 5,11:25,1h 0m,"Phú Quốc (PQC)
Sân bay Phú Quốc",Hành lý xách tay 1 x 12 kg,Hành lý 23 kg,2025-04-22
Vietnam Airlines,PQC0252,1.954.858 VND/khách,13:05,03 thg 5,03 thg 5,14:00,55m,"Phú Quốc (PQC)
Sân bay Phú Quốc",Hành lý xách tay 1 x 12 kg,Hành lý 23 kg,2025-04-22
Bamboo Airways,PQC0004,859.302 VND/khách,16:30,04 thg 5,04 thg 5,17:30,1h 0m,"Phú Quốc (PQC)
Sân bay Phú Quốc",Hành lý xách tay 7 kg,Hành lý 0 kg,2025-04-22
Vietravel Airlines,PQC0325,963.585 VND/khách,17:25,04 thg 5,04 thg 5,18:25,1h 0m,"Phú Quốc (PQC)
Sân bay Phú Quốc",Hành lý xách tay 7 kg,Hành lý 0 kg,2025-04-22
VietJet Air,PQC0019,1.062.000 VND/khách,05:55,04 thg 5,04 thg 5,06:55,1h 0m,"Phú Quốc (PQC)
Sân bay Phú Quốc",Hành lý xách tay 7 kg,Hành lý 0 kg,2025-04-22
VietJet Air,PQC0111,1.062.000 VND/khách,15:40,04 thg 5,04 thg 5,16:40,1h 0m,"Phú Quốc (PQC)
Sân bay Phú Quốc",Hành lý xách tay 7 kg,Hành lý 0 kg,2025-04-22
VietJet Air,PQC0134,1.062.000 VND/khách,17:10,04 thg 5,04 thg 5,18:15,1h 5m,"Phú Quốc (PQC)
Sân bay Phú Quốc",Hành lý xách tay 7 kg,Hành lý 0 kg,2025-04-22
Vietnam Airlines,PQC0169,1.094.904 VND/khách,05:25,04 thg 5,04 thg 5,06:20,55m,"Phú Quốc (PQC)
Sân bay Phú Quốc",Hành lý xách tay 1 x 12 kg,Hành lý 23 kg,2025-04-22
Vietnam Airlines,PQC0162,1.142.856 VND/khách,05:10,04 thg 5,04 thg 5,06:10,1h 0m,"Phú Quốc (PQC)
Sân bay Phú Quốc",Hành lý xách tay 1 x 12 kg,Hành lý 23 kg,2025-04-22
Vietnam Airlines,PQC0184,1.142.856 VND/khách,05:40,04 thg 5,04 thg 5,06:40,1h 0m,"Phú Quốc (PQC)
Sân bay Phú Quốc",Hành lý xách tay 1 x 12 kg,Hành lý 23 kg,2025-04-22
Vietnam Airlines,PQC0307,1.142.856 VND/khách,20:20,04 thg 5,04 thg 5,21:20,1h 0m,"Phú Quốc (PQC)
Sân bay Phú Quốc",Hành lý xách tay 1 x 12 kg,Hành lý 23 kg,2025-04-22
Vietnam Airlines,PQC0317,1.142.856 VND/khách,20:25,04 thg 5,04 thg 5,21:25,1h 0m,"Phú Quốc (PQC)
Sân bay Phú Quốc",Hành lý xách tay 1 x 12 kg,Hành lý 23 kg,2025-04-22
Vietnam Airlines,PQC0294,1.153.845 VND/khách,17:25,04 thg 5,04 thg 5,18:25,1h 0m,"Phú Quốc (PQC)
Sân bay Phú Quốc",Hành lý xách tay 1 x 12 kg,Hành lý 23 kg,2025-04-22
VietJet Air,PQC0090,1.170.000 VND/khách,14:05,04 thg 5,04 thg 5,15:05,1h 0m,"Phú Quốc (PQC)
Sân bay Phú Quốc",Hành lý xách tay 7 kg,Hành lý 0 kg,2025-04-22
VietJet Air,PQC0044,1.319.000 VND/khách,09:20,04 thg 5,04 thg 5,10:20,1h 0m,"Phú Quốc (PQC)
Sân bay Phú Quốc",Hành lý xách tay 7 kg,Hành lý 0 kg,2025-04-22
VietJet Air,PQC0068,1.319.000 VND/khách,11:35,04 thg 5,04 thg 5,12:35,1h 0m,"Phú Quốc (PQC)
Sân bay Phú Quốc",Hành lý xách tay 7 kg,Hành lý 0 kg,2025-04-22
Vietnam Airlines,PQC0271,1.384.614 VND/khách,15:05,04 thg 5,04 thg 5,16:10,1h 5m,"Phú Quốc (PQC)
Sân bay Phú Quốc",Hành lý xách tay 1 x 12 kg,Hành lý 23 kg,2025-04-22
Vietnam Airlines,PQC0205,1.473.525 VND/khách,08:10,04 thg 5,04 thg 5,08:55,45m,"Phú Quốc (PQC)
Sân bay Phú Quốc",Hành lý xách tay 1 x 12 kg,Hành lý 23 kg,2025-04-22
Vietnam Airlines,PQC0253,1.572.426 VND/khách,13:05,04 thg 5,04 thg 5,14:00,55m,"Phú Quốc (PQC)
Sân bay Phú Quốc",Hành lý xách tay 1 x 12 kg,Hành lý 23 kg,2025-04-22
Vietnam Airlines,PQC0228,1.572.426 VND/khách,10:25,04 thg 5,04 thg 5,11:25,1h 0m,"Phú Quốc (PQC)
Sân bay Phú Quốc",Hành lý xách tay 1 x 12 kg,Hành lý 23 kg,2025-04-22
Bamboo Airways,PQC0005,859.302 VND/khách,16:30,05 thg 5,05 thg 5,17:30,1h 0m,"Phú Quốc (PQC)
Sân bay Phú Quốc",Hành lý xách tay 7 kg,Hành lý 0 kg,2025-04-22
Vietravel Airlines,PQC0326,755.108 VND/khách,17:25,05 thg 5,05 thg 5,18:25,1h 0m,"Phú Quốc (PQC)
Sân bay Phú Quốc",Hành lý xách tay 7 kg,Hành lý 0 kg,2025-04-22
VietJet Air,PQC0135,835.000 VND/khách,17:10,05 thg 5,05 thg 5,18:15,1h 5m,"Phú Quốc (PQC)
Sân bay Phú Quốc",Hành lý xách tay 7 kg,Hành lý 0 kg,2025-04-22
Vietnam Airlines,PQC0170,909.090 VND/khách,05:25,05 thg 5,05 thg 5,06:20,55m,"Phú Quốc (PQC)
Sân bay Phú Quốc",Hành lý xách tay 1 x 12 kg,Hành lý 0 kg,2025-04-22
VietJet Air,PQC0020,1.062.000 VND/khách,05:55,05 thg 5,05 thg 5,06:55,1h 0m,"Phú Quốc (PQC)
Sân bay Phú Quốc",Hành lý xách tay 7 kg,Hành lý 0 kg,2025-04-22
VietJet Air,PQC0112,1.062.000 VND/khách,15:40,05 thg 5,05 thg 5,16:40,1h 0m,"Phú Quốc (PQC)
Sân bay Phú Quốc",Hành lý xách tay 7 kg,Hành lý 0 kg,2025-04-22
VietJet Air,PQC0091,1.170.000 VND/khách,14:05,05 thg 5,05 thg 5,15:05,1h 0m,"Phú Quốc (PQC)
Sân bay Phú Quốc",Hành lý xách tay 7 kg,Hành lý 0 kg,2025-04-22
Vietnam Airlines,PQC0185,1.238.760 VND/khách,05:40,05 thg 5,05 thg 5,06:40,1h 0m,"Phú Quốc (PQC)
Sân bay Phú Quốc",Hành lý xách tay 1 x 12 kg,Hành lý 23 kg,2025-04-22
VietJet Air,PQC0045,1.319.000 VND/khách,09:20,05 thg 5,05 thg 5,10:20,1h 0m,"Phú Quốc (PQC)
Sân bay Phú Quốc",Hành lý xách tay 7 kg,Hành lý 0 kg,2025-04-22
VietJet Air,PQC0069,1.319.000 VND/khách,11:35,05 thg 5,05 thg 5,12:35,1h 0m,"Phú Quốc (PQC)
Sân bay Phú Quốc",Hành lý xách tay 7 kg,Hành lý 0 kg,2025-04-22
Vietnam Airlines,PQC0295,1.383.615 VND/khách,17:25,05 thg 5,05 thg 5,18:25,1h 0m,"Phú Quốc (PQC)
Sân bay Phú Quốc",Hành lý xách tay 1 x 12 kg,Hành lý 23 kg,2025-04-22
Vietnam Airlines,PQC0318,1.383.615 VND/khách,20:25,05 thg 5,05 thg 5,21:25,1h 0m,"Phú Quốc (PQC)
Sân bay Phú Quốc",Hành lý xách tay 1 x 12 kg,Hành lý 23 kg,2025-04-22
Vietnam Airlines,PQC0308,1.387.611 VND/khách,20:20,05 thg 5,05 thg 5,21:20,1h 0m,"Phú Quốc (PQC)
Sân bay Phú Quốc",Hành lý xách tay 1 x 12 kg,Hành lý 23 kg,2025-04-22
Vietnam Airlines,PQC0272,1.487.511 VND/khách,15:05,05 thg 5,05 thg 5,16:10,1h 5m,"Phú Quốc (PQC)
Sân bay Phú Quốc",Hành lý xách tay 1 x 12 kg,Hành lý 23 kg,2025-04-22
Vietnam Airlines,PQC0254,1.572.426 VND/khách,13:05,05 thg 5,05 thg 5,14:00,55m,"Phú Quốc (PQC)
Sân bay Phú Quốc",Hành lý xách tay 1 x 12 kg,Hành lý 23 kg,2025-04-22
Vietnam Airlines,PQC0229,1.681.317 VND/khách,10:25,05 thg 5,05 thg 5,11:25,1h 0m,"Phú Quốc (PQC)
Sân bay Phú Quốc",Hành lý xách tay 1 x 12 kg,Hành lý 23 kg,2025-04-22
Vietnam Airlines,PQC0206,1.703.295 VND/khách,08:10,05 thg 5,05 thg 5,08:55,45m,"Phú Quốc (PQC)
Sân bay Phú Quốc",Hành lý xách tay 1 x 12 kg,Hành lý 23 kg,2025-04-22
Vietravel Airlines,PQC0327,755.108 VND/khách,17:25,06 thg 5,06 thg 5,18:25,1h 0m,"Phú Quốc (PQC)
Sân bay Phú Quốc",Hành lý xách tay 7 kg,Hành lý 0 kg,2025-04-22
VietJet Air,PQC0136,835.000 VND/khách,17:10,06 thg 5,06 thg 5,18:15,1h 5m,"Phú Quốc (PQC)
Sân bay Phú Quốc",Hành lý xách tay 7 kg,Hành lý 0 kg,2025-04-22
VietJet Air,PQC0021,1.062.000 VND/khách,05:55,06 thg 5,06 thg 5,06:55,1h 0m,"Phú Quốc (PQC)
Sân bay Phú Quốc",Hành lý xách tay 7 kg,Hành lý 0 kg,2025-04-22
VietJet Air,PQC0113,1.062.000 VND/khách,15:40,06 thg 5,06 thg 5,16:40,1h 0m,"Phú Quốc (PQC)
Sân bay Phú Quốc",Hành lý xách tay 7 kg,Hành lý 0 kg,2025-04-22
VietJet Air,PQC0070,1.170.000 VND/khách,11:35,06 thg 5,06 thg 5,12:35,1h 0m,"Phú Quốc (PQC)
Sân bay Phú Quốc",Hành lý xách tay 7 kg,Hành lý 0 kg,2025-04-22
VietJet Air,PQC0092,1.170.000 VND/khách,14:05,06 thg 5,06 thg 5,15:05,1h 0m,"Phú Quốc (PQC)
Sân bay Phú Quốc",Hành lý xách tay 7 kg,Hành lý 0 kg,2025-04-22
Vietnam Airlines,PQC0186,1.264.734 VND/khách,05:40,06 thg 5,06 thg 5,06:40,1h 0m,"Phú Quốc (PQC)
Sân bay Phú Quốc",Hành lý xách tay 1 x 12 kg,Hành lý 23 kg,2025-04-22
VietJet Air,PQC0046,1.319.000 VND/khách,09:20,06 thg 5,06 thg 5,10:20,1h 0m,"Phú Quốc (PQC)
Sân bay Phú Quốc",Hành lý xách tay 7 kg,Hành lý 0 kg,2025-04-22
Vietnam Airlines,PQC0207,1.572.426 VND/khách,08:10,06 thg 5,06 thg 5,08:55,45m,"Phú Quốc (PQC)
Sân bay Phú Quốc",Hành lý xách tay 1 x 12 kg,Hành lý 23 kg,2025-04-22
Vietnam Airlines,PQC0255,1.572.426 VND/khách,13:05,06 thg 5,06 thg 5,14:00,55m,"Phú Quốc (PQC)
Sân bay Phú Quốc",Hành lý xách tay 1 x 12 kg,Hành lý 23 kg,2025-04-22
Vietnam Airlines,PQC0273,1.572.426 VND/khách,15:05,06 thg 5,06 thg 5,16:10,1h 5m,"Phú Quốc (PQC)
Sân bay Phú Quốc",Hành lý xách tay 1 x 12 kg,Hành lý 23 kg,2025-04-22
Vietnam Airlines,PQC0230,1.707.291 VND/khách,10:25,06 thg 5,06 thg 5,11:25,1h 0m,"Phú Quốc (PQC)
Sân bay Phú Quốc",Hành lý xách tay 1 x 12 kg,Hành lý 23 kg,2025-04-22
VietJet Air,PQC0064,1.928.000 VND/khách,11:30,06 thg 5,06 thg 5,12:30,1h 0m,"Phú Quốc (PQC)
Sân bay Phú Quốc",Hành lý xách tay 7 kg,Hành lý 0 kg,2025-04-22
Bamboo Airways,PQC0006,975.415 VND/khách,16:30,07 thg 5,07 thg 5,17:30,1h 0m,"Phú Quốc (PQC)
Sân bay Phú Quốc",Hành lý xách tay 7 kg,Hành lý 0 kg,2025-04-22
Vietravel Airlines,PQC0328,755.108 VND/khách,17:25,07 thg 5,07 thg 5,18:25,1h 0m,"Phú Quốc (PQC)
Sân bay Phú Quốc",Hành lý xách tay 7 kg,Hành lý 0 kg,2025-04-22
VietJet Air,PQC0022,836.000 VND/khách,05:55,07 thg 5,07 thg 5,06:55,1h 0m,"Phú Quốc (PQC)
Sân bay Phú Quốc",Hành lý xách tay 7 kg,Hành lý 0 kg,2025-04-22
VietJet Air,PQC0137,836.000 VND/khách,17:10,07 thg 5,07 thg 5,18:15,1h 5m,"Phú Quốc (PQC)
Sân bay Phú Quốc",Hành lý xách tay 7 kg,Hành lý 0 kg,2025-04-22
VietJet Air,PQC0114,1.062.000 VND/khách,15:40,07 thg 5,07 thg 5,16:40,1h 0m,"Phú Quốc (PQC)
Sân bay Phú Quốc",Hành lý xách tay 7 kg,Hành lý 0 kg,2025-04-22
VietJet Air,PQC0071,1.170.000 VND/khách,11:35,07 thg 5,07 thg 5,12:35,1h 0m,"Phú Quốc (PQC)
Sân bay Phú Quốc",Hành lý xách tay 7 kg,Hành lý 0 kg,2025-04-22
VietJet Air,PQC0093,1.170.000 VND/khách,14:05,07 thg 5,07 thg 5,15:05,1h 0m,"Phú Quốc (PQC)
Sân bay Phú Quốc",Hành lý xách tay 7 kg,Hành lý 0 kg,2025-04-22
Vietnam Airlines,PQC0187,1.239.759 VND/khách,05:40,07 thg 5,07 thg 5,06:40,1h 0m,"Phú Quốc (PQC)
Sân bay Phú Quốc",Hành lý xách tay 1 x 12 kg,Hành lý 23 kg,2025-04-22
VietJet Air,PQC0047,1.319.000 VND/khách,09:20,07 thg 5,07 thg 5,10:20,1h 0m,"Phú Quốc (PQC)
Sân bay Phú Quốc",Hành lý xách tay 7 kg,Hành lý 0 kg,2025-04-22
Vietnam Airlines,PQC0208,1.572.426 VND/khách,08:10,07 thg 5,07 thg 5,08:55,45m,"Phú Quốc (PQC)
Sân bay Phú Quốc",Hành lý xách tay 1 x 12 kg,Hành lý 23 kg,2025-04-22
Vietnam Airlines,PQC0274,1.572.426 VND/khách,15:05,07 thg 5,07 thg 5,16:10,1h 5m,"Phú Quốc (PQC)
Sân bay Phú Quốc",Hành lý xách tay 1 x 12 kg,Hành lý 23 kg,2025-04-22
Vietnam Airlines,PQC0231,1.674.324 VND/khách,10:25,07 thg 5,07 thg 5,11:25,1h 0m,"Phú Quốc (PQC)
Sân bay Phú Quốc",Hành lý xách tay 1 x 12 kg,Hành lý 23 kg,2025-04-22
Vietnam Airlines,PQC0256,1.878.120 VND/khách,13:05,07 thg 5,07 thg 5,14:00,55m,"Phú Quốc (PQC)
Sân bay Phú Quốc",Hành lý xách tay 1 x 12 kg,Hành lý 23 kg,2025-04-22
Vietravel Airlines,PQC0329,1.059.345 VND/khách,17:25,08 thg 5,08 thg 5,18:25,1h 0m,"Phú Quốc (PQC)
Sân bay Phú Quốc",Hành lý xách tay 7 kg,Hành lý 0 kg,2025-04-22
VietJet Air,PQC0023,1.062.000 VND/khách,05:55,08 thg 5,08 thg 5,06:55,1h 0m,"Phú Quốc (PQC)
Sân bay Phú Quốc",Hành lý xách tay 7 kg,Hành lý 0 kg,2025-04-22
VietJet Air,PQC0072,1.319.000 VND/khách,11:35,08 thg 5,08 thg 5,12:35,1h 0m,"Phú Quốc (PQC)
Sân bay Phú Quốc",Hành lý xách tay 7 kg,Hành lý 0 kg,2025-04-22
VietJet Air,PQC0094,1.319.000 VND/khách,14:05,08 thg 5,08 thg 5,15:05,1h 0m,"Phú Quốc (PQC)
Sân bay Phú Quốc",Hành lý xách tay 7 kg,Hành lý 0 kg,2025-04-22
VietJet Air,PQC0115,1.319.000 VND/khách,15:40,08 thg 5,08 thg 5,16:40,1h 0m,"Phú Quốc (PQC)
Sân bay Phú Quốc",Hành lý xách tay 7 kg,Hành lý 0 kg,2025-04-22
VietJet Air,PQC0038,1.319.000 VND/khách,08:25,08 thg 5,08 thg 5,09:30,1h 5m,"Phú Quốc (PQC)
Sân bay Phú Quốc",Hành lý xách tay 7 kg,Hành lý 0 kg,2025-04-22
VietJet Air,PQC0138,1.319.000 VND/khách,17:10,08 thg 5,08 thg 5,18:15,1h 5m,"Phú Quốc (PQC)
Sân bay Phú Quốc",Hành lý xách tay 7 kg,Hành lý 0 kg,2025-04-22
VietJet Air,PQC0155,1.319.000 VND/khách,17:40,08 thg 5,08 thg 5,18:45,1h 5m,"Phú Quốc (PQC)
Sân bay Phú Quốc",Hành lý xách tay 7 kg,Hành lý 0 kg,2025-04-22
VietJet Air,PQC0048,1.323.000 VND/khách,09:20,08 thg 5,08 thg 5,10:20,1h 0m,"Phú Quốc (PQC)
Sân bay Phú Quốc",Hành lý xách tay 7 kg,Hành lý 0 kg,2025-04-22
Vietnam Airlines,PQC0188,1.384.614 VND/khách,05:40,08 thg 5,08 thg 5,06:40,1h 0m,"Phú Quốc (PQC)
Sân bay Phú Quốc",Hành lý xách tay 1 x 12 kg,Hành lý 23 kg,2025-04-22
Vietnam Airlines,PQC0275,1.685.313 VND/khách,15:05,08 thg 5,08 thg 5,16:10,1h 5m,"Phú Quốc (PQC)
Sân bay Phú Quốc",Hành lý xách tay 1 x 12 kg,Hành lý 23 kg,2025-04-22
Vietnam Airlines,PQC0257,1.732.266 VND/khách,13:05,08 thg 5,08 thg 5,14:00,55m,"Phú Quốc (PQC)
Sân bay Phú Quốc",Hành lý xách tay 1 x 12 kg,Hành lý 23 kg,2025-04-22
Vietnam Airlines,PQC0232,1.732.266 VND/khách,10:25,08 thg 5,08 thg 5,11:25,1h 0m,"Phú Quốc (PQC)
Sân bay Phú Quốc",Hành lý xách tay 1 x 12 kg,Hành lý 23 kg,2025-04-22
Vietnam Airlines,PQC0209,1.845.266 VND/khách,08:10,08 thg 5,08 thg 5,08:55,45m,"Phú Quốc (PQC)
Sân bay Phú Quốc",Hành lý xách tay 1 x 12 kg,Hành lý 23 kg,2025-04-22
Bamboo Airways,PQC0007,1.403.291 VND/khách,16:30,09 thg 5,09 thg 5,17:30,1h 0m,"Phú Quốc (PQC)
Sân bay Phú Quốc",Hành lý xách tay 7 kg,Hành lý 0 kg,2025-04-22
Vietravel Airlines,PQC0330,1.137.150 VND/khách,17:25,09 thg 5,09 thg 5,18:25,1h 0m,"Phú Quốc (PQC)
Sân bay Phú Quốc",Hành lý xách tay 7 kg,Hành lý 0 kg,2025-04-22
VietJet Air,PQC0116,1.319.000 VND/khách,15:40,09 thg 5,09 thg 5,16:40,1h 0m,"Phú Quốc (PQC)
Sân bay Phú Quốc",Hành lý xách tay 7 kg,Hành lý 0 kg,2025-04-22
VietJet Air,PQC0139,1.319.000 VND/khách,17:10,09 thg 5,09 thg 5,18:15,1h 5m,"Phú Quốc (PQC)
Sân bay Phú Quốc",Hành lý xách tay 7 kg,Hành lý 0 kg,2025-04-22
Vietnam Airlines,PQC0189,1.499.499 VND/khách,05:40,09 thg 5,09 thg 5,06:40,1h 0m,"Phú Quốc (PQC)
Sân bay Phú Quốc",Hành lý xách tay 1 x 12 kg,Hành lý 23 kg,2025-04-22
VietJet Air,PQC0024,1.612.000 VND/khách,05:55,09 thg 5,09 thg 5,06:55,1h 0m,"Phú Quốc (PQC)
Sân bay Phú Quốc",Hành lý xách tay 7 kg,Hành lý 0 kg,2025-04-22
VietJet Air,PQC0095,1.612.000 VND/khách,14:05,09 thg 5,09 thg 5,15:05,1h 0m,"Phú Quốc (PQC)
Sân bay Phú Quốc",Hành lý xách tay 7 kg,Hành lý 0 kg,2025-04-22
Vietnam Airlines,PQC0309,1.674.324 VND/khách,20:20,09 thg 5,09 thg 5,21:20,1h 0m,"Phú Quốc (PQC)
Sân bay Phú Quốc",Hành lý xách tay 1 x 12 kg,Hành lý 23 kg,2025-04-22
VietJet Air,PQC0049,1.728.000 VND/khách,09:20,09 thg 5,09 thg 5,10:20,1h 0m,"Phú Quốc (PQC)
Sân bay Phú Quốc",Hành lý xách tay 7 kg,Hành lý 0 kg,2025-04-22
VietJet Air,PQC0073,1.728.000 VND/khách,11:35,09 thg 5,09 thg 5,12:35,1h 0m,"Phú Quốc (PQC)
Sân bay Phú Quốc",Hành lý xách tay 7 kg,Hành lý 0 kg,2025-04-22
Vietnam Airlines,PQC0276,1.732.266 VND/khách,15:05,09 thg 5,09 thg 5,16:10,1h 5m,"Phú Quốc (PQC)
Sân bay Phú Quốc",Hành lý xách tay 1 x 12 kg,Hành lý 23 kg,2025-04-22
Vietnam Airlines,PQC0249,1.845.266 VND/khách,13:00,09 thg 5,09 thg 5,14:00,1h 0m,"Phú Quốc (PQC)
Sân bay Phú Quốc",Hành lý xách tay 1 x 12 kg,Hành lý 23 kg,2025-04-22
Vietnam Airlines,PQC0233,1.954.858 VND/khách,10:25,09 thg 5,09 thg 5,11:25,1h 0m,"Phú Quốc (PQC)
Sân bay Phú Quốc",Hành lý xách tay 1 x 12 kg,Hành lý 23 kg,2025-04-22
Vietnam Airlines,PQC0210,1.993.005 VND/khách,08:10,09 thg 5,09 thg 5,08:55,45m,"Phú Quốc (PQC)
Sân bay Phú Quốc",Hành lý xách tay 1 x 12 kg,Hành lý 23 kg,2025-04-22
Vietravel Airlines,PQC0331,885.780 VND/khách,17:25,10 thg 5,10 thg 5,18:25,1h 0m,"Phú Quốc (PQC)
Sân bay Phú Quốc",Hành lý xách tay 7 kg,Hành lý 0 kg,2025-04-22
VietJet Air,PQC0140,1.062.000 VND/khách,17:10,10 thg 5,10 thg 5,18:15,1h 5m,"Phú Quốc (PQC)
Sân bay Phú Quốc",Hành lý xách tay 7 kg,Hành lý 0 kg,2025-04-22
VietJet Air,PQC0117,1.170.000 VND/khách,15:40,10 thg 5,10 thg 5,16:40,1h 0m,"Phú Quốc (PQC)
Sân bay Phú Quốc",Hành lý xách tay 7 kg,Hành lý 0 kg,2025-04-22
VietJet Air,PQC0074,1.319.000 VND/khách,11:35,10 thg 5,10 thg 5,12:35,1h 0m,"Phú Quốc (PQC)
Sân bay Phú Quốc",Hành lý xách tay 7 kg,Hành lý 0 kg,2025-04-22
VietJet Air,PQC0096,1.319.000 VND/khách,14:05,10 thg 5,10 thg 5,15:05,1h 0m,"Phú Quốc (PQC)
Sân bay Phú Quốc",Hành lý xách tay 7 kg,Hành lý 0 kg,2025-04-22
VietJet Air,PQC0025,1.430.000 VND/khách,05:55,10 thg 5,10 thg 5,06:55,1h 0m,"Phú Quốc (PQC)
Sân bay Phú Quốc",Hành lý xách tay 7 kg,Hành lý 0 kg,2025-04-22
VietJet Air,PQC0050,1.430.000 VND/khách,09:20,10 thg 5,10 thg 5,10:20,1h 0m,"Phú Quốc (PQC)
Sân bay Phú Quốc",Hành lý xách tay 7 kg,Hành lý 0 kg,2025-04-22
Vietnam Airlines,PQC0277,1.685.313 VND/khách,15:05,10 thg 5,10 thg 5,16:10,1h 5m,"Phú Quốc (PQC)
Sân bay Phú Quốc",Hành lý xách tay 1 x 12 kg,Hành lý 23 kg,2025-04-22
Vietnam Airlines,PQC0258,1.732.266 VND/khách,13:05,10 thg 5,10 thg 5,14:00,55m,"Phú Quốc (PQC)
Sân bay Phú Quốc",Hành lý xách tay 1 x 12 kg,Hành lý 23 kg,2025-04-22
Vietnam Airlines,PQC0190,1.845.266 VND/khách,05:40,10 thg 5,10 thg 5,06:40,1h 0m,"Phú Quốc (PQC)
Sân bay Phú Quốc",Hành lý xách tay 1 x 12 kg,Hành lý 23 kg,2025-04-22
Vietnam Airlines,PQC0234,1.845.266 VND/khách,10:25,10 thg 5,10 thg 5,11:25,1h 0m,"Phú Quốc (PQC)
Sân bay Phú Quốc",Hành lý xách tay 1 x 12 kg,Hành lý 23 kg,2025-04-22
Vietnam Airlines,PQC0211,1.901.123 VND/khách,08:10,10 thg 5,10 thg 5,08:55,45m,"Phú Quốc (PQC)
Sân bay Phú Quốc",Hành lý xách tay 1 x 12 kg,Hành lý 23 kg,2025-04-22
Bamboo Airways,PQC0008,968.099 VND/khách,16:30,11 thg 5,11 thg 5,17:30,1h 0m,"Phú Quốc (PQC)
Sân bay Phú Quốc",Hành lý xách tay 7 kg,Hành lý 0 kg,2025-04-22
Vietravel Airlines,PQC0332,755.108 VND/khách,17:25,11 thg 5,11 thg 5,18:25,1h 0m,"Phú Quốc (PQC)
Sân bay Phú Quốc",Hành lý xách tay 7 kg,Hành lý 0 kg,2025-04-22
VietJet Air,PQC0118,835.000 VND/khách,15:40,11 thg 5,11 thg 5,16:40,1h 0m,"Phú Quốc (PQC)
Sân bay Phú Quốc",Hành lý xách tay 7 kg,Hành lý 0 kg,2025-04-22
VietJet Air,PQC0141,835.000 VND/khách,17:10,11 thg 5,11 thg 5,18:15,1h 5m,"Phú Quốc (PQC)
Sân bay Phú Quốc",Hành lý xách tay 7 kg,Hành lý 0 kg,2025-04-22
VietJet Air,PQC0026,1.062.000 VND/khách,05:55,11 thg 5,11 thg 5,06:55,1h 0m,"Phú Quốc (PQC)
Sân bay Phú Quốc",Hành lý xách tay 7 kg,Hành lý 0 kg,2025-04-22
Vietnam Airlines,PQC0191,1.142.856 VND/khách,05:40,11 thg 5,11 thg 5,06:40,1h 0m,"Phú Quốc (PQC)
Sân bay Phú Quốc",Hành lý xách tay 1 x 12 kg,Hành lý 23 kg,2025-04-22
Vietnam Airlines,PQC0310,1.142.856 VND/khách,20:20,11 thg 5,11 thg 5,21:20,1h 0m,"Phú Quốc (PQC)
Sân bay Phú Quốc",Hành lý xách tay 1 x 12 kg,Hành lý 23 kg,2025-04-22
VietJet Air,PQC0075,1.170.000 VND/khách,11:35,11 thg 5,11 thg 5,12:35,1h 0m,"Phú Quốc (PQC)
Sân bay Phú Quốc",Hành lý xách tay 7 kg,Hành lý 0 kg,2025-04-22
VietJet Air,PQC0097,1.170.000 VND/khách,14:05,11 thg 5,11 thg 5,15:05,1h 0m,"Phú Quốc (PQC)
Sân bay Phú Quốc",Hành lý xách tay 7 kg,Hành lý 0 kg,2025-04-22
VietJet Air,PQC0051,1.181.000 VND/khách,09:20,11 thg 5,11 thg 5,10:20,1h 0m,"Phú Quốc (PQC)
Sân bay Phú Quốc",Hành lý xách tay 7 kg,Hành lý 0 kg,2025-04-22
Vietnam Airlines,PQC0259,1.369.629 VND/khách,13:05,11 thg 5,11 thg 5,14:00,55m,"Phú Quốc (PQC)
Sân bay Phú Quốc",Hành lý xách tay 1 x 12 kg,Hành lý 23 kg,2025-04-22
Vietnam Airlines,PQC0278,1.369.629 VND/khách,15:05,11 thg 5,11 thg 5,16:10,1h 5m,"Phú Quốc (PQC)
Sân bay Phú Quốc",Hành lý xách tay 1 x 12 kg,Hành lý 23 kg,2025-04-22
Vietnam Airlines,PQC0235,1.484.514 VND/khách,10:25,11 thg 5,11 thg 5,11:25,1h 0m,"Phú Quốc (PQC)
Sân bay Phú Quốc",Hành lý xách tay 1 x 12 kg,Hành lý 23 kg,2025-04-22
Vietnam Airlines,PQC0212,1.670.328 VND/khách,08:10,11 thg 5,11 thg 5,08:55,45m,"Phú Quốc (PQC)
Sân bay Phú Quốc",Hành lý xách tay 1 x 12 kg,Hành lý 23 kg,2025-04-22
Bamboo Airways,PQC0010,1.153.459 VND/khách,16:30,23 thg 4,23 thg 4,17:30,1h 0m,"Phú Quốc (PQC)
Sân bay Phú Quốc",Hành lý xách tay 7 kg,Hành lý 0 kg,2025-04-22
Vietravel Airlines,PQC0335,1.186.028 VND/khách,17:25,23 thg 4,23 thg 4,18:25,1h 0m,"Phú Quốc (PQC)
Sân bay Phú Quốc",Hành lý xách tay 7 kg,Hành lý 0 kg,2025-04-22
VietJet Air,PQC0036,1.199.000 VND/khách,06:00,23 thg 4,23 thg 4,06:55,55m,"Phú Quốc (PQC)
Sân bay Phú Quốc",Hành lý xách tay 7 kg,Hành lý 0 kg,2025-04-22
VietJet Air,PQC0129,1.199.000 VND/khách,16:25,23 thg 4,23 thg 4,17:25,1h 0m,"Phú Quốc (PQC)
Sân bay Phú Quốc",Hành lý xách tay 7 kg,Hành lý 0 kg,2025-04-22
VietJet Air,PQC0157,1.199.000 VND/khách,17:40,23 thg 4,23 thg 4,18:40,1h 0m,"Phú Quốc (PQC)
Sân bay Phú Quốc",Hành lý xách tay 7 kg,Hành lý 0 kg,2025-04-22
VietJet Air,PQC0078,1.345.000 VND/khách,11:35,23 thg 4,23 thg 4,12:35,1h 0m,"Phú Quốc (PQC)
Sân bay Phú Quốc",Hành lý xách tay 7 kg,Hành lý 0 kg,2025-04-22
VietJet Air,PQC0100,1.345.000 VND/khách,14:05,23 thg 4,23 thg 4,15:05,1h 0m,"Phú Quốc (PQC)
Sân bay Phú Quốc",Hành lý xách tay 7 kg,Hành lý 0 kg,2025-04-22
VietJet Air,PQC0063,1.463.000 VND/khách,10:20,23 thg 4,23 thg 4,11:15,55m,"Phú Quốc (PQC)
Sân bay Phú Quốc",Hành lý xách tay 7 kg,Hành lý 0 kg,2025-04-22
Vietnam Airlines,PQC0215,1.703.295 VND/khách,08:10,23 thg 4,23 thg 4,08:55,45m,"Phú Quốc (PQC)
Sân bay Phú Quốc",Hành lý xách tay 1 x 12 kg,Hành lý 23 kg,2025-04-22
Vietnam Airlines,PQC0281,1.740.258 VND/khách,15:05,23 thg 4,23 thg 4,16:10,1h 5m,"Phú Quốc (PQC)
Sân bay Phú Quốc",Hành lý xách tay 1 x 12 kg,Hành lý 23 kg,2025-04-22
Vietnam Airlines,PQC0164,1.765.233 VND/khách,05:15,23 thg 4,23 thg 4,06:15,1h 0m,"Phú Quốc (PQC)
Sân bay Phú Quốc",Hành lý xách tay 1 x 12 kg,Hành lý 23 kg,2025-04-22
Vietnam Airlines,PQC0238,1.901.123 VND/khách,10:25,23 thg 4,23 thg 4,11:25,1h 0m,"Phú Quốc (PQC)
Sân bay Phú Quốc",Hành lý xách tay 1 x 12 kg,Hành lý 23 kg,2025-04-22
Vietnam Airlines,PQC0262,1.954.858 VND/khách,13:05,23 thg 4,23 thg 4,14:00,55m,"Phú Quốc (PQC)
Sân bay Phú Quốc",Hành lý xách tay 1 x 12 kg,Hành lý 23 kg,2025-04-22
Vietravel Airlines,PQC0336,1.137.150 VND/khách,17:25,24 thg 4,24 thg 4,18:25,1h 0m,"Phú Quốc (PQC)
Sân bay Phú Quốc",Hành lý xách tay 7 kg,Hành lý 0 kg,2025-04-22
VietJet Air,PQC0030,1.170.000 VND/khách,05:55,24 thg 4,24 thg 4,06:55,1h 0m,"Phú Quốc (PQC)
Sân bay Phú Quốc",Hành lý xách tay 7 kg,Hành lý 0 kg,2025-04-22
VietJet Air,PQC0130,1.319.000 VND/khách,16:30,24 thg 4,24 thg 4,17:30,1h 0m,"Phú Quốc (PQC)
Sân bay Phú Quốc",Hành lý xách tay 7 kg,Hành lý 0 kg,2025-04-22
Vietnam Airlines,PQC0195,1.365.633 VND/khách,05:40,24 thg 4,24 thg 4,06:40,1h 0m,"Phú Quốc (PQC)
Sân bay Phú Quốc",Hành lý xách tay 1 x 12 kg,Hành lý 23 kg,2025-04-22
VietJet Air,PQC0079,1.430.000 VND/khách,11:35,24 thg 4,24 thg 4,12:35,1h 0m,"Phú Quốc (PQC)
Sân bay Phú Quốc",Hành lý xách tay 7 kg,Hành lý 0 kg,2025-04-22
VietJet Air,PQC0101,1.430.000 VND/khách,14:05,24 thg 4,24 thg 4,15:05,1h 0m,"Phú Quốc (PQC)
Sân bay Phú Quốc",Hành lý xách tay 7 kg,Hành lý 0 kg,2025-04-22
VietJet Air,PQC0039,1.430.000 VND/khách,08:25,24 thg 4,24 thg 4,09:30,1h 5m,"Phú Quốc (PQC)
Sân bay Phú Quốc",Hành lý xách tay 7 kg,Hành lý 0 kg,2025-04-22
Vietnam Airlines,PQC0282,1.845.266 VND/khách,15:05,24 thg 4,24 thg 4,16:10,1h 5m,"Phú Quốc (PQC)
Sân bay Phú Quốc",Hành lý xách tay 1 x 12 kg,Hành lý 23 kg,2025-04-22
Vietnam Airlines,PQC0217,1.954.858 VND/khách,08:10,24 thg 4,24 thg 4,08:55,45m,"Phú Quốc (PQC)
Sân bay Phú Quốc",Hành lý xách tay 1 x 12 kg,Hành lý 23 kg,2025-04-22
Vietnam Airlines,PQC0263,1.954.858 VND/khách,13:05,24 thg 4,24 thg 4,14:00,55m,"Phú Quốc (PQC)
Sân bay Phú Quốc",Hành lý xách tay 1 x 12 kg,Hành lý 23 kg,2025-04-22
Vietnam Airlines,PQC0239,1.954.858 VND/khách,10:25,24 thg 4,24 thg 4,11:25,1h 0m,"Phú Quốc (PQC)
Sân bay Phú Quốc",Hành lý xách tay 1 x 12 kg,Hành lý 23 kg,2025-04-22
Bamboo Airways,PQC0011,1.178.643 VND/khách,16:30,25 thg 4,25 thg 4,17:30,1h 0m,"Phú Quốc (PQC)
Sân bay Phú Quốc",Hành lý xách tay 7 kg,Hành lý 0 kg,2025-04-22
Vietravel Airlines,PQC0337,962.588 VND/khách,17:25,25 thg 4,25 thg 4,18:25,1h 0m,"Phú Quốc (PQC)
Sân bay Phú Quốc",Hành lý xách tay 7 kg,Hành lý 0 kg,2025-04-22
VietJet Air,PQC0031,1.319.000 VND/khách,05:55,25 thg 4,25 thg 4,06:55,1h 0m,"Phú Quốc (PQC)
Sân bay Phú Quốc",Hành lý xách tay 7 kg,Hành lý 0 kg,2025-04-22
VietJet Air,PQC0056,1.319.000 VND/khách,09:20,25 thg 4,25 thg 4,10:20,1h 0m,"Phú Quốc (PQC)
Sân bay Phú Quốc",Hành lý xách tay 7 kg,Hành lý 0 kg,2025-04-22
VietJet Air,PQC0102,1.319.000 VND/khách,14:05,25 thg 4,25 thg 4,15:05,1h 0m,"Phú Quốc (PQC)
Sân bay Phú Quốc",Hành lý xách tay 7 kg,Hành lý 0 kg,2025-04-22
VietJet Air,PQC0146,1.319.000 VND/khách,17:10,25 thg 4,25 thg 4,18:15,1h 5m,"Phú Quốc (PQC)
Sân bay Phú Quốc",Hành lý xách tay 7 kg,Hành lý 0 kg,2025-04-22
VietJet Air,PQC0080,1.612.000 VND/khách,11:35,25 thg 4,25 thg 4,12:35,1h 0m,"Phú Quốc (PQC)
Sân bay Phú Quốc",Hành lý xách tay 7 kg,Hành lý 0 kg,2025-04-22
Vietnam Airlines,PQC0296,1.670.328 VND/khách,17:25,25 thg 4,25 thg 4,18:25,1h 0m,"Phú Quốc (PQC)
Sân bay Phú Quốc",Hành lý xách tay 1 x 12 kg,Hành lý 23 kg,2025-04-22
Vietnam Airlines,PQC0311,1.852.146 VND/khách,20:20,25 thg 4,25 thg 4,21:20,1h 0m,"Phú Quốc (PQC)
Sân bay Phú Quốc",Hành lý xách tay 1 x 12 kg,Hành lý 23 kg,2025-04-22
Vietnam Airlines,PQC0218,2.003.994 VND/khách,08:10,25 thg 4,25 thg 4,08:55,45m,"Phú Quốc (PQC)
Sân bay Phú Quốc",Hành lý xách tay 1 x 12 kg,Hành lý 23 kg,2025-04-22
Vietnam Airlines,PQC0240,2.003.994 VND/khách,10:25,25 thg 4,25 thg 4,11:25,1h 0m,"Phú Quốc (PQC)
Sân bay Phú Quốc",Hành lý xách tay 1 x 12 kg,Hành lý 23 kg,2025-04-22
Vietnam Airlines,PQC0250,2.003.994 VND/khách,13:00,25 thg 4,25 thg 4,14:00,1h 0m,"Phú Quốc (PQC)
Sân bay Phú Quốc",Hành lý xách tay 1 x 12 kg,Hành lý 23 kg,2025-04-22
Vietnam Airlines,PQC0283,2.007.990 VND/khách,15:05,25 thg 4,25 thg 4,16:10,1h 5m,"Phú Quốc (PQC)
Sân bay Phú Quốc",Hành lý xách tay 1 x 12 kg,Hành lý 23 kg,2025-04-22
Vietnam Airlines,PQC0165,2.010.987 VND/khách,05:15,25 thg 4,25 thg 4,06:15,1h 0m,"Phú Quốc (PQC)
Sân bay Phú Quốc",Hành lý xách tay 1 x 12 kg,Hành lý 23 kg,2025-04-22
Vietravel Airlines,PQC0338,1.214.955 VND/khách,17:25,26 thg 4,26 thg 4,18:25,1h 0m,"Phú Quốc (PQC)
Sân bay Phú Quốc",Hành lý xách tay 7 kg,Hành lý 0 kg,2025-04-22
Vietnam Airlines,PQC0297,1.703.295 VND/khách,17:25,26 thg 4,26 thg 4,18:25,1h 0m,"Phú Quốc (PQC)
Sân bay Phú Quốc",Hành lý xách tay 1 x 12 kg,Hành lý 23 kg,2025-04-22
Vietnam Airlines,PQC0312,1.751.247 VND/khách,20:20,26 thg 4,26 thg 4,21:20,1h 0m,"Phú Quốc (PQC)
Sân bay Phú Quốc",Hành lý xách tay 1 x 12 kg,Hành lý 23 kg,2025-04-22
Vietnam Airlines,PQC0284,1.930.068 VND/khách,15:05,26 thg 4,26 thg 4,16:10,1h 5m,"Phú Quốc (PQC)
Sân bay Phú Quốc",Hành lý xách tay 1 x 12 kg,Hành lý 23 kg,2025-04-22
VietJet Air,PQC0032,1.932.000 VND/khách,05:55,26 thg 4,26 thg 4,06:55,1h 0m,"Phú Quốc (PQC)
Sân bay Phú Quốc",Hành lý xách tay 7 kg,Hành lý 0 kg,2025-04-22
VietJet Air,PQC0081,1.932.000 VND/khách,11:35,26 thg 4,26 thg 4,12:35,1h 0m,"Phú Quốc (PQC)
Sân bay Phú Quốc",Hành lý xách tay 7 kg,Hành lý 0 kg,2025-04-22
VietJet Air,PQC0103,1.932.000 VND/khách,14:05,26 thg 4,26 thg 4,15:05,1h 0m,"Phú Quốc (PQC)
Sân bay Phú Quốc",Hành lý xách tay 7 kg,Hành lý 0 kg,2025-04-22
VietJet Air,PQC0124,1.932.000 VND/khách,15:40,26 thg 4,26 thg 4,16:40,1h 0m,"Phú Quốc (PQC)
Sân bay Phú Quốc",Hành lý xách tay 7 kg,Hành lý 0 kg,2025-04-22
VietJet Air,PQC0147,1.932.000 VND/khách,17:10,26 thg 4,26 thg 4,18:15,1h 5m,"Phú Quốc (PQC)
Sân bay Phú Quốc",Hành lý xách tay 7 kg,Hành lý 0 kg,2025-04-22
VietJet Air,PQC0057,1.965.000 VND/khách,09:20,26 thg 4,26 thg 4,10:20,1h 0m,"Phú Quốc (PQC)
Sân bay Phú Quốc",Hành lý xách tay 7 kg,Hành lý 0 kg,2025-04-22
Vietnam Airlines,PQC0219,1.974.024 VND/khách,08:10,26 thg 4,26 thg 4,08:55,45m,"Phú Quốc (PQC)
Sân bay Phú Quốc",Hành lý xách tay 1 x 12 kg,Hành lý 23 kg,2025-04-22
Bamboo Airways,PQC0012,968.099 VND/khách,16:30,27 thg 4,27 thg 4,17:30,1h 0m,"Phú Quốc (PQC)
Sân bay Phú Quốc",Hành lý xách tay 7 kg,Hành lý 0 kg,2025-04-22
Vietravel Airlines,PQC0339,1.063.335 VND/khách,17:25,27 thg 4,27 thg 4,18:25,1h 0m,"Phú Quốc (PQC)
Sân bay Phú Quốc",Hành lý xách tay 7 kg,Hành lý 0 kg,2025-04-22
VietJet Air,PQC0033,1.319.000 VND/khách,05:55,27 thg 4,27 thg 4,06:55,1h 0m,"Phú Quốc (PQC)
Sân bay Phú Quốc",Hành lý xách tay 7 kg,Hành lý 0 kg,2025-04-22
Vietnam Airlines,PQC0319,1.352.646 VND/khách,20:45,27 thg 4,27 thg 4,21:45,1h 0m,"Phú Quốc (PQC)
Sân bay Phú Quốc",Hành lý xách tay 1 x 12 kg,Hành lý 23 kg,2025-04-22
Vietnam Airlines,PQC0302,1.365.633 VND/khách,19:20,27 thg 4,27 thg 4,20:20,1h 0m,"Phú Quốc (PQC)
Sân bay Phú Quốc",Hành lý xách tay 1 x 12 kg,Hành lý 23 kg,2025-04-22
Vietnam Airlines,PQC0313,1.480.518 VND/khách,20:20,27 thg 4,27 thg 4,21:20,1h 0m,"Phú Quốc (PQC)
Sân bay Phú Quốc",Hành lý xách tay 1 x 12 kg,Hành lý 23 kg,2025-04-22
Vietnam Airlines,PQC0177,1.499.499 VND/khách,05:25,27 thg 4,27 thg 4,06:20,55m,"Phú Quốc (PQC)
Sân bay Phú Quốc",Hành lý xách tay 1 x 12 kg,Hành lý 23 kg,2025-04-22
Vietnam Airlines,PQC0163,1.602.396 VND/khách,05:10,27 thg 4,27 thg 4,06:10,1h 0m,"Phú Quốc (PQC)
Sân bay Phú Quốc",Hành lý xách tay 1 x 12 kg,Hành lý 23 kg,2025-04-22
VietJet Air,PQC0148,1.612.000 VND/khách,17:10,27 thg 4,27 thg 4,18:15,1h 5m,"Phú Quốc (PQC)
Sân bay Phú Quốc",Hành lý xách tay 7 kg,Hành lý 0 kg,2025-04-22
VietJet Air,PQC0104,1.728.000 VND/khách,14:05,27 thg 4,27 thg 4,15:05,1h 0m,"Phú Quốc (PQC)
Sân bay Phú Quốc",Hành lý xách tay 7 kg,Hành lý 0 kg,2025-04-22
Vietnam Airlines,PQC0285,1.770.228 VND/khách,15:05,27 thg 4,27 thg 4,16:10,1h 5m,"Phú Quốc (PQC)
Sân bay Phú Quốc",Hành lý xách tay 1 x 12 kg,Hành lý 23 kg,2025-04-22
VietJet Air,PQC0125,1.813.000 VND/khách,15:40,27 thg 4,27 thg 4,16:40,1h 0m,"Phú Quốc (PQC)
Sân bay Phú Quốc",Hành lý xách tay 7 kg,Hành lý 0 kg,2025-04-22
VietJet Air,PQC0082,1.843.000 VND/khách,11:35,27 thg 4,27 thg 4,12:35,1h 0m,"Phú Quốc (PQC)
Sân bay Phú Quốc",Hành lý xách tay 7 kg,Hành lý 0 kg,2025-04-22
Vietnam Airlines,PQC0242,1.856.142 VND/khách,10:25,27 thg 4,27 thg 4,11:25,1h 0m,"Phú Quốc (PQC)
Sân bay Phú Quốc",Hành lý xách tay 1 x 12 kg,Hành lý 23 kg,2025-04-22
Vietnam Airlines,PQC0220,1.915.083 VND/khách,08:10,27 thg 4,27 thg 4,08:55,45m,"Phú Quốc (PQC)
Sân bay Phú Quốc",Hành lý xách tay 1 x 12 kg,Hành lý 23 kg,2025-04-22
Vietnam Airlines,PQC0265,1.971.027 VND/khách,13:05,27 thg 4,27 thg 4,14:00,55m,"Phú Quốc (PQC)
Sân bay Phú Quốc",Hành lý xách tay 1 x 12 kg,Hành lý 23 kg,2025-04-22
Bamboo Airways,PQC0013,968.099 VND/khách,16:30,28 thg 4,28 thg 4,17:30,1h 0m,"Phú Quốc (PQC)
Sân bay Phú Quốc",Hành lý xách tay 7 kg,Hành lý 0 kg,2025-04-22
Vietravel Airlines,PQC0340,1.063.335 VND/khách,17:25,28 thg 4,28 thg 4,18:25,1h 0m,"Phú Quốc (PQC)
Sân bay Phú Quốc",Hành lý xách tay 7 kg,Hành lý 0 kg,2025-04-22
Vietnam Airlines,PQC0178,1.157.841 VND/khách,05:25,28 thg 4,28 thg 4,06:20,55m,"Phú Quốc (PQC)
Sân bay Phú Quốc",Hành lý xách tay 1 x 12 kg,Hành lý 23 kg,2025-04-22
VietJet Air,PQC0034,1.170.000 VND/khách,05:55,28 thg 4,28 thg 4,06:55,1h 0m,"Phú Quốc (PQC)
Sân bay Phú Quốc",Hành lý xách tay 7 kg,Hành lý 0 kg,2025-04-22
Vietnam Airlines,PQC0199,1.250.748 VND/khách,05:40,28 thg 4,28 thg 4,06:40,1h 0m,"Phú Quốc (PQC)
Sân bay Phú Quốc",Hành lý xách tay 1 x 12 kg,Hành lý 23 kg,2025-04-22
Vietnam Airlines,PQC0298,1.572.426 VND/khách,17:25,28 thg 4,28 thg 4,18:25,1h 0m,"Phú Quốc (PQC)
Sân bay Phú Quốc",Hành lý xách tay 1 x 12 kg,Hành lý 23 kg,2025-04-22
VietJet Air,PQC0149,1.612.000 VND/khách,17:10,28 thg 4,28 thg 4,18:15,1h 5m,"Phú Quốc (PQC)
Sân bay Phú Quốc",Hành lý xách tay 7 kg,Hành lý 0 kg,2025-04-22
Vietnam Airlines,PQC0221,1.673.325 VND/khách,08:10,28 thg 4,28 thg 4,08:55,45m,"Phú Quốc (PQC)
Sân bay Phú Quốc",Hành lý xách tay 1 x 12 kg,Hành lý 23 kg,2025-04-22
VietJet Air,PQC0105,1.727.000 VND/khách,14:05,28 thg 4,28 thg 4,15:05,1h 0m,"Phú Quốc (PQC)
Sân bay Phú Quốc",Hành lý xách tay 7 kg,Hành lý 0 kg,2025-04-22
Vietnam Airlines,PQC0314,1.762.236 VND/khách,20:20,28 thg 4,28 thg 4,21:20,1h 0m,"Phú Quốc (PQC)
Sân bay Phú Quốc",Hành lý xách tay 1 x 12 kg,Hành lý 23 kg,2025-04-22
VietJet Air,PQC0059,1.813.000 VND/khách,09:20,28 thg 4,28 thg 4,10:20,1h 0m,"Phú Quốc (PQC)
Sân bay Phú Quốc",Hành lý xách tay 7 kg,Hành lý 0 kg,2025-04-22
VietJet Air,PQC0083,1.813.000 VND/khách,11:35,28 thg 4,28 thg 4,12:35,1h 0m,"Phú Quốc (PQC)
Sân bay Phú Quốc",Hành lý xách tay 7 kg,Hành lý 0 kg,2025-04-22
VietJet Air,PQC0126,1.843.000 VND/khách,15:40,28 thg 4,28 thg 4,16:40,1h 0m,"Phú Quốc (PQC)
Sân bay Phú Quốc",Hành lý xách tay 7 kg,Hành lý 0 kg,2025-04-22
Vietnam Airlines,PQC0286,1.922.076 VND/khách,15:05,28 thg 4,28 thg 4,16:10,1h 5m,"Phú Quốc (PQC)
Sân bay Phú Quốc",Hành lý xách tay 1 x 12 kg,Hành lý 23 kg,2025-04-22
Vietnam Airlines,PQC0266,2.003.994 VND/khách,13:05,28 thg 4,28 thg 4,14:00,55m,"Phú Quốc (PQC)
Sân bay Phú Quốc",Hành lý xách tay 1 x 12 kg,Hành lý 23 kg,2025-04-22
Vietnam Airlines,PQC0243,2.003.994 VND/khách,10:25,28 thg 4,28 thg 4,11:25,1h 0m,"Phú Quốc (PQC)
Sân bay Phú Quốc",Hành lý xách tay 1 x 12 kg,Hành lý 23 kg,2025-04-22
Vietravel Airlines,PQC0341,1.641.885 VND/khách,17:25,29 thg 4,29 thg 4,18:25,1h 0m,"Phú Quốc (PQC)
Sân bay Phú Quốc",Hành lý xách tay 7 kg,Hành lý 0 kg,2025-04-22
Vietnam Airlines,PQC0179,1.689.309 VND/khách,05:25,29 thg 4,29 thg 4,06:20,55m,"Phú Quốc (PQC)
Sân bay Phú Quốc",Hành lý xách tay 1 x 12 kg,Hành lý 23 kg,2025-04-22
Vietnam Airlines,PQC0200,1.796.202 VND/khách,05:40,29 thg 4,29 thg 4,06:40,1h 0m,"Phú Quốc (PQC)
Sân bay Phú Quốc",Hành lý xách tay 1 x 12 kg,Hành lý 23 kg,2025-04-22
VietJet Air,PQC0035,1.813.000 VND/khách,05:55,29 thg 4,29 thg 4,06:55,1h 0m,"Phú Quốc (PQC)
Sân bay Phú Quốc",Hành lý xách tay 7 kg,Hành lý 0 kg,2025-04-22
VietJet Air,PQC0040,1.813.000 VND/khách,08:25,29 thg 4,29 thg 4,09:30,1h 5m,"Phú Quốc (PQC)
Sân bay Phú Quốc",Hành lý xách tay 7 kg,Hành lý 0 kg,2025-04-22
VietJet Air,PQC0084,1.843.000 VND/khách,11:35,29 thg 4,29 thg 4,12:35,1h 0m,"Phú Quốc (PQC)
Sân bay Phú Quốc",Hành lý xách tay 7 kg,Hành lý 0 kg,2025-04-22
VietJet Air,PQC0106,1.843.000 VND/khách,14:05,29 thg 4,29 thg 4,15:05,1h 0m,"Phú Quốc (PQC)
Sân bay Phú Quốc",Hành lý xách tay 7 kg,Hành lý 0 kg,2025-04-22
VietJet Air,PQC0127,1.843.000 VND/khách,15:40,29 thg 4,29 thg 4,16:40,1h 0m,"Phú Quốc (PQC)
Sân bay Phú Quốc",Hành lý xách tay 7 kg,Hành lý 0 kg,2025-04-22
VietJet Air,PQC0060,1.869.000 VND/khách,09:20,29 thg 4,29 thg 4,10:20,1h 0m,"Phú Quốc (PQC)
Sân bay Phú Quốc",Hành lý xách tay 7 kg,Hành lý 0 kg,2025-04-22
VietJet Air,PQC0153,1.928.000 VND/khách,17:25,29 thg 4,29 thg 4,18:30,1h 5m,"Phú Quốc (PQC)
Sân bay Phú Quốc",Hành lý xách tay 7 kg,Hành lý 0 kg,2025-04-22
Vietnam Airlines,PQC0299,2.003.994 VND/khách,17:25,29 thg 4,29 thg 4,18:25,1h 0m,"Phú Quốc (PQC)
Sân bay Phú Quốc",Hành lý xách tay 1 x 12 kg,Hành lý 23 kg,2025-04-22
Vietnam Airlines,PQC0321,2.003.994 VND/khách,21:05,29 thg 4,29 thg 4,22:05,1h 0m,"Phú Quốc (PQC)
Sân bay Phú Quốc",Hành lý xách tay 1 x 12 kg,Hành lý 23 kg,2025-04-22
Vietnam Airlines,PQC0287,2.003.994 VND/khách,15:05,29 thg 4,29 thg 4,16:10,1h 5m,"Phú Quốc (PQC)
Sân bay Phú Quốc",Hành lý xách tay 1 x 12 kg,Hành lý 23 kg,2025-04-22
Vietnam Airlines,PQC0246,2.007.990 VND/khách,12:10,29 thg 4,29 thg 4,13:10,1h 0m,"Phú Quốc (PQC)
Sân bay Phú Quốc",Hành lý xách tay 1 x 12 kg,Hành lý 23 kg,2025-04-22
Vietnam Airlines,PQC0267,2.012.985 VND/khách,13:05,29 thg 4,29 thg 4,14:00,55m,"Phú Quốc (PQC)
Sân bay Phú Quốc",Hành lý xách tay 1 x 12 kg,Hành lý 23 kg,2025-04-22
VietJet Air,PQC0061,3.719.005 VND/khách,09:20,30 thg 4,30 thg 4,10:20,1h 0m,"Phú Quốc (PQC)
Sân bay Phú Quốc",Hành lý xách tay 7 kg,Hành lý 0 kg,2025-04-22
Bamboo Airways,PQC0001,1.911.014 VND/khách,16:30,01 thg 5,01 thg 5,17:30,1h 0m,"Phú Quốc (PQC)
Sân bay Phú Quốc",Hành lý xách tay 7 kg,Hành lý 20 kg,2025-04-23
Vietravel Airlines,PQC0322,1.718.693 VND/khách,17:25,01 thg 5,01 thg 5,18:25,1h 0m,"Phú Quốc (PQC)
Sân bay Phú Quốc",Hành lý xách tay 7 kg,Hành lý 0 kg,2025-04-23
VietJet Air,PQC0131,1.936.000 VND/khách,17:10,01 thg 5,01 thg 5,18:15,1h 5m,"Phú Quốc (PQC)
Sân bay Phú Quốc",Hành lý xách tay 7 kg,Hành lý 0 kg,2025-04-23
VietJet Air,PQC0154,1.936.000 VND/khách,17:40,01 thg 5,01 thg 5,18:45,1h 5m,"Phú Quốc (PQC)
Sân bay Phú Quốc",Hành lý xách tay 7 kg,Hành lý 0 kg,2025-04-23
Vietnam Airlines,PQC0289,1.990.008 VND/khách,16:15,01 thg 5,01 thg 5,17:15,1h 0m,"Phú Quốc (PQC)
Sân bay Phú Quốc",Hành lý xách tay 1 x 12 kg,Hành lý 23 kg,2025-04-23
Vietnam Airlines,PQC0291,1.990.008 VND/khách,17:25,01 thg 5,01 thg 5,18:25,1h 0m,"Phú Quốc (PQC)
Sân bay Phú Quốc",Hành lý xách tay 1 x 12 kg,Hành lý 23 kg,2025-04-23
Vietnam Airlines,PQC0225,2.011.986 VND/khách,10:25,01 thg 5,01 thg 5,11:25,1h 0m,"Phú Quốc (PQC)
Sân bay Phú Quốc",Hành lý xách tay 1 x 12 kg,Hành lý 23 kg,2025-04-23
Vietnam Airlines,PQC0181,2.015.982 VND/khách,05:40,01 thg 5,01 thg 5,06:40,1h 0m,"Phú Quốc (PQC)
Sân bay Phú Quốc",Hành lý xách tay 1 x 12 kg,Hành lý 23 kg,2025-04-23
Bamboo Airways,PQC0002,1.686.367 VND/khách,16:30,02 thg 5,02 thg 5,17:30,1h 0m,"Phú Quốc (PQC)
Sân bay Phú Quốc",Hành lý xách tay 7 kg,Hành lý 0 kg,2025-04-23
Vietravel Airlines,PQC0323,1.476.300 VND/khách,17:25,02 thg 5,02 thg 5,18:25,1h 0m,"Phú Quốc (PQC)
Sân bay Phú Quốc",Hành lý xách tay 7 kg,Hành lý 0 kg,2025-04-23
Vietnam Airlines,PQC0167,1.577.421 VND/khách,05:25,02 thg 5,02 thg 5,06:20,55m,"Phú Quốc (PQC)
Sân bay Phú Quốc",Hành lý xách tay 1 x 12 kg,Hành lý 23 kg,2025-04-23
VietJet Air,PQC0017,1.734.000 VND/khách,05:55,02 thg 5,02 thg 5,06:55,1h 0m,"Phú Quốc (PQC)
Sân bay Phú Quốc",Hành lý xách tay 7 kg,Hành lý 0 kg,2025-04-23
VietJet Air,PQC0132,1.734.000 VND/khách,17:10,02 thg 5,02 thg 5,18:15,1h 5m,"Phú Quốc (PQC)
Sân bay Phú Quốc",Hành lý xách tay 7 kg,Hành lý 0 kg,2025-04-23
Vietnam Airlines,PQC0182,1.787.211 VND/khách,05:40,02 thg 5,02 thg 5,06:40,1h 0m,"Phú Quốc (PQC)
Sân bay Phú Quốc",Hành lý xách tay 1 x 12 kg,Hành lý 23 kg,2025-04-23
VietJet Air,PQC0109,1.823.000 VND/khách,15:40,02 thg 5,02 thg 5,16:40,1h 0m,"Phú Quốc (PQC)
Sân bay Phú Quốc",Hành lý xách tay 7 kg,Hành lý 0 kg,2025-04-23
VietJet Air,PQC0042,1.850.000 VND/khách,09:20,02 thg 5,02 thg 5,10:20,1h 0m,"Phú Quốc (PQC)
Sân bay Phú Quốc",Hành lý xách tay 7 kg,Hành lý 0 kg,2025-04-23
VietJet Air,PQC0088,1.850.000 VND/khách,14:05,02 thg 5,02 thg 5,15:05,1h 0m,"Phú Quốc (PQC)
Sân bay Phú Quốc",Hành lý xách tay 7 kg,Hành lý 0 kg,2025-04-23
Vietnam Airlines,PQC0203,1.986.012 VND/khách,08:10,02 thg 5,02 thg 5,08:55,45m,"Phú Quốc (PQC)
Sân bay Phú Quốc",Hành lý xách tay 1 x 12 kg,Hành lý 23 kg,2025-04-23
Vietnam Airlines,PQC0292,1.990.008 VND/khách,17:25,02 thg 5,02 thg 5,18:25,1h 0m,"Phú Quốc (PQC)
Sân bay Phú Quốc",Hành lý xách tay 1 x 12 kg,Hành lý 23 kg,2025-04-23
Vietnam Airlines,PQC0301,1.990.008 VND/khách,19:20,02 thg 5,02 thg 5,20:20,1h 0m,"Phú Quốc (PQC)
Sân bay Phú Quốc",Hành lý xách tay 1 x 12 kg,Hành lý 23 kg,2025-04-23
Vietnam Airlines,PQC0305,2.000.997 VND/khách,20:20,02 thg 5,02 thg 5,21:20,1h 0m,"Phú Quốc (PQC)
Sân bay Phú Quốc",Hành lý xách tay 1 x 12 kg,Hành lý 23 kg,2025-04-23
Vietnam Airlines,PQC0269,2.007.990 VND/khách,15:05,02 thg 5,02 thg 5,16:10,1h 5m,"Phú Quốc (PQC)
Sân bay Phú Quốc",Hành lý xách tay 1 x 12 kg,Hành lý 23 kg,2025-04-23
Vietnam Airlines,PQC0226,2.015.982 VND/khách,10:25,02 thg 5,02 thg 5,11:25,1h 0m,"Phú Quốc (PQC)
Sân bay Phú Quốc",Hành lý xách tay 1 x 12 kg,Hành lý 23 kg,2025-04-23
Bamboo Airways,PQC0003,1.001.343 VND/khách,16:30,03 thg 5,03 thg 5,17:30,1h 0m,"Phú Quốc (PQC)
Sân bay Phú Quốc",Hành lý xách tay 7 kg,Hành lý 0 kg,2025-04-23
Vietravel Airlines,PQC0324,969.570 VND/khách,17:25,03 thg 5,03 thg 5,18:25,1h 0m,"Phú Quốc (PQC)
Sân bay Phú Quốc",Hành lý xách tay 7 kg,Hành lý 0 kg,2025-04-23
VietJet Air,PQC0037,1.178.000 VND/khách,08:25,03 thg 5,03 thg 5,09:30,1h 5m,"Phú Quốc (PQC)
Sân bay Phú Quốc",Hành lý xách tay 7 kg,Hành lý 0 kg,2025-04-23
Vietnam Airlines,PQC0168,1.269.729 VND/khách,05:25,03 thg 5,03 thg 5,06:20,55m,"Phú Quốc (PQC)
Sân bay Phú Quốc",Hành lý xách tay 1 x 12 kg,Hành lý 23 kg,2025-04-23
Vietnam Airlines,PQC0183,1.392.606 VND/khách,05:40,03 thg 5,03 thg 5,06:40,1h 0m,"Phú Quốc (PQC)
Sân bay Phú Quốc",Hành lý xách tay 1 x 12 kg,Hành lý 23 kg,2025-04-23
VietJet Air,PQC0018,1.442.000 VND/khách,05:55,03 thg 5,03 thg 5,06:55,1h 0m,"Phú Quốc (PQC)
Sân bay Phú Quốc",Hành lý xách tay 7 kg,Hành lý 0 kg,2025-04-23
VietJet Air,PQC0089,1.442.000 VND/khách,14:05,03 thg 5,03 thg 5,15:05,1h 0m,"Phú Quốc (PQC)
Sân bay Phú Quốc",Hành lý xách tay 7 kg,Hành lý 0 kg,2025-04-23
VietJet Air,PQC0133,1.442.000 VND/khách,17:10,03 thg 5,03 thg 5,18:15,1h 5m,"Phú Quốc (PQC)
Sân bay Phú Quốc",Hành lý xách tay 7 kg,Hành lý 0 kg,2025-04-23
Vietnam Airlines,PQC0293,1.492.506 VND/khách,17:25,03 thg 5,03 thg 5,18:25,1h 0m,"Phú Quốc (PQC)
Sân bay Phú Quốc",Hành lý xách tay 1 x 12 kg,Hành lý 23 kg,2025-04-23
Vietnam Airlines,PQC0303,1.505.493 VND/khách,19:45,03 thg 5,03 thg 5,20:45,1h 0m,"Phú Quốc (PQC)
Sân bay Phú Quốc",Hành lý xách tay 1 x 12 kg,Hành lý 23 kg,2025-04-23
Vietnam Airlines,PQC0306,1.694.304 VND/khách,20:20,03 thg 5,03 thg 5,21:20,1h 0m,"Phú Quốc (PQC)
Sân bay Phú Quốc",Hành lý xách tay 1 x 12 kg,Hành lý 23 kg,2025-04-23
VietJet Air,PQC0110,1.734.000 VND/khách,15:40,03 thg 5,03 thg 5,16:40,1h 0m,"Phú Quốc (PQC)
Sân bay Phú Quốc",Hành lý xách tay 7 kg,Hành lý 0 kg,2025-04-23
Vietnam Airlines,PQC0204,1.738.260 VND/khách,08:10,03 thg 5,03 thg 5,08:55,45m,"Phú Quốc (PQC)
Sân bay Phú Quốc",Hành lý xách tay 1 x 12 kg,Hành lý 23 kg,2025-04-23
VietJet Air,PQC0043,1.823.000 VND/khách,09:20,03 thg 5,03 thg 5,10:20,1h 0m,"Phú Quốc (PQC)
Sân bay Phú Quốc",Hành lý xách tay 7 kg,Hành lý 0 kg,2025-04-23
Vietnam Airlines,PQC0270,1.845.882 VND/khách,15:05,03 thg 5,03 thg 5,16:10,1h 5m,"Phú Quốc (PQC)
Sân bay Phú Quốc",Hành lý xách tay 1 x 12 kg,Hành lý 23 kg,2025-04-23
VietJet Air,PQC0067,1.850.000 VND/khách,11:35,03 thg 5,03 thg 5,12:35,1h 0m,"Phú Quốc (PQC)
Sân bay Phú Quốc",Hành lý xách tay 7 kg,Hành lý 0 kg,2025-04-23
Vietnam Airlines,PQC0227,1.901.758 VND/khách,10:25,03 thg 5,03 thg 5,11:25,1h 0m,"Phú Quốc (PQC)
Sân bay Phú Quốc",Hành lý xách tay 1 x 12 kg,Hành lý 23 kg,2025-04-23
Vietnam Airlines,PQC0252,1.955.512 VND/khách,13:05,03 thg 5,03 thg 5,14:00,55m,"Phú Quốc (PQC)
Sân bay Phú Quốc",Hành lý xách tay 1 x 12 kg,Hành lý 23 kg,2025-04-23
Bamboo Airways,PQC0004,1.316.655 VND/khách,16:30,04 thg 5,04 thg 5,17:30,1h 0m,"Phú Quốc (PQC)
Sân bay Phú Quốc",Hành lý xách tay 7 kg,Hành lý 0 kg,2025-04-23
Vietravel Airlines,PQC0325,968.573 VND/khách,17:25,04 thg 5,04 thg 5,18:25,1h 0m,"Phú Quốc (PQC)
Sân bay Phú Quốc",Hành lý xách tay 7 kg,Hành lý 0 kg,2025-04-23
VietJet Air,PQC0019,1.065.000 VND/khách,05:55,04 thg 5,04 thg 5,06:55,1h 0m,"Phú Quốc (PQC)
Sân bay Phú Quốc",Hành lý xách tay 7 kg,Hành lý 0 kg,2025-04-23
VietJet Air,PQC0111,1.065.000 VND/khách,15:40,04 thg 5,04 thg 5,16:40,1h 0m,"Phú Quốc (PQC)
Sân bay Phú Quốc",Hành lý xách tay 7 kg,Hành lý 0 kg,2025-04-23
VietJet Air,PQC0134,1.065.000 VND/khách,17:10,04 thg 5,04 thg 5,18:15,1h 5m,"Phú Quốc (PQC)
Sân bay Phú Quốc",Hành lý xách tay 7 kg,Hành lý 0 kg,2025-04-23
Vietnam Airlines,PQC0169,1.097.901 VND/khách,05:25,04 thg 5,04 thg 5,06:20,55m,"Phú Quốc (PQC)
Sân bay Phú Quốc",Hành lý xách tay 1 x 12 kg,Hành lý 23 kg,2025-04-23
Vietnam Airlines,PQC0317,1.119.879 VND/khách,20:25,04 thg 5,04 thg 5,21:25,1h 0m,"Phú Quốc (PQC)
Sân bay Phú Quốc",Hành lý xách tay 1 x 12 kg,Hành lý 23 kg,2025-04-23
Vietnam Airlines,PQC0184,1.164.834 VND/khách,05:40,04 thg 5,04 thg 5,06:40,1h 0m,"Phú Quốc (PQC)
Sân bay Phú Quốc",Hành lý xách tay 1 x 12 kg,Hành lý 23 kg,2025-04-23
Vietnam Airlines,PQC0320,1.164.834 VND/khách,21:00,04 thg 5,04 thg 5,22:00,1h 0m,"Phú Quốc (PQC)
Sân bay Phú Quốc",Hành lý xách tay 1 x 12 kg,Hành lý 23 kg,2025-04-23
Vietnam Airlines,PQC0162,1.167.831 VND/khách,05:10,04 thg 5,04 thg 5,06:10,1h 0m,"Phú Quốc (PQC)
Sân bay Phú Quốc",Hành lý xách tay 1 x 12 kg,Hành lý 23 kg,2025-04-23
Vietnam Airlines,PQC0294,1.167.831 VND/khách,17:25,04 thg 5,04 thg 5,18:25,1h 0m,"Phú Quốc (PQC)
Sân bay Phú Quốc",Hành lý xách tay 1 x 12 kg,Hành lý 23 kg,2025-04-23
VietJet Air,PQC0090,1.177.000 VND/khách,14:05,04 thg 5,04 thg 5,15:05,1h 0m,"Phú Quốc (PQC)
Sân bay Phú Quốc",Hành lý xách tay 7 kg,Hành lý 0 kg,2025-04-23
VietJet Air,PQC0044,1.315.000 VND/khách,09:20,04 thg 5,04 thg 5,10:20,1h 0m,"Phú Quốc (PQC)
Sân bay Phú Quốc",Hành lý xách tay 7 kg,Hành lý 0 kg,2025-04-23
VietJet Air,PQC0068,1.315.000 VND/khách,11:35,04 thg 5,04 thg 5,12:35,1h 0m,"Phú Quốc (PQC)
Sân bay Phú Quốc",Hành lý xách tay 7 kg,Hành lý 0 kg,2025-04-23
Bamboo Airways,PQC0004,1.316.655 VND/khách,16:30,04 thg 5,04 thg 5,17:30,1h 0m,"Phú Quốc (PQC)
Sân bay Phú Quốc",Hành lý xách tay 7 kg,Hành lý 0 kg,2025-04-23
Vietnam Airlines,PQC0271,1.377.621 VND/khách,15:05,04 thg 5,04 thg 5,16:10,1h 5m,"Phú Quốc (PQC)
Sân bay Phú Quốc",Hành lý xách tay 1 x 12 kg,Hành lý 23 kg,2025-04-23
Vietnam Airlines,PQC0205,1.474.524 VND/khách,08:10,04 thg 5,04 thg 5,08:55,45m,"Phú Quốc (PQC)
Sân bay Phú Quốc",Hành lý xách tay 1 x 12 kg,Hành lý 23 kg,2025-04-23
Vietnam Airlines,PQC0253,1.577.421 VND/khách,13:05,04 thg 5,04 thg 5,14:00,55m,"Phú Quốc (PQC)
Sân bay Phú Quốc",Hành lý xách tay 1 x 12 kg,Hành lý 23 kg,2025-04-23
Vietnam Airlines,PQC0228,1.683.315 VND/khách,10:25,04 thg 5,04 thg 5,11:25,1h 0m,"Phú Quốc (PQC)
Sân bay Phú Quốc",Hành lý xách tay 1 x 12 kg,Hành lý 23 kg,2025-04-23
Bamboo Airways,PQC0005,1.153.459 VND/khách,16:30,05 thg 5,05 thg 5,17:30,1h 0m,"Phú Quốc (PQC)
Sân bay Phú Quốc",Hành lý xách tay 7 kg,Hành lý 0 kg,2025-04-23
Vietravel Airlines,PQC0326,760.095 VND/khách,17:25,05 thg 5,05 thg 5,18:25,1h 0m,"Phú Quốc (PQC)
Sân bay Phú Quốc",Hành lý xách tay 7 kg,Hành lý 0 kg,2025-04-23
VietJet Air,PQC0135,834.000 VND/khách,17:10,05 thg 5,05 thg 5,18:15,1h 5m,"Phú Quốc (PQC)
Sân bay Phú Quốc",Hành lý xách tay 7 kg,Hành lý 0 kg,2025-04-23
Vietnam Airlines,PQC0170,870.129 VND/khách,05:25,05 thg 5,05 thg 5,06:20,55m,"Phú Quốc (PQC)
Sân bay Phú Quốc",Hành lý xách tay 1 x 12 kg,Hành lý 0 kg,2025-04-23
VietJet Air,PQC0020,1.065.000 VND/khách,05:55,05 thg 5,05 thg 5,06:55,1h 0m,"Phú Quốc (PQC)
Sân bay Phú Quốc",Hành lý xách tay 7 kg,Hành lý 0 kg,2025-04-23
VietJet Air,PQC0112,1.065.000 VND/khách,15:40,05 thg 5,05 thg 5,16:40,1h 0m,"Phú Quốc (PQC)
Sân bay Phú Quốc",Hành lý xách tay 7 kg,Hành lý 0 kg,2025-04-23
VietJet Air,PQC0091,1.177.000 VND/khách,14:05,05 thg 5,05 thg 5,15:05,1h 0m,"Phú Quốc (PQC)
Sân bay Phú Quốc",Hành lý xách tay 7 kg,Hành lý 0 kg,2025-04-23
Vietnam Airlines,PQC0185,1.246.752 VND/khách,05:40,05 thg 5,05 thg 5,06:40,1h 0m,"Phú Quốc (PQC)
Sân bay Phú Quốc",Hành lý xách tay 1 x 12 kg,Hành lý 23 kg,2025-04-23
VietJet Air,PQC0045,1.319.000 VND/khách,09:20,05 thg 5,05 thg 5,10:20,1h 0m,"Phú Quốc (PQC)
Sân bay Phú Quốc",Hành lý xách tay 7 kg,Hành lý 0 kg,2025-04-23
VietJet Air,PQC0069,1.319.000 VND/khách,11:35,05 thg 5,05 thg 5,12:35,1h 0m,"Phú Quốc (PQC)
Sân bay Phú Quốc",Hành lý xách tay 7 kg,Hành lý 0 kg,2025-04-23
Vietnam Airlines,PQC0295,1.377.621 VND/khách,17:25,05 thg 5,05 thg 5,18:25,1h 0m,"Phú Quốc (PQC)
Sân bay Phú Quốc",Hành lý xách tay 1 x 12 kg,Hành lý 23 kg,2025-04-23
Vietnam Airlines,PQC0308,1.377.621 VND/khách,20:20,05 thg 5,05 thg 5,21:20,1h 0m,"Phú Quốc (PQC)
Sân bay Phú Quốc",Hành lý xách tay 1 x 12 kg,Hành lý 23 kg,2025-04-23
Vietnam Airlines,PQC0318,1.381.617 VND/khách,20:25,05 thg 5,05 thg 5,21:25,1h 0m,"Phú Quốc (PQC)
Sân bay Phú Quốc",Hành lý xách tay 1 x 12 kg,Hành lý 23 kg,2025-04-23
Vietnam Airlines,PQC0272,1.497.501 VND/khách,15:05,05 thg 5,05 thg 5,16:10,1h 5m,"Phú Quốc (PQC)
Sân bay Phú Quốc",Hành lý xách tay 1 x 12 kg,Hành lý 23 kg,2025-04-23
Vietnam Airlines,PQC0254,1.577.421 VND/khách,13:05,05 thg 5,05 thg 5,14:00,55m,"Phú Quốc (PQC)
Sân bay Phú Quốc",Hành lý xách tay 1 x 12 kg,Hành lý 23 kg,2025-04-23
Vietnam Airlines,PQC0206,1.698.300 VND/khách,08:10,05 thg 5,05 thg 5,08:55,45m,"Phú Quốc (PQC)
Sân bay Phú Quốc",Hành lý xách tay 1 x 12 kg,Hành lý 23 kg,2025-04-23
Vietnam Airlines,PQC0229,1.698.300 VND/khách,10:25,05 thg 5,05 thg 5,11:25,1h 0m,"Phú Quốc (PQC)
Sân bay Phú Quốc",Hành lý xách tay 1 x 12 kg,Hành lý 23 kg,2025-04-23
Vietravel Airlines,PQC0327,760.095 VND/khách,17:25,06 thg 5,06 thg 5,18:25,1h 0m,"Phú Quốc (PQC)
Sân bay Phú Quốc",Hành lý xách tay 7 kg,Hành lý 0 kg,2025-04-23
VietJet Air,PQC0136,834.000 VND/khách,17:10,06 thg 5,06 thg 5,18:15,1h 5m,"Phú Quốc (PQC)
Sân bay Phú Quốc",Hành lý xách tay 7 kg,Hành lý 0 kg,2025-04-23
VietJet Air,PQC0021,1.065.000 VND/khách,05:55,06 thg 5,06 thg 5,06:55,1h 0m,"Phú Quốc (PQC)
Sân bay Phú Quốc",Hành lý xách tay 7 kg,Hành lý 0 kg,2025-04-23
VietJet Air,PQC0113,1.065.000 VND/khách,15:40,06 thg 5,06 thg 5,16:40,1h 0m,"Phú Quốc (PQC)
Sân bay Phú Quốc",Hành lý xách tay 7 kg,Hành lý 0 kg,2025-04-23
VietJet Air,PQC0064,1.178.000 VND/khách,11:30,06 thg 5,06 thg 5,12:30,1h 0m,"Phú Quốc (PQC)
Sân bay Phú Quốc",Hành lý xách tay 7 kg,Hành lý 0 kg,2025-04-23
VietJet Air,PQC0070,1.178.000 VND/khách,11:35,06 thg 5,06 thg 5,12:35,1h 0m,"Phú Quốc (PQC)
Sân bay Phú Quốc",Hành lý xách tay 7 kg,Hành lý 0 kg,2025-04-23
VietJet Air,PQC0092,1.178.000 VND/khách,14:05,06 thg 5,06 thg 5,15:05,1h 0m,"Phú Quốc (PQC)
Sân bay Phú Quốc",Hành lý xách tay 7 kg,Hành lý 0 kg,2025-04-23
Vietnam Airlines,PQC0186,1.257.741 VND/khách,05:40,06 thg 5,06 thg 5,06:40,1h 0m,"Phú Quốc (PQC)
Sân bay Phú Quốc",Hành lý xách tay 1 x 12 kg,Hành lý 23 kg,2025-04-23
VietJet Air,PQC0046,1.319.000 VND/khách,09:20,06 thg 5,06 thg 5,10:20,1h 0m,"Phú Quốc (PQC)
Sân bay Phú Quốc",Hành lý xách tay 7 kg,Hành lý 0 kg,2025-04-23
Vietnam Airlines,PQC0273,1.500.498 VND/khách,15:05,06 thg 5,06 thg 5,16:10,1h 5m,"Phú Quốc (PQC)
Sân bay Phú Quốc",Hành lý xách tay 1 x 12 kg,Hành lý 23 kg,2025-04-23
Vietnam Airlines,PQC0207,1.578.420 VND/khách,08:10,06 thg 5,06 thg 5,08:55,45m,"Phú Quốc (PQC)
Sân bay Phú Quốc",Hành lý xách tay 1 x 12 kg,Hành lý 23 kg,2025-04-23
Vietnam Airlines,PQC0255,1.578.420 VND/khách,13:05,06 thg 5,06 thg 5,14:00,55m,"Phú Quốc (PQC)
Sân bay Phú Quốc",Hành lý xách tay 1 x 12 kg,Hành lý 23 kg,2025-04-23
Vietnam Airlines,PQC0230,1.691.307 VND/khách,10:25,06 thg 5,06 thg 5,11:25,1h 0m,"Phú Quốc (PQC)
Sân bay Phú Quốc",Hành lý xách tay 1 x 12 kg,Hành lý 23 kg,2025-04-23
Bamboo Airways,PQC0006,839.154 VND/khách,16:30,07 thg 5,07 thg 5,17:30,1h 0m,"Phú Quốc (PQC)
Sân bay Phú Quốc",Hành lý xách tay 7 kg,Hành lý 0 kg,2025-04-23
Vietravel Airlines,PQC0328,760.095 VND/khách,17:25,07 thg 5,07 thg 5,18:25,1h 0m,"Phú Quốc (PQC)
Sân bay Phú Quốc",Hành lý xách tay 7 kg,Hành lý 0 kg,2025-04-23
VietJet Air,PQC0022,834.000 VND/khách,05:55,07 thg 5,07 thg 5,06:55,1h 0m,"Phú Quốc (PQC)
Sân bay Phú Quốc",Hành lý xách tay 7 kg,Hành lý 0 kg,2025-04-23
VietJet Air,PQC0137,834.000 VND/khách,17:10,07 thg 5,07 thg 5,18:15,1h 5m,"Phú Quốc (PQC)
Sân bay Phú Quốc",Hành lý xách tay 7 kg,Hành lý 0 kg,2025-04-23
VietJet Air,PQC0114,1.065.000 VND/khách,15:40,07 thg 5,07 thg 5,16:40,1h 0m,"Phú Quốc (PQC)
Sân bay Phú Quốc",Hành lý xách tay 7 kg,Hành lý 0 kg,2025-04-23
VietJet Air,PQC0071,1.177.000 VND/khách,11:35,07 thg 5,07 thg 5,12:35,1h 0m,"Phú Quốc (PQC)
Sân bay Phú Quốc",Hành lý xách tay 7 kg,Hành lý 0 kg,2025-04-23
VietJet Air,PQC0093,1.177.000 VND/khách,14:05,07 thg 5,07 thg 5,15:05,1h 0m,"Phú Quốc (PQC)
Sân bay Phú Quốc",Hành lý xách tay 7 kg,Hành lý 0 kg,2025-04-23
Vietnam Airlines,PQC0187,1.242.756 VND/khách,05:40,07 thg 5,07 thg 5,06:40,1h 0m,"Phú Quốc (PQC)
Sân bay Phú Quốc",Hành lý xách tay 1 x 12 kg,Hành lý 23 kg,2025-04-23
VietJet Air,PQC0047,1.315.000 VND/khách,09:20,07 thg 5,07 thg 5,10:20,1h 0m,"Phú Quốc (PQC)
Sân bay Phú Quốc",Hành lý xách tay 7 kg,Hành lý 0 kg,2025-04-23
Vietnam Airlines,PQC0208,1.577.421 VND/khách,08:10,07 thg 5,07 thg 5,08:55,45m,"Phú Quốc (PQC)
Sân bay Phú Quốc",Hành lý xách tay 1 x 12 kg,Hành lý 23 kg,2025-04-23
Vietnam Airlines,PQC0274,1.577.421 VND/khách,15:05,07 thg 5,07 thg 5,16:10,1h 5m,"Phú Quốc (PQC)
Sân bay Phú Quốc",Hành lý xách tay 1 x 12 kg,Hành lý 23 kg,2025-04-23
Vietnam Airlines,PQC0231,1.683.315 VND/khách,10:25,07 thg 5,07 thg 5,11:25,1h 0m,"Phú Quốc (PQC)
Sân bay Phú Quốc",Hành lý xách tay 1 x 12 kg,Hành lý 23 kg,2025-04-23
Vietnam Airlines,PQC0256,1.888.110 VND/khách,13:05,07 thg 5,07 thg 5,14:00,55m,"Phú Quốc (PQC)
Sân bay Phú Quốc",Hành lý xách tay 1 x 12 kg,Hành lý 23 kg,2025-04-23
VietJet Air,PQC0023,1.065.000 VND/khách,05:55,08 thg 5,08 thg 5,06:55,1h 0m,"Phú Quốc (PQC)
Sân bay Phú Quốc",Hành lý xách tay 7 kg,Hành lý 0 kg,2025-04-23
Vietravel Airlines,PQC0329,1.070.318 VND/khách,17:25,08 thg 5,08 thg 5,18:25,1h 0m,"Phú Quốc (PQC)
Sân bay Phú Quốc",Hành lý xách tay 7 kg,Hành lý 0 kg,2025-04-23
VietJet Air,PQC0072,1.319.000 VND/khách,11:35,08 thg 5,08 thg 5,12:35,1h 0m,"Phú Quốc (PQC)
Sân bay Phú Quốc",Hành lý xách tay 7 kg,Hành lý 0 kg,2025-04-23
VietJet Air,PQC0094,1.319.000 VND/khách,14:05,08 thg 5,08 thg 5,15:05,1h 0m,"Phú Quốc (PQC)
Sân bay Phú Quốc",Hành lý xách tay 7 kg,Hành lý 0 kg,2025-04-23
VietJet Air,PQC0115,1.319.000 VND/khách,15:40,08 thg 5,08 thg 5,16:40,1h 0m,"Phú Quốc (PQC)
Sân bay Phú Quốc",Hành lý xách tay 7 kg,Hành lý 0 kg,2025-04-23
VietJet Air,PQC0038,1.319.000 VND/khách,08:25,08 thg 5,08 thg 5,09:30,1h 5m,"Phú Quốc (PQC)
Sân bay Phú Quốc",Hành lý xách tay 7 kg,Hành lý 0 kg,2025-04-23
VietJet Air,PQC0138,1.319.000 VND/khách,17:10,08 thg 5,08 thg 5,18:15,1h 5m,"Phú Quốc (PQC)
Sân bay Phú Quốc",Hành lý xách tay 7 kg,Hành lý 0 kg,2025-04-23
VietJet Air,PQC0155,1.319.000 VND/khách,17:40,08 thg 5,08 thg 5,18:45,1h 5m,"Phú Quốc (PQC)
Sân bay Phú Quốc",Hành lý xách tay 7 kg,Hành lý 0 kg,2025-04-23
VietJet Air,PQC0048,1.353.000 VND/khách,09:20,08 thg 5,08 thg 5,10:20,1h 0m,"Phú Quốc (PQC)
Sân bay Phú Quốc",Hành lý xách tay 7 kg,Hành lý 0 kg,2025-04-23
Vietnam Airlines,PQC0188,1.381.617 VND/khách,05:40,08 thg 5,08 thg 5,06:40,1h 0m,"Phú Quốc (PQC)
Sân bay Phú Quốc",Hành lý xách tay 1 x 12 kg,Hành lý 23 kg,2025-04-23
Vietnam Airlines,PQC0275,1.687.311 VND/khách,15:05,08 thg 5,08 thg 5,16:10,1h 5m,"Phú Quốc (PQC)
Sân bay Phú Quốc",Hành lý xách tay 1 x 12 kg,Hành lý 23 kg,2025-04-23
Vietnam Airlines,PQC0209,1.738.260 VND/khách,08:10,08 thg 5,08 thg 5,08:55,45m,"Phú Quốc (PQC)
Sân bay Phú Quốc",Hành lý xách tay 1 x 12 kg,Hành lý 23 kg,2025-04-23
Vietnam Airlines,PQC0257,1.738.260 VND/khách,13:05,08 thg 5,08 thg 5,14:00,55m,"Phú Quốc (PQC)
Sân bay Phú Quốc",Hành lý xách tay 1 x 12 kg,Hành lý 23 kg,2025-04-23
Vietnam Airlines,PQC0232,1.738.260 VND/khách,10:25,08 thg 5,08 thg 5,11:25,1h 0m,"Phú Quốc (PQC)
Sân bay Phú Quốc",Hành lý xách tay 1 x 12 kg,Hành lý 23 kg,2025-04-23
Bamboo Airways,PQC0007,1.393.000 VND/khách,16:30,09 thg 5,09 thg 5,17:30,1h 0m,"Phú Quốc (PQC)
Sân bay Phú Quốc",Hành lý xách tay 7 kg,Hành lý 0 kg,2025-04-23
Vietravel Airlines,PQC0330,1.148.123 VND/khách,17:25,09 thg 5,09 thg 5,18:25,1h 0m,"Phú Quốc (PQC)
Sân bay Phú Quốc",Hành lý xách tay 7 kg,Hành lý 0 kg,2025-04-23
VietJet Air,PQC0116,1.319.000 VND/khách,15:40,09 thg 5,09 thg 5,16:40,1h 0m,"Phú Quốc (PQC)
Sân bay Phú Quốc",Hành lý xách tay 7 kg,Hành lý 0 kg,2025-04-23
VietJet Air,PQC0139,1.319.000 VND/khách,17:10,09 thg 5,09 thg 5,18:15,1h 5m,"Phú Quốc (PQC)
Sân bay Phú Quốc",Hành lý xách tay 7 kg,Hành lý 0 kg,2025-04-23
Vietnam Airlines,PQC0189,1.496.502 VND/khách,05:40,09 thg 5,09 thg 5,06:40,1h 0m,"Phú Quốc (PQC)
Sân bay Phú Quốc",Hành lý xách tay 1 x 12 kg,Hành lý 23 kg,2025-04-23
VietJet Air,PQC0024,1.622.000 VND/khách,05:55,09 thg 5,09 thg 5,06:55,1h 0m,"Phú Quốc (PQC)
Sân bay Phú Quốc",Hành lý xách tay 7 kg,Hành lý 0 kg,2025-04-23
VietJet Air,PQC0095,1.622.000 VND/khách,14:05,09 thg 5,09 thg 5,15:05,1h 0m,"Phú Quốc (PQC)
Sân bay Phú Quốc",Hành lý xách tay 7 kg,Hành lý 0 kg,2025-04-23
Vietnam Airlines,PQC0309,1.683.315 VND/khách,20:20,09 thg 5,09 thg 5,21:20,1h 0m,"Phú Quốc (PQC)
Sân bay Phú Quốc",Hành lý xách tay 1 x 12 kg,Hành lý 23 kg,2025-04-23
VietJet Air,PQC0049,1.734.000 VND/khách,09:20,09 thg 5,09 thg 5,10:20,1h 0m,"Phú Quốc (PQC)
Sân bay Phú Quốc",Hành lý xách tay 7 kg,Hành lý 0 kg,2025-04-23
VietJet Air,PQC0073,1.734.000 VND/khách,11:35,09 thg 5,09 thg 5,12:35,1h 0m,"Phú Quốc (PQC)
Sân bay Phú Quốc",Hành lý xách tay 7 kg,Hành lý 0 kg,2025-04-23
Vietnam Airlines,PQC0276,1.738.260 VND/khách,15:05,09 thg 5,09 thg 5,16:10,1h 5m,"Phú Quốc (PQC)
Sân bay Phú Quốc",Hành lý xách tay 1 x 12 kg,Hành lý 23 kg,2025-04-23
Vietnam Airlines,PQC0249,1.845.882 VND/khách,13:00,09 thg 5,09 thg 5,14:00,1h 0m,"Phú Quốc (PQC)
Sân bay Phú Quốc",Hành lý xách tay 1 x 12 kg,Hành lý 23 kg,2025-04-23
Vietnam Airlines,PQC0233,1.955.512 VND/khách,10:25,09 thg 5,09 thg 5,11:25,1h 0m,"Phú Quốc (PQC)
Sân bay Phú Quốc",Hành lý xách tay 1 x 12 kg,Hành lý 23 kg,2025-04-23
Vietnam Airlines,PQC0210,2.000.997 VND/khách,08:10,09 thg 5,09 thg 5,08:55,45m,"Phú Quốc (PQC)
Sân bay Phú Quốc",Hành lý xách tay 1 x 12 kg,Hành lý 23 kg,2025-04-23
Vietravel Airlines,PQC0331,894.758 VND/khách,17:25,10 thg 5,10 thg 5,18:25,1h 0m,"Phú Quốc (PQC)
Sân bay Phú Quốc",Hành lý xách tay 7 kg,Hành lý 0 kg,2025-04-23
VietJet Air,PQC0140,1.065.000 VND/khách,17:10,10 thg 5,10 thg 5,18:15,1h 5m,"Phú Quốc (PQC)
Sân bay Phú Quốc",Hành lý xách tay 7 kg,Hành lý 0 kg,2025-04-23
VietJet Air,PQC0117,1.177.000 VND/khách,15:40,10 thg 5,10 thg 5,16:40,1h 0m,"Phú Quốc (PQC)
Sân bay Phú Quốc",Hành lý xách tay 7 kg,Hành lý 0 kg,2025-04-23
VietJet Air,PQC0074,1.315.000 VND/khách,11:35,10 thg 5,10 thg 5,12:35,1h 0m,"Phú Quốc (PQC)
Sân bay Phú Quốc",Hành lý xách tay 7 kg,Hành lý 0 kg,2025-04-23
VietJet Air,PQC0096,1.315.000 VND/khách,14:05,10 thg 5,10 thg 5,15:05,1h 0m,"Phú Quốc (PQC)
Sân bay Phú Quốc",Hành lý xách tay 7 kg,Hành lý 0 kg,2025-04-23
VietJet Air,PQC0025,1.442.000 VND/khách,05:55,10 thg 5,10 thg 5,06:55,1h 0m,"Phú Quốc (PQC)
Sân bay Phú Quốc",Hành lý xách tay 7 kg,Hành lý 0 kg,2025-04-23
VietJet Air,PQC0050,1.442.000 VND/khách,09:20,10 thg 5,10 thg 5,10:20,1h 0m,"Phú Quốc (PQC)
Sân bay Phú Quốc",Hành lý xách tay 7 kg,Hành lý 0 kg,2025-04-23
Vietnam Airlines,PQC0277,1.694.304 VND/khách,15:05,10 thg 5,10 thg 5,16:10,1h 5m,"Phú Quốc (PQC)
Sân bay Phú Quốc",Hành lý xách tay 1 x 12 kg,Hành lý 23 kg,2025-04-23
Vietnam Airlines,PQC0258,1.738.260 VND/khách,13:05,10 thg 5,10 thg 5,14:00,55m,"Phú Quốc (PQC)
Sân bay Phú Quốc",Hành lý xách tay 1 x 12 kg,Hành lý 23 kg,2025-04-23
Vietnam Airlines,PQC0211,1.845.882 VND/khách,08:10,10 thg 5,10 thg 5,08:55,45m,"Phú Quốc (PQC)
Sân bay Phú Quốc",Hành lý xách tay 1 x 12 kg,Hành lý 23 kg,2025-04-23
Vietnam Airlines,PQC0190,1.845.882 VND/khách,05:40,10 thg 5,10 thg 5,06:40,1h 0m,"Phú Quốc (PQC)
Sân bay Phú Quốc",Hành lý xách tay 1 x 12 kg,Hành lý 23 kg,2025-04-23
Vietnam Airlines,PQC0234,1.901.758 VND/khách,10:25,10 thg 5,10 thg 5,11:25,1h 0m,"Phú Quốc (PQC)
Sân bay Phú Quốc",Hành lý xách tay 1 x 12 kg,Hành lý 23 kg,2025-04-23
Bamboo Airways,PQC0008,839.154 VND/khách,16:30,11 thg 5,11 thg 5,17:30,1h 0m,"Phú Quốc (PQC)
Sân bay Phú Quốc",Hành lý xách tay 7 kg,Hành lý 0 kg,2025-04-23
Vietravel Airlines,PQC0332,760.095 VND/khách,17:25,11 thg 5,11 thg 5,18:25,1h 0m,"Phú Quốc (PQC)
Sân bay Phú Quốc",Hành lý xách tay 7 kg,Hành lý 0 kg,2025-04-23
VietJet Air,PQC0118,834.000 VND/khách,15:40,11 thg 5,11 thg 5,16:40,1h 0m,"Phú Quốc (PQC)
Sân bay Phú Quốc",Hành lý xách tay 7 kg,Hành lý 0 kg,2025-04-23
VietJet Air,PQC0141,834.000 VND/khách,17:10,11 thg 5,11 thg 5,18:15,1h 5m,"Phú Quốc (PQC)
Sân bay Phú Quốc",Hành lý xách tay 7 kg,Hành lý 0 kg,2025-04-23
VietJet Air,PQC0026,1.091.000 VND/khách,05:55,11 thg 5,11 thg 5,06:55,1h 0m,"Phú Quốc (PQC)
Sân bay Phú Quốc",Hành lý xách tay 7 kg,Hành lý 0 kg,2025-04-23
Vietnam Airlines,PQC0310,1.149.849 VND/khách,20:20,11 thg 5,11 thg 5,21:20,1h 0m,"Phú Quốc (PQC)
Sân bay Phú Quốc",Hành lý xách tay 1 x 12 kg,Hành lý 23 kg,2025-04-23
VietJet Air,PQC0075,1.177.000 VND/khách,11:35,11 thg 5,11 thg 5,12:35,1h 0m,"Phú Quốc (PQC)
Sân bay Phú Quốc",Hành lý xách tay 7 kg,Hành lý 0 kg,2025-04-23
VietJet Air,PQC0097,1.177.000 VND/khách,14:05,11 thg 5,11 thg 5,15:05,1h 0m,"Phú Quốc (PQC)
Sân bay Phú Quốc",Hành lý xách tay 7 kg,Hành lý 0 kg,2025-04-23
VietJet Air,PQC0051,1.185.000 VND/khách,09:20,11 thg 5,11 thg 5,10:20,1h 0m,"Phú Quốc (PQC)
Sân bay Phú Quốc",Hành lý xách tay 7 kg,Hành lý 0 kg,2025-04-23
Vietnam Airlines,PQC0191,1.280.718 VND/khách,05:40,11 thg 5,11 thg 5,06:40,1h 0m,"Phú Quốc (PQC)
Sân bay Phú Quốc",Hành lý xách tay 1 x 12 kg,Hành lý 23 kg,2025-04-23
Vietnam Airlines,PQC0278,1.377.621 VND/khách,15:05,11 thg 5,11 thg 5,16:10,1h 5m,"Phú Quốc (PQC)
Sân bay Phú Quốc",Hành lý xách tay 1 x 12 kg,Hành lý 23 kg,2025-04-23
Vietnam Airlines,PQC0259,1.492.506 VND/khách,13:05,11 thg 5,11 thg 5,14:00,55m,"Phú Quốc (PQC)
Sân bay Phú Quốc",Hành lý xách tay 1 x 12 kg,Hành lý 23 kg,2025-04-23
Vietnam Airlines,PQC0235,1.492.506 VND/khách,10:25,11 thg 5,11 thg 5,11:25,1h 0m,"Phú Quốc (PQC)
Sân bay Phú Quốc",Hành lý xách tay 1 x 12 kg,Hành lý 23 kg,2025-04-23
Vietnam Airlines,PQC0212,1.577.421 VND/khách,08:10,11 thg 5,11 thg 5,08:55,45m,"Phú Quốc (PQC)
Sân bay Phú Quốc",Hành lý xách tay 1 x 12 kg,Hành lý 23 kg,2025-04-23
Bamboo Airways,PQC0010,1.230.020 VND/khách,16:30,23 thg 4,23 thg 4,17:30,1h 0m,"Phú Quốc (PQC)
Sân bay Phú Quốc",Hành lý xách tay 7 kg,Hành lý 0 kg,2025-04-23
Vietravel Airlines,PQC0335,1.188.023 VND/khách,17:25,23 thg 4,23 thg 4,18:25,1h 0m,"Phú Quốc (PQC)
Sân bay Phú Quốc",Hành lý xách tay 7 kg,Hành lý 0 kg,2025-04-23
VietJet Air,PQC0129,1.200.000 VND/khách,16:25,23 thg 4,23 thg 4,17:25,1h 0m,"Phú Quốc (PQC)
Sân bay Phú Quốc",Hành lý xách tay 7 kg,Hành lý 0 kg,2025-04-23
VietJet Air,PQC0157,1.200.000 VND/khách,17:40,23 thg 4,23 thg 4,18:40,1h 0m,"Phú Quốc (PQC)
Sân bay Phú Quốc",Hành lý xách tay 7 kg,Hành lý 0 kg,2025-04-23
VietJet Air,PQC0100,1.347.000 VND/khách,14:05,23 thg 4,23 thg 4,15:05,1h 0m,"Phú Quốc (PQC)
Sân bay Phú Quốc",Hành lý xách tay 7 kg,Hành lý 0 kg,2025-04-23
VietJet Air,PQC0063,1.464.000 VND/khách,10:20,23 thg 4,23 thg 4,11:15,55m,"Phú Quốc (PQC)
Sân bay Phú Quốc",Hành lý xách tay 7 kg,Hành lý 0 kg,2025-04-23
Vietnam Airlines,PQC0281,1.827.820 VND/khách,15:05,23 thg 4,23 thg 4,16:10,1h 5m,"Phú Quốc (PQC)
Sân bay Phú Quốc",Hành lý xách tay 1 x 12 kg,Hành lý 23 kg,2025-04-23
Vietnam Airlines,PQC0216,1.921.252 VND/khách,08:10,23 thg 4,23 thg 4,09:15,1h 5m,"Phú Quốc (PQC)
Sân bay Phú Quốc",Hành lý xách tay 1 x 12 kg,Hành lý 23 kg,2025-04-23
VietJet Air,PQC0078,1.964.000 VND/khách,11:35,23 thg 4,23 thg 4,12:35,1h 0m,"Phú Quốc (PQC)
Sân bay Phú Quốc",Hành lý xách tay 7 kg,Hành lý 0 kg,2025-04-23
Vietnam Airlines,PQC0238,1.979.244 VND/khách,10:25,23 thg 4,23 thg 4,11:25,1h 0m,"Phú Quốc (PQC)
Sân bay Phú Quốc",Hành lý xách tay 1 x 12 kg,Hành lý 23 kg,2025-04-23
VietJet Air,PQC0030,1.196.000 VND/khách,05:55,24 thg 4,24 thg 4,06:55,1h 0m,"Phú Quốc (PQC)
Sân bay Phú Quốc",Hành lý xách tay 7 kg,Hành lý 0 kg,2025-04-23
Vietravel Airlines,PQC0336,1.344.195 VND/khách,17:25,24 thg 4,24 thg 4,18:25,1h 0m,"Phú Quốc (PQC)
Sân bay Phú Quốc",Hành lý xách tay 7 kg,Hành lý 0 kg,2025-04-23
VietJet Air,PQC0079,1.461.000 VND/khách,11:35,24 thg 4,24 thg 4,12:35,1h 0m,"Phú Quốc (PQC)
Sân bay Phú Quốc",Hành lý xách tay 7 kg,Hành lý 0 kg,2025-04-23
VietJet Air,PQC0101,1.461.000 VND/khách,14:05,24 thg 4,24 thg 4,15:05,1h 0m,"Phú Quốc (PQC)
Sân bay Phú Quốc",Hành lý xách tay 7 kg,Hành lý 0 kg,2025-04-23
VietJet Air,PQC0130,1.461.000 VND/khách,16:30,24 thg 4,24 thg 4,17:30,1h 0m,"Phú Quốc (PQC)
Sân bay Phú Quốc",Hành lý xách tay 7 kg,Hành lý 0 kg,2025-04-23
Vietnam Airlines,PQC0195,1.702.296 VND/khách,05:40,24 thg 4,24 thg 4,06:40,1h 0m,"Phú Quốc (PQC)
Sân bay Phú Quốc",Hành lý xách tay 1 x 12 kg,Hành lý 23 kg,2025-04-23
Vietnam Airlines,PQC0282,1.901.758 VND/khách,15:05,24 thg 4,24 thg 4,16:10,1h 5m,"Phú Quốc (PQC)
Sân bay Phú Quốc",Hành lý xách tay 1 x 12 kg,Hành lý 23 kg,2025-04-23
VietJet Air,PQC0039,1.913.109 VND/khách,08:25,24 thg 4,24 thg 4,09:30,1h 5m,"Phú Quốc (PQC)
Sân bay Phú Quốc",Hành lý xách tay 7 kg,Hành lý 0 kg,2025-04-23
Vietnam Airlines,PQC0217,1.955.512 VND/khách,08:10,24 thg 4,24 thg 4,08:55,45m,"Phú Quốc (PQC)
Sân bay Phú Quốc",Hành lý xách tay 1 x 12 kg,Hành lý 23 kg,2025-04-23
Vietnam Airlines,PQC0239,1.960.687 VND/khách,10:25,24 thg 4,24 thg 4,11:25,1h 0m,"Phú Quốc (PQC)
Sân bay Phú Quốc",Hành lý xách tay 1 x 12 kg,Hành lý 23 kg,2025-04-23
Vietnam Airlines,PQC0263,1.971.027 VND/khách,13:05,24 thg 4,24 thg 4,14:00,55m,"Phú Quốc (PQC)
Sân bay Phú Quốc",Hành lý xách tay 1 x 12 kg,Hành lý 23 kg,2025-04-23
Bamboo Airways,PQC0011,1.403.291 VND/khách,16:30,25 thg 4,25 thg 4,17:30,1h 0m,"Phú Quốc (PQC)
Sân bay Phú Quốc",Hành lý xách tay 7 kg,Hành lý 0 kg,2025-04-23
Vietravel Airlines,PQC0337,1.148.123 VND/khách,17:25,25 thg 4,25 thg 4,18:25,1h 0m,"Phú Quốc (PQC)
Sân bay Phú Quốc",Hành lý xách tay 7 kg,Hành lý 0 kg,2025-04-23
VietJet Air,PQC0031,1.315.000 VND/khách,05:55,25 thg 4,25 thg 4,06:55,1h 0m,"Phú Quốc (PQC)
Sân bay Phú Quốc",Hành lý xách tay 7 kg,Hành lý 0 kg,2025-04-23
VietJet Air,PQC0056,1.315.000 VND/khách,09:20,25 thg 4,25 thg 4,10:20,1h 0m,"Phú Quốc (PQC)
Sân bay Phú Quốc",Hành lý xách tay 7 kg,Hành lý 0 kg,2025-04-23
VietJet Air,PQC0102,1.319.000 VND/khách,14:05,25 thg 4,25 thg 4,15:05,1h 0m,"Phú Quốc (PQC)
Sân bay Phú Quốc",Hành lý xách tay 7 kg,Hành lý 0 kg,2025-04-23
VietJet Air,PQC0146,1.442.000 VND/khách,17:10,25 thg 4,25 thg 4,18:15,1h 5m,"Phú Quốc (PQC)
Sân bay Phú Quốc",Hành lý xách tay 7 kg,Hành lý 0 kg,2025-04-23
VietJet Air,PQC0080,1.622.000 VND/khách,11:35,25 thg 4,25 thg 4,12:35,1h 0m,"Phú Quốc (PQC)
Sân bay Phú Quốc",Hành lý xách tay 7 kg,Hành lý 0 kg,2025-04-23
Vietnam Airlines,PQC0296,1.769.229 VND/khách,17:25,25 thg 4,25 thg 4,18:25,1h 0m,"Phú Quốc (PQC)
Sân bay Phú Quốc",Hành lý xách tay 1 x 12 kg,Hành lý 23 kg,2025-04-23
Vietnam Airlines,PQC0311,1.900.098 VND/khách,20:20,25 thg 4,25 thg 4,21:20,1h 0m,"Phú Quốc (PQC)
Sân bay Phú Quốc",Hành lý xách tay 1 x 12 kg,Hành lý 23 kg,2025-04-23
Vietnam Airlines,PQC0283,2.000.997 VND/khách,15:05,25 thg 4,25 thg 4,16:10,1h 5m,"Phú Quốc (PQC)
Sân bay Phú Quốc",Hành lý xách tay 1 x 12 kg,Hành lý 23 kg,2025-04-23
Vietnam Airlines,PQC0218,2.011.986 VND/khách,08:10,25 thg 4,25 thg 4,08:55,45m,"Phú Quốc (PQC)
Sân bay Phú Quốc",Hành lý xách tay 1 x 12 kg,Hành lý 23 kg,2025-04-23
Vietnam Airlines,PQC0240,2.011.986 VND/khách,10:25,25 thg 4,25 thg 4,11:25,1h 0m,"Phú Quốc (PQC)
Sân bay Phú Quốc",Hành lý xách tay 1 x 12 kg,Hành lý 23 kg,2025-04-23
Vietnam Airlines,PQC0250,2.011.986 VND/khách,13:00,25 thg 4,25 thg 4,14:00,1h 0m,"Phú Quốc (PQC)
Sân bay Phú Quốc",Hành lý xách tay 1 x 12 kg,Hành lý 23 kg,2025-04-23
Vietnam Airlines,PQC0165,2.015.982 VND/khách,05:15,25 thg 4,25 thg 4,06:15,1h 0m,"Phú Quốc (PQC)
Sân bay Phú Quốc",Hành lý xách tay 1 x 12 kg,Hành lý 23 kg,2025-04-23
Vietravel Airlines,PQC0338,1.222.935 VND/khách,17:25,26 thg 4,26 thg 4,18:25,1h 0m,"Phú Quốc (PQC)
Sân bay Phú Quốc",Hành lý xách tay 7 kg,Hành lý 0 kg,2025-04-23
Vietnam Airlines,PQC0297,1.709.289 VND/khách,17:25,26 thg 4,26 thg 4,18:25,1h 0m,"Phú Quốc (PQC)
Sân bay Phú Quốc",Hành lý xách tay 1 x 12 kg,Hành lý 23 kg,2025-04-23
Vietnam Airlines,PQC0312,1.762.236 VND/khách,20:20,26 thg 4,26 thg 4,21:20,1h 0m,"Phú Quốc (PQC)
Sân bay Phú Quốc",Hành lý xách tay 1 x 12 kg,Hành lý 23 kg,2025-04-23
VietJet Air,PQC0032,1.939.000 VND/khách,05:55,26 thg 4,26 thg 4,06:55,1h 0m,"Phú Quốc (PQC)
Sân bay Phú Quốc",Hành lý xách tay 7 kg,Hành lý 0 kg,2025-04-23
VietJet Air,PQC0081,1.939.000 VND/khách,11:35,26 thg 4,26 thg 4,12:35,1h 0m,"Phú Quốc (PQC)
Sân bay Phú Quốc",Hành lý xách tay 7 kg,Hành lý 0 kg,2025-04-23
VietJet Air,PQC0103,1.939.000 VND/khách,14:05,26 thg 4,26 thg 4,15:05,1h 0m,"Phú Quốc (PQC)
Sân bay Phú Quốc",Hành lý xách tay 7 kg,Hành lý 0 kg,2025-04-23
VietJet Air,PQC0124,1.939.000 VND/khách,15:40,26 thg 4,26 thg 4,16:40,1h 0m,"Phú Quốc (PQC)
Sân bay Phú Quốc",Hành lý xách tay 7 kg,Hành lý 0 kg,2025-04-23
VietJet Air,PQC0147,1.939.000 VND/khách,17:10,26 thg 4,26 thg 4,18:15,1h 5m,"Phú Quốc (PQC)
Sân bay Phú Quốc",Hành lý xách tay 7 kg,Hành lý 0 kg,2025-04-23
Vietnam Airlines,PQC0284,1.982.016 VND/khách,15:05,26 thg 4,26 thg 4,16:10,1h 5m,"Phú Quốc (PQC)
Sân bay Phú Quốc",Hành lý xách tay 1 x 12 kg,Hành lý 23 kg,2025-04-23
Vietnam Airlines,PQC0219,1.990.008 VND/khách,08:10,26 thg 4,26 thg 4,08:55,45m,"Phú Quốc (PQC)
Sân bay Phú Quốc",Hành lý xách tay 1 x 12 kg,Hành lý 23 kg,2025-04-23
VietJet Air,PQC0057,2.101.858 VND/khách,09:20,26 thg 4,26 thg 4,10:20,1h 0m,"Phú Quốc (PQC)
Sân bay Phú Quốc",Hành lý xách tay 7 kg,Hành lý 0 kg,2025-04-23
Bamboo Airways,PQC0012,1.109.134 VND/khách,16:30,27 thg 4,27 thg 4,17:30,1h 0m,"Phú Quốc (PQC)
Sân bay Phú Quốc",Hành lý xách tay 7 kg,Hành lý 0 kg,2025-04-23
Vietravel Airlines,PQC0339,1.070.318 VND/khách,17:25,27 thg 4,27 thg 4,18:25,1h 0m,"Phú Quốc (PQC)
Sân bay Phú Quốc",Hành lý xách tay 7 kg,Hành lý 0 kg,2025-04-23
Vietnam Airlines,PQC0163,1.370.628 VND/khách,05:10,27 thg 4,27 thg 4,06:10,1h 0m,"Phú Quốc (PQC)
Sân bay Phú Quốc",Hành lý xách tay 1 x 12 kg,Hành lý 23 kg,2025-04-23
Vietnam Airlines,PQC0302,1.392.606 VND/khách,19:20,27 thg 4,27 thg 4,20:20,1h 0m,"Phú Quốc (PQC)
Sân bay Phú Quốc",Hành lý xách tay 1 x 12 kg,Hành lý 23 kg,2025-04-23
VietJet Air,PQC0033,1.442.000 VND/khách,05:55,27 thg 4,27 thg 4,06:55,1h 0m,"Phú Quốc (PQC)
Sân bay Phú Quốc",Hành lý xách tay 7 kg,Hành lý 0 kg,2025-04-23
Vietnam Airlines,PQC0313,1.478.520 VND/khách,20:20,27 thg 4,27 thg 4,21:20,1h 0m,"Phú Quốc (PQC)
Sân bay Phú Quốc",Hành lý xách tay 1 x 12 kg,Hành lý 23 kg,2025-04-23
VietJet Air,PQC0148,1.622.000 VND/khách,17:10,27 thg 4,27 thg 4,18:15,1h 5m,"Phú Quốc (PQC)
Sân bay Phú Quốc",Hành lý xách tay 7 kg,Hành lý 0 kg,2025-04-23
VietJet Air,PQC0104,1.734.000 VND/khách,14:05,27 thg 4,27 thg 4,15:05,1h 0m,"Phú Quốc (PQC)
Sân bay Phú Quốc",Hành lý xách tay 7 kg,Hành lý 0 kg,2025-04-23
Vietnam Airlines,PQC0285,1.766.232 VND/khách,15:05,27 thg 4,27 thg 4,16:10,1h 5m,"Phú Quốc (PQC)
Sân bay Phú Quốc",Hành lý xách tay 1 x 12 kg,Hành lý 23 kg,2025-04-23
VietJet Air,PQC0125,1.823.000 VND/khách,15:40,27 thg 4,27 thg 4,16:40,1h 0m,"Phú Quốc (PQC)
Sân bay Phú Quốc",Hành lý xách tay 7 kg,Hành lý 0 kg,2025-04-23
VietJet Air,PQC0082,1.850.000 VND/khách,11:35,27 thg 4,27 thg 4,12:35,1h 0m,"Phú Quốc (PQC)
Sân bay Phú Quốc",Hành lý xách tay 7 kg,Hành lý 0 kg,2025-04-23
Vietnam Airlines,PQC0242,1.915.083 VND/khách,10:25,27 thg 4,27 thg 4,11:25,1h 0m,"Phú Quốc (PQC)
Sân bay Phú Quốc",Hành lý xách tay 1 x 12 kg,Hành lý 23 kg,2025-04-23
Vietnam Airlines,PQC0220,1.975.023 VND/khách,08:10,27 thg 4,27 thg 4,08:55,45m,"Phú Quốc (PQC)
Sân bay Phú Quốc",Hành lý xách tay 1 x 12 kg,Hành lý 23 kg,2025-04-23
Vietnam Airlines,PQC0265,1.979.019 VND/khách,13:05,27 thg 4,27 thg 4,14:00,55m,"Phú Quốc (PQC)
Sân bay Phú Quốc",Hành lý xách tay 1 x 12 kg,Hành lý 23 kg,2025-04-23
Bamboo Airways,PQC0013,1.244.605 VND/khách,16:30,28 thg 4,28 thg 4,17:30,1h 0m,"Phú Quốc (PQC)
Sân bay Phú Quốc",Hành lý xách tay 7 kg,Hành lý 0 kg,2025-04-23
Vietravel Airlines,PQC0340,1.070.318 VND/khách,17:25,28 thg 4,28 thg 4,18:25,1h 0m,"Phú Quốc (PQC)
Sân bay Phú Quốc",Hành lý xách tay 7 kg,Hành lý 0 kg,2025-04-23
VietJet Air,PQC0034,1.177.000 VND/khách,05:55,28 thg 4,28 thg 4,06:55,1h 0m,"Phú Quốc (PQC)
Sân bay Phú Quốc",Hành lý xách tay 7 kg,Hành lý 0 kg,2025-04-23
Vietnam Airlines,PQC0199,1.385.613 VND/khách,05:40,28 thg 4,28 thg 4,06:40,1h 0m,"Phú Quốc (PQC)
Sân bay Phú Quốc",Hành lý xách tay 1 x 12 kg,Hành lý 23 kg,2025-04-23
Vietnam Airlines,PQC0298,1.500.498 VND/khách,17:25,28 thg 4,28 thg 4,18:25,1h 0m,"Phú Quốc (PQC)
Sân bay Phú Quốc",Hành lý xách tay 1 x 12 kg,Hành lý 23 kg,2025-04-23
Vietnam Airlines,PQC0178,1.577.421 VND/khách,05:25,28 thg 4,28 thg 4,06:20,55m,"Phú Quốc (PQC)
Sân bay Phú Quốc",Hành lý xách tay 1 x 12 kg,Hành lý 23 kg,2025-04-23
VietJet Air,PQC0149,1.622.000 VND/khách,17:10,28 thg 4,28 thg 4,18:15,1h 5m,"Phú Quốc (PQC)
Sân bay Phú Quốc",Hành lý xách tay 7 kg,Hành lý 0 kg,2025-04-23
Vietnam Airlines,PQC0221,1.683.315 VND/khách,08:10,28 thg 4,28 thg 4,08:55,45m,"Phú Quốc (PQC)
Sân bay Phú Quốc",Hành lý xách tay 1 x 12 kg,Hành lý 23 kg,2025-04-23
VietJet Air,PQC0105,1.734.000 VND/khách,14:05,28 thg 4,28 thg 4,15:05,1h 0m,"Phú Quốc (PQC)
Sân bay Phú Quốc",Hành lý xách tay 7 kg,Hành lý 0 kg,2025-04-23
Vietnam Airlines,PQC0314,1.769.229 VND/khách,20:20,28 thg 4,28 thg 4,21:20,1h 0m,"Phú Quốc (PQC)
Sân bay Phú Quốc",Hành lý xách tay 1 x 12 kg,Hành lý 23 kg,2025-04-23
VietJet Air,PQC0059,1.823.000 VND/khách,09:20,28 thg 4,28 thg 4,10:20,1h 0m,"Phú Quốc (PQC)
Sân bay Phú Quốc",Hành lý xách tay 7 kg,Hành lý 0 kg,2025-04-23
VietJet Air,PQC0083,1.823.000 VND/khách,11:35,28 thg 4,28 thg 4,12:35,1h 0m,"Phú Quốc (PQC)
Sân bay Phú Quốc",Hành lý xách tay 7 kg,Hành lý 0 kg,2025-04-23
VietJet Air,PQC0126,1.850.000 VND/khách,15:40,28 thg 4,28 thg 4,16:40,1h 0m,"Phú Quốc (PQC)
Sân bay Phú Quốc",Hành lý xách tay 7 kg,Hành lý 0 kg,2025-04-23
Vietnam Airlines,PQC0286,1.930.068 VND/khách,15:05,28 thg 4,28 thg 4,16:10,1h 5m,"Phú Quốc (PQC)
Sân bay Phú Quốc",Hành lý xách tay 1 x 12 kg,Hành lý 23 kg,2025-04-23
Vietnam Airlines,PQC0266,2.011.986 VND/khách,13:05,28 thg 4,28 thg 4,14:00,55m,"Phú Quốc (PQC)
Sân bay Phú Quốc",Hành lý xách tay 1 x 12 kg,Hành lý 23 kg,2025-04-23
Vietnam Airlines,PQC0243,2.011.986 VND/khách,10:25,28 thg 4,28 thg 4,11:25,1h 0m,"Phú Quốc (PQC)
Sân bay Phú Quốc",Hành lý xách tay 1 x 12 kg,Hành lý 23 kg,2025-04-23
Vietravel Airlines,PQC0341,1.657.845 VND/khách,17:25,29 thg 4,29 thg 4,18:25,1h 0m,"Phú Quốc (PQC)
Sân bay Phú Quốc",Hành lý xách tay 7 kg,Hành lý 0 kg,2025-04-23
Vietnam Airlines,PQC0200,1.803.195 VND/khách,05:40,29 thg 4,29 thg 4,06:40,1h 0m,"Phú Quốc (PQC)
Sân bay Phú Quốc",Hành lý xách tay 1 x 12 kg,Hành lý 23 kg,2025-04-23
VietJet Air,PQC0040,1.823.000 VND/khách,08:25,29 thg 4,29 thg 4,09:30,1h 5m,"Phú Quốc (PQC)
Sân bay Phú Quốc",Hành lý xách tay 7 kg,Hành lý 0 kg,2025-04-23
VietJet Air,PQC0035,1.824.000 VND/khách,05:55,29 thg 4,29 thg 4,06:55,1h 0m,"Phú Quốc (PQC)
Sân bay Phú Quốc",Hành lý xách tay 7 kg,Hành lý 0 kg,2025-04-23
VietJet Air,PQC0084,1.850.000 VND/khách,11:35,29 thg 4,29 thg 4,12:35,1h 0m,"Phú Quốc (PQC)
Sân bay Phú Quốc",Hành lý xách tay 7 kg,Hành lý 0 kg,2025-04-23
VietJet Air,PQC0106,1.850.000 VND/khách,14:05,29 thg 4,29 thg 4,15:05,1h 0m,"Phú Quốc (PQC)
Sân bay Phú Quốc",Hành lý xách tay 7 kg,Hành lý 0 kg,2025-04-23
VietJet Air,PQC0127,1.850.000 VND/khách,15:40,29 thg 4,29 thg 4,16:40,1h 0m,"Phú Quốc (PQC)
Sân bay Phú Quốc",Hành lý xách tay 7 kg,Hành lý 0 kg,2025-04-23
VietJet Air,PQC0060,1.879.000 VND/khách,09:20,29 thg 4,29 thg 4,10:20,1h 0m,"Phú Quốc (PQC)
Sân bay Phú Quốc",Hành lý xách tay 7 kg,Hành lý 0 kg,2025-04-23
Vietnam Airlines,PQC0299,2.011.986 VND/khách,17:25,29 thg 4,29 thg 4,18:25,1h 0m,"Phú Quốc (PQC)
Sân bay Phú Quốc",Hành lý xách tay 1 x 12 kg,Hành lý 23 kg,2025-04-23
Vietnam Airlines,PQC0321,2.011.986 VND/khách,21:05,29 thg 4,29 thg 4,22:05,1h 0m,"Phú Quốc (PQC)
Sân bay Phú Quốc",Hành lý xách tay 1 x 12 kg,Hành lý 23 kg,2025-04-23
Vietnam Airlines,PQC0246,2.014.983 VND/khách,12:10,29 thg 4,29 thg 4,13:10,1h 0m,"Phú Quốc (PQC)
Sân bay Phú Quốc",Hành lý xách tay 1 x 12 kg,Hành lý 23 kg,2025-04-23
Vietnam Airlines,PQC0315,2.014.983 VND/khách,20:20,29 thg 4,29 thg 4,21:20,1h 0m,"Phú Quốc (PQC)
Sân bay Phú Quốc",Hành lý xách tay 1 x 12 kg,Hành lý 23 kg,2025-04-23
Vietnam Airlines,PQC0287,2.014.983 VND/khách,15:05,29 thg 4,29 thg 4,16:10,1h 5m,"Phú Quốc (PQC)
Sân bay Phú Quốc",Hành lý xách tay 1 x 12 kg,Hành lý 23 kg,2025-04-23
Vietnam Airlines,PQC0222,2.015.982 VND/khách,08:10,29 thg 4,29 thg 4,08:55,45m,"Phú Quốc (PQC)
Sân bay Phú Quốc",Hành lý xách tay 1 x 12 kg,Hành lý 23 kg,2025-04-23
Vietnam Airlines,PQC0179,2.015.982 VND/khách,05:25,29 thg 4,29 thg 4,06:20,55m,"Phú Quốc (PQC)
Sân bay Phú Quốc",Hành lý xách tay 1 x 12 kg,Hành lý 23 kg,2025-04-23
VietJet Air,PQC0153,2.101.858 VND/khách,17:25,29 thg 4,29 thg 4,18:30,1h 5m,"Phú Quốc (PQC)
Sân bay Phú Quốc",Hành lý xách tay 7 kg,Hành lý 0 kg,2025-04-23
VietJet Air,PQC0107,1.965.000 VND/khách,14:05,30 thg 4,30 thg 4,15:05,1h 0m,"Phú Quốc (PQC)
Sân bay Phú Quốc",Hành lý xách tay 7 kg,Hành lý 0 kg,2025-04-23
Vietnam Airlines,PQC0180,2.013.984 VND/khách,05:25,30 thg 4,30 thg 4,06:20,55m,"Phú Quốc (PQC)
Sân bay Phú Quốc",Hành lý xách tay 1 x 12 kg,Hành lý 23 kg,2025-04-23
Vietnam Airlines,PQC0223,2.015.982 VND/khách,08:10,30 thg 4,30 thg 4,08:55,45m,"Phú Quốc (PQC)
Sân bay Phú Quốc",Hành lý xách tay 1 x 12 kg,Hành lý 23 kg,2025-04-23
Vietnam Airlines,PQC0244,2.015.982 VND/khách,10:25,30 thg 4,30 thg 4,11:25,1h 0m,"Phú Quốc (PQC)
Sân bay Phú Quốc",Hành lý xách tay 1 x 12 kg,Hành lý 23 kg,2025-04-23
Vietnam Airlines,PQC0160,2.019.978 VND/khách,05:00,30 thg 4,30 thg 4,06:00,1h 0m,"Phú Quốc (PQC)
Sân bay Phú Quốc",Hành lý xách tay 1 x 12 kg,Hành lý 23 kg,2025-04-23
Bamboo Airways,PQC0001,1.849.563 VND/khách,16:30,01 thg 5,01 thg 5,17:30,1h 0m,"Phú Quốc (PQC)
Sân bay Phú Quốc",Hành lý xách tay 7 kg,Hành lý 20 kg,2025-04-24
Vietravel Airlines,PQC0322,1.735.650 VND/khách,17:25,01 thg 5,01 thg 5,18:25,1h 0m,"Phú Quốc (PQC)
Sân bay Phú Quốc",Hành lý xách tay 7 kg,Hành lý 0 kg,2025-04-24
VietJet Air,PQC0131,1.930.000 VND/khách,17:10,01 thg 5,01 thg 5,18:15,1h 5m,"Phú Quốc (PQC)
Sân bay Phú Quốc",Hành lý xách tay 7 kg,Hành lý 0 kg,2025-04-24
VietJet Air,PQC0154,1.930.000 VND/khách,17:40,01 thg 5,01 thg 5,18:45,1h 5m,"Phú Quốc (PQC)
Sân bay Phú Quốc",Hành lý xách tay 7 kg,Hành lý 0 kg,2025-04-24
VietJet Air,PQC0108,1.932.000 VND/khách,15:40,01 thg 5,01 thg 5,16:40,1h 0m,"Phú Quốc (PQC)
Sân bay Phú Quốc",Hành lý xách tay 7 kg,Hành lý 0 kg,2025-04-24
Vietnam Airlines,PQC0289,1.992.006 VND/khách,16:15,01 thg 5,01 thg 5,17:15,1h 0m,"Phú Quốc (PQC)
Sân bay Phú Quốc",Hành lý xách tay 1 x 12 kg,Hành lý 23 kg,2025-04-24
Vietnam Airlines,PQC0181,2.013.984 VND/khách,05:40,01 thg 5,01 thg 5,06:40,1h 0m,"Phú Quốc (PQC)
Sân bay Phú Quốc",Hành lý xách tay 1 x 12 kg,Hành lý 23 kg,2025-04-24
Vietnam Airlines,PQC0291,2.013.984 VND/khách,17:25,01 thg 5,01 thg 5,18:25,1h 0m,"Phú Quốc (PQC)
Sân bay Phú Quốc",Hành lý xách tay 1 x 12 kg,Hành lý 23 kg,2025-04-24
Bamboo Airways,PQC0002,1.588.650 VND/khách,16:30,02 thg 5,02 thg 5,17:30,1h 0m,"Phú Quốc (PQC)
Sân bay Phú Quốc",Hành lý xách tay 7 kg,Hành lý 0 kg,2025-04-24
Vietravel Airlines,PQC0323,1.471.313 VND/khách,17:25,02 thg 5,02 thg 5,18:25,1h 0m,"Phú Quốc (PQC)
Sân bay Phú Quốc",Hành lý xách tay 7 kg,Hành lý 0 kg,2025-04-24
Vietnam Airlines,PQC0167,1.576.422 VND/khách,05:25,02 thg 5,02 thg 5,06:20,55m,"Phú Quốc (PQC)
Sân bay Phú Quốc",Hành lý xách tay 1 x 12 kg,Hành lý 23 kg,2025-04-24
VietJet Air,PQC0017,1.729.000 VND/khách,05:55,02 thg 5,02 thg 5,06:55,1h 0m,"Phú Quốc (PQC)
Sân bay Phú Quốc",Hành lý xách tay 7 kg,Hành lý 0 kg,2025-04-24
VietJet Air,PQC0132,1.729.000 VND/khách,17:10,02 thg 5,02 thg 5,18:15,1h 5m,"Phú Quốc (PQC)
Sân bay Phú Quốc",Hành lý xách tay 7 kg,Hành lý 0 kg,2025-04-24
Vietnam Airlines,PQC0182,1.783.215 VND/khách,05:40,02 thg 5,02 thg 5,06:40,1h 0m,"Phú Quốc (PQC)
Sân bay Phú Quốc",Hành lý xách tay 1 x 12 kg,Hành lý 23 kg,2025-04-24
VietJet Air,PQC0109,1.818.000 VND/khách,15:40,02 thg 5,02 thg 5,16:40,1h 0m,"Phú Quốc (PQC)
Sân bay Phú Quốc",Hành lý xách tay 7 kg,Hành lý 0 kg,2025-04-24
VietJet Air,PQC0042,1.848.000 VND/khách,09:20,02 thg 5,02 thg 5,10:20,1h 0m,"Phú Quốc (PQC)
Sân bay Phú Quốc",Hành lý xách tay 7 kg,Hành lý 0 kg,2025-04-24
VietJet Air,PQC0088,1.848.000 VND/khách,14:05,02 thg 5,02 thg 5,15:05,1h 0m,"Phú Quốc (PQC)
Sân bay Phú Quốc",Hành lý xách tay 7 kg,Hành lý 0 kg,2025-04-24
Vietnam Airlines,PQC0203,1.984.014 VND/khách,08:10,02 thg 5,02 thg 5,08:55,45m,"Phú Quốc (PQC)
Sân bay Phú Quốc",Hành lý xách tay 1 x 12 kg,Hành lý 23 kg,2025-04-24
Vietnam Airlines,PQC0292,1.992.006 VND/khách,17:25,02 thg 5,02 thg 5,18:25,1h 0m,"Phú Quốc (PQC)
Sân bay Phú Quốc",Hành lý xách tay 1 x 12 kg,Hành lý 23 kg,2025-04-24
Vietnam Airlines,PQC0301,1.992.006 VND/khách,19:20,02 thg 5,02 thg 5,20:20,1h 0m,"Phú Quốc (PQC)
Sân bay Phú Quốc",Hành lý xách tay 1 x 12 kg,Hành lý 23 kg,2025-04-24
Vietnam Airlines,PQC0305,2.002.995 VND/khách,20:20,02 thg 5,02 thg 5,21:20,1h 0m,"Phú Quốc (PQC)
Sân bay Phú Quốc",Hành lý xách tay 1 x 12 kg,Hành lý 23 kg,2025-04-24
Vietnam Airlines,PQC0269,2.009.988 VND/khách,15:05,02 thg 5,02 thg 5,16:10,1h 5m,"Phú Quốc (PQC)
Sân bay Phú Quốc",Hành lý xách tay 1 x 12 kg,Hành lý 23 kg,2025-04-24
Vietnam Airlines,PQC0226,2.013.984 VND/khách,10:25,02 thg 5,02 thg 5,11:25,1h 0m,"Phú Quốc (PQC)
Sân bay Phú Quốc",Hành lý xách tay 1 x 12 kg,Hành lý 23 kg,2025-04-24
Vietnam Airlines,PQC0248,2.045.827 VND/khách,13:00,02 thg 5,02 thg 5,14:00,1h 0m,"Phú Quốc (PQC)
Sân bay Phú Quốc",Hành lý xách tay 1 x 12 kg,Hành lý 23 kg,2025-04-24
Bamboo Airways,PQC0003,1.001.343 VND/khách,16:30,03 thg 5,03 thg 5,17:30,1h 0m,"Phú Quốc (PQC)
Sân bay Phú Quốc",Hành lý xách tay 7 kg,Hành lý 0 kg,2025-04-24
Vietravel Airlines,PQC0324,1.068.323 VND/khách,17:25,03 thg 5,03 thg 5,18:25,1h 0m,"Phú Quốc (PQC)
Sân bay Phú Quốc",Hành lý xách tay 7 kg,Hành lý 0 kg,2025-04-24
VietJet Air,PQC0037,1.180.000 VND/khách,08:25,03 thg 5,03 thg 5,09:30,1h 5m,"Phú Quốc (PQC)
Sân bay Phú Quốc",Hành lý xách tay 7 kg,Hành lý 0 kg,2025-04-24
Vietnam Airlines,PQC0168,1.267.731 VND/khách,05:25,03 thg 5,03 thg 5,06:20,55m,"Phú Quốc (PQC)
Sân bay Phú Quốc",Hành lý xách tay 1 x 12 kg,Hành lý 23 kg,2025-04-24
Vietnam Airlines,PQC0183,1.390.608 VND/khách,05:40,03 thg 5,03 thg 5,06:40,1h 0m,"Phú Quốc (PQC)
Sân bay Phú Quốc",Hành lý xách tay 1 x 12 kg,Hành lý 23 kg,2025-04-24
VietJet Air,PQC0018,1.445.000 VND/khách,05:55,03 thg 5,03 thg 5,06:55,1h 0m,"Phú Quốc (PQC)
Sân bay Phú Quốc",Hành lý xách tay 7 kg,Hành lý 0 kg,2025-04-24
VietJet Air,PQC0089,1.445.000 VND/khách,14:05,03 thg 5,03 thg 5,15:05,1h 0m,"Phú Quốc (PQC)
Sân bay Phú Quốc",Hành lý xách tay 7 kg,Hành lý 0 kg,2025-04-24
VietJet Air,PQC0133,1.445.000 VND/khách,17:10,03 thg 5,03 thg 5,18:15,1h 5m,"Phú Quốc (PQC)
Sân bay Phú Quốc",Hành lý xách tay 7 kg,Hành lý 0 kg,2025-04-24
Vietnam Airlines,PQC0293,1.491.507 VND/khách,17:25,03 thg 5,03 thg 5,18:25,1h 0m,"Phú Quốc (PQC)
Sân bay Phú Quốc",Hành lý xách tay 1 x 12 kg,Hành lý 23 kg,2025-04-24
Vietnam Airlines,PQC0303,1.503.495 VND/khách,19:45,03 thg 5,03 thg 5,20:45,1h 0m,"Phú Quốc (PQC)
Sân bay Phú Quốc",Hành lý xách tay 1 x 12 kg,Hành lý 23 kg,2025-04-24
Vietnam Airlines,PQC0306,1.693.305 VND/khách,20:20,03 thg 5,03 thg 5,21:20,1h 0m,"Phú Quốc (PQC)
Sân bay Phú Quốc",Hành lý xách tay 1 x 12 kg,Hành lý 23 kg,2025-04-24
VietJet Air,PQC0110,1.729.000 VND/khách,15:40,03 thg 5,03 thg 5,16:40,1h 0m,"Phú Quốc (PQC)
Sân bay Phú Quốc",Hành lý xách tay 7 kg,Hành lý 0 kg,2025-04-24
Vietnam Airlines,PQC0204,1.740.258 VND/khách,08:10,03 thg 5,03 thg 5,08:55,45m,"Phú Quốc (PQC)
Sân bay Phú Quốc",Hành lý xách tay 1 x 12 kg,Hành lý 23 kg,2025-04-24
VietJet Air,PQC0043,1.818.000 VND/khách,09:20,03 thg 5,03 thg 5,10:20,1h 0m,"Phú Quốc (PQC)
Sân bay Phú Quốc",Hành lý xách tay 7 kg,Hành lý 0 kg,2025-04-24
Vietnam Airlines,PQC0270,1.845.882 VND/khách,15:05,03 thg 5,03 thg 5,16:10,1h 5m,"Phú Quốc (PQC)
Sân bay Phú Quốc",Hành lý xách tay 1 x 12 kg,Hành lý 23 kg,2025-04-24
VietJet Air,PQC0067,1.848.000 VND/khách,11:35,03 thg 5,03 thg 5,12:35,1h 0m,"Phú Quốc (PQC)
Sân bay Phú Quốc",Hành lý xách tay 7 kg,Hành lý 0 kg,2025-04-24
Vietnam Airlines,PQC0227,1.901.758 VND/khách,10:25,03 thg 5,03 thg 5,11:25,1h 0m,"Phú Quốc (PQC)
Sân bay Phú Quốc",Hành lý xách tay 1 x 12 kg,Hành lý 23 kg,2025-04-24
Vietnam Airlines,PQC0252,1.955.512 VND/khách,13:05,03 thg 5,03 thg 5,14:00,55m,"Phú Quốc (PQC)
Sân bay Phú Quốc",Hành lý xách tay 1 x 12 kg,Hành lý 23 kg,2025-04-24
Bamboo Airways,PQC0004,1.153.459 VND/khách,16:30,04 thg 5,04 thg 5,17:30,1h 0m,"Phú Quốc (PQC)
Sân bay Phú Quốc",Hành lý xách tay 7 kg,Hành lý 0 kg,2025-04-24
Vietravel Airlines,PQC0325,968.573 VND/khách,17:25,04 thg 5,04 thg 5,18:25,1h 0m,"Phú Quốc (PQC)
Sân bay Phú Quốc",Hành lý xách tay 7 kg,Hành lý 0 kg,2025-04-24
VietJet Air,PQC0019,1.045.000 VND/khách,05:55,04 thg 5,04 thg 5,06:55,1h 0m,"Phú Quốc (PQC)
Sân bay Phú Quốc",Hành lý xách tay 7 kg,Hành lý 0 kg,2025-04-24
VietJet Air,PQC0111,1.045.000 VND/khách,15:40,04 thg 5,04 thg 5,16:40,1h 0m,"Phú Quốc (PQC)
Sân bay Phú Quốc",Hành lý xách tay 7 kg,Hành lý 0 kg,2025-04-24
VietJet Air,PQC0134,1.045.000 VND/khách,17:10,04 thg 5,04 thg 5,18:15,1h 5m,"Phú Quốc (PQC)
Sân bay Phú Quốc",Hành lý xách tay 7 kg,Hành lý 0 kg,2025-04-24
Vietnam Airlines,PQC0169,1.096.902 VND/khách,05:25,04 thg 5,04 thg 5,06:20,55m,"Phú Quốc (PQC)
Sân bay Phú Quốc",Hành lý xách tay 1 x 12 kg,Hành lý 23 kg,2025-04-24
Vietnam Airlines,PQC0317,1.118.880 VND/khách,20:25,04 thg 5,04 thg 5,21:25,1h 0m,"Phú Quốc (PQC)
Sân bay Phú Quốc",Hành lý xách tay 1 x 12 kg,Hành lý 23 kg,2025-04-24
Vietnam Airlines,PQC0184,1.143.182 VND/khách,05:40,04 thg 5,04 thg 5,06:40,1h 0m,"Phú Quốc (PQC)
Sân bay Phú Quốc",Hành lý xách tay 1 x 12 kg,Hành lý 23 kg,2025-04-24
Bamboo Airways,PQC0004,1.153.459 VND/khách,16:30,04 thg 5,04 thg 5,17:30,1h 0m,"Phú Quốc (PQC)
Sân bay Phú Quốc",Hành lý xách tay 7 kg,Hành lý 0 kg,2025-04-24
VietJet Air,PQC0090,1.161.000 VND/khách,14:05,04 thg 5,04 thg 5,15:05,1h 0m,"Phú Quốc (PQC)
Sân bay Phú Quốc",Hành lý xách tay 7 kg,Hành lý 0 kg,2025-04-24
Vietnam Airlines,PQC0162,1.167.831 VND/khách,05:10,04 thg 5,04 thg 5,06:10,1h 0m,"Phú Quốc (PQC)
Sân bay Phú Quốc",Hành lý xách tay 1 x 12 kg,Hành lý 23 kg,2025-04-24
Vietnam Airlines,PQC0294,1.167.831 VND/khách,17:25,04 thg 5,04 thg 5,18:25,1h 0m,"Phú Quốc (PQC)
Sân bay Phú Quốc",Hành lý xách tay 1 x 12 kg,Hành lý 23 kg,2025-04-24
Vietnam Airlines,PQC0320,1.167.831 VND/khách,21:00,04 thg 5,04 thg 5,22:00,1h 0m,"Phú Quốc (PQC)
Sân bay Phú Quốc",Hành lý xách tay 1 x 12 kg,Hành lý 23 kg,2025-04-24
VietJet Air,PQC0044,1.292.000 VND/khách,09:20,04 thg 5,04 thg 5,10:20,1h 0m,"Phú Quốc (PQC)
Sân bay Phú Quốc",Hành lý xách tay 7 kg,Hành lý 0 kg,2025-04-24
VietJet Air,PQC0068,1.292.000 VND/khách,11:35,04 thg 5,04 thg 5,12:35,1h 0m,"Phú Quốc (PQC)
Sân bay Phú Quốc",Hành lý xách tay 7 kg,Hành lý 0 kg,2025-04-24
Vietnam Airlines,PQC0271,1.376.622 VND/khách,15:05,04 thg 5,04 thg 5,16:10,1h 5m,"Phú Quốc (PQC)
Sân bay Phú Quốc",Hành lý xách tay 1 x 12 kg,Hành lý 23 kg,2025-04-24
Vietnam Airlines,PQC0205,1.473.525 VND/khách,08:10,04 thg 5,04 thg 5,08:55,45m,"Phú Quốc (PQC)
Sân bay Phú Quốc",Hành lý xách tay 1 x 12 kg,Hành lý 23 kg,2025-04-24
Vietnam Airlines,PQC0253,1.576.422 VND/khách,13:05,04 thg 5,04 thg 5,14:00,55m,"Phú Quốc (PQC)
Sân bay Phú Quốc",Hành lý xách tay 1 x 12 kg,Hành lý 23 kg,2025-04-24
Vietnam Airlines,PQC0228,1.682.316 VND/khách,10:25,04 thg 5,04 thg 5,11:25,1h 0m,"Phú Quốc (PQC)
Sân bay Phú Quốc",Hành lý xách tay 1 x 12 kg,Hành lý 23 kg,2025-04-24
Bamboo Airways,PQC0005,859.302 VND/khách,16:30,05 thg 5,05 thg 5,17:30,1h 0m,"Phú Quốc (PQC)
Sân bay Phú Quốc",Hành lý xách tay 7 kg,Hành lý 0 kg,2025-04-24
Vietravel Airlines,PQC0326,759.098 VND/khách,17:25,05 thg 5,05 thg 5,18:25,1h 0m,"Phú Quốc (PQC)
Sân bay Phú Quốc",Hành lý xách tay 7 kg,Hành lý 0 kg,2025-04-24
VietJet Air,PQC0135,813.000 VND/khách,17:10,05 thg 5,05 thg 5,18:15,1h 5m,"Phú Quốc (PQC)
Sân bay Phú Quốc",Hành lý xách tay 7 kg,Hành lý 0 kg,2025-04-24
Vietnam Airlines,PQC0170,869.130 VND/khách,05:25,05 thg 5,05 thg 5,06:20,55m,"Phú Quốc (PQC)
Sân bay Phú Quốc",Hành lý xách tay 1 x 12 kg,Hành lý 0 kg,2025-04-24
VietJet Air,PQC0020,1.045.000 VND/khách,05:55,05 thg 5,05 thg 5,06:55,1h 0m,"Phú Quốc (PQC)
Sân bay Phú Quốc",Hành lý xách tay 7 kg,Hành lý 0 kg,2025-04-24
VietJet Air,PQC0112,1.045.000 VND/khách,15:40,05 thg 5,05 thg 5,16:40,1h 0m,"Phú Quốc (PQC)
Sân bay Phú Quốc",Hành lý xách tay 7 kg,Hành lý 0 kg,2025-04-24
VietJet Air,PQC0091,1.161.000 VND/khách,14:05,05 thg 5,05 thg 5,15:05,1h 0m,"Phú Quốc (PQC)
Sân bay Phú Quốc",Hành lý xách tay 7 kg,Hành lý 0 kg,2025-04-24
Vietnam Airlines,PQC0185,1.255.627 VND/khách,05:40,05 thg 5,05 thg 5,06:40,1h 0m,"Phú Quốc (PQC)
Sân bay Phú Quốc",Hành lý xách tay 1 x 12 kg,Hành lý 23 kg,2025-04-24
VietJet Air,PQC0045,1.292.000 VND/khách,09:20,05 thg 5,05 thg 5,10:20,1h 0m,"Phú Quốc (PQC)
Sân bay Phú Quốc",Hành lý xách tay 7 kg,Hành lý 0 kg,2025-04-24
VietJet Air,PQC0069,1.292.000 VND/khách,11:35,05 thg 5,05 thg 5,12:35,1h 0m,"Phú Quốc (PQC)
Sân bay Phú Quốc",Hành lý xách tay 7 kg,Hành lý 0 kg,2025-04-24
Vietnam Airlines,PQC0295,1.376.622 VND/khách,17:25,05 thg 5,05 thg 5,18:25,1h 0m,"Phú Quốc (PQC)
Sân bay Phú Quốc",Hành lý xách tay 1 x 12 kg,Hành lý 23 kg,2025-04-24
Vietnam Airlines,PQC0308,1.376.622 VND/khách,20:20,05 thg 5,05 thg 5,21:20,1h 0m,"Phú Quốc (PQC)
Sân bay Phú Quốc",Hành lý xách tay 1 x 12 kg,Hành lý 23 kg,2025-04-24
Vietnam Airlines,PQC0318,1.379.619 VND/khách,20:25,05 thg 5,05 thg 5,21:25,1h 0m,"Phú Quốc (PQC)
Sân bay Phú Quốc",Hành lý xách tay 1 x 12 kg,Hành lý 23 kg,2025-04-24
Vietnam Airlines,PQC0272,1.495.503 VND/khách,15:05,05 thg 5,05 thg 5,16:10,1h 5m,"Phú Quốc (PQC)
Sân bay Phú Quốc",Hành lý xách tay 1 x 12 kg,Hành lý 23 kg,2025-04-24
Vietnam Airlines,PQC0254,1.576.422 VND/khách,13:05,05 thg 5,05 thg 5,14:00,55m,"Phú Quốc (PQC)
Sân bay Phú Quốc",Hành lý xách tay 1 x 12 kg,Hành lý 23 kg,2025-04-24
Vietnam Airlines,PQC0206,1.697.301 VND/khách,08:10,05 thg 5,05 thg 5,08:55,45m,"Phú Quốc (PQC)
Sân bay Phú Quốc",Hành lý xách tay 1 x 12 kg,Hành lý 23 kg,2025-04-24
Vietnam Airlines,PQC0229,1.697.301 VND/khách,10:25,05 thg 5,05 thg 5,11:25,1h 0m,"Phú Quốc (PQC)
Sân bay Phú Quốc",Hành lý xách tay 1 x 12 kg,Hành lý 23 kg,2025-04-24
Vietravel Airlines,PQC0327,759.098 VND/khách,17:25,06 thg 5,06 thg 5,18:25,1h 0m,"Phú Quốc (PQC)
Sân bay Phú Quốc",Hành lý xách tay 7 kg,Hành lý 0 kg,2025-04-24
VietJet Air,PQC0136,813.000 VND/khách,17:10,06 thg 5,06 thg 5,18:15,1h 5m,"Phú Quốc (PQC)
Sân bay Phú Quốc",Hành lý xách tay 7 kg,Hành lý 0 kg,2025-04-24
VietJet Air,PQC0021,1.045.000 VND/khách,05:55,06 thg 5,06 thg 5,06:55,1h 0m,"Phú Quốc (PQC)
Sân bay Phú Quốc",Hành lý xách tay 7 kg,Hành lý 0 kg,2025-04-24
VietJet Air,PQC0113,1.045.000 VND/khách,15:40,06 thg 5,06 thg 5,16:40,1h 0m,"Phú Quốc (PQC)
Sân bay Phú Quốc",Hành lý xách tay 7 kg,Hành lý 0 kg,2025-04-24
VietJet Air,PQC0064,1.161.000 VND/khách,11:30,06 thg 5,06 thg 5,12:30,1h 0m,"Phú Quốc (PQC)
Sân bay Phú Quốc",Hành lý xách tay 7 kg,Hành lý 0 kg,2025-04-24
VietJet Air,PQC0070,1.161.000 VND/khách,11:35,06 thg 5,06 thg 5,12:35,1h 0m,"Phú Quốc (PQC)
Sân bay Phú Quốc",Hành lý xách tay 7 kg,Hành lý 0 kg,2025-04-24
VietJet Air,PQC0092,1.161.000 VND/khách,14:05,06 thg 5,06 thg 5,15:05,1h 0m,"Phú Quốc (PQC)
Sân bay Phú Quốc",Hành lý xách tay 7 kg,Hành lý 0 kg,2025-04-24
Vietnam Airlines,PQC0186,1.255.627 VND/khách,05:40,06 thg 5,06 thg 5,06:40,1h 0m,"Phú Quốc (PQC)
Sân bay Phú Quốc",Hành lý xách tay 1 x 12 kg,Hành lý 23 kg,2025-04-24
VietJet Air,PQC0046,1.292.000 VND/khách,09:20,06 thg 5,06 thg 5,10:20,1h 0m,"Phú Quốc (PQC)
Sân bay Phú Quốc",Hành lý xách tay 7 kg,Hành lý 0 kg,2025-04-24
Vietnam Airlines,PQC0273,1.499.499 VND/khách,15:05,06 thg 5,06 thg 5,16:10,1h 5m,"Phú Quốc (PQC)
Sân bay Phú Quốc",Hành lý xách tay 1 x 12 kg,Hành lý 23 kg,2025-04-24
Vietnam Airlines,PQC0207,1.576.422 VND/khách,08:10,06 thg 5,06 thg 5,08:55,45m,"Phú Quốc (PQC)
Sân bay Phú Quốc",Hành lý xách tay 1 x 12 kg,Hành lý 23 kg,2025-04-24
Vietnam Airlines,PQC0255,1.576.422 VND/khách,13:05,06 thg 5,06 thg 5,14:00,55m,"Phú Quốc (PQC)
Sân bay Phú Quốc",Hành lý xách tay 1 x 12 kg,Hành lý 23 kg,2025-04-24
Vietnam Airlines,PQC0230,1.689.309 VND/khách,10:25,06 thg 5,06 thg 5,11:25,1h 0m,"Phú Quốc (PQC)
Sân bay Phú Quốc",Hành lý xách tay 1 x 12 kg,Hành lý 23 kg,2025-04-24
Bamboo Airways,PQC0006,839.154 VND/khách,16:30,07 thg 5,07 thg 5,17:30,1h 0m,"Phú Quốc (PQC)
Sân bay Phú Quốc",Hành lý xách tay 7 kg,Hành lý 0 kg,2025-04-24
Vietravel Airlines,PQC0328,759.098 VND/khách,17:25,07 thg 5,07 thg 5,18:25,1h 0m,"Phú Quốc (PQC)
Sân bay Phú Quốc",Hành lý xách tay 7 kg,Hành lý 0 kg,2025-04-24
VietJet Air,PQC0022,813.000 VND/khách,05:55,07 thg 5,07 thg 5,06:55,1h 0m,"Phú Quốc (PQC)
Sân bay Phú Quốc",Hành lý xách tay 7 kg,Hành lý 0 kg,2025-04-24
VietJet Air,PQC0137,813.000 VND/khách,17:10,07 thg 5,07 thg 5,18:15,1h 5m,"Phú Quốc (PQC)
Sân bay Phú Quốc",Hành lý xách tay 7 kg,Hành lý 0 kg,2025-04-24
VietJet Air,PQC0114,1.045.000 VND/khách,15:40,07 thg 5,07 thg 5,16:40,1h 0m,"Phú Quốc (PQC)
Sân bay Phú Quốc",Hành lý xách tay 7 kg,Hành lý 0 kg,2025-04-24
VietJet Air,PQC0071,1.161.000 VND/khách,11:35,07 thg 5,07 thg 5,12:35,1h 0m,"Phú Quốc (PQC)
Sân bay Phú Quốc",Hành lý xách tay 7 kg,Hành lý 0 kg,2025-04-24
VietJet Air,PQC0093,1.161.000 VND/khách,14:05,07 thg 5,07 thg 5,15:05,1h 0m,"Phú Quốc (PQC)
Sân bay Phú Quốc",Hành lý xách tay 7 kg,Hành lý 0 kg,2025-04-24
Vietnam Airlines,PQC0187,1.255.627 VND/khách,05:40,07 thg 5,07 thg 5,06:40,1h 0m,"Phú Quốc (PQC)
Sân bay Phú Quốc",Hành lý xách tay 1 x 12 kg,Hành lý 23 kg,2025-04-24
VietJet Air,PQC0047,1.292.000 VND/khách,09:20,07 thg 5,07 thg 5,10:20,1h 0m,"Phú Quốc (PQC)
Sân bay Phú Quốc",Hành lý xách tay 7 kg,Hành lý 0 kg,2025-04-24
Vietnam Airlines,PQC0208,1.576.422 VND/khách,08:10,07 thg 5,07 thg 5,08:55,45m,"Phú Quốc (PQC)
Sân bay Phú Quốc",Hành lý xách tay 1 x 12 kg,Hành lý 23 kg,2025-04-24
Vietnam Airlines,PQC0274,1.576.422 VND/khách,15:05,07 thg 5,07 thg 5,16:10,1h 5m,"Phú Quốc (PQC)
Sân bay Phú Quốc",Hành lý xách tay 1 x 12 kg,Hành lý 23 kg,2025-04-24
Vietnam Airlines,PQC0231,1.682.316 VND/khách,10:25,07 thg 5,07 thg 5,11:25,1h 0m,"Phú Quốc (PQC)
Sân bay Phú Quốc",Hành lý xách tay 1 x 12 kg,Hành lý 23 kg,2025-04-24
Vietnam Airlines,PQC0256,1.887.111 VND/khách,13:05,07 thg 5,07 thg 5,14:00,55m,"Phú Quốc (PQC)
Sân bay Phú Quốc",Hành lý xách tay 1 x 12 kg,Hành lý 23 kg,2025-04-24
VietJet Air,PQC0023,1.045.000 VND/khách,05:55,08 thg 5,08 thg 5,06:55,1h 0m,"Phú Quốc (PQC)
Sân bay Phú Quốc",Hành lý xách tay 7 kg,Hành lý 0 kg,2025-04-24
Vietravel Airlines,PQC0329,1.068.323 VND/khách,17:25,08 thg 5,08 thg 5,18:25,1h 0m,"Phú Quốc (PQC)
Sân bay Phú Quốc",Hành lý xách tay 7 kg,Hành lý 0 kg,2025-04-24
VietJet Air,PQC0072,1.292.000 VND/khách,11:35,08 thg 5,08 thg 5,12:35,1h 0m,"Phú Quốc (PQC)
Sân bay Phú Quốc",Hành lý xách tay 7 kg,Hành lý 0 kg,2025-04-24
VietJet Air,PQC0094,1.292.000 VND/khách,14:05,08 thg 5,08 thg 5,15:05,1h 0m,"Phú Quốc (PQC)
Sân bay Phú Quốc",Hành lý xách tay 7 kg,Hành lý 0 kg,2025-04-24
VietJet Air,PQC0115,1.292.000 VND/khách,15:40,08 thg 5,08 thg 5,16:40,1h 0m,"Phú Quốc (PQC)
Sân bay Phú Quốc",Hành lý xách tay 7 kg,Hành lý 0 kg,2025-04-24
VietJet Air,PQC0038,1.292.000 VND/khách,08:25,08 thg 5,08 thg 5,09:30,1h 5m,"Phú Quốc (PQC)
Sân bay Phú Quốc",Hành lý xách tay 7 kg,Hành lý 0 kg,2025-04-24
VietJet Air,PQC0138,1.292.000 VND/khách,17:10,08 thg 5,08 thg 5,18:15,1h 5m,"Phú Quốc (PQC)
Sân bay Phú Quốc",Hành lý xách tay 7 kg,Hành lý 0 kg,2025-04-24
VietJet Air,PQC0155,1.292.000 VND/khách,17:40,08 thg 5,08 thg 5,18:45,1h 5m,"Phú Quốc (PQC)
Sân bay Phú Quốc",Hành lý xách tay 7 kg,Hành lý 0 kg,2025-04-24
VietJet Air,PQC0048,1.325.000 VND/khách,09:20,08 thg 5,08 thg 5,10:20,1h 0m,"Phú Quốc (PQC)
Sân bay Phú Quốc",Hành lý xách tay 7 kg,Hành lý 0 kg,2025-04-24
Vietnam Airlines,PQC0188,1.376.622 VND/khách,05:40,08 thg 5,08 thg 5,06:40,1h 0m,"Phú Quốc (PQC)
Sân bay Phú Quốc",Hành lý xách tay 1 x 12 kg,Hành lý 23 kg,2025-04-24
Vietnam Airlines,PQC0275,1.686.312 VND/khách,15:05,08 thg 5,08 thg 5,16:10,1h 5m,"Phú Quốc (PQC)
Sân bay Phú Quốc",Hành lý xách tay 1 x 12 kg,Hành lý 23 kg,2025-04-24
Vietnam Airlines,PQC0209,1.737.261 VND/khách,08:10,08 thg 5,08 thg 5,08:55,45m,"Phú Quốc (PQC)
Sân bay Phú Quốc",Hành lý xách tay 1 x 12 kg,Hành lý 23 kg,2025-04-24
Vietnam Airlines,PQC0257,1.737.261 VND/khách,13:05,08 thg 5,08 thg 5,14:00,55m,"Phú Quốc (PQC)
Sân bay Phú Quốc",Hành lý xách tay 1 x 12 kg,Hành lý 23 kg,2025-04-24
Vietnam Airlines,PQC0232,1.737.261 VND/khách,10:25,08 thg 5,08 thg 5,11:25,1h 0m,"Phú Quốc (PQC)
Sân bay Phú Quốc",Hành lý xách tay 1 x 12 kg,Hành lý 23 kg,2025-04-24
Bamboo Airways,PQC0007,1.403.291 VND/khách,16:30,09 thg 5,09 thg 5,17:30,1h 0m,"Phú Quốc (PQC)
Sân bay Phú Quốc",Hành lý xách tay 7 kg,Hành lý 0 kg,2025-04-24
Vietravel Airlines,PQC0330,1.143.135 VND/khách,17:25,09 thg 5,09 thg 5,18:25,1h 0m,"Phú Quốc (PQC)
Sân bay Phú Quốc",Hành lý xách tay 7 kg,Hành lý 0 kg,2025-04-24
VietJet Air,PQC0116,1.292.000 VND/khách,15:40,09 thg 5,09 thg 5,16:40,1h 0m,"Phú Quốc (PQC)
Sân bay Phú Quốc",Hành lý xách tay 7 kg,Hành lý 0 kg,2025-04-24
VietJet Air,PQC0139,1.292.000 VND/khách,17:10,09 thg 5,09 thg 5,18:15,1h 5m,"Phú Quốc (PQC)
Sân bay Phú Quốc",Hành lý xách tay 7 kg,Hành lý 0 kg,2025-04-24
Vietnam Airlines,PQC0189,1.495.503 VND/khách,05:40,09 thg 5,09 thg 5,06:40,1h 0m,"Phú Quốc (PQC)
Sân bay Phú Quốc",Hành lý xách tay 1 x 12 kg,Hành lý 23 kg,2025-04-24
VietJet Air,PQC0024,1.605.000 VND/khách,05:55,09 thg 5,09 thg 5,06:55,1h 0m,"Phú Quốc (PQC)
Sân bay Phú Quốc",Hành lý xách tay 7 kg,Hành lý 0 kg,2025-04-24
VietJet Air,PQC0095,1.605.000 VND/khách,14:05,09 thg 5,09 thg 5,15:05,1h 0m,"Phú Quốc (PQC)
Sân bay Phú Quốc",Hành lý xách tay 7 kg,Hành lý 0 kg,2025-04-24
Vietnam Airlines,PQC0309,1.682.316 VND/khách,20:20,09 thg 5,09 thg 5,21:20,1h 0m,"Phú Quốc (PQC)
Sân bay Phú Quốc",Hành lý xách tay 1 x 12 kg,Hành lý 23 kg,2025-04-24
VietJet Air,PQC0049,1.729.000 VND/khách,09:20,09 thg 5,09 thg 5,10:20,1h 0m,"Phú Quốc (PQC)
Sân bay Phú Quốc",Hành lý xách tay 7 kg,Hành lý 0 kg,2025-04-24
VietJet Air,PQC0073,1.729.000 VND/khách,11:35,09 thg 5,09 thg 5,12:35,1h 0m,"Phú Quốc (PQC)
Sân bay Phú Quốc",Hành lý xách tay 7 kg,Hành lý 0 kg,2025-04-24
Vietnam Airlines,PQC0276,1.737.261 VND/khách,15:05,09 thg 5,09 thg 5,16:10,1h 5m,"Phú Quốc (PQC)
Sân bay Phú Quốc",Hành lý xách tay 1 x 12 kg,Hành lý 23 kg,2025-04-24
Vietnam Airlines,PQC0249,1.845.882 VND/khách,13:00,09 thg 5,09 thg 5,14:00,1h 0m,"Phú Quốc (PQC)
Sân bay Phú Quốc",Hành lý xách tay 1 x 12 kg,Hành lý 23 kg,2025-04-24
Vietnam Airlines,PQC0233,1.955.512 VND/khách,10:25,09 thg 5,09 thg 5,11:25,1h 0m,"Phú Quốc (PQC)
Sân bay Phú Quốc",Hành lý xách tay 1 x 12 kg,Hành lý 23 kg,2025-04-24
Vietnam Airlines,PQC0210,2.002.995 VND/khách,08:10,09 thg 5,09 thg 5,08:55,45m,"Phú Quốc (PQC)
Sân bay Phú Quốc",Hành lý xách tay 1 x 12 kg,Hành lý 23 kg,2025-04-24
Vietravel Airlines,PQC0331,889.770 VND/khách,17:25,10 thg 5,10 thg 5,18:25,1h 0m,"Phú Quốc (PQC)
Sân bay Phú Quốc",Hành lý xách tay 7 kg,Hành lý 0 kg,2025-04-24
VietJet Air,PQC0140,1.045.000 VND/khách,17:10,10 thg 5,10 thg 5,18:15,1h 5m,"Phú Quốc (PQC)
Sân bay Phú Quốc",Hành lý xách tay 7 kg,Hành lý 0 kg,2025-04-24
VietJet Air,PQC0117,1.161.000 VND/khách,15:40,10 thg 5,10 thg 5,16:40,1h 0m,"Phú Quốc (PQC)
Sân bay Phú Quốc",Hành lý xách tay 7 kg,Hành lý 0 kg,2025-04-24
VietJet Air,PQC0074,1.292.000 VND/khách,11:35,10 thg 5,10 thg 5,12:35,1h 0m,"Phú Quốc (PQC)
Sân bay Phú Quốc",Hành lý xách tay 7 kg,Hành lý 0 kg,2025-04-24
VietJet Air,PQC0096,1.292.000 VND/khách,14:05,10 thg 5,10 thg 5,15:05,1h 0m,"Phú Quốc (PQC)
Sân bay Phú Quốc",Hành lý xách tay 7 kg,Hành lý 0 kg,2025-04-24
VietJet Air,PQC0025,1.441.000 VND/khách,05:55,10 thg 5,10 thg 5,06:55,1h 0m,"Phú Quốc (PQC)
Sân bay Phú Quốc",Hành lý xách tay 7 kg,Hành lý 0 kg,2025-04-24
VietJet Air,PQC0050,1.441.000 VND/khách,09:20,10 thg 5,10 thg 5,10:20,1h 0m,"Phú Quốc (PQC)
Sân bay Phú Quốc",Hành lý xách tay 7 kg,Hành lý 0 kg,2025-04-24
Vietnam Airlines,PQC0277,1.689.309 VND/khách,15:05,10 thg 5,10 thg 5,16:10,1h 5m,"Phú Quốc (PQC)
Sân bay Phú Quốc",Hành lý xách tay 1 x 12 kg,Hành lý 23 kg,2025-04-24
Vietnam Airlines,PQC0258,1.737.261 VND/khách,13:05,10 thg 5,10 thg 5,14:00,55m,"Phú Quốc (PQC)
Sân bay Phú Quốc",Hành lý xách tay 1 x 12 kg,Hành lý 23 kg,2025-04-24
Vietnam Airlines,PQC0211,1.845.882 VND/khách,08:10,10 thg 5,10 thg 5,08:55,45m,"Phú Quốc (PQC)
Sân bay Phú Quốc",Hành lý xách tay 1 x 12 kg,Hành lý 23 kg,2025-04-24
Vietnam Airlines,PQC0190,1.845.882 VND/khách,05:40,10 thg 5,10 thg 5,06:40,1h 0m,"Phú Quốc (PQC)
Sân bay Phú Quốc",Hành lý xách tay 1 x 12 kg,Hành lý 23 kg,2025-04-24
Vietnam Airlines,PQC0234,1.901.758 VND/khách,10:25,10 thg 5,10 thg 5,11:25,1h 0m,"Phú Quốc (PQC)
Sân bay Phú Quốc",Hành lý xách tay 1 x 12 kg,Hành lý 23 kg,2025-04-24
Bamboo Airways,PQC0008,833.000 VND/khách,16:30,11 thg 5,11 thg 5,17:30,1h 0m,"Phú Quốc (PQC)
Sân bay Phú Quốc",Hành lý xách tay 7 kg,Hành lý 0 kg,2025-04-24
Vietravel Airlines,PQC0332,759.098 VND/khách,17:25,11 thg 5,11 thg 5,18:25,1h 0m,"Phú Quốc (PQC)
Sân bay Phú Quốc",Hành lý xách tay 7 kg,Hành lý 0 kg,2025-04-24
VietJet Air,PQC0118,813.000 VND/khách,15:40,11 thg 5,11 thg 5,16:40,1h 0m,"Phú Quốc (PQC)
Sân bay Phú Quốc",Hành lý xách tay 7 kg,Hành lý 0 kg,2025-04-24
VietJet Air,PQC0141,813.000 VND/khách,17:10,11 thg 5,11 thg 5,18:15,1h 5m,"Phú Quốc (PQC)
Sân bay Phú Quốc",Hành lý xách tay 7 kg,Hành lý 0 kg,2025-04-24
VietJet Air,PQC0026,1.045.000 VND/khách,05:55,11 thg 5,11 thg 5,06:55,1h 0m,"Phú Quốc (PQC)
Sân bay Phú Quốc",Hành lý xách tay 7 kg,Hành lý 0 kg,2025-04-24
Vietnam Airlines,PQC0310,1.151.847 VND/khách,20:20,11 thg 5,11 thg 5,21:20,1h 0m,"Phú Quốc (PQC)
Sân bay Phú Quốc",Hành lý xách tay 1 x 12 kg,Hành lý 23 kg,2025-04-24
VietJet Air,PQC0075,1.161.000 VND/khách,11:35,11 thg 5,11 thg 5,12:35,1h 0m,"Phú Quốc (PQC)
Sân bay Phú Quốc",Hành lý xách tay 7 kg,Hành lý 0 kg,2025-04-24
VietJet Air,PQC0097,1.161.000 VND/khách,14:05,11 thg 5,11 thg 5,15:05,1h 0m,"Phú Quốc (PQC)
Sân bay Phú Quốc",Hành lý xách tay 7 kg,Hành lý 0 kg,2025-04-24
VietJet Air,PQC0051,1.183.000 VND/khách,09:20,11 thg 5,11 thg 5,10:20,1h 0m,"Phú Quốc (PQC)
Sân bay Phú Quốc",Hành lý xách tay 7 kg,Hành lý 0 kg,2025-04-24
Vietnam Airlines,PQC0191,1.255.627 VND/khách,05:40,11 thg 5,11 thg 5,06:40,1h 0m,"Phú Quốc (PQC)
Sân bay Phú Quốc",Hành lý xách tay 1 x 12 kg,Hành lý 23 kg,2025-04-24
Vietnam Airlines,PQC0278,1.376.622 VND/khách,15:05,11 thg 5,11 thg 5,16:10,1h 5m,"Phú Quốc (PQC)
Sân bay Phú Quốc",Hành lý xách tay 1 x 12 kg,Hành lý 23 kg,2025-04-24
Vietnam Airlines,PQC0235,1.484.514 VND/khách,10:25,11 thg 5,11 thg 5,11:25,1h 0m,"Phú Quốc (PQC)
Sân bay Phú Quốc",Hành lý xách tay 1 x 12 kg,Hành lý 23 kg,2025-04-24
Vietnam Airlines,PQC0259,1.488.510 VND/khách,13:05,11 thg 5,11 thg 5,14:00,55m,"Phú Quốc (PQC)
Sân bay Phú Quốc",Hành lý xách tay 1 x 12 kg,Hành lý 23 kg,2025-04-24
Vietnam Airlines,PQC0212,1.576.422 VND/khách,08:10,11 thg 5,11 thg 5,08:55,45m,"Phú Quốc (PQC)
Sân bay Phú Quốc",Hành lý xách tay 1 x 12 kg,Hành lý 23 kg,2025-04-24
Bamboo Airways,PQC0011,1.178.643 VND/khách,16:30,25 thg 4,25 thg 4,17:30,1h 0m,"Phú Quốc (PQC)
Sân bay Phú Quốc",Hành lý xách tay 7 kg,Hành lý 0 kg,2025-04-24
Vietravel Airlines,PQC0337,1.143.135 VND/khách,17:25,25 thg 4,25 thg 4,18:25,1h 0m,"Phú Quốc (PQC)
Sân bay Phú Quốc",Hành lý xách tay 7 kg,Hành lý 0 kg,2025-04-24
VietJet Air,PQC0056,1.337.000 VND/khách,09:20,25 thg 4,25 thg 4,10:20,1h 0m,"Phú Quốc (PQC)
Sân bay Phú Quốc",Hành lý xách tay 7 kg,Hành lý 0 kg,2025-04-24
VietJet Air,PQC0031,1.340.000 VND/khách,05:55,25 thg 4,25 thg 4,06:55,1h 0m,"Phú Quốc (PQC)
Sân bay Phú Quốc",Hành lý xách tay 7 kg,Hành lý 0 kg,2025-04-24
VietJet Air,PQC0146,1.418.326 VND/khách,17:10,25 thg 4,25 thg 4,18:15,1h 5m,"Phú Quốc (PQC)
Sân bay Phú Quốc",Hành lý xách tay 7 kg,Hành lý 0 kg,2025-04-24
VietJet Air,PQC0102,1.452.000 VND/khách,14:05,25 thg 4,25 thg 4,15:05,1h 0m,"Phú Quốc (PQC)
Sân bay Phú Quốc",Hành lý xách tay 7 kg,Hành lý 0 kg,2025-04-24
VietJet Air,PQC0080,1.621.000 VND/khách,11:35,25 thg 4,25 thg 4,12:35,1h 0m,"Phú Quốc (PQC)
Sân bay Phú Quốc",Hành lý xách tay 7 kg,Hành lý 0 kg,2025-04-24
Vietnam Airlines,PQC0296,1.827.820 VND/khách,17:25,25 thg 4,25 thg 4,18:25,1h 0m,"Phú Quốc (PQC)
Sân bay Phú Quốc",Hành lý xách tay 1 x 12 kg,Hành lý 23 kg,2025-04-24
Vietnam Airlines,PQC0311,1.921.252 VND/khách,20:20,25 thg 4,25 thg 4,21:20,1h 0m,"Phú Quốc (PQC)
Sân bay Phú Quốc",Hành lý xách tay 1 x 12 kg,Hành lý 23 kg,2025-04-24
Vietnam Airlines,PQC0218,2.045.827 VND/khách,08:10,25 thg 4,25 thg 4,08:55,45m,"Phú Quốc (PQC)
Sân bay Phú Quốc",Hành lý xách tay 1 x 12 kg,Hành lý 23 kg,2025-04-24
Vietnam Airlines,PQC0165,2.045.827 VND/khách,05:15,25 thg 4,25 thg 4,06:15,1h 0m,"Phú Quốc (PQC)
Sân bay Phú Quốc",Hành lý xách tay 1 x 12 kg,Hành lý 23 kg,2025-04-24
Vietnam Airlines,PQC0240,2.045.827 VND/khách,10:25,25 thg 4,25 thg 4,11:25,1h 0m,"Phú Quốc (PQC)
Sân bay Phú Quốc",Hành lý xách tay 1 x 12 kg,Hành lý 23 kg,2025-04-24
Vietnam Airlines,PQC0250,2.045.827 VND/khách,13:00,25 thg 4,25 thg 4,14:00,1h 0m,"Phú Quốc (PQC)
Sân bay Phú Quốc",Hành lý xách tay 1 x 12 kg,Hành lý 23 kg,2025-04-24
Vietnam Airlines,PQC0283,2.045.827 VND/khách,15:05,25 thg 4,25 thg 4,16:10,1h 5m,"Phú Quốc (PQC)
Sân bay Phú Quốc",Hành lý xách tay 1 x 12 kg,Hành lý 23 kg,2025-04-24
Vietravel Airlines,PQC0338,1.224.930 VND/khách,17:25,26 thg 4,26 thg 4,18:25,1h 0m,"Phú Quốc (PQC)
Sân bay Phú Quốc",Hành lý xách tay 7 kg,Hành lý 0 kg,2025-04-24
Vietnam Airlines,PQC0297,1.708.290 VND/khách,17:25,26 thg 4,26 thg 4,18:25,1h 0m,"Phú Quốc (PQC)
Sân bay Phú Quốc",Hành lý xách tay 1 x 12 kg,Hành lý 23 kg,2025-04-24
Vietnam Airlines,PQC0312,1.805.193 VND/khách,20:20,26 thg 4,26 thg 4,21:20,1h 0m,"Phú Quốc (PQC)
Sân bay Phú Quốc",Hành lý xách tay 1 x 12 kg,Hành lý 23 kg,2025-04-24
VietJet Air,PQC0032,1.931.000 VND/khách,05:55,26 thg 4,26 thg 4,06:55,1h 0m,"Phú Quốc (PQC)
Sân bay Phú Quốc",Hành lý xách tay 7 kg,Hành lý 0 kg,2025-04-24
VietJet Air,PQC0057,1.931.000 VND/khách,09:20,26 thg 4,26 thg 4,10:20,1h 0m,"Phú Quốc (PQC)
Sân bay Phú Quốc",Hành lý xách tay 7 kg,Hành lý 0 kg,2025-04-24
VietJet Air,PQC0081,1.931.000 VND/khách,11:35,26 thg 4,26 thg 4,12:35,1h 0m,"Phú Quốc (PQC)
Sân bay Phú Quốc",Hành lý xách tay 7 kg,Hành lý 0 kg,2025-04-24
VietJet Air,PQC0103,1.931.000 VND/khách,14:05,26 thg 4,26 thg 4,15:05,1h 0m,"Phú Quốc (PQC)
Sân bay Phú Quốc",Hành lý xách tay 7 kg,Hành lý 0 kg,2025-04-24
VietJet Air,PQC0124,1.931.000 VND/khách,15:40,26 thg 4,26 thg 4,16:40,1h 0m,"Phú Quốc (PQC)
Sân bay Phú Quốc",Hành lý xách tay 7 kg,Hành lý 0 kg,2025-04-24
VietJet Air,PQC0147,1.931.000 VND/khách,17:10,26 thg 4,26 thg 4,18:15,1h 5m,"Phú Quốc (PQC)
Sân bay Phú Quốc",Hành lý xách tay 7 kg,Hành lý 0 kg,2025-04-24
Vietnam Airlines,PQC0219,1.988.010 VND/khách,08:10,26 thg 4,26 thg 4,08:55,45m,"Phú Quốc (PQC)
Sân bay Phú Quốc",Hành lý xách tay 1 x 12 kg,Hành lý 23 kg,2025-04-24
Vietnam Airlines,PQC0284,2.014.983 VND/khách,15:05,26 thg 4,26 thg 4,16:10,1h 5m,"Phú Quốc (PQC)
Sân bay Phú Quốc",Hành lý xách tay 1 x 12 kg,Hành lý 23 kg,2025-04-24
Bamboo Airways,PQC0012,968.099 VND/khách,16:30,27 thg 4,27 thg 4,17:30,1h 0m,"Phú Quốc (PQC)
Sân bay Phú Quốc",Hành lý xách tay 7 kg,Hành lý 0 kg,2025-04-24
Vietravel Airlines,PQC0339,1.068.323 VND/khách,17:25,27 thg 4,27 thg 4,18:25,1h 0m,"Phú Quốc (PQC)
Sân bay Phú Quốc",Hành lý xách tay 7 kg,Hành lý 0 kg,2025-04-24
Vietnam Airlines,PQC0163,1.370.628 VND/khách,05:10,27 thg 4,27 thg 4,06:10,1h 0m,"Phú Quốc (PQC)
Sân bay Phú Quốc",Hành lý xách tay 1 x 12 kg,Hành lý 23 kg,2025-04-24
Vietnam Airlines,PQC0302,1.390.608 VND/khách,19:20,27 thg 4,27 thg 4,20:20,1h 0m,"Phú Quốc (PQC)
Sân bay Phú Quốc",Hành lý xách tay 1 x 12 kg,Hành lý 23 kg,2025-04-24
VietJet Air,PQC0033,1.445.000 VND/khách,05:55,27 thg 4,27 thg 4,06:55,1h 0m,"Phú Quốc (PQC)
Sân bay Phú Quốc",Hành lý xách tay 7 kg,Hành lý 0 kg,2025-04-24
Vietnam Airlines,PQC0313,1.476.522 VND/khách,20:20,27 thg 4,27 thg 4,21:20,1h 0m,"Phú Quốc (PQC)
Sân bay Phú Quốc",Hành lý xách tay 1 x 12 kg,Hành lý 23 kg,2025-04-24
VietJet Air,PQC0148,1.617.000 VND/khách,17:10,27 thg 4,27 thg 4,18:15,1h 5m,"Phú Quốc (PQC)
Sân bay Phú Quốc",Hành lý xách tay 7 kg,Hành lý 0 kg,2025-04-24
VietJet Air,PQC0104,1.729.000 VND/khách,14:05,27 thg 4,27 thg 4,15:05,1h 0m,"Phú Quốc (PQC)
Sân bay Phú Quốc",Hành lý xách tay 7 kg,Hành lý 0 kg,2025-04-24
Vietnam Airlines,PQC0285,1.768.230 VND/khách,15:05,27 thg 4,27 thg 4,16:10,1h 5m,"Phú Quốc (PQC)
Sân bay Phú Quốc",Hành lý xách tay 1 x 12 kg,Hành lý 23 kg,2025-04-24
VietJet Air,PQC0125,1.818.000 VND/khách,15:40,27 thg 4,27 thg 4,16:40,1h 0m,"Phú Quốc (PQC)
Sân bay Phú Quốc",Hành lý xách tay 7 kg,Hành lý 0 kg,2025-04-24
VietJet Air,PQC0082,1.848.000 VND/khách,11:35,27 thg 4,27 thg 4,12:35,1h 0m,"Phú Quốc (PQC)
Sân bay Phú Quốc",Hành lý xách tay 7 kg,Hành lý 0 kg,2025-04-24
Vietnam Airlines,PQC0220,1.973.025 VND/khách,08:10,27 thg 4,27 thg 4,08:55,45m,"Phú Quốc (PQC)
Sân bay Phú Quốc",Hành lý xách tay 1 x 12 kg,Hành lý 23 kg,2025-04-24
Vietnam Airlines,PQC0177,1.973.025 VND/khách,05:25,27 thg 4,27 thg 4,06:20,55m,"Phú Quốc (PQC)
Sân bay Phú Quốc",Hành lý xách tay 1 x 12 kg,Hành lý 23 kg,2025-04-24
Vietnam Airlines,PQC0242,1.977.021 VND/khách,10:25,27 thg 4,27 thg 4,11:25,1h 0m,"Phú Quốc (PQC)
Sân bay Phú Quốc",Hành lý xách tay 1 x 12 kg,Hành lý 23 kg,2025-04-24
Vietnam Airlines,PQC0265,1.981.017 VND/khách,13:05,27 thg 4,27 thg 4,14:00,55m,"Phú Quốc (PQC)
Sân bay Phú Quốc",Hành lý xách tay 1 x 12 kg,Hành lý 23 kg,2025-04-24
Bamboo Airways,PQC0013,968.099 VND/khách,16:30,28 thg 4,28 thg 4,17:30,1h 0m,"Phú Quốc (PQC)
Sân bay Phú Quốc",Hành lý xách tay 7 kg,Hành lý 0 kg,2025-04-24
Vietravel Airlines,PQC0340,1.147.125 VND/khách,17:25,28 thg 4,28 thg 4,18:25,1h 0m,"Phú Quốc (PQC)
Sân bay Phú Quốc",Hành lý xách tay 7 kg,Hành lý 0 kg,2025-04-24
VietJet Air,PQC0034,1.180.000 VND/khách,05:55,28 thg 4,28 thg 4,06:55,1h 0m,"Phú Quốc (PQC)
Sân bay Phú Quốc",Hành lý xách tay 7 kg,Hành lý 0 kg,2025-04-24
Vietnam Airlines,PQC0199,1.379.619 VND/khách,05:40,28 thg 4,28 thg 4,06:40,1h 0m,"Phú Quốc (PQC)
Sân bay Phú Quốc",Hành lý xách tay 1 x 12 kg,Hành lý 23 kg,2025-04-24
Vietnam Airlines,PQC0298,1.499.499 VND/khách,17:25,28 thg 4,28 thg 4,18:25,1h 0m,"Phú Quốc (PQC)
Sân bay Phú Quốc",Hành lý xách tay 1 x 12 kg,Hành lý 23 kg,2025-04-24
Vietnam Airlines,PQC0178,1.576.422 VND/khách,05:25,28 thg 4,28 thg 4,06:20,55m,"Phú Quốc (PQC)
Sân bay Phú Quốc",Hành lý xách tay 1 x 12 kg,Hành lý 23 kg,2025-04-24
VietJet Air,PQC0149,1.617.000 VND/khách,17:10,28 thg 4,28 thg 4,18:15,1h 5m,"Phú Quốc (PQC)
Sân bay Phú Quốc",Hành lý xách tay 7 kg,Hành lý 0 kg,2025-04-24
Vietnam Airlines,PQC0221,1.682.316 VND/khách,08:10,28 thg 4,28 thg 4,08:55,45m,"Phú Quốc (PQC)
Sân bay Phú Quốc",Hành lý xách tay 1 x 12 kg,Hành lý 23 kg,2025-04-24
VietJet Air,PQC0105,1.729.000 VND/khách,14:05,28 thg 4,28 thg 4,15:05,1h 0m,"Phú Quốc (PQC)
Sân bay Phú Quốc",Hành lý xách tay 7 kg,Hành lý 0 kg,2025-04-24
Vietnam Airlines,PQC0314,1.764.234 VND/khách,20:20,28 thg 4,28 thg 4,21:20,1h 0m,"Phú Quốc (PQC)
Sân bay Phú Quốc",Hành lý xách tay 1 x 12 kg,Hành lý 23 kg,2025-04-24
VietJet Air,PQC0083,1.819.000 VND/khách,11:35,28 thg 4,28 thg 4,12:35,1h 0m,"Phú Quốc (PQC)
Sân bay Phú Quốc",Hành lý xách tay 7 kg,Hành lý 0 kg,2025-04-24
VietJet Air,PQC0059,1.848.000 VND/khách,09:20,28 thg 4,28 thg 4,10:20,1h 0m,"Phú Quốc (PQC)
Sân bay Phú Quốc",Hành lý xách tay 7 kg,Hành lý 0 kg,2025-04-24
VietJet Air,PQC0126,1.848.000 VND/khách,15:40,28 thg 4,28 thg 4,16:40,1h 0m,"Phú Quốc (PQC)
Sân bay Phú Quốc",Hành lý xách tay 7 kg,Hành lý 0 kg,2025-04-24
Vietnam Airlines,PQC0286,1.929.069 VND/khách,15:05,28 thg 4,28 thg 4,16:10,1h 5m,"Phú Quốc (PQC)
Sân bay Phú Quốc",Hành lý xách tay 1 x 12 kg,Hành lý 23 kg,2025-04-24
Vietnam Airlines,PQC0266,2.014.983 VND/khách,13:05,28 thg 4,28 thg 4,14:00,55m,"Phú Quốc (PQC)
Sân bay Phú Quốc",Hành lý xách tay 1 x 12 kg,Hành lý 23 kg,2025-04-24
Vietnam Airlines,PQC0243,2.014.983 VND/khách,10:25,28 thg 4,28 thg 4,11:25,1h 0m,"Phú Quốc (PQC)
Sân bay Phú Quốc",Hành lý xách tay 1 x 12 kg,Hành lý 23 kg,2025-04-24
Vietnam Airlines,PQC0179,1.576.422 VND/khách,05:25,29 thg 4,29 thg 4,06:20,55m,"Phú Quốc (PQC)
Sân bay Phú Quốc",Hành lý xách tay 1 x 12 kg,Hành lý 23 kg,2025-04-24
Vietravel Airlines,PQC0341,1.746.623 VND/khách,17:25,29 thg 4,29 thg 4,18:25,1h 0m,"Phú Quốc (PQC)
Sân bay Phú Quốc",Hành lý xách tay 7 kg,Hành lý 0 kg,2025-04-24
Vietnam Airlines,PQC0200,1.802.196 VND/khách,05:40,29 thg 4,29 thg 4,06:40,1h 0m,"Phú Quốc (PQC)
Sân bay Phú Quốc",Hành lý xách tay 1 x 12 kg,Hành lý 23 kg,2025-04-24
VietJet Air,PQC0035,1.819.000 VND/khách,05:55,29 thg 4,29 thg 4,06:55,1h 0m,"Phú Quốc (PQC)
Sân bay Phú Quốc",Hành lý xách tay 7 kg,Hành lý 0 kg,2025-04-24
VietJet Air,PQC0127,1.819.000 VND/khách,15:40,29 thg 4,29 thg 4,16:40,1h 0m,"Phú Quốc (PQC)
Sân bay Phú Quốc",Hành lý xách tay 7 kg,Hành lý 0 kg,2025-04-24
VietJet Air,PQC0040,1.819.000 VND/khách,08:25,29 thg 4,29 thg 4,09:30,1h 5m,"Phú Quốc (PQC)
Sân bay Phú Quốc",Hành lý xách tay 7 kg,Hành lý 0 kg,2025-04-24
VietJet Air,PQC0084,1.848.000 VND/khách,11:35,29 thg 4,29 thg 4,12:35,1h 0m,"Phú Quốc (PQC)
Sân bay Phú Quốc",Hành lý xách tay 7 kg,Hành lý 0 kg,2025-04-24
VietJet Air,PQC0106,1.848.000 VND/khách,14:05,29 thg 4,29 thg 4,15:05,1h 0m,"Phú Quốc (PQC)
Sân bay Phú Quốc",Hành lý xách tay 7 kg,Hành lý 0 kg,2025-04-24
VietJet Air,PQC0060,1.875.000 VND/khách,09:20,29 thg 4,29 thg 4,10:20,1h 0m,"Phú Quốc (PQC)
Sân bay Phú Quốc",Hành lý xách tay 7 kg,Hành lý 0 kg,2025-04-24
VietJet Air,PQC0153,1.931.000 VND/khách,17:25,29 thg 4,29 thg 4,18:30,1h 5m,"Phú Quốc (PQC)
Sân bay Phú Quốc",Hành lý xách tay 7 kg,Hành lý 0 kg,2025-04-24
Vietnam Airlines,PQC0246,2.014.983 VND/khách,12:10,29 thg 4,29 thg 4,13:10,1h 0m,"Phú Quốc (PQC)
Sân bay Phú Quốc",Hành lý xách tay 1 x 12 kg,Hành lý 23 kg,2025-04-24
Vietnam Airlines,PQC0299,2.014.983 VND/khách,17:25,29 thg 4,29 thg 4,18:25,1h 0m,"Phú Quốc (PQC)
Sân bay Phú Quốc",Hành lý xách tay 1 x 12 kg,Hành lý 23 kg,2025-04-24
Vietnam Airlines,PQC0321,2.014.983 VND/khách,21:05,29 thg 4,29 thg 4,22:05,1h 0m,"Phú Quốc (PQC)
Sân bay Phú Quốc",Hành lý xách tay 1 x 12 kg,Hành lý 23 kg,2025-04-24
Vietnam Airlines,PQC0222,2.021.976 VND/khách,08:10,29 thg 4,29 thg 4,08:55,45m,"Phú Quốc (PQC)
Sân bay Phú Quốc",Hành lý xách tay 1 x 12 kg,Hành lý 23 kg,2025-04-24
Bamboo Airways,PQC0014,1.911.014 VND/khách,16:30,30 thg 4,30 thg 4,17:30,1h 0m,"Phú Quốc (PQC)
Sân bay Phú Quốc",Hành lý xách tay 7 kg,Hành lý 20 kg,2025-04-24
Vietnam Airlines,PQC0223,1.966.032 VND/khách,08:10,30 thg 4,30 thg 4,08:55,45m,"Phú Quốc (PQC)
Sân bay Phú Quốc",Hành lý xách tay 1 x 12 kg,Hành lý 23 kg,2025-04-24
Vietnam Airlines,PQC0160,1.966.032 VND/khách,05:00,30 thg 4,30 thg 4,06:00,1h 0m,"Phú Quốc (PQC)
Sân bay Phú Quốc",Hành lý xách tay 1 x 12 kg,Hành lý 23 kg,2025-04-24
Vietnam Airlines,PQC0244,1.966.032 VND/khách,10:25,30 thg 4,30 thg 4,11:25,1h 0m,"Phú Quốc (PQC)
Sân bay Phú Quốc",Hành lý xách tay 1 x 12 kg,Hành lý 23 kg,2025-04-24
Bamboo Airways,PQC0001,1.872.491 VND/khách,16:30,01 thg 5,01 thg 5,17:30,1h 0m,"Phú Quốc (PQC)
Sân bay Phú Quốc",Hành lý xách tay 7 kg,Hành lý 20 kg,2025-04-25
Vietravel Airlines,PQC0322,1.654.853 VND/khách,17:25,01 thg 5,01 thg 5,18:25,1h 0m,"Phú Quốc (PQC)
Sân bay Phú Quốc",Hành lý xách tay 7 kg,Hành lý 0 kg,2025-04-25
VietJet Air,PQC0131,1.921.000 VND/khách,17:10,01 thg 5,01 thg 5,18:15,1h 5m,"Phú Quốc (PQC)
Sân bay Phú Quốc",Hành lý xách tay 7 kg,Hành lý 0 kg,2025-04-25
VietJet Air,PQC0154,1.921.000 VND/khách,17:40,01 thg 5,01 thg 5,18:45,1h 5m,"Phú Quốc (PQC)
Sân bay Phú Quốc",Hành lý xách tay 7 kg,Hành lý 0 kg,2025-04-25
Vietnam Airlines,PQC0289,1.997.001 VND/khách,16:15,01 thg 5,01 thg 5,17:15,1h 0m,"Phú Quốc (PQC)
Sân bay Phú Quốc",Hành lý xách tay 1 x 12 kg,Hành lý 23 kg,2025-04-25
Vietnam Airlines,PQC0268,2.000.997 VND/khách,15:05,01 thg 5,01 thg 5,16:10,1h 5m,"Phú Quốc (PQC)
Sân bay Phú Quốc",Hành lý xách tay 1 x 12 kg,Hành lý 23 kg,2025-04-25
Vietnam Airlines,PQC0291,2.015.982 VND/khách,17:25,01 thg 5,01 thg 5,18:25,1h 0m,"Phú Quốc (PQC)
Sân bay Phú Quốc",Hành lý xách tay 1 x 12 kg,Hành lý 23 kg,2025-04-25
Vietnam Airlines,PQC0304,2.019.978 VND/khách,20:20,01 thg 5,01 thg 5,21:20,1h 0m,"Phú Quốc (PQC)
Sân bay Phú Quốc",Hành lý xách tay 1 x 12 kg,Hành lý 23 kg,2025-04-25
Bamboo Airways,PQC0002,1.762.344 VND/khách,16:30,02 thg 5,02 thg 5,17:30,1h 0m,"Phú Quốc (PQC)
Sân bay Phú Quốc",Hành lý xách tay 7 kg,Hành lý 0 kg,2025-04-25
Vietravel Airlines,PQC0323,1.483.283 VND/khách,17:25,02 thg 5,02 thg 5,18:25,1h 0m,"Phú Quốc (PQC)
Sân bay Phú Quốc",Hành lý xách tay 7 kg,Hành lý 0 kg,2025-04-25
Vietnam Airlines,PQC0201,1.698.300 VND/khách,07:00,02 thg 5,02 thg 5,08:05,1h 5m,"Phú Quốc (PQC)
Sân bay Phú Quốc",Hành lý xách tay 1 x 12 kg,Hành lý 23 kg,2025-04-25
VietJet Air,PQC0017,1.719.000 VND/khách,05:55,02 thg 5,02 thg 5,06:55,1h 0m,"Phú Quốc (PQC)
Sân bay Phú Quốc",Hành lý xách tay 7 kg,Hành lý 0 kg,2025-04-25
VietJet Air,PQC0132,1.719.000 VND/khách,17:10,02 thg 5,02 thg 5,18:15,1h 5m,"Phú Quốc (PQC)
Sân bay Phú Quốc",Hành lý xách tay 7 kg,Hành lý 0 kg,2025-04-25
Vietnam Airlines,PQC0182,1.784.214 VND/khách,05:40,02 thg 5,02 thg 5,06:40,1h 0m,"Phú Quốc (PQC)
Sân bay Phú Quốc",Hành lý xách tay 1 x 12 kg,Hành lý 23 kg,2025-04-25
VietJet Air,PQC0109,1.805.000 VND/khách,15:40,02 thg 5,02 thg 5,16:40,1h 0m,"Phú Quốc (PQC)
Sân bay Phú Quốc",Hành lý xách tay 7 kg,Hành lý 0 kg,2025-04-25
VietJet Air,PQC0042,1.835.000 VND/khách,09:20,02 thg 5,02 thg 5,10:20,1h 0m,"Phú Quốc (PQC)
Sân bay Phú Quốc",Hành lý xách tay 7 kg,Hành lý 0 kg,2025-04-25
VietJet Air,PQC0088,1.835.000 VND/khách,14:05,02 thg 5,02 thg 5,15:05,1h 0m,"Phú Quốc (PQC)
Sân bay Phú Quốc",Hành lý xách tay 7 kg,Hành lý 0 kg,2025-04-25
Vietnam Airlines,PQC0203,1.979.019 VND/khách,08:10,02 thg 5,02 thg 5,08:55,45m,"Phú Quốc (PQC)
Sân bay Phú Quốc",Hành lý xách tay 1 x 12 kg,Hành lý 23 kg,2025-04-25
Vietnam Airlines,PQC0292,1.997.001 VND/khách,17:25,02 thg 5,02 thg 5,18:25,1h 0m,"Phú Quốc (PQC)
Sân bay Phú Quốc",Hành lý xách tay 1 x 12 kg,Hành lý 23 kg,2025-04-25
Vietnam Airlines,PQC0301,1.997.001 VND/khách,19:20,02 thg 5,02 thg 5,20:20,1h 0m,"Phú Quốc (PQC)
Sân bay Phú Quốc",Hành lý xách tay 1 x 12 kg,Hành lý 23 kg,2025-04-25
Vietnam Airlines,PQC0226,2.004.993 VND/khách,10:25,02 thg 5,02 thg 5,11:25,1h 0m,"Phú Quốc (PQC)
Sân bay Phú Quốc",Hành lý xách tay 1 x 12 kg,Hành lý 23 kg,2025-04-25
Vietnam Airlines,PQC0245,2.004.993 VND/khách,10:30,02 thg 5,02 thg 5,11:35,1h 5m,"Phú Quốc (PQC)
Sân bay Phú Quốc",Hành lý xách tay 1 x 12 kg,Hành lý 23 kg,2025-04-25
Vietnam Airlines,PQC0269,2.004.993 VND/khách,15:05,02 thg 5,02 thg 5,16:10,1h 5m,"Phú Quốc (PQC)
Sân bay Phú Quốc",Hành lý xách tay 1 x 12 kg,Hành lý 23 kg,2025-04-25
Vietnam Airlines,PQC0305,2.007.990 VND/khách,20:20,02 thg 5,02 thg 5,21:20,1h 0m,"Phú Quốc (PQC)
Sân bay Phú Quốc",Hành lý xách tay 1 x 12 kg,Hành lý 23 kg,2025-04-25
Vietnam Airlines,PQC0248,2.011.986 VND/khách,13:00,02 thg 5,02 thg 5,14:00,1h 0m,"Phú Quốc (PQC)
Sân bay Phú Quốc",Hành lý xách tay 1 x 12 kg,Hành lý 23 kg,2025-04-25
Bamboo Airways,PQC0003,1.167.757 VND/khách,16:30,03 thg 5,03 thg 5,17:30,1h 0m,"Phú Quốc (PQC)
Sân bay Phú Quốc",Hành lý xách tay 7 kg,Hành lý 0 kg,2025-04-25
Vietravel Airlines,PQC0324,1.072.313 VND/khách,17:25,03 thg 5,03 thg 5,18:25,1h 0m,"Phú Quốc (PQC)
Sân bay Phú Quốc",Hành lý xách tay 7 kg,Hành lý 0 kg,2025-04-25
VietJet Air,PQC0037,1.169.000 VND/khách,08:25,03 thg 5,03 thg 5,09:30,1h 5m,"Phú Quốc (PQC)
Sân bay Phú Quốc",Hành lý xách tay 7 kg,Hành lý 0 kg,2025-04-25
Vietnam Airlines,PQC0168,1.260.738 VND/khách,05:25,03 thg 5,03 thg 5,06:20,55m,"Phú Quốc (PQC)
Sân bay Phú Quốc",Hành lý xách tay 1 x 12 kg,Hành lý 23 kg,2025-04-25
Vietnam Airlines,PQC0183,1.384.614 VND/khách,05:40,03 thg 5,03 thg 5,06:40,1h 0m,"Phú Quốc (PQC)
Sân bay Phú Quốc",Hành lý xách tay 1 x 12 kg,Hành lý 23 kg,2025-04-25
VietJet Air,PQC0018,1.435.000 VND/khách,05:55,03 thg 5,03 thg 5,06:55,1h 0m,"Phú Quốc (PQC)
Sân bay Phú Quốc",Hành lý xách tay 7 kg,Hành lý 0 kg,2025-04-25
Vietnam Airlines,PQC0290,1.485.513 VND/khách,16:25,03 thg 5,03 thg 5,17:25,1h 0m,"Phú Quốc (PQC)
Sân bay Phú Quốc",Hành lý xách tay 1 x 12 kg,Hành lý 23 kg,2025-04-25
Vietnam Airlines,PQC0303,1.496.502 VND/khách,19:45,03 thg 5,03 thg 5,20:45,1h 0m,"Phú Quốc (PQC)
Sân bay Phú Quốc",Hành lý xách tay 1 x 12 kg,Hành lý 23 kg,2025-04-25
Vietnam Airlines,PQC0293,1.500.498 VND/khách,17:25,03 thg 5,03 thg 5,18:25,1h 0m,"Phú Quốc (PQC)
Sân bay Phú Quốc",Hành lý xách tay 1 x 12 kg,Hành lý 23 kg,2025-04-25
Vietnam Airlines,PQC0247,1.594.404 VND/khách,12:20,03 thg 5,03 thg 5,13:25,1h 5m,"Phú Quốc (PQC)
Sân bay Phú Quốc",Hành lý xách tay 1 x 12 kg,Hành lý 23 kg,2025-04-25
VietJet Air,PQC0089,1.607.000 VND/khách,14:05,03 thg 5,03 thg 5,15:05,1h 0m,"Phú Quốc (PQC)
Sân bay Phú Quốc",Hành lý xách tay 7 kg,Hành lý 0 kg,2025-04-25
VietJet Air,PQC0133,1.607.000 VND/khách,17:10,03 thg 5,03 thg 5,18:15,1h 5m,"Phú Quốc (PQC)
Sân bay Phú Quốc",Hành lý xách tay 7 kg,Hành lý 0 kg,2025-04-25
Vietnam Airlines,PQC0306,1.702.296 VND/khách,20:20,03 thg 5,03 thg 5,21:20,1h 0m,"Phú Quốc (PQC)
Sân bay Phú Quốc",Hành lý xách tay 1 x 12 kg,Hành lý 23 kg,2025-04-25
VietJet Air,PQC0110,1.719.000 VND/khách,15:40,03 thg 5,03 thg 5,16:40,1h 0m,"Phú Quốc (PQC)
Sân bay Phú Quốc",Hành lý xách tay 7 kg,Hành lý 0 kg,2025-04-25
Vietnam Airlines,PQC0204,1.742.256 VND/khách,08:10,03 thg 5,03 thg 5,08:55,45m,"Phú Quốc (PQC)
Sân bay Phú Quốc",Hành lý xách tay 1 x 12 kg,Hành lý 23 kg,2025-04-25
Vietnam Airlines,PQC0270,1.742.256 VND/khách,15:05,03 thg 5,03 thg 5,16:10,1h 5m,"Phú Quốc (PQC)
Sân bay Phú Quốc",Hành lý xách tay 1 x 12 kg,Hành lý 23 kg,2025-04-25
VietJet Air,PQC0043,1.808.000 VND/khách,09:20,03 thg 5,03 thg 5,10:20,1h 0m,"Phú Quốc (PQC)
Sân bay Phú Quốc",Hành lý xách tay 7 kg,Hành lý 0 kg,2025-04-25
VietJet Air,PQC0067,1.835.000 VND/khách,11:35,03 thg 5,03 thg 5,12:35,1h 0m,"Phú Quốc (PQC)
Sân bay Phú Quốc",Hành lý xách tay 7 kg,Hành lý 0 kg,2025-04-25
Vietnam Airlines,PQC0227,1.899.980 VND/khách,10:25,03 thg 5,03 thg 5,11:25,1h 0m,"Phú Quốc (PQC)
Sân bay Phú Quốc",Hành lý xách tay 1 x 12 kg,Hành lý 23 kg,2025-04-25
Vietnam Airlines,PQC0252,1.958.850 VND/khách,13:05,03 thg 5,03 thg 5,14:00,55m,"Phú Quốc (PQC)
Sân bay Phú Quốc",Hành lý xách tay 1 x 12 kg,Hành lý 23 kg,2025-04-25
Bamboo Airways,PQC0004,1.245.267 VND/khách,16:30,04 thg 5,04 thg 5,17:30,1h 0m,"Phú Quốc (PQC)
Sân bay Phú Quốc",Hành lý xách tay 7 kg,Hành lý 0 kg,2025-04-25
VietJet Air,PQC0019,1.067.000 VND/khách,05:55,04 thg 5,04 thg 5,06:55,1h 0m,"Phú Quốc (PQC)
Sân bay Phú Quốc",Hành lý xách tay 7 kg,Hành lý 0 kg,2025-04-25
VietJet Air,PQC0134,1.067.000 VND/khách,17:10,04 thg 5,04 thg 5,18:15,1h 5m,"Phú Quốc (PQC)
Sân bay Phú Quốc",Hành lý xách tay 7 kg,Hành lý 0 kg,2025-04-25
Vietnam Airlines,PQC0317,1.121.877 VND/khách,20:25,04 thg 5,04 thg 5,21:25,1h 0m,"Phú Quốc (PQC)
Sân bay Phú Quốc",Hành lý xách tay 1 x 12 kg,Hành lý 23 kg,2025-04-25
Vietnam Airlines,PQC0162,1.152.846 VND/khách,05:10,04 thg 5,04 thg 5,06:10,1h 0m,"Phú Quốc (PQC)
Sân bay Phú Quốc",Hành lý xách tay 1 x 12 kg,Hành lý 23 kg,2025-04-25
Vietnam Airlines,PQC0184,1.152.846 VND/khách,05:40,04 thg 5,04 thg 5,06:40,1h 0m,"Phú Quốc (PQC)
Sân bay Phú Quốc",Hành lý xách tay 1 x 12 kg,Hành lý 23 kg,2025-04-25
Vietnam Airlines,PQC0294,1.152.846 VND/khách,17:25,04 thg 5,04 thg 5,18:25,1h 0m,"Phú Quốc (PQC)
Sân bay Phú Quốc",Hành lý xách tay 1 x 12 kg,Hành lý 23 kg,2025-04-25
Vietnam Airlines,PQC0320,1.152.846 VND/khách,21:00,04 thg 5,04 thg 5,22:00,1h 0m,"Phú Quốc (PQC)
Sân bay Phú Quốc",Hành lý xách tay 1 x 12 kg,Hành lý 23 kg,2025-04-25
VietJet Air,PQC0090,1.176.000 VND/khách,14:05,04 thg 5,04 thg 5,15:05,1h 0m,"Phú Quốc (PQC)
Sân bay Phú Quốc",Hành lý xách tay 7 kg,Hành lý 0 kg,2025-04-25
VietJet Air,PQC0111,1.176.000 VND/khách,15:40,04 thg 5,04 thg 5,16:40,1h 0m,"Phú Quốc (PQC)
Sân bay Phú Quốc",Hành lý xách tay 7 kg,Hành lý 0 kg,2025-04-25
Bamboo Airways,PQC0004,1.245.267 VND/khách,16:30,04 thg 5,04 thg 5,17:30,1h 0m,"Phú Quốc (PQC)
Sân bay Phú Quốc",Hành lý xách tay 7 kg,Hành lý 0 kg,2025-04-25
VietJet Air,PQC0044,1.303.000 VND/khách,09:20,04 thg 5,04 thg 5,10:20,1h 0m,"Phú Quốc (PQC)
Sân bay Phú Quốc",Hành lý xách tay 7 kg,Hành lý 0 kg,2025-04-25
VietJet Air,PQC0068,1.303.000 VND/khách,11:35,04 thg 5,04 thg 5,12:35,1h 0m,"Phú Quốc (PQC)
Sân bay Phú Quốc",Hành lý xách tay 7 kg,Hành lý 0 kg,2025-04-25
Vietravel Airlines,PQC0325,1.306.725 VND/khách,17:25,04 thg 5,04 thg 5,18:25,1h 0m,"Phú Quốc (PQC)
Sân bay Phú Quốc",Hành lý xách tay 7 kg,Hành lý 0 kg,2025-04-25
Vietnam Airlines,PQC0271,1.496.502 VND/khách,15:05,04 thg 5,04 thg 5,16:10,1h 5m,"Phú Quốc (PQC)
Sân bay Phú Quốc",Hành lý xách tay 1 x 12 kg,Hành lý 23 kg,2025-04-25
Vietnam Airlines,PQC0205,1.507.491 VND/khách,08:10,04 thg 5,04 thg 5,08:55,45m,"Phú Quốc (PQC)
Sân bay Phú Quốc",Hành lý xách tay 1 x 12 kg,Hành lý 23 kg,2025-04-25
Vietnam Airlines,PQC0253,1.742.256 VND/khách,13:05,04 thg 5,04 thg 5,14:00,55m,"Phú Quốc (PQC)
Sân bay Phú Quốc",Hành lý xách tay 1 x 12 kg,Hành lý 23 kg,2025-04-25
Vietnam Airlines,PQC0228,1.742.256 VND/khách,10:25,04 thg 5,04 thg 5,11:25,1h 0m,"Phú Quốc (PQC)
Sân bay Phú Quốc",Hành lý xách tay 1 x 12 kg,Hành lý 23 kg,2025-04-25
Bamboo Airways,PQC0005,1.167.757 VND/khách,16:30,05 thg 5,05 thg 5,17:30,1h 0m,"Phú Quốc (PQC)
Sân bay Phú Quốc",Hành lý xách tay 7 kg,Hành lý 0 kg,2025-04-25
Vietravel Airlines,PQC0326,706.230 VND/khách,17:25,05 thg 5,05 thg 5,18:25,1h 0m,"Phú Quốc (PQC)
Sân bay Phú Quốc",Hành lý xách tay 7 kg,Hành lý 0 kg,2025-04-25
VietJet Air,PQC0135,831.000 VND/khách,17:10,05 thg 5,05 thg 5,18:15,1h 5m,"Phú Quốc (PQC)
Sân bay Phú Quốc",Hành lý xách tay 7 kg,Hành lý 0 kg,2025-04-25
Vietnam Airlines,PQC0170,981.018 VND/khách,05:25,05 thg 5,05 thg 5,06:20,55m,"Phú Quốc (PQC)
Sân bay Phú Quốc",Hành lý xách tay 1 x 12 kg,Hành lý 0 kg,2025-04-25
VietJet Air,PQC0020,1.060.000 VND/khách,05:55,05 thg 5,05 thg 5,06:55,1h 0m,"Phú Quốc (PQC)
Sân bay Phú Quốc",Hành lý xách tay 7 kg,Hành lý 0 kg,2025-04-25
VietJet Air,PQC0112,1.060.000 VND/khách,15:40,05 thg 5,05 thg 5,16:40,1h 0m,"Phú Quốc (PQC)
Sân bay Phú Quốc",Hành lý xách tay 7 kg,Hành lý 0 kg,2025-04-25
VietJet Air,PQC0091,1.169.000 VND/khách,14:05,05 thg 5,05 thg 5,15:05,1h 0m,"Phú Quốc (PQC)
Sân bay Phú Quốc",Hành lý xách tay 7 kg,Hành lý 0 kg,2025-04-25
Vietnam Airlines,PQC0185,1.264.734 VND/khách,05:40,05 thg 5,05 thg 5,06:40,1h 0m,"Phú Quốc (PQC)
Sân bay Phú Quốc",Hành lý xách tay 1 x 12 kg,Hành lý 23 kg,2025-04-25
VietJet Air,PQC0045,1.304.000 VND/khách,09:20,05 thg 5,05 thg 5,10:20,1h 0m,"Phú Quốc (PQC)
Sân bay Phú Quốc",Hành lý xách tay 7 kg,Hành lý 0 kg,2025-04-25
VietJet Air,PQC0069,1.304.000 VND/khách,11:35,05 thg 5,05 thg 5,12:35,1h 0m,"Phú Quốc (PQC)
Sân bay Phú Quốc",Hành lý xách tay 7 kg,Hành lý 0 kg,2025-04-25
Vietnam Airlines,PQC0308,1.380.618 VND/khách,20:20,05 thg 5,05 thg 5,21:20,1h 0m,"Phú Quốc (PQC)
Sân bay Phú Quốc",Hành lý xách tay 1 x 12 kg,Hành lý 23 kg,2025-04-25
Vietnam Airlines,PQC0295,1.384.614 VND/khách,17:25,05 thg 5,05 thg 5,18:25,1h 0m,"Phú Quốc (PQC)
Sân bay Phú Quốc",Hành lý xách tay 1 x 12 kg,Hành lý 23 kg,2025-04-25
Vietnam Airlines,PQC0318,1.384.614 VND/khách,20:25,05 thg 5,05 thg 5,21:25,1h 0m,"Phú Quốc (PQC)
Sân bay Phú Quốc",Hành lý xách tay 1 x 12 kg,Hành lý 23 kg,2025-04-25
Vietnam Airlines,PQC0272,1.496.502 VND/khách,15:05,05 thg 5,05 thg 5,16:10,1h 5m,"Phú Quốc (PQC)
Sân bay Phú Quốc",Hành lý xách tay 1 x 12 kg,Hành lý 23 kg,2025-04-25
Vietnam Airlines,PQC0254,1.581.417 VND/khách,13:05,05 thg 5,05 thg 5,14:00,55m,"Phú Quốc (PQC)
Sân bay Phú Quốc",Hành lý xách tay 1 x 12 kg,Hành lý 23 kg,2025-04-25
Vietnam Airlines,PQC0206,1.698.300 VND/khách,08:10,05 thg 5,05 thg 5,08:55,45m,"Phú Quốc (PQC)
Sân bay Phú Quốc",Hành lý xách tay 1 x 12 kg,Hành lý 23 kg,2025-04-25
Vietnam Airlines,PQC0229,1.742.256 VND/khách,10:25,05 thg 5,05 thg 5,11:25,1h 0m,"Phú Quốc (PQC)
Sân bay Phú Quốc",Hành lý xách tay 1 x 12 kg,Hành lý 23 kg,2025-04-25
Vietravel Airlines,PQC0327,762.090 VND/khách,17:25,06 thg 5,06 thg 5,18:25,1h 0m,"Phú Quốc (PQC)
Sân bay Phú Quốc",Hành lý xách tay 7 kg,Hành lý 0 kg,2025-04-25
VietJet Air,PQC0136,831.000 VND/khách,17:10,06 thg 5,06 thg 5,18:15,1h 5m,"Phú Quốc (PQC)
Sân bay Phú Quốc",Hành lý xách tay 7 kg,Hành lý 0 kg,2025-04-25
VietJet Air,PQC0021,1.063.000 VND/khách,05:55,06 thg 5,06 thg 5,06:55,1h 0m,"Phú Quốc (PQC)
Sân bay Phú Quốc",Hành lý xách tay 7 kg,Hành lý 0 kg,2025-04-25
VietJet Air,PQC0113,1.063.000 VND/khách,15:40,06 thg 5,06 thg 5,16:40,1h 0m,"Phú Quốc (PQC)
Sân bay Phú Quốc",Hành lý xách tay 7 kg,Hành lý 0 kg,2025-04-25
VietJet Air,PQC0064,1.172.000 VND/khách,11:30,06 thg 5,06 thg 5,12:30,1h 0m,"Phú Quốc (PQC)
Sân bay Phú Quốc",Hành lý xách tay 7 kg,Hành lý 0 kg,2025-04-25
VietJet Air,PQC0070,1.172.000 VND/khách,11:35,06 thg 5,06 thg 5,12:35,1h 0m,"Phú Quốc (PQC)
Sân bay Phú Quốc",Hành lý xách tay 7 kg,Hành lý 0 kg,2025-04-25
VietJet Air,PQC0092,1.172.000 VND/khách,14:05,06 thg 5,06 thg 5,15:05,1h 0m,"Phú Quốc (PQC)
Sân bay Phú Quốc",Hành lý xách tay 7 kg,Hành lý 0 kg,2025-04-25
Vietnam Airlines,PQC0186,1.275.723 VND/khách,05:40,06 thg 5,06 thg 5,06:40,1h 0m,"Phú Quốc (PQC)
Sân bay Phú Quốc",Hành lý xách tay 1 x 12 kg,Hành lý 23 kg,2025-04-25
VietJet Air,PQC0046,1.303.000 VND/khách,09:20,06 thg 5,06 thg 5,10:20,1h 0m,"Phú Quốc (PQC)
Sân bay Phú Quốc",Hành lý xách tay 7 kg,Hành lý 0 kg,2025-04-25
Vietnam Airlines,PQC0273,1.485.513 VND/khách,15:05,06 thg 5,06 thg 5,16:10,1h 5m,"Phú Quốc (PQC)
Sân bay Phú Quốc",Hành lý xách tay 1 x 12 kg,Hành lý 23 kg,2025-04-25
Vietnam Airlines,PQC0207,1.580.418 VND/khách,08:10,06 thg 5,06 thg 5,08:55,45m,"Phú Quốc (PQC)
Sân bay Phú Quốc",Hành lý xách tay 1 x 12 kg,Hành lý 23 kg,2025-04-25
Vietnam Airlines,PQC0255,1.580.418 VND/khách,13:05,06 thg 5,06 thg 5,14:00,55m,"Phú Quốc (PQC)
Sân bay Phú Quốc",Hành lý xách tay 1 x 12 kg,Hành lý 23 kg,2025-04-25
Vietnam Airlines,PQC0230,1.742.256 VND/khách,10:25,06 thg 5,06 thg 5,11:25,1h 0m,"Phú Quốc (PQC)
Sân bay Phú Quốc",Hành lý xách tay 1 x 12 kg,Hành lý 23 kg,2025-04-25
Bamboo Airways,PQC0006,989.609 VND/khách,16:30,07 thg 5,07 thg 5,17:30,1h 0m,"Phú Quốc (PQC)
Sân bay Phú Quốc",Hành lý xách tay 7 kg,Hành lý 0 kg,2025-04-25
Vietravel Airlines,PQC0328,706.230 VND/khách,17:25,07 thg 5,07 thg 5,18:25,1h 0m,"Phú Quốc (PQC)
Sân bay Phú Quốc",Hành lý xách tay 7 kg,Hành lý 0 kg,2025-04-25
VietJet Air,PQC0137,831.000 VND/khách,17:10,07 thg 5,07 thg 5,18:15,1h 5m,"Phú Quốc (PQC)
Sân bay Phú Quốc",Hành lý xách tay 7 kg,Hành lý 0 kg,2025-04-25
VietJet Air,PQC0022,1.060.000 VND/khách,05:55,07 thg 5,07 thg 5,06:55,1h 0m,"Phú Quốc (PQC)
Sân bay Phú Quốc",Hành lý xách tay 7 kg,Hành lý 0 kg,2025-04-25
VietJet Air,PQC0114,1.060.000 VND/khách,15:40,07 thg 5,07 thg 5,16:40,1h 0m,"Phú Quốc (PQC)
Sân bay Phú Quốc",Hành lý xách tay 7 kg,Hành lý 0 kg,2025-04-25
VietJet Air,PQC0071,1.169.000 VND/khách,11:35,07 thg 5,07 thg 5,12:35,1h 0m,"Phú Quốc (PQC)
Sân bay Phú Quốc",Hành lý xách tay 7 kg,Hành lý 0 kg,2025-04-25
VietJet Air,PQC0093,1.169.000 VND/khách,14:05,07 thg 5,07 thg 5,15:05,1h 0m,"Phú Quốc (PQC)
Sân bay Phú Quốc",Hành lý xách tay 7 kg,Hành lý 0 kg,2025-04-25
Vietnam Airlines,PQC0187,1.264.734 VND/khách,05:40,07 thg 5,07 thg 5,06:40,1h 0m,"Phú Quốc (PQC)
Sân bay Phú Quốc",Hành lý xách tay 1 x 12 kg,Hành lý 23 kg,2025-04-25
VietJet Air,PQC0047,1.304.000 VND/khách,09:20,07 thg 5,07 thg 5,10:20,1h 0m,"Phú Quốc (PQC)
Sân bay Phú Quốc",Hành lý xách tay 7 kg,Hành lý 0 kg,2025-04-25
Vietnam Airlines,PQC0208,1.581.417 VND/khách,08:10,07 thg 5,07 thg 5,08:55,45m,"Phú Quốc (PQC)
Sân bay Phú Quốc",Hành lý xách tay 1 x 12 kg,Hành lý 23 kg,2025-04-25
Vietnam Airlines,PQC0274,1.581.417 VND/khách,15:05,07 thg 5,07 thg 5,16:10,1h 5m,"Phú Quốc (PQC)
Sân bay Phú Quốc",Hành lý xách tay 1 x 12 kg,Hành lý 23 kg,2025-04-25
Vietnam Airlines,PQC0231,1.687.311 VND/khách,10:25,07 thg 5,07 thg 5,11:25,1h 0m,"Phú Quốc (PQC)
Sân bay Phú Quốc",Hành lý xách tay 1 x 12 kg,Hành lý 23 kg,2025-04-25
Vietnam Airlines,PQC0256,1.881.117 VND/khách,13:05,07 thg 5,07 thg 5,14:00,55m,"Phú Quốc (PQC)
Sân bay Phú Quốc",Hành lý xách tay 1 x 12 kg,Hành lý 23 kg,2025-04-25
VietJet Air,PQC0023,1.063.000 VND/khách,05:55,08 thg 5,08 thg 5,06:55,1h 0m,"Phú Quốc (PQC)
Sân bay Phú Quốc",Hành lý xách tay 7 kg,Hành lý 0 kg,2025-04-25
Vietravel Airlines,PQC0329,1.150.118 VND/khách,17:25,08 thg 5,08 thg 5,18:25,1h 0m,"Phú Quốc (PQC)
Sân bay Phú Quốc",Hành lý xách tay 7 kg,Hành lý 0 kg,2025-04-25
VietJet Air,PQC0094,1.303.000 VND/khách,14:05,08 thg 5,08 thg 5,15:05,1h 0m,"Phú Quốc (PQC)
Sân bay Phú Quốc",Hành lý xách tay 7 kg,Hành lý 0 kg,2025-04-25
VietJet Air,PQC0115,1.303.000 VND/khách,15:40,08 thg 5,08 thg 5,16:40,1h 0m,"Phú Quốc (PQC)
Sân bay Phú Quốc",Hành lý xách tay 7 kg,Hành lý 0 kg,2025-04-25
VietJet Air,PQC0038,1.303.000 VND/khách,08:25,08 thg 5,08 thg 5,09:30,1h 5m,"Phú Quốc (PQC)
Sân bay Phú Quốc",Hành lý xách tay 7 kg,Hành lý 0 kg,2025-04-25
VietJet Air,PQC0138,1.303.000 VND/khách,17:10,08 thg 5,08 thg 5,18:15,1h 5m,"Phú Quốc (PQC)
Sân bay Phú Quốc",Hành lý xách tay 7 kg,Hành lý 0 kg,2025-04-25
VietJet Air,PQC0155,1.303.000 VND/khách,17:40,08 thg 5,08 thg 5,18:45,1h 5m,"Phú Quốc (PQC)
Sân bay Phú Quốc",Hành lý xách tay 7 kg,Hành lý 0 kg,2025-04-25
VietJet Air,PQC0048,1.326.000 VND/khách,09:20,08 thg 5,08 thg 5,10:20,1h 0m,"Phú Quốc (PQC)
Sân bay Phú Quốc",Hành lý xách tay 7 kg,Hành lý 0 kg,2025-04-25
Vietnam Airlines,PQC0188,1.395.603 VND/khách,05:40,08 thg 5,08 thg 5,06:40,1h 0m,"Phú Quốc (PQC)
Sân bay Phú Quốc",Hành lý xách tay 1 x 12 kg,Hành lý 23 kg,2025-04-25
VietJet Air,PQC0072,1.433.000 VND/khách,11:35,08 thg 5,08 thg 5,12:35,1h 0m,"Phú Quốc (PQC)
Sân bay Phú Quốc",Hành lý xách tay 7 kg,Hành lý 0 kg,2025-04-25
Vietnam Airlines,PQC0275,1.580.418 VND/khách,15:05,08 thg 5,08 thg 5,16:10,1h 5m,"Phú Quốc (PQC)
Sân bay Phú Quốc",Hành lý xách tay 1 x 12 kg,Hành lý 23 kg,2025-04-25
Vietnam Airlines,PQC0209,1.742.256 VND/khách,08:10,08 thg 5,08 thg 5,08:55,45m,"Phú Quốc (PQC)
Sân bay Phú Quốc",Hành lý xách tay 1 x 12 kg,Hành lý 23 kg,2025-04-25
Vietnam Airlines,PQC0257,1.742.256 VND/khách,13:05,08 thg 5,08 thg 5,14:00,55m,"Phú Quốc (PQC)
Sân bay Phú Quốc",Hành lý xách tay 1 x 12 kg,Hành lý 23 kg,2025-04-25
Vietnam Airlines,PQC0232,1.742.256 VND/khách,10:25,08 thg 5,08 thg 5,11:25,1h 0m,"Phú Quốc (PQC)
Sân bay Phú Quốc",Hành lý xách tay 1 x 12 kg,Hành lý 23 kg,2025-04-25
Bamboo Airways,PQC0007,1.420.686 VND/khách,16:30,09 thg 5,09 thg 5,17:30,1h 0m,"Phú Quốc (PQC)
Sân bay Phú Quốc",Hành lý xách tay 7 kg,Hành lý 0 kg,2025-04-25
Vietravel Airlines,PQC0330,1.150.118 VND/khách,17:25,09 thg 5,09 thg 5,18:25,1h 0m,"Phú Quốc (PQC)
Sân bay Phú Quốc",Hành lý xách tay 7 kg,Hành lý 0 kg,2025-04-25
VietJet Air,PQC0116,1.303.000 VND/khách,15:40,09 thg 5,09 thg 5,16:40,1h 0m,"Phú Quốc (PQC)
Sân bay Phú Quốc",Hành lý xách tay 7 kg,Hành lý 0 kg,2025-04-25
VietJet Air,PQC0139,1.303.000 VND/khách,17:10,09 thg 5,09 thg 5,18:15,1h 5m,"Phú Quốc (PQC)
Sân bay Phú Quốc",Hành lý xách tay 7 kg,Hành lý 0 kg,2025-04-25
VietJet Air,PQC0024,1.433.000 VND/khách,05:55,09 thg 5,09 thg 5,06:55,1h 0m,"Phú Quốc (PQC)
Sân bay Phú Quốc",Hành lý xách tay 7 kg,Hành lý 0 kg,2025-04-25
Vietnam Airlines,PQC0189,1.580.418 VND/khách,05:40,09 thg 5,09 thg 5,06:40,1h 0m,"Phú Quốc (PQC)
Sân bay Phú Quốc",Hành lý xách tay 1 x 12 kg,Hành lý 23 kg,2025-04-25
VietJet Air,PQC0095,1.606.000 VND/khách,14:05,09 thg 5,09 thg 5,15:05,1h 0m,"Phú Quốc (PQC)
Sân bay Phú Quốc",Hành lý xách tay 7 kg,Hành lý 0 kg,2025-04-25
Vietnam Airlines,PQC0309,1.687.311 VND/khách,20:20,09 thg 5,09 thg 5,21:20,1h 0m,"Phú Quốc (PQC)
Sân bay Phú Quốc",Hành lý xách tay 1 x 12 kg,Hành lý 23 kg,2025-04-25
VietJet Air,PQC0049,1.718.000 VND/khách,09:20,09 thg 5,09 thg 5,10:20,1h 0m,"Phú Quốc (PQC)
Sân bay Phú Quốc",Hành lý xách tay 7 kg,Hành lý 0 kg,2025-04-25
VietJet Air,PQC0073,1.718.000 VND/khách,11:35,09 thg 5,09 thg 5,12:35,1h 0m,"Phú Quốc (PQC)
Sân bay Phú Quốc",Hành lý xách tay 7 kg,Hành lý 0 kg,2025-04-25
Vietnam Airlines,PQC0276,1.742.256 VND/khách,15:05,09 thg 5,09 thg 5,16:10,1h 5m,"Phú Quốc (PQC)
Sân bay Phú Quốc",Hành lý xách tay 1 x 12 kg,Hành lý 23 kg,2025-04-25
Vietnam Airlines,PQC0249,1.844.157 VND/khách,13:00,09 thg 5,09 thg 5,14:00,1h 0m,"Phú Quốc (PQC)
Sân bay Phú Quốc",Hành lý xách tay 1 x 12 kg,Hành lý 23 kg,2025-04-25
Vietnam Airlines,PQC0233,1.953.680 VND/khách,10:25,09 thg 5,09 thg 5,11:25,1h 0m,"Phú Quốc (PQC)
Sân bay Phú Quốc",Hành lý xách tay 1 x 12 kg,Hành lý 23 kg,2025-04-25
Vietnam Airlines,PQC0210,2.007.990 VND/khách,08:10,09 thg 5,09 thg 5,08:55,45m,"Phú Quốc (PQC)
Sân bay Phú Quốc",Hành lý xách tay 1 x 12 kg,Hành lý 23 kg,2025-04-25
Vietravel Airlines,PQC0331,982.038 VND/khách,17:25,10 thg 5,10 thg 5,18:25,1h 0m,"Phú Quốc (PQC)
Sân bay Phú Quốc",Hành lý xách tay 7 kg,Hành lý 0 kg,2025-04-25
VietJet Air,PQC0140,1.169.000 VND/khách,17:10,10 thg 5,10 thg 5,18:15,1h 5m,"Phú Quốc (PQC)
Sân bay Phú Quốc",Hành lý xách tay 7 kg,Hành lý 0 kg,2025-04-25
VietJet Air,PQC0025,1.304.000 VND/khách,05:55,10 thg 5,10 thg 5,06:55,1h 0m,"Phú Quốc (PQC)
Sân bay Phú Quốc",Hành lý xách tay 7 kg,Hành lý 0 kg,2025-04-25
VietJet Air,PQC0096,1.304.000 VND/khách,14:05,10 thg 5,10 thg 5,15:05,1h 0m,"Phú Quốc (PQC)
Sân bay Phú Quốc",Hành lý xách tay 7 kg,Hành lý 0 kg,2025-04-25
VietJet Air,PQC0117,1.304.000 VND/khách,15:40,10 thg 5,10 thg 5,16:40,1h 0m,"Phú Quốc (PQC)
Sân bay Phú Quốc",Hành lý xách tay 7 kg,Hành lý 0 kg,2025-04-25
VietJet Air,PQC0074,1.435.000 VND/khách,11:35,10 thg 5,10 thg 5,12:35,1h 0m,"Phú Quốc (PQC)
Sân bay Phú Quốc",Hành lý xách tay 7 kg,Hành lý 0 kg,2025-04-25
VietJet Air,PQC0050,1.607.000 VND/khách,09:20,10 thg 5,10 thg 5,10:20,1h 0m,"Phú Quốc (PQC)
Sân bay Phú Quốc",Hành lý xách tay 7 kg,Hành lý 0 kg,2025-04-25
Vietnam Airlines,PQC0277,1.709.289 VND/khách,15:05,10 thg 5,10 thg 5,16:10,1h 5m,"Phú Quốc (PQC)
Sân bay Phú Quốc",Hành lý xách tay 1 x 12 kg,Hành lý 23 kg,2025-04-25
Vietnam Airlines,PQC0258,1.742.256 VND/khách,13:05,10 thg 5,10 thg 5,14:00,55m,"Phú Quốc (PQC)
Sân bay Phú Quốc",Hành lý xách tay 1 x 12 kg,Hành lý 23 kg,2025-04-25
Vietnam Airlines,PQC0211,1.844.157 VND/khách,08:10,10 thg 5,10 thg 5,08:55,45m,"Phú Quốc (PQC)
Sân bay Phú Quốc",Hành lý xách tay 1 x 12 kg,Hành lý 23 kg,2025-04-25
Vietnam Airlines,PQC0190,1.844.157 VND/khách,05:40,10 thg 5,10 thg 5,06:40,1h 0m,"Phú Quốc (PQC)
Sân bay Phú Quốc",Hành lý xách tay 1 x 12 kg,Hành lý 23 kg,2025-04-25
Vietnam Airlines,PQC0234,1.899.980 VND/khách,10:25,10 thg 5,10 thg 5,11:25,1h 0m,"Phú Quốc (PQC)
Sân bay Phú Quốc",Hành lý xách tay 1 x 12 kg,Hành lý 23 kg,2025-04-25
Bamboo Airways,PQC0008,869.953 VND/khách,16:30,11 thg 5,11 thg 5,17:30,1h 0m,"Phú Quốc (PQC)
Sân bay Phú Quốc",Hành lý xách tay 7 kg,Hành lý 0 kg,2025-04-25
Vietravel Airlines,PQC0332,706.230 VND/khách,17:25,11 thg 5,11 thg 5,18:25,1h 0m,"Phú Quốc (PQC)
Sân bay Phú Quốc",Hành lý xách tay 7 kg,Hành lý 0 kg,2025-04-25
VietJet Air,PQC0118,831.000 VND/khách,15:40,11 thg 5,11 thg 5,16:40,1h 0m,"Phú Quốc (PQC)
Sân bay Phú Quốc",Hành lý xách tay 7 kg,Hành lý 0 kg,2025-04-25
VietJet Air,PQC0141,831.000 VND/khách,17:10,11 thg 5,11 thg 5,18:15,1h 5m,"Phú Quốc (PQC)
Sân bay Phú Quốc",Hành lý xách tay 7 kg,Hành lý 0 kg,2025-04-25
VietJet Air,PQC0026,1.063.000 VND/khách,05:55,11 thg 5,11 thg 5,06:55,1h 0m,"Phú Quốc (PQC)
Sân bay Phú Quốc",Hành lý xách tay 7 kg,Hành lý 0 kg,2025-04-25
Vietnam Airlines,PQC0191,1.152.846 VND/khách,05:40,11 thg 5,11 thg 5,06:40,1h 0m,"Phú Quốc (PQC)
Sân bay Phú Quốc",Hành lý xách tay 1 x 12 kg,Hành lý 23 kg,2025-04-25
Vietnam Airlines,PQC0310,1.152.846 VND/khách,20:20,11 thg 5,11 thg 5,21:20,1h 0m,"Phú Quốc (PQC)
Sân bay Phú Quốc",Hành lý xách tay 1 x 12 kg,Hành lý 23 kg,2025-04-25
VietJet Air,PQC0075,1.172.000 VND/khách,11:35,11 thg 5,11 thg 5,12:35,1h 0m,"Phú Quốc (PQC)
Sân bay Phú Quốc",Hành lý xách tay 7 kg,Hành lý 0 kg,2025-04-25
VietJet Air,PQC0097,1.172.000 VND/khách,14:05,11 thg 5,11 thg 5,15:05,1h 0m,"Phú Quốc (PQC)
Sân bay Phú Quốc",Hành lý xách tay 7 kg,Hành lý 0 kg,2025-04-25
VietJet Air,PQC0051,1.180.000 VND/khách,09:20,11 thg 5,11 thg 5,10:20,1h 0m,"Phú Quốc (PQC)
Sân bay Phú Quốc",Hành lý xách tay 7 kg,Hành lý 0 kg,2025-04-25
Vietnam Airlines,PQC0278,1.394.604 VND/khách,15:05,11 thg 5,11 thg 5,16:10,1h 5m,"Phú Quốc (PQC)
Sân bay Phú Quốc",Hành lý xách tay 1 x 12 kg,Hành lý 23 kg,2025-04-25
Vietnam Airlines,PQC0259,1.485.513 VND/khách,13:05,11 thg 5,11 thg 5,14:00,55m,"Phú Quốc (PQC)
Sân bay Phú Quốc",Hành lý xách tay 1 x 12 kg,Hành lý 23 kg,2025-04-25
Vietnam Airlines,PQC0235,1.489.509 VND/khách,10:25,11 thg 5,11 thg 5,11:25,1h 0m,"Phú Quốc (PQC)
Sân bay Phú Quốc",Hành lý xách tay 1 x 12 kg,Hành lý 23 kg,2025-04-25
Vietnam Airlines,PQC0212,1.580.418 VND/khách,08:10,11 thg 5,11 thg 5,08:55,45m,"Phú Quốc (PQC)
Sân bay Phú Quốc",Hành lý xách tay 1 x 12 kg,Hành lý 23 kg,2025-04-25
VietJet Air,PQC0103,1.607.000 VND/khách,14:05,26 thg 4,26 thg 4,15:05,1h 0m,"Phú Quốc (PQC)
Sân bay Phú Quốc",Hành lý xách tay 7 kg,Hành lý 0 kg,2025-04-25
Vietravel Airlines,PQC0338,1.654.853 VND/khách,17:25,26 thg 4,26 thg 4,18:25,1h 0m,"Phú Quốc (PQC)
Sân bay Phú Quốc",Hành lý xách tay 7 kg,Hành lý 0 kg,2025-04-25
Vietnam Airlines,PQC0197,1.921.252 VND/khách,05:40,26 thg 4,26 thg 4,06:40,1h 0m,"Phú Quốc (PQC)
Sân bay Phú Quốc",Hành lý xách tay 1 x 12 kg,Hành lý 23 kg,2025-04-25
VietJet Air,PQC0081,1.924.000 VND/khách,11:35,26 thg 4,26 thg 4,12:35,1h 0m,"Phú Quốc (PQC)
Sân bay Phú Quốc",Hành lý xách tay 7 kg,Hành lý 0 kg,2025-04-25
VietJet Air,PQC0124,1.924.000 VND/khách,15:40,26 thg 4,26 thg 4,16:40,1h 0m,"Phú Quốc (PQC)
Sân bay Phú Quốc",Hành lý xách tay 7 kg,Hành lý 0 kg,2025-04-25
VietJet Air,PQC0147,1.924.000 VND/khách,17:10,26 thg 4,26 thg 4,18:15,1h 5m,"Phú Quốc (PQC)
Sân bay Phú Quốc",Hành lý xách tay 7 kg,Hành lý 0 kg,2025-04-25
VietJet Air,PQC0032,1.948.000 VND/khách,05:55,26 thg 4,26 thg 4,06:55,1h 0m,"Phú Quốc (PQC)
Sân bay Phú Quốc",Hành lý xách tay 7 kg,Hành lý 0 kg,2025-04-25
VietJet Air,PQC0057,1.948.000 VND/khách,09:20,26 thg 4,26 thg 4,10:20,1h 0m,"Phú Quốc (PQC)
Sân bay Phú Quốc",Hành lý xách tay 7 kg,Hành lý 0 kg,2025-04-25
Vietnam Airlines,PQC0241,1.979.019 VND/khách,10:25,26 thg 4,26 thg 4,11:25,1h 0m,"Phú Quốc (PQC)
Sân bay Phú Quốc",Hành lý xách tay 1 x 12 kg,Hành lý 23 kg,2025-04-25
Vietnam Airlines,PQC0312,1.979.019 VND/khách,20:20,26 thg 4,26 thg 4,21:20,1h 0m,"Phú Quốc (PQC)
Sân bay Phú Quốc",Hành lý xách tay 1 x 12 kg,Hành lý 23 kg,2025-04-25
Vietnam Airlines,PQC0284,1.979.019 VND/khách,15:05,26 thg 4,26 thg 4,16:10,1h 5m,"Phú Quốc (PQC)
Sân bay Phú Quốc",Hành lý xách tay 1 x 12 kg,Hành lý 23 kg,2025-04-25
Vietnam Airlines,PQC0219,1.982.016 VND/khách,08:10,26 thg 4,26 thg 4,08:55,45m,"Phú Quốc (PQC)
Sân bay Phú Quốc",Hành lý xách tay 1 x 12 kg,Hành lý 23 kg,2025-04-25
Vietravel Airlines,PQC0339,1.402.485 VND/khách,17:25,27 thg 4,27 thg 4,18:25,1h 0m,"Phú Quốc (PQC)
Sân bay Phú Quốc",Hành lý xách tay 7 kg,Hành lý 0 kg,2025-04-25
Vietnam Airlines,PQC0163,1.411.137 VND/khách,05:10,27 thg 4,27 thg 4,06:10,1h 0m,"Phú Quốc (PQC)
Sân bay Phú Quốc",Hành lý xách tay 1 x 12 kg,Hành lý 23 kg,2025-04-25
Vietnam Airlines,PQC0313,1.479.519 VND/khách,20:20,27 thg 4,27 thg 4,21:20,1h 0m,"Phú Quốc (PQC)
Sân bay Phú Quốc",Hành lý xách tay 1 x 12 kg,Hành lý 23 kg,2025-04-25
VietJet Air,PQC0104,1.604.000 VND/khách,14:05,27 thg 4,27 thg 4,15:05,1h 0m,"Phú Quốc (PQC)
Sân bay Phú Quốc",Hành lý xách tay 7 kg,Hành lý 0 kg,2025-04-25
VietJet Air,PQC0148,1.604.000 VND/khách,17:10,27 thg 4,27 thg 4,18:15,1h 5m,"Phú Quốc (PQC)
Sân bay Phú Quốc",Hành lý xách tay 7 kg,Hành lý 0 kg,2025-04-25
VietJet Air,PQC0125,1.716.000 VND/khách,15:40,27 thg 4,27 thg 4,16:40,1h 0m,"Phú Quốc (PQC)
Sân bay Phú Quốc",Hành lý xách tay 7 kg,Hành lý 0 kg,2025-04-25
VietJet Air,PQC0033,1.741.933 VND/khách,05:55,27 thg 4,27 thg 4,06:55,1h 0m,"Phú Quốc (PQC)
Sân bay Phú Quốc",Hành lý xách tay 7 kg,Hành lý 0 kg,2025-04-25
Vietnam Airlines,PQC0285,1.875.123 VND/khách,15:05,27 thg 4,27 thg 4,16:10,1h 5m,"Phú Quốc (PQC)
Sân bay Phú Quốc",Hành lý xách tay 1 x 12 kg,Hành lý 23 kg,2025-04-25
VietJet Air,PQC0082,1.934.201 VND/khách,11:35,27 thg 4,27 thg 4,12:35,1h 0m,"Phú Quốc (PQC)
Sân bay Phú Quốc",Hành lý xách tay 7 kg,Hành lý 0 kg,2025-04-25
Vietnam Airlines,PQC0177,1.975.023 VND/khách,05:25,27 thg 4,27 thg 4,06:20,55m,"Phú Quốc (PQC)
Sân bay Phú Quốc",Hành lý xách tay 1 x 12 kg,Hành lý 23 kg,2025-04-25
Vietnam Airlines,PQC0242,1.990.008 VND/khách,10:25,27 thg 4,27 thg 4,11:25,1h 0m,"Phú Quốc (PQC)
Sân bay Phú Quốc",Hành lý xách tay 1 x 12 kg,Hành lý 23 kg,2025-04-25
Vietnam Airlines,PQC0220,2.001.996 VND/khách,08:10,27 thg 4,27 thg 4,08:55,45m,"Phú Quốc (PQC)
Sân bay Phú Quốc",Hành lý xách tay 1 x 12 kg,Hành lý 23 kg,2025-04-25
Vietnam Airlines,PQC0265,2.045.827 VND/khách,13:05,27 thg 4,27 thg 4,14:00,55m,"Phú Quốc (PQC)
Sân bay Phú Quốc",Hành lý xách tay 1 x 12 kg,Hành lý 23 kg,2025-04-25
VietJet Air,PQC0034,1.167.000 VND/khách,05:55,28 thg 4,28 thg 4,06:55,1h 0m,"Phú Quốc (PQC)
Sân bay Phú Quốc",Hành lý xách tay 7 kg,Hành lý 0 kg,2025-04-25
Vietravel Airlines,PQC0340,1.477.298 VND/khách,17:25,28 thg 4,28 thg 4,18:25,1h 0m,"Phú Quốc (PQC)
Sân bay Phú Quốc",Hành lý xách tay 7 kg,Hành lý 0 kg,2025-04-25
Vietnam Airlines,PQC0178,1.578.420 VND/khách,05:25,28 thg 4,28 thg 4,06:20,55m,"Phú Quốc (PQC)
Sân bay Phú Quốc",Hành lý xách tay 1 x 12 kg,Hành lý 23 kg,2025-04-25
Vietnam Airlines,PQC0199,1.578.420 VND/khách,05:40,28 thg 4,28 thg 4,06:40,1h 0m,"Phú Quốc (PQC)
Sân bay Phú Quốc",Hành lý xách tay 1 x 12 kg,Hành lý 23 kg,2025-04-25
VietJet Air,PQC0105,1.604.000 VND/khách,14:05,28 thg 4,28 thg 4,15:05,1h 0m,"Phú Quốc (PQC)
Sân bay Phú Quốc",Hành lý xách tay 7 kg,Hành lý 0 kg,2025-04-25
VietJet Air,PQC0149,1.604.000 VND/khách,17:10,28 thg 4,28 thg 4,18:15,1h 5m,"Phú Quốc (PQC)
Sân bay Phú Quốc",Hành lý xách tay 7 kg,Hành lý 0 kg,2025-04-25
VietJet Air,PQC0083,1.716.000 VND/khách,11:35,28 thg 4,28 thg 4,12:35,1h 0m,"Phú Quốc (PQC)
Sân bay Phú Quốc",Hành lý xách tay 7 kg,Hành lý 0 kg,2025-04-25
VietJet Air,PQC0059,1.806.000 VND/khách,09:20,28 thg 4,28 thg 4,10:20,1h 0m,"Phú Quốc (PQC)
Sân bay Phú Quốc",Hành lý xách tay 7 kg,Hành lý 0 kg,2025-04-25
VietJet Air,PQC0126,1.806.000 VND/khách,15:40,28 thg 4,28 thg 4,16:40,1h 0m,"Phú Quốc (PQC)
Sân bay Phú Quốc",Hành lý xách tay 7 kg,Hành lý 0 kg,2025-04-25
Vietnam Airlines,PQC0221,1.860.138 VND/khách,08:10,28 thg 4,28 thg 4,08:55,45m,"Phú Quốc (PQC)
Sân bay Phú Quốc",Hành lý xách tay 1 x 12 kg,Hành lý 23 kg,2025-04-25
Vietnam Airlines,PQC0286,1.935.063 VND/khách,15:05,28 thg 4,28 thg 4,16:10,1h 5m,"Phú Quốc (PQC)
Sân bay Phú Quốc",Hành lý xách tay 1 x 12 kg,Hành lý 23 kg,2025-04-25
Vietnam Airlines,PQC0243,2.001.996 VND/khách,10:25,28 thg 4,28 thg 4,11:25,1h 0m,"Phú Quốc (PQC)
Sân bay Phú Quốc",Hành lý xách tay 1 x 12 kg,Hành lý 23 kg,2025-04-25
Vietnam Airlines,PQC0200,1.687.311 VND/khách,05:40,29 thg 4,29 thg 4,06:40,1h 0m,"Phú Quốc (PQC)
Sân bay Phú Quốc",Hành lý xách tay 1 x 12 kg,Hành lý 23 kg,2025-04-25
Vietravel Airlines,PQC0341,1.773.836 VND/khách,17:25,29 thg 4,29 thg 4,18:25,1h 0m,"Phú Quốc (PQC)
Sân bay Phú Quốc",Hành lý xách tay 7 kg,Hành lý 0 kg,2025-04-25
VietJet Air,PQC0035,1.808.000 VND/khách,05:55,29 thg 4,29 thg 4,06:55,1h 0m,"Phú Quốc (PQC)
Sân bay Phú Quốc",Hành lý xách tay 7 kg,Hành lý 0 kg,2025-04-25
VietJet Air,PQC0040,1.808.000 VND/khách,08:25,29 thg 4,29 thg 4,09:30,1h 5m,"Phú Quốc (PQC)
Sân bay Phú Quốc",Hành lý xách tay 7 kg,Hành lý 0 kg,2025-04-25
VietJet Air,PQC0084,1.835.000 VND/khách,11:35,29 thg 4,29 thg 4,12:35,1h 0m,"Phú Quốc (PQC)
Sân bay Phú Quốc",Hành lý xách tay 7 kg,Hành lý 0 kg,2025-04-25
VietJet Air,PQC0106,1.835.000 VND/khách,14:05,29 thg 4,29 thg 4,15:05,1h 0m,"Phú Quốc (PQC)
Sân bay Phú Quốc",Hành lý xách tay 7 kg,Hành lý 0 kg,2025-04-25
VietJet Air,PQC0127,1.835.000 VND/khách,15:40,29 thg 4,29 thg 4,16:40,1h 0m,"Phú Quốc (PQC)
Sân bay Phú Quốc",Hành lý xách tay 7 kg,Hành lý 0 kg,2025-04-25
VietJet Air,PQC0060,1.865.000 VND/khách,09:20,29 thg 4,29 thg 4,10:20,1h 0m,"Phú Quốc (PQC)
Sân bay Phú Quốc",Hành lý xách tay 7 kg,Hành lý 0 kg,2025-04-25
Vietnam Airlines,PQC0222,2.000.997 VND/khách,08:10,29 thg 4,29 thg 4,08:55,45m,"Phú Quốc (PQC)
Sân bay Phú Quốc",Hành lý xách tay 1 x 12 kg,Hành lý 23 kg,2025-04-25
Vietnam Airlines,PQC0246,2.004.993 VND/khách,12:10,29 thg 4,29 thg 4,13:10,1h 0m,"Phú Quốc (PQC)
Sân bay Phú Quốc",Hành lý xách tay 1 x 12 kg,Hành lý 23 kg,2025-04-25
Vietnam Airlines,PQC0299,2.004.993 VND/khách,17:25,29 thg 4,29 thg 4,18:25,1h 0m,"Phú Quốc (PQC)
Sân bay Phú Quốc",Hành lý xách tay 1 x 12 kg,Hành lý 23 kg,2025-04-25
Vietnam Airlines,PQC0321,2.004.993 VND/khách,21:05,29 thg 4,29 thg 4,22:05,1h 0m,"Phú Quốc (PQC)
Sân bay Phú Quốc",Hành lý xách tay 1 x 12 kg,Hành lý 23 kg,2025-04-25
Vietnam Airlines,PQC0287,2.015.982 VND/khách,15:05,29 thg 4,29 thg 4,16:10,1h 5m,"Phú Quốc (PQC)
Sân bay Phú Quốc",Hành lý xách tay 1 x 12 kg,Hành lý 23 kg,2025-04-25
Bamboo Airways,PQC0014,1.934.703 VND/khách,16:30,30 thg 4,30 thg 4,17:30,1h 0m,"Phú Quốc (PQC)
Sân bay Phú Quốc",Hành lý xách tay 7 kg,Hành lý 20 kg,2025-04-25
VietJet Air,PQC0151,1.924.000 VND/khách,17:10,30 thg 4,30 thg 4,18:15,1h 5m,"Phú Quốc (PQC)
Sân bay Phú Quốc",Hành lý xách tay 7 kg,Hành lý 0 kg,2025-04-25
Vietnam Airlines,PQC0316,1.993.005 VND/khách,20:20,30 thg 4,30 thg 4,21:25,1h 5m,"Phú Quốc (PQC)
Sân bay Phú Quốc",Hành lý xách tay 1 x 12 kg,Hành lý 23 kg,2025-04-25
Bamboo Airways,PQC0001,1.934.703 VND/khách,16:30,01 thg 5,01 thg 5,17:30,1h 0m,"Phú Quốc (PQC)
Sân bay Phú Quốc",Hành lý xách tay 7 kg,Hành lý 20 kg,2025-04-26
Vietravel Airlines,PQC0322,1.640.888 VND/khách,17:25,01 thg 5,01 thg 5,18:25,1h 0m,"Phú Quốc (PQC)
Sân bay Phú Quốc",Hành lý xách tay 7 kg,Hành lý 0 kg,2025-04-26
VietJet Air,PQC0131,1.914.000 VND/khách,17:10,01 thg 5,01 thg 5,18:15,1h 5m,"Phú Quốc (PQC)
Sân bay Phú Quốc",Hành lý xách tay 7 kg,Hành lý 0 kg,2025-04-26
VietJet Air,PQC0154,1.914.000 VND/khách,17:40,01 thg 5,01 thg 5,18:45,1h 5m,"Phú Quốc (PQC)
Sân bay Phú Quốc",Hành lý xách tay 7 kg,Hành lý 0 kg,2025-04-26
Vietnam Airlines,PQC0291,2.008.989 VND/khách,17:25,01 thg 5,01 thg 5,18:25,1h 0m,"Phú Quốc (PQC)
Sân bay Phú Quốc",Hành lý xách tay 1 x 12 kg,Hành lý 23 kg,2025-04-26
Vietnam Airlines,PQC0304,2.012.985 VND/khách,20:20,01 thg 5,01 thg 5,21:20,1h 0m,"Phú Quốc (PQC)
Sân bay Phú Quốc",Hành lý xách tay 1 x 12 kg,Hành lý 23 kg,2025-04-26
VietJet Air,PQC0087,2.124.050 VND/khách,14:05,01 thg 5,01 thg 5,15:05,1h 0m,"Phú Quốc (PQC)
Sân bay Phú Quốc",Hành lý xách tay 7 kg,Hành lý 0 kg,2025-04-26
Bamboo Airways,PQC0002,1.762.344 VND/khách,16:30,02 thg 5,02 thg 5,17:30,1h 0m,"Phú Quốc (PQC)
Sân bay Phú Quốc",Hành lý xách tay 7 kg,Hành lý 0 kg,2025-04-26
Vietravel Airlines,PQC0323,1.465.328 VND/khách,17:25,02 thg 5,02 thg 5,18:25,1h 0m,"Phú Quốc (PQC)
Sân bay Phú Quốc",Hành lý xách tay 7 kg,Hành lý 0 kg,2025-04-26
Vietnam Airlines,PQC0201,1.467.531 VND/khách,07:00,02 thg 5,02 thg 5,08:05,1h 5m,"Phú Quốc (PQC)
Sân bay Phú Quốc",Hành lý xách tay 1 x 12 kg,Hành lý 23 kg,2025-04-26
Vietnam Airlines,PQC0292,1.504.494 VND/khách,17:25,02 thg 5,02 thg 5,18:25,1h 0m,"Phú Quốc (PQC)
Sân bay Phú Quốc",Hành lý xách tay 1 x 12 kg,Hành lý 23 kg,2025-04-26
Vietnam Airlines,PQC0301,1.504.494 VND/khách,19:20,02 thg 5,02 thg 5,20:20,1h 0m,"Phú Quốc (PQC)
Sân bay Phú Quốc",Hành lý xách tay 1 x 12 kg,Hành lý 23 kg,2025-04-26
Vietnam Airlines,PQC0305,1.574.424 VND/khách,20:20,02 thg 5,02 thg 5,21:20,1h 0m,"Phú Quốc (PQC)
Sân bay Phú Quốc",Hành lý xách tay 1 x 12 kg,Hành lý 23 kg,2025-04-26
Vietnam Airlines,PQC0182,1.706.292 VND/khách,05:40,02 thg 5,02 thg 5,06:40,1h 0m,"Phú Quốc (PQC)
Sân bay Phú Quốc",Hành lý xách tay 1 x 12 kg,Hành lý 23 kg,2025-04-26
VietJet Air,PQC0017,1.712.000 VND/khách,05:55,02 thg 5,02 thg 5,06:55,1h 0m,"Phú Quốc (PQC)
Sân bay Phú Quốc",Hành lý xách tay 7 kg,Hành lý 0 kg,2025-04-26
VietJet Air,PQC0132,1.712.000 VND/khách,17:10,02 thg 5,02 thg 5,18:15,1h 5m,"Phú Quốc (PQC)
Sân bay Phú Quốc",Hành lý xách tay 7 kg,Hành lý 0 kg,2025-04-26
Bamboo Airways,PQC0002,1.762.344 VND/khách,16:30,02 thg 5,02 thg 5,17:30,1h 0m,"Phú Quốc (PQC)
Sân bay Phú Quốc",Hành lý xách tay 7 kg,Hành lý 0 kg,2025-04-26
Vietnam Airlines,PQC0245,1.792.206 VND/khách,10:30,02 thg 5,02 thg 5,11:35,1h 5m,"Phú Quốc (PQC)
Sân bay Phú Quốc",Hành lý xách tay 1 x 12 kg,Hành lý 23 kg,2025-04-26
VietJet Air,PQC0109,1.802.000 VND/khách,15:40,02 thg 5,02 thg 5,16:40,1h 0m,"Phú Quốc (PQC)
Sân bay Phú Quốc",Hành lý xách tay 7 kg,Hành lý 0 kg,2025-04-26
VietJet Air,PQC0042,1.832.000 VND/khách,09:20,02 thg 5,02 thg 5,10:20,1h 0m,"Phú Quốc (PQC)
Sân bay Phú Quốc",Hành lý xách tay 7 kg,Hành lý 0 kg,2025-04-26
VietJet Air,PQC0088,1.832.000 VND/khách,14:05,02 thg 5,02 thg 5,15:05,1h 0m,"Phú Quốc (PQC)
Sân bay Phú Quốc",Hành lý xách tay 7 kg,Hành lý 0 kg,2025-04-26
Vietnam Airlines,PQC0226,1.968.030 VND/khách,10:25,02 thg 5,02 thg 5,11:25,1h 0m,"Phú Quốc (PQC)
Sân bay Phú Quốc",Hành lý xách tay 1 x 12 kg,Hành lý 23 kg,2025-04-26
Vietnam Airlines,PQC0269,1.968.030 VND/khách,15:05,02 thg 5,02 thg 5,16:10,1h 5m,"Phú Quốc (PQC)
Sân bay Phú Quốc",Hành lý xách tay 1 x 12 kg,Hành lý 23 kg,2025-04-26
Vietnam Airlines,PQC0203,1.972.026 VND/khách,08:10,02 thg 5,02 thg 5,08:55,45m,"Phú Quốc (PQC)
Sân bay Phú Quốc",Hành lý xách tay 1 x 12 kg,Hành lý 23 kg,2025-04-26
Vietnam Airlines,PQC0248,2.001.996 VND/khách,13:00,02 thg 5,02 thg 5,14:00,1h 0m,"Phú Quốc (PQC)
Sân bay Phú Quốc",Hành lý xách tay 1 x 12 kg,Hành lý 23 kg,2025-04-26
Bamboo Airways,PQC0003,1.245.267 VND/khách,16:30,03 thg 5,03 thg 5,17:30,1h 0m,"Phú Quốc (PQC)
Sân bay Phú Quốc",Hành lý xách tay 7 kg,Hành lý 0 kg,2025-04-26
VietJet Air,PQC0037,1.151.000 VND/khách,08:25,03 thg 5,03 thg 5,09:30,1h 5m,"Phú Quốc (PQC)
Sân bay Phú Quốc",Hành lý xách tay 7 kg,Hành lý 0 kg,2025-04-26
Vietravel Airlines,PQC0324,1.207.973 VND/khách,17:25,03 thg 5,03 thg 5,18:25,1h 0m,"Phú Quốc (PQC)
Sân bay Phú Quốc",Hành lý xách tay 7 kg,Hành lý 0 kg,2025-04-26
Vietnam Airlines,PQC0168,1.258.740 VND/khách,05:25,03 thg 5,03 thg 5,06:20,55m,"Phú Quốc (PQC)
Sân bay Phú Quốc",Hành lý xách tay 1 x 12 kg,Hành lý 23 kg,2025-04-26
Vietnam Airlines,PQC0183,1.377.621 VND/khách,05:40,03 thg 5,03 thg 5,06:40,1h 0m,"Phú Quốc (PQC)
Sân bay Phú Quốc",Hành lý xách tay 1 x 12 kg,Hành lý 23 kg,2025-04-26
Vietnam Airlines,PQC0293,1.377.621 VND/khách,17:25,03 thg 5,03 thg 5,18:25,1h 0m,"Phú Quốc (PQC)
Sân bay Phú Quốc",Hành lý xách tay 1 x 12 kg,Hành lý 23 kg,2025-04-26
Vietnam Airlines,PQC0290,1.385.613 VND/khách,16:25,03 thg 5,03 thg 5,17:25,1h 0m,"Phú Quốc (PQC)
Sân bay Phú Quốc",Hành lý xách tay 1 x 12 kg,Hành lý 23 kg,2025-04-26
Vietnam Airlines,PQC0303,1.392.606 VND/khách,19:45,03 thg 5,03 thg 5,20:45,1h 0m,"Phú Quốc (PQC)
Sân bay Phú Quốc",Hành lý xách tay 1 x 12 kg,Hành lý 23 kg,2025-04-26
VietJet Air,PQC0018,1.417.000 VND/khách,05:55,03 thg 5,03 thg 5,06:55,1h 0m,"Phú Quốc (PQC)
Sân bay Phú Quốc",Hành lý xách tay 7 kg,Hành lý 0 kg,2025-04-26
Vietnam Airlines,PQC0306,1.478.520 VND/khách,20:20,03 thg 5,03 thg 5,21:20,1h 0m,"Phú Quốc (PQC)
Sân bay Phú Quốc",Hành lý xách tay 1 x 12 kg,Hành lý 23 kg,2025-04-26
Vietnam Airlines,PQC0247,1.497.501 VND/khách,12:20,03 thg 5,03 thg 5,13:25,1h 5m,"Phú Quốc (PQC)
Sân bay Phú Quốc",Hành lý xách tay 1 x 12 kg,Hành lý 23 kg,2025-04-26
Vietnam Airlines,PQC0204,1.574.424 VND/khách,08:10,03 thg 5,03 thg 5,08:55,45m,"Phú Quốc (PQC)
Sân bay Phú Quốc",Hành lý xách tay 1 x 12 kg,Hành lý 23 kg,2025-04-26
Vietnam Airlines,PQC0270,1.574.424 VND/khách,15:05,03 thg 5,03 thg 5,16:10,1h 5m,"Phú Quốc (PQC)
Sân bay Phú Quốc",Hành lý xách tay 1 x 12 kg,Hành lý 23 kg,2025-04-26
VietJet Air,PQC0089,1.596.000 VND/khách,14:05,03 thg 5,03 thg 5,15:05,1h 0m,"Phú Quốc (PQC)
Sân bay Phú Quốc",Hành lý xách tay 7 kg,Hành lý 0 kg,2025-04-26
VietJet Air,PQC0133,1.596.000 VND/khách,17:10,03 thg 5,03 thg 5,18:15,1h 5m,"Phú Quốc (PQC)
Sân bay Phú Quốc",Hành lý xách tay 7 kg,Hành lý 0 kg,2025-04-26
VietJet Air,PQC0110,1.712.000 VND/khách,15:40,03 thg 5,03 thg 5,16:40,1h 0m,"Phú Quốc (PQC)
Sân bay Phú Quốc",Hành lý xách tay 7 kg,Hành lý 0 kg,2025-04-26
VietJet Air,PQC0043,1.832.000 VND/khách,09:20,03 thg 5,03 thg 5,10:20,1h 0m,"Phú Quốc (PQC)
Sân bay Phú Quốc",Hành lý xách tay 7 kg,Hành lý 0 kg,2025-04-26
VietJet Air,PQC0067,1.832.000 VND/khách,11:35,03 thg 5,03 thg 5,12:35,1h 0m,"Phú Quốc (PQC)
Sân bay Phú Quốc",Hành lý xách tay 7 kg,Hành lý 0 kg,2025-04-26
Vietnam Airlines,PQC0252,1.900.119 VND/khách,13:05,03 thg 5,03 thg 5,14:00,55m,"Phú Quốc (PQC)
Sân bay Phú Quốc",Hành lý xách tay 1 x 12 kg,Hành lý 23 kg,2025-04-26
Vietnam Airlines,PQC0227,1.900.119 VND/khách,10:25,03 thg 5,03 thg 5,11:25,1h 0m,"Phú Quốc (PQC)
Sân bay Phú Quốc",Hành lý xách tay 1 x 12 kg,Hành lý 23 kg,2025-04-26
Bamboo Airways,PQC0004,1.332.977 VND/khách,16:30,04 thg 5,04 thg 5,17:30,1h 0m,"Phú Quốc (PQC)
Sân bay Phú Quốc",Hành lý xách tay 7 kg,Hành lý 0 kg,2025-04-26
VietJet Air,PQC0019,1.039.000 VND/khách,05:55,04 thg 5,04 thg 5,06:55,1h 0m,"Phú Quốc (PQC)
Sân bay Phú Quốc",Hành lý xách tay 7 kg,Hành lý 0 kg,2025-04-26
Vietnam Airlines,PQC0162,1.145.853 VND/khách,05:10,04 thg 5,04 thg 5,06:10,1h 0m,"Phú Quốc (PQC)
Sân bay Phú Quốc",Hành lý xách tay 1 x 12 kg,Hành lý 23 kg,2025-04-26
Vietnam Airlines,PQC0184,1.145.853 VND/khách,05:40,04 thg 5,04 thg 5,06:40,1h 0m,"Phú Quốc (PQC)
Sân bay Phú Quốc",Hành lý xách tay 1 x 12 kg,Hành lý 23 kg,2025-04-26
Vietnam Airlines,PQC0294,1.145.853 VND/khách,17:25,04 thg 5,04 thg 5,18:25,1h 0m,"Phú Quốc (PQC)
Sân bay Phú Quốc",Hành lý xách tay 1 x 12 kg,Hành lý 23 kg,2025-04-26
Vietnam Airlines,PQC0320,1.145.853 VND/khách,21:00,04 thg 5,04 thg 5,22:00,1h 0m,"Phú Quốc (PQC)
Sân bay Phú Quốc",Hành lý xách tay 1 x 12 kg,Hành lý 23 kg,2025-04-26
VietJet Air,PQC0090,1.151.000 VND/khách,14:05,04 thg 5,04 thg 5,15:05,1h 0m,"Phú Quốc (PQC)
Sân bay Phú Quốc",Hành lý xách tay 7 kg,Hành lý 0 kg,2025-04-26
VietJet Air,PQC0111,1.151.000 VND/khách,15:40,04 thg 5,04 thg 5,16:40,1h 0m,"Phú Quốc (PQC)
Sân bay Phú Quốc",Hành lý xách tay 7 kg,Hành lý 0 kg,2025-04-26
VietJet Air,PQC0134,1.151.000 VND/khách,17:10,04 thg 5,04 thg 5,18:15,1h 5m,"Phú Quốc (PQC)
Sân bay Phú Quốc",Hành lý xách tay 7 kg,Hành lý 0 kg,2025-04-26
Vietnam Airlines,PQC0317,1.164.834 VND/khách,20:25,04 thg 5,04 thg 5,21:25,1h 0m,"Phú Quốc (PQC)
Sân bay Phú Quốc",Hành lý xách tay 1 x 12 kg,Hành lý 23 kg,2025-04-26
VietJet Air,PQC0044,1.297.000 VND/khách,09:20,04 thg 5,04 thg 5,10:20,1h 0m,"Phú Quốc (PQC)
Sân bay Phú Quốc",Hành lý xách tay 7 kg,Hành lý 0 kg,2025-04-26
VietJet Air,PQC0068,1.297.000 VND/khách,11:35,04 thg 5,04 thg 5,12:35,1h 0m,"Phú Quốc (PQC)
Sân bay Phú Quốc",Hành lý xách tay 7 kg,Hành lý 0 kg,2025-04-26
Bamboo Airways,PQC0004,1.332.977 VND/khách,16:30,04 thg 5,04 thg 5,17:30,1h 0m,"Phú Quốc (PQC)
Sân bay Phú Quốc",Hành lý xách tay 7 kg,Hành lý 0 kg,2025-04-26
Vietnam Airlines,PQC0205,1.392.606 VND/khách,08:10,04 thg 5,04 thg 5,08:55,45m,"Phú Quốc (PQC)
Sân bay Phú Quốc",Hành lý xách tay 1 x 12 kg,Hành lý 23 kg,2025-04-26
Vietnam Airlines,PQC0271,1.396.602 VND/khách,15:05,04 thg 5,04 thg 5,16:10,1h 5m,"Phú Quốc (PQC)
Sân bay Phú Quốc",Hành lý xách tay 1 x 12 kg,Hành lý 23 kg,2025-04-26
Vietnam Airlines,PQC0228,1.574.424 VND/khách,10:25,04 thg 5,04 thg 5,11:25,1h 0m,"Phú Quốc (PQC)
Sân bay Phú Quốc",Hành lý xách tay 1 x 12 kg,Hành lý 23 kg,2025-04-26
Vietnam Airlines,PQC0253,1.706.292 VND/khách,13:05,04 thg 5,04 thg 5,14:00,55m,"Phú Quốc (PQC)
Sân bay Phú Quốc",Hành lý xách tay 1 x 12 kg,Hành lý 23 kg,2025-04-26
Vietravel Airlines,PQC0325,1.909.215 VND/khách,17:25,04 thg 5,04 thg 5,18:25,1h 0m,"Phú Quốc (PQC)
Sân bay Phú Quốc",Hành lý xách tay 7 kg,Hành lý 0 kg,2025-04-26
Bamboo Airways,PQC0005,869.953 VND/khách,16:30,05 thg 5,05 thg 5,17:30,1h 0m,"Phú Quốc (PQC)
Sân bay Phú Quốc",Hành lý xách tay 7 kg,Hành lý 0 kg,2025-04-26
Vietravel Airlines,PQC0326,745.133 VND/khách,17:25,05 thg 5,05 thg 5,18:25,1h 0m,"Phú Quốc (PQC)
Sân bay Phú Quốc",Hành lý xách tay 7 kg,Hành lý 0 kg,2025-04-26
VietJet Air,PQC0135,807.000 VND/khách,17:10,05 thg 5,05 thg 5,18:15,1h 5m,"Phú Quốc (PQC)
Sân bay Phú Quốc",Hành lý xách tay 7 kg,Hành lý 0 kg,2025-04-26
Vietnam Airlines,PQC0224,849.893 VND/khách,08:55,05 thg 5,05 thg 5,09:55,1h 0m,"Phú Quốc (PQC)
Sân bay Phú Quốc",Hành lý xách tay 1 x 12 kg,Hành lý 0 kg,2025-04-26
Vietnam Airlines,PQC0170,978.021 VND/khách,05:25,05 thg 5,05 thg 5,06:20,55m,"Phú Quốc (PQC)
Sân bay Phú Quốc",Hành lý xách tay 1 x 12 kg,Hành lý 0 kg,2025-04-26
VietJet Air,PQC0020,1.039.000 VND/khách,05:55,05 thg 5,05 thg 5,06:55,1h 0m,"Phú Quốc (PQC)
Sân bay Phú Quốc",Hành lý xách tay 7 kg,Hành lý 0 kg,2025-04-26
VietJet Air,PQC0112,1.046.000 VND/khách,15:40,05 thg 5,05 thg 5,16:40,1h 0m,"Phú Quốc (PQC)
Sân bay Phú Quốc",Hành lý xách tay 7 kg,Hành lý 0 kg,2025-04-26
VietJet Air,PQC0091,1.151.000 VND/khách,14:05,05 thg 5,05 thg 5,15:05,1h 0m,"Phú Quốc (PQC)
Sân bay Phú Quốc",Hành lý xách tay 7 kg,Hành lý 0 kg,2025-04-26
Vietnam Airlines,PQC0185,1.258.740 VND/khách,05:40,05 thg 5,05 thg 5,06:40,1h 0m,"Phú Quốc (PQC)
Sân bay Phú Quốc",Hành lý xách tay 1 x 12 kg,Hành lý 23 kg,2025-04-26
Vietnam Airlines,PQC0295,1.265.733 VND/khách,17:25,05 thg 5,05 thg 5,18:25,1h 0m,"Phú Quốc (PQC)
Sân bay Phú Quốc",Hành lý xách tay 1 x 12 kg,Hành lý 23 kg,2025-04-26
Vietnam Airlines,PQC0318,1.273.725 VND/khách,20:25,05 thg 5,05 thg 5,21:25,1h 0m,"Phú Quốc (PQC)
Sân bay Phú Quốc",Hành lý xách tay 1 x 12 kg,Hành lý 23 kg,2025-04-26
Vietnam Airlines,PQC0308,1.276.722 VND/khách,20:20,05 thg 5,05 thg 5,21:20,1h 0m,"Phú Quốc (PQC)
Sân bay Phú Quốc",Hành lý xách tay 1 x 12 kg,Hành lý 23 kg,2025-04-26
VietJet Air,PQC0045,1.297.000 VND/khách,09:20,05 thg 5,05 thg 5,10:20,1h 0m,"Phú Quốc (PQC)
Sân bay Phú Quốc",Hành lý xách tay 7 kg,Hành lý 0 kg,2025-04-26
VietJet Air,PQC0069,1.297.000 VND/khách,11:35,05 thg 5,05 thg 5,12:35,1h 0m,"Phú Quốc (PQC)
Sân bay Phú Quốc",Hành lý xách tay 7 kg,Hành lý 0 kg,2025-04-26
Vietnam Airlines,PQC0272,1.374.624 VND/khách,15:05,05 thg 5,05 thg 5,16:10,1h 5m,"Phú Quốc (PQC)
Sân bay Phú Quốc",Hành lý xách tay 1 x 12 kg,Hành lý 23 kg,2025-04-26
Vietnam Airlines,PQC0254,1.490.508 VND/khách,13:05,05 thg 5,05 thg 5,14:00,55m,"Phú Quốc (PQC)
Sân bay Phú Quốc",Hành lý xách tay 1 x 12 kg,Hành lý 23 kg,2025-04-26
Vietnam Airlines,PQC0206,1.574.424 VND/khách,08:10,05 thg 5,05 thg 5,08:55,45m,"Phú Quốc (PQC)
Sân bay Phú Quốc",Hành lý xách tay 1 x 12 kg,Hành lý 23 kg,2025-04-26
Vietnam Airlines,PQC0229,1.574.424 VND/khách,10:25,05 thg 5,05 thg 5,11:25,1h 0m,"Phú Quốc (PQC)
Sân bay Phú Quốc",Hành lý xách tay 1 x 12 kg,Hành lý 23 kg,2025-04-26
Vietravel Airlines,PQC0327,745.133 VND/khách,17:25,06 thg 5,06 thg 5,18:25,1h 0m,"Phú Quốc (PQC)
Sân bay Phú Quốc",Hành lý xách tay 7 kg,Hành lý 0 kg,2025-04-26
VietJet Air,PQC0136,807.000 VND/khách,17:10,06 thg 5,06 thg 5,18:15,1h 5m,"Phú Quốc (PQC)
Sân bay Phú Quốc",Hành lý xách tay 7 kg,Hành lý 0 kg,2025-04-26
VietJet Air,PQC0021,1.039.000 VND/khách,05:55,06 thg 5,06 thg 5,06:55,1h 0m,"Phú Quốc (PQC)
Sân bay Phú Quốc",Hành lý xách tay 7 kg,Hành lý 0 kg,2025-04-26
VietJet Air,PQC0113,1.039.000 VND/khách,15:40,06 thg 5,06 thg 5,16:40,1h 0m,"Phú Quốc (PQC)
Sân bay Phú Quốc",Hành lý xách tay 7 kg,Hành lý 0 kg,2025-04-26
VietJet Air,PQC0064,1.151.000 VND/khách,11:30,06 thg 5,06 thg 5,12:30,1h 0m,"Phú Quốc (PQC)
Sân bay Phú Quốc",Hành lý xách tay 7 kg,Hành lý 0 kg,2025-04-26
VietJet Air,PQC0070,1.151.000 VND/khách,11:35,06 thg 5,06 thg 5,12:35,1h 0m,"Phú Quốc (PQC)
Sân bay Phú Quốc",Hành lý xách tay 7 kg,Hành lý 0 kg,2025-04-26
VietJet Air,PQC0092,1.151.000 VND/khách,14:05,06 thg 5,06 thg 5,15:05,1h 0m,"Phú Quốc (PQC)
Sân bay Phú Quốc",Hành lý xách tay 7 kg,Hành lý 0 kg,2025-04-26
Vietnam Airlines,PQC0186,1.243.755 VND/khách,05:40,06 thg 5,06 thg 5,06:40,1h 0m,"Phú Quốc (PQC)
Sân bay Phú Quốc",Hành lý xách tay 1 x 12 kg,Hành lý 23 kg,2025-04-26
VietJet Air,PQC0046,1.297.000 VND/khách,09:20,06 thg 5,06 thg 5,10:20,1h 0m,"Phú Quốc (PQC)
Sân bay Phú Quốc",Hành lý xách tay 7 kg,Hành lý 0 kg,2025-04-26
Vietnam Airlines,PQC0273,1.389.609 VND/khách,15:05,06 thg 5,06 thg 5,16:10,1h 5m,"Phú Quốc (PQC)
Sân bay Phú Quốc",Hành lý xách tay 1 x 12 kg,Hành lý 23 kg,2025-04-26
Vietnam Airlines,PQC0255,1.478.520 VND/khách,13:05,06 thg 5,06 thg 5,14:00,55m,"Phú Quốc (PQC)
Sân bay Phú Quốc",Hành lý xách tay 1 x 12 kg,Hành lý 23 kg,2025-04-26
Vietnam Airlines,PQC0207,1.504.494 VND/khách,08:10,06 thg 5,06 thg 5,08:55,45m,"Phú Quốc (PQC)
Sân bay Phú Quốc",Hành lý xách tay 1 x 12 kg,Hành lý 23 kg,2025-04-26
Vietnam Airlines,PQC0230,1.582.416 VND/khách,10:25,06 thg 5,06 thg 5,11:25,1h 0m,"Phú Quốc (PQC)
Sân bay Phú Quốc",Hành lý xách tay 1 x 12 kg,Hành lý 23 kg,2025-04-26
Bamboo Airways,PQC0006,869.953 VND/khách,16:30,07 thg 5,07 thg 5,17:30,1h 0m,"Phú Quốc (PQC)
Sân bay Phú Quốc",Hành lý xách tay 7 kg,Hành lý 0 kg,2025-04-26
Vietravel Airlines,PQC0328,745.133 VND/khách,17:25,07 thg 5,07 thg 5,18:25,1h 0m,"Phú Quốc (PQC)
Sân bay Phú Quốc",Hành lý xách tay 7 kg,Hành lý 0 kg,2025-04-26
VietJet Air,PQC0137,807.000 VND/khách,17:10,07 thg 5,07 thg 5,18:15,1h 5m,"Phú Quốc (PQC)
Sân bay Phú Quốc",Hành lý xách tay 7 kg,Hành lý 0 kg,2025-04-26
VietJet Air,PQC0022,1.039.000 VND/khách,05:55,07 thg 5,07 thg 5,06:55,1h 0m,"Phú Quốc (PQC)
Sân bay Phú Quốc",Hành lý xách tay 7 kg,Hành lý 0 kg,2025-04-26
VietJet Air,PQC0114,1.039.000 VND/khách,15:40,07 thg 5,07 thg 5,16:40,1h 0m,"Phú Quốc (PQC)
Sân bay Phú Quốc",Hành lý xách tay 7 kg,Hành lý 0 kg,2025-04-26
VietJet Air,PQC0071,1.151.000 VND/khách,11:35,07 thg 5,07 thg 5,12:35,1h 0m,"Phú Quốc (PQC)
Sân bay Phú Quốc",Hành lý xách tay 7 kg,Hành lý 0 kg,2025-04-26
VietJet Air,PQC0093,1.151.000 VND/khách,14:05,07 thg 5,07 thg 5,15:05,1h 0m,"Phú Quốc (PQC)
Sân bay Phú Quốc",Hành lý xách tay 7 kg,Hành lý 0 kg,2025-04-26
Vietnam Airlines,PQC0187,1.258.740 VND/khách,05:40,07 thg 5,07 thg 5,06:40,1h 0m,"Phú Quốc (PQC)
Sân bay Phú Quốc",Hành lý xách tay 1 x 12 kg,Hành lý 23 kg,2025-04-26
VietJet Air,PQC0047,1.297.000 VND/khách,09:20,07 thg 5,07 thg 5,10:20,1h 0m,"Phú Quốc (PQC)
Sân bay Phú Quốc",Hành lý xách tay 7 kg,Hành lý 0 kg,2025-04-26
Vietnam Airlines,PQC0208,1.486.512 VND/khách,08:10,07 thg 5,07 thg 5,08:55,45m,"Phú Quốc (PQC)
Sân bay Phú Quốc",Hành lý xách tay 1 x 12 kg,Hành lý 23 kg,2025-04-26
Vietnam Airlines,PQC0274,1.527.121 VND/khách,15:05,07 thg 5,07 thg 5,16:10,1h 5m,"Phú Quốc (PQC)
Sân bay Phú Quốc",Hành lý xách tay 1 x 12 kg,Hành lý 23 kg,2025-04-26
Vietnam Airlines,PQC0231,1.574.424 VND/khách,10:25,07 thg 5,07 thg 5,11:25,1h 0m,"Phú Quốc (PQC)
Sân bay Phú Quốc",Hành lý xách tay 1 x 12 kg,Hành lý 23 kg,2025-04-26
Vietnam Airlines,PQC0256,1.827.820 VND/khách,13:05,07 thg 5,07 thg 5,14:00,55m,"Phú Quốc (PQC)
Sân bay Phú Quốc",Hành lý xách tay 1 x 12 kg,Hành lý 23 kg,2025-04-26
VietJet Air,PQC0023,1.039.000 VND/khách,05:55,08 thg 5,08 thg 5,06:55,1h 0m,"Phú Quốc (PQC)
Sân bay Phú Quốc",Hành lý xách tay 7 kg,Hành lý 0 kg,2025-04-26
Vietravel Airlines,PQC0329,1.133.160 VND/khách,17:25,08 thg 5,08 thg 5,18:25,1h 0m,"Phú Quốc (PQC)
Sân bay Phú Quốc",Hành lý xách tay 7 kg,Hành lý 0 kg,2025-04-26
VietJet Air,PQC0094,1.297.000 VND/khách,14:05,08 thg 5,08 thg 5,15:05,1h 0m,"Phú Quốc (PQC)
Sân bay Phú Quốc",Hành lý xách tay 7 kg,Hành lý 0 kg,2025-04-26
VietJet Air,PQC0115,1.297.000 VND/khách,15:40,08 thg 5,08 thg 5,16:40,1h 0m,"Phú Quốc (PQC)
Sân bay Phú Quốc",Hành lý xách tay 7 kg,Hành lý 0 kg,2025-04-26
VietJet Air,PQC0038,1.297.000 VND/khách,08:25,08 thg 5,08 thg 5,09:30,1h 5m,"Phú Quốc (PQC)
Sân bay Phú Quốc",Hành lý xách tay 7 kg,Hành lý 0 kg,2025-04-26
VietJet Air,PQC0138,1.297.000 VND/khách,17:10,08 thg 5,08 thg 5,18:15,1h 5m,"Phú Quốc (PQC)
Sân bay Phú Quốc",Hành lý xách tay 7 kg,Hành lý 0 kg,2025-04-26
VietJet Air,PQC0155,1.297.000 VND/khách,17:40,08 thg 5,08 thg 5,18:45,1h 5m,"Phú Quốc (PQC)
Sân bay Phú Quốc",Hành lý xách tay 7 kg,Hành lý 0 kg,2025-04-26
VietJet Air,PQC0048,1.319.000 VND/khách,09:20,08 thg 5,08 thg 5,10:20,1h 0m,"Phú Quốc (PQC)
Sân bay Phú Quốc",Hành lý xách tay 7 kg,Hành lý 0 kg,2025-04-26
Vietnam Airlines,PQC0188,1.392.606 VND/khách,05:40,08 thg 5,08 thg 5,06:40,1h 0m,"Phú Quốc (PQC)
Sân bay Phú Quốc",Hành lý xách tay 1 x 12 kg,Hành lý 23 kg,2025-04-26
VietJet Air,PQC0072,1.417.000 VND/khách,11:35,08 thg 5,08 thg 5,12:35,1h 0m,"Phú Quốc (PQC)
Sân bay Phú Quốc",Hành lý xách tay 7 kg,Hành lý 0 kg,2025-04-26
Vietnam Airlines,PQC0275,1.504.494 VND/khách,15:05,08 thg 5,08 thg 5,16:10,1h 5m,"Phú Quốc (PQC)
Sân bay Phú Quốc",Hành lý xách tay 1 x 12 kg,Hành lý 23 kg,2025-04-26
Vietnam Airlines,PQC0209,1.574.424 VND/khách,08:10,08 thg 5,08 thg 5,08:55,45m,"Phú Quốc (PQC)
Sân bay Phú Quốc",Hành lý xách tay 1 x 12 kg,Hành lý 23 kg,2025-04-26
Vietnam Airlines,PQC0309,1.574.424 VND/khách,20:20,09 thg 5,09 thg 5,21:20,1h 0m,"Phú Quốc (PQC)
Sân bay Phú Quốc",Hành lý xách tay 1 x 12 kg,Hành lý 23 kg,2025-04-26
Vietnam Airlines,PQC0257,1.595.403 VND/khách,13:05,08 thg 5,08 thg 5,14:00,55m,"Phú Quốc (PQC)
Sân bay Phú Quốc",Hành lý xách tay 1 x 12 kg,Hành lý 23 kg,2025-04-26
Vietnam Airlines,PQC0232,1.706.292 VND/khách,10:25,08 thg 5,08 thg 5,11:25,1h 0m,"Phú Quốc (PQC)
Sân bay Phú Quốc",Hành lý xách tay 1 x 12 kg,Hành lý 23 kg,2025-04-26
Bamboo Airways,PQC0007,1.420.686 VND/khách,16:30,09 thg 5,09 thg 5,17:30,1h 0m,"Phú Quốc (PQC)
Sân bay Phú Quốc",Hành lý xách tay 7 kg,Hành lý 0 kg,2025-04-26
Vietravel Airlines,PQC0330,1.133.160 VND/khách,17:25,09 thg 5,09 thg 5,18:25,1h 0m,"Phú Quốc (PQC)
Sân bay Phú Quốc",Hành lý xách tay 7 kg,Hành lý 0 kg,2025-04-26
VietJet Air,PQC0116,1.297.000 VND/khách,15:40,09 thg 5,09 thg 5,16:40,1h 0m,"Phú Quốc (PQC)
Sân bay Phú Quốc",Hành lý xách tay 7 kg,Hành lý 0 kg,2025-04-26
VietJet Air,PQC0139,1.297.000 VND/khách,17:10,09 thg 5,09 thg 5,18:15,1h 5m,"Phú Quốc (PQC)
Sân bay Phú Quốc",Hành lý xách tay 7 kg,Hành lý 0 kg,2025-04-26
VietJet Air,PQC0024,1.417.000 VND/khách,05:55,09 thg 5,09 thg 5,06:55,1h 0m,"Phú Quốc (PQC)
Sân bay Phú Quốc",Hành lý xách tay 7 kg,Hành lý 0 kg,2025-04-26
Vietnam Airlines,PQC0189,1.574.424 VND/khách,05:40,09 thg 5,09 thg 5,06:40,1h 0m,"Phú Quốc (PQC)
Sân bay Phú Quốc",Hành lý xách tay 1 x 12 kg,Hành lý 23 kg,2025-04-26
Vietnam Airlines,PQC0309,1.574.424 VND/khách,20:20,09 thg 5,09 thg 5,21:20,1h 0m,"Phú Quốc (PQC)
Sân bay Phú Quốc",Hành lý xách tay 1 x 12 kg,Hành lý 23 kg,2025-04-26
VietJet Air,PQC0095,1.596.000 VND/khách,14:05,09 thg 5,09 thg 5,15:05,1h 0m,"Phú Quốc (PQC)
Sân bay Phú Quốc",Hành lý xách tay 7 kg,Hành lý 0 kg,2025-04-26
Vietnam Airlines,PQC0276,1.703.295 VND/khách,15:05,09 thg 5,09 thg 5,16:10,1h 5m,"Phú Quốc (PQC)
Sân bay Phú Quốc",Hành lý xách tay 1 x 12 kg,Hành lý 23 kg,2025-04-26
VietJet Air,PQC0049,1.712.000 VND/khách,09:20,09 thg 5,09 thg 5,10:20,1h 0m,"Phú Quốc (PQC)
Sân bay Phú Quốc",Hành lý xách tay 7 kg,Hành lý 0 kg,2025-04-26
VietJet Air,PQC0073,1.712.000 VND/khách,11:35,09 thg 5,09 thg 5,12:35,1h 0m,"Phú Quốc (PQC)
Sân bay Phú Quốc",Hành lý xách tay 7 kg,Hành lý 0 kg,2025-04-26
Vietnam Airlines,PQC0249,1.736.262 VND/khách,13:00,09 thg 5,09 thg 5,14:00,1h 0m,"Phú Quốc (PQC)
Sân bay Phú Quốc",Hành lý xách tay 1 x 12 kg,Hành lý 23 kg,2025-04-26
Vietnam Airlines,PQC0233,1.900.119 VND/khách,10:25,09 thg 5,09 thg 5,11:25,1h 0m,"Phú Quốc (PQC)
Sân bay Phú Quốc",Hành lý xách tay 1 x 12 kg,Hành lý 23 kg,2025-04-26
Vietnam Airlines,PQC0210,1.953.823 VND/khách,08:10,09 thg 5,09 thg 5,08:55,45m,"Phú Quốc (PQC)
Sân bay Phú Quốc",Hành lý xách tay 1 x 12 kg,Hành lý 23 kg,2025-04-26
Vietravel Airlines,PQC0331,954.608 VND/khách,17:25,10 thg 5,10 thg 5,18:25,1h 0m,"Phú Quốc (PQC)
Sân bay Phú Quốc",Hành lý xách tay 7 kg,Hành lý 0 kg,2025-04-26
VietJet Air,PQC0140,1.151.000 VND/khách,17:10,10 thg 5,10 thg 5,18:15,1h 5m,"Phú Quốc (PQC)
Sân bay Phú Quốc",Hành lý xách tay 7 kg,Hành lý 0 kg,2025-04-26
VietJet Air,PQC0096,1.297.000 VND/khách,14:05,10 thg 5,10 thg 5,15:05,1h 0m,"Phú Quốc (PQC)
Sân bay Phú Quốc",Hành lý xách tay 7 kg,Hành lý 0 kg,2025-04-26
VietJet Air,PQC0117,1.297.000 VND/khách,15:40,10 thg 5,10 thg 5,16:40,1h 0m,"Phú Quốc (PQC)
Sân bay Phú Quốc",Hành lý xách tay 7 kg,Hành lý 0 kg,2025-04-26
VietJet Air,PQC0025,1.417.000 VND/khách,05:55,10 thg 5,10 thg 5,06:55,1h 0m,"Phú Quốc (PQC)
Sân bay Phú Quốc",Hành lý xách tay 7 kg,Hành lý 0 kg,2025-04-26
VietJet Air,PQC0074,1.417.000 VND/khách,11:35,10 thg 5,10 thg 5,12:35,1h 0m,"Phú Quốc (PQC)
Sân bay Phú Quốc",Hành lý xách tay 7 kg,Hành lý 0 kg,2025-04-26
Vietnam Airlines,PQC0277,1.504.494 VND/khách,15:05,10 thg 5,10 thg 5,16:10,1h 5m,"Phú Quốc (PQC)
Sân bay Phú Quốc",Hành lý xách tay 1 x 12 kg,Hành lý 23 kg,2025-04-26
VietJet Air,PQC0050,1.596.000 VND/khách,09:20,10 thg 5,10 thg 5,10:20,1h 0m,"Phú Quốc (PQC)
Sân bay Phú Quốc",Hành lý xách tay 7 kg,Hành lý 0 kg,2025-04-26
Vietnam Airlines,PQC0258,1.604.394 VND/khách,13:05,10 thg 5,10 thg 5,14:00,55m,"Phú Quốc (PQC)
Sân bay Phú Quốc",Hành lý xách tay 1 x 12 kg,Hành lý 23 kg,2025-04-26
Vietnam Airlines,PQC0211,1.706.292 VND/khách,08:10,10 thg 5,10 thg 5,08:55,45m,"Phú Quốc (PQC)
Sân bay Phú Quốc",Hành lý xách tay 1 x 12 kg,Hành lý 23 kg,2025-04-26
Vietnam Airlines,PQC0234,1.736.262 VND/khách,10:25,10 thg 5,10 thg 5,11:25,1h 0m,"Phú Quốc (PQC)
Sân bay Phú Quốc",Hành lý xách tay 1 x 12 kg,Hành lý 23 kg,2025-04-26
Vietnam Airlines,PQC0190,1.844.291 VND/khách,05:40,10 thg 5,10 thg 5,06:40,1h 0m,"Phú Quốc (PQC)
Sân bay Phú Quốc",Hành lý xách tay 1 x 12 kg,Hành lý 23 kg,2025-04-26
Bamboo Airways,PQC0008,869.953 VND/khách,16:30,11 thg 5,11 thg 5,17:30,1h 0m,"Phú Quốc (PQC)
Sân bay Phú Quốc",Hành lý xách tay 7 kg,Hành lý 0 kg,2025-04-26
Vietravel Airlines,PQC0332,693.263 VND/khách,17:25,11 thg 5,11 thg 5,18:25,1h 0m,"Phú Quốc (PQC)
Sân bay Phú Quốc",Hành lý xách tay 7 kg,Hành lý 0 kg,2025-04-26
VietJet Air,PQC0141,807.000 VND/khách,17:10,11 thg 5,11 thg 5,18:15,1h 5m,"Phú Quốc (PQC)
Sân bay Phú Quốc",Hành lý xách tay 7 kg,Hành lý 0 kg,2025-04-26
VietJet Air,PQC0118,815.000 VND/khách,15:40,11 thg 5,11 thg 5,16:40,1h 0m,"Phú Quốc (PQC)
Sân bay Phú Quốc",Hành lý xách tay 7 kg,Hành lý 0 kg,2025-04-26
VietJet Air,PQC0026,1.039.000 VND/khách,05:55,11 thg 5,11 thg 5,06:55,1h 0m,"Phú Quốc (PQC)
Sân bay Phú Quốc",Hành lý xách tay 7 kg,Hành lý 0 kg,2025-04-26
Vietnam Airlines,PQC0191,1.145.853 VND/khách,05:40,11 thg 5,11 thg 5,06:40,1h 0m,"Phú Quốc (PQC)
Sân bay Phú Quốc",Hành lý xách tay 1 x 12 kg,Hành lý 23 kg,2025-04-26
Vietnam Airlines,PQC0310,1.145.853 VND/khách,20:20,11 thg 5,11 thg 5,21:20,1h 0m,"Phú Quốc (PQC)
Sân bay Phú Quốc",Hành lý xách tay 1 x 12 kg,Hành lý 23 kg,2025-04-26
VietJet Air,PQC0075,1.151.000 VND/khách,11:35,11 thg 5,11 thg 5,12:35,1h 0m,"Phú Quốc (PQC)
Sân bay Phú Quốc",Hành lý xách tay 7 kg,Hành lý 0 kg,2025-04-26
VietJet Air,PQC0097,1.151.000 VND/khách,14:05,11 thg 5,11 thg 5,15:05,1h 0m,"Phú Quốc (PQC)
Sân bay Phú Quốc",Hành lý xách tay 7 kg,Hành lý 0 kg,2025-04-26
Vietnam Airlines,PQC0278,1.261.737 VND/khách,15:05,11 thg 5,11 thg 5,16:10,1h 5m,"Phú Quốc (PQC)
Sân bay Phú Quốc",Hành lý xách tay 1 x 12 kg,Hành lý 23 kg,2025-04-26
VietJet Air,PQC0051,1.297.000 VND/khách,09:20,11 thg 5,11 thg 5,10:20,1h 0m,"Phú Quốc (PQC)
Sân bay Phú Quốc",Hành lý xách tay 7 kg,Hành lý 0 kg,2025-04-26
Vietnam Airlines,PQC0259,1.381.617 VND/khách,13:05,11 thg 5,11 thg 5,14:00,55m,"Phú Quốc (PQC)
Sân bay Phú Quốc",Hành lý xách tay 1 x 12 kg,Hành lý 23 kg,2025-04-26
Vietnam Airlines,PQC0235,1.392.606 VND/khách,10:25,11 thg 5,11 thg 5,11:25,1h 0m,"Phú Quốc (PQC)
Sân bay Phú Quốc",Hành lý xách tay 1 x 12 kg,Hành lý 23 kg,2025-04-26
Vietnam Airlines,PQC0212,1.504.494 VND/khách,08:10,11 thg 5,11 thg 5,08:55,45m,"Phú Quốc (PQC)
Sân bay Phú Quốc",Hành lý xách tay 1 x 12 kg,Hành lý 23 kg,2025-04-26
Bamboo Airways,PQC0012,1.608.343 VND/khách,16:30,27 thg 4,27 thg 4,17:30,1h 0m,"Phú Quốc (PQC)
Sân bay Phú Quốc",Hành lý xách tay 7 kg,Hành lý 0 kg,2025-04-26
Vietravel Airlines,PQC0339,1.484.280 VND/khách,17:25,27 thg 4,27 thg 4,18:25,1h 0m,"Phú Quốc (PQC)
Sân bay Phú Quốc",Hành lý xách tay 7 kg,Hành lý 0 kg,2025-04-26
VietJet Air,PQC0104,1.604.000 VND/khách,14:05,27 thg 4,27 thg 4,15:05,1h 0m,"Phú Quốc (PQC)
Sân bay Phú Quốc",Hành lý xách tay 7 kg,Hành lý 0 kg,2025-04-26
VietJet Air,PQC0148,1.604.000 VND/khách,17:10,27 thg 4,27 thg 4,18:15,1h 5m,"Phú Quốc (PQC)
Sân bay Phú Quốc",Hành lý xách tay 7 kg,Hành lý 0 kg,2025-04-26
Vietnam Airlines,PQC0163,1.688.310 VND/khách,05:10,27 thg 4,27 thg 4,06:10,1h 0m,"Phú Quốc (PQC)
Sân bay Phú Quốc",Hành lý xách tay 1 x 12 kg,Hành lý 23 kg,2025-04-26
Vietnam Airlines,PQC0313,1.706.292 VND/khách,20:20,27 thg 4,27 thg 4,21:20,1h 0m,"Phú Quốc (PQC)
Sân bay Phú Quốc",Hành lý xách tay 1 x 12 kg,Hành lý 23 kg,2025-04-26
VietJet Air,PQC0125,1.716.000 VND/khách,15:40,27 thg 4,27 thg 4,16:40,1h 0m,"Phú Quốc (PQC)
Sân bay Phú Quốc",Hành lý xách tay 7 kg,Hành lý 0 kg,2025-04-26
VietJet Air,PQC0033,1.760.000 VND/khách,05:55,27 thg 4,27 thg 4,06:55,1h 0m,"Phú Quốc (PQC)
Sân bay Phú Quốc",Hành lý xách tay 7 kg,Hành lý 0 kg,2025-04-26
VietJet Air,PQC0082,1.922.000 VND/khách,11:35,27 thg 4,27 thg 4,12:35,1h 0m,"Phú Quốc (PQC)
Sân bay Phú Quốc",Hành lý xách tay 7 kg,Hành lý 0 kg,2025-04-26
Vietnam Airlines,PQC0285,1.946.052 VND/khách,15:05,27 thg 4,27 thg 4,16:10,1h 5m,"Phú Quốc (PQC)
Sân bay Phú Quốc",Hành lý xách tay 1 x 12 kg,Hành lý 23 kg,2025-04-26
Vietnam Airlines,PQC0177,1.976.022 VND/khách,05:25,27 thg 4,27 thg 4,06:20,55m,"Phú Quốc (PQC)
Sân bay Phú Quốc",Hành lý xách tay 1 x 12 kg,Hành lý 23 kg,2025-04-26
Vietnam Airlines,PQC0265,1.976.022 VND/khách,13:05,27 thg 4,27 thg 4,14:00,55m,"Phú Quốc (PQC)
Sân bay Phú Quốc",Hành lý xách tay 1 x 12 kg,Hành lý 23 kg,2025-04-26
Vietnam Airlines,PQC0242,1.979.019 VND/khách,10:25,27 thg 4,27 thg 4,11:25,1h 0m,"Phú Quốc (PQC)
Sân bay Phú Quốc",Hành lý xách tay 1 x 12 kg,Hành lý 23 kg,2025-04-26
Vietnam Airlines,PQC0220,1.998.000 VND/khách,08:10,27 thg 4,27 thg 4,08:55,45m,"Phú Quốc (PQC)
Sân bay Phú Quốc",Hành lý xách tay 1 x 12 kg,Hành lý 23 kg,2025-04-26
VietJet Air,PQC0058,2.012.270 VND/khách,09:20,27 thg 4,27 thg 4,10:20,1h 0m,"Phú Quốc (PQC)
Sân bay Phú Quốc",Hành lý xách tay 7 kg,Hành lý 0 kg,2025-04-26
Bamboo Airways,PQC0013,1.741.250 VND/khách,16:30,28 thg 4,28 thg 4,17:30,1h 0m,"Phú Quốc (PQC)
Sân bay Phú Quốc",Hành lý xách tay 7 kg,Hành lý 0 kg,2025-04-26
VietJet Air,PQC0034,1.301.000 VND/khách,05:55,28 thg 4,28 thg 4,06:55,1h 0m,"Phú Quốc (PQC)
Sân bay Phú Quốc",Hành lý xách tay 7 kg,Hành lý 0 kg,2025-04-26
Vietravel Airlines,PQC0340,1.461.338 VND/khách,17:25,28 thg 4,28 thg 4,18:25,1h 0m,"Phú Quốc (PQC)
Sân bay Phú Quốc",Hành lý xách tay 7 kg,Hành lý 0 kg,2025-04-26
Vietnam Airlines,PQC0178,1.574.424 VND/khách,05:25,28 thg 4,28 thg 4,06:20,55m,"Phú Quốc (PQC)
Sân bay Phú Quốc",Hành lý xách tay 1 x 12 kg,Hành lý 23 kg,2025-04-26
Vietnam Airlines,PQC0199,1.574.424 VND/khách,05:40,28 thg 4,28 thg 4,06:40,1h 0m,"Phú Quốc (PQC)
Sân bay Phú Quốc",Hành lý xách tay 1 x 12 kg,Hành lý 23 kg,2025-04-26
VietJet Air,PQC0105,1.604.000 VND/khách,14:05,28 thg 4,28 thg 4,15:05,1h 0m,"Phú Quốc (PQC)
Sân bay Phú Quốc",Hành lý xách tay 7 kg,Hành lý 0 kg,2025-04-26
VietJet Air,PQC0149,1.604.000 VND/khách,17:10,28 thg 4,28 thg 4,18:15,1h 5m,"Phú Quốc (PQC)
Sân bay Phú Quốc",Hành lý xách tay 7 kg,Hành lý 0 kg,2025-04-26
VietJet Air,PQC0083,1.716.000 VND/khách,11:35,28 thg 4,28 thg 4,12:35,1h 0m,"Phú Quốc (PQC)
Sân bay Phú Quốc",Hành lý xách tay 7 kg,Hành lý 0 kg,2025-04-26
Bamboo Airways,PQC0013,1.741.250 VND/khách,16:30,28 thg 4,28 thg 4,17:30,1h 0m,"Phú Quốc (PQC)
Sân bay Phú Quốc",Hành lý xách tay 7 kg,Hành lý 0 kg,2025-04-26
VietJet Air,PQC0059,1.802.000 VND/khách,09:20,28 thg 4,28 thg 4,10:20,1h 0m,"Phú Quốc (PQC)
Sân bay Phú Quốc",Hành lý xách tay 7 kg,Hành lý 0 kg,2025-04-26
VietJet Air,PQC0126,1.802.000 VND/khách,15:40,28 thg 4,28 thg 4,16:40,1h 0m,"Phú Quốc (PQC)
Sân bay Phú Quốc",Hành lý xách tay 7 kg,Hành lý 0 kg,2025-04-26
Vietnam Airlines,PQC0221,1.912.086 VND/khách,08:10,28 thg 4,28 thg 4,08:55,45m,"Phú Quốc (PQC)
Sân bay Phú Quốc",Hành lý xách tay 1 x 12 kg,Hành lý 23 kg,2025-04-26
Vietnam Airlines,PQC0286,1.991.007 VND/khách,15:05,28 thg 4,28 thg 4,16:10,1h 5m,"Phú Quốc (PQC)
Sân bay Phú Quốc",Hành lý xách tay 1 x 12 kg,Hành lý 23 kg,2025-04-26
Vietnam Airlines,PQC0243,1.999.998 VND/khách,10:25,28 thg 4,28 thg 4,11:25,1h 0m,"Phú Quốc (PQC)
Sân bay Phú Quốc",Hành lý xách tay 1 x 12 kg,Hành lý 23 kg,2025-04-26
Vietnam Airlines,PQC0266,2.005.992 VND/khách,13:05,28 thg 4,28 thg 4,14:00,55m,"Phú Quốc (PQC)
Sân bay Phú Quốc",Hành lý xách tay 1 x 12 kg,Hành lý 23 kg,2025-04-26
Vietnam Airlines,PQC0200,1.684.314 VND/khách,05:40,29 thg 4,29 thg 4,06:40,1h 0m,"Phú Quốc (PQC)
Sân bay Phú Quốc",Hành lý xách tay 1 x 12 kg,Hành lý 23 kg,2025-04-26
VietJet Air,PQC0035,1.802.000 VND/khách,05:55,29 thg 4,29 thg 4,06:55,1h 0m,"Phú Quốc (PQC)
Sân bay Phú Quốc",Hành lý xách tay 7 kg,Hành lý 0 kg,2025-04-26
VietJet Air,PQC0040,1.802.000 VND/khách,08:25,29 thg 4,29 thg 4,09:30,1h 5m,"Phú Quốc (PQC)
Sân bay Phú Quốc",Hành lý xách tay 7 kg,Hành lý 0 kg,2025-04-26
Vietravel Airlines,PQC0341,1.816.448 VND/khách,17:25,29 thg 4,29 thg 4,18:25,1h 0m,"Phú Quốc (PQC)
Sân bay Phú Quốc",Hành lý xách tay 7 kg,Hành lý 0 kg,2025-04-26
VietJet Air,PQC0084,1.832.000 VND/khách,11:35,29 thg 4,29 thg 4,12:35,1h 0m,"Phú Quốc (PQC)
Sân bay Phú Quốc",Hành lý xách tay 7 kg,Hành lý 0 kg,2025-04-26
VietJet Air,PQC0106,1.832.000 VND/khách,14:05,29 thg 4,29 thg 4,15:05,1h 0m,"Phú Quốc (PQC)
Sân bay Phú Quốc",Hành lý xách tay 7 kg,Hành lý 0 kg,2025-04-26
VietJet Air,PQC0127,1.832.000 VND/khách,15:40,29 thg 4,29 thg 4,16:40,1h 0m,"Phú Quốc (PQC)
Sân bay Phú Quốc",Hành lý xách tay 7 kg,Hành lý 0 kg,2025-04-26
VietJet Air,PQC0060,1.862.000 VND/khách,09:20,29 thg 4,29 thg 4,10:20,1h 0m,"Phú Quốc (PQC)
Sân bay Phú Quốc",Hành lý xách tay 7 kg,Hành lý 0 kg,2025-04-26
VietJet Air,PQC0153,1.918.000 VND/khách,17:25,29 thg 4,29 thg 4,18:30,1h 5m,"Phú Quốc (PQC)
Sân bay Phú Quốc",Hành lý xách tay 7 kg,Hành lý 0 kg,2025-04-26
Vietnam Airlines,PQC0246,1.998.000 VND/khách,12:10,29 thg 4,29 thg 4,13:10,1h 0m,"Phú Quốc (PQC)
Sân bay Phú Quốc",Hành lý xách tay 1 x 12 kg,Hành lý 23 kg,2025-04-26
Vietnam Airlines,PQC0299,1.998.000 VND/khách,17:25,29 thg 4,29 thg 4,18:25,1h 0m,"Phú Quốc (PQC)
Sân bay Phú Quốc",Hành lý xách tay 1 x 12 kg,Hành lý 23 kg,2025-04-26
Vietnam Airlines,PQC0316,1.987.011 VND/khách,20:20,30 thg 4,30 thg 4,21:25,1h 5m,"Phú Quốc (PQC)
Sân bay Phú Quốc",Hành lý xách tay 1 x 12 kg,Hành lý 23 kg,2025-04-26
Bamboo Airways,PQC0001,1.934.703 VND/khách,16:30,01 thg 5,01 thg 5,17:30,1h 0m,"Phú Quốc (PQC)
Sân bay Phú Quốc",Hành lý xách tay 7 kg,Hành lý 20 kg,2025-04-27
Vietravel Airlines,PQC0322,1.749.615 VND/khách,17:25,01 thg 5,01 thg 5,18:25,1h 0m,"Phú Quốc (PQC)
Sân bay Phú Quốc",Hành lý xách tay 7 kg,Hành lý 0 kg,2025-04-27
VietJet Air,PQC0131,1.908.000 VND/khách,17:10,01 thg 5,01 thg 5,18:15,1h 5m,"Phú Quốc (PQC)
Sân bay Phú Quốc",Hành lý xách tay 7 kg,Hành lý 0 kg,2025-04-27
VietJet Air,PQC0154,1.908.000 VND/khách,17:40,01 thg 5,01 thg 5,18:45,1h 5m,"Phú Quốc (PQC)
Sân bay Phú Quốc",Hành lý xách tay 7 kg,Hành lý 0 kg,2025-04-27
VietJet Air,PQC0087,1.919.000 VND/khách,14:05,01 thg 5,01 thg 5,15:05,1h 0m,"Phú Quốc (PQC)
Sân bay Phú Quốc",Hành lý xách tay 7 kg,Hành lý 0 kg,2025-04-27
Vietnam Airlines,PQC0291,2.010.987 VND/khách,17:25,01 thg 5,01 thg 5,18:25,1h 0m,"Phú Quốc (PQC)
Sân bay Phú Quốc",Hành lý xách tay 1 x 12 kg,Hành lý 23 kg,2025-04-27
Bamboo Airways,PQC0002,1.762.344 VND/khách,16:30,02 thg 5,02 thg 5,17:30,1h 0m,"Phú Quốc (PQC)
Sân bay Phú Quốc",Hành lý xách tay 7 kg,Hành lý 0 kg,2025-04-27
Vietravel Airlines,PQC0323,1.462.335 VND/khách,17:25,02 thg 5,02 thg 5,18:25,1h 0m,"Phú Quốc (PQC)
Sân bay Phú Quốc",Hành lý xách tay 7 kg,Hành lý 0 kg,2025-04-27
Vietnam Airlines,PQC0201,1.468.530 VND/khách,07:00,02 thg 5,02 thg 5,08:05,1h 5m,"Phú Quốc (PQC)
Sân bay Phú Quốc",Hành lý xách tay 1 x 12 kg,Hành lý 23 kg,2025-04-27
Vietnam Airlines,PQC0292,1.502.496 VND/khách,17:25,02 thg 5,02 thg 5,18:25,1h 0m,"Phú Quốc (PQC)
Sân bay Phú Quốc",Hành lý xách tay 1 x 12 kg,Hành lý 23 kg,2025-04-27
Vietnam Airlines,PQC0301,1.502.496 VND/khách,19:20,02 thg 5,02 thg 5,20:20,1h 0m,"Phú Quốc (PQC)
Sân bay Phú Quốc",Hành lý xách tay 1 x 12 kg,Hành lý 23 kg,2025-04-27
Vietnam Airlines,PQC0305,1.575.423 VND/khách,20:20,02 thg 5,02 thg 5,21:20,1h 0m,"Phú Quốc (PQC)
Sân bay Phú Quốc",Hành lý xách tay 1 x 12 kg,Hành lý 23 kg,2025-04-27
Vietnam Airlines,PQC0182,1.704.294 VND/khách,05:40,02 thg 5,02 thg 5,06:40,1h 0m,"Phú Quốc (PQC)
Sân bay Phú Quốc",Hành lý xách tay 1 x 12 kg,Hành lý 23 kg,2025-04-27
VietJet Air,PQC0017,1.707.000 VND/khách,05:55,02 thg 5,02 thg 5,06:55,1h 0m,"Phú Quốc (PQC)
Sân bay Phú Quốc",Hành lý xách tay 7 kg,Hành lý 0 kg,2025-04-27
VietJet Air,PQC0132,1.707.000 VND/khách,17:10,02 thg 5,02 thg 5,18:15,1h 5m,"Phú Quốc (PQC)
Sân bay Phú Quốc",Hành lý xách tay 7 kg,Hành lý 0 kg,2025-04-27
Bamboo Airways,PQC0002,1.762.344 VND/khách,16:30,02 thg 5,02 thg 5,17:30,1h 0m,"Phú Quốc (PQC)
Sân bay Phú Quốc",Hành lý xách tay 7 kg,Hành lý 0 kg,2025-04-27
Vietnam Airlines,PQC0245,1.790.208 VND/khách,10:30,02 thg 5,02 thg 5,11:35,1h 5m,"Phú Quốc (PQC)
Sân bay Phú Quốc",Hành lý xách tay 1 x 12 kg,Hành lý 23 kg,2025-04-27
VietJet Air,PQC0109,1.792.000 VND/khách,15:40,02 thg 5,02 thg 5,16:40,1h 0m,"Phú Quốc (PQC)
Sân bay Phú Quốc",Hành lý xách tay 7 kg,Hành lý 0 kg,2025-04-27
VietJet Air,PQC0088,1.819.000 VND/khách,14:05,02 thg 5,02 thg 5,15:05,1h 0m,"Phú Quốc (PQC)
Sân bay Phú Quốc",Hành lý xách tay 7 kg,Hành lý 0 kg,2025-04-27
VietJet Air,PQC0042,1.852.000 VND/khách,09:20,02 thg 5,02 thg 5,10:20,1h 0m,"Phú Quốc (PQC)
Sân bay Phú Quốc",Hành lý xách tay 7 kg,Hành lý 0 kg,2025-04-27
Vietnam Airlines,PQC0269,1.940.058 VND/khách,15:05,02 thg 5,02 thg 5,16:10,1h 5m,"Phú Quốc (PQC)
Sân bay Phú Quốc",Hành lý xách tay 1 x 12 kg,Hành lý 23 kg,2025-04-27
Vietnam Airlines,PQC0226,1.970.028 VND/khách,10:25,02 thg 5,02 thg 5,11:25,1h 0m,"Phú Quốc (PQC)
Sân bay Phú Quốc",Hành lý xách tay 1 x 12 kg,Hành lý 23 kg,2025-04-27
Vietnam Airlines,PQC0248,2.010.987 VND/khách,13:00,02 thg 5,02 thg 5,14:00,1h 0m,"Phú Quốc (PQC)
Sân bay Phú Quốc",Hành lý xách tay 1 x 12 kg,Hành lý 23 kg,2025-04-27
Vietnam Airlines,PQC0203,2.014.983 VND/khách,08:10,02 thg 5,02 thg 5,08:55,45m,"Phú Quốc (PQC)
Sân bay Phú Quốc",Hành lý xách tay 1 x 12 kg,Hành lý 23 kg,2025-04-27
Bamboo Airways,PQC0003,1.245.267 VND/khách,16:30,03 thg 5,03 thg 5,17:30,1h 0m,"Phú Quốc (PQC)
Sân bay Phú Quốc",Hành lý xách tay 7 kg,Hành lý 0 kg,2025-04-27
VietJet Air,PQC0037,1.175.000 VND/khách,08:25,03 thg 5,03 thg 5,09:30,1h 5m,"Phú Quốc (PQC)
Sân bay Phú Quốc",Hành lý xách tay 7 kg,Hành lý 0 kg,2025-04-27
Vietravel Airlines,PQC0324,1.209.968 VND/khách,17:25,03 thg 5,03 thg 5,18:25,1h 0m,"Phú Quốc (PQC)
Sân bay Phú Quốc",Hành lý xách tay 7 kg,Hành lý 0 kg,2025-04-27
Vietnam Airlines,PQC0168,1.259.739 VND/khách,05:25,03 thg 5,03 thg 5,06:20,55m,"Phú Quốc (PQC)
Sân bay Phú Quốc",Hành lý xách tay 1 x 12 kg,Hành lý 23 kg,2025-04-27
Vietnam Airlines,PQC0290,1.382.616 VND/khách,16:25,03 thg 5,03 thg 5,17:25,1h 0m,"Phú Quốc (PQC)
Sân bay Phú Quốc",Hành lý xách tay 1 x 12 kg,Hành lý 23 kg,2025-04-27
Vietnam Airlines,PQC0183,1.390.608 VND/khách,05:40,03 thg 5,03 thg 5,06:40,1h 0m,"Phú Quốc (PQC)
Sân bay Phú Quốc",Hành lý xách tay 1 x 12 kg,Hành lý 23 kg,2025-04-27
Vietnam Airlines,PQC0303,1.390.608 VND/khách,19:45,03 thg 5,03 thg 5,20:45,1h 0m,"Phú Quốc (PQC)
Sân bay Phú Quốc",Hành lý xách tay 1 x 12 kg,Hành lý 23 kg,2025-04-27
Vietnam Airlines,PQC0293,1.394.604 VND/khách,17:25,03 thg 5,03 thg 5,18:25,1h 0m,"Phú Quốc (PQC)
Sân bay Phú Quốc",Hành lý xách tay 1 x 12 kg,Hành lý 23 kg,2025-04-27
VietJet Air,PQC0018,1.433.000 VND/khách,05:55,03 thg 5,03 thg 5,06:55,1h 0m,"Phú Quốc (PQC)
Sân bay Phú Quốc",Hành lý xách tay 7 kg,Hành lý 0 kg,2025-04-27
VietJet Air,PQC0133,1.433.000 VND/khách,17:10,03 thg 5,03 thg 5,18:15,1h 5m,"Phú Quốc (PQC)
Sân bay Phú Quốc",Hành lý xách tay 7 kg,Hành lý 0 kg,2025-04-27
Vietnam Airlines,PQC0306,1.495.503 VND/khách,20:20,03 thg 5,03 thg 5,21:20,1h 0m,"Phú Quốc (PQC)
Sân bay Phú Quốc",Hành lý xách tay 1 x 12 kg,Hành lý 23 kg,2025-04-27
Vietnam Airlines,PQC0247,1.495.503 VND/khách,12:20,03 thg 5,03 thg 5,13:25,1h 5m,"Phú Quốc (PQC)
Sân bay Phú Quốc",Hành lý xách tay 1 x 12 kg,Hành lý 23 kg,2025-04-27
Vietnam Airlines,PQC0204,1.575.423 VND/khách,08:10,03 thg 5,03 thg 5,08:55,45m,"Phú Quốc (PQC)
Sân bay Phú Quốc",Hành lý xách tay 1 x 12 kg,Hành lý 23 kg,2025-04-27
Vietnam Airlines,PQC0270,1.575.423 VND/khách,15:05,03 thg 5,03 thg 5,16:10,1h 5m,"Phú Quốc (PQC)
Sân bay Phú Quốc",Hành lý xách tay 1 x 12 kg,Hành lý 23 kg,2025-04-27
VietJet Air,PQC0089,1.590.000 VND/khách,14:05,03 thg 5,03 thg 5,15:05,1h 0m,"Phú Quốc (PQC)
Sân bay Phú Quốc",Hành lý xách tay 7 kg,Hành lý 0 kg,2025-04-27
VietJet Air,PQC0110,1.707.000 VND/khách,15:40,03 thg 5,03 thg 5,16:40,1h 0m,"Phú Quốc (PQC)
Sân bay Phú Quốc",Hành lý xách tay 7 kg,Hành lý 0 kg,2025-04-27
VietJet Air,PQC0043,1.819.000 VND/khách,09:20,03 thg 5,03 thg 5,10:20,1h 0m,"Phú Quốc (PQC)
Sân bay Phú Quốc",Hành lý xách tay 7 kg,Hành lý 0 kg,2025-04-27
VietJet Air,PQC0067,1.819.000 VND/khách,11:35,03 thg 5,03 thg 5,12:35,1h 0m,"Phú Quốc (PQC)
Sân bay Phú Quốc",Hành lý xách tay 7 kg,Hành lý 0 kg,2025-04-27
Vietnam Airlines,PQC0227,1.925.073 VND/khách,10:25,03 thg 5,03 thg 5,11:25,1h 0m,"Phú Quốc (PQC)
Sân bay Phú Quốc",Hành lý xách tay 1 x 12 kg,Hành lý 23 kg,2025-04-27
Vietnam Airlines,PQC0252,1.948.050 VND/khách,13:05,03 thg 5,03 thg 5,14:00,55m,"Phú Quốc (PQC)
Sân bay Phú Quốc",Hành lý xách tay 1 x 12 kg,Hành lý 23 kg,2025-04-27
Bamboo Airways,PQC0004,1.332.977 VND/khách,16:30,04 thg 5,04 thg 5,17:30,1h 0m,"Phú Quốc (PQC)
Sân bay Phú Quốc",Hành lý xách tay 7 kg,Hành lý 0 kg,2025-04-27
VietJet Air,PQC0019,1.066.000 VND/khách,05:55,04 thg 5,04 thg 5,06:55,1h 0m,"Phú Quốc (PQC)
Sân bay Phú Quốc",Hành lý xách tay 7 kg,Hành lý 0 kg,2025-04-27
Vietnam Airlines,PQC0162,1.165.833 VND/khách,05:10,04 thg 5,04 thg 5,06:10,1h 0m,"Phú Quốc (PQC)
Sân bay Phú Quốc",Hành lý xách tay 1 x 12 kg,Hành lý 23 kg,2025-04-27
Vietnam Airlines,PQC0184,1.165.833 VND/khách,05:40,04 thg 5,04 thg 5,06:40,1h 0m,"Phú Quốc (PQC)
Sân bay Phú Quốc",Hành lý xách tay 1 x 12 kg,Hành lý 23 kg,2025-04-27
Vietnam Airlines,PQC0294,1.165.833 VND/khách,17:25,04 thg 5,04 thg 5,18:25,1h 0m,"Phú Quốc (PQC)
Sân bay Phú Quốc",Hành lý xách tay 1 x 12 kg,Hành lý 23 kg,2025-04-27
Vietnam Airlines,PQC0317,1.165.833 VND/khách,20:25,04 thg 5,04 thg 5,21:25,1h 0m,"Phú Quốc (PQC)
Sân bay Phú Quốc",Hành lý xách tay 1 x 12 kg,Hành lý 23 kg,2025-04-27
Vietnam Airlines,PQC0320,1.165.833 VND/khách,21:00,04 thg 5,04 thg 5,22:00,1h 0m,"Phú Quốc (PQC)
Sân bay Phú Quốc",Hành lý xách tay 1 x 12 kg,Hành lý 23 kg,2025-04-27
VietJet Air,PQC0090,1.175.000 VND/khách,14:05,04 thg 5,04 thg 5,15:05,1h 0m,"Phú Quốc (PQC)
Sân bay Phú Quốc",Hành lý xách tay 7 kg,Hành lý 0 kg,2025-04-27
VietJet Air,PQC0111,1.175.000 VND/khách,15:40,04 thg 5,04 thg 5,16:40,1h 0m,"Phú Quốc (PQC)
Sân bay Phú Quốc",Hành lý xách tay 7 kg,Hành lý 0 kg,2025-04-27
VietJet Air,PQC0134,1.175.000 VND/khách,17:10,04 thg 5,04 thg 5,18:15,1h 5m,"Phú Quốc (PQC)
Sân bay Phú Quốc",Hành lý xách tay 7 kg,Hành lý 0 kg,2025-04-27
Vietnam Airlines,PQC0271,1.255.743 VND/khách,15:05,04 thg 5,04 thg 5,16:10,1h 5m,"Phú Quốc (PQC)
Sân bay Phú Quốc",Hành lý xách tay 1 x 12 kg,Hành lý 23 kg,2025-04-27
VietJet Air,PQC0044,1.310.000 VND/khách,09:20,04 thg 5,04 thg 5,10:20,1h 0m,"Phú Quốc (PQC)
Sân bay Phú Quốc",Hành lý xách tay 7 kg,Hành lý 0 kg,2025-04-27
VietJet Air,PQC0068,1.310.000 VND/khách,11:35,04 thg 5,04 thg 5,12:35,1h 0m,"Phú Quốc (PQC)
Sân bay Phú Quốc",Hành lý xách tay 7 kg,Hành lý 0 kg,2025-04-27
Bamboo Airways,PQC0004,1.332.977 VND/khách,16:30,04 thg 5,04 thg 5,17:30,1h 0m,"Phú Quốc (PQC)
Sân bay Phú Quốc",Hành lý xách tay 7 kg,Hành lý 0 kg,2025-04-27
Vietnam Airlines,PQC0205,1.390.608 VND/khách,08:10,04 thg 5,04 thg 5,08:55,45m,"Phú Quốc (PQC)
Sân bay Phú Quốc",Hành lý xách tay 1 x 12 kg,Hành lý 23 kg,2025-04-27
Vietnam Airlines,PQC0228,1.575.423 VND/khách,10:25,04 thg 5,04 thg 5,11:25,1h 0m,"Phú Quốc (PQC)
Sân bay Phú Quốc",Hành lý xách tay 1 x 12 kg,Hành lý 23 kg,2025-04-27
Vietnam Airlines,PQC0253,1.704.294 VND/khách,13:05,04 thg 5,04 thg 5,14:00,55m,"Phú Quốc (PQC)
Sân bay Phú Quốc",Hành lý xách tay 1 x 12 kg,Hành lý 23 kg,2025-04-27
Vietravel Airlines,PQC0325,1.911.210 VND/khách,17:25,04 thg 5,04 thg 5,18:25,1h 0m,"Phú Quốc (PQC)
Sân bay Phú Quốc",Hành lý xách tay 7 kg,Hành lý 0 kg,2025-04-27
Bamboo Airways,PQC0005,869.953 VND/khách,16:30,05 thg 5,05 thg 5,17:30,1h 0m,"Phú Quốc (PQC)
Sân bay Phú Quốc",Hành lý xách tay 7 kg,Hành lý 0 kg,2025-04-27
Vietravel Airlines,PQC0326,746.130 VND/khách,17:25,05 thg 5,05 thg 5,18:25,1h 0m,"Phú Quốc (PQC)
Sân bay Phú Quốc",Hành lý xách tay 7 kg,Hành lý 0 kg,2025-04-27
VietJet Air,PQC0135,838.000 VND/khách,17:10,05 thg 5,05 thg 5,18:15,1h 5m,"Phú Quốc (PQC)
Sân bay Phú Quốc",Hành lý xách tay 7 kg,Hành lý 0 kg,2025-04-27
Vietnam Airlines,PQC0224,871.128 VND/khách,08:55,05 thg 5,05 thg 5,09:55,1h 0m,"Phú Quốc (PQC)
Sân bay Phú Quốc",Hành lý xách tay 1 x 12 kg,Hành lý 0 kg,2025-04-27
Vietnam Airlines,PQC0170,980.019 VND/khách,05:25,05 thg 5,05 thg 5,06:20,55m,"Phú Quốc (PQC)
Sân bay Phú Quốc",Hành lý xách tay 1 x 12 kg,Hành lý 0 kg,2025-04-27
VietJet Air,PQC0020,1.066.000 VND/khách,05:55,05 thg 5,05 thg 5,06:55,1h 0m,"Phú Quốc (PQC)
Sân bay Phú Quốc",Hành lý xách tay 7 kg,Hành lý 0 kg,2025-04-27
VietJet Air,PQC0112,1.066.000 VND/khách,15:40,05 thg 5,05 thg 5,16:40,1h 0m,"Phú Quốc (PQC)
Sân bay Phú Quốc",Hành lý xách tay 7 kg,Hành lý 0 kg,2025-04-27
VietJet Air,PQC0091,1.175.000 VND/khách,14:05,05 thg 5,05 thg 5,15:05,1h 0m,"Phú Quốc (PQC)
Sân bay Phú Quốc",Hành lý xách tay 7 kg,Hành lý 0 kg,2025-04-27
Vietnam Airlines,PQC0295,1.263.735 VND/khách,17:25,05 thg 5,05 thg 5,18:25,1h 0m,"Phú Quốc (PQC)
Sân bay Phú Quốc",Hành lý xách tay 1 x 12 kg,Hành lý 23 kg,2025-04-27
Vietnam Airlines,PQC0318,1.270.728 VND/khách,20:25,05 thg 5,05 thg 5,21:25,1h 0m,"Phú Quốc (PQC)
Sân bay Phú Quốc",Hành lý xách tay 1 x 12 kg,Hành lý 23 kg,2025-04-27
Vietnam Airlines,PQC0185,1.274.724 VND/khách,05:40,05 thg 5,05 thg 5,06:40,1h 0m,"Phú Quốc (PQC)
Sân bay Phú Quốc",Hành lý xách tay 1 x 12 kg,Hành lý 23 kg,2025-04-27
Vietnam Airlines,PQC0308,1.274.724 VND/khách,20:20,05 thg 5,05 thg 5,21:20,1h 0m,"Phú Quốc (PQC)
Sân bay Phú Quốc",Hành lý xách tay 1 x 12 kg,Hành lý 23 kg,2025-04-27
VietJet Air,PQC0045,1.310.000 VND/khách,09:20,05 thg 5,05 thg 5,10:20,1h 0m,"Phú Quốc (PQC)
Sân bay Phú Quốc",Hành lý xách tay 7 kg,Hành lý 0 kg,2025-04-27
VietJet Air,PQC0069,1.310.000 VND/khách,11:35,05 thg 5,05 thg 5,12:35,1h 0m,"Phú Quốc (PQC)
Sân bay Phú Quốc",Hành lý xách tay 7 kg,Hành lý 0 kg,2025-04-27
Vietnam Airlines,PQC0272,1.390.608 VND/khách,15:05,05 thg 5,05 thg 5,16:10,1h 5m,"Phú Quốc (PQC)
Sân bay Phú Quốc",Hành lý xách tay 1 x 12 kg,Hành lý 23 kg,2025-04-27
Vietnam Airlines,PQC0254,1.484.514 VND/khách,13:05,05 thg 5,05 thg 5,14:00,55m,"Phú Quốc (PQC)
Sân bay Phú Quốc",Hành lý xách tay 1 x 12 kg,Hành lý 23 kg,2025-04-27
Vietnam Airlines,PQC0206,1.575.423 VND/khách,08:10,05 thg 5,05 thg 5,08:55,45m,"Phú Quốc (PQC)
Sân bay Phú Quốc",Hành lý xách tay 1 x 12 kg,Hành lý 23 kg,2025-04-27
Vietnam Airlines,PQC0229,1.575.423 VND/khách,10:25,05 thg 5,05 thg 5,11:25,1h 0m,"Phú Quốc (PQC)
Sân bay Phú Quốc",Hành lý xách tay 1 x 12 kg,Hành lý 23 kg,2025-04-27
Vietravel Airlines,PQC0327,746.130 VND/khách,17:25,06 thg 5,06 thg 5,18:25,1h 0m,"Phú Quốc (PQC)
Sân bay Phú Quốc",Hành lý xách tay 7 kg,Hành lý 0 kg,2025-04-27
VietJet Air,PQC0136,834.000 VND/khách,17:10,06 thg 5,06 thg 5,18:15,1h 5m,"Phú Quốc (PQC)
Sân bay Phú Quốc",Hành lý xách tay 7 kg,Hành lý 0 kg,2025-04-27
VietJet Air,PQC0021,1.063.000 VND/khách,05:55,06 thg 5,06 thg 5,06:55,1h 0m,"Phú Quốc (PQC)
Sân bay Phú Quốc",Hành lý xách tay 7 kg,Hành lý 0 kg,2025-04-27
VietJet Air,PQC0113,1.063.000 VND/khách,15:40,06 thg 5,06 thg 5,16:40,1h 0m,"Phú Quốc (PQC)
Sân bay Phú Quốc",Hành lý xách tay 7 kg,Hành lý 0 kg,2025-04-27
VietJet Air,PQC0064,1.175.000 VND/khách,11:30,06 thg 5,06 thg 5,12:30,1h 0m,"Phú Quốc (PQC)
Sân bay Phú Quốc",Hành lý xách tay 7 kg,Hành lý 0 kg,2025-04-27
VietJet Air,PQC0070,1.175.000 VND/khách,11:35,06 thg 5,06 thg 5,12:35,1h 0m,"Phú Quốc (PQC)
Sân bay Phú Quốc",Hành lý xách tay 7 kg,Hành lý 0 kg,2025-04-27
VietJet Air,PQC0092,1.175.000 VND/khách,14:05,06 thg 5,06 thg 5,15:05,1h 0m,"Phú Quốc (PQC)
Sân bay Phú Quốc",Hành lý xách tay 7 kg,Hành lý 0 kg,2025-04-27
Vietnam Airlines,PQC0186,1.285.713 VND/khách,05:40,06 thg 5,06 thg 5,06:40,1h 0m,"Phú Quốc (PQC)
Sân bay Phú Quốc",Hành lý xách tay 1 x 12 kg,Hành lý 23 kg,2025-04-27
VietJet Air,PQC0046,1.313.000 VND/khách,09:20,06 thg 5,06 thg 5,10:20,1h 0m,"Phú Quốc (PQC)
Sân bay Phú Quốc",Hành lý xách tay 7 kg,Hành lý 0 kg,2025-04-27
Vietnam Airlines,PQC0273,1.386.612 VND/khách,15:05,06 thg 5,06 thg 5,16:10,1h 5m,"Phú Quốc (PQC)
Sân bay Phú Quốc",Hành lý xách tay 1 x 12 kg,Hành lý 23 kg,2025-04-27
Vietnam Airlines,PQC0255,1.483.515 VND/khách,13:05,06 thg 5,06 thg 5,14:00,55m,"Phú Quốc (PQC)
Sân bay Phú Quốc",Hành lý xách tay 1 x 12 kg,Hành lý 23 kg,2025-04-27
Vietnam Airlines,PQC0207,1.502.496 VND/khách,08:10,06 thg 5,06 thg 5,08:55,45m,"Phú Quốc (PQC)
Sân bay Phú Quốc",Hành lý xách tay 1 x 12 kg,Hành lý 23 kg,2025-04-27
Vietnam Airlines,PQC0230,1.575.423 VND/khách,10:25,06 thg 5,06 thg 5,11:25,1h 0m,"Phú Quốc (PQC)
Sân bay Phú Quốc",Hành lý xách tay 1 x 12 kg,Hành lý 23 kg,2025-04-27
Bamboo Airways,PQC0006,869.953 VND/khách,16:30,07 thg 5,07 thg 5,17:30,1h 0m,"Phú Quốc (PQC)
Sân bay Phú Quốc",Hành lý xách tay 7 kg,Hành lý 0 kg,2025-04-27
Vietravel Airlines,PQC0328,746.130 VND/khách,17:25,07 thg 5,07 thg 5,18:25,1h 0m,"Phú Quốc (PQC)
Sân bay Phú Quốc",Hành lý xách tay 7 kg,Hành lý 0 kg,2025-04-27
VietJet Air,PQC0137,820.000 VND/khách,17:10,07 thg 5,07 thg 5,18:15,1h 5m,"Phú Quốc (PQC)
Sân bay Phú Quốc",Hành lý xách tay 7 kg,Hành lý 0 kg,2025-04-27
VietJet Air,PQC0022,1.048.000 VND/khách,05:55,07 thg 5,07 thg 5,06:55,1h 0m,"Phú Quốc (PQC)
Sân bay Phú Quốc",Hành lý xách tay 7 kg,Hành lý 0 kg,2025-04-27
VietJet Air,PQC0114,1.048.000 VND/khách,15:40,07 thg 5,07 thg 5,16:40,1h 0m,"Phú Quốc (PQC)
Sân bay Phú Quốc",Hành lý xách tay 7 kg,Hành lý 0 kg,2025-04-27
VietJet Air,PQC0071,1.153.000 VND/khách,11:35,07 thg 5,07 thg 5,12:35,1h 0m,"Phú Quốc (PQC)
Sân bay Phú Quốc",Hành lý xách tay 7 kg,Hành lý 0 kg,2025-04-27
VietJet Air,PQC0093,1.153.000 VND/khách,14:05,07 thg 5,07 thg 5,15:05,1h 0m,"Phú Quốc (PQC)
Sân bay Phú Quốc",Hành lý xách tay 7 kg,Hành lý 0 kg,2025-04-27
Vietnam Airlines,PQC0187,1.277.721 VND/khách,05:40,07 thg 5,07 thg 5,06:40,1h 0m,"Phú Quốc (PQC)
Sân bay Phú Quốc",Hành lý xách tay 1 x 12 kg,Hành lý 23 kg,2025-04-27
VietJet Air,PQC0047,1.299.000 VND/khách,09:20,07 thg 5,07 thg 5,10:20,1h 0m,"Phú Quốc (PQC)
Sân bay Phú Quốc",Hành lý xách tay 7 kg,Hành lý 0 kg,2025-04-27
Vietnam Airlines,PQC0274,1.495.503 VND/khách,15:05,07 thg 5,07 thg 5,16:10,1h 5m,"Phú Quốc (PQC)
Sân bay Phú Quốc",Hành lý xách tay 1 x 12 kg,Hành lý 23 kg,2025-04-27
Vietnam Airlines,PQC0208,1.506.492 VND/khách,08:10,07 thg 5,07 thg 5,08:55,45m,"Phú Quốc (PQC)
Sân bay Phú Quốc",Hành lý xách tay 1 x 12 kg,Hành lý 23 kg,2025-04-27
Vietnam Airlines,PQC0231,1.575.423 VND/khách,10:25,07 thg 5,07 thg 5,11:25,1h 0m,"Phú Quốc (PQC)
Sân bay Phú Quốc",Hành lý xách tay 1 x 12 kg,Hành lý 23 kg,2025-04-27
Vietnam Airlines,PQC0256,1.787.211 VND/khách,13:05,07 thg 5,07 thg 5,14:00,55m,"Phú Quốc (PQC)
Sân bay Phú Quốc",Hành lý xách tay 1 x 12 kg,Hành lý 23 kg,2025-04-27
VietJet Air,PQC0023,1.066.000 VND/khách,05:55,08 thg 5,08 thg 5,06:55,1h 0m,"Phú Quốc (PQC)
Sân bay Phú Quốc",Hành lý xách tay 7 kg,Hành lý 0 kg,2025-04-27
Vietravel Airlines,PQC0329,1.135.155 VND/khách,17:25,08 thg 5,08 thg 5,18:25,1h 0m,"Phú Quốc (PQC)
Sân bay Phú Quốc",Hành lý xách tay 7 kg,Hành lý 0 kg,2025-04-27
VietJet Air,PQC0094,1.310.000 VND/khách,14:05,08 thg 5,08 thg 5,15:05,1h 0m,"Phú Quốc (PQC)
Sân bay Phú Quốc",Hành lý xách tay 7 kg,Hành lý 0 kg,2025-04-27
VietJet Air,PQC0115,1.310.000 VND/khách,15:40,08 thg 5,08 thg 5,16:40,1h 0m,"Phú Quốc (PQC)
Sân bay Phú Quốc",Hành lý xách tay 7 kg,Hành lý 0 kg,2025-04-27
VietJet Air,PQC0038,1.310.000 VND/khách,08:25,08 thg 5,08 thg 5,09:30,1h 5m,"Phú Quốc (PQC)
Sân bay Phú Quốc",Hành lý xách tay 7 kg,Hành lý 0 kg,2025-04-27
VietJet Air,PQC0138,1.310.000 VND/khách,17:10,08 thg 5,08 thg 5,18:15,1h 5m,"Phú Quốc (PQC)
Sân bay Phú Quốc",Hành lý xách tay 7 kg,Hành lý 0 kg,2025-04-27
VietJet Air,PQC0155,1.310.000 VND/khách,17:40,08 thg 5,08 thg 5,18:45,1h 5m,"Phú Quốc (PQC)
Sân bay Phú Quốc",Hành lý xách tay 7 kg,Hành lý 0 kg,2025-04-27
VietJet Air,PQC0048,1.321.000 VND/khách,09:20,08 thg 5,08 thg 5,10:20,1h 0m,"Phú Quốc (PQC)
Sân bay Phú Quốc",Hành lý xách tay 7 kg,Hành lý 0 kg,2025-04-27
Vietnam Airlines,PQC0188,1.390.608 VND/khách,05:40,08 thg 5,08 thg 5,06:40,1h 0m,"Phú Quốc (PQC)
Sân bay Phú Quốc",Hành lý xách tay 1 x 12 kg,Hành lý 23 kg,2025-04-27
VietJet Air,PQC0072,1.433.000 VND/khách,11:35,08 thg 5,08 thg 5,12:35,1h 0m,"Phú Quốc (PQC)
Sân bay Phú Quốc",Hành lý xách tay 7 kg,Hành lý 0 kg,2025-04-27
Vietnam Airlines,PQC0275,1.502.496 VND/khách,15:05,08 thg 5,08 thg 5,16:10,1h 5m,"Phú Quốc (PQC)
Sân bay Phú Quốc",Hành lý xách tay 1 x 12 kg,Hành lý 23 kg,2025-04-27
Vietnam Airlines,PQC0209,1.575.423 VND/khách,08:10,08 thg 5,08 thg 5,08:55,45m,"Phú Quốc (PQC)
Sân bay Phú Quốc",Hành lý xách tay 1 x 12 kg,Hành lý 23 kg,2025-04-27
Vietnam Airlines,PQC0257,1.575.423 VND/khách,13:05,08 thg 5,08 thg 5,14:00,55m,"Phú Quốc (PQC)
Sân bay Phú Quốc",Hành lý xách tay 1 x 12 kg,Hành lý 23 kg,2025-04-27
Vietnam Airlines,PQC0232,1.704.294 VND/khách,10:25,08 thg 5,08 thg 5,11:25,1h 0m,"Phú Quốc (PQC)
Sân bay Phú Quốc",Hành lý xách tay 1 x 12 kg,Hành lý 23 kg,2025-04-27
Bamboo Airways,PQC0007,1.420.686 VND/khách,16:30,09 thg 5,09 thg 5,17:30,1h 0m,"Phú Quốc (PQC)
Sân bay Phú Quốc",Hành lý xách tay 7 kg,Hành lý 0 kg,2025-04-27
Vietravel Airlines,PQC0330,1.135.155 VND/khách,17:25,09 thg 5,09 thg 5,18:25,1h 0m,"Phú Quốc (PQC)
Sân bay Phú Quốc",Hành lý xách tay 7 kg,Hành lý 0 kg,2025-04-27
VietJet Air,PQC0116,1.299.000 VND/khách,15:40,09 thg 5,09 thg 5,16:40,1h 0m,"Phú Quốc (PQC)
Sân bay Phú Quốc",Hành lý xách tay 7 kg,Hành lý 0 kg,2025-04-27
VietJet Air,PQC0139,1.299.000 VND/khách,17:10,09 thg 5,09 thg 5,18:15,1h 5m,"Phú Quốc (PQC)
Sân bay Phú Quốc",Hành lý xách tay 7 kg,Hành lý 0 kg,2025-04-27
VietJet Air,PQC0024,1.433.000 VND/khách,05:55,09 thg 5,09 thg 5,06:55,1h 0m,"Phú Quốc (PQC)
Sân bay Phú Quốc",Hành lý xách tay 7 kg,Hành lý 0 kg,2025-04-27
Vietnam Airlines,PQC0189,1.575.423 VND/khách,05:40,09 thg 5,09 thg 5,06:40,1h 0m,"Phú Quốc (PQC)
Sân bay Phú Quốc",Hành lý xách tay 1 x 12 kg,Hành lý 23 kg,2025-04-27
Vietnam Airlines,PQC0309,1.575.423 VND/khách,20:20,09 thg 5,09 thg 5,21:20,1h 0m,"Phú Quốc (PQC)
Sân bay Phú Quốc",Hành lý xách tay 1 x 12 kg,Hành lý 23 kg,2025-04-27
VietJet Air,PQC0095,1.590.000 VND/khách,14:05,09 thg 5,09 thg 5,15:05,1h 0m,"Phú Quốc (PQC)
Sân bay Phú Quốc",Hành lý xách tay 7 kg,Hành lý 0 kg,2025-04-27
Vietnam Airlines,PQC0276,1.701.297 VND/khách,15:05,09 thg 5,09 thg 5,16:10,1h 5m,"Phú Quốc (PQC)
Sân bay Phú Quốc",Hành lý xách tay 1 x 12 kg,Hành lý 23 kg,2025-04-27
VietJet Air,PQC0049,1.707.000 VND/khách,09:20,09 thg 5,09 thg 5,10:20,1h 0m,"Phú Quốc (PQC)
Sân bay Phú Quốc",Hành lý xách tay 7 kg,Hành lý 0 kg,2025-04-27
VietJet Air,PQC0073,1.707.000 VND/khách,11:35,09 thg 5,09 thg 5,12:35,1h 0m,"Phú Quốc (PQC)
Sân bay Phú Quốc",Hành lý xách tay 7 kg,Hành lý 0 kg,2025-04-27
Vietnam Airlines,PQC0249,1.783.215 VND/khách,13:00,09 thg 5,09 thg 5,14:00,1h 0m,"Phú Quốc (PQC)
Sân bay Phú Quốc",Hành lý xách tay 1 x 12 kg,Hành lý 23 kg,2025-04-27
Vietnam Airlines,PQC0233,1.944.054 VND/khách,10:25,09 thg 5,09 thg 5,11:25,1h 0m,"Phú Quốc (PQC)
Sân bay Phú Quốc",Hành lý xách tay 1 x 12 kg,Hành lý 23 kg,2025-04-27
Vietnam Airlines,PQC0210,2.006.991 VND/khách,08:10,09 thg 5,09 thg 5,08:55,45m,"Phú Quốc (PQC)
Sân bay Phú Quốc",Hành lý xách tay 1 x 12 kg,Hành lý 23 kg,2025-04-27
Vietravel Airlines,PQC0331,955.605 VND/khách,17:25,10 thg 5,10 thg 5,18:25,1h 0m,"Phú Quốc (PQC)
Sân bay Phú Quốc",Hành lý xách tay 7 kg,Hành lý 0 kg,2025-04-27
VietJet Air,PQC0140,1.153.000 VND/khách,17:10,10 thg 5,10 thg 5,18:15,1h 5m,"Phú Quốc (PQC)
Sân bay Phú Quốc",Hành lý xách tay 7 kg,Hành lý 0 kg,2025-04-27
VietJet Air,PQC0025,1.299.000 VND/khách,05:55,10 thg 5,10 thg 5,06:55,1h 0m,"Phú Quốc (PQC)
Sân bay Phú Quốc",Hành lý xách tay 7 kg,Hành lý 0 kg,2025-04-27
VietJet Air,PQC0096,1.299.000 VND/khách,14:05,10 thg 5,10 thg 5,15:05,1h 0m,"Phú Quốc (PQC)
Sân bay Phú Quốc",Hành lý xách tay 7 kg,Hành lý 0 kg,2025-04-27
VietJet Air,PQC0117,1.299.000 VND/khách,15:40,10 thg 5,10 thg 5,16:40,1h 0m,"Phú Quốc (PQC)
Sân bay Phú Quốc",Hành lý xách tay 7 kg,Hành lý 0 kg,2025-04-27
VietJet Air,PQC0074,1.433.000 VND/khách,11:35,10 thg 5,10 thg 5,12:35,1h 0m,"Phú Quốc (PQC)
Sân bay Phú Quốc",Hành lý xách tay 7 kg,Hành lý 0 kg,2025-04-27
Vietnam Airlines,PQC0277,1.502.496 VND/khách,15:05,10 thg 5,10 thg 5,16:10,1h 5m,"Phú Quốc (PQC)
Sân bay Phú Quốc",Hành lý xách tay 1 x 12 kg,Hành lý 23 kg,2025-04-27
Vietnam Airlines,PQC0258,1.575.423 VND/khách,13:05,10 thg 5,10 thg 5,14:00,55m,"Phú Quốc (PQC)
Sân bay Phú Quốc",Hành lý xách tay 1 x 12 kg,Hành lý 23 kg,2025-04-27
VietJet Air,PQC0050,1.590.000 VND/khách,09:20,10 thg 5,10 thg 5,10:20,1h 0m,"Phú Quốc (PQC)
Sân bay Phú Quốc",Hành lý xách tay 7 kg,Hành lý 0 kg,2025-04-27
Vietnam Airlines,PQC0234,1.888.110 VND/khách,10:25,10 thg 5,10 thg 5,11:25,1h 0m,"Phú Quốc (PQC)
Sân bay Phú Quốc",Hành lý xách tay 1 x 12 kg,Hành lý 23 kg,2025-04-27
Vietnam Airlines,PQC0190,1.891.107 VND/khách,05:40,10 thg 5,10 thg 5,06:40,1h 0m,"Phú Quốc (PQC)
Sân bay Phú Quốc",Hành lý xách tay 1 x 12 kg,Hành lý 23 kg,2025-04-27
Vietnam Airlines,PQC0211,1.921.252 VND/khách,08:10,10 thg 5,10 thg 5,08:55,45m,"Phú Quốc (PQC)
Sân bay Phú Quốc",Hành lý xách tay 1 x 12 kg,Hành lý 23 kg,2025-04-27
Bamboo Airways,PQC0008,869.953 VND/khách,16:30,11 thg 5,11 thg 5,17:30,1h 0m,"Phú Quốc (PQC)
Sân bay Phú Quốc",Hành lý xách tay 7 kg,Hành lý 0 kg,2025-04-27
Vietravel Airlines,PQC0332,694.260 VND/khách,17:25,11 thg 5,11 thg 5,18:25,1h 0m,"Phú Quốc (PQC)
Sân bay Phú Quốc",Hành lý xách tay 7 kg,Hành lý 0 kg,2025-04-27
VietJet Air,PQC0141,820.000 VND/khách,17:10,11 thg 5,11 thg 5,18:15,1h 5m,"Phú Quốc (PQC)
Sân bay Phú Quốc",Hành lý xách tay 7 kg,Hành lý 0 kg,2025-04-27
VietJet Air,PQC0118,838.000 VND/khách,15:40,11 thg 5,11 thg 5,16:40,1h 0m,"Phú Quốc (PQC)
Sân bay Phú Quốc",Hành lý xách tay 7 kg,Hành lý 0 kg,2025-04-27
VietJet Air,PQC0026,1.048.000 VND/khách,05:55,11 thg 5,11 thg 5,06:55,1h 0m,"Phú Quốc (PQC)
Sân bay Phú Quốc",Hành lý xách tay 7 kg,Hành lý 0 kg,2025-04-27
Vietnam Airlines,PQC0191,1.128.870 VND/khách,05:40,11 thg 5,11 thg 5,06:40,1h 0m,"Phú Quốc (PQC)
Sân bay Phú Quốc",Hành lý xách tay 1 x 12 kg,Hành lý 23 kg,2025-04-27
Vietnam Airlines,PQC0310,1.143.855 VND/khách,20:20,11 thg 5,11 thg 5,21:20,1h 0m,"Phú Quốc (PQC)
Sân bay Phú Quốc",Hành lý xách tay 1 x 12 kg,Hành lý 23 kg,2025-04-27
VietJet Air,PQC0075,1.153.000 VND/khách,11:35,11 thg 5,11 thg 5,12:35,1h 0m,"Phú Quốc (PQC)
Sân bay Phú Quốc",Hành lý xách tay 7 kg,Hành lý 0 kg,2025-04-27
VietJet Air,PQC0097,1.153.000 VND/khách,14:05,11 thg 5,11 thg 5,15:05,1h 0m,"Phú Quốc (PQC)
Sân bay Phú Quốc",Hành lý xách tay 7 kg,Hành lý 0 kg,2025-04-27
Vietnam Airlines,PQC0278,1.259.739 VND/khách,15:05,11 thg 5,11 thg 5,16:10,1h 5m,"Phú Quốc (PQC)
Sân bay Phú Quốc",Hành lý xách tay 1 x 12 kg,Hành lý 23 kg,2025-04-27
VietJet Air,PQC0051,1.299.000 VND/khách,09:20,11 thg 5,11 thg 5,10:20,1h 0m,"Phú Quốc (PQC)
Sân bay Phú Quốc",Hành lý xách tay 7 kg,Hành lý 0 kg,2025-04-27
Vietnam Airlines,PQC0259,1.379.619 VND/khách,13:05,11 thg 5,11 thg 5,14:00,55m,"Phú Quốc (PQC)
Sân bay Phú Quốc",Hành lý xách tay 1 x 12 kg,Hành lý 23 kg,2025-04-27
Vietnam Airlines,PQC0235,1.390.608 VND/khách,10:25,11 thg 5,11 thg 5,11:25,1h 0m,"Phú Quốc (PQC)
Sân bay Phú Quốc",Hành lý xách tay 1 x 12 kg,Hành lý 23 kg,2025-04-27
Vietnam Airlines,PQC0212,1.502.496 VND/khách,08:10,11 thg 5,11 thg 5,08:55,45m,"Phú Quốc (PQC)
Sân bay Phú Quốc",Hành lý xách tay 1 x 12 kg,Hành lý 23 kg,2025-04-27
Bamboo Airways,PQC0013,1.707.271 VND/khách,16:30,28 thg 4,28 thg 4,17:30,1h 0m,"Phú Quốc (PQC)
Sân bay Phú Quốc",Hành lý xách tay 7 kg,Hành lý 0 kg,2025-04-27
VietJet Air,PQC0034,1.328.000 VND/khách,05:55,28 thg 4,28 thg 4,06:55,1h 0m,"Phú Quốc (PQC)
Sân bay Phú Quốc",Hành lý xách tay 7 kg,Hành lý 0 kg,2025-04-27
Vietravel Airlines,PQC0340,1.462.335 VND/khách,17:25,28 thg 4,28 thg 4,18:25,1h 0m,"Phú Quốc (PQC)
Sân bay Phú Quốc",Hành lý xách tay 7 kg,Hành lý 0 kg,2025-04-27
VietJet Air,PQC0105,1.590.000 VND/khách,14:05,28 thg 4,28 thg 4,15:05,1h 0m,"Phú Quốc (PQC)
Sân bay Phú Quốc",Hành lý xách tay 7 kg,Hành lý 0 kg,2025-04-27
VietJet Air,PQC0149,1.590.000 VND/khách,17:10,28 thg 4,28 thg 4,18:15,1h 5m,"Phú Quốc (PQC)
Sân bay Phú Quốc",Hành lý xách tay 7 kg,Hành lý 0 kg,2025-04-27
VietJet Air,PQC0083,1.707.000 VND/khách,11:35,28 thg 4,28 thg 4,12:35,1h 0m,"Phú Quốc (PQC)
Sân bay Phú Quốc",Hành lý xách tay 7 kg,Hành lý 0 kg,2025-04-27
Vietnam Airlines,PQC0178,1.735.463 VND/khách,05:25,28 thg 4,28 thg 4,06:20,55m,"Phú Quốc (PQC)
Sân bay Phú Quốc",Hành lý xách tay 1 x 12 kg,Hành lý 23 kg,2025-04-27
Vietnam Airlines,PQC0199,1.735.463 VND/khách,05:40,28 thg 4,28 thg 4,06:40,1h 0m,"Phú Quốc (PQC)
Sân bay Phú Quốc",Hành lý xách tay 1 x 12 kg,Hành lý 23 kg,2025-04-27
VietJet Air,PQC0059,1.792.000 VND/khách,09:20,28 thg 4,28 thg 4,10:20,1h 0m,"Phú Quốc (PQC)
Sân bay Phú Quốc",Hành lý xách tay 7 kg,Hành lý 0 kg,2025-04-27
VietJet Air,PQC0126,1.792.000 VND/khách,15:40,28 thg 4,28 thg 4,16:40,1h 0m,"Phú Quốc (PQC)
Sân bay Phú Quốc",Hành lý xách tay 7 kg,Hành lý 0 kg,2025-04-27
Vietnam Airlines,PQC0221,2.040.458 VND/khách,08:10,28 thg 4,28 thg 4,08:55,45m,"Phú Quốc (PQC)
Sân bay Phú Quốc",Hành lý xách tay 1 x 12 kg,Hành lý 23 kg,2025-04-27
Vietnam Airlines,PQC0266,2.045.827 VND/khách,13:05,28 thg 4,28 thg 4,14:00,55m,"Phú Quốc (PQC)
Sân bay Phú Quốc",Hành lý xách tay 1 x 12 kg,Hành lý 23 kg,2025-04-27
Vietnam Airlines,PQC0314,2.045.827 VND/khách,20:20,28 thg 4,28 thg 4,21:20,1h 0m,"Phú Quốc (PQC)
Sân bay Phú Quốc",Hành lý xách tay 1 x 12 kg,Hành lý 23 kg,2025-04-27
Vietnam Airlines,PQC0286,2.045.827 VND/khách,15:05,28 thg 4,28 thg 4,16:10,1h 5m,"Phú Quốc (PQC)
Sân bay Phú Quốc",Hành lý xách tay 1 x 12 kg,Hành lý 23 kg,2025-04-27
VietJet Air,PQC0035,1.792.000 VND/khách,05:55,29 thg 4,29 thg 4,06:55,1h 0m,"Phú Quốc (PQC)
Sân bay Phú Quốc",Hành lý xách tay 7 kg,Hành lý 0 kg,2025-04-27
VietJet Air,PQC0040,1.792.000 VND/khách,08:25,29 thg 4,29 thg 4,09:30,1h 5m,"Phú Quốc (PQC)
Sân bay Phú Quốc",Hành lý xách tay 7 kg,Hành lý 0 kg,2025-04-27
VietJet Air,PQC0106,1.819.000 VND/khách,14:05,29 thg 4,29 thg 4,15:05,1h 0m,"Phú Quốc (PQC)
Sân bay Phú Quốc",Hành lý xách tay 7 kg,Hành lý 0 kg,2025-04-27
VietJet Air,PQC0127,1.819.000 VND/khách,15:40,29 thg 4,29 thg 4,16:40,1h 0m,"Phú Quốc (PQC)
Sân bay Phú Quốc",Hành lý xách tay 7 kg,Hành lý 0 kg,2025-04-27
Vietravel Airlines,PQC0341,1.840.388 VND/khách,17:25,29 thg 4,29 thg 4,18:25,1h 0m,"Phú Quốc (PQC)
Sân bay Phú Quốc",Hành lý xách tay 7 kg,Hành lý 0 kg,2025-04-27
Vietnam Airlines,PQC0200,1.844.291 VND/khách,05:40,29 thg 4,29 thg 4,06:40,1h 0m,"Phú Quốc (PQC)
Sân bay Phú Quốc",Hành lý xách tay 1 x 12 kg,Hành lý 23 kg,2025-04-27
VietJet Air,PQC0060,1.852.000 VND/khách,09:20,29 thg 4,29 thg 4,10:20,1h 0m,"Phú Quốc (PQC)
Sân bay Phú Quốc",Hành lý xách tay 7 kg,Hành lý 0 kg,2025-04-27
VietJet Air,PQC0084,1.852.000 VND/khách,11:35,29 thg 4,29 thg 4,12:35,1h 0m,"Phú Quốc (PQC)
Sân bay Phú Quốc",Hành lý xách tay 7 kg,Hành lý 0 kg,2025-04-27
VietJet Air,PQC0153,1.908.000 VND/khách,17:25,29 thg 4,29 thg 4,18:30,1h 5m,"Phú Quốc (PQC)
Sân bay Phú Quốc",Hành lý xách tay 7 kg,Hành lý 0 kg,2025-04-27
Vietnam Airlines,PQC0222,1.996.002 VND/khách,08:10,29 thg 4,29 thg 4,08:55,45m,"Phú Quốc (PQC)
Sân bay Phú Quốc",Hành lý xách tay 1 x 12 kg,Hành lý 23 kg,2025-04-27
Vietnam Airlines,PQC0246,2.010.987 VND/khách,12:10,29 thg 4,29 thg 4,13:10,1h 0m,"Phú Quốc (PQC)
Sân bay Phú Quốc",Hành lý xách tay 1 x 12 kg,Hành lý 23 kg,2025-04-27
Vietnam Airlines,PQC0299,2.010.987 VND/khách,17:25,29 thg 4,29 thg 4,18:25,1h 0m,"Phú Quốc (PQC)
Sân bay Phú Quốc",Hành lý xách tay 1 x 12 kg,Hành lý 23 kg,2025-04-27
Vietnam Airlines,PQC0316,1.996.002 VND/khách,20:20,30 thg 4,30 thg 4,21:25,1h 5m,"Phú Quốc (PQC)
Sân bay Phú Quốc",Hành lý xách tay 1 x 12 kg,Hành lý 23 kg,2025-04-27
Bamboo Airways,PQC0001,1.934.703 VND/khách,16:30,01 thg 5,01 thg 5,17:30,1h 0m,"Phú Quốc (PQC)
Sân bay Phú Quốc",Hành lý xách tay 7 kg,Hành lý 20 kg,2025-04-28
Vietravel Airlines,PQC0322,1.829.415 VND/khách,17:25,01 thg 5,01 thg 5,18:25,1h 0m,"Phú Quốc (PQC)
Sân bay Phú Quốc",Hành lý xách tay 7 kg,Hành lý 0 kg,2025-04-28
VietJet Air,PQC0131,1.897.000 VND/khách,17:10,01 thg 5,01 thg 5,18:15,1h 5m,"Phú Quốc (PQC)
Sân bay Phú Quốc",Hành lý xách tay 7 kg,Hành lý 0 kg,2025-04-28
VietJet Air,PQC0154,1.897.000 VND/khách,17:40,01 thg 5,01 thg 5,18:45,1h 5m,"Phú Quốc (PQC)
Sân bay Phú Quốc",Hành lý xách tay 7 kg,Hành lý 0 kg,2025-04-28
Vietnam Airlines,PQC0291,1.999.998 VND/khách,17:25,01 thg 5,01 thg 5,18:25,1h 0m,"Phú Quốc (PQC)
Sân bay Phú Quốc",Hành lý xách tay 1 x 12 kg,Hành lý 23 kg,2025-04-28
Vietnam Airlines,PQC0181,2.002.995 VND/khách,05:40,01 thg 5,01 thg 5,06:40,1h 0m,"Phú Quốc (PQC)
Sân bay Phú Quốc",Hành lý xách tay 1 x 12 kg,Hành lý 23 kg,2025-04-28
Bamboo Airways,PQC0002,1.608.343 VND/khách,16:30,02 thg 5,02 thg 5,17:30,1h 0m,"Phú Quốc (PQC)
Sân bay Phú Quốc",Hành lý xách tay 7 kg,Hành lý 0 kg,2025-04-28
Vietravel Airlines,PQC0323,1.084.634 VND/khách,17:25,02 thg 5,02 thg 5,18:25,1h 0m,"Phú Quốc (PQC)
Sân bay Phú Quốc",Hành lý xách tay 7 kg,Hành lý 0 kg,2025-04-28
Vietnam Airlines,PQC0201,1.482.516 VND/khách,07:00,02 thg 5,02 thg 5,08:05,1h 5m,"Phú Quốc (PQC)
Sân bay Phú Quốc",Hành lý xách tay 1 x 12 kg,Hành lý 23 kg,2025-04-28
Vietnam Airlines,PQC0301,1.486.512 VND/khách,19:20,02 thg 5,02 thg 5,20:20,1h 0m,"Phú Quốc (PQC)
Sân bay Phú Quốc",Hành lý xách tay 1 x 12 kg,Hành lý 23 kg,2025-04-28
Vietnam Airlines,PQC0292,1.497.501 VND/khách,17:25,02 thg 5,02 thg 5,18:25,1h 0m,"Phú Quốc (PQC)
Sân bay Phú Quốc",Hành lý xách tay 1 x 12 kg,Hành lý 23 kg,2025-04-28
Vietnam Airlines,PQC0305,1.567.431 VND/khách,20:20,02 thg 5,02 thg 5,21:20,1h 0m,"Phú Quốc (PQC)
Sân bay Phú Quốc",Hành lý xách tay 1 x 12 kg,Hành lý 23 kg,2025-04-28
VietJet Air,PQC0017,1.696.000 VND/khách,05:55,02 thg 5,02 thg 5,06:55,1h 0m,"Phú Quốc (PQC)
Sân bay Phú Quốc",Hành lý xách tay 7 kg,Hành lý 0 kg,2025-04-28
VietJet Air,PQC0132,1.696.000 VND/khách,17:10,02 thg 5,02 thg 5,18:15,1h 5m,"Phú Quốc (PQC)
Sân bay Phú Quốc",Hành lý xách tay 7 kg,Hành lý 0 kg,2025-04-28
Vietnam Airlines,PQC0182,1.698.300 VND/khách,05:40,02 thg 5,02 thg 5,06:40,1h 0m,"Phú Quốc (PQC)
Sân bay Phú Quốc",Hành lý xách tay 1 x 12 kg,Hành lý 23 kg,2025-04-28
VietJet Air,PQC0109,1.782.000 VND/khách,15:40,02 thg 5,02 thg 5,16:40,1h 0m,"Phú Quốc (PQC)
Sân bay Phú Quốc",Hành lý xách tay 7 kg,Hành lý 0 kg,2025-04-28
Vietnam Airlines,PQC0245,1.784.214 VND/khách,10:30,02 thg 5,02 thg 5,11:35,1h 5m,"Phú Quốc (PQC)
Sân bay Phú Quốc",Hành lý xách tay 1 x 12 kg,Hành lý 23 kg,2025-04-28
VietJet Air,PQC0088,1.808.000 VND/khách,14:05,02 thg 5,02 thg 5,15:05,1h 0m,"Phú Quốc (PQC)
Sân bay Phú Quốc",Hành lý xách tay 7 kg,Hành lý 0 kg,2025-04-28
VietJet Air,PQC0042,1.842.000 VND/khách,09:20,02 thg 5,02 thg 5,10:20,1h 0m,"Phú Quốc (PQC)
Sân bay Phú Quốc",Hành lý xách tay 7 kg,Hành lý 0 kg,2025-04-28
Vietnam Airlines,PQC0269,1.929.069 VND/khách,15:05,02 thg 5,02 thg 5,16:10,1h 5m,"Phú Quốc (PQC)
Sân bay Phú Quốc",Hành lý xách tay 1 x 12 kg,Hành lý 23 kg,2025-04-28
Vietnam Airlines,PQC0203,1.962.036 VND/khách,08:10,02 thg 5,02 thg 5,08:55,45m,"Phú Quốc (PQC)
Sân bay Phú Quốc",Hành lý xách tay 1 x 12 kg,Hành lý 23 kg,2025-04-28
Vietnam Airlines,PQC0226,1.996.002 VND/khách,10:25,02 thg 5,02 thg 5,11:25,1h 0m,"Phú Quốc (PQC)
Sân bay Phú Quốc",Hành lý xách tay 1 x 12 kg,Hành lý 23 kg,2025-04-28
Bamboo Airways,PQC0003,1.013.756 VND/khách,16:30,03 thg 5,03 thg 5,17:30,1h 0m,"Phú Quốc (PQC)
Sân bay Phú Quốc",Hành lý xách tay 7 kg,Hành lý 0 kg,2025-04-28
Vietravel Airlines,PQC0324,1.084.634 VND/khách,17:25,03 thg 5,03 thg 5,18:25,1h 0m,"Phú Quốc (PQC)
Sân bay Phú Quốc",Hành lý xách tay 7 kg,Hành lý 0 kg,2025-04-28
VietJet Air,PQC0037,1.168.000 VND/khách,08:25,03 thg 5,03 thg 5,09:30,1h 5m,"Phú Quốc (PQC)
Sân bay Phú Quốc",Hành lý xách tay 7 kg,Hành lý 0 kg,2025-04-28
Vietnam Airlines,PQC0168,1.252.746 VND/khách,05:25,03 thg 5,03 thg 5,06:20,55m,"Phú Quốc (PQC)
Sân bay Phú Quốc",Hành lý xách tay 1 x 12 kg,Hành lý 23 kg,2025-04-28
Vietnam Airlines,PQC0290,1.356.642 VND/khách,16:25,03 thg 5,03 thg 5,17:25,1h 0m,"Phú Quốc (PQC)
Sân bay Phú Quốc",Hành lý xách tay 1 x 12 kg,Hành lý 23 kg,2025-04-28
Vietnam Airlines,PQC0183,1.378.620 VND/khách,05:40,03 thg 5,03 thg 5,06:40,1h 0m,"Phú Quốc (PQC)
Sân bay Phú Quốc",Hành lý xách tay 1 x 12 kg,Hành lý 23 kg,2025-04-28
Vietnam Airlines,PQC0303,1.378.620 VND/khách,19:45,03 thg 5,03 thg 5,20:45,1h 0m,"Phú Quốc (PQC)
Sân bay Phú Quốc",Hành lý xách tay 1 x 12 kg,Hành lý 23 kg,2025-04-28
Vietnam Airlines,PQC0293,1.382.616 VND/khách,17:25,03 thg 5,03 thg 5,18:25,1h 0m,"Phú Quốc (PQC)
Sân bay Phú Quốc",Hành lý xách tay 1 x 12 kg,Hành lý 23 kg,2025-04-28
VietJet Air,PQC0018,1.425.000 VND/khách,05:55,03 thg 5,03 thg 5,06:55,1h 0m,"Phú Quốc (PQC)
Sân bay Phú Quốc",Hành lý xách tay 7 kg,Hành lý 0 kg,2025-04-28
VietJet Air,PQC0133,1.425.000 VND/khách,17:10,03 thg 5,03 thg 5,18:15,1h 5m,"Phú Quốc (PQC)
Sân bay Phú Quốc",Hành lý xách tay 7 kg,Hành lý 0 kg,2025-04-28
Vietnam Airlines,PQC0247,1.464.534 VND/khách,12:20,03 thg 5,03 thg 5,13:25,1h 5m,"Phú Quốc (PQC)
Sân bay Phú Quốc",Hành lý xách tay 1 x 12 kg,Hành lý 23 kg,2025-04-28
Vietnam Airlines,PQC0306,1.467.531 VND/khách,20:20,03 thg 5,03 thg 5,21:20,1h 0m,"Phú Quốc (PQC)
Sân bay Phú Quốc",Hành lý xách tay 1 x 12 kg,Hành lý 23 kg,2025-04-28
Vietnam Airlines,PQC0204,1.567.431 VND/khách,08:10,03 thg 5,03 thg 5,08:55,45m,"Phú Quốc (PQC)
Sân bay Phú Quốc",Hành lý xách tay 1 x 12 kg,Hành lý 23 kg,2025-04-28
Vietnam Airlines,PQC0270,1.567.431 VND/khách,15:05,03 thg 5,03 thg 5,16:10,1h 5m,"Phú Quốc (PQC)
Sân bay Phú Quốc",Hành lý xách tay 1 x 12 kg,Hành lý 23 kg,2025-04-28
VietJet Air,PQC0089,1.581.000 VND/khách,14:05,03 thg 5,03 thg 5,15:05,1h 0m,"Phú Quốc (PQC)
Sân bay Phú Quốc",Hành lý xách tay 7 kg,Hành lý 0 kg,2025-04-28
VietJet Air,PQC0110,1.696.000 VND/khách,15:40,03 thg 5,03 thg 5,16:40,1h 0m,"Phú Quốc (PQC)
Sân bay Phú Quốc",Hành lý xách tay 7 kg,Hành lý 0 kg,2025-04-28
VietJet Air,PQC0043,1.808.000 VND/khách,09:20,03 thg 5,03 thg 5,10:20,1h 0m,"Phú Quốc (PQC)
Sân bay Phú Quốc",Hành lý xách tay 7 kg,Hành lý 0 kg,2025-04-28
VietJet Air,PQC0067,1.808.000 VND/khách,11:35,03 thg 5,03 thg 5,12:35,1h 0m,"Phú Quốc (PQC)
Sân bay Phú Quốc",Hành lý xách tay 7 kg,Hành lý 0 kg,2025-04-28
Vietnam Airlines,PQC0227,1.914.084 VND/khách,10:25,03 thg 5,03 thg 5,11:25,1h 0m,"Phú Quốc (PQC)
Sân bay Phú Quốc",Hành lý xách tay 1 x 12 kg,Hành lý 23 kg,2025-04-28
Vietnam Airlines,PQC0252,1.933.065 VND/khách,13:05,03 thg 5,03 thg 5,14:00,55m,"Phú Quốc (PQC)
Sân bay Phú Quốc",Hành lý xách tay 1 x 12 kg,Hành lý 23 kg,2025-04-28
Bamboo Airways,PQC0004,1.167.757 VND/khách,16:30,04 thg 5,04 thg 5,17:30,1h 0m,"Phú Quốc (PQC)
Sân bay Phú Quốc",Hành lý xách tay 7 kg,Hành lý 0 kg,2025-04-28
VietJet Air,PQC0019,1.056.000 VND/khách,05:55,04 thg 5,04 thg 5,06:55,1h 0m,"Phú Quốc (PQC)
Sân bay Phú Quốc",Hành lý xách tay 7 kg,Hành lý 0 kg,2025-04-28
Vietnam Airlines,PQC0162,1.159.839 VND/khách,05:10,04 thg 5,04 thg 5,06:10,1h 0m,"Phú Quốc (PQC)
Sân bay Phú Quốc",Hành lý xách tay 1 x 12 kg,Hành lý 23 kg,2025-04-28
Vietnam Airlines,PQC0317,1.159.839 VND/khách,20:25,04 thg 5,04 thg 5,21:25,1h 0m,"Phú Quốc (PQC)
Sân bay Phú Quốc",Hành lý xách tay 1 x 12 kg,Hành lý 23 kg,2025-04-28
VietJet Air,PQC0111,1.168.000 VND/khách,15:40,04 thg 5,04 thg 5,16:40,1h 0m,"Phú Quốc (PQC)
Sân bay Phú Quốc",Hành lý xách tay 7 kg,Hành lý 0 kg,2025-04-28
VietJet Air,PQC0134,1.168.000 VND/khách,17:10,04 thg 5,04 thg 5,18:15,1h 5m,"Phú Quốc (PQC)
Sân bay Phú Quốc",Hành lý xách tay 7 kg,Hành lý 0 kg,2025-04-28
Vietnam Airlines,PQC0184,1.229.769 VND/khách,05:40,04 thg 5,04 thg 5,06:40,1h 0m,"Phú Quốc (PQC)
Sân bay Phú Quốc",Hành lý xách tay 1 x 12 kg,Hành lý 23 kg,2025-04-28
Vietnam Airlines,PQC0320,1.240.758 VND/khách,21:00,04 thg 5,04 thg 5,22:00,1h 0m,"Phú Quốc (PQC)
Sân bay Phú Quốc",Hành lý xách tay 1 x 12 kg,Hành lý 23 kg,2025-04-28
Vietnam Airlines,PQC0294,1.294.704 VND/khách,17:25,04 thg 5,04 thg 5,18:25,1h 0m,"Phú Quốc (PQC)
Sân bay Phú Quốc",Hành lý xách tay 1 x 12 kg,Hành lý 23 kg,2025-04-28
VietJet Air,PQC0090,1.306.000 VND/khách,14:05,04 thg 5,04 thg 5,15:05,1h 0m,"Phú Quốc (PQC)
Sân bay Phú Quốc",Hành lý xách tay 7 kg,Hành lý 0 kg,2025-04-28
VietJet Air,PQC0044,1.309.000 VND/khách,09:20,04 thg 5,04 thg 5,10:20,1h 0m,"Phú Quốc (PQC)
Sân bay Phú Quốc",Hành lý xách tay 7 kg,Hành lý 0 kg,2025-04-28
VietJet Air,PQC0068,1.309.000 VND/khách,11:35,04 thg 5,04 thg 5,12:35,1h 0m,"Phú Quốc (PQC)
Sân bay Phú Quốc",Hành lý xách tay 7 kg,Hành lý 0 kg,2025-04-28
Vietnam Airlines,PQC0205,1.378.620 VND/khách,08:10,04 thg 5,04 thg 5,08:55,45m,"Phú Quốc (PQC)
Sân bay Phú Quốc",Hành lý xách tay 1 x 12 kg,Hành lý 23 kg,2025-04-28
Vietnam Airlines,PQC0271,1.408.590 VND/khách,15:05,04 thg 5,04 thg 5,16:10,1h 5m,"Phú Quốc (PQC)
Sân bay Phú Quốc",Hành lý xách tay 1 x 12 kg,Hành lý 23 kg,2025-04-28
Vietnam Airlines,PQC0228,1.567.431 VND/khách,10:25,04 thg 5,04 thg 5,11:25,1h 0m,"Phú Quốc (PQC)
Sân bay Phú Quốc",Hành lý xách tay 1 x 12 kg,Hành lý 23 kg,2025-04-28
Vietnam Airlines,PQC0253,1.687.311 VND/khách,13:05,04 thg 5,04 thg 5,14:00,55m,"Phú Quốc (PQC)
Sân bay Phú Quốc",Hành lý xách tay 1 x 12 kg,Hành lý 23 kg,2025-04-28
Vietravel Airlines,PQC0325,1.900.238 VND/khách,17:25,04 thg 5,04 thg 5,18:25,1h 0m,"Phú Quốc (PQC)
Sân bay Phú Quốc",Hành lý xách tay 7 kg,Hành lý 0 kg,2025-04-28
Bamboo Airways,PQC0005,1.167.757 VND/khách,16:30,05 thg 5,05 thg 5,17:30,1h 0m,"Phú Quốc (PQC)
Sân bay Phú Quốc",Hành lý xách tay 7 kg,Hành lý 0 kg,2025-04-28
Vietravel Airlines,PQC0326,767.683 VND/khách,17:25,05 thg 5,05 thg 5,18:25,1h 0m,"Phú Quốc (PQC)
Sân bay Phú Quốc",Hành lý xách tay 7 kg,Hành lý 0 kg,2025-04-28
VietJet Air,PQC0135,829.000 VND/khách,17:10,05 thg 5,05 thg 5,18:15,1h 5m,"Phú Quốc (PQC)
Sân bay Phú Quốc",Hành lý xách tay 7 kg,Hành lý 0 kg,2025-04-28
Vietnam Airlines,PQC0224,903.096 VND/khách,08:55,05 thg 5,05 thg 5,09:55,1h 0m,"Phú Quốc (PQC)
Sân bay Phú Quốc",Hành lý xách tay 1 x 12 kg,Hành lý 0 kg,2025-04-28
Vietnam Airlines,PQC0170,973.026 VND/khách,05:25,05 thg 5,05 thg 5,06:20,55m,"Phú Quốc (PQC)
Sân bay Phú Quốc",Hành lý xách tay 1 x 12 kg,Hành lý 0 kg,2025-04-28
VietJet Air,PQC0112,1.056.000 VND/khách,15:40,05 thg 5,05 thg 5,16:40,1h 0m,"Phú Quốc (PQC)
Sân bay Phú Quốc",Hành lý xách tay 7 kg,Hành lý 0 kg,2025-04-28
VietJet Air,PQC0020,1.060.000 VND/khách,05:55,05 thg 5,05 thg 5,06:55,1h 0m,"Phú Quốc (PQC)
Sân bay Phú Quốc",Hành lý xách tay 7 kg,Hành lý 0 kg,2025-04-28
VietJet Air,PQC0091,1.168.000 VND/khách,14:05,05 thg 5,05 thg 5,15:05,1h 0m,"Phú Quốc (PQC)
Sân bay Phú Quốc",Hành lý xách tay 7 kg,Hành lý 0 kg,2025-04-28
Vietnam Airlines,PQC0185,1.229.769 VND/khách,05:40,05 thg 5,05 thg 5,06:40,1h 0m,"Phú Quốc (PQC)
Sân bay Phú Quốc",Hành lý xách tay 1 x 12 kg,Hành lý 23 kg,2025-04-28
Vietnam Airlines,PQC0295,1.266.732 VND/khách,17:25,05 thg 5,05 thg 5,18:25,1h 0m,"Phú Quốc (PQC)
Sân bay Phú Quốc",Hành lý xách tay 1 x 12 kg,Hành lý 23 kg,2025-04-28
Vietnam Airlines,PQC0308,1.266.732 VND/khách,20:20,05 thg 5,05 thg 5,21:20,1h 0m,"Phú Quốc (PQC)
Sân bay Phú Quốc",Hành lý xách tay 1 x 12 kg,Hành lý 23 kg,2025-04-28
Vietnam Airlines,PQC0318,1.266.732 VND/khách,20:25,05 thg 5,05 thg 5,21:25,1h 0m,"Phú Quốc (PQC)
Sân bay Phú Quốc",Hành lý xách tay 1 x 12 kg,Hành lý 23 kg,2025-04-28
VietJet Air,PQC0069,1.306.000 VND/khách,11:35,05 thg 5,05 thg 5,12:35,1h 0m,"Phú Quốc (PQC)
Sân bay Phú Quốc",Hành lý xách tay 7 kg,Hành lý 0 kg,2025-04-28
VietJet Air,PQC0045,1.309.000 VND/khách,09:20,05 thg 5,05 thg 5,10:20,1h 0m,"Phú Quốc (PQC)
Sân bay Phú Quốc",Hành lý xách tay 7 kg,Hành lý 0 kg,2025-04-28
Vietnam Airlines,PQC0272,1.386.612 VND/khách,15:05,05 thg 5,05 thg 5,16:10,1h 5m,"Phú Quốc (PQC)
Sân bay Phú Quốc",Hành lý xách tay 1 x 12 kg,Hành lý 23 kg,2025-04-28
Vietnam Airlines,PQC0254,1.497.501 VND/khách,13:05,05 thg 5,05 thg 5,14:00,55m,"Phú Quốc (PQC)
Sân bay Phú Quốc",Hành lý xách tay 1 x 12 kg,Hành lý 23 kg,2025-04-28
Vietnam Airlines,PQC0206,1.567.431 VND/khách,08:10,05 thg 5,05 thg 5,08:55,45m,"Phú Quốc (PQC)
Sân bay Phú Quốc",Hành lý xách tay 1 x 12 kg,Hành lý 23 kg,2025-04-28
Vietnam Airlines,PQC0229,1.567.431 VND/khách,10:25,05 thg 5,05 thg 5,11:25,1h 0m,"Phú Quốc (PQC)
Sân bay Phú Quốc",Hành lý xách tay 1 x 12 kg,Hành lý 23 kg,2025-04-28
Vietravel Airlines,PQC0327,767.683 VND/khách,17:25,06 thg 5,06 thg 5,18:25,1h 0m,"Phú Quốc (PQC)
Sân bay Phú Quốc",Hành lý xách tay 7 kg,Hành lý 0 kg,2025-04-28
VietJet Air,PQC0136,829.000 VND/khách,17:10,06 thg 5,06 thg 5,18:15,1h 5m,"Phú Quốc (PQC)
Sân bay Phú Quốc",Hành lý xách tay 7 kg,Hành lý 0 kg,2025-04-28
VietJet Air,PQC0021,1.056.000 VND/khách,05:55,06 thg 5,06 thg 5,06:55,1h 0m,"Phú Quốc (PQC)
Sân bay Phú Quốc",Hành lý xách tay 7 kg,Hành lý 0 kg,2025-04-28
VietJet Air,PQC0113,1.056.000 VND/khách,15:40,06 thg 5,06 thg 5,16:40,1h 0m,"Phú Quốc (PQC)
Sân bay Phú Quốc",Hành lý xách tay 7 kg,Hành lý 0 kg,2025-04-28
VietJet Air,PQC0064,1.168.000 VND/khách,11:30,06 thg 5,06 thg 5,12:30,1h 0m,"Phú Quốc (PQC)
Sân bay Phú Quốc",Hành lý xách tay 7 kg,Hành lý 0 kg,2025-04-28
VietJet Air,PQC0070,1.168.000 VND/khách,11:35,06 thg 5,06 thg 5,12:35,1h 0m,"Phú Quốc (PQC)
Sân bay Phú Quốc",Hành lý xách tay 7 kg,Hành lý 0 kg,2025-04-28
VietJet Air,PQC0092,1.168.000 VND/khách,14:05,06 thg 5,06 thg 5,15:05,1h 0m,"Phú Quốc (PQC)
Sân bay Phú Quốc",Hành lý xách tay 7 kg,Hành lý 0 kg,2025-04-28
Vietnam Airlines,PQC0186,1.281.717 VND/khách,05:40,06 thg 5,06 thg 5,06:40,1h 0m,"Phú Quốc (PQC)
Sân bay Phú Quốc",Hành lý xách tay 1 x 12 kg,Hành lý 23 kg,2025-04-28
VietJet Air,PQC0046,1.306.000 VND/khách,09:20,06 thg 5,06 thg 5,10:20,1h 0m,"Phú Quốc (PQC)
Sân bay Phú Quốc",Hành lý xách tay 7 kg,Hành lý 0 kg,2025-04-28
Vietnam Airlines,PQC0273,1.386.612 VND/khách,15:05,06 thg 5,06 thg 5,16:10,1h 5m,"Phú Quốc (PQC)
Sân bay Phú Quốc",Hành lý xách tay 1 x 12 kg,Hành lý 23 kg,2025-04-28
Vietnam Airlines,PQC0207,1.467.531 VND/khách,08:10,06 thg 5,06 thg 5,08:55,45m,"Phú Quốc (PQC)
Sân bay Phú Quốc",Hành lý xách tay 1 x 12 kg,Hành lý 23 kg,2025-04-28
Vietnam Airlines,PQC0255,1.467.531 VND/khách,13:05,06 thg 5,06 thg 5,14:00,55m,"Phú Quốc (PQC)
Sân bay Phú Quốc",Hành lý xách tay 1 x 12 kg,Hành lý 23 kg,2025-04-28
Vietnam Airlines,PQC0230,1.567.431 VND/khách,10:25,06 thg 5,06 thg 5,11:25,1h 0m,"Phú Quốc (PQC)
Sân bay Phú Quốc",Hành lý xách tay 1 x 12 kg,Hành lý 23 kg,2025-04-28
Bamboo Airways,PQC0006,869.953 VND/khách,16:30,07 thg 5,07 thg 5,17:30,1h 0m,"Phú Quốc (PQC)
Sân bay Phú Quốc",Hành lý xách tay 7 kg,Hành lý 0 kg,2025-04-28
Vietravel Airlines,PQC0328,767.683 VND/khách,17:25,07 thg 5,07 thg 5,18:25,1h 0m,"Phú Quốc (PQC)
Sân bay Phú Quốc",Hành lý xách tay 7 kg,Hành lý 0 kg,2025-04-28
VietJet Air,PQC0137,829.000 VND/khách,17:10,07 thg 5,07 thg 5,18:15,1h 5m,"Phú Quốc (PQC)
Sân bay Phú Quốc",Hành lý xách tay 7 kg,Hành lý 0 kg,2025-04-28
VietJet Air,PQC0022,1.056.000 VND/khách,05:55,07 thg 5,07 thg 5,06:55,1h 0m,"Phú Quốc (PQC)
Sân bay Phú Quốc",Hành lý xách tay 7 kg,Hành lý 0 kg,2025-04-28
VietJet Air,PQC0114,1.056.000 VND/khách,15:40,07 thg 5,07 thg 5,16:40,1h 0m,"Phú Quốc (PQC)
Sân bay Phú Quốc",Hành lý xách tay 7 kg,Hành lý 0 kg,2025-04-28
VietJet Air,PQC0071,1.168.000 VND/khách,11:35,07 thg 5,07 thg 5,12:35,1h 0m,"Phú Quốc (PQC)
Sân bay Phú Quốc",Hành lý xách tay 7 kg,Hành lý 0 kg,2025-04-28
VietJet Air,PQC0093,1.168.000 VND/khách,14:05,07 thg 5,07 thg 5,15:05,1h 0m,"Phú Quốc (PQC)
Sân bay Phú Quốc",Hành lý xách tay 7 kg,Hành lý 0 kg,2025-04-28
Vietnam Airlines,PQC0187,1.270.728 VND/khách,05:40,07 thg 5,07 thg 5,06:40,1h 0m,"Phú Quốc (PQC)
Sân bay Phú Quốc",Hành lý xách tay 1 x 12 kg,Hành lý 23 kg,2025-04-28
VietJet Air,PQC0047,1.306.000 VND/khách,09:20,07 thg 5,07 thg 5,10:20,1h 0m,"Phú Quốc (PQC)
Sân bay Phú Quốc",Hành lý xách tay 7 kg,Hành lý 0 kg,2025-04-28
Vietnam Airlines,PQC0208,1.475.523 VND/khách,08:10,07 thg 5,07 thg 5,08:55,45m,"Phú Quốc (PQC)
Sân bay Phú Quốc",Hành lý xách tay 1 x 12 kg,Hành lý 23 kg,2025-04-28
Vietnam Airlines,PQC0231,1.567.431 VND/khách,10:25,07 thg 5,07 thg 5,11:25,1h 0m,"Phú Quốc (PQC)
Sân bay Phú Quốc",Hành lý xách tay 1 x 12 kg,Hành lý 23 kg,2025-04-28
Vietnam Airlines,PQC0274,1.567.431 VND/khách,15:05,07 thg 5,07 thg 5,16:10,1h 5m,"Phú Quốc (PQC)
Sân bay Phú Quốc",Hành lý xách tay 1 x 12 kg,Hành lý 23 kg,2025-04-28
Vietnam Airlines,PQC0256,1.758.240 VND/khách,13:05,07 thg 5,07 thg 5,14:00,55m,"Phú Quốc (PQC)
Sân bay Phú Quốc",Hành lý xách tay 1 x 12 kg,Hành lý 23 kg,2025-04-28
VietJet Air,PQC0023,1.060.000 VND/khách,05:55,08 thg 5,08 thg 5,06:55,1h 0m,"Phú Quốc (PQC)
Sân bay Phú Quốc",Hành lý xách tay 7 kg,Hành lý 0 kg,2025-04-28
Vietravel Airlines,PQC0329,1.163.871 VND/khách,17:25,08 thg 5,08 thg 5,18:25,1h 0m,"Phú Quốc (PQC)
Sân bay Phú Quốc",Hành lý xách tay 7 kg,Hành lý 0 kg,2025-04-28
VietJet Air,PQC0094,1.291.000 VND/khách,14:05,08 thg 5,08 thg 5,15:05,1h 0m,"Phú Quốc (PQC)
Sân bay Phú Quốc",Hành lý xách tay 7 kg,Hành lý 0 kg,2025-04-28
VietJet Air,PQC0115,1.291.000 VND/khách,15:40,08 thg 5,08 thg 5,16:40,1h 0m,"Phú Quốc (PQC)
Sân bay Phú Quốc",Hành lý xách tay 7 kg,Hành lý 0 kg,2025-04-28
VietJet Air,PQC0038,1.291.000 VND/khách,08:25,08 thg 5,08 thg 5,09:30,1h 5m,"Phú Quốc (PQC)
Sân bay Phú Quốc",Hành lý xách tay 7 kg,Hành lý 0 kg,2025-04-28
VietJet Air,PQC0138,1.291.000 VND/khách,17:10,08 thg 5,08 thg 5,18:15,1h 5m,"Phú Quốc (PQC)
Sân bay Phú Quốc",Hành lý xách tay 7 kg,Hành lý 0 kg,2025-04-28
VietJet Air,PQC0155,1.291.000 VND/khách,17:40,08 thg 5,08 thg 5,18:45,1h 5m,"Phú Quốc (PQC)
Sân bay Phú Quốc",Hành lý xách tay 7 kg,Hành lý 0 kg,2025-04-28
Vietnam Airlines,PQC0188,1.386.612 VND/khách,05:40,08 thg 5,08 thg 5,06:40,1h 0m,"Phú Quốc (PQC)
Sân bay Phú Quốc",Hành lý xách tay 1 x 12 kg,Hành lý 23 kg,2025-04-28
VietJet Air,PQC0048,1.425.000 VND/khách,09:20,08 thg 5,08 thg 5,10:20,1h 0m,"Phú Quốc (PQC)
Sân bay Phú Quốc",Hành lý xách tay 7 kg,Hành lý 0 kg,2025-04-28
VietJet Air,PQC0072,1.425.000 VND/khách,11:35,08 thg 5,08 thg 5,12:35,1h 0m,"Phú Quốc (PQC)
Sân bay Phú Quốc",Hành lý xách tay 7 kg,Hành lý 0 kg,2025-04-28
Vietnam Airlines,PQC0275,1.475.523 VND/khách,15:05,08 thg 5,08 thg 5,16:10,1h 5m,"Phú Quốc (PQC)
Sân bay Phú Quốc",Hành lý xách tay 1 x 12 kg,Hành lý 23 kg,2025-04-28
Vietnam Airlines,PQC0209,1.567.431 VND/khách,08:10,08 thg 5,08 thg 5,08:55,45m,"Phú Quốc (PQC)
Sân bay Phú Quốc",Hành lý xách tay 1 x 12 kg,Hành lý 23 kg,2025-04-28
Vietnam Airlines,PQC0257,1.567.431 VND/khách,13:05,08 thg 5,08 thg 5,14:00,55m,"Phú Quốc (PQC)
Sân bay Phú Quốc",Hành lý xách tay 1 x 12 kg,Hành lý 23 kg,2025-04-28
Vietnam Airlines,PQC0232,1.676.322 VND/khách,10:25,08 thg 5,08 thg 5,11:25,1h 0m,"Phú Quốc (PQC)
Sân bay Phú Quốc",Hành lý xách tay 1 x 12 kg,Hành lý 23 kg,2025-04-28
Bamboo Airways,PQC0007,1.420.686 VND/khách,16:30,09 thg 5,09 thg 5,17:30,1h 0m,"Phú Quốc (PQC)
Sân bay Phú Quốc",Hành lý xách tay 7 kg,Hành lý 0 kg,2025-04-28
Vietravel Airlines,PQC0330,1.163.871 VND/khách,17:25,09 thg 5,09 thg 5,18:25,1h 0m,"Phú Quốc (PQC)
Sân bay Phú Quốc",Hành lý xách tay 7 kg,Hành lý 0 kg,2025-04-28
VietJet Air,PQC0116,1.291.000 VND/khách,15:40,09 thg 5,09 thg 5,16:40,1h 0m,"Phú Quốc (PQC)
Sân bay Phú Quốc",Hành lý xách tay 7 kg,Hành lý 0 kg,2025-04-28
VietJet Air,PQC0139,1.291.000 VND/khách,17:10,09 thg 5,09 thg 5,18:15,1h 5m,"Phú Quốc (PQC)
Sân bay Phú Quốc",Hành lý xách tay 7 kg,Hành lý 0 kg,2025-04-28
VietJet Air,PQC0024,1.425.000 VND/khách,05:55,09 thg 5,09 thg 5,06:55,1h 0m,"Phú Quốc (PQC)
Sân bay Phú Quốc",Hành lý xách tay 7 kg,Hành lý 0 kg,2025-04-28
Vietnam Airlines,PQC0309,1.567.431 VND/khách,20:20,09 thg 5,09 thg 5,21:20,1h 0m,"Phú Quốc (PQC)
Sân bay Phú Quốc",Hành lý xách tay 1 x 12 kg,Hành lý 23 kg,2025-04-28
VietJet Air,PQC0095,1.581.000 VND/khách,14:05,09 thg 5,09 thg 5,15:05,1h 0m,"Phú Quốc (PQC)
Sân bay Phú Quốc",Hành lý xách tay 7 kg,Hành lý 0 kg,2025-04-28
Vietnam Airlines,PQC0189,1.665.632 VND/khách,05:40,09 thg 5,09 thg 5,06:40,1h 0m,"Phú Quốc (PQC)
Sân bay Phú Quốc",Hành lý xách tay 1 x 12 kg,Hành lý 23 kg,2025-04-28
Vietnam Airlines,PQC0276,1.683.315 VND/khách,15:05,09 thg 5,09 thg 5,16:10,1h 5m,"Phú Quốc (PQC)
Sân bay Phú Quốc",Hành lý xách tay 1 x 12 kg,Hành lý 23 kg,2025-04-28
VietJet Air,PQC0049,1.696.000 VND/khách,09:20,09 thg 5,09 thg 5,10:20,1h 0m,"Phú Quốc (PQC)
Sân bay Phú Quốc",Hành lý xách tay 7 kg,Hành lý 0 kg,2025-04-28
VietJet Air,PQC0073,1.696.000 VND/khách,11:35,09 thg 5,09 thg 5,12:35,1h 0m,"Phú Quốc (PQC)
Sân bay Phú Quốc",Hành lý xách tay 7 kg,Hành lý 0 kg,2025-04-28
Vietnam Airlines,PQC0249,1.761.237 VND/khách,13:00,09 thg 5,09 thg 5,14:00,1h 0m,"Phú Quốc (PQC)
Sân bay Phú Quốc",Hành lý xách tay 1 x 12 kg,Hành lý 23 kg,2025-04-28
Vietnam Airlines,PQC0233,1.925.073 VND/khách,10:25,09 thg 5,09 thg 5,11:25,1h 0m,"Phú Quốc (PQC)
Sân bay Phú Quốc",Hành lý xách tay 1 x 12 kg,Hành lý 23 kg,2025-04-28
Vietnam Airlines,PQC0210,1.996.002 VND/khách,08:10,09 thg 5,09 thg 5,08:55,45m,"Phú Quốc (PQC)
Sân bay Phú Quốc",Hành lý xách tay 1 x 12 kg,Hành lý 23 kg,2025-04-28
Vietravel Airlines,PQC0331,982.756 VND/khách,17:25,10 thg 5,10 thg 5,18:25,1h 0m,"Phú Quốc (PQC)
Sân bay Phú Quốc",Hành lý xách tay 7 kg,Hành lý 0 kg,2025-04-28
VietJet Air,PQC0140,1.146.000 VND/khách,17:10,10 thg 5,10 thg 5,18:15,1h 5m,"Phú Quốc (PQC)
Sân bay Phú Quốc",Hành lý xách tay 7 kg,Hành lý 0 kg,2025-04-28
VietJet Air,PQC0025,1.291.000 VND/khách,05:55,10 thg 5,10 thg 5,06:55,1h 0m,"Phú Quốc (PQC)
Sân bay Phú Quốc",Hành lý xách tay 7 kg,Hành lý 0 kg,2025-04-28
VietJet Air,PQC0096,1.291.000 VND/khách,14:05,10 thg 5,10 thg 5,15:05,1h 0m,"Phú Quốc (PQC)
Sân bay Phú Quốc",Hành lý xách tay 7 kg,Hành lý 0 kg,2025-04-28
VietJet Air,PQC0117,1.291.000 VND/khách,15:40,10 thg 5,10 thg 5,16:40,1h 0m,"Phú Quốc (PQC)
Sân bay Phú Quốc",Hành lý xách tay 7 kg,Hành lý 0 kg,2025-04-28
VietJet Air,PQC0074,1.425.000 VND/khách,11:35,10 thg 5,10 thg 5,12:35,1h 0m,"Phú Quốc (PQC)
Sân bay Phú Quốc",Hành lý xách tay 7 kg,Hành lý 0 kg,2025-04-28
Vietnam Airlines,PQC0277,1.486.512 VND/khách,15:05,10 thg 5,10 thg 5,16:10,1h 5m,"Phú Quốc (PQC)
Sân bay Phú Quốc",Hành lý xách tay 1 x 12 kg,Hành lý 23 kg,2025-04-28
Vietnam Airlines,PQC0258,1.567.431 VND/khách,13:05,10 thg 5,10 thg 5,14:00,55m,"Phú Quốc (PQC)
Sân bay Phú Quốc",Hành lý xách tay 1 x 12 kg,Hành lý 23 kg,2025-04-28
VietJet Air,PQC0050,1.581.000 VND/khách,09:20,10 thg 5,10 thg 5,10:20,1h 0m,"Phú Quốc (PQC)
Sân bay Phú Quốc",Hành lý xách tay 7 kg,Hành lý 0 kg,2025-04-28
Vietnam Airlines,PQC0234,1.827.820 VND/khách,10:25,10 thg 5,10 thg 5,11:25,1h 0m,"Phú Quốc (PQC)
Sân bay Phú Quốc",Hành lý xách tay 1 x 12 kg,Hành lý 23 kg,2025-04-28
Vietnam Airlines,PQC0190,1.921.252 VND/khách,05:40,10 thg 5,10 thg 5,06:40,1h 0m,"Phú Quốc (PQC)
Sân bay Phú Quốc",Hành lý xách tay 1 x 12 kg,Hành lý 23 kg,2025-04-28
Vietnam Airlines,PQC0211,1.966.032 VND/khách,08:10,10 thg 5,10 thg 5,08:55,45m,"Phú Quốc (PQC)
Sân bay Phú Quốc",Hành lý xách tay 1 x 12 kg,Hành lý 23 kg,2025-04-28
Bamboo Airways,PQC0008,869.953 VND/khách,16:30,11 thg 5,11 thg 5,17:30,1h 0m,"Phú Quốc (PQC)
Sân bay Phú Quốc",Hành lý xách tay 7 kg,Hành lý 0 kg,2025-04-28
Vietravel Airlines,PQC0332,711.084 VND/khách,17:25,11 thg 5,11 thg 5,18:25,1h 0m,"Phú Quốc (PQC)
Sân bay Phú Quốc",Hành lý xách tay 7 kg,Hành lý 0 kg,2025-04-28
VietJet Air,PQC0141,814.000 VND/khách,17:10,11 thg 5,11 thg 5,18:15,1h 5m,"Phú Quốc (PQC)
Sân bay Phú Quốc",Hành lý xách tay 7 kg,Hành lý 0 kg,2025-04-28
VietJet Air,PQC0026,1.041.000 VND/khách,05:55,11 thg 5,11 thg 5,06:55,1h 0m,"Phú Quốc (PQC)
Sân bay Phú Quốc",Hành lý xách tay 7 kg,Hành lý 0 kg,2025-04-28
VietJet Air,PQC0118,1.041.000 VND/khách,15:40,11 thg 5,11 thg 5,16:40,1h 0m,"Phú Quốc (PQC)
Sân bay Phú Quốc",Hành lý xách tay 7 kg,Hành lý 0 kg,2025-04-28
Vietnam Airlines,PQC0310,1.136.862 VND/khách,20:20,11 thg 5,11 thg 5,21:20,1h 0m,"Phú Quốc (PQC)
Sân bay Phú Quốc",Hành lý xách tay 1 x 12 kg,Hành lý 23 kg,2025-04-28
VietJet Air,PQC0075,1.146.000 VND/khách,11:35,11 thg 5,11 thg 5,12:35,1h 0m,"Phú Quốc (PQC)
Sân bay Phú Quốc",Hành lý xách tay 7 kg,Hành lý 0 kg,2025-04-28
VietJet Air,PQC0097,1.146.000 VND/khách,14:05,11 thg 5,11 thg 5,15:05,1h 0m,"Phú Quốc (PQC)
Sân bay Phú Quốc",Hành lý xách tay 7 kg,Hành lý 0 kg,2025-04-28
Vietnam Airlines,PQC0191,1.233.765 VND/khách,05:40,11 thg 5,11 thg 5,06:40,1h 0m,"Phú Quốc (PQC)
Sân bay Phú Quốc",Hành lý xách tay 1 x 12 kg,Hành lý 23 kg,2025-04-28
Vietnam Airlines,PQC0278,1.233.765 VND/khách,15:05,11 thg 5,11 thg 5,16:10,1h 5m,"Phú Quốc (PQC)
Sân bay Phú Quốc",Hành lý xách tay 1 x 12 kg,Hành lý 23 kg,2025-04-28
VietJet Air,PQC0051,1.291.000 VND/khách,09:20,11 thg 5,11 thg 5,10:20,1h 0m,"Phú Quốc (PQC)
Sân bay Phú Quốc",Hành lý xách tay 7 kg,Hành lý 0 kg,2025-04-28
Vietnam Airlines,PQC0235,1.363.635 VND/khách,10:25,11 thg 5,11 thg 5,11:25,1h 0m,"Phú Quốc (PQC)
Sân bay Phú Quốc",Hành lý xách tay 1 x 12 kg,Hành lý 23 kg,2025-04-28
Vietnam Airlines,PQC0259,1.386.612 VND/khách,13:05,11 thg 5,11 thg 5,14:00,55m,"Phú Quốc (PQC)
Sân bay Phú Quốc",Hành lý xách tay 1 x 12 kg,Hành lý 23 kg,2025-04-28
Vietnam Airlines,PQC0212,1.475.523 VND/khách,08:10,11 thg 5,11 thg 5,08:55,45m,"Phú Quốc (PQC)
Sân bay Phú Quốc",Hành lý xách tay 1 x 12 kg,Hành lý 23 kg,2025-04-28
VietJet Air,PQC0035,1.782.000 VND/khách,05:55,29 thg 4,29 thg 4,06:55,1h 0m,"Phú Quốc (PQC)
Sân bay Phú Quốc",Hành lý xách tay 7 kg,Hành lý 0 kg,2025-04-28
VietJet Air,PQC0106,1.808.000 VND/khách,14:05,29 thg 4,29 thg 4,15:05,1h 0m,"Phú Quốc (PQC)
Sân bay Phú Quốc",Hành lý xách tay 7 kg,Hành lý 0 kg,2025-04-28
VietJet Air,PQC0127,1.808.000 VND/khách,15:40,29 thg 4,29 thg 4,16:40,1h 0m,"Phú Quốc (PQC)
Sân bay Phú Quốc",Hành lý xách tay 7 kg,Hành lý 0 kg,2025-04-28
VietJet Air,PQC0040,1.808.000 VND/khách,08:25,29 thg 4,29 thg 4,09:30,1h 5m,"Phú Quốc (PQC)
Sân bay Phú Quốc",Hành lý xách tay 7 kg,Hành lý 0 kg,2025-04-28
VietJet Air,PQC0060,1.842.000 VND/khách,09:20,29 thg 4,29 thg 4,10:20,1h 0m,"Phú Quốc (PQC)
Sân bay Phú Quốc",Hành lý xách tay 7 kg,Hành lý 0 kg,2025-04-28
VietJet Air,PQC0084,1.842.000 VND/khách,11:35,29 thg 4,29 thg 4,12:35,1h 0m,"Phú Quốc (PQC)
Sân bay Phú Quốc",Hành lý xách tay 7 kg,Hành lý 0 kg,2025-04-28
Vietravel Airlines,PQC0341,1.900.238 VND/khách,17:25,29 thg 4,29 thg 4,18:25,1h 0m,"Phú Quốc (PQC)
Sân bay Phú Quốc",Hành lý xách tay 7 kg,Hành lý 0 kg,2025-04-28
Vietnam Airlines,PQC0200,1.921.252 VND/khách,05:40,29 thg 4,29 thg 4,06:40,1h 0m,"Phú Quốc (PQC)
Sân bay Phú Quốc",Hành lý xách tay 1 x 12 kg,Hành lý 23 kg,2025-04-28
Vietnam Airlines,PQC0222,2.045.827 VND/khách,08:10,29 thg 4,29 thg 4,08:55,45m,"Phú Quốc (PQC)
Sân bay Phú Quốc",Hành lý xách tay 1 x 12 kg,Hành lý 23 kg,2025-04-28
Vietnam Airlines,PQC0267,2.045.827 VND/khách,13:05,29 thg 4,29 thg 4,14:00,55m,"Phú Quốc (PQC)
Sân bay Phú Quốc",Hành lý xách tay 1 x 12 kg,Hành lý 23 kg,2025-04-28
Vietnam Airlines,PQC0246,2.045.827 VND/khách,12:10,29 thg 4,29 thg 4,13:10,1h 0m,"Phú Quốc (PQC)
Sân bay Phú Quốc",Hành lý xách tay 1 x 12 kg,Hành lý 23 kg,2025-04-28
Vietnam Airlines,PQC0299,2.045.827 VND/khách,17:25,29 thg 4,29 thg 4,18:25,1h 0m,"Phú Quốc (PQC)
Sân bay Phú Quốc",Hành lý xách tay 1 x 12 kg,Hành lý 23 kg,2025-04-28
Vietnam Airlines,PQC0321,2.045.827 VND/khách,21:05,29 thg 4,29 thg 4,22:05,1h 0m,"Phú Quốc (PQC)
Sân bay Phú Quốc",Hành lý xách tay 1 x 12 kg,Hành lý 23 kg,2025-04-28
VietJet Air,PQC0128,1.957.000 VND/khách,15:40,30 thg 4,30 thg 4,16:40,1h 0m,"Phú Quốc (PQC)
Sân bay Phú Quốc",Hành lý xách tay 7 kg,Hành lý 0 kg,2025-04-28
Vietnam Airlines,PQC0316,1.985.013 VND/khách,20:20,30 thg 4,30 thg 4,21:25,1h 5m,"Phú Quốc (PQC)
Sân bay Phú Quốc",Hành lý xách tay 1 x 12 kg,Hành lý 23 kg,2025-04-28
Bamboo Airways,PQC0001,1.934.703 VND/khách,16:30,01 thg 5,01 thg 5,17:30,1h 0m,"Phú Quốc (PQC)
Sân bay Phú Quốc",Hành lý xách tay 7 kg,Hành lý 20 kg,2025-04-29
VietJet Air,PQC0154,1.898.000 VND/khách,17:40,01 thg 5,01 thg 5,18:45,1h 5m,"Phú Quốc (PQC)
Sân bay Phú Quốc",Hành lý xách tay 7 kg,Hành lý 0 kg,2025-04-29
Vietravel Airlines,PQC0322,1.900.238 VND/khách,17:25,01 thg 5,01 thg 5,18:25,1h 0m,"Phú Quốc (PQC)
Sân bay Phú Quốc",Hành lý xách tay 7 kg,Hành lý 0 kg,2025-04-29
VietJet Air,PQC0131,1.909.000 VND/khách,17:10,01 thg 5,01 thg 5,18:15,1h 5m,"Phú Quốc (PQC)
Sân bay Phú Quốc",Hành lý xách tay 7 kg,Hành lý 0 kg,2025-04-29
VietJet Air,PQC0108,1.933.645 VND/khách,15:40,01 thg 5,01 thg 5,16:40,1h 0m,"Phú Quốc (PQC)
Sân bay Phú Quốc",Hành lý xách tay 7 kg,Hành lý 0 kg,2025-04-29
Vietnam Airlines,PQC0291,1.999.998 VND/khách,17:25,01 thg 5,01 thg 5,18:25,1h 0m,"Phú Quốc (PQC)
Sân bay Phú Quốc",Hành lý xách tay 1 x 12 kg,Hành lý 23 kg,2025-04-29
Vietnam Airlines,PQC0251,2.045.827 VND/khách,13:05,01 thg 5,01 thg 5,14:00,55m,"Phú Quốc (PQC)
Sân bay Phú Quốc",Hành lý xách tay 1 x 12 kg,Hành lý 23 kg,2025-04-29
Bamboo Airways,PQC0002,1.332.977 VND/khách,16:30,02 thg 5,02 thg 5,17:30,1h 0m,"Phú Quốc (PQC)
Sân bay Phú Quốc",Hành lý xách tay 7 kg,Hành lý 0 kg,2025-04-29
Vietravel Airlines,PQC0323,1.242.902 VND/khách,17:25,02 thg 5,02 thg 5,18:25,1h 0m,"Phú Quốc (PQC)
Sân bay Phú Quốc",Hành lý xách tay 7 kg,Hành lý 0 kg,2025-04-29
Vietnam Airlines,PQC0292,1.498.500 VND/khách,17:25,02 thg 5,02 thg 5,18:25,1h 0m,"Phú Quốc (PQC)
Sân bay Phú Quốc",Hành lý xách tay 1 x 12 kg,Hành lý 23 kg,2025-04-29
Vietnam Airlines,PQC0201,1.568.430 VND/khách,07:00,02 thg 5,02 thg 5,08:05,1h 5m,"Phú Quốc (PQC)
Sân bay Phú Quốc",Hành lý xách tay 1 x 12 kg,Hành lý 23 kg,2025-04-29
Vietnam Airlines,PQC0305,1.662.336 VND/khách,20:20,02 thg 5,02 thg 5,21:20,1h 0m,"Phú Quốc (PQC)
Sân bay Phú Quốc",Hành lý xách tay 1 x 12 kg,Hành lý 23 kg,2025-04-29
VietJet Air,PQC0017,1.697.000 VND/khách,05:55,02 thg 5,02 thg 5,06:55,1h 0m,"Phú Quốc (PQC)
Sân bay Phú Quốc",Hành lý xách tay 7 kg,Hành lý 0 kg,2025-04-29
VietJet Air,PQC0132,1.697.000 VND/khách,17:10,02 thg 5,02 thg 5,18:15,1h 5m,"Phú Quốc (PQC)
Sân bay Phú Quốc",Hành lý xách tay 7 kg,Hành lý 0 kg,2025-04-29
Vietnam Airlines,PQC0182,1.699.299 VND/khách,05:40,02 thg 5,02 thg 5,06:40,1h 0m,"Phú Quốc (PQC)
Sân bay Phú Quốc",Hành lý xách tay 1 x 12 kg,Hành lý 23 kg,2025-04-29
VietJet Air,PQC0109,1.782.000 VND/khách,15:40,02 thg 5,02 thg 5,16:40,1h 0m,"Phú Quốc (PQC)
Sân bay Phú Quốc",Hành lý xách tay 7 kg,Hành lý 0 kg,2025-04-29
VietJet Air,PQC0088,1.808.000 VND/khách,14:05,02 thg 5,02 thg 5,15:05,1h 0m,"Phú Quốc (PQC)
Sân bay Phú Quốc",Hành lý xách tay 7 kg,Hành lý 0 kg,2025-04-29
Vietnam Airlines,PQC0245,1.840.158 VND/khách,10:30,02 thg 5,02 thg 5,11:35,1h 5m,"Phú Quốc (PQC)
Sân bay Phú Quốc",Hành lý xách tay 1 x 12 kg,Hành lý 23 kg,2025-04-29
VietJet Air,PQC0042,1.842.000 VND/khách,09:20,02 thg 5,02 thg 5,10:20,1h 0m,"Phú Quốc (PQC)
Sân bay Phú Quốc",Hành lý xách tay 7 kg,Hành lý 0 kg,2025-04-29
Vietnam Airlines,PQC0269,1.930.068 VND/khách,15:05,02 thg 5,02 thg 5,16:10,1h 5m,"Phú Quốc (PQC)
Sân bay Phú Quốc",Hành lý xách tay 1 x 12 kg,Hành lý 23 kg,2025-04-29
Vietnam Airlines,PQC0226,1.996.002 VND/khách,10:25,02 thg 5,02 thg 5,11:25,1h 0m,"Phú Quốc (PQC)
Sân bay Phú Quốc",Hành lý xách tay 1 x 12 kg,Hành lý 23 kg,2025-04-29
Vietnam Airlines,PQC0248,1.999.998 VND/khách,13:00,02 thg 5,02 thg 5,14:00,1h 0m,"Phú Quốc (PQC)
Sân bay Phú Quốc",Hành lý xách tay 1 x 12 kg,Hành lý 23 kg,2025-04-29
Bamboo Airways,PQC0003,1.013.756 VND/khách,16:30,03 thg 5,03 thg 5,17:30,1h 0m,"Phú Quốc (PQC)
Sân bay Phú Quốc",Hành lý xách tay 7 kg,Hành lý 0 kg,2025-04-29
Vietravel Airlines,PQC0324,1.084.452 VND/khách,17:25,03 thg 5,03 thg 5,18:25,1h 0m,"Phú Quốc (PQC)
Sân bay Phú Quốc",Hành lý xách tay 7 kg,Hành lý 0 kg,2025-04-29
VietJet Air,PQC0037,1.314.000 VND/khách,08:25,03 thg 5,03 thg 5,09:30,1h 5m,"Phú Quốc (PQC)
Sân bay Phú Quốc",Hành lý xách tay 7 kg,Hành lý 0 kg,2025-04-29
Vietnam Airlines,PQC0293,1.368.630 VND/khách,17:25,03 thg 5,03 thg 5,18:25,1h 0m,"Phú Quốc (PQC)
Sân bay Phú Quốc",Hành lý xách tay 1 x 12 kg,Hành lý 23 kg,2025-04-29
VietJet Air,PQC0018,1.425.000 VND/khách,05:55,03 thg 5,03 thg 5,06:55,1h 0m,"Phú Quốc (PQC)
Sân bay Phú Quốc",Hành lý xách tay 7 kg,Hành lý 0 kg,2025-04-29
VietJet Air,PQC0133,1.425.000 VND/khách,17:10,03 thg 5,03 thg 5,18:15,1h 5m,"Phú Quốc (PQC)
Sân bay Phú Quốc",Hành lý xách tay 7 kg,Hành lý 0 kg,2025-04-29
Vietnam Airlines,PQC0247,1.446.552 VND/khách,12:20,03 thg 5,03 thg 5,13:25,1h 5m,"Phú Quốc (PQC)
Sân bay Phú Quốc",Hành lý xách tay 1 x 12 kg,Hành lý 23 kg,2025-04-29
Vietnam Airlines,PQC0306,1.565.433 VND/khách,20:20,03 thg 5,03 thg 5,21:20,1h 0m,"Phú Quốc (PQC)
Sân bay Phú Quốc",Hành lý xách tay 1 x 12 kg,Hành lý 23 kg,2025-04-29
Vietnam Airlines,PQC0183,1.568.430 VND/khách,05:40,03 thg 5,03 thg 5,06:40,1h 0m,"Phú Quốc (PQC)
Sân bay Phú Quốc",Hành lý xách tay 1 x 12 kg,Hành lý 23 kg,2025-04-29
Vietnam Airlines,PQC0270,1.568.430 VND/khách,15:05,03 thg 5,03 thg 5,16:10,1h 5m,"Phú Quốc (PQC)
Sân bay Phú Quốc",Hành lý xách tay 1 x 12 kg,Hành lý 23 kg,2025-04-29
VietJet Air,PQC0089,1.582.000 VND/khách,14:05,03 thg 5,03 thg 5,15:05,1h 0m,"Phú Quốc (PQC)
Sân bay Phú Quốc",Hành lý xách tay 7 kg,Hành lý 0 kg,2025-04-29
Vietnam Airlines,PQC0204,1.665.333 VND/khách,08:10,03 thg 5,03 thg 5,08:55,45m,"Phú Quốc (PQC)
Sân bay Phú Quốc",Hành lý xách tay 1 x 12 kg,Hành lý 23 kg,2025-04-29
VietJet Air,PQC0110,1.697.000 VND/khách,15:40,03 thg 5,03 thg 5,16:40,1h 0m,"Phú Quốc (PQC)
Sân bay Phú Quốc",Hành lý xách tay 7 kg,Hành lý 0 kg,2025-04-29
VietJet Air,PQC0043,1.808.000 VND/khách,09:20,03 thg 5,03 thg 5,10:20,1h 0m,"Phú Quốc (PQC)
Sân bay Phú Quốc",Hành lý xách tay 7 kg,Hành lý 0 kg,2025-04-29
VietJet Air,PQC0067,1.808.000 VND/khách,11:35,03 thg 5,03 thg 5,12:35,1h 0m,"Phú Quốc (PQC)
Sân bay Phú Quốc",Hành lý xách tay 7 kg,Hành lý 0 kg,2025-04-29
Vietnam Airlines,PQC0227,1.915.083 VND/khách,10:25,03 thg 5,03 thg 5,11:25,1h 0m,"Phú Quốc (PQC)
Sân bay Phú Quốc",Hành lý xách tay 1 x 12 kg,Hành lý 23 kg,2025-04-29
Vietnam Airlines,PQC0252,1.918.080 VND/khách,13:05,03 thg 5,03 thg 5,14:00,55m,"Phú Quốc (PQC)
Sân bay Phú Quốc",Hành lý xách tay 1 x 12 kg,Hành lý 23 kg,2025-04-29
Bamboo Airways,PQC0004,1.013.756 VND/khách,16:30,04 thg 5,04 thg 5,17:30,1h 0m,"Phú Quốc (PQC)
Sân bay Phú Quốc",Hành lý xách tay 7 kg,Hành lý 0 kg,2025-04-29
VietJet Air,PQC0019,1.061.000 VND/khách,05:55,04 thg 5,04 thg 5,06:55,1h 0m,"Phú Quốc (PQC)
Sân bay Phú Quốc",Hành lý xách tay 7 kg,Hành lý 0 kg,2025-04-29
Vietnam Airlines,PQC0317,1.130.868 VND/khách,20:25,04 thg 5,04 thg 5,21:25,1h 0m,"Phú Quốc (PQC)
Sân bay Phú Quốc",Hành lý xách tay 1 x 12 kg,Hành lý 23 kg,2025-04-29
VietJet Air,PQC0111,1.169.000 VND/khách,15:40,04 thg 5,04 thg 5,16:40,1h 0m,"Phú Quốc (PQC)
Sân bay Phú Quốc",Hành lý xách tay 7 kg,Hành lý 0 kg,2025-04-29
VietJet Air,PQC0134,1.169.000 VND/khách,17:10,04 thg 5,04 thg 5,18:15,1h 5m,"Phú Quốc (PQC)
Sân bay Phú Quốc",Hành lý xách tay 7 kg,Hành lý 0 kg,2025-04-29
Vietnam Airlines,PQC0320,1.222.776 VND/khách,21:00,04 thg 5,04 thg 5,22:00,1h 0m,"Phú Quốc (PQC)
Sân bay Phú Quốc",Hành lý xách tay 1 x 12 kg,Hành lý 23 kg,2025-04-29
Vietnam Airlines,PQC0294,1.226.772 VND/khách,17:25,04 thg 5,04 thg 5,18:25,1h 0m,"Phú Quốc (PQC)
Sân bay Phú Quốc",Hành lý xách tay 1 x 12 kg,Hành lý 23 kg,2025-04-29
Vietnam Airlines,PQC0184,1.241.757 VND/khách,05:40,04 thg 5,04 thg 5,06:40,1h 0m,"Phú Quốc (PQC)
Sân bay Phú Quốc",Hành lý xách tay 1 x 12 kg,Hành lý 23 kg,2025-04-29
VietJet Air,PQC0044,1.310.000 VND/khách,09:20,04 thg 5,04 thg 5,10:20,1h 0m,"Phú Quốc (PQC)
Sân bay Phú Quốc",Hành lý xách tay 7 kg,Hành lý 0 kg,2025-04-29
VietJet Air,PQC0068,1.310.000 VND/khách,11:35,04 thg 5,04 thg 5,12:35,1h 0m,"Phú Quốc (PQC)
Sân bay Phú Quốc",Hành lý xách tay 7 kg,Hành lý 0 kg,2025-04-29
VietJet Air,PQC0090,1.310.000 VND/khách,14:05,04 thg 5,04 thg 5,15:05,1h 0m,"Phú Quốc (PQC)
Sân bay Phú Quốc",Hành lý xách tay 7 kg,Hành lý 0 kg,2025-04-29
Vietnam Airlines,PQC0271,1.350.648 VND/khách,15:05,04 thg 5,04 thg 5,16:10,1h 5m,"Phú Quốc (PQC)
Sân bay Phú Quốc",Hành lý xách tay 1 x 12 kg,Hành lý 23 kg,2025-04-29
Vietnam Airlines,PQC0205,1.357.641 VND/khách,08:10,04 thg 5,04 thg 5,08:55,45m,"Phú Quốc (PQC)
Sân bay Phú Quốc",Hành lý xách tay 1 x 12 kg,Hành lý 23 kg,2025-04-29
Vietnam Airlines,PQC0228,1.554.444 VND/khách,10:25,04 thg 5,04 thg 5,11:25,1h 0m,"Phú Quốc (PQC)
Sân bay Phú Quốc",Hành lý xách tay 1 x 12 kg,Hành lý 23 kg,2025-04-29
Vietnam Airlines,PQC0253,1.662.336 VND/khách,13:05,04 thg 5,04 thg 5,14:00,55m,"Phú Quốc (PQC)
Sân bay Phú Quốc",Hành lý xách tay 1 x 12 kg,Hành lý 23 kg,2025-04-29
Vietravel Airlines,PQC0325,1.900.238 VND/khách,17:25,04 thg 5,04 thg 5,18:25,1h 0m,"Phú Quốc (PQC)
Sân bay Phú Quốc",Hành lý xách tay 7 kg,Hành lý 0 kg,2025-04-29
Bamboo Airways,PQC0005,1.013.756 VND/khách,16:30,05 thg 5,05 thg 5,17:30,1h 0m,"Phú Quốc (PQC)
Sân bay Phú Quốc",Hành lý xách tay 7 kg,Hành lý 0 kg,2025-04-29
Vietravel Airlines,PQC0326,767.555 VND/khách,17:25,05 thg 5,05 thg 5,18:25,1h 0m,"Phú Quốc (PQC)
Sân bay Phú Quốc",Hành lý xách tay 7 kg,Hành lý 0 kg,2025-04-29
VietJet Air,PQC0135,834.000 VND/khách,17:10,05 thg 5,05 thg 5,18:15,1h 5m,"Phú Quốc (PQC)
Sân bay Phú Quốc",Hành lý xách tay 7 kg,Hành lý 0 kg,2025-04-29
Vietnam Airlines,PQC0170,1.014.984 VND/khách,05:25,05 thg 5,05 thg 5,06:20,55m,"Phú Quốc (PQC)
Sân bay Phú Quốc",Hành lý xách tay 1 x 12 kg,Hành lý 0 kg,2025-04-29
VietJet Air,PQC0020,1.061.000 VND/khách,05:55,05 thg 5,05 thg 5,06:55,1h 0m,"Phú Quốc (PQC)
Sân bay Phú Quốc",Hành lý xách tay 7 kg,Hành lý 0 kg,2025-04-29
VietJet Air,PQC0112,1.061.000 VND/khách,15:40,05 thg 5,05 thg 5,16:40,1h 0m,"Phú Quốc (PQC)
Sân bay Phú Quốc",Hành lý xách tay 7 kg,Hành lý 0 kg,2025-04-29
VietJet Air,PQC0091,1.169.000 VND/khách,14:05,05 thg 5,05 thg 5,15:05,1h 0m,"Phú Quốc (PQC)
Sân bay Phú Quốc",Hành lý xách tay 7 kg,Hành lý 0 kg,2025-04-29
Vietnam Airlines,PQC0185,1.226.772 VND/khách,05:40,05 thg 5,05 thg 5,06:40,1h 0m,"Phú Quốc (PQC)
Sân bay Phú Quốc",Hành lý xách tay 1 x 12 kg,Hành lý 23 kg,2025-04-29
Vietnam Airlines,PQC0308,1.252.746 VND/khách,20:20,05 thg 5,05 thg 5,21:20,1h 0m,"Phú Quốc (PQC)
Sân bay Phú Quốc",Hành lý xách tay 1 x 12 kg,Hành lý 23 kg,2025-04-29
Vietnam Airlines,PQC0318,1.252.746 VND/khách,20:25,05 thg 5,05 thg 5,21:25,1h 0m,"Phú Quốc (PQC)
Sân bay Phú Quốc",Hành lý xách tay 1 x 12 kg,Hành lý 23 kg,2025-04-29
VietJet Air,PQC0045,1.314.000 VND/khách,09:20,05 thg 5,05 thg 5,10:20,1h 0m,"Phú Quốc (PQC)
Sân bay Phú Quốc",Hành lý xách tay 7 kg,Hành lý 0 kg,2025-04-29
VietJet Air,PQC0069,1.314.000 VND/khách,11:35,05 thg 5,05 thg 5,12:35,1h 0m,"Phú Quốc (PQC)
Sân bay Phú Quốc",Hành lý xách tay 7 kg,Hành lý 0 kg,2025-04-29
Vietnam Airlines,PQC0272,1.382.616 VND/khách,15:05,05 thg 5,05 thg 5,16:10,1h 5m,"Phú Quốc (PQC)
Sân bay Phú Quốc",Hành lý xách tay 1 x 12 kg,Hành lý 23 kg,2025-04-29
Vietnam Airlines,PQC0254,1.468.530 VND/khách,13:05,05 thg 5,05 thg 5,14:00,55m,"Phú Quốc (PQC)
Sân bay Phú Quốc",Hành lý xách tay 1 x 12 kg,Hành lý 23 kg,2025-04-29
Vietnam Airlines,PQC0229,1.568.430 VND/khách,10:25,05 thg 5,05 thg 5,11:25,1h 0m,"Phú Quốc (PQC)
Sân bay Phú Quốc",Hành lý xách tay 1 x 12 kg,Hành lý 23 kg,2025-04-29
Vietnam Airlines,PQC0206,1.735.463 VND/khách,08:10,05 thg 5,05 thg 5,08:55,45m,"Phú Quốc (PQC)
Sân bay Phú Quốc",Hành lý xách tay 1 x 12 kg,Hành lý 23 kg,2025-04-29
Vietravel Airlines,PQC0327,767.555 VND/khách,17:25,06 thg 5,06 thg 5,18:25,1h 0m,"Phú Quốc (PQC)
Sân bay Phú Quốc",Hành lý xách tay 7 kg,Hành lý 0 kg,2025-04-29
VietJet Air,PQC0136,834.000 VND/khách,17:10,06 thg 5,06 thg 5,18:15,1h 5m,"Phú Quốc (PQC)
Sân bay Phú Quốc",Hành lý xách tay 7 kg,Hành lý 0 kg,2025-04-29
VietJet Air,PQC0021,1.061.000 VND/khách,05:55,06 thg 5,06 thg 5,06:55,1h 0m,"Phú Quốc (PQC)
Sân bay Phú Quốc",Hành lý xách tay 7 kg,Hành lý 0 kg,2025-04-29
VietJet Air,PQC0113,1.061.000 VND/khách,15:40,06 thg 5,06 thg 5,16:40,1h 0m,"Phú Quốc (PQC)
Sân bay Phú Quốc",Hành lý xách tay 7 kg,Hành lý 0 kg,2025-04-29
VietJet Air,PQC0064,1.169.000 VND/khách,11:30,06 thg 5,06 thg 5,12:30,1h 0m,"Phú Quốc (PQC)
Sân bay Phú Quốc",Hành lý xách tay 7 kg,Hành lý 0 kg,2025-04-29
VietJet Air,PQC0070,1.169.000 VND/khách,11:35,06 thg 5,06 thg 5,12:35,1h 0m,"Phú Quốc (PQC)
Sân bay Phú Quốc",Hành lý xách tay 7 kg,Hành lý 0 kg,2025-04-29
VietJet Air,PQC0092,1.169.000 VND/khách,14:05,06 thg 5,06 thg 5,15:05,1h 0m,"Phú Quốc (PQC)
Sân bay Phú Quốc",Hành lý xách tay 7 kg,Hành lý 0 kg,2025-04-29
Vietnam Airlines,PQC0186,1.254.888 VND/khách,05:40,06 thg 5,06 thg 5,06:40,1h 0m,"Phú Quốc (PQC)
Sân bay Phú Quốc",Hành lý xách tay 1 x 12 kg,Hành lý 23 kg,2025-04-29
VietJet Air,PQC0046,1.314.000 VND/khách,09:20,06 thg 5,06 thg 5,10:20,1h 0m,"Phú Quốc (PQC)
Sân bay Phú Quốc",Hành lý xách tay 7 kg,Hành lý 0 kg,2025-04-29
Vietnam Airlines,PQC0273,1.367.266 VND/khách,15:05,06 thg 5,06 thg 5,16:10,1h 5m,"Phú Quốc (PQC)
Sân bay Phú Quốc",Hành lý xách tay 1 x 12 kg,Hành lý 23 kg,2025-04-29
Vietnam Airlines,PQC0207,1.479.645 VND/khách,08:10,06 thg 5,06 thg 5,08:55,45m,"Phú Quốc (PQC)
Sân bay Phú Quốc",Hành lý xách tay 1 x 12 kg,Hành lý 23 kg,2025-04-29
Vietnam Airlines,PQC0255,1.580.576 VND/khách,13:05,06 thg 5,06 thg 5,14:00,55m,"Phú Quốc (PQC)
Sân bay Phú Quốc",Hành lý xách tay 1 x 12 kg,Hành lý 23 kg,2025-04-29
Vietnam Airlines,PQC0230,1.580.576 VND/khách,10:25,06 thg 5,06 thg 5,11:25,1h 0m,"Phú Quốc (PQC)
Sân bay Phú Quốc",Hành lý xách tay 1 x 12 kg,Hành lý 23 kg,2025-04-29
Bamboo Airways,PQC0006,869.953 VND/khách,16:30,07 thg 5,07 thg 5,17:30,1h 0m,"Phú Quốc (PQC)
Sân bay Phú Quốc",Hành lý xách tay 7 kg,Hành lý 0 kg,2025-04-29
Vietravel Airlines,PQC0328,767.555 VND/khách,17:25,07 thg 5,07 thg 5,18:25,1h 0m,"Phú Quốc (PQC)
Sân bay Phú Quốc",Hành lý xách tay 7 kg,Hành lý 0 kg,2025-04-29
VietJet Air,PQC0114,834.000 VND/khách,15:40,07 thg 5,07 thg 5,16:40,1h 0m,"Phú Quốc (PQC)
Sân bay Phú Quốc",Hành lý xách tay 7 kg,Hành lý 0 kg,2025-04-29
VietJet Air,PQC0137,834.000 VND/khách,17:10,07 thg 5,07 thg 5,18:15,1h 5m,"Phú Quốc (PQC)
Sân bay Phú Quốc",Hành lý xách tay 7 kg,Hành lý 0 kg,2025-04-29
VietJet Air,PQC0022,1.061.000 VND/khách,05:55,07 thg 5,07 thg 5,06:55,1h 0m,"Phú Quốc (PQC)
Sân bay Phú Quốc",Hành lý xách tay 7 kg,Hành lý 0 kg,2025-04-29
VietJet Air,PQC0071,1.169.000 VND/khách,11:35,07 thg 5,07 thg 5,12:35,1h 0m,"Phú Quốc (PQC)
Sân bay Phú Quốc",Hành lý xách tay 7 kg,Hành lý 0 kg,2025-04-29
VietJet Air,PQC0093,1.169.000 VND/khách,14:05,07 thg 5,07 thg 5,15:05,1h 0m,"Phú Quốc (PQC)
Sân bay Phú Quốc",Hành lý xách tay 7 kg,Hành lý 0 kg,2025-04-29
Vietnam Airlines,PQC0187,1.254.888 VND/khách,05:40,07 thg 5,07 thg 5,06:40,1h 0m,"Phú Quốc (PQC)
Sân bay Phú Quốc",Hành lý xách tay 1 x 12 kg,Hành lý 23 kg,2025-04-29
VietJet Air,PQC0047,1.314.000 VND/khách,09:20,07 thg 5,07 thg 5,10:20,1h 0m,"Phú Quốc (PQC)
Sân bay Phú Quốc",Hành lý xách tay 7 kg,Hành lý 0 kg,2025-04-29
Vietnam Airlines,PQC0208,1.479.645 VND/khách,08:10,07 thg 5,07 thg 5,08:55,45m,"Phú Quốc (PQC)
Sân bay Phú Quốc",Hành lý xách tay 1 x 12 kg,Hành lý 23 kg,2025-04-29
Vietnam Airlines,PQC0231,1.580.576 VND/khách,10:25,07 thg 5,07 thg 5,11:25,1h 0m,"Phú Quốc (PQC)
Sân bay Phú Quốc",Hành lý xách tay 1 x 12 kg,Hành lý 23 kg,2025-04-29
Vietnam Airlines,PQC0274,1.580.576 VND/khách,15:05,07 thg 5,07 thg 5,16:10,1h 5m,"Phú Quốc (PQC)
Sân bay Phú Quốc",Hành lý xách tay 1 x 12 kg,Hành lý 23 kg,2025-04-29
Vietnam Airlines,PQC0256,1.754.820 VND/khách,13:05,07 thg 5,07 thg 5,14:00,55m,"Phú Quốc (PQC)
Sân bay Phú Quốc",Hành lý xách tay 1 x 12 kg,Hành lý 23 kg,2025-04-29
VietJet Air,PQC0023,1.061.000 VND/khách,05:55,08 thg 5,08 thg 5,06:55,1h 0m,"Phú Quốc (PQC)
Sân bay Phú Quốc",Hành lý xách tay 7 kg,Hành lý 0 kg,2025-04-29
Vietravel Airlines,PQC0329,1.163.677 VND/khách,17:25,08 thg 5,08 thg 5,18:25,1h 0m,"Phú Quốc (PQC)
Sân bay Phú Quốc",Hành lý xách tay 7 kg,Hành lý 0 kg,2025-04-29
VietJet Air,PQC0094,1.314.000 VND/khách,14:05,08 thg 5,08 thg 5,15:05,1h 0m,"Phú Quốc (PQC)
Sân bay Phú Quốc",Hành lý xách tay 7 kg,Hành lý 0 kg,2025-04-29
VietJet Air,PQC0115,1.314.000 VND/khách,15:40,08 thg 5,08 thg 5,16:40,1h 0m,"Phú Quốc (PQC)
Sân bay Phú Quốc",Hành lý xách tay 7 kg,Hành lý 0 kg,2025-04-29
VietJet Air,PQC0038,1.314.000 VND/khách,08:25,08 thg 5,08 thg 5,09:30,1h 5m,"Phú Quốc (PQC)
Sân bay Phú Quốc",Hành lý xách tay 7 kg,Hành lý 0 kg,2025-04-29
VietJet Air,PQC0138,1.314.000 VND/khách,17:10,08 thg 5,08 thg 5,18:15,1h 5m,"Phú Quốc (PQC)
Sân bay Phú Quốc",Hành lý xách tay 7 kg,Hành lý 0 kg,2025-04-29
VietJet Air,PQC0155,1.314.000 VND/khách,17:40,08 thg 5,08 thg 5,18:45,1h 5m,"Phú Quốc (PQC)
Sân bay Phú Quốc",Hành lý xách tay 7 kg,Hành lý 0 kg,2025-04-29
Vietnam Airlines,PQC0188,1.372.626 VND/khách,05:40,08 thg 5,08 thg 5,06:40,1h 0m,"Phú Quốc (PQC)
Sân bay Phú Quốc",Hành lý xách tay 1 x 12 kg,Hành lý 23 kg,2025-04-29
VietJet Air,PQC0048,1.425.000 VND/khách,09:20,08 thg 5,08 thg 5,10:20,1h 0m,"Phú Quốc (PQC)
Sân bay Phú Quốc",Hành lý xách tay 7 kg,Hành lý 0 kg,2025-04-29
VietJet Air,PQC0072,1.425.000 VND/khách,11:35,08 thg 5,08 thg 5,12:35,1h 0m,"Phú Quốc (PQC)
Sân bay Phú Quốc",Hành lý xách tay 7 kg,Hành lý 0 kg,2025-04-29
Vietnam Airlines,PQC0275,1.472.526 VND/khách,15:05,08 thg 5,08 thg 5,16:10,1h 5m,"Phú Quốc (PQC)
Sân bay Phú Quốc",Hành lý xách tay 1 x 12 kg,Hành lý 23 kg,2025-04-29
Vietnam Airlines,PQC0232,1.673.325 VND/khách,10:25,08 thg 5,08 thg 5,11:25,1h 0m,"Phú Quốc (PQC)
Sân bay Phú Quốc",Hành lý xách tay 1 x 12 kg,Hành lý 23 kg,2025-04-29
Vietnam Airlines,PQC0209,1.680.318 VND/khách,08:10,08 thg 5,08 thg 5,08:55,45m,"Phú Quốc (PQC)
Sân bay Phú Quốc",Hành lý xách tay 1 x 12 kg,Hành lý 23 kg,2025-04-29
Vietnam Airlines,PQC0257,1.688.310 VND/khách,13:05,08 thg 5,08 thg 5,14:00,55m,"Phú Quốc (PQC)
Sân bay Phú Quốc",Hành lý xách tay 1 x 12 kg,Hành lý 23 kg,2025-04-29
Bamboo Airways,PQC0007,1.332.977 VND/khách,16:30,09 thg 5,09 thg 5,17:30,1h 0m,"Phú Quốc (PQC)
Sân bay Phú Quốc",Hành lý xách tay 7 kg,Hành lý 0 kg,2025-04-29
Vietravel Airlines,PQC0330,1.163.677 VND/khách,17:25,09 thg 5,09 thg 5,18:25,1h 0m,"Phú Quốc (PQC)
Sân bay Phú Quốc",Hành lý xách tay 7 kg,Hành lý 0 kg,2025-04-29
VietJet Air,PQC0139,1.300.000 VND/khách,17:10,09 thg 5,09 thg 5,18:15,1h 5m,"Phú Quốc (PQC)
Sân bay Phú Quốc",Hành lý xách tay 7 kg,Hành lý 0 kg,2025-04-29
VietJet Air,PQC0024,1.425.000 VND/khách,05:55,09 thg 5,09 thg 5,06:55,1h 0m,"Phú Quốc (PQC)
Sân bay Phú Quốc",Hành lý xách tay 7 kg,Hành lý 0 kg,2025-04-29
VietJet Air,PQC0116,1.425.000 VND/khách,15:40,09 thg 5,09 thg 5,16:40,1h 0m,"Phú Quốc (PQC)
Sân bay Phú Quốc",Hành lý xách tay 7 kg,Hành lý 0 kg,2025-04-29
Vietnam Airlines,PQC0309,1.498.500 VND/khách,20:20,09 thg 5,09 thg 5,21:20,1h 0m,"Phú Quốc (PQC)
Sân bay Phú Quốc",Hành lý xách tay 1 x 12 kg,Hành lý 23 kg,2025-04-29
Vietnam Airlines,PQC0189,1.568.430 VND/khách,05:40,09 thg 5,09 thg 5,06:40,1h 0m,"Phú Quốc (PQC)
Sân bay Phú Quốc",Hành lý xách tay 1 x 12 kg,Hành lý 23 kg,2025-04-29
VietJet Air,PQC0095,1.582.000 VND/khách,14:05,09 thg 5,09 thg 5,15:05,1h 0m,"Phú Quốc (PQC)
Sân bay Phú Quốc",Hành lý xách tay 7 kg,Hành lý 0 kg,2025-04-29
Vietnam Airlines,PQC0276,1.673.325 VND/khách,15:05,09 thg 5,09 thg 5,16:10,1h 5m,"Phú Quốc (PQC)
Sân bay Phú Quốc",Hành lý xách tay 1 x 12 kg,Hành lý 23 kg,2025-04-29
VietJet Air,PQC0049,1.697.000 VND/khách,09:20,09 thg 5,09 thg 5,10:20,1h 0m,"Phú Quốc (PQC)
Sân bay Phú Quốc",Hành lý xách tay 7 kg,Hành lý 0 kg,2025-04-29
VietJet Air,PQC0073,1.782.000 VND/khách,11:35,09 thg 5,09 thg 5,12:35,1h 0m,"Phú Quốc (PQC)
Sân bay Phú Quốc",Hành lý xách tay 7 kg,Hành lý 0 kg,2025-04-29
Vietnam Airlines,PQC0233,1.915.083 VND/khách,10:25,09 thg 5,09 thg 5,11:25,1h 0m,"Phú Quốc (PQC)
Sân bay Phú Quốc",Hành lý xách tay 1 x 12 kg,Hành lý 23 kg,2025-04-29
Vietnam Airlines,PQC0249,1.922.076 VND/khách,13:00,09 thg 5,09 thg 5,14:00,1h 0m,"Phú Quốc (PQC)
Sân bay Phú Quốc",Hành lý xách tay 1 x 12 kg,Hành lý 23 kg,2025-04-29
Vietnam Airlines,PQC0210,1.996.002 VND/khách,08:10,09 thg 5,09 thg 5,08:55,45m,"Phú Quốc (PQC)
Sân bay Phú Quốc",Hành lý xách tay 1 x 12 kg,Hành lý 23 kg,2025-04-29
Vietravel Airlines,PQC0331,982.592 VND/khách,17:25,10 thg 5,10 thg 5,18:25,1h 0m,"Phú Quốc (PQC)
Sân bay Phú Quốc",Hành lý xách tay 7 kg,Hành lý 0 kg,2025-04-29
VietJet Air,PQC0140,1.154.000 VND/khách,17:10,10 thg 5,10 thg 5,18:15,1h 5m,"Phú Quốc (PQC)
Sân bay Phú Quốc",Hành lý xách tay 7 kg,Hành lý 0 kg,2025-04-29
VietJet Air,PQC0025,1.300.000 VND/khách,05:55,10 thg 5,10 thg 5,06:55,1h 0m,"Phú Quốc (PQC)
Sân bay Phú Quốc",Hành lý xách tay 7 kg,Hành lý 0 kg,2025-04-29
VietJet Air,PQC0096,1.300.000 VND/khách,14:05,10 thg 5,10 thg 5,15:05,1h 0m,"Phú Quốc (PQC)
Sân bay Phú Quốc",Hành lý xách tay 7 kg,Hành lý 0 kg,2025-04-29
VietJet Air,PQC0117,1.300.000 VND/khách,15:40,10 thg 5,10 thg 5,16:40,1h 0m,"Phú Quốc (PQC)
Sân bay Phú Quốc",Hành lý xách tay 7 kg,Hành lý 0 kg,2025-04-29
VietJet Air,PQC0074,1.425.000 VND/khách,11:35,10 thg 5,10 thg 5,12:35,1h 0m,"Phú Quốc (PQC)
Sân bay Phú Quốc",Hành lý xách tay 7 kg,Hành lý 0 kg,2025-04-29
Vietnam Airlines,PQC0277,1.483.515 VND/khách,15:05,10 thg 5,10 thg 5,16:10,1h 5m,"Phú Quốc (PQC)
Sân bay Phú Quốc",Hành lý xách tay 1 x 12 kg,Hành lý 23 kg,2025-04-29
Vietnam Airlines,PQC0258,1.568.430 VND/khách,13:05,10 thg 5,10 thg 5,14:00,55m,"Phú Quốc (PQC)
Sân bay Phú Quốc",Hành lý xách tay 1 x 12 kg,Hành lý 23 kg,2025-04-29
VietJet Air,PQC0050,1.582.000 VND/khách,09:20,10 thg 5,10 thg 5,10:20,1h 0m,"Phú Quốc (PQC)
Sân bay Phú Quốc",Hành lý xách tay 7 kg,Hành lý 0 kg,2025-04-29
Vietnam Airlines,PQC0234,1.735.463 VND/khách,10:25,10 thg 5,10 thg 5,11:25,1h 0m,"Phú Quốc (PQC)
Sân bay Phú Quốc",Hành lý xách tay 1 x 12 kg,Hành lý 23 kg,2025-04-29
Vietnam Airlines,PQC0211,1.966.032 VND/khách,08:10,10 thg 5,10 thg 5,08:55,45m,"Phú Quốc (PQC)
Sân bay Phú Quốc",Hành lý xách tay 1 x 12 kg,Hành lý 23 kg,2025-04-29
Vietnam Airlines,PQC0190,1.974.024 VND/khách,05:40,10 thg 5,10 thg 5,06:40,1h 0m,"Phú Quốc (PQC)
Sân bay Phú Quốc",Hành lý xách tay 1 x 12 kg,Hành lý 23 kg,2025-04-29
Bamboo Airways,PQC0008,869.953 VND/khách,16:30,11 thg 5,11 thg 5,17:30,1h 0m,"Phú Quốc (PQC)
Sân bay Phú Quốc",Hành lý xách tay 7 kg,Hành lý 0 kg,2025-04-29
Vietravel Airlines,PQC0332,710.965 VND/khách,17:25,11 thg 5,11 thg 5,18:25,1h 0m,"Phú Quốc (PQC)
Sân bay Phú Quốc",Hành lý xách tay 7 kg,Hành lý 0 kg,2025-04-29
VietJet Air,PQC0141,816.000 VND/khách,17:10,11 thg 5,11 thg 5,18:15,1h 5m,"Phú Quốc (PQC)
Sân bay Phú Quốc",Hành lý xách tay 7 kg,Hành lý 0 kg,2025-04-29
VietJet Air,PQC0026,1.050.000 VND/khách,05:55,11 thg 5,11 thg 5,06:55,1h 0m,"Phú Quốc (PQC)
Sân bay Phú Quốc",Hành lý xách tay 7 kg,Hành lý 0 kg,2025-04-29
VietJet Air,PQC0118,1.050.000 VND/khách,15:40,11 thg 5,11 thg 5,16:40,1h 0m,"Phú Quốc (PQC)
Sân bay Phú Quốc",Hành lý xách tay 7 kg,Hành lý 0 kg,2025-04-29
Vietnam Airlines,PQC0310,1.141.857 VND/khách,20:20,11 thg 5,11 thg 5,21:20,1h 0m,"Phú Quốc (PQC)
Sân bay Phú Quốc",Hành lý xách tay 1 x 12 kg,Hành lý 23 kg,2025-04-29
VietJet Air,PQC0075,1.154.000 VND/khách,11:35,11 thg 5,11 thg 5,12:35,1h 0m,"Phú Quốc (PQC)
Sân bay Phú Quốc",Hành lý xách tay 7 kg,Hành lý 0 kg,2025-04-29
VietJet Air,PQC0097,1.154.000 VND/khách,14:05,11 thg 5,11 thg 5,15:05,1h 0m,"Phú Quốc (PQC)
Sân bay Phú Quốc",Hành lý xách tay 7 kg,Hành lý 0 kg,2025-04-29
Vietnam Airlines,PQC0278,1.230.768 VND/khách,15:05,11 thg 5,11 thg 5,16:10,1h 5m,"Phú Quốc (PQC)
Sân bay Phú Quốc",Hành lý xách tay 1 x 12 kg,Hành lý 23 kg,2025-04-29
Vietnam Airlines,PQC0191,1.234.764 VND/khách,05:40,11 thg 5,11 thg 5,06:40,1h 0m,"Phú Quốc (PQC)
Sân bay Phú Quốc",Hành lý xách tay 1 x 12 kg,Hành lý 23 kg,2025-04-29
VietJet Air,PQC0051,1.300.000 VND/khách,09:20,11 thg 5,11 thg 5,10:20,1h 0m,"Phú Quốc (PQC)
Sân bay Phú Quốc",Hành lý xách tay 7 kg,Hành lý 0 kg,2025-04-29
Vietnam Airlines,PQC0235,1.372.626 VND/khách,10:25,11 thg 5,11 thg 5,11:25,1h 0m,"Phú Quốc (PQC)
Sân bay Phú Quốc",Hành lý xách tay 1 x 12 kg,Hành lý 23 kg,2025-04-29
Vietnam Airlines,PQC0259,1.382.616 VND/khách,13:05,11 thg 5,11 thg 5,14:00,55m,"Phú Quốc (PQC)
Sân bay Phú Quốc",Hành lý xách tay 1 x 12 kg,Hành lý 23 kg,2025-04-29
Vietnam Airlines,PQC0212,1.461.537 VND/khách,08:10,11 thg 5,11 thg 5,08:55,45m,"Phú Quốc (PQC)
Sân bay Phú Quốc",Hành lý xách tay 1 x 12 kg,Hành lý 23 kg,2025-04-29
VietJet Air,PQC0085,1.933.645 VND/khách,11:35,30 thg 4,30 thg 4,12:35,1h 0m,"Phú Quốc (PQC)
Sân bay Phú Quốc",Hành lý xách tay 7 kg,Hành lý 0 kg,2025-04-29
Vietnam Airlines,PQC0159,1.953.045 VND/khách,04:15,30 thg 4,30 thg 4,05:15,1h 0m,"Phú Quốc (PQC)
Sân bay Phú Quốc",Hành lý xách tay 1 x 12 kg,Hành lý 23 kg,2025-04-29
Vietnam Airlines,PQC0288,1.959.521 VND/khách,15:05,30 thg 4,30 thg 4,16:10,1h 5m,"Phú Quốc (PQC)
Sân bay Phú Quốc",Hành lý xách tay 1 x 12 kg,Hành lý 23 kg,2025-04-29
Vietnam Airlines,PQC0316,2.045.827 VND/khách,20:20,30 thg 4,30 thg 4,21:25,1h 5m,"Phú Quốc (PQC)
Sân bay Phú Quốc",Hành lý xách tay 1 x 12 kg,Hành lý 23 kg,2025-04-29
Bamboo Airways,PQC0001,1.934.703 VND/khách,16:30,01 thg 5,01 thg 5,17:30,1h 0m,"Phú Quốc (PQC)
Sân bay Phú Quốc",Hành lý xách tay 7 kg,Hành lý 20 kg,2025-04-30
VietJet Air,PQC0131,1.930.000 VND/khách,17:10,01 thg 5,01 thg 5,18:15,1h 5m,"Phú Quốc (PQC)
Sân bay Phú Quốc",Hành lý xách tay 7 kg,Hành lý 0 kg,2025-04-30
VietJet Air,PQC0154,1.930.000 VND/khách,17:40,01 thg 5,01 thg 5,18:45,1h 5m,"Phú Quốc (PQC)
Sân bay Phú Quốc",Hành lý xách tay 7 kg,Hành lý 0 kg,2025-04-30
VietJet Air,PQC0016,1.999.000 VND/khách,05:55,01 thg 5,01 thg 5,06:55,1h 0m,"Phú Quốc (PQC)
Sân bay Phú Quốc",Hành lý xách tay 7 kg,Hành lý 0 kg,2025-04-30
Bamboo Airways,PQC0002,1.190.020 VND/khách,16:30,02 thg 5,02 thg 5,17:30,1h 0m,"Phú Quốc (PQC)
Sân bay Phú Quốc",Hành lý xách tay 7 kg,Hành lý 0 kg,2025-04-30
Vietravel Airlines,PQC0323,1.218.945 VND/khách,17:25,02 thg 5,02 thg 5,18:25,1h 0m,"Phú Quốc (PQC)
Sân bay Phú Quốc",Hành lý xách tay 7 kg,Hành lý 0 kg,2025-04-30
VietJet Air,PQC0017,1.565.000 VND/khách,05:55,02 thg 5,02 thg 5,06:55,1h 0m,"Phú Quốc (PQC)
Sân bay Phú Quốc",Hành lý xách tay 7 kg,Hành lý 0 kg,2025-04-30
VietJet Air,PQC0109,1.565.000 VND/khách,15:40,02 thg 5,02 thg 5,16:40,1h 0m,"Phú Quốc (PQC)
Sân bay Phú Quốc",Hành lý xách tay 7 kg,Hành lý 0 kg,2025-04-30
VietJet Air,PQC0132,1.565.000 VND/khách,17:10,02 thg 5,02 thg 5,18:15,1h 5m,"Phú Quốc (PQC)
Sân bay Phú Quốc",Hành lý xách tay 7 kg,Hành lý 0 kg,2025-04-30
Vietnam Airlines,PQC0292,1.567.431 VND/khách,17:25,02 thg 5,02 thg 5,18:25,1h 0m,"Phú Quốc (PQC)
Sân bay Phú Quốc",Hành lý xách tay 1 x 12 kg,Hành lý 23 kg,2025-04-30
Vietnam Airlines,PQC0201,1.573.425 VND/khách,07:00,02 thg 5,02 thg 5,08:05,1h 5m,"Phú Quốc (PQC)
Sân bay Phú Quốc",Hành lý xách tay 1 x 12 kg,Hành lý 23 kg,2025-04-30
Vietnam Airlines,PQC0305,1.664.334 VND/khách,20:20,02 thg 5,02 thg 5,21:20,1h 0m,"Phú Quốc (PQC)
Sân bay Phú Quốc",Hành lý xách tay 1 x 12 kg,Hành lý 23 kg,2025-04-30
Vietnam Airlines,PQC0182,1.701.297 VND/khách,05:40,02 thg 5,02 thg 5,06:40,1h 0m,"Phú Quốc (PQC)
Sân bay Phú Quốc",Hành lý xách tay 1 x 12 kg,Hành lý 23 kg,2025-04-30
VietJet Air,PQC0042,1.826.000 VND/khách,09:20,02 thg 5,02 thg 5,10:20,1h 0m,"Phú Quốc (PQC)
Sân bay Phú Quốc",Hành lý xách tay 7 kg,Hành lý 0 kg,2025-04-30
VietJet Air,PQC0088,1.826.000 VND/khách,14:05,02 thg 5,02 thg 5,15:05,1h 0m,"Phú Quốc (PQC)
Sân bay Phú Quốc",Hành lý xách tay 7 kg,Hành lý 0 kg,2025-04-30
Vietnam Airlines,PQC0245,1.843.155 VND/khách,10:30,02 thg 5,02 thg 5,11:35,1h 5m,"Phú Quốc (PQC)
Sân bay Phú Quốc",Hành lý xách tay 1 x 12 kg,Hành lý 23 kg,2025-04-30
Vietnam Airlines,PQC0269,1.962.036 VND/khách,15:05,02 thg 5,02 thg 5,16:10,1h 5m,"Phú Quốc (PQC)
Sân bay Phú Quốc",Hành lý xách tay 1 x 12 kg,Hành lý 23 kg,2025-04-30
Vietnam Airlines,PQC0226,1.998.999 VND/khách,10:25,02 thg 5,02 thg 5,11:25,1h 0m,"Phú Quốc (PQC)
Sân bay Phú Quốc",Hành lý xách tay 1 x 12 kg,Hành lý 23 kg,2025-04-30
Vietnam Airlines,PQC0248,2.006.991 VND/khách,13:00,02 thg 5,02 thg 5,14:00,1h 0m,"Phú Quốc (PQC)
Sân bay Phú Quốc",Hành lý xách tay 1 x 12 kg,Hành lý 23 kg,2025-04-30
Bamboo Airways,PQC0003,1.156.190 VND/khách,16:30,03 thg 5,03 thg 5,17:30,1h 0m,"Phú Quốc (PQC)
Sân bay Phú Quốc",Hành lý xách tay 7 kg,Hành lý 0 kg,2025-04-30
VietJet Air,PQC0018,1.162.000 VND/khách,05:55,03 thg 5,03 thg 5,06:55,1h 0m,"Phú Quốc (PQC)
Sân bay Phú Quốc",Hành lý xách tay 7 kg,Hành lý 0 kg,2025-04-30
VietJet Air,PQC0037,1.162.000 VND/khách,08:25,03 thg 5,03 thg 5,09:30,1h 5m,"Phú Quốc (PQC)
Sân bay Phú Quốc",Hành lý xách tay 7 kg,Hành lý 0 kg,2025-04-30
Vietravel Airlines,PQC0324,1.163.279 VND/khách,17:25,03 thg 5,03 thg 5,18:25,1h 0m,"Phú Quốc (PQC)
Sân bay Phú Quốc",Hành lý xách tay 7 kg,Hành lý 0 kg,2025-04-30
Vietnam Airlines,PQC0293,1.254.516 VND/khách,17:25,03 thg 5,03 thg 5,18:25,1h 0m,"Phú Quốc (PQC)
Sân bay Phú Quốc",Hành lý xách tay 1 x 12 kg,Hành lý 23 kg,2025-04-30
VietJet Air,PQC0133,1.300.000 VND/khách,17:10,03 thg 5,03 thg 5,18:15,1h 5m,"Phú Quốc (PQC)
Sân bay Phú Quốc",Hành lý xách tay 7 kg,Hành lý 0 kg,2025-04-30
Vietnam Airlines,PQC0183,1.366.860 VND/khách,05:40,03 thg 5,03 thg 5,06:40,1h 0m,"Phú Quốc (PQC)
Sân bay Phú Quốc",Hành lý xách tay 1 x 12 kg,Hành lý 23 kg,2025-04-30
Vietnam Airlines,PQC0247,1.366.860 VND/khách,12:20,03 thg 5,03 thg 5,13:25,1h 5m,"Phú Quốc (PQC)
Sân bay Phú Quốc",Hành lý xách tay 1 x 12 kg,Hành lý 23 kg,2025-04-30
Vietnam Airlines,PQC0306,1.479.205 VND/khách,20:20,03 thg 5,03 thg 5,21:20,1h 0m,"Phú Quốc (PQC)
Sân bay Phú Quốc",Hành lý xách tay 1 x 12 kg,Hành lý 23 kg,2025-04-30
Vietnam Airlines,PQC0270,1.479.205 VND/khách,15:05,03 thg 5,03 thg 5,16:10,1h 5m,"Phú Quốc (PQC)
Sân bay Phú Quốc",Hành lý xách tay 1 x 12 kg,Hành lý 23 kg,2025-04-30
VietJet Air,PQC0089,1.565.000 VND/khách,14:05,03 thg 5,03 thg 5,15:05,1h 0m,"Phú Quốc (PQC)
Sân bay Phú Quốc",Hành lý xách tay 7 kg,Hành lý 0 kg,2025-04-30
VietJet Air,PQC0110,1.565.000 VND/khách,15:40,03 thg 5,03 thg 5,16:40,1h 0m,"Phú Quốc (PQC)
Sân bay Phú Quốc",Hành lý xách tay 7 kg,Hành lý 0 kg,2025-04-30
Vietnam Airlines,PQC0204,1.580.108 VND/khách,08:10,03 thg 5,03 thg 5,08:55,45m,"Phú Quốc (PQC)
Sân bay Phú Quốc",Hành lý xách tay 1 x 12 kg,Hành lý 23 kg,2025-04-30
VietJet Air,PQC0043,1.792.000 VND/khách,09:20,03 thg 5,03 thg 5,10:20,1h 0m,"Phú Quốc (PQC)
Sân bay Phú Quốc",Hành lý xách tay 7 kg,Hành lý 0 kg,2025-04-30
VietJet Air,PQC0067,1.792.000 VND/khách,11:35,03 thg 5,03 thg 5,12:35,1h 0m,"Phú Quốc (PQC)
Sân bay Phú Quốc",Hành lý xách tay 7 kg,Hành lý 0 kg,2025-04-30
Vietnam Airlines,PQC0252,1.844.235 VND/khách,13:05,03 thg 5,03 thg 5,14:00,55m,"Phú Quốc (PQC)
Sân bay Phú Quốc",Hành lý xách tay 1 x 12 kg,Hành lý 23 kg,2025-04-30
Vietnam Airlines,PQC0227,1.900.061 VND/khách,10:25,03 thg 5,03 thg 5,11:25,1h 0m,"Phú Quốc (PQC)
Sân bay Phú Quốc",Hành lý xách tay 1 x 12 kg,Hành lý 23 kg,2025-04-30
Bamboo Airways,PQC0004,1.167.757 VND/khách,16:30,04 thg 5,04 thg 5,17:30,1h 0m,"Phú Quốc (PQC)
Sân bay Phú Quốc",Hành lý xách tay 7 kg,Hành lý 0 kg,2025-04-30
VietJet Air,PQC0019,1.054.000 VND/khách,05:55,04 thg 5,04 thg 5,06:55,1h 0m,"Phú Quốc (PQC)
Sân bay Phú Quốc",Hành lý xách tay 7 kg,Hành lý 0 kg,2025-04-30
VietJet Air,PQC0111,1.163.000 VND/khách,15:40,04 thg 5,04 thg 5,16:40,1h 0m,"Phú Quốc (PQC)
Sân bay Phú Quốc",Hành lý xách tay 7 kg,Hành lý 0 kg,2025-04-30
VietJet Air,PQC0134,1.163.000 VND/khách,17:10,04 thg 5,04 thg 5,18:15,1h 5m,"Phú Quốc (PQC)
Sân bay Phú Quốc",Hành lý xách tay 7 kg,Hành lý 0 kg,2025-04-30
Vietnam Airlines,PQC0205,1.254.516 VND/khách,08:10,04 thg 5,04 thg 5,08:55,45m,"Phú Quốc (PQC)
Sân bay Phú Quốc",Hành lý xách tay 1 x 12 kg,Hành lý 23 kg,2025-04-30
Vietnam Airlines,PQC0184,1.254.516 VND/khách,05:40,04 thg 5,04 thg 5,06:40,1h 0m,"Phú Quốc (PQC)
Sân bay Phú Quốc",Hành lý xách tay 1 x 12 kg,Hành lý 23 kg,2025-04-30
Vietnam Airlines,PQC0294,1.254.516 VND/khách,17:25,04 thg 5,04 thg 5,18:25,1h 0m,"Phú Quốc (PQC)
Sân bay Phú Quốc",Hành lý xách tay 1 x 12 kg,Hành lý 23 kg,2025-04-30
Vietnam Airlines,PQC0320,1.254.516 VND/khách,21:00,04 thg 5,04 thg 5,22:00,1h 0m,"Phú Quốc (PQC)
Sân bay Phú Quốc",Hành lý xách tay 1 x 12 kg,Hành lý 23 kg,2025-04-30
Vietnam Airlines,PQC0271,1.254.516 VND/khách,15:05,04 thg 5,04 thg 5,16:10,1h 5m,"Phú Quốc (PQC)
Sân bay Phú Quốc",Hành lý xách tay 1 x 12 kg,Hành lý 23 kg,2025-04-30
VietJet Air,PQC0044,1.300.000 VND/khách,09:20,04 thg 5,04 thg 5,10:20,1h 0m,"Phú Quốc (PQC)
Sân bay Phú Quốc",Hành lý xách tay 7 kg,Hành lý 0 kg,2025-04-30
VietJet Air,PQC0068,1.300.000 VND/khách,11:35,04 thg 5,04 thg 5,12:35,1h 0m,"Phú Quốc (PQC)
Sân bay Phú Quốc",Hành lý xách tay 7 kg,Hành lý 0 kg,2025-04-30
VietJet Air,PQC0090,1.300.000 VND/khách,14:05,04 thg 5,04 thg 5,15:05,1h 0m,"Phú Quốc (PQC)
Sân bay Phú Quốc",Hành lý xách tay 7 kg,Hành lý 0 kg,2025-04-30
Vietnam Airlines,PQC0253,1.580.108 VND/khách,13:05,04 thg 5,04 thg 5,14:00,55m,"Phú Quốc (PQC)
Sân bay Phú Quốc",Hành lý xách tay 1 x 12 kg,Hành lý 23 kg,2025-04-30
Vietnam Airlines,PQC0228,1.665.389 VND/khách,10:25,04 thg 5,04 thg 5,11:25,1h 0m,"Phú Quốc (PQC)
Sân bay Phú Quốc",Hành lý xách tay 1 x 12 kg,Hành lý 23 kg,2025-04-30
Vietravel Airlines,PQC0325,1.903.230 VND/khách,17:25,04 thg 5,04 thg 5,18:25,1h 0m,"Phú Quốc (PQC)
Sân bay Phú Quốc",Hành lý xách tay 7 kg,Hành lý 0 kg,2025-04-30
Bamboo Airways,PQC0005,869.953 VND/khách,16:30,05 thg 5,05 thg 5,17:30,1h 0m,"Phú Quốc (PQC)
Sân bay Phú Quốc",Hành lý xách tay 7 kg,Hành lý 0 kg,2025-04-30
Vietravel Airlines,PQC0326,767.292 VND/khách,17:25,05 thg 5,05 thg 5,18:25,1h 0m,"Phú Quốc (PQC)
Sân bay Phú Quốc",Hành lý xách tay 7 kg,Hành lý 0 kg,2025-04-30
VietJet Air,PQC0135,827.000 VND/khách,17:10,05 thg 5,05 thg 5,18:15,1h 5m,"Phú Quốc (PQC)
Sân bay Phú Quốc",Hành lý xách tay 7 kg,Hành lý 0 kg,2025-04-30
Vietnam Airlines,PQC0170,995.499 VND/khách,05:25,05 thg 5,05 thg 5,06:20,55m,"Phú Quốc (PQC)
Sân bay Phú Quốc",Hành lý xách tay 1 x 12 kg,Hành lý 0 kg,2025-04-30
VietJet Air,PQC0020,1.058.000 VND/khách,05:55,05 thg 5,05 thg 5,06:55,1h 0m,"Phú Quốc (PQC)
Sân bay Phú Quốc",Hành lý xách tay 7 kg,Hành lý 0 kg,2025-04-30
VietJet Air,PQC0112,1.058.000 VND/khách,15:40,05 thg 5,05 thg 5,16:40,1h 0m,"Phú Quốc (PQC)
Sân bay Phú Quốc",Hành lý xách tay 7 kg,Hành lý 0 kg,2025-04-30
Vietnam Airlines,PQC0185,1.142.171 VND/khách,05:40,05 thg 5,05 thg 5,06:40,1h 0m,"Phú Quốc (PQC)
Sân bay Phú Quốc",Hành lý xách tay 1 x 12 kg,Hành lý 23 kg,2025-04-30
Vietnam Airlines,PQC0308,1.142.171 VND/khách,20:20,05 thg 5,05 thg 5,21:20,1h 0m,"Phú Quốc (PQC)
Sân bay Phú Quốc",Hành lý xách tay 1 x 12 kg,Hành lý 23 kg,2025-04-30
VietJet Air,PQC0091,1.166.000 VND/khách,14:05,05 thg 5,05 thg 5,15:05,1h 0m,"Phú Quốc (PQC)
Sân bay Phú Quốc",Hành lý xách tay 7 kg,Hành lý 0 kg,2025-04-30
Vietnam Airlines,PQC0272,1.254.516 VND/khách,15:05,05 thg 5,05 thg 5,16:10,1h 5m,"Phú Quốc (PQC)
Sân bay Phú Quốc",Hành lý xách tay 1 x 12 kg,Hành lý 23 kg,2025-04-30
VietJet Air,PQC0045,1.312.000 VND/khách,09:20,05 thg 5,05 thg 5,10:20,1h 0m,"Phú Quốc (PQC)
Sân bay Phú Quốc",Hành lý xách tay 7 kg,Hành lý 0 kg,2025-04-30
VietJet Air,PQC0069,1.312.000 VND/khách,11:35,05 thg 5,05 thg 5,12:35,1h 0m,"Phú Quốc (PQC)
Sân bay Phú Quốc",Hành lý xách tay 7 kg,Hành lý 0 kg,2025-04-30
Vietnam Airlines,PQC0254,1.366.860 VND/khách,13:05,05 thg 5,05 thg 5,14:00,55m,"Phú Quốc (PQC)
Sân bay Phú Quốc",Hành lý xách tay 1 x 12 kg,Hành lý 23 kg,2025-04-30
Vietnam Airlines,PQC0229,1.479.205 VND/khách,10:25,05 thg 5,05 thg 5,11:25,1h 0m,"Phú Quốc (PQC)
Sân bay Phú Quốc",Hành lý xách tay 1 x 12 kg,Hành lý 23 kg,2025-04-30
Vietnam Airlines,PQC0206,1.754.295 VND/khách,08:10,05 thg 5,05 thg 5,08:55,45m,"Phú Quốc (PQC)
Sân bay Phú Quốc",Hành lý xách tay 1 x 12 kg,Hành lý 23 kg,2025-04-30
Vietravel Airlines,PQC0327,767.292 VND/khách,17:25,06 thg 5,06 thg 5,18:25,1h 0m,"Phú Quốc (PQC)
Sân bay Phú Quốc",Hành lý xách tay 7 kg,Hành lý 0 kg,2025-04-30
VietJet Air,PQC0136,827.000 VND/khách,17:10,06 thg 5,06 thg 5,18:15,1h 5m,"Phú Quốc (PQC)
Sân bay Phú Quốc",Hành lý xách tay 7 kg,Hành lý 0 kg,2025-04-30
VietJet Air,PQC0021,1.054.000 VND/khách,05:55,06 thg 5,06 thg 5,06:55,1h 0m,"Phú Quốc (PQC)
Sân bay Phú Quốc",Hành lý xách tay 7 kg,Hành lý 0 kg,2025-04-30
VietJet Air,PQC0113,1.054.000 VND/khách,15:40,06 thg 5,06 thg 5,16:40,1h 0m,"Phú Quốc (PQC)
Sân bay Phú Quốc",Hành lý xách tay 7 kg,Hành lý 0 kg,2025-04-30
Vietnam Airlines,PQC0186,1.142.171 VND/khách,05:40,06 thg 5,06 thg 5,06:40,1h 0m,"Phú Quốc (PQC)
Sân bay Phú Quốc",Hành lý xách tay 1 x 12 kg,Hành lý 23 kg,2025-04-30
VietJet Air,PQC0064,1.163.000 VND/khách,11:30,06 thg 5,06 thg 5,12:30,1h 0m,"Phú Quốc (PQC)
Sân bay Phú Quốc",Hành lý xách tay 7 kg,Hành lý 0 kg,2025-04-30
VietJet Air,PQC0070,1.163.000 VND/khách,11:35,06 thg 5,06 thg 5,12:35,1h 0m,"Phú Quốc (PQC)
Sân bay Phú Quốc",Hành lý xách tay 7 kg,Hành lý 0 kg,2025-04-30
VietJet Air,PQC0092,1.163.000 VND/khách,14:05,06 thg 5,06 thg 5,15:05,1h 0m,"Phú Quốc (PQC)
Sân bay Phú Quốc",Hành lý xách tay 7 kg,Hành lý 0 kg,2025-04-30
Vietnam Airlines,PQC0273,1.254.516 VND/khách,15:05,06 thg 5,06 thg 5,16:10,1h 5m,"Phú Quốc (PQC)
Sân bay Phú Quốc",Hành lý xách tay 1 x 12 kg,Hành lý 23 kg,2025-04-30
VietJet Air,PQC0046,1.300.000 VND/khách,09:20,06 thg 5,06 thg 5,10:20,1h 0m,"Phú Quốc (PQC)
Sân bay Phú Quốc",Hành lý xách tay 7 kg,Hành lý 0 kg,2025-04-30
Vietnam Airlines,PQC0207,1.366.860 VND/khách,08:10,06 thg 5,06 thg 5,08:55,45m,"Phú Quốc (PQC)
Sân bay Phú Quốc",Hành lý xách tay 1 x 12 kg,Hành lý 23 kg,2025-04-30
Vietnam Airlines,PQC0255,1.479.205 VND/khách,13:05,06 thg 5,06 thg 5,14:00,55m,"Phú Quốc (PQC)
Sân bay Phú Quốc",Hành lý xách tay 1 x 12 kg,Hành lý 23 kg,2025-04-30
Vietnam Airlines,PQC0230,1.479.205 VND/khách,10:25,06 thg 5,06 thg 5,11:25,1h 0m,"Phú Quốc (PQC)
Sân bay Phú Quốc",Hành lý xách tay 1 x 12 kg,Hành lý 23 kg,2025-04-30
Bamboo Airways,PQC0006,951.543 VND/khách,16:30,07 thg 5,07 thg 5,17:30,1h 0m,"Phú Quốc (PQC)
Sân bay Phú Quốc",Hành lý xách tay 7 kg,Hành lý 0 kg,2025-04-30
Vietravel Airlines,PQC0328,767.292 VND/khách,17:25,07 thg 5,07 thg 5,18:25,1h 0m,"Phú Quốc (PQC)
Sân bay Phú Quốc",Hành lý xách tay 7 kg,Hành lý 0 kg,2025-04-30
VietJet Air,PQC0137,827.000 VND/khách,17:10,07 thg 5,07 thg 5,18:15,1h 5m,"Phú Quốc (PQC)
Sân bay Phú Quốc",Hành lý xách tay 7 kg,Hành lý 0 kg,2025-04-30
VietJet Air,PQC0022,1.054.000 VND/khách,05:55,07 thg 5,07 thg 5,06:55,1h 0m,"Phú Quốc (PQC)
Sân bay Phú Quốc",Hành lý xách tay 7 kg,Hành lý 0 kg,2025-04-30
VietJet Air,PQC0114,1.056.000 VND/khách,15:40,07 thg 5,07 thg 5,16:40,1h 0m,"Phú Quốc (PQC)
Sân bay Phú Quốc",Hành lý xách tay 7 kg,Hành lý 0 kg,2025-04-30
Vietnam Airlines,PQC0187,1.142.171 VND/khách,05:40,07 thg 5,07 thg 5,06:40,1h 0m,"Phú Quốc (PQC)
Sân bay Phú Quốc",Hành lý xách tay 1 x 12 kg,Hành lý 23 kg,2025-04-30
VietJet Air,PQC0071,1.163.000 VND/khách,11:35,07 thg 5,07 thg 5,12:35,1h 0m,"Phú Quốc (PQC)
Sân bay Phú Quốc",Hành lý xách tay 7 kg,Hành lý 0 kg,2025-04-30
VietJet Air,PQC0093,1.163.000 VND/khách,14:05,07 thg 5,07 thg 5,15:05,1h 0m,"Phú Quốc (PQC)
Sân bay Phú Quốc",Hành lý xách tay 7 kg,Hành lý 0 kg,2025-04-30
VietJet Air,PQC0047,1.300.000 VND/khách,09:20,07 thg 5,07 thg 5,10:20,1h 0m,"Phú Quốc (PQC)
Sân bay Phú Quốc",Hành lý xách tay 7 kg,Hành lý 0 kg,2025-04-30
Vietnam Airlines,PQC0208,1.366.860 VND/khách,08:10,07 thg 5,07 thg 5,08:55,45m,"Phú Quốc (PQC)
Sân bay Phú Quốc",Hành lý xách tay 1 x 12 kg,Hành lý 23 kg,2025-04-30
Vietnam Airlines,PQC0231,1.479.205 VND/khách,10:25,07 thg 5,07 thg 5,11:25,1h 0m,"Phú Quốc (PQC)
Sân bay Phú Quốc",Hành lý xách tay 1 x 12 kg,Hành lý 23 kg,2025-04-30
Vietnam Airlines,PQC0274,1.479.205 VND/khách,15:05,07 thg 5,07 thg 5,16:10,1h 5m,"Phú Quốc (PQC)
Sân bay Phú Quốc",Hành lý xách tay 1 x 12 kg,Hành lý 23 kg,2025-04-30
Vietnam Airlines,PQC0256,1.665.389 VND/khách,13:05,07 thg 5,07 thg 5,14:00,55m,"Phú Quốc (PQC)
Sân bay Phú Quốc",Hành lý xách tay 1 x 12 kg,Hành lý 23 kg,2025-04-30
VietJet Air,PQC0023,1.054.000 VND/khách,05:55,08 thg 5,08 thg 5,06:55,1h 0m,"Phú Quốc (PQC)
Sân bay Phú Quốc",Hành lý xách tay 7 kg,Hành lý 0 kg,2025-04-30
Vietravel Airlines,PQC0329,1.084.081 VND/khách,17:25,08 thg 5,08 thg 5,18:25,1h 0m,"Phú Quốc (PQC)
Sân bay Phú Quốc",Hành lý xách tay 7 kg,Hành lý 0 kg,2025-04-30
Vietnam Airlines,PQC0188,1.254.516 VND/khách,05:40,08 thg 5,08 thg 5,06:40,1h 0m,"Phú Quốc (PQC)
Sân bay Phú Quốc",Hành lý xách tay 1 x 12 kg,Hành lý 23 kg,2025-04-30
VietJet Air,PQC0094,1.300.000 VND/khách,14:05,08 thg 5,08 thg 5,15:05,1h 0m,"Phú Quốc (PQC)
Sân bay Phú Quốc",Hành lý xách tay 7 kg,Hành lý 0 kg,2025-04-30
VietJet Air,PQC0115,1.300.000 VND/khách,15:40,08 thg 5,08 thg 5,16:40,1h 0m,"Phú Quốc (PQC)
Sân bay Phú Quốc",Hành lý xách tay 7 kg,Hành lý 0 kg,2025-04-30
VietJet Air,PQC0038,1.300.000 VND/khách,08:25,08 thg 5,08 thg 5,09:30,1h 5m,"Phú Quốc (PQC)
Sân bay Phú Quốc",Hành lý xách tay 7 kg,Hành lý 0 kg,2025-04-30
VietJet Air,PQC0138,1.300.000 VND/khách,17:10,08 thg 5,08 thg 5,18:15,1h 5m,"Phú Quốc (PQC)
Sân bay Phú Quốc",Hành lý xách tay 7 kg,Hành lý 0 kg,2025-04-30
VietJet Air,PQC0155,1.300.000 VND/khách,17:40,08 thg 5,08 thg 5,18:45,1h 5m,"Phú Quốc (PQC)
Sân bay Phú Quốc",Hành lý xách tay 7 kg,Hành lý 0 kg,2025-04-30
Vietnam Airlines,PQC0275,1.366.860 VND/khách,15:05,08 thg 5,08 thg 5,16:10,1h 5m,"Phú Quốc (PQC)
Sân bay Phú Quốc",Hành lý xách tay 1 x 12 kg,Hành lý 23 kg,2025-04-30
VietJet Air,PQC0048,1.416.000 VND/khách,09:20,08 thg 5,08 thg 5,10:20,1h 0m,"Phú Quốc (PQC)
Sân bay Phú Quốc",Hành lý xách tay 7 kg,Hành lý 0 kg,2025-04-30
VietJet Air,PQC0072,1.416.000 VND/khách,11:35,08 thg 5,08 thg 5,12:35,1h 0m,"Phú Quốc (PQC)
Sân bay Phú Quốc",Hành lý xách tay 7 kg,Hành lý 0 kg,2025-04-30
Vietnam Airlines,PQC0209,1.580.108 VND/khách,08:10,08 thg 5,08 thg 5,08:55,45m,"Phú Quốc (PQC)
Sân bay Phú Quốc",Hành lý xách tay 1 x 12 kg,Hành lý 23 kg,2025-04-30
Vietnam Airlines,PQC0257,1.580.108 VND/khách,13:05,08 thg 5,08 thg 5,14:00,55m,"Phú Quốc (PQC)
Sân bay Phú Quốc",Hành lý xách tay 1 x 12 kg,Hành lý 23 kg,2025-04-30
Vietnam Airlines,PQC0232,1.580.108 VND/khách,10:25,08 thg 5,08 thg 5,11:25,1h 0m,"Phú Quốc (PQC)
Sân bay Phú Quốc",Hành lý xách tay 1 x 12 kg,Hành lý 23 kg,2025-04-30
Bamboo Airways,PQC0007,1.222.830 VND/khách,16:30,09 thg 5,09 thg 5,17:30,1h 0m,"Phú Quốc (PQC)
Sân bay Phú Quốc",Hành lý xách tay 7 kg,Hành lý 0 kg,2025-04-30
Vietravel Airlines,PQC0330,1.163.279 VND/khách,17:25,09 thg 5,09 thg 5,18:25,1h 0m,"Phú Quốc (PQC)
Sân bay Phú Quốc",Hành lý xách tay 7 kg,Hành lý 0 kg,2025-04-30
VietJet Air,PQC0139,1.300.000 VND/khách,17:10,09 thg 5,09 thg 5,18:15,1h 5m,"Phú Quốc (PQC)
Sân bay Phú Quốc",Hành lý xách tay 7 kg,Hành lý 0 kg,2025-04-30
VietJet Air,PQC0024,1.416.000 VND/khách,05:55,09 thg 5,09 thg 5,06:55,1h 0m,"Phú Quốc (PQC)
Sân bay Phú Quốc",Hành lý xách tay 7 kg,Hành lý 0 kg,2025-04-30
VietJet Air,PQC0116,1.416.000 VND/khách,15:40,09 thg 5,09 thg 5,16:40,1h 0m,"Phú Quốc (PQC)
Sân bay Phú Quốc",Hành lý xách tay 7 kg,Hành lý 0 kg,2025-04-30
Vietnam Airlines,PQC0309,1.479.205 VND/khách,20:20,09 thg 5,09 thg 5,21:20,1h 0m,"Phú Quốc (PQC)
Sân bay Phú Quốc",Hành lý xách tay 1 x 12 kg,Hành lý 23 kg,2025-04-30
VietJet Air,PQC0095,1.565.000 VND/khách,14:05,09 thg 5,09 thg 5,15:05,1h 0m,"Phú Quốc (PQC)
Sân bay Phú Quốc",Hành lý xách tay 7 kg,Hành lý 0 kg,2025-04-30
Vietnam Airlines,PQC0276,1.580.108 VND/khách,15:05,09 thg 5,09 thg 5,16:10,1h 5m,"Phú Quốc (PQC)
Sân bay Phú Quốc",Hành lý xách tay 1 x 12 kg,Hành lý 23 kg,2025-04-30
VietJet Air,PQC0049,1.681.000 VND/khách,09:20,09 thg 5,09 thg 5,10:20,1h 0m,"Phú Quốc (PQC)
Sân bay Phú Quốc",Hành lý xách tay 7 kg,Hành lý 0 kg,2025-04-30
VietJet Air,PQC0073,1.683.000 VND/khách,11:35,09 thg 5,09 thg 5,12:35,1h 0m,"Phú Quốc (PQC)
Sân bay Phú Quốc",Hành lý xách tay 7 kg,Hành lý 0 kg,2025-04-30
Vietnam Airlines,PQC0189,1.754.295 VND/khách,05:40,09 thg 5,09 thg 5,06:40,1h 0m,"Phú Quốc (PQC)
Sân bay Phú Quốc",Hành lý xách tay 1 x 12 kg,Hành lý 23 kg,2025-04-30
Vietnam Airlines,PQC0249,1.754.295 VND/khách,13:00,09 thg 5,09 thg 5,14:00,1h 0m,"Phú Quốc (PQC)
Sân bay Phú Quốc",Hành lý xách tay 1 x 12 kg,Hành lý 23 kg,2025-04-30
Vietnam Airlines,PQC0233,1.844.235 VND/khách,10:25,09 thg 5,09 thg 5,11:25,1h 0m,"Phú Quốc (PQC)
Sân bay Phú Quốc",Hành lý xách tay 1 x 12 kg,Hành lý 23 kg,2025-04-30
Vietnam Airlines,PQC0210,1.953.762 VND/khách,08:10,09 thg 5,09 thg 5,08:55,45m,"Phú Quốc (PQC)
Sân bay Phú Quốc",Hành lý xách tay 1 x 12 kg,Hành lý 23 kg,2025-04-30
Vietravel Airlines,PQC0331,982.257 VND/khách,17:25,10 thg 5,10 thg 5,18:25,1h 0m,"Phú Quốc (PQC)
Sân bay Phú Quốc",Hành lý xách tay 7 kg,Hành lý 0 kg,2025-04-30
VietJet Air,PQC0140,1.155.000 VND/khách,17:10,10 thg 5,10 thg 5,18:15,1h 5m,"Phú Quốc (PQC)
Sân bay Phú Quốc",Hành lý xách tay 7 kg,Hành lý 0 kg,2025-04-30
VietJet Air,PQC0025,1.289.000 VND/khách,05:55,10 thg 5,10 thg 5,06:55,1h 0m,"Phú Quốc (PQC)
Sân bay Phú Quốc",Hành lý xách tay 7 kg,Hành lý 0 kg,2025-04-30
VietJet Air,PQC0096,1.289.000 VND/khách,14:05,10 thg 5,10 thg 5,15:05,1h 0m,"Phú Quốc (PQC)
Sân bay Phú Quốc",Hành lý xách tay 7 kg,Hành lý 0 kg,2025-04-30
VietJet Air,PQC0117,1.289.000 VND/khách,15:40,10 thg 5,10 thg 5,16:40,1h 0m,"Phú Quốc (PQC)
Sân bay Phú Quốc",Hành lý xách tay 7 kg,Hành lý 0 kg,2025-04-30
Vietnam Airlines,PQC0277,1.366.860 VND/khách,15:05,10 thg 5,10 thg 5,16:10,1h 5m,"Phú Quốc (PQC)
Sân bay Phú Quốc",Hành lý xách tay 1 x 12 kg,Hành lý 23 kg,2025-04-30
VietJet Air,PQC0074,1.416.000 VND/khách,11:35,10 thg 5,10 thg 5,12:35,1h 0m,"Phú Quốc (PQC)
Sân bay Phú Quốc",Hành lý xách tay 7 kg,Hành lý 0 kg,2025-04-30
VietJet Air,PQC0050,1.565.000 VND/khách,09:20,10 thg 5,10 thg 5,10:20,1h 0m,"Phú Quốc (PQC)
Sân bay Phú Quốc",Hành lý xách tay 7 kg,Hành lý 0 kg,2025-04-30
Vietnam Airlines,PQC0258,1.580.108 VND/khách,13:05,10 thg 5,10 thg 5,14:00,55m,"Phú Quốc (PQC)
Sân bay Phú Quốc",Hành lý xách tay 1 x 12 kg,Hành lý 23 kg,2025-04-30
Vietnam Airlines,PQC0234,1.665.389 VND/khách,10:25,10 thg 5,10 thg 5,11:25,1h 0m,"Phú Quốc (PQC)
Sân bay Phú Quốc",Hành lý xách tay 1 x 12 kg,Hành lý 23 kg,2025-04-30
Vietnam Airlines,PQC0190,1.900.061 VND/khách,05:40,10 thg 5,10 thg 5,06:40,1h 0m,"Phú Quốc (PQC)
Sân bay Phú Quốc",Hành lý xách tay 1 x 12 kg,Hành lý 23 kg,2025-04-30
Vietnam Airlines,PQC0211,1.953.762 VND/khách,08:10,10 thg 5,10 thg 5,08:55,45m,"Phú Quốc (PQC)
Sân bay Phú Quốc",Hành lý xách tay 1 x 12 kg,Hành lý 23 kg,2025-04-30
Bamboo Airways,PQC0008,951.543 VND/khách,16:30,11 thg 5,11 thg 5,17:30,1h 0m,"Phú Quốc (PQC)
Sân bay Phú Quốc",Hành lý xách tay 7 kg,Hành lý 0 kg,2025-04-30
Vietravel Airlines,PQC0332,767.292 VND/khách,17:25,11 thg 5,11 thg 5,18:25,1h 0m,"Phú Quốc (PQC)
Sân bay Phú Quốc",Hành lý xách tay 7 kg,Hành lý 0 kg,2025-04-30
VietJet Air,PQC0141,816.000 VND/khách,17:10,11 thg 5,11 thg 5,18:15,1h 5m,"Phú Quốc (PQC)
Sân bay Phú Quốc",Hành lý xách tay 7 kg,Hành lý 0 kg,2025-04-30
VietJet Air,PQC0118,817.000 VND/khách,15:40,11 thg 5,11 thg 5,16:40,1h 0m,"Phú Quốc (PQC)
Sân bay Phú Quốc",Hành lý xách tay 7 kg,Hành lý 0 kg,2025-04-30
VietJet Air,PQC0026,1.051.000 VND/khách,05:55,11 thg 5,11 thg 5,06:55,1h 0m,"Phú Quốc (PQC)
Sân bay Phú Quốc",Hành lý xách tay 7 kg,Hành lý 0 kg,2025-04-30
Vietnam Airlines,PQC0191,1.142.171 VND/khách,05:40,11 thg 5,11 thg 5,06:40,1h 0m,"Phú Quốc (PQC)
Sân bay Phú Quốc",Hành lý xách tay 1 x 12 kg,Hành lý 23 kg,2025-04-30
Vietnam Airlines,PQC0310,1.142.171 VND/khách,20:20,11 thg 5,11 thg 5,21:20,1h 0m,"Phú Quốc (PQC)
Sân bay Phú Quốc",Hành lý xách tay 1 x 12 kg,Hành lý 23 kg,2025-04-30
VietJet Air,PQC0051,1.155.000 VND/khách,09:20,11 thg 5,11 thg 5,10:20,1h 0m,"Phú Quốc (PQC)
Sân bay Phú Quốc",Hành lý xách tay 7 kg,Hành lý 0 kg,2025-04-30
VietJet Air,PQC0075,1.155.000 VND/khách,11:35,11 thg 5,11 thg 5,12:35,1h 0m,"Phú Quốc (PQC)
Sân bay Phú Quốc",Hành lý xách tay 7 kg,Hành lý 0 kg,2025-04-30
VietJet Air,PQC0097,1.155.000 VND/khách,14:05,11 thg 5,11 thg 5,15:05,1h 0m,"Phú Quốc (PQC)
Sân bay Phú Quốc",Hành lý xách tay 7 kg,Hành lý 0 kg,2025-04-30
Vietnam Airlines,PQC0259,1.254.516 VND/khách,13:05,11 thg 5,11 thg 5,14:00,55m,"Phú Quốc (PQC)
Sân bay Phú Quốc",Hành lý xách tay 1 x 12 kg,Hành lý 23 kg,2025-04-30
Vietnam Airlines,PQC0278,1.254.516 VND/khách,15:05,11 thg 5,11 thg 5,16:10,1h 5m,"Phú Quốc (PQC)
Sân bay Phú Quốc",Hành lý xách tay 1 x 12 kg,Hành lý 23 kg,2025-04-30
Vietnam Airlines,PQC0235,1.366.860 VND/khách,10:25,11 thg 5,11 thg 5,11:25,1h 0m,"Phú Quốc (PQC)
Sân bay Phú Quốc",Hành lý xách tay 1 x 12 kg,Hành lý 23 kg,2025-04-30
Vietnam Airlines,PQC0212,1.479.205 VND/khách,08:10,11 thg 5,11 thg 5,08:55,45m,"Phú Quốc (PQC)
Sân bay Phú Quốc",Hành lý xách tay 1 x 12 kg,Hành lý 23 kg,2025-04-30
