id,brand,price,start_hour,end_hour,trip_minutes,destination,hand_luggage,checked_baggage,is_holiday,days_left
HAN0002,Bamboo Airways,1080048,16,17,55,HAN,7.0,0.0,2,1
HAN0030,VietJet Air,1052363,15,16,55,HAN,7.0,0.0,2,1
HAN0136,Vietnam Airlines,1161837,21,22,60,HAN,12.0,23.0,2,1
HAN0150,Vietnam Airlines,1229769,5,6,55,HAN,12.0,23.0,2,1
HAN0046,VietJet Air,1338645,9,10,55,HAN,7.0,0.0,2,1
HAN0168,Vietnam Airlines,1701297,8,9,55,HAN,12.0,23.0,2,1
HAN0003,Bamboo Airways,782244,16,17,55,HAN,7.0,0.0,2,2
HAN0047,VietJet Air,805980,9,10,55,HAN,7.0,0.0,2,2
HAN0031,VietJet Air,805980,15,16,55,HAN,7.0,0.0,2,2
HAN0137,Vietnam Airlines,1149849,21,22,60,HAN,12.0,23.0,2,2
HAN0169,Vietnam Airlines,1160838,8,9,55,HAN,12.0,23.0,2,2
HAN0004,Bamboo Airways,869953,16,17,55,HAN,7.0,0.0,2,3
HAN0048,VietJet Air,806978,9,10,55,HAN,7.0,0.0,2,3
HAN0170,Vietnam Airlines,1012986,8,9,55,HAN,12.0,0.0,2,3
HAN0148,Vietnam Airlines,1012986,22,23,60,HAN,12.0,0.0,2,3
HAN0032,VietJet Air,1052363,15,16,55,HAN,7.0,0.0,2,3
HAN0049,VietJet Air,806978,9,10,55,HAN,7.0,0.0,0,4
HAN0153,Vietnam Airlines,1012986,5,6,55,HAN,12.0,0.0,0,4
HAN0139,Vietnam Airlines,1161837,21,22,60,HAN,12.0,23.0,0,4
HAN0102,Vietnam Airlines,1791207,10,11,55,HAN,12.0,23.0,0,4
HAN0005,Bamboo Airways,754708,16,17,55,HAN,7.0,0.0,0,5
HAN0050,VietJet Air,806978,9,10,55,HAN,7.0,0.0,0,5
HAN0172,Vietnam Airlines,902097,8,9,55,HAN,12.0,0.0,0,5
HAN0124,Vietnam Airlines,1120878,17,18,55,HAN,12.0,23.0,0,5
HAN0051,VietJet Air,806978,9,10,55,HAN,7.0,0.0,0,6
HAN0173,Vietnam Airlines,901098,8,9,55,HAN,12.0,0.0,0,6
HAN0154,Vietnam Airlines,1016982,5,6,55,HAN,12.0,0.0,0,6
HAN0104,Vietnam Airlines,1141850,10,11,55,HAN,12.0,23.0,0,6
HAN0125,Vietnam Airlines,1141850,17,18,55,HAN,12.0,23.0,0,6
HAN0006,Bamboo Airways,754708,16,17,55,HAN,7.0,0.0,0,7
HAN0052,VietJet Air,805980,9,10,55,HAN,7.0,0.0,0,7
HAN0174,Vietnam Airlines,975024,8,9,55,HAN,12.0,0.0,0,7
HAN0126,Vietnam Airlines,1249749,17,18,55,HAN,12.0,23.0,0,7
HAN0053,VietJet Air,1277798,9,10,55,HAN,7.0,0.0,0,8
HAN0155,Vietnam Airlines,1366476,5,6,55,HAN,12.0,23.0,0,8
HAN0175,Vietnam Airlines,1491507,8,9,55,HAN,12.0,23.0,0,8
HAN0106,Vietnam Airlines,1596402,10,11,55,HAN,12.0,23.0,0,8
HAN0127,Vietnam Airlines,1596402,17,18,55,HAN,12.0,23.0,0,8
HAN0007,Bamboo Airways,829158,16,17,55,HAN,7.0,0.0,1,9
HAN0054,VietJet Air,1140143,9,10,55,HAN,7.0,0.0,1,9
HAN0128,Vietnam Airlines,1156842,17,18,55,HAN,12.0,23.0,1,9
HAN0107,Vietnam Airlines,1379619,10,11,55,HAN,12.0,23.0,1,9
HAN0055,VietJet Air,802988,9,10,55,HAN,7.0,0.0,1,10
HAN0156,Vietnam Airlines,975024,5,6,55,HAN,12.0,0.0,1,10
HAN0177,Vietnam Airlines,1141850,8,9,55,HAN,12.0,23.0,1,10
HAN0108,Vietnam Airlines,1141850,10,11,55,HAN,12.0,23.0,1,10
HAN0129,Vietnam Airlines,1141850,17,18,55,HAN,12.0,23.0,1,10
HAN0003,Bamboo Airways,782244,16,17,55,HAN,7.0,0.0,2,1
HAN0047,VietJet Air,825930,9,10,55,HAN,7.0,0.0,2,1
HAN0137,Vietnam Airlines,1151847,21,22,60,HAN,12.0,23.0,2,1
HAN0169,Vietnam Airlines,1179170,8,9,55,HAN,12.0,23.0,2,1
HAN0100,Vietnam Airlines,1752246,10,11,55,HAN,12.0,23.0,2,1
HAN0004,Bamboo Airways,782244,16,17,55,HAN,7.0,0.0,2,2
HAN0048,VietJet Air,811965,9,10,55,HAN,7.0,0.0,2,2
HAN0170,Vietnam Airlines,1013985,8,9,55,HAN,12.0,0.0,2,2
HAN0148,Vietnam Airlines,1013985,22,23,60,HAN,12.0,0.0,2,2
HAN0032,VietJet Air,1035405,15,16,55,HAN,7.0,0.0,2,2
HAN0049,VietJet Air,811965,9,10,55,HAN,7.0,0.0,0,3
HAN0153,Vietnam Airlines,1010988,5,6,55,HAN,12.0,0.0,0,3
HAN0139,Vietnam Airlines,1159839,21,22,60,HAN,12.0,23.0,0,3
HAN0102,Vietnam Airlines,1791207,10,11,55,HAN,12.0,23.0,0,3
HAN0005,Bamboo Airways,754708,16,17,55,HAN,7.0,0.0,0,4
HAN0050,VietJet Air,810968,9,10,55,HAN,7.0,0.0,0,4
HAN0172,Vietnam Airlines,1009989,8,9,55,HAN,12.0,0.0,0,4
HAN0124,Vietnam Airlines,1159839,17,18,55,HAN,12.0,23.0,0,4
HAN0051,VietJet Air,810968,9,10,55,HAN,7.0,0.0,0,5
HAN0173,Vietnam Airlines,894105,8,9,55,HAN,12.0,0.0,0,5
HAN0154,Vietnam Airlines,1009989,5,6,55,HAN,12.0,0.0,0,5
HAN0125,Vietnam Airlines,1159839,17,18,55,HAN,12.0,23.0,0,5
HAN0104,Vietnam Airlines,1271727,10,11,55,HAN,12.0,23.0,0,5
HAN0006,Bamboo Airways,754708,16,17,55,HAN,7.0,0.0,0,6
HAN0052,VietJet Air,810968,9,10,55,HAN,7.0,0.0,0,6
HAN0174,Vietnam Airlines,1009989,8,9,55,HAN,12.0,0.0,0,6
HAN0126,Vietnam Airlines,1252746,17,18,55,HAN,12.0,23.0,0,6
HAN0053,VietJet Air,1280790,9,10,55,HAN,7.0,0.0,0,7
HAN0155,Vietnam Airlines,1383615,5,6,55,HAN,12.0,23.0,0,7
HAN0175,Vietnam Airlines,1495503,8,9,55,HAN,12.0,23.0,0,7
HAN0106,Vietnam Airlines,1600398,10,11,55,HAN,12.0,23.0,0,7
HAN0127,Vietnam Airlines,1600398,17,18,55,HAN,12.0,23.0,0,7
HAN0007,Bamboo Airways,754708,16,17,55,HAN,7.0,0.0,1,8
HAN0054,VietJet Air,1143135,9,10,55,HAN,7.0,0.0,1,8
HAN0128,Vietnam Airlines,1159839,17,18,55,HAN,12.0,23.0,1,8
HAN0055,VietJet Air,813960,9,10,55,HAN,7.0,0.0,1,9
HAN0156,Vietnam Airlines,993381,5,6,55,HAN,12.0,0.0,1,9
HAN0177,Vietnam Airlines,1157841,8,9,55,HAN,12.0,23.0,1,9
HAN0108,Vietnam Airlines,1157841,10,11,55,HAN,12.0,23.0,1,9
HAN0129,Vietnam Airlines,1179170,17,18,55,HAN,12.0,23.0,1,9
HAN0004,Bamboo Airways,869953,16,17,55,HAN,7.0,0.0,2,1
HAN0048,VietJet Air,854858,9,10,55,HAN,7.0,0.0,2,1
HAN0049,VietJet Air,817950,9,10,55,HAN,7.0,0.0,0,2
HAN0153,Vietnam Airlines,1179170,5,6,55,HAN,12.0,23.0,0,2
HAN0139,Vietnam Airlines,1179170,21,22,60,HAN,12.0,23.0,0,2
HAN0102,Vietnam Airlines,1979244,10,11,55,HAN,12.0,23.0,0,2
HAN0005,Bamboo Airways,754708,16,17,55,HAN,7.0,0.0,0,3
HAN0051,VietJet Air,817950,9,10,55,HAN,7.0,0.0,0,4
HAN0006,Bamboo Airways,754708,16,17,55,HAN,7.0,0.0,0,5
HAN0053,VietJet Air,1290765,9,10,55,HAN,7.0,0.0,0,6
HAN0007,Bamboo Airways,754708,16,17,55,HAN,7.0,0.0,1,7
HAN0054,VietJet Air,1152113,9,10,55,HAN,7.0,0.0,1,7
HAN0128,Vietnam Airlines,1168830,17,18,55,HAN,12.0,23.0,1,7
HAN0055,VietJet Air,817950,9,10,55,HAN,7.0,0.0,1,8
HAN0156,Vietnam Airlines,989010,5,6,55,HAN,12.0,0.0,1,8
HAN0177,Vietnam Airlines,1168830,8,9,55,HAN,12.0,23.0,1,8
HAN0108,Vietnam Airlines,1168830,10,11,55,HAN,12.0,23.0,1,8
HAN0129,Vietnam Airlines,1168830,17,18,55,HAN,12.0,23.0,1,8
HAN0049,VietJet Air,831915,9,10,55,HAN,7.0,0.0,0,1
HAN0153,Vietnam Airlines,1140858,5,6,55,HAN,12.0,23.0,0,1
HAN0139,Vietnam Airlines,1283715,21,22,60,HAN,12.0,23.0,0,1
HAN0102,Vietnam Airlines,2011986,10,11,55,HAN,12.0,23.0,0,1
HAN0005,Bamboo Airways,734450,16,17,55,HAN,7.0,0.0,0,2
HAN0050,VietJet Air,816953,9,10,55,HAN,7.0,0.0,0,2
HAN0172,Vietnam Airlines,1020978,8,9,55,HAN,12.0,0.0,0,2
HAN0124,Vietnam Airlines,1136862,17,18,55,HAN,12.0,23.0,0,2
HAN0051,VietJet Air,816953,9,10,55,HAN,7.0,0.0,0,3
HAN0173,Vietnam Airlines,908091,8,9,55,HAN,12.0,0.0,0,3
HAN0154,Vietnam Airlines,1020978,5,6,55,HAN,12.0,0.0,0,3
HAN0125,Vietnam Airlines,1179170,17,18,55,HAN,12.0,23.0,0,3
HAN0104,Vietnam Airlines,1392606,10,11,55,HAN,12.0,23.0,0,3
HAN0006,Bamboo Airways,734450,16,17,55,HAN,7.0,0.0,0,4
HAN0052,VietJet Air,816953,9,10,55,HAN,7.0,0.0,0,4
HAN0174,Vietnam Airlines,1102896,8,9,55,HAN,12.0,23.0,0,4
HAN0126,Vietnam Airlines,1366522,17,18,55,HAN,12.0,23.0,0,4
HAN0053,VietJet Air,1285778,9,10,55,HAN,7.0,0.0,0,5
HAN0155,Vietnam Airlines,1392606,5,6,55,HAN,12.0,23.0,0,5
HAN0175,Vietnam Airlines,1508490,8,9,55,HAN,12.0,23.0,0,5
HAN0106,Vietnam Airlines,1610388,10,11,55,HAN,12.0,23.0,0,5
HAN0127,Vietnam Airlines,1715283,17,18,55,HAN,12.0,23.0,0,5
HAN0007,Bamboo Airways,734450,16,17,55,HAN,7.0,0.0,1,6
HAN0054,VietJet Air,1143135,9,10,55,HAN,7.0,0.0,1,6
HAN0128,Vietnam Airlines,1249749,17,18,55,HAN,12.0,23.0,1,6
HAN0107,Vietnam Airlines,1508490,10,11,55,HAN,12.0,23.0,1,6
HAN0005,Bamboo Airways,907145,16,17,55,HAN,7.0,0.0,0,1
HAN0027,VietJet Air,840893,10,10,50,HAN,7.0,0.0,0,1
HAN0172,Vietnam Airlines,1103895,8,9,55,HAN,10.0,23.0,0,1
HAN0124,Vietnam Airlines,1171827,17,18,55,HAN,10.0,23.0,0,1
HAN0154,Vietnam Airlines,1021977,5,6,55,HAN,10.0,0.0,0,2
HAN0173,Vietnam Airlines,1021977,8,9,55,HAN,10.0,0.0,0,2
HAN0125,Vietnam Airlines,1479368,17,18,55,HAN,10.0,23.0,0,2
HAN0104,Vietnam Airlines,1679319,10,11,55,HAN,10.0,23.0,0,2
HAN0051,VietJet Air,1876298,9,10,55,HAN,7.0,0.0,0,2
HAN0006,Bamboo Airways,826753,16,17,55,HAN,7.0,0.0,0,3
HAN0052,VietJet Air,813960,9,10,55,HAN,7.0,0.0,0,3
HAN0174,Vietnam Airlines,1254653,8,9,55,HAN,10.0,23.0,0,3
HAN0126,Vietnam Airlines,1411137,17,18,55,HAN,10.0,23.0,0,3
HAN0053,VietJet Air,1301738,9,10,55,HAN,7.0,0.0,0,4
HAN0155,Vietnam Airlines,1507491,5,6,55,HAN,10.0,23.0,0,4
HAN0175,Vietnam Airlines,1507491,8,9,55,HAN,10.0,23.0,0,4
HAN0106,Vietnam Airlines,1766232,10,11,55,HAN,10.0,23.0,0,4
HAN0127,Vietnam Airlines,1856142,17,18,55,HAN,10.0,23.0,0,4
HAN0007,Bamboo Airways,826753,16,17,55,HAN,7.0,0.0,1,5
HAN0054,VietJet Air,1156103,9,10,55,HAN,7.0,0.0,1,5
HAN0128,Vietnam Airlines,1250748,17,18,55,HAN,10.0,23.0,1,5
HAN0055,VietJet Air,806978,9,10,55,HAN,7.0,0.0,1,6
HAN0156,Vietnam Airlines,1021977,5,6,55,HAN,10.0,0.0,1,6
HAN0177,Vietnam Airlines,1167831,8,9,55,HAN,10.0,23.0,1,6
HAN0108,Vietnam Airlines,1167831,10,11,55,HAN,10.0,23.0,1,6
HAN0129,Vietnam Airlines,1167831,17,18,55,HAN,10.0,23.0,1,6
HAN0028,VietJet Air,829920,10,10,50,HAN,7.0,0.0,0,1
HAN0154,Vietnam Airlines,1018980,5,6,55,HAN,10.0,0.0,0,1
HAN0173,Vietnam Airlines,1018980,8,9,55,HAN,10.0,0.0,0,1
HAN0104,Vietnam Airlines,1675323,10,11,55,HAN,10.0,23.0,0,1
HAN0125,Vietnam Airlines,1675323,17,18,55,HAN,10.0,23.0,0,1
HAN0006,Bamboo Airways,1376831,16,17,55,HAN,7.0,0.0,0,1
HAN0052,VietJet Air,840893,9,10,55,HAN,7.0,0.0,0,1
HAN0174,Vietnam Airlines,1396602,8,9,55,HAN,10.0,23.0,0,1
HAN0126,Vietnam Airlines,1797201,17,18,55,HAN,10.0,23.0,0,1
HAN0053,VietJet Air,1297748,9,10,55,HAN,7.0,0.0,0,2
HAN0155,Vietnam Airlines,1501497,5,6,55,HAN,10.0,23.0,0,2
HAN0175,Vietnam Airlines,1759239,8,9,55,HAN,10.0,23.0,0,2
HAN0106,Vietnam Airlines,1849149,10,11,55,HAN,10.0,23.0,0,2
HAN0007,Bamboo Airways,782244,16,17,55,HAN,7.0,0.0,1,3
HAN0054,VietJet Air,1158047,9,10,55,HAN,7.0,0.0,1,3
HAN0128,Vietnam Airlines,1250748,17,18,55,HAN,10.0,23.0,1,3
HAN0055,VietJet Air,819284,9,10,55,HAN,7.0,0.0,1,4
HAN0156,Vietnam Airlines,899100,5,6,55,HAN,10.0,0.0,1,4
HAN0177,Vietnam Airlines,1137861,8,9,55,HAN,10.0,23.0,1,4
HAN0108,Vietnam Airlines,1246752,10,11,55,HAN,10.0,23.0,1,4
HAN0129,Vietnam Airlines,1381617,17,18,55,HAN,10.0,23.0,1,4
HAN0053,VietJet Air,1181040,9,10,55,HAN,7.0,0.0,0,1
HAN0155,Vietnam Airlines,1389659,5,6,55,HAN,10.0,23.0,0,1
HAN0175,Vietnam Airlines,1812186,8,9,55,HAN,10.0,23.0,0,1
HAN0106,Vietnam Airlines,2020977,10,11,55,HAN,10.0,23.0,0,1
HAN0007,Bamboo Airways,947464,16,17,55,HAN,7.0,0.0,1,2
HAN0054,VietJet Air,1133160,9,10,55,HAN,7.0,0.0,1,2
HAN0128,Vietnam Airlines,1343655,17,18,55,HAN,10.0,23.0,1,2
HAN0176,Vietnam Airlines,1997001,8,9,55,HAN,10.0,23.0,1,2
HAN0055,VietJet Air,807975,9,10,55,HAN,7.0,0.0,1,3
HAN0156,Vietnam Airlines,903096,5,6,55,HAN,10.0,0.0,1,3
HAN0177,Vietnam Airlines,1160838,8,9,55,HAN,10.0,23.0,1,3
HAN0108,Vietnam Airlines,1295154,10,11,55,HAN,10.0,23.0,1,3
HAN0129,Vietnam Airlines,1580229,17,18,55,HAN,10.0,23.0,1,3
HAN0007,Bamboo Airways,1211612,16,17,55,HAN,7.0,0.0,1,1
HAN0128,Vietnam Airlines,1562436,17,18,55,HAN,10.0,23.0,1,1
HAN0054,VietJet Air,1607207,9,10,55,HAN,7.0,0.0,1,1
HAN0055,VietJet Air,798000,9,10,55,HAN,7.0,0.0,1,2
HAN0156,Vietnam Airlines,1007991,5,6,55,HAN,10.0,0.0,1,2
HAN0177,Vietnam Airlines,1161837,8,9,55,HAN,10.0,23.0,1,2
HAN0108,Vietnam Airlines,1366161,10,11,55,HAN,10.0,23.0,1,2
HAN0129,Vietnam Airlines,1593405,17,18,55,HAN,10.0,23.0,1,2
HAN0149,Vietnam Airlines,1942056,5,6,55,HAN,12.0,23.0,3,13
HAN0001,Bamboo Airways,1564488,16,17,55,HAN,7.0,0.0,3,13
HAN0045,VietJet Air,1578045,9,10,55,HAN,7.0,0.0,3,13
HAN0029,VietJet Air,1578045,15,16,55,HAN,7.0,0.0,3,13
HAN0167,Vietnam Airlines,1864134,8,9,55,HAN,12.0,23.0,3,13
HAN0150,Vietnam Airlines,1489509,5,6,55,HAN,12.0,23.0,2,14
HAN0046,VietJet Air,1139145,9,10,55,HAN,7.0,0.0,2,14
HAN0030,VietJet Air,1139145,15,16,55,HAN,7.0,0.0,2,14
HAN0002,Bamboo Airways,1376831,16,17,55,HAN,7.0,0.0,2,14
HAN0136,Vietnam Airlines,1489509,21,22,60,HAN,12.0,23.0,2,14
HAN0168,Vietnam Airlines,1600398,8,9,55,HAN,12.0,23.0,2,14
HAN0137,Vietnam Airlines,1147851,21,22,60,HAN,12.0,23.0,2,15
HAN0003,Bamboo Airways,786175,16,17,55,HAN,7.0,0.0,2,15
HAN0047,VietJet Air,799995,9,10,55,HAN,7.0,0.0,2,15
HAN0031,VietJet Air,799995,15,16,55,HAN,7.0,0.0,2,15
HAN0169,Vietnam Airlines,1150848,8,9,55,HAN,12.0,23.0,2,15
HAN0151,Vietnam Airlines,1162836,5,6,55,HAN,12.0,23.0,2,15
HAN0152,Vietnam Airlines,943056,5,6,55,HAN,12.0,0.0,2,16
HAN0048,VietJet Air,799995,9,10,55,HAN,7.0,0.0,2,16
HAN0004,Bamboo Airways,874325,16,17,55,HAN,7.0,0.0,2,16
HAN0138,Vietnam Airlines,943056,21,22,60,HAN,12.0,0.0,2,16
HAN0170,Vietnam Airlines,945054,8,9,55,HAN,12.0,0.0,2,16
HAN0032,VietJet Air,1028423,15,16,55,HAN,7.0,0.0,2,16
HAN0153,Vietnam Airlines,944055,5,6,55,HAN,12.0,0.0,0,17
HAN0049,VietJet Air,799995,9,10,55,HAN,7.0,0.0,0,17
HAN0171,Vietnam Airlines,940059,8,9,55,HAN,12.0,0.0,0,17
HAN0102,Vietnam Airlines,1162836,10,11,55,HAN,12.0,23.0,0,17
HAN0124,Vietnam Airlines,943056,17,18,55,HAN,12.0,0.0,0,18
HAN0005,Bamboo Airways,782244,16,17,55,HAN,7.0,0.0,0,18
HAN0050,VietJet Air,799995,9,10,55,HAN,7.0,0.0,0,18
HAN0172,Vietnam Airlines,943056,8,9,55,HAN,12.0,0.0,0,18
HAN0103,Vietnam Airlines,1162836,10,11,55,HAN,12.0,23.0,0,18
HAN0154,Vietnam Airlines,943056,5,6,55,HAN,12.0,0.0,0,19
HAN0051,VietJet Air,799995,9,10,55,HAN,7.0,0.0,0,19
HAN0173,Vietnam Airlines,943056,8,9,55,HAN,12.0,0.0,0,19
HAN0125,Vietnam Airlines,1150848,17,18,55,HAN,12.0,23.0,0,19
HAN0126,Vietnam Airlines,1161837,17,18,55,HAN,12.0,23.0,0,20
HAN0006,Bamboo Airways,786175,16,17,55,HAN,7.0,0.0,0,20
HAN0052,VietJet Air,799995,9,10,55,HAN,7.0,0.0,0,20
HAN0174,Vietnam Airlines,1080918,8,9,55,HAN,12.0,23.0,0,20
HAN0157,Vietnam Airlines,1166832,5,6,55,HAN,12.0,23.0,0,3
HAN0033,VietJet Air,799995,15,16,55,HAN,7.0,0.0,0,3
HAN0130,Vietnam Airlines,1365633,17,18,55,HAN,12.0,23.0,0,3
HAN0158,Vietnam Airlines,1013985,5,6,55,HAN,12.0,0.0,0,4
HAN0008,Bamboo Airways,869953,16,17,55,HAN,7.0,0.0,0,4
HAN0034,VietJet Air,1028423,15,16,55,HAN,7.0,0.0,0,4
HAN0131,Vietnam Airlines,1162836,17,18,55,HAN,12.0,23.0,0,4
HAN0159,Vietnam Airlines,1162836,5,6,55,HAN,12.0,23.0,0,5
HAN0035,VietJet Air,799995,15,16,55,HAN,7.0,0.0,0,5
HAN0132,Vietnam Airlines,1237761,17,18,55,HAN,12.0,23.0,0,5
HAN0160,Vietnam Airlines,1233765,5,6,55,HAN,12.0,23.0,0,6
HAN0009,Bamboo Airways,1080048,16,17,55,HAN,7.0,0.0,0,6
HAN0036,VietJet Air,1139145,15,16,55,HAN,7.0,0.0,0,6
HAN0161,Vietnam Airlines,1274724,5,6,55,HAN,12.0,23.0,0,7
HAN0037,VietJet Air,1139145,15,16,55,HAN,7.0,0.0,0,7
HAN0142,Vietnam Airlines,1393605,21,22,60,HAN,12.0,23.0,0,7
HAN0143,Vietnam Airlines,1151847,21,22,60,HAN,12.0,23.0,1,8
HAN0010,Bamboo Airways,1080048,16,17,55,HAN,7.0,0.0,1,8
HAN0038,VietJet Air,1285778,15,16,55,HAN,7.0,0.0,1,8
HAN0121,Vietnam Airlines,1501497,12,13,55,HAN,12.0,23.0,1,8
HAN0134,Vietnam Airlines,981018,20,21,55,HAN,12.0,0.0,1,9
HAN0144,Vietnam Airlines,981018,21,22,60,HAN,12.0,0.0,1,9
HAN0163,Vietnam Airlines,1166832,5,6,55,HAN,12.0,23.0,1,9
HAN0178,Vietnam Airlines,1166832,8,9,55,HAN,12.0,23.0,1,9
HAN0039,VietJet Air,1285778,15,16,55,HAN,7.0,0.0,1,9
HAN0164,Vietnam Airlines,981018,5,6,55,HAN,12.0,0.0,0,10
HAN0179,Vietnam Airlines,1162836,8,9,55,HAN,12.0,23.0,0,10
HAN0040,VietJet Air,1285778,15,16,55,HAN,7.0,0.0,0,10
HAN0145,Vietnam Airlines,1371627,21,22,60,HAN,12.0,23.0,0,10
HAN0165,Vietnam Airlines,1937061,5,6,55,HAN,12.0,23.0,2,11
HAN0056,VietJet Air,1578045,9,10,55,HAN,7.0,0.0,2,11
HAN0180,Vietnam Airlines,1791207,8,9,55,HAN,12.0,23.0,2,11
HAN0041,VietJet Air,1812458,15,16,55,HAN,7.0,0.0,2,11
HAN0011,Bamboo Airways,1828636,16,17,55,HAN,7.0,20.0,2,11
HAN0146,Vietnam Airlines,1985013,21,22,60,HAN,12.0,23.0,2,11
HAN0120,Vietnam Airlines,2010987,11,12,55,HAN,12.0,23.0,2,11
HAN0147,Vietnam Airlines,1942056,21,22,60,HAN,12.0,23.0,3,12
HAN0012,Bamboo Airways,1564488,16,17,55,HAN,7.0,0.0,3,12
HAN0042,VietJet Air,1578045,15,16,55,HAN,7.0,0.0,3,12
HAN0057,VietJet Air,1895250,9,10,55,HAN,7.0,0.0,3,12
HAN0166,Vietnam Airlines,1983015,5,6,55,HAN,12.0,23.0,3,12
HAN0149,Vietnam Airlines,1869129,5,6,55,HAN,12.0,23.0,3,12
HAN0001,Bamboo Airways,1564488,16,17,55,HAN,7.0,0.0,3,12
HAN0045,VietJet Air,1609965,9,10,55,HAN,7.0,0.0,3,12
HAN0029,VietJet Air,1609965,15,16,55,HAN,7.0,0.0,3,12
HAN0167,Vietnam Airlines,1865133,8,9,55,HAN,12.0,23.0,3,12
HAN0150,Vietnam Airlines,1516482,5,6,55,HAN,12.0,23.0,2,13
HAN0046,VietJet Air,1169070,9,10,55,HAN,7.0,0.0,2,13
HAN0030,VietJet Air,1169070,15,16,55,HAN,7.0,0.0,2,13
HAN0002,Bamboo Airways,1211612,16,17,55,HAN,7.0,0.0,2,13
HAN0136,Vietnam Airlines,1516482,21,22,60,HAN,12.0,23.0,2,13
HAN0168,Vietnam Airlines,1631292,8,9,55,HAN,12.0,23.0,2,13
HAN0099,Vietnam Airlines,1631292,10,11,55,HAN,12.0,23.0,2,13
HAN0137,Vietnam Airlines,1147851,21,22,60,HAN,12.0,23.0,2,14
HAN0003,Bamboo Airways,782244,16,17,55,HAN,7.0,0.0,2,14
HAN0047,VietJet Air,827925,9,10,55,HAN,7.0,0.0,2,14
HAN0031,VietJet Air,827925,15,16,55,HAN,7.0,0.0,2,14
HAN0151,Vietnam Airlines,1162836,5,6,55,HAN,12.0,23.0,2,14
HAN0169,Vietnam Airlines,1170828,8,9,55,HAN,12.0,23.0,2,14
HAN0152,Vietnam Airlines,944055,5,6,55,HAN,12.0,0.0,2,15
HAN0048,VietJet Air,827925,9,10,55,HAN,7.0,0.0,2,15
HAN0004,Bamboo Airways,869953,16,17,55,HAN,7.0,0.0,2,15
HAN0170,Vietnam Airlines,944055,8,9,55,HAN,12.0,0.0,2,15
HAN0138,Vietnam Airlines,944055,21,22,60,HAN,12.0,0.0,2,15
HAN0032,VietJet Air,1054358,15,16,55,HAN,7.0,0.0,2,15
HAN0153,Vietnam Airlines,944055,5,6,55,HAN,12.0,0.0,0,16
HAN0049,VietJet Air,827925,9,10,55,HAN,7.0,0.0,0,16
HAN0171,Vietnam Airlines,940059,8,9,55,HAN,12.0,0.0,0,16
HAN0102,Vietnam Airlines,1159839,10,11,55,HAN,12.0,23.0,0,16
HAN0124,Vietnam Airlines,937062,17,18,55,HAN,12.0,0.0,0,17
HAN0005,Bamboo Airways,786175,16,17,55,HAN,7.0,0.0,0,17
HAN0050,VietJet Air,827925,9,10,55,HAN,7.0,0.0,0,17
HAN0172,Vietnam Airlines,944055,8,9,55,HAN,12.0,0.0,0,17
HAN0154,Vietnam Airlines,944055,5,6,55,HAN,12.0,0.0,0,18
HAN0051,VietJet Air,827925,9,10,55,HAN,7.0,0.0,0,18
HAN0173,Vietnam Airlines,944055,8,9,55,HAN,12.0,0.0,0,18
HAN0125,Vietnam Airlines,1151847,17,18,55,HAN,12.0,23.0,0,18
HAN0126,Vietnam Airlines,1159839,17,18,55,HAN,12.0,23.0,0,19
HAN0052,VietJet Air,827925,9,10,55,HAN,7.0,0.0,0,19
HAN0174,Vietnam Airlines,1092906,8,9,55,HAN,12.0,23.0,0,19
HAN0006,Bamboo Airways,1151075,16,17,55,HAN,7.0,0.0,0,19
HAN0127,Vietnam Airlines,1234764,17,18,55,HAN,12.0,23.0,0,20
HAN0053,VietJet Air,1306725,9,10,55,HAN,7.0,0.0,0,20
HAN0155,Vietnam Airlines,1382616,5,6,55,HAN,12.0,23.0,0,20
HAN0106,Vietnam Airlines,1490508,10,11,55,HAN,12.0,23.0,0,20
HAN0157,Vietnam Airlines,1363635,5,6,55,HAN,12.0,23.0,0,2
HAN0033,VietJet Air,1176053,15,16,55,HAN,7.0,0.0,0,2
HAN0130,Vietnam Airlines,1579419,17,18,55,HAN,12.0,23.0,0,2
HAN0158,Vietnam Airlines,1133865,5,6,55,HAN,12.0,23.0,0,3
HAN0008,Bamboo Airways,947464,16,17,55,HAN,7.0,0.0,0,3
HAN0034,VietJet Air,1054358,15,16,55,HAN,7.0,0.0,0,3
HAN0159,Vietnam Airlines,1133865,5,6,55,HAN,12.0,23.0,0,4
HAN0035,VietJet Air,827925,15,16,55,HAN,7.0,0.0,0,4
HAN0160,Vietnam Airlines,1215783,5,6,55,HAN,12.0,23.0,0,5
HAN0009,Bamboo Airways,1080048,16,17,55,HAN,7.0,0.0,0,5
HAN0036,VietJet Air,1172063,15,16,55,HAN,7.0,0.0,0,5
HAN0161,Vietnam Airlines,1274724,5,6,55,HAN,12.0,23.0,0,6
HAN0037,VietJet Air,1169070,15,16,55,HAN,7.0,0.0,0,6
HAN0142,Vietnam Airlines,1389609,21,22,60,HAN,12.0,23.0,0,6
HAN0143,Vietnam Airlines,1151847,21,22,60,HAN,12.0,23.0,1,7
HAN0038,VietJet Air,1306725,15,16,55,HAN,7.0,0.0,1,7
HAN0121,Vietnam Airlines,1579419,12,13,55,HAN,12.0,23.0,1,7
HAN0162,Vietnam Airlines,1802196,5,6,55,HAN,12.0,23.0,1,7
HAN0144,Vietnam Airlines,982017,21,22,60,HAN,12.0,0.0,1,8
HAN0163,Vietnam Airlines,1162836,5,6,55,HAN,12.0,23.0,1,8
HAN0134,Vietnam Airlines,1162836,20,21,55,HAN,12.0,23.0,1,8
HAN0178,Vietnam Airlines,1263735,8,9,55,HAN,12.0,23.0,1,8
HAN0039,VietJet Air,1306725,15,16,55,HAN,7.0,0.0,1,8
HAN0164,Vietnam Airlines,982017,5,6,55,HAN,12.0,0.0,0,9
HAN0179,Vietnam Airlines,1263735,8,9,55,HAN,12.0,23.0,0,9
HAN0040,VietJet Air,1306725,15,16,55,HAN,7.0,0.0,0,9
HAN0145,Vietnam Airlines,1486512,21,22,60,HAN,12.0,23.0,0,9
HAN0165,Vietnam Airlines,1887111,5,6,55,HAN,12.0,23.0,2,10
HAN0056,VietJet Air,1609965,9,10,55,HAN,7.0,0.0,2,10
HAN0180,Vietnam Airlines,1794204,8,9,55,HAN,12.0,23.0,2,10
HAN0041,VietJet Air,1836398,15,16,55,HAN,7.0,0.0,2,10
HAN0011,Bamboo Airways,1934703,16,17,55,HAN,7.0,20.0,2,10
HAN0117,Vietnam Airlines,2006991,10,11,55,HAN,12.0,23.0,2,10
HAN0120,Vietnam Airlines,2010987,11,12,55,HAN,12.0,23.0,2,10
HAN0166,Vietnam Airlines,1869129,5,6,55,HAN,12.0,23.0,3,11
HAN0012,Bamboo Airways,1564488,16,17,55,HAN,7.0,0.0,3,11
HAN0042,VietJet Air,1609965,15,16,55,HAN,7.0,0.0,3,11
HAN0147,Vietnam Airlines,1887111,21,22,60,HAN,12.0,23.0,3,11
HAN0057,VietJet Air,1903230,9,10,55,HAN,7.0,0.0,3,11
HAN0181,Vietnam Airlines,2014983,8,9,55,HAN,12.0,23.0,3,11
HAN0149,Vietnam Airlines,1868130,5,6,55,HAN,12.0,23.0,3,11
HAN0001,Bamboo Airways,1564488,16,17,55,HAN,7.0,0.0,3,11
HAN0045,VietJet Air,1601985,9,10,55,HAN,7.0,0.0,3,11
HAN0029,VietJet Air,1601985,15,16,55,HAN,7.0,0.0,3,11
HAN0167,Vietnam Airlines,1886112,8,9,55,HAN,12.0,23.0,3,11
HAN0150,Vietnam Airlines,1503495,5,6,55,HAN,12.0,23.0,2,12
HAN0046,VietJet Air,1160093,9,10,55,HAN,7.0,0.0,2,12
HAN0030,VietJet Air,1160093,15,16,55,HAN,7.0,0.0,2,12
HAN0002,Bamboo Airways,1211612,16,17,55,HAN,7.0,0.0,2,12
HAN0136,Vietnam Airlines,1503495,21,22,60,HAN,12.0,23.0,2,12
HAN0168,Vietnam Airlines,1604394,8,9,55,HAN,12.0,23.0,2,12
HAN0137,Vietnam Airlines,1146852,21,22,60,HAN,12.0,23.0,2,13
HAN0003,Bamboo Airways,782244,16,17,55,HAN,7.0,0.0,2,13
HAN0047,VietJet Air,825930,9,10,55,HAN,7.0,0.0,2,13
HAN0031,VietJet Air,825930,15,16,55,HAN,7.0,0.0,2,13
HAN0151,Vietnam Airlines,1161837,5,6,55,HAN,12.0,23.0,2,13
HAN0169,Vietnam Airlines,1161837,8,9,55,HAN,12.0,23.0,2,13
HAN0152,Vietnam Airlines,943056,5,6,55,HAN,12.0,0.0,2,14
HAN0048,VietJet Air,825930,9,10,55,HAN,7.0,0.0,2,14
HAN0004,Bamboo Airways,869953,16,17,55,HAN,7.0,0.0,2,14
HAN0170,Vietnam Airlines,943056,8,9,55,HAN,12.0,0.0,2,14
HAN0138,Vietnam Airlines,943056,21,22,60,HAN,12.0,0.0,2,14
HAN0032,VietJet Air,1034408,15,16,55,HAN,7.0,0.0,2,14
HAN0153,Vietnam Airlines,943056,5,6,55,HAN,12.0,0.0,0,15
HAN0049,VietJet Air,825930,9,10,55,HAN,7.0,0.0,0,15
HAN0171,Vietnam Airlines,939060,8,9,55,HAN,12.0,0.0,0,15
HAN0102,Vietnam Airlines,1157841,10,11,55,HAN,12.0,23.0,0,15
HAN0124,Vietnam Airlines,935064,17,18,55,HAN,12.0,0.0,0,16
HAN0005,Bamboo Airways,786175,16,17,55,HAN,7.0,0.0,0,16
HAN0050,VietJet Air,825930,9,10,55,HAN,7.0,0.0,0,16
HAN0172,Vietnam Airlines,943056,8,9,55,HAN,12.0,0.0,0,16
HAN0154,Vietnam Airlines,943056,5,6,55,HAN,12.0,0.0,0,17
HAN0051,VietJet Air,825930,9,10,55,HAN,7.0,0.0,0,17
HAN0173,Vietnam Airlines,943056,8,9,55,HAN,12.0,0.0,0,17
HAN0125,Vietnam Airlines,1150848,17,18,55,HAN,12.0,23.0,0,17
HAN0126,Vietnam Airlines,1157841,17,18,55,HAN,12.0,23.0,0,18
HAN0006,Bamboo Airways,786175,16,17,55,HAN,7.0,0.0,0,18
HAN0052,VietJet Air,825930,9,10,55,HAN,7.0,0.0,0,18
HAN0174,Vietnam Airlines,1098900,8,9,55,HAN,12.0,23.0,0,18
HAN0127,Vietnam Airlines,1232766,17,18,55,HAN,12.0,23.0,0,19
HAN0053,VietJet Air,1286775,9,10,55,HAN,7.0,0.0,0,19
HAN0155,Vietnam Airlines,1380618,5,6,55,HAN,12.0,23.0,0,19
HAN0106,Vietnam Airlines,1488510,10,11,55,HAN,12.0,23.0,0,19
HAN0128,Vietnam Airlines,1161837,17,18,55,HAN,12.0,23.0,1,20
HAN0007,Bamboo Airways,1145320,16,17,55,HAN,7.0,0.0,1,20
HAN0054,VietJet Air,1171065,9,10,55,HAN,7.0,0.0,1,20
HAN0176,Vietnam Airlines,1273725,8,9,55,HAN,12.0,23.0,1,20
HAN0157,Vietnam Airlines,1411137,5,6,55,HAN,12.0,23.0,0,1
HAN0033,VietJet Air,1413454,15,16,55,HAN,7.0,0.0,0,1
HAN0130,Vietnam Airlines,1633365,17,18,55,HAN,12.0,23.0,0,1
HAN0158,Vietnam Airlines,1131867,5,6,55,HAN,12.0,23.0,0,2
HAN0034,VietJet Air,1056353,15,16,55,HAN,7.0,0.0,0,2
HAN0008,Bamboo Airways,1080048,16,17,55,HAN,7.0,0.0,0,2
HAN0159,Vietnam Airlines,1133865,5,6,55,HAN,12.0,23.0,0,3
HAN0035,VietJet Air,835905,15,16,55,HAN,7.0,0.0,0,3
HAN0160,Vietnam Airlines,1213785,5,6,55,HAN,12.0,23.0,0,4
HAN0009,Bamboo Airways,1080048,16,17,55,HAN,7.0,0.0,0,4
HAN0036,VietJet Air,1171065,15,16,55,HAN,7.0,0.0,0,4
HAN0133,Vietnam Airlines,1499499,17,18,55,HAN,12.0,23.0,0,4
HAN0161,Vietnam Airlines,1273725,5,6,55,HAN,12.0,23.0,0,5
HAN0037,VietJet Air,1171065,15,16,55,HAN,7.0,0.0,0,5
HAN0142,Vietnam Airlines,1388610,21,22,60,HAN,12.0,23.0,0,5
HAN0113,Vietnam Airlines,1968030,10,11,55,HAN,12.0,23.0,0,5
HAN0143,Vietnam Airlines,1150848,21,22,60,HAN,12.0,23.0,1,6
HAN0010,Bamboo Airways,1080048,16,17,55,HAN,7.0,0.0,1,6
HAN0038,VietJet Air,1304730,15,16,55,HAN,7.0,0.0,1,6
HAN0121,Vietnam Airlines,1604394,12,13,55,HAN,12.0,23.0,1,6
HAN0162,Vietnam Airlines,1793205,5,6,55,HAN,12.0,23.0,1,6
HAN0144,Vietnam Airlines,980019,21,22,60,HAN,12.0,0.0,1,7
HAN0163,Vietnam Airlines,1131867,5,6,55,HAN,12.0,23.0,1,7
HAN0134,Vietnam Airlines,1161837,20,21,55,HAN,12.0,23.0,1,7
HAN0178,Vietnam Airlines,1179170,8,9,55,HAN,12.0,23.0,1,7
HAN0039,VietJet Air,1304730,15,16,55,HAN,7.0,0.0,1,7
HAN0164,Vietnam Airlines,980019,5,6,55,HAN,12.0,0.0,0,8
HAN0179,Vietnam Airlines,1273725,8,9,55,HAN,12.0,23.0,0,8
HAN0040,VietJet Air,1304730,15,16,55,HAN,7.0,0.0,0,8
HAN0145,Vietnam Airlines,1503495,21,22,60,HAN,12.0,23.0,0,8
HAN0165,Vietnam Airlines,1886112,5,6,55,HAN,12.0,23.0,2,9
HAN0056,VietJet Air,1608968,9,10,55,HAN,7.0,0.0,2,9
HAN0180,Vietnam Airlines,1793205,8,9,55,HAN,12.0,23.0,2,9
HAN0011,Bamboo Airways,1828636,16,17,55,HAN,7.0,20.0,2,9
HAN0041,VietJet Air,1835400,15,16,55,HAN,7.0,0.0,2,9
HAN0117,Vietnam Airlines,2004993,10,11,55,HAN,12.0,23.0,2,9
HAN0120,Vietnam Airlines,2008989,11,12,55,HAN,12.0,23.0,2,9
HAN0166,Vietnam Airlines,1868130,5,6,55,HAN,12.0,23.0,3,10
HAN0012,Bamboo Airways,1564488,16,17,55,HAN,7.0,0.0,3,10
HAN0042,VietJet Air,1601985,15,16,55,HAN,7.0,0.0,3,10
HAN0147,Vietnam Airlines,1886112,21,22,60,HAN,12.0,23.0,3,10
HAN0057,VietJet Air,1902233,9,10,55,HAN,7.0,0.0,3,10
HAN0149,Vietnam Airlines,1870128,5,6,55,HAN,12.0,23.0,3,10
HAN0001,Bamboo Airways,1475759,16,17,55,HAN,7.0,0.0,3,10
HAN0045,VietJet Air,1603980,9,10,55,HAN,7.0,0.0,3,10
HAN0029,VietJet Air,1603980,15,16,55,HAN,7.0,0.0,3,10
HAN0167,Vietnam Airlines,1889109,8,9,55,HAN,12.0,23.0,3,10
HAN0150,Vietnam Airlines,1490508,5,6,55,HAN,12.0,23.0,2,11
HAN0002,Bamboo Airways,1145320,16,17,55,HAN,7.0,0.0,2,11
HAN0046,VietJet Air,1155105,9,10,55,HAN,7.0,0.0,2,11
HAN0030,VietJet Air,1155105,15,16,55,HAN,7.0,0.0,2,11
HAN0136,Vietnam Airlines,1490508,21,22,60,HAN,12.0,23.0,2,11
HAN0099,Vietnam Airlines,1592406,10,11,55,HAN,12.0,23.0,2,11
HAN0137,Vietnam Airlines,1149849,21,22,60,HAN,12.0,23.0,2,12
HAN0047,VietJet Air,820943,9,10,55,HAN,7.0,0.0,2,12
HAN0031,VietJet Air,820943,15,16,55,HAN,7.0,0.0,2,12
HAN0003,Bamboo Airways,1145320,16,17,55,HAN,7.0,0.0,2,12
HAN0151,Vietnam Airlines,1164834,5,6,55,HAN,12.0,23.0,2,12
HAN0169,Vietnam Airlines,1167831,8,9,55,HAN,12.0,23.0,2,12
HAN0152,Vietnam Airlines,989010,5,6,55,HAN,12.0,0.0,2,13
HAN0048,VietJet Air,820943,9,10,55,HAN,7.0,0.0,2,13
HAN0004,Bamboo Airways,947464,16,17,55,HAN,7.0,0.0,2,13
HAN0170,Vietnam Airlines,989010,8,9,55,HAN,12.0,0.0,2,13
HAN0138,Vietnam Airlines,989010,21,22,60,HAN,12.0,0.0,2,13
HAN0032,VietJet Air,1036403,15,16,55,HAN,7.0,0.0,2,13
HAN0153,Vietnam Airlines,944055,5,6,55,HAN,12.0,0.0,0,14
HAN0049,VietJet Air,820943,9,10,55,HAN,7.0,0.0,0,14
HAN0102,Vietnam Airlines,1160838,10,11,55,HAN,12.0,23.0,0,14
HAN0124,Vietnam Airlines,957941,17,18,55,HAN,12.0,0.0,0,15
HAN0005,Bamboo Airways,786175,16,17,55,HAN,7.0,0.0,0,15
HAN0050,VietJet Air,820943,9,10,55,HAN,7.0,0.0,0,15
HAN0172,Vietnam Airlines,957941,8,9,55,HAN,12.0,0.0,0,15
HAN0154,Vietnam Airlines,957941,5,6,55,HAN,12.0,0.0,0,16
HAN0051,VietJet Air,820943,9,10,55,HAN,7.0,0.0,0,16
HAN0173,Vietnam Airlines,944055,8,9,55,HAN,12.0,0.0,0,16
HAN0125,Vietnam Airlines,1153845,17,18,55,HAN,12.0,23.0,0,16
HAN0126,Vietnam Airlines,1141857,17,18,55,HAN,12.0,23.0,0,17
HAN0006,Bamboo Airways,782244,16,17,55,HAN,7.0,0.0,0,17
HAN0052,VietJet Air,820943,9,10,55,HAN,7.0,0.0,0,17
HAN0174,Vietnam Airlines,1093905,8,9,55,HAN,12.0,23.0,0,17
HAN0105,Vietnam Airlines,1241757,10,11,55,HAN,12.0,23.0,0,17
HAN0155,Vietnam Airlines,1383615,5,6,55,HAN,12.0,23.0,0,18
HAN0127,Vietnam Airlines,1234764,17,18,55,HAN,12.0,23.0,0,18
HAN0053,VietJet Air,1288770,9,10,55,HAN,7.0,0.0,0,18
HAN0175,Vietnam Airlines,1506492,8,9,55,HAN,12.0,23.0,0,18
HAN0128,Vietnam Airlines,1163835,17,18,55,HAN,12.0,23.0,1,19
HAN0007,Bamboo Airways,1151075,16,17,55,HAN,7.0,0.0,1,19
HAN0054,VietJet Air,1173060,9,10,55,HAN,7.0,0.0,1,19
HAN0176,Vietnam Airlines,1275723,8,9,55,HAN,12.0,23.0,1,19
HAN0156,Vietnam Airlines,957941,5,6,55,HAN,12.0,0.0,1,20
HAN0129,Vietnam Airlines,957941,17,18,55,HAN,12.0,0.0,1,20
HAN0055,VietJet Air,1036403,9,10,55,HAN,7.0,0.0,1,20
HAN0177,Vietnam Airlines,1179170,8,9,55,HAN,12.0,23.0,1,20
HAN0158,Vietnam Airlines,1228770,5,6,55,HAN,12.0,23.0,0,1
HAN0008,Bamboo Airways,869953,16,17,55,HAN,7.0,0.0,0,1
HAN0034,VietJet Air,1049370,15,16,55,HAN,7.0,0.0,0,1
HAN0159,Vietnam Airlines,1133865,5,6,55,HAN,12.0,23.0,0,2
HAN0035,VietJet Air,1047311,15,16,55,HAN,7.0,0.0,0,2
HAN0160,Vietnam Airlines,1234764,5,6,55,HAN,12.0,23.0,0,3
HAN0009,Bamboo Airways,1013756,16,17,55,HAN,7.0,0.0,0,3
HAN0036,VietJet Air,1174058,15,16,55,HAN,7.0,0.0,0,3
HAN0161,Vietnam Airlines,1275723,5,6,55,HAN,12.0,23.0,0,4
HAN0037,VietJet Air,1174058,15,16,55,HAN,7.0,0.0,0,4
HAN0142,Vietnam Airlines,1475523,21,22,60,HAN,12.0,23.0,0,4
HAN0143,Vietnam Airlines,1151847,21,22,60,HAN,12.0,23.0,1,5
HAN0010,Bamboo Airways,1145320,16,17,55,HAN,7.0,0.0,1,5
HAN0038,VietJet Air,1306725,15,16,55,HAN,7.0,0.0,1,5
HAN0121,Vietnam Airlines,1751401,12,13,55,HAN,12.0,23.0,1,5
HAN0162,Vietnam Airlines,1791207,5,6,55,HAN,12.0,23.0,1,5
HAN0144,Vietnam Airlines,1027746,21,22,60,HAN,12.0,0.0,1,6
HAN0163,Vietnam Airlines,1133865,5,6,55,HAN,12.0,23.0,1,6
HAN0134,Vietnam Airlines,1163835,20,21,55,HAN,12.0,23.0,1,6
HAN0178,Vietnam Airlines,1264734,8,9,55,HAN,12.0,23.0,1,6
HAN0039,VietJet Air,1307723,15,16,55,HAN,7.0,0.0,1,6
HAN0164,Vietnam Airlines,993381,5,6,55,HAN,12.0,0.0,0,7
HAN0179,Vietnam Airlines,1264734,8,9,55,HAN,12.0,23.0,0,7
HAN0040,VietJet Air,1307723,15,16,55,HAN,7.0,0.0,0,7
HAN0145,Vietnam Airlines,1516482,21,22,60,HAN,12.0,23.0,0,7
HAN0165,Vietnam Airlines,1889109,5,6,55,HAN,12.0,23.0,2,8
HAN0056,VietJet Air,1610963,9,10,55,HAN,7.0,0.0,2,8
HAN0180,Vietnam Airlines,1796202,8,9,55,HAN,12.0,23.0,2,8
HAN0011,Bamboo Airways,1828636,16,17,55,HAN,7.0,20.0,2,8
HAN0041,VietJet Air,1838393,15,16,55,HAN,7.0,0.0,2,8
HAN0117,Vietnam Airlines,2011986,10,11,55,HAN,12.0,23.0,2,8
HAN0120,Vietnam Airlines,2011986,11,12,55,HAN,12.0,23.0,2,8
HAN0166,Vietnam Airlines,1870128,5,6,55,HAN,12.0,23.0,3,9
HAN0012,Bamboo Airways,1475759,16,17,55,HAN,7.0,0.0,3,9
HAN0042,VietJet Air,1610963,15,16,55,HAN,7.0,0.0,3,9
HAN0147,Vietnam Airlines,1889109,21,22,60,HAN,12.0,23.0,3,9
HAN0001,Bamboo Airways,1359973,16,17,55,HAN,7.0,0.0,3,9
HAN0045,VietJet Air,1608968,9,10,55,HAN,7.0,0.0,3,9
HAN0029,VietJet Air,1608968,15,16,55,HAN,7.0,0.0,3,9
HAN0149,Vietnam Airlines,1700298,5,6,55,HAN,12.0,23.0,3,9
HAN0135,Vietnam Airlines,1700298,21,22,60,HAN,12.0,23.0,3,9
HAN0002,Bamboo Airways,1066823,16,17,55,HAN,7.0,0.0,2,10
HAN0046,VietJet Air,1171065,9,10,55,HAN,7.0,0.0,2,10
HAN0030,VietJet Air,1171065,15,16,55,HAN,7.0,0.0,2,10
HAN0168,Vietnam Airlines,1262736,8,9,55,HAN,12.0,23.0,2,10
HAN0150,Vietnam Airlines,1488510,5,6,55,HAN,12.0,23.0,2,10
HAN0136,Vietnam Airlines,1488510,21,22,60,HAN,12.0,23.0,2,10
HAN0003,Bamboo Airways,772666,16,17,55,HAN,7.0,0.0,2,11
HAN0047,VietJet Air,833910,9,10,55,HAN,7.0,0.0,2,11
HAN0031,VietJet Air,833910,15,16,55,HAN,7.0,0.0,2,11
HAN0169,Vietnam Airlines,1120878,8,9,55,HAN,12.0,23.0,2,11
HAN0137,Vietnam Airlines,1146852,21,22,60,HAN,12.0,23.0,2,11
HAN0151,Vietnam Airlines,1161837,5,6,55,HAN,12.0,23.0,2,11
HAN0004,Bamboo Airways,935863,16,17,55,HAN,7.0,0.0,2,12
HAN0048,VietJet Air,833910,9,10,55,HAN,7.0,0.0,2,12
HAN0152,Vietnam Airlines,980019,5,6,55,HAN,12.0,0.0,2,12
HAN0170,Vietnam Airlines,980019,8,9,55,HAN,12.0,0.0,2,12
HAN0138,Vietnam Airlines,980019,21,22,60,HAN,12.0,0.0,2,12
HAN0032,VietJet Air,1060343,15,16,55,HAN,7.0,0.0,2,12
HAN0049,VietJet Air,833910,9,10,55,HAN,7.0,0.0,0,13
HAN0153,Vietnam Airlines,983016,5,6,55,HAN,12.0,0.0,0,13
HAN0139,Vietnam Airlines,1161837,21,22,60,HAN,12.0,23.0,0,13
HAN0102,Vietnam Airlines,1272726,10,11,55,HAN,12.0,23.0,0,13
HAN0005,Bamboo Airways,1028543,16,17,55,HAN,7.0,0.0,0,14
HAN0124,Vietnam Airlines,935064,17,18,55,HAN,12.0,0.0,0,14
HAN0172,Vietnam Airlines,943056,8,9,55,HAN,12.0,0.0,0,14
HAN0103,Vietnam Airlines,1161837,10,11,55,HAN,12.0,23.0,0,14
HAN0173,Vietnam Airlines,942057,8,9,55,HAN,12.0,0.0,0,15
HAN0154,Vietnam Airlines,946053,5,6,55,HAN,12.0,0.0,0,15
HAN0104,Vietnam Airlines,1161837,10,11,55,HAN,12.0,23.0,0,15
HAN0125,Vietnam Airlines,1161837,17,18,55,HAN,12.0,23.0,0,15
HAN0051,VietJet Air,1924178,9,10,55,HAN,7.0,0.0,0,15
HAN0006,Bamboo Airways,1088986,16,17,55,HAN,7.0,0.0,0,16
HAN0174,Vietnam Airlines,1094904,8,9,55,HAN,12.0,23.0,0,16
HAN0126,Vietnam Airlines,1161837,17,18,55,HAN,12.0,23.0,0,16
HAN0105,Vietnam Airlines,1280718,10,11,55,HAN,12.0,23.0,0,16
HAN0007,Bamboo Airways,1097215,16,17,55,HAN,7.0,0.0,1,18
HAN0128,Vietnam Airlines,1157841,17,18,55,HAN,12.0,23.0,1,18
HAN0107,Vietnam Airlines,1269729,10,11,55,HAN,12.0,23.0,1,18
HAN0176,Vietnam Airlines,1276722,8,9,55,HAN,12.0,23.0,1,18
HAN0156,Vietnam Airlines,946053,5,6,55,HAN,12.0,0.0,1,19
HAN0129,Vietnam Airlines,946053,17,18,55,HAN,12.0,0.0,1,19
HAN0177,Vietnam Airlines,1135863,8,9,55,HAN,12.0,23.0,1,19
HAN0108,Vietnam Airlines,1161837,10,11,55,HAN,12.0,23.0,1,19
HAN0055,VietJet Air,1924178,9,10,55,HAN,7.0,0.0,1,19
HAN0159,Vietnam Airlines,1473525,5,6,55,HAN,12.0,23.0,0,1
HAN0043,VietJet Air,1957095,15,16,50,HAN,7.0,0.0,0,1
HAN0132,Vietnam Airlines,1964034,17,18,55,HAN,12.0,23.0,0,1
HAN0013,Bamboo Airways,1088986,17,17,55,HAN,7.0,0.0,0,2
HAN0036,VietJet Air,1060343,15,16,55,HAN,7.0,0.0,0,2
HAN0133,Vietnam Airlines,1708290,17,18,55,HAN,12.0,23.0,0,2
HAN0037,VietJet Air,1171065,15,16,55,HAN,7.0,0.0,0,3
HAN0161,Vietnam Airlines,1273725,5,6,55,HAN,12.0,23.0,0,3
HAN0142,Vietnam Airlines,1570428,21,22,60,HAN,12.0,23.0,0,3
HAN0118,Vietnam Airlines,2012985,10,11,55,HAN,12.0,23.0,0,3
HAN0010,Bamboo Airways,1262257,16,17,55,HAN,7.0,0.0,1,4
HAN0143,Vietnam Airlines,1150848,21,22,60,HAN,12.0,23.0,1,4
HAN0038,VietJet Air,1304730,15,16,55,HAN,7.0,0.0,1,4
HAN0121,Vietnam Airlines,1946052,12,13,55,HAN,12.0,23.0,1,4
HAN0163,Vietnam Airlines,1161837,5,6,55,HAN,12.0,23.0,1,5
HAN0039,VietJet Air,1304730,15,16,55,HAN,7.0,0.0,1,5
HAN0178,Vietnam Airlines,1392606,8,9,55,HAN,12.0,23.0,1,5
HAN0134,Vietnam Airlines,1476788,20,21,55,HAN,12.0,23.0,1,5
HAN0119,Vietnam Airlines,1775223,10,11,55,HAN,12.0,23.0,1,5
HAN0164,Vietnam Airlines,1161837,5,6,55,HAN,12.0,23.0,0,6
HAN0040,VietJet Air,1304730,15,16,55,HAN,7.0,0.0,0,6
HAN0179,Vietnam Airlines,1392606,8,9,55,HAN,12.0,23.0,0,6
HAN0145,Vietnam Airlines,1604394,21,22,60,HAN,12.0,23.0,0,6
HAN0116,Vietnam Airlines,1860138,10,11,55,HAN,12.0,23.0,0,6
HAN0011,Bamboo Airways,1911014,16,17,55,HAN,7.0,20.0,2,7
HAN0056,VietJet Air,1608968,9,10,55,HAN,7.0,0.0,2,7
HAN0180,Vietnam Airlines,1682316,8,9,55,HAN,12.0,23.0,2,7
HAN0041,VietJet Air,1839390,15,16,55,HAN,7.0,0.0,2,7
HAN0120,Vietnam Airlines,1909089,11,12,55,HAN,12.0,23.0,2,7
HAN0012,Bamboo Airways,1359973,16,17,55,HAN,7.0,0.0,3,8
HAN0042,VietJet Air,1608968,15,16,55,HAN,7.0,0.0,3,8
HAN0147,Vietnam Airlines,1886112,21,22,60,HAN,12.0,23.0,3,8
HAN0001,Bamboo Airways,1277903,16,17,55,HAN,7.0,0.0,3,5
HAN0029,VietJet Air,1304730,15,16,55,HAN,7.0,0.0,3,5
HAN0135,Vietnam Airlines,1680318,21,22,60,HAN,12.0,23.0,3,5
HAN0149,Vietnam Airlines,1706292,5,6,55,HAN,12.0,23.0,3,5
HAN0045,VietJet Air,1812458,9,10,55,HAN,7.0,0.0,3,5
HAN0002,Bamboo Airways,869953,16,17,55,HAN,7.0,0.0,2,6
HAN0046,VietJet Air,1058348,9,10,55,HAN,7.0,0.0,2,6
HAN0030,VietJet Air,1058348,15,16,55,HAN,7.0,0.0,2,6
HAN0168,Vietnam Airlines,1149849,8,9,55,HAN,12.0,23.0,2,6
HAN0136,Vietnam Airlines,1486512,21,22,60,HAN,12.0,23.0,2,6
HAN0150,Vietnam Airlines,1497501,5,6,55,HAN,12.0,23.0,2,6
HAN0003,Bamboo Airways,869953,16,17,55,HAN,7.0,0.0,2,7
HAN0047,VietJet Air,830918,9,10,55,HAN,7.0,0.0,2,7
HAN0031,VietJet Air,830918,15,16,55,HAN,7.0,0.0,2,7
HAN0169,Vietnam Airlines,974025,8,9,55,HAN,12.0,0.0,2,7
HAN0151,Vietnam Airlines,1153845,5,6,55,HAN,12.0,23.0,2,7
HAN0137,Vietnam Airlines,1153845,21,22,60,HAN,12.0,23.0,2,7
HAN0004,Bamboo Airways,947464,16,17,55,HAN,7.0,0.0,2,8
HAN0048,VietJet Air,830918,9,10,55,HAN,7.0,0.0,2,8
HAN0152,Vietnam Airlines,960849,5,6,55,HAN,12.0,0.0,2,8
HAN0170,Vietnam Airlines,960849,8,9,55,HAN,12.0,0.0,2,8
HAN0148,Vietnam Airlines,960849,22,23,60,HAN,12.0,0.0,2,8
HAN0032,VietJet Air,1058348,15,16,55,HAN,7.0,0.0,2,8
HAN0049,VietJet Air,830918,9,10,55,HAN,7.0,0.0,0,9
HAN0153,Vietnam Airlines,978021,5,6,55,HAN,12.0,0.0,0,9
HAN0139,Vietnam Airlines,1179170,21,22,60,HAN,12.0,23.0,0,9
HAN0102,Vietnam Airlines,1250748,10,11,55,HAN,12.0,23.0,0,9
HAN0005,Bamboo Airways,782244,16,17,55,HAN,7.0,0.0,0,10
HAN0050,VietJet Air,830918,9,10,55,HAN,7.0,0.0,0,10
HAN0172,Vietnam Airlines,978021,8,9,55,HAN,12.0,0.0,0,10
HAN0124,Vietnam Airlines,978021,17,18,55,HAN,12.0,0.0,0,10
HAN0051,VietJet Air,830918,9,10,55,HAN,7.0,0.0,0,11
HAN0173,Vietnam Airlines,978021,8,9,55,HAN,12.0,0.0,0,11
HAN0154,Vietnam Airlines,993381,5,6,55,HAN,12.0,0.0,0,11
HAN0104,Vietnam Airlines,1153845,10,11,55,HAN,12.0,23.0,0,11
HAN0125,Vietnam Airlines,1153845,17,18,55,HAN,12.0,23.0,0,11
HAN0006,Bamboo Airways,782244,16,17,55,HAN,7.0,0.0,0,12
HAN0052,VietJet Air,830918,9,10,55,HAN,7.0,0.0,0,12
HAN0174,Vietnam Airlines,1093905,8,9,55,HAN,12.0,23.0,0,12
HAN0126,Vietnam Airlines,1160838,17,18,55,HAN,12.0,23.0,0,12
HAN0053,VietJet Air,1304730,9,10,55,HAN,7.0,0.0,0,13
HAN0155,Vietnam Airlines,1389609,5,6,55,HAN,12.0,23.0,0,13
HAN0127,Vietnam Airlines,1392606,17,18,55,HAN,12.0,23.0,0,13
HAN0175,Vietnam Airlines,1497501,8,9,55,HAN,12.0,23.0,0,13
HAN0106,Vietnam Airlines,1583415,10,11,55,HAN,12.0,23.0,0,13
HAN0007,Bamboo Airways,1211612,16,17,55,HAN,7.0,0.0,1,14
HAN0128,Vietnam Airlines,1138860,17,18,55,HAN,12.0,23.0,1,14
HAN0054,VietJet Air,1167075,9,10,55,HAN,7.0,0.0,1,14
HAN0107,Vietnam Airlines,1254744,10,11,55,HAN,12.0,23.0,1,14
HAN0055,VietJet Air,830918,9,10,55,HAN,7.0,0.0,1,15
HAN0156,Vietnam Airlines,948051,5,6,55,HAN,12.0,0.0,1,15
HAN0129,Vietnam Airlines,948051,17,18,55,HAN,12.0,0.0,1,15
HAN0177,Vietnam Airlines,1153845,8,9,55,HAN,12.0,23.0,1,15
HAN0108,Vietnam Airlines,1254744,10,11,55,HAN,12.0,23.0,1,15
HAN0044,VietJet Air,1932669,16,17,50,HAN,7.0,0.0,1,1
HAN0122,Vietnam Airlines,1965033,12,13,55,HAN,12.0,23.0,1,1
HAN0134,Vietnam Airlines,1965033,20,21,55,HAN,12.0,23.0,1,1
HAN0163,Vietnam Airlines,2008989,5,6,55,HAN,12.0,23.0,1,1
HAN0164,Vietnam Airlines,1364926,5,6,55,HAN,12.0,23.0,0,2
HAN0145,Vietnam Airlines,1493505,21,22,60,HAN,12.0,23.0,0,2
HAN0040,VietJet Air,1585028,15,16,55,HAN,7.0,0.0,0,2
HAN0123,Vietnam Airlines,1755243,12,13,55,HAN,12.0,23.0,0,2
HAN0011,Bamboo Airways,1934703,16,17,55,HAN,7.0,20.0,2,3
HAN0056,VietJet Air,1304730,9,10,55,HAN,7.0,0.0,2,3
HAN0041,VietJet Air,1812458,15,16,55,HAN,7.0,0.0,2,3
HAN0117,Vietnam Airlines,2012985,10,11,55,HAN,12.0,23.0,2,3
HAN0012,Bamboo Airways,1934703,16,17,55,HAN,7.0,20.0,3,4
HAN0042,VietJet Air,1812458,15,16,55,HAN,7.0,0.0,3,4
HAN0001,Bamboo Airways,1277903,16,17,55,HAN,7.0,0.0,3,4
HAN0029,VietJet Air,1299743,15,16,55,HAN,7.0,0.0,3,4
HAN0135,Vietnam Airlines,1670328,21,22,60,HAN,12.0,23.0,3,4
HAN0149,Vietnam Airlines,1699299,5,6,55,HAN,12.0,23.0,3,4
HAN0045,VietJet Air,1807077,9,10,55,HAN,7.0,0.0,3,4
HAN0002,Bamboo Airways,869953,16,17,55,HAN,7.0,0.0,2,5
HAN0046,VietJet Air,1055355,9,10,55,HAN,7.0,0.0,2,5
HAN0030,VietJet Air,1055355,15,16,55,HAN,7.0,0.0,2,5
HAN0168,Vietnam Airlines,1149849,8,9,55,HAN,12.0,23.0,2,5
HAN0150,Vietnam Airlines,1499499,5,6,55,HAN,12.0,23.0,2,5
HAN0136,Vietnam Airlines,1499499,21,22,60,HAN,12.0,23.0,2,5
HAN0003,Bamboo Airways,869953,16,17,55,HAN,7.0,0.0,2,6
HAN0047,VietJet Air,816953,9,10,55,HAN,7.0,0.0,2,6
HAN0031,VietJet Air,816953,15,16,55,HAN,7.0,0.0,2,6
HAN0169,Vietnam Airlines,1011987,8,9,55,HAN,12.0,0.0,2,6
HAN0151,Vietnam Airlines,1149849,5,6,55,HAN,12.0,23.0,2,6
HAN0137,Vietnam Airlines,1149849,21,22,60,HAN,12.0,23.0,2,6
HAN0004,Bamboo Airways,869953,16,17,55,HAN,7.0,0.0,2,7
HAN0048,VietJet Air,816953,9,10,55,HAN,7.0,0.0,2,7
HAN0152,Vietnam Airlines,975024,5,6,55,HAN,12.0,0.0,2,7
HAN0170,Vietnam Airlines,975024,8,9,55,HAN,12.0,0.0,2,7
HAN0148,Vietnam Airlines,975024,22,23,60,HAN,12.0,0.0,2,7
HAN0032,VietJet Air,1055355,15,16,55,HAN,7.0,0.0,2,7
HAN0049,VietJet Air,816953,9,10,55,HAN,7.0,0.0,0,8
HAN0153,Vietnam Airlines,975024,5,6,55,HAN,12.0,0.0,0,8
HAN0139,Vietnam Airlines,1149849,21,22,60,HAN,12.0,23.0,0,8
HAN0102,Vietnam Airlines,1245753,10,11,55,HAN,12.0,23.0,0,8
HAN0005,Bamboo Airways,782244,16,17,55,HAN,7.0,0.0,0,9
HAN0050,VietJet Air,816953,9,10,55,HAN,7.0,0.0,0,9
HAN0172,Vietnam Airlines,971028,8,9,55,HAN,12.0,0.0,0,9
HAN0124,Vietnam Airlines,975024,17,18,55,HAN,12.0,0.0,0,9
HAN0051,VietJet Air,809970,9,10,55,HAN,7.0,0.0,0,10
HAN0154,Vietnam Airlines,975024,5,6,55,HAN,12.0,0.0,0,10
HAN0173,Vietnam Airlines,975024,8,9,55,HAN,12.0,0.0,0,10
HAN0125,Vietnam Airlines,1123875,17,18,55,HAN,12.0,23.0,0,10
HAN0104,Vietnam Airlines,1149849,10,11,55,HAN,12.0,23.0,0,10
HAN0006,Bamboo Airways,782244,16,17,55,HAN,7.0,0.0,0,11
HAN0052,VietJet Air,809970,9,10,55,HAN,7.0,0.0,0,11
HAN0174,Vietnam Airlines,1090908,8,9,55,HAN,12.0,23.0,0,11
HAN0126,Vietnam Airlines,1149849,17,18,55,HAN,12.0,23.0,0,11
HAN0053,VietJet Air,1289768,9,10,55,HAN,7.0,0.0,0,12
HAN0127,Vietnam Airlines,1387611,17,18,55,HAN,12.0,23.0,0,12
HAN0175,Vietnam Airlines,1491507,8,9,55,HAN,12.0,23.0,0,12
HAN0155,Vietnam Airlines,1499499,5,6,55,HAN,12.0,23.0,0,12
HAN0106,Vietnam Airlines,1577421,10,11,55,HAN,12.0,23.0,0,12
HAN0007,Bamboo Airways,1145320,16,17,55,HAN,7.0,0.0,1,13
HAN0128,Vietnam Airlines,1149849,17,18,55,HAN,12.0,23.0,1,13
HAN0054,VietJet Air,1152113,9,10,55,HAN,7.0,0.0,1,13
HAN0107,Vietnam Airlines,1245753,10,11,55,HAN,12.0,23.0,1,13
HAN0055,VietJet Air,809970,9,10,55,HAN,7.0,0.0,1,14
HAN0156,Vietnam Airlines,945054,5,6,55,HAN,12.0,0.0,1,14
HAN0129,Vietnam Airlines,1126872,17,18,55,HAN,12.0,23.0,1,14
HAN0177,Vietnam Airlines,1149849,8,9,55,HAN,12.0,23.0,1,14
HAN0108,Vietnam Airlines,1245753,10,11,55,HAN,12.0,23.0,1,14
HAN0164,Vietnam Airlines,1469529,5,6,55,HAN,12.0,23.0,0,1
HAN0040,VietJet Air,1578045,15,16,55,HAN,7.0,0.0,0,1
HAN0145,Vietnam Airlines,1599399,21,22,60,HAN,12.0,23.0,0,1
HAN0123,Vietnam Airlines,1942056,12,13,55,HAN,12.0,23.0,0,1
HAN0011,Bamboo Airways,1934703,16,17,55,HAN,7.0,20.0,2,2
HAN0056,VietJet Air,1299743,9,10,55,HAN,7.0,0.0,2,2
HAN0041,VietJet Air,1807077,15,16,55,HAN,7.0,0.0,2,2
HAN0117,Vietnam Airlines,2001996,10,11,55,HAN,12.0,23.0,2,2
HAN0012,Bamboo Airways,1934703,16,17,55,HAN,7.0,20.0,3,3
HAN0042,VietJet Air,1807077,15,16,55,HAN,7.0,0.0,3,3
HAN0147,Vietnam Airlines,1912086,21,22,60,HAN,12.0,23.0,3,3
HAN0001,Bamboo Airways,1277903,16,17,55,HAN,7.0,0.0,3,3
HAN0029,VietJet Air,1294755,15,16,55,HAN,7.0,0.0,3,3
HAN0135,Vietnam Airlines,1664080,21,22,60,HAN,12.0,23.0,3,3
HAN0149,Vietnam Airlines,1752917,5,6,55,HAN,12.0,23.0,3,3
HAN0045,VietJet Air,1863441,9,10,55,HAN,7.0,0.0,3,3
HAN0002,Bamboo Airways,1013756,16,17,55,HAN,7.0,0.0,2,4
HAN0030,VietJet Air,1051365,15,16,55,HAN,7.0,0.0,2,4
HAN0168,Vietnam Airlines,1253540,8,9,55,HAN,12.0,23.0,2,4
HAN0046,VietJet Air,1295753,9,10,55,HAN,7.0,0.0,2,4
HAN0150,Vietnam Airlines,1478054,5,6,55,HAN,12.0,23.0,2,4
HAN0136,Vietnam Airlines,1478054,21,22,60,HAN,12.0,23.0,2,4
HAN0003,Bamboo Airways,869953,16,17,55,HAN,7.0,0.0,2,5
HAN0047,VietJet Air,813960,9,10,55,HAN,7.0,0.0,2,5
HAN0031,VietJet Air,813960,15,16,55,HAN,7.0,0.0,2,5
HAN0169,Vietnam Airlines,994723,8,9,55,HAN,12.0,0.0,2,5
HAN0137,Vietnam Airlines,1141282,21,22,60,HAN,12.0,23.0,2,5
HAN0004,Bamboo Airways,782244,16,17,55,HAN,7.0,0.0,2,6
HAN0048,VietJet Air,813960,9,10,55,HAN,7.0,0.0,2,6
HAN0170,Vietnam Airlines,994723,8,9,55,HAN,12.0,0.0,2,6
HAN0148,Vietnam Airlines,994723,22,23,60,HAN,12.0,0.0,2,6
HAN0032,VietJet Air,1051365,15,16,55,HAN,7.0,0.0,2,6
HAN0049,VietJet Air,813960,9,10,55,HAN,7.0,0.0,0,7
HAN0153,Vietnam Airlines,1128870,5,6,55,HAN,12.0,23.0,0,7
HAN0139,Vietnam Airlines,1253540,21,22,60,HAN,12.0,23.0,0,7
HAN0102,Vietnam Airlines,1375623,10,11,55,HAN,12.0,23.0,0,7
HAN0005,Bamboo Airways,782244,16,17,55,HAN,7.0,0.0,0,8
HAN0050,VietJet Air,828923,9,10,55,HAN,7.0,0.0,0,8
HAN0172,Vietnam Airlines,961462,8,9,55,HAN,12.0,0.0,0,8
HAN0124,Vietnam Airlines,1141282,17,18,55,HAN,12.0,23.0,0,8
HAN0154,Vietnam Airlines,961462,5,6,55,HAN,12.0,0.0,0,9
HAN0173,Vietnam Airlines,961462,8,9,55,HAN,12.0,0.0,0,9
HAN0104,Vietnam Airlines,1141282,10,11,55,HAN,12.0,23.0,0,9
HAN0125,Vietnam Airlines,1141282,17,18,55,HAN,12.0,23.0,0,9
HAN0051,VietJet Air,1931195,9,10,55,HAN,7.0,0.0,0,9
HAN0006,Bamboo Airways,869953,16,17,55,HAN,7.0,0.0,0,10
HAN0052,VietJet Air,813960,9,10,55,HAN,7.0,0.0,0,10
HAN0174,Vietnam Airlines,1073720,8,9,55,HAN,12.0,23.0,0,10
HAN0126,Vietnam Airlines,1141282,17,18,55,HAN,12.0,23.0,0,10
HAN0053,VietJet Air,1295753,9,10,55,HAN,7.0,0.0,0,11
HAN0155,Vietnam Airlines,1478054,5,6,55,HAN,12.0,23.0,0,11
HAN0175,Vietnam Airlines,1478054,8,9,55,HAN,12.0,23.0,0,11
HAN0106,Vietnam Airlines,1578877,10,11,55,HAN,12.0,23.0,0,11
HAN0127,Vietnam Airlines,1778220,17,18,55,HAN,12.0,23.0,0,11
HAN0007,Bamboo Airways,1145320,16,17,55,HAN,7.0,0.0,1,12
HAN0128,Vietnam Airlines,1141282,17,18,55,HAN,12.0,23.0,1,12
HAN0054,VietJet Air,1147125,9,10,55,HAN,7.0,0.0,1,12
HAN0107,Vietnam Airlines,1365797,10,11,55,HAN,12.0,23.0,1,12
HAN0055,VietJet Air,813960,9,10,55,HAN,7.0,0.0,1,13
HAN0156,Vietnam Airlines,967032,5,6,55,HAN,12.0,0.0,1,13
HAN0129,Vietnam Airlines,967032,17,18,55,HAN,12.0,0.0,1,13
HAN0177,Vietnam Airlines,1133865,8,9,55,HAN,12.0,23.0,1,13
HAN0108,Vietnam Airlines,1241757,10,11,55,HAN,12.0,23.0,1,13
HAN0056,VietJet Air,1892258,9,10,55,HAN,7.0,0.0,2,1
HAN0012,Bamboo Airways,1917365,16,17,55,HAN,7.0,20.0,3,2
HAN0042,VietJet Air,1831410,15,16,55,HAN,7.0,0.0,3,2
HAN0001,Bamboo Airways,1376831,16,17,55,HAN,7.0,0.0,3,2
HAN0029,VietJet Air,1306725,15,16,55,HAN,7.0,0.0,3,2
HAN0135,Vietnam Airlines,1527121,21,22,60,HAN,12.0,23.0,3,2
HAN0149,Vietnam Airlines,1569429,5,6,55,HAN,12.0,23.0,3,2
HAN0002,Bamboo Airways,1041765,16,17,55,HAN,7.0,0.0,2,3
HAN0030,VietJet Air,1055355,15,16,55,HAN,7.0,0.0,2,3
HAN0136,Vietnam Airlines,1171827,21,22,60,HAN,12.0,23.0,2,3
HAN0150,Vietnam Airlines,1175823,5,6,55,HAN,12.0,23.0,2,3
HAN0046,VietJet Air,1299743,9,10,55,HAN,7.0,0.0,2,3
HAN0168,Vietnam Airlines,1366167,8,9,55,HAN,12.0,23.0,2,3
HAN0003,Bamboo Airways,782244,16,17,55,HAN,7.0,0.0,2,4
HAN0047,VietJet Air,835905,9,10,55,HAN,7.0,0.0,2,4
HAN0031,VietJet Air,835905,15,16,55,HAN,7.0,0.0,2,4
HAN0169,Vietnam Airlines,1145853,8,9,55,HAN,12.0,23.0,2,4
HAN0137,Vietnam Airlines,1149849,21,22,60,HAN,12.0,23.0,2,4
HAN0004,Bamboo Airways,782244,16,17,55,HAN,7.0,0.0,2,5
HAN0048,VietJet Air,835905,9,10,55,HAN,7.0,0.0,2,5
HAN0170,Vietnam Airlines,1011987,8,9,55,HAN,12.0,0.0,2,5
HAN0148,Vietnam Airlines,1011987,22,23,60,HAN,12.0,0.0,2,5
HAN0032,VietJet Air,1055355,15,16,55,HAN,7.0,0.0,2,5
HAN0049,VietJet Air,835905,9,10,55,HAN,7.0,0.0,0,6
HAN0153,Vietnam Airlines,1011987,5,6,55,HAN,12.0,0.0,0,6
HAN0139,Vietnam Airlines,1175823,21,22,60,HAN,12.0,23.0,0,6
HAN0102,Vietnam Airlines,1380618,10,11,55,HAN,12.0,23.0,0,6
HAN0005,Bamboo Airways,782244,16,17,55,HAN,7.0,0.0,0,7
HAN0050,VietJet Air,835905,9,10,55,HAN,7.0,0.0,0,7
HAN0172,Vietnam Airlines,870129,8,9,55,HAN,12.0,0.0,0,7
HAN0124,Vietnam Airlines,949050,17,18,55,HAN,12.0,0.0,0,7
HAN0051,VietJet Air,835905,9,10,55,HAN,7.0,0.0,0,8
HAN0173,Vietnam Airlines,877397,8,9,55,HAN,12.0,0.0,0,8
HAN0154,Vietnam Airlines,961722,5,6,55,HAN,12.0,0.0,0,8
HAN0104,Vietnam Airlines,1141591,10,11,55,HAN,12.0,23.0,0,8
HAN0125,Vietnam Airlines,1141591,17,18,55,HAN,12.0,23.0,0,8
HAN0006,Bamboo Airways,782244,16,17,55,HAN,7.0,0.0,0,9
HAN0052,VietJet Air,835905,9,10,55,HAN,7.0,0.0,0,9
HAN0174,Vietnam Airlines,979020,8,9,55,HAN,12.0,0.0,0,9
HAN0126,Vietnam Airlines,1141591,17,18,55,HAN,12.0,23.0,0,9
HAN0053,VietJet Air,1288770,9,10,55,HAN,7.0,0.0,0,10
HAN0127,Vietnam Airlines,1411137,17,18,55,HAN,12.0,23.0,0,10
HAN0155,Vietnam Airlines,1478454,5,6,55,HAN,12.0,23.0,0,10
HAN0175,Vietnam Airlines,1478454,8,9,55,HAN,12.0,23.0,0,10
HAN0106,Vietnam Airlines,1579305,10,11,55,HAN,12.0,23.0,0,10
HAN0007,Bamboo Airways,1080048,16,17,55,HAN,7.0,0.0,1,11
HAN0128,Vietnam Airlines,1141591,17,18,55,HAN,12.0,23.0,1,11
HAN0054,VietJet Air,1152113,9,10,55,HAN,7.0,0.0,1,11
HAN0107,Vietnam Airlines,1366167,10,11,55,HAN,12.0,23.0,1,11
HAN0156,Vietnam Airlines,961722,5,6,55,HAN,12.0,0.0,1,12
HAN0129,Vietnam Airlines,993381,17,18,55,HAN,12.0,0.0,1,12
HAN0177,Vietnam Airlines,1141591,8,9,55,HAN,12.0,23.0,1,12
HAN0108,Vietnam Airlines,1164834,10,11,55,HAN,12.0,23.0,1,12
HAN0055,VietJet Air,1930961,9,10,55,HAN,7.0,0.0,1,12
HAN0012,Bamboo Airways,1934703,16,17,55,HAN,7.0,20.0,3,1
HAN0001,Bamboo Airways,1376831,16,17,55,HAN,7.0,0.0,3,1
HAN0135,Vietnam Airlines,1484514,21,22,60,HAN,12.0,23.0,3,1
HAN0149,Vietnam Airlines,1798200,5,6,55,HAN,12.0,23.0,3,1
HAN0045,VietJet Air,1863330,9,10,55,HAN,7.0,0.0,3,1
HAN0002,Bamboo Airways,947464,16,17,55,HAN,7.0,0.0,2,2
HAN0030,VietJet Air,1055355,15,16,55,HAN,7.0,0.0,2,2
HAN0136,Vietnam Airlines,1141688,21,22,60,HAN,12.0,23.0,2,2
HAN0150,Vietnam Airlines,1160838,5,6,55,HAN,12.0,23.0,2,2
HAN0046,VietJet Air,1307723,9,10,55,HAN,7.0,0.0,2,2
HAN0168,Vietnam Airlines,1579439,8,9,55,HAN,12.0,23.0,2,2
HAN0003,Bamboo Airways,782244,16,17,55,HAN,7.0,0.0,2,3
HAN0047,VietJet Air,824933,9,10,55,HAN,7.0,0.0,2,3
HAN0031,VietJet Air,824933,15,16,55,HAN,7.0,0.0,2,3
HAN0169,Vietnam Airlines,1141688,8,9,55,HAN,12.0,23.0,2,3
HAN0137,Vietnam Airlines,1141688,21,22,60,HAN,12.0,23.0,2,3
HAN0004,Bamboo Airways,947464,16,17,55,HAN,7.0,0.0,2,4
HAN0048,VietJet Air,824933,9,10,55,HAN,7.0,0.0,2,4
HAN0170,Vietnam Airlines,995078,8,9,55,HAN,12.0,0.0,2,4
HAN0148,Vietnam Airlines,995078,22,23,60,HAN,12.0,0.0,2,4
HAN0032,VietJet Air,1051365,15,16,55,HAN,7.0,0.0,2,4
HAN0049,VietJet Air,824933,9,10,55,HAN,7.0,0.0,0,5
HAN0153,Vietnam Airlines,995078,5,6,55,HAN,12.0,0.0,0,5
HAN0139,Vietnam Airlines,1141688,21,22,60,HAN,12.0,23.0,0,5
HAN0102,Vietnam Airlines,1753546,10,11,55,HAN,12.0,23.0,0,5
HAN0005,Bamboo Airways,829158,16,17,55,HAN,7.0,0.0,0,6
HAN0050,VietJet Air,824933,9,10,55,HAN,7.0,0.0,0,6
HAN0172,Vietnam Airlines,882780,8,9,55,HAN,12.0,0.0,0,6
HAN0124,Vietnam Airlines,995078,17,18,55,HAN,12.0,0.0,0,6
HAN0051,VietJet Air,824933,9,10,55,HAN,7.0,0.0,0,7
HAN0173,Vietnam Airlines,882780,8,9,55,HAN,12.0,0.0,0,7
HAN0154,Vietnam Airlines,961804,5,6,55,HAN,12.0,0.0,0,7
HAN0104,Vietnam Airlines,1141688,10,11,55,HAN,12.0,23.0,0,7
HAN0125,Vietnam Airlines,1141688,17,18,55,HAN,12.0,23.0,0,7
HAN0006,Bamboo Airways,829158,16,17,55,HAN,7.0,0.0,0,8
HAN0052,VietJet Air,824933,9,10,55,HAN,7.0,0.0,0,8
HAN0174,Vietnam Airlines,961804,8,9,55,HAN,12.0,0.0,0,8
HAN0126,Vietnam Airlines,1141688,17,18,55,HAN,12.0,23.0,0,8
HAN0053,VietJet Air,1307723,9,10,55,HAN,7.0,0.0,0,9
HAN0155,Vietnam Airlines,1366282,5,6,55,HAN,12.0,23.0,0,9
HAN0127,Vietnam Airlines,1366282,17,18,55,HAN,12.0,23.0,0,9
HAN0175,Vietnam Airlines,1478579,8,9,55,HAN,12.0,23.0,0,9
HAN0106,Vietnam Airlines,1579439,10,11,55,HAN,12.0,23.0,0,9
HAN0007,Bamboo Airways,1007637,16,17,55,HAN,7.0,0.0,1,10
HAN0128,Vietnam Airlines,1141688,17,18,55,HAN,12.0,23.0,1,10
HAN0054,VietJet Air,1148123,9,10,55,HAN,7.0,0.0,1,10
HAN0107,Vietnam Airlines,1366282,10,11,55,HAN,12.0,23.0,1,10
HAN0055,VietJet Air,811965,9,10,55,HAN,7.0,0.0,1,11
HAN0156,Vietnam Airlines,961804,5,6,55,HAN,12.0,0.0,1,11
HAN0177,Vietnam Airlines,1141688,8,9,55,HAN,12.0,23.0,1,11
HAN0108,Vietnam Airlines,1141688,10,11,55,HAN,12.0,23.0,1,11
HAN0129,Vietnam Airlines,1141688,17,18,55,HAN,12.0,23.0,1,11
HAN0001,Bamboo Airways,1740927,16,17,55,HAN,,,3,20
HAN0014,VietJet Air,1704435,9,10,55,HAN,,,3,20
HAN0029,VietJet Air,1704435,15,16,55,HAN,,,3,20
HAN0135,Vietnam Airlines,1932066,21,22,60,HAN,,,3,20
HAN0058,Vietnam Airlines,1939059,5,6,55,HAN,,,3,20
HAN0098,Vietnam Airlines,1994004,10,11,55,HAN,,,3,20
HAN0001,Bamboo Airways,1749675,16,17,55,HAN,7.0,20.0,3,19
HAN0014,VietJet Air,1716000,9,10,55,HAN,7.0,0.0,3,19
HAN0029,VietJet Air,1716000,15,16,55,HAN,7.0,0.0,3,19
HAN0135,Vietnam Airlines,1936062,21,22,60,HAN,12.0,23.0,3,19
HAN0058,Vietnam Airlines,1943055,5,6,55,HAN,12.0,23.0,3,19
HAN0098,Vietnam Airlines,1998999,10,11,55,HAN,12.0,23.0,3,19
HAN0001,Bamboo Airways,1749675,16,17,55,HAN,7.0,20.0,3,18
HAN0014,VietJet Air,1709410,9,10,55,HAN,7.0,0.0,3,18
HAN0029,VietJet Air,1709410,15,16,55,HAN,7.0,0.0,3,18
HAN0135,Vietnam Airlines,1937061,21,22,60,HAN,12.0,23.0,3,18
HAN0058,Vietnam Airlines,1945053,5,6,55,HAN,12.0,23.0,3,18
HAN0135,Vietnam Airlines,1934064,21,22,60,HAN,12.0,23.0,3,17
HAN0014,VietJet Air,1688768,9,10,55,HAN,7.0,0.0,3,17
HAN0029,VietJet Air,1688768,15,16,55,HAN,7.0,0.0,3,17
HAN0001,Bamboo Airways,1749675,16,17,55,HAN,7.0,20.0,3,17
HAN0058,Vietnam Airlines,1941057,5,6,55,HAN,12.0,23.0,3,17
HAN0135,Vietnam Airlines,1941057,21,22,60,HAN,,,3,16
HAN0014,VietJet Air,1693755,9,10,55,HAN,,,3,16
HAN0029,VietJet Air,1693755,15,16,55,HAN,,,3,16
HAN0001,Bamboo Airways,1749675,16,17,55,HAN,,,3,16
HAN0058,Vietnam Airlines,1945053,5,6,55,HAN,,,3,16
HAN0058,Vietnam Airlines,1935150,5,6,55,HAN,12.0,23.0,3,15
HAN0014,VietJet Air,1740176,9,10,55,HAN,7.0,0.0,3,15
HAN0029,VietJet Air,1740176,15,16,55,HAN,7.0,0.0,3,15
HAN0001,Bamboo Airways,1749675,16,17,55,HAN,7.0,20.0,3,15
HAN0135,Vietnam Airlines,1935150,21,22,60,HAN,12.0,23.0,3,15
HAN0076,Vietnam Airlines,2000250,8,9,55,HAN,12.0,23.0,3,15
HAN0135,Vietnam Airlines,1944054,21,22,60,HAN,12.0,23.0,3,14
HAN0001,Bamboo Airways,1564488,16,17,55,HAN,7.0,0.0,3,14
HAN0014,VietJet Air,1577048,9,10,55,HAN,7.0,0.0,3,14
HAN0029,VietJet Air,1577048,15,16,55,HAN,7.0,0.0,3,14
HAN0076,Vietnam Airlines,1769229,8,9,55,HAN,12.0,23.0,3,14
HAN0001,Bamboo Airways,1545332,16,17,55,HAN,7.0,0.0,3,8
HAN0014,VietJet Air,1617945,9,10,55,HAN,7.0,0.0,3,8
HAN0029,VietJet Air,1617945,15,16,55,HAN,7.0,0.0,3,8
HAN0058,Vietnam Airlines,1705293,5,6,55,HAN,12.0,23.0,3,8
HAN0135,Vietnam Airlines,1705293,21,22,60,HAN,12.0,23.0,3,8
HAN0001,Bamboo Airways,1436148,16,17,55,HAN,,,3,7
HAN0029,VietJet Air,1612958,15,16,55,HAN,,,3,7
HAN0135,Vietnam Airlines,1690308,21,22,60,HAN,,,3,7
HAN0058,Vietnam Airlines,1701297,5,6,55,HAN,,,3,7
HAN0014,VietJet Air,1840388,9,10,55,HAN,,,3,7
HAN0001,Bamboo Airways,1475759,16,17,55,HAN,7.0,0.0,3,6
HAN0029,VietJet Air,1599990,15,16,55,HAN,7.0,0.0,3,6
HAN0135,Vietnam Airlines,1688310,21,22,60,HAN,12.0,23.0,3,6
HAN0058,Vietnam Airlines,1703295,5,6,55,HAN,12.0,23.0,3,6
HAN0014,VietJet Air,1827420,9,10,55,HAN,7.0,0.0,3,6
HAN0002,Bamboo Airways,1572350,16,17,55,HAN,7.0,0.0,2,20
HAN0015,VietJet Air,1424000,9,10,55,HAN,7.0,0.0,2,20
HAN0030,VietJet Air,1424000,15,16,55,HAN,7.0,0.0,2,20
HAN0136,Vietnam Airlines,1851147,21,22,60,HAN,12.0,23.0,2,20
HAN0059,Vietnam Airlines,1884114,5,6,55,HAN,12.0,23.0,2,20
HAN0099,Vietnam Airlines,1995003,10,11,55,HAN,12.0,23.0,2,20
HAN0002,Bamboo Airways,1572350,16,17,55,HAN,7.0,0.0,2,19
HAN0015,VietJet Air,1425835,9,10,55,HAN,7.0,0.0,2,19
HAN0030,VietJet Air,1425835,15,16,55,HAN,7.0,0.0,2,19
HAN0136,Vietnam Airlines,1853145,21,22,60,HAN,12.0,23.0,2,19
HAN0059,Vietnam Airlines,1886112,5,6,55,HAN,12.0,23.0,2,19
HAN0077,Vietnam Airlines,2011986,8,9,55,HAN,12.0,23.0,2,19
HAN0059,Vietnam Airlines,1605393,5,6,55,HAN,12.0,23.0,2,18
HAN0015,VietJet Air,1397498,9,10,55,HAN,7.0,0.0,2,18
HAN0030,VietJet Air,1397498,15,16,55,HAN,7.0,0.0,2,18
HAN0002,Bamboo Airways,1483175,16,17,55,HAN,7.0,0.0,2,18
HAN0136,Vietnam Airlines,1605393,21,22,60,HAN,12.0,23.0,2,18
HAN0099,Vietnam Airlines,1675323,10,11,55,HAN,12.0,23.0,2,18
HAN0136,Vietnam Airlines,1608390,21,22,60,HAN,,,2,17
HAN0015,VietJet Air,1401488,9,10,55,HAN,,,2,17
HAN0030,VietJet Air,1401488,15,16,55,HAN,,,2,17
HAN0002,Bamboo Airways,1483175,16,17,55,HAN,,,2,17
HAN0059,Vietnam Airlines,1611387,5,6,55,HAN,,,2,17
HAN0099,Vietnam Airlines,1715283,10,11,55,HAN,,,2,17
HAN0059,Vietnam Airlines,1493100,5,6,55,HAN,12.0,23.0,2,16
HAN0002,Bamboo Airways,1383750,16,17,55,HAN,7.0,0.0,2,16
HAN0030,VietJet Air,1445443,15,16,55,HAN,7.0,0.0,2,16
HAN0136,Vietnam Airlines,1594950,21,22,60,HAN,12.0,23.0,2,16
HAN0099,Vietnam Airlines,1696800,10,11,55,HAN,12.0,23.0,2,16
HAN0015,VietJet Air,1946434,9,10,55,HAN,7.0,0.0,2,16
HAN0059,Vietnam Airlines,1487511,5,6,55,HAN,12.0,23.0,2,15
HAN0002,Bamboo Airways,1383750,16,17,55,HAN,7.0,0.0,2,15
HAN0015,VietJet Air,1401488,9,10,55,HAN,7.0,0.0,2,15
HAN0030,VietJet Air,1401488,15,16,55,HAN,7.0,0.0,2,15
HAN0136,Vietnam Airlines,1487511,21,22,60,HAN,12.0,23.0,2,15
HAN0077,Vietnam Airlines,1602396,8,9,55,HAN,12.0,23.0,2,15
HAN0002,Bamboo Airways,1172143,16,17,55,HAN,7.0,0.0,2,9
HAN0077,Vietnam Airlines,1149849,8,9,55,HAN,12.0,23.0,2,9
HAN0015,VietJet Air,1182038,9,10,55,HAN,7.0,0.0,2,9
HAN0030,VietJet Air,1182038,15,16,55,HAN,7.0,0.0,2,9
HAN0136,Vietnam Airlines,1490508,21,22,60,HAN,12.0,23.0,2,9
HAN0059,Vietnam Airlines,1497501,5,6,55,HAN,12.0,23.0,2,9
HAN0002,Bamboo Airways,761248,16,17,55,HAN,,,2,8
HAN0015,VietJet Air,829920,9,10,55,HAN,,,2,8
HAN0030,VietJet Air,829920,15,16,55,HAN,,,2,8
HAN0077,Vietnam Airlines,1155843,8,9,55,HAN,,,2,8
HAN0136,Vietnam Airlines,1484514,21,22,60,HAN,,,2,8
HAN0059,Vietnam Airlines,1495503,5,6,55,HAN,,,2,8
HAN0002,Bamboo Airways,782244,16,17,55,HAN,7.0,0.0,2,7
HAN0015,VietJet Air,1063335,9,10,55,HAN,7.0,0.0,2,7
HAN0003,Bamboo Airways,1151075,16,17,55,HAN,7.0,0.0,2,20
HAN0016,VietJet Air,1163155,9,10,55,HAN,7.0,0.0,2,20
HAN0031,VietJet Air,1163155,15,16,55,HAN,7.0,0.0,2,20
HAN0060,Vietnam Airlines,1375623,5,6,55,HAN,12.0,23.0,2,20
HAN0137,Vietnam Airlines,1375623,21,22,60,HAN,12.0,23.0,2,20
HAN0078,Vietnam Airlines,1393605,8,9,55,HAN,12.0,23.0,2,20
HAN0060,Vietnam Airlines,1275723,5,6,55,HAN,12.0,23.0,2,19
HAN0016,VietJet Air,1137150,9,10,55,HAN,7.0,0.0,2,19
HAN0031,VietJet Air,1137150,15,16,55,HAN,7.0,0.0,2,19
HAN0003,Bamboo Airways,1151075,16,17,55,HAN,7.0,0.0,2,19
HAN0137,Vietnam Airlines,1375623,21,22,60,HAN,12.0,23.0,2,19
HAN0078,Vietnam Airlines,1390608,8,9,55,HAN,12.0,23.0,2,19
HAN0060,Vietnam Airlines,1277721,5,6,55,HAN,,,2,18
HAN0016,VietJet Air,1139145,9,10,55,HAN,,,2,18
HAN0031,VietJet Air,1139145,15,16,55,HAN,,,2,18
HAN0003,Bamboo Airways,1151075,16,17,55,HAN,,,2,18
HAN0137,Vietnam Airlines,1377621,21,22,60,HAN,,,2,18
HAN0078,Vietnam Airlines,1389609,8,9,55,HAN,,,2,18
HAN0060,Vietnam Airlines,1152900,5,6,55,HAN,12.0,23.0,2,17
HAN0003,Bamboo Airways,1151075,16,17,55,HAN,7.0,0.0,2,17
HAN0016,VietJet Air,1180561,9,10,55,HAN,7.0,0.0,2,17
HAN0031,VietJet Air,1180561,15,16,55,HAN,7.0,0.0,2,17
HAN0100,Vietnam Airlines,1266300,10,11,55,HAN,12.0,23.0,2,17
HAN0078,Vietnam Airlines,1379700,8,9,55,HAN,12.0,23.0,2,17
HAN0137,Vietnam Airlines,1146852,21,22,60,HAN,12.0,23.0,2,16
HAN0003,Bamboo Airways,786175,16,17,55,HAN,7.0,0.0,2,16
HAN0016,VietJet Air,799995,9,10,55,HAN,7.0,0.0,2,16
HAN0031,VietJet Air,799995,15,16,55,HAN,7.0,0.0,2,16
HAN0060,Vietnam Airlines,1164834,5,6,55,HAN,12.0,23.0,2,16
HAN0100,Vietnam Airlines,1276722,10,11,55,HAN,12.0,23.0,2,16
HAN0003,Bamboo Airways,1116639,16,17,55,HAN,7.0,0.0,2,10
HAN0016,VietJet Air,834908,9,10,55,HAN,7.0,0.0,2,10
HAN0031,VietJet Air,834908,15,16,55,HAN,7.0,0.0,2,10
HAN0137,Vietnam Airlines,1151847,21,22,60,HAN,12.0,23.0,2,10
HAN0060,Vietnam Airlines,1163835,5,6,55,HAN,12.0,23.0,2,10
HAN0100,Vietnam Airlines,1272726,10,11,55,HAN,12.0,23.0,2,10
HAN0003,Bamboo Airways,761248,16,17,55,HAN,,,2,9
HAN0016,VietJet Air,829920,9,10,55,HAN,,,2,9
HAN0031,VietJet Air,829920,15,16,55,HAN,,,2,9
HAN0078,Vietnam Airlines,977022,8,9,55,HAN,,,2,9
HAN0137,Vietnam Airlines,1152846,21,22,60,HAN,,,2,9
HAN0060,Vietnam Airlines,1155843,5,6,55,HAN,,,2,9
HAN0003,Bamboo Airways,782244,16,17,55,HAN,7.0,0.0,2,8
HAN0016,VietJet Air,831915,9,10,55,HAN,7.0,0.0,2,8
HAN0031,VietJet Air,831915,15,16,55,HAN,7.0,0.0,2,8
HAN0078,Vietnam Airlines,979020,8,9,55,HAN,12.0,0.0,2,8
HAN0137,Vietnam Airlines,1153845,21,22,60,HAN,12.0,23.0,2,8
HAN0060,Vietnam Airlines,1168830,5,6,55,HAN,12.0,23.0,2,8
HAN0061,Vietnam Airlines,1154844,5,6,55,HAN,12.0,23.0,2,20
HAN0017,VietJet Air,798000,9,10,55,HAN,7.0,0.0,2,20
HAN0004,Bamboo Airways,874325,16,17,55,HAN,7.0,0.0,2,20
HAN0032,VietJet Air,1025430,15,16,55,HAN,7.0,0.0,2,20
HAN0079,Vietnam Airlines,1161837,8,9,55,HAN,12.0,23.0,2,20
HAN0138,Vietnam Airlines,1172826,21,22,60,HAN,12.0,23.0,2,20
HAN0061,Vietnam Airlines,1159839,5,6,55,HAN,,,2,19
HAN0017,VietJet Air,801990,9,10,55,HAN,,,2,19
HAN0004,Bamboo Airways,952225,16,17,55,HAN,,,2,19
HAN0032,VietJet Air,1030418,15,16,55,HAN,,,2,19
HAN0079,Vietnam Airlines,1123875,8,9,55,HAN,,,2,19
HAN0138,Vietnam Airlines,1179170,21,22,60,HAN,,,2,19
HAN0061,Vietnam Airlines,1152900,5,6,55,HAN,12.0,23.0,2,18
HAN0017,VietJet Air,839148,9,10,55,HAN,7.0,0.0,2,18
HAN0032,VietJet Air,1069019,15,16,55,HAN,7.0,0.0,2,18
HAN0079,Vietnam Airlines,1152900,8,9,55,HAN,12.0,23.0,2,18
HAN0101,Vietnam Airlines,1152900,10,11,55,HAN,12.0,23.0,2,18
HAN0061,Vietnam Airlines,942057,5,6,55,HAN,12.0,0.0,2,17
HAN0017,VietJet Air,799995,9,10,55,HAN,7.0,0.0,2,17
HAN0004,Bamboo Airways,874325,16,17,55,HAN,7.0,0.0,2,17
HAN0138,Vietnam Airlines,946053,21,22,60,HAN,12.0,0.0,2,17
HAN0032,VietJet Air,1028423,15,16,55,HAN,7.0,0.0,2,17
HAN0101,Vietnam Airlines,1150848,10,11,55,HAN,12.0,23.0,2,17
HAN0004,Bamboo Airways,935863,16,17,55,HAN,7.0,0.0,2,11
HAN0017,VietJet Air,839895,9,10,55,HAN,7.0,0.0,2,11
HAN0061,Vietnam Airlines,982017,5,6,55,HAN,12.0,0.0,2,11
HAN0079,Vietnam Airlines,982017,8,9,55,HAN,12.0,0.0,2,11
HAN0138,Vietnam Airlines,982017,21,22,60,HAN,12.0,0.0,2,11
HAN0032,VietJet Air,1066328,15,16,55,HAN,7.0,0.0,2,11
HAN0004,Bamboo Airways,761248,16,17,55,HAN,,,2,10
HAN0017,VietJet Air,829920,9,10,55,HAN,,,2,10
HAN0061,Vietnam Airlines,966033,5,6,55,HAN,,,2,10
HAN0148,Vietnam Airlines,966033,22,23,60,HAN,,,2,10
HAN0079,Vietnam Airlines,977022,8,9,55,HAN,,,2,10
HAN0032,VietJet Air,1061340,15,16,55,HAN,,,2,10
HAN0004,Bamboo Airways,782244,16,17,55,HAN,7.0,0.0,2,9
HAN0017,VietJet Air,831915,9,10,55,HAN,7.0,0.0,2,9
HAN0061,Vietnam Airlines,979020,5,6,55,HAN,12.0,0.0,2,9
HAN0079,Vietnam Airlines,979020,8,9,55,HAN,12.0,0.0,2,9
HAN0148,Vietnam Airlines,979020,22,23,60,HAN,12.0,0.0,2,9
HAN0032,VietJet Air,1063335,15,16,55,HAN,7.0,0.0,2,9
HAN0062,Vietnam Airlines,1163835,5,6,55,HAN,,,0,20
HAN0018,VietJet Air,800993,9,10,55,HAN,,,0,20
HAN0080,Vietnam Airlines,1163835,8,9,55,HAN,,,0,20
HAN0139,Vietnam Airlines,1389609,21,22,60,HAN,,,0,20
HAN0062,Vietnam Airlines,936600,5,6,55,HAN,12.0,0.0,0,19
HAN0018,VietJet Air,839148,9,10,55,HAN,7.0,0.0,0,19
HAN0080,Vietnam Airlines,1152900,8,9,55,HAN,12.0,23.0,0,19
HAN0102,Vietnam Airlines,1152900,10,11,55,HAN,12.0,23.0,0,19
HAN0062,Vietnam Airlines,946053,5,6,55,HAN,12.0,0.0,0,18
HAN0018,VietJet Air,799995,9,10,55,HAN,7.0,0.0,0,18
HAN0080,Vietnam Airlines,939060,8,9,55,HAN,12.0,0.0,0,18
HAN0102,Vietnam Airlines,1164834,10,11,55,HAN,12.0,23.0,0,18
HAN0018,VietJet Air,839895,9,10,55,HAN,7.0,0.0,0,12
HAN0062,Vietnam Airlines,979020,5,6,55,HAN,12.0,0.0,0,12
HAN0139,Vietnam Airlines,1165833,21,22,60,HAN,12.0,23.0,0,12
HAN0102,Vietnam Airlines,1273725,10,11,55,HAN,12.0,23.0,0,12
HAN0018,VietJet Air,829920,9,10,55,HAN,,,0,11
HAN0062,Vietnam Airlines,977022,5,6,55,HAN,,,0,11
HAN0139,Vietnam Airlines,1155843,21,22,60,HAN,,,0,11
HAN0102,Vietnam Airlines,1264734,10,11,55,HAN,,,0,11
HAN0018,VietJet Air,827925,9,10,55,HAN,7.0,0.0,0,10
HAN0062,Vietnam Airlines,979020,5,6,55,HAN,12.0,0.0,0,10
HAN0139,Vietnam Airlines,1153845,21,22,60,HAN,12.0,23.0,0,10
HAN0102,Vietnam Airlines,1261737,10,11,55,HAN,12.0,23.0,0,10
HAN0124,Vietnam Airlines,936600,17,18,55,HAN,12.0,0.0,0,20
HAN0005,Bamboo Airways,786175,16,17,55,HAN,7.0,0.0,0,20
HAN0019,VietJet Air,839148,9,10,55,HAN,7.0,0.0,0,20
HAN0081,Vietnam Airlines,1084650,8,9,55,HAN,12.0,23.0,0,20
HAN0124,Vietnam Airlines,943056,17,18,55,HAN,12.0,0.0,0,19
HAN0005,Bamboo Airways,782244,16,17,55,HAN,7.0,0.0,0,19
HAN0019,VietJet Air,799995,9,10,55,HAN,7.0,0.0,0,19
HAN0081,Vietnam Airlines,1090908,8,9,55,HAN,12.0,23.0,0,19
HAN0005,Bamboo Airways,1028543,16,17,55,HAN,7.0,0.0,0,13
HAN0019,VietJet Air,839895,9,10,55,HAN,7.0,0.0,0,13
HAN0081,Vietnam Airlines,982017,8,9,55,HAN,12.0,0.0,0,13
HAN0124,Vietnam Airlines,982017,17,18,55,HAN,12.0,0.0,0,13
HAN0005,Bamboo Airways,747353,16,17,55,HAN,,,0,12
HAN0019,VietJet Air,829920,9,10,55,HAN,,,0,12
HAN0081,Vietnam Airlines,977022,8,9,55,HAN,,,0,12
HAN0124,Vietnam Airlines,977022,17,18,55,HAN,,,0,12
HAN0005,Bamboo Airways,782244,16,17,55,HAN,7.0,0.0,0,11
HAN0019,VietJet Air,827925,9,10,55,HAN,7.0,0.0,0,11
HAN0081,Vietnam Airlines,979020,8,9,55,HAN,12.0,0.0,0,11
HAN0124,Vietnam Airlines,993381,17,18,55,HAN,12.0,0.0,0,11
HAN0063,Vietnam Airlines,946053,5,6,55,HAN,12.0,0.0,0,20
HAN0020,VietJet Air,799995,9,10,55,HAN,7.0,0.0,0,20
HAN0082,Vietnam Airlines,946053,8,9,55,HAN,12.0,0.0,0,20
HAN0125,Vietnam Airlines,1138860,17,18,55,HAN,12.0,23.0,0,20
HAN0020,VietJet Air,839895,9,10,55,HAN,7.0,0.0,0,14
HAN0063,Vietnam Airlines,949050,5,6,55,HAN,12.0,0.0,0,14
HAN0082,Vietnam Airlines,949050,8,9,55,HAN,12.0,0.0,0,14
HAN0125,Vietnam Airlines,1161837,17,18,55,HAN,12.0,23.0,0,14
HAN0104,Vietnam Airlines,1165833,10,11,55,HAN,12.0,23.0,0,14
HAN0020,VietJet Air,829920,9,10,55,HAN,,,0,13
HAN0020,VietJet Air,828923,9,10,55,HAN,7.0,0.0,0,12
HAN0063,Vietnam Airlines,979020,5,6,55,HAN,12.0,0.0,0,12
HAN0082,Vietnam Airlines,979020,8,9,55,HAN,12.0,0.0,0,12
HAN0104,Vietnam Airlines,1154844,10,11,55,HAN,12.0,23.0,0,12
HAN0125,Vietnam Airlines,1161837,17,18,55,HAN,12.0,23.0,0,12
HAN0006,Bamboo Airways,1088986,16,17,55,HAN,7.0,0.0,0,15
HAN0021,VietJet Air,835905,9,10,55,HAN,7.0,0.0,0,15
HAN0083,Vietnam Airlines,1089909,8,9,55,HAN,12.0,23.0,0,15
HAN0126,Vietnam Airlines,1168830,17,18,55,HAN,12.0,23.0,0,15
HAN0006,Bamboo Airways,747353,16,17,55,HAN,,,0,14
HAN0021,VietJet Air,829920,9,10,55,HAN,,,0,14
HAN0083,Vietnam Airlines,1088910,8,9,55,HAN,,,0,14
HAN0126,Vietnam Airlines,1155843,17,18,55,HAN,,,0,14
HAN0006,Bamboo Airways,782244,16,17,55,HAN,7.0,0.0,0,13
HAN0021,VietJet Air,828923,9,10,55,HAN,7.0,0.0,0,13
HAN0083,Vietnam Airlines,1095903,8,9,55,HAN,12.0,23.0,0,13
HAN0126,Vietnam Airlines,1161837,17,18,55,HAN,12.0,23.0,0,13
HAN0127,Vietnam Airlines,1234764,17,18,55,HAN,12.0,23.0,0,16
HAN0022,VietJet Air,1314705,9,10,55,HAN,7.0,0.0,0,16
HAN0064,Vietnam Airlines,1383615,5,6,55,HAN,12.0,23.0,0,16
HAN0084,Vietnam Airlines,1476756,8,9,55,HAN,12.0,23.0,0,16
HAN0106,Vietnam Airlines,1476756,10,11,55,HAN,12.0,23.0,0,16
HAN0022,VietJet Air,1319693,9,10,55,HAN,,,0,15
HAN0127,Vietnam Airlines,1387611,17,18,55,HAN,,,0,15
HAN0084,Vietnam Airlines,1495503,8,9,55,HAN,,,0,15
HAN0106,Vietnam Airlines,1495503,10,11,55,HAN,,,0,15
HAN0064,Vietnam Airlines,1577814,5,6,55,HAN,,,0,15
HAN0127,Vietnam Airlines,1240758,17,18,55,HAN,12.0,23.0,0,14
HAN0022,VietJet Air,1293758,9,10,55,HAN,7.0,0.0,0,14
HAN0106,Vietnam Airlines,1486512,10,11,55,HAN,12.0,23.0,0,14
HAN0084,Vietnam Airlines,1498500,8,9,55,HAN,12.0,23.0,0,14
HAN0064,Vietnam Airlines,1527121,5,6,55,HAN,12.0,23.0,0,14
HAN0007,Bamboo Airways,1088986,16,17,55,HAN,7.0,0.0,1,17
HAN0128,Vietnam Airlines,1161837,17,18,55,HAN,12.0,23.0,1,17
HAN0023,VietJet Air,1179045,9,10,55,HAN,7.0,0.0,1,17
HAN0085,Vietnam Airlines,1273725,8,9,55,HAN,12.0,23.0,1,17
HAN0007,Bamboo Airways,1072893,16,17,55,HAN,,,1,16
HAN0128,Vietnam Airlines,1155843,17,18,55,HAN,,,1,16
HAN0023,VietJet Air,1177050,9,10,55,HAN,,,1,16
HAN0085,Vietnam Airlines,1264734,8,9,55,HAN,,,1,16
HAN0007,Bamboo Airways,1145320,16,17,55,HAN,7.0,0.0,1,15
HAN0128,Vietnam Airlines,1158840,17,18,55,HAN,12.0,23.0,1,15
HAN0023,VietJet Air,1171065,9,10,55,HAN,7.0,0.0,1,15
HAN0085,Vietnam Airlines,1261737,8,9,55,HAN,12.0,23.0,1,15
HAN0065,Vietnam Airlines,948051,5,6,55,HAN,12.0,0.0,1,18
HAN0129,Vietnam Airlines,948051,17,18,55,HAN,12.0,0.0,1,18
HAN0024,VietJet Air,1062338,9,10,55,HAN,7.0,0.0,1,18
HAN0086,Vietnam Airlines,1164834,8,9,55,HAN,12.0,23.0,1,18
HAN0108,Vietnam Airlines,1164834,10,11,55,HAN,12.0,23.0,1,18
HAN0024,VietJet Air,831915,9,10,55,HAN,,,1,17
HAN0065,Vietnam Airlines,947052,5,6,55,HAN,,,1,17
HAN0129,Vietnam Airlines,947052,17,18,55,HAN,,,1,17
HAN0086,Vietnam Airlines,1155843,8,9,55,HAN,,,1,17
HAN0108,Vietnam Airlines,1264734,10,11,55,HAN,,,1,17
HAN0024,VietJet Air,828923,9,10,55,HAN,7.0,0.0,1,16
HAN0065,Vietnam Airlines,950049,5,6,55,HAN,12.0,0.0,1,16
HAN0129,Vietnam Airlines,950049,17,18,55,HAN,12.0,0.0,1,16
HAN0086,Vietnam Airlines,1162836,8,9,55,HAN,12.0,23.0,1,16
HAN0108,Vietnam Airlines,1263735,10,11,55,HAN,12.0,23.0,1,16
HAN0033,VietJet Air,828835,15,16,55,HAN,,,0,14
HAN0066,Vietnam Airlines,922704,5,6,55,HAN,,,0,14
HAN0087,Vietnam Airlines,922704,8,9,55,HAN,,,0,14
HAN0140,Vietnam Airlines,922704,21,22,60,HAN,,,0,14
HAN0109,Vietnam Airlines,1247511,10,11,55,HAN,,,0,14
HAN0130,Vietnam Airlines,1247511,17,18,55,HAN,,,0,14
HAN0033,VietJet Air,796971,15,16,55,HAN,,,0,13
HAN0066,Vietnam Airlines,956839,5,6,55,HAN,,,0,13
HAN0087,Vietnam Airlines,956839,8,9,55,HAN,,,0,13
HAN0130,Vietnam Airlines,1247511,17,18,55,HAN,,,0,13
HAN0109,Vietnam Airlines,1970572,10,11,55,HAN,,,0,13
HAN0140,Vietnam Airlines,1970572,21,22,60,HAN,,,0,13
HAN0033,VietJet Air,799980,15,16,55,HAN,,,0,12
HAN0066,Vietnam Airlines,973026,5,6,55,HAN,,,0,12
HAN0087,Vietnam Airlines,973026,8,9,55,HAN,,,0,12
HAN0140,Vietnam Airlines,973026,21,22,60,HAN,,,0,12
HAN0130,Vietnam Airlines,1132866,17,18,55,HAN,,,0,12
HAN0109,Vietnam Airlines,1153845,10,11,55,HAN,,,0,12
HAN0033,VietJet Air,836795,15,16,55,HAN,,,0,11
HAN0066,Vietnam Airlines,983016,5,6,55,HAN,,,0,11
HAN0140,Vietnam Airlines,983016,21,22,60,HAN,,,0,11
HAN0130,Vietnam Airlines,1148850,17,18,55,HAN,,,0,11
HAN0109,Vietnam Airlines,1377621,10,11,55,HAN,,,0,11
HAN0033,VietJet Air,822865,15,16,55,HAN,,,0,10
HAN0066,Vietnam Airlines,977022,5,6,55,HAN,,,0,10
HAN0140,Vietnam Airlines,977022,21,22,60,HAN,,,0,10
HAN0130,Vietnam Airlines,1135021,17,18,55,HAN,,,0,10
HAN0109,Vietnam Airlines,1358304,10,11,55,HAN,,,0,10
HAN0033,VietJet Air,832000,15,16,55,HAN,7.0,0.0,0,9
HAN0066,Vietnam Airlines,986013,5,6,55,HAN,12.0,0.0,0,9
HAN0140,Vietnam Airlines,986013,21,22,60,HAN,12.0,0.0,0,9
HAN0130,Vietnam Airlines,1135523,17,18,55,HAN,12.0,23.0,0,9
HAN0109,Vietnam Airlines,1358906,10,11,55,HAN,12.0,23.0,0,9
HAN0033,VietJet Air,827840,15,16,55,HAN,7.0,0.0,0,8
HAN0066,Vietnam Airlines,986013,5,6,55,HAN,12.0,0.0,0,8
HAN0140,Vietnam Airlines,986013,21,22,60,HAN,12.0,0.0,0,8
HAN0130,Vietnam Airlines,1135902,17,18,55,HAN,12.0,23.0,0,8
HAN0109,Vietnam Airlines,1571436,10,11,55,HAN,12.0,23.0,0,8
HAN0066,Vietnam Airlines,977022,5,6,55,HAN,12.0,0.0,0,7
HAN0033,VietJet Air,798000,15,16,55,HAN,7.0,0.0,0,7
HAN0140,Vietnam Airlines,977022,21,22,60,HAN,12.0,0.0,0,7
HAN0130,Vietnam Airlines,1150848,17,18,55,HAN,12.0,23.0,0,7
HAN0066,Vietnam Airlines,1011987,5,6,55,HAN,,,0,6
HAN0033,VietJet Air,801990,15,16,55,HAN,,,0,6
HAN0140,Vietnam Airlines,1011987,21,22,60,HAN,,,0,6
HAN0130,Vietnam Airlines,1156842,17,18,55,HAN,,,0,6
HAN0140,Vietnam Airlines,1004850,21,22,60,HAN,12.0,0.0,0,5
HAN0033,VietJet Air,839148,15,16,55,HAN,7.0,0.0,0,5
HAN0066,Vietnam Airlines,1152900,5,6,55,HAN,12.0,23.0,0,5
HAN0130,Vietnam Airlines,1152900,17,18,55,HAN,12.0,23.0,0,5
HAN0066,Vietnam Airlines,1141027,5,6,55,HAN,12.0,23.0,0,4
HAN0033,VietJet Air,799995,15,16,55,HAN,7.0,0.0,0,4
HAN0130,Vietnam Airlines,1391607,17,18,55,HAN,12.0,23.0,0,4
HAN0034,VietJet Air,835800,15,16,55,HAN,,,0,15
HAN0088,Vietnam Airlines,922704,8,9,55,HAN,,,0,15
HAN0008,Bamboo Airways,1085475,16,17,55,HAN,,,0,15
HAN0067,Vietnam Airlines,1135794,5,6,55,HAN,,,0,15
HAN0110,Vietnam Airlines,1247511,10,11,55,HAN,,,0,15
HAN0131,Vietnam Airlines,1247511,17,18,55,HAN,,,0,15
HAN0008,Bamboo Airways,782244,16,17,55,HAN,,,0,14
HAN0034,VietJet Air,829641,15,16,55,HAN,,,0,14
HAN0088,Vietnam Airlines,922704,8,9,55,HAN,,,0,14
HAN0067,Vietnam Airlines,1135794,5,6,55,HAN,,,0,14
HAN0110,Vietnam Airlines,1135794,10,11,55,HAN,,,0,14
HAN0131,Vietnam Airlines,1135794,17,18,55,HAN,,,0,14
HAN0008,Bamboo Airways,782244,16,17,55,HAN,,,0,13
HAN0034,VietJet Air,838785,15,16,55,HAN,,,0,13
HAN0067,Vietnam Airlines,957976,5,6,55,HAN,,,0,13
HAN0088,Vietnam Airlines,957976,8,9,55,HAN,,,0,13
HAN0110,Vietnam Airlines,1137142,10,11,55,HAN,,,0,13
HAN0131,Vietnam Airlines,1137142,17,18,55,HAN,,,0,13
HAN0008,Bamboo Airways,782244,16,17,55,HAN,,,0,12
HAN0034,VietJet Air,836795,15,16,55,HAN,,,0,12
HAN0067,Vietnam Airlines,983016,5,6,55,HAN,,,0,12
HAN0131,Vietnam Airlines,1137050,17,18,55,HAN,,,0,12
HAN0008,Bamboo Airways,782244,16,17,55,HAN,,,0,11
HAN0067,Vietnam Airlines,979020,5,6,55,HAN,,,0,11
HAN0131,Vietnam Airlines,1148850,17,18,55,HAN,,,0,11
HAN0110,Vietnam Airlines,1273725,10,11,55,HAN,,,0,11
HAN0008,Bamboo Airways,782244,16,17,55,HAN,7.0,0.0,0,10
HAN0067,Vietnam Airlines,979020,5,6,55,HAN,12.0,0.0,0,10
HAN0131,Vietnam Airlines,1135523,17,18,55,HAN,12.0,23.0,0,10
HAN0110,Vietnam Airlines,1247214,10,11,55,HAN,12.0,23.0,0,10
HAN0008,Bamboo Airways,782244,16,17,55,HAN,7.0,0.0,0,9
HAN0067,Vietnam Airlines,987012,5,6,55,HAN,12.0,0.0,0,9
HAN0131,Vietnam Airlines,1135902,17,18,55,HAN,12.0,23.0,0,9
HAN0110,Vietnam Airlines,1247631,10,11,55,HAN,12.0,23.0,0,9
HAN0067,Vietnam Airlines,978021,5,6,55,HAN,12.0,0.0,0,8
HAN0008,Bamboo Airways,869953,16,17,55,HAN,7.0,0.0,0,8
HAN0131,Vietnam Airlines,1117881,17,18,55,HAN,12.0,23.0,0,8
HAN0034,VietJet Air,1281788,15,16,55,HAN,7.0,0.0,0,8
HAN0067,Vietnam Airlines,971028,5,6,55,HAN,,,0,7
HAN0008,Bamboo Airways,932152,16,17,55,HAN,,,0,7
HAN0131,Vietnam Airlines,1163835,17,18,55,HAN,,,0,7
HAN0034,VietJet Air,1286775,15,16,55,HAN,,,0,7
HAN0067,Vietnam Airlines,1004850,5,6,55,HAN,12.0,0.0,0,6
HAN0008,Bamboo Airways,975450,16,17,55,HAN,7.0,0.0,0,6
HAN0034,VietJet Air,1069019,15,16,55,HAN,7.0,0.0,0,6
HAN0131,Vietnam Airlines,1152900,17,18,55,HAN,12.0,23.0,0,6
HAN0067,Vietnam Airlines,1001997,5,6,55,HAN,12.0,0.0,0,5
HAN0008,Bamboo Airways,869953,16,17,55,HAN,7.0,0.0,0,5
HAN0034,VietJet Air,1028423,15,16,55,HAN,7.0,0.0,0,5
HAN0131,Vietnam Airlines,1135863,17,18,55,HAN,12.0,23.0,0,5
HAN0035,VietJet Air,835800,15,16,55,HAN,,,0,16
HAN0068,Vietnam Airlines,922704,5,6,55,HAN,,,0,16
HAN0089,Vietnam Airlines,922704,8,9,55,HAN,,,0,16
HAN0141,Vietnam Airlines,922704,21,22,60,HAN,,,0,16
HAN0132,Vietnam Airlines,1247511,17,18,55,HAN,,,0,16
HAN0111,Vietnam Airlines,1359229,10,11,55,HAN,,,0,16
HAN0035,VietJet Air,833602,15,16,55,HAN,,,0,15
HAN0068,Vietnam Airlines,922704,5,6,55,HAN,,,0,15
HAN0089,Vietnam Airlines,922704,8,9,55,HAN,,,0,15
HAN0141,Vietnam Airlines,922704,21,22,60,HAN,,,0,15
HAN0111,Vietnam Airlines,1247511,10,11,55,HAN,,,0,15
HAN0132,Vietnam Airlines,1247511,17,18,55,HAN,,,0,15
HAN0035,VietJet Air,799980,15,16,55,HAN,,,0,14
HAN0089,Vietnam Airlines,929070,8,9,55,HAN,,,0,14
HAN0068,Vietnam Airlines,936063,5,6,55,HAN,,,0,14
HAN0141,Vietnam Airlines,936063,21,22,60,HAN,,,0,14
HAN0132,Vietnam Airlines,1149849,17,18,55,HAN,,,0,14
HAN0111,Vietnam Airlines,1260738,10,11,55,HAN,,,0,14
HAN0035,VietJet Air,836795,15,16,55,HAN,,,0,13
HAN0068,Vietnam Airlines,977022,5,6,55,HAN,,,0,13
HAN0089,Vietnam Airlines,977022,8,9,55,HAN,,,0,13
HAN0141,Vietnam Airlines,977022,21,22,60,HAN,,,0,13
HAN0132,Vietnam Airlines,1149849,17,18,55,HAN,,,0,13
HAN0111,Vietnam Airlines,1260738,10,11,55,HAN,,,0,13
HAN0035,VietJet Air,822865,15,16,55,HAN,,,0,12
HAN0068,Vietnam Airlines,977022,5,6,55,HAN,,,0,12
HAN0089,Vietnam Airlines,977022,8,9,55,HAN,,,0,12
HAN0141,Vietnam Airlines,977022,21,22,60,HAN,,,0,12
HAN0132,Vietnam Airlines,1150848,17,18,55,HAN,,,0,12
HAN0111,Vietnam Airlines,1260738,10,11,55,HAN,,,0,12
HAN0035,VietJet Air,828000,15,16,55,HAN,7.0,0.0,0,11
HAN0068,Vietnam Airlines,979020,5,6,55,HAN,12.0,0.0,0,11
HAN0089,Vietnam Airlines,979020,8,9,55,HAN,12.0,0.0,0,11
HAN0141,Vietnam Airlines,979020,21,22,60,HAN,12.0,0.0,0,11
HAN0132,Vietnam Airlines,1135523,17,18,55,HAN,12.0,23.0,0,11
HAN0111,Vietnam Airlines,1247214,10,11,55,HAN,12.0,23.0,0,11
HAN0035,VietJet Air,824855,15,16,55,HAN,7.0,0.0,0,10
HAN0089,Vietnam Airlines,980019,8,9,55,HAN,12.0,0.0,0,10
HAN0068,Vietnam Airlines,987012,5,6,55,HAN,12.0,0.0,0,10
HAN0141,Vietnam Airlines,987012,21,22,60,HAN,12.0,0.0,0,10
HAN0132,Vietnam Airlines,1135902,17,18,55,HAN,12.0,23.0,0,10
HAN0111,Vietnam Airlines,1247631,10,11,55,HAN,12.0,23.0,0,10
HAN0068,Vietnam Airlines,978021,5,6,55,HAN,12.0,0.0,0,9
HAN0035,VietJet Air,798000,15,16,55,HAN,7.0,0.0,0,9
HAN0089,Vietnam Airlines,978021,8,9,55,HAN,12.0,0.0,0,9
HAN0141,Vietnam Airlines,978021,21,22,60,HAN,12.0,0.0,0,9
HAN0132,Vietnam Airlines,1150848,17,18,55,HAN,12.0,23.0,0,9
HAN0068,Vietnam Airlines,971028,5,6,55,HAN,,,0,8
HAN0035,VietJet Air,799995,15,16,55,HAN,,,0,8
HAN0089,Vietnam Airlines,982017,8,9,55,HAN,,,0,8
HAN0141,Vietnam Airlines,982017,21,22,60,HAN,,,0,8
HAN0132,Vietnam Airlines,1155843,17,18,55,HAN,,,0,8
HAN0068,Vietnam Airlines,971250,5,6,55,HAN,12.0,0.0,0,7
HAN0035,VietJet Air,839148,15,16,55,HAN,7.0,0.0,0,7
HAN0089,Vietnam Airlines,971250,8,9,55,HAN,12.0,0.0,0,7
HAN0141,Vietnam Airlines,971250,21,22,60,HAN,12.0,0.0,0,7
HAN0132,Vietnam Airlines,1152900,17,18,55,HAN,12.0,23.0,0,7
HAN0068,Vietnam Airlines,1141027,5,6,55,HAN,12.0,23.0,0,6
HAN0035,VietJet Air,799995,15,16,55,HAN,7.0,0.0,0,6
HAN0132,Vietnam Airlines,1235763,17,18,55,HAN,12.0,23.0,0,6
HAN0036,VietJet Air,1140270,15,16,55,HAN,,,0,17
HAN0009,Bamboo Airways,1217700,16,17,55,HAN,,,0,17
HAN0069,Vietnam Airlines,1247511,5,6,55,HAN,,,0,17
HAN0090,Vietnam Airlines,1247511,8,9,55,HAN,,,0,17
HAN0133,Vietnam Airlines,1571286,17,18,55,HAN,,,0,17
HAN0112,Vietnam Airlines,1671624,10,11,55,HAN,,,0,17
HAN0069,Vietnam Airlines,1135794,5,6,55,HAN,,,0,16
HAN0036,VietJet Air,1163280,15,16,55,HAN,,,0,16
HAN0009,Bamboo Airways,1217700,16,17,55,HAN,,,0,16
HAN0090,Vietnam Airlines,1247511,8,9,55,HAN,,,0,16
HAN0112,Vietnam Airlines,1359229,10,11,55,HAN,,,0,16
HAN0133,Vietnam Airlines,1571286,17,18,55,HAN,,,0,16
HAN0009,Bamboo Airways,1085475,16,17,55,HAN,,,0,15
HAN0069,Vietnam Airlines,1137142,5,6,55,HAN,,,0,15
HAN0036,VietJet Air,1174100,15,16,55,HAN,,,0,15
HAN0090,Vietnam Airlines,1248992,8,9,55,HAN,,,0,15
HAN0133,Vietnam Airlines,1360843,17,18,55,HAN,,,0,15
HAN0112,Vietnam Airlines,1472693,10,11,55,HAN,,,0,15
HAN0009,Bamboo Airways,1080048,16,17,55,HAN,,,0,14
HAN0069,Vietnam Airlines,1109889,5,6,55,HAN,,,0,14
HAN0036,VietJet Air,1167135,15,16,55,HAN,,,0,14
HAN0090,Vietnam Airlines,1267731,8,9,55,HAN,,,0,14
HAN0133,Vietnam Airlines,1371627,17,18,55,HAN,,,0,14
HAN0009,Bamboo Airways,1080048,16,17,55,HAN,,,0,13
HAN0069,Vietnam Airlines,1135021,5,6,55,HAN,,,0,13
HAN0036,VietJet Air,1143255,15,16,55,HAN,,,0,13
HAN0090,Vietnam Airlines,1246661,8,9,55,HAN,,,0,13
HAN0133,Vietnam Airlines,1358304,17,18,55,HAN,,,0,13
HAN0009,Bamboo Airways,1080048,16,17,55,HAN,7.0,0.0,0,12
HAN0069,Vietnam Airlines,1111887,5,6,55,HAN,12.0,23.0,0,12
HAN0036,VietJet Air,1150000,15,16,55,HAN,7.0,0.0,0,12
HAN0090,Vietnam Airlines,1277721,8,9,55,HAN,12.0,23.0,0,12
HAN0133,Vietnam Airlines,1381617,17,18,55,HAN,12.0,23.0,0,12
HAN0009,Bamboo Airways,1080048,16,17,55,HAN,7.0,0.0,0,11
HAN0069,Vietnam Airlines,1138860,5,6,55,HAN,12.0,23.0,0,11
HAN0036,VietJet Air,1146240,15,16,55,HAN,7.0,0.0,0,11
HAN0090,Vietnam Airlines,1275723,8,9,55,HAN,12.0,23.0,0,11
HAN0133,Vietnam Airlines,1382616,17,18,55,HAN,12.0,23.0,0,11
HAN0069,Vietnam Airlines,1135863,5,6,55,HAN,12.0,23.0,0,10
HAN0009,Bamboo Airways,1080048,16,17,55,HAN,7.0,0.0,0,10
HAN0036,VietJet Air,1136153,15,16,55,HAN,7.0,0.0,0,10
HAN0090,Vietnam Airlines,1272726,8,9,55,HAN,12.0,23.0,0,10
HAN0133,Vietnam Airlines,1379619,17,18,55,HAN,12.0,23.0,0,10
HAN0069,Vietnam Airlines,1141857,5,6,55,HAN,,,0,9
HAN0009,Bamboo Airways,1080048,16,17,55,HAN,,,0,9
HAN0036,VietJet Air,1140143,15,16,55,HAN,,,0,9
HAN0090,Vietnam Airlines,1278720,8,9,55,HAN,,,0,9
HAN0133,Vietnam Airlines,1382616,17,18,55,HAN,,,0,9
HAN0069,Vietnam Airlines,1152900,5,6,55,HAN,12.0,23.0,0,8
HAN0009,Bamboo Airways,1111950,16,17,55,HAN,7.0,0.0,0,8
HAN0036,VietJet Air,1180561,15,16,55,HAN,7.0,0.0,0,8
HAN0090,Vietnam Airlines,1266300,8,9,55,HAN,12.0,23.0,0,8
HAN0133,Vietnam Airlines,1379700,17,18,55,HAN,12.0,23.0,0,8
HAN0069,Vietnam Airlines,1235763,5,6,55,HAN,12.0,23.0,0,7
HAN0009,Bamboo Airways,1080048,16,17,55,HAN,7.0,0.0,0,7
HAN0036,VietJet Air,1139145,15,16,55,HAN,7.0,0.0,0,7
HAN0013,Bamboo Airways,1001343,17,17,55,HAN,7.0,0.0,0,1
HAN0036,VietJet Air,1087275,15,16,55,HAN,7.0,0.0,0,1
HAN0133,Vietnam Airlines,1979019,17,18,55,HAN,12.0,23.0,0,1
HAN0037,VietJet Air,1302455,15,16,55,HAN,,,0,18
HAN0070,Vietnam Airlines,1359229,5,6,55,HAN,,,0,18
HAN0091,Vietnam Airlines,1359229,8,9,55,HAN,,,0,18
HAN0142,Vietnam Airlines,1359229,21,22,60,HAN,,,0,18
HAN0113,Vietnam Airlines,1671624,10,11,55,HAN,,,0,18
HAN0037,VietJet Air,1297923,15,16,55,HAN,,,0,17
HAN0070,Vietnam Airlines,1359229,5,6,55,HAN,,,0,17
HAN0091,Vietnam Airlines,1359229,8,9,55,HAN,,,0,17
HAN0142,Vietnam Airlines,1359229,21,22,60,HAN,,,0,17
HAN0113,Vietnam Airlines,1970572,10,11,55,HAN,,,0,17
HAN0070,Vietnam Airlines,1264734,5,6,55,HAN,,,0,16
HAN0037,VietJet Air,1274595,15,16,55,HAN,,,0,16
HAN0142,Vietnam Airlines,1367631,21,22,60,HAN,,,0,16
HAN0091,Vietnam Airlines,1378620,8,9,55,HAN,,,0,16
HAN0113,Vietnam Airlines,1378620,10,11,55,HAN,,,0,16
HAN0070,Vietnam Airlines,1263735,5,6,55,HAN,,,0,15
HAN0037,VietJet Air,1302455,15,16,55,HAN,,,0,15
HAN0091,Vietnam Airlines,1377621,8,9,55,HAN,,,0,15
HAN0142,Vietnam Airlines,1381617,21,22,60,HAN,,,0,15
HAN0113,Vietnam Airlines,1472574,10,11,55,HAN,,,0,15
HAN0070,Vietnam Airlines,1246661,5,6,55,HAN,,,0,14
HAN0037,VietJet Air,1275590,15,16,55,HAN,,,0,14
HAN0091,Vietnam Airlines,1358304,8,9,55,HAN,,,0,14
HAN0142,Vietnam Airlines,1358304,21,22,60,HAN,,,0,14
HAN0113,Vietnam Airlines,1469944,10,11,55,HAN,,,0,14
HAN0070,Vietnam Airlines,1266732,5,6,55,HAN,12.0,23.0,0,13
HAN0037,VietJet Air,1309000,15,16,55,HAN,7.0,0.0,0,13
HAN0091,Vietnam Airlines,1381617,8,9,55,HAN,12.0,23.0,0,13
HAN0142,Vietnam Airlines,1385613,21,22,60,HAN,12.0,23.0,0,13
HAN0113,Vietnam Airlines,1473525,10,11,55,HAN,12.0,23.0,0,13
HAN0070,Vietnam Airlines,1267731,5,6,55,HAN,12.0,23.0,0,12
HAN0037,VietJet Air,1303450,15,16,55,HAN,7.0,0.0,0,12
HAN0091,Vietnam Airlines,1382616,8,9,55,HAN,12.0,23.0,0,12
HAN0142,Vietnam Airlines,1386612,21,22,60,HAN,12.0,23.0,0,12
HAN0113,Vietnam Airlines,1508490,10,11,55,HAN,12.0,23.0,0,12
HAN0070,Vietnam Airlines,1264734,5,6,55,HAN,12.0,23.0,0,11
HAN0037,VietJet Air,1277798,15,16,55,HAN,7.0,0.0,0,11
HAN0091,Vietnam Airlines,1379619,8,9,55,HAN,12.0,23.0,0,11
HAN0142,Vietnam Airlines,1383615,21,22,60,HAN,12.0,23.0,0,11
HAN0070,Vietnam Airlines,1270728,5,6,55,HAN,,,0,10
HAN0037,VietJet Air,1284780,15,16,55,HAN,,,0,10
HAN0091,Vietnam Airlines,1385613,8,9,55,HAN,,,0,10
HAN0142,Vietnam Airlines,1389609,21,22,60,HAN,,,0,10
HAN0070,Vietnam Airlines,1266300,5,6,55,HAN,12.0,23.0,0,9
HAN0037,VietJet Air,1327929,15,16,55,HAN,7.0,0.0,0,9
HAN0091,Vietnam Airlines,1379700,8,9,55,HAN,12.0,23.0,0,9
HAN0142,Vietnam Airlines,1379700,21,22,60,HAN,12.0,23.0,0,9
HAN0070,Vietnam Airlines,1253260,5,6,55,HAN,12.0,23.0,0,8
HAN0037,VietJet Air,1139145,15,16,55,HAN,7.0,0.0,0,8
HAN0142,Vietnam Airlines,1365492,21,22,60,HAN,12.0,23.0,0,8
HAN0037,VietJet Air,1311713,15,16,55,HAN,7.0,0.0,0,2
HAN0070,Vietnam Airlines,1482516,5,6,55,HAN,12.0,23.0,0,2
HAN0142,Vietnam Airlines,1676322,21,22,60,HAN,12.0,23.0,0,2
HAN0070,Vietnam Airlines,1577814,5,6,55,HAN,,,0,1
HAN0037,VietJet Air,1618095,15,16,55,HAN,,,0,1
HAN0142,Vietnam Airlines,1704294,21,22,60,HAN,,,0,1
HAN0038,VietJet Air,1167135,15,16,55,HAN,,,1,19
HAN0010,Bamboo Airways,1217700,16,17,55,HAN,,,1,19
HAN0071,Vietnam Airlines,1247511,5,6,55,HAN,,,1,19
HAN0092,Vietnam Airlines,1247511,8,9,55,HAN,,,1,19
HAN0143,Vietnam Airlines,1247511,21,22,60,HAN,,,1,19
HAN0114,Vietnam Airlines,1850580,10,11,55,HAN,,,1,19
HAN0038,VietJet Air,1162290,15,16,55,HAN,,,1,18
HAN0010,Bamboo Airways,1217700,16,17,55,HAN,,,1,18
HAN0092,Vietnam Airlines,1247511,8,9,55,HAN,,,1,18
HAN0143,Vietnam Airlines,1247511,21,22,60,HAN,,,1,18
HAN0114,Vietnam Airlines,1671327,10,11,55,HAN,,,1,18
HAN0071,Vietnam Airlines,1970572,5,6,55,HAN,,,1,18
HAN0038,VietJet Air,1066640,15,16,55,HAN,,,1,17
HAN0010,Bamboo Airways,1085475,16,17,55,HAN,,,1,17
HAN0071,Vietnam Airlines,1133865,5,6,55,HAN,,,1,17
HAN0143,Vietnam Airlines,1144854,21,22,60,HAN,,,1,17
HAN0092,Vietnam Airlines,1233765,8,9,55,HAN,,,1,17
HAN0121,Vietnam Airlines,1258740,12,13,55,HAN,,,1,17
HAN0114,Vietnam Airlines,1671327,10,11,55,HAN,,,1,17
HAN0010,Bamboo Airways,1085475,16,17,55,HAN,,,1,16
HAN0071,Vietnam Airlines,1131867,5,6,55,HAN,,,1,16
HAN0143,Vietnam Airlines,1142856,21,22,60,HAN,,,1,16
HAN0038,VietJet Air,1167135,15,16,55,HAN,,,1,16
HAN0092,Vietnam Airlines,1230768,8,9,55,HAN,,,1,16
HAN0121,Vietnam Airlines,1256742,12,13,55,HAN,,,1,16
HAN0010,Bamboo Airways,1085475,16,17,55,HAN,,,1,15
HAN0071,Vietnam Airlines,1133865,5,6,55,HAN,,,1,15
HAN0143,Vietnam Airlines,1144854,21,22,60,HAN,,,1,15
HAN0092,Vietnam Airlines,1233765,8,9,55,HAN,,,1,15
HAN0121,Vietnam Airlines,1258740,12,13,55,HAN,,,1,15
HAN0038,VietJet Air,1275590,15,16,55,HAN,,,1,15
HAN0010,Bamboo Airways,1080048,16,17,55,HAN,7.0,0.0,1,14
HAN0071,Vietnam Airlines,1133865,5,6,55,HAN,12.0,23.0,1,14
HAN0143,Vietnam Airlines,1144854,21,22,60,HAN,12.0,23.0,1,14
HAN0121,Vietnam Airlines,1259739,12,13,55,HAN,12.0,23.0,1,14
HAN0092,Vietnam Airlines,1277721,8,9,55,HAN,12.0,23.0,1,14
HAN0038,VietJet Air,1309000,15,16,55,HAN,7.0,0.0,1,14
HAN0010,Bamboo Airways,1080048,16,17,55,HAN,7.0,0.0,1,13
HAN0071,Vietnam Airlines,1134864,5,6,55,HAN,12.0,23.0,1,13
HAN0143,Vietnam Airlines,1145853,21,22,60,HAN,12.0,23.0,1,13
HAN0121,Vietnam Airlines,1260738,12,13,55,HAN,12.0,23.0,1,13
HAN0092,Vietnam Airlines,1279719,8,9,55,HAN,12.0,23.0,1,13
HAN0038,VietJet Air,1303450,15,16,55,HAN,7.0,0.0,1,13
HAN0071,Vietnam Airlines,1134864,5,6,55,HAN,12.0,23.0,1,12
HAN0010,Bamboo Airways,1080048,16,17,55,HAN,7.0,0.0,1,12
HAN0143,Vietnam Airlines,1145853,21,22,60,HAN,12.0,23.0,1,12
HAN0121,Vietnam Airlines,1260738,12,13,55,HAN,12.0,23.0,1,12
HAN0092,Vietnam Airlines,1275723,8,9,55,HAN,12.0,23.0,1,12
HAN0038,VietJet Air,1281788,15,16,55,HAN,7.0,0.0,1,12
HAN0071,Vietnam Airlines,1137861,5,6,55,HAN,,,1,11
HAN0010,Bamboo Airways,1080048,16,17,55,HAN,,,1,11
HAN0143,Vietnam Airlines,1148850,21,22,60,HAN,,,1,11
HAN0121,Vietnam Airlines,1263735,12,13,55,HAN,,,1,11
HAN0092,Vietnam Airlines,1277721,8,9,55,HAN,,,1,11
HAN0038,VietJet Air,1284780,15,16,55,HAN,,,1,11
HAN0071,Vietnam Airlines,1152900,5,6,55,HAN,12.0,23.0,1,10
HAN0010,Bamboo Airways,1111950,16,17,55,HAN,7.0,0.0,1,10
HAN0143,Vietnam Airlines,1152900,21,22,60,HAN,12.0,23.0,1,10
HAN0092,Vietnam Airlines,1266300,8,9,55,HAN,12.0,23.0,1,10
HAN0038,VietJet Air,1327929,15,16,55,HAN,7.0,0.0,1,10
HAN0121,Vietnam Airlines,1379700,12,13,55,HAN,12.0,23.0,1,10
HAN0143,Vietnam Airlines,1141027,21,22,60,HAN,12.0,23.0,1,9
HAN0010,Bamboo Airways,1080048,16,17,55,HAN,7.0,0.0,1,9
HAN0038,VietJet Air,1284780,15,16,55,HAN,7.0,0.0,1,9
HAN0010,Bamboo Airways,1262257,16,17,55,HAN,7.0,0.0,1,3
HAN0143,Vietnam Airlines,1265733,21,22,60,HAN,12.0,23.0,1,3
HAN0038,VietJet Air,1316700,15,16,55,HAN,7.0,0.0,1,3
HAN0071,Vietnam Airlines,1987011,5,6,55,HAN,12.0,23.0,1,3
HAN0121,Vietnam Airlines,2045827,12,13,55,HAN,12.0,23.0,1,3
HAN0010,Bamboo Airways,1132443,16,17,55,HAN,,,1,2
HAN0143,Vietnam Airlines,1260738,21,22,60,HAN,,,1,2
HAN0038,VietJet Air,1318695,15,16,55,HAN,,,1,2
HAN0121,Vietnam Airlines,1977021,12,13,55,HAN,,,1,2
HAN0010,Bamboo Airways,1277903,16,17,55,HAN,7.0,0.0,1,1
HAN0143,Vietnam Airlines,1265733,21,22,60,HAN,12.0,23.0,1,1
HAN0038,VietJet Air,1316700,15,16,55,HAN,7.0,0.0,1,1
HAN0071,Vietnam Airlines,1983015,5,6,55,HAN,12.0,23.0,1,1
HAN0039,VietJet Air,828835,15,16,55,HAN,,,1,20
HAN0072,Vietnam Airlines,922704,5,6,55,HAN,,,1,20
HAN0093,Vietnam Airlines,922704,8,9,55,HAN,,,1,20
HAN0134,Vietnam Airlines,922704,20,21,55,HAN,,,1,20
HAN0144,Vietnam Airlines,922704,21,22,60,HAN,,,1,20
HAN0115,Vietnam Airlines,1359229,10,11,55,HAN,,,1,20
HAN0039,VietJet Air,822711,15,16,55,HAN,,,1,19
HAN0072,Vietnam Airlines,922704,5,6,55,HAN,,,1,19
HAN0134,Vietnam Airlines,922704,20,21,55,HAN,,,1,19
HAN0144,Vietnam Airlines,922704,21,22,60,HAN,,,1,19
HAN0093,Vietnam Airlines,1135794,8,9,55,HAN,,,1,19
HAN0115,Vietnam Airlines,1247511,10,11,55,HAN,,,1,19
HAN0144,Vietnam Airlines,934065,21,22,60,HAN,,,1,18
HAN0072,Vietnam Airlines,938061,5,6,55,HAN,,,1,18
HAN0134,Vietnam Airlines,938061,20,21,55,HAN,,,1,18
HAN0039,VietJet Air,1066640,15,16,55,HAN,,,1,18
HAN0093,Vietnam Airlines,1144854,8,9,55,HAN,,,1,18
HAN0115,Vietnam Airlines,1266732,10,11,55,HAN,,,1,18
HAN0072,Vietnam Airlines,943056,5,6,55,HAN,,,1,17
HAN0134,Vietnam Airlines,943056,20,21,55,HAN,,,1,17
HAN0144,Vietnam Airlines,943056,21,22,60,HAN,,,1,17
HAN0093,Vietnam Airlines,1141857,8,9,55,HAN,,,1,17
HAN0039,VietJet Air,1168130,15,16,55,HAN,,,1,17
HAN0115,Vietnam Airlines,1263735,10,11,55,HAN,,,1,17
HAN0072,Vietnam Airlines,944055,5,6,55,HAN,,,1,16
HAN0134,Vietnam Airlines,944055,20,21,55,HAN,,,1,16
HAN0144,Vietnam Airlines,944055,21,22,60,HAN,,,1,16
HAN0093,Vietnam Airlines,1154844,8,9,55,HAN,,,1,16
HAN0115,Vietnam Airlines,1257741,10,11,55,HAN,,,1,16
HAN0039,VietJet Air,1275590,15,16,55,HAN,,,1,16
HAN0072,Vietnam Airlines,945054,5,6,55,HAN,12.0,0.0,1,15
HAN0134,Vietnam Airlines,945054,20,21,55,HAN,12.0,0.0,1,15
HAN0144,Vietnam Airlines,945054,21,22,60,HAN,12.0,0.0,1,15
HAN0093,Vietnam Airlines,1155843,8,9,55,HAN,12.0,23.0,1,15
HAN0115,Vietnam Airlines,1259739,10,11,55,HAN,12.0,23.0,1,15
HAN0039,VietJet Air,1309000,15,16,55,HAN,7.0,0.0,1,15
HAN0134,Vietnam Airlines,947052,20,21,55,HAN,12.0,0.0,1,14
HAN0144,Vietnam Airlines,951048,21,22,60,HAN,12.0,0.0,1,14
HAN0072,Vietnam Airlines,957941,5,6,55,HAN,12.0,0.0,1,14
HAN0093,Vietnam Airlines,1171827,8,9,55,HAN,12.0,23.0,1,14
HAN0039,VietJet Air,1307430,15,16,55,HAN,7.0,0.0,1,14
HAN0115,Vietnam Airlines,1359360,10,11,55,HAN,12.0,23.0,1,14
HAN0134,Vietnam Airlines,978021,20,21,55,HAN,12.0,0.0,1,13
HAN0144,Vietnam Airlines,978021,21,22,60,HAN,12.0,0.0,1,13
HAN0072,Vietnam Airlines,1161837,5,6,55,HAN,12.0,23.0,1,13
HAN0093,Vietnam Airlines,1161837,8,9,55,HAN,12.0,23.0,1,13
HAN0039,VietJet Air,1278795,15,16,55,HAN,7.0,0.0,1,13
HAN0134,Vietnam Airlines,982017,20,21,55,HAN,,,1,12
HAN0144,Vietnam Airlines,982017,21,22,60,HAN,,,1,12
HAN0072,Vietnam Airlines,1163835,5,6,55,HAN,,,1,12
HAN0093,Vietnam Airlines,1163835,8,9,55,HAN,,,1,12
HAN0039,VietJet Air,1286775,15,16,55,HAN,,,1,12
HAN0134,Vietnam Airlines,971250,20,21,55,HAN,12.0,0.0,1,11
HAN0144,Vietnam Airlines,971250,21,22,60,HAN,12.0,0.0,1,11
HAN0072,Vietnam Airlines,1152900,5,6,55,HAN,12.0,23.0,1,11
HAN0093,Vietnam Airlines,1152900,8,9,55,HAN,12.0,23.0,1,11
HAN0039,VietJet Air,1327929,15,16,55,HAN,7.0,0.0,1,11
HAN0134,Vietnam Airlines,984015,20,21,55,HAN,12.0,0.0,1,10
HAN0144,Vietnam Airlines,984015,21,22,60,HAN,12.0,0.0,1,10
HAN0072,Vietnam Airlines,1141027,5,6,55,HAN,12.0,23.0,1,10
HAN0093,Vietnam Airlines,1141027,8,9,55,HAN,12.0,23.0,1,10
HAN0039,VietJet Air,1284780,15,16,55,HAN,7.0,0.0,1,10
HAN0072,Vietnam Airlines,1280718,5,6,55,HAN,12.0,23.0,1,4
HAN0039,VietJet Air,1316700,15,16,55,HAN,7.0,0.0,1,4
HAN0093,Vietnam Airlines,1486512,8,9,55,HAN,12.0,23.0,1,4
HAN0134,Vietnam Airlines,1523475,20,21,55,HAN,12.0,23.0,1,4
HAN0119,Vietnam Airlines,1710288,10,11,55,HAN,12.0,23.0,1,4
HAN0122,Vietnam Airlines,1295154,12,13,55,HAN,,,1,3
HAN0039,VietJet Air,1318695,15,16,55,HAN,,,1,3
HAN0072,Vietnam Airlines,1364877,5,6,55,HAN,,,1,3
HAN0134,Vietnam Airlines,1652346,20,21,55,HAN,,,1,3
HAN0119,Vietnam Airlines,1854144,10,11,55,HAN,,,1,3
HAN0039,VietJet Air,1316700,15,16,55,HAN,7.0,0.0,1,2
HAN0072,Vietnam Airlines,1393605,5,6,55,HAN,12.0,23.0,1,2
HAN0122,Vietnam Airlines,1505493,12,13,55,HAN,12.0,23.0,1,2
HAN0134,Vietnam Airlines,1710288,20,21,55,HAN,12.0,23.0,1,2
HAN0119,Vietnam Airlines,1979019,10,11,55,HAN,12.0,23.0,1,2
HAN0040,VietJet Air,822711,15,16,55,HAN,,,0,20
HAN0073,Vietnam Airlines,922704,5,6,55,HAN,,,0,20
HAN0094,Vietnam Airlines,922704,8,9,55,HAN,,,0,20
HAN0145,Vietnam Airlines,1135794,21,22,60,HAN,,,0,20
HAN0116,Vietnam Airlines,1255743,10,11,55,HAN,,,0,20
HAN0073,Vietnam Airlines,938061,5,6,55,HAN,,,0,19
HAN0094,Vietnam Airlines,938061,8,9,55,HAN,,,0,19
HAN0040,VietJet Air,1044750,15,16,55,HAN,,,0,19
HAN0145,Vietnam Airlines,1133865,21,22,60,HAN,,,0,19
HAN0116,Vietnam Airlines,1381617,10,11,55,HAN,,,0,19
HAN0094,Vietnam Airlines,938061,8,9,55,HAN,,,0,18
HAN0073,Vietnam Airlines,948051,5,6,55,HAN,,,0,18
HAN0040,VietJet Air,1142260,15,16,55,HAN,,,0,18
HAN0145,Vietnam Airlines,1154844,21,22,60,HAN,,,0,18
HAN0116,Vietnam Airlines,1379619,10,11,55,HAN,,,0,18
HAN0094,Vietnam Airlines,936063,8,9,55,HAN,,,0,17
HAN0073,Vietnam Airlines,944055,5,6,55,HAN,,,0,17
HAN0145,Vietnam Airlines,1153845,21,22,60,HAN,,,0,17
HAN0040,VietJet Air,1274595,15,16,55,HAN,,,0,17
HAN0116,Vietnam Airlines,1378620,10,11,55,HAN,,,0,17
HAN0073,Vietnam Airlines,957941,5,6,55,HAN,12.0,0.0,0,16
HAN0094,Vietnam Airlines,957941,8,9,55,HAN,12.0,0.0,0,16
HAN0145,Vietnam Airlines,1155843,21,22,60,HAN,12.0,23.0,0,16
HAN0040,VietJet Air,1283000,15,16,55,HAN,7.0,0.0,0,16
HAN0116,Vietnam Airlines,1396602,10,11,55,HAN,12.0,23.0,0,16
HAN0094,Vietnam Airlines,940059,8,9,55,HAN,12.0,0.0,0,15
HAN0073,Vietnam Airlines,951048,5,6,55,HAN,12.0,0.0,0,15
HAN0145,Vietnam Airlines,1156842,21,22,60,HAN,12.0,23.0,0,15
HAN0040,VietJet Air,1308425,15,16,55,HAN,7.0,0.0,0,15
HAN0116,Vietnam Airlines,1411137,10,11,55,HAN,12.0,23.0,0,15
HAN0073,Vietnam Airlines,947052,5,6,55,HAN,12.0,0.0,0,14
HAN0094,Vietnam Airlines,1160838,8,9,55,HAN,12.0,23.0,0,14
HAN0145,Vietnam Airlines,1164834,21,22,60,HAN,12.0,23.0,0,14
HAN0040,VietJet Air,1281788,15,16,55,HAN,7.0,0.0,0,14
HAN0073,Vietnam Airlines,982017,5,6,55,HAN,,,0,13
HAN0145,Vietnam Airlines,1159839,21,22,60,HAN,,,0,13
HAN0094,Vietnam Airlines,1163835,8,9,55,HAN,,,0,13
HAN0040,VietJet Air,1284780,15,16,55,HAN,,,0,13
HAN0073,Vietnam Airlines,971250,5,6,55,HAN,12.0,0.0,0,12
HAN0094,Vietnam Airlines,1152900,8,9,55,HAN,12.0,23.0,0,12
HAN0145,Vietnam Airlines,1266300,21,22,60,HAN,12.0,23.0,0,12
HAN0040,VietJet Air,1327929,15,16,55,HAN,7.0,0.0,0,12
HAN0073,Vietnam Airlines,983016,5,6,55,HAN,12.0,0.0,0,11
HAN0094,Vietnam Airlines,1141027,8,9,55,HAN,12.0,23.0,0,11
HAN0040,VietJet Air,1284780,15,16,55,HAN,7.0,0.0,0,11
HAN0145,Vietnam Airlines,1365492,21,22,60,HAN,12.0,23.0,0,11
HAN0073,Vietnam Airlines,1164834,5,6,55,HAN,12.0,23.0,0,5
HAN0145,Vietnam Airlines,1265733,21,22,60,HAN,12.0,23.0,0,5
HAN0040,VietJet Air,1326675,15,16,55,HAN,7.0,0.0,0,5
HAN0094,Vietnam Airlines,1476756,8,9,55,HAN,12.0,23.0,0,5
HAN0116,Vietnam Airlines,1930068,10,11,55,HAN,12.0,23.0,0,5
HAN0073,Vietnam Airlines,1152846,5,6,55,HAN,,,0,4
HAN0123,Vietnam Airlines,1249749,12,13,55,HAN,,,0,4
HAN0145,Vietnam Airlines,1364877,21,22,60,HAN,,,0,4
HAN0040,VietJet Air,1441388,15,16,55,HAN,,,0,4
HAN0116,Vietnam Airlines,1897279,10,11,55,HAN,,,0,4
HAN0025,VietJet Air,1707420,9,10,55,HAN,,,2,20
HAN0041,VietJet Air,1707420,15,16,55,HAN,,,2,20
HAN0011,Bamboo Airways,1837825,16,17,55,HAN,,,2,20
HAN0074,Vietnam Airlines,1929069,5,6,55,HAN,,,2,20
HAN0146,Vietnam Airlines,1969029,21,22,60,HAN,,,2,20
HAN0095,Vietnam Airlines,1998999,8,9,55,HAN,,,2,20
HAN0117,Vietnam Airlines,1998999,10,11,55,HAN,,,2,20
HAN0120,Vietnam Airlines,1998999,11,12,55,HAN,,,2,20
HAN0011,Bamboo Airways,1837825,16,17,55,HAN,,,2,19
HAN0025,VietJet Air,1715380,9,10,55,HAN,,,2,19
HAN0041,VietJet Air,1715380,15,16,55,HAN,,,2,19
HAN0146,Vietnam Airlines,1906092,21,22,60,HAN,,,2,19
HAN0074,Vietnam Airlines,1921077,5,6,55,HAN,,,2,19
HAN0095,Vietnam Airlines,1984014,8,9,55,HAN,,,2,19
HAN0117,Vietnam Airlines,1984014,10,11,55,HAN,,,2,19
HAN0011,Bamboo Airways,1944425,16,17,55,HAN,,,2,18
HAN0025,VietJet Air,1705430,9,10,55,HAN,,,2,18
HAN0041,VietJet Air,1705430,15,16,55,HAN,,,2,18
HAN0074,Vietnam Airlines,1922076,5,6,55,HAN,,,2,18
HAN0095,Vietnam Airlines,1986012,8,9,55,HAN,,,2,18
HAN0117,Vietnam Airlines,1986012,10,11,55,HAN,,,2,18
HAN0120,Vietnam Airlines,1997001,11,12,55,HAN,,,2,18
HAN0011,Bamboo Airways,1944425,16,17,55,HAN,7.0,20.0,2,17
HAN0025,VietJet Air,1716000,9,10,55,HAN,7.0,0.0,2,17
HAN0041,VietJet Air,1716000,15,16,55,HAN,7.0,0.0,2,17
HAN0074,Vietnam Airlines,1905983,5,6,55,HAN,12.0,23.0,2,17
HAN0146,Vietnam Airlines,1964931,21,22,60,HAN,12.0,23.0,2,17
HAN0095,Vietnam Airlines,1970103,8,9,55,HAN,12.0,23.0,2,17
HAN0117,Vietnam Airlines,1970103,10,11,55,HAN,12.0,23.0,2,17
HAN0011,Bamboo Airways,1837825,16,17,55,HAN,7.0,20.0,2,16
HAN0025,VietJet Air,1709410,9,10,55,HAN,7.0,0.0,2,16
HAN0041,VietJet Air,1709410,15,16,55,HAN,7.0,0.0,2,16
HAN0074,Vietnam Airlines,1926072,5,6,55,HAN,12.0,23.0,2,16
HAN0146,Vietnam Airlines,1975023,21,22,60,HAN,12.0,23.0,2,16
HAN0120,Vietnam Airlines,1999998,11,12,55,HAN,12.0,23.0,2,16
HAN0117,Vietnam Airlines,2011986,10,11,55,HAN,12.0,23.0,2,16
HAN0074,Vietnam Airlines,1926072,5,6,55,HAN,12.0,23.0,2,15
HAN0025,VietJet Air,1690763,9,10,55,HAN,7.0,0.0,2,15
HAN0041,VietJet Air,1690763,15,16,55,HAN,7.0,0.0,2,15
HAN0011,Bamboo Airways,1828636,16,17,55,HAN,7.0,20.0,2,15
HAN0120,Vietnam Airlines,2000997,11,12,55,HAN,12.0,23.0,2,15
HAN0146,Vietnam Airlines,2000997,21,22,60,HAN,12.0,23.0,2,15
HAN0117,Vietnam Airlines,2011986,10,11,55,HAN,12.0,23.0,2,15
HAN0074,Vietnam Airlines,1931067,5,6,55,HAN,,,2,14
HAN0025,VietJet Air,1716698,9,10,55,HAN,,,2,14
HAN0041,VietJet Air,1716698,15,16,55,HAN,,,2,14
HAN0011,Bamboo Airways,1934703,16,17,55,HAN,,,2,14
HAN0146,Vietnam Airlines,1980018,21,22,60,HAN,,,2,14
HAN0120,Vietnam Airlines,2004993,11,12,55,HAN,,,2,14
HAN0095,Vietnam Airlines,2008989,8,9,55,HAN,,,2,14
HAN0074,Vietnam Airlines,1935150,5,6,55,HAN,12.0,23.0,2,13
HAN0025,VietJet Air,1740176,9,10,55,HAN,7.0,0.0,2,13
HAN0041,VietJet Air,1740176,15,16,55,HAN,7.0,0.0,2,13
HAN0011,Bamboo Airways,1882650,16,17,55,HAN,7.0,20.0,2,13
HAN0095,Vietnam Airlines,2000250,8,9,55,HAN,12.0,23.0,2,13
HAN0117,Vietnam Airlines,2000250,10,11,55,HAN,12.0,23.0,2,13
HAN0120,Vietnam Airlines,2000250,11,12,55,HAN,12.0,23.0,2,13
HAN0074,Vietnam Airlines,1933065,5,6,55,HAN,12.0,23.0,2,12
HAN0025,VietJet Air,1577048,9,10,55,HAN,7.0,0.0,2,12
HAN0041,VietJet Air,1577048,15,16,55,HAN,7.0,0.0,2,12
HAN0011,Bamboo Airways,1828636,16,17,55,HAN,7.0,20.0,2,12
HAN0146,Vietnam Airlines,1980018,21,22,60,HAN,12.0,23.0,2,12
HAN0120,Vietnam Airlines,2005992,11,12,55,HAN,12.0,23.0,2,12
HAN0095,Vietnam Airlines,2009988,8,9,55,HAN,12.0,23.0,2,12
HAN0095,Vietnam Airlines,1583415,8,9,55,HAN,12.0,23.0,2,6
HAN0025,VietJet Air,1617945,9,10,55,HAN,7.0,0.0,2,6
HAN0041,VietJet Air,1845375,15,16,55,HAN,7.0,0.0,2,6
HAN0120,Vietnam Airlines,1919079,11,12,55,HAN,12.0,23.0,2,6
HAN0117,Vietnam Airlines,2015982,10,11,55,HAN,12.0,23.0,2,6
HAN0011,Bamboo Airways,1779553,16,17,55,HAN,,,2,5
HAN0095,Vietnam Airlines,1577814,8,9,55,HAN,,,2,5
HAN0025,VietJet Air,1612958,9,10,55,HAN,,,2,5
HAN0041,VietJet Air,1840388,15,16,55,HAN,,,2,5
HAN0120,Vietnam Airlines,1844154,11,12,55,HAN,,,2,5
HAN0011,Bamboo Airways,1934703,16,17,55,HAN,7.0,20.0,2,4
HAN0095,Vietnam Airlines,1599399,8,9,55,HAN,12.0,23.0,2,4
HAN0025,VietJet Air,1599990,9,10,55,HAN,7.0,0.0,2,4
HAN0041,VietJet Air,1827420,15,16,55,HAN,7.0,0.0,2,4
HAN0120,Vietnam Airlines,1920078,11,12,55,HAN,12.0,23.0,2,4
HAN0012,Bamboo Airways,1749675,16,17,55,HAN,,,3,20
HAN0042,VietJet Air,1712395,15,16,55,HAN,,,3,20
HAN0026,VietJet Air,1796970,9,10,55,HAN,,,3,20
HAN0147,Vietnam Airlines,1918080,21,22,60,HAN,,,3,20
HAN0075,Vietnam Airlines,1936062,5,6,55,HAN,,,3,20
HAN0097,Vietnam Airlines,1996002,9,10,55,HAN,,,3,20
HAN0096,Vietnam Airlines,1999998,8,9,55,HAN,,,3,20
HAN0012,Bamboo Airways,1749675,16,17,55,HAN,,,3,19
HAN0042,VietJet Air,1705430,15,16,55,HAN,,,3,19
HAN0026,VietJet Air,1793985,9,10,55,HAN,,,3,19
HAN0147,Vietnam Airlines,1919079,21,22,60,HAN,,,3,19
HAN0075,Vietnam Airlines,1941057,5,6,55,HAN,,,3,19
HAN0097,Vietnam Airlines,1996002,9,10,55,HAN,,,3,19
HAN0012,Bamboo Airways,1749675,16,17,55,HAN,7.0,20.0,3,18
HAN0042,VietJet Air,1716000,15,16,55,HAN,7.0,0.0,3,18
HAN0026,VietJet Air,1801000,9,10,55,HAN,7.0,0.0,3,18
HAN0147,Vietnam Airlines,1921077,21,22,60,HAN,12.0,23.0,3,18
HAN0075,Vietnam Airlines,1947051,5,6,55,HAN,12.0,23.0,3,18
HAN0097,Vietnam Airlines,1998999,9,10,55,HAN,12.0,23.0,3,18
HAN0012,Bamboo Airways,1740927,16,17,55,HAN,7.0,20.0,3,17
HAN0042,VietJet Air,1707420,15,16,55,HAN,7.0,0.0,3,17
HAN0026,VietJet Air,1791995,9,10,55,HAN,7.0,0.0,3,17
HAN0147,Vietnam Airlines,1921077,21,22,60,HAN,12.0,23.0,3,17
HAN0075,Vietnam Airlines,1947051,5,6,55,HAN,12.0,23.0,3,17
HAN0075,Vietnam Airlines,1945053,5,6,55,HAN,12.0,23.0,3,16
HAN0042,VietJet Air,1688768,15,16,55,HAN,7.0,0.0,3,16
HAN0012,Bamboo Airways,1740927,16,17,55,HAN,7.0,20.0,3,16
HAN0026,VietJet Air,1805475,9,10,55,HAN,7.0,0.0,3,16
HAN0147,Vietnam Airlines,1945053,21,22,60,HAN,12.0,23.0,3,16
HAN0075,Vietnam Airlines,1946052,5,6,55,HAN,,,3,15
HAN0042,VietJet Air,1695750,15,16,55,HAN,,,3,15
HAN0012,Bamboo Airways,1740927,16,17,55,HAN,,,3,15
HAN0026,VietJet Air,1812458,9,10,55,HAN,,,3,15
HAN0147,Vietnam Airlines,1946052,21,22,60,HAN,,,3,15
HAN0096,Vietnam Airlines,2008989,8,9,55,HAN,,,3,15
HAN0075,Vietnam Airlines,1935150,5,6,55,HAN,12.0,23.0,3,14
HAN0042,VietJet Air,1740176,15,16,55,HAN,7.0,0.0,3,14
HAN0012,Bamboo Airways,1792350,16,17,55,HAN,7.0,20.0,3,14
HAN0026,VietJet Air,1858231,9,10,55,HAN,7.0,0.0,3,14
HAN0147,Vietnam Airlines,1935150,21,22,60,HAN,12.0,23.0,3,14
HAN0096,Vietnam Airlines,2000250,8,9,55,HAN,12.0,23.0,3,14
HAN0075,Vietnam Airlines,1946052,5,6,55,HAN,12.0,23.0,3,13
HAN0012,Bamboo Airways,1564488,16,17,55,HAN,7.0,0.0,3,13
HAN0042,VietJet Air,1576050,15,16,55,HAN,7.0,0.0,3,13
HAN0012,Bamboo Airways,1359973,16,17,55,HAN,,,3,7
HAN0042,VietJet Air,1845375,15,16,55,HAN,,,3,7
HAN0012,Bamboo Airways,1522495,16,17,55,HAN,,,3,6
HAN0042,VietJet Air,1840388,15,16,55,HAN,,,3,6
HAN0147,Vietnam Airlines,1884114,21,22,60,HAN,,,3,6
HAN0012,Bamboo Airways,1652198,16,17,55,HAN,7.0,0.0,3,5
HAN0042,VietJet Air,1827420,15,16,55,HAN,7.0,0.0,3,5
