brand,price,start_time,start_day,end_time,end_day,trip_time,take_place,destination,crawl_date,hand_luggage,checked_baggage
VietJet Air,1.599.000 VND/khách,21:10,01 thg 5,23:05,01 thg 5,1h 55m,"TP HCM (SGN)
Sân bay Tân Sơn Nhất
Nhà ga 1","Hải Phòng (HPH)
Sân bay quốc tế Cát Bi",07-04-2025,,
VietJet Air,1.599.000 VND/khách,20:10,01 thg 5,22:10,01 thg 5,2h 0m,"TP HCM (SGN)
Sân bay Tân Sơn Nhất
Nhà ga 1","Hải Phòng (HPH)
Sân bay quốc tế Cát Bi",07-04-2025,,
VietJet Air,1.743.000 VND/khách,19:15,01 thg 5,21:15,01 thg 5,2h 0m,"TP HCM (SGN)
Sân bay Tân Sơn Nhất
Nhà ga 1","Hải Phòng (HPH)
Sân bay quốc tế Cát Bi",07-04-2025,,
VietJet Air,1.854.000 VND/khách,16:10,01 thg 5,18:10,01 thg 5,2h 0m,"TP HCM (SGN)
Sân bay Tân Sơn Nhất
Nhà ga 1","Hải Phòng (HPH)
Sân bay quốc tế Cát Bi",07-04-2025,,
VietJet Air,2.027.000 VND/khách,04:30,01 thg 5,06:30,01 thg 5,2h 0m,"TP HCM (SGN)
Sân bay Tân Sơn Nhất
Nhà ga 1","Hải Phòng (HPH)
Sân bay quốc tế Cát Bi",07-04-2025,,
VietJet Air,2.027.000 VND/khách,06:15,01 thg 5,08:15,01 thg 5,2h 0m,"TP HCM (SGN)
Sân bay Tân Sơn Nhất
Nhà ga 1","Hải Phòng (HPH)
Sân bay quốc tế Cát Bi",07-04-2025,,
VietJet Air,2.027.000 VND/khách,09:15,01 thg 5,11:15,01 thg 5,2h 0m,"TP HCM (SGN)
Sân bay Tân Sơn Nhất
Nhà ga 1","Hải Phòng (HPH)
Sân bay quốc tế Cát Bi",07-04-2025,,
VietJet Air,2.027.000 VND/khách,14:05,01 thg 5,16:05,01 thg 5,2h 0m,"TP HCM (SGN)
Sân bay Tân Sơn Nhất
Nhà ga 1","Hải Phòng (HPH)
Sân bay quốc tế Cát Bi",07-04-2025,,
Bamboo Airways,2.159.075 VND/khách,20:05,01 thg 5,22:10,01 thg 5,2h 5m,"TP HCM (SGN)
Sân bay Tân Sơn Nhất","Hải Phòng (HPH)
Sân bay quốc tế Cát Bi",07-04-2025,,
Vietnam Airlines,2.887.295 VND/khách,07:45,01 thg 5,09:45,01 thg 5,2h 0m,"TP HCM (SGN)
Sân bay Tân Sơn Nhất
Nhà ga 1","Hải Phòng (HPH)
Sân bay quốc tế Cát Bi",07-04-2025,,
Vietnam Airlines,2.887.295 VND/khách,17:55,01 thg 5,19:55,01 thg 5,2h 0m,"TP HCM (SGN)
Sân bay Tân Sơn Nhất
Nhà ga 1","Hải Phòng (HPH)
Sân bay quốc tế Cát Bi",07-04-2025,,
Vietnam Airlines,2.887.295 VND/khách,20:30,01 thg 5,22:30,01 thg 5,2h 0m,"TP HCM (SGN)
Sân bay Tân Sơn Nhất
Nhà ga 1","Hải Phòng (HPH)
Sân bay quốc tế Cát Bi",07-04-2025,,
Vietnam Airlines,2.887.295 VND/khách,13:20,01 thg 5,15:25,01 thg 5,2h 5m,"TP HCM (SGN)
Sân bay Tân Sơn Nhất
Nhà ga 1","Hải Phòng (HPH)
Sân bay quốc tế Cát Bi",07-04-2025,,
VietJet Air,1.745.000 VND/khách,21:10,02 thg 5,23:05,02 thg 5,1h 55m,"TP HCM (SGN)
Sân bay Tân Sơn Nhất
Nhà ga 1","Hải Phòng (HPH)
Sân bay quốc tế Cát Bi",07-04-2025,,
VietJet Air,1.745.000 VND/khách,20:10,02 thg 5,22:10,02 thg 5,2h 0m,"TP HCM (SGN)
Sân bay Tân Sơn Nhất
Nhà ga 1","Hải Phòng (HPH)
Sân bay quốc tế Cát Bi",07-04-2025,,
VietJet Air,1.767.000 VND/khách,19:15,02 thg 5,21:15,02 thg 5,2h 0m,"TP HCM (SGN)
Sân bay Tân Sơn Nhất
Nhà ga 1","Hải Phòng (HPH)
Sân bay quốc tế Cát Bi",07-04-2025,,
VietJet Air,1.978.442 VND/khách,16:10,02 thg 5,18:10,02 thg 5,2h 0m,"TP HCM (SGN)
Sân bay Tân Sơn Nhất
Nhà ga 1","Hải Phòng (HPH)
Sân bay quốc tế Cát Bi",07-04-2025,,
VietJet Air,2.033.000 VND/khách,04:30,02 thg 5,06:30,02 thg 5,2h 0m,"TP HCM (SGN)
Sân bay Tân Sơn Nhất
Nhà ga 1","Hải Phòng (HPH)
Sân bay quốc tế Cát Bi",07-04-2025,,
VietJet Air,2.033.000 VND/khách,06:15,02 thg 5,08:15,02 thg 5,2h 0m,"TP HCM (SGN)
Sân bay Tân Sơn Nhất
Nhà ga 1","Hải Phòng (HPH)
Sân bay quốc tế Cát Bi",07-04-2025,,
VietJet Air,2.145.879 VND/khách,11:35,02 thg 5,13:35,02 thg 5,2h 0m,"TP HCM (SGN)
Sân bay Tân Sơn Nhất
Nhà ga 1","Hải Phòng (HPH)
Sân bay quốc tế Cát Bi",07-04-2025,,
Vietnam Airlines,2.887.295 VND/khách,07:45,02 thg 5,09:45,02 thg 5,2h 0m,"TP HCM (SGN)
Sân bay Tân Sơn Nhất
Nhà ga 1","Hải Phòng (HPH)
Sân bay quốc tế Cát Bi",07-04-2025,,
Vietnam Airlines,2.887.295 VND/khách,17:55,02 thg 5,19:55,02 thg 5,2h 0m,"TP HCM (SGN)
Sân bay Tân Sơn Nhất
Nhà ga 1","Hải Phòng (HPH)
Sân bay quốc tế Cát Bi",07-04-2025,,
Vietnam Airlines,2.887.295 VND/khách,20:30,02 thg 5,22:30,02 thg 5,2h 0m,"TP HCM (SGN)
Sân bay Tân Sơn Nhất
Nhà ga 1","Hải Phòng (HPH)
Sân bay quốc tế Cát Bi",07-04-2025,,
Vietnam Airlines,2.887.295 VND/khách,13:20,02 thg 5,15:25,02 thg 5,2h 5m,"TP HCM (SGN)
Sân bay Tân Sơn Nhất
Nhà ga 1","Hải Phòng (HPH)
Sân bay quốc tế Cát Bi",07-04-2025,,
VietJet Air,2.376.000 VND/khách,06:15,03 thg 5,08:15,03 thg 5,2h 0m,"TP HCM (SGN)
Sân bay Tân Sơn Nhất
Nhà ga 1","Hải Phòng (HPH)
Sân bay quốc tế Cát Bi",07-04-2025,,
Bamboo Airways,2.756.225 VND/khách,20:05,03 thg 5,22:10,03 thg 5,2h 5m,"TP HCM (SGN)
Sân bay Tân Sơn Nhất","Hải Phòng (HPH)
Sân bay quốc tế Cát Bi",07-04-2025,,
VietJet Air,2.804.000 VND/khách,09:15,03 thg 5,11:15,03 thg 5,2h 0m,"TP HCM (SGN)
Sân bay Tân Sơn Nhất
Nhà ga 1","Hải Phòng (HPH)
Sân bay quốc tế Cát Bi",07-04-2025,,
VietJet Air,2.977.000 VND/khách,21:10,03 thg 5,23:05,03 thg 5,1h 55m,"TP HCM (SGN)
Sân bay Tân Sơn Nhất
Nhà ga 1","Hải Phòng (HPH)
Sân bay quốc tế Cát Bi",07-04-2025,,
VietJet Air,2.977.000 VND/khách,14:05,03 thg 5,16:05,03 thg 5,2h 0m,"TP HCM (SGN)
Sân bay Tân Sơn Nhất
Nhà ga 1","Hải Phòng (HPH)
Sân bay quốc tế Cát Bi",07-04-2025,,
VietJet Air,2.977.000 VND/khách,16:10,03 thg 5,18:10,03 thg 5,2h 0m,"TP HCM (SGN)
Sân bay Tân Sơn Nhất
Nhà ga 1","Hải Phòng (HPH)
Sân bay quốc tế Cát Bi",07-04-2025,,
Vietnam Airlines,3.121.958 VND/khách,07:45,03 thg 5,09:45,03 thg 5,2h 0m,"TP HCM (SGN)
Sân bay Tân Sơn Nhất
Nhà ga 1","Hải Phòng (HPH)
Sân bay quốc tế Cát Bi",07-04-2025,,
Vietnam Airlines,3.121.958 VND/khách,13:20,03 thg 5,15:25,03 thg 5,2h 5m,"TP HCM (SGN)
Sân bay Tân Sơn Nhất
Nhà ga 1","Hải Phòng (HPH)
Sân bay quốc tế Cát Bi",07-04-2025,,
Vietnam Airlines,3.378.331 VND/khách,20:30,03 thg 5,22:30,03 thg 5,2h 0m,"TP HCM (SGN)
Sân bay Tân Sơn Nhất
Nhà ga 1","Hải Phòng (HPH)
Sân bay quốc tế Cát Bi",07-04-2025,,
VietJet Air,3.409.000 VND/khách,20:10,03 thg 5,22:10,03 thg 5,2h 0m,"TP HCM (SGN)
Sân bay Tân Sơn Nhất
Nhà ga 1","Hải Phòng (HPH)
Sân bay quốc tế Cát Bi",07-04-2025,,
VietJet Air,2.197.000 VND/khách,04:30,04 thg 5,06:30,04 thg 5,2h 0m,"TP HCM (SGN)
Sân bay Tân Sơn Nhất
Nhà ga 1","Hải Phòng (HPH)
Sân bay quốc tế Cát Bi",07-04-2025,,
VietJet Air,2.565.000 VND/khách,06:15,04 thg 5,08:15,04 thg 5,2h 0m,"TP HCM (SGN)
Sân bay Tân Sơn Nhất
Nhà ga 1","Hải Phòng (HPH)
Sân bay quốc tế Cát Bi",07-04-2025,,
VietJet Air,2.794.000 VND/khách,21:10,04 thg 5,23:05,04 thg 5,1h 55m,"TP HCM (SGN)
Sân bay Tân Sơn Nhất
Nhà ga 1","Hải Phòng (HPH)
Sân bay quốc tế Cát Bi",07-04-2025,,
VietJet Air,3.107.000 VND/khách,11:35,04 thg 5,13:35,04 thg 5,2h 0m,"TP HCM (SGN)
Sân bay Tân Sơn Nhất
Nhà ga 1","Hải Phòng (HPH)
Sân bay quốc tế Cát Bi",07-04-2025,,
VietJet Air,3.107.000 VND/khách,16:10,04 thg 5,18:10,04 thg 5,2h 0m,"TP HCM (SGN)
Sân bay Tân Sơn Nhất
Nhà ga 1","Hải Phòng (HPH)
Sân bay quốc tế Cát Bi",07-04-2025,,
VietJet Air,3.107.000 VND/khách,19:15,04 thg 5,21:15,04 thg 5,2h 0m,"TP HCM (SGN)
Sân bay Tân Sơn Nhất
Nhà ga 1","Hải Phòng (HPH)
Sân bay quốc tế Cát Bi",07-04-2025,,
VietJet Air,3.107.000 VND/khách,20:10,04 thg 5,22:10,04 thg 5,2h 0m,"TP HCM (SGN)
Sân bay Tân Sơn Nhất
Nhà ga 1","Hải Phòng (HPH)
Sân bay quốc tế Cát Bi",07-04-2025,,
Vietnam Airlines,3.378.331 VND/khách,07:45,04 thg 5,09:45,04 thg 5,2h 0m,"TP HCM (SGN)
Sân bay Tân Sơn Nhất
Nhà ga 1","Hải Phòng (HPH)
Sân bay quốc tế Cát Bi",07-04-2025,,
Vietnam Airlines,3.647.109 VND/khách,13:20,04 thg 5,15:25,04 thg 5,2h 5m,"TP HCM (SGN)
Sân bay Tân Sơn Nhất
Nhà ga 1","Hải Phòng (HPH)
Sân bay quốc tế Cát Bi",07-04-2025,,
Vietnam Airlines,3.867.300 VND/khách,17:55,04 thg 5,19:55,04 thg 5,2h 0m,"TP HCM (SGN)
Sân bay Tân Sơn Nhất
Nhà ga 1","Hải Phòng (HPH)
Sân bay quốc tế Cát Bi",07-04-2025,,
Vietnam Airlines,3.867.300 VND/khách,20:45,04 thg 5,22:45,04 thg 5,2h 0m,"TP HCM (SGN)
Sân bay Tân Sơn Nhất
Nhà ga 1","Hải Phòng (HPH)
Sân bay quốc tế Cát Bi",07-04-2025,,
VietJet Air,1.599.000 VND/khách,21:10,05 thg 5,23:05,05 thg 5,1h 55m,"TP HCM (SGN)
Sân bay Tân Sơn Nhất
Nhà ga 1","Hải Phòng (HPH)
Sân bay quốc tế Cát Bi",07-04-2025,,
VietJet Air,1.743.000 VND/khách,04:30,05 thg 5,06:30,05 thg 5,2h 0m,"TP HCM (SGN)
Sân bay Tân Sơn Nhất
Nhà ga 1","Hải Phòng (HPH)
Sân bay quốc tế Cát Bi",07-04-2025,,
VietJet Air,1.743.000 VND/khách,19:15,05 thg 5,21:15,05 thg 5,2h 0m,"TP HCM (SGN)
Sân bay Tân Sơn Nhất
Nhà ga 1","Hải Phòng (HPH)
Sân bay quốc tế Cát Bi",07-04-2025,,
VietJet Air,1.743.000 VND/khách,20:10,05 thg 5,22:10,05 thg 5,2h 0m,"TP HCM (SGN)
Sân bay Tân Sơn Nhất
Nhà ga 1","Hải Phòng (HPH)
Sân bay quốc tế Cát Bi",07-04-2025,,
Bamboo Airways,1.815.275 VND/khách,20:05,05 thg 5,22:10,05 thg 5,2h 5m,"TP HCM (SGN)
Sân bay Tân Sơn Nhất","Hải Phòng (HPH)
Sân bay quốc tế Cát Bi",07-04-2025,,
VietJet Air,1.817.000 VND/khách,09:15,05 thg 5,11:15,05 thg 5,2h 0m,"TP HCM (SGN)
Sân bay Tân Sơn Nhất
Nhà ga 1","Hải Phòng (HPH)
Sân bay quốc tế Cát Bi",07-04-2025,,
VietJet Air,1.854.000 VND/khách,06:15,05 thg 5,08:15,05 thg 5,2h 0m,"TP HCM (SGN)
Sân bay Tân Sơn Nhất
Nhà ga 1","Hải Phòng (HPH)
Sân bay quốc tế Cát Bi",07-04-2025,,
VietJet Air,1.854.000 VND/khách,16:10,05 thg 5,18:10,05 thg 5,2h 0m,"TP HCM (SGN)
Sân bay Tân Sơn Nhất
Nhà ga 1","Hải Phòng (HPH)
Sân bay quốc tế Cát Bi",07-04-2025,,
Vietnam Airlines,1.994.126 VND/khách,20:30,05 thg 5,22:30,05 thg 5,2h 0m,"TP HCM (SGN)
Sân bay Tân Sơn Nhất
Nhà ga 1","Hải Phòng (HPH)
Sân bay quốc tế Cát Bi",07-04-2025,,
Vietnam Airlines,2.217.417 VND/khách,17:55,05 thg 5,19:55,05 thg 5,2h 0m,"TP HCM (SGN)
Sân bay Tân Sơn Nhất
Nhà ga 1","Hải Phòng (HPH)
Sân bay quốc tế Cát Bi",07-04-2025,,
Vietnam Airlines,2.217.417 VND/khách,13:20,05 thg 5,15:25,05 thg 5,2h 5m,"TP HCM (SGN)
Sân bay Tân Sơn Nhất
Nhà ga 1","Hải Phòng (HPH)
Sân bay quốc tế Cát Bi",07-04-2025,,
Vietnam Airlines,2.664.003 VND/khách,07:45,05 thg 5,09:45,05 thg 5,2h 0m,"TP HCM (SGN)
Sân bay Tân Sơn Nhất
Nhà ga 1","Hải Phòng (HPH)
Sân bay quốc tế Cát Bi",07-04-2025,,
VietJet Air,1.593.000 VND/khách,04:30,06 thg 5,06:30,06 thg 5,2h 0m,"TP HCM (SGN)
Sân bay Tân Sơn Nhất
Nhà ga 1","Hải Phòng (HPH)
Sân bay quốc tế Cát Bi",07-04-2025,,
VietJet Air,1.730.000 VND/khách,21:10,06 thg 5,23:05,06 thg 5,1h 55m,"TP HCM (SGN)
Sân bay Tân Sơn Nhất
Nhà ga 1","Hải Phòng (HPH)
Sân bay quốc tế Cát Bi",07-04-2025,,
VietJet Air,1.730.000 VND/khách,19:15,06 thg 5,21:15,06 thg 5,2h 0m,"TP HCM (SGN)
Sân bay Tân Sơn Nhất
Nhà ga 1","Hải Phòng (HPH)
Sân bay quốc tế Cát Bi",07-04-2025,,
VietJet Air,1.730.000 VND/khách,20:10,06 thg 5,22:10,06 thg 5,2h 0m,"TP HCM (SGN)
Sân bay Tân Sơn Nhất
Nhà ga 1","Hải Phòng (HPH)
Sân bay quốc tế Cát Bi",07-04-2025,,
Vietnam Airlines,1.770.832 VND/khách,20:30,06 thg 5,22:30,06 thg 5,2h 0m,"TP HCM (SGN)
Sân bay Tân Sơn Nhất
Nhà ga 1","Hải Phòng (HPH)
Sân bay quốc tế Cát Bi",07-04-2025,,
VietJet Air,1.848.000 VND/khách,06:15,06 thg 5,08:15,06 thg 5,2h 0m,"TP HCM (SGN)
Sân bay Tân Sơn Nhất
Nhà ga 1","Hải Phòng (HPH)
Sân bay quốc tế Cát Bi",07-04-2025,,
VietJet Air,1.848.000 VND/khách,14:05,06 thg 5,16:05,06 thg 5,2h 0m,"TP HCM (SGN)
Sân bay Tân Sơn Nhất
Nhà ga 1","Hải Phòng (HPH)
Sân bay quốc tế Cát Bi",07-04-2025,,
VietJet Air,1.848.000 VND/khách,16:10,06 thg 5,18:10,06 thg 5,2h 0m,"TP HCM (SGN)
Sân bay Tân Sơn Nhất
Nhà ga 1","Hải Phòng (HPH)
Sân bay quốc tế Cát Bi",07-04-2025,,
Vietnam Airlines,1.994.126 VND/khách,17:55,06 thg 5,19:55,06 thg 5,2h 0m,"TP HCM (SGN)
Sân bay Tân Sơn Nhất
Nhà ga 1","Hải Phòng (HPH)
Sân bay quốc tế Cát Bi",07-04-2025,,
Vietnam Airlines,1.994.126 VND/khách,13:20,06 thg 5,15:25,06 thg 5,2h 5m,"TP HCM (SGN)
Sân bay Tân Sơn Nhất
Nhà ga 1","Hải Phòng (HPH)
Sân bay quốc tế Cát Bi",07-04-2025,,
VietJet Air,2.021.000 VND/khách,09:15,06 thg 5,11:15,06 thg 5,2h 0m,"TP HCM (SGN)
Sân bay Tân Sơn Nhất
Nhà ga 1","Hải Phòng (HPH)
Sân bay quốc tế Cát Bi",07-04-2025,,
Vietnam Airlines,2.887.295 VND/khách,07:45,06 thg 5,09:45,06 thg 5,2h 0m,"TP HCM (SGN)
Sân bay Tân Sơn Nhất
Nhà ga 1","Hải Phòng (HPH)
Sân bay quốc tế Cát Bi",07-04-2025,,
VietJet Air,1.601.000 VND/khách,04:30,07 thg 5,06:30,07 thg 5,2h 0m,"TP HCM (SGN)
Sân bay Tân Sơn Nhất
Nhà ga 1","Hải Phòng (HPH)
Sân bay quốc tế Cát Bi",07-04-2025,,
Bamboo Airways,1.671.775 VND/khách,20:05,07 thg 5,22:10,07 thg 5,2h 5m,"TP HCM (SGN)
Sân bay Tân Sơn Nhất","Hải Phòng (HPH)
Sân bay quốc tế Cát Bi",07-04-2025,,
VietJet Air,1.741.000 VND/khách,21:10,07 thg 5,23:05,07 thg 5,1h 55m,"TP HCM (SGN)
Sân bay Tân Sơn Nhất
Nhà ga 1","Hải Phòng (HPH)
Sân bay quốc tế Cát Bi",07-04-2025,,
VietJet Air,1.741.000 VND/khách,19:15,07 thg 5,21:15,07 thg 5,2h 0m,"TP HCM (SGN)
Sân bay Tân Sơn Nhất
Nhà ga 1","Hải Phòng (HPH)
Sân bay quốc tế Cát Bi",07-04-2025,,
VietJet Air,1.741.000 VND/khách,20:10,07 thg 5,22:10,07 thg 5,2h 0m,"TP HCM (SGN)
Sân bay Tân Sơn Nhất
Nhà ga 1","Hải Phòng (HPH)
Sân bay quốc tế Cát Bi",07-04-2025,,
Vietnam Airlines,1.770.832 VND/khách,07:45,07 thg 5,09:45,07 thg 5,2h 0m,"TP HCM (SGN)
Sân bay Tân Sơn Nhất
Nhà ga 1","Hải Phòng (HPH)
Sân bay quốc tế Cát Bi",07-04-2025,,
Vietnam Airlines,1.770.832 VND/khách,20:30,07 thg 5,22:30,07 thg 5,2h 0m,"TP HCM (SGN)
Sân bay Tân Sơn Nhất
Nhà ga 1","Hải Phòng (HPH)
Sân bay quốc tế Cát Bi",07-04-2025,,
Vietnam Airlines,1.770.832 VND/khách,13:20,07 thg 5,15:25,07 thg 5,2h 5m,"TP HCM (SGN)
Sân bay Tân Sơn Nhất
Nhà ga 1","Hải Phòng (HPH)
Sân bay quốc tế Cát Bi",07-04-2025,,
VietJet Air,1.856.000 VND/khách,06:15,07 thg 5,08:15,07 thg 5,2h 0m,"TP HCM (SGN)
Sân bay Tân Sơn Nhất
Nhà ga 1","Hải Phòng (HPH)
Sân bay quốc tế Cát Bi",07-04-2025,,
VietJet Air,1.856.000 VND/khách,11:35,07 thg 5,13:35,07 thg 5,2h 0m,"TP HCM (SGN)
Sân bay Tân Sơn Nhất
Nhà ga 1","Hải Phòng (HPH)
Sân bay quốc tế Cát Bi",07-04-2025,,
VietJet Air,1.856.000 VND/khách,16:10,07 thg 5,18:10,07 thg 5,2h 0m,"TP HCM (SGN)
Sân bay Tân Sơn Nhất
Nhà ga 1","Hải Phòng (HPH)
Sân bay quốc tế Cát Bi",07-04-2025,,
Vietnam Airlines,1.994.126 VND/khách,17:55,07 thg 5,19:55,07 thg 5,2h 0m,"TP HCM (SGN)
Sân bay Tân Sơn Nhất
Nhà ga 1","Hải Phòng (HPH)
Sân bay quốc tế Cát Bi",07-04-2025,,
VietJet Air,1.599.000 VND/khách,04:30,08 thg 5,06:30,08 thg 5,2h 0m,"TP HCM (SGN)
Sân bay Tân Sơn Nhất
Nhà ga 1","Hải Phòng (HPH)
Sân bay quốc tế Cát Bi",07-04-2025,,
VietJet Air,1.739.000 VND/khách,21:10,08 thg 5,23:05,08 thg 5,1h 55m,"TP HCM (SGN)
Sân bay Tân Sơn Nhất
Nhà ga 1","Hải Phòng (HPH)
Sân bay quốc tế Cát Bi",07-04-2025,,
VietJet Air,1.739.000 VND/khách,19:15,08 thg 5,21:15,08 thg 5,2h 0m,"TP HCM (SGN)
Sân bay Tân Sơn Nhất
Nhà ga 1","Hải Phòng (HPH)
Sân bay quốc tế Cát Bi",07-04-2025,,
VietJet Air,1.739.000 VND/khách,20:10,08 thg 5,22:10,08 thg 5,2h 0m,"TP HCM (SGN)
Sân bay Tân Sơn Nhất
Nhà ga 1","Hải Phòng (HPH)
Sân bay quốc tế Cát Bi",07-04-2025,,
Vietnam Airlines,1.770.832 VND/khách,20:30,08 thg 5,22:30,08 thg 5,2h 0m,"TP HCM (SGN)
Sân bay Tân Sơn Nhất
Nhà ga 1","Hải Phòng (HPH)
Sân bay quốc tế Cát Bi",07-04-2025,,
VietJet Air,1.853.000 VND/khách,06:15,08 thg 5,08:15,08 thg 5,2h 0m,"TP HCM (SGN)
Sân bay Tân Sơn Nhất
Nhà ga 1","Hải Phòng (HPH)
Sân bay quốc tế Cát Bi",07-04-2025,,
VietJet Air,1.853.000 VND/khách,09:15,08 thg 5,11:15,08 thg 5,2h 0m,"TP HCM (SGN)
Sân bay Tân Sơn Nhất
Nhà ga 1","Hải Phòng (HPH)
Sân bay quốc tế Cát Bi",07-04-2025,,
VietJet Air,1.853.000 VND/khách,14:05,08 thg 5,16:05,08 thg 5,2h 0m,"TP HCM (SGN)
Sân bay Tân Sơn Nhất
Nhà ga 1","Hải Phòng (HPH)
Sân bay quốc tế Cát Bi",07-04-2025,,
VietJet Air,1.853.000 VND/khách,16:10,08 thg 5,18:10,08 thg 5,2h 0m,"TP HCM (SGN)
Sân bay Tân Sơn Nhất
Nhà ga 1","Hải Phòng (HPH)
Sân bay quốc tế Cát Bi",07-04-2025,,
Vietnam Airlines,1.994.126 VND/khách,07:45,08 thg 5,09:45,08 thg 5,2h 0m,"TP HCM (SGN)
Sân bay Tân Sơn Nhất
Nhà ga 1","Hải Phòng (HPH)
Sân bay quốc tế Cát Bi",07-04-2025,,
Vietnam Airlines,1.994.126 VND/khách,17:55,08 thg 5,19:55,08 thg 5,2h 0m,"TP HCM (SGN)
Sân bay Tân Sơn Nhất
Nhà ga 1","Hải Phòng (HPH)
Sân bay quốc tế Cát Bi",07-04-2025,,
Vietnam Airlines,1.994.126 VND/khách,13:20,08 thg 5,15:25,08 thg 5,2h 5m,"TP HCM (SGN)
Sân bay Tân Sơn Nhất
Nhà ga 1","Hải Phòng (HPH)
Sân bay quốc tế Cát Bi",07-04-2025,,
Bamboo Airways,1.671.775 VND/khách,20:05,09 thg 5,22:10,09 thg 5,2h 5m,"TP HCM (SGN)
Sân bay Tân Sơn Nhất","Hải Phòng (HPH)
Sân bay quốc tế Cát Bi",07-04-2025,,
VietJet Air,1.740.000 VND/khách,21:10,09 thg 5,23:05,09 thg 5,1h 55m,"TP HCM (SGN)
Sân bay Tân Sơn Nhất
Nhà ga 1","Hải Phòng (HPH)
Sân bay quốc tế Cát Bi",07-04-2025,,
VietJet Air,1.740.000 VND/khách,04:30,09 thg 5,06:30,09 thg 5,2h 0m,"TP HCM (SGN)
Sân bay Tân Sơn Nhất
Nhà ga 1","Hải Phòng (HPH)
Sân bay quốc tế Cát Bi",07-04-2025,,
VietJet Air,1.740.000 VND/khách,06:15,09 thg 5,08:15,09 thg 5,2h 0m,"TP HCM (SGN)
Sân bay Tân Sơn Nhất
Nhà ga 1","Hải Phòng (HPH)
Sân bay quốc tế Cát Bi",07-04-2025,,
VietJet Air,1.740.000 VND/khách,11:35,09 thg 5,13:35,09 thg 5,2h 0m,"TP HCM (SGN)
Sân bay Tân Sơn Nhất
Nhà ga 1","Hải Phòng (HPH)
Sân bay quốc tế Cát Bi",07-04-2025,,
VietJet Air,1.740.000 VND/khách,16:10,09 thg 5,18:10,09 thg 5,2h 0m,"TP HCM (SGN)
Sân bay Tân Sơn Nhất
Nhà ga 1","Hải Phòng (HPH)
Sân bay quốc tế Cát Bi",07-04-2025,,
VietJet Air,1.740.000 VND/khách,19:15,09 thg 5,21:15,09 thg 5,2h 0m,"TP HCM (SGN)
Sân bay Tân Sơn Nhất
Nhà ga 1","Hải Phòng (HPH)
Sân bay quốc tế Cát Bi",07-04-2025,,
VietJet Air,1.740.000 VND/khách,20:10,09 thg 5,22:10,09 thg 5,2h 0m,"TP HCM (SGN)
Sân bay Tân Sơn Nhất
Nhà ga 1","Hải Phòng (HPH)
Sân bay quốc tế Cát Bi",07-04-2025,,
Vietnam Airlines,1.994.126 VND/khách,17:55,09 thg 5,19:55,09 thg 5,2h 0m,"TP HCM (SGN)
Sân bay Tân Sơn Nhất
Nhà ga 1","Hải Phòng (HPH)
Sân bay quốc tế Cát Bi",07-04-2025,,
Vietnam Airlines,1.994.126 VND/khách,20:30,09 thg 5,22:30,09 thg 5,2h 0m,"TP HCM (SGN)
Sân bay Tân Sơn Nhất
Nhà ga 1","Hải Phòng (HPH)
Sân bay quốc tế Cát Bi",07-04-2025,,
Vietnam Airlines,2.217.417 VND/khách,13:20,09 thg 5,15:25,09 thg 5,2h 5m,"TP HCM (SGN)
Sân bay Tân Sơn Nhất
Nhà ga 1","Hải Phòng (HPH)
Sân bay quốc tế Cát Bi",07-04-2025,,
Vietnam Airlines,3.867.300 VND/khách,07:45,09 thg 5,09:45,09 thg 5,2h 0m,"TP HCM (SGN)
Sân bay Tân Sơn Nhất
Nhà ga 1","Hải Phòng (HPH)
Sân bay quốc tế Cát Bi",07-04-2025,,
VietJet Air,1.601.000 VND/khách,04:30,10 thg 5,06:30,10 thg 5,2h 0m,"TP HCM (SGN)
Sân bay Tân Sơn Nhất
Nhà ga 1","Hải Phòng (HPH)
Sân bay quốc tế Cát Bi",07-04-2025,,
VietJet Air,1.745.000 VND/khách,21:10,10 thg 5,23:05,10 thg 5,1h 55m,"TP HCM (SGN)
Sân bay Tân Sơn Nhất
Nhà ga 1","Hải Phòng (HPH)
Sân bay quốc tế Cát Bi",07-04-2025,,
VietJet Air,1.745.000 VND/khách,19:15,10 thg 5,21:15,10 thg 5,2h 0m,"TP HCM (SGN)
Sân bay Tân Sơn Nhất
Nhà ga 1","Hải Phòng (HPH)
Sân bay quốc tế Cát Bi",07-04-2025,,
VietJet Air,1.745.000 VND/khách,20:10,10 thg 5,22:10,10 thg 5,2h 0m,"TP HCM (SGN)
Sân bay Tân Sơn Nhất
Nhà ga 1","Hải Phòng (HPH)
Sân bay quốc tế Cát Bi",07-04-2025,,
Vietnam Airlines,1.770.832 VND/khách,20:30,10 thg 5,22:30,10 thg 5,2h 0m,"TP HCM (SGN)
Sân bay Tân Sơn Nhất
Nhà ga 1","Hải Phòng (HPH)
Sân bay quốc tế Cát Bi",07-04-2025,,
Vietnam Airlines,1.770.832 VND/khách,13:20,10 thg 5,15:25,10 thg 5,2h 5m,"TP HCM (SGN)
Sân bay Tân Sơn Nhất
Nhà ga 1","Hải Phòng (HPH)
Sân bay quốc tế Cát Bi",07-04-2025,,
VietJet Air,1.859.000 VND/khách,06:15,10 thg 5,08:15,10 thg 5,2h 0m,"TP HCM (SGN)
Sân bay Tân Sơn Nhất
Nhà ga 1","Hải Phòng (HPH)
Sân bay quốc tế Cát Bi",07-04-2025,,
VietJet Air,1.859.000 VND/khách,09:15,10 thg 5,11:15,10 thg 5,2h 0m,"TP HCM (SGN)
Sân bay Tân Sơn Nhất
Nhà ga 1","Hải Phòng (HPH)
Sân bay quốc tế Cát Bi",07-04-2025,,
VietJet Air,1.859.000 VND/khách,14:05,10 thg 5,16:05,10 thg 5,2h 0m,"TP HCM (SGN)
Sân bay Tân Sơn Nhất
Nhà ga 1","Hải Phòng (HPH)
Sân bay quốc tế Cát Bi",07-04-2025,,
VietJet Air,1.859.000 VND/khách,16:10,10 thg 5,18:10,10 thg 5,2h 0m,"TP HCM (SGN)
Sân bay Tân Sơn Nhất
Nhà ga 1","Hải Phòng (HPH)
Sân bay quốc tế Cát Bi",07-04-2025,,
Vietnam Airlines,1.994.126 VND/khách,17:55,10 thg 5,19:55,10 thg 5,2h 0m,"TP HCM (SGN)
Sân bay Tân Sơn Nhất
Nhà ga 1","Hải Phòng (HPH)
Sân bay quốc tế Cát Bi",07-04-2025,,
Vietnam Airlines,3.867.300 VND/khách,07:45,10 thg 5,09:45,10 thg 5,2h 0m,"TP HCM (SGN)
Sân bay Tân Sơn Nhất
Nhà ga 1","Hải Phòng (HPH)
Sân bay quốc tế Cát Bi",07-04-2025,,
VietJet Air,1.601.000 VND/khách,04:30,11 thg 5,06:30,11 thg 5,2h 0m,"TP HCM (SGN)
Sân bay Tân Sơn Nhất
Nhà ga 1","Hải Phòng (HPH)
Sân bay quốc tế Cát Bi",07-04-2025,,
VietJet Air,1.745.000 VND/khách,21:10,11 thg 5,23:05,11 thg 5,1h 55m,"TP HCM (SGN)
Sân bay Tân Sơn Nhất
Nhà ga 1","Hải Phòng (HPH)
Sân bay quốc tế Cát Bi",07-04-2025,,
VietJet Air,1.745.000 VND/khách,19:15,11 thg 5,21:15,11 thg 5,2h 0m,"TP HCM (SGN)
Sân bay Tân Sơn Nhất
Nhà ga 1","Hải Phòng (HPH)
Sân bay quốc tế Cát Bi",07-04-2025,,
VietJet Air,1.745.000 VND/khách,20:10,11 thg 5,22:10,11 thg 5,2h 0m,"TP HCM (SGN)
Sân bay Tân Sơn Nhất
Nhà ga 1","Hải Phòng (HPH)
Sân bay quốc tế Cát Bi",07-04-2025,,
Vietnam Airlines,1.770.832 VND/khách,20:30,11 thg 5,22:30,11 thg 5,2h 0m,"TP HCM (SGN)
Sân bay Tân Sơn Nhất
Nhà ga 1","Hải Phòng (HPH)
Sân bay quốc tế Cát Bi",07-04-2025,,
Bamboo Airways,1.815.275 VND/khách,20:05,11 thg 5,22:10,11 thg 5,2h 5m,"TP HCM (SGN)
Sân bay Tân Sơn Nhất","Hải Phòng (HPH)
Sân bay quốc tế Cát Bi",07-04-2025,,
VietJet Air,1.856.000 VND/khách,06:15,11 thg 5,08:15,11 thg 5,2h 0m,"TP HCM (SGN)
Sân bay Tân Sơn Nhất
Nhà ga 1","Hải Phòng (HPH)
Sân bay quốc tế Cát Bi",07-04-2025,,
VietJet Air,1.856.000 VND/khách,11:35,11 thg 5,13:35,11 thg 5,2h 0m,"TP HCM (SGN)
Sân bay Tân Sơn Nhất
Nhà ga 1","Hải Phòng (HPH)
Sân bay quốc tế Cát Bi",07-04-2025,,
VietJet Air,1.856.000 VND/khách,16:10,11 thg 5,18:10,11 thg 5,2h 0m,"TP HCM (SGN)
Sân bay Tân Sơn Nhất
Nhà ga 1","Hải Phòng (HPH)
Sân bay quốc tế Cát Bi",07-04-2025,,
Vietnam Airlines,1.994.126 VND/khách,07:45,11 thg 5,09:45,11 thg 5,2h 0m,"TP HCM (SGN)
Sân bay Tân Sơn Nhất
Nhà ga 1","Hải Phòng (HPH)
Sân bay quốc tế Cát Bi",07-04-2025,,
Vietnam Airlines,1.994.126 VND/khách,17:55,11 thg 5,19:55,11 thg 5,2h 0m,"TP HCM (SGN)
Sân bay Tân Sơn Nhất
Nhà ga 1","Hải Phòng (HPH)
Sân bay quốc tế Cát Bi",07-04-2025,,
Vietnam Airlines,1.994.126 VND/khách,13:20,11 thg 5,15:25,11 thg 5,2h 5m,"TP HCM (SGN)
Sân bay Tân Sơn Nhất
Nhà ga 1","Hải Phòng (HPH)
Sân bay quốc tế Cát Bi",07-04-2025,,
VietJet Air,1.591.005 VND/khách,04:30,21 thg 4,06:30,21 thg 4,2h 0m,"TP HCM (SGN)
Sân bay Tân Sơn Nhất
Nhà ga 1","Hải Phòng (HPH)
Sân bay quốc tế Cát Bi",07-04-2025,,
Bamboo Airways,1.663.416 VND/khách,20:05,21 thg 4,22:10,21 thg 4,2h 5m,"TP HCM (SGN)
Sân bay Tân Sơn Nhất","Hải Phòng (HPH)
Sân bay quốc tế Cát Bi",07-04-2025,,
VietJet Air,1.734.285 VND/khách,21:10,21 thg 4,23:05,21 thg 4,1h 55m,"TP HCM (SGN)
Sân bay Tân Sơn Nhất
Nhà ga 1","Hải Phòng (HPH)
Sân bay quốc tế Cát Bi",07-04-2025,,
VietJet Air,1.734.285 VND/khách,20:10,21 thg 4,22:10,21 thg 4,2h 0m,"TP HCM (SGN)
Sân bay Tân Sơn Nhất
Nhà ga 1","Hải Phòng (HPH)
Sân bay quốc tế Cát Bi",07-04-2025,,
VietJet Air,1.844.730 VND/khách,06:15,21 thg 4,08:15,21 thg 4,2h 0m,"TP HCM (SGN)
Sân bay Tân Sơn Nhất
Nhà ga 1","Hải Phòng (HPH)
Sân bay quốc tế Cát Bi",07-04-2025,,
VietJet Air,1.844.730 VND/khách,09:15,21 thg 4,11:15,21 thg 4,2h 0m,"TP HCM (SGN)
Sân bay Tân Sơn Nhất
Nhà ga 1","Hải Phòng (HPH)
Sân bay quốc tế Cát Bi",07-04-2025,,
VietJet Air,1.844.730 VND/khách,16:10,21 thg 4,18:10,21 thg 4,2h 0m,"TP HCM (SGN)
Sân bay Tân Sơn Nhất
Nhà ga 1","Hải Phòng (HPH)
Sân bay quốc tế Cát Bi",07-04-2025,,
Vietnam Airlines,1.994.126 VND/khách,20:30,21 thg 4,22:30,21 thg 4,2h 0m,"TP HCM (SGN)
Sân bay Tân Sơn Nhất
Nhà ga 1","Hải Phòng (HPH)
Sân bay quốc tế Cát Bi",07-04-2025,,
Vietnam Airlines,1.994.126 VND/khách,13:20,21 thg 4,15:25,21 thg 4,2h 5m,"TP HCM (SGN)
Sân bay Tân Sơn Nhất
Nhà ga 1","Hải Phòng (HPH)
Sân bay quốc tế Cát Bi",07-04-2025,,
Vietnam Airlines,2.664.003 VND/khách,07:45,21 thg 4,09:45,21 thg 4,2h 0m,"TP HCM (SGN)
Sân bay Tân Sơn Nhất
Nhà ga 1","Hải Phòng (HPH)
Sân bay quốc tế Cát Bi",07-04-2025,,
Vietnam Airlines,3.867.300 VND/khách,17:55,21 thg 4,19:55,21 thg 4,2h 0m,"TP HCM (SGN)
Sân bay Tân Sơn Nhất
Nhà ga 1","Hải Phòng (HPH)
Sân bay quốc tế Cát Bi",07-04-2025,,
VietJet Air,1.585.035 VND/khách,04:30,22 thg 4,06:30,22 thg 4,2h 0m,"TP HCM (SGN)
Sân bay Tân Sơn Nhất
Nhà ga 1","Hải Phòng (HPH)
Sân bay quốc tế Cát Bi",07-04-2025,,
VietJet Air,1.720.355 VND/khách,21:10,22 thg 4,23:05,22 thg 4,1h 55m,"TP HCM (SGN)
Sân bay Tân Sơn Nhất
Nhà ga 1","Hải Phòng (HPH)
Sân bay quốc tế Cát Bi",07-04-2025,,
VietJet Air,1.720.355 VND/khách,19:15,22 thg 4,21:15,22 thg 4,2h 0m,"TP HCM (SGN)
Sân bay Tân Sơn Nhất
Nhà ga 1","Hải Phòng (HPH)
Sân bay quốc tế Cát Bi",07-04-2025,,
VietJet Air,1.720.355 VND/khách,20:10,22 thg 4,22:10,22 thg 4,2h 0m,"TP HCM (SGN)
Sân bay Tân Sơn Nhất
Nhà ga 1","Hải Phòng (HPH)
Sân bay quốc tế Cát Bi",07-04-2025,,
VietJet Air,1.845.725 VND/khách,06:15,22 thg 4,08:15,22 thg 4,2h 0m,"TP HCM (SGN)
Sân bay Tân Sơn Nhất
Nhà ga 1","Hải Phòng (HPH)
Sân bay quốc tế Cát Bi",07-04-2025,,
VietJet Air,1.845.725 VND/khách,09:15,22 thg 4,11:15,22 thg 4,2h 0m,"TP HCM (SGN)
Sân bay Tân Sơn Nhất
Nhà ga 1","Hải Phòng (HPH)
Sân bay quốc tế Cát Bi",07-04-2025,,
VietJet Air,1.845.725 VND/khách,14:05,22 thg 4,16:05,22 thg 4,2h 0m,"TP HCM (SGN)
Sân bay Tân Sơn Nhất
Nhà ga 1","Hải Phòng (HPH)
Sân bay quốc tế Cát Bi",07-04-2025,,
VietJet Air,1.845.725 VND/khách,16:10,22 thg 4,18:10,22 thg 4,2h 0m,"TP HCM (SGN)
Sân bay Tân Sơn Nhất
Nhà ga 1","Hải Phòng (HPH)
Sân bay quốc tế Cát Bi",07-04-2025,,
Vietnam Airlines,1.994.126 VND/khách,07:45,22 thg 4,09:45,22 thg 4,2h 0m,"TP HCM (SGN)
Sân bay Tân Sơn Nhất
Nhà ga 1","Hải Phòng (HPH)
Sân bay quốc tế Cát Bi",07-04-2025,,
Vietnam Airlines,1.994.126 VND/khách,20:30,22 thg 4,22:30,22 thg 4,2h 0m,"TP HCM (SGN)
Sân bay Tân Sơn Nhất
Nhà ga 1","Hải Phòng (HPH)
Sân bay quốc tế Cát Bi",07-04-2025,,
Vietnam Airlines,1.994.126 VND/khách,13:20,22 thg 4,15:25,22 thg 4,2h 5m,"TP HCM (SGN)
Sân bay Tân Sơn Nhất
Nhà ga 1","Hải Phòng (HPH)
Sân bay quốc tế Cát Bi",07-04-2025,,
Vietnam Airlines,3.867.300 VND/khách,17:55,22 thg 4,19:55,22 thg 4,2h 0m,"TP HCM (SGN)
Sân bay Tân Sơn Nhất
Nhà ga 1","Hải Phòng (HPH)
Sân bay quốc tế Cát Bi",07-04-2025,,
Bamboo Airways,1.561.075 VND/khách,20:05,23 thg 4,22:10,23 thg 4,2h 5m,"TP HCM (SGN)
Sân bay Tân Sơn Nhất","Hải Phòng (HPH)
Sân bay quốc tế Cát Bi",07-04-2025,,
VietJet Air,1.591.005 VND/khách,21:10,23 thg 4,23:05,23 thg 4,1h 55m,"TP HCM (SGN)
Sân bay Tân Sơn Nhất
Nhà ga 1","Hải Phòng (HPH)
Sân bay quốc tế Cát Bi",07-04-2025,,
VietJet Air,1.591.005 VND/khách,04:30,23 thg 4,06:30,23 thg 4,2h 0m,"TP HCM (SGN)
Sân bay Tân Sơn Nhất
Nhà ga 1","Hải Phòng (HPH)
Sân bay quốc tế Cát Bi",07-04-2025,,
VietJet Air,1.591.005 VND/khách,19:15,23 thg 4,21:15,23 thg 4,2h 0m,"TP HCM (SGN)
Sân bay Tân Sơn Nhất
Nhà ga 1","Hải Phòng (HPH)
Sân bay quốc tế Cát Bi",07-04-2025,,
VietJet Air,1.591.005 VND/khách,20:10,23 thg 4,22:10,23 thg 4,2h 0m,"TP HCM (SGN)
Sân bay Tân Sơn Nhất
Nhà ga 1","Hải Phòng (HPH)
Sân bay quốc tế Cát Bi",07-04-2025,,
VietJet Air,1.843.735 VND/khách,06:15,23 thg 4,08:15,23 thg 4,2h 0m,"TP HCM (SGN)
Sân bay Tân Sơn Nhất
Nhà ga 1","Hải Phòng (HPH)
Sân bay quốc tế Cát Bi",07-04-2025,,
VietJet Air,1.843.735 VND/khách,11:35,23 thg 4,13:35,23 thg 4,2h 0m,"TP HCM (SGN)
Sân bay Tân Sơn Nhất
Nhà ga 1","Hải Phòng (HPH)
Sân bay quốc tế Cát Bi",07-04-2025,,
VietJet Air,1.843.735 VND/khách,16:10,23 thg 4,18:10,23 thg 4,2h 0m,"TP HCM (SGN)
Sân bay Tân Sơn Nhất
Nhà ga 1","Hải Phòng (HPH)
Sân bay quốc tế Cát Bi",07-04-2025,,
Vietnam Airlines,1.994.126 VND/khách,07:45,23 thg 4,09:45,23 thg 4,2h 0m,"TP HCM (SGN)
Sân bay Tân Sơn Nhất
Nhà ga 1","Hải Phòng (HPH)
Sân bay quốc tế Cát Bi",07-04-2025,,
Vietnam Airlines,1.994.126 VND/khách,20:30,23 thg 4,22:30,23 thg 4,2h 0m,"TP HCM (SGN)
Sân bay Tân Sơn Nhất
Nhà ga 1","Hải Phòng (HPH)
Sân bay quốc tế Cát Bi",07-04-2025,,
Vietnam Airlines,1.994.126 VND/khách,13:20,23 thg 4,15:25,23 thg 4,2h 5m,"TP HCM (SGN)
Sân bay Tân Sơn Nhất
Nhà ga 1","Hải Phòng (HPH)
Sân bay quốc tế Cát Bi",07-04-2025,,
Vietnam Airlines,3.867.300 VND/khách,17:55,23 thg 4,19:55,23 thg 4,2h 0m,"TP HCM (SGN)
Sân bay Tân Sơn Nhất
Nhà ga 1","Hải Phòng (HPH)
Sân bay quốc tế Cát Bi",07-04-2025,,
VietJet Air,1.591.005 VND/khách,04:30,24 thg 4,06:30,24 thg 4,2h 0m,"TP HCM (SGN)
Sân bay Tân Sơn Nhất
Nhà ga 1","Hải Phòng (HPH)
Sân bay quốc tế Cát Bi",07-04-2025,,
VietJet Air,1.730.305 VND/khách,21:10,24 thg 4,23:05,24 thg 4,1h 55m,"TP HCM (SGN)
Sân bay Tân Sơn Nhất
Nhà ga 1","Hải Phòng (HPH)
Sân bay quốc tế Cát Bi",07-04-2025,,
VietJet Air,1.730.305 VND/khách,19:15,24 thg 4,21:15,24 thg 4,2h 0m,"TP HCM (SGN)
Sân bay Tân Sơn Nhất
Nhà ga 1","Hải Phòng (HPH)
Sân bay quốc tế Cát Bi",07-04-2025,,
VietJet Air,1.730.305 VND/khách,20:10,24 thg 4,22:10,24 thg 4,2h 0m,"TP HCM (SGN)
Sân bay Tân Sơn Nhất
Nhà ga 1","Hải Phòng (HPH)
Sân bay quốc tế Cát Bi",07-04-2025,,
VietJet Air,1.843.735 VND/khách,06:15,24 thg 4,08:15,24 thg 4,2h 0m,"TP HCM (SGN)
Sân bay Tân Sơn Nhất
Nhà ga 1","Hải Phòng (HPH)
Sân bay quốc tế Cát Bi",07-04-2025,,
VietJet Air,1.843.735 VND/khách,09:15,24 thg 4,11:15,24 thg 4,2h 0m,"TP HCM (SGN)
Sân bay Tân Sơn Nhất
Nhà ga 1","Hải Phòng (HPH)
Sân bay quốc tế Cát Bi",07-04-2025,,
VietJet Air,1.843.735 VND/khách,14:40,24 thg 4,16:40,24 thg 4,2h 0m,"TP HCM (SGN)
Sân bay Tân Sơn Nhất
Nhà ga 1","Hải Phòng (HPH)
Sân bay quốc tế Cát Bi",07-04-2025,,
VietJet Air,1.843.735 VND/khách,16:10,24 thg 4,18:10,24 thg 4,2h 0m,"TP HCM (SGN)
Sân bay Tân Sơn Nhất
Nhà ga 1","Hải Phòng (HPH)
Sân bay quốc tế Cát Bi",07-04-2025,,
Vietnam Airlines,1.994.126 VND/khách,07:45,24 thg 4,09:45,24 thg 4,2h 0m,"TP HCM (SGN)
Sân bay Tân Sơn Nhất
Nhà ga 1","Hải Phòng (HPH)
Sân bay quốc tế Cát Bi",07-04-2025,,
Vietnam Airlines,1.994.126 VND/khách,13:20,24 thg 4,15:25,24 thg 4,2h 5m,"TP HCM (SGN)
Sân bay Tân Sơn Nhất
Nhà ga 1","Hải Phòng (HPH)
Sân bay quốc tế Cát Bi",07-04-2025,,
Vietnam Airlines,2.217.417 VND/khách,20:30,24 thg 4,22:30,24 thg 4,2h 0m,"TP HCM (SGN)
Sân bay Tân Sơn Nhất
Nhà ga 1","Hải Phòng (HPH)
Sân bay quốc tế Cát Bi",07-04-2025,,
Vietnam Airlines,3.867.300 VND/khách,17:55,24 thg 4,19:55,24 thg 4,2h 0m,"TP HCM (SGN)
Sân bay Tân Sơn Nhất
Nhà ga 1","Hải Phòng (HPH)
Sân bay quốc tế Cát Bi",07-04-2025,,
VietJet Air,1.734.285 VND/khách,21:10,25 thg 4,23:05,25 thg 4,1h 55m,"TP HCM (SGN)
Sân bay Tân Sơn Nhất
Nhà ga 1","Hải Phòng (HPH)
Sân bay quốc tế Cát Bi",07-04-2025,,
VietJet Air,1.734.285 VND/khách,04:30,25 thg 4,06:30,25 thg 4,2h 0m,"TP HCM (SGN)
Sân bay Tân Sơn Nhất
Nhà ga 1","Hải Phòng (HPH)
Sân bay quốc tế Cát Bi",07-04-2025,,
VietJet Air,1.734.285 VND/khách,06:15,25 thg 4,08:15,25 thg 4,2h 0m,"TP HCM (SGN)
Sân bay Tân Sơn Nhất
Nhà ga 1","Hải Phòng (HPH)
Sân bay quốc tế Cát Bi",07-04-2025,,
VietJet Air,1.734.285 VND/khách,11:35,25 thg 4,13:35,25 thg 4,2h 0m,"TP HCM (SGN)
Sân bay Tân Sơn Nhất
Nhà ga 1","Hải Phòng (HPH)
Sân bay quốc tế Cát Bi",07-04-2025,,
VietJet Air,1.734.285 VND/khách,16:10,25 thg 4,18:10,25 thg 4,2h 0m,"TP HCM (SGN)
Sân bay Tân Sơn Nhất
Nhà ga 1","Hải Phòng (HPH)
Sân bay quốc tế Cát Bi",07-04-2025,,
VietJet Air,1.734.285 VND/khách,19:15,25 thg 4,21:15,25 thg 4,2h 0m,"TP HCM (SGN)
Sân bay Tân Sơn Nhất
Nhà ga 1","Hải Phòng (HPH)
Sân bay quốc tế Cát Bi",07-04-2025,,
VietJet Air,1.734.285 VND/khách,20:10,25 thg 4,22:10,25 thg 4,2h 0m,"TP HCM (SGN)
Sân bay Tân Sơn Nhất
Nhà ga 1","Hải Phòng (HPH)
Sân bay quốc tế Cát Bi",07-04-2025,,
Bamboo Airways,1.938.782 VND/khách,20:05,25 thg 4,22:10,25 thg 4,2h 5m,"TP HCM (SGN)
Sân bay Tân Sơn Nhất","Hải Phòng (HPH)
Sân bay quốc tế Cát Bi",07-04-2025,,
Vietnam Airlines,2.217.417 VND/khách,20:30,25 thg 4,22:30,25 thg 4,2h 0m,"TP HCM (SGN)
Sân bay Tân Sơn Nhất
Nhà ga 1","Hải Phòng (HPH)
Sân bay quốc tế Cát Bi",07-04-2025,,
Vietnam Airlines,2.217.417 VND/khách,13:20,25 thg 4,15:25,25 thg 4,2h 5m,"TP HCM (SGN)
Sân bay Tân Sơn Nhất
Nhà ga 1","Hải Phòng (HPH)
Sân bay quốc tế Cát Bi",07-04-2025,,
Vietnam Airlines,2.440.710 VND/khách,07:45,25 thg 4,09:45,25 thg 4,2h 0m,"TP HCM (SGN)
Sân bay Tân Sơn Nhất
Nhà ga 1","Hải Phòng (HPH)
Sân bay quốc tế Cát Bi",07-04-2025,,
Vietnam Airlines,3.647.109 VND/khách,17:55,25 thg 4,19:55,25 thg 4,2h 0m,"TP HCM (SGN)
Sân bay Tân Sơn Nhất
Nhà ga 1","Hải Phòng (HPH)
Sân bay quốc tế Cát Bi",07-04-2025,,
VietJet Air,1.741.000 VND/khách,21:10,26 thg 4,23:05,26 thg 4,1h 55m,"TP HCM (SGN)
Sân bay Tân Sơn Nhất
Nhà ga 1","Hải Phòng (HPH)
Sân bay quốc tế Cát Bi",07-04-2025,,
VietJet Air,1.741.000 VND/khách,19:15,26 thg 4,21:15,26 thg 4,2h 0m,"TP HCM (SGN)
Sân bay Tân Sơn Nhất
Nhà ga 1","Hải Phòng (HPH)
Sân bay quốc tế Cát Bi",07-04-2025,,
VietJet Air,1.741.000 VND/khách,20:10,26 thg 4,22:10,26 thg 4,2h 0m,"TP HCM (SGN)
Sân bay Tân Sơn Nhất
Nhà ga 1","Hải Phòng (HPH)
Sân bay quốc tế Cát Bi",07-04-2025,,
VietJet Air,1.855.000 VND/khách,04:30,26 thg 4,06:30,26 thg 4,2h 0m,"TP HCM (SGN)
Sân bay Tân Sơn Nhất
Nhà ga 1","Hải Phòng (HPH)
Sân bay quốc tế Cát Bi",07-04-2025,,
VietJet Air,1.855.000 VND/khách,06:15,26 thg 4,08:15,26 thg 4,2h 0m,"TP HCM (SGN)
Sân bay Tân Sơn Nhất
Nhà ga 1","Hải Phòng (HPH)
Sân bay quốc tế Cát Bi",07-04-2025,,
VietJet Air,1.855.000 VND/khách,14:05,26 thg 4,16:05,26 thg 4,2h 0m,"TP HCM (SGN)
Sân bay Tân Sơn Nhất
Nhà ga 1","Hải Phòng (HPH)
Sân bay quốc tế Cát Bi",07-04-2025,,
VietJet Air,1.855.000 VND/khách,16:10,26 thg 4,18:10,26 thg 4,2h 0m,"TP HCM (SGN)
Sân bay Tân Sơn Nhất
Nhà ga 1","Hải Phòng (HPH)
Sân bay quốc tế Cát Bi",07-04-2025,,
VietJet Air,2.025.000 VND/khách,09:15,26 thg 4,11:15,26 thg 4,2h 0m,"TP HCM (SGN)
Sân bay Tân Sơn Nhất
Nhà ga 1","Hải Phòng (HPH)
Sân bay quốc tế Cát Bi",07-04-2025,,
Vietnam Airlines,2.217.417 VND/khách,20:30,26 thg 4,22:30,26 thg 4,2h 0m,"TP HCM (SGN)
Sân bay Tân Sơn Nhất
Nhà ga 1","Hải Phòng (HPH)
Sân bay quốc tế Cát Bi",07-04-2025,,
Vietnam Airlines,2.440.710 VND/khách,07:45,26 thg 4,09:45,26 thg 4,2h 0m,"TP HCM (SGN)
Sân bay Tân Sơn Nhất
Nhà ga 1","Hải Phòng (HPH)
Sân bay quốc tế Cát Bi",07-04-2025,,
Vietnam Airlines,2.440.710 VND/khách,17:55,26 thg 4,19:55,26 thg 4,2h 0m,"TP HCM (SGN)
Sân bay Tân Sơn Nhất
Nhà ga 1","Hải Phòng (HPH)
Sân bay quốc tế Cát Bi",07-04-2025,,
Vietnam Airlines,2.440.710 VND/khách,13:20,26 thg 4,15:25,26 thg 4,2h 5m,"TP HCM (SGN)
Sân bay Tân Sơn Nhất
Nhà ga 1","Hải Phòng (HPH)
Sân bay quốc tế Cát Bi",07-04-2025,,
VietJet Air,1.731.300 VND/khách,21:10,27 thg 4,23:05,27 thg 4,1h 55m,"TP HCM (SGN)
Sân bay Tân Sơn Nhất
Nhà ga 1","Hải Phòng (HPH)
Sân bay quốc tế Cát Bi",07-04-2025,,
VietJet Air,1.731.300 VND/khách,04:30,27 thg 4,06:30,27 thg 4,2h 0m,"TP HCM (SGN)
Sân bay Tân Sơn Nhất
Nhà ga 1","Hải Phòng (HPH)
Sân bay quốc tế Cát Bi",07-04-2025,,
VietJet Air,1.731.300 VND/khách,19:15,27 thg 4,21:15,27 thg 4,2h 0m,"TP HCM (SGN)
Sân bay Tân Sơn Nhất
Nhà ga 1","Hải Phòng (HPH)
Sân bay quốc tế Cát Bi",07-04-2025,,
VietJet Air,1.731.300 VND/khách,20:10,27 thg 4,22:10,27 thg 4,2h 0m,"TP HCM (SGN)
Sân bay Tân Sơn Nhất
Nhà ga 1","Hải Phòng (HPH)
Sân bay quốc tế Cát Bi",07-04-2025,,
Bamboo Airways,1.815.275 VND/khách,20:05,27 thg 4,22:10,27 thg 4,2h 5m,"TP HCM (SGN)
Sân bay Tân Sơn Nhất","Hải Phòng (HPH)
Sân bay quốc tế Cát Bi",07-04-2025,,
VietJet Air,1.844.730 VND/khách,06:15,27 thg 4,08:15,27 thg 4,2h 0m,"TP HCM (SGN)
Sân bay Tân Sơn Nhất
Nhà ga 1","Hải Phòng (HPH)
Sân bay quốc tế Cát Bi",07-04-2025,,
VietJet Air,1.844.730 VND/khách,16:10,27 thg 4,18:10,27 thg 4,2h 0m,"TP HCM (SGN)
Sân bay Tân Sơn Nhất
Nhà ga 1","Hải Phòng (HPH)
Sân bay quốc tế Cát Bi",07-04-2025,,
VietJet Air,2.012.404 VND/khách,11:35,27 thg 4,13:35,27 thg 4,2h 0m,"TP HCM (SGN)
Sân bay Tân Sơn Nhất
Nhà ga 1","Hải Phòng (HPH)
Sân bay quốc tế Cát Bi",07-04-2025,,
Vietnam Airlines,2.217.417 VND/khách,17:55,27 thg 4,19:55,27 thg 4,2h 0m,"TP HCM (SGN)
Sân bay Tân Sơn Nhất
Nhà ga 1","Hải Phòng (HPH)
Sân bay quốc tế Cát Bi",07-04-2025,,
Vietnam Airlines,2.217.417 VND/khách,21:10,27 thg 4,23:10,27 thg 4,2h 0m,"TP HCM (SGN)
Sân bay Tân Sơn Nhất
Nhà ga 1","Hải Phòng (HPH)
Sân bay quốc tế Cát Bi",07-04-2025,,
Vietnam Airlines,2.440.710 VND/khách,07:45,27 thg 4,09:45,27 thg 4,2h 0m,"TP HCM (SGN)
Sân bay Tân Sơn Nhất
Nhà ga 1","Hải Phòng (HPH)
Sân bay quốc tế Cát Bi",07-04-2025,,
Vietnam Airlines,2.440.710 VND/khách,13:25,27 thg 4,15:25,27 thg 4,2h 0m,"TP HCM (SGN)
Sân bay Tân Sơn Nhất
Nhà ga 1","Hải Phòng (HPH)
Sân bay quốc tế Cát Bi",07-04-2025,,
VietJet Air,1.731.300 VND/khách,21:10,28 thg 4,23:05,28 thg 4,1h 55m,"TP HCM (SGN)
Sân bay Tân Sơn Nhất
Nhà ga 1","Hải Phòng (HPH)
Sân bay quốc tế Cát Bi",07-04-2025,,
VietJet Air,1.731.300 VND/khách,04:30,28 thg 4,06:30,28 thg 4,2h 0m,"TP HCM (SGN)
Sân bay Tân Sơn Nhất
Nhà ga 1","Hải Phòng (HPH)
Sân bay quốc tế Cát Bi",07-04-2025,,
VietJet Air,1.731.300 VND/khách,19:15,28 thg 4,21:15,28 thg 4,2h 0m,"TP HCM (SGN)
Sân bay Tân Sơn Nhất
Nhà ga 1","Hải Phòng (HPH)
Sân bay quốc tế Cát Bi",07-04-2025,,
VietJet Air,1.731.300 VND/khách,20:10,28 thg 4,22:10,28 thg 4,2h 0m,"TP HCM (SGN)
Sân bay Tân Sơn Nhất
Nhà ga 1","Hải Phòng (HPH)
Sân bay quốc tế Cát Bi",07-04-2025,,
Bamboo Airways,1.815.275 VND/khách,20:05,28 thg 4,22:10,28 thg 4,2h 5m,"TP HCM (SGN)
Sân bay Tân Sơn Nhất","Hải Phòng (HPH)
Sân bay quốc tế Cát Bi",07-04-2025,,
VietJet Air,1.844.730 VND/khách,06:15,28 thg 4,08:15,28 thg 4,2h 0m,"TP HCM (SGN)
Sân bay Tân Sơn Nhất
Nhà ga 1","Hải Phòng (HPH)
Sân bay quốc tế Cát Bi",07-04-2025,,
VietJet Air,1.844.730 VND/khách,09:15,28 thg 4,11:15,28 thg 4,2h 0m,"TP HCM (SGN)
Sân bay Tân Sơn Nhất
Nhà ga 1","Hải Phòng (HPH)
Sân bay quốc tế Cát Bi",07-04-2025,,
VietJet Air,1.844.730 VND/khách,16:10,28 thg 4,18:10,28 thg 4,2h 0m,"TP HCM (SGN)
Sân bay Tân Sơn Nhất
Nhà ga 1","Hải Phòng (HPH)
Sân bay quốc tế Cát Bi",07-04-2025,,
Vietnam Airlines,2.217.417 VND/khách,07:45,28 thg 4,09:45,28 thg 4,2h 0m,"TP HCM (SGN)
Sân bay Tân Sơn Nhất
Nhà ga 1","Hải Phòng (HPH)
Sân bay quốc tế Cát Bi",07-04-2025,,
Vietnam Airlines,2.217.417 VND/khách,13:25,28 thg 4,15:25,28 thg 4,2h 0m,"TP HCM (SGN)
Sân bay Tân Sơn Nhất
Nhà ga 1","Hải Phòng (HPH)
Sân bay quốc tế Cát Bi",07-04-2025,,
Vietnam Airlines,2.217.417 VND/khách,17:55,28 thg 4,19:55,28 thg 4,2h 0m,"TP HCM (SGN)
Sân bay Tân Sơn Nhất
Nhà ga 1","Hải Phòng (HPH)
Sân bay quốc tế Cát Bi",07-04-2025,,
Vietnam Airlines,2.217.417 VND/khách,20:30,28 thg 4,22:30,28 thg 4,2h 0m,"TP HCM (SGN)
Sân bay Tân Sơn Nhất
Nhà ga 1","Hải Phòng (HPH)
Sân bay quốc tế Cát Bi",07-04-2025,,
VietJet Air,2.022.835 VND/khách,04:30,29 thg 4,06:30,29 thg 4,2h 0m,"TP HCM (SGN)
Sân bay Tân Sơn Nhất
Nhà ga 1","Hải Phòng (HPH)
Sân bay quốc tế Cát Bi",07-04-2025,,
VietJet Air,2.022.835 VND/khách,06:15,29 thg 4,08:15,29 thg 4,2h 0m,"TP HCM (SGN)
Sân bay Tân Sơn Nhất
Nhà ga 1","Hải Phòng (HPH)
Sân bay quốc tế Cát Bi",07-04-2025,,
VietJet Air,2.190.990 VND/khách,21:10,29 thg 4,23:05,29 thg 4,1h 55m,"TP HCM (SGN)
Sân bay Tân Sơn Nhất
Nhà ga 1","Hải Phòng (HPH)
Sân bay quốc tế Cát Bi",07-04-2025,,
VietJet Air,2.190.990 VND/khách,09:15,29 thg 4,11:15,29 thg 4,2h 0m,"TP HCM (SGN)
Sân bay Tân Sơn Nhất
Nhà ga 1","Hải Phòng (HPH)
Sân bay quốc tế Cát Bi",07-04-2025,,
VietJet Air,2.190.990 VND/khách,14:05,29 thg 4,16:05,29 thg 4,2h 0m,"TP HCM (SGN)
Sân bay Tân Sơn Nhất
Nhà ga 1","Hải Phòng (HPH)
Sân bay quốc tế Cát Bi",07-04-2025,,
VietJet Air,2.190.990 VND/khách,16:10,29 thg 4,18:10,29 thg 4,2h 0m,"TP HCM (SGN)
Sân bay Tân Sơn Nhất
Nhà ga 1","Hải Phòng (HPH)
Sân bay quốc tế Cát Bi",07-04-2025,,
VietJet Air,2.190.990 VND/khách,19:15,29 thg 4,21:15,29 thg 4,2h 0m,"TP HCM (SGN)
Sân bay Tân Sơn Nhất
Nhà ga 1","Hải Phòng (HPH)
Sân bay quốc tế Cát Bi",07-04-2025,,
VietJet Air,2.190.990 VND/khách,20:10,29 thg 4,22:10,29 thg 4,2h 0m,"TP HCM (SGN)
Sân bay Tân Sơn Nhất
Nhà ga 1","Hải Phòng (HPH)
Sân bay quốc tế Cát Bi",07-04-2025,,
Vietnam Airlines,2.887.295 VND/khách,07:45,29 thg 4,09:45,29 thg 4,2h 0m,"TP HCM (SGN)
Sân bay Tân Sơn Nhất
Nhà ga 1","Hải Phòng (HPH)
Sân bay quốc tế Cát Bi",07-04-2025,,
Vietnam Airlines,2.887.295 VND/khách,13:25,29 thg 4,15:25,29 thg 4,2h 0m,"TP HCM (SGN)
Sân bay Tân Sơn Nhất
Nhà ga 1","Hải Phòng (HPH)
Sân bay quốc tế Cát Bi",07-04-2025,,
Vietnam Airlines,2.887.295 VND/khách,17:55,29 thg 4,19:55,29 thg 4,2h 0m,"TP HCM (SGN)
Sân bay Tân Sơn Nhất
Nhà ga 1","Hải Phòng (HPH)
Sân bay quốc tế Cát Bi",07-04-2025,,
Vietnam Airlines,2.887.295 VND/khách,20:30,29 thg 4,22:30,29 thg 4,2h 0m,"TP HCM (SGN)
Sân bay Tân Sơn Nhất
Nhà ga 1","Hải Phòng (HPH)
Sân bay quốc tế Cát Bi",07-04-2025,,
VietJet Air,1.591.005 VND/khách,21:10,30 thg 4,23:05,30 thg 4,1h 55m,"TP HCM (SGN)
Sân bay Tân Sơn Nhất
Nhà ga 1","Hải Phòng (HPH)
Sân bay quốc tế Cát Bi",07-04-2025,,
VietJet Air,1.591.005 VND/khách,19:15,30 thg 4,21:15,30 thg 4,2h 0m,"TP HCM (SGN)
Sân bay Tân Sơn Nhất
Nhà ga 1","Hải Phòng (HPH)
Sân bay quốc tế Cát Bi",07-04-2025,,
VietJet Air,1.591.005 VND/khách,20:10,30 thg 4,22:10,30 thg 4,2h 0m,"TP HCM (SGN)
Sân bay Tân Sơn Nhất
Nhà ga 1","Hải Phòng (HPH)
Sân bay quốc tế Cát Bi",07-04-2025,,
VietJet Air,1.734.285 VND/khách,16:10,30 thg 4,18:10,30 thg 4,2h 0m,"TP HCM (SGN)
Sân bay Tân Sơn Nhất
Nhà ga 1","Hải Phòng (HPH)
Sân bay quốc tế Cát Bi",07-04-2025,,
VietJet Air,2.186.015 VND/khách,04:30,30 thg 4,06:30,30 thg 4,2h 0m,"TP HCM (SGN)
Sân bay Tân Sơn Nhất
Nhà ga 1","Hải Phòng (HPH)
Sân bay quốc tế Cát Bi",07-04-2025,,
VietJet Air,2.186.015 VND/khách,06:15,30 thg 4,08:15,30 thg 4,2h 0m,"TP HCM (SGN)
Sân bay Tân Sơn Nhất
Nhà ga 1","Hải Phòng (HPH)
Sân bay quốc tế Cát Bi",07-04-2025,,
VietJet Air,2.186.015 VND/khách,11:35,30 thg 4,13:35,30 thg 4,2h 0m,"TP HCM (SGN)
Sân bay Tân Sơn Nhất
Nhà ga 1","Hải Phòng (HPH)
Sân bay quốc tế Cát Bi",07-04-2025,,
Vietnam Airlines,2.887.295 VND/khách,17:55,30 thg 4,19:55,30 thg 4,2h 0m,"TP HCM (SGN)
Sân bay Tân Sơn Nhất
Nhà ga 1","Hải Phòng (HPH)
Sân bay quốc tế Cát Bi",07-04-2025,,
Vietnam Airlines,2.887.295 VND/khách,20:30,30 thg 4,22:30,30 thg 4,2h 0m,"TP HCM (SGN)
Sân bay Tân Sơn Nhất
Nhà ga 1","Hải Phòng (HPH)
Sân bay quốc tế Cát Bi",07-04-2025,,
Vietnam Airlines,2.887.295 VND/khách,13:20,30 thg 4,15:25,30 thg 4,2h 5m,"TP HCM (SGN)
Sân bay Tân Sơn Nhất
Nhà ga 1","Hải Phòng (HPH)
Sân bay quốc tế Cát Bi",07-04-2025,,
Vietnam Airlines,3.867.300 VND/khách,07:45,30 thg 4,09:45,30 thg 4,2h 0m,"TP HCM (SGN)
Sân bay Tân Sơn Nhất
Nhà ga 1","Hải Phòng (HPH)
Sân bay quốc tế Cát Bi",07-04-2025,,
VietJet Air,1.390.015 VND/khách,21:10,21 thg 4,23:05,21 thg 4,1h 55m,"TP HCM (SGN)
Sân bay Tân Sơn Nhất
Nhà ga 1","Hải Phòng (HPH)
Sân bay quốc tế Cát Bi",08-04-2025,,
VietJet Air,1.390.015 VND/khách,20:10,21 thg 4,22:10,21 thg 4,2h 0m,"TP HCM (SGN)
Sân bay Tân Sơn Nhất
Nhà ga 1","Hải Phòng (HPH)
Sân bay quốc tế Cát Bi",08-04-2025,,
VietJet Air,1.595.980 VND/khách,04:30,21 thg 4,06:30,21 thg 4,2h 0m,"TP HCM (SGN)
Sân bay Tân Sơn Nhất
Nhà ga 1","Hải Phòng (HPH)
Sân bay quốc tế Cát Bi",08-04-2025,,
Bamboo Airways,1.663.416 VND/khách,20:05,21 thg 4,22:10,21 thg 4,2h 5m,"TP HCM (SGN)
Sân bay Tân Sơn Nhất","Hải Phòng (HPH)
Sân bay quốc tế Cát Bi",08-04-2025,,
Vietnam Airlines,1.839.634 VND/khách,17:55,21 thg 4,19:55,21 thg 4,2h 0m,"TP HCM (SGN)
Sân bay Tân Sơn Nhất
Nhà ga 1","Hải Phòng (HPH)
Sân bay quốc tế Cát Bi",08-04-2025,,
VietJet Air,1.852.690 VND/khách,06:15,21 thg 4,08:15,21 thg 4,2h 0m,"TP HCM (SGN)
Sân bay Tân Sơn Nhất
Nhà ga 1","Hải Phòng (HPH)
Sân bay quốc tế Cát Bi",08-04-2025,,
VietJet Air,1.852.690 VND/khách,09:15,21 thg 4,11:15,21 thg 4,2h 0m,"TP HCM (SGN)
Sân bay Tân Sơn Nhất
Nhà ga 1","Hải Phòng (HPH)
Sân bay quốc tế Cát Bi",08-04-2025,,
VietJet Air,1.852.690 VND/khách,16:10,21 thg 4,18:10,21 thg 4,2h 0m,"TP HCM (SGN)
Sân bay Tân Sơn Nhất
Nhà ga 1","Hải Phòng (HPH)
Sân bay quốc tế Cát Bi",08-04-2025,,
Vietnam Airlines,1.994.126 VND/khách,20:30,21 thg 4,22:30,21 thg 4,2h 0m,"TP HCM (SGN)
Sân bay Tân Sơn Nhất
Nhà ga 1","Hải Phòng (HPH)
Sân bay quốc tế Cát Bi",08-04-2025,,
Vietnam Airlines,2.217.417 VND/khách,13:20,21 thg 4,15:25,21 thg 4,2h 5m,"TP HCM (SGN)
Sân bay Tân Sơn Nhất
Nhà ga 1","Hải Phòng (HPH)
Sân bay quốc tế Cát Bi",08-04-2025,,
Vietnam Airlines,2.664.003 VND/khách,07:45,21 thg 4,09:45,21 thg 4,2h 0m,"TP HCM (SGN)
Sân bay Tân Sơn Nhất
Nhà ga 1","Hải Phòng (HPH)
Sân bay quốc tế Cát Bi",08-04-2025,,
VietJet Air,1.594.985 VND/khách,04:30,22 thg 4,06:30,22 thg 4,2h 0m,"TP HCM (SGN)
Sân bay Tân Sơn Nhất
Nhà ga 1","Hải Phòng (HPH)
Sân bay quốc tế Cát Bi",08-04-2025,,
VietJet Air,1.738.265 VND/khách,21:10,22 thg 4,23:05,22 thg 4,1h 55m,"TP HCM (SGN)
Sân bay Tân Sơn Nhất
Nhà ga 1","Hải Phòng (HPH)
Sân bay quốc tế Cát Bi",08-04-2025,,
VietJet Air,1.738.265 VND/khách,19:15,22 thg 4,21:15,22 thg 4,2h 0m,"TP HCM (SGN)
Sân bay Tân Sơn Nhất
Nhà ga 1","Hải Phòng (HPH)
Sân bay quốc tế Cát Bi",08-04-2025,,
VietJet Air,1.738.265 VND/khách,20:10,22 thg 4,22:10,22 thg 4,2h 0m,"TP HCM (SGN)
Sân bay Tân Sơn Nhất
Nhà ga 1","Hải Phòng (HPH)
Sân bay quốc tế Cát Bi",08-04-2025,,
Vietnam Airlines,1.770.832 VND/khách,17:55,22 thg 4,19:55,22 thg 4,2h 0m,"TP HCM (SGN)
Sân bay Tân Sơn Nhất
Nhà ga 1","Hải Phòng (HPH)
Sân bay quốc tế Cát Bi",08-04-2025,,
VietJet Air,1.852.690 VND/khách,06:15,22 thg 4,08:15,22 thg 4,2h 0m,"TP HCM (SGN)
Sân bay Tân Sơn Nhất
Nhà ga 1","Hải Phòng (HPH)
Sân bay quốc tế Cát Bi",08-04-2025,,
VietJet Air,1.852.690 VND/khách,09:15,22 thg 4,11:15,22 thg 4,2h 0m,"TP HCM (SGN)
Sân bay Tân Sơn Nhất
Nhà ga 1","Hải Phòng (HPH)
Sân bay quốc tế Cát Bi",08-04-2025,,
VietJet Air,1.852.690 VND/khách,14:05,22 thg 4,16:05,22 thg 4,2h 0m,"TP HCM (SGN)
Sân bay Tân Sơn Nhất
Nhà ga 1","Hải Phòng (HPH)
Sân bay quốc tế Cát Bi",08-04-2025,,
VietJet Air,1.852.690 VND/khách,16:10,22 thg 4,18:10,22 thg 4,2h 0m,"TP HCM (SGN)
Sân bay Tân Sơn Nhất
Nhà ga 1","Hải Phòng (HPH)
Sân bay quốc tế Cát Bi",08-04-2025,,
Vietnam Airlines,1.994.126 VND/khách,20:30,22 thg 4,22:30,22 thg 4,2h 0m,"TP HCM (SGN)
Sân bay Tân Sơn Nhất
Nhà ga 1","Hải Phòng (HPH)
Sân bay quốc tế Cát Bi",08-04-2025,,
Vietnam Airlines,1.994.126 VND/khách,13:20,22 thg 4,15:25,22 thg 4,2h 5m,"TP HCM (SGN)
Sân bay Tân Sơn Nhất
Nhà ga 1","Hải Phòng (HPH)
Sân bay quốc tế Cát Bi",08-04-2025,,
Vietnam Airlines,2.217.417 VND/khách,07:45,22 thg 4,09:45,22 thg 4,2h 0m,"TP HCM (SGN)
Sân bay Tân Sơn Nhất
Nhà ga 1","Hải Phòng (HPH)
Sân bay quốc tế Cát Bi",08-04-2025,,
VietJet Air,1.595.980 VND/khách,21:10,23 thg 4,23:05,23 thg 4,1h 55m,"TP HCM (SGN)
Sân bay Tân Sơn Nhất
Nhà ga 1","Hải Phòng (HPH)
Sân bay quốc tế Cát Bi",08-04-2025,,
VietJet Air,1.595.980 VND/khách,04:30,23 thg 4,06:30,23 thg 4,2h 0m,"TP HCM (SGN)
Sân bay Tân Sơn Nhất
Nhà ga 1","Hải Phòng (HPH)
Sân bay quốc tế Cát Bi",08-04-2025,,
VietJet Air,1.595.980 VND/khách,20:10,23 thg 4,22:10,23 thg 4,2h 0m,"TP HCM (SGN)
Sân bay Tân Sơn Nhất
Nhà ga 1","Hải Phòng (HPH)
Sân bay quốc tế Cát Bi",08-04-2025,,
Bamboo Airways,1.671.775 VND/khách,20:05,23 thg 4,22:10,23 thg 4,2h 5m,"TP HCM (SGN)
Sân bay Tân Sơn Nhất","Hải Phòng (HPH)
Sân bay quốc tế Cát Bi",08-04-2025,,
VietJet Air,1.716.890 VND/khách,19:15,23 thg 4,21:15,23 thg 4,2h 0m,"TP HCM (SGN)
Sân bay Tân Sơn Nhất
Nhà ga 1","Hải Phòng (HPH)
Sân bay quốc tế Cát Bi",08-04-2025,,
VietJet Air,1.852.690 VND/khách,06:15,23 thg 4,08:15,23 thg 4,2h 0m,"TP HCM (SGN)
Sân bay Tân Sơn Nhất
Nhà ga 1","Hải Phòng (HPH)
Sân bay quốc tế Cát Bi",08-04-2025,,
VietJet Air,1.852.690 VND/khách,11:35,23 thg 4,13:35,23 thg 4,2h 0m,"TP HCM (SGN)
Sân bay Tân Sơn Nhất
Nhà ga 1","Hải Phòng (HPH)
Sân bay quốc tế Cát Bi",08-04-2025,,
VietJet Air,1.852.690 VND/khách,16:10,23 thg 4,18:10,23 thg 4,2h 0m,"TP HCM (SGN)
Sân bay Tân Sơn Nhất
Nhà ga 1","Hải Phòng (HPH)
Sân bay quốc tế Cát Bi",08-04-2025,,
Vietnam Airlines,1.994.126 VND/khách,07:45,23 thg 4,09:45,23 thg 4,2h 0m,"TP HCM (SGN)
Sân bay Tân Sơn Nhất
Nhà ga 1","Hải Phòng (HPH)
Sân bay quốc tế Cát Bi",08-04-2025,,
Vietnam Airlines,1.994.126 VND/khách,17:55,23 thg 4,19:55,23 thg 4,2h 0m,"TP HCM (SGN)
Sân bay Tân Sơn Nhất
Nhà ga 1","Hải Phòng (HPH)
Sân bay quốc tế Cát Bi",08-04-2025,,
Vietnam Airlines,1.994.126 VND/khách,20:30,23 thg 4,22:30,23 thg 4,2h 0m,"TP HCM (SGN)
Sân bay Tân Sơn Nhất
Nhà ga 1","Hải Phòng (HPH)
Sân bay quốc tế Cát Bi",08-04-2025,,
Vietnam Airlines,1.994.126 VND/khách,13:20,23 thg 4,15:25,23 thg 4,2h 5m,"TP HCM (SGN)
Sân bay Tân Sơn Nhất
Nhà ga 1","Hải Phòng (HPH)
Sân bay quốc tế Cát Bi",08-04-2025,,
VietJet Air,1.594.985 VND/khách,04:30,24 thg 4,06:30,24 thg 4,2h 0m,"TP HCM (SGN)
Sân bay Tân Sơn Nhất
Nhà ga 1","Hải Phòng (HPH)
Sân bay quốc tế Cát Bi",08-04-2025,,
VietJet Air,1.738.265 VND/khách,21:10,24 thg 4,23:05,24 thg 4,1h 55m,"TP HCM (SGN)
Sân bay Tân Sơn Nhất
Nhà ga 1","Hải Phòng (HPH)
Sân bay quốc tế Cát Bi",08-04-2025,,
VietJet Air,1.738.265 VND/khách,19:15,24 thg 4,21:15,24 thg 4,2h 0m,"TP HCM (SGN)
Sân bay Tân Sơn Nhất
Nhà ga 1","Hải Phòng (HPH)
Sân bay quốc tế Cát Bi",08-04-2025,,
VietJet Air,1.738.265 VND/khách,20:10,24 thg 4,22:10,24 thg 4,2h 0m,"TP HCM (SGN)
Sân bay Tân Sơn Nhất
Nhà ga 1","Hải Phòng (HPH)
Sân bay quốc tế Cát Bi",08-04-2025,,
VietJet Air,1.852.690 VND/khách,06:15,24 thg 4,08:15,24 thg 4,2h 0m,"TP HCM (SGN)
Sân bay Tân Sơn Nhất
Nhà ga 1","Hải Phòng (HPH)
Sân bay quốc tế Cát Bi",08-04-2025,,
VietJet Air,1.852.690 VND/khách,09:15,24 thg 4,11:15,24 thg 4,2h 0m,"TP HCM (SGN)
Sân bay Tân Sơn Nhất
Nhà ga 1","Hải Phòng (HPH)
Sân bay quốc tế Cát Bi",08-04-2025,,
VietJet Air,1.852.690 VND/khách,14:40,24 thg 4,16:40,24 thg 4,2h 0m,"TP HCM (SGN)
Sân bay Tân Sơn Nhất
Nhà ga 1","Hải Phòng (HPH)
Sân bay quốc tế Cát Bi",08-04-2025,,
Vietnam Airlines,1.994.126 VND/khách,13:20,24 thg 4,15:25,24 thg 4,2h 5m,"TP HCM (SGN)
Sân bay Tân Sơn Nhất
Nhà ga 1","Hải Phòng (HPH)
Sân bay quốc tế Cát Bi",08-04-2025,,
Vietnam Airlines,2.003.994 VND/khách,17:55,24 thg 4,19:55,24 thg 4,2h 0m,"TP HCM (SGN)
Sân bay Tân Sơn Nhất
Nhà ga 1","Hải Phòng (HPH)
Sân bay quốc tế Cát Bi",08-04-2025,,
Vietnam Airlines,2.217.417 VND/khách,07:45,24 thg 4,09:45,24 thg 4,2h 0m,"TP HCM (SGN)
Sân bay Tân Sơn Nhất
Nhà ga 1","Hải Phòng (HPH)
Sân bay quốc tế Cát Bi",08-04-2025,,
Vietnam Airlines,2.217.417 VND/khách,20:30,24 thg 4,22:30,24 thg 4,2h 0m,"TP HCM (SGN)
Sân bay Tân Sơn Nhất
Nhà ga 1","Hải Phòng (HPH)
Sân bay quốc tế Cát Bi",08-04-2025,,
VietJet Air,1.739.260 VND/khách,21:10,25 thg 4,23:05,25 thg 4,1h 55m,"TP HCM (SGN)
Sân bay Tân Sơn Nhất
Nhà ga 1","Hải Phòng (HPH)
Sân bay quốc tế Cát Bi",08-04-2025,,
VietJet Air,1.739.260 VND/khách,04:30,25 thg 4,06:30,25 thg 4,2h 0m,"TP HCM (SGN)
Sân bay Tân Sơn Nhất
Nhà ga 1","Hải Phòng (HPH)
Sân bay quốc tế Cát Bi",08-04-2025,,
VietJet Air,1.739.260 VND/khách,06:15,25 thg 4,08:15,25 thg 4,2h 0m,"TP HCM (SGN)
Sân bay Tân Sơn Nhất
Nhà ga 1","Hải Phòng (HPH)
Sân bay quốc tế Cát Bi",08-04-2025,,
VietJet Air,1.739.260 VND/khách,16:10,25 thg 4,18:10,25 thg 4,2h 0m,"TP HCM (SGN)
Sân bay Tân Sơn Nhất
Nhà ga 1","Hải Phòng (HPH)
Sân bay quốc tế Cát Bi",08-04-2025,,
VietJet Air,1.739.260 VND/khách,19:15,25 thg 4,21:15,25 thg 4,2h 0m,"TP HCM (SGN)
Sân bay Tân Sơn Nhất
Nhà ga 1","Hải Phòng (HPH)
Sân bay quốc tế Cát Bi",08-04-2025,,
VietJet Air,1.739.260 VND/khách,20:10,25 thg 4,22:10,25 thg 4,2h 0m,"TP HCM (SGN)
Sân bay Tân Sơn Nhất
Nhà ga 1","Hải Phòng (HPH)
Sân bay quốc tế Cát Bi",08-04-2025,,
VietJet Air,1.742.205 VND/khách,11:35,25 thg 4,13:35,25 thg 4,2h 0m,"TP HCM (SGN)
Sân bay Tân Sơn Nhất
Nhà ga 1","Hải Phòng (HPH)
Sân bay quốc tế Cát Bi",08-04-2025,,
Bamboo Airways,1.938.782 VND/khách,20:05,25 thg 4,22:10,25 thg 4,2h 5m,"TP HCM (SGN)
Sân bay Tân Sơn Nhất","Hải Phòng (HPH)
Sân bay quốc tế Cát Bi",08-04-2025,,
Vietnam Airlines,2.217.417 VND/khách,20:30,25 thg 4,22:30,25 thg 4,2h 0m,"TP HCM (SGN)
Sân bay Tân Sơn Nhất
Nhà ga 1","Hải Phòng (HPH)
Sân bay quốc tế Cát Bi",08-04-2025,,
Vietnam Airlines,2.217.417 VND/khách,13:20,25 thg 4,15:25,25 thg 4,2h 5m,"TP HCM (SGN)
Sân bay Tân Sơn Nhất
Nhà ga 1","Hải Phòng (HPH)
Sân bay quốc tế Cát Bi",08-04-2025,,
Vietnam Airlines,2.440.710 VND/khách,07:45,25 thg 4,09:45,25 thg 4,2h 0m,"TP HCM (SGN)
Sân bay Tân Sơn Nhất
Nhà ga 1","Hải Phòng (HPH)
Sân bay quốc tế Cát Bi",08-04-2025,,
Vietnam Airlines,2.999.473 VND/khách,17:55,25 thg 4,19:55,25 thg 4,2h 0m,"TP HCM (SGN)
Sân bay Tân Sơn Nhất
Nhà ga 1","Hải Phòng (HPH)
Sân bay quốc tế Cát Bi",08-04-2025,,
VietJet Air,1.738.265 VND/khách,21:10,26 thg 4,23:05,26 thg 4,1h 55m,"TP HCM (SGN)
Sân bay Tân Sơn Nhất
Nhà ga 1","Hải Phòng (HPH)
Sân bay quốc tế Cát Bi",08-04-2025,,
VietJet Air,1.738.265 VND/khách,19:15,26 thg 4,21:15,26 thg 4,2h 0m,"TP HCM (SGN)
Sân bay Tân Sơn Nhất
Nhà ga 1","Hải Phòng (HPH)
Sân bay quốc tế Cát Bi",08-04-2025,,
VietJet Air,1.738.265 VND/khách,20:10,26 thg 4,22:10,26 thg 4,2h 0m,"TP HCM (SGN)
Sân bay Tân Sơn Nhất
Nhà ga 1","Hải Phòng (HPH)
Sân bay quốc tế Cát Bi",08-04-2025,,
VietJet Air,1.852.690 VND/khách,04:30,26 thg 4,06:30,26 thg 4,2h 0m,"TP HCM (SGN)
Sân bay Tân Sơn Nhất
Nhà ga 1","Hải Phòng (HPH)
Sân bay quốc tế Cát Bi",08-04-2025,,
VietJet Air,1.852.690 VND/khách,06:15,26 thg 4,08:15,26 thg 4,2h 0m,"TP HCM (SGN)
Sân bay Tân Sơn Nhất
Nhà ga 1","Hải Phòng (HPH)
Sân bay quốc tế Cát Bi",08-04-2025,,
VietJet Air,1.852.690 VND/khách,14:05,26 thg 4,16:05,26 thg 4,2h 0m,"TP HCM (SGN)
Sân bay Tân Sơn Nhất
Nhà ga 1","Hải Phòng (HPH)
Sân bay quốc tế Cát Bi",08-04-2025,,
VietJet Air,1.852.690 VND/khách,16:10,26 thg 4,18:10,26 thg 4,2h 0m,"TP HCM (SGN)
Sân bay Tân Sơn Nhất
Nhà ga 1","Hải Phòng (HPH)
Sân bay quốc tế Cát Bi",08-04-2025,,
VietJet Air,2.024.825 VND/khách,09:15,26 thg 4,11:15,26 thg 4,2h 0m,"TP HCM (SGN)
Sân bay Tân Sơn Nhất
Nhà ga 1","Hải Phòng (HPH)
Sân bay quốc tế Cát Bi",08-04-2025,,
Vietnam Airlines,2.217.417 VND/khách,20:30,26 thg 4,22:30,26 thg 4,2h 0m,"TP HCM (SGN)
Sân bay Tân Sơn Nhất
Nhà ga 1","Hải Phòng (HPH)
Sân bay quốc tế Cát Bi",08-04-2025,,
Vietnam Airlines,2.440.710 VND/khách,07:45,26 thg 4,09:45,26 thg 4,2h 0m,"TP HCM (SGN)
Sân bay Tân Sơn Nhất
Nhà ga 1","Hải Phòng (HPH)
Sân bay quốc tế Cát Bi",08-04-2025,,
Vietnam Airlines,2.440.710 VND/khách,17:55,26 thg 4,19:55,26 thg 4,2h 0m,"TP HCM (SGN)
Sân bay Tân Sơn Nhất
Nhà ga 1","Hải Phòng (HPH)
Sân bay quốc tế Cát Bi",08-04-2025,,
Vietnam Airlines,2.440.710 VND/khách,13:20,26 thg 4,15:25,26 thg 4,2h 5m,"TP HCM (SGN)
Sân bay Tân Sơn Nhất
Nhà ga 1","Hải Phòng (HPH)
Sân bay quốc tế Cát Bi",08-04-2025,,
VietJet Air,1.739.260 VND/khách,21:10,27 thg 4,23:05,27 thg 4,1h 55m,"TP HCM (SGN)
Sân bay Tân Sơn Nhất
Nhà ga 1","Hải Phòng (HPH)
Sân bay quốc tế Cát Bi",08-04-2025,,
VietJet Air,1.739.260 VND/khách,04:30,27 thg 4,06:30,27 thg 4,2h 0m,"TP HCM (SGN)
Sân bay Tân Sơn Nhất
Nhà ga 1","Hải Phòng (HPH)
Sân bay quốc tế Cát Bi",08-04-2025,,
VietJet Air,1.739.260 VND/khách,19:15,27 thg 4,21:15,27 thg 4,2h 0m,"TP HCM (SGN)
Sân bay Tân Sơn Nhất
Nhà ga 1","Hải Phòng (HPH)
Sân bay quốc tế Cát Bi",08-04-2025,,
VietJet Air,1.739.260 VND/khách,20:10,27 thg 4,22:10,27 thg 4,2h 0m,"TP HCM (SGN)
Sân bay Tân Sơn Nhất
Nhà ga 1","Hải Phòng (HPH)
Sân bay quốc tế Cát Bi",08-04-2025,,
Bamboo Airways,1.815.275 VND/khách,20:05,27 thg 4,22:10,27 thg 4,2h 5m,"TP HCM (SGN)
Sân bay Tân Sơn Nhất","Hải Phòng (HPH)
Sân bay quốc tế Cát Bi",08-04-2025,,
VietJet Air,1.852.690 VND/khách,06:15,27 thg 4,08:15,27 thg 4,2h 0m,"TP HCM (SGN)
Sân bay Tân Sơn Nhất
Nhà ga 1","Hải Phòng (HPH)
Sân bay quốc tế Cát Bi",08-04-2025,,
VietJet Air,1.852.690 VND/khách,16:10,27 thg 4,18:10,27 thg 4,2h 0m,"TP HCM (SGN)
Sân bay Tân Sơn Nhất
Nhà ga 1","Hải Phòng (HPH)
Sân bay quốc tế Cát Bi",08-04-2025,,
VietJet Air,2.025.820 VND/khách,11:35,27 thg 4,13:35,27 thg 4,2h 0m,"TP HCM (SGN)
Sân bay Tân Sơn Nhất
Nhà ga 1","Hải Phòng (HPH)
Sân bay quốc tế Cát Bi",08-04-2025,,
Vietnam Airlines,2.217.417 VND/khách,17:55,27 thg 4,19:55,27 thg 4,2h 0m,"TP HCM (SGN)
Sân bay Tân Sơn Nhất
Nhà ga 1","Hải Phòng (HPH)
Sân bay quốc tế Cát Bi",08-04-2025,,
Vietnam Airlines,2.217.417 VND/khách,21:10,27 thg 4,23:10,27 thg 4,2h 0m,"TP HCM (SGN)
Sân bay Tân Sơn Nhất
Nhà ga 1","Hải Phòng (HPH)
Sân bay quốc tế Cát Bi",08-04-2025,,
Vietnam Airlines,2.440.710 VND/khách,07:45,27 thg 4,09:45,27 thg 4,2h 0m,"TP HCM (SGN)
Sân bay Tân Sơn Nhất
Nhà ga 1","Hải Phòng (HPH)
Sân bay quốc tế Cát Bi",08-04-2025,,
Vietnam Airlines,2.440.710 VND/khách,13:25,27 thg 4,15:25,27 thg 4,2h 0m,"TP HCM (SGN)
Sân bay Tân Sơn Nhất
Nhà ga 1","Hải Phòng (HPH)
Sân bay quốc tế Cát Bi",08-04-2025,,
VietJet Air,1.739.260 VND/khách,21:10,28 thg 4,23:05,28 thg 4,1h 55m,"TP HCM (SGN)
Sân bay Tân Sơn Nhất
Nhà ga 1","Hải Phòng (HPH)
Sân bay quốc tế Cát Bi",08-04-2025,,
VietJet Air,1.739.260 VND/khách,04:30,28 thg 4,06:30,28 thg 4,2h 0m,"TP HCM (SGN)
Sân bay Tân Sơn Nhất
Nhà ga 1","Hải Phòng (HPH)
Sân bay quốc tế Cát Bi",08-04-2025,,
VietJet Air,1.739.260 VND/khách,19:15,28 thg 4,21:15,28 thg 4,2h 0m,"TP HCM (SGN)
Sân bay Tân Sơn Nhất
Nhà ga 1","Hải Phòng (HPH)
Sân bay quốc tế Cát Bi",08-04-2025,,
VietJet Air,1.739.260 VND/khách,20:10,28 thg 4,22:10,28 thg 4,2h 0m,"TP HCM (SGN)
Sân bay Tân Sơn Nhất
Nhà ga 1","Hải Phòng (HPH)
Sân bay quốc tế Cát Bi",08-04-2025,,
Bamboo Airways,1.815.275 VND/khách,20:05,28 thg 4,22:10,28 thg 4,2h 5m,"TP HCM (SGN)
Sân bay Tân Sơn Nhất","Hải Phòng (HPH)
Sân bay quốc tế Cát Bi",08-04-2025,,
VietJet Air,1.852.690 VND/khách,06:15,28 thg 4,08:15,28 thg 4,2h 0m,"TP HCM (SGN)
Sân bay Tân Sơn Nhất
Nhà ga 1","Hải Phòng (HPH)
Sân bay quốc tế Cát Bi",08-04-2025,,
VietJet Air,1.852.690 VND/khách,09:15,28 thg 4,11:15,28 thg 4,2h 0m,"TP HCM (SGN)
Sân bay Tân Sơn Nhất
Nhà ga 1","Hải Phòng (HPH)
Sân bay quốc tế Cát Bi",08-04-2025,,
VietJet Air,1.852.690 VND/khách,16:10,28 thg 4,18:10,28 thg 4,2h 0m,"TP HCM (SGN)
Sân bay Tân Sơn Nhất
Nhà ga 1","Hải Phòng (HPH)
Sân bay quốc tế Cát Bi",08-04-2025,,
Vietnam Airlines,2.217.417 VND/khách,07:45,28 thg 4,09:45,28 thg 4,2h 0m,"TP HCM (SGN)
Sân bay Tân Sơn Nhất
Nhà ga 1","Hải Phòng (HPH)
Sân bay quốc tế Cát Bi",08-04-2025,,
Vietnam Airlines,2.217.417 VND/khách,17:55,28 thg 4,19:55,28 thg 4,2h 0m,"TP HCM (SGN)
Sân bay Tân Sơn Nhất
Nhà ga 1","Hải Phòng (HPH)
Sân bay quốc tế Cát Bi",08-04-2025,,
Vietnam Airlines,2.217.417 VND/khách,20:30,28 thg 4,22:30,28 thg 4,2h 0m,"TP HCM (SGN)
Sân bay Tân Sơn Nhất
Nhà ga 1","Hải Phòng (HPH)
Sân bay quốc tế Cát Bi",08-04-2025,,
Vietnam Airlines,2.440.710 VND/khách,13:25,28 thg 4,15:25,28 thg 4,2h 0m,"TP HCM (SGN)
Sân bay Tân Sơn Nhất
Nhà ga 1","Hải Phòng (HPH)
Sân bay quốc tế Cát Bi",08-04-2025,,
VietJet Air,1.402.000 VND/khách,21:10,21 thg 4,23:05,21 thg 4,1h 55m,"TP HCM (SGN)
Sân bay Tân Sơn Nhất
Nhà ga 1","Hải Phòng (HPH)
Sân bay quốc tế Cát Bi",09-04-2025,,
Bamboo Airways,1.663.416 VND/khách,20:05,21 thg 4,22:10,21 thg 4,2h 5m,"TP HCM (SGN)
Sân bay Tân Sơn Nhất","Hải Phòng (HPH)
Sân bay quốc tế Cát Bi",09-04-2025,,
VietJet Air,1.749.000 VND/khách,04:30,21 thg 4,06:30,21 thg 4,2h 0m,"TP HCM (SGN)
Sân bay Tân Sơn Nhất
Nhà ga 1","Hải Phòng (HPH)
Sân bay quốc tế Cát Bi",09-04-2025,,
VietJet Air,1.749.000 VND/khách,20:10,21 thg 4,22:10,21 thg 4,2h 0m,"TP HCM (SGN)
Sân bay Tân Sơn Nhất
Nhà ga 1","Hải Phòng (HPH)
Sân bay quốc tế Cát Bi",09-04-2025,,
Vietnam Airlines,1.788.210 VND/khách,17:55,21 thg 4,19:55,21 thg 4,2h 0m,"TP HCM (SGN)
Sân bay Tân Sơn Nhất
Nhà ga 1","Hải Phòng (HPH)
Sân bay quốc tế Cát Bi",09-04-2025,,
VietJet Air,1.864.000 VND/khách,06:15,21 thg 4,08:15,21 thg 4,2h 0m,"TP HCM (SGN)
Sân bay Tân Sơn Nhất
Nhà ga 1","Hải Phòng (HPH)
Sân bay quốc tế Cát Bi",09-04-2025,,
VietJet Air,1.864.000 VND/khách,09:15,21 thg 4,11:15,21 thg 4,2h 0m,"TP HCM (SGN)
Sân bay Tân Sơn Nhất
Nhà ga 1","Hải Phòng (HPH)
Sân bay quốc tế Cát Bi",09-04-2025,,
VietJet Air,1.864.000 VND/khách,16:10,21 thg 4,18:10,21 thg 4,2h 0m,"TP HCM (SGN)
Sân bay Tân Sơn Nhất
Nhà ga 1","Hải Phòng (HPH)
Sân bay quốc tế Cát Bi",09-04-2025,,
Vietnam Airlines,1.984.014 VND/khách,20:30,21 thg 4,22:30,21 thg 4,2h 0m,"TP HCM (SGN)
Sân bay Tân Sơn Nhất
Nhà ga 1","Hải Phòng (HPH)
Sân bay quốc tế Cát Bi",09-04-2025,,
Vietnam Airlines,1.995.003 VND/khách,13:20,21 thg 4,15:25,21 thg 4,2h 5m,"TP HCM (SGN)
Sân bay Tân Sơn Nhất
Nhà ga 1","Hải Phòng (HPH)
Sân bay quốc tế Cát Bi",09-04-2025,,
Vietnam Airlines,2.668.329 VND/khách,07:45,21 thg 4,09:45,21 thg 4,2h 0m,"TP HCM (SGN)
Sân bay Tân Sơn Nhất
Nhà ga 1","Hải Phòng (HPH)
Sân bay quốc tế Cát Bi",09-04-2025,,
VietJet Air,1.606.000 VND/khách,04:30,22 thg 4,06:30,22 thg 4,2h 0m,"TP HCM (SGN)
Sân bay Tân Sơn Nhất
Nhà ga 1","Hải Phòng (HPH)
Sân bay quốc tế Cát Bi",09-04-2025,,
VietJet Air,1.749.000 VND/khách,21:10,22 thg 4,23:05,22 thg 4,1h 55m,"TP HCM (SGN)
Sân bay Tân Sơn Nhất
Nhà ga 1","Hải Phòng (HPH)
Sân bay quốc tế Cát Bi",09-04-2025,,
VietJet Air,1.749.000 VND/khách,19:15,22 thg 4,21:15,22 thg 4,2h 0m,"TP HCM (SGN)
Sân bay Tân Sơn Nhất
Nhà ga 1","Hải Phòng (HPH)
Sân bay quốc tế Cát Bi",09-04-2025,,
VietJet Air,1.749.000 VND/khách,20:10,22 thg 4,22:10,22 thg 4,2h 0m,"TP HCM (SGN)
Sân bay Tân Sơn Nhất
Nhà ga 1","Hải Phòng (HPH)
Sân bay quốc tế Cát Bi",09-04-2025,,
Vietnam Airlines,1.788.210 VND/khách,13:20,22 thg 4,15:25,22 thg 4,2h 5m,"TP HCM (SGN)
Sân bay Tân Sơn Nhất
Nhà ga 1","Hải Phòng (HPH)
Sân bay quốc tế Cát Bi",09-04-2025,,
Vietnam Airlines,1.799.199 VND/khách,17:55,22 thg 4,19:55,22 thg 4,2h 0m,"TP HCM (SGN)
Sân bay Tân Sơn Nhất
Nhà ga 1","Hải Phòng (HPH)
Sân bay quốc tế Cát Bi",09-04-2025,,
Vietnam Airlines,1.800.198 VND/khách,20:30,22 thg 4,22:30,22 thg 4,2h 0m,"TP HCM (SGN)
Sân bay Tân Sơn Nhất
Nhà ga 1","Hải Phòng (HPH)
Sân bay quốc tế Cát Bi",09-04-2025,,
VietJet Air,1.864.000 VND/khách,06:15,22 thg 4,08:15,22 thg 4,2h 0m,"TP HCM (SGN)
Sân bay Tân Sơn Nhất
Nhà ga 1","Hải Phòng (HPH)
Sân bay quốc tế Cát Bi",09-04-2025,,
VietJet Air,1.864.000 VND/khách,09:15,22 thg 4,11:15,22 thg 4,2h 0m,"TP HCM (SGN)
Sân bay Tân Sơn Nhất
Nhà ga 1","Hải Phòng (HPH)
Sân bay quốc tế Cát Bi",09-04-2025,,
VietJet Air,1.864.000 VND/khách,14:05,22 thg 4,16:05,22 thg 4,2h 0m,"TP HCM (SGN)
Sân bay Tân Sơn Nhất
Nhà ga 1","Hải Phòng (HPH)
Sân bay quốc tế Cát Bi",09-04-2025,,
VietJet Air,1.864.000 VND/khách,16:10,22 thg 4,18:10,22 thg 4,2h 0m,"TP HCM (SGN)
Sân bay Tân Sơn Nhất
Nhà ga 1","Hải Phòng (HPH)
Sân bay quốc tế Cát Bi",09-04-2025,,
Vietnam Airlines,1.991.007 VND/khách,07:45,22 thg 4,09:45,22 thg 4,2h 0m,"TP HCM (SGN)
Sân bay Tân Sơn Nhất
Nhà ga 1","Hải Phòng (HPH)
Sân bay quốc tế Cát Bi",09-04-2025,,
VietJet Air,1.603.000 VND/khách,21:10,23 thg 4,23:05,23 thg 4,1h 55m,"TP HCM (SGN)
Sân bay Tân Sơn Nhất
Nhà ga 1","Hải Phòng (HPH)
Sân bay quốc tế Cát Bi",09-04-2025,,
VietJet Air,1.603.000 VND/khách,04:30,23 thg 4,06:30,23 thg 4,2h 0m,"TP HCM (SGN)
Sân bay Tân Sơn Nhất
Nhà ga 1","Hải Phòng (HPH)
Sân bay quốc tế Cát Bi",09-04-2025,,
Bamboo Airways,1.663.416 VND/khách,20:05,23 thg 4,22:10,23 thg 4,2h 5m,"TP HCM (SGN)
Sân bay Tân Sơn Nhất","Hải Phòng (HPH)
Sân bay quốc tế Cát Bi",09-04-2025,,
VietJet Air,1.747.000 VND/khách,19:15,23 thg 4,21:15,23 thg 4,2h 0m,"TP HCM (SGN)
Sân bay Tân Sơn Nhất
Nhà ga 1","Hải Phòng (HPH)
Sân bay quốc tế Cát Bi",09-04-2025,,
Vietnam Airlines,1.778.220 VND/khách,17:55,23 thg 4,19:55,23 thg 4,2h 0m,"TP HCM (SGN)
Sân bay Tân Sơn Nhất
Nhà ga 1","Hải Phòng (HPH)
Sân bay quốc tế Cát Bi",09-04-2025,,
Vietnam Airlines,1.785.213 VND/khách,07:45,23 thg 4,09:45,23 thg 4,2h 0m,"TP HCM (SGN)
Sân bay Tân Sơn Nhất
Nhà ga 1","Hải Phòng (HPH)
Sân bay quốc tế Cát Bi",09-04-2025,,
Vietnam Airlines,1.785.213 VND/khách,20:30,23 thg 4,22:30,23 thg 4,2h 0m,"TP HCM (SGN)
Sân bay Tân Sơn Nhất
Nhà ga 1","Hải Phòng (HPH)
Sân bay quốc tế Cát Bi",09-04-2025,,
Vietnam Airlines,1.785.213 VND/khách,13:20,23 thg 4,15:25,23 thg 4,2h 5m,"TP HCM (SGN)
Sân bay Tân Sơn Nhất
Nhà ga 1","Hải Phòng (HPH)
Sân bay quốc tế Cát Bi",09-04-2025,,
VietJet Air,1.861.000 VND/khách,06:15,23 thg 4,08:15,23 thg 4,2h 0m,"TP HCM (SGN)
Sân bay Tân Sơn Nhất
Nhà ga 1","Hải Phòng (HPH)
Sân bay quốc tế Cát Bi",09-04-2025,,
VietJet Air,1.861.000 VND/khách,11:35,23 thg 4,13:35,23 thg 4,2h 0m,"TP HCM (SGN)
Sân bay Tân Sơn Nhất
Nhà ga 1","Hải Phòng (HPH)
Sân bay quốc tế Cát Bi",09-04-2025,,
VietJet Air,1.861.000 VND/khách,16:10,23 thg 4,18:10,23 thg 4,2h 0m,"TP HCM (SGN)
Sân bay Tân Sơn Nhất
Nhà ga 1","Hải Phòng (HPH)
Sân bay quốc tế Cát Bi",09-04-2025,,
VietJet Air,1.606.000 VND/khách,04:30,24 thg 4,06:30,24 thg 4,2h 0m,"TP HCM (SGN)
Sân bay Tân Sơn Nhất
Nhà ga 1","Hải Phòng (HPH)
Sân bay quốc tế Cát Bi",09-04-2025,,
VietJet Air,1.749.000 VND/khách,21:10,24 thg 4,23:05,24 thg 4,1h 55m,"TP HCM (SGN)
Sân bay Tân Sơn Nhất
Nhà ga 1","Hải Phòng (HPH)
Sân bay quốc tế Cát Bi",09-04-2025,,
VietJet Air,1.749.000 VND/khách,19:15,24 thg 4,21:15,24 thg 4,2h 0m,"TP HCM (SGN)
Sân bay Tân Sơn Nhất
Nhà ga 1","Hải Phòng (HPH)
Sân bay quốc tế Cát Bi",09-04-2025,,
VietJet Air,1.749.000 VND/khách,20:10,24 thg 4,22:10,24 thg 4,2h 0m,"TP HCM (SGN)
Sân bay Tân Sơn Nhất
Nhà ga 1","Hải Phòng (HPH)
Sân bay quốc tế Cát Bi",09-04-2025,,
Vietnam Airlines,1.781.217 VND/khách,07:45,24 thg 4,09:45,24 thg 4,2h 0m,"TP HCM (SGN)
Sân bay Tân Sơn Nhất
Nhà ga 1","Hải Phòng (HPH)
Sân bay quốc tế Cát Bi",09-04-2025,,
Vietnam Airlines,1.788.210 VND/khách,17:55,24 thg 4,19:55,24 thg 4,2h 0m,"TP HCM (SGN)
Sân bay Tân Sơn Nhất
Nhà ga 1","Hải Phòng (HPH)
Sân bay quốc tế Cát Bi",09-04-2025,,
VietJet Air,1.864.000 VND/khách,06:15,24 thg 4,08:15,24 thg 4,2h 0m,"TP HCM (SGN)
Sân bay Tân Sơn Nhất
Nhà ga 1","Hải Phòng (HPH)
Sân bay quốc tế Cát Bi",09-04-2025,,
VietJet Air,1.864.000 VND/khách,09:15,24 thg 4,11:15,24 thg 4,2h 0m,"TP HCM (SGN)
Sân bay Tân Sơn Nhất
Nhà ga 1","Hải Phòng (HPH)
Sân bay quốc tế Cát Bi",09-04-2025,,
VietJet Air,1.864.000 VND/khách,14:40,24 thg 4,16:40,24 thg 4,2h 0m,"TP HCM (SGN)
Sân bay Tân Sơn Nhất
Nhà ga 1","Hải Phòng (HPH)
Sân bay quốc tế Cát Bi",09-04-2025,,
Vietnam Airlines,1.995.003 VND/khách,13:20,24 thg 4,15:25,24 thg 4,2h 5m,"TP HCM (SGN)
Sân bay Tân Sơn Nhất
Nhà ga 1","Hải Phòng (HPH)
Sân bay quốc tế Cát Bi",09-04-2025,,
Vietnam Airlines,2.223.774 VND/khách,20:30,24 thg 4,22:30,24 thg 4,2h 0m,"TP HCM (SGN)
Sân bay Tân Sơn Nhất
Nhà ga 1","Hải Phòng (HPH)
Sân bay quốc tế Cát Bi",09-04-2025,,
VietJet Air,1.749.000 VND/khách,21:10,25 thg 4,23:05,25 thg 4,1h 55m,"TP HCM (SGN)
Sân bay Tân Sơn Nhất
Nhà ga 1","Hải Phòng (HPH)
Sân bay quốc tế Cát Bi",09-04-2025,,
VietJet Air,1.749.000 VND/khách,04:30,25 thg 4,06:30,25 thg 4,2h 0m,"TP HCM (SGN)
Sân bay Tân Sơn Nhất
Nhà ga 1","Hải Phòng (HPH)
Sân bay quốc tế Cát Bi",09-04-2025,,
VietJet Air,1.749.000 VND/khách,06:15,25 thg 4,08:15,25 thg 4,2h 0m,"TP HCM (SGN)
Sân bay Tân Sơn Nhất
Nhà ga 1","Hải Phòng (HPH)
Sân bay quốc tế Cát Bi",09-04-2025,,
VietJet Air,1.749.000 VND/khách,16:10,25 thg 4,18:10,25 thg 4,2h 0m,"TP HCM (SGN)
Sân bay Tân Sơn Nhất
Nhà ga 1","Hải Phòng (HPH)
Sân bay quốc tế Cát Bi",09-04-2025,,
VietJet Air,1.749.000 VND/khách,19:15,25 thg 4,21:15,25 thg 4,2h 0m,"TP HCM (SGN)
Sân bay Tân Sơn Nhất
Nhà ga 1","Hải Phòng (HPH)
Sân bay quốc tế Cát Bi",09-04-2025,,
VietJet Air,1.864.000 VND/khách,11:35,25 thg 4,13:35,25 thg 4,2h 0m,"TP HCM (SGN)
Sân bay Tân Sơn Nhất
Nhà ga 1","Hải Phòng (HPH)
Sân bay quốc tế Cát Bi",09-04-2025,,
Bamboo Airways,1.948.525 VND/khách,20:05,25 thg 4,22:10,25 thg 4,2h 5m,"TP HCM (SGN)
Sân bay Tân Sơn Nhất","Hải Phòng (HPH)
Sân bay quốc tế Cát Bi",09-04-2025,,
Vietnam Airlines,2.209.788 VND/khách,20:30,25 thg 4,22:30,25 thg 4,2h 0m,"TP HCM (SGN)
Sân bay Tân Sơn Nhất
Nhà ga 1","Hải Phòng (HPH)
Sân bay quốc tế Cát Bi",09-04-2025,,
Vietnam Airlines,2.223.774 VND/khách,13:20,25 thg 4,15:25,25 thg 4,2h 5m,"TP HCM (SGN)
Sân bay Tân Sơn Nhất
Nhà ga 1","Hải Phòng (HPH)
Sân bay quốc tế Cát Bi",09-04-2025,,
Vietnam Airlines,2.535.537 VND/khách,07:45,25 thg 4,09:45,25 thg 4,2h 0m,"TP HCM (SGN)
Sân bay Tân Sơn Nhất
Nhà ga 1","Hải Phòng (HPH)
Sân bay quốc tế Cát Bi",09-04-2025,,
Vietnam Airlines,2.922.075 VND/khách,17:55,25 thg 4,19:55,25 thg 4,2h 0m,"TP HCM (SGN)
Sân bay Tân Sơn Nhất
Nhà ga 1","Hải Phòng (HPH)
Sân bay quốc tế Cát Bi",09-04-2025,,
VietJet Air,1.749.000 VND/khách,21:10,26 thg 4,23:05,26 thg 4,1h 55m,"TP HCM (SGN)
Sân bay Tân Sơn Nhất
Nhà ga 1","Hải Phòng (HPH)
Sân bay quốc tế Cát Bi",09-04-2025,,
VietJet Air,1.749.000 VND/khách,19:15,26 thg 4,21:15,26 thg 4,2h 0m,"TP HCM (SGN)
Sân bay Tân Sơn Nhất
Nhà ga 1","Hải Phòng (HPH)
Sân bay quốc tế Cát Bi",09-04-2025,,
VietJet Air,1.749.000 VND/khách,20:10,26 thg 4,22:10,26 thg 4,2h 0m,"TP HCM (SGN)
Sân bay Tân Sơn Nhất
Nhà ga 1","Hải Phòng (HPH)
Sân bay quốc tế Cát Bi",09-04-2025,,
VietJet Air,1.864.000 VND/khách,04:30,26 thg 4,06:30,26 thg 4,2h 0m,"TP HCM (SGN)
Sân bay Tân Sơn Nhất
Nhà ga 1","Hải Phòng (HPH)
Sân bay quốc tế Cát Bi",09-04-2025,,
VietJet Air,1.864.000 VND/khách,06:15,26 thg 4,08:15,26 thg 4,2h 0m,"TP HCM (SGN)
Sân bay Tân Sơn Nhất
Nhà ga 1","Hải Phòng (HPH)
Sân bay quốc tế Cát Bi",09-04-2025,,
VietJet Air,1.864.000 VND/khách,14:05,26 thg 4,16:05,26 thg 4,2h 0m,"TP HCM (SGN)
Sân bay Tân Sơn Nhất
Nhà ga 1","Hải Phòng (HPH)
Sân bay quốc tế Cát Bi",09-04-2025,,
VietJet Air,1.864.000 VND/khách,16:10,26 thg 4,18:10,26 thg 4,2h 0m,"TP HCM (SGN)
Sân bay Tân Sơn Nhất
Nhà ga 1","Hải Phòng (HPH)
Sân bay quốc tế Cát Bi",09-04-2025,,
VietJet Air,2.037.000 VND/khách,09:15,26 thg 4,11:15,26 thg 4,2h 0m,"TP HCM (SGN)
Sân bay Tân Sơn Nhất
Nhà ga 1","Hải Phòng (HPH)
Sân bay quốc tế Cát Bi",09-04-2025,,
Vietnam Airlines,2.221.290 VND/khách,20:30,26 thg 4,22:30,26 thg 4,2h 0m,"TP HCM (SGN)
Sân bay Tân Sơn Nhất
Nhà ga 1","Hải Phòng (HPH)
Sân bay quốc tế Cát Bi",09-04-2025,,
Vietnam Airlines,2.444.971 VND/khách,07:45,26 thg 4,09:45,26 thg 4,2h 0m,"TP HCM (SGN)
Sân bay Tân Sơn Nhất
Nhà ga 1","Hải Phòng (HPH)
Sân bay quốc tế Cát Bi",09-04-2025,,
Vietnam Airlines,2.444.971 VND/khách,17:55,26 thg 4,19:55,26 thg 4,2h 0m,"TP HCM (SGN)
Sân bay Tân Sơn Nhất
Nhà ga 1","Hải Phòng (HPH)
Sân bay quốc tế Cát Bi",09-04-2025,,
Vietnam Airlines,2.444.971 VND/khách,13:20,26 thg 4,15:25,26 thg 4,2h 5m,"TP HCM (SGN)
Sân bay Tân Sơn Nhất
Nhà ga 1","Hải Phòng (HPH)
Sân bay quốc tế Cát Bi",09-04-2025,,
VietJet Air,1.749.000 VND/khách,21:10,27 thg 4,23:05,27 thg 4,1h 55m,"TP HCM (SGN)
Sân bay Tân Sơn Nhất
Nhà ga 1","Hải Phòng (HPH)
Sân bay quốc tế Cát Bi",09-04-2025,,
VietJet Air,1.749.000 VND/khách,19:15,27 thg 4,21:15,27 thg 4,2h 0m,"TP HCM (SGN)
Sân bay Tân Sơn Nhất
Nhà ga 1","Hải Phòng (HPH)
Sân bay quốc tế Cát Bi",09-04-2025,,
VietJet Air,1.749.000 VND/khách,20:10,27 thg 4,22:10,27 thg 4,2h 0m,"TP HCM (SGN)
Sân bay Tân Sơn Nhất
Nhà ga 1","Hải Phòng (HPH)
Sân bay quốc tế Cát Bi",09-04-2025,,
Bamboo Airways,1.815.275 VND/khách,20:05,27 thg 4,22:10,27 thg 4,2h 5m,"TP HCM (SGN)
Sân bay Tân Sơn Nhất","Hải Phòng (HPH)
Sân bay quốc tế Cát Bi",09-04-2025,,
VietJet Air,1.864.000 VND/khách,04:30,27 thg 4,06:30,27 thg 4,2h 0m,"TP HCM (SGN)
Sân bay Tân Sơn Nhất
Nhà ga 1","Hải Phòng (HPH)
Sân bay quốc tế Cát Bi",09-04-2025,,
VietJet Air,1.864.000 VND/khách,06:15,27 thg 4,08:15,27 thg 4,2h 0m,"TP HCM (SGN)
Sân bay Tân Sơn Nhất
Nhà ga 1","Hải Phòng (HPH)
Sân bay quốc tế Cát Bi",09-04-2025,,
VietJet Air,1.864.000 VND/khách,16:10,27 thg 4,18:10,27 thg 4,2h 0m,"TP HCM (SGN)
Sân bay Tân Sơn Nhất
Nhà ga 1","Hải Phòng (HPH)
Sân bay quốc tế Cát Bi",09-04-2025,,
VietJet Air,2.037.000 VND/khách,11:35,27 thg 4,13:35,27 thg 4,2h 0m,"TP HCM (SGN)
Sân bay Tân Sơn Nhất
Nhà ga 1","Hải Phòng (HPH)
Sân bay quốc tế Cát Bi",09-04-2025,,
Vietnam Airlines,2.221.290 VND/khách,21:10,27 thg 4,23:10,27 thg 4,2h 0m,"TP HCM (SGN)
Sân bay Tân Sơn Nhất
Nhà ga 1","Hải Phòng (HPH)
Sân bay quốc tế Cát Bi",09-04-2025,,
Vietnam Airlines,2.444.971 VND/khách,07:45,27 thg 4,09:45,27 thg 4,2h 0m,"TP HCM (SGN)
Sân bay Tân Sơn Nhất
Nhà ga 1","Hải Phòng (HPH)
Sân bay quốc tế Cát Bi",09-04-2025,,
Vietnam Airlines,2.444.971 VND/khách,13:25,27 thg 4,15:25,27 thg 4,2h 0m,"TP HCM (SGN)
Sân bay Tân Sơn Nhất
Nhà ga 1","Hải Phòng (HPH)
Sân bay quốc tế Cát Bi",09-04-2025,,
Vietnam Airlines,2.444.971 VND/khách,17:55,27 thg 4,19:55,27 thg 4,2h 0m,"TP HCM (SGN)
Sân bay Tân Sơn Nhất
Nhà ga 1","Hải Phòng (HPH)
Sân bay quốc tế Cát Bi",09-04-2025,,
VietJet Air,1.747.000 VND/khách,21:10,28 thg 4,23:05,28 thg 4,1h 55m,"TP HCM (SGN)
Sân bay Tân Sơn Nhất
Nhà ga 1","Hải Phòng (HPH)
Sân bay quốc tế Cát Bi",09-04-2025,,
VietJet Air,1.747.000 VND/khách,04:30,28 thg 4,06:30,28 thg 4,2h 0m,"TP HCM (SGN)
Sân bay Tân Sơn Nhất
Nhà ga 1","Hải Phòng (HPH)
Sân bay quốc tế Cát Bi",09-04-2025,,
VietJet Air,1.747.000 VND/khách,19:15,28 thg 4,21:15,28 thg 4,2h 0m,"TP HCM (SGN)
Sân bay Tân Sơn Nhất
Nhà ga 1","Hải Phòng (HPH)
Sân bay quốc tế Cát Bi",09-04-2025,,
VietJet Air,1.747.000 VND/khách,20:10,28 thg 4,22:10,28 thg 4,2h 0m,"TP HCM (SGN)
Sân bay Tân Sơn Nhất
Nhà ga 1","Hải Phòng (HPH)
Sân bay quốc tế Cát Bi",09-04-2025,,
Bamboo Airways,1.815.275 VND/khách,20:05,28 thg 4,22:10,28 thg 4,2h 5m,"TP HCM (SGN)
Sân bay Tân Sơn Nhất","Hải Phòng (HPH)
Sân bay quốc tế Cát Bi",09-04-2025,,
VietJet Air,1.861.000 VND/khách,06:15,28 thg 4,08:15,28 thg 4,2h 0m,"TP HCM (SGN)
Sân bay Tân Sơn Nhất
Nhà ga 1","Hải Phòng (HPH)
Sân bay quốc tế Cát Bi",09-04-2025,,
VietJet Air,1.861.000 VND/khách,09:15,28 thg 4,11:15,28 thg 4,2h 0m,"TP HCM (SGN)
Sân bay Tân Sơn Nhất
Nhà ga 1","Hải Phòng (HPH)
Sân bay quốc tế Cát Bi",09-04-2025,,
VietJet Air,1.861.000 VND/khách,16:10,28 thg 4,18:10,28 thg 4,2h 0m,"TP HCM (SGN)
Sân bay Tân Sơn Nhất
Nhà ga 1","Hải Phòng (HPH)
Sân bay quốc tế Cát Bi",09-04-2025,,
Vietnam Airlines,2.221.290 VND/khách,07:45,28 thg 4,09:45,28 thg 4,2h 0m,"TP HCM (SGN)
Sân bay Tân Sơn Nhất
Nhà ga 1","Hải Phòng (HPH)
Sân bay quốc tế Cát Bi",09-04-2025,,
Vietnam Airlines,2.221.290 VND/khách,17:55,28 thg 4,19:55,28 thg 4,2h 0m,"TP HCM (SGN)
Sân bay Tân Sơn Nhất
Nhà ga 1","Hải Phòng (HPH)
Sân bay quốc tế Cát Bi",09-04-2025,,
Vietnam Airlines,2.221.290 VND/khách,20:30,28 thg 4,22:30,28 thg 4,2h 0m,"TP HCM (SGN)
Sân bay Tân Sơn Nhất
Nhà ga 1","Hải Phòng (HPH)
Sân bay quốc tế Cát Bi",09-04-2025,,
Vietnam Airlines,2.444.971 VND/khách,13:25,28 thg 4,15:25,28 thg 4,2h 0m,"TP HCM (SGN)
Sân bay Tân Sơn Nhất
Nhà ga 1","Hải Phòng (HPH)
Sân bay quốc tế Cát Bi",09-04-2025,,
VietJet Air,2.034.000 VND/khách,04:30,29 thg 4,06:30,29 thg 4,2h 0m,"TP HCM (SGN)
Sân bay Tân Sơn Nhất
Nhà ga 1","Hải Phòng (HPH)
Sân bay quốc tế Cát Bi",09-04-2025,,
VietJet Air,2.034.000 VND/khách,06:15,29 thg 4,08:15,29 thg 4,2h 0m,"TP HCM (SGN)
Sân bay Tân Sơn Nhất
Nhà ga 1","Hải Phòng (HPH)
Sân bay quốc tế Cát Bi",09-04-2025,,
VietJet Air,2.205.000 VND/khách,21:10,29 thg 4,23:05,29 thg 4,1h 55m,"TP HCM (SGN)
Sân bay Tân Sơn Nhất
Nhà ga 1","Hải Phòng (HPH)
Sân bay quốc tế Cát Bi",09-04-2025,,
VietJet Air,2.378.000 VND/khách,14:05,29 thg 4,16:05,29 thg 4,2h 0m,"TP HCM (SGN)
Sân bay Tân Sơn Nhất
Nhà ga 1","Hải Phòng (HPH)
Sân bay quốc tế Cát Bi",09-04-2025,,
VietJet Air,2.378.000 VND/khách,16:10,29 thg 4,18:10,29 thg 4,2h 0m,"TP HCM (SGN)
Sân bay Tân Sơn Nhất
Nhà ga 1","Hải Phòng (HPH)
Sân bay quốc tế Cát Bi",09-04-2025,,
VietJet Air,2.378.000 VND/khách,19:15,29 thg 4,21:15,29 thg 4,2h 0m,"TP HCM (SGN)
Sân bay Tân Sơn Nhất
Nhà ga 1","Hải Phòng (HPH)
Sân bay quốc tế Cát Bi",09-04-2025,,
Vietnam Airlines,2.889.108 VND/khách,13:25,29 thg 4,15:25,29 thg 4,2h 0m,"TP HCM (SGN)
Sân bay Tân Sơn Nhất
Nhà ga 1","Hải Phòng (HPH)
Sân bay quốc tế Cát Bi",09-04-2025,,
Vietnam Airlines,2.889.108 VND/khách,17:55,29 thg 4,19:55,29 thg 4,2h 0m,"TP HCM (SGN)
Sân bay Tân Sơn Nhất
Nhà ga 1","Hải Phòng (HPH)
Sân bay quốc tế Cát Bi",09-04-2025,,
Vietnam Airlines,2.889.108 VND/khách,20:30,29 thg 4,22:30,29 thg 4,2h 0m,"TP HCM (SGN)
Sân bay Tân Sơn Nhất
Nhà ga 1","Hải Phòng (HPH)
Sân bay quốc tế Cát Bi",09-04-2025,,
Vietnam Airlines,2.896.101 VND/khách,07:45,29 thg 4,09:45,29 thg 4,2h 0m,"TP HCM (SGN)
Sân bay Tân Sơn Nhất
Nhà ga 1","Hải Phòng (HPH)
Sân bay quốc tế Cát Bi",09-04-2025,,
VietJet Air,3.124.000 VND/khách,09:15,29 thg 4,11:15,29 thg 4,2h 0m,"TP HCM (SGN)
Sân bay Tân Sơn Nhất
Nhà ga 1","Hải Phòng (HPH)
Sân bay quốc tế Cát Bi",09-04-2025,,
VietJet Air,3.124.000 VND/khách,20:10,29 thg 4,22:10,29 thg 4,2h 0m,"TP HCM (SGN)
Sân bay Tân Sơn Nhất
Nhà ga 1","Hải Phòng (HPH)
Sân bay quốc tế Cát Bi",09-04-2025,,
Bamboo Airways,1.663.416 VND/khách,20:05,21 thg 4,22:10,21 thg 4,2h 5m,"TP HCM (SGN)
Sân bay Tân Sơn Nhất","Hải Phòng (HPH)
Sân bay quốc tế Cát Bi",10-04-2025,,
VietJet Air,1.383.065 VND/khách,21:10,21 thg 4,23:05,21 thg 4,1h 55m,"TP HCM (SGN)
Sân bay Tân Sơn Nhất
Nhà ga 1","Hải Phòng (HPH)
Sân bay quốc tế Cát Bi",10-04-2025,,
VietJet Air,1.710.764 VND/khách,20:10,21 thg 4,22:10,21 thg 4,2h 0m,"TP HCM (SGN)
Sân bay Tân Sơn Nhất
Nhà ga 1","Hải Phòng (HPH)
Sân bay quốc tế Cát Bi",10-04-2025,,
VietJet Air,1.721.654 VND/khách,04:30,21 thg 4,06:30,21 thg 4,2h 0m,"TP HCM (SGN)
Sân bay Tân Sơn Nhất
Nhà ga 1","Hải Phòng (HPH)
Sân bay quốc tế Cát Bi",10-04-2025,,
Vietnam Airlines,1.766.232 VND/khách,17:55,21 thg 4,19:55,21 thg 4,2h 0m,"TP HCM (SGN)
Sân bay Tân Sơn Nhất
Nhà ga 1","Hải Phòng (HPH)
Sân bay quốc tế Cát Bi",10-04-2025,,
Vietnam Airlines,1.775.114 VND/khách,20:30,21 thg 4,22:30,21 thg 4,2h 0m,"TP HCM (SGN)
Sân bay Tân Sơn Nhất
Nhà ga 1","Hải Phòng (HPH)
Sân bay quốc tế Cát Bi",10-04-2025,,
VietJet Air,1.834.517 VND/khách,06:15,21 thg 4,08:15,21 thg 4,2h 0m,"TP HCM (SGN)
Sân bay Tân Sơn Nhất
Nhà ga 1","Hải Phòng (HPH)
Sân bay quốc tế Cát Bi",10-04-2025,,
VietJet Air,1.834.517 VND/khách,09:15,21 thg 4,11:15,21 thg 4,2h 0m,"TP HCM (SGN)
Sân bay Tân Sơn Nhất
Nhà ga 1","Hải Phòng (HPH)
Sân bay quốc tế Cát Bi",10-04-2025,,
VietJet Air,1.834.517 VND/khách,16:10,21 thg 4,18:10,21 thg 4,2h 0m,"TP HCM (SGN)
Sân bay Tân Sơn Nhất
Nhà ga 1","Hải Phòng (HPH)
Sân bay quốc tế Cát Bi",10-04-2025,,
Vietnam Airlines,1.961.037 VND/khách,13:20,21 thg 4,15:25,21 thg 4,2h 5m,"TP HCM (SGN)
Sân bay Tân Sơn Nhất
Nhà ga 1","Hải Phòng (HPH)
Sân bay quốc tế Cát Bi",10-04-2025,,
VietJet Air,1.579.090 VND/khách,04:30,22 thg 4,06:30,22 thg 4,2h 0m,"TP HCM (SGN)
Sân bay Tân Sơn Nhất
Nhà ga 1","Hải Phòng (HPH)
Sân bay quốc tế Cát Bi",10-04-2025,,
VietJet Air,1.720.664 VND/khách,21:10,22 thg 4,23:05,22 thg 4,1h 55m,"TP HCM (SGN)
Sân bay Tân Sơn Nhất
Nhà ga 1","Hải Phòng (HPH)
Sân bay quốc tế Cát Bi",10-04-2025,,
VietJet Air,1.720.664 VND/khách,19:15,22 thg 4,21:15,22 thg 4,2h 0m,"TP HCM (SGN)
Sân bay Tân Sơn Nhất
Nhà ga 1","Hải Phòng (HPH)
Sân bay quốc tế Cát Bi",10-04-2025,,
VietJet Air,1.720.664 VND/khách,20:10,22 thg 4,22:10,22 thg 4,2h 0m,"TP HCM (SGN)
Sân bay Tân Sơn Nhất
Nhà ga 1","Hải Phòng (HPH)
Sân bay quốc tế Cát Bi",10-04-2025,,
Vietnam Airlines,1.766.232 VND/khách,17:55,22 thg 4,19:55,22 thg 4,2h 0m,"TP HCM (SGN)
Sân bay Tân Sơn Nhất
Nhà ga 1","Hải Phòng (HPH)
Sân bay quốc tế Cát Bi",10-04-2025,,
Vietnam Airlines,1.767.231 VND/khách,13:20,22 thg 4,15:25,22 thg 4,2h 5m,"TP HCM (SGN)
Sân bay Tân Sơn Nhất
Nhà ga 1","Hải Phòng (HPH)
Sân bay quốc tế Cát Bi",10-04-2025,,
Vietnam Airlines,1.775.114 VND/khách,20:30,22 thg 4,22:30,22 thg 4,2h 0m,"TP HCM (SGN)
Sân bay Tân Sơn Nhất
Nhà ga 1","Hải Phòng (HPH)
Sân bay quốc tế Cát Bi",10-04-2025,,
VietJet Air,1.833.527 VND/khách,06:15,22 thg 4,08:15,22 thg 4,2h 0m,"TP HCM (SGN)
Sân bay Tân Sơn Nhất
Nhà ga 1","Hải Phòng (HPH)
Sân bay quốc tế Cát Bi",10-04-2025,,
VietJet Air,1.833.527 VND/khách,09:15,22 thg 4,11:15,22 thg 4,2h 0m,"TP HCM (SGN)
Sân bay Tân Sơn Nhất
Nhà ga 1","Hải Phòng (HPH)
Sân bay quốc tế Cát Bi",10-04-2025,,
VietJet Air,1.833.527 VND/khách,14:05,22 thg 4,16:05,22 thg 4,2h 0m,"TP HCM (SGN)
Sân bay Tân Sơn Nhất
Nhà ga 1","Hải Phòng (HPH)
Sân bay quốc tế Cát Bi",10-04-2025,,
VietJet Air,1.833.527 VND/khách,16:10,22 thg 4,18:10,22 thg 4,2h 0m,"TP HCM (SGN)
Sân bay Tân Sơn Nhất
Nhà ga 1","Hải Phòng (HPH)
Sân bay quốc tế Cát Bi",10-04-2025,,
Vietnam Airlines,1.973.025 VND/khách,07:45,22 thg 4,09:45,22 thg 4,2h 0m,"TP HCM (SGN)
Sân bay Tân Sơn Nhất
Nhà ga 1","Hải Phòng (HPH)
Sân bay quốc tế Cát Bi",10-04-2025,,
Bamboo Airways,1.663.416 VND/khách,20:05,23 thg 4,22:10,23 thg 4,2h 5m,"TP HCM (SGN)
Sân bay Tân Sơn Nhất","Hải Phòng (HPH)
Sân bay quốc tế Cát Bi",10-04-2025,,
VietJet Air,1.578.100 VND/khách,21:10,23 thg 4,23:05,23 thg 4,1h 55m,"TP HCM (SGN)
Sân bay Tân Sơn Nhất
Nhà ga 1","Hải Phòng (HPH)
Sân bay quốc tế Cát Bi",10-04-2025,,
VietJet Air,1.578.100 VND/khách,04:30,23 thg 4,06:30,23 thg 4,2h 0m,"TP HCM (SGN)
Sân bay Tân Sơn Nhất
Nhà ga 1","Hải Phòng (HPH)
Sân bay quốc tế Cát Bi",10-04-2025,,
VietJet Air,1.720.664 VND/khách,19:15,23 thg 4,21:15,23 thg 4,2h 0m,"TP HCM (SGN)
Sân bay Tân Sơn Nhất
Nhà ga 1","Hải Phòng (HPH)
Sân bay quốc tế Cát Bi",10-04-2025,,
Vietnam Airlines,1.765.233 VND/khách,17:55,23 thg 4,19:55,23 thg 4,2h 0m,"TP HCM (SGN)
Sân bay Tân Sơn Nhất
Nhà ga 1","Hải Phòng (HPH)
Sân bay quốc tế Cát Bi",10-04-2025,,
Vietnam Airlines,1.766.232 VND/khách,07:45,23 thg 4,09:45,23 thg 4,2h 0m,"TP HCM (SGN)
Sân bay Tân Sơn Nhất
Nhà ga 1","Hải Phòng (HPH)
Sân bay quốc tế Cát Bi",10-04-2025,,
Vietnam Airlines,1.766.232 VND/khách,13:20,23 thg 4,15:25,23 thg 4,2h 5m,"TP HCM (SGN)
Sân bay Tân Sơn Nhất
Nhà ga 1","Hải Phòng (HPH)
Sân bay quốc tế Cát Bi",10-04-2025,,
Vietnam Airlines,1.775.114 VND/khách,20:30,23 thg 4,22:30,23 thg 4,2h 0m,"TP HCM (SGN)
Sân bay Tân Sơn Nhất
Nhà ga 1","Hải Phòng (HPH)
Sân bay quốc tế Cát Bi",10-04-2025,,
VietJet Air,1.833.527 VND/khách,06:15,23 thg 4,08:15,23 thg 4,2h 0m,"TP HCM (SGN)
Sân bay Tân Sơn Nhất
Nhà ga 1","Hải Phòng (HPH)
Sân bay quốc tế Cát Bi",10-04-2025,,
VietJet Air,1.833.527 VND/khách,11:35,23 thg 4,13:35,23 thg 4,2h 0m,"TP HCM (SGN)
Sân bay Tân Sơn Nhất
Nhà ga 1","Hải Phòng (HPH)
Sân bay quốc tế Cát Bi",10-04-2025,,
VietJet Air,1.578.100 VND/khách,04:30,24 thg 4,06:30,24 thg 4,2h 0m,"TP HCM (SGN)
Sân bay Tân Sơn Nhất
Nhà ga 1","Hải Phòng (HPH)
Sân bay quốc tế Cát Bi",10-04-2025,,
VietJet Air,1.720.664 VND/khách,21:10,24 thg 4,23:05,24 thg 4,1h 55m,"TP HCM (SGN)
Sân bay Tân Sơn Nhất
Nhà ga 1","Hải Phòng (HPH)
Sân bay quốc tế Cát Bi",10-04-2025,,
VietJet Air,1.720.664 VND/khách,19:15,24 thg 4,21:15,24 thg 4,2h 0m,"TP HCM (SGN)
Sân bay Tân Sơn Nhất
Nhà ga 1","Hải Phòng (HPH)
Sân bay quốc tế Cát Bi",10-04-2025,,
VietJet Air,1.720.664 VND/khách,20:10,24 thg 4,22:10,24 thg 4,2h 0m,"TP HCM (SGN)
Sân bay Tân Sơn Nhất
Nhà ga 1","Hải Phòng (HPH)
Sân bay quốc tế Cát Bi",10-04-2025,,
Vietnam Airlines,1.765.233 VND/khách,17:55,24 thg 4,19:55,24 thg 4,2h 0m,"TP HCM (SGN)
Sân bay Tân Sơn Nhất
Nhà ga 1","Hải Phòng (HPH)
Sân bay quốc tế Cát Bi",10-04-2025,,
Vietnam Airlines,1.767.231 VND/khách,07:45,24 thg 4,09:45,24 thg 4,2h 0m,"TP HCM (SGN)
Sân bay Tân Sơn Nhất
Nhà ga 1","Hải Phòng (HPH)
Sân bay quốc tế Cát Bi",10-04-2025,,
VietJet Air,1.833.527 VND/khách,06:15,24 thg 4,08:15,24 thg 4,2h 0m,"TP HCM (SGN)
Sân bay Tân Sơn Nhất
Nhà ga 1","Hải Phòng (HPH)
Sân bay quốc tế Cát Bi",10-04-2025,,
VietJet Air,1.833.527 VND/khách,09:15,24 thg 4,11:15,24 thg 4,2h 0m,"TP HCM (SGN)
Sân bay Tân Sơn Nhất
Nhà ga 1","Hải Phòng (HPH)
Sân bay quốc tế Cát Bi",10-04-2025,,
VietJet Air,1.833.527 VND/khách,14:40,24 thg 4,16:40,24 thg 4,2h 0m,"TP HCM (SGN)
Sân bay Tân Sơn Nhất
Nhà ga 1","Hải Phòng (HPH)
Sân bay quốc tế Cát Bi",10-04-2025,,
Vietnam Airlines,1.978.020 VND/khách,13:20,24 thg 4,15:25,24 thg 4,2h 5m,"TP HCM (SGN)
Sân bay Tân Sơn Nhất
Nhà ga 1","Hải Phòng (HPH)
Sân bay quốc tế Cát Bi",10-04-2025,,
Vietnam Airlines,1.998.947 VND/khách,20:30,24 thg 4,22:30,24 thg 4,2h 0m,"TP HCM (SGN)
Sân bay Tân Sơn Nhất
Nhà ga 1","Hải Phòng (HPH)
Sân bay quốc tế Cát Bi",10-04-2025,,
Bamboo Airways,1.948.525 VND/khách,20:05,25 thg 4,22:10,25 thg 4,2h 5m,"TP HCM (SGN)
Sân bay Tân Sơn Nhất","Hải Phòng (HPH)
Sân bay quốc tế Cát Bi",10-04-2025,,
VietJet Air,1.721.654 VND/khách,21:10,25 thg 4,23:05,25 thg 4,1h 55m,"TP HCM (SGN)
Sân bay Tân Sơn Nhất
Nhà ga 1","Hải Phòng (HPH)
Sân bay quốc tế Cát Bi",10-04-2025,,
VietJet Air,1.721.654 VND/khách,04:30,25 thg 4,06:30,25 thg 4,2h 0m,"TP HCM (SGN)
Sân bay Tân Sơn Nhất
Nhà ga 1","Hải Phòng (HPH)
Sân bay quốc tế Cát Bi",10-04-2025,,
VietJet Air,1.721.654 VND/khách,06:15,25 thg 4,08:15,25 thg 4,2h 0m,"TP HCM (SGN)
Sân bay Tân Sơn Nhất
Nhà ga 1","Hải Phòng (HPH)
Sân bay quốc tế Cát Bi",10-04-2025,,
VietJet Air,1.721.654 VND/khách,16:10,25 thg 4,18:10,25 thg 4,2h 0m,"TP HCM (SGN)
Sân bay Tân Sơn Nhất
Nhà ga 1","Hải Phòng (HPH)
Sân bay quốc tế Cát Bi",10-04-2025,,
VietJet Air,1.721.654 VND/khách,19:15,25 thg 4,21:15,25 thg 4,2h 0m,"TP HCM (SGN)
Sân bay Tân Sơn Nhất
Nhà ga 1","Hải Phòng (HPH)
Sân bay quốc tế Cát Bi",10-04-2025,,
VietJet Air,1.834.517 VND/khách,11:35,25 thg 4,13:35,25 thg 4,2h 0m,"TP HCM (SGN)
Sân bay Tân Sơn Nhất
Nhà ga 1","Hải Phòng (HPH)
Sân bay quốc tế Cát Bi",10-04-2025,,
Vietnam Airlines,2.188.809 VND/khách,13:20,25 thg 4,15:25,25 thg 4,2h 5m,"TP HCM (SGN)
Sân bay Tân Sơn Nhất
Nhà ga 1","Hải Phòng (HPH)
Sân bay quốc tế Cát Bi",10-04-2025,,
Vietnam Airlines,2.196.801 VND/khách,20:30,25 thg 4,22:30,25 thg 4,2h 0m,"TP HCM (SGN)
Sân bay Tân Sơn Nhất
Nhà ga 1","Hải Phòng (HPH)
Sân bay quốc tế Cát Bi",10-04-2025,,
Vietnam Airlines,2.659.338 VND/khách,07:45,25 thg 4,09:45,25 thg 4,2h 0m,"TP HCM (SGN)
Sân bay Tân Sơn Nhất
Nhà ga 1","Hải Phòng (HPH)
Sân bay quốc tế Cát Bi",10-04-2025,,
VietJet Air,1.713.734 VND/khách,21:10,26 thg 4,23:05,26 thg 4,1h 55m,"TP HCM (SGN)
Sân bay Tân Sơn Nhất
Nhà ga 1","Hải Phòng (HPH)
Sân bay quốc tế Cát Bi",10-04-2025,,
VietJet Air,1.713.734 VND/khách,19:15,26 thg 4,21:15,26 thg 4,2h 0m,"TP HCM (SGN)
Sân bay Tân Sơn Nhất
Nhà ga 1","Hải Phòng (HPH)
Sân bay quốc tế Cát Bi",10-04-2025,,
VietJet Air,1.713.734 VND/khách,20:10,26 thg 4,22:10,26 thg 4,2h 0m,"TP HCM (SGN)
Sân bay Tân Sơn Nhất
Nhà ga 1","Hải Phòng (HPH)
Sân bay quốc tế Cát Bi",10-04-2025,,
VietJet Air,1.841.447 VND/khách,04:30,26 thg 4,06:30,26 thg 4,2h 0m,"TP HCM (SGN)
Sân bay Tân Sơn Nhất
Nhà ga 1","Hải Phòng (HPH)
Sân bay quốc tế Cát Bi",10-04-2025,,
VietJet Air,1.841.447 VND/khách,06:15,26 thg 4,08:15,26 thg 4,2h 0m,"TP HCM (SGN)
Sân bay Tân Sơn Nhất
Nhà ga 1","Hải Phòng (HPH)
Sân bay quốc tế Cát Bi",10-04-2025,,
VietJet Air,1.841.447 VND/khách,14:05,26 thg 4,16:05,26 thg 4,2h 0m,"TP HCM (SGN)
Sân bay Tân Sơn Nhất
Nhà ga 1","Hải Phòng (HPH)
Sân bay quốc tế Cát Bi",10-04-2025,,
VietJet Air,1.841.447 VND/khách,16:10,26 thg 4,18:10,26 thg 4,2h 0m,"TP HCM (SGN)
Sân bay Tân Sơn Nhất
Nhà ga 1","Hải Phòng (HPH)
Sân bay quốc tế Cát Bi",10-04-2025,,
VietJet Air,2.013.711 VND/khách,09:15,26 thg 4,11:15,26 thg 4,2h 0m,"TP HCM (SGN)
Sân bay Tân Sơn Nhất
Nhà ga 1","Hải Phòng (HPH)
Sân bay quốc tế Cát Bi",10-04-2025,,
Vietnam Airlines,2.200.797 VND/khách,20:30,26 thg 4,22:30,26 thg 4,2h 0m,"TP HCM (SGN)
Sân bay Tân Sơn Nhất
Nhà ga 1","Hải Phòng (HPH)
Sân bay quốc tế Cát Bi",10-04-2025,,
Vietnam Airlines,2.208.789 VND/khách,13:20,26 thg 4,15:25,26 thg 4,2h 5m,"TP HCM (SGN)
Sân bay Tân Sơn Nhất
Nhà ga 1","Hải Phòng (HPH)
Sân bay quốc tế Cát Bi",10-04-2025,,
Vietnam Airlines,2.426.571 VND/khách,17:55,26 thg 4,19:55,26 thg 4,2h 0m,"TP HCM (SGN)
Sân bay Tân Sơn Nhất
Nhà ga 1","Hải Phòng (HPH)
Sân bay quốc tế Cát Bi",10-04-2025,,
Vietnam Airlines,2.451.546 VND/khách,07:45,26 thg 4,09:45,26 thg 4,2h 0m,"TP HCM (SGN)
Sân bay Tân Sơn Nhất
Nhà ga 1","Hải Phòng (HPH)
Sân bay quốc tế Cát Bi",10-04-2025,,
Bamboo Airways,1.815.275 VND/khách,20:05,27 thg 4,22:10,27 thg 4,2h 5m,"TP HCM (SGN)
Sân bay Tân Sơn Nhất","Hải Phòng (HPH)
Sân bay quốc tế Cát Bi",10-04-2025,,
VietJet Air,1.728.584 VND/khách,21:10,27 thg 4,23:05,27 thg 4,1h 55m,"TP HCM (SGN)
Sân bay Tân Sơn Nhất
Nhà ga 1","Hải Phòng (HPH)
Sân bay quốc tế Cát Bi",10-04-2025,,
VietJet Air,1.728.584 VND/khách,19:15,27 thg 4,21:15,27 thg 4,2h 0m,"TP HCM (SGN)
Sân bay Tân Sơn Nhất
Nhà ga 1","Hải Phòng (HPH)
Sân bay quốc tế Cát Bi",10-04-2025,,
VietJet Air,1.728.584 VND/khách,20:10,27 thg 4,22:10,27 thg 4,2h 0m,"TP HCM (SGN)
Sân bay Tân Sơn Nhất
Nhà ga 1","Hải Phòng (HPH)
Sân bay quốc tế Cát Bi",10-04-2025,,
VietJet Air,1.841.447 VND/khách,04:30,27 thg 4,06:30,27 thg 4,2h 0m,"TP HCM (SGN)
Sân bay Tân Sơn Nhất
Nhà ga 1","Hải Phòng (HPH)
Sân bay quốc tế Cát Bi",10-04-2025,,
VietJet Air,1.841.447 VND/khách,06:15,27 thg 4,08:15,27 thg 4,2h 0m,"TP HCM (SGN)
Sân bay Tân Sơn Nhất
Nhà ga 1","Hải Phòng (HPH)
Sân bay quốc tế Cát Bi",10-04-2025,,
VietJet Air,1.841.447 VND/khách,16:10,27 thg 4,18:10,27 thg 4,2h 0m,"TP HCM (SGN)
Sân bay Tân Sơn Nhất
Nhà ga 1","Hải Phòng (HPH)
Sân bay quốc tế Cát Bi",10-04-2025,,
Vietnam Airlines,1.996.002 VND/khách,21:10,27 thg 4,23:10,27 thg 4,2h 0m,"TP HCM (SGN)
Sân bay Tân Sơn Nhất
Nhà ga 1","Hải Phòng (HPH)
Sân bay quốc tế Cát Bi",10-04-2025,,
VietJet Air,2.181.026 VND/khách,11:35,27 thg 4,13:35,27 thg 4,2h 0m,"TP HCM (SGN)
Sân bay Tân Sơn Nhất
Nhà ga 1","Hải Phòng (HPH)
Sân bay quốc tế Cát Bi",10-04-2025,,
Vietnam Airlines,2.215.782 VND/khách,17:55,27 thg 4,19:55,27 thg 4,2h 0m,"TP HCM (SGN)
Sân bay Tân Sơn Nhất
Nhà ga 1","Hải Phòng (HPH)
Sân bay quốc tế Cát Bi",10-04-2025,,
Vietnam Airlines,2.448.549 VND/khách,13:25,27 thg 4,15:25,27 thg 4,2h 0m,"TP HCM (SGN)
Sân bay Tân Sơn Nhất
Nhà ga 1","Hải Phòng (HPH)
Sân bay quốc tế Cát Bi",10-04-2025,,
Bamboo Airways,1.815.275 VND/khách,20:05,28 thg 4,22:10,28 thg 4,2h 5m,"TP HCM (SGN)
Sân bay Tân Sơn Nhất","Hải Phòng (HPH)
Sân bay quốc tế Cát Bi",10-04-2025,,
VietJet Air,1.713.734 VND/khách,21:10,28 thg 4,23:05,28 thg 4,1h 55m,"TP HCM (SGN)
Sân bay Tân Sơn Nhất
Nhà ga 1","Hải Phòng (HPH)
Sân bay quốc tế Cát Bi",10-04-2025,,
VietJet Air,1.713.734 VND/khách,04:30,28 thg 4,06:30,28 thg 4,2h 0m,"TP HCM (SGN)
Sân bay Tân Sơn Nhất
Nhà ga 1","Hải Phòng (HPH)
Sân bay quốc tế Cát Bi",10-04-2025,,
VietJet Air,1.713.734 VND/khách,19:15,28 thg 4,21:15,28 thg 4,2h 0m,"TP HCM (SGN)
Sân bay Tân Sơn Nhất
Nhà ga 1","Hải Phòng (HPH)
Sân bay quốc tế Cát Bi",10-04-2025,,
VietJet Air,1.713.734 VND/khách,20:10,28 thg 4,22:10,28 thg 4,2h 0m,"TP HCM (SGN)
Sân bay Tân Sơn Nhất
Nhà ga 1","Hải Phòng (HPH)
Sân bay quốc tế Cát Bi",10-04-2025,,
VietJet Air,1.841.447 VND/khách,06:15,28 thg 4,08:15,28 thg 4,2h 0m,"TP HCM (SGN)
Sân bay Tân Sơn Nhất
Nhà ga 1","Hải Phòng (HPH)
Sân bay quốc tế Cát Bi",10-04-2025,,
VietJet Air,1.841.447 VND/khách,09:15,28 thg 4,11:15,28 thg 4,2h 0m,"TP HCM (SGN)
Sân bay Tân Sơn Nhất
Nhà ga 1","Hải Phòng (HPH)
Sân bay quốc tế Cát Bi",10-04-2025,,
VietJet Air,1.841.447 VND/khách,16:10,28 thg 4,18:10,28 thg 4,2h 0m,"TP HCM (SGN)
Sân bay Tân Sơn Nhất
Nhà ga 1","Hải Phòng (HPH)
Sân bay quốc tế Cát Bi",10-04-2025,,
Vietnam Airlines,2.204.793 VND/khách,20:30,28 thg 4,22:30,28 thg 4,2h 0m,"TP HCM (SGN)
Sân bay Tân Sơn Nhất
Nhà ga 1","Hải Phòng (HPH)
Sân bay quốc tế Cát Bi",10-04-2025,,
Vietnam Airlines,2.248.749 VND/khách,17:55,28 thg 4,19:55,28 thg 4,2h 0m,"TP HCM (SGN)
Sân bay Tân Sơn Nhất
Nhà ga 1","Hải Phòng (HPH)
Sân bay quốc tế Cát Bi",10-04-2025,,
Vietnam Airlines,2.444.553 VND/khách,13:25,28 thg 4,15:25,28 thg 4,2h 0m,"TP HCM (SGN)
Sân bay Tân Sơn Nhất
Nhà ga 1","Hải Phòng (HPH)
Sân bay quốc tế Cát Bi",10-04-2025,,
VietJet Air,2.172.115 VND/khách,04:30,29 thg 4,06:30,29 thg 4,2h 0m,"TP HCM (SGN)
Sân bay Tân Sơn Nhất
Nhà ga 1","Hải Phòng (HPH)
Sân bay quốc tế Cát Bi",10-04-2025,,
VietJet Air,2.172.115 VND/khách,06:15,29 thg 4,08:15,29 thg 4,2h 0m,"TP HCM (SGN)
Sân bay Tân Sơn Nhất
Nhà ga 1","Hải Phòng (HPH)
Sân bay quốc tế Cát Bi",10-04-2025,,
VietJet Air,2.361.210 VND/khách,16:10,29 thg 4,18:10,29 thg 4,2h 0m,"TP HCM (SGN)
Sân bay Tân Sơn Nhất
Nhà ga 1","Hải Phòng (HPH)
Sân bay quốc tế Cát Bi",10-04-2025,,
VietJet Air,2.521.594 VND/khách,21:10,29 thg 4,23:05,29 thg 4,1h 55m,"TP HCM (SGN)
Sân bay Tân Sơn Nhất
Nhà ga 1","Hải Phòng (HPH)
Sân bay quốc tế Cát Bi",10-04-2025,,
VietJet Air,2.521.594 VND/khách,19:15,29 thg 4,21:15,29 thg 4,2h 0m,"TP HCM (SGN)
Sân bay Tân Sơn Nhất
Nhà ga 1","Hải Phòng (HPH)
Sân bay quốc tế Cát Bi",10-04-2025,,
VietJet Air,2.543.375 VND/khách,14:05,29 thg 4,16:05,29 thg 4,2h 0m,"TP HCM (SGN)
Sân bay Tân Sơn Nhất
Nhà ga 1","Hải Phòng (HPH)
Sân bay quốc tế Cát Bi",10-04-2025,,
Vietnam Airlines,2.875.122 VND/khách,13:25,29 thg 4,15:25,29 thg 4,2h 0m,"TP HCM (SGN)
Sân bay Tân Sơn Nhất
Nhà ga 1","Hải Phòng (HPH)
Sân bay quốc tế Cát Bi",10-04-2025,,
Vietnam Airlines,2.875.122 VND/khách,17:55,29 thg 4,19:55,29 thg 4,2h 0m,"TP HCM (SGN)
Sân bay Tân Sơn Nhất
Nhà ga 1","Hải Phòng (HPH)
Sân bay quốc tế Cát Bi",10-04-2025,,
Vietnam Airlines,2.875.122 VND/khách,20:30,29 thg 4,22:30,29 thg 4,2h 0m,"TP HCM (SGN)
Sân bay Tân Sơn Nhất
Nhà ga 1","Hải Phòng (HPH)
Sân bay quốc tế Cát Bi",10-04-2025,,
Vietnam Airlines,2.882.115 VND/khách,07:45,29 thg 4,09:45,29 thg 4,2h 0m,"TP HCM (SGN)
Sân bay Tân Sơn Nhất
Nhà ga 1","Hải Phòng (HPH)
Sân bay quốc tế Cát Bi",10-04-2025,,
VietJet Air,3.081.948 VND/khách,09:15,29 thg 4,11:15,29 thg 4,2h 0m,"TP HCM (SGN)
Sân bay Tân Sơn Nhất
Nhà ga 1","Hải Phòng (HPH)
Sân bay quốc tế Cát Bi",10-04-2025,,
VietJet Air,3.081.948 VND/khách,20:10,29 thg 4,22:10,29 thg 4,2h 0m,"TP HCM (SGN)
Sân bay Tân Sơn Nhất
Nhà ga 1","Hải Phòng (HPH)
Sân bay quốc tế Cát Bi",10-04-2025,,
VietJet Air,3.017.885 VND/khách,06:50,29 thg 4,08:10,29 thg 4,1h 20m,"TP HCM (SGN)
Sân bay Tân Sơn Nhất
Nhà ga 1","Đà Nẵng (DAD)
Sân bay Đà Nẵng",10-04-2025,,
VietJet Air,3.017.885 VND/khách,05:30,29 thg 4,06:50,29 thg 4,1h 20m,"TP HCM (SGN)
Sân bay Tân Sơn Nhất
Nhà ga 1","Đà Nẵng (DAD)
Sân bay Đà Nẵng",10-04-2025,,
VietJet Air,3.017.885 VND/khách,05:00,29 thg 4,06:20,29 thg 4,1h 20m,"TP HCM (SGN)
Sân bay Tân Sơn Nhất
Nhà ga 1","Đà Nẵng (DAD)
Sân bay Đà Nẵng",10-04-2025,,
VietJet Air,3.255.690 VND/khách,12:40,29 thg 4,13:40,29 thg 4,1h 0m,"TP HCM (SGN)
Sân bay Tân Sơn Nhất
Nhà ga 1","Nha Trang (CXR)
Sân bay Cam Ranh",10-04-2025,,
"Vietnam Airlines, VietJet Air",3.385.008 VND/khách,08:55,29 thg 4,10:00,29 thg 4,1h 5m,"TP HCM (SGN)
Sân bay Tân Sơn Nhất
Nhà ga 1","Nha Trang (CXR)
Sân bay Cam Ranh",10-04-2025,,
"Vietnam Airlines, VietJet Air",3.385.008 VND/khách,06:50,29 thg 4,08:05,29 thg 4,1h 15m,"TP HCM (SGN)
Sân bay Tân Sơn Nhất
Nhà ga 1","Nha Trang (CXR)
Sân bay Cam Ranh",10-04-2025,,
VietJet Air,1.579.090 VND/khách,21:10,30 thg 4,23:05,30 thg 4,1h 55m,"TP HCM (SGN)
Sân bay Tân Sơn Nhất
Nhà ga 1","Hải Phòng (HPH)
Sân bay quốc tế Cát Bi",10-04-2025,,
VietJet Air,1.720.664 VND/khách,19:15,30 thg 4,21:15,30 thg 4,2h 0m,"TP HCM (SGN)
Sân bay Tân Sơn Nhất
Nhà ga 1","Hải Phòng (HPH)
Sân bay quốc tế Cát Bi",10-04-2025,,
VietJet Air,1.721.539 VND/khách,20:10,30 thg 4,22:10,30 thg 4,2h 0m,"TP HCM (SGN)
Sân bay Tân Sơn Nhất
Nhà ga 1","Hải Phòng (HPH)
Sân bay quốc tế Cát Bi",10-04-2025,,
VietJet Air,2.172.115 VND/khách,04:30,30 thg 4,06:30,30 thg 4,2h 0m,"TP HCM (SGN)
Sân bay Tân Sơn Nhất
Nhà ga 1","Hải Phòng (HPH)
Sân bay quốc tế Cát Bi",10-04-2025,,
VietJet Air,2.172.115 VND/khách,06:15,30 thg 4,08:15,30 thg 4,2h 0m,"TP HCM (SGN)
Sân bay Tân Sơn Nhất
Nhà ga 1","Hải Phòng (HPH)
Sân bay quốc tế Cát Bi",10-04-2025,,
VietJet Air,2.172.115 VND/khách,11:35,30 thg 4,13:35,30 thg 4,2h 0m,"TP HCM (SGN)
Sân bay Tân Sơn Nhất
Nhà ga 1","Hải Phòng (HPH)
Sân bay quốc tế Cát Bi",10-04-2025,,
VietJet Air,2.172.115 VND/khách,16:10,30 thg 4,18:10,30 thg 4,2h 0m,"TP HCM (SGN)
Sân bay Tân Sơn Nhất
Nhà ga 1","Hải Phòng (HPH)
Sân bay quốc tế Cát Bi",10-04-2025,,
Vietnam Airlines,2.211.786 VND/khách,13:20,30 thg 4,15:25,30 thg 4,2h 5m,"TP HCM (SGN)
Sân bay Tân Sơn Nhất
Nhà ga 1","Hải Phòng (HPH)
Sân bay quốc tế Cát Bi",10-04-2025,,
Vietnam Airlines,2.875.122 VND/khách,17:55,30 thg 4,19:55,30 thg 4,2h 0m,"TP HCM (SGN)
Sân bay Tân Sơn Nhất
Nhà ga 1","Hải Phòng (HPH)
Sân bay quốc tế Cát Bi",10-04-2025,,
Vietnam Airlines,2.875.122 VND/khách,20:30,30 thg 4,22:30,30 thg 4,2h 0m,"TP HCM (SGN)
Sân bay Tân Sơn Nhất
Nhà ga 1","Hải Phòng (HPH)
Sân bay quốc tế Cát Bi",10-04-2025,,
Vietnam Airlines,3.866.130 VND/khách,07:45,30 thg 4,09:45,30 thg 4,2h 0m,"TP HCM (SGN)
Sân bay Tân Sơn Nhất
Nhà ga 1","Hải Phòng (HPH)
Sân bay quốc tế Cát Bi",10-04-2025,,
Bamboo Airways,2.169.925 VND/khách,20:05,01 thg 5,22:10,01 thg 5,2h 5m,"TP HCM (SGN)
Sân bay Tân Sơn Nhất","Hải Phòng (HPH)
Sân bay quốc tế Cát Bi",11-04-2025,,
VietJet Air,1.746.000 VND/khách,04:30,01 thg 5,06:30,01 thg 5,2h 0m,"TP HCM (SGN)
Sân bay Tân Sơn Nhất
Nhà ga 1","Hải Phòng (HPH)
Sân bay quốc tế Cát Bi",11-04-2025,,
VietJet Air,1.750.000 VND/khách,21:10,01 thg 5,23:05,01 thg 5,1h 55m,"TP HCM (SGN)
Sân bay Tân Sơn Nhất
Nhà ga 1","Hải Phòng (HPH)
Sân bay quốc tế Cát Bi",11-04-2025,,
VietJet Air,1.860.000 VND/khách,19:15,01 thg 5,21:15,01 thg 5,2h 0m,"TP HCM (SGN)
Sân bay Tân Sơn Nhất
Nhà ga 1","Hải Phòng (HPH)
Sân bay quốc tế Cát Bi",11-04-2025,,
VietJet Air,1.860.000 VND/khách,20:10,01 thg 5,22:10,01 thg 5,2h 0m,"TP HCM (SGN)
Sân bay Tân Sơn Nhất
Nhà ga 1","Hải Phòng (HPH)
Sân bay quốc tế Cát Bi",11-04-2025,,
VietJet Air,2.002.230 VND/khách,14:05,01 thg 5,16:05,01 thg 5,2h 0m,"TP HCM (SGN)
Sân bay Tân Sơn Nhất
Nhà ga 1","Hải Phòng (HPH)
Sân bay quốc tế Cát Bi",11-04-2025,,
VietJet Air,2.034.000 VND/khách,09:15,01 thg 5,11:15,01 thg 5,2h 0m,"TP HCM (SGN)
Sân bay Tân Sơn Nhất
Nhà ga 1","Hải Phòng (HPH)
Sân bay quốc tế Cát Bi",11-04-2025,,
Vietnam Airlines,2.466.531 VND/khách,13:20,01 thg 5,15:25,01 thg 5,2h 5m,"TP HCM (SGN)
Sân bay Tân Sơn Nhất
Nhà ga 1","Hải Phòng (HPH)
Sân bay quốc tế Cát Bi",11-04-2025,,
VietJet Air,2.809.000 VND/khách,16:10,01 thg 5,18:10,01 thg 5,2h 0m,"TP HCM (SGN)
Sân bay Tân Sơn Nhất
Nhà ga 1","Hải Phòng (HPH)
Sân bay quốc tế Cát Bi",11-04-2025,,
Vietnam Airlines,2.886.111 VND/khách,17:55,01 thg 5,19:55,01 thg 5,2h 0m,"TP HCM (SGN)
Sân bay Tân Sơn Nhất
Nhà ga 1","Hải Phòng (HPH)
Sân bay quốc tế Cát Bi",11-04-2025,,
Vietnam Airlines,2.886.111 VND/khách,20:30,01 thg 5,22:30,01 thg 5,2h 0m,"TP HCM (SGN)
Sân bay Tân Sơn Nhất
Nhà ga 1","Hải Phòng (HPH)
Sân bay quốc tế Cát Bi",11-04-2025,,
Vietnam Airlines,2.894.103 VND/khách,07:45,01 thg 5,09:45,01 thg 5,2h 0m,"TP HCM (SGN)
Sân bay Tân Sơn Nhất
Nhà ga 1","Hải Phòng (HPH)
Sân bay quốc tế Cát Bi",11-04-2025,,
Bamboo Airways,1.806.199 VND/khách,20:05,21 thg 4,22:10,21 thg 4,2h 5m,"TP HCM (SGN)
Sân bay Tân Sơn Nhất","Hải Phòng (HPH)
Sân bay quốc tế Cát Bi",11-04-2025,,
VietJet Air,1.573.669 VND/khách,21:10,21 thg 4,23:05,21 thg 4,1h 55m,"TP HCM (SGN)
Sân bay Tân Sơn Nhất
Nhà ga 1","Hải Phòng (HPH)
Sân bay quốc tế Cát Bi",11-04-2025,,
VietJet Air,1.731.000 VND/khách,04:30,21 thg 4,06:30,21 thg 4,2h 0m,"TP HCM (SGN)
Sân bay Tân Sơn Nhất
Nhà ga 1","Hải Phòng (HPH)
Sân bay quốc tế Cát Bi",11-04-2025,,
VietJet Air,1.731.000 VND/khách,20:10,21 thg 4,22:10,21 thg 4,2h 0m,"TP HCM (SGN)
Sân bay Tân Sơn Nhất
Nhà ga 1","Hải Phòng (HPH)
Sân bay quốc tế Cát Bi",11-04-2025,,
Vietnam Airlines,1.758.240 VND/khách,20:30,21 thg 4,22:30,21 thg 4,2h 0m,"TP HCM (SGN)
Sân bay Tân Sơn Nhất
Nhà ga 1","Hải Phòng (HPH)
Sân bay quốc tế Cát Bi",11-04-2025,,
VietJet Air,1.860.000 VND/khách,06:15,21 thg 4,08:15,21 thg 4,2h 0m,"TP HCM (SGN)
Sân bay Tân Sơn Nhất
Nhà ga 1","Hải Phòng (HPH)
Sân bay quốc tế Cát Bi",11-04-2025,,
VietJet Air,1.860.000 VND/khách,09:15,21 thg 4,11:15,21 thg 4,2h 0m,"TP HCM (SGN)
Sân bay Tân Sơn Nhất
Nhà ga 1","Hải Phòng (HPH)
Sân bay quốc tế Cát Bi",11-04-2025,,
VietJet Air,1.860.000 VND/khách,16:10,21 thg 4,18:10,21 thg 4,2h 0m,"TP HCM (SGN)
Sân bay Tân Sơn Nhất
Nhà ga 1","Hải Phòng (HPH)
Sân bay quốc tế Cát Bi",11-04-2025,,
Vietnam Airlines,1.965.033 VND/khách,13:20,21 thg 4,15:25,21 thg 4,2h 5m,"TP HCM (SGN)
Sân bay Tân Sơn Nhất
Nhà ga 1","Hải Phòng (HPH)
Sân bay quốc tế Cát Bi",11-04-2025,,
Vietnam Airlines,2.890.107 VND/khách,07:45,21 thg 4,09:45,21 thg 4,2h 0m,"TP HCM (SGN)
Sân bay Tân Sơn Nhất
Nhà ga 1","Hải Phòng (HPH)
Sân bay quốc tế Cát Bi",11-04-2025,,
VietJet Air,1.602.000 VND/khách,04:30,22 thg 4,06:30,22 thg 4,2h 0m,"TP HCM (SGN)
Sân bay Tân Sơn Nhất
Nhà ga 1","Hải Phòng (HPH)
Sân bay quốc tế Cát Bi",11-04-2025,,
VietJet Air,1.746.000 VND/khách,21:10,22 thg 4,23:05,22 thg 4,1h 55m,"TP HCM (SGN)
Sân bay Tân Sơn Nhất
Nhà ga 1","Hải Phòng (HPH)
Sân bay quốc tế Cát Bi",11-04-2025,,
VietJet Air,1.746.000 VND/khách,19:15,22 thg 4,21:15,22 thg 4,2h 0m,"TP HCM (SGN)
Sân bay Tân Sơn Nhất
Nhà ga 1","Hải Phòng (HPH)
Sân bay quốc tế Cát Bi",11-04-2025,,
VietJet Air,1.746.000 VND/khách,20:10,22 thg 4,22:10,22 thg 4,2h 0m,"TP HCM (SGN)
Sân bay Tân Sơn Nhất
Nhà ga 1","Hải Phòng (HPH)
Sân bay quốc tế Cát Bi",11-04-2025,,
Vietnam Airlines,1.751.247 VND/khách,20:30,22 thg 4,22:30,22 thg 4,2h 0m,"TP HCM (SGN)
Sân bay Tân Sơn Nhất
Nhà ga 1","Hải Phòng (HPH)
Sân bay quốc tế Cát Bi",11-04-2025,,
Vietnam Airlines,1.769.229 VND/khách,17:55,22 thg 4,19:55,22 thg 4,2h 0m,"TP HCM (SGN)
Sân bay Tân Sơn Nhất
Nhà ga 1","Hải Phòng (HPH)
Sân bay quốc tế Cát Bi",11-04-2025,,
Vietnam Airlines,1.769.229 VND/khách,13:20,22 thg 4,15:25,22 thg 4,2h 5m,"TP HCM (SGN)
Sân bay Tân Sơn Nhất
Nhà ga 1","Hải Phòng (HPH)
Sân bay quốc tế Cát Bi",11-04-2025,,
VietJet Air,1.860.000 VND/khách,06:15,22 thg 4,08:15,22 thg 4,2h 0m,"TP HCM (SGN)
Sân bay Tân Sơn Nhất
Nhà ga 1","Hải Phòng (HPH)
Sân bay quốc tế Cát Bi",11-04-2025,,
VietJet Air,1.860.000 VND/khách,09:15,22 thg 4,11:15,22 thg 4,2h 0m,"TP HCM (SGN)
Sân bay Tân Sơn Nhất
Nhà ga 1","Hải Phòng (HPH)
Sân bay quốc tế Cát Bi",11-04-2025,,
VietJet Air,1.860.000 VND/khách,14:05,22 thg 4,16:05,22 thg 4,2h 0m,"TP HCM (SGN)
Sân bay Tân Sơn Nhất
Nhà ga 1","Hải Phòng (HPH)
Sân bay quốc tế Cát Bi",11-04-2025,,
VietJet Air,1.860.000 VND/khách,16:10,22 thg 4,18:10,22 thg 4,2h 0m,"TP HCM (SGN)
Sân bay Tân Sơn Nhất
Nhà ga 1","Hải Phòng (HPH)
Sân bay quốc tế Cát Bi",11-04-2025,,
Vietnam Airlines,1.977.021 VND/khách,07:45,22 thg 4,09:45,22 thg 4,2h 0m,"TP HCM (SGN)
Sân bay Tân Sơn Nhất
Nhà ga 1","Hải Phòng (HPH)
Sân bay quốc tế Cát Bi",11-04-2025,,
Bamboo Airways,1.663.416 VND/khách,20:05,23 thg 4,22:10,23 thg 4,2h 5m,"TP HCM (SGN)
Sân bay Tân Sơn Nhất","Hải Phòng (HPH)
Sân bay quốc tế Cát Bi",11-04-2025,,
VietJet Air,1.599.000 VND/khách,21:10,23 thg 4,23:05,23 thg 4,1h 55m,"TP HCM (SGN)
Sân bay Tân Sơn Nhất
Nhà ga 1","Hải Phòng (HPH)
Sân bay quốc tế Cát Bi",11-04-2025,,
VietJet Air,1.599.000 VND/khách,04:30,23 thg 4,06:30,23 thg 4,2h 0m,"TP HCM (SGN)
Sân bay Tân Sơn Nhất
Nhà ga 1","Hải Phòng (HPH)
Sân bay quốc tế Cát Bi",11-04-2025,,
VietJet Air,1.743.000 VND/khách,19:15,23 thg 4,21:15,23 thg 4,2h 0m,"TP HCM (SGN)
Sân bay Tân Sơn Nhất
Nhà ga 1","Hải Phòng (HPH)
Sân bay quốc tế Cát Bi",11-04-2025,,
Vietnam Airlines,1.765.233 VND/khách,20:30,23 thg 4,22:30,23 thg 4,2h 0m,"TP HCM (SGN)
Sân bay Tân Sơn Nhất
Nhà ga 1","Hải Phòng (HPH)
Sân bay quốc tế Cát Bi",11-04-2025,,
Vietnam Airlines,1.769.229 VND/khách,17:55,23 thg 4,19:55,23 thg 4,2h 0m,"TP HCM (SGN)
Sân bay Tân Sơn Nhất
Nhà ga 1","Hải Phòng (HPH)
Sân bay quốc tế Cát Bi",11-04-2025,,
Vietnam Airlines,1.769.229 VND/khách,13:20,23 thg 4,15:25,23 thg 4,2h 5m,"TP HCM (SGN)
Sân bay Tân Sơn Nhất
Nhà ga 1","Hải Phòng (HPH)
Sân bay quốc tế Cát Bi",11-04-2025,,
VietJet Air,1.853.000 VND/khách,06:15,23 thg 4,08:15,23 thg 4,2h 0m,"TP HCM (SGN)
Sân bay Tân Sơn Nhất
Nhà ga 1","Hải Phòng (HPH)
Sân bay quốc tế Cát Bi",11-04-2025,,
VietJet Air,1.853.000 VND/khách,11:35,23 thg 4,13:35,23 thg 4,2h 0m,"TP HCM (SGN)
Sân bay Tân Sơn Nhất
Nhà ga 1","Hải Phòng (HPH)
Sân bay quốc tế Cát Bi",11-04-2025,,
VietJet Air,1.853.000 VND/khách,16:10,23 thg 4,18:10,23 thg 4,2h 0m,"TP HCM (SGN)
Sân bay Tân Sơn Nhất
Nhà ga 1","Hải Phòng (HPH)
Sân bay quốc tế Cát Bi",11-04-2025,,
VietJet Air,1.602.000 VND/khách,04:30,24 thg 4,06:30,24 thg 4,2h 0m,"TP HCM (SGN)
Sân bay Tân Sơn Nhất
Nhà ga 1","Hải Phòng (HPH)
Sân bay quốc tế Cát Bi",11-04-2025,,
VietJet Air,1.746.000 VND/khách,21:10,24 thg 4,23:05,24 thg 4,1h 55m,"TP HCM (SGN)
Sân bay Tân Sơn Nhất
Nhà ga 1","Hải Phòng (HPH)
Sân bay quốc tế Cát Bi",11-04-2025,,
VietJet Air,1.746.000 VND/khách,19:15,24 thg 4,21:15,24 thg 4,2h 0m,"TP HCM (SGN)
Sân bay Tân Sơn Nhất
Nhà ga 1","Hải Phòng (HPH)
Sân bay quốc tế Cát Bi",11-04-2025,,
VietJet Air,1.746.000 VND/khách,20:10,24 thg 4,22:10,24 thg 4,2h 0m,"TP HCM (SGN)
Sân bay Tân Sơn Nhất
Nhà ga 1","Hải Phòng (HPH)
Sân bay quốc tế Cát Bi",11-04-2025,,
Vietnam Airlines,1.769.229 VND/khách,07:45,24 thg 4,09:45,24 thg 4,2h 0m,"TP HCM (SGN)
Sân bay Tân Sơn Nhất
Nhà ga 1","Hải Phòng (HPH)
Sân bay quốc tế Cát Bi",11-04-2025,,
VietJet Air,1.860.000 VND/khách,06:15,24 thg 4,08:15,24 thg 4,2h 0m,"TP HCM (SGN)
Sân bay Tân Sơn Nhất
Nhà ga 1","Hải Phòng (HPH)
Sân bay quốc tế Cát Bi",11-04-2025,,
VietJet Air,1.860.000 VND/khách,09:15,24 thg 4,11:15,24 thg 4,2h 0m,"TP HCM (SGN)
Sân bay Tân Sơn Nhất
Nhà ga 1","Hải Phòng (HPH)
Sân bay quốc tế Cát Bi",11-04-2025,,
VietJet Air,1.860.000 VND/khách,14:40,24 thg 4,16:40,24 thg 4,2h 0m,"TP HCM (SGN)
Sân bay Tân Sơn Nhất
Nhà ga 1","Hải Phòng (HPH)
Sân bay quốc tế Cát Bi",11-04-2025,,
Vietnam Airlines,1.969.029 VND/khách,17:55,24 thg 4,19:55,24 thg 4,2h 0m,"TP HCM (SGN)
Sân bay Tân Sơn Nhất
Nhà ga 1","Hải Phòng (HPH)
Sân bay quốc tế Cát Bi",11-04-2025,,
Vietnam Airlines,1.977.021 VND/khách,20:30,24 thg 4,22:30,24 thg 4,2h 0m,"TP HCM (SGN)
Sân bay Tân Sơn Nhất
Nhà ga 1","Hải Phòng (HPH)
Sân bay quốc tế Cát Bi",11-04-2025,,
Vietnam Airlines,1.977.021 VND/khách,13:20,24 thg 4,15:25,24 thg 4,2h 5m,"TP HCM (SGN)
Sân bay Tân Sơn Nhất
Nhà ga 1","Hải Phòng (HPH)
Sân bay quốc tế Cát Bi",11-04-2025,,
Bamboo Airways,1.938.782 VND/khách,20:05,25 thg 4,22:10,25 thg 4,2h 5m,"TP HCM (SGN)
Sân bay Tân Sơn Nhất","Hải Phòng (HPH)
Sân bay quốc tế Cát Bi",11-04-2025,,
VietJet Air,1.732.000 VND/khách,21:10,25 thg 4,23:05,25 thg 4,1h 55m,"TP HCM (SGN)
Sân bay Tân Sơn Nhất
Nhà ga 1","Hải Phòng (HPH)
Sân bay quốc tế Cát Bi",11-04-2025,,
VietJet Air,1.732.000 VND/khách,04:30,25 thg 4,06:30,25 thg 4,2h 0m,"TP HCM (SGN)
Sân bay Tân Sơn Nhất
Nhà ga 1","Hải Phòng (HPH)
Sân bay quốc tế Cát Bi",11-04-2025,,
VietJet Air,1.732.000 VND/khách,06:15,25 thg 4,08:15,25 thg 4,2h 0m,"TP HCM (SGN)
Sân bay Tân Sơn Nhất
Nhà ga 1","Hải Phòng (HPH)
Sân bay quốc tế Cát Bi",11-04-2025,,
VietJet Air,1.732.000 VND/khách,16:10,25 thg 4,18:10,25 thg 4,2h 0m,"TP HCM (SGN)
Sân bay Tân Sơn Nhất
Nhà ga 1","Hải Phòng (HPH)
Sân bay quốc tế Cát Bi",11-04-2025,,
VietJet Air,1.732.000 VND/khách,19:15,25 thg 4,21:15,25 thg 4,2h 0m,"TP HCM (SGN)
Sân bay Tân Sơn Nhất
Nhà ga 1","Hải Phòng (HPH)
Sân bay quốc tế Cát Bi",11-04-2025,,
VietJet Air,1.861.000 VND/khách,11:35,25 thg 4,13:35,25 thg 4,2h 0m,"TP HCM (SGN)
Sân bay Tân Sơn Nhất
Nhà ga 1","Hải Phòng (HPH)
Sân bay quốc tế Cát Bi",11-04-2025,,
Vietnam Airlines,2.071.601 VND/khách,20:30,25 thg 4,22:30,25 thg 4,2h 0m,"TP HCM (SGN)
Sân bay Tân Sơn Nhất
Nhà ga 1","Hải Phòng (HPH)
Sân bay quốc tế Cát Bi",11-04-2025,,
Vietnam Airlines,2.253.744 VND/khách,13:20,25 thg 4,15:25,25 thg 4,2h 5m,"TP HCM (SGN)
Sân bay Tân Sơn Nhất
Nhà ga 1","Hải Phòng (HPH)
Sân bay quốc tế Cát Bi",11-04-2025,,
Vietnam Airlines,2.895.283 VND/khách,07:45,25 thg 4,09:45,25 thg 4,2h 0m,"TP HCM (SGN)
Sân bay Tân Sơn Nhất
Nhà ga 1","Hải Phòng (HPH)
Sân bay quốc tế Cát Bi",11-04-2025,,
VietJet Air,1.746.000 VND/khách,21:10,26 thg 4,23:05,26 thg 4,1h 55m,"TP HCM (SGN)
Sân bay Tân Sơn Nhất
Nhà ga 1","Hải Phòng (HPH)
Sân bay quốc tế Cát Bi",11-04-2025,,
VietJet Air,1.746.000 VND/khách,19:15,26 thg 4,21:15,26 thg 4,2h 0m,"TP HCM (SGN)
Sân bay Tân Sơn Nhất
Nhà ga 1","Hải Phòng (HPH)
Sân bay quốc tế Cát Bi",11-04-2025,,
VietJet Air,1.746.000 VND/khách,20:10,26 thg 4,22:10,26 thg 4,2h 0m,"TP HCM (SGN)
Sân bay Tân Sơn Nhất
Nhà ga 1","Hải Phòng (HPH)
Sân bay quốc tế Cát Bi",11-04-2025,,
VietJet Air,1.860.000 VND/khách,04:30,26 thg 4,06:30,26 thg 4,2h 0m,"TP HCM (SGN)
Sân bay Tân Sơn Nhất
Nhà ga 1","Hải Phòng (HPH)
Sân bay quốc tế Cát Bi",11-04-2025,,
VietJet Air,1.860.000 VND/khách,06:15,26 thg 4,08:15,26 thg 4,2h 0m,"TP HCM (SGN)
Sân bay Tân Sơn Nhất
Nhà ga 1","Hải Phòng (HPH)
Sân bay quốc tế Cát Bi",11-04-2025,,
VietJet Air,1.860.000 VND/khách,14:05,26 thg 4,16:05,26 thg 4,2h 0m,"TP HCM (SGN)
Sân bay Tân Sơn Nhất
Nhà ga 1","Hải Phòng (HPH)
Sân bay quốc tế Cát Bi",11-04-2025,,
VietJet Air,1.860.000 VND/khách,16:10,26 thg 4,18:10,26 thg 4,2h 0m,"TP HCM (SGN)
Sân bay Tân Sơn Nhất
Nhà ga 1","Hải Phòng (HPH)
Sân bay quốc tế Cát Bi",11-04-2025,,
VietJet Air,2.034.000 VND/khách,09:15,26 thg 4,11:15,26 thg 4,2h 0m,"TP HCM (SGN)
Sân bay Tân Sơn Nhất
Nhà ga 1","Hải Phòng (HPH)
Sân bay quốc tế Cát Bi",11-04-2025,,
Vietnam Airlines,2.447.462 VND/khách,07:45,26 thg 4,09:45,26 thg 4,2h 0m,"TP HCM (SGN)
Sân bay Tân Sơn Nhất
Nhà ga 1","Hải Phòng (HPH)
Sân bay quốc tế Cát Bi",11-04-2025,,
Vietnam Airlines,2.447.462 VND/khách,17:55,26 thg 4,19:55,26 thg 4,2h 0m,"TP HCM (SGN)
Sân bay Tân Sơn Nhất
Nhà ga 1","Hải Phòng (HPH)
Sân bay quốc tế Cát Bi",11-04-2025,,
Vietnam Airlines,2.447.462 VND/khách,20:30,26 thg 4,22:30,26 thg 4,2h 0m,"TP HCM (SGN)
Sân bay Tân Sơn Nhất
Nhà ga 1","Hải Phòng (HPH)
Sân bay quốc tế Cát Bi",11-04-2025,,
Vietnam Airlines,2.447.462 VND/khách,13:20,26 thg 4,15:25,26 thg 4,2h 5m,"TP HCM (SGN)
Sân bay Tân Sơn Nhất
Nhà ga 1","Hải Phòng (HPH)
Sân bay quốc tế Cát Bi",11-04-2025,,
Bamboo Airways,1.815.275 VND/khách,20:05,27 thg 4,22:10,27 thg 4,2h 5m,"TP HCM (SGN)
Sân bay Tân Sơn Nhất","Hải Phòng (HPH)
Sân bay quốc tế Cát Bi",11-04-2025,,
VietJet Air,1.731.000 VND/khách,21:10,27 thg 4,23:05,27 thg 4,1h 55m,"TP HCM (SGN)
Sân bay Tân Sơn Nhất
Nhà ga 1","Hải Phòng (HPH)
Sân bay quốc tế Cát Bi",11-04-2025,,
VietJet Air,1.731.000 VND/khách,19:15,27 thg 4,21:15,27 thg 4,2h 0m,"TP HCM (SGN)
Sân bay Tân Sơn Nhất
Nhà ga 1","Hải Phòng (HPH)
Sân bay quốc tế Cát Bi",11-04-2025,,
VietJet Air,1.731.000 VND/khách,20:10,27 thg 4,22:10,27 thg 4,2h 0m,"TP HCM (SGN)
Sân bay Tân Sơn Nhất
Nhà ga 1","Hải Phòng (HPH)
Sân bay quốc tế Cát Bi",11-04-2025,,
VietJet Air,1.860.000 VND/khách,04:30,27 thg 4,06:30,27 thg 4,2h 0m,"TP HCM (SGN)
Sân bay Tân Sơn Nhất
Nhà ga 1","Hải Phòng (HPH)
Sân bay quốc tế Cát Bi",11-04-2025,,
VietJet Air,1.860.000 VND/khách,06:15,27 thg 4,08:15,27 thg 4,2h 0m,"TP HCM (SGN)
Sân bay Tân Sơn Nhất
Nhà ga 1","Hải Phòng (HPH)
Sân bay quốc tế Cát Bi",11-04-2025,,
VietJet Air,1.860.000 VND/khách,16:10,27 thg 4,18:10,27 thg 4,2h 0m,"TP HCM (SGN)
Sân bay Tân Sơn Nhất
Nhà ga 1","Hải Phòng (HPH)
Sân bay quốc tế Cát Bi",11-04-2025,,
Vietnam Airlines,1.987.011 VND/khách,21:10,27 thg 4,23:10,27 thg 4,2h 0m,"TP HCM (SGN)
Sân bay Tân Sơn Nhất
Nhà ga 1","Hải Phòng (HPH)
Sân bay quốc tế Cát Bi",11-04-2025,,
VietJet Air,2.204.000 VND/khách,11:35,27 thg 4,13:35,27 thg 4,2h 0m,"TP HCM (SGN)
Sân bay Tân Sơn Nhất
Nhà ga 1","Hải Phòng (HPH)
Sân bay quốc tế Cát Bi",11-04-2025,,
Vietnam Airlines,2.215.782 VND/khách,17:55,27 thg 4,19:55,27 thg 4,2h 0m,"TP HCM (SGN)
Sân bay Tân Sơn Nhất
Nhà ga 1","Hải Phòng (HPH)
Sân bay quốc tế Cát Bi",11-04-2025,,
Vietnam Airlines,2.448.549 VND/khách,13:25,27 thg 4,15:25,27 thg 4,2h 0m,"TP HCM (SGN)
Sân bay Tân Sơn Nhất
Nhà ga 1","Hải Phòng (HPH)
Sân bay quốc tế Cát Bi",11-04-2025,,
Bamboo Airways,1.815.275 VND/khách,20:05,28 thg 4,22:10,28 thg 4,2h 5m,"TP HCM (SGN)
Sân bay Tân Sơn Nhất","Hải Phòng (HPH)
Sân bay quốc tế Cát Bi",11-04-2025,,
VietJet Air,1.746.000 VND/khách,21:10,28 thg 4,23:05,28 thg 4,1h 55m,"TP HCM (SGN)
Sân bay Tân Sơn Nhất
Nhà ga 1","Hải Phòng (HPH)
Sân bay quốc tế Cát Bi",11-04-2025,,
VietJet Air,1.746.000 VND/khách,19:15,28 thg 4,21:15,28 thg 4,2h 0m,"TP HCM (SGN)
Sân bay Tân Sơn Nhất
Nhà ga 1","Hải Phòng (HPH)
Sân bay quốc tế Cát Bi",11-04-2025,,
VietJet Air,1.746.000 VND/khách,20:10,28 thg 4,22:10,28 thg 4,2h 0m,"TP HCM (SGN)
Sân bay Tân Sơn Nhất
Nhà ga 1","Hải Phòng (HPH)
Sân bay quốc tế Cát Bi",11-04-2025,,
VietJet Air,1.757.000 VND/khách,04:30,28 thg 4,06:30,28 thg 4,2h 0m,"TP HCM (SGN)
Sân bay Tân Sơn Nhất
Nhà ga 1","Hải Phòng (HPH)
Sân bay quốc tế Cát Bi",11-04-2025,,
VietJet Air,1.860.000 VND/khách,06:15,28 thg 4,08:15,28 thg 4,2h 0m,"TP HCM (SGN)
Sân bay Tân Sơn Nhất
Nhà ga 1","Hải Phòng (HPH)
Sân bay quốc tế Cát Bi",11-04-2025,,
VietJet Air,1.860.000 VND/khách,09:15,28 thg 4,11:15,28 thg 4,2h 0m,"TP HCM (SGN)
Sân bay Tân Sơn Nhất
Nhà ga 1","Hải Phòng (HPH)
Sân bay quốc tế Cát Bi",11-04-2025,,
VietJet Air,1.860.000 VND/khách,16:10,28 thg 4,18:10,28 thg 4,2h 0m,"TP HCM (SGN)
Sân bay Tân Sơn Nhất
Nhà ga 1","Hải Phòng (HPH)
Sân bay quốc tế Cát Bi",11-04-2025,,
Vietnam Airlines,2.248.749 VND/khách,07:45,28 thg 4,09:45,28 thg 4,2h 0m,"TP HCM (SGN)
Sân bay Tân Sơn Nhất
Nhà ga 1","Hải Phòng (HPH)
Sân bay quốc tế Cát Bi",11-04-2025,,
Vietnam Airlines,2.455.542 VND/khách,17:55,28 thg 4,19:55,28 thg 4,2h 0m,"TP HCM (SGN)
Sân bay Tân Sơn Nhất
Nhà ga 1","Hải Phòng (HPH)
Sân bay quốc tế Cát Bi",11-04-2025,,
Vietnam Airlines,2.455.542 VND/khách,20:30,28 thg 4,22:30,28 thg 4,2h 0m,"TP HCM (SGN)
Sân bay Tân Sơn Nhất
Nhà ga 1","Hải Phòng (HPH)
Sân bay quốc tế Cát Bi",11-04-2025,,
VietJet Air,2.197.000 VND/khách,04:30,29 thg 4,06:30,29 thg 4,2h 0m,"TP HCM (SGN)
Sân bay Tân Sơn Nhất
Nhà ga 1","Hải Phòng (HPH)
Sân bay quốc tế Cát Bi",11-04-2025,,
VietJet Air,2.197.000 VND/khách,06:15,29 thg 4,08:15,29 thg 4,2h 0m,"TP HCM (SGN)
Sân bay Tân Sơn Nhất
Nhà ga 1","Hải Phòng (HPH)
Sân bay quốc tế Cát Bi",11-04-2025,,
VietJet Air,2.371.000 VND/khách,16:10,29 thg 4,18:10,29 thg 4,2h 0m,"TP HCM (SGN)
Sân bay Tân Sơn Nhất
Nhà ga 1","Hải Phòng (HPH)
Sân bay quốc tế Cát Bi",11-04-2025,,
VietJet Air,2.566.000 VND/khách,21:10,29 thg 4,23:05,29 thg 4,1h 55m,"TP HCM (SGN)
Sân bay Tân Sơn Nhất
Nhà ga 1","Hải Phòng (HPH)
Sân bay quốc tế Cát Bi",11-04-2025,,
VietJet Air,2.566.000 VND/khách,14:05,29 thg 4,16:05,29 thg 4,2h 0m,"TP HCM (SGN)
Sân bay Tân Sơn Nhất
Nhà ga 1","Hải Phòng (HPH)
Sân bay quốc tế Cát Bi",11-04-2025,,
VietJet Air,2.566.000 VND/khách,19:15,29 thg 4,21:15,29 thg 4,2h 0m,"TP HCM (SGN)
Sân bay Tân Sơn Nhất
Nhà ga 1","Hải Phòng (HPH)
Sân bay quốc tế Cát Bi",11-04-2025,,
Vietnam Airlines,2.888.109 VND/khách,13:25,29 thg 4,15:25,29 thg 4,2h 0m,"TP HCM (SGN)
Sân bay Tân Sơn Nhất
Nhà ga 1","Hải Phòng (HPH)
Sân bay quốc tế Cát Bi",11-04-2025,,
Vietnam Airlines,2.888.109 VND/khách,17:55,29 thg 4,19:55,29 thg 4,2h 0m,"TP HCM (SGN)
Sân bay Tân Sơn Nhất
Nhà ga 1","Hải Phòng (HPH)
Sân bay quốc tế Cát Bi",11-04-2025,,
Vietnam Airlines,2.888.109 VND/khách,20:30,29 thg 4,22:30,29 thg 4,2h 0m,"TP HCM (SGN)
Sân bay Tân Sơn Nhất
Nhà ga 1","Hải Phòng (HPH)
Sân bay quốc tế Cát Bi",11-04-2025,,
Vietnam Airlines,2.896.101 VND/khách,07:45,29 thg 4,09:45,29 thg 4,2h 0m,"TP HCM (SGN)
Sân bay Tân Sơn Nhất
Nhà ga 1","Hải Phòng (HPH)
Sân bay quốc tế Cát Bi",11-04-2025,,
VietJet Air,3.109.000 VND/khách,09:15,29 thg 4,11:15,29 thg 4,2h 0m,"TP HCM (SGN)
Sân bay Tân Sơn Nhất
Nhà ga 1","Hải Phòng (HPH)
Sân bay quốc tế Cát Bi",11-04-2025,,
VietJet Air,3.397.000 VND/khách,20:10,29 thg 4,22:10,29 thg 4,2h 0m,"TP HCM (SGN)
Sân bay Tân Sơn Nhất
Nhà ga 1","Hải Phòng (HPH)
Sân bay quốc tế Cát Bi",11-04-2025,,
VietJet Air,1.599.000 VND/khách,21:10,30 thg 4,23:05,30 thg 4,1h 55m,"TP HCM (SGN)
Sân bay Tân Sơn Nhất
Nhà ga 1","Hải Phòng (HPH)
Sân bay quốc tế Cát Bi",11-04-2025,,
VietJet Air,1.743.000 VND/khách,19:15,30 thg 4,21:15,30 thg 4,2h 0m,"TP HCM (SGN)
Sân bay Tân Sơn Nhất
Nhà ga 1","Hải Phòng (HPH)
Sân bay quốc tế Cát Bi",11-04-2025,,
VietJet Air,1.743.000 VND/khách,20:10,30 thg 4,22:10,30 thg 4,2h 0m,"TP HCM (SGN)
Sân bay Tân Sơn Nhất
Nhà ga 1","Hải Phòng (HPH)
Sân bay quốc tế Cát Bi",11-04-2025,,
VietJet Air,2.196.000 VND/khách,11:35,30 thg 4,13:35,30 thg 4,2h 0m,"TP HCM (SGN)
Sân bay Tân Sơn Nhất
Nhà ga 1","Hải Phòng (HPH)
Sân bay quốc tế Cát Bi",11-04-2025,,
VietJet Air,2.196.000 VND/khách,16:10,30 thg 4,18:10,30 thg 4,2h 0m,"TP HCM (SGN)
Sân bay Tân Sơn Nhất
Nhà ga 1","Hải Phòng (HPH)
Sân bay quốc tế Cát Bi",11-04-2025,,
VietJet Air,2.370.000 VND/khách,06:15,30 thg 4,08:15,30 thg 4,2h 0m,"TP HCM (SGN)
Sân bay Tân Sơn Nhất
Nhà ga 1","Hải Phòng (HPH)
Sân bay quốc tế Cát Bi",11-04-2025,,
Vietnam Airlines,2.463.534 VND/khách,13:20,30 thg 4,15:25,30 thg 4,2h 5m,"TP HCM (SGN)
Sân bay Tân Sơn Nhất
Nhà ga 1","Hải Phòng (HPH)
Sân bay quốc tế Cát Bi",11-04-2025,,
Vietnam Airlines,2.886.111 VND/khách,17:55,30 thg 4,19:55,30 thg 4,2h 0m,"TP HCM (SGN)
Sân bay Tân Sơn Nhất
Nhà ga 1","Hải Phòng (HPH)
Sân bay quốc tế Cát Bi",11-04-2025,,
Vietnam Airlines,2.886.111 VND/khách,20:30,30 thg 4,22:30,30 thg 4,2h 0m,"TP HCM (SGN)
Sân bay Tân Sơn Nhất
Nhà ga 1","Hải Phòng (HPH)
Sân bay quốc tế Cát Bi",11-04-2025,,
VietJet Air,3.735.000 VND/khách,04:30,30 thg 4,06:30,30 thg 4,2h 0m,"TP HCM (SGN)
Sân bay Tân Sơn Nhất
Nhà ga 1","Hải Phòng (HPH)
Sân bay quốc tế Cát Bi",11-04-2025,,
Bamboo Airways,2.169.925 VND/khách,20:05,01 thg 5,22:10,01 thg 5,2h 5m,"TP HCM (SGN)
Sân bay Tân Sơn Nhất","Hải Phòng (HPH)
Sân bay quốc tế Cát Bi",12-04-2025,,
VietJet Air,1.734.000 VND/khách,04:30,01 thg 5,06:30,01 thg 5,2h 0m,"TP HCM (SGN)
Sân bay Tân Sơn Nhất
Nhà ga 1","Hải Phòng (HPH)
Sân bay quốc tế Cát Bi",12-04-2025,,
VietJet Air,1.734.000 VND/khách,06:15,01 thg 5,08:15,01 thg 5,2h 0m,"TP HCM (SGN)
Sân bay Tân Sơn Nhất
Nhà ga 1","Hải Phòng (HPH)
Sân bay quốc tế Cát Bi",12-04-2025,,
VietJet Air,1.753.000 VND/khách,21:10,01 thg 5,23:05,01 thg 5,1h 55m,"TP HCM (SGN)
Sân bay Tân Sơn Nhất
Nhà ga 1","Hải Phòng (HPH)
Sân bay quốc tế Cát Bi",12-04-2025,,
VietJet Air,1.856.000 VND/khách,19:15,01 thg 5,21:15,01 thg 5,2h 0m,"TP HCM (SGN)
Sân bay Tân Sơn Nhất
Nhà ga 1","Hải Phòng (HPH)
Sân bay quốc tế Cát Bi",12-04-2025,,
VietJet Air,1.856.000 VND/khách,20:10,01 thg 5,22:10,01 thg 5,2h 0m,"TP HCM (SGN)
Sân bay Tân Sơn Nhất
Nhà ga 1","Hải Phòng (HPH)
Sân bay quốc tế Cát Bi",12-04-2025,,
VietJet Air,2.027.000 VND/khách,09:15,01 thg 5,11:15,01 thg 5,2h 0m,"TP HCM (SGN)
Sân bay Tân Sơn Nhất
Nhà ga 1","Hải Phòng (HPH)
Sân bay quốc tế Cát Bi",12-04-2025,,
VietJet Air,2.027.000 VND/khách,14:05,01 thg 5,16:05,01 thg 5,2h 0m,"TP HCM (SGN)
Sân bay Tân Sơn Nhất
Nhà ga 1","Hải Phòng (HPH)
Sân bay quốc tế Cát Bi",12-04-2025,,
Bamboo Airways,2.169.925 VND/khách,20:05,01 thg 5,22:10,01 thg 5,2h 5m,"TP HCM (SGN)
Sân bay Tân Sơn Nhất","Hải Phòng (HPH)
Sân bay quốc tế Cát Bi",12-04-2025,,
Vietnam Airlines,2.493.504 VND/khách,13:20,01 thg 5,15:25,01 thg 5,2h 5m,"TP HCM (SGN)
Sân bay Tân Sơn Nhất
Nhà ga 1","Hải Phòng (HPH)
Sân bay quốc tế Cát Bi",12-04-2025,,
VietJet Air,2.800.000 VND/khách,16:10,01 thg 5,18:10,01 thg 5,2h 0m,"TP HCM (SGN)
Sân bay Tân Sơn Nhất
Nhà ga 1","Hải Phòng (HPH)
Sân bay quốc tế Cát Bi",12-04-2025,,
Vietnam Airlines,2.893.104 VND/khách,17:55,01 thg 5,19:55,01 thg 5,2h 0m,"TP HCM (SGN)
Sân bay Tân Sơn Nhất
Nhà ga 1","Hải Phòng (HPH)
Sân bay quốc tế Cát Bi",12-04-2025,,
Vietnam Airlines,2.893.104 VND/khách,20:30,01 thg 5,22:30,01 thg 5,2h 0m,"TP HCM (SGN)
Sân bay Tân Sơn Nhất
Nhà ga 1","Hải Phòng (HPH)
Sân bay quốc tế Cát Bi",12-04-2025,,
VietJet Air,1.734.000 VND/khách,04:30,02 thg 5,06:30,02 thg 5,2h 0m,"TP HCM (SGN)
Sân bay Tân Sơn Nhất
Nhà ga 1","Hải Phòng (HPH)
Sân bay quốc tế Cát Bi",12-04-2025,,
VietJet Air,1.856.000 VND/khách,21:10,02 thg 5,23:05,02 thg 5,1h 55m,"TP HCM (SGN)
Sân bay Tân Sơn Nhất
Nhà ga 1","Hải Phòng (HPH)
Sân bay quốc tế Cát Bi",12-04-2025,,
VietJet Air,1.858.000 VND/khách,06:15,02 thg 5,08:15,02 thg 5,2h 0m,"TP HCM (SGN)
Sân bay Tân Sơn Nhất
Nhà ga 1","Hải Phòng (HPH)
Sân bay quốc tế Cát Bi",12-04-2025,,
VietJet Air,2.027.000 VND/khách,19:15,02 thg 5,21:15,02 thg 5,2h 0m,"TP HCM (SGN)
Sân bay Tân Sơn Nhất
Nhà ga 1","Hải Phòng (HPH)
Sân bay quốc tế Cát Bi",12-04-2025,,
VietJet Air,2.027.000 VND/khách,20:10,02 thg 5,22:10,02 thg 5,2h 0m,"TP HCM (SGN)
Sân bay Tân Sơn Nhất
Nhà ga 1","Hải Phòng (HPH)
Sân bay quốc tế Cát Bi",12-04-2025,,
VietJet Air,2.200.000 VND/khách,11:35,02 thg 5,13:35,02 thg 5,2h 0m,"TP HCM (SGN)
Sân bay Tân Sơn Nhất
Nhà ga 1","Hải Phòng (HPH)
Sân bay quốc tế Cát Bi",12-04-2025,,
Vietnam Airlines,2.448.051 VND/khách,13:20,02 thg 5,15:25,02 thg 5,2h 5m,"TP HCM (SGN)
Sân bay Tân Sơn Nhất
Nhà ga 1","Hải Phòng (HPH)
Sân bay quốc tế Cát Bi",12-04-2025,,
Vietnam Airlines,2.895.980 VND/khách,07:45,02 thg 5,09:45,02 thg 5,2h 0m,"TP HCM (SGN)
Sân bay Tân Sơn Nhất
Nhà ga 1","Hải Phòng (HPH)
Sân bay quốc tế Cát Bi",12-04-2025,,
Vietnam Airlines,2.895.980 VND/khách,17:55,02 thg 5,19:55,02 thg 5,2h 0m,"TP HCM (SGN)
Sân bay Tân Sơn Nhất
Nhà ga 1","Hải Phòng (HPH)
Sân bay quốc tế Cát Bi",12-04-2025,,
Vietnam Airlines,2.895.980 VND/khách,20:30,02 thg 5,22:30,02 thg 5,2h 0m,"TP HCM (SGN)
Sân bay Tân Sơn Nhất
Nhà ga 1","Hải Phòng (HPH)
Sân bay quốc tế Cát Bi",12-04-2025,,
VietJet Air,2.970.000 VND/khách,16:10,02 thg 5,18:10,02 thg 5,2h 0m,"TP HCM (SGN)
Sân bay Tân Sơn Nhất
Nhà ga 1","Hải Phòng (HPH)
Sân bay quốc tế Cát Bi",12-04-2025,,
Bamboo Airways,1.806.199 VND/khách,20:05,21 thg 4,22:10,21 thg 4,2h 5m,"TP HCM (SGN)
Sân bay Tân Sơn Nhất","Hải Phòng (HPH)
Sân bay quốc tế Cát Bi",12-04-2025,,
VietJet Air,1.603.000 VND/khách,21:10,21 thg 4,23:05,21 thg 4,1h 55m,"TP HCM (SGN)
Sân bay Tân Sơn Nhất
Nhà ga 1","Hải Phòng (HPH)
Sân bay quốc tế Cát Bi",12-04-2025,,
VietJet Air,1.745.000 VND/khách,04:30,21 thg 4,06:30,21 thg 4,2h 0m,"TP HCM (SGN)
Sân bay Tân Sơn Nhất
Nhà ga 1","Hải Phòng (HPH)
Sân bay quốc tế Cát Bi",12-04-2025,,
VietJet Air,1.745.000 VND/khách,20:10,21 thg 4,22:10,21 thg 4,2h 0m,"TP HCM (SGN)
Sân bay Tân Sơn Nhất
Nhà ga 1","Hải Phòng (HPH)
Sân bay quốc tế Cát Bi",12-04-2025,,
VietJet Air,1.856.000 VND/khách,06:15,21 thg 4,08:15,21 thg 4,2h 0m,"TP HCM (SGN)
Sân bay Tân Sơn Nhất
Nhà ga 1","Hải Phòng (HPH)
Sân bay quốc tế Cát Bi",12-04-2025,,
VietJet Air,1.856.000 VND/khách,09:15,21 thg 4,11:15,21 thg 4,2h 0m,"TP HCM (SGN)
Sân bay Tân Sơn Nhất
Nhà ga 1","Hải Phòng (HPH)
Sân bay quốc tế Cát Bi",12-04-2025,,
VietJet Air,1.856.000 VND/khách,16:10,21 thg 4,18:10,21 thg 4,2h 0m,"TP HCM (SGN)
Sân bay Tân Sơn Nhất
Nhà ga 1","Hải Phòng (HPH)
Sân bay quốc tế Cát Bi",12-04-2025,,
Vietnam Airlines,1.965.033 VND/khách,13:20,21 thg 4,15:25,21 thg 4,2h 5m,"TP HCM (SGN)
Sân bay Tân Sơn Nhất
Nhà ga 1","Hải Phòng (HPH)
Sân bay quốc tế Cát Bi",12-04-2025,,
Vietnam Airlines,2.000.124 VND/khách,20:30,21 thg 4,22:30,21 thg 4,2h 0m,"TP HCM (SGN)
Sân bay Tân Sơn Nhất
Nhà ga 1","Hải Phòng (HPH)
Sân bay quốc tế Cát Bi",12-04-2025,,
Vietnam Airlines,2.251.746 VND/khách,17:55,21 thg 4,19:55,21 thg 4,2h 0m,"TP HCM (SGN)
Sân bay Tân Sơn Nhất
Nhà ga 1","Hải Phòng (HPH)
Sân bay quốc tế Cát Bi",12-04-2025,,
VietJet Air,1.597.000 VND/khách,04:30,22 thg 4,06:30,22 thg 4,2h 0m,"TP HCM (SGN)
Sân bay Tân Sơn Nhất
Nhà ga 1","Hải Phòng (HPH)
Sân bay quốc tế Cát Bi",12-04-2025,,
VietJet Air,1.734.000 VND/khách,21:10,22 thg 4,23:05,22 thg 4,1h 55m,"TP HCM (SGN)
Sân bay Tân Sơn Nhất
Nhà ga 1","Hải Phòng (HPH)
Sân bay quốc tế Cát Bi",12-04-2025,,
VietJet Air,1.734.000 VND/khách,19:15,22 thg 4,21:15,22 thg 4,2h 0m,"TP HCM (SGN)
Sân bay Tân Sơn Nhất
Nhà ga 1","Hải Phòng (HPH)
Sân bay quốc tế Cát Bi",12-04-2025,,
VietJet Air,1.734.000 VND/khách,20:10,22 thg 4,22:10,22 thg 4,2h 0m,"TP HCM (SGN)
Sân bay Tân Sơn Nhất
Nhà ga 1","Hải Phòng (HPH)
Sân bay quốc tế Cát Bi",12-04-2025,,
Vietnam Airlines,1.762.236 VND/khách,20:30,22 thg 4,22:30,22 thg 4,2h 0m,"TP HCM (SGN)
Sân bay Tân Sơn Nhất
Nhà ga 1","Hải Phòng (HPH)
Sân bay quốc tế Cát Bi",12-04-2025,,
Vietnam Airlines,1.769.229 VND/khách,17:55,22 thg 4,19:55,22 thg 4,2h 0m,"TP HCM (SGN)
Sân bay Tân Sơn Nhất
Nhà ga 1","Hải Phòng (HPH)
Sân bay quốc tế Cát Bi",12-04-2025,,
Vietnam Airlines,1.769.229 VND/khách,13:20,22 thg 4,15:25,22 thg 4,2h 5m,"TP HCM (SGN)
Sân bay Tân Sơn Nhất
Nhà ga 1","Hải Phòng (HPH)
Sân bay quốc tế Cát Bi",12-04-2025,,
VietJet Air,1.856.000 VND/khách,06:15,22 thg 4,08:15,22 thg 4,2h 0m,"TP HCM (SGN)
Sân bay Tân Sơn Nhất
Nhà ga 1","Hải Phòng (HPH)
Sân bay quốc tế Cát Bi",12-04-2025,,
VietJet Air,1.856.000 VND/khách,09:15,22 thg 4,11:15,22 thg 4,2h 0m,"TP HCM (SGN)
Sân bay Tân Sơn Nhất
Nhà ga 1","Hải Phòng (HPH)
Sân bay quốc tế Cát Bi",12-04-2025,,
VietJet Air,1.856.000 VND/khách,14:05,22 thg 4,16:05,22 thg 4,2h 0m,"TP HCM (SGN)
Sân bay Tân Sơn Nhất
Nhà ga 1","Hải Phòng (HPH)
Sân bay quốc tế Cát Bi",12-04-2025,,
VietJet Air,1.856.000 VND/khách,16:10,22 thg 4,18:10,22 thg 4,2h 0m,"TP HCM (SGN)
Sân bay Tân Sơn Nhất
Nhà ga 1","Hải Phòng (HPH)
Sân bay quốc tế Cát Bi",12-04-2025,,
Vietnam Airlines,1.984.014 VND/khách,07:45,22 thg 4,09:45,22 thg 4,2h 0m,"TP HCM (SGN)
Sân bay Tân Sơn Nhất
Nhà ga 1","Hải Phòng (HPH)
Sân bay quốc tế Cát Bi",12-04-2025,,
Bamboo Airways,1.663.416 VND/khách,20:05,23 thg 4,22:10,23 thg 4,2h 5m,"TP HCM (SGN)
Sân bay Tân Sơn Nhất","Hải Phòng (HPH)
Sân bay quốc tế Cát Bi",12-04-2025,,
VietJet Air,1.597.000 VND/khách,04:30,23 thg 4,06:30,23 thg 4,2h 0m,"TP HCM (SGN)
Sân bay Tân Sơn Nhất
Nhà ga 1","Hải Phòng (HPH)
Sân bay quốc tế Cát Bi",12-04-2025,,
VietJet Air,1.601.000 VND/khách,21:10,23 thg 4,23:05,23 thg 4,1h 55m,"TP HCM (SGN)
Sân bay Tân Sơn Nhất
Nhà ga 1","Hải Phòng (HPH)
Sân bay quốc tế Cát Bi",12-04-2025,,
VietJet Air,1.734.000 VND/khách,19:15,23 thg 4,21:15,23 thg 4,2h 0m,"TP HCM (SGN)
Sân bay Tân Sơn Nhất
Nhà ga 1","Hải Phòng (HPH)
Sân bay quốc tế Cát Bi",12-04-2025,,
Vietnam Airlines,1.762.236 VND/khách,20:30,23 thg 4,22:30,23 thg 4,2h 0m,"TP HCM (SGN)
Sân bay Tân Sơn Nhất
Nhà ga 1","Hải Phòng (HPH)
Sân bay quốc tế Cát Bi",12-04-2025,,
Vietnam Airlines,1.769.229 VND/khách,17:55,23 thg 4,19:55,23 thg 4,2h 0m,"TP HCM (SGN)
Sân bay Tân Sơn Nhất
Nhà ga 1","Hải Phòng (HPH)
Sân bay quốc tế Cát Bi",12-04-2025,,
Vietnam Airlines,1.769.229 VND/khách,13:20,23 thg 4,15:25,23 thg 4,2h 5m,"TP HCM (SGN)
Sân bay Tân Sơn Nhất
Nhà ga 1","Hải Phòng (HPH)
Sân bay quốc tế Cát Bi",12-04-2025,,
VietJet Air,1.856.000 VND/khách,06:15,23 thg 4,08:15,23 thg 4,2h 0m,"TP HCM (SGN)
Sân bay Tân Sơn Nhất
Nhà ga 1","Hải Phòng (HPH)
Sân bay quốc tế Cát Bi",12-04-2025,,
VietJet Air,1.856.000 VND/khách,11:35,23 thg 4,13:35,23 thg 4,2h 0m,"TP HCM (SGN)
Sân bay Tân Sơn Nhất
Nhà ga 1","Hải Phòng (HPH)
Sân bay quốc tế Cát Bi",12-04-2025,,
VietJet Air,1.856.000 VND/khách,16:10,23 thg 4,18:10,23 thg 4,2h 0m,"TP HCM (SGN)
Sân bay Tân Sơn Nhất
Nhà ga 1","Hải Phòng (HPH)
Sân bay quốc tế Cát Bi",12-04-2025,,
VietJet Air,1.601.000 VND/khách,04:30,24 thg 4,06:30,24 thg 4,2h 0m,"TP HCM (SGN)
Sân bay Tân Sơn Nhất
Nhà ga 1","Hải Phòng (HPH)
Sân bay quốc tế Cát Bi",12-04-2025,,
VietJet Air,1.734.000 VND/khách,21:10,24 thg 4,23:05,24 thg 4,1h 55m,"TP HCM (SGN)
Sân bay Tân Sơn Nhất
Nhà ga 1","Hải Phòng (HPH)
Sân bay quốc tế Cát Bi",12-04-2025,,
VietJet Air,1.734.000 VND/khách,19:15,24 thg 4,21:15,24 thg 4,2h 0m,"TP HCM (SGN)
Sân bay Tân Sơn Nhất
Nhà ga 1","Hải Phòng (HPH)
Sân bay quốc tế Cát Bi",12-04-2025,,
VietJet Air,1.734.000 VND/khách,20:10,24 thg 4,22:10,24 thg 4,2h 0m,"TP HCM (SGN)
Sân bay Tân Sơn Nhất
Nhà ga 1","Hải Phòng (HPH)
Sân bay quốc tế Cát Bi",12-04-2025,,
Vietnam Airlines,1.769.229 VND/khách,07:45,24 thg 4,09:45,24 thg 4,2h 0m,"TP HCM (SGN)
Sân bay Tân Sơn Nhất
Nhà ga 1","Hải Phòng (HPH)
Sân bay quốc tế Cát Bi",12-04-2025,,
Vietnam Airlines,1.773.225 VND/khách,17:55,24 thg 4,19:55,24 thg 4,2h 0m,"TP HCM (SGN)
Sân bay Tân Sơn Nhất
Nhà ga 1","Hải Phòng (HPH)
Sân bay quốc tế Cát Bi",12-04-2025,,
VietJet Air,1.856.000 VND/khách,06:15,24 thg 4,08:15,24 thg 4,2h 0m,"TP HCM (SGN)
Sân bay Tân Sơn Nhất
Nhà ga 1","Hải Phòng (HPH)
Sân bay quốc tế Cát Bi",12-04-2025,,
VietJet Air,1.856.000 VND/khách,09:15,24 thg 4,11:15,24 thg 4,2h 0m,"TP HCM (SGN)
Sân bay Tân Sơn Nhất
Nhà ga 1","Hải Phòng (HPH)
Sân bay quốc tế Cát Bi",12-04-2025,,
VietJet Air,1.856.000 VND/khách,14:40,24 thg 4,16:40,24 thg 4,2h 0m,"TP HCM (SGN)
Sân bay Tân Sơn Nhất
Nhà ga 1","Hải Phòng (HPH)
Sân bay quốc tế Cát Bi",12-04-2025,,
Vietnam Airlines,1.976.022 VND/khách,20:30,24 thg 4,22:30,24 thg 4,2h 0m,"TP HCM (SGN)
Sân bay Tân Sơn Nhất
Nhà ga 1","Hải Phòng (HPH)
Sân bay quốc tế Cát Bi",12-04-2025,,
Vietnam Airlines,1.976.022 VND/khách,13:20,24 thg 4,15:25,24 thg 4,2h 5m,"TP HCM (SGN)
Sân bay Tân Sơn Nhất
Nhà ga 1","Hải Phòng (HPH)
Sân bay quốc tế Cát Bi",12-04-2025,,
Bamboo Airways,1.938.782 VND/khách,20:05,25 thg 4,22:10,25 thg 4,2h 5m,"TP HCM (SGN)
Sân bay Tân Sơn Nhất","Hải Phòng (HPH)
Sân bay quốc tế Cát Bi",12-04-2025,,
VietJet Air,1.734.000 VND/khách,21:10,25 thg 4,23:05,25 thg 4,1h 55m,"TP HCM (SGN)
Sân bay Tân Sơn Nhất
Nhà ga 1","Hải Phòng (HPH)
Sân bay quốc tế Cát Bi",12-04-2025,,
VietJet Air,1.734.000 VND/khách,04:30,25 thg 4,06:30,25 thg 4,2h 0m,"TP HCM (SGN)
Sân bay Tân Sơn Nhất
Nhà ga 1","Hải Phòng (HPH)
Sân bay quốc tế Cát Bi",12-04-2025,,
VietJet Air,1.734.000 VND/khách,06:15,25 thg 4,08:15,25 thg 4,2h 0m,"TP HCM (SGN)
Sân bay Tân Sơn Nhất
Nhà ga 1","Hải Phòng (HPH)
Sân bay quốc tế Cát Bi",12-04-2025,,
VietJet Air,1.734.000 VND/khách,16:10,25 thg 4,18:10,25 thg 4,2h 0m,"TP HCM (SGN)
Sân bay Tân Sơn Nhất
Nhà ga 1","Hải Phòng (HPH)
Sân bay quốc tế Cát Bi",12-04-2025,,
VietJet Air,1.734.000 VND/khách,19:15,25 thg 4,21:15,25 thg 4,2h 0m,"TP HCM (SGN)
Sân bay Tân Sơn Nhất
Nhà ga 1","Hải Phòng (HPH)
Sân bay quốc tế Cát Bi",12-04-2025,,
VietJet Air,1.856.000 VND/khách,11:35,25 thg 4,13:35,25 thg 4,2h 0m,"TP HCM (SGN)
Sân bay Tân Sơn Nhất
Nhà ga 1","Hải Phòng (HPH)
Sân bay quốc tế Cát Bi",12-04-2025,,
Vietnam Airlines,2.209.788 VND/khách,20:30,25 thg 4,22:30,25 thg 4,2h 0m,"TP HCM (SGN)
Sân bay Tân Sơn Nhất
Nhà ga 1","Hải Phòng (HPH)
Sân bay quốc tế Cát Bi",12-04-2025,,
Vietnam Airlines,2.253.744 VND/khách,13:20,25 thg 4,15:25,25 thg 4,2h 5m,"TP HCM (SGN)
Sân bay Tân Sơn Nhất
Nhà ga 1","Hải Phòng (HPH)
Sân bay quốc tế Cát Bi",12-04-2025,,
Vietnam Airlines,2.948.049 VND/khách,07:45,25 thg 4,09:45,25 thg 4,2h 0m,"TP HCM (SGN)
Sân bay Tân Sơn Nhất
Nhà ga 1","Hải Phòng (HPH)
Sân bay quốc tế Cát Bi",12-04-2025,,
VietJet Air,1.734.000 VND/khách,21:10,26 thg 4,23:05,26 thg 4,1h 55m,"TP HCM (SGN)
Sân bay Tân Sơn Nhất
Nhà ga 1","Hải Phòng (HPH)
Sân bay quốc tế Cát Bi",12-04-2025,,
VietJet Air,1.734.000 VND/khách,19:15,26 thg 4,21:15,26 thg 4,2h 0m,"TP HCM (SGN)
Sân bay Tân Sơn Nhất
Nhà ga 1","Hải Phòng (HPH)
Sân bay quốc tế Cát Bi",12-04-2025,,
VietJet Air,1.734.000 VND/khách,20:10,26 thg 4,22:10,26 thg 4,2h 0m,"TP HCM (SGN)
Sân bay Tân Sơn Nhất
Nhà ga 1","Hải Phòng (HPH)
Sân bay quốc tế Cát Bi",12-04-2025,,
VietJet Air,1.856.000 VND/khách,04:30,26 thg 4,06:30,26 thg 4,2h 0m,"TP HCM (SGN)
Sân bay Tân Sơn Nhất
Nhà ga 1","Hải Phòng (HPH)
Sân bay quốc tế Cát Bi",12-04-2025,,
VietJet Air,1.856.000 VND/khách,06:15,26 thg 4,08:15,26 thg 4,2h 0m,"TP HCM (SGN)
Sân bay Tân Sơn Nhất
Nhà ga 1","Hải Phòng (HPH)
Sân bay quốc tế Cát Bi",12-04-2025,,
VietJet Air,1.856.000 VND/khách,14:05,26 thg 4,16:05,26 thg 4,2h 0m,"TP HCM (SGN)
Sân bay Tân Sơn Nhất
Nhà ga 1","Hải Phòng (HPH)
Sân bay quốc tế Cát Bi",12-04-2025,,
VietJet Air,1.856.000 VND/khách,16:10,26 thg 4,18:10,26 thg 4,2h 0m,"TP HCM (SGN)
Sân bay Tân Sơn Nhất
Nhà ga 1","Hải Phòng (HPH)
Sân bay quốc tế Cát Bi",12-04-2025,,
VietJet Air,2.027.000 VND/khách,09:15,26 thg 4,11:15,26 thg 4,2h 0m,"TP HCM (SGN)
Sân bay Tân Sơn Nhất
Nhà ga 1","Hải Phòng (HPH)
Sân bay quốc tế Cát Bi",12-04-2025,,
Vietnam Airlines,2.205.792 VND/khách,20:30,26 thg 4,22:30,26 thg 4,2h 0m,"TP HCM (SGN)
Sân bay Tân Sơn Nhất
Nhà ga 1","Hải Phòng (HPH)
Sân bay quốc tế Cát Bi",12-04-2025,,
Vietnam Airlines,2.449.548 VND/khách,17:55,26 thg 4,19:55,26 thg 4,2h 0m,"TP HCM (SGN)
Sân bay Tân Sơn Nhất
Nhà ga 1","Hải Phòng (HPH)
Sân bay quốc tế Cát Bi",12-04-2025,,
Vietnam Airlines,2.460.537 VND/khách,07:45,26 thg 4,09:45,26 thg 4,2h 0m,"TP HCM (SGN)
Sân bay Tân Sơn Nhất
Nhà ga 1","Hải Phòng (HPH)
Sân bay quốc tế Cát Bi",12-04-2025,,
Vietnam Airlines,2.493.504 VND/khách,13:20,26 thg 4,15:25,26 thg 4,2h 5m,"TP HCM (SGN)
Sân bay Tân Sơn Nhất
Nhà ga 1","Hải Phòng (HPH)
Sân bay quốc tế Cát Bi",12-04-2025,,
Bamboo Airways,1.815.275 VND/khách,20:05,27 thg 4,22:10,27 thg 4,2h 5m,"TP HCM (SGN)
Sân bay Tân Sơn Nhất","Hải Phòng (HPH)
Sân bay quốc tế Cát Bi",12-04-2025,,
VietJet Air,1.734.000 VND/khách,21:10,27 thg 4,23:05,27 thg 4,1h 55m,"TP HCM (SGN)
Sân bay Tân Sơn Nhất
Nhà ga 1","Hải Phòng (HPH)
Sân bay quốc tế Cát Bi",12-04-2025,,
VietJet Air,1.734.000 VND/khách,19:15,27 thg 4,21:15,27 thg 4,2h 0m,"TP HCM (SGN)
Sân bay Tân Sơn Nhất
Nhà ga 1","Hải Phòng (HPH)
Sân bay quốc tế Cát Bi",12-04-2025,,
VietJet Air,1.734.000 VND/khách,20:10,27 thg 4,22:10,27 thg 4,2h 0m,"TP HCM (SGN)
Sân bay Tân Sơn Nhất
Nhà ga 1","Hải Phòng (HPH)
Sân bay quốc tế Cát Bi",12-04-2025,,
VietJet Air,1.856.000 VND/khách,04:30,27 thg 4,06:30,27 thg 4,2h 0m,"TP HCM (SGN)
Sân bay Tân Sơn Nhất
Nhà ga 1","Hải Phòng (HPH)
Sân bay quốc tế Cát Bi",12-04-2025,,
VietJet Air,1.856.000 VND/khách,06:15,27 thg 4,08:15,27 thg 4,2h 0m,"TP HCM (SGN)
Sân bay Tân Sơn Nhất
Nhà ga 1","Hải Phòng (HPH)
Sân bay quốc tế Cát Bi",12-04-2025,,
VietJet Air,1.856.000 VND/khách,16:10,27 thg 4,18:10,27 thg 4,2h 0m,"TP HCM (SGN)
Sân bay Tân Sơn Nhất
Nhà ga 1","Hải Phòng (HPH)
Sân bay quốc tế Cát Bi",12-04-2025,,
VietJet Air,2.200.000 VND/khách,11:35,27 thg 4,13:35,27 thg 4,2h 0m,"TP HCM (SGN)
Sân bay Tân Sơn Nhất
Nhà ga 1","Hải Phòng (HPH)
Sân bay quốc tế Cát Bi",12-04-2025,,
Vietnam Airlines,2.275.722 VND/khách,21:10,27 thg 4,23:10,27 thg 4,2h 0m,"TP HCM (SGN)
Sân bay Tân Sơn Nhất
Nhà ga 1","Hải Phòng (HPH)
Sân bay quốc tế Cát Bi",12-04-2025,,
Vietnam Airlines,2.453.544 VND/khách,13:25,27 thg 4,15:25,27 thg 4,2h 0m,"TP HCM (SGN)
Sân bay Tân Sơn Nhất
Nhà ga 1","Hải Phòng (HPH)
Sân bay quốc tế Cát Bi",12-04-2025,,
Vietnam Airlines,2.460.537 VND/khách,17:55,27 thg 4,19:55,27 thg 4,2h 0m,"TP HCM (SGN)
Sân bay Tân Sơn Nhất
Nhà ga 1","Hải Phòng (HPH)
Sân bay quốc tế Cát Bi",12-04-2025,,
Bamboo Airways,1.815.275 VND/khách,20:05,28 thg 4,22:10,28 thg 4,2h 5m,"TP HCM (SGN)
Sân bay Tân Sơn Nhất","Hải Phòng (HPH)
Sân bay quốc tế Cát Bi",12-04-2025,,
VietJet Air,1.734.000 VND/khách,21:10,28 thg 4,23:05,28 thg 4,1h 55m,"TP HCM (SGN)
Sân bay Tân Sơn Nhất
Nhà ga 1","Hải Phòng (HPH)
Sân bay quốc tế Cát Bi",12-04-2025,,
VietJet Air,1.734.000 VND/khách,19:15,28 thg 4,21:15,28 thg 4,2h 0m,"TP HCM (SGN)
Sân bay Tân Sơn Nhất
Nhà ga 1","Hải Phòng (HPH)
Sân bay quốc tế Cát Bi",12-04-2025,,
VietJet Air,1.734.000 VND/khách,20:10,28 thg 4,22:10,28 thg 4,2h 0m,"TP HCM (SGN)
Sân bay Tân Sơn Nhất
Nhà ga 1","Hải Phòng (HPH)
Sân bay quốc tế Cát Bi",12-04-2025,,
VietJet Air,1.856.000 VND/khách,06:15,28 thg 4,08:15,28 thg 4,2h 0m,"TP HCM (SGN)
Sân bay Tân Sơn Nhất
Nhà ga 1","Hải Phòng (HPH)
Sân bay quốc tế Cát Bi",12-04-2025,,
VietJet Air,1.856.000 VND/khách,09:15,28 thg 4,11:15,28 thg 4,2h 0m,"TP HCM (SGN)
Sân bay Tân Sơn Nhất
Nhà ga 1","Hải Phòng (HPH)
Sân bay quốc tế Cát Bi",12-04-2025,,
VietJet Air,1.856.000 VND/khách,16:10,28 thg 4,18:10,28 thg 4,2h 0m,"TP HCM (SGN)
Sân bay Tân Sơn Nhất
Nhà ga 1","Hải Phòng (HPH)
Sân bay quốc tế Cát Bi",12-04-2025,,
VietJet Air,1.858.000 VND/khách,04:30,28 thg 4,06:30,28 thg 4,2h 0m,"TP HCM (SGN)
Sân bay Tân Sơn Nhất
Nhà ga 1","Hải Phòng (HPH)
Sân bay quốc tế Cát Bi",12-04-2025,,
Vietnam Airlines,2.234.763 VND/khách,20:30,28 thg 4,22:30,28 thg 4,2h 0m,"TP HCM (SGN)
Sân bay Tân Sơn Nhất
Nhà ga 1","Hải Phòng (HPH)
Sân bay quốc tế Cát Bi",12-04-2025,,
Vietnam Airlines,2.448.051 VND/khách,07:45,28 thg 4,09:45,28 thg 4,2h 0m,"TP HCM (SGN)
Sân bay Tân Sơn Nhất
Nhà ga 1","Hải Phòng (HPH)
Sân bay quốc tế Cát Bi",12-04-2025,,
Vietnam Airlines,2.448.051 VND/khách,13:25,28 thg 4,15:25,28 thg 4,2h 0m,"TP HCM (SGN)
Sân bay Tân Sơn Nhất
Nhà ga 1","Hải Phòng (HPH)
Sân bay quốc tế Cát Bi",12-04-2025,,
VietJet Air,2.200.000 VND/khách,04:30,29 thg 4,06:30,29 thg 4,2h 0m,"TP HCM (SGN)
Sân bay Tân Sơn Nhất
Nhà ga 1","Hải Phòng (HPH)
Sân bay quốc tế Cát Bi",12-04-2025,,
VietJet Air,2.200.000 VND/khách,06:15,29 thg 4,08:15,29 thg 4,2h 0m,"TP HCM (SGN)
Sân bay Tân Sơn Nhất
Nhà ga 1","Hải Phòng (HPH)
Sân bay quốc tế Cát Bi",12-04-2025,,
VietJet Air,2.374.000 VND/khách,16:10,29 thg 4,18:10,29 thg 4,2h 0m,"TP HCM (SGN)
Sân bay Tân Sơn Nhất
Nhà ga 1","Hải Phòng (HPH)
Sân bay quốc tế Cát Bi",12-04-2025,,
VietJet Air,2.570.000 VND/khách,21:10,29 thg 4,23:05,29 thg 4,1h 55m,"TP HCM (SGN)
Sân bay Tân Sơn Nhất
Nhà ga 1","Hải Phòng (HPH)
Sân bay quốc tế Cát Bi",12-04-2025,,
VietJet Air,2.570.000 VND/khách,14:05,29 thg 4,16:05,29 thg 4,2h 0m,"TP HCM (SGN)
Sân bay Tân Sơn Nhất
Nhà ga 1","Hải Phòng (HPH)
Sân bay quốc tế Cát Bi",12-04-2025,,
VietJet Air,2.570.000 VND/khách,19:15,29 thg 4,21:15,29 thg 4,2h 0m,"TP HCM (SGN)
Sân bay Tân Sơn Nhất
Nhà ga 1","Hải Phòng (HPH)
Sân bay quốc tế Cát Bi",12-04-2025,,
Vietnam Airlines,2.895.980 VND/khách,07:45,29 thg 4,09:45,29 thg 4,2h 0m,"TP HCM (SGN)
Sân bay Tân Sơn Nhất
Nhà ga 1","Hải Phòng (HPH)
Sân bay quốc tế Cát Bi",12-04-2025,,
Vietnam Airlines,2.895.980 VND/khách,13:25,29 thg 4,15:25,29 thg 4,2h 0m,"TP HCM (SGN)
Sân bay Tân Sơn Nhất
Nhà ga 1","Hải Phòng (HPH)
Sân bay quốc tế Cát Bi",12-04-2025,,
Vietnam Airlines,2.895.980 VND/khách,17:55,29 thg 4,19:55,29 thg 4,2h 0m,"TP HCM (SGN)
Sân bay Tân Sơn Nhất
Nhà ga 1","Hải Phòng (HPH)
Sân bay quốc tế Cát Bi",12-04-2025,,
Vietnam Airlines,2.895.980 VND/khách,20:30,29 thg 4,22:30,29 thg 4,2h 0m,"TP HCM (SGN)
Sân bay Tân Sơn Nhất
Nhà ga 1","Hải Phòng (HPH)
Sân bay quốc tế Cát Bi",12-04-2025,,
VietJet Air,3.114.000 VND/khách,09:15,29 thg 4,11:15,29 thg 4,2h 0m,"TP HCM (SGN)
Sân bay Tân Sơn Nhất
Nhà ga 1","Hải Phòng (HPH)
Sân bay quốc tế Cát Bi",12-04-2025,,
VietJet Air,3.399.000 VND/khách,20:10,29 thg 4,22:10,29 thg 4,2h 0m,"TP HCM (SGN)
Sân bay Tân Sơn Nhất
Nhà ga 1","Hải Phòng (HPH)
Sân bay quốc tế Cát Bi",12-04-2025,,
VietJet Air,1.597.000 VND/khách,21:10,30 thg 4,23:05,30 thg 4,1h 55m,"TP HCM (SGN)
Sân bay Tân Sơn Nhất
Nhà ga 1","Hải Phòng (HPH)
Sân bay quốc tế Cát Bi",12-04-2025,,
VietJet Air,1.734.000 VND/khách,20:10,30 thg 4,22:10,30 thg 4,2h 0m,"TP HCM (SGN)
Sân bay Tân Sơn Nhất
Nhà ga 1","Hải Phòng (HPH)
Sân bay quốc tế Cát Bi",12-04-2025,,
VietJet Air,1.745.000 VND/khách,19:15,30 thg 4,21:15,30 thg 4,2h 0m,"TP HCM (SGN)
Sân bay Tân Sơn Nhất
Nhà ga 1","Hải Phòng (HPH)
Sân bay quốc tế Cát Bi",12-04-2025,,
VietJet Air,2.200.000 VND/khách,11:35,30 thg 4,13:35,30 thg 4,2h 0m,"TP HCM (SGN)
Sân bay Tân Sơn Nhất
Nhà ga 1","Hải Phòng (HPH)
Sân bay quốc tế Cát Bi",12-04-2025,,
VietJet Air,2.200.000 VND/khách,16:10,30 thg 4,18:10,30 thg 4,2h 0m,"TP HCM (SGN)
Sân bay Tân Sơn Nhất
Nhà ga 1","Hải Phòng (HPH)
Sân bay quốc tế Cát Bi",12-04-2025,,
VietJet Air,2.202.000 VND/khách,04:30,30 thg 4,06:30,30 thg 4,2h 0m,"TP HCM (SGN)
Sân bay Tân Sơn Nhất
Nhà ga 1","Hải Phòng (HPH)
Sân bay quốc tế Cát Bi",12-04-2025,,
VietJet Air,2.374.000 VND/khách,06:15,30 thg 4,08:15,30 thg 4,2h 0m,"TP HCM (SGN)
Sân bay Tân Sơn Nhất
Nhà ga 1","Hải Phòng (HPH)
Sân bay quốc tế Cát Bi",12-04-2025,,
Vietnam Airlines,2.468.529 VND/khách,13:20,30 thg 4,15:25,30 thg 4,2h 5m,"TP HCM (SGN)
Sân bay Tân Sơn Nhất
Nhà ga 1","Hải Phòng (HPH)
Sân bay quốc tế Cát Bi",12-04-2025,,
Vietnam Airlines,2.897.100 VND/khách,17:55,30 thg 4,19:55,30 thg 4,2h 0m,"TP HCM (SGN)
Sân bay Tân Sơn Nhất
Nhà ga 1","Hải Phòng (HPH)
Sân bay quốc tế Cát Bi",12-04-2025,,
Vietnam Airlines,2.897.100 VND/khách,20:30,30 thg 4,22:30,30 thg 4,2h 0m,"TP HCM (SGN)
Sân bay Tân Sơn Nhất
Nhà ga 1","Hải Phòng (HPH)
Sân bay quốc tế Cát Bi",12-04-2025,,
Vietnam Airlines,3.924.072 VND/khách,07:45,30 thg 4,09:45,30 thg 4,2h 0m,"TP HCM (SGN)
Sân bay Tân Sơn Nhất
Nhà ga 1","Hải Phòng (HPH)
Sân bay quốc tế Cát Bi",12-04-2025,,
Bamboo Airways,2.169.925 VND/khách,20:05,01 thg 5,22:10,01 thg 5,2h 5m,"TP HCM (SGN)
Sân bay Tân Sơn Nhất","Hải Phòng (HPH)
Sân bay quốc tế Cát Bi",13-04-2025,,
VietJet Air,1.738.265 VND/khách,04:30,01 thg 5,06:30,01 thg 5,2h 0m,"TP HCM (SGN)
Sân bay Tân Sơn Nhất
Nhà ga 1","Hải Phòng (HPH)
Sân bay quốc tế Cát Bi",13-04-2025,,
VietJet Air,1.738.265 VND/khách,06:15,01 thg 5,08:15,01 thg 5,2h 0m,"TP HCM (SGN)
Sân bay Tân Sơn Nhất
Nhà ga 1","Hải Phòng (HPH)
Sân bay quốc tế Cát Bi",13-04-2025,,
VietJet Air,1.848.710 VND/khách,21:10,01 thg 5,23:05,01 thg 5,1h 55m,"TP HCM (SGN)
Sân bay Tân Sơn Nhất
Nhà ga 1","Hải Phòng (HPH)
Sân bay quốc tế Cát Bi",13-04-2025,,
VietJet Air,1.848.710 VND/khách,20:10,01 thg 5,22:10,01 thg 5,2h 0m,"TP HCM (SGN)
Sân bay Tân Sơn Nhất
Nhà ga 1","Hải Phòng (HPH)
Sân bay quốc tế Cát Bi",13-04-2025,,
VietJet Air,2.018.855 VND/khách,09:15,01 thg 5,11:15,01 thg 5,2h 0m,"TP HCM (SGN)
Sân bay Tân Sơn Nhất
Nhà ga 1","Hải Phòng (HPH)
Sân bay quốc tế Cát Bi",13-04-2025,,
VietJet Air,2.018.855 VND/khách,14:05,01 thg 5,16:05,01 thg 5,2h 0m,"TP HCM (SGN)
Sân bay Tân Sơn Nhất
Nhà ga 1","Hải Phòng (HPH)
Sân bay quốc tế Cát Bi",13-04-2025,,
VietJet Air,2.018.855 VND/khách,19:15,01 thg 5,21:15,01 thg 5,2h 0m,"TP HCM (SGN)
Sân bay Tân Sơn Nhất
Nhà ga 1","Hải Phòng (HPH)
Sân bay quốc tế Cát Bi",13-04-2025,,
Bamboo Airways,2.169.925 VND/khách,20:05,01 thg 5,22:10,01 thg 5,2h 5m,"TP HCM (SGN)
Sân bay Tân Sơn Nhất","Hải Phòng (HPH)
Sân bay quốc tế Cát Bi",13-04-2025,,
Vietnam Airlines,2.491.506 VND/khách,13:20,01 thg 5,15:25,01 thg 5,2h 5m,"TP HCM (SGN)
Sân bay Tân Sơn Nhất
Nhà ga 1","Hải Phòng (HPH)
Sân bay quốc tế Cát Bi",13-04-2025,,
VietJet Air,2.787.990 VND/khách,16:10,01 thg 5,18:10,01 thg 5,2h 0m,"TP HCM (SGN)
Sân bay Tân Sơn Nhất
Nhà ga 1","Hải Phòng (HPH)
Sân bay quốc tế Cát Bi",13-04-2025,,
Vietnam Airlines,2.894.103 VND/khách,17:55,01 thg 5,19:55,01 thg 5,2h 0m,"TP HCM (SGN)
Sân bay Tân Sơn Nhất
Nhà ga 1","Hải Phòng (HPH)
Sân bay quốc tế Cát Bi",13-04-2025,,
Vietnam Airlines,2.964.033 VND/khách,07:45,01 thg 5,09:45,01 thg 5,2h 0m,"TP HCM (SGN)
Sân bay Tân Sơn Nhất
Nhà ga 1","Hải Phòng (HPH)
Sân bay quốc tế Cát Bi",13-04-2025,,
VietJet Air,1.738.265 VND/khách,04:30,02 thg 5,06:30,02 thg 5,2h 0m,"TP HCM (SGN)
Sân bay Tân Sơn Nhất
Nhà ga 1","Hải Phòng (HPH)
Sân bay quốc tế Cát Bi",13-04-2025,,
VietJet Air,1.848.710 VND/khách,06:15,02 thg 5,08:15,02 thg 5,2h 0m,"TP HCM (SGN)
Sân bay Tân Sơn Nhất
Nhà ga 1","Hải Phòng (HPH)
Sân bay quốc tế Cát Bi",13-04-2025,,
VietJet Air,1.877.565 VND/khách,21:10,02 thg 5,23:05,02 thg 5,1h 55m,"TP HCM (SGN)
Sân bay Tân Sơn Nhất
Nhà ga 1","Hải Phòng (HPH)
Sân bay quốc tế Cát Bi",13-04-2025,,
VietJet Air,2.018.855 VND/khách,19:15,02 thg 5,21:15,02 thg 5,2h 0m,"TP HCM (SGN)
Sân bay Tân Sơn Nhất
Nhà ga 1","Hải Phòng (HPH)
Sân bay quốc tế Cát Bi",13-04-2025,,
VietJet Air,2.018.855 VND/khách,20:10,02 thg 5,22:10,02 thg 5,2h 0m,"TP HCM (SGN)
Sân bay Tân Sơn Nhất
Nhà ga 1","Hải Phòng (HPH)
Sân bay quốc tế Cát Bi",13-04-2025,,
VietJet Air,2.364.120 VND/khách,11:35,02 thg 5,13:35,02 thg 5,2h 0m,"TP HCM (SGN)
Sân bay Tân Sơn Nhất
Nhà ga 1","Hải Phòng (HPH)
Sân bay quốc tế Cát Bi",13-04-2025,,
Vietnam Airlines,2.495.502 VND/khách,13:20,02 thg 5,15:25,02 thg 5,2h 5m,"TP HCM (SGN)
Sân bay Tân Sơn Nhất
Nhà ga 1","Hải Phòng (HPH)
Sân bay quốc tế Cát Bi",13-04-2025,,
Vietnam Airlines,2.950.047 VND/khách,07:45,02 thg 5,09:45,02 thg 5,2h 0m,"TP HCM (SGN)
Sân bay Tân Sơn Nhất
Nhà ga 1","Hải Phòng (HPH)
Sân bay quốc tế Cát Bi",13-04-2025,,
Vietnam Airlines,2.950.047 VND/khách,20:30,02 thg 5,22:30,02 thg 5,2h 0m,"TP HCM (SGN)
Sân bay Tân Sơn Nhất
Nhà ga 1","Hải Phòng (HPH)
Sân bay quốc tế Cát Bi",13-04-2025,,
VietJet Air,2.957.140 VND/khách,16:10,02 thg 5,18:10,02 thg 5,2h 0m,"TP HCM (SGN)
Sân bay Tân Sơn Nhất
Nhà ga 1","Hải Phòng (HPH)
Sân bay quốc tế Cát Bi",13-04-2025,,
Vietnam Airlines,3.204.792 VND/khách,17:55,02 thg 5,19:55,02 thg 5,2h 0m,"TP HCM (SGN)
Sân bay Tân Sơn Nhất
Nhà ga 1","Hải Phòng (HPH)
Sân bay quốc tế Cát Bi",13-04-2025,,
Bamboo Airways,3.072.883 VND/khách,20:05,03 thg 5,22:10,03 thg 5,2h 5m,"TP HCM (SGN)
Sân bay Tân Sơn Nhất","Hải Phòng (HPH)
Sân bay quốc tế Cát Bi",13-04-2025,,
VietJet Air,2.345.003 VND/khách,06:15,03 thg 5,08:15,03 thg 5,2h 0m,"TP HCM (SGN)
Sân bay Tân Sơn Nhất
Nhà ga 1","Hải Phòng (HPH)
Sân bay quốc tế Cát Bi",13-04-2025,,
VietJet Air,2.802.915 VND/khách,09:15,03 thg 5,11:15,03 thg 5,2h 0m,"TP HCM (SGN)
Sân bay Tân Sơn Nhất
Nhà ga 1","Hải Phòng (HPH)
Sân bay quốc tế Cát Bi",13-04-2025,,
VietJet Air,2.957.140 VND/khách,14:05,03 thg 5,16:05,03 thg 5,2h 0m,"TP HCM (SGN)
Sân bay Tân Sơn Nhất
Nhà ga 1","Hải Phòng (HPH)
Sân bay quốc tế Cát Bi",13-04-2025,,
VietJet Air,3.100.420 VND/khách,21:10,03 thg 5,23:05,03 thg 5,1h 55m,"TP HCM (SGN)
Sân bay Tân Sơn Nhất
Nhà ga 1","Hải Phòng (HPH)
Sân bay quốc tế Cát Bi",13-04-2025,,
Vietnam Airlines,3.134.862 VND/khách,07:45,03 thg 5,09:45,03 thg 5,2h 0m,"TP HCM (SGN)
Sân bay Tân Sơn Nhất
Nhà ga 1","Hải Phòng (HPH)
Sân bay quốc tế Cát Bi",13-04-2025,,
Vietnam Airlines,3.374.622 VND/khách,13:20,03 thg 5,15:25,03 thg 5,2h 5m,"TP HCM (SGN)
Sân bay Tân Sơn Nhất
Nhà ga 1","Hải Phòng (HPH)
Sân bay quốc tế Cát Bi",13-04-2025,,
VietJet Air,3.383.995 VND/khách,16:10,03 thg 5,18:10,03 thg 5,2h 0m,"TP HCM (SGN)
Sân bay Tân Sơn Nhất
Nhà ga 1","Hải Phòng (HPH)
Sân bay quốc tế Cát Bi",13-04-2025,,
VietJet Air,3.383.995 VND/khách,20:10,03 thg 5,22:10,03 thg 5,2h 0m,"TP HCM (SGN)
Sân bay Tân Sơn Nhất
Nhà ga 1","Hải Phòng (HPH)
Sân bay quốc tế Cát Bi",13-04-2025,,
Bamboo Airways,1.806.199 VND/khách,20:05,21 thg 4,22:10,21 thg 4,2h 5m,"TP HCM (SGN)
Sân bay Tân Sơn Nhất","Hải Phòng (HPH)
Sân bay quốc tế Cát Bi",13-04-2025,,
VietJet Air,1.594.985 VND/khách,21:10,21 thg 4,23:05,21 thg 4,1h 55m,"TP HCM (SGN)
Sân bay Tân Sơn Nhất
Nhà ga 1","Hải Phòng (HPH)
Sân bay quốc tế Cát Bi",13-04-2025,,
VietJet Air,1.738.265 VND/khách,04:30,21 thg 4,06:30,21 thg 4,2h 0m,"TP HCM (SGN)
Sân bay Tân Sơn Nhất
Nhà ga 1","Hải Phòng (HPH)
Sân bay quốc tế Cát Bi",13-04-2025,,
VietJet Air,1.738.265 VND/khách,20:10,21 thg 4,22:10,21 thg 4,2h 0m,"TP HCM (SGN)
Sân bay Tân Sơn Nhất
Nhà ga 1","Hải Phòng (HPH)
Sân bay quốc tế Cát Bi",13-04-2025,,
VietJet Air,1.848.710 VND/khách,06:15,21 thg 4,08:15,21 thg 4,2h 0m,"TP HCM (SGN)
Sân bay Tân Sơn Nhất
Nhà ga 1","Hải Phòng (HPH)
Sân bay quốc tế Cát Bi",13-04-2025,,
VietJet Air,1.848.710 VND/khách,09:15,21 thg 4,11:15,21 thg 4,2h 0m,"TP HCM (SGN)
Sân bay Tân Sơn Nhất
Nhà ga 1","Hải Phòng (HPH)
Sân bay quốc tế Cát Bi",13-04-2025,,
VietJet Air,1.848.710 VND/khách,16:10,21 thg 4,18:10,21 thg 4,2h 0m,"TP HCM (SGN)
Sân bay Tân Sơn Nhất
Nhà ga 1","Hải Phòng (HPH)
Sân bay quốc tế Cát Bi",13-04-2025,,
Vietnam Airlines,1.970.028 VND/khách,17:55,21 thg 4,19:55,21 thg 4,2h 0m,"TP HCM (SGN)
Sân bay Tân Sơn Nhất
Nhà ga 1","Hải Phòng (HPH)
Sân bay quốc tế Cát Bi",13-04-2025,,
Vietnam Airlines,1.974.024 VND/khách,20:30,21 thg 4,22:30,21 thg 4,2h 0m,"TP HCM (SGN)
Sân bay Tân Sơn Nhất
Nhà ga 1","Hải Phòng (HPH)
Sân bay quốc tế Cát Bi",13-04-2025,,
Vietnam Airlines,2.040.957 VND/khách,13:20,21 thg 4,15:25,21 thg 4,2h 5m,"TP HCM (SGN)
Sân bay Tân Sơn Nhất
Nhà ga 1","Hải Phòng (HPH)
Sân bay quốc tế Cát Bi",13-04-2025,,
VietJet Air,1.594.985 VND/khách,04:30,22 thg 4,06:30,22 thg 4,2h 0m,"TP HCM (SGN)
Sân bay Tân Sơn Nhất
Nhà ga 1","Hải Phòng (HPH)
Sân bay quốc tế Cát Bi",13-04-2025,,
VietJet Air,1.738.265 VND/khách,21:10,22 thg 4,23:05,22 thg 4,1h 55m,"TP HCM (SGN)
Sân bay Tân Sơn Nhất
Nhà ga 1","Hải Phòng (HPH)
Sân bay quốc tế Cát Bi",13-04-2025,,
VietJet Air,1.738.265 VND/khách,19:15,22 thg 4,21:15,22 thg 4,2h 0m,"TP HCM (SGN)
Sân bay Tân Sơn Nhất
Nhà ga 1","Hải Phòng (HPH)
Sân bay quốc tế Cát Bi",13-04-2025,,
VietJet Air,1.738.265 VND/khách,20:10,22 thg 4,22:10,22 thg 4,2h 0m,"TP HCM (SGN)
Sân bay Tân Sơn Nhất
Nhà ga 1","Hải Phòng (HPH)
Sân bay quốc tế Cát Bi",13-04-2025,,
Vietnam Airlines,1.760.238 VND/khách,20:30,22 thg 4,22:30,22 thg 4,2h 0m,"TP HCM (SGN)
Sân bay Tân Sơn Nhất
Nhà ga 1","Hải Phòng (HPH)
Sân bay quốc tế Cát Bi",13-04-2025,,
Vietnam Airlines,1.768.230 VND/khách,17:55,22 thg 4,19:55,22 thg 4,2h 0m,"TP HCM (SGN)
Sân bay Tân Sơn Nhất
Nhà ga 1","Hải Phòng (HPH)
Sân bay quốc tế Cát Bi",13-04-2025,,
Vietnam Airlines,1.771.227 VND/khách,13:20,22 thg 4,15:25,22 thg 4,2h 5m,"TP HCM (SGN)
Sân bay Tân Sơn Nhất
Nhà ga 1","Hải Phòng (HPH)
Sân bay quốc tế Cát Bi",13-04-2025,,
VietJet Air,1.848.710 VND/khách,06:15,22 thg 4,08:15,22 thg 4,2h 0m,"TP HCM (SGN)
Sân bay Tân Sơn Nhất
Nhà ga 1","Hải Phòng (HPH)
Sân bay quốc tế Cát Bi",13-04-2025,,
VietJet Air,1.848.710 VND/khách,09:15,22 thg 4,11:15,22 thg 4,2h 0m,"TP HCM (SGN)
Sân bay Tân Sơn Nhất
Nhà ga 1","Hải Phòng (HPH)
Sân bay quốc tế Cát Bi",13-04-2025,,
VietJet Air,1.848.710 VND/khách,14:05,22 thg 4,16:05,22 thg 4,2h 0m,"TP HCM (SGN)
Sân bay Tân Sơn Nhất
Nhà ga 1","Hải Phòng (HPH)
Sân bay quốc tế Cát Bi",13-04-2025,,
VietJet Air,1.848.710 VND/khách,16:10,22 thg 4,18:10,22 thg 4,2h 0m,"TP HCM (SGN)
Sân bay Tân Sơn Nhất
Nhà ga 1","Hải Phòng (HPH)
Sân bay quốc tế Cát Bi",13-04-2025,,
Vietnam Airlines,2.040.957 VND/khách,07:45,22 thg 4,09:45,22 thg 4,2h 0m,"TP HCM (SGN)
Sân bay Tân Sơn Nhất
Nhà ga 1","Hải Phòng (HPH)
Sân bay quốc tế Cát Bi",13-04-2025,,
Bamboo Airways,1.663.416 VND/khách,20:05,23 thg 4,22:10,23 thg 4,2h 5m,"TP HCM (SGN)
Sân bay Tân Sơn Nhất","Hải Phòng (HPH)
Sân bay quốc tế Cát Bi",13-04-2025,,
VietJet Air,1.594.985 VND/khách,04:30,23 thg 4,06:30,23 thg 4,2h 0m,"TP HCM (SGN)
Sân bay Tân Sơn Nhất
Nhà ga 1","Hải Phòng (HPH)
Sân bay quốc tế Cát Bi",13-04-2025,,
VietJet Air,1.738.265 VND/khách,21:10,23 thg 4,23:05,23 thg 4,1h 55m,"TP HCM (SGN)
Sân bay Tân Sơn Nhất
Nhà ga 1","Hải Phòng (HPH)
Sân bay quốc tế Cát Bi",13-04-2025,,
VietJet Air,1.738.265 VND/khách,19:15,23 thg 4,21:15,23 thg 4,2h 0m,"TP HCM (SGN)
Sân bay Tân Sơn Nhất
Nhà ga 1","Hải Phòng (HPH)
Sân bay quốc tế Cát Bi",13-04-2025,,
Vietnam Airlines,1.764.234 VND/khách,20:30,23 thg 4,22:30,23 thg 4,2h 0m,"TP HCM (SGN)
Sân bay Tân Sơn Nhất
Nhà ga 1","Hải Phòng (HPH)
Sân bay quốc tế Cát Bi",13-04-2025,,
Vietnam Airlines,1.771.227 VND/khách,17:55,23 thg 4,19:55,23 thg 4,2h 0m,"TP HCM (SGN)
Sân bay Tân Sơn Nhất
Nhà ga 1","Hải Phòng (HPH)
Sân bay quốc tế Cát Bi",13-04-2025,,
Vietnam Airlines,1.771.227 VND/khách,13:20,23 thg 4,15:25,23 thg 4,2h 5m,"TP HCM (SGN)
Sân bay Tân Sơn Nhất
Nhà ga 1","Hải Phòng (HPH)
Sân bay quốc tế Cát Bi",13-04-2025,,
VietJet Air,1.848.710 VND/khách,06:15,23 thg 4,08:15,23 thg 4,2h 0m,"TP HCM (SGN)
Sân bay Tân Sơn Nhất
Nhà ga 1","Hải Phòng (HPH)
Sân bay quốc tế Cát Bi",13-04-2025,,
VietJet Air,1.848.710 VND/khách,11:35,23 thg 4,13:35,23 thg 4,2h 0m,"TP HCM (SGN)
Sân bay Tân Sơn Nhất
Nhà ga 1","Hải Phòng (HPH)
Sân bay quốc tế Cát Bi",13-04-2025,,
VietJet Air,1.848.710 VND/khách,16:10,23 thg 4,18:10,23 thg 4,2h 0m,"TP HCM (SGN)
Sân bay Tân Sơn Nhất
Nhà ga 1","Hải Phòng (HPH)
Sân bay quốc tế Cát Bi",13-04-2025,,
VietJet Air,1.591.005 VND/khách,04:30,24 thg 4,06:30,24 thg 4,2h 0m,"TP HCM (SGN)
Sân bay Tân Sơn Nhất
Nhà ga 1","Hải Phòng (HPH)
Sân bay quốc tế Cát Bi",13-04-2025,,
VietJet Air,1.727.320 VND/khách,21:10,24 thg 4,23:05,24 thg 4,1h 55m,"TP HCM (SGN)
Sân bay Tân Sơn Nhất
Nhà ga 1","Hải Phòng (HPH)
Sân bay quốc tế Cát Bi",13-04-2025,,
VietJet Air,1.727.320 VND/khách,19:15,24 thg 4,21:15,24 thg 4,2h 0m,"TP HCM (SGN)
Sân bay Tân Sơn Nhất
Nhà ga 1","Hải Phòng (HPH)
Sân bay quốc tế Cát Bi",13-04-2025,,
VietJet Air,1.727.320 VND/khách,20:10,24 thg 4,22:10,24 thg 4,2h 0m,"TP HCM (SGN)
Sân bay Tân Sơn Nhất
Nhà ga 1","Hải Phòng (HPH)
Sân bay quốc tế Cát Bi",13-04-2025,,
VietJet Air,1.848.710 VND/khách,06:15,24 thg 4,08:15,24 thg 4,2h 0m,"TP HCM (SGN)
Sân bay Tân Sơn Nhất
Nhà ga 1","Hải Phòng (HPH)
Sân bay quốc tế Cát Bi",13-04-2025,,
VietJet Air,1.848.710 VND/khách,09:15,24 thg 4,11:15,24 thg 4,2h 0m,"TP HCM (SGN)
Sân bay Tân Sơn Nhất
Nhà ga 1","Hải Phòng (HPH)
Sân bay quốc tế Cát Bi",13-04-2025,,
VietJet Air,1.848.710 VND/khách,14:40,24 thg 4,16:40,24 thg 4,2h 0m,"TP HCM (SGN)
Sân bay Tân Sơn Nhất
Nhà ga 1","Hải Phòng (HPH)
Sân bay quốc tế Cát Bi",13-04-2025,,
Vietnam Airlines,1.970.028 VND/khách,17:55,24 thg 4,19:55,24 thg 4,2h 0m,"TP HCM (SGN)
Sân bay Tân Sơn Nhất
Nhà ga 1","Hải Phòng (HPH)
Sân bay quốc tế Cát Bi",13-04-2025,,
Vietnam Airlines,1.974.024 VND/khách,20:30,24 thg 4,22:30,24 thg 4,2h 0m,"TP HCM (SGN)
Sân bay Tân Sơn Nhất
Nhà ga 1","Hải Phòng (HPH)
Sân bay quốc tế Cát Bi",13-04-2025,,
Vietnam Airlines,2.025.972 VND/khách,07:45,24 thg 4,09:45,24 thg 4,2h 0m,"TP HCM (SGN)
Sân bay Tân Sơn Nhất
Nhà ga 1","Hải Phòng (HPH)
Sân bay quốc tế Cát Bi",13-04-2025,,
Vietnam Airlines,2.040.957 VND/khách,13:20,24 thg 4,15:25,24 thg 4,2h 5m,"TP HCM (SGN)
Sân bay Tân Sơn Nhất
Nhà ga 1","Hải Phòng (HPH)
Sân bay quốc tế Cát Bi",13-04-2025,,
Bamboo Airways,1.938.782 VND/khách,20:05,25 thg 4,22:10,25 thg 4,2h 5m,"TP HCM (SGN)
Sân bay Tân Sơn Nhất","Hải Phòng (HPH)
Sân bay quốc tế Cát Bi",13-04-2025,,
VietJet Air,1.738.265 VND/khách,21:10,25 thg 4,23:05,25 thg 4,1h 55m,"TP HCM (SGN)
Sân bay Tân Sơn Nhất
Nhà ga 1","Hải Phòng (HPH)
Sân bay quốc tế Cát Bi",13-04-2025,,
VietJet Air,1.738.265 VND/khách,04:30,25 thg 4,06:30,25 thg 4,2h 0m,"TP HCM (SGN)
Sân bay Tân Sơn Nhất
Nhà ga 1","Hải Phòng (HPH)
Sân bay quốc tế Cát Bi",13-04-2025,,
VietJet Air,1.738.265 VND/khách,06:15,25 thg 4,08:15,25 thg 4,2h 0m,"TP HCM (SGN)
Sân bay Tân Sơn Nhất
Nhà ga 1","Hải Phòng (HPH)
Sân bay quốc tế Cát Bi",13-04-2025,,
VietJet Air,1.738.265 VND/khách,16:10,25 thg 4,18:10,25 thg 4,2h 0m,"TP HCM (SGN)
Sân bay Tân Sơn Nhất
Nhà ga 1","Hải Phòng (HPH)
Sân bay quốc tế Cát Bi",13-04-2025,,
VietJet Air,1.738.265 VND/khách,19:15,25 thg 4,21:15,25 thg 4,2h 0m,"TP HCM (SGN)
Sân bay Tân Sơn Nhất
Nhà ga 1","Hải Phòng (HPH)
Sân bay quốc tế Cát Bi",13-04-2025,,
VietJet Air,2.018.855 VND/khách,11:35,25 thg 4,13:35,25 thg 4,2h 0m,"TP HCM (SGN)
Sân bay Tân Sơn Nhất
Nhà ga 1","Hải Phòng (HPH)
Sân bay quốc tế Cát Bi",13-04-2025,,
Vietnam Airlines,2.210.787 VND/khách,20:30,25 thg 4,22:30,25 thg 4,2h 0m,"TP HCM (SGN)
Sân bay Tân Sơn Nhất
Nhà ga 1","Hải Phòng (HPH)
Sân bay quốc tế Cát Bi",13-04-2025,,
Vietnam Airlines,2.476.521 VND/khách,13:20,25 thg 4,15:25,25 thg 4,2h 5m,"TP HCM (SGN)
Sân bay Tân Sơn Nhất
Nhà ga 1","Hải Phòng (HPH)
Sân bay quốc tế Cát Bi",13-04-2025,,
Vietnam Airlines,3.159.837 VND/khách,07:45,25 thg 4,09:45,25 thg 4,2h 0m,"TP HCM (SGN)
Sân bay Tân Sơn Nhất
Nhà ga 1","Hải Phòng (HPH)
Sân bay quốc tế Cát Bi",13-04-2025,,
VietJet Air,1.738.265 VND/khách,21:10,26 thg 4,23:05,26 thg 4,1h 55m,"TP HCM (SGN)
Sân bay Tân Sơn Nhất
Nhà ga 1","Hải Phòng (HPH)
Sân bay quốc tế Cát Bi",13-04-2025,,
VietJet Air,1.738.265 VND/khách,19:15,26 thg 4,21:15,26 thg 4,2h 0m,"TP HCM (SGN)
Sân bay Tân Sơn Nhất
Nhà ga 1","Hải Phòng (HPH)
Sân bay quốc tế Cát Bi",13-04-2025,,
VietJet Air,1.738.265 VND/khách,20:10,26 thg 4,22:10,26 thg 4,2h 0m,"TP HCM (SGN)
Sân bay Tân Sơn Nhất
Nhà ga 1","Hải Phòng (HPH)
Sân bay quốc tế Cát Bi",13-04-2025,,
VietJet Air,1.848.710 VND/khách,04:30,26 thg 4,06:30,26 thg 4,2h 0m,"TP HCM (SGN)
Sân bay Tân Sơn Nhất
Nhà ga 1","Hải Phòng (HPH)
Sân bay quốc tế Cát Bi",13-04-2025,,
VietJet Air,1.848.710 VND/khách,06:15,26 thg 4,08:15,26 thg 4,2h 0m,"TP HCM (SGN)
Sân bay Tân Sơn Nhất
Nhà ga 1","Hải Phòng (HPH)
Sân bay quốc tế Cát Bi",13-04-2025,,
VietJet Air,1.848.710 VND/khách,16:10,26 thg 4,18:10,26 thg 4,2h 0m,"TP HCM (SGN)
Sân bay Tân Sơn Nhất
Nhà ga 1","Hải Phòng (HPH)
Sân bay quốc tế Cát Bi",13-04-2025,,
VietJet Air,2.018.855 VND/khách,14:05,26 thg 4,16:05,26 thg 4,2h 0m,"TP HCM (SGN)
Sân bay Tân Sơn Nhất
Nhà ga 1","Hải Phòng (HPH)
Sân bay quốc tế Cát Bi",13-04-2025,,
VietJet Air,2.190.990 VND/khách,09:15,26 thg 4,11:15,26 thg 4,2h 0m,"TP HCM (SGN)
Sân bay Tân Sơn Nhất
Nhà ga 1","Hải Phòng (HPH)
Sân bay quốc tế Cát Bi",13-04-2025,,
Vietnam Airlines,2.206.791 VND/khách,20:30,26 thg 4,22:30,26 thg 4,2h 0m,"TP HCM (SGN)
Sân bay Tân Sơn Nhất
Nhà ga 1","Hải Phòng (HPH)
Sân bay quốc tế Cát Bi",13-04-2025,,
Vietnam Airlines,2.488.509 VND/khách,13:20,26 thg 4,15:25,26 thg 4,2h 5m,"TP HCM (SGN)
Sân bay Tân Sơn Nhất
Nhà ga 1","Hải Phòng (HPH)
Sân bay quốc tế Cát Bi",13-04-2025,,
Vietnam Airlines,2.499.498 VND/khách,07:45,26 thg 4,09:45,26 thg 4,2h 0m,"TP HCM (SGN)
Sân bay Tân Sơn Nhất
Nhà ga 1","Hải Phòng (HPH)
Sân bay quốc tế Cát Bi",13-04-2025,,
Vietnam Airlines,2.499.498 VND/khách,17:55,26 thg 4,19:55,26 thg 4,2h 0m,"TP HCM (SGN)
Sân bay Tân Sơn Nhất
Nhà ga 1","Hải Phòng (HPH)
Sân bay quốc tế Cát Bi",13-04-2025,,
Bamboo Airways,1.806.199 VND/khách,20:05,27 thg 4,22:10,27 thg 4,2h 5m,"TP HCM (SGN)
Sân bay Tân Sơn Nhất","Hải Phòng (HPH)
Sân bay quốc tế Cát Bi",13-04-2025,,
VietJet Air,1.727.320 VND/khách,21:10,27 thg 4,23:05,27 thg 4,1h 55m,"TP HCM (SGN)
Sân bay Tân Sơn Nhất
Nhà ga 1","Hải Phòng (HPH)
Sân bay quốc tế Cát Bi",13-04-2025,,
VietJet Air,1.727.320 VND/khách,19:15,27 thg 4,21:15,27 thg 4,2h 0m,"TP HCM (SGN)
Sân bay Tân Sơn Nhất
Nhà ga 1","Hải Phòng (HPH)
Sân bay quốc tế Cát Bi",13-04-2025,,
VietJet Air,1.727.320 VND/khách,20:10,27 thg 4,22:10,27 thg 4,2h 0m,"TP HCM (SGN)
Sân bay Tân Sơn Nhất
Nhà ga 1","Hải Phòng (HPH)
Sân bay quốc tế Cát Bi",13-04-2025,,
VietJet Air,1.848.710 VND/khách,04:30,27 thg 4,06:30,27 thg 4,2h 0m,"TP HCM (SGN)
Sân bay Tân Sơn Nhất
Nhà ga 1","Hải Phòng (HPH)
Sân bay quốc tế Cát Bi",13-04-2025,,
VietJet Air,1.848.710 VND/khách,06:15,27 thg 4,08:15,27 thg 4,2h 0m,"TP HCM (SGN)
Sân bay Tân Sơn Nhất
Nhà ga 1","Hải Phòng (HPH)
Sân bay quốc tế Cát Bi",13-04-2025,,
VietJet Air,1.848.710 VND/khách,16:10,27 thg 4,18:10,27 thg 4,2h 0m,"TP HCM (SGN)
Sân bay Tân Sơn Nhất
Nhà ga 1","Hải Phòng (HPH)
Sân bay quốc tế Cát Bi",13-04-2025,,
Vietnam Airlines,1.993.005 VND/khách,21:10,27 thg 4,23:10,27 thg 4,2h 0m,"TP HCM (SGN)
Sân bay Tân Sơn Nhất
Nhà ga 1","Hải Phòng (HPH)
Sân bay quốc tế Cát Bi",13-04-2025,,
VietJet Air,2.190.990 VND/khách,11:35,27 thg 4,13:35,27 thg 4,2h 0m,"TP HCM (SGN)
Sân bay Tân Sơn Nhất
Nhà ga 1","Hải Phòng (HPH)
Sân bay quốc tế Cát Bi",13-04-2025,,
Vietnam Airlines,2.454.543 VND/khách,13:25,27 thg 4,15:25,27 thg 4,2h 0m,"TP HCM (SGN)
Sân bay Tân Sơn Nhất
Nhà ga 1","Hải Phòng (HPH)
Sân bay quốc tế Cát Bi",13-04-2025,,
Vietnam Airlines,2.462.535 VND/khách,17:55,27 thg 4,19:55,27 thg 4,2h 0m,"TP HCM (SGN)
Sân bay Tân Sơn Nhất
Nhà ga 1","Hải Phòng (HPH)
Sân bay quốc tế Cát Bi",13-04-2025,,
Bamboo Airways,1.948.525 VND/khách,20:05,28 thg 4,22:10,28 thg 4,2h 5m,"TP HCM (SGN)
Sân bay Tân Sơn Nhất","Hải Phòng (HPH)
Sân bay quốc tế Cát Bi",13-04-2025,,
VietJet Air,1.738.265 VND/khách,21:10,28 thg 4,23:05,28 thg 4,1h 55m,"TP HCM (SGN)
Sân bay Tân Sơn Nhất
Nhà ga 1","Hải Phòng (HPH)
Sân bay quốc tế Cát Bi",13-04-2025,,
VietJet Air,1.738.265 VND/khách,19:15,28 thg 4,21:15,28 thg 4,2h 0m,"TP HCM (SGN)
Sân bay Tân Sơn Nhất
Nhà ga 1","Hải Phòng (HPH)
Sân bay quốc tế Cát Bi",13-04-2025,,
VietJet Air,1.738.265 VND/khách,20:10,28 thg 4,22:10,28 thg 4,2h 0m,"TP HCM (SGN)
Sân bay Tân Sơn Nhất
Nhà ga 1","Hải Phòng (HPH)
Sân bay quốc tế Cát Bi",13-04-2025,,
VietJet Air,1.848.710 VND/khách,04:30,28 thg 4,06:30,28 thg 4,2h 0m,"TP HCM (SGN)
Sân bay Tân Sơn Nhất
Nhà ga 1","Hải Phòng (HPH)
Sân bay quốc tế Cát Bi",13-04-2025,,
VietJet Air,1.848.710 VND/khách,06:15,28 thg 4,08:15,28 thg 4,2h 0m,"TP HCM (SGN)
Sân bay Tân Sơn Nhất
Nhà ga 1","Hải Phòng (HPH)
Sân bay quốc tế Cát Bi",13-04-2025,,
VietJet Air,1.848.710 VND/khách,09:15,28 thg 4,11:15,28 thg 4,2h 0m,"TP HCM (SGN)
Sân bay Tân Sơn Nhất
Nhà ga 1","Hải Phòng (HPH)
Sân bay quốc tế Cát Bi",13-04-2025,,
VietJet Air,1.848.710 VND/khách,16:10,28 thg 4,18:10,28 thg 4,2h 0m,"TP HCM (SGN)
Sân bay Tân Sơn Nhất
Nhà ga 1","Hải Phòng (HPH)
Sân bay quốc tế Cát Bi",13-04-2025,,
Bamboo Airways,1.948.525 VND/khách,20:05,28 thg 4,22:10,28 thg 4,2h 5m,"TP HCM (SGN)
Sân bay Tân Sơn Nhất","Hải Phòng (HPH)
Sân bay quốc tế Cát Bi",13-04-2025,,
Vietnam Airlines,2.047.950 VND/khách,20:30,28 thg 4,22:30,28 thg 4,2h 0m,"TP HCM (SGN)
Sân bay Tân Sơn Nhất
Nhà ga 1","Hải Phòng (HPH)
Sân bay quốc tế Cát Bi",13-04-2025,,
Vietnam Airlines,2.454.543 VND/khách,17:55,28 thg 4,19:55,28 thg 4,2h 0m,"TP HCM (SGN)
Sân bay Tân Sơn Nhất
Nhà ga 1","Hải Phòng (HPH)
Sân bay quốc tế Cát Bi",13-04-2025,,
Vietnam Airlines,2.469.528 VND/khách,07:45,28 thg 4,09:45,28 thg 4,2h 0m,"TP HCM (SGN)
Sân bay Tân Sơn Nhất
Nhà ga 1","Hải Phòng (HPH)
Sân bay quốc tế Cát Bi",13-04-2025,,
VietJet Air,2.190.990 VND/khách,04:30,29 thg 4,06:30,29 thg 4,2h 0m,"TP HCM (SGN)
Sân bay Tân Sơn Nhất
Nhà ga 1","Hải Phòng (HPH)
Sân bay quốc tế Cát Bi",13-04-2025,,
VietJet Air,2.190.990 VND/khách,06:15,29 thg 4,08:15,29 thg 4,2h 0m,"TP HCM (SGN)
Sân bay Tân Sơn Nhất
Nhà ga 1","Hải Phòng (HPH)
Sân bay quốc tế Cát Bi",13-04-2025,,
VietJet Air,2.559.140 VND/khách,21:10,29 thg 4,23:05,29 thg 4,1h 55m,"TP HCM (SGN)
Sân bay Tân Sơn Nhất
Nhà ga 1","Hải Phòng (HPH)
Sân bay quốc tế Cát Bi",13-04-2025,,
VietJet Air,2.559.140 VND/khách,14:05,29 thg 4,16:05,29 thg 4,2h 0m,"TP HCM (SGN)
Sân bay Tân Sơn Nhất
Nhà ga 1","Hải Phòng (HPH)
Sân bay quốc tế Cát Bi",13-04-2025,,
VietJet Air,2.559.140 VND/khách,16:10,29 thg 4,18:10,29 thg 4,2h 0m,"TP HCM (SGN)
Sân bay Tân Sơn Nhất
Nhà ga 1","Hải Phòng (HPH)
Sân bay quốc tế Cát Bi",13-04-2025,,
VietJet Air,2.559.140 VND/khách,19:15,29 thg 4,21:15,29 thg 4,2h 0m,"TP HCM (SGN)
Sân bay Tân Sơn Nhất
Nhà ga 1","Hải Phòng (HPH)
Sân bay quốc tế Cát Bi",13-04-2025,,
Vietnam Airlines,2.894.103 VND/khách,13:25,29 thg 4,15:25,29 thg 4,2h 0m,"TP HCM (SGN)
Sân bay Tân Sơn Nhất
Nhà ga 1","Hải Phòng (HPH)
Sân bay quốc tế Cát Bi",13-04-2025,,
Vietnam Airlines,2.894.103 VND/khách,17:55,29 thg 4,19:55,29 thg 4,2h 0m,"TP HCM (SGN)
Sân bay Tân Sơn Nhất
Nhà ga 1","Hải Phòng (HPH)
Sân bay quốc tế Cát Bi",13-04-2025,,
Vietnam Airlines,2.928.069 VND/khách,07:45,29 thg 4,09:45,29 thg 4,2h 0m,"TP HCM (SGN)
Sân bay Tân Sơn Nhất
Nhà ga 1","Hải Phòng (HPH)
Sân bay quốc tế Cát Bi",13-04-2025,,
Vietnam Airlines,2.950.047 VND/khách,20:30,29 thg 4,22:30,29 thg 4,2h 0m,"TP HCM (SGN)
Sân bay Tân Sơn Nhất
Nhà ga 1","Hải Phòng (HPH)
Sân bay quốc tế Cát Bi",13-04-2025,,
VietJet Air,3.100.420 VND/khách,09:15,29 thg 4,11:15,29 thg 4,2h 0m,"TP HCM (SGN)
Sân bay Tân Sơn Nhất
Nhà ga 1","Hải Phòng (HPH)
Sân bay quốc tế Cát Bi",13-04-2025,,
VietJet Air,3.383.995 VND/khách,20:10,29 thg 4,22:10,29 thg 4,2h 0m,"TP HCM (SGN)
Sân bay Tân Sơn Nhất
Nhà ga 1","Hải Phòng (HPH)
Sân bay quốc tế Cát Bi",13-04-2025,,
VietJet Air,1.716.440 VND/khách,21:10,30 thg 4,23:05,30 thg 4,1h 55m,"TP HCM (SGN)
Sân bay Tân Sơn Nhất
Nhà ga 1","Hải Phòng (HPH)
Sân bay quốc tế Cát Bi",13-04-2025,,
VietJet Air,1.738.265 VND/khách,20:10,30 thg 4,22:10,30 thg 4,2h 0m,"TP HCM (SGN)
Sân bay Tân Sơn Nhất
Nhà ga 1","Hải Phòng (HPH)
Sân bay quốc tế Cát Bi",13-04-2025,,
VietJet Air,1.757.170 VND/khách,19:15,30 thg 4,21:15,30 thg 4,2h 0m,"TP HCM (SGN)
Sân bay Tân Sơn Nhất
Nhà ga 1","Hải Phòng (HPH)
Sân bay quốc tế Cát Bi",13-04-2025,,
VietJet Air,2.190.990 VND/khách,04:30,30 thg 4,06:30,30 thg 4,2h 0m,"TP HCM (SGN)
Sân bay Tân Sơn Nhất
Nhà ga 1","Hải Phòng (HPH)
Sân bay quốc tế Cát Bi",13-04-2025,,
VietJet Air,2.190.990 VND/khách,11:35,30 thg 4,13:35,30 thg 4,2h 0m,"TP HCM (SGN)
Sân bay Tân Sơn Nhất
Nhà ga 1","Hải Phòng (HPH)
Sân bay quốc tế Cát Bi",13-04-2025,,
VietJet Air,2.190.990 VND/khách,16:10,30 thg 4,18:10,30 thg 4,2h 0m,"TP HCM (SGN)
Sân bay Tân Sơn Nhất
Nhà ga 1","Hải Phòng (HPH)
Sân bay quốc tế Cát Bi",13-04-2025,,
VietJet Air,2.364.120 VND/khách,06:15,30 thg 4,08:15,30 thg 4,2h 0m,"TP HCM (SGN)
Sân bay Tân Sơn Nhất
Nhà ga 1","Hải Phòng (HPH)
Sân bay quốc tế Cát Bi",13-04-2025,,
Vietnam Airlines,2.495.502 VND/khách,13:20,30 thg 4,15:25,30 thg 4,2h 5m,"TP HCM (SGN)
Sân bay Tân Sơn Nhất
Nhà ga 1","Hải Phòng (HPH)
Sân bay quốc tế Cát Bi",13-04-2025,,
Vietnam Airlines,2.898.099 VND/khách,17:55,30 thg 4,19:55,30 thg 4,2h 0m,"TP HCM (SGN)
Sân bay Tân Sơn Nhất
Nhà ga 1","Hải Phòng (HPH)
Sân bay quốc tế Cát Bi",13-04-2025,,
Vietnam Airlines,2.898.099 VND/khách,20:30,30 thg 4,22:30,30 thg 4,2h 0m,"TP HCM (SGN)
Sân bay Tân Sơn Nhất
Nhà ga 1","Hải Phòng (HPH)
Sân bay quốc tế Cát Bi",13-04-2025,,
Vietnam Airlines,3.944.052 VND/khách,07:45,30 thg 4,09:45,30 thg 4,2h 0m,"TP HCM (SGN)
Sân bay Tân Sơn Nhất
Nhà ga 1","Hải Phòng (HPH)
Sân bay quốc tế Cát Bi",13-04-2025,,
VietJet Air,1.691.760 VND/khách,04:30,01 thg 5,06:30,01 thg 5,2h 0m,"TP HCM (SGN)
Sân bay Tân Sơn Nhất
Nhà ga 1","Hải Phòng (HPH)
Sân bay quốc tế Cát Bi",14-04-2025,Hành lý xách tay 7 kg,Hành lý 0 kg
VietJet Air,1.808.468 VND/khách,21:10,01 thg 5,23:05,01 thg 5,1h 55m,"TP HCM (SGN)
Sân bay Tân Sơn Nhất
Nhà ga 1","Hải Phòng (HPH)
Sân bay quốc tế Cát Bi",14-04-2025,Hành lý xách tay 7 kg,Hành lý 0 kg
VietJet Air,1.808.468 VND/khách,06:15,01 thg 5,08:15,01 thg 5,2h 0m,"TP HCM (SGN)
Sân bay Tân Sơn Nhất
Nhà ga 1","Hải Phòng (HPH)
Sân bay quốc tế Cát Bi",14-04-2025,Hành lý xách tay 7 kg,Hành lý 0 kg
VietJet Air,1.808.468 VND/khách,20:10,01 thg 5,22:10,01 thg 5,2h 0m,"TP HCM (SGN)
Sân bay Tân Sơn Nhất
Nhà ga 1","Hải Phòng (HPH)
Sân bay quốc tế Cát Bi",14-04-2025,Hành lý xách tay 7 kg,Hành lý 0 kg
VietJet Air,1.983.030 VND/khách,09:15,01 thg 5,11:15,01 thg 5,2h 0m,"TP HCM (SGN)
Sân bay Tân Sơn Nhất
Nhà ga 1","Hải Phòng (HPH)
Sân bay quốc tế Cát Bi",14-04-2025,Hành lý xách tay 7 kg,Hành lý 0 kg
VietJet Air,1.983.030 VND/khách,19:15,01 thg 5,21:15,01 thg 5,2h 0m,"TP HCM (SGN)
Sân bay Tân Sơn Nhất
Nhà ga 1","Hải Phòng (HPH)
Sân bay quốc tế Cát Bi",14-04-2025,Hành lý xách tay 7 kg,Hành lý 0 kg
VietJet Air,2.157.593 VND/khách,14:05,01 thg 5,16:05,01 thg 5,2h 0m,"TP HCM (SGN)
Sân bay Tân Sơn Nhất
Nhà ga 1","Hải Phòng (HPH)
Sân bay quốc tế Cát Bi",14-04-2025,Hành lý xách tay 7 kg,Hành lý 0 kg
Bamboo Airways,2.169.925 VND/khách,20:05,01 thg 5,22:10,01 thg 5,2h 5m,"TP HCM (SGN)
Sân bay Tân Sơn Nhất","Hải Phòng (HPH)
Sân bay quốc tế Cát Bi",14-04-2025,Hành lý xách tay 7 kg,Hành lý 0 kg
Vietnam Airlines,2.464.533 VND/khách,13:20,01 thg 5,15:25,01 thg 5,2h 5m,"TP HCM (SGN)
Sân bay Tân Sơn Nhất
Nhà ga 1","Hải Phòng (HPH)
Sân bay quốc tế Cát Bi",14-04-2025,Hành lý xách tay 1 x 12 kg,Hành lý 1 x 23 kg
VietJet Air,2.767.065 VND/khách,16:10,01 thg 5,18:10,01 thg 5,2h 0m,"TP HCM (SGN)
Sân bay Tân Sơn Nhất
Nhà ga 1","Hải Phòng (HPH)
Sân bay quốc tế Cát Bi",14-04-2025,Hành lý xách tay 7 kg,Hành lý 0 kg
Vietnam Airlines,2.894.103 VND/khách,17:55,01 thg 5,19:55,01 thg 5,2h 0m,"TP HCM (SGN)
Sân bay Tân Sơn Nhất
Nhà ga 1","Hải Phòng (HPH)
Sân bay quốc tế Cát Bi",14-04-2025,Hành lý xách tay 1 x 12 kg,Hành lý 1 x 23 kg
Vietnam Airlines,2.894.103 VND/khách,20:30,01 thg 5,22:30,01 thg 5,2h 0m,"TP HCM (SGN)
Sân bay Tân Sơn Nhất
Nhà ga 1","Hải Phòng (HPH)
Sân bay quốc tế Cát Bi",14-04-2025,Hành lý xách tay 1 x 12 kg,Hành lý 1 x 23 kg
VietJet Air,1.691.760 VND/khách,04:30,02 thg 5,06:30,02 thg 5,2h 0m,"TP HCM (SGN)
Sân bay Tân Sơn Nhất
Nhà ga 1","Hải Phòng (HPH)
Sân bay quốc tế Cát Bi",14-04-2025,Hành lý xách tay 7 kg,Hành lý 0 kg
VietJet Air,1.983.030 VND/khách,21:10,02 thg 5,23:05,02 thg 5,1h 55m,"TP HCM (SGN)
Sân bay Tân Sơn Nhất
Nhà ga 1","Hải Phòng (HPH)
Sân bay quốc tế Cát Bi",14-04-2025,Hành lý xách tay 7 kg,Hành lý 0 kg
VietJet Air,1.983.030 VND/khách,06:15,02 thg 5,08:15,02 thg 5,2h 0m,"TP HCM (SGN)
Sân bay Tân Sơn Nhất
Nhà ga 1","Hải Phòng (HPH)
Sân bay quốc tế Cát Bi",14-04-2025,Hành lý xách tay 7 kg,Hành lý 0 kg
VietJet Air,1.983.030 VND/khách,19:15,02 thg 5,21:15,02 thg 5,2h 0m,"TP HCM (SGN)
Sân bay Tân Sơn Nhất
Nhà ga 1","Hải Phòng (HPH)
Sân bay quốc tế Cát Bi",14-04-2025,Hành lý xách tay 7 kg,Hành lý 0 kg
VietJet Air,1.983.030 VND/khách,20:10,02 thg 5,22:10,02 thg 5,2h 0m,"TP HCM (SGN)
Sân bay Tân Sơn Nhất
Nhà ga 1","Hải Phòng (HPH)
Sân bay quốc tế Cát Bi",14-04-2025,Hành lý xách tay 7 kg,Hành lý 0 kg
VietJet Air,2.534.648 VND/khách,11:35,02 thg 5,13:35,02 thg 5,2h 0m,"TP HCM (SGN)
Sân bay Tân Sơn Nhất
Nhà ga 1","Hải Phòng (HPH)
Sân bay quốc tế Cát Bi",14-04-2025,Hành lý xách tay 7 kg,Hành lý 0 kg
Vietnam Airlines,2.894.103 VND/khách,20:30,02 thg 5,22:30,02 thg 5,2h 0m,"TP HCM (SGN)
Sân bay Tân Sơn Nhất
Nhà ga 1","Hải Phòng (HPH)
Sân bay quốc tế Cát Bi",14-04-2025,Hành lý xách tay 1 x 12 kg,Hành lý 1 x 23 kg
Vietnam Airlines,2.920.077 VND/khách,13:20,02 thg 5,15:25,02 thg 5,2h 5m,"TP HCM (SGN)
Sân bay Tân Sơn Nhất
Nhà ga 1","Hải Phòng (HPH)
Sân bay quốc tế Cát Bi",14-04-2025,Hành lý xách tay 1 x 12 kg,Hành lý 1 x 23 kg
VietJet Air,2.941.628 VND/khách,16:10,02 thg 5,18:10,02 thg 5,2h 0m,"TP HCM (SGN)
Sân bay Tân Sơn Nhất
Nhà ga 1","Hải Phòng (HPH)
Sân bay quốc tế Cát Bi",14-04-2025,Hành lý xách tay 7 kg,Hành lý 0 kg
Vietnam Airlines,2.946.051 VND/khách,07:45,02 thg 5,09:45,02 thg 5,2h 0m,"TP HCM (SGN)
Sân bay Tân Sơn Nhất
Nhà ga 1","Hải Phòng (HPH)
Sân bay quốc tế Cát Bi",14-04-2025,Hành lý xách tay 1 x 12 kg,Hành lý 1 x 23 kg
Vietnam Airlines,3.155.841 VND/khách,17:55,02 thg 5,19:55,02 thg 5,2h 0m,"TP HCM (SGN)
Sân bay Tân Sơn Nhất
Nhà ga 1","Hải Phòng (HPH)
Sân bay quốc tế Cát Bi",14-04-2025,Hành lý xách tay 1 x 12 kg,Hành lý 1 x 23 kg
VietJet Air,3.098.260 VND/khách,05:00,02 thg 5,06:20,02 thg 5,1h 20m,"TP HCM (SGN)
Sân bay Tân Sơn Nhất
Nhà ga 1","Đà Nẵng (DAD)
Sân bay Đà Nẵng",14-04-2025,Hành lý xách tay 7 kg,Hành lý 0 kg
"Bamboo Airways, VietJet Air",3.182.058 VND/khách,06:30,02 thg 5,07:55,02 thg 5,1h 25m,"TP HCM (SGN)
Sân bay Tân Sơn Nhất","Đà Nẵng (DAD)
Sân bay Đà Nẵng",14-04-2025,Hành lý xách tay 7 kg,Hành lý 0 kg
VietJet Air,3.243.895 VND/khách,06:50,02 thg 5,08:10,02 thg 5,1h 20m,"TP HCM (SGN)
Sân bay Tân Sơn Nhất
Nhà ga 1","Đà Nẵng (DAD)
Sân bay Đà Nẵng",14-04-2025,Hành lý xách tay 7 kg,Hành lý 0 kg
VietJet Air,3.418.458 VND/khách,10:25,02 thg 5,11:50,02 thg 5,1h 25m,"TP HCM (SGN)
Sân bay Tân Sơn Nhất
Nhà ga 1","Đà Nẵng (DAD)
Sân bay Đà Nẵng",14-04-2025,Hành lý xách tay 7 kg,Hành lý 0 kg
VietJet Air,2.333.153 VND/khách,06:15,03 thg 5,08:15,03 thg 5,2h 0m,"TP HCM (SGN)
Sân bay Tân Sơn Nhất
Nhà ga 1","Hải Phòng (HPH)
Sân bay quốc tế Cát Bi",14-04-2025,Hành lý xách tay 7 kg,Hành lý 0 kg
VietJet Air,2.941.628 VND/khách,09:15,03 thg 5,11:15,03 thg 5,2h 0m,"TP HCM (SGN)
Sân bay Tân Sơn Nhất
Nhà ga 1","Hải Phòng (HPH)
Sân bay quốc tế Cát Bi",14-04-2025,Hành lý xách tay 7 kg,Hành lý 0 kg
VietJet Air,2.941.628 VND/khách,14:05,03 thg 5,16:05,03 thg 5,2h 0m,"TP HCM (SGN)
Sân bay Tân Sơn Nhất
Nhà ga 1","Hải Phòng (HPH)
Sân bay quốc tế Cát Bi",14-04-2025,Hành lý xách tay 7 kg,Hành lý 0 kg
Bamboo Airways,3.088.325 VND/khách,20:05,03 thg 5,22:10,03 thg 5,2h 5m,"TP HCM (SGN)
Sân bay Tân Sơn Nhất","Hải Phòng (HPH)
Sân bay quốc tế Cát Bi",14-04-2025,Hành lý xách tay 7 kg,Hành lý 20 kg
Vietnam Airlines,3.181.815 VND/khách,07:45,03 thg 5,09:45,03 thg 5,2h 0m,"TP HCM (SGN)
Sân bay Tân Sơn Nhất
Nhà ga 1","Hải Phòng (HPH)
Sân bay quốc tế Cát Bi",14-04-2025,Hành lý xách tay 1 x 12 kg,Hành lý 1 x 23 kg
VietJet Air,3.377.535 VND/khách,16:10,03 thg 5,18:10,03 thg 5,2h 0m,"TP HCM (SGN)
Sân bay Tân Sơn Nhất
Nhà ga 1","Hải Phòng (HPH)
Sân bay quốc tế Cát Bi",14-04-2025,Hành lý xách tay 7 kg,Hành lý 0 kg
VietJet Air,3.377.535 VND/khách,20:10,03 thg 5,22:10,03 thg 5,2h 0m,"TP HCM (SGN)
Sân bay Tân Sơn Nhất
Nhà ga 1","Hải Phòng (HPH)
Sân bay quốc tế Cát Bi",14-04-2025,Hành lý xách tay 7 kg,Hành lý 0 kg
VietJet Air,3.379.944 VND/khách,21:10,03 thg 5,23:05,03 thg 5,1h 55m,"TP HCM (SGN)
Sân bay Tân Sơn Nhất
Nhà ga 1","Hải Phòng (HPH)
Sân bay quốc tế Cát Bi",14-04-2025,Hành lý xách tay 7 kg,Hành lý 0 kg
Vietnam Airlines,3.688.308 VND/khách,13:20,03 thg 5,15:25,03 thg 5,2h 5m,"TP HCM (SGN)
Sân bay Tân Sơn Nhất
Nhà ga 1","Hải Phòng (HPH)
Sân bay quốc tế Cát Bi",14-04-2025,Hành lý xách tay 1 x 12 kg,Hành lý 1 x 23 kg
VietJet Air,3.726.660 VND/khách,04:30,03 thg 5,06:30,03 thg 5,2h 0m,"TP HCM (SGN)
Sân bay Tân Sơn Nhất
Nhà ga 1","Hải Phòng (HPH)
Sân bay quốc tế Cát Bi",14-04-2025,Hành lý xách tay 7 kg,Hành lý 0 kg
VietJet Air,3.726.660 VND/khách,19:15,03 thg 5,21:15,03 thg 5,2h 0m,"TP HCM (SGN)
Sân bay Tân Sơn Nhất
Nhà ga 1","Hải Phòng (HPH)
Sân bay quốc tế Cát Bi",14-04-2025,Hành lý xách tay 7 kg,Hành lý 0 kg
VietJet Air,2.333.153 VND/khách,04:30,04 thg 5,06:30,04 thg 5,2h 0m,"TP HCM (SGN)
Sân bay Tân Sơn Nhất
Nhà ga 1","Hải Phòng (HPH)
Sân bay quốc tế Cát Bi",14-04-2025,Hành lý xách tay 7 kg,Hành lý 0 kg
VietJet Air,2.767.065 VND/khách,06:15,04 thg 5,08:15,04 thg 5,2h 0m,"TP HCM (SGN)
Sân bay Tân Sơn Nhất
Nhà ga 1","Hải Phòng (HPH)
Sân bay quốc tế Cát Bi",14-04-2025,Hành lý xách tay 7 kg,Hành lý 0 kg
VietJet Air,3.087.263 VND/khách,21:10,04 thg 5,23:05,04 thg 5,1h 55m,"TP HCM (SGN)
Sân bay Tân Sơn Nhất
Nhà ga 1","Hải Phòng (HPH)
Sân bay quốc tế Cát Bi",14-04-2025,Hành lý xách tay 7 kg,Hành lý 0 kg
VietJet Air,3.087.263 VND/khách,19:15,04 thg 5,21:15,04 thg 5,2h 0m,"TP HCM (SGN)
Sân bay Tân Sơn Nhất
Nhà ga 1","Hải Phòng (HPH)
Sân bay quốc tế Cát Bi",14-04-2025,Hành lý xách tay 7 kg,Hành lý 0 kg
VietJet Air,3.087.263 VND/khách,20:10,04 thg 5,22:10,04 thg 5,2h 0m,"TP HCM (SGN)
Sân bay Tân Sơn Nhất
Nhà ga 1","Hải Phòng (HPH)
Sân bay quốc tế Cát Bi",14-04-2025,Hành lý xách tay 7 kg,Hành lý 0 kg
VietJet Air,3.377.535 VND/khách,16:10,04 thg 5,18:10,04 thg 5,2h 0m,"TP HCM (SGN)
Sân bay Tân Sơn Nhất
Nhà ga 1","Hải Phòng (HPH)
Sân bay quốc tế Cát Bi",14-04-2025,Hành lý xách tay 7 kg,Hành lý 0 kg
VietJet Air,3.639.878 VND/khách,11:35,04 thg 5,13:35,04 thg 5,2h 0m,"TP HCM (SGN)
Sân bay Tân Sơn Nhất
Nhà ga 1","Hải Phòng (HPH)
Sân bay quốc tế Cát Bi",14-04-2025,Hành lý xách tay 7 kg,Hành lý 0 kg
Vietnam Airlines,3.899.097 VND/khách,13:20,04 thg 5,15:25,04 thg 5,2h 5m,"TP HCM (SGN)
Sân bay Tân Sơn Nhất
Nhà ga 1","Hải Phòng (HPH)
Sân bay quốc tế Cát Bi",14-04-2025,Hành lý xách tay 1 x 12 kg,Hành lý 1 x 23 kg
Vietnam Airlines,3.914.082 VND/khách,07:45,04 thg 5,09:45,04 thg 5,2h 0m,"TP HCM (SGN)
Sân bay Tân Sơn Nhất
Nhà ga 1","Hải Phòng (HPH)
Sân bay quốc tế Cát Bi",14-04-2025,Hành lý xách tay 1 x 12 kg,Hành lý 1 x 23 kg
VietJet Air,1.545.128 VND/khách,21:10,21 thg 4,23:05,21 thg 4,1h 55m,"TP HCM (SGN)
Sân bay Tân Sơn Nhất
Nhà ga 1","Hải Phòng (HPH)
Sân bay quốc tế Cát Bi",14-04-2025,Hành lý xách tay 7 kg,Hành lý 0 kg
VietJet Air,1.690.763 VND/khách,04:30,21 thg 4,06:30,21 thg 4,2h 0m,"TP HCM (SGN)
Sân bay Tân Sơn Nhất
Nhà ga 1","Hải Phòng (HPH)
Sân bay quốc tế Cát Bi",14-04-2025,Hành lý xách tay 7 kg,Hành lý 0 kg
VietJet Air,1.690.763 VND/khách,20:10,21 thg 4,22:10,21 thg 4,2h 0m,"TP HCM (SGN)
Sân bay Tân Sơn Nhất
Nhà ga 1","Hải Phòng (HPH)
Sân bay quốc tế Cát Bi",14-04-2025,Hành lý xách tay 7 kg,Hành lý 0 kg
Bamboo Airways,1.806.199 VND/khách,20:05,21 thg 4,22:10,21 thg 4,2h 5m,"TP HCM (SGN)
Sân bay Tân Sơn Nhất","Hải Phòng (HPH)
Sân bay quốc tế Cát Bi",14-04-2025,Hành lý xách tay 7 kg,Hành lý 0 kg
VietJet Air,1.807.470 VND/khách,06:15,21 thg 4,08:15,21 thg 4,2h 0m,"TP HCM (SGN)
Sân bay Tân Sơn Nhất
Nhà ga 1","Hải Phòng (HPH)
Sân bay quốc tế Cát Bi",14-04-2025,Hành lý xách tay 7 kg,Hành lý 0 kg
VietJet Air,1.807.470 VND/khách,09:15,21 thg 4,11:15,21 thg 4,2h 0m,"TP HCM (SGN)
Sân bay Tân Sơn Nhất
Nhà ga 1","Hải Phòng (HPH)
Sân bay quốc tế Cát Bi",14-04-2025,Hành lý xách tay 7 kg,Hành lý 0 kg
VietJet Air,1.807.470 VND/khách,16:10,21 thg 4,18:10,21 thg 4,2h 0m,"TP HCM (SGN)
Sân bay Tân Sơn Nhất
Nhà ga 1","Hải Phòng (HPH)
Sân bay quốc tế Cát Bi",14-04-2025,Hành lý xách tay 7 kg,Hành lý 0 kg
Vietnam Airlines,2.028.969 VND/khách,20:30,21 thg 4,22:30,21 thg 4,2h 0m,"TP HCM (SGN)
Sân bay Tân Sơn Nhất
Nhà ga 1","Hải Phòng (HPH)
Sân bay quốc tế Cát Bi",14-04-2025,Hành lý xách tay 1 x 12 kg,Hành lý 1 x 23 kg
Vietnam Airlines,2.028.969 VND/khách,13:20,21 thg 4,15:25,21 thg 4,2h 5m,"TP HCM (SGN)
Sân bay Tân Sơn Nhất
Nhà ga 1","Hải Phòng (HPH)
Sân bay quốc tế Cát Bi",14-04-2025,Hành lý xách tay 1 x 12 kg,Hành lý 1 x 23 kg
Vietnam Airlines,2.246.751 VND/khách,17:55,21 thg 4,19:55,21 thg 4,2h 0m,"TP HCM (SGN)
Sân bay Tân Sơn Nhất
Nhà ga 1","Hải Phòng (HPH)
Sân bay quốc tế Cát Bi",14-04-2025,Hành lý xách tay 1 x 12 kg,Hành lý 1 x 23 kg
VietJet Air,1.546.125 VND/khách,04:30,22 thg 4,06:30,22 thg 4,2h 0m,"TP HCM (SGN)
Sân bay Tân Sơn Nhất
Nhà ga 1","Hải Phòng (HPH)
Sân bay quốc tế Cát Bi",14-04-2025,Hành lý xách tay 7 kg,Hành lý 0 kg
VietJet Air,1.691.760 VND/khách,21:10,22 thg 4,23:05,22 thg 4,1h 55m,"TP HCM (SGN)
Sân bay Tân Sơn Nhất
Nhà ga 1","Hải Phòng (HPH)
Sân bay quốc tế Cát Bi",14-04-2025,Hành lý xách tay 7 kg,Hành lý 0 kg
VietJet Air,1.691.760 VND/khách,20:10,22 thg 4,22:10,22 thg 4,2h 0m,"TP HCM (SGN)
Sân bay Tân Sơn Nhất
Nhà ga 1","Hải Phòng (HPH)
Sân bay quốc tế Cát Bi",14-04-2025,Hành lý xách tay 7 kg,Hành lý 0 kg
Vietnam Airlines,1.759.239 VND/khách,20:30,22 thg 4,22:30,22 thg 4,2h 0m,"TP HCM (SGN)
Sân bay Tân Sơn Nhất
Nhà ga 1","Hải Phòng (HPH)
Sân bay quốc tế Cát Bi",14-04-2025,Hành lý xách tay 1 x 12 kg,Hành lý 1 x 23 kg
VietJet Air,1.808.468 VND/khách,06:15,22 thg 4,08:15,22 thg 4,2h 0m,"TP HCM (SGN)
Sân bay Tân Sơn Nhất
Nhà ga 1","Hải Phòng (HPH)
Sân bay quốc tế Cát Bi",14-04-2025,Hành lý xách tay 7 kg,Hành lý 0 kg
VietJet Air,1.808.468 VND/khách,09:15,22 thg 4,11:15,22 thg 4,2h 0m,"TP HCM (SGN)
Sân bay Tân Sơn Nhất
Nhà ga 1","Hải Phòng (HPH)
Sân bay quốc tế Cát Bi",14-04-2025,Hành lý xách tay 7 kg,Hành lý 0 kg
VietJet Air,1.808.468 VND/khách,14:05,22 thg 4,16:05,22 thg 4,2h 0m,"TP HCM (SGN)
Sân bay Tân Sơn Nhất
Nhà ga 1","Hải Phòng (HPH)
Sân bay quốc tế Cát Bi",14-04-2025,Hành lý xách tay 7 kg,Hành lý 0 kg
VietJet Air,1.808.468 VND/khách,16:10,22 thg 4,18:10,22 thg 4,2h 0m,"TP HCM (SGN)
Sân bay Tân Sơn Nhất
Nhà ga 1","Hải Phòng (HPH)
Sân bay quốc tế Cát Bi",14-04-2025,Hành lý xách tay 7 kg,Hành lý 0 kg
Vietnam Airlines,1.999.847 VND/khách,17:55,22 thg 4,19:55,22 thg 4,2h 0m,"TP HCM (SGN)
Sân bay Tân Sơn Nhất
Nhà ga 1","Hải Phòng (HPH)
Sân bay quốc tế Cát Bi",14-04-2025,Hành lý xách tay 1 x 12 kg,Hành lý 1 x 23 kg
Vietnam Airlines,2.024.973 VND/khách,13:20,22 thg 4,15:25,22 thg 4,2h 5m,"TP HCM (SGN)
Sân bay Tân Sơn Nhất
Nhà ga 1","Hải Phòng (HPH)
Sân bay quốc tế Cát Bi",14-04-2025,Hành lý xách tay 1 x 12 kg,Hành lý 1 x 23 kg
VietJet Air,1.546.125 VND/khách,04:30,23 thg 4,06:30,23 thg 4,2h 0m,"TP HCM (SGN)
Sân bay Tân Sơn Nhất
Nhà ga 1","Hải Phòng (HPH)
Sân bay quốc tế Cát Bi",14-04-2025,Hành lý xách tay 7 kg,Hành lý 0 kg
Bamboo Airways,1.663.416 VND/khách,20:05,23 thg 4,22:10,23 thg 4,2h 5m,"TP HCM (SGN)
Sân bay Tân Sơn Nhất","Hải Phòng (HPH)
Sân bay quốc tế Cát Bi",14-04-2025,Hành lý xách tay 7 kg,Hành lý 0 kg
VietJet Air,1.691.760 VND/khách,21:10,23 thg 4,23:05,23 thg 4,1h 55m,"TP HCM (SGN)
Sân bay Tân Sơn Nhất
Nhà ga 1","Hải Phòng (HPH)
Sân bay quốc tế Cát Bi",14-04-2025,Hành lý xách tay 7 kg,Hành lý 0 kg
VietJet Air,1.691.760 VND/khách,19:15,23 thg 4,21:15,23 thg 4,2h 0m,"TP HCM (SGN)
Sân bay Tân Sơn Nhất
Nhà ga 1","Hải Phòng (HPH)
Sân bay quốc tế Cát Bi",14-04-2025,Hành lý xách tay 7 kg,Hành lý 0 kg
Vietnam Airlines,1.785.213 VND/khách,20:30,23 thg 4,22:30,23 thg 4,2h 0m,"TP HCM (SGN)
Sân bay Tân Sơn Nhất
Nhà ga 1","Hải Phòng (HPH)
Sân bay quốc tế Cát Bi",14-04-2025,Hành lý xách tay 1 x 12 kg,Hành lý 1 x 23 kg
Vietnam Airlines,1.796.202 VND/khách,17:55,23 thg 4,19:55,23 thg 4,2h 0m,"TP HCM (SGN)
Sân bay Tân Sơn Nhất
Nhà ga 1","Hải Phòng (HPH)
Sân bay quốc tế Cát Bi",14-04-2025,Hành lý xách tay 1 x 12 kg,Hành lý 1 x 23 kg
VietJet Air,1.808.468 VND/khách,06:15,23 thg 4,08:15,23 thg 4,2h 0m,"TP HCM (SGN)
Sân bay Tân Sơn Nhất
Nhà ga 1","Hải Phòng (HPH)
Sân bay quốc tế Cát Bi",14-04-2025,Hành lý xách tay 7 kg,Hành lý 0 kg
VietJet Air,1.808.468 VND/khách,11:35,23 thg 4,13:35,23 thg 4,2h 0m,"TP HCM (SGN)
Sân bay Tân Sơn Nhất
Nhà ga 1","Hải Phòng (HPH)
Sân bay quốc tế Cát Bi",14-04-2025,Hành lý xách tay 7 kg,Hành lý 0 kg
VietJet Air,1.808.468 VND/khách,16:10,23 thg 4,18:10,23 thg 4,2h 0m,"TP HCM (SGN)
Sân bay Tân Sơn Nhất
Nhà ga 1","Hải Phòng (HPH)
Sân bay quốc tế Cát Bi",14-04-2025,Hành lý xách tay 7 kg,Hành lý 0 kg
Vietnam Airlines,2.024.973 VND/khách,13:20,23 thg 4,15:25,23 thg 4,2h 5m,"TP HCM (SGN)
Sân bay Tân Sơn Nhất
Nhà ga 1","Hải Phòng (HPH)
Sân bay quốc tế Cát Bi",14-04-2025,Hành lý xách tay 1 x 12 kg,Hành lý 1 x 23 kg
VietJet Air,1.545.128 VND/khách,04:30,24 thg 4,06:30,24 thg 4,2h 0m,"TP HCM (SGN)
Sân bay Tân Sơn Nhất
Nhà ga 1","Hải Phòng (HPH)
Sân bay quốc tế Cát Bi",14-04-2025,Hành lý xách tay 7 kg,Hành lý 0 kg
VietJet Air,1.690.763 VND/khách,21:10,24 thg 4,23:05,24 thg 4,1h 55m,"TP HCM (SGN)
Sân bay Tân Sơn Nhất
Nhà ga 1","Hải Phòng (HPH)
Sân bay quốc tế Cát Bi",14-04-2025,Hành lý xách tay 7 kg,Hành lý 0 kg
VietJet Air,1.690.763 VND/khách,19:15,24 thg 4,21:15,24 thg 4,2h 0m,"TP HCM (SGN)
Sân bay Tân Sơn Nhất
Nhà ga 1","Hải Phòng (HPH)
Sân bay quốc tế Cát Bi",14-04-2025,Hành lý xách tay 7 kg,Hành lý 0 kg
VietJet Air,1.690.763 VND/khách,20:10,24 thg 4,22:10,24 thg 4,2h 0m,"TP HCM (SGN)
Sân bay Tân Sơn Nhất
Nhà ga 1","Hải Phòng (HPH)
Sân bay quốc tế Cát Bi",14-04-2025,Hành lý xách tay 7 kg,Hành lý 0 kg
VietJet Air,1.807.470 VND/khách,06:15,24 thg 4,08:15,24 thg 4,2h 0m,"TP HCM (SGN)
Sân bay Tân Sơn Nhất
Nhà ga 1","Hải Phòng (HPH)
Sân bay quốc tế Cát Bi",14-04-2025,Hành lý xách tay 7 kg,Hành lý 0 kg
VietJet Air,1.807.470 VND/khách,09:15,24 thg 4,11:15,24 thg 4,2h 0m,"TP HCM (SGN)
Sân bay Tân Sơn Nhất
Nhà ga 1","Hải Phòng (HPH)
Sân bay quốc tế Cát Bi",14-04-2025,Hành lý xách tay 7 kg,Hành lý 0 kg
VietJet Air,1.807.470 VND/khách,14:40,24 thg 4,16:40,24 thg 4,2h 0m,"TP HCM (SGN)
Sân bay Tân Sơn Nhất
Nhà ga 1","Hải Phòng (HPH)
Sân bay quốc tế Cát Bi",14-04-2025,Hành lý xách tay 7 kg,Hành lý 0 kg
Vietnam Airlines,2.028.969 VND/khách,07:45,24 thg 4,09:45,24 thg 4,2h 0m,"TP HCM (SGN)
Sân bay Tân Sơn Nhất
Nhà ga 1","Hải Phòng (HPH)
Sân bay quốc tế Cát Bi",14-04-2025,Hành lý xách tay 1 x 12 kg,Hành lý 1 x 23 kg
Vietnam Airlines,2.028.969 VND/khách,17:55,24 thg 4,19:55,24 thg 4,2h 0m,"TP HCM (SGN)
Sân bay Tân Sơn Nhất
Nhà ga 1","Hải Phòng (HPH)
Sân bay quốc tế Cát Bi",14-04-2025,Hành lý xách tay 1 x 12 kg,Hành lý 1 x 23 kg
Vietnam Airlines,2.028.969 VND/khách,20:30,24 thg 4,22:30,24 thg 4,2h 0m,"TP HCM (SGN)
Sân bay Tân Sơn Nhất
Nhà ga 1","Hải Phòng (HPH)
Sân bay quốc tế Cát Bi",14-04-2025,Hành lý xách tay 1 x 12 kg,Hành lý 1 x 23 kg
VietJet Air,1.691.760 VND/khách,21:10,25 thg 4,23:05,25 thg 4,1h 55m,"TP HCM (SGN)
Sân bay Tân Sơn Nhất
Nhà ga 1","Hải Phòng (HPH)
Sân bay quốc tế Cát Bi",14-04-2025,Hành lý xách tay 7 kg,Hành lý 0 kg
VietJet Air,1.691.760 VND/khách,04:30,25 thg 4,06:30,25 thg 4,2h 0m,"TP HCM (SGN)
Sân bay Tân Sơn Nhất
Nhà ga 1","Hải Phòng (HPH)
Sân bay quốc tế Cát Bi",14-04-2025,Hành lý xách tay 7 kg,Hành lý 0 kg
VietJet Air,1.691.760 VND/khách,06:15,25 thg 4,08:15,25 thg 4,2h 0m,"TP HCM (SGN)
Sân bay Tân Sơn Nhất
Nhà ga 1","Hải Phòng (HPH)
Sân bay quốc tế Cát Bi",14-04-2025,Hành lý xách tay 7 kg,Hành lý 0 kg
VietJet Air,1.691.760 VND/khách,16:10,25 thg 4,18:10,25 thg 4,2h 0m,"TP HCM (SGN)
Sân bay Tân Sơn Nhất
Nhà ga 1","Hải Phòng (HPH)
Sân bay quốc tế Cát Bi",14-04-2025,Hành lý xách tay 7 kg,Hành lý 0 kg
VietJet Air,1.691.760 VND/khách,19:15,25 thg 4,21:15,25 thg 4,2h 0m,"TP HCM (SGN)
Sân bay Tân Sơn Nhất
Nhà ga 1","Hải Phòng (HPH)
Sân bay quốc tế Cát Bi",14-04-2025,Hành lý xách tay 7 kg,Hành lý 0 kg
Bamboo Airways,1.938.782 VND/khách,20:05,25 thg 4,22:10,25 thg 4,2h 5m,"TP HCM (SGN)
Sân bay Tân Sơn Nhất","Hải Phòng (HPH)
Sân bay quốc tế Cát Bi",14-04-2025,Hành lý xách tay 7 kg,Hành lý 0 kg
VietJet Air,1.983.030 VND/khách,11:35,25 thg 4,13:35,25 thg 4,2h 0m,"TP HCM (SGN)
Sân bay Tân Sơn Nhất
Nhà ga 1","Hải Phòng (HPH)
Sân bay quốc tế Cát Bi",14-04-2025,Hành lý xách tay 7 kg,Hành lý 0 kg
Vietnam Airlines,2.303.569 VND/khách,20:30,25 thg 4,22:30,25 thg 4,2h 0m,"TP HCM (SGN)
Sân bay Tân Sơn Nhất
Nhà ga 1","Hải Phòng (HPH)
Sân bay quốc tế Cát Bi",14-04-2025,Hành lý xách tay 1 x 12 kg,Hành lý 1 x 23 kg
Vietnam Airlines,2.470.527 VND/khách,13:20,25 thg 4,15:25,25 thg 4,2h 5m,"TP HCM (SGN)
Sân bay Tân Sơn Nhất
Nhà ga 1","Hải Phòng (HPH)
Sân bay quốc tế Cát Bi",14-04-2025,Hành lý xách tay 1 x 12 kg,Hành lý 1 x 23 kg
Vietnam Airlines,3.153.843 VND/khách,07:45,25 thg 4,09:45,25 thg 4,2h 0m,"TP HCM (SGN)
Sân bay Tân Sơn Nhất
Nhà ga 1","Hải Phòng (HPH)
Sân bay quốc tế Cát Bi",14-04-2025,Hành lý xách tay 1 x 12 kg,Hành lý 1 x 23 kg
VietJet Air,1.690.763 VND/khách,21:10,26 thg 4,23:05,26 thg 4,1h 55m,"TP HCM (SGN)
Sân bay Tân Sơn Nhất
Nhà ga 1","Hải Phòng (HPH)
Sân bay quốc tế Cát Bi",14-04-2025,Hành lý xách tay 7 kg,Hành lý 0 kg
VietJet Air,1.690.763 VND/khách,19:15,26 thg 4,21:15,26 thg 4,2h 0m,"TP HCM (SGN)
Sân bay Tân Sơn Nhất
Nhà ga 1","Hải Phòng (HPH)
Sân bay quốc tế Cát Bi",14-04-2025,Hành lý xách tay 7 kg,Hành lý 0 kg
VietJet Air,1.690.763 VND/khách,20:10,26 thg 4,22:10,26 thg 4,2h 0m,"TP HCM (SGN)
Sân bay Tân Sơn Nhất
Nhà ga 1","Hải Phòng (HPH)
Sân bay quốc tế Cát Bi",14-04-2025,Hành lý xách tay 7 kg,Hành lý 0 kg
VietJet Air,1.807.470 VND/khách,04:30,26 thg 4,06:30,26 thg 4,2h 0m,"TP HCM (SGN)
Sân bay Tân Sơn Nhất
Nhà ga 1","Hải Phòng (HPH)
Sân bay quốc tế Cát Bi",14-04-2025,Hành lý xách tay 7 kg,Hành lý 0 kg
VietJet Air,1.807.470 VND/khách,16:10,26 thg 4,18:10,26 thg 4,2h 0m,"TP HCM (SGN)
Sân bay Tân Sơn Nhất
Nhà ga 1","Hải Phòng (HPH)
Sân bay quốc tế Cát Bi",14-04-2025,Hành lý xách tay 7 kg,Hành lý 0 kg
VietJet Air,1.982.033 VND/khách,06:15,26 thg 4,08:15,26 thg 4,2h 0m,"TP HCM (SGN)
Sân bay Tân Sơn Nhất
Nhà ga 1","Hải Phòng (HPH)
Sân bay quốc tế Cát Bi",14-04-2025,Hành lý xách tay 7 kg,Hành lý 0 kg
VietJet Air,1.982.033 VND/khách,14:05,26 thg 4,16:05,26 thg 4,2h 0m,"TP HCM (SGN)
Sân bay Tân Sơn Nhất
Nhà ga 1","Hải Phòng (HPH)
Sân bay quốc tế Cát Bi",14-04-2025,Hành lý xách tay 7 kg,Hành lý 0 kg
VietJet Air,2.156.595 VND/khách,09:15,26 thg 4,11:15,26 thg 4,2h 0m,"TP HCM (SGN)
Sân bay Tân Sơn Nhất
Nhà ga 1","Hải Phòng (HPH)
Sân bay quốc tế Cát Bi",14-04-2025,Hành lý xách tay 7 kg,Hành lý 0 kg
Vietnam Airlines,2.469.528 VND/khách,20:30,26 thg 4,22:30,26 thg 4,2h 0m,"TP HCM (SGN)
Sân bay Tân Sơn Nhất
Nhà ga 1","Hải Phòng (HPH)
Sân bay quốc tế Cát Bi",14-04-2025,Hành lý xách tay 1 x 12 kg,Hành lý 1 x 23 kg
Vietnam Airlines,2.469.528 VND/khách,13:20,26 thg 4,15:25,26 thg 4,2h 5m,"TP HCM (SGN)
Sân bay Tân Sơn Nhất
Nhà ga 1","Hải Phòng (HPH)
Sân bay quốc tế Cát Bi",14-04-2025,Hành lý xách tay 1 x 12 kg,Hành lý 1 x 23 kg
Vietnam Airlines,2.483.514 VND/khách,17:55,26 thg 4,19:55,26 thg 4,2h 0m,"TP HCM (SGN)
Sân bay Tân Sơn Nhất
Nhà ga 1","Hải Phòng (HPH)
Sân bay quốc tế Cát Bi",14-04-2025,Hành lý xách tay 1 x 12 kg,Hành lý 1 x 23 kg
VietJet Air,1.691.760 VND/khách,21:10,27 thg 4,23:05,27 thg 4,1h 55m,"TP HCM (SGN)
Sân bay Tân Sơn Nhất
Nhà ga 1","Hải Phòng (HPH)
Sân bay quốc tế Cát Bi",14-04-2025,Hành lý xách tay 7 kg,Hành lý 0 kg
VietJet Air,1.691.760 VND/khách,19:15,27 thg 4,21:15,27 thg 4,2h 0m,"TP HCM (SGN)
Sân bay Tân Sơn Nhất
Nhà ga 1","Hải Phòng (HPH)
Sân bay quốc tế Cát Bi",14-04-2025,Hành lý xách tay 7 kg,Hành lý 0 kg
VietJet Air,1.691.760 VND/khách,20:10,27 thg 4,22:10,27 thg 4,2h 0m,"TP HCM (SGN)
Sân bay Tân Sơn Nhất
Nhà ga 1","Hải Phòng (HPH)
Sân bay quốc tế Cát Bi",14-04-2025,Hành lý xách tay 7 kg,Hành lý 0 kg
Bamboo Airways,1.806.199 VND/khách,20:05,27 thg 4,22:10,27 thg 4,2h 5m,"TP HCM (SGN)
Sân bay Tân Sơn Nhất","Hải Phòng (HPH)
Sân bay quốc tế Cát Bi",14-04-2025,Hành lý xách tay 7 kg,Hành lý 0 kg
VietJet Air,1.808.468 VND/khách,04:30,27 thg 4,06:30,27 thg 4,2h 0m,"TP HCM (SGN)
Sân bay Tân Sơn Nhất
Nhà ga 1","Hải Phòng (HPH)
Sân bay quốc tế Cát Bi",14-04-2025,Hành lý xách tay 7 kg,Hành lý 0 kg
VietJet Air,1.808.468 VND/khách,06:15,27 thg 4,08:15,27 thg 4,2h 0m,"TP HCM (SGN)
Sân bay Tân Sơn Nhất
Nhà ga 1","Hải Phòng (HPH)
Sân bay quốc tế Cát Bi",14-04-2025,Hành lý xách tay 7 kg,Hành lý 0 kg
VietJet Air,1.808.468 VND/khách,16:10,27 thg 4,18:10,27 thg 4,2h 0m,"TP HCM (SGN)
Sân bay Tân Sơn Nhất
Nhà ga 1","Hải Phòng (HPH)
Sân bay quốc tế Cát Bi",14-04-2025,Hành lý xách tay 7 kg,Hành lý 0 kg
Vietnam Airlines,2.071.601 VND/khách,21:10,27 thg 4,23:10,27 thg 4,2h 0m,"TP HCM (SGN)
Sân bay Tân Sơn Nhất
Nhà ga 1","Hải Phòng (HPH)
Sân bay quốc tế Cát Bi",14-04-2025,Hành lý xách tay 1 x 12 kg,Hành lý 1 x 23 kg
VietJet Air,2.157.593 VND/khách,11:35,27 thg 4,13:35,27 thg 4,2h 0m,"TP HCM (SGN)
Sân bay Tân Sơn Nhất
Nhà ga 1","Hải Phòng (HPH)
Sân bay quốc tế Cát Bi",14-04-2025,Hành lý xách tay 7 kg,Hành lý 0 kg
Vietnam Airlines,2.461.536 VND/khách,17:55,27 thg 4,19:55,27 thg 4,2h 0m,"TP HCM (SGN)
Sân bay Tân Sơn Nhất
Nhà ga 1","Hải Phòng (HPH)
Sân bay quốc tế Cát Bi",14-04-2025,Hành lý xách tay 1 x 12 kg,Hành lý 1 x 23 kg
Vietnam Airlines,2.487.510 VND/khách,07:45,27 thg 4,09:45,27 thg 4,2h 0m,"TP HCM (SGN)
Sân bay Tân Sơn Nhất
Nhà ga 1","Hải Phòng (HPH)
Sân bay quốc tế Cát Bi",14-04-2025,Hành lý xách tay 1 x 12 kg,Hành lý 1 x 23 kg
VietJet Air,1.690.763 VND/khách,21:10,28 thg 4,23:05,28 thg 4,1h 55m,"TP HCM (SGN)
Sân bay Tân Sơn Nhất
Nhà ga 1","Hải Phòng (HPH)
Sân bay quốc tế Cát Bi",14-04-2025,Hành lý xách tay 7 kg,Hành lý 0 kg
VietJet Air,1.690.763 VND/khách,20:10,28 thg 4,22:10,28 thg 4,2h 0m,"TP HCM (SGN)
Sân bay Tân Sơn Nhất
Nhà ga 1","Hải Phòng (HPH)
Sân bay quốc tế Cát Bi",14-04-2025,Hành lý xách tay 7 kg,Hành lý 0 kg
VietJet Air,1.807.470 VND/khách,04:30,28 thg 4,06:30,28 thg 4,2h 0m,"TP HCM (SGN)
Sân bay Tân Sơn Nhất
Nhà ga 1","Hải Phòng (HPH)
Sân bay quốc tế Cát Bi",14-04-2025,Hành lý xách tay 7 kg,Hành lý 0 kg
VietJet Air,1.807.470 VND/khách,06:15,28 thg 4,08:15,28 thg 4,2h 0m,"TP HCM (SGN)
Sân bay Tân Sơn Nhất
Nhà ga 1","Hải Phòng (HPH)
Sân bay quốc tế Cát Bi",14-04-2025,Hành lý xách tay 7 kg,Hành lý 0 kg
VietJet Air,1.807.470 VND/khách,09:15,28 thg 4,11:15,28 thg 4,2h 0m,"TP HCM (SGN)
Sân bay Tân Sơn Nhất
Nhà ga 1","Hải Phòng (HPH)
Sân bay quốc tế Cát Bi",14-04-2025,Hành lý xách tay 7 kg,Hành lý 0 kg
VietJet Air,1.807.470 VND/khách,16:10,28 thg 4,18:10,28 thg 4,2h 0m,"TP HCM (SGN)
Sân bay Tân Sơn Nhất
Nhà ga 1","Hải Phòng (HPH)
Sân bay quốc tế Cát Bi",14-04-2025,Hành lý xách tay 7 kg,Hành lý 0 kg
VietJet Air,1.807.470 VND/khách,19:15,28 thg 4,21:15,28 thg 4,2h 0m,"TP HCM (SGN)
Sân bay Tân Sơn Nhất
Nhà ga 1","Hải Phòng (HPH)
Sân bay quốc tế Cát Bi",14-04-2025,Hành lý xách tay 7 kg,Hành lý 0 kg
Bamboo Airways,1.938.782 VND/khách,20:05,28 thg 4,22:10,28 thg 4,2h 5m,"TP HCM (SGN)
Sân bay Tân Sơn Nhất","Hải Phòng (HPH)
Sân bay quốc tế Cát Bi",14-04-2025,Hành lý xách tay 7 kg,Hành lý 0 kg
Vietnam Airlines,2.447.713 VND/khách,07:45,28 thg 4,09:45,28 thg 4,2h 0m,"TP HCM (SGN)
Sân bay Tân Sơn Nhất
Nhà ga 1","Hải Phòng (HPH)
Sân bay quốc tế Cát Bi",14-04-2025,Hành lý xách tay 1 x 12 kg,Hành lý 1 x 23 kg
Vietnam Airlines,2.447.713 VND/khách,17:55,28 thg 4,19:55,28 thg 4,2h 0m,"TP HCM (SGN)
Sân bay Tân Sơn Nhất
Nhà ga 1","Hải Phòng (HPH)
Sân bay quốc tế Cát Bi",14-04-2025,Hành lý xách tay 1 x 12 kg,Hành lý 1 x 23 kg
Vietnam Airlines,2.470.527 VND/khách,20:30,28 thg 4,22:30,28 thg 4,2h 0m,"TP HCM (SGN)
Sân bay Tân Sơn Nhất
Nhà ga 1","Hải Phòng (HPH)
Sân bay quốc tế Cát Bi",14-04-2025,Hành lý xách tay 1 x 12 kg,Hành lý 1 x 23 kg
Vietnam Airlines,2.685.312 VND/khách,13:25,28 thg 4,15:25,28 thg 4,2h 0m,"TP HCM (SGN)
Sân bay Tân Sơn Nhất
Nhà ga 1","Hải Phòng (HPH)
Sân bay quốc tế Cát Bi",14-04-2025,Hành lý xách tay 1 x 12 kg,Hành lý 1 x 23 kg
"Vietnam Airlines, VietJet Air",2.780.920 VND/khách,05:45,28 thg 4,06:40,28 thg 4,55m,"TP HCM (SGN)
Sân bay Tân Sơn Nhất
Nhà ga 1","Đà Lạt (DLI)
Sân bay Liên Khương",14-04-2025,Hành lý xách tay 1 x 12 kg,Hành lý 0 kg
VietJet Air,2.868.836 VND/khách,05:00,28 thg 4,06:20,28 thg 4,1h 20m,"TP HCM (SGN)
Sân bay Tân Sơn Nhất
Nhà ga 1","Đà Nẵng (DAD)
Sân bay Đà Nẵng",14-04-2025,Hành lý xách tay 7 kg,Hành lý 0 kg
VietJet Air,2.156.595 VND/khách,04:30,29 thg 4,06:30,29 thg 4,2h 0m,"TP HCM (SGN)
Sân bay Tân Sơn Nhất
Nhà ga 1","Hải Phòng (HPH)
Sân bay quốc tế Cát Bi",14-04-2025,Hành lý xách tay 7 kg,Hành lý 0 kg
VietJet Air,2.156.595 VND/khách,06:15,29 thg 4,08:15,29 thg 4,2h 0m,"TP HCM (SGN)
Sân bay Tân Sơn Nhất
Nhà ga 1","Hải Phòng (HPH)
Sân bay quốc tế Cát Bi",14-04-2025,Hành lý xách tay 7 kg,Hành lý 0 kg
VietJet Air,2.532.653 VND/khách,16:10,29 thg 4,18:10,29 thg 4,2h 0m,"TP HCM (SGN)
Sân bay Tân Sơn Nhất
Nhà ga 1","Hải Phòng (HPH)
Sân bay quốc tế Cát Bi",14-04-2025,Hành lý xách tay 7 kg,Hành lý 0 kg
VietJet Air,2.765.070 VND/khách,21:10,29 thg 4,23:05,29 thg 4,1h 55m,"TP HCM (SGN)
Sân bay Tân Sơn Nhất
Nhà ga 1","Hải Phòng (HPH)
Sân bay quốc tế Cát Bi",14-04-2025,Hành lý xách tay 7 kg,Hành lý 0 kg
VietJet Air,2.765.070 VND/khách,14:05,29 thg 4,16:05,29 thg 4,2h 0m,"TP HCM (SGN)
Sân bay Tân Sơn Nhất
Nhà ga 1","Hải Phòng (HPH)
Sân bay quốc tế Cát Bi",14-04-2025,Hành lý xách tay 7 kg,Hành lý 0 kg
VietJet Air,2.765.070 VND/khách,19:15,29 thg 4,21:15,29 thg 4,2h 0m,"TP HCM (SGN)
Sân bay Tân Sơn Nhất
Nhà ga 1","Hải Phòng (HPH)
Sân bay quốc tế Cát Bi",14-04-2025,Hành lý xách tay 7 kg,Hành lý 0 kg
Vietnam Airlines,2.892.105 VND/khách,13:25,29 thg 4,15:25,29 thg 4,2h 0m,"TP HCM (SGN)
Sân bay Tân Sơn Nhất
Nhà ga 1","Hải Phòng (HPH)
Sân bay quốc tế Cát Bi",14-04-2025,Hành lý xách tay 1 x 12 kg,Hành lý 1 x 23 kg
Vietnam Airlines,2.892.105 VND/khách,17:55,29 thg 4,19:55,29 thg 4,2h 0m,"TP HCM (SGN)
Sân bay Tân Sơn Nhất
Nhà ga 1","Hải Phòng (HPH)
Sân bay quốc tế Cát Bi",14-04-2025,Hành lý xách tay 1 x 12 kg,Hành lý 1 x 23 kg
Vietnam Airlines,2.944.053 VND/khách,07:45,29 thg 4,09:45,29 thg 4,2h 0m,"TP HCM (SGN)
Sân bay Tân Sơn Nhất
Nhà ga 1","Hải Phòng (HPH)
Sân bay quốc tế Cát Bi",14-04-2025,Hành lý xách tay 1 x 12 kg,Hành lý 1 x 23 kg
VietJet Air,3.085.268 VND/khách,09:15,29 thg 4,11:15,29 thg 4,2h 0m,"TP HCM (SGN)
Sân bay Tân Sơn Nhất
Nhà ga 1","Hải Phòng (HPH)
Sân bay quốc tế Cát Bi",14-04-2025,Hành lý xách tay 7 kg,Hành lý 0 kg
Vietnam Airlines,3.157.839 VND/khách,20:30,29 thg 4,22:30,29 thg 4,2h 0m,"TP HCM (SGN)
Sân bay Tân Sơn Nhất
Nhà ga 1","Hải Phòng (HPH)
Sân bay quốc tế Cát Bi",14-04-2025,Hành lý xách tay 1 x 12 kg,Hành lý 1 x 23 kg
VietJet Air,3.375.540 VND/khách,20:10,29 thg 4,22:10,29 thg 4,2h 0m,"TP HCM (SGN)
Sân bay Tân Sơn Nhất
Nhà ga 1","Hải Phòng (HPH)
Sân bay quốc tế Cát Bi",14-04-2025,Hành lý xách tay 7 kg,Hành lý 0 kg
VietJet Air,2.981.553 VND/khách,06:50,29 thg 4,08:10,29 thg 4,1h 20m,"TP HCM (SGN)
Sân bay Tân Sơn Nhất
Nhà ga 1","Đà Nẵng (DAD)
Sân bay Đà Nẵng",14-04-2025,Hành lý xách tay 7 kg,Hành lý 0 kg
VietJet Air,2.981.553 VND/khách,05:30,29 thg 4,06:50,29 thg 4,1h 20m,"TP HCM (SGN)
Sân bay Tân Sơn Nhất
Nhà ga 1","Đà Nẵng (DAD)
Sân bay Đà Nẵng",14-04-2025,Hành lý xách tay 7 kg,Hành lý 0 kg
VietJet Air,2.981.553 VND/khách,05:00,29 thg 4,06:20,29 thg 4,1h 20m,"TP HCM (SGN)
Sân bay Tân Sơn Nhất
Nhà ga 1","Đà Nẵng (DAD)
Sân bay Đà Nẵng",14-04-2025,Hành lý xách tay 7 kg,Hành lý 0 kg
VietJet Air,3.418.458 VND/khách,12:40,29 thg 4,13:40,29 thg 4,1h 0m,"TP HCM (SGN)
Sân bay Tân Sơn Nhất
Nhà ga 1","Nha Trang (CXR)
Sân bay Cam Ranh",14-04-2025,Hành lý xách tay 7 kg,Hành lý 0 kg
"Vietnam Airlines, VietJet Air",3.628.885 VND/khách,13:10,29 thg 4,14:15,29 thg 4,1h 5m,"TP HCM (SGN)
Sân bay Tân Sơn Nhất
Nhà ga 1","Nha Trang (CXR)
Sân bay Cam Ranh",14-04-2025,Hành lý xách tay 1 x 12 kg,Hành lý 1 x 23 kg
VietJet Air,1.691.760 VND/khách,21:10,30 thg 4,23:05,30 thg 4,1h 55m,"TP HCM (SGN)
Sân bay Tân Sơn Nhất
Nhà ga 1","Hải Phòng (HPH)
Sân bay quốc tế Cát Bi",14-04-2025,Hành lý xách tay 7 kg,Hành lý 0 kg
VietJet Air,1.691.760 VND/khách,20:10,30 thg 4,22:10,30 thg 4,2h 0m,"TP HCM (SGN)
Sân bay Tân Sơn Nhất
Nhà ga 1","Hải Phòng (HPH)
Sân bay quốc tế Cát Bi",14-04-2025,Hành lý xách tay 7 kg,Hành lý 0 kg
VietJet Air,1.808.468 VND/khách,19:15,30 thg 4,21:15,30 thg 4,2h 0m,"TP HCM (SGN)
Sân bay Tân Sơn Nhất
Nhà ga 1","Hải Phòng (HPH)
Sân bay quốc tế Cát Bi",14-04-2025,Hành lý xách tay 7 kg,Hành lý 0 kg
VietJet Air,2.157.593 VND/khách,04:30,30 thg 4,06:30,30 thg 4,2h 0m,"TP HCM (SGN)
Sân bay Tân Sơn Nhất
Nhà ga 1","Hải Phòng (HPH)
Sân bay quốc tế Cát Bi",14-04-2025,Hành lý xách tay 7 kg,Hành lý 0 kg
VietJet Air,2.157.593 VND/khách,16:10,30 thg 4,18:10,30 thg 4,2h 0m,"TP HCM (SGN)
Sân bay Tân Sơn Nhất
Nhà ga 1","Hải Phòng (HPH)
Sân bay quốc tế Cát Bi",14-04-2025,Hành lý xách tay 7 kg,Hành lý 0 kg
VietJet Air,2.333.153 VND/khách,06:15,30 thg 4,08:15,30 thg 4,2h 0m,"TP HCM (SGN)
Sân bay Tân Sơn Nhất
Nhà ga 1","Hải Phòng (HPH)
Sân bay quốc tế Cát Bi",14-04-2025,Hành lý xách tay 7 kg,Hành lý 0 kg
VietJet Air,2.534.648 VND/khách,11:35,30 thg 4,13:35,30 thg 4,2h 0m,"TP HCM (SGN)
Sân bay Tân Sơn Nhất
Nhà ga 1","Hải Phòng (HPH)
Sân bay quốc tế Cát Bi",14-04-2025,Hành lý xách tay 7 kg,Hành lý 0 kg
Vietnam Airlines,2.694.303 VND/khách,13:20,30 thg 4,15:25,30 thg 4,2h 5m,"TP HCM (SGN)
Sân bay Tân Sơn Nhất
Nhà ga 1","Hải Phòng (HPH)
Sân bay quốc tế Cát Bi",14-04-2025,Hành lý xách tay 1 x 12 kg,Hành lý 1 x 23 kg
Vietnam Airlines,2.897.100 VND/khách,17:55,30 thg 4,19:55,30 thg 4,2h 0m,"TP HCM (SGN)
Sân bay Tân Sơn Nhất
Nhà ga 1","Hải Phòng (HPH)
Sân bay quốc tế Cát Bi",14-04-2025,Hành lý xách tay 1 x 12 kg,Hành lý 1 x 23 kg
Vietnam Airlines,2.897.100 VND/khách,20:30,30 thg 4,22:30,30 thg 4,2h 0m,"TP HCM (SGN)
Sân bay Tân Sơn Nhất
Nhà ga 1","Hải Phòng (HPH)
Sân bay quốc tế Cát Bi",14-04-2025,Hành lý xách tay 1 x 12 kg,Hành lý 1 x 23 kg
VietJet Air,1.696.748 VND/khách,04:30,01 thg 5,06:30,01 thg 5,2h 0m,"TP HCM (SGN)
Sân bay Tân Sơn Nhất
Nhà ga 1","Hải Phòng (HPH)
Sân bay quốc tế Cát Bi",15-04-2025,Hành lý xách tay 7 kg,Hành lý 0 kg
VietJet Air,1.813.455 VND/khách,06:15,01 thg 5,08:15,01 thg 5,2h 0m,"TP HCM (SGN)
Sân bay Tân Sơn Nhất
Nhà ga 1","Hải Phòng (HPH)
Sân bay quốc tế Cát Bi",15-04-2025,Hành lý xách tay 7 kg,Hành lý 0 kg
VietJet Air,1.989.015 VND/khách,09:15,01 thg 5,11:15,01 thg 5,2h 0m,"TP HCM (SGN)
Sân bay Tân Sơn Nhất
Nhà ga 1","Hải Phòng (HPH)
Sân bay quốc tế Cát Bi",15-04-2025,Hành lý xách tay 7 kg,Hành lý 0 kg
VietJet Air,1.989.015 VND/khách,19:15,01 thg 5,21:15,01 thg 5,2h 0m,"TP HCM (SGN)
Sân bay Tân Sơn Nhất
Nhà ga 1","Hải Phòng (HPH)
Sân bay quốc tế Cát Bi",15-04-2025,Hành lý xách tay 7 kg,Hành lý 0 kg
VietJet Air,1.989.015 VND/khách,20:10,01 thg 5,22:10,01 thg 5,2h 0m,"TP HCM (SGN)
Sân bay Tân Sơn Nhất
Nhà ga 1","Hải Phòng (HPH)
Sân bay quốc tế Cát Bi",15-04-2025,Hành lý xách tay 7 kg,Hành lý 0 kg
VietJet Air,2.014.648 VND/khách,21:10,01 thg 5,23:05,01 thg 5,1h 55m,"TP HCM (SGN)
Sân bay Tân Sơn Nhất
Nhà ga 1","Hải Phòng (HPH)
Sân bay quốc tế Cát Bi",15-04-2025,Hành lý xách tay 7 kg,Hành lý 0 kg
VietJet Air,2.163.578 VND/khách,14:05,01 thg 5,16:05,01 thg 5,2h 0m,"TP HCM (SGN)
Sân bay Tân Sơn Nhất
Nhà ga 1","Hải Phòng (HPH)
Sân bay quốc tế Cát Bi",15-04-2025,Hành lý xách tay 7 kg,Hành lý 0 kg
Bamboo Airways,2.169.925 VND/khách,20:05,01 thg 5,22:10,01 thg 5,2h 5m,"TP HCM (SGN)
Sân bay Tân Sơn Nhất","Hải Phòng (HPH)
Sân bay quốc tế Cát Bi",15-04-2025,Hành lý xách tay 7 kg,Hành lý 0 kg
Vietnam Airlines,2.240.757 VND/khách,07:45,01 thg 5,09:45,01 thg 5,2h 0m,"TP HCM (SGN)
Sân bay Tân Sơn Nhất
Nhà ga 1","Hải Phòng (HPH)
Sân bay quốc tế Cát Bi",15-04-2025,Hành lý xách tay 1 x 12 kg,Hành lý 1 x 23 kg
Vietnam Airlines,2.303.569 VND/khách,20:30,01 thg 5,22:30,01 thg 5,2h 0m,"TP HCM (SGN)
Sân bay Tân Sơn Nhất
Nhà ga 1","Hải Phòng (HPH)
Sân bay quốc tế Cát Bi",15-04-2025,Hành lý xách tay 1 x 12 kg,Hành lý 1 x 23 kg
Vietnam Airlines,2.462.535 VND/khách,13:20,01 thg 5,15:25,01 thg 5,2h 5m,"TP HCM (SGN)
Sân bay Tân Sơn Nhất
Nhà ga 1","Hải Phòng (HPH)
Sân bay quốc tế Cát Bi",15-04-2025,Hành lý xách tay 1 x 12 kg,Hành lý 1 x 23 kg
Vietnam Airlines,2.767.505 VND/khách,17:55,01 thg 5,19:55,01 thg 5,2h 0m,"TP HCM (SGN)
Sân bay Tân Sơn Nhất
Nhà ga 1","Hải Phòng (HPH)
Sân bay quốc tế Cát Bi",15-04-2025,Hành lý xách tay 1 x 12 kg,Hành lý 1 x 23 kg
VietJet Air,1.811.460 VND/khách,04:30,02 thg 5,06:30,02 thg 5,2h 0m,"TP HCM (SGN)
Sân bay Tân Sơn Nhất
Nhà ga 1","Hải Phòng (HPH)
Sân bay quốc tế Cát Bi",15-04-2025,Hành lý xách tay 7 kg,Hành lý 0 kg
VietJet Air,1.986.023 VND/khách,21:10,02 thg 5,23:05,02 thg 5,1h 55m,"TP HCM (SGN)
Sân bay Tân Sơn Nhất
Nhà ga 1","Hải Phòng (HPH)
Sân bay quốc tế Cát Bi",15-04-2025,Hành lý xách tay 7 kg,Hành lý 0 kg
VietJet Air,1.986.023 VND/khách,06:15,02 thg 5,08:15,02 thg 5,2h 0m,"TP HCM (SGN)
Sân bay Tân Sơn Nhất
Nhà ga 1","Hải Phòng (HPH)
Sân bay quốc tế Cát Bi",15-04-2025,Hành lý xách tay 7 kg,Hành lý 0 kg
VietJet Air,2.029.913 VND/khách,20:10,02 thg 5,22:10,02 thg 5,2h 0m,"TP HCM (SGN)
Sân bay Tân Sơn Nhất
Nhà ga 1","Hải Phòng (HPH)
Sân bay quốc tế Cát Bi",15-04-2025,Hành lý xách tay 7 kg,Hành lý 0 kg
VietJet Air,2.161.583 VND/khách,19:15,02 thg 5,21:15,02 thg 5,2h 0m,"TP HCM (SGN)
Sân bay Tân Sơn Nhất
Nhà ga 1","Hải Phòng (HPH)
Sân bay quốc tế Cát Bi",15-04-2025,Hành lý xách tay 7 kg,Hành lý 0 kg
Vietnam Airlines,2.232.765 VND/khách,07:45,02 thg 5,09:45,02 thg 5,2h 0m,"TP HCM (SGN)
Sân bay Tân Sơn Nhất
Nhà ga 1","Hải Phòng (HPH)
Sân bay quốc tế Cát Bi",15-04-2025,Hành lý xách tay 1 x 12 kg,Hành lý 1 x 23 kg
Vietnam Airlines,2.232.765 VND/khách,20:30,02 thg 5,22:30,02 thg 5,2h 0m,"TP HCM (SGN)
Sân bay Tân Sơn Nhất
Nhà ga 1","Hải Phòng (HPH)
Sân bay quốc tế Cát Bi",15-04-2025,Hành lý xách tay 1 x 12 kg,Hành lý 1 x 23 kg
VietJet Air,2.538.638 VND/khách,11:35,02 thg 5,13:35,02 thg 5,2h 0m,"TP HCM (SGN)
Sân bay Tân Sơn Nhất
Nhà ga 1","Hải Phòng (HPH)
Sân bay quốc tế Cát Bi",15-04-2025,Hành lý xách tay 7 kg,Hành lý 0 kg
Vietnam Airlines,2.920.077 VND/khách,13:20,02 thg 5,15:25,02 thg 5,2h 5m,"TP HCM (SGN)
Sân bay Tân Sơn Nhất
Nhà ga 1","Hải Phòng (HPH)
Sân bay quốc tế Cát Bi",15-04-2025,Hành lý xách tay 1 x 12 kg,Hành lý 1 x 23 kg
VietJet Air,2.945.618 VND/khách,16:10,02 thg 5,18:10,02 thg 5,2h 0m,"TP HCM (SGN)
Sân bay Tân Sơn Nhất
Nhà ga 1","Hải Phòng (HPH)
Sân bay quốc tế Cát Bi",15-04-2025,Hành lý xách tay 7 kg,Hành lý 0 kg
VietJet Air,2.336.145 VND/khách,06:15,03 thg 5,08:15,03 thg 5,2h 0m,"TP HCM (SGN)
Sân bay Tân Sơn Nhất
Nhà ga 1","Hải Phòng (HPH)
Sân bay quốc tế Cát Bi",15-04-2025,Hành lý xách tay 7 kg,Hành lý 0 kg
VietJet Air,2.945.618 VND/khách,09:15,03 thg 5,11:15,03 thg 5,2h 0m,"TP HCM (SGN)
Sân bay Tân Sơn Nhất
Nhà ga 1","Hải Phòng (HPH)
Sân bay quốc tế Cát Bi",15-04-2025,Hành lý xách tay 7 kg,Hành lý 0 kg
VietJet Air,2.945.618 VND/khách,14:05,03 thg 5,16:05,03 thg 5,2h 0m,"TP HCM (SGN)
Sân bay Tân Sơn Nhất
Nhà ga 1","Hải Phòng (HPH)
Sân bay quốc tế Cát Bi",15-04-2025,Hành lý xách tay 7 kg,Hành lý 0 kg
Bamboo Airways,3.088.325 VND/khách,20:05,03 thg 5,22:10,03 thg 5,2h 5m,"TP HCM (SGN)
Sân bay Tân Sơn Nhất","Hải Phòng (HPH)
Sân bay quốc tế Cát Bi",15-04-2025,Hành lý xách tay 7 kg,Hành lý 20 kg
VietJet Air,3.091.253 VND/khách,21:10,03 thg 5,23:05,03 thg 5,1h 55m,"TP HCM (SGN)
Sân bay Tân Sơn Nhất
Nhà ga 1","Hải Phòng (HPH)
Sân bay quốc tế Cát Bi",15-04-2025,Hành lý xách tay 7 kg,Hành lý 0 kg
VietJet Air,3.091.253 VND/khách,04:30,03 thg 5,06:30,03 thg 5,2h 0m,"TP HCM (SGN)
Sân bay Tân Sơn Nhất
Nhà ga 1","Hải Phòng (HPH)
Sân bay quốc tế Cát Bi",15-04-2025,Hành lý xách tay 7 kg,Hành lý 0 kg
Vietnam Airlines,3.167.829 VND/khách,07:45,03 thg 5,09:45,03 thg 5,2h 0m,"TP HCM (SGN)
Sân bay Tân Sơn Nhất
Nhà ga 1","Hải Phòng (HPH)
Sân bay quốc tế Cát Bi",15-04-2025,Hành lý xách tay 1 x 12 kg,Hành lý 1 x 23 kg
VietJet Air,3.382.523 VND/khách,16:10,03 thg 5,18:10,03 thg 5,2h 0m,"TP HCM (SGN)
Sân bay Tân Sơn Nhất
Nhà ga 1","Hải Phòng (HPH)
Sân bay quốc tế Cát Bi",15-04-2025,Hành lý xách tay 7 kg,Hành lý 0 kg
VietJet Air,3.382.523 VND/khách,19:15,03 thg 5,21:15,03 thg 5,2h 0m,"TP HCM (SGN)
Sân bay Tân Sơn Nhất
Nhà ga 1","Hải Phòng (HPH)
Sân bay quốc tế Cát Bi",15-04-2025,Hành lý xách tay 7 kg,Hành lý 0 kg
VietJet Air,3.382.523 VND/khách,20:10,03 thg 5,22:10,03 thg 5,2h 0m,"TP HCM (SGN)
Sân bay Tân Sơn Nhất
Nhà ga 1","Hải Phòng (HPH)
Sân bay quốc tế Cát Bi",15-04-2025,Hành lý xách tay 7 kg,Hành lý 0 kg
Vietnam Airlines,3.400.596 VND/khách,13:20,03 thg 5,15:25,03 thg 5,2h 5m,"TP HCM (SGN)
Sân bay Tân Sơn Nhất
Nhà ga 1","Hải Phòng (HPH)
Sân bay quốc tế Cát Bi",15-04-2025,Hành lý xách tay 1 x 12 kg,Hành lý 1 x 23 kg
VietJet Air,2.340.135 VND/khách,04:30,04 thg 5,06:30,04 thg 5,2h 0m,"TP HCM (SGN)
Sân bay Tân Sơn Nhất
Nhà ga 1","Hải Phòng (HPH)
Sân bay quốc tế Cát Bi",15-04-2025,Hành lý xách tay 7 kg,Hành lý 0 kg
VietJet Air,2.777.040 VND/khách,06:15,04 thg 5,08:15,04 thg 5,2h 0m,"TP HCM (SGN)
Sân bay Tân Sơn Nhất
Nhà ga 1","Hải Phòng (HPH)
Sân bay quốc tế Cát Bi",15-04-2025,Hành lý xách tay 7 kg,Hành lý 0 kg
VietJet Air,3.098.235 VND/khách,21:10,04 thg 5,23:05,04 thg 5,1h 55m,"TP HCM (SGN)
Sân bay Tân Sơn Nhất
Nhà ga 1","Hải Phòng (HPH)
Sân bay quốc tế Cát Bi",15-04-2025,Hành lý xách tay 7 kg,Hành lý 0 kg
VietJet Air,3.098.235 VND/khách,19:15,04 thg 5,21:15,04 thg 5,2h 0m,"TP HCM (SGN)
Sân bay Tân Sơn Nhất
Nhà ga 1","Hải Phòng (HPH)
Sân bay quốc tế Cát Bi",15-04-2025,Hành lý xách tay 7 kg,Hành lý 0 kg
VietJet Air,3.098.235 VND/khách,20:10,04 thg 5,22:10,04 thg 5,2h 0m,"TP HCM (SGN)
Sân bay Tân Sơn Nhất
Nhà ga 1","Hải Phòng (HPH)
Sân bay quốc tế Cát Bi",15-04-2025,Hành lý xách tay 7 kg,Hành lý 0 kg
VietJet Air,3.652.845 VND/khách,11:35,04 thg 5,13:35,04 thg 5,2h 0m,"TP HCM (SGN)
Sân bay Tân Sơn Nhất
Nhà ga 1","Hải Phòng (HPH)
Sân bay quốc tế Cát Bi",15-04-2025,Hành lý xách tay 7 kg,Hành lý 0 kg
VietJet Air,3.652.845 VND/khách,16:10,04 thg 5,18:10,04 thg 5,2h 0m,"TP HCM (SGN)
Sân bay Tân Sơn Nhất
Nhà ga 1","Hải Phòng (HPH)
Sân bay quốc tế Cát Bi",15-04-2025,Hành lý xách tay 7 kg,Hành lý 0 kg
Vietnam Airlines,3.910.086 VND/khách,13:20,04 thg 5,15:25,04 thg 5,2h 5m,"TP HCM (SGN)
Sân bay Tân Sơn Nhất
Nhà ga 1","Hải Phòng (HPH)
Sân bay quốc tế Cát Bi",15-04-2025,Hành lý xách tay 1 x 12 kg,Hành lý 1 x 23 kg
Vietnam Airlines,3.929.067 VND/khách,07:45,04 thg 5,09:45,04 thg 5,2h 0m,"TP HCM (SGN)
Sân bay Tân Sơn Nhất
Nhà ga 1","Hải Phòng (HPH)
Sân bay quốc tế Cát Bi",15-04-2025,Hành lý xách tay 1 x 12 kg,Hành lý 1 x 23 kg
VietJet Air,1.696.748 VND/khách,21:10,05 thg 5,23:05,05 thg 5,1h 55m,"TP HCM (SGN)
Sân bay Tân Sơn Nhất
Nhà ga 1","Hải Phòng (HPH)
Sân bay quốc tế Cát Bi",15-04-2025,Hành lý xách tay 7 kg,Hành lý 0 kg
VietJet Air,1.696.748 VND/khách,20:10,05 thg 5,22:10,05 thg 5,2h 0m,"TP HCM (SGN)
Sân bay Tân Sơn Nhất
Nhà ga 1","Hải Phòng (HPH)
Sân bay quốc tế Cát Bi",15-04-2025,Hành lý xách tay 7 kg,Hành lý 0 kg
VietJet Air,1.813.455 VND/khách,04:30,05 thg 5,06:30,05 thg 5,2h 0m,"TP HCM (SGN)
Sân bay Tân Sơn Nhất
Nhà ga 1","Hải Phòng (HPH)
Sân bay quốc tế Cát Bi",15-04-2025,Hành lý xách tay 7 kg,Hành lý 0 kg
VietJet Air,1.813.455 VND/khách,19:15,05 thg 5,21:15,05 thg 5,2h 0m,"TP HCM (SGN)
Sân bay Tân Sơn Nhất
Nhà ga 1","Hải Phòng (HPH)
Sân bay quốc tế Cát Bi",15-04-2025,Hành lý xách tay 7 kg,Hành lý 0 kg
Bamboo Airways,1.948.525 VND/khách,20:05,05 thg 5,22:10,05 thg 5,2h 5m,"TP HCM (SGN)
Sân bay Tân Sơn Nhất","Hải Phòng (HPH)
Sân bay quốc tế Cát Bi",15-04-2025,Hành lý xách tay 7 kg,Hành lý 0 kg
VietJet Air,1.989.015 VND/khách,06:15,05 thg 5,08:15,05 thg 5,2h 0m,"TP HCM (SGN)
Sân bay Tân Sơn Nhất
Nhà ga 1","Hải Phòng (HPH)
Sân bay quốc tế Cát Bi",15-04-2025,Hành lý xách tay 7 kg,Hành lý 0 kg
VietJet Air,1.989.015 VND/khách,16:10,05 thg 5,18:10,05 thg 5,2h 0m,"TP HCM (SGN)
Sân bay Tân Sơn Nhất
Nhà ga 1","Hải Phòng (HPH)
Sân bay quốc tế Cát Bi",15-04-2025,Hành lý xách tay 7 kg,Hành lý 0 kg
VietJet Air,2.163.578 VND/khách,09:15,05 thg 5,11:15,05 thg 5,2h 0m,"TP HCM (SGN)
Sân bay Tân Sơn Nhất
Nhà ga 1","Hải Phòng (HPH)
Sân bay quốc tế Cát Bi",15-04-2025,Hành lý xách tay 7 kg,Hành lý 0 kg
Vietnam Airlines,2.240.757 VND/khách,20:30,05 thg 5,22:30,05 thg 5,2h 0m,"TP HCM (SGN)
Sân bay Tân Sơn Nhất
Nhà ga 1","Hải Phòng (HPH)
Sân bay quốc tế Cát Bi",15-04-2025,Hành lý xách tay 1 x 12 kg,Hành lý 1 x 23 kg
Vietnam Airlines,2.685.312 VND/khách,17:55,05 thg 5,19:55,05 thg 5,2h 0m,"TP HCM (SGN)
Sân bay Tân Sơn Nhất
Nhà ga 1","Hải Phòng (HPH)
Sân bay quốc tế Cát Bi",15-04-2025,Hành lý xách tay 1 x 12 kg,Hành lý 1 x 23 kg
Vietnam Airlines,2.685.312 VND/khách,13:20,05 thg 5,15:25,05 thg 5,2h 5m,"TP HCM (SGN)
Sân bay Tân Sơn Nhất
Nhà ga 1","Hải Phòng (HPH)
Sân bay quốc tế Cát Bi",15-04-2025,Hành lý xách tay 1 x 12 kg,Hành lý 1 x 23 kg
VietJet Air,1.696.748 VND/khách,21:10,21 thg 4,23:05,21 thg 4,1h 55m,"TP HCM (SGN)
Sân bay Tân Sơn Nhất
Nhà ga 1","Hải Phòng (HPH)
Sân bay quốc tế Cát Bi",15-04-2025,Hành lý xách tay 7 kg,Hành lý 0 kg
VietJet Air,1.696.748 VND/khách,04:30,21 thg 4,06:30,21 thg 4,2h 0m,"TP HCM (SGN)
Sân bay Tân Sơn Nhất
Nhà ga 1","Hải Phòng (HPH)
Sân bay quốc tế Cát Bi",15-04-2025,Hành lý xách tay 7 kg,Hành lý 0 kg
VietJet Air,1.696.748 VND/khách,20:10,21 thg 4,22:10,21 thg 4,2h 0m,"TP HCM (SGN)
Sân bay Tân Sơn Nhất
Nhà ga 1","Hải Phòng (HPH)
Sân bay quốc tế Cát Bi",15-04-2025,Hành lý xách tay 7 kg,Hành lý 0 kg
Bamboo Airways,1.806.199 VND/khách,20:05,21 thg 4,22:10,21 thg 4,2h 5m,"TP HCM (SGN)
Sân bay Tân Sơn Nhất","Hải Phòng (HPH)
Sân bay quốc tế Cát Bi",15-04-2025,Hành lý xách tay 7 kg,Hành lý 0 kg
VietJet Air,1.813.455 VND/khách,06:15,21 thg 4,08:15,21 thg 4,2h 0m,"TP HCM (SGN)
Sân bay Tân Sơn Nhất
Nhà ga 1","Hải Phòng (HPH)
Sân bay quốc tế Cát Bi",15-04-2025,Hành lý xách tay 7 kg,Hành lý 0 kg
VietJet Air,1.813.455 VND/khách,09:15,21 thg 4,11:15,21 thg 4,2h 0m,"TP HCM (SGN)
Sân bay Tân Sơn Nhất
Nhà ga 1","Hải Phòng (HPH)
Sân bay quốc tế Cát Bi",15-04-2025,Hành lý xách tay 7 kg,Hành lý 0 kg
VietJet Air,1.813.455 VND/khách,16:10,21 thg 4,18:10,21 thg 4,2h 0m,"TP HCM (SGN)
Sân bay Tân Sơn Nhất
Nhà ga 1","Hải Phòng (HPH)
Sân bay quốc tế Cát Bi",15-04-2025,Hành lý xách tay 7 kg,Hành lý 0 kg
Vietnam Airlines,2.013.984 VND/khách,20:30,21 thg 4,22:30,21 thg 4,2h 0m,"TP HCM (SGN)
Sân bay Tân Sơn Nhất
Nhà ga 1","Hải Phòng (HPH)
Sân bay quốc tế Cát Bi",15-04-2025,Hành lý xách tay 1 x 12 kg,Hành lý 1 x 23 kg
Vietnam Airlines,2.013.984 VND/khách,13:20,21 thg 4,15:25,21 thg 4,2h 5m,"TP HCM (SGN)
Sân bay Tân Sơn Nhất
Nhà ga 1","Hải Phòng (HPH)
Sân bay quốc tế Cát Bi",15-04-2025,Hành lý xách tay 1 x 12 kg,Hành lý 1 x 23 kg
Vietnam Airlines,2.447.550 VND/khách,17:55,21 thg 4,19:55,21 thg 4,2h 0m,"TP HCM (SGN)
Sân bay Tân Sơn Nhất
Nhà ga 1","Hải Phòng (HPH)
Sân bay quốc tế Cát Bi",15-04-2025,Hành lý xách tay 1 x 12 kg,Hành lý 1 x 23 kg
VietJet Air,1.551.113 VND/khách,04:30,22 thg 4,06:30,22 thg 4,2h 0m,"TP HCM (SGN)
Sân bay Tân Sơn Nhất
Nhà ga 1","Hải Phòng (HPH)
Sân bay quốc tế Cát Bi",15-04-2025,Hành lý xách tay 7 kg,Hành lý 0 kg
VietJet Air,1.697.745 VND/khách,21:10,22 thg 4,23:05,22 thg 4,1h 55m,"TP HCM (SGN)
Sân bay Tân Sơn Nhất
Nhà ga 1","Hải Phòng (HPH)
Sân bay quốc tế Cát Bi",15-04-2025,Hành lý xách tay 7 kg,Hành lý 0 kg
VietJet Air,1.697.745 VND/khách,20:10,22 thg 4,22:10,22 thg 4,2h 0m,"TP HCM (SGN)
Sân bay Tân Sơn Nhất
Nhà ga 1","Hải Phòng (HPH)
Sân bay quốc tế Cát Bi",15-04-2025,Hành lý xách tay 7 kg,Hành lý 0 kg
VietJet Air,1.814.453 VND/khách,06:15,22 thg 4,08:15,22 thg 4,2h 0m,"TP HCM (SGN)
Sân bay Tân Sơn Nhất
Nhà ga 1","Hải Phòng (HPH)
Sân bay quốc tế Cát Bi",15-04-2025,Hành lý xách tay 7 kg,Hành lý 0 kg
VietJet Air,1.814.453 VND/khách,09:15,22 thg 4,11:15,22 thg 4,2h 0m,"TP HCM (SGN)
Sân bay Tân Sơn Nhất
Nhà ga 1","Hải Phòng (HPH)
Sân bay quốc tế Cát Bi",15-04-2025,Hành lý xách tay 7 kg,Hành lý 0 kg
VietJet Air,1.814.453 VND/khách,14:05,22 thg 4,16:05,22 thg 4,2h 0m,"TP HCM (SGN)
Sân bay Tân Sơn Nhất
Nhà ga 1","Hải Phòng (HPH)
Sân bay quốc tế Cát Bi",15-04-2025,Hành lý xách tay 7 kg,Hành lý 0 kg
VietJet Air,1.814.453 VND/khách,16:10,22 thg 4,18:10,22 thg 4,2h 0m,"TP HCM (SGN)
Sân bay Tân Sơn Nhất
Nhà ga 1","Hải Phòng (HPH)
Sân bay quốc tế Cát Bi",15-04-2025,Hành lý xách tay 7 kg,Hành lý 0 kg
Vietnam Airlines,2.008.989 VND/khách,20:30,22 thg 4,22:30,22 thg 4,2h 0m,"TP HCM (SGN)
Sân bay Tân Sơn Nhất
Nhà ga 1","Hải Phòng (HPH)
Sân bay quốc tế Cát Bi",15-04-2025,Hành lý xách tay 1 x 12 kg,Hành lý 1 x 23 kg
Vietnam Airlines,2.016.981 VND/khách,17:55,22 thg 4,19:55,22 thg 4,2h 0m,"TP HCM (SGN)
Sân bay Tân Sơn Nhất
Nhà ga 1","Hải Phòng (HPH)
Sân bay quốc tế Cát Bi",15-04-2025,Hành lý xách tay 1 x 12 kg,Hành lý 1 x 23 kg
Vietnam Airlines,2.016.981 VND/khách,13:20,22 thg 4,15:25,22 thg 4,2h 5m,"TP HCM (SGN)
Sân bay Tân Sơn Nhất
Nhà ga 1","Hải Phòng (HPH)
Sân bay quốc tế Cát Bi",15-04-2025,Hành lý xách tay 1 x 12 kg,Hành lý 1 x 23 kg
VietJet Air,1.551.113 VND/khách,04:30,23 thg 4,06:30,23 thg 4,2h 0m,"TP HCM (SGN)
Sân bay Tân Sơn Nhất
Nhà ga 1","Hải Phòng (HPH)
Sân bay quốc tế Cát Bi",15-04-2025,Hành lý xách tay 7 kg,Hành lý 0 kg
Bamboo Airways,1.663.416 VND/khách,20:05,23 thg 4,22:10,23 thg 4,2h 5m,"TP HCM (SGN)
Sân bay Tân Sơn Nhất","Hải Phòng (HPH)
Sân bay quốc tế Cát Bi",15-04-2025,Hành lý xách tay 7 kg,Hành lý 0 kg
VietJet Air,1.697.745 VND/khách,21:10,23 thg 4,23:05,23 thg 4,1h 55m,"TP HCM (SGN)
Sân bay Tân Sơn Nhất
Nhà ga 1","Hải Phòng (HPH)
Sân bay quốc tế Cát Bi",15-04-2025,Hành lý xách tay 7 kg,Hành lý 0 kg
VietJet Air,1.697.745 VND/khách,19:15,23 thg 4,21:15,23 thg 4,2h 0m,"TP HCM (SGN)
Sân bay Tân Sơn Nhất
Nhà ga 1","Hải Phòng (HPH)
Sân bay quốc tế Cát Bi",15-04-2025,Hành lý xách tay 7 kg,Hành lý 0 kg
Vietnam Airlines,1.783.215 VND/khách,20:30,23 thg 4,22:30,23 thg 4,2h 0m,"TP HCM (SGN)
Sân bay Tân Sơn Nhất
Nhà ga 1","Hải Phòng (HPH)
Sân bay quốc tế Cát Bi",15-04-2025,Hành lý xách tay 1 x 12 kg,Hành lý 1 x 23 kg
Vietnam Airlines,1.798.200 VND/khách,17:55,23 thg 4,19:55,23 thg 4,2h 0m,"TP HCM (SGN)
Sân bay Tân Sơn Nhất
Nhà ga 1","Hải Phòng (HPH)
Sân bay quốc tế Cát Bi",15-04-2025,Hành lý xách tay 1 x 12 kg,Hành lý 1 x 23 kg
VietJet Air,1.814.453 VND/khách,06:15,23 thg 4,08:15,23 thg 4,2h 0m,"TP HCM (SGN)
Sân bay Tân Sơn Nhất
Nhà ga 1","Hải Phòng (HPH)
Sân bay quốc tế Cát Bi",15-04-2025,Hành lý xách tay 7 kg,Hành lý 0 kg
VietJet Air,1.814.453 VND/khách,11:35,23 thg 4,13:35,23 thg 4,2h 0m,"TP HCM (SGN)
Sân bay Tân Sơn Nhất
Nhà ga 1","Hải Phòng (HPH)
Sân bay quốc tế Cát Bi",15-04-2025,Hành lý xách tay 7 kg,Hành lý 0 kg
VietJet Air,1.814.453 VND/khách,16:10,23 thg 4,18:10,23 thg 4,2h 0m,"TP HCM (SGN)
Sân bay Tân Sơn Nhất
Nhà ga 1","Hải Phòng (HPH)
Sân bay quốc tế Cát Bi",15-04-2025,Hành lý xách tay 7 kg,Hành lý 0 kg
Vietnam Airlines,2.027.970 VND/khách,13:20,23 thg 4,15:25,23 thg 4,2h 5m,"TP HCM (SGN)
Sân bay Tân Sơn Nhất
Nhà ga 1","Hải Phòng (HPH)
Sân bay quốc tế Cát Bi",15-04-2025,Hành lý xách tay 1 x 12 kg,Hành lý 1 x 23 kg
Vietnam Airlines,2.223.009 VND/khách,07:45,23 thg 4,09:45,23 thg 4,2h 0m,"TP HCM (SGN)
Sân bay Tân Sơn Nhất
Nhà ga 1","Hải Phòng (HPH)
Sân bay quốc tế Cát Bi",15-04-2025,Hành lý xách tay 1 x 12 kg,Hành lý 1 x 23 kg
VietJet Air,2.585.546 VND/khách,05:00,23 thg 4,06:20,23 thg 4,1h 20m,"TP HCM (SGN)
Sân bay Tân Sơn Nhất
Nhà ga 1","Đà Nẵng (DAD)
Sân bay Đà Nẵng",15-04-2025,Hành lý xách tay 7 kg,Hành lý 0 kg
"VietJet Air, Vietnam Airlines",2.635.263 VND/khách,05:00,23 thg 4,06:20,23 thg 4,1h 20m,"TP HCM (SGN)
Sân bay Tân Sơn Nhất
Nhà ga 1","Đà Nẵng (DAD)
Sân bay Đà Nẵng",15-04-2025,Hành lý xách tay 7 kg,Hành lý 0 kg
"Vietnam Airlines, VietJet Air",2.720.027 VND/khách,05:45,23 thg 4,07:10,23 thg 4,1h 25m,"TP HCM (SGN)
Sân bay Tân Sơn Nhất
Nhà ga 1","Đà Nẵng (DAD)
Sân bay Đà Nẵng",15-04-2025,Hành lý xách tay 1 x 12 kg,Hành lý 23 kg
VietJet Air,2.727.191 VND/khách,13:30,23 thg 4,14:30,23 thg 4,1h 0m,"TP HCM (SGN)
Sân bay Tân Sơn Nhất
Nhà ga 1","Nha Trang (CXR)
Sân bay Cam Ranh",15-04-2025,Hành lý xách tay 7 kg,Hành lý 0 kg
VietJet Air,1.551.113 VND/khách,04:30,24 thg 4,06:30,24 thg 4,2h 0m,"TP HCM (SGN)
Sân bay Tân Sơn Nhất
Nhà ga 1","Hải Phòng (HPH)
Sân bay quốc tế Cát Bi",15-04-2025,Hành lý xách tay 7 kg,Hành lý 0 kg
VietJet Air,1.696.748 VND/khách,21:10,24 thg 4,23:05,24 thg 4,1h 55m,"TP HCM (SGN)
Sân bay Tân Sơn Nhất
Nhà ga 1","Hải Phòng (HPH)
Sân bay quốc tế Cát Bi",15-04-2025,Hành lý xách tay 7 kg,Hành lý 0 kg
VietJet Air,1.696.748 VND/khách,19:15,24 thg 4,21:15,24 thg 4,2h 0m,"TP HCM (SGN)
Sân bay Tân Sơn Nhất
Nhà ga 1","Hải Phòng (HPH)
Sân bay quốc tế Cát Bi",15-04-2025,Hành lý xách tay 7 kg,Hành lý 0 kg
VietJet Air,1.696.748 VND/khách,20:10,24 thg 4,22:10,24 thg 4,2h 0m,"TP HCM (SGN)
Sân bay Tân Sơn Nhất
Nhà ga 1","Hải Phòng (HPH)
Sân bay quốc tế Cát Bi",15-04-2025,Hành lý xách tay 7 kg,Hành lý 0 kg
VietJet Air,1.813.455 VND/khách,06:15,24 thg 4,08:15,24 thg 4,2h 0m,"TP HCM (SGN)
Sân bay Tân Sơn Nhất
Nhà ga 1","Hải Phòng (HPH)
Sân bay quốc tế Cát Bi",15-04-2025,Hành lý xách tay 7 kg,Hành lý 0 kg
VietJet Air,1.813.455 VND/khách,09:15,24 thg 4,11:15,24 thg 4,2h 0m,"TP HCM (SGN)
Sân bay Tân Sơn Nhất
Nhà ga 1","Hải Phòng (HPH)
Sân bay quốc tế Cát Bi",15-04-2025,Hành lý xách tay 7 kg,Hành lý 0 kg
VietJet Air,1.813.455 VND/khách,14:40,24 thg 4,16:40,24 thg 4,2h 0m,"TP HCM (SGN)
Sân bay Tân Sơn Nhất
Nhà ga 1","Hải Phòng (HPH)
Sân bay quốc tế Cát Bi",15-04-2025,Hành lý xách tay 7 kg,Hành lý 0 kg
Vietnam Airlines,1.967.031 VND/khách,17:55,24 thg 4,19:55,24 thg 4,2h 0m,"TP HCM (SGN)
Sân bay Tân Sơn Nhất
Nhà ga 1","Hải Phòng (HPH)
Sân bay quốc tế Cát Bi",15-04-2025,Hành lý xách tay 1 x 12 kg,Hành lý 1 x 23 kg
Vietnam Airlines,2.013.984 VND/khách,20:30,24 thg 4,22:30,24 thg 4,2h 0m,"TP HCM (SGN)
Sân bay Tân Sơn Nhất
Nhà ga 1","Hải Phòng (HPH)
Sân bay quốc tế Cát Bi",15-04-2025,Hành lý xách tay 1 x 12 kg,Hành lý 1 x 23 kg
Vietnam Airlines,2.013.984 VND/khách,13:20,24 thg 4,15:25,24 thg 4,2h 5m,"TP HCM (SGN)
Sân bay Tân Sơn Nhất
Nhà ga 1","Hải Phòng (HPH)
Sân bay quốc tế Cát Bi",15-04-2025,Hành lý xách tay 1 x 12 kg,Hành lý 1 x 23 kg
VietJet Air,1.698.743 VND/khách,21:10,25 thg 4,23:05,25 thg 4,1h 55m,"TP HCM (SGN)
Sân bay Tân Sơn Nhất
Nhà ga 1","Hải Phòng (HPH)
Sân bay quốc tế Cát Bi",15-04-2025,Hành lý xách tay 7 kg,Hành lý 0 kg
VietJet Air,1.698.743 VND/khách,04:30,25 thg 4,06:30,25 thg 4,2h 0m,"TP HCM (SGN)
Sân bay Tân Sơn Nhất
Nhà ga 1","Hải Phòng (HPH)
Sân bay quốc tế Cát Bi",15-04-2025,Hành lý xách tay 7 kg,Hành lý 0 kg
VietJet Air,1.698.743 VND/khách,06:15,25 thg 4,08:15,25 thg 4,2h 0m,"TP HCM (SGN)
Sân bay Tân Sơn Nhất
Nhà ga 1","Hải Phòng (HPH)
Sân bay quốc tế Cát Bi",15-04-2025,Hành lý xách tay 7 kg,Hành lý 0 kg
VietJet Air,1.698.743 VND/khách,16:10,25 thg 4,18:10,25 thg 4,2h 0m,"TP HCM (SGN)
Sân bay Tân Sơn Nhất
Nhà ga 1","Hải Phòng (HPH)
Sân bay quốc tế Cát Bi",15-04-2025,Hành lý xách tay 7 kg,Hành lý 0 kg
VietJet Air,1.698.743 VND/khách,19:15,25 thg 4,21:15,25 thg 4,2h 0m,"TP HCM (SGN)
Sân bay Tân Sơn Nhất
Nhà ga 1","Hải Phòng (HPH)
Sân bay quốc tế Cát Bi",15-04-2025,Hành lý xách tay 7 kg,Hành lý 0 kg
Bamboo Airways,1.938.782 VND/khách,20:05,25 thg 4,22:10,25 thg 4,2h 5m,"TP HCM (SGN)
Sân bay Tân Sơn Nhất","Hải Phòng (HPH)
Sân bay quốc tế Cát Bi",15-04-2025,Hành lý xách tay 7 kg,Hành lý 0 kg
VietJet Air,1.991.010 VND/khách,11:35,25 thg 4,13:35,25 thg 4,2h 0m,"TP HCM (SGN)
Sân bay Tân Sơn Nhất
Nhà ga 1","Hải Phòng (HPH)
Sân bay quốc tế Cát Bi",15-04-2025,Hành lý xách tay 7 kg,Hành lý 0 kg
Vietnam Airlines,2.303.569 VND/khách,20:30,25 thg 4,22:30,25 thg 4,2h 0m,"TP HCM (SGN)
Sân bay Tân Sơn Nhất
Nhà ga 1","Hải Phòng (HPH)
Sân bay quốc tế Cát Bi",15-04-2025,Hành lý xách tay 1 x 12 kg,Hành lý 1 x 23 kg
Vietnam Airlines,2.473.524 VND/khách,13:20,25 thg 4,15:25,25 thg 4,2h 5m,"TP HCM (SGN)
Sân bay Tân Sơn Nhất
Nhà ga 1","Hải Phòng (HPH)
Sân bay quốc tế Cát Bi",15-04-2025,Hành lý xách tay 1 x 12 kg,Hành lý 1 x 23 kg
Vietnam Airlines,3.162.834 VND/khách,07:45,25 thg 4,09:45,25 thg 4,2h 0m,"TP HCM (SGN)
Sân bay Tân Sơn Nhất
Nhà ga 1","Hải Phòng (HPH)
Sân bay quốc tế Cát Bi",15-04-2025,Hành lý xách tay 1 x 12 kg,Hành lý 1 x 23 kg
VietJet Air,1.697.745 VND/khách,21:10,26 thg 4,23:05,26 thg 4,1h 55m,"TP HCM (SGN)
Sân bay Tân Sơn Nhất
Nhà ga 1","Hải Phòng (HPH)
Sân bay quốc tế Cát Bi",15-04-2025,Hành lý xách tay 7 kg,Hành lý 0 kg
VietJet Air,1.697.745 VND/khách,20:10,26 thg 4,22:10,26 thg 4,2h 0m,"TP HCM (SGN)
Sân bay Tân Sơn Nhất
Nhà ga 1","Hải Phòng (HPH)
Sân bay quốc tế Cát Bi",15-04-2025,Hành lý xách tay 7 kg,Hành lý 0 kg
VietJet Air,1.814.453 VND/khách,04:30,26 thg 4,06:30,26 thg 4,2h 0m,"TP HCM (SGN)
Sân bay Tân Sơn Nhất
Nhà ga 1","Hải Phòng (HPH)
Sân bay quốc tế Cát Bi",15-04-2025,Hành lý xách tay 7 kg,Hành lý 0 kg
VietJet Air,1.814.453 VND/khách,16:10,26 thg 4,18:10,26 thg 4,2h 0m,"TP HCM (SGN)
Sân bay Tân Sơn Nhất
Nhà ga 1","Hải Phòng (HPH)
Sân bay quốc tế Cát Bi",15-04-2025,Hành lý xách tay 7 kg,Hành lý 0 kg
VietJet Air,1.814.453 VND/khách,19:15,26 thg 4,21:15,26 thg 4,2h 0m,"TP HCM (SGN)
Sân bay Tân Sơn Nhất
Nhà ga 1","Hải Phòng (HPH)
Sân bay quốc tế Cát Bi",15-04-2025,Hành lý xách tay 7 kg,Hành lý 0 kg
VietJet Air,1.989.015 VND/khách,06:15,26 thg 4,08:15,26 thg 4,2h 0m,"TP HCM (SGN)
Sân bay Tân Sơn Nhất
Nhà ga 1","Hải Phòng (HPH)
Sân bay quốc tế Cát Bi",15-04-2025,Hành lý xách tay 7 kg,Hành lý 0 kg
VietJet Air,1.989.015 VND/khách,14:05,26 thg 4,16:05,26 thg 4,2h 0m,"TP HCM (SGN)
Sân bay Tân Sơn Nhất
Nhà ga 1","Hải Phòng (HPH)
Sân bay quốc tế Cát Bi",15-04-2025,Hành lý xách tay 7 kg,Hành lý 0 kg
VietJet Air,2.164.575 VND/khách,09:15,26 thg 4,11:15,26 thg 4,2h 0m,"TP HCM (SGN)
Sân bay Tân Sơn Nhất
Nhà ga 1","Hải Phòng (HPH)
Sân bay quốc tế Cát Bi",15-04-2025,Hành lý xách tay 7 kg,Hành lý 0 kg
Vietnam Airlines,2.471.526 VND/khách,20:30,26 thg 4,22:30,26 thg 4,2h 0m,"TP HCM (SGN)
Sân bay Tân Sơn Nhất
Nhà ga 1","Hải Phòng (HPH)
Sân bay quốc tế Cát Bi",15-04-2025,Hành lý xách tay 1 x 12 kg,Hành lý 1 x 23 kg
Vietnam Airlines,2.471.526 VND/khách,13:20,26 thg 4,15:25,26 thg 4,2h 5m,"TP HCM (SGN)
Sân bay Tân Sơn Nhất
Nhà ga 1","Hải Phòng (HPH)
Sân bay quốc tế Cát Bi",15-04-2025,Hành lý xách tay 1 x 12 kg,Hành lý 1 x 23 kg
Vietnam Airlines,2.485.512 VND/khách,17:55,26 thg 4,19:55,26 thg 4,2h 0m,"TP HCM (SGN)
Sân bay Tân Sơn Nhất
Nhà ga 1","Hải Phòng (HPH)
Sân bay quốc tế Cát Bi",15-04-2025,Hành lý xách tay 1 x 12 kg,Hành lý 1 x 23 kg
VietJet Air,1.696.748 VND/khách,19:15,27 thg 4,21:15,27 thg 4,2h 0m,"TP HCM (SGN)
Sân bay Tân Sơn Nhất
Nhà ga 1","Hải Phòng (HPH)
Sân bay quốc tế Cát Bi",15-04-2025,Hành lý xách tay 7 kg,Hành lý 0 kg
VietJet Air,1.696.748 VND/khách,20:10,27 thg 4,22:10,27 thg 4,2h 0m,"TP HCM (SGN)
Sân bay Tân Sơn Nhất
Nhà ga 1","Hải Phòng (HPH)
Sân bay quốc tế Cát Bi",15-04-2025,Hành lý xách tay 7 kg,Hành lý 0 kg
Bamboo Airways,1.806.199 VND/khách,20:05,27 thg 4,22:10,27 thg 4,2h 5m,"TP HCM (SGN)
Sân bay Tân Sơn Nhất","Hải Phòng (HPH)
Sân bay quốc tế Cát Bi",15-04-2025,Hành lý xách tay 7 kg,Hành lý 0 kg
VietJet Air,1.813.455 VND/khách,04:30,27 thg 4,06:30,27 thg 4,2h 0m,"TP HCM (SGN)
Sân bay Tân Sơn Nhất
Nhà ga 1","Hải Phòng (HPH)
Sân bay quốc tế Cát Bi",15-04-2025,Hành lý xách tay 7 kg,Hành lý 0 kg
VietJet Air,1.813.455 VND/khách,06:15,27 thg 4,08:15,27 thg 4,2h 0m,"TP HCM (SGN)
Sân bay Tân Sơn Nhất
Nhà ga 1","Hải Phòng (HPH)
Sân bay quốc tế Cát Bi",15-04-2025,Hành lý xách tay 7 kg,Hành lý 0 kg
VietJet Air,1.813.455 VND/khách,16:10,27 thg 4,18:10,27 thg 4,2h 0m,"TP HCM (SGN)
Sân bay Tân Sơn Nhất
Nhà ga 1","Hải Phòng (HPH)
Sân bay quốc tế Cát Bi",15-04-2025,Hành lý xách tay 7 kg,Hành lý 0 kg
VietJet Air,1.889.265 VND/khách,21:10,27 thg 4,23:05,27 thg 4,1h 55m,"TP HCM (SGN)
Sân bay Tân Sơn Nhất
Nhà ga 1","Hải Phòng (HPH)
Sân bay quốc tế Cát Bi",15-04-2025,Hành lý xách tay 7 kg,Hành lý 0 kg
Vietnam Airlines,1.982.016 VND/khách,21:10,27 thg 4,23:10,27 thg 4,2h 0m,"TP HCM (SGN)
Sân bay Tân Sơn Nhất
Nhà ga 1","Hải Phòng (HPH)
Sân bay quốc tế Cát Bi",15-04-2025,Hành lý xách tay 1 x 12 kg,Hành lý 1 x 23 kg
VietJet Air,2.163.578 VND/khách,11:35,27 thg 4,13:35,27 thg 4,2h 0m,"TP HCM (SGN)
Sân bay Tân Sơn Nhất
Nhà ga 1","Hải Phòng (HPH)
Sân bay quốc tế Cát Bi",15-04-2025,Hành lý xách tay 7 kg,Hành lý 0 kg
Vietnam Airlines,2.462.535 VND/khách,17:55,27 thg 4,19:55,27 thg 4,2h 0m,"TP HCM (SGN)
Sân bay Tân Sơn Nhất
Nhà ga 1","Hải Phòng (HPH)
Sân bay quốc tế Cát Bi",15-04-2025,Hành lý xách tay 1 x 12 kg,Hành lý 1 x 23 kg
Vietnam Airlines,2.462.535 VND/khách,13:20,27 thg 4,15:25,27 thg 4,2h 5m,"TP HCM (SGN)
Sân bay Tân Sơn Nhất
Nhà ga 1","Hải Phòng (HPH)
Sân bay quốc tế Cát Bi",15-04-2025,Hành lý xách tay 1 x 12 kg,Hành lý 1 x 23 kg
VietJet Air,1.696.748 VND/khách,21:10,28 thg 4,23:05,28 thg 4,1h 55m,"TP HCM (SGN)
Sân bay Tân Sơn Nhất
Nhà ga 1","Hải Phòng (HPH)
Sân bay quốc tế Cát Bi",15-04-2025,Hành lý xách tay 7 kg,Hành lý 0 kg
VietJet Air,1.696.748 VND/khách,20:10,28 thg 4,22:10,28 thg 4,2h 0m,"TP HCM (SGN)
Sân bay Tân Sơn Nhất
Nhà ga 1","Hải Phòng (HPH)
Sân bay quốc tế Cát Bi",15-04-2025,Hành lý xách tay 7 kg,Hành lý 0 kg
Bamboo Airways,1.806.199 VND/khách,20:05,28 thg 4,22:10,28 thg 4,2h 5m,"TP HCM (SGN)
Sân bay Tân Sơn Nhất","Hải Phòng (HPH)
Sân bay quốc tế Cát Bi",15-04-2025,Hành lý xách tay 7 kg,Hành lý 0 kg
VietJet Air,1.813.455 VND/khách,04:30,28 thg 4,06:30,28 thg 4,2h 0m,"TP HCM (SGN)
Sân bay Tân Sơn Nhất
Nhà ga 1","Hải Phòng (HPH)
Sân bay quốc tế Cát Bi",15-04-2025,Hành lý xách tay 7 kg,Hành lý 0 kg
VietJet Air,1.813.455 VND/khách,06:15,28 thg 4,08:15,28 thg 4,2h 0m,"TP HCM (SGN)
Sân bay Tân Sơn Nhất
Nhà ga 1","Hải Phòng (HPH)
Sân bay quốc tế Cát Bi",15-04-2025,Hành lý xách tay 7 kg,Hành lý 0 kg
VietJet Air,1.813.455 VND/khách,09:15,28 thg 4,11:15,28 thg 4,2h 0m,"TP HCM (SGN)
Sân bay Tân Sơn Nhất
Nhà ga 1","Hải Phòng (HPH)
Sân bay quốc tế Cát Bi",15-04-2025,Hành lý xách tay 7 kg,Hành lý 0 kg
VietJet Air,1.813.455 VND/khách,16:10,28 thg 4,18:10,28 thg 4,2h 0m,"TP HCM (SGN)
Sân bay Tân Sơn Nhất
Nhà ga 1","Hải Phòng (HPH)
Sân bay quốc tế Cát Bi",15-04-2025,Hành lý xách tay 7 kg,Hành lý 0 kg
VietJet Air,1.813.455 VND/khách,19:15,28 thg 4,21:15,28 thg 4,2h 0m,"TP HCM (SGN)
Sân bay Tân Sơn Nhất
Nhà ga 1","Hải Phòng (HPH)
Sân bay quốc tế Cát Bi",15-04-2025,Hành lý xách tay 7 kg,Hành lý 0 kg
Vietnam Airlines,2.446.864 VND/khách,20:30,28 thg 4,22:30,28 thg 4,2h 0m,"TP HCM (SGN)
Sân bay Tân Sơn Nhất
Nhà ga 1","Hải Phòng (HPH)
Sân bay quốc tế Cát Bi",15-04-2025,Hành lý xách tay 1 x 12 kg,Hành lý 1 x 23 kg
Vietnam Airlines,2.474.523 VND/khách,07:45,28 thg 4,09:45,28 thg 4,2h 0m,"TP HCM (SGN)
Sân bay Tân Sơn Nhất
Nhà ga 1","Hải Phòng (HPH)
Sân bay quốc tế Cát Bi",15-04-2025,Hành lý xách tay 1 x 12 kg,Hành lý 1 x 23 kg
Vietnam Airlines,2.485.512 VND/khách,17:55,28 thg 4,19:55,28 thg 4,2h 0m,"TP HCM (SGN)
Sân bay Tân Sơn Nhất
Nhà ga 1","Hải Phòng (HPH)
Sân bay quốc tế Cát Bi",15-04-2025,Hành lý xách tay 1 x 12 kg,Hành lý 1 x 23 kg
VietJet Air,2.163.578 VND/khách,04:30,29 thg 4,06:30,29 thg 4,2h 0m,"TP HCM (SGN)
Sân bay Tân Sơn Nhất
Nhà ga 1","Hải Phòng (HPH)
Sân bay quốc tế Cát Bi",15-04-2025,Hành lý xách tay 7 kg,Hành lý 0 kg
VietJet Air,2.163.578 VND/khách,06:15,29 thg 4,08:15,29 thg 4,2h 0m,"TP HCM (SGN)
Sân bay Tân Sơn Nhất
Nhà ga 1","Hải Phòng (HPH)
Sân bay quốc tế Cát Bi",15-04-2025,Hành lý xách tay 7 kg,Hành lý 0 kg
Vietnam Airlines,2.470.527 VND/khách,07:45,29 thg 4,09:45,29 thg 4,2h 0m,"TP HCM (SGN)
Sân bay Tân Sơn Nhất
Nhà ga 1","Hải Phòng (HPH)
Sân bay quốc tế Cát Bi",15-04-2025,Hành lý xách tay 1 x 12 kg,Hành lý 1 x 23 kg
VietJet Air,2.541.630 VND/khách,16:10,29 thg 4,18:10,29 thg 4,2h 0m,"TP HCM (SGN)
Sân bay Tân Sơn Nhất
Nhà ga 1","Hải Phòng (HPH)
Sân bay quốc tế Cát Bi",15-04-2025,Hành lý xách tay 7 kg,Hành lý 0 kg
Vietnam Airlines,2.670.720 VND/khách,13:20,29 thg 4,15:25,29 thg 4,2h 5m,"TP HCM (SGN)
Sân bay Tân Sơn Nhất
Nhà ga 1","Hải Phòng (HPH)
Sân bay quốc tế Cát Bi",15-04-2025,Hành lý xách tay 1 x 12 kg,Hành lý 1 x 23 kg
Vietnam Airlines,2.685.312 VND/khách,17:55,29 thg 4,19:55,29 thg 4,2h 0m,"TP HCM (SGN)
Sân bay Tân Sơn Nhất
Nhà ga 1","Hải Phòng (HPH)
Sân bay quốc tế Cát Bi",15-04-2025,Hành lý xách tay 1 x 12 kg,Hành lý 1 x 23 kg
VietJet Air,2.775.045 VND/khách,21:10,29 thg 4,23:05,29 thg 4,1h 55m,"TP HCM (SGN)
Sân bay Tân Sơn Nhất
Nhà ga 1","Hải Phòng (HPH)
Sân bay quốc tế Cát Bi",15-04-2025,Hành lý xách tay 7 kg,Hành lý 0 kg
VietJet Air,2.775.045 VND/khách,14:05,29 thg 4,16:05,29 thg 4,2h 0m,"TP HCM (SGN)
Sân bay Tân Sơn Nhất
Nhà ga 1","Hải Phòng (HPH)
Sân bay quốc tế Cát Bi",15-04-2025,Hành lý xách tay 7 kg,Hành lý 0 kg
VietJet Air,2.775.045 VND/khách,19:15,29 thg 4,21:15,29 thg 4,2h 0m,"TP HCM (SGN)
Sân bay Tân Sơn Nhất
Nhà ga 1","Hải Phòng (HPH)
Sân bay quốc tế Cát Bi",15-04-2025,Hành lý xách tay 7 kg,Hành lý 0 kg
VietJet Air,3.095.243 VND/khách,09:15,29 thg 4,11:15,29 thg 4,2h 0m,"TP HCM (SGN)
Sân bay Tân Sơn Nhất
Nhà ga 1","Hải Phòng (HPH)
Sân bay quốc tế Cát Bi",15-04-2025,Hành lý xách tay 7 kg,Hành lý 0 kg
Vietnam Airlines,3.140.856 VND/khách,20:30,29 thg 4,22:30,29 thg 4,2h 0m,"TP HCM (SGN)
Sân bay Tân Sơn Nhất
Nhà ga 1","Hải Phòng (HPH)
Sân bay quốc tế Cát Bi",15-04-2025,Hành lý xách tay 1 x 12 kg,Hành lý 1 x 23 kg
VietJet Air,1.696.748 VND/khách,21:10,30 thg 4,23:05,30 thg 4,1h 55m,"TP HCM (SGN)
Sân bay Tân Sơn Nhất
Nhà ga 1","Hải Phòng (HPH)
Sân bay quốc tế Cát Bi",15-04-2025,Hành lý xách tay 7 kg,Hành lý 0 kg
VietJet Air,1.696.748 VND/khách,20:10,30 thg 4,22:10,30 thg 4,2h 0m,"TP HCM (SGN)
Sân bay Tân Sơn Nhất
Nhà ga 1","Hải Phòng (HPH)
Sân bay quốc tế Cát Bi",15-04-2025,Hành lý xách tay 7 kg,Hành lý 0 kg
VietJet Air,1.813.455 VND/khách,19:15,30 thg 4,21:15,30 thg 4,2h 0m,"TP HCM (SGN)
Sân bay Tân Sơn Nhất
Nhà ga 1","Hải Phòng (HPH)
Sân bay quốc tế Cát Bi",15-04-2025,Hành lý xách tay 7 kg,Hành lý 0 kg
VietJet Air,2.163.578 VND/khách,16:10,30 thg 4,18:10,30 thg 4,2h 0m,"TP HCM (SGN)
Sân bay Tân Sơn Nhất
Nhà ga 1","Hải Phòng (HPH)
Sân bay quốc tế Cát Bi",15-04-2025,Hành lý xách tay 7 kg,Hành lý 0 kg
Vietnam Airlines,2.240.757 VND/khách,20:30,30 thg 4,22:30,30 thg 4,2h 0m,"TP HCM (SGN)
Sân bay Tân Sơn Nhất
Nhà ga 1","Hải Phòng (HPH)
Sân bay quốc tế Cát Bi",15-04-2025,Hành lý xách tay 1 x 12 kg,Hành lý 1 x 23 kg
VietJet Air,2.339.138 VND/khách,06:15,30 thg 4,08:15,30 thg 4,2h 0m,"TP HCM (SGN)
Sân bay Tân Sơn Nhất
Nhà ga 1","Hải Phòng (HPH)
Sân bay quốc tế Cát Bi",15-04-2025,Hành lý xách tay 7 kg,Hành lý 0 kg
Vietnam Airlines,2.466.531 VND/khách,17:55,30 thg 4,19:55,30 thg 4,2h 0m,"TP HCM (SGN)
Sân bay Tân Sơn Nhất
Nhà ga 1","Hải Phòng (HPH)
Sân bay quốc tế Cát Bi",15-04-2025,Hành lý xách tay 1 x 12 kg,Hành lý 1 x 23 kg
VietJet Air,2.541.630 VND/khách,11:35,30 thg 4,13:35,30 thg 4,2h 0m,"TP HCM (SGN)
Sân bay Tân Sơn Nhất
Nhà ga 1","Hải Phòng (HPH)
Sân bay quốc tế Cát Bi",15-04-2025,Hành lý xách tay 7 kg,Hành lý 0 kg
Vietnam Airlines,2.692.305 VND/khách,13:20,30 thg 4,15:25,30 thg 4,2h 5m,"TP HCM (SGN)
Sân bay Tân Sơn Nhất
Nhà ga 1","Hải Phòng (HPH)
Sân bay quốc tế Cát Bi",15-04-2025,Hành lý xách tay 1 x 12 kg,Hành lý 1 x 23 kg
Vietnam Airlines,3.696.300 VND/khách,07:45,30 thg 4,09:45,30 thg 4,2h 0m,"TP HCM (SGN)
Sân bay Tân Sơn Nhất
Nhà ga 1","Hải Phòng (HPH)
Sân bay quốc tế Cát Bi",15-04-2025,Hành lý xách tay 1 x 12 kg,Hành lý 1 x 23 kg
VietJet Air,1.737.645 VND/khách,04:30,01 thg 5,06:30,01 thg 5,2h 0m,"TP HCM (SGN)
Sân bay Tân Sơn Nhất
Nhà ga 1","Hải Phòng (HPH)
Sân bay quốc tế Cát Bi",16-04-2025,Hành lý xách tay 7 kg,Hành lý 0 kg
VietJet Air,1.851.360 VND/khách,06:15,01 thg 5,08:15,01 thg 5,2h 0m,"TP HCM (SGN)
Sân bay Tân Sơn Nhất
Nhà ga 1","Hải Phòng (HPH)
Sân bay quốc tế Cát Bi",16-04-2025,Hành lý xách tay 7 kg,Hành lý 0 kg
VietJet Air,2.024.925 VND/khách,21:10,01 thg 5,23:05,01 thg 5,1h 55m,"TP HCM (SGN)
Sân bay Tân Sơn Nhất
Nhà ga 1","Hải Phòng (HPH)
Sân bay quốc tế Cát Bi",16-04-2025,Hành lý xách tay 7 kg,Hành lý 0 kg
VietJet Air,2.024.925 VND/khách,19:15,01 thg 5,21:15,01 thg 5,2h 0m,"TP HCM (SGN)
Sân bay Tân Sơn Nhất
Nhà ga 1","Hải Phòng (HPH)
Sân bay quốc tế Cát Bi",16-04-2025,Hành lý xách tay 7 kg,Hành lý 0 kg
VietJet Air,2.024.925 VND/khách,20:10,01 thg 5,22:10,01 thg 5,2h 0m,"TP HCM (SGN)
Sân bay Tân Sơn Nhất
Nhà ga 1","Hải Phòng (HPH)
Sân bay quốc tế Cát Bi",16-04-2025,Hành lý xách tay 7 kg,Hành lý 0 kg
Bamboo Airways,2.169.925 VND/khách,20:05,01 thg 5,22:10,01 thg 5,2h 5m,"TP HCM (SGN)
Sân bay Tân Sơn Nhất","Hải Phòng (HPH)
Sân bay quốc tế Cát Bi",16-04-2025,Hành lý xách tay 7 kg,Hành lý 0 kg
VietJet Air,2.198.490 VND/khách,09:15,01 thg 5,11:15,01 thg 5,2h 0m,"TP HCM (SGN)
Sân bay Tân Sơn Nhất
Nhà ga 1","Hải Phòng (HPH)
Sân bay quốc tế Cát Bi",16-04-2025,Hành lý xách tay 7 kg,Hành lý 0 kg
VietJet Air,2.198.490 VND/khách,14:05,01 thg 5,16:05,01 thg 5,2h 0m,"TP HCM (SGN)
Sân bay Tân Sơn Nhất
Nhà ga 1","Hải Phòng (HPH)
Sân bay quốc tế Cát Bi",16-04-2025,Hành lý xách tay 7 kg,Hành lý 0 kg
Vietnam Airlines,2.201.796 VND/khách,20:30,01 thg 5,22:30,01 thg 5,2h 0m,"TP HCM (SGN)
Sân bay Tân Sơn Nhất
Nhà ga 1","Hải Phòng (HPH)
Sân bay quốc tế Cát Bi",16-04-2025,Hành lý xách tay 1 x 12 kg,Hành lý 1 x 23 kg
Vietnam Airlines,2.452.545 VND/khách,13:20,01 thg 5,15:25,01 thg 5,2h 5m,"TP HCM (SGN)
Sân bay Tân Sơn Nhất
Nhà ga 1","Hải Phòng (HPH)
Sân bay quốc tế Cát Bi",16-04-2025,Hành lý xách tay 1 x 12 kg,Hành lý 1 x 23 kg
Vietnam Airlines,2.459.538 VND/khách,07:45,01 thg 5,09:45,01 thg 5,2h 0m,"TP HCM (SGN)
Sân bay Tân Sơn Nhất
Nhà ga 1","Hải Phòng (HPH)
Sân bay quốc tế Cát Bi",16-04-2025,Hành lý xách tay 1 x 12 kg,Hành lý 1 x 23 kg
VietJet Air,2.794.995 VND/khách,16:10,01 thg 5,18:10,01 thg 5,2h 0m,"TP HCM (SGN)
Sân bay Tân Sơn Nhất
Nhà ga 1","Hải Phòng (HPH)
Sân bay quốc tế Cát Bi",16-04-2025,Hành lý xách tay 7 kg,Hành lý 0 kg
Vietnam Airlines,3.112.884 VND/khách,17:55,01 thg 5,19:55,01 thg 5,2h 0m,"TP HCM (SGN)
Sân bay Tân Sơn Nhất
Nhà ga 1","Hải Phòng (HPH)
Sân bay quốc tế Cát Bi",16-04-2025,Hành lý xách tay 1 x 12 kg,Hành lý 1 x 23 kg
VietJet Air,3.519.205 VND/khách,12:40,01 thg 5,13:40,01 thg 5,1h 0m,"TP HCM (SGN)
Sân bay Tân Sơn Nhất
Nhà ga 1","Nha Trang (CXR)
Sân bay Cam Ranh",16-04-2025,Hành lý xách tay 7 kg,Hành lý 0 kg
VietJet Air,3.597.288 VND/khách,05:00,01 thg 5,06:20,01 thg 5,1h 20m,"TP HCM (SGN)
Sân bay Tân Sơn Nhất
Nhà ga 1","Đà Nẵng (DAD)
Sân bay Đà Nẵng",16-04-2025,Hành lý xách tay 7 kg,Hành lý 0 kg
"Vietnam Airlines, VietJet Air",3.598.999 VND/khách,06:50,01 thg 5,08:05,01 thg 5,1h 15m,"TP HCM (SGN)
Sân bay Tân Sơn Nhất
Nhà ga 1","Nha Trang (CXR)
Sân bay Cam Ranh",16-04-2025,Hành lý xách tay 1 x 12 kg,Hành lý 1 x 23 kg
VietJet Air,2.563.546 VND/khách,06:15,03 thg 5,08:15,03 thg 5,2h 0m,"TP HCM (SGN)
Sân bay Tân Sơn Nhất
Nhà ga 1","Hải Phòng (HPH)
Sân bay quốc tế Cát Bi",16-04-2025,Hành lý xách tay 7 kg,Hành lý 0 kg
VietJet Air,2.967.563 VND/khách,09:15,03 thg 5,11:15,03 thg 5,2h 0m,"TP HCM (SGN)
Sân bay Tân Sơn Nhất
Nhà ga 1","Hải Phòng (HPH)
Sân bay quốc tế Cát Bi",16-04-2025,Hành lý xách tay 7 kg,Hành lý 0 kg
VietJet Air,2.967.563 VND/khách,14:05,03 thg 5,16:05,03 thg 5,2h 0m,"TP HCM (SGN)
Sân bay Tân Sơn Nhất
Nhà ga 1","Hải Phòng (HPH)
Sân bay quốc tế Cát Bi",16-04-2025,Hành lý xách tay 7 kg,Hành lý 0 kg
Bamboo Airways,3.088.325 VND/khách,20:05,03 thg 5,22:10,03 thg 5,2h 5m,"TP HCM (SGN)
Sân bay Tân Sơn Nhất","Hải Phòng (HPH)
Sân bay quốc tế Cát Bi",16-04-2025,Hành lý xách tay 7 kg,Hành lý 20 kg
VietJet Air,3.111.203 VND/khách,21:10,03 thg 5,23:05,03 thg 5,1h 55m,"TP HCM (SGN)
Sân bay Tân Sơn Nhất
Nhà ga 1","Hải Phòng (HPH)
Sân bay quốc tế Cát Bi",16-04-2025,Hành lý xách tay 7 kg,Hành lý 0 kg
VietJet Air,3.113.198 VND/khách,04:30,03 thg 5,06:30,03 thg 5,2h 0m,"TP HCM (SGN)
Sân bay Tân Sơn Nhất
Nhà ga 1","Hải Phòng (HPH)
Sân bay quốc tế Cát Bi",16-04-2025,Hành lý xách tay 7 kg,Hành lý 0 kg
Vietnam Airlines,3.160.836 VND/khách,07:45,03 thg 5,09:45,03 thg 5,2h 0m,"TP HCM (SGN)
Sân bay Tân Sơn Nhất
Nhà ga 1","Hải Phòng (HPH)
Sân bay quốc tế Cát Bi",16-04-2025,Hành lý xách tay 1 x 12 kg,Hành lý 1 x 23 kg
Vietnam Airlines,3.392.604 VND/khách,13:20,03 thg 5,15:25,03 thg 5,2h 5m,"TP HCM (SGN)
Sân bay Tân Sơn Nhất
Nhà ga 1","Hải Phòng (HPH)
Sân bay quốc tế Cát Bi",16-04-2025,Hành lý xách tay 1 x 12 kg,Hành lý 1 x 23 kg
VietJet Air,3.398.483 VND/khách,16:10,03 thg 5,18:10,03 thg 5,2h 0m,"TP HCM (SGN)
Sân bay Tân Sơn Nhất
Nhà ga 1","Hải Phòng (HPH)
Sân bay quốc tế Cát Bi",16-04-2025,Hành lý xách tay 7 kg,Hành lý 0 kg
VietJet Air,3.398.483 VND/khách,20:10,03 thg 5,22:10,03 thg 5,2h 0m,"TP HCM (SGN)
Sân bay Tân Sơn Nhất
Nhà ga 1","Hải Phòng (HPH)
Sân bay quốc tế Cát Bi",16-04-2025,Hành lý xách tay 7 kg,Hành lý 0 kg
VietJet Air,3.400.478 VND/khách,19:15,03 thg 5,21:15,03 thg 5,2h 0m,"TP HCM (SGN)
Sân bay Tân Sơn Nhất
Nhà ga 1","Hải Phòng (HPH)
Sân bay quốc tế Cát Bi",16-04-2025,Hành lý xách tay 7 kg,Hành lý 0 kg
VietJet Air,2.367.068 VND/khách,04:30,04 thg 5,06:30,04 thg 5,2h 0m,"TP HCM (SGN)
Sân bay Tân Sơn Nhất
Nhà ga 1","Hải Phòng (HPH)
Sân bay quốc tế Cát Bi",16-04-2025,Hành lý xách tay 7 kg,Hành lý 0 kg
VietJet Air,2.797.988 VND/khách,06:15,04 thg 5,08:15,04 thg 5,2h 0m,"TP HCM (SGN)
Sân bay Tân Sơn Nhất
Nhà ga 1","Hải Phòng (HPH)
Sân bay quốc tế Cát Bi",16-04-2025,Hành lý xách tay 7 kg,Hành lý 0 kg
VietJet Air,3.111.203 VND/khách,21:10,04 thg 5,23:05,04 thg 5,1h 55m,"TP HCM (SGN)
Sân bay Tân Sơn Nhất
Nhà ga 1","Hải Phòng (HPH)
Sân bay quốc tế Cát Bi",16-04-2025,Hành lý xách tay 7 kg,Hành lý 0 kg
VietJet Air,3.111.203 VND/khách,19:15,04 thg 5,21:15,04 thg 5,2h 0m,"TP HCM (SGN)
Sân bay Tân Sơn Nhất
Nhà ga 1","Hải Phòng (HPH)
Sân bay quốc tế Cát Bi",16-04-2025,Hành lý xách tay 7 kg,Hành lý 0 kg
VietJet Air,3.111.203 VND/khách,20:10,04 thg 5,22:10,04 thg 5,2h 0m,"TP HCM (SGN)
Sân bay Tân Sơn Nhất
Nhà ga 1","Hải Phòng (HPH)
Sân bay quốc tế Cát Bi",16-04-2025,Hành lý xách tay 7 kg,Hành lý 0 kg
VietJet Air,3.652.845 VND/khách,11:35,04 thg 5,13:35,04 thg 5,2h 0m,"TP HCM (SGN)
Sân bay Tân Sơn Nhất
Nhà ga 1","Hải Phòng (HPH)
Sân bay quốc tế Cát Bi",16-04-2025,Hành lý xách tay 7 kg,Hành lý 0 kg
VietJet Air,3.652.845 VND/khách,16:10,04 thg 5,18:10,04 thg 5,2h 0m,"TP HCM (SGN)
Sân bay Tân Sơn Nhất
Nhà ga 1","Hải Phòng (HPH)
Sân bay quốc tế Cát Bi",16-04-2025,Hành lý xách tay 7 kg,Hành lý 0 kg
Vietnam Airlines,3.665.331 VND/khách,07:45,04 thg 5,09:45,04 thg 5,2h 0m,"TP HCM (SGN)
Sân bay Tân Sơn Nhất
Nhà ga 1","Hải Phòng (HPH)
Sân bay quốc tế Cát Bi",16-04-2025,Hành lý xách tay 1 x 12 kg,Hành lý 1 x 23 kg
Vietnam Airlines,3.891.105 VND/khách,13:20,04 thg 5,15:25,04 thg 5,2h 5m,"TP HCM (SGN)
Sân bay Tân Sơn Nhất
Nhà ga 1","Hải Phòng (HPH)
Sân bay quốc tế Cát Bi",16-04-2025,Hành lý xách tay 1 x 12 kg,Hành lý 1 x 23 kg
Vietnam Airlines,3.913.083 VND/khách,20:45,04 thg 5,22:45,04 thg 5,2h 0m,"TP HCM (SGN)
Sân bay Tân Sơn Nhất
Nhà ga 1","Hải Phòng (HPH)
Sân bay quốc tế Cát Bi",16-04-2025,Hành lý xách tay 1 x 12 kg,Hành lý 1 x 23 kg
VietJet Air,4.551.801 VND/khách,09:55,04 thg 5,10:50,04 thg 5,55m,"TP HCM (SGN)
Sân bay Tân Sơn Nhất
Nhà ga 1","Đà Lạt (DLI)
Sân bay Liên Khương",16-04-2025,Hành lý xách tay 7 kg,Hành lý 0 kg
VietJet Air,1.737.645 VND/khách,21:10,05 thg 5,23:05,05 thg 5,1h 55m,"TP HCM (SGN)
Sân bay Tân Sơn Nhất
Nhà ga 1","Hải Phòng (HPH)
Sân bay quốc tế Cát Bi",16-04-2025,Hành lý xách tay 7 kg,Hành lý 0 kg
Bamboo Airways,1.815.275 VND/khách,20:05,05 thg 5,22:10,05 thg 5,2h 5m,"TP HCM (SGN)
Sân bay Tân Sơn Nhất","Hải Phòng (HPH)
Sân bay quốc tế Cát Bi",16-04-2025,Hành lý xách tay 7 kg,Hành lý 0 kg
VietJet Air,1.851.360 VND/khách,04:30,05 thg 5,06:30,05 thg 5,2h 0m,"TP HCM (SGN)
Sân bay Tân Sơn Nhất
Nhà ga 1","Hải Phòng (HPH)
Sân bay quốc tế Cát Bi",16-04-2025,Hành lý xách tay 7 kg,Hành lý 0 kg
VietJet Air,1.851.360 VND/khách,19:15,05 thg 5,21:15,05 thg 5,2h 0m,"TP HCM (SGN)
Sân bay Tân Sơn Nhất
Nhà ga 1","Hải Phòng (HPH)
Sân bay quốc tế Cát Bi",16-04-2025,Hành lý xách tay 7 kg,Hành lý 0 kg
VietJet Air,1.851.360 VND/khách,20:10,05 thg 5,22:10,05 thg 5,2h 0m,"TP HCM (SGN)
Sân bay Tân Sơn Nhất
Nhà ga 1","Hải Phòng (HPH)
Sân bay quốc tế Cát Bi",16-04-2025,Hành lý xách tay 7 kg,Hành lý 0 kg
VietJet Air,2.024.925 VND/khách,06:15,05 thg 5,08:15,05 thg 5,2h 0m,"TP HCM (SGN)
Sân bay Tân Sơn Nhất
Nhà ga 1","Hải Phòng (HPH)
Sân bay quốc tế Cát Bi",16-04-2025,Hành lý xách tay 7 kg,Hành lý 0 kg
VietJet Air,2.198.490 VND/khách,16:10,05 thg 5,18:10,05 thg 5,2h 0m,"TP HCM (SGN)
Sân bay Tân Sơn Nhất
Nhà ga 1","Hải Phòng (HPH)
Sân bay quốc tế Cát Bi",16-04-2025,Hành lý xách tay 7 kg,Hành lý 0 kg
Vietnam Airlines,2.230.767 VND/khách,20:30,05 thg 5,22:30,05 thg 5,2h 0m,"TP HCM (SGN)
Sân bay Tân Sơn Nhất
Nhà ga 1","Hải Phòng (HPH)
Sân bay quốc tế Cát Bi",16-04-2025,Hành lý xách tay 1 x 12 kg,Hành lý 1 x 23 kg
VietJet Air,2.362.001 VND/khách,09:15,05 thg 5,11:15,05 thg 5,2h 0m,"TP HCM (SGN)
Sân bay Tân Sơn Nhất
Nhà ga 1","Hải Phòng (HPH)
Sân bay quốc tế Cát Bi",16-04-2025,Hành lý xách tay 7 kg,Hành lý 0 kg
Vietnam Airlines,2.673.324 VND/khách,17:55,05 thg 5,19:55,05 thg 5,2h 0m,"TP HCM (SGN)
Sân bay Tân Sơn Nhất
Nhà ga 1","Hải Phòng (HPH)
Sân bay quốc tế Cát Bi",16-04-2025,Hành lý xách tay 1 x 12 kg,Hành lý 1 x 23 kg
Vietnam Airlines,2.673.324 VND/khách,13:20,05 thg 5,15:25,05 thg 5,2h 5m,"TP HCM (SGN)
Sân bay Tân Sơn Nhất
Nhà ga 1","Hải Phòng (HPH)
Sân bay quốc tế Cát Bi",16-04-2025,Hành lý xách tay 1 x 12 kg,Hành lý 1 x 23 kg
Vietnam Airlines,2.928.069 VND/khách,07:45,05 thg 5,09:45,05 thg 5,2h 0m,"TP HCM (SGN)
Sân bay Tân Sơn Nhất
Nhà ga 1","Hải Phòng (HPH)
Sân bay quốc tế Cát Bi",16-04-2025,Hành lý xách tay 1 x 12 kg,Hành lý 1 x 23 kg
VietJet Air,3.021.453 VND/khách,05:30,05 thg 5,06:50,05 thg 5,1h 20m,"TP HCM (SGN)
Sân bay Tân Sơn Nhất
Nhà ga 1","Đà Nẵng (DAD)
Sân bay Đà Nẵng",16-04-2025,Hành lý xách tay 7 kg,Hành lý 0 kg
VietJet Air,3.021.453 VND/khách,05:00,05 thg 5,06:20,05 thg 5,1h 20m,"TP HCM (SGN)
Sân bay Tân Sơn Nhất
Nhà ga 1","Đà Nẵng (DAD)
Sân bay Đà Nẵng",16-04-2025,Hành lý xách tay 7 kg,Hành lý 0 kg
VietJet Air,3.021.453 VND/khách,05:30,05 thg 5,06:50,05 thg 5,1h 20m,"TP HCM (SGN)
Sân bay Tân Sơn Nhất
Nhà ga 1","Đà Nẵng (DAD)
Sân bay Đà Nẵng",16-04-2025,Hành lý xách tay 7 kg,Hành lý 0 kg
VietJet Air,3.021.453 VND/khách,05:00,05 thg 5,06:20,05 thg 5,1h 20m,"TP HCM (SGN)
Sân bay Tân Sơn Nhất
Nhà ga 1","Đà Nẵng (DAD)
Sân bay Đà Nẵng",16-04-2025,Hành lý xách tay 7 kg,Hành lý 0 kg
"Bamboo Airways, VietJet Air",3.047.398 VND/khách,09:05,05 thg 5,10:30,05 thg 5,1h 25m,"TP HCM (SGN)
Sân bay Tân Sơn Nhất","Đà Nẵng (DAD)
Sân bay Đà Nẵng",16-04-2025,Hành lý xách tay 7 kg,Hành lý 0 kg
VietJet Air,1.736.648 VND/khách,21:10,06 thg 5,23:05,06 thg 5,1h 55m,"TP HCM (SGN)
Sân bay Tân Sơn Nhất
Nhà ga 1","Hải Phòng (HPH)
Sân bay quốc tế Cát Bi",16-04-2025,Hành lý xách tay 7 kg,Hành lý 0 kg
VietJet Air,1.736.648 VND/khách,19:15,06 thg 5,21:15,06 thg 5,2h 0m,"TP HCM (SGN)
Sân bay Tân Sơn Nhất
Nhà ga 1","Hải Phòng (HPH)
Sân bay quốc tế Cát Bi",16-04-2025,Hành lý xách tay 7 kg,Hành lý 0 kg
VietJet Air,1.736.648 VND/khách,20:10,06 thg 5,22:10,06 thg 5,2h 0m,"TP HCM (SGN)
Sân bay Tân Sơn Nhất
Nhà ga 1","Hải Phòng (HPH)
Sân bay quốc tế Cát Bi",16-04-2025,Hành lý xách tay 7 kg,Hành lý 0 kg
VietJet Air,1.775.702 VND/khách,04:30,06 thg 5,06:30,06 thg 5,2h 0m,"TP HCM (SGN)
Sân bay Tân Sơn Nhất
Nhà ga 1","Hải Phòng (HPH)
Sân bay quốc tế Cát Bi",16-04-2025,Hành lý xách tay 7 kg,Hành lý 0 kg
VietJet Air,1.850.363 VND/khách,06:15,06 thg 5,08:15,06 thg 5,2h 0m,"TP HCM (SGN)
Sân bay Tân Sơn Nhất
Nhà ga 1","Hải Phòng (HPH)
Sân bay quốc tế Cát Bi",16-04-2025,Hành lý xách tay 7 kg,Hành lý 0 kg
VietJet Air,1.850.363 VND/khách,14:05,06 thg 5,16:05,06 thg 5,2h 0m,"TP HCM (SGN)
Sân bay Tân Sơn Nhất
Nhà ga 1","Hải Phòng (HPH)
Sân bay quốc tế Cát Bi",16-04-2025,Hành lý xách tay 7 kg,Hành lý 0 kg
VietJet Air,1.850.363 VND/khách,16:10,06 thg 5,18:10,06 thg 5,2h 0m,"TP HCM (SGN)
Sân bay Tân Sơn Nhất
Nhà ga 1","Hải Phòng (HPH)
Sân bay quốc tế Cát Bi",16-04-2025,Hành lý xách tay 7 kg,Hành lý 0 kg
Vietnam Airlines,2.011.986 VND/khách,13:20,06 thg 5,15:25,06 thg 5,2h 5m,"TP HCM (SGN)
Sân bay Tân Sơn Nhất
Nhà ga 1","Hải Phòng (HPH)
Sân bay quốc tế Cát Bi",16-04-2025,Hành lý xách tay 1 x 12 kg,Hành lý 1 x 23 kg
Vietnam Airlines,2.014.983 VND/khách,17:55,06 thg 5,19:55,06 thg 5,2h 0m,"TP HCM (SGN)
Sân bay Tân Sơn Nhất
Nhà ga 1","Hải Phòng (HPH)
Sân bay quốc tế Cát Bi",16-04-2025,Hành lý xách tay 1 x 12 kg,Hành lý 1 x 23 kg
Vietnam Airlines,2.014.983 VND/khách,20:30,06 thg 5,22:30,06 thg 5,2h 0m,"TP HCM (SGN)
Sân bay Tân Sơn Nhất
Nhà ga 1","Hải Phòng (HPH)
Sân bay quốc tế Cát Bi",16-04-2025,Hành lý xách tay 1 x 12 kg,Hành lý 1 x 23 kg
VietJet Air,2.022.930 VND/khách,09:15,06 thg 5,11:15,06 thg 5,2h 0m,"TP HCM (SGN)
Sân bay Tân Sơn Nhất
Nhà ga 1","Hải Phòng (HPH)
Sân bay quốc tế Cát Bi",16-04-2025,Hành lý xách tay 7 kg,Hành lý 0 kg
Vietnam Airlines,3.670.326 VND/khách,07:45,06 thg 5,09:45,06 thg 5,2h 0m,"TP HCM (SGN)
Sân bay Tân Sơn Nhất
Nhà ga 1","Hải Phòng (HPH)
Sân bay quốc tế Cát Bi",16-04-2025,Hành lý xách tay 1 x 12 kg,Hành lý 1 x 23 kg
VietJet Air,2.427.941 VND/khách,05:30,06 thg 5,06:50,06 thg 5,1h 20m,"TP HCM (SGN)
Sân bay Tân Sơn Nhất
Nhà ga 1","Đà Nẵng (DAD)
Sân bay Đà Nẵng",16-04-2025,Hành lý xách tay 7 kg,Hành lý 0 kg
VietJet Air,2.427.941 VND/khách,05:00,06 thg 5,06:20,06 thg 5,1h 20m,"TP HCM (SGN)
Sân bay Tân Sơn Nhất
Nhà ga 1","Đà Nẵng (DAD)
Sân bay Đà Nẵng",16-04-2025,Hành lý xách tay 7 kg,Hành lý 0 kg
VietJet Air,2.571.581 VND/khách,06:50,06 thg 5,08:10,06 thg 5,1h 20m,"TP HCM (SGN)
Sân bay Tân Sơn Nhất
Nhà ga 1","Đà Nẵng (DAD)
Sân bay Đà Nẵng",16-04-2025,Hành lý xách tay 7 kg,Hành lý 0 kg
"Bamboo Airways, VietJet Air",2.586.693 VND/khách,06:30,06 thg 5,07:55,06 thg 5,1h 25m,"TP HCM (SGN)
Sân bay Tân Sơn Nhất","Đà Nẵng (DAD)
Sân bay Đà Nẵng",16-04-2025,Hành lý xách tay 7 kg,Hành lý 0 kg
"VietJet Air, Vietnam Airlines",2.765.514 VND/khách,05:00,06 thg 5,06:20,06 thg 5,1h 20m,"TP HCM (SGN)
Sân bay Tân Sơn Nhất
Nhà ga 1","Đà Nẵng (DAD)
Sân bay Đà Nẵng",16-04-2025,Hành lý xách tay 7 kg,Hành lý 0 kg
VietJet Air,1.596.000 VND/khách,04:30,22 thg 4,06:30,22 thg 4,2h 0m,"TP HCM (SGN)
Sân bay Tân Sơn Nhất
Nhà ga 1","Hải Phòng (HPH)
Sân bay quốc tế Cát Bi",16-04-2025,Hành lý xách tay 7 kg,Hành lý 0 kg
VietJet Air,1.739.640 VND/khách,21:10,22 thg 4,23:05,22 thg 4,1h 55m,"TP HCM (SGN)
Sân bay Tân Sơn Nhất
Nhà ga 1","Hải Phòng (HPH)
Sân bay quốc tế Cát Bi",16-04-2025,Hành lý xách tay 7 kg,Hành lý 0 kg
VietJet Air,1.739.640 VND/khách,20:10,22 thg 4,22:10,22 thg 4,2h 0m,"TP HCM (SGN)
Sân bay Tân Sơn Nhất
Nhà ga 1","Hải Phòng (HPH)
Sân bay quốc tế Cát Bi",16-04-2025,Hành lý xách tay 7 kg,Hành lý 0 kg
VietJet Air,1.850.363 VND/khách,06:15,22 thg 4,08:15,22 thg 4,2h 0m,"TP HCM (SGN)
Sân bay Tân Sơn Nhất
Nhà ga 1","Hải Phòng (HPH)
Sân bay quốc tế Cát Bi",16-04-2025,Hành lý xách tay 7 kg,Hành lý 0 kg
VietJet Air,1.850.363 VND/khách,09:15,22 thg 4,11:15,22 thg 4,2h 0m,"TP HCM (SGN)
Sân bay Tân Sơn Nhất
Nhà ga 1","Hải Phòng (HPH)
Sân bay quốc tế Cát Bi",16-04-2025,Hành lý xách tay 7 kg,Hành lý 0 kg
VietJet Air,1.850.363 VND/khách,14:05,22 thg 4,16:05,22 thg 4,2h 0m,"TP HCM (SGN)
Sân bay Tân Sơn Nhất
Nhà ga 1","Hải Phòng (HPH)
Sân bay quốc tế Cát Bi",16-04-2025,Hành lý xách tay 7 kg,Hành lý 0 kg
VietJet Air,1.850.363 VND/khách,16:10,22 thg 4,18:10,22 thg 4,2h 0m,"TP HCM (SGN)
Sân bay Tân Sơn Nhất
Nhà ga 1","Hải Phòng (HPH)
Sân bay quốc tế Cát Bi",16-04-2025,Hành lý xách tay 7 kg,Hành lý 0 kg
Vietnam Airlines,1.997.001 VND/khách,20:30,22 thg 4,22:30,22 thg 4,2h 0m,"TP HCM (SGN)
Sân bay Tân Sơn Nhất
Nhà ga 1","Hải Phòng (HPH)
Sân bay quốc tế Cát Bi",16-04-2025,Hành lý xách tay 1 x 12 kg,Hành lý 1 x 23 kg
Vietnam Airlines,2.003.994 VND/khách,17:55,22 thg 4,19:55,22 thg 4,2h 0m,"TP HCM (SGN)
Sân bay Tân Sơn Nhất
Nhà ga 1","Hải Phòng (HPH)
Sân bay quốc tế Cát Bi",16-04-2025,Hành lý xách tay 1 x 12 kg,Hành lý 1 x 23 kg
Vietnam Airlines,2.003.994 VND/khách,13:20,22 thg 4,15:25,22 thg 4,2h 5m,"TP HCM (SGN)
Sân bay Tân Sơn Nhất
Nhà ga 1","Hải Phòng (HPH)
Sân bay quốc tế Cát Bi",16-04-2025,Hành lý xách tay 1 x 12 kg,Hành lý 1 x 23 kg
Vietnam Airlines,2.664.333 VND/khách,07:45,22 thg 4,09:45,22 thg 4,2h 0m,"TP HCM (SGN)
Sân bay Tân Sơn Nhất
Nhà ga 1","Hải Phòng (HPH)
Sân bay quốc tế Cát Bi",16-04-2025,Hành lý xách tay 1 x 12 kg,Hành lý 1 x 23 kg
VietJet Air,2.472.828 VND/khách,05:30,22 thg 4,06:50,22 thg 4,1h 20m,"TP HCM (SGN)
Sân bay Tân Sơn Nhất
Nhà ga 1","Đà Nẵng (DAD)
Sân bay Đà Nẵng",16-04-2025,Hành lý xách tay 7 kg,Hành lý 0 kg
VietJet Air,2.472.828 VND/khách,05:00,22 thg 4,06:20,22 thg 4,1h 20m,"TP HCM (SGN)
Sân bay Tân Sơn Nhất
Nhà ga 1","Đà Nẵng (DAD)
Sân bay Đà Nẵng",16-04-2025,Hành lý xách tay 7 kg,Hành lý 0 kg
"Bamboo Airways, VietJet Air",2.499.937 VND/khách,06:30,22 thg 4,07:55,22 thg 4,1h 25m,"TP HCM (SGN)
Sân bay Tân Sơn Nhất","Đà Nẵng (DAD)
Sân bay Đà Nẵng",16-04-2025,Hành lý xách tay 7 kg,Hành lý 0 kg
"VietJet Air, Vietnam Airlines",2.507.749 VND/khách,05:00,22 thg 4,06:20,22 thg 4,1h 20m,"TP HCM (SGN)
Sân bay Tân Sơn Nhất
Nhà ga 1","Đà Nẵng (DAD)
Sân bay Đà Nẵng",16-04-2025,Hành lý xách tay 7 kg,Hành lý 0 kg
VietJet Air,2.609.486 VND/khách,06:50,22 thg 4,08:10,22 thg 4,1h 20m,"TP HCM (SGN)
Sân bay Tân Sơn Nhất
Nhà ga 1","Đà Nẵng (DAD)
Sân bay Đà Nẵng",16-04-2025,Hành lý xách tay 7 kg,Hành lý 0 kg
VietJet Air,1.597.995 VND/khách,04:30,23 thg 4,06:30,23 thg 4,2h 0m,"TP HCM (SGN)
Sân bay Tân Sơn Nhất
Nhà ga 1","Hải Phòng (HPH)
Sân bay quốc tế Cát Bi",16-04-2025,Hành lý xách tay 7 kg,Hành lý 0 kg
Bamboo Airways,1.663.416 VND/khách,20:05,23 thg 4,22:10,23 thg 4,2h 5m,"TP HCM (SGN)
Sân bay Tân Sơn Nhất","Hải Phòng (HPH)
Sân bay quốc tế Cát Bi",16-04-2025,Hành lý xách tay 7 kg,Hành lý 0 kg
VietJet Air,1.741.635 VND/khách,21:10,23 thg 4,23:05,23 thg 4,1h 55m,"TP HCM (SGN)
Sân bay Tân Sơn Nhất
Nhà ga 1","Hải Phòng (HPH)
Sân bay quốc tế Cát Bi",16-04-2025,Hành lý xách tay 7 kg,Hành lý 0 kg
VietJet Air,1.741.635 VND/khách,19:15,23 thg 4,21:15,23 thg 4,2h 0m,"TP HCM (SGN)
Sân bay Tân Sơn Nhất
Nhà ga 1","Hải Phòng (HPH)
Sân bay quốc tế Cát Bi",16-04-2025,Hành lý xách tay 7 kg,Hành lý 0 kg
Vietnam Airlines,1.773.225 VND/khách,20:30,23 thg 4,22:30,23 thg 4,2h 0m,"TP HCM (SGN)
Sân bay Tân Sơn Nhất
Nhà ga 1","Hải Phòng (HPH)
Sân bay quốc tế Cát Bi",16-04-2025,Hành lý xách tay 1 x 12 kg,Hành lý 1 x 23 kg
VietJet Air,1.851.360 VND/khách,06:15,23 thg 4,08:15,23 thg 4,2h 0m,"TP HCM (SGN)
Sân bay Tân Sơn Nhất
Nhà ga 1","Hải Phòng (HPH)
Sân bay quốc tế Cát Bi",16-04-2025,Hành lý xách tay 7 kg,Hành lý 0 kg
VietJet Air,1.851.360 VND/khách,11:35,23 thg 4,13:35,23 thg 4,2h 0m,"TP HCM (SGN)
Sân bay Tân Sơn Nhất
Nhà ga 1","Hải Phòng (HPH)
Sân bay quốc tế Cát Bi",16-04-2025,Hành lý xách tay 7 kg,Hành lý 0 kg
VietJet Air,1.851.360 VND/khách,16:10,23 thg 4,18:10,23 thg 4,2h 0m,"TP HCM (SGN)
Sân bay Tân Sơn Nhất
Nhà ga 1","Hải Phòng (HPH)
Sân bay quốc tế Cát Bi",16-04-2025,Hành lý xách tay 7 kg,Hành lý 0 kg
Vietnam Airlines,2.008.871 VND/khách,17:55,23 thg 4,19:55,23 thg 4,2h 0m,"TP HCM (SGN)
Sân bay Tân Sơn Nhất
Nhà ga 1","Hải Phòng (HPH)
Sân bay quốc tế Cát Bi",16-04-2025,Hành lý xách tay 1 x 12 kg,Hành lý 1 x 23 kg
Vietnam Airlines,2.016.981 VND/khách,13:20,23 thg 4,15:25,23 thg 4,2h 5m,"TP HCM (SGN)
Sân bay Tân Sơn Nhất
Nhà ga 1","Hải Phòng (HPH)
Sân bay quốc tế Cát Bi",16-04-2025,Hành lý xách tay 1 x 12 kg,Hành lý 1 x 23 kg
Vietnam Airlines,2.245.752 VND/khách,07:45,23 thg 4,09:45,23 thg 4,2h 0m,"TP HCM (SGN)
Sân bay Tân Sơn Nhất
Nhà ga 1","Hải Phòng (HPH)
Sân bay quốc tế Cát Bi",16-04-2025,Hành lý xách tay 1 x 12 kg,Hành lý 1 x 23 kg
VietJet Air,2.600.508 VND/khách,05:00,23 thg 4,06:20,23 thg 4,1h 20m,"TP HCM (SGN)
Sân bay Tân Sơn Nhất
Nhà ga 1","Đà Nẵng (DAD)
Sân bay Đà Nẵng",16-04-2025,Hành lý xách tay 7 kg,Hành lý 0 kg
"VietJet Air, Vietnam Airlines",2.650.215 VND/khách,05:00,23 thg 4,06:20,23 thg 4,1h 20m,"TP HCM (SGN)
Sân bay Tân Sơn Nhất
Nhà ga 1","Đà Nẵng (DAD)
Sân bay Đà Nẵng",16-04-2025,Hành lý xách tay 7 kg,Hành lý 0 kg
"Vietnam Airlines, VietJet Air",2.721.892 VND/khách,05:45,23 thg 4,07:10,23 thg 4,1h 25m,"TP HCM (SGN)
Sân bay Tân Sơn Nhất
Nhà ga 1","Đà Nẵng (DAD)
Sân bay Đà Nẵng",16-04-2025,Hành lý xách tay 1 x 12 kg,Hành lý 23 kg
VietJet Air,2.772.078 VND/khách,13:30,23 thg 4,14:30,23 thg 4,1h 0m,"TP HCM (SGN)
Sân bay Tân Sơn Nhất
Nhà ga 1","Nha Trang (CXR)
Sân bay Cam Ranh",16-04-2025,Hành lý xách tay 7 kg,Hành lý 0 kg
"Vietnam Airlines, VietJet Air",3.084.537 VND/khách,06:50,23 thg 4,08:05,23 thg 4,1h 15m,"TP HCM (SGN)
Sân bay Tân Sơn Nhất
Nhà ga 1","Nha Trang (CXR)
Sân bay Cam Ranh",16-04-2025,Hành lý xách tay 1 x 12 kg,Hành lý 1 x 23 kg
VietJet Air,1.741.635 VND/khách,21:10,25 thg 4,23:05,25 thg 4,1h 55m,"TP HCM (SGN)
Sân bay Tân Sơn Nhất
Nhà ga 1","Hải Phòng (HPH)
Sân bay quốc tế Cát Bi",16-04-2025,Hành lý xách tay 7 kg,Hành lý 0 kg
VietJet Air,1.741.635 VND/khách,04:30,25 thg 4,06:30,25 thg 4,2h 0m,"TP HCM (SGN)
Sân bay Tân Sơn Nhất
Nhà ga 1","Hải Phòng (HPH)
Sân bay quốc tế Cát Bi",16-04-2025,Hành lý xách tay 7 kg,Hành lý 0 kg
VietJet Air,1.741.635 VND/khách,06:15,25 thg 4,08:15,25 thg 4,2h 0m,"TP HCM (SGN)
Sân bay Tân Sơn Nhất
Nhà ga 1","Hải Phòng (HPH)
Sân bay quốc tế Cát Bi",16-04-2025,Hành lý xách tay 7 kg,Hành lý 0 kg
VietJet Air,1.741.635 VND/khách,19:15,25 thg 4,21:15,25 thg 4,2h 0m,"TP HCM (SGN)
Sân bay Tân Sơn Nhất
Nhà ga 1","Hải Phòng (HPH)
Sân bay quốc tế Cát Bi",16-04-2025,Hành lý xách tay 7 kg,Hành lý 0 kg
VietJet Air,1.851.360 VND/khách,16:10,25 thg 4,18:10,25 thg 4,2h 0m,"TP HCM (SGN)
Sân bay Tân Sơn Nhất
Nhà ga 1","Hải Phòng (HPH)
Sân bay quốc tế Cát Bi",16-04-2025,Hành lý xách tay 7 kg,Hành lý 0 kg
Bamboo Airways,1.938.782 VND/khách,20:05,25 thg 4,22:10,25 thg 4,2h 5m,"TP HCM (SGN)
Sân bay Tân Sơn Nhất","Hải Phòng (HPH)
Sân bay quốc tế Cát Bi",16-04-2025,Hành lý xách tay 7 kg,Hành lý 0 kg
VietJet Air,2.024.925 VND/khách,11:35,25 thg 4,13:35,25 thg 4,2h 0m,"TP HCM (SGN)
Sân bay Tân Sơn Nhất
Nhà ga 1","Hải Phòng (HPH)
Sân bay quốc tế Cát Bi",16-04-2025,Hành lý xách tay 7 kg,Hành lý 0 kg
Vietnam Airlines,2.455.542 VND/khách,20:30,25 thg 4,22:30,25 thg 4,2h 0m,"TP HCM (SGN)
Sân bay Tân Sơn Nhất
Nhà ga 1","Hải Phòng (HPH)
Sân bay quốc tế Cát Bi",16-04-2025,Hành lý xách tay 1 x 12 kg,Hành lý 1 x 23 kg
Vietnam Airlines,2.459.538 VND/khách,13:20,25 thg 4,15:25,25 thg 4,2h 5m,"TP HCM (SGN)
Sân bay Tân Sơn Nhất
Nhà ga 1","Hải Phòng (HPH)
Sân bay quốc tế Cát Bi",16-04-2025,Hành lý xách tay 1 x 12 kg,Hành lý 1 x 23 kg
Vietnam Airlines,3.145.851 VND/khách,07:45,25 thg 4,09:45,25 thg 4,2h 0m,"TP HCM (SGN)
Sân bay Tân Sơn Nhất
Nhà ga 1","Hải Phòng (HPH)
Sân bay quốc tế Cát Bi",16-04-2025,Hành lý xách tay 1 x 12 kg,Hành lý 1 x 23 kg
Vietnam Airlines,3.425.571 VND/khách,17:55,25 thg 4,19:55,25 thg 4,2h 0m,"TP HCM (SGN)
Sân bay Tân Sơn Nhất
Nhà ga 1","Hải Phòng (HPH)
Sân bay quốc tế Cát Bi",16-04-2025,Hành lý xách tay 1 x 12 kg,Hành lý 1 x 23 kg
VietJet Air,2.357.118 VND/khách,12:40,25 thg 4,13:40,25 thg 4,1h 0m,"TP HCM (SGN)
Sân bay Tân Sơn Nhất
Nhà ga 1","Nha Trang (CXR)
Sân bay Cam Ranh",16-04-2025,Hành lý xách tay 7 kg,Hành lý 0 kg
VietJet Air,2.775.070 VND/khách,05:00,25 thg 4,06:20,25 thg 4,1h 20m,"TP HCM (SGN)
Sân bay Tân Sơn Nhất
Nhà ga 1","Đà Nẵng (DAD)
Sân bay Đà Nẵng",16-04-2025,Hành lý xách tay 7 kg,Hành lý 0 kg
"VietJet Air, Vietnam Airlines",2.802.799 VND/khách,05:00,25 thg 4,06:20,25 thg 4,1h 20m,"TP HCM (SGN)
Sân bay Tân Sơn Nhất
Nhà ga 1","Đà Nẵng (DAD)
Sân bay Đà Nẵng",16-04-2025,Hành lý xách tay 7 kg,Hành lý 0 kg
VietJet Air,2.884.795 VND/khách,06:50,25 thg 4,08:10,25 thg 4,1h 20m,"TP HCM (SGN)
Sân bay Tân Sơn Nhất
Nhà ga 1","Đà Nẵng (DAD)
Sân bay Đà Nẵng",16-04-2025,Hành lý xách tay 7 kg,Hành lý 0 kg
"Vietnam Airlines, VietJet Air",3.052.204 VND/khách,06:50,25 thg 4,08:05,25 thg 4,1h 15m,"TP HCM (SGN)
Sân bay Tân Sơn Nhất
Nhà ga 1","Nha Trang (CXR)
Sân bay Cam Ranh",16-04-2025,Hành lý xách tay 1 x 12 kg,Hành lý 1 x 23 kg
VietJet Air,1.737.645 VND/khách,21:10,26 thg 4,23:05,26 thg 4,1h 55m,"TP HCM (SGN)
Sân bay Tân Sơn Nhất
Nhà ga 1","Hải Phòng (HPH)
Sân bay quốc tế Cát Bi",16-04-2025,Hành lý xách tay 7 kg,Hành lý 0 kg
VietJet Air,1.737.645 VND/khách,20:10,26 thg 4,22:10,26 thg 4,2h 0m,"TP HCM (SGN)
Sân bay Tân Sơn Nhất
Nhà ga 1","Hải Phòng (HPH)
Sân bay quốc tế Cát Bi",16-04-2025,Hành lý xách tay 7 kg,Hành lý 0 kg
VietJet Air,1.851.360 VND/khách,04:30,26 thg 4,06:30,26 thg 4,2h 0m,"TP HCM (SGN)
Sân bay Tân Sơn Nhất
Nhà ga 1","Hải Phòng (HPH)
Sân bay quốc tế Cát Bi",16-04-2025,Hành lý xách tay 7 kg,Hành lý 0 kg
VietJet Air,1.851.360 VND/khách,16:10,26 thg 4,18:10,26 thg 4,2h 0m,"TP HCM (SGN)
Sân bay Tân Sơn Nhất
Nhà ga 1","Hải Phòng (HPH)
Sân bay quốc tế Cát Bi",16-04-2025,Hành lý xách tay 7 kg,Hành lý 0 kg
VietJet Air,1.851.360 VND/khách,19:15,26 thg 4,21:15,26 thg 4,2h 0m,"TP HCM (SGN)
Sân bay Tân Sơn Nhất
Nhà ga 1","Hải Phòng (HPH)
Sân bay quốc tế Cát Bi",16-04-2025,Hành lý xách tay 7 kg,Hành lý 0 kg
VietJet Air,2.024.925 VND/khách,06:15,26 thg 4,08:15,26 thg 4,2h 0m,"TP HCM (SGN)
Sân bay Tân Sơn Nhất
Nhà ga 1","Hải Phòng (HPH)
Sân bay quốc tế Cát Bi",16-04-2025,Hành lý xách tay 7 kg,Hành lý 0 kg
VietJet Air,2.024.925 VND/khách,14:05,26 thg 4,16:05,26 thg 4,2h 0m,"TP HCM (SGN)
Sân bay Tân Sơn Nhất
Nhà ga 1","Hải Phòng (HPH)
Sân bay quốc tế Cát Bi",16-04-2025,Hành lý xách tay 7 kg,Hành lý 0 kg
VietJet Air,2.198.490 VND/khách,09:15,26 thg 4,11:15,26 thg 4,2h 0m,"TP HCM (SGN)
Sân bay Tân Sơn Nhất
Nhà ga 1","Hải Phòng (HPH)
Sân bay quốc tế Cát Bi",16-04-2025,Hành lý xách tay 7 kg,Hành lý 0 kg
Vietnam Airlines,2.459.538 VND/khách,20:30,26 thg 4,22:30,26 thg 4,2h 0m,"TP HCM (SGN)
Sân bay Tân Sơn Nhất
Nhà ga 1","Hải Phòng (HPH)
Sân bay quốc tế Cát Bi",16-04-2025,Hành lý xách tay 1 x 12 kg,Hành lý 1 x 23 kg
Vietnam Airlines,2.459.538 VND/khách,13:20,26 thg 4,15:25,26 thg 4,2h 5m,"TP HCM (SGN)
Sân bay Tân Sơn Nhất
Nhà ga 1","Hải Phòng (HPH)
Sân bay quốc tế Cát Bi",16-04-2025,Hành lý xách tay 1 x 12 kg,Hành lý 1 x 23 kg
Vietnam Airlines,2.474.523 VND/khách,17:55,26 thg 4,19:55,26 thg 4,2h 0m,"TP HCM (SGN)
Sân bay Tân Sơn Nhất
Nhà ga 1","Hải Phòng (HPH)
Sân bay quốc tế Cát Bi",16-04-2025,Hành lý xách tay 1 x 12 kg,Hành lý 1 x 23 kg
Vietnam Airlines,2.706.291 VND/khách,07:45,26 thg 4,09:45,26 thg 4,2h 0m,"TP HCM (SGN)
Sân bay Tân Sơn Nhất
Nhà ga 1","Hải Phòng (HPH)
Sân bay quốc tế Cát Bi",16-04-2025,Hành lý xách tay 1 x 12 kg,Hành lý 1 x 23 kg
VietJet Air,2.775.070 VND/khách,05:30,26 thg 4,06:50,26 thg 4,1h 20m,"TP HCM (SGN)
Sân bay Tân Sơn Nhất
Nhà ga 1","Đà Nẵng (DAD)
Sân bay Đà Nẵng",16-04-2025,Hành lý xách tay 7 kg,Hành lý 0 kg
VietJet Air,2.775.070 VND/khách,05:00,26 thg 4,06:20,26 thg 4,1h 20m,"TP HCM (SGN)
Sân bay Tân Sơn Nhất
Nhà ga 1","Đà Nẵng (DAD)
Sân bay Đà Nẵng",16-04-2025,Hành lý xách tay 7 kg,Hành lý 0 kg
"Bamboo Airways, VietJet Air",2.785.418 VND/khách,06:30,26 thg 4,07:55,26 thg 4,1h 25m,"TP HCM (SGN)
Sân bay Tân Sơn Nhất","Đà Nẵng (DAD)
Sân bay Đà Nẵng",16-04-2025,Hành lý xách tay 7 kg,Hành lý 0 kg
VietJet Air,2.884.795 VND/khách,06:50,26 thg 4,08:10,26 thg 4,1h 20m,"TP HCM (SGN)
Sân bay Tân Sơn Nhất
Nhà ga 1","Đà Nẵng (DAD)
Sân bay Đà Nẵng",16-04-2025,Hành lý xách tay 7 kg,Hành lý 0 kg
"Vietnam Airlines, VietJet Air",3.054.196 VND/khách,05:45,26 thg 4,07:10,26 thg 4,1h 25m,"TP HCM (SGN)
Sân bay Tân Sơn Nhất
Nhà ga 1","Đà Nẵng (DAD)
Sân bay Đà Nẵng",16-04-2025,Hành lý xách tay 1 x 12 kg,Hành lý 23 kg
VietJet Air,1.736.648 VND/khách,19:15,27 thg 4,21:15,27 thg 4,2h 0m,"TP HCM (SGN)
Sân bay Tân Sơn Nhất
Nhà ga 1","Hải Phòng (HPH)
Sân bay quốc tế Cát Bi",16-04-2025,Hành lý xách tay 7 kg,Hành lý 0 kg
VietJet Air,1.736.648 VND/khách,20:10,27 thg 4,22:10,27 thg 4,2h 0m,"TP HCM (SGN)
Sân bay Tân Sơn Nhất
Nhà ga 1","Hải Phòng (HPH)
Sân bay quốc tế Cát Bi",16-04-2025,Hành lý xách tay 7 kg,Hành lý 0 kg
Bamboo Airways,1.806.199 VND/khách,20:05,27 thg 4,22:10,27 thg 4,2h 5m,"TP HCM (SGN)
Sân bay Tân Sơn Nhất","Hải Phòng (HPH)
Sân bay quốc tế Cát Bi",16-04-2025,Hành lý xách tay 7 kg,Hành lý 0 kg
VietJet Air,1.850.363 VND/khách,21:10,27 thg 4,23:05,27 thg 4,1h 55m,"TP HCM (SGN)
Sân bay Tân Sơn Nhất
Nhà ga 1","Hải Phòng (HPH)
Sân bay quốc tế Cát Bi",16-04-2025,Hành lý xách tay 7 kg,Hành lý 0 kg
VietJet Air,1.850.363 VND/khách,04:30,27 thg 4,06:30,27 thg 4,2h 0m,"TP HCM (SGN)
Sân bay Tân Sơn Nhất
Nhà ga 1","Hải Phòng (HPH)
Sân bay quốc tế Cát Bi",16-04-2025,Hành lý xách tay 7 kg,Hành lý 0 kg
VietJet Air,1.850.363 VND/khách,06:15,27 thg 4,08:15,27 thg 4,2h 0m,"TP HCM (SGN)
Sân bay Tân Sơn Nhất
Nhà ga 1","Hải Phòng (HPH)
Sân bay quốc tế Cát Bi",16-04-2025,Hành lý xách tay 7 kg,Hành lý 0 kg
VietJet Air,1.850.363 VND/khách,16:10,27 thg 4,18:10,27 thg 4,2h 0m,"TP HCM (SGN)
Sân bay Tân Sơn Nhất
Nhà ga 1","Hải Phòng (HPH)
Sân bay quốc tế Cát Bi",16-04-2025,Hành lý xách tay 7 kg,Hành lý 0 kg
Vietnam Airlines,1.971.027 VND/khách,21:10,27 thg 4,23:10,27 thg 4,2h 0m,"TP HCM (SGN)
Sân bay Tân Sơn Nhất
Nhà ga 1","Hải Phòng (HPH)
Sân bay quốc tế Cát Bi",16-04-2025,Hành lý xách tay 1 x 12 kg,Hành lý 1 x 23 kg
VietJet Air,2.196.495 VND/khách,11:35,27 thg 4,13:35,27 thg 4,2h 0m,"TP HCM (SGN)
Sân bay Tân Sơn Nhất
Nhà ga 1","Hải Phòng (HPH)
Sân bay quốc tế Cát Bi",16-04-2025,Hành lý xách tay 7 kg,Hành lý 0 kg
Vietnam Airlines,2.446.551 VND/khách,13:20,27 thg 4,15:25,27 thg 4,2h 5m,"TP HCM (SGN)
Sân bay Tân Sơn Nhất
Nhà ga 1","Hải Phòng (HPH)
Sân bay quốc tế Cát Bi",16-04-2025,Hành lý xách tay 1 x 12 kg,Hành lý 1 x 23 kg
Vietnam Airlines,2.450.547 VND/khách,17:55,27 thg 4,19:55,27 thg 4,2h 0m,"TP HCM (SGN)
Sân bay Tân Sơn Nhất
Nhà ga 1","Hải Phòng (HPH)
Sân bay quốc tế Cát Bi",16-04-2025,Hành lý xách tay 1 x 12 kg,Hành lý 1 x 23 kg
Vietnam Airlines,2.475.522 VND/khách,07:45,27 thg 4,09:45,27 thg 4,2h 0m,"TP HCM (SGN)
Sân bay Tân Sơn Nhất
Nhà ga 1","Hải Phòng (HPH)
Sân bay quốc tế Cát Bi",16-04-2025,Hành lý xách tay 1 x 12 kg,Hành lý 1 x 23 kg
"Vietnam Airlines, VietJet Air",3.001.559 VND/khách,08:55,27 thg 4,09:50,27 thg 4,55m,"TP HCM (SGN)
Sân bay Tân Sơn Nhất
Nhà ga 1","Đà Lạt (DLI)
Sân bay Liên Khương",16-04-2025,Hành lý xách tay 1 x 12 kg,Hành lý 23 kg
"Vietnam Airlines, VietJet Air",3.009.551 VND/khách,05:45,27 thg 4,06:40,27 thg 4,55m,"TP HCM (SGN)
Sân bay Tân Sơn Nhất
Nhà ga 1","Đà Lạt (DLI)
Sân bay Liên Khương",16-04-2025,Hành lý xách tay 1 x 12 kg,Hành lý 23 kg
"Vietnam Airlines, VietJet Air",3.094.925 VND/khách,06:55,27 thg 4,08:25,27 thg 4,1h 30m,"TP HCM (SGN)
Sân bay Tân Sơn Nhất
Nhà ga 1","Đà Nẵng (DAD)
Sân bay Đà Nẵng",16-04-2025,Hành lý xách tay 1 x 12 kg,Hành lý 23 kg
VietJet Air,2.198.490 VND/khách,04:30,29 thg 4,06:30,29 thg 4,2h 0m,"TP HCM (SGN)
Sân bay Tân Sơn Nhất
Nhà ga 1","Hải Phòng (HPH)
Sân bay quốc tế Cát Bi",16-04-2025,Hành lý xách tay 7 kg,Hành lý 0 kg
VietJet Air,2.198.490 VND/khách,06:15,29 thg 4,08:15,29 thg 4,2h 0m,"TP HCM (SGN)
Sân bay Tân Sơn Nhất
Nhà ga 1","Hải Phòng (HPH)
Sân bay quốc tế Cát Bi",16-04-2025,Hành lý xách tay 7 kg,Hành lý 0 kg
Vietnam Airlines,2.478.519 VND/khách,07:45,29 thg 4,09:45,29 thg 4,2h 0m,"TP HCM (SGN)
Sân bay Tân Sơn Nhất
Nhà ga 1","Hải Phòng (HPH)
Sân bay quốc tế Cát Bi",16-04-2025,Hành lý xách tay 1 x 12 kg,Hành lý 1 x 23 kg
VietJet Air,2.570.558 VND/khách,16:10,29 thg 4,18:10,29 thg 4,2h 0m,"TP HCM (SGN)
Sân bay Tân Sơn Nhất
Nhà ga 1","Hải Phòng (HPH)
Sân bay quốc tế Cát Bi",16-04-2025,Hành lý xách tay 7 kg,Hành lý 0 kg
Vietnam Airlines,2.644.353 VND/khách,13:20,29 thg 4,15:25,29 thg 4,2h 5m,"TP HCM (SGN)
Sân bay Tân Sơn Nhất
Nhà ga 1","Hải Phòng (HPH)
Sân bay quốc tế Cát Bi",16-04-2025,Hành lý xách tay 1 x 12 kg,Hành lý 1 x 23 kg
Vietnam Airlines,2.670.327 VND/khách,17:55,29 thg 4,19:55,29 thg 4,2h 0m,"TP HCM (SGN)
Sân bay Tân Sơn Nhất
Nhà ga 1","Hải Phòng (HPH)
Sân bay quốc tế Cát Bi",16-04-2025,Hành lý xách tay 1 x 12 kg,Hành lý 1 x 23 kg
VietJet Air,2.797.988 VND/khách,21:10,29 thg 4,23:05,29 thg 4,1h 55m,"TP HCM (SGN)
Sân bay Tân Sơn Nhất
Nhà ga 1","Hải Phòng (HPH)
Sân bay quốc tế Cát Bi",16-04-2025,Hành lý xách tay 7 kg,Hành lý 0 kg
VietJet Air,2.797.988 VND/khách,14:05,29 thg 4,16:05,29 thg 4,2h 0m,"TP HCM (SGN)
Sân bay Tân Sơn Nhất
Nhà ga 1","Hải Phòng (HPH)
Sân bay quốc tế Cát Bi",16-04-2025,Hành lý xách tay 7 kg,Hành lý 0 kg
VietJet Air,2.797.988 VND/khách,19:15,29 thg 4,21:15,29 thg 4,2h 0m,"TP HCM (SGN)
Sân bay Tân Sơn Nhất
Nhà ga 1","Hải Phòng (HPH)
Sân bay quốc tế Cát Bi",16-04-2025,Hành lý xách tay 7 kg,Hành lý 0 kg
VietJet Air,3.111.203 VND/khách,09:15,29 thg 4,11:15,29 thg 4,2h 0m,"TP HCM (SGN)
Sân bay Tân Sơn Nhất
Nhà ga 1","Hải Phòng (HPH)
Sân bay quốc tế Cát Bi",16-04-2025,Hành lý xách tay 7 kg,Hành lý 0 kg
Vietnam Airlines,3.396.600 VND/khách,20:30,29 thg 4,22:30,29 thg 4,2h 0m,"TP HCM (SGN)
Sân bay Tân Sơn Nhất
Nhà ga 1","Hải Phòng (HPH)
Sân bay quốc tế Cát Bi",16-04-2025,Hành lý xách tay 1 x 12 kg,Hành lý 1 x 23 kg
VietJet Air,3.398.483 VND/khách,20:10,29 thg 4,22:10,29 thg 4,2h 0m,"TP HCM (SGN)
Sân bay Tân Sơn Nhất
Nhà ga 1","Hải Phòng (HPH)
Sân bay quốc tế Cát Bi",16-04-2025,Hành lý xách tay 7 kg,Hành lý 0 kg
VietJet Air,2.987.538 VND/khách,05:30,29 thg 4,06:50,29 thg 4,1h 20m,"TP HCM (SGN)
Sân bay Tân Sơn Nhất
Nhà ga 1","Đà Nẵng (DAD)
Sân bay Đà Nẵng",16-04-2025,Hành lý xách tay 7 kg,Hành lý 0 kg
VietJet Air,2.987.538 VND/khách,05:00,29 thg 4,06:20,29 thg 4,1h 20m,"TP HCM (SGN)
Sân bay Tân Sơn Nhất
Nhà ga 1","Đà Nẵng (DAD)
Sân bay Đà Nẵng",16-04-2025,Hành lý xách tay 7 kg,Hành lý 0 kg
VietJet Air,3.131.178 VND/khách,06:50,29 thg 4,08:10,29 thg 4,1h 20m,"TP HCM (SGN)
Sân bay Tân Sơn Nhất
Nhà ga 1","Đà Nẵng (DAD)
Sân bay Đà Nẵng",16-04-2025,Hành lý xách tay 7 kg,Hành lý 0 kg
VietJet Air,3.444.393 VND/khách,12:40,29 thg 4,13:40,29 thg 4,1h 0m,"TP HCM (SGN)
Sân bay Tân Sơn Nhất
Nhà ga 1","Nha Trang (CXR)
Sân bay Cam Ranh",16-04-2025,Hành lý xách tay 7 kg,Hành lý 0 kg
"Vietnam Airlines, VietJet Air",3.723.690 VND/khách,06:50,29 thg 4,08:05,29 thg 4,1h 15m,"TP HCM (SGN)
Sân bay Tân Sơn Nhất
Nhà ga 1","Nha Trang (CXR)
Sân bay Cam Ranh",16-04-2025,Hành lý xách tay 1 x 12 kg,Hành lý 1 x 23 kg
VietJet Air,1.737.645 VND/khách,21:10,30 thg 4,23:05,30 thg 4,1h 55m,"TP HCM (SGN)
Sân bay Tân Sơn Nhất
Nhà ga 1","Hải Phòng (HPH)
Sân bay quốc tế Cát Bi",16-04-2025,Hành lý xách tay 7 kg,Hành lý 0 kg
VietJet Air,1.851.360 VND/khách,19:15,30 thg 4,21:15,30 thg 4,2h 0m,"TP HCM (SGN)
Sân bay Tân Sơn Nhất
Nhà ga 1","Hải Phòng (HPH)
Sân bay quốc tế Cát Bi",16-04-2025,Hành lý xách tay 7 kg,Hành lý 0 kg
VietJet Air,1.851.360 VND/khách,20:10,30 thg 4,22:10,30 thg 4,2h 0m,"TP HCM (SGN)
Sân bay Tân Sơn Nhất
Nhà ga 1","Hải Phòng (HPH)
Sân bay quốc tế Cát Bi",16-04-2025,Hành lý xách tay 7 kg,Hành lý 0 kg
VietJet Air,2.198.490 VND/khách,16:10,30 thg 4,18:10,30 thg 4,2h 0m,"TP HCM (SGN)
Sân bay Tân Sơn Nhất
Nhà ga 1","Hải Phòng (HPH)
Sân bay quốc tế Cát Bi",16-04-2025,Hành lý xách tay 7 kg,Hành lý 0 kg
Vietnam Airlines,2.226.771 VND/khách,20:30,30 thg 4,22:30,30 thg 4,2h 0m,"TP HCM (SGN)
Sân bay Tân Sơn Nhất
Nhà ga 1","Hải Phòng (HPH)
Sân bay quốc tế Cát Bi",16-04-2025,Hành lý xách tay 1 x 12 kg,Hành lý 1 x 23 kg
VietJet Air,2.367.068 VND/khách,04:30,30 thg 4,06:30,30 thg 4,2h 0m,"TP HCM (SGN)
Sân bay Tân Sơn Nhất
Nhà ga 1","Hải Phòng (HPH)
Sân bay quốc tế Cát Bi",16-04-2025,Hành lý xách tay 7 kg,Hành lý 0 kg
VietJet Air,2.367.068 VND/khách,06:15,30 thg 4,08:15,30 thg 4,2h 0m,"TP HCM (SGN)
Sân bay Tân Sơn Nhất
Nhà ga 1","Hải Phòng (HPH)
Sân bay quốc tế Cát Bi",16-04-2025,Hành lý xách tay 7 kg,Hành lý 0 kg
Vietnam Airlines,2.452.545 VND/khách,17:55,30 thg 4,19:55,30 thg 4,2h 0m,"TP HCM (SGN)
Sân bay Tân Sơn Nhất
Nhà ga 1","Hải Phòng (HPH)
Sân bay quốc tế Cát Bi",16-04-2025,Hành lý xách tay 1 x 12 kg,Hành lý 1 x 23 kg
Vietnam Airlines,2.681.316 VND/khách,13:20,30 thg 4,15:25,30 thg 4,2h 5m,"TP HCM (SGN)
Sân bay Tân Sơn Nhất
Nhà ga 1","Hải Phòng (HPH)
Sân bay quốc tế Cát Bi",16-04-2025,Hành lý xách tay 1 x 12 kg,Hành lý 1 x 23 kg
VietJet Air,2.797.988 VND/khách,11:35,30 thg 4,13:35,30 thg 4,2h 0m,"TP HCM (SGN)
Sân bay Tân Sơn Nhất
Nhà ga 1","Hải Phòng (HPH)
Sân bay quốc tế Cát Bi",16-04-2025,Hành lý xách tay 7 kg,Hành lý 0 kg
Vietnam Airlines,3.665.331 VND/khách,07:45,30 thg 4,09:45,30 thg 4,2h 0m,"TP HCM (SGN)
Sân bay Tân Sơn Nhất
Nhà ga 1","Hải Phòng (HPH)
Sân bay quốc tế Cát Bi",16-04-2025,Hành lý xách tay 1 x 12 kg,Hành lý 1 x 23 kg
VietJet Air,1.841.385 VND/khách,04:30,01 thg 5,06:30,01 thg 5,2h 0m,"TP HCM (SGN)
Sân bay Tân Sơn Nhất
Nhà ga 1","Hải Phòng (HPH)
Sân bay quốc tế Cát Bi",17-04-2025,Hành lý xách tay 7 kg,Hành lý 0 kg
VietJet Air,1.841.385 VND/khách,06:15,01 thg 5,08:15,01 thg 5,2h 0m,"TP HCM (SGN)
Sân bay Tân Sơn Nhất
Nhà ga 1","Hải Phòng (HPH)
Sân bay quốc tế Cát Bi",17-04-2025,Hành lý xách tay 7 kg,Hành lý 0 kg
VietJet Air,2.016.945 VND/khách,21:10,01 thg 5,23:05,01 thg 5,1h 55m,"TP HCM (SGN)
Sân bay Tân Sơn Nhất
Nhà ga 1","Hải Phòng (HPH)
Sân bay quốc tế Cát Bi",17-04-2025,Hành lý xách tay 7 kg,Hành lý 0 kg
VietJet Air,2.016.945 VND/khách,19:15,01 thg 5,21:15,01 thg 5,2h 0m,"TP HCM (SGN)
Sân bay Tân Sơn Nhất
Nhà ga 1","Hải Phòng (HPH)
Sân bay quốc tế Cát Bi",17-04-2025,Hành lý xách tay 7 kg,Hành lý 0 kg
VietJet Air,2.016.945 VND/khách,20:10,01 thg 5,22:10,01 thg 5,2h 0m,"TP HCM (SGN)
Sân bay Tân Sơn Nhất
Nhà ga 1","Hải Phòng (HPH)
Sân bay quốc tế Cát Bi",17-04-2025,Hành lý xách tay 7 kg,Hành lý 0 kg
Vietnam Airlines,2.031.966 VND/khách,20:30,01 thg 5,22:30,01 thg 5,2h 0m,"TP HCM (SGN)
Sân bay Tân Sơn Nhất
Nhà ga 1","Hải Phòng (HPH)
Sân bay quốc tế Cát Bi",17-04-2025,Hành lý xách tay 1 x 12 kg,Hành lý 1 x 23 kg
Bamboo Airways,2.159.075 VND/khách,20:05,01 thg 5,22:10,01 thg 5,2h 5m,"TP HCM (SGN)
Sân bay Tân Sơn Nhất","Hải Phòng (HPH)
Sân bay quốc tế Cát Bi",17-04-2025,Hành lý xách tay 7 kg,Hành lý 0 kg
VietJet Air,2.192.505 VND/khách,09:15,01 thg 5,11:15,01 thg 5,2h 0m,"TP HCM (SGN)
Sân bay Tân Sơn Nhất
Nhà ga 1","Hải Phòng (HPH)
Sân bay quốc tế Cát Bi",17-04-2025,Hành lý xách tay 7 kg,Hành lý 0 kg
Vietnam Airlines,2.257.740 VND/khách,07:45,01 thg 5,09:45,01 thg 5,2h 0m,"TP HCM (SGN)
Sân bay Tân Sơn Nhất
Nhà ga 1","Hải Phòng (HPH)
Sân bay quốc tế Cát Bi",17-04-2025,Hành lý xách tay 1 x 12 kg,Hành lý 1 x 23 kg
Vietnam Airlines,2.257.740 VND/khách,13:20,01 thg 5,15:25,01 thg 5,2h 5m,"TP HCM (SGN)
Sân bay Tân Sơn Nhất
Nhà ga 1","Hải Phòng (HPH)
Sân bay quốc tế Cát Bi",17-04-2025,Hành lý xách tay 1 x 12 kg,Hành lý 1 x 23 kg
VietJet Air,2.367.068 VND/khách,14:05,01 thg 5,16:05,01 thg 5,2h 0m,"TP HCM (SGN)
Sân bay Tân Sơn Nhất
Nhà ga 1","Hải Phòng (HPH)
Sân bay quốc tế Cát Bi",17-04-2025,Hành lý xách tay 7 kg,Hành lý 0 kg
Vietnam Airlines,2.469.528 VND/khách,17:55,01 thg 5,19:55,01 thg 5,2h 0m,"TP HCM (SGN)
Sân bay Tân Sơn Nhất
Nhà ga 1","Hải Phòng (HPH)
Sân bay quốc tế Cát Bi",17-04-2025,Hành lý xách tay 1 x 12 kg,Hành lý 1 x 23 kg
VietJet Air,2.802.975 VND/khách,16:10,01 thg 5,18:10,01 thg 5,2h 0m,"TP HCM (SGN)
Sân bay Tân Sơn Nhất
Nhà ga 1","Hải Phòng (HPH)
Sân bay quốc tế Cát Bi",17-04-2025,Hành lý xách tay 7 kg,Hành lý 0 kg
"Bamboo Airways, VietJet Air",3.624.948 VND/khách,06:30,01 thg 5,07:55,01 thg 5,1h 25m,"TP HCM (SGN)
Sân bay Tân Sơn Nhất","Đà Nẵng (DAD)
Sân bay Đà Nẵng",17-04-2025,Hành lý xách tay 7 kg,Hành lý 0 kg
VietJet Air,3.727.608 VND/khách,05:30,01 thg 5,06:50,01 thg 5,1h 20m,"TP HCM (SGN)
Sân bay Tân Sơn Nhất
Nhà ga 1","Đà Nẵng (DAD)
Sân bay Đà Nẵng",17-04-2025,Hành lý xách tay 7 kg,Hành lý 0 kg
VietJet Air,1.860.338 VND/khách,04:30,02 thg 5,06:30,02 thg 5,2h 0m,"TP HCM (SGN)
Sân bay Tân Sơn Nhất
Nhà ga 1","Hải Phòng (HPH)
Sân bay quốc tế Cát Bi",17-04-2025,Hành lý xách tay 7 kg,Hành lý 0 kg
VietJet Air,2.014.950 VND/khách,06:15,02 thg 5,08:15,02 thg 5,2h 0m,"TP HCM (SGN)
Sân bay Tân Sơn Nhất
Nhà ga 1","Hải Phòng (HPH)
Sân bay quốc tế Cát Bi",17-04-2025,Hành lý xách tay 7 kg,Hành lý 0 kg
Vietnam Airlines,2.229.768 VND/khách,20:30,02 thg 5,22:30,02 thg 5,2h 0m,"TP HCM (SGN)
Sân bay Tân Sơn Nhất
Nhà ga 1","Hải Phòng (HPH)
Sân bay quốc tế Cát Bi",17-04-2025,Hành lý xách tay 1 x 12 kg,Hành lý 1 x 23 kg
Vietnam Airlines,2.255.742 VND/khách,07:45,02 thg 5,09:45,02 thg 5,2h 0m,"TP HCM (SGN)
Sân bay Tân Sơn Nhất
Nhà ga 1","Hải Phòng (HPH)
Sân bay quốc tế Cát Bi",17-04-2025,Hành lý xách tay 1 x 12 kg,Hành lý 1 x 23 kg
VietJet Air,2.365.073 VND/khách,21:10,02 thg 5,23:05,02 thg 5,1h 55m,"TP HCM (SGN)
Sân bay Tân Sơn Nhất
Nhà ga 1","Hải Phòng (HPH)
Sân bay quốc tế Cát Bi",17-04-2025,Hành lý xách tay 7 kg,Hành lý 0 kg
VietJet Air,2.365.073 VND/khách,16:10,02 thg 5,18:10,02 thg 5,2h 0m,"TP HCM (SGN)
Sân bay Tân Sơn Nhất
Nhà ga 1","Hải Phòng (HPH)
Sân bay quốc tế Cát Bi",17-04-2025,Hành lý xách tay 7 kg,Hành lý 0 kg
VietJet Air,2.365.073 VND/khách,19:15,02 thg 5,21:15,02 thg 5,2h 0m,"TP HCM (SGN)
Sân bay Tân Sơn Nhất
Nhà ga 1","Hải Phòng (HPH)
Sân bay quốc tế Cát Bi",17-04-2025,Hành lý xách tay 7 kg,Hành lý 0 kg
VietJet Air,2.379.038 VND/khách,11:35,02 thg 5,13:35,02 thg 5,2h 0m,"TP HCM (SGN)
Sân bay Tân Sơn Nhất
Nhà ga 1","Hải Phòng (HPH)
Sân bay quốc tế Cát Bi",17-04-2025,Hành lý xách tay 7 kg,Hành lý 0 kg
Vietnam Airlines,2.682.315 VND/khách,17:55,02 thg 5,19:55,02 thg 5,2h 0m,"TP HCM (SGN)
Sân bay Tân Sơn Nhất
Nhà ga 1","Hải Phòng (HPH)
Sân bay quốc tế Cát Bi",17-04-2025,Hành lý xách tay 1 x 12 kg,Hành lý 1 x 23 kg
Vietnam Airlines,2.682.315 VND/khách,13:20,02 thg 5,15:25,02 thg 5,2h 5m,"TP HCM (SGN)
Sân bay Tân Sơn Nhất
Nhà ga 1","Hải Phòng (HPH)
Sân bay quốc tế Cát Bi",17-04-2025,Hành lý xách tay 1 x 12 kg,Hành lý 1 x 23 kg
VietJet Air,2.782.028 VND/khách,20:10,02 thg 5,22:10,02 thg 5,2h 0m,"TP HCM (SGN)
Sân bay Tân Sơn Nhất
Nhà ga 1","Hải Phòng (HPH)
Sân bay quốc tế Cát Bi",17-04-2025,Hành lý xách tay 7 kg,Hành lý 0 kg
"Bamboo Airways, VietJet Air",3.631.865 VND/khách,06:30,02 thg 5,07:55,02 thg 5,1h 25m,"TP HCM (SGN)
Sân bay Tân Sơn Nhất","Đà Nẵng (DAD)
Sân bay Đà Nẵng",17-04-2025,Hành lý xách tay 7 kg,Hành lý 0 kg
"Bamboo Airways, VietJet Air",3.631.865 VND/khách,06:30,02 thg 5,07:55,02 thg 5,1h 25m,"TP HCM (SGN)
Sân bay Tân Sơn Nhất","Đà Nẵng (DAD)
Sân bay Đà Nẵng",17-04-2025,Hành lý xách tay 7 kg,Hành lý 0 kg
VietJet Air,3.725.613 VND/khách,10:25,02 thg 5,11:50,02 thg 5,1h 25m,"TP HCM (SGN)
Sân bay Tân Sơn Nhất
Nhà ga 1","Đà Nẵng (DAD)
Sân bay Đà Nẵng",17-04-2025,Hành lý xách tay 7 kg,Hành lý 0 kg
VietJet Air,3.725.613 VND/khách,09:35,02 thg 5,10:55,02 thg 5,1h 20m,"TP HCM (SGN)
Sân bay Tân Sơn Nhất
Nhà ga 1","Đà Nẵng (DAD)
Sân bay Đà Nẵng",17-04-2025,Hành lý xách tay 7 kg,Hành lý 0 kg
VietJet Air,3.725.613 VND/khách,05:00,02 thg 5,06:20,02 thg 5,1h 20m,"TP HCM (SGN)
Sân bay Tân Sơn Nhất
Nhà ga 1","Đà Nẵng (DAD)
Sân bay Đà Nẵng",17-04-2025,Hành lý xách tay 7 kg,Hành lý 0 kg
VietJet Air,2.362.513 VND/khách,06:15,03 thg 5,08:15,03 thg 5,2h 0m,"TP HCM (SGN)
Sân bay Tân Sơn Nhất
Nhà ga 1","Hải Phòng (HPH)
Sân bay quốc tế Cát Bi",17-04-2025,Hành lý xách tay 7 kg,Hành lý 0 kg
VietJet Air,2.807.963 VND/khách,09:15,03 thg 5,11:15,03 thg 5,2h 0m,"TP HCM (SGN)
Sân bay Tân Sơn Nhất
Nhà ga 1","Hải Phòng (HPH)
Sân bay quốc tế Cát Bi",17-04-2025,Hành lý xách tay 7 kg,Hành lý 0 kg
VietJet Air,2.977.538 VND/khách,21:10,03 thg 5,23:05,03 thg 5,1h 55m,"TP HCM (SGN)
Sân bay Tân Sơn Nhất
Nhà ga 1","Hải Phòng (HPH)
Sân bay quốc tế Cát Bi",17-04-2025,Hành lý xách tay 7 kg,Hành lý 0 kg
VietJet Air,2.977.538 VND/khách,14:05,03 thg 5,16:05,03 thg 5,2h 0m,"TP HCM (SGN)
Sân bay Tân Sơn Nhất
Nhà ga 1","Hải Phòng (HPH)
Sân bay quốc tế Cát Bi",17-04-2025,Hành lý xách tay 7 kg,Hành lý 0 kg
Bamboo Airways,3.088.325 VND/khách,20:05,03 thg 5,22:10,03 thg 5,2h 5m,"TP HCM (SGN)
Sân bay Tân Sơn Nhất","Hải Phòng (HPH)
Sân bay quốc tế Cát Bi",17-04-2025,Hành lý xách tay 7 kg,Hành lý 20 kg
VietJet Air,3.118.185 VND/khách,04:30,03 thg 5,06:30,03 thg 5,2h 0m,"TP HCM (SGN)
Sân bay Tân Sơn Nhất
Nhà ga 1","Hải Phòng (HPH)
Sân bay quốc tế Cát Bi",17-04-2025,Hành lý xách tay 7 kg,Hành lý 0 kg
Vietnam Airlines,3.163.833 VND/khách,07:45,03 thg 5,09:45,03 thg 5,2h 0m,"TP HCM (SGN)
Sân bay Tân Sơn Nhất
Nhà ga 1","Hải Phòng (HPH)
Sân bay quốc tế Cát Bi",17-04-2025,Hành lý xách tay 1 x 12 kg,Hành lý 1 x 23 kg
VietJet Air,3.406.463 VND/khách,16:10,03 thg 5,18:10,03 thg 5,2h 0m,"TP HCM (SGN)
Sân bay Tân Sơn Nhất
Nhà ga 1","Hải Phòng (HPH)
Sân bay quốc tế Cát Bi",17-04-2025,Hành lý xách tay 7 kg,Hành lý 0 kg
VietJet Air,3.406.463 VND/khách,19:15,03 thg 5,21:15,03 thg 5,2h 0m,"TP HCM (SGN)
Sân bay Tân Sơn Nhất
Nhà ga 1","Hải Phòng (HPH)
Sân bay quốc tế Cát Bi",17-04-2025,Hành lý xách tay 7 kg,Hành lý 0 kg
VietJet Air,3.406.463 VND/khách,20:10,03 thg 5,22:10,03 thg 5,2h 0m,"TP HCM (SGN)
Sân bay Tân Sơn Nhất
Nhà ga 1","Hải Phòng (HPH)
Sân bay quốc tế Cát Bi",17-04-2025,Hành lý xách tay 7 kg,Hành lý 0 kg
Vietnam Airlines,3.679.317 VND/khách,13:20,03 thg 5,15:25,03 thg 5,2h 5m,"TP HCM (SGN)
Sân bay Tân Sơn Nhất
Nhà ga 1","Hải Phòng (HPH)
Sân bay quốc tế Cát Bi",17-04-2025,Hành lý xách tay 1 x 12 kg,Hành lý 1 x 23 kg
VietJet Air,2.367.068 VND/khách,04:30,04 thg 5,06:30,04 thg 5,2h 0m,"TP HCM (SGN)
Sân bay Tân Sơn Nhất
Nhà ga 1","Hải Phòng (HPH)
Sân bay quốc tế Cát Bi",17-04-2025,Hành lý xách tay 7 kg,Hành lý 0 kg
VietJet Air,2.802.975 VND/khách,06:15,04 thg 5,08:15,04 thg 5,2h 0m,"TP HCM (SGN)
Sân bay Tân Sơn Nhất
Nhà ga 1","Hải Phòng (HPH)
Sân bay quốc tế Cát Bi",17-04-2025,Hành lý xách tay 7 kg,Hành lý 0 kg
VietJet Air,3.116.190 VND/khách,21:10,04 thg 5,23:05,04 thg 5,1h 55m,"TP HCM (SGN)
Sân bay Tân Sơn Nhất
Nhà ga 1","Hải Phòng (HPH)
Sân bay quốc tế Cát Bi",17-04-2025,Hành lý xách tay 7 kg,Hành lý 0 kg
VietJet Air,3.116.190 VND/khách,20:10,04 thg 5,22:10,04 thg 5,2h 0m,"TP HCM (SGN)
Sân bay Tân Sơn Nhất
Nhà ga 1","Hải Phòng (HPH)
Sân bay quốc tế Cát Bi",17-04-2025,Hành lý xách tay 7 kg,Hành lý 0 kg
VietJet Air,3.404.468 VND/khách,19:15,04 thg 5,21:15,04 thg 5,2h 0m,"TP HCM (SGN)
Sân bay Tân Sơn Nhất
Nhà ga 1","Hải Phòng (HPH)
Sân bay quốc tế Cát Bi",17-04-2025,Hành lý xách tay 7 kg,Hành lý 0 kg
VietJet Air,3.659.828 VND/khách,11:35,04 thg 5,13:35,04 thg 5,2h 0m,"TP HCM (SGN)
Sân bay Tân Sơn Nhất
Nhà ga 1","Hải Phòng (HPH)
Sân bay quốc tế Cát Bi",17-04-2025,Hành lý xách tay 7 kg,Hành lý 0 kg
VietJet Air,3.659.828 VND/khách,16:10,04 thg 5,18:10,04 thg 5,2h 0m,"TP HCM (SGN)
Sân bay Tân Sơn Nhất
Nhà ga 1","Hải Phòng (HPH)
Sân bay quốc tế Cát Bi",17-04-2025,Hành lý xách tay 7 kg,Hành lý 0 kg
Vietnam Airlines,3.684.312 VND/khách,07:45,04 thg 5,09:45,04 thg 5,2h 0m,"TP HCM (SGN)
Sân bay Tân Sơn Nhất
Nhà ga 1","Hải Phòng (HPH)
Sân bay quốc tế Cát Bi",17-04-2025,Hành lý xách tay 1 x 12 kg,Hành lý 1 x 23 kg
Vietnam Airlines,3.911.085 VND/khách,13:20,04 thg 5,15:25,04 thg 5,2h 5m,"TP HCM (SGN)
Sân bay Tân Sơn Nhất
Nhà ga 1","Hải Phòng (HPH)
Sân bay quốc tế Cát Bi",17-04-2025,Hành lý xách tay 1 x 12 kg,Hành lý 1 x 23 kg
VietJet Air,4.553.895 VND/khách,09:55,04 thg 5,10:50,04 thg 5,55m,"TP HCM (SGN)
Sân bay Tân Sơn Nhất
Nhà ga 1","Đà Lạt (DLI)
Sân bay Liên Khương",17-04-2025,Hành lý xách tay 7 kg,Hành lý 0 kg
VietJet Air,1.605.975 VND/khách,19:15,05 thg 5,21:15,05 thg 5,2h 0m,"TP HCM (SGN)
Sân bay Tân Sơn Nhất
Nhà ga 1","Hải Phòng (HPH)
Sân bay quốc tế Cát Bi",17-04-2025,Hành lý xách tay 7 kg,Hành lý 0 kg
VietJet Air,1.605.975 VND/khách,20:10,05 thg 5,22:10,05 thg 5,2h 0m,"TP HCM (SGN)
Sân bay Tân Sơn Nhất
Nhà ga 1","Hải Phòng (HPH)
Sân bay quốc tế Cát Bi",17-04-2025,Hành lý xách tay 7 kg,Hành lý 0 kg
VietJet Air,1.724.678 VND/khách,21:10,05 thg 5,23:05,05 thg 5,1h 55m,"TP HCM (SGN)
Sân bay Tân Sơn Nhất
Nhà ga 1","Hải Phòng (HPH)
Sân bay quốc tế Cát Bi",17-04-2025,Hành lý xách tay 7 kg,Hành lý 0 kg
Bamboo Airways,1.815.275 VND/khách,20:05,05 thg 5,22:10,05 thg 5,2h 5m,"TP HCM (SGN)
Sân bay Tân Sơn Nhất","Hải Phòng (HPH)
Sân bay quốc tế Cát Bi",17-04-2025,Hành lý xách tay 7 kg,Hành lý 0 kg
Vietnam Airlines,2.007.512 VND/khách,20:30,05 thg 5,22:30,05 thg 5,2h 0m,"TP HCM (SGN)
Sân bay Tân Sơn Nhất
Nhà ga 1","Hải Phòng (HPH)
Sân bay quốc tế Cát Bi",17-04-2025,Hành lý xách tay 1 x 12 kg,Hành lý 1 x 23 kg
VietJet Air,2.016.945 VND/khách,06:15,05 thg 5,08:15,05 thg 5,2h 0m,"TP HCM (SGN)
Sân bay Tân Sơn Nhất
Nhà ga 1","Hải Phòng (HPH)
Sân bay quốc tế Cát Bi",17-04-2025,Hành lý xách tay 7 kg,Hành lý 0 kg
VietJet Air,2.016.971 VND/khách,04:30,05 thg 5,06:30,05 thg 5,2h 0m,"TP HCM (SGN)
Sân bay Tân Sơn Nhất
Nhà ga 1","Hải Phòng (HPH)
Sân bay quốc tế Cát Bi",17-04-2025,Hành lý xách tay 7 kg,Hành lý 0 kg
VietJet Air,2.035.898 VND/khách,16:10,05 thg 5,18:10,05 thg 5,2h 0m,"TP HCM (SGN)
Sân bay Tân Sơn Nhất
Nhà ga 1","Hải Phòng (HPH)
Sân bay quốc tế Cát Bi",17-04-2025,Hành lý xách tay 7 kg,Hành lý 0 kg
VietJet Air,2.205.473 VND/khách,09:15,05 thg 5,11:15,05 thg 5,2h 0m,"TP HCM (SGN)
Sân bay Tân Sơn Nhất
Nhà ga 1","Hải Phòng (HPH)
Sân bay quốc tế Cát Bi",17-04-2025,Hành lý xách tay 7 kg,Hành lý 0 kg
Vietnam Airlines,2.232.303 VND/khách,17:55,05 thg 5,19:55,05 thg 5,2h 0m,"TP HCM (SGN)
Sân bay Tân Sơn Nhất
Nhà ga 1","Hải Phòng (HPH)
Sân bay quốc tế Cát Bi",17-04-2025,Hành lý xách tay 1 x 12 kg,Hành lý 1 x 23 kg
Vietnam Airlines,2.232.303 VND/khách,13:20,05 thg 5,15:25,05 thg 5,2h 5m,"TP HCM (SGN)
Sân bay Tân Sơn Nhất
Nhà ga 1","Hải Phòng (HPH)
Sân bay quốc tế Cát Bi",17-04-2025,Hành lý xách tay 1 x 12 kg,Hành lý 1 x 23 kg
Vietnam Airlines,2.660.081 VND/khách,07:45,05 thg 5,09:45,05 thg 5,2h 0m,"TP HCM (SGN)
Sân bay Tân Sơn Nhất
Nhà ga 1","Hải Phòng (HPH)
Sân bay quốc tế Cát Bi",17-04-2025,Hành lý xách tay 1 x 12 kg,Hành lý 1 x 23 kg
VietJet Air,2.843.024 VND/khách,05:30,05 thg 5,06:50,05 thg 5,1h 20m,"TP HCM (SGN)
Sân bay Tân Sơn Nhất
Nhà ga 1","Đà Nẵng (DAD)
Sân bay Đà Nẵng",17-04-2025,Hành lý xách tay 7 kg,Hành lý 0 kg
VietJet Air,2.843.024 VND/khách,05:30,05 thg 5,06:50,05 thg 5,1h 20m,"TP HCM (SGN)
Sân bay Tân Sơn Nhất
Nhà ga 1","Đà Nẵng (DAD)
Sân bay Đà Nẵng",17-04-2025,Hành lý xách tay 7 kg,Hành lý 0 kg
VietJet Air,2.848.973 VND/khách,06:50,05 thg 5,08:10,05 thg 5,1h 20m,"TP HCM (SGN)
Sân bay Tân Sơn Nhất
Nhà ga 1","Đà Nẵng (DAD)
Sân bay Đà Nẵng",17-04-2025,Hành lý xách tay 7 kg,Hành lý 0 kg
VietJet Air,2.848.973 VND/khách,06:50,05 thg 5,08:10,05 thg 5,1h 20m,"TP HCM (SGN)
Sân bay Tân Sơn Nhất
Nhà ga 1","Đà Nẵng (DAD)
Sân bay Đà Nẵng",17-04-2025,Hành lý xách tay 7 kg,Hành lý 0 kg
"Bamboo Airways, VietJet Air",2.881.813 VND/khách,09:05,05 thg 5,10:30,05 thg 5,1h 25m,"TP HCM (SGN)
Sân bay Tân Sơn Nhất","Đà Nẵng (DAD)
Sân bay Đà Nẵng",17-04-2025,Hành lý xách tay 7 kg,Hành lý 0 kg
VietJet Air,2.999.730 VND/khách,09:55,05 thg 5,10:50,05 thg 5,55m,"TP HCM (SGN)
Sân bay Tân Sơn Nhất
Nhà ga 1","Đà Lạt (DLI)
Sân bay Liên Khương",17-04-2025,Hành lý xách tay 7 kg,Hành lý 0 kg
VietJet Air,3.047.731 VND/khách,05:00,05 thg 5,06:20,05 thg 5,1h 20m,"TP HCM (SGN)
Sân bay Tân Sơn Nhất
Nhà ga 1","Đà Nẵng (DAD)
Sân bay Đà Nẵng",17-04-2025,Hành lý xách tay 7 kg,Hành lý 0 kg
VietJet Air,3.047.731 VND/khách,05:00,05 thg 5,06:20,05 thg 5,1h 20m,"TP HCM (SGN)
Sân bay Tân Sơn Nhất
Nhà ga 1","Đà Nẵng (DAD)
Sân bay Đà Nẵng",17-04-2025,Hành lý xách tay 7 kg,Hành lý 0 kg
"Vietnam Airlines, VietJet Air",3.111.051 VND/khách,06:55,05 thg 5,08:25,05 thg 5,1h 30m,"TP HCM (SGN)
Sân bay Tân Sơn Nhất
Nhà ga 1","Đà Nẵng (DAD)
Sân bay Đà Nẵng",17-04-2025,Hành lý xách tay 1 x 12 kg,Hành lý 23 kg
"Vietnam Airlines, VietJet Air",3.111.051 VND/khách,05:45,05 thg 5,07:10,05 thg 5,1h 25m,"TP HCM (SGN)
Sân bay Tân Sơn Nhất
Nhà ga 1","Đà Nẵng (DAD)
Sân bay Đà Nẵng",17-04-2025,Hành lý xách tay 1 x 12 kg,Hành lý 23 kg
"Vietnam Airlines, VietJet Air",3.111.051 VND/khách,06:55,05 thg 5,08:25,05 thg 5,1h 30m,"TP HCM (SGN)
Sân bay Tân Sơn Nhất
Nhà ga 1","Đà Nẵng (DAD)
Sân bay Đà Nẵng",17-04-2025,Hành lý xách tay 1 x 12 kg,Hành lý 23 kg
"Vietnam Airlines, VietJet Air",3.111.051 VND/khách,05:45,05 thg 5,07:10,05 thg 5,1h 25m,"TP HCM (SGN)
Sân bay Tân Sơn Nhất
Nhà ga 1","Đà Nẵng (DAD)
Sân bay Đà Nẵng",17-04-2025,Hành lý xách tay 1 x 12 kg,Hành lý 23 kg
VietJet Air,1.577.048 VND/khách,04:30,06 thg 5,06:30,06 thg 5,2h 0m,"TP HCM (SGN)
Sân bay Tân Sơn Nhất
Nhà ga 1","Hải Phòng (HPH)
Sân bay quốc tế Cát Bi",17-04-2025,Hành lý xách tay 7 kg,Hành lý 0 kg
VietJet Air,1.722.683 VND/khách,21:10,06 thg 5,23:05,06 thg 5,1h 55m,"TP HCM (SGN)
Sân bay Tân Sơn Nhất
Nhà ga 1","Hải Phòng (HPH)
Sân bay quốc tế Cát Bi",17-04-2025,Hành lý xách tay 7 kg,Hành lý 0 kg
VietJet Air,1.722.683 VND/khách,19:15,06 thg 5,21:15,06 thg 5,2h 0m,"TP HCM (SGN)
Sân bay Tân Sơn Nhất
Nhà ga 1","Hải Phòng (HPH)
Sân bay quốc tế Cát Bi",17-04-2025,Hành lý xách tay 7 kg,Hành lý 0 kg
VietJet Air,1.722.683 VND/khách,20:10,06 thg 5,22:10,06 thg 5,2h 0m,"TP HCM (SGN)
Sân bay Tân Sơn Nhất
Nhà ga 1","Hải Phòng (HPH)
Sân bay quốc tế Cát Bi",17-04-2025,Hành lý xách tay 7 kg,Hành lý 0 kg
Vietnam Airlines,1.764.234 VND/khách,17:55,06 thg 5,19:55,06 thg 5,2h 0m,"TP HCM (SGN)
Sân bay Tân Sơn Nhất
Nhà ga 1","Hải Phòng (HPH)
Sân bay quốc tế Cát Bi",17-04-2025,Hành lý xách tay 1 x 12 kg,Hành lý 1 x 23 kg
Vietnam Airlines,1.782.721 VND/khách,20:30,06 thg 5,22:30,06 thg 5,2h 0m,"TP HCM (SGN)
Sân bay Tân Sơn Nhất
Nhà ga 1","Hải Phòng (HPH)
Sân bay quốc tế Cát Bi",17-04-2025,Hành lý xách tay 1 x 12 kg,Hành lý 1 x 23 kg
VietJet Air,1.839.390 VND/khách,06:15,06 thg 5,08:15,06 thg 5,2h 0m,"TP HCM (SGN)
Sân bay Tân Sơn Nhất
Nhà ga 1","Hải Phòng (HPH)
Sân bay quốc tế Cát Bi",17-04-2025,Hành lý xách tay 7 kg,Hành lý 0 kg
VietJet Air,1.839.390 VND/khách,14:05,06 thg 5,16:05,06 thg 5,2h 0m,"TP HCM (SGN)
Sân bay Tân Sơn Nhất
Nhà ga 1","Hải Phòng (HPH)
Sân bay quốc tế Cát Bi",17-04-2025,Hành lý xách tay 7 kg,Hành lý 0 kg
VietJet Air,1.839.390 VND/khách,16:10,06 thg 5,18:10,06 thg 5,2h 0m,"TP HCM (SGN)
Sân bay Tân Sơn Nhất
Nhà ga 1","Hải Phòng (HPH)
Sân bay quốc tế Cát Bi",17-04-2025,Hành lý xách tay 7 kg,Hành lý 0 kg
Vietnam Airlines,2.011.986 VND/khách,13:20,06 thg 5,15:25,06 thg 5,2h 5m,"TP HCM (SGN)
Sân bay Tân Sơn Nhất
Nhà ga 1","Hải Phòng (HPH)
Sân bay quốc tế Cát Bi",17-04-2025,Hành lý xách tay 1 x 12 kg,Hành lý 1 x 23 kg
VietJet Air,2.014.950 VND/khách,09:15,06 thg 5,11:15,06 thg 5,2h 0m,"TP HCM (SGN)
Sân bay Tân Sơn Nhất
Nhà ga 1","Hải Phòng (HPH)
Sân bay quốc tế Cát Bi",17-04-2025,Hành lý xách tay 7 kg,Hành lý 0 kg
Vietnam Airlines,3.243.254 VND/khách,07:45,06 thg 5,09:45,06 thg 5,2h 0m,"TP HCM (SGN)
Sân bay Tân Sơn Nhất
Nhà ga 1","Hải Phòng (HPH)
Sân bay quốc tế Cát Bi",17-04-2025,Hành lý xách tay 1 x 12 kg,Hành lý 1 x 23 kg
VietJet Air,1.996.182 VND/khách,05:30,06 thg 5,06:50,06 thg 5,1h 20m,"TP HCM (SGN)
Sân bay Tân Sơn Nhất
Nhà ga 1","Đà Nẵng (DAD)
Sân bay Đà Nẵng",17-04-2025,Hành lý xách tay 7 kg,Hành lý 0 kg
VietJet Air,1.996.182 VND/khách,05:00,06 thg 5,06:20,06 thg 5,1h 20m,"TP HCM (SGN)
Sân bay Tân Sơn Nhất
Nhà ga 1","Đà Nẵng (DAD)
Sân bay Đà Nẵng",17-04-2025,Hành lý xách tay 7 kg,Hành lý 0 kg
VietJet Air,2.131.797 VND/khách,06:50,06 thg 5,08:10,06 thg 5,1h 20m,"TP HCM (SGN)
Sân bay Tân Sơn Nhất
Nhà ga 1","Đà Nẵng (DAD)
Sân bay Đà Nẵng",17-04-2025,Hành lý xách tay 7 kg,Hành lý 0 kg
"Bamboo Airways, VietJet Air",2.138.815 VND/khách,06:30,06 thg 5,07:55,06 thg 5,1h 25m,"TP HCM (SGN)
Sân bay Tân Sơn Nhất","Đà Nẵng (DAD)
Sân bay Đà Nẵng",17-04-2025,Hành lý xách tay 7 kg,Hành lý 0 kg
"Vietnam Airlines, VietJet Air",2.376.436 VND/khách,05:45,06 thg 5,07:10,06 thg 5,1h 25m,"TP HCM (SGN)
Sân bay Tân Sơn Nhất
Nhà ga 1","Đà Nẵng (DAD)
Sân bay Đà Nẵng",17-04-2025,Hành lý xách tay 1 x 12 kg,Hành lý 23 kg
VietJet Air,1.577.048 VND/khách,04:30,07 thg 5,06:30,07 thg 5,2h 0m,"TP HCM (SGN)
Sân bay Tân Sơn Nhất
Nhà ga 1","Hải Phòng (HPH)
Sân bay quốc tế Cát Bi",17-04-2025,Hành lý xách tay 7 kg,Hành lý 0 kg
Bamboo Airways,1.671.775 VND/khách,20:05,07 thg 5,22:10,07 thg 5,2h 5m,"TP HCM (SGN)
Sân bay Tân Sơn Nhất","Hải Phòng (HPH)
Sân bay quốc tế Cát Bi",17-04-2025,Hành lý xách tay 7 kg,Hành lý 0 kg
VietJet Air,1.722.683 VND/khách,21:10,07 thg 5,23:05,07 thg 5,1h 55m,"TP HCM (SGN)
Sân bay Tân Sơn Nhất
Nhà ga 1","Hải Phòng (HPH)
Sân bay quốc tế Cát Bi",17-04-2025,Hành lý xách tay 7 kg,Hành lý 0 kg
VietJet Air,1.722.683 VND/khách,19:15,07 thg 5,21:15,07 thg 5,2h 0m,"TP HCM (SGN)
Sân bay Tân Sơn Nhất
Nhà ga 1","Hải Phòng (HPH)
Sân bay quốc tế Cát Bi",17-04-2025,Hành lý xách tay 7 kg,Hành lý 0 kg
VietJet Air,1.722.683 VND/khách,20:10,07 thg 5,22:10,07 thg 5,2h 0m,"TP HCM (SGN)
Sân bay Tân Sơn Nhất
Nhà ga 1","Hải Phòng (HPH)
Sân bay quốc tế Cát Bi",17-04-2025,Hành lý xách tay 7 kg,Hành lý 0 kg
Vietnam Airlines,1.782.721 VND/khách,20:30,07 thg 5,22:30,07 thg 5,2h 0m,"TP HCM (SGN)
Sân bay Tân Sơn Nhất
Nhà ga 1","Hải Phòng (HPH)
Sân bay quốc tế Cát Bi",17-04-2025,Hành lý xách tay 1 x 12 kg,Hành lý 1 x 23 kg
Vietnam Airlines,1.805.193 VND/khách,17:55,07 thg 5,19:55,07 thg 5,2h 0m,"TP HCM (SGN)
Sân bay Tân Sơn Nhất
Nhà ga 1","Hải Phòng (HPH)
Sân bay quốc tế Cát Bi",17-04-2025,Hành lý xách tay 1 x 12 kg,Hành lý 1 x 23 kg
Vietnam Airlines,1.809.189 VND/khách,07:45,07 thg 5,09:45,07 thg 5,2h 0m,"TP HCM (SGN)
Sân bay Tân Sơn Nhất
Nhà ga 1","Hải Phòng (HPH)
Sân bay quốc tế Cát Bi",17-04-2025,Hành lý xách tay 1 x 12 kg,Hành lý 1 x 23 kg
Vietnam Airlines,1.809.189 VND/khách,13:20,07 thg 5,15:25,07 thg 5,2h 5m,"TP HCM (SGN)
Sân bay Tân Sơn Nhất
Nhà ga 1","Hải Phòng (HPH)
Sân bay quốc tế Cát Bi",17-04-2025,Hành lý xách tay 1 x 12 kg,Hành lý 1 x 23 kg
VietJet Air,1.839.390 VND/khách,06:15,07 thg 5,08:15,07 thg 5,2h 0m,"TP HCM (SGN)
Sân bay Tân Sơn Nhất
Nhà ga 1","Hải Phòng (HPH)
Sân bay quốc tế Cát Bi",17-04-2025,Hành lý xách tay 7 kg,Hành lý 0 kg
VietJet Air,1.839.390 VND/khách,11:35,07 thg 5,13:35,07 thg 5,2h 0m,"TP HCM (SGN)
Sân bay Tân Sơn Nhất
Nhà ga 1","Hải Phòng (HPH)
Sân bay quốc tế Cát Bi",17-04-2025,Hành lý xách tay 7 kg,Hành lý 0 kg
VietJet Air,1.722.683 VND/khách,21:10,21 thg 4,23:05,21 thg 4,1h 55m,"TP HCM (SGN)
Sân bay Tân Sơn Nhất
Nhà ga 1","Hải Phòng (HPH)
Sân bay quốc tế Cát Bi",17-04-2025,Hành lý xách tay 7 kg,Hành lý 0 kg
VietJet Air,1.722.683 VND/khách,06:15,21 thg 4,08:15,21 thg 4,2h 0m,"TP HCM (SGN)
Sân bay Tân Sơn Nhất
Nhà ga 1","Hải Phòng (HPH)
Sân bay quốc tế Cát Bi",17-04-2025,Hành lý xách tay 7 kg,Hành lý 0 kg
VietJet Air,1.722.683 VND/khách,16:10,21 thg 4,18:10,21 thg 4,2h 0m,"TP HCM (SGN)
Sân bay Tân Sơn Nhất
Nhà ga 1","Hải Phòng (HPH)
Sân bay quốc tế Cát Bi",17-04-2025,Hành lý xách tay 7 kg,Hành lý 0 kg
VietJet Air,1.722.683 VND/khách,20:10,21 thg 4,22:10,21 thg 4,2h 0m,"TP HCM (SGN)
Sân bay Tân Sơn Nhất
Nhà ga 1","Hải Phòng (HPH)
Sân bay quốc tế Cát Bi",17-04-2025,Hành lý xách tay 7 kg,Hành lý 0 kg
Bamboo Airways,1.806.199 VND/khách,20:05,21 thg 4,22:10,21 thg 4,2h 5m,"TP HCM (SGN)
Sân bay Tân Sơn Nhất","Hải Phòng (HPH)
Sân bay quốc tế Cát Bi",17-04-2025,Hành lý xách tay 7 kg,Hành lý 0 kg
VietJet Air,1.839.390 VND/khách,04:30,21 thg 4,06:30,21 thg 4,2h 0m,"TP HCM (SGN)
Sân bay Tân Sơn Nhất
Nhà ga 1","Hải Phòng (HPH)
Sân bay quốc tế Cát Bi",17-04-2025,Hành lý xách tay 7 kg,Hành lý 0 kg
VietJet Air,2.189.876 VND/khách,09:15,21 thg 4,11:15,21 thg 4,2h 0m,"TP HCM (SGN)
Sân bay Tân Sơn Nhất
Nhà ga 1","Hải Phòng (HPH)
Sân bay quốc tế Cát Bi",17-04-2025,Hành lý xách tay 7 kg,Hành lý 0 kg
Vietnam Airlines,2.232.303 VND/khách,20:30,21 thg 4,22:30,21 thg 4,2h 0m,"TP HCM (SGN)
Sân bay Tân Sơn Nhất
Nhà ga 1","Hải Phòng (HPH)
Sân bay quốc tế Cát Bi",17-04-2025,Hành lý xách tay 1 x 12 kg,Hành lý 1 x 23 kg
Vietnam Airlines,2.667.330 VND/khách,13:20,21 thg 4,15:25,21 thg 4,2h 5m,"TP HCM (SGN)
Sân bay Tân Sơn Nhất
Nhà ga 1","Hải Phòng (HPH)
Sân bay quốc tế Cát Bi",17-04-2025,Hành lý xách tay 1 x 12 kg,Hành lý 1 x 23 kg
Vietnam Airlines,2.686.311 VND/khách,17:55,21 thg 4,19:55,21 thg 4,2h 0m,"TP HCM (SGN)
Sân bay Tân Sơn Nhất
Nhà ga 1","Hải Phòng (HPH)
Sân bay quốc tế Cát Bi",17-04-2025,Hành lý xách tay 1 x 12 kg,Hành lý 1 x 23 kg
Vietnam Airlines,3.913.083 VND/khách,07:45,21 thg 4,09:45,21 thg 4,2h 0m,"TP HCM (SGN)
Sân bay Tân Sơn Nhất
Nhà ga 1","Hải Phòng (HPH)
Sân bay quốc tế Cát Bi",17-04-2025,Hành lý xách tay 1 x 12 kg,Hành lý 1 x 23 kg
VietJet Air,2.575.730 VND/khách,05:00,21 thg 4,06:20,21 thg 4,1h 20m,"TP HCM (SGN)
Sân bay Tân Sơn Nhất
Nhà ga 1","Đà Nẵng (DAD)
Sân bay Đà Nẵng",17-04-2025,Hành lý xách tay 7 kg,Hành lý 0 kg
VietJet Air,2.711.345 VND/khách,05:30,21 thg 4,06:50,21 thg 4,1h 20m,"TP HCM (SGN)
Sân bay Tân Sơn Nhất
Nhà ga 1","Đà Nẵng (DAD)
Sân bay Đà Nẵng",17-04-2025,Hành lý xách tay 7 kg,Hành lý 0 kg
"VietJet Air, Vietnam Airlines",2.757.564 VND/khách,05:00,21 thg 4,06:20,21 thg 4,1h 20m,"TP HCM (SGN)
Sân bay Tân Sơn Nhất
Nhà ga 1","Đà Nẵng (DAD)
Sân bay Đà Nẵng",17-04-2025,Hành lý xách tay 7 kg,Hành lý 0 kg
"Vietnam Airlines, VietJet Air",2.954.108 VND/khách,12:45,21 thg 4,13:50,21 thg 4,1h 5m,"TP HCM (SGN)
Sân bay Tân Sơn Nhất
Nhà ga 1","Nha Trang (CXR)
Sân bay Cam Ranh",17-04-2025,Hành lý xách tay 1 x 12 kg,Hành lý 1 x 23 kg
"Vietnam Airlines, VietJet Air",2.954.108 VND/khách,06:50,21 thg 4,08:05,21 thg 4,1h 15m,"TP HCM (SGN)
Sân bay Tân Sơn Nhất
Nhà ga 1","Nha Trang (CXR)
Sân bay Cam Ranh",17-04-2025,Hành lý xách tay 1 x 12 kg,Hành lý 1 x 23 kg
VietJet Air,1.577.048 VND/khách,21:10,22 thg 4,23:05,22 thg 4,1h 55m,"TP HCM (SGN)
Sân bay Tân Sơn Nhất
Nhà ga 1","Hải Phòng (HPH)
Sân bay quốc tế Cát Bi",17-04-2025,Hành lý xách tay 7 kg,Hành lý 0 kg
VietJet Air,1.577.048 VND/khách,04:30,22 thg 4,06:30,22 thg 4,2h 0m,"TP HCM (SGN)
Sân bay Tân Sơn Nhất
Nhà ga 1","Hải Phòng (HPH)
Sân bay quốc tế Cát Bi",17-04-2025,Hành lý xách tay 7 kg,Hành lý 0 kg
VietJet Air,1.722.683 VND/khách,20:10,22 thg 4,22:10,22 thg 4,2h 0m,"TP HCM (SGN)
Sân bay Tân Sơn Nhất
Nhà ga 1","Hải Phòng (HPH)
Sân bay quốc tế Cát Bi",17-04-2025,Hành lý xách tay 7 kg,Hành lý 0 kg
VietJet Air,1.839.390 VND/khách,06:15,22 thg 4,08:15,22 thg 4,2h 0m,"TP HCM (SGN)
Sân bay Tân Sơn Nhất
Nhà ga 1","Hải Phòng (HPH)
Sân bay quốc tế Cát Bi",17-04-2025,Hành lý xách tay 7 kg,Hành lý 0 kg
VietJet Air,1.839.390 VND/khách,09:15,22 thg 4,11:15,22 thg 4,2h 0m,"TP HCM (SGN)
Sân bay Tân Sơn Nhất
Nhà ga 1","Hải Phòng (HPH)
Sân bay quốc tế Cát Bi",17-04-2025,Hành lý xách tay 7 kg,Hành lý 0 kg
VietJet Air,1.839.390 VND/khách,14:05,22 thg 4,16:05,22 thg 4,2h 0m,"TP HCM (SGN)
Sân bay Tân Sơn Nhất
Nhà ga 1","Hải Phòng (HPH)
Sân bay quốc tế Cát Bi",17-04-2025,Hành lý xách tay 7 kg,Hành lý 0 kg
VietJet Air,1.839.390 VND/khách,16:10,22 thg 4,18:10,22 thg 4,2h 0m,"TP HCM (SGN)
Sân bay Tân Sơn Nhất
Nhà ga 1","Hải Phòng (HPH)
Sân bay quốc tế Cát Bi",17-04-2025,Hành lý xách tay 7 kg,Hành lý 0 kg
Vietnam Airlines,2.000.997 VND/khách,17:55,22 thg 4,19:55,22 thg 4,2h 0m,"TP HCM (SGN)
Sân bay Tân Sơn Nhất
Nhà ga 1","Hải Phòng (HPH)
Sân bay quốc tế Cát Bi",17-04-2025,Hành lý xách tay 1 x 12 kg,Hành lý 1 x 23 kg
Vietnam Airlines,2.215.782 VND/khách,13:20,22 thg 4,15:25,22 thg 4,2h 5m,"TP HCM (SGN)
Sân bay Tân Sơn Nhất
Nhà ga 1","Hải Phòng (HPH)
Sân bay quốc tế Cát Bi",17-04-2025,Hành lý xách tay 1 x 12 kg,Hành lý 1 x 23 kg
Vietnam Airlines,2.232.303 VND/khách,20:30,22 thg 4,22:30,22 thg 4,2h 0m,"TP HCM (SGN)
Sân bay Tân Sơn Nhất
Nhà ga 1","Hải Phòng (HPH)
Sân bay quốc tế Cát Bi",17-04-2025,Hành lý xách tay 1 x 12 kg,Hành lý 1 x 23 kg
Vietnam Airlines,3.138.858 VND/khách,07:45,22 thg 4,09:45,22 thg 4,2h 0m,"TP HCM (SGN)
Sân bay Tân Sơn Nhất
Nhà ga 1","Hải Phòng (HPH)
Sân bay quốc tế Cát Bi",17-04-2025,Hành lý xách tay 1 x 12 kg,Hành lý 1 x 23 kg
VietJet Air,2.341.317 VND/khách,05:00,22 thg 4,06:20,22 thg 4,1h 20m,"TP HCM (SGN)
Sân bay Tân Sơn Nhất
Nhà ga 1","Đà Nẵng (DAD)
Sân bay Đà Nẵng",17-04-2025,Hành lý xách tay 7 kg,Hành lý 0 kg
"Bamboo Airways, VietJet Air",2.367.269 VND/khách,06:30,22 thg 4,07:55,22 thg 4,1h 25m,"TP HCM (SGN)
Sân bay Tân Sơn Nhất","Đà Nẵng (DAD)
Sân bay Đà Nẵng",17-04-2025,Hành lý xách tay 7 kg,Hành lý 0 kg
VietJet Air,2.476.932 VND/khách,05:30,22 thg 4,06:50,22 thg 4,1h 20m,"TP HCM (SGN)
Sân bay Tân Sơn Nhất
Nhà ga 1","Đà Nẵng (DAD)
Sân bay Đà Nẵng",17-04-2025,Hành lý xách tay 7 kg,Hành lý 0 kg
VietJet Air,2.727.190 VND/khách,12:40,22 thg 4,13:40,22 thg 4,1h 0m,"TP HCM (SGN)
Sân bay Tân Sơn Nhất
Nhà ga 1","Nha Trang (CXR)
Sân bay Cam Ranh",17-04-2025,Hành lý xách tay 7 kg,Hành lý 0 kg
"Vietnam Airlines, VietJet Air",2.954.108 VND/khách,06:50,22 thg 4,08:05,22 thg 4,1h 15m,"TP HCM (SGN)
Sân bay Tân Sơn Nhất
Nhà ga 1","Nha Trang (CXR)
Sân bay Cam Ranh",17-04-2025,Hành lý xách tay 1 x 12 kg,Hành lý 1 x 23 kg
VietJet Air,1.577.048 VND/khách,04:30,23 thg 4,06:30,23 thg 4,2h 0m,"TP HCM (SGN)
Sân bay Tân Sơn Nhất
Nhà ga 1","Hải Phòng (HPH)
Sân bay quốc tế Cát Bi",17-04-2025,Hành lý xách tay 7 kg,Hành lý 0 kg
Bamboo Airways,1.663.416 VND/khách,20:05,23 thg 4,22:10,23 thg 4,2h 5m,"TP HCM (SGN)
Sân bay Tân Sơn Nhất","Hải Phòng (HPH)
Sân bay quốc tế Cát Bi",17-04-2025,Hành lý xách tay 7 kg,Hành lý 0 kg
VietJet Air,1.722.683 VND/khách,21:10,23 thg 4,23:05,23 thg 4,1h 55m,"TP HCM (SGN)
Sân bay Tân Sơn Nhất
Nhà ga 1","Hải Phòng (HPH)
Sân bay quốc tế Cát Bi",17-04-2025,Hành lý xách tay 7 kg,Hành lý 0 kg
VietJet Air,1.839.390 VND/khách,06:15,23 thg 4,08:15,23 thg 4,2h 0m,"TP HCM (SGN)
Sân bay Tân Sơn Nhất
Nhà ga 1","Hải Phòng (HPH)
Sân bay quốc tế Cát Bi",17-04-2025,Hành lý xách tay 7 kg,Hành lý 0 kg
VietJet Air,1.839.390 VND/khách,11:35,23 thg 4,13:35,23 thg 4,2h 0m,"TP HCM (SGN)
Sân bay Tân Sơn Nhất
Nhà ga 1","Hải Phòng (HPH)
Sân bay quốc tế Cát Bi",17-04-2025,Hành lý xách tay 7 kg,Hành lý 0 kg
VietJet Air,1.839.390 VND/khách,16:10,23 thg 4,18:10,23 thg 4,2h 0m,"TP HCM (SGN)
Sân bay Tân Sơn Nhất
Nhà ga 1","Hải Phòng (HPH)
Sân bay quốc tế Cát Bi",17-04-2025,Hành lý xách tay 7 kg,Hành lý 0 kg
Vietnam Airlines,1.979.019 VND/khách,17:55,23 thg 4,19:55,23 thg 4,2h 0m,"TP HCM (SGN)
Sân bay Tân Sơn Nhất
Nhà ga 1","Hải Phòng (HPH)
Sân bay quốc tế Cát Bi",17-04-2025,Hành lý xách tay 1 x 12 kg,Hành lý 1 x 23 kg
Vietnam Airlines,2.000.997 VND/khách,13:45,23 thg 4,15:50,23 thg 4,2h 5m,"TP HCM (SGN)
Sân bay Tân Sơn Nhất
Nhà ga 1","Hải Phòng (HPH)
Sân bay quốc tế Cát Bi",17-04-2025,Hành lý xách tay 1 x 12 kg,Hành lý 1 x 23 kg
Vietnam Airlines,2.007.512 VND/khách,20:30,23 thg 4,22:30,23 thg 4,2h 0m,"TP HCM (SGN)
Sân bay Tân Sơn Nhất
Nhà ga 1","Hải Phòng (HPH)
Sân bay quốc tế Cát Bi",17-04-2025,Hành lý xách tay 1 x 12 kg,Hành lý 1 x 23 kg
Vietnam Airlines,2.682.315 VND/khách,07:45,23 thg 4,09:45,23 thg 4,2h 0m,"TP HCM (SGN)
Sân bay Tân Sơn Nhất
Nhà ga 1","Hải Phòng (HPH)
Sân bay quốc tế Cát Bi",17-04-2025,Hành lý xách tay 1 x 12 kg,Hành lý 1 x 23 kg
VietJet Air,2.560.731 VND/khách,05:00,23 thg 4,06:20,23 thg 4,1h 20m,"TP HCM (SGN)
Sân bay Tân Sơn Nhất
Nhà ga 1","Đà Nẵng (DAD)
Sân bay Đà Nẵng",17-04-2025,Hành lý xách tay 7 kg,Hành lý 0 kg
"VietJet Air, Vietnam Airlines",2.622.367 VND/khách,05:00,23 thg 4,06:20,23 thg 4,1h 20m,"TP HCM (SGN)
Sân bay Tân Sơn Nhất
Nhà ga 1","Đà Nẵng (DAD)
Sân bay Đà Nẵng",17-04-2025,Hành lý xách tay 7 kg,Hành lý 0 kg
"Vietnam Airlines, VietJet Air",2.693.641 VND/khách,05:45,23 thg 4,07:10,23 thg 4,1h 25m,"TP HCM (SGN)
Sân bay Tân Sơn Nhất
Nhà ga 1","Đà Nẵng (DAD)
Sân bay Đà Nẵng",17-04-2025,Hành lý xách tay 1 x 12 kg,Hành lý 23 kg
VietJet Air,2.728.188 VND/khách,13:30,23 thg 4,14:30,23 thg 4,1h 0m,"TP HCM (SGN)
Sân bay Tân Sơn Nhất
Nhà ga 1","Nha Trang (CXR)
Sân bay Cam Ranh",17-04-2025,Hành lý xách tay 7 kg,Hành lý 0 kg
VietJet Air,1.577.048 VND/khách,21:10,24 thg 4,23:05,24 thg 4,1h 55m,"TP HCM (SGN)
Sân bay Tân Sơn Nhất
Nhà ga 1","Hải Phòng (HPH)
Sân bay quốc tế Cát Bi",17-04-2025,Hành lý xách tay 7 kg,Hành lý 0 kg
VietJet Air,1.577.048 VND/khách,20:10,24 thg 4,22:10,24 thg 4,2h 0m,"TP HCM (SGN)
Sân bay Tân Sơn Nhất
Nhà ga 1","Hải Phòng (HPH)
Sân bay quốc tế Cát Bi",17-04-2025,Hành lý xách tay 7 kg,Hành lý 0 kg
VietJet Air,1.722.683 VND/khách,04:30,24 thg 4,06:30,24 thg 4,2h 0m,"TP HCM (SGN)
Sân bay Tân Sơn Nhất
Nhà ga 1","Hải Phòng (HPH)
Sân bay quốc tế Cát Bi",17-04-2025,Hành lý xách tay 7 kg,Hành lý 0 kg
VietJet Air,1.722.683 VND/khách,19:15,24 thg 4,21:15,24 thg 4,2h 0m,"TP HCM (SGN)
Sân bay Tân Sơn Nhất
Nhà ga 1","Hải Phòng (HPH)
Sân bay quốc tế Cát Bi",17-04-2025,Hành lý xách tay 7 kg,Hành lý 0 kg
VietJet Air,1.839.390 VND/khách,06:15,24 thg 4,08:15,24 thg 4,2h 0m,"TP HCM (SGN)
Sân bay Tân Sơn Nhất
Nhà ga 1","Hải Phòng (HPH)
Sân bay quốc tế Cát Bi",17-04-2025,Hành lý xách tay 7 kg,Hành lý 0 kg
VietJet Air,1.839.390 VND/khách,09:15,24 thg 4,11:15,24 thg 4,2h 0m,"TP HCM (SGN)
Sân bay Tân Sơn Nhất
Nhà ga 1","Hải Phòng (HPH)
Sân bay quốc tế Cát Bi",17-04-2025,Hành lý xách tay 7 kg,Hành lý 0 kg
VietJet Air,1.839.390 VND/khách,14:40,24 thg 4,16:40,24 thg 4,2h 0m,"TP HCM (SGN)
Sân bay Tân Sơn Nhất
Nhà ga 1","Hải Phòng (HPH)
Sân bay quốc tế Cát Bi",17-04-2025,Hành lý xách tay 7 kg,Hành lý 0 kg
Vietnam Airlines,2.232.303 VND/khách,20:30,24 thg 4,22:30,24 thg 4,2h 0m,"TP HCM (SGN)
Sân bay Tân Sơn Nhất
Nhà ga 1","Hải Phòng (HPH)
Sân bay quốc tế Cát Bi",17-04-2025,Hành lý xách tay 1 x 12 kg,Hành lý 1 x 23 kg
Vietnam Airlines,2.233.764 VND/khách,07:45,24 thg 4,09:45,24 thg 4,2h 0m,"TP HCM (SGN)
Sân bay Tân Sơn Nhất
Nhà ga 1","Hải Phòng (HPH)
Sân bay quốc tế Cát Bi",17-04-2025,Hành lý xách tay 1 x 12 kg,Hành lý 1 x 23 kg
Vietnam Airlines,2.671.326 VND/khách,12:15,24 thg 4,14:20,24 thg 4,2h 5m,"TP HCM (SGN)
Sân bay Tân Sơn Nhất
Nhà ga 1","Hải Phòng (HPH)
Sân bay quốc tế Cát Bi",17-04-2025,Hành lý xách tay 1 x 12 kg,Hành lý 1 x 23 kg
Vietnam Airlines,3.905.091 VND/khách,17:55,24 thg 4,19:55,24 thg 4,2h 0m,"TP HCM (SGN)
Sân bay Tân Sơn Nhất
Nhà ga 1","Hải Phòng (HPH)
Sân bay quốc tế Cát Bi",17-04-2025,Hành lý xách tay 1 x 12 kg,Hành lý 1 x 23 kg
VietJet Air,2.438.913 VND/khách,13:30,24 thg 4,14:30,24 thg 4,1h 0m,"TP HCM (SGN)
Sân bay Tân Sơn Nhất
Nhà ga 1","Nha Trang (CXR)
Sân bay Cam Ranh",17-04-2025,Hành lý xách tay 7 kg,Hành lý 0 kg
VietJet Air,2.453.308 VND/khách,05:00,24 thg 4,06:20,24 thg 4,1h 20m,"TP HCM (SGN)
Sân bay Tân Sơn Nhất
Nhà ga 1","Đà Nẵng (DAD)
Sân bay Đà Nẵng",17-04-2025,Hành lý xách tay 7 kg,Hành lý 0 kg
"VietJet Air, Vietnam Airlines",2.463.951 VND/khách,05:00,24 thg 4,06:20,24 thg 4,1h 20m,"TP HCM (SGN)
Sân bay Tân Sơn Nhất
Nhà ga 1","Đà Nẵng (DAD)
Sân bay Đà Nẵng",17-04-2025,Hành lý xách tay 7 kg,Hành lý 0 kg
VietJet Air,2.588.923 VND/khách,05:30,24 thg 4,06:50,24 thg 4,1h 20m,"TP HCM (SGN)
Sân bay Tân Sơn Nhất
Nhà ga 1","Đà Nẵng (DAD)
Sân bay Đà Nẵng",17-04-2025,Hành lý xách tay 7 kg,Hành lý 0 kg
"Vietnam Airlines, VietJet Air",2.732.321 VND/khách,06:50,24 thg 4,08:05,24 thg 4,1h 15m,"TP HCM (SGN)
Sân bay Tân Sơn Nhất
Nhà ga 1","Nha Trang (CXR)
Sân bay Cam Ranh",17-04-2025,Hành lý xách tay 1 x 12 kg,Hành lý 1 x 23 kg
VietJet Air,1.722.683 VND/khách,21:10,25 thg 4,23:05,25 thg 4,1h 55m,"TP HCM (SGN)
Sân bay Tân Sơn Nhất
Nhà ga 1","Hải Phòng (HPH)
Sân bay quốc tế Cát Bi",17-04-2025,Hành lý xách tay 7 kg,Hành lý 0 kg
VietJet Air,1.722.683 VND/khách,04:30,25 thg 4,06:30,25 thg 4,2h 0m,"TP HCM (SGN)
Sân bay Tân Sơn Nhất
Nhà ga 1","Hải Phòng (HPH)
Sân bay quốc tế Cát Bi",17-04-2025,Hành lý xách tay 7 kg,Hành lý 0 kg
VietJet Air,1.722.683 VND/khách,06:15,25 thg 4,08:15,25 thg 4,2h 0m,"TP HCM (SGN)
Sân bay Tân Sơn Nhất
Nhà ga 1","Hải Phòng (HPH)
Sân bay quốc tế Cát Bi",17-04-2025,Hành lý xách tay 7 kg,Hành lý 0 kg
VietJet Air,1.722.683 VND/khách,19:15,25 thg 4,21:15,25 thg 4,2h 0m,"TP HCM (SGN)
Sân bay Tân Sơn Nhất
Nhà ga 1","Hải Phòng (HPH)
Sân bay quốc tế Cát Bi",17-04-2025,Hành lý xách tay 7 kg,Hành lý 0 kg
Bamboo Airways,1.806.199 VND/khách,20:05,25 thg 4,22:10,25 thg 4,2h 5m,"TP HCM (SGN)
Sân bay Tân Sơn Nhất","Hải Phòng (HPH)
Sân bay quốc tế Cát Bi",17-04-2025,Hành lý xách tay 7 kg,Hành lý 0 kg
VietJet Air,1.839.390 VND/khách,16:10,25 thg 4,18:10,25 thg 4,2h 0m,"TP HCM (SGN)
Sân bay Tân Sơn Nhất
Nhà ga 1","Hải Phòng (HPH)
Sân bay quốc tế Cát Bi",17-04-2025,Hành lý xách tay 7 kg,Hành lý 0 kg
Vietnam Airlines,2.000.997 VND/khách,16:25,25 thg 4,18:30,25 thg 4,2h 5m,"TP HCM (SGN)
Sân bay Tân Sơn Nhất
Nhà ga 1","Hải Phòng (HPH)
Sân bay quốc tế Cát Bi",17-04-2025,Hành lý xách tay 1 x 12 kg,Hành lý 1 x 23 kg
VietJet Air,2.014.950 VND/khách,11:35,25 thg 4,13:35,25 thg 4,2h 0m,"TP HCM (SGN)
Sân bay Tân Sơn Nhất
Nhà ga 1","Hải Phòng (HPH)
Sân bay quốc tế Cát Bi",17-04-2025,Hành lý xách tay 7 kg,Hành lý 0 kg
Vietnam Airlines,2.232.303 VND/khách,20:30,25 thg 4,22:30,25 thg 4,2h 0m,"TP HCM (SGN)
Sân bay Tân Sơn Nhất
Nhà ga 1","Hải Phòng (HPH)
Sân bay quốc tế Cát Bi",17-04-2025,Hành lý xách tay 1 x 12 kg,Hành lý 1 x 23 kg
Vietnam Airlines,2.686.311 VND/khách,07:45,25 thg 4,09:45,25 thg 4,2h 0m,"TP HCM (SGN)
Sân bay Tân Sơn Nhất
Nhà ga 1","Hải Phòng (HPH)
Sân bay quốc tế Cát Bi",17-04-2025,Hành lý xách tay 1 x 12 kg,Hành lý 1 x 23 kg
Vietnam Airlines,3.430.566 VND/khách,17:55,25 thg 4,19:55,25 thg 4,2h 0m,"TP HCM (SGN)
Sân bay Tân Sơn Nhất
Nhà ga 1","Hải Phòng (HPH)
Sân bay quốc tế Cát Bi",17-04-2025,Hành lý xách tay 1 x 12 kg,Hành lý 1 x 23 kg
VietJet Air,2.654.716 VND/khách,05:00,25 thg 4,06:20,25 thg 4,1h 20m,"TP HCM (SGN)
Sân bay Tân Sơn Nhất
Nhà ga 1","Đà Nẵng (DAD)
Sân bay Đà Nẵng",17-04-2025,Hành lý xách tay 7 kg,Hành lý 0 kg
VietJet Air,2.737.735 VND/khách,06:50,25 thg 4,08:10,25 thg 4,1h 20m,"TP HCM (SGN)
Sân bay Tân Sơn Nhất
Nhà ga 1","Đà Nẵng (DAD)
Sân bay Đà Nẵng",17-04-2025,Hành lý xách tay 7 kg,Hành lý 0 kg
"Vietnam Airlines, VietJet Air",2.880.448 VND/khách,05:45,25 thg 4,06:40,25 thg 4,55m,"TP HCM (SGN)
Sân bay Tân Sơn Nhất
Nhà ga 1","Đà Lạt (DLI)
Sân bay Liên Khương",17-04-2025,Hành lý xách tay 1 x 12 kg,Hành lý 23 kg
VietJet Air,3.073.323 VND/khách,12:40,25 thg 4,13:40,25 thg 4,1h 0m,"TP HCM (SGN)
Sân bay Tân Sơn Nhất
Nhà ga 1","Nha Trang (CXR)
Sân bay Cam Ranh",17-04-2025,Hành lý xách tay 7 kg,Hành lý 0 kg
"Vietnam Airlines, VietJet Air",3.167.778 VND/khách,06:50,25 thg 4,08:05,25 thg 4,1h 15m,"TP HCM (SGN)
Sân bay Tân Sơn Nhất
Nhà ga 1","Nha Trang (CXR)
Sân bay Cam Ranh",17-04-2025,Hành lý xách tay 1 x 12 kg,Hành lý 1 x 23 kg
VietJet Air,1.722.683 VND/khách,21:10,26 thg 4,23:05,26 thg 4,1h 55m,"TP HCM (SGN)
Sân bay Tân Sơn Nhất
Nhà ga 1","Hải Phòng (HPH)
Sân bay quốc tế Cát Bi",17-04-2025,Hành lý xách tay 7 kg,Hành lý 0 kg
VietJet Air,1.722.683 VND/khách,20:10,26 thg 4,22:10,26 thg 4,2h 0m,"TP HCM (SGN)
Sân bay Tân Sơn Nhất
Nhà ga 1","Hải Phòng (HPH)
Sân bay quốc tế Cát Bi",17-04-2025,Hành lý xách tay 7 kg,Hành lý 0 kg
VietJet Air,1.839.390 VND/khách,04:30,26 thg 4,06:30,26 thg 4,2h 0m,"TP HCM (SGN)
Sân bay Tân Sơn Nhất
Nhà ga 1","Hải Phòng (HPH)
Sân bay quốc tế Cát Bi",17-04-2025,Hành lý xách tay 7 kg,Hành lý 0 kg
VietJet Air,1.839.390 VND/khách,16:10,26 thg 4,18:10,26 thg 4,2h 0m,"TP HCM (SGN)
Sân bay Tân Sơn Nhất
Nhà ga 1","Hải Phòng (HPH)
Sân bay quốc tế Cát Bi",17-04-2025,Hành lý xách tay 7 kg,Hành lý 0 kg
VietJet Air,1.839.390 VND/khách,19:15,26 thg 4,21:15,26 thg 4,2h 0m,"TP HCM (SGN)
Sân bay Tân Sơn Nhất
Nhà ga 1","Hải Phòng (HPH)
Sân bay quốc tế Cát Bi",17-04-2025,Hành lý xách tay 7 kg,Hành lý 0 kg
Vietnam Airlines,1.990.008 VND/khách,17:55,26 thg 4,19:55,26 thg 4,2h 0m,"TP HCM (SGN)
Sân bay Tân Sơn Nhất
Nhà ga 1","Hải Phòng (HPH)
Sân bay quốc tế Cát Bi",17-04-2025,Hành lý xách tay 1 x 12 kg,Hành lý 1 x 23 kg
Vietnam Airlines,1.990.008 VND/khách,20:30,26 thg 4,22:30,26 thg 4,2h 0m,"TP HCM (SGN)
Sân bay Tân Sơn Nhất
Nhà ga 1","Hải Phòng (HPH)
Sân bay quốc tế Cát Bi",17-04-2025,Hành lý xách tay 1 x 12 kg,Hành lý 1 x 23 kg
Vietnam Airlines,2.011.986 VND/khách,13:20,26 thg 4,15:25,26 thg 4,2h 5m,"TP HCM (SGN)
Sân bay Tân Sơn Nhất
Nhà ga 1","Hải Phòng (HPH)
Sân bay quốc tế Cát Bi",17-04-2025,Hành lý xách tay 1 x 12 kg,Hành lý 1 x 23 kg
VietJet Air,2.014.950 VND/khách,06:15,26 thg 4,08:15,26 thg 4,2h 0m,"TP HCM (SGN)
Sân bay Tân Sơn Nhất
Nhà ga 1","Hải Phòng (HPH)
Sân bay quốc tế Cát Bi",17-04-2025,Hành lý xách tay 7 kg,Hành lý 0 kg
VietJet Air,2.014.950 VND/khách,09:15,26 thg 4,11:15,26 thg 4,2h 0m,"TP HCM (SGN)
Sân bay Tân Sơn Nhất
Nhà ga 1","Hải Phòng (HPH)
Sân bay quốc tế Cát Bi",17-04-2025,Hành lý xách tay 7 kg,Hành lý 0 kg
VietJet Air,2.014.950 VND/khách,14:05,26 thg 4,16:05,26 thg 4,2h 0m,"TP HCM (SGN)
Sân bay Tân Sơn Nhất
Nhà ga 1","Hải Phòng (HPH)
Sân bay quốc tế Cát Bi",17-04-2025,Hành lý xách tay 7 kg,Hành lý 0 kg
Vietnam Airlines,2.255.742 VND/khách,07:45,26 thg 4,09:45,26 thg 4,2h 0m,"TP HCM (SGN)
Sân bay Tân Sơn Nhất
Nhà ga 1","Hải Phòng (HPH)
Sân bay quốc tế Cát Bi",17-04-2025,Hành lý xách tay 1 x 12 kg,Hành lý 1 x 23 kg
"Bamboo Airways, VietJet Air",2.696.641 VND/khách,06:30,26 thg 4,07:55,26 thg 4,1h 25m,"TP HCM (SGN)
Sân bay Tân Sơn Nhất","Đà Nẵng (DAD)
Sân bay Đà Nẵng",17-04-2025,Hành lý xách tay 7 kg,Hành lý 0 kg
VietJet Air,2.704.591 VND/khách,05:30,26 thg 4,06:50,26 thg 4,1h 20m,"TP HCM (SGN)
Sân bay Tân Sơn Nhất
Nhà ga 1","Đà Nẵng (DAD)
Sân bay Đà Nẵng",17-04-2025,Hành lý xách tay 7 kg,Hành lý 0 kg
VietJet Air,2.704.591 VND/khách,05:00,26 thg 4,06:20,26 thg 4,1h 20m,"TP HCM (SGN)
Sân bay Tân Sơn Nhất
Nhà ga 1","Đà Nẵng (DAD)
Sân bay Đà Nẵng",17-04-2025,Hành lý xách tay 7 kg,Hành lý 0 kg
VietJet Air,2.787.610 VND/khách,06:50,26 thg 4,08:10,26 thg 4,1h 20m,"TP HCM (SGN)
Sân bay Tân Sơn Nhất
Nhà ga 1","Đà Nẵng (DAD)
Sân bay Đà Nẵng",17-04-2025,Hành lý xách tay 7 kg,Hành lý 0 kg
"Vietnam Airlines, VietJet Air",2.966.418 VND/khách,06:55,26 thg 4,08:25,26 thg 4,1h 30m,"TP HCM (SGN)
Sân bay Tân Sơn Nhất
Nhà ga 1","Đà Nẵng (DAD)
Sân bay Đà Nẵng",17-04-2025,Hành lý xách tay 1 x 12 kg,Hành lý 23 kg
VietJet Air,1.724.678 VND/khách,19:15,27 thg 4,21:15,27 thg 4,2h 0m,"TP HCM (SGN)
Sân bay Tân Sơn Nhất
Nhà ga 1","Hải Phòng (HPH)
Sân bay quốc tế Cát Bi",17-04-2025,Hành lý xách tay 7 kg,Hành lý 0 kg
VietJet Air,1.724.678 VND/khách,20:10,27 thg 4,22:10,27 thg 4,2h 0m,"TP HCM (SGN)
Sân bay Tân Sơn Nhất
Nhà ga 1","Hải Phòng (HPH)
Sân bay quốc tế Cát Bi",17-04-2025,Hành lý xách tay 7 kg,Hành lý 0 kg
Bamboo Airways,1.806.199 VND/khách,20:05,27 thg 4,22:10,27 thg 4,2h 5m,"TP HCM (SGN)
Sân bay Tân Sơn Nhất","Hải Phòng (HPH)
Sân bay quốc tế Cát Bi",17-04-2025,Hành lý xách tay 7 kg,Hành lý 0 kg
VietJet Air,1.841.385 VND/khách,21:10,27 thg 4,23:05,27 thg 4,1h 55m,"TP HCM (SGN)
Sân bay Tân Sơn Nhất
Nhà ga 1","Hải Phòng (HPH)
Sân bay quốc tế Cát Bi",17-04-2025,Hành lý xách tay 7 kg,Hành lý 0 kg
VietJet Air,1.841.385 VND/khách,04:30,27 thg 4,06:30,27 thg 4,2h 0m,"TP HCM (SGN)
Sân bay Tân Sơn Nhất
Nhà ga 1","Hải Phòng (HPH)
Sân bay quốc tế Cát Bi",17-04-2025,Hành lý xách tay 7 kg,Hành lý 0 kg
VietJet Air,1.841.385 VND/khách,06:15,27 thg 4,08:15,27 thg 4,2h 0m,"TP HCM (SGN)
Sân bay Tân Sơn Nhất
Nhà ga 1","Hải Phòng (HPH)
Sân bay quốc tế Cát Bi",17-04-2025,Hành lý xách tay 7 kg,Hành lý 0 kg
VietJet Air,1.841.385 VND/khách,16:10,27 thg 4,18:10,27 thg 4,2h 0m,"TP HCM (SGN)
Sân bay Tân Sơn Nhất
Nhà ga 1","Hải Phòng (HPH)
Sân bay quốc tế Cát Bi",17-04-2025,Hành lý xách tay 7 kg,Hành lý 0 kg
Vietnam Airlines,2.001.996 VND/khách,07:45,27 thg 4,09:45,27 thg 4,2h 0m,"TP HCM (SGN)
Sân bay Tân Sơn Nhất
Nhà ga 1","Hải Phòng (HPH)
Sân bay quốc tế Cát Bi",17-04-2025,Hành lý xách tay 1 x 12 kg,Hành lý 1 x 23 kg
Vietnam Airlines,2.001.996 VND/khách,17:55,27 thg 4,19:55,27 thg 4,2h 0m,"TP HCM (SGN)
Sân bay Tân Sơn Nhất
Nhà ga 1","Hải Phòng (HPH)
Sân bay quốc tế Cát Bi",17-04-2025,Hành lý xách tay 1 x 12 kg,Hành lý 1 x 23 kg
Vietnam Airlines,2.001.996 VND/khách,21:10,27 thg 4,23:10,27 thg 4,2h 0m,"TP HCM (SGN)
Sân bay Tân Sơn Nhất
Nhà ga 1","Hải Phòng (HPH)
Sân bay quốc tế Cát Bi",17-04-2025,Hành lý xách tay 1 x 12 kg,Hành lý 1 x 23 kg
Vietnam Airlines,2.001.996 VND/khách,13:20,27 thg 4,15:25,27 thg 4,2h 5m,"TP HCM (SGN)
Sân bay Tân Sơn Nhất
Nhà ga 1","Hải Phòng (HPH)
Sân bay quốc tế Cát Bi",17-04-2025,Hành lý xách tay 1 x 12 kg,Hành lý 1 x 23 kg
VietJet Air,2.350.110 VND/khách,11:35,27 thg 4,13:35,27 thg 4,2h 0m,"TP HCM (SGN)
Sân bay Tân Sơn Nhất
Nhà ga 1","Hải Phòng (HPH)
Sân bay quốc tế Cát Bi",17-04-2025,Hành lý xách tay 7 kg,Hành lý 0 kg
"Vietnam Airlines, VietJet Air",2.791.023 VND/khách,08:55,27 thg 4,09:50,27 thg 4,55m,"TP HCM (SGN)
Sân bay Tân Sơn Nhất
Nhà ga 1","Đà Lạt (DLI)
Sân bay Liên Khương",17-04-2025,Hành lý xách tay 1 x 12 kg,Hành lý 23 kg
"Vietnam Airlines, VietJet Air",2.791.023 VND/khách,05:45,27 thg 4,06:40,27 thg 4,55m,"TP HCM (SGN)
Sân bay Tân Sơn Nhất
Nhà ga 1","Đà Lạt (DLI)
Sân bay Liên Khương",17-04-2025,Hành lý xách tay 1 x 12 kg,Hành lý 23 kg
"Vietnam Airlines, VietJet Air",3.100.824 VND/khách,05:45,27 thg 4,07:10,27 thg 4,1h 25m,"TP HCM (SGN)
Sân bay Tân Sơn Nhất
Nhà ga 1","Đà Nẵng (DAD)
Sân bay Đà Nẵng",17-04-2025,Hành lý xách tay 1 x 12 kg,Hành lý 23 kg
VietJet Air,1.722.683 VND/khách,21:10,28 thg 4,23:05,28 thg 4,1h 55m,"TP HCM (SGN)
Sân bay Tân Sơn Nhất
Nhà ga 1","Hải Phòng (HPH)
Sân bay quốc tế Cát Bi",17-04-2025,Hành lý xách tay 7 kg,Hành lý 0 kg
VietJet Air,1.722.683 VND/khách,20:10,28 thg 4,22:10,28 thg 4,2h 0m,"TP HCM (SGN)
Sân bay Tân Sơn Nhất
Nhà ga 1","Hải Phòng (HPH)
Sân bay quốc tế Cát Bi",17-04-2025,Hành lý xách tay 7 kg,Hành lý 0 kg
Bamboo Airways,1.806.199 VND/khách,20:05,28 thg 4,22:10,28 thg 4,2h 5m,"TP HCM (SGN)
Sân bay Tân Sơn Nhất","Hải Phòng (HPH)
Sân bay quốc tế Cát Bi",17-04-2025,Hành lý xách tay 7 kg,Hành lý 0 kg
VietJet Air,1.839.390 VND/khách,04:30,28 thg 4,06:30,28 thg 4,2h 0m,"TP HCM (SGN)
Sân bay Tân Sơn Nhất
Nhà ga 1","Hải Phòng (HPH)
Sân bay quốc tế Cát Bi",17-04-2025,Hành lý xách tay 7 kg,Hành lý 0 kg
VietJet Air,1.839.390 VND/khách,06:15,28 thg 4,08:15,28 thg 4,2h 0m,"TP HCM (SGN)
Sân bay Tân Sơn Nhất
Nhà ga 1","Hải Phòng (HPH)
Sân bay quốc tế Cát Bi",17-04-2025,Hành lý xách tay 7 kg,Hành lý 0 kg
VietJet Air,1.839.390 VND/khách,09:15,28 thg 4,11:15,28 thg 4,2h 0m,"TP HCM (SGN)
Sân bay Tân Sơn Nhất
Nhà ga 1","Hải Phòng (HPH)
Sân bay quốc tế Cát Bi",17-04-2025,Hành lý xách tay 7 kg,Hành lý 0 kg
VietJet Air,1.839.390 VND/khách,16:10,28 thg 4,18:10,28 thg 4,2h 0m,"TP HCM (SGN)
Sân bay Tân Sơn Nhất
Nhà ga 1","Hải Phòng (HPH)
Sân bay quốc tế Cát Bi",17-04-2025,Hành lý xách tay 7 kg,Hành lý 0 kg
VietJet Air,1.839.390 VND/khách,19:15,28 thg 4,21:15,28 thg 4,2h 0m,"TP HCM (SGN)
Sân bay Tân Sơn Nhất
Nhà ga 1","Hải Phòng (HPH)
Sân bay quốc tế Cát Bi",17-04-2025,Hành lý xách tay 7 kg,Hành lý 0 kg
Vietnam Airlines,2.030.967 VND/khách,07:45,28 thg 4,09:45,28 thg 4,2h 0m,"TP HCM (SGN)
Sân bay Tân Sơn Nhất
Nhà ga 1","Hải Phòng (HPH)
Sân bay quốc tế Cát Bi",17-04-2025,Hành lý xách tay 1 x 12 kg,Hành lý 1 x 23 kg
Vietnam Airlines,2.030.967 VND/khách,17:55,28 thg 4,19:55,28 thg 4,2h 0m,"TP HCM (SGN)
Sân bay Tân Sơn Nhất
Nhà ga 1","Hải Phòng (HPH)
Sân bay quốc tế Cát Bi",17-04-2025,Hành lý xách tay 1 x 12 kg,Hành lý 1 x 23 kg
Vietnam Airlines,2.030.967 VND/khách,20:30,28 thg 4,22:30,28 thg 4,2h 0m,"TP HCM (SGN)
Sân bay Tân Sơn Nhất
Nhà ga 1","Hải Phòng (HPH)
Sân bay quốc tế Cát Bi",17-04-2025,Hành lý xách tay 1 x 12 kg,Hành lý 1 x 23 kg
Vietnam Airlines,2.226.771 VND/khách,13:20,28 thg 4,15:25,28 thg 4,2h 5m,"TP HCM (SGN)
Sân bay Tân Sơn Nhất
Nhà ga 1","Hải Phòng (HPH)
Sân bay quốc tế Cát Bi",17-04-2025,Hành lý xách tay 1 x 12 kg,Hành lý 1 x 23 kg
"Vietnam Airlines, VietJet Air",2.610.204 VND/khách,05:45,28 thg 4,06:40,28 thg 4,55m,"TP HCM (SGN)
Sân bay Tân Sơn Nhất
Nhà ga 1","Đà Lạt (DLI)
Sân bay Liên Khương",17-04-2025,Hành lý xách tay 1 x 12 kg,Hành lý 0 kg
"Vietnam Airlines, VietJet Air",2.791.023 VND/khách,08:55,28 thg 4,09:50,28 thg 4,55m,"TP HCM (SGN)
Sân bay Tân Sơn Nhất
Nhà ga 1","Đà Lạt (DLI)
Sân bay Liên Khương",17-04-2025,Hành lý xách tay 1 x 12 kg,Hành lý 23 kg
VietJet Air,3.326.754 VND/khách,05:00,28 thg 4,06:20,28 thg 4,1h 20m,"TP HCM (SGN)
Sân bay Tân Sơn Nhất
Nhà ga 1","Đà Nẵng (DAD)
Sân bay Đà Nẵng",17-04-2025,Hành lý xách tay 7 kg,Hành lý 0 kg
"Bamboo Airways, VietJet Air",3.439.146 VND/khách,09:05,28 thg 4,10:30,28 thg 4,1h 25m,"TP HCM (SGN)
Sân bay Tân Sơn Nhất","Đà Nẵng (DAD)
Sân bay Đà Nẵng",17-04-2025,Hành lý xách tay 7 kg,Hành lý 0 kg
VietJet Air,3.473.815 VND/khách,06:50,28 thg 4,08:10,28 thg 4,1h 20m,"TP HCM (SGN)
Sân bay Tân Sơn Nhất
Nhà ga 1","Đà Nẵng (DAD)
Sân bay Đà Nẵng",17-04-2025,Hành lý xách tay 7 kg,Hành lý 0 kg
VietJet Air,2.192.505 VND/khách,04:30,29 thg 4,06:30,29 thg 4,2h 0m,"TP HCM (SGN)
Sân bay Tân Sơn Nhất
Nhà ga 1","Hải Phòng (HPH)
Sân bay quốc tế Cát Bi",17-04-2025,Hành lý xách tay 7 kg,Hành lý 0 kg
Vietnam Airlines,2.001.996 VND/khách,07:45,29 thg 4,09:45,29 thg 4,2h 0m,"TP HCM (SGN)
Sân bay Tân Sơn Nhất
Nhà ga 1","Hải Phòng (HPH)
Sân bay quốc tế Cát Bi",17-04-2025,Hành lý xách tay 1 x 12 kg,Hành lý 1 x 23 kg
VietJet Air,2.192.505 VND/khách,06:15,29 thg 4,08:15,29 thg 4,2h 0m,"TP HCM (SGN)
Sân bay Tân Sơn Nhất
Nhà ga 1","Hải Phòng (HPH)
Sân bay quốc tế Cát Bi",17-04-2025,Hành lý xách tay 7 kg,Hành lý 0 kg
Vietnam Airlines,2.257.740 VND/khách,13:20,29 thg 4,15:25,29 thg 4,2h 5m,"TP HCM (SGN)
Sân bay Tân Sơn Nhất
Nhà ga 1","Hải Phòng (HPH)
Sân bay quốc tế Cát Bi",17-04-2025,Hành lý xách tay 1 x 12 kg,Hành lý 1 x 23 kg
VietJet Air,2.367.068 VND/khách,16:10,29 thg 4,18:10,29 thg 4,2h 0m,"TP HCM (SGN)
Sân bay Tân Sơn Nhất
Nhà ga 1","Hải Phòng (HPH)
Sân bay quốc tế Cát Bi",17-04-2025,Hành lý xách tay 7 kg,Hành lý 0 kg
Vietnam Airlines,2.472.525 VND/khách,17:55,29 thg 4,19:55,29 thg 4,2h 0m,"TP HCM (SGN)
Sân bay Tân Sơn Nhất
Nhà ga 1","Hải Phòng (HPH)
Sân bay quốc tế Cát Bi",17-04-2025,Hành lý xách tay 1 x 12 kg,Hành lý 1 x 23 kg
Vietnam Airlines,2.691.306 VND/khách,20:30,29 thg 4,22:30,29 thg 4,2h 0m,"TP HCM (SGN)
Sân bay Tân Sơn Nhất
Nhà ga 1","Hải Phòng (HPH)
Sân bay quốc tế Cát Bi",17-04-2025,Hành lý xách tay 1 x 12 kg,Hành lý 1 x 23 kg
VietJet Air,2.802.975 VND/khách,21:10,29 thg 4,23:05,29 thg 4,1h 55m,"TP HCM (SGN)
Sân bay Tân Sơn Nhất
Nhà ga 1","Hải Phòng (HPH)
Sân bay quốc tế Cát Bi",17-04-2025,Hành lý xách tay 7 kg,Hành lý 0 kg
VietJet Air,2.802.975 VND/khách,14:05,29 thg 4,16:05,29 thg 4,2h 0m,"TP HCM (SGN)
Sân bay Tân Sơn Nhất
Nhà ga 1","Hải Phòng (HPH)
Sân bay quốc tế Cát Bi",17-04-2025,Hành lý xách tay 7 kg,Hành lý 0 kg
VietJet Air,2.802.975 VND/khách,19:15,29 thg 4,21:15,29 thg 4,2h 0m,"TP HCM (SGN)
Sân bay Tân Sơn Nhất
Nhà ga 1","Hải Phòng (HPH)
Sân bay quốc tế Cát Bi",17-04-2025,Hành lý xách tay 7 kg,Hành lý 0 kg
VietJet Air,3.120.180 VND/khách,09:15,29 thg 4,11:15,29 thg 4,2h 0m,"TP HCM (SGN)
Sân bay Tân Sơn Nhất
Nhà ga 1","Hải Phòng (HPH)
Sân bay quốc tế Cát Bi",17-04-2025,Hành lý xách tay 7 kg,Hành lý 0 kg
VietJet Air,3.408.458 VND/khách,20:10,29 thg 4,22:10,29 thg 4,2h 0m,"TP HCM (SGN)
Sân bay Tân Sơn Nhất
Nhà ga 1","Hải Phòng (HPH)
Sân bay quốc tế Cát Bi",17-04-2025,Hành lý xách tay 7 kg,Hành lý 0 kg
VietJet Air,2.986.112 VND/khách,05:00,29 thg 4,06:20,29 thg 4,1h 20m,"TP HCM (SGN)
Sân bay Tân Sơn Nhất
Nhà ga 1","Đà Nẵng (DAD)
Sân bay Đà Nẵng",17-04-2025,Hành lý xách tay 7 kg,Hành lý 0 kg
VietJet Air,3.163.023 VND/khách,06:50,29 thg 4,08:10,29 thg 4,1h 20m,"TP HCM (SGN)
Sân bay Tân Sơn Nhất
Nhà ga 1","Đà Nẵng (DAD)
Sân bay Đà Nẵng",17-04-2025,Hành lý xách tay 7 kg,Hành lý 0 kg
VietJet Air,3.163.023 VND/khách,05:30,29 thg 4,06:50,29 thg 4,1h 20m,"TP HCM (SGN)
Sân bay Tân Sơn Nhất
Nhà ga 1","Đà Nẵng (DAD)
Sân bay Đà Nẵng",17-04-2025,Hành lý xách tay 7 kg,Hành lý 0 kg
"VietJet Air, Vietnam Airlines",3.438.563 VND/khách,05:00,29 thg 4,06:20,29 thg 4,1h 20m,"TP HCM (SGN)
Sân bay Tân Sơn Nhất
Nhà ga 1","Đà Nẵng (DAD)
Sân bay Đà Nẵng",17-04-2025,Hành lý xách tay 7 kg,Hành lý 0 kg
"Vietnam Airlines, VietJet Air",3.815.269 VND/khách,06:55,29 thg 4,08:25,29 thg 4,1h 30m,"TP HCM (SGN)
Sân bay Tân Sơn Nhất
Nhà ga 1","Đà Nẵng (DAD)
Sân bay Đà Nẵng",17-04-2025,Hành lý xách tay 1 x 12 kg,Hành lý 23 kg
VietJet Air,1.722.683 VND/khách,21:10,30 thg 4,23:05,30 thg 4,1h 55m,"TP HCM (SGN)
Sân bay Tân Sơn Nhất
Nhà ga 1","Hải Phòng (HPH)
Sân bay quốc tế Cát Bi",17-04-2025,Hành lý xách tay 7 kg,Hành lý 0 kg
VietJet Air,1.839.390 VND/khách,19:15,30 thg 4,21:15,30 thg 4,2h 0m,"TP HCM (SGN)
Sân bay Tân Sơn Nhất
Nhà ga 1","Hải Phòng (HPH)
Sân bay quốc tế Cát Bi",17-04-2025,Hành lý xách tay 7 kg,Hành lý 0 kg
VietJet Air,1.839.390 VND/khách,20:10,30 thg 4,22:10,30 thg 4,2h 0m,"TP HCM (SGN)
Sân bay Tân Sơn Nhất
Nhà ga 1","Hải Phòng (HPH)
Sân bay quốc tế Cát Bi",17-04-2025,Hành lý xách tay 7 kg,Hành lý 0 kg
Vietnam Airlines,2.030.967 VND/khách,17:55,30 thg 4,19:55,30 thg 4,2h 0m,"TP HCM (SGN)
Sân bay Tân Sơn Nhất
Nhà ga 1","Hải Phòng (HPH)
Sân bay quốc tế Cát Bi",17-04-2025,Hành lý xách tay 1 x 12 kg,Hành lý 1 x 23 kg
Vietnam Airlines,2.030.967 VND/khách,20:30,30 thg 4,22:30,30 thg 4,2h 0m,"TP HCM (SGN)
Sân bay Tân Sơn Nhất
Nhà ga 1","Hải Phòng (HPH)
Sân bay quốc tế Cát Bi",17-04-2025,Hành lý xách tay 1 x 12 kg,Hành lý 1 x 23 kg
Vietnam Airlines,2.030.967 VND/khách,13:20,30 thg 4,15:25,30 thg 4,2h 5m,"TP HCM (SGN)
Sân bay Tân Sơn Nhất
Nhà ga 1","Hải Phòng (HPH)
Sân bay quốc tế Cát Bi",17-04-2025,Hành lý xách tay 1 x 12 kg,Hành lý 1 x 23 kg
VietJet Air,2.190.510 VND/khách,16:10,30 thg 4,18:10,30 thg 4,2h 0m,"TP HCM (SGN)
Sân bay Tân Sơn Nhất
Nhà ga 1","Hải Phòng (HPH)
Sân bay quốc tế Cát Bi",17-04-2025,Hành lý xách tay 7 kg,Hành lý 0 kg
VietJet Air,2.365.073 VND/khách,04:30,30 thg 4,06:30,30 thg 4,2h 0m,"TP HCM (SGN)
Sân bay Tân Sơn Nhất
Nhà ga 1","Hải Phòng (HPH)
Sân bay quốc tế Cát Bi",17-04-2025,Hành lý xách tay 7 kg,Hành lý 0 kg
VietJet Air,2.365.073 VND/khách,06:15,30 thg 4,08:15,30 thg 4,2h 0m,"TP HCM (SGN)
Sân bay Tân Sơn Nhất
Nhà ga 1","Hải Phòng (HPH)
Sân bay quốc tế Cát Bi",17-04-2025,Hành lý xách tay 7 kg,Hành lý 0 kg
VietJet Air,2.567.565 VND/khách,11:35,30 thg 4,13:35,30 thg 4,2h 0m,"TP HCM (SGN)
Sân bay Tân Sơn Nhất
Nhà ga 1","Hải Phòng (HPH)
Sân bay quốc tế Cát Bi",17-04-2025,Hành lý xách tay 7 kg,Hành lý 0 kg
