brand,price,start_time,start_day,end_day,end_time,trip_time,take_place,destination,crawl_date,checked_baggage,hand_luggage
Bamboo Airways,1.740.927 VND/khách,16:45,01 thg 5,01 thg 5,17:40,55m,"TP HCM (SGN)
Sân bay Tân Sơn Nhất","Đà Lạt (DLI)
Sân bay Liên Khương",11-04-2025,,
VietJet Air,1.704.435 VND/khách,09:55,01 thg 5,01 thg 5,10:50,55m,"TP HCM (SGN)
Sân bay Tân Sơn Nhất
Nhà ga 1","Đà Lạt (DLI)
Sân bay Liên Khương",11-04-2025,,
VietJet Air,1.704.435 VND/khách,15:35,01 thg 5,01 thg 5,16:30,55m,"TP HCM (SGN)
Sân bay Tân Sơn Nhất
Nhà ga 1","Đà Lạt (DLI)
Sân bay Liên Khương",11-04-2025,,
Vietnam Airlines,1.932.066 VND/khách,21:10,01 thg 5,01 thg 5,22:10,1h 0m,"TP HCM (SGN)
Sân bay Tân Sơn Nhất
Nhà ga 1","Đà Lạt (DLI)
Sân bay Liên Khương",11-04-2025,,
Vietnam Airlines,1.939.059 VND/khách,05:45,01 thg 5,01 thg 5,06:40,55m,"TP HCM (SGN)
Sân bay Tân Sơn Nhất
Nhà ga 1","Đà Lạt (DLI)
Sân bay Liên Khương",11-04-2025,,
Vietnam Airlines,1.994.004 VND/khách,10:15,01 thg 5,01 thg 5,11:10,55m,"TP HCM (SGN)
Sân bay Tân Sơn Nhất
Nhà ga 1","Đà Lạt (DLI)
Sân bay Liên Khương",11-04-2025,,
Bamboo Airways,1.749.675 VND/khách,16:45,01 thg 5,01 thg 5,17:40,55m,"TP HCM (SGN)
Sân bay Tân Sơn Nhất","Đà Lạt (DLI)
Sân bay Liên Khương",12-04-2025,Hành lý 20 kg,Hành lý xách tay 7 kg
VietJet Air,1.716.000 VND/khách,09:55,01 thg 5,01 thg 5,10:50,55m,"TP HCM (SGN)
Sân bay Tân Sơn Nhất
Nhà ga 1","Đà Lạt (DLI)
Sân bay Liên Khương",12-04-2025,Hành lý 0 kg,Hành lý xách tay 7 kg
VietJet Air,1.716.000 VND/khách,15:35,01 thg 5,01 thg 5,16:30,55m,"TP HCM (SGN)
Sân bay Tân Sơn Nhất
Nhà ga 1","Đà Lạt (DLI)
Sân bay Liên Khương",12-04-2025,Hành lý 0 kg,Hành lý xách tay 7 kg
Vietnam Airlines,1.936.062 VND/khách,21:10,01 thg 5,01 thg 5,22:10,1h 0m,"TP HCM (SGN)
Sân bay Tân Sơn Nhất
Nhà ga 1","Đà Lạt (DLI)
Sân bay Liên Khương",12-04-2025,Hành lý 23 kg,Hành lý xách tay 1 x 12 kg
Vietnam Airlines,1.943.055 VND/khách,05:45,01 thg 5,01 thg 5,06:40,55m,"TP HCM (SGN)
Sân bay Tân Sơn Nhất
Nhà ga 1","Đà Lạt (DLI)
Sân bay Liên Khương",12-04-2025,Hành lý 23 kg,Hành lý xách tay 1 x 12 kg
Vietnam Airlines,1.998.999 VND/khách,10:15,01 thg 5,01 thg 5,11:10,55m,"TP HCM (SGN)
Sân bay Tân Sơn Nhất
Nhà ga 1","Đà Lạt (DLI)
Sân bay Liên Khương",12-04-2025,Hành lý 23 kg,Hành lý xách tay 1 x 12 kg
Bamboo Airways,1.749.675 VND/khách,16:45,01 thg 5,01 thg 5,17:40,55m,"TP HCM (SGN)
Sân bay Tân Sơn Nhất","Đà Lạt (DLI)
Sân bay Liên Khương",13-04-2025,Hành lý 20 kg,Hành lý xách tay 7 kg
VietJet Air,1.709.410 VND/khách,09:55,01 thg 5,01 thg 5,10:50,55m,"TP HCM (SGN)
Sân bay Tân Sơn Nhất
Nhà ga 1","Đà Lạt (DLI)
Sân bay Liên Khương",13-04-2025,Hành lý 0 kg,Hành lý xách tay 7 kg
VietJet Air,1.709.410 VND/khách,15:35,01 thg 5,01 thg 5,16:30,55m,"TP HCM (SGN)
Sân bay Tân Sơn Nhất
Nhà ga 1","Đà Lạt (DLI)
Sân bay Liên Khương",13-04-2025,Hành lý 0 kg,Hành lý xách tay 7 kg
Vietnam Airlines,1.937.061 VND/khách,21:10,01 thg 5,01 thg 5,22:10,1h 0m,"TP HCM (SGN)
Sân bay Tân Sơn Nhất
Nhà ga 1","Đà Lạt (DLI)
Sân bay Liên Khương",13-04-2025,Hành lý 23 kg,Hành lý xách tay 1 x 12 kg
Vietnam Airlines,1.945.053 VND/khách,05:45,01 thg 5,01 thg 5,06:40,55m,"TP HCM (SGN)
Sân bay Tân Sơn Nhất
Nhà ga 1","Đà Lạt (DLI)
Sân bay Liên Khương",13-04-2025,Hành lý 23 kg,Hành lý xách tay 1 x 12 kg
Vietnam Airlines,1.934.064 VND/khách,21:10,01 thg 5,01 thg 5,22:10,1h 0m,"TP HCM (SGN)
Sân bay Tân Sơn Nhất
Nhà ga 1","Đà Lạt (DLI)
Sân bay Liên Khương",14-04-2025,Hành lý 23 kg,Hành lý xách tay 1 x 12 kg
VietJet Air,1.688.768 VND/khách,09:55,01 thg 5,01 thg 5,10:50,55m,"TP HCM (SGN)
Sân bay Tân Sơn Nhất
Nhà ga 1","Đà Lạt (DLI)
Sân bay Liên Khương",14-04-2025,Hành lý 0 kg,Hành lý xách tay 7 kg
VietJet Air,1.688.768 VND/khách,15:35,01 thg 5,01 thg 5,16:30,55m,"TP HCM (SGN)
Sân bay Tân Sơn Nhất
Nhà ga 1","Đà Lạt (DLI)
Sân bay Liên Khương",14-04-2025,Hành lý 0 kg,Hành lý xách tay 7 kg
Bamboo Airways,1.749.675 VND/khách,16:45,01 thg 5,01 thg 5,17:40,55m,"TP HCM (SGN)
Sân bay Tân Sơn Nhất","Đà Lạt (DLI)
Sân bay Liên Khương",14-04-2025,Hành lý 20 kg,Hành lý xách tay 7 kg
Vietnam Airlines,1.941.057 VND/khách,05:45,01 thg 5,01 thg 5,06:40,55m,"TP HCM (SGN)
Sân bay Tân Sơn Nhất
Nhà ga 1","Đà Lạt (DLI)
Sân bay Liên Khương",14-04-2025,Hành lý 23 kg,Hành lý xách tay 1 x 12 kg
Vietnam Airlines,1.941.057 VND/khách,21:10,01 thg 5,01 thg 5,22:10,1h 0m,"TP HCM (SGN)
Sân bay Tân Sơn Nhất
Nhà ga 1","Đà Lạt (DLI)
Sân bay Liên Khương",15-04-2025,,
VietJet Air,1.693.755 VND/khách,09:55,01 thg 5,01 thg 5,10:50,55m,"TP HCM (SGN)
Sân bay Tân Sơn Nhất
Nhà ga 1","Đà Lạt (DLI)
Sân bay Liên Khương",15-04-2025,,
VietJet Air,1.693.755 VND/khách,15:35,01 thg 5,01 thg 5,16:30,55m,"TP HCM (SGN)
Sân bay Tân Sơn Nhất
Nhà ga 1","Đà Lạt (DLI)
Sân bay Liên Khương",15-04-2025,,
Bamboo Airways,1.749.675 VND/khách,16:45,01 thg 5,01 thg 5,17:40,55m,"TP HCM (SGN)
Sân bay Tân Sơn Nhất","Đà Lạt (DLI)
Sân bay Liên Khương",15-04-2025,,
Vietnam Airlines,1.945.053 VND/khách,05:45,01 thg 5,01 thg 5,06:40,55m,"TP HCM (SGN)
Sân bay Tân Sơn Nhất
Nhà ga 1","Đà Lạt (DLI)
Sân bay Liên Khương",15-04-2025,,
Vietnam Airlines,1.935.150 VND/khách,05:45,01 thg 5,01 thg 5,06:40,55m,"TP HCM (SGN)
Sân bay Tân Sơn Nhất
Nhà ga 1","Đà Lạt (DLI)
Sân bay Liên Khương",16-04-2025,Hành lý 23 kg,Hành lý xách tay 1 x 12 kg
VietJet Air,1.740.176 VND/khách,09:55,01 thg 5,01 thg 5,10:50,55m,"TP HCM (SGN)
Sân bay Tân Sơn Nhất
Nhà ga 1","Đà Lạt (DLI)
Sân bay Liên Khương",16-04-2025,Hành lý 0 kg,Hành lý xách tay 7 kg
VietJet Air,1.740.176 VND/khách,15:35,01 thg 5,01 thg 5,16:30,55m,"TP HCM (SGN)
Sân bay Tân Sơn Nhất
Nhà ga 1","Đà Lạt (DLI)
Sân bay Liên Khương",16-04-2025,Hành lý 0 kg,Hành lý xách tay 7 kg
Bamboo Airways,1.749.675 VND/khách,16:45,01 thg 5,01 thg 5,17:40,55m,"TP HCM (SGN)
Sân bay Tân Sơn Nhất","Đà Lạt (DLI)
Sân bay Liên Khương",16-04-2025,Hành lý 20 kg,Hành lý xách tay 7 kg
Vietnam Airlines,1.935.150 VND/khách,21:10,01 thg 5,01 thg 5,22:10,1h 0m,"TP HCM (SGN)
Sân bay Tân Sơn Nhất
Nhà ga 1","Đà Lạt (DLI)
Sân bay Liên Khương",16-04-2025,Hành lý 23 kg,Hành lý xách tay 1 x 12 kg
Vietnam Airlines,2.000.250 VND/khách,08:55,01 thg 5,01 thg 5,09:50,55m,"TP HCM (SGN)
Sân bay Tân Sơn Nhất
Nhà ga 1","Đà Lạt (DLI)
Sân bay Liên Khương",16-04-2025,Hành lý 23 kg,Hành lý xách tay 1 x 12 kg
Vietnam Airlines,1.944.054 VND/khách,21:10,01 thg 5,01 thg 5,22:10,1h 0m,"TP HCM (SGN)
Sân bay Tân Sơn Nhất
Nhà ga 1","Đà Lạt (DLI)
Sân bay Liên Khương",17-04-2025,Hành lý 23 kg,Hành lý xách tay 1 x 12 kg
Bamboo Airways,1.564.488 VND/khách,16:45,01 thg 5,01 thg 5,17:40,55m,"TP HCM (SGN)
Sân bay Tân Sơn Nhất","Đà Lạt (DLI)
Sân bay Liên Khương",17-04-2025,Hành lý 0 kg,Hành lý xách tay 7 kg
VietJet Air,1.577.048 VND/khách,09:55,01 thg 5,01 thg 5,10:50,55m,"TP HCM (SGN)
Sân bay Tân Sơn Nhất
Nhà ga 1","Đà Lạt (DLI)
Sân bay Liên Khương",17-04-2025,Hành lý 0 kg,Hành lý xách tay 7 kg
VietJet Air,1.577.048 VND/khách,15:35,01 thg 5,01 thg 5,16:30,55m,"TP HCM (SGN)
Sân bay Tân Sơn Nhất
Nhà ga 1","Đà Lạt (DLI)
Sân bay Liên Khương",17-04-2025,Hành lý 0 kg,Hành lý xách tay 7 kg
Vietnam Airlines,1.769.229 VND/khách,08:55,01 thg 5,01 thg 5,09:50,55m,"TP HCM (SGN)
Sân bay Tân Sơn Nhất
Nhà ga 1","Đà Lạt (DLI)
Sân bay Liên Khương",17-04-2025,Hành lý 23 kg,Hành lý xách tay 1 x 12 kg
Bamboo Airways,1.545.332 VND/khách,16:45,01 thg 5,01 thg 5,17:40,55m,"TP HCM (SGN)
Sân bay Tân Sơn Nhất","Đà Lạt (DLI)
Sân bay Liên Khương",23-04-2025,Hành lý 0 kg,Hành lý xách tay 7 kg
VietJet Air,1.617.945 VND/khách,09:55,01 thg 5,01 thg 5,10:50,55m,"TP HCM (SGN)
Sân bay Tân Sơn Nhất
Nhà ga 1","Đà Lạt (DLI)
Sân bay Liên Khương",23-04-2025,Hành lý 0 kg,Hành lý xách tay 7 kg
VietJet Air,1.617.945 VND/khách,15:35,01 thg 5,01 thg 5,16:30,55m,"TP HCM (SGN)
Sân bay Tân Sơn Nhất
Nhà ga 1","Đà Lạt (DLI)
Sân bay Liên Khương",23-04-2025,Hành lý 0 kg,Hành lý xách tay 7 kg
Vietnam Airlines,1.705.293 VND/khách,05:45,01 thg 5,01 thg 5,06:40,55m,"TP HCM (SGN)
Sân bay Tân Sơn Nhất
Nhà ga 3","Đà Lạt (DLI)
Sân bay Liên Khương",23-04-2025,Hành lý 23 kg,Hành lý xách tay 1 x 12 kg
Vietnam Airlines,1.705.293 VND/khách,21:10,01 thg 5,01 thg 5,22:10,1h 0m,"TP HCM (SGN)
Sân bay Tân Sơn Nhất
Nhà ga 3","Đà Lạt (DLI)
Sân bay Liên Khương",23-04-2025,Hành lý 23 kg,Hành lý xách tay 1 x 12 kg
Bamboo Airways,1.436.148 VND/khách,16:45,01 thg 5,01 thg 5,17:40,55m,"TP HCM (SGN)
Sân bay Tân Sơn Nhất","Đà Lạt (DLI)
Sân bay Liên Khương",24-04-2025,,
VietJet Air,1.612.958 VND/khách,15:35,01 thg 5,01 thg 5,16:30,55m,"TP HCM (SGN)
Sân bay Tân Sơn Nhất
Nhà ga 1","Đà Lạt (DLI)
Sân bay Liên Khương",24-04-2025,,
Vietnam Airlines,1.690.308 VND/khách,21:10,01 thg 5,01 thg 5,22:10,1h 0m,"TP HCM (SGN)
Sân bay Tân Sơn Nhất
Nhà ga T3","Đà Lạt (DLI)
Sân bay Liên Khương",24-04-2025,,
Vietnam Airlines,1.701.297 VND/khách,05:45,01 thg 5,01 thg 5,06:40,55m,"TP HCM (SGN)
Sân bay Tân Sơn Nhất
Nhà ga T3","Đà Lạt (DLI)
Sân bay Liên Khương",24-04-2025,,
VietJet Air,1.840.388 VND/khách,09:55,01 thg 5,01 thg 5,10:50,55m,"TP HCM (SGN)
Sân bay Tân Sơn Nhất
Nhà ga 1","Đà Lạt (DLI)
Sân bay Liên Khương",24-04-2025,,
Bamboo Airways,1.475.759 VND/khách,16:45,01 thg 5,01 thg 5,17:40,55m,"TP HCM (SGN)
Sân bay Tân Sơn Nhất","Đà Lạt (DLI)
Sân bay Liên Khương",25-04-2025,Hành lý 0 kg,Hành lý xách tay 7 kg
VietJet Air,1.599.990 VND/khách,15:35,01 thg 5,01 thg 5,16:30,55m,"TP HCM (SGN)
Sân bay Tân Sơn Nhất
Nhà ga 1","Đà Lạt (DLI)
Sân bay Liên Khương",25-04-2025,Hành lý 0 kg,Hành lý xách tay 7 kg
Vietnam Airlines,1.688.310 VND/khách,21:10,01 thg 5,01 thg 5,22:10,1h 0m,"TP HCM (SGN)
Sân bay Tân Sơn Nhất
Nhà ga T3","Đà Lạt (DLI)
Sân bay Liên Khương",25-04-2025,Hành lý 23 kg,Hành lý xách tay 1 x 12 kg
Vietnam Airlines,1.703.295 VND/khách,05:45,01 thg 5,01 thg 5,06:40,55m,"TP HCM (SGN)
Sân bay Tân Sơn Nhất
Nhà ga T3","Đà Lạt (DLI)
Sân bay Liên Khương",25-04-2025,Hành lý 23 kg,Hành lý xách tay 1 x 12 kg
VietJet Air,1.827.420 VND/khách,09:55,01 thg 5,01 thg 5,10:50,55m,"TP HCM (SGN)
Sân bay Tân Sơn Nhất
Nhà ga 1","Đà Lạt (DLI)
Sân bay Liên Khương",25-04-2025,Hành lý 0 kg,Hành lý xách tay 7 kg
Bamboo Airways,1.572.350 VND/khách,16:45,02 thg 5,02 thg 5,17:40,55m,"TP HCM (SGN)
Sân bay Tân Sơn Nhất","Đà Lạt (DLI)
Sân bay Liên Khương",12-04-2025,Hành lý 0 kg,Hành lý xách tay 7 kg
VietJet Air,1.424.000 VND/khách,09:55,02 thg 5,02 thg 5,10:50,55m,"TP HCM (SGN)
Sân bay Tân Sơn Nhất
Nhà ga 1","Đà Lạt (DLI)
Sân bay Liên Khương",12-04-2025,Hành lý 0 kg,Hành lý xách tay 7 kg
VietJet Air,1.424.000 VND/khách,15:35,02 thg 5,02 thg 5,16:30,55m,"TP HCM (SGN)
Sân bay Tân Sơn Nhất
Nhà ga 1","Đà Lạt (DLI)
Sân bay Liên Khương",12-04-2025,Hành lý 0 kg,Hành lý xách tay 7 kg
Vietnam Airlines,1.851.147 VND/khách,21:10,02 thg 5,02 thg 5,22:10,1h 0m,"TP HCM (SGN)
Sân bay Tân Sơn Nhất
Nhà ga 1","Đà Lạt (DLI)
Sân bay Liên Khương",12-04-2025,Hành lý 23 kg,Hành lý xách tay 1 x 12 kg
Vietnam Airlines,1.884.114 VND/khách,05:45,02 thg 5,02 thg 5,06:40,55m,"TP HCM (SGN)
Sân bay Tân Sơn Nhất
Nhà ga 1","Đà Lạt (DLI)
Sân bay Liên Khương",12-04-2025,Hành lý 23 kg,Hành lý xách tay 1 x 12 kg
Vietnam Airlines,1.995.003 VND/khách,10:15,02 thg 5,02 thg 5,11:10,55m,"TP HCM (SGN)
Sân bay Tân Sơn Nhất
Nhà ga 1","Đà Lạt (DLI)
Sân bay Liên Khương",12-04-2025,Hành lý 23 kg,Hành lý xách tay 1 x 12 kg
Bamboo Airways,1.572.350 VND/khách,16:45,02 thg 5,02 thg 5,17:40,55m,"TP HCM (SGN)
Sân bay Tân Sơn Nhất","Đà Lạt (DLI)
Sân bay Liên Khương",13-04-2025,Hành lý 0 kg,Hành lý xách tay 7 kg
VietJet Air,1.425.835 VND/khách,09:55,02 thg 5,02 thg 5,10:50,55m,"TP HCM (SGN)
Sân bay Tân Sơn Nhất
Nhà ga 1","Đà Lạt (DLI)
Sân bay Liên Khương",13-04-2025,Hành lý 0 kg,Hành lý xách tay 7 kg
VietJet Air,1.425.835 VND/khách,15:35,02 thg 5,02 thg 5,16:30,55m,"TP HCM (SGN)
Sân bay Tân Sơn Nhất
Nhà ga 1","Đà Lạt (DLI)
Sân bay Liên Khương",13-04-2025,Hành lý 0 kg,Hành lý xách tay 7 kg
Vietnam Airlines,1.853.145 VND/khách,21:10,02 thg 5,02 thg 5,22:10,1h 0m,"TP HCM (SGN)
Sân bay Tân Sơn Nhất
Nhà ga 1","Đà Lạt (DLI)
Sân bay Liên Khương",13-04-2025,Hành lý 23 kg,Hành lý xách tay 1 x 12 kg
Vietnam Airlines,1.886.112 VND/khách,05:45,02 thg 5,02 thg 5,06:40,55m,"TP HCM (SGN)
Sân bay Tân Sơn Nhất
Nhà ga 1","Đà Lạt (DLI)
Sân bay Liên Khương",13-04-2025,Hành lý 23 kg,Hành lý xách tay 1 x 12 kg
Vietnam Airlines,2.011.986 VND/khách,08:55,02 thg 5,02 thg 5,09:50,55m,"TP HCM (SGN)
Sân bay Tân Sơn Nhất
Nhà ga 1","Đà Lạt (DLI)
Sân bay Liên Khương",13-04-2025,Hành lý 23 kg,Hành lý xách tay 1 x 12 kg
Vietnam Airlines,1.605.393 VND/khách,05:45,02 thg 5,02 thg 5,06:40,55m,"TP HCM (SGN)
Sân bay Tân Sơn Nhất
Nhà ga 1","Đà Lạt (DLI)
Sân bay Liên Khương",14-04-2025,Hành lý 23 kg,Hành lý xách tay 1 x 12 kg
VietJet Air,1.397.498 VND/khách,09:55,02 thg 5,02 thg 5,10:50,55m,"TP HCM (SGN)
Sân bay Tân Sơn Nhất
Nhà ga 1","Đà Lạt (DLI)
Sân bay Liên Khương",14-04-2025,Hành lý 0 kg,Hành lý xách tay 7 kg
VietJet Air,1.397.498 VND/khách,15:35,02 thg 5,02 thg 5,16:30,55m,"TP HCM (SGN)
Sân bay Tân Sơn Nhất
Nhà ga 1","Đà Lạt (DLI)
Sân bay Liên Khương",14-04-2025,Hành lý 0 kg,Hành lý xách tay 7 kg
Bamboo Airways,1.483.175 VND/khách,16:45,02 thg 5,02 thg 5,17:40,55m,"TP HCM (SGN)
Sân bay Tân Sơn Nhất","Đà Lạt (DLI)
Sân bay Liên Khương",14-04-2025,Hành lý 0 kg,Hành lý xách tay 7 kg
Vietnam Airlines,1.605.393 VND/khách,21:10,02 thg 5,02 thg 5,22:10,1h 0m,"TP HCM (SGN)
Sân bay Tân Sơn Nhất
Nhà ga 1","Đà Lạt (DLI)
Sân bay Liên Khương",14-04-2025,Hành lý 23 kg,Hành lý xách tay 1 x 12 kg
Vietnam Airlines,1.675.323 VND/khách,10:15,02 thg 5,02 thg 5,11:10,55m,"TP HCM (SGN)
Sân bay Tân Sơn Nhất
Nhà ga 1","Đà Lạt (DLI)
Sân bay Liên Khương",14-04-2025,Hành lý 23 kg,Hành lý xách tay 1 x 12 kg
Vietnam Airlines,1.608.390 VND/khách,21:10,02 thg 5,02 thg 5,22:10,1h 0m,"TP HCM (SGN)
Sân bay Tân Sơn Nhất
Nhà ga 1","Đà Lạt (DLI)
Sân bay Liên Khương",15-04-2025,,
VietJet Air,1.401.488 VND/khách,09:55,02 thg 5,02 thg 5,10:50,55m,"TP HCM (SGN)
Sân bay Tân Sơn Nhất
Nhà ga 1","Đà Lạt (DLI)
Sân bay Liên Khương",15-04-2025,,
VietJet Air,1.401.488 VND/khách,15:35,02 thg 5,02 thg 5,16:30,55m,"TP HCM (SGN)
Sân bay Tân Sơn Nhất
Nhà ga 1","Đà Lạt (DLI)
Sân bay Liên Khương",15-04-2025,,
Bamboo Airways,1.483.175 VND/khách,16:45,02 thg 5,02 thg 5,17:40,55m,"TP HCM (SGN)
Sân bay Tân Sơn Nhất","Đà Lạt (DLI)
Sân bay Liên Khương",15-04-2025,,
Vietnam Airlines,1.611.387 VND/khách,05:45,02 thg 5,02 thg 5,06:40,55m,"TP HCM (SGN)
Sân bay Tân Sơn Nhất
Nhà ga 1","Đà Lạt (DLI)
Sân bay Liên Khương",15-04-2025,,
Vietnam Airlines,1.715.283 VND/khách,10:15,02 thg 5,02 thg 5,11:10,55m,"TP HCM (SGN)
Sân bay Tân Sơn Nhất
Nhà ga 1","Đà Lạt (DLI)
Sân bay Liên Khương",15-04-2025,,
Vietnam Airlines,1.493.100 VND/khách,05:45,02 thg 5,02 thg 5,06:40,55m,"TP HCM (SGN)
Sân bay Tân Sơn Nhất
Nhà ga 1","Đà Lạt (DLI)
Sân bay Liên Khương",16-04-2025,Hành lý 23 kg,Hành lý xách tay 1 x 12 kg
Bamboo Airways,1.383.750 VND/khách,16:45,02 thg 5,02 thg 5,17:40,55m,"TP HCM (SGN)
Sân bay Tân Sơn Nhất","Đà Lạt (DLI)
Sân bay Liên Khương",16-04-2025,Hành lý 0 kg,Hành lý xách tay 7 kg
VietJet Air,1.445.443 VND/khách,15:35,02 thg 5,02 thg 5,16:30,55m,"TP HCM (SGN)
Sân bay Tân Sơn Nhất
Nhà ga 1","Đà Lạt (DLI)
Sân bay Liên Khương",16-04-2025,Hành lý 0 kg,Hành lý xách tay 7 kg
Vietnam Airlines,1.594.950 VND/khách,21:10,02 thg 5,02 thg 5,22:10,1h 0m,"TP HCM (SGN)
Sân bay Tân Sơn Nhất
Nhà ga 1","Đà Lạt (DLI)
Sân bay Liên Khương",16-04-2025,Hành lý 23 kg,Hành lý xách tay 1 x 12 kg
Vietnam Airlines,1.696.800 VND/khách,10:15,02 thg 5,02 thg 5,11:10,55m,"TP HCM (SGN)
Sân bay Tân Sơn Nhất
Nhà ga 1","Đà Lạt (DLI)
Sân bay Liên Khương",16-04-2025,Hành lý 23 kg,Hành lý xách tay 1 x 12 kg
VietJet Air,1.946.434 VND/khách,09:55,02 thg 5,02 thg 5,10:50,55m,"TP HCM (SGN)
Sân bay Tân Sơn Nhất
Nhà ga 1","Đà Lạt (DLI)
Sân bay Liên Khương",16-04-2025,Hành lý 0 kg,Hành lý xách tay 7 kg
Vietnam Airlines,1.487.511 VND/khách,05:45,02 thg 5,02 thg 5,06:40,55m,"TP HCM (SGN)
Sân bay Tân Sơn Nhất
Nhà ga 1","Đà Lạt (DLI)
Sân bay Liên Khương",17-04-2025,Hành lý 23 kg,Hành lý xách tay 1 x 12 kg
Bamboo Airways,1.383.750 VND/khách,16:45,02 thg 5,02 thg 5,17:40,55m,"TP HCM (SGN)
Sân bay Tân Sơn Nhất","Đà Lạt (DLI)
Sân bay Liên Khương",17-04-2025,Hành lý 0 kg,Hành lý xách tay 7 kg
VietJet Air,1.401.488 VND/khách,09:55,02 thg 5,02 thg 5,10:50,55m,"TP HCM (SGN)
Sân bay Tân Sơn Nhất
Nhà ga 1","Đà Lạt (DLI)
Sân bay Liên Khương",17-04-2025,Hành lý 0 kg,Hành lý xách tay 7 kg
VietJet Air,1.401.488 VND/khách,15:35,02 thg 5,02 thg 5,16:30,55m,"TP HCM (SGN)
Sân bay Tân Sơn Nhất
Nhà ga 1","Đà Lạt (DLI)
Sân bay Liên Khương",17-04-2025,Hành lý 0 kg,Hành lý xách tay 7 kg
Vietnam Airlines,1.487.511 VND/khách,21:10,02 thg 5,02 thg 5,22:10,1h 0m,"TP HCM (SGN)
Sân bay Tân Sơn Nhất
Nhà ga 1","Đà Lạt (DLI)
Sân bay Liên Khương",17-04-2025,Hành lý 23 kg,Hành lý xách tay 1 x 12 kg
Vietnam Airlines,1.602.396 VND/khách,08:55,02 thg 5,02 thg 5,09:50,55m,"TP HCM (SGN)
Sân bay Tân Sơn Nhất
Nhà ga 1","Đà Lạt (DLI)
Sân bay Liên Khương",17-04-2025,Hành lý 23 kg,Hành lý xách tay 1 x 12 kg
Bamboo Airways,1.172.143 VND/khách,16:45,02 thg 5,02 thg 5,17:40,55m,"TP HCM (SGN)
Sân bay Tân Sơn Nhất","Đà Lạt (DLI)
Sân bay Liên Khương",23-04-2025,Hành lý 0 kg,Hành lý xách tay 7 kg
Vietnam Airlines,1.149.849 VND/khách,08:55,02 thg 5,02 thg 5,09:50,55m,"TP HCM (SGN)
Sân bay Tân Sơn Nhất
Nhà ga 1","Đà Lạt (DLI)
Sân bay Liên Khương",23-04-2025,Hành lý 23 kg,Hành lý xách tay 1 x 12 kg
VietJet Air,1.182.038 VND/khách,09:55,02 thg 5,02 thg 5,10:50,55m,"TP HCM (SGN)
Sân bay Tân Sơn Nhất
Nhà ga 1","Đà Lạt (DLI)
Sân bay Liên Khương",23-04-2025,Hành lý 0 kg,Hành lý xách tay 7 kg
VietJet Air,1.182.038 VND/khách,15:35,02 thg 5,02 thg 5,16:30,55m,"TP HCM (SGN)
Sân bay Tân Sơn Nhất
Nhà ga 1","Đà Lạt (DLI)
Sân bay Liên Khương",23-04-2025,Hành lý 0 kg,Hành lý xách tay 7 kg
Vietnam Airlines,1.490.508 VND/khách,21:10,02 thg 5,02 thg 5,22:10,1h 0m,"TP HCM (SGN)
Sân bay Tân Sơn Nhất
Nhà ga 3","Đà Lạt (DLI)
Sân bay Liên Khương",23-04-2025,Hành lý 23 kg,Hành lý xách tay 1 x 12 kg
Vietnam Airlines,1.497.501 VND/khách,05:45,02 thg 5,02 thg 5,06:40,55m,"TP HCM (SGN)
Sân bay Tân Sơn Nhất
Nhà ga 3","Đà Lạt (DLI)
Sân bay Liên Khương",23-04-2025,Hành lý 23 kg,Hành lý xách tay 1 x 12 kg
Bamboo Airways,761.248 VND/khách,16:45,02 thg 5,02 thg 5,17:40,55m,"TP HCM (SGN)
Sân bay Tân Sơn Nhất","Đà Lạt (DLI)
Sân bay Liên Khương",24-04-2025,,
VietJet Air,829.920 VND/khách,09:55,02 thg 5,02 thg 5,10:50,55m,"TP HCM (SGN)
Sân bay Tân Sơn Nhất
Nhà ga 1","Đà Lạt (DLI)
Sân bay Liên Khương",24-04-2025,,
VietJet Air,829.920 VND/khách,15:35,02 thg 5,02 thg 5,16:30,55m,"TP HCM (SGN)
Sân bay Tân Sơn Nhất
Nhà ga 1","Đà Lạt (DLI)
Sân bay Liên Khương",24-04-2025,,
Vietnam Airlines,1.155.843 VND/khách,08:55,02 thg 5,02 thg 5,09:50,55m,"TP HCM (SGN)
Sân bay Tân Sơn Nhất
Nhà ga 1","Đà Lạt (DLI)
Sân bay Liên Khương",24-04-2025,,
Vietnam Airlines,1.484.514 VND/khách,21:10,02 thg 5,02 thg 5,22:10,1h 0m,"TP HCM (SGN)
Sân bay Tân Sơn Nhất
Nhà ga T3","Đà Lạt (DLI)
Sân bay Liên Khương",24-04-2025,,
Vietnam Airlines,1.495.503 VND/khách,05:45,02 thg 5,02 thg 5,06:40,55m,"TP HCM (SGN)
Sân bay Tân Sơn Nhất
Nhà ga T3","Đà Lạt (DLI)
Sân bay Liên Khương",24-04-2025,,
Bamboo Airways,782.244 VND/khách,16:45,02 thg 5,02 thg 5,17:40,55m,"TP HCM (SGN)
Sân bay Tân Sơn Nhất","Đà Lạt (DLI)
Sân bay Liên Khương",25-04-2025,Hành lý 0 kg,Hành lý xách tay 7 kg
VietJet Air,1.063.335 VND/khách,09:55,02 thg 5,02 thg 5,10:50,55m,"TP HCM (SGN)
Sân bay Tân Sơn Nhất
Nhà ga 1","Đà Lạt (DLI)
Sân bay Liên Khương",25-04-2025,Hành lý 0 kg,Hành lý xách tay 7 kg
Bamboo Airways,1.151.075 VND/khách,16:45,03 thg 5,03 thg 5,17:40,55m,"TP HCM (SGN)
Sân bay Tân Sơn Nhất","Đà Lạt (DLI)
Sân bay Liên Khương",13-04-2025,Hành lý 0 kg,Hành lý xách tay 7 kg
VietJet Air,1.163.155 VND/khách,09:55,03 thg 5,03 thg 5,10:50,55m,"TP HCM (SGN)
Sân bay Tân Sơn Nhất
Nhà ga 1","Đà Lạt (DLI)
Sân bay Liên Khương",13-04-2025,Hành lý 0 kg,Hành lý xách tay 7 kg
VietJet Air,1.163.155 VND/khách,15:35,03 thg 5,03 thg 5,16:30,55m,"TP HCM (SGN)
Sân bay Tân Sơn Nhất
Nhà ga 1","Đà Lạt (DLI)
Sân bay Liên Khương",13-04-2025,Hành lý 0 kg,Hành lý xách tay 7 kg
Vietnam Airlines,1.375.623 VND/khách,05:45,03 thg 5,03 thg 5,06:40,55m,"TP HCM (SGN)
Sân bay Tân Sơn Nhất
Nhà ga 1","Đà Lạt (DLI)
Sân bay Liên Khương",13-04-2025,Hành lý 23 kg,Hành lý xách tay 1 x 12 kg
Vietnam Airlines,1.375.623 VND/khách,21:10,03 thg 5,03 thg 5,22:10,1h 0m,"TP HCM (SGN)
Sân bay Tân Sơn Nhất
Nhà ga 1","Đà Lạt (DLI)
Sân bay Liên Khương",13-04-2025,Hành lý 23 kg,Hành lý xách tay 1 x 12 kg
Vietnam Airlines,1.393.605 VND/khách,08:55,03 thg 5,03 thg 5,09:50,55m,"TP HCM (SGN)
Sân bay Tân Sơn Nhất
Nhà ga 1","Đà Lạt (DLI)
Sân bay Liên Khương",13-04-2025,Hành lý 23 kg,Hành lý xách tay 1 x 12 kg
Vietnam Airlines,1.275.723 VND/khách,05:45,03 thg 5,03 thg 5,06:40,55m,"TP HCM (SGN)
Sân bay Tân Sơn Nhất
Nhà ga 1","Đà Lạt (DLI)
Sân bay Liên Khương",14-04-2025,Hành lý 23 kg,Hành lý xách tay 1 x 12 kg
VietJet Air,1.137.150 VND/khách,09:55,03 thg 5,03 thg 5,10:50,55m,"TP HCM (SGN)
Sân bay Tân Sơn Nhất
Nhà ga 1","Đà Lạt (DLI)
Sân bay Liên Khương",14-04-2025,Hành lý 0 kg,Hành lý xách tay 7 kg
VietJet Air,1.137.150 VND/khách,15:35,03 thg 5,03 thg 5,16:30,55m,"TP HCM (SGN)
Sân bay Tân Sơn Nhất
Nhà ga 1","Đà Lạt (DLI)
Sân bay Liên Khương",14-04-2025,Hành lý 0 kg,Hành lý xách tay 7 kg
Bamboo Airways,1.151.075 VND/khách,16:45,03 thg 5,03 thg 5,17:40,55m,"TP HCM (SGN)
Sân bay Tân Sơn Nhất","Đà Lạt (DLI)
Sân bay Liên Khương",14-04-2025,Hành lý 0 kg,Hành lý xách tay 7 kg
Vietnam Airlines,1.375.623 VND/khách,21:10,03 thg 5,03 thg 5,22:10,1h 0m,"TP HCM (SGN)
Sân bay Tân Sơn Nhất
Nhà ga 1","Đà Lạt (DLI)
Sân bay Liên Khương",14-04-2025,Hành lý 23 kg,Hành lý xách tay 1 x 12 kg
Vietnam Airlines,1.390.608 VND/khách,08:55,03 thg 5,03 thg 5,09:50,55m,"TP HCM (SGN)
Sân bay Tân Sơn Nhất
Nhà ga 1","Đà Lạt (DLI)
Sân bay Liên Khương",14-04-2025,Hành lý 23 kg,Hành lý xách tay 1 x 12 kg
Vietnam Airlines,1.277.721 VND/khách,05:45,03 thg 5,03 thg 5,06:40,55m,"TP HCM (SGN)
Sân bay Tân Sơn Nhất
Nhà ga 1","Đà Lạt (DLI)
Sân bay Liên Khương",15-04-2025,,
VietJet Air,1.139.145 VND/khách,09:55,03 thg 5,03 thg 5,10:50,55m,"TP HCM (SGN)
Sân bay Tân Sơn Nhất
Nhà ga 1","Đà Lạt (DLI)
Sân bay Liên Khương",15-04-2025,,
VietJet Air,1.139.145 VND/khách,15:35,03 thg 5,03 thg 5,16:30,55m,"TP HCM (SGN)
Sân bay Tân Sơn Nhất
Nhà ga 1","Đà Lạt (DLI)
Sân bay Liên Khương",15-04-2025,,
Bamboo Airways,1.151.075 VND/khách,16:45,03 thg 5,03 thg 5,17:40,55m,"TP HCM (SGN)
Sân bay Tân Sơn Nhất","Đà Lạt (DLI)
Sân bay Liên Khương",15-04-2025,,
Vietnam Airlines,1.377.621 VND/khách,21:10,03 thg 5,03 thg 5,22:10,1h 0m,"TP HCM (SGN)
Sân bay Tân Sơn Nhất
Nhà ga 1","Đà Lạt (DLI)
Sân bay Liên Khương",15-04-2025,,
Vietnam Airlines,1.389.609 VND/khách,08:55,03 thg 5,03 thg 5,09:50,55m,"TP HCM (SGN)
Sân bay Tân Sơn Nhất
Nhà ga 1","Đà Lạt (DLI)
Sân bay Liên Khương",15-04-2025,,
Vietnam Airlines,1.152.900 VND/khách,05:45,03 thg 5,03 thg 5,06:40,55m,"TP HCM (SGN)
Sân bay Tân Sơn Nhất
Nhà ga 1","Đà Lạt (DLI)
Sân bay Liên Khương",16-04-2025,Hành lý 23 kg,Hành lý xách tay 1 x 12 kg
Bamboo Airways,1.151.075 VND/khách,16:45,03 thg 5,03 thg 5,17:40,55m,"TP HCM (SGN)
Sân bay Tân Sơn Nhất","Đà Lạt (DLI)
Sân bay Liên Khương",16-04-2025,Hành lý 0 kg,Hành lý xách tay 7 kg
VietJet Air,1.180.561 VND/khách,09:55,03 thg 5,03 thg 5,10:50,55m,"TP HCM (SGN)
Sân bay Tân Sơn Nhất
Nhà ga 1","Đà Lạt (DLI)
Sân bay Liên Khương",16-04-2025,Hành lý 0 kg,Hành lý xách tay 7 kg
VietJet Air,1.180.561 VND/khách,15:35,03 thg 5,03 thg 5,16:30,55m,"TP HCM (SGN)
Sân bay Tân Sơn Nhất
Nhà ga 1","Đà Lạt (DLI)
Sân bay Liên Khương",16-04-2025,Hành lý 0 kg,Hành lý xách tay 7 kg
Vietnam Airlines,1.266.300 VND/khách,10:15,03 thg 5,03 thg 5,11:10,55m,"TP HCM (SGN)
Sân bay Tân Sơn Nhất
Nhà ga 1","Đà Lạt (DLI)
Sân bay Liên Khương",16-04-2025,Hành lý 23 kg,Hành lý xách tay 1 x 12 kg
Vietnam Airlines,1.379.700 VND/khách,08:55,03 thg 5,03 thg 5,09:50,55m,"TP HCM (SGN)
Sân bay Tân Sơn Nhất
Nhà ga 1","Đà Lạt (DLI)
Sân bay Liên Khương",16-04-2025,Hành lý 23 kg,Hành lý xách tay 1 x 12 kg
Vietnam Airlines,1.146.852 VND/khách,21:10,03 thg 5,03 thg 5,22:10,1h 0m,"TP HCM (SGN)
Sân bay Tân Sơn Nhất
Nhà ga 1","Đà Lạt (DLI)
Sân bay Liên Khương",17-04-2025,Hành lý 23 kg,Hành lý xách tay 1 x 12 kg
Bamboo Airways,786.175 VND/khách,16:45,03 thg 5,03 thg 5,17:40,55m,"TP HCM (SGN)
Sân bay Tân Sơn Nhất","Đà Lạt (DLI)
Sân bay Liên Khương",17-04-2025,Hành lý 0 kg,Hành lý xách tay 7 kg
VietJet Air,799.995 VND/khách,09:55,03 thg 5,03 thg 5,10:50,55m,"TP HCM (SGN)
Sân bay Tân Sơn Nhất
Nhà ga 1","Đà Lạt (DLI)
Sân bay Liên Khương",17-04-2025,Hành lý 0 kg,Hành lý xách tay 7 kg
VietJet Air,799.995 VND/khách,15:35,03 thg 5,03 thg 5,16:30,55m,"TP HCM (SGN)
Sân bay Tân Sơn Nhất
Nhà ga 1","Đà Lạt (DLI)
Sân bay Liên Khương",17-04-2025,Hành lý 0 kg,Hành lý xách tay 7 kg
Vietnam Airlines,1.164.834 VND/khách,05:45,03 thg 5,03 thg 5,06:40,55m,"TP HCM (SGN)
Sân bay Tân Sơn Nhất
Nhà ga 1","Đà Lạt (DLI)
Sân bay Liên Khương",17-04-2025,Hành lý 23 kg,Hành lý xách tay 1 x 12 kg
Vietnam Airlines,1.276.722 VND/khách,10:15,03 thg 5,03 thg 5,11:10,55m,"TP HCM (SGN)
Sân bay Tân Sơn Nhất
Nhà ga 1","Đà Lạt (DLI)
Sân bay Liên Khương",17-04-2025,Hành lý 23 kg,Hành lý xách tay 1 x 12 kg
Bamboo Airways,1.116.639 VND/khách,16:45,03 thg 5,03 thg 5,17:40,55m,"TP HCM (SGN)
Sân bay Tân Sơn Nhất","Đà Lạt (DLI)
Sân bay Liên Khương",23-04-2025,Hành lý 0 kg,Hành lý xách tay 7 kg
VietJet Air,834.908 VND/khách,09:55,03 thg 5,03 thg 5,10:50,55m,"TP HCM (SGN)
Sân bay Tân Sơn Nhất
Nhà ga 1","Đà Lạt (DLI)
Sân bay Liên Khương",23-04-2025,Hành lý 0 kg,Hành lý xách tay 7 kg
VietJet Air,834.908 VND/khách,15:35,03 thg 5,03 thg 5,16:30,55m,"TP HCM (SGN)
Sân bay Tân Sơn Nhất
Nhà ga 1","Đà Lạt (DLI)
Sân bay Liên Khương",23-04-2025,Hành lý 0 kg,Hành lý xách tay 7 kg
Vietnam Airlines,1.151.847 VND/khách,21:10,03 thg 5,03 thg 5,22:10,1h 0m,"TP HCM (SGN)
Sân bay Tân Sơn Nhất
Nhà ga 3","Đà Lạt (DLI)
Sân bay Liên Khương",23-04-2025,Hành lý 23 kg,Hành lý xách tay 1 x 12 kg
Vietnam Airlines,1.163.835 VND/khách,05:45,03 thg 5,03 thg 5,06:40,55m,"TP HCM (SGN)
Sân bay Tân Sơn Nhất
Nhà ga 3","Đà Lạt (DLI)
Sân bay Liên Khương",23-04-2025,Hành lý 23 kg,Hành lý xách tay 1 x 12 kg
Vietnam Airlines,1.272.726 VND/khách,10:15,03 thg 5,03 thg 5,11:10,55m,"TP HCM (SGN)
Sân bay Tân Sơn Nhất
Nhà ga 3","Đà Lạt (DLI)
Sân bay Liên Khương",23-04-2025,Hành lý 23 kg,Hành lý xách tay 1 x 12 kg
Bamboo Airways,761.248 VND/khách,16:45,03 thg 5,03 thg 5,17:40,55m,"TP HCM (SGN)
Sân bay Tân Sơn Nhất","Đà Lạt (DLI)
Sân bay Liên Khương",24-04-2025,,
VietJet Air,829.920 VND/khách,09:55,03 thg 5,03 thg 5,10:50,55m,"TP HCM (SGN)
Sân bay Tân Sơn Nhất
Nhà ga 1","Đà Lạt (DLI)
Sân bay Liên Khương",24-04-2025,,
VietJet Air,829.920 VND/khách,15:35,03 thg 5,03 thg 5,16:30,55m,"TP HCM (SGN)
Sân bay Tân Sơn Nhất
Nhà ga 1","Đà Lạt (DLI)
Sân bay Liên Khương",24-04-2025,,
Vietnam Airlines,977.022 VND/khách,08:55,03 thg 5,03 thg 5,09:50,55m,"TP HCM (SGN)
Sân bay Tân Sơn Nhất
Nhà ga 1","Đà Lạt (DLI)
Sân bay Liên Khương",24-04-2025,,
Vietnam Airlines,1.152.846 VND/khách,21:10,03 thg 5,03 thg 5,22:10,1h 0m,"TP HCM (SGN)
Sân bay Tân Sơn Nhất
Nhà ga T3","Đà Lạt (DLI)
Sân bay Liên Khương",24-04-2025,,
Vietnam Airlines,1.155.843 VND/khách,05:45,03 thg 5,03 thg 5,06:40,55m,"TP HCM (SGN)
Sân bay Tân Sơn Nhất
Nhà ga T3","Đà Lạt (DLI)
Sân bay Liên Khương",24-04-2025,,
Bamboo Airways,782.244 VND/khách,16:45,03 thg 5,03 thg 5,17:40,55m,"TP HCM (SGN)
Sân bay Tân Sơn Nhất","Đà Lạt (DLI)
Sân bay Liên Khương",25-04-2025,Hành lý 0 kg,Hành lý xách tay 7 kg
VietJet Air,831.915 VND/khách,09:55,03 thg 5,03 thg 5,10:50,55m,"TP HCM (SGN)
Sân bay Tân Sơn Nhất
Nhà ga 1","Đà Lạt (DLI)
Sân bay Liên Khương",25-04-2025,Hành lý 0 kg,Hành lý xách tay 7 kg
VietJet Air,831.915 VND/khách,15:35,03 thg 5,03 thg 5,16:30,55m,"TP HCM (SGN)
Sân bay Tân Sơn Nhất
Nhà ga 1","Đà Lạt (DLI)
Sân bay Liên Khương",25-04-2025,Hành lý 0 kg,Hành lý xách tay 7 kg
Vietnam Airlines,979.020 VND/khách,08:55,03 thg 5,03 thg 5,09:50,55m,"TP HCM (SGN)
Sân bay Tân Sơn Nhất
Nhà ga 1","Đà Lạt (DLI)
Sân bay Liên Khương",25-04-2025,Hành lý 0 kg,Hành lý xách tay 1 x 12 kg
Vietnam Airlines,1.153.845 VND/khách,21:10,03 thg 5,03 thg 5,22:10,1h 0m,"TP HCM (SGN)
Sân bay Tân Sơn Nhất
Nhà ga T3","Đà Lạt (DLI)
Sân bay Liên Khương",25-04-2025,Hành lý 23 kg,Hành lý xách tay 1 x 12 kg
Vietnam Airlines,1.168.830 VND/khách,05:45,03 thg 5,03 thg 5,06:40,55m,"TP HCM (SGN)
Sân bay Tân Sơn Nhất
Nhà ga T3","Đà Lạt (DLI)
Sân bay Liên Khương",25-04-2025,Hành lý 23 kg,Hành lý xách tay 1 x 12 kg
Vietnam Airlines,1.154.844 VND/khách,05:45,04 thg 5,04 thg 5,06:40,55m,"TP HCM (SGN)
Sân bay Tân Sơn Nhất
Nhà ga 1","Đà Lạt (DLI)
Sân bay Liên Khương",14-04-2025,Hành lý 23 kg,Hành lý xách tay 1 x 12 kg
VietJet Air,798.000 VND/khách,09:55,04 thg 5,04 thg 5,10:50,55m,"TP HCM (SGN)
Sân bay Tân Sơn Nhất
Nhà ga 1","Đà Lạt (DLI)
Sân bay Liên Khương",14-04-2025,Hành lý 0 kg,Hành lý xách tay 7 kg
Bamboo Airways,874.325 VND/khách,16:45,04 thg 5,04 thg 5,17:40,55m,"TP HCM (SGN)
Sân bay Tân Sơn Nhất","Đà Lạt (DLI)
Sân bay Liên Khương",14-04-2025,Hành lý 0 kg,Hành lý xách tay 7 kg
VietJet Air,1.025.430 VND/khách,15:35,04 thg 5,04 thg 5,16:30,55m,"TP HCM (SGN)
Sân bay Tân Sơn Nhất
Nhà ga 1","Đà Lạt (DLI)
Sân bay Liên Khương",14-04-2025,Hành lý 0 kg,Hành lý xách tay 7 kg
Vietnam Airlines,1.161.837 VND/khách,08:55,04 thg 5,04 thg 5,09:50,55m,"TP HCM (SGN)
Sân bay Tân Sơn Nhất
Nhà ga 1","Đà Lạt (DLI)
Sân bay Liên Khương",14-04-2025,Hành lý 23 kg,Hành lý xách tay 1 x 12 kg
Vietnam Airlines,1.172.826 VND/khách,21:10,04 thg 5,04 thg 5,22:10,1h 0m,"TP HCM (SGN)
Sân bay Tân Sơn Nhất
Nhà ga 1","Đà Lạt (DLI)
Sân bay Liên Khương",14-04-2025,Hành lý 23 kg,Hành lý xách tay 1 x 12 kg
Vietnam Airlines,1.159.839 VND/khách,05:45,04 thg 5,04 thg 5,06:40,55m,"TP HCM (SGN)
Sân bay Tân Sơn Nhất
Nhà ga 1","Đà Lạt (DLI)
Sân bay Liên Khương",15-04-2025,,
VietJet Air,801.990 VND/khách,09:55,04 thg 5,04 thg 5,10:50,55m,"TP HCM (SGN)
Sân bay Tân Sơn Nhất
Nhà ga 1","Đà Lạt (DLI)
Sân bay Liên Khương",15-04-2025,,
Bamboo Airways,952.225 VND/khách,16:45,04 thg 5,04 thg 5,17:40,55m,"TP HCM (SGN)
Sân bay Tân Sơn Nhất","Đà Lạt (DLI)
Sân bay Liên Khương",15-04-2025,,
VietJet Air,1.030.418 VND/khách,15:35,04 thg 5,04 thg 5,16:30,55m,"TP HCM (SGN)
Sân bay Tân Sơn Nhất
Nhà ga 1","Đà Lạt (DLI)
Sân bay Liên Khương",15-04-2025,,
Vietnam Airlines,1.123.875 VND/khách,08:55,04 thg 5,04 thg 5,09:50,55m,"TP HCM (SGN)
Sân bay Tân Sơn Nhất
Nhà ga 1","Đà Lạt (DLI)
Sân bay Liên Khương",15-04-2025,,
Vietnam Airlines,1.179.170 VND/khách,21:10,04 thg 5,04 thg 5,22:10,1h 0m,"TP HCM (SGN)
Sân bay Tân Sơn Nhất
Nhà ga 1","Đà Lạt (DLI)
Sân bay Liên Khương",15-04-2025,,
Vietnam Airlines,1.152.900 VND/khách,05:45,04 thg 5,04 thg 5,06:40,55m,"TP HCM (SGN)
Sân bay Tân Sơn Nhất
Nhà ga 1","Đà Lạt (DLI)
Sân bay Liên Khương",16-04-2025,Hành lý 23 kg,Hành lý xách tay 1 x 12 kg
VietJet Air,839.148 VND/khách,09:55,04 thg 5,04 thg 5,10:50,55m,"TP HCM (SGN)
Sân bay Tân Sơn Nhất
Nhà ga 1","Đà Lạt (DLI)
Sân bay Liên Khương",16-04-2025,Hành lý 0 kg,Hành lý xách tay 7 kg
VietJet Air,1.069.019 VND/khách,15:35,04 thg 5,04 thg 5,16:30,55m,"TP HCM (SGN)
Sân bay Tân Sơn Nhất
Nhà ga 1","Đà Lạt (DLI)
Sân bay Liên Khương",16-04-2025,Hành lý 0 kg,Hành lý xách tay 7 kg
Vietnam Airlines,1.152.900 VND/khách,08:55,04 thg 5,04 thg 5,09:50,55m,"TP HCM (SGN)
Sân bay Tân Sơn Nhất
Nhà ga 1","Đà Lạt (DLI)
Sân bay Liên Khương",16-04-2025,Hành lý 23 kg,Hành lý xách tay 1 x 12 kg
Vietnam Airlines,1.152.900 VND/khách,10:15,04 thg 5,04 thg 5,11:10,55m,"TP HCM (SGN)
Sân bay Tân Sơn Nhất
Nhà ga 1","Đà Lạt (DLI)
Sân bay Liên Khương",16-04-2025,Hành lý 23 kg,Hành lý xách tay 1 x 12 kg
Vietnam Airlines,942.057 VND/khách,05:45,04 thg 5,04 thg 5,06:40,55m,"TP HCM (SGN)
Sân bay Tân Sơn Nhất
Nhà ga 1","Đà Lạt (DLI)
Sân bay Liên Khương",17-04-2025,Hành lý 0 kg,Hành lý xách tay 1 x 12 kg
VietJet Air,799.995 VND/khách,09:55,04 thg 5,04 thg 5,10:50,55m,"TP HCM (SGN)
Sân bay Tân Sơn Nhất
Nhà ga 1","Đà Lạt (DLI)
Sân bay Liên Khương",17-04-2025,Hành lý 0 kg,Hành lý xách tay 7 kg
Bamboo Airways,874.325 VND/khách,16:45,04 thg 5,04 thg 5,17:40,55m,"TP HCM (SGN)
Sân bay Tân Sơn Nhất","Đà Lạt (DLI)
Sân bay Liên Khương",17-04-2025,Hành lý 0 kg,Hành lý xách tay 7 kg
Vietnam Airlines,946.053 VND/khách,21:10,04 thg 5,04 thg 5,22:10,1h 0m,"TP HCM (SGN)
Sân bay Tân Sơn Nhất
Nhà ga 1","Đà Lạt (DLI)
Sân bay Liên Khương",17-04-2025,Hành lý 0 kg,Hành lý xách tay 1 x 12 kg
VietJet Air,1.028.423 VND/khách,15:35,04 thg 5,04 thg 5,16:30,55m,"TP HCM (SGN)
Sân bay Tân Sơn Nhất
Nhà ga 1","Đà Lạt (DLI)
Sân bay Liên Khương",17-04-2025,Hành lý 0 kg,Hành lý xách tay 7 kg
Vietnam Airlines,1.150.848 VND/khách,10:15,04 thg 5,04 thg 5,11:10,55m,"TP HCM (SGN)
Sân bay Tân Sơn Nhất
Nhà ga 1","Đà Lạt (DLI)
Sân bay Liên Khương",17-04-2025,Hành lý 23 kg,Hành lý xách tay 1 x 12 kg
Bamboo Airways,935.863 VND/khách,16:45,04 thg 5,04 thg 5,17:40,55m,"TP HCM (SGN)
Sân bay Tân Sơn Nhất","Đà Lạt (DLI)
Sân bay Liên Khương",23-04-2025,Hành lý 0 kg,Hành lý xách tay 7 kg
VietJet Air,839.895 VND/khách,09:55,04 thg 5,04 thg 5,10:50,55m,"TP HCM (SGN)
Sân bay Tân Sơn Nhất
Nhà ga 1","Đà Lạt (DLI)
Sân bay Liên Khương",23-04-2025,Hành lý 0 kg,Hành lý xách tay 7 kg
Vietnam Airlines,982.017 VND/khách,05:45,04 thg 5,04 thg 5,06:40,55m,"TP HCM (SGN)
Sân bay Tân Sơn Nhất
Nhà ga 3","Đà Lạt (DLI)
Sân bay Liên Khương",23-04-2025,Hành lý 0 kg,Hành lý xách tay 1 x 12 kg
Vietnam Airlines,982.017 VND/khách,08:55,04 thg 5,04 thg 5,09:50,55m,"TP HCM (SGN)
Sân bay Tân Sơn Nhất
Nhà ga 1","Đà Lạt (DLI)
Sân bay Liên Khương",23-04-2025,Hành lý 0 kg,Hành lý xách tay 1 x 12 kg
Vietnam Airlines,982.017 VND/khách,21:10,04 thg 5,04 thg 5,22:10,1h 0m,"TP HCM (SGN)
Sân bay Tân Sơn Nhất
Nhà ga 3","Đà Lạt (DLI)
Sân bay Liên Khương",23-04-2025,Hành lý 0 kg,Hành lý xách tay 1 x 12 kg
VietJet Air,1.066.328 VND/khách,15:35,04 thg 5,04 thg 5,16:30,55m,"TP HCM (SGN)
Sân bay Tân Sơn Nhất
Nhà ga 1","Đà Lạt (DLI)
Sân bay Liên Khương",23-04-2025,Hành lý 0 kg,Hành lý xách tay 7 kg
Bamboo Airways,761.248 VND/khách,16:45,04 thg 5,04 thg 5,17:40,55m,"TP HCM (SGN)
Sân bay Tân Sơn Nhất","Đà Lạt (DLI)
Sân bay Liên Khương",24-04-2025,,
VietJet Air,829.920 VND/khách,09:55,04 thg 5,04 thg 5,10:50,55m,"TP HCM (SGN)
Sân bay Tân Sơn Nhất
Nhà ga 1","Đà Lạt (DLI)
Sân bay Liên Khương",24-04-2025,,
Vietnam Airlines,966.033 VND/khách,05:45,04 thg 5,04 thg 5,06:40,55m,"TP HCM (SGN)
Sân bay Tân Sơn Nhất
Nhà ga T3","Đà Lạt (DLI)
Sân bay Liên Khương",24-04-2025,,
Vietnam Airlines,966.033 VND/khách,22:20,04 thg 5,04 thg 5,23:20,1h 0m,"TP HCM (SGN)
Sân bay Tân Sơn Nhất
Nhà ga T3","Đà Lạt (DLI)
Sân bay Liên Khương",24-04-2025,,
Vietnam Airlines,977.022 VND/khách,08:55,04 thg 5,04 thg 5,09:50,55m,"TP HCM (SGN)
Sân bay Tân Sơn Nhất
Nhà ga 1","Đà Lạt (DLI)
Sân bay Liên Khương",24-04-2025,,
VietJet Air,1.061.340 VND/khách,15:35,04 thg 5,04 thg 5,16:30,55m,"TP HCM (SGN)
Sân bay Tân Sơn Nhất
Nhà ga 1","Đà Lạt (DLI)
Sân bay Liên Khương",24-04-2025,,
Bamboo Airways,782.244 VND/khách,16:45,04 thg 5,04 thg 5,17:40,55m,"TP HCM (SGN)
Sân bay Tân Sơn Nhất","Đà Lạt (DLI)
Sân bay Liên Khương",25-04-2025,Hành lý 0 kg,Hành lý xách tay 7 kg
VietJet Air,831.915 VND/khách,09:55,04 thg 5,04 thg 5,10:50,55m,"TP HCM (SGN)
Sân bay Tân Sơn Nhất
Nhà ga 1","Đà Lạt (DLI)
Sân bay Liên Khương",25-04-2025,Hành lý 0 kg,Hành lý xách tay 7 kg
Vietnam Airlines,979.020 VND/khách,05:45,04 thg 5,04 thg 5,06:40,55m,"TP HCM (SGN)
Sân bay Tân Sơn Nhất
Nhà ga T3","Đà Lạt (DLI)
Sân bay Liên Khương",25-04-2025,Hành lý 0 kg,Hành lý xách tay 1 x 12 kg
Vietnam Airlines,979.020 VND/khách,08:55,04 thg 5,04 thg 5,09:50,55m,"TP HCM (SGN)
Sân bay Tân Sơn Nhất
Nhà ga 1","Đà Lạt (DLI)
Sân bay Liên Khương",25-04-2025,Hành lý 0 kg,Hành lý xách tay 1 x 12 kg
Vietnam Airlines,979.020 VND/khách,22:20,04 thg 5,04 thg 5,23:20,1h 0m,"TP HCM (SGN)
Sân bay Tân Sơn Nhất
Nhà ga T3","Đà Lạt (DLI)
Sân bay Liên Khương",25-04-2025,Hành lý 0 kg,Hành lý xách tay 1 x 12 kg
VietJet Air,1.063.335 VND/khách,15:35,04 thg 5,04 thg 5,16:30,55m,"TP HCM (SGN)
Sân bay Tân Sơn Nhất
Nhà ga 1","Đà Lạt (DLI)
Sân bay Liên Khương",25-04-2025,Hành lý 0 kg,Hành lý xách tay 7 kg
Vietnam Airlines,1.163.835 VND/khách,05:45,05 thg 5,05 thg 5,06:40,55m,"TP HCM (SGN)
Sân bay Tân Sơn Nhất
Nhà ga 1","Đà Lạt (DLI)
Sân bay Liên Khương",15-04-2025,,
VietJet Air,800.993 VND/khách,09:55,05 thg 5,05 thg 5,10:50,55m,"TP HCM (SGN)
Sân bay Tân Sơn Nhất
Nhà ga 1","Đà Lạt (DLI)
Sân bay Liên Khương",15-04-2025,,
Vietnam Airlines,1.163.835 VND/khách,08:55,05 thg 5,05 thg 5,09:50,55m,"TP HCM (SGN)
Sân bay Tân Sơn Nhất
Nhà ga 1","Đà Lạt (DLI)
Sân bay Liên Khương",15-04-2025,,
Vietnam Airlines,1.389.609 VND/khách,21:10,05 thg 5,05 thg 5,22:10,1h 0m,"TP HCM (SGN)
Sân bay Tân Sơn Nhất
Nhà ga 1","Đà Lạt (DLI)
Sân bay Liên Khương",15-04-2025,,
Vietnam Airlines,936.600 VND/khách,05:45,05 thg 5,05 thg 5,06:40,55m,"TP HCM (SGN)
Sân bay Tân Sơn Nhất
Nhà ga 1","Đà Lạt (DLI)
Sân bay Liên Khương",16-04-2025,Hành lý 0 kg,Hành lý xách tay 1 x 12 kg
VietJet Air,839.148 VND/khách,09:55,05 thg 5,05 thg 5,10:50,55m,"TP HCM (SGN)
Sân bay Tân Sơn Nhất
Nhà ga 1","Đà Lạt (DLI)
Sân bay Liên Khương",16-04-2025,Hành lý 0 kg,Hành lý xách tay 7 kg
Vietnam Airlines,1.152.900 VND/khách,08:55,05 thg 5,05 thg 5,09:50,55m,"TP HCM (SGN)
Sân bay Tân Sơn Nhất
Nhà ga 1","Đà Lạt (DLI)
Sân bay Liên Khương",16-04-2025,Hành lý 23 kg,Hành lý xách tay 1 x 12 kg
Vietnam Airlines,1.152.900 VND/khách,10:15,05 thg 5,05 thg 5,11:10,55m,"TP HCM (SGN)
Sân bay Tân Sơn Nhất
Nhà ga 1","Đà Lạt (DLI)
Sân bay Liên Khương",16-04-2025,Hành lý 23 kg,Hành lý xách tay 1 x 12 kg
Vietnam Airlines,946.053 VND/khách,05:45,05 thg 5,05 thg 5,06:40,55m,"TP HCM (SGN)
Sân bay Tân Sơn Nhất
Nhà ga 1","Đà Lạt (DLI)
Sân bay Liên Khương",17-04-2025,Hành lý 0 kg,Hành lý xách tay 1 x 12 kg
VietJet Air,799.995 VND/khách,09:55,05 thg 5,05 thg 5,10:50,55m,"TP HCM (SGN)
Sân bay Tân Sơn Nhất
Nhà ga 1","Đà Lạt (DLI)
Sân bay Liên Khương",17-04-2025,Hành lý 0 kg,Hành lý xách tay 7 kg
Vietnam Airlines,939.060 VND/khách,08:55,05 thg 5,05 thg 5,09:50,55m,"TP HCM (SGN)
Sân bay Tân Sơn Nhất
Nhà ga 1","Đà Lạt (DLI)
Sân bay Liên Khương",17-04-2025,Hành lý 0 kg,Hành lý xách tay 1 x 12 kg
Vietnam Airlines,1.164.834 VND/khách,10:15,05 thg 5,05 thg 5,11:10,55m,"TP HCM (SGN)
Sân bay Tân Sơn Nhất
Nhà ga 1","Đà Lạt (DLI)
Sân bay Liên Khương",17-04-2025,Hành lý 23 kg,Hành lý xách tay 1 x 12 kg
VietJet Air,839.895 VND/khách,09:55,05 thg 5,05 thg 5,10:50,55m,"TP HCM (SGN)
Sân bay Tân Sơn Nhất
Nhà ga 1","Đà Lạt (DLI)
Sân bay Liên Khương",23-04-2025,Hành lý 0 kg,Hành lý xách tay 7 kg
Vietnam Airlines,979.020 VND/khách,05:45,05 thg 5,05 thg 5,06:40,55m,"TP HCM (SGN)
Sân bay Tân Sơn Nhất
Nhà ga 3","Đà Lạt (DLI)
Sân bay Liên Khương",23-04-2025,Hành lý 0 kg,Hành lý xách tay 1 x 12 kg
Vietnam Airlines,1.165.833 VND/khách,21:10,05 thg 5,05 thg 5,22:10,1h 0m,"TP HCM (SGN)
Sân bay Tân Sơn Nhất
Nhà ga 3","Đà Lạt (DLI)
Sân bay Liên Khương",23-04-2025,Hành lý 23 kg,Hành lý xách tay 1 x 12 kg
Vietnam Airlines,1.273.725 VND/khách,10:15,05 thg 5,05 thg 5,11:10,55m,"TP HCM (SGN)
Sân bay Tân Sơn Nhất
Nhà ga 3","Đà Lạt (DLI)
Sân bay Liên Khương",23-04-2025,Hành lý 23 kg,Hành lý xách tay 1 x 12 kg
VietJet Air,829.920 VND/khách,09:55,05 thg 5,05 thg 5,10:50,55m,"TP HCM (SGN)
Sân bay Tân Sơn Nhất
Nhà ga 1","Đà Lạt (DLI)
Sân bay Liên Khương",24-04-2025,,
Vietnam Airlines,977.022 VND/khách,05:45,05 thg 5,05 thg 5,06:40,55m,"TP HCM (SGN)
Sân bay Tân Sơn Nhất
Nhà ga T3","Đà Lạt (DLI)
Sân bay Liên Khương",24-04-2025,,
Vietnam Airlines,1.155.843 VND/khách,21:10,05 thg 5,05 thg 5,22:10,1h 0m,"TP HCM (SGN)
Sân bay Tân Sơn Nhất
Nhà ga T3","Đà Lạt (DLI)
Sân bay Liên Khương",24-04-2025,,
Vietnam Airlines,1.264.734 VND/khách,10:15,05 thg 5,05 thg 5,11:10,55m,"TP HCM (SGN)
Sân bay Tân Sơn Nhất
Nhà ga T3","Đà Lạt (DLI)
Sân bay Liên Khương",24-04-2025,,
VietJet Air,827.925 VND/khách,09:55,05 thg 5,05 thg 5,10:50,55m,"TP HCM (SGN)
Sân bay Tân Sơn Nhất
Nhà ga 1","Đà Lạt (DLI)
Sân bay Liên Khương",25-04-2025,Hành lý 0 kg,Hành lý xách tay 7 kg
Vietnam Airlines,979.020 VND/khách,05:45,05 thg 5,05 thg 5,06:40,55m,"TP HCM (SGN)
Sân bay Tân Sơn Nhất
Nhà ga T3","Đà Lạt (DLI)
Sân bay Liên Khương",25-04-2025,Hành lý 0 kg,Hành lý xách tay 1 x 12 kg
Vietnam Airlines,1.153.845 VND/khách,21:10,05 thg 5,05 thg 5,22:10,1h 0m,"TP HCM (SGN)
Sân bay Tân Sơn Nhất
Nhà ga T3","Đà Lạt (DLI)
Sân bay Liên Khương",25-04-2025,Hành lý 23 kg,Hành lý xách tay 1 x 12 kg
Vietnam Airlines,1.261.737 VND/khách,10:15,05 thg 5,05 thg 5,11:10,55m,"TP HCM (SGN)
Sân bay Tân Sơn Nhất
Nhà ga T3","Đà Lạt (DLI)
Sân bay Liên Khương",25-04-2025,Hành lý 23 kg,Hành lý xách tay 1 x 12 kg
Vietnam Airlines,936.600 VND/khách,17:25,06 thg 5,06 thg 5,18:20,55m,"TP HCM (SGN)
Sân bay Tân Sơn Nhất
Nhà ga 1","Đà Lạt (DLI)
Sân bay Liên Khương",16-04-2025,Hành lý 0 kg,Hành lý xách tay 1 x 12 kg
Bamboo Airways,786.175 VND/khách,16:45,06 thg 5,06 thg 5,17:40,55m,"TP HCM (SGN)
Sân bay Tân Sơn Nhất","Đà Lạt (DLI)
Sân bay Liên Khương",16-04-2025,Hành lý 0 kg,Hành lý xách tay 7 kg
VietJet Air,839.148 VND/khách,09:55,06 thg 5,06 thg 5,10:50,55m,"TP HCM (SGN)
Sân bay Tân Sơn Nhất
Nhà ga 1","Đà Lạt (DLI)
Sân bay Liên Khương",16-04-2025,Hành lý 0 kg,Hành lý xách tay 7 kg
Vietnam Airlines,1.084.650 VND/khách,08:55,06 thg 5,06 thg 5,09:50,55m,"TP HCM (SGN)
Sân bay Tân Sơn Nhất
Nhà ga 1","Đà Lạt (DLI)
Sân bay Liên Khương",16-04-2025,Hành lý 23 kg,Hành lý xách tay 1 x 12 kg
Vietnam Airlines,943.056 VND/khách,17:25,06 thg 5,06 thg 5,18:20,55m,"TP HCM (SGN)
Sân bay Tân Sơn Nhất
Nhà ga 1","Đà Lạt (DLI)
Sân bay Liên Khương",17-04-2025,Hành lý 0 kg,Hành lý xách tay 1 x 12 kg
Bamboo Airways,782.244 VND/khách,16:45,06 thg 5,06 thg 5,17:40,55m,"TP HCM (SGN)
Sân bay Tân Sơn Nhất","Đà Lạt (DLI)
Sân bay Liên Khương",17-04-2025,Hành lý 0 kg,Hành lý xách tay 7 kg
VietJet Air,799.995 VND/khách,09:55,06 thg 5,06 thg 5,10:50,55m,"TP HCM (SGN)
Sân bay Tân Sơn Nhất
Nhà ga 1","Đà Lạt (DLI)
Sân bay Liên Khương",17-04-2025,Hành lý 0 kg,Hành lý xách tay 7 kg
Vietnam Airlines,1.090.908 VND/khách,08:55,06 thg 5,06 thg 5,09:50,55m,"TP HCM (SGN)
Sân bay Tân Sơn Nhất
Nhà ga 1","Đà Lạt (DLI)
Sân bay Liên Khương",17-04-2025,Hành lý 23 kg,Hành lý xách tay 1 x 12 kg
Bamboo Airways,1.028.543 VND/khách,16:45,06 thg 5,06 thg 5,17:40,55m,"TP HCM (SGN)
Sân bay Tân Sơn Nhất","Đà Lạt (DLI)
Sân bay Liên Khương",23-04-2025,Hành lý 0 kg,Hành lý xách tay 7 kg
VietJet Air,839.895 VND/khách,09:55,06 thg 5,06 thg 5,10:50,55m,"TP HCM (SGN)
Sân bay Tân Sơn Nhất
Nhà ga 1","Đà Lạt (DLI)
Sân bay Liên Khương",23-04-2025,Hành lý 0 kg,Hành lý xách tay 7 kg
Vietnam Airlines,982.017 VND/khách,08:55,06 thg 5,06 thg 5,09:50,55m,"TP HCM (SGN)
Sân bay Tân Sơn Nhất
Nhà ga 1","Đà Lạt (DLI)
Sân bay Liên Khương",23-04-2025,Hành lý 0 kg,Hành lý xách tay 1 x 12 kg
Vietnam Airlines,982.017 VND/khách,17:25,06 thg 5,06 thg 5,18:20,55m,"TP HCM (SGN)
Sân bay Tân Sơn Nhất
Nhà ga 3","Đà Lạt (DLI)
Sân bay Liên Khương",23-04-2025,Hành lý 0 kg,Hành lý xách tay 1 x 12 kg
Bamboo Airways,747.353 VND/khách,16:45,06 thg 5,06 thg 5,17:40,55m,"TP HCM (SGN)
Sân bay Tân Sơn Nhất","Đà Lạt (DLI)
Sân bay Liên Khương",24-04-2025,,
VietJet Air,829.920 VND/khách,09:55,06 thg 5,06 thg 5,10:50,55m,"TP HCM (SGN)
Sân bay Tân Sơn Nhất
Nhà ga 1","Đà Lạt (DLI)
Sân bay Liên Khương",24-04-2025,,
Vietnam Airlines,977.022 VND/khách,08:55,06 thg 5,06 thg 5,09:50,55m,"TP HCM (SGN)
Sân bay Tân Sơn Nhất
Nhà ga 1","Đà Lạt (DLI)
Sân bay Liên Khương",24-04-2025,,
Vietnam Airlines,977.022 VND/khách,17:25,06 thg 5,06 thg 5,18:20,55m,"TP HCM (SGN)
Sân bay Tân Sơn Nhất
Nhà ga T3","Đà Lạt (DLI)
Sân bay Liên Khương",24-04-2025,,
Bamboo Airways,782.244 VND/khách,16:45,06 thg 5,06 thg 5,17:40,55m,"TP HCM (SGN)
Sân bay Tân Sơn Nhất","Đà Lạt (DLI)
Sân bay Liên Khương",25-04-2025,Hành lý 0 kg,Hành lý xách tay 7 kg
VietJet Air,827.925 VND/khách,09:55,06 thg 5,06 thg 5,10:50,55m,"TP HCM (SGN)
Sân bay Tân Sơn Nhất
Nhà ga 1","Đà Lạt (DLI)
Sân bay Liên Khương",25-04-2025,Hành lý 0 kg,Hành lý xách tay 7 kg
Vietnam Airlines,979.020 VND/khách,08:55,06 thg 5,06 thg 5,09:50,55m,"TP HCM (SGN)
Sân bay Tân Sơn Nhất
Nhà ga 1","Đà Lạt (DLI)
Sân bay Liên Khương",25-04-2025,Hành lý 0 kg,Hành lý xách tay 1 x 12 kg
Vietnam Airlines,993.381 VND/khách,17:25,06 thg 5,06 thg 5,18:20,55m,"TP HCM (SGN)
Sân bay Tân Sơn Nhất
Nhà ga T3","Đà Lạt (DLI)
Sân bay Liên Khương",25-04-2025,Hành lý 0 kg,Hành lý xách tay 1 x 12 kg
Vietnam Airlines,946.053 VND/khách,05:45,07 thg 5,07 thg 5,06:40,55m,"TP HCM (SGN)
Sân bay Tân Sơn Nhất
Nhà ga 1","Đà Lạt (DLI)
Sân bay Liên Khương",17-04-2025,Hành lý 0 kg,Hành lý xách tay 1 x 12 kg
VietJet Air,799.995 VND/khách,09:55,07 thg 5,07 thg 5,10:50,55m,"TP HCM (SGN)
Sân bay Tân Sơn Nhất
Nhà ga 1","Đà Lạt (DLI)
Sân bay Liên Khương",17-04-2025,Hành lý 0 kg,Hành lý xách tay 7 kg
Vietnam Airlines,946.053 VND/khách,08:55,07 thg 5,07 thg 5,09:50,55m,"TP HCM (SGN)
Sân bay Tân Sơn Nhất
Nhà ga 1","Đà Lạt (DLI)
Sân bay Liên Khương",17-04-2025,Hành lý 0 kg,Hành lý xách tay 1 x 12 kg
Vietnam Airlines,1.138.860 VND/khách,17:25,07 thg 5,07 thg 5,18:20,55m,"TP HCM (SGN)
Sân bay Tân Sơn Nhất
Nhà ga 1","Đà Lạt (DLI)
Sân bay Liên Khương",17-04-2025,Hành lý 23 kg,Hành lý xách tay 1 x 12 kg
VietJet Air,839.895 VND/khách,09:55,07 thg 5,07 thg 5,10:50,55m,"TP HCM (SGN)
Sân bay Tân Sơn Nhất
Nhà ga 1","Đà Lạt (DLI)
Sân bay Liên Khương",23-04-2025,Hành lý 0 kg,Hành lý xách tay 7 kg
Vietnam Airlines,949.050 VND/khách,05:45,07 thg 5,07 thg 5,06:40,55m,"TP HCM (SGN)
Sân bay Tân Sơn Nhất
Nhà ga 3","Đà Lạt (DLI)
Sân bay Liên Khương",23-04-2025,Hành lý 0 kg,Hành lý xách tay 1 x 12 kg
Vietnam Airlines,949.050 VND/khách,08:55,07 thg 5,07 thg 5,09:50,55m,"TP HCM (SGN)
Sân bay Tân Sơn Nhất
Nhà ga 1","Đà Lạt (DLI)
Sân bay Liên Khương",23-04-2025,Hành lý 0 kg,Hành lý xách tay 1 x 12 kg
Vietnam Airlines,1.161.837 VND/khách,17:25,07 thg 5,07 thg 5,18:20,55m,"TP HCM (SGN)
Sân bay Tân Sơn Nhất
Nhà ga 3","Đà Lạt (DLI)
Sân bay Liên Khương",23-04-2025,Hành lý 23 kg,Hành lý xách tay 1 x 12 kg
Vietnam Airlines,1.165.833 VND/khách,10:15,07 thg 5,07 thg 5,11:10,55m,"TP HCM (SGN)
Sân bay Tân Sơn Nhất
Nhà ga 3","Đà Lạt (DLI)
Sân bay Liên Khương",23-04-2025,Hành lý 23 kg,Hành lý xách tay 1 x 12 kg
VietJet Air,3.060.355 VND/khách,07:30,07 thg 5,07 thg 5,09:40,2h 10m,"TP HCM (SGN)
Sân bay Tân Sơn Nhất
Nhà ga 1","Hà Nội (HAN)
Sân bay Nội Bài
Nhà ga 1",23-04-2025,Hành lý 0 kg,Hành lý xách tay 7 kg
Vietnam Airlines,3.766.042 VND/khách,04:55,07 thg 5,07 thg 5,07:05,2h 10m,"TP HCM (SGN)
Sân bay Tân Sơn Nhất
Nhà ga 3","Hà Nội (HAN)
Sân bay Nội Bài",23-04-2025,Hành lý 1 x 23 kg,Hành lý xách tay 1 x 12 kg
Vietnam Airlines,3.979.522 VND/khách,06:00,07 thg 5,07 thg 5,08:05,2h 5m,"TP HCM (SGN)
Sân bay Tân Sơn Nhất
Nhà ga 3","Hà Nội (HAN)
Sân bay Nội Bài",23-04-2025,Hành lý 1 x 23 kg,Hành lý xách tay 1 x 12 kg
Vietnam Airlines,4.679.512 VND/khách,08:00,07 thg 5,07 thg 5,10:05,2h 5m,"TP HCM (SGN)
Sân bay Tân Sơn Nhất
Nhà ga 3","Hà Nội (HAN)
Sân bay Nội Bài",23-04-2025,Hành lý 23 kg,Hành lý xách tay 1 x 12 kg
Vietnam Airlines,4.839.106 VND/khách,07:00,07 thg 5,07 thg 5,09:05,2h 5m,"TP HCM (SGN)
Sân bay Tân Sơn Nhất
Nhà ga 3","Hà Nội (HAN)
Sân bay Nội Bài",23-04-2025,Hành lý 23 kg,Hành lý xách tay 1 x 12 kg
VietJet Air,829.920 VND/khách,09:55,07 thg 5,07 thg 5,10:50,55m,"TP HCM (SGN)
Sân bay Tân Sơn Nhất
Nhà ga 1","Đà Lạt (DLI)
Sân bay Liên Khương",24-04-2025,,
VietJet Air,828.923 VND/khách,09:55,07 thg 5,07 thg 5,10:50,55m,"TP HCM (SGN)
Sân bay Tân Sơn Nhất
Nhà ga 1","Đà Lạt (DLI)
Sân bay Liên Khương",25-04-2025,Hành lý 0 kg,Hành lý xách tay 7 kg
Vietnam Airlines,979.020 VND/khách,05:45,07 thg 5,07 thg 5,06:40,55m,"TP HCM (SGN)
Sân bay Tân Sơn Nhất
Nhà ga T3","Đà Lạt (DLI)
Sân bay Liên Khương",25-04-2025,Hành lý 0 kg,Hành lý xách tay 1 x 12 kg
Vietnam Airlines,979.020 VND/khách,08:55,07 thg 5,07 thg 5,09:50,55m,"TP HCM (SGN)
Sân bay Tân Sơn Nhất
Nhà ga 1","Đà Lạt (DLI)
Sân bay Liên Khương",25-04-2025,Hành lý 0 kg,Hành lý xách tay 1 x 12 kg
Vietnam Airlines,1.154.844 VND/khách,10:15,07 thg 5,07 thg 5,11:10,55m,"TP HCM (SGN)
Sân bay Tân Sơn Nhất
Nhà ga T3","Đà Lạt (DLI)
Sân bay Liên Khương",25-04-2025,Hành lý 23 kg,Hành lý xách tay 1 x 12 kg
Vietnam Airlines,1.161.837 VND/khách,17:25,07 thg 5,07 thg 5,18:20,55m,"TP HCM (SGN)
Sân bay Tân Sơn Nhất
Nhà ga T3","Đà Lạt (DLI)
Sân bay Liên Khương",25-04-2025,Hành lý 23 kg,Hành lý xách tay 1 x 12 kg
VietJet Air,2.922.700 VND/khách,07:30,07 thg 5,07 thg 5,09:40,2h 10m,"TP HCM (SGN)
Sân bay Tân Sơn Nhất
Nhà ga 1","Hà Nội (HAN)
Sân bay Nội Bài
Nhà ga 1",25-04-2025,Hành lý 0 kg,Hành lý xách tay 7 kg
Vietnam Airlines,4.839.106 VND/khách,08:00,07 thg 5,07 thg 5,10:05,2h 5m,"TP HCM (SGN)
Sân bay Tân Sơn Nhất
Nhà ga T3","Hà Nội (HAN)
Sân bay Nội Bài",25-04-2025,Hành lý 23 kg,Hành lý xách tay 1 x 12 kg
Vietnam Airlines,4.839.106 VND/khách,07:00,07 thg 5,07 thg 5,09:05,2h 5m,"TP HCM (SGN)
Sân bay Tân Sơn Nhất
Nhà ga T3","Hà Nội (HAN)
Sân bay Nội Bài",25-04-2025,Hành lý 23 kg,Hành lý xách tay 1 x 12 kg
Bamboo Airways,1.088.986 VND/khách,16:45,08 thg 5,08 thg 5,17:40,55m,"TP HCM (SGN)
Sân bay Tân Sơn Nhất","Đà Lạt (DLI)
Sân bay Liên Khương",23-04-2025,Hành lý 0 kg,Hành lý xách tay 7 kg
VietJet Air,835.905 VND/khách,09:55,08 thg 5,08 thg 5,10:50,55m,"TP HCM (SGN)
Sân bay Tân Sơn Nhất
Nhà ga 1","Đà Lạt (DLI)
Sân bay Liên Khương",23-04-2025,Hành lý 0 kg,Hành lý xách tay 7 kg
Vietnam Airlines,1.089.909 VND/khách,08:55,08 thg 5,08 thg 5,09:50,55m,"TP HCM (SGN)
Sân bay Tân Sơn Nhất
Nhà ga 1","Đà Lạt (DLI)
Sân bay Liên Khương",23-04-2025,Hành lý 23 kg,Hành lý xách tay 1 x 12 kg
Vietnam Airlines,1.168.830 VND/khách,17:25,08 thg 5,08 thg 5,18:20,55m,"TP HCM (SGN)
Sân bay Tân Sơn Nhất
Nhà ga 3","Đà Lạt (DLI)
Sân bay Liên Khương",23-04-2025,Hành lý 23 kg,Hành lý xách tay 1 x 12 kg
Bamboo Airways,747.353 VND/khách,16:45,08 thg 5,08 thg 5,17:40,55m,"TP HCM (SGN)
Sân bay Tân Sơn Nhất","Đà Lạt (DLI)
Sân bay Liên Khương",24-04-2025,,
VietJet Air,829.920 VND/khách,09:55,08 thg 5,08 thg 5,10:50,55m,"TP HCM (SGN)
Sân bay Tân Sơn Nhất
Nhà ga 1","Đà Lạt (DLI)
Sân bay Liên Khương",24-04-2025,,
Vietnam Airlines,1.088.910 VND/khách,08:55,08 thg 5,08 thg 5,09:50,55m,"TP HCM (SGN)
Sân bay Tân Sơn Nhất
Nhà ga 1","Đà Lạt (DLI)
Sân bay Liên Khương",24-04-2025,,
Vietnam Airlines,1.155.843 VND/khách,17:25,08 thg 5,08 thg 5,18:20,55m,"TP HCM (SGN)
Sân bay Tân Sơn Nhất
Nhà ga T3","Đà Lạt (DLI)
Sân bay Liên Khương",24-04-2025,,
Bamboo Airways,782.244 VND/khách,16:45,08 thg 5,08 thg 5,17:40,55m,"TP HCM (SGN)
Sân bay Tân Sơn Nhất","Đà Lạt (DLI)
Sân bay Liên Khương",25-04-2025,Hành lý 0 kg,Hành lý xách tay 7 kg
VietJet Air,828.923 VND/khách,09:55,08 thg 5,08 thg 5,10:50,55m,"TP HCM (SGN)
Sân bay Tân Sơn Nhất
Nhà ga 1","Đà Lạt (DLI)
Sân bay Liên Khương",25-04-2025,Hành lý 0 kg,Hành lý xách tay 7 kg
Vietnam Airlines,1.095.903 VND/khách,08:55,08 thg 5,08 thg 5,09:50,55m,"TP HCM (SGN)
Sân bay Tân Sơn Nhất
Nhà ga 1","Đà Lạt (DLI)
Sân bay Liên Khương",25-04-2025,Hành lý 23 kg,Hành lý xách tay 1 x 12 kg
Vietnam Airlines,1.161.837 VND/khách,17:25,08 thg 5,08 thg 5,18:20,55m,"TP HCM (SGN)
Sân bay Tân Sơn Nhất
Nhà ga T3","Đà Lạt (DLI)
Sân bay Liên Khương",25-04-2025,Hành lý 23 kg,Hành lý xách tay 1 x 12 kg
Vietnam Airlines,1.234.764 VND/khách,17:25,09 thg 5,09 thg 5,18:20,55m,"TP HCM (SGN)
Sân bay Tân Sơn Nhất
Nhà ga 3","Đà Lạt (DLI)
Sân bay Liên Khương",23-04-2025,Hành lý 23 kg,Hành lý xách tay 1 x 12 kg
VietJet Air,1.314.705 VND/khách,09:55,09 thg 5,09 thg 5,10:50,55m,"TP HCM (SGN)
Sân bay Tân Sơn Nhất
Nhà ga 1","Đà Lạt (DLI)
Sân bay Liên Khương",23-04-2025,Hành lý 0 kg,Hành lý xách tay 7 kg
Vietnam Airlines,1.383.615 VND/khách,05:45,09 thg 5,09 thg 5,06:40,55m,"TP HCM (SGN)
Sân bay Tân Sơn Nhất
Nhà ga 3","Đà Lạt (DLI)
Sân bay Liên Khương",23-04-2025,Hành lý 23 kg,Hành lý xách tay 1 x 12 kg
Vietnam Airlines,1.476.756 VND/khách,08:55,09 thg 5,09 thg 5,09:50,55m,"TP HCM (SGN)
Sân bay Tân Sơn Nhất
Nhà ga 3","Đà Lạt (DLI)
Sân bay Liên Khương",23-04-2025,Hành lý 23 kg,Hành lý xách tay 1 x 12 kg
Vietnam Airlines,1.476.756 VND/khách,10:15,09 thg 5,09 thg 5,11:10,55m,"TP HCM (SGN)
Sân bay Tân Sơn Nhất
Nhà ga 3","Đà Lạt (DLI)
Sân bay Liên Khương",23-04-2025,Hành lý 23 kg,Hành lý xách tay 1 x 12 kg
VietJet Air,1.319.693 VND/khách,09:55,09 thg 5,09 thg 5,10:50,55m,"TP HCM (SGN)
Sân bay Tân Sơn Nhất
Nhà ga 1","Đà Lạt (DLI)
Sân bay Liên Khương",24-04-2025,,
Vietnam Airlines,1.387.611 VND/khách,17:25,09 thg 5,09 thg 5,18:20,55m,"TP HCM (SGN)
Sân bay Tân Sơn Nhất
Nhà ga T3","Đà Lạt (DLI)
Sân bay Liên Khương",24-04-2025,,
Vietnam Airlines,1.495.503 VND/khách,08:55,09 thg 5,09 thg 5,09:50,55m,"TP HCM (SGN)
Sân bay Tân Sơn Nhất
Nhà ga T3","Đà Lạt (DLI)
Sân bay Liên Khương",24-04-2025,,
Vietnam Airlines,1.495.503 VND/khách,10:15,09 thg 5,09 thg 5,11:10,55m,"TP HCM (SGN)
Sân bay Tân Sơn Nhất
Nhà ga T3","Đà Lạt (DLI)
Sân bay Liên Khương",24-04-2025,,
Vietnam Airlines,1.577.814 VND/khách,05:45,09 thg 5,09 thg 5,06:40,55m,"TP HCM (SGN)
Sân bay Tân Sơn Nhất
Nhà ga T3","Đà Lạt (DLI)
Sân bay Liên Khương",24-04-2025,,
Vietnam Airlines,1.240.758 VND/khách,17:25,09 thg 5,09 thg 5,18:20,55m,"TP HCM (SGN)
Sân bay Tân Sơn Nhất
Nhà ga T3","Đà Lạt (DLI)
Sân bay Liên Khương",25-04-2025,Hành lý 23 kg,Hành lý xách tay 1 x 12 kg
VietJet Air,1.293.758 VND/khách,09:55,09 thg 5,09 thg 5,10:50,55m,"TP HCM (SGN)
Sân bay Tân Sơn Nhất
Nhà ga 1","Đà Lạt (DLI)
Sân bay Liên Khương",25-04-2025,Hành lý 0 kg,Hành lý xách tay 7 kg
Vietnam Airlines,1.486.512 VND/khách,10:15,09 thg 5,09 thg 5,11:10,55m,"TP HCM (SGN)
Sân bay Tân Sơn Nhất
Nhà ga T3","Đà Lạt (DLI)
Sân bay Liên Khương",25-04-2025,Hành lý 23 kg,Hành lý xách tay 1 x 12 kg
Vietnam Airlines,1.498.500 VND/khách,08:55,09 thg 5,09 thg 5,09:50,55m,"TP HCM (SGN)
Sân bay Tân Sơn Nhất
Nhà ga T3","Đà Lạt (DLI)
Sân bay Liên Khương",25-04-2025,Hành lý 23 kg,Hành lý xách tay 1 x 12 kg
Vietnam Airlines,1.527.121 VND/khách,05:45,09 thg 5,09 thg 5,06:40,55m,"TP HCM (SGN)
Sân bay Tân Sơn Nhất
Nhà ga T3","Đà Lạt (DLI)
Sân bay Liên Khương",25-04-2025,Hành lý 23 kg,Hành lý xách tay 1 x 12 kg
Bamboo Airways,1.088.986 VND/khách,16:45,10 thg 5,10 thg 5,17:40,55m,"TP HCM (SGN)
Sân bay Tân Sơn Nhất","Đà Lạt (DLI)
Sân bay Liên Khương",23-04-2025,Hành lý 0 kg,Hành lý xách tay 7 kg
Vietnam Airlines,1.161.837 VND/khách,17:25,10 thg 5,10 thg 5,18:20,55m,"TP HCM (SGN)
Sân bay Tân Sơn Nhất
Nhà ga 3","Đà Lạt (DLI)
Sân bay Liên Khương",23-04-2025,Hành lý 23 kg,Hành lý xách tay 1 x 12 kg
VietJet Air,1.179.045 VND/khách,09:55,10 thg 5,10 thg 5,10:50,55m,"TP HCM (SGN)
Sân bay Tân Sơn Nhất
Nhà ga 1","Đà Lạt (DLI)
Sân bay Liên Khương",23-04-2025,Hành lý 0 kg,Hành lý xách tay 7 kg
Vietnam Airlines,1.273.725 VND/khách,08:55,10 thg 5,10 thg 5,09:50,55m,"TP HCM (SGN)
Sân bay Tân Sơn Nhất
Nhà ga 3","Đà Lạt (DLI)
Sân bay Liên Khương",23-04-2025,Hành lý 23 kg,Hành lý xách tay 1 x 12 kg
Bamboo Airways,1.072.893 VND/khách,16:45,10 thg 5,10 thg 5,17:40,55m,"TP HCM (SGN)
Sân bay Tân Sơn Nhất","Đà Lạt (DLI)
Sân bay Liên Khương",24-04-2025,,
Vietnam Airlines,1.155.843 VND/khách,17:25,10 thg 5,10 thg 5,18:20,55m,"TP HCM (SGN)
Sân bay Tân Sơn Nhất
Nhà ga T3","Đà Lạt (DLI)
Sân bay Liên Khương",24-04-2025,,
VietJet Air,1.177.050 VND/khách,09:55,10 thg 5,10 thg 5,10:50,55m,"TP HCM (SGN)
Sân bay Tân Sơn Nhất
Nhà ga 1","Đà Lạt (DLI)
Sân bay Liên Khương",24-04-2025,,
Vietnam Airlines,1.264.734 VND/khách,08:55,10 thg 5,10 thg 5,09:50,55m,"TP HCM (SGN)
Sân bay Tân Sơn Nhất
Nhà ga T3","Đà Lạt (DLI)
Sân bay Liên Khương",24-04-2025,,
Bamboo Airways,1.145.320 VND/khách,16:45,10 thg 5,10 thg 5,17:40,55m,"TP HCM (SGN)
Sân bay Tân Sơn Nhất","Đà Lạt (DLI)
Sân bay Liên Khương",25-04-2025,Hành lý 0 kg,Hành lý xách tay 7 kg
Vietnam Airlines,1.158.840 VND/khách,17:25,10 thg 5,10 thg 5,18:20,55m,"TP HCM (SGN)
Sân bay Tân Sơn Nhất
Nhà ga T3","Đà Lạt (DLI)
Sân bay Liên Khương",25-04-2025,Hành lý 23 kg,Hành lý xách tay 1 x 12 kg
VietJet Air,1.171.065 VND/khách,09:55,10 thg 5,10 thg 5,10:50,55m,"TP HCM (SGN)
Sân bay Tân Sơn Nhất
Nhà ga 1","Đà Lạt (DLI)
Sân bay Liên Khương",25-04-2025,Hành lý 0 kg,Hành lý xách tay 7 kg
Vietnam Airlines,1.261.737 VND/khách,08:55,10 thg 5,10 thg 5,09:50,55m,"TP HCM (SGN)
Sân bay Tân Sơn Nhất
Nhà ga T3","Đà Lạt (DLI)
Sân bay Liên Khương",25-04-2025,Hành lý 23 kg,Hành lý xách tay 1 x 12 kg
Vietnam Airlines,948.051 VND/khách,05:45,11 thg 5,11 thg 5,06:40,55m,"TP HCM (SGN)
Sân bay Tân Sơn Nhất
Nhà ga 3","Đà Lạt (DLI)
Sân bay Liên Khương",23-04-2025,Hành lý 0 kg,Hành lý xách tay 1 x 12 kg
Vietnam Airlines,948.051 VND/khách,17:25,11 thg 5,11 thg 5,18:20,55m,"TP HCM (SGN)
Sân bay Tân Sơn Nhất
Nhà ga 3","Đà Lạt (DLI)
Sân bay Liên Khương",23-04-2025,Hành lý 0 kg,Hành lý xách tay 1 x 12 kg
VietJet Air,1.062.338 VND/khách,09:55,11 thg 5,11 thg 5,10:50,55m,"TP HCM (SGN)
Sân bay Tân Sơn Nhất
Nhà ga 1","Đà Lạt (DLI)
Sân bay Liên Khương",23-04-2025,Hành lý 0 kg,Hành lý xách tay 7 kg
Vietnam Airlines,1.164.834 VND/khách,08:55,11 thg 5,11 thg 5,09:50,55m,"TP HCM (SGN)
Sân bay Tân Sơn Nhất
Nhà ga 3","Đà Lạt (DLI)
Sân bay Liên Khương",23-04-2025,Hành lý 23 kg,Hành lý xách tay 1 x 12 kg
Vietnam Airlines,1.164.834 VND/khách,10:15,11 thg 5,11 thg 5,11:10,55m,"TP HCM (SGN)
Sân bay Tân Sơn Nhất
Nhà ga 3","Đà Lạt (DLI)
Sân bay Liên Khương",23-04-2025,Hành lý 23 kg,Hành lý xách tay 1 x 12 kg
VietJet Air,2.020.960 VND/khách,05:00,11 thg 5,11 thg 5,06:20,1h 20m,"TP HCM (SGN)
Sân bay Tân Sơn Nhất
Nhà ga 1","Đà Nẵng (DAD)
Sân bay Đà Nẵng",23-04-2025,Hành lý 0 kg,Hành lý xách tay 7 kg
VietJet Air,2.288.290 VND/khách,06:50,11 thg 5,11 thg 5,08:10,1h 20m,"TP HCM (SGN)
Sân bay Tân Sơn Nhất
Nhà ga 1","Đà Nẵng (DAD)
Sân bay Đà Nẵng",23-04-2025,Hành lý 0 kg,Hành lý xách tay 7 kg
VietJet Air,2.289.288 VND/khách,09:35,11 thg 5,11 thg 5,10:55,1h 20m,"TP HCM (SGN)
Sân bay Tân Sơn Nhất
Nhà ga 1","Đà Nẵng (DAD)
Sân bay Đà Nẵng",23-04-2025,Hành lý 0 kg,Hành lý xách tay 7 kg
VietJet Air,2.946.640 VND/khách,07:30,11 thg 5,11 thg 5,09:40,2h 10m,"TP HCM (SGN)
Sân bay Tân Sơn Nhất
Nhà ga 1","Hà Nội (HAN)
Sân bay Nội Bài
Nhà ga 1",23-04-2025,Hành lý 0 kg,Hành lý xách tay 7 kg
Vietnam Airlines,3.765.043 VND/khách,06:00,11 thg 5,11 thg 5,08:05,2h 5m,"TP HCM (SGN)
Sân bay Tân Sơn Nhất
Nhà ga 3","Hà Nội (HAN)
Sân bay Nội Bài",23-04-2025,Hành lý 1 x 23 kg,Hành lý xách tay 1 x 12 kg
Vietnam Airlines,4.242.301 VND/khách,08:00,11 thg 5,11 thg 5,10:05,2h 5m,"TP HCM (SGN)
Sân bay Tân Sơn Nhất
Nhà ga 3","Hà Nội (HAN)
Sân bay Nội Bài",23-04-2025,Hành lý 23 kg,Hành lý xách tay 1 x 12 kg
Vietnam Airlines,4.242.301 VND/khách,07:00,11 thg 5,11 thg 5,09:05,2h 5m,"TP HCM (SGN)
Sân bay Tân Sơn Nhất
Nhà ga 3","Hà Nội (HAN)
Sân bay Nội Bài",23-04-2025,Hành lý 23 kg,Hành lý xách tay 1 x 12 kg
VietJet Air,831.915 VND/khách,09:55,11 thg 5,11 thg 5,10:50,55m,"TP HCM (SGN)
Sân bay Tân Sơn Nhất
Nhà ga 1","Đà Lạt (DLI)
Sân bay Liên Khương",24-04-2025,,
Vietnam Airlines,947.052 VND/khách,05:45,11 thg 5,11 thg 5,06:40,55m,"TP HCM (SGN)
Sân bay Tân Sơn Nhất
Nhà ga T3","Đà Lạt (DLI)
Sân bay Liên Khương",24-04-2025,,
Vietnam Airlines,947.052 VND/khách,17:25,11 thg 5,11 thg 5,18:20,55m,"TP HCM (SGN)
Sân bay Tân Sơn Nhất
Nhà ga T3","Đà Lạt (DLI)
Sân bay Liên Khương",24-04-2025,,
Vietnam Airlines,1.155.843 VND/khách,08:55,11 thg 5,11 thg 5,09:50,55m,"TP HCM (SGN)
Sân bay Tân Sơn Nhất
Nhà ga T3","Đà Lạt (DLI)
Sân bay Liên Khương",24-04-2025,,
Vietnam Airlines,1.264.734 VND/khách,10:15,11 thg 5,11 thg 5,11:10,55m,"TP HCM (SGN)
Sân bay Tân Sơn Nhất
Nhà ga T3","Đà Lạt (DLI)
Sân bay Liên Khương",24-04-2025,,
VietJet Air,828.923 VND/khách,09:55,11 thg 5,11 thg 5,10:50,55m,"TP HCM (SGN)
Sân bay Tân Sơn Nhất
Nhà ga 1","Đà Lạt (DLI)
Sân bay Liên Khương",25-04-2025,Hành lý 0 kg,Hành lý xách tay 7 kg
Vietnam Airlines,950.049 VND/khách,05:45,11 thg 5,11 thg 5,06:40,55m,"TP HCM (SGN)
Sân bay Tân Sơn Nhất
Nhà ga T3","Đà Lạt (DLI)
Sân bay Liên Khương",25-04-2025,Hành lý 0 kg,Hành lý xách tay 1 x 12 kg
Vietnam Airlines,950.049 VND/khách,17:25,11 thg 5,11 thg 5,18:20,55m,"TP HCM (SGN)
Sân bay Tân Sơn Nhất
Nhà ga T3","Đà Lạt (DLI)
Sân bay Liên Khương",25-04-2025,Hành lý 0 kg,Hành lý xách tay 1 x 12 kg
Vietnam Airlines,1.162.836 VND/khách,08:55,11 thg 5,11 thg 5,09:50,55m,"TP HCM (SGN)
Sân bay Tân Sơn Nhất
Nhà ga T3","Đà Lạt (DLI)
Sân bay Liên Khương",25-04-2025,Hành lý 23 kg,Hành lý xách tay 1 x 12 kg
Vietnam Airlines,1.263.735 VND/khách,10:15,11 thg 5,11 thg 5,11:10,55m,"TP HCM (SGN)
Sân bay Tân Sơn Nhất
Nhà ga T3","Đà Lạt (DLI)
Sân bay Liên Khương",25-04-2025,Hành lý 23 kg,Hành lý xách tay 1 x 12 kg
VietJet Air,828.835 VND/khách,15:35,21 thg 4,21 thg 4,16:30,55m,"TP HCM (SGN)
Sân bay Tân Sơn Nhất
Nhà ga 1","Đà Lạt (DLI)
Sân bay Liên Khương",07-04-2025,,
Vietnam Airlines,922.704 VND/khách,05:45,21 thg 4,21 thg 4,06:40,55m,"TP HCM (SGN)
Sân bay Tân Sơn Nhất
Nhà ga 1","Đà Lạt (DLI)
Sân bay Liên Khương",07-04-2025,,
Vietnam Airlines,922.704 VND/khách,08:55,21 thg 4,21 thg 4,09:50,55m,"TP HCM (SGN)
Sân bay Tân Sơn Nhất
Nhà ga 1","Đà Lạt (DLI)
Sân bay Liên Khương",07-04-2025,,
Vietnam Airlines,922.704 VND/khách,21:10,21 thg 4,21 thg 4,22:10,1h 0m,"TP HCM (SGN)
Sân bay Tân Sơn Nhất
Nhà ga 1","Đà Lạt (DLI)
Sân bay Liên Khương",07-04-2025,,
Vietnam Airlines,1.247.511 VND/khách,10:15,21 thg 4,21 thg 4,11:10,55m,"TP HCM (SGN)
Sân bay Tân Sơn Nhất
Nhà ga 1","Đà Lạt (DLI)
Sân bay Liên Khương",07-04-2025,,
Vietnam Airlines,1.247.511 VND/khách,17:25,21 thg 4,21 thg 4,18:20,55m,"TP HCM (SGN)
Sân bay Tân Sơn Nhất
Nhà ga 1","Đà Lạt (DLI)
Sân bay Liên Khương",07-04-2025,,
VietJet Air,796.971 VND/khách,15:35,21 thg 4,21 thg 4,16:30,55m,"TP HCM (SGN)
Sân bay Tân Sơn Nhất
Nhà ga 1","Đà Lạt (DLI)
Sân bay Liên Khương",08-04-2025,,
Vietnam Airlines,956.839 VND/khách,05:45,21 thg 4,21 thg 4,06:40,55m,"TP HCM (SGN)
Sân bay Tân Sơn Nhất
Nhà ga 1","Đà Lạt (DLI)
Sân bay Liên Khương",08-04-2025,,
Vietnam Airlines,956.839 VND/khách,08:55,21 thg 4,21 thg 4,09:50,55m,"TP HCM (SGN)
Sân bay Tân Sơn Nhất
Nhà ga 1","Đà Lạt (DLI)
Sân bay Liên Khương",08-04-2025,,
Vietnam Airlines,1.247.511 VND/khách,17:25,21 thg 4,21 thg 4,18:20,55m,"TP HCM (SGN)
Sân bay Tân Sơn Nhất
Nhà ga 1","Đà Lạt (DLI)
Sân bay Liên Khương",08-04-2025,,
Vietnam Airlines,1.970.572 VND/khách,10:15,21 thg 4,21 thg 4,11:10,55m,"TP HCM (SGN)
Sân bay Tân Sơn Nhất
Nhà ga 1","Đà Lạt (DLI)
Sân bay Liên Khương",08-04-2025,,
Vietnam Airlines,1.970.572 VND/khách,21:10,21 thg 4,21 thg 4,22:10,1h 0m,"TP HCM (SGN)
Sân bay Tân Sơn Nhất
Nhà ga 1","Đà Lạt (DLI)
Sân bay Liên Khương",08-04-2025,,
VietJet Air,799.980 VND/khách,15:35,21 thg 4,21 thg 4,16:30,55m,"TP HCM (SGN)
Sân bay Tân Sơn Nhất
Nhà ga 1","Đà Lạt (DLI)
Sân bay Liên Khương",09-04-2025,,
Vietnam Airlines,973.026 VND/khách,05:45,21 thg 4,21 thg 4,06:40,55m,"TP HCM (SGN)
Sân bay Tân Sơn Nhất
Nhà ga 1","Đà Lạt (DLI)
Sân bay Liên Khương",09-04-2025,,
Vietnam Airlines,973.026 VND/khách,08:55,21 thg 4,21 thg 4,09:50,55m,"TP HCM (SGN)
Sân bay Tân Sơn Nhất
Nhà ga 1","Đà Lạt (DLI)
Sân bay Liên Khương",09-04-2025,,
Vietnam Airlines,973.026 VND/khách,21:10,21 thg 4,21 thg 4,22:10,1h 0m,"TP HCM (SGN)
Sân bay Tân Sơn Nhất
Nhà ga 1","Đà Lạt (DLI)
Sân bay Liên Khương",09-04-2025,,
Vietnam Airlines,1.132.866 VND/khách,17:25,21 thg 4,21 thg 4,18:20,55m,"TP HCM (SGN)
Sân bay Tân Sơn Nhất
Nhà ga 1","Đà Lạt (DLI)
Sân bay Liên Khương",09-04-2025,,
Vietnam Airlines,1.153.845 VND/khách,10:15,21 thg 4,21 thg 4,11:10,55m,"TP HCM (SGN)
Sân bay Tân Sơn Nhất
Nhà ga 1","Đà Lạt (DLI)
Sân bay Liên Khương",09-04-2025,,
VietJet Air,836.795 VND/khách,15:35,21 thg 4,21 thg 4,16:30,55m,"TP HCM (SGN)
Sân bay Tân Sơn Nhất
Nhà ga 1","Đà Lạt (DLI)
Sân bay Liên Khương",10-04-2025,,
Vietnam Airlines,983.016 VND/khách,05:45,21 thg 4,21 thg 4,06:40,55m,"TP HCM (SGN)
Sân bay Tân Sơn Nhất
Nhà ga 1","Đà Lạt (DLI)
Sân bay Liên Khương",10-04-2025,,
Vietnam Airlines,983.016 VND/khách,21:10,21 thg 4,21 thg 4,22:10,1h 0m,"TP HCM (SGN)
Sân bay Tân Sơn Nhất
Nhà ga 1","Đà Lạt (DLI)
Sân bay Liên Khương",10-04-2025,,
Vietnam Airlines,1.148.850 VND/khách,17:25,21 thg 4,21 thg 4,18:20,55m,"TP HCM (SGN)
Sân bay Tân Sơn Nhất
Nhà ga 1","Đà Lạt (DLI)
Sân bay Liên Khương",10-04-2025,,
Vietnam Airlines,1.377.621 VND/khách,10:15,21 thg 4,21 thg 4,11:10,55m,"TP HCM (SGN)
Sân bay Tân Sơn Nhất
Nhà ga 1","Đà Lạt (DLI)
Sân bay Liên Khương",10-04-2025,,
VietJet Air,822.865 VND/khách,15:35,21 thg 4,21 thg 4,16:30,55m,"TP HCM (SGN)
Sân bay Tân Sơn Nhất
Nhà ga 1","Đà Lạt (DLI)
Sân bay Liên Khương",11-04-2025,,
Vietnam Airlines,977.022 VND/khách,05:45,21 thg 4,21 thg 4,06:40,55m,"TP HCM (SGN)
Sân bay Tân Sơn Nhất
Nhà ga 1","Đà Lạt (DLI)
Sân bay Liên Khương",11-04-2025,,
Vietnam Airlines,977.022 VND/khách,21:10,21 thg 4,21 thg 4,22:10,1h 0m,"TP HCM (SGN)
Sân bay Tân Sơn Nhất
Nhà ga 1","Đà Lạt (DLI)
Sân bay Liên Khương",11-04-2025,,
Vietnam Airlines,1.135.021 VND/khách,17:25,21 thg 4,21 thg 4,18:20,55m,"TP HCM (SGN)
Sân bay Tân Sơn Nhất
Nhà ga 1","Đà Lạt (DLI)
Sân bay Liên Khương",11-04-2025,,
Vietnam Airlines,1.358.304 VND/khách,10:15,21 thg 4,21 thg 4,11:10,55m,"TP HCM (SGN)
Sân bay Tân Sơn Nhất
Nhà ga 1","Đà Lạt (DLI)
Sân bay Liên Khương",11-04-2025,,
VietJet Air,832.000 VND/khách,15:35,21 thg 4,21 thg 4,16:30,55m,"TP HCM (SGN)
Sân bay Tân Sơn Nhất
Nhà ga 1","Đà Lạt (DLI)
Sân bay Liên Khương",12-04-2025,Hành lý 0 kg,Hành lý xách tay 7 kg
Vietnam Airlines,986.013 VND/khách,05:45,21 thg 4,21 thg 4,06:40,55m,"TP HCM (SGN)
Sân bay Tân Sơn Nhất
Nhà ga 1","Đà Lạt (DLI)
Sân bay Liên Khương",12-04-2025,Hành lý 0 kg,Hành lý xách tay 1 x 12 kg
Vietnam Airlines,986.013 VND/khách,21:10,21 thg 4,21 thg 4,22:10,1h 0m,"TP HCM (SGN)
Sân bay Tân Sơn Nhất
Nhà ga 1","Đà Lạt (DLI)
Sân bay Liên Khương",12-04-2025,Hành lý 0 kg,Hành lý xách tay 1 x 12 kg
Vietnam Airlines,1.135.523 VND/khách,17:25,21 thg 4,21 thg 4,18:20,55m,"TP HCM (SGN)
Sân bay Tân Sơn Nhất
Nhà ga 1","Đà Lạt (DLI)
Sân bay Liên Khương",12-04-2025,Hành lý 23 kg,Hành lý xách tay 1 x 12 kg
Vietnam Airlines,1.358.906 VND/khách,10:15,21 thg 4,21 thg 4,11:10,55m,"TP HCM (SGN)
Sân bay Tân Sơn Nhất
Nhà ga 1","Đà Lạt (DLI)
Sân bay Liên Khương",12-04-2025,Hành lý 23 kg,Hành lý xách tay 1 x 12 kg
VietJet Air,827.840 VND/khách,15:35,21 thg 4,21 thg 4,16:30,55m,"TP HCM (SGN)
Sân bay Tân Sơn Nhất
Nhà ga 1","Đà Lạt (DLI)
Sân bay Liên Khương",13-04-2025,Hành lý 0 kg,Hành lý xách tay 7 kg
Vietnam Airlines,986.013 VND/khách,05:45,21 thg 4,21 thg 4,06:40,55m,"TP HCM (SGN)
Sân bay Tân Sơn Nhất
Nhà ga 1","Đà Lạt (DLI)
Sân bay Liên Khương",13-04-2025,Hành lý 0 kg,Hành lý xách tay 1 x 12 kg
Vietnam Airlines,986.013 VND/khách,21:10,21 thg 4,21 thg 4,22:10,1h 0m,"TP HCM (SGN)
Sân bay Tân Sơn Nhất
Nhà ga 1","Đà Lạt (DLI)
Sân bay Liên Khương",13-04-2025,Hành lý 0 kg,Hành lý xách tay 1 x 12 kg
Vietnam Airlines,1.135.902 VND/khách,17:25,21 thg 4,21 thg 4,18:20,55m,"TP HCM (SGN)
Sân bay Tân Sơn Nhất
Nhà ga 1","Đà Lạt (DLI)
Sân bay Liên Khương",13-04-2025,Hành lý 23 kg,Hành lý xách tay 1 x 12 kg
Vietnam Airlines,1.571.436 VND/khách,10:15,21 thg 4,21 thg 4,11:10,55m,"TP HCM (SGN)
Sân bay Tân Sơn Nhất
Nhà ga 1","Đà Lạt (DLI)
Sân bay Liên Khương",13-04-2025,Hành lý 23 kg,Hành lý xách tay 1 x 12 kg
Vietnam Airlines,977.022 VND/khách,05:45,21 thg 4,21 thg 4,06:40,55m,"TP HCM (SGN)
Sân bay Tân Sơn Nhất
Nhà ga 1","Đà Lạt (DLI)
Sân bay Liên Khương",14-04-2025,Hành lý 0 kg,Hành lý xách tay 1 x 12 kg
VietJet Air,798.000 VND/khách,15:35,21 thg 4,21 thg 4,16:30,55m,"TP HCM (SGN)
Sân bay Tân Sơn Nhất
Nhà ga 1","Đà Lạt (DLI)
Sân bay Liên Khương",14-04-2025,Hành lý 0 kg,Hành lý xách tay 7 kg
Vietnam Airlines,977.022 VND/khách,21:10,21 thg 4,21 thg 4,22:10,1h 0m,"TP HCM (SGN)
Sân bay Tân Sơn Nhất
Nhà ga 1","Đà Lạt (DLI)
Sân bay Liên Khương",14-04-2025,Hành lý 0 kg,Hành lý xách tay 1 x 12 kg
Vietnam Airlines,1.150.848 VND/khách,17:25,21 thg 4,21 thg 4,18:20,55m,"TP HCM (SGN)
Sân bay Tân Sơn Nhất
Nhà ga 1","Đà Lạt (DLI)
Sân bay Liên Khương",14-04-2025,Hành lý 23 kg,Hành lý xách tay 1 x 12 kg
Vietnam Airlines,1.011.987 VND/khách,05:45,21 thg 4,21 thg 4,06:40,55m,"TP HCM (SGN)
Sân bay Tân Sơn Nhất
Nhà ga 1","Đà Lạt (DLI)
Sân bay Liên Khương",15-04-2025,,
VietJet Air,801.990 VND/khách,15:35,21 thg 4,21 thg 4,16:30,55m,"TP HCM (SGN)
Sân bay Tân Sơn Nhất
Nhà ga 1","Đà Lạt (DLI)
Sân bay Liên Khương",15-04-2025,,
Vietnam Airlines,1.011.987 VND/khách,21:10,21 thg 4,21 thg 4,22:10,1h 0m,"TP HCM (SGN)
Sân bay Tân Sơn Nhất
Nhà ga 1","Đà Lạt (DLI)
Sân bay Liên Khương",15-04-2025,,
Vietnam Airlines,1.156.842 VND/khách,17:25,21 thg 4,21 thg 4,18:20,55m,"TP HCM (SGN)
Sân bay Tân Sơn Nhất
Nhà ga 1","Đà Lạt (DLI)
Sân bay Liên Khương",15-04-2025,,
Vietnam Airlines,1.004.850 VND/khách,21:10,21 thg 4,21 thg 4,22:10,1h 0m,"TP HCM (SGN)
Sân bay Tân Sơn Nhất
Nhà ga 1","Đà Lạt (DLI)
Sân bay Liên Khương",16-04-2025,Hành lý 0 kg,Hành lý xách tay 1 x 12 kg
VietJet Air,839.148 VND/khách,15:35,21 thg 4,21 thg 4,16:30,55m,"TP HCM (SGN)
Sân bay Tân Sơn Nhất
Nhà ga 1","Đà Lạt (DLI)
Sân bay Liên Khương",16-04-2025,Hành lý 0 kg,Hành lý xách tay 7 kg
Vietnam Airlines,1.152.900 VND/khách,05:45,21 thg 4,21 thg 4,06:40,55m,"TP HCM (SGN)
Sân bay Tân Sơn Nhất
Nhà ga 1","Đà Lạt (DLI)
Sân bay Liên Khương",16-04-2025,Hành lý 23 kg,Hành lý xách tay 1 x 12 kg
Vietnam Airlines,1.152.900 VND/khách,17:25,21 thg 4,21 thg 4,18:20,55m,"TP HCM (SGN)
Sân bay Tân Sơn Nhất
Nhà ga 1","Đà Lạt (DLI)
Sân bay Liên Khương",16-04-2025,Hành lý 23 kg,Hành lý xách tay 1 x 12 kg
Vietnam Airlines,1.141.027 VND/khách,05:45,21 thg 4,21 thg 4,06:40,55m,"TP HCM (SGN)
Sân bay Tân Sơn Nhất
Nhà ga 1","Đà Lạt (DLI)
Sân bay Liên Khương",17-04-2025,Hành lý 23 kg,Hành lý xách tay 1 x 12 kg
VietJet Air,799.995 VND/khách,15:35,21 thg 4,21 thg 4,16:30,55m,"TP HCM (SGN)
Sân bay Tân Sơn Nhất
Nhà ga 1","Đà Lạt (DLI)
Sân bay Liên Khương",17-04-2025,Hành lý 0 kg,Hành lý xách tay 7 kg
Vietnam Airlines,1.391.607 VND/khách,17:25,21 thg 4,21 thg 4,18:20,55m,"TP HCM (SGN)
Sân bay Tân Sơn Nhất
Nhà ga 1","Đà Lạt (DLI)
Sân bay Liên Khương",17-04-2025,Hành lý 23 kg,Hành lý xách tay 1 x 12 kg
VietJet Air,835.800 VND/khách,15:35,22 thg 4,22 thg 4,16:30,55m,"TP HCM (SGN)
Sân bay Tân Sơn Nhất
Nhà ga 1","Đà Lạt (DLI)
Sân bay Liên Khương",07-04-2025,,
Vietnam Airlines,922.704 VND/khách,08:55,22 thg 4,22 thg 4,09:50,55m,"TP HCM (SGN)
Sân bay Tân Sơn Nhất
Nhà ga 1","Đà Lạt (DLI)
Sân bay Liên Khương",07-04-2025,,
Bamboo Airways,1.085.475 VND/khách,16:45,22 thg 4,22 thg 4,17:40,55m,"TP HCM (SGN)
Sân bay Tân Sơn Nhất","Đà Lạt (DLI)
Sân bay Liên Khương",07-04-2025,,
Vietnam Airlines,1.135.794 VND/khách,05:45,22 thg 4,22 thg 4,06:40,55m,"TP HCM (SGN)
Sân bay Tân Sơn Nhất
Nhà ga 1","Đà Lạt (DLI)
Sân bay Liên Khương",07-04-2025,,
Vietnam Airlines,1.247.511 VND/khách,10:15,22 thg 4,22 thg 4,11:10,55m,"TP HCM (SGN)
Sân bay Tân Sơn Nhất
Nhà ga 1","Đà Lạt (DLI)
Sân bay Liên Khương",07-04-2025,,
Vietnam Airlines,1.247.511 VND/khách,17:25,22 thg 4,22 thg 4,18:20,55m,"TP HCM (SGN)
Sân bay Tân Sơn Nhất
Nhà ga 1","Đà Lạt (DLI)
Sân bay Liên Khương",07-04-2025,,
Bamboo Airways,782.244 VND/khách,16:45,22 thg 4,22 thg 4,17:40,55m,"TP HCM (SGN)
Sân bay Tân Sơn Nhất","Đà Lạt (DLI)
Sân bay Liên Khương",08-04-2025,,
VietJet Air,829.641 VND/khách,15:35,22 thg 4,22 thg 4,16:30,55m,"TP HCM (SGN)
Sân bay Tân Sơn Nhất
Nhà ga 1","Đà Lạt (DLI)
Sân bay Liên Khương",08-04-2025,,
Vietnam Airlines,922.704 VND/khách,08:55,22 thg 4,22 thg 4,09:50,55m,"TP HCM (SGN)
Sân bay Tân Sơn Nhất
Nhà ga 1","Đà Lạt (DLI)
Sân bay Liên Khương",08-04-2025,,
Vietnam Airlines,1.135.794 VND/khách,05:45,22 thg 4,22 thg 4,06:40,55m,"TP HCM (SGN)
Sân bay Tân Sơn Nhất
Nhà ga 1","Đà Lạt (DLI)
Sân bay Liên Khương",08-04-2025,,
Vietnam Airlines,1.135.794 VND/khách,10:15,22 thg 4,22 thg 4,11:10,55m,"TP HCM (SGN)
Sân bay Tân Sơn Nhất
Nhà ga 1","Đà Lạt (DLI)
Sân bay Liên Khương",08-04-2025,,
Vietnam Airlines,1.135.794 VND/khách,17:25,22 thg 4,22 thg 4,18:20,55m,"TP HCM (SGN)
Sân bay Tân Sơn Nhất
Nhà ga 1","Đà Lạt (DLI)
Sân bay Liên Khương",08-04-2025,,
Bamboo Airways,782.244 VND/khách,16:45,22 thg 4,22 thg 4,17:40,55m,"TP HCM (SGN)
Sân bay Tân Sơn Nhất","Đà Lạt (DLI)
Sân bay Liên Khương",09-04-2025,,
VietJet Air,838.785 VND/khách,15:35,22 thg 4,22 thg 4,16:30,55m,"TP HCM (SGN)
Sân bay Tân Sơn Nhất
Nhà ga 1","Đà Lạt (DLI)
Sân bay Liên Khương",09-04-2025,,
Vietnam Airlines,957.976 VND/khách,05:45,22 thg 4,22 thg 4,06:40,55m,"TP HCM (SGN)
Sân bay Tân Sơn Nhất
Nhà ga 1","Đà Lạt (DLI)
Sân bay Liên Khương",09-04-2025,,
Vietnam Airlines,957.976 VND/khách,08:55,22 thg 4,22 thg 4,09:50,55m,"TP HCM (SGN)
Sân bay Tân Sơn Nhất
Nhà ga 1","Đà Lạt (DLI)
Sân bay Liên Khương",09-04-2025,,
Vietnam Airlines,1.137.142 VND/khách,10:15,22 thg 4,22 thg 4,11:10,55m,"TP HCM (SGN)
Sân bay Tân Sơn Nhất
Nhà ga 1","Đà Lạt (DLI)
Sân bay Liên Khương",09-04-2025,,
Vietnam Airlines,1.137.142 VND/khách,17:25,22 thg 4,22 thg 4,18:20,55m,"TP HCM (SGN)
Sân bay Tân Sơn Nhất
Nhà ga 1","Đà Lạt (DLI)
Sân bay Liên Khương",09-04-2025,,
Bamboo Airways,782.244 VND/khách,16:45,22 thg 4,22 thg 4,17:40,55m,"TP HCM (SGN)
Sân bay Tân Sơn Nhất","Đà Lạt (DLI)
Sân bay Liên Khương",10-04-2025,,
VietJet Air,836.795 VND/khách,15:35,22 thg 4,22 thg 4,16:30,55m,"TP HCM (SGN)
Sân bay Tân Sơn Nhất
Nhà ga 1","Đà Lạt (DLI)
Sân bay Liên Khương",10-04-2025,,
Vietnam Airlines,983.016 VND/khách,05:45,22 thg 4,22 thg 4,06:40,55m,"TP HCM (SGN)
Sân bay Tân Sơn Nhất
Nhà ga 1","Đà Lạt (DLI)
Sân bay Liên Khương",10-04-2025,,
Vietnam Airlines,1.137.050 VND/khách,17:25,22 thg 4,22 thg 4,18:20,55m,"TP HCM (SGN)
Sân bay Tân Sơn Nhất
Nhà ga 1","Đà Lạt (DLI)
Sân bay Liên Khương",10-04-2025,,
Bamboo Airways,782.244 VND/khách,16:45,22 thg 4,22 thg 4,17:40,55m,"TP HCM (SGN)
Sân bay Tân Sơn Nhất","Đà Lạt (DLI)
Sân bay Liên Khương",11-04-2025,,
Vietnam Airlines,979.020 VND/khách,05:45,22 thg 4,22 thg 4,06:40,55m,"TP HCM (SGN)
Sân bay Tân Sơn Nhất
Nhà ga 1","Đà Lạt (DLI)
Sân bay Liên Khương",11-04-2025,,
Vietnam Airlines,1.148.850 VND/khách,17:25,22 thg 4,22 thg 4,18:20,55m,"TP HCM (SGN)
Sân bay Tân Sơn Nhất
Nhà ga 1","Đà Lạt (DLI)
Sân bay Liên Khương",11-04-2025,,
Vietnam Airlines,1.273.725 VND/khách,10:15,22 thg 4,22 thg 4,11:10,55m,"TP HCM (SGN)
Sân bay Tân Sơn Nhất
Nhà ga 1","Đà Lạt (DLI)
Sân bay Liên Khương",11-04-2025,,
Bamboo Airways,782.244 VND/khách,16:45,22 thg 4,22 thg 4,17:40,55m,"TP HCM (SGN)
Sân bay Tân Sơn Nhất","Đà Lạt (DLI)
Sân bay Liên Khương",12-04-2025,Hành lý 0 kg,Hành lý xách tay 7 kg
Vietnam Airlines,979.020 VND/khách,05:45,22 thg 4,22 thg 4,06:40,55m,"TP HCM (SGN)
Sân bay Tân Sơn Nhất
Nhà ga 1","Đà Lạt (DLI)
Sân bay Liên Khương",12-04-2025,Hành lý 0 kg,Hành lý xách tay 1 x 12 kg
Vietnam Airlines,1.135.523 VND/khách,17:25,22 thg 4,22 thg 4,18:20,55m,"TP HCM (SGN)
Sân bay Tân Sơn Nhất
Nhà ga 1","Đà Lạt (DLI)
Sân bay Liên Khương",12-04-2025,Hành lý 23 kg,Hành lý xách tay 1 x 12 kg
Vietnam Airlines,1.247.214 VND/khách,10:15,22 thg 4,22 thg 4,11:10,55m,"TP HCM (SGN)
Sân bay Tân Sơn Nhất
Nhà ga 1","Đà Lạt (DLI)
Sân bay Liên Khương",12-04-2025,Hành lý 23 kg,Hành lý xách tay 1 x 12 kg
Bamboo Airways,782.244 VND/khách,16:45,22 thg 4,22 thg 4,17:40,55m,"TP HCM (SGN)
Sân bay Tân Sơn Nhất","Đà Lạt (DLI)
Sân bay Liên Khương",13-04-2025,Hành lý 0 kg,Hành lý xách tay 7 kg
Vietnam Airlines,987.012 VND/khách,05:45,22 thg 4,22 thg 4,06:40,55m,"TP HCM (SGN)
Sân bay Tân Sơn Nhất
Nhà ga 1","Đà Lạt (DLI)
Sân bay Liên Khương",13-04-2025,Hành lý 0 kg,Hành lý xách tay 1 x 12 kg
Vietnam Airlines,1.135.902 VND/khách,17:25,22 thg 4,22 thg 4,18:20,55m,"TP HCM (SGN)
Sân bay Tân Sơn Nhất
Nhà ga 1","Đà Lạt (DLI)
Sân bay Liên Khương",13-04-2025,Hành lý 23 kg,Hành lý xách tay 1 x 12 kg
Vietnam Airlines,1.247.631 VND/khách,10:15,22 thg 4,22 thg 4,11:10,55m,"TP HCM (SGN)
Sân bay Tân Sơn Nhất
Nhà ga 1","Đà Lạt (DLI)
Sân bay Liên Khương",13-04-2025,Hành lý 23 kg,Hành lý xách tay 1 x 12 kg
Vietnam Airlines,978.021 VND/khách,05:45,22 thg 4,22 thg 4,06:40,55m,"TP HCM (SGN)
Sân bay Tân Sơn Nhất
Nhà ga 1","Đà Lạt (DLI)
Sân bay Liên Khương",14-04-2025,Hành lý 0 kg,Hành lý xách tay 1 x 12 kg
Bamboo Airways,869.953 VND/khách,16:45,22 thg 4,22 thg 4,17:40,55m,"TP HCM (SGN)
Sân bay Tân Sơn Nhất","Đà Lạt (DLI)
Sân bay Liên Khương",14-04-2025,Hành lý 0 kg,Hành lý xách tay 7 kg
Vietnam Airlines,1.117.881 VND/khách,17:25,22 thg 4,22 thg 4,18:20,55m,"TP HCM (SGN)
Sân bay Tân Sơn Nhất
Nhà ga 1","Đà Lạt (DLI)
Sân bay Liên Khương",14-04-2025,Hành lý 23 kg,Hành lý xách tay 1 x 12 kg
VietJet Air,1.281.788 VND/khách,15:35,22 thg 4,22 thg 4,16:30,55m,"TP HCM (SGN)
Sân bay Tân Sơn Nhất
Nhà ga 1","Đà Lạt (DLI)
Sân bay Liên Khương",14-04-2025,Hành lý 0 kg,Hành lý xách tay 7 kg
Vietnam Airlines,971.028 VND/khách,05:45,22 thg 4,22 thg 4,06:40,55m,"TP HCM (SGN)
Sân bay Tân Sơn Nhất
Nhà ga 1","Đà Lạt (DLI)
Sân bay Liên Khương",15-04-2025,,
Bamboo Airways,932.152 VND/khách,16:45,22 thg 4,22 thg 4,17:40,55m,"TP HCM (SGN)
Sân bay Tân Sơn Nhất","Đà Lạt (DLI)
Sân bay Liên Khương",15-04-2025,,
Vietnam Airlines,1.163.835 VND/khách,17:25,22 thg 4,22 thg 4,18:20,55m,"TP HCM (SGN)
Sân bay Tân Sơn Nhất
Nhà ga 1","Đà Lạt (DLI)
Sân bay Liên Khương",15-04-2025,,
VietJet Air,1.286.775 VND/khách,15:35,22 thg 4,22 thg 4,16:30,55m,"TP HCM (SGN)
Sân bay Tân Sơn Nhất
Nhà ga 1","Đà Lạt (DLI)
Sân bay Liên Khương",15-04-2025,,
Vietnam Airlines,1.004.850 VND/khách,05:45,22 thg 4,22 thg 4,06:40,55m,"TP HCM (SGN)
Sân bay Tân Sơn Nhất
Nhà ga 1","Đà Lạt (DLI)
Sân bay Liên Khương",16-04-2025,Hành lý 0 kg,Hành lý xách tay 1 x 12 kg
Bamboo Airways,975.450 VND/khách,16:45,22 thg 4,22 thg 4,17:40,55m,"TP HCM (SGN)
Sân bay Tân Sơn Nhất","Đà Lạt (DLI)
Sân bay Liên Khương",16-04-2025,Hành lý 0 kg,Hành lý xách tay 7 kg
VietJet Air,1.069.019 VND/khách,15:35,22 thg 4,22 thg 4,16:30,55m,"TP HCM (SGN)
Sân bay Tân Sơn Nhất
Nhà ga 1","Đà Lạt (DLI)
Sân bay Liên Khương",16-04-2025,Hành lý 0 kg,Hành lý xách tay 7 kg
Vietnam Airlines,1.152.900 VND/khách,17:25,22 thg 4,22 thg 4,18:20,55m,"TP HCM (SGN)
Sân bay Tân Sơn Nhất
Nhà ga 1","Đà Lạt (DLI)
Sân bay Liên Khương",16-04-2025,Hành lý 23 kg,Hành lý xách tay 1 x 12 kg
Vietnam Airlines,1.001.997 VND/khách,05:45,22 thg 4,22 thg 4,06:40,55m,"TP HCM (SGN)
Sân bay Tân Sơn Nhất
Nhà ga 1","Đà Lạt (DLI)
Sân bay Liên Khương",17-04-2025,Hành lý 0 kg,Hành lý xách tay 1 x 12 kg
Bamboo Airways,869.953 VND/khách,16:45,22 thg 4,22 thg 4,17:40,55m,"TP HCM (SGN)
Sân bay Tân Sơn Nhất","Đà Lạt (DLI)
Sân bay Liên Khương",17-04-2025,Hành lý 0 kg,Hành lý xách tay 7 kg
VietJet Air,1.028.423 VND/khách,15:35,22 thg 4,22 thg 4,16:30,55m,"TP HCM (SGN)
Sân bay Tân Sơn Nhất
Nhà ga 1","Đà Lạt (DLI)
Sân bay Liên Khương",17-04-2025,Hành lý 0 kg,Hành lý xách tay 7 kg
Vietnam Airlines,1.135.863 VND/khách,17:25,22 thg 4,22 thg 4,18:20,55m,"TP HCM (SGN)
Sân bay Tân Sơn Nhất
Nhà ga 1","Đà Lạt (DLI)
Sân bay Liên Khương",17-04-2025,Hành lý 23 kg,Hành lý xách tay 1 x 12 kg
VietJet Air,835.800 VND/khách,15:35,23 thg 4,23 thg 4,16:30,55m,"TP HCM (SGN)
Sân bay Tân Sơn Nhất
Nhà ga 1","Đà Lạt (DLI)
Sân bay Liên Khương",07-04-2025,,
Vietnam Airlines,922.704 VND/khách,05:45,23 thg 4,23 thg 4,06:40,55m,"TP HCM (SGN)
Sân bay Tân Sơn Nhất
Nhà ga 1","Đà Lạt (DLI)
Sân bay Liên Khương",07-04-2025,,
Vietnam Airlines,922.704 VND/khách,08:55,23 thg 4,23 thg 4,09:50,55m,"TP HCM (SGN)
Sân bay Tân Sơn Nhất
Nhà ga 1","Đà Lạt (DLI)
Sân bay Liên Khương",07-04-2025,,
Vietnam Airlines,922.704 VND/khách,21:10,23 thg 4,23 thg 4,22:10,1h 0m,"TP HCM (SGN)
Sân bay Tân Sơn Nhất
Nhà ga 1","Đà Lạt (DLI)
Sân bay Liên Khương",07-04-2025,,
Vietnam Airlines,1.247.511 VND/khách,17:25,23 thg 4,23 thg 4,18:20,55m,"TP HCM (SGN)
Sân bay Tân Sơn Nhất
Nhà ga 1","Đà Lạt (DLI)
Sân bay Liên Khương",07-04-2025,,
Vietnam Airlines,1.359.229 VND/khách,10:15,23 thg 4,23 thg 4,11:10,55m,"TP HCM (SGN)
Sân bay Tân Sơn Nhất
Nhà ga 1","Đà Lạt (DLI)
Sân bay Liên Khương",07-04-2025,,
VietJet Air,833.602 VND/khách,15:35,23 thg 4,23 thg 4,16:30,55m,"TP HCM (SGN)
Sân bay Tân Sơn Nhất
Nhà ga 1","Đà Lạt (DLI)
Sân bay Liên Khương",08-04-2025,,
Vietnam Airlines,922.704 VND/khách,05:45,23 thg 4,23 thg 4,06:40,55m,"TP HCM (SGN)
Sân bay Tân Sơn Nhất
Nhà ga 1","Đà Lạt (DLI)
Sân bay Liên Khương",08-04-2025,,
Vietnam Airlines,922.704 VND/khách,08:55,23 thg 4,23 thg 4,09:50,55m,"TP HCM (SGN)
Sân bay Tân Sơn Nhất
Nhà ga 1","Đà Lạt (DLI)
Sân bay Liên Khương",08-04-2025,,
Vietnam Airlines,922.704 VND/khách,21:10,23 thg 4,23 thg 4,22:10,1h 0m,"TP HCM (SGN)
Sân bay Tân Sơn Nhất
Nhà ga 1","Đà Lạt (DLI)
Sân bay Liên Khương",08-04-2025,,
Vietnam Airlines,1.247.511 VND/khách,10:15,23 thg 4,23 thg 4,11:10,55m,"TP HCM (SGN)
Sân bay Tân Sơn Nhất
Nhà ga 1","Đà Lạt (DLI)
Sân bay Liên Khương",08-04-2025,,
Vietnam Airlines,1.247.511 VND/khách,17:25,23 thg 4,23 thg 4,18:20,55m,"TP HCM (SGN)
Sân bay Tân Sơn Nhất
Nhà ga 1","Đà Lạt (DLI)
Sân bay Liên Khương",08-04-2025,,
VietJet Air,799.980 VND/khách,15:35,23 thg 4,23 thg 4,16:30,55m,"TP HCM (SGN)
Sân bay Tân Sơn Nhất
Nhà ga 1","Đà Lạt (DLI)
Sân bay Liên Khương",09-04-2025,,
Vietnam Airlines,929.070 VND/khách,08:55,23 thg 4,23 thg 4,09:50,55m,"TP HCM (SGN)
Sân bay Tân Sơn Nhất
Nhà ga 1","Đà Lạt (DLI)
Sân bay Liên Khương",09-04-2025,,
Vietnam Airlines,936.063 VND/khách,05:45,23 thg 4,23 thg 4,06:40,55m,"TP HCM (SGN)
Sân bay Tân Sơn Nhất
Nhà ga 1","Đà Lạt (DLI)
Sân bay Liên Khương",09-04-2025,,
Vietnam Airlines,936.063 VND/khách,21:10,23 thg 4,23 thg 4,22:10,1h 0m,"TP HCM (SGN)
Sân bay Tân Sơn Nhất
Nhà ga 1","Đà Lạt (DLI)
Sân bay Liên Khương",09-04-2025,,
Vietnam Airlines,1.149.849 VND/khách,17:25,23 thg 4,23 thg 4,18:20,55m,"TP HCM (SGN)
Sân bay Tân Sơn Nhất
Nhà ga 1","Đà Lạt (DLI)
Sân bay Liên Khương",09-04-2025,,
Vietnam Airlines,1.260.738 VND/khách,10:15,23 thg 4,23 thg 4,11:10,55m,"TP HCM (SGN)
Sân bay Tân Sơn Nhất
Nhà ga 1","Đà Lạt (DLI)
Sân bay Liên Khương",09-04-2025,,
VietJet Air,836.795 VND/khách,15:35,23 thg 4,23 thg 4,16:30,55m,"TP HCM (SGN)
Sân bay Tân Sơn Nhất
Nhà ga 1","Đà Lạt (DLI)
Sân bay Liên Khương",10-04-2025,,
Vietnam Airlines,977.022 VND/khách,05:45,23 thg 4,23 thg 4,06:40,55m,"TP HCM (SGN)
Sân bay Tân Sơn Nhất
Nhà ga 1","Đà Lạt (DLI)
Sân bay Liên Khương",10-04-2025,,
Vietnam Airlines,977.022 VND/khách,08:55,23 thg 4,23 thg 4,09:50,55m,"TP HCM (SGN)
Sân bay Tân Sơn Nhất
Nhà ga 1","Đà Lạt (DLI)
Sân bay Liên Khương",10-04-2025,,
Vietnam Airlines,977.022 VND/khách,21:10,23 thg 4,23 thg 4,22:10,1h 0m,"TP HCM (SGN)
Sân bay Tân Sơn Nhất
Nhà ga 1","Đà Lạt (DLI)
Sân bay Liên Khương",10-04-2025,,
Vietnam Airlines,1.149.849 VND/khách,17:25,23 thg 4,23 thg 4,18:20,55m,"TP HCM (SGN)
Sân bay Tân Sơn Nhất
Nhà ga 1","Đà Lạt (DLI)
Sân bay Liên Khương",10-04-2025,,
Vietnam Airlines,1.260.738 VND/khách,10:15,23 thg 4,23 thg 4,11:10,55m,"TP HCM (SGN)
Sân bay Tân Sơn Nhất
Nhà ga 1","Đà Lạt (DLI)
Sân bay Liên Khương",10-04-2025,,
VietJet Air,822.865 VND/khách,15:35,23 thg 4,23 thg 4,16:30,55m,"TP HCM (SGN)
Sân bay Tân Sơn Nhất
Nhà ga 1","Đà Lạt (DLI)
Sân bay Liên Khương",11-04-2025,,
Vietnam Airlines,977.022 VND/khách,05:45,23 thg 4,23 thg 4,06:40,55m,"TP HCM (SGN)
Sân bay Tân Sơn Nhất
Nhà ga 1","Đà Lạt (DLI)
Sân bay Liên Khương",11-04-2025,,
Vietnam Airlines,977.022 VND/khách,08:55,23 thg 4,23 thg 4,09:50,55m,"TP HCM (SGN)
Sân bay Tân Sơn Nhất
Nhà ga 1","Đà Lạt (DLI)
Sân bay Liên Khương",11-04-2025,,
Vietnam Airlines,977.022 VND/khách,21:10,23 thg 4,23 thg 4,22:10,1h 0m,"TP HCM (SGN)
Sân bay Tân Sơn Nhất
Nhà ga 1","Đà Lạt (DLI)
Sân bay Liên Khương",11-04-2025,,
Vietnam Airlines,1.150.848 VND/khách,17:25,23 thg 4,23 thg 4,18:20,55m,"TP HCM (SGN)
Sân bay Tân Sơn Nhất
Nhà ga 1","Đà Lạt (DLI)
Sân bay Liên Khương",11-04-2025,,
Vietnam Airlines,1.260.738 VND/khách,10:15,23 thg 4,23 thg 4,11:10,55m,"TP HCM (SGN)
Sân bay Tân Sơn Nhất
Nhà ga 1","Đà Lạt (DLI)
Sân bay Liên Khương",11-04-2025,,
VietJet Air,828.000 VND/khách,15:35,23 thg 4,23 thg 4,16:30,55m,"TP HCM (SGN)
Sân bay Tân Sơn Nhất
Nhà ga 1","Đà Lạt (DLI)
Sân bay Liên Khương",12-04-2025,Hành lý 0 kg,Hành lý xách tay 7 kg
Vietnam Airlines,979.020 VND/khách,05:45,23 thg 4,23 thg 4,06:40,55m,"TP HCM (SGN)
Sân bay Tân Sơn Nhất
Nhà ga 1","Đà Lạt (DLI)
Sân bay Liên Khương",12-04-2025,Hành lý 0 kg,Hành lý xách tay 1 x 12 kg
Vietnam Airlines,979.020 VND/khách,08:55,23 thg 4,23 thg 4,09:50,55m,"TP HCM (SGN)
Sân bay Tân Sơn Nhất
Nhà ga 1","Đà Lạt (DLI)
Sân bay Liên Khương",12-04-2025,Hành lý 0 kg,Hành lý xách tay 1 x 12 kg
Vietnam Airlines,979.020 VND/khách,21:10,23 thg 4,23 thg 4,22:10,1h 0m,"TP HCM (SGN)
Sân bay Tân Sơn Nhất
Nhà ga 1","Đà Lạt (DLI)
Sân bay Liên Khương",12-04-2025,Hành lý 0 kg,Hành lý xách tay 1 x 12 kg
Vietnam Airlines,1.135.523 VND/khách,17:25,23 thg 4,23 thg 4,18:20,55m,"TP HCM (SGN)
Sân bay Tân Sơn Nhất
Nhà ga 1","Đà Lạt (DLI)
Sân bay Liên Khương",12-04-2025,Hành lý 23 kg,Hành lý xách tay 1 x 12 kg
Vietnam Airlines,1.247.214 VND/khách,10:15,23 thg 4,23 thg 4,11:10,55m,"TP HCM (SGN)
Sân bay Tân Sơn Nhất
Nhà ga 1","Đà Lạt (DLI)
Sân bay Liên Khương",12-04-2025,Hành lý 23 kg,Hành lý xách tay 1 x 12 kg
VietJet Air,824.855 VND/khách,15:35,23 thg 4,23 thg 4,16:30,55m,"TP HCM (SGN)
Sân bay Tân Sơn Nhất
Nhà ga 1","Đà Lạt (DLI)
Sân bay Liên Khương",13-04-2025,Hành lý 0 kg,Hành lý xách tay 7 kg
Vietnam Airlines,980.019 VND/khách,08:55,23 thg 4,23 thg 4,09:50,55m,"TP HCM (SGN)
Sân bay Tân Sơn Nhất
Nhà ga 1","Đà Lạt (DLI)
Sân bay Liên Khương",13-04-2025,Hành lý 0 kg,Hành lý xách tay 1 x 12 kg
Vietnam Airlines,987.012 VND/khách,05:45,23 thg 4,23 thg 4,06:40,55m,"TP HCM (SGN)
Sân bay Tân Sơn Nhất
Nhà ga 1","Đà Lạt (DLI)
Sân bay Liên Khương",13-04-2025,Hành lý 0 kg,Hành lý xách tay 1 x 12 kg
Vietnam Airlines,987.012 VND/khách,21:10,23 thg 4,23 thg 4,22:10,1h 0m,"TP HCM (SGN)
Sân bay Tân Sơn Nhất
Nhà ga 1","Đà Lạt (DLI)
Sân bay Liên Khương",13-04-2025,Hành lý 0 kg,Hành lý xách tay 1 x 12 kg
Vietnam Airlines,1.135.902 VND/khách,17:25,23 thg 4,23 thg 4,18:20,55m,"TP HCM (SGN)
Sân bay Tân Sơn Nhất
Nhà ga 1","Đà Lạt (DLI)
Sân bay Liên Khương",13-04-2025,Hành lý 23 kg,Hành lý xách tay 1 x 12 kg
Vietnam Airlines,1.247.631 VND/khách,10:15,23 thg 4,23 thg 4,11:10,55m,"TP HCM (SGN)
Sân bay Tân Sơn Nhất
Nhà ga 1","Đà Lạt (DLI)
Sân bay Liên Khương",13-04-2025,Hành lý 23 kg,Hành lý xách tay 1 x 12 kg
Vietnam Airlines,978.021 VND/khách,05:45,23 thg 4,23 thg 4,06:40,55m,"TP HCM (SGN)
Sân bay Tân Sơn Nhất
Nhà ga 1","Đà Lạt (DLI)
Sân bay Liên Khương",14-04-2025,Hành lý 0 kg,Hành lý xách tay 1 x 12 kg
VietJet Air,798.000 VND/khách,15:35,23 thg 4,23 thg 4,16:30,55m,"TP HCM (SGN)
Sân bay Tân Sơn Nhất
Nhà ga 1","Đà Lạt (DLI)
Sân bay Liên Khương",14-04-2025,Hành lý 0 kg,Hành lý xách tay 7 kg
Vietnam Airlines,978.021 VND/khách,08:55,23 thg 4,23 thg 4,09:50,55m,"TP HCM (SGN)
Sân bay Tân Sơn Nhất
Nhà ga 1","Đà Lạt (DLI)
Sân bay Liên Khương",14-04-2025,Hành lý 0 kg,Hành lý xách tay 1 x 12 kg
Vietnam Airlines,978.021 VND/khách,21:10,23 thg 4,23 thg 4,22:10,1h 0m,"TP HCM (SGN)
Sân bay Tân Sơn Nhất
Nhà ga 1","Đà Lạt (DLI)
Sân bay Liên Khương",14-04-2025,Hành lý 0 kg,Hành lý xách tay 1 x 12 kg
Vietnam Airlines,1.150.848 VND/khách,17:25,23 thg 4,23 thg 4,18:20,55m,"TP HCM (SGN)
Sân bay Tân Sơn Nhất
Nhà ga 1","Đà Lạt (DLI)
Sân bay Liên Khương",14-04-2025,Hành lý 23 kg,Hành lý xách tay 1 x 12 kg
Vietnam Airlines,971.028 VND/khách,05:45,23 thg 4,23 thg 4,06:40,55m,"TP HCM (SGN)
Sân bay Tân Sơn Nhất
Nhà ga 1","Đà Lạt (DLI)
Sân bay Liên Khương",15-04-2025,,
VietJet Air,799.995 VND/khách,15:35,23 thg 4,23 thg 4,16:30,55m,"TP HCM (SGN)
Sân bay Tân Sơn Nhất
Nhà ga 1","Đà Lạt (DLI)
Sân bay Liên Khương",15-04-2025,,
Vietnam Airlines,982.017 VND/khách,08:55,23 thg 4,23 thg 4,09:50,55m,"TP HCM (SGN)
Sân bay Tân Sơn Nhất
Nhà ga 1","Đà Lạt (DLI)
Sân bay Liên Khương",15-04-2025,,
Vietnam Airlines,982.017 VND/khách,21:10,23 thg 4,23 thg 4,22:10,1h 0m,"TP HCM (SGN)
Sân bay Tân Sơn Nhất
Nhà ga 1","Đà Lạt (DLI)
Sân bay Liên Khương",15-04-2025,,
Vietnam Airlines,1.155.843 VND/khách,17:25,23 thg 4,23 thg 4,18:20,55m,"TP HCM (SGN)
Sân bay Tân Sơn Nhất
Nhà ga 1","Đà Lạt (DLI)
Sân bay Liên Khương",15-04-2025,,
Vietnam Airlines,971.250 VND/khách,05:45,23 thg 4,23 thg 4,06:40,55m,"TP HCM (SGN)
Sân bay Tân Sơn Nhất
Nhà ga 1","Đà Lạt (DLI)
Sân bay Liên Khương",16-04-2025,Hành lý 0 kg,Hành lý xách tay 1 x 12 kg
VietJet Air,839.148 VND/khách,15:35,23 thg 4,23 thg 4,16:30,55m,"TP HCM (SGN)
Sân bay Tân Sơn Nhất
Nhà ga 1","Đà Lạt (DLI)
Sân bay Liên Khương",16-04-2025,Hành lý 0 kg,Hành lý xách tay 7 kg
Vietnam Airlines,971.250 VND/khách,08:55,23 thg 4,23 thg 4,09:50,55m,"TP HCM (SGN)
Sân bay Tân Sơn Nhất
Nhà ga 1","Đà Lạt (DLI)
Sân bay Liên Khương",16-04-2025,Hành lý 0 kg,Hành lý xách tay 1 x 12 kg
Vietnam Airlines,971.250 VND/khách,21:10,23 thg 4,23 thg 4,22:10,1h 0m,"TP HCM (SGN)
Sân bay Tân Sơn Nhất
Nhà ga 1","Đà Lạt (DLI)
Sân bay Liên Khương",16-04-2025,Hành lý 0 kg,Hành lý xách tay 1 x 12 kg
Vietnam Airlines,1.152.900 VND/khách,17:25,23 thg 4,23 thg 4,18:20,55m,"TP HCM (SGN)
Sân bay Tân Sơn Nhất
Nhà ga 1","Đà Lạt (DLI)
Sân bay Liên Khương",16-04-2025,Hành lý 23 kg,Hành lý xách tay 1 x 12 kg
Vietnam Airlines,1.141.027 VND/khách,05:45,23 thg 4,23 thg 4,06:40,55m,"TP HCM (SGN)
Sân bay Tân Sơn Nhất
Nhà ga 1","Đà Lạt (DLI)
Sân bay Liên Khương",17-04-2025,Hành lý 23 kg,Hành lý xách tay 1 x 12 kg
VietJet Air,799.995 VND/khách,15:35,23 thg 4,23 thg 4,16:30,55m,"TP HCM (SGN)
Sân bay Tân Sơn Nhất
Nhà ga 1","Đà Lạt (DLI)
Sân bay Liên Khương",17-04-2025,Hành lý 0 kg,Hành lý xách tay 7 kg
Vietnam Airlines,1.235.763 VND/khách,17:25,23 thg 4,23 thg 4,18:20,55m,"TP HCM (SGN)
Sân bay Tân Sơn Nhất
Nhà ga 1","Đà Lạt (DLI)
Sân bay Liên Khương",17-04-2025,Hành lý 23 kg,Hành lý xách tay 1 x 12 kg
VietJet Air,1.140.270 VND/khách,15:35,24 thg 4,24 thg 4,16:30,55m,"TP HCM (SGN)
Sân bay Tân Sơn Nhất
Nhà ga 1","Đà Lạt (DLI)
Sân bay Liên Khương",07-04-2025,,
Bamboo Airways,1.217.700 VND/khách,16:45,24 thg 4,24 thg 4,17:40,55m,"TP HCM (SGN)
Sân bay Tân Sơn Nhất","Đà Lạt (DLI)
Sân bay Liên Khương",07-04-2025,,
Vietnam Airlines,1.247.511 VND/khách,05:45,24 thg 4,24 thg 4,06:40,55m,"TP HCM (SGN)
Sân bay Tân Sơn Nhất
Nhà ga 1","Đà Lạt (DLI)
Sân bay Liên Khương",07-04-2025,,
Vietnam Airlines,1.247.511 VND/khách,08:55,24 thg 4,24 thg 4,09:50,55m,"TP HCM (SGN)
Sân bay Tân Sơn Nhất
Nhà ga 1","Đà Lạt (DLI)
Sân bay Liên Khương",07-04-2025,,
Vietnam Airlines,1.571.286 VND/khách,17:25,24 thg 4,24 thg 4,18:20,55m,"TP HCM (SGN)
Sân bay Tân Sơn Nhất
Nhà ga 1","Đà Lạt (DLI)
Sân bay Liên Khương",07-04-2025,,
Vietnam Airlines,1.671.624 VND/khách,10:15,24 thg 4,24 thg 4,11:10,55m,"TP HCM (SGN)
Sân bay Tân Sơn Nhất
Nhà ga 1","Đà Lạt (DLI)
Sân bay Liên Khương",07-04-2025,,
Vietnam Airlines,1.135.794 VND/khách,05:45,24 thg 4,24 thg 4,06:40,55m,"TP HCM (SGN)
Sân bay Tân Sơn Nhất
Nhà ga 1","Đà Lạt (DLI)
Sân bay Liên Khương",08-04-2025,,
VietJet Air,1.163.280 VND/khách,15:35,24 thg 4,24 thg 4,16:30,55m,"TP HCM (SGN)
Sân bay Tân Sơn Nhất
Nhà ga 1","Đà Lạt (DLI)
Sân bay Liên Khương",08-04-2025,,
Bamboo Airways,1.217.700 VND/khách,16:45,24 thg 4,24 thg 4,17:40,55m,"TP HCM (SGN)
Sân bay Tân Sơn Nhất","Đà Lạt (DLI)
Sân bay Liên Khương",08-04-2025,,
Vietnam Airlines,1.247.511 VND/khách,08:55,24 thg 4,24 thg 4,09:50,55m,"TP HCM (SGN)
Sân bay Tân Sơn Nhất
Nhà ga 1","Đà Lạt (DLI)
Sân bay Liên Khương",08-04-2025,,
Vietnam Airlines,1.359.229 VND/khách,10:15,24 thg 4,24 thg 4,11:10,55m,"TP HCM (SGN)
Sân bay Tân Sơn Nhất
Nhà ga 1","Đà Lạt (DLI)
Sân bay Liên Khương",08-04-2025,,
Vietnam Airlines,1.571.286 VND/khách,17:25,24 thg 4,24 thg 4,18:20,55m,"TP HCM (SGN)
Sân bay Tân Sơn Nhất
Nhà ga 1","Đà Lạt (DLI)
Sân bay Liên Khương",08-04-2025,,
Bamboo Airways,1.085.475 VND/khách,16:45,24 thg 4,24 thg 4,17:40,55m,"TP HCM (SGN)
Sân bay Tân Sơn Nhất","Đà Lạt (DLI)
Sân bay Liên Khương",09-04-2025,,
Vietnam Airlines,1.137.142 VND/khách,05:45,24 thg 4,24 thg 4,06:40,55m,"TP HCM (SGN)
Sân bay Tân Sơn Nhất
Nhà ga 1","Đà Lạt (DLI)
Sân bay Liên Khương",09-04-2025,,
VietJet Air,1.174.100 VND/khách,15:35,24 thg 4,24 thg 4,16:30,55m,"TP HCM (SGN)
Sân bay Tân Sơn Nhất
Nhà ga 1","Đà Lạt (DLI)
Sân bay Liên Khương",09-04-2025,,
Vietnam Airlines,1.248.992 VND/khách,08:55,24 thg 4,24 thg 4,09:50,55m,"TP HCM (SGN)
Sân bay Tân Sơn Nhất
Nhà ga 1","Đà Lạt (DLI)
Sân bay Liên Khương",09-04-2025,,
Vietnam Airlines,1.360.843 VND/khách,17:25,24 thg 4,24 thg 4,18:20,55m,"TP HCM (SGN)
Sân bay Tân Sơn Nhất
Nhà ga 1","Đà Lạt (DLI)
Sân bay Liên Khương",09-04-2025,,
Vietnam Airlines,1.472.693 VND/khách,10:15,24 thg 4,24 thg 4,11:10,55m,"TP HCM (SGN)
Sân bay Tân Sơn Nhất
Nhà ga 1","Đà Lạt (DLI)
Sân bay Liên Khương",09-04-2025,,
Bamboo Airways,1.080.048 VND/khách,16:45,24 thg 4,24 thg 4,17:40,55m,"TP HCM (SGN)
Sân bay Tân Sơn Nhất","Đà Lạt (DLI)
Sân bay Liên Khương",10-04-2025,,
Vietnam Airlines,1.109.889 VND/khách,05:45,24 thg 4,24 thg 4,06:40,55m,"TP HCM (SGN)
Sân bay Tân Sơn Nhất
Nhà ga 1","Đà Lạt (DLI)
Sân bay Liên Khương",10-04-2025,,
VietJet Air,1.167.135 VND/khách,15:35,24 thg 4,24 thg 4,16:30,55m,"TP HCM (SGN)
Sân bay Tân Sơn Nhất
Nhà ga 1","Đà Lạt (DLI)
Sân bay Liên Khương",10-04-2025,,
Vietnam Airlines,1.267.731 VND/khách,08:55,24 thg 4,24 thg 4,09:50,55m,"TP HCM (SGN)
Sân bay Tân Sơn Nhất
Nhà ga 1","Đà Lạt (DLI)
Sân bay Liên Khương",10-04-2025,,
Vietnam Airlines,1.371.627 VND/khách,17:25,24 thg 4,24 thg 4,18:20,55m,"TP HCM (SGN)
Sân bay Tân Sơn Nhất
Nhà ga 1","Đà Lạt (DLI)
Sân bay Liên Khương",10-04-2025,,
Bamboo Airways,1.080.048 VND/khách,16:45,24 thg 4,24 thg 4,17:40,55m,"TP HCM (SGN)
Sân bay Tân Sơn Nhất","Đà Lạt (DLI)
Sân bay Liên Khương",11-04-2025,,
Vietnam Airlines,1.135.021 VND/khách,05:45,24 thg 4,24 thg 4,06:40,55m,"TP HCM (SGN)
Sân bay Tân Sơn Nhất
Nhà ga 1","Đà Lạt (DLI)
Sân bay Liên Khương",11-04-2025,,
VietJet Air,1.143.255 VND/khách,15:35,24 thg 4,24 thg 4,16:30,55m,"TP HCM (SGN)
Sân bay Tân Sơn Nhất
Nhà ga 1","Đà Lạt (DLI)
Sân bay Liên Khương",11-04-2025,,
Vietnam Airlines,1.246.661 VND/khách,08:55,24 thg 4,24 thg 4,09:50,55m,"TP HCM (SGN)
Sân bay Tân Sơn Nhất
Nhà ga 1","Đà Lạt (DLI)
Sân bay Liên Khương",11-04-2025,,
Vietnam Airlines,1.358.304 VND/khách,17:25,24 thg 4,24 thg 4,18:20,55m,"TP HCM (SGN)
Sân bay Tân Sơn Nhất
Nhà ga 1","Đà Lạt (DLI)
Sân bay Liên Khương",11-04-2025,,
Bamboo Airways,1.080.048 VND/khách,16:45,24 thg 4,24 thg 4,17:40,55m,"TP HCM (SGN)
Sân bay Tân Sơn Nhất","Đà Lạt (DLI)
Sân bay Liên Khương",12-04-2025,Hành lý 0 kg,Hành lý xách tay 7 kg
Vietnam Airlines,1.111.887 VND/khách,05:45,24 thg 4,24 thg 4,06:40,55m,"TP HCM (SGN)
Sân bay Tân Sơn Nhất
Nhà ga 1","Đà Lạt (DLI)
Sân bay Liên Khương",12-04-2025,Hành lý 23 kg,Hành lý xách tay 1 x 12 kg
VietJet Air,1.150.000 VND/khách,15:35,24 thg 4,24 thg 4,16:30,55m,"TP HCM (SGN)
Sân bay Tân Sơn Nhất
Nhà ga 1","Đà Lạt (DLI)
Sân bay Liên Khương",12-04-2025,Hành lý 0 kg,Hành lý xách tay 7 kg
Vietnam Airlines,1.277.721 VND/khách,08:55,24 thg 4,24 thg 4,09:50,55m,"TP HCM (SGN)
Sân bay Tân Sơn Nhất
Nhà ga 1","Đà Lạt (DLI)
Sân bay Liên Khương",12-04-2025,Hành lý 23 kg,Hành lý xách tay 1 x 12 kg
Vietnam Airlines,1.381.617 VND/khách,17:25,24 thg 4,24 thg 4,18:20,55m,"TP HCM (SGN)
Sân bay Tân Sơn Nhất
Nhà ga 1","Đà Lạt (DLI)
Sân bay Liên Khương",12-04-2025,Hành lý 23 kg,Hành lý xách tay 1 x 12 kg
Bamboo Airways,1.080.048 VND/khách,16:45,24 thg 4,24 thg 4,17:40,55m,"TP HCM (SGN)
Sân bay Tân Sơn Nhất","Đà Lạt (DLI)
Sân bay Liên Khương",13-04-2025,Hành lý 0 kg,Hành lý xách tay 7 kg
Vietnam Airlines,1.138.860 VND/khách,05:45,24 thg 4,24 thg 4,06:40,55m,"TP HCM (SGN)
Sân bay Tân Sơn Nhất
Nhà ga 1","Đà Lạt (DLI)
Sân bay Liên Khương",13-04-2025,Hành lý 23 kg,Hành lý xách tay 1 x 12 kg
VietJet Air,1.146.240 VND/khách,15:35,24 thg 4,24 thg 4,16:30,55m,"TP HCM (SGN)
Sân bay Tân Sơn Nhất
Nhà ga 1","Đà Lạt (DLI)
Sân bay Liên Khương",13-04-2025,Hành lý 0 kg,Hành lý xách tay 7 kg
Vietnam Airlines,1.275.723 VND/khách,08:55,24 thg 4,24 thg 4,09:50,55m,"TP HCM (SGN)
Sân bay Tân Sơn Nhất
Nhà ga 1","Đà Lạt (DLI)
Sân bay Liên Khương",13-04-2025,Hành lý 23 kg,Hành lý xách tay 1 x 12 kg
Vietnam Airlines,1.382.616 VND/khách,17:25,24 thg 4,24 thg 4,18:20,55m,"TP HCM (SGN)
Sân bay Tân Sơn Nhất
Nhà ga 1","Đà Lạt (DLI)
Sân bay Liên Khương",13-04-2025,Hành lý 23 kg,Hành lý xách tay 1 x 12 kg
Vietnam Airlines,1.135.863 VND/khách,05:45,24 thg 4,24 thg 4,06:40,55m,"TP HCM (SGN)
Sân bay Tân Sơn Nhất
Nhà ga 1","Đà Lạt (DLI)
Sân bay Liên Khương",14-04-2025,Hành lý 23 kg,Hành lý xách tay 1 x 12 kg
Bamboo Airways,1.080.048 VND/khách,16:45,24 thg 4,24 thg 4,17:40,55m,"TP HCM (SGN)
Sân bay Tân Sơn Nhất","Đà Lạt (DLI)
Sân bay Liên Khương",14-04-2025,Hành lý 0 kg,Hành lý xách tay 7 kg
VietJet Air,1.136.153 VND/khách,15:35,24 thg 4,24 thg 4,16:30,55m,"TP HCM (SGN)
Sân bay Tân Sơn Nhất
Nhà ga 1","Đà Lạt (DLI)
Sân bay Liên Khương",14-04-2025,Hành lý 0 kg,Hành lý xách tay 7 kg
Vietnam Airlines,1.272.726 VND/khách,08:55,24 thg 4,24 thg 4,09:50,55m,"TP HCM (SGN)
Sân bay Tân Sơn Nhất
Nhà ga 1","Đà Lạt (DLI)
Sân bay Liên Khương",14-04-2025,Hành lý 23 kg,Hành lý xách tay 1 x 12 kg
Vietnam Airlines,1.379.619 VND/khách,17:25,24 thg 4,24 thg 4,18:20,55m,"TP HCM (SGN)
Sân bay Tân Sơn Nhất
Nhà ga 1","Đà Lạt (DLI)
Sân bay Liên Khương",14-04-2025,Hành lý 23 kg,Hành lý xách tay 1 x 12 kg
Vietnam Airlines,1.141.857 VND/khách,05:45,24 thg 4,24 thg 4,06:40,55m,"TP HCM (SGN)
Sân bay Tân Sơn Nhất
Nhà ga 1","Đà Lạt (DLI)
Sân bay Liên Khương",15-04-2025,,
Bamboo Airways,1.080.048 VND/khách,16:45,24 thg 4,24 thg 4,17:40,55m,"TP HCM (SGN)
Sân bay Tân Sơn Nhất","Đà Lạt (DLI)
Sân bay Liên Khương",15-04-2025,,
VietJet Air,1.140.143 VND/khách,15:35,24 thg 4,24 thg 4,16:30,55m,"TP HCM (SGN)
Sân bay Tân Sơn Nhất
Nhà ga 1","Đà Lạt (DLI)
Sân bay Liên Khương",15-04-2025,,
Vietnam Airlines,1.278.720 VND/khách,08:55,24 thg 4,24 thg 4,09:50,55m,"TP HCM (SGN)
Sân bay Tân Sơn Nhất
Nhà ga 1","Đà Lạt (DLI)
Sân bay Liên Khương",15-04-2025,,
Vietnam Airlines,1.382.616 VND/khách,17:25,24 thg 4,24 thg 4,18:20,55m,"TP HCM (SGN)
Sân bay Tân Sơn Nhất
Nhà ga 1","Đà Lạt (DLI)
Sân bay Liên Khương",15-04-2025,,
Vietnam Airlines,1.152.900 VND/khách,05:45,24 thg 4,24 thg 4,06:40,55m,"TP HCM (SGN)
Sân bay Tân Sơn Nhất
Nhà ga 1","Đà Lạt (DLI)
Sân bay Liên Khương",16-04-2025,Hành lý 23 kg,Hành lý xách tay 1 x 12 kg
Bamboo Airways,1.111.950 VND/khách,16:45,24 thg 4,24 thg 4,17:40,55m,"TP HCM (SGN)
Sân bay Tân Sơn Nhất","Đà Lạt (DLI)
Sân bay Liên Khương",16-04-2025,Hành lý 0 kg,Hành lý xách tay 7 kg
VietJet Air,1.180.561 VND/khách,15:35,24 thg 4,24 thg 4,16:30,55m,"TP HCM (SGN)
Sân bay Tân Sơn Nhất
Nhà ga 1","Đà Lạt (DLI)
Sân bay Liên Khương",16-04-2025,Hành lý 0 kg,Hành lý xách tay 7 kg
Vietnam Airlines,1.266.300 VND/khách,08:55,24 thg 4,24 thg 4,09:50,55m,"TP HCM (SGN)
Sân bay Tân Sơn Nhất
Nhà ga 1","Đà Lạt (DLI)
Sân bay Liên Khương",16-04-2025,Hành lý 23 kg,Hành lý xách tay 1 x 12 kg
Vietnam Airlines,1.379.700 VND/khách,17:25,24 thg 4,24 thg 4,18:20,55m,"TP HCM (SGN)
Sân bay Tân Sơn Nhất
Nhà ga 1","Đà Lạt (DLI)
Sân bay Liên Khương",16-04-2025,Hành lý 23 kg,Hành lý xách tay 1 x 12 kg
Vietnam Airlines,1.235.763 VND/khách,05:45,24 thg 4,24 thg 4,06:40,55m,"TP HCM (SGN)
Sân bay Tân Sơn Nhất
Nhà ga 1","Đà Lạt (DLI)
Sân bay Liên Khương",17-04-2025,Hành lý 23 kg,Hành lý xách tay 1 x 12 kg
Bamboo Airways,1.080.048 VND/khách,16:45,24 thg 4,24 thg 4,17:40,55m,"TP HCM (SGN)
Sân bay Tân Sơn Nhất","Đà Lạt (DLI)
Sân bay Liên Khương",17-04-2025,Hành lý 0 kg,Hành lý xách tay 7 kg
VietJet Air,1.139.145 VND/khách,15:35,24 thg 4,24 thg 4,16:30,55m,"TP HCM (SGN)
Sân bay Tân Sơn Nhất
Nhà ga 1","Đà Lạt (DLI)
Sân bay Liên Khương",17-04-2025,Hành lý 0 kg,Hành lý xách tay 7 kg
Bamboo Airways,1.001.343 VND/khách,17:00,24 thg 4,24 thg 4,17:55,55m,"TP HCM (SGN)
Sân bay Tân Sơn Nhất","Đà Lạt (DLI)
Sân bay Liên Khương",23-04-2025,Hành lý 0 kg,Hành lý xách tay 7 kg
VietJet Air,1.087.275 VND/khách,15:35,24 thg 4,24 thg 4,16:30,55m,"TP HCM (SGN)
Sân bay Tân Sơn Nhất
Nhà ga 1","Đà Lạt (DLI)
Sân bay Liên Khương",23-04-2025,Hành lý 0 kg,Hành lý xách tay 7 kg
Vietnam Airlines,1.979.019 VND/khách,17:25,24 thg 4,24 thg 4,18:20,55m,"TP HCM (SGN)
Sân bay Tân Sơn Nhất
Nhà ga 3","Đà Lạt (DLI)
Sân bay Liên Khương",23-04-2025,Hành lý 23 kg,Hành lý xách tay 1 x 12 kg
VietJet Air,1.302.455 VND/khách,15:35,25 thg 4,25 thg 4,16:30,55m,"TP HCM (SGN)
Sân bay Tân Sơn Nhất
Nhà ga 1","Đà Lạt (DLI)
Sân bay Liên Khương",07-04-2025,,
Vietnam Airlines,1.359.229 VND/khách,05:45,25 thg 4,25 thg 4,06:40,55m,"TP HCM (SGN)
Sân bay Tân Sơn Nhất
Nhà ga 1","Đà Lạt (DLI)
Sân bay Liên Khương",07-04-2025,,
Vietnam Airlines,1.359.229 VND/khách,08:55,25 thg 4,25 thg 4,09:50,55m,"TP HCM (SGN)
Sân bay Tân Sơn Nhất
Nhà ga 1","Đà Lạt (DLI)
Sân bay Liên Khương",07-04-2025,,
Vietnam Airlines,1.359.229 VND/khách,21:10,25 thg 4,25 thg 4,22:10,1h 0m,"TP HCM (SGN)
Sân bay Tân Sơn Nhất
Nhà ga 1","Đà Lạt (DLI)
Sân bay Liên Khương",07-04-2025,,
Vietnam Airlines,1.671.624 VND/khách,10:15,25 thg 4,25 thg 4,11:10,55m,"TP HCM (SGN)
Sân bay Tân Sơn Nhất
Nhà ga 1","Đà Lạt (DLI)
Sân bay Liên Khương",07-04-2025,,
VietJet Air,1.297.923 VND/khách,15:35,25 thg 4,25 thg 4,16:30,55m,"TP HCM (SGN)
Sân bay Tân Sơn Nhất
Nhà ga 1","Đà Lạt (DLI)
Sân bay Liên Khương",08-04-2025,,
Vietnam Airlines,1.359.229 VND/khách,05:45,25 thg 4,25 thg 4,06:40,55m,"TP HCM (SGN)
Sân bay Tân Sơn Nhất
Nhà ga 1","Đà Lạt (DLI)
Sân bay Liên Khương",08-04-2025,,
Vietnam Airlines,1.359.229 VND/khách,08:55,25 thg 4,25 thg 4,09:50,55m,"TP HCM (SGN)
Sân bay Tân Sơn Nhất
Nhà ga 1","Đà Lạt (DLI)
Sân bay Liên Khương",08-04-2025,,
Vietnam Airlines,1.359.229 VND/khách,21:10,25 thg 4,25 thg 4,22:10,1h 0m,"TP HCM (SGN)
Sân bay Tân Sơn Nhất
Nhà ga 1","Đà Lạt (DLI)
Sân bay Liên Khương",08-04-2025,,
Vietnam Airlines,1.970.572 VND/khách,10:15,25 thg 4,25 thg 4,11:10,55m,"TP HCM (SGN)
Sân bay Tân Sơn Nhất
Nhà ga 1","Đà Lạt (DLI)
Sân bay Liên Khương",08-04-2025,,
Vietnam Airlines,1.264.734 VND/khách,05:45,25 thg 4,25 thg 4,06:40,55m,"TP HCM (SGN)
Sân bay Tân Sơn Nhất
Nhà ga 1","Đà Lạt (DLI)
Sân bay Liên Khương",09-04-2025,,
VietJet Air,1.274.595 VND/khách,15:35,25 thg 4,25 thg 4,16:30,55m,"TP HCM (SGN)
Sân bay Tân Sơn Nhất
Nhà ga 1","Đà Lạt (DLI)
Sân bay Liên Khương",09-04-2025,,
Vietnam Airlines,1.367.631 VND/khách,21:10,25 thg 4,25 thg 4,22:10,1h 0m,"TP HCM (SGN)
Sân bay Tân Sơn Nhất
Nhà ga 1","Đà Lạt (DLI)
Sân bay Liên Khương",09-04-2025,,
Vietnam Airlines,1.378.620 VND/khách,08:55,25 thg 4,25 thg 4,09:50,55m,"TP HCM (SGN)
Sân bay Tân Sơn Nhất
Nhà ga 1","Đà Lạt (DLI)
Sân bay Liên Khương",09-04-2025,,
Vietnam Airlines,1.378.620 VND/khách,10:15,25 thg 4,25 thg 4,11:10,55m,"TP HCM (SGN)
Sân bay Tân Sơn Nhất
Nhà ga 1","Đà Lạt (DLI)
Sân bay Liên Khương",09-04-2025,,
Vietnam Airlines,1.263.735 VND/khách,05:45,25 thg 4,25 thg 4,06:40,55m,"TP HCM (SGN)
Sân bay Tân Sơn Nhất
Nhà ga 1","Đà Lạt (DLI)
Sân bay Liên Khương",10-04-2025,,
VietJet Air,1.302.455 VND/khách,15:35,25 thg 4,25 thg 4,16:30,55m,"TP HCM (SGN)
Sân bay Tân Sơn Nhất
Nhà ga 1","Đà Lạt (DLI)
Sân bay Liên Khương",10-04-2025,,
Vietnam Airlines,1.377.621 VND/khách,08:55,25 thg 4,25 thg 4,09:50,55m,"TP HCM (SGN)
Sân bay Tân Sơn Nhất
Nhà ga 1","Đà Lạt (DLI)
Sân bay Liên Khương",10-04-2025,,
Vietnam Airlines,1.381.617 VND/khách,21:10,25 thg 4,25 thg 4,22:10,1h 0m,"TP HCM (SGN)
Sân bay Tân Sơn Nhất
Nhà ga 1","Đà Lạt (DLI)
Sân bay Liên Khương",10-04-2025,,
Vietnam Airlines,1.472.574 VND/khách,10:15,25 thg 4,25 thg 4,11:10,55m,"TP HCM (SGN)
Sân bay Tân Sơn Nhất
Nhà ga 1","Đà Lạt (DLI)
Sân bay Liên Khương",10-04-2025,,
Vietnam Airlines,1.246.661 VND/khách,05:45,25 thg 4,25 thg 4,06:40,55m,"TP HCM (SGN)
Sân bay Tân Sơn Nhất
Nhà ga 1","Đà Lạt (DLI)
Sân bay Liên Khương",11-04-2025,,
VietJet Air,1.275.590 VND/khách,15:35,25 thg 4,25 thg 4,16:30,55m,"TP HCM (SGN)
Sân bay Tân Sơn Nhất
Nhà ga 1","Đà Lạt (DLI)
Sân bay Liên Khương",11-04-2025,,
Vietnam Airlines,1.358.304 VND/khách,08:55,25 thg 4,25 thg 4,09:50,55m,"TP HCM (SGN)
Sân bay Tân Sơn Nhất
Nhà ga 1","Đà Lạt (DLI)
Sân bay Liên Khương",11-04-2025,,
Vietnam Airlines,1.358.304 VND/khách,21:10,25 thg 4,25 thg 4,22:10,1h 0m,"TP HCM (SGN)
Sân bay Tân Sơn Nhất
Nhà ga 1","Đà Lạt (DLI)
Sân bay Liên Khương",11-04-2025,,
Vietnam Airlines,1.469.944 VND/khách,10:15,25 thg 4,25 thg 4,11:10,55m,"TP HCM (SGN)
Sân bay Tân Sơn Nhất
Nhà ga 1","Đà Lạt (DLI)
Sân bay Liên Khương",11-04-2025,,
Vietnam Airlines,1.266.732 VND/khách,05:45,25 thg 4,25 thg 4,06:40,55m,"TP HCM (SGN)
Sân bay Tân Sơn Nhất
Nhà ga 1","Đà Lạt (DLI)
Sân bay Liên Khương",12-04-2025,Hành lý 23 kg,Hành lý xách tay 1 x 12 kg
VietJet Air,1.309.000 VND/khách,15:35,25 thg 4,25 thg 4,16:30,55m,"TP HCM (SGN)
Sân bay Tân Sơn Nhất
Nhà ga 1","Đà Lạt (DLI)
Sân bay Liên Khương",12-04-2025,Hành lý 0 kg,Hành lý xách tay 7 kg
Vietnam Airlines,1.381.617 VND/khách,08:55,25 thg 4,25 thg 4,09:50,55m,"TP HCM (SGN)
Sân bay Tân Sơn Nhất
Nhà ga 1","Đà Lạt (DLI)
Sân bay Liên Khương",12-04-2025,Hành lý 23 kg,Hành lý xách tay 1 x 12 kg
Vietnam Airlines,1.385.613 VND/khách,21:10,25 thg 4,25 thg 4,22:10,1h 0m,"TP HCM (SGN)
Sân bay Tân Sơn Nhất
Nhà ga 1","Đà Lạt (DLI)
Sân bay Liên Khương",12-04-2025,Hành lý 23 kg,Hành lý xách tay 1 x 12 kg
Vietnam Airlines,1.473.525 VND/khách,10:15,25 thg 4,25 thg 4,11:10,55m,"TP HCM (SGN)
Sân bay Tân Sơn Nhất
Nhà ga 1","Đà Lạt (DLI)
Sân bay Liên Khương",12-04-2025,Hành lý 23 kg,Hành lý xách tay 1 x 12 kg
Vietnam Airlines,1.267.731 VND/khách,05:45,25 thg 4,25 thg 4,06:40,55m,"TP HCM (SGN)
Sân bay Tân Sơn Nhất
Nhà ga 1","Đà Lạt (DLI)
Sân bay Liên Khương",13-04-2025,Hành lý 23 kg,Hành lý xách tay 1 x 12 kg
VietJet Air,1.303.450 VND/khách,15:35,25 thg 4,25 thg 4,16:30,55m,"TP HCM (SGN)
Sân bay Tân Sơn Nhất
Nhà ga 1","Đà Lạt (DLI)
Sân bay Liên Khương",13-04-2025,Hành lý 0 kg,Hành lý xách tay 7 kg
Vietnam Airlines,1.382.616 VND/khách,08:55,25 thg 4,25 thg 4,09:50,55m,"TP HCM (SGN)
Sân bay Tân Sơn Nhất
Nhà ga 1","Đà Lạt (DLI)
Sân bay Liên Khương",13-04-2025,Hành lý 23 kg,Hành lý xách tay 1 x 12 kg
Vietnam Airlines,1.386.612 VND/khách,21:10,25 thg 4,25 thg 4,22:10,1h 0m,"TP HCM (SGN)
Sân bay Tân Sơn Nhất
Nhà ga 1","Đà Lạt (DLI)
Sân bay Liên Khương",13-04-2025,Hành lý 23 kg,Hành lý xách tay 1 x 12 kg
Vietnam Airlines,1.508.490 VND/khách,10:15,25 thg 4,25 thg 4,11:10,55m,"TP HCM (SGN)
Sân bay Tân Sơn Nhất
Nhà ga 1","Đà Lạt (DLI)
Sân bay Liên Khương",13-04-2025,Hành lý 23 kg,Hành lý xách tay 1 x 12 kg
Vietnam Airlines,1.264.734 VND/khách,05:45,25 thg 4,25 thg 4,06:40,55m,"TP HCM (SGN)
Sân bay Tân Sơn Nhất
Nhà ga 1","Đà Lạt (DLI)
Sân bay Liên Khương",14-04-2025,Hành lý 23 kg,Hành lý xách tay 1 x 12 kg
VietJet Air,1.277.798 VND/khách,15:35,25 thg 4,25 thg 4,16:30,55m,"TP HCM (SGN)
Sân bay Tân Sơn Nhất
Nhà ga 1","Đà Lạt (DLI)
Sân bay Liên Khương",14-04-2025,Hành lý 0 kg,Hành lý xách tay 7 kg
Vietnam Airlines,1.379.619 VND/khách,08:55,25 thg 4,25 thg 4,09:50,55m,"TP HCM (SGN)
Sân bay Tân Sơn Nhất
Nhà ga 1","Đà Lạt (DLI)
Sân bay Liên Khương",14-04-2025,Hành lý 23 kg,Hành lý xách tay 1 x 12 kg
Vietnam Airlines,1.383.615 VND/khách,21:10,25 thg 4,25 thg 4,22:10,1h 0m,"TP HCM (SGN)
Sân bay Tân Sơn Nhất
Nhà ga 1","Đà Lạt (DLI)
Sân bay Liên Khương",14-04-2025,Hành lý 23 kg,Hành lý xách tay 1 x 12 kg
Vietnam Airlines,1.270.728 VND/khách,05:45,25 thg 4,25 thg 4,06:40,55m,"TP HCM (SGN)
Sân bay Tân Sơn Nhất
Nhà ga 1","Đà Lạt (DLI)
Sân bay Liên Khương",15-04-2025,,
VietJet Air,1.284.780 VND/khách,15:35,25 thg 4,25 thg 4,16:30,55m,"TP HCM (SGN)
Sân bay Tân Sơn Nhất
Nhà ga 1","Đà Lạt (DLI)
Sân bay Liên Khương",15-04-2025,,
Vietnam Airlines,1.385.613 VND/khách,08:55,25 thg 4,25 thg 4,09:50,55m,"TP HCM (SGN)
Sân bay Tân Sơn Nhất
Nhà ga 1","Đà Lạt (DLI)
Sân bay Liên Khương",15-04-2025,,
Vietnam Airlines,1.389.609 VND/khách,21:10,25 thg 4,25 thg 4,22:10,1h 0m,"TP HCM (SGN)
Sân bay Tân Sơn Nhất
Nhà ga 1","Đà Lạt (DLI)
Sân bay Liên Khương",15-04-2025,,
Vietnam Airlines,1.266.300 VND/khách,05:45,25 thg 4,25 thg 4,06:40,55m,"TP HCM (SGN)
Sân bay Tân Sơn Nhất
Nhà ga 1","Đà Lạt (DLI)
Sân bay Liên Khương",16-04-2025,Hành lý 23 kg,Hành lý xách tay 1 x 12 kg
VietJet Air,1.327.929 VND/khách,15:35,25 thg 4,25 thg 4,16:30,55m,"TP HCM (SGN)
Sân bay Tân Sơn Nhất
Nhà ga 1","Đà Lạt (DLI)
Sân bay Liên Khương",16-04-2025,Hành lý 0 kg,Hành lý xách tay 7 kg
Vietnam Airlines,1.379.700 VND/khách,08:55,25 thg 4,25 thg 4,09:50,55m,"TP HCM (SGN)
Sân bay Tân Sơn Nhất
Nhà ga 1","Đà Lạt (DLI)
Sân bay Liên Khương",16-04-2025,Hành lý 23 kg,Hành lý xách tay 1 x 12 kg
Vietnam Airlines,1.379.700 VND/khách,21:10,25 thg 4,25 thg 4,22:10,1h 0m,"TP HCM (SGN)
Sân bay Tân Sơn Nhất
Nhà ga 1","Đà Lạt (DLI)
Sân bay Liên Khương",16-04-2025,Hành lý 23 kg,Hành lý xách tay 1 x 12 kg
Vietnam Airlines,1.253.260 VND/khách,05:45,25 thg 4,25 thg 4,06:40,55m,"TP HCM (SGN)
Sân bay Tân Sơn Nhất
Nhà ga 1","Đà Lạt (DLI)
Sân bay Liên Khương",17-04-2025,Hành lý 23 kg,Hành lý xách tay 1 x 12 kg
VietJet Air,1.139.145 VND/khách,15:35,25 thg 4,25 thg 4,16:30,55m,"TP HCM (SGN)
Sân bay Tân Sơn Nhất
Nhà ga 1","Đà Lạt (DLI)
Sân bay Liên Khương",17-04-2025,Hành lý 0 kg,Hành lý xách tay 7 kg
Vietnam Airlines,1.365.492 VND/khách,21:10,25 thg 4,25 thg 4,22:10,1h 0m,"TP HCM (SGN)
Sân bay Tân Sơn Nhất
Nhà ga 1","Đà Lạt (DLI)
Sân bay Liên Khương",17-04-2025,Hành lý 23 kg,Hành lý xách tay 1 x 12 kg
VietJet Air,1.311.713 VND/khách,15:35,25 thg 4,25 thg 4,16:30,55m,"TP HCM (SGN)
Sân bay Tân Sơn Nhất
Nhà ga 1","Đà Lạt (DLI)
Sân bay Liên Khương",23-04-2025,Hành lý 0 kg,Hành lý xách tay 7 kg
Vietnam Airlines,1.482.516 VND/khách,05:45,25 thg 4,25 thg 4,06:40,55m,"TP HCM (SGN)
Sân bay Tân Sơn Nhất
Nhà ga 3","Đà Lạt (DLI)
Sân bay Liên Khương",23-04-2025,Hành lý 23 kg,Hành lý xách tay 1 x 12 kg
Vietnam Airlines,1.676.322 VND/khách,21:10,25 thg 4,25 thg 4,22:10,1h 0m,"TP HCM (SGN)
Sân bay Tân Sơn Nhất
Nhà ga 3","Đà Lạt (DLI)
Sân bay Liên Khương",23-04-2025,Hành lý 23 kg,Hành lý xách tay 1 x 12 kg
Vietnam Airlines,1.577.814 VND/khách,05:45,25 thg 4,25 thg 4,06:40,55m,"TP HCM (SGN)
Sân bay Tân Sơn Nhất","Đà Lạt (DLI)
Sân bay Liên Khương",24-04-2025,,
VietJet Air,1.618.095 VND/khách,15:35,25 thg 4,25 thg 4,16:30,55m,"TP HCM (SGN)
Sân bay Tân Sơn Nhất
Nhà ga 1","Đà Lạt (DLI)
Sân bay Liên Khương",24-04-2025,,
Vietnam Airlines,1.704.294 VND/khách,21:10,25 thg 4,25 thg 4,22:10,1h 0m,"TP HCM (SGN)
Sân bay Tân Sơn Nhất","Đà Lạt (DLI)
Sân bay Liên Khương",24-04-2025,,
VietJet Air,1.167.135 VND/khách,15:35,26 thg 4,26 thg 4,16:30,55m,"TP HCM (SGN)
Sân bay Tân Sơn Nhất
Nhà ga 1","Đà Lạt (DLI)
Sân bay Liên Khương",07-04-2025,,
Bamboo Airways,1.217.700 VND/khách,16:45,26 thg 4,26 thg 4,17:40,55m,"TP HCM (SGN)
Sân bay Tân Sơn Nhất","Đà Lạt (DLI)
Sân bay Liên Khương",07-04-2025,,
Vietnam Airlines,1.247.511 VND/khách,05:45,26 thg 4,26 thg 4,06:40,55m,"TP HCM (SGN)
Sân bay Tân Sơn Nhất
Nhà ga 1","Đà Lạt (DLI)
Sân bay Liên Khương",07-04-2025,,
Vietnam Airlines,1.247.511 VND/khách,08:55,26 thg 4,26 thg 4,09:50,55m,"TP HCM (SGN)
Sân bay Tân Sơn Nhất
Nhà ga 1","Đà Lạt (DLI)
Sân bay Liên Khương",07-04-2025,,
Vietnam Airlines,1.247.511 VND/khách,21:10,26 thg 4,26 thg 4,22:10,1h 0m,"TP HCM (SGN)
Sân bay Tân Sơn Nhất
Nhà ga 1","Đà Lạt (DLI)
Sân bay Liên Khương",07-04-2025,,
Vietnam Airlines,1.850.580 VND/khách,10:15,26 thg 4,26 thg 4,11:10,55m,"TP HCM (SGN)
Sân bay Tân Sơn Nhất
Nhà ga 1","Đà Lạt (DLI)
Sân bay Liên Khương",07-04-2025,,
VietJet Air,1.162.290 VND/khách,15:35,26 thg 4,26 thg 4,16:30,55m,"TP HCM (SGN)
Sân bay Tân Sơn Nhất
Nhà ga 1","Đà Lạt (DLI)
Sân bay Liên Khương",08-04-2025,,
Bamboo Airways,1.217.700 VND/khách,16:45,26 thg 4,26 thg 4,17:40,55m,"TP HCM (SGN)
Sân bay Tân Sơn Nhất","Đà Lạt (DLI)
Sân bay Liên Khương",08-04-2025,,
Vietnam Airlines,1.247.511 VND/khách,08:55,26 thg 4,26 thg 4,09:50,55m,"TP HCM (SGN)
Sân bay Tân Sơn Nhất
Nhà ga 1","Đà Lạt (DLI)
Sân bay Liên Khương",08-04-2025,,
Vietnam Airlines,1.247.511 VND/khách,21:10,26 thg 4,26 thg 4,22:10,1h 0m,"TP HCM (SGN)
Sân bay Tân Sơn Nhất
Nhà ga 1","Đà Lạt (DLI)
Sân bay Liên Khương",08-04-2025,,
Vietnam Airlines,1.671.327 VND/khách,10:15,26 thg 4,26 thg 4,11:10,55m,"TP HCM (SGN)
Sân bay Tân Sơn Nhất
Nhà ga 1","Đà Lạt (DLI)
Sân bay Liên Khương",08-04-2025,,
Vietnam Airlines,1.970.572 VND/khách,05:45,26 thg 4,26 thg 4,06:40,55m,"TP HCM (SGN)
Sân bay Tân Sơn Nhất
Nhà ga 1","Đà Lạt (DLI)
Sân bay Liên Khương",08-04-2025,,
VietJet Air,1.066.640 VND/khách,15:35,26 thg 4,26 thg 4,16:30,55m,"TP HCM (SGN)
Sân bay Tân Sơn Nhất
Nhà ga 1","Đà Lạt (DLI)
Sân bay Liên Khương",09-04-2025,,
Bamboo Airways,1.085.475 VND/khách,16:45,26 thg 4,26 thg 4,17:40,55m,"TP HCM (SGN)
Sân bay Tân Sơn Nhất","Đà Lạt (DLI)
Sân bay Liên Khương",09-04-2025,,
Vietnam Airlines,1.133.865 VND/khách,05:45,26 thg 4,26 thg 4,06:40,55m,"TP HCM (SGN)
Sân bay Tân Sơn Nhất
Nhà ga 1","Đà Lạt (DLI)
Sân bay Liên Khương",09-04-2025,,
Vietnam Airlines,1.144.854 VND/khách,21:10,26 thg 4,26 thg 4,22:10,1h 0m,"TP HCM (SGN)
Sân bay Tân Sơn Nhất
Nhà ga 1","Đà Lạt (DLI)
Sân bay Liên Khương",09-04-2025,,
Vietnam Airlines,1.233.765 VND/khách,08:55,26 thg 4,26 thg 4,09:50,55m,"TP HCM (SGN)
Sân bay Tân Sơn Nhất
Nhà ga 1","Đà Lạt (DLI)
Sân bay Liên Khương",09-04-2025,,
Vietnam Airlines,1.258.740 VND/khách,12:05,26 thg 4,26 thg 4,13:00,55m,"TP HCM (SGN)
Sân bay Tân Sơn Nhất
Nhà ga 1","Đà Lạt (DLI)
Sân bay Liên Khương",09-04-2025,,
Vietnam Airlines,1.671.327 VND/khách,10:15,26 thg 4,26 thg 4,11:10,55m,"TP HCM (SGN)
Sân bay Tân Sơn Nhất
Nhà ga 1","Đà Lạt (DLI)
Sân bay Liên Khương",09-04-2025,,
Bamboo Airways,1.085.475 VND/khách,16:45,26 thg 4,26 thg 4,17:40,55m,"TP HCM (SGN)
Sân bay Tân Sơn Nhất","Đà Lạt (DLI)
Sân bay Liên Khương",10-04-2025,,
Vietnam Airlines,1.131.867 VND/khách,05:45,26 thg 4,26 thg 4,06:40,55m,"TP HCM (SGN)
Sân bay Tân Sơn Nhất
Nhà ga 1","Đà Lạt (DLI)
Sân bay Liên Khương",10-04-2025,,
Vietnam Airlines,1.142.856 VND/khách,21:10,26 thg 4,26 thg 4,22:10,1h 0m,"TP HCM (SGN)
Sân bay Tân Sơn Nhất
Nhà ga 1","Đà Lạt (DLI)
Sân bay Liên Khương",10-04-2025,,
VietJet Air,1.167.135 VND/khách,15:35,26 thg 4,26 thg 4,16:30,55m,"TP HCM (SGN)
Sân bay Tân Sơn Nhất
Nhà ga 1","Đà Lạt (DLI)
Sân bay Liên Khương",10-04-2025,,
Vietnam Airlines,1.230.768 VND/khách,08:55,26 thg 4,26 thg 4,09:50,55m,"TP HCM (SGN)
Sân bay Tân Sơn Nhất
Nhà ga 1","Đà Lạt (DLI)
Sân bay Liên Khương",10-04-2025,,
Vietnam Airlines,1.256.742 VND/khách,12:05,26 thg 4,26 thg 4,13:00,55m,"TP HCM (SGN)
Sân bay Tân Sơn Nhất
Nhà ga 1","Đà Lạt (DLI)
Sân bay Liên Khương",10-04-2025,,
Bamboo Airways,1.085.475 VND/khách,16:45,26 thg 4,26 thg 4,17:40,55m,"TP HCM (SGN)
Sân bay Tân Sơn Nhất","Đà Lạt (DLI)
Sân bay Liên Khương",11-04-2025,,
Vietnam Airlines,1.133.865 VND/khách,05:45,26 thg 4,26 thg 4,06:40,55m,"TP HCM (SGN)
Sân bay Tân Sơn Nhất
Nhà ga 1","Đà Lạt (DLI)
Sân bay Liên Khương",11-04-2025,,
Vietnam Airlines,1.144.854 VND/khách,21:10,26 thg 4,26 thg 4,22:10,1h 0m,"TP HCM (SGN)
Sân bay Tân Sơn Nhất
Nhà ga 1","Đà Lạt (DLI)
Sân bay Liên Khương",11-04-2025,,
Vietnam Airlines,1.233.765 VND/khách,08:55,26 thg 4,26 thg 4,09:50,55m,"TP HCM (SGN)
Sân bay Tân Sơn Nhất
Nhà ga 1","Đà Lạt (DLI)
Sân bay Liên Khương",11-04-2025,,
Vietnam Airlines,1.258.740 VND/khách,12:05,26 thg 4,26 thg 4,13:00,55m,"TP HCM (SGN)
Sân bay Tân Sơn Nhất
Nhà ga 1","Đà Lạt (DLI)
Sân bay Liên Khương",11-04-2025,,
VietJet Air,1.275.590 VND/khách,15:35,26 thg 4,26 thg 4,16:30,55m,"TP HCM (SGN)
Sân bay Tân Sơn Nhất
Nhà ga 1","Đà Lạt (DLI)
Sân bay Liên Khương",11-04-2025,,
Bamboo Airways,1.080.048 VND/khách,16:45,26 thg 4,26 thg 4,17:40,55m,"TP HCM (SGN)
Sân bay Tân Sơn Nhất","Đà Lạt (DLI)
Sân bay Liên Khương",12-04-2025,Hành lý 0 kg,Hành lý xách tay 7 kg
Vietnam Airlines,1.133.865 VND/khách,05:45,26 thg 4,26 thg 4,06:40,55m,"TP HCM (SGN)
Sân bay Tân Sơn Nhất
Nhà ga 1","Đà Lạt (DLI)
Sân bay Liên Khương",12-04-2025,Hành lý 23 kg,Hành lý xách tay 1 x 12 kg
Vietnam Airlines,1.144.854 VND/khách,21:10,26 thg 4,26 thg 4,22:10,1h 0m,"TP HCM (SGN)
Sân bay Tân Sơn Nhất
Nhà ga 1","Đà Lạt (DLI)
Sân bay Liên Khương",12-04-2025,Hành lý 23 kg,Hành lý xách tay 1 x 12 kg
Vietnam Airlines,1.259.739 VND/khách,12:05,26 thg 4,26 thg 4,13:00,55m,"TP HCM (SGN)
Sân bay Tân Sơn Nhất
Nhà ga 1","Đà Lạt (DLI)
Sân bay Liên Khương",12-04-2025,Hành lý 23 kg,Hành lý xách tay 1 x 12 kg
Vietnam Airlines,1.277.721 VND/khách,08:55,26 thg 4,26 thg 4,09:50,55m,"TP HCM (SGN)
Sân bay Tân Sơn Nhất
Nhà ga 1","Đà Lạt (DLI)
Sân bay Liên Khương",12-04-2025,Hành lý 23 kg,Hành lý xách tay 1 x 12 kg
VietJet Air,1.309.000 VND/khách,15:35,26 thg 4,26 thg 4,16:30,55m,"TP HCM (SGN)
Sân bay Tân Sơn Nhất
Nhà ga 1","Đà Lạt (DLI)
Sân bay Liên Khương",12-04-2025,Hành lý 0 kg,Hành lý xách tay 7 kg
Bamboo Airways,1.080.048 VND/khách,16:45,26 thg 4,26 thg 4,17:40,55m,"TP HCM (SGN)
Sân bay Tân Sơn Nhất","Đà Lạt (DLI)
Sân bay Liên Khương",13-04-2025,Hành lý 0 kg,Hành lý xách tay 7 kg
Vietnam Airlines,1.134.864 VND/khách,05:45,26 thg 4,26 thg 4,06:40,55m,"TP HCM (SGN)
Sân bay Tân Sơn Nhất
Nhà ga 1","Đà Lạt (DLI)
Sân bay Liên Khương",13-04-2025,Hành lý 23 kg,Hành lý xách tay 1 x 12 kg
Vietnam Airlines,1.145.853 VND/khách,21:10,26 thg 4,26 thg 4,22:10,1h 0m,"TP HCM (SGN)
Sân bay Tân Sơn Nhất
Nhà ga 1","Đà Lạt (DLI)
Sân bay Liên Khương",13-04-2025,Hành lý 23 kg,Hành lý xách tay 1 x 12 kg
Vietnam Airlines,1.260.738 VND/khách,12:05,26 thg 4,26 thg 4,13:00,55m,"TP HCM (SGN)
Sân bay Tân Sơn Nhất
Nhà ga 1","Đà Lạt (DLI)
Sân bay Liên Khương",13-04-2025,Hành lý 23 kg,Hành lý xách tay 1 x 12 kg
Vietnam Airlines,1.279.719 VND/khách,08:55,26 thg 4,26 thg 4,09:50,55m,"TP HCM (SGN)
Sân bay Tân Sơn Nhất
Nhà ga 1","Đà Lạt (DLI)
Sân bay Liên Khương",13-04-2025,Hành lý 23 kg,Hành lý xách tay 1 x 12 kg
VietJet Air,1.303.450 VND/khách,15:35,26 thg 4,26 thg 4,16:30,55m,"TP HCM (SGN)
Sân bay Tân Sơn Nhất
Nhà ga 1","Đà Lạt (DLI)
Sân bay Liên Khương",13-04-2025,Hành lý 0 kg,Hành lý xách tay 7 kg
Vietnam Airlines,1.134.864 VND/khách,05:45,26 thg 4,26 thg 4,06:40,55m,"TP HCM (SGN)
Sân bay Tân Sơn Nhất
Nhà ga 1","Đà Lạt (DLI)
Sân bay Liên Khương",14-04-2025,Hành lý 23 kg,Hành lý xách tay 1 x 12 kg
Bamboo Airways,1.080.048 VND/khách,16:45,26 thg 4,26 thg 4,17:40,55m,"TP HCM (SGN)
Sân bay Tân Sơn Nhất","Đà Lạt (DLI)
Sân bay Liên Khương",14-04-2025,Hành lý 0 kg,Hành lý xách tay 7 kg
Vietnam Airlines,1.145.853 VND/khách,21:10,26 thg 4,26 thg 4,22:10,1h 0m,"TP HCM (SGN)
Sân bay Tân Sơn Nhất
Nhà ga 1","Đà Lạt (DLI)
Sân bay Liên Khương",14-04-2025,Hành lý 23 kg,Hành lý xách tay 1 x 12 kg
Vietnam Airlines,1.260.738 VND/khách,12:05,26 thg 4,26 thg 4,13:00,55m,"TP HCM (SGN)
Sân bay Tân Sơn Nhất
Nhà ga 1","Đà Lạt (DLI)
Sân bay Liên Khương",14-04-2025,Hành lý 23 kg,Hành lý xách tay 1 x 12 kg
Vietnam Airlines,1.275.723 VND/khách,08:55,26 thg 4,26 thg 4,09:50,55m,"TP HCM (SGN)
Sân bay Tân Sơn Nhất
Nhà ga 1","Đà Lạt (DLI)
Sân bay Liên Khương",14-04-2025,Hành lý 23 kg,Hành lý xách tay 1 x 12 kg
VietJet Air,1.281.788 VND/khách,15:35,26 thg 4,26 thg 4,16:30,55m,"TP HCM (SGN)
Sân bay Tân Sơn Nhất
Nhà ga 1","Đà Lạt (DLI)
Sân bay Liên Khương",14-04-2025,Hành lý 0 kg,Hành lý xách tay 7 kg
Vietnam Airlines,1.137.861 VND/khách,05:45,26 thg 4,26 thg 4,06:40,55m,"TP HCM (SGN)
Sân bay Tân Sơn Nhất
Nhà ga 1","Đà Lạt (DLI)
Sân bay Liên Khương",15-04-2025,,
Bamboo Airways,1.080.048 VND/khách,16:45,26 thg 4,26 thg 4,17:40,55m,"TP HCM (SGN)
Sân bay Tân Sơn Nhất","Đà Lạt (DLI)
Sân bay Liên Khương",15-04-2025,,
Vietnam Airlines,1.148.850 VND/khách,21:10,26 thg 4,26 thg 4,22:10,1h 0m,"TP HCM (SGN)
Sân bay Tân Sơn Nhất
Nhà ga 1","Đà Lạt (DLI)
Sân bay Liên Khương",15-04-2025,,
Vietnam Airlines,1.263.735 VND/khách,12:05,26 thg 4,26 thg 4,13:00,55m,"TP HCM (SGN)
Sân bay Tân Sơn Nhất
Nhà ga 1","Đà Lạt (DLI)
Sân bay Liên Khương",15-04-2025,,
Vietnam Airlines,1.277.721 VND/khách,08:55,26 thg 4,26 thg 4,09:50,55m,"TP HCM (SGN)
Sân bay Tân Sơn Nhất
Nhà ga 1","Đà Lạt (DLI)
Sân bay Liên Khương",15-04-2025,,
VietJet Air,1.284.780 VND/khách,15:35,26 thg 4,26 thg 4,16:30,55m,"TP HCM (SGN)
Sân bay Tân Sơn Nhất
Nhà ga 1","Đà Lạt (DLI)
Sân bay Liên Khương",15-04-2025,,
Vietnam Airlines,1.152.900 VND/khách,05:45,26 thg 4,26 thg 4,06:40,55m,"TP HCM (SGN)
Sân bay Tân Sơn Nhất
Nhà ga 1","Đà Lạt (DLI)
Sân bay Liên Khương",16-04-2025,Hành lý 23 kg,Hành lý xách tay 1 x 12 kg
Bamboo Airways,1.111.950 VND/khách,16:45,26 thg 4,26 thg 4,17:40,55m,"TP HCM (SGN)
Sân bay Tân Sơn Nhất","Đà Lạt (DLI)
Sân bay Liên Khương",16-04-2025,Hành lý 0 kg,Hành lý xách tay 7 kg
Vietnam Airlines,1.152.900 VND/khách,21:10,26 thg 4,26 thg 4,22:10,1h 0m,"TP HCM (SGN)
Sân bay Tân Sơn Nhất
Nhà ga 1","Đà Lạt (DLI)
Sân bay Liên Khương",16-04-2025,Hành lý 23 kg,Hành lý xách tay 1 x 12 kg
Vietnam Airlines,1.266.300 VND/khách,08:55,26 thg 4,26 thg 4,09:50,55m,"TP HCM (SGN)
Sân bay Tân Sơn Nhất
Nhà ga 1","Đà Lạt (DLI)
Sân bay Liên Khương",16-04-2025,Hành lý 23 kg,Hành lý xách tay 1 x 12 kg
VietJet Air,1.327.929 VND/khách,15:35,26 thg 4,26 thg 4,16:30,55m,"TP HCM (SGN)
Sân bay Tân Sơn Nhất
Nhà ga 1","Đà Lạt (DLI)
Sân bay Liên Khương",16-04-2025,Hành lý 0 kg,Hành lý xách tay 7 kg
Vietnam Airlines,1.379.700 VND/khách,12:05,26 thg 4,26 thg 4,13:00,55m,"TP HCM (SGN)
Sân bay Tân Sơn Nhất
Nhà ga 1","Đà Lạt (DLI)
Sân bay Liên Khương",16-04-2025,Hành lý 23 kg,Hành lý xách tay 1 x 12 kg
Vietnam Airlines,1.141.027 VND/khách,21:10,26 thg 4,26 thg 4,22:10,1h 0m,"TP HCM (SGN)
Sân bay Tân Sơn Nhất
Nhà ga 1","Đà Lạt (DLI)
Sân bay Liên Khương",17-04-2025,Hành lý 23 kg,Hành lý xách tay 1 x 12 kg
Bamboo Airways,1.080.048 VND/khách,16:45,26 thg 4,26 thg 4,17:40,55m,"TP HCM (SGN)
Sân bay Tân Sơn Nhất","Đà Lạt (DLI)
Sân bay Liên Khương",17-04-2025,Hành lý 0 kg,Hành lý xách tay 7 kg
VietJet Air,1.284.780 VND/khách,15:35,26 thg 4,26 thg 4,16:30,55m,"TP HCM (SGN)
Sân bay Tân Sơn Nhất
Nhà ga 1","Đà Lạt (DLI)
Sân bay Liên Khương",17-04-2025,Hành lý 0 kg,Hành lý xách tay 7 kg
Bamboo Airways,1.262.257 VND/khách,16:45,26 thg 4,26 thg 4,17:40,55m,"TP HCM (SGN)
Sân bay Tân Sơn Nhất","Đà Lạt (DLI)
Sân bay Liên Khương",23-04-2025,Hành lý 0 kg,Hành lý xách tay 7 kg
Vietnam Airlines,1.265.733 VND/khách,21:10,26 thg 4,26 thg 4,22:10,1h 0m,"TP HCM (SGN)
Sân bay Tân Sơn Nhất
Nhà ga 3","Đà Lạt (DLI)
Sân bay Liên Khương",23-04-2025,Hành lý 23 kg,Hành lý xách tay 1 x 12 kg
VietJet Air,1.316.700 VND/khách,15:35,26 thg 4,26 thg 4,16:30,55m,"TP HCM (SGN)
Sân bay Tân Sơn Nhất
Nhà ga 1","Đà Lạt (DLI)
Sân bay Liên Khương",23-04-2025,Hành lý 0 kg,Hành lý xách tay 7 kg
Vietnam Airlines,1.987.011 VND/khách,05:45,26 thg 4,26 thg 4,06:40,55m,"TP HCM (SGN)
Sân bay Tân Sơn Nhất
Nhà ga 3","Đà Lạt (DLI)
Sân bay Liên Khương",23-04-2025,Hành lý 23 kg,Hành lý xách tay 1 x 12 kg
Vietnam Airlines,2.045.827 VND/khách,12:05,26 thg 4,26 thg 4,13:00,55m,"TP HCM (SGN)
Sân bay Tân Sơn Nhất
Nhà ga 3","Đà Lạt (DLI)
Sân bay Liên Khương",23-04-2025,Hành lý 23 kg,Hành lý xách tay 1 x 12 kg
VietJet Air,2.794.638 VND/khách,05:30,26 thg 4,26 thg 4,06:50,1h 20m,"TP HCM (SGN)
Sân bay Tân Sơn Nhất
Nhà ga 1","Đà Nẵng (DAD)
Sân bay Đà Nẵng",23-04-2025,Hành lý 0 kg,Hành lý xách tay 7 kg
VietJet Air,2.826.940 VND/khách,06:50,26 thg 4,26 thg 4,08:10,1h 20m,"TP HCM (SGN)
Sân bay Tân Sơn Nhất
Nhà ga 1","Đà Nẵng (DAD)
Sân bay Đà Nẵng",23-04-2025,Hành lý 0 kg,Hành lý xách tay 7 kg
VietJet Air,2.826.940 VND/khách,05:00,26 thg 4,26 thg 4,06:20,1h 20m,"TP HCM (SGN)
Sân bay Tân Sơn Nhất
Nhà ga 1","Đà Nẵng (DAD)
Sân bay Đà Nẵng",23-04-2025,Hành lý 0 kg,Hành lý xách tay 7 kg
VietJet Air,3.801.498 VND/khách,07:30,26 thg 4,26 thg 4,09:40,2h 10m,"TP HCM (SGN)
Sân bay Tân Sơn Nhất
Nhà ga 1","Hà Nội (HAN)
Sân bay Nội Bài
Nhà ga 1",23-04-2025,Hành lý 0 kg,Hành lý xách tay 7 kg
Vietnam Airlines,5.137.857 VND/khách,14:30,26 thg 4,26 thg 4,16:35,2h 5m,"TP HCM (SGN)
Sân bay Tân Sơn Nhất
Nhà ga 3","Hà Nội (HAN)
Sân bay Nội Bài",23-04-2025,Hành lý 23 kg,Hành lý xách tay 1 x 12 kg
Vietnam Airlines,5.426.588 VND/khách,06:00,26 thg 4,26 thg 4,08:05,2h 5m,"TP HCM (SGN)
Sân bay Tân Sơn Nhất
Nhà ga 3","Hà Nội (HAN)
Sân bay Nội Bài",23-04-2025,Hành lý 1 x 23 kg,Hành lý xách tay 1 x 12 kg
Vietnam Airlines,5.921.906 VND/khách,07:00,26 thg 4,26 thg 4,09:05,2h 5m,"TP HCM (SGN)
Sân bay Tân Sơn Nhất
Nhà ga 3","Hà Nội (HAN)
Sân bay Nội Bài",23-04-2025,Hành lý 23 kg,Hành lý xách tay 1 x 12 kg
Vietnam Airlines,6.779.558 VND/khách,15:00,26 thg 4,26 thg 4,17:05,2h 5m,"TP HCM (SGN)
Sân bay Tân Sơn Nhất
Nhà ga 3","Hà Nội (HAN)
Sân bay Nội Bài",23-04-2025,Hành lý 23 kg,Hành lý xách tay 1 x 12 kg
Bamboo Airways,1.132.443 VND/khách,16:45,26 thg 4,26 thg 4,17:40,55m,"TP HCM (SGN)
Sân bay Tân Sơn Nhất","Đà Lạt (DLI)
Sân bay Liên Khương",24-04-2025,,
Vietnam Airlines,1.260.738 VND/khách,21:10,26 thg 4,26 thg 4,22:10,1h 0m,"TP HCM (SGN)
Sân bay Tân Sơn Nhất","Đà Lạt (DLI)
Sân bay Liên Khương",24-04-2025,,
VietJet Air,1.318.695 VND/khách,15:35,26 thg 4,26 thg 4,16:30,55m,"TP HCM (SGN)
Sân bay Tân Sơn Nhất
Nhà ga 1","Đà Lạt (DLI)
Sân bay Liên Khương",24-04-2025,,
Vietnam Airlines,1.977.021 VND/khách,12:05,26 thg 4,26 thg 4,13:00,55m,"TP HCM (SGN)
Sân bay Tân Sơn Nhất","Đà Lạt (DLI)
Sân bay Liên Khương",24-04-2025,,
Bamboo Airways,1.277.903 VND/khách,16:45,26 thg 4,26 thg 4,17:40,55m,"TP HCM (SGN)
Sân bay Tân Sơn Nhất","Đà Lạt (DLI)
Sân bay Liên Khương",25-04-2025,Hành lý 0 kg,Hành lý xách tay 7 kg
Vietnam Airlines,1.265.733 VND/khách,21:10,26 thg 4,26 thg 4,22:10,1h 0m,"TP HCM (SGN)
Sân bay Tân Sơn Nhất","Đà Lạt (DLI)
Sân bay Liên Khương",25-04-2025,Hành lý 23 kg,Hành lý xách tay 1 x 12 kg
VietJet Air,1.316.700 VND/khách,15:35,26 thg 4,26 thg 4,16:30,55m,"TP HCM (SGN)
Sân bay Tân Sơn Nhất
Nhà ga 1","Đà Lạt (DLI)
Sân bay Liên Khương",25-04-2025,Hành lý 0 kg,Hành lý xách tay 7 kg
Vietnam Airlines,1.983.015 VND/khách,05:45,26 thg 4,26 thg 4,06:40,55m,"TP HCM (SGN)
Sân bay Tân Sơn Nhất","Đà Lạt (DLI)
Sân bay Liên Khương",25-04-2025,Hành lý 23 kg,Hành lý xách tay 1 x 12 kg
VietJet Air,828.835 VND/khách,15:35,27 thg 4,27 thg 4,16:30,55m,"TP HCM (SGN)
Sân bay Tân Sơn Nhất
Nhà ga 1","Đà Lạt (DLI)
Sân bay Liên Khương",07-04-2025,,
Vietnam Airlines,922.704 VND/khách,05:45,27 thg 4,27 thg 4,06:40,55m,"TP HCM (SGN)
Sân bay Tân Sơn Nhất
Nhà ga 1","Đà Lạt (DLI)
Sân bay Liên Khương",07-04-2025,,
Vietnam Airlines,922.704 VND/khách,08:55,27 thg 4,27 thg 4,09:50,55m,"TP HCM (SGN)
Sân bay Tân Sơn Nhất
Nhà ga 1","Đà Lạt (DLI)
Sân bay Liên Khương",07-04-2025,,
Vietnam Airlines,922.704 VND/khách,20:10,27 thg 4,27 thg 4,21:05,55m,"TP HCM (SGN)
Sân bay Tân Sơn Nhất
Nhà ga 1","Đà Lạt (DLI)
Sân bay Liên Khương",07-04-2025,,
Vietnam Airlines,922.704 VND/khách,21:10,27 thg 4,27 thg 4,22:10,1h 0m,"TP HCM (SGN)
Sân bay Tân Sơn Nhất
Nhà ga 1","Đà Lạt (DLI)
Sân bay Liên Khương",07-04-2025,,
Vietnam Airlines,1.359.229 VND/khách,10:15,27 thg 4,27 thg 4,11:10,55m,"TP HCM (SGN)
Sân bay Tân Sơn Nhất
Nhà ga 1","Đà Lạt (DLI)
Sân bay Liên Khương",07-04-2025,,
VietJet Air,822.711 VND/khách,15:35,27 thg 4,27 thg 4,16:30,55m,"TP HCM (SGN)
Sân bay Tân Sơn Nhất
Nhà ga 1","Đà Lạt (DLI)
Sân bay Liên Khương",08-04-2025,,
Vietnam Airlines,922.704 VND/khách,05:45,27 thg 4,27 thg 4,06:40,55m,"TP HCM (SGN)
Sân bay Tân Sơn Nhất
Nhà ga 1","Đà Lạt (DLI)
Sân bay Liên Khương",08-04-2025,,
Vietnam Airlines,922.704 VND/khách,20:10,27 thg 4,27 thg 4,21:05,55m,"TP HCM (SGN)
Sân bay Tân Sơn Nhất
Nhà ga 1","Đà Lạt (DLI)
Sân bay Liên Khương",08-04-2025,,
Vietnam Airlines,922.704 VND/khách,21:10,27 thg 4,27 thg 4,22:10,1h 0m,"TP HCM (SGN)
Sân bay Tân Sơn Nhất
Nhà ga 1","Đà Lạt (DLI)
Sân bay Liên Khương",08-04-2025,,
Vietnam Airlines,1.135.794 VND/khách,08:55,27 thg 4,27 thg 4,09:50,55m,"TP HCM (SGN)
Sân bay Tân Sơn Nhất
Nhà ga 1","Đà Lạt (DLI)
Sân bay Liên Khương",08-04-2025,,
Vietnam Airlines,1.247.511 VND/khách,10:15,27 thg 4,27 thg 4,11:10,55m,"TP HCM (SGN)
Sân bay Tân Sơn Nhất
Nhà ga 1","Đà Lạt (DLI)
Sân bay Liên Khương",08-04-2025,,
Vietnam Airlines,934.065 VND/khách,21:10,27 thg 4,27 thg 4,22:10,1h 0m,"TP HCM (SGN)
Sân bay Tân Sơn Nhất
Nhà ga 1","Đà Lạt (DLI)
Sân bay Liên Khương",09-04-2025,,
Vietnam Airlines,938.061 VND/khách,05:45,27 thg 4,27 thg 4,06:40,55m,"TP HCM (SGN)
Sân bay Tân Sơn Nhất
Nhà ga 1","Đà Lạt (DLI)
Sân bay Liên Khương",09-04-2025,,
Vietnam Airlines,938.061 VND/khách,20:10,27 thg 4,27 thg 4,21:05,55m,"TP HCM (SGN)
Sân bay Tân Sơn Nhất
Nhà ga 1","Đà Lạt (DLI)
Sân bay Liên Khương",09-04-2025,,
VietJet Air,1.066.640 VND/khách,15:35,27 thg 4,27 thg 4,16:30,55m,"TP HCM (SGN)
Sân bay Tân Sơn Nhất
Nhà ga 1","Đà Lạt (DLI)
Sân bay Liên Khương",09-04-2025,,
Vietnam Airlines,1.144.854 VND/khách,08:55,27 thg 4,27 thg 4,09:50,55m,"TP HCM (SGN)
Sân bay Tân Sơn Nhất
Nhà ga 1","Đà Lạt (DLI)
Sân bay Liên Khương",09-04-2025,,
Vietnam Airlines,1.266.732 VND/khách,10:15,27 thg 4,27 thg 4,11:10,55m,"TP HCM (SGN)
Sân bay Tân Sơn Nhất
Nhà ga 1","Đà Lạt (DLI)
Sân bay Liên Khương",09-04-2025,,
Vietnam Airlines,943.056 VND/khách,05:45,27 thg 4,27 thg 4,06:40,55m,"TP HCM (SGN)
Sân bay Tân Sơn Nhất
Nhà ga 1","Đà Lạt (DLI)
Sân bay Liên Khương",10-04-2025,,
Vietnam Airlines,943.056 VND/khách,20:10,27 thg 4,27 thg 4,21:05,55m,"TP HCM (SGN)
Sân bay Tân Sơn Nhất
Nhà ga 1","Đà Lạt (DLI)
Sân bay Liên Khương",10-04-2025,,
Vietnam Airlines,943.056 VND/khách,21:10,27 thg 4,27 thg 4,22:10,1h 0m,"TP HCM (SGN)
Sân bay Tân Sơn Nhất
Nhà ga 1","Đà Lạt (DLI)
Sân bay Liên Khương",10-04-2025,,
Vietnam Airlines,1.141.857 VND/khách,08:55,27 thg 4,27 thg 4,09:50,55m,"TP HCM (SGN)
Sân bay Tân Sơn Nhất
Nhà ga 1","Đà Lạt (DLI)
Sân bay Liên Khương",10-04-2025,,
VietJet Air,1.168.130 VND/khách,15:35,27 thg 4,27 thg 4,16:30,55m,"TP HCM (SGN)
Sân bay Tân Sơn Nhất
Nhà ga 1","Đà Lạt (DLI)
Sân bay Liên Khương",10-04-2025,,
Vietnam Airlines,1.263.735 VND/khách,10:15,27 thg 4,27 thg 4,11:10,55m,"TP HCM (SGN)
Sân bay Tân Sơn Nhất
Nhà ga 1","Đà Lạt (DLI)
Sân bay Liên Khương",10-04-2025,,
Vietnam Airlines,944.055 VND/khách,05:45,27 thg 4,27 thg 4,06:40,55m,"TP HCM (SGN)
Sân bay Tân Sơn Nhất
Nhà ga 1","Đà Lạt (DLI)
Sân bay Liên Khương",11-04-2025,,
Vietnam Airlines,944.055 VND/khách,20:10,27 thg 4,27 thg 4,21:05,55m,"TP HCM (SGN)
Sân bay Tân Sơn Nhất
Nhà ga 1","Đà Lạt (DLI)
Sân bay Liên Khương",11-04-2025,,
Vietnam Airlines,944.055 VND/khách,21:10,27 thg 4,27 thg 4,22:10,1h 0m,"TP HCM (SGN)
Sân bay Tân Sơn Nhất
Nhà ga 1","Đà Lạt (DLI)
Sân bay Liên Khương",11-04-2025,,
Vietnam Airlines,1.154.844 VND/khách,08:55,27 thg 4,27 thg 4,09:50,55m,"TP HCM (SGN)
Sân bay Tân Sơn Nhất
Nhà ga 1","Đà Lạt (DLI)
Sân bay Liên Khương",11-04-2025,,
Vietnam Airlines,1.257.741 VND/khách,10:15,27 thg 4,27 thg 4,11:10,55m,"TP HCM (SGN)
Sân bay Tân Sơn Nhất
Nhà ga 1","Đà Lạt (DLI)
Sân bay Liên Khương",11-04-2025,,
VietJet Air,1.275.590 VND/khách,15:35,27 thg 4,27 thg 4,16:30,55m,"TP HCM (SGN)
Sân bay Tân Sơn Nhất
Nhà ga 1","Đà Lạt (DLI)
Sân bay Liên Khương",11-04-2025,,
Vietnam Airlines,945.054 VND/khách,05:45,27 thg 4,27 thg 4,06:40,55m,"TP HCM (SGN)
Sân bay Tân Sơn Nhất
Nhà ga 1","Đà Lạt (DLI)
Sân bay Liên Khương",12-04-2025,Hành lý 0 kg,Hành lý xách tay 1 x 12 kg
Vietnam Airlines,945.054 VND/khách,20:10,27 thg 4,27 thg 4,21:05,55m,"TP HCM (SGN)
Sân bay Tân Sơn Nhất
Nhà ga 1","Đà Lạt (DLI)
Sân bay Liên Khương",12-04-2025,Hành lý 0 kg,Hành lý xách tay 1 x 12 kg
Vietnam Airlines,945.054 VND/khách,21:10,27 thg 4,27 thg 4,22:10,1h 0m,"TP HCM (SGN)
Sân bay Tân Sơn Nhất
Nhà ga 1","Đà Lạt (DLI)
Sân bay Liên Khương",12-04-2025,Hành lý 0 kg,Hành lý xách tay 1 x 12 kg
Vietnam Airlines,1.155.843 VND/khách,08:55,27 thg 4,27 thg 4,09:50,55m,"TP HCM (SGN)
Sân bay Tân Sơn Nhất
Nhà ga 1","Đà Lạt (DLI)
Sân bay Liên Khương",12-04-2025,Hành lý 23 kg,Hành lý xách tay 1 x 12 kg
Vietnam Airlines,1.259.739 VND/khách,10:15,27 thg 4,27 thg 4,11:10,55m,"TP HCM (SGN)
Sân bay Tân Sơn Nhất
Nhà ga 1","Đà Lạt (DLI)
Sân bay Liên Khương",12-04-2025,Hành lý 23 kg,Hành lý xách tay 1 x 12 kg
VietJet Air,1.309.000 VND/khách,15:35,27 thg 4,27 thg 4,16:30,55m,"TP HCM (SGN)
Sân bay Tân Sơn Nhất
Nhà ga 1","Đà Lạt (DLI)
Sân bay Liên Khương",12-04-2025,Hành lý 0 kg,Hành lý xách tay 7 kg
Vietnam Airlines,947.052 VND/khách,20:10,27 thg 4,27 thg 4,21:05,55m,"TP HCM (SGN)
Sân bay Tân Sơn Nhất
Nhà ga 1","Đà Lạt (DLI)
Sân bay Liên Khương",13-04-2025,Hành lý 0 kg,Hành lý xách tay 1 x 12 kg
Vietnam Airlines,951.048 VND/khách,21:10,27 thg 4,27 thg 4,22:10,1h 0m,"TP HCM (SGN)
Sân bay Tân Sơn Nhất
Nhà ga 1","Đà Lạt (DLI)
Sân bay Liên Khương",13-04-2025,Hành lý 0 kg,Hành lý xách tay 1 x 12 kg
Vietnam Airlines,957.941 VND/khách,05:45,27 thg 4,27 thg 4,06:40,55m,"TP HCM (SGN)
Sân bay Tân Sơn Nhất
Nhà ga 1","Đà Lạt (DLI)
Sân bay Liên Khương",13-04-2025,Hành lý 0 kg,Hành lý xách tay 1 x 12 kg
Vietnam Airlines,1.171.827 VND/khách,08:55,27 thg 4,27 thg 4,09:50,55m,"TP HCM (SGN)
Sân bay Tân Sơn Nhất
Nhà ga 1","Đà Lạt (DLI)
Sân bay Liên Khương",13-04-2025,Hành lý 23 kg,Hành lý xách tay 1 x 12 kg
VietJet Air,1.307.430 VND/khách,15:35,27 thg 4,27 thg 4,16:30,55m,"TP HCM (SGN)
Sân bay Tân Sơn Nhất
Nhà ga 1","Đà Lạt (DLI)
Sân bay Liên Khương",13-04-2025,Hành lý 0 kg,Hành lý xách tay 7 kg
Vietnam Airlines,1.359.360 VND/khách,10:15,27 thg 4,27 thg 4,11:10,55m,"TP HCM (SGN)
Sân bay Tân Sơn Nhất
Nhà ga 1","Đà Lạt (DLI)
Sân bay Liên Khương",13-04-2025,Hành lý 23 kg,Hành lý xách tay 1 x 12 kg
Vietnam Airlines,978.021 VND/khách,20:10,27 thg 4,27 thg 4,21:05,55m,"TP HCM (SGN)
Sân bay Tân Sơn Nhất
Nhà ga 1","Đà Lạt (DLI)
Sân bay Liên Khương",14-04-2025,Hành lý 0 kg,Hành lý xách tay 1 x 12 kg
Vietnam Airlines,978.021 VND/khách,21:10,27 thg 4,27 thg 4,22:10,1h 0m,"TP HCM (SGN)
Sân bay Tân Sơn Nhất
Nhà ga 1","Đà Lạt (DLI)
Sân bay Liên Khương",14-04-2025,Hành lý 0 kg,Hành lý xách tay 1 x 12 kg
Vietnam Airlines,1.161.837 VND/khách,05:45,27 thg 4,27 thg 4,06:40,55m,"TP HCM (SGN)
Sân bay Tân Sơn Nhất
Nhà ga 1","Đà Lạt (DLI)
Sân bay Liên Khương",14-04-2025,Hành lý 23 kg,Hành lý xách tay 1 x 12 kg
Vietnam Airlines,1.161.837 VND/khách,08:55,27 thg 4,27 thg 4,09:50,55m,"TP HCM (SGN)
Sân bay Tân Sơn Nhất
Nhà ga 1","Đà Lạt (DLI)
Sân bay Liên Khương",14-04-2025,Hành lý 23 kg,Hành lý xách tay 1 x 12 kg
VietJet Air,1.278.795 VND/khách,15:35,27 thg 4,27 thg 4,16:30,55m,"TP HCM (SGN)
Sân bay Tân Sơn Nhất
Nhà ga 1","Đà Lạt (DLI)
Sân bay Liên Khương",14-04-2025,Hành lý 0 kg,Hành lý xách tay 7 kg
Vietnam Airlines,982.017 VND/khách,20:10,27 thg 4,27 thg 4,21:05,55m,"TP HCM (SGN)
Sân bay Tân Sơn Nhất
Nhà ga 1","Đà Lạt (DLI)
Sân bay Liên Khương",15-04-2025,,
Vietnam Airlines,982.017 VND/khách,21:10,27 thg 4,27 thg 4,22:10,1h 0m,"TP HCM (SGN)
Sân bay Tân Sơn Nhất
Nhà ga 1","Đà Lạt (DLI)
Sân bay Liên Khương",15-04-2025,,
Vietnam Airlines,1.163.835 VND/khách,05:45,27 thg 4,27 thg 4,06:40,55m,"TP HCM (SGN)
Sân bay Tân Sơn Nhất
Nhà ga 1","Đà Lạt (DLI)
Sân bay Liên Khương",15-04-2025,,
Vietnam Airlines,1.163.835 VND/khách,08:55,27 thg 4,27 thg 4,09:50,55m,"TP HCM (SGN)
Sân bay Tân Sơn Nhất
Nhà ga 1","Đà Lạt (DLI)
Sân bay Liên Khương",15-04-2025,,
VietJet Air,1.286.775 VND/khách,15:35,27 thg 4,27 thg 4,16:30,55m,"TP HCM (SGN)
Sân bay Tân Sơn Nhất
Nhà ga 1","Đà Lạt (DLI)
Sân bay Liên Khương",15-04-2025,,
Vietnam Airlines,971.250 VND/khách,20:10,27 thg 4,27 thg 4,21:05,55m,"TP HCM (SGN)
Sân bay Tân Sơn Nhất
Nhà ga 1","Đà Lạt (DLI)
Sân bay Liên Khương",16-04-2025,Hành lý 0 kg,Hành lý xách tay 1 x 12 kg
Vietnam Airlines,971.250 VND/khách,21:10,27 thg 4,27 thg 4,22:10,1h 0m,"TP HCM (SGN)
Sân bay Tân Sơn Nhất
Nhà ga 1","Đà Lạt (DLI)
Sân bay Liên Khương",16-04-2025,Hành lý 0 kg,Hành lý xách tay 1 x 12 kg
Vietnam Airlines,1.152.900 VND/khách,05:45,27 thg 4,27 thg 4,06:40,55m,"TP HCM (SGN)
Sân bay Tân Sơn Nhất
Nhà ga 1","Đà Lạt (DLI)
Sân bay Liên Khương",16-04-2025,Hành lý 23 kg,Hành lý xách tay 1 x 12 kg
Vietnam Airlines,1.152.900 VND/khách,08:55,27 thg 4,27 thg 4,09:50,55m,"TP HCM (SGN)
Sân bay Tân Sơn Nhất
Nhà ga 1","Đà Lạt (DLI)
Sân bay Liên Khương",16-04-2025,Hành lý 23 kg,Hành lý xách tay 1 x 12 kg
VietJet Air,1.327.929 VND/khách,15:35,27 thg 4,27 thg 4,16:30,55m,"TP HCM (SGN)
Sân bay Tân Sơn Nhất
Nhà ga 1","Đà Lạt (DLI)
Sân bay Liên Khương",16-04-2025,Hành lý 0 kg,Hành lý xách tay 7 kg
Vietnam Airlines,984.015 VND/khách,20:10,27 thg 4,27 thg 4,21:05,55m,"TP HCM (SGN)
Sân bay Tân Sơn Nhất
Nhà ga 1","Đà Lạt (DLI)
Sân bay Liên Khương",17-04-2025,Hành lý 0 kg,Hành lý xách tay 1 x 12 kg
Vietnam Airlines,984.015 VND/khách,21:10,27 thg 4,27 thg 4,22:10,1h 0m,"TP HCM (SGN)
Sân bay Tân Sơn Nhất
Nhà ga 1","Đà Lạt (DLI)
Sân bay Liên Khương",17-04-2025,Hành lý 0 kg,Hành lý xách tay 1 x 12 kg
Vietnam Airlines,1.141.027 VND/khách,05:45,27 thg 4,27 thg 4,06:40,55m,"TP HCM (SGN)
Sân bay Tân Sơn Nhất
Nhà ga 1","Đà Lạt (DLI)
Sân bay Liên Khương",17-04-2025,Hành lý 23 kg,Hành lý xách tay 1 x 12 kg
Vietnam Airlines,1.141.027 VND/khách,08:55,27 thg 4,27 thg 4,09:50,55m,"TP HCM (SGN)
Sân bay Tân Sơn Nhất
Nhà ga 1","Đà Lạt (DLI)
Sân bay Liên Khương",17-04-2025,Hành lý 23 kg,Hành lý xách tay 1 x 12 kg
VietJet Air,1.284.780 VND/khách,15:35,27 thg 4,27 thg 4,16:30,55m,"TP HCM (SGN)
Sân bay Tân Sơn Nhất
Nhà ga 1","Đà Lạt (DLI)
Sân bay Liên Khương",17-04-2025,Hành lý 0 kg,Hành lý xách tay 7 kg
Vietnam Airlines,1.280.718 VND/khách,05:45,27 thg 4,27 thg 4,06:40,55m,"TP HCM (SGN)
Sân bay Tân Sơn Nhất
Nhà ga 3","Đà Lạt (DLI)
Sân bay Liên Khương",23-04-2025,Hành lý 23 kg,Hành lý xách tay 1 x 12 kg
VietJet Air,1.316.700 VND/khách,15:35,27 thg 4,27 thg 4,16:30,55m,"TP HCM (SGN)
Sân bay Tân Sơn Nhất
Nhà ga 1","Đà Lạt (DLI)
Sân bay Liên Khương",23-04-2025,Hành lý 0 kg,Hành lý xách tay 7 kg
Vietnam Airlines,1.486.512 VND/khách,08:55,27 thg 4,27 thg 4,09:50,55m,"TP HCM (SGN)
Sân bay Tân Sơn Nhất
Nhà ga 1","Đà Lạt (DLI)
Sân bay Liên Khương",23-04-2025,Hành lý 23 kg,Hành lý xách tay 1 x 12 kg
Vietnam Airlines,1.523.475 VND/khách,20:10,27 thg 4,27 thg 4,21:05,55m,"TP HCM (SGN)
Sân bay Tân Sơn Nhất
Nhà ga 3","Đà Lạt (DLI)
Sân bay Liên Khương",23-04-2025,Hành lý 23 kg,Hành lý xách tay 1 x 12 kg
Vietnam Airlines,1.710.288 VND/khách,10:30,27 thg 4,27 thg 4,11:25,55m,"TP HCM (SGN)
Sân bay Tân Sơn Nhất
Nhà ga 3","Đà Lạt (DLI)
Sân bay Liên Khương",23-04-2025,Hành lý 23 kg,Hành lý xách tay 1 x 12 kg
Vietnam Airlines,1.295.154 VND/khách,12:05,27 thg 4,27 thg 4,13:00,55m,"TP HCM (SGN)
Sân bay Tân Sơn Nhất
Nhà ga 1","Đà Lạt (DLI)
Sân bay Liên Khương",24-04-2025,,
VietJet Air,1.318.695 VND/khách,15:35,27 thg 4,27 thg 4,16:30,55m,"TP HCM (SGN)
Sân bay Tân Sơn Nhất
Nhà ga 1","Đà Lạt (DLI)
Sân bay Liên Khương",24-04-2025,,
Vietnam Airlines,1.364.877 VND/khách,05:45,27 thg 4,27 thg 4,06:40,55m,"TP HCM (SGN)
Sân bay Tân Sơn Nhất","Đà Lạt (DLI)
Sân bay Liên Khương",24-04-2025,,
Vietnam Airlines,1.652.346 VND/khách,20:10,27 thg 4,27 thg 4,21:05,55m,"TP HCM (SGN)
Sân bay Tân Sơn Nhất","Đà Lạt (DLI)
Sân bay Liên Khương",24-04-2025,,
Vietnam Airlines,1.854.144 VND/khách,10:30,27 thg 4,27 thg 4,11:25,55m,"TP HCM (SGN)
Sân bay Tân Sơn Nhất","Đà Lạt (DLI)
Sân bay Liên Khương",24-04-2025,,
VietJet Air,1.316.700 VND/khách,15:35,27 thg 4,27 thg 4,16:30,55m,"TP HCM (SGN)
Sân bay Tân Sơn Nhất
Nhà ga 1","Đà Lạt (DLI)
Sân bay Liên Khương",25-04-2025,Hành lý 0 kg,Hành lý xách tay 7 kg
Vietnam Airlines,1.393.605 VND/khách,05:45,27 thg 4,27 thg 4,06:40,55m,"TP HCM (SGN)
Sân bay Tân Sơn Nhất","Đà Lạt (DLI)
Sân bay Liên Khương",25-04-2025,Hành lý 23 kg,Hành lý xách tay 1 x 12 kg
Vietnam Airlines,1.505.493 VND/khách,12:05,27 thg 4,27 thg 4,13:00,55m,"TP HCM (SGN)
Sân bay Tân Sơn Nhất
Nhà ga 1","Đà Lạt (DLI)
Sân bay Liên Khương",25-04-2025,Hành lý 23 kg,Hành lý xách tay 1 x 12 kg
Vietnam Airlines,1.710.288 VND/khách,20:10,27 thg 4,27 thg 4,21:05,55m,"TP HCM (SGN)
Sân bay Tân Sơn Nhất","Đà Lạt (DLI)
Sân bay Liên Khương",25-04-2025,Hành lý 23 kg,Hành lý xách tay 1 x 12 kg
Vietnam Airlines,1.979.019 VND/khách,10:30,27 thg 4,27 thg 4,11:25,55m,"TP HCM (SGN)
Sân bay Tân Sơn Nhất","Đà Lạt (DLI)
Sân bay Liên Khương",25-04-2025,Hành lý 23 kg,Hành lý xách tay 1 x 12 kg
VietJet Air,822.711 VND/khách,15:35,28 thg 4,28 thg 4,16:30,55m,"TP HCM (SGN)
Sân bay Tân Sơn Nhất
Nhà ga 1","Đà Lạt (DLI)
Sân bay Liên Khương",08-04-2025,,
Vietnam Airlines,922.704 VND/khách,05:45,28 thg 4,28 thg 4,06:40,55m,"TP HCM (SGN)
Sân bay Tân Sơn Nhất
Nhà ga 1","Đà Lạt (DLI)
Sân bay Liên Khương",08-04-2025,,
Vietnam Airlines,922.704 VND/khách,08:55,28 thg 4,28 thg 4,09:50,55m,"TP HCM (SGN)
Sân bay Tân Sơn Nhất
Nhà ga 1","Đà Lạt (DLI)
Sân bay Liên Khương",08-04-2025,,
Vietnam Airlines,1.135.794 VND/khách,21:10,28 thg 4,28 thg 4,22:10,1h 0m,"TP HCM (SGN)
Sân bay Tân Sơn Nhất
Nhà ga 1","Đà Lạt (DLI)
Sân bay Liên Khương",08-04-2025,,
Vietnam Airlines,1.255.743 VND/khách,10:15,28 thg 4,28 thg 4,11:10,55m,"TP HCM (SGN)
Sân bay Tân Sơn Nhất
Nhà ga 1","Đà Lạt (DLI)
Sân bay Liên Khương",08-04-2025,,
Vietnam Airlines,938.061 VND/khách,05:45,28 thg 4,28 thg 4,06:40,55m,"TP HCM (SGN)
Sân bay Tân Sơn Nhất
Nhà ga 1","Đà Lạt (DLI)
Sân bay Liên Khương",09-04-2025,,
Vietnam Airlines,938.061 VND/khách,08:55,28 thg 4,28 thg 4,09:50,55m,"TP HCM (SGN)
Sân bay Tân Sơn Nhất
Nhà ga 1","Đà Lạt (DLI)
Sân bay Liên Khương",09-04-2025,,
VietJet Air,1.044.750 VND/khách,15:35,28 thg 4,28 thg 4,16:30,55m,"TP HCM (SGN)
Sân bay Tân Sơn Nhất
Nhà ga 1","Đà Lạt (DLI)
Sân bay Liên Khương",09-04-2025,,
Vietnam Airlines,1.133.865 VND/khách,21:10,28 thg 4,28 thg 4,22:10,1h 0m,"TP HCM (SGN)
Sân bay Tân Sơn Nhất
Nhà ga 1","Đà Lạt (DLI)
Sân bay Liên Khương",09-04-2025,,
Vietnam Airlines,1.381.617 VND/khách,10:15,28 thg 4,28 thg 4,11:10,55m,"TP HCM (SGN)
Sân bay Tân Sơn Nhất
Nhà ga 1","Đà Lạt (DLI)
Sân bay Liên Khương",09-04-2025,,
Vietnam Airlines,938.061 VND/khách,08:55,28 thg 4,28 thg 4,09:50,55m,"TP HCM (SGN)
Sân bay Tân Sơn Nhất
Nhà ga 1","Đà Lạt (DLI)
Sân bay Liên Khương",10-04-2025,,
Vietnam Airlines,948.051 VND/khách,05:45,28 thg 4,28 thg 4,06:40,55m,"TP HCM (SGN)
Sân bay Tân Sơn Nhất
Nhà ga 1","Đà Lạt (DLI)
Sân bay Liên Khương",10-04-2025,,
VietJet Air,1.142.260 VND/khách,15:35,28 thg 4,28 thg 4,16:30,55m,"TP HCM (SGN)
Sân bay Tân Sơn Nhất
Nhà ga 1","Đà Lạt (DLI)
Sân bay Liên Khương",10-04-2025,,
Vietnam Airlines,1.154.844 VND/khách,21:10,28 thg 4,28 thg 4,22:10,1h 0m,"TP HCM (SGN)
Sân bay Tân Sơn Nhất
Nhà ga 1","Đà Lạt (DLI)
Sân bay Liên Khương",10-04-2025,,
Vietnam Airlines,1.379.619 VND/khách,10:15,28 thg 4,28 thg 4,11:10,55m,"TP HCM (SGN)
Sân bay Tân Sơn Nhất
Nhà ga 1","Đà Lạt (DLI)
Sân bay Liên Khương",10-04-2025,,
Vietnam Airlines,936.063 VND/khách,08:55,28 thg 4,28 thg 4,09:50,55m,"TP HCM (SGN)
Sân bay Tân Sơn Nhất
Nhà ga 1","Đà Lạt (DLI)
Sân bay Liên Khương",11-04-2025,,
Vietnam Airlines,944.055 VND/khách,05:45,28 thg 4,28 thg 4,06:40,55m,"TP HCM (SGN)
Sân bay Tân Sơn Nhất
Nhà ga 1","Đà Lạt (DLI)
Sân bay Liên Khương",11-04-2025,,
Vietnam Airlines,1.153.845 VND/khách,21:10,28 thg 4,28 thg 4,22:10,1h 0m,"TP HCM (SGN)
Sân bay Tân Sơn Nhất
Nhà ga 1","Đà Lạt (DLI)
Sân bay Liên Khương",11-04-2025,,
VietJet Air,1.274.595 VND/khách,15:35,28 thg 4,28 thg 4,16:30,55m,"TP HCM (SGN)
Sân bay Tân Sơn Nhất
Nhà ga 1","Đà Lạt (DLI)
Sân bay Liên Khương",11-04-2025,,
Vietnam Airlines,1.378.620 VND/khách,10:15,28 thg 4,28 thg 4,11:10,55m,"TP HCM (SGN)
Sân bay Tân Sơn Nhất
Nhà ga 1","Đà Lạt (DLI)
Sân bay Liên Khương",11-04-2025,,
Vietnam Airlines,957.941 VND/khách,05:45,28 thg 4,28 thg 4,06:40,55m,"TP HCM (SGN)
Sân bay Tân Sơn Nhất
Nhà ga 1","Đà Lạt (DLI)
Sân bay Liên Khương",12-04-2025,Hành lý 0 kg,Hành lý xách tay 1 x 12 kg
Vietnam Airlines,957.941 VND/khách,08:55,28 thg 4,28 thg 4,09:50,55m,"TP HCM (SGN)
Sân bay Tân Sơn Nhất
Nhà ga 1","Đà Lạt (DLI)
Sân bay Liên Khương",12-04-2025,Hành lý 0 kg,Hành lý xách tay 1 x 12 kg
Vietnam Airlines,1.155.843 VND/khách,21:10,28 thg 4,28 thg 4,22:10,1h 0m,"TP HCM (SGN)
Sân bay Tân Sơn Nhất
Nhà ga 1","Đà Lạt (DLI)
Sân bay Liên Khương",12-04-2025,Hành lý 23 kg,Hành lý xách tay 1 x 12 kg
VietJet Air,1.283.000 VND/khách,15:35,28 thg 4,28 thg 4,16:30,55m,"TP HCM (SGN)
Sân bay Tân Sơn Nhất
Nhà ga 1","Đà Lạt (DLI)
Sân bay Liên Khương",12-04-2025,Hành lý 0 kg,Hành lý xách tay 7 kg
Vietnam Airlines,1.396.602 VND/khách,10:15,28 thg 4,28 thg 4,11:10,55m,"TP HCM (SGN)
Sân bay Tân Sơn Nhất
Nhà ga 1","Đà Lạt (DLI)
Sân bay Liên Khương",12-04-2025,Hành lý 23 kg,Hành lý xách tay 1 x 12 kg
Vietnam Airlines,940.059 VND/khách,08:55,28 thg 4,28 thg 4,09:50,55m,"TP HCM (SGN)
Sân bay Tân Sơn Nhất
Nhà ga 1","Đà Lạt (DLI)
Sân bay Liên Khương",13-04-2025,Hành lý 0 kg,Hành lý xách tay 1 x 12 kg
Vietnam Airlines,951.048 VND/khách,05:45,28 thg 4,28 thg 4,06:40,55m,"TP HCM (SGN)
Sân bay Tân Sơn Nhất
Nhà ga 1","Đà Lạt (DLI)
Sân bay Liên Khương",13-04-2025,Hành lý 0 kg,Hành lý xách tay 1 x 12 kg
Vietnam Airlines,1.156.842 VND/khách,21:10,28 thg 4,28 thg 4,22:10,1h 0m,"TP HCM (SGN)
Sân bay Tân Sơn Nhất
Nhà ga 1","Đà Lạt (DLI)
Sân bay Liên Khương",13-04-2025,Hành lý 23 kg,Hành lý xách tay 1 x 12 kg
VietJet Air,1.308.425 VND/khách,15:35,28 thg 4,28 thg 4,16:30,55m,"TP HCM (SGN)
Sân bay Tân Sơn Nhất
Nhà ga 1","Đà Lạt (DLI)
Sân bay Liên Khương",13-04-2025,Hành lý 0 kg,Hành lý xách tay 7 kg
Vietnam Airlines,1.411.137 VND/khách,10:15,28 thg 4,28 thg 4,11:10,55m,"TP HCM (SGN)
Sân bay Tân Sơn Nhất
Nhà ga 1","Đà Lạt (DLI)
Sân bay Liên Khương",13-04-2025,Hành lý 23 kg,Hành lý xách tay 1 x 12 kg
Vietnam Airlines,947.052 VND/khách,05:45,28 thg 4,28 thg 4,06:40,55m,"TP HCM (SGN)
Sân bay Tân Sơn Nhất
Nhà ga 1","Đà Lạt (DLI)
Sân bay Liên Khương",14-04-2025,Hành lý 0 kg,Hành lý xách tay 1 x 12 kg
Vietnam Airlines,1.160.838 VND/khách,08:55,28 thg 4,28 thg 4,09:50,55m,"TP HCM (SGN)
Sân bay Tân Sơn Nhất
Nhà ga 1","Đà Lạt (DLI)
Sân bay Liên Khương",14-04-2025,Hành lý 23 kg,Hành lý xách tay 1 x 12 kg
Vietnam Airlines,1.164.834 VND/khách,21:10,28 thg 4,28 thg 4,22:10,1h 0m,"TP HCM (SGN)
Sân bay Tân Sơn Nhất
Nhà ga 1","Đà Lạt (DLI)
Sân bay Liên Khương",14-04-2025,Hành lý 23 kg,Hành lý xách tay 1 x 12 kg
VietJet Air,1.281.788 VND/khách,15:35,28 thg 4,28 thg 4,16:30,55m,"TP HCM (SGN)
Sân bay Tân Sơn Nhất
Nhà ga 1","Đà Lạt (DLI)
Sân bay Liên Khương",14-04-2025,Hành lý 0 kg,Hành lý xách tay 7 kg
Vietnam Airlines,982.017 VND/khách,05:45,28 thg 4,28 thg 4,06:40,55m,"TP HCM (SGN)
Sân bay Tân Sơn Nhất
Nhà ga 1","Đà Lạt (DLI)
Sân bay Liên Khương",15-04-2025,,
Vietnam Airlines,1.159.839 VND/khách,21:10,28 thg 4,28 thg 4,22:10,1h 0m,"TP HCM (SGN)
Sân bay Tân Sơn Nhất
Nhà ga 1","Đà Lạt (DLI)
Sân bay Liên Khương",15-04-2025,,
Vietnam Airlines,1.163.835 VND/khách,08:55,28 thg 4,28 thg 4,09:50,55m,"TP HCM (SGN)
Sân bay Tân Sơn Nhất
Nhà ga 1","Đà Lạt (DLI)
Sân bay Liên Khương",15-04-2025,,
VietJet Air,1.284.780 VND/khách,15:35,28 thg 4,28 thg 4,16:30,55m,"TP HCM (SGN)
Sân bay Tân Sơn Nhất
Nhà ga 1","Đà Lạt (DLI)
Sân bay Liên Khương",15-04-2025,,
Vietnam Airlines,971.250 VND/khách,05:45,28 thg 4,28 thg 4,06:40,55m,"TP HCM (SGN)
Sân bay Tân Sơn Nhất
Nhà ga 1","Đà Lạt (DLI)
Sân bay Liên Khương",16-04-2025,Hành lý 0 kg,Hành lý xách tay 1 x 12 kg
Vietnam Airlines,1.152.900 VND/khách,08:55,28 thg 4,28 thg 4,09:50,55m,"TP HCM (SGN)
Sân bay Tân Sơn Nhất
Nhà ga 1","Đà Lạt (DLI)
Sân bay Liên Khương",16-04-2025,Hành lý 23 kg,Hành lý xách tay 1 x 12 kg
Vietnam Airlines,1.266.300 VND/khách,21:10,28 thg 4,28 thg 4,22:10,1h 0m,"TP HCM (SGN)
Sân bay Tân Sơn Nhất
Nhà ga 1","Đà Lạt (DLI)
Sân bay Liên Khương",16-04-2025,Hành lý 23 kg,Hành lý xách tay 1 x 12 kg
VietJet Air,1.327.929 VND/khách,15:35,28 thg 4,28 thg 4,16:30,55m,"TP HCM (SGN)
Sân bay Tân Sơn Nhất
Nhà ga 1","Đà Lạt (DLI)
Sân bay Liên Khương",16-04-2025,Hành lý 0 kg,Hành lý xách tay 7 kg
Vietnam Airlines,983.016 VND/khách,05:45,28 thg 4,28 thg 4,06:40,55m,"TP HCM (SGN)
Sân bay Tân Sơn Nhất
Nhà ga 1","Đà Lạt (DLI)
Sân bay Liên Khương",17-04-2025,Hành lý 0 kg,Hành lý xách tay 1 x 12 kg
Vietnam Airlines,1.141.027 VND/khách,08:55,28 thg 4,28 thg 4,09:50,55m,"TP HCM (SGN)
Sân bay Tân Sơn Nhất
Nhà ga 1","Đà Lạt (DLI)
Sân bay Liên Khương",17-04-2025,Hành lý 23 kg,Hành lý xách tay 1 x 12 kg
VietJet Air,1.284.780 VND/khách,15:35,28 thg 4,28 thg 4,16:30,55m,"TP HCM (SGN)
Sân bay Tân Sơn Nhất
Nhà ga 1","Đà Lạt (DLI)
Sân bay Liên Khương",17-04-2025,Hành lý 0 kg,Hành lý xách tay 7 kg
Vietnam Airlines,1.365.492 VND/khách,21:10,28 thg 4,28 thg 4,22:10,1h 0m,"TP HCM (SGN)
Sân bay Tân Sơn Nhất
Nhà ga 1","Đà Lạt (DLI)
Sân bay Liên Khương",17-04-2025,Hành lý 23 kg,Hành lý xách tay 1 x 12 kg
Vietnam Airlines,1.164.834 VND/khách,05:45,28 thg 4,28 thg 4,06:40,55m,"TP HCM (SGN)
Sân bay Tân Sơn Nhất
Nhà ga 3","Đà Lạt (DLI)
Sân bay Liên Khương",23-04-2025,Hành lý 23 kg,Hành lý xách tay 1 x 12 kg
Vietnam Airlines,1.265.733 VND/khách,21:10,28 thg 4,28 thg 4,22:10,1h 0m,"TP HCM (SGN)
Sân bay Tân Sơn Nhất
Nhà ga 3","Đà Lạt (DLI)
Sân bay Liên Khương",23-04-2025,Hành lý 23 kg,Hành lý xách tay 1 x 12 kg
VietJet Air,1.326.675 VND/khách,15:35,28 thg 4,28 thg 4,16:30,55m,"TP HCM (SGN)
Sân bay Tân Sơn Nhất
Nhà ga 1","Đà Lạt (DLI)
Sân bay Liên Khương",23-04-2025,Hành lý 0 kg,Hành lý xách tay 7 kg
Vietnam Airlines,1.476.756 VND/khách,08:55,28 thg 4,28 thg 4,09:50,55m,"TP HCM (SGN)
Sân bay Tân Sơn Nhất
Nhà ga 1","Đà Lạt (DLI)
Sân bay Liên Khương",23-04-2025,Hành lý 23 kg,Hành lý xách tay 1 x 12 kg
Vietnam Airlines,1.930.068 VND/khách,10:15,28 thg 4,28 thg 4,11:10,55m,"TP HCM (SGN)
Sân bay Tân Sơn Nhất
Nhà ga 3","Đà Lạt (DLI)
Sân bay Liên Khương",23-04-2025,Hành lý 23 kg,Hành lý xách tay 1 x 12 kg
Vietnam Airlines,1.152.846 VND/khách,05:45,28 thg 4,28 thg 4,06:40,55m,"TP HCM (SGN)
Sân bay Tân Sơn Nhất
Nhà ga T3","Đà Lạt (DLI)
Sân bay Liên Khương",24-04-2025,,
Vietnam Airlines,1.249.749 VND/khách,12:05,28 thg 4,28 thg 4,13:00,55m,"TP HCM (SGN)
Sân bay Tân Sơn Nhất
Nhà ga 1","Đà Lạt (DLI)
Sân bay Liên Khương",24-04-2025,,
Vietnam Airlines,1.364.877 VND/khách,21:10,28 thg 4,28 thg 4,22:10,1h 0m,"TP HCM (SGN)
Sân bay Tân Sơn Nhất
Nhà ga T3","Đà Lạt (DLI)
Sân bay Liên Khương",24-04-2025,,
VietJet Air,1.441.388 VND/khách,15:35,28 thg 4,28 thg 4,16:30,55m,"TP HCM (SGN)
Sân bay Tân Sơn Nhất
Nhà ga 1","Đà Lạt (DLI)
Sân bay Liên Khương",24-04-2025,,
Vietnam Airlines,1.897.279 VND/khách,10:15,28 thg 4,28 thg 4,11:10,55m,"TP HCM (SGN)
Sân bay Tân Sơn Nhất
Nhà ga T3","Đà Lạt (DLI)
Sân bay Liên Khương",24-04-2025,,
VietJet Air,2.391.033 VND/khách,05:30,28 thg 4,28 thg 4,06:50,1h 20m,"TP HCM (SGN)
Sân bay Tân Sơn Nhất
Nhà ga 1","Đà Nẵng (DAD)
Sân bay Đà Nẵng",25-04-2025,Hành lý 0 kg,Hành lý xách tay 7 kg
VietJet Air,2.391.033 VND/khách,05:00,28 thg 4,28 thg 4,06:20,1h 20m,"TP HCM (SGN)
Sân bay Tân Sơn Nhất
Nhà ga 1","Đà Nẵng (DAD)
Sân bay Đà Nẵng",25-04-2025,Hành lý 0 kg,Hành lý xách tay 7 kg
VietJet Air,2.505.745 VND/khách,06:50,28 thg 4,28 thg 4,08:10,1h 20m,"TP HCM (SGN)
Sân bay Tân Sơn Nhất
Nhà ga 1","Đà Nẵng (DAD)
Sân bay Đà Nẵng",25-04-2025,Hành lý 0 kg,Hành lý xách tay 7 kg
VietJet Air,3.964.090 VND/khách,07:30,28 thg 4,28 thg 4,09:40,2h 10m,"TP HCM (SGN)
Sân bay Tân Sơn Nhất
Nhà ga 1","Hà Nội (HAN)
Sân bay Nội Bài
Nhà ga 1",25-04-2025,Hành lý 0 kg,Hành lý xách tay 7 kg
Vietnam Airlines,4.680.470 VND/khách,08:00,28 thg 4,28 thg 4,10:05,2h 5m,"TP HCM (SGN)
Sân bay Tân Sơn Nhất
Nhà ga T3","Hà Nội (HAN)
Sân bay Nội Bài",25-04-2025,Hành lý 23 kg,Hành lý xách tay 1 x 12 kg
Vietnam Airlines,5.084.532 VND/khách,07:00,28 thg 4,28 thg 4,09:05,2h 5m,"TP HCM (SGN)
Sân bay Tân Sơn Nhất
Nhà ga T3","Hà Nội (HAN)
Sân bay Nội Bài",25-04-2025,Hành lý 23 kg,Hành lý xách tay 1 x 12 kg
Vietnam Airlines,5.682.830 VND/khách,06:00,28 thg 4,28 thg 4,08:05,2h 5m,"TP HCM (SGN)
Sân bay Tân Sơn Nhất
Nhà ga T3","Hà Nội (HAN)
Sân bay Nội Bài",25-04-2025,Hành lý 1 x 23 kg,Hành lý xách tay 1 x 12 kg
VietJet Air,1.707.420 VND/khách,09:55,29 thg 4,29 thg 4,10:50,55m,"TP HCM (SGN)
Sân bay Tân Sơn Nhất
Nhà ga 1","Đà Lạt (DLI)
Sân bay Liên Khương",09-04-2025,,
VietJet Air,1.707.420 VND/khách,15:35,29 thg 4,29 thg 4,16:30,55m,"TP HCM (SGN)
Sân bay Tân Sơn Nhất
Nhà ga 1","Đà Lạt (DLI)
Sân bay Liên Khương",09-04-2025,,
Bamboo Airways,1.837.825 VND/khách,16:45,29 thg 4,29 thg 4,17:40,55m,"TP HCM (SGN)
Sân bay Tân Sơn Nhất","Đà Lạt (DLI)
Sân bay Liên Khương",09-04-2025,,
Vietnam Airlines,1.929.069 VND/khách,05:45,29 thg 4,29 thg 4,06:40,55m,"TP HCM (SGN)
Sân bay Tân Sơn Nhất
Nhà ga 1","Đà Lạt (DLI)
Sân bay Liên Khương",09-04-2025,,
Vietnam Airlines,1.969.029 VND/khách,21:10,29 thg 4,29 thg 4,22:10,1h 0m,"TP HCM (SGN)
Sân bay Tân Sơn Nhất
Nhà ga 1","Đà Lạt (DLI)
Sân bay Liên Khương",09-04-2025,,
Vietnam Airlines,1.998.999 VND/khách,08:55,29 thg 4,29 thg 4,09:50,55m,"TP HCM (SGN)
Sân bay Tân Sơn Nhất
Nhà ga 1","Đà Lạt (DLI)
Sân bay Liên Khương",09-04-2025,,
Vietnam Airlines,1.998.999 VND/khách,10:15,29 thg 4,29 thg 4,11:10,55m,"TP HCM (SGN)
Sân bay Tân Sơn Nhất
Nhà ga 1","Đà Lạt (DLI)
Sân bay Liên Khương",09-04-2025,,
Vietnam Airlines,1.998.999 VND/khách,11:45,29 thg 4,29 thg 4,12:40,55m,"TP HCM (SGN)
Sân bay Tân Sơn Nhất
Nhà ga 1","Đà Lạt (DLI)
Sân bay Liên Khương",09-04-2025,,
Bamboo Airways,1.837.825 VND/khách,16:45,29 thg 4,29 thg 4,17:40,55m,"TP HCM (SGN)
Sân bay Tân Sơn Nhất","Đà Lạt (DLI)
Sân bay Liên Khương",10-04-2025,,
VietJet Air,1.715.380 VND/khách,09:55,29 thg 4,29 thg 4,10:50,55m,"TP HCM (SGN)
Sân bay Tân Sơn Nhất
Nhà ga 1","Đà Lạt (DLI)
Sân bay Liên Khương",10-04-2025,,
VietJet Air,1.715.380 VND/khách,15:35,29 thg 4,29 thg 4,16:30,55m,"TP HCM (SGN)
Sân bay Tân Sơn Nhất
Nhà ga 1","Đà Lạt (DLI)
Sân bay Liên Khương",10-04-2025,,
Vietnam Airlines,1.906.092 VND/khách,21:10,29 thg 4,29 thg 4,22:10,1h 0m,"TP HCM (SGN)
Sân bay Tân Sơn Nhất
Nhà ga 1","Đà Lạt (DLI)
Sân bay Liên Khương",10-04-2025,,
Vietnam Airlines,1.921.077 VND/khách,05:45,29 thg 4,29 thg 4,06:40,55m,"TP HCM (SGN)
Sân bay Tân Sơn Nhất
Nhà ga 1","Đà Lạt (DLI)
Sân bay Liên Khương",10-04-2025,,
Vietnam Airlines,1.984.014 VND/khách,08:55,29 thg 4,29 thg 4,09:50,55m,"TP HCM (SGN)
Sân bay Tân Sơn Nhất
Nhà ga 1","Đà Lạt (DLI)
Sân bay Liên Khương",10-04-2025,,
Vietnam Airlines,1.984.014 VND/khách,10:15,29 thg 4,29 thg 4,11:10,55m,"TP HCM (SGN)
Sân bay Tân Sơn Nhất
Nhà ga 1","Đà Lạt (DLI)
Sân bay Liên Khương",10-04-2025,,
Bamboo Airways,1.944.425 VND/khách,16:45,29 thg 4,29 thg 4,17:40,55m,"TP HCM (SGN)
Sân bay Tân Sơn Nhất","Đà Lạt (DLI)
Sân bay Liên Khương",11-04-2025,,
VietJet Air,1.705.430 VND/khách,09:55,29 thg 4,29 thg 4,10:50,55m,"TP HCM (SGN)
Sân bay Tân Sơn Nhất
Nhà ga 1","Đà Lạt (DLI)
Sân bay Liên Khương",11-04-2025,,
VietJet Air,1.705.430 VND/khách,15:35,29 thg 4,29 thg 4,16:30,55m,"TP HCM (SGN)
Sân bay Tân Sơn Nhất
Nhà ga 1","Đà Lạt (DLI)
Sân bay Liên Khương",11-04-2025,,
Vietnam Airlines,1.922.076 VND/khách,05:45,29 thg 4,29 thg 4,06:40,55m,"TP HCM (SGN)
Sân bay Tân Sơn Nhất
Nhà ga 1","Đà Lạt (DLI)
Sân bay Liên Khương",11-04-2025,,
Vietnam Airlines,1.986.012 VND/khách,08:55,29 thg 4,29 thg 4,09:50,55m,"TP HCM (SGN)
Sân bay Tân Sơn Nhất
Nhà ga 1","Đà Lạt (DLI)
Sân bay Liên Khương",11-04-2025,,
Vietnam Airlines,1.986.012 VND/khách,10:15,29 thg 4,29 thg 4,11:10,55m,"TP HCM (SGN)
Sân bay Tân Sơn Nhất
Nhà ga 1","Đà Lạt (DLI)
Sân bay Liên Khương",11-04-2025,,
Vietnam Airlines,1.997.001 VND/khách,11:45,29 thg 4,29 thg 4,12:40,55m,"TP HCM (SGN)
Sân bay Tân Sơn Nhất
Nhà ga 1","Đà Lạt (DLI)
Sân bay Liên Khương",11-04-2025,,
Bamboo Airways,1.944.425 VND/khách,16:45,29 thg 4,29 thg 4,17:40,55m,"TP HCM (SGN)
Sân bay Tân Sơn Nhất","Đà Lạt (DLI)
Sân bay Liên Khương",12-04-2025,Hành lý 20 kg,Hành lý xách tay 7 kg
VietJet Air,1.716.000 VND/khách,09:55,29 thg 4,29 thg 4,10:50,55m,"TP HCM (SGN)
Sân bay Tân Sơn Nhất
Nhà ga 1","Đà Lạt (DLI)
Sân bay Liên Khương",12-04-2025,Hành lý 0 kg,Hành lý xách tay 7 kg
VietJet Air,1.716.000 VND/khách,15:35,29 thg 4,29 thg 4,16:30,55m,"TP HCM (SGN)
Sân bay Tân Sơn Nhất
Nhà ga 1","Đà Lạt (DLI)
Sân bay Liên Khương",12-04-2025,Hành lý 0 kg,Hành lý xách tay 7 kg
Vietnam Airlines,1.905.983 VND/khách,05:45,29 thg 4,29 thg 4,06:40,55m,"TP HCM (SGN)
Sân bay Tân Sơn Nhất
Nhà ga 1","Đà Lạt (DLI)
Sân bay Liên Khương",12-04-2025,Hành lý 23 kg,Hành lý xách tay 1 x 12 kg
Vietnam Airlines,1.964.931 VND/khách,21:10,29 thg 4,29 thg 4,22:10,1h 0m,"TP HCM (SGN)
Sân bay Tân Sơn Nhất
Nhà ga 1","Đà Lạt (DLI)
Sân bay Liên Khương",12-04-2025,Hành lý 23 kg,Hành lý xách tay 1 x 12 kg
Vietnam Airlines,1.970.103 VND/khách,08:55,29 thg 4,29 thg 4,09:50,55m,"TP HCM (SGN)
Sân bay Tân Sơn Nhất
Nhà ga 1","Đà Lạt (DLI)
Sân bay Liên Khương",12-04-2025,Hành lý 23 kg,Hành lý xách tay 1 x 12 kg
Vietnam Airlines,1.970.103 VND/khách,10:15,29 thg 4,29 thg 4,11:10,55m,"TP HCM (SGN)
Sân bay Tân Sơn Nhất
Nhà ga 1","Đà Lạt (DLI)
Sân bay Liên Khương",12-04-2025,Hành lý 23 kg,Hành lý xách tay 1 x 12 kg
Bamboo Airways,1.837.825 VND/khách,16:45,29 thg 4,29 thg 4,17:40,55m,"TP HCM (SGN)
Sân bay Tân Sơn Nhất","Đà Lạt (DLI)
Sân bay Liên Khương",13-04-2025,Hành lý 20 kg,Hành lý xách tay 7 kg
VietJet Air,1.709.410 VND/khách,09:55,29 thg 4,29 thg 4,10:50,55m,"TP HCM (SGN)
Sân bay Tân Sơn Nhất
Nhà ga 1","Đà Lạt (DLI)
Sân bay Liên Khương",13-04-2025,Hành lý 0 kg,Hành lý xách tay 7 kg
VietJet Air,1.709.410 VND/khách,15:35,29 thg 4,29 thg 4,16:30,55m,"TP HCM (SGN)
Sân bay Tân Sơn Nhất
Nhà ga 1","Đà Lạt (DLI)
Sân bay Liên Khương",13-04-2025,Hành lý 0 kg,Hành lý xách tay 7 kg
Vietnam Airlines,1.926.072 VND/khách,05:45,29 thg 4,29 thg 4,06:40,55m,"TP HCM (SGN)
Sân bay Tân Sơn Nhất
Nhà ga 1","Đà Lạt (DLI)
Sân bay Liên Khương",13-04-2025,Hành lý 23 kg,Hành lý xách tay 1 x 12 kg
Vietnam Airlines,1.975.023 VND/khách,21:10,29 thg 4,29 thg 4,22:10,1h 0m,"TP HCM (SGN)
Sân bay Tân Sơn Nhất
Nhà ga 1","Đà Lạt (DLI)
Sân bay Liên Khương",13-04-2025,Hành lý 23 kg,Hành lý xách tay 1 x 12 kg
Vietnam Airlines,1.999.998 VND/khách,11:45,29 thg 4,29 thg 4,12:40,55m,"TP HCM (SGN)
Sân bay Tân Sơn Nhất
Nhà ga 1","Đà Lạt (DLI)
Sân bay Liên Khương",13-04-2025,Hành lý 23 kg,Hành lý xách tay 1 x 12 kg
Vietnam Airlines,2.011.986 VND/khách,10:15,29 thg 4,29 thg 4,11:10,55m,"TP HCM (SGN)
Sân bay Tân Sơn Nhất
Nhà ga 1","Đà Lạt (DLI)
Sân bay Liên Khương",13-04-2025,Hành lý 23 kg,Hành lý xách tay 1 x 12 kg
Vietnam Airlines,1.926.072 VND/khách,05:45,29 thg 4,29 thg 4,06:40,55m,"TP HCM (SGN)
Sân bay Tân Sơn Nhất
Nhà ga 1","Đà Lạt (DLI)
Sân bay Liên Khương",14-04-2025,Hành lý 23 kg,Hành lý xách tay 1 x 12 kg
VietJet Air,1.690.763 VND/khách,09:55,29 thg 4,29 thg 4,10:50,55m,"TP HCM (SGN)
Sân bay Tân Sơn Nhất
Nhà ga 1","Đà Lạt (DLI)
Sân bay Liên Khương",14-04-2025,Hành lý 0 kg,Hành lý xách tay 7 kg
VietJet Air,1.690.763 VND/khách,15:35,29 thg 4,29 thg 4,16:30,55m,"TP HCM (SGN)
Sân bay Tân Sơn Nhất
Nhà ga 1","Đà Lạt (DLI)
Sân bay Liên Khương",14-04-2025,Hành lý 0 kg,Hành lý xách tay 7 kg
Bamboo Airways,1.828.636 VND/khách,16:45,29 thg 4,29 thg 4,17:40,55m,"TP HCM (SGN)
Sân bay Tân Sơn Nhất","Đà Lạt (DLI)
Sân bay Liên Khương",14-04-2025,Hành lý 20 kg,Hành lý xách tay 7 kg
Vietnam Airlines,2.000.997 VND/khách,11:45,29 thg 4,29 thg 4,12:40,55m,"TP HCM (SGN)
Sân bay Tân Sơn Nhất
Nhà ga 1","Đà Lạt (DLI)
Sân bay Liên Khương",14-04-2025,Hành lý 23 kg,Hành lý xách tay 1 x 12 kg
Vietnam Airlines,2.000.997 VND/khách,21:10,29 thg 4,29 thg 4,22:10,1h 0m,"TP HCM (SGN)
Sân bay Tân Sơn Nhất
Nhà ga 1","Đà Lạt (DLI)
Sân bay Liên Khương",14-04-2025,Hành lý 23 kg,Hành lý xách tay 1 x 12 kg
Vietnam Airlines,2.011.986 VND/khách,10:15,29 thg 4,29 thg 4,11:10,55m,"TP HCM (SGN)
Sân bay Tân Sơn Nhất
Nhà ga 1","Đà Lạt (DLI)
Sân bay Liên Khương",14-04-2025,Hành lý 23 kg,Hành lý xách tay 1 x 12 kg
Vietnam Airlines,1.931.067 VND/khách,05:45,29 thg 4,29 thg 4,06:40,55m,"TP HCM (SGN)
Sân bay Tân Sơn Nhất
Nhà ga 1","Đà Lạt (DLI)
Sân bay Liên Khương",15-04-2025,,
VietJet Air,1.716.698 VND/khách,09:55,29 thg 4,29 thg 4,10:50,55m,"TP HCM (SGN)
Sân bay Tân Sơn Nhất
Nhà ga 1","Đà Lạt (DLI)
Sân bay Liên Khương",15-04-2025,,
VietJet Air,1.716.698 VND/khách,15:35,29 thg 4,29 thg 4,16:30,55m,"TP HCM (SGN)
Sân bay Tân Sơn Nhất
Nhà ga 1","Đà Lạt (DLI)
Sân bay Liên Khương",15-04-2025,,
Bamboo Airways,1.934.703 VND/khách,16:45,29 thg 4,29 thg 4,17:40,55m,"TP HCM (SGN)
Sân bay Tân Sơn Nhất","Đà Lạt (DLI)
Sân bay Liên Khương",15-04-2025,,
Vietnam Airlines,1.980.018 VND/khách,21:10,29 thg 4,29 thg 4,22:10,1h 0m,"TP HCM (SGN)
Sân bay Tân Sơn Nhất
Nhà ga 1","Đà Lạt (DLI)
Sân bay Liên Khương",15-04-2025,,
Vietnam Airlines,2.004.993 VND/khách,11:45,29 thg 4,29 thg 4,12:40,55m,"TP HCM (SGN)
Sân bay Tân Sơn Nhất
Nhà ga 1","Đà Lạt (DLI)
Sân bay Liên Khương",15-04-2025,,
Vietnam Airlines,2.008.989 VND/khách,08:55,29 thg 4,29 thg 4,09:50,55m,"TP HCM (SGN)
Sân bay Tân Sơn Nhất
Nhà ga 1","Đà Lạt (DLI)
Sân bay Liên Khương",15-04-2025,,
Vietnam Airlines,1.935.150 VND/khách,05:45,29 thg 4,29 thg 4,06:40,55m,"TP HCM (SGN)
Sân bay Tân Sơn Nhất
Nhà ga 1","Đà Lạt (DLI)
Sân bay Liên Khương",16-04-2025,Hành lý 23 kg,Hành lý xách tay 1 x 12 kg
VietJet Air,1.740.176 VND/khách,09:55,29 thg 4,29 thg 4,10:50,55m,"TP HCM (SGN)
Sân bay Tân Sơn Nhất
Nhà ga 1","Đà Lạt (DLI)
Sân bay Liên Khương",16-04-2025,Hành lý 0 kg,Hành lý xách tay 7 kg
VietJet Air,1.740.176 VND/khách,15:35,29 thg 4,29 thg 4,16:30,55m,"TP HCM (SGN)
Sân bay Tân Sơn Nhất
Nhà ga 1","Đà Lạt (DLI)
Sân bay Liên Khương",16-04-2025,Hành lý 0 kg,Hành lý xách tay 7 kg
Bamboo Airways,1.882.650 VND/khách,16:45,29 thg 4,29 thg 4,17:40,55m,"TP HCM (SGN)
Sân bay Tân Sơn Nhất","Đà Lạt (DLI)
Sân bay Liên Khương",16-04-2025,Hành lý 20 kg,Hành lý xách tay 7 kg
Vietnam Airlines,2.000.250 VND/khách,08:55,29 thg 4,29 thg 4,09:50,55m,"TP HCM (SGN)
Sân bay Tân Sơn Nhất
Nhà ga 1","Đà Lạt (DLI)
Sân bay Liên Khương",16-04-2025,Hành lý 23 kg,Hành lý xách tay 1 x 12 kg
Vietnam Airlines,2.000.250 VND/khách,10:15,29 thg 4,29 thg 4,11:10,55m,"TP HCM (SGN)
Sân bay Tân Sơn Nhất
Nhà ga 1","Đà Lạt (DLI)
Sân bay Liên Khương",16-04-2025,Hành lý 23 kg,Hành lý xách tay 1 x 12 kg
Vietnam Airlines,2.000.250 VND/khách,11:45,29 thg 4,29 thg 4,12:40,55m,"TP HCM (SGN)
Sân bay Tân Sơn Nhất
Nhà ga 1","Đà Lạt (DLI)
Sân bay Liên Khương",16-04-2025,Hành lý 23 kg,Hành lý xách tay 1 x 12 kg
Vietnam Airlines,1.933.065 VND/khách,05:45,29 thg 4,29 thg 4,06:40,55m,"TP HCM (SGN)
Sân bay Tân Sơn Nhất
Nhà ga 1","Đà Lạt (DLI)
Sân bay Liên Khương",17-04-2025,Hành lý 23 kg,Hành lý xách tay 1 x 12 kg
VietJet Air,1.577.048 VND/khách,09:55,29 thg 4,29 thg 4,10:50,55m,"TP HCM (SGN)
Sân bay Tân Sơn Nhất
Nhà ga 1","Đà Lạt (DLI)
Sân bay Liên Khương",17-04-2025,Hành lý 0 kg,Hành lý xách tay 7 kg
VietJet Air,1.577.048 VND/khách,15:35,29 thg 4,29 thg 4,16:30,55m,"TP HCM (SGN)
Sân bay Tân Sơn Nhất
Nhà ga 1","Đà Lạt (DLI)
Sân bay Liên Khương",17-04-2025,Hành lý 0 kg,Hành lý xách tay 7 kg
Bamboo Airways,1.828.636 VND/khách,16:45,29 thg 4,29 thg 4,17:40,55m,"TP HCM (SGN)
Sân bay Tân Sơn Nhất","Đà Lạt (DLI)
Sân bay Liên Khương",17-04-2025,Hành lý 20 kg,Hành lý xách tay 7 kg
Vietnam Airlines,1.980.018 VND/khách,21:10,29 thg 4,29 thg 4,22:10,1h 0m,"TP HCM (SGN)
Sân bay Tân Sơn Nhất
Nhà ga 1","Đà Lạt (DLI)
Sân bay Liên Khương",17-04-2025,Hành lý 23 kg,Hành lý xách tay 1 x 12 kg
Vietnam Airlines,2.005.992 VND/khách,11:45,29 thg 4,29 thg 4,12:40,55m,"TP HCM (SGN)
Sân bay Tân Sơn Nhất
Nhà ga 1","Đà Lạt (DLI)
Sân bay Liên Khương",17-04-2025,Hành lý 23 kg,Hành lý xách tay 1 x 12 kg
Vietnam Airlines,2.009.988 VND/khách,08:55,29 thg 4,29 thg 4,09:50,55m,"TP HCM (SGN)
Sân bay Tân Sơn Nhất
Nhà ga 1","Đà Lạt (DLI)
Sân bay Liên Khương",17-04-2025,Hành lý 23 kg,Hành lý xách tay 1 x 12 kg
Vietnam Airlines,1.583.415 VND/khách,08:55,29 thg 4,29 thg 4,09:50,55m,"TP HCM (SGN)
Sân bay Tân Sơn Nhất
Nhà ga 1","Đà Lạt (DLI)
Sân bay Liên Khương",23-04-2025,Hành lý 23 kg,Hành lý xách tay 1 x 12 kg
VietJet Air,1.617.945 VND/khách,09:55,29 thg 4,29 thg 4,10:50,55m,"TP HCM (SGN)
Sân bay Tân Sơn Nhất
Nhà ga 1","Đà Lạt (DLI)
Sân bay Liên Khương",23-04-2025,Hành lý 0 kg,Hành lý xách tay 7 kg
VietJet Air,1.845.375 VND/khách,15:35,29 thg 4,29 thg 4,16:30,55m,"TP HCM (SGN)
Sân bay Tân Sơn Nhất
Nhà ga 1","Đà Lạt (DLI)
Sân bay Liên Khương",23-04-2025,Hành lý 0 kg,Hành lý xách tay 7 kg
Vietnam Airlines,1.919.079 VND/khách,11:45,29 thg 4,29 thg 4,12:40,55m,"TP HCM (SGN)
Sân bay Tân Sơn Nhất
Nhà ga 3","Đà Lạt (DLI)
Sân bay Liên Khương",23-04-2025,Hành lý 23 kg,Hành lý xách tay 1 x 12 kg
Vietnam Airlines,2.015.982 VND/khách,10:15,29 thg 4,29 thg 4,11:10,55m,"TP HCM (SGN)
Sân bay Tân Sơn Nhất
Nhà ga 3","Đà Lạt (DLI)
Sân bay Liên Khương",23-04-2025,Hành lý 23 kg,Hành lý xách tay 1 x 12 kg
Bamboo Airways,1.779.553 VND/khách,16:45,29 thg 4,29 thg 4,17:40,55m,"TP HCM (SGN)
Sân bay Tân Sơn Nhất","Đà Lạt (DLI)
Sân bay Liên Khương",24-04-2025,,
Vietnam Airlines,1.577.814 VND/khách,08:55,29 thg 4,29 thg 4,09:50,55m,"TP HCM (SGN)
Sân bay Tân Sơn Nhất
Nhà ga 1","Đà Lạt (DLI)
Sân bay Liên Khương",24-04-2025,,
VietJet Air,1.612.958 VND/khách,09:55,29 thg 4,29 thg 4,10:50,55m,"TP HCM (SGN)
Sân bay Tân Sơn Nhất
Nhà ga 1","Đà Lạt (DLI)
Sân bay Liên Khương",24-04-2025,,
VietJet Air,1.840.388 VND/khách,15:35,29 thg 4,29 thg 4,16:30,55m,"TP HCM (SGN)
Sân bay Tân Sơn Nhất
Nhà ga 1","Đà Lạt (DLI)
Sân bay Liên Khương",24-04-2025,,
Vietnam Airlines,1.844.154 VND/khách,11:45,29 thg 4,29 thg 4,12:40,55m,"TP HCM (SGN)
Sân bay Tân Sơn Nhất
Nhà ga T3","Đà Lạt (DLI)
Sân bay Liên Khương",24-04-2025,,
Bamboo Airways,1.934.703 VND/khách,16:45,29 thg 4,29 thg 4,17:40,55m,"TP HCM (SGN)
Sân bay Tân Sơn Nhất","Đà Lạt (DLI)
Sân bay Liên Khương",25-04-2025,Hành lý 20 kg,Hành lý xách tay 7 kg
Vietnam Airlines,1.599.399 VND/khách,08:55,29 thg 4,29 thg 4,09:50,55m,"TP HCM (SGN)
Sân bay Tân Sơn Nhất
Nhà ga 1","Đà Lạt (DLI)
Sân bay Liên Khương",25-04-2025,Hành lý 23 kg,Hành lý xách tay 1 x 12 kg
VietJet Air,1.599.990 VND/khách,09:55,29 thg 4,29 thg 4,10:50,55m,"TP HCM (SGN)
Sân bay Tân Sơn Nhất
Nhà ga 1","Đà Lạt (DLI)
Sân bay Liên Khương",25-04-2025,Hành lý 0 kg,Hành lý xách tay 7 kg
VietJet Air,1.827.420 VND/khách,15:35,29 thg 4,29 thg 4,16:30,55m,"TP HCM (SGN)
Sân bay Tân Sơn Nhất
Nhà ga 1","Đà Lạt (DLI)
Sân bay Liên Khương",25-04-2025,Hành lý 0 kg,Hành lý xách tay 7 kg
Vietnam Airlines,1.920.078 VND/khách,11:45,29 thg 4,29 thg 4,12:40,55m,"TP HCM (SGN)
Sân bay Tân Sơn Nhất
Nhà ga T3","Đà Lạt (DLI)
Sân bay Liên Khương",25-04-2025,Hành lý 23 kg,Hành lý xách tay 1 x 12 kg
Bamboo Airways,1.749.675 VND/khách,16:45,30 thg 4,30 thg 4,17:40,55m,"TP HCM (SGN)
Sân bay Tân Sơn Nhất","Đà Lạt (DLI)
Sân bay Liên Khương",10-04-2025,,
VietJet Air,1.712.395 VND/khách,15:35,30 thg 4,30 thg 4,16:30,55m,"TP HCM (SGN)
Sân bay Tân Sơn Nhất
Nhà ga 1","Đà Lạt (DLI)
Sân bay Liên Khương",10-04-2025,,
VietJet Air,1.796.970 VND/khách,09:55,30 thg 4,30 thg 4,10:50,55m,"TP HCM (SGN)
Sân bay Tân Sơn Nhất
Nhà ga 1","Đà Lạt (DLI)
Sân bay Liên Khương",10-04-2025,,
Vietnam Airlines,1.918.080 VND/khách,21:10,30 thg 4,30 thg 4,22:10,1h 0m,"TP HCM (SGN)
Sân bay Tân Sơn Nhất
Nhà ga 1","Đà Lạt (DLI)
Sân bay Liên Khương",10-04-2025,,
Vietnam Airlines,1.936.062 VND/khách,05:45,30 thg 4,30 thg 4,06:40,55m,"TP HCM (SGN)
Sân bay Tân Sơn Nhất
Nhà ga 1","Đà Lạt (DLI)
Sân bay Liên Khương",10-04-2025,,
Vietnam Airlines,1.996.002 VND/khách,09:35,30 thg 4,30 thg 4,10:30,55m,"TP HCM (SGN)
Sân bay Tân Sơn Nhất
Nhà ga 1","Đà Lạt (DLI)
Sân bay Liên Khương",10-04-2025,,
Vietnam Airlines,1.999.998 VND/khách,08:55,30 thg 4,30 thg 4,09:50,55m,"TP HCM (SGN)
Sân bay Tân Sơn Nhất
Nhà ga 1","Đà Lạt (DLI)
Sân bay Liên Khương",10-04-2025,,
Bamboo Airways,1.749.675 VND/khách,16:45,30 thg 4,30 thg 4,17:40,55m,"TP HCM (SGN)
Sân bay Tân Sơn Nhất","Đà Lạt (DLI)
Sân bay Liên Khương",11-04-2025,,
VietJet Air,1.705.430 VND/khách,15:35,30 thg 4,30 thg 4,16:30,55m,"TP HCM (SGN)
Sân bay Tân Sơn Nhất
Nhà ga 1","Đà Lạt (DLI)
Sân bay Liên Khương",11-04-2025,,
VietJet Air,1.793.985 VND/khách,09:55,30 thg 4,30 thg 4,10:50,55m,"TP HCM (SGN)
Sân bay Tân Sơn Nhất
Nhà ga 1","Đà Lạt (DLI)
Sân bay Liên Khương",11-04-2025,,
Vietnam Airlines,1.919.079 VND/khách,21:10,30 thg 4,30 thg 4,22:10,1h 0m,"TP HCM (SGN)
Sân bay Tân Sơn Nhất
Nhà ga 1","Đà Lạt (DLI)
Sân bay Liên Khương",11-04-2025,,
Vietnam Airlines,1.941.057 VND/khách,05:45,30 thg 4,30 thg 4,06:40,55m,"TP HCM (SGN)
Sân bay Tân Sơn Nhất
Nhà ga 1","Đà Lạt (DLI)
Sân bay Liên Khương",11-04-2025,,
Vietnam Airlines,1.996.002 VND/khách,09:35,30 thg 4,30 thg 4,10:30,55m,"TP HCM (SGN)
Sân bay Tân Sơn Nhất
Nhà ga 1","Đà Lạt (DLI)
Sân bay Liên Khương",11-04-2025,,
Bamboo Airways,1.749.675 VND/khách,16:45,30 thg 4,30 thg 4,17:40,55m,"TP HCM (SGN)
Sân bay Tân Sơn Nhất","Đà Lạt (DLI)
Sân bay Liên Khương",12-04-2025,Hành lý 20 kg,Hành lý xách tay 7 kg
VietJet Air,1.716.000 VND/khách,15:35,30 thg 4,30 thg 4,16:30,55m,"TP HCM (SGN)
Sân bay Tân Sơn Nhất
Nhà ga 1","Đà Lạt (DLI)
Sân bay Liên Khương",12-04-2025,Hành lý 0 kg,Hành lý xách tay 7 kg
VietJet Air,1.801.000 VND/khách,09:55,30 thg 4,30 thg 4,10:50,55m,"TP HCM (SGN)
Sân bay Tân Sơn Nhất
Nhà ga 1","Đà Lạt (DLI)
Sân bay Liên Khương",12-04-2025,Hành lý 0 kg,Hành lý xách tay 7 kg
Vietnam Airlines,1.921.077 VND/khách,21:10,30 thg 4,30 thg 4,22:10,1h 0m,"TP HCM (SGN)
Sân bay Tân Sơn Nhất
Nhà ga 1","Đà Lạt (DLI)
Sân bay Liên Khương",12-04-2025,Hành lý 23 kg,Hành lý xách tay 1 x 12 kg
Vietnam Airlines,1.947.051 VND/khách,05:45,30 thg 4,30 thg 4,06:40,55m,"TP HCM (SGN)
Sân bay Tân Sơn Nhất
Nhà ga 1","Đà Lạt (DLI)
Sân bay Liên Khương",12-04-2025,Hành lý 23 kg,Hành lý xách tay 1 x 12 kg
Vietnam Airlines,1.998.999 VND/khách,09:35,30 thg 4,30 thg 4,10:30,55m,"TP HCM (SGN)
Sân bay Tân Sơn Nhất
Nhà ga 1","Đà Lạt (DLI)
Sân bay Liên Khương",12-04-2025,Hành lý 23 kg,Hành lý xách tay 1 x 12 kg
Bamboo Airways,1.740.927 VND/khách,16:45,30 thg 4,30 thg 4,17:40,55m,"TP HCM (SGN)
Sân bay Tân Sơn Nhất","Đà Lạt (DLI)
Sân bay Liên Khương",13-04-2025,Hành lý 20 kg,Hành lý xách tay 7 kg
VietJet Air,1.707.420 VND/khách,15:35,30 thg 4,30 thg 4,16:30,55m,"TP HCM (SGN)
Sân bay Tân Sơn Nhất
Nhà ga 1","Đà Lạt (DLI)
Sân bay Liên Khương",13-04-2025,Hành lý 0 kg,Hành lý xách tay 7 kg
VietJet Air,1.791.995 VND/khách,09:55,30 thg 4,30 thg 4,10:50,55m,"TP HCM (SGN)
Sân bay Tân Sơn Nhất
Nhà ga 1","Đà Lạt (DLI)
Sân bay Liên Khương",13-04-2025,Hành lý 0 kg,Hành lý xách tay 7 kg
Vietnam Airlines,1.921.077 VND/khách,21:10,30 thg 4,30 thg 4,22:10,1h 0m,"TP HCM (SGN)
Sân bay Tân Sơn Nhất
Nhà ga 1","Đà Lạt (DLI)
Sân bay Liên Khương",13-04-2025,Hành lý 23 kg,Hành lý xách tay 1 x 12 kg
Vietnam Airlines,1.947.051 VND/khách,05:45,30 thg 4,30 thg 4,06:40,55m,"TP HCM (SGN)
Sân bay Tân Sơn Nhất
Nhà ga 1","Đà Lạt (DLI)
Sân bay Liên Khương",13-04-2025,Hành lý 23 kg,Hành lý xách tay 1 x 12 kg
Vietnam Airlines,1.945.053 VND/khách,05:45,30 thg 4,30 thg 4,06:40,55m,"TP HCM (SGN)
Sân bay Tân Sơn Nhất
Nhà ga 1","Đà Lạt (DLI)
Sân bay Liên Khương",14-04-2025,Hành lý 23 kg,Hành lý xách tay 1 x 12 kg
VietJet Air,1.688.768 VND/khách,15:35,30 thg 4,30 thg 4,16:30,55m,"TP HCM (SGN)
Sân bay Tân Sơn Nhất
Nhà ga 1","Đà Lạt (DLI)
Sân bay Liên Khương",14-04-2025,Hành lý 0 kg,Hành lý xách tay 7 kg
Bamboo Airways,1.740.927 VND/khách,16:45,30 thg 4,30 thg 4,17:40,55m,"TP HCM (SGN)
Sân bay Tân Sơn Nhất","Đà Lạt (DLI)
Sân bay Liên Khương",14-04-2025,Hành lý 20 kg,Hành lý xách tay 7 kg
VietJet Air,1.805.475 VND/khách,09:55,30 thg 4,30 thg 4,10:50,55m,"TP HCM (SGN)
Sân bay Tân Sơn Nhất
Nhà ga 1","Đà Lạt (DLI)
Sân bay Liên Khương",14-04-2025,Hành lý 0 kg,Hành lý xách tay 7 kg
Vietnam Airlines,1.945.053 VND/khách,21:10,30 thg 4,30 thg 4,22:10,1h 0m,"TP HCM (SGN)
Sân bay Tân Sơn Nhất
Nhà ga 1","Đà Lạt (DLI)
Sân bay Liên Khương",14-04-2025,Hành lý 23 kg,Hành lý xách tay 1 x 12 kg
Vietnam Airlines,1.946.052 VND/khách,05:45,30 thg 4,30 thg 4,06:40,55m,"TP HCM (SGN)
Sân bay Tân Sơn Nhất
Nhà ga 1","Đà Lạt (DLI)
Sân bay Liên Khương",15-04-2025,,
VietJet Air,1.695.750 VND/khách,15:35,30 thg 4,30 thg 4,16:30,55m,"TP HCM (SGN)
Sân bay Tân Sơn Nhất
Nhà ga 1","Đà Lạt (DLI)
Sân bay Liên Khương",15-04-2025,,
Bamboo Airways,1.740.927 VND/khách,16:45,30 thg 4,30 thg 4,17:40,55m,"TP HCM (SGN)
Sân bay Tân Sơn Nhất","Đà Lạt (DLI)
Sân bay Liên Khương",15-04-2025,,
VietJet Air,1.812.458 VND/khách,09:55,30 thg 4,30 thg 4,10:50,55m,"TP HCM (SGN)
Sân bay Tân Sơn Nhất
Nhà ga 1","Đà Lạt (DLI)
Sân bay Liên Khương",15-04-2025,,
Vietnam Airlines,1.946.052 VND/khách,21:10,30 thg 4,30 thg 4,22:10,1h 0m,"TP HCM (SGN)
Sân bay Tân Sơn Nhất
Nhà ga 1","Đà Lạt (DLI)
Sân bay Liên Khương",15-04-2025,,
Vietnam Airlines,2.008.989 VND/khách,08:55,30 thg 4,30 thg 4,09:50,55m,"TP HCM (SGN)
Sân bay Tân Sơn Nhất
Nhà ga 1","Đà Lạt (DLI)
Sân bay Liên Khương",15-04-2025,,
Vietnam Airlines,1.935.150 VND/khách,05:45,30 thg 4,30 thg 4,06:40,55m,"TP HCM (SGN)
Sân bay Tân Sơn Nhất
Nhà ga 1","Đà Lạt (DLI)
Sân bay Liên Khương",16-04-2025,Hành lý 23 kg,Hành lý xách tay 1 x 12 kg
VietJet Air,1.740.176 VND/khách,15:35,30 thg 4,30 thg 4,16:30,55m,"TP HCM (SGN)
Sân bay Tân Sơn Nhất
Nhà ga 1","Đà Lạt (DLI)
Sân bay Liên Khương",16-04-2025,Hành lý 0 kg,Hành lý xách tay 7 kg
Bamboo Airways,1.792.350 VND/khách,16:45,30 thg 4,30 thg 4,17:40,55m,"TP HCM (SGN)
Sân bay Tân Sơn Nhất","Đà Lạt (DLI)
Sân bay Liên Khương",16-04-2025,Hành lý 20 kg,Hành lý xách tay 7 kg
VietJet Air,1.858.231 VND/khách,09:55,30 thg 4,30 thg 4,10:50,55m,"TP HCM (SGN)
Sân bay Tân Sơn Nhất
Nhà ga 1","Đà Lạt (DLI)
Sân bay Liên Khương",16-04-2025,Hành lý 0 kg,Hành lý xách tay 7 kg
Vietnam Airlines,1.935.150 VND/khách,21:10,30 thg 4,30 thg 4,22:10,1h 0m,"TP HCM (SGN)
Sân bay Tân Sơn Nhất
Nhà ga 1","Đà Lạt (DLI)
Sân bay Liên Khương",16-04-2025,Hành lý 23 kg,Hành lý xách tay 1 x 12 kg
Vietnam Airlines,2.000.250 VND/khách,08:55,30 thg 4,30 thg 4,09:50,55m,"TP HCM (SGN)
Sân bay Tân Sơn Nhất
Nhà ga 1","Đà Lạt (DLI)
Sân bay Liên Khương",16-04-2025,Hành lý 23 kg,Hành lý xách tay 1 x 12 kg
Vietnam Airlines,1.946.052 VND/khách,05:45,30 thg 4,30 thg 4,06:40,55m,"TP HCM (SGN)
Sân bay Tân Sơn Nhất
Nhà ga 1","Đà Lạt (DLI)
Sân bay Liên Khương",17-04-2025,Hành lý 23 kg,Hành lý xách tay 1 x 12 kg
Bamboo Airways,1.564.488 VND/khách,16:45,30 thg 4,30 thg 4,17:40,55m,"TP HCM (SGN)
Sân bay Tân Sơn Nhất","Đà Lạt (DLI)
Sân bay Liên Khương",17-04-2025,Hành lý 0 kg,Hành lý xách tay 7 kg
VietJet Air,1.576.050 VND/khách,15:35,30 thg 4,30 thg 4,16:30,55m,"TP HCM (SGN)
Sân bay Tân Sơn Nhất
Nhà ga 1","Đà Lạt (DLI)
Sân bay Liên Khương",17-04-2025,Hành lý 0 kg,Hành lý xách tay 7 kg
Bamboo Airways,1.359.973 VND/khách,16:45,30 thg 4,30 thg 4,17:40,55m,"TP HCM (SGN)
Sân bay Tân Sơn Nhất","Đà Lạt (DLI)
Sân bay Liên Khương",23-04-2025,,
VietJet Air,1.845.375 VND/khách,15:35,30 thg 4,30 thg 4,16:30,55m,"TP HCM (SGN)
Sân bay Tân Sơn Nhất
Nhà ga 1","Đà Lạt (DLI)
Sân bay Liên Khương",23-04-2025,,
Bamboo Airways,1.522.495 VND/khách,16:45,30 thg 4,30 thg 4,17:40,55m,"TP HCM (SGN)
Sân bay Tân Sơn Nhất","Đà Lạt (DLI)
Sân bay Liên Khương",24-04-2025,,
VietJet Air,1.840.388 VND/khách,15:35,30 thg 4,30 thg 4,16:30,55m,"TP HCM (SGN)
Sân bay Tân Sơn Nhất
Nhà ga 1","Đà Lạt (DLI)
Sân bay Liên Khương",24-04-2025,,
Vietnam Airlines,1.884.114 VND/khách,21:10,30 thg 4,30 thg 4,22:10,1h 0m,"TP HCM (SGN)
Sân bay Tân Sơn Nhất
Nhà ga T3","Đà Lạt (DLI)
Sân bay Liên Khương",24-04-2025,,
Vietnam Airlines,4.803.667 VND/khách,23:30,30 thg 4,01 thg 5,00:55,1h 25m,"TP HCM (SGN)
Sân bay Tân Sơn Nhất
Nhà ga T3","Đà Nẵng (DAD)
Sân bay Đà Nẵng",24-04-2025,,
Vietnam Airlines,7.065.353 VND/khách,16:00,30 thg 4,30 thg 4,18:05,2h 5m,"TP HCM (SGN)
Sân bay Tân Sơn Nhất
Nhà ga T3","Hà Nội (HAN)
Sân bay Nội Bài",24-04-2025,,
Bamboo Airways,1.652.198 VND/khách,16:45,30 thg 4,30 thg 4,17:40,55m,"TP HCM (SGN)
Sân bay Tân Sơn Nhất","Đà Lạt (DLI)
Sân bay Liên Khương",25-04-2025,Hành lý 0 kg,Hành lý xách tay 7 kg
VietJet Air,1.827.420 VND/khách,15:35,30 thg 4,30 thg 4,16:30,55m,"TP HCM (SGN)
Sân bay Tân Sơn Nhất
Nhà ga 1","Đà Lạt (DLI)
Sân bay Liên Khương",25-04-2025,Hành lý 0 kg,Hành lý xách tay 7 kg
