brand,price,start_time,start_day,end_day,end_time,trip_time,take_place,destination,checked_baggage,hand_luggage,crawl_date
VietJet Air,1.841.385 VND/khách,04:30,01 thg 5,01 thg 5,06:30,2h 0m,"TP HCM (SGN)
Sân bay Tân Sơn Nhất
Nhà ga 1","Hải Phòng (HPH)
Sân bay quốc tế Cát Bi",Hành lý 0 kg,Hành lý xách tay 7 kg,18-04-2025
VietJet Air,2.016.945 VND/khách,21:10,01 thg 5,01 thg 5,23:05,1h 55m,"TP HCM (SGN)
Sân bay Tân Sơn Nhất
Nhà ga 1","Hải Phòng (HPH)
Sân bay quốc tế Cát Bi",Hành lý 0 kg,Hành lý xách tay 7 kg,18-04-2025
VietJet Air,2.016.945 VND/khách,06:15,01 thg 5,01 thg 5,08:15,2h 0m,"TP HCM (SGN)
Sân bay Tân Sơn Nhất
Nhà ga 1","Hải Phòng (HPH)
Sân bay quốc tế Cát Bi",Hành lý 0 kg,Hành lý xách tay 7 kg,18-04-2025
VietJet Air,2.016.945 VND/khách,19:15,01 thg 5,01 thg 5,21:15,2h 0m,"TP HCM (SGN)
Sân bay Tân Sơn Nhất
Nhà ga 1","Hải Phòng (HPH)
Sân bay quốc tế Cát Bi",Hành lý 0 kg,Hành lý xách tay 7 kg,18-04-2025
VietJet Air,2.016.945 VND/khách,20:10,01 thg 5,01 thg 5,22:10,2h 0m,"TP HCM (SGN)
Sân bay Tân Sơn Nhất
Nhà ga 1","Hải Phòng (HPH)
Sân bay quốc tế Cát Bi",Hành lý 0 kg,Hành lý xách tay 7 kg,18-04-2025
Bamboo Airways,2.159.075 VND/khách,20:05,01 thg 5,01 thg 5,22:10,2h 5m,"TP HCM (SGN)
Sân bay Tân Sơn Nhất","Hải Phòng (HPH)
Sân bay quốc tế Cát Bi",Hành lý 0 kg,Hành lý xách tay 7 kg,18-04-2025
VietJet Air,2.192.505 VND/khách,09:15,01 thg 5,01 thg 5,11:15,2h 0m,"TP HCM (SGN)
Sân bay Tân Sơn Nhất
Nhà ga 1","Hải Phòng (HPH)
Sân bay quốc tế Cát Bi",Hành lý 0 kg,Hành lý xách tay 7 kg,18-04-2025
Vietnam Airlines,2.242.755 VND/khách,07:45,01 thg 5,01 thg 5,09:45,2h 0m,"TP HCM (SGN)
Sân bay Tân Sơn Nhất
Nhà ga 1","Hải Phòng (HPH)
Sân bay quốc tế Cát Bi",Hành lý 1 x 23 kg,Hành lý xách tay 1 x 12 kg,18-04-2025
Vietnam Airlines,2.242.755 VND/khách,13:20,01 thg 5,01 thg 5,15:25,2h 5m,"TP HCM (SGN)
Sân bay Tân Sơn Nhất
Nhà ga 1","Hải Phòng (HPH)
Sân bay quốc tế Cát Bi",Hành lý 1 x 23 kg,Hành lý xách tay 1 x 12 kg,18-04-2025
Vietnam Airlines,2.253.744 VND/khách,20:30,01 thg 5,01 thg 5,22:30,2h 0m,"TP HCM (SGN)
Sân bay Tân Sơn Nhất
Nhà ga 1","Hải Phòng (HPH)
Sân bay quốc tế Cát Bi",Hành lý 1 x 23 kg,Hành lý xách tay 1 x 12 kg,18-04-2025
VietJet Air,2.368.065 VND/khách,14:05,01 thg 5,01 thg 5,16:05,2h 0m,"TP HCM (SGN)
Sân bay Tân Sơn Nhất
Nhà ga 1","Hải Phòng (HPH)
Sân bay quốc tế Cát Bi",Hành lý 0 kg,Hành lý xách tay 7 kg,18-04-2025
Vietnam Airlines,2.688.309 VND/khách,17:55,01 thg 5,01 thg 5,19:55,2h 0m,"TP HCM (SGN)
Sân bay Tân Sơn Nhất
Nhà ga 1","Hải Phòng (HPH)
Sân bay quốc tế Cát Bi",Hành lý 1 x 23 kg,Hành lý xách tay 1 x 12 kg,18-04-2025
VietJet Air,1.866.323 VND/khách,04:30,01 thg 5,01 thg 5,06:30,2h 0m,"TP HCM (SGN)
Sân bay Tân Sơn Nhất
Nhà ga 1","Hải Phòng (HPH)
Sân bay quốc tế Cát Bi",,,19-04-2025
VietJet Air,2.036.895 VND/khách,06:15,01 thg 5,01 thg 5,08:15,2h 0m,"TP HCM (SGN)
Sân bay Tân Sơn Nhất
Nhà ga 1","Hải Phòng (HPH)
Sân bay quốc tế Cát Bi",,,19-04-2025
Bamboo Airways,2.159.075 VND/khách,20:05,01 thg 5,01 thg 5,22:10,2h 5m,"TP HCM (SGN)
Sân bay Tân Sơn Nhất","Hải Phòng (HPH)
Sân bay quốc tế Cát Bi",,,19-04-2025
Vietnam Airlines,2.229.768 VND/khách,13:20,01 thg 5,01 thg 5,15:25,2h 5m,"TP HCM (SGN)
Sân bay Tân Sơn Nhất
Nhà ga 3","Hải Phòng (HPH)
Sân bay quốc tế Cát Bi",,,19-04-2025
Vietnam Airlines,2.236.761 VND/khách,07:45,01 thg 5,01 thg 5,09:45,2h 0m,"TP HCM (SGN)
Sân bay Tân Sơn Nhất
Nhà ga 3","Hải Phòng (HPH)
Sân bay quốc tế Cát Bi",,,19-04-2025
Vietnam Airlines,2.244.753 VND/khách,20:30,01 thg 5,01 thg 5,22:30,2h 0m,"TP HCM (SGN)
Sân bay Tân Sơn Nhất
Nhà ga 3","Hải Phòng (HPH)
Sân bay quốc tế Cát Bi",,,19-04-2025
VietJet Air,2.382.030 VND/khách,09:15,01 thg 5,01 thg 5,11:15,2h 0m,"TP HCM (SGN)
Sân bay Tân Sơn Nhất
Nhà ga 1","Hải Phòng (HPH)
Sân bay quốc tế Cát Bi",,,19-04-2025
VietJet Air,2.581.530 VND/khách,21:10,01 thg 5,01 thg 5,23:05,1h 55m,"TP HCM (SGN)
Sân bay Tân Sơn Nhất
Nhà ga 1","Hải Phòng (HPH)
Sân bay quốc tế Cát Bi",,,19-04-2025
VietJet Air,2.581.530 VND/khách,14:05,01 thg 5,01 thg 5,16:05,2h 0m,"TP HCM (SGN)
Sân bay Tân Sơn Nhất
Nhà ga 1","Hải Phòng (HPH)
Sân bay quốc tế Cát Bi",,,19-04-2025
VietJet Air,2.581.530 VND/khách,16:10,01 thg 5,01 thg 5,18:10,2h 0m,"TP HCM (SGN)
Sân bay Tân Sơn Nhất
Nhà ga 1","Hải Phòng (HPH)
Sân bay quốc tế Cát Bi",,,19-04-2025
VietJet Air,2.581.530 VND/khách,19:15,01 thg 5,01 thg 5,21:15,2h 0m,"TP HCM (SGN)
Sân bay Tân Sơn Nhất
Nhà ga 1","Hải Phòng (HPH)
Sân bay quốc tế Cát Bi",,,19-04-2025
VietJet Air,2.581.530 VND/khách,20:10,01 thg 5,01 thg 5,22:10,2h 0m,"TP HCM (SGN)
Sân bay Tân Sơn Nhất
Nhà ga 1","Hải Phòng (HPH)
Sân bay quốc tế Cát Bi",,,19-04-2025
VietJet Air,1.857.345 VND/khách,04:30,01 thg 5,01 thg 5,06:30,2h 0m,"TP HCM (SGN)
Sân bay Tân Sơn Nhất
Nhà ga 1","Hải Phòng (HPH)
Sân bay quốc tế Cát Bi",Hành lý 0 kg,Hành lý xách tay 7 kg,20-04-2025
VietJet Air,2.031.908 VND/khách,06:15,01 thg 5,01 thg 5,08:15,2h 0m,"TP HCM (SGN)
Sân bay Tân Sơn Nhất
Nhà ga 1","Hải Phòng (HPH)
Sân bay quốc tế Cát Bi",Hành lý 0 kg,Hành lý xách tay 7 kg,20-04-2025
Bamboo Airways,2.159.075 VND/khách,20:05,01 thg 5,01 thg 5,22:10,2h 5m,"TP HCM (SGN)
Sân bay Tân Sơn Nhất","Hải Phòng (HPH)
Sân bay quốc tế Cát Bi",Hành lý 0 kg,Hành lý xách tay 7 kg,20-04-2025
Vietnam Airlines,2.235.762 VND/khách,20:30,01 thg 5,01 thg 5,22:30,2h 0m,"TP HCM (SGN)
Sân bay Tân Sơn Nhất","Hải Phòng (HPH)
Sân bay quốc tế Cát Bi",Hành lý 1 x 23 kg,Hành lý xách tay 1 x 12 kg,20-04-2025
VietJet Air,2.373.053 VND/khách,09:15,01 thg 5,01 thg 5,11:15,2h 0m,"TP HCM (SGN)
Sân bay Tân Sơn Nhất
Nhà ga 1","Hải Phòng (HPH)
Sân bay quốc tế Cát Bi",Hành lý 0 kg,Hành lý xách tay 7 kg,20-04-2025
Vietnam Airlines,2.480.517 VND/khách,13:20,01 thg 5,01 thg 5,15:25,2h 5m,"TP HCM (SGN)
Sân bay Tân Sơn Nhất","Hải Phòng (HPH)
Sân bay quốc tế Cát Bi",Hành lý 1 x 23 kg,Hành lý xách tay 1 x 12 kg,20-04-2025
Vietnam Airlines,2.484.513 VND/khách,07:45,01 thg 5,01 thg 5,09:45,2h 0m,"TP HCM (SGN)
Sân bay Tân Sơn Nhất","Hải Phòng (HPH)
Sân bay quốc tế Cát Bi",Hành lý 1 x 23 kg,Hành lý xách tay 1 x 12 kg,20-04-2025
VietJet Air,2.577.540 VND/khách,21:10,01 thg 5,01 thg 5,23:05,1h 55m,"TP HCM (SGN)
Sân bay Tân Sơn Nhất
Nhà ga 1","Hải Phòng (HPH)
Sân bay quốc tế Cát Bi",Hành lý 0 kg,Hành lý xách tay 7 kg,20-04-2025
VietJet Air,2.577.540 VND/khách,14:05,01 thg 5,01 thg 5,16:05,2h 0m,"TP HCM (SGN)
Sân bay Tân Sơn Nhất
Nhà ga 1","Hải Phòng (HPH)
Sân bay quốc tế Cát Bi",Hành lý 0 kg,Hành lý xách tay 7 kg,20-04-2025
VietJet Air,2.577.540 VND/khách,16:10,01 thg 5,01 thg 5,18:10,2h 0m,"TP HCM (SGN)
Sân bay Tân Sơn Nhất
Nhà ga 1","Hải Phòng (HPH)
Sân bay quốc tế Cát Bi",Hành lý 0 kg,Hành lý xách tay 7 kg,20-04-2025
VietJet Air,2.577.540 VND/khách,19:15,01 thg 5,01 thg 5,21:15,2h 0m,"TP HCM (SGN)
Sân bay Tân Sơn Nhất
Nhà ga 1","Hải Phòng (HPH)
Sân bay quốc tế Cát Bi",Hành lý 0 kg,Hành lý xách tay 7 kg,20-04-2025
VietJet Air,2.577.540 VND/khách,20:10,01 thg 5,01 thg 5,22:10,2h 0m,"TP HCM (SGN)
Sân bay Tân Sơn Nhất
Nhà ga 1","Hải Phòng (HPH)
Sân bay quốc tế Cát Bi",Hành lý 0 kg,Hành lý xách tay 7 kg,20-04-2025
VietJet Air,1.859.340 VND/khách,04:30,01 thg 5,01 thg 5,06:30,2h 0m,"TP HCM (SGN)
Sân bay Tân Sơn Nhất
Nhà ga 1","Hải Phòng (HPH)
Sân bay quốc tế Cát Bi",Hành lý 0 kg,Hành lý xách tay 7 kg,21-04-2025
VietJet Air,2.032.905 VND/khách,06:15,01 thg 5,01 thg 5,08:15,2h 0m,"TP HCM (SGN)
Sân bay Tân Sơn Nhất
Nhà ga 1","Hải Phòng (HPH)
Sân bay quốc tế Cát Bi",Hành lý 0 kg,Hành lý xách tay 7 kg,21-04-2025
Bamboo Airways,2.159.075 VND/khách,20:05,01 thg 5,01 thg 5,22:10,2h 5m,"TP HCM (SGN)
Sân bay Tân Sơn Nhất","Hải Phòng (HPH)
Sân bay quốc tế Cát Bi",Hành lý 0 kg,Hành lý xách tay 7 kg,21-04-2025
Vietnam Airlines,2.236.761 VND/khách,20:30,01 thg 5,01 thg 5,22:30,2h 0m,"TP HCM (SGN)
Sân bay Tân Sơn Nhất","Hải Phòng (HPH)
Sân bay quốc tế Cát Bi",Hành lý 1 x 23 kg,Hành lý xách tay 1 x 12 kg,21-04-2025
VietJet Air,2.375.048 VND/khách,09:15,01 thg 5,01 thg 5,11:15,2h 0m,"TP HCM (SGN)
Sân bay Tân Sơn Nhất
Nhà ga 1","Hải Phòng (HPH)
Sân bay quốc tế Cát Bi",Hành lý 0 kg,Hành lý xách tay 7 kg,21-04-2025
Vietnam Airlines,2.482.515 VND/khách,13:20,01 thg 5,01 thg 5,15:25,2h 5m,"TP HCM (SGN)
Sân bay Tân Sơn Nhất","Hải Phòng (HPH)
Sân bay quốc tế Cát Bi",Hành lý 1 x 23 kg,Hành lý xách tay 1 x 12 kg,21-04-2025
Vietnam Airlines,2.485.512 VND/khách,07:45,01 thg 5,01 thg 5,09:45,2h 0m,"TP HCM (SGN)
Sân bay Tân Sơn Nhất","Hải Phòng (HPH)
Sân bay quốc tế Cát Bi",Hành lý 1 x 23 kg,Hành lý xách tay 1 x 12 kg,21-04-2025
VietJet Air,2.578.538 VND/khách,21:10,01 thg 5,01 thg 5,23:05,1h 55m,"TP HCM (SGN)
Sân bay Tân Sơn Nhất
Nhà ga 1","Hải Phòng (HPH)
Sân bay quốc tế Cát Bi",Hành lý 0 kg,Hành lý xách tay 7 kg,21-04-2025
VietJet Air,2.578.538 VND/khách,14:05,01 thg 5,01 thg 5,16:05,2h 0m,"TP HCM (SGN)
Sân bay Tân Sơn Nhất
Nhà ga 1","Hải Phòng (HPH)
Sân bay quốc tế Cát Bi",Hành lý 0 kg,Hành lý xách tay 7 kg,21-04-2025
VietJet Air,2.578.538 VND/khách,16:10,01 thg 5,01 thg 5,18:10,2h 0m,"TP HCM (SGN)
Sân bay Tân Sơn Nhất
Nhà ga 1","Hải Phòng (HPH)
Sân bay quốc tế Cát Bi",Hành lý 0 kg,Hành lý xách tay 7 kg,21-04-2025
VietJet Air,2.578.538 VND/khách,19:15,01 thg 5,01 thg 5,21:15,2h 0m,"TP HCM (SGN)
Sân bay Tân Sơn Nhất
Nhà ga 1","Hải Phòng (HPH)
Sân bay quốc tế Cát Bi",Hành lý 0 kg,Hành lý xách tay 7 kg,21-04-2025
VietJet Air,2.578.538 VND/khách,20:10,01 thg 5,01 thg 5,22:10,2h 0m,"TP HCM (SGN)
Sân bay Tân Sơn Nhất
Nhà ga 1","Hải Phòng (HPH)
Sân bay quốc tế Cát Bi",Hành lý 0 kg,Hành lý xách tay 7 kg,21-04-2025
Bamboo Airways,2.317.999 VND/khách,20:05,01 thg 5,01 thg 5,22:10,2h 5m,"TP HCM (SGN)
Sân bay Tân Sơn Nhất","Hải Phòng (HPH)
Sân bay quốc tế Cát Bi",Hành lý 0 kg,Hành lý xách tay 7 kg,22-04-2025
VietJet Air,2.038.890 VND/khách,04:30,01 thg 5,01 thg 5,06:30,2h 0m,"TP HCM (SGN)
Sân bay Tân Sơn Nhất
Nhà ga 1","Hải Phòng (HPH)
Sân bay quốc tế Cát Bi",Hành lý 0 kg,Hành lý xách tay 7 kg,22-04-2025
VietJet Air,2.209.463 VND/khách,06:15,01 thg 5,01 thg 5,08:15,2h 0m,"TP HCM (SGN)
Sân bay Tân Sơn Nhất
Nhà ga 1","Hải Phòng (HPH)
Sân bay quốc tế Cát Bi",Hành lý 0 kg,Hành lý xách tay 7 kg,22-04-2025
VietJet Air,2.384.025 VND/khách,09:15,01 thg 5,01 thg 5,11:15,2h 0m,"TP HCM (SGN)
Sân bay Tân Sơn Nhất
Nhà ga 1","Hải Phòng (HPH)
Sân bay quốc tế Cát Bi",Hành lý 0 kg,Hành lý xách tay 7 kg,22-04-2025
VietJet Air,2.584.523 VND/khách,21:10,01 thg 5,01 thg 5,23:05,1h 55m,"TP HCM (SGN)
Sân bay Tân Sơn Nhất
Nhà ga 1","Hải Phòng (HPH)
Sân bay quốc tế Cát Bi",Hành lý 0 kg,Hành lý xách tay 7 kg,22-04-2025
VietJet Air,2.584.523 VND/khách,14:05,01 thg 5,01 thg 5,16:05,2h 0m,"TP HCM (SGN)
Sân bay Tân Sơn Nhất
Nhà ga 1","Hải Phòng (HPH)
Sân bay quốc tế Cát Bi",Hành lý 0 kg,Hành lý xách tay 7 kg,22-04-2025
VietJet Air,2.584.523 VND/khách,16:10,01 thg 5,01 thg 5,18:10,2h 0m,"TP HCM (SGN)
Sân bay Tân Sơn Nhất
Nhà ga 1","Hải Phòng (HPH)
Sân bay quốc tế Cát Bi",Hành lý 0 kg,Hành lý xách tay 7 kg,22-04-2025
VietJet Air,2.584.523 VND/khách,20:10,01 thg 5,01 thg 5,22:10,2h 0m,"TP HCM (SGN)
Sân bay Tân Sơn Nhất
Nhà ga 1","Hải Phòng (HPH)
Sân bay quốc tế Cát Bi",Hành lý 0 kg,Hành lý xách tay 7 kg,22-04-2025
Vietnam Airlines,2.882.834 VND/khách,07:45,01 thg 5,01 thg 5,09:45,2h 0m,"TP HCM (SGN)
Sân bay Tân Sơn Nhất","Hải Phòng (HPH)
Sân bay quốc tế Cát Bi",Hành lý 23 kg,Hành lý xách tay 1 x 12 kg,22-04-2025
Vietnam Airlines,2.970.027 VND/khách,20:30,01 thg 5,01 thg 5,22:30,2h 0m,"TP HCM (SGN)
Sân bay Tân Sơn Nhất","Hải Phòng (HPH)
Sân bay quốc tế Cát Bi",Hành lý 23 kg,Hành lý xách tay 1 x 12 kg,22-04-2025
Vietnam Airlines,3.117.559 VND/khách,13:20,01 thg 5,01 thg 5,15:25,2h 5m,"TP HCM (SGN)
Sân bay Tân Sơn Nhất
Nhà ga 1","Hải Phòng (HPH)
Sân bay quốc tế Cát Bi",Hành lý 23 kg,Hành lý xách tay 1 x 12 kg,22-04-2025
Vietnam Airlines,3.290.706 VND/khách,17:55,01 thg 5,01 thg 5,19:55,2h 0m,"TP HCM (SGN)
Sân bay Tân Sơn Nhất","Hải Phòng (HPH)
Sân bay quốc tế Cát Bi",Hành lý 23 kg,Hành lý xách tay 1 x 12 kg,22-04-2025
Bamboo Airways,2.317.999 VND/khách,20:05,01 thg 5,01 thg 5,22:10,2h 5m,"TP HCM (SGN)
Sân bay Tân Sơn Nhất","Hải Phòng (HPH)
Sân bay quốc tế Cát Bi",Hành lý 0 kg,Hành lý xách tay 7 kg,23-04-2025
VietJet Air,2.040.885 VND/khách,04:30,01 thg 5,01 thg 5,06:30,2h 0m,"TP HCM (SGN)
Sân bay Tân Sơn Nhất
Nhà ga 1","Hải Phòng (HPH)
Sân bay quốc tế Cát Bi",Hành lý 0 kg,Hành lý xách tay 7 kg,23-04-2025
VietJet Air,2.212.455 VND/khách,06:15,01 thg 5,01 thg 5,08:15,2h 0m,"TP HCM (SGN)
Sân bay Tân Sơn Nhất
Nhà ga 1","Hải Phòng (HPH)
Sân bay quốc tế Cát Bi",Hành lý 0 kg,Hành lý xách tay 7 kg,23-04-2025
VietJet Air,2.587.515 VND/khách,21:10,01 thg 5,01 thg 5,23:05,1h 55m,"TP HCM (SGN)
Sân bay Tân Sơn Nhất
Nhà ga 1","Hải Phòng (HPH)
Sân bay quốc tế Cát Bi",Hành lý 0 kg,Hành lý xách tay 7 kg,23-04-2025
VietJet Air,2.587.515 VND/khách,09:15,01 thg 5,01 thg 5,11:15,2h 0m,"TP HCM (SGN)
Sân bay Tân Sơn Nhất
Nhà ga 1","Hải Phòng (HPH)
Sân bay quốc tế Cát Bi",Hành lý 0 kg,Hành lý xách tay 7 kg,23-04-2025
VietJet Air,2.587.515 VND/khách,14:05,01 thg 5,01 thg 5,16:05,2h 0m,"TP HCM (SGN)
Sân bay Tân Sơn Nhất
Nhà ga 1","Hải Phòng (HPH)
Sân bay quốc tế Cát Bi",Hành lý 0 kg,Hành lý xách tay 7 kg,23-04-2025
VietJet Air,2.587.515 VND/khách,16:10,01 thg 5,01 thg 5,18:10,2h 0m,"TP HCM (SGN)
Sân bay Tân Sơn Nhất
Nhà ga 1","Hải Phòng (HPH)
Sân bay quốc tế Cát Bi",Hành lý 0 kg,Hành lý xách tay 7 kg,23-04-2025
VietJet Air,2.587.515 VND/khách,20:10,01 thg 5,01 thg 5,22:10,2h 0m,"TP HCM (SGN)
Sân bay Tân Sơn Nhất
Nhà ga 1","Hải Phòng (HPH)
Sân bay quốc tế Cát Bi",Hành lý 0 kg,Hành lý xách tay 7 kg,23-04-2025
VietJet Air,3.130.155 VND/khách,19:15,01 thg 5,01 thg 5,21:15,2h 0m,"TP HCM (SGN)
Sân bay Tân Sơn Nhất
Nhà ga 1","Hải Phòng (HPH)
Sân bay quốc tế Cát Bi",Hành lý 0 kg,Hành lý xách tay 7 kg,23-04-2025
Vietnam Airlines,3.164.832 VND/khách,13:20,01 thg 5,01 thg 5,15:25,2h 5m,"TP HCM (SGN)
Sân bay Tân Sơn Nhất
Nhà ga 1","Hải Phòng (HPH)
Sân bay quốc tế Cát Bi",Hành lý 23 kg,Hành lý xách tay 1 x 12 kg,23-04-2025
Vietnam Airlines,3.243.254 VND/khách,20:30,01 thg 5,01 thg 5,22:30,2h 0m,"TP HCM (SGN)
Sân bay Tân Sơn Nhất","Hải Phòng (HPH)
Sân bay quốc tế Cát Bi",Hành lý 23 kg,Hành lý xách tay 1 x 12 kg,23-04-2025
Vietnam Airlines,3.424.572 VND/khách,07:45,01 thg 5,01 thg 5,09:45,2h 0m,"TP HCM (SGN)
Sân bay Tân Sơn Nhất","Hải Phòng (HPH)
Sân bay quốc tế Cát Bi",Hành lý 23 kg,Hành lý xách tay 1 x 12 kg,23-04-2025
Bamboo Airways,2.668.833 VND/khách,20:05,01 thg 5,01 thg 5,22:10,2h 5m,"TP HCM (SGN)
Sân bay Tân Sơn Nhất","Hải Phòng (HPH)
Sân bay quốc tế Cát Bi",,,24-04-2025
VietJet Air,2.045.873 VND/khách,04:30,01 thg 5,01 thg 5,06:30,2h 0m,"TP HCM (SGN)
Sân bay Tân Sơn Nhất
Nhà ga 1","Hải Phòng (HPH)
Sân bay quốc tế Cát Bi",,,24-04-2025
VietJet Air,2.045.873 VND/khách,06:15,01 thg 5,01 thg 5,08:15,2h 0m,"TP HCM (SGN)
Sân bay Tân Sơn Nhất
Nhà ga 1","Hải Phòng (HPH)
Sân bay quốc tế Cát Bi",,,24-04-2025
VietJet Air,2.593.500 VND/khách,21:10,01 thg 5,01 thg 5,23:05,1h 55m,"TP HCM (SGN)
Sân bay Tân Sơn Nhất
Nhà ga 1","Hải Phòng (HPH)
Sân bay quốc tế Cát Bi",,,24-04-2025
VietJet Air,2.593.500 VND/khách,09:15,01 thg 5,01 thg 5,11:15,2h 0m,"TP HCM (SGN)
Sân bay Tân Sơn Nhất
Nhà ga 1","Hải Phòng (HPH)
Sân bay quốc tế Cát Bi",,,24-04-2025
VietJet Air,2.593.500 VND/khách,14:05,01 thg 5,01 thg 5,16:05,2h 0m,"TP HCM (SGN)
Sân bay Tân Sơn Nhất
Nhà ga 1","Hải Phòng (HPH)
Sân bay quốc tế Cát Bi",,,24-04-2025
VietJet Air,2.593.500 VND/khách,20:10,01 thg 5,01 thg 5,22:10,2h 0m,"TP HCM (SGN)
Sân bay Tân Sơn Nhất
Nhà ga 1","Hải Phòng (HPH)
Sân bay quốc tế Cát Bi",,,24-04-2025
VietJet Air,2.823.923 VND/khách,16:10,01 thg 5,01 thg 5,18:10,2h 0m,"TP HCM (SGN)
Sân bay Tân Sơn Nhất
Nhà ga 1","Hải Phòng (HPH)
Sân bay quốc tế Cát Bi",,,24-04-2025
Vietnam Airlines,3.422.574 VND/khách,07:45,01 thg 5,01 thg 5,09:45,2h 0m,"TP HCM (SGN)
Sân bay Tân Sơn Nhất
Nhà ga T3","Hải Phòng (HPH)
Sân bay quốc tế Cát Bi",,,24-04-2025
Vietnam Airlines,3.422.574 VND/khách,20:30,01 thg 5,01 thg 5,22:30,2h 0m,"TP HCM (SGN)
Sân bay Tân Sơn Nhất
Nhà ga T3","Hải Phòng (HPH)
Sân bay quốc tế Cát Bi",,,24-04-2025
Vietnam Airlines,3.642.572 VND/khách,13:20,01 thg 5,01 thg 5,15:25,2h 5m,"TP HCM (SGN)
Sân bay Tân Sơn Nhất
Nhà ga 1","Hải Phòng (HPH)
Sân bay quốc tế Cát Bi",,,24-04-2025
VietJet Air,3.855.208 VND/khách,19:35,01 thg 5,01 thg 5,21:35,2h 0m,"TP HCM (SGN)
Sân bay Tân Sơn Nhất
Nhà ga 1","Hải Phòng (HPH)
Sân bay quốc tế Cát Bi",,,24-04-2025
VietJet Air,3.792.520 VND/khách,06:50,01 thg 5,01 thg 5,08:10,1h 20m,"TP HCM (SGN)
Sân bay Tân Sơn Nhất
Nhà ga 1","Đà Nẵng (DAD)
Sân bay Đà Nẵng",Hành lý 0 kg,Hành lý xách tay 7 kg,25-04-2025
VietJet Air,3.792.520 VND/khách,05:30,01 thg 5,01 thg 5,06:50,1h 20m,"TP HCM (SGN)
Sân bay Tân Sơn Nhất
Nhà ga 1","Đà Nẵng (DAD)
Sân bay Đà Nẵng",Hành lý 0 kg,Hành lý xách tay 7 kg,25-04-2025
VietJet Air,3.792.520 VND/khách,05:00,01 thg 5,01 thg 5,06:20,1h 20m,"TP HCM (SGN)
Sân bay Tân Sơn Nhất
Nhà ga 1","Đà Nẵng (DAD)
Sân bay Đà Nẵng",Hành lý 0 kg,Hành lý xách tay 7 kg,25-04-2025
Bamboo Airways,2.742.444 VND/khách,20:05,01 thg 5,01 thg 5,22:10,2h 5m,"TP HCM (SGN)
Sân bay Tân Sơn Nhất","Hải Phòng (HPH)
Sân bay quốc tế Cát Bi",Hành lý 0 kg,Hành lý xách tay 7 kg,26-04-2025
VietJet Air,2.028.915 VND/khách,04:30,01 thg 5,01 thg 5,06:30,2h 0m,"TP HCM (SGN)
Sân bay Tân Sơn Nhất
Nhà ga 1","Hải Phòng (HPH)
Sân bay quốc tế Cát Bi",Hành lý 0 kg,Hành lý xách tay 7 kg,26-04-2025
VietJet Air,2.196.495 VND/khách,06:15,01 thg 5,01 thg 5,08:15,2h 0m,"TP HCM (SGN)
Sân bay Tân Sơn Nhất
Nhà ga 1","Hải Phòng (HPH)
Sân bay quốc tế Cát Bi",Hành lý 0 kg,Hành lý xách tay 7 kg,26-04-2025
VietJet Air,2.569.560 VND/khách,21:10,01 thg 5,01 thg 5,23:05,1h 55m,"TP HCM (SGN)
Sân bay Tân Sơn Nhất
Nhà ga 1","Hải Phòng (HPH)
Sân bay quốc tế Cát Bi",Hành lý 0 kg,Hành lý xách tay 7 kg,26-04-2025
VietJet Air,2.569.560 VND/khách,09:15,01 thg 5,01 thg 5,11:15,2h 0m,"TP HCM (SGN)
Sân bay Tân Sơn Nhất
Nhà ga 1","Hải Phòng (HPH)
Sân bay quốc tế Cát Bi",Hành lý 0 kg,Hành lý xách tay 7 kg,26-04-2025
VietJet Air,2.569.560 VND/khách,14:05,01 thg 5,01 thg 5,16:05,2h 0m,"TP HCM (SGN)
Sân bay Tân Sơn Nhất
Nhà ga 1","Hải Phòng (HPH)
Sân bay quốc tế Cát Bi",Hành lý 0 kg,Hành lý xách tay 7 kg,26-04-2025
VietJet Air,2.569.560 VND/khách,20:10,01 thg 5,01 thg 5,22:10,2h 0m,"TP HCM (SGN)
Sân bay Tân Sơn Nhất
Nhà ga 1","Hải Phòng (HPH)
Sân bay quốc tế Cát Bi",Hành lý 0 kg,Hành lý xách tay 7 kg,26-04-2025
VietJet Air,2.796.990 VND/khách,16:10,01 thg 5,01 thg 5,18:10,2h 0m,"TP HCM (SGN)
Sân bay Tân Sơn Nhất
Nhà ga 1","Hải Phòng (HPH)
Sân bay quốc tế Cát Bi",Hành lý 0 kg,Hành lý xách tay 7 kg,26-04-2025
VietJet Air,3.112.200 VND/khách,19:35,01 thg 5,01 thg 5,21:35,2h 0m,"TP HCM (SGN)
Sân bay Tân Sơn Nhất
Nhà ga 1","Hải Phòng (HPH)
Sân bay quốc tế Cát Bi",Hành lý 0 kg,Hành lý xách tay 7 kg,26-04-2025
Vietnam Airlines,3.421.575 VND/khách,07:45,01 thg 5,01 thg 5,09:45,2h 0m,"TP HCM (SGN)
Sân bay Tân Sơn Nhất
Nhà ga T3","Hải Phòng (HPH)
Sân bay quốc tế Cát Bi",Hành lý 1 x 23 kg,Hành lý xách tay 1 x 12 kg,26-04-2025
Vietnam Airlines,3.421.575 VND/khách,20:30,01 thg 5,01 thg 5,22:30,2h 0m,"TP HCM (SGN)
Sân bay Tân Sơn Nhất
Nhà ga T3","Hải Phòng (HPH)
Sân bay quốc tế Cát Bi",Hành lý 1 x 23 kg,Hành lý xách tay 1 x 12 kg,26-04-2025
Vietnam Airlines,3.429.567 VND/khách,13:20,01 thg 5,01 thg 5,15:25,2h 5m,"TP HCM (SGN)
Sân bay Tân Sơn Nhất
Nhà ga 1","Hải Phòng (HPH)
Sân bay quốc tế Cát Bi",Hành lý 1 x 23 kg,Hành lý xách tay 1 x 12 kg,26-04-2025
Bamboo Airways,2.742.444 VND/khách,20:05,01 thg 5,01 thg 5,22:10,2h 5m,"TP HCM (SGN)
Sân bay Tân Sơn Nhất","Hải Phòng (HPH)
Sân bay quốc tế Cát Bi",Hành lý 0 kg,Hành lý xách tay 7 kg,27-04-2025
VietJet Air,2.558.588 VND/khách,21:10,01 thg 5,01 thg 5,23:05,1h 55m,"TP HCM (SGN)
Sân bay Tân Sơn Nhất
Nhà ga 1","Hải Phòng (HPH)
Sân bay quốc tế Cát Bi",Hành lý 0 kg,Hành lý xách tay 7 kg,27-04-2025
VietJet Air,2.785.020 VND/khách,16:10,01 thg 5,01 thg 5,18:10,2h 0m,"TP HCM (SGN)
Sân bay Tân Sơn Nhất
Nhà ga 1","Hải Phòng (HPH)
Sân bay quốc tế Cát Bi",Hành lý 0 kg,Hành lý xách tay 7 kg,27-04-2025
VietJet Air,2.860.881 VND/khách,20:10,01 thg 5,01 thg 5,22:10,2h 0m,"TP HCM (SGN)
Sân bay Tân Sơn Nhất
Nhà ga 1","Hải Phòng (HPH)
Sân bay quốc tế Cát Bi",Hành lý 0 kg,Hành lý xách tay 7 kg,27-04-2025
VietJet Air,2.959.583 VND/khách,14:05,01 thg 5,01 thg 5,16:05,2h 0m,"TP HCM (SGN)
Sân bay Tân Sơn Nhất
Nhà ga 1","Hải Phòng (HPH)
Sân bay quốc tế Cát Bi",Hành lý 0 kg,Hành lý xách tay 7 kg,27-04-2025
VietJet Air,3.211.398 VND/khách,06:15,01 thg 5,01 thg 5,08:15,2h 0m,"TP HCM (SGN)
Sân bay Tân Sơn Nhất
Nhà ga 1","Hải Phòng (HPH)
Sân bay quốc tế Cát Bi",Hành lý 0 kg,Hành lý xách tay 7 kg,27-04-2025
VietJet Air,3.211.398 VND/khách,19:35,01 thg 5,01 thg 5,21:35,2h 0m,"TP HCM (SGN)
Sân bay Tân Sơn Nhất
Nhà ga 1","Hải Phòng (HPH)
Sân bay quốc tế Cát Bi",Hành lý 0 kg,Hành lý xách tay 7 kg,27-04-2025
VietJet Air,3.383.986 VND/khách,09:15,01 thg 5,01 thg 5,11:15,2h 0m,"TP HCM (SGN)
Sân bay Tân Sơn Nhất
Nhà ga 1","Hải Phòng (HPH)
Sân bay quốc tế Cát Bi",Hành lý 0 kg,Hành lý xách tay 7 kg,27-04-2025
Vietnam Airlines,3.643.150 VND/khách,20:30,01 thg 5,01 thg 5,22:30,2h 0m,"TP HCM (SGN)
Sân bay Tân Sơn Nhất","Hải Phòng (HPH)
Sân bay quốc tế Cát Bi",Hành lý 1 x 23 kg,Hành lý xách tay 1 x 12 kg,27-04-2025
Vietnam Airlines,3.643.150 VND/khách,13:20,01 thg 5,01 thg 5,15:25,2h 5m,"TP HCM (SGN)
Sân bay Tân Sơn Nhất
Nhà ga 1","Hải Phòng (HPH)
Sân bay quốc tế Cát Bi",Hành lý 1 x 23 kg,Hành lý xách tay 1 x 12 kg,27-04-2025
Vietnam Airlines,3.863.733 VND/khách,07:45,01 thg 5,01 thg 5,09:45,2h 0m,"TP HCM (SGN)
Sân bay Tân Sơn Nhất","Hải Phòng (HPH)
Sân bay quốc tế Cát Bi",Hành lý 1 x 23 kg,Hành lý xách tay 1 x 12 kg,27-04-2025
Bamboo Airways,2.742.444 VND/khách,20:05,01 thg 5,01 thg 5,22:10,2h 5m,"TP HCM (SGN)
Sân bay Tân Sơn Nhất","Hải Phòng (HPH)
Sân bay quốc tế Cát Bi",Hành lý 0 kg,Hành lý xách tay 7 kg,28-04-2025
VietJet Air,2.553.600 VND/khách,21:10,01 thg 5,01 thg 5,23:05,1h 55m,"TP HCM (SGN)
Sân bay Tân Sơn Nhất
Nhà ga 1","Hải Phòng (HPH)
Sân bay quốc tế Cát Bi",Hành lý 0 kg,Hành lý xách tay 7 kg,28-04-2025
VietJet Air,2.784.023 VND/khách,20:10,01 thg 5,01 thg 5,22:10,2h 0m,"TP HCM (SGN)
Sân bay Tân Sơn Nhất
Nhà ga 1","Hải Phòng (HPH)
Sân bay quốc tế Cát Bi",Hành lý 0 kg,Hành lý xách tay 7 kg,28-04-2025
VietJet Air,2.958.585 VND/khách,16:10,01 thg 5,01 thg 5,18:10,2h 0m,"TP HCM (SGN)
Sân bay Tân Sơn Nhất
Nhà ga 1","Hải Phòng (HPH)
Sân bay quốc tế Cát Bi",Hành lý 0 kg,Hành lý xách tay 7 kg,28-04-2025
VietJet Air,3.212.884 VND/khách,09:15,01 thg 5,01 thg 5,11:15,2h 0m,"TP HCM (SGN)
Sân bay Tân Sơn Nhất
Nhà ga 1","Hải Phòng (HPH)
Sân bay quốc tế Cát Bi",Hành lý 0 kg,Hành lý xách tay 7 kg,28-04-2025
VietJet Air,3.212.884 VND/khách,14:05,01 thg 5,01 thg 5,16:05,2h 0m,"TP HCM (SGN)
Sân bay Tân Sơn Nhất
Nhà ga 1","Hải Phòng (HPH)
Sân bay quốc tế Cát Bi",Hành lý 0 kg,Hành lý xách tay 7 kg,28-04-2025
VietJet Air,3.212.884 VND/khách,19:35,01 thg 5,01 thg 5,21:35,2h 0m,"TP HCM (SGN)
Sân bay Tân Sơn Nhất
Nhà ga 1","Hải Phòng (HPH)
Sân bay quốc tế Cát Bi",Hành lý 0 kg,Hành lý xách tay 7 kg,28-04-2025
Vietnam Airlines,3.854.142 VND/khách,20:30,01 thg 5,01 thg 5,22:30,2h 0m,"TP HCM (SGN)
Sân bay Tân Sơn Nhất","Hải Phòng (HPH)
Sân bay quốc tế Cát Bi",Hành lý 1 x 23 kg,Hành lý xách tay 1 x 12 kg,28-04-2025
Bamboo Airways,3.458.396 VND/khách,20:05,01 thg 5,01 thg 5,22:10,2h 5m,"TP HCM (SGN)
Sân bay Tân Sơn Nhất","Hải Phòng (HPH)
Sân bay quốc tế Cát Bi",Hành lý 20 kg,Hành lý xách tay 7 kg,29-04-2025
VietJet Air,3.055.239 VND/khách,21:10,01 thg 5,01 thg 5,23:05,1h 55m,"TP HCM (SGN)
Sân bay Tân Sơn Nhất
Nhà ga 1","Hải Phòng (HPH)
Sân bay quốc tế Cát Bi",Hành lý 0 kg,Hành lý xách tay 7 kg,29-04-2025
VietJet Air,3.055.239 VND/khách,20:10,01 thg 5,01 thg 5,22:10,2h 0m,"TP HCM (SGN)
Sân bay Tân Sơn Nhất
Nhà ga 1","Hải Phòng (HPH)
Sân bay quốc tế Cát Bi",Hành lý 0 kg,Hành lý xách tay 7 kg,29-04-2025
VietJet Air,3.094.245 VND/khách,16:10,01 thg 5,01 thg 5,18:10,2h 0m,"TP HCM (SGN)
Sân bay Tân Sơn Nhất
Nhà ga 1","Hải Phòng (HPH)
Sân bay quốc tế Cát Bi",Hành lý 0 kg,Hành lý xách tay 7 kg,29-04-2025
VietJet Air,3.213.647 VND/khách,06:15,01 thg 5,01 thg 5,08:15,2h 0m,"TP HCM (SGN)
Sân bay Tân Sơn Nhất
Nhà ga 1","Hải Phòng (HPH)
Sân bay quốc tế Cát Bi",Hành lý 0 kg,Hành lý xách tay 7 kg,29-04-2025
VietJet Air,3.213.647 VND/khách,14:05,01 thg 5,01 thg 5,16:05,2h 0m,"TP HCM (SGN)
Sân bay Tân Sơn Nhất
Nhà ga 1","Hải Phòng (HPH)
Sân bay quốc tế Cát Bi",Hành lý 0 kg,Hành lý xách tay 7 kg,29-04-2025
VietJet Air,3.213.647 VND/khách,19:35,01 thg 5,01 thg 5,21:35,2h 0m,"TP HCM (SGN)
Sân bay Tân Sơn Nhất
Nhà ga 1","Hải Phòng (HPH)
Sân bay quốc tế Cát Bi",Hành lý 0 kg,Hành lý xách tay 7 kg,29-04-2025
VietJet Air,3.384.518 VND/khách,09:15,01 thg 5,01 thg 5,11:15,2h 0m,"TP HCM (SGN)
Sân bay Tân Sơn Nhất
Nhà ga 1","Hải Phòng (HPH)
Sân bay quốc tế Cát Bi",Hành lý 0 kg,Hành lý xách tay 7 kg,29-04-2025
Bamboo Airways,3.458.396 VND/khách,20:05,01 thg 5,01 thg 5,22:10,2h 5m,"TP HCM (SGN)
Sân bay Tân Sơn Nhất","Hải Phòng (HPH)
Sân bay quốc tế Cát Bi",Hành lý 20 kg,Hành lý xách tay 7 kg,29-04-2025
Vietnam Airlines,3.656.340 VND/khách,07:45,01 thg 5,01 thg 5,09:45,2h 0m,"TP HCM (SGN)
Sân bay Tân Sơn Nhất","Hải Phòng (HPH)
Sân bay quốc tế Cát Bi",Hành lý 1 x 23 kg,Hành lý xách tay 1 x 12 kg,29-04-2025
Vietnam Airlines,3.866.130 VND/khách,20:30,01 thg 5,01 thg 5,22:30,2h 0m,"TP HCM (SGN)
Sân bay Tân Sơn Nhất","Hải Phòng (HPH)
Sân bay quốc tế Cát Bi",Hành lý 1 x 23 kg,Hành lý xách tay 1 x 12 kg,29-04-2025
Bamboo Airways,3.692.445 VND/khách,20:05,01 thg 5,01 thg 5,22:10,2h 5m,"TP HCM (SGN)
Sân bay Tân Sơn Nhất","Hải Phòng (HPH)
Sân bay quốc tế Cát Bi",Hành lý 20 kg,Hành lý xách tay 7 kg,30-04-2025
VietJet Air,3.029.408 VND/khách,20:10,01 thg 5,01 thg 5,22:10,2h 0m,"TP HCM (SGN)
Sân bay Tân Sơn Nhất
Nhà ga 1","Hải Phòng (HPH)
Sân bay quốc tế Cát Bi",Hành lý 0 kg,Hành lý xách tay 7 kg,30-04-2025
VietJet Air,3.054.462 VND/khách,21:10,01 thg 5,01 thg 5,23:05,1h 55m,"TP HCM (SGN)
Sân bay Tân Sơn Nhất
Nhà ga 1","Hải Phòng (HPH)
Sân bay quốc tế Cát Bi",Hành lý 0 kg,Hành lý xách tay 7 kg,30-04-2025
VietJet Air,3.174.045 VND/khách,19:35,01 thg 5,01 thg 5,21:35,2h 0m,"TP HCM (SGN)
Sân bay Tân Sơn Nhất
Nhà ga 1","Hải Phòng (HPH)
Sân bay quốc tế Cát Bi",Hành lý 0 kg,Hành lý xách tay 7 kg,30-04-2025
VietJet Air,3.495.632 VND/khách,16:10,01 thg 5,01 thg 5,18:10,2h 0m,"TP HCM (SGN)
Sân bay Tân Sơn Nhất
Nhà ga 1","Hải Phòng (HPH)
Sân bay quốc tế Cát Bi",Hành lý 0 kg,Hành lý xách tay 7 kg,30-04-2025
VietJet Air,3.731.648 VND/khách,09:15,01 thg 5,01 thg 5,11:15,2h 0m,"TP HCM (SGN)
Sân bay Tân Sơn Nhất
Nhà ga 1","Hải Phòng (HPH)
Sân bay quốc tế Cát Bi",Hành lý 0 kg,Hành lý xách tay 7 kg,30-04-2025
VietJet Air,3.731.648 VND/khách,14:05,01 thg 5,01 thg 5,16:05,2h 0m,"TP HCM (SGN)
Sân bay Tân Sơn Nhất
Nhà ga 1","Hải Phòng (HPH)
Sân bay quốc tế Cát Bi",Hành lý 0 kg,Hành lý xách tay 7 kg,30-04-2025
Vietnam Airlines,3.864.132 VND/khách,20:30,01 thg 5,01 thg 5,22:30,2h 0m,"TP HCM (SGN)
Sân bay Tân Sơn Nhất","Hải Phòng (HPH)
Sân bay quốc tế Cát Bi",Hành lý 1 x 23 kg,Hành lý xách tay 1 x 12 kg,30-04-2025
Vietnam Airlines,3.924.072 VND/khách,17:55,01 thg 5,01 thg 5,19:55,2h 0m,"TP HCM (SGN)
Sân bay Tân Sơn Nhất","Hải Phòng (HPH)
Sân bay quốc tế Cát Bi",Hành lý 1 x 23 kg,Hành lý xách tay 1 x 12 kg,30-04-2025
Vietnam Airlines,3.924.072 VND/khách,13:20,01 thg 5,01 thg 5,15:25,2h 5m,"TP HCM (SGN)
Sân bay Tân Sơn Nhất
Nhà ga 1","Hải Phòng (HPH)
Sân bay quốc tế Cát Bi",Hành lý 1 x 23 kg,Hành lý xách tay 1 x 12 kg,30-04-2025
VietJet Air,3.174.045 VND/khách,06:15,02 thg 5,02 thg 5,08:15,2h 0m,"TP HCM (SGN)
Sân bay Tân Sơn Nhất
Nhà ga 1","Hải Phòng (HPH)
Sân bay quốc tế Cát Bi",Hành lý 0 kg,Hành lý xách tay 7 kg,01-05-2025
VietJet Air,3.212.660 VND/khách,04:30,02 thg 5,02 thg 5,06:30,2h 0m,"TP HCM (SGN)
Sân bay Tân Sơn Nhất
Nhà ga 1","Hải Phòng (HPH)
Sân bay quốc tế Cát Bi",Hành lý 0 kg,Hành lý xách tay 7 kg,01-05-2025
VietJet Air,3.695.738 VND/khách,21:10,02 thg 5,02 thg 5,23:05,1h 55m,"TP HCM (SGN)
Sân bay Tân Sơn Nhất
Nhà ga 1","Hải Phòng (HPH)
Sân bay quốc tế Cát Bi",Hành lý 0 kg,Hành lý xách tay 7 kg,01-05-2025
VietJet Air,3.701.558 VND/khách,16:10,02 thg 5,02 thg 5,18:10,2h 0m,"TP HCM (SGN)
Sân bay Tân Sơn Nhất
Nhà ga 1","Hải Phòng (HPH)
Sân bay quốc tế Cát Bi",Hành lý 0 kg,Hành lý xách tay 7 kg,01-05-2025
VietJet Air,3.701.558 VND/khách,19:35,02 thg 5,02 thg 5,21:35,2h 0m,"TP HCM (SGN)
Sân bay Tân Sơn Nhất
Nhà ga 1","Hải Phòng (HPH)
Sân bay quốc tế Cát Bi",Hành lý 0 kg,Hành lý xách tay 7 kg,01-05-2025
VietJet Air,3.734.411 VND/khách,20:10,02 thg 5,02 thg 5,22:10,2h 0m,"TP HCM (SGN)
Sân bay Tân Sơn Nhất
Nhà ga 1","Hải Phòng (HPH)
Sân bay quốc tế Cát Bi",Hành lý 0 kg,Hành lý xách tay 7 kg,01-05-2025
VietJet Air,1.841.385 VND/khách,04:30,02 thg 5,02 thg 5,06:30,2h 0m,"TP HCM (SGN)
Sân bay Tân Sơn Nhất
Nhà ga 1","Hải Phòng (HPH)
Sân bay quốc tế Cát Bi",Hành lý 0 kg,Hành lý xách tay 7 kg,18-04-2025
VietJet Air,2.016.945 VND/khách,06:15,02 thg 5,02 thg 5,08:15,2h 0m,"TP HCM (SGN)
Sân bay Tân Sơn Nhất
Nhà ga 1","Hải Phòng (HPH)
Sân bay quốc tế Cát Bi",Hành lý 0 kg,Hành lý xách tay 7 kg,18-04-2025
VietJet Air,2.368.065 VND/khách,21:10,02 thg 5,02 thg 5,23:05,1h 55m,"TP HCM (SGN)
Sân bay Tân Sơn Nhất
Nhà ga 1","Hải Phòng (HPH)
Sân bay quốc tế Cát Bi",Hành lý 0 kg,Hành lý xách tay 7 kg,18-04-2025
VietJet Air,2.368.065 VND/khách,16:10,02 thg 5,02 thg 5,18:10,2h 0m,"TP HCM (SGN)
Sân bay Tân Sơn Nhất
Nhà ga 1","Hải Phòng (HPH)
Sân bay quốc tế Cát Bi",Hành lý 0 kg,Hành lý xách tay 7 kg,18-04-2025
VietJet Air,2.368.065 VND/khách,19:15,02 thg 5,02 thg 5,21:15,2h 0m,"TP HCM (SGN)
Sân bay Tân Sơn Nhất
Nhà ga 1","Hải Phòng (HPH)
Sân bay quốc tế Cát Bi",Hành lý 0 kg,Hành lý xách tay 7 kg,18-04-2025
Vietnam Airlines,2.487.510 VND/khách,07:45,02 thg 5,02 thg 5,09:45,2h 0m,"TP HCM (SGN)
Sân bay Tân Sơn Nhất
Nhà ga 1","Hải Phòng (HPH)
Sân bay quốc tế Cát Bi",Hành lý 1 x 23 kg,Hành lý xách tay 1 x 12 kg,18-04-2025
Vietnam Airlines,2.681.316 VND/khách,20:30,02 thg 5,02 thg 5,22:30,2h 0m,"TP HCM (SGN)
Sân bay Tân Sơn Nhất
Nhà ga 1","Hải Phòng (HPH)
Sân bay quốc tế Cát Bi",Hành lý 1 x 23 kg,Hành lý xách tay 1 x 12 kg,18-04-2025
Vietnam Airlines,2.681.316 VND/khách,13:20,02 thg 5,02 thg 5,15:25,2h 5m,"TP HCM (SGN)
Sân bay Tân Sơn Nhất
Nhà ga 1","Hải Phòng (HPH)
Sân bay quốc tế Cát Bi",Hành lý 1 x 23 kg,Hành lý xách tay 1 x 12 kg,18-04-2025
VietJet Air,2.804.970 VND/khách,11:35,02 thg 5,02 thg 5,13:35,2h 0m,"TP HCM (SGN)
Sân bay Tân Sơn Nhất
Nhà ga 1","Hải Phòng (HPH)
Sân bay quốc tế Cát Bi",Hành lý 0 kg,Hành lý xách tay 7 kg,18-04-2025
VietJet Air,2.804.970 VND/khách,20:10,02 thg 5,02 thg 5,22:10,2h 0m,"TP HCM (SGN)
Sân bay Tân Sơn Nhất
Nhà ga 1","Hải Phòng (HPH)
Sân bay quốc tế Cát Bi",Hành lý 0 kg,Hành lý xách tay 7 kg,18-04-2025
VietJet Air,2.036.895 VND/khách,04:30,02 thg 5,02 thg 5,06:30,2h 0m,"TP HCM (SGN)
Sân bay Tân Sơn Nhất
Nhà ga 1","Hải Phòng (HPH)
Sân bay quốc tế Cát Bi",,,19-04-2025
VietJet Air,2.207.468 VND/khách,06:15,02 thg 5,02 thg 5,08:15,2h 0m,"TP HCM (SGN)
Sân bay Tân Sơn Nhất
Nhà ga 1","Hải Phòng (HPH)
Sân bay quốc tế Cát Bi",,,19-04-2025
VietJet Air,2.581.530 VND/khách,16:10,02 thg 5,02 thg 5,18:10,2h 0m,"TP HCM (SGN)
Sân bay Tân Sơn Nhất
Nhà ga 1","Hải Phòng (HPH)
Sân bay quốc tế Cát Bi",,,19-04-2025
Vietnam Airlines,2.675.322 VND/khách,20:30,02 thg 5,02 thg 5,22:30,2h 0m,"TP HCM (SGN)
Sân bay Tân Sơn Nhất
Nhà ga 3","Hải Phòng (HPH)
Sân bay quốc tế Cát Bi",,,19-04-2025
Vietnam Airlines,2.675.322 VND/khách,13:20,02 thg 5,02 thg 5,15:25,2h 5m,"TP HCM (SGN)
Sân bay Tân Sơn Nhất
Nhà ga 3","Hải Phòng (HPH)
Sân bay quốc tế Cát Bi",,,19-04-2025
Vietnam Airlines,2.719.278 VND/khách,07:45,02 thg 5,02 thg 5,09:45,2h 0m,"TP HCM (SGN)
Sân bay Tân Sơn Nhất
Nhà ga 3","Hải Phòng (HPH)
Sân bay quốc tế Cát Bi",,,19-04-2025
VietJet Air,2.811.953 VND/khách,11:35,02 thg 5,02 thg 5,13:35,2h 0m,"TP HCM (SGN)
Sân bay Tân Sơn Nhất
Nhà ga 1","Hải Phòng (HPH)
Sân bay quốc tế Cát Bi",,,19-04-2025
Vietnam Airlines,2.913.084 VND/khách,17:55,02 thg 5,02 thg 5,19:55,2h 0m,"TP HCM (SGN)
Sân bay Tân Sơn Nhất
Nhà ga 3","Hải Phòng (HPH)
Sân bay quốc tế Cát Bi",,,19-04-2025
VietJet Air,3.123.173 VND/khách,21:10,02 thg 5,02 thg 5,23:05,1h 55m,"TP HCM (SGN)
Sân bay Tân Sơn Nhất
Nhà ga 1","Hải Phòng (HPH)
Sân bay quốc tế Cát Bi",,,19-04-2025
VietJet Air,3.757.583 VND/khách,19:15,02 thg 5,02 thg 5,21:15,2h 0m,"TP HCM (SGN)
Sân bay Tân Sơn Nhất
Nhà ga 1","Hải Phòng (HPH)
Sân bay quốc tế Cát Bi",,,19-04-2025
VietJet Air,2.031.908 VND/khách,04:30,02 thg 5,02 thg 5,06:30,2h 0m,"TP HCM (SGN)
Sân bay Tân Sơn Nhất
Nhà ga 1","Hải Phòng (HPH)
Sân bay quốc tế Cát Bi",Hành lý 0 kg,Hành lý xách tay 7 kg,20-04-2025
VietJet Air,2.202.480 VND/khách,06:15,02 thg 5,02 thg 5,08:15,2h 0m,"TP HCM (SGN)
Sân bay Tân Sơn Nhất
Nhà ga 1","Hải Phòng (HPH)
Sân bay quốc tế Cát Bi",Hành lý 0 kg,Hành lý xách tay 7 kg,20-04-2025
VietJet Air,2.785.020 VND/khách,16:10,02 thg 5,02 thg 5,18:10,2h 0m,"TP HCM (SGN)
Sân bay Tân Sơn Nhất
Nhà ga 1","Hải Phòng (HPH)
Sân bay quốc tế Cát Bi",Hành lý 0 kg,Hành lý xách tay 7 kg,20-04-2025
VietJet Air,2.802.975 VND/khách,11:35,02 thg 5,02 thg 5,13:35,2h 0m,"TP HCM (SGN)
Sân bay Tân Sơn Nhất
Nhà ga 1","Hải Phòng (HPH)
Sân bay quốc tế Cát Bi",Hành lý 0 kg,Hành lý xách tay 7 kg,20-04-2025
Vietnam Airlines,2.912.085 VND/khách,17:55,02 thg 5,02 thg 5,19:55,2h 0m,"TP HCM (SGN)
Sân bay Tân Sơn Nhất","Hải Phòng (HPH)
Sân bay quốc tế Cát Bi",Hành lý 1 x 23 kg,Hành lý xách tay 1 x 12 kg,20-04-2025
Vietnam Airlines,2.915.082 VND/khách,07:45,02 thg 5,02 thg 5,09:45,2h 0m,"TP HCM (SGN)
Sân bay Tân Sơn Nhất","Hải Phòng (HPH)
Sân bay quốc tế Cát Bi",Hành lý 1 x 23 kg,Hành lý xách tay 1 x 12 kg,20-04-2025
Vietnam Airlines,2.915.082 VND/khách,20:30,02 thg 5,02 thg 5,22:30,2h 0m,"TP HCM (SGN)
Sân bay Tân Sơn Nhất","Hải Phòng (HPH)
Sân bay quốc tế Cát Bi",Hành lý 1 x 23 kg,Hành lý xách tay 1 x 12 kg,20-04-2025
Vietnam Airlines,2.915.082 VND/khách,13:20,02 thg 5,02 thg 5,15:25,2h 5m,"TP HCM (SGN)
Sân bay Tân Sơn Nhất","Hải Phòng (HPH)
Sân bay quốc tế Cát Bi",Hành lý 1 x 23 kg,Hành lý xách tay 1 x 12 kg,20-04-2025
VietJet Air,3.118.185 VND/khách,21:10,02 thg 5,02 thg 5,23:05,1h 55m,"TP HCM (SGN)
Sân bay Tân Sơn Nhất
Nhà ga 1","Hải Phòng (HPH)
Sân bay quốc tế Cát Bi",Hành lý 0 kg,Hành lý xách tay 7 kg,20-04-2025
VietJet Air,3.752.595 VND/khách,19:15,02 thg 5,02 thg 5,21:15,2h 0m,"TP HCM (SGN)
Sân bay Tân Sơn Nhất
Nhà ga 1","Hải Phòng (HPH)
Sân bay quốc tế Cát Bi",Hành lý 0 kg,Hành lý xách tay 7 kg,20-04-2025
VietJet Air,2.031.908 VND/khách,04:30,02 thg 5,02 thg 5,06:30,2h 0m,"TP HCM (SGN)
Sân bay Tân Sơn Nhất
Nhà ga 1","Hải Phòng (HPH)
Sân bay quốc tế Cát Bi",Hành lý 0 kg,Hành lý xách tay 7 kg,21-04-2025
VietJet Air,2.202.480 VND/khách,06:15,02 thg 5,02 thg 5,08:15,2h 0m,"TP HCM (SGN)
Sân bay Tân Sơn Nhất
Nhà ga 1","Hải Phòng (HPH)
Sân bay quốc tế Cát Bi",Hành lý 0 kg,Hành lý xách tay 7 kg,21-04-2025
VietJet Air,2.785.020 VND/khách,16:10,02 thg 5,02 thg 5,18:10,2h 0m,"TP HCM (SGN)
Sân bay Tân Sơn Nhất
Nhà ga 1","Hải Phòng (HPH)
Sân bay quốc tế Cát Bi",Hành lý 0 kg,Hành lý xách tay 7 kg,21-04-2025
VietJet Air,2.802.975 VND/khách,11:35,02 thg 5,02 thg 5,13:35,2h 0m,"TP HCM (SGN)
Sân bay Tân Sơn Nhất
Nhà ga 1","Hải Phòng (HPH)
Sân bay quốc tế Cát Bi",Hành lý 0 kg,Hành lý xách tay 7 kg,21-04-2025
Vietnam Airlines,2.915.082 VND/khách,07:45,02 thg 5,02 thg 5,09:45,2h 0m,"TP HCM (SGN)
Sân bay Tân Sơn Nhất","Hải Phòng (HPH)
Sân bay quốc tế Cát Bi",Hành lý 1 x 23 kg,Hành lý xách tay 1 x 12 kg,21-04-2025
Vietnam Airlines,2.915.082 VND/khách,20:30,02 thg 5,02 thg 5,22:30,2h 0m,"TP HCM (SGN)
Sân bay Tân Sơn Nhất","Hải Phòng (HPH)
Sân bay quốc tế Cát Bi",Hành lý 1 x 23 kg,Hành lý xách tay 1 x 12 kg,21-04-2025
Vietnam Airlines,3.117.559 VND/khách,17:55,02 thg 5,02 thg 5,19:55,2h 0m,"TP HCM (SGN)
Sân bay Tân Sơn Nhất","Hải Phòng (HPH)
Sân bay quốc tế Cát Bi",Hành lý 1 x 23 kg,Hành lý xách tay 1 x 12 kg,21-04-2025
VietJet Air,3.118.185 VND/khách,21:10,02 thg 5,02 thg 5,23:05,1h 55m,"TP HCM (SGN)
Sân bay Tân Sơn Nhất
Nhà ga 1","Hải Phòng (HPH)
Sân bay quốc tế Cát Bi",Hành lý 0 kg,Hành lý xách tay 7 kg,21-04-2025
Vietnam Airlines,3.374.000 VND/khách,13:20,02 thg 5,02 thg 5,15:25,2h 5m,"TP HCM (SGN)
Sân bay Tân Sơn Nhất","Hải Phòng (HPH)
Sân bay quốc tế Cát Bi",Hành lý 1 x 23 kg,Hành lý xách tay 1 x 12 kg,21-04-2025
VietJet Air,3.752.595 VND/khách,19:15,02 thg 5,02 thg 5,21:15,2h 0m,"TP HCM (SGN)
Sân bay Tân Sơn Nhất
Nhà ga 1","Hải Phòng (HPH)
Sân bay quốc tế Cát Bi",Hành lý 0 kg,Hành lý xách tay 7 kg,21-04-2025
VietJet Air,2.038.890 VND/khách,04:30,02 thg 5,02 thg 5,06:30,2h 0m,"TP HCM (SGN)
Sân bay Tân Sơn Nhất
Nhà ga 1","Hải Phòng (HPH)
Sân bay quốc tế Cát Bi",Hành lý 0 kg,Hành lý xách tay 7 kg,22-04-2025
VietJet Air,2.384.025 VND/khách,06:15,02 thg 5,02 thg 5,08:15,2h 0m,"TP HCM (SGN)
Sân bay Tân Sơn Nhất
Nhà ga 1","Hải Phòng (HPH)
Sân bay quốc tế Cát Bi",Hành lý 0 kg,Hành lý xách tay 7 kg,22-04-2025
VietJet Air,2.988.510 VND/khách,11:35,02 thg 5,02 thg 5,13:35,2h 0m,"TP HCM (SGN)
Sân bay Tân Sơn Nhất
Nhà ga 1","Hải Phòng (HPH)
Sân bay quốc tế Cát Bi",Hành lý 0 kg,Hành lý xách tay 7 kg,22-04-2025
VietJet Air,2.988.510 VND/khách,16:10,02 thg 5,02 thg 5,18:10,2h 0m,"TP HCM (SGN)
Sân bay Tân Sơn Nhất
Nhà ga 1","Hải Phòng (HPH)
Sân bay quốc tế Cát Bi",Hành lý 0 kg,Hành lý xách tay 7 kg,22-04-2025
Vietnam Airlines,2.999.473 VND/khách,20:30,02 thg 5,02 thg 5,22:30,2h 0m,"TP HCM (SGN)
Sân bay Tân Sơn Nhất","Hải Phòng (HPH)
Sân bay quốc tế Cát Bi",Hành lý 23 kg,Hành lý xách tay 1 x 12 kg,22-04-2025
VietJet Air,3.130.155 VND/khách,21:10,02 thg 5,02 thg 5,23:05,1h 55m,"TP HCM (SGN)
Sân bay Tân Sơn Nhất
Nhà ga 1","Hải Phòng (HPH)
Sân bay quốc tế Cát Bi",Hành lý 0 kg,Hành lý xách tay 7 kg,22-04-2025
Vietnam Airlines,3.374.000 VND/khách,07:45,02 thg 5,02 thg 5,09:45,2h 0m,"TP HCM (SGN)
Sân bay Tân Sơn Nhất","Hải Phòng (HPH)
Sân bay quốc tế Cát Bi",Hành lý 23 kg,Hành lý xách tay 1 x 12 kg,22-04-2025
Vietnam Airlines,3.374.000 VND/khách,13:20,02 thg 5,02 thg 5,15:25,2h 5m,"TP HCM (SGN)
Sân bay Tân Sơn Nhất
Nhà ga 1","Hải Phòng (HPH)
Sân bay quốc tế Cát Bi",Hành lý 23 kg,Hành lý xách tay 1 x 12 kg,22-04-2025
VietJet Air,3.764.565 VND/khách,20:10,02 thg 5,02 thg 5,22:10,2h 0m,"TP HCM (SGN)
Sân bay Tân Sơn Nhất
Nhà ga 1","Hải Phòng (HPH)
Sân bay quốc tế Cát Bi",Hành lý 0 kg,Hành lý xách tay 7 kg,22-04-2025
Vietnam Airlines,3.857.875 VND/khách,17:55,02 thg 5,02 thg 5,19:55,2h 0m,"TP HCM (SGN)
Sân bay Tân Sơn Nhất","Hải Phòng (HPH)
Sân bay quốc tế Cát Bi",Hành lý 23 kg,Hành lý xách tay 1 x 12 kg,22-04-2025
VietJet Air,2.212.455 VND/khách,04:30,02 thg 5,02 thg 5,06:30,2h 0m,"TP HCM (SGN)
Sân bay Tân Sơn Nhất
Nhà ga 1","Hải Phòng (HPH)
Sân bay quốc tế Cát Bi",Hành lý 0 kg,Hành lý xách tay 7 kg,23-04-2025
VietJet Air,2.387.018 VND/khách,06:15,02 thg 5,02 thg 5,08:15,2h 0m,"TP HCM (SGN)
Sân bay Tân Sơn Nhất
Nhà ga 1","Hải Phòng (HPH)
Sân bay quốc tế Cát Bi",Hành lý 0 kg,Hành lý xách tay 7 kg,23-04-2025
VietJet Air,2.988.510 VND/khách,11:35,02 thg 5,02 thg 5,13:35,2h 0m,"TP HCM (SGN)
Sân bay Tân Sơn Nhất
Nhà ga 1","Hải Phòng (HPH)
Sân bay quốc tế Cát Bi",Hành lý 0 kg,Hành lý xách tay 7 kg,23-04-2025
VietJet Air,2.988.510 VND/khách,16:10,02 thg 5,02 thg 5,18:10,2h 0m,"TP HCM (SGN)
Sân bay Tân Sơn Nhất
Nhà ga 1","Hải Phòng (HPH)
Sân bay quốc tế Cát Bi",Hành lý 0 kg,Hành lý xách tay 7 kg,23-04-2025
VietJet Air,3.130.155 VND/khách,21:10,02 thg 5,02 thg 5,23:05,1h 55m,"TP HCM (SGN)
Sân bay Tân Sơn Nhất
Nhà ga 1","Hải Phòng (HPH)
Sân bay quốc tế Cát Bi",Hành lý 0 kg,Hành lý xách tay 7 kg,23-04-2025
Vietnam Airlines,3.410.586 VND/khách,07:45,02 thg 5,02 thg 5,09:45,2h 0m,"TP HCM (SGN)
Sân bay Tân Sơn Nhất","Hải Phòng (HPH)
Sân bay quốc tế Cát Bi",Hành lý 23 kg,Hành lý xách tay 1 x 12 kg,23-04-2025
Vietnam Airlines,3.410.586 VND/khách,20:30,02 thg 5,02 thg 5,22:30,2h 0m,"TP HCM (SGN)
Sân bay Tân Sơn Nhất","Hải Phòng (HPH)
Sân bay quốc tế Cát Bi",Hành lý 23 kg,Hành lý xách tay 1 x 12 kg,23-04-2025
Vietnam Airlines,3.439.557 VND/khách,13:20,02 thg 5,02 thg 5,15:25,2h 5m,"TP HCM (SGN)
Sân bay Tân Sơn Nhất
Nhà ga 1","Hải Phòng (HPH)
Sân bay quốc tế Cát Bi",Hành lý 23 kg,Hành lý xách tay 1 x 12 kg,23-04-2025
VietJet Air,3.765.563 VND/khách,20:10,02 thg 5,02 thg 5,22:10,2h 0m,"TP HCM (SGN)
Sân bay Tân Sơn Nhất
Nhà ga 1","Hải Phòng (HPH)
Sân bay quốc tế Cát Bi",Hành lý 0 kg,Hành lý xách tay 7 kg,23-04-2025
Vietnam Airlines,3.912.084 VND/khách,17:55,02 thg 5,02 thg 5,19:55,2h 0m,"TP HCM (SGN)
Sân bay Tân Sơn Nhất","Hải Phòng (HPH)
Sân bay quốc tế Cát Bi",Hành lý 23 kg,Hành lý xách tay 1 x 12 kg,23-04-2025
VietJet Air,2.224.425 VND/khách,04:30,02 thg 5,02 thg 5,06:30,2h 0m,"TP HCM (SGN)
Sân bay Tân Sơn Nhất
Nhà ga 1","Hải Phòng (HPH)
Sân bay quốc tế Cát Bi",,,24-04-2025
VietJet Air,2.634.269 VND/khách,06:15,02 thg 5,02 thg 5,08:15,2h 0m,"TP HCM (SGN)
Sân bay Tân Sơn Nhất
Nhà ga 1","Hải Phòng (HPH)
Sân bay quốc tế Cát Bi",,,24-04-2025
VietJet Air,3.042.375 VND/khách,11:35,02 thg 5,02 thg 5,13:35,2h 0m,"TP HCM (SGN)
Sân bay Tân Sơn Nhất
Nhà ga 1","Hải Phòng (HPH)
Sân bay quốc tế Cát Bi",,,24-04-2025
VietJet Air,3.042.375 VND/khách,16:10,02 thg 5,02 thg 5,18:10,2h 0m,"TP HCM (SGN)
Sân bay Tân Sơn Nhất
Nhà ga 1","Hải Phòng (HPH)
Sân bay quốc tế Cát Bi",,,24-04-2025
VietJet Air,3.152.100 VND/khách,21:10,02 thg 5,02 thg 5,23:05,1h 55m,"TP HCM (SGN)
Sân bay Tân Sơn Nhất
Nhà ga 1","Hải Phòng (HPH)
Sân bay quốc tế Cát Bi",,,24-04-2025
Vietnam Airlines,3.410.586 VND/khách,13:20,02 thg 5,02 thg 5,15:25,2h 5m,"TP HCM (SGN)
Sân bay Tân Sơn Nhất
Nhà ga 1","Hải Phòng (HPH)
Sân bay quốc tế Cát Bi",,,24-04-2025
Vietnam Airlines,3.706.290 VND/khách,07:45,02 thg 5,02 thg 5,09:45,2h 0m,"TP HCM (SGN)
Sân bay Tân Sơn Nhất
Nhà ga T3","Hải Phòng (HPH)
Sân bay quốc tế Cát Bi",,,24-04-2025
VietJet Air,3.789.503 VND/khách,20:10,02 thg 5,02 thg 5,22:10,2h 0m,"TP HCM (SGN)
Sân bay Tân Sơn Nhất
Nhà ga 1","Hải Phòng (HPH)
Sân bay quốc tế Cát Bi",,,24-04-2025
Vietnam Airlines,3.907.089 VND/khách,20:30,02 thg 5,02 thg 5,22:30,2h 0m,"TP HCM (SGN)
Sân bay Tân Sơn Nhất
Nhà ga T3","Hải Phòng (HPH)
Sân bay quốc tế Cát Bi",,,24-04-2025
Vietnam Airlines,3.915.081 VND/khách,17:55,02 thg 5,02 thg 5,19:55,2h 0m,"TP HCM (SGN)
Sân bay Tân Sơn Nhất
Nhà ga T3","Hải Phòng (HPH)
Sân bay quốc tế Cát Bi",,,24-04-2025
VietJet Air,2.035.898 VND/khách,04:30,02 thg 5,02 thg 5,06:30,2h 0m,"TP HCM (SGN)
Sân bay Tân Sơn Nhất
Nhà ga 1","Hải Phòng (HPH)
Sân bay quốc tế Cát Bi",Hành lý 0 kg,Hành lý xách tay 7 kg,25-04-2025
VietJet Air,2.583.525 VND/khách,06:15,02 thg 5,02 thg 5,08:15,2h 0m,"TP HCM (SGN)
Sân bay Tân Sơn Nhất
Nhà ga 1","Hải Phòng (HPH)
Sân bay quốc tế Cát Bi",Hành lý 0 kg,Hành lý xách tay 7 kg,25-04-2025
VietJet Air,3.023.423 VND/khách,16:10,02 thg 5,02 thg 5,18:10,2h 0m,"TP HCM (SGN)
Sân bay Tân Sơn Nhất
Nhà ga 1","Hải Phòng (HPH)
Sân bay quốc tế Cát Bi",Hành lý 0 kg,Hành lý xách tay 7 kg,25-04-2025
VietJet Air,3.135.143 VND/khách,21:10,02 thg 5,02 thg 5,23:05,1h 55m,"TP HCM (SGN)
Sân bay Tân Sơn Nhất
Nhà ga 1","Hải Phòng (HPH)
Sân bay quốc tế Cát Bi",Hành lý 0 kg,Hành lý xách tay 7 kg,25-04-2025
VietJet Air,3.135.143 VND/khách,11:35,02 thg 5,02 thg 5,13:35,2h 0m,"TP HCM (SGN)
Sân bay Tân Sơn Nhất
Nhà ga 1","Hải Phòng (HPH)
Sân bay quốc tế Cát Bi",Hành lý 0 kg,Hành lý xách tay 7 kg,25-04-2025
Vietnam Airlines,3.409.587 VND/khách,13:20,02 thg 5,02 thg 5,15:25,2h 5m,"TP HCM (SGN)
Sân bay Tân Sơn Nhất
Nhà ga 1","Hải Phòng (HPH)
Sân bay quốc tế Cát Bi",Hành lý 1 x 23 kg,Hành lý xách tay 1 x 12 kg,25-04-2025
Vietnam Airlines,3.708.288 VND/khách,07:45,02 thg 5,02 thg 5,09:45,2h 0m,"TP HCM (SGN)
Sân bay Tân Sơn Nhất
Nhà ga T3","Hải Phòng (HPH)
Sân bay quốc tế Cát Bi",Hành lý 1 x 23 kg,Hành lý xách tay 1 x 12 kg,25-04-2025
VietJet Air,3.769.553 VND/khách,20:10,02 thg 5,02 thg 5,22:10,2h 0m,"TP HCM (SGN)
Sân bay Tân Sơn Nhất
Nhà ga 1","Hải Phòng (HPH)
Sân bay quốc tế Cát Bi",Hành lý 0 kg,Hành lý xách tay 7 kg,25-04-2025
Vietnam Airlines,3.910.086 VND/khách,20:30,02 thg 5,02 thg 5,22:30,2h 0m,"TP HCM (SGN)
Sân bay Tân Sơn Nhất
Nhà ga T3","Hải Phòng (HPH)
Sân bay quốc tế Cát Bi",Hành lý 1 x 23 kg,Hành lý xách tay 1 x 12 kg,25-04-2025
Vietnam Airlines,4.017.553 VND/khách,17:55,02 thg 5,02 thg 5,19:55,2h 0m,"TP HCM (SGN)
Sân bay Tân Sơn Nhất
Nhà ga T3","Hải Phòng (HPH)
Sân bay quốc tế Cát Bi",Hành lý 1 x 23 kg,Hành lý xách tay 1 x 12 kg,25-04-2025
VietJet Air,2.196.495 VND/khách,04:30,02 thg 5,02 thg 5,06:30,2h 0m,"TP HCM (SGN)
Sân bay Tân Sơn Nhất
Nhà ga 1","Hải Phòng (HPH)
Sân bay quốc tế Cát Bi",Hành lý 0 kg,Hành lý xách tay 7 kg,26-04-2025
VietJet Air,2.569.560 VND/khách,06:15,02 thg 5,02 thg 5,08:15,2h 0m,"TP HCM (SGN)
Sân bay Tân Sơn Nhất
Nhà ga 1","Hải Phòng (HPH)
Sân bay quốc tế Cát Bi",Hành lý 0 kg,Hành lý xách tay 7 kg,26-04-2025
VietJet Air,3.110.217 VND/khách,21:10,02 thg 5,02 thg 5,23:05,1h 55m,"TP HCM (SGN)
Sân bay Tân Sơn Nhất
Nhà ga 1","Hải Phòng (HPH)
Sân bay quốc tế Cát Bi",Hành lý 0 kg,Hành lý xách tay 7 kg,26-04-2025
VietJet Air,3.110.217 VND/khách,16:10,02 thg 5,02 thg 5,18:10,2h 0m,"TP HCM (SGN)
Sân bay Tân Sơn Nhất
Nhà ga 1","Hải Phòng (HPH)
Sân bay quốc tế Cát Bi",Hành lý 0 kg,Hành lý xách tay 7 kg,26-04-2025
VietJet Air,3.118.185 VND/khách,11:35,02 thg 5,02 thg 5,13:35,2h 0m,"TP HCM (SGN)
Sân bay Tân Sơn Nhất
Nhà ga 1","Hải Phòng (HPH)
Sân bay quốc tế Cát Bi",Hành lý 0 kg,Hành lý xách tay 7 kg,26-04-2025
Vietnam Airlines,3.436.560 VND/khách,07:45,02 thg 5,02 thg 5,09:45,2h 0m,"TP HCM (SGN)
Sân bay Tân Sơn Nhất
Nhà ga T3","Hải Phòng (HPH)
Sân bay quốc tế Cát Bi",Hành lý 1 x 23 kg,Hành lý xách tay 1 x 12 kg,26-04-2025
Vietnam Airlines,3.675.321 VND/khách,20:30,02 thg 5,02 thg 5,22:30,2h 0m,"TP HCM (SGN)
Sân bay Tân Sơn Nhất
Nhà ga T3","Hải Phòng (HPH)
Sân bay quốc tế Cát Bi",Hành lý 1 x 23 kg,Hành lý xách tay 1 x 12 kg,26-04-2025
Vietnam Airlines,3.698.298 VND/khách,13:20,02 thg 5,02 thg 5,15:25,2h 5m,"TP HCM (SGN)
Sân bay Tân Sơn Nhất
Nhà ga 1","Hải Phòng (HPH)
Sân bay quốc tế Cát Bi",Hành lý 1 x 23 kg,Hành lý xách tay 1 x 12 kg,26-04-2025
VietJet Air,3.741.623 VND/khách,20:10,02 thg 5,02 thg 5,22:10,2h 0m,"TP HCM (SGN)
Sân bay Tân Sơn Nhất
Nhà ga 1","Hải Phòng (HPH)
Sân bay quốc tế Cát Bi",Hành lý 0 kg,Hành lý xách tay 7 kg,26-04-2025
Vietnam Airlines,3.915.081 VND/khách,17:55,02 thg 5,02 thg 5,19:55,2h 0m,"TP HCM (SGN)
Sân bay Tân Sơn Nhất
Nhà ga T3","Hải Phòng (HPH)
Sân bay quốc tế Cát Bi",Hành lý 1 x 23 kg,Hành lý xách tay 1 x 12 kg,26-04-2025
VietJet Air,2.358.090 VND/khách,04:30,02 thg 5,02 thg 5,06:30,2h 0m,"TP HCM (SGN)
Sân bay Tân Sơn Nhất
Nhà ga 1","Hải Phòng (HPH)
Sân bay quốc tế Cát Bi",Hành lý 0 kg,Hành lý xách tay 7 kg,27-04-2025
VietJet Air,2.785.020 VND/khách,06:15,02 thg 5,02 thg 5,08:15,2h 0m,"TP HCM (SGN)
Sân bay Tân Sơn Nhất
Nhà ga 1","Hải Phòng (HPH)
Sân bay quốc tế Cát Bi",Hành lý 0 kg,Hành lý xách tay 7 kg,27-04-2025
VietJet Air,3.211.398 VND/khách,21:10,02 thg 5,02 thg 5,23:05,1h 55m,"TP HCM (SGN)
Sân bay Tân Sơn Nhất
Nhà ga 1","Hải Phòng (HPH)
Sân bay quốc tế Cát Bi",Hành lý 0 kg,Hành lý xách tay 7 kg,27-04-2025
VietJet Air,3.211.398 VND/khách,16:10,02 thg 5,02 thg 5,18:10,2h 0m,"TP HCM (SGN)
Sân bay Tân Sơn Nhất
Nhà ga 1","Hải Phòng (HPH)
Sân bay quốc tế Cát Bi",Hành lý 0 kg,Hành lý xách tay 7 kg,27-04-2025
VietJet Air,3.765.442 VND/khách,11:35,02 thg 5,02 thg 5,13:35,2h 0m,"TP HCM (SGN)
Sân bay Tân Sơn Nhất
Nhà ga 1","Hải Phòng (HPH)
Sân bay quốc tế Cát Bi",Hành lý 0 kg,Hành lý xách tay 7 kg,27-04-2025
VietJet Air,3.855.898 VND/khách,20:10,02 thg 5,02 thg 5,22:10,2h 0m,"TP HCM (SGN)
Sân bay Tân Sơn Nhất
Nhà ga 1","Hải Phòng (HPH)
Sân bay quốc tế Cát Bi",Hành lý 0 kg,Hành lý xách tay 7 kg,27-04-2025
Vietnam Airlines,3.886.110 VND/khách,20:30,02 thg 5,02 thg 5,22:30,2h 0m,"TP HCM (SGN)
Sân bay Tân Sơn Nhất","Hải Phòng (HPH)
Sân bay quốc tế Cát Bi",Hành lý 1 x 23 kg,Hành lý xách tay 1 x 12 kg,27-04-2025
Vietnam Airlines,3.897.099 VND/khách,17:55,02 thg 5,02 thg 5,19:55,2h 0m,"TP HCM (SGN)
Sân bay Tân Sơn Nhất","Hải Phòng (HPH)
Sân bay quốc tế Cát Bi",Hành lý 1 x 23 kg,Hành lý xách tay 1 x 12 kg,27-04-2025
Vietnam Airlines,3.909.087 VND/khách,13:20,02 thg 5,02 thg 5,15:25,2h 5m,"TP HCM (SGN)
Sân bay Tân Sơn Nhất
Nhà ga 1","Hải Phòng (HPH)
Sân bay quốc tế Cát Bi",Hành lý 1 x 23 kg,Hành lý xách tay 1 x 12 kg,27-04-2025
Vietnam Airlines,3.912.084 VND/khách,07:45,02 thg 5,02 thg 5,09:45,2h 0m,"TP HCM (SGN)
Sân bay Tân Sơn Nhất","Hải Phòng (HPH)
Sân bay quốc tế Cát Bi",Hành lý 1 x 23 kg,Hành lý xách tay 1 x 12 kg,27-04-2025
VietJet Air,2.553.600 VND/khách,04:30,02 thg 5,02 thg 5,06:30,2h 0m,"TP HCM (SGN)
Sân bay Tân Sơn Nhất
Nhà ga 1","Hải Phòng (HPH)
Sân bay quốc tế Cát Bi",Hành lý 0 kg,Hành lý xách tay 7 kg,28-04-2025
VietJet Air,2.958.585 VND/khách,06:15,02 thg 5,02 thg 5,08:15,2h 0m,"TP HCM (SGN)
Sân bay Tân Sơn Nhất
Nhà ga 1","Hải Phòng (HPH)
Sân bay quốc tế Cát Bi",Hành lý 0 kg,Hành lý xách tay 7 kg,28-04-2025
VietJet Air,3.383.986 VND/khách,16:10,02 thg 5,02 thg 5,18:10,2h 0m,"TP HCM (SGN)
Sân bay Tân Sơn Nhất
Nhà ga 1","Hải Phòng (HPH)
Sân bay quốc tế Cát Bi",Hành lý 0 kg,Hành lý xách tay 7 kg,28-04-2025
VietJet Air,3.734.411 VND/khách,20:10,02 thg 5,02 thg 5,22:10,2h 0m,"TP HCM (SGN)
Sân bay Tân Sơn Nhất
Nhà ga 1","Hải Phòng (HPH)
Sân bay quốc tế Cát Bi",Hành lý 0 kg,Hành lý xách tay 7 kg,28-04-2025
VietJet Air,3.767.184 VND/khách,21:10,02 thg 5,02 thg 5,23:05,1h 55m,"TP HCM (SGN)
Sân bay Tân Sơn Nhất
Nhà ga 1","Hải Phòng (HPH)
Sân bay quốc tế Cát Bi",Hành lý 0 kg,Hành lý xách tay 7 kg,28-04-2025
VietJet Air,3.767.184 VND/khách,11:35,02 thg 5,02 thg 5,13:35,2h 0m,"TP HCM (SGN)
Sân bay Tân Sơn Nhất
Nhà ga 1","Hải Phòng (HPH)
Sân bay quốc tế Cát Bi",Hành lý 0 kg,Hành lý xách tay 7 kg,28-04-2025
Vietnam Airlines,4.017.553 VND/khách,07:45,02 thg 5,02 thg 5,09:45,2h 0m,"TP HCM (SGN)
Sân bay Tân Sơn Nhất","Hải Phòng (HPH)
Sân bay quốc tế Cát Bi",Hành lý 1 x 23 kg,Hành lý xách tay 1 x 12 kg,28-04-2025
Vietnam Airlines,4.017.553 VND/khách,13:20,02 thg 5,02 thg 5,15:25,2h 5m,"TP HCM (SGN)
Sân bay Tân Sơn Nhất
Nhà ga 1","Hải Phòng (HPH)
Sân bay quốc tế Cát Bi",Hành lý 1 x 23 kg,Hành lý xách tay 1 x 12 kg,28-04-2025
VietJet Air,2.799.983 VND/khách,04:30,02 thg 5,02 thg 5,06:30,2h 0m,"TP HCM (SGN)
Sân bay Tân Sơn Nhất
Nhà ga 1","Hải Phòng (HPH)
Sân bay quốc tế Cát Bi",Hành lý 0 kg,Hành lý xách tay 7 kg,29-04-2025
VietJet Air,3.055.239 VND/khách,06:15,02 thg 5,02 thg 5,08:15,2h 0m,"TP HCM (SGN)
Sân bay Tân Sơn Nhất
Nhà ga 1","Hải Phòng (HPH)
Sân bay quốc tế Cát Bi",Hành lý 0 kg,Hành lý xách tay 7 kg,29-04-2025
VietJet Air,3.768.079 VND/khách,21:10,02 thg 5,02 thg 5,23:05,1h 55m,"TP HCM (SGN)
Sân bay Tân Sơn Nhất
Nhà ga 1","Hải Phòng (HPH)
Sân bay quốc tế Cát Bi",Hành lý 0 kg,Hành lý xách tay 7 kg,29-04-2025
VietJet Air,3.768.079 VND/khách,16:10,02 thg 5,02 thg 5,18:10,2h 0m,"TP HCM (SGN)
Sân bay Tân Sơn Nhất
Nhà ga 1","Hải Phòng (HPH)
Sân bay quốc tế Cát Bi",Hành lý 0 kg,Hành lý xách tay 7 kg,29-04-2025
VietJet Air,3.824.653 VND/khách,11:35,02 thg 5,02 thg 5,13:35,2h 0m,"TP HCM (SGN)
Sân bay Tân Sơn Nhất
Nhà ga 1","Hải Phòng (HPH)
Sân bay quốc tế Cát Bi",Hành lý 0 kg,Hành lý xách tay 7 kg,29-04-2025
VietJet Air,3.858.597 VND/khách,20:10,02 thg 5,02 thg 5,22:10,2h 0m,"TP HCM (SGN)
Sân bay Tân Sơn Nhất
Nhà ga 1","Hải Phòng (HPH)
Sân bay quốc tế Cát Bi",Hành lý 0 kg,Hành lý xách tay 7 kg,29-04-2025
VietJet Air,3.054.462 VND/khách,04:30,02 thg 5,02 thg 5,06:30,2h 0m,"TP HCM (SGN)
Sân bay Tân Sơn Nhất
Nhà ga 1","Hải Phòng (HPH)
Sân bay quốc tế Cát Bi",Hành lý 0 kg,Hành lý xách tay 7 kg,30-04-2025
VietJet Air,3.212.831 VND/khách,06:15,02 thg 5,02 thg 5,08:15,2h 0m,"TP HCM (SGN)
Sân bay Tân Sơn Nhất
Nhà ga 1","Hải Phòng (HPH)
Sân bay quốc tế Cát Bi",Hành lý 0 kg,Hành lý xách tay 7 kg,30-04-2025
VietJet Air,3.767.121 VND/khách,21:10,02 thg 5,02 thg 5,23:05,1h 55m,"TP HCM (SGN)
Sân bay Tân Sơn Nhất
Nhà ga 1","Hải Phòng (HPH)
Sân bay quốc tế Cát Bi",Hành lý 0 kg,Hành lý xách tay 7 kg,30-04-2025
VietJet Air,3.823.681 VND/khách,11:35,02 thg 5,02 thg 5,13:35,2h 0m,"TP HCM (SGN)
Sân bay Tân Sơn Nhất
Nhà ga 1","Hải Phòng (HPH)
Sân bay quốc tế Cát Bi",Hành lý 0 kg,Hành lý xách tay 7 kg,30-04-2025
VietJet Air,3.823.681 VND/khách,16:10,02 thg 5,02 thg 5,18:10,2h 0m,"TP HCM (SGN)
Sân bay Tân Sơn Nhất
Nhà ga 1","Hải Phòng (HPH)
Sân bay quốc tế Cát Bi",Hành lý 0 kg,Hành lý xách tay 7 kg,30-04-2025
VietJet Air,3.823.681 VND/khách,19:35,02 thg 5,02 thg 5,21:35,2h 0m,"TP HCM (SGN)
Sân bay Tân Sơn Nhất
Nhà ga 1","Hải Phòng (HPH)
Sân bay quốc tế Cát Bi",Hành lý 0 kg,Hành lý xách tay 7 kg,30-04-2025
VietJet Air,3.857.618 VND/khách,20:10,02 thg 5,02 thg 5,22:10,2h 0m,"TP HCM (SGN)
Sân bay Tân Sơn Nhất
Nhà ga 1","Hải Phòng (HPH)
Sân bay quốc tế Cát Bi",Hành lý 0 kg,Hành lý xách tay 7 kg,30-04-2025
Vietnam Airlines,4.017.553 VND/khách,13:20,02 thg 5,02 thg 5,15:25,2h 5m,"TP HCM (SGN)
Sân bay Tân Sơn Nhất
Nhà ga 1","Hải Phòng (HPH)
Sân bay quốc tế Cát Bi",Hành lý 1 x 23 kg,Hành lý xách tay 1 x 12 kg,30-04-2025
Bamboo Airways,3.458.396 VND/khách,20:05,03 thg 5,03 thg 5,22:10,2h 5m,"TP HCM (SGN)
Sân bay Tân Sơn Nhất","Hải Phòng (HPH)
Sân bay quốc tế Cát Bi",Hành lý 20 kg,Hành lý xách tay 7 kg,01-05-2025
VietJet Air,3.054.299 VND/khách,04:30,03 thg 5,03 thg 5,06:30,2h 0m,"TP HCM (SGN)
Sân bay Tân Sơn Nhất
Nhà ga 1","Hải Phòng (HPH)
Sân bay quốc tế Cát Bi",Hành lý 0 kg,Hành lý xách tay 7 kg,01-05-2025
VietJet Air,3.212.660 VND/khách,06:15,03 thg 5,03 thg 5,08:15,2h 0m,"TP HCM (SGN)
Sân bay Tân Sơn Nhất
Nhà ga 1","Hải Phòng (HPH)
Sân bay quốc tế Cát Bi",Hành lý 0 kg,Hành lý xách tay 7 kg,01-05-2025
VietJet Air,3.495.446 VND/khách,21:10,03 thg 5,03 thg 5,23:05,1h 55m,"TP HCM (SGN)
Sân bay Tân Sơn Nhất
Nhà ga 1","Hải Phòng (HPH)
Sân bay quốc tế Cát Bi",Hành lý 0 kg,Hành lý xách tay 7 kg,01-05-2025
VietJet Air,3.495.446 VND/khách,20:10,03 thg 5,03 thg 5,22:10,2h 0m,"TP HCM (SGN)
Sân bay Tân Sơn Nhất
Nhà ga 1","Hải Phòng (HPH)
Sân bay quốc tế Cát Bi",Hành lý 0 kg,Hành lý xách tay 7 kg,01-05-2025
VietJet Air,3.766.921 VND/khách,09:15,03 thg 5,03 thg 5,11:15,2h 0m,"TP HCM (SGN)
Sân bay Tân Sơn Nhất
Nhà ga 1","Hải Phòng (HPH)
Sân bay quốc tế Cát Bi",Hành lý 0 kg,Hành lý xách tay 7 kg,01-05-2025
VietJet Air,3.766.921 VND/khách,14:05,03 thg 5,03 thg 5,16:05,2h 0m,"TP HCM (SGN)
Sân bay Tân Sơn Nhất
Nhà ga 1","Hải Phòng (HPH)
Sân bay quốc tế Cát Bi",Hành lý 0 kg,Hành lý xách tay 7 kg,01-05-2025
VietJet Air,3.766.921 VND/khách,19:35,03 thg 5,03 thg 5,21:35,2h 0m,"TP HCM (SGN)
Sân bay Tân Sơn Nhất
Nhà ga 1","Hải Phòng (HPH)
Sân bay quốc tế Cát Bi",Hành lý 0 kg,Hành lý xách tay 7 kg,01-05-2025
Bamboo Airways,3.807.193 VND/khách,20:05,03 thg 5,03 thg 5,22:10,2h 5m,"TP HCM (SGN)
Sân bay Tân Sơn Nhất","Hải Phòng (HPH)
Sân bay quốc tế Cát Bi",Hành lý 20 kg,Hành lý xách tay 7 kg,02-05-2025
VietJet Air,3.388.508 VND/khách,21:10,03 thg 5,03 thg 5,23:05,1h 55m,"TP HCM (SGN)
Sân bay Tân Sơn Nhất
Nhà ga 1","Hải Phòng (HPH)
Sân bay quốc tế Cát Bi",Hành lý 0 kg,Hành lý xách tay 7 kg,02-05-2025
VietJet Air,3.388.508 VND/khách,20:10,03 thg 5,03 thg 5,22:10,2h 0m,"TP HCM (SGN)
Sân bay Tân Sơn Nhất
Nhà ga 1","Hải Phòng (HPH)
Sân bay quốc tế Cát Bi",Hành lý 0 kg,Hành lý xách tay 7 kg,02-05-2025
VietJet Air,3.466.313 VND/khách,06:15,03 thg 5,03 thg 5,08:15,2h 0m,"TP HCM (SGN)
Sân bay Tân Sơn Nhất
Nhà ga 1","Hải Phòng (HPH)
Sân bay quốc tế Cát Bi",Hành lý 0 kg,Hành lý xách tay 7 kg,02-05-2025
VietJet Air,3.496.930 VND/khách,04:30,03 thg 5,03 thg 5,06:30,2h 0m,"TP HCM (SGN)
Sân bay Tân Sơn Nhất
Nhà ga 1","Hải Phòng (HPH)
Sân bay quốc tế Cát Bi",Hành lý 0 kg,Hành lý xách tay 7 kg,02-05-2025
VietJet Air,3.649.853 VND/khách,19:35,03 thg 5,03 thg 5,21:35,2h 0m,"TP HCM (SGN)
Sân bay Tân Sơn Nhất
Nhà ga 1","Hải Phòng (HPH)
Sân bay quốc tế Cát Bi",Hành lý 0 kg,Hành lý xách tay 7 kg,02-05-2025
VietJet Air,3.705.713 VND/khách,14:05,03 thg 5,03 thg 5,16:05,2h 0m,"TP HCM (SGN)
Sân bay Tân Sơn Nhất
Nhà ga 1","Hải Phòng (HPH)
Sân bay quốc tế Cát Bi",Hành lý 0 kg,Hành lý xách tay 7 kg,02-05-2025
VietJet Air,3.705.713 VND/khách,16:10,03 thg 5,03 thg 5,18:10,2h 0m,"TP HCM (SGN)
Sân bay Tân Sơn Nhất
Nhà ga 1","Hải Phòng (HPH)
Sân bay quốc tế Cát Bi",Hành lý 0 kg,Hành lý xách tay 7 kg,02-05-2025
VietJet Air,3.786.510 VND/khách,09:15,03 thg 5,03 thg 5,11:15,2h 0m,"TP HCM (SGN)
Sân bay Tân Sơn Nhất
Nhà ga 1","Hải Phòng (HPH)
Sân bay quốc tế Cát Bi",Hành lý 0 kg,Hành lý xách tay 7 kg,02-05-2025
VietJet Air,1.862.333 VND/khách,04:30,03 thg 5,03 thg 5,06:30,2h 0m,"TP HCM (SGN)
Sân bay Tân Sơn Nhất
Nhà ga 1","Hải Phòng (HPH)
Sân bay quốc tế Cát Bi",Hành lý 0 kg,Hành lý xách tay 7 kg,18-04-2025
VietJet Air,2.036.895 VND/khách,19:15,03 thg 5,03 thg 5,21:15,2h 0m,"TP HCM (SGN)
Sân bay Tân Sơn Nhất
Nhà ga 1","Hải Phòng (HPH)
Sân bay quốc tế Cát Bi",Hành lý 0 kg,Hành lý xách tay 7 kg,18-04-2025
VietJet Air,2.036.895 VND/khách,20:10,03 thg 5,03 thg 5,22:10,2h 0m,"TP HCM (SGN)
Sân bay Tân Sơn Nhất
Nhà ga 1","Hải Phòng (HPH)
Sân bay quốc tế Cát Bi",Hành lý 0 kg,Hành lý xách tay 7 kg,18-04-2025
VietJet Air,2.368.065 VND/khách,06:15,03 thg 5,03 thg 5,08:15,2h 0m,"TP HCM (SGN)
Sân bay Tân Sơn Nhất
Nhà ga 1","Hải Phòng (HPH)
Sân bay quốc tế Cát Bi",Hành lý 0 kg,Hành lý xách tay 7 kg,18-04-2025
VietJet Air,2.805.968 VND/khách,09:15,03 thg 5,03 thg 5,11:15,2h 0m,"TP HCM (SGN)
Sân bay Tân Sơn Nhất
Nhà ga 1","Hải Phòng (HPH)
Sân bay quốc tế Cát Bi",Hành lý 0 kg,Hành lý xách tay 7 kg,18-04-2025
VietJet Air,2.980.530 VND/khách,21:10,03 thg 5,03 thg 5,23:05,1h 55m,"TP HCM (SGN)
Sân bay Tân Sơn Nhất
Nhà ga 1","Hải Phòng (HPH)
Sân bay quốc tế Cát Bi",Hành lý 0 kg,Hành lý xách tay 7 kg,18-04-2025
VietJet Air,2.980.530 VND/khách,14:05,03 thg 5,03 thg 5,16:05,2h 0m,"TP HCM (SGN)
Sân bay Tân Sơn Nhất
Nhà ga 1","Hải Phòng (HPH)
Sân bay quốc tế Cát Bi",Hành lý 0 kg,Hành lý xách tay 7 kg,18-04-2025
Bamboo Airways,3.088.325 VND/khách,20:05,03 thg 5,03 thg 5,22:10,2h 5m,"TP HCM (SGN)
Sân bay Tân Sơn Nhất","Hải Phòng (HPH)
Sân bay quốc tế Cát Bi",Hành lý 20 kg,Hành lý xách tay 7 kg,18-04-2025
Vietnam Airlines,3.406.590 VND/khách,13:20,03 thg 5,03 thg 5,15:25,2h 5m,"TP HCM (SGN)
Sân bay Tân Sơn Nhất
Nhà ga 1","Hải Phòng (HPH)
Sân bay quốc tế Cát Bi",Hành lý 1 x 23 kg,Hành lý xách tay 1 x 12 kg,18-04-2025
VietJet Air,3.412.448 VND/khách,16:10,03 thg 5,03 thg 5,18:10,2h 0m,"TP HCM (SGN)
Sân bay Tân Sơn Nhất
Nhà ga 1","Hải Phòng (HPH)
Sân bay quốc tế Cát Bi",Hành lý 0 kg,Hành lý xách tay 7 kg,18-04-2025
Vietnam Airlines,3.417.579 VND/khách,07:45,03 thg 5,03 thg 5,09:45,2h 0m,"TP HCM (SGN)
Sân bay Tân Sơn Nhất
Nhà ga 1","Hải Phòng (HPH)
Sân bay quốc tế Cát Bi",Hành lý 1 x 23 kg,Hành lý xách tay 1 x 12 kg,18-04-2025
VietJet Air,1.866.323 VND/khách,04:30,03 thg 5,03 thg 5,06:30,2h 0m,"TP HCM (SGN)
Sân bay Tân Sơn Nhất
Nhà ga 1","Hải Phòng (HPH)
Sân bay quốc tế Cát Bi",,,19-04-2025
VietJet Air,2.207.468 VND/khách,19:15,03 thg 5,03 thg 5,21:15,2h 0m,"TP HCM (SGN)
Sân bay Tân Sơn Nhất
Nhà ga 1","Hải Phòng (HPH)
Sân bay quốc tế Cát Bi",,,19-04-2025
VietJet Air,2.207.468 VND/khách,20:10,03 thg 5,03 thg 5,22:10,2h 0m,"TP HCM (SGN)
Sân bay Tân Sơn Nhất
Nhà ga 1","Hải Phòng (HPH)
Sân bay quốc tế Cát Bi",,,19-04-2025
VietJet Air,2.382.030 VND/khách,06:15,03 thg 5,03 thg 5,08:15,2h 0m,"TP HCM (SGN)
Sân bay Tân Sơn Nhất
Nhà ga 1","Hải Phòng (HPH)
Sân bay quốc tế Cát Bi",,,19-04-2025
VietJet Air,2.811.953 VND/khách,09:15,03 thg 5,03 thg 5,11:15,2h 0m,"TP HCM (SGN)
Sân bay Tân Sơn Nhất
Nhà ga 1","Hải Phòng (HPH)
Sân bay quốc tế Cát Bi",,,19-04-2025
VietJet Air,2.982.525 VND/khách,21:10,03 thg 5,03 thg 5,23:05,1h 55m,"TP HCM (SGN)
Sân bay Tân Sơn Nhất
Nhà ga 1","Hải Phòng (HPH)
Sân bay quốc tế Cát Bi",,,19-04-2025
VietJet Air,2.997.488 VND/khách,14:05,03 thg 5,03 thg 5,16:05,2h 0m,"TP HCM (SGN)
Sân bay Tân Sơn Nhất
Nhà ga 1","Hải Phòng (HPH)
Sân bay quốc tế Cát Bi",,,19-04-2025
Bamboo Airways,3.072.883 VND/khách,20:05,03 thg 5,03 thg 5,22:10,2h 5m,"TP HCM (SGN)
Sân bay Tân Sơn Nhất","Hải Phòng (HPH)
Sân bay quốc tế Cát Bi",,,19-04-2025
Vietnam Airlines,3.410.586 VND/khách,07:45,03 thg 5,03 thg 5,09:45,2h 0m,"TP HCM (SGN)
Sân bay Tân Sơn Nhất
Nhà ga 3","Hải Phòng (HPH)
Sân bay quốc tế Cát Bi",,,19-04-2025
VietJet Air,3.412.448 VND/khách,16:10,03 thg 5,03 thg 5,18:10,2h 0m,"TP HCM (SGN)
Sân bay Tân Sơn Nhất
Nhà ga 1","Hải Phòng (HPH)
Sân bay quốc tế Cát Bi",,,19-04-2025
Vietnam Airlines,3.690.306 VND/khách,13:20,03 thg 5,03 thg 5,15:25,2h 5m,"TP HCM (SGN)
Sân bay Tân Sơn Nhất
Nhà ga 3","Hải Phòng (HPH)
Sân bay quốc tế Cát Bi",,,19-04-2025
VietJet Air,2.031.908 VND/khách,04:30,03 thg 5,03 thg 5,06:30,2h 0m,"TP HCM (SGN)
Sân bay Tân Sơn Nhất
Nhà ga 1","Hải Phòng (HPH)
Sân bay quốc tế Cát Bi",Hành lý 0 kg,Hành lý xách tay 7 kg,20-04-2025
VietJet Air,2.217.443 VND/khách,20:10,03 thg 5,03 thg 5,22:10,2h 0m,"TP HCM (SGN)
Sân bay Tân Sơn Nhất
Nhà ga 1","Hải Phòng (HPH)
Sân bay quốc tế Cát Bi",Hành lý 0 kg,Hành lý xách tay 7 kg,20-04-2025
VietJet Air,2.373.053 VND/khách,06:15,03 thg 5,03 thg 5,08:15,2h 0m,"TP HCM (SGN)
Sân bay Tân Sơn Nhất
Nhà ga 1","Hải Phòng (HPH)
Sân bay quốc tế Cát Bi",Hành lý 0 kg,Hành lý xách tay 7 kg,20-04-2025
VietJet Air,2.373.053 VND/khách,19:15,03 thg 5,03 thg 5,21:15,2h 0m,"TP HCM (SGN)
Sân bay Tân Sơn Nhất
Nhà ga 1","Hải Phòng (HPH)
Sân bay quốc tế Cát Bi",Hành lý 0 kg,Hành lý xách tay 7 kg,20-04-2025
VietJet Air,2.802.975 VND/khách,09:15,03 thg 5,03 thg 5,11:15,2h 0m,"TP HCM (SGN)
Sân bay Tân Sơn Nhất
Nhà ga 1","Hải Phòng (HPH)
Sân bay quốc tế Cát Bi",Hành lý 0 kg,Hành lý xách tay 7 kg,20-04-2025
VietJet Air,2.977.538 VND/khách,21:10,03 thg 5,03 thg 5,23:05,1h 55m,"TP HCM (SGN)
Sân bay Tân Sơn Nhất
Nhà ga 1","Hải Phòng (HPH)
Sân bay quốc tế Cát Bi",Hành lý 0 kg,Hành lý xách tay 7 kg,20-04-2025
Bamboo Airways,3.072.883 VND/khách,20:05,03 thg 5,03 thg 5,22:10,2h 5m,"TP HCM (SGN)
Sân bay Tân Sơn Nhất","Hải Phòng (HPH)
Sân bay quốc tế Cát Bi",Hành lý 20 kg,Hành lý xách tay 7 kg,20-04-2025
VietJet Air,3.118.185 VND/khách,14:05,03 thg 5,03 thg 5,16:05,2h 0m,"TP HCM (SGN)
Sân bay Tân Sơn Nhất
Nhà ga 1","Hải Phòng (HPH)
Sân bay quốc tế Cát Bi",Hành lý 0 kg,Hành lý xách tay 7 kg,20-04-2025
VietJet Air,3.408.458 VND/khách,16:10,03 thg 5,03 thg 5,18:10,2h 0m,"TP HCM (SGN)
Sân bay Tân Sơn Nhất
Nhà ga 1","Hải Phòng (HPH)
Sân bay quốc tế Cát Bi",Hành lý 0 kg,Hành lý xách tay 7 kg,20-04-2025
Vietnam Airlines,3.439.557 VND/khách,07:45,03 thg 5,03 thg 5,09:45,2h 0m,"TP HCM (SGN)
Sân bay Tân Sơn Nhất","Hải Phòng (HPH)
Sân bay quốc tế Cát Bi",Hành lý 1 x 23 kg,Hành lý xách tay 1 x 12 kg,20-04-2025
Vietnam Airlines,3.684.312 VND/khách,13:20,03 thg 5,03 thg 5,15:25,2h 5m,"TP HCM (SGN)
Sân bay Tân Sơn Nhất","Hải Phòng (HPH)
Sân bay quốc tế Cát Bi",Hành lý 1 x 23 kg,Hành lý xách tay 1 x 12 kg,20-04-2025
VietJet Air,2.031.908 VND/khách,04:30,03 thg 5,03 thg 5,06:30,2h 0m,"TP HCM (SGN)
Sân bay Tân Sơn Nhất
Nhà ga 1","Hải Phòng (HPH)
Sân bay quốc tế Cát Bi",Hành lý 0 kg,Hành lý xách tay 7 kg,21-04-2025
VietJet Air,2.368.095 VND/khách,20:10,03 thg 5,03 thg 5,22:10,2h 0m,"TP HCM (SGN)
Sân bay Tân Sơn Nhất
Nhà ga 1","Hải Phòng (HPH)
Sân bay quốc tế Cát Bi",Hành lý 0 kg,Hành lý xách tay 7 kg,21-04-2025
VietJet Air,2.373.053 VND/khách,06:15,03 thg 5,03 thg 5,08:15,2h 0m,"TP HCM (SGN)
Sân bay Tân Sơn Nhất
Nhà ga 1","Hải Phòng (HPH)
Sân bay quốc tế Cát Bi",Hành lý 0 kg,Hành lý xách tay 7 kg,21-04-2025
VietJet Air,2.373.053 VND/khách,19:15,03 thg 5,03 thg 5,21:15,2h 0m,"TP HCM (SGN)
Sân bay Tân Sơn Nhất
Nhà ga 1","Hải Phòng (HPH)
Sân bay quốc tế Cát Bi",Hành lý 0 kg,Hành lý xách tay 7 kg,21-04-2025
VietJet Air,2.802.975 VND/khách,09:15,03 thg 5,03 thg 5,11:15,2h 0m,"TP HCM (SGN)
Sân bay Tân Sơn Nhất
Nhà ga 1","Hải Phòng (HPH)
Sân bay quốc tế Cát Bi",Hành lý 0 kg,Hành lý xách tay 7 kg,21-04-2025
VietJet Air,2.977.538 VND/khách,21:10,03 thg 5,03 thg 5,23:05,1h 55m,"TP HCM (SGN)
Sân bay Tân Sơn Nhất
Nhà ga 1","Hải Phòng (HPH)
Sân bay quốc tế Cát Bi",Hành lý 0 kg,Hành lý xách tay 7 kg,21-04-2025
Bamboo Airways,3.072.883 VND/khách,20:05,03 thg 5,03 thg 5,22:10,2h 5m,"TP HCM (SGN)
Sân bay Tân Sơn Nhất","Hải Phòng (HPH)
Sân bay quốc tế Cát Bi",Hành lý 20 kg,Hành lý xách tay 7 kg,21-04-2025
VietJet Air,3.118.185 VND/khách,14:05,03 thg 5,03 thg 5,16:05,2h 0m,"TP HCM (SGN)
Sân bay Tân Sơn Nhất
Nhà ga 1","Hải Phòng (HPH)
Sân bay quốc tế Cát Bi",Hành lý 0 kg,Hành lý xách tay 7 kg,21-04-2025
VietJet Air,3.408.458 VND/khách,16:10,03 thg 5,03 thg 5,18:10,2h 0m,"TP HCM (SGN)
Sân bay Tân Sơn Nhất
Nhà ga 1","Hải Phòng (HPH)
Sân bay quốc tế Cát Bi",Hành lý 0 kg,Hành lý xách tay 7 kg,21-04-2025
Vietnam Airlines,3.435.561 VND/khách,07:45,03 thg 5,03 thg 5,09:45,2h 0m,"TP HCM (SGN)
Sân bay Tân Sơn Nhất","Hải Phòng (HPH)
Sân bay quốc tế Cát Bi",Hành lý 1 x 23 kg,Hành lý xách tay 1 x 12 kg,21-04-2025
Vietnam Airlines,3.684.312 VND/khách,13:20,03 thg 5,03 thg 5,15:25,2h 5m,"TP HCM (SGN)
Sân bay Tân Sơn Nhất","Hải Phòng (HPH)
Sân bay quốc tế Cát Bi",Hành lý 1 x 23 kg,Hành lý xách tay 1 x 12 kg,21-04-2025
Bamboo Airways,3.035.259 VND/khách,20:05,03 thg 5,03 thg 5,22:10,2h 5m,"TP HCM (SGN)
Sân bay Tân Sơn Nhất","Hải Phòng (HPH)
Sân bay quốc tế Cát Bi",Hành lý 20 kg,Hành lý xách tay 7 kg,22-04-2025
VietJet Air,2.211.458 VND/khách,04:30,03 thg 5,03 thg 5,06:30,2h 0m,"TP HCM (SGN)
Sân bay Tân Sơn Nhất
Nhà ga 1","Hải Phòng (HPH)
Sân bay quốc tế Cát Bi",Hành lý 0 kg,Hành lý xách tay 7 kg,22-04-2025
VietJet Air,2.585.520 VND/khách,06:15,03 thg 5,03 thg 5,08:15,2h 0m,"TP HCM (SGN)
Sân bay Tân Sơn Nhất
Nhà ga 1","Hải Phòng (HPH)
Sân bay quốc tế Cát Bi",Hành lý 0 kg,Hành lý xách tay 7 kg,22-04-2025
VietJet Air,2.585.520 VND/khách,20:10,03 thg 5,03 thg 5,22:10,2h 0m,"TP HCM (SGN)
Sân bay Tân Sơn Nhất
Nhà ga 1","Hải Phòng (HPH)
Sân bay quốc tế Cát Bi",Hành lý 0 kg,Hành lý xách tay 7 kg,22-04-2025
VietJet Air,2.815.943 VND/khách,09:15,03 thg 5,03 thg 5,11:15,2h 0m,"TP HCM (SGN)
Sân bay Tân Sơn Nhất
Nhà ga 1","Hải Phòng (HPH)
Sân bay quốc tế Cát Bi",Hành lý 0 kg,Hành lý xách tay 7 kg,22-04-2025
VietJet Air,2.815.943 VND/khách,19:15,03 thg 5,03 thg 5,21:15,2h 0m,"TP HCM (SGN)
Sân bay Tân Sơn Nhất
Nhà ga 1","Hải Phòng (HPH)
Sân bay quốc tế Cát Bi",Hành lý 0 kg,Hành lý xách tay 7 kg,22-04-2025
VietJet Air,2.990.505 VND/khách,21:10,03 thg 5,03 thg 5,23:05,1h 55m,"TP HCM (SGN)
Sân bay Tân Sơn Nhất
Nhà ga 1","Hải Phòng (HPH)
Sân bay quốc tế Cát Bi",Hành lý 0 kg,Hành lý xách tay 7 kg,22-04-2025
VietJet Air,3.131.153 VND/khách,14:05,03 thg 5,03 thg 5,16:05,2h 0m,"TP HCM (SGN)
Sân bay Tân Sơn Nhất
Nhà ga 1","Hải Phòng (HPH)
Sân bay quốc tế Cát Bi",Hành lý 0 kg,Hành lý xách tay 7 kg,22-04-2025
Vietnam Airlines,3.374.000 VND/khách,07:45,03 thg 5,03 thg 5,09:45,2h 0m,"TP HCM (SGN)
Sân bay Tân Sơn Nhất","Hải Phòng (HPH)
Sân bay quốc tế Cát Bi",Hành lý 23 kg,Hành lý xách tay 1 x 12 kg,22-04-2025
VietJet Air,3.420.428 VND/khách,16:10,03 thg 5,03 thg 5,18:10,2h 0m,"TP HCM (SGN)
Sân bay Tân Sơn Nhất
Nhà ga 1","Hải Phòng (HPH)
Sân bay quốc tế Cát Bi",Hành lý 0 kg,Hành lý xách tay 7 kg,22-04-2025
Vietnam Airlines,3.857.875 VND/khách,20:30,03 thg 5,03 thg 5,22:30,2h 0m,"TP HCM (SGN)
Sân bay Tân Sơn Nhất","Hải Phòng (HPH)
Sân bay quốc tế Cát Bi",Hành lý 23 kg,Hành lý xách tay 1 x 12 kg,22-04-2025
Bamboo Airways,3.035.259 VND/khách,20:05,03 thg 5,03 thg 5,22:10,2h 5m,"TP HCM (SGN)
Sân bay Tân Sơn Nhất","Hải Phòng (HPH)
Sân bay quốc tế Cát Bi",Hành lý 20 kg,Hành lý xách tay 7 kg,23-04-2025
VietJet Air,2.211.458 VND/khách,04:30,03 thg 5,03 thg 5,06:30,2h 0m,"TP HCM (SGN)
Sân bay Tân Sơn Nhất
Nhà ga 1","Hải Phòng (HPH)
Sân bay quốc tế Cát Bi",Hành lý 0 kg,Hành lý xách tay 7 kg,23-04-2025
VietJet Air,2.587.515 VND/khách,06:15,03 thg 5,03 thg 5,08:15,2h 0m,"TP HCM (SGN)
Sân bay Tân Sơn Nhất
Nhà ga 1","Hải Phòng (HPH)
Sân bay quốc tế Cát Bi",Hành lý 0 kg,Hành lý xách tay 7 kg,23-04-2025
VietJet Air,2.587.515 VND/khách,20:10,03 thg 5,03 thg 5,22:10,2h 0m,"TP HCM (SGN)
Sân bay Tân Sơn Nhất
Nhà ga 1","Hải Phòng (HPH)
Sân bay quốc tế Cát Bi",Hành lý 0 kg,Hành lý xách tay 7 kg,23-04-2025
VietJet Air,2.817.938 VND/khách,09:15,03 thg 5,03 thg 5,11:15,2h 0m,"TP HCM (SGN)
Sân bay Tân Sơn Nhất
Nhà ga 1","Hải Phòng (HPH)
Sân bay quốc tế Cát Bi",Hành lý 0 kg,Hành lý xách tay 7 kg,23-04-2025
VietJet Air,2.817.938 VND/khách,19:15,03 thg 5,03 thg 5,21:15,2h 0m,"TP HCM (SGN)
Sân bay Tân Sơn Nhất
Nhà ga 1","Hải Phòng (HPH)
Sân bay quốc tế Cát Bi",Hành lý 0 kg,Hành lý xách tay 7 kg,23-04-2025
VietJet Air,2.988.510 VND/khách,21:10,03 thg 5,03 thg 5,23:05,1h 55m,"TP HCM (SGN)
Sân bay Tân Sơn Nhất
Nhà ga 1","Hải Phòng (HPH)
Sân bay quốc tế Cát Bi",Hành lý 0 kg,Hành lý xách tay 7 kg,23-04-2025
VietJet Air,3.130.155 VND/khách,14:05,03 thg 5,03 thg 5,16:05,2h 0m,"TP HCM (SGN)
Sân bay Tân Sơn Nhất
Nhà ga 1","Hải Phòng (HPH)
Sân bay quốc tế Cát Bi",Hành lý 0 kg,Hành lý xách tay 7 kg,23-04-2025
VietJet Air,3.419.430 VND/khách,16:10,03 thg 5,03 thg 5,18:10,2h 0m,"TP HCM (SGN)
Sân bay Tân Sơn Nhất
Nhà ga 1","Hải Phòng (HPH)
Sân bay quốc tế Cát Bi",Hành lý 0 kg,Hành lý xách tay 7 kg,23-04-2025
Vietnam Airlines,3.424.572 VND/khách,07:45,03 thg 5,03 thg 5,09:45,2h 0m,"TP HCM (SGN)
Sân bay Tân Sơn Nhất","Hải Phòng (HPH)
Sân bay quốc tế Cát Bi",Hành lý 23 kg,Hành lý xách tay 1 x 12 kg,23-04-2025
Vietnam Airlines,3.908.088 VND/khách,20:30,03 thg 5,03 thg 5,22:30,2h 0m,"TP HCM (SGN)
Sân bay Tân Sơn Nhất","Hải Phòng (HPH)
Sân bay quốc tế Cát Bi",Hành lý 23 kg,Hành lý xách tay 1 x 12 kg,23-04-2025
Vietnam Airlines,3.916.080 VND/khách,17:55,03 thg 5,03 thg 5,19:55,2h 0m,"TP HCM (SGN)
Sân bay Tân Sơn Nhất","Hải Phòng (HPH)
Sân bay quốc tế Cát Bi",Hành lý 23 kg,Hành lý xách tay 1 x 12 kg,23-04-2025
Bamboo Airways,2.668.833 VND/khách,20:05,03 thg 5,03 thg 5,22:10,2h 5m,"TP HCM (SGN)
Sân bay Tân Sơn Nhất","Hải Phòng (HPH)
Sân bay quốc tế Cát Bi",,,24-04-2025
VietJet Air,2.392.005 VND/khách,04:30,03 thg 5,03 thg 5,06:30,2h 0m,"TP HCM (SGN)
Sân bay Tân Sơn Nhất
Nhà ga 1","Hải Phòng (HPH)
Sân bay quốc tế Cát Bi",,,24-04-2025
VietJet Air,2.593.500 VND/khách,06:15,03 thg 5,03 thg 5,08:15,2h 0m,"TP HCM (SGN)
Sân bay Tân Sơn Nhất
Nhà ga 1","Hải Phòng (HPH)
Sân bay quốc tế Cát Bi",,,24-04-2025
VietJet Air,3.137.138 VND/khách,21:10,03 thg 5,03 thg 5,23:05,1h 55m,"TP HCM (SGN)
Sân bay Tân Sơn Nhất
Nhà ga 1","Hải Phòng (HPH)
Sân bay quốc tế Cát Bi",,,24-04-2025
VietJet Air,3.137.138 VND/khách,09:15,03 thg 5,03 thg 5,11:15,2h 0m,"TP HCM (SGN)
Sân bay Tân Sơn Nhất
Nhà ga 1","Hải Phòng (HPH)
Sân bay quốc tế Cát Bi",,,24-04-2025
VietJet Air,3.137.138 VND/khách,20:10,03 thg 5,03 thg 5,22:10,2h 0m,"TP HCM (SGN)
Sân bay Tân Sơn Nhất
Nhà ga 1","Hải Phòng (HPH)
Sân bay quốc tế Cát Bi",,,24-04-2025
Vietnam Airlines,3.425.571 VND/khách,07:45,03 thg 5,03 thg 5,09:45,2h 0m,"TP HCM (SGN)
Sân bay Tân Sơn Nhất
Nhà ga T3","Hải Phòng (HPH)
Sân bay quốc tế Cát Bi",,,24-04-2025
VietJet Air,3.685.763 VND/khách,14:05,03 thg 5,03 thg 5,16:05,2h 0m,"TP HCM (SGN)
Sân bay Tân Sơn Nhất
Nhà ga 1","Hải Phòng (HPH)
Sân bay quốc tế Cát Bi",,,24-04-2025
VietJet Air,3.685.763 VND/khách,16:10,03 thg 5,03 thg 5,18:10,2h 0m,"TP HCM (SGN)
Sân bay Tân Sơn Nhất
Nhà ga 1","Hải Phòng (HPH)
Sân bay quốc tế Cát Bi",,,24-04-2025
VietJet Air,3.855.208 VND/khách,19:15,03 thg 5,03 thg 5,21:15,2h 0m,"TP HCM (SGN)
Sân bay Tân Sơn Nhất
Nhà ga 1","Hải Phòng (HPH)
Sân bay quốc tế Cát Bi",,,24-04-2025
Vietnam Airlines,3.915.081 VND/khách,17:55,03 thg 5,03 thg 5,19:55,2h 0m,"TP HCM (SGN)
Sân bay Tân Sơn Nhất
Nhà ga T3","Hải Phòng (HPH)
Sân bay quốc tế Cát Bi",,,24-04-2025
Bamboo Airways,3.072.883 VND/khách,20:05,03 thg 5,03 thg 5,22:10,2h 5m,"TP HCM (SGN)
Sân bay Tân Sơn Nhất","Hải Phòng (HPH)
Sân bay quốc tế Cát Bi",Hành lý 20 kg,Hành lý xách tay 7 kg,25-04-2025
VietJet Air,2.383.028 VND/khách,04:30,03 thg 5,03 thg 5,06:30,2h 0m,"TP HCM (SGN)
Sân bay Tân Sơn Nhất
Nhà ga 1","Hải Phòng (HPH)
Sân bay quốc tế Cát Bi",Hành lý 0 kg,Hành lý xách tay 7 kg,25-04-2025
VietJet Air,2.585.520 VND/khách,06:15,03 thg 5,03 thg 5,08:15,2h 0m,"TP HCM (SGN)
Sân bay Tân Sơn Nhất
Nhà ga 1","Hải Phòng (HPH)
Sân bay quốc tế Cát Bi",Hành lý 0 kg,Hành lý xách tay 7 kg,25-04-2025
VietJet Air,3.137.138 VND/khách,21:10,03 thg 5,03 thg 5,23:05,1h 55m,"TP HCM (SGN)
Sân bay Tân Sơn Nhất
Nhà ga 1","Hải Phòng (HPH)
Sân bay quốc tế Cát Bi",Hành lý 0 kg,Hành lý xách tay 7 kg,25-04-2025
VietJet Air,3.137.138 VND/khách,09:15,03 thg 5,03 thg 5,11:15,2h 0m,"TP HCM (SGN)
Sân bay Tân Sơn Nhất
Nhà ga 1","Hải Phòng (HPH)
Sân bay quốc tế Cát Bi",Hành lý 0 kg,Hành lý xách tay 7 kg,25-04-2025
VietJet Air,3.137.138 VND/khách,19:15,03 thg 5,03 thg 5,21:15,2h 0m,"TP HCM (SGN)
Sân bay Tân Sơn Nhất
Nhà ga 1","Hải Phòng (HPH)
Sân bay quốc tế Cát Bi",Hành lý 0 kg,Hành lý xách tay 7 kg,25-04-2025
VietJet Air,3.137.138 VND/khách,20:10,03 thg 5,03 thg 5,22:10,2h 0m,"TP HCM (SGN)
Sân bay Tân Sơn Nhất
Nhà ga 1","Hải Phòng (HPH)
Sân bay quốc tế Cát Bi",Hành lý 0 kg,Hành lý xách tay 7 kg,25-04-2025
VietJet Air,3.684.765 VND/khách,14:05,03 thg 5,03 thg 5,16:05,2h 0m,"TP HCM (SGN)
Sân bay Tân Sơn Nhất
Nhà ga 1","Hải Phòng (HPH)
Sân bay quốc tế Cát Bi",Hành lý 0 kg,Hành lý xách tay 7 kg,25-04-2025
Vietnam Airlines,3.720.276 VND/khách,07:45,03 thg 5,03 thg 5,09:45,2h 0m,"TP HCM (SGN)
Sân bay Tân Sơn Nhất
Nhà ga T3","Hải Phòng (HPH)
Sân bay quốc tế Cát Bi",Hành lý 1 x 23 kg,Hành lý xách tay 1 x 12 kg,25-04-2025
VietJet Air,3.744.615 VND/khách,16:10,03 thg 5,03 thg 5,18:10,2h 0m,"TP HCM (SGN)
Sân bay Tân Sơn Nhất
Nhà ga 1","Hải Phòng (HPH)
Sân bay quốc tế Cát Bi",Hành lý 0 kg,Hành lý xách tay 7 kg,25-04-2025
Vietnam Airlines,3.915.081 VND/khách,20:30,03 thg 5,03 thg 5,22:30,2h 0m,"TP HCM (SGN)
Sân bay Tân Sơn Nhất
Nhà ga T3","Hải Phòng (HPH)
Sân bay quốc tế Cát Bi",Hành lý 1 x 23 kg,Hành lý xách tay 1 x 12 kg,25-04-2025
Vietnam Airlines,3.922.074 VND/khách,17:55,03 thg 5,03 thg 5,19:55,2h 0m,"TP HCM (SGN)
Sân bay Tân Sơn Nhất
Nhà ga T3","Hải Phòng (HPH)
Sân bay quốc tế Cát Bi",Hành lý 1 x 23 kg,Hành lý xách tay 1 x 12 kg,25-04-2025
Bamboo Airways,3.458.396 VND/khách,20:05,03 thg 5,03 thg 5,22:10,2h 5m,"TP HCM (SGN)
Sân bay Tân Sơn Nhất","Hải Phòng (HPH)
Sân bay quốc tế Cát Bi",Hành lý 20 kg,Hành lý xách tay 7 kg,26-04-2025
VietJet Air,2.569.560 VND/khách,04:30,03 thg 5,03 thg 5,06:30,2h 0m,"TP HCM (SGN)
Sân bay Tân Sơn Nhất
Nhà ga 1","Hải Phòng (HPH)
Sân bay quốc tế Cát Bi",Hành lý 0 kg,Hành lý xách tay 7 kg,26-04-2025
VietJet Air,2.796.990 VND/khách,06:15,03 thg 5,03 thg 5,08:15,2h 0m,"TP HCM (SGN)
Sân bay Tân Sơn Nhất
Nhà ga 1","Hải Phòng (HPH)
Sân bay quốc tế Cát Bi",Hành lý 0 kg,Hành lý xách tay 7 kg,26-04-2025
VietJet Air,3.110.217 VND/khách,21:10,03 thg 5,03 thg 5,23:05,1h 55m,"TP HCM (SGN)
Sân bay Tân Sơn Nhất
Nhà ga 1","Hải Phòng (HPH)
Sân bay quốc tế Cát Bi",Hành lý 0 kg,Hành lý xách tay 7 kg,26-04-2025
VietJet Air,3.110.217 VND/khách,09:15,03 thg 5,03 thg 5,11:15,2h 0m,"TP HCM (SGN)
Sân bay Tân Sơn Nhất
Nhà ga 1","Hải Phòng (HPH)
Sân bay quốc tế Cát Bi",Hành lý 0 kg,Hành lý xách tay 7 kg,26-04-2025
VietJet Air,3.110.217 VND/khách,19:35,03 thg 5,03 thg 5,21:35,2h 0m,"TP HCM (SGN)
Sân bay Tân Sơn Nhất
Nhà ga 1","Hải Phòng (HPH)
Sân bay quốc tế Cát Bi",Hành lý 0 kg,Hành lý xách tay 7 kg,26-04-2025
VietJet Air,3.110.217 VND/khách,20:10,03 thg 5,03 thg 5,22:10,2h 0m,"TP HCM (SGN)
Sân bay Tân Sơn Nhất
Nhà ga 1","Hải Phòng (HPH)
Sân bay quốc tế Cát Bi",Hành lý 0 kg,Hành lý xách tay 7 kg,26-04-2025
VietJet Air,3.651.848 VND/khách,14:05,03 thg 5,03 thg 5,16:05,2h 0m,"TP HCM (SGN)
Sân bay Tân Sơn Nhất
Nhà ga 1","Hải Phòng (HPH)
Sân bay quốc tế Cát Bi",Hành lý 0 kg,Hành lý xách tay 7 kg,26-04-2025
VietJet Air,3.651.848 VND/khách,16:10,03 thg 5,03 thg 5,18:10,2h 0m,"TP HCM (SGN)
Sân bay Tân Sơn Nhất
Nhà ga 1","Hải Phòng (HPH)
Sân bay quốc tế Cát Bi",Hành lý 0 kg,Hành lý xách tay 7 kg,26-04-2025
Vietnam Airlines,3.889.107 VND/khách,13:20,03 thg 5,03 thg 5,15:25,2h 5m,"TP HCM (SGN)
Sân bay Tân Sơn Nhất
Nhà ga 1","Hải Phòng (HPH)
Sân bay quốc tế Cát Bi",Hành lý 1 x 23 kg,Hành lý xách tay 1 x 12 kg,26-04-2025
Bamboo Airways,3.072.883 VND/khách,20:05,03 thg 5,03 thg 5,22:10,2h 5m,"TP HCM (SGN)
Sân bay Tân Sơn Nhất","Hải Phòng (HPH)
Sân bay quốc tế Cát Bi",Hành lý 20 kg,Hành lý xách tay 7 kg,27-04-2025
VietJet Air,2.558.588 VND/khách,04:30,03 thg 5,03 thg 5,06:30,2h 0m,"TP HCM (SGN)
Sân bay Tân Sơn Nhất
Nhà ga 1","Hải Phòng (HPH)
Sân bay quốc tế Cát Bi",Hành lý 0 kg,Hành lý xách tay 7 kg,27-04-2025
VietJet Air,2.785.020 VND/khách,06:15,03 thg 5,03 thg 5,08:15,2h 0m,"TP HCM (SGN)
Sân bay Tân Sơn Nhất
Nhà ga 1","Hải Phòng (HPH)
Sân bay quốc tế Cát Bi",Hành lý 0 kg,Hành lý xách tay 7 kg,27-04-2025
VietJet Air,3.211.398 VND/khách,21:10,03 thg 5,03 thg 5,23:05,1h 55m,"TP HCM (SGN)
Sân bay Tân Sơn Nhất
Nhà ga 1","Hải Phòng (HPH)
Sân bay quốc tế Cát Bi",Hành lý 0 kg,Hành lý xách tay 7 kg,27-04-2025
VietJet Air,3.211.398 VND/khách,09:15,03 thg 5,03 thg 5,11:15,2h 0m,"TP HCM (SGN)
Sân bay Tân Sơn Nhất
Nhà ga 1","Hải Phòng (HPH)
Sân bay quốc tế Cát Bi",Hành lý 0 kg,Hành lý xách tay 7 kg,27-04-2025
VietJet Air,3.211.398 VND/khách,19:35,03 thg 5,03 thg 5,21:35,2h 0m,"TP HCM (SGN)
Sân bay Tân Sơn Nhất
Nhà ga 1","Hải Phòng (HPH)
Sân bay quốc tế Cát Bi",Hành lý 0 kg,Hành lý xách tay 7 kg,27-04-2025
VietJet Air,3.211.398 VND/khách,20:10,03 thg 5,03 thg 5,22:10,2h 0m,"TP HCM (SGN)
Sân bay Tân Sơn Nhất
Nhà ga 1","Hải Phòng (HPH)
Sân bay quốc tế Cát Bi",Hành lý 0 kg,Hành lý xách tay 7 kg,27-04-2025
VietJet Air,3.765.442 VND/khách,14:05,03 thg 5,03 thg 5,16:05,2h 0m,"TP HCM (SGN)
Sân bay Tân Sơn Nhất
Nhà ga 1","Hải Phòng (HPH)
Sân bay quốc tế Cát Bi",Hành lý 0 kg,Hành lý xách tay 7 kg,27-04-2025
VietJet Air,3.765.442 VND/khách,16:10,03 thg 5,03 thg 5,18:10,2h 0m,"TP HCM (SGN)
Sân bay Tân Sơn Nhất
Nhà ga 1","Hải Phòng (HPH)
Sân bay quốc tế Cát Bi",Hành lý 0 kg,Hành lý xách tay 7 kg,27-04-2025
Vietnam Airlines,3.863.733 VND/khách,07:45,03 thg 5,03 thg 5,09:45,2h 0m,"TP HCM (SGN)
Sân bay Tân Sơn Nhất","Hải Phòng (HPH)
Sân bay quốc tế Cát Bi",Hành lý 1 x 23 kg,Hành lý xách tay 1 x 12 kg,27-04-2025
Bamboo Airways,3.458.396 VND/khách,20:05,03 thg 5,03 thg 5,22:10,2h 5m,"TP HCM (SGN)
Sân bay Tân Sơn Nhất","Hải Phòng (HPH)
Sân bay quốc tế Cát Bi",Hành lý 20 kg,Hành lý xách tay 7 kg,28-04-2025
VietJet Air,2.783.025 VND/khách,04:30,03 thg 5,03 thg 5,06:30,2h 0m,"TP HCM (SGN)
Sân bay Tân Sơn Nhất
Nhà ga 1","Hải Phòng (HPH)
Sân bay quốc tế Cát Bi",Hành lý 0 kg,Hành lý xách tay 7 kg,28-04-2025
VietJet Air,2.957.588 VND/khách,06:15,03 thg 5,03 thg 5,08:15,2h 0m,"TP HCM (SGN)
Sân bay Tân Sơn Nhất
Nhà ga 1","Hải Phòng (HPH)
Sân bay quốc tế Cát Bi",Hành lý 0 kg,Hành lý xách tay 7 kg,28-04-2025
VietJet Air,3.212.884 VND/khách,21:10,03 thg 5,03 thg 5,23:05,1h 55m,"TP HCM (SGN)
Sân bay Tân Sơn Nhất
Nhà ga 1","Hải Phòng (HPH)
Sân bay quốc tế Cát Bi",Hành lý 0 kg,Hành lý xách tay 7 kg,28-04-2025
VietJet Air,3.212.884 VND/khách,09:15,03 thg 5,03 thg 5,11:15,2h 0m,"TP HCM (SGN)
Sân bay Tân Sơn Nhất
Nhà ga 1","Hải Phòng (HPH)
Sân bay quốc tế Cát Bi",Hành lý 0 kg,Hành lý xách tay 7 kg,28-04-2025
VietJet Air,3.212.884 VND/khách,20:10,03 thg 5,03 thg 5,22:10,2h 0m,"TP HCM (SGN)
Sân bay Tân Sơn Nhất
Nhà ga 1","Hải Phòng (HPH)
Sân bay quốc tế Cát Bi",Hành lý 0 kg,Hành lý xách tay 7 kg,28-04-2025
VietJet Air,3.383.986 VND/khách,19:35,03 thg 5,03 thg 5,21:35,2h 0m,"TP HCM (SGN)
Sân bay Tân Sơn Nhất
Nhà ga 1","Hải Phòng (HPH)
Sân bay quốc tế Cát Bi",Hành lý 0 kg,Hành lý xách tay 7 kg,28-04-2025
VietJet Air,3.767.184 VND/khách,14:05,03 thg 5,03 thg 5,16:05,2h 0m,"TP HCM (SGN)
Sân bay Tân Sơn Nhất
Nhà ga 1","Hải Phòng (HPH)
Sân bay quốc tế Cát Bi",Hành lý 0 kg,Hành lý xách tay 7 kg,28-04-2025
VietJet Air,3.767.184 VND/khách,16:10,03 thg 5,03 thg 5,18:10,2h 0m,"TP HCM (SGN)
Sân bay Tân Sơn Nhất
Nhà ga 1","Hải Phòng (HPH)
Sân bay quốc tế Cát Bi",Hành lý 0 kg,Hành lý xách tay 7 kg,28-04-2025
Vietnam Airlines,3.853.143 VND/khách,17:55,03 thg 5,03 thg 5,19:55,2h 0m,"TP HCM (SGN)
Sân bay Tân Sơn Nhất","Hải Phòng (HPH)
Sân bay quốc tế Cát Bi",Hành lý 1 x 23 kg,Hành lý xách tay 1 x 12 kg,28-04-2025
Vietnam Airlines,3.864.132 VND/khách,13:20,03 thg 5,03 thg 5,15:25,2h 5m,"TP HCM (SGN)
Sân bay Tân Sơn Nhất
Nhà ga 1","Hải Phòng (HPH)
Sân bay quốc tế Cát Bi",Hành lý 1 x 23 kg,Hành lý xách tay 1 x 12 kg,28-04-2025
Bamboo Airways,3.072.883 VND/khách,20:05,03 thg 5,03 thg 5,22:10,2h 5m,"TP HCM (SGN)
Sân bay Tân Sơn Nhất","Hải Phòng (HPH)
Sân bay quốc tế Cát Bi",Hành lý 20 kg,Hành lý xách tay 7 kg,29-04-2025
VietJet Air,2.774.048 VND/khách,04:30,03 thg 5,03 thg 5,06:30,2h 0m,"TP HCM (SGN)
Sân bay Tân Sơn Nhất
Nhà ga 1","Hải Phòng (HPH)
Sân bay quốc tế Cát Bi",Hành lý 0 kg,Hành lý xách tay 7 kg,29-04-2025
VietJet Air,3.055.239 VND/khách,06:15,03 thg 5,03 thg 5,08:15,2h 0m,"TP HCM (SGN)
Sân bay Tân Sơn Nhất
Nhà ga 1","Hải Phòng (HPH)
Sân bay quốc tế Cát Bi",Hành lý 0 kg,Hành lý xách tay 7 kg,29-04-2025
VietJet Air,3.116.190 VND/khách,19:35,03 thg 5,03 thg 5,21:35,2h 0m,"TP HCM (SGN)
Sân bay Tân Sơn Nhất
Nhà ga 1","Hải Phòng (HPH)
Sân bay quốc tế Cát Bi",Hành lý 0 kg,Hành lý xách tay 7 kg,29-04-2025
VietJet Air,3.116.190 VND/khách,20:10,03 thg 5,03 thg 5,22:10,2h 0m,"TP HCM (SGN)
Sân bay Tân Sơn Nhất
Nhà ga 1","Hải Phòng (HPH)
Sân bay quốc tế Cát Bi",Hành lý 0 kg,Hành lý xách tay 7 kg,29-04-2025
VietJet Air,3.213.647 VND/khách,21:10,03 thg 5,03 thg 5,23:05,1h 55m,"TP HCM (SGN)
Sân bay Tân Sơn Nhất
Nhà ga 1","Hải Phòng (HPH)
Sân bay quốc tế Cát Bi",Hành lý 0 kg,Hành lý xách tay 7 kg,29-04-2025
VietJet Air,3.496.520 VND/khách,09:15,03 thg 5,03 thg 5,11:15,2h 0m,"TP HCM (SGN)
Sân bay Tân Sơn Nhất
Nhà ga 1","Hải Phòng (HPH)
Sân bay quốc tế Cát Bi",Hành lý 0 kg,Hành lý xách tay 7 kg,29-04-2025
VietJet Air,3.768.079 VND/khách,14:05,03 thg 5,03 thg 5,16:05,2h 0m,"TP HCM (SGN)
Sân bay Tân Sơn Nhất
Nhà ga 1","Hải Phòng (HPH)
Sân bay quốc tế Cát Bi",Hành lý 0 kg,Hành lý xách tay 7 kg,29-04-2025
VietJet Air,3.768.079 VND/khách,16:10,03 thg 5,03 thg 5,18:10,2h 0m,"TP HCM (SGN)
Sân bay Tân Sơn Nhất
Nhà ga 1","Hải Phòng (HPH)
Sân bay quốc tế Cát Bi",Hành lý 0 kg,Hành lý xách tay 7 kg,29-04-2025
Vietnam Airlines,3.859.570 VND/khách,07:45,03 thg 5,03 thg 5,09:45,2h 0m,"TP HCM (SGN)
Sân bay Tân Sơn Nhất","Hải Phòng (HPH)
Sân bay quốc tế Cát Bi",Hành lý 1 x 23 kg,Hành lý xách tay 1 x 12 kg,29-04-2025
Vietnam Airlines,3.859.570 VND/khách,17:55,03 thg 5,03 thg 5,19:55,2h 0m,"TP HCM (SGN)
Sân bay Tân Sơn Nhất","Hải Phòng (HPH)
Sân bay quốc tế Cát Bi",Hành lý 1 x 23 kg,Hành lý xách tay 1 x 12 kg,29-04-2025
Vietnam Airlines,3.859.570 VND/khách,20:30,03 thg 5,03 thg 5,22:30,2h 0m,"TP HCM (SGN)
Sân bay Tân Sơn Nhất","Hải Phòng (HPH)
Sân bay quốc tế Cát Bi",Hành lý 1 x 23 kg,Hành lý xách tay 1 x 12 kg,29-04-2025
Bamboo Airways,3.072.883 VND/khách,20:05,03 thg 5,03 thg 5,22:10,2h 5m,"TP HCM (SGN)
Sân bay Tân Sơn Nhất","Hải Phòng (HPH)
Sân bay quốc tế Cát Bi",Hành lý 20 kg,Hành lý xách tay 7 kg,30-04-2025
VietJet Air,3.054.462 VND/khách,04:30,03 thg 5,03 thg 5,06:30,2h 0m,"TP HCM (SGN)
Sân bay Tân Sơn Nhất
Nhà ga 1","Hải Phòng (HPH)
Sân bay quốc tế Cát Bi",Hành lý 0 kg,Hành lý xách tay 7 kg,30-04-2025
VietJet Air,3.054.462 VND/khách,06:15,03 thg 5,03 thg 5,08:15,2h 0m,"TP HCM (SGN)
Sân bay Tân Sơn Nhất
Nhà ga 1","Hải Phòng (HPH)
Sân bay quốc tế Cát Bi",Hành lý 0 kg,Hành lý xách tay 7 kg,30-04-2025
VietJet Air,3.212.831 VND/khách,19:35,03 thg 5,03 thg 5,21:35,2h 0m,"TP HCM (SGN)
Sân bay Tân Sơn Nhất
Nhà ga 1","Hải Phòng (HPH)
Sân bay quốc tế Cát Bi",Hành lý 0 kg,Hành lý xách tay 7 kg,30-04-2025
VietJet Air,3.212.831 VND/khách,20:10,03 thg 5,03 thg 5,22:10,2h 0m,"TP HCM (SGN)
Sân bay Tân Sơn Nhất
Nhà ga 1","Hải Phòng (HPH)
Sân bay quốc tế Cát Bi",Hành lý 0 kg,Hành lý xách tay 7 kg,30-04-2025
VietJet Air,3.495.632 VND/khách,21:10,03 thg 5,03 thg 5,23:05,1h 55m,"TP HCM (SGN)
Sân bay Tân Sơn Nhất
Nhà ga 1","Hải Phòng (HPH)
Sân bay quốc tế Cát Bi",Hành lý 0 kg,Hành lý xách tay 7 kg,30-04-2025
VietJet Air,3.495.632 VND/khách,09:15,03 thg 5,03 thg 5,11:15,2h 0m,"TP HCM (SGN)
Sân bay Tân Sơn Nhất
Nhà ga 1","Hải Phòng (HPH)
Sân bay quốc tế Cát Bi",Hành lý 0 kg,Hành lý xách tay 7 kg,30-04-2025
VietJet Air,3.767.121 VND/khách,14:05,03 thg 5,03 thg 5,16:05,2h 0m,"TP HCM (SGN)
Sân bay Tân Sơn Nhất
Nhà ga 1","Hải Phòng (HPH)
Sân bay quốc tế Cát Bi",Hành lý 0 kg,Hành lý xách tay 7 kg,30-04-2025
VietJet Air,3.767.121 VND/khách,16:10,03 thg 5,03 thg 5,18:10,2h 0m,"TP HCM (SGN)
Sân bay Tân Sơn Nhất
Nhà ga 1","Hải Phòng (HPH)
Sân bay quốc tế Cát Bi",Hành lý 0 kg,Hành lý xách tay 7 kg,30-04-2025
Vietnam Airlines,4.017.553 VND/khách,17:55,03 thg 5,03 thg 5,19:55,2h 0m,"TP HCM (SGN)
Sân bay Tân Sơn Nhất","Hải Phòng (HPH)
Sân bay quốc tế Cát Bi",Hành lý 1 x 23 kg,Hành lý xách tay 1 x 12 kg,30-04-2025
VietJet Air,3.054.299 VND/khách,04:30,04 thg 5,04 thg 5,06:30,2h 0m,"TP HCM (SGN)
Sân bay Tân Sơn Nhất
Nhà ga 1","Hải Phòng (HPH)
Sân bay quốc tế Cát Bi",Hành lý 0 kg,Hành lý xách tay 7 kg,01-05-2025
VietJet Air,3.495.446 VND/khách,21:10,04 thg 5,04 thg 5,23:05,1h 55m,"TP HCM (SGN)
Sân bay Tân Sơn Nhất
Nhà ga 1","Hải Phòng (HPH)
Sân bay quốc tế Cát Bi",Hành lý 0 kg,Hành lý xách tay 7 kg,01-05-2025
VietJet Air,3.495.446 VND/khách,06:15,04 thg 5,04 thg 5,08:15,2h 0m,"TP HCM (SGN)
Sân bay Tân Sơn Nhất
Nhà ga 1","Hải Phòng (HPH)
Sân bay quốc tế Cát Bi",Hành lý 0 kg,Hành lý xách tay 7 kg,01-05-2025
VietJet Air,3.823.478 VND/khách,20:10,04 thg 5,04 thg 5,22:10,2h 0m,"TP HCM (SGN)
Sân bay Tân Sơn Nhất
Nhà ga 1","Hải Phòng (HPH)
Sân bay quốc tế Cát Bi",Hành lý 0 kg,Hành lý xách tay 7 kg,01-05-2025
VietJet Air,3.857.412 VND/khách,16:10,04 thg 5,04 thg 5,18:10,2h 0m,"TP HCM (SGN)
Sân bay Tân Sơn Nhất
Nhà ga 1","Hải Phòng (HPH)
Sân bay quốc tế Cát Bi",Hành lý 0 kg,Hành lý xách tay 7 kg,01-05-2025
VietJet Air,3.857.412 VND/khách,19:35,04 thg 5,04 thg 5,21:35,2h 0m,"TP HCM (SGN)
Sân bay Tân Sơn Nhất
Nhà ga 1","Hải Phòng (HPH)
Sân bay quốc tế Cát Bi",Hành lý 0 kg,Hành lý xách tay 7 kg,01-05-2025
Vietnam Airlines,4.017.553 VND/khách,20:45,04 thg 5,04 thg 5,22:45,2h 0m,"TP HCM (SGN)
Sân bay Tân Sơn Nhất","Hải Phòng (HPH)
Sân bay quốc tế Cát Bi",Hành lý 1 x 23 kg,Hành lý xách tay 1 x 12 kg,01-05-2025
VietJet Air,3.496.930 VND/khách,21:10,04 thg 5,04 thg 5,23:05,1h 55m,"TP HCM (SGN)
Sân bay Tân Sơn Nhất
Nhà ga 1","Hải Phòng (HPH)
Sân bay quốc tế Cát Bi",Hành lý 0 kg,Hành lý xách tay 7 kg,02-05-2025
VietJet Air,3.496.930 VND/khách,04:30,04 thg 5,04 thg 5,06:30,2h 0m,"TP HCM (SGN)
Sân bay Tân Sơn Nhất
Nhà ga 1","Hải Phòng (HPH)
Sân bay quốc tế Cát Bi",Hành lý 0 kg,Hành lý xách tay 7 kg,02-05-2025
VietJet Air,3.496.930 VND/khách,06:15,04 thg 5,04 thg 5,08:15,2h 0m,"TP HCM (SGN)
Sân bay Tân Sơn Nhất
Nhà ga 1","Hải Phòng (HPH)
Sân bay quốc tế Cát Bi",Hành lý 0 kg,Hành lý xách tay 7 kg,02-05-2025
VietJet Air,3.825.101 VND/khách,20:10,04 thg 5,04 thg 5,22:10,2h 0m,"TP HCM (SGN)
Sân bay Tân Sơn Nhất
Nhà ga 1","Hải Phòng (HPH)
Sân bay quốc tế Cát Bi",Hành lý 0 kg,Hành lý xách tay 7 kg,02-05-2025
VietJet Air,3.859.051 VND/khách,19:35,04 thg 5,04 thg 5,21:35,2h 0m,"TP HCM (SGN)
Sân bay Tân Sơn Nhất
Nhà ga 1","Hải Phòng (HPH)
Sân bay quốc tế Cát Bi",Hành lý 0 kg,Hành lý xách tay 7 kg,02-05-2025
VietJet Air,3.674.790 VND/khách,21:15,04 thg 5,04 thg 5,23:15,2h 0m,"TP HCM (SGN)
Sân bay Tân Sơn Nhất
Nhà ga 1","Hải Phòng (HPH)
Sân bay quốc tế Cát Bi",Hành lý 0 kg,Hành lý xách tay 7 kg,03-05-2025
VietJet Air,3.730.650 VND/khách,6:15,04 thg 5,04 thg 5,8:15,2h 0m,"TP HCM (SGN)
Sân bay Tân Sơn Nhất
Nhà ga 1","Hải Phòng (HPH)
Sân bay quốc tế Cát Bi",Hành lý 0 kg,Hành lý xách tay 7 kg,03-05-2025
VietJet Air,3.731.648 VND/khách,20:10,04 thg 5,04 thg 5,22:10,2h 0m,"TP HCM (SGN)
Sân bay Tân Sơn Nhất
Nhà ga 1","Hải Phòng (HPH)
Sân bay quốc tế Cát Bi",Hành lý 0 kg,Hành lý xách tay 7 kg,03-05-2025
VietJet Air,3.761.573 VND/khách,19:35,04 thg 5,04 thg 5,21:35,2h 0m,"TP HCM (SGN)
Sân bay Tân Sơn Nhất
Nhà ga 1","Hải Phòng (HPH)
Sân bay quốc tế Cát Bi",Hành lý 0 kg,Hành lý xách tay 7 kg,03-05-2025
VietJet Air,3.768.521 VND/khách,4:30,04 thg 5,04 thg 5,6:30,2h 0m,"TP HCM (SGN)
Sân bay Tân Sơn Nhất
Nhà ga 1","Hải Phòng (HPH)
Sân bay quốc tế Cát Bi",Hành lý 0 kg,Hành lý xách tay 7 kg,03-05-2025
VietJet Air,3.859.051 VND/khách,16:10,04 thg 5,04 thg 5,18:10,2h 0m,"TP HCM (SGN)
Sân bay Tân Sơn Nhất
Nhà ga 1","Hải Phòng (HPH)
Sân bay quốc tế Cát Bi",Hành lý 0 kg,Hành lý xách tay 7 kg,03-05-2025
VietJet Air,3.761.573 VND/khách,20:45,04 thg 5,04 thg 5,22h45,2h 0m,"TP HCM (SGN)
Sân bay Tân Sơn Nhất
Nhà ga 2","Hải Phòng (HPH)
Sân bay quốc tế Cát Bi",Hành lý 0 kg,Hành lý xách tay 7 kg,03-05-2025
VietJet Air,2.368.065 VND/khách,04:30,04 thg 5,04 thg 5,06:30,2h 0m,"TP HCM (SGN)
Sân bay Tân Sơn Nhất
Nhà ga 1","Hải Phòng (HPH)
Sân bay quốc tế Cát Bi",Hành lý 0 kg,Hành lý xách tay 7 kg,18-04-2025
VietJet Air,2.804.970 VND/khách,06:15,04 thg 5,04 thg 5,08:15,2h 0m,"TP HCM (SGN)
Sân bay Tân Sơn Nhất
Nhà ga 1","Hải Phòng (HPH)
Sân bay quốc tế Cát Bi",Hành lý 0 kg,Hành lý xách tay 7 kg,18-04-2025
VietJet Air,3.126.165 VND/khách,21:10,04 thg 5,04 thg 5,23:05,1h 55m,"TP HCM (SGN)
Sân bay Tân Sơn Nhất
Nhà ga 1","Hải Phòng (HPH)
Sân bay quốc tế Cát Bi",Hành lý 0 kg,Hành lý xách tay 7 kg,18-04-2025
VietJet Air,3.126.165 VND/khách,20:10,04 thg 5,04 thg 5,22:10,2h 0m,"TP HCM (SGN)
Sân bay Tân Sơn Nhất
Nhà ga 1","Hải Phòng (HPH)
Sân bay quốc tế Cát Bi",Hành lý 0 kg,Hành lý xách tay 7 kg,18-04-2025
VietJet Air,3.418.433 VND/khách,19:15,04 thg 5,04 thg 5,21:15,2h 0m,"TP HCM (SGN)
Sân bay Tân Sơn Nhất
Nhà ga 1","Hải Phòng (HPH)
Sân bay quốc tế Cát Bi",Hành lý 0 kg,Hành lý xách tay 7 kg,18-04-2025
VietJet Air,3.680.775 VND/khách,11:35,04 thg 5,04 thg 5,13:35,2h 0m,"TP HCM (SGN)
Sân bay Tân Sơn Nhất
Nhà ga 1","Hải Phòng (HPH)
Sân bay quốc tế Cát Bi",Hành lý 0 kg,Hành lý xách tay 7 kg,18-04-2025
VietJet Air,3.680.775 VND/khách,16:10,04 thg 5,04 thg 5,18:10,2h 0m,"TP HCM (SGN)
Sân bay Tân Sơn Nhất
Nhà ga 1","Hải Phòng (HPH)
Sân bay quốc tế Cát Bi",Hành lý 0 kg,Hành lý xách tay 7 kg,18-04-2025
VietJet Air,2.811.953 VND/khách,04:30,04 thg 5,04 thg 5,06:30,2h 0m,"TP HCM (SGN)
Sân bay Tân Sơn Nhất
Nhà ga 1","Hải Phòng (HPH)
Sân bay quốc tế Cát Bi",,,19-04-2025
VietJet Air,2.811.953 VND/khách,06:15,04 thg 5,04 thg 5,08:15,2h 0m,"TP HCM (SGN)
Sân bay Tân Sơn Nhất
Nhà ga 1","Hải Phòng (HPH)
Sân bay quốc tế Cát Bi",,,19-04-2025
VietJet Air,3.123.173 VND/khách,21:10,04 thg 5,04 thg 5,23:05,1h 55m,"TP HCM (SGN)
Sân bay Tân Sơn Nhất
Nhà ga 1","Hải Phòng (HPH)
Sân bay quốc tế Cát Bi",,,19-04-2025
VietJet Air,3.123.173 VND/khách,20:10,04 thg 5,04 thg 5,22:10,2h 0m,"TP HCM (SGN)
Sân bay Tân Sơn Nhất
Nhà ga 1","Hải Phòng (HPH)
Sân bay quốc tế Cát Bi",,,19-04-2025
VietJet Air,3.412.448 VND/khách,19:15,04 thg 5,04 thg 5,21:15,2h 0m,"TP HCM (SGN)
Sân bay Tân Sơn Nhất
Nhà ga 1","Hải Phòng (HPH)
Sân bay quốc tế Cát Bi",,,19-04-2025
VietJet Air,3.687.758 VND/khách,11:35,04 thg 5,04 thg 5,13:35,2h 0m,"TP HCM (SGN)
Sân bay Tân Sơn Nhất
Nhà ga 1","Hải Phòng (HPH)
Sân bay quốc tế Cát Bi",,,19-04-2025
VietJet Air,3.687.758 VND/khách,16:10,04 thg 5,04 thg 5,18:10,2h 0m,"TP HCM (SGN)
Sân bay Tân Sơn Nhất
Nhà ga 1","Hải Phòng (HPH)
Sân bay quốc tế Cát Bi",,,19-04-2025
VietJet Air,2.802.975 VND/khách,04:30,04 thg 5,04 thg 5,06:30,2h 0m,"TP HCM (SGN)
Sân bay Tân Sơn Nhất
Nhà ga 1","Hải Phòng (HPH)
Sân bay quốc tế Cát Bi",Hành lý 0 kg,Hành lý xách tay 7 kg,20-04-2025
VietJet Air,2.802.975 VND/khách,06:15,04 thg 5,04 thg 5,08:15,2h 0m,"TP HCM (SGN)
Sân bay Tân Sơn Nhất
Nhà ga 1","Hải Phòng (HPH)
Sân bay quốc tế Cát Bi",Hành lý 0 kg,Hành lý xách tay 7 kg,20-04-2025
VietJet Air,3.118.185 VND/khách,21:10,04 thg 5,04 thg 5,23:05,1h 55m,"TP HCM (SGN)
Sân bay Tân Sơn Nhất
Nhà ga 1","Hải Phòng (HPH)
Sân bay quốc tế Cát Bi",Hành lý 0 kg,Hành lý xách tay 7 kg,20-04-2025
VietJet Air,3.118.185 VND/khách,20:10,04 thg 5,04 thg 5,22:10,2h 0m,"TP HCM (SGN)
Sân bay Tân Sơn Nhất
Nhà ga 1","Hải Phòng (HPH)
Sân bay quốc tế Cát Bi",Hành lý 0 kg,Hành lý xách tay 7 kg,20-04-2025
VietJet Air,3.408.458 VND/khách,19:15,04 thg 5,04 thg 5,21:15,2h 0m,"TP HCM (SGN)
Sân bay Tân Sơn Nhất
Nhà ga 1","Hải Phòng (HPH)
Sân bay quốc tế Cát Bi",Hành lý 0 kg,Hành lý xách tay 7 kg,20-04-2025
VietJet Air,3.723.668 VND/khách,11:35,04 thg 5,04 thg 5,13:35,2h 0m,"TP HCM (SGN)
Sân bay Tân Sơn Nhất
Nhà ga 1","Hải Phòng (HPH)
Sân bay quốc tế Cát Bi",Hành lý 0 kg,Hành lý xách tay 7 kg,20-04-2025
VietJet Air,3.723.668 VND/khách,16:10,04 thg 5,04 thg 5,18:10,2h 0m,"TP HCM (SGN)
Sân bay Tân Sơn Nhất
Nhà ga 1","Hải Phòng (HPH)
Sân bay quốc tế Cát Bi",Hành lý 0 kg,Hành lý xách tay 7 kg,20-04-2025
VietJet Air,2.802.975 VND/khách,04:30,04 thg 5,04 thg 5,06:30,2h 0m,"TP HCM (SGN)
Sân bay Tân Sơn Nhất
Nhà ga 1","Hải Phòng (HPH)
Sân bay quốc tế Cát Bi",Hành lý 0 kg,Hành lý xách tay 7 kg,21-04-2025
VietJet Air,2.974.019 VND/khách,06:15,04 thg 5,04 thg 5,08:15,2h 0m,"TP HCM (SGN)
Sân bay Tân Sơn Nhất
Nhà ga 1","Hải Phòng (HPH)
Sân bay quốc tế Cát Bi",Hành lý 0 kg,Hành lý xách tay 7 kg,21-04-2025
VietJet Air,3.118.185 VND/khách,21:10,04 thg 5,04 thg 5,23:05,1h 55m,"TP HCM (SGN)
Sân bay Tân Sơn Nhất
Nhà ga 1","Hải Phòng (HPH)
Sân bay quốc tế Cát Bi",Hành lý 0 kg,Hành lý xách tay 7 kg,21-04-2025
VietJet Air,3.118.185 VND/khách,20:10,04 thg 5,04 thg 5,22:10,2h 0m,"TP HCM (SGN)
Sân bay Tân Sơn Nhất
Nhà ga 1","Hải Phòng (HPH)
Sân bay quốc tế Cát Bi",Hành lý 0 kg,Hành lý xách tay 7 kg,21-04-2025
VietJet Air,3.408.458 VND/khách,19:15,04 thg 5,04 thg 5,21:15,2h 0m,"TP HCM (SGN)
Sân bay Tân Sơn Nhất
Nhà ga 1","Hải Phòng (HPH)
Sân bay quốc tế Cát Bi",Hành lý 0 kg,Hành lý xách tay 7 kg,21-04-2025
VietJet Air,3.723.668 VND/khách,11:35,04 thg 5,04 thg 5,13:35,2h 0m,"TP HCM (SGN)
Sân bay Tân Sơn Nhất
Nhà ga 1","Hải Phòng (HPH)
Sân bay quốc tế Cát Bi",Hành lý 0 kg,Hành lý xách tay 7 kg,21-04-2025
VietJet Air,3.723.668 VND/khách,16:10,04 thg 5,04 thg 5,18:10,2h 0m,"TP HCM (SGN)
Sân bay Tân Sơn Nhất
Nhà ga 1","Hải Phòng (HPH)
Sân bay quốc tế Cát Bi",Hành lý 0 kg,Hành lý xách tay 7 kg,21-04-2025
VietJet Air,3.130.155 VND/khách,21:10,04 thg 5,04 thg 5,23:05,1h 55m,"TP HCM (SGN)
Sân bay Tân Sơn Nhất
Nhà ga 1","Hải Phòng (HPH)
Sân bay quốc tế Cát Bi",Hành lý 0 kg,Hành lý xách tay 7 kg,22-04-2025
VietJet Air,3.130.155 VND/khách,04:30,04 thg 5,04 thg 5,06:30,2h 0m,"TP HCM (SGN)
Sân bay Tân Sơn Nhất
Nhà ga 1","Hải Phòng (HPH)
Sân bay quốc tế Cát Bi",Hành lý 0 kg,Hành lý xách tay 7 kg,22-04-2025
VietJet Air,3.130.155 VND/khách,06:15,04 thg 5,04 thg 5,08:15,2h 0m,"TP HCM (SGN)
Sân bay Tân Sơn Nhất
Nhà ga 1","Hải Phòng (HPH)
Sân bay quốc tế Cát Bi",Hành lý 0 kg,Hành lý xách tay 7 kg,22-04-2025
VietJet Air,3.130.155 VND/khách,20:10,04 thg 5,04 thg 5,22:10,2h 0m,"TP HCM (SGN)
Sân bay Tân Sơn Nhất
Nhà ga 1","Hải Phòng (HPH)
Sân bay quốc tế Cát Bi",Hành lý 0 kg,Hành lý xách tay 7 kg,22-04-2025
VietJet Air,3.734.640 VND/khách,11:35,04 thg 5,04 thg 5,13:35,2h 0m,"TP HCM (SGN)
Sân bay Tân Sơn Nhất
Nhà ga 1","Hải Phòng (HPH)
Sân bay quốc tế Cát Bi",Hành lý 0 kg,Hành lý xách tay 7 kg,22-04-2025
VietJet Air,3.734.640 VND/khách,16:10,04 thg 5,04 thg 5,18:10,2h 0m,"TP HCM (SGN)
Sân bay Tân Sơn Nhất
Nhà ga 1","Hải Phòng (HPH)
Sân bay quốc tế Cát Bi",Hành lý 0 kg,Hành lý xách tay 7 kg,22-04-2025
VietJet Air,3.734.640 VND/khách,19:15,04 thg 5,04 thg 5,21:15,2h 0m,"TP HCM (SGN)
Sân bay Tân Sơn Nhất
Nhà ga 1","Hải Phòng (HPH)
Sân bay quốc tế Cát Bi",Hành lý 0 kg,Hành lý xách tay 7 kg,22-04-2025
Vietnam Airlines,3.857.875 VND/khách,07:45,04 thg 5,04 thg 5,09:45,2h 0m,"TP HCM (SGN)
Sân bay Tân Sơn Nhất","Hải Phòng (HPH)
Sân bay quốc tế Cát Bi",Hành lý 23 kg,Hành lý xách tay 1 x 12 kg,22-04-2025
Vietnam Airlines,3.857.875 VND/khách,13:20,04 thg 5,04 thg 5,15:25,2h 5m,"TP HCM (SGN)
Sân bay Tân Sơn Nhất
Nhà ga 1","Hải Phòng (HPH)
Sân bay quốc tế Cát Bi",Hành lý 23 kg,Hành lý xách tay 1 x 12 kg,22-04-2025
VietJet Air,2.821.928 VND/khách,04:30,04 thg 5,04 thg 5,06:30,2h 0m,"TP HCM (SGN)
Sân bay Tân Sơn Nhất
Nhà ga 1","Hải Phòng (HPH)
Sân bay quốc tế Cát Bi",,,23-04-2025
VietJet Air,2.865.818 VND/khách,06:15,04 thg 5,04 thg 5,08:15,2h 0m,"TP HCM (SGN)
Sân bay Tân Sơn Nhất
Nhà ga 1","Hải Phòng (HPH)
Sân bay quốc tế Cát Bi",,,23-04-2025
VietJet Air,3.135.143 VND/khách,21:10,04 thg 5,04 thg 5,23:05,1h 55m,"TP HCM (SGN)
Sân bay Tân Sơn Nhất
Nhà ga 1","Hải Phòng (HPH)
Sân bay quốc tế Cát Bi",,,23-04-2025
VietJet Air,3.135.143 VND/khách,20:10,04 thg 5,04 thg 5,22:10,2h 0m,"TP HCM (SGN)
Sân bay Tân Sơn Nhất
Nhà ga 1","Hải Phòng (HPH)
Sân bay quốc tế Cát Bi",,,23-04-2025
VietJet Air,3.738.630 VND/khách,11:35,04 thg 5,04 thg 5,13:35,2h 0m,"TP HCM (SGN)
Sân bay Tân Sơn Nhất
Nhà ga 1","Hải Phòng (HPH)
Sân bay quốc tế Cát Bi",,,23-04-2025
VietJet Air,3.768.555 VND/khách,16:10,04 thg 5,04 thg 5,18:10,2h 0m,"TP HCM (SGN)
Sân bay Tân Sơn Nhất
Nhà ga 1","Hải Phòng (HPH)
Sân bay quốc tế Cát Bi",,,23-04-2025
VietJet Air,3.768.555 VND/khách,19:15,04 thg 5,04 thg 5,21:15,2h 0m,"TP HCM (SGN)
Sân bay Tân Sơn Nhất
Nhà ga 1","Hải Phòng (HPH)
Sân bay quốc tế Cát Bi",,,23-04-2025
Vietnam Airlines,3.928.068 VND/khách,07:45,04 thg 5,04 thg 5,09:45,2h 0m,"TP HCM (SGN)
Sân bay Tân Sơn Nhất
Nhà ga 3","Hải Phòng (HPH)
Sân bay quốc tế Cát Bi",,,23-04-2025
VietJet Air,2.823.923 VND/khách,04:30,04 thg 5,04 thg 5,06:30,2h 0m,"TP HCM (SGN)
Sân bay Tân Sơn Nhất
Nhà ga 1","Hải Phòng (HPH)
Sân bay quốc tế Cát Bi",,,24-04-2025
VietJet Air,3.137.138 VND/khách,21:10,04 thg 5,04 thg 5,23:05,1h 55m,"TP HCM (SGN)
Sân bay Tân Sơn Nhất
Nhà ga 1","Hải Phòng (HPH)
Sân bay quốc tế Cát Bi",,,24-04-2025
VietJet Air,3.137.138 VND/khách,06:15,04 thg 5,04 thg 5,08:15,2h 0m,"TP HCM (SGN)
Sân bay Tân Sơn Nhất
Nhà ga 1","Hải Phòng (HPH)
Sân bay quốc tế Cát Bi",,,24-04-2025
VietJet Air,3.427.410 VND/khách,20:10,04 thg 5,04 thg 5,22:10,2h 0m,"TP HCM (SGN)
Sân bay Tân Sơn Nhất
Nhà ga 1","Hải Phòng (HPH)
Sân bay quốc tế Cát Bi",,,24-04-2025
VietJet Air,3.774.540 VND/khách,11:35,04 thg 5,04 thg 5,13:35,2h 0m,"TP HCM (SGN)
Sân bay Tân Sơn Nhất
Nhà ga 1","Hải Phòng (HPH)
Sân bay quốc tế Cát Bi",,,24-04-2025
VietJet Air,3.774.540 VND/khách,16:10,04 thg 5,04 thg 5,18:10,2h 0m,"TP HCM (SGN)
Sân bay Tân Sơn Nhất
Nhà ga 1","Hải Phòng (HPH)
Sân bay quốc tế Cát Bi",,,24-04-2025
VietJet Air,3.774.540 VND/khách,19:15,04 thg 5,04 thg 5,21:15,2h 0m,"TP HCM (SGN)
Sân bay Tân Sơn Nhất
Nhà ga 1","Hải Phòng (HPH)
Sân bay quốc tế Cát Bi",,,24-04-2025
Vietnam Airlines,3.922.074 VND/khách,07:45,04 thg 5,04 thg 5,09:45,2h 0m,"TP HCM (SGN)
Sân bay Tân Sơn Nhất
Nhà ga T3","Hải Phòng (HPH)
Sân bay quốc tế Cát Bi",,,24-04-2025
VietJet Air,2.814.945 VND/khách,04:30,04 thg 5,04 thg 5,06:30,2h 0m,"TP HCM (SGN)
Sân bay Tân Sơn Nhất
Nhà ga 1","Hải Phòng (HPH)
Sân bay quốc tế Cát Bi",Hành lý 0 kg,Hành lý xách tay 7 kg,25-04-2025
VietJet Air,3.135.143 VND/khách,21:10,04 thg 5,04 thg 5,23:05,1h 55m,"TP HCM (SGN)
Sân bay Tân Sơn Nhất
Nhà ga 1","Hải Phòng (HPH)
Sân bay quốc tế Cát Bi",Hành lý 0 kg,Hành lý xách tay 7 kg,25-04-2025
VietJet Air,3.135.143 VND/khách,06:15,04 thg 5,04 thg 5,08:15,2h 0m,"TP HCM (SGN)
Sân bay Tân Sơn Nhất
Nhà ga 1","Hải Phòng (HPH)
Sân bay quốc tế Cát Bi",Hành lý 0 kg,Hành lý xách tay 7 kg,25-04-2025
VietJet Air,3.426.413 VND/khách,20:10,04 thg 5,04 thg 5,22:10,2h 0m,"TP HCM (SGN)
Sân bay Tân Sơn Nhất
Nhà ga 1","Hải Phòng (HPH)
Sân bay quốc tế Cát Bi",Hành lý 0 kg,Hành lý xách tay 7 kg,25-04-2025
VietJet Air,3.769.553 VND/khách,11:35,04 thg 5,04 thg 5,13:35,2h 0m,"TP HCM (SGN)
Sân bay Tân Sơn Nhất
Nhà ga 1","Hải Phòng (HPH)
Sân bay quốc tế Cát Bi",Hành lý 0 kg,Hành lý xách tay 7 kg,25-04-2025
VietJet Air,3.769.553 VND/khách,16:10,04 thg 5,04 thg 5,18:10,2h 0m,"TP HCM (SGN)
Sân bay Tân Sơn Nhất
Nhà ga 1","Hải Phòng (HPH)
Sân bay quốc tế Cát Bi",Hành lý 0 kg,Hành lý xách tay 7 kg,25-04-2025
VietJet Air,3.769.553 VND/khách,19:15,04 thg 5,04 thg 5,21:15,2h 0m,"TP HCM (SGN)
Sân bay Tân Sơn Nhất
Nhà ga 1","Hải Phòng (HPH)
Sân bay quốc tế Cát Bi",Hành lý 0 kg,Hành lý xách tay 7 kg,25-04-2025
Vietnam Airlines,3.921.075 VND/khách,20:45,04 thg 5,04 thg 5,22:45,2h 0m,"TP HCM (SGN)
Sân bay Tân Sơn Nhất
Nhà ga T3","Hải Phòng (HPH)
Sân bay quốc tế Cát Bi",Hành lý 1 x 23 kg,Hành lý xách tay 1 x 12 kg,25-04-2025
Vietnam Airlines,3.921.075 VND/khách,13:20,04 thg 5,04 thg 5,15:25,2h 5m,"TP HCM (SGN)
Sân bay Tân Sơn Nhất
Nhà ga 1","Hải Phòng (HPH)
Sân bay quốc tế Cát Bi",Hành lý 1 x 23 kg,Hành lý xách tay 1 x 12 kg,25-04-2025
VietJet Air,2.796.990 VND/khách,04:30,04 thg 5,04 thg 5,06:30,2h 0m,"TP HCM (SGN)
Sân bay Tân Sơn Nhất
Nhà ga 1","Hải Phòng (HPH)
Sân bay quốc tế Cát Bi",Hành lý 0 kg,Hành lý xách tay 7 kg,26-04-2025
VietJet Air,3.110.217 VND/khách,06:15,04 thg 5,04 thg 5,08:15,2h 0m,"TP HCM (SGN)
Sân bay Tân Sơn Nhất
Nhà ga 1","Hải Phòng (HPH)
Sân bay quốc tế Cát Bi",Hành lý 0 kg,Hành lý xách tay 7 kg,26-04-2025
VietJet Air,3.118.185 VND/khách,21:10,04 thg 5,04 thg 5,23:05,1h 55m,"TP HCM (SGN)
Sân bay Tân Sơn Nhất
Nhà ga 1","Hải Phòng (HPH)
Sân bay quốc tế Cát Bi",Hành lý 0 kg,Hành lý xách tay 7 kg,26-04-2025
VietJet Air,3.711.698 VND/khách,20:10,04 thg 5,04 thg 5,22:10,2h 0m,"TP HCM (SGN)
Sân bay Tân Sơn Nhất
Nhà ga 1","Hải Phòng (HPH)
Sân bay quốc tế Cát Bi",Hành lý 0 kg,Hành lý xách tay 7 kg,26-04-2025
VietJet Air,3.741.623 VND/khách,11:35,04 thg 5,04 thg 5,13:35,2h 0m,"TP HCM (SGN)
Sân bay Tân Sơn Nhất
Nhà ga 1","Hải Phòng (HPH)
Sân bay quốc tế Cát Bi",Hành lý 0 kg,Hành lý xách tay 7 kg,26-04-2025
VietJet Air,3.741.623 VND/khách,16:10,04 thg 5,04 thg 5,18:10,2h 0m,"TP HCM (SGN)
Sân bay Tân Sơn Nhất
Nhà ga 1","Hải Phòng (HPH)
Sân bay quốc tế Cát Bi",Hành lý 0 kg,Hành lý xách tay 7 kg,26-04-2025
VietJet Air,3.741.623 VND/khách,19:35,04 thg 5,04 thg 5,21:35,2h 0m,"TP HCM (SGN)
Sân bay Tân Sơn Nhất
Nhà ga 1","Hải Phòng (HPH)
Sân bay quốc tế Cát Bi",Hành lý 0 kg,Hành lý xách tay 7 kg,26-04-2025
VietJet Air,2.785.020 VND/khách,04:30,04 thg 5,04 thg 5,06:30,2h 0m,"TP HCM (SGN)
Sân bay Tân Sơn Nhất
Nhà ga 1","Hải Phòng (HPH)
Sân bay quốc tế Cát Bi",Hành lý 0 kg,Hành lý xách tay 7 kg,27-04-2025
VietJet Air,3.211.398 VND/khách,06:15,04 thg 5,04 thg 5,08:15,2h 0m,"TP HCM (SGN)
Sân bay Tân Sơn Nhất
Nhà ga 1","Hải Phòng (HPH)
Sân bay quốc tế Cát Bi",Hành lý 0 kg,Hành lý xách tay 7 kg,27-04-2025
VietJet Air,3.383.986 VND/khách,21:10,04 thg 5,04 thg 5,23:05,1h 55m,"TP HCM (SGN)
Sân bay Tân Sơn Nhất
Nhà ga 1","Hải Phòng (HPH)
Sân bay quốc tế Cát Bi",Hành lý 0 kg,Hành lý xách tay 7 kg,27-04-2025
VietJet Air,3.701.558 VND/khách,20:10,04 thg 5,04 thg 5,22:10,2h 0m,"TP HCM (SGN)
Sân bay Tân Sơn Nhất
Nhà ga 1","Hải Phòng (HPH)
Sân bay quốc tế Cát Bi",Hành lý 0 kg,Hành lý xách tay 7 kg,27-04-2025
VietJet Air,3.734.411 VND/khách,11:35,04 thg 5,04 thg 5,13:35,2h 0m,"TP HCM (SGN)
Sân bay Tân Sơn Nhất
Nhà ga 1","Hải Phòng (HPH)
Sân bay quốc tế Cát Bi",Hành lý 0 kg,Hành lý xách tay 7 kg,27-04-2025
VietJet Air,3.734.411 VND/khách,16:10,04 thg 5,04 thg 5,18:10,2h 0m,"TP HCM (SGN)
Sân bay Tân Sơn Nhất
Nhà ga 1","Hải Phòng (HPH)
Sân bay quốc tế Cát Bi",Hành lý 0 kg,Hành lý xách tay 7 kg,27-04-2025
VietJet Air,3.855.898 VND/khách,19:35,04 thg 5,04 thg 5,21:35,2h 0m,"TP HCM (SGN)
Sân bay Tân Sơn Nhất
Nhà ga 1","Hải Phòng (HPH)
Sân bay quốc tế Cát Bi",Hành lý 0 kg,Hành lý xách tay 7 kg,27-04-2025
VietJet Air,2.783.025 VND/khách,04:30,04 thg 5,04 thg 5,06:30,2h 0m,"TP HCM (SGN)
Sân bay Tân Sơn Nhất
Nhà ga 1","Hải Phòng (HPH)
Sân bay quốc tế Cát Bi",Hành lý 0 kg,Hành lý xách tay 7 kg,28-04-2025
VietJet Air,3.212.884 VND/khách,06:15,04 thg 5,04 thg 5,08:15,2h 0m,"TP HCM (SGN)
Sân bay Tân Sơn Nhất
Nhà ga 1","Hải Phòng (HPH)
Sân bay quốc tế Cát Bi",Hành lý 0 kg,Hành lý xách tay 7 kg,28-04-2025
VietJet Air,3.383.986 VND/khách,21:10,04 thg 5,04 thg 5,23:05,1h 55m,"TP HCM (SGN)
Sân bay Tân Sơn Nhất
Nhà ga 1","Hải Phòng (HPH)
Sân bay quốc tế Cát Bi",Hành lý 0 kg,Hành lý xách tay 7 kg,28-04-2025
VietJet Air,3.701.558 VND/khách,20:10,04 thg 5,04 thg 5,22:10,2h 0m,"TP HCM (SGN)
Sân bay Tân Sơn Nhất
Nhà ga 1","Hải Phòng (HPH)
Sân bay quốc tế Cát Bi",Hành lý 0 kg,Hành lý xách tay 7 kg,28-04-2025
VietJet Air,3.813.443 VND/khách,16:10,04 thg 5,04 thg 5,18:10,2h 0m,"TP HCM (SGN)
Sân bay Tân Sơn Nhất
Nhà ga 1","Hải Phòng (HPH)
Sân bay quốc tế Cát Bi",Hành lý 0 kg,Hành lý xách tay 7 kg,28-04-2025
VietJet Air,3.857.682 VND/khách,19:35,04 thg 5,04 thg 5,21:35,2h 0m,"TP HCM (SGN)
Sân bay Tân Sơn Nhất
Nhà ga 1","Hải Phòng (HPH)
Sân bay quốc tế Cát Bi",Hành lý 0 kg,Hành lý xách tay 7 kg,28-04-2025
VietJet Air,3.055.239 VND/khách,04:30,04 thg 5,04 thg 5,06:30,2h 0m,"TP HCM (SGN)
Sân bay Tân Sơn Nhất
Nhà ga 1","Hải Phòng (HPH)
Sân bay quốc tế Cát Bi",Hành lý 0 kg,Hành lý xách tay 7 kg,29-04-2025
VietJet Air,3.213.647 VND/khách,06:15,04 thg 5,04 thg 5,08:15,2h 0m,"TP HCM (SGN)
Sân bay Tân Sơn Nhất
Nhà ga 1","Hải Phòng (HPH)
Sân bay quốc tế Cát Bi",Hành lý 0 kg,Hành lý xách tay 7 kg,29-04-2025
VietJet Air,3.496.520 VND/khách,21:10,04 thg 5,04 thg 5,23:05,1h 55m,"TP HCM (SGN)
Sân bay Tân Sơn Nhất
Nhà ga 1","Hải Phòng (HPH)
Sân bay quốc tế Cát Bi",Hành lý 0 kg,Hành lý xách tay 7 kg,29-04-2025
VietJet Air,3.744.615 VND/khách,16:10,04 thg 5,04 thg 5,18:10,2h 0m,"TP HCM (SGN)
Sân bay Tân Sơn Nhất
Nhà ga 1","Hải Phòng (HPH)
Sân bay quốc tế Cát Bi",Hành lý 0 kg,Hành lý xách tay 7 kg,29-04-2025
VietJet Air,3.824.653 VND/khách,20:10,04 thg 5,04 thg 5,22:10,2h 0m,"TP HCM (SGN)
Sân bay Tân Sơn Nhất
Nhà ga 1","Hải Phòng (HPH)
Sân bay quốc tế Cát Bi",Hành lý 0 kg,Hành lý xách tay 7 kg,29-04-2025
VietJet Air,3.858.597 VND/khách,19:35,04 thg 5,04 thg 5,21:35,2h 0m,"TP HCM (SGN)
Sân bay Tân Sơn Nhất
Nhà ga 1","Hải Phòng (HPH)
Sân bay quốc tế Cát Bi",Hành lý 0 kg,Hành lý xách tay 7 kg,29-04-2025
VietJet Air,3.054.462 VND/khách,04:30,04 thg 5,04 thg 5,06:30,2h 0m,"TP HCM (SGN)
Sân bay Tân Sơn Nhất
Nhà ga 1","Hải Phòng (HPH)
Sân bay quốc tế Cát Bi",Hành lý 0 kg,Hành lý xách tay 7 kg,30-04-2025
VietJet Air,3.212.831 VND/khách,06:15,04 thg 5,04 thg 5,08:15,2h 0m,"TP HCM (SGN)
Sân bay Tân Sơn Nhất
Nhà ga 1","Hải Phòng (HPH)
Sân bay quốc tế Cát Bi",Hành lý 0 kg,Hành lý xách tay 7 kg,30-04-2025
VietJet Air,3.495.632 VND/khách,21:10,04 thg 5,04 thg 5,23:05,1h 55m,"TP HCM (SGN)
Sân bay Tân Sơn Nhất
Nhà ga 1","Hải Phòng (HPH)
Sân bay quốc tế Cát Bi",Hành lý 0 kg,Hành lý xách tay 7 kg,30-04-2025
VietJet Air,3.823.681 VND/khách,20:10,04 thg 5,04 thg 5,22:10,2h 0m,"TP HCM (SGN)
Sân bay Tân Sơn Nhất
Nhà ga 1","Hải Phòng (HPH)
Sân bay quốc tế Cát Bi",Hành lý 0 kg,Hành lý xách tay 7 kg,30-04-2025
VietJet Air,3.857.618 VND/khách,11:35,04 thg 5,04 thg 5,13:35,2h 0m,"TP HCM (SGN)
Sân bay Tân Sơn Nhất
Nhà ga 1","Hải Phòng (HPH)
Sân bay quốc tế Cát Bi",Hành lý 0 kg,Hành lý xách tay 7 kg,30-04-2025
VietJet Air,3.857.618 VND/khách,19:35,04 thg 5,04 thg 5,21:35,2h 0m,"TP HCM (SGN)
Sân bay Tân Sơn Nhất
Nhà ga 1","Hải Phòng (HPH)
Sân bay quốc tế Cát Bi",Hành lý 0 kg,Hành lý xách tay 7 kg,30-04-2025
Bamboo Airways,2.346.732 VND/khách,20:05,05 thg 5,05 thg 5,22:10,2h 5m,"TP HCM (SGN)
Sân bay Tân Sơn Nhất","Hải Phòng (HPH)
Sân bay quốc tế Cát Bi",Hành lý 0 kg,Hành lý xách tay 7 kg,01-05-2025
VietJet Air,2.070.204 VND/khách,21:10,05 thg 5,05 thg 5,23:05,1h 55m,"TP HCM (SGN)
Sân bay Tân Sơn Nhất
Nhà ga 1","Hải Phòng (HPH)
Sân bay quốc tế Cát Bi",Hành lý 0 kg,Hành lý xách tay 7 kg,01-05-2025
VietJet Air,2.070.204 VND/khách,20:10,05 thg 5,05 thg 5,22:10,2h 0m,"TP HCM (SGN)
Sân bay Tân Sơn Nhất
Nhà ga 1","Hải Phòng (HPH)
Sân bay quốc tế Cát Bi",Hành lý 0 kg,Hành lý xách tay 7 kg,01-05-2025
VietJet Air,2.239.875 VND/khách,19:35,05 thg 5,05 thg 5,21:35,2h 0m,"TP HCM (SGN)
Sân bay Tân Sơn Nhất
Nhà ga 1","Hải Phòng (HPH)
Sân bay quốc tế Cát Bi",Hành lý 0 kg,Hành lý xách tay 7 kg,01-05-2025
VietJet Air,2.635.775 VND/khách,16:10,05 thg 5,05 thg 5,18:10,2h 0m,"TP HCM (SGN)
Sân bay Tân Sơn Nhất
Nhà ga 1","Hải Phòng (HPH)
Sân bay quốc tế Cát Bi",Hành lý 0 kg,Hành lý xách tay 7 kg,01-05-2025
VietJet Air,2.862.005 VND/khách,04:30,05 thg 5,05 thg 5,06:30,2h 0m,"TP HCM (SGN)
Sân bay Tân Sơn Nhất
Nhà ga 1","Hải Phòng (HPH)
Sân bay quốc tế Cát Bi",Hành lý 0 kg,Hành lý xách tay 7 kg,01-05-2025
VietJet Air,2.862.005 VND/khách,06:15,05 thg 5,05 thg 5,08:15,2h 0m,"TP HCM (SGN)
Sân bay Tân Sơn Nhất
Nhà ga 1","Hải Phòng (HPH)
Sân bay quốc tế Cát Bi",Hành lý 0 kg,Hành lý xách tay 7 kg,01-05-2025
VietJet Air,3.212.660 VND/khách,09:15,05 thg 5,05 thg 5,11:15,2h 0m,"TP HCM (SGN)
Sân bay Tân Sơn Nhất
Nhà ga 1","Hải Phòng (HPH)
Sân bay quốc tế Cát Bi",Hành lý 0 kg,Hành lý xách tay 7 kg,01-05-2025
Vietnam Airlines,3.693.303 VND/khách,20:30,05 thg 5,05 thg 5,22:30,2h 0m,"TP HCM (SGN)
Sân bay Tân Sơn Nhất","Hải Phòng (HPH)
Sân bay quốc tế Cát Bi",Hành lý 1 x 23 kg,Hành lý xách tay 1 x 12 kg,01-05-2025
Bamboo Airways,2.346.732 VND/khách,20:05,05 thg 5,05 thg 5,22:10,2h 5m,"TP HCM (SGN)
Sân bay Tân Sơn Nhất","Hải Phòng (HPH)
Sân bay quốc tế Cát Bi",Hành lý 0 kg,Hành lý xách tay 7 kg,02-05-2025
VietJet Air,2.071.083 VND/khách,21:10,05 thg 5,05 thg 5,23:05,1h 55m,"TP HCM (SGN)
Sân bay Tân Sơn Nhất
Nhà ga 1","Hải Phòng (HPH)
Sân bay quốc tế Cát Bi",Hành lý 0 kg,Hành lý xách tay 7 kg,02-05-2025
VietJet Air,2.168.452 VND/khách,19:35,05 thg 5,05 thg 5,21:35,2h 0m,"TP HCM (SGN)
Sân bay Tân Sơn Nhất
Nhà ga 1","Hải Phòng (HPH)
Sân bay quốc tế Cát Bi",Hành lý 0 kg,Hành lý xách tay 7 kg,02-05-2025
VietJet Air,2.168.452 VND/khách,20:10,05 thg 5,05 thg 5,22:10,2h 0m,"TP HCM (SGN)
Sân bay Tân Sơn Nhất
Nhà ga 1","Hải Phòng (HPH)
Sân bay quốc tế Cát Bi",Hành lý 0 kg,Hành lý xách tay 7 kg,02-05-2025
VietJet Air,2.636.895 VND/khách,16:10,05 thg 5,05 thg 5,18:10,2h 0m,"TP HCM (SGN)
Sân bay Tân Sơn Nhất
Nhà ga 1","Hải Phòng (HPH)
Sân bay quốc tế Cát Bi",Hành lý 0 kg,Hành lý xách tay 7 kg,02-05-2025
VietJet Air,2.863.221 VND/khách,04:30,05 thg 5,05 thg 5,06:30,2h 0m,"TP HCM (SGN)
Sân bay Tân Sơn Nhất
Nhà ga 1","Hải Phòng (HPH)
Sân bay quốc tế Cát Bi",Hành lý 0 kg,Hành lý xách tay 7 kg,02-05-2025
VietJet Air,2.863.221 VND/khách,06:15,05 thg 5,05 thg 5,08:15,2h 0m,"TP HCM (SGN)
Sân bay Tân Sơn Nhất
Nhà ga 1","Hải Phòng (HPH)
Sân bay quốc tế Cát Bi",Hành lý 0 kg,Hành lý xách tay 7 kg,02-05-2025
VietJet Air,3.214.024 VND/khách,09:15,05 thg 5,05 thg 5,11:15,2h 0m,"TP HCM (SGN)
Sân bay Tân Sơn Nhất
Nhà ga 1","Hải Phòng (HPH)
Sân bay quốc tế Cát Bi",Hành lý 0 kg,Hành lý xách tay 7 kg,02-05-2025
Vietnam Airlines,3.696.300 VND/khách,20:30,05 thg 5,05 thg 5,22:30,2h 0m,"TP HCM (SGN)
Sân bay Tân Sơn Nhất","Hải Phòng (HPH)
Sân bay quốc tế Cát Bi",Hành lý 1 x 23 kg,Hành lý xách tay 1 x 12 kg,02-05-2025
Vietnam Airlines,3.871.125 VND/khách,17:55,05 thg 5,05 thg 5,19:55,2h 0m,"TP HCM (SGN)
Sân bay Tân Sơn Nhất","Hải Phòng (HPH)
Sân bay quốc tế Cát Bi",Hành lý 1 x 23 kg,Hành lý xách tay 1 x 12 kg,02-05-2025
Bamboo Airways,2.522.151 VND/khách,20:05,05 thg 5,05 thg 5,22:10,2h 5m,"TP HCM (SGN)
Sân bay Tân Sơn Nhất","Hải Phòng (HPH)
Sân bay quốc tế Cát Bi",Hành lý 0 kg,Hành lý xách tay 7 kg,03-05-2025
VietJet Air,2.179.538 VND/khách,21:10,05 thg 5,05 thg 5,23:05,1h 55m,"TP HCM (SGN)
Sân bay Tân Sơn Nhất
Nhà ga 1","Hải Phòng (HPH)
Sân bay quốc tế Cát Bi",Hành lý 0 kg,Hành lý xách tay 7 kg,03-05-2025
VietJet Air,2.433.203 VND/khách,20:10,05 thg 5,05 thg 5,22:10,2h 0m,"TP HCM (SGN)
Sân bay Tân Sơn Nhất
Nhà ga 1","Hải Phòng (HPH)
Sân bay quốc tế Cát Bi",Hành lý 0 kg,Hành lý xách tay 7 kg,03-05-2025
VietJet Air,2.551.729 VND/khách,19:35,05 thg 5,05 thg 5,21:35,2h 0m,"TP HCM (SGN)
Sân bay Tân Sơn Nhất
Nhà ga 1","Hải Phòng (HPH)
Sân bay quốc tế Cát Bi",Hành lý 0 kg,Hành lý xách tay 7 kg,03-05-2025
VietJet Air,2.779.035 VND/khách,04:30,05 thg 5,05 thg 5,06:30,2h 0m,"TP HCM (SGN)
Sân bay Tân Sơn Nhất
Nhà ga 1","Hải Phòng (HPH)
Sân bay quốc tế Cát Bi",Hành lý 0 kg,Hành lý xách tay 7 kg,03-05-2025
VietJet Air,2.779.035 VND/khách,16:10,05 thg 5,05 thg 5,18:10,2h 0m,"TP HCM (SGN)
Sân bay Tân Sơn Nhất
Nhà ga 1","Hải Phòng (HPH)
Sân bay quốc tế Cát Bi",Hành lý 0 kg,Hành lý xách tay 7 kg,03-05-2025
VietJet Air,3.055.597 VND/khách,06:15,05 thg 5,05 thg 5,08:15,2h 0m,"TP HCM (SGN)
Sân bay Tân Sơn Nhất
Nhà ga 1","Hải Phòng (HPH)
Sân bay quốc tế Cát Bi",Hành lý 0 kg,Hành lý xách tay 7 kg,03-05-2025
VietJet Air,2.563.575 VND/khách,20:20,05 thg 5,05 thg 5,22:20,2h 0m,"TP HCM (SGN)
Sân bay Tân Sơn Nhất
Nhà ga 1","Hải Phòng (HPH)
Sân bay quốc tế Cát Bi",Hành lý 0 kg,Hành lý xách tay 7 kg,04-05-2025
VietJet Air,2.608.463 VND/khách,21:15,05 thg 5,05 thg 5,23:15,2h 0m,"TP HCM (SGN)
Sân bay Tân Sơn Nhất
Nhà ga 1","Hải Phòng (HPH)
Sân bay quốc tế Cát Bi",Hành lý 0 kg,Hành lý xách tay 7 kg,04-05-2025
VietJet Air,2.972.550 VND/khách,16:10,05 thg 5,05 thg 5,18:10,2h 0m,"TP HCM (SGN)
Sân bay Tân Sơn Nhất
Nhà ga 1","Hải Phòng (HPH)
Sân bay quốc tế Cát Bi",Hành lý 0 kg,Hành lý xách tay 7 kg,04-05-2025
VietJet Air,1.578.045 VND/khách,20:10,05 thg 5,05 thg 5,22:10,2h 0m,"TP HCM (SGN)
Sân bay Tân Sơn Nhất
Nhà ga 1","Hải Phòng (HPH)
Sân bay quốc tế Cát Bi",Hành lý 0 kg,Hành lý xách tay 7 kg,18-04-2025
VietJet Air,1.724.678 VND/khách,21:10,05 thg 5,05 thg 5,23:05,1h 55m,"TP HCM (SGN)
Sân bay Tân Sơn Nhất
Nhà ga 1","Hải Phòng (HPH)
Sân bay quốc tế Cát Bi",Hành lý 0 kg,Hành lý xách tay 7 kg,18-04-2025
VietJet Air,1.730.571 VND/khách,19:15,05 thg 5,05 thg 5,21:15,2h 0m,"TP HCM (SGN)
Sân bay Tân Sơn Nhất
Nhà ga 1","Hải Phòng (HPH)
Sân bay quốc tế Cát Bi",Hành lý 0 kg,Hành lý xách tay 7 kg,18-04-2025
Bamboo Airways,1.815.275 VND/khách,20:05,05 thg 5,05 thg 5,22:10,2h 5m,"TP HCM (SGN)
Sân bay Tân Sơn Nhất","Hải Phòng (HPH)
Sân bay quốc tế Cát Bi",Hành lý 0 kg,Hành lý xách tay 7 kg,18-04-2025
VietJet Air,2.016.945 VND/khách,04:30,05 thg 5,05 thg 5,06:30,2h 0m,"TP HCM (SGN)
Sân bay Tân Sơn Nhất
Nhà ga 1","Hải Phòng (HPH)
Sân bay quốc tế Cát Bi",Hành lý 0 kg,Hành lý xách tay 7 kg,18-04-2025
VietJet Air,2.016.945 VND/khách,06:15,05 thg 5,05 thg 5,08:15,2h 0m,"TP HCM (SGN)
Sân bay Tân Sơn Nhất
Nhà ga 1","Hải Phòng (HPH)
Sân bay quốc tế Cát Bi",Hành lý 0 kg,Hành lý xách tay 7 kg,18-04-2025
VietJet Air,2.016.945 VND/khách,16:10,05 thg 5,05 thg 5,18:10,2h 0m,"TP HCM (SGN)
Sân bay Tân Sơn Nhất
Nhà ga 1","Hải Phòng (HPH)
Sân bay quốc tế Cát Bi",Hành lý 0 kg,Hành lý xách tay 7 kg,18-04-2025
Vietnam Airlines,2.019.978 VND/khách,20:30,05 thg 5,05 thg 5,22:30,2h 0m,"TP HCM (SGN)
Sân bay Tân Sơn Nhất
Nhà ga 1","Hải Phòng (HPH)
Sân bay quốc tế Cát Bi",Hành lý 1 x 23 kg,Hành lý xách tay 1 x 12 kg,18-04-2025
VietJet Air,2.192.505 VND/khách,09:15,05 thg 5,05 thg 5,11:15,2h 0m,"TP HCM (SGN)
Sân bay Tân Sơn Nhất
Nhà ga 1","Hải Phòng (HPH)
Sân bay quốc tế Cát Bi",Hành lý 0 kg,Hành lý xách tay 7 kg,18-04-2025
Vietnam Airlines,2.253.744 VND/khách,17:55,05 thg 5,05 thg 5,19:55,2h 0m,"TP HCM (SGN)
Sân bay Tân Sơn Nhất
Nhà ga 1","Hải Phòng (HPH)
Sân bay quốc tế Cát Bi",Hành lý 1 x 23 kg,Hành lý xách tay 1 x 12 kg,18-04-2025
Vietnam Airlines,2.688.309 VND/khách,07:45,05 thg 5,05 thg 5,09:45,2h 0m,"TP HCM (SGN)
Sân bay Tân Sơn Nhất
Nhà ga 1","Hải Phòng (HPH)
Sân bay quốc tế Cát Bi",Hành lý 1 x 23 kg,Hành lý xách tay 1 x 12 kg,18-04-2025
VietJet Air,1.606.973 VND/khách,20:10,05 thg 5,05 thg 5,22:10,2h 0m,"TP HCM (SGN)
Sân bay Tân Sơn Nhất
Nhà ga 1","Hải Phòng (HPH)
Sân bay quốc tế Cát Bi",,,19-04-2025
VietJet Air,1.748.618 VND/khách,21:10,05 thg 5,05 thg 5,23:05,1h 55m,"TP HCM (SGN)
Sân bay Tân Sơn Nhất
Nhà ga 1","Hải Phòng (HPH)
Sân bay quốc tế Cát Bi",,,19-04-2025
VietJet Air,1.748.618 VND/khách,19:15,05 thg 5,05 thg 5,21:15,2h 0m,"TP HCM (SGN)
Sân bay Tân Sơn Nhất
Nhà ga 1","Hải Phòng (HPH)
Sân bay quốc tế Cát Bi",,,19-04-2025
Bamboo Airways,1.806.199 VND/khách,20:05,05 thg 5,05 thg 5,22:10,2h 5m,"TP HCM (SGN)
Sân bay Tân Sơn Nhất","Hải Phòng (HPH)
Sân bay quốc tế Cát Bi",,,19-04-2025
Vietnam Airlines,2.013.984 VND/khách,20:30,05 thg 5,05 thg 5,22:30,2h 0m,"TP HCM (SGN)
Sân bay Tân Sơn Nhất
Nhà ga 3","Hải Phòng (HPH)
Sân bay quốc tế Cát Bi",,,19-04-2025
VietJet Air,2.036.895 VND/khách,04:30,05 thg 5,05 thg 5,06:30,2h 0m,"TP HCM (SGN)
Sân bay Tân Sơn Nhất
Nhà ga 1","Hải Phòng (HPH)
Sân bay quốc tế Cát Bi",,,19-04-2025
VietJet Air,2.036.895 VND/khách,06:15,05 thg 5,05 thg 5,08:15,2h 0m,"TP HCM (SGN)
Sân bay Tân Sơn Nhất
Nhà ga 1","Hải Phòng (HPH)
Sân bay quốc tế Cát Bi",,,19-04-2025
VietJet Air,2.036.895 VND/khách,16:10,05 thg 5,05 thg 5,18:10,2h 0m,"TP HCM (SGN)
Sân bay Tân Sơn Nhất
Nhà ga 1","Hải Phòng (HPH)
Sân bay quốc tế Cát Bi",,,19-04-2025
VietJet Air,2.207.468 VND/khách,09:15,05 thg 5,05 thg 5,11:15,2h 0m,"TP HCM (SGN)
Sân bay Tân Sơn Nhất
Nhà ga 1","Hải Phòng (HPH)
Sân bay quốc tế Cát Bi",,,19-04-2025
Vietnam Airlines,2.247.750 VND/khách,17:55,05 thg 5,05 thg 5,19:55,2h 0m,"TP HCM (SGN)
Sân bay Tân Sơn Nhất
Nhà ga 3","Hải Phòng (HPH)
Sân bay quốc tế Cát Bi",,,19-04-2025
Vietnam Airlines,2.708.289 VND/khách,13:20,05 thg 5,05 thg 5,15:25,2h 5m,"TP HCM (SGN)
Sân bay Tân Sơn Nhất
Nhà ga 3","Hải Phòng (HPH)
Sân bay quốc tế Cát Bi",,,19-04-2025
VietJet Air,1.742.633 VND/khách,21:10,05 thg 5,05 thg 5,23:05,1h 55m,"TP HCM (SGN)
Sân bay Tân Sơn Nhất
Nhà ga 1","Hải Phòng (HPH)
Sân bay quốc tế Cát Bi",Hành lý 0 kg,Hành lý xách tay 7 kg,20-04-2025
VietJet Air,1.742.633 VND/khách,19:15,05 thg 5,05 thg 5,21:15,2h 0m,"TP HCM (SGN)
Sân bay Tân Sơn Nhất
Nhà ga 1","Hải Phòng (HPH)
Sân bay quốc tế Cát Bi",Hành lý 0 kg,Hành lý xách tay 7 kg,20-04-2025
VietJet Air,1.742.633 VND/khách,20:10,05 thg 5,05 thg 5,22:10,2h 0m,"TP HCM (SGN)
Sân bay Tân Sơn Nhất
Nhà ga 1","Hải Phòng (HPH)
Sân bay quốc tế Cát Bi",Hành lý 0 kg,Hành lý xách tay 7 kg,20-04-2025
Bamboo Airways,1.806.199 VND/khách,20:05,05 thg 5,05 thg 5,22:10,2h 5m,"TP HCM (SGN)
Sân bay Tân Sơn Nhất","Hải Phòng (HPH)
Sân bay quốc tế Cát Bi",Hành lý 0 kg,Hành lý xách tay 7 kg,20-04-2025
Vietnam Airlines,2.000.997 VND/khách,20:30,05 thg 5,05 thg 5,22:30,2h 0m,"TP HCM (SGN)
Sân bay Tân Sơn Nhất","Hải Phòng (HPH)
Sân bay quốc tế Cát Bi",Hành lý 1 x 23 kg,Hành lý xách tay 1 x 12 kg,20-04-2025
VietJet Air,2.031.908 VND/khách,04:30,05 thg 5,05 thg 5,06:30,2h 0m,"TP HCM (SGN)
Sân bay Tân Sơn Nhất
Nhà ga 1","Hải Phòng (HPH)
Sân bay quốc tế Cát Bi",Hành lý 0 kg,Hành lý xách tay 7 kg,20-04-2025
VietJet Air,2.031.908 VND/khách,06:15,05 thg 5,05 thg 5,08:15,2h 0m,"TP HCM (SGN)
Sân bay Tân Sơn Nhất
Nhà ga 1","Hải Phòng (HPH)
Sân bay quốc tế Cát Bi",Hành lý 0 kg,Hành lý xách tay 7 kg,20-04-2025
VietJet Air,2.031.908 VND/khách,16:10,05 thg 5,05 thg 5,18:10,2h 0m,"TP HCM (SGN)
Sân bay Tân Sơn Nhất
Nhà ga 1","Hải Phòng (HPH)
Sân bay quốc tế Cát Bi",Hành lý 0 kg,Hành lý xách tay 7 kg,20-04-2025
VietJet Air,2.202.480 VND/khách,09:15,05 thg 5,05 thg 5,11:15,2h 0m,"TP HCM (SGN)
Sân bay Tân Sơn Nhất
Nhà ga 1","Hải Phòng (HPH)
Sân bay quốc tế Cát Bi",Hành lý 0 kg,Hành lý xách tay 7 kg,20-04-2025
Vietnam Airlines,2.235.762 VND/khách,17:55,05 thg 5,05 thg 5,19:55,2h 0m,"TP HCM (SGN)
Sân bay Tân Sơn Nhất","Hải Phòng (HPH)
Sân bay quốc tế Cát Bi",Hành lý 1 x 23 kg,Hành lý xách tay 1 x 12 kg,20-04-2025
Vietnam Airlines,2.696.301 VND/khách,13:20,05 thg 5,05 thg 5,15:25,2h 5m,"TP HCM (SGN)
Sân bay Tân Sơn Nhất","Hải Phòng (HPH)
Sân bay quốc tế Cát Bi",Hành lý 1 x 23 kg,Hành lý xách tay 1 x 12 kg,20-04-2025
VietJet Air,1.741.635 VND/khách,21:10,05 thg 5,05 thg 5,23:05,1h 55m,"TP HCM (SGN)
Sân bay Tân Sơn Nhất
Nhà ga 1","Hải Phòng (HPH)
Sân bay quốc tế Cát Bi",Hành lý 0 kg,Hành lý xách tay 7 kg,21-04-2025
VietJet Air,1.741.635 VND/khách,19:15,05 thg 5,05 thg 5,21:15,2h 0m,"TP HCM (SGN)
Sân bay Tân Sơn Nhất
Nhà ga 1","Hải Phòng (HPH)
Sân bay quốc tế Cát Bi",Hành lý 0 kg,Hành lý xách tay 7 kg,21-04-2025
VietJet Air,1.741.635 VND/khách,20:10,05 thg 5,05 thg 5,22:10,2h 0m,"TP HCM (SGN)
Sân bay Tân Sơn Nhất
Nhà ga 1","Hải Phòng (HPH)
Sân bay quốc tế Cát Bi",Hành lý 0 kg,Hành lý xách tay 7 kg,21-04-2025
Bamboo Airways,1.806.199 VND/khách,20:05,05 thg 5,05 thg 5,22:10,2h 5m,"TP HCM (SGN)
Sân bay Tân Sơn Nhất","Hải Phòng (HPH)
Sân bay quốc tế Cát Bi",Hành lý 0 kg,Hành lý xách tay 7 kg,21-04-2025
Vietnam Airlines,1.996.002 VND/khách,20:30,05 thg 5,05 thg 5,22:30,2h 0m,"TP HCM (SGN)
Sân bay Tân Sơn Nhất","Hải Phòng (HPH)
Sân bay quốc tế Cát Bi",Hành lý 1 x 23 kg,Hành lý xách tay 1 x 12 kg,21-04-2025
VietJet Air,2.033.903 VND/khách,04:30,05 thg 5,05 thg 5,06:30,2h 0m,"TP HCM (SGN)
Sân bay Tân Sơn Nhất
Nhà ga 1","Hải Phòng (HPH)
Sân bay quốc tế Cát Bi",Hành lý 0 kg,Hành lý xách tay 7 kg,21-04-2025
VietJet Air,2.033.903 VND/khách,06:15,05 thg 5,05 thg 5,08:15,2h 0m,"TP HCM (SGN)
Sân bay Tân Sơn Nhất
Nhà ga 1","Hải Phòng (HPH)
Sân bay quốc tế Cát Bi",Hành lý 0 kg,Hành lý xách tay 7 kg,21-04-2025
VietJet Air,2.033.903 VND/khách,16:10,05 thg 5,05 thg 5,18:10,2h 0m,"TP HCM (SGN)
Sân bay Tân Sơn Nhất
Nhà ga 1","Hải Phòng (HPH)
Sân bay quốc tế Cát Bi",Hành lý 0 kg,Hành lý xách tay 7 kg,21-04-2025
VietJet Air,2.204.475 VND/khách,09:15,05 thg 5,05 thg 5,11:15,2h 0m,"TP HCM (SGN)
Sân bay Tân Sơn Nhất
Nhà ga 1","Hải Phòng (HPH)
Sân bay quốc tế Cát Bi",Hành lý 0 kg,Hành lý xách tay 7 kg,21-04-2025
Vietnam Airlines,2.230.767 VND/khách,17:55,05 thg 5,05 thg 5,19:55,2h 0m,"TP HCM (SGN)
Sân bay Tân Sơn Nhất","Hải Phòng (HPH)
Sân bay quốc tế Cát Bi",Hành lý 1 x 23 kg,Hành lý xách tay 1 x 12 kg,21-04-2025
Vietnam Airlines,2.690.307 VND/khách,13:20,05 thg 5,05 thg 5,15:25,2h 5m,"TP HCM (SGN)
Sân bay Tân Sơn Nhất","Hải Phòng (HPH)
Sân bay quốc tế Cát Bi",Hành lý 1 x 23 kg,Hành lý xách tay 1 x 12 kg,21-04-2025
Bamboo Airways,1.784.083 VND/khách,20:05,05 thg 5,05 thg 5,22:10,2h 5m,"TP HCM (SGN)
Sân bay Tân Sơn Nhất","Hải Phòng (HPH)
Sân bay quốc tế Cát Bi",Hành lý 0 kg,Hành lý xách tay 7 kg,22-04-2025
VietJet Air,1.740.638 VND/khách,21:10,05 thg 5,05 thg 5,23:05,1h 55m,"TP HCM (SGN)
Sân bay Tân Sơn Nhất
Nhà ga 1","Hải Phòng (HPH)
Sân bay quốc tế Cát Bi",Hành lý 0 kg,Hành lý xách tay 7 kg,22-04-2025
VietJet Air,1.870.313 VND/khách,20:10,05 thg 5,05 thg 5,22:10,2h 0m,"TP HCM (SGN)
Sân bay Tân Sơn Nhất
Nhà ga 1","Hải Phòng (HPH)
Sân bay quốc tế Cát Bi",Hành lý 0 kg,Hành lý xách tay 7 kg,22-04-2025
VietJet Air,2.040.885 VND/khách,04:30,05 thg 5,05 thg 5,06:30,2h 0m,"TP HCM (SGN)
Sân bay Tân Sơn Nhất
Nhà ga 1","Hải Phòng (HPH)
Sân bay quốc tế Cát Bi",Hành lý 0 kg,Hành lý xách tay 7 kg,22-04-2025
VietJet Air,2.040.885 VND/khách,16:10,05 thg 5,05 thg 5,18:10,2h 0m,"TP HCM (SGN)
Sân bay Tân Sơn Nhất
Nhà ga 1","Hải Phòng (HPH)
Sân bay quốc tế Cát Bi",Hành lý 0 kg,Hành lý xách tay 7 kg,22-04-2025
VietJet Air,2.040.885 VND/khách,19:15,05 thg 5,05 thg 5,21:15,2h 0m,"TP HCM (SGN)
Sân bay Tân Sơn Nhất
Nhà ga 1","Hải Phòng (HPH)
Sân bay quốc tế Cát Bi",Hành lý 0 kg,Hành lý xách tay 7 kg,22-04-2025
VietJet Air,2.211.458 VND/khách,06:15,05 thg 5,05 thg 5,08:15,2h 0m,"TP HCM (SGN)
Sân bay Tân Sơn Nhất
Nhà ga 1","Hải Phòng (HPH)
Sân bay quốc tế Cát Bi",Hành lý 0 kg,Hành lý xách tay 7 kg,22-04-2025
Vietnam Airlines,2.284.713 VND/khách,20:30,05 thg 5,05 thg 5,22:30,2h 0m,"TP HCM (SGN)
Sân bay Tân Sơn Nhất","Hải Phòng (HPH)
Sân bay quốc tế Cát Bi",Hành lý 23 kg,Hành lý xách tay 1 x 12 kg,22-04-2025
VietJet Air,2.385.023 VND/khách,09:15,05 thg 5,05 thg 5,11:15,2h 0m,"TP HCM (SGN)
Sân bay Tân Sơn Nhất
Nhà ga 1","Hải Phòng (HPH)
Sân bay quốc tế Cát Bi",Hành lý 0 kg,Hành lý xách tay 7 kg,22-04-2025
Vietnam Airlines,2.659.482 VND/khách,17:55,05 thg 5,05 thg 5,19:55,2h 0m,"TP HCM (SGN)
Sân bay Tân Sơn Nhất","Hải Phòng (HPH)
Sân bay quốc tế Cát Bi",Hành lý 23 kg,Hành lý xách tay 1 x 12 kg,22-04-2025
Vietnam Airlines,2.882.834 VND/khách,13:20,05 thg 5,05 thg 5,15:25,2h 5m,"TP HCM (SGN)
Sân bay Tân Sơn Nhất
Nhà ga 1","Hải Phòng (HPH)
Sân bay quốc tế Cát Bi",Hành lý 23 kg,Hành lý xách tay 1 x 12 kg,22-04-2025
Bamboo Airways,1.915.044 VND/khách,20:05,05 thg 5,05 thg 5,22:10,2h 5m,"TP HCM (SGN)
Sân bay Tân Sơn Nhất","Hải Phòng (HPH)
Sân bay quốc tế Cát Bi",,,23-04-2025
VietJet Air,1.756.598 VND/khách,21:10,05 thg 5,05 thg 5,23:05,1h 55m,"TP HCM (SGN)
Sân bay Tân Sơn Nhất
Nhà ga 1","Hải Phòng (HPH)
Sân bay quốc tế Cát Bi",,,23-04-2025
VietJet Air,1.872.308 VND/khách,20:10,05 thg 5,05 thg 5,22:10,2h 0m,"TP HCM (SGN)
Sân bay Tân Sơn Nhất
Nhà ga 1","Hải Phòng (HPH)
Sân bay quốc tế Cát Bi",,,23-04-2025
VietJet Air,2.043.878 VND/khách,04:30,05 thg 5,05 thg 5,06:30,2h 0m,"TP HCM (SGN)
Sân bay Tân Sơn Nhất
Nhà ga 1","Hải Phòng (HPH)
Sân bay quốc tế Cát Bi",,,23-04-2025
VietJet Air,2.043.878 VND/khách,16:10,05 thg 5,05 thg 5,18:10,2h 0m,"TP HCM (SGN)
Sân bay Tân Sơn Nhất
Nhà ga 1","Hải Phòng (HPH)
Sân bay quốc tế Cát Bi",,,23-04-2025
VietJet Air,2.043.878 VND/khách,19:15,05 thg 5,05 thg 5,21:15,2h 0m,"TP HCM (SGN)
Sân bay Tân Sơn Nhất
Nhà ga 1","Hải Phòng (HPH)
Sân bay quốc tế Cát Bi",,,23-04-2025
VietJet Air,2.215.448 VND/khách,06:15,05 thg 5,05 thg 5,08:15,2h 0m,"TP HCM (SGN)
Sân bay Tân Sơn Nhất
Nhà ga 1","Hải Phòng (HPH)
Sân bay quốc tế Cát Bi",,,23-04-2025
Vietnam Airlines,2.241.756 VND/khách,20:30,05 thg 5,05 thg 5,22:30,2h 0m,"TP HCM (SGN)
Sân bay Tân Sơn Nhất
Nhà ga 3","Hải Phòng (HPH)
Sân bay quốc tế Cát Bi",,,23-04-2025
VietJet Air,2.391.008 VND/khách,09:15,05 thg 5,05 thg 5,11:15,2h 0m,"TP HCM (SGN)
Sân bay Tân Sơn Nhất
Nhà ga 1","Hải Phòng (HPH)
Sân bay quốc tế Cát Bi",,,23-04-2025
Vietnam Airlines,2.936.061 VND/khách,17:55,05 thg 5,05 thg 5,19:55,2h 0m,"TP HCM (SGN)
Sân bay Tân Sơn Nhất
Nhà ga 3","Hải Phòng (HPH)
Sân bay quốc tế Cát Bi",,,23-04-2025
Vietnam Airlines,3.174.822 VND/khách,13:20,05 thg 5,05 thg 5,15:25,2h 5m,"TP HCM (SGN)
Sân bay Tân Sơn Nhất
Nhà ga 1","Hải Phòng (HPH)
Sân bay quốc tế Cát Bi",,,23-04-2025
Bamboo Airways,1.886.743 VND/khách,20:05,05 thg 5,05 thg 5,22:10,2h 5m,"TP HCM (SGN)
Sân bay Tân Sơn Nhất","Hải Phòng (HPH)
Sân bay quốc tế Cát Bi",,,24-04-2025
VietJet Air,1.758.593 VND/khách,21:10,05 thg 5,05 thg 5,23:05,1h 55m,"TP HCM (SGN)
Sân bay Tân Sơn Nhất
Nhà ga 1","Hải Phòng (HPH)
Sân bay quốc tế Cát Bi",,,24-04-2025
VietJet Air,1.874.303 VND/khách,19:15,05 thg 5,05 thg 5,21:15,2h 0m,"TP HCM (SGN)
Sân bay Tân Sơn Nhất
Nhà ga 1","Hải Phòng (HPH)
Sân bay quốc tế Cát Bi",,,24-04-2025
VietJet Air,1.874.303 VND/khách,20:10,05 thg 5,05 thg 5,22:10,2h 0m,"TP HCM (SGN)
Sân bay Tân Sơn Nhất
Nhà ga 1","Hải Phòng (HPH)
Sân bay quốc tế Cát Bi",,,24-04-2025
VietJet Air,2.045.873 VND/khách,04:30,05 thg 5,05 thg 5,06:30,2h 0m,"TP HCM (SGN)
Sân bay Tân Sơn Nhất
Nhà ga 1","Hải Phòng (HPH)
Sân bay quốc tế Cát Bi",,,24-04-2025
VietJet Air,2.045.873 VND/khách,16:10,05 thg 5,05 thg 5,18:10,2h 0m,"TP HCM (SGN)
Sân bay Tân Sơn Nhất
Nhà ga 1","Hải Phòng (HPH)
Sân bay quốc tế Cát Bi",,,24-04-2025
VietJet Air,2.216.445 VND/khách,06:15,05 thg 5,05 thg 5,08:15,2h 0m,"TP HCM (SGN)
Sân bay Tân Sơn Nhất
Nhà ga 1","Hải Phòng (HPH)
Sân bay quốc tế Cát Bi",,,24-04-2025
VietJet Air,2.392.005 VND/khách,09:15,05 thg 5,05 thg 5,11:15,2h 0m,"TP HCM (SGN)
Sân bay Tân Sơn Nhất
Nhà ga 1","Hải Phòng (HPH)
Sân bay quốc tế Cát Bi",,,24-04-2025
Vietnam Airlines,2.477.520 VND/khách,20:30,05 thg 5,05 thg 5,22:30,2h 0m,"TP HCM (SGN)
Sân bay Tân Sơn Nhất
Nhà ga T3","Hải Phòng (HPH)
Sân bay quốc tế Cát Bi",,,24-04-2025
Vietnam Airlines,2.941.056 VND/khách,17:55,05 thg 5,05 thg 5,19:55,2h 0m,"TP HCM (SGN)
Sân bay Tân Sơn Nhất
Nhà ga T3","Hải Phòng (HPH)
Sân bay quốc tế Cát Bi",,,24-04-2025
Bamboo Airways,1.938.782 VND/khách,20:05,05 thg 5,05 thg 5,22:10,2h 5m,"TP HCM (SGN)
Sân bay Tân Sơn Nhất","Hải Phòng (HPH)
Sân bay quốc tế Cát Bi",Hành lý 0 kg,Hành lý xách tay 7 kg,25-04-2025
VietJet Air,1.745.625 VND/khách,21:10,05 thg 5,05 thg 5,23:05,1h 55m,"TP HCM (SGN)
Sân bay Tân Sơn Nhất
Nhà ga 1","Hải Phòng (HPH)
Sân bay quốc tế Cát Bi",Hành lý 0 kg,Hành lý xách tay 7 kg,25-04-2025
VietJet Air,1.858.343 VND/khách,19:15,05 thg 5,05 thg 5,21:15,2h 0m,"TP HCM (SGN)
Sân bay Tân Sơn Nhất
Nhà ga 1","Hải Phòng (HPH)
Sân bay quốc tế Cát Bi",Hành lý 0 kg,Hành lý xách tay 7 kg,25-04-2025
VietJet Air,1.858.343 VND/khách,20:10,05 thg 5,05 thg 5,22:10,2h 0m,"TP HCM (SGN)
Sân bay Tân Sơn Nhất
Nhà ga 1","Hải Phòng (HPH)
Sân bay quốc tế Cát Bi",Hành lý 0 kg,Hành lý xách tay 7 kg,25-04-2025
VietJet Air,2.036.895 VND/khách,04:30,05 thg 5,05 thg 5,06:30,2h 0m,"TP HCM (SGN)
Sân bay Tân Sơn Nhất
Nhà ga 1","Hải Phòng (HPH)
Sân bay quốc tế Cát Bi",Hành lý 0 kg,Hành lý xách tay 7 kg,25-04-2025
VietJet Air,2.036.895 VND/khách,16:10,05 thg 5,05 thg 5,18:10,2h 0m,"TP HCM (SGN)
Sân bay Tân Sơn Nhất
Nhà ga 1","Hải Phòng (HPH)
Sân bay quốc tế Cát Bi",Hành lý 0 kg,Hành lý xách tay 7 kg,25-04-2025
VietJet Air,2.208.465 VND/khách,06:15,05 thg 5,05 thg 5,08:15,2h 0m,"TP HCM (SGN)
Sân bay Tân Sơn Nhất
Nhà ga 1","Hải Phòng (HPH)
Sân bay quốc tế Cát Bi",Hành lý 0 kg,Hành lý xách tay 7 kg,25-04-2025
Vietnam Airlines,2.267.730 VND/khách,20:30,05 thg 5,05 thg 5,22:30,2h 0m,"TP HCM (SGN)
Sân bay Tân Sơn Nhất
Nhà ga T3","Hải Phòng (HPH)
Sân bay quốc tế Cát Bi",Hành lý 1 x 23 kg,Hành lý xách tay 1 x 12 kg,25-04-2025
VietJet Air,2.383.028 VND/khách,09:15,05 thg 5,05 thg 5,11:15,2h 0m,"TP HCM (SGN)
Sân bay Tân Sơn Nhất
Nhà ga 1","Hải Phòng (HPH)
Sân bay quốc tế Cát Bi",Hành lý 0 kg,Hành lý xách tay 7 kg,25-04-2025
Vietnam Airlines,2.943.054 VND/khách,17:55,05 thg 5,05 thg 5,19:55,2h 0m,"TP HCM (SGN)
Sân bay Tân Sơn Nhất
Nhà ga T3","Hải Phòng (HPH)
Sân bay quốc tế Cát Bi",Hành lý 1 x 23 kg,Hành lý xách tay 1 x 12 kg,25-04-2025
Bamboo Airways,1.938.782 VND/khách,20:05,05 thg 5,05 thg 5,22:10,2h 5m,"TP HCM (SGN)
Sân bay Tân Sơn Nhất","Hải Phòng (HPH)
Sân bay quốc tế Cát Bi",Hành lý 0 kg,Hành lý xách tay 7 kg,26-04-2025
VietJet Air,1.847.370 VND/khách,21:10,05 thg 5,05 thg 5,23:05,1h 55m,"TP HCM (SGN)
Sân bay Tân Sơn Nhất
Nhà ga 1","Hải Phòng (HPH)
Sân bay quốc tế Cát Bi",Hành lý 0 kg,Hành lý xách tay 7 kg,26-04-2025
VietJet Air,1.847.370 VND/khách,20:10,05 thg 5,05 thg 5,22:10,2h 0m,"TP HCM (SGN)
Sân bay Tân Sơn Nhất
Nhà ga 1","Hải Phòng (HPH)
Sân bay quốc tế Cát Bi",Hành lý 0 kg,Hành lý xách tay 7 kg,26-04-2025
VietJet Air,2.022.930 VND/khách,19:35,05 thg 5,05 thg 5,21:35,2h 0m,"TP HCM (SGN)
Sân bay Tân Sơn Nhất
Nhà ga 1","Hải Phòng (HPH)
Sân bay quốc tế Cát Bi",Hành lý 0 kg,Hành lý xách tay 7 kg,26-04-2025
VietJet Air,2.194.500 VND/khách,04:30,05 thg 5,05 thg 5,06:30,2h 0m,"TP HCM (SGN)
Sân bay Tân Sơn Nhất
Nhà ga 1","Hải Phòng (HPH)
Sân bay quốc tế Cát Bi",Hành lý 0 kg,Hành lý xách tay 7 kg,26-04-2025
VietJet Air,2.194.500 VND/khách,16:10,05 thg 5,05 thg 5,18:10,2h 0m,"TP HCM (SGN)
Sân bay Tân Sơn Nhất
Nhà ga 1","Hải Phòng (HPH)
Sân bay quốc tế Cát Bi",Hành lý 0 kg,Hành lý xách tay 7 kg,26-04-2025
VietJet Air,2.369.063 VND/khách,06:15,05 thg 5,05 thg 5,08:15,2h 0m,"TP HCM (SGN)
Sân bay Tân Sơn Nhất
Nhà ga 1","Hải Phòng (HPH)
Sân bay quốc tế Cát Bi",Hành lý 0 kg,Hành lý xách tay 7 kg,26-04-2025
Vietnam Airlines,2.466.531 VND/khách,20:30,05 thg 5,05 thg 5,22:30,2h 0m,"TP HCM (SGN)
Sân bay Tân Sơn Nhất
Nhà ga T3","Hải Phòng (HPH)
Sân bay quốc tế Cát Bi",Hành lý 1 x 23 kg,Hành lý xách tay 1 x 12 kg,26-04-2025
VietJet Air,2.634.389 VND/khách,09:15,05 thg 5,05 thg 5,11:15,2h 0m,"TP HCM (SGN)
Sân bay Tân Sơn Nhất
Nhà ga 1","Hải Phòng (HPH)
Sân bay quốc tế Cát Bi",Hành lý 0 kg,Hành lý xách tay 7 kg,26-04-2025
Vietnam Airlines,3.710.286 VND/khách,17:55,05 thg 5,05 thg 5,19:55,2h 0m,"TP HCM (SGN)
Sân bay Tân Sơn Nhất
Nhà ga T3","Hải Phòng (HPH)
Sân bay quốc tế Cát Bi",Hành lý 1 x 23 kg,Hành lý xách tay 1 x 12 kg,26-04-2025
Bamboo Airways,1.938.782 VND/khách,20:05,05 thg 5,05 thg 5,22:10,2h 5m,"TP HCM (SGN)
Sân bay Tân Sơn Nhất","Hải Phòng (HPH)
Sân bay quốc tế Cát Bi",Hành lý 0 kg,Hành lý xách tay 7 kg,27-04-2025
VietJet Air,1.838.393 VND/khách,21:10,05 thg 5,05 thg 5,23:05,1h 55m,"TP HCM (SGN)
Sân bay Tân Sơn Nhất
Nhà ga 1","Hải Phòng (HPH)
Sân bay quốc tế Cát Bi",Hành lý 0 kg,Hành lý xách tay 7 kg,27-04-2025
VietJet Air,2.013.953 VND/khách,19:35,05 thg 5,05 thg 5,21:35,2h 0m,"TP HCM (SGN)
Sân bay Tân Sơn Nhất
Nhà ga 1","Hải Phòng (HPH)
Sân bay quốc tế Cát Bi",Hành lý 0 kg,Hành lý xách tay 7 kg,27-04-2025
VietJet Air,2.013.953 VND/khách,20:10,05 thg 5,05 thg 5,22:10,2h 0m,"TP HCM (SGN)
Sân bay Tân Sơn Nhất
Nhà ga 1","Hải Phòng (HPH)
Sân bay quốc tế Cát Bi",Hành lý 0 kg,Hành lý xách tay 7 kg,27-04-2025
VietJet Air,2.183.528 VND/khách,04:30,05 thg 5,05 thg 5,06:30,2h 0m,"TP HCM (SGN)
Sân bay Tân Sơn Nhất
Nhà ga 1","Hải Phòng (HPH)
Sân bay quốc tế Cát Bi",Hành lý 0 kg,Hành lý xách tay 7 kg,27-04-2025
VietJet Air,2.183.528 VND/khách,16:10,05 thg 5,05 thg 5,18:10,2h 0m,"TP HCM (SGN)
Sân bay Tân Sơn Nhất
Nhà ga 1","Hải Phòng (HPH)
Sân bay quốc tế Cát Bi",Hành lý 0 kg,Hành lý xách tay 7 kg,27-04-2025
VietJet Air,2.358.090 VND/khách,06:15,05 thg 5,05 thg 5,08:15,2h 0m,"TP HCM (SGN)
Sân bay Tân Sơn Nhất
Nhà ga 1","Hải Phòng (HPH)
Sân bay quốc tế Cát Bi",Hành lý 0 kg,Hành lý xách tay 7 kg,27-04-2025
VietJet Air,2.562.578 VND/khách,09:15,05 thg 5,05 thg 5,11:15,2h 0m,"TP HCM (SGN)
Sân bay Tân Sơn Nhất
Nhà ga 1","Hải Phòng (HPH)
Sân bay quốc tế Cát Bi",Hành lý 0 kg,Hành lý xách tay 7 kg,27-04-2025
Vietnam Airlines,2.678.319 VND/khách,20:30,05 thg 5,05 thg 5,22:30,2h 0m,"TP HCM (SGN)
Sân bay Tân Sơn Nhất","Hải Phòng (HPH)
Sân bay quốc tế Cát Bi",Hành lý 1 x 23 kg,Hành lý xách tay 1 x 12 kg,27-04-2025
Vietnam Airlines,3.689.307 VND/khách,13:20,05 thg 5,05 thg 5,15:25,2h 5m,"TP HCM (SGN)
Sân bay Tân Sơn Nhất
Nhà ga 1","Hải Phòng (HPH)
Sân bay quốc tế Cát Bi",Hành lý 1 x 23 kg,Hành lý xách tay 1 x 12 kg,27-04-2025
Bamboo Airways,1.938.782 VND/khách,20:05,05 thg 5,05 thg 5,22:10,2h 5m,"TP HCM (SGN)
Sân bay Tân Sơn Nhất","Hải Phòng (HPH)
Sân bay quốc tế Cát Bi",Hành lý 0 kg,Hành lý xách tay 7 kg,28-04-2025
VietJet Air,1.834.403 VND/khách,21:10,05 thg 5,05 thg 5,23:05,1h 55m,"TP HCM (SGN)
Sân bay Tân Sơn Nhất
Nhà ga 1","Hải Phòng (HPH)
Sân bay quốc tế Cát Bi",Hành lý 0 kg,Hành lý xách tay 7 kg,28-04-2025
VietJet Air,2.007.968 VND/khách,19:35,05 thg 5,05 thg 5,21:35,2h 0m,"TP HCM (SGN)
Sân bay Tân Sơn Nhất
Nhà ga 1","Hải Phòng (HPH)
Sân bay quốc tế Cát Bi",Hành lý 0 kg,Hành lý xách tay 7 kg,28-04-2025
VietJet Air,2.007.968 VND/khách,20:10,05 thg 5,05 thg 5,22:10,2h 0m,"TP HCM (SGN)
Sân bay Tân Sơn Nhất
Nhà ga 1","Hải Phòng (HPH)
Sân bay quốc tế Cát Bi",Hành lý 0 kg,Hành lý xách tay 7 kg,28-04-2025
VietJet Air,2.178.540 VND/khách,16:10,05 thg 5,05 thg 5,18:10,2h 0m,"TP HCM (SGN)
Sân bay Tân Sơn Nhất
Nhà ga 1","Hải Phòng (HPH)
Sân bay quốc tế Cát Bi",Hành lý 0 kg,Hành lý xách tay 7 kg,28-04-2025
VietJet Air,2.354.615 VND/khách,04:30,05 thg 5,05 thg 5,06:30,2h 0m,"TP HCM (SGN)
Sân bay Tân Sơn Nhất
Nhà ga 1","Hải Phòng (HPH)
Sân bay quốc tế Cát Bi",Hành lý 0 kg,Hành lý xách tay 7 kg,28-04-2025
VietJet Air,2.783.025 VND/khách,06:15,05 thg 5,05 thg 5,08:15,2h 0m,"TP HCM (SGN)
Sân bay Tân Sơn Nhất
Nhà ga 1","Hải Phòng (HPH)
Sân bay quốc tế Cát Bi",Hành lý 0 kg,Hành lý xách tay 7 kg,28-04-2025
Vietnam Airlines,3.117.879 VND/khách,20:30,05 thg 5,05 thg 5,22:30,2h 0m,"TP HCM (SGN)
Sân bay Tân Sơn Nhất","Hải Phòng (HPH)
Sân bay quốc tế Cát Bi",Hành lý 1 x 23 kg,Hành lý xách tay 1 x 12 kg,28-04-2025
VietJet Air,3.212.884 VND/khách,09:15,05 thg 5,05 thg 5,11:15,2h 0m,"TP HCM (SGN)
Sân bay Tân Sơn Nhất
Nhà ga 1","Hải Phòng (HPH)
Sân bay quốc tế Cát Bi",Hành lý 0 kg,Hành lý xách tay 7 kg,28-04-2025
Vietnam Airlines,3.671.325 VND/khách,17:55,05 thg 5,05 thg 5,19:55,2h 0m,"TP HCM (SGN)
Sân bay Tân Sơn Nhất","Hải Phòng (HPH)
Sân bay quốc tế Cát Bi",Hành lý 1 x 23 kg,Hành lý xách tay 1 x 12 kg,28-04-2025
Bamboo Airways,2.159.075 VND/khách,20:05,05 thg 5,05 thg 5,22:10,2h 5m,"TP HCM (SGN)
Sân bay Tân Sơn Nhất","Hải Phòng (HPH)
Sân bay quốc tế Cát Bi",Hành lý 0 kg,Hành lý xách tay 7 kg,29-04-2025
VietJet Air,1.889.802 VND/khách,21:10,05 thg 5,05 thg 5,23:05,1h 55m,"TP HCM (SGN)
Sân bay Tân Sơn Nhất
Nhà ga 1","Hải Phòng (HPH)
Sân bay quốc tế Cát Bi",Hành lý 0 kg,Hành lý xách tay 7 kg,29-04-2025
VietJet Air,2.070.840 VND/khách,19:35,05 thg 5,05 thg 5,21:35,2h 0m,"TP HCM (SGN)
Sân bay Tân Sơn Nhất
Nhà ga 1","Hải Phòng (HPH)
Sân bay quốc tế Cát Bi",Hành lý 0 kg,Hành lý xách tay 7 kg,29-04-2025
VietJet Air,2.070.840 VND/khách,20:10,05 thg 5,05 thg 5,22:10,2h 0m,"TP HCM (SGN)
Sân bay Tân Sơn Nhất
Nhà ga 1","Hải Phòng (HPH)
Sân bay quốc tế Cát Bi",Hành lý 0 kg,Hành lý xách tay 7 kg,29-04-2025
VietJet Air,2.432.917 VND/khách,16:10,05 thg 5,05 thg 5,18:10,2h 0m,"TP HCM (SGN)
Sân bay Tân Sơn Nhất
Nhà ga 1","Hải Phòng (HPH)
Sân bay quốc tế Cát Bi",Hành lý 0 kg,Hành lý xách tay 7 kg,29-04-2025
VietJet Air,2.636.586 VND/khách,04:30,05 thg 5,05 thg 5,06:30,2h 0m,"TP HCM (SGN)
Sân bay Tân Sơn Nhất
Nhà ga 1","Hải Phòng (HPH)
Sân bay quốc tế Cát Bi",Hành lý 0 kg,Hành lý xách tay 7 kg,29-04-2025
VietJet Air,2.774.048 VND/khách,06:15,05 thg 5,05 thg 5,08:15,2h 0m,"TP HCM (SGN)
Sân bay Tân Sơn Nhất
Nhà ga 1","Hải Phòng (HPH)
Sân bay quốc tế Cát Bi",Hành lý 0 kg,Hành lý xách tay 7 kg,29-04-2025
Vietnam Airlines,3.128.868 VND/khách,20:30,05 thg 5,05 thg 5,22:30,2h 0m,"TP HCM (SGN)
Sân bay Tân Sơn Nhất","Hải Phòng (HPH)
Sân bay quốc tế Cát Bi",Hành lý 1 x 23 kg,Hành lý xách tay 1 x 12 kg,29-04-2025
VietJet Air,3.213.647 VND/khách,09:15,05 thg 5,05 thg 5,11:15,2h 0m,"TP HCM (SGN)
Sân bay Tân Sơn Nhất
Nhà ga 1","Hải Phòng (HPH)
Sân bay quốc tế Cát Bi",Hành lý 0 kg,Hành lý xách tay 7 kg,29-04-2025
Bamboo Airways,2.159.075 VND/khách,20:05,05 thg 5,05 thg 5,22:10,2h 5m,"TP HCM (SGN)
Sân bay Tân Sơn Nhất","Hải Phòng (HPH)
Sân bay quốc tế Cát Bi",Hành lý 0 kg,Hành lý xách tay 7 kg,30-04-2025
VietJet Air,2.070.314 VND/khách,21:10,05 thg 5,05 thg 5,23:05,1h 55m,"TP HCM (SGN)
Sân bay Tân Sơn Nhất
Nhà ga 1","Hải Phòng (HPH)
Sân bay quốc tế Cát Bi",Hành lý 0 kg,Hành lý xách tay 7 kg,30-04-2025
VietJet Air,2.070.314 VND/khách,20:10,05 thg 5,05 thg 5,22:10,2h 0m,"TP HCM (SGN)
Sân bay Tân Sơn Nhất
Nhà ga 1","Hải Phòng (HPH)
Sân bay quốc tế Cát Bi",Hành lý 0 kg,Hành lý xách tay 7 kg,30-04-2025
VietJet Air,2.239.994 VND/khách,19:35,05 thg 5,05 thg 5,21:35,2h 0m,"TP HCM (SGN)
Sân bay Tân Sơn Nhất
Nhà ga 1","Hải Phòng (HPH)
Sân bay quốc tế Cát Bi",Hành lý 0 kg,Hành lý xách tay 7 kg,30-04-2025
VietJet Air,2.432.299 VND/khách,16:10,05 thg 5,05 thg 5,18:10,2h 0m,"TP HCM (SGN)
Sân bay Tân Sơn Nhất
Nhà ga 1","Hải Phòng (HPH)
Sân bay quốc tế Cát Bi",Hành lý 0 kg,Hành lý xách tay 7 kg,30-04-2025
VietJet Air,2.862.157 VND/khách,04:30,05 thg 5,05 thg 5,06:30,2h 0m,"TP HCM (SGN)
Sân bay Tân Sơn Nhất
Nhà ga 1","Hải Phòng (HPH)
Sân bay quốc tế Cát Bi",Hành lý 0 kg,Hành lý xách tay 7 kg,30-04-2025
VietJet Air,2.862.157 VND/khách,06:15,05 thg 5,05 thg 5,08:15,2h 0m,"TP HCM (SGN)
Sân bay Tân Sơn Nhất
Nhà ga 1","Hải Phòng (HPH)
Sân bay quốc tế Cát Bi",Hành lý 0 kg,Hành lý xách tay 7 kg,30-04-2025
VietJet Air,3.212.831 VND/khách,09:15,05 thg 5,05 thg 5,11:15,2h 0m,"TP HCM (SGN)
Sân bay Tân Sơn Nhất
Nhà ga 1","Hải Phòng (HPH)
Sân bay quốc tế Cát Bi",Hành lý 0 kg,Hành lý xách tay 7 kg,30-04-2025
Vietnam Airlines,3.503.493 VND/khách,20:30,05 thg 5,05 thg 5,22:30,2h 0m,"TP HCM (SGN)
Sân bay Tân Sơn Nhất","Hải Phòng (HPH)
Sân bay quốc tế Cát Bi",Hành lý 1 x 23 kg,Hành lý xách tay 1 x 12 kg,30-04-2025
VietJet Air,1.617.745 VND/khách,21:10,06 thg 5,06 thg 5,23:05,1h 55m,"TP HCM (SGN)
Sân bay Tân Sơn Nhất
Nhà ga 1","Hải Phòng (HPH)
Sân bay quốc tế Cát Bi",Hành lý 0 kg,Hành lý xách tay 7 kg,01-05-2025
VietJet Air,1.704.728 VND/khách,20:10,06 thg 5,06 thg 5,22:10,2h 0m,"TP HCM (SGN)
Sân bay Tân Sơn Nhất
Nhà ga 1","Hải Phòng (HPH)
Sân bay quốc tế Cát Bi",Hành lý 0 kg,Hành lý xách tay 7 kg,01-05-2025
VietJet Air,1.889.220 VND/khách,04:30,06 thg 5,06 thg 5,06:30,2h 0m,"TP HCM (SGN)
Sân bay Tân Sơn Nhất
Nhà ga 1","Hải Phòng (HPH)
Sân bay quốc tế Cát Bi",Hành lý 0 kg,Hành lý xách tay 7 kg,01-05-2025
VietJet Air,1.889.220 VND/khách,06:15,06 thg 5,06 thg 5,08:15,2h 0m,"TP HCM (SGN)
Sân bay Tân Sơn Nhất
Nhà ga 1","Hải Phòng (HPH)
Sân bay quốc tế Cát Bi",Hành lý 0 kg,Hành lý xách tay 7 kg,01-05-2025
VietJet Air,1.889.220 VND/khách,16:10,06 thg 5,06 thg 5,18:10,2h 0m,"TP HCM (SGN)
Sân bay Tân Sơn Nhất
Nhà ga 1","Hải Phòng (HPH)
Sân bay quốc tế Cát Bi",Hành lý 0 kg,Hành lý xách tay 7 kg,01-05-2025
VietJet Air,1.889.220 VND/khách,19:35,06 thg 5,06 thg 5,21:35,2h 0m,"TP HCM (SGN)
Sân bay Tân Sơn Nhất
Nhà ga 1","Hải Phòng (HPH)
Sân bay quốc tế Cát Bi",Hành lý 0 kg,Hành lý xách tay 7 kg,01-05-2025
VietJet Air,2.070.204 VND/khách,09:15,06 thg 5,06 thg 5,11:15,2h 0m,"TP HCM (SGN)
Sân bay Tân Sơn Nhất
Nhà ga 1","Hải Phòng (HPH)
Sân bay quốc tế Cát Bi",Hành lý 0 kg,Hành lý xách tay 7 kg,01-05-2025
VietJet Air,2.070.204 VND/khách,14:05,06 thg 5,06 thg 5,16:05,2h 0m,"TP HCM (SGN)
Sân bay Tân Sơn Nhất
Nhà ga 1","Hải Phòng (HPH)
Sân bay quốc tế Cát Bi",Hành lý 0 kg,Hành lý xách tay 7 kg,01-05-2025
Vietnam Airlines,2.883.114 VND/khách,17:55,06 thg 5,06 thg 5,19:55,2h 0m,"TP HCM (SGN)
Sân bay Tân Sơn Nhất","Hải Phòng (HPH)
Sân bay quốc tế Cát Bi",Hành lý 1 x 23 kg,Hành lý xách tay 1 x 12 kg,01-05-2025
Vietnam Airlines,2.883.114 VND/khách,20:30,06 thg 5,06 thg 5,22:30,2h 0m,"TP HCM (SGN)
Sân bay Tân Sơn Nhất","Hải Phòng (HPH)
Sân bay quốc tế Cát Bi",Hành lý 1 x 23 kg,Hành lý xách tay 1 x 12 kg,01-05-2025
Vietnam Airlines,2.883.114 VND/khách,13:20,06 thg 5,06 thg 5,15:25,2h 5m,"TP HCM (SGN)
Sân bay Tân Sơn Nhất
Nhà ga 1","Hải Phòng (HPH)
Sân bay quốc tế Cát Bi",Hành lý 1 x 23 kg,Hành lý xách tay 1 x 12 kg,01-05-2025
VietJet Air,1.708.718 VND/khách,21:10,06 thg 5,06 thg 5,23:05,1h 55m,"TP HCM (SGN)
Sân bay Tân Sơn Nhất
Nhà ga 1","Hải Phòng (HPH)
Sân bay quốc tế Cát Bi",Hành lý 0 kg,Hành lý xách tay 7 kg,02-05-2025
VietJet Air,1.708.718 VND/khách,20:10,06 thg 5,06 thg 5,22:10,2h 0m,"TP HCM (SGN)
Sân bay Tân Sơn Nhất
Nhà ga 1","Hải Phòng (HPH)
Sân bay quốc tế Cát Bi",Hành lý 0 kg,Hành lý xách tay 7 kg,02-05-2025
VietJet Air,1.890.023 VND/khách,04:30,06 thg 5,06 thg 5,06:30,2h 0m,"TP HCM (SGN)
Sân bay Tân Sơn Nhất
Nhà ga 1","Hải Phòng (HPH)
Sân bay quốc tế Cát Bi",Hành lý 0 kg,Hành lý xách tay 7 kg,02-05-2025
VietJet Air,1.890.023 VND/khách,16:10,06 thg 5,06 thg 5,18:10,2h 0m,"TP HCM (SGN)
Sân bay Tân Sơn Nhất
Nhà ga 1","Hải Phòng (HPH)
Sân bay quốc tế Cát Bi",Hành lý 0 kg,Hành lý xách tay 7 kg,02-05-2025
VietJet Air,1.890.023 VND/khách,19:35,06 thg 5,06 thg 5,21:35,2h 0m,"TP HCM (SGN)
Sân bay Tân Sơn Nhất
Nhà ga 1","Hải Phòng (HPH)
Sân bay quốc tế Cát Bi",Hành lý 0 kg,Hành lý xách tay 7 kg,02-05-2025
VietJet Air,2.071.083 VND/khách,06:15,06 thg 5,06 thg 5,08:15,2h 0m,"TP HCM (SGN)
Sân bay Tân Sơn Nhất
Nhà ga 1","Hải Phòng (HPH)
Sân bay quốc tế Cát Bi",Hành lý 0 kg,Hành lý xách tay 7 kg,02-05-2025
VietJet Air,2.071.083 VND/khách,09:15,06 thg 5,06 thg 5,11:15,2h 0m,"TP HCM (SGN)
Sân bay Tân Sơn Nhất
Nhà ga 1","Hải Phòng (HPH)
Sân bay quốc tế Cát Bi",Hành lý 0 kg,Hành lý xách tay 7 kg,02-05-2025
VietJet Air,2.071.083 VND/khách,14:05,06 thg 5,06 thg 5,16:05,2h 0m,"TP HCM (SGN)
Sân bay Tân Sơn Nhất
Nhà ga 1","Hải Phòng (HPH)
Sân bay quốc tế Cát Bi",Hành lý 0 kg,Hành lý xách tay 7 kg,02-05-2025
Vietnam Airlines,2.884.108 VND/khách,17:55,06 thg 5,06 thg 5,19:55,2h 0m,"TP HCM (SGN)
Sân bay Tân Sơn Nhất","Hải Phòng (HPH)
Sân bay quốc tế Cát Bi",Hành lý 1 x 23 kg,Hành lý xách tay 1 x 12 kg,02-05-2025
Vietnam Airlines,2.884.108 VND/khách,20:30,06 thg 5,06 thg 5,22:30,2h 0m,"TP HCM (SGN)
Sân bay Tân Sơn Nhất","Hải Phòng (HPH)
Sân bay quốc tế Cát Bi",Hành lý 1 x 23 kg,Hành lý xách tay 1 x 12 kg,02-05-2025
Vietnam Airlines,3.118.937 VND/khách,13:20,06 thg 5,06 thg 5,15:25,2h 5m,"TP HCM (SGN)
Sân bay Tân Sơn Nhất
Nhà ga 1","Hải Phòng (HPH)
Sân bay quốc tế Cát Bi",Hành lý 1 x 23 kg,Hành lý xách tay 1 x 12 kg,02-05-2025
VietJet Air,1.721.685 VND/khách,21:10,06 thg 5,06 thg 5,23:05,1h 55m,"TP HCM (SGN)
Sân bay Tân Sơn Nhất
Nhà ga 1","Hải Phòng (HPH)
Sân bay quốc tế Cát Bi",Hành lý 0 kg,Hành lý xách tay 7 kg,03-05-2025
VietJet Air,1.838.393 VND/khách,16:10,06 thg 5,06 thg 5,18:10,2h 0m,"TP HCM (SGN)
Sân bay Tân Sơn Nhất
Nhà ga 1","Hải Phòng (HPH)
Sân bay quốc tế Cát Bi",Hành lý 0 kg,Hành lý xách tay 7 kg,03-05-2025
VietJet Air,1.838.393 VND/khách,19:35,06 thg 5,06 thg 5,21:35,2h 0m,"TP HCM (SGN)
Sân bay Tân Sơn Nhất
Nhà ga 1","Hải Phòng (HPH)
Sân bay quốc tế Cát Bi",Hành lý 0 kg,Hành lý xách tay 7 kg,03-05-2025
VietJet Air,1.838.393 VND/khách,20:10,06 thg 5,06 thg 5,22:10,2h 0m,"TP HCM (SGN)
Sân bay Tân Sơn Nhất
Nhà ga 1","Hải Phòng (HPH)
Sân bay quốc tế Cát Bi",Hành lý 0 kg,Hành lý xách tay 7 kg,03-05-2025
VietJet Air,1.890.023 VND/khách,04:30,06 thg 5,06 thg 5,06:30,2h 0m,"TP HCM (SGN)
Sân bay Tân Sơn Nhất
Nhà ga 1","Hải Phòng (HPH)
Sân bay quốc tế Cát Bi",Hành lý 0 kg,Hành lý xách tay 7 kg,03-05-2025
VietJet Air,2.006.970 VND/khách,06:15,06 thg 5,06 thg 5,08:15,2h 0m,"TP HCM (SGN)
Sân bay Tân Sơn Nhất
Nhà ga 1","Hải Phòng (HPH)
Sân bay quốc tế Cát Bi",Hành lý 0 kg,Hành lý xách tay 7 kg,03-05-2025
VietJet Air,2.179.538 VND/khách,09:15,06 thg 5,06 thg 5,11:15,2h 0m,"TP HCM (SGN)
Sân bay Tân Sơn Nhất
Nhà ga 1","Hải Phòng (HPH)
Sân bay quốc tế Cát Bi",Hành lý 0 kg,Hành lý xách tay 7 kg,03-05-2025
VietJet Air,2.179.538 VND/khách,14:05,06 thg 5,06 thg 5,16:05,2h 0m,"TP HCM (SGN)
Sân bay Tân Sơn Nhất
Nhà ga 1","Hải Phòng (HPH)
Sân bay quốc tế Cát Bi",Hành lý 0 kg,Hành lý xách tay 7 kg,03-05-2025
VietJet Air,1.829.415 VND/khách,21:10,06 thg 5,06 thg 5,23:05,1h 55m,"TP HCM (SGN)
Sân bay Tân Sơn Nhất
Nhà ga 1","Hải Phòng (HPH)
Sân bay quốc tế Cát Bi",Hành lý 0 kg,Hành lý xách tay 7 kg,04-05-2025
VietJet Air,1.829.415 VND/khách,19:35,06 thg 5,06 thg 5,21:35,2h 0m,"TP HCM (SGN)
Sân bay Tân Sơn Nhất
Nhà ga 1","Hải Phòng (HPH)
Sân bay quốc tế Cát Bi",Hành lý 0 kg,Hành lý xách tay 7 kg,04-05-2025
VietJet Air,1.829.415 VND/khách,20:10,06 thg 5,06 thg 5,22:10,2h 0m,"TP HCM (SGN)
Sân bay Tân Sơn Nhất
Nhà ga 1","Hải Phòng (HPH)
Sân bay quốc tế Cát Bi",Hành lý 0 kg,Hành lý xách tay 7 kg,04-05-2025
VietJet Air,1.890.105 VND/khách,04:30,06 thg 5,06 thg 5,06:30,2h 0m,"TP HCM (SGN)
Sân bay Tân Sơn Nhất
Nhà ga 1","Hải Phòng (HPH)
Sân bay quốc tế Cát Bi",Hành lý 0 kg,Hành lý xách tay 7 kg,04-05-2025
VietJet Air,2.071.173 VND/khách,16:10,06 thg 5,06 thg 5,18:10,2h 0m,"TP HCM (SGN)
Sân bay Tân Sơn Nhất
Nhà ga 1","Hải Phòng (HPH)
Sân bay quốc tế Cát Bi",Hành lý 0 kg,Hành lý xách tay 7 kg,04-05-2025
VietJet Air,2.170.560 VND/khách,14:05,06 thg 5,06 thg 5,16:05,2h 0m,"TP HCM (SGN)
Sân bay Tân Sơn Nhất
Nhà ga 1","Hải Phòng (HPH)
Sân bay quốc tế Cát Bi",Hành lý 0 kg,Hành lý xách tay 7 kg,04-05-2025
VietJet Air,2.240.924 VND/khách,06:15,06 thg 5,06 thg 5,08:15,2h 0m,"TP HCM (SGN)
Sân bay Tân Sơn Nhất
Nhà ga 1","Hải Phòng (HPH)
Sân bay quốc tế Cát Bi",Hành lý 0 kg,Hành lý xách tay 7 kg,04-05-2025
VietJet Air,2.433.309 VND/khách,09:15,06 thg 5,06 thg 5,11:15,2h 0m,"TP HCM (SGN)
Sân bay Tân Sơn Nhất
Nhà ga 1","Hải Phòng (HPH)
Sân bay quốc tế Cát Bi",Hành lý 0 kg,Hành lý xách tay 7 kg,04-05-2025
Vietnam Airlines,3.243.254 VND/khách,20:30,06 thg 5,06 thg 5,22:30,2h 0m,"TP HCM (SGN)
Sân bay Tân Sơn Nhất","Hải Phòng (HPH)
Sân bay quốc tế Cát Bi",Hành lý 1 x 23 kg,Hành lý xách tay 1 x 12 kg,04-05-2025
Vietnam Airlines,3.427.569 VND/khách,17:55,06 thg 5,06 thg 5,19:55,2h 0m,"TP HCM (SGN)
Sân bay Tân Sơn Nhất","Hải Phòng (HPH)
Sân bay quốc tế Cát Bi",Hành lý 1 x 23 kg,Hành lý xách tay 1 x 12 kg,04-05-2025
Vietnam Airlines,3.788.807 VND/khách,13:20,06 thg 5,06 thg 5,15:25,2h 5m,"TP HCM (SGN)
Sân bay Tân Sơn Nhất
Nhà ga 1","Hải Phòng (HPH)
Sân bay quốc tế Cát Bi",Hành lý 1 x 23 kg,Hành lý xách tay 1 x 12 kg,04-05-2025
VietJet Air,2.168.452 VND/khách,19:35,06 thg 5,06 thg 5,21:35,2h 0m,"TP HCM (SGN)
Sân bay Tân Sơn Nhất
Nhà ga 1","Hải Phòng (HPH)
Sân bay quốc tế Cát Bi",Hành lý 0 kg,Hành lý xách tay 7 kg,05-05-2025
VietJet Air,3.160.080 VND/khách,06:15,06 thg 5,06 thg 5,08:15,2h 0m,"TP HCM (SGN)
Sân bay Tân Sơn Nhất
Nhà ga 1","Hải Phòng (HPH)
Sân bay quốc tế Cát Bi",Hành lý 0 kg,Hành lý xách tay 7 kg,05-05-2025
VietJet Air,3.160.080 VND/khách,09:15,06 thg 5,06 thg 5,11:15,2h 0m,"TP HCM (SGN)
Sân bay Tân Sơn Nhất
Nhà ga 1","Hải Phòng (HPH)
Sân bay quốc tế Cát Bi",Hành lý 0 kg,Hành lý xách tay 7 kg,05-05-2025
VietJet Air,3.374.543 VND/khách,20:30,06 thg 5,06 thg 5,22:30,2h 0m,"TP HCM (SGN)
Sân bay Tân Sơn Nhất
Nhà ga 1","Hải Phòng (HPH)
Sân bay quốc tế Cát Bi",Hành lý 0 kg,Hành lý xách tay 7 kg,05-05-2025
VietJet Air,3.799.478 VND/khách,04:30,06 thg 5,06 thg 5,06:25,1h 55m,"TP HCM (SGN)
Sân bay Tân Sơn Nhất
Nhà ga 1","Hải Phòng (HPH)
Sân bay quốc tế Cát Bi",Hành lý 0 kg,Hành lý xách tay 7 kg,05-05-2025
VietJet Air,3.859.034 VND/khách,14:05,06 thg 5,06 thg 5,16:05,2h 0m,"TP HCM (SGN)
Sân bay Tân Sơn Nhất
Nhà ga 1","Hải Phòng (HPH)
Sân bay quốc tế Cát Bi",Hành lý 0 kg,Hành lý xách tay 7 kg,05-05-2025
VietJet Air,3.859.034 VND/khách,16:20,06 thg 5,06 thg 5,18:20,2h 0m,"TP HCM (SGN)
Sân bay Tân Sơn Nhất
Nhà ga 1","Hải Phòng (HPH)
Sân bay quốc tế Cát Bi",Hành lý 0 kg,Hành lý xách tay 7 kg,05-05-2025
Vietnam Airlines,3.902.094 VND/khách,17:55,06 thg 5,06 thg 5,19:55,2h 0m,"TP HCM (SGN)
Sân bay Tân Sơn Nhất","Hải Phòng (HPH)
Sân bay quốc tế Cát Bi",Hành lý 1 x 23 kg,Hành lý xách tay 10 kg,05-05-2025
Vietnam Airlines,4.017.553 VND/khách,20:30,06 thg 5,06 thg 5,22:30,2h 0m,"TP HCM (SGN)
Sân bay Tân Sơn Nhất","Hải Phòng (HPH)
Sân bay quốc tế Cát Bi",Hành lý 1 x 23 kg,Hành lý xách tay 10 kg,05-05-2025
VietJet Air,1.578.045 VND/khách,04:30,06 thg 5,06 thg 5,06:30,2h 0m,"TP HCM (SGN)
Sân bay Tân Sơn Nhất
Nhà ga 1","Hải Phòng (HPH)
Sân bay quốc tế Cát Bi",Hành lý 0 kg,Hành lý xách tay 7 kg,18-04-2025
VietJet Air,1.724.678 VND/khách,21:10,06 thg 5,06 thg 5,23:05,1h 55m,"TP HCM (SGN)
Sân bay Tân Sơn Nhất
Nhà ga 1","Hải Phòng (HPH)
Sân bay quốc tế Cát Bi",Hành lý 0 kg,Hành lý xách tay 7 kg,18-04-2025
VietJet Air,1.724.678 VND/khách,19:15,06 thg 5,06 thg 5,21:15,2h 0m,"TP HCM (SGN)
Sân bay Tân Sơn Nhất
Nhà ga 1","Hải Phòng (HPH)
Sân bay quốc tế Cát Bi",Hành lý 0 kg,Hành lý xách tay 7 kg,18-04-2025
VietJet Air,1.724.678 VND/khách,20:10,06 thg 5,06 thg 5,22:10,2h 0m,"TP HCM (SGN)
Sân bay Tân Sơn Nhất
Nhà ga 1","Hải Phòng (HPH)
Sân bay quốc tế Cát Bi",Hành lý 0 kg,Hành lý xách tay 7 kg,18-04-2025
Vietnam Airlines,1.748.250 VND/khách,20:30,06 thg 5,06 thg 5,22:30,2h 0m,"TP HCM (SGN)
Sân bay Tân Sơn Nhất
Nhà ga 1","Hải Phòng (HPH)
Sân bay quốc tế Cát Bi",Hành lý 1 x 23 kg,Hành lý xách tay 1 x 12 kg,18-04-2025
VietJet Air,1.841.385 VND/khách,06:15,06 thg 5,06 thg 5,08:15,2h 0m,"TP HCM (SGN)
Sân bay Tân Sơn Nhất
Nhà ga 1","Hải Phòng (HPH)
Sân bay quốc tế Cát Bi",Hành lý 0 kg,Hành lý xách tay 7 kg,18-04-2025
VietJet Air,1.841.385 VND/khách,14:05,06 thg 5,06 thg 5,16:05,2h 0m,"TP HCM (SGN)
Sân bay Tân Sơn Nhất
Nhà ga 1","Hải Phòng (HPH)
Sân bay quốc tế Cát Bi",Hành lý 0 kg,Hành lý xách tay 7 kg,18-04-2025
VietJet Air,1.841.385 VND/khách,16:10,06 thg 5,06 thg 5,18:10,2h 0m,"TP HCM (SGN)
Sân bay Tân Sơn Nhất
Nhà ga 1","Hải Phòng (HPH)
Sân bay quốc tế Cát Bi",Hành lý 0 kg,Hành lý xách tay 7 kg,18-04-2025
Vietnam Airlines,2.008.989 VND/khách,17:55,06 thg 5,06 thg 5,19:55,2h 0m,"TP HCM (SGN)
Sân bay Tân Sơn Nhất
Nhà ga 1","Hải Phòng (HPH)
Sân bay quốc tế Cát Bi",Hành lý 1 x 23 kg,Hành lý xách tay 1 x 12 kg,18-04-2025
Vietnam Airlines,2.008.989 VND/khách,13:20,06 thg 5,06 thg 5,15:25,2h 5m,"TP HCM (SGN)
Sân bay Tân Sơn Nhất
Nhà ga 1","Hải Phòng (HPH)
Sân bay quốc tế Cát Bi",Hành lý 1 x 23 kg,Hành lý xách tay 1 x 12 kg,18-04-2025
VietJet Air,2.016.945 VND/khách,09:15,06 thg 5,06 thg 5,11:15,2h 0m,"TP HCM (SGN)
Sân bay Tân Sơn Nhất
Nhà ga 1","Hải Phòng (HPH)
Sân bay quốc tế Cát Bi",Hành lý 0 kg,Hành lý xách tay 7 kg,18-04-2025
VietJet Air,1.606.973 VND/khách,04:30,06 thg 5,06 thg 5,06:30,2h 0m,"TP HCM (SGN)
Sân bay Tân Sơn Nhất
Nhà ga 1","Hải Phòng (HPH)
Sân bay quốc tế Cát Bi",,,19-04-2025
Vietnam Airlines,1.747.251 VND/khách,20:30,06 thg 5,06 thg 5,22:30,2h 0m,"TP HCM (SGN)
Sân bay Tân Sơn Nhất
Nhà ga 3","Hải Phòng (HPH)
Sân bay quốc tế Cát Bi",,,19-04-2025
VietJet Air,1.748.618 VND/khách,21:10,06 thg 5,06 thg 5,23:05,1h 55m,"TP HCM (SGN)
Sân bay Tân Sơn Nhất
Nhà ga 1","Hải Phòng (HPH)
Sân bay quốc tế Cát Bi",,,19-04-2025
VietJet Air,1.748.618 VND/khách,19:15,06 thg 5,06 thg 5,21:15,2h 0m,"TP HCM (SGN)
Sân bay Tân Sơn Nhất
Nhà ga 1","Hải Phòng (HPH)
Sân bay quốc tế Cát Bi",,,19-04-2025
VietJet Air,1.748.618 VND/khách,20:10,06 thg 5,06 thg 5,22:10,2h 0m,"TP HCM (SGN)
Sân bay Tân Sơn Nhất
Nhà ga 1","Hải Phòng (HPH)
Sân bay quốc tế Cát Bi",,,19-04-2025
VietJet Air,1.866.323 VND/khách,06:15,06 thg 5,06 thg 5,08:15,2h 0m,"TP HCM (SGN)
Sân bay Tân Sơn Nhất
Nhà ga 1","Hải Phòng (HPH)
Sân bay quốc tế Cát Bi",,,19-04-2025
VietJet Air,1.866.323 VND/khách,14:05,06 thg 5,06 thg 5,16:05,2h 0m,"TP HCM (SGN)
Sân bay Tân Sơn Nhất
Nhà ga 1","Hải Phòng (HPH)
Sân bay quốc tế Cát Bi",,,19-04-2025
VietJet Air,1.866.323 VND/khách,16:10,06 thg 5,06 thg 5,18:10,2h 0m,"TP HCM (SGN)
Sân bay Tân Sơn Nhất
Nhà ga 1","Hải Phòng (HPH)
Sân bay quốc tế Cát Bi",,,19-04-2025
Vietnam Airlines,1.999.998 VND/khách,17:55,06 thg 5,06 thg 5,19:55,2h 0m,"TP HCM (SGN)
Sân bay Tân Sơn Nhất
Nhà ga 3","Hải Phòng (HPH)
Sân bay quốc tế Cát Bi",,,19-04-2025
Vietnam Airlines,1.999.998 VND/khách,13:20,06 thg 5,06 thg 5,15:25,2h 5m,"TP HCM (SGN)
Sân bay Tân Sơn Nhất
Nhà ga 3","Hải Phòng (HPH)
Sân bay quốc tế Cát Bi",,,19-04-2025
VietJet Air,2.036.895 VND/khách,09:15,06 thg 5,06 thg 5,11:15,2h 0m,"TP HCM (SGN)
Sân bay Tân Sơn Nhất
Nhà ga 1","Hải Phòng (HPH)
Sân bay quốc tế Cát Bi",,,19-04-2025
VietJet Air,1.615.950 VND/khách,04:30,06 thg 5,06 thg 5,06:30,2h 0m,"TP HCM (SGN)
Sân bay Tân Sơn Nhất
Nhà ga 1","Hải Phòng (HPH)
Sân bay quốc tế Cát Bi",Hành lý 0 kg,Hành lý xách tay 7 kg,20-04-2025
VietJet Air,1.742.633 VND/khách,21:10,06 thg 5,06 thg 5,23:05,1h 55m,"TP HCM (SGN)
Sân bay Tân Sơn Nhất
Nhà ga 1","Hải Phòng (HPH)
Sân bay quốc tế Cát Bi",Hành lý 0 kg,Hành lý xách tay 7 kg,20-04-2025
VietJet Air,1.742.633 VND/khách,19:15,06 thg 5,06 thg 5,21:15,2h 0m,"TP HCM (SGN)
Sân bay Tân Sơn Nhất
Nhà ga 1","Hải Phòng (HPH)
Sân bay quốc tế Cát Bi",Hành lý 0 kg,Hành lý xách tay 7 kg,20-04-2025
VietJet Air,1.742.633 VND/khách,20:10,06 thg 5,06 thg 5,22:10,2h 0m,"TP HCM (SGN)
Sân bay Tân Sơn Nhất
Nhà ga 1","Hải Phòng (HPH)
Sân bay quốc tế Cát Bi",Hành lý 0 kg,Hành lý xách tay 7 kg,20-04-2025
Vietnam Airlines,1.749.249 VND/khách,20:30,06 thg 5,06 thg 5,22:30,2h 0m,"TP HCM (SGN)
Sân bay Tân Sơn Nhất","Hải Phòng (HPH)
Sân bay quốc tế Cát Bi",Hành lý 1 x 23 kg,Hành lý xách tay 1 x 12 kg,20-04-2025
VietJet Air,1.857.345 VND/khách,06:15,06 thg 5,06 thg 5,08:15,2h 0m,"TP HCM (SGN)
Sân bay Tân Sơn Nhất
Nhà ga 1","Hải Phòng (HPH)
Sân bay quốc tế Cát Bi",Hành lý 0 kg,Hành lý xách tay 7 kg,20-04-2025
VietJet Air,1.857.345 VND/khách,14:05,06 thg 5,06 thg 5,16:05,2h 0m,"TP HCM (SGN)
Sân bay Tân Sơn Nhất
Nhà ga 1","Hải Phòng (HPH)
Sân bay quốc tế Cát Bi",Hành lý 0 kg,Hành lý xách tay 7 kg,20-04-2025
VietJet Air,1.857.345 VND/khách,16:10,06 thg 5,06 thg 5,18:10,2h 0m,"TP HCM (SGN)
Sân bay Tân Sơn Nhất
Nhà ga 1","Hải Phòng (HPH)
Sân bay quốc tế Cát Bi",Hành lý 0 kg,Hành lý xách tay 7 kg,20-04-2025
Vietnam Airlines,1.990.008 VND/khách,17:55,06 thg 5,06 thg 5,19:55,2h 0m,"TP HCM (SGN)
Sân bay Tân Sơn Nhất","Hải Phòng (HPH)
Sân bay quốc tế Cát Bi",Hành lý 1 x 23 kg,Hành lý xách tay 1 x 12 kg,20-04-2025
Vietnam Airlines,1.990.008 VND/khách,13:20,06 thg 5,06 thg 5,15:25,2h 5m,"TP HCM (SGN)
Sân bay Tân Sơn Nhất","Hải Phòng (HPH)
Sân bay quốc tế Cát Bi",Hành lý 1 x 23 kg,Hành lý xách tay 1 x 12 kg,20-04-2025
VietJet Air,2.031.908 VND/khách,09:15,06 thg 5,06 thg 5,11:15,2h 0m,"TP HCM (SGN)
Sân bay Tân Sơn Nhất
Nhà ga 1","Hải Phòng (HPH)
Sân bay quốc tế Cát Bi",Hành lý 0 kg,Hành lý xách tay 7 kg,20-04-2025
VietJet Air,1.595.637 VND/khách,04:30,06 thg 5,06 thg 5,06:30,2h 0m,"TP HCM (SGN)
Sân bay Tân Sơn Nhất
Nhà ga 1","Hải Phòng (HPH)
Sân bay quốc tế Cát Bi",Hành lý 0 kg,Hành lý xách tay 7 kg,21-04-2025
VietJet Air,1.741.635 VND/khách,21:10,06 thg 5,06 thg 5,23:05,1h 55m,"TP HCM (SGN)
Sân bay Tân Sơn Nhất
Nhà ga 1","Hải Phòng (HPH)
Sân bay quốc tế Cát Bi",Hành lý 0 kg,Hành lý xách tay 7 kg,21-04-2025
VietJet Air,1.741.635 VND/khách,19:15,06 thg 5,06 thg 5,21:15,2h 0m,"TP HCM (SGN)
Sân bay Tân Sơn Nhất
Nhà ga 1","Hải Phòng (HPH)
Sân bay quốc tế Cát Bi",Hành lý 0 kg,Hành lý xách tay 7 kg,21-04-2025
VietJet Air,1.741.635 VND/khách,20:10,06 thg 5,06 thg 5,22:10,2h 0m,"TP HCM (SGN)
Sân bay Tân Sơn Nhất
Nhà ga 1","Hải Phòng (HPH)
Sân bay quốc tế Cát Bi",Hành lý 0 kg,Hành lý xách tay 7 kg,21-04-2025
Vietnam Airlines,1.752.246 VND/khách,20:30,06 thg 5,06 thg 5,22:30,2h 0m,"TP HCM (SGN)
Sân bay Tân Sơn Nhất","Hải Phòng (HPH)
Sân bay quốc tế Cát Bi",Hành lý 1 x 23 kg,Hành lý xách tay 1 x 12 kg,21-04-2025
VietJet Air,1.868.318 VND/khách,06:15,06 thg 5,06 thg 5,08:15,2h 0m,"TP HCM (SGN)
Sân bay Tân Sơn Nhất
Nhà ga 1","Hải Phòng (HPH)
Sân bay quốc tế Cát Bi",Hành lý 0 kg,Hành lý xách tay 7 kg,21-04-2025
VietJet Air,1.868.318 VND/khách,14:05,06 thg 5,06 thg 5,16:05,2h 0m,"TP HCM (SGN)
Sân bay Tân Sơn Nhất
Nhà ga 1","Hải Phòng (HPH)
Sân bay quốc tế Cát Bi",Hành lý 0 kg,Hành lý xách tay 7 kg,21-04-2025
VietJet Air,1.868.318 VND/khách,16:10,06 thg 5,06 thg 5,18:10,2h 0m,"TP HCM (SGN)
Sân bay Tân Sơn Nhất
Nhà ga 1","Hải Phòng (HPH)
Sân bay quốc tế Cát Bi",Hành lý 0 kg,Hành lý xách tay 7 kg,21-04-2025
Vietnam Airlines,1.990.008 VND/khách,17:55,06 thg 5,06 thg 5,19:55,2h 0m,"TP HCM (SGN)
Sân bay Tân Sơn Nhất","Hải Phòng (HPH)
Sân bay quốc tế Cát Bi",Hành lý 1 x 23 kg,Hành lý xách tay 1 x 12 kg,21-04-2025
Vietnam Airlines,1.990.008 VND/khách,13:20,06 thg 5,06 thg 5,15:25,2h 5m,"TP HCM (SGN)
Sân bay Tân Sơn Nhất","Hải Phòng (HPH)
Sân bay quốc tế Cát Bi",Hành lý 1 x 23 kg,Hành lý xách tay 1 x 12 kg,21-04-2025
VietJet Air,2.038.890 VND/khách,09:15,06 thg 5,06 thg 5,11:15,2h 0m,"TP HCM (SGN)
Sân bay Tân Sơn Nhất
Nhà ga 1","Hải Phòng (HPH)
Sân bay quốc tế Cát Bi",Hành lý 0 kg,Hành lý xách tay 7 kg,21-04-2025
VietJet Air,1.753.605 VND/khách,21:10,06 thg 5,06 thg 5,23:05,1h 55m,"TP HCM (SGN)
Sân bay Tân Sơn Nhất
Nhà ga 1","Hải Phòng (HPH)
Sân bay quốc tế Cát Bi",Hành lý 0 kg,Hành lý xách tay 7 kg,22-04-2025
VietJet Air,1.753.605 VND/khách,04:30,06 thg 5,06 thg 5,06:30,2h 0m,"TP HCM (SGN)
Sân bay Tân Sơn Nhất
Nhà ga 1","Hải Phòng (HPH)
Sân bay quốc tế Cát Bi",Hành lý 0 kg,Hành lý xách tay 7 kg,22-04-2025
VietJet Air,1.753.605 VND/khách,20:10,06 thg 5,06 thg 5,22:10,2h 0m,"TP HCM (SGN)
Sân bay Tân Sơn Nhất
Nhà ga 1","Hải Phòng (HPH)
Sân bay quốc tế Cát Bi",Hành lý 0 kg,Hành lý xách tay 7 kg,22-04-2025
Vietnam Airlines,1.801.197 VND/khách,20:30,06 thg 5,06 thg 5,22:30,2h 0m,"TP HCM (SGN)
Sân bay Tân Sơn Nhất","Hải Phòng (HPH)
Sân bay quốc tế Cát Bi",Hành lý 23 kg,Hành lý xách tay 1 x 12 kg,22-04-2025
VietJet Air,1.868.318 VND/khách,14:05,06 thg 5,06 thg 5,16:05,2h 0m,"TP HCM (SGN)
Sân bay Tân Sơn Nhất
Nhà ga 1","Hải Phòng (HPH)
Sân bay quốc tế Cát Bi",Hành lý 0 kg,Hành lý xách tay 7 kg,22-04-2025
VietJet Air,1.868.318 VND/khách,16:10,06 thg 5,06 thg 5,18:10,2h 0m,"TP HCM (SGN)
Sân bay Tân Sơn Nhất
Nhà ga 1","Hải Phòng (HPH)
Sân bay quốc tế Cát Bi",Hành lý 0 kg,Hành lý xách tay 7 kg,22-04-2025
VietJet Air,1.868.318 VND/khách,19:15,06 thg 5,06 thg 5,21:15,2h 0m,"TP HCM (SGN)
Sân bay Tân Sơn Nhất
Nhà ga 1","Hải Phòng (HPH)
Sân bay quốc tế Cát Bi",Hành lý 0 kg,Hành lý xách tay 7 kg,22-04-2025
Vietnam Airlines,2.007.063 VND/khách,17:55,06 thg 5,06 thg 5,19:55,2h 0m,"TP HCM (SGN)
Sân bay Tân Sơn Nhất","Hải Phòng (HPH)
Sân bay quốc tế Cát Bi",Hành lý 23 kg,Hành lý xách tay 1 x 12 kg,22-04-2025
VietJet Air,2.038.890 VND/khách,09:15,06 thg 5,06 thg 5,11:15,2h 0m,"TP HCM (SGN)
Sân bay Tân Sơn Nhất
Nhà ga 1","Hải Phòng (HPH)
Sân bay quốc tế Cát Bi",Hành lý 0 kg,Hành lý xách tay 7 kg,22-04-2025
Vietnam Airlines,2.231.805 VND/khách,13:20,06 thg 5,06 thg 5,15:25,2h 5m,"TP HCM (SGN)
Sân bay Tân Sơn Nhất
Nhà ga 1","Hải Phòng (HPH)
Sân bay quốc tế Cát Bi",Hành lý 23 kg,Hành lý xách tay 1 x 12 kg,22-04-2025
VietJet Air,3.764.565 VND/khách,06:15,06 thg 5,06 thg 5,08:15,2h 0m,"TP HCM (SGN)
Sân bay Tân Sơn Nhất
Nhà ga 1","Hải Phòng (HPH)
Sân bay quốc tế Cát Bi",Hành lý 0 kg,Hành lý xách tay 7 kg,22-04-2025
Vietnam Airlines,3.857.875 VND/khách,07:45,06 thg 5,06 thg 5,09:45,2h 0m,"TP HCM (SGN)
Sân bay Tân Sơn Nhất","Hải Phòng (HPH)
Sân bay quốc tế Cát Bi",Hành lý 23 kg,Hành lý xách tay 1 x 12 kg,22-04-2025
VietJet Air,1.746.623 VND/khách,21:10,06 thg 5,06 thg 5,23:05,1h 55m,"TP HCM (SGN)
Sân bay Tân Sơn Nhất
Nhà ga 1","Hải Phòng (HPH)
Sân bay quốc tế Cát Bi",,,23-04-2025
VietJet Air,1.746.623 VND/khách,04:30,06 thg 5,06 thg 5,06:30,2h 0m,"TP HCM (SGN)
Sân bay Tân Sơn Nhất
Nhà ga 1","Hải Phòng (HPH)
Sân bay quốc tế Cát Bi",,,23-04-2025
VietJet Air,1.746.623 VND/khách,20:10,06 thg 5,06 thg 5,22:10,2h 0m,"TP HCM (SGN)
Sân bay Tân Sơn Nhất
Nhà ga 1","Hải Phòng (HPH)
Sân bay quốc tế Cát Bi",,,23-04-2025
VietJet Air,1.870.313 VND/khách,06:15,06 thg 5,06 thg 5,08:15,2h 0m,"TP HCM (SGN)
Sân bay Tân Sơn Nhất
Nhà ga 1","Hải Phòng (HPH)
Sân bay quốc tế Cát Bi",,,23-04-2025
VietJet Air,1.870.313 VND/khách,14:05,06 thg 5,06 thg 5,16:05,2h 0m,"TP HCM (SGN)
Sân bay Tân Sơn Nhất
Nhà ga 1","Hải Phòng (HPH)
Sân bay quốc tế Cát Bi",,,23-04-2025
VietJet Air,1.870.313 VND/khách,16:10,06 thg 5,06 thg 5,18:10,2h 0m,"TP HCM (SGN)
Sân bay Tân Sơn Nhất
Nhà ga 1","Hải Phòng (HPH)
Sân bay quốc tế Cát Bi",,,23-04-2025
VietJet Air,1.870.313 VND/khách,19:15,06 thg 5,06 thg 5,21:15,2h 0m,"TP HCM (SGN)
Sân bay Tân Sơn Nhất
Nhà ga 1","Hải Phòng (HPH)
Sân bay quốc tế Cát Bi",,,23-04-2025
Vietnam Airlines,2.029.968 VND/khách,20:30,06 thg 5,06 thg 5,22:30,2h 0m,"TP HCM (SGN)
Sân bay Tân Sơn Nhất
Nhà ga 3","Hải Phòng (HPH)
Sân bay quốc tế Cát Bi",,,23-04-2025
VietJet Air,2.041.883 VND/khách,09:15,06 thg 5,06 thg 5,11:15,2h 0m,"TP HCM (SGN)
Sân bay Tân Sơn Nhất
Nhà ga 1","Hải Phòng (HPH)
Sân bay quốc tế Cát Bi",,,23-04-2025
Vietnam Airlines,2.249.748 VND/khách,17:55,06 thg 5,06 thg 5,19:55,2h 0m,"TP HCM (SGN)
Sân bay Tân Sơn Nhất
Nhà ga 3","Hải Phòng (HPH)
Sân bay quốc tế Cát Bi",,,23-04-2025
Vietnam Airlines,2.249.748 VND/khách,13:20,06 thg 5,06 thg 5,15:25,2h 5m,"TP HCM (SGN)
Sân bay Tân Sơn Nhất
Nhà ga 1","Hải Phòng (HPH)
Sân bay quốc tế Cát Bi",,,23-04-2025
Vietnam Airlines,3.929.067 VND/khách,07:45,06 thg 5,06 thg 5,09:45,2h 0m,"TP HCM (SGN)
Sân bay Tân Sơn Nhất
Nhà ga 3","Hải Phòng (HPH)
Sân bay quốc tế Cát Bi",,,23-04-2025
VietJet Air,1.758.593 VND/khách,21:10,06 thg 5,06 thg 5,23:05,1h 55m,"TP HCM (SGN)
Sân bay Tân Sơn Nhất
Nhà ga 1","Hải Phòng (HPH)
Sân bay quốc tế Cát Bi",,,24-04-2025
VietJet Air,1.758.593 VND/khách,04:30,06 thg 5,06 thg 5,06:30,2h 0m,"TP HCM (SGN)
Sân bay Tân Sơn Nhất
Nhà ga 1","Hải Phòng (HPH)
Sân bay quốc tế Cát Bi",,,24-04-2025
VietJet Air,1.758.593 VND/khách,20:10,06 thg 5,06 thg 5,22:10,2h 0m,"TP HCM (SGN)
Sân bay Tân Sơn Nhất
Nhà ga 1","Hải Phòng (HPH)
Sân bay quốc tế Cát Bi",,,24-04-2025
VietJet Air,1.874.303 VND/khách,06:15,06 thg 5,06 thg 5,08:15,2h 0m,"TP HCM (SGN)
Sân bay Tân Sơn Nhất
Nhà ga 1","Hải Phòng (HPH)
Sân bay quốc tế Cát Bi",,,24-04-2025
VietJet Air,1.874.303 VND/khách,14:05,06 thg 5,06 thg 5,16:05,2h 0m,"TP HCM (SGN)
Sân bay Tân Sơn Nhất
Nhà ga 1","Hải Phòng (HPH)
Sân bay quốc tế Cát Bi",,,24-04-2025
VietJet Air,1.874.303 VND/khách,16:10,06 thg 5,06 thg 5,18:10,2h 0m,"TP HCM (SGN)
Sân bay Tân Sơn Nhất
Nhà ga 1","Hải Phòng (HPH)
Sân bay quốc tế Cát Bi",,,24-04-2025
VietJet Air,1.874.303 VND/khách,19:15,06 thg 5,06 thg 5,21:15,2h 0m,"TP HCM (SGN)
Sân bay Tân Sơn Nhất
Nhà ga 1","Hải Phòng (HPH)
Sân bay quốc tế Cát Bi",,,24-04-2025
Vietnam Airlines,2.009.769 VND/khách,20:30,06 thg 5,06 thg 5,22:30,2h 0m,"TP HCM (SGN)
Sân bay Tân Sơn Nhất
Nhà ga T3","Hải Phòng (HPH)
Sân bay quốc tế Cát Bi",,,24-04-2025
VietJet Air,2.045.873 VND/khách,09:15,06 thg 5,06 thg 5,11:15,2h 0m,"TP HCM (SGN)
Sân bay Tân Sơn Nhất
Nhà ga 1","Hải Phòng (HPH)
Sân bay quốc tế Cát Bi",,,24-04-2025
Vietnam Airlines,2.246.751 VND/khách,17:55,06 thg 5,06 thg 5,19:55,2h 0m,"TP HCM (SGN)
Sân bay Tân Sơn Nhất
Nhà ga T3","Hải Phòng (HPH)
Sân bay quốc tế Cát Bi",,,24-04-2025
Vietnam Airlines,2.246.751 VND/khách,13:20,06 thg 5,06 thg 5,15:25,2h 5m,"TP HCM (SGN)
Sân bay Tân Sơn Nhất
Nhà ga 1","Hải Phòng (HPH)
Sân bay quốc tế Cát Bi",,,24-04-2025
Vietnam Airlines,3.926.070 VND/khách,07:45,06 thg 5,06 thg 5,09:45,2h 0m,"TP HCM (SGN)
Sân bay Tân Sơn Nhất
Nhà ga T3","Hải Phòng (HPH)
Sân bay quốc tế Cát Bi",,,24-04-2025
VietJet Air,1.745.625 VND/khách,21:10,06 thg 5,06 thg 5,23:05,1h 55m,"TP HCM (SGN)
Sân bay Tân Sơn Nhất
Nhà ga 1","Hải Phòng (HPH)
Sân bay quốc tế Cát Bi",Hành lý 0 kg,Hành lý xách tay 7 kg,25-04-2025
VietJet Air,1.745.625 VND/khách,04:30,06 thg 5,06 thg 5,06:30,2h 0m,"TP HCM (SGN)
Sân bay Tân Sơn Nhất
Nhà ga 1","Hải Phòng (HPH)
Sân bay quốc tế Cát Bi",Hành lý 0 kg,Hành lý xách tay 7 kg,25-04-2025
VietJet Air,1.745.625 VND/khách,20:10,06 thg 5,06 thg 5,22:10,2h 0m,"TP HCM (SGN)
Sân bay Tân Sơn Nhất
Nhà ga 1","Hải Phòng (HPH)
Sân bay quốc tế Cát Bi",Hành lý 0 kg,Hành lý xách tay 7 kg,25-04-2025
VietJet Air,1.857.345 VND/khách,06:15,06 thg 5,06 thg 5,08:15,2h 0m,"TP HCM (SGN)
Sân bay Tân Sơn Nhất
Nhà ga 1","Hải Phòng (HPH)
Sân bay quốc tế Cát Bi",Hành lý 0 kg,Hành lý xách tay 7 kg,25-04-2025
VietJet Air,1.857.345 VND/khách,14:05,06 thg 5,06 thg 5,16:05,2h 0m,"TP HCM (SGN)
Sân bay Tân Sơn Nhất
Nhà ga 1","Hải Phòng (HPH)
Sân bay quốc tế Cát Bi",Hành lý 0 kg,Hành lý xách tay 7 kg,25-04-2025
VietJet Air,1.857.345 VND/khách,16:10,06 thg 5,06 thg 5,18:10,2h 0m,"TP HCM (SGN)
Sân bay Tân Sơn Nhất
Nhà ga 1","Hải Phòng (HPH)
Sân bay quốc tế Cát Bi",Hành lý 0 kg,Hành lý xách tay 7 kg,25-04-2025
VietJet Air,1.857.345 VND/khách,19:15,06 thg 5,06 thg 5,21:15,2h 0m,"TP HCM (SGN)
Sân bay Tân Sơn Nhất
Nhà ga 1","Hải Phòng (HPH)
Sân bay quốc tế Cát Bi",Hành lý 0 kg,Hành lý xách tay 7 kg,25-04-2025
Vietnam Airlines,2.027.970 VND/khách,20:30,06 thg 5,06 thg 5,22:30,2h 0m,"TP HCM (SGN)
Sân bay Tân Sơn Nhất
Nhà ga T3","Hải Phòng (HPH)
Sân bay quốc tế Cát Bi",Hành lý 1 x 23 kg,Hành lý xách tay 1 x 12 kg,25-04-2025
VietJet Air,2.035.898 VND/khách,09:15,06 thg 5,06 thg 5,11:15,2h 0m,"TP HCM (SGN)
Sân bay Tân Sơn Nhất
Nhà ga 1","Hải Phòng (HPH)
Sân bay quốc tế Cát Bi",Hành lý 0 kg,Hành lý xách tay 7 kg,25-04-2025
Vietnam Airlines,2.244.753 VND/khách,17:55,06 thg 5,06 thg 5,19:55,2h 0m,"TP HCM (SGN)
Sân bay Tân Sơn Nhất
Nhà ga T3","Hải Phòng (HPH)
Sân bay quốc tế Cát Bi",Hành lý 1 x 23 kg,Hành lý xách tay 1 x 12 kg,25-04-2025
Vietnam Airlines,2.244.753 VND/khách,13:20,06 thg 5,06 thg 5,15:25,2h 5m,"TP HCM (SGN)
Sân bay Tân Sơn Nhất
Nhà ga 1","Hải Phòng (HPH)
Sân bay quốc tế Cát Bi",Hành lý 1 x 23 kg,Hành lý xách tay 1 x 12 kg,25-04-2025
Vietnam Airlines,3.932.064 VND/khách,07:45,06 thg 5,06 thg 5,09:45,2h 0m,"TP HCM (SGN)
Sân bay Tân Sơn Nhất
Nhà ga T3","Hải Phòng (HPH)
Sân bay quốc tế Cát Bi",Hành lý 1 x 23 kg,Hành lý xách tay 1 x 12 kg,25-04-2025
VietJet Air,1.730.663 VND/khách,21:10,06 thg 5,06 thg 5,23:05,1h 55m,"TP HCM (SGN)
Sân bay Tân Sơn Nhất
Nhà ga 1","Hải Phòng (HPH)
Sân bay quốc tế Cát Bi",Hành lý 0 kg,Hành lý xách tay 7 kg,26-04-2025
VietJet Air,1.730.663 VND/khách,04:30,06 thg 5,06 thg 5,06:30,2h 0m,"TP HCM (SGN)
Sân bay Tân Sơn Nhất
Nhà ga 1","Hải Phòng (HPH)
Sân bay quốc tế Cát Bi",Hành lý 0 kg,Hành lý xách tay 7 kg,26-04-2025
VietJet Air,1.730.663 VND/khách,20:10,06 thg 5,06 thg 5,22:10,2h 0m,"TP HCM (SGN)
Sân bay Tân Sơn Nhất
Nhà ga 1","Hải Phòng (HPH)
Sân bay quốc tế Cát Bi",Hành lý 0 kg,Hành lý xách tay 7 kg,26-04-2025
VietJet Air,1.846.373 VND/khách,06:15,06 thg 5,06 thg 5,08:15,2h 0m,"TP HCM (SGN)
Sân bay Tân Sơn Nhất
Nhà ga 1","Hải Phòng (HPH)
Sân bay quốc tế Cát Bi",Hành lý 0 kg,Hành lý xách tay 7 kg,26-04-2025
VietJet Air,1.846.373 VND/khách,14:05,06 thg 5,06 thg 5,16:05,2h 0m,"TP HCM (SGN)
Sân bay Tân Sơn Nhất
Nhà ga 1","Hải Phòng (HPH)
Sân bay quốc tế Cát Bi",Hành lý 0 kg,Hành lý xách tay 7 kg,26-04-2025
VietJet Air,1.846.373 VND/khách,16:10,06 thg 5,06 thg 5,18:10,2h 0m,"TP HCM (SGN)
Sân bay Tân Sơn Nhất
Nhà ga 1","Hải Phòng (HPH)
Sân bay quốc tế Cát Bi",Hành lý 0 kg,Hành lý xách tay 7 kg,26-04-2025
VietJet Air,1.846.373 VND/khách,19:35,06 thg 5,06 thg 5,21:35,2h 0m,"TP HCM (SGN)
Sân bay Tân Sơn Nhất
Nhà ga 1","Hải Phòng (HPH)
Sân bay quốc tế Cát Bi",Hành lý 0 kg,Hành lý xách tay 7 kg,26-04-2025
VietJet Air,2.020.935 VND/khách,09:15,06 thg 5,06 thg 5,11:15,2h 0m,"TP HCM (SGN)
Sân bay Tân Sơn Nhất
Nhà ga 1","Hải Phòng (HPH)
Sân bay quốc tế Cát Bi",Hành lý 0 kg,Hành lý xách tay 7 kg,26-04-2025
Vietnam Airlines,2.237.760 VND/khách,20:30,06 thg 5,06 thg 5,22:30,2h 0m,"TP HCM (SGN)
Sân bay Tân Sơn Nhất
Nhà ga T3","Hải Phòng (HPH)
Sân bay quốc tế Cát Bi",Hành lý 1 x 23 kg,Hành lý xách tay 1 x 12 kg,26-04-2025
Vietnam Airlines,2.682.315 VND/khách,13:20,06 thg 5,06 thg 5,15:25,2h 5m,"TP HCM (SGN)
Sân bay Tân Sơn Nhất
Nhà ga 1","Hải Phòng (HPH)
Sân bay quốc tế Cát Bi",Hành lý 1 x 23 kg,Hành lý xách tay 1 x 12 kg,26-04-2025
Vietnam Airlines,2.704.293 VND/khách,17:55,06 thg 5,06 thg 5,19:55,2h 0m,"TP HCM (SGN)
Sân bay Tân Sơn Nhất
Nhà ga T3","Hải Phòng (HPH)
Sân bay quốc tế Cát Bi",Hành lý 1 x 23 kg,Hành lý xách tay 1 x 12 kg,26-04-2025
Vietnam Airlines,3.922.074 VND/khách,07:45,06 thg 5,06 thg 5,09:45,2h 0m,"TP HCM (SGN)
Sân bay Tân Sơn Nhất
Nhà ga T3","Hải Phòng (HPH)
Sân bay quốc tế Cát Bi",Hành lý 1 x 23 kg,Hành lý xách tay 1 x 12 kg,26-04-2025
VietJet Air,1.723.680 VND/khách,21:10,06 thg 5,06 thg 5,23:05,1h 55m,"TP HCM (SGN)
Sân bay Tân Sơn Nhất
Nhà ga 1","Hải Phòng (HPH)
Sân bay quốc tế Cát Bi",Hành lý 0 kg,Hành lý xách tay 7 kg,27-04-2025
VietJet Air,1.723.680 VND/khách,20:10,06 thg 5,06 thg 5,22:10,2h 0m,"TP HCM (SGN)
Sân bay Tân Sơn Nhất
Nhà ga 1","Hải Phòng (HPH)
Sân bay quốc tế Cát Bi",Hành lý 0 kg,Hành lý xách tay 7 kg,27-04-2025
VietJet Air,1.838.393 VND/khách,14:05,06 thg 5,06 thg 5,16:05,2h 0m,"TP HCM (SGN)
Sân bay Tân Sơn Nhất
Nhà ga 1","Hải Phòng (HPH)
Sân bay quốc tế Cát Bi",Hành lý 0 kg,Hành lý xách tay 7 kg,27-04-2025
VietJet Air,1.838.393 VND/khách,16:10,06 thg 5,06 thg 5,18:10,2h 0m,"TP HCM (SGN)
Sân bay Tân Sơn Nhất
Nhà ga 1","Hải Phòng (HPH)
Sân bay quốc tế Cát Bi",Hành lý 0 kg,Hành lý xách tay 7 kg,27-04-2025
VietJet Air,1.838.393 VND/khách,19:35,06 thg 5,06 thg 5,21:35,2h 0m,"TP HCM (SGN)
Sân bay Tân Sơn Nhất
Nhà ga 1","Hải Phòng (HPH)
Sân bay quốc tế Cát Bi",Hành lý 0 kg,Hành lý xách tay 7 kg,27-04-2025
VietJet Air,1.888.479 VND/khách,04:30,06 thg 5,06 thg 5,06:30,2h 0m,"TP HCM (SGN)
Sân bay Tân Sơn Nhất
Nhà ga 1","Hải Phòng (HPH)
Sân bay quốc tế Cát Bi",Hành lý 0 kg,Hành lý xách tay 7 kg,27-04-2025
VietJet Air,1.888.479 VND/khách,06:15,06 thg 5,06 thg 5,08:15,2h 0m,"TP HCM (SGN)
Sân bay Tân Sơn Nhất
Nhà ga 1","Hải Phòng (HPH)
Sân bay quốc tế Cát Bi",Hành lý 0 kg,Hành lý xách tay 7 kg,27-04-2025
VietJet Air,2.013.953 VND/khách,09:15,06 thg 5,06 thg 5,11:15,2h 0m,"TP HCM (SGN)
Sân bay Tân Sơn Nhất
Nhà ga 1","Hải Phòng (HPH)
Sân bay quốc tế Cát Bi",Hành lý 0 kg,Hành lý xách tay 7 kg,27-04-2025
Vietnam Airlines,2.235.163 VND/khách,20:30,06 thg 5,06 thg 5,22:30,2h 0m,"TP HCM (SGN)
Sân bay Tân Sơn Nhất","Hải Phòng (HPH)
Sân bay quốc tế Cát Bi",Hành lý 1 x 23 kg,Hành lý xách tay 1 x 12 kg,27-04-2025
Vietnam Airlines,2.663.517 VND/khách,17:55,06 thg 5,06 thg 5,19:55,2h 0m,"TP HCM (SGN)
Sân bay Tân Sơn Nhất","Hải Phòng (HPH)
Sân bay quốc tế Cát Bi",Hành lý 1 x 23 kg,Hành lý xách tay 1 x 12 kg,27-04-2025
Vietnam Airlines,2.663.517 VND/khách,13:20,06 thg 5,06 thg 5,15:25,2h 5m,"TP HCM (SGN)
Sân bay Tân Sơn Nhất
Nhà ga 1","Hải Phòng (HPH)
Sân bay quốc tế Cát Bi",Hành lý 1 x 23 kg,Hành lý xách tay 1 x 12 kg,27-04-2025
Vietnam Airlines,3.863.733 VND/khách,07:45,06 thg 5,06 thg 5,09:45,2h 0m,"TP HCM (SGN)
Sân bay Tân Sơn Nhất","Hải Phòng (HPH)
Sân bay quốc tế Cát Bi",Hành lý 1 x 23 kg,Hành lý xách tay 1 x 12 kg,27-04-2025
VietJet Air,1.385.528 VND/khách,21:10,06 thg 5,06 thg 5,23:05,1h 55m,"TP HCM (SGN)
Sân bay Tân Sơn Nhất
Nhà ga 1","Hải Phòng (HPH)
Sân bay quốc tế Cát Bi",Hành lý 0 kg,Hành lý xách tay 7 kg,28-04-2025
VietJet Air,1.385.528 VND/khách,20:10,06 thg 5,06 thg 5,22:10,2h 0m,"TP HCM (SGN)
Sân bay Tân Sơn Nhất
Nhà ga 1","Hải Phòng (HPH)
Sân bay quốc tế Cát Bi",Hành lý 0 kg,Hành lý xách tay 7 kg,28-04-2025
VietJet Air,1.834.403 VND/khách,04:30,06 thg 5,06 thg 5,06:30,2h 0m,"TP HCM (SGN)
Sân bay Tân Sơn Nhất
Nhà ga 1","Hải Phòng (HPH)
Sân bay quốc tế Cát Bi",Hành lý 0 kg,Hành lý xách tay 7 kg,28-04-2025
VietJet Air,1.834.403 VND/khách,06:15,06 thg 5,06 thg 5,08:15,2h 0m,"TP HCM (SGN)
Sân bay Tân Sơn Nhất
Nhà ga 1","Hải Phòng (HPH)
Sân bay quốc tế Cát Bi",Hành lý 0 kg,Hành lý xách tay 7 kg,28-04-2025
VietJet Air,1.834.403 VND/khách,14:05,06 thg 5,06 thg 5,16:05,2h 0m,"TP HCM (SGN)
Sân bay Tân Sơn Nhất
Nhà ga 1","Hải Phòng (HPH)
Sân bay quốc tế Cát Bi",Hành lý 0 kg,Hành lý xách tay 7 kg,28-04-2025
VietJet Air,1.834.403 VND/khách,16:10,06 thg 5,06 thg 5,18:10,2h 0m,"TP HCM (SGN)
Sân bay Tân Sơn Nhất
Nhà ga 1","Hải Phòng (HPH)
Sân bay quốc tế Cát Bi",Hành lý 0 kg,Hành lý xách tay 7 kg,28-04-2025
VietJet Air,2.007.968 VND/khách,09:15,06 thg 5,06 thg 5,11:15,2h 0m,"TP HCM (SGN)
Sân bay Tân Sơn Nhất
Nhà ga 1","Hải Phòng (HPH)
Sân bay quốc tế Cát Bi",Hành lý 0 kg,Hành lý xách tay 7 kg,28-04-2025
Vietnam Airlines,2.459.147 VND/khách,20:30,06 thg 5,06 thg 5,22:30,2h 0m,"TP HCM (SGN)
Sân bay Tân Sơn Nhất","Hải Phòng (HPH)
Sân bay quốc tế Cát Bi",Hành lý 1 x 23 kg,Hành lý xách tay 1 x 12 kg,28-04-2025
Vietnam Airlines,2.662.322 VND/khách,17:55,06 thg 5,06 thg 5,19:55,2h 0m,"TP HCM (SGN)
Sân bay Tân Sơn Nhất","Hải Phòng (HPH)
Sân bay quốc tế Cát Bi",Hành lý 1 x 23 kg,Hành lý xách tay 1 x 12 kg,28-04-2025
Vietnam Airlines,2.662.322 VND/khách,13:20,06 thg 5,06 thg 5,15:25,2h 5m,"TP HCM (SGN)
Sân bay Tân Sơn Nhất
Nhà ga 1","Hải Phòng (HPH)
Sân bay quốc tế Cát Bi",Hành lý 1 x 23 kg,Hành lý xách tay 1 x 12 kg,28-04-2025
VietJet Air,3.857.682 VND/khách,19:15,06 thg 5,06 thg 5,21:15,2h 0m,"TP HCM (SGN)
Sân bay Tân Sơn Nhất
Nhà ga 1","Hải Phòng (HPH)
Sân bay quốc tế Cát Bi",Hành lý 0 kg,Hành lý xách tay 7 kg,28-04-2025
VietJet Air,1.380.540 VND/khách,21:10,06 thg 5,06 thg 5,23:05,1h 55m,"TP HCM (SGN)
Sân bay Tân Sơn Nhất
Nhà ga 1","Hải Phòng (HPH)
Sân bay quốc tế Cát Bi",Hành lý 0 kg,Hành lý xách tay 7 kg,29-04-2025
VietJet Air,1.618.243 VND/khách,20:10,06 thg 5,06 thg 5,22:10,2h 0m,"TP HCM (SGN)
Sân bay Tân Sơn Nhất
Nhà ga 1","Hải Phòng (HPH)
Sân bay quốc tế Cát Bi",Hành lý 0 kg,Hành lý xách tay 7 kg,29-04-2025
VietJet Air,1.889.802 VND/khách,04:30,06 thg 5,06 thg 5,06:30,2h 0m,"TP HCM (SGN)
Sân bay Tân Sơn Nhất
Nhà ga 1","Hải Phòng (HPH)
Sân bay quốc tế Cát Bi",Hành lý 0 kg,Hành lý xách tay 7 kg,29-04-2025
VietJet Air,1.889.802 VND/khách,06:15,06 thg 5,06 thg 5,08:15,2h 0m,"TP HCM (SGN)
Sân bay Tân Sơn Nhất
Nhà ga 1","Hải Phòng (HPH)
Sân bay quốc tế Cát Bi",Hành lý 0 kg,Hành lý xách tay 7 kg,29-04-2025
VietJet Air,1.889.802 VND/khách,14:05,06 thg 5,06 thg 5,16:05,2h 0m,"TP HCM (SGN)
Sân bay Tân Sơn Nhất
Nhà ga 1","Hải Phòng (HPH)
Sân bay quốc tế Cát Bi",Hành lý 0 kg,Hành lý xách tay 7 kg,29-04-2025
VietJet Air,1.889.802 VND/khách,16:10,06 thg 5,06 thg 5,18:10,2h 0m,"TP HCM (SGN)
Sân bay Tân Sơn Nhất
Nhà ga 1","Hải Phòng (HPH)
Sân bay quốc tế Cát Bi",Hành lý 0 kg,Hành lý xách tay 7 kg,29-04-2025
VietJet Air,2.070.840 VND/khách,09:15,06 thg 5,06 thg 5,11:15,2h 0m,"TP HCM (SGN)
Sân bay Tân Sơn Nhất
Nhà ga 1","Hải Phòng (HPH)
Sân bay quốc tế Cát Bi",Hành lý 0 kg,Hành lý xách tay 7 kg,29-04-2025
Vietnam Airlines,2.674.323 VND/khách,20:30,06 thg 5,06 thg 5,22:30,2h 0m,"TP HCM (SGN)
Sân bay Tân Sơn Nhất","Hải Phòng (HPH)
Sân bay quốc tế Cát Bi",Hành lý 1 x 23 kg,Hành lý xách tay 1 x 12 kg,29-04-2025
Vietnam Airlines,2.894.103 VND/khách,13:20,06 thg 5,06 thg 5,15:25,2h 5m,"TP HCM (SGN)
Sân bay Tân Sơn Nhất
Nhà ga 1","Hải Phòng (HPH)
Sân bay quốc tế Cát Bi",Hành lý 1 x 23 kg,Hành lý xách tay 1 x 12 kg,29-04-2025
Vietnam Airlines,3.139.857 VND/khách,17:55,06 thg 5,06 thg 5,19:55,2h 0m,"TP HCM (SGN)
Sân bay Tân Sơn Nhất","Hải Phòng (HPH)
Sân bay quốc tế Cát Bi",Hành lý 1 x 23 kg,Hành lý xách tay 1 x 12 kg,29-04-2025
VietJet Air,3.858.597 VND/khách,19:35,06 thg 5,06 thg 5,21:35,2h 0m,"TP HCM (SGN)
Sân bay Tân Sơn Nhất
Nhà ga 1","Hải Phòng (HPH)
Sân bay quốc tế Cát Bi",Hành lý 0 kg,Hành lý xách tay 7 kg,29-04-2025
VietJet Air,1.617.832 VND/khách,21:10,06 thg 5,06 thg 5,23:05,1h 55m,"TP HCM (SGN)
Sân bay Tân Sơn Nhất
Nhà ga 1","Hải Phòng (HPH)
Sân bay quốc tế Cát Bi",Hành lý 0 kg,Hành lý xách tay 7 kg,30-04-2025
VietJet Air,1.617.832 VND/khách,20:10,06 thg 5,06 thg 5,22:10,2h 0m,"TP HCM (SGN)
Sân bay Tân Sơn Nhất
Nhà ga 1","Hải Phòng (HPH)
Sân bay quốc tế Cát Bi",Hành lý 0 kg,Hành lý xách tay 7 kg,30-04-2025
VietJet Air,1.889.321 VND/khách,04:30,06 thg 5,06 thg 5,06:30,2h 0m,"TP HCM (SGN)
Sân bay Tân Sơn Nhất
Nhà ga 1","Hải Phòng (HPH)
Sân bay quốc tế Cát Bi",Hành lý 0 kg,Hành lý xách tay 7 kg,30-04-2025
VietJet Air,1.889.321 VND/khách,06:15,06 thg 5,06 thg 5,08:15,2h 0m,"TP HCM (SGN)
Sân bay Tân Sơn Nhất
Nhà ga 1","Hải Phòng (HPH)
Sân bay quốc tế Cát Bi",Hành lý 0 kg,Hành lý xách tay 7 kg,30-04-2025
VietJet Air,1.889.321 VND/khách,14:05,06 thg 5,06 thg 5,16:05,2h 0m,"TP HCM (SGN)
Sân bay Tân Sơn Nhất
Nhà ga 1","Hải Phòng (HPH)
Sân bay quốc tế Cát Bi",Hành lý 0 kg,Hành lý xách tay 7 kg,30-04-2025
VietJet Air,1.889.321 VND/khách,16:10,06 thg 5,06 thg 5,18:10,2h 0m,"TP HCM (SGN)
Sân bay Tân Sơn Nhất
Nhà ga 1","Hải Phòng (HPH)
Sân bay quốc tế Cát Bi",Hành lý 0 kg,Hành lý xách tay 7 kg,30-04-2025
VietJet Air,1.889.321 VND/khách,19:35,06 thg 5,06 thg 5,21:35,2h 0m,"TP HCM (SGN)
Sân bay Tân Sơn Nhất
Nhà ga 1","Hải Phòng (HPH)
Sân bay quốc tế Cát Bi",Hành lý 0 kg,Hành lý xách tay 7 kg,30-04-2025
VietJet Air,2.070.314 VND/khách,09:15,06 thg 5,06 thg 5,11:15,2h 0m,"TP HCM (SGN)
Sân bay Tân Sơn Nhất
Nhà ga 1","Hải Phòng (HPH)
Sân bay quốc tế Cát Bi",Hành lý 0 kg,Hành lý xách tay 7 kg,30-04-2025
Vietnam Airlines,2.885.112 VND/khách,17:55,06 thg 5,06 thg 5,19:55,2h 0m,"TP HCM (SGN)
Sân bay Tân Sơn Nhất","Hải Phòng (HPH)
Sân bay quốc tế Cát Bi",Hành lý 1 x 23 kg,Hành lý xách tay 1 x 12 kg,30-04-2025
Vietnam Airlines,2.885.112 VND/khách,20:30,06 thg 5,06 thg 5,22:30,2h 0m,"TP HCM (SGN)
Sân bay Tân Sơn Nhất","Hải Phòng (HPH)
Sân bay quốc tế Cát Bi",Hành lý 1 x 23 kg,Hành lý xách tay 1 x 12 kg,30-04-2025
Vietnam Airlines,2.885.112 VND/khách,13:20,06 thg 5,06 thg 5,15:25,2h 5m,"TP HCM (SGN)
Sân bay Tân Sơn Nhất
Nhà ga 1","Hải Phòng (HPH)
Sân bay quốc tế Cát Bi",Hành lý 1 x 23 kg,Hành lý xách tay 1 x 12 kg,30-04-2025
Vietnam Airlines,3.898.098 VND/khách,07:45,06 thg 5,06 thg 5,09:45,2h 0m,"TP HCM (SGN)
Sân bay Tân Sơn Nhất","Hải Phòng (HPH)
Sân bay quốc tế Cát Bi",Hành lý 1 x 23 kg,Hành lý xách tay 1 x 12 kg,30-04-2025
Bamboo Airways,1.553.270 VND/khách,20:05,07 thg 5,07 thg 5,22:10,2h 5m,"TP HCM (SGN)
Sân bay Tân Sơn Nhất","Hải Phòng (HPH)
Sân bay quốc tế Cát Bi",Hành lý 0 kg,Hành lý xách tay 7 kg,01-05-2025
VietJet Air,1.363.583 VND/khách,21:10,07 thg 5,07 thg 5,23:05,1h 55m,"TP HCM (SGN)
Sân bay Tân Sơn Nhất
Nhà ga 1","Hải Phòng (HPH)
Sân bay quốc tế Cát Bi",Hành lý 0 kg,Hành lý xách tay 7 kg,01-05-2025
VietJet Air,1.617.745 VND/khách,04:30,07 thg 5,07 thg 5,06:30,2h 0m,"TP HCM (SGN)
Sân bay Tân Sơn Nhất
Nhà ga 1","Hải Phòng (HPH)
Sân bay quốc tế Cát Bi",Hành lý 0 kg,Hành lý xách tay 7 kg,01-05-2025
VietJet Air,1.617.745 VND/khách,20:10,07 thg 5,07 thg 5,22:10,2h 0m,"TP HCM (SGN)
Sân bay Tân Sơn Nhất
Nhà ga 1","Hải Phòng (HPH)
Sân bay quốc tế Cát Bi",Hành lý 0 kg,Hành lý xách tay 7 kg,01-05-2025
VietJet Air,1.889.220 VND/khách,06:15,07 thg 5,07 thg 5,08:15,2h 0m,"TP HCM (SGN)
Sân bay Tân Sơn Nhất
Nhà ga 1","Hải Phòng (HPH)
Sân bay quốc tế Cát Bi",Hành lý 0 kg,Hành lý xách tay 7 kg,01-05-2025
VietJet Air,1.889.220 VND/khách,11:35,07 thg 5,07 thg 5,13:35,2h 0m,"TP HCM (SGN)
Sân bay Tân Sơn Nhất
Nhà ga 1","Hải Phòng (HPH)
Sân bay quốc tế Cát Bi",Hành lý 0 kg,Hành lý xách tay 7 kg,01-05-2025
VietJet Air,1.889.220 VND/khách,16:10,07 thg 5,07 thg 5,18:10,2h 0m,"TP HCM (SGN)
Sân bay Tân Sơn Nhất
Nhà ga 1","Hải Phòng (HPH)
Sân bay quốc tế Cát Bi",Hành lý 0 kg,Hành lý xách tay 7 kg,01-05-2025
VietJet Air,1.889.220 VND/khách,19:35,07 thg 5,07 thg 5,21:35,2h 0m,"TP HCM (SGN)
Sân bay Tân Sơn Nhất
Nhà ga 1","Hải Phòng (HPH)
Sân bay quốc tế Cát Bi",Hành lý 0 kg,Hành lý xách tay 7 kg,01-05-2025
Vietnam Airlines,2.458.831 VND/khách,13:20,07 thg 5,07 thg 5,15:25,2h 5m,"TP HCM (SGN)
Sân bay Tân Sơn Nhất
Nhà ga 1","Hải Phòng (HPH)
Sân bay quốc tế Cát Bi",Hành lý 1 x 23 kg,Hành lý xách tay 1 x 12 kg,01-05-2025
Vietnam Airlines,2.661.975 VND/khách,20:30,07 thg 5,07 thg 5,22:30,2h 0m,"TP HCM (SGN)
Sân bay Tân Sơn Nhất","Hải Phòng (HPH)
Sân bay quốc tế Cát Bi",Hành lý 1 x 23 kg,Hành lý xách tay 1 x 12 kg,01-05-2025
Vietnam Airlines,2.709.288 VND/khách,17:55,07 thg 5,07 thg 5,19:55,2h 0m,"TP HCM (SGN)
Sân bay Tân Sơn Nhất","Hải Phòng (HPH)
Sân bay quốc tế Cát Bi",Hành lý 1 x 23 kg,Hành lý xách tay 1 x 12 kg,01-05-2025
Bamboo Airways,1.553.270 VND/khách,20:05,07 thg 5,07 thg 5,22:10,2h 5m,"TP HCM (SGN)
Sân bay Tân Sơn Nhất","Hải Phòng (HPH)
Sân bay quốc tế Cát Bi",Hành lý 0 kg,Hành lý xách tay 7 kg,02-05-2025
VietJet Air,1.366.575 VND/khách,21:10,07 thg 5,07 thg 5,23:05,1h 55m,"TP HCM (SGN)
Sân bay Tân Sơn Nhất
Nhà ga 1","Hải Phòng (HPH)
Sân bay quốc tế Cát Bi",Hành lý 0 kg,Hành lý xách tay 7 kg,02-05-2025
VietJet Air,1.566.161 VND/khách,04:30,07 thg 5,07 thg 5,06:30,2h 0m,"TP HCM (SGN)
Sân bay Tân Sơn Nhất
Nhà ga 1","Hải Phòng (HPH)
Sân bay quốc tế Cát Bi",Hành lý 0 kg,Hành lý xách tay 7 kg,02-05-2025
VietJet Air,1.566.161 VND/khách,20:10,07 thg 5,07 thg 5,22:10,2h 0m,"TP HCM (SGN)
Sân bay Tân Sơn Nhất
Nhà ga 1","Hải Phòng (HPH)
Sân bay quốc tế Cát Bi",Hành lý 0 kg,Hành lý xách tay 7 kg,02-05-2025
VietJet Air,1.828.979 VND/khách,06:15,07 thg 5,07 thg 5,08:15,2h 0m,"TP HCM (SGN)
Sân bay Tân Sơn Nhất
Nhà ga 1","Hải Phòng (HPH)
Sân bay quốc tế Cát Bi",Hành lý 0 kg,Hành lý xách tay 7 kg,02-05-2025
VietJet Air,1.828.979 VND/khách,11:35,07 thg 5,07 thg 5,13:35,2h 0m,"TP HCM (SGN)
Sân bay Tân Sơn Nhất
Nhà ga 1","Hải Phòng (HPH)
Sân bay quốc tế Cát Bi",Hành lý 0 kg,Hành lý xách tay 7 kg,02-05-2025
VietJet Air,1.828.979 VND/khách,16:10,07 thg 5,07 thg 5,18:10,2h 0m,"TP HCM (SGN)
Sân bay Tân Sơn Nhất
Nhà ga 1","Hải Phòng (HPH)
Sân bay quốc tế Cát Bi",Hành lý 0 kg,Hành lý xách tay 7 kg,02-05-2025
VietJet Air,1.828.979 VND/khách,19:35,07 thg 5,07 thg 5,21:35,2h 0m,"TP HCM (SGN)
Sân bay Tân Sơn Nhất
Nhà ga 1","Hải Phòng (HPH)
Sân bay quốc tế Cát Bi",Hành lý 0 kg,Hành lý xách tay 7 kg,02-05-2025
Vietnam Airlines,2.535.537 VND/khách,20:30,07 thg 5,07 thg 5,22:30,2h 0m,"TP HCM (SGN)
Sân bay Tân Sơn Nhất","Hải Phòng (HPH)
Sân bay quốc tế Cát Bi",Hành lý 1 x 23 kg,Hành lý xách tay 1 x 12 kg,02-05-2025
Vietnam Airlines,2.701.296 VND/khách,17:55,07 thg 5,07 thg 5,19:55,2h 0m,"TP HCM (SGN)
Sân bay Tân Sơn Nhất","Hải Phòng (HPH)
Sân bay quốc tế Cát Bi",Hành lý 1 x 23 kg,Hành lý xách tay 1 x 12 kg,02-05-2025
Vietnam Airlines,2.705.292 VND/khách,13:20,07 thg 5,07 thg 5,15:25,2h 5m,"TP HCM (SGN)
Sân bay Tân Sơn Nhất
Nhà ga 1","Hải Phòng (HPH)
Sân bay quốc tế Cát Bi",Hành lý 1 x 23 kg,Hành lý xách tay 1 x 12 kg,02-05-2025
Bamboo Airways,1.663.416 VND/khách,20:05,07 thg 5,07 thg 5,22:10,2h 5m,"TP HCM (SGN)
Sân bay Tân Sơn Nhất","Hải Phòng (HPH)
Sân bay quốc tế Cát Bi",Hành lý 0 kg,Hành lý xách tay 7 kg,03-05-2025
VietJet Air,1.575.053 VND/khách,21:10,07 thg 5,07 thg 5,23:05,1h 55m,"TP HCM (SGN)
Sân bay Tân Sơn Nhất
Nhà ga 1","Hải Phòng (HPH)
Sân bay quốc tế Cát Bi",Hành lý 0 kg,Hành lý xách tay 7 kg,03-05-2025
VietJet Air,1.575.053 VND/khách,04:30,07 thg 5,07 thg 5,06:30,2h 0m,"TP HCM (SGN)
Sân bay Tân Sơn Nhất
Nhà ga 1","Hải Phòng (HPH)
Sân bay quốc tế Cát Bi",Hành lý 0 kg,Hành lý xách tay 7 kg,03-05-2025
VietJet Air,1.575.053 VND/khách,20:10,07 thg 5,07 thg 5,22:10,2h 0m,"TP HCM (SGN)
Sân bay Tân Sơn Nhất
Nhà ga 1","Hải Phòng (HPH)
Sân bay quốc tế Cát Bi",Hành lý 0 kg,Hành lý xách tay 7 kg,03-05-2025
VietJet Air,1.838.393 VND/khách,16:10,07 thg 5,07 thg 5,18:10,2h 0m,"TP HCM (SGN)
Sân bay Tân Sơn Nhất
Nhà ga 1","Hải Phòng (HPH)
Sân bay quốc tế Cát Bi",Hành lý 0 kg,Hành lý xách tay 7 kg,03-05-2025
VietJet Air,1.838.393 VND/khách,19:35,07 thg 5,07 thg 5,21:35,2h 0m,"TP HCM (SGN)
Sân bay Tân Sơn Nhất
Nhà ga 1","Hải Phòng (HPH)
Sân bay quốc tế Cát Bi",Hành lý 0 kg,Hành lý xách tay 7 kg,03-05-2025
VietJet Air,1.890.023 VND/khách,06:15,07 thg 5,07 thg 5,08:15,2h 0m,"TP HCM (SGN)
Sân bay Tân Sơn Nhất
Nhà ga 1","Hải Phòng (HPH)
Sân bay quốc tế Cát Bi",Hành lý 0 kg,Hành lý xách tay 7 kg,03-05-2025
VietJet Air,2.071.083 VND/khách,11:35,07 thg 5,07 thg 5,13:35,2h 0m,"TP HCM (SGN)
Sân bay Tân Sơn Nhất
Nhà ga 1","Hải Phòng (HPH)
Sân bay quốc tế Cát Bi",Hành lý 0 kg,Hành lý xách tay 7 kg,03-05-2025
Vietnam Airlines,2.708.289 VND/khách,13:20,07 thg 5,07 thg 5,15:25,2h 5m,"TP HCM (SGN)
Sân bay Tân Sơn Nhất
Nhà ga 1","Hải Phòng (HPH)
Sân bay quốc tế Cát Bi",Hành lý 1 x 23 kg,Hành lý xách tay 1 x 12 kg,03-05-2025
Vietnam Airlines,2.723.274 VND/khách,20:30,07 thg 5,07 thg 5,22:30,2h 0m,"TP HCM (SGN)
Sân bay Tân Sơn Nhất","Hải Phòng (HPH)
Sân bay quốc tế Cát Bi",Hành lý 1 x 23 kg,Hành lý xách tay 1 x 12 kg,03-05-2025
Vietnam Airlines,2.884.108 VND/khách,17:55,07 thg 5,07 thg 5,19:55,2h 0m,"TP HCM (SGN)
Sân bay Tân Sơn Nhất","Hải Phòng (HPH)
Sân bay quốc tế Cát Bi",Hành lý 1 x 23 kg,Hành lý xách tay 1 x 12 kg,03-05-2025
Bamboo Airways,1.664.423 VND/khách,20:05,07 thg 5,07 thg 5,22:10,2h 5m,"TP HCM (SGN)
Sân bay Tân Sơn Nhất","Hải Phòng (HPH)
Sân bay quốc tế Cát Bi",Hành lý 0 kg,Hành lý xách tay 7 kg,04-05-2025
VietJet Air,1.570.065 VND/khách,21:10,07 thg 5,07 thg 5,23:05,1h 55m,"TP HCM (SGN)
Sân bay Tân Sơn Nhất
Nhà ga 1","Hải Phòng (HPH)
Sân bay quốc tế Cát Bi",Hành lý 0 kg,Hành lý xách tay 7 kg,04-05-2025
VietJet Air,1.712.708 VND/khách,04:30,07 thg 5,07 thg 5,06:30,2h 0m,"TP HCM (SGN)
Sân bay Tân Sơn Nhất
Nhà ga 1","Hải Phòng (HPH)
Sân bay quốc tế Cát Bi",Hành lý 0 kg,Hành lý xách tay 7 kg,04-05-2025
VietJet Air,1.712.708 VND/khách,20:10,07 thg 5,07 thg 5,22:10,2h 0m,"TP HCM (SGN)
Sân bay Tân Sơn Nhất
Nhà ga 1","Hải Phòng (HPH)
Sân bay quốc tế Cát Bi",Hành lý 0 kg,Hành lý xách tay 7 kg,04-05-2025
VietJet Air,1.829.415 VND/khách,06:15,07 thg 5,07 thg 5,08:15,2h 0m,"TP HCM (SGN)
Sân bay Tân Sơn Nhất
Nhà ga 1","Hải Phòng (HPH)
Sân bay quốc tế Cát Bi",Hành lý 0 kg,Hành lý xách tay 7 kg,04-05-2025
VietJet Air,1.829.415 VND/khách,16:10,07 thg 5,07 thg 5,18:10,2h 0m,"TP HCM (SGN)
Sân bay Tân Sơn Nhất
Nhà ga 1","Hải Phòng (HPH)
Sân bay quốc tế Cát Bi",Hành lý 0 kg,Hành lý xách tay 7 kg,04-05-2025
VietJet Air,1.829.415 VND/khách,19:35,07 thg 5,07 thg 5,21:35,2h 0m,"TP HCM (SGN)
Sân bay Tân Sơn Nhất
Nhà ga 1","Hải Phòng (HPH)
Sân bay quốc tế Cát Bi",Hành lý 0 kg,Hành lý xách tay 7 kg,04-05-2025
VietJet Air,2.071.173 VND/khách,11:35,07 thg 5,07 thg 5,13:35,2h 0m,"TP HCM (SGN)
Sân bay Tân Sơn Nhất
Nhà ga 1","Hải Phòng (HPH)
Sân bay quốc tế Cát Bi",Hành lý 0 kg,Hành lý xách tay 7 kg,04-05-2025
Vietnam Airlines,2.718.279 VND/khách,20:30,07 thg 5,07 thg 5,22:30,2h 0m,"TP HCM (SGN)
Sân bay Tân Sơn Nhất","Hải Phòng (HPH)
Sân bay quốc tế Cát Bi",Hành lý 1 x 23 kg,Hành lý xách tay 1 x 12 kg,04-05-2025
Vietnam Airlines,2.913.084 VND/khách,17:55,07 thg 5,07 thg 5,19:55,2h 0m,"TP HCM (SGN)
Sân bay Tân Sơn Nhất","Hải Phòng (HPH)
Sân bay quốc tế Cát Bi",Hành lý 1 x 23 kg,Hành lý xách tay 1 x 12 kg,04-05-2025
Vietnam Airlines,2.947.050 VND/khách,13:20,07 thg 5,07 thg 5,15:25,2h 5m,"TP HCM (SGN)
Sân bay Tân Sơn Nhất
Nhà ga 1","Hải Phòng (HPH)
Sân bay quốc tế Cát Bi",Hành lý 1 x 23 kg,Hành lý xách tay 1 x 12 kg,04-05-2025
Bamboo Airways,1.886.743 VND/khách,20:05,07 thg 5,07 thg 5,22:10,2h 5m,"TP HCM (SGN)
Sân bay Tân Sơn Nhất","Hải Phòng (HPH)
Sân bay quốc tế Cát Bi",Hành lý 0 kg,Hành lý xách tay 7 kg,05-05-2025
VietJet Air,1.618.425 VND/khách,21:10,07 thg 5,07 thg 5,23:05,1h 55m,"TP HCM (SGN)
Sân bay Tân Sơn Nhất
Nhà ga 1","Hải Phòng (HPH)
Sân bay quốc tế Cát Bi",Hành lý 0 kg,Hành lý xách tay 7 kg,05-05-2025
VietJet Air,1.698.743 VND/khách,20:10,07 thg 5,07 thg 5,22:10,2h 0m,"TP HCM (SGN)
Sân bay Tân Sơn Nhất
Nhà ga 1","Hải Phòng (HPH)
Sân bay quốc tế Cát Bi",Hành lý 0 kg,Hành lý xách tay 7 kg,05-05-2025
VietJet Air,1.890.015 VND/khách,04:30,07 thg 5,07 thg 5,06:30,2h 0m,"TP HCM (SGN)
Sân bay Tân Sơn Nhất
Nhà ga 1","Hải Phòng (HPH)
Sân bay quốc tế Cát Bi",Hành lý 0 kg,Hành lý xách tay 7 kg,05-05-2025
VietJet Air,1.890.015 VND/khách,06:15,07 thg 5,07 thg 5,08:15,2h 0m,"TP HCM (SGN)
Sân bay Tân Sơn Nhất
Nhà ga 1","Hải Phòng (HPH)
Sân bay quốc tế Cát Bi",Hành lý 0 kg,Hành lý xách tay 7 kg,05-05-2025
VietJet Air,1.890.015 VND/khách,19:35,07 thg 5,07 thg 5,21:35,2h 0m,"TP HCM (SGN)
Sân bay Tân Sơn Nhất
Nhà ga 1","Hải Phòng (HPH)
Sân bay quốc tế Cát Bi",Hành lý 0 kg,Hành lý xách tay 7 kg,05-05-2025
VietJet Air,2.071.074 VND/khách,16:10,07 thg 5,07 thg 5,18:10,2h 0m,"TP HCM (SGN)
Sân bay Tân Sơn Nhất
Nhà ga 1","Hải Phòng (HPH)
Sân bay quốc tế Cát Bi",Hành lý 0 kg,Hành lý xách tay 7 kg,05-05-2025
VietJet Air,2.168.452 VND/khách,11:40,07 thg 5,07 thg 5,13:35,1h 55m,"TP HCM (SGN)
Sân bay Tân Sơn Nhất
Nhà ga 1","Hải Phòng (HPH)
Sân bay quốc tế Cát Bi",Hành lý 0 kg,Hành lý xách tay 7 kg,05-05-2025
Vietnam Airlines,2.936.061 VND/khách,20:30,07 thg 5,07 thg 5,22:30,2h 0m,"TP HCM (SGN)
Sân bay Tân Sơn Nhất","Hải Phòng (HPH)
Sân bay quốc tế Cát Bi",Hành lý 1 x 23 kg,Hành lý xách tay 10 kg,05-05-2025
Vietnam Airlines,3.373.256 VND/khách,17:55,07 thg 5,07 thg 5,19:55,2h 0m,"TP HCM (SGN)
Sân bay Tân Sơn Nhất","Hải Phòng (HPH)
Sân bay quốc tế Cát Bi",Hành lý 1 x 23 kg,Hành lý xách tay 10 kg,05-05-2025
Bamboo Airways,1.938.782 VND/khách,20:05,07 thg 5,07 thg 5,22:10,2h 5m,"TP HCM (SGN)
Sân bay Tân Sơn Nhất","Hải Phòng (HPH)
Sân bay quốc tế Cát Bi",Hành lý 0 kg,Hành lý xách tay 7 kg,06-05-2025
VietJet Air,1.617.703 VND/khách,21:10,07 thg 5,07 thg 5,23:05,1h 55m,"TP HCM (SGN)
Sân bay Tân Sơn Nhất
Nhà ga 1","Hải Phòng (HPH)
Sân bay quốc tế Cát Bi",Hành lý 0 kg,Hành lý xách tay 7 kg,06-05-2025
VietJet Air,1.697.569 VND/khách,20:20,07 thg 5,07 thg 5,22:20,2h 0m,"TP HCM (SGN)
Sân bay Tân Sơn Nhất
Nhà ga 1","Hải Phòng (HPH)
Sân bay quốc tế Cát Bi",Hành lý 0 kg,Hành lý xách tay 7 kg,06-05-2025
VietJet Air,1.840.388 VND/khách,04:30,07 thg 5,07 thg 5,06:30,2h 0m,"TP HCM (SGN)
Sân bay Tân Sơn Nhất
Nhà ga 1","Hải Phòng (HPH)
Sân bay quốc tế Cát Bi",Hành lý 0 kg,Hành lý xách tay 7 kg,06-05-2025
VietJet Air,2.012.955 VND/khách,06:15,07 thg 5,07 thg 5,08:15,2h 0m,"TP HCM (SGN)
Sân bay Tân Sơn Nhất
Nhà ga 1","Hải Phòng (HPH)
Sân bay quốc tế Cát Bi",Hành lý 0 kg,Hành lý xách tay 7 kg,06-05-2025
VietJet Air,2.070.149 VND/khách,16:10,07 thg 5,07 thg 5,18:10,2h 0m,"TP HCM (SGN)
Sân bay Tân Sơn Nhất
Nhà ga 1","Hải Phòng (HPH)
Sân bay quốc tế Cát Bi",Hành lý 0 kg,Hành lý xách tay 7 kg,06-05-2025
VietJet Air,2.551.729 VND/khách,11:40,07 thg 5,07 thg 5,13:35,1h 55m,"TP HCM (SGN)
Sân bay Tân Sơn Nhất
Nhà ga 1","Hải Phòng (HPH)
Sân bay quốc tế Cát Bi",Hành lý 0 kg,Hành lý xách tay 7 kg,06-05-2025
Vietnam Airlines,3.143.853 VND/khách,20:30,07 thg 5,07 thg 5,22:30,2h 0m,"TP HCM (SGN)
Sân bay Tân Sơn Nhất","Hải Phòng (HPH)
Sân bay quốc tế Cát Bi",Hành lý 1 x 23 kg,Hành lý xách tay 10 kg,06-05-2025
Vietnam Airlines,3.710.286 VND/khách,17:55,07 thg 5,07 thg 5,19:55,2h 0m,"TP HCM (SGN)
Sân bay Tân Sơn Nhất","Hải Phòng (HPH)
Sân bay quốc tế Cát Bi",Hành lý 1 x 23 kg,Hành lý xách tay 10 kg,06-05-2025
VietJet Air,1.578.045 VND/khách,04:30,07 thg 5,07 thg 5,06:30,2h 0m,"TP HCM (SGN)
Sân bay Tân Sơn Nhất
Nhà ga 1","Hải Phòng (HPH)
Sân bay quốc tế Cát Bi",Hành lý 0 kg,Hành lý xách tay 7 kg,18-04-2025
Bamboo Airways,1.671.775 VND/khách,20:05,07 thg 5,07 thg 5,22:10,2h 5m,"TP HCM (SGN)
Sân bay Tân Sơn Nhất","Hải Phòng (HPH)
Sân bay quốc tế Cát Bi",Hành lý 0 kg,Hành lý xách tay 7 kg,18-04-2025
VietJet Air,1.724.678 VND/khách,21:10,07 thg 5,07 thg 5,23:05,1h 55m,"TP HCM (SGN)
Sân bay Tân Sơn Nhất
Nhà ga 1","Hải Phòng (HPH)
Sân bay quốc tế Cát Bi",Hành lý 0 kg,Hành lý xách tay 7 kg,18-04-2025
VietJet Air,1.724.678 VND/khách,19:15,07 thg 5,07 thg 5,21:15,2h 0m,"TP HCM (SGN)
Sân bay Tân Sơn Nhất
Nhà ga 1","Hải Phòng (HPH)
Sân bay quốc tế Cát Bi",Hành lý 0 kg,Hành lý xách tay 7 kg,18-04-2025
VietJet Air,1.724.678 VND/khách,20:10,07 thg 5,07 thg 5,22:10,2h 0m,"TP HCM (SGN)
Sân bay Tân Sơn Nhất
Nhà ga 1","Hải Phòng (HPH)
Sân bay quốc tế Cát Bi",Hành lý 0 kg,Hành lý xách tay 7 kg,18-04-2025
Vietnam Airlines,1.756.242 VND/khách,17:55,07 thg 5,07 thg 5,19:55,2h 0m,"TP HCM (SGN)
Sân bay Tân Sơn Nhất
Nhà ga 1","Hải Phòng (HPH)
Sân bay quốc tế Cát Bi",Hành lý 1 x 23 kg,Hành lý xách tay 1 x 12 kg,18-04-2025
Vietnam Airlines,1.756.242 VND/khách,20:30,07 thg 5,07 thg 5,22:30,2h 0m,"TP HCM (SGN)
Sân bay Tân Sơn Nhất
Nhà ga 1","Hải Phòng (HPH)
Sân bay quốc tế Cát Bi",Hành lý 1 x 23 kg,Hành lý xách tay 1 x 12 kg,18-04-2025
Vietnam Airlines,1.756.242 VND/khách,13:20,07 thg 5,07 thg 5,15:25,2h 5m,"TP HCM (SGN)
Sân bay Tân Sơn Nhất
Nhà ga 1","Hải Phòng (HPH)
Sân bay quốc tế Cát Bi",Hành lý 1 x 23 kg,Hành lý xách tay 1 x 12 kg,18-04-2025
Vietnam Airlines,1.771.227 VND/khách,07:45,07 thg 5,07 thg 5,09:45,2h 0m,"TP HCM (SGN)
Sân bay Tân Sơn Nhất
Nhà ga 1","Hải Phòng (HPH)
Sân bay quốc tế Cát Bi",Hành lý 1 x 23 kg,Hành lý xách tay 1 x 12 kg,18-04-2025
VietJet Air,1.841.385 VND/khách,06:15,07 thg 5,07 thg 5,08:15,2h 0m,"TP HCM (SGN)
Sân bay Tân Sơn Nhất
Nhà ga 1","Hải Phòng (HPH)
Sân bay quốc tế Cát Bi",Hành lý 0 kg,Hành lý xách tay 7 kg,18-04-2025
VietJet Air,1.841.385 VND/khách,11:35,07 thg 5,07 thg 5,13:35,2h 0m,"TP HCM (SGN)
Sân bay Tân Sơn Nhất
Nhà ga 1","Hải Phòng (HPH)
Sân bay quốc tế Cát Bi",Hành lý 0 kg,Hành lý xách tay 7 kg,18-04-2025
VietJet Air,1.606.973 VND/khách,04:30,07 thg 5,07 thg 5,06:30,2h 0m,"TP HCM (SGN)
Sân bay Tân Sơn Nhất
Nhà ga 1","Hải Phòng (HPH)
Sân bay quốc tế Cát Bi",,,19-04-2025
Bamboo Airways,1.663.416 VND/khách,20:05,07 thg 5,07 thg 5,22:10,2h 5m,"TP HCM (SGN)
Sân bay Tân Sơn Nhất","Hải Phòng (HPH)
Sân bay quốc tế Cát Bi",,,19-04-2025
VietJet Air,1.748.618 VND/khách,21:10,07 thg 5,07 thg 5,23:05,1h 55m,"TP HCM (SGN)
Sân bay Tân Sơn Nhất
Nhà ga 1","Hải Phòng (HPH)
Sân bay quốc tế Cát Bi",,,19-04-2025
VietJet Air,1.748.618 VND/khách,19:15,07 thg 5,07 thg 5,21:15,2h 0m,"TP HCM (SGN)
Sân bay Tân Sơn Nhất
Nhà ga 1","Hải Phòng (HPH)
Sân bay quốc tế Cát Bi",,,19-04-2025
VietJet Air,1.748.618 VND/khách,20:10,07 thg 5,07 thg 5,22:10,2h 0m,"TP HCM (SGN)
Sân bay Tân Sơn Nhất
Nhà ga 1","Hải Phòng (HPH)
Sân bay quốc tế Cát Bi",,,19-04-2025
Vietnam Airlines,1.754.244 VND/khách,20:30,07 thg 5,07 thg 5,22:30,2h 0m,"TP HCM (SGN)
Sân bay Tân Sơn Nhất
Nhà ga 3","Hải Phòng (HPH)
Sân bay quốc tế Cát Bi",,,19-04-2025
Vietnam Airlines,1.758.240 VND/khách,17:55,07 thg 5,07 thg 5,19:55,2h 0m,"TP HCM (SGN)
Sân bay Tân Sơn Nhất
Nhà ga 3","Hải Phòng (HPH)
Sân bay quốc tế Cát Bi",,,19-04-2025
Vietnam Airlines,1.758.240 VND/khách,13:20,07 thg 5,07 thg 5,15:25,2h 5m,"TP HCM (SGN)
Sân bay Tân Sơn Nhất
Nhà ga 3","Hải Phòng (HPH)
Sân bay quốc tế Cát Bi",,,19-04-2025
VietJet Air,1.866.323 VND/khách,06:15,07 thg 5,07 thg 5,08:15,2h 0m,"TP HCM (SGN)
Sân bay Tân Sơn Nhất
Nhà ga 1","Hải Phòng (HPH)
Sân bay quốc tế Cát Bi",,,19-04-2025
VietJet Air,1.866.323 VND/khách,11:35,07 thg 5,07 thg 5,13:35,2h 0m,"TP HCM (SGN)
Sân bay Tân Sơn Nhất
Nhà ga 1","Hải Phòng (HPH)
Sân bay quốc tế Cát Bi",,,19-04-2025
VietJet Air,1.866.323 VND/khách,16:10,07 thg 5,07 thg 5,18:10,2h 0m,"TP HCM (SGN)
Sân bay Tân Sơn Nhất
Nhà ga 1","Hải Phòng (HPH)
Sân bay quốc tế Cát Bi",,,19-04-2025
VietJet Air,1.597.995 VND/khách,04:30,07 thg 5,07 thg 5,06:30,2h 0m,"TP HCM (SGN)
Sân bay Tân Sơn Nhất
Nhà ga 1","Hải Phòng (HPH)
Sân bay quốc tế Cát Bi",Hành lý 0 kg,Hành lý xách tay 7 kg,20-04-2025
Bamboo Airways,1.663.416 VND/khách,20:05,07 thg 5,07 thg 5,22:10,2h 5m,"TP HCM (SGN)
Sân bay Tân Sơn Nhất","Hải Phòng (HPH)
Sân bay quốc tế Cát Bi",Hành lý 0 kg,Hành lý xách tay 7 kg,20-04-2025
VietJet Air,1.742.633 VND/khách,21:10,07 thg 5,07 thg 5,23:05,1h 55m,"TP HCM (SGN)
Sân bay Tân Sơn Nhất
Nhà ga 1","Hải Phòng (HPH)
Sân bay quốc tế Cát Bi",Hành lý 0 kg,Hành lý xách tay 7 kg,20-04-2025
VietJet Air,1.742.633 VND/khách,19:15,07 thg 5,07 thg 5,21:15,2h 0m,"TP HCM (SGN)
Sân bay Tân Sơn Nhất
Nhà ga 1","Hải Phòng (HPH)
Sân bay quốc tế Cát Bi",Hành lý 0 kg,Hành lý xách tay 7 kg,20-04-2025
VietJet Air,1.742.633 VND/khách,20:10,07 thg 5,07 thg 5,22:10,2h 0m,"TP HCM (SGN)
Sân bay Tân Sơn Nhất
Nhà ga 1","Hải Phòng (HPH)
Sân bay quốc tế Cát Bi",Hành lý 0 kg,Hành lý xách tay 7 kg,20-04-2025
Vietnam Airlines,1.749.249 VND/khách,20:30,07 thg 5,07 thg 5,22:30,2h 0m,"TP HCM (SGN)
Sân bay Tân Sơn Nhất","Hải Phòng (HPH)
Sân bay quốc tế Cát Bi",Hành lý 1 x 23 kg,Hành lý xách tay 1 x 12 kg,20-04-2025
Vietnam Airlines,1.775.223 VND/khách,17:55,07 thg 5,07 thg 5,19:55,2h 0m,"TP HCM (SGN)
Sân bay Tân Sơn Nhất","Hải Phòng (HPH)
Sân bay quốc tế Cát Bi",Hành lý 1 x 23 kg,Hành lý xách tay 1 x 12 kg,20-04-2025
VietJet Air,1.857.345 VND/khách,06:15,07 thg 5,07 thg 5,08:15,2h 0m,"TP HCM (SGN)
Sân bay Tân Sơn Nhất
Nhà ga 1","Hải Phòng (HPH)
Sân bay quốc tế Cát Bi",Hành lý 0 kg,Hành lý xách tay 7 kg,20-04-2025
VietJet Air,1.857.345 VND/khách,11:35,07 thg 5,07 thg 5,13:35,2h 0m,"TP HCM (SGN)
Sân bay Tân Sơn Nhất
Nhà ga 1","Hải Phòng (HPH)
Sân bay quốc tế Cát Bi",Hành lý 0 kg,Hành lý xách tay 7 kg,20-04-2025
VietJet Air,1.857.345 VND/khách,16:10,07 thg 5,07 thg 5,18:10,2h 0m,"TP HCM (SGN)
Sân bay Tân Sơn Nhất
Nhà ga 1","Hải Phòng (HPH)
Sân bay quốc tế Cát Bi",Hành lý 0 kg,Hành lý xách tay 7 kg,20-04-2025
Vietnam Airlines,2.000.997 VND/khách,07:45,07 thg 5,07 thg 5,09:45,2h 0m,"TP HCM (SGN)
Sân bay Tân Sơn Nhất","Hải Phòng (HPH)
Sân bay quốc tế Cát Bi",Hành lý 1 x 23 kg,Hành lý xách tay 1 x 12 kg,20-04-2025
VietJet Air,1.607.970 VND/khách,04:30,07 thg 5,07 thg 5,06:30,2h 0m,"TP HCM (SGN)
Sân bay Tân Sơn Nhất
Nhà ga 1","Hải Phòng (HPH)
Sân bay quốc tế Cát Bi",Hành lý 0 kg,Hành lý xách tay 7 kg,21-04-2025
Bamboo Airways,1.663.416 VND/khách,20:05,07 thg 5,07 thg 5,22:10,2h 5m,"TP HCM (SGN)
Sân bay Tân Sơn Nhất","Hải Phòng (HPH)
Sân bay quốc tế Cát Bi",Hành lý 0 kg,Hành lý xách tay 7 kg,21-04-2025
VietJet Air,1.741.635 VND/khách,21:10,07 thg 5,07 thg 5,23:05,1h 55m,"TP HCM (SGN)
Sân bay Tân Sơn Nhất
Nhà ga 1","Hải Phòng (HPH)
Sân bay quốc tế Cát Bi",Hành lý 0 kg,Hành lý xách tay 7 kg,21-04-2025
VietJet Air,1.741.635 VND/khách,19:15,07 thg 5,07 thg 5,21:15,2h 0m,"TP HCM (SGN)
Sân bay Tân Sơn Nhất
Nhà ga 1","Hải Phòng (HPH)
Sân bay quốc tế Cát Bi",Hành lý 0 kg,Hành lý xách tay 7 kg,21-04-2025
VietJet Air,1.741.635 VND/khách,20:10,07 thg 5,07 thg 5,22:10,2h 0m,"TP HCM (SGN)
Sân bay Tân Sơn Nhất
Nhà ga 1","Hải Phòng (HPH)
Sân bay quốc tế Cát Bi",Hành lý 0 kg,Hành lý xách tay 7 kg,21-04-2025
Vietnam Airlines,1.748.250 VND/khách,17:55,07 thg 5,07 thg 5,19:55,2h 0m,"TP HCM (SGN)
Sân bay Tân Sơn Nhất","Hải Phòng (HPH)
Sân bay quốc tế Cát Bi",Hành lý 1 x 23 kg,Hành lý xách tay 1 x 12 kg,21-04-2025
Vietnam Airlines,1.752.246 VND/khách,20:30,07 thg 5,07 thg 5,22:30,2h 0m,"TP HCM (SGN)
Sân bay Tân Sơn Nhất","Hải Phòng (HPH)
Sân bay quốc tế Cát Bi",Hành lý 1 x 23 kg,Hành lý xách tay 1 x 12 kg,21-04-2025
VietJet Air,1.867.320 VND/khách,06:15,07 thg 5,07 thg 5,08:15,2h 0m,"TP HCM (SGN)
Sân bay Tân Sơn Nhất
Nhà ga 1","Hải Phòng (HPH)
Sân bay quốc tế Cát Bi",Hành lý 0 kg,Hành lý xách tay 7 kg,21-04-2025
VietJet Air,1.867.320 VND/khách,11:35,07 thg 5,07 thg 5,13:35,2h 0m,"TP HCM (SGN)
Sân bay Tân Sơn Nhất
Nhà ga 1","Hải Phòng (HPH)
Sân bay quốc tế Cát Bi",Hành lý 0 kg,Hành lý xách tay 7 kg,21-04-2025
VietJet Air,1.867.320 VND/khách,16:10,07 thg 5,07 thg 5,18:10,2h 0m,"TP HCM (SGN)
Sân bay Tân Sơn Nhất
Nhà ga 1","Hải Phòng (HPH)
Sân bay quốc tế Cát Bi",Hành lý 0 kg,Hành lý xách tay 7 kg,21-04-2025
Vietnam Airlines,2.000.997 VND/khách,07:45,07 thg 5,07 thg 5,09:45,2h 0m,"TP HCM (SGN)
Sân bay Tân Sơn Nhất","Hải Phòng (HPH)
Sân bay quốc tế Cát Bi",Hành lý 1 x 23 kg,Hành lý xách tay 1 x 12 kg,21-04-2025
Bamboo Airways,1.559.436 VND/khách,20:05,07 thg 5,07 thg 5,22:10,2h 5m,"TP HCM (SGN)
Sân bay Tân Sơn Nhất","Hải Phòng (HPH)
Sân bay quốc tế Cát Bi",Hành lý 0 kg,Hành lý xách tay 7 kg,22-04-2025
VietJet Air,1.606.973 VND/khách,04:30,07 thg 5,07 thg 5,06:30,2h 0m,"TP HCM (SGN)
Sân bay Tân Sơn Nhất
Nhà ga 1","Hải Phòng (HPH)
Sân bay quốc tế Cát Bi",Hành lý 0 kg,Hành lý xách tay 7 kg,22-04-2025
VietJet Air,1.740.638 VND/khách,21:10,07 thg 5,07 thg 5,23:05,1h 55m,"TP HCM (SGN)
Sân bay Tân Sơn Nhất
Nhà ga 1","Hải Phòng (HPH)
Sân bay quốc tế Cát Bi",Hành lý 0 kg,Hành lý xách tay 7 kg,22-04-2025
VietJet Air,1.740.638 VND/khách,20:10,07 thg 5,07 thg 5,22:10,2h 0m,"TP HCM (SGN)
Sân bay Tân Sơn Nhất
Nhà ga 1","Hải Phòng (HPH)
Sân bay quốc tế Cát Bi",Hành lý 0 kg,Hành lý xách tay 7 kg,22-04-2025
Vietnam Airlines,1.782.322 VND/khách,20:30,07 thg 5,07 thg 5,22:30,2h 0m,"TP HCM (SGN)
Sân bay Tân Sơn Nhất","Hải Phòng (HPH)
Sân bay quốc tế Cát Bi",Hành lý 23 kg,Hành lý xách tay 1 x 12 kg,22-04-2025
VietJet Air,1.870.313 VND/khách,11:35,07 thg 5,07 thg 5,13:35,2h 0m,"TP HCM (SGN)
Sân bay Tân Sơn Nhất
Nhà ga 1","Hải Phòng (HPH)
Sân bay quốc tế Cát Bi",Hành lý 0 kg,Hành lý xách tay 7 kg,22-04-2025
VietJet Air,1.870.313 VND/khách,16:10,07 thg 5,07 thg 5,18:10,2h 0m,"TP HCM (SGN)
Sân bay Tân Sơn Nhất
Nhà ga 1","Hải Phòng (HPH)
Sân bay quốc tế Cát Bi",Hành lý 0 kg,Hành lý xách tay 7 kg,22-04-2025
VietJet Air,1.870.313 VND/khách,19:15,07 thg 5,07 thg 5,21:15,2h 0m,"TP HCM (SGN)
Sân bay Tân Sơn Nhất
Nhà ga 1","Hải Phòng (HPH)
Sân bay quốc tế Cát Bi",Hành lý 0 kg,Hành lý xách tay 7 kg,22-04-2025
Vietnam Airlines,2.007.063 VND/khách,17:55,07 thg 5,07 thg 5,19:55,2h 0m,"TP HCM (SGN)
Sân bay Tân Sơn Nhất","Hải Phòng (HPH)
Sân bay quốc tế Cát Bi",Hành lý 23 kg,Hành lý xách tay 1 x 12 kg,22-04-2025
Vietnam Airlines,2.007.063 VND/khách,13:20,07 thg 5,07 thg 5,15:25,2h 5m,"TP HCM (SGN)
Sân bay Tân Sơn Nhất
Nhà ga 1","Hải Phòng (HPH)
Sân bay quốc tế Cát Bi",Hành lý 23 kg,Hành lý xách tay 1 x 12 kg,22-04-2025
Vietnam Airlines,2.058.939 VND/khách,07:45,07 thg 5,07 thg 5,09:45,2h 0m,"TP HCM (SGN)
Sân bay Tân Sơn Nhất","Hải Phòng (HPH)
Sân bay quốc tế Cát Bi",Hành lý 23 kg,Hành lý xách tay 1 x 12 kg,22-04-2025
Bamboo Airways,1.559.436 VND/khách,20:05,07 thg 5,07 thg 5,22:10,2h 5m,"TP HCM (SGN)
Sân bay Tân Sơn Nhất","Hải Phòng (HPH)
Sân bay quốc tế Cát Bi",,,23-04-2025
VietJet Air,1.613.955 VND/khách,04:30,07 thg 5,07 thg 5,06:30,2h 0m,"TP HCM (SGN)
Sân bay Tân Sơn Nhất
Nhà ga 1","Hải Phòng (HPH)
Sân bay quốc tế Cát Bi",,,23-04-2025
VietJet Air,1.747.620 VND/khách,21:10,07 thg 5,07 thg 5,23:05,1h 55m,"TP HCM (SGN)
Sân bay Tân Sơn Nhất
Nhà ga 1","Hải Phòng (HPH)
Sân bay quốc tế Cát Bi",,,23-04-2025
VietJet Air,1.747.620 VND/khách,20:10,07 thg 5,07 thg 5,22:10,2h 0m,"TP HCM (SGN)
Sân bay Tân Sơn Nhất
Nhà ga 1","Hải Phòng (HPH)
Sân bay quốc tế Cát Bi",,,23-04-2025
VietJet Air,1.871.310 VND/khách,06:15,07 thg 5,07 thg 5,08:15,2h 0m,"TP HCM (SGN)
Sân bay Tân Sơn Nhất
Nhà ga 1","Hải Phòng (HPH)
Sân bay quốc tế Cát Bi",,,23-04-2025
VietJet Air,1.871.310 VND/khách,11:35,07 thg 5,07 thg 5,13:35,2h 0m,"TP HCM (SGN)
Sân bay Tân Sơn Nhất
Nhà ga 1","Hải Phòng (HPH)
Sân bay quốc tế Cát Bi",,,23-04-2025
VietJet Air,1.871.310 VND/khách,16:10,07 thg 5,07 thg 5,18:10,2h 0m,"TP HCM (SGN)
Sân bay Tân Sơn Nhất
Nhà ga 1","Hải Phòng (HPH)
Sân bay quốc tế Cát Bi",,,23-04-2025
VietJet Air,1.871.310 VND/khách,19:15,07 thg 5,07 thg 5,21:15,2h 0m,"TP HCM (SGN)
Sân bay Tân Sơn Nhất
Nhà ga 1","Hải Phòng (HPH)
Sân bay quốc tế Cát Bi",,,23-04-2025
Vietnam Airlines,1.986.012 VND/khách,17:55,07 thg 5,07 thg 5,19:55,2h 0m,"TP HCM (SGN)
Sân bay Tân Sơn Nhất
Nhà ga 3","Hải Phòng (HPH)
Sân bay quốc tế Cát Bi",,,23-04-2025
Vietnam Airlines,1.990.008 VND/khách,20:30,07 thg 5,07 thg 5,22:30,2h 0m,"TP HCM (SGN)
Sân bay Tân Sơn Nhất
Nhà ga 3","Hải Phòng (HPH)
Sân bay quốc tế Cát Bi",,,23-04-2025
Vietnam Airlines,2.041.956 VND/khách,13:20,07 thg 5,07 thg 5,15:25,2h 5m,"TP HCM (SGN)
Sân bay Tân Sơn Nhất
Nhà ga 1","Hải Phòng (HPH)
Sân bay quốc tế Cát Bi",,,23-04-2025
Bamboo Airways,1.536.390 VND/khách,20:05,07 thg 5,07 thg 5,22:10,2h 5m,"TP HCM (SGN)
Sân bay Tân Sơn Nhất","Hải Phòng (HPH)
Sân bay quốc tế Cát Bi",,,24-04-2025
VietJet Air,1.612.958 VND/khách,04:30,07 thg 5,07 thg 5,06:30,2h 0m,"TP HCM (SGN)
Sân bay Tân Sơn Nhất
Nhà ga 1","Hải Phòng (HPH)
Sân bay quốc tế Cát Bi",,,24-04-2025
VietJet Air,1.754.603 VND/khách,21:10,07 thg 5,07 thg 5,23:05,1h 55m,"TP HCM (SGN)
Sân bay Tân Sơn Nhất
Nhà ga 1","Hải Phòng (HPH)
Sân bay quốc tế Cát Bi",,,24-04-2025
VietJet Air,1.754.603 VND/khách,20:10,07 thg 5,07 thg 5,22:10,2h 0m,"TP HCM (SGN)
Sân bay Tân Sơn Nhất
Nhà ga 1","Hải Phòng (HPH)
Sân bay quốc tế Cát Bi",,,24-04-2025
VietJet Air,1.870.313 VND/khách,06:15,07 thg 5,07 thg 5,08:15,2h 0m,"TP HCM (SGN)
Sân bay Tân Sơn Nhất
Nhà ga 1","Hải Phòng (HPH)
Sân bay quốc tế Cát Bi",,,24-04-2025
VietJet Air,1.870.313 VND/khách,11:35,07 thg 5,07 thg 5,13:35,2h 0m,"TP HCM (SGN)
Sân bay Tân Sơn Nhất
Nhà ga 1","Hải Phòng (HPH)
Sân bay quốc tế Cát Bi",,,24-04-2025
VietJet Air,1.870.313 VND/khách,16:10,07 thg 5,07 thg 5,18:10,2h 0m,"TP HCM (SGN)
Sân bay Tân Sơn Nhất
Nhà ga 1","Hải Phòng (HPH)
Sân bay quốc tế Cát Bi",,,24-04-2025
VietJet Air,1.870.313 VND/khách,19:15,07 thg 5,07 thg 5,21:15,2h 0m,"TP HCM (SGN)
Sân bay Tân Sơn Nhất
Nhà ga 1","Hải Phòng (HPH)
Sân bay quốc tế Cát Bi",,,24-04-2025
Vietnam Airlines,1.985.013 VND/khách,17:55,07 thg 5,07 thg 5,19:55,2h 0m,"TP HCM (SGN)
Sân bay Tân Sơn Nhất
Nhà ga T3","Hải Phòng (HPH)
Sân bay quốc tế Cát Bi",,,24-04-2025
Vietnam Airlines,2.009.769 VND/khách,20:30,07 thg 5,07 thg 5,22:30,2h 0m,"TP HCM (SGN)
Sân bay Tân Sơn Nhất
Nhà ga T3","Hải Phòng (HPH)
Sân bay quốc tế Cát Bi",,,24-04-2025
Vietnam Airlines,2.033.964 VND/khách,13:20,07 thg 5,07 thg 5,15:25,2h 5m,"TP HCM (SGN)
Sân bay Tân Sơn Nhất
Nhà ga 1","Hải Phòng (HPH)
Sân bay quốc tế Cát Bi",,,24-04-2025
Bamboo Airways,1.663.416 VND/khách,20:05,07 thg 5,07 thg 5,22:10,2h 5m,"TP HCM (SGN)
Sân bay Tân Sơn Nhất","Hải Phòng (HPH)
Sân bay quốc tế Cát Bi",Hành lý 0 kg,Hành lý xách tay 7 kg,25-04-2025
VietJet Air,1.599.990 VND/khách,04:30,07 thg 5,07 thg 5,06:30,2h 0m,"TP HCM (SGN)
Sân bay Tân Sơn Nhất
Nhà ga 1","Hải Phòng (HPH)
Sân bay quốc tế Cát Bi",Hành lý 0 kg,Hành lý xách tay 7 kg,25-04-2025
VietJet Air,1.745.625 VND/khách,21:10,07 thg 5,07 thg 5,23:05,1h 55m,"TP HCM (SGN)
Sân bay Tân Sơn Nhất
Nhà ga 1","Hải Phòng (HPH)
Sân bay quốc tế Cát Bi",Hành lý 0 kg,Hành lý xách tay 7 kg,25-04-2025
VietJet Air,1.745.625 VND/khách,20:10,07 thg 5,07 thg 5,22:10,2h 0m,"TP HCM (SGN)
Sân bay Tân Sơn Nhất
Nhà ga 1","Hải Phòng (HPH)
Sân bay quốc tế Cát Bi",Hành lý 0 kg,Hành lý xách tay 7 kg,25-04-2025
VietJet Air,1.857.345 VND/khách,06:15,07 thg 5,07 thg 5,08:15,2h 0m,"TP HCM (SGN)
Sân bay Tân Sơn Nhất
Nhà ga 1","Hải Phòng (HPH)
Sân bay quốc tế Cát Bi",Hành lý 0 kg,Hành lý xách tay 7 kg,25-04-2025
VietJet Air,1.857.345 VND/khách,11:35,07 thg 5,07 thg 5,13:35,2h 0m,"TP HCM (SGN)
Sân bay Tân Sơn Nhất
Nhà ga 1","Hải Phòng (HPH)
Sân bay quốc tế Cát Bi",Hành lý 0 kg,Hành lý xách tay 7 kg,25-04-2025
VietJet Air,1.857.345 VND/khách,16:10,07 thg 5,07 thg 5,18:10,2h 0m,"TP HCM (SGN)
Sân bay Tân Sơn Nhất
Nhà ga 1","Hải Phòng (HPH)
Sân bay quốc tế Cát Bi",Hành lý 0 kg,Hành lý xách tay 7 kg,25-04-2025
VietJet Air,1.857.345 VND/khách,19:15,07 thg 5,07 thg 5,21:15,2h 0m,"TP HCM (SGN)
Sân bay Tân Sơn Nhất
Nhà ga 1","Hải Phòng (HPH)
Sân bay quốc tế Cát Bi",Hành lý 0 kg,Hành lý xách tay 7 kg,25-04-2025
Vietnam Airlines,1.987.011 VND/khách,17:55,07 thg 5,07 thg 5,19:55,2h 0m,"TP HCM (SGN)
Sân bay Tân Sơn Nhất
Nhà ga T3","Hải Phòng (HPH)
Sân bay quốc tế Cát Bi",Hành lý 1 x 23 kg,Hành lý xách tay 1 x 12 kg,25-04-2025
Vietnam Airlines,2.034.963 VND/khách,20:30,07 thg 5,07 thg 5,22:30,2h 0m,"TP HCM (SGN)
Sân bay Tân Sơn Nhất
Nhà ga T3","Hải Phòng (HPH)
Sân bay quốc tế Cát Bi",Hành lý 1 x 23 kg,Hành lý xách tay 1 x 12 kg,25-04-2025
Vietnam Airlines,2.237.760 VND/khách,13:20,07 thg 5,07 thg 5,15:25,2h 5m,"TP HCM (SGN)
Sân bay Tân Sơn Nhất
Nhà ga 1","Hải Phòng (HPH)
Sân bay quốc tế Cát Bi",Hành lý 1 x 23 kg,Hành lý xách tay 1 x 12 kg,25-04-2025
Bamboo Airways,1.806.199 VND/khách,20:05,07 thg 5,07 thg 5,22:10,2h 5m,"TP HCM (SGN)
Sân bay Tân Sơn Nhất","Hải Phòng (HPH)
Sân bay quốc tế Cát Bi",Hành lý 0 kg,Hành lý xách tay 7 kg,26-04-2025
VietJet Air,1.586.025 VND/khách,04:30,07 thg 5,07 thg 5,06:30,2h 0m,"TP HCM (SGN)
Sân bay Tân Sơn Nhất
Nhà ga 1","Hải Phòng (HPH)
Sân bay quốc tế Cát Bi",Hành lý 0 kg,Hành lý xách tay 7 kg,26-04-2025
VietJet Air,1.731.660 VND/khách,21:10,07 thg 5,07 thg 5,23:05,1h 55m,"TP HCM (SGN)
Sân bay Tân Sơn Nhất
Nhà ga 1","Hải Phòng (HPH)
Sân bay quốc tế Cát Bi",Hành lý 0 kg,Hành lý xách tay 7 kg,26-04-2025
VietJet Air,1.731.660 VND/khách,20:10,07 thg 5,07 thg 5,22:10,2h 0m,"TP HCM (SGN)
Sân bay Tân Sơn Nhất
Nhà ga 1","Hải Phòng (HPH)
Sân bay quốc tế Cát Bi",Hành lý 0 kg,Hành lý xách tay 7 kg,26-04-2025
VietJet Air,1.847.370 VND/khách,06:15,07 thg 5,07 thg 5,08:15,2h 0m,"TP HCM (SGN)
Sân bay Tân Sơn Nhất
Nhà ga 1","Hải Phòng (HPH)
Sân bay quốc tế Cát Bi",Hành lý 0 kg,Hành lý xách tay 7 kg,26-04-2025
VietJet Air,1.847.370 VND/khách,11:35,07 thg 5,07 thg 5,13:35,2h 0m,"TP HCM (SGN)
Sân bay Tân Sơn Nhất
Nhà ga 1","Hải Phòng (HPH)
Sân bay quốc tế Cát Bi",Hành lý 0 kg,Hành lý xách tay 7 kg,26-04-2025
VietJet Air,1.847.370 VND/khách,16:10,07 thg 5,07 thg 5,18:10,2h 0m,"TP HCM (SGN)
Sân bay Tân Sơn Nhất
Nhà ga 1","Hải Phòng (HPH)
Sân bay quốc tế Cát Bi",Hành lý 0 kg,Hành lý xách tay 7 kg,26-04-2025
VietJet Air,1.847.370 VND/khách,19:35,07 thg 5,07 thg 5,21:35,2h 0m,"TP HCM (SGN)
Sân bay Tân Sơn Nhất
Nhà ga 1","Hải Phòng (HPH)
Sân bay quốc tế Cát Bi",Hành lý 0 kg,Hành lý xách tay 7 kg,26-04-2025
Vietnam Airlines,2.025.972 VND/khách,20:30,07 thg 5,07 thg 5,22:30,2h 0m,"TP HCM (SGN)
Sân bay Tân Sơn Nhất
Nhà ga T3","Hải Phòng (HPH)
Sân bay quốc tế Cát Bi",Hành lý 1 x 23 kg,Hành lý xách tay 1 x 12 kg,26-04-2025
Vietnam Airlines,2.182.815 VND/khách,17:55,07 thg 5,07 thg 5,19:55,2h 0m,"TP HCM (SGN)
Sân bay Tân Sơn Nhất
Nhà ga T3","Hải Phòng (HPH)
Sân bay quốc tế Cát Bi",Hành lý 1 x 23 kg,Hành lý xách tay 1 x 12 kg,26-04-2025
Vietnam Airlines,2.234.763 VND/khách,13:20,07 thg 5,07 thg 5,15:25,2h 5m,"TP HCM (SGN)
Sân bay Tân Sơn Nhất
Nhà ga 1","Hải Phòng (HPH)
Sân bay quốc tế Cát Bi",Hành lý 1 x 23 kg,Hành lý xách tay 1 x 12 kg,26-04-2025
Bamboo Airways,1.806.199 VND/khách,20:05,07 thg 5,07 thg 5,22:10,2h 5m,"TP HCM (SGN)
Sân bay Tân Sơn Nhất","Hải Phòng (HPH)
Sân bay quốc tế Cát Bi",Hành lý 0 kg,Hành lý xách tay 7 kg,27-04-2025
VietJet Air,1.578.045 VND/khách,04:30,07 thg 5,07 thg 5,06:30,2h 0m,"TP HCM (SGN)
Sân bay Tân Sơn Nhất
Nhà ga 1","Hải Phòng (HPH)
Sân bay quốc tế Cát Bi",Hành lý 0 kg,Hành lý xách tay 7 kg,27-04-2025
VietJet Air,1.723.680 VND/khách,21:10,07 thg 5,07 thg 5,23:05,1h 55m,"TP HCM (SGN)
Sân bay Tân Sơn Nhất
Nhà ga 1","Hải Phòng (HPH)
Sân bay quốc tế Cát Bi",Hành lý 0 kg,Hành lý xách tay 7 kg,27-04-2025
VietJet Air,1.723.680 VND/khách,20:10,07 thg 5,07 thg 5,22:10,2h 0m,"TP HCM (SGN)
Sân bay Tân Sơn Nhất
Nhà ga 1","Hải Phòng (HPH)
Sân bay quốc tế Cát Bi",Hành lý 0 kg,Hành lý xách tay 7 kg,27-04-2025
VietJet Air,1.838.393 VND/khách,06:15,07 thg 5,07 thg 5,08:15,2h 0m,"TP HCM (SGN)
Sân bay Tân Sơn Nhất
Nhà ga 1","Hải Phòng (HPH)
Sân bay quốc tế Cát Bi",Hành lý 0 kg,Hành lý xách tay 7 kg,27-04-2025
VietJet Air,1.838.393 VND/khách,11:35,07 thg 5,07 thg 5,13:35,2h 0m,"TP HCM (SGN)
Sân bay Tân Sơn Nhất
Nhà ga 1","Hải Phòng (HPH)
Sân bay quốc tế Cát Bi",Hành lý 0 kg,Hành lý xách tay 7 kg,27-04-2025
VietJet Air,1.838.393 VND/khách,16:10,07 thg 5,07 thg 5,18:10,2h 0m,"TP HCM (SGN)
Sân bay Tân Sơn Nhất
Nhà ga 1","Hải Phòng (HPH)
Sân bay quốc tế Cát Bi",Hành lý 0 kg,Hành lý xách tay 7 kg,27-04-2025
VietJet Air,1.838.393 VND/khách,19:35,07 thg 5,07 thg 5,21:35,2h 0m,"TP HCM (SGN)
Sân bay Tân Sơn Nhất
Nhà ga 1","Hải Phòng (HPH)
Sân bay quốc tế Cát Bi",Hành lý 0 kg,Hành lý xách tay 7 kg,27-04-2025
Vietnam Airlines,1.956.042 VND/khách,20:30,07 thg 5,07 thg 5,22:30,2h 0m,"TP HCM (SGN)
Sân bay Tân Sơn Nhất","Hải Phòng (HPH)
Sân bay quốc tế Cát Bi",Hành lý 1 x 23 kg,Hành lý xách tay 1 x 12 kg,27-04-2025
Vietnam Airlines,2.235.163 VND/khách,17:55,07 thg 5,07 thg 5,19:55,2h 0m,"TP HCM (SGN)
Sân bay Tân Sơn Nhất","Hải Phòng (HPH)
Sân bay quốc tế Cát Bi",Hành lý 1 x 23 kg,Hành lý xách tay 1 x 12 kg,27-04-2025
Vietnam Airlines,2.235.163 VND/khách,13:20,07 thg 5,07 thg 5,15:25,2h 5m,"TP HCM (SGN)
Sân bay Tân Sơn Nhất
Nhà ga 1","Hải Phòng (HPH)
Sân bay quốc tế Cát Bi",Hành lý 1 x 23 kg,Hành lý xách tay 1 x 12 kg,27-04-2025
Bamboo Airways,1.806.199 VND/khách,20:05,07 thg 5,07 thg 5,22:10,2h 5m,"TP HCM (SGN)
Sân bay Tân Sơn Nhất","Hải Phòng (HPH)
Sân bay quốc tế Cát Bi",Hành lý 0 kg,Hành lý xách tay 7 kg,28-04-2025
VietJet Air,1.389.518 VND/khách,21:10,07 thg 5,07 thg 5,23:05,1h 55m,"TP HCM (SGN)
Sân bay Tân Sơn Nhất
Nhà ga 1","Hải Phòng (HPH)
Sân bay quốc tế Cát Bi",Hành lý 0 kg,Hành lý xách tay 7 kg,28-04-2025
VietJet Air,1.389.518 VND/khách,20:10,07 thg 5,07 thg 5,22:10,2h 0m,"TP HCM (SGN)
Sân bay Tân Sơn Nhất
Nhà ga 1","Hải Phòng (HPH)
Sân bay quốc tế Cát Bi",Hành lý 0 kg,Hành lý xách tay 7 kg,28-04-2025
VietJet Air,1.575.053 VND/khách,04:30,07 thg 5,07 thg 5,06:30,2h 0m,"TP HCM (SGN)
Sân bay Tân Sơn Nhất
Nhà ga 1","Hải Phòng (HPH)
Sân bay quốc tế Cát Bi",Hành lý 0 kg,Hành lý xách tay 7 kg,28-04-2025
VietJet Air,1.834.403 VND/khách,06:15,07 thg 5,07 thg 5,08:15,2h 0m,"TP HCM (SGN)
Sân bay Tân Sơn Nhất
Nhà ga 1","Hải Phòng (HPH)
Sân bay quốc tế Cát Bi",Hành lý 0 kg,Hành lý xách tay 7 kg,28-04-2025
VietJet Air,1.834.403 VND/khách,11:35,07 thg 5,07 thg 5,13:35,2h 0m,"TP HCM (SGN)
Sân bay Tân Sơn Nhất
Nhà ga 1","Hải Phòng (HPH)
Sân bay quốc tế Cát Bi",Hành lý 0 kg,Hành lý xách tay 7 kg,28-04-2025
VietJet Air,1.834.403 VND/khách,16:10,07 thg 5,07 thg 5,18:10,2h 0m,"TP HCM (SGN)
Sân bay Tân Sơn Nhất
Nhà ga 1","Hải Phòng (HPH)
Sân bay quốc tế Cát Bi",Hành lý 0 kg,Hành lý xách tay 7 kg,28-04-2025
Vietnam Airlines,2.071.601 VND/khách,20:30,07 thg 5,07 thg 5,22:30,2h 0m,"TP HCM (SGN)
Sân bay Tân Sơn Nhất","Hải Phòng (HPH)
Sân bay quốc tế Cát Bi",Hành lý 1 x 23 kg,Hành lý xách tay 1 x 12 kg,28-04-2025
Vietnam Airlines,2.171.826 VND/khách,17:55,07 thg 5,07 thg 5,19:55,2h 0m,"TP HCM (SGN)
Sân bay Tân Sơn Nhất","Hải Phòng (HPH)
Sân bay quốc tế Cát Bi",Hành lý 1 x 23 kg,Hành lý xách tay 1 x 12 kg,28-04-2025
Vietnam Airlines,2.215.782 VND/khách,13:20,07 thg 5,07 thg 5,15:25,2h 5m,"TP HCM (SGN)
Sân bay Tân Sơn Nhất
Nhà ga 1","Hải Phòng (HPH)
Sân bay quốc tế Cát Bi",Hành lý 1 x 23 kg,Hành lý xách tay 1 x 12 kg,28-04-2025
Vietnam Airlines,2.662.335 VND/khách,07:45,07 thg 5,07 thg 5,09:45,2h 0m,"TP HCM (SGN)
Sân bay Tân Sơn Nhất","Hải Phòng (HPH)
Sân bay quốc tế Cát Bi",Hành lý 1 x 23 kg,Hành lý xách tay 1 x 12 kg,28-04-2025
Bamboo Airways,1.663.416 VND/khách,20:05,07 thg 5,07 thg 5,22:10,2h 5m,"TP HCM (SGN)
Sân bay Tân Sơn Nhất","Hải Phòng (HPH)
Sân bay quốc tế Cát Bi",Hành lý 0 kg,Hành lý xách tay 7 kg,29-04-2025
VietJet Air,1.380.540 VND/khách,21:10,07 thg 5,07 thg 5,23:05,1h 55m,"TP HCM (SGN)
Sân bay Tân Sơn Nhất
Nhà ga 1","Hải Phòng (HPH)
Sân bay quốc tế Cát Bi",Hành lý 0 kg,Hành lý xách tay 7 kg,29-04-2025
VietJet Air,1.380.540 VND/khách,20:10,07 thg 5,07 thg 5,22:10,2h 0m,"TP HCM (SGN)
Sân bay Tân Sơn Nhất
Nhà ga 1","Hải Phòng (HPH)
Sân bay quốc tế Cát Bi",Hành lý 0 kg,Hành lý xách tay 7 kg,29-04-2025
VietJet Air,1.618.243 VND/khách,04:30,07 thg 5,07 thg 5,06:30,2h 0m,"TP HCM (SGN)
Sân bay Tân Sơn Nhất
Nhà ga 1","Hải Phòng (HPH)
Sân bay quốc tế Cát Bi",Hành lý 0 kg,Hành lý xách tay 7 kg,29-04-2025
VietJet Air,1.889.802 VND/khách,06:15,07 thg 5,07 thg 5,08:15,2h 0m,"TP HCM (SGN)
Sân bay Tân Sơn Nhất
Nhà ga 1","Hải Phòng (HPH)
Sân bay quốc tế Cát Bi",Hành lý 0 kg,Hành lý xách tay 7 kg,29-04-2025
VietJet Air,1.889.802 VND/khách,11:35,07 thg 5,07 thg 5,13:35,2h 0m,"TP HCM (SGN)
Sân bay Tân Sơn Nhất
Nhà ga 1","Hải Phòng (HPH)
Sân bay quốc tế Cát Bi",Hành lý 0 kg,Hành lý xách tay 7 kg,29-04-2025
VietJet Air,1.889.802 VND/khách,16:10,07 thg 5,07 thg 5,18:10,2h 0m,"TP HCM (SGN)
Sân bay Tân Sơn Nhất
Nhà ga 1","Hải Phòng (HPH)
Sân bay quốc tế Cát Bi",Hành lý 0 kg,Hành lý xách tay 7 kg,29-04-2025
Vietnam Airlines,2.249.748 VND/khách,20:30,07 thg 5,07 thg 5,22:30,2h 0m,"TP HCM (SGN)
Sân bay Tân Sơn Nhất","Hải Phòng (HPH)
Sân bay quốc tế Cát Bi",Hành lý 1 x 23 kg,Hành lý xách tay 1 x 12 kg,29-04-2025
Vietnam Airlines,2.457.616 VND/khách,13:20,07 thg 5,07 thg 5,15:25,2h 5m,"TP HCM (SGN)
Sân bay Tân Sơn Nhất
Nhà ga 1","Hải Phòng (HPH)
Sân bay quốc tế Cát Bi",Hành lý 1 x 23 kg,Hành lý xách tay 1 x 12 kg,29-04-2025
Vietnam Airlines,2.678.319 VND/khách,17:55,07 thg 5,07 thg 5,19:55,2h 0m,"TP HCM (SGN)
Sân bay Tân Sơn Nhất","Hải Phòng (HPH)
Sân bay quốc tế Cát Bi",Hành lý 1 x 23 kg,Hành lý xách tay 1 x 12 kg,29-04-2025
Vietnam Airlines,3.139.857 VND/khách,07:45,07 thg 5,07 thg 5,09:45,2h 0m,"TP HCM (SGN)
Sân bay Tân Sơn Nhất","Hải Phòng (HPH)
Sân bay quốc tế Cát Bi",Hành lý 1 x 23 kg,Hành lý xách tay 1 x 12 kg,29-04-2025
Bamboo Airways,1.663.416 VND/khách,20:05,07 thg 5,07 thg 5,22:10,2h 5m,"TP HCM (SGN)
Sân bay Tân Sơn Nhất","Hải Phòng (HPH)
Sân bay quốc tế Cát Bi",Hành lý 0 kg,Hành lý xách tay 7 kg,30-04-2025
VietJet Air,1.363.583 VND/khách,21:10,07 thg 5,07 thg 5,23:05,1h 55m,"TP HCM (SGN)
Sân bay Tân Sơn Nhất
Nhà ga 1","Hải Phòng (HPH)
Sân bay quốc tế Cát Bi",Hành lý 0 kg,Hành lý xách tay 7 kg,30-04-2025
VietJet Air,1.363.583 VND/khách,20:10,07 thg 5,07 thg 5,22:10,2h 0m,"TP HCM (SGN)
Sân bay Tân Sơn Nhất
Nhà ga 1","Hải Phòng (HPH)
Sân bay quốc tế Cát Bi",Hành lý 0 kg,Hành lý xách tay 7 kg,30-04-2025
VietJet Air,1.617.832 VND/khách,04:30,07 thg 5,07 thg 5,06:30,2h 0m,"TP HCM (SGN)
Sân bay Tân Sơn Nhất
Nhà ga 1","Hải Phòng (HPH)
Sân bay quốc tế Cát Bi",Hành lý 0 kg,Hành lý xách tay 7 kg,30-04-2025
VietJet Air,1.889.321 VND/khách,06:15,07 thg 5,07 thg 5,08:15,2h 0m,"TP HCM (SGN)
Sân bay Tân Sơn Nhất
Nhà ga 1","Hải Phòng (HPH)
Sân bay quốc tế Cát Bi",Hành lý 0 kg,Hành lý xách tay 7 kg,30-04-2025
VietJet Air,1.889.321 VND/khách,11:35,07 thg 5,07 thg 5,13:35,2h 0m,"TP HCM (SGN)
Sân bay Tân Sơn Nhất
Nhà ga 1","Hải Phòng (HPH)
Sân bay quốc tế Cát Bi",Hành lý 0 kg,Hành lý xách tay 7 kg,30-04-2025
VietJet Air,1.889.321 VND/khách,16:10,07 thg 5,07 thg 5,18:10,2h 0m,"TP HCM (SGN)
Sân bay Tân Sơn Nhất
Nhà ga 1","Hải Phòng (HPH)
Sân bay quốc tế Cát Bi",Hành lý 0 kg,Hành lý xách tay 7 kg,30-04-2025
VietJet Air,1.889.321 VND/khách,19:35,07 thg 5,07 thg 5,21:35,2h 0m,"TP HCM (SGN)
Sân bay Tân Sơn Nhất
Nhà ga 1","Hải Phòng (HPH)
Sân bay quốc tế Cát Bi",Hành lý 0 kg,Hành lý xách tay 7 kg,30-04-2025
Vietnam Airlines,2.247.750 VND/khách,20:30,07 thg 5,07 thg 5,22:30,2h 0m,"TP HCM (SGN)
Sân bay Tân Sơn Nhất","Hải Phòng (HPH)
Sân bay quốc tế Cát Bi",Hành lý 1 x 23 kg,Hành lý xách tay 1 x 12 kg,30-04-2025
Vietnam Airlines,2.476.521 VND/khách,13:20,07 thg 5,07 thg 5,15:25,2h 5m,"TP HCM (SGN)
Sân bay Tân Sơn Nhất
Nhà ga 1","Hải Phòng (HPH)
Sân bay quốc tế Cát Bi",Hành lý 1 x 23 kg,Hành lý xách tay 1 x 12 kg,30-04-2025
Vietnam Airlines,2.767.505 VND/khách,17:55,07 thg 5,07 thg 5,19:55,2h 0m,"TP HCM (SGN)
Sân bay Tân Sơn Nhất","Hải Phòng (HPH)
Sân bay quốc tế Cát Bi",Hành lý 1 x 23 kg,Hành lý xách tay 1 x 12 kg,30-04-2025
VietJet Air,1.363.583 VND/khách,21:10,08 thg 5,08 thg 5,23:05,1h 55m,"TP HCM (SGN)
Sân bay Tân Sơn Nhất
Nhà ga 1","Hải Phòng (HPH)
Sân bay quốc tế Cát Bi",Hành lý 0 kg,Hành lý xách tay 7 kg,01-05-2025
VietJet Air,1.363.583 VND/khách,20:10,08 thg 5,08 thg 5,22:10,2h 0m,"TP HCM (SGN)
Sân bay Tân Sơn Nhất
Nhà ga 1","Hải Phòng (HPH)
Sân bay quốc tế Cát Bi",Hành lý 0 kg,Hành lý xách tay 7 kg,01-05-2025
VietJet Air,1.617.745 VND/khách,04:30,08 thg 5,08 thg 5,06:30,2h 0m,"TP HCM (SGN)
Sân bay Tân Sơn Nhất
Nhà ga 1","Hải Phòng (HPH)
Sân bay quốc tế Cát Bi",Hành lý 0 kg,Hành lý xách tay 7 kg,01-05-2025
VietJet Air,1.889.220 VND/khách,06:15,08 thg 5,08 thg 5,08:15,2h 0m,"TP HCM (SGN)
Sân bay Tân Sơn Nhất
Nhà ga 1","Hải Phòng (HPH)
Sân bay quốc tế Cát Bi",Hành lý 0 kg,Hành lý xách tay 7 kg,01-05-2025
VietJet Air,1.889.220 VND/khách,09:15,08 thg 5,08 thg 5,11:15,2h 0m,"TP HCM (SGN)
Sân bay Tân Sơn Nhất
Nhà ga 1","Hải Phòng (HPH)
Sân bay quốc tế Cát Bi",Hành lý 0 kg,Hành lý xách tay 7 kg,01-05-2025
VietJet Air,1.889.220 VND/khách,14:05,08 thg 5,08 thg 5,16:05,2h 0m,"TP HCM (SGN)
Sân bay Tân Sơn Nhất
Nhà ga 1","Hải Phòng (HPH)
Sân bay quốc tế Cát Bi",Hành lý 0 kg,Hành lý xách tay 7 kg,01-05-2025
VietJet Air,1.889.220 VND/khách,16:10,08 thg 5,08 thg 5,18:10,2h 0m,"TP HCM (SGN)
Sân bay Tân Sơn Nhất
Nhà ga 1","Hải Phòng (HPH)
Sân bay quốc tế Cát Bi",Hành lý 0 kg,Hành lý xách tay 7 kg,01-05-2025
VietJet Air,1.889.220 VND/khách,19:35,08 thg 5,08 thg 5,21:35,2h 0m,"TP HCM (SGN)
Sân bay Tân Sơn Nhất
Nhà ga 1","Hải Phòng (HPH)
Sân bay quốc tế Cát Bi",Hành lý 0 kg,Hành lý xách tay 7 kg,01-05-2025
Vietnam Airlines,2.458.831 VND/khách,13:20,08 thg 5,08 thg 5,15:25,2h 5m,"TP HCM (SGN)
Sân bay Tân Sơn Nhất
Nhà ga 1","Hải Phòng (HPH)
Sân bay quốc tế Cát Bi",Hành lý 1 x 23 kg,Hành lý xách tay 1 x 12 kg,01-05-2025
Vietnam Airlines,2.678.319 VND/khách,20:30,08 thg 5,08 thg 5,22:30,2h 0m,"TP HCM (SGN)
Sân bay Tân Sơn Nhất","Hải Phòng (HPH)
Sân bay quốc tế Cát Bi",Hành lý 1 x 23 kg,Hành lý xách tay 1 x 12 kg,01-05-2025
Vietnam Airlines,2.697.300 VND/khách,17:55,08 thg 5,08 thg 5,19:55,2h 0m,"TP HCM (SGN)
Sân bay Tân Sơn Nhất","Hải Phòng (HPH)
Sân bay quốc tế Cát Bi",Hành lý 1 x 23 kg,Hành lý xách tay 1 x 12 kg,01-05-2025
Vietnam Airlines,3.135.861 VND/khách,07:45,08 thg 5,08 thg 5,09:45,2h 0m,"TP HCM (SGN)
Sân bay Tân Sơn Nhất","Hải Phòng (HPH)
Sân bay quốc tế Cát Bi",Hành lý 1 x 23 kg,Hành lý xách tay 1 x 12 kg,01-05-2025
VietJet Air,1.366.575 VND/khách,21:10,08 thg 5,08 thg 5,23:05,1h 55m,"TP HCM (SGN)
Sân bay Tân Sơn Nhất
Nhà ga 1","Hải Phòng (HPH)
Sân bay quốc tế Cát Bi",Hành lý 0 kg,Hành lý xách tay 7 kg,02-05-2025
VietJet Air,1.566.161 VND/khách,04:30,08 thg 5,08 thg 5,06:30,2h 0m,"TP HCM (SGN)
Sân bay Tân Sơn Nhất
Nhà ga 1","Hải Phòng (HPH)
Sân bay quốc tế Cát Bi",Hành lý 0 kg,Hành lý xách tay 7 kg,02-05-2025
VietJet Air,1.618.433 VND/khách,20:10,08 thg 5,08 thg 5,22:10,2h 0m,"TP HCM (SGN)
Sân bay Tân Sơn Nhất
Nhà ga 1","Hải Phòng (HPH)
Sân bay quốc tế Cát Bi",Hành lý 0 kg,Hành lý xách tay 7 kg,02-05-2025
VietJet Air,1.890.023 VND/khách,06:15,08 thg 5,08 thg 5,08:15,2h 0m,"TP HCM (SGN)
Sân bay Tân Sơn Nhất
Nhà ga 1","Hải Phòng (HPH)
Sân bay quốc tế Cát Bi",Hành lý 0 kg,Hành lý xách tay 7 kg,02-05-2025
VietJet Air,1.890.023 VND/khách,09:15,08 thg 5,08 thg 5,11:15,2h 0m,"TP HCM (SGN)
Sân bay Tân Sơn Nhất
Nhà ga 1","Hải Phòng (HPH)
Sân bay quốc tế Cát Bi",Hành lý 0 kg,Hành lý xách tay 7 kg,02-05-2025
VietJet Air,1.890.023 VND/khách,14:05,08 thg 5,08 thg 5,16:05,2h 0m,"TP HCM (SGN)
Sân bay Tân Sơn Nhất
Nhà ga 1","Hải Phòng (HPH)
Sân bay quốc tế Cát Bi",Hành lý 0 kg,Hành lý xách tay 7 kg,02-05-2025
VietJet Air,1.890.023 VND/khách,16:10,08 thg 5,08 thg 5,18:10,2h 0m,"TP HCM (SGN)
Sân bay Tân Sơn Nhất
Nhà ga 1","Hải Phòng (HPH)
Sân bay quốc tế Cát Bi",Hành lý 0 kg,Hành lý xách tay 7 kg,02-05-2025
VietJet Air,1.890.023 VND/khách,19:35,08 thg 5,08 thg 5,21:35,2h 0m,"TP HCM (SGN)
Sân bay Tân Sơn Nhất
Nhà ga 1","Hải Phòng (HPH)
Sân bay quốc tế Cát Bi",Hành lý 0 kg,Hành lý xách tay 7 kg,02-05-2025
Vietnam Airlines,2.479.518 VND/khách,13:20,08 thg 5,08 thg 5,15:25,2h 5m,"TP HCM (SGN)
Sân bay Tân Sơn Nhất
Nhà ga 1","Hải Phòng (HPH)
Sân bay quốc tế Cát Bi",Hành lý 1 x 23 kg,Hành lý xách tay 1 x 12 kg,02-05-2025
Vietnam Airlines,2.681.316 VND/khách,20:30,08 thg 5,08 thg 5,22:30,2h 0m,"TP HCM (SGN)
Sân bay Tân Sơn Nhất","Hải Phòng (HPH)
Sân bay quốc tế Cát Bi",Hành lý 1 x 23 kg,Hành lý xách tay 1 x 12 kg,02-05-2025
Vietnam Airlines,2.685.312 VND/khách,17:55,08 thg 5,08 thg 5,19:55,2h 0m,"TP HCM (SGN)
Sân bay Tân Sơn Nhất","Hải Phòng (HPH)
Sân bay quốc tế Cát Bi",Hành lý 1 x 23 kg,Hành lý xách tay 1 x 12 kg,02-05-2025
Vietnam Airlines,3.143.853 VND/khách,07:45,08 thg 5,08 thg 5,09:45,2h 0m,"TP HCM (SGN)
Sân bay Tân Sơn Nhất","Hải Phòng (HPH)
Sân bay quốc tế Cát Bi",Hành lý 1 x 23 kg,Hành lý xách tay 1 x 12 kg,02-05-2025
VietJet Air,1.575.053 VND/khách,04:30,08 thg 5,08 thg 5,06:30,2h 0m,"TP HCM (SGN)
Sân bay Tân Sơn Nhất
Nhà ga 1","Hải Phòng (HPH)
Sân bay quốc tế Cát Bi",Hành lý 0 kg,Hành lý xách tay 7 kg,03-05-2025
VietJet Air,1.575.053 VND/khách,20:10,08 thg 5,08 thg 5,22:10,2h 0m,"TP HCM (SGN)
Sân bay Tân Sơn Nhất
Nhà ga 1","Hải Phòng (HPH)
Sân bay quốc tế Cát Bi",Hành lý 0 kg,Hành lý xách tay 7 kg,03-05-2025
VietJet Air,1.618.433 VND/khách,21:10,08 thg 5,08 thg 5,23:05,1h 55m,"TP HCM (SGN)
Sân bay Tân Sơn Nhất
Nhà ga 1","Hải Phòng (HPH)
Sân bay quốc tế Cát Bi",Hành lý 0 kg,Hành lý xách tay 7 kg,03-05-2025
VietJet Air,1.838.393 VND/khách,06:15,08 thg 5,08 thg 5,08:15,2h 0m,"TP HCM (SGN)
Sân bay Tân Sơn Nhất
Nhà ga 1","Hải Phòng (HPH)
Sân bay quốc tế Cát Bi",Hành lý 0 kg,Hành lý xách tay 7 kg,03-05-2025
VietJet Air,1.838.393 VND/khách,09:15,08 thg 5,08 thg 5,11:15,2h 0m,"TP HCM (SGN)
Sân bay Tân Sơn Nhất
Nhà ga 1","Hải Phòng (HPH)
Sân bay quốc tế Cát Bi",Hành lý 0 kg,Hành lý xách tay 7 kg,03-05-2025
VietJet Air,1.838.393 VND/khách,14:05,08 thg 5,08 thg 5,16:05,2h 0m,"TP HCM (SGN)
Sân bay Tân Sơn Nhất
Nhà ga 1","Hải Phòng (HPH)
Sân bay quốc tế Cát Bi",Hành lý 0 kg,Hành lý xách tay 7 kg,03-05-2025
VietJet Air,1.838.393 VND/khách,16:10,08 thg 5,08 thg 5,18:10,2h 0m,"TP HCM (SGN)
Sân bay Tân Sơn Nhất
Nhà ga 1","Hải Phòng (HPH)
Sân bay quốc tế Cát Bi",Hành lý 0 kg,Hành lý xách tay 7 kg,03-05-2025
VietJet Air,1.838.393 VND/khách,19:35,08 thg 5,08 thg 5,21:35,2h 0m,"TP HCM (SGN)
Sân bay Tân Sơn Nhất
Nhà ga 1","Hải Phòng (HPH)
Sân bay quốc tế Cát Bi",Hành lý 0 kg,Hành lý xách tay 7 kg,03-05-2025
Vietnam Airlines,2.708.289 VND/khách,13:20,08 thg 5,08 thg 5,15:25,2h 5m,"TP HCM (SGN)
Sân bay Tân Sơn Nhất
Nhà ga 1","Hải Phòng (HPH)
Sân bay quốc tế Cát Bi",Hành lý 1 x 23 kg,Hành lý xách tay 1 x 12 kg,03-05-2025
Vietnam Airlines,2.952.045 VND/khách,17:55,08 thg 5,08 thg 5,19:55,2h 0m,"TP HCM (SGN)
Sân bay Tân Sơn Nhất","Hải Phòng (HPH)
Sân bay quốc tế Cát Bi",Hành lý 1 x 23 kg,Hành lý xách tay 1 x 12 kg,03-05-2025
Vietnam Airlines,2.952.045 VND/khách,20:30,08 thg 5,08 thg 5,22:30,2h 0m,"TP HCM (SGN)
Sân bay Tân Sơn Nhất","Hải Phòng (HPH)
Sân bay quốc tế Cát Bi",Hành lý 1 x 23 kg,Hành lý xách tay 1 x 12 kg,03-05-2025
Vietnam Airlines,3.680.316 VND/khách,07:45,08 thg 5,08 thg 5,09:45,2h 0m,"TP HCM (SGN)
Sân bay Tân Sơn Nhất","Hải Phòng (HPH)
Sân bay quốc tế Cát Bi",Hành lý 1 x 23 kg,Hành lý xách tay 1 x 12 kg,03-05-2025
VietJet Air,1.570.065 VND/khách,21:10,08 thg 5,08 thg 5,23:05,1h 55m,"TP HCM (SGN)
Sân bay Tân Sơn Nhất
Nhà ga 1","Hải Phòng (HPH)
Sân bay quốc tế Cát Bi",Hành lý 0 kg,Hành lý xách tay 7 kg,04-05-2025
VietJet Air,1.570.065 VND/khách,04:30,08 thg 5,08 thg 5,06:30,2h 0m,"TP HCM (SGN)
Sân bay Tân Sơn Nhất
Nhà ga 1","Hải Phòng (HPH)
Sân bay quốc tế Cát Bi",Hành lý 0 kg,Hành lý xách tay 7 kg,04-05-2025
VietJet Air,1.570.065 VND/khách,20:10,08 thg 5,08 thg 5,22:10,2h 0m,"TP HCM (SGN)
Sân bay Tân Sơn Nhất
Nhà ga 1","Hải Phòng (HPH)
Sân bay quốc tế Cát Bi",Hành lý 0 kg,Hành lý xách tay 7 kg,04-05-2025
VietJet Air,1.829.415 VND/khách,09:15,08 thg 5,08 thg 5,11:15,2h 0m,"TP HCM (SGN)
Sân bay Tân Sơn Nhất
Nhà ga 1","Hải Phòng (HPH)
Sân bay quốc tế Cát Bi",Hành lý 0 kg,Hành lý xách tay 7 kg,04-05-2025
VietJet Air,1.829.415 VND/khách,14:05,08 thg 5,08 thg 5,16:05,2h 0m,"TP HCM (SGN)
Sân bay Tân Sơn Nhất
Nhà ga 1","Hải Phòng (HPH)
Sân bay quốc tế Cát Bi",Hành lý 0 kg,Hành lý xách tay 7 kg,04-05-2025
VietJet Air,1.829.415 VND/khách,16:10,08 thg 5,08 thg 5,18:10,2h 0m,"TP HCM (SGN)
Sân bay Tân Sơn Nhất
Nhà ga 1","Hải Phòng (HPH)
Sân bay quốc tế Cát Bi",Hành lý 0 kg,Hành lý xách tay 7 kg,04-05-2025
VietJet Air,1.829.415 VND/khách,19:35,08 thg 5,08 thg 5,21:35,2h 0m,"TP HCM (SGN)
Sân bay Tân Sơn Nhất
Nhà ga 1","Hải Phòng (HPH)
Sân bay quốc tế Cát Bi",Hành lý 0 kg,Hành lý xách tay 7 kg,04-05-2025
VietJet Air,1.890.105 VND/khách,06:15,08 thg 5,08 thg 5,08:15,2h 0m,"TP HCM (SGN)
Sân bay Tân Sơn Nhất
Nhà ga 1","Hải Phòng (HPH)
Sân bay quốc tế Cát Bi",Hành lý 0 kg,Hành lý xách tay 7 kg,04-05-2025
Vietnam Airlines,2.913.084 VND/khách,13:20,08 thg 5,08 thg 5,15:25,2h 5m,"TP HCM (SGN)
Sân bay Tân Sơn Nhất
Nhà ga 1","Hải Phòng (HPH)
Sân bay quốc tế Cát Bi",Hành lý 1 x 23 kg,Hành lý xách tay 1 x 12 kg,04-05-2025
Vietnam Airlines,2.951.046 VND/khách,20:30,08 thg 5,08 thg 5,22:30,2h 0m,"TP HCM (SGN)
Sân bay Tân Sơn Nhất","Hải Phòng (HPH)
Sân bay quốc tế Cát Bi",Hành lý 1 x 23 kg,Hành lý xách tay 1 x 12 kg,04-05-2025
Vietnam Airlines,3.720.276 VND/khách,17:55,08 thg 5,08 thg 5,19:55,2h 0m,"TP HCM (SGN)
Sân bay Tân Sơn Nhất","Hải Phòng (HPH)
Sân bay quốc tế Cát Bi",Hành lý 1 x 23 kg,Hành lý xách tay 1 x 12 kg,04-05-2025
Vietnam Airlines,3.901.095 VND/khách,07:45,08 thg 5,08 thg 5,09:45,2h 0m,"TP HCM (SGN)
Sân bay Tân Sơn Nhất","Hải Phòng (HPH)
Sân bay quốc tế Cát Bi",Hành lý 1 x 23 kg,Hành lý xách tay 1 x 12 kg,04-05-2025
VietJet Air,1.618.425 VND/khách,21:10,08 thg 5,08 thg 5,23:05,1h 55m,"TP HCM (SGN)
Sân bay Tân Sơn Nhất
Nhà ga 1","Hải Phòng (HPH)
Sân bay quốc tế Cát Bi",Hành lý 0 kg,Hành lý xách tay 7 kg,05-05-2025
VietJet Air,1.618.425 VND/khách,20:10,08 thg 5,08 thg 5,22:10,2h 0m,"TP HCM (SGN)
Sân bay Tân Sơn Nhất
Nhà ga 1","Hải Phòng (HPH)
Sân bay quốc tế Cát Bi",Hành lý 0 kg,Hành lý xách tay 7 kg,05-05-2025
VietJet Air,1.698.743 VND/khách,04:30,08 thg 5,08 thg 5,06:30,2h 0m,"TP HCM (SGN)
Sân bay Tân Sơn Nhất
Nhà ga 1","Hải Phòng (HPH)
Sân bay quốc tế Cát Bi",Hành lý 0 kg,Hành lý xách tay 7 kg,05-05-2025
VietJet Air,1.890.015 VND/khách,06:15,08 thg 5,08 thg 5,08:15,2h 0m,"TP HCM (SGN)
Sân bay Tân Sơn Nhất
Nhà ga 1","Hải Phòng (HPH)
Sân bay quốc tế Cát Bi",Hành lý 0 kg,Hành lý xách tay 7 kg,05-05-2025
VietJet Air,1.890.015 VND/khách,14:05,08 thg 5,08 thg 5,16:05,2h 0m,"TP HCM (SGN)
Sân bay Tân Sơn Nhất
Nhà ga 1","Hải Phòng (HPH)
Sân bay quốc tế Cát Bi",Hành lý 0 kg,Hành lý xách tay 7 kg,05-05-2025
VietJet Air,1.890.015 VND/khách,16:10,08 thg 5,08 thg 5,18:10,2h 0m,"TP HCM (SGN)
Sân bay Tân Sơn Nhất
Nhà ga 1","Hải Phòng (HPH)
Sân bay quốc tế Cát Bi",Hành lý 0 kg,Hành lý xách tay 7 kg,05-05-2025
VietJet Air,1.890.015 VND/khách,19:35,08 thg 5,08 thg 5,21:35,2h 0m,"TP HCM (SGN)
Sân bay Tân Sơn Nhất
Nhà ga 1","Hải Phòng (HPH)
Sân bay quốc tế Cát Bi",Hành lý 0 kg,Hành lý xách tay 7 kg,05-05-2025
VietJet Air,2.071.074 VND/khách,09:15,08 thg 5,08 thg 5,11:15,2h 0m,"TP HCM (SGN)
Sân bay Tân Sơn Nhất
Nhà ga 1","Hải Phòng (HPH)
Sân bay quốc tế Cát Bi",Hành lý 0 kg,Hành lý xách tay 7 kg,05-05-2025
Vietnam Airlines,3.146.850 VND/khách,20:30,08 thg 5,08 thg 5,22:30,2h 0m,"TP HCM (SGN)
Sân bay Tân Sơn Nhất","Hải Phòng (HPH)
Sân bay quốc tế Cát Bi",Hành lý 1 x 23 kg,Hành lý xách tay 10 kg,05-05-2025
Vietnam Airlines,3.373.256 VND/khách,13:20,08 thg 5,08 thg 5,15:25,2h 5m,"TP HCM (SGN)
Sân bay Tân Sơn Nhất
Nhà ga 1","Hải Phòng (HPH)
Sân bay quốc tế Cát Bi",Hành lý 1 x 23 kg,Hành lý xách tay 10 kg,05-05-2025
Vietnam Airlines,4.017.553 VND/khách,07:45,08 thg 5,08 thg 5,09:45,2h 0m,"TP HCM (SGN)
Sân bay Tân Sơn Nhất","Hải Phòng (HPH)
Sân bay quốc tế Cát Bi",Hành lý 1 x 23 kg,Hành lý xách tay 10 kg,05-05-2025
VietJet Air,1.395.503 VND/khách,19:35,08 thg 5,08 thg 5,21:35,2h 0m,"TP HCM (SGN)
Sân bay Tân Sơn Nhất
Nhà ga 1","Hải Phòng (HPH)
Sân bay quốc tế Cát Bi",Hành lý 0 kg,Hành lý xách tay 7 kg,06-05-2025
VietJet Air,1.617.703 VND/khách,21:10,08 thg 5,08 thg 5,23:05,1h 55m,"TP HCM (SGN)
Sân bay Tân Sơn Nhất
Nhà ga 1","Hải Phòng (HPH)
Sân bay quốc tế Cát Bi",Hành lý 0 kg,Hành lý xách tay 7 kg,06-05-2025
VietJet Air,1.697.569 VND/khách,04:30,08 thg 5,08 thg 5,06:30,2h 0m,"TP HCM (SGN)
Sân bay Tân Sơn Nhất
Nhà ga 1","Hải Phòng (HPH)
Sân bay quốc tế Cát Bi",Hành lý 0 kg,Hành lý xách tay 7 kg,06-05-2025
VietJet Air,1.753.437 VND/khách,20:10,08 thg 5,08 thg 5,22:10,2h 0m,"TP HCM (SGN)
Sân bay Tân Sơn Nhất
Nhà ga 1","Hải Phòng (HPH)
Sân bay quốc tế Cát Bi",Hành lý 0 kg,Hành lý xách tay 7 kg,06-05-2025
VietJet Air,1.889.171 VND/khách,06:15,08 thg 5,08 thg 5,08:15,2h 0m,"TP HCM (SGN)
Sân bay Tân Sơn Nhất
Nhà ga 1","Hải Phòng (HPH)
Sân bay quốc tế Cát Bi",Hành lý 0 kg,Hành lý xách tay 7 kg,06-05-2025
VietJet Air,1.889.171 VND/khách,14:05,08 thg 5,08 thg 5,16:05,2h 0m,"TP HCM (SGN)
Sân bay Tân Sơn Nhất
Nhà ga 1","Hải Phòng (HPH)
Sân bay quốc tế Cát Bi",Hành lý 0 kg,Hành lý xách tay 7 kg,06-05-2025
VietJet Air,1.889.171 VND/khách,16:10,08 thg 5,08 thg 5,18:10,2h 0m,"TP HCM (SGN)
Sân bay Tân Sơn Nhất
Nhà ga 1","Hải Phòng (HPH)
Sân bay quốc tế Cát Bi",Hành lý 0 kg,Hành lý xách tay 7 kg,06-05-2025
VietJet Air,2.239.816 VND/khách,09:15,08 thg 5,08 thg 5,11:15,2h 0m,"TP HCM (SGN)
Sân bay Tân Sơn Nhất
Nhà ga 1","Hải Phòng (HPH)
Sân bay quốc tế Cát Bi",Hành lý 0 kg,Hành lý xách tay 7 kg,06-05-2025
Vietnam Airlines,3.638.196 VND/khách,13:20,08 thg 5,08 thg 5,15:25,2h 5m,"TP HCM (SGN)
Sân bay Tân Sơn Nhất
Nhà ga 1","Hải Phòng (HPH)
Sân bay quốc tế Cát Bi",Hành lý 1 x 23 kg,Hành lý xách tay 10 kg,06-05-2025
Vietnam Airlines,3.894.102 VND/khách,20:30,08 thg 5,08 thg 5,22:30,2h 0m,"TP HCM (SGN)
Sân bay Tân Sơn Nhất","Hải Phòng (HPH)
Sân bay quốc tế Cát Bi",Hành lý 1 x 23 kg,Hành lý xách tay 10 kg,06-05-2025
VietJet Air,1.727.670 VND/khách,04:30,08 thg 5,08 thg 5,06:30,2h 0m,"TP HCM (SGN)
Sân bay Tân Sơn Nhất
Nhà ga 1","Hải Phòng (HPH)
Sân bay quốc tế Cát Bi",Hành lý 0 kg,Hành lý xách tay 7 kg,07-05-2025
VietJet Air,1.727.670 VND/khách,19:35,08 thg 5,08 thg 5,21:35,2h 0m,"TP HCM (SGN)
Sân bay Tân Sơn Nhất
Nhà ga 1","Hải Phòng (HPH)
Sân bay quốc tế Cát Bi",Hành lý 0 kg,Hành lý xách tay 7 kg,07-05-2025
VietJet Air,1.840.388 VND/khách,06:15,08 thg 5,08 thg 5,08:15,2h 0m,"TP HCM (SGN)
Sân bay Tân Sơn Nhất
Nhà ga 1","Hải Phòng (HPH)
Sân bay quốc tế Cát Bi",Hành lý 0 kg,Hành lý xách tay 7 kg,07-05-2025
VietJet Air,2.184.525 VND/khách,09:15,08 thg 5,08 thg 5,11:15,2h 0m,"TP HCM (SGN)
Sân bay Tân Sơn Nhất
Nhà ga 1","Hải Phòng (HPH)
Sân bay quốc tế Cát Bi",Hành lý 0 kg,Hành lý xách tay 7 kg,07-05-2025
VietJet Air,2.184.525 VND/khách,20:10,08 thg 5,08 thg 5,22:10,2h 0m,"TP HCM (SGN)
Sân bay Tân Sơn Nhất
Nhà ga 1","Hải Phòng (HPH)
Sân bay quốc tế Cát Bi",Hành lý 0 kg,Hành lý xách tay 7 kg,07-05-2025
VietJet Air,3.852.062 VND/khách,14:05,08 thg 5,08 thg 5,16:05,2h 0m,"TP HCM (SGN)
Sân bay Tân Sơn Nhất
Nhà ga 1","Hải Phòng (HPH)
Sân bay quốc tế Cát Bi",Hành lý 0 kg,Hành lý xách tay 7 kg,07-05-2025
Vietnam Airlines,4.017.553 VND/khách,07:45,08 thg 5,08 thg 5,09:45,2h 0m,"TP HCM (SGN)
Sân bay Tân Sơn Nhất","Hải Phòng (HPH)
Sân bay quốc tế Cát Bi",Hành lý 1 x 23 kg,Hành lý xách tay 10 kg,07-05-2025
Vietnam Airlines,4.017.553 VND/khách,13:20,08 thg 5,08 thg 5,15:25,2h 5m,"TP HCM (SGN)
Sân bay Tân Sơn Nhất
Nhà ga 1","Hải Phòng (HPH)
Sân bay quốc tế Cát Bi",Hành lý 1 x 23 kg,Hành lý xách tay 10 kg,07-05-2025
VietJet Air,1.578.045 VND/khách,04:30,08 thg 5,08 thg 5,06:30,2h 0m,"TP HCM (SGN)
Sân bay Tân Sơn Nhất
Nhà ga 1","Hải Phòng (HPH)
Sân bay quốc tế Cát Bi",Hành lý 0 kg,Hành lý xách tay 7 kg,18-04-2025
VietJet Air,1.724.678 VND/khách,21:10,08 thg 5,08 thg 5,23:05,1h 55m,"TP HCM (SGN)
Sân bay Tân Sơn Nhất
Nhà ga 1","Hải Phòng (HPH)
Sân bay quốc tế Cát Bi",Hành lý 0 kg,Hành lý xách tay 7 kg,18-04-2025
VietJet Air,1.724.678 VND/khách,19:15,08 thg 5,08 thg 5,21:15,2h 0m,"TP HCM (SGN)
Sân bay Tân Sơn Nhất
Nhà ga 1","Hải Phòng (HPH)
Sân bay quốc tế Cát Bi",Hành lý 0 kg,Hành lý xách tay 7 kg,18-04-2025
VietJet Air,1.724.678 VND/khách,20:10,08 thg 5,08 thg 5,22:10,2h 0m,"TP HCM (SGN)
Sân bay Tân Sơn Nhất
Nhà ga 1","Hải Phòng (HPH)
Sân bay quốc tế Cát Bi",Hành lý 0 kg,Hành lý xách tay 7 kg,18-04-2025
Vietnam Airlines,1.745.253 VND/khách,17:55,08 thg 5,08 thg 5,19:55,2h 0m,"TP HCM (SGN)
Sân bay Tân Sơn Nhất
Nhà ga 1","Hải Phòng (HPH)
Sân bay quốc tế Cát Bi",Hành lý 1 x 23 kg,Hành lý xách tay 1 x 12 kg,18-04-2025
Vietnam Airlines,1.786.212 VND/khách,13:20,08 thg 5,08 thg 5,15:25,2h 5m,"TP HCM (SGN)
Sân bay Tân Sơn Nhất
Nhà ga 1","Hải Phòng (HPH)
Sân bay quốc tế Cát Bi",Hành lý 1 x 23 kg,Hành lý xách tay 1 x 12 kg,18-04-2025
Vietnam Airlines,1.809.189 VND/khách,20:30,08 thg 5,08 thg 5,22:30,2h 0m,"TP HCM (SGN)
Sân bay Tân Sơn Nhất
Nhà ga 1","Hải Phòng (HPH)
Sân bay quốc tế Cát Bi",Hành lý 1 x 23 kg,Hành lý xách tay 1 x 12 kg,18-04-2025
VietJet Air,1.841.385 VND/khách,06:15,08 thg 5,08 thg 5,08:15,2h 0m,"TP HCM (SGN)
Sân bay Tân Sơn Nhất
Nhà ga 1","Hải Phòng (HPH)
Sân bay quốc tế Cát Bi",Hành lý 0 kg,Hành lý xách tay 7 kg,18-04-2025
VietJet Air,1.841.385 VND/khách,09:15,08 thg 5,08 thg 5,11:15,2h 0m,"TP HCM (SGN)
Sân bay Tân Sơn Nhất
Nhà ga 1","Hải Phòng (HPH)
Sân bay quốc tế Cát Bi",Hành lý 0 kg,Hành lý xách tay 7 kg,18-04-2025
VietJet Air,1.841.385 VND/khách,14:05,08 thg 5,08 thg 5,16:05,2h 0m,"TP HCM (SGN)
Sân bay Tân Sơn Nhất
Nhà ga 1","Hải Phòng (HPH)
Sân bay quốc tế Cát Bi",Hành lý 0 kg,Hành lý xách tay 7 kg,18-04-2025
VietJet Air,1.841.385 VND/khách,16:10,08 thg 5,08 thg 5,18:10,2h 0m,"TP HCM (SGN)
Sân bay Tân Sơn Nhất
Nhà ga 1","Hải Phòng (HPH)
Sân bay quốc tế Cát Bi",Hành lý 0 kg,Hành lý xách tay 7 kg,18-04-2025
VietJet Air,1.606.973 VND/khách,04:30,08 thg 5,08 thg 5,06:30,2h 0m,"TP HCM (SGN)
Sân bay Tân Sơn Nhất
Nhà ga 1","Hải Phòng (HPH)
Sân bay quốc tế Cát Bi",,,19-04-2025
Vietnam Airlines,1.747.251 VND/khách,20:30,08 thg 5,08 thg 5,22:30,2h 0m,"TP HCM (SGN)
Sân bay Tân Sơn Nhất
Nhà ga 3","Hải Phòng (HPH)
Sân bay quốc tế Cát Bi",,,19-04-2025
VietJet Air,1.748.618 VND/khách,21:10,08 thg 5,08 thg 5,23:05,1h 55m,"TP HCM (SGN)
Sân bay Tân Sơn Nhất
Nhà ga 1","Hải Phòng (HPH)
Sân bay quốc tế Cát Bi",,,19-04-2025
VietJet Air,1.748.618 VND/khách,19:15,08 thg 5,08 thg 5,21:15,2h 0m,"TP HCM (SGN)
Sân bay Tân Sơn Nhất
Nhà ga 1","Hải Phòng (HPH)
Sân bay quốc tế Cát Bi",,,19-04-2025
VietJet Air,1.748.618 VND/khách,20:10,08 thg 5,08 thg 5,22:10,2h 0m,"TP HCM (SGN)
Sân bay Tân Sơn Nhất
Nhà ga 1","Hải Phòng (HPH)
Sân bay quốc tế Cát Bi",,,19-04-2025
Vietnam Airlines,1.772.226 VND/khách,13:20,08 thg 5,08 thg 5,15:25,2h 5m,"TP HCM (SGN)
Sân bay Tân Sơn Nhất
Nhà ga 3","Hải Phòng (HPH)
Sân bay quốc tế Cát Bi",,,19-04-2025
VietJet Air,1.866.323 VND/khách,06:15,08 thg 5,08 thg 5,08:15,2h 0m,"TP HCM (SGN)
Sân bay Tân Sơn Nhất
Nhà ga 1","Hải Phòng (HPH)
Sân bay quốc tế Cát Bi",,,19-04-2025
VietJet Air,1.866.323 VND/khách,09:15,08 thg 5,08 thg 5,11:15,2h 0m,"TP HCM (SGN)
Sân bay Tân Sơn Nhất
Nhà ga 1","Hải Phòng (HPH)
Sân bay quốc tế Cát Bi",,,19-04-2025
VietJet Air,1.866.323 VND/khách,14:05,08 thg 5,08 thg 5,16:05,2h 0m,"TP HCM (SGN)
Sân bay Tân Sơn Nhất
Nhà ga 1","Hải Phòng (HPH)
Sân bay quốc tế Cát Bi",,,19-04-2025
VietJet Air,1.866.323 VND/khách,16:10,08 thg 5,08 thg 5,18:10,2h 0m,"TP HCM (SGN)
Sân bay Tân Sơn Nhất
Nhà ga 1","Hải Phòng (HPH)
Sân bay quốc tế Cát Bi",,,19-04-2025
Vietnam Airlines,2.009.988 VND/khách,07:45,08 thg 5,08 thg 5,09:45,2h 0m,"TP HCM (SGN)
Sân bay Tân Sơn Nhất
Nhà ga 3","Hải Phòng (HPH)
Sân bay quốc tế Cát Bi",,,19-04-2025
VietJet Air,1.597.995 VND/khách,04:30,08 thg 5,08 thg 5,06:30,2h 0m,"TP HCM (SGN)
Sân bay Tân Sơn Nhất
Nhà ga 1","Hải Phòng (HPH)
Sân bay quốc tế Cát Bi",Hành lý 0 kg,Hành lý xách tay 7 kg,20-04-2025
VietJet Air,1.742.633 VND/khách,21:10,08 thg 5,08 thg 5,23:05,1h 55m,"TP HCM (SGN)
Sân bay Tân Sơn Nhất
Nhà ga 1","Hải Phòng (HPH)
Sân bay quốc tế Cát Bi",Hành lý 0 kg,Hành lý xách tay 7 kg,20-04-2025
VietJet Air,1.742.633 VND/khách,19:15,08 thg 5,08 thg 5,21:15,2h 0m,"TP HCM (SGN)
Sân bay Tân Sơn Nhất
Nhà ga 1","Hải Phòng (HPH)
Sân bay quốc tế Cát Bi",Hành lý 0 kg,Hành lý xách tay 7 kg,20-04-2025
VietJet Air,1.742.633 VND/khách,20:10,08 thg 5,08 thg 5,22:10,2h 0m,"TP HCM (SGN)
Sân bay Tân Sơn Nhất
Nhà ga 1","Hải Phòng (HPH)
Sân bay quốc tế Cát Bi",Hành lý 0 kg,Hành lý xách tay 7 kg,20-04-2025
Vietnam Airlines,1.749.249 VND/khách,20:30,08 thg 5,08 thg 5,22:30,2h 0m,"TP HCM (SGN)
Sân bay Tân Sơn Nhất","Hải Phòng (HPH)
Sân bay quốc tế Cát Bi",Hành lý 1 x 23 kg,Hành lý xách tay 1 x 12 kg,20-04-2025
Vietnam Airlines,1.767.231 VND/khách,13:20,08 thg 5,08 thg 5,15:25,2h 5m,"TP HCM (SGN)
Sân bay Tân Sơn Nhất","Hải Phòng (HPH)
Sân bay quốc tế Cát Bi",Hành lý 1 x 23 kg,Hành lý xách tay 1 x 12 kg,20-04-2025
VietJet Air,1.857.345 VND/khách,06:15,08 thg 5,08 thg 5,08:15,2h 0m,"TP HCM (SGN)
Sân bay Tân Sơn Nhất
Nhà ga 1","Hải Phòng (HPH)
Sân bay quốc tế Cát Bi",Hành lý 0 kg,Hành lý xách tay 7 kg,20-04-2025
VietJet Air,1.857.345 VND/khách,09:15,08 thg 5,08 thg 5,11:15,2h 0m,"TP HCM (SGN)
Sân bay Tân Sơn Nhất
Nhà ga 1","Hải Phòng (HPH)
Sân bay quốc tế Cát Bi",Hành lý 0 kg,Hành lý xách tay 7 kg,20-04-2025
VietJet Air,1.857.345 VND/khách,14:05,08 thg 5,08 thg 5,16:05,2h 0m,"TP HCM (SGN)
Sân bay Tân Sơn Nhất
Nhà ga 1","Hải Phòng (HPH)
Sân bay quốc tế Cát Bi",Hành lý 0 kg,Hành lý xách tay 7 kg,20-04-2025
VietJet Air,1.857.345 VND/khách,16:10,08 thg 5,08 thg 5,18:10,2h 0m,"TP HCM (SGN)
Sân bay Tân Sơn Nhất
Nhà ga 1","Hải Phòng (HPH)
Sân bay quốc tế Cát Bi",Hành lý 0 kg,Hành lý xách tay 7 kg,20-04-2025
Vietnam Airlines,2.000.997 VND/khách,17:55,08 thg 5,08 thg 5,19:55,2h 0m,"TP HCM (SGN)
Sân bay Tân Sơn Nhất","Hải Phòng (HPH)
Sân bay quốc tế Cát Bi",Hành lý 1 x 23 kg,Hành lý xách tay 1 x 12 kg,20-04-2025
VietJet Air,1.607.970 VND/khách,04:30,08 thg 5,08 thg 5,06:30,2h 0m,"TP HCM (SGN)
Sân bay Tân Sơn Nhất
Nhà ga 1","Hải Phòng (HPH)
Sân bay quốc tế Cát Bi",Hành lý 0 kg,Hành lý xách tay 7 kg,21-04-2025
VietJet Air,1.741.635 VND/khách,21:10,08 thg 5,08 thg 5,23:05,1h 55m,"TP HCM (SGN)
Sân bay Tân Sơn Nhất
Nhà ga 1","Hải Phòng (HPH)
Sân bay quốc tế Cát Bi",Hành lý 0 kg,Hành lý xách tay 7 kg,21-04-2025
VietJet Air,1.741.635 VND/khách,19:15,08 thg 5,08 thg 5,21:15,2h 0m,"TP HCM (SGN)
Sân bay Tân Sơn Nhất
Nhà ga 1","Hải Phòng (HPH)
Sân bay quốc tế Cát Bi",Hành lý 0 kg,Hành lý xách tay 7 kg,21-04-2025
VietJet Air,1.741.635 VND/khách,20:10,08 thg 5,08 thg 5,22:10,2h 0m,"TP HCM (SGN)
Sân bay Tân Sơn Nhất
Nhà ga 1","Hải Phòng (HPH)
Sân bay quốc tế Cát Bi",Hành lý 0 kg,Hành lý xách tay 7 kg,21-04-2025
Vietnam Airlines,1.752.246 VND/khách,20:30,08 thg 5,08 thg 5,22:30,2h 0m,"TP HCM (SGN)
Sân bay Tân Sơn Nhất","Hải Phòng (HPH)
Sân bay quốc tế Cát Bi",Hành lý 1 x 23 kg,Hành lý xách tay 1 x 12 kg,21-04-2025
Vietnam Airlines,1.770.228 VND/khách,13:20,08 thg 5,08 thg 5,15:25,2h 5m,"TP HCM (SGN)
Sân bay Tân Sơn Nhất","Hải Phòng (HPH)
Sân bay quốc tế Cát Bi",Hành lý 1 x 23 kg,Hành lý xách tay 1 x 12 kg,21-04-2025
VietJet Air,1.868.318 VND/khách,06:15,08 thg 5,08 thg 5,08:15,2h 0m,"TP HCM (SGN)
Sân bay Tân Sơn Nhất
Nhà ga 1","Hải Phòng (HPH)
Sân bay quốc tế Cát Bi",Hành lý 0 kg,Hành lý xách tay 7 kg,21-04-2025
VietJet Air,1.868.318 VND/khách,09:15,08 thg 5,08 thg 5,11:15,2h 0m,"TP HCM (SGN)
Sân bay Tân Sơn Nhất
Nhà ga 1","Hải Phòng (HPH)
Sân bay quốc tế Cát Bi",Hành lý 0 kg,Hành lý xách tay 7 kg,21-04-2025
VietJet Air,1.868.318 VND/khách,14:05,08 thg 5,08 thg 5,16:05,2h 0m,"TP HCM (SGN)
Sân bay Tân Sơn Nhất
Nhà ga 1","Hải Phòng (HPH)
Sân bay quốc tế Cát Bi",Hành lý 0 kg,Hành lý xách tay 7 kg,21-04-2025
VietJet Air,1.868.318 VND/khách,16:10,08 thg 5,08 thg 5,18:10,2h 0m,"TP HCM (SGN)
Sân bay Tân Sơn Nhất
Nhà ga 1","Hải Phòng (HPH)
Sân bay quốc tế Cát Bi",Hành lý 0 kg,Hành lý xách tay 7 kg,21-04-2025
Vietnam Airlines,2.000.997 VND/khách,17:55,08 thg 5,08 thg 5,19:55,2h 0m,"TP HCM (SGN)
Sân bay Tân Sơn Nhất","Hải Phòng (HPH)
Sân bay quốc tế Cát Bi",Hành lý 1 x 23 kg,Hành lý xách tay 1 x 12 kg,21-04-2025
VietJet Air,1.608.968 VND/khách,04:30,08 thg 5,08 thg 5,06:30,2h 0m,"TP HCM (SGN)
Sân bay Tân Sơn Nhất
Nhà ga 1","Hải Phòng (HPH)
Sân bay quốc tế Cát Bi",Hành lý 0 kg,Hành lý xách tay 7 kg,22-04-2025
VietJet Air,1.753.605 VND/khách,21:10,08 thg 5,08 thg 5,23:05,1h 55m,"TP HCM (SGN)
Sân bay Tân Sơn Nhất
Nhà ga 1","Hải Phòng (HPH)
Sân bay quốc tế Cát Bi",Hành lý 0 kg,Hành lý xách tay 7 kg,22-04-2025
VietJet Air,1.753.605 VND/khách,20:10,08 thg 5,08 thg 5,22:10,2h 0m,"TP HCM (SGN)
Sân bay Tân Sơn Nhất
Nhà ga 1","Hải Phòng (HPH)
Sân bay quốc tế Cát Bi",Hành lý 0 kg,Hành lý xách tay 7 kg,22-04-2025
VietJet Air,1.868.318 VND/khách,09:15,08 thg 5,08 thg 5,11:15,2h 0m,"TP HCM (SGN)
Sân bay Tân Sơn Nhất
Nhà ga 1","Hải Phòng (HPH)
Sân bay quốc tế Cát Bi",Hành lý 0 kg,Hành lý xách tay 7 kg,22-04-2025
VietJet Air,1.868.318 VND/khách,14:05,08 thg 5,08 thg 5,16:05,2h 0m,"TP HCM (SGN)
Sân bay Tân Sơn Nhất
Nhà ga 1","Hải Phòng (HPH)
Sân bay quốc tế Cát Bi",Hành lý 0 kg,Hành lý xách tay 7 kg,22-04-2025
VietJet Air,1.868.318 VND/khách,16:10,08 thg 5,08 thg 5,18:10,2h 0m,"TP HCM (SGN)
Sân bay Tân Sơn Nhất
Nhà ga 1","Hải Phòng (HPH)
Sân bay quốc tế Cát Bi",Hành lý 0 kg,Hành lý xách tay 7 kg,22-04-2025
VietJet Air,1.868.318 VND/khách,19:15,08 thg 5,08 thg 5,21:15,2h 0m,"TP HCM (SGN)
Sân bay Tân Sơn Nhất
Nhà ga 1","Hải Phòng (HPH)
Sân bay quốc tế Cát Bi",Hành lý 0 kg,Hành lý xách tay 7 kg,22-04-2025
Vietnam Airlines,1.987.011 VND/khách,20:30,08 thg 5,08 thg 5,22:30,2h 0m,"TP HCM (SGN)
Sân bay Tân Sơn Nhất","Hải Phòng (HPH)
Sân bay quốc tế Cát Bi",Hành lý 23 kg,Hành lý xách tay 1 x 12 kg,22-04-2025
Vietnam Airlines,1.987.011 VND/khách,13:20,08 thg 5,08 thg 5,15:25,2h 5m,"TP HCM (SGN)
Sân bay Tân Sơn Nhất
Nhà ga 1","Hải Phòng (HPH)
Sân bay quốc tế Cát Bi",Hành lý 23 kg,Hành lý xách tay 1 x 12 kg,22-04-2025
Vietnam Airlines,1.990.008 VND/khách,17:55,08 thg 5,08 thg 5,19:55,2h 0m,"TP HCM (SGN)
Sân bay Tân Sơn Nhất","Hải Phòng (HPH)
Sân bay quốc tế Cát Bi",Hành lý 23 kg,Hành lý xách tay 1 x 12 kg,22-04-2025
Vietnam Airlines,2.015.982 VND/khách,07:45,08 thg 5,08 thg 5,09:45,2h 0m,"TP HCM (SGN)
Sân bay Tân Sơn Nhất","Hải Phòng (HPH)
Sân bay quốc tế Cát Bi",Hành lý 23 kg,Hành lý xách tay 1 x 12 kg,22-04-2025
VietJet Air,3.764.565 VND/khách,06:15,08 thg 5,08 thg 5,08:15,2h 0m,"TP HCM (SGN)
Sân bay Tân Sơn Nhất
Nhà ga 1","Hải Phòng (HPH)
Sân bay quốc tế Cát Bi",Hành lý 0 kg,Hành lý xách tay 7 kg,22-04-2025
VietJet Air,1.612.958 VND/khách,04:30,08 thg 5,08 thg 5,06:30,2h 0m,"TP HCM (SGN)
Sân bay Tân Sơn Nhất
Nhà ga 1","Hải Phòng (HPH)
Sân bay quốc tế Cát Bi",,,23-04-2025
VietJet Air,1.746.623 VND/khách,21:10,08 thg 5,08 thg 5,23:05,1h 55m,"TP HCM (SGN)
Sân bay Tân Sơn Nhất
Nhà ga 1","Hải Phòng (HPH)
Sân bay quốc tế Cát Bi",,,23-04-2025
VietJet Air,1.746.623 VND/khách,20:10,08 thg 5,08 thg 5,22:10,2h 0m,"TP HCM (SGN)
Sân bay Tân Sơn Nhất
Nhà ga 1","Hải Phòng (HPH)
Sân bay quốc tế Cát Bi",,,23-04-2025
VietJet Air,1.873.305 VND/khách,09:15,08 thg 5,08 thg 5,11:15,2h 0m,"TP HCM (SGN)
Sân bay Tân Sơn Nhất
Nhà ga 1","Hải Phòng (HPH)
Sân bay quốc tế Cát Bi",,,23-04-2025
VietJet Air,1.873.305 VND/khách,14:05,08 thg 5,08 thg 5,16:05,2h 0m,"TP HCM (SGN)
Sân bay Tân Sơn Nhất
Nhà ga 1","Hải Phòng (HPH)
Sân bay quốc tế Cát Bi",,,23-04-2025
VietJet Air,1.873.305 VND/khách,16:10,08 thg 5,08 thg 5,18:10,2h 0m,"TP HCM (SGN)
Sân bay Tân Sơn Nhất
Nhà ga 1","Hải Phòng (HPH)
Sân bay quốc tế Cát Bi",,,23-04-2025
VietJet Air,1.873.305 VND/khách,19:15,08 thg 5,08 thg 5,21:15,2h 0m,"TP HCM (SGN)
Sân bay Tân Sơn Nhất
Nhà ga 1","Hải Phòng (HPH)
Sân bay quốc tế Cát Bi",,,23-04-2025
VietJet Air,1.875.300 VND/khách,06:15,08 thg 5,08 thg 5,08:15,2h 0m,"TP HCM (SGN)
Sân bay Tân Sơn Nhất
Nhà ga 1","Hải Phòng (HPH)
Sân bay quốc tế Cát Bi",,,23-04-2025
Vietnam Airlines,1.988.010 VND/khách,17:55,08 thg 5,08 thg 5,19:55,2h 0m,"TP HCM (SGN)
Sân bay Tân Sơn Nhất
Nhà ga 3","Hải Phòng (HPH)
Sân bay quốc tế Cát Bi",,,23-04-2025
Vietnam Airlines,1.992.006 VND/khách,20:30,08 thg 5,08 thg 5,22:30,2h 0m,"TP HCM (SGN)
Sân bay Tân Sơn Nhất
Nhà ga 3","Hải Phòng (HPH)
Sân bay quốc tế Cát Bi",,,23-04-2025
Vietnam Airlines,2.017.980 VND/khách,07:45,08 thg 5,08 thg 5,09:45,2h 0m,"TP HCM (SGN)
Sân bay Tân Sơn Nhất
Nhà ga 3","Hải Phòng (HPH)
Sân bay quốc tế Cát Bi",,,23-04-2025
Vietnam Airlines,2.017.980 VND/khách,13:20,08 thg 5,08 thg 5,15:25,2h 5m,"TP HCM (SGN)
Sân bay Tân Sơn Nhất
Nhà ga 1","Hải Phòng (HPH)
Sân bay quốc tế Cát Bi",,,23-04-2025
VietJet Air,1.612.958 VND/khách,04:30,08 thg 5,08 thg 5,06:30,2h 0m,"TP HCM (SGN)
Sân bay Tân Sơn Nhất
Nhà ga 1","Hải Phòng (HPH)
Sân bay quốc tế Cát Bi",,,24-04-2025
VietJet Air,1.758.593 VND/khách,21:10,08 thg 5,08 thg 5,23:05,1h 55m,"TP HCM (SGN)
Sân bay Tân Sơn Nhất
Nhà ga 1","Hải Phòng (HPH)
Sân bay quốc tế Cát Bi",,,24-04-2025
VietJet Air,1.758.593 VND/khách,20:10,08 thg 5,08 thg 5,22:10,2h 0m,"TP HCM (SGN)
Sân bay Tân Sơn Nhất
Nhà ga 1","Hải Phòng (HPH)
Sân bay quốc tế Cát Bi",,,24-04-2025
VietJet Air,1.874.303 VND/khách,06:15,08 thg 5,08 thg 5,08:15,2h 0m,"TP HCM (SGN)
Sân bay Tân Sơn Nhất
Nhà ga 1","Hải Phòng (HPH)
Sân bay quốc tế Cát Bi",,,24-04-2025
VietJet Air,1.874.303 VND/khách,09:15,08 thg 5,08 thg 5,11:15,2h 0m,"TP HCM (SGN)
Sân bay Tân Sơn Nhất
Nhà ga 1","Hải Phòng (HPH)
Sân bay quốc tế Cát Bi",,,24-04-2025
VietJet Air,1.874.303 VND/khách,14:05,08 thg 5,08 thg 5,16:05,2h 0m,"TP HCM (SGN)
Sân bay Tân Sơn Nhất
Nhà ga 1","Hải Phòng (HPH)
Sân bay quốc tế Cát Bi",,,24-04-2025
VietJet Air,1.874.303 VND/khách,16:10,08 thg 5,08 thg 5,18:10,2h 0m,"TP HCM (SGN)
Sân bay Tân Sơn Nhất
Nhà ga 1","Hải Phòng (HPH)
Sân bay quốc tế Cát Bi",,,24-04-2025
VietJet Air,1.874.303 VND/khách,19:15,08 thg 5,08 thg 5,21:15,2h 0m,"TP HCM (SGN)
Sân bay Tân Sơn Nhất
Nhà ga 1","Hải Phòng (HPH)
Sân bay quốc tế Cát Bi",,,24-04-2025
Vietnam Airlines,1.996.002 VND/khách,13:20,08 thg 5,08 thg 5,15:25,2h 5m,"TP HCM (SGN)
Sân bay Tân Sơn Nhất
Nhà ga 1","Hải Phòng (HPH)
Sân bay quốc tế Cát Bi",,,24-04-2025
Vietnam Airlines,2.009.769 VND/khách,20:30,08 thg 5,08 thg 5,22:30,2h 0m,"TP HCM (SGN)
Sân bay Tân Sơn Nhất
Nhà ga T3","Hải Phòng (HPH)
Sân bay quốc tế Cát Bi",,,24-04-2025
Vietnam Airlines,2.253.744 VND/khách,07:45,08 thg 5,08 thg 5,09:45,2h 0m,"TP HCM (SGN)
Sân bay Tân Sơn Nhất
Nhà ga T3","Hải Phòng (HPH)
Sân bay quốc tế Cát Bi",,,24-04-2025
Vietnam Airlines,2.253.744 VND/khách,17:55,08 thg 5,08 thg 5,19:55,2h 0m,"TP HCM (SGN)
Sân bay Tân Sơn Nhất
Nhà ga T3","Hải Phòng (HPH)
Sân bay quốc tế Cát Bi",,,24-04-2025
VietJet Air,1.599.990 VND/khách,04:30,08 thg 5,08 thg 5,06:30,2h 0m,"TP HCM (SGN)
Sân bay Tân Sơn Nhất
Nhà ga 1","Hải Phòng (HPH)
Sân bay quốc tế Cát Bi",Hành lý 0 kg,Hành lý xách tay 7 kg,25-04-2025
VietJet Air,1.745.625 VND/khách,21:10,08 thg 5,08 thg 5,23:05,1h 55m,"TP HCM (SGN)
Sân bay Tân Sơn Nhất
Nhà ga 1","Hải Phòng (HPH)
Sân bay quốc tế Cát Bi",Hành lý 0 kg,Hành lý xách tay 7 kg,25-04-2025
VietJet Air,1.745.625 VND/khách,20:10,08 thg 5,08 thg 5,22:10,2h 0m,"TP HCM (SGN)
Sân bay Tân Sơn Nhất
Nhà ga 1","Hải Phòng (HPH)
Sân bay quốc tế Cát Bi",Hành lý 0 kg,Hành lý xách tay 7 kg,25-04-2025
VietJet Air,1.858.343 VND/khách,06:15,08 thg 5,08 thg 5,08:15,2h 0m,"TP HCM (SGN)
Sân bay Tân Sơn Nhất
Nhà ga 1","Hải Phòng (HPH)
Sân bay quốc tế Cát Bi",Hành lý 0 kg,Hành lý xách tay 7 kg,25-04-2025
VietJet Air,1.858.343 VND/khách,09:15,08 thg 5,08 thg 5,11:15,2h 0m,"TP HCM (SGN)
Sân bay Tân Sơn Nhất
Nhà ga 1","Hải Phòng (HPH)
Sân bay quốc tế Cát Bi",Hành lý 0 kg,Hành lý xách tay 7 kg,25-04-2025
VietJet Air,1.858.343 VND/khách,14:05,08 thg 5,08 thg 5,16:05,2h 0m,"TP HCM (SGN)
Sân bay Tân Sơn Nhất
Nhà ga 1","Hải Phòng (HPH)
Sân bay quốc tế Cát Bi",Hành lý 0 kg,Hành lý xách tay 7 kg,25-04-2025
VietJet Air,1.858.343 VND/khách,16:10,08 thg 5,08 thg 5,18:10,2h 0m,"TP HCM (SGN)
Sân bay Tân Sơn Nhất
Nhà ga 1","Hải Phòng (HPH)
Sân bay quốc tế Cát Bi",Hành lý 0 kg,Hành lý xách tay 7 kg,25-04-2025
VietJet Air,1.858.343 VND/khách,19:15,08 thg 5,08 thg 5,21:15,2h 0m,"TP HCM (SGN)
Sân bay Tân Sơn Nhất
Nhà ga 1","Hải Phòng (HPH)
Sân bay quốc tế Cát Bi",Hành lý 0 kg,Hành lý xách tay 7 kg,25-04-2025
Vietnam Airlines,1.991.007 VND/khách,17:55,08 thg 5,08 thg 5,19:55,2h 0m,"TP HCM (SGN)
Sân bay Tân Sơn Nhất
Nhà ga T3","Hải Phòng (HPH)
Sân bay quốc tế Cát Bi",Hành lý 1 x 23 kg,Hành lý xách tay 1 x 12 kg,25-04-2025
Vietnam Airlines,1.998.999 VND/khách,13:20,08 thg 5,08 thg 5,15:25,2h 5m,"TP HCM (SGN)
Sân bay Tân Sơn Nhất
Nhà ga 1","Hải Phòng (HPH)
Sân bay quốc tế Cát Bi",Hành lý 1 x 23 kg,Hành lý xách tay 1 x 12 kg,25-04-2025
Vietnam Airlines,2.035.962 VND/khách,20:30,08 thg 5,08 thg 5,22:30,2h 0m,"TP HCM (SGN)
Sân bay Tân Sơn Nhất
Nhà ga T3","Hải Phòng (HPH)
Sân bay quốc tế Cát Bi",Hành lý 1 x 23 kg,Hành lý xách tay 1 x 12 kg,25-04-2025
Vietnam Airlines,2.234.812 VND/khách,07:45,08 thg 5,08 thg 5,09:45,2h 0m,"TP HCM (SGN)
Sân bay Tân Sơn Nhất
Nhà ga T3","Hải Phòng (HPH)
Sân bay quốc tế Cát Bi",Hành lý 1 x 23 kg,Hành lý xách tay 1 x 12 kg,25-04-2025
VietJet Air,1.585.028 VND/khách,04:30,08 thg 5,08 thg 5,06:30,2h 0m,"TP HCM (SGN)
Sân bay Tân Sơn Nhất
Nhà ga 1","Hải Phòng (HPH)
Sân bay quốc tế Cát Bi",Hành lý 0 kg,Hành lý xách tay 7 kg,26-04-2025
VietJet Air,1.730.663 VND/khách,21:10,08 thg 5,08 thg 5,23:05,1h 55m,"TP HCM (SGN)
Sân bay Tân Sơn Nhất
Nhà ga 1","Hải Phòng (HPH)
Sân bay quốc tế Cát Bi",Hành lý 0 kg,Hành lý xách tay 7 kg,26-04-2025
VietJet Air,1.730.663 VND/khách,20:10,08 thg 5,08 thg 5,22:10,2h 0m,"TP HCM (SGN)
Sân bay Tân Sơn Nhất
Nhà ga 1","Hải Phòng (HPH)
Sân bay quốc tế Cát Bi",Hành lý 0 kg,Hành lý xách tay 7 kg,26-04-2025
VietJet Air,1.846.373 VND/khách,06:15,08 thg 5,08 thg 5,08:15,2h 0m,"TP HCM (SGN)
Sân bay Tân Sơn Nhất
Nhà ga 1","Hải Phòng (HPH)
Sân bay quốc tế Cát Bi",Hành lý 0 kg,Hành lý xách tay 7 kg,26-04-2025
VietJet Air,1.846.373 VND/khách,09:15,08 thg 5,08 thg 5,11:15,2h 0m,"TP HCM (SGN)
Sân bay Tân Sơn Nhất
Nhà ga 1","Hải Phòng (HPH)
Sân bay quốc tế Cát Bi",Hành lý 0 kg,Hành lý xách tay 7 kg,26-04-2025
VietJet Air,1.846.373 VND/khách,14:05,08 thg 5,08 thg 5,16:05,2h 0m,"TP HCM (SGN)
Sân bay Tân Sơn Nhất
Nhà ga 1","Hải Phòng (HPH)
Sân bay quốc tế Cát Bi",Hành lý 0 kg,Hành lý xách tay 7 kg,26-04-2025
VietJet Air,1.846.373 VND/khách,16:10,08 thg 5,08 thg 5,18:10,2h 0m,"TP HCM (SGN)
Sân bay Tân Sơn Nhất
Nhà ga 1","Hải Phòng (HPH)
Sân bay quốc tế Cát Bi",Hành lý 0 kg,Hành lý xách tay 7 kg,26-04-2025
VietJet Air,1.846.373 VND/khách,19:35,08 thg 5,08 thg 5,21:35,2h 0m,"TP HCM (SGN)
Sân bay Tân Sơn Nhất
Nhà ga 1","Hải Phòng (HPH)
Sân bay quốc tế Cát Bi",Hành lý 0 kg,Hành lý xách tay 7 kg,26-04-2025
Vietnam Airlines,1.968.030 VND/khách,13:20,08 thg 5,08 thg 5,15:25,2h 5m,"TP HCM (SGN)
Sân bay Tân Sơn Nhất
Nhà ga 1","Hải Phòng (HPH)
Sân bay quốc tế Cát Bi",Hành lý 1 x 23 kg,Hành lý xách tay 1 x 12 kg,26-04-2025
Vietnam Airlines,2.180.817 VND/khách,07:45,08 thg 5,08 thg 5,09:45,2h 0m,"TP HCM (SGN)
Sân bay Tân Sơn Nhất
Nhà ga T3","Hải Phòng (HPH)
Sân bay quốc tế Cát Bi",Hành lý 1 x 23 kg,Hành lý xách tay 1 x 12 kg,26-04-2025
Vietnam Airlines,2.180.817 VND/khách,17:55,08 thg 5,08 thg 5,19:55,2h 0m,"TP HCM (SGN)
Sân bay Tân Sơn Nhất
Nhà ga T3","Hải Phòng (HPH)
Sân bay quốc tế Cát Bi",Hành lý 1 x 23 kg,Hành lý xách tay 1 x 12 kg,26-04-2025
Vietnam Airlines,2.180.817 VND/khách,20:30,08 thg 5,08 thg 5,22:30,2h 0m,"TP HCM (SGN)
Sân bay Tân Sơn Nhất
Nhà ga T3","Hải Phòng (HPH)
Sân bay quốc tế Cát Bi",Hành lý 1 x 23 kg,Hành lý xách tay 1 x 12 kg,26-04-2025
VietJet Air,1.578.045 VND/khách,04:30,08 thg 5,08 thg 5,06:30,2h 0m,"TP HCM (SGN)
Sân bay Tân Sơn Nhất
Nhà ga 1","Hải Phòng (HPH)
Sân bay quốc tế Cát Bi",Hành lý 0 kg,Hành lý xách tay 7 kg,27-04-2025
VietJet Air,1.723.680 VND/khách,21:10,08 thg 5,08 thg 5,23:05,1h 55m,"TP HCM (SGN)
Sân bay Tân Sơn Nhất
Nhà ga 1","Hải Phòng (HPH)
Sân bay quốc tế Cát Bi",Hành lý 0 kg,Hành lý xách tay 7 kg,27-04-2025
VietJet Air,1.723.680 VND/khách,20:10,08 thg 5,08 thg 5,22:10,2h 0m,"TP HCM (SGN)
Sân bay Tân Sơn Nhất
Nhà ga 1","Hải Phòng (HPH)
Sân bay quốc tế Cát Bi",Hành lý 0 kg,Hành lý xách tay 7 kg,27-04-2025
VietJet Air,1.838.393 VND/khách,06:15,08 thg 5,08 thg 5,08:15,2h 0m,"TP HCM (SGN)
Sân bay Tân Sơn Nhất
Nhà ga 1","Hải Phòng (HPH)
Sân bay quốc tế Cát Bi",Hành lý 0 kg,Hành lý xách tay 7 kg,27-04-2025
VietJet Air,1.838.393 VND/khách,09:15,08 thg 5,08 thg 5,11:15,2h 0m,"TP HCM (SGN)
Sân bay Tân Sơn Nhất
Nhà ga 1","Hải Phòng (HPH)
Sân bay quốc tế Cát Bi",Hành lý 0 kg,Hành lý xách tay 7 kg,27-04-2025
VietJet Air,1.838.393 VND/khách,14:05,08 thg 5,08 thg 5,16:05,2h 0m,"TP HCM (SGN)
Sân bay Tân Sơn Nhất
Nhà ga 1","Hải Phòng (HPH)
Sân bay quốc tế Cát Bi",Hành lý 0 kg,Hành lý xách tay 7 kg,27-04-2025
VietJet Air,1.838.393 VND/khách,16:10,08 thg 5,08 thg 5,18:10,2h 0m,"TP HCM (SGN)
Sân bay Tân Sơn Nhất
Nhà ga 1","Hải Phòng (HPH)
Sân bay quốc tế Cát Bi",Hành lý 0 kg,Hành lý xách tay 7 kg,27-04-2025
VietJet Air,1.838.393 VND/khách,19:35,08 thg 5,08 thg 5,21:35,2h 0m,"TP HCM (SGN)
Sân bay Tân Sơn Nhất
Nhà ga 1","Hải Phòng (HPH)
Sân bay quốc tế Cát Bi",Hành lý 0 kg,Hành lý xách tay 7 kg,27-04-2025
Vietnam Airlines,1.956.042 VND/khách,13:20,08 thg 5,08 thg 5,15:25,2h 5m,"TP HCM (SGN)
Sân bay Tân Sơn Nhất
Nhà ga 1","Hải Phòng (HPH)
Sân bay quốc tế Cát Bi",Hành lý 1 x 23 kg,Hành lý xách tay 1 x 12 kg,27-04-2025
Vietnam Airlines,2.235.163 VND/khách,17:55,08 thg 5,08 thg 5,19:55,2h 0m,"TP HCM (SGN)
Sân bay Tân Sơn Nhất","Hải Phòng (HPH)
Sân bay quốc tế Cát Bi",Hành lý 1 x 23 kg,Hành lý xách tay 1 x 12 kg,27-04-2025
Vietnam Airlines,2.235.163 VND/khách,20:30,08 thg 5,08 thg 5,22:30,2h 0m,"TP HCM (SGN)
Sân bay Tân Sơn Nhất","Hải Phòng (HPH)
Sân bay quốc tế Cát Bi",Hành lý 1 x 23 kg,Hành lý xách tay 1 x 12 kg,27-04-2025
Vietnam Airlines,2.392.605 VND/khách,07:45,08 thg 5,08 thg 5,09:45,2h 0m,"TP HCM (SGN)
Sân bay Tân Sơn Nhất","Hải Phòng (HPH)
Sân bay quốc tế Cát Bi",Hành lý 1 x 23 kg,Hành lý xách tay 1 x 12 kg,27-04-2025
VietJet Air,1.385.528 VND/khách,21:10,08 thg 5,08 thg 5,23:05,1h 55m,"TP HCM (SGN)
Sân bay Tân Sơn Nhất
Nhà ga 1","Hải Phòng (HPH)
Sân bay quốc tế Cát Bi",Hành lý 0 kg,Hành lý xách tay 7 kg,28-04-2025
VietJet Air,1.385.528 VND/khách,20:10,08 thg 5,08 thg 5,22:10,2h 0m,"TP HCM (SGN)
Sân bay Tân Sơn Nhất
Nhà ga 1","Hải Phòng (HPH)
Sân bay quốc tế Cát Bi",Hành lý 0 kg,Hành lý xách tay 7 kg,28-04-2025
VietJet Air,1.575.053 VND/khách,04:30,08 thg 5,08 thg 5,06:30,2h 0m,"TP HCM (SGN)
Sân bay Tân Sơn Nhất
Nhà ga 1","Hải Phòng (HPH)
Sân bay quốc tế Cát Bi",Hành lý 0 kg,Hành lý xách tay 7 kg,28-04-2025
VietJet Air,1.834.403 VND/khách,06:15,08 thg 5,08 thg 5,08:15,2h 0m,"TP HCM (SGN)
Sân bay Tân Sơn Nhất
Nhà ga 1","Hải Phòng (HPH)
Sân bay quốc tế Cát Bi",Hành lý 0 kg,Hành lý xách tay 7 kg,28-04-2025
VietJet Air,1.834.403 VND/khách,09:15,08 thg 5,08 thg 5,11:15,2h 0m,"TP HCM (SGN)
Sân bay Tân Sơn Nhất
Nhà ga 1","Hải Phòng (HPH)
Sân bay quốc tế Cát Bi",Hành lý 0 kg,Hành lý xách tay 7 kg,28-04-2025
VietJet Air,1.834.403 VND/khách,14:05,08 thg 5,08 thg 5,16:05,2h 0m,"TP HCM (SGN)
Sân bay Tân Sơn Nhất
Nhà ga 1","Hải Phòng (HPH)
Sân bay quốc tế Cát Bi",Hành lý 0 kg,Hành lý xách tay 7 kg,28-04-2025
VietJet Air,1.834.403 VND/khách,16:10,08 thg 5,08 thg 5,18:10,2h 0m,"TP HCM (SGN)
Sân bay Tân Sơn Nhất
Nhà ga 1","Hải Phòng (HPH)
Sân bay quốc tế Cát Bi",Hành lý 0 kg,Hành lý xách tay 7 kg,28-04-2025
VietJet Air,1.834.403 VND/khách,19:35,08 thg 5,08 thg 5,21:35,2h 0m,"TP HCM (SGN)
Sân bay Tân Sơn Nhất
Nhà ga 1","Hải Phòng (HPH)
Sân bay quốc tế Cát Bi",Hành lý 0 kg,Hành lý xách tay 7 kg,28-04-2025
Vietnam Airlines,2.245.752 VND/khách,13:20,08 thg 5,08 thg 5,15:25,2h 5m,"TP HCM (SGN)
Sân bay Tân Sơn Nhất
Nhà ga 1","Hải Phòng (HPH)
Sân bay quốc tế Cát Bi",Hành lý 1 x 23 kg,Hành lý xách tay 1 x 12 kg,28-04-2025
Vietnam Airlines,2.449.548 VND/khách,20:30,08 thg 5,08 thg 5,22:30,2h 0m,"TP HCM (SGN)
Sân bay Tân Sơn Nhất","Hải Phòng (HPH)
Sân bay quốc tế Cát Bi",Hành lý 1 x 23 kg,Hành lý xách tay 1 x 12 kg,28-04-2025
Vietnam Airlines,2.459.147 VND/khách,17:55,08 thg 5,08 thg 5,19:55,2h 0m,"TP HCM (SGN)
Sân bay Tân Sơn Nhất","Hải Phòng (HPH)
Sân bay quốc tế Cát Bi",Hành lý 1 x 23 kg,Hành lý xách tay 1 x 12 kg,28-04-2025
Vietnam Airlines,2.917.080 VND/khách,07:45,08 thg 5,08 thg 5,09:45,2h 0m,"TP HCM (SGN)
Sân bay Tân Sơn Nhất","Hải Phòng (HPH)
Sân bay quốc tế Cát Bi",Hành lý 1 x 23 kg,Hành lý xách tay 1 x 12 kg,28-04-2025
VietJet Air,1.380.540 VND/khách,21:10,08 thg 5,08 thg 5,23:05,1h 55m,"TP HCM (SGN)
Sân bay Tân Sơn Nhất
Nhà ga 1","Hải Phòng (HPH)
Sân bay quốc tế Cát Bi",Hành lý 0 kg,Hành lý xách tay 7 kg,29-04-2025
VietJet Air,1.380.540 VND/khách,20:10,08 thg 5,08 thg 5,22:10,2h 0m,"TP HCM (SGN)
Sân bay Tân Sơn Nhất
Nhà ga 1","Hải Phòng (HPH)
Sân bay quốc tế Cát Bi",Hành lý 0 kg,Hành lý xách tay 7 kg,29-04-2025
VietJet Air,1.618.243 VND/khách,04:30,08 thg 5,08 thg 5,06:30,2h 0m,"TP HCM (SGN)
Sân bay Tân Sơn Nhất
Nhà ga 1","Hải Phòng (HPH)
Sân bay quốc tế Cát Bi",Hành lý 0 kg,Hành lý xách tay 7 kg,29-04-2025
VietJet Air,1.889.802 VND/khách,06:15,08 thg 5,08 thg 5,08:15,2h 0m,"TP HCM (SGN)
Sân bay Tân Sơn Nhất
Nhà ga 1","Hải Phòng (HPH)
Sân bay quốc tế Cát Bi",Hành lý 0 kg,Hành lý xách tay 7 kg,29-04-2025
VietJet Air,1.889.802 VND/khách,09:15,08 thg 5,08 thg 5,11:15,2h 0m,"TP HCM (SGN)
Sân bay Tân Sơn Nhất
Nhà ga 1","Hải Phòng (HPH)
Sân bay quốc tế Cát Bi",Hành lý 0 kg,Hành lý xách tay 7 kg,29-04-2025
VietJet Air,1.889.802 VND/khách,14:05,08 thg 5,08 thg 5,16:05,2h 0m,"TP HCM (SGN)
Sân bay Tân Sơn Nhất
Nhà ga 1","Hải Phòng (HPH)
Sân bay quốc tế Cát Bi",Hành lý 0 kg,Hành lý xách tay 7 kg,29-04-2025
VietJet Air,1.889.802 VND/khách,16:10,08 thg 5,08 thg 5,18:10,2h 0m,"TP HCM (SGN)
Sân bay Tân Sơn Nhất
Nhà ga 1","Hải Phòng (HPH)
Sân bay quốc tế Cát Bi",Hành lý 0 kg,Hành lý xách tay 7 kg,29-04-2025
Vietnam Airlines,2.190.807 VND/khách,17:55,08 thg 5,08 thg 5,19:55,2h 0m,"TP HCM (SGN)
Sân bay Tân Sơn Nhất","Hải Phòng (HPH)
Sân bay quốc tế Cát Bi",Hành lý 1 x 23 kg,Hành lý xách tay 1 x 12 kg,29-04-2025
Vietnam Airlines,2.232.777 VND/khách,13:20,08 thg 5,08 thg 5,15:25,2h 5m,"TP HCM (SGN)
Sân bay Tân Sơn Nhất
Nhà ga 1","Hải Phòng (HPH)
Sân bay quốc tế Cát Bi",Hành lý 1 x 23 kg,Hành lý xách tay 1 x 12 kg,29-04-2025
Vietnam Airlines,2.454.543 VND/khách,20:30,08 thg 5,08 thg 5,22:30,2h 0m,"TP HCM (SGN)
Sân bay Tân Sơn Nhất","Hải Phòng (HPH)
Sân bay quốc tế Cát Bi",Hành lý 1 x 23 kg,Hành lý xách tay 1 x 12 kg,29-04-2025
Vietnam Airlines,2.999.473 VND/khách,07:45,08 thg 5,08 thg 5,09:45,2h 0m,"TP HCM (SGN)
Sân bay Tân Sơn Nhất","Hải Phòng (HPH)
Sân bay quốc tế Cát Bi",Hành lý 1 x 23 kg,Hành lý xách tay 1 x 12 kg,29-04-2025
VietJet Air,3.858.597 VND/khách,19:35,08 thg 5,08 thg 5,21:35,2h 0m,"TP HCM (SGN)
Sân bay Tân Sơn Nhất
Nhà ga 1","Hải Phòng (HPH)
Sân bay quốc tế Cát Bi",Hành lý 0 kg,Hành lý xách tay 7 kg,29-04-2025
VietJet Air,1.363.583 VND/khách,21:10,08 thg 5,08 thg 5,23:05,1h 55m,"TP HCM (SGN)
Sân bay Tân Sơn Nhất
Nhà ga 1","Hải Phòng (HPH)
Sân bay quốc tế Cát Bi",Hành lý 0 kg,Hành lý xách tay 7 kg,30-04-2025
VietJet Air,1.363.583 VND/khách,20:10,08 thg 5,08 thg 5,22:10,2h 0m,"TP HCM (SGN)
Sân bay Tân Sơn Nhất
Nhà ga 1","Hải Phòng (HPH)
Sân bay quốc tế Cát Bi",Hành lý 0 kg,Hành lý xách tay 7 kg,30-04-2025
VietJet Air,1.617.832 VND/khách,04:30,08 thg 5,08 thg 5,06:30,2h 0m,"TP HCM (SGN)
Sân bay Tân Sơn Nhất
Nhà ga 1","Hải Phòng (HPH)
Sân bay quốc tế Cát Bi",Hành lý 0 kg,Hành lý xách tay 7 kg,30-04-2025
VietJet Air,1.889.321 VND/khách,06:15,08 thg 5,08 thg 5,08:15,2h 0m,"TP HCM (SGN)
Sân bay Tân Sơn Nhất
Nhà ga 1","Hải Phòng (HPH)
Sân bay quốc tế Cát Bi",Hành lý 0 kg,Hành lý xách tay 7 kg,30-04-2025
VietJet Air,1.889.321 VND/khách,09:15,08 thg 5,08 thg 5,11:15,2h 0m,"TP HCM (SGN)
Sân bay Tân Sơn Nhất
Nhà ga 1","Hải Phòng (HPH)
Sân bay quốc tế Cát Bi",Hành lý 0 kg,Hành lý xách tay 7 kg,30-04-2025
VietJet Air,1.889.321 VND/khách,14:05,08 thg 5,08 thg 5,16:05,2h 0m,"TP HCM (SGN)
Sân bay Tân Sơn Nhất
Nhà ga 1","Hải Phòng (HPH)
Sân bay quốc tế Cát Bi",Hành lý 0 kg,Hành lý xách tay 7 kg,30-04-2025
VietJet Air,1.889.321 VND/khách,16:10,08 thg 5,08 thg 5,18:10,2h 0m,"TP HCM (SGN)
Sân bay Tân Sơn Nhất
Nhà ga 1","Hải Phòng (HPH)
Sân bay quốc tế Cát Bi",Hành lý 0 kg,Hành lý xách tay 7 kg,30-04-2025
VietJet Air,1.889.321 VND/khách,19:35,08 thg 5,08 thg 5,21:35,2h 0m,"TP HCM (SGN)
Sân bay Tân Sơn Nhất
Nhà ga 1","Hải Phòng (HPH)
Sân bay quốc tế Cát Bi",Hành lý 0 kg,Hành lý xách tay 7 kg,30-04-2025
Vietnam Airlines,2.303.569 VND/khách,17:55,08 thg 5,08 thg 5,19:55,2h 0m,"TP HCM (SGN)
Sân bay Tân Sơn Nhất","Hải Phòng (HPH)
Sân bay quốc tế Cát Bi",Hành lý 1 x 23 kg,Hành lý xách tay 1 x 12 kg,30-04-2025
Vietnam Airlines,2.441.556 VND/khách,20:30,08 thg 5,08 thg 5,22:30,2h 0m,"TP HCM (SGN)
Sân bay Tân Sơn Nhất","Hải Phòng (HPH)
Sân bay quốc tế Cát Bi",Hành lý 1 x 23 kg,Hành lý xách tay 1 x 12 kg,30-04-2025
Vietnam Airlines,2.449.548 VND/khách,13:20,08 thg 5,08 thg 5,15:25,2h 5m,"TP HCM (SGN)
Sân bay Tân Sơn Nhất
Nhà ga 1","Hải Phòng (HPH)
Sân bay quốc tế Cát Bi",Hành lý 1 x 23 kg,Hành lý xách tay 1 x 12 kg,30-04-2025
Vietnam Airlines,3.137.859 VND/khách,07:45,08 thg 5,08 thg 5,09:45,2h 0m,"TP HCM (SGN)
Sân bay Tân Sơn Nhất","Hải Phòng (HPH)
Sân bay quốc tế Cát Bi",Hành lý 1 x 23 kg,Hành lý xách tay 1 x 12 kg,30-04-2025
Bamboo Airways,1.663.416 VND/khách,20:05,09 thg 5,09 thg 5,22:10,2h 5m,"TP HCM (SGN)
Sân bay Tân Sơn Nhất","Hải Phòng (HPH)
Sân bay quốc tế Cát Bi",Hành lý 0 kg,Hành lý xách tay 7 kg,01-05-2025
VietJet Air,1.617.745 VND/khách,04:30,09 thg 5,09 thg 5,06:30,2h 0m,"TP HCM (SGN)
Sân bay Tân Sơn Nhất
Nhà ga 1","Hải Phòng (HPH)
Sân bay quốc tế Cát Bi",Hành lý 0 kg,Hành lý xách tay 7 kg,01-05-2025
VietJet Air,1.704.728 VND/khách,21:10,09 thg 5,09 thg 5,23:05,1h 55m,"TP HCM (SGN)
Sân bay Tân Sơn Nhất
Nhà ga 1","Hải Phòng (HPH)
Sân bay quốc tế Cát Bi",Hành lý 0 kg,Hành lý xách tay 7 kg,01-05-2025
VietJet Air,1.704.728 VND/khách,16:10,09 thg 5,09 thg 5,18:10,2h 0m,"TP HCM (SGN)
Sân bay Tân Sơn Nhất
Nhà ga 1","Hải Phòng (HPH)
Sân bay quốc tế Cát Bi",Hành lý 0 kg,Hành lý xách tay 7 kg,01-05-2025
VietJet Air,1.704.728 VND/khách,19:15,09 thg 5,09 thg 5,21:15,2h 0m,"TP HCM (SGN)
Sân bay Tân Sơn Nhất
Nhà ga 1","Hải Phòng (HPH)
Sân bay quốc tế Cát Bi",Hành lý 0 kg,Hành lý xách tay 7 kg,01-05-2025
VietJet Air,1.889.220 VND/khách,11:35,09 thg 5,09 thg 5,13:35,2h 0m,"TP HCM (SGN)
Sân bay Tân Sơn Nhất
Nhà ga 1","Hải Phòng (HPH)
Sân bay quốc tế Cát Bi",Hành lý 0 kg,Hành lý xách tay 7 kg,01-05-2025
Vietnam Airlines,2.233.880 VND/khách,20:30,09 thg 5,09 thg 5,22:30,2h 0m,"TP HCM (SGN)
Sân bay Tân Sơn Nhất","Hải Phòng (HPH)
Sân bay quốc tế Cát Bi",Hành lý 1 x 23 kg,Hành lý xách tay 1 x 12 kg,01-05-2025
Vietnam Airlines,2.458.831 VND/khách,13:20,09 thg 5,09 thg 5,15:25,2h 5m,"TP HCM (SGN)
Sân bay Tân Sơn Nhất
Nhà ga 1","Hải Phòng (HPH)
Sân bay quốc tế Cát Bi",Hành lý 1 x 23 kg,Hành lý xách tay 1 x 12 kg,01-05-2025
Bamboo Airways,1.663.416 VND/khách,20:05,09 thg 5,09 thg 5,22:10,2h 5m,"TP HCM (SGN)
Sân bay Tân Sơn Nhất","Hải Phòng (HPH)
Sân bay quốc tế Cát Bi",Hành lý 0 kg,Hành lý xách tay 7 kg,02-05-2025
VietJet Air,1.566.161 VND/khách,04:30,09 thg 5,09 thg 5,06:30,2h 0m,"TP HCM (SGN)
Sân bay Tân Sơn Nhất
Nhà ga 1","Hải Phòng (HPH)
Sân bay quốc tế Cát Bi",Hành lý 0 kg,Hành lý xách tay 7 kg,02-05-2025
VietJet Air,1.708.718 VND/khách,21:10,09 thg 5,09 thg 5,23:05,1h 55m,"TP HCM (SGN)
Sân bay Tân Sơn Nhất
Nhà ga 1","Hải Phòng (HPH)
Sân bay quốc tế Cát Bi",Hành lý 0 kg,Hành lý xách tay 7 kg,02-05-2025
VietJet Air,1.708.718 VND/khách,19:15,09 thg 5,09 thg 5,21:15,2h 0m,"TP HCM (SGN)
Sân bay Tân Sơn Nhất
Nhà ga 1","Hải Phòng (HPH)
Sân bay quốc tế Cát Bi",Hành lý 0 kg,Hành lý xách tay 7 kg,02-05-2025
VietJet Air,1.890.023 VND/khách,11:35,09 thg 5,09 thg 5,13:35,2h 0m,"TP HCM (SGN)
Sân bay Tân Sơn Nhất
Nhà ga 1","Hải Phòng (HPH)
Sân bay quốc tế Cát Bi",Hành lý 0 kg,Hành lý xách tay 7 kg,02-05-2025
VietJet Air,1.890.023 VND/khách,16:10,09 thg 5,09 thg 5,18:10,2h 0m,"TP HCM (SGN)
Sân bay Tân Sơn Nhất
Nhà ga 1","Hải Phòng (HPH)
Sân bay quốc tế Cát Bi",Hành lý 0 kg,Hành lý xách tay 7 kg,02-05-2025
Vietnam Airlines,2.479.518 VND/khách,20:30,09 thg 5,09 thg 5,22:30,2h 0m,"TP HCM (SGN)
Sân bay Tân Sơn Nhất","Hải Phòng (HPH)
Sân bay quốc tế Cát Bi",Hành lý 1 x 23 kg,Hành lý xách tay 1 x 12 kg,02-05-2025
Vietnam Airlines,2.479.518 VND/khách,13:20,09 thg 5,09 thg 5,15:25,2h 5m,"TP HCM (SGN)
Sân bay Tân Sơn Nhất
Nhà ga 1","Hải Phòng (HPH)
Sân bay quốc tế Cát Bi",Hành lý 1 x 23 kg,Hành lý xách tay 1 x 12 kg,02-05-2025
Bamboo Airways,1.663.416 VND/khách,20:05,09 thg 5,09 thg 5,22:10,2h 5m,"TP HCM (SGN)
Sân bay Tân Sơn Nhất","Hải Phòng (HPH)
Sân bay quốc tế Cát Bi",Hành lý 0 kg,Hành lý xách tay 7 kg,03-05-2025
VietJet Air,1.575.053 VND/khách,04:30,09 thg 5,09 thg 5,06:30,2h 0m,"TP HCM (SGN)
Sân bay Tân Sơn Nhất
Nhà ga 1","Hải Phòng (HPH)
Sân bay quốc tế Cát Bi",Hành lý 0 kg,Hành lý xách tay 7 kg,03-05-2025
VietJet Air,1.721.685 VND/khách,21:10,09 thg 5,09 thg 5,23:05,1h 55m,"TP HCM (SGN)
Sân bay Tân Sơn Nhất
Nhà ga 1","Hải Phòng (HPH)
Sân bay quốc tế Cát Bi",Hành lý 0 kg,Hành lý xách tay 7 kg,03-05-2025
VietJet Air,1.721.685 VND/khách,19:15,09 thg 5,09 thg 5,21:15,2h 0m,"TP HCM (SGN)
Sân bay Tân Sơn Nhất
Nhà ga 1","Hải Phòng (HPH)
Sân bay quốc tế Cát Bi",Hành lý 0 kg,Hành lý xách tay 7 kg,03-05-2025
VietJet Air,1.838.393 VND/khách,11:35,09 thg 5,09 thg 5,13:35,2h 0m,"TP HCM (SGN)
Sân bay Tân Sơn Nhất
Nhà ga 1","Hải Phòng (HPH)
Sân bay quốc tế Cát Bi",Hành lý 0 kg,Hành lý xách tay 7 kg,03-05-2025
VietJet Air,1.838.393 VND/khách,16:10,09 thg 5,09 thg 5,18:10,2h 0m,"TP HCM (SGN)
Sân bay Tân Sơn Nhất
Nhà ga 1","Hải Phòng (HPH)
Sân bay quốc tế Cát Bi",Hành lý 0 kg,Hành lý xách tay 7 kg,03-05-2025
Vietnam Airlines,2.467.530 VND/khách,20:30,09 thg 5,09 thg 5,22:30,2h 0m,"TP HCM (SGN)
Sân bay Tân Sơn Nhất","Hải Phòng (HPH)
Sân bay quốc tế Cát Bi",Hành lý 1 x 23 kg,Hành lý xách tay 1 x 12 kg,03-05-2025
Vietnam Airlines,2.767.505 VND/khách,13:20,09 thg 5,09 thg 5,15:25,2h 5m,"TP HCM (SGN)
Sân bay Tân Sơn Nhất
Nhà ga 1","Hải Phòng (HPH)
Sân bay quốc tế Cát Bi",Hành lý 1 x 23 kg,Hành lý xách tay 1 x 12 kg,03-05-2025
Bamboo Airways,1.664.423 VND/khách,20:05,09 thg 5,09 thg 5,22:10,2h 5m,"TP HCM (SGN)
Sân bay Tân Sơn Nhất","Hải Phòng (HPH)
Sân bay quốc tế Cát Bi",Hành lý 0 kg,Hành lý xách tay 7 kg,04-05-2025
VietJet Air,1.712.708 VND/khách,21:10,09 thg 5,09 thg 5,23:05,1h 55m,"TP HCM (SGN)
Sân bay Tân Sơn Nhất
Nhà ga 1","Hải Phòng (HPH)
Sân bay quốc tế Cát Bi",Hành lý 0 kg,Hành lý xách tay 7 kg,04-05-2025
VietJet Air,1.712.708 VND/khách,04:30,09 thg 5,09 thg 5,06:30,2h 0m,"TP HCM (SGN)
Sân bay Tân Sơn Nhất
Nhà ga 1","Hải Phòng (HPH)
Sân bay quốc tế Cát Bi",Hành lý 0 kg,Hành lý xách tay 7 kg,04-05-2025
VietJet Air,1.712.708 VND/khách,19:15,09 thg 5,09 thg 5,21:15,2h 0m,"TP HCM (SGN)
Sân bay Tân Sơn Nhất
Nhà ga 1","Hải Phòng (HPH)
Sân bay quốc tế Cát Bi",Hành lý 0 kg,Hành lý xách tay 7 kg,04-05-2025
VietJet Air,1.829.415 VND/khách,16:10,09 thg 5,09 thg 5,18:10,2h 0m,"TP HCM (SGN)
Sân bay Tân Sơn Nhất
Nhà ga 1","Hải Phòng (HPH)
Sân bay quốc tế Cát Bi",Hành lý 0 kg,Hành lý xách tay 7 kg,04-05-2025
VietJet Air,2.071.173 VND/khách,11:35,09 thg 5,09 thg 5,13:35,2h 0m,"TP HCM (SGN)
Sân bay Tân Sơn Nhất
Nhà ga 1","Hải Phòng (HPH)
Sân bay quốc tế Cát Bi",Hành lý 0 kg,Hành lý xách tay 7 kg,04-05-2025
Vietnam Airlines,2.535.537 VND/khách,13:20,09 thg 5,09 thg 5,15:25,2h 5m,"TP HCM (SGN)
Sân bay Tân Sơn Nhất
Nhà ga 1","Hải Phòng (HPH)
Sân bay quốc tế Cát Bi",Hành lý 1 x 23 kg,Hành lý xách tay 1 x 12 kg,04-05-2025
Vietnam Airlines,2.721.276 VND/khách,20:30,09 thg 5,09 thg 5,22:30,2h 0m,"TP HCM (SGN)
Sân bay Tân Sơn Nhất","Hải Phòng (HPH)
Sân bay quốc tế Cát Bi",Hành lý 1 x 23 kg,Hành lý xách tay 1 x 12 kg,04-05-2025
Bamboo Airways,1.664.423 VND/khách,20:05,09 thg 5,09 thg 5,22:10,2h 5m,"TP HCM (SGN)
Sân bay Tân Sơn Nhất","Hải Phòng (HPH)
Sân bay quốc tế Cát Bi",Hành lý 0 kg,Hành lý xách tay 7 kg,05-05-2025
VietJet Air,1.697.745 VND/khách,21:10,09 thg 5,09 thg 5,23:05,1h 55m,"TP HCM (SGN)
Sân bay Tân Sơn Nhất
Nhà ga 1","Hải Phòng (HPH)
Sân bay quốc tế Cát Bi",Hành lý 0 kg,Hành lý xách tay 7 kg,05-05-2025
VietJet Air,1.697.745 VND/khách,04:30,09 thg 5,09 thg 5,06:30,2h 0m,"TP HCM (SGN)
Sân bay Tân Sơn Nhất
Nhà ga 1","Hải Phòng (HPH)
Sân bay quốc tế Cát Bi",Hành lý 0 kg,Hành lý xách tay 7 kg,05-05-2025
VietJet Air,1.697.745 VND/khách,19:15,09 thg 5,09 thg 5,21:15,2h 0m,"TP HCM (SGN)
Sân bay Tân Sơn Nhất
Nhà ga 1","Hải Phòng (HPH)
Sân bay quốc tế Cát Bi",Hành lý 0 kg,Hành lý xách tay 7 kg,05-05-2025
VietJet Air,2.071.074 VND/khách,16:10,09 thg 5,09 thg 5,18:10,2h 0m,"TP HCM (SGN)
Sân bay Tân Sơn Nhất
Nhà ga 1","Hải Phòng (HPH)
Sân bay quốc tế Cát Bi",Hành lý 0 kg,Hành lý xách tay 7 kg,05-05-2025
Vietnam Airlines,2.717.280 VND/khách,20:30,09 thg 5,09 thg 5,22:30,2h 0m,"TP HCM (SGN)
Sân bay Tân Sơn Nhất","Hải Phòng (HPH)
Sân bay quốc tế Cát Bi",Hành lý 1 x 23 kg,Hành lý xách tay 10 kg,05-05-2025
Vietnam Airlines,3.148.848 VND/khách,13:20,09 thg 5,09 thg 5,15:25,2h 5m,"TP HCM (SGN)
Sân bay Tân Sơn Nhất
Nhà ga 1","Hải Phòng (HPH)
Sân bay quốc tế Cát Bi",Hành lý 1 x 23 kg,Hành lý xách tay 10 kg,05-05-2025
Bamboo Airways,2.159.075 VND/khách,20:05,09 thg 5,09 thg 5,22:10,2h 5m,"TP HCM (SGN)
Sân bay Tân Sơn Nhất","Hải Phòng (HPH)
Sân bay quốc tế Cát Bi",Hành lý 0 kg,Hành lý xách tay 7 kg,06-05-2025
VietJet Air,1.391.480 VND/khách,21:10,09 thg 5,09 thg 5,23:05,1h 55m,"TP HCM (SGN)
Sân bay Tân Sơn Nhất
Nhà ga 1","Hải Phòng (HPH)
Sân bay quốc tế Cát Bi",Hành lý 0 kg,Hành lý xách tay 7 kg,06-05-2025
VietJet Air,1.697.569 VND/khách,04:30,09 thg 5,09 thg 5,06:30,2h 0m,"TP HCM (SGN)
Sân bay Tân Sơn Nhất
Nhà ga 1","Hải Phòng (HPH)
Sân bay quốc tế Cát Bi",Hành lý 0 kg,Hành lý xách tay 7 kg,06-05-2025
VietJet Air,1.889.171 VND/khách,19:15,09 thg 5,09 thg 5,21:15,2h 0m,"TP HCM (SGN)
Sân bay Tân Sơn Nhất
Nhà ga 1","Hải Phòng (HPH)
Sân bay quốc tế Cát Bi",Hành lý 0 kg,Hành lý xách tay 7 kg,06-05-2025
Vietnam Airlines,2.938.059 VND/khách,20:30,09 thg 5,09 thg 5,22:30,2h 0m,"TP HCM (SGN)
Sân bay Tân Sơn Nhất","Hải Phòng (HPH)
Sân bay quốc tế Cát Bi",Hành lý 1 x 23 kg,Hành lý xách tay 10 kg,06-05-2025
Vietnam Airlines,3.673.323 VND/khách,13:20,09 thg 5,09 thg 5,15:25,2h 5m,"TP HCM (SGN)
Sân bay Tân Sơn Nhất
Nhà ga 1","Hải Phòng (HPH)
Sân bay quốc tế Cát Bi",Hành lý 1 x 23 kg,Hành lý xách tay 10 kg,06-05-2025
VietJet Air,3.857.310 VND/khách,16:10,09 thg 5,09 thg 5,18:10,2h 0m,"TP HCM (SGN)
Sân bay Tân Sơn Nhất
Nhà ga 1","Hải Phòng (HPH)
Sân bay quốc tế Cát Bi",Hành lý 0 kg,Hành lý xách tay 7 kg,06-05-2025
Bamboo Airways,2.159.075 VND/khách,20:05,09 thg 5,09 thg 5,22:10,2h 5m,"TP HCM (SGN)
Sân bay Tân Sơn Nhất","Hải Phòng (HPH)
Sân bay quốc tế Cát Bi",Hành lý 0 kg,Hành lý xách tay 7 kg,07-05-2025
VietJet Air,1.612.455 VND/khách,21:10,09 thg 5,09 thg 5,23:05,1h 55m,"TP HCM (SGN)
Sân bay Tân Sơn Nhất
Nhà ga 1","Hải Phòng (HPH)
Sân bay quốc tế Cát Bi",Hành lý 0 kg,Hành lý xách tay 7 kg,07-05-2025
VietJet Air,1.883.923 VND/khách,04:30,09 thg 5,09 thg 5,06:30,2h 0m,"TP HCM (SGN)
Sân bay Tân Sơn Nhất
Nhà ga 1","Hải Phòng (HPH)
Sân bay quốc tế Cát Bi",Hành lý 0 kg,Hành lý xách tay 7 kg,07-05-2025
VietJet Air,2.064.901 VND/khách,19:15,09 thg 5,09 thg 5,21:15,2h 0m,"TP HCM (SGN)
Sân bay Tân Sơn Nhất
Nhà ga 1","Hải Phòng (HPH)
Sân bay quốc tế Cát Bi",Hành lý 0 kg,Hành lý xách tay 7 kg,07-05-2025
Vietnam Airlines,3.509.587 VND/khách,20:30,09 thg 5,09 thg 5,22:30,2h 0m,"TP HCM (SGN)
Sân bay Tân Sơn Nhất","Hải Phòng (HPH)
Sân bay quốc tế Cát Bi",Hành lý 1 x 23 kg,Hành lý xách tay 10 kg,07-05-2025
VietJet Air,3.852.062 VND/khách,16:10,09 thg 5,09 thg 5,18:10,2h 0m,"TP HCM (SGN)
Sân bay Tân Sơn Nhất
Nhà ga 1","Hải Phòng (HPH)
Sân bay quốc tế Cát Bi",Hành lý 0 kg,Hành lý xách tay 7 kg,07-05-2025
Vietnam Airlines,4.017.553 VND/khách,17:55,09 thg 5,09 thg 5,19:55,2h 0m,"TP HCM (SGN)
Sân bay Tân Sơn Nhất","Hải Phòng (HPH)
Sân bay quốc tế Cát Bi",Hành lý 1 x 23 kg,Hành lý xách tay 10 kg,07-05-2025
Bamboo Airways,2.286.251 VND/khách,20:05,09 thg 5,09 thg 5,22:10,2h 5m,"TP HCM (SGN)
Sân bay Tân Sơn Nhất","Hải Phòng (HPH)
Sân bay quốc tế Cát Bi",Hành lý 0 kg,Hành lý xách tay 7 kg,08-05-2025
VietJet Air,1.884.105 VND/khách,21:15,09 thg 5,09 thg 5,23:15,2h 0m,"TP HCM (SGN)
Sân bay Tân Sơn Nhất
Nhà ga 1","Hải Phòng (HPH)
Sân bay quốc tế Cát Bi",Hành lý 0 kg,Hành lý xách tay 7 kg,08-05-2025
VietJet Air,2.230.410 VND/khách,19:20,09 thg 5,09 thg 5,21:20,2h 0m,"TP HCM (SGN)
Sân bay Tân Sơn Nhất
Nhà ga 1","Hải Phòng (HPH)
Sân bay quốc tế Cát Bi",Hành lý 0 kg,Hành lý xách tay 7 kg,08-05-2025
VietJet Air,3.160.080 VND/khách,16:10,09 thg 5,09 thg 5,18:10,2h 0m,"TP HCM (SGN)
Sân bay Tân Sơn Nhất
Nhà ga 1","Hải Phòng (HPH)
Sân bay quốc tế Cát Bi",Hành lý 0 kg,Hành lý xách tay 7 kg,08-05-2025
Vietnam Airlines,3.871.125 VND/khách,20:30,09 thg 5,09 thg 5,22:30,2h 0m,"TP HCM (SGN)
Sân bay Tân Sơn Nhất","Hải Phòng (HPH)
Sân bay quốc tế Cát Bi",Hành lý 1 x 23 kg,Hành lý xách tay 10 kg,08-05-2025
VietJet Air,1.748.618 VND/khách,21:10,09 thg 5,09 thg 5,23:05,1h 55m,"TP HCM (SGN)
Sân bay Tân Sơn Nhất
Nhà ga 1","Hải Phòng (HPH)
Sân bay quốc tế Cát Bi",,,19-04-2025
VietJet Air,1.748.618 VND/khách,04:30,09 thg 5,09 thg 5,06:30,2h 0m,"TP HCM (SGN)
Sân bay Tân Sơn Nhất
Nhà ga 1","Hải Phòng (HPH)
Sân bay quốc tế Cát Bi",,,19-04-2025
VietJet Air,1.748.618 VND/khách,06:15,09 thg 5,09 thg 5,08:15,2h 0m,"TP HCM (SGN)
Sân bay Tân Sơn Nhất
Nhà ga 1","Hải Phòng (HPH)
Sân bay quốc tế Cát Bi",,,19-04-2025
VietJet Air,1.748.618 VND/khách,11:35,09 thg 5,09 thg 5,13:35,2h 0m,"TP HCM (SGN)
Sân bay Tân Sơn Nhất
Nhà ga 1","Hải Phòng (HPH)
Sân bay quốc tế Cát Bi",,,19-04-2025
VietJet Air,1.748.618 VND/khách,16:10,09 thg 5,09 thg 5,18:10,2h 0m,"TP HCM (SGN)
Sân bay Tân Sơn Nhất
Nhà ga 1","Hải Phòng (HPH)
Sân bay quốc tế Cát Bi",,,19-04-2025
VietJet Air,1.748.618 VND/khách,19:15,09 thg 5,09 thg 5,21:15,2h 0m,"TP HCM (SGN)
Sân bay Tân Sơn Nhất
Nhà ga 1","Hải Phòng (HPH)
Sân bay quốc tế Cát Bi",,,19-04-2025
VietJet Air,1.748.618 VND/khách,20:10,09 thg 5,09 thg 5,22:10,2h 0m,"TP HCM (SGN)
Sân bay Tân Sơn Nhất
Nhà ga 1","Hải Phòng (HPH)
Sân bay quốc tế Cát Bi",,,19-04-2025
Bamboo Airways,1.815.275 VND/khách,20:05,09 thg 5,09 thg 5,22:10,2h 5m,"TP HCM (SGN)
Sân bay Tân Sơn Nhất","Hải Phòng (HPH)
Sân bay quốc tế Cát Bi",,,19-04-2025
Vietnam Airlines,1.970.028 VND/khách,17:55,09 thg 5,09 thg 5,19:55,2h 0m,"TP HCM (SGN)
Sân bay Tân Sơn Nhất
Nhà ga 3","Hải Phòng (HPH)
Sân bay quốc tế Cát Bi",,,19-04-2025
Vietnam Airlines,2.009.988 VND/khách,20:30,09 thg 5,09 thg 5,22:30,2h 0m,"TP HCM (SGN)
Sân bay Tân Sơn Nhất
Nhà ga 3","Hải Phòng (HPH)
Sân bay quốc tế Cát Bi",,,19-04-2025
Vietnam Airlines,2.009.988 VND/khách,13:20,09 thg 5,09 thg 5,15:25,2h 5m,"TP HCM (SGN)
Sân bay Tân Sơn Nhất
Nhà ga 3","Hải Phòng (HPH)
Sân bay quốc tế Cát Bi",,,19-04-2025
VietJet Air,1.742.633 VND/khách,21:10,09 thg 5,09 thg 5,23:05,1h 55m,"TP HCM (SGN)
Sân bay Tân Sơn Nhất
Nhà ga 1","Hải Phòng (HPH)
Sân bay quốc tế Cát Bi",Hành lý 0 kg,Hành lý xách tay 7 kg,20-04-2025
VietJet Air,1.742.633 VND/khách,04:30,09 thg 5,09 thg 5,06:30,2h 0m,"TP HCM (SGN)
Sân bay Tân Sơn Nhất
Nhà ga 1","Hải Phòng (HPH)
Sân bay quốc tế Cát Bi",Hành lý 0 kg,Hành lý xách tay 7 kg,20-04-2025
VietJet Air,1.742.633 VND/khách,06:15,09 thg 5,09 thg 5,08:15,2h 0m,"TP HCM (SGN)
Sân bay Tân Sơn Nhất
Nhà ga 1","Hải Phòng (HPH)
Sân bay quốc tế Cát Bi",Hành lý 0 kg,Hành lý xách tay 7 kg,20-04-2025
VietJet Air,1.742.633 VND/khách,11:35,09 thg 5,09 thg 5,13:35,2h 0m,"TP HCM (SGN)
Sân bay Tân Sơn Nhất
Nhà ga 1","Hải Phòng (HPH)
Sân bay quốc tế Cát Bi",Hành lý 0 kg,Hành lý xách tay 7 kg,20-04-2025
VietJet Air,1.742.633 VND/khách,16:10,09 thg 5,09 thg 5,18:10,2h 0m,"TP HCM (SGN)
Sân bay Tân Sơn Nhất
Nhà ga 1","Hải Phòng (HPH)
Sân bay quốc tế Cát Bi",Hành lý 0 kg,Hành lý xách tay 7 kg,20-04-2025
VietJet Air,1.742.633 VND/khách,19:15,09 thg 5,09 thg 5,21:15,2h 0m,"TP HCM (SGN)
Sân bay Tân Sơn Nhất
Nhà ga 1","Hải Phòng (HPH)
Sân bay quốc tế Cát Bi",Hành lý 0 kg,Hành lý xách tay 7 kg,20-04-2025
VietJet Air,1.742.633 VND/khách,20:10,09 thg 5,09 thg 5,22:10,2h 0m,"TP HCM (SGN)
Sân bay Tân Sơn Nhất
Nhà ga 1","Hải Phòng (HPH)
Sân bay quốc tế Cát Bi",Hành lý 0 kg,Hành lý xách tay 7 kg,20-04-2025
Bamboo Airways,1.806.199 VND/khách,20:05,09 thg 5,09 thg 5,22:10,2h 5m,"TP HCM (SGN)
Sân bay Tân Sơn Nhất","Hải Phòng (HPH)
Sân bay quốc tế Cát Bi",Hành lý 0 kg,Hành lý xách tay 7 kg,20-04-2025
Vietnam Airlines,2.000.997 VND/khách,17:55,09 thg 5,09 thg 5,19:55,2h 0m,"TP HCM (SGN)
Sân bay Tân Sơn Nhất","Hải Phòng (HPH)
Sân bay quốc tế Cát Bi",Hành lý 1 x 23 kg,Hành lý xách tay 1 x 12 kg,20-04-2025
Vietnam Airlines,2.000.997 VND/khách,13:20,09 thg 5,09 thg 5,15:25,2h 5m,"TP HCM (SGN)
Sân bay Tân Sơn Nhất","Hải Phòng (HPH)
Sân bay quốc tế Cát Bi",Hành lý 1 x 23 kg,Hành lý xách tay 1 x 12 kg,20-04-2025
Vietnam Airlines,2.002.995 VND/khách,20:30,09 thg 5,09 thg 5,22:30,2h 0m,"TP HCM (SGN)
Sân bay Tân Sơn Nhất","Hải Phòng (HPH)
Sân bay quốc tế Cát Bi",Hành lý 1 x 23 kg,Hành lý xách tay 1 x 12 kg,20-04-2025
VietJet Air,1.741.635 VND/khách,21:10,09 thg 5,09 thg 5,23:05,1h 55m,"TP HCM (SGN)
Sân bay Tân Sơn Nhất
Nhà ga 1","Hải Phòng (HPH)
Sân bay quốc tế Cát Bi",Hành lý 0 kg,Hành lý xách tay 7 kg,21-04-2025
VietJet Air,1.741.635 VND/khách,04:30,09 thg 5,09 thg 5,06:30,2h 0m,"TP HCM (SGN)
Sân bay Tân Sơn Nhất
Nhà ga 1","Hải Phòng (HPH)
Sân bay quốc tế Cát Bi",Hành lý 0 kg,Hành lý xách tay 7 kg,21-04-2025
VietJet Air,1.741.635 VND/khách,06:15,09 thg 5,09 thg 5,08:15,2h 0m,"TP HCM (SGN)
Sân bay Tân Sơn Nhất
Nhà ga 1","Hải Phòng (HPH)
Sân bay quốc tế Cát Bi",Hành lý 0 kg,Hành lý xách tay 7 kg,21-04-2025
VietJet Air,1.741.635 VND/khách,11:35,09 thg 5,09 thg 5,13:35,2h 0m,"TP HCM (SGN)
Sân bay Tân Sơn Nhất
Nhà ga 1","Hải Phòng (HPH)
Sân bay quốc tế Cát Bi",Hành lý 0 kg,Hành lý xách tay 7 kg,21-04-2025
VietJet Air,1.741.635 VND/khách,16:10,09 thg 5,09 thg 5,18:10,2h 0m,"TP HCM (SGN)
Sân bay Tân Sơn Nhất
Nhà ga 1","Hải Phòng (HPH)
Sân bay quốc tế Cát Bi",Hành lý 0 kg,Hành lý xách tay 7 kg,21-04-2025
VietJet Air,1.741.635 VND/khách,19:15,09 thg 5,09 thg 5,21:15,2h 0m,"TP HCM (SGN)
Sân bay Tân Sơn Nhất
Nhà ga 1","Hải Phòng (HPH)
Sân bay quốc tế Cát Bi",Hành lý 0 kg,Hành lý xách tay 7 kg,21-04-2025
VietJet Air,1.741.635 VND/khách,20:10,09 thg 5,09 thg 5,22:10,2h 0m,"TP HCM (SGN)
Sân bay Tân Sơn Nhất
Nhà ga 1","Hải Phòng (HPH)
Sân bay quốc tế Cát Bi",Hành lý 0 kg,Hành lý xách tay 7 kg,21-04-2025
Bamboo Airways,1.806.199 VND/khách,20:05,09 thg 5,09 thg 5,22:10,2h 5m,"TP HCM (SGN)
Sân bay Tân Sơn Nhất","Hải Phòng (HPH)
Sân bay quốc tế Cát Bi",Hành lý 0 kg,Hành lý xách tay 7 kg,21-04-2025
Vietnam Airlines,2.000.997 VND/khách,20:30,09 thg 5,09 thg 5,22:30,2h 0m,"TP HCM (SGN)
Sân bay Tân Sơn Nhất","Hải Phòng (HPH)
Sân bay quốc tế Cát Bi",Hành lý 1 x 23 kg,Hành lý xách tay 1 x 12 kg,21-04-2025
Vietnam Airlines,2.000.997 VND/khách,13:20,09 thg 5,09 thg 5,15:25,2h 5m,"TP HCM (SGN)
Sân bay Tân Sơn Nhất","Hải Phòng (HPH)
Sân bay quốc tế Cát Bi",Hành lý 1 x 23 kg,Hành lý xách tay 1 x 12 kg,21-04-2025
Vietnam Airlines,2.003.994 VND/khách,17:55,09 thg 5,09 thg 5,19:55,2h 0m,"TP HCM (SGN)
Sân bay Tân Sơn Nhất","Hải Phòng (HPH)
Sân bay quốc tế Cát Bi",Hành lý 1 x 23 kg,Hành lý xách tay 1 x 12 kg,21-04-2025
Bamboo Airways,1.702.155 VND/khách,20:05,09 thg 5,09 thg 5,22:10,2h 5m,"TP HCM (SGN)
Sân bay Tân Sơn Nhất","Hải Phòng (HPH)
Sân bay quốc tế Cát Bi",Hành lý 0 kg,Hành lý xách tay 7 kg,22-04-2025
VietJet Air,1.753.605 VND/khách,21:10,09 thg 5,09 thg 5,23:05,1h 55m,"TP HCM (SGN)
Sân bay Tân Sơn Nhất
Nhà ga 1","Hải Phòng (HPH)
Sân bay quốc tế Cát Bi",Hành lý 0 kg,Hành lý xách tay 7 kg,22-04-2025
VietJet Air,1.753.605 VND/khách,04:30,09 thg 5,09 thg 5,06:30,2h 0m,"TP HCM (SGN)
Sân bay Tân Sơn Nhất
Nhà ga 1","Hải Phòng (HPH)
Sân bay quốc tế Cát Bi",Hành lý 0 kg,Hành lý xách tay 7 kg,22-04-2025
VietJet Air,1.753.605 VND/khách,16:10,09 thg 5,09 thg 5,18:10,2h 0m,"TP HCM (SGN)
Sân bay Tân Sơn Nhất
Nhà ga 1","Hải Phòng (HPH)
Sân bay quốc tế Cát Bi",Hành lý 0 kg,Hành lý xách tay 7 kg,22-04-2025
VietJet Air,1.753.605 VND/khách,19:15,09 thg 5,09 thg 5,21:15,2h 0m,"TP HCM (SGN)
Sân bay Tân Sơn Nhất
Nhà ga 1","Hải Phòng (HPH)
Sân bay quốc tế Cát Bi",Hành lý 0 kg,Hành lý xách tay 7 kg,22-04-2025
VietJet Air,1.868.318 VND/khách,11:35,09 thg 5,09 thg 5,13:35,2h 0m,"TP HCM (SGN)
Sân bay Tân Sơn Nhất
Nhà ga 1","Hải Phòng (HPH)
Sân bay quốc tế Cát Bi",Hành lý 0 kg,Hành lý xách tay 7 kg,22-04-2025
Vietnam Airlines,1.987.011 VND/khách,20:30,09 thg 5,09 thg 5,22:30,2h 0m,"TP HCM (SGN)
Sân bay Tân Sơn Nhất","Hải Phòng (HPH)
Sân bay quốc tế Cát Bi",Hành lý 23 kg,Hành lý xách tay 1 x 12 kg,22-04-2025
Vietnam Airlines,1.987.011 VND/khách,13:20,09 thg 5,09 thg 5,15:25,2h 5m,"TP HCM (SGN)
Sân bay Tân Sơn Nhất
Nhà ga 1","Hải Phòng (HPH)
Sân bay quốc tế Cát Bi",Hành lý 23 kg,Hành lý xách tay 1 x 12 kg,22-04-2025
Vietnam Airlines,2.239.758 VND/khách,17:55,09 thg 5,09 thg 5,19:55,2h 0m,"TP HCM (SGN)
Sân bay Tân Sơn Nhất","Hải Phòng (HPH)
Sân bay quốc tế Cát Bi",Hành lý 23 kg,Hành lý xách tay 1 x 12 kg,22-04-2025
Bamboo Airways,1.677.000 VND/khách,20:05,09 thg 5,09 thg 5,22:10,2h 5m,"TP HCM (SGN)
Sân bay Tân Sơn Nhất","Hải Phòng (HPH)
Sân bay quốc tế Cát Bi",,,23-04-2025
VietJet Air,1.746.623 VND/khách,21:10,09 thg 5,09 thg 5,23:05,1h 55m,"TP HCM (SGN)
Sân bay Tân Sơn Nhất
Nhà ga 1","Hải Phòng (HPH)
Sân bay quốc tế Cát Bi",,,23-04-2025
VietJet Air,1.746.623 VND/khách,04:30,09 thg 5,09 thg 5,06:30,2h 0m,"TP HCM (SGN)
Sân bay Tân Sơn Nhất
Nhà ga 1","Hải Phòng (HPH)
Sân bay quốc tế Cát Bi",,,23-04-2025
VietJet Air,1.746.623 VND/khách,16:10,09 thg 5,09 thg 5,18:10,2h 0m,"TP HCM (SGN)
Sân bay Tân Sơn Nhất
Nhà ga 1","Hải Phòng (HPH)
Sân bay quốc tế Cát Bi",,,23-04-2025
VietJet Air,1.746.623 VND/khách,19:15,09 thg 5,09 thg 5,21:15,2h 0m,"TP HCM (SGN)
Sân bay Tân Sơn Nhất
Nhà ga 1","Hải Phòng (HPH)
Sân bay quốc tế Cát Bi",,,23-04-2025
VietJet Air,1.875.300 VND/khách,11:35,09 thg 5,09 thg 5,13:35,2h 0m,"TP HCM (SGN)
Sân bay Tân Sơn Nhất
Nhà ga 1","Hải Phòng (HPH)
Sân bay quốc tế Cát Bi",,,23-04-2025
Vietnam Airlines,1.988.010 VND/khách,20:30,09 thg 5,09 thg 5,22:30,2h 0m,"TP HCM (SGN)
Sân bay Tân Sơn Nhất
Nhà ga 3","Hải Phòng (HPH)
Sân bay quốc tế Cát Bi",,,23-04-2025
Vietnam Airlines,1.992.006 VND/khách,13:20,09 thg 5,09 thg 5,15:25,2h 5m,"TP HCM (SGN)
Sân bay Tân Sơn Nhất
Nhà ga 1","Hải Phòng (HPH)
Sân bay quốc tế Cát Bi",,,23-04-2025
Vietnam Airlines,2.242.755 VND/khách,17:55,09 thg 5,09 thg 5,19:55,2h 0m,"TP HCM (SGN)
Sân bay Tân Sơn Nhất
Nhà ga 3","Hải Phòng (HPH)
Sân bay quốc tế Cát Bi",,,23-04-2025
Bamboo Airways,1.677.000 VND/khách,20:05,09 thg 5,09 thg 5,22:10,2h 5m,"TP HCM (SGN)
Sân bay Tân Sơn Nhất","Hải Phòng (HPH)
Sân bay quốc tế Cát Bi",,,24-04-2025
VietJet Air,1.611.960 VND/khách,04:30,09 thg 5,09 thg 5,06:30,2h 0m,"TP HCM (SGN)
Sân bay Tân Sơn Nhất
Nhà ga 1","Hải Phòng (HPH)
Sân bay quốc tế Cát Bi",,,24-04-2025
VietJet Air,1.757.595 VND/khách,21:10,09 thg 5,09 thg 5,23:05,1h 55m,"TP HCM (SGN)
Sân bay Tân Sơn Nhất
Nhà ga 1","Hải Phòng (HPH)
Sân bay quốc tế Cát Bi",,,24-04-2025
VietJet Air,1.757.595 VND/khách,16:10,09 thg 5,09 thg 5,18:10,2h 0m,"TP HCM (SGN)
Sân bay Tân Sơn Nhất
Nhà ga 1","Hải Phòng (HPH)
Sân bay quốc tế Cát Bi",,,24-04-2025
VietJet Air,1.757.595 VND/khách,19:15,09 thg 5,09 thg 5,21:15,2h 0m,"TP HCM (SGN)
Sân bay Tân Sơn Nhất
Nhà ga 1","Hải Phòng (HPH)
Sân bay quốc tế Cát Bi",,,24-04-2025
VietJet Air,1.872.308 VND/khách,11:35,09 thg 5,09 thg 5,13:35,2h 0m,"TP HCM (SGN)
Sân bay Tân Sơn Nhất
Nhà ga 1","Hải Phòng (HPH)
Sân bay quốc tế Cát Bi",,,24-04-2025
Vietnam Airlines,1.984.014 VND/khách,20:30,09 thg 5,09 thg 5,22:30,2h 0m,"TP HCM (SGN)
Sân bay Tân Sơn Nhất
Nhà ga T3","Hải Phòng (HPH)
Sân bay quốc tế Cát Bi",,,24-04-2025
Vietnam Airlines,1.991.007 VND/khách,13:20,09 thg 5,09 thg 5,15:25,2h 5m,"TP HCM (SGN)
Sân bay Tân Sơn Nhất
Nhà ga 1","Hải Phòng (HPH)
Sân bay quốc tế Cát Bi",,,24-04-2025
Vietnam Airlines,2.237.760 VND/khách,17:55,09 thg 5,09 thg 5,19:55,2h 0m,"TP HCM (SGN)
Sân bay Tân Sơn Nhất
Nhà ga T3","Hải Phòng (HPH)
Sân bay quốc tế Cát Bi",,,24-04-2025
Bamboo Airways,1.806.199 VND/khách,20:05,09 thg 5,09 thg 5,22:10,2h 5m,"TP HCM (SGN)
Sân bay Tân Sơn Nhất","Hải Phòng (HPH)
Sân bay quốc tế Cát Bi",Hành lý 0 kg,Hành lý xách tay 7 kg,25-04-2025
VietJet Air,1.599.990 VND/khách,04:30,09 thg 5,09 thg 5,06:30,2h 0m,"TP HCM (SGN)
Sân bay Tân Sơn Nhất
Nhà ga 1","Hải Phòng (HPH)
Sân bay quốc tế Cát Bi",Hành lý 0 kg,Hành lý xách tay 7 kg,25-04-2025
VietJet Air,1.745.625 VND/khách,21:10,09 thg 5,09 thg 5,23:05,1h 55m,"TP HCM (SGN)
Sân bay Tân Sơn Nhất
Nhà ga 1","Hải Phòng (HPH)
Sân bay quốc tế Cát Bi",Hành lý 0 kg,Hành lý xách tay 7 kg,25-04-2025
VietJet Air,1.745.625 VND/khách,16:10,09 thg 5,09 thg 5,18:10,2h 0m,"TP HCM (SGN)
Sân bay Tân Sơn Nhất
Nhà ga 1","Hải Phòng (HPH)
Sân bay quốc tế Cát Bi",Hành lý 0 kg,Hành lý xách tay 7 kg,25-04-2025
VietJet Air,1.745.625 VND/khách,19:15,09 thg 5,09 thg 5,21:15,2h 0m,"TP HCM (SGN)
Sân bay Tân Sơn Nhất
Nhà ga 1","Hải Phòng (HPH)
Sân bay quốc tế Cát Bi",Hành lý 0 kg,Hành lý xách tay 7 kg,25-04-2025
VietJet Air,1.857.345 VND/khách,11:35,09 thg 5,09 thg 5,13:35,2h 0m,"TP HCM (SGN)
Sân bay Tân Sơn Nhất
Nhà ga 1","Hải Phòng (HPH)
Sân bay quốc tế Cát Bi",Hành lý 0 kg,Hành lý xách tay 7 kg,25-04-2025
Vietnam Airlines,1.991.007 VND/khách,20:30,09 thg 5,09 thg 5,22:30,2h 0m,"TP HCM (SGN)
Sân bay Tân Sơn Nhất
Nhà ga T3","Hải Phòng (HPH)
Sân bay quốc tế Cát Bi",Hành lý 1 x 23 kg,Hành lý xách tay 1 x 12 kg,25-04-2025
Vietnam Airlines,1.994.004 VND/khách,13:20,09 thg 5,09 thg 5,15:25,2h 5m,"TP HCM (SGN)
Sân bay Tân Sơn Nhất
Nhà ga 1","Hải Phòng (HPH)
Sân bay quốc tế Cát Bi",Hành lý 1 x 23 kg,Hành lý xách tay 1 x 12 kg,25-04-2025
Vietnam Airlines,2.236.761 VND/khách,17:55,09 thg 5,09 thg 5,19:55,2h 0m,"TP HCM (SGN)
Sân bay Tân Sơn Nhất
Nhà ga T3","Hải Phòng (HPH)
Sân bay quốc tế Cát Bi",Hành lý 1 x 23 kg,Hành lý xách tay 1 x 12 kg,25-04-2025
Bamboo Airways,1.806.199 VND/khách,20:05,09 thg 5,09 thg 5,22:10,2h 5m,"TP HCM (SGN)
Sân bay Tân Sơn Nhất","Hải Phòng (HPH)
Sân bay quốc tế Cát Bi",Hành lý 0 kg,Hành lý xách tay 7 kg,26-04-2025
VietJet Air,1.586.025 VND/khách,04:30,09 thg 5,09 thg 5,06:30,2h 0m,"TP HCM (SGN)
Sân bay Tân Sơn Nhất
Nhà ga 1","Hải Phòng (HPH)
Sân bay quốc tế Cát Bi",Hành lý 0 kg,Hành lý xách tay 7 kg,26-04-2025
VietJet Air,1.731.660 VND/khách,21:10,09 thg 5,09 thg 5,23:05,1h 55m,"TP HCM (SGN)
Sân bay Tân Sơn Nhất
Nhà ga 1","Hải Phòng (HPH)
Sân bay quốc tế Cát Bi",Hành lý 0 kg,Hành lý xách tay 7 kg,26-04-2025
VietJet Air,1.731.660 VND/khách,16:10,09 thg 5,09 thg 5,18:10,2h 0m,"TP HCM (SGN)
Sân bay Tân Sơn Nhất
Nhà ga 1","Hải Phòng (HPH)
Sân bay quốc tế Cát Bi",Hành lý 0 kg,Hành lý xách tay 7 kg,26-04-2025
VietJet Air,1.731.660 VND/khách,19:15,09 thg 5,09 thg 5,21:15,2h 0m,"TP HCM (SGN)
Sân bay Tân Sơn Nhất
Nhà ga 1","Hải Phòng (HPH)
Sân bay quốc tế Cát Bi",Hành lý 0 kg,Hành lý xách tay 7 kg,26-04-2025
VietJet Air,1.847.370 VND/khách,11:35,09 thg 5,09 thg 5,13:35,2h 0m,"TP HCM (SGN)
Sân bay Tân Sơn Nhất
Nhà ga 1","Hải Phòng (HPH)
Sân bay quốc tế Cát Bi",Hành lý 0 kg,Hành lý xách tay 7 kg,26-04-2025
Vietnam Airlines,2.234.763 VND/khách,20:30,09 thg 5,09 thg 5,22:30,2h 0m,"TP HCM (SGN)
Sân bay Tân Sơn Nhất
Nhà ga T3","Hải Phòng (HPH)
Sân bay quốc tế Cát Bi",Hành lý 1 x 23 kg,Hành lý xách tay 1 x 12 kg,26-04-2025
Vietnam Airlines,2.234.763 VND/khách,13:20,09 thg 5,09 thg 5,15:25,2h 5m,"TP HCM (SGN)
Sân bay Tân Sơn Nhất
Nhà ga 1","Hải Phòng (HPH)
Sân bay quốc tế Cát Bi",Hành lý 1 x 23 kg,Hành lý xách tay 1 x 12 kg,26-04-2025
Bamboo Airways,1.806.199 VND/khách,20:05,09 thg 5,09 thg 5,22:10,2h 5m,"TP HCM (SGN)
Sân bay Tân Sơn Nhất","Hải Phòng (HPH)
Sân bay quốc tế Cát Bi",Hành lý 0 kg,Hành lý xách tay 7 kg,27-04-2025
VietJet Air,1.578.045 VND/khách,04:30,09 thg 5,09 thg 5,06:30,2h 0m,"TP HCM (SGN)
Sân bay Tân Sơn Nhất
Nhà ga 1","Hải Phòng (HPH)
Sân bay quốc tế Cát Bi",Hành lý 0 kg,Hành lý xách tay 7 kg,27-04-2025
VietJet Air,1.723.680 VND/khách,21:10,09 thg 5,09 thg 5,23:05,1h 55m,"TP HCM (SGN)
Sân bay Tân Sơn Nhất
Nhà ga 1","Hải Phòng (HPH)
Sân bay quốc tế Cát Bi",Hành lý 0 kg,Hành lý xách tay 7 kg,27-04-2025
VietJet Air,1.723.680 VND/khách,16:10,09 thg 5,09 thg 5,18:10,2h 0m,"TP HCM (SGN)
Sân bay Tân Sơn Nhất
Nhà ga 1","Hải Phòng (HPH)
Sân bay quốc tế Cát Bi",Hành lý 0 kg,Hành lý xách tay 7 kg,27-04-2025
VietJet Air,1.723.680 VND/khách,19:15,09 thg 5,09 thg 5,21:15,2h 0m,"TP HCM (SGN)
Sân bay Tân Sơn Nhất
Nhà ga 1","Hải Phòng (HPH)
Sân bay quốc tế Cát Bi",Hành lý 0 kg,Hành lý xách tay 7 kg,27-04-2025
VietJet Air,1.838.393 VND/khách,11:35,09 thg 5,09 thg 5,13:35,2h 0m,"TP HCM (SGN)
Sân bay Tân Sơn Nhất
Nhà ga 1","Hải Phòng (HPH)
Sân bay quốc tế Cát Bi",Hành lý 0 kg,Hành lý xách tay 7 kg,27-04-2025
Vietnam Airlines,2.235.163 VND/khách,13:20,09 thg 5,09 thg 5,15:25,2h 5m,"TP HCM (SGN)
Sân bay Tân Sơn Nhất
Nhà ga 1","Hải Phòng (HPH)
Sân bay quốc tế Cát Bi",Hành lý 1 x 23 kg,Hành lý xách tay 1 x 12 kg,27-04-2025
Vietnam Airlines,2.392.605 VND/khách,20:30,09 thg 5,09 thg 5,22:30,2h 0m,"TP HCM (SGN)
Sân bay Tân Sơn Nhất","Hải Phòng (HPH)
Sân bay quốc tế Cát Bi",Hành lý 1 x 23 kg,Hành lý xách tay 1 x 12 kg,27-04-2025
Vietnam Airlines,2.460.243 VND/khách,17:55,09 thg 5,09 thg 5,19:55,2h 0m,"TP HCM (SGN)
Sân bay Tân Sơn Nhất","Hải Phòng (HPH)
Sân bay quốc tế Cát Bi",Hành lý 1 x 23 kg,Hành lý xách tay 1 x 12 kg,27-04-2025
Bamboo Airways,1.806.199 VND/khách,20:05,09 thg 5,09 thg 5,22:10,2h 5m,"TP HCM (SGN)
Sân bay Tân Sơn Nhất","Hải Phòng (HPH)
Sân bay quốc tế Cát Bi",Hành lý 0 kg,Hành lý xách tay 7 kg,28-04-2025
VietJet Air,1.393.508 VND/khách,04:30,09 thg 5,09 thg 5,06:30,2h 0m,"TP HCM (SGN)
Sân bay Tân Sơn Nhất
Nhà ga 1","Hải Phòng (HPH)
Sân bay quốc tế Cát Bi",Hành lý 0 kg,Hành lý xách tay 7 kg,28-04-2025
VietJet Air,1.719.690 VND/khách,21:10,09 thg 5,09 thg 5,23:05,1h 55m,"TP HCM (SGN)
Sân bay Tân Sơn Nhất
Nhà ga 1","Hải Phòng (HPH)
Sân bay quốc tế Cát Bi",Hành lý 0 kg,Hành lý xách tay 7 kg,28-04-2025
VietJet Air,1.719.690 VND/khách,16:10,09 thg 5,09 thg 5,18:10,2h 0m,"TP HCM (SGN)
Sân bay Tân Sơn Nhất
Nhà ga 1","Hải Phòng (HPH)
Sân bay quốc tế Cát Bi",Hành lý 0 kg,Hành lý xách tay 7 kg,28-04-2025
VietJet Air,1.834.403 VND/khách,11:35,09 thg 5,09 thg 5,13:35,2h 0m,"TP HCM (SGN)
Sân bay Tân Sơn Nhất
Nhà ga 1","Hải Phòng (HPH)
Sân bay quốc tế Cát Bi",Hành lý 0 kg,Hành lý xách tay 7 kg,28-04-2025
Vietnam Airlines,2.233.764 VND/khách,13:20,09 thg 5,09 thg 5,15:25,2h 5m,"TP HCM (SGN)
Sân bay Tân Sơn Nhất
Nhà ga 1","Hải Phòng (HPH)
Sân bay quốc tế Cát Bi",Hành lý 1 x 23 kg,Hành lý xách tay 1 x 12 kg,28-04-2025
Vietnam Airlines,2.449.548 VND/khách,20:30,09 thg 5,09 thg 5,22:30,2h 0m,"TP HCM (SGN)
Sân bay Tân Sơn Nhất","Hải Phòng (HPH)
Sân bay quốc tế Cát Bi",Hành lý 1 x 23 kg,Hành lý xách tay 1 x 12 kg,28-04-2025
Vietnam Airlines,2.676.321 VND/khách,17:55,09 thg 5,09 thg 5,19:55,2h 0m,"TP HCM (SGN)
Sân bay Tân Sơn Nhất","Hải Phòng (HPH)
Sân bay quốc tế Cát Bi",Hành lý 1 x 23 kg,Hành lý xách tay 1 x 12 kg,28-04-2025
Bamboo Airways,1.806.199 VND/khách,20:05,09 thg 5,09 thg 5,22:10,2h 5m,"TP HCM (SGN)
Sân bay Tân Sơn Nhất","Hải Phòng (HPH)
Sân bay quốc tế Cát Bi",Hành lý 0 kg,Hành lý xách tay 7 kg,29-04-2025
VietJet Air,1.618.243 VND/khách,04:30,09 thg 5,09 thg 5,06:30,2h 0m,"TP HCM (SGN)
Sân bay Tân Sơn Nhất
Nhà ga 1","Hải Phòng (HPH)
Sân bay quốc tế Cát Bi",Hành lý 0 kg,Hành lý xách tay 7 kg,29-04-2025
VietJet Air,1.707.720 VND/khách,21:10,09 thg 5,09 thg 5,23:05,1h 55m,"TP HCM (SGN)
Sân bay Tân Sơn Nhất
Nhà ga 1","Hải Phòng (HPH)
Sân bay quốc tế Cát Bi",Hành lý 0 kg,Hành lý xách tay 7 kg,29-04-2025
VietJet Air,1.707.720 VND/khách,16:10,09 thg 5,09 thg 5,18:10,2h 0m,"TP HCM (SGN)
Sân bay Tân Sơn Nhất
Nhà ga 1","Hải Phòng (HPH)
Sân bay quốc tế Cát Bi",Hành lý 0 kg,Hành lý xách tay 7 kg,29-04-2025
Vietnam Airlines,2.190.807 VND/khách,20:30,09 thg 5,09 thg 5,22:30,2h 0m,"TP HCM (SGN)
Sân bay Tân Sơn Nhất","Hải Phòng (HPH)
Sân bay quốc tế Cát Bi",Hành lý 1 x 23 kg,Hành lý xách tay 1 x 12 kg,29-04-2025
Vietnam Airlines,2.190.807 VND/khách,13:20,09 thg 5,09 thg 5,15:25,2h 5m,"TP HCM (SGN)
Sân bay Tân Sơn Nhất
Nhà ga 1","Hải Phòng (HPH)
Sân bay quốc tế Cát Bi",Hành lý 1 x 23 kg,Hành lý xách tay 1 x 12 kg,29-04-2025
Vietnam Airlines,2.897.100 VND/khách,17:55,09 thg 5,09 thg 5,19:55,2h 0m,"TP HCM (SGN)
Sân bay Tân Sơn Nhất","Hải Phòng (HPH)
Sân bay quốc tế Cát Bi",Hành lý 1 x 23 kg,Hành lý xách tay 1 x 12 kg,29-04-2025
VietJet Air,3.858.597 VND/khách,11:35,09 thg 5,09 thg 5,13:35,2h 0m,"TP HCM (SGN)
Sân bay Tân Sơn Nhất
Nhà ga 1","Hải Phòng (HPH)
Sân bay quốc tế Cát Bi",Hành lý 0 kg,Hành lý xách tay 7 kg,29-04-2025
Bamboo Airways,1.663.416 VND/khách,20:05,09 thg 5,09 thg 5,22:10,2h 5m,"TP HCM (SGN)
Sân bay Tân Sơn Nhất","Hải Phòng (HPH)
Sân bay quốc tế Cát Bi",Hành lý 0 kg,Hành lý xách tay 7 kg,30-04-2025
VietJet Air,1.617.832 VND/khách,04:30,09 thg 5,09 thg 5,06:30,2h 0m,"TP HCM (SGN)
Sân bay Tân Sơn Nhất
Nhà ga 1","Hải Phòng (HPH)
Sân bay quốc tế Cát Bi",Hành lý 0 kg,Hành lý xách tay 7 kg,30-04-2025
VietJet Air,1.705.725 VND/khách,21:10,09 thg 5,09 thg 5,23:05,1h 55m,"TP HCM (SGN)
Sân bay Tân Sơn Nhất
Nhà ga 1","Hải Phòng (HPH)
Sân bay quốc tế Cát Bi",Hành lý 0 kg,Hành lý xách tay 7 kg,30-04-2025
VietJet Air,1.705.725 VND/khách,16:10,09 thg 5,09 thg 5,18:10,2h 0m,"TP HCM (SGN)
Sân bay Tân Sơn Nhất
Nhà ga 1","Hải Phòng (HPH)
Sân bay quốc tế Cát Bi",Hành lý 0 kg,Hành lý xách tay 7 kg,30-04-2025
VietJet Air,1.705.725 VND/khách,19:15,09 thg 5,09 thg 5,21:15,2h 0m,"TP HCM (SGN)
Sân bay Tân Sơn Nhất
Nhà ga 1","Hải Phòng (HPH)
Sân bay quốc tế Cát Bi",Hành lý 0 kg,Hành lý xách tay 7 kg,30-04-2025
VietJet Air,1.707.720 VND/khách,11:35,09 thg 5,09 thg 5,13:35,2h 0m,"TP HCM (SGN)
Sân bay Tân Sơn Nhất
Nhà ga 1","Hải Phòng (HPH)
Sân bay quốc tế Cát Bi",Hành lý 0 kg,Hành lý xách tay 7 kg,30-04-2025
Vietnam Airlines,2.458.223 VND/khách,20:30,09 thg 5,09 thg 5,22:30,2h 0m,"TP HCM (SGN)
Sân bay Tân Sơn Nhất","Hải Phòng (HPH)
Sân bay quốc tế Cát Bi",Hành lý 1 x 23 kg,Hành lý xách tay 1 x 12 kg,30-04-2025
Vietnam Airlines,2.458.223 VND/khách,13:20,09 thg 5,09 thg 5,15:25,2h 5m,"TP HCM (SGN)
Sân bay Tân Sơn Nhất
Nhà ga 1","Hải Phòng (HPH)
Sân bay quốc tế Cát Bi",Hành lý 1 x 23 kg,Hành lý xách tay 1 x 12 kg,30-04-2025
VietJet Air,1.617.745 VND/khách,21:10,10 thg 5,10 thg 5,23:05,1h 55m,"TP HCM (SGN)
Sân bay Tân Sơn Nhất
Nhà ga 1","Hải Phòng (HPH)
Sân bay quốc tế Cát Bi",Hành lý 0 kg,Hành lý xách tay 7 kg,01-05-2025
VietJet Air,1.704.728 VND/khách,04:30,10 thg 5,10 thg 5,06:30,2h 0m,"TP HCM (SGN)
Sân bay Tân Sơn Nhất
Nhà ga 1","Hải Phòng (HPH)
Sân bay quốc tế Cát Bi",Hành lý 0 kg,Hành lý xách tay 7 kg,01-05-2025
VietJet Air,1.889.220 VND/khách,09:15,10 thg 5,10 thg 5,11:15,2h 0m,"TP HCM (SGN)
Sân bay Tân Sơn Nhất
Nhà ga 1","Hải Phòng (HPH)
Sân bay quốc tế Cát Bi",Hành lý 0 kg,Hành lý xách tay 7 kg,01-05-2025
VietJet Air,1.889.220 VND/khách,14:05,10 thg 5,10 thg 5,16:05,2h 0m,"TP HCM (SGN)
Sân bay Tân Sơn Nhất
Nhà ga 1","Hải Phòng (HPH)
Sân bay quốc tế Cát Bi",Hành lý 0 kg,Hành lý xách tay 7 kg,01-05-2025
VietJet Air,1.889.220 VND/khách,16:10,10 thg 5,10 thg 5,18:10,2h 0m,"TP HCM (SGN)
Sân bay Tân Sơn Nhất
Nhà ga 1","Hải Phòng (HPH)
Sân bay quốc tế Cát Bi",Hành lý 0 kg,Hành lý xách tay 7 kg,01-05-2025
VietJet Air,1.889.220 VND/khách,19:15,10 thg 5,10 thg 5,21:15,2h 0m,"TP HCM (SGN)
Sân bay Tân Sơn Nhất
Nhà ga 1","Hải Phòng (HPH)
Sân bay quốc tế Cát Bi",Hành lý 0 kg,Hành lý xách tay 7 kg,01-05-2025
Vietnam Airlines,2.233.880 VND/khách,20:30,10 thg 5,10 thg 5,22:30,2h 0m,"TP HCM (SGN)
Sân bay Tân Sơn Nhất","Hải Phòng (HPH)
Sân bay quốc tế Cát Bi",Hành lý 1 x 23 kg,Hành lý xách tay 1 x 12 kg,01-05-2025
Vietnam Airlines,2.233.880 VND/khách,13:20,10 thg 5,10 thg 5,15:25,2h 5m,"TP HCM (SGN)
Sân bay Tân Sơn Nhất
Nhà ga 1","Hải Phòng (HPH)
Sân bay quốc tế Cát Bi",Hành lý 1 x 23 kg,Hành lý xách tay 1 x 12 kg,01-05-2025
Vietnam Airlines,2.664.333 VND/khách,17:55,10 thg 5,10 thg 5,19:55,2h 0m,"TP HCM (SGN)
Sân bay Tân Sơn Nhất","Hải Phòng (HPH)
Sân bay quốc tế Cát Bi",Hành lý 1 x 23 kg,Hành lý xách tay 1 x 12 kg,01-05-2025
Vietnam Airlines,3.884.112 VND/khách,07:45,10 thg 5,10 thg 5,09:45,2h 0m,"TP HCM (SGN)
Sân bay Tân Sơn Nhất","Hải Phòng (HPH)
Sân bay quốc tế Cát Bi",Hành lý 1 x 23 kg,Hành lý xách tay 1 x 12 kg,01-05-2025
VietJet Air,1.566.161 VND/khách,21:10,10 thg 5,10 thg 5,23:05,1h 55m,"TP HCM (SGN)
Sân bay Tân Sơn Nhất
Nhà ga 1","Hải Phòng (HPH)
Sân bay quốc tế Cát Bi",Hành lý 0 kg,Hành lý xách tay 7 kg,02-05-2025
VietJet Air,1.708.718 VND/khách,04:30,10 thg 5,10 thg 5,06:30,2h 0m,"TP HCM (SGN)
Sân bay Tân Sơn Nhất
Nhà ga 1","Hải Phòng (HPH)
Sân bay quốc tế Cát Bi",Hành lý 0 kg,Hành lý xách tay 7 kg,02-05-2025
VietJet Air,1.890.023 VND/khách,09:15,10 thg 5,10 thg 5,11:15,2h 0m,"TP HCM (SGN)
Sân bay Tân Sơn Nhất
Nhà ga 1","Hải Phòng (HPH)
Sân bay quốc tế Cát Bi",Hành lý 0 kg,Hành lý xách tay 7 kg,02-05-2025
VietJet Air,1.890.023 VND/khách,14:05,10 thg 5,10 thg 5,16:05,2h 0m,"TP HCM (SGN)
Sân bay Tân Sơn Nhất
Nhà ga 1","Hải Phòng (HPH)
Sân bay quốc tế Cát Bi",Hành lý 0 kg,Hành lý xách tay 7 kg,02-05-2025
VietJet Air,1.890.023 VND/khách,16:10,10 thg 5,10 thg 5,18:10,2h 0m,"TP HCM (SGN)
Sân bay Tân Sơn Nhất
Nhà ga 1","Hải Phòng (HPH)
Sân bay quốc tế Cát Bi",Hành lý 0 kg,Hành lý xách tay 7 kg,02-05-2025
VietJet Air,1.890.023 VND/khách,19:15,10 thg 5,10 thg 5,21:15,2h 0m,"TP HCM (SGN)
Sân bay Tân Sơn Nhất
Nhà ga 1","Hải Phòng (HPH)
Sân bay quốc tế Cát Bi",Hành lý 0 kg,Hành lý xách tay 7 kg,02-05-2025
Vietnam Airlines,2.457.623 VND/khách,13:20,10 thg 5,10 thg 5,15:25,2h 5m,"TP HCM (SGN)
Sân bay Tân Sơn Nhất
Nhà ga 1","Hải Phòng (HPH)
Sân bay quốc tế Cát Bi",Hành lý 1 x 23 kg,Hành lý xách tay 1 x 12 kg,02-05-2025
Vietnam Airlines,2.479.518 VND/khách,20:30,10 thg 5,10 thg 5,22:30,2h 0m,"TP HCM (SGN)
Sân bay Tân Sơn Nhất","Hải Phòng (HPH)
Sân bay quốc tế Cát Bi",Hành lý 1 x 23 kg,Hành lý xách tay 1 x 12 kg,02-05-2025
Vietnam Airlines,2.670.327 VND/khách,17:55,10 thg 5,10 thg 5,19:55,2h 0m,"TP HCM (SGN)
Sân bay Tân Sơn Nhất","Hải Phòng (HPH)
Sân bay quốc tế Cát Bi",Hành lý 1 x 23 kg,Hành lý xách tay 1 x 12 kg,02-05-2025
Vietnam Airlines,3.894.102 VND/khách,07:45,10 thg 5,10 thg 5,09:45,2h 0m,"TP HCM (SGN)
Sân bay Tân Sơn Nhất","Hải Phòng (HPH)
Sân bay quốc tế Cát Bi",Hành lý 1 x 23 kg,Hành lý xách tay 1 x 12 kg,02-05-2025
VietJet Air,1.575.053 VND/khách,21:10,10 thg 5,10 thg 5,23:05,1h 55m,"TP HCM (SGN)
Sân bay Tân Sơn Nhất
Nhà ga 1","Hải Phòng (HPH)
Sân bay quốc tế Cát Bi",Hành lý 0 kg,Hành lý xách tay 7 kg,03-05-2025
VietJet Air,1.721.685 VND/khách,04:30,10 thg 5,10 thg 5,06:30,2h 0m,"TP HCM (SGN)
Sân bay Tân Sơn Nhất
Nhà ga 1","Hải Phòng (HPH)
Sân bay quốc tế Cát Bi",Hành lý 0 kg,Hành lý xách tay 7 kg,03-05-2025
VietJet Air,1.838.393 VND/khách,09:15,10 thg 5,10 thg 5,11:15,2h 0m,"TP HCM (SGN)
Sân bay Tân Sơn Nhất
Nhà ga 1","Hải Phòng (HPH)
Sân bay quốc tế Cát Bi",Hành lý 0 kg,Hành lý xách tay 7 kg,03-05-2025
VietJet Air,1.838.393 VND/khách,14:05,10 thg 5,10 thg 5,16:05,2h 0m,"TP HCM (SGN)
Sân bay Tân Sơn Nhất
Nhà ga 1","Hải Phòng (HPH)
Sân bay quốc tế Cát Bi",Hành lý 0 kg,Hành lý xách tay 7 kg,03-05-2025
VietJet Air,1.838.393 VND/khách,16:10,10 thg 5,10 thg 5,18:10,2h 0m,"TP HCM (SGN)
Sân bay Tân Sơn Nhất
Nhà ga 1","Hải Phòng (HPH)
Sân bay quốc tế Cát Bi",Hành lý 0 kg,Hành lý xách tay 7 kg,03-05-2025
VietJet Air,1.838.393 VND/khách,19:15,10 thg 5,10 thg 5,21:15,2h 0m,"TP HCM (SGN)
Sân bay Tân Sơn Nhất
Nhà ga 1","Hải Phòng (HPH)
Sân bay quốc tế Cát Bi",Hành lý 0 kg,Hành lý xách tay 7 kg,03-05-2025
Vietnam Airlines,2.457.623 VND/khách,13:20,10 thg 5,10 thg 5,15:25,2h 5m,"TP HCM (SGN)
Sân bay Tân Sơn Nhất
Nhà ga 1","Hải Phòng (HPH)
Sân bay quốc tế Cát Bi",Hành lý 1 x 23 kg,Hành lý xách tay 1 x 12 kg,03-05-2025
Vietnam Airlines,2.467.530 VND/khách,20:30,10 thg 5,10 thg 5,22:30,2h 0m,"TP HCM (SGN)
Sân bay Tân Sơn Nhất","Hải Phòng (HPH)
Sân bay quốc tế Cát Bi",Hành lý 1 x 23 kg,Hành lý xách tay 1 x 12 kg,03-05-2025
Vietnam Airlines,2.723.274 VND/khách,17:55,10 thg 5,10 thg 5,19:55,2h 0m,"TP HCM (SGN)
Sân bay Tân Sơn Nhất","Hải Phòng (HPH)
Sân bay quốc tế Cát Bi",Hành lý 1 x 23 kg,Hành lý xách tay 1 x 12 kg,03-05-2025
Vietnam Airlines,3.921.075 VND/khách,07:45,10 thg 5,10 thg 5,09:45,2h 0m,"TP HCM (SGN)
Sân bay Tân Sơn Nhất","Hải Phòng (HPH)
Sân bay quốc tế Cát Bi",Hành lý 1 x 23 kg,Hành lý xách tay 1 x 12 kg,03-05-2025
VietJet Air,1.712.708 VND/khách,04:30,10 thg 5,10 thg 5,06:30,2h 0m,"TP HCM (SGN)
Sân bay Tân Sơn Nhất
Nhà ga 1","Hải Phòng (HPH)
Sân bay quốc tế Cát Bi",Hành lý 0 kg,Hành lý xách tay 7 kg,04-05-2025
VietJet Air,1.829.415 VND/khách,14:05,10 thg 5,10 thg 5,16:05,2h 0m,"TP HCM (SGN)
Sân bay Tân Sơn Nhất
Nhà ga 1","Hải Phòng (HPH)
Sân bay quốc tế Cát Bi",Hành lý 0 kg,Hành lý xách tay 7 kg,04-05-2025
VietJet Air,1.829.415 VND/khách,16:10,10 thg 5,10 thg 5,18:10,2h 0m,"TP HCM (SGN)
Sân bay Tân Sơn Nhất
Nhà ga 1","Hải Phòng (HPH)
Sân bay quốc tế Cát Bi",Hành lý 0 kg,Hành lý xách tay 7 kg,04-05-2025
VietJet Air,1.829.415 VND/khách,19:15,10 thg 5,10 thg 5,21:15,2h 0m,"TP HCM (SGN)
Sân bay Tân Sơn Nhất
Nhà ga 1","Hải Phòng (HPH)
Sân bay quốc tế Cát Bi",Hành lý 0 kg,Hành lý xách tay 7 kg,04-05-2025
VietJet Air,1.830.413 VND/khách,21:10,10 thg 5,10 thg 5,23:05,1h 55m,"TP HCM (SGN)
Sân bay Tân Sơn Nhất
Nhà ga 1","Hải Phòng (HPH)
Sân bay quốc tế Cát Bi",Hành lý 0 kg,Hành lý xách tay 7 kg,04-05-2025
VietJet Air,2.240.924 VND/khách,09:15,10 thg 5,10 thg 5,11:15,2h 0m,"TP HCM (SGN)
Sân bay Tân Sơn Nhất
Nhà ga 1","Hải Phòng (HPH)
Sân bay quốc tế Cát Bi",Hành lý 0 kg,Hành lý xách tay 7 kg,04-05-2025
Vietnam Airlines,2.660.149 VND/khách,17:55,10 thg 5,10 thg 5,19:55,2h 0m,"TP HCM (SGN)
Sân bay Tân Sơn Nhất","Hải Phòng (HPH)
Sân bay quốc tế Cát Bi",Hành lý 1 x 23 kg,Hành lý xách tay 1 x 12 kg,04-05-2025
Vietnam Airlines,2.660.149 VND/khách,20:30,10 thg 5,10 thg 5,22:30,2h 0m,"TP HCM (SGN)
Sân bay Tân Sơn Nhất","Hải Phòng (HPH)
Sân bay quốc tế Cát Bi",Hành lý 1 x 23 kg,Hành lý xách tay 1 x 12 kg,04-05-2025
Vietnam Airlines,2.660.149 VND/khách,13:20,10 thg 5,10 thg 5,15:25,2h 5m,"TP HCM (SGN)
Sân bay Tân Sơn Nhất
Nhà ga 1","Hải Phòng (HPH)
Sân bay quốc tế Cát Bi",Hành lý 1 x 23 kg,Hành lý xách tay 1 x 12 kg,04-05-2025
Vietnam Airlines,3.858.843 VND/khách,07:45,10 thg 5,10 thg 5,09:45,2h 0m,"TP HCM (SGN)
Sân bay Tân Sơn Nhất","Hải Phòng (HPH)
Sân bay quốc tế Cát Bi",Hành lý 1 x 23 kg,Hành lý xách tay 1 x 12 kg,04-05-2025
VietJet Air,1.618.425 VND/khách,21:10,10 thg 5,10 thg 5,23:05,1h 55m,"TP HCM (SGN)
Sân bay Tân Sơn Nhất
Nhà ga 1","Hải Phòng (HPH)
Sân bay quốc tế Cát Bi",Hành lý 0 kg,Hành lý xách tay 7 kg,05-05-2025
VietJet Air,1.890.015 VND/khách,04:30,10 thg 5,10 thg 5,06:30,2h 0m,"TP HCM (SGN)
Sân bay Tân Sơn Nhất
Nhà ga 1","Hải Phòng (HPH)
Sân bay quốc tế Cát Bi",Hành lý 0 kg,Hành lý xách tay 7 kg,05-05-2025
VietJet Air,1.890.015 VND/khách,14:05,10 thg 5,10 thg 5,16:05,2h 0m,"TP HCM (SGN)
Sân bay Tân Sơn Nhất
Nhà ga 1","Hải Phòng (HPH)
Sân bay quốc tế Cát Bi",Hành lý 0 kg,Hành lý xách tay 7 kg,05-05-2025
VietJet Air,1.890.015 VND/khách,16:10,10 thg 5,10 thg 5,18:10,2h 0m,"TP HCM (SGN)
Sân bay Tân Sơn Nhất
Nhà ga 1","Hải Phòng (HPH)
Sân bay quốc tế Cát Bi",Hành lý 0 kg,Hành lý xách tay 7 kg,05-05-2025
VietJet Air,1.890.015 VND/khách,19:15,10 thg 5,10 thg 5,21:15,2h 0m,"TP HCM (SGN)
Sân bay Tân Sơn Nhất
Nhà ga 1","Hải Phòng (HPH)
Sân bay quốc tế Cát Bi",Hành lý 0 kg,Hành lý xách tay 7 kg,05-05-2025
VietJet Air,2.168.452 VND/khách,09:15,10 thg 5,10 thg 5,11:15,2h 0m,"TP HCM (SGN)
Sân bay Tân Sơn Nhất
Nhà ga 1","Hải Phòng (HPH)
Sân bay quốc tế Cát Bi",Hành lý 0 kg,Hành lý xách tay 7 kg,05-05-2025
Vietnam Airlines,2.683.314 VND/khách,13:20,10 thg 5,10 thg 5,15:25,2h 5m,"TP HCM (SGN)
Sân bay Tân Sơn Nhất
Nhà ga 1","Hải Phòng (HPH)
Sân bay quốc tế Cát Bi",Hành lý 1 x 23 kg,Hành lý xách tay 10 kg,05-05-2025
Vietnam Airlines,2.702.295 VND/khách,17:55,10 thg 5,10 thg 5,19:55,2h 0m,"TP HCM (SGN)
Sân bay Tân Sơn Nhất","Hải Phòng (HPH)
Sân bay quốc tế Cát Bi",Hành lý 1 x 23 kg,Hành lý xách tay 10 kg,05-05-2025
Vietnam Airlines,2.946.051 VND/khách,20:30,10 thg 5,10 thg 5,22:30,2h 0m,"TP HCM (SGN)
Sân bay Tân Sơn Nhất","Hải Phòng (HPH)
Sân bay quốc tế Cát Bi",Hành lý 1 x 23 kg,Hành lý xách tay 10 kg,05-05-2025
VietJet Air,1.369.568 VND/khách,19:15,10 thg 5,10 thg 5,21:15,2h 0m,"TP HCM (SGN)
Sân bay Tân Sơn Nhất
Nhà ga 1","Hải Phòng (HPH)
Sân bay quốc tế Cát Bi",Hành lý 0 kg,Hành lý xách tay 7 kg,06-05-2025
VietJet Air,1.697.569 VND/khách,21:10,10 thg 5,10 thg 5,23:05,1h 55m,"TP HCM (SGN)
Sân bay Tân Sơn Nhất
Nhà ga 1","Hải Phòng (HPH)
Sân bay quốc tế Cát Bi",Hành lý 0 kg,Hành lý xách tay 7 kg,06-05-2025
VietJet Air,1.889.171 VND/khách,04:30,10 thg 5,10 thg 5,06:30,2h 0m,"TP HCM (SGN)
Sân bay Tân Sơn Nhất
Nhà ga 1","Hải Phòng (HPH)
Sân bay quốc tế Cát Bi",Hành lý 0 kg,Hành lý xách tay 7 kg,06-05-2025
VietJet Air,1.889.171 VND/khách,14:05,10 thg 5,10 thg 5,16:05,2h 0m,"TP HCM (SGN)
Sân bay Tân Sơn Nhất
Nhà ga 1","Hải Phòng (HPH)
Sân bay quốc tế Cát Bi",Hành lý 0 kg,Hành lý xách tay 7 kg,06-05-2025
VietJet Air,1.889.171 VND/khách,16:10,10 thg 5,10 thg 5,18:10,2h 0m,"TP HCM (SGN)
Sân bay Tân Sơn Nhất
Nhà ga 1","Hải Phòng (HPH)
Sân bay quốc tế Cát Bi",Hành lý 0 kg,Hành lý xách tay 7 kg,06-05-2025
VietJet Air,2.432.106 VND/khách,09:15,10 thg 5,10 thg 5,11:15,2h 0m,"TP HCM (SGN)
Sân bay Tân Sơn Nhất
Nhà ga 1","Hải Phòng (HPH)
Sân bay quốc tế Cát Bi",Hành lý 0 kg,Hành lý xách tay 7 kg,06-05-2025
Vietnam Airlines,2.679.318 VND/khách,13:20,10 thg 5,10 thg 5,15:25,2h 5m,"TP HCM (SGN)
Sân bay Tân Sơn Nhất
Nhà ga 1","Hải Phòng (HPH)
Sân bay quốc tế Cát Bi",Hành lý 1 x 23 kg,Hành lý xách tay 10 kg,06-05-2025
Vietnam Airlines,2.927.070 VND/khách,20:30,10 thg 5,10 thg 5,22:30,2h 0m,"TP HCM (SGN)
Sân bay Tân Sơn Nhất","Hải Phòng (HPH)
Sân bay quốc tế Cát Bi",Hành lý 1 x 23 kg,Hành lý xách tay 10 kg,06-05-2025
Vietnam Airlines,2.938.059 VND/khách,17:55,10 thg 5,10 thg 5,19:55,2h 0m,"TP HCM (SGN)
Sân bay Tân Sơn Nhất","Hải Phòng (HPH)
Sân bay quốc tế Cát Bi",Hành lý 1 x 23 kg,Hành lý xách tay 10 kg,06-05-2025
VietJet Air,1.612.455 VND/khách,04:30,10 thg 5,10 thg 5,06:30,2h 0m,"TP HCM (SGN)
Sân bay Tân Sơn Nhất
Nhà ga 1","Hải Phòng (HPH)
Sân bay quốc tế Cát Bi",Hành lý 0 kg,Hành lý xách tay 7 kg,07-05-2025
VietJet Air,1.612.455 VND/khách,16:10,10 thg 5,10 thg 5,18:10,2h 0m,"TP HCM (SGN)
Sân bay Tân Sơn Nhất
Nhà ga 1","Hải Phòng (HPH)
Sân bay quốc tế Cát Bi",Hành lý 0 kg,Hành lý xách tay 7 kg,07-05-2025
VietJet Air,1.612.455 VND/khách,19:15,10 thg 5,10 thg 5,21:15,2h 0m,"TP HCM (SGN)
Sân bay Tân Sơn Nhất
Nhà ga 1","Hải Phòng (HPH)
Sân bay quốc tế Cát Bi",Hành lý 0 kg,Hành lý xách tay 7 kg,07-05-2025
VietJet Air,1.693.755 VND/khách,21:10,10 thg 5,10 thg 5,23:05,1h 55m,"TP HCM (SGN)
Sân bay Tân Sơn Nhất
Nhà ga 1","Hải Phòng (HPH)
Sân bay quốc tế Cát Bi",Hành lý 0 kg,Hành lý xách tay 7 kg,07-05-2025
VietJet Air,1.883.923 VND/khách,14:05,10 thg 5,10 thg 5,16:05,2h 0m,"TP HCM (SGN)
Sân bay Tân Sơn Nhất
Nhà ga 1","Hải Phòng (HPH)
Sân bay quốc tế Cát Bi",Hành lý 0 kg,Hành lý xách tay 7 kg,07-05-2025
VietJet Air,2.163.382 VND/khách,09:15,10 thg 5,10 thg 5,11:15,2h 0m,"TP HCM (SGN)
Sân bay Tân Sơn Nhất
Nhà ga 1","Hải Phòng (HPH)
Sân bay quốc tế Cát Bi",Hành lý 0 kg,Hành lý xách tay 7 kg,07-05-2025
Vietnam Airlines,2.936.061 VND/khách,13:20,10 thg 5,10 thg 5,15:25,2h 5m,"TP HCM (SGN)
Sân bay Tân Sơn Nhất
Nhà ga 1","Hải Phòng (HPH)
Sân bay quốc tế Cát Bi",Hành lý 1 x 23 kg,Hành lý xách tay 10 kg,07-05-2025
Vietnam Airlines,3.141.855 VND/khách,17:55,10 thg 5,10 thg 5,19:55,2h 0m,"TP HCM (SGN)
Sân bay Tân Sơn Nhất","Hải Phòng (HPH)
Sân bay quốc tế Cát Bi",Hành lý 1 x 23 kg,Hành lý xách tay 10 kg,07-05-2025
Vietnam Airlines,3.145.851 VND/khách,20:30,10 thg 5,10 thg 5,22:30,2h 0m,"TP HCM (SGN)
Sân bay Tân Sơn Nhất","Hải Phòng (HPH)
Sân bay quốc tế Cát Bi",Hành lý 1 x 23 kg,Hành lý xách tay 10 kg,07-05-2025
VietJet Air,1.692.500 VND/khách,21:10,10 thg 5,10 thg 5,23:05,1h 55m,"TP HCM (SGN)
Sân bay Tân Sơn Nhất
Nhà ga 1","Hải Phòng (HPH)
Sân bay quốc tế Cát Bi",Hành lý 0 kg,Hành lý xách tay 7 kg,08-05-2025
VietJet Air,1.692.500 VND/khách,19:15,10 thg 5,10 thg 5,21:15,2h 0m,"TP HCM (SGN)
Sân bay Tân Sơn Nhất
Nhà ga 1","Hải Phòng (HPH)
Sân bay quốc tế Cát Bi",Hành lý 0 kg,Hành lý xách tay 7 kg,08-05-2025
VietJet Air,1.884.105 VND/khách,04:30,10 thg 5,10 thg 5,06:30,2h 0m,"TP HCM (SGN)
Sân bay Tân Sơn Nhất
Nhà ga 1","Hải Phòng (HPH)
Sân bay quốc tế Cát Bi",Hành lý 0 kg,Hành lý xách tay 7 kg,08-05-2025
VietJet Air,1.884.105 VND/khách,16:10,10 thg 5,10 thg 5,18:10,2h 0m,"TP HCM (SGN)
Sân bay Tân Sơn Nhất
Nhà ga 1","Hải Phòng (HPH)
Sân bay quốc tế Cát Bi",Hành lý 0 kg,Hành lý xách tay 7 kg,08-05-2025
VietJet Air,2.234.785 VND/khách,14:05,10 thg 5,10 thg 5,16:05,2h 0m,"TP HCM (SGN)
Sân bay Tân Sơn Nhất
Nhà ga 1","Hải Phòng (HPH)
Sân bay quốc tế Cát Bi",Hành lý 0 kg,Hành lý xách tay 7 kg,08-05-2025
VietJet Air,2.427.093 VND/khách,09:15,10 thg 5,10 thg 5,11:15,2h 0m,"TP HCM (SGN)
Sân bay Tân Sơn Nhất
Nhà ga 1","Hải Phòng (HPH)
Sân bay quốc tế Cát Bi",Hành lý 0 kg,Hành lý xách tay 7 kg,08-05-2025
Vietnam Airlines,2.999.473 VND/khách,13:20,10 thg 5,10 thg 5,15:25,2h 5m,"TP HCM (SGN)
Sân bay Tân Sơn Nhất
Nhà ga 1","Hải Phòng (HPH)
Sân bay quốc tế Cát Bi",Hành lý 1 x 23 kg,Hành lý xách tay 10 kg,08-05-2025
Vietnam Airlines,3.134.862 VND/khách,20:30,10 thg 5,10 thg 5,22:30,2h 0m,"TP HCM (SGN)
Sân bay Tân Sơn Nhất","Hải Phòng (HPH)
Sân bay quốc tế Cát Bi",Hành lý 1 x 23 kg,Hành lý xách tay 10 kg,08-05-2025
Vietnam Airlines,3.399.597 VND/khách,17:55,10 thg 5,10 thg 5,19:55,2h 0m,"TP HCM (SGN)
Sân bay Tân Sơn Nhất","Hải Phòng (HPH)
Sân bay quốc tế Cát Bi",Hành lý 1 x 23 kg,Hành lý xách tay 10 kg,08-05-2025
VietJet Air,1.880.288 VND/khách,21:10,10 thg 5,10 thg 5,23:05,1h 55m,"TP HCM (SGN)
Sân bay Tân Sơn Nhất
Nhà ga 1","Hải Phòng (HPH)
Sân bay quốc tế Cát Bi",Hành lý 0 kg,Hành lý xách tay 7 kg,09-05-2025
Vietnam Airlines,3.374.622 VND/khách,20:30,10 thg 5,10 thg 5,22:30,2h 0m,"TP HCM (SGN)
Sân bay Tân Sơn Nhất","Hải Phòng (HPH)
Sân bay quốc tế Cát Bi",Hành lý 1 x 23 kg,Hành lý xách tay 10 kg,09-05-2025
VietJet Air,3.798.480 VND/khách,14:05,10 thg 5,10 thg 5,16:05,2h 0m,"TP HCM (SGN)
Sân bay Tân Sơn Nhất
Nhà ga 1","Hải Phòng (HPH)
Sân bay quốc tế Cát Bi",Hành lý 0 kg,Hành lý xách tay 7 kg,09-05-2025
Vietnam Airlines,3.859.137 VND/khách,17:55,10 thg 5,10 thg 5,19:55,2h 0m,"TP HCM (SGN)
Sân bay Tân Sơn Nhất","Hải Phòng (HPH)
Sân bay quốc tế Cát Bi",Hành lý 1 x 23 kg,Hành lý xách tay 10 kg,09-05-2025
Vietnam Airlines,3.859.137 VND/khách,13:20,10 thg 5,10 thg 5,15:25,2h 5m,"TP HCM (SGN)
Sân bay Tân Sơn Nhất
Nhà ga 1","Hải Phòng (HPH)
Sân bay quốc tế Cát Bi",Hành lý 1 x 23 kg,Hành lý xách tay 10 kg,09-05-2025
VietJet Air,1.597.995 VND/khách,04:30,10 thg 5,10 thg 5,06:30,2h 0m,"TP HCM (SGN)
Sân bay Tân Sơn Nhất
Nhà ga 1","Hải Phòng (HPH)
Sân bay quốc tế Cát Bi",Hành lý 0 kg,Hành lý xách tay 7 kg,20-04-2025
VietJet Air,1.742.633 VND/khách,21:10,10 thg 5,10 thg 5,23:05,1h 55m,"TP HCM (SGN)
Sân bay Tân Sơn Nhất
Nhà ga 1","Hải Phòng (HPH)
Sân bay quốc tế Cát Bi",Hành lý 0 kg,Hành lý xách tay 7 kg,20-04-2025
VietJet Air,1.742.633 VND/khách,19:15,10 thg 5,10 thg 5,21:15,2h 0m,"TP HCM (SGN)
Sân bay Tân Sơn Nhất
Nhà ga 1","Hải Phòng (HPH)
Sân bay quốc tế Cát Bi",Hành lý 0 kg,Hành lý xách tay 7 kg,20-04-2025
VietJet Air,1.742.633 VND/khách,20:10,10 thg 5,10 thg 5,22:10,2h 0m,"TP HCM (SGN)
Sân bay Tân Sơn Nhất
Nhà ga 1","Hải Phòng (HPH)
Sân bay quốc tế Cát Bi",Hành lý 0 kg,Hành lý xách tay 7 kg,20-04-2025
Vietnam Airlines,1.749.249 VND/khách,20:30,10 thg 5,10 thg 5,22:30,2h 0m,"TP HCM (SGN)
Sân bay Tân Sơn Nhất","Hải Phòng (HPH)
Sân bay quốc tế Cát Bi",Hành lý 1 x 23 kg,Hành lý xách tay 1 x 12 kg,20-04-2025
Vietnam Airlines,1.804.194 VND/khách,13:20,10 thg 5,10 thg 5,15:25,2h 5m,"TP HCM (SGN)
Sân bay Tân Sơn Nhất","Hải Phòng (HPH)
Sân bay quốc tế Cát Bi",Hành lý 1 x 23 kg,Hành lý xách tay 1 x 12 kg,20-04-2025
VietJet Air,1.857.345 VND/khách,06:15,10 thg 5,10 thg 5,08:15,2h 0m,"TP HCM (SGN)
Sân bay Tân Sơn Nhất
Nhà ga 1","Hải Phòng (HPH)
Sân bay quốc tế Cát Bi",Hành lý 0 kg,Hành lý xách tay 7 kg,20-04-2025
VietJet Air,1.857.345 VND/khách,09:15,10 thg 5,10 thg 5,11:15,2h 0m,"TP HCM (SGN)
Sân bay Tân Sơn Nhất
Nhà ga 1","Hải Phòng (HPH)
Sân bay quốc tế Cát Bi",Hành lý 0 kg,Hành lý xách tay 7 kg,20-04-2025
VietJet Air,1.857.345 VND/khách,14:05,10 thg 5,10 thg 5,16:05,2h 0m,"TP HCM (SGN)
Sân bay Tân Sơn Nhất
Nhà ga 1","Hải Phòng (HPH)
Sân bay quốc tế Cát Bi",Hành lý 0 kg,Hành lý xách tay 7 kg,20-04-2025
VietJet Air,1.857.345 VND/khách,16:10,10 thg 5,10 thg 5,18:10,2h 0m,"TP HCM (SGN)
Sân bay Tân Sơn Nhất
Nhà ga 1","Hải Phòng (HPH)
Sân bay quốc tế Cát Bi",Hành lý 0 kg,Hành lý xách tay 7 kg,20-04-2025
Vietnam Airlines,2.030.967 VND/khách,17:55,10 thg 5,10 thg 5,19:55,2h 0m,"TP HCM (SGN)
Sân bay Tân Sơn Nhất","Hải Phòng (HPH)
Sân bay quốc tế Cát Bi",Hành lý 1 x 23 kg,Hành lý xách tay 1 x 12 kg,20-04-2025
VietJet Air,1.600.988 VND/khách,04:30,10 thg 5,10 thg 5,06:30,2h 0m,"TP HCM (SGN)
Sân bay Tân Sơn Nhất
Nhà ga 1","Hải Phòng (HPH)
Sân bay quốc tế Cát Bi",Hành lý 0 kg,Hành lý xách tay 7 kg,21-04-2025
VietJet Air,1.741.635 VND/khách,21:10,10 thg 5,10 thg 5,23:05,1h 55m,"TP HCM (SGN)
Sân bay Tân Sơn Nhất
Nhà ga 1","Hải Phòng (HPH)
Sân bay quốc tế Cát Bi",Hành lý 0 kg,Hành lý xách tay 7 kg,21-04-2025
VietJet Air,1.741.635 VND/khách,19:15,10 thg 5,10 thg 5,21:15,2h 0m,"TP HCM (SGN)
Sân bay Tân Sơn Nhất
Nhà ga 1","Hải Phòng (HPH)
Sân bay quốc tế Cát Bi",Hành lý 0 kg,Hành lý xách tay 7 kg,21-04-2025
VietJet Air,1.741.635 VND/khách,20:10,10 thg 5,10 thg 5,22:10,2h 0m,"TP HCM (SGN)
Sân bay Tân Sơn Nhất
Nhà ga 1","Hải Phòng (HPH)
Sân bay quốc tế Cát Bi",Hành lý 0 kg,Hành lý xách tay 7 kg,21-04-2025
Vietnam Airlines,1.751.247 VND/khách,20:30,10 thg 5,10 thg 5,22:30,2h 0m,"TP HCM (SGN)
Sân bay Tân Sơn Nhất","Hải Phòng (HPH)
Sân bay quốc tế Cát Bi",Hành lý 1 x 23 kg,Hành lý xách tay 1 x 12 kg,21-04-2025
Vietnam Airlines,1.800.198 VND/khách,13:20,10 thg 5,10 thg 5,15:25,2h 5m,"TP HCM (SGN)
Sân bay Tân Sơn Nhất","Hải Phòng (HPH)
Sân bay quốc tế Cát Bi",Hành lý 1 x 23 kg,Hành lý xách tay 1 x 12 kg,21-04-2025
VietJet Air,1.860.338 VND/khách,06:15,10 thg 5,10 thg 5,08:15,2h 0m,"TP HCM (SGN)
Sân bay Tân Sơn Nhất
Nhà ga 1","Hải Phòng (HPH)
Sân bay quốc tế Cát Bi",Hành lý 0 kg,Hành lý xách tay 7 kg,21-04-2025
VietJet Air,1.860.338 VND/khách,09:15,10 thg 5,10 thg 5,11:15,2h 0m,"TP HCM (SGN)
Sân bay Tân Sơn Nhất
Nhà ga 1","Hải Phòng (HPH)
Sân bay quốc tế Cát Bi",Hành lý 0 kg,Hành lý xách tay 7 kg,21-04-2025
VietJet Air,1.860.338 VND/khách,14:05,10 thg 5,10 thg 5,16:05,2h 0m,"TP HCM (SGN)
Sân bay Tân Sơn Nhất
Nhà ga 1","Hải Phòng (HPH)
Sân bay quốc tế Cát Bi",Hành lý 0 kg,Hành lý xách tay 7 kg,21-04-2025
VietJet Air,1.860.338 VND/khách,16:10,10 thg 5,10 thg 5,18:10,2h 0m,"TP HCM (SGN)
Sân bay Tân Sơn Nhất
Nhà ga 1","Hải Phòng (HPH)
Sân bay quốc tế Cát Bi",Hành lý 0 kg,Hành lý xách tay 7 kg,21-04-2025
Vietnam Airlines,1.997.001 VND/khách,17:55,10 thg 5,10 thg 5,19:55,2h 0m,"TP HCM (SGN)
Sân bay Tân Sơn Nhất","Hải Phòng (HPH)
Sân bay quốc tế Cát Bi",Hành lý 1 x 23 kg,Hành lý xách tay 1 x 12 kg,21-04-2025
VietJet Air,1.608.968 VND/khách,04:30,10 thg 5,10 thg 5,06:30,2h 0m,"TP HCM (SGN)
Sân bay Tân Sơn Nhất
Nhà ga 1","Hải Phòng (HPH)
Sân bay quốc tế Cát Bi",Hành lý 0 kg,Hành lý xách tay 7 kg,22-04-2025
VietJet Air,1.753.605 VND/khách,21:10,10 thg 5,10 thg 5,23:05,1h 55m,"TP HCM (SGN)
Sân bay Tân Sơn Nhất
Nhà ga 1","Hải Phòng (HPH)
Sân bay quốc tế Cát Bi",Hành lý 0 kg,Hành lý xách tay 7 kg,22-04-2025
VietJet Air,1.868.318 VND/khách,09:15,10 thg 5,10 thg 5,11:15,2h 0m,"TP HCM (SGN)
Sân bay Tân Sơn Nhất
Nhà ga 1","Hải Phòng (HPH)
Sân bay quốc tế Cát Bi",Hành lý 0 kg,Hành lý xách tay 7 kg,22-04-2025
VietJet Air,1.868.318 VND/khách,14:05,10 thg 5,10 thg 5,16:05,2h 0m,"TP HCM (SGN)
Sân bay Tân Sơn Nhất
Nhà ga 1","Hải Phòng (HPH)
Sân bay quốc tế Cát Bi",Hành lý 0 kg,Hành lý xách tay 7 kg,22-04-2025
VietJet Air,1.868.318 VND/khách,16:10,10 thg 5,10 thg 5,18:10,2h 0m,"TP HCM (SGN)
Sân bay Tân Sơn Nhất
Nhà ga 1","Hải Phòng (HPH)
Sân bay quốc tế Cát Bi",Hành lý 0 kg,Hành lý xách tay 7 kg,22-04-2025
VietJet Air,1.868.318 VND/khách,19:15,10 thg 5,10 thg 5,21:15,2h 0m,"TP HCM (SGN)
Sân bay Tân Sơn Nhất
Nhà ga 1","Hải Phòng (HPH)
Sân bay quốc tế Cát Bi",Hành lý 0 kg,Hành lý xách tay 7 kg,22-04-2025
Vietnam Airlines,2.007.063 VND/khách,17:55,10 thg 5,10 thg 5,19:55,2h 0m,"TP HCM (SGN)
Sân bay Tân Sơn Nhất","Hải Phòng (HPH)
Sân bay quốc tế Cát Bi",Hành lý 23 kg,Hành lý xách tay 1 x 12 kg,22-04-2025
Vietnam Airlines,2.007.063 VND/khách,20:30,10 thg 5,10 thg 5,22:30,2h 0m,"TP HCM (SGN)
Sân bay Tân Sơn Nhất","Hải Phòng (HPH)
Sân bay quốc tế Cát Bi",Hành lý 23 kg,Hành lý xách tay 1 x 12 kg,22-04-2025
Vietnam Airlines,2.007.063 VND/khách,13:20,10 thg 5,10 thg 5,15:25,2h 5m,"TP HCM (SGN)
Sân bay Tân Sơn Nhất
Nhà ga 1","Hải Phòng (HPH)
Sân bay quốc tế Cát Bi",Hành lý 23 kg,Hành lý xách tay 1 x 12 kg,22-04-2025
Vietnam Airlines,3.637.625 VND/khách,07:45,10 thg 5,10 thg 5,09:45,2h 0m,"TP HCM (SGN)
Sân bay Tân Sơn Nhất","Hải Phòng (HPH)
Sân bay quốc tế Cát Bi",Hành lý 23 kg,Hành lý xách tay 1 x 12 kg,22-04-2025
VietJet Air,1.614.953 VND/khách,04:30,10 thg 5,10 thg 5,06:30,2h 0m,"TP HCM (SGN)
Sân bay Tân Sơn Nhất
Nhà ga 1","Hải Phòng (HPH)
Sân bay quốc tế Cát Bi",,,23-04-2025
VietJet Air,1.756.598 VND/khách,21:10,10 thg 5,10 thg 5,23:05,1h 55m,"TP HCM (SGN)
Sân bay Tân Sơn Nhất
Nhà ga 1","Hải Phòng (HPH)
Sân bay quốc tế Cát Bi",,,23-04-2025
VietJet Air,1.872.308 VND/khách,09:15,10 thg 5,10 thg 5,11:15,2h 0m,"TP HCM (SGN)
Sân bay Tân Sơn Nhất
Nhà ga 1","Hải Phòng (HPH)
Sân bay quốc tế Cát Bi",,,23-04-2025
VietJet Air,1.872.308 VND/khách,14:05,10 thg 5,10 thg 5,16:05,2h 0m,"TP HCM (SGN)
Sân bay Tân Sơn Nhất
Nhà ga 1","Hải Phòng (HPH)
Sân bay quốc tế Cát Bi",,,23-04-2025
VietJet Air,1.872.308 VND/khách,16:10,10 thg 5,10 thg 5,18:10,2h 0m,"TP HCM (SGN)
Sân bay Tân Sơn Nhất
Nhà ga 1","Hải Phòng (HPH)
Sân bay quốc tế Cát Bi",,,23-04-2025
VietJet Air,1.872.308 VND/khách,19:15,10 thg 5,10 thg 5,21:15,2h 0m,"TP HCM (SGN)
Sân bay Tân Sơn Nhất
Nhà ga 1","Hải Phòng (HPH)
Sân bay quốc tế Cát Bi",,,23-04-2025
Vietnam Airlines,1.987.011 VND/khách,20:30,10 thg 5,10 thg 5,22:30,2h 0m,"TP HCM (SGN)
Sân bay Tân Sơn Nhất
Nhà ga 3","Hải Phòng (HPH)
Sân bay quốc tế Cát Bi",,,23-04-2025
Vietnam Airlines,2.042.955 VND/khách,13:20,10 thg 5,10 thg 5,15:25,2h 5m,"TP HCM (SGN)
Sân bay Tân Sơn Nhất
Nhà ga 1","Hải Phòng (HPH)
Sân bay quốc tế Cát Bi",,,23-04-2025
Vietnam Airlines,2.259.738 VND/khách,17:55,10 thg 5,10 thg 5,19:55,2h 0m,"TP HCM (SGN)
Sân bay Tân Sơn Nhất
Nhà ga 3","Hải Phòng (HPH)
Sân bay quốc tế Cát Bi",,,23-04-2025
Vietnam Airlines,3.705.291 VND/khách,07:45,10 thg 5,10 thg 5,09:45,2h 0m,"TP HCM (SGN)
Sân bay Tân Sơn Nhất
Nhà ga 3","Hải Phòng (HPH)
Sân bay quốc tế Cát Bi",,,23-04-2025
VietJet Air,1.612.958 VND/khách,04:30,10 thg 5,10 thg 5,06:30,2h 0m,"TP HCM (SGN)
Sân bay Tân Sơn Nhất
Nhà ga 1","Hải Phòng (HPH)
Sân bay quốc tế Cát Bi",,,24-04-2025
VietJet Air,1.758.593 VND/khách,21:10,10 thg 5,10 thg 5,23:05,1h 55m,"TP HCM (SGN)
Sân bay Tân Sơn Nhất
Nhà ga 1","Hải Phòng (HPH)
Sân bay quốc tế Cát Bi",,,24-04-2025
VietJet Air,1.873.305 VND/khách,09:15,10 thg 5,10 thg 5,11:15,2h 0m,"TP HCM (SGN)
Sân bay Tân Sơn Nhất
Nhà ga 1","Hải Phòng (HPH)
Sân bay quốc tế Cát Bi",,,24-04-2025
VietJet Air,1.873.305 VND/khách,14:05,10 thg 5,10 thg 5,16:05,2h 0m,"TP HCM (SGN)
Sân bay Tân Sơn Nhất
Nhà ga 1","Hải Phòng (HPH)
Sân bay quốc tế Cát Bi",,,24-04-2025
VietJet Air,1.873.305 VND/khách,16:10,10 thg 5,10 thg 5,18:10,2h 0m,"TP HCM (SGN)
Sân bay Tân Sơn Nhất
Nhà ga 1","Hải Phòng (HPH)
Sân bay quốc tế Cát Bi",,,24-04-2025
VietJet Air,1.873.305 VND/khách,19:15,10 thg 5,10 thg 5,21:15,2h 0m,"TP HCM (SGN)
Sân bay Tân Sơn Nhất
Nhà ga 1","Hải Phòng (HPH)
Sân bay quốc tế Cát Bi",,,24-04-2025
Vietnam Airlines,2.009.769 VND/khách,20:30,10 thg 5,10 thg 5,22:30,2h 0m,"TP HCM (SGN)
Sân bay Tân Sơn Nhất
Nhà ga T3","Hải Phòng (HPH)
Sân bay quốc tế Cát Bi",,,24-04-2025
Vietnam Airlines,2.028.969 VND/khách,13:20,10 thg 5,10 thg 5,15:25,2h 5m,"TP HCM (SGN)
Sân bay Tân Sơn Nhất
Nhà ga 1","Hải Phòng (HPH)
Sân bay quốc tế Cát Bi",,,24-04-2025
Vietnam Airlines,2.253.744 VND/khách,17:55,10 thg 5,10 thg 5,19:55,2h 0m,"TP HCM (SGN)
Sân bay Tân Sơn Nhất
Nhà ga T3","Hải Phòng (HPH)
Sân bay quốc tế Cát Bi",,,24-04-2025
Vietnam Airlines,3.701.295 VND/khách,07:45,10 thg 5,10 thg 5,09:45,2h 0m,"TP HCM (SGN)
Sân bay Tân Sơn Nhất
Nhà ga T3","Hải Phòng (HPH)
Sân bay quốc tế Cát Bi",,,24-04-2025
VietJet Air,1.612.958 VND/khách,04:30,10 thg 5,10 thg 5,06:30,2h 0m,"TP HCM (SGN)
Sân bay Tân Sơn Nhất
Nhà ga 1","Hải Phòng (HPH)
Sân bay quốc tế Cát Bi",Hành lý 0 kg,Hành lý xách tay 7 kg,25-04-2025
VietJet Air,1.754.603 VND/khách,21:10,10 thg 5,10 thg 5,23:05,1h 55m,"TP HCM (SGN)
Sân bay Tân Sơn Nhất
Nhà ga 1","Hải Phòng (HPH)
Sân bay quốc tế Cát Bi",Hành lý 0 kg,Hành lý xách tay 7 kg,25-04-2025
VietJet Air,1.870.313 VND/khách,09:15,10 thg 5,10 thg 5,11:15,2h 0m,"TP HCM (SGN)
Sân bay Tân Sơn Nhất
Nhà ga 1","Hải Phòng (HPH)
Sân bay quốc tế Cát Bi",Hành lý 0 kg,Hành lý xách tay 7 kg,25-04-2025
VietJet Air,1.870.313 VND/khách,14:05,10 thg 5,10 thg 5,16:05,2h 0m,"TP HCM (SGN)
Sân bay Tân Sơn Nhất
Nhà ga 1","Hải Phòng (HPH)
Sân bay quốc tế Cát Bi",Hành lý 0 kg,Hành lý xách tay 7 kg,25-04-2025
VietJet Air,1.870.313 VND/khách,16:10,10 thg 5,10 thg 5,18:10,2h 0m,"TP HCM (SGN)
Sân bay Tân Sơn Nhất
Nhà ga 1","Hải Phòng (HPH)
Sân bay quốc tế Cát Bi",Hành lý 0 kg,Hành lý xách tay 7 kg,25-04-2025
VietJet Air,1.870.313 VND/khách,19:15,10 thg 5,10 thg 5,21:15,2h 0m,"TP HCM (SGN)
Sân bay Tân Sơn Nhất
Nhà ga 1","Hải Phòng (HPH)
Sân bay quốc tế Cát Bi",Hành lý 0 kg,Hành lý xách tay 7 kg,25-04-2025
Vietnam Airlines,2.009.769 VND/khách,20:30,10 thg 5,10 thg 5,22:30,2h 0m,"TP HCM (SGN)
Sân bay Tân Sơn Nhất
Nhà ga T3","Hải Phòng (HPH)
Sân bay quốc tế Cát Bi",Hành lý 1 x 23 kg,Hành lý xách tay 1 x 12 kg,25-04-2025
Vietnam Airlines,2.026.971 VND/khách,13:20,10 thg 5,10 thg 5,15:25,2h 5m,"TP HCM (SGN)
Sân bay Tân Sơn Nhất
Nhà ga 1","Hải Phòng (HPH)
Sân bay quốc tế Cát Bi",Hành lý 1 x 23 kg,Hành lý xách tay 1 x 12 kg,25-04-2025
Vietnam Airlines,2.254.743 VND/khách,17:55,10 thg 5,10 thg 5,19:55,2h 0m,"TP HCM (SGN)
Sân bay Tân Sơn Nhất
Nhà ga T3","Hải Phòng (HPH)
Sân bay quốc tế Cát Bi",Hành lý 1 x 23 kg,Hành lý xách tay 1 x 12 kg,25-04-2025
Vietnam Airlines,3.703.293 VND/khách,07:45,10 thg 5,10 thg 5,09:45,2h 0m,"TP HCM (SGN)
Sân bay Tân Sơn Nhất
Nhà ga T3","Hải Phòng (HPH)
Sân bay quốc tế Cát Bi",Hành lý 1 x 23 kg,Hành lý xách tay 1 x 12 kg,25-04-2025
VietJet Air,1.586.025 VND/khách,04:30,10 thg 5,10 thg 5,06:30,2h 0m,"TP HCM (SGN)
Sân bay Tân Sơn Nhất
Nhà ga 1","Hải Phòng (HPH)
Sân bay quốc tế Cát Bi",Hành lý 0 kg,Hành lý xách tay 7 kg,26-04-2025
VietJet Air,1.731.660 VND/khách,21:10,10 thg 5,10 thg 5,23:05,1h 55m,"TP HCM (SGN)
Sân bay Tân Sơn Nhất
Nhà ga 1","Hải Phòng (HPH)
Sân bay quốc tế Cát Bi",Hành lý 0 kg,Hành lý xách tay 7 kg,26-04-2025
VietJet Air,1.847.370 VND/khách,09:15,10 thg 5,10 thg 5,11:15,2h 0m,"TP HCM (SGN)
Sân bay Tân Sơn Nhất
Nhà ga 1","Hải Phòng (HPH)
Sân bay quốc tế Cát Bi",Hành lý 0 kg,Hành lý xách tay 7 kg,26-04-2025
VietJet Air,1.847.370 VND/khách,14:05,10 thg 5,10 thg 5,16:05,2h 0m,"TP HCM (SGN)
Sân bay Tân Sơn Nhất
Nhà ga 1","Hải Phòng (HPH)
Sân bay quốc tế Cát Bi",Hành lý 0 kg,Hành lý xách tay 7 kg,26-04-2025
VietJet Air,1.847.370 VND/khách,16:10,10 thg 5,10 thg 5,18:10,2h 0m,"TP HCM (SGN)
Sân bay Tân Sơn Nhất
Nhà ga 1","Hải Phòng (HPH)
Sân bay quốc tế Cát Bi",Hành lý 0 kg,Hành lý xách tay 7 kg,26-04-2025
VietJet Air,1.847.370 VND/khách,19:15,10 thg 5,10 thg 5,21:15,2h 0m,"TP HCM (SGN)
Sân bay Tân Sơn Nhất
Nhà ga 1","Hải Phòng (HPH)
Sân bay quốc tế Cát Bi",Hành lý 0 kg,Hành lý xách tay 7 kg,26-04-2025
Vietnam Airlines,2.014.983 VND/khách,20:30,10 thg 5,10 thg 5,22:30,2h 0m,"TP HCM (SGN)
Sân bay Tân Sơn Nhất
Nhà ga T3","Hải Phòng (HPH)
Sân bay quốc tế Cát Bi",Hành lý 1 x 23 kg,Hành lý xách tay 1 x 12 kg,26-04-2025
Vietnam Airlines,2.014.983 VND/khách,13:20,10 thg 5,10 thg 5,15:25,2h 5m,"TP HCM (SGN)
Sân bay Tân Sơn Nhất
Nhà ga 1","Hải Phòng (HPH)
Sân bay quốc tế Cát Bi",Hành lý 1 x 23 kg,Hành lý xách tay 1 x 12 kg,26-04-2025
Vietnam Airlines,2.230.767 VND/khách,17:55,10 thg 5,10 thg 5,19:55,2h 0m,"TP HCM (SGN)
Sân bay Tân Sơn Nhất
Nhà ga T3","Hải Phòng (HPH)
Sân bay quốc tế Cát Bi",Hành lý 1 x 23 kg,Hành lý xách tay 1 x 12 kg,26-04-2025
Vietnam Airlines,3.901.095 VND/khách,07:45,10 thg 5,10 thg 5,09:45,2h 0m,"TP HCM (SGN)
Sân bay Tân Sơn Nhất
Nhà ga T3","Hải Phòng (HPH)
Sân bay quốc tế Cát Bi",Hành lý 1 x 23 kg,Hành lý xách tay 1 x 12 kg,26-04-2025
VietJet Air,1.578.045 VND/khách,04:30,10 thg 5,10 thg 5,06:30,2h 0m,"TP HCM (SGN)
Sân bay Tân Sơn Nhất
Nhà ga 1","Hải Phòng (HPH)
Sân bay quốc tế Cát Bi",Hành lý 0 kg,Hành lý xách tay 7 kg,27-04-2025
VietJet Air,1.723.680 VND/khách,21:10,10 thg 5,10 thg 5,23:05,1h 55m,"TP HCM (SGN)
Sân bay Tân Sơn Nhất
Nhà ga 1","Hải Phòng (HPH)
Sân bay quốc tế Cát Bi",Hành lý 0 kg,Hành lý xách tay 7 kg,27-04-2025
VietJet Air,1.838.393 VND/khách,09:15,10 thg 5,10 thg 5,11:15,2h 0m,"TP HCM (SGN)
Sân bay Tân Sơn Nhất
Nhà ga 1","Hải Phòng (HPH)
Sân bay quốc tế Cát Bi",Hành lý 0 kg,Hành lý xách tay 7 kg,27-04-2025
VietJet Air,1.838.393 VND/khách,14:05,10 thg 5,10 thg 5,16:05,2h 0m,"TP HCM (SGN)
Sân bay Tân Sơn Nhất
Nhà ga 1","Hải Phòng (HPH)
Sân bay quốc tế Cát Bi",Hành lý 0 kg,Hành lý xách tay 7 kg,27-04-2025
VietJet Air,1.838.393 VND/khách,16:10,10 thg 5,10 thg 5,18:10,2h 0m,"TP HCM (SGN)
Sân bay Tân Sơn Nhất
Nhà ga 1","Hải Phòng (HPH)
Sân bay quốc tế Cát Bi",Hành lý 0 kg,Hành lý xách tay 7 kg,27-04-2025
VietJet Air,1.838.393 VND/khách,19:15,10 thg 5,10 thg 5,21:15,2h 0m,"TP HCM (SGN)
Sân bay Tân Sơn Nhất
Nhà ga 1","Hải Phòng (HPH)
Sân bay quốc tế Cát Bi",Hành lý 0 kg,Hành lý xách tay 7 kg,27-04-2025
Vietnam Airlines,1.956.042 VND/khách,20:30,10 thg 5,10 thg 5,22:30,2h 0m,"TP HCM (SGN)
Sân bay Tân Sơn Nhất","Hải Phòng (HPH)
Sân bay quốc tế Cát Bi",Hành lý 1 x 23 kg,Hành lý xách tay 1 x 12 kg,27-04-2025
Vietnam Airlines,1.956.042 VND/khách,13:20,10 thg 5,10 thg 5,15:25,2h 5m,"TP HCM (SGN)
Sân bay Tân Sơn Nhất
Nhà ga 1","Hải Phòng (HPH)
Sân bay quốc tế Cát Bi",Hành lý 1 x 23 kg,Hành lý xách tay 1 x 12 kg,27-04-2025
Vietnam Airlines,2.235.163 VND/khách,17:55,10 thg 5,10 thg 5,19:55,2h 0m,"TP HCM (SGN)
Sân bay Tân Sơn Nhất","Hải Phòng (HPH)
Sân bay quốc tế Cát Bi",Hành lý 1 x 23 kg,Hành lý xách tay 1 x 12 kg,27-04-2025
VietJet Air,1.389.518 VND/khách,21:10,10 thg 5,10 thg 5,23:05,1h 55m,"TP HCM (SGN)
Sân bay Tân Sơn Nhất
Nhà ga 1","Hải Phòng (HPH)
Sân bay quốc tế Cát Bi",Hành lý 0 kg,Hành lý xách tay 7 kg,28-04-2025
VietJet Air,1.575.053 VND/khách,04:30,10 thg 5,10 thg 5,06:30,2h 0m,"TP HCM (SGN)
Sân bay Tân Sơn Nhất
Nhà ga 1","Hải Phòng (HPH)
Sân bay quốc tế Cát Bi",Hành lý 0 kg,Hành lý xách tay 7 kg,28-04-2025
VietJet Air,1.834.403 VND/khách,14:05,10 thg 5,10 thg 5,16:05,2h 0m,"TP HCM (SGN)
Sân bay Tân Sơn Nhất
Nhà ga 1","Hải Phòng (HPH)
Sân bay quốc tế Cát Bi",Hành lý 0 kg,Hành lý xách tay 7 kg,28-04-2025
VietJet Air,1.834.403 VND/khách,16:10,10 thg 5,10 thg 5,18:10,2h 0m,"TP HCM (SGN)
Sân bay Tân Sơn Nhất
Nhà ga 1","Hải Phòng (HPH)
Sân bay quốc tế Cát Bi",Hành lý 0 kg,Hành lý xách tay 7 kg,28-04-2025
VietJet Air,1.834.403 VND/khách,19:15,10 thg 5,10 thg 5,21:15,2h 0m,"TP HCM (SGN)
Sân bay Tân Sơn Nhất
Nhà ga 1","Hải Phòng (HPH)
Sân bay quốc tế Cát Bi",Hành lý 0 kg,Hành lý xách tay 7 kg,28-04-2025
Vietnam Airlines,2.007.990 VND/khách,13:20,10 thg 5,10 thg 5,15:25,2h 5m,"TP HCM (SGN)
Sân bay Tân Sơn Nhất
Nhà ga 1","Hải Phòng (HPH)
Sân bay quốc tế Cát Bi",Hành lý 1 x 23 kg,Hành lý xách tay 1 x 12 kg,28-04-2025
Vietnam Airlines,2.245.752 VND/khách,20:30,10 thg 5,10 thg 5,22:30,2h 0m,"TP HCM (SGN)
Sân bay Tân Sơn Nhất","Hải Phòng (HPH)
Sân bay quốc tế Cát Bi",Hành lý 1 x 23 kg,Hành lý xách tay 1 x 12 kg,28-04-2025
Vietnam Airlines,2.256.741 VND/khách,17:55,10 thg 5,10 thg 5,19:55,2h 0m,"TP HCM (SGN)
Sân bay Tân Sơn Nhất","Hải Phòng (HPH)
Sân bay quốc tế Cát Bi",Hành lý 1 x 23 kg,Hành lý xách tay 1 x 12 kg,28-04-2025
VietJet Air,3.857.682 VND/khách,09:15,10 thg 5,10 thg 5,11:15,2h 0m,"TP HCM (SGN)
Sân bay Tân Sơn Nhất
Nhà ga 1","Hải Phòng (HPH)
Sân bay quốc tế Cát Bi",Hành lý 0 kg,Hành lý xách tay 7 kg,28-04-2025
Vietnam Airlines,3.875.121 VND/khách,07:45,10 thg 5,10 thg 5,09:45,2h 0m,"TP HCM (SGN)
Sân bay Tân Sơn Nhất","Hải Phòng (HPH)
Sân bay quốc tế Cát Bi",Hành lý 1 x 23 kg,Hành lý xách tay 1 x 12 kg,28-04-2025
VietJet Air,1.618.243 VND/khách,21:10,10 thg 5,10 thg 5,23:05,1h 55m,"TP HCM (SGN)
Sân bay Tân Sơn Nhất
Nhà ga 1","Hải Phòng (HPH)
Sân bay quốc tế Cát Bi",Hành lý 0 kg,Hành lý xách tay 7 kg,29-04-2025
VietJet Air,1.618.243 VND/khách,04:30,10 thg 5,10 thg 5,06:30,2h 0m,"TP HCM (SGN)
Sân bay Tân Sơn Nhất
Nhà ga 1","Hải Phòng (HPH)
Sân bay quốc tế Cát Bi",Hành lý 0 kg,Hành lý xách tay 7 kg,29-04-2025
VietJet Air,1.889.802 VND/khách,09:15,10 thg 5,10 thg 5,11:15,2h 0m,"TP HCM (SGN)
Sân bay Tân Sơn Nhất
Nhà ga 1","Hải Phòng (HPH)
Sân bay quốc tế Cát Bi",Hành lý 0 kg,Hành lý xách tay 7 kg,29-04-2025
VietJet Air,1.889.802 VND/khách,14:05,10 thg 5,10 thg 5,16:05,2h 0m,"TP HCM (SGN)
Sân bay Tân Sơn Nhất
Nhà ga 1","Hải Phòng (HPH)
Sân bay quốc tế Cát Bi",Hành lý 0 kg,Hành lý xách tay 7 kg,29-04-2025
VietJet Air,1.889.802 VND/khách,16:10,10 thg 5,10 thg 5,18:10,2h 0m,"TP HCM (SGN)
Sân bay Tân Sơn Nhất
Nhà ga 1","Hải Phòng (HPH)
Sân bay quốc tế Cát Bi",Hành lý 0 kg,Hành lý xách tay 7 kg,29-04-2025
VietJet Air,1.889.802 VND/khách,19:15,10 thg 5,10 thg 5,21:15,2h 0m,"TP HCM (SGN)
Sân bay Tân Sơn Nhất
Nhà ga 1","Hải Phòng (HPH)
Sân bay quốc tế Cát Bi",Hành lý 0 kg,Hành lý xách tay 7 kg,29-04-2025
Vietnam Airlines,2.200.797 VND/khách,13:20,10 thg 5,10 thg 5,15:25,2h 5m,"TP HCM (SGN)
Sân bay Tân Sơn Nhất
Nhà ga 1","Hải Phòng (HPH)
Sân bay quốc tế Cát Bi",Hành lý 1 x 23 kg,Hành lý xách tay 1 x 12 kg,29-04-2025
Vietnam Airlines,2.238.759 VND/khách,20:30,10 thg 5,10 thg 5,22:30,2h 0m,"TP HCM (SGN)
Sân bay Tân Sơn Nhất","Hải Phòng (HPH)
Sân bay quốc tế Cát Bi",Hành lý 1 x 23 kg,Hành lý xách tay 1 x 12 kg,29-04-2025
Vietnam Airlines,2.450.547 VND/khách,17:55,10 thg 5,10 thg 5,19:55,2h 0m,"TP HCM (SGN)
Sân bay Tân Sơn Nhất","Hải Phòng (HPH)
Sân bay quốc tế Cát Bi",Hành lý 1 x 23 kg,Hành lý xách tay 1 x 12 kg,29-04-2025
Vietnam Airlines,3.888.108 VND/khách,07:45,10 thg 5,10 thg 5,09:45,2h 0m,"TP HCM (SGN)
Sân bay Tân Sơn Nhất","Hải Phòng (HPH)
Sân bay quốc tế Cát Bi",Hành lý 1 x 23 kg,Hành lý xách tay 1 x 12 kg,29-04-2025
VietJet Air,1.617.832 VND/khách,21:10,10 thg 5,10 thg 5,23:05,1h 55m,"TP HCM (SGN)
Sân bay Tân Sơn Nhất
Nhà ga 1","Hải Phòng (HPH)
Sân bay quốc tế Cát Bi",Hành lý 0 kg,Hành lý xách tay 7 kg,30-04-2025
VietJet Air,1.617.832 VND/khách,04:30,10 thg 5,10 thg 5,06:30,2h 0m,"TP HCM (SGN)
Sân bay Tân Sơn Nhất
Nhà ga 1","Hải Phòng (HPH)
Sân bay quốc tế Cát Bi",Hành lý 0 kg,Hành lý xách tay 7 kg,30-04-2025
VietJet Air,1.889.321 VND/khách,09:15,10 thg 5,10 thg 5,11:15,2h 0m,"TP HCM (SGN)
Sân bay Tân Sơn Nhất
Nhà ga 1","Hải Phòng (HPH)
Sân bay quốc tế Cát Bi",Hành lý 0 kg,Hành lý xách tay 7 kg,30-04-2025
VietJet Air,1.889.321 VND/khách,14:05,10 thg 5,10 thg 5,16:05,2h 0m,"TP HCM (SGN)
Sân bay Tân Sơn Nhất
Nhà ga 1","Hải Phòng (HPH)
Sân bay quốc tế Cát Bi",Hành lý 0 kg,Hành lý xách tay 7 kg,30-04-2025
VietJet Air,1.889.321 VND/khách,16:10,10 thg 5,10 thg 5,18:10,2h 0m,"TP HCM (SGN)
Sân bay Tân Sơn Nhất
Nhà ga 1","Hải Phòng (HPH)
Sân bay quốc tế Cát Bi",Hành lý 0 kg,Hành lý xách tay 7 kg,30-04-2025
VietJet Air,1.889.321 VND/khách,19:15,10 thg 5,10 thg 5,21:15,2h 0m,"TP HCM (SGN)
Sân bay Tân Sơn Nhất
Nhà ga 1","Hải Phòng (HPH)
Sân bay quốc tế Cát Bi",Hành lý 0 kg,Hành lý xách tay 7 kg,30-04-2025
Vietnam Airlines,2.192.805 VND/khách,13:20,10 thg 5,10 thg 5,15:25,2h 5m,"TP HCM (SGN)
Sân bay Tân Sơn Nhất
Nhà ga 1","Hải Phòng (HPH)
Sân bay quốc tế Cát Bi",Hành lý 1 x 23 kg,Hành lý xách tay 1 x 12 kg,30-04-2025
Vietnam Airlines,2.460.537 VND/khách,20:30,10 thg 5,10 thg 5,22:30,2h 0m,"TP HCM (SGN)
Sân bay Tân Sơn Nhất","Hải Phòng (HPH)
Sân bay quốc tế Cát Bi",Hành lý 1 x 23 kg,Hành lý xách tay 1 x 12 kg,30-04-2025
Vietnam Airlines,2.676.321 VND/khách,17:55,10 thg 5,10 thg 5,19:55,2h 0m,"TP HCM (SGN)
Sân bay Tân Sơn Nhất","Hải Phòng (HPH)
Sân bay quốc tế Cát Bi",Hành lý 1 x 23 kg,Hành lý xách tay 1 x 12 kg,30-04-2025
Vietnam Airlines,3.886.110 VND/khách,07:45,10 thg 5,10 thg 5,09:45,2h 0m,"TP HCM (SGN)
Sân bay Tân Sơn Nhất","Hải Phòng (HPH)
Sân bay quốc tế Cát Bi",Hành lý 1 x 23 kg,Hành lý xách tay 1 x 12 kg,30-04-2025
Bamboo Airways,1.553.270 VND/khách,20:05,11 thg 5,11 thg 5,22:10,2h 5m,"TP HCM (SGN)
Sân bay Tân Sơn Nhất","Hải Phòng (HPH)
Sân bay quốc tế Cát Bi",Hành lý 0 kg,Hành lý xách tay 7 kg,01-05-2025
VietJet Air,1.359.593 VND/khách,21:10,11 thg 5,11 thg 5,23:05,1h 55m,"TP HCM (SGN)
Sân bay Tân Sơn Nhất
Nhà ga 1","Hải Phòng (HPH)
Sân bay quốc tế Cát Bi",Hành lý 0 kg,Hành lý xách tay 7 kg,01-05-2025
VietJet Air,1.617.745 VND/khách,04:30,11 thg 5,11 thg 5,06:30,2h 0m,"TP HCM (SGN)
Sân bay Tân Sơn Nhất
Nhà ga 1","Hải Phòng (HPH)
Sân bay quốc tế Cát Bi",Hành lý 0 kg,Hành lý xách tay 7 kg,01-05-2025
VietJet Air,1.889.220 VND/khách,11:35,11 thg 5,11 thg 5,13:35,2h 0m,"TP HCM (SGN)
Sân bay Tân Sơn Nhất
Nhà ga 1","Hải Phòng (HPH)
Sân bay quốc tế Cát Bi",Hành lý 0 kg,Hành lý xách tay 7 kg,01-05-2025
VietJet Air,1.889.220 VND/khách,16:10,11 thg 5,11 thg 5,18:10,2h 0m,"TP HCM (SGN)
Sân bay Tân Sơn Nhất
Nhà ga 1","Hải Phòng (HPH)
Sân bay quốc tế Cát Bi",Hành lý 0 kg,Hành lý xách tay 7 kg,01-05-2025
VietJet Air,1.889.220 VND/khách,19:15,11 thg 5,11 thg 5,21:15,2h 0m,"TP HCM (SGN)
Sân bay Tân Sơn Nhất
Nhà ga 1","Hải Phòng (HPH)
Sân bay quốc tế Cát Bi",Hành lý 0 kg,Hành lý xách tay 7 kg,01-05-2025
Vietnam Airlines,2.233.880 VND/khách,17:55,11 thg 5,11 thg 5,19:55,2h 0m,"TP HCM (SGN)
Sân bay Tân Sơn Nhất","Hải Phòng (HPH)
Sân bay quốc tế Cát Bi",Hành lý 1 x 23 kg,Hành lý xách tay 1 x 12 kg,01-05-2025
Vietnam Airlines,2.233.880 VND/khách,13:20,11 thg 5,11 thg 5,15:25,2h 5m,"TP HCM (SGN)
Sân bay Tân Sơn Nhất
Nhà ga 1","Hải Phòng (HPH)
Sân bay quốc tế Cát Bi",Hành lý 1 x 23 kg,Hành lý xách tay 1 x 12 kg,01-05-2025
Vietnam Airlines,2.458.831 VND/khách,20:30,11 thg 5,11 thg 5,22:30,2h 0m,"TP HCM (SGN)
Sân bay Tân Sơn Nhất","Hải Phòng (HPH)
Sân bay quốc tế Cát Bi",Hành lý 1 x 23 kg,Hành lý xách tay 1 x 12 kg,01-05-2025
Bamboo Airways,1.553.270 VND/khách,20:05,11 thg 5,11 thg 5,22:10,2h 5m,"TP HCM (SGN)
Sân bay Tân Sơn Nhất","Hải Phòng (HPH)
Sân bay quốc tế Cát Bi",Hành lý 0 kg,Hành lý xách tay 7 kg,02-05-2025
VietJet Air,1.366.575 VND/khách,21:10,11 thg 5,11 thg 5,23:05,1h 55m,"TP HCM (SGN)
Sân bay Tân Sơn Nhất
Nhà ga 1","Hải Phòng (HPH)
Sân bay quốc tế Cát Bi",Hành lý 0 kg,Hành lý xách tay 7 kg,02-05-2025
VietJet Air,1.566.161 VND/khách,04:30,11 thg 5,11 thg 5,06:30,2h 0m,"TP HCM (SGN)
Sân bay Tân Sơn Nhất
Nhà ga 1","Hải Phòng (HPH)
Sân bay quốc tế Cát Bi",Hành lý 0 kg,Hành lý xách tay 7 kg,02-05-2025
VietJet Air,1.890.023 VND/khách,11:35,11 thg 5,11 thg 5,13:35,2h 0m,"TP HCM (SGN)
Sân bay Tân Sơn Nhất
Nhà ga 1","Hải Phòng (HPH)
Sân bay quốc tế Cát Bi",Hành lý 0 kg,Hành lý xách tay 7 kg,02-05-2025
VietJet Air,1.890.023 VND/khách,16:10,11 thg 5,11 thg 5,18:10,2h 0m,"TP HCM (SGN)
Sân bay Tân Sơn Nhất
Nhà ga 1","Hải Phòng (HPH)
Sân bay quốc tế Cát Bi",Hành lý 0 kg,Hành lý xách tay 7 kg,02-05-2025
VietJet Air,1.890.023 VND/khách,19:15,11 thg 5,11 thg 5,21:15,2h 0m,"TP HCM (SGN)
Sân bay Tân Sơn Nhất
Nhà ga 1","Hải Phòng (HPH)
Sân bay quốc tế Cát Bi",Hành lý 0 kg,Hành lý xách tay 7 kg,02-05-2025
Vietnam Airlines,2.240.757 VND/khách,13:20,11 thg 5,11 thg 5,15:25,2h 5m,"TP HCM (SGN)
Sân bay Tân Sơn Nhất
Nhà ga 1","Hải Phòng (HPH)
Sân bay quốc tế Cát Bi",Hành lý 1 x 23 kg,Hành lý xách tay 1 x 12 kg,02-05-2025
Vietnam Airlines,2.476.521 VND/khách,20:30,11 thg 5,11 thg 5,22:30,2h 0m,"TP HCM (SGN)
Sân bay Tân Sơn Nhất","Hải Phòng (HPH)
Sân bay quốc tế Cát Bi",Hành lý 1 x 23 kg,Hành lý xách tay 1 x 12 kg,02-05-2025
Vietnam Airlines,2.687.310 VND/khách,17:55,11 thg 5,11 thg 5,19:55,2h 0m,"TP HCM (SGN)
Sân bay Tân Sơn Nhất","Hải Phòng (HPH)
Sân bay quốc tế Cát Bi",Hành lý 1 x 23 kg,Hành lý xách tay 1 x 12 kg,02-05-2025
Bamboo Airways,1.553.270 VND/khách,20:05,11 thg 5,11 thg 5,22:10,2h 5m,"TP HCM (SGN)
Sân bay Tân Sơn Nhất","Hải Phòng (HPH)
Sân bay quốc tế Cát Bi",Hành lý 0 kg,Hành lý xách tay 7 kg,03-05-2025
VietJet Air,1.575.053 VND/khách,21:10,11 thg 5,11 thg 5,23:05,1h 55m,"TP HCM (SGN)
Sân bay Tân Sơn Nhất
Nhà ga 1","Hải Phòng (HPH)
Sân bay quốc tế Cát Bi",Hành lý 0 kg,Hành lý xách tay 7 kg,03-05-2025
VietJet Air,1.575.053 VND/khách,04:30,11 thg 5,11 thg 5,06:30,2h 0m,"TP HCM (SGN)
Sân bay Tân Sơn Nhất
Nhà ga 1","Hải Phòng (HPH)
Sân bay quốc tế Cát Bi",Hành lý 0 kg,Hành lý xách tay 7 kg,03-05-2025
VietJet Air,1.838.393 VND/khách,11:35,11 thg 5,11 thg 5,13:35,2h 0m,"TP HCM (SGN)
Sân bay Tân Sơn Nhất
Nhà ga 1","Hải Phòng (HPH)
Sân bay quốc tế Cát Bi",Hành lý 0 kg,Hành lý xách tay 7 kg,03-05-2025
VietJet Air,1.838.393 VND/khách,16:10,11 thg 5,11 thg 5,18:10,2h 0m,"TP HCM (SGN)
Sân bay Tân Sơn Nhất
Nhà ga 1","Hải Phòng (HPH)
Sân bay quốc tế Cát Bi",Hành lý 0 kg,Hành lý xách tay 7 kg,03-05-2025
Bamboo Airways,1.536.390 VND/khách,20:05,11 thg 5,11 thg 5,22:10,2h 5m,"TP HCM (SGN)
Sân bay Tân Sơn Nhất","Hải Phòng (HPH)
Sân bay quốc tế Cát Bi",Hành lý 0 kg,Hành lý xách tay 7 kg,04-05-2025
VietJet Air,1.570.065 VND/khách,21:10,11 thg 5,11 thg 5,23:05,1h 55m,"TP HCM (SGN)
Sân bay Tân Sơn Nhất
Nhà ga 1","Hải Phòng (HPH)
Sân bay quốc tế Cát Bi",Hành lý 0 kg,Hành lý xách tay 7 kg,04-05-2025
VietJet Air,1.570.065 VND/khách,04:30,11 thg 5,11 thg 5,06:30,2h 0m,"TP HCM (SGN)
Sân bay Tân Sơn Nhất
Nhà ga 1","Hải Phòng (HPH)
Sân bay quốc tế Cát Bi",Hành lý 0 kg,Hành lý xách tay 7 kg,04-05-2025
VietJet Air,1.829.415 VND/khách,11:35,11 thg 5,11 thg 5,13:35,2h 0m,"TP HCM (SGN)
Sân bay Tân Sơn Nhất
Nhà ga 1","Hải Phòng (HPH)
Sân bay quốc tế Cát Bi",Hành lý 0 kg,Hành lý xách tay 7 kg,04-05-2025
VietJet Air,1.829.415 VND/khách,16:10,11 thg 5,11 thg 5,18:10,2h 0m,"TP HCM (SGN)
Sân bay Tân Sơn Nhất
Nhà ga 1","Hải Phòng (HPH)
Sân bay quốc tế Cát Bi",Hành lý 0 kg,Hành lý xách tay 7 kg,04-05-2025
VietJet Air,1.829.415 VND/khách,19:15,11 thg 5,11 thg 5,21:15,2h 0m,"TP HCM (SGN)
Sân bay Tân Sơn Nhất
Nhà ga 1","Hải Phòng (HPH)
Sân bay quốc tế Cát Bi",Hành lý 0 kg,Hành lý xách tay 7 kg,04-05-2025
Vietnam Airlines,2.688.309 VND/khách,17:55,11 thg 5,11 thg 5,19:55,2h 0m,"TP HCM (SGN)
Sân bay Tân Sơn Nhất","Hải Phòng (HPH)
Sân bay quốc tế Cát Bi",Hành lý 1 x 23 kg,Hành lý xách tay 1 x 12 kg,04-05-2025
Vietnam Airlines,2.688.309 VND/khách,20:30,11 thg 5,11 thg 5,22:30,2h 0m,"TP HCM (SGN)
Sân bay Tân Sơn Nhất","Hải Phòng (HPH)
Sân bay quốc tế Cát Bi",Hành lý 1 x 23 kg,Hành lý xách tay 1 x 12 kg,04-05-2025
Vietnam Airlines,2.695.302 VND/khách,13:20,11 thg 5,11 thg 5,15:25,2h 5m,"TP HCM (SGN)
Sân bay Tân Sơn Nhất
Nhà ga 1","Hải Phòng (HPH)
Sân bay quốc tế Cát Bi",Hành lý 1 x 23 kg,Hành lý xách tay 1 x 12 kg,04-05-2025
Bamboo Airways,1.437.140 VND/khách,20:05,11 thg 5,11 thg 5,22:10,2h 5m,"TP HCM (SGN)
Sân bay Tân Sơn Nhất","Hải Phòng (HPH)
Sân bay quốc tế Cát Bi",Hành lý 0 kg,Hành lý xách tay 7 kg,05-05-2025
VietJet Air,1.618.425 VND/khách,04:30,11 thg 5,11 thg 5,06:30,2h 0m,"TP HCM (SGN)
Sân bay Tân Sơn Nhất
Nhà ga 1","Hải Phòng (HPH)
Sân bay quốc tế Cát Bi",Hành lý 0 kg,Hành lý xách tay 7 kg,05-05-2025
VietJet Air,1.697.745 VND/khách,21:10,11 thg 5,11 thg 5,23:05,1h 55m,"TP HCM (SGN)
Sân bay Tân Sơn Nhất
Nhà ga 1","Hải Phòng (HPH)
Sân bay quốc tế Cát Bi",Hành lý 0 kg,Hành lý xách tay 7 kg,05-05-2025
VietJet Air,1.890.015 VND/khách,11:35,11 thg 5,11 thg 5,13:35,2h 0m,"TP HCM (SGN)
Sân bay Tân Sơn Nhất
Nhà ga 1","Hải Phòng (HPH)
Sân bay quốc tế Cát Bi",Hành lý 0 kg,Hành lý xách tay 7 kg,05-05-2025
VietJet Air,1.890.015 VND/khách,16:10,11 thg 5,11 thg 5,18:10,2h 0m,"TP HCM (SGN)
Sân bay Tân Sơn Nhất
Nhà ga 1","Hải Phòng (HPH)
Sân bay quốc tế Cát Bi",Hành lý 0 kg,Hành lý xách tay 7 kg,05-05-2025
VietJet Air,1.890.015 VND/khách,19:15,11 thg 5,11 thg 5,21:15,2h 0m,"TP HCM (SGN)
Sân bay Tân Sơn Nhất
Nhà ga 1","Hải Phòng (HPH)
Sân bay quốc tế Cát Bi",Hành lý 0 kg,Hành lý xách tay 7 kg,05-05-2025
Vietnam Airlines,2.687.310 VND/khách,20:30,11 thg 5,11 thg 5,22:30,2h 0m,"TP HCM (SGN)
Sân bay Tân Sơn Nhất","Hải Phòng (HPH)
Sân bay quốc tế Cát Bi",Hành lý 1 x 23 kg,Hành lý xách tay 10 kg,05-05-2025
Vietnam Airlines,2.950.047 VND/khách,17:55,11 thg 5,11 thg 5,19:55,2h 0m,"TP HCM (SGN)
Sân bay Tân Sơn Nhất","Hải Phòng (HPH)
Sân bay quốc tế Cát Bi",Hành lý 1 x 23 kg,Hành lý xách tay 10 kg,05-05-2025
Vietnam Airlines,3.636.822 VND/khách,13:20,11 thg 5,11 thg 5,15:25,2h 5m,"TP HCM (SGN)
Sân bay Tân Sơn Nhất
Nhà ga 1","Hải Phòng (HPH)
Sân bay quốc tế Cát Bi",Hành lý 1 x 23 kg,Hành lý xách tay 10 kg,05-05-2025
Bamboo Airways,1.806.199 VND/khách,20:05,11 thg 5,11 thg 5,22:10,2h 5m,"TP HCM (SGN)
Sân bay Tân Sơn Nhất","Hải Phòng (HPH)
Sân bay quốc tế Cát Bi",Hành lý 0 kg,Hành lý xách tay 7 kg,06-05-2025
VietJet Air,1.369.568 VND/khách,19:15,11 thg 5,11 thg 5,21:15,2h 0m,"TP HCM (SGN)
Sân bay Tân Sơn Nhất
Nhà ga 1","Hải Phòng (HPH)
Sân bay quốc tế Cát Bi",Hành lý 0 kg,Hành lý xách tay 7 kg,06-05-2025
VietJet Air,1.617.703 VND/khách,21:10,11 thg 5,11 thg 5,23:05,1h 55m,"TP HCM (SGN)
Sân bay Tân Sơn Nhất
Nhà ga 1","Hải Phòng (HPH)
Sân bay quốc tế Cát Bi",Hành lý 0 kg,Hành lý xách tay 7 kg,06-05-2025
VietJet Air,1.617.703 VND/khách,04:30,11 thg 5,11 thg 5,06:30,2h 0m,"TP HCM (SGN)
Sân bay Tân Sơn Nhất
Nhà ga 1","Hải Phòng (HPH)
Sân bay quốc tế Cát Bi",Hành lý 0 kg,Hành lý xách tay 7 kg,06-05-2025
VietJet Air,1.889.171 VND/khách,11:35,11 thg 5,11 thg 5,13:35,2h 0m,"TP HCM (SGN)
Sân bay Tân Sơn Nhất
Nhà ga 1","Hải Phòng (HPH)
Sân bay quốc tế Cát Bi",Hành lý 0 kg,Hành lý xách tay 7 kg,06-05-2025
VietJet Air,1.889.171 VND/khách,16:10,11 thg 5,11 thg 5,18:10,2h 0m,"TP HCM (SGN)
Sân bay Tân Sơn Nhất
Nhà ga 1","Hải Phòng (HPH)
Sân bay quốc tế Cát Bi",Hành lý 0 kg,Hành lý xách tay 7 kg,06-05-2025
Vietnam Airlines,2.683.314 VND/khách,20:30,11 thg 5,11 thg 5,22:30,2h 0m,"TP HCM (SGN)
Sân bay Tân Sơn Nhất","Hải Phòng (HPH)
Sân bay quốc tế Cát Bi",Hành lý 1 x 23 kg,Hành lý xách tay 10 kg,06-05-2025
Vietnam Airlines,2.938.059 VND/khách,17:55,11 thg 5,11 thg 5,19:55,2h 0m,"TP HCM (SGN)
Sân bay Tân Sơn Nhất","Hải Phòng (HPH)
Sân bay quốc tế Cát Bi",Hành lý 1 x 23 kg,Hành lý xách tay 10 kg,06-05-2025
Vietnam Airlines,3.699.297 VND/khách,13:20,11 thg 5,11 thg 5,15:25,2h 5m,"TP HCM (SGN)
Sân bay Tân Sơn Nhất
Nhà ga 1","Hải Phòng (HPH)
Sân bay quốc tế Cát Bi",Hành lý 1 x 23 kg,Hành lý xách tay 10 kg,06-05-2025
Bamboo Airways,1.938.782 VND/khách,20:05,11 thg 5,11 thg 5,22:10,2h 5m,"TP HCM (SGN)
Sân bay Tân Sơn Nhất","Hải Phòng (HPH)
Sân bay quốc tế Cát Bi",Hành lý 0 kg,Hành lý xách tay 7 kg,07-05-2025
VietJet Air,1.612.455 VND/khách,21:10,11 thg 5,11 thg 5,23:05,1h 55m,"TP HCM (SGN)
Sân bay Tân Sơn Nhất
Nhà ga 1","Hải Phòng (HPH)
Sân bay quốc tế Cát Bi",Hành lý 0 kg,Hành lý xách tay 7 kg,07-05-2025
VietJet Air,1.612.455 VND/khách,04:30,11 thg 5,11 thg 5,06:30,2h 0m,"TP HCM (SGN)
Sân bay Tân Sơn Nhất
Nhà ga 1","Hải Phòng (HPH)
Sân bay quốc tế Cát Bi",Hành lý 0 kg,Hành lý xách tay 7 kg,07-05-2025
VietJet Air,1.693.755 VND/khách,19:15,11 thg 5,11 thg 5,21:15,2h 0m,"TP HCM (SGN)
Sân bay Tân Sơn Nhất
Nhà ga 1","Hải Phòng (HPH)
Sân bay quốc tế Cát Bi",Hành lý 0 kg,Hành lý xách tay 7 kg,07-05-2025
VietJet Air,1.883.923 VND/khách,16:10,11 thg 5,11 thg 5,18:10,2h 0m,"TP HCM (SGN)
Sân bay Tân Sơn Nhất
Nhà ga 1","Hải Phòng (HPH)
Sân bay quốc tế Cát Bi",Hành lý 0 kg,Hành lý xách tay 7 kg,07-05-2025
VietJet Air,2.064.901 VND/khách,11:35,11 thg 5,11 thg 5,13:35,2h 0m,"TP HCM (SGN)
Sân bay Tân Sơn Nhất
Nhà ga 1","Hải Phòng (HPH)
Sân bay quốc tế Cát Bi",Hành lý 0 kg,Hành lý xách tay 7 kg,07-05-2025
Vietnam Airlines,2.928.069 VND/khách,20:30,11 thg 5,11 thg 5,22:30,2h 0m,"TP HCM (SGN)
Sân bay Tân Sơn Nhất","Hải Phòng (HPH)
Sân bay quốc tế Cát Bi",Hành lý 1 x 23 kg,Hành lý xách tay 10 kg,07-05-2025
Vietnam Airlines,3.145.851 VND/khách,17:55,11 thg 5,11 thg 5,19:55,2h 0m,"TP HCM (SGN)
Sân bay Tân Sơn Nhất","Hải Phòng (HPH)
Sân bay quốc tế Cát Bi",Hành lý 1 x 23 kg,Hành lý xách tay 10 kg,07-05-2025
Vietnam Airlines,3.681.315 VND/khách,07:45,11 thg 5,11 thg 5,09:45,2h 0m,"TP HCM (SGN)
Sân bay Tân Sơn Nhất","Hải Phòng (HPH)
Sân bay quốc tế Cát Bi",Hành lý 1 x 23 kg,Hành lý xách tay 10 kg,07-05-2025
Bamboo Airways,1.938.782 VND/khách,20:05,11 thg 5,11 thg 5,22:10,2h 5m,"TP HCM (SGN)
Sân bay Tân Sơn Nhất","Hải Phòng (HPH)
Sân bay quốc tế Cát Bi",Hành lý 0 kg,Hành lý xách tay 7 kg,08-05-2025
VietJet Air,1.612.612 VND/khách,04:30,11 thg 5,11 thg 5,06:30,2h 0m,"TP HCM (SGN)
Sân bay Tân Sơn Nhất
Nhà ga 1","Hải Phòng (HPH)
Sân bay quốc tế Cát Bi",Hành lý 0 kg,Hành lý xách tay 7 kg,08-05-2025
VietJet Air,1.692.500 VND/khách,21:10,11 thg 5,11 thg 5,23:05,1h 55m,"TP HCM (SGN)
Sân bay Tân Sơn Nhất
Nhà ga 1","Hải Phòng (HPH)
Sân bay quốc tế Cát Bi",Hành lý 0 kg,Hành lý xách tay 7 kg,08-05-2025
VietJet Air,1.692.500 VND/khách,19:15,11 thg 5,11 thg 5,21:15,2h 0m,"TP HCM (SGN)
Sân bay Tân Sơn Nhất
Nhà ga 1","Hải Phòng (HPH)
Sân bay quốc tế Cát Bi",Hành lý 0 kg,Hành lý xách tay 7 kg,08-05-2025
VietJet Air,1.884.105 VND/khách,16:10,11 thg 5,11 thg 5,18:10,2h 0m,"TP HCM (SGN)
Sân bay Tân Sơn Nhất
Nhà ga 1","Hải Phòng (HPH)
Sân bay quốc tế Cát Bi",Hành lý 0 kg,Hành lý xách tay 7 kg,08-05-2025
VietJet Air,2.234.785 VND/khách,11:40,11 thg 5,11 thg 5,13:35,1h 55m,"TP HCM (SGN)
Sân bay Tân Sơn Nhất
Nhà ga 1","Hải Phòng (HPH)
Sân bay quốc tế Cát Bi",Hành lý 0 kg,Hành lý xách tay 7 kg,08-05-2025
Vietnam Airlines,3.115.861 VND/khách,20:30,11 thg 5,11 thg 5,22:30,2h 0m,"TP HCM (SGN)
Sân bay Tân Sơn Nhất","Hải Phòng (HPH)
Sân bay quốc tế Cát Bi",Hành lý 1 x 23 kg,Hành lý xách tay 10 kg,08-05-2025
Vietnam Airlines,3.372.162 VND/khách,17:55,11 thg 5,11 thg 5,19:55,2h 0m,"TP HCM (SGN)
Sân bay Tân Sơn Nhất","Hải Phòng (HPH)
Sân bay quốc tế Cát Bi",Hành lý 1 x 23 kg,Hành lý xách tay 10 kg,08-05-2025
Vietnam Airlines,3.889.107 VND/khách,07:45,11 thg 5,11 thg 5,09:45,2h 0m,"TP HCM (SGN)
Sân bay Tân Sơn Nhất","Hải Phòng (HPH)
Sân bay quốc tế Cát Bi",Hành lý 1 x 23 kg,Hành lý xách tay 10 kg,08-05-2025
Bamboo Airways,2.159.075 VND/khách,20:05,11 thg 5,11 thg 5,22:10,2h 5m,"TP HCM (SGN)
Sân bay Tân Sơn Nhất","Hải Phòng (HPH)
Sân bay quốc tế Cát Bi",Hành lý 0 kg,Hành lý xách tay 7 kg,09-05-2025
VietJet Air,1.707.720 VND/khách,21:10,11 thg 5,11 thg 5,23:05,1h 55m,"TP HCM (SGN)
Sân bay Tân Sơn Nhất
Nhà ga 1","Hải Phòng (HPH)
Sân bay quốc tế Cát Bi",Hành lý 0 kg,Hành lý xách tay 7 kg,09-05-2025
VietJet Air,1.707.720 VND/khách,04:30,11 thg 5,11 thg 5,06:30,2h 0m,"TP HCM (SGN)
Sân bay Tân Sơn Nhất
Nhà ga 1","Hải Phòng (HPH)
Sân bay quốc tế Cát Bi",Hành lý 0 kg,Hành lý xách tay 7 kg,09-05-2025
VietJet Air,1.823.909 VND/khách,16:10,11 thg 5,11 thg 5,18:10,2h 0m,"TP HCM (SGN)
Sân bay Tân Sơn Nhất
Nhà ga 1","Hải Phòng (HPH)
Sân bay quốc tế Cát Bi",Hành lý 0 kg,Hành lý xách tay 7 kg,09-05-2025
VietJet Air,1.823.909 VND/khách,19:15,11 thg 5,11 thg 5,21:15,2h 0m,"TP HCM (SGN)
Sân bay Tân Sơn Nhất
Nhà ga 1","Hải Phòng (HPH)
Sân bay quốc tế Cát Bi",Hành lý 0 kg,Hành lý xách tay 7 kg,09-05-2025
VietJet Air,2.426.492 VND/khách,11:40,11 thg 5,11 thg 5,13:35,1h 55m,"TP HCM (SGN)
Sân bay Tân Sơn Nhất
Nhà ga 1","Hải Phòng (HPH)
Sân bay quốc tế Cát Bi",Hành lý 0 kg,Hành lý xách tay 7 kg,09-05-2025
Vietnam Airlines,3.411.585 VND/khách,20:30,11 thg 5,11 thg 5,22:30,2h 0m,"TP HCM (SGN)
Sân bay Tân Sơn Nhất","Hải Phòng (HPH)
Sân bay quốc tế Cát Bi",Hành lý 1 x 23 kg,Hành lý xách tay 10 kg,09-05-2025
Vietnam Airlines,3.680.316 VND/khách,17:55,11 thg 5,11 thg 5,19:55,2h 0m,"TP HCM (SGN)
Sân bay Tân Sơn Nhất","Hải Phòng (HPH)
Sân bay quốc tế Cát Bi",Hành lý 1 x 23 kg,Hành lý xách tay 10 kg,09-05-2025
Bamboo Airways,2.346.732 VND/khách,20:05,11 thg 5,11 thg 5,22:10,2h 5m,"TP HCM (SGN)
Sân bay Tân Sơn Nhất","Hải Phòng (HPH)
Sân bay quốc tế Cát Bi",Hành lý 0 kg,Hành lý xách tay 7 kg,10-05-2025
VietJet Air,2.053.853 VND/khách,19:20,11 thg 5,11 thg 5,21:20,2h 0m,"TP HCM (SGN)
Sân bay Tân Sơn Nhất
Nhà ga 1","Hải Phòng (HPH)
Sân bay quốc tế Cát Bi",Hành lý 0 kg,Hành lý xách tay 7 kg,10-05-2025
Vietnam Airlines,3.374.622 VND/khách,20:30,11 thg 5,11 thg 5,22:30,2h 0m,"TP HCM (SGN)
Sân bay Tân Sơn Nhất","Hải Phòng (HPH)
Sân bay quốc tế Cát Bi",Hành lý 1 x 23 kg,Hành lý xách tay 10 kg,10-05-2025
VietJet Air,3.796.485 VND/khách,16:10,11 thg 5,11 thg 5,18:10,2h 0m,"TP HCM (SGN)
Sân bay Tân Sơn Nhất
Nhà ga 1","Hải Phòng (HPH)
Sân bay quốc tế Cát Bi",Hành lý 0 kg,Hành lý xách tay 7 kg,10-05-2025
VietJet Air,3.796.485 VND/khách,21:15,11 thg 5,11 thg 5,23:15,2h 0m,"TP HCM (SGN)
Sân bay Tân Sơn Nhất
Nhà ga 1","Hải Phòng (HPH)
Sân bay quốc tế Cát Bi",Hành lý 0 kg,Hành lý xách tay 7 kg,10-05-2025
VietJet Air,1.600.988 VND/khách,04:30,11 thg 5,11 thg 5,06:30,2h 0m,"TP HCM (SGN)
Sân bay Tân Sơn Nhất
Nhà ga 1","Hải Phòng (HPH)
Sân bay quốc tế Cát Bi",Hành lý 0 kg,Hành lý xách tay 7 kg,21-04-2025
Bamboo Airways,1.663.416 VND/khách,20:05,11 thg 5,11 thg 5,22:10,2h 5m,"TP HCM (SGN)
Sân bay Tân Sơn Nhất","Hải Phòng (HPH)
Sân bay quốc tế Cát Bi",Hành lý 0 kg,Hành lý xách tay 7 kg,21-04-2025
VietJet Air,1.741.635 VND/khách,21:10,11 thg 5,11 thg 5,23:05,1h 55m,"TP HCM (SGN)
Sân bay Tân Sơn Nhất
Nhà ga 1","Hải Phòng (HPH)
Sân bay quốc tế Cát Bi",Hành lý 0 kg,Hành lý xách tay 7 kg,21-04-2025
VietJet Air,1.741.635 VND/khách,19:15,11 thg 5,11 thg 5,21:15,2h 0m,"TP HCM (SGN)
Sân bay Tân Sơn Nhất
Nhà ga 1","Hải Phòng (HPH)
Sân bay quốc tế Cát Bi",Hành lý 0 kg,Hành lý xách tay 7 kg,21-04-2025
VietJet Air,1.741.635 VND/khách,20:10,11 thg 5,11 thg 5,22:10,2h 0m,"TP HCM (SGN)
Sân bay Tân Sơn Nhất
Nhà ga 1","Hải Phòng (HPH)
Sân bay quốc tế Cát Bi",Hành lý 0 kg,Hành lý xách tay 7 kg,21-04-2025
Vietnam Airlines,1.751.247 VND/khách,20:30,11 thg 5,11 thg 5,22:30,2h 0m,"TP HCM (SGN)
Sân bay Tân Sơn Nhất","Hải Phòng (HPH)
Sân bay quốc tế Cát Bi",Hành lý 1 x 23 kg,Hành lý xách tay 1 x 12 kg,21-04-2025
Vietnam Airlines,1.763.235 VND/khách,13:20,11 thg 5,11 thg 5,15:25,2h 5m,"TP HCM (SGN)
Sân bay Tân Sơn Nhất","Hải Phòng (HPH)
Sân bay quốc tế Cát Bi",Hành lý 1 x 23 kg,Hành lý xách tay 1 x 12 kg,21-04-2025
VietJet Air,1.860.338 VND/khách,06:15,11 thg 5,11 thg 5,08:15,2h 0m,"TP HCM (SGN)
Sân bay Tân Sơn Nhất
Nhà ga 1","Hải Phòng (HPH)
Sân bay quốc tế Cát Bi",Hành lý 0 kg,Hành lý xách tay 7 kg,21-04-2025
VietJet Air,1.860.338 VND/khách,11:35,11 thg 5,11 thg 5,13:35,2h 0m,"TP HCM (SGN)
Sân bay Tân Sơn Nhất
Nhà ga 1","Hải Phòng (HPH)
Sân bay quốc tế Cát Bi",Hành lý 0 kg,Hành lý xách tay 7 kg,21-04-2025
VietJet Air,1.860.338 VND/khách,16:10,11 thg 5,11 thg 5,18:10,2h 0m,"TP HCM (SGN)
Sân bay Tân Sơn Nhất
Nhà ga 1","Hải Phòng (HPH)
Sân bay quốc tế Cát Bi",Hành lý 0 kg,Hành lý xách tay 7 kg,21-04-2025
Vietnam Airlines,1.990.008 VND/khách,17:55,11 thg 5,11 thg 5,19:55,2h 0m,"TP HCM (SGN)
Sân bay Tân Sơn Nhất","Hải Phòng (HPH)
Sân bay quốc tế Cát Bi",Hành lý 1 x 23 kg,Hành lý xách tay 1 x 12 kg,21-04-2025
Bamboo Airways,1.559.436 VND/khách,20:05,11 thg 5,11 thg 5,22:10,2h 5m,"TP HCM (SGN)
Sân bay Tân Sơn Nhất","Hải Phòng (HPH)
Sân bay quốc tế Cát Bi",Hành lý 0 kg,Hành lý xách tay 7 kg,22-04-2025
VietJet Air,1.608.968 VND/khách,04:30,11 thg 5,11 thg 5,06:30,2h 0m,"TP HCM (SGN)
Sân bay Tân Sơn Nhất
Nhà ga 1","Hải Phòng (HPH)
Sân bay quốc tế Cát Bi",Hành lý 0 kg,Hành lý xách tay 7 kg,22-04-2025
VietJet Air,1.753.605 VND/khách,21:10,11 thg 5,11 thg 5,23:05,1h 55m,"TP HCM (SGN)
Sân bay Tân Sơn Nhất
Nhà ga 1","Hải Phòng (HPH)
Sân bay quốc tế Cát Bi",Hành lý 0 kg,Hành lý xách tay 7 kg,22-04-2025
Vietnam Airlines,1.838.160 VND/khách,20:30,11 thg 5,11 thg 5,22:30,2h 0m,"TP HCM (SGN)
Sân bay Tân Sơn Nhất","Hải Phòng (HPH)
Sân bay quốc tế Cát Bi",Hành lý 23 kg,Hành lý xách tay 1 x 12 kg,22-04-2025
VietJet Air,1.868.318 VND/khách,11:35,11 thg 5,11 thg 5,13:35,2h 0m,"TP HCM (SGN)
Sân bay Tân Sơn Nhất
Nhà ga 1","Hải Phòng (HPH)
Sân bay quốc tế Cát Bi",Hành lý 0 kg,Hành lý xách tay 7 kg,22-04-2025
VietJet Air,1.868.318 VND/khách,16:10,11 thg 5,11 thg 5,18:10,2h 0m,"TP HCM (SGN)
Sân bay Tân Sơn Nhất
Nhà ga 1","Hải Phòng (HPH)
Sân bay quốc tế Cát Bi",Hành lý 0 kg,Hành lý xách tay 7 kg,22-04-2025
VietJet Air,1.868.318 VND/khách,19:15,11 thg 5,11 thg 5,21:15,2h 0m,"TP HCM (SGN)
Sân bay Tân Sơn Nhất
Nhà ga 1","Hải Phòng (HPH)
Sân bay quốc tế Cát Bi",Hành lý 0 kg,Hành lý xách tay 7 kg,22-04-2025
Vietnam Airlines,2.034.963 VND/khách,13:20,11 thg 5,11 thg 5,15:25,2h 5m,"TP HCM (SGN)
Sân bay Tân Sơn Nhất
Nhà ga 1","Hải Phòng (HPH)
Sân bay quốc tế Cát Bi",Hành lý 23 kg,Hành lý xách tay 1 x 12 kg,22-04-2025
Vietnam Airlines,2.038.959 VND/khách,07:45,11 thg 5,11 thg 5,09:45,2h 0m,"TP HCM (SGN)
Sân bay Tân Sơn Nhất","Hải Phòng (HPH)
Sân bay quốc tế Cát Bi",Hành lý 23 kg,Hành lý xách tay 1 x 12 kg,22-04-2025
Bamboo Airways,1.677.000 VND/khách,20:05,11 thg 5,11 thg 5,22:10,2h 5m,"TP HCM (SGN)
Sân bay Tân Sơn Nhất","Hải Phòng (HPH)
Sân bay quốc tế Cát Bi",,,23-04-2025
VietJet Air,1.612.958 VND/khách,04:30,11 thg 5,11 thg 5,06:30,2h 0m,"TP HCM (SGN)
Sân bay Tân Sơn Nhất
Nhà ga 1","Hải Phòng (HPH)
Sân bay quốc tế Cát Bi",,,23-04-2025
VietJet Air,1.746.623 VND/khách,21:10,11 thg 5,11 thg 5,23:05,1h 55m,"TP HCM (SGN)
Sân bay Tân Sơn Nhất
Nhà ga 1","Hải Phòng (HPH)
Sân bay quốc tế Cát Bi",,,23-04-2025
VietJet Air,1.870.313 VND/khách,11:35,11 thg 5,11 thg 5,13:35,2h 0m,"TP HCM (SGN)
Sân bay Tân Sơn Nhất
Nhà ga 1","Hải Phòng (HPH)
Sân bay quốc tế Cát Bi",,,23-04-2025
VietJet Air,1.870.313 VND/khách,16:10,11 thg 5,11 thg 5,18:10,2h 0m,"TP HCM (SGN)
Sân bay Tân Sơn Nhất
Nhà ga 1","Hải Phòng (HPH)
Sân bay quốc tế Cát Bi",,,23-04-2025
VietJet Air,1.870.313 VND/khách,19:15,11 thg 5,11 thg 5,21:15,2h 0m,"TP HCM (SGN)
Sân bay Tân Sơn Nhất
Nhà ga 1","Hải Phòng (HPH)
Sân bay quốc tế Cát Bi",,,23-04-2025
Vietnam Airlines,2.014.983 VND/khách,13:20,11 thg 5,11 thg 5,15:25,2h 5m,"TP HCM (SGN)
Sân bay Tân Sơn Nhất
Nhà ga 1","Hải Phòng (HPH)
Sân bay quốc tế Cát Bi",,,23-04-2025
Vietnam Airlines,2.017.980 VND/khách,07:45,11 thg 5,11 thg 5,09:45,2h 0m,"TP HCM (SGN)
Sân bay Tân Sơn Nhất
Nhà ga 3","Hải Phòng (HPH)
Sân bay quốc tế Cát Bi",,,23-04-2025
Bamboo Airways,1.677.000 VND/khách,20:05,11 thg 5,11 thg 5,22:10,2h 5m,"TP HCM (SGN)
Sân bay Tân Sơn Nhất","Hải Phòng (HPH)
Sân bay quốc tế Cát Bi",,,24-04-2025
VietJet Air,1.612.958 VND/khách,04:30,11 thg 5,11 thg 5,06:30,2h 0m,"TP HCM (SGN)
Sân bay Tân Sơn Nhất
Nhà ga 1","Hải Phòng (HPH)
Sân bay quốc tế Cát Bi",,,24-04-2025
VietJet Air,1.758.593 VND/khách,21:10,11 thg 5,11 thg 5,23:05,1h 55m,"TP HCM (SGN)
Sân bay Tân Sơn Nhất
Nhà ga 1","Hải Phòng (HPH)
Sân bay quốc tế Cát Bi",,,24-04-2025
VietJet Air,1.873.305 VND/khách,11:35,11 thg 5,11 thg 5,13:35,2h 0m,"TP HCM (SGN)
Sân bay Tân Sơn Nhất
Nhà ga 1","Hải Phòng (HPH)
Sân bay quốc tế Cát Bi",,,24-04-2025
VietJet Air,1.873.305 VND/khách,16:10,11 thg 5,11 thg 5,18:10,2h 0m,"TP HCM (SGN)
Sân bay Tân Sơn Nhất
Nhà ga 1","Hải Phòng (HPH)
Sân bay quốc tế Cát Bi",,,24-04-2025
VietJet Air,1.873.305 VND/khách,19:15,11 thg 5,11 thg 5,21:15,2h 0m,"TP HCM (SGN)
Sân bay Tân Sơn Nhất
Nhà ga 1","Hải Phòng (HPH)
Sân bay quốc tế Cát Bi",,,24-04-2025
Vietnam Airlines,2.009.769 VND/khách,20:30,11 thg 5,11 thg 5,22:30,2h 0m,"TP HCM (SGN)
Sân bay Tân Sơn Nhất
Nhà ga T3","Hải Phòng (HPH)
Sân bay quốc tế Cát Bi",,,24-04-2025
Vietnam Airlines,2.010.987 VND/khách,13:20,11 thg 5,11 thg 5,15:25,2h 5m,"TP HCM (SGN)
Sân bay Tân Sơn Nhất
Nhà ga 1","Hải Phòng (HPH)
Sân bay quốc tế Cát Bi",,,24-04-2025
Bamboo Airways,1.938.782 VND/khách,20:05,11 thg 5,11 thg 5,22:10,2h 5m,"TP HCM (SGN)
Sân bay Tân Sơn Nhất","Hải Phòng (HPH)
Sân bay quốc tế Cát Bi",Hành lý 0 kg,Hành lý xách tay 7 kg,26-04-2025
VietJet Air,1.586.025 VND/khách,04:30,11 thg 5,11 thg 5,06:30,2h 0m,"TP HCM (SGN)
Sân bay Tân Sơn Nhất
Nhà ga 1","Hải Phòng (HPH)
Sân bay quốc tế Cát Bi",Hành lý 0 kg,Hành lý xách tay 7 kg,26-04-2025
VietJet Air,1.731.660 VND/khách,21:10,11 thg 5,11 thg 5,23:05,1h 55m,"TP HCM (SGN)
Sân bay Tân Sơn Nhất
Nhà ga 1","Hải Phòng (HPH)
Sân bay quốc tế Cát Bi",Hành lý 0 kg,Hành lý xách tay 7 kg,26-04-2025
VietJet Air,1.847.370 VND/khách,11:35,11 thg 5,11 thg 5,13:35,2h 0m,"TP HCM (SGN)
Sân bay Tân Sơn Nhất
Nhà ga 1","Hải Phòng (HPH)
Sân bay quốc tế Cát Bi",Hành lý 0 kg,Hành lý xách tay 7 kg,26-04-2025
VietJet Air,1.847.370 VND/khách,16:10,11 thg 5,11 thg 5,18:10,2h 0m,"TP HCM (SGN)
Sân bay Tân Sơn Nhất
Nhà ga 1","Hải Phòng (HPH)
Sân bay quốc tế Cát Bi",Hành lý 0 kg,Hành lý xách tay 7 kg,26-04-2025
VietJet Air,1.847.370 VND/khách,19:15,11 thg 5,11 thg 5,21:15,2h 0m,"TP HCM (SGN)
Sân bay Tân Sơn Nhất
Nhà ga 1","Hải Phòng (HPH)
Sân bay quốc tế Cát Bi",Hành lý 0 kg,Hành lý xách tay 7 kg,26-04-2025
Vietnam Airlines,2.014.983 VND/khách,20:30,11 thg 5,11 thg 5,22:30,2h 0m,"TP HCM (SGN)
Sân bay Tân Sơn Nhất
Nhà ga T3","Hải Phòng (HPH)
Sân bay quốc tế Cát Bi",Hành lý 1 x 23 kg,Hành lý xách tay 1 x 12 kg,26-04-2025
Vietnam Airlines,2.032.965 VND/khách,13:20,11 thg 5,11 thg 5,15:25,2h 5m,"TP HCM (SGN)
Sân bay Tân Sơn Nhất
Nhà ga 1","Hải Phòng (HPH)
Sân bay quốc tế Cát Bi",Hành lý 1 x 23 kg,Hành lý xách tay 1 x 12 kg,26-04-2025
Vietnam Airlines,2.178.819 VND/khách,17:55,11 thg 5,11 thg 5,19:55,2h 0m,"TP HCM (SGN)
Sân bay Tân Sơn Nhất
Nhà ga T3","Hải Phòng (HPH)
Sân bay quốc tế Cát Bi",Hành lý 1 x 23 kg,Hành lý xách tay 1 x 12 kg,26-04-2025
Bamboo Airways,1.938.782 VND/khách,20:05,11 thg 5,11 thg 5,22:10,2h 5m,"TP HCM (SGN)
Sân bay Tân Sơn Nhất","Hải Phòng (HPH)
Sân bay quốc tế Cát Bi",Hành lý 0 kg,Hành lý xách tay 7 kg,27-04-2025
VietJet Air,1.578.045 VND/khách,04:30,11 thg 5,11 thg 5,06:30,2h 0m,"TP HCM (SGN)
Sân bay Tân Sơn Nhất
Nhà ga 1","Hải Phòng (HPH)
Sân bay quốc tế Cát Bi",Hành lý 0 kg,Hành lý xách tay 7 kg,27-04-2025
VietJet Air,1.723.680 VND/khách,21:10,11 thg 5,11 thg 5,23:05,1h 55m,"TP HCM (SGN)
Sân bay Tân Sơn Nhất
Nhà ga 1","Hải Phòng (HPH)
Sân bay quốc tế Cát Bi",Hành lý 0 kg,Hành lý xách tay 7 kg,27-04-2025
VietJet Air,1.838.393 VND/khách,11:35,11 thg 5,11 thg 5,13:35,2h 0m,"TP HCM (SGN)
Sân bay Tân Sơn Nhất
Nhà ga 1","Hải Phòng (HPH)
Sân bay quốc tế Cát Bi",Hành lý 0 kg,Hành lý xách tay 7 kg,27-04-2025
VietJet Air,1.838.393 VND/khách,16:10,11 thg 5,11 thg 5,18:10,2h 0m,"TP HCM (SGN)
Sân bay Tân Sơn Nhất
Nhà ga 1","Hải Phòng (HPH)
Sân bay quốc tế Cát Bi",Hành lý 0 kg,Hành lý xách tay 7 kg,27-04-2025
VietJet Air,1.838.393 VND/khách,19:15,11 thg 5,11 thg 5,21:15,2h 0m,"TP HCM (SGN)
Sân bay Tân Sơn Nhất
Nhà ga 1","Hải Phòng (HPH)
Sân bay quốc tế Cát Bi",Hành lý 0 kg,Hành lý xách tay 7 kg,27-04-2025
Vietnam Airlines,1.956.042 VND/khách,20:30,11 thg 5,11 thg 5,22:30,2h 0m,"TP HCM (SGN)
Sân bay Tân Sơn Nhất","Hải Phòng (HPH)
Sân bay quốc tế Cát Bi",Hành lý 1 x 23 kg,Hành lý xách tay 1 x 12 kg,27-04-2025
Vietnam Airlines,1.956.042 VND/khách,13:20,11 thg 5,11 thg 5,15:25,2h 5m,"TP HCM (SGN)
Sân bay Tân Sơn Nhất
Nhà ga 1","Hải Phòng (HPH)
Sân bay quốc tế Cát Bi",Hành lý 1 x 23 kg,Hành lý xách tay 1 x 12 kg,27-04-2025
Vietnam Airlines,2.235.163 VND/khách,17:55,11 thg 5,11 thg 5,19:55,2h 0m,"TP HCM (SGN)
Sân bay Tân Sơn Nhất","Hải Phòng (HPH)
Sân bay quốc tế Cát Bi",Hành lý 1 x 23 kg,Hành lý xách tay 1 x 12 kg,27-04-2025
Bamboo Airways,1.663.416 VND/khách,20:05,11 thg 5,11 thg 5,22:10,2h 5m,"TP HCM (SGN)
Sân bay Tân Sơn Nhất","Hải Phòng (HPH)
Sân bay quốc tế Cát Bi",Hành lý 0 kg,Hành lý xách tay 7 kg,30-04-2025
VietJet Air,1.363.583 VND/khách,21:10,11 thg 5,11 thg 5,23:05,1h 55m,"TP HCM (SGN)
Sân bay Tân Sơn Nhất
Nhà ga 1","Hải Phòng (HPH)
Sân bay quốc tế Cát Bi",Hành lý 0 kg,Hành lý xách tay 7 kg,30-04-2025
VietJet Air,1.617.832 VND/khách,04:30,11 thg 5,11 thg 5,06:30,2h 0m,"TP HCM (SGN)
Sân bay Tân Sơn Nhất
Nhà ga 1","Hải Phòng (HPH)
Sân bay quốc tế Cát Bi",Hành lý 0 kg,Hành lý xách tay 7 kg,30-04-2025
VietJet Air,1.889.321 VND/khách,11:35,11 thg 5,11 thg 5,13:35,2h 0m,"TP HCM (SGN)
Sân bay Tân Sơn Nhất
Nhà ga 1","Hải Phòng (HPH)
Sân bay quốc tế Cát Bi",Hành lý 0 kg,Hành lý xách tay 7 kg,30-04-2025
VietJet Air,1.889.321 VND/khách,16:10,11 thg 5,11 thg 5,18:10,2h 0m,"TP HCM (SGN)
Sân bay Tân Sơn Nhất
Nhà ga 1","Hải Phòng (HPH)
Sân bay quốc tế Cát Bi",Hành lý 0 kg,Hành lý xách tay 7 kg,30-04-2025
VietJet Air,1.889.321 VND/khách,19:15,11 thg 5,11 thg 5,21:15,2h 0m,"TP HCM (SGN)
Sân bay Tân Sơn Nhất
Nhà ga 1","Hải Phòng (HPH)
Sân bay quốc tế Cát Bi",Hành lý 0 kg,Hành lý xách tay 7 kg,30-04-2025
Vietnam Airlines,2.255.742 VND/khách,13:20,11 thg 5,11 thg 5,15:25,2h 5m,"TP HCM (SGN)
Sân bay Tân Sơn Nhất
Nhà ga 1","Hải Phòng (HPH)
Sân bay quốc tế Cát Bi",Hành lý 1 x 23 kg,Hành lý xách tay 1 x 12 kg,30-04-2025
Vietnam Airlines,2.458.223 VND/khách,17:55,11 thg 5,11 thg 5,19:55,2h 0m,"TP HCM (SGN)
Sân bay Tân Sơn Nhất","Hải Phòng (HPH)
Sân bay quốc tế Cát Bi",Hành lý 1 x 23 kg,Hành lý xách tay 1 x 12 kg,30-04-2025
Vietnam Airlines,2.482.515 VND/khách,20:30,11 thg 5,11 thg 5,22:30,2h 0m,"TP HCM (SGN)
Sân bay Tân Sơn Nhất","Hải Phòng (HPH)
Sân bay quốc tế Cát Bi",Hành lý 1 x 23 kg,Hành lý xách tay 1 x 12 kg,30-04-2025
VietJet Air,1.724.678 VND/khách,21:10,21 thg 4,21 thg 4,23:05,1h 55m,"TP HCM (SGN)
Sân bay Tân Sơn Nhất
Nhà ga 1","Hải Phòng (HPH)
Sân bay quốc tế Cát Bi",Hành lý 0 kg,Hành lý xách tay 7 kg,18-04-2025
Bamboo Airways,1.806.199 VND/khách,20:05,21 thg 4,21 thg 4,22:10,2h 5m,"TP HCM (SGN)
Sân bay Tân Sơn Nhất","Hải Phòng (HPH)
Sân bay quốc tế Cát Bi",Hành lý 0 kg,Hành lý xách tay 7 kg,18-04-2025
VietJet Air,1.841.385 VND/khách,16:10,21 thg 4,21 thg 4,18:10,2h 0m,"TP HCM (SGN)
Sân bay Tân Sơn Nhất
Nhà ga 1","Hải Phòng (HPH)
Sân bay quốc tế Cát Bi",Hành lý 0 kg,Hành lý xách tay 7 kg,18-04-2025
VietJet Air,1.841.385 VND/khách,20:10,21 thg 4,21 thg 4,22:10,2h 0m,"TP HCM (SGN)
Sân bay Tân Sơn Nhất
Nhà ga 1","Hải Phòng (HPH)
Sân bay quốc tế Cát Bi",Hành lý 0 kg,Hành lý xách tay 7 kg,18-04-2025
VietJet Air,1.845.653 VND/khách,06:15,21 thg 4,21 thg 4,08:15,2h 0m,"TP HCM (SGN)
Sân bay Tân Sơn Nhất
Nhà ga 1","Hải Phòng (HPH)
Sân bay quốc tế Cát Bi",Hành lý 0 kg,Hành lý xách tay 7 kg,18-04-2025
VietJet Air,2.016.945 VND/khách,04:30,21 thg 4,21 thg 4,06:30,2h 0m,"TP HCM (SGN)
Sân bay Tân Sơn Nhất
Nhà ga 1","Hải Phòng (HPH)
Sân bay quốc tế Cát Bi",Hành lý 0 kg,Hành lý xách tay 7 kg,18-04-2025
VietJet Air,2.192.505 VND/khách,09:15,21 thg 4,21 thg 4,11:15,2h 0m,"TP HCM (SGN)
Sân bay Tân Sơn Nhất
Nhà ga 1","Hải Phòng (HPH)
Sân bay quốc tế Cát Bi",Hành lý 0 kg,Hành lý xách tay 7 kg,18-04-2025
Vietnam Airlines,2.254.743 VND/khách,20:30,21 thg 4,21 thg 4,22:30,2h 0m,"TP HCM (SGN)
Sân bay Tân Sơn Nhất
Nhà ga 1","Hải Phòng (HPH)
Sân bay quốc tế Cát Bi",Hành lý 1 x 23 kg,Hành lý xách tay 1 x 12 kg,18-04-2025
Vietnam Airlines,2.674.323 VND/khách,13:20,21 thg 4,21 thg 4,15:25,2h 5m,"TP HCM (SGN)
Sân bay Tân Sơn Nhất
Nhà ga 1","Hải Phòng (HPH)
Sân bay quốc tế Cát Bi",Hành lý 1 x 23 kg,Hành lý xách tay 1 x 12 kg,18-04-2025
VietJet Air,1.751.610 VND/khách,21:10,21 thg 4,21 thg 4,23:05,1h 55m,"TP HCM (SGN)
Sân bay Tân Sơn Nhất
Nhà ga 1","Hải Phòng (HPH)
Sân bay quốc tế Cát Bi",,,19-04-2025
Bamboo Airways,1.806.199 VND/khách,20:05,21 thg 4,21 thg 4,22:10,2h 5m,"TP HCM (SGN)
Sân bay Tân Sơn Nhất","Hải Phòng (HPH)
Sân bay quốc tế Cát Bi",,,19-04-2025
VietJet Air,1.866.323 VND/khách,06:15,21 thg 4,21 thg 4,08:15,2h 0m,"TP HCM (SGN)
Sân bay Tân Sơn Nhất
Nhà ga 1","Hải Phòng (HPH)
Sân bay quốc tế Cát Bi",,,19-04-2025
VietJet Air,1.866.323 VND/khách,16:10,21 thg 4,21 thg 4,18:10,2h 0m,"TP HCM (SGN)
Sân bay Tân Sơn Nhất
Nhà ga 1","Hải Phòng (HPH)
Sân bay quốc tế Cát Bi",,,19-04-2025
VietJet Air,1.866.323 VND/khách,20:10,21 thg 4,21 thg 4,22:10,2h 0m,"TP HCM (SGN)
Sân bay Tân Sơn Nhất
Nhà ga 1","Hải Phòng (HPH)
Sân bay quốc tế Cát Bi",,,19-04-2025
VietJet Air,2.036.895 VND/khách,04:30,21 thg 4,21 thg 4,06:30,2h 0m,"TP HCM (SGN)
Sân bay Tân Sơn Nhất
Nhà ga 1","Hải Phòng (HPH)
Sân bay quốc tế Cát Bi",,,19-04-2025
VietJet Air,2.382.030 VND/khách,09:15,21 thg 4,21 thg 4,11:15,2h 0m,"TP HCM (SGN)
Sân bay Tân Sơn Nhất
Nhà ga 1","Hải Phòng (HPH)
Sân bay quốc tế Cát Bi",,,19-04-2025
Vietnam Airlines,2.675.322 VND/khách,13:20,21 thg 4,21 thg 4,15:25,2h 5m,"TP HCM (SGN)
Sân bay Tân Sơn Nhất
Nhà ga 1","Hải Phòng (HPH)
Sân bay quốc tế Cát Bi",,,19-04-2025
Vietnam Airlines,2.682.315 VND/khách,20:30,21 thg 4,21 thg 4,22:30,2h 0m,"TP HCM (SGN)
Sân bay Tân Sơn Nhất
Nhà ga 1","Hải Phòng (HPH)
Sân bay quốc tế Cát Bi",,,19-04-2025
VietJet Air,1.876.298 VND/khách,20:10,21 thg 4,21 thg 4,22:10,2h 0m,"TP HCM (SGN)
Sân bay Tân Sơn Nhất
Nhà ga 1","Hải Phòng (HPH)
Sân bay quốc tế Cát Bi",Hành lý 0 kg,Hành lý xách tay 7 kg,20-04-2025
Bamboo Airways,1.938.782 VND/khách,20:05,21 thg 4,21 thg 4,22:10,2h 5m,"TP HCM (SGN)
Sân bay Tân Sơn Nhất","Hải Phòng (HPH)
Sân bay quốc tế Cát Bi",Hành lý 0 kg,Hành lý xách tay 7 kg,20-04-2025
VietJet Air,2.046.870 VND/khách,04:30,21 thg 4,21 thg 4,06:30,2h 0m,"TP HCM (SGN)
Sân bay Tân Sơn Nhất
Nhà ga 1","Hải Phòng (HPH)
Sân bay quốc tế Cát Bi",Hành lý 0 kg,Hành lý xách tay 7 kg,20-04-2025
VietJet Air,2.217.443 VND/khách,06:15,21 thg 4,21 thg 4,08:15,2h 0m,"TP HCM (SGN)
Sân bay Tân Sơn Nhất
Nhà ga 1","Hải Phòng (HPH)
Sân bay quốc tế Cát Bi",Hành lý 0 kg,Hành lý xách tay 7 kg,20-04-2025
VietJet Air,2.392.005 VND/khách,16:10,21 thg 4,21 thg 4,18:10,2h 0m,"TP HCM (SGN)
Sân bay Tân Sơn Nhất
Nhà ga 1","Hải Phòng (HPH)
Sân bay quốc tế Cát Bi",Hành lý 0 kg,Hành lý xách tay 7 kg,20-04-2025
VietJet Air,2.795.993 VND/khách,09:15,21 thg 4,21 thg 4,11:15,2h 0m,"TP HCM (SGN)
Sân bay Tân Sơn Nhất
Nhà ga 1","Hải Phòng (HPH)
Sân bay quốc tế Cát Bi",Hành lý 0 kg,Hành lý xách tay 7 kg,20-04-2025
Vietnam Airlines,2.912.085 VND/khách,20:30,21 thg 4,21 thg 4,22:30,2h 0m,"TP HCM (SGN)
Sân bay Tân Sơn Nhất","Hải Phòng (HPH)
Sân bay quốc tế Cát Bi",Hành lý 1 x 23 kg,Hành lý xách tay 1 x 12 kg,20-04-2025
Vietnam Airlines,3.145.851 VND/khách,17:55,21 thg 4,21 thg 4,19:55,2h 0m,"TP HCM (SGN)
Sân bay Tân Sơn Nhất","Hải Phòng (HPH)
Sân bay quốc tế Cát Bi",Hành lý 1 x 23 kg,Hành lý xách tay 1 x 12 kg,20-04-2025
Vietnam Airlines,3.416.580 VND/khách,13:20,21 thg 4,21 thg 4,15:25,2h 5m,"TP HCM (SGN)
Sân bay Tân Sơn Nhất","Hải Phòng (HPH)
Sân bay quốc tế Cát Bi",Hành lý 1 x 23 kg,Hành lý xách tay 1 x 12 kg,20-04-2025
VietJet Air,1.578.045 VND/khách,21:10,22 thg 4,22 thg 4,23:05,1h 55m,"TP HCM (SGN)
Sân bay Tân Sơn Nhất
Nhà ga 1","Hải Phòng (HPH)
Sân bay quốc tế Cát Bi",Hành lý 0 kg,Hành lý xách tay 7 kg,18-04-2025
VietJet Air,1.578.045 VND/khách,04:30,22 thg 4,22 thg 4,06:30,2h 0m,"TP HCM (SGN)
Sân bay Tân Sơn Nhất
Nhà ga 1","Hải Phòng (HPH)
Sân bay quốc tế Cát Bi",Hành lý 0 kg,Hành lý xách tay 7 kg,18-04-2025
VietJet Air,1.724.678 VND/khách,20:10,22 thg 4,22 thg 4,22:10,2h 0m,"TP HCM (SGN)
Sân bay Tân Sơn Nhất
Nhà ga 1","Hải Phòng (HPH)
Sân bay quốc tế Cát Bi",Hành lý 0 kg,Hành lý xách tay 7 kg,18-04-2025
VietJet Air,1.841.385 VND/khách,06:15,22 thg 4,22 thg 4,08:15,2h 0m,"TP HCM (SGN)
Sân bay Tân Sơn Nhất
Nhà ga 1","Hải Phòng (HPH)
Sân bay quốc tế Cát Bi",Hành lý 0 kg,Hành lý xách tay 7 kg,18-04-2025
VietJet Air,1.841.385 VND/khách,09:15,22 thg 4,22 thg 4,11:15,2h 0m,"TP HCM (SGN)
Sân bay Tân Sơn Nhất
Nhà ga 1","Hải Phòng (HPH)
Sân bay quốc tế Cát Bi",Hành lý 0 kg,Hành lý xách tay 7 kg,18-04-2025
VietJet Air,1.841.385 VND/khách,14:05,22 thg 4,22 thg 4,16:05,2h 0m,"TP HCM (SGN)
Sân bay Tân Sơn Nhất
Nhà ga 1","Hải Phòng (HPH)
Sân bay quốc tế Cát Bi",Hành lý 0 kg,Hành lý xách tay 7 kg,18-04-2025
VietJet Air,1.841.385 VND/khách,16:10,22 thg 4,22 thg 4,18:10,2h 0m,"TP HCM (SGN)
Sân bay Tân Sơn Nhất
Nhà ga 1","Hải Phòng (HPH)
Sân bay quốc tế Cát Bi",Hành lý 0 kg,Hành lý xách tay 7 kg,18-04-2025
Vietnam Airlines,2.216.781 VND/khách,13:20,22 thg 4,22 thg 4,15:25,2h 5m,"TP HCM (SGN)
Sân bay Tân Sơn Nhất
Nhà ga 1","Hải Phòng (HPH)
Sân bay quốc tế Cát Bi",Hành lý 1 x 23 kg,Hành lý xách tay 1 x 12 kg,18-04-2025
Vietnam Airlines,2.253.744 VND/khách,17:55,22 thg 4,22 thg 4,19:55,2h 0m,"TP HCM (SGN)
Sân bay Tân Sơn Nhất
Nhà ga 1","Hải Phòng (HPH)
Sân bay quốc tế Cát Bi",Hành lý 1 x 23 kg,Hành lý xách tay 1 x 12 kg,18-04-2025
Vietnam Airlines,2.457.661 VND/khách,20:30,22 thg 4,22 thg 4,22:30,2h 0m,"TP HCM (SGN)
Sân bay Tân Sơn Nhất
Nhà ga 1","Hải Phòng (HPH)
Sân bay quốc tế Cát Bi",Hành lý 1 x 23 kg,Hành lý xách tay 1 x 12 kg,18-04-2025
VietJet Air,1.609.965 VND/khách,21:10,22 thg 4,22 thg 4,23:05,1h 55m,"TP HCM (SGN)
Sân bay Tân Sơn Nhất
Nhà ga 1","Hải Phòng (HPH)
Sân bay quốc tế Cát Bi",,,19-04-2025
VietJet Air,1.751.610 VND/khách,04:30,22 thg 4,22 thg 4,06:30,2h 0m,"TP HCM (SGN)
Sân bay Tân Sơn Nhất
Nhà ga 1","Hải Phòng (HPH)
Sân bay quốc tế Cát Bi",,,19-04-2025
VietJet Air,1.751.610 VND/khách,20:10,22 thg 4,22 thg 4,22:10,2h 0m,"TP HCM (SGN)
Sân bay Tân Sơn Nhất
Nhà ga 1","Hải Phòng (HPH)
Sân bay quốc tế Cát Bi",,,19-04-2025
VietJet Air,1.866.323 VND/khách,06:15,22 thg 4,22 thg 4,08:15,2h 0m,"TP HCM (SGN)
Sân bay Tân Sơn Nhất
Nhà ga 1","Hải Phòng (HPH)
Sân bay quốc tế Cát Bi",,,19-04-2025
VietJet Air,1.866.323 VND/khách,14:05,22 thg 4,22 thg 4,16:05,2h 0m,"TP HCM (SGN)
Sân bay Tân Sơn Nhất
Nhà ga 1","Hải Phòng (HPH)
Sân bay quốc tế Cát Bi",,,19-04-2025
VietJet Air,1.866.323 VND/khách,16:10,22 thg 4,22 thg 4,18:10,2h 0m,"TP HCM (SGN)
Sân bay Tân Sơn Nhất
Nhà ga 1","Hải Phòng (HPH)
Sân bay quốc tế Cát Bi",,,19-04-2025
VietJet Air,2.036.895 VND/khách,09:15,22 thg 4,22 thg 4,11:15,2h 0m,"TP HCM (SGN)
Sân bay Tân Sơn Nhất
Nhà ga 1","Hải Phòng (HPH)
Sân bay quốc tế Cát Bi",,,19-04-2025
Vietnam Airlines,2.217.780 VND/khách,13:20,22 thg 4,22 thg 4,15:25,2h 5m,"TP HCM (SGN)
Sân bay Tân Sơn Nhất
Nhà ga 1","Hải Phòng (HPH)
Sân bay quốc tế Cát Bi",,,19-04-2025
Vietnam Airlines,2.266.731 VND/khách,17:55,22 thg 4,22 thg 4,19:55,2h 0m,"TP HCM (SGN)
Sân bay Tân Sơn Nhất
Nhà ga 1","Hải Phòng (HPH)
Sân bay quốc tế Cát Bi",,,19-04-2025
Vietnam Airlines,2.658.918 VND/khách,20:30,22 thg 4,22 thg 4,22:30,2h 0m,"TP HCM (SGN)
Sân bay Tân Sơn Nhất
Nhà ga 1","Hải Phòng (HPH)
Sân bay quốc tế Cát Bi",,,19-04-2025
VietJet Air,1.742.633 VND/khách,21:10,22 thg 4,22 thg 4,23:05,1h 55m,"TP HCM (SGN)
Sân bay Tân Sơn Nhất
Nhà ga 1","Hải Phòng (HPH)
Sân bay quốc tế Cát Bi",Hành lý 0 kg,Hành lý xách tay 7 kg,20-04-2025
VietJet Air,1.742.633 VND/khách,20:10,22 thg 4,22 thg 4,22:10,2h 0m,"TP HCM (SGN)
Sân bay Tân Sơn Nhất
Nhà ga 1","Hải Phòng (HPH)
Sân bay quốc tế Cát Bi",Hành lý 0 kg,Hành lý xách tay 7 kg,20-04-2025
VietJet Air,1.845.718 VND/khách,04:30,22 thg 4,22 thg 4,06:30,2h 0m,"TP HCM (SGN)
Sân bay Tân Sơn Nhất
Nhà ga 1","Hải Phòng (HPH)
Sân bay quốc tế Cát Bi",Hành lý 0 kg,Hành lý xách tay 7 kg,20-04-2025
VietJet Air,1.857.345 VND/khách,06:15,22 thg 4,22 thg 4,08:15,2h 0m,"TP HCM (SGN)
Sân bay Tân Sơn Nhất
Nhà ga 1","Hải Phòng (HPH)
Sân bay quốc tế Cát Bi",Hành lý 0 kg,Hành lý xách tay 7 kg,20-04-2025
VietJet Air,1.857.345 VND/khách,14:05,22 thg 4,22 thg 4,16:05,2h 0m,"TP HCM (SGN)
Sân bay Tân Sơn Nhất
Nhà ga 1","Hải Phòng (HPH)
Sân bay quốc tế Cát Bi",Hành lý 0 kg,Hành lý xách tay 7 kg,20-04-2025
VietJet Air,1.857.345 VND/khách,16:10,22 thg 4,22 thg 4,18:10,2h 0m,"TP HCM (SGN)
Sân bay Tân Sơn Nhất
Nhà ga 1","Hải Phòng (HPH)
Sân bay quốc tế Cát Bi",Hành lý 0 kg,Hành lý xách tay 7 kg,20-04-2025
VietJet Air,2.031.908 VND/khách,09:15,22 thg 4,22 thg 4,11:15,2h 0m,"TP HCM (SGN)
Sân bay Tân Sơn Nhất
Nhà ga 1","Hải Phòng (HPH)
Sân bay quốc tế Cát Bi",Hành lý 0 kg,Hành lý xách tay 7 kg,20-04-2025
Vietnam Airlines,2.681.316 VND/khách,20:30,22 thg 4,22 thg 4,22:30,2h 0m,"TP HCM (SGN)
Sân bay Tân Sơn Nhất","Hải Phòng (HPH)
Sân bay quốc tế Cát Bi",Hành lý 1 x 23 kg,Hành lý xách tay 1 x 12 kg,20-04-2025
Vietnam Airlines,2.681.316 VND/khách,13:20,22 thg 4,22 thg 4,15:25,2h 5m,"TP HCM (SGN)
Sân bay Tân Sơn Nhất","Hải Phòng (HPH)
Sân bay quốc tế Cát Bi",Hành lý 1 x 23 kg,Hành lý xách tay 1 x 12 kg,20-04-2025
Vietnam Airlines,2.685.312 VND/khách,17:55,22 thg 4,22 thg 4,19:55,2h 0m,"TP HCM (SGN)
Sân bay Tân Sơn Nhất","Hải Phòng (HPH)
Sân bay quốc tế Cát Bi",Hành lý 1 x 23 kg,Hành lý xách tay 1 x 12 kg,20-04-2025
VietJet Air,1.742.633 VND/khách,21:10,22 thg 4,22 thg 4,23:05,1h 55m,"TP HCM (SGN)
Sân bay Tân Sơn Nhất
Nhà ga 1","Hải Phòng (HPH)
Sân bay quốc tế Cát Bi",Hành lý 0 kg,Hành lý xách tay 7 kg,21-04-2025
VietJet Air,1.742.633 VND/khách,20:10,22 thg 4,22 thg 4,22:10,2h 0m,"TP HCM (SGN)
Sân bay Tân Sơn Nhất
Nhà ga 1","Hải Phòng (HPH)
Sân bay quốc tế Cát Bi",Hành lý 0 kg,Hành lý xách tay 7 kg,21-04-2025
VietJet Air,1.857.345 VND/khách,04:30,22 thg 4,22 thg 4,06:30,2h 0m,"TP HCM (SGN)
Sân bay Tân Sơn Nhất
Nhà ga 1","Hải Phòng (HPH)
Sân bay quốc tế Cát Bi",Hành lý 0 kg,Hành lý xách tay 7 kg,21-04-2025
VietJet Air,1.857.345 VND/khách,06:15,22 thg 4,22 thg 4,08:15,2h 0m,"TP HCM (SGN)
Sân bay Tân Sơn Nhất
Nhà ga 1","Hải Phòng (HPH)
Sân bay quốc tế Cát Bi",Hành lý 0 kg,Hành lý xách tay 7 kg,21-04-2025
VietJet Air,1.857.345 VND/khách,14:05,22 thg 4,22 thg 4,16:05,2h 0m,"TP HCM (SGN)
Sân bay Tân Sơn Nhất
Nhà ga 1","Hải Phòng (HPH)
Sân bay quốc tế Cát Bi",Hành lý 0 kg,Hành lý xách tay 7 kg,21-04-2025
VietJet Air,1.857.345 VND/khách,16:10,22 thg 4,22 thg 4,18:10,2h 0m,"TP HCM (SGN)
Sân bay Tân Sơn Nhất
Nhà ga 1","Hải Phòng (HPH)
Sân bay quốc tế Cát Bi",Hành lý 0 kg,Hành lý xách tay 7 kg,21-04-2025
VietJet Air,2.187.518 VND/khách,09:15,22 thg 4,22 thg 4,11:15,2h 0m,"TP HCM (SGN)
Sân bay Tân Sơn Nhất
Nhà ga 1","Hải Phòng (HPH)
Sân bay quốc tế Cát Bi",Hành lý 0 kg,Hành lý xách tay 7 kg,21-04-2025
Vietnam Airlines,2.681.316 VND/khách,20:30,22 thg 4,22 thg 4,22:30,2h 0m,"TP HCM (SGN)
Sân bay Tân Sơn Nhất","Hải Phòng (HPH)
Sân bay quốc tế Cát Bi",Hành lý 1 x 23 kg,Hành lý xách tay 1 x 12 kg,21-04-2025
Vietnam Airlines,2.685.312 VND/khách,17:55,22 thg 4,22 thg 4,19:55,2h 0m,"TP HCM (SGN)
Sân bay Tân Sơn Nhất","Hải Phòng (HPH)
Sân bay quốc tế Cát Bi",Hành lý 1 x 23 kg,Hành lý xách tay 1 x 12 kg,21-04-2025
Vietnam Airlines,2.882.834 VND/khách,13:20,22 thg 4,22 thg 4,15:25,2h 5m,"TP HCM (SGN)
Sân bay Tân Sơn Nhất","Hải Phòng (HPH)
Sân bay quốc tế Cát Bi",Hành lý 1 x 23 kg,Hành lý xách tay 1 x 12 kg,21-04-2025
VietJet Air,1.578.045 VND/khách,04:30,23 thg 4,23 thg 4,06:30,2h 0m,"TP HCM (SGN)
Sân bay Tân Sơn Nhất
Nhà ga 1","Hải Phòng (HPH)
Sân bay quốc tế Cát Bi",Hành lý 0 kg,Hành lý xách tay 7 kg,18-04-2025
VietJet Air,1.724.678 VND/khách,21:10,23 thg 4,23 thg 4,23:05,1h 55m,"TP HCM (SGN)
Sân bay Tân Sơn Nhất
Nhà ga 1","Hải Phòng (HPH)
Sân bay quốc tế Cát Bi",Hành lý 0 kg,Hành lý xách tay 7 kg,18-04-2025
Bamboo Airways,1.806.199 VND/khách,20:05,23 thg 4,23 thg 4,22:10,2h 5m,"TP HCM (SGN)
Sân bay Tân Sơn Nhất","Hải Phòng (HPH)
Sân bay quốc tế Cát Bi",Hành lý 0 kg,Hành lý xách tay 7 kg,18-04-2025
VietJet Air,1.841.385 VND/khách,06:15,23 thg 4,23 thg 4,08:15,2h 0m,"TP HCM (SGN)
Sân bay Tân Sơn Nhất
Nhà ga 1","Hải Phòng (HPH)
Sân bay quốc tế Cát Bi",Hành lý 0 kg,Hành lý xách tay 7 kg,18-04-2025
VietJet Air,1.841.385 VND/khách,11:35,23 thg 4,23 thg 4,13:35,2h 0m,"TP HCM (SGN)
Sân bay Tân Sơn Nhất
Nhà ga 1","Hải Phòng (HPH)
Sân bay quốc tế Cát Bi",Hành lý 0 kg,Hành lý xách tay 7 kg,18-04-2025
VietJet Air,1.841.385 VND/khách,16:10,23 thg 4,23 thg 4,18:10,2h 0m,"TP HCM (SGN)
Sân bay Tân Sơn Nhất
Nhà ga 1","Hải Phòng (HPH)
Sân bay quốc tế Cát Bi",Hành lý 0 kg,Hành lý xách tay 7 kg,18-04-2025
Vietnam Airlines,2.030.967 VND/khách,20:30,23 thg 4,23 thg 4,22:30,2h 0m,"TP HCM (SGN)
Sân bay Tân Sơn Nhất
Nhà ga 1","Hải Phòng (HPH)
Sân bay quốc tế Cát Bi",Hành lý 1 x 23 kg,Hành lý xách tay 1 x 12 kg,18-04-2025
Vietnam Airlines,2.249.748 VND/khách,17:55,23 thg 4,23 thg 4,19:55,2h 0m,"TP HCM (SGN)
Sân bay Tân Sơn Nhất
Nhà ga 1","Hải Phòng (HPH)
Sân bay quốc tế Cát Bi",Hành lý 1 x 23 kg,Hành lý xách tay 1 x 12 kg,18-04-2025
Vietnam Airlines,2.253.744 VND/khách,13:45,23 thg 4,23 thg 4,15:50,2h 5m,"TP HCM (SGN)
Sân bay Tân Sơn Nhất
Nhà ga 1","Hải Phòng (HPH)
Sân bay quốc tế Cát Bi",Hành lý 1 x 23 kg,Hành lý xách tay 1 x 12 kg,18-04-2025
VietJet Air,1.609.965 VND/khách,04:30,23 thg 4,23 thg 4,06:30,2h 0m,"TP HCM (SGN)
Sân bay Tân Sơn Nhất
Nhà ga 1","Hải Phòng (HPH)
Sân bay quốc tế Cát Bi",,,19-04-2025
Bamboo Airways,1.663.416 VND/khách,20:05,23 thg 4,23 thg 4,22:10,2h 5m,"TP HCM (SGN)
Sân bay Tân Sơn Nhất","Hải Phòng (HPH)
Sân bay quốc tế Cát Bi",,,19-04-2025
VietJet Air,1.751.610 VND/khách,21:10,23 thg 4,23 thg 4,23:05,1h 55m,"TP HCM (SGN)
Sân bay Tân Sơn Nhất
Nhà ga 1","Hải Phòng (HPH)
Sân bay quốc tế Cát Bi",,,19-04-2025
VietJet Air,1.866.323 VND/khách,06:15,23 thg 4,23 thg 4,08:15,2h 0m,"TP HCM (SGN)
Sân bay Tân Sơn Nhất
Nhà ga 1","Hải Phòng (HPH)
Sân bay quốc tế Cát Bi",,,19-04-2025
VietJet Air,1.866.323 VND/khách,16:10,23 thg 4,23 thg 4,18:10,2h 0m,"TP HCM (SGN)
Sân bay Tân Sơn Nhất
Nhà ga 1","Hải Phòng (HPH)
Sân bay quốc tế Cát Bi",,,19-04-2025
Vietnam Airlines,1.962.036 VND/khách,20:30,23 thg 4,23 thg 4,22:30,2h 0m,"TP HCM (SGN)
Sân bay Tân Sơn Nhất
Nhà ga 1","Hải Phòng (HPH)
Sân bay quốc tế Cát Bi",,,19-04-2025
Vietnam Airlines,1.969.029 VND/khách,17:55,23 thg 4,23 thg 4,19:55,2h 0m,"TP HCM (SGN)
Sân bay Tân Sơn Nhất
Nhà ga 1","Hải Phòng (HPH)
Sân bay quốc tế Cát Bi",,,19-04-2025
VietJet Air,2.036.895 VND/khách,11:35,23 thg 4,23 thg 4,13:35,2h 0m,"TP HCM (SGN)
Sân bay Tân Sơn Nhất
Nhà ga 1","Hải Phòng (HPH)
Sân bay quốc tế Cát Bi",,,19-04-2025
Vietnam Airlines,2.244.753 VND/khách,13:45,23 thg 4,23 thg 4,15:50,2h 5m,"TP HCM (SGN)
Sân bay Tân Sơn Nhất
Nhà ga 1","Hải Phòng (HPH)
Sân bay quốc tế Cát Bi",,,19-04-2025
VietJet Air,1.731.660 VND/khách,04:30,23 thg 4,23 thg 4,06:30,2h 0m,"TP HCM (SGN)
Sân bay Tân Sơn Nhất
Nhà ga 1","Hải Phòng (HPH)
Sân bay quốc tế Cát Bi",Hành lý 0 kg,Hành lý xách tay 7 kg,20-04-2025
Bamboo Airways,1.663.416 VND/khách,20:05,23 thg 4,23 thg 4,22:10,2h 5m,"TP HCM (SGN)
Sân bay Tân Sơn Nhất","Hải Phòng (HPH)
Sân bay quốc tế Cát Bi",Hành lý 0 kg,Hành lý xách tay 7 kg,20-04-2025
VietJet Air,1.742.633 VND/khách,21:10,23 thg 4,23 thg 4,23:05,1h 55m,"TP HCM (SGN)
Sân bay Tân Sơn Nhất
Nhà ga 1","Hải Phòng (HPH)
Sân bay quốc tế Cát Bi",Hành lý 0 kg,Hành lý xách tay 7 kg,20-04-2025
VietJet Air,1.857.345 VND/khách,06:15,23 thg 4,23 thg 4,08:15,2h 0m,"TP HCM (SGN)
Sân bay Tân Sơn Nhất
Nhà ga 1","Hải Phòng (HPH)
Sân bay quốc tế Cát Bi",Hành lý 0 kg,Hành lý xách tay 7 kg,20-04-2025
VietJet Air,1.857.345 VND/khách,16:10,23 thg 4,23 thg 4,18:10,2h 0m,"TP HCM (SGN)
Sân bay Tân Sơn Nhất
Nhà ga 1","Hải Phòng (HPH)
Sân bay quốc tế Cát Bi",Hành lý 0 kg,Hành lý xách tay 7 kg,20-04-2025
VietJet Air,2.031.908 VND/khách,11:35,23 thg 4,23 thg 4,13:35,2h 0m,"TP HCM (SGN)
Sân bay Tân Sơn Nhất
Nhà ga 1","Hải Phòng (HPH)
Sân bay quốc tế Cát Bi",Hành lý 0 kg,Hành lý xách tay 7 kg,20-04-2025
Vietnam Airlines,2.034.963 VND/khách,20:30,23 thg 4,23 thg 4,22:30,2h 0m,"TP HCM (SGN)
Sân bay Tân Sơn Nhất","Hải Phòng (HPH)
Sân bay quốc tế Cát Bi",Hành lý 1 x 23 kg,Hành lý xách tay 1 x 12 kg,20-04-2025
Vietnam Airlines,2.246.751 VND/khách,17:55,23 thg 4,23 thg 4,19:55,2h 0m,"TP HCM (SGN)
Sân bay Tân Sơn Nhất","Hải Phòng (HPH)
Sân bay quốc tế Cát Bi",Hành lý 1 x 23 kg,Hành lý xách tay 1 x 12 kg,20-04-2025
Vietnam Airlines,2.681.316 VND/khách,13:45,23 thg 4,23 thg 4,15:50,2h 5m,"TP HCM (SGN)
Sân bay Tân Sơn Nhất","Hải Phòng (HPH)
Sân bay quốc tế Cát Bi",Hành lý 1 x 23 kg,Hành lý xách tay 1 x 12 kg,20-04-2025
VietJet Air,1.731.660 VND/khách,04:30,23 thg 4,23 thg 4,06:30,2h 0m,"TP HCM (SGN)
Sân bay Tân Sơn Nhất
Nhà ga 1","Hải Phòng (HPH)
Sân bay quốc tế Cát Bi",Hành lý 0 kg,Hành lý xách tay 7 kg,21-04-2025
Bamboo Airways,1.663.416 VND/khách,20:05,23 thg 4,23 thg 4,22:10,2h 5m,"TP HCM (SGN)
Sân bay Tân Sơn Nhất","Hải Phòng (HPH)
Sân bay quốc tế Cát Bi",Hành lý 0 kg,Hành lý xách tay 7 kg,21-04-2025
VietJet Air,1.742.633 VND/khách,21:10,23 thg 4,23 thg 4,23:05,1h 55m,"TP HCM (SGN)
Sân bay Tân Sơn Nhất
Nhà ga 1","Hải Phòng (HPH)
Sân bay quốc tế Cát Bi",Hành lý 0 kg,Hành lý xách tay 7 kg,21-04-2025
VietJet Air,1.857.345 VND/khách,06:15,23 thg 4,23 thg 4,08:15,2h 0m,"TP HCM (SGN)
Sân bay Tân Sơn Nhất
Nhà ga 1","Hải Phòng (HPH)
Sân bay quốc tế Cát Bi",Hành lý 0 kg,Hành lý xách tay 7 kg,21-04-2025
VietJet Air,1.857.345 VND/khách,16:10,23 thg 4,23 thg 4,18:10,2h 0m,"TP HCM (SGN)
Sân bay Tân Sơn Nhất
Nhà ga 1","Hải Phòng (HPH)
Sân bay quốc tế Cát Bi",Hành lý 0 kg,Hành lý xách tay 7 kg,21-04-2025
VietJet Air,2.031.908 VND/khách,11:35,23 thg 4,23 thg 4,13:35,2h 0m,"TP HCM (SGN)
Sân bay Tân Sơn Nhất
Nhà ga 1","Hải Phòng (HPH)
Sân bay quốc tế Cát Bi",Hành lý 0 kg,Hành lý xách tay 7 kg,21-04-2025
Vietnam Airlines,2.175.822 VND/khách,20:30,23 thg 4,23 thg 4,22:30,2h 0m,"TP HCM (SGN)
Sân bay Tân Sơn Nhất","Hải Phòng (HPH)
Sân bay quốc tế Cát Bi",Hành lý 1 x 23 kg,Hành lý xách tay 1 x 12 kg,21-04-2025
Vietnam Airlines,2.246.751 VND/khách,17:55,23 thg 4,23 thg 4,19:55,2h 0m,"TP HCM (SGN)
Sân bay Tân Sơn Nhất","Hải Phòng (HPH)
Sân bay quốc tế Cát Bi",Hành lý 1 x 23 kg,Hành lý xách tay 1 x 12 kg,21-04-2025
Vietnam Airlines,2.681.316 VND/khách,13:45,23 thg 4,23 thg 4,15:50,2h 5m,"TP HCM (SGN)
Sân bay Tân Sơn Nhất","Hải Phòng (HPH)
Sân bay quốc tế Cát Bi",Hành lý 1 x 23 kg,Hành lý xách tay 1 x 12 kg,21-04-2025
Bamboo Airways,2.104.168 VND/khách,20:05,23 thg 4,23 thg 4,22:10,2h 5m,"TP HCM (SGN)
Sân bay Tân Sơn Nhất","Hải Phòng (HPH)
Sân bay quốc tế Cát Bi",Hành lý 0 kg,Hành lý xách tay 7 kg,22-04-2025
VietJet Air,1.781.535 VND/khách,21:45,23 thg 4,23 thg 4,23:45,2h 0m,"TP HCM (SGN)
Sân bay Tân Sơn Nhất
Nhà ga 1","Hải Phòng (HPH)
Sân bay quốc tế Cát Bi",Hành lý 0 kg,Hành lý xách tay 7 kg,22-04-2025
VietJet Air,2.074.800 VND/khách,16:10,23 thg 4,23 thg 4,18:10,2h 0m,"TP HCM (SGN)
Sân bay Tân Sơn Nhất
Nhà ga 1","Hải Phòng (HPH)
Sân bay quốc tế Cát Bi",Hành lý 0 kg,Hành lý xách tay 7 kg,22-04-2025
VietJet Air,2.425.920 VND/khách,11:40,23 thg 4,23 thg 4,13:35,1h 55m,"TP HCM (SGN)
Sân bay Tân Sơn Nhất
Nhà ga 1","Hải Phòng (HPH)
Sân bay quốc tế Cát Bi",Hành lý 0 kg,Hành lý xách tay 7 kg,22-04-2025
Vietnam Airlines,2.722.275 VND/khách,20:30,23 thg 4,23 thg 4,22:30,2h 0m,"TP HCM (SGN)
Sân bay Tân Sơn Nhất","Hải Phòng (HPH)
Sân bay quốc tế Cát Bi",Hành lý 23 kg,Hành lý xách tay 1 x 12 kg,22-04-2025
Vietnam Airlines,3.149.847 VND/khách,17:55,23 thg 4,23 thg 4,19:55,2h 0m,"TP HCM (SGN)
Sân bay Tân Sơn Nhất","Hải Phòng (HPH)
Sân bay quốc tế Cát Bi",Hành lý 23 kg,Hành lý xách tay 1 x 12 kg,22-04-2025
VietJet Air,1.578.045 VND/khách,21:10,24 thg 4,24 thg 4,23:05,1h 55m,"TP HCM (SGN)
Sân bay Tân Sơn Nhất
Nhà ga 1","Hải Phòng (HPH)
Sân bay quốc tế Cát Bi",Hành lý 0 kg,Hành lý xách tay 7 kg,18-04-2025
VietJet Air,1.578.045 VND/khách,20:10,24 thg 4,24 thg 4,22:10,2h 0m,"TP HCM (SGN)
Sân bay Tân Sơn Nhất
Nhà ga 1","Hải Phòng (HPH)
Sân bay quốc tế Cát Bi",Hành lý 0 kg,Hành lý xách tay 7 kg,18-04-2025
VietJet Air,1.724.678 VND/khách,04:30,24 thg 4,24 thg 4,06:30,2h 0m,"TP HCM (SGN)
Sân bay Tân Sơn Nhất
Nhà ga 1","Hải Phòng (HPH)
Sân bay quốc tế Cát Bi",Hành lý 0 kg,Hành lý xách tay 7 kg,18-04-2025
VietJet Air,1.724.678 VND/khách,19:15,24 thg 4,24 thg 4,21:15,2h 0m,"TP HCM (SGN)
Sân bay Tân Sơn Nhất
Nhà ga 1","Hải Phòng (HPH)
Sân bay quốc tế Cát Bi",Hành lý 0 kg,Hành lý xách tay 7 kg,18-04-2025
VietJet Air,1.841.385 VND/khách,06:15,24 thg 4,24 thg 4,08:15,2h 0m,"TP HCM (SGN)
Sân bay Tân Sơn Nhất
Nhà ga 1","Hải Phòng (HPH)
Sân bay quốc tế Cát Bi",Hành lý 0 kg,Hành lý xách tay 7 kg,18-04-2025
VietJet Air,1.841.385 VND/khách,14:40,24 thg 4,24 thg 4,16:40,2h 0m,"TP HCM (SGN)
Sân bay Tân Sơn Nhất
Nhà ga 1","Hải Phòng (HPH)
Sân bay quốc tế Cát Bi",Hành lý 0 kg,Hành lý xách tay 7 kg,18-04-2025
VietJet Air,2.016.945 VND/khách,09:15,24 thg 4,24 thg 4,11:15,2h 0m,"TP HCM (SGN)
Sân bay Tân Sơn Nhất
Nhà ga 1","Hải Phòng (HPH)
Sân bay quốc tế Cát Bi",Hành lý 0 kg,Hành lý xách tay 7 kg,18-04-2025
Vietnam Airlines,2.194.803 VND/khách,20:30,24 thg 4,24 thg 4,22:30,2h 0m,"TP HCM (SGN)
Sân bay Tân Sơn Nhất
Nhà ga 1","Hải Phòng (HPH)
Sân bay quốc tế Cát Bi",Hành lý 1 x 23 kg,Hành lý xách tay 1 x 12 kg,18-04-2025
Vietnam Airlines,2.684.313 VND/khách,07:45,24 thg 4,24 thg 4,09:45,2h 0m,"TP HCM (SGN)
Sân bay Tân Sơn Nhất
Nhà ga 1","Hải Phòng (HPH)
Sân bay quốc tế Cát Bi",Hành lý 1 x 23 kg,Hành lý xách tay 1 x 12 kg,18-04-2025
Vietnam Airlines,2.915.082 VND/khách,12:15,24 thg 4,24 thg 4,14:20,2h 5m,"TP HCM (SGN)
Sân bay Tân Sơn Nhất
Nhà ga 1","Hải Phòng (HPH)
Sân bay quốc tế Cát Bi",Hành lý 1 x 23 kg,Hành lý xách tay 1 x 12 kg,18-04-2025
VietJet Air,1.609.965 VND/khách,21:10,24 thg 4,24 thg 4,23:05,1h 55m,"TP HCM (SGN)
Sân bay Tân Sơn Nhất
Nhà ga 1","Hải Phòng (HPH)
Sân bay quốc tế Cát Bi",,,19-04-2025
VietJet Air,1.609.965 VND/khách,20:10,24 thg 4,24 thg 4,22:10,2h 0m,"TP HCM (SGN)
Sân bay Tân Sơn Nhất
Nhà ga 1","Hải Phòng (HPH)
Sân bay quốc tế Cát Bi",,,19-04-2025
VietJet Air,1.751.610 VND/khách,04:30,24 thg 4,24 thg 4,06:30,2h 0m,"TP HCM (SGN)
Sân bay Tân Sơn Nhất
Nhà ga 1","Hải Phòng (HPH)
Sân bay quốc tế Cát Bi",,,19-04-2025
VietJet Air,1.751.610 VND/khách,19:15,24 thg 4,24 thg 4,21:15,2h 0m,"TP HCM (SGN)
Sân bay Tân Sơn Nhất
Nhà ga 1","Hải Phòng (HPH)
Sân bay quốc tế Cát Bi",,,19-04-2025
VietJet Air,1.866.323 VND/khách,06:15,24 thg 4,24 thg 4,08:15,2h 0m,"TP HCM (SGN)
Sân bay Tân Sơn Nhất
Nhà ga 1","Hải Phòng (HPH)
Sân bay quốc tế Cát Bi",,,19-04-2025
VietJet Air,1.866.323 VND/khách,14:40,24 thg 4,24 thg 4,16:40,2h 0m,"TP HCM (SGN)
Sân bay Tân Sơn Nhất
Nhà ga 1","Hải Phòng (HPH)
Sân bay quốc tế Cát Bi",,,19-04-2025
VietJet Air,2.017.943 VND/khách,09:15,24 thg 4,24 thg 4,11:15,2h 0m,"TP HCM (SGN)
Sân bay Tân Sơn Nhất
Nhà ga 1","Hải Phòng (HPH)
Sân bay quốc tế Cát Bi",,,19-04-2025
Vietnam Airlines,2.262.735 VND/khách,12:15,24 thg 4,24 thg 4,14:20,2h 5m,"TP HCM (SGN)
Sân bay Tân Sơn Nhất
Nhà ga 1","Hải Phòng (HPH)
Sân bay quốc tế Cát Bi",,,19-04-2025
Vietnam Airlines,2.679.318 VND/khách,07:45,24 thg 4,24 thg 4,09:45,2h 0m,"TP HCM (SGN)
Sân bay Tân Sơn Nhất
Nhà ga 1","Hải Phòng (HPH)
Sân bay quốc tế Cát Bi",,,19-04-2025
Vietnam Airlines,3.912.084 VND/khách,20:30,24 thg 4,24 thg 4,22:30,2h 0m,"TP HCM (SGN)
Sân bay Tân Sơn Nhất
Nhà ga 1","Hải Phòng (HPH)
Sân bay quốc tế Cát Bi",,,19-04-2025
VietJet Air,1.597.995 VND/khách,21:10,24 thg 4,24 thg 4,23:05,1h 55m,"TP HCM (SGN)
Sân bay Tân Sơn Nhất
Nhà ga 1","Hải Phòng (HPH)
Sân bay quốc tế Cát Bi",Hành lý 0 kg,Hành lý xách tay 7 kg,20-04-2025
VietJet Air,1.742.633 VND/khách,04:30,24 thg 4,24 thg 4,06:30,2h 0m,"TP HCM (SGN)
Sân bay Tân Sơn Nhất
Nhà ga 1","Hải Phòng (HPH)
Sân bay quốc tế Cát Bi",Hành lý 0 kg,Hành lý xách tay 7 kg,20-04-2025
VietJet Air,1.742.633 VND/khách,20:10,24 thg 4,24 thg 4,22:10,2h 0m,"TP HCM (SGN)
Sân bay Tân Sơn Nhất
Nhà ga 1","Hải Phòng (HPH)
Sân bay quốc tế Cát Bi",Hành lý 0 kg,Hành lý xách tay 7 kg,20-04-2025
VietJet Air,1.857.345 VND/khách,06:15,24 thg 4,24 thg 4,08:15,2h 0m,"TP HCM (SGN)
Sân bay Tân Sơn Nhất
Nhà ga 1","Hải Phòng (HPH)
Sân bay quốc tế Cát Bi",Hành lý 0 kg,Hành lý xách tay 7 kg,20-04-2025
VietJet Air,1.857.345 VND/khách,14:40,24 thg 4,24 thg 4,16:40,2h 0m,"TP HCM (SGN)
Sân bay Tân Sơn Nhất
Nhà ga 1","Hải Phòng (HPH)
Sân bay quốc tế Cát Bi",Hành lý 0 kg,Hành lý xách tay 7 kg,20-04-2025
VietJet Air,1.857.345 VND/khách,19:15,24 thg 4,24 thg 4,21:15,2h 0m,"TP HCM (SGN)
Sân bay Tân Sơn Nhất
Nhà ga 1","Hải Phòng (HPH)
Sân bay quốc tế Cát Bi",Hành lý 0 kg,Hành lý xách tay 7 kg,20-04-2025
VietJet Air,2.031.908 VND/khách,09:15,24 thg 4,24 thg 4,11:15,2h 0m,"TP HCM (SGN)
Sân bay Tân Sơn Nhất
Nhà ga 1","Hải Phòng (HPH)
Sân bay quốc tế Cát Bi",Hành lý 0 kg,Hành lý xách tay 7 kg,20-04-2025
Vietnam Airlines,2.675.322 VND/khách,12:15,24 thg 4,24 thg 4,14:20,2h 5m,"TP HCM (SGN)
Sân bay Tân Sơn Nhất","Hải Phòng (HPH)
Sân bay quốc tế Cát Bi",Hành lý 1 x 23 kg,Hành lý xách tay 1 x 12 kg,20-04-2025
Vietnam Airlines,2.718.279 VND/khách,07:45,24 thg 4,24 thg 4,09:45,2h 0m,"TP HCM (SGN)
Sân bay Tân Sơn Nhất","Hải Phòng (HPH)
Sân bay quốc tế Cát Bi",Hành lý 1 x 23 kg,Hành lý xách tay 1 x 12 kg,20-04-2025
Vietnam Airlines,3.911.085 VND/khách,20:30,24 thg 4,24 thg 4,22:30,2h 0m,"TP HCM (SGN)
Sân bay Tân Sơn Nhất","Hải Phòng (HPH)
Sân bay quốc tế Cát Bi",Hành lý 1 x 23 kg,Hành lý xách tay 1 x 12 kg,20-04-2025
VietJet Air,1.731.660 VND/khách,21:10,24 thg 4,24 thg 4,23:05,1h 55m,"TP HCM (SGN)
Sân bay Tân Sơn Nhất
Nhà ga 1","Hải Phòng (HPH)
Sân bay quốc tế Cát Bi",Hành lý 0 kg,Hành lý xách tay 7 kg,21-04-2025
VietJet Air,1.742.633 VND/khách,04:30,24 thg 4,24 thg 4,06:30,2h 0m,"TP HCM (SGN)
Sân bay Tân Sơn Nhất
Nhà ga 1","Hải Phòng (HPH)
Sân bay quốc tế Cát Bi",Hành lý 0 kg,Hành lý xách tay 7 kg,21-04-2025
VietJet Air,1.742.633 VND/khách,20:10,24 thg 4,24 thg 4,22:10,2h 0m,"TP HCM (SGN)
Sân bay Tân Sơn Nhất
Nhà ga 1","Hải Phòng (HPH)
Sân bay quốc tế Cát Bi",Hành lý 0 kg,Hành lý xách tay 7 kg,21-04-2025
VietJet Air,1.857.345 VND/khách,06:15,24 thg 4,24 thg 4,08:15,2h 0m,"TP HCM (SGN)
Sân bay Tân Sơn Nhất
Nhà ga 1","Hải Phòng (HPH)
Sân bay quốc tế Cát Bi",Hành lý 0 kg,Hành lý xách tay 7 kg,21-04-2025
VietJet Air,1.857.345 VND/khách,14:40,24 thg 4,24 thg 4,16:40,2h 0m,"TP HCM (SGN)
Sân bay Tân Sơn Nhất
Nhà ga 1","Hải Phòng (HPH)
Sân bay quốc tế Cát Bi",Hành lý 0 kg,Hành lý xách tay 7 kg,21-04-2025
VietJet Air,1.857.345 VND/khách,19:15,24 thg 4,24 thg 4,21:15,2h 0m,"TP HCM (SGN)
Sân bay Tân Sơn Nhất
Nhà ga 1","Hải Phòng (HPH)
Sân bay quốc tế Cát Bi",Hành lý 0 kg,Hành lý xách tay 7 kg,21-04-2025
VietJet Air,2.031.908 VND/khách,09:15,24 thg 4,24 thg 4,11:15,2h 0m,"TP HCM (SGN)
Sân bay Tân Sơn Nhất
Nhà ga 1","Hải Phòng (HPH)
Sân bay quốc tế Cát Bi",Hành lý 0 kg,Hành lý xách tay 7 kg,21-04-2025
Vietnam Airlines,2.675.322 VND/khách,12:15,24 thg 4,24 thg 4,14:20,2h 5m,"TP HCM (SGN)
Sân bay Tân Sơn Nhất","Hải Phòng (HPH)
Sân bay quốc tế Cát Bi",Hành lý 1 x 23 kg,Hành lý xách tay 1 x 12 kg,21-04-2025
Vietnam Airlines,2.718.279 VND/khách,07:45,24 thg 4,24 thg 4,09:45,2h 0m,"TP HCM (SGN)
Sân bay Tân Sơn Nhất","Hải Phòng (HPH)
Sân bay quốc tế Cát Bi",Hành lý 1 x 23 kg,Hành lý xách tay 1 x 12 kg,21-04-2025
Vietnam Airlines,3.911.085 VND/khách,20:30,24 thg 4,24 thg 4,22:30,2h 0m,"TP HCM (SGN)
Sân bay Tân Sơn Nhất","Hải Phòng (HPH)
Sân bay quốc tế Cát Bi",Hành lý 1 x 23 kg,Hành lý xách tay 1 x 12 kg,21-04-2025
VietJet Air,1.753.605 VND/khách,21:10,24 thg 4,24 thg 4,23:05,1h 55m,"TP HCM (SGN)
Sân bay Tân Sơn Nhất
Nhà ga 1","Hải Phòng (HPH)
Sân bay quốc tế Cát Bi",Hành lý 0 kg,Hành lý xách tay 7 kg,22-04-2025
VietJet Air,1.868.318 VND/khách,04:30,24 thg 4,24 thg 4,06:30,2h 0m,"TP HCM (SGN)
Sân bay Tân Sơn Nhất
Nhà ga 1","Hải Phòng (HPH)
Sân bay quốc tế Cát Bi",Hành lý 0 kg,Hành lý xách tay 7 kg,22-04-2025
VietJet Air,1.868.318 VND/khách,20:10,24 thg 4,24 thg 4,22:10,2h 0m,"TP HCM (SGN)
Sân bay Tân Sơn Nhất
Nhà ga 1","Hải Phòng (HPH)
Sân bay quốc tế Cát Bi",Hành lý 0 kg,Hành lý xách tay 7 kg,22-04-2025
VietJet Air,2.384.025 VND/khách,09:15,24 thg 4,24 thg 4,11:15,2h 0m,"TP HCM (SGN)
Sân bay Tân Sơn Nhất
Nhà ga 1","Hải Phòng (HPH)
Sân bay quốc tế Cát Bi",Hành lý 0 kg,Hành lý xách tay 7 kg,22-04-2025
Vietnam Airlines,3.405.591 VND/khách,20:50,24 thg 4,24 thg 4,22:50,2h 0m,"TP HCM (SGN)
Sân bay Tân Sơn Nhất","Hải Phòng (HPH)
Sân bay quốc tế Cát Bi",Hành lý 23 kg,Hành lý xách tay 1 x 12 kg,22-04-2025
Vietnam Airlines,3.900.096 VND/khách,14:00,24 thg 4,24 thg 4,16:05,2h 5m,"TP HCM (SGN)
Sân bay Tân Sơn Nhất","Hải Phòng (HPH)
Sân bay quốc tế Cát Bi",Hành lý 23 kg,Hành lý xách tay 1 x 12 kg,22-04-2025
Vietnam Airlines,3.937.059 VND/khách,19:20,24 thg 4,24 thg 4,21:20,2h 0m,"TP HCM (SGN)
Sân bay Tân Sơn Nhất","Hải Phòng (HPH)
Sân bay quốc tế Cát Bi",Hành lý 23 kg,Hành lý xách tay 1 x 12 kg,22-04-2025
Vietnam Airlines,4.017.553 VND/khách,07:45,24 thg 4,24 thg 4,09:45,2h 0m,"TP HCM (SGN)
Sân bay Tân Sơn Nhất","Hải Phòng (HPH)
Sân bay quốc tế Cát Bi",Hành lý 23 kg,Hành lý xách tay 1 x 12 kg,22-04-2025
VietJet Air,3.779.528 VND/khách,21:10,24 thg 4,24 thg 4,23:05,1h 55m,"TP HCM (SGN)
Sân bay Tân Sơn Nhất
Nhà ga 1","Hải Phòng (HPH)
Sân bay quốc tế Cát Bi",Hành lý 0 kg,Hành lý xách tay 7 kg,23-04-2025
Vietnam Airlines,3.920.076 VND/khách,20:50,24 thg 4,24 thg 4,22:50,2h 0m,"TP HCM (SGN)
Sân bay Tân Sơn Nhất","Hải Phòng (HPH)
Sân bay quốc tế Cát Bi",Hành lý 23 kg,Hành lý xách tay 1 x 12 kg,23-04-2025
Vietnam Airlines,4.017.553 VND/khách,19:20,24 thg 4,24 thg 4,21:20,2h 0m,"TP HCM (SGN)
Sân bay Tân Sơn Nhất","Hải Phòng (HPH)
Sân bay quốc tế Cát Bi",Hành lý 23 kg,Hành lý xách tay 1 x 12 kg,23-04-2025
VietJet Air,6.217.970 VND/khách,04:30,24 thg 4,24 thg 4,06:30,2h 0m,"TP HCM (SGN)
Sân bay Tân Sơn Nhất
Nhà ga 1","Hải Phòng (HPH)
Sân bay quốc tế Cát Bi",Hành lý 0 kg,Hành lý xách tay 7 kg,23-04-2025
VietJet Air,1.726.673 VND/khách,21:10,25 thg 4,25 thg 4,23:05,1h 55m,"TP HCM (SGN)
Sân bay Tân Sơn Nhất
Nhà ga 1","Hải Phòng (HPH)
Sân bay quốc tế Cát Bi",Hành lý 0 kg,Hành lý xách tay 7 kg,18-04-2025
VietJet Air,1.726.673 VND/khách,04:30,25 thg 4,25 thg 4,06:30,2h 0m,"TP HCM (SGN)
Sân bay Tân Sơn Nhất
Nhà ga 1","Hải Phòng (HPH)
Sân bay quốc tế Cát Bi",Hành lý 0 kg,Hành lý xách tay 7 kg,18-04-2025
VietJet Air,1.726.673 VND/khách,19:15,25 thg 4,25 thg 4,21:15,2h 0m,"TP HCM (SGN)
Sân bay Tân Sơn Nhất
Nhà ga 1","Hải Phòng (HPH)
Sân bay quốc tế Cát Bi",Hành lý 0 kg,Hành lý xách tay 7 kg,18-04-2025
VietJet Air,1.843.380 VND/khách,06:15,25 thg 4,25 thg 4,08:15,2h 0m,"TP HCM (SGN)
Sân bay Tân Sơn Nhất
Nhà ga 1","Hải Phòng (HPH)
Sân bay quốc tế Cát Bi",Hành lý 0 kg,Hành lý xách tay 7 kg,18-04-2025
VietJet Air,1.843.380 VND/khách,16:10,25 thg 4,25 thg 4,18:10,2h 0m,"TP HCM (SGN)
Sân bay Tân Sơn Nhất
Nhà ga 1","Hải Phòng (HPH)
Sân bay quốc tế Cát Bi",Hành lý 0 kg,Hành lý xách tay 7 kg,18-04-2025
Bamboo Airways,1.938.782 VND/khách,20:05,25 thg 4,25 thg 4,22:10,2h 5m,"TP HCM (SGN)
Sân bay Tân Sơn Nhất","Hải Phòng (HPH)
Sân bay quốc tế Cát Bi",Hành lý 0 kg,Hành lý xách tay 7 kg,18-04-2025
Vietnam Airlines,1.998.000 VND/khách,16:25,25 thg 4,25 thg 4,18:30,2h 5m,"TP HCM (SGN)
Sân bay Tân Sơn Nhất
Nhà ga 1","Hải Phòng (HPH)
Sân bay quốc tế Cát Bi",Hành lý 1 x 23 kg,Hành lý xách tay 1 x 12 kg,18-04-2025
VietJet Air,2.193.503 VND/khách,11:35,25 thg 4,25 thg 4,13:35,2h 0m,"TP HCM (SGN)
Sân bay Tân Sơn Nhất
Nhà ga 1","Hải Phòng (HPH)
Sân bay quốc tế Cát Bi",Hành lý 0 kg,Hành lý xách tay 7 kg,18-04-2025
Vietnam Airlines,2.255.742 VND/khách,20:30,25 thg 4,25 thg 4,22:30,2h 0m,"TP HCM (SGN)
Sân bay Tân Sơn Nhất
Nhà ga 1","Hải Phòng (HPH)
Sân bay quốc tế Cát Bi",Hành lý 1 x 23 kg,Hành lý xách tay 1 x 12 kg,18-04-2025
Vietnam Airlines,3.401.595 VND/khách,07:45,25 thg 4,25 thg 4,09:45,2h 0m,"TP HCM (SGN)
Sân bay Tân Sơn Nhất
Nhà ga 1","Hải Phòng (HPH)
Sân bay quốc tế Cát Bi",Hành lý 1 x 23 kg,Hành lý xách tay 1 x 12 kg,18-04-2025
VietJet Air,1.751.610 VND/khách,21:10,25 thg 4,25 thg 4,23:05,1h 55m,"TP HCM (SGN)
Sân bay Tân Sơn Nhất
Nhà ga 1","Hải Phòng (HPH)
Sân bay quốc tế Cát Bi",,,19-04-2025
VietJet Air,1.751.610 VND/khách,04:30,25 thg 4,25 thg 4,06:30,2h 0m,"TP HCM (SGN)
Sân bay Tân Sơn Nhất
Nhà ga 1","Hải Phòng (HPH)
Sân bay quốc tế Cát Bi",,,19-04-2025
VietJet Air,1.751.610 VND/khách,19:15,25 thg 4,25 thg 4,21:15,2h 0m,"TP HCM (SGN)
Sân bay Tân Sơn Nhất
Nhà ga 1","Hải Phòng (HPH)
Sân bay quốc tế Cát Bi",,,19-04-2025
Bamboo Airways,1.806.199 VND/khách,20:05,25 thg 4,25 thg 4,22:10,2h 5m,"TP HCM (SGN)
Sân bay Tân Sơn Nhất","Hải Phòng (HPH)
Sân bay quốc tế Cát Bi",,,19-04-2025
VietJet Air,1.866.323 VND/khách,06:15,25 thg 4,25 thg 4,08:15,2h 0m,"TP HCM (SGN)
Sân bay Tân Sơn Nhất
Nhà ga 1","Hải Phòng (HPH)
Sân bay quốc tế Cát Bi",,,19-04-2025
VietJet Air,1.866.323 VND/khách,16:10,25 thg 4,25 thg 4,18:10,2h 0m,"TP HCM (SGN)
Sân bay Tân Sơn Nhất
Nhà ga 1","Hải Phòng (HPH)
Sân bay quốc tế Cát Bi",,,19-04-2025
Vietnam Airlines,1.988.010 VND/khách,16:25,25 thg 4,25 thg 4,18:30,2h 5m,"TP HCM (SGN)
Sân bay Tân Sơn Nhất
Nhà ga 1","Hải Phòng (HPH)
Sân bay quốc tế Cát Bi",,,19-04-2025
VietJet Air,2.207.468 VND/khách,11:35,25 thg 4,25 thg 4,13:35,2h 0m,"TP HCM (SGN)
Sân bay Tân Sơn Nhất
Nhà ga 1","Hải Phòng (HPH)
Sân bay quốc tế Cát Bi",,,19-04-2025
Vietnam Airlines,2.456.029 VND/khách,20:30,25 thg 4,25 thg 4,22:30,2h 0m,"TP HCM (SGN)
Sân bay Tân Sơn Nhất
Nhà ga 1","Hải Phòng (HPH)
Sân bay quốc tế Cát Bi",,,19-04-2025
Vietnam Airlines,3.395.601 VND/khách,07:45,25 thg 4,25 thg 4,09:45,2h 0m,"TP HCM (SGN)
Sân bay Tân Sơn Nhất
Nhà ga 1","Hải Phòng (HPH)
Sân bay quốc tế Cát Bi",,,19-04-2025
VietJet Air,1.742.633 VND/khách,21:10,25 thg 4,25 thg 4,23:05,1h 55m,"TP HCM (SGN)
Sân bay Tân Sơn Nhất
Nhà ga 1","Hải Phòng (HPH)
Sân bay quốc tế Cát Bi",Hành lý 0 kg,Hành lý xách tay 7 kg,20-04-2025
VietJet Air,1.742.633 VND/khách,04:30,25 thg 4,25 thg 4,06:30,2h 0m,"TP HCM (SGN)
Sân bay Tân Sơn Nhất
Nhà ga 1","Hải Phòng (HPH)
Sân bay quốc tế Cát Bi",Hành lý 0 kg,Hành lý xách tay 7 kg,20-04-2025
Bamboo Airways,1.806.199 VND/khách,20:05,25 thg 4,25 thg 4,22:10,2h 5m,"TP HCM (SGN)
Sân bay Tân Sơn Nhất","Hải Phòng (HPH)
Sân bay quốc tế Cát Bi",Hành lý 0 kg,Hành lý xách tay 7 kg,20-04-2025
VietJet Air,1.845.718 VND/khách,19:15,25 thg 4,25 thg 4,21:15,2h 0m,"TP HCM (SGN)
Sân bay Tân Sơn Nhất
Nhà ga 1","Hải Phòng (HPH)
Sân bay quốc tế Cát Bi",Hành lý 0 kg,Hành lý xách tay 7 kg,20-04-2025
VietJet Air,1.857.345 VND/khách,06:15,25 thg 4,25 thg 4,08:15,2h 0m,"TP HCM (SGN)
Sân bay Tân Sơn Nhất
Nhà ga 1","Hải Phòng (HPH)
Sân bay quốc tế Cát Bi",Hành lý 0 kg,Hành lý xách tay 7 kg,20-04-2025
VietJet Air,1.857.345 VND/khách,16:10,25 thg 4,25 thg 4,18:10,2h 0m,"TP HCM (SGN)
Sân bay Tân Sơn Nhất
Nhà ga 1","Hải Phòng (HPH)
Sân bay quốc tế Cát Bi",Hành lý 0 kg,Hành lý xách tay 7 kg,20-04-2025
VietJet Air,2.202.480 VND/khách,11:35,25 thg 4,25 thg 4,13:35,2h 0m,"TP HCM (SGN)
Sân bay Tân Sơn Nhất
Nhà ga 1","Hải Phòng (HPH)
Sân bay quốc tế Cát Bi",Hành lý 0 kg,Hành lý xách tay 7 kg,20-04-2025
Vietnam Airlines,2.242.755 VND/khách,16:25,25 thg 4,25 thg 4,18:30,2h 5m,"TP HCM (SGN)
Sân bay Tân Sơn Nhất","Hải Phòng (HPH)
Sân bay quốc tế Cát Bi",Hành lý 1 x 23 kg,Hành lý xách tay 1 x 12 kg,20-04-2025
Vietnam Airlines,2.303.569 VND/khách,20:30,25 thg 4,25 thg 4,22:30,2h 0m,"TP HCM (SGN)
Sân bay Tân Sơn Nhất","Hải Phòng (HPH)
Sân bay quốc tế Cát Bi",Hành lý 1 x 23 kg,Hành lý xách tay 1 x 12 kg,20-04-2025
Vietnam Airlines,3.439.557 VND/khách,07:45,25 thg 4,25 thg 4,09:45,2h 0m,"TP HCM (SGN)
Sân bay Tân Sơn Nhất","Hải Phòng (HPH)
Sân bay quốc tế Cát Bi",Hành lý 1 x 23 kg,Hành lý xách tay 1 x 12 kg,20-04-2025
VietJet Air,1.742.633 VND/khách,21:10,25 thg 4,25 thg 4,23:05,1h 55m,"TP HCM (SGN)
Sân bay Tân Sơn Nhất
Nhà ga 1","Hải Phòng (HPH)
Sân bay quốc tế Cát Bi",Hành lý 0 kg,Hành lý xách tay 7 kg,21-04-2025
VietJet Air,1.742.633 VND/khách,04:30,25 thg 4,25 thg 4,06:30,2h 0m,"TP HCM (SGN)
Sân bay Tân Sơn Nhất
Nhà ga 1","Hải Phòng (HPH)
Sân bay quốc tế Cát Bi",Hành lý 0 kg,Hành lý xách tay 7 kg,21-04-2025
Bamboo Airways,1.806.199 VND/khách,20:05,25 thg 4,25 thg 4,22:10,2h 5m,"TP HCM (SGN)
Sân bay Tân Sơn Nhất","Hải Phòng (HPH)
Sân bay quốc tế Cát Bi",Hành lý 0 kg,Hành lý xách tay 7 kg,21-04-2025
VietJet Air,1.857.345 VND/khách,06:15,25 thg 4,25 thg 4,08:15,2h 0m,"TP HCM (SGN)
Sân bay Tân Sơn Nhất
Nhà ga 1","Hải Phòng (HPH)
Sân bay quốc tế Cát Bi",Hành lý 0 kg,Hành lý xách tay 7 kg,21-04-2025
VietJet Air,1.857.345 VND/khách,16:10,25 thg 4,25 thg 4,18:10,2h 0m,"TP HCM (SGN)
Sân bay Tân Sơn Nhất
Nhà ga 1","Hải Phòng (HPH)
Sân bay quốc tế Cát Bi",Hành lý 0 kg,Hành lý xách tay 7 kg,21-04-2025
VietJet Air,1.857.345 VND/khách,19:15,25 thg 4,25 thg 4,21:15,2h 0m,"TP HCM (SGN)
Sân bay Tân Sơn Nhất
Nhà ga 1","Hải Phòng (HPH)
Sân bay quốc tế Cát Bi",Hành lý 0 kg,Hành lý xách tay 7 kg,21-04-2025
VietJet Air,2.202.480 VND/khách,11:35,25 thg 4,25 thg 4,13:35,2h 0m,"TP HCM (SGN)
Sân bay Tân Sơn Nhất
Nhà ga 1","Hải Phòng (HPH)
Sân bay quốc tế Cát Bi",Hành lý 0 kg,Hành lý xách tay 7 kg,21-04-2025
Vietnam Airlines,2.242.755 VND/khách,16:25,25 thg 4,25 thg 4,18:30,2h 5m,"TP HCM (SGN)
Sân bay Tân Sơn Nhất","Hải Phòng (HPH)
Sân bay quốc tế Cát Bi",Hành lý 1 x 23 kg,Hành lý xách tay 1 x 12 kg,21-04-2025
Vietnam Airlines,2.303.569 VND/khách,20:30,25 thg 4,25 thg 4,22:30,2h 0m,"TP HCM (SGN)
Sân bay Tân Sơn Nhất","Hải Phòng (HPH)
Sân bay quốc tế Cát Bi",Hành lý 1 x 23 kg,Hành lý xách tay 1 x 12 kg,21-04-2025
Vietnam Airlines,3.439.557 VND/khách,07:45,25 thg 4,25 thg 4,09:45,2h 0m,"TP HCM (SGN)
Sân bay Tân Sơn Nhất","Hải Phòng (HPH)
Sân bay quốc tế Cát Bi",Hành lý 1 x 23 kg,Hành lý xách tay 1 x 12 kg,21-04-2025
Bamboo Airways,2.132.639 VND/khách,20:05,25 thg 4,25 thg 4,22:10,2h 5m,"TP HCM (SGN)
Sân bay Tân Sơn Nhất","Hải Phòng (HPH)
Sân bay quốc tế Cát Bi",Hành lý 0 kg,Hành lý xách tay 7 kg,22-04-2025
VietJet Air,1.847.051 VND/khách,21:10,25 thg 4,25 thg 4,23:05,1h 55m,"TP HCM (SGN)
Sân bay Tân Sơn Nhất
Nhà ga 1","Hải Phòng (HPH)
Sân bay quốc tế Cát Bi",Hành lý 0 kg,Hành lý xách tay 7 kg,22-04-2025
VietJet Air,2.038.890 VND/khách,06:15,25 thg 4,25 thg 4,08:15,2h 0m,"TP HCM (SGN)
Sân bay Tân Sơn Nhất
Nhà ga 1","Hải Phòng (HPH)
Sân bay quốc tế Cát Bi",Hành lý 0 kg,Hành lý xách tay 7 kg,22-04-2025
VietJet Air,2.038.890 VND/khách,19:15,25 thg 4,25 thg 4,21:15,2h 0m,"TP HCM (SGN)
Sân bay Tân Sơn Nhất
Nhà ga 1","Hải Phòng (HPH)
Sân bay quốc tế Cát Bi",Hành lý 0 kg,Hành lý xách tay 7 kg,22-04-2025
VietJet Air,2.384.025 VND/khách,11:35,25 thg 4,25 thg 4,13:35,2h 0m,"TP HCM (SGN)
Sân bay Tân Sơn Nhất
Nhà ga 1","Hải Phòng (HPH)
Sân bay quốc tế Cát Bi",Hành lý 0 kg,Hành lý xách tay 7 kg,22-04-2025
Vietnam Airlines,2.677.320 VND/khách,20:30,25 thg 4,25 thg 4,22:30,2h 0m,"TP HCM (SGN)
Sân bay Tân Sơn Nhất","Hải Phòng (HPH)
Sân bay quốc tế Cát Bi",Hành lý 23 kg,Hành lý xách tay 1 x 12 kg,22-04-2025
Vietnam Airlines,2.681.316 VND/khách,16:25,25 thg 4,25 thg 4,18:30,2h 5m,"TP HCM (SGN)
Sân bay Tân Sơn Nhất
Nhà ga 1","Hải Phòng (HPH)
Sân bay quốc tế Cát Bi",Hành lý 23 kg,Hành lý xách tay 1 x 12 kg,22-04-2025
Vietnam Airlines,3.677.319 VND/khách,17:55,25 thg 4,25 thg 4,19:55,2h 0m,"TP HCM (SGN)
Sân bay Tân Sơn Nhất","Hải Phòng (HPH)
Sân bay quốc tế Cát Bi",Hành lý 23 kg,Hành lý xách tay 1 x 12 kg,22-04-2025
Bamboo Airways,2.132.639 VND/khách,20:05,25 thg 4,25 thg 4,22:10,2h 5m,"TP HCM (SGN)
Sân bay Tân Sơn Nhất","Hải Phòng (HPH)
Sân bay quốc tế Cát Bi",Hành lý 0 kg,Hành lý xách tay 7 kg,23-04-2025
VietJet Air,1.728.225 VND/khách,04:30,25 thg 4,25 thg 4,06:30,2h 0m,"TP HCM (SGN)
Sân bay Tân Sơn Nhất
Nhà ga 1","Hải Phòng (HPH)
Sân bay quốc tế Cát Bi",Hành lý 0 kg,Hành lý xách tay 7 kg,23-04-2025
VietJet Air,1.870.313 VND/khách,21:10,25 thg 4,25 thg 4,23:05,1h 55m,"TP HCM (SGN)
Sân bay Tân Sơn Nhất
Nhà ga 1","Hải Phòng (HPH)
Sân bay quốc tế Cát Bi",Hành lý 0 kg,Hành lý xách tay 7 kg,23-04-2025
VietJet Air,2.188.343 VND/khách,19:15,25 thg 4,25 thg 4,21:15,2h 0m,"TP HCM (SGN)
Sân bay Tân Sơn Nhất
Nhà ga 1","Hải Phòng (HPH)
Sân bay quốc tế Cát Bi",Hành lý 0 kg,Hành lý xách tay 7 kg,23-04-2025
VietJet Air,2.212.455 VND/khách,06:15,25 thg 4,25 thg 4,08:15,2h 0m,"TP HCM (SGN)
Sân bay Tân Sơn Nhất
Nhà ga 1","Hải Phòng (HPH)
Sân bay quốc tế Cát Bi",Hành lý 0 kg,Hành lý xách tay 7 kg,23-04-2025
VietJet Air,2.251.358 VND/khách,16:10,25 thg 4,25 thg 4,18:10,2h 0m,"TP HCM (SGN)
Sân bay Tân Sơn Nhất
Nhà ga 1","Hải Phòng (HPH)
Sân bay quốc tế Cát Bi",Hành lý 0 kg,Hành lý xách tay 7 kg,23-04-2025
VietJet Air,2.387.018 VND/khách,11:35,25 thg 4,25 thg 4,13:35,2h 0m,"TP HCM (SGN)
Sân bay Tân Sơn Nhất
Nhà ga 1","Hải Phòng (HPH)
Sân bay quốc tế Cát Bi",Hành lý 0 kg,Hành lý xách tay 7 kg,23-04-2025
Vietnam Airlines,2.884.925 VND/khách,20:30,25 thg 4,25 thg 4,22:30,2h 0m,"TP HCM (SGN)
Sân bay Tân Sơn Nhất","Hải Phòng (HPH)
Sân bay quốc tế Cát Bi",Hành lý 23 kg,Hành lý xách tay 1 x 12 kg,23-04-2025
Vietnam Airlines,2.916.081 VND/khách,16:25,25 thg 4,25 thg 4,18:30,2h 5m,"TP HCM (SGN)
Sân bay Tân Sơn Nhất
Nhà ga 1","Hải Phòng (HPH)
Sân bay quốc tế Cát Bi",Hành lý 23 kg,Hành lý xách tay 1 x 12 kg,23-04-2025
Vietnam Airlines,3.686.310 VND/khách,17:55,25 thg 4,25 thg 4,19:55,2h 0m,"TP HCM (SGN)
Sân bay Tân Sơn Nhất","Hải Phòng (HPH)
Sân bay quốc tế Cát Bi",Hành lý 23 kg,Hành lý xách tay 1 x 12 kg,23-04-2025
Bamboo Airways,2.283.743 VND/khách,20:05,25 thg 4,25 thg 4,22:10,2h 5m,"TP HCM (SGN)
Sân bay Tân Sơn Nhất","Hải Phòng (HPH)
Sân bay quốc tế Cát Bi",,,24-04-2025
VietJet Air,1.762.583 VND/khách,21:10,25 thg 4,25 thg 4,23:05,1h 55m,"TP HCM (SGN)
Sân bay Tân Sơn Nhất
Nhà ga 1","Hải Phòng (HPH)
Sân bay quốc tế Cát Bi",,,24-04-2025
VietJet Air,1.901.235 VND/khách,04:30,25 thg 4,25 thg 4,06:30,2h 0m,"TP HCM (SGN)
Sân bay Tân Sơn Nhất
Nhà ga 1","Hải Phòng (HPH)
Sân bay quốc tế Cát Bi",,,24-04-2025
VietJet Air,2.224.425 VND/khách,19:15,25 thg 4,25 thg 4,21:15,2h 0m,"TP HCM (SGN)
Sân bay Tân Sơn Nhất
Nhà ga 1","Hải Phòng (HPH)
Sân bay quốc tế Cát Bi",,,24-04-2025
VietJet Air,2.253.353 VND/khách,06:15,25 thg 4,25 thg 4,08:15,2h 0m,"TP HCM (SGN)
Sân bay Tân Sơn Nhất
Nhà ga 1","Hải Phòng (HPH)
Sân bay quốc tế Cát Bi",,,24-04-2025
VietJet Air,2.428.913 VND/khách,16:10,25 thg 4,25 thg 4,18:10,2h 0m,"TP HCM (SGN)
Sân bay Tân Sơn Nhất
Nhà ga 1","Hải Phòng (HPH)
Sân bay quốc tế Cát Bi",,,24-04-2025
VietJet Air,2.866.815 VND/khách,11:40,25 thg 4,25 thg 4,13:35,1h 55m,"TP HCM (SGN)
Sân bay Tân Sơn Nhất
Nhà ga 1","Hải Phòng (HPH)
Sân bay quốc tế Cát Bi",,,24-04-2025
Vietnam Airlines,3.414.582 VND/khách,20:30,25 thg 4,25 thg 4,22:30,2h 0m,"TP HCM (SGN)
Sân bay Tân Sơn Nhất","Hải Phòng (HPH)
Sân bay quốc tế Cát Bi",,,24-04-2025
Vietnam Airlines,3.448.548 VND/khách,16:25,25 thg 4,25 thg 4,18:30,2h 5m,"TP HCM (SGN)
Sân bay Tân Sơn Nhất
Nhà ga 1","Hải Phòng (HPH)
Sân bay quốc tế Cát Bi",,,24-04-2025
VietJet Air,1.724.678 VND/khách,21:10,26 thg 4,26 thg 4,23:05,1h 55m,"TP HCM (SGN)
Sân bay Tân Sơn Nhất
Nhà ga 1","Hải Phòng (HPH)
Sân bay quốc tế Cát Bi",Hành lý 0 kg,Hành lý xách tay 7 kg,18-04-2025
VietJet Air,1.841.385 VND/khách,04:30,26 thg 4,26 thg 4,06:30,2h 0m,"TP HCM (SGN)
Sân bay Tân Sơn Nhất
Nhà ga 1","Hải Phòng (HPH)
Sân bay quốc tế Cát Bi",Hành lý 0 kg,Hành lý xách tay 7 kg,18-04-2025
VietJet Air,1.841.385 VND/khách,16:10,26 thg 4,26 thg 4,18:10,2h 0m,"TP HCM (SGN)
Sân bay Tân Sơn Nhất
Nhà ga 1","Hải Phòng (HPH)
Sân bay quốc tế Cát Bi",Hành lý 0 kg,Hành lý xách tay 7 kg,18-04-2025
VietJet Air,1.841.385 VND/khách,19:15,26 thg 4,26 thg 4,21:15,2h 0m,"TP HCM (SGN)
Sân bay Tân Sơn Nhất
Nhà ga 1","Hải Phòng (HPH)
Sân bay quốc tế Cát Bi",Hành lý 0 kg,Hành lý xách tay 7 kg,18-04-2025
VietJet Air,1.841.385 VND/khách,20:10,26 thg 4,26 thg 4,22:10,2h 0m,"TP HCM (SGN)
Sân bay Tân Sơn Nhất
Nhà ga 1","Hải Phòng (HPH)
Sân bay quốc tế Cát Bi",Hành lý 0 kg,Hành lý xách tay 7 kg,18-04-2025
Vietnam Airlines,1.991.007 VND/khách,17:55,26 thg 4,26 thg 4,19:55,2h 0m,"TP HCM (SGN)
Sân bay Tân Sơn Nhất
Nhà ga 1","Hải Phòng (HPH)
Sân bay quốc tế Cát Bi",Hành lý 1 x 23 kg,Hành lý xách tay 1 x 12 kg,18-04-2025
Vietnam Airlines,1.991.007 VND/khách,20:30,26 thg 4,26 thg 4,22:30,2h 0m,"TP HCM (SGN)
Sân bay Tân Sơn Nhất
Nhà ga 1","Hải Phòng (HPH)
Sân bay quốc tế Cát Bi",Hành lý 1 x 23 kg,Hành lý xách tay 1 x 12 kg,18-04-2025
VietJet Air,2.016.945 VND/khách,06:15,26 thg 4,26 thg 4,08:15,2h 0m,"TP HCM (SGN)
Sân bay Tân Sơn Nhất
Nhà ga 1","Hải Phòng (HPH)
Sân bay quốc tế Cát Bi",Hành lý 0 kg,Hành lý xách tay 7 kg,18-04-2025
VietJet Air,2.016.945 VND/khách,09:15,26 thg 4,26 thg 4,11:15,2h 0m,"TP HCM (SGN)
Sân bay Tân Sơn Nhất
Nhà ga 1","Hải Phòng (HPH)
Sân bay quốc tế Cát Bi",Hành lý 0 kg,Hành lý xách tay 7 kg,18-04-2025
VietJet Air,2.016.945 VND/khách,14:05,26 thg 4,26 thg 4,16:05,2h 0m,"TP HCM (SGN)
Sân bay Tân Sơn Nhất
Nhà ga 1","Hải Phòng (HPH)
Sân bay quốc tế Cát Bi",Hành lý 0 kg,Hành lý xách tay 7 kg,18-04-2025
Vietnam Airlines,2.242.755 VND/khách,07:45,26 thg 4,26 thg 4,09:45,2h 0m,"TP HCM (SGN)
Sân bay Tân Sơn Nhất
Nhà ga 1","Hải Phòng (HPH)
Sân bay quốc tế Cát Bi",Hành lý 1 x 23 kg,Hành lý xách tay 1 x 12 kg,18-04-2025
VietJet Air,1.751.610 VND/khách,21:10,26 thg 4,26 thg 4,23:05,1h 55m,"TP HCM (SGN)
Sân bay Tân Sơn Nhất
Nhà ga 1","Hải Phòng (HPH)
Sân bay quốc tế Cát Bi",,,19-04-2025
VietJet Air,1.866.323 VND/khách,04:30,26 thg 4,26 thg 4,06:30,2h 0m,"TP HCM (SGN)
Sân bay Tân Sơn Nhất
Nhà ga 1","Hải Phòng (HPH)
Sân bay quốc tế Cát Bi",,,19-04-2025
VietJet Air,1.866.323 VND/khách,16:10,26 thg 4,26 thg 4,18:10,2h 0m,"TP HCM (SGN)
Sân bay Tân Sơn Nhất
Nhà ga 1","Hải Phòng (HPH)
Sân bay quốc tế Cát Bi",,,19-04-2025
VietJet Air,1.866.323 VND/khách,19:15,26 thg 4,26 thg 4,21:15,2h 0m,"TP HCM (SGN)
Sân bay Tân Sơn Nhất
Nhà ga 1","Hải Phòng (HPH)
Sân bay quốc tế Cát Bi",,,19-04-2025
VietJet Air,1.866.323 VND/khách,20:10,26 thg 4,26 thg 4,22:10,2h 0m,"TP HCM (SGN)
Sân bay Tân Sơn Nhất
Nhà ga 1","Hải Phòng (HPH)
Sân bay quốc tế Cát Bi",,,19-04-2025
Vietnam Airlines,1.988.010 VND/khách,20:30,26 thg 4,26 thg 4,22:30,2h 0m,"TP HCM (SGN)
Sân bay Tân Sơn Nhất
Nhà ga 1","Hải Phòng (HPH)
Sân bay quốc tế Cát Bi",,,19-04-2025
VietJet Air,2.036.895 VND/khách,06:15,26 thg 4,26 thg 4,08:15,2h 0m,"TP HCM (SGN)
Sân bay Tân Sơn Nhất
Nhà ga 1","Hải Phòng (HPH)
Sân bay quốc tế Cát Bi",,,19-04-2025
VietJet Air,2.036.895 VND/khách,14:05,26 thg 4,26 thg 4,16:05,2h 0m,"TP HCM (SGN)
Sân bay Tân Sơn Nhất
Nhà ga 1","Hải Phòng (HPH)
Sân bay quốc tế Cát Bi",,,19-04-2025
Vietnam Airlines,2.071.601 VND/khách,17:55,26 thg 4,26 thg 4,19:55,2h 0m,"TP HCM (SGN)
Sân bay Tân Sơn Nhất
Nhà ga 1","Hải Phòng (HPH)
Sân bay quốc tế Cát Bi",,,19-04-2025
VietJet Air,2.188.515 VND/khách,09:15,26 thg 4,26 thg 4,11:15,2h 0m,"TP HCM (SGN)
Sân bay Tân Sơn Nhất
Nhà ga 1","Hải Phòng (HPH)
Sân bay quốc tế Cát Bi",,,19-04-2025
Vietnam Airlines,2.236.761 VND/khách,13:20,26 thg 4,26 thg 4,15:25,2h 5m,"TP HCM (SGN)
Sân bay Tân Sơn Nhất
Nhà ga 1","Hải Phòng (HPH)
Sân bay quốc tế Cát Bi",,,19-04-2025
VietJet Air,1.742.633 VND/khách,21:10,26 thg 4,26 thg 4,23:05,1h 55m,"TP HCM (SGN)
Sân bay Tân Sơn Nhất
Nhà ga 1","Hải Phòng (HPH)
Sân bay quốc tế Cát Bi",Hành lý 0 kg,Hành lý xách tay 7 kg,20-04-2025
VietJet Air,1.857.345 VND/khách,04:30,26 thg 4,26 thg 4,06:30,2h 0m,"TP HCM (SGN)
Sân bay Tân Sơn Nhất
Nhà ga 1","Hải Phòng (HPH)
Sân bay quốc tế Cát Bi",Hành lý 0 kg,Hành lý xách tay 7 kg,20-04-2025
VietJet Air,1.857.345 VND/khách,16:10,26 thg 4,26 thg 4,18:10,2h 0m,"TP HCM (SGN)
Sân bay Tân Sơn Nhất
Nhà ga 1","Hải Phòng (HPH)
Sân bay quốc tế Cát Bi",Hành lý 0 kg,Hành lý xách tay 7 kg,20-04-2025
VietJet Air,1.857.345 VND/khách,19:15,26 thg 4,26 thg 4,21:15,2h 0m,"TP HCM (SGN)
Sân bay Tân Sơn Nhất
Nhà ga 1","Hải Phòng (HPH)
Sân bay quốc tế Cát Bi",Hành lý 0 kg,Hành lý xách tay 7 kg,20-04-2025
VietJet Air,1.857.345 VND/khách,20:10,26 thg 4,26 thg 4,22:10,2h 0m,"TP HCM (SGN)
Sân bay Tân Sơn Nhất
Nhà ga 1","Hải Phòng (HPH)
Sân bay quốc tế Cát Bi",Hành lý 0 kg,Hành lý xách tay 7 kg,20-04-2025
VietJet Air,2.031.908 VND/khách,06:15,26 thg 4,26 thg 4,08:15,2h 0m,"TP HCM (SGN)
Sân bay Tân Sơn Nhất
Nhà ga 1","Hải Phòng (HPH)
Sân bay quốc tế Cát Bi",Hành lý 0 kg,Hành lý xách tay 7 kg,20-04-2025
VietJet Air,2.202.480 VND/khách,09:15,26 thg 4,26 thg 4,11:15,2h 0m,"TP HCM (SGN)
Sân bay Tân Sơn Nhất
Nhà ga 1","Hải Phòng (HPH)
Sân bay quốc tế Cát Bi",Hành lý 0 kg,Hành lý xách tay 7 kg,20-04-2025
VietJet Air,2.202.480 VND/khách,14:05,26 thg 4,26 thg 4,16:05,2h 0m,"TP HCM (SGN)
Sân bay Tân Sơn Nhất
Nhà ga 1","Hải Phòng (HPH)
Sân bay quốc tế Cát Bi",Hành lý 0 kg,Hành lý xách tay 7 kg,20-04-2025
Vietnam Airlines,2.220.777 VND/khách,17:55,26 thg 4,26 thg 4,19:55,2h 0m,"TP HCM (SGN)
Sân bay Tân Sơn Nhất","Hải Phòng (HPH)
Sân bay quốc tế Cát Bi",Hành lý 1 x 23 kg,Hành lý xách tay 1 x 12 kg,20-04-2025
Vietnam Airlines,2.227.770 VND/khách,20:30,26 thg 4,26 thg 4,22:30,2h 0m,"TP HCM (SGN)
Sân bay Tân Sơn Nhất","Hải Phòng (HPH)
Sân bay quốc tế Cát Bi",Hành lý 1 x 23 kg,Hành lý xách tay 1 x 12 kg,20-04-2025
Vietnam Airlines,2.480.517 VND/khách,13:20,26 thg 4,26 thg 4,15:25,2h 5m,"TP HCM (SGN)
Sân bay Tân Sơn Nhất","Hải Phòng (HPH)
Sân bay quốc tế Cát Bi",Hành lý 1 x 23 kg,Hành lý xách tay 1 x 12 kg,20-04-2025
VietJet Air,1.742.633 VND/khách,21:10,26 thg 4,26 thg 4,23:05,1h 55m,"TP HCM (SGN)
Sân bay Tân Sơn Nhất
Nhà ga 1","Hải Phòng (HPH)
Sân bay quốc tế Cát Bi",Hành lý 0 kg,Hành lý xách tay 7 kg,21-04-2025
VietJet Air,1.857.345 VND/khách,04:30,26 thg 4,26 thg 4,06:30,2h 0m,"TP HCM (SGN)
Sân bay Tân Sơn Nhất
Nhà ga 1","Hải Phòng (HPH)
Sân bay quốc tế Cát Bi",Hành lý 0 kg,Hành lý xách tay 7 kg,21-04-2025
VietJet Air,1.857.345 VND/khách,16:10,26 thg 4,26 thg 4,18:10,2h 0m,"TP HCM (SGN)
Sân bay Tân Sơn Nhất
Nhà ga 1","Hải Phòng (HPH)
Sân bay quốc tế Cát Bi",Hành lý 0 kg,Hành lý xách tay 7 kg,21-04-2025
VietJet Air,1.857.345 VND/khách,19:15,26 thg 4,26 thg 4,21:15,2h 0m,"TP HCM (SGN)
Sân bay Tân Sơn Nhất
Nhà ga 1","Hải Phòng (HPH)
Sân bay quốc tế Cát Bi",Hành lý 0 kg,Hành lý xách tay 7 kg,21-04-2025
VietJet Air,1.857.345 VND/khách,20:10,26 thg 4,26 thg 4,22:10,2h 0m,"TP HCM (SGN)
Sân bay Tân Sơn Nhất
Nhà ga 1","Hải Phòng (HPH)
Sân bay quốc tế Cát Bi",Hành lý 0 kg,Hành lý xách tay 7 kg,21-04-2025
VietJet Air,2.031.908 VND/khách,06:15,26 thg 4,26 thg 4,08:15,2h 0m,"TP HCM (SGN)
Sân bay Tân Sơn Nhất
Nhà ga 1","Hải Phòng (HPH)
Sân bay quốc tế Cát Bi",Hành lý 0 kg,Hành lý xách tay 7 kg,21-04-2025
VietJet Air,2.202.480 VND/khách,09:15,26 thg 4,26 thg 4,11:15,2h 0m,"TP HCM (SGN)
Sân bay Tân Sơn Nhất
Nhà ga 1","Hải Phòng (HPH)
Sân bay quốc tế Cát Bi",Hành lý 0 kg,Hành lý xách tay 7 kg,21-04-2025
VietJet Air,2.202.480 VND/khách,14:05,26 thg 4,26 thg 4,16:05,2h 0m,"TP HCM (SGN)
Sân bay Tân Sơn Nhất
Nhà ga 1","Hải Phòng (HPH)
Sân bay quốc tế Cát Bi",Hành lý 0 kg,Hành lý xách tay 7 kg,21-04-2025
Vietnam Airlines,2.227.770 VND/khách,20:30,26 thg 4,26 thg 4,22:30,2h 0m,"TP HCM (SGN)
Sân bay Tân Sơn Nhất","Hải Phòng (HPH)
Sân bay quốc tế Cát Bi",Hành lý 1 x 23 kg,Hành lý xách tay 1 x 12 kg,21-04-2025
Vietnam Airlines,2.456.546 VND/khách,17:55,26 thg 4,26 thg 4,19:55,2h 0m,"TP HCM (SGN)
Sân bay Tân Sơn Nhất","Hải Phòng (HPH)
Sân bay quốc tế Cát Bi",Hành lý 1 x 23 kg,Hành lý xách tay 1 x 12 kg,21-04-2025
Vietnam Airlines,2.480.517 VND/khách,13:20,26 thg 4,26 thg 4,15:25,2h 5m,"TP HCM (SGN)
Sân bay Tân Sơn Nhất","Hải Phòng (HPH)
Sân bay quốc tế Cát Bi",Hành lý 1 x 23 kg,Hành lý xách tay 1 x 12 kg,21-04-2025
VietJet Air,1.753.605 VND/khách,21:10,26 thg 4,26 thg 4,23:05,1h 55m,"TP HCM (SGN)
Sân bay Tân Sơn Nhất
Nhà ga 1","Hải Phòng (HPH)
Sân bay quốc tế Cát Bi",Hành lý 0 kg,Hành lý xách tay 7 kg,22-04-2025
VietJet Air,1.753.605 VND/khách,20:10,26 thg 4,26 thg 4,22:10,2h 0m,"TP HCM (SGN)
Sân bay Tân Sơn Nhất
Nhà ga 1","Hải Phòng (HPH)
Sân bay quốc tế Cát Bi",Hành lý 0 kg,Hành lý xách tay 7 kg,22-04-2025
VietJet Air,1.868.318 VND/khách,04:30,26 thg 4,26 thg 4,06:30,2h 0m,"TP HCM (SGN)
Sân bay Tân Sơn Nhất
Nhà ga 1","Hải Phòng (HPH)
Sân bay quốc tế Cát Bi",Hành lý 0 kg,Hành lý xách tay 7 kg,22-04-2025
VietJet Air,2.038.890 VND/khách,06:15,26 thg 4,26 thg 4,08:15,2h 0m,"TP HCM (SGN)
Sân bay Tân Sơn Nhất
Nhà ga 1","Hải Phòng (HPH)
Sân bay quốc tế Cát Bi",Hành lý 0 kg,Hành lý xách tay 7 kg,22-04-2025
VietJet Air,2.038.890 VND/khách,09:15,26 thg 4,26 thg 4,11:15,2h 0m,"TP HCM (SGN)
Sân bay Tân Sơn Nhất
Nhà ga 1","Hải Phòng (HPH)
Sân bay quốc tế Cát Bi",Hành lý 0 kg,Hành lý xách tay 7 kg,22-04-2025
VietJet Air,2.038.890 VND/khách,14:05,26 thg 4,26 thg 4,16:05,2h 0m,"TP HCM (SGN)
Sân bay Tân Sơn Nhất
Nhà ga 1","Hải Phòng (HPH)
Sân bay quốc tế Cát Bi",Hành lý 0 kg,Hành lý xách tay 7 kg,22-04-2025
VietJet Air,2.038.890 VND/khách,19:15,26 thg 4,26 thg 4,21:15,2h 0m,"TP HCM (SGN)
Sân bay Tân Sơn Nhất
Nhà ga 1","Hải Phòng (HPH)
Sân bay quốc tế Cát Bi",Hành lý 0 kg,Hành lý xách tay 7 kg,22-04-2025
Vietnam Airlines,2.688.309 VND/khách,20:30,26 thg 4,26 thg 4,22:30,2h 0m,"TP HCM (SGN)
Sân bay Tân Sơn Nhất","Hải Phòng (HPH)
Sân bay quốc tế Cát Bi",Hành lý 23 kg,Hành lý xách tay 1 x 12 kg,22-04-2025
Vietnam Airlines,2.692.305 VND/khách,17:55,26 thg 4,26 thg 4,19:55,2h 0m,"TP HCM (SGN)
Sân bay Tân Sơn Nhất","Hải Phòng (HPH)
Sân bay quốc tế Cát Bi",Hành lý 23 kg,Hành lý xách tay 1 x 12 kg,22-04-2025
Vietnam Airlines,2.904.093 VND/khách,13:20,26 thg 4,26 thg 4,15:25,2h 5m,"TP HCM (SGN)
Sân bay Tân Sơn Nhất","Hải Phòng (HPH)
Sân bay quốc tế Cát Bi",Hành lý 23 kg,Hành lý xách tay 1 x 12 kg,22-04-2025
Vietnam Airlines,2.908.089 VND/khách,07:45,26 thg 4,26 thg 4,09:45,2h 0m,"TP HCM (SGN)
Sân bay Tân Sơn Nhất","Hải Phòng (HPH)
Sân bay quốc tế Cát Bi",Hành lý 23 kg,Hành lý xách tay 1 x 12 kg,22-04-2025
VietJet Air,1.754.603 VND/khách,21:10,26 thg 4,26 thg 4,23:05,1h 55m,"TP HCM (SGN)
Sân bay Tân Sơn Nhất
Nhà ga 1","Hải Phòng (HPH)
Sân bay quốc tế Cát Bi",Hành lý 0 kg,Hành lý xách tay 7 kg,23-04-2025
VietJet Air,1.754.603 VND/khách,20:10,26 thg 4,26 thg 4,22:10,2h 0m,"TP HCM (SGN)
Sân bay Tân Sơn Nhất
Nhà ga 1","Hải Phòng (HPH)
Sân bay quốc tế Cát Bi",Hành lý 0 kg,Hành lý xách tay 7 kg,23-04-2025
VietJet Air,1.870.313 VND/khách,04:30,26 thg 4,26 thg 4,06:30,2h 0m,"TP HCM (SGN)
Sân bay Tân Sơn Nhất
Nhà ga 1","Hải Phòng (HPH)
Sân bay quốc tế Cát Bi",Hành lý 0 kg,Hành lý xách tay 7 kg,23-04-2025
VietJet Air,2.040.885 VND/khách,06:15,26 thg 4,26 thg 4,08:15,2h 0m,"TP HCM (SGN)
Sân bay Tân Sơn Nhất
Nhà ga 1","Hải Phòng (HPH)
Sân bay quốc tế Cát Bi",Hành lý 0 kg,Hành lý xách tay 7 kg,23-04-2025
VietJet Air,2.040.885 VND/khách,09:15,26 thg 4,26 thg 4,11:15,2h 0m,"TP HCM (SGN)
Sân bay Tân Sơn Nhất
Nhà ga 1","Hải Phòng (HPH)
Sân bay quốc tế Cát Bi",Hành lý 0 kg,Hành lý xách tay 7 kg,23-04-2025
VietJet Air,2.040.885 VND/khách,14:05,26 thg 4,26 thg 4,16:05,2h 0m,"TP HCM (SGN)
Sân bay Tân Sơn Nhất
Nhà ga 1","Hải Phòng (HPH)
Sân bay quốc tế Cát Bi",Hành lý 0 kg,Hành lý xách tay 7 kg,23-04-2025
VietJet Air,2.040.885 VND/khách,19:15,26 thg 4,26 thg 4,21:15,2h 0m,"TP HCM (SGN)
Sân bay Tân Sơn Nhất
Nhà ga 1","Hải Phòng (HPH)
Sân bay quốc tế Cát Bi",Hành lý 0 kg,Hành lý xách tay 7 kg,23-04-2025
Vietnam Airlines,2.691.306 VND/khách,20:30,26 thg 4,26 thg 4,22:30,2h 0m,"TP HCM (SGN)
Sân bay Tân Sơn Nhất","Hải Phòng (HPH)
Sân bay quốc tế Cát Bi",Hành lý 23 kg,Hành lý xách tay 1 x 12 kg,23-04-2025
Vietnam Airlines,2.919.078 VND/khách,17:55,26 thg 4,26 thg 4,19:55,2h 0m,"TP HCM (SGN)
Sân bay Tân Sơn Nhất","Hải Phòng (HPH)
Sân bay quốc tế Cát Bi",Hành lý 23 kg,Hành lý xách tay 1 x 12 kg,23-04-2025
Vietnam Airlines,3.405.591 VND/khách,07:45,26 thg 4,26 thg 4,09:45,2h 0m,"TP HCM (SGN)
Sân bay Tân Sơn Nhất","Hải Phòng (HPH)
Sân bay quốc tế Cát Bi",Hành lý 23 kg,Hành lý xách tay 1 x 12 kg,23-04-2025
Vietnam Airlines,3.405.591 VND/khách,13:20,26 thg 4,26 thg 4,15:25,2h 5m,"TP HCM (SGN)
Sân bay Tân Sơn Nhất","Hải Phòng (HPH)
Sân bay quốc tế Cát Bi",Hành lý 23 kg,Hành lý xách tay 1 x 12 kg,23-04-2025
VietJet Air,1.758.593 VND/khách,21:10,26 thg 4,26 thg 4,23:05,1h 55m,"TP HCM (SGN)
Sân bay Tân Sơn Nhất
Nhà ga 1","Hải Phòng (HPH)
Sân bay quốc tế Cát Bi",,,24-04-2025
VietJet Air,1.873.305 VND/khách,04:30,26 thg 4,26 thg 4,06:30,2h 0m,"TP HCM (SGN)
Sân bay Tân Sơn Nhất
Nhà ga 1","Hải Phòng (HPH)
Sân bay quốc tế Cát Bi",,,24-04-2025
VietJet Air,2.044.875 VND/khách,06:15,26 thg 4,26 thg 4,08:15,2h 0m,"TP HCM (SGN)
Sân bay Tân Sơn Nhất
Nhà ga 1","Hải Phòng (HPH)
Sân bay quốc tế Cát Bi",,,24-04-2025
VietJet Air,2.069.021 VND/khách,20:10,26 thg 4,26 thg 4,22:10,2h 0m,"TP HCM (SGN)
Sân bay Tân Sơn Nhất
Nhà ga 1","Hải Phòng (HPH)
Sân bay quốc tế Cát Bi",,,24-04-2025
VietJet Air,2.216.445 VND/khách,09:15,26 thg 4,26 thg 4,11:15,2h 0m,"TP HCM (SGN)
Sân bay Tân Sơn Nhất
Nhà ga 1","Hải Phòng (HPH)
Sân bay quốc tế Cát Bi",,,24-04-2025
VietJet Air,2.216.445 VND/khách,14:05,26 thg 4,26 thg 4,16:05,2h 0m,"TP HCM (SGN)
Sân bay Tân Sơn Nhất
Nhà ga 1","Hải Phòng (HPH)
Sân bay quốc tế Cát Bi",,,24-04-2025
Vietnam Airlines,2.955.042 VND/khách,20:30,26 thg 4,26 thg 4,22:30,2h 0m,"TP HCM (SGN)
Sân bay Tân Sơn Nhất","Hải Phòng (HPH)
Sân bay quốc tế Cát Bi",,,24-04-2025
Vietnam Airlines,3.378.582 VND/khách,17:55,26 thg 4,26 thg 4,19:55,2h 0m,"TP HCM (SGN)
Sân bay Tân Sơn Nhất","Hải Phòng (HPH)
Sân bay quốc tế Cát Bi",,,24-04-2025
Vietnam Airlines,3.701.295 VND/khách,13:20,26 thg 4,26 thg 4,15:25,2h 5m,"TP HCM (SGN)
Sân bay Tân Sơn Nhất","Hải Phòng (HPH)
Sân bay quốc tế Cát Bi",,,24-04-2025
Vietnam Airlines,3.907.089 VND/khách,07:45,26 thg 4,26 thg 4,09:45,2h 0m,"TP HCM (SGN)
Sân bay Tân Sơn Nhất","Hải Phòng (HPH)
Sân bay quốc tế Cát Bi",,,24-04-2025
VietJet Air,1.745.625 VND/khách,21:10,26 thg 4,26 thg 4,23:05,1h 55m,"TP HCM (SGN)
Sân bay Tân Sơn Nhất
Nhà ga 1","Hải Phòng (HPH)
Sân bay quốc tế Cát Bi",Hành lý 0 kg,Hành lý xách tay 7 kg,25-04-2025
VietJet Air,1.902.233 VND/khách,04:30,26 thg 4,26 thg 4,06:30,2h 0m,"TP HCM (SGN)
Sân bay Tân Sơn Nhất
Nhà ga 1","Hải Phòng (HPH)
Sân bay quốc tế Cát Bi",Hành lý 0 kg,Hành lý xách tay 7 kg,25-04-2025
VietJet Air,2.035.898 VND/khách,20:10,26 thg 4,26 thg 4,22:10,2h 0m,"TP HCM (SGN)
Sân bay Tân Sơn Nhất
Nhà ga 1","Hải Phòng (HPH)
Sân bay quốc tế Cát Bi",Hành lý 0 kg,Hành lý xách tay 7 kg,25-04-2025
VietJet Air,2.078.790 VND/khách,06:15,26 thg 4,26 thg 4,08:15,2h 0m,"TP HCM (SGN)
Sân bay Tân Sơn Nhất
Nhà ga 1","Hải Phòng (HPH)
Sân bay quốc tế Cát Bi",Hành lý 0 kg,Hành lý xách tay 7 kg,25-04-2025
VietJet Air,2.383.028 VND/khách,09:15,26 thg 4,26 thg 4,11:15,2h 0m,"TP HCM (SGN)
Sân bay Tân Sơn Nhất
Nhà ga 1","Hải Phòng (HPH)
Sân bay quốc tế Cát Bi",Hành lý 0 kg,Hành lý xách tay 7 kg,25-04-2025
VietJet Air,2.383.028 VND/khách,14:05,26 thg 4,26 thg 4,16:05,2h 0m,"TP HCM (SGN)
Sân bay Tân Sơn Nhất
Nhà ga 1","Hải Phòng (HPH)
Sân bay quốc tế Cát Bi",Hành lý 0 kg,Hành lý xách tay 7 kg,25-04-2025
VietJet Air,2.383.028 VND/khách,19:15,26 thg 4,26 thg 4,21:15,2h 0m,"TP HCM (SGN)
Sân bay Tân Sơn Nhất
Nhà ga 1","Hải Phòng (HPH)
Sân bay quốc tế Cát Bi",Hành lý 0 kg,Hành lý xách tay 7 kg,25-04-2025
Vietnam Airlines,2.999.473 VND/khách,20:30,26 thg 4,26 thg 4,22:30,2h 0m,"TP HCM (SGN)
Sân bay Tân Sơn Nhất","Hải Phòng (HPH)
Sân bay quốc tế Cát Bi",Hành lý 1 x 23 kg,Hành lý xách tay 1 x 12 kg,25-04-2025
Vietnam Airlines,3.509.587 VND/khách,17:55,26 thg 4,26 thg 4,19:55,2h 0m,"TP HCM (SGN)
Sân bay Tân Sơn Nhất","Hải Phòng (HPH)
Sân bay quốc tế Cát Bi",Hành lý 1 x 23 kg,Hành lý xách tay 1 x 12 kg,25-04-2025
Vietnam Airlines,4.017.553 VND/khách,07:45,26 thg 4,26 thg 4,09:45,2h 0m,"TP HCM (SGN)
Sân bay Tân Sơn Nhất","Hải Phòng (HPH)
Sân bay quốc tế Cát Bi",Hành lý 1 x 23 kg,Hành lý xách tay 1 x 12 kg,25-04-2025
Vietnam Airlines,4.017.553 VND/khách,13:20,26 thg 4,26 thg 4,15:25,2h 5m,"TP HCM (SGN)
Sân bay Tân Sơn Nhất","Hải Phòng (HPH)
Sân bay quốc tế Cát Bi",Hành lý 1 x 23 kg,Hành lý xách tay 1 x 12 kg,25-04-2025
VietJet Air,1.724.678 VND/khách,19:15,27 thg 4,27 thg 4,21:15,2h 0m,"TP HCM (SGN)
Sân bay Tân Sơn Nhất
Nhà ga 1","Hải Phòng (HPH)
Sân bay quốc tế Cát Bi",Hành lý 0 kg,Hành lý xách tay 7 kg,18-04-2025
VietJet Air,1.724.678 VND/khách,20:10,27 thg 4,27 thg 4,22:10,2h 0m,"TP HCM (SGN)
Sân bay Tân Sơn Nhất
Nhà ga 1","Hải Phòng (HPH)
Sân bay quốc tế Cát Bi",Hành lý 0 kg,Hành lý xách tay 7 kg,18-04-2025
Bamboo Airways,1.806.199 VND/khách,20:05,27 thg 4,27 thg 4,22:10,2h 5m,"TP HCM (SGN)
Sân bay Tân Sơn Nhất","Hải Phòng (HPH)
Sân bay quốc tế Cát Bi",Hành lý 0 kg,Hành lý xách tay 7 kg,18-04-2025
VietJet Air,1.841.385 VND/khách,21:10,27 thg 4,27 thg 4,23:05,1h 55m,"TP HCM (SGN)
Sân bay Tân Sơn Nhất
Nhà ga 1","Hải Phòng (HPH)
Sân bay quốc tế Cát Bi",Hành lý 0 kg,Hành lý xách tay 7 kg,18-04-2025
VietJet Air,1.841.385 VND/khách,04:30,27 thg 4,27 thg 4,06:30,2h 0m,"TP HCM (SGN)
Sân bay Tân Sơn Nhất
Nhà ga 1","Hải Phòng (HPH)
Sân bay quốc tế Cát Bi",Hành lý 0 kg,Hành lý xách tay 7 kg,18-04-2025
VietJet Air,1.841.385 VND/khách,06:15,27 thg 4,27 thg 4,08:15,2h 0m,"TP HCM (SGN)
Sân bay Tân Sơn Nhất
Nhà ga 1","Hải Phòng (HPH)
Sân bay quốc tế Cát Bi",Hành lý 0 kg,Hành lý xách tay 7 kg,18-04-2025
VietJet Air,1.841.385 VND/khách,16:10,27 thg 4,27 thg 4,18:10,2h 0m,"TP HCM (SGN)
Sân bay Tân Sơn Nhất
Nhà ga 1","Hải Phòng (HPH)
Sân bay quốc tế Cát Bi",Hành lý 0 kg,Hành lý xách tay 7 kg,18-04-2025
Vietnam Airlines,1.991.007 VND/khách,17:55,27 thg 4,27 thg 4,19:55,2h 0m,"TP HCM (SGN)
Sân bay Tân Sơn Nhất
Nhà ga 1","Hải Phòng (HPH)
Sân bay quốc tế Cát Bi",Hành lý 1 x 23 kg,Hành lý xách tay 1 x 12 kg,18-04-2025
Vietnam Airlines,1.991.007 VND/khách,21:10,27 thg 4,27 thg 4,23:10,2h 0m,"TP HCM (SGN)
Sân bay Tân Sơn Nhất
Nhà ga 1","Hải Phòng (HPH)
Sân bay quốc tế Cát Bi",Hành lý 1 x 23 kg,Hành lý xách tay 1 x 12 kg,18-04-2025
Vietnam Airlines,1.998.000 VND/khách,13:20,27 thg 4,27 thg 4,15:25,2h 5m,"TP HCM (SGN)
Sân bay Tân Sơn Nhất
Nhà ga 1","Hải Phòng (HPH)
Sân bay quốc tế Cát Bi",Hành lý 1 x 23 kg,Hành lý xách tay 1 x 12 kg,18-04-2025
Vietnam Airlines,2.250.747 VND/khách,07:45,27 thg 4,27 thg 4,09:45,2h 0m,"TP HCM (SGN)
Sân bay Tân Sơn Nhất
Nhà ga 1","Hải Phòng (HPH)
Sân bay quốc tế Cát Bi",Hành lý 1 x 23 kg,Hành lý xách tay 1 x 12 kg,18-04-2025
VietJet Air,1.751.610 VND/khách,19:15,27 thg 4,27 thg 4,21:15,2h 0m,"TP HCM (SGN)
Sân bay Tân Sơn Nhất
Nhà ga 1","Hải Phòng (HPH)
Sân bay quốc tế Cát Bi",,,19-04-2025
VietJet Air,1.751.610 VND/khách,20:10,27 thg 4,27 thg 4,22:10,2h 0m,"TP HCM (SGN)
Sân bay Tân Sơn Nhất
Nhà ga 1","Hải Phòng (HPH)
Sân bay quốc tế Cát Bi",,,19-04-2025
Bamboo Airways,1.806.199 VND/khách,20:05,27 thg 4,27 thg 4,22:10,2h 5m,"TP HCM (SGN)
Sân bay Tân Sơn Nhất","Hải Phòng (HPH)
Sân bay quốc tế Cát Bi",,,19-04-2025
VietJet Air,1.866.323 VND/khách,04:30,27 thg 4,27 thg 4,06:30,2h 0m,"TP HCM (SGN)
Sân bay Tân Sơn Nhất
Nhà ga 1","Hải Phòng (HPH)
Sân bay quốc tế Cát Bi",,,19-04-2025
VietJet Air,1.866.323 VND/khách,06:15,27 thg 4,27 thg 4,08:15,2h 0m,"TP HCM (SGN)
Sân bay Tân Sơn Nhất
Nhà ga 1","Hải Phòng (HPH)
Sân bay quốc tế Cát Bi",,,19-04-2025
VietJet Air,1.866.323 VND/khách,16:10,27 thg 4,27 thg 4,18:10,2h 0m,"TP HCM (SGN)
Sân bay Tân Sơn Nhất
Nhà ga 1","Hải Phòng (HPH)
Sân bay quốc tế Cát Bi",,,19-04-2025
Vietnam Airlines,1.981.017 VND/khách,21:10,27 thg 4,27 thg 4,23:10,2h 0m,"TP HCM (SGN)
Sân bay Tân Sơn Nhất
Nhà ga 1","Hải Phòng (HPH)
Sân bay quốc tế Cát Bi",,,19-04-2025
Vietnam Airlines,1.988.010 VND/khách,13:20,27 thg 4,27 thg 4,15:25,2h 5m,"TP HCM (SGN)
Sân bay Tân Sơn Nhất
Nhà ga 1","Hải Phòng (HPH)
Sân bay quốc tế Cát Bi",,,19-04-2025
VietJet Air,2.018.545 VND/khách,21:10,27 thg 4,27 thg 4,23:05,1h 55m,"TP HCM (SGN)
Sân bay Tân Sơn Nhất
Nhà ga 1","Hải Phòng (HPH)
Sân bay quốc tế Cát Bi",,,19-04-2025
Vietnam Airlines,2.228.769 VND/khách,07:45,27 thg 4,27 thg 4,09:45,2h 0m,"TP HCM (SGN)
Sân bay Tân Sơn Nhất
Nhà ga 1","Hải Phòng (HPH)
Sân bay quốc tế Cát Bi",,,19-04-2025
Vietnam Airlines,2.231.335 VND/khách,17:55,27 thg 4,27 thg 4,19:55,2h 0m,"TP HCM (SGN)
Sân bay Tân Sơn Nhất
Nhà ga 1","Hải Phòng (HPH)
Sân bay quốc tế Cát Bi",,,19-04-2025
VietJet Air,1.742.633 VND/khách,19:15,27 thg 4,27 thg 4,21:15,2h 0m,"TP HCM (SGN)
Sân bay Tân Sơn Nhất
Nhà ga 1","Hải Phòng (HPH)
Sân bay quốc tế Cát Bi",Hành lý 0 kg,Hành lý xách tay 7 kg,20-04-2025
VietJet Air,1.742.633 VND/khách,20:10,27 thg 4,27 thg 4,22:10,2h 0m,"TP HCM (SGN)
Sân bay Tân Sơn Nhất
Nhà ga 1","Hải Phòng (HPH)
Sân bay quốc tế Cát Bi",Hành lý 0 kg,Hành lý xách tay 7 kg,20-04-2025
Bamboo Airways,1.806.199 VND/khách,20:05,27 thg 4,27 thg 4,22:10,2h 5m,"TP HCM (SGN)
Sân bay Tân Sơn Nhất","Hải Phòng (HPH)
Sân bay quốc tế Cát Bi",Hành lý 0 kg,Hành lý xách tay 7 kg,20-04-2025
VietJet Air,1.857.345 VND/khách,04:30,27 thg 4,27 thg 4,06:30,2h 0m,"TP HCM (SGN)
Sân bay Tân Sơn Nhất
Nhà ga 1","Hải Phòng (HPH)
Sân bay quốc tế Cát Bi",Hành lý 0 kg,Hành lý xách tay 7 kg,20-04-2025
VietJet Air,1.857.345 VND/khách,06:15,27 thg 4,27 thg 4,08:15,2h 0m,"TP HCM (SGN)
Sân bay Tân Sơn Nhất
Nhà ga 1","Hải Phòng (HPH)
Sân bay quốc tế Cát Bi",Hành lý 0 kg,Hành lý xách tay 7 kg,20-04-2025
VietJet Air,1.857.345 VND/khách,16:10,27 thg 4,27 thg 4,18:10,2h 0m,"TP HCM (SGN)
Sân bay Tân Sơn Nhất
Nhà ga 1","Hải Phòng (HPH)
Sân bay quốc tế Cát Bi",Hành lý 0 kg,Hành lý xách tay 7 kg,20-04-2025
Vietnam Airlines,2.030.967 VND/khách,21:10,27 thg 4,27 thg 4,23:10,2h 0m,"TP HCM (SGN)
Sân bay Tân Sơn Nhất","Hải Phòng (HPH)
Sân bay quốc tế Cát Bi",Hành lý 1 x 23 kg,Hành lý xách tay 1 x 12 kg,20-04-2025
Vietnam Airlines,2.030.967 VND/khách,13:20,27 thg 4,27 thg 4,15:25,2h 5m,"TP HCM (SGN)
Sân bay Tân Sơn Nhất","Hải Phòng (HPH)
Sân bay quốc tế Cát Bi",Hành lý 1 x 23 kg,Hành lý xách tay 1 x 12 kg,20-04-2025
VietJet Air,2.031.908 VND/khách,21:10,27 thg 4,27 thg 4,23:05,1h 55m,"TP HCM (SGN)
Sân bay Tân Sơn Nhất
Nhà ga 1","Hải Phòng (HPH)
Sân bay quốc tế Cát Bi",Hành lý 0 kg,Hành lý xách tay 7 kg,20-04-2025
Vietnam Airlines,2.243.754 VND/khách,17:55,27 thg 4,27 thg 4,19:55,2h 0m,"TP HCM (SGN)
Sân bay Tân Sơn Nhất","Hải Phòng (HPH)
Sân bay quốc tế Cát Bi",Hành lý 1 x 23 kg,Hành lý xách tay 1 x 12 kg,20-04-2025
VietJet Air,2.373.053 VND/khách,11:35,27 thg 4,27 thg 4,13:35,2h 0m,"TP HCM (SGN)
Sân bay Tân Sơn Nhất
Nhà ga 1","Hải Phòng (HPH)
Sân bay quốc tế Cát Bi",Hành lý 0 kg,Hành lý xách tay 7 kg,20-04-2025
VietJet Air,1.742.633 VND/khách,20:10,27 thg 4,27 thg 4,22:10,2h 0m,"TP HCM (SGN)
Sân bay Tân Sơn Nhất
Nhà ga 1","Hải Phòng (HPH)
Sân bay quốc tế Cát Bi",Hành lý 0 kg,Hành lý xách tay 7 kg,21-04-2025
VietJet Air,1.757.595 VND/khách,19:15,27 thg 4,27 thg 4,21:15,2h 0m,"TP HCM (SGN)
Sân bay Tân Sơn Nhất
Nhà ga 1","Hải Phòng (HPH)
Sân bay quốc tế Cát Bi",Hành lý 0 kg,Hành lý xách tay 7 kg,21-04-2025
Bamboo Airways,1.806.199 VND/khách,20:05,27 thg 4,27 thg 4,22:10,2h 5m,"TP HCM (SGN)
Sân bay Tân Sơn Nhất","Hải Phòng (HPH)
Sân bay quốc tế Cát Bi",Hành lý 0 kg,Hành lý xách tay 7 kg,21-04-2025
VietJet Air,1.857.345 VND/khách,04:30,27 thg 4,27 thg 4,06:30,2h 0m,"TP HCM (SGN)
Sân bay Tân Sơn Nhất
Nhà ga 1","Hải Phòng (HPH)
Sân bay quốc tế Cát Bi",Hành lý 0 kg,Hành lý xách tay 7 kg,21-04-2025
VietJet Air,1.857.345 VND/khách,06:15,27 thg 4,27 thg 4,08:15,2h 0m,"TP HCM (SGN)
Sân bay Tân Sơn Nhất
Nhà ga 1","Hải Phòng (HPH)
Sân bay quốc tế Cát Bi",Hành lý 0 kg,Hành lý xách tay 7 kg,21-04-2025
VietJet Air,1.857.345 VND/khách,16:10,27 thg 4,27 thg 4,18:10,2h 0m,"TP HCM (SGN)
Sân bay Tân Sơn Nhất
Nhà ga 1","Hải Phòng (HPH)
Sân bay quốc tế Cát Bi",Hành lý 0 kg,Hành lý xách tay 7 kg,21-04-2025
Vietnam Airlines,2.030.967 VND/khách,21:10,27 thg 4,27 thg 4,23:10,2h 0m,"TP HCM (SGN)
Sân bay Tân Sơn Nhất","Hải Phòng (HPH)
Sân bay quốc tế Cát Bi",Hành lý 1 x 23 kg,Hành lý xách tay 1 x 12 kg,21-04-2025
Vietnam Airlines,2.030.967 VND/khách,13:20,27 thg 4,27 thg 4,15:25,2h 5m,"TP HCM (SGN)
Sân bay Tân Sơn Nhất","Hải Phòng (HPH)
Sân bay quốc tế Cát Bi",Hành lý 1 x 23 kg,Hành lý xách tay 1 x 12 kg,21-04-2025
VietJet Air,2.031.908 VND/khách,21:10,27 thg 4,27 thg 4,23:05,1h 55m,"TP HCM (SGN)
Sân bay Tân Sơn Nhất
Nhà ga 1","Hải Phòng (HPH)
Sân bay quốc tế Cát Bi",Hành lý 0 kg,Hành lý xách tay 7 kg,21-04-2025
Vietnam Airlines,2.243.754 VND/khách,17:55,27 thg 4,27 thg 4,19:55,2h 0m,"TP HCM (SGN)
Sân bay Tân Sơn Nhất","Hải Phòng (HPH)
Sân bay quốc tế Cát Bi",Hành lý 1 x 23 kg,Hành lý xách tay 1 x 12 kg,21-04-2025
VietJet Air,2.373.053 VND/khách,11:35,27 thg 4,27 thg 4,13:35,2h 0m,"TP HCM (SGN)
Sân bay Tân Sơn Nhất
Nhà ga 1","Hải Phòng (HPH)
Sân bay quốc tế Cát Bi",Hành lý 0 kg,Hành lý xách tay 7 kg,21-04-2025
Bamboo Airways,1.689.389 VND/khách,20:05,27 thg 4,27 thg 4,22:10,2h 5m,"TP HCM (SGN)
Sân bay Tân Sơn Nhất","Hải Phòng (HPH)
Sân bay quốc tế Cát Bi",Hành lý 0 kg,Hành lý xách tay 7 kg,22-04-2025
VietJet Air,1.753.605 VND/khách,21:10,27 thg 4,27 thg 4,23:05,1h 55m,"TP HCM (SGN)
Sân bay Tân Sơn Nhất
Nhà ga 1","Hải Phòng (HPH)
Sân bay quốc tế Cát Bi",Hành lý 0 kg,Hành lý xách tay 7 kg,22-04-2025
VietJet Air,1.753.605 VND/khách,20:10,27 thg 4,27 thg 4,22:10,2h 0m,"TP HCM (SGN)
Sân bay Tân Sơn Nhất
Nhà ga 1","Hải Phòng (HPH)
Sân bay quốc tế Cát Bi",Hành lý 0 kg,Hành lý xách tay 7 kg,22-04-2025
VietJet Air,1.868.318 VND/khách,04:30,27 thg 4,27 thg 4,06:30,2h 0m,"TP HCM (SGN)
Sân bay Tân Sơn Nhất
Nhà ga 1","Hải Phòng (HPH)
Sân bay quốc tế Cát Bi",Hành lý 0 kg,Hành lý xách tay 7 kg,22-04-2025
Vietnam Airlines,1.990.008 VND/khách,21:10,27 thg 4,27 thg 4,23:10,2h 0m,"TP HCM (SGN)
Sân bay Tân Sơn Nhất","Hải Phòng (HPH)
Sân bay quốc tế Cát Bi",Hành lý 23 kg,Hành lý xách tay 1 x 12 kg,22-04-2025
VietJet Air,2.038.890 VND/khách,06:15,27 thg 4,27 thg 4,08:15,2h 0m,"TP HCM (SGN)
Sân bay Tân Sơn Nhất
Nhà ga 1","Hải Phòng (HPH)
Sân bay quốc tế Cát Bi",Hành lý 0 kg,Hành lý xách tay 7 kg,22-04-2025
VietJet Air,2.038.890 VND/khách,16:10,27 thg 4,27 thg 4,18:10,2h 0m,"TP HCM (SGN)
Sân bay Tân Sơn Nhất
Nhà ga 1","Hải Phòng (HPH)
Sân bay quốc tế Cát Bi",Hành lý 0 kg,Hành lý xách tay 7 kg,22-04-2025
VietJet Air,2.038.890 VND/khách,19:15,27 thg 4,27 thg 4,21:15,2h 0m,"TP HCM (SGN)
Sân bay Tân Sơn Nhất
Nhà ga 1","Hải Phòng (HPH)
Sân bay quốc tế Cát Bi",Hành lý 0 kg,Hành lý xách tay 7 kg,22-04-2025
VietJet Air,2.209.463 VND/khách,11:35,27 thg 4,27 thg 4,13:35,2h 0m,"TP HCM (SGN)
Sân bay Tân Sơn Nhất
Nhà ga 1","Hải Phòng (HPH)
Sân bay quốc tế Cát Bi",Hành lý 0 kg,Hành lý xách tay 7 kg,22-04-2025
Vietnam Airlines,2.231.766 VND/khách,13:20,27 thg 4,27 thg 4,15:25,2h 5m,"TP HCM (SGN)
Sân bay Tân Sơn Nhất
Nhà ga 1","Hải Phòng (HPH)
Sân bay quốc tế Cát Bi",Hành lý 23 kg,Hành lý xách tay 1 x 12 kg,22-04-2025
Vietnam Airlines,2.908.089 VND/khách,07:45,27 thg 4,27 thg 4,09:45,2h 0m,"TP HCM (SGN)
Sân bay Tân Sơn Nhất","Hải Phòng (HPH)
Sân bay quốc tế Cát Bi",Hành lý 23 kg,Hành lý xách tay 1 x 12 kg,22-04-2025
Bamboo Airways,1.689.389 VND/khách,20:05,27 thg 4,27 thg 4,22:10,2h 5m,"TP HCM (SGN)
Sân bay Tân Sơn Nhất","Hải Phòng (HPH)
Sân bay quốc tế Cát Bi",Hành lý 0 kg,Hành lý xách tay 7 kg,23-04-2025
VietJet Air,1.754.603 VND/khách,21:10,27 thg 4,27 thg 4,23:05,1h 55m,"TP HCM (SGN)
Sân bay Tân Sơn Nhất
Nhà ga 1","Hải Phòng (HPH)
Sân bay quốc tế Cát Bi",Hành lý 0 kg,Hành lý xách tay 7 kg,23-04-2025
VietJet Air,1.870.313 VND/khách,04:30,27 thg 4,27 thg 4,06:30,2h 0m,"TP HCM (SGN)
Sân bay Tân Sơn Nhất
Nhà ga 1","Hải Phòng (HPH)
Sân bay quốc tế Cát Bi",Hành lý 0 kg,Hành lý xách tay 7 kg,23-04-2025
VietJet Air,1.870.313 VND/khách,20:10,27 thg 4,27 thg 4,22:10,2h 0m,"TP HCM (SGN)
Sân bay Tân Sơn Nhất
Nhà ga 1","Hải Phòng (HPH)
Sân bay quốc tế Cát Bi",Hành lý 0 kg,Hành lý xách tay 7 kg,23-04-2025
Vietnam Airlines,1.992.006 VND/khách,21:10,27 thg 4,27 thg 4,23:10,2h 0m,"TP HCM (SGN)
Sân bay Tân Sơn Nhất","Hải Phòng (HPH)
Sân bay quốc tế Cát Bi",Hành lý 23 kg,Hành lý xách tay 1 x 12 kg,23-04-2025
VietJet Air,2.040.885 VND/khách,06:15,27 thg 4,27 thg 4,08:15,2h 0m,"TP HCM (SGN)
Sân bay Tân Sơn Nhất
Nhà ga 1","Hải Phòng (HPH)
Sân bay quốc tế Cát Bi",Hành lý 0 kg,Hành lý xách tay 7 kg,23-04-2025
VietJet Air,2.040.885 VND/khách,16:10,27 thg 4,27 thg 4,18:10,2h 0m,"TP HCM (SGN)
Sân bay Tân Sơn Nhất
Nhà ga 1","Hải Phòng (HPH)
Sân bay quốc tế Cát Bi",Hành lý 0 kg,Hành lý xách tay 7 kg,23-04-2025
VietJet Air,2.040.885 VND/khách,19:15,27 thg 4,27 thg 4,21:15,2h 0m,"TP HCM (SGN)
Sân bay Tân Sơn Nhất
Nhà ga 1","Hải Phòng (HPH)
Sân bay quốc tế Cát Bi",Hành lý 0 kg,Hành lý xách tay 7 kg,23-04-2025
VietJet Air,2.211.458 VND/khách,11:35,27 thg 4,27 thg 4,13:35,2h 0m,"TP HCM (SGN)
Sân bay Tân Sơn Nhất
Nhà ga 1","Hải Phòng (HPH)
Sân bay quốc tế Cát Bi",Hành lý 0 kg,Hành lý xách tay 7 kg,23-04-2025
Vietnam Airlines,2.535.537 VND/khách,13:20,27 thg 4,27 thg 4,15:25,2h 5m,"TP HCM (SGN)
Sân bay Tân Sơn Nhất
Nhà ga 1","Hải Phòng (HPH)
Sân bay quốc tế Cát Bi",Hành lý 23 kg,Hành lý xách tay 1 x 12 kg,23-04-2025
Vietnam Airlines,2.941.056 VND/khách,17:55,27 thg 4,27 thg 4,19:55,2h 0m,"TP HCM (SGN)
Sân bay Tân Sơn Nhất","Hải Phòng (HPH)
Sân bay quốc tế Cát Bi",Hành lý 23 kg,Hành lý xách tay 1 x 12 kg,23-04-2025
Bamboo Airways,1.886.743 VND/khách,20:05,27 thg 4,27 thg 4,22:10,2h 5m,"TP HCM (SGN)
Sân bay Tân Sơn Nhất","Hải Phòng (HPH)
Sân bay quốc tế Cát Bi",,,24-04-2025
VietJet Air,1.758.593 VND/khách,21:10,27 thg 4,27 thg 4,23:05,1h 55m,"TP HCM (SGN)
Sân bay Tân Sơn Nhất
Nhà ga 1","Hải Phòng (HPH)
Sân bay quốc tế Cát Bi",,,24-04-2025
VietJet Air,1.873.305 VND/khách,04:30,27 thg 4,27 thg 4,06:30,2h 0m,"TP HCM (SGN)
Sân bay Tân Sơn Nhất
Nhà ga 1","Hải Phòng (HPH)
Sân bay quốc tế Cát Bi",,,24-04-2025
VietJet Air,1.873.305 VND/khách,20:10,27 thg 4,27 thg 4,22:10,2h 0m,"TP HCM (SGN)
Sân bay Tân Sơn Nhất
Nhà ga 1","Hải Phòng (HPH)
Sân bay quốc tế Cát Bi",,,24-04-2025
VietJet Air,2.044.875 VND/khách,06:15,27 thg 4,27 thg 4,08:15,2h 0m,"TP HCM (SGN)
Sân bay Tân Sơn Nhất
Nhà ga 1","Hải Phòng (HPH)
Sân bay quốc tế Cát Bi",,,24-04-2025
VietJet Air,2.044.875 VND/khách,16:10,27 thg 4,27 thg 4,18:10,2h 0m,"TP HCM (SGN)
Sân bay Tân Sơn Nhất
Nhà ga 1","Hải Phòng (HPH)
Sân bay quốc tế Cát Bi",,,24-04-2025
VietJet Air,2.044.875 VND/khách,19:15,27 thg 4,27 thg 4,21:15,2h 0m,"TP HCM (SGN)
Sân bay Tân Sơn Nhất
Nhà ga 1","Hải Phòng (HPH)
Sân bay quốc tế Cát Bi",,,24-04-2025
VietJet Air,2.392.005 VND/khách,11:40,27 thg 4,27 thg 4,13:35,1h 55m,"TP HCM (SGN)
Sân bay Tân Sơn Nhất
Nhà ga 1","Hải Phòng (HPH)
Sân bay quốc tế Cát Bi",,,24-04-2025
Vietnam Airlines,2.488.509 VND/khách,21:10,27 thg 4,27 thg 4,23:10,2h 0m,"TP HCM (SGN)
Sân bay Tân Sơn Nhất","Hải Phòng (HPH)
Sân bay quốc tế Cát Bi",,,24-04-2025
Vietnam Airlines,2.708.289 VND/khách,15:20,27 thg 4,27 thg 4,17:25,2h 5m,"TP HCM (SGN)
Sân bay Tân Sơn Nhất
Nhà ga 1","Hải Phòng (HPH)
Sân bay quốc tế Cát Bi",,,24-04-2025
Vietnam Airlines,3.413.583 VND/khách,17:55,27 thg 4,27 thg 4,19:55,2h 0m,"TP HCM (SGN)
Sân bay Tân Sơn Nhất","Hải Phòng (HPH)
Sân bay quốc tế Cát Bi",,,24-04-2025
Bamboo Airways,1.938.782 VND/khách,20:05,27 thg 4,27 thg 4,22:10,2h 5m,"TP HCM (SGN)
Sân bay Tân Sơn Nhất","Hải Phòng (HPH)
Sân bay quốc tế Cát Bi",Hành lý 0 kg,Hành lý xách tay 7 kg,25-04-2025
VietJet Air,1.745.625 VND/khách,21:10,27 thg 4,27 thg 4,23:05,1h 55m,"TP HCM (SGN)
Sân bay Tân Sơn Nhất
Nhà ga 1","Hải Phòng (HPH)
Sân bay quốc tế Cát Bi",Hành lý 0 kg,Hành lý xách tay 7 kg,25-04-2025
VietJet Air,1.858.343 VND/khách,04:30,27 thg 4,27 thg 4,06:30,2h 0m,"TP HCM (SGN)
Sân bay Tân Sơn Nhất
Nhà ga 1","Hải Phòng (HPH)
Sân bay quốc tế Cát Bi",Hành lý 0 kg,Hành lý xách tay 7 kg,25-04-2025
VietJet Air,1.858.343 VND/khách,20:10,27 thg 4,27 thg 4,22:10,2h 0m,"TP HCM (SGN)
Sân bay Tân Sơn Nhất
Nhà ga 1","Hải Phòng (HPH)
Sân bay quốc tế Cát Bi",Hành lý 0 kg,Hành lý xách tay 7 kg,25-04-2025
VietJet Air,2.036.895 VND/khách,06:15,27 thg 4,27 thg 4,08:15,2h 0m,"TP HCM (SGN)
Sân bay Tân Sơn Nhất
Nhà ga 1","Hải Phòng (HPH)
Sân bay quốc tế Cát Bi",Hành lý 0 kg,Hành lý xách tay 7 kg,25-04-2025
VietJet Air,2.036.895 VND/khách,19:15,27 thg 4,27 thg 4,21:15,2h 0m,"TP HCM (SGN)
Sân bay Tân Sơn Nhất
Nhà ga 1","Hải Phòng (HPH)
Sân bay quốc tế Cát Bi",Hành lý 0 kg,Hành lý xách tay 7 kg,25-04-2025
VietJet Air,2.238.595 VND/khách,16:10,27 thg 4,27 thg 4,18:10,2h 0m,"TP HCM (SGN)
Sân bay Tân Sơn Nhất
Nhà ga 1","Hải Phòng (HPH)
Sân bay quốc tế Cát Bi",Hành lý 0 kg,Hành lý xách tay 7 kg,25-04-2025
Vietnam Airlines,2.259.738 VND/khách,21:10,27 thg 4,27 thg 4,23:10,2h 0m,"TP HCM (SGN)
Sân bay Tân Sơn Nhất","Hải Phòng (HPH)
Sân bay quốc tế Cát Bi",Hành lý 1 x 23 kg,Hành lý xách tay 1 x 12 kg,25-04-2025
VietJet Air,2.383.028 VND/khách,11:40,27 thg 4,27 thg 4,13:35,1h 55m,"TP HCM (SGN)
Sân bay Tân Sơn Nhất
Nhà ga 1","Hải Phòng (HPH)
Sân bay quốc tế Cát Bi",Hành lý 0 kg,Hành lý xách tay 7 kg,25-04-2025
Vietnam Airlines,2.712.285 VND/khách,15:20,27 thg 4,27 thg 4,17:25,2h 5m,"TP HCM (SGN)
Sân bay Tân Sơn Nhất
Nhà ga 1","Hải Phòng (HPH)
Sân bay quốc tế Cát Bi",Hành lý 1 x 23 kg,Hành lý xách tay 1 x 12 kg,25-04-2025
Vietnam Airlines,3.417.579 VND/khách,17:55,27 thg 4,27 thg 4,19:55,2h 0m,"TP HCM (SGN)
Sân bay Tân Sơn Nhất","Hải Phòng (HPH)
Sân bay quốc tế Cát Bi",Hành lý 1 x 23 kg,Hành lý xách tay 1 x 12 kg,25-04-2025
Bamboo Airways,2.159.075 VND/khách,20:05,27 thg 4,27 thg 4,22:10,2h 5m,"TP HCM (SGN)
Sân bay Tân Sơn Nhất","Hải Phòng (HPH)
Sân bay quốc tế Cát Bi",Hành lý 0 kg,Hành lý xách tay 7 kg,26-04-2025
VietJet Air,1.902.233 VND/khách,04:30,27 thg 4,27 thg 4,06:30,2h 0m,"TP HCM (SGN)
Sân bay Tân Sơn Nhất
Nhà ga 1","Hải Phòng (HPH)
Sân bay quốc tế Cát Bi",Hành lý 0 kg,Hành lý xách tay 7 kg,26-04-2025
VietJet Air,2.035.898 VND/khách,21:10,27 thg 4,27 thg 4,23:05,1h 55m,"TP HCM (SGN)
Sân bay Tân Sơn Nhất
Nhà ga 1","Hải Phòng (HPH)
Sân bay quốc tế Cát Bi",Hành lý 0 kg,Hành lý xách tay 7 kg,26-04-2025
VietJet Air,2.207.468 VND/khách,19:15,27 thg 4,27 thg 4,21:15,2h 0m,"TP HCM (SGN)
Sân bay Tân Sơn Nhất
Nhà ga 1","Hải Phòng (HPH)
Sân bay quốc tế Cát Bi",Hành lý 0 kg,Hành lý xách tay 7 kg,26-04-2025
VietJet Air,2.254.350 VND/khách,06:15,27 thg 4,27 thg 4,08:15,2h 0m,"TP HCM (SGN)
Sân bay Tân Sơn Nhất
Nhà ga 1","Hải Phòng (HPH)
Sân bay quốc tế Cát Bi",Hành lý 0 kg,Hành lý xách tay 7 kg,26-04-2025
VietJet Air,2.383.028 VND/khách,20:10,27 thg 4,27 thg 4,22:10,2h 0m,"TP HCM (SGN)
Sân bay Tân Sơn Nhất
Nhà ga 1","Hải Phòng (HPH)
Sân bay quốc tế Cát Bi",Hành lý 0 kg,Hành lý xách tay 7 kg,26-04-2025
Vietnam Airlines,2.767.505 VND/khách,21:10,27 thg 4,27 thg 4,23:10,2h 0m,"TP HCM (SGN)
Sân bay Tân Sơn Nhất","Hải Phòng (HPH)
Sân bay quốc tế Cát Bi",Hành lý 1 x 23 kg,Hành lý xách tay 1 x 12 kg,26-04-2025
VietJet Air,2.815.943 VND/khách,16:10,27 thg 4,27 thg 4,18:10,2h 0m,"TP HCM (SGN)
Sân bay Tân Sơn Nhất
Nhà ga 1","Hải Phòng (HPH)
Sân bay quốc tế Cát Bi",Hành lý 0 kg,Hành lý xách tay 7 kg,26-04-2025
Vietnam Airlines,2.999.473 VND/khách,15:20,27 thg 4,27 thg 4,17:25,2h 5m,"TP HCM (SGN)
Sân bay Tân Sơn Nhất
Nhà ga 1","Hải Phòng (HPH)
Sân bay quốc tế Cát Bi",Hành lý 1 x 23 kg,Hành lý xách tay 1 x 12 kg,26-04-2025
VietJet Air,3.137.138 VND/khách,11:40,27 thg 4,27 thg 4,13:35,1h 55m,"TP HCM (SGN)
Sân bay Tân Sơn Nhất
Nhà ga 1","Hải Phòng (HPH)
Sân bay quốc tế Cát Bi",Hành lý 0 kg,Hành lý xách tay 7 kg,26-04-2025
Vietnam Airlines,4.017.553 VND/khách,07:45,27 thg 4,27 thg 4,09:45,2h 0m,"TP HCM (SGN)
Sân bay Tân Sơn Nhất","Hải Phòng (HPH)
Sân bay quốc tế Cát Bi",Hành lý 1 x 23 kg,Hành lý xách tay 1 x 12 kg,26-04-2025
VietJet Air,1.726.673 VND/khách,21:10,28 thg 4,28 thg 4,23:05,1h 55m,"TP HCM (SGN)
Sân bay Tân Sơn Nhất
Nhà ga 1","Hải Phòng (HPH)
Sân bay quốc tế Cát Bi",Hành lý 0 kg,Hành lý xách tay 7 kg,18-04-2025
VietJet Air,1.726.673 VND/khách,20:10,28 thg 4,28 thg 4,22:10,2h 0m,"TP HCM (SGN)
Sân bay Tân Sơn Nhất
Nhà ga 1","Hải Phòng (HPH)
Sân bay quốc tế Cát Bi",Hành lý 0 kg,Hành lý xách tay 7 kg,18-04-2025
Bamboo Airways,1.806.199 VND/khách,20:05,28 thg 4,28 thg 4,22:10,2h 5m,"TP HCM (SGN)
Sân bay Tân Sơn Nhất","Hải Phòng (HPH)
Sân bay quốc tế Cát Bi",Hành lý 0 kg,Hành lý xách tay 7 kg,18-04-2025
VietJet Air,1.843.380 VND/khách,04:30,28 thg 4,28 thg 4,06:30,2h 0m,"TP HCM (SGN)
Sân bay Tân Sơn Nhất
Nhà ga 1","Hải Phòng (HPH)
Sân bay quốc tế Cát Bi",Hành lý 0 kg,Hành lý xách tay 7 kg,18-04-2025
VietJet Air,1.843.380 VND/khách,06:15,28 thg 4,28 thg 4,08:15,2h 0m,"TP HCM (SGN)
Sân bay Tân Sơn Nhất
Nhà ga 1","Hải Phòng (HPH)
Sân bay quốc tế Cát Bi",Hành lý 0 kg,Hành lý xách tay 7 kg,18-04-2025
VietJet Air,1.843.380 VND/khách,09:15,28 thg 4,28 thg 4,11:15,2h 0m,"TP HCM (SGN)
Sân bay Tân Sơn Nhất
Nhà ga 1","Hải Phòng (HPH)
Sân bay quốc tế Cát Bi",Hành lý 0 kg,Hành lý xách tay 7 kg,18-04-2025
VietJet Air,1.843.380 VND/khách,16:10,28 thg 4,28 thg 4,18:10,2h 0m,"TP HCM (SGN)
Sân bay Tân Sơn Nhất
Nhà ga 1","Hải Phòng (HPH)
Sân bay quốc tế Cát Bi",Hành lý 0 kg,Hành lý xách tay 7 kg,18-04-2025
VietJet Air,1.843.380 VND/khách,19:15,28 thg 4,28 thg 4,21:15,2h 0m,"TP HCM (SGN)
Sân bay Tân Sơn Nhất
Nhà ga 1","Hải Phòng (HPH)
Sân bay quốc tế Cát Bi",Hành lý 0 kg,Hành lý xách tay 7 kg,18-04-2025
Vietnam Airlines,1.990.008 VND/khách,17:55,28 thg 4,28 thg 4,19:55,2h 0m,"TP HCM (SGN)
Sân bay Tân Sơn Nhất
Nhà ga 1","Hải Phòng (HPH)
Sân bay quốc tế Cát Bi",Hành lý 1 x 23 kg,Hành lý xách tay 1 x 12 kg,18-04-2025
Vietnam Airlines,2.008.989 VND/khách,07:45,28 thg 4,28 thg 4,09:45,2h 0m,"TP HCM (SGN)
Sân bay Tân Sơn Nhất
Nhà ga 1","Hải Phòng (HPH)
Sân bay quốc tế Cát Bi",Hành lý 1 x 23 kg,Hành lý xách tay 1 x 12 kg,18-04-2025
Vietnam Airlines,2.008.989 VND/khách,20:30,28 thg 4,28 thg 4,22:30,2h 0m,"TP HCM (SGN)
Sân bay Tân Sơn Nhất
Nhà ga 1","Hải Phòng (HPH)
Sân bay quốc tế Cát Bi",Hành lý 1 x 23 kg,Hành lý xách tay 1 x 12 kg,18-04-2025
VietJet Air,1.751.610 VND/khách,21:10,28 thg 4,28 thg 4,23:05,1h 55m,"TP HCM (SGN)
Sân bay Tân Sơn Nhất
Nhà ga 1","Hải Phòng (HPH)
Sân bay quốc tế Cát Bi",,,19-04-2025
VietJet Air,1.751.610 VND/khách,20:10,28 thg 4,28 thg 4,22:10,2h 0m,"TP HCM (SGN)
Sân bay Tân Sơn Nhất
Nhà ga 1","Hải Phòng (HPH)
Sân bay quốc tế Cát Bi",,,19-04-2025
VietJet Air,1.866.323 VND/khách,04:30,28 thg 4,28 thg 4,06:30,2h 0m,"TP HCM (SGN)
Sân bay Tân Sơn Nhất
Nhà ga 1","Hải Phòng (HPH)
Sân bay quốc tế Cát Bi",,,19-04-2025
VietJet Air,1.866.323 VND/khách,06:15,28 thg 4,28 thg 4,08:15,2h 0m,"TP HCM (SGN)
Sân bay Tân Sơn Nhất
Nhà ga 1","Hải Phòng (HPH)
Sân bay quốc tế Cát Bi",,,19-04-2025
VietJet Air,1.866.323 VND/khách,16:10,28 thg 4,28 thg 4,18:10,2h 0m,"TP HCM (SGN)
Sân bay Tân Sơn Nhất
Nhà ga 1","Hải Phòng (HPH)
Sân bay quốc tế Cát Bi",,,19-04-2025
VietJet Air,1.866.323 VND/khách,19:15,28 thg 4,28 thg 4,21:15,2h 0m,"TP HCM (SGN)
Sân bay Tân Sơn Nhất
Nhà ga 1","Hải Phòng (HPH)
Sân bay quốc tế Cát Bi",,,19-04-2025
Bamboo Airways,1.938.782 VND/khách,20:05,28 thg 4,28 thg 4,22:10,2h 5m,"TP HCM (SGN)
Sân bay Tân Sơn Nhất","Hải Phòng (HPH)
Sân bay quốc tế Cát Bi",,,19-04-2025
Vietnam Airlines,1.984.014 VND/khách,20:30,28 thg 4,28 thg 4,22:30,2h 0m,"TP HCM (SGN)
Sân bay Tân Sơn Nhất
Nhà ga 3","Hải Phòng (HPH)
Sân bay quốc tế Cát Bi",,,19-04-2025
Vietnam Airlines,1.988.010 VND/khách,13:20,28 thg 4,28 thg 4,15:25,2h 5m,"TP HCM (SGN)
Sân bay Tân Sơn Nhất
Nhà ga 3","Hải Phòng (HPH)
Sân bay quốc tế Cát Bi",,,19-04-2025
Vietnam Airlines,2.002.995 VND/khách,07:45,28 thg 4,28 thg 4,09:45,2h 0m,"TP HCM (SGN)
Sân bay Tân Sơn Nhất
Nhà ga 3","Hải Phòng (HPH)
Sân bay quốc tế Cát Bi",,,19-04-2025
VietJet Air,2.036.895 VND/khách,09:15,28 thg 4,28 thg 4,11:15,2h 0m,"TP HCM (SGN)
Sân bay Tân Sơn Nhất
Nhà ga 1","Hải Phòng (HPH)
Sân bay quốc tế Cát Bi",,,19-04-2025
VietJet Air,1.742.633 VND/khách,21:10,28 thg 4,28 thg 4,23:05,1h 55m,"TP HCM (SGN)
Sân bay Tân Sơn Nhất
Nhà ga 1","Hải Phòng (HPH)
Sân bay quốc tế Cát Bi",Hành lý 0 kg,Hành lý xách tay 7 kg,20-04-2025
VietJet Air,1.742.633 VND/khách,20:10,28 thg 4,28 thg 4,22:10,2h 0m,"TP HCM (SGN)
Sân bay Tân Sơn Nhất
Nhà ga 1","Hải Phòng (HPH)
Sân bay quốc tế Cát Bi",Hành lý 0 kg,Hành lý xách tay 7 kg,20-04-2025
Bamboo Airways,1.806.199 VND/khách,20:05,28 thg 4,28 thg 4,22:10,2h 5m,"TP HCM (SGN)
Sân bay Tân Sơn Nhất","Hải Phòng (HPH)
Sân bay quốc tế Cát Bi",Hành lý 0 kg,Hành lý xách tay 7 kg,20-04-2025
VietJet Air,1.857.345 VND/khách,04:30,28 thg 4,28 thg 4,06:30,2h 0m,"TP HCM (SGN)
Sân bay Tân Sơn Nhất
Nhà ga 1","Hải Phòng (HPH)
Sân bay quốc tế Cát Bi",Hành lý 0 kg,Hành lý xách tay 7 kg,20-04-2025
VietJet Air,1.857.345 VND/khách,06:15,28 thg 4,28 thg 4,08:15,2h 0m,"TP HCM (SGN)
Sân bay Tân Sơn Nhất
Nhà ga 1","Hải Phòng (HPH)
Sân bay quốc tế Cát Bi",Hành lý 0 kg,Hành lý xách tay 7 kg,20-04-2025
VietJet Air,1.857.345 VND/khách,16:10,28 thg 4,28 thg 4,18:10,2h 0m,"TP HCM (SGN)
Sân bay Tân Sơn Nhất
Nhà ga 1","Hải Phòng (HPH)
Sân bay quốc tế Cát Bi",Hành lý 0 kg,Hành lý xách tay 7 kg,20-04-2025
VietJet Air,1.857.345 VND/khách,19:15,28 thg 4,28 thg 4,21:15,2h 0m,"TP HCM (SGN)
Sân bay Tân Sơn Nhất
Nhà ga 1","Hải Phòng (HPH)
Sân bay quốc tế Cát Bi",Hành lý 0 kg,Hành lý xách tay 7 kg,20-04-2025
Vietnam Airlines,1.987.011 VND/khách,13:20,28 thg 4,28 thg 4,15:25,2h 5m,"TP HCM (SGN)
Sân bay Tân Sơn Nhất","Hải Phòng (HPH)
Sân bay quốc tế Cát Bi",Hành lý 1 x 23 kg,Hành lý xách tay 1 x 12 kg,20-04-2025
Vietnam Airlines,1.998.000 VND/khách,07:45,28 thg 4,28 thg 4,09:45,2h 0m,"TP HCM (SGN)
Sân bay Tân Sơn Nhất","Hải Phòng (HPH)
Sân bay quốc tế Cát Bi",Hành lý 1 x 23 kg,Hành lý xách tay 1 x 12 kg,20-04-2025
VietJet Air,2.031.908 VND/khách,09:15,28 thg 4,28 thg 4,11:15,2h 0m,"TP HCM (SGN)
Sân bay Tân Sơn Nhất
Nhà ga 1","Hải Phòng (HPH)
Sân bay quốc tế Cát Bi",Hành lý 0 kg,Hành lý xách tay 7 kg,20-04-2025
Vietnam Airlines,2.227.770 VND/khách,20:30,28 thg 4,28 thg 4,22:30,2h 0m,"TP HCM (SGN)
Sân bay Tân Sơn Nhất","Hải Phòng (HPH)
Sân bay quốc tế Cát Bi",Hành lý 1 x 23 kg,Hành lý xách tay 1 x 12 kg,20-04-2025
VietJet Air,1.742.633 VND/khách,21:10,28 thg 4,28 thg 4,23:05,1h 55m,"TP HCM (SGN)
Sân bay Tân Sơn Nhất
Nhà ga 1","Hải Phòng (HPH)
Sân bay quốc tế Cát Bi",Hành lý 0 kg,Hành lý xách tay 7 kg,21-04-2025
VietJet Air,1.742.633 VND/khách,20:10,28 thg 4,28 thg 4,22:10,2h 0m,"TP HCM (SGN)
Sân bay Tân Sơn Nhất
Nhà ga 1","Hải Phòng (HPH)
Sân bay quốc tế Cát Bi",Hành lý 0 kg,Hành lý xách tay 7 kg,21-04-2025
VietJet Air,1.857.345 VND/khách,04:30,28 thg 4,28 thg 4,06:30,2h 0m,"TP HCM (SGN)
Sân bay Tân Sơn Nhất
Nhà ga 1","Hải Phòng (HPH)
Sân bay quốc tế Cát Bi",Hành lý 0 kg,Hành lý xách tay 7 kg,21-04-2025
VietJet Air,1.857.345 VND/khách,06:15,28 thg 4,28 thg 4,08:15,2h 0m,"TP HCM (SGN)
Sân bay Tân Sơn Nhất
Nhà ga 1","Hải Phòng (HPH)
Sân bay quốc tế Cát Bi",Hành lý 0 kg,Hành lý xách tay 7 kg,21-04-2025
VietJet Air,1.857.345 VND/khách,16:10,28 thg 4,28 thg 4,18:10,2h 0m,"TP HCM (SGN)
Sân bay Tân Sơn Nhất
Nhà ga 1","Hải Phòng (HPH)
Sân bay quốc tế Cát Bi",Hành lý 0 kg,Hành lý xách tay 7 kg,21-04-2025
VietJet Air,1.857.345 VND/khách,19:15,28 thg 4,28 thg 4,21:15,2h 0m,"TP HCM (SGN)
Sân bay Tân Sơn Nhất
Nhà ga 1","Hải Phòng (HPH)
Sân bay quốc tế Cát Bi",Hành lý 0 kg,Hành lý xách tay 7 kg,21-04-2025
Bamboo Airways,1.938.782 VND/khách,20:05,28 thg 4,28 thg 4,22:10,2h 5m,"TP HCM (SGN)
Sân bay Tân Sơn Nhất","Hải Phòng (HPH)
Sân bay quốc tế Cát Bi",Hành lý 0 kg,Hành lý xách tay 7 kg,21-04-2025
Vietnam Airlines,1.987.011 VND/khách,13:20,28 thg 4,28 thg 4,15:25,2h 5m,"TP HCM (SGN)
Sân bay Tân Sơn Nhất","Hải Phòng (HPH)
Sân bay quốc tế Cát Bi",Hành lý 1 x 23 kg,Hành lý xách tay 1 x 12 kg,21-04-2025
Vietnam Airlines,1.998.000 VND/khách,07:45,28 thg 4,28 thg 4,09:45,2h 0m,"TP HCM (SGN)
Sân bay Tân Sơn Nhất","Hải Phòng (HPH)
Sân bay quốc tế Cát Bi",Hành lý 1 x 23 kg,Hành lý xách tay 1 x 12 kg,21-04-2025
VietJet Air,2.031.908 VND/khách,09:15,28 thg 4,28 thg 4,11:15,2h 0m,"TP HCM (SGN)
Sân bay Tân Sơn Nhất
Nhà ga 1","Hải Phòng (HPH)
Sân bay quốc tế Cát Bi",Hành lý 0 kg,Hành lý xách tay 7 kg,21-04-2025
Vietnam Airlines,2.227.770 VND/khách,20:30,28 thg 4,28 thg 4,22:30,2h 0m,"TP HCM (SGN)
Sân bay Tân Sơn Nhất","Hải Phòng (HPH)
Sân bay quốc tế Cát Bi",Hành lý 1 x 23 kg,Hành lý xách tay 1 x 12 kg,21-04-2025
Bamboo Airways,1.915.044 VND/khách,20:05,28 thg 4,28 thg 4,22:10,2h 5m,"TP HCM (SGN)
Sân bay Tân Sơn Nhất","Hải Phòng (HPH)
Sân bay quốc tế Cát Bi",Hành lý 0 kg,Hành lý xách tay 7 kg,22-04-2025
VietJet Air,1.608.968 VND/khách,21:10,28 thg 4,28 thg 4,23:05,1h 55m,"TP HCM (SGN)
Sân bay Tân Sơn Nhất
Nhà ga 1","Hải Phòng (HPH)
Sân bay quốc tế Cát Bi",Hành lý 0 kg,Hành lý xách tay 7 kg,22-04-2025
VietJet Air,1.753.605 VND/khách,20:10,28 thg 4,28 thg 4,22:10,2h 0m,"TP HCM (SGN)
Sân bay Tân Sơn Nhất
Nhà ga 1","Hải Phòng (HPH)
Sân bay quốc tế Cát Bi",Hành lý 0 kg,Hành lý xách tay 7 kg,22-04-2025
VietJet Air,1.868.318 VND/khách,04:30,28 thg 4,28 thg 4,06:30,2h 0m,"TP HCM (SGN)
Sân bay Tân Sơn Nhất
Nhà ga 1","Hải Phòng (HPH)
Sân bay quốc tế Cát Bi",Hành lý 0 kg,Hành lý xách tay 7 kg,22-04-2025
VietJet Air,1.868.318 VND/khách,06:15,28 thg 4,28 thg 4,08:15,2h 0m,"TP HCM (SGN)
Sân bay Tân Sơn Nhất
Nhà ga 1","Hải Phòng (HPH)
Sân bay quốc tế Cát Bi",Hành lý 0 kg,Hành lý xách tay 7 kg,22-04-2025
VietJet Air,1.868.318 VND/khách,16:10,28 thg 4,28 thg 4,18:10,2h 0m,"TP HCM (SGN)
Sân bay Tân Sơn Nhất
Nhà ga 1","Hải Phòng (HPH)
Sân bay quốc tế Cát Bi",Hành lý 0 kg,Hành lý xách tay 7 kg,22-04-2025
VietJet Air,2.038.890 VND/khách,09:15,28 thg 4,28 thg 4,11:15,2h 0m,"TP HCM (SGN)
Sân bay Tân Sơn Nhất
Nhà ga 1","Hải Phòng (HPH)
Sân bay quốc tế Cát Bi",Hành lý 0 kg,Hành lý xách tay 7 kg,22-04-2025
VietJet Air,2.038.890 VND/khách,19:15,28 thg 4,28 thg 4,21:15,2h 0m,"TP HCM (SGN)
Sân bay Tân Sơn Nhất
Nhà ga 1","Hải Phòng (HPH)
Sân bay quốc tế Cát Bi",Hành lý 0 kg,Hành lý xách tay 7 kg,22-04-2025
Vietnam Airlines,2.242.755 VND/khách,13:20,28 thg 4,28 thg 4,15:25,2h 5m,"TP HCM (SGN)
Sân bay Tân Sơn Nhất
Nhà ga 1","Hải Phòng (HPH)
Sân bay quốc tế Cát Bi",Hành lý 23 kg,Hành lý xách tay 1 x 12 kg,22-04-2025
Vietnam Airlines,2.303.569 VND/khách,20:30,28 thg 4,28 thg 4,22:30,2h 0m,"TP HCM (SGN)
Sân bay Tân Sơn Nhất","Hải Phòng (HPH)
Sân bay quốc tế Cát Bi",Hành lý 23 kg,Hành lý xách tay 1 x 12 kg,22-04-2025
Vietnam Airlines,2.469.528 VND/khách,17:55,28 thg 4,28 thg 4,19:55,2h 0m,"TP HCM (SGN)
Sân bay Tân Sơn Nhất","Hải Phòng (HPH)
Sân bay quốc tế Cát Bi",Hành lý 23 kg,Hành lý xách tay 1 x 12 kg,22-04-2025
Bamboo Airways,1.915.044 VND/khách,20:05,28 thg 4,28 thg 4,22:10,2h 5m,"TP HCM (SGN)
Sân bay Tân Sơn Nhất","Hải Phòng (HPH)
Sân bay quốc tế Cát Bi",Hành lý 0 kg,Hành lý xách tay 7 kg,23-04-2025
VietJet Air,1.754.603 VND/khách,21:10,28 thg 4,28 thg 4,23:05,1h 55m,"TP HCM (SGN)
Sân bay Tân Sơn Nhất
Nhà ga 1","Hải Phòng (HPH)
Sân bay quốc tế Cát Bi",Hành lý 0 kg,Hành lý xách tay 7 kg,23-04-2025
VietJet Air,1.754.603 VND/khách,20:10,28 thg 4,28 thg 4,22:10,2h 0m,"TP HCM (SGN)
Sân bay Tân Sơn Nhất
Nhà ga 1","Hải Phòng (HPH)
Sân bay quốc tế Cát Bi",Hành lý 0 kg,Hành lý xách tay 7 kg,23-04-2025
VietJet Air,1.870.313 VND/khách,04:30,28 thg 4,28 thg 4,06:30,2h 0m,"TP HCM (SGN)
Sân bay Tân Sơn Nhất
Nhà ga 1","Hải Phòng (HPH)
Sân bay quốc tế Cát Bi",Hành lý 0 kg,Hành lý xách tay 7 kg,23-04-2025
VietJet Air,1.870.313 VND/khách,06:15,28 thg 4,28 thg 4,08:15,2h 0m,"TP HCM (SGN)
Sân bay Tân Sơn Nhất
Nhà ga 1","Hải Phòng (HPH)
Sân bay quốc tế Cát Bi",Hành lý 0 kg,Hành lý xách tay 7 kg,23-04-2025
VietJet Air,1.870.313 VND/khách,16:10,28 thg 4,28 thg 4,18:10,2h 0m,"TP HCM (SGN)
Sân bay Tân Sơn Nhất
Nhà ga 1","Hải Phòng (HPH)
Sân bay quốc tế Cát Bi",Hành lý 0 kg,Hành lý xách tay 7 kg,23-04-2025
VietJet Air,2.040.885 VND/khách,09:15,28 thg 4,28 thg 4,11:15,2h 0m,"TP HCM (SGN)
Sân bay Tân Sơn Nhất
Nhà ga 1","Hải Phòng (HPH)
Sân bay quốc tế Cát Bi",Hành lý 0 kg,Hành lý xách tay 7 kg,23-04-2025
VietJet Air,2.040.885 VND/khách,19:15,28 thg 4,28 thg 4,21:15,2h 0m,"TP HCM (SGN)
Sân bay Tân Sơn Nhất
Nhà ga 1","Hải Phòng (HPH)
Sân bay quốc tế Cát Bi",Hành lý 0 kg,Hành lý xách tay 7 kg,23-04-2025
Vietnam Airlines,2.244.753 VND/khách,13:20,28 thg 4,28 thg 4,15:25,2h 5m,"TP HCM (SGN)
Sân bay Tân Sơn Nhất
Nhà ga 1","Hải Phòng (HPH)
Sân bay quốc tế Cát Bi",Hành lý 23 kg,Hành lý xách tay 1 x 12 kg,23-04-2025
Vietnam Airlines,2.472.525 VND/khách,20:30,28 thg 4,28 thg 4,22:30,2h 0m,"TP HCM (SGN)
Sân bay Tân Sơn Nhất","Hải Phòng (HPH)
Sân bay quốc tế Cát Bi",Hành lý 23 kg,Hành lý xách tay 1 x 12 kg,23-04-2025
Vietnam Airlines,2.695.302 VND/khách,17:55,28 thg 4,28 thg 4,19:55,2h 0m,"TP HCM (SGN)
Sân bay Tân Sơn Nhất","Hải Phòng (HPH)
Sân bay quốc tế Cát Bi",Hành lý 23 kg,Hành lý xách tay 1 x 12 kg,23-04-2025
Bamboo Airways,1.886.743 VND/khách,20:05,28 thg 4,28 thg 4,22:10,2h 5m,"TP HCM (SGN)
Sân bay Tân Sơn Nhất","Hải Phòng (HPH)
Sân bay quốc tế Cát Bi",,,24-04-2025
VietJet Air,1.758.593 VND/khách,21:10,28 thg 4,28 thg 4,23:05,1h 55m,"TP HCM (SGN)
Sân bay Tân Sơn Nhất
Nhà ga 1","Hải Phòng (HPH)
Sân bay quốc tế Cát Bi",,,24-04-2025
VietJet Air,1.758.593 VND/khách,20:10,28 thg 4,28 thg 4,22:10,2h 0m,"TP HCM (SGN)
Sân bay Tân Sơn Nhất
Nhà ga 1","Hải Phòng (HPH)
Sân bay quốc tế Cát Bi",,,24-04-2025
VietJet Air,1.873.305 VND/khách,04:30,28 thg 4,28 thg 4,06:30,2h 0m,"TP HCM (SGN)
Sân bay Tân Sơn Nhất
Nhà ga 1","Hải Phòng (HPH)
Sân bay quốc tế Cát Bi",,,24-04-2025
VietJet Air,1.873.305 VND/khách,06:15,28 thg 4,28 thg 4,08:15,2h 0m,"TP HCM (SGN)
Sân bay Tân Sơn Nhất
Nhà ga 1","Hải Phòng (HPH)
Sân bay quốc tế Cát Bi",,,24-04-2025
VietJet Air,2.044.875 VND/khách,09:15,28 thg 4,28 thg 4,11:15,2h 0m,"TP HCM (SGN)
Sân bay Tân Sơn Nhất
Nhà ga 1","Hải Phòng (HPH)
Sân bay quốc tế Cát Bi",,,24-04-2025
VietJet Air,2.044.875 VND/khách,16:10,28 thg 4,28 thg 4,18:10,2h 0m,"TP HCM (SGN)
Sân bay Tân Sơn Nhất
Nhà ga 1","Hải Phòng (HPH)
Sân bay quốc tế Cát Bi",,,24-04-2025
VietJet Air,2.044.875 VND/khách,19:15,28 thg 4,28 thg 4,21:15,2h 0m,"TP HCM (SGN)
Sân bay Tân Sơn Nhất
Nhà ga 1","Hải Phòng (HPH)
Sân bay quốc tế Cát Bi",,,24-04-2025
Vietnam Airlines,2.240.757 VND/khách,15:20,28 thg 4,28 thg 4,17:25,2h 5m,"TP HCM (SGN)
Sân bay Tân Sơn Nhất
Nhà ga 1","Hải Phòng (HPH)
Sân bay quốc tế Cát Bi",,,24-04-2025
Vietnam Airlines,2.716.281 VND/khách,20:30,28 thg 4,28 thg 4,22:30,2h 0m,"TP HCM (SGN)
Sân bay Tân Sơn Nhất
Nhà ga T3","Hải Phòng (HPH)
Sân bay quốc tế Cát Bi",,,24-04-2025
Vietnam Airlines,2.910.087 VND/khách,17:55,28 thg 4,28 thg 4,19:55,2h 0m,"TP HCM (SGN)
Sân bay Tân Sơn Nhất
Nhà ga T3","Hải Phòng (HPH)
Sân bay quốc tế Cát Bi",,,24-04-2025
Bamboo Airways,1.938.782 VND/khách,20:05,28 thg 4,28 thg 4,22:10,2h 5m,"TP HCM (SGN)
Sân bay Tân Sơn Nhất","Hải Phòng (HPH)
Sân bay quốc tế Cát Bi",Hành lý 0 kg,Hành lý xách tay 7 kg,25-04-2025
VietJet Air,1.745.625 VND/khách,21:10,28 thg 4,28 thg 4,23:05,1h 55m,"TP HCM (SGN)
Sân bay Tân Sơn Nhất
Nhà ga 1","Hải Phòng (HPH)
Sân bay quốc tế Cát Bi",Hành lý 0 kg,Hành lý xách tay 7 kg,25-04-2025
VietJet Air,1.745.625 VND/khách,20:10,28 thg 4,28 thg 4,22:10,2h 0m,"TP HCM (SGN)
Sân bay Tân Sơn Nhất
Nhà ga 1","Hải Phòng (HPH)
Sân bay quốc tế Cát Bi",Hành lý 0 kg,Hành lý xách tay 7 kg,25-04-2025
VietJet Air,1.858.343 VND/khách,04:30,28 thg 4,28 thg 4,06:30,2h 0m,"TP HCM (SGN)
Sân bay Tân Sơn Nhất
Nhà ga 1","Hải Phòng (HPH)
Sân bay quốc tế Cát Bi",Hành lý 0 kg,Hành lý xách tay 7 kg,25-04-2025
VietJet Air,1.858.343 VND/khách,06:15,28 thg 4,28 thg 4,08:15,2h 0m,"TP HCM (SGN)
Sân bay Tân Sơn Nhất
Nhà ga 1","Hải Phòng (HPH)
Sân bay quốc tế Cát Bi",Hành lý 0 kg,Hành lý xách tay 7 kg,25-04-2025
VietJet Air,2.036.895 VND/khách,09:15,28 thg 4,28 thg 4,11:15,2h 0m,"TP HCM (SGN)
Sân bay Tân Sơn Nhất
Nhà ga 1","Hải Phòng (HPH)
Sân bay quốc tế Cát Bi",Hành lý 0 kg,Hành lý xách tay 7 kg,25-04-2025
VietJet Air,2.036.895 VND/khách,16:10,28 thg 4,28 thg 4,18:10,2h 0m,"TP HCM (SGN)
Sân bay Tân Sơn Nhất
Nhà ga 1","Hải Phòng (HPH)
Sân bay quốc tế Cát Bi",Hành lý 0 kg,Hành lý xách tay 7 kg,25-04-2025
VietJet Air,2.036.895 VND/khách,19:15,28 thg 4,28 thg 4,21:15,2h 0m,"TP HCM (SGN)
Sân bay Tân Sơn Nhất
Nhà ga 1","Hải Phòng (HPH)
Sân bay quốc tế Cát Bi",Hành lý 0 kg,Hành lý xách tay 7 kg,25-04-2025
Vietnam Airlines,2.237.760 VND/khách,15:20,28 thg 4,28 thg 4,17:25,2h 5m,"TP HCM (SGN)
Sân bay Tân Sơn Nhất
Nhà ga 1","Hải Phòng (HPH)
Sân bay quốc tế Cát Bi",Hành lý 1 x 23 kg,Hành lý xách tay 1 x 12 kg,25-04-2025
Vietnam Airlines,2.720.277 VND/khách,20:30,28 thg 4,28 thg 4,22:30,2h 0m,"TP HCM (SGN)
Sân bay Tân Sơn Nhất
Nhà ga T3","Hải Phòng (HPH)
Sân bay quốc tế Cát Bi",Hành lý 1 x 23 kg,Hành lý xách tay 1 x 12 kg,25-04-2025
Vietnam Airlines,3.417.579 VND/khách,17:55,28 thg 4,28 thg 4,19:55,2h 0m,"TP HCM (SGN)
Sân bay Tân Sơn Nhất
Nhà ga T3","Hải Phòng (HPH)
Sân bay quốc tế Cát Bi",Hành lý 1 x 23 kg,Hành lý xách tay 1 x 12 kg,25-04-2025
Bamboo Airways,1.938.782 VND/khách,20:05,28 thg 4,28 thg 4,22:10,2h 5m,"TP HCM (SGN)
Sân bay Tân Sơn Nhất","Hải Phòng (HPH)
Sân bay quốc tế Cát Bi",Hành lý 0 kg,Hành lý xách tay 7 kg,26-04-2025
VietJet Air,1.741.635 VND/khách,21:10,28 thg 4,28 thg 4,23:05,1h 55m,"TP HCM (SGN)
Sân bay Tân Sơn Nhất
Nhà ga 1","Hải Phòng (HPH)
Sân bay quốc tế Cát Bi",Hành lý 0 kg,Hành lý xách tay 7 kg,26-04-2025
VietJet Air,1.857.345 VND/khách,04:30,28 thg 4,28 thg 4,06:30,2h 0m,"TP HCM (SGN)
Sân bay Tân Sơn Nhất
Nhà ga 1","Hải Phòng (HPH)
Sân bay quốc tế Cát Bi",Hành lý 0 kg,Hành lý xách tay 7 kg,26-04-2025
VietJet Air,2.196.495 VND/khách,16:10,28 thg 4,28 thg 4,18:10,2h 0m,"TP HCM (SGN)
Sân bay Tân Sơn Nhất
Nhà ga 1","Hải Phòng (HPH)
Sân bay quốc tế Cát Bi",Hành lý 0 kg,Hành lý xách tay 7 kg,26-04-2025
VietJet Air,2.196.495 VND/khách,19:15,28 thg 4,28 thg 4,21:15,2h 0m,"TP HCM (SGN)
Sân bay Tân Sơn Nhất
Nhà ga 1","Hải Phòng (HPH)
Sân bay quốc tế Cát Bi",Hành lý 0 kg,Hành lý xách tay 7 kg,26-04-2025
VietJet Air,2.196.495 VND/khách,20:10,28 thg 4,28 thg 4,22:10,2h 0m,"TP HCM (SGN)
Sân bay Tân Sơn Nhất
Nhà ga 1","Hải Phòng (HPH)
Sân bay quốc tế Cát Bi",Hành lý 0 kg,Hành lý xách tay 7 kg,26-04-2025
VietJet Air,2.239.205 VND/khách,06:15,28 thg 4,28 thg 4,08:15,2h 0m,"TP HCM (SGN)
Sân bay Tân Sơn Nhất
Nhà ga 1","Hải Phòng (HPH)
Sân bay quốc tế Cát Bi",Hành lý 0 kg,Hành lý xách tay 7 kg,26-04-2025
VietJet Air,2.368.065 VND/khách,09:15,28 thg 4,28 thg 4,11:15,2h 0m,"TP HCM (SGN)
Sân bay Tân Sơn Nhất
Nhà ga 1","Hải Phòng (HPH)
Sân bay quốc tế Cát Bi",Hành lý 0 kg,Hành lý xách tay 7 kg,26-04-2025
Vietnam Airlines,2.704.293 VND/khách,15:20,28 thg 4,28 thg 4,17:25,2h 5m,"TP HCM (SGN)
Sân bay Tân Sơn Nhất
Nhà ga 1","Hải Phòng (HPH)
Sân bay quốc tế Cát Bi",Hành lý 1 x 23 kg,Hành lý xách tay 1 x 12 kg,26-04-2025
Vietnam Airlines,2.917.080 VND/khách,20:30,28 thg 4,28 thg 4,22:30,2h 0m,"TP HCM (SGN)
Sân bay Tân Sơn Nhất
Nhà ga T3","Hải Phòng (HPH)
Sân bay quốc tế Cát Bi",Hành lý 1 x 23 kg,Hành lý xách tay 1 x 12 kg,26-04-2025
Vietnam Airlines,3.417.579 VND/khách,17:55,28 thg 4,28 thg 4,19:55,2h 0m,"TP HCM (SGN)
Sân bay Tân Sơn Nhất
Nhà ga T3","Hải Phòng (HPH)
Sân bay quốc tế Cát Bi",Hành lý 1 x 23 kg,Hành lý xách tay 1 x 12 kg,26-04-2025
Bamboo Airways,2.292.738 VND/khách,20:05,28 thg 4,28 thg 4,22:10,2h 5m,"TP HCM (SGN)
Sân bay Tân Sơn Nhất","Hải Phòng (HPH)
Sân bay quốc tế Cát Bi",Hành lý 0 kg,Hành lý xách tay 7 kg,27-04-2025
VietJet Air,2.069.813 VND/khách,04:30,28 thg 4,28 thg 4,06:30,2h 0m,"TP HCM (SGN)
Sân bay Tân Sơn Nhất
Nhà ga 1","Hải Phòng (HPH)
Sân bay quốc tế Cát Bi",Hành lý 0 kg,Hành lý xách tay 7 kg,27-04-2025
VietJet Air,2.183.528 VND/khách,20:10,28 thg 4,28 thg 4,22:10,2h 0m,"TP HCM (SGN)
Sân bay Tân Sơn Nhất
Nhà ga 1","Hải Phòng (HPH)
Sân bay quốc tế Cát Bi",Hành lý 0 kg,Hành lý xách tay 7 kg,27-04-2025
VietJet Air,2.359.088 VND/khách,19:15,28 thg 4,28 thg 4,21:15,2h 0m,"TP HCM (SGN)
Sân bay Tân Sơn Nhất
Nhà ga 1","Hải Phòng (HPH)
Sân bay quốc tế Cát Bi",Hành lý 0 kg,Hành lý xách tay 7 kg,27-04-2025
VietJet Air,2.856.840 VND/khách,09:15,28 thg 4,28 thg 4,11:15,2h 0m,"TP HCM (SGN)
Sân bay Tân Sơn Nhất
Nhà ga 1","Hải Phòng (HPH)
Sân bay quốc tế Cát Bi",Hành lý 0 kg,Hành lý xách tay 7 kg,27-04-2025
Vietnam Airlines,3.379.117 VND/khách,20:30,28 thg 4,28 thg 4,22:30,2h 0m,"TP HCM (SGN)
Sân bay Tân Sơn Nhất","Hải Phòng (HPH)
Sân bay quốc tế Cát Bi",Hành lý 1 x 23 kg,Hành lý xách tay 1 x 12 kg,27-04-2025
Vietnam Airlines,3.379.117 VND/khách,15:20,28 thg 4,28 thg 4,17:25,2h 5m,"TP HCM (SGN)
Sân bay Tân Sơn Nhất
Nhà ga 1","Hải Phòng (HPH)
Sân bay quốc tế Cát Bi",Hành lý 1 x 23 kg,Hành lý xách tay 1 x 12 kg,27-04-2025
VietJet Air,3.855.898 VND/khách,21:10,28 thg 4,28 thg 4,23:05,1h 55m,"TP HCM (SGN)
Sân bay Tân Sơn Nhất
Nhà ga 1","Hải Phòng (HPH)
Sân bay quốc tế Cát Bi",Hành lý 0 kg,Hành lý xách tay 7 kg,27-04-2025
VietJet Air,3.855.898 VND/khách,06:15,28 thg 4,28 thg 4,08:15,2h 0m,"TP HCM (SGN)
Sân bay Tân Sơn Nhất
Nhà ga 1","Hải Phòng (HPH)
Sân bay quốc tế Cát Bi",Hành lý 0 kg,Hành lý xách tay 7 kg,27-04-2025
VietJet Air,3.855.898 VND/khách,16:10,28 thg 4,28 thg 4,18:10,2h 0m,"TP HCM (SGN)
Sân bay Tân Sơn Nhất
Nhà ga 1","Hải Phòng (HPH)
Sân bay quốc tế Cát Bi",Hành lý 0 kg,Hành lý xách tay 7 kg,27-04-2025
VietJet Air,2.192.505 VND/khách,04:30,29 thg 4,29 thg 4,06:30,2h 0m,"TP HCM (SGN)
Sân bay Tân Sơn Nhất
Nhà ga 1","Hải Phòng (HPH)
Sân bay quốc tế Cát Bi",Hành lý 0 kg,Hành lý xách tay 7 kg,18-04-2025
Vietnam Airlines,2.030.967 VND/khách,07:45,29 thg 4,29 thg 4,09:45,2h 0m,"TP HCM (SGN)
Sân bay Tân Sơn Nhất
Nhà ga 1","Hải Phòng (HPH)
Sân bay quốc tế Cát Bi",Hành lý 1 x 23 kg,Hành lý xách tay 1 x 12 kg,18-04-2025
VietJet Air,2.192.505 VND/khách,06:15,29 thg 4,29 thg 4,08:15,2h 0m,"TP HCM (SGN)
Sân bay Tân Sơn Nhất
Nhà ga 1","Hải Phòng (HPH)
Sân bay quốc tế Cát Bi",Hành lý 0 kg,Hành lý xách tay 7 kg,18-04-2025
VietJet Air,2.368.065 VND/khách,16:10,29 thg 4,29 thg 4,18:10,2h 0m,"TP HCM (SGN)
Sân bay Tân Sơn Nhất
Nhà ga 1","Hải Phòng (HPH)
Sân bay quốc tế Cát Bi",Hành lý 0 kg,Hành lý xách tay 7 kg,18-04-2025
Vietnam Airlines,2.484.513 VND/khách,17:55,29 thg 4,29 thg 4,19:55,2h 0m,"TP HCM (SGN)
Sân bay Tân Sơn Nhất
Nhà ga 1","Hải Phòng (HPH)
Sân bay quốc tế Cát Bi",Hành lý 1 x 23 kg,Hành lý xách tay 1 x 12 kg,18-04-2025
Vietnam Airlines,2.484.513 VND/khách,13:20,29 thg 4,29 thg 4,15:25,2h 5m,"TP HCM (SGN)
Sân bay Tân Sơn Nhất
Nhà ga 1","Hải Phòng (HPH)
Sân bay quốc tế Cát Bi",Hành lý 1 x 23 kg,Hành lý xách tay 1 x 12 kg,18-04-2025
Vietnam Airlines,2.688.309 VND/khách,20:30,29 thg 4,29 thg 4,22:30,2h 0m,"TP HCM (SGN)
Sân bay Tân Sơn Nhất
Nhà ga 1","Hải Phòng (HPH)
Sân bay quốc tế Cát Bi",Hành lý 1 x 23 kg,Hành lý xách tay 1 x 12 kg,18-04-2025
VietJet Air,2.804.970 VND/khách,14:05,29 thg 4,29 thg 4,16:05,2h 0m,"TP HCM (SGN)
Sân bay Tân Sơn Nhất
Nhà ga 1","Hải Phòng (HPH)
Sân bay quốc tế Cát Bi",Hành lý 0 kg,Hành lý xách tay 7 kg,18-04-2025
VietJet Air,2.804.970 VND/khách,19:15,29 thg 4,29 thg 4,21:15,2h 0m,"TP HCM (SGN)
Sân bay Tân Sơn Nhất
Nhà ga 1","Hải Phòng (HPH)
Sân bay quốc tế Cát Bi",Hành lý 0 kg,Hành lý xách tay 7 kg,18-04-2025
VietJet Air,2.980.530 VND/khách,21:10,29 thg 4,29 thg 4,23:05,1h 55m,"TP HCM (SGN)
Sân bay Tân Sơn Nhất
Nhà ga 1","Hải Phòng (HPH)
Sân bay quốc tế Cát Bi",Hành lý 0 kg,Hành lý xách tay 7 kg,18-04-2025
VietJet Air,3.122.175 VND/khách,09:15,29 thg 4,29 thg 4,11:15,2h 0m,"TP HCM (SGN)
Sân bay Tân Sơn Nhất
Nhà ga 1","Hải Phòng (HPH)
Sân bay quốc tế Cát Bi",Hành lý 0 kg,Hành lý xách tay 7 kg,18-04-2025
VietJet Air,2.036.895 VND/khách,04:30,29 thg 4,29 thg 4,06:30,2h 0m,"TP HCM (SGN)
Sân bay Tân Sơn Nhất
Nhà ga 1","Hải Phòng (HPH)
Sân bay quốc tế Cát Bi",,,19-04-2025
VietJet Air,2.036.895 VND/khách,06:15,29 thg 4,29 thg 4,08:15,2h 0m,"TP HCM (SGN)
Sân bay Tân Sơn Nhất
Nhà ga 1","Hải Phòng (HPH)
Sân bay quốc tế Cát Bi",,,19-04-2025
VietJet Air,2.036.895 VND/khách,16:10,29 thg 4,29 thg 4,18:10,2h 0m,"TP HCM (SGN)
Sân bay Tân Sơn Nhất
Nhà ga 1","Hải Phòng (HPH)
Sân bay quốc tế Cát Bi",,,19-04-2025
Vietnam Airlines,2.236.761 VND/khách,07:45,29 thg 4,29 thg 4,09:45,2h 0m,"TP HCM (SGN)
Sân bay Tân Sơn Nhất
Nhà ga 3","Hải Phòng (HPH)
Sân bay quốc tế Cát Bi",,,19-04-2025
VietJet Air,2.382.030 VND/khách,19:15,29 thg 4,29 thg 4,21:15,2h 0m,"TP HCM (SGN)
Sân bay Tân Sơn Nhất
Nhà ga 1","Hải Phòng (HPH)
Sân bay quốc tế Cát Bi",,,19-04-2025
VietJet Air,2.393.003 VND/khách,14:05,29 thg 4,29 thg 4,16:05,2h 0m,"TP HCM (SGN)
Sân bay Tân Sơn Nhất
Nhà ga 1","Hải Phòng (HPH)
Sân bay quốc tế Cát Bi",,,19-04-2025
Vietnam Airlines,2.474.523 VND/khách,13:20,29 thg 4,29 thg 4,15:25,2h 5m,"TP HCM (SGN)
Sân bay Tân Sơn Nhất
Nhà ga 3","Hải Phòng (HPH)
Sân bay quốc tế Cát Bi",,,19-04-2025
Vietnam Airlines,2.478.519 VND/khách,17:55,29 thg 4,29 thg 4,19:55,2h 0m,"TP HCM (SGN)
Sân bay Tân Sơn Nhất
Nhà ga 3","Hải Phòng (HPH)
Sân bay quốc tế Cát Bi",,,19-04-2025
VietJet Air,2.581.530 VND/khách,21:10,29 thg 4,29 thg 4,23:05,1h 55m,"TP HCM (SGN)
Sân bay Tân Sơn Nhất
Nhà ga 1","Hải Phòng (HPH)
Sân bay quốc tế Cát Bi",,,19-04-2025
VietJet Air,2.581.530 VND/khách,09:15,29 thg 4,29 thg 4,11:15,2h 0m,"TP HCM (SGN)
Sân bay Tân Sơn Nhất
Nhà ga 1","Hải Phòng (HPH)
Sân bay quốc tế Cát Bi",,,19-04-2025
VietJet Air,2.811.953 VND/khách,20:10,29 thg 4,29 thg 4,22:10,2h 0m,"TP HCM (SGN)
Sân bay Tân Sơn Nhất
Nhà ga 1","Hải Phòng (HPH)
Sân bay quốc tế Cát Bi",,,19-04-2025
VietJet Air,2.031.908 VND/khách,04:30,29 thg 4,29 thg 4,06:30,2h 0m,"TP HCM (SGN)
Sân bay Tân Sơn Nhất
Nhà ga 1","Hải Phòng (HPH)
Sân bay quốc tế Cát Bi",Hành lý 0 kg,Hành lý xách tay 7 kg,20-04-2025
VietJet Air,2.031.908 VND/khách,16:10,29 thg 4,29 thg 4,18:10,2h 0m,"TP HCM (SGN)
Sân bay Tân Sơn Nhất
Nhà ga 1","Hải Phòng (HPH)
Sân bay quốc tế Cát Bi",Hành lý 0 kg,Hành lý xách tay 7 kg,20-04-2025
VietJet Air,2.202.480 VND/khách,06:15,29 thg 4,29 thg 4,08:15,2h 0m,"TP HCM (SGN)
Sân bay Tân Sơn Nhất
Nhà ga 1","Hải Phòng (HPH)
Sân bay quốc tế Cát Bi",Hành lý 0 kg,Hành lý xách tay 7 kg,20-04-2025
Vietnam Airlines,2.231.766 VND/khách,07:45,29 thg 4,29 thg 4,09:45,2h 0m,"TP HCM (SGN)
Sân bay Tân Sơn Nhất","Hải Phòng (HPH)
Sân bay quốc tế Cát Bi",Hành lý 1 x 23 kg,Hành lý xách tay 1 x 12 kg,20-04-2025
VietJet Air,2.373.053 VND/khách,19:15,29 thg 4,29 thg 4,21:15,2h 0m,"TP HCM (SGN)
Sân bay Tân Sơn Nhất
Nhà ga 1","Hải Phòng (HPH)
Sân bay quốc tế Cát Bi",Hành lý 0 kg,Hành lý xách tay 7 kg,20-04-2025
Vietnam Airlines,2.469.528 VND/khách,13:20,29 thg 4,29 thg 4,15:25,2h 5m,"TP HCM (SGN)
Sân bay Tân Sơn Nhất","Hải Phòng (HPH)
Sân bay quốc tế Cát Bi",Hành lý 1 x 23 kg,Hành lý xách tay 1 x 12 kg,20-04-2025
VietJet Air,2.577.540 VND/khách,21:10,29 thg 4,29 thg 4,23:05,1h 55m,"TP HCM (SGN)
Sân bay Tân Sơn Nhất
Nhà ga 1","Hải Phòng (HPH)
Sân bay quốc tế Cát Bi",Hành lý 0 kg,Hành lý xách tay 7 kg,20-04-2025
VietJet Air,2.577.540 VND/khách,09:15,29 thg 4,29 thg 4,11:15,2h 0m,"TP HCM (SGN)
Sân bay Tân Sơn Nhất
Nhà ga 1","Hải Phòng (HPH)
Sân bay quốc tế Cát Bi",Hành lý 0 kg,Hành lý xách tay 7 kg,20-04-2025
VietJet Air,2.577.540 VND/khách,14:05,29 thg 4,29 thg 4,16:05,2h 0m,"TP HCM (SGN)
Sân bay Tân Sơn Nhất
Nhà ga 1","Hải Phòng (HPH)
Sân bay quốc tế Cát Bi",Hành lý 0 kg,Hành lý xách tay 7 kg,20-04-2025
Vietnam Airlines,2.681.316 VND/khách,17:55,29 thg 4,29 thg 4,19:55,2h 0m,"TP HCM (SGN)
Sân bay Tân Sơn Nhất","Hải Phòng (HPH)
Sân bay quốc tế Cát Bi",Hành lý 1 x 23 kg,Hành lý xách tay 1 x 12 kg,20-04-2025
VietJet Air,2.802.975 VND/khách,20:10,29 thg 4,29 thg 4,22:10,2h 0m,"TP HCM (SGN)
Sân bay Tân Sơn Nhất
Nhà ga 1","Hải Phòng (HPH)
Sân bay quốc tế Cát Bi",Hành lý 0 kg,Hành lý xách tay 7 kg,20-04-2025
VietJet Air,2.031.908 VND/khách,04:30,29 thg 4,29 thg 4,06:30,2h 0m,"TP HCM (SGN)
Sân bay Tân Sơn Nhất
Nhà ga 1","Hải Phòng (HPH)
Sân bay quốc tế Cát Bi",Hành lý 0 kg,Hành lý xách tay 7 kg,21-04-2025
VietJet Air,2.031.908 VND/khách,16:10,29 thg 4,29 thg 4,18:10,2h 0m,"TP HCM (SGN)
Sân bay Tân Sơn Nhất
Nhà ga 1","Hải Phòng (HPH)
Sân bay quốc tế Cát Bi",Hành lý 0 kg,Hành lý xách tay 7 kg,21-04-2025
VietJet Air,2.202.480 VND/khách,06:15,29 thg 4,29 thg 4,08:15,2h 0m,"TP HCM (SGN)
Sân bay Tân Sơn Nhất
Nhà ga 1","Hải Phòng (HPH)
Sân bay quốc tế Cát Bi",Hành lý 0 kg,Hành lý xách tay 7 kg,21-04-2025
Vietnam Airlines,2.231.766 VND/khách,07:45,29 thg 4,29 thg 4,09:45,2h 0m,"TP HCM (SGN)
Sân bay Tân Sơn Nhất","Hải Phòng (HPH)
Sân bay quốc tế Cát Bi",Hành lý 1 x 23 kg,Hành lý xách tay 1 x 12 kg,21-04-2025
VietJet Air,2.373.053 VND/khách,19:15,29 thg 4,29 thg 4,21:15,2h 0m,"TP HCM (SGN)
Sân bay Tân Sơn Nhất
Nhà ga 1","Hải Phòng (HPH)
Sân bay quốc tế Cát Bi",Hành lý 0 kg,Hành lý xách tay 7 kg,21-04-2025
Vietnam Airlines,2.469.528 VND/khách,13:20,29 thg 4,29 thg 4,15:25,2h 5m,"TP HCM (SGN)
Sân bay Tân Sơn Nhất","Hải Phòng (HPH)
Sân bay quốc tế Cát Bi",Hành lý 1 x 23 kg,Hành lý xách tay 1 x 12 kg,21-04-2025
VietJet Air,2.577.540 VND/khách,21:10,29 thg 4,29 thg 4,23:05,1h 55m,"TP HCM (SGN)
Sân bay Tân Sơn Nhất
Nhà ga 1","Hải Phòng (HPH)
Sân bay quốc tế Cát Bi",Hành lý 0 kg,Hành lý xách tay 7 kg,21-04-2025
VietJet Air,2.577.540 VND/khách,09:15,29 thg 4,29 thg 4,11:15,2h 0m,"TP HCM (SGN)
Sân bay Tân Sơn Nhất
Nhà ga 1","Hải Phòng (HPH)
Sân bay quốc tế Cát Bi",Hành lý 0 kg,Hành lý xách tay 7 kg,21-04-2025
VietJet Air,2.577.540 VND/khách,14:05,29 thg 4,29 thg 4,16:05,2h 0m,"TP HCM (SGN)
Sân bay Tân Sơn Nhất
Nhà ga 1","Hải Phòng (HPH)
Sân bay quốc tế Cát Bi",Hành lý 0 kg,Hành lý xách tay 7 kg,21-04-2025
Vietnam Airlines,2.681.316 VND/khách,17:55,29 thg 4,29 thg 4,19:55,2h 0m,"TP HCM (SGN)
Sân bay Tân Sơn Nhất","Hải Phòng (HPH)
Sân bay quốc tế Cát Bi",Hành lý 1 x 23 kg,Hành lý xách tay 1 x 12 kg,21-04-2025
VietJet Air,2.802.975 VND/khách,20:10,29 thg 4,29 thg 4,22:10,2h 0m,"TP HCM (SGN)
Sân bay Tân Sơn Nhất
Nhà ga 1","Hải Phòng (HPH)
Sân bay quốc tế Cát Bi",Hành lý 0 kg,Hành lý xách tay 7 kg,21-04-2025
VietJet Air,2.038.890 VND/khách,04:30,29 thg 4,29 thg 4,06:30,2h 0m,"TP HCM (SGN)
Sân bay Tân Sơn Nhất
Nhà ga 1","Hải Phòng (HPH)
Sân bay quốc tế Cát Bi",Hành lý 0 kg,Hành lý xách tay 7 kg,22-04-2025
VietJet Air,2.209.463 VND/khách,06:15,29 thg 4,29 thg 4,08:15,2h 0m,"TP HCM (SGN)
Sân bay Tân Sơn Nhất
Nhà ga 1","Hải Phòng (HPH)
Sân bay quốc tế Cát Bi",Hành lý 0 kg,Hành lý xách tay 7 kg,22-04-2025
VietJet Air,2.209.463 VND/khách,16:10,29 thg 4,29 thg 4,18:10,2h 0m,"TP HCM (SGN)
Sân bay Tân Sơn Nhất
Nhà ga 1","Hải Phòng (HPH)
Sân bay quốc tế Cát Bi",Hành lý 0 kg,Hành lý xách tay 7 kg,22-04-2025
Vietnam Airlines,2.473.524 VND/khách,07:45,29 thg 4,29 thg 4,09:45,2h 0m,"TP HCM (SGN)
Sân bay Tân Sơn Nhất","Hải Phòng (HPH)
Sân bay quốc tế Cát Bi",Hành lý 23 kg,Hành lý xách tay 1 x 12 kg,22-04-2025
VietJet Air,2.584.523 VND/khách,09:15,29 thg 4,29 thg 4,11:15,2h 0m,"TP HCM (SGN)
Sân bay Tân Sơn Nhất
Nhà ga 1","Hải Phòng (HPH)
Sân bay quốc tế Cát Bi",Hành lý 0 kg,Hành lý xách tay 7 kg,22-04-2025
VietJet Air,2.584.523 VND/khách,14:05,29 thg 4,29 thg 4,16:05,2h 0m,"TP HCM (SGN)
Sân bay Tân Sơn Nhất
Nhà ga 1","Hải Phòng (HPH)
Sân bay quốc tế Cát Bi",Hành lý 0 kg,Hành lý xách tay 7 kg,22-04-2025
VietJet Air,2.814.945 VND/khách,21:10,29 thg 4,29 thg 4,23:05,1h 55m,"TP HCM (SGN)
Sân bay Tân Sơn Nhất
Nhà ga 1","Hải Phòng (HPH)
Sân bay quốc tế Cát Bi",Hành lý 0 kg,Hành lý xách tay 7 kg,22-04-2025
VietJet Air,2.814.945 VND/khách,20:10,29 thg 4,29 thg 4,22:10,2h 0m,"TP HCM (SGN)
Sân bay Tân Sơn Nhất
Nhà ga 1","Hải Phòng (HPH)
Sân bay quốc tế Cát Bi",Hành lý 0 kg,Hành lý xách tay 7 kg,22-04-2025
Vietnam Airlines,2.949.048 VND/khách,13:20,29 thg 4,29 thg 4,15:25,2h 5m,"TP HCM (SGN)
Sân bay Tân Sơn Nhất
Nhà ga 1","Hải Phòng (HPH)
Sân bay quốc tế Cát Bi",Hành lý 23 kg,Hành lý xách tay 1 x 12 kg,22-04-2025
VietJet Air,2.988.510 VND/khách,19:15,29 thg 4,29 thg 4,21:15,2h 0m,"TP HCM (SGN)
Sân bay Tân Sơn Nhất
Nhà ga 1","Hải Phòng (HPH)
Sân bay quốc tế Cát Bi",Hành lý 0 kg,Hành lý xách tay 7 kg,22-04-2025
Vietnam Airlines,3.117.559 VND/khách,17:55,29 thg 4,29 thg 4,19:55,2h 0m,"TP HCM (SGN)
Sân bay Tân Sơn Nhất","Hải Phòng (HPH)
Sân bay quốc tế Cát Bi",Hành lý 23 kg,Hành lý xách tay 1 x 12 kg,22-04-2025
Vietnam Airlines,3.416.580 VND/khách,20:30,29 thg 4,29 thg 4,22:30,2h 0m,"TP HCM (SGN)
Sân bay Tân Sơn Nhất","Hải Phòng (HPH)
Sân bay quốc tế Cát Bi",Hành lý 23 kg,Hành lý xách tay 1 x 12 kg,22-04-2025
VietJet Air,2.040.885 VND/khách,04:30,29 thg 4,29 thg 4,06:30,2h 0m,"TP HCM (SGN)
Sân bay Tân Sơn Nhất
Nhà ga 1","Hải Phòng (HPH)
Sân bay quốc tế Cát Bi",Hành lý 0 kg,Hành lý xách tay 7 kg,23-04-2025
VietJet Air,2.211.458 VND/khách,06:15,29 thg 4,29 thg 4,08:15,2h 0m,"TP HCM (SGN)
Sân bay Tân Sơn Nhất
Nhà ga 1","Hải Phòng (HPH)
Sân bay quốc tế Cát Bi",Hành lý 0 kg,Hành lý xách tay 7 kg,23-04-2025
VietJet Air,2.386.020 VND/khách,16:10,29 thg 4,29 thg 4,18:10,2h 0m,"TP HCM (SGN)
Sân bay Tân Sơn Nhất
Nhà ga 1","Hải Phòng (HPH)
Sân bay quốc tế Cát Bi",Hành lý 0 kg,Hành lý xách tay 7 kg,23-04-2025
Vietnam Airlines,2.464.533 VND/khách,07:45,29 thg 4,29 thg 4,09:45,2h 0m,"TP HCM (SGN)
Sân bay Tân Sơn Nhất","Hải Phòng (HPH)
Sân bay quốc tế Cát Bi",Hành lý 23 kg,Hành lý xách tay 1 x 12 kg,23-04-2025
VietJet Air,2.587.515 VND/khách,09:15,29 thg 4,29 thg 4,11:15,2h 0m,"TP HCM (SGN)
Sân bay Tân Sơn Nhất
Nhà ga 1","Hải Phòng (HPH)
Sân bay quốc tế Cát Bi",Hành lý 0 kg,Hành lý xách tay 7 kg,23-04-2025
VietJet Air,2.587.515 VND/khách,14:05,29 thg 4,29 thg 4,16:05,2h 0m,"TP HCM (SGN)
Sân bay Tân Sơn Nhất
Nhà ga 1","Hải Phòng (HPH)
Sân bay quốc tế Cát Bi",Hành lý 0 kg,Hành lý xách tay 7 kg,23-04-2025
VietJet Air,2.817.938 VND/khách,21:10,29 thg 4,29 thg 4,23:05,1h 55m,"TP HCM (SGN)
Sân bay Tân Sơn Nhất
Nhà ga 1","Hải Phòng (HPH)
Sân bay quốc tế Cát Bi",Hành lý 0 kg,Hành lý xách tay 7 kg,23-04-2025
VietJet Air,2.817.938 VND/khách,20:10,29 thg 4,29 thg 4,22:10,2h 0m,"TP HCM (SGN)
Sân bay Tân Sơn Nhất
Nhà ga 1","Hải Phòng (HPH)
Sân bay quốc tế Cát Bi",Hành lý 0 kg,Hành lý xách tay 7 kg,23-04-2025
Vietnam Airlines,2.941.056 VND/khách,13:20,29 thg 4,29 thg 4,15:25,2h 5m,"TP HCM (SGN)
Sân bay Tân Sơn Nhất
Nhà ga 1","Hải Phòng (HPH)
Sân bay quốc tế Cát Bi",Hành lý 23 kg,Hành lý xách tay 1 x 12 kg,23-04-2025
VietJet Air,2.988.510 VND/khách,19:15,29 thg 4,29 thg 4,21:15,2h 0m,"TP HCM (SGN)
Sân bay Tân Sơn Nhất
Nhà ga 1","Hải Phòng (HPH)
Sân bay quốc tế Cát Bi",Hành lý 0 kg,Hành lý xách tay 7 kg,23-04-2025
Vietnam Airlines,3.160.836 VND/khách,17:55,29 thg 4,29 thg 4,19:55,2h 0m,"TP HCM (SGN)
Sân bay Tân Sơn Nhất","Hải Phòng (HPH)
Sân bay quốc tế Cát Bi",Hành lý 23 kg,Hành lý xách tay 1 x 12 kg,23-04-2025
Vietnam Airlines,3.413.583 VND/khách,20:30,29 thg 4,29 thg 4,22:30,2h 0m,"TP HCM (SGN)
Sân bay Tân Sơn Nhất","Hải Phòng (HPH)
Sân bay quốc tế Cát Bi",Hành lý 23 kg,Hành lý xách tay 1 x 12 kg,23-04-2025
VietJet Air,2.045.873 VND/khách,04:30,29 thg 4,29 thg 4,06:30,2h 0m,"TP HCM (SGN)
Sân bay Tân Sơn Nhất
Nhà ga 1","Hải Phòng (HPH)
Sân bay quốc tế Cát Bi",,,24-04-2025
VietJet Air,2.045.873 VND/khách,06:15,29 thg 4,29 thg 4,08:15,2h 0m,"TP HCM (SGN)
Sân bay Tân Sơn Nhất
Nhà ga 1","Hải Phòng (HPH)
Sân bay quốc tế Cát Bi",,,24-04-2025
VietJet Air,2.392.005 VND/khách,14:05,29 thg 4,29 thg 4,16:05,2h 0m,"TP HCM (SGN)
Sân bay Tân Sơn Nhất
Nhà ga 1","Hải Phòng (HPH)
Sân bay quốc tế Cát Bi",,,24-04-2025
VietJet Air,2.392.005 VND/khách,16:10,29 thg 4,29 thg 4,18:10,2h 0m,"TP HCM (SGN)
Sân bay Tân Sơn Nhất
Nhà ga 1","Hải Phòng (HPH)
Sân bay quốc tế Cát Bi",,,24-04-2025
VietJet Air,2.593.500 VND/khách,09:15,29 thg 4,29 thg 4,11:15,2h 0m,"TP HCM (SGN)
Sân bay Tân Sơn Nhất
Nhà ga 1","Hải Phòng (HPH)
Sân bay quốc tế Cát Bi",,,24-04-2025
VietJet Air,2.619.435 VND/khách,21:10,29 thg 4,29 thg 4,23:05,1h 55m,"TP HCM (SGN)
Sân bay Tân Sơn Nhất
Nhà ga 1","Hải Phòng (HPH)
Sân bay quốc tế Cát Bi",,,24-04-2025
VietJet Air,2.823.923 VND/khách,20:10,29 thg 4,29 thg 4,22:10,2h 0m,"TP HCM (SGN)
Sân bay Tân Sơn Nhất
Nhà ga 1","Hải Phòng (HPH)
Sân bay quốc tế Cát Bi",,,24-04-2025
Vietnam Airlines,2.914.083 VND/khách,07:45,29 thg 4,29 thg 4,09:45,2h 0m,"TP HCM (SGN)
Sân bay Tân Sơn Nhất
Nhà ga T3","Hải Phòng (HPH)
Sân bay quốc tế Cát Bi",,,24-04-2025
Vietnam Airlines,2.914.083 VND/khách,13:20,29 thg 4,29 thg 4,15:25,2h 5m,"TP HCM (SGN)
Sân bay Tân Sơn Nhất
Nhà ga 1","Hải Phòng (HPH)
Sân bay quốc tế Cát Bi",,,24-04-2025
VietJet Air,2.995.493 VND/khách,19:15,29 thg 4,29 thg 4,21:15,2h 0m,"TP HCM (SGN)
Sân bay Tân Sơn Nhất
Nhà ga 1","Hải Phòng (HPH)
Sân bay quốc tế Cát Bi",,,24-04-2025
Vietnam Airlines,3.410.586 VND/khách,17:55,29 thg 4,29 thg 4,19:55,2h 0m,"TP HCM (SGN)
Sân bay Tân Sơn Nhất
Nhà ga T3","Hải Phòng (HPH)
Sân bay quốc tế Cát Bi",,,24-04-2025
Vietnam Airlines,3.683.313 VND/khách,20:30,29 thg 4,29 thg 4,22:30,2h 0m,"TP HCM (SGN)
Sân bay Tân Sơn Nhất
Nhà ga T3","Hải Phòng (HPH)
Sân bay quốc tế Cát Bi",,,24-04-2025
VietJet Air,2.035.898 VND/khách,04:30,29 thg 4,29 thg 4,06:30,2h 0m,"TP HCM (SGN)
Sân bay Tân Sơn Nhất
Nhà ga 1","Hải Phòng (HPH)
Sân bay quốc tế Cát Bi",Hành lý 0 kg,Hành lý xách tay 7 kg,25-04-2025
VietJet Air,2.035.898 VND/khách,06:15,29 thg 4,29 thg 4,08:15,2h 0m,"TP HCM (SGN)
Sân bay Tân Sơn Nhất
Nhà ga 1","Hải Phòng (HPH)
Sân bay quốc tế Cát Bi",Hành lý 0 kg,Hành lý xách tay 7 kg,25-04-2025
VietJet Air,2.383.028 VND/khách,14:05,29 thg 4,29 thg 4,16:05,2h 0m,"TP HCM (SGN)
Sân bay Tân Sơn Nhất
Nhà ga 1","Hải Phòng (HPH)
Sân bay quốc tế Cát Bi",Hành lý 0 kg,Hành lý xách tay 7 kg,25-04-2025
VietJet Air,2.383.028 VND/khách,16:10,29 thg 4,29 thg 4,18:10,2h 0m,"TP HCM (SGN)
Sân bay Tân Sơn Nhất
Nhà ga 1","Hải Phòng (HPH)
Sân bay quốc tế Cát Bi",Hành lý 0 kg,Hành lý xách tay 7 kg,25-04-2025
VietJet Air,2.583.525 VND/khách,09:15,29 thg 4,29 thg 4,11:15,2h 0m,"TP HCM (SGN)
Sân bay Tân Sơn Nhất
Nhà ga 1","Hải Phòng (HPH)
Sân bay quốc tế Cát Bi",Hành lý 0 kg,Hành lý xách tay 7 kg,25-04-2025
VietJet Air,2.860.369 VND/khách,21:10,29 thg 4,29 thg 4,23:05,1h 55m,"TP HCM (SGN)
Sân bay Tân Sơn Nhất
Nhà ga 1","Hải Phòng (HPH)
Sân bay quốc tế Cát Bi",Hành lý 0 kg,Hành lý xách tay 7 kg,25-04-2025
VietJet Air,2.860.369 VND/khách,20:10,29 thg 4,29 thg 4,22:10,2h 0m,"TP HCM (SGN)
Sân bay Tân Sơn Nhất
Nhà ga 1","Hải Phòng (HPH)
Sân bay quốc tế Cát Bi",Hành lý 0 kg,Hành lý xách tay 7 kg,25-04-2025
Vietnam Airlines,2.916.081 VND/khách,07:45,29 thg 4,29 thg 4,09:45,2h 0m,"TP HCM (SGN)
Sân bay Tân Sơn Nhất
Nhà ga T3","Hải Phòng (HPH)
Sân bay quốc tế Cát Bi",Hành lý 1 x 23 kg,Hành lý xách tay 1 x 12 kg,25-04-2025
VietJet Air,2.990.505 VND/khách,19:15,29 thg 4,29 thg 4,21:15,2h 0m,"TP HCM (SGN)
Sân bay Tân Sơn Nhất
Nhà ga 1","Hải Phòng (HPH)
Sân bay quốc tế Cát Bi",Hành lý 0 kg,Hành lý xách tay 7 kg,25-04-2025
Vietnam Airlines,3.412.584 VND/khách,13:20,29 thg 4,29 thg 4,15:25,2h 5m,"TP HCM (SGN)
Sân bay Tân Sơn Nhất
Nhà ga 1","Hải Phòng (HPH)
Sân bay quốc tế Cát Bi",Hành lý 1 x 23 kg,Hành lý xách tay 1 x 12 kg,25-04-2025
Vietnam Airlines,3.686.310 VND/khách,17:55,29 thg 4,29 thg 4,19:55,2h 0m,"TP HCM (SGN)
Sân bay Tân Sơn Nhất
Nhà ga T3","Hải Phòng (HPH)
Sân bay quốc tế Cát Bi",Hành lý 1 x 23 kg,Hành lý xách tay 1 x 12 kg,25-04-2025
Vietnam Airlines,3.686.310 VND/khách,20:30,29 thg 4,29 thg 4,22:30,2h 0m,"TP HCM (SGN)
Sân bay Tân Sơn Nhất
Nhà ga T3","Hải Phòng (HPH)
Sân bay quốc tế Cát Bi",Hành lý 1 x 23 kg,Hành lý xách tay 1 x 12 kg,25-04-2025
VietJet Air,1.857.345 VND/khách,04:30,29 thg 4,29 thg 4,06:30,2h 0m,"TP HCM (SGN)
Sân bay Tân Sơn Nhất
Nhà ga 1","Hải Phòng (HPH)
Sân bay quốc tế Cát Bi",Hành lý 0 kg,Hành lý xách tay 7 kg,26-04-2025
VietJet Air,2.028.915 VND/khách,06:15,29 thg 4,29 thg 4,08:15,2h 0m,"TP HCM (SGN)
Sân bay Tân Sơn Nhất
Nhà ga 1","Hải Phòng (HPH)
Sân bay quốc tế Cát Bi",Hành lý 0 kg,Hành lý xách tay 7 kg,26-04-2025
VietJet Air,2.368.065 VND/khách,21:10,29 thg 4,29 thg 4,23:05,1h 55m,"TP HCM (SGN)
Sân bay Tân Sơn Nhất
Nhà ga 1","Hải Phòng (HPH)
Sân bay quốc tế Cát Bi",Hành lý 0 kg,Hành lý xách tay 7 kg,26-04-2025
VietJet Air,2.368.065 VND/khách,09:15,29 thg 4,29 thg 4,11:15,2h 0m,"TP HCM (SGN)
Sân bay Tân Sơn Nhất
Nhà ga 1","Hải Phòng (HPH)
Sân bay quốc tế Cát Bi",Hành lý 0 kg,Hành lý xách tay 7 kg,26-04-2025
VietJet Air,2.368.065 VND/khách,14:05,29 thg 4,29 thg 4,16:05,2h 0m,"TP HCM (SGN)
Sân bay Tân Sơn Nhất
Nhà ga 1","Hải Phòng (HPH)
Sân bay quốc tế Cát Bi",Hành lý 0 kg,Hành lý xách tay 7 kg,26-04-2025
VietJet Air,2.368.065 VND/khách,16:10,29 thg 4,29 thg 4,18:10,2h 0m,"TP HCM (SGN)
Sân bay Tân Sơn Nhất
Nhà ga 1","Hải Phòng (HPH)
Sân bay quốc tế Cát Bi",Hành lý 0 kg,Hành lý xách tay 7 kg,26-04-2025
VietJet Air,2.569.560 VND/khách,19:15,29 thg 4,29 thg 4,21:15,2h 0m,"TP HCM (SGN)
Sân bay Tân Sơn Nhất
Nhà ga 1","Hải Phòng (HPH)
Sân bay quốc tế Cát Bi",Hành lý 0 kg,Hành lý xách tay 7 kg,26-04-2025
VietJet Air,2.569.560 VND/khách,20:10,29 thg 4,29 thg 4,22:10,2h 0m,"TP HCM (SGN)
Sân bay Tân Sơn Nhất
Nhà ga 1","Hải Phòng (HPH)
Sân bay quốc tế Cát Bi",Hành lý 0 kg,Hành lý xách tay 7 kg,26-04-2025
Vietnam Airlines,2.919.078 VND/khách,16:10,29 thg 4,29 thg 4,18:15,2h 5m,"TP HCM (SGN)
Sân bay Tân Sơn Nhất
Nhà ga 1","Hải Phòng (HPH)
Sân bay quốc tế Cát Bi",Hành lý 1 x 23 kg,Hành lý xách tay 1 x 12 kg,26-04-2025
Vietnam Airlines,3.417.579 VND/khách,07:45,29 thg 4,29 thg 4,09:45,2h 0m,"TP HCM (SGN)
Sân bay Tân Sơn Nhất
Nhà ga T3","Hải Phòng (HPH)
Sân bay quốc tế Cát Bi",Hành lý 1 x 23 kg,Hành lý xách tay 1 x 12 kg,26-04-2025
Vietnam Airlines,3.900.096 VND/khách,17:55,29 thg 4,29 thg 4,19:55,2h 0m,"TP HCM (SGN)
Sân bay Tân Sơn Nhất
Nhà ga T3","Hải Phòng (HPH)
Sân bay quốc tế Cát Bi",Hành lý 1 x 23 kg,Hành lý xách tay 1 x 12 kg,26-04-2025
Vietnam Airlines,3.900.096 VND/khách,20:30,29 thg 4,29 thg 4,22:30,2h 0m,"TP HCM (SGN)
Sân bay Tân Sơn Nhất
Nhà ga T3","Hải Phòng (HPH)
Sân bay quốc tế Cát Bi",Hành lý 1 x 23 kg,Hành lý xách tay 1 x 12 kg,26-04-2025
VietJet Air,2.013.953 VND/khách,04:30,29 thg 4,29 thg 4,06:30,2h 0m,"TP HCM (SGN)
Sân bay Tân Sơn Nhất
Nhà ga 1","Hải Phòng (HPH)
Sân bay quốc tế Cát Bi",Hành lý 0 kg,Hành lý xách tay 7 kg,27-04-2025
VietJet Air,2.238.996 VND/khách,06:15,29 thg 4,29 thg 4,08:15,2h 0m,"TP HCM (SGN)
Sân bay Tân Sơn Nhất
Nhà ga 1","Hải Phòng (HPH)
Sân bay quốc tế Cát Bi",Hành lý 0 kg,Hành lý xách tay 7 kg,27-04-2025
VietJet Air,2.558.588 VND/khách,21:10,29 thg 4,29 thg 4,23:05,1h 55m,"TP HCM (SGN)
Sân bay Tân Sơn Nhất
Nhà ga 1","Hải Phòng (HPH)
Sân bay quốc tế Cát Bi",Hành lý 0 kg,Hành lý xách tay 7 kg,27-04-2025
VietJet Air,2.558.588 VND/khách,09:15,29 thg 4,29 thg 4,11:15,2h 0m,"TP HCM (SGN)
Sân bay Tân Sơn Nhất
Nhà ga 1","Hải Phòng (HPH)
Sân bay quốc tế Cát Bi",Hành lý 0 kg,Hành lý xách tay 7 kg,27-04-2025
VietJet Air,2.558.588 VND/khách,14:05,29 thg 4,29 thg 4,16:05,2h 0m,"TP HCM (SGN)
Sân bay Tân Sơn Nhất
Nhà ga 1","Hải Phòng (HPH)
Sân bay quốc tế Cát Bi",Hành lý 0 kg,Hành lý xách tay 7 kg,27-04-2025
VietJet Air,2.558.588 VND/khách,16:10,29 thg 4,29 thg 4,18:10,2h 0m,"TP HCM (SGN)
Sân bay Tân Sơn Nhất
Nhà ga 1","Hải Phòng (HPH)
Sân bay quốc tế Cát Bi",Hành lý 0 kg,Hành lý xách tay 7 kg,27-04-2025
VietJet Air,2.785.020 VND/khách,19:15,29 thg 4,29 thg 4,21:15,2h 0m,"TP HCM (SGN)
Sân bay Tân Sơn Nhất
Nhà ga 1","Hải Phòng (HPH)
Sân bay quốc tế Cát Bi",Hành lý 0 kg,Hành lý xách tay 7 kg,27-04-2025
VietJet Air,2.785.020 VND/khách,20:10,29 thg 4,29 thg 4,22:10,2h 0m,"TP HCM (SGN)
Sân bay Tân Sơn Nhất
Nhà ga 1","Hải Phòng (HPH)
Sân bay quốc tế Cát Bi",Hành lý 0 kg,Hành lý xách tay 7 kg,27-04-2025
Vietnam Airlines,3.379.117 VND/khách,16:10,29 thg 4,29 thg 4,18:15,2h 5m,"TP HCM (SGN)
Sân bay Tân Sơn Nhất
Nhà ga 1","Hải Phòng (HPH)
Sân bay quốc tế Cát Bi",Hành lý 1 x 23 kg,Hành lý xách tay 1 x 12 kg,27-04-2025
Vietnam Airlines,3.882.114 VND/khách,20:30,29 thg 4,29 thg 4,22:30,2h 0m,"TP HCM (SGN)
Sân bay Tân Sơn Nhất","Hải Phòng (HPH)
Sân bay quốc tế Cát Bi",Hành lý 1 x 23 kg,Hành lý xách tay 1 x 12 kg,27-04-2025
VietJet Air,2.240.385 VND/khách,04:30,29 thg 4,29 thg 4,06:30,2h 0m,"TP HCM (SGN)
Sân bay Tân Sơn Nhất
Nhà ga 1","Hải Phòng (HPH)
Sân bay quốc tế Cát Bi",Hành lý 0 kg,Hành lý xách tay 7 kg,28-04-2025
VietJet Air,2.849.858 VND/khách,09:15,29 thg 4,29 thg 4,11:15,2h 0m,"TP HCM (SGN)
Sân bay Tân Sơn Nhất
Nhà ga 1","Hải Phòng (HPH)
Sân bay quốc tế Cát Bi",Hành lý 0 kg,Hành lý xách tay 7 kg,28-04-2025
Vietnam Airlines,3.675.321 VND/khách,16:10,29 thg 4,29 thg 4,18:15,2h 5m,"TP HCM (SGN)
Sân bay Tân Sơn Nhất
Nhà ga 1","Hải Phòng (HPH)
Sân bay quốc tế Cát Bi",Hành lý 1 x 23 kg,Hành lý xách tay 1 x 12 kg,28-04-2025
VietJet Air,3.811.448 VND/khách,21:10,29 thg 4,29 thg 4,23:05,1h 55m,"TP HCM (SGN)
Sân bay Tân Sơn Nhất
Nhà ga 1","Hải Phòng (HPH)
Sân bay quốc tế Cát Bi",Hành lý 0 kg,Hành lý xách tay 7 kg,28-04-2025
VietJet Air,3.811.448 VND/khách,06:15,29 thg 4,29 thg 4,08:15,2h 0m,"TP HCM (SGN)
Sân bay Tân Sơn Nhất
Nhà ga 1","Hải Phòng (HPH)
Sân bay quốc tế Cát Bi",Hành lý 0 kg,Hành lý xách tay 7 kg,28-04-2025
VietJet Air,3.811.448 VND/khách,14:05,29 thg 4,29 thg 4,16:05,2h 0m,"TP HCM (SGN)
Sân bay Tân Sơn Nhất
Nhà ga 1","Hải Phòng (HPH)
Sân bay quốc tế Cát Bi",Hành lý 0 kg,Hành lý xách tay 7 kg,28-04-2025
VietJet Air,3.811.448 VND/khách,16:10,29 thg 4,29 thg 4,18:10,2h 0m,"TP HCM (SGN)
Sân bay Tân Sơn Nhất
Nhà ga 1","Hải Phòng (HPH)
Sân bay quốc tế Cát Bi",Hành lý 0 kg,Hành lý xách tay 7 kg,28-04-2025
VietJet Air,3.811.448 VND/khách,19:15,29 thg 4,29 thg 4,21:15,2h 0m,"TP HCM (SGN)
Sân bay Tân Sơn Nhất
Nhà ga 1","Hải Phòng (HPH)
Sân bay quốc tế Cát Bi",Hành lý 0 kg,Hành lý xách tay 7 kg,28-04-2025
VietJet Air,3.811.448 VND/khách,20:10,29 thg 4,29 thg 4,22:10,2h 0m,"TP HCM (SGN)
Sân bay Tân Sơn Nhất
Nhà ga 1","Hải Phòng (HPH)
Sân bay quốc tế Cát Bi",Hành lý 0 kg,Hành lý xách tay 7 kg,28-04-2025
VietJet Air,1.726.673 VND/khách,21:10,30 thg 4,30 thg 4,23:05,1h 55m,"TP HCM (SGN)
Sân bay Tân Sơn Nhất
Nhà ga 1","Hải Phòng (HPH)
Sân bay quốc tế Cát Bi",Hành lý 0 kg,Hành lý xách tay 7 kg,18-04-2025
VietJet Air,1.843.380 VND/khách,19:15,30 thg 4,30 thg 4,21:15,2h 0m,"TP HCM (SGN)
Sân bay Tân Sơn Nhất
Nhà ga 1","Hải Phòng (HPH)
Sân bay quốc tế Cát Bi",Hành lý 0 kg,Hành lý xách tay 7 kg,18-04-2025
VietJet Air,1.843.380 VND/khách,20:10,30 thg 4,30 thg 4,22:10,2h 0m,"TP HCM (SGN)
Sân bay Tân Sơn Nhất
Nhà ga 1","Hải Phòng (HPH)
Sân bay quốc tế Cát Bi",Hành lý 0 kg,Hành lý xách tay 7 kg,18-04-2025
Vietnam Airlines,2.019.978 VND/khách,17:55,30 thg 4,30 thg 4,19:55,2h 0m,"TP HCM (SGN)
Sân bay Tân Sơn Nhất
Nhà ga 1","Hải Phòng (HPH)
Sân bay quốc tế Cát Bi",Hành lý 1 x 23 kg,Hành lý xách tay 1 x 12 kg,18-04-2025
Vietnam Airlines,2.019.978 VND/khách,20:30,30 thg 4,30 thg 4,22:30,2h 0m,"TP HCM (SGN)
Sân bay Tân Sơn Nhất
Nhà ga 1","Hải Phòng (HPH)
Sân bay quốc tế Cát Bi",Hành lý 1 x 23 kg,Hành lý xách tay 1 x 12 kg,18-04-2025
VietJet Air,2.193.503 VND/khách,16:10,30 thg 4,30 thg 4,18:10,2h 0m,"TP HCM (SGN)
Sân bay Tân Sơn Nhất
Nhà ga 1","Hải Phòng (HPH)
Sân bay quốc tế Cát Bi",Hành lý 0 kg,Hành lý xách tay 7 kg,18-04-2025
Vietnam Airlines,2.253.744 VND/khách,13:20,30 thg 4,30 thg 4,15:25,2h 5m,"TP HCM (SGN)
Sân bay Tân Sơn Nhất
Nhà ga 1","Hải Phòng (HPH)
Sân bay quốc tế Cát Bi",Hành lý 1 x 23 kg,Hành lý xách tay 1 x 12 kg,18-04-2025
VietJet Air,2.369.063 VND/khách,04:30,30 thg 4,30 thg 4,06:30,2h 0m,"TP HCM (SGN)
Sân bay Tân Sơn Nhất
Nhà ga 1","Hải Phòng (HPH)
Sân bay quốc tế Cát Bi",Hành lý 0 kg,Hành lý xách tay 7 kg,18-04-2025
VietJet Air,2.571.555 VND/khách,06:15,30 thg 4,30 thg 4,08:15,2h 0m,"TP HCM (SGN)
Sân bay Tân Sơn Nhất
Nhà ga 1","Hải Phòng (HPH)
Sân bay quốc tế Cát Bi",Hành lý 0 kg,Hành lý xách tay 7 kg,18-04-2025
VietJet Air,2.036.895 VND/khách,21:10,30 thg 4,30 thg 4,23:05,1h 55m,"TP HCM (SGN)
Sân bay Tân Sơn Nhất
Nhà ga 1","Hải Phòng (HPH)
Sân bay quốc tế Cát Bi",,,19-04-2025
Vietnam Airlines,2.013.984 VND/khách,20:30,30 thg 4,30 thg 4,22:30,2h 0m,"TP HCM (SGN)
Sân bay Tân Sơn Nhất
Nhà ga 3","Hải Phòng (HPH)
Sân bay quốc tế Cát Bi",,,19-04-2025
VietJet Air,2.036.895 VND/khách,16:10,30 thg 4,30 thg 4,18:10,2h 0m,"TP HCM (SGN)
Sân bay Tân Sơn Nhất
Nhà ga 1","Hải Phòng (HPH)
Sân bay quốc tế Cát Bi",,,19-04-2025
VietJet Air,2.036.895 VND/khách,19:15,30 thg 4,30 thg 4,21:15,2h 0m,"TP HCM (SGN)
Sân bay Tân Sơn Nhất
Nhà ga 1","Hải Phòng (HPH)
Sân bay quốc tế Cát Bi",,,19-04-2025
VietJet Air,2.036.895 VND/khách,20:10,30 thg 4,30 thg 4,22:10,2h 0m,"TP HCM (SGN)
Sân bay Tân Sơn Nhất
Nhà ga 1","Hải Phòng (HPH)
Sân bay quốc tế Cát Bi",,,19-04-2025
Vietnam Airlines,2.247.750 VND/khách,17:55,30 thg 4,30 thg 4,19:55,2h 0m,"TP HCM (SGN)
Sân bay Tân Sơn Nhất
Nhà ga 3","Hải Phòng (HPH)
Sân bay quốc tế Cát Bi",,,19-04-2025
Vietnam Airlines,2.247.750 VND/khách,13:20,30 thg 4,30 thg 4,15:25,2h 5m,"TP HCM (SGN)
Sân bay Tân Sơn Nhất
Nhà ga 3","Hải Phòng (HPH)
Sân bay quốc tế Cát Bi",,,19-04-2025
VietJet Air,2.581.530 VND/khách,04:30,30 thg 4,30 thg 4,06:30,2h 0m,"TP HCM (SGN)
Sân bay Tân Sơn Nhất
Nhà ga 1","Hải Phòng (HPH)
Sân bay quốc tế Cát Bi",,,19-04-2025
VietJet Air,2.581.530 VND/khách,06:15,30 thg 4,30 thg 4,08:15,2h 0m,"TP HCM (SGN)
Sân bay Tân Sơn Nhất
Nhà ga 1","Hải Phòng (HPH)
Sân bay quốc tế Cát Bi",,,19-04-2025
VietJet Air,2.031.908 VND/khách,21:10,30 thg 4,30 thg 4,23:05,1h 55m,"TP HCM (SGN)
Sân bay Tân Sơn Nhất
Nhà ga 1","Hải Phòng (HPH)
Sân bay quốc tế Cát Bi",Hành lý 0 kg,Hành lý xách tay 7 kg,20-04-2025
Vietnam Airlines,2.000.997 VND/khách,20:30,30 thg 4,30 thg 4,22:30,2h 0m,"TP HCM (SGN)
Sân bay Tân Sơn Nhất","Hải Phòng (HPH)
Sân bay quốc tế Cát Bi",Hành lý 1 x 23 kg,Hành lý xách tay 1 x 12 kg,20-04-2025
VietJet Air,2.031.908 VND/khách,16:10,30 thg 4,30 thg 4,18:10,2h 0m,"TP HCM (SGN)
Sân bay Tân Sơn Nhất
Nhà ga 1","Hải Phòng (HPH)
Sân bay quốc tế Cát Bi",Hành lý 0 kg,Hành lý xách tay 7 kg,20-04-2025
VietJet Air,2.031.908 VND/khách,20:10,30 thg 4,30 thg 4,22:10,2h 0m,"TP HCM (SGN)
Sân bay Tân Sơn Nhất
Nhà ga 1","Hải Phòng (HPH)
Sân bay quốc tế Cát Bi",Hành lý 0 kg,Hành lý xách tay 7 kg,20-04-2025
VietJet Air,2.202.480 VND/khách,19:15,30 thg 4,30 thg 4,21:15,2h 0m,"TP HCM (SGN)
Sân bay Tân Sơn Nhất
Nhà ga 1","Hải Phòng (HPH)
Sân bay quốc tế Cát Bi",Hành lý 0 kg,Hành lý xách tay 7 kg,20-04-2025
Vietnam Airlines,2.235.762 VND/khách,17:55,30 thg 4,30 thg 4,19:55,2h 0m,"TP HCM (SGN)
Sân bay Tân Sơn Nhất","Hải Phòng (HPH)
Sân bay quốc tế Cát Bi",Hành lý 1 x 23 kg,Hành lý xách tay 1 x 12 kg,20-04-2025
Vietnam Airlines,2.469.528 VND/khách,13:20,30 thg 4,30 thg 4,15:25,2h 5m,"TP HCM (SGN)
Sân bay Tân Sơn Nhất","Hải Phòng (HPH)
Sân bay quốc tế Cát Bi",Hành lý 1 x 23 kg,Hành lý xách tay 1 x 12 kg,20-04-2025
VietJet Air,2.577.540 VND/khách,04:30,30 thg 4,30 thg 4,06:30,2h 0m,"TP HCM (SGN)
Sân bay Tân Sơn Nhất
Nhà ga 1","Hải Phòng (HPH)
Sân bay quốc tế Cát Bi",Hành lý 0 kg,Hành lý xách tay 7 kg,20-04-2025
VietJet Air,2.577.540 VND/khách,06:15,30 thg 4,30 thg 4,08:15,2h 0m,"TP HCM (SGN)
Sân bay Tân Sơn Nhất
Nhà ga 1","Hải Phòng (HPH)
Sân bay quốc tế Cát Bi",Hành lý 0 kg,Hành lý xách tay 7 kg,20-04-2025
VietJet Air,2.031.908 VND/khách,21:10,30 thg 4,30 thg 4,23:05,1h 55m,"TP HCM (SGN)
Sân bay Tân Sơn Nhất
Nhà ga 1","Hải Phòng (HPH)
Sân bay quốc tế Cát Bi",Hành lý 0 kg,Hành lý xách tay 7 kg,21-04-2025
Vietnam Airlines,2.000.997 VND/khách,20:30,30 thg 4,30 thg 4,22:30,2h 0m,"TP HCM (SGN)
Sân bay Tân Sơn Nhất","Hải Phòng (HPH)
Sân bay quốc tế Cát Bi",Hành lý 1 x 23 kg,Hành lý xách tay 1 x 12 kg,21-04-2025
VietJet Air,2.031.908 VND/khách,16:10,30 thg 4,30 thg 4,18:10,2h 0m,"TP HCM (SGN)
Sân bay Tân Sơn Nhất
Nhà ga 1","Hải Phòng (HPH)
Sân bay quốc tế Cát Bi",Hành lý 0 kg,Hành lý xách tay 7 kg,21-04-2025
VietJet Air,2.031.908 VND/khách,20:10,30 thg 4,30 thg 4,22:10,2h 0m,"TP HCM (SGN)
Sân bay Tân Sơn Nhất
Nhà ga 1","Hải Phòng (HPH)
Sân bay quốc tế Cát Bi",Hành lý 0 kg,Hành lý xách tay 7 kg,21-04-2025
VietJet Air,2.202.480 VND/khách,19:15,30 thg 4,30 thg 4,21:15,2h 0m,"TP HCM (SGN)
Sân bay Tân Sơn Nhất
Nhà ga 1","Hải Phòng (HPH)
Sân bay quốc tế Cát Bi",Hành lý 0 kg,Hành lý xách tay 7 kg,21-04-2025
Vietnam Airlines,2.235.762 VND/khách,17:55,30 thg 4,30 thg 4,19:55,2h 0m,"TP HCM (SGN)
Sân bay Tân Sơn Nhất","Hải Phòng (HPH)
Sân bay quốc tế Cát Bi",Hành lý 1 x 23 kg,Hành lý xách tay 1 x 12 kg,21-04-2025
Vietnam Airlines,2.469.528 VND/khách,13:20,30 thg 4,30 thg 4,15:25,2h 5m,"TP HCM (SGN)
Sân bay Tân Sơn Nhất","Hải Phòng (HPH)
Sân bay quốc tế Cát Bi",Hành lý 1 x 23 kg,Hành lý xách tay 1 x 12 kg,21-04-2025
VietJet Air,2.577.540 VND/khách,04:30,30 thg 4,30 thg 4,06:30,2h 0m,"TP HCM (SGN)
Sân bay Tân Sơn Nhất
Nhà ga 1","Hải Phòng (HPH)
Sân bay quốc tế Cát Bi",Hành lý 0 kg,Hành lý xách tay 7 kg,21-04-2025
VietJet Air,2.577.540 VND/khách,06:15,30 thg 4,30 thg 4,08:15,2h 0m,"TP HCM (SGN)
Sân bay Tân Sơn Nhất
Nhà ga 1","Hải Phòng (HPH)
Sân bay quốc tế Cát Bi",Hành lý 0 kg,Hành lý xách tay 7 kg,21-04-2025
VietJet Air,2.038.890 VND/khách,21:10,30 thg 4,30 thg 4,23:05,1h 55m,"TP HCM (SGN)
Sân bay Tân Sơn Nhất
Nhà ga 1","Hải Phòng (HPH)
Sân bay quốc tế Cát Bi",Hành lý 0 kg,Hành lý xách tay 7 kg,22-04-2025
VietJet Air,2.038.890 VND/khách,20:10,30 thg 4,30 thg 4,22:10,2h 0m,"TP HCM (SGN)
Sân bay Tân Sơn Nhất
Nhà ga 1","Hải Phòng (HPH)
Sân bay quốc tế Cát Bi",Hành lý 0 kg,Hành lý xách tay 7 kg,22-04-2025
VietJet Air,2.209.463 VND/khách,16:10,30 thg 4,30 thg 4,18:10,2h 0m,"TP HCM (SGN)
Sân bay Tân Sơn Nhất
Nhà ga 1","Hải Phòng (HPH)
Sân bay quốc tế Cát Bi",Hành lý 0 kg,Hành lý xách tay 7 kg,22-04-2025
Vietnam Airlines,2.227.770 VND/khách,20:30,30 thg 4,30 thg 4,22:30,2h 0m,"TP HCM (SGN)
Sân bay Tân Sơn Nhất","Hải Phòng (HPH)
Sân bay quốc tế Cát Bi",Hành lý 23 kg,Hành lý xách tay 1 x 12 kg,22-04-2025
Vietnam Airlines,2.495.502 VND/khách,17:55,30 thg 4,30 thg 4,19:55,2h 0m,"TP HCM (SGN)
Sân bay Tân Sơn Nhất","Hải Phòng (HPH)
Sân bay quốc tế Cát Bi",Hành lý 23 kg,Hành lý xách tay 1 x 12 kg,22-04-2025
VietJet Air,2.584.523 VND/khách,19:15,30 thg 4,30 thg 4,21:15,2h 0m,"TP HCM (SGN)
Sân bay Tân Sơn Nhất
Nhà ga 1","Hải Phòng (HPH)
Sân bay quốc tế Cát Bi",Hành lý 0 kg,Hành lý xách tay 7 kg,22-04-2025
Vietnam Airlines,2.700.297 VND/khách,13:20,30 thg 4,30 thg 4,15:25,2h 5m,"TP HCM (SGN)
Sân bay Tân Sơn Nhất
Nhà ga 1","Hải Phòng (HPH)
Sân bay quốc tế Cát Bi",Hành lý 23 kg,Hành lý xách tay 1 x 12 kg,22-04-2025
VietJet Air,2.814.945 VND/khách,06:15,30 thg 4,30 thg 4,08:15,2h 0m,"TP HCM (SGN)
Sân bay Tân Sơn Nhất
Nhà ga 1","Hải Phòng (HPH)
Sân bay quốc tế Cát Bi",Hành lý 0 kg,Hành lý xách tay 7 kg,22-04-2025
VietJet Air,2.814.945 VND/khách,11:35,30 thg 4,30 thg 4,13:35,2h 0m,"TP HCM (SGN)
Sân bay Tân Sơn Nhất
Nhà ga 1","Hải Phòng (HPH)
Sân bay quốc tế Cát Bi",Hành lý 0 kg,Hành lý xách tay 7 kg,22-04-2025
VietJet Air,3.419.430 VND/khách,04:30,30 thg 4,30 thg 4,06:30,2h 0m,"TP HCM (SGN)
Sân bay Tân Sơn Nhất
Nhà ga 1","Hải Phòng (HPH)
Sân bay quốc tế Cát Bi",Hành lý 0 kg,Hành lý xách tay 7 kg,22-04-2025
VietJet Air,2.040.885 VND/khách,21:10,30 thg 4,30 thg 4,23:05,1h 55m,"TP HCM (SGN)
Sân bay Tân Sơn Nhất
Nhà ga 1","Hải Phòng (HPH)
Sân bay quốc tế Cát Bi",Hành lý 0 kg,Hành lý xách tay 7 kg,23-04-2025
VietJet Air,2.040.885 VND/khách,20:10,30 thg 4,30 thg 4,22:10,2h 0m,"TP HCM (SGN)
Sân bay Tân Sơn Nhất
Nhà ga 1","Hải Phòng (HPH)
Sân bay quốc tế Cát Bi",Hành lý 0 kg,Hành lý xách tay 7 kg,23-04-2025
VietJet Air,2.211.458 VND/khách,16:10,30 thg 4,30 thg 4,18:10,2h 0m,"TP HCM (SGN)
Sân bay Tân Sơn Nhất
Nhà ga 1","Hải Phòng (HPH)
Sân bay quốc tế Cát Bi",Hành lý 0 kg,Hành lý xách tay 7 kg,23-04-2025
Vietnam Airlines,2.229.768 VND/khách,20:30,30 thg 4,30 thg 4,22:30,2h 0m,"TP HCM (SGN)
Sân bay Tân Sơn Nhất","Hải Phòng (HPH)
Sân bay quốc tế Cát Bi",Hành lý 23 kg,Hành lý xách tay 1 x 12 kg,23-04-2025
Vietnam Airlines,2.483.514 VND/khách,17:55,30 thg 4,30 thg 4,19:55,2h 0m,"TP HCM (SGN)
Sân bay Tân Sơn Nhất","Hải Phòng (HPH)
Sân bay quốc tế Cát Bi",Hành lý 23 kg,Hành lý xách tay 1 x 12 kg,23-04-2025
VietJet Air,2.817.938 VND/khách,19:15,30 thg 4,30 thg 4,21:15,2h 0m,"TP HCM (SGN)
Sân bay Tân Sơn Nhất
Nhà ga 1","Hải Phòng (HPH)
Sân bay quốc tế Cát Bi",Hành lý 0 kg,Hành lý xách tay 7 kg,23-04-2025
Vietnam Airlines,2.908.089 VND/khách,13:20,30 thg 4,30 thg 4,15:25,2h 5m,"TP HCM (SGN)
Sân bay Tân Sơn Nhất
Nhà ga 1","Hải Phòng (HPH)
Sân bay quốc tế Cát Bi",Hành lý 23 kg,Hành lý xách tay 1 x 12 kg,23-04-2025
VietJet Air,2.988.510 VND/khách,06:15,30 thg 4,30 thg 4,08:15,2h 0m,"TP HCM (SGN)
Sân bay Tân Sơn Nhất
Nhà ga 1","Hải Phòng (HPH)
Sân bay quốc tế Cát Bi",Hành lý 0 kg,Hành lý xách tay 7 kg,23-04-2025
VietJet Air,2.988.510 VND/khách,11:35,30 thg 4,30 thg 4,13:35,2h 0m,"TP HCM (SGN)
Sân bay Tân Sơn Nhất
Nhà ga 1","Hải Phòng (HPH)
Sân bay quốc tế Cát Bi",Hành lý 0 kg,Hành lý xách tay 7 kg,23-04-2025
VietJet Air,3.675.788 VND/khách,04:30,30 thg 4,30 thg 4,06:30,2h 0m,"TP HCM (SGN)
Sân bay Tân Sơn Nhất
Nhà ga 1","Hải Phòng (HPH)
Sân bay quốc tế Cát Bi",Hành lý 0 kg,Hành lý xách tay 7 kg,23-04-2025
VietJet Air,1.873.305 VND/khách,21:10,30 thg 4,30 thg 4,23:05,1h 55m,"TP HCM (SGN)
Sân bay Tân Sơn Nhất
Nhà ga 1","Hải Phòng (HPH)
Sân bay quốc tế Cát Bi",,,24-04-2025
VietJet Air,1.873.305 VND/khách,20:10,30 thg 4,30 thg 4,22:10,2h 0m,"TP HCM (SGN)
Sân bay Tân Sơn Nhất
Nhà ga 1","Hải Phòng (HPH)
Sân bay quốc tế Cát Bi",,,24-04-2025
VietJet Air,2.392.005 VND/khách,16:10,30 thg 4,30 thg 4,18:10,2h 0m,"TP HCM (SGN)
Sân bay Tân Sơn Nhất
Nhà ga 1","Hải Phòng (HPH)
Sân bay quốc tế Cát Bi",,,24-04-2025
Vietnam Airlines,2.488.509 VND/khách,20:30,30 thg 4,30 thg 4,22:30,2h 0m,"TP HCM (SGN)
Sân bay Tân Sơn Nhất
Nhà ga T3","Hải Phòng (HPH)
Sân bay quốc tế Cát Bi",,,24-04-2025
Vietnam Airlines,2.705.292 VND/khách,17:55,30 thg 4,30 thg 4,19:55,2h 0m,"TP HCM (SGN)
Sân bay Tân Sơn Nhất
Nhà ga T3","Hải Phòng (HPH)
Sân bay quốc tế Cát Bi",,,24-04-2025
VietJet Air,2.823.923 VND/khách,19:15,30 thg 4,30 thg 4,21:15,2h 0m,"TP HCM (SGN)
Sân bay Tân Sơn Nhất
Nhà ga 1","Hải Phòng (HPH)
Sân bay quốc tế Cát Bi",,,24-04-2025
Vietnam Airlines,2.914.083 VND/khách,13:20,30 thg 4,30 thg 4,15:25,2h 5m,"TP HCM (SGN)
Sân bay Tân Sơn Nhất
Nhà ga 1","Hải Phòng (HPH)
Sân bay quốc tế Cát Bi",,,24-04-2025
VietJet Air,2.995.493 VND/khách,06:15,30 thg 4,30 thg 4,08:15,2h 0m,"TP HCM (SGN)
Sân bay Tân Sơn Nhất
Nhà ga 1","Hải Phòng (HPH)
Sân bay quốc tế Cát Bi",,,24-04-2025
VietJet Air,2.995.493 VND/khách,11:35,30 thg 4,30 thg 4,13:35,2h 0m,"TP HCM (SGN)
Sân bay Tân Sơn Nhất
Nhà ga 1","Hải Phòng (HPH)
Sân bay quốc tế Cát Bi",,,24-04-2025
Vietnam Airlines,3.413.583 VND/khách,07:45,30 thg 4,30 thg 4,09:45,2h 0m,"TP HCM (SGN)
Sân bay Tân Sơn Nhất
Nhà ga T3","Hải Phòng (HPH)
Sân bay quốc tế Cát Bi",,,24-04-2025
VietJet Air,3.684.765 VND/khách,04:30,30 thg 4,30 thg 4,06:30,2h 0m,"TP HCM (SGN)
Sân bay Tân Sơn Nhất
Nhà ga 1","Hải Phòng (HPH)
Sân bay quốc tế Cát Bi",,,24-04-2025
VietJet Air,1.858.343 VND/khách,21:10,30 thg 4,30 thg 4,23:05,1h 55m,"TP HCM (SGN)
Sân bay Tân Sơn Nhất
Nhà ga 1","Hải Phòng (HPH)
Sân bay quốc tế Cát Bi",Hành lý 0 kg,Hành lý xách tay 7 kg,25-04-2025
VietJet Air,1.858.343 VND/khách,20:10,30 thg 4,30 thg 4,22:10,2h 0m,"TP HCM (SGN)
Sân bay Tân Sơn Nhất
Nhà ga 1","Hải Phòng (HPH)
Sân bay quốc tế Cát Bi",Hành lý 0 kg,Hành lý xách tay 7 kg,25-04-2025
VietJet Air,2.383.028 VND/khách,16:10,30 thg 4,30 thg 4,18:10,2h 0m,"TP HCM (SGN)
Sân bay Tân Sơn Nhất
Nhà ga 1","Hải Phòng (HPH)
Sân bay quốc tế Cát Bi",Hành lý 0 kg,Hành lý xách tay 7 kg,25-04-2025
VietJet Air,2.816.940 VND/khách,19:15,30 thg 4,30 thg 4,21:15,2h 0m,"TP HCM (SGN)
Sân bay Tân Sơn Nhất
Nhà ga 1","Hải Phòng (HPH)
Sân bay quốc tế Cát Bi",Hành lý 0 kg,Hành lý xách tay 7 kg,25-04-2025
VietJet Air,2.991.503 VND/khách,06:15,30 thg 4,30 thg 4,08:15,2h 0m,"TP HCM (SGN)
Sân bay Tân Sơn Nhất
Nhà ga 1","Hải Phòng (HPH)
Sân bay quốc tế Cát Bi",Hành lý 0 kg,Hành lý xách tay 7 kg,25-04-2025
VietJet Air,2.991.503 VND/khách,11:35,30 thg 4,30 thg 4,13:35,2h 0m,"TP HCM (SGN)
Sân bay Tân Sơn Nhất
Nhà ga 1","Hải Phòng (HPH)
Sân bay quốc tế Cát Bi",Hành lý 0 kg,Hành lý xách tay 7 kg,25-04-2025
VietJet Air,3.684.765 VND/khách,04:30,30 thg 4,30 thg 4,06:30,2h 0m,"TP HCM (SGN)
Sân bay Tân Sơn Nhất
Nhà ga 1","Hải Phòng (HPH)
Sân bay quốc tế Cát Bi",Hành lý 0 kg,Hành lý xách tay 7 kg,25-04-2025
VietJet Air,1.857.345 VND/khách,21:10,30 thg 4,30 thg 4,23:05,1h 55m,"TP HCM (SGN)
Sân bay Tân Sơn Nhất
Nhà ga 1","Hải Phòng (HPH)
Sân bay quốc tế Cát Bi",Hành lý 0 kg,Hành lý xách tay 7 kg,26-04-2025
VietJet Air,1.857.345 VND/khách,20:10,30 thg 4,30 thg 4,22:10,2h 0m,"TP HCM (SGN)
Sân bay Tân Sơn Nhất
Nhà ga 1","Hải Phòng (HPH)
Sân bay quốc tế Cát Bi",Hành lý 0 kg,Hành lý xách tay 7 kg,26-04-2025
Vietnam Airlines,2.238.759 VND/khách,16:20,30 thg 4,30 thg 4,18:25,2h 5m,"TP HCM (SGN)
Sân bay Tân Sơn Nhất
Nhà ga 1","Hải Phòng (HPH)
Sân bay quốc tế Cát Bi",Hành lý 1 x 23 kg,Hành lý xách tay 1 x 12 kg,26-04-2025
VietJet Air,2.368.065 VND/khách,16:10,30 thg 4,30 thg 4,18:10,2h 0m,"TP HCM (SGN)
Sân bay Tân Sơn Nhất
Nhà ga 1","Hải Phòng (HPH)
Sân bay quốc tế Cát Bi",Hành lý 0 kg,Hành lý xách tay 7 kg,26-04-2025
Vietnam Airlines,2.704.293 VND/khách,20:30,30 thg 4,30 thg 4,22:30,2h 0m,"TP HCM (SGN)
Sân bay Tân Sơn Nhất
Nhà ga T3","Hải Phòng (HPH)
Sân bay quốc tế Cát Bi",Hành lý 1 x 23 kg,Hành lý xách tay 1 x 12 kg,26-04-2025
VietJet Air,2.796.990 VND/khách,19:15,30 thg 4,30 thg 4,21:15,2h 0m,"TP HCM (SGN)
Sân bay Tân Sơn Nhất
Nhà ga 1","Hải Phòng (HPH)
Sân bay quốc tế Cát Bi",Hành lý 0 kg,Hành lý xách tay 7 kg,26-04-2025
Vietnam Airlines,2.910.087 VND/khách,17:55,30 thg 4,30 thg 4,19:55,2h 0m,"TP HCM (SGN)
Sân bay Tân Sơn Nhất
Nhà ga T3","Hải Phòng (HPH)
Sân bay quốc tế Cát Bi",Hành lý 1 x 23 kg,Hành lý xách tay 1 x 12 kg,26-04-2025
VietJet Air,2.972.550 VND/khách,06:15,30 thg 4,30 thg 4,08:15,2h 0m,"TP HCM (SGN)
Sân bay Tân Sơn Nhất
Nhà ga 1","Hải Phòng (HPH)
Sân bay quốc tế Cát Bi",Hành lý 0 kg,Hành lý xách tay 7 kg,26-04-2025
VietJet Air,2.972.550 VND/khách,11:35,30 thg 4,30 thg 4,13:35,2h 0m,"TP HCM (SGN)
Sân bay Tân Sơn Nhất
Nhà ga 1","Hải Phòng (HPH)
Sân bay quốc tế Cát Bi",Hành lý 0 kg,Hành lý xách tay 7 kg,26-04-2025
VietJet Air,3.651.848 VND/khách,04:30,30 thg 4,30 thg 4,06:30,2h 0m,"TP HCM (SGN)
Sân bay Tân Sơn Nhất
Nhà ga 1","Hải Phòng (HPH)
Sân bay quốc tế Cát Bi",Hành lý 0 kg,Hành lý xách tay 7 kg,26-04-2025
Vietnam Airlines,3.896.100 VND/khách,07:45,30 thg 4,30 thg 4,09:45,2h 0m,"TP HCM (SGN)
Sân bay Tân Sơn Nhất
Nhà ga T3","Hải Phòng (HPH)
Sân bay quốc tế Cát Bi",Hành lý 1 x 23 kg,Hành lý xách tay 1 x 12 kg,26-04-2025
VietJet Air,2.013.953 VND/khách,21:10,30 thg 4,30 thg 4,23:05,1h 55m,"TP HCM (SGN)
Sân bay Tân Sơn Nhất
Nhà ga 1","Hải Phòng (HPH)
Sân bay quốc tế Cát Bi",Hành lý 0 kg,Hành lý xách tay 7 kg,27-04-2025
VietJet Air,2.013.953 VND/khách,20:10,30 thg 4,30 thg 4,22:10,2h 0m,"TP HCM (SGN)
Sân bay Tân Sơn Nhất
Nhà ga 1","Hải Phòng (HPH)
Sân bay quốc tế Cát Bi",Hành lý 0 kg,Hành lý xách tay 7 kg,27-04-2025
VietJet Air,2.558.588 VND/khách,16:10,30 thg 4,30 thg 4,18:10,2h 0m,"TP HCM (SGN)
Sân bay Tân Sơn Nhất
Nhà ga 1","Hải Phòng (HPH)
Sân bay quốc tế Cát Bi",Hành lý 0 kg,Hành lý xách tay 7 kg,27-04-2025
VietJet Air,2.785.020 VND/khách,19:15,30 thg 4,30 thg 4,21:15,2h 0m,"TP HCM (SGN)
Sân bay Tân Sơn Nhất
Nhà ga 1","Hải Phòng (HPH)
Sân bay quốc tế Cát Bi",Hành lý 0 kg,Hành lý xách tay 7 kg,27-04-2025
Vietnam Airlines,2.887.208 VND/khách,17:55,30 thg 4,30 thg 4,19:55,2h 0m,"TP HCM (SGN)
Sân bay Tân Sơn Nhất","Hải Phòng (HPH)
Sân bay quốc tế Cát Bi",Hành lý 1 x 23 kg,Hành lý xách tay 1 x 12 kg,27-04-2025
Vietnam Airlines,2.887.208 VND/khách,20:30,30 thg 4,30 thg 4,22:30,2h 0m,"TP HCM (SGN)
Sân bay Tân Sơn Nhất","Hải Phòng (HPH)
Sân bay quốc tế Cát Bi",Hành lý 1 x 23 kg,Hành lý xách tay 1 x 12 kg,27-04-2025
Vietnam Airlines,2.887.208 VND/khách,16:20,30 thg 4,30 thg 4,18:25,2h 5m,"TP HCM (SGN)
Sân bay Tân Sơn Nhất
Nhà ga 1","Hải Phòng (HPH)
Sân bay quốc tế Cát Bi",Hành lý 1 x 23 kg,Hành lý xách tay 1 x 12 kg,27-04-2025
VietJet Air,2.959.583 VND/khách,06:15,30 thg 4,30 thg 4,08:15,2h 0m,"TP HCM (SGN)
Sân bay Tân Sơn Nhất
Nhà ga 1","Hải Phòng (HPH)
Sân bay quốc tế Cát Bi",Hành lý 0 kg,Hành lý xách tay 7 kg,27-04-2025
VietJet Air,2.959.583 VND/khách,11:35,30 thg 4,30 thg 4,13:35,2h 0m,"TP HCM (SGN)
Sân bay Tân Sơn Nhất
Nhà ga 1","Hải Phòng (HPH)
Sân bay quốc tế Cát Bi",Hành lý 0 kg,Hành lý xách tay 7 kg,27-04-2025
VietJet Air,3.765.442 VND/khách,04:30,30 thg 4,30 thg 4,06:30,2h 0m,"TP HCM (SGN)
Sân bay Tân Sơn Nhất
Nhà ga 1","Hải Phòng (HPH)
Sân bay quốc tế Cát Bi",Hành lý 0 kg,Hành lý xách tay 7 kg,27-04-2025
VietJet Air,2.065.823 VND/khách,21:10,30 thg 4,30 thg 4,23:05,1h 55m,"TP HCM (SGN)
Sân bay Tân Sơn Nhất
Nhà ga 1","Hải Phòng (HPH)
Sân bay quốc tế Cát Bi",Hành lý 0 kg,Hành lý xách tay 7 kg,28-04-2025
VietJet Air,2.178.540 VND/khách,20:10,30 thg 4,30 thg 4,22:10,2h 0m,"TP HCM (SGN)
Sân bay Tân Sơn Nhất
Nhà ga 1","Hải Phòng (HPH)
Sân bay quốc tế Cát Bi",Hành lý 0 kg,Hành lý xách tay 7 kg,28-04-2025
VietJet Air,2.553.600 VND/khách,16:10,30 thg 4,30 thg 4,18:10,2h 0m,"TP HCM (SGN)
Sân bay Tân Sơn Nhất
Nhà ga 1","Hải Phòng (HPH)
Sân bay quốc tế Cát Bi",Hành lý 0 kg,Hành lý xách tay 7 kg,28-04-2025
VietJet Air,2.783.025 VND/khách,19:30,30 thg 4,30 thg 4,21:30,2h 0m,"TP HCM (SGN)
Sân bay Tân Sơn Nhất
Nhà ga 1","Hải Phòng (HPH)
Sân bay quốc tế Cát Bi",Hành lý 0 kg,Hành lý xách tay 7 kg,28-04-2025
Vietnam Airlines,2.880.117 VND/khách,17:55,30 thg 4,30 thg 4,19:55,2h 0m,"TP HCM (SGN)
Sân bay Tân Sơn Nhất","Hải Phòng (HPH)
Sân bay quốc tế Cát Bi",Hành lý 1 x 23 kg,Hành lý xách tay 1 x 12 kg,28-04-2025
VietJet Air,2.957.588 VND/khách,06:15,30 thg 4,30 thg 4,08:15,2h 0m,"TP HCM (SGN)
Sân bay Tân Sơn Nhất
Nhà ga 1","Hải Phòng (HPH)
Sân bay quốc tế Cát Bi",Hành lý 0 kg,Hành lý xách tay 7 kg,28-04-2025
VietJet Air,2.957.588 VND/khách,11:40,30 thg 4,30 thg 4,13:40,2h 0m,"TP HCM (SGN)
Sân bay Tân Sơn Nhất
Nhà ga 1","Hải Phòng (HPH)
Sân bay quốc tế Cát Bi",Hành lý 0 kg,Hành lý xách tay 7 kg,28-04-2025
Vietnam Airlines,3.117.879 VND/khách,16:20,30 thg 4,30 thg 4,18:25,2h 5m,"TP HCM (SGN)
Sân bay Tân Sơn Nhất
Nhà ga 1","Hải Phòng (HPH)
Sân bay quốc tế Cát Bi",Hành lý 1 x 23 kg,Hành lý xách tay 1 x 12 kg,28-04-2025
Vietnam Airlines,3.377.619 VND/khách,20:30,30 thg 4,30 thg 4,22:30,2h 0m,"TP HCM (SGN)
Sân bay Tân Sơn Nhất","Hải Phòng (HPH)
Sân bay quốc tế Cát Bi",Hành lý 1 x 23 kg,Hành lý xách tay 1 x 12 kg,28-04-2025
VietJet Air,3.767.184 VND/khách,04:30,30 thg 4,30 thg 4,06:30,2h 0m,"TP HCM (SGN)
Sân bay Tân Sơn Nhất
Nhà ga 1","Hải Phòng (HPH)
Sân bay quốc tế Cát Bi",Hành lý 0 kg,Hành lý xách tay 7 kg,28-04-2025
VietJet Air,2.418.938 VND/khách,21:10,30 thg 4,30 thg 4,23:05,1h 55m,"TP HCM (SGN)
Sân bay Tân Sơn Nhất
Nhà ga 1","Hải Phòng (HPH)
Sân bay quốc tế Cát Bi",Hành lý 0 kg,Hành lý xách tay 7 kg,29-04-2025
VietJet Air,2.853.848 VND/khách,16:10,30 thg 4,30 thg 4,18:10,2h 0m,"TP HCM (SGN)
Sân bay Tân Sơn Nhất
Nhà ga 1","Hải Phòng (HPH)
Sân bay quốc tế Cát Bi",Hành lý 0 kg,Hành lý xách tay 7 kg,29-04-2025
VietJet Air,2.853.848 VND/khách,19:30,30 thg 4,30 thg 4,21:30,2h 0m,"TP HCM (SGN)
Sân bay Tân Sơn Nhất
Nhà ga 1","Hải Phòng (HPH)
Sân bay quốc tế Cát Bi",Hành lý 0 kg,Hành lý xách tay 7 kg,29-04-2025
Vietnam Airlines,2.927.070 VND/khách,17:45,30 thg 4,30 thg 4,19:50,2h 5m,"TP HCM (SGN)
Sân bay Tân Sơn Nhất
Nhà ga 1","Hải Phòng (HPH)
Sân bay quốc tế Cát Bi",Hành lý 1 x 23 kg,Hành lý xách tay 1 x 12 kg,29-04-2025
VietJet Air,3.028.410 VND/khách,11:40,30 thg 4,30 thg 4,13:40,2h 0m,"TP HCM (SGN)
Sân bay Tân Sơn Nhất
Nhà ga 1","Hải Phòng (HPH)
Sân bay quốc tế Cát Bi",Hành lý 0 kg,Hành lý xách tay 7 kg,29-04-2025
VietJet Air,3.174.045 VND/khách,06:15,30 thg 4,30 thg 4,08:15,2h 0m,"TP HCM (SGN)
Sân bay Tân Sơn Nhất
Nhà ga 1","Hải Phòng (HPH)
Sân bay quốc tế Cát Bi",Hành lý 0 kg,Hành lý xách tay 7 kg,29-04-2025
Vietnam Airlines,3.389.607 VND/khách,20:30,30 thg 4,30 thg 4,22:30,2h 0m,"TP HCM (SGN)
Sân bay Tân Sơn Nhất","Hải Phòng (HPH)
Sân bay quốc tế Cát Bi",Hành lý 1 x 23 kg,Hành lý xách tay 1 x 12 kg,29-04-2025
Vietnam Airlines,3.657.339 VND/khách,17:55,30 thg 4,30 thg 4,19:55,2h 0m,"TP HCM (SGN)
Sân bay Tân Sơn Nhất","Hải Phòng (HPH)
Sân bay quốc tế Cát Bi",Hành lý 1 x 23 kg,Hành lý xách tay 1 x 12 kg,29-04-2025
VietJet Air,3.727.658 VND/khách,05:05,30 thg 4,30 thg 4,07:05,2h 0m,"TP HCM (SGN)
Sân bay Tân Sơn Nhất
Nhà ga 1","Hải Phòng (HPH)
Sân bay quốc tế Cát Bi",Hành lý 0 kg,Hành lý xách tay 7 kg,29-04-2025
VietJet Air,3.815.438 VND/khách,20:10,30 thg 4,30 thg 4,22:10,2h 0m,"TP HCM (SGN)
Sân bay Tân Sơn Nhất
Nhà ga 1","Hải Phòng (HPH)
Sân bay quốc tế Cát Bi",Hành lý 0 kg,Hành lý xách tay 7 kg,29-04-2025
