,id,brand,price,start_time,start_day,end_time,end_day,trip_time,hand_luggage,checked_baggage,crawl_date,destination
0,PQC0002,Bamboo Airways,1.245.267 VND/khách,16:30,2025-05-02,17:30,2025-05-02,1h 0m,Hành lý xách tay 7 kg,Hành lý 0 kg,2025-05-01,PQC
1,PQC0323,Vietravel Airlines,1.224.930 VND/khách,17:25,2025-05-02,18:25,2025-05-02,1h 0m,Hành lý xách tay 7 kg,Hành lý 0 kg,2025-05-01,PQC
2,PQC0292,Vietnam Airlines,1.535.463 VND/khách,17:25,2025-05-02,18:25,2025-05-02,1h 0m,Hành lý xách tay 1 x 12 kg,Hành lý 23 kg,2025-05-01,PQC
3,PQC0109,VietJet Air,1.567.000 VND/khách,15:40,2025-05-02,16:40,2025-05-02,1h 0m,Hành lý xách tay 7 kg,Hành lý 0 kg,2025-05-01,PQC
4,PQC0132,VietJet Air,1.567.000 VND/khách,17:10,2025-05-02,18:15,2025-05-02,1h 5m,Hành lý xách tay 7 kg,Hành lý 0 kg,2025-05-01,PQC
5,PQC0017,VietJet Air,1.635.000 VND/khách,05:55,2025-05-02,06:55,2025-05-02,1h 0m,Hành lý xách tay 7 kg,Hành lý 0 kg,2025-05-01,PQC
6,PQC0182,Vietnam Airlines,1.735.463 VND/khách,05:40,2025-05-02,06:40,2025-05-02,1h 0m,Hành lý xách tay 1 x 12 kg,Hành lý 23 kg,2025-05-01,PQC
7,PQC0305,Vietnam Airlines,1.735.463 VND/khách,20:20,2025-05-02,21:20,2025-05-02,1h 0m,Hành lý xách tay 1 x 12 kg,Hành lý 23 kg,2025-05-01,PQC
8,PQC0042,VietJet Air,1.827.000 VND/khách,09:20,2025-05-02,10:20,2025-05-02,1h 0m,Hành lý xách tay 7 kg,Hành lý 0 kg,2025-05-01,PQC
9,PQC0088,VietJet Air,1.827.000 VND/khách,14:05,2025-05-02,15:05,2025-05-02,1h 0m,Hành lý xách tay 7 kg,Hành lý 0 kg,2025-05-01,PQC
10,PQC0201,Vietnam Airlines,1.827.820 VND/khách,07:00,2025-05-02,08:05,2025-05-02,1h 5m,Hành lý xách tay 1 x 12 kg,Hành lý 23 kg,2025-05-01,PQC
11,PQC0245,Vietnam Airlines,1.979.244 VND/khách,10:30,2025-05-02,11:35,2025-05-02,1h 5m,Hành lý xách tay 1 x 12 kg,Hành lý 23 kg,2025-05-01,PQC
12,PQC0226,Vietnam Airlines,2.040.458 VND/khách,10:25,2025-05-02,11:25,2025-05-02,1h 0m,Hành lý xách tay 1 x 12 kg,Hành lý 23 kg,2025-05-01,PQC
13,PQC0269,Vietnam Airlines,2.040.458 VND/khách,15:05,2025-05-02,16:10,2025-05-02,1h 5m,Hành lý xách tay 1 x 12 kg,Hành lý 23 kg,2025-05-01,PQC
16,PQC0003,Bamboo Airways,869.953 VND/khách,16:30,2025-05-03,17:30,2025-05-03,1h 0m,Hành lý xách tay 7 kg,Hành lý 0 kg,2025-05-01,PQC
17,PQC0324,Vietravel Airlines,1.068.323 VND/khách,17:25,2025-05-03,18:25,2025-05-03,1h 0m,Hành lý xách tay 7 kg,Hành lý 0 kg,2025-05-01,PQC
18,PQC0018,VietJet Air,1.146.000 VND/khách,05:55,2025-05-03,06:55,2025-05-03,1h 0m,Hành lý xách tay 7 kg,Hành lý 0 kg,2025-05-01,PQC
19,PQC0037,VietJet Air,1.146.000 VND/khách,08:25,2025-05-03,09:30,2025-05-03,1h 5m,Hành lý xách tay 7 kg,Hành lý 0 kg,2025-05-01,PQC
20,PQC0133,VietJet Air,1.284.000 VND/khách,17:10,2025-05-03,18:15,2025-05-03,1h 5m,Hành lý xách tay 7 kg,Hành lý 0 kg,2025-05-01,PQC
21,PQC0293,Vietnam Airlines,1.390.608 VND/khách,17:25,2025-05-03,18:25,2025-05-03,1h 0m,Hành lý xách tay 1 x 12 kg,Hành lý 23 kg,2025-05-01,PQC
22,PQC0247,Vietnam Airlines,1.411.137 VND/khách,12:20,2025-05-03,13:25,2025-05-03,1h 5m,Hành lý xách tay 1 x 12 kg,Hành lý 23 kg,2025-05-01,PQC
23,PQC0183,Vietnam Airlines,1.479.519 VND/khách,05:40,2025-05-03,06:40,2025-05-03,1h 0m,Hành lý xách tay 1 x 12 kg,Hành lý 23 kg,2025-05-01,PQC
24,PQC0306,Vietnam Airlines,1.501.497 VND/khách,20:20,2025-05-03,21:20,2025-05-03,1h 0m,Hành lý xách tay 1 x 12 kg,Hành lý 23 kg,2025-05-01,PQC
25,PQC0270,Vietnam Airlines,1.501.497 VND/khách,15:05,2025-05-03,16:10,2025-05-03,1h 5m,Hành lý xách tay 1 x 12 kg,Hành lý 23 kg,2025-05-01,PQC
26,PQC0204,Vietnam Airlines,1.535.463 VND/khách,08:10,2025-05-03,08:55,2025-05-03,45m,Hành lý xách tay 1 x 12 kg,Hành lý 23 kg,2025-05-01,PQC
27,PQC0089,VietJet Air,1.567.000 VND/khách,14:05,2025-05-03,15:05,2025-05-03,1h 0m,Hành lý xách tay 7 kg,Hành lý 0 kg,2025-05-01,PQC
28,PQC0110,VietJet Air,1.567.000 VND/khách,15:40,2025-05-03,16:40,2025-05-03,1h 0m,Hành lý xách tay 7 kg,Hành lý 0 kg,2025-05-01,PQC
29,PQC0043,VietJet Air,1.794.000 VND/khách,09:20,2025-05-03,10:20,2025-05-03,1h 0m,Hành lý xách tay 7 kg,Hành lý 0 kg,2025-05-01,PQC
30,PQC0067,VietJet Air,1.794.000 VND/khách,11:35,2025-05-03,12:35,2025-05-03,1h 0m,Hành lý xách tay 7 kg,Hành lý 0 kg,2025-05-01,PQC
31,PQC0252,Vietnam Airlines,1.886.112 VND/khách,13:05,2025-05-03,14:00,2025-05-03,55m,Hành lý xách tay 1 x 12 kg,Hành lý 23 kg,2025-05-01,PQC
32,PQC0227,Vietnam Airlines,1.920.078 VND/khách,10:25,2025-05-03,11:25,2025-05-03,1h 0m,Hành lý xách tay 1 x 12 kg,Hành lý 23 kg,2025-05-01,PQC
34,PQC0004,Bamboo Airways,1.013.756 VND/khách,16:30,2025-05-04,17:30,2025-05-04,1h 0m,Hành lý xách tay 7 kg,Hành lý 0 kg,2025-05-01,PQC
35,PQC0019,VietJet Air,1.037.000 VND/khách,05:55,2025-05-04,06:55,2025-05-04,1h 0m,Hành lý xách tay 7 kg,Hành lý 0 kg,2025-05-01,PQC
36,PQC0111,VietJet Air,1.146.000 VND/khách,15:40,2025-05-04,16:40,2025-05-04,1h 0m,Hành lý xách tay 7 kg,Hành lý 0 kg,2025-05-01,PQC
37,PQC0134,VietJet Air,1.146.000 VND/khách,17:10,2025-05-04,18:15,2025-05-04,1h 5m,Hành lý xách tay 7 kg,Hành lý 0 kg,2025-05-01,PQC
38,PQC0184,Vietnam Airlines,1.236.762 VND/khách,05:40,2025-05-04,06:40,2025-05-04,1h 0m,Hành lý xách tay 1 x 12 kg,Hành lý 23 kg,2025-05-01,PQC
39,PQC0205,Vietnam Airlines,1.274.724 VND/khách,08:10,2025-05-04,08:55,2025-05-04,45m,Hành lý xách tay 1 x 12 kg,Hành lý 23 kg,2025-05-01,PQC
40,PQC0294,Vietnam Airlines,1.274.724 VND/khách,17:25,2025-05-04,18:25,2025-05-04,1h 0m,Hành lý xách tay 1 x 12 kg,Hành lý 23 kg,2025-05-01,PQC
41,PQC0320,Vietnam Airlines,1.274.724 VND/khách,21:00,2025-05-04,22:00,2025-05-04,1h 0m,Hành lý xách tay 1 x 12 kg,Hành lý 23 kg,2025-05-01,PQC
42,PQC0044,VietJet Air,1.283.000 VND/khách,09:20,2025-05-04,10:20,2025-05-04,1h 0m,Hành lý xách tay 7 kg,Hành lý 0 kg,2025-05-01,PQC
43,PQC0068,VietJet Air,1.283.000 VND/khách,11:35,2025-05-04,12:35,2025-05-04,1h 0m,Hành lý xách tay 7 kg,Hành lý 0 kg,2025-05-01,PQC
44,PQC0090,VietJet Air,1.283.000 VND/khách,14:05,2025-05-04,15:05,2025-05-04,1h 0m,Hành lý xách tay 7 kg,Hành lý 0 kg,2025-05-01,PQC
45,PQC0271,Vietnam Airlines,1.389.609 VND/khách,15:05,2025-05-04,16:10,2025-05-04,1h 5m,Hành lý xách tay 1 x 12 kg,Hành lý 23 kg,2025-05-01,PQC
46,PQC0253,Vietnam Airlines,1.703.295 VND/khách,13:05,2025-05-04,14:00,2025-05-04,55m,Hành lý xách tay 1 x 12 kg,Hành lý 23 kg,2025-05-01,PQC
47,PQC0228,Vietnam Airlines,1.703.295 VND/khách,10:25,2025-05-04,11:25,2025-05-04,1h 0m,Hành lý xách tay 1 x 12 kg,Hành lý 23 kg,2025-05-01,PQC
48,PQC0325,Vietravel Airlines,1.905.225 VND/khách,17:25,2025-05-04,18:25,2025-05-04,1h 0m,Hành lý xách tay 7 kg,Hành lý 0 kg,2025-05-01,PQC
50,PQC0005,Bamboo Airways,782.244 VND/khách,16:30,2025-05-05,17:30,2025-05-05,1h 0m,Hành lý xách tay 7 kg,Hành lý 0 kg,2025-05-01,PQC
51,PQC0326,Vietravel Airlines,767.292 VND/khách,17:25,2025-05-05,18:25,2025-05-05,1h 0m,Hành lý xách tay 7 kg,Hành lý 0 kg,2025-05-01,PQC
52,PQC0135,VietJet Air,817.000 VND/khách,17:10,2025-05-05,18:15,2025-05-05,1h 5m,Hành lý xách tay 7 kg,Hành lý 0 kg,2025-05-01,PQC
53,PQC0170,Vietnam Airlines,1.027.746 VND/khách,05:25,2025-05-05,06:20,2025-05-05,55m,Hành lý xách tay 1 x 12 kg,Hành lý 0 kg,2025-05-01,PQC
54,PQC0020,VietJet Air,1.037.000 VND/khách,05:55,2025-05-05,06:55,2025-05-05,1h 0m,Hành lý xách tay 7 kg,Hành lý 0 kg,2025-05-01,PQC
55,PQC0185,Vietnam Airlines,1.125.873 VND/khách,05:40,2025-05-05,06:40,2025-05-05,1h 0m,Hành lý xách tay 1 x 12 kg,Hành lý 23 kg,2025-05-01,PQC
56,PQC0091,VietJet Air,1.146.000 VND/khách,14:05,2025-05-05,15:05,2025-05-05,1h 0m,Hành lý xách tay 7 kg,Hành lý 0 kg,2025-05-01,PQC
57,PQC0112,VietJet Air,1.146.000 VND/khách,15:40,2025-05-05,16:40,2025-05-05,1h 0m,Hành lý xách tay 7 kg,Hành lý 0 kg,2025-05-01,PQC
58,PQC0308,Vietnam Airlines,1.162.836 VND/khách,20:20,2025-05-05,21:20,2025-05-05,1h 0m,Hành lý xách tay 1 x 12 kg,Hành lý 23 kg,2025-05-01,PQC
59,PQC0272,Vietnam Airlines,1.274.724 VND/khách,15:05,2025-05-05,16:10,2025-05-05,1h 5m,Hành lý xách tay 1 x 12 kg,Hành lý 23 kg,2025-05-01,PQC
60,PQC0045,VietJet Air,1.284.000 VND/khách,09:20,2025-05-05,10:20,2025-05-05,1h 0m,Hành lý xách tay 7 kg,Hành lý 0 kg,2025-05-01,PQC
61,PQC0069,VietJet Air,1.284.000 VND/khách,11:35,2025-05-05,12:35,2025-05-05,1h 0m,Hành lý xách tay 7 kg,Hành lý 0 kg,2025-05-01,PQC
62,PQC0254,Vietnam Airlines,1.389.609 VND/khách,13:05,2025-05-05,14:00,2025-05-05,55m,Hành lý xách tay 1 x 12 kg,Hành lý 23 kg,2025-05-01,PQC
63,PQC0229,Vietnam Airlines,1.535.463 VND/khách,10:25,2025-05-05,11:25,2025-05-05,1h 0m,Hành lý xách tay 1 x 12 kg,Hành lý 23 kg,2025-05-01,PQC
64,PQC0206,Vietnam Airlines,1.774.224 VND/khách,08:10,2025-05-05,08:55,2025-05-05,45m,Hành lý xách tay 1 x 12 kg,Hành lý 23 kg,2025-05-01,PQC
67,PQC0327,Vietravel Airlines,903.059 VND/khách,17:25,2025-05-06,18:25,2025-05-06,1h 0m,Hành lý xách tay 7 kg,Hành lý 0 kg,2025-05-01,PQC
68,PQC0021,VietJet Air,1.037.000 VND/khách,05:55,2025-05-06,06:55,2025-05-06,1h 0m,Hành lý xách tay 7 kg,Hành lý 0 kg,2025-05-01,PQC
69,PQC0113,VietJet Air,1.037.000 VND/khách,15:40,2025-05-06,16:40,2025-05-06,1h 0m,Hành lý xách tay 7 kg,Hành lý 0 kg,2025-05-01,PQC
70,PQC0136,VietJet Air,1.037.000 VND/khách,17:10,2025-05-06,18:15,2025-05-06,1h 5m,Hành lý xách tay 7 kg,Hành lý 0 kg,2025-05-01,PQC
71,PQC0186,Vietnam Airlines,1.129.869 VND/khách,05:40,2025-05-06,06:40,2025-05-06,1h 0m,Hành lý xách tay 1 x 12 kg,Hành lý 23 kg,2025-05-01,PQC
72,PQC0064,VietJet Air,1.146.000 VND/khách,11:30,2025-05-06,12:30,2025-05-06,1h 0m,Hành lý xách tay 7 kg,Hành lý 0 kg,2025-05-01,PQC
73,PQC0070,VietJet Air,1.146.000 VND/khách,11:35,2025-05-06,12:35,2025-05-06,1h 0m,Hành lý xách tay 7 kg,Hành lý 0 kg,2025-05-01,PQC
74,PQC0092,VietJet Air,1.146.000 VND/khách,14:05,2025-05-06,15:05,2025-05-06,1h 0m,Hành lý xách tay 7 kg,Hành lý 0 kg,2025-05-01,PQC
75,PQC0273,Vietnam Airlines,1.270.728 VND/khách,15:05,2025-05-06,16:10,2025-05-06,1h 5m,Hành lý xách tay 1 x 12 kg,Hành lý 23 kg,2025-05-01,PQC
76,PQC0046,VietJet Air,1.284.000 VND/khách,09:20,2025-05-06,10:20,2025-05-06,1h 0m,Hành lý xách tay 7 kg,Hành lý 0 kg,2025-05-01,PQC
77,PQC0207,Vietnam Airlines,1.338.660 VND/khách,08:10,2025-05-06,08:55,2025-05-06,45m,Hành lý xách tay 1 x 12 kg,Hành lý 23 kg,2025-05-01,PQC
78,PQC0230,Vietnam Airlines,1.502.496 VND/khách,10:25,2025-05-06,11:25,2025-05-06,1h 0m,Hành lý xách tay 1 x 12 kg,Hành lý 23 kg,2025-05-01,PQC
79,PQC0255,Vietnam Airlines,1.527.121 VND/khách,13:05,2025-05-06,14:00,2025-05-06,55m,Hành lý xách tay 1 x 12 kg,Hành lý 23 kg,2025-05-01,PQC
83,PQC0006,Bamboo Airways,754.708 VND/khách,16:30,2025-05-07,17:30,2025-05-07,1h 0m,Hành lý xách tay 7 kg,Hành lý 0 kg,2025-05-01,PQC
84,PQC0328,Vietravel Airlines,759.098 VND/khách,17:25,2025-05-07,18:25,2025-05-07,1h 0m,Hành lý xách tay 7 kg,Hành lý 0 kg,2025-05-01,PQC
85,PQC0137,VietJet Air,817.000 VND/khách,17:10,2025-05-07,18:15,2025-05-07,1h 5m,Hành lý xách tay 7 kg,Hành lý 0 kg,2025-05-01,PQC
86,PQC0022,VietJet Air,1.037.000 VND/khách,05:55,2025-05-07,06:55,2025-05-07,1h 0m,Hành lý xách tay 7 kg,Hành lý 0 kg,2025-05-01,PQC
87,PQC0114,VietJet Air,1.037.000 VND/khách,15:40,2025-05-07,16:40,2025-05-07,1h 0m,Hành lý xách tay 7 kg,Hành lý 0 kg,2025-05-01,PQC
88,PQC0187,Vietnam Airlines,1.114.884 VND/khách,05:40,2025-05-07,06:40,2025-05-07,1h 0m,Hành lý xách tay 1 x 12 kg,Hành lý 23 kg,2025-05-01,PQC
89,PQC0093,VietJet Air,1.146.000 VND/khách,14:05,2025-05-07,15:05,2025-05-07,1h 0m,Hành lý xách tay 7 kg,Hành lý 0 kg,2025-05-01,PQC
90,PQC0047,VietJet Air,1.283.000 VND/khách,09:20,2025-05-07,10:20,2025-05-07,1h 0m,Hành lý xách tay 7 kg,Hành lý 0 kg,2025-05-01,PQC
91,PQC0071,VietJet Air,1.283.000 VND/khách,11:35,2025-05-07,12:35,2025-05-07,1h 0m,Hành lý xách tay 7 kg,Hành lý 0 kg,2025-05-01,PQC
92,PQC0208,Vietnam Airlines,1.386.612 VND/khách,08:10,2025-05-07,08:55,2025-05-07,45m,Hành lý xách tay 1 x 12 kg,Hành lý 23 kg,2025-05-01,PQC
93,PQC0231,Vietnam Airlines,1.498.500 VND/khách,10:25,2025-05-07,11:25,2025-05-07,1h 0m,Hành lý xách tay 1 x 12 kg,Hành lý 23 kg,2025-05-01,PQC
94,PQC0274,Vietnam Airlines,1.505.493 VND/khách,15:05,2025-05-07,16:10,2025-05-07,1h 5m,Hành lý xách tay 1 x 12 kg,Hành lý 23 kg,2025-05-01,PQC
95,PQC0256,Vietnam Airlines,1.793.205 VND/khách,13:05,2025-05-07,14:00,2025-05-07,55m,Hành lý xách tay 1 x 12 kg,Hành lý 23 kg,2025-05-01,PQC
98,PQC0329,Vietravel Airlines,967.575 VND/khách,17:25,2025-05-08,18:25,2025-05-08,1h 0m,Hành lý xách tay 7 kg,Hành lý 0 kg,2025-05-01,PQC
99,PQC0023,VietJet Air,1.037.000 VND/khách,05:55,2025-05-08,06:55,2025-05-08,1h 0m,Hành lý xách tay 7 kg,Hành lý 0 kg,2025-05-01,PQC
100,PQC0188,Vietnam Airlines,1.274.724 VND/khách,05:40,2025-05-08,06:40,2025-05-08,1h 0m,Hành lý xách tay 1 x 12 kg,Hành lý 23 kg,2025-05-01,PQC
101,PQC0094,VietJet Air,1.283.000 VND/khách,14:05,2025-05-08,15:05,2025-05-08,1h 0m,Hành lý xách tay 7 kg,Hành lý 0 kg,2025-05-01,PQC
102,PQC0115,VietJet Air,1.283.000 VND/khách,15:40,2025-05-08,16:40,2025-05-08,1h 0m,Hành lý xách tay 7 kg,Hành lý 0 kg,2025-05-01,PQC
103,PQC0038,VietJet Air,1.283.000 VND/khách,08:25,2025-05-08,09:30,2025-05-08,1h 5m,Hành lý xách tay 7 kg,Hành lý 0 kg,2025-05-01,PQC
104,PQC0138,VietJet Air,1.283.000 VND/khách,17:10,2025-05-08,18:15,2025-05-08,1h 5m,Hành lý xách tay 7 kg,Hành lý 0 kg,2025-05-01,PQC
105,PQC0155,VietJet Air,1.283.000 VND/khách,17:40,2025-05-08,18:45,2025-05-08,1h 5m,Hành lý xách tay 7 kg,Hành lý 0 kg,2025-05-01,PQC
106,PQC0275,Vietnam Airlines,1.389.609 VND/khách,15:05,2025-05-08,16:10,2025-05-08,1h 5m,Hành lý xách tay 1 x 12 kg,Hành lý 23 kg,2025-05-01,PQC
107,PQC0048,VietJet Air,1.399.000 VND/khách,09:20,2025-05-08,10:20,2025-05-08,1h 0m,Hành lý xách tay 7 kg,Hành lý 0 kg,2025-05-01,PQC
108,PQC0072,VietJet Air,1.399.000 VND/khách,11:35,2025-05-08,12:35,2025-05-08,1h 0m,Hành lý xách tay 7 kg,Hành lý 0 kg,2025-05-01,PQC
109,PQC0209,Vietnam Airlines,1.535.463 VND/khách,08:10,2025-05-08,08:55,2025-05-08,45m,Hành lý xách tay 1 x 12 kg,Hành lý 23 kg,2025-05-01,PQC
110,PQC0257,Vietnam Airlines,1.535.463 VND/khách,13:05,2025-05-08,14:00,2025-05-08,55m,Hành lý xách tay 1 x 12 kg,Hành lý 23 kg,2025-05-01,PQC
111,PQC0232,Vietnam Airlines,1.535.463 VND/khách,10:25,2025-05-08,11:25,2025-05-08,1h 0m,Hành lý xách tay 1 x 12 kg,Hành lý 23 kg,2025-05-01,PQC
115,PQC0007,Bamboo Airways,1.222.830 VND/khách,16:30,2025-05-09,17:30,2025-05-09,1h 0m,Hành lý xách tay 7 kg,Hành lý 0 kg,2025-05-01,PQC
116,PQC0330,Vietravel Airlines,1.147.125 VND/khách,17:25,2025-05-09,18:25,2025-05-09,1h 0m,Hành lý xách tay 7 kg,Hành lý 0 kg,2025-05-01,PQC
117,PQC0139,VietJet Air,1.283.000 VND/khách,17:10,2025-05-09,18:15,2025-05-09,1h 5m,Hành lý xách tay 7 kg,Hành lý 0 kg,2025-05-01,PQC
118,PQC0024,VietJet Air,1.399.000 VND/khách,05:55,2025-05-09,06:55,2025-05-09,1h 0m,Hành lý xách tay 7 kg,Hành lý 0 kg,2025-05-01,PQC
119,PQC0116,VietJet Air,1.399.000 VND/khách,15:40,2025-05-09,16:40,2025-05-09,1h 0m,Hành lý xách tay 7 kg,Hành lý 0 kg,2025-05-01,PQC
120,PQC0309,Vietnam Airlines,1.479.205 VND/khách,20:20,2025-05-09,21:20,2025-05-09,1h 0m,Hành lý xách tay 1 x 12 kg,Hành lý 23 kg,2025-05-01,PQC
121,PQC0276,Vietnam Airlines,1.535.463 VND/khách,15:05,2025-05-09,16:10,2025-05-09,1h 5m,Hành lý xách tay 1 x 12 kg,Hành lý 23 kg,2025-05-01,PQC
122,PQC0095,VietJet Air,1.567.000 VND/khách,14:05,2025-05-09,15:05,2025-05-09,1h 0m,Hành lý xách tay 7 kg,Hành lý 0 kg,2025-05-01,PQC
123,PQC0049,VietJet Air,1.682.000 VND/khách,09:20,2025-05-09,10:20,2025-05-09,1h 0m,Hành lý xách tay 7 kg,Hành lý 0 kg,2025-05-01,PQC
124,PQC0073,VietJet Air,1.682.000 VND/khách,11:35,2025-05-09,12:35,2025-05-09,1h 0m,Hành lý xách tay 7 kg,Hành lý 0 kg,2025-05-01,PQC
125,PQC0189,Vietnam Airlines,1.736.262 VND/khách,05:40,2025-05-09,06:40,2025-05-09,1h 0m,Hành lý xách tay 1 x 12 kg,Hành lý 23 kg,2025-05-01,PQC
126,PQC0249,Vietnam Airlines,1.736.262 VND/khách,13:00,2025-05-09,14:00,2025-05-09,1h 0m,Hành lý xách tay 1 x 12 kg,Hành lý 23 kg,2025-05-01,PQC
127,PQC0233,Vietnam Airlines,1.860.970 VND/khách,10:25,2025-05-09,11:25,2025-05-09,1h 0m,Hành lý xách tay 1 x 12 kg,Hành lý 23 kg,2025-05-01,PQC
128,PQC0210,Vietnam Airlines,2.004.993 VND/khách,08:10,2025-05-09,08:55,2025-05-09,45m,Hành lý xách tay 1 x 12 kg,Hành lý 23 kg,2025-05-01,PQC
131,PQC0331,Vietravel Airlines,967.575 VND/khách,17:25,2025-05-10,18:25,2025-05-10,1h 0m,Hành lý xách tay 7 kg,Hành lý 0 kg,2025-05-01,PQC
132,PQC0140,VietJet Air,1.146.000 VND/khách,17:10,2025-05-10,18:15,2025-05-10,1h 5m,Hành lý xách tay 7 kg,Hành lý 0 kg,2025-05-01,PQC
133,PQC0025,VietJet Air,1.283.000 VND/khách,05:55,2025-05-10,06:55,2025-05-10,1h 0m,Hành lý xách tay 7 kg,Hành lý 0 kg,2025-05-01,PQC
134,PQC0096,VietJet Air,1.283.000 VND/khách,14:05,2025-05-10,15:05,2025-05-10,1h 0m,Hành lý xách tay 7 kg,Hành lý 0 kg,2025-05-01,PQC
135,PQC0117,VietJet Air,1.283.000 VND/khách,15:40,2025-05-10,16:40,2025-05-10,1h 0m,Hành lý xách tay 7 kg,Hành lý 0 kg,2025-05-01,PQC
136,PQC0074,VietJet Air,1.399.000 VND/khách,11:35,2025-05-10,12:35,2025-05-10,1h 0m,Hành lý xách tay 7 kg,Hành lý 0 kg,2025-05-01,PQC
137,PQC0277,Vietnam Airlines,1.479.205 VND/khách,15:05,2025-05-10,16:10,2025-05-10,1h 5m,Hành lý xách tay 1 x 12 kg,Hành lý 23 kg,2025-05-01,PQC
138,PQC0258,Vietnam Airlines,1.535.463 VND/khách,13:05,2025-05-10,14:00,2025-05-10,55m,Hành lý xách tay 1 x 12 kg,Hành lý 23 kg,2025-05-01,PQC
139,PQC0050,VietJet Air,1.567.000 VND/khách,09:20,2025-05-10,10:20,2025-05-10,1h 0m,Hành lý xách tay 7 kg,Hành lý 0 kg,2025-05-01,PQC
140,PQC0234,Vietnam Airlines,1.860.970 VND/khách,10:25,2025-05-10,11:25,2025-05-10,1h 0m,Hành lý xách tay 1 x 12 kg,Hành lý 23 kg,2025-05-01,PQC
141,PQC0190,Vietnam Airlines,1.917.142 VND/khách,05:40,2025-05-10,06:40,2025-05-10,1h 0m,Hành lý xách tay 1 x 12 kg,Hành lý 23 kg,2025-05-01,PQC
142,PQC0211,Vietnam Airlines,1.976.434 VND/khách,08:10,2025-05-10,08:55,2025-05-10,45m,Hành lý xách tay 1 x 12 kg,Hành lý 23 kg,2025-05-01,PQC
146,PQC0008,Bamboo Airways,829.158 VND/khách,16:30,2025-05-11,17:30,2025-05-11,1h 0m,Hành lý xách tay 7 kg,Hành lý 0 kg,2025-05-01,PQC
147,PQC0332,Vietravel Airlines,767.292 VND/khách,17:25,2025-05-11,18:25,2025-05-11,1h 0m,Hành lý xách tay 7 kg,Hành lý 0 kg,2025-05-01,PQC
148,PQC0118,VietJet Air,814.000 VND/khách,15:40,2025-05-11,16:40,2025-05-11,1h 0m,Hành lý xách tay 7 kg,Hành lý 0 kg,2025-05-01,PQC
149,PQC0141,VietJet Air,814.000 VND/khách,17:10,2025-05-11,18:15,2025-05-11,1h 5m,Hành lý xách tay 7 kg,Hành lý 0 kg,2025-05-01,PQC
150,PQC0026,VietJet Air,1.037.000 VND/khách,05:55,2025-05-11,06:55,2025-05-11,1h 0m,Hành lý xách tay 7 kg,Hành lý 0 kg,2025-05-01,PQC
151,PQC0051,VietJet Air,1.142.000 VND/khách,09:20,2025-05-11,10:20,2025-05-11,1h 0m,Hành lý xách tay 7 kg,Hành lý 0 kg,2025-05-01,PQC
152,PQC0075,VietJet Air,1.142.000 VND/khách,11:35,2025-05-11,12:35,2025-05-11,1h 0m,Hành lý xách tay 7 kg,Hành lý 0 kg,2025-05-01,PQC
153,PQC0097,VietJet Air,1.142.000 VND/khách,14:05,2025-05-11,15:05,2025-05-11,1h 0m,Hành lý xách tay 7 kg,Hành lý 0 kg,2025-05-01,PQC
154,PQC0191,Vietnam Airlines,1.142.171 VND/khách,05:40,2025-05-11,06:40,2025-05-11,1h 0m,Hành lý xách tay 1 x 12 kg,Hành lý 23 kg,2025-05-01,PQC
155,PQC0310,Vietnam Airlines,1.142.171 VND/khách,20:20,2025-05-11,21:20,2025-05-11,1h 0m,Hành lý xách tay 1 x 12 kg,Hành lý 23 kg,2025-05-01,PQC
156,PQC0259,Vietnam Airlines,1.254.516 VND/khách,13:05,2025-05-11,14:00,2025-05-11,55m,Hành lý xách tay 1 x 12 kg,Hành lý 23 kg,2025-05-01,PQC
157,PQC0278,Vietnam Airlines,1.254.516 VND/khách,15:05,2025-05-11,16:10,2025-05-11,1h 5m,Hành lý xách tay 1 x 12 kg,Hành lý 23 kg,2025-05-01,PQC
158,PQC0235,Vietnam Airlines,1.366.860 VND/khách,10:25,2025-05-11,11:25,2025-05-11,1h 0m,Hành lý xách tay 1 x 12 kg,Hành lý 23 kg,2025-05-01,PQC
159,PQC0212,Vietnam Airlines,1.479.205 VND/khách,08:10,2025-05-11,08:55,2025-05-11,45m,Hành lý xách tay 1 x 12 kg,Hành lý 23 kg,2025-05-01,PQC
162,PQC0003,Bamboo Airways,1.245.267 VND/khách,16:30,2025-05-03,17:30,2025-05-03,1h 0m,Hành lý xách tay 7 kg,Hành lý 0 kg,2025-05-02,PQC
163,PQC0324,Vietravel Airlines,1.065.330 VND/khách,17:25,2025-05-03,18:25,2025-05-03,1h 0m,Hành lý xách tay 7 kg,Hành lý 0 kg,2025-05-02,PQC
164,PQC0018,VietJet Air,1.165.000 VND/khách,05:55,2025-05-03,06:55,2025-05-03,1h 0m,Hành lý xách tay 7 kg,Hành lý 0 kg,2025-05-02,PQC
165,PQC0037,VietJet Air,1.165.000 VND/khách,08:25,2025-05-03,09:30,2025-05-03,1h 5m,Hành lý xách tay 7 kg,Hành lý 0 kg,2025-05-02,PQC
166,PQC0133,VietJet Air,1.310.000 VND/khách,17:10,2025-05-03,18:15,2025-05-03,1h 5m,Hành lý xách tay 7 kg,Hành lý 0 kg,2025-05-02,PQC
167,PQC0293,Vietnam Airlines,1.411.137 VND/khách,17:25,2025-05-03,18:25,2025-05-03,1h 0m,Hành lý xách tay 1 x 12 kg,Hành lý 23 kg,2025-05-02,PQC
168,PQC0183,Vietnam Airlines,1.527.121 VND/khách,05:40,2025-05-03,06:40,2025-05-03,1h 0m,Hành lý xách tay 1 x 12 kg,Hành lý 23 kg,2025-05-02,PQC
169,PQC0306,Vietnam Airlines,1.527.121 VND/khách,20:20,2025-05-03,21:20,2025-05-03,1h 0m,Hành lý xách tay 1 x 12 kg,Hành lý 23 kg,2025-05-02,PQC
170,PQC0247,Vietnam Airlines,1.527.121 VND/khách,12:20,2025-05-03,13:25,2025-05-03,1h 5m,Hành lý xách tay 1 x 12 kg,Hành lý 23 kg,2025-05-02,PQC
171,PQC0270,Vietnam Airlines,1.527.121 VND/khách,15:05,2025-05-03,16:10,2025-05-03,1h 5m,Hành lý xách tay 1 x 12 kg,Hành lý 23 kg,2025-05-02,PQC
172,PQC0089,VietJet Air,1.563.000 VND/khách,14:05,2025-05-03,15:05,2025-05-03,1h 0m,Hành lý xách tay 7 kg,Hành lý 0 kg,2025-05-02,PQC
173,PQC0110,VietJet Air,1.563.000 VND/khách,15:40,2025-05-03,16:40,2025-05-03,1h 0m,Hành lý xách tay 7 kg,Hành lý 0 kg,2025-05-02,PQC
174,PQC0204,Vietnam Airlines,1.580.789 VND/khách,08:10,2025-05-03,08:55,2025-05-03,45m,Hành lý xách tay 1 x 12 kg,Hành lý 23 kg,2025-05-02,PQC
175,PQC0043,VietJet Air,1.790.000 VND/khách,09:20,2025-05-03,10:20,2025-05-03,1h 0m,Hành lý xách tay 7 kg,Hành lý 0 kg,2025-05-02,PQC
176,PQC0067,VietJet Air,1.790.000 VND/khách,11:35,2025-05-03,12:35,2025-05-03,1h 0m,Hành lý xách tay 7 kg,Hành lý 0 kg,2025-05-02,PQC
177,PQC0252,Vietnam Airlines,1.921.252 VND/khách,13:05,2025-05-03,14:00,2025-05-03,55m,Hành lý xách tay 1 x 12 kg,Hành lý 23 kg,2025-05-02,PQC
178,PQC0227,Vietnam Airlines,1.979.244 VND/khách,10:25,2025-05-03,11:25,2025-05-03,1h 0m,Hành lý xách tay 1 x 12 kg,Hành lý 23 kg,2025-05-02,PQC
180,PQC0004,Bamboo Airways,1.013.756 VND/khách,16:30,2025-05-04,17:30,2025-05-04,1h 0m,Hành lý xách tay 7 kg,Hành lý 0 kg,2025-05-02,PQC
181,PQC0019,VietJet Air,1.035.000 VND/khách,05:55,2025-05-04,06:55,2025-05-04,1h 0m,Hành lý xách tay 7 kg,Hành lý 0 kg,2025-05-02,PQC
182,PQC0111,VietJet Air,1.143.000 VND/khách,15:40,2025-05-04,16:40,2025-05-04,1h 0m,Hành lý xách tay 7 kg,Hành lý 0 kg,2025-05-02,PQC
183,PQC0134,VietJet Air,1.143.000 VND/khách,17:10,2025-05-04,18:15,2025-05-04,1h 5m,Hành lý xách tay 7 kg,Hành lý 0 kg,2025-05-02,PQC
184,PQC0184,Vietnam Airlines,1.156.842 VND/khách,05:40,2025-05-04,06:40,2025-05-04,1h 0m,Hành lý xách tay 1 x 12 kg,Hành lý 23 kg,2025-05-02,PQC
185,PQC0320,Vietnam Airlines,1.241.757 VND/khách,21:00,2025-05-04,22:00,2025-05-04,1h 0m,Hành lý xách tay 1 x 12 kg,Hành lý 23 kg,2025-05-02,PQC
186,PQC0044,VietJet Air,1.281.000 VND/khách,09:20,2025-05-04,10:20,2025-05-04,1h 0m,Hành lý xách tay 7 kg,Hành lý 0 kg,2025-05-02,PQC
187,PQC0068,VietJet Air,1.281.000 VND/khách,11:35,2025-05-04,12:35,2025-05-04,1h 0m,Hành lý xách tay 7 kg,Hành lý 0 kg,2025-05-02,PQC
188,PQC0090,VietJet Air,1.281.000 VND/khách,14:05,2025-05-04,15:05,2025-05-04,1h 0m,Hành lý xách tay 7 kg,Hành lý 0 kg,2025-05-02,PQC
189,PQC0271,Vietnam Airlines,1.368.630 VND/khách,15:05,2025-05-04,16:10,2025-05-04,1h 5m,Hành lý xách tay 1 x 12 kg,Hành lý 23 kg,2025-05-02,PQC
190,PQC0205,Vietnam Airlines,1.379.619 VND/khách,08:10,2025-05-04,08:55,2025-05-04,45m,Hành lý xách tay 1 x 12 kg,Hành lý 23 kg,2025-05-02,PQC
191,PQC0294,Vietnam Airlines,1.379.619 VND/khách,17:25,2025-05-04,18:25,2025-05-04,1h 0m,Hành lý xách tay 1 x 12 kg,Hành lý 23 kg,2025-05-02,PQC
192,PQC0228,Vietnam Airlines,1.700.298 VND/khách,10:25,2025-05-04,11:25,2025-05-04,1h 0m,Hành lý xách tay 1 x 12 kg,Hành lý 23 kg,2025-05-02,PQC
193,PQC0253,Vietnam Airlines,1.729.269 VND/khách,13:05,2025-05-04,14:00,2025-05-04,55m,Hành lý xách tay 1 x 12 kg,Hành lý 23 kg,2025-05-02,PQC
194,PQC0325,Vietravel Airlines,1.901.235 VND/khách,17:25,2025-05-04,18:25,2025-05-04,1h 0m,Hành lý xách tay 7 kg,Hành lý 0 kg,2025-05-02,PQC
196,PQC0005,Bamboo Airways,869.953 VND/khách,16:30,2025-05-05,17:30,2025-05-05,1h 0m,Hành lý xách tay 7 kg,Hành lý 0 kg,2025-05-02,PQC
197,PQC0326,Vietravel Airlines,812.963 VND/khách,17:25,2025-05-05,18:25,2025-05-05,1h 0m,Hành lý xách tay 7 kg,Hành lý 0 kg,2025-05-02,PQC
198,PQC0170,Vietnam Airlines,1.010.988 VND/khách,05:25,2025-05-05,06:20,2025-05-05,55m,Hành lý xách tay 1 x 12 kg,Hành lý 0 kg,2025-05-02,PQC
199,PQC0020,VietJet Air,1.034.000 VND/khách,05:55,2025-05-05,06:55,2025-05-05,1h 0m,Hành lý xách tay 7 kg,Hành lý 0 kg,2025-05-02,PQC
200,PQC0135,VietJet Air,1.034.000 VND/khách,17:10,2025-05-05,18:15,2025-05-05,1h 5m,Hành lý xách tay 7 kg,Hành lý 0 kg,2025-05-02,PQC
201,PQC0091,VietJet Air,1.142.000 VND/khách,14:05,2025-05-05,15:05,2025-05-05,1h 0m,Hành lý xách tay 7 kg,Hành lý 0 kg,2025-05-02,PQC
202,PQC0112,VietJet Air,1.142.000 VND/khách,15:40,2025-05-05,16:40,2025-05-05,1h 0m,Hành lý xách tay 7 kg,Hành lý 0 kg,2025-05-02,PQC
203,PQC0185,Vietnam Airlines,1.159.839 VND/khách,05:40,2025-05-05,06:40,2025-05-05,1h 0m,Hành lý xách tay 1 x 12 kg,Hành lý 23 kg,2025-05-02,PQC
204,PQC0308,Vietnam Airlines,1.248.750 VND/khách,20:20,2025-05-05,21:20,2025-05-05,1h 0m,Hành lý xách tay 1 x 12 kg,Hành lý 23 kg,2025-05-02,PQC
205,PQC0045,VietJet Air,1.280.000 VND/khách,09:20,2025-05-05,10:20,2025-05-05,1h 0m,Hành lý xách tay 7 kg,Hành lý 0 kg,2025-05-02,PQC
206,PQC0069,VietJet Air,1.280.000 VND/khách,11:35,2025-05-05,12:35,2025-05-05,1h 0m,Hành lý xách tay 7 kg,Hành lý 0 kg,2025-05-02,PQC
207,PQC0272,Vietnam Airlines,1.386.612 VND/khách,15:05,2025-05-05,16:10,2025-05-05,1h 5m,Hành lý xách tay 1 x 12 kg,Hành lý 23 kg,2025-05-02,PQC
208,PQC0254,Vietnam Airlines,1.502.496 VND/khách,13:05,2025-05-05,14:00,2025-05-05,55m,Hành lý xách tay 1 x 12 kg,Hành lý 23 kg,2025-05-02,PQC
209,PQC0229,Vietnam Airlines,1.580.789 VND/khách,10:25,2025-05-05,11:25,2025-05-05,1h 0m,Hành lý xách tay 1 x 12 kg,Hành lý 23 kg,2025-05-02,PQC
210,PQC0206,Vietnam Airlines,1.788.210 VND/khách,08:10,2025-05-05,08:55,2025-05-05,45m,Hành lý xách tay 1 x 12 kg,Hành lý 23 kg,2025-05-02,PQC
213,PQC0327,Vietravel Airlines,875.805 VND/khách,17:25,2025-05-06,18:25,2025-05-06,1h 0m,Hành lý xách tay 7 kg,Hành lý 0 kg,2025-05-02,PQC
214,PQC0021,VietJet Air,1.034.000 VND/khách,05:55,2025-05-06,06:55,2025-05-06,1h 0m,Hành lý xách tay 7 kg,Hành lý 0 kg,2025-05-02,PQC
215,PQC0113,VietJet Air,1.034.000 VND/khách,15:40,2025-05-06,16:40,2025-05-06,1h 0m,Hành lý xách tay 7 kg,Hành lý 0 kg,2025-05-02,PQC
216,PQC0136,VietJet Air,1.034.000 VND/khách,17:10,2025-05-06,18:15,2025-05-06,1h 5m,Hành lý xách tay 7 kg,Hành lý 0 kg,2025-05-02,PQC
217,PQC0186,Vietnam Airlines,1.114.884 VND/khách,05:40,2025-05-06,06:40,2025-05-06,1h 0m,Hành lý xách tay 1 x 12 kg,Hành lý 23 kg,2025-05-02,PQC
218,PQC0064,VietJet Air,1.142.000 VND/khách,11:30,2025-05-06,12:30,2025-05-06,1h 0m,Hành lý xách tay 7 kg,Hành lý 0 kg,2025-05-02,PQC
219,PQC0070,VietJet Air,1.142.000 VND/khách,11:35,2025-05-06,12:35,2025-05-06,1h 0m,Hành lý xách tay 7 kg,Hành lý 0 kg,2025-05-02,PQC
220,PQC0092,VietJet Air,1.142.000 VND/khách,14:05,2025-05-06,15:05,2025-05-06,1h 0m,Hành lý xách tay 7 kg,Hành lý 0 kg,2025-05-02,PQC
221,PQC0273,Vietnam Airlines,1.267.731 VND/khách,15:05,2025-05-06,16:10,2025-05-06,1h 5m,Hành lý xách tay 1 x 12 kg,Hành lý 23 kg,2025-05-02,PQC
222,PQC0046,VietJet Air,1.280.000 VND/khách,09:20,2025-05-06,10:20,2025-05-06,1h 0m,Hành lý xách tay 7 kg,Hành lý 0 kg,2025-05-02,PQC
223,PQC0207,Vietnam Airlines,1.379.619 VND/khách,08:10,2025-05-06,08:55,2025-05-06,45m,Hành lý xách tay 1 x 12 kg,Hành lý 23 kg,2025-05-02,PQC
224,PQC0255,Vietnam Airlines,1.475.523 VND/khách,13:05,2025-05-06,14:00,2025-05-06,55m,Hành lý xách tay 1 x 12 kg,Hành lý 23 kg,2025-05-02,PQC
225,PQC0230,Vietnam Airlines,1.490.508 VND/khách,10:25,2025-05-06,11:25,2025-05-06,1h 0m,Hành lý xách tay 1 x 12 kg,Hành lý 23 kg,2025-05-02,PQC
229,PQC0006,Bamboo Airways,754.708 VND/khách,16:30,2025-05-07,17:30,2025-05-07,1h 0m,Hành lý xách tay 7 kg,Hành lý 0 kg,2025-05-02,PQC
230,PQC0328,Vietravel Airlines,746.130 VND/khách,17:25,2025-05-07,18:25,2025-05-07,1h 0m,Hành lý xách tay 7 kg,Hành lý 0 kg,2025-05-02,PQC
231,PQC0137,VietJet Air,815.000 VND/khách,17:10,2025-05-07,18:15,2025-05-07,1h 5m,Hành lý xách tay 7 kg,Hành lý 0 kg,2025-05-02,PQC
232,PQC0022,VietJet Air,1.034.000 VND/khách,05:55,2025-05-07,06:55,2025-05-07,1h 0m,Hành lý xách tay 7 kg,Hành lý 0 kg,2025-05-02,PQC
233,PQC0114,VietJet Air,1.034.000 VND/khách,15:40,2025-05-07,16:40,2025-05-07,1h 0m,Hành lý xách tay 7 kg,Hành lý 0 kg,2025-05-02,PQC
234,PQC0187,Vietnam Airlines,1.118.880 VND/khách,05:40,2025-05-07,06:40,2025-05-07,1h 0m,Hành lý xách tay 1 x 12 kg,Hành lý 23 kg,2025-05-02,PQC
235,PQC0093,VietJet Air,1.142.000 VND/khách,14:05,2025-05-07,15:05,2025-05-07,1h 0m,Hành lý xách tay 7 kg,Hành lý 0 kg,2025-05-02,PQC
236,PQC0047,VietJet Air,1.280.000 VND/khách,09:20,2025-05-07,10:20,2025-05-07,1h 0m,Hành lý xách tay 7 kg,Hành lý 0 kg,2025-05-02,PQC
237,PQC0071,VietJet Air,1.280.000 VND/khách,11:35,2025-05-07,12:35,2025-05-07,1h 0m,Hành lý xách tay 7 kg,Hành lý 0 kg,2025-05-02,PQC
238,PQC0208,Vietnam Airlines,1.368.630 VND/khách,08:10,2025-05-07,08:55,2025-05-07,45m,Hành lý xách tay 1 x 12 kg,Hành lý 23 kg,2025-05-02,PQC
239,PQC0231,Vietnam Airlines,1.479.519 VND/khách,10:25,2025-05-07,11:25,2025-05-07,1h 0m,Hành lý xách tay 1 x 12 kg,Hành lý 23 kg,2025-05-02,PQC
240,PQC0274,Vietnam Airlines,1.479.519 VND/khách,15:05,2025-05-07,16:10,2025-05-07,1h 5m,Hành lý xách tay 1 x 12 kg,Hành lý 23 kg,2025-05-02,PQC
241,PQC0256,Vietnam Airlines,1.785.213 VND/khách,13:05,2025-05-07,14:00,2025-05-07,55m,Hành lý xách tay 1 x 12 kg,Hành lý 23 kg,2025-05-02,PQC
244,PQC0329,Vietravel Airlines,953.610 VND/khách,17:25,2025-05-08,18:25,2025-05-08,1h 0m,Hành lý xách tay 7 kg,Hành lý 0 kg,2025-05-02,PQC
245,PQC0023,VietJet Air,1.034.000 VND/khách,05:55,2025-05-08,06:55,2025-05-08,1h 0m,Hành lý xách tay 7 kg,Hành lý 0 kg,2025-05-02,PQC
246,PQC0188,Vietnam Airlines,1.267.731 VND/khách,05:40,2025-05-08,06:40,2025-05-08,1h 0m,Hành lý xách tay 1 x 12 kg,Hành lý 23 kg,2025-05-02,PQC
247,PQC0094,VietJet Air,1.280.000 VND/khách,14:05,2025-05-08,15:05,2025-05-08,1h 0m,Hành lý xách tay 7 kg,Hành lý 0 kg,2025-05-02,PQC
248,PQC0115,VietJet Air,1.280.000 VND/khách,15:40,2025-05-08,16:40,2025-05-08,1h 0m,Hành lý xách tay 7 kg,Hành lý 0 kg,2025-05-02,PQC
249,PQC0038,VietJet Air,1.280.000 VND/khách,08:25,2025-05-08,09:30,2025-05-08,1h 5m,Hành lý xách tay 7 kg,Hành lý 0 kg,2025-05-02,PQC
250,PQC0138,VietJet Air,1.280.000 VND/khách,17:10,2025-05-08,18:15,2025-05-08,1h 5m,Hành lý xách tay 7 kg,Hành lý 0 kg,2025-05-02,PQC
251,PQC0155,VietJet Air,1.280.000 VND/khách,17:40,2025-05-08,18:45,2025-05-08,1h 5m,Hành lý xách tay 7 kg,Hành lý 0 kg,2025-05-02,PQC
252,PQC0275,Vietnam Airlines,1.379.619 VND/khách,15:05,2025-05-08,16:10,2025-05-08,1h 5m,Hành lý xách tay 1 x 12 kg,Hành lý 23 kg,2025-05-02,PQC
253,PQC0048,VietJet Air,1.396.000 VND/khách,09:20,2025-05-08,10:20,2025-05-08,1h 0m,Hành lý xách tay 7 kg,Hành lý 0 kg,2025-05-02,PQC
254,PQC0072,VietJet Air,1.396.000 VND/khách,11:35,2025-05-08,12:35,2025-05-08,1h 0m,Hành lý xách tay 7 kg,Hành lý 0 kg,2025-05-02,PQC
255,PQC0209,Vietnam Airlines,1.580.789 VND/khách,08:10,2025-05-08,08:55,2025-05-08,45m,Hành lý xách tay 1 x 12 kg,Hành lý 23 kg,2025-05-02,PQC
256,PQC0257,Vietnam Airlines,1.580.789 VND/khách,13:05,2025-05-08,14:00,2025-05-08,55m,Hành lý xách tay 1 x 12 kg,Hành lý 23 kg,2025-05-02,PQC
257,PQC0232,Vietnam Airlines,1.703.295 VND/khách,10:25,2025-05-08,11:25,2025-05-08,1h 0m,Hành lý xách tay 1 x 12 kg,Hành lý 23 kg,2025-05-02,PQC
261,PQC0007,Bamboo Airways,1.222.830 VND/khách,16:30,2025-05-09,17:30,2025-05-09,1h 0m,Hành lý xách tay 7 kg,Hành lý 0 kg,2025-05-02,PQC
262,PQC0330,Vietravel Airlines,1.144.133 VND/khách,17:25,2025-05-09,18:25,2025-05-09,1h 0m,Hành lý xách tay 7 kg,Hành lý 0 kg,2025-05-02,PQC
263,PQC0139,VietJet Air,1.281.000 VND/khách,17:10,2025-05-09,18:15,2025-05-09,1h 5m,Hành lý xách tay 7 kg,Hành lý 0 kg,2025-05-02,PQC
264,PQC0024,VietJet Air,1.396.000 VND/khách,05:55,2025-05-09,06:55,2025-05-09,1h 0m,Hành lý xách tay 7 kg,Hành lý 0 kg,2025-05-02,PQC
265,PQC0116,VietJet Air,1.396.000 VND/khách,15:40,2025-05-09,16:40,2025-05-09,1h 0m,Hành lý xách tay 7 kg,Hành lý 0 kg,2025-05-02,PQC
266,PQC0309,Vietnam Airlines,1.491.507 VND/khách,20:20,2025-05-09,21:20,2025-05-09,1h 0m,Hành lý xách tay 1 x 12 kg,Hành lý 23 kg,2025-05-02,PQC
267,PQC0095,VietJet Air,1.564.000 VND/khách,14:05,2025-05-09,15:05,2025-05-09,1h 0m,Hành lý xách tay 7 kg,Hành lý 0 kg,2025-05-02,PQC
268,PQC0276,Vietnam Airlines,1.580.789 VND/khách,15:05,2025-05-09,16:10,2025-05-09,1h 5m,Hành lý xách tay 1 x 12 kg,Hành lý 23 kg,2025-05-02,PQC
269,PQC0049,VietJet Air,1.679.000 VND/khách,09:20,2025-05-09,10:20,2025-05-09,1h 0m,Hành lý xách tay 7 kg,Hành lý 0 kg,2025-05-02,PQC
270,PQC0073,VietJet Air,1.679.000 VND/khách,11:35,2025-05-09,12:35,2025-05-09,1h 0m,Hành lý xách tay 7 kg,Hành lý 0 kg,2025-05-02,PQC
271,PQC0189,Vietnam Airlines,1.729.269 VND/khách,05:40,2025-05-09,06:40,2025-05-09,1h 0m,Hành lý xách tay 1 x 12 kg,Hành lý 23 kg,2025-05-02,PQC
272,PQC0233,Vietnam Airlines,1.845.037 VND/khách,10:25,2025-05-09,11:25,2025-05-09,1h 0m,Hành lý xách tay 1 x 12 kg,Hành lý 23 kg,2025-05-02,PQC
273,PQC0249,Vietnam Airlines,1.845.037 VND/khách,13:00,2025-05-09,14:00,2025-05-09,1h 0m,Hành lý xách tay 1 x 12 kg,Hành lý 23 kg,2025-05-02,PQC
274,PQC0210,Vietnam Airlines,1.994.004 VND/khách,08:10,2025-05-09,08:55,2025-05-09,45m,Hành lý xách tay 1 x 12 kg,Hành lý 23 kg,2025-05-02,PQC
277,PQC0331,Vietravel Airlines,953.610 VND/khách,17:25,2025-05-10,18:25,2025-05-10,1h 0m,Hành lý xách tay 7 kg,Hành lý 0 kg,2025-05-02,PQC
278,PQC0140,VietJet Air,1.142.000 VND/khách,17:10,2025-05-10,18:15,2025-05-10,1h 5m,Hành lý xách tay 7 kg,Hành lý 0 kg,2025-05-02,PQC
279,PQC0025,VietJet Air,1.280.000 VND/khách,05:55,2025-05-10,06:55,2025-05-10,1h 0m,Hành lý xách tay 7 kg,Hành lý 0 kg,2025-05-02,PQC
280,PQC0096,VietJet Air,1.280.000 VND/khách,14:05,2025-05-10,15:05,2025-05-10,1h 0m,Hành lý xách tay 7 kg,Hành lý 0 kg,2025-05-02,PQC
281,PQC0117,VietJet Air,1.280.000 VND/khách,15:40,2025-05-10,16:40,2025-05-10,1h 0m,Hành lý xách tay 7 kg,Hành lý 0 kg,2025-05-02,PQC
282,PQC0074,VietJet Air,1.396.000 VND/khách,11:35,2025-05-10,12:35,2025-05-10,1h 0m,Hành lý xách tay 7 kg,Hành lý 0 kg,2025-05-02,PQC
283,PQC0277,Vietnam Airlines,1.490.508 VND/khách,15:05,2025-05-10,16:10,2025-05-10,1h 5m,Hành lý xách tay 1 x 12 kg,Hành lý 23 kg,2025-05-02,PQC
284,PQC0050,VietJet Air,1.563.000 VND/khách,09:20,2025-05-10,10:20,2025-05-10,1h 0m,Hành lý xách tay 7 kg,Hành lý 0 kg,2025-05-02,PQC
285,PQC0258,Vietnam Airlines,1.580.789 VND/khách,13:05,2025-05-10,14:00,2025-05-10,55m,Hành lý xách tay 1 x 12 kg,Hành lý 23 kg,2025-05-02,PQC
286,PQC0190,Vietnam Airlines,1.934.064 VND/khách,05:40,2025-05-10,06:40,2025-05-10,1h 0m,Hành lý xách tay 1 x 12 kg,Hành lý 23 kg,2025-05-02,PQC
287,PQC0234,Vietnam Airlines,1.934.064 VND/khách,10:25,2025-05-10,11:25,2025-05-10,1h 0m,Hành lý xách tay 1 x 12 kg,Hành lý 23 kg,2025-05-02,PQC
288,PQC0211,Vietnam Airlines,2.000.997 VND/khách,08:10,2025-05-10,08:55,2025-05-10,45m,Hành lý xách tay 1 x 12 kg,Hành lý 23 kg,2025-05-02,PQC
292,PQC0008,Bamboo Airways,829.158 VND/khách,16:30,2025-05-11,17:30,2025-05-11,1h 0m,Hành lý xách tay 7 kg,Hành lý 0 kg,2025-05-02,PQC
293,PQC0332,Vietravel Airlines,747.128 VND/khách,17:25,2025-05-11,18:25,2025-05-11,1h 0m,Hành lý xách tay 7 kg,Hành lý 0 kg,2025-05-02,PQC
294,PQC0141,VietJet Air,815.000 VND/khách,17:10,2025-05-11,18:15,2025-05-11,1h 5m,Hành lý xách tay 7 kg,Hành lý 0 kg,2025-05-02,PQC
295,PQC0118,VietJet Air,816.000 VND/khách,15:40,2025-05-11,16:40,2025-05-11,1h 0m,Hành lý xách tay 7 kg,Hành lý 0 kg,2025-05-02,PQC
296,PQC0026,VietJet Air,1.035.000 VND/khách,05:55,2025-05-11,06:55,2025-05-11,1h 0m,Hành lý xách tay 7 kg,Hành lý 0 kg,2025-05-02,PQC
297,PQC0051,VietJet Air,1.143.000 VND/khách,09:20,2025-05-11,10:20,2025-05-11,1h 0m,Hành lý xách tay 7 kg,Hành lý 0 kg,2025-05-02,PQC
298,PQC0075,VietJet Air,1.143.000 VND/khách,11:35,2025-05-11,12:35,2025-05-11,1h 0m,Hành lý xách tay 7 kg,Hành lý 0 kg,2025-05-02,PQC
299,PQC0097,VietJet Air,1.143.000 VND/khách,14:05,2025-05-11,15:05,2025-05-11,1h 0m,Hành lý xách tay 7 kg,Hành lý 0 kg,2025-05-02,PQC
300,PQC0191,Vietnam Airlines,1.159.839 VND/khách,05:40,2025-05-11,06:40,2025-05-11,1h 0m,Hành lý xách tay 1 x 12 kg,Hành lý 23 kg,2025-05-02,PQC
301,PQC0310,Vietnam Airlines,1.160.838 VND/khách,20:20,2025-05-11,21:20,2025-05-11,1h 0m,Hành lý xách tay 1 x 12 kg,Hành lý 23 kg,2025-05-02,PQC
302,PQC0259,Vietnam Airlines,1.258.740 VND/khách,13:05,2025-05-11,14:00,2025-05-11,55m,Hành lý xách tay 1 x 12 kg,Hành lý 23 kg,2025-05-02,PQC
303,PQC0278,Vietnam Airlines,1.269.729 VND/khách,15:05,2025-05-11,16:10,2025-05-11,1h 5m,Hành lý xách tay 1 x 12 kg,Hành lý 23 kg,2025-05-02,PQC
304,PQC0235,Vietnam Airlines,1.380.618 VND/khách,10:25,2025-05-11,11:25,2025-05-11,1h 0m,Hành lý xách tay 1 x 12 kg,Hành lý 23 kg,2025-05-02,PQC
305,PQC0212,Vietnam Airlines,1.492.506 VND/khách,08:10,2025-05-11,08:55,2025-05-11,45m,Hành lý xách tay 1 x 12 kg,Hành lý 23 kg,2025-05-02,PQC
308,PQC0004,Bamboo Airways,1.245.267 VND/khách,16:30,2025-05-04,17:30,2025-05-04,1h 0m,Hành lý xách tay 7 kg,Hành lý 0 kg,2025-05-03,PQC
309,PQC0111,VietJet Air,1.159.000 VND/khách,15:40,2025-05-04,16:40,2025-05-04,1h 0m,Hành lý xách tay 7 kg,Hành lý 0 kg,2025-05-03,PQC
310,PQC0134,VietJet Air,1.159.000 VND/khách,17:10,2025-05-04,18:15,2025-05-04,1h 5m,Hành lý xách tay 7 kg,Hành lý 0 kg,2025-05-03,PQC
311,PQC0019,VietJet Air,1.197.000 VND/khách,05:55,2025-05-04,06:55,2025-05-04,1h 0m,Hành lý xách tay 7 kg,Hành lý 0 kg,2025-05-03,PQC
312,PQC0184,Vietnam Airlines,1.277.721 VND/khách,05:40,2025-05-04,06:40,2025-05-04,1h 0m,Hành lý xách tay 1 x 12 kg,Hành lý 23 kg,2025-05-03,PQC
313,PQC0090,VietJet Air,1.323.000 VND/khách,14:05,2025-05-04,15:05,2025-05-04,1h 0m,Hành lý xách tay 7 kg,Hành lý 0 kg,2025-05-03,PQC
314,PQC0062,VietJet Air,1.343.000 VND/khách,09:30,2025-05-04,10:25,2025-05-04,55m,Hành lý xách tay 7 kg,Hành lý 0 kg,2025-05-03,PQC
315,PQC0068,VietJet Air,1.343.000 VND/khách,11:35,2025-05-04,12:35,2025-05-04,1h 0m,Hành lý xách tay 7 kg,Hành lý 0 kg,2025-05-03,PQC
316,PQC0320,Vietnam Airlines,1.367.296 VND/khách,21:00,2025-05-04,22:00,2025-05-04,1h 0m,Hành lý xách tay 1 x 12 kg,Hành lý 23 kg,2025-05-03,PQC
317,PQC0271,Vietnam Airlines,1.378.620 VND/khách,15:05,2025-05-04,16:10,2025-05-04,1h 5m,Hành lý xách tay 1 x 12 kg,Hành lý 23 kg,2025-05-03,PQC
318,PQC0205,Vietnam Airlines,1.389.609 VND/khách,08:10,2025-05-04,08:55,2025-05-04,45m,Hành lý xách tay 1 x 12 kg,Hành lý 23 kg,2025-05-03,PQC
319,PQC0294,Vietnam Airlines,1.389.609 VND/khách,17:25,2025-05-04,18:25,2025-05-04,1h 0m,Hành lý xách tay 1 x 12 kg,Hành lý 23 kg,2025-05-03,PQC
320,PQC0228,Vietnam Airlines,1.712.286 VND/khách,10:25,2025-05-04,11:25,2025-05-04,1h 0m,Hành lý xách tay 1 x 12 kg,Hành lý 23 kg,2025-05-03,PQC
321,PQC0253,Vietnam Airlines,1.746.252 VND/khách,13:05,2025-05-04,14:00,2025-05-04,55m,Hành lý xách tay 1 x 12 kg,Hành lý 23 kg,2025-05-03,PQC
322,PQC0325,Vietravel Airlines,1.921.185 VND/khách,17:25,2025-05-04,18:25,2025-05-04,1h 0m,Hành lý xách tay 7 kg,Hành lý 0 kg,2025-05-03,PQC
323,PQC0005,Bamboo Airways,1.013.756 VND/khách,16:30,2025-05-05,17:30,2025-05-05,1h 0m,Hành lý xách tay 7 kg,Hành lý 0 kg,2025-05-03,PQC
324,PQC0135,VietJet Air,1.046.000 VND/khách,17:10,2025-05-05,18:15,2025-05-05,1h 5m,Hành lý xách tay 7 kg,Hành lý 0 kg,2025-05-03,PQC
325,PQC0326,Vietravel Airlines,1.077.300 VND/khách,17:25,2025-05-05,18:25,2025-05-05,1h 0m,Hành lý xách tay 7 kg,Hành lý 0 kg,2025-05-03,PQC
326,PQC0170,Vietnam Airlines,1.109.365 VND/khách,05:25,2025-05-05,06:20,2025-05-05,55m,Hành lý xách tay 1 x 12 kg,Hành lý 23 kg,2025-05-03,PQC
327,PQC0091,VietJet Air,1.155.000 VND/khách,14:05,2025-05-05,15:05,2025-05-05,1h 0m,Hành lý xách tay 7 kg,Hành lý 0 kg,2025-05-03,PQC
328,PQC0112,VietJet Air,1.155.000 VND/khách,15:40,2025-05-05,16:40,2025-05-05,1h 0m,Hành lý xách tay 7 kg,Hành lý 0 kg,2025-05-03,PQC
329,PQC0020,VietJet Air,1.163.846 VND/khách,05:55,2025-05-05,06:55,2025-05-05,1h 0m,Hành lý xách tay 7 kg,Hành lý 0 kg,2025-05-03,PQC
330,PQC0185,Vietnam Airlines,1.179.170 VND/khách,05:40,2025-05-05,06:40,2025-05-05,1h 0m,Hành lý xách tay 1 x 12 kg,Hành lý 23 kg,2025-05-03,PQC
331,PQC0045,VietJet Air,1.294.000 VND/khách,09:20,2025-05-05,10:20,2025-05-05,1h 0m,Hành lý xách tay 7 kg,Hành lý 0 kg,2025-05-03,PQC
332,PQC0069,VietJet Air,1.294.000 VND/khách,11:35,2025-05-05,12:35,2025-05-05,1h 0m,Hành lý xách tay 7 kg,Hành lý 0 kg,2025-05-03,PQC
333,PQC0308,Vietnam Airlines,1.295.154 VND/khách,20:20,2025-05-05,21:20,2025-05-05,1h 0m,Hành lý xách tay 1 x 12 kg,Hành lý 23 kg,2025-05-03,PQC
334,PQC0272,Vietnam Airlines,1.411.137 VND/khách,15:05,2025-05-05,16:10,2025-05-05,1h 5m,Hành lý xách tay 1 x 12 kg,Hành lý 23 kg,2025-05-03,PQC
335,PQC0254,Vietnam Airlines,1.527.121 VND/khách,13:05,2025-05-05,14:00,2025-05-05,55m,Hành lý xách tay 1 x 12 kg,Hành lý 23 kg,2025-05-03,PQC
336,PQC0229,Vietnam Airlines,1.746.252 VND/khách,10:25,2025-05-05,11:25,2025-05-05,1h 0m,Hành lý xách tay 1 x 12 kg,Hành lý 23 kg,2025-05-03,PQC
337,PQC0206,Vietnam Airlines,1.844.827 VND/khách,08:10,2025-05-05,08:55,2025-05-05,45m,Hành lý xách tay 1 x 12 kg,Hành lý 23 kg,2025-05-03,PQC
338,PQC0327,Vietravel Airlines,975.555 VND/khách,17:25,2025-05-06,18:25,2025-05-06,1h 0m,Hành lý xách tay 7 kg,Hành lý 0 kg,2025-05-03,PQC
339,PQC0021,VietJet Air,1.046.000 VND/khách,05:55,2025-05-06,06:55,2025-05-06,1h 0m,Hành lý xách tay 7 kg,Hành lý 0 kg,2025-05-03,PQC
340,PQC0113,VietJet Air,1.046.000 VND/khách,15:40,2025-05-06,16:40,2025-05-06,1h 0m,Hành lý xách tay 7 kg,Hành lý 0 kg,2025-05-03,PQC
341,PQC0136,VietJet Air,1.046.000 VND/khách,17:10,2025-05-06,18:15,2025-05-06,1h 5m,Hành lý xách tay 7 kg,Hành lý 0 kg,2025-05-03,PQC
342,PQC0064,VietJet Air,1.155.000 VND/khách,11:30,2025-05-06,12:30,2025-05-06,1h 0m,Hành lý xách tay 7 kg,Hành lý 0 kg,2025-05-03,PQC
343,PQC0070,VietJet Air,1.155.000 VND/khách,11:35,2025-05-06,12:35,2025-05-06,1h 0m,Hành lý xách tay 7 kg,Hành lý 0 kg,2025-05-03,PQC
344,PQC0092,VietJet Air,1.155.000 VND/khách,14:05,2025-05-06,15:05,2025-05-06,1h 0m,Hành lý xách tay 7 kg,Hành lý 0 kg,2025-05-03,PQC
345,PQC0186,Vietnam Airlines,1.179.170 VND/khách,05:40,2025-05-06,06:40,2025-05-06,1h 0m,Hành lý xách tay 1 x 12 kg,Hành lý 23 kg,2025-05-03,PQC
346,PQC0046,VietJet Air,1.294.000 VND/khách,09:20,2025-05-06,10:20,2025-05-06,1h 0m,Hành lý xách tay 7 kg,Hành lý 0 kg,2025-05-03,PQC
347,PQC0207,Vietnam Airlines,1.411.137 VND/khách,08:10,2025-05-06,08:55,2025-05-06,45m,Hành lý xách tay 1 x 12 kg,Hành lý 23 kg,2025-05-03,PQC
348,PQC0273,Vietnam Airlines,1.411.137 VND/khách,15:05,2025-05-06,16:10,2025-05-06,1h 5m,Hành lý xách tay 1 x 12 kg,Hành lý 23 kg,2025-05-03,PQC
349,PQC0255,Vietnam Airlines,1.527.121 VND/khách,13:05,2025-05-06,14:00,2025-05-06,55m,Hành lý xách tay 1 x 12 kg,Hành lý 23 kg,2025-05-03,PQC
350,PQC0230,Vietnam Airlines,1.543.455 VND/khách,10:25,2025-05-06,11:25,2025-05-06,1h 0m,Hành lý xách tay 1 x 12 kg,Hành lý 23 kg,2025-05-03,PQC
354,PQC0006,Bamboo Airways,951.543 VND/khách,16:30,2025-05-07,17:30,2025-05-07,1h 0m,Hành lý xách tay 7 kg,Hành lý 0 kg,2025-05-03,PQC
355,PQC0328,Vietravel Airlines,754.110 VND/khách,17:25,2025-05-07,18:25,2025-05-07,1h 0m,Hành lý xách tay 7 kg,Hành lý 0 kg,2025-05-03,PQC
356,PQC0137,VietJet Air,816.000 VND/khách,17:10,2025-05-07,18:15,2025-05-07,1h 5m,Hành lý xách tay 7 kg,Hành lý 0 kg,2025-05-03,PQC
357,PQC0022,VietJet Air,1.046.000 VND/khách,05:55,2025-05-07,06:55,2025-05-07,1h 0m,Hành lý xách tay 7 kg,Hành lý 0 kg,2025-05-03,PQC
358,PQC0114,VietJet Air,1.046.000 VND/khách,15:40,2025-05-07,16:40,2025-05-07,1h 0m,Hành lý xách tay 7 kg,Hành lý 0 kg,2025-05-03,PQC
359,PQC0093,VietJet Air,1.155.000 VND/khách,14:05,2025-05-07,15:05,2025-05-07,1h 0m,Hành lý xách tay 7 kg,Hành lý 0 kg,2025-05-03,PQC
360,PQC0187,Vietnam Airlines,1.164.834 VND/khách,05:40,2025-05-07,06:40,2025-05-07,1h 0m,Hành lý xách tay 1 x 12 kg,Hành lý 23 kg,2025-05-03,PQC
361,PQC0071,VietJet Air,1.294.000 VND/khách,11:35,2025-05-07,12:35,2025-05-07,1h 0m,Hành lý xách tay 7 kg,Hành lý 0 kg,2025-05-03,PQC
362,PQC0208,Vietnam Airlines,1.378.620 VND/khách,08:10,2025-05-07,08:55,2025-05-07,45m,Hành lý xách tay 1 x 12 kg,Hành lý 23 kg,2025-05-03,PQC
363,PQC0274,Vietnam Airlines,1.411.137 VND/khách,15:05,2025-05-07,16:10,2025-05-07,1h 5m,Hành lý xách tay 1 x 12 kg,Hành lý 23 kg,2025-05-03,PQC
364,PQC0231,Vietnam Airlines,1.527.121 VND/khách,10:25,2025-05-07,11:25,2025-05-07,1h 0m,Hành lý xách tay 1 x 12 kg,Hành lý 23 kg,2025-05-03,PQC
365,PQC0047,VietJet Air,1.579.000 VND/khách,09:20,2025-05-07,10:20,2025-05-07,1h 0m,Hành lý xách tay 7 kg,Hành lý 0 kg,2025-05-03,PQC
366,PQC0256,Vietnam Airlines,1.788.210 VND/khách,13:05,2025-05-07,14:00,2025-05-07,55m,Hành lý xách tay 1 x 12 kg,Hành lý 23 kg,2025-05-03,PQC
369,PQC0329,Vietravel Airlines,1.144.133 VND/khách,17:25,2025-05-08,18:25,2025-05-08,1h 0m,Hành lý xách tay 7 kg,Hành lý 0 kg,2025-05-03,PQC
370,PQC0023,VietJet Air,1.155.000 VND/khách,05:55,2025-05-08,06:55,2025-05-08,1h 0m,Hành lý xách tay 7 kg,Hành lý 0 kg,2025-05-03,PQC
371,PQC0188,Vietnam Airlines,1.277.721 VND/khách,05:40,2025-05-08,06:40,2025-05-08,1h 0m,Hành lý xách tay 1 x 12 kg,Hành lý 23 kg,2025-05-03,PQC
372,PQC0094,VietJet Air,1.294.000 VND/khách,14:05,2025-05-08,15:05,2025-05-08,1h 0m,Hành lý xách tay 7 kg,Hành lý 0 kg,2025-05-03,PQC
373,PQC0115,VietJet Air,1.294.000 VND/khách,15:40,2025-05-08,16:40,2025-05-08,1h 0m,Hành lý xách tay 7 kg,Hành lý 0 kg,2025-05-03,PQC
374,PQC0038,VietJet Air,1.294.000 VND/khách,08:25,2025-05-08,09:30,2025-05-08,1h 5m,Hành lý xách tay 7 kg,Hành lý 0 kg,2025-05-03,PQC
375,PQC0138,VietJet Air,1.294.000 VND/khách,17:10,2025-05-08,18:15,2025-05-08,1h 5m,Hành lý xách tay 7 kg,Hành lý 0 kg,2025-05-03,PQC
376,PQC0155,VietJet Air,1.294.000 VND/khách,17:40,2025-05-08,18:45,2025-05-08,1h 5m,Hành lý xách tay 7 kg,Hành lý 0 kg,2025-05-03,PQC
377,PQC0275,Vietnam Airlines,1.389.609 VND/khách,15:05,2025-05-08,16:10,2025-05-08,1h 5m,Hành lý xách tay 1 x 12 kg,Hành lý 23 kg,2025-05-03,PQC
378,PQC0048,VietJet Air,1.410.000 VND/khách,09:20,2025-05-08,10:20,2025-05-08,1h 0m,Hành lý xách tay 7 kg,Hành lý 0 kg,2025-05-03,PQC
379,PQC0072,VietJet Air,1.410.000 VND/khách,11:35,2025-05-08,12:35,2025-05-08,1h 0m,Hành lý xách tay 7 kg,Hành lý 0 kg,2025-05-03,PQC
380,PQC0257,Vietnam Airlines,1.543.455 VND/khách,13:05,2025-05-08,14:00,2025-05-08,55m,Hành lý xách tay 1 x 12 kg,Hành lý 23 kg,2025-05-03,PQC
381,PQC0209,Vietnam Airlines,1.698.300 VND/khách,08:10,2025-05-08,08:55,2025-05-08,45m,Hành lý xách tay 1 x 12 kg,Hành lý 23 kg,2025-05-03,PQC
382,PQC0232,Vietnam Airlines,1.698.300 VND/khách,10:25,2025-05-08,11:25,2025-05-08,1h 0m,Hành lý xách tay 1 x 12 kg,Hành lý 23 kg,2025-05-03,PQC
386,PQC0007,Bamboo Airways,1.222.830 VND/khách,16:30,2025-05-09,17:30,2025-05-09,1h 0m,Hành lý xách tay 7 kg,Hành lý 0 kg,2025-05-03,PQC
387,PQC0330,Vietravel Airlines,1.155.105 VND/khách,17:25,2025-05-09,18:25,2025-05-09,1h 0m,Hành lý xách tay 7 kg,Hành lý 0 kg,2025-05-03,PQC
388,PQC0139,VietJet Air,1.294.000 VND/khách,17:10,2025-05-09,18:15,2025-05-09,1h 5m,Hành lý xách tay 7 kg,Hành lý 0 kg,2025-05-03,PQC
389,PQC0024,VietJet Air,1.410.000 VND/khách,05:55,2025-05-09,06:55,2025-05-09,1h 0m,Hành lý xách tay 7 kg,Hành lý 0 kg,2025-05-03,PQC
390,PQC0116,VietJet Air,1.410.000 VND/khách,15:40,2025-05-09,16:40,2025-05-09,1h 0m,Hành lý xách tay 7 kg,Hành lý 0 kg,2025-05-03,PQC
391,PQC0309,Vietnam Airlines,1.510.488 VND/khách,20:20,2025-05-09,21:20,2025-05-09,1h 0m,Hành lý xách tay 1 x 12 kg,Hành lý 23 kg,2025-05-03,PQC
392,PQC0095,VietJet Air,1.579.000 VND/khách,14:05,2025-05-09,15:05,2025-05-09,1h 0m,Hành lý xách tay 7 kg,Hành lý 0 kg,2025-05-03,PQC
393,PQC0049,VietJet Air,1.696.000 VND/khách,09:20,2025-05-09,10:20,2025-05-09,1h 0m,Hành lý xách tay 7 kg,Hành lý 0 kg,2025-05-03,PQC
394,PQC0073,VietJet Air,1.696.000 VND/khách,11:35,2025-05-09,12:35,2025-05-09,1h 0m,Hành lý xách tay 7 kg,Hành lý 0 kg,2025-05-03,PQC
395,PQC0276,Vietnam Airlines,1.716.282 VND/khách,15:05,2025-05-09,16:10,2025-05-09,1h 5m,Hành lý xách tay 1 x 12 kg,Hành lý 23 kg,2025-05-03,PQC
396,PQC0189,Vietnam Airlines,1.746.252 VND/khách,05:40,2025-05-09,06:40,2025-05-09,1h 0m,Hành lý xách tay 1 x 12 kg,Hành lý 23 kg,2025-05-03,PQC
397,PQC0233,Vietnam Airlines,1.844.827 VND/khách,10:25,2025-05-09,11:25,2025-05-09,1h 0m,Hành lý xách tay 1 x 12 kg,Hành lý 23 kg,2025-05-03,PQC
398,PQC0249,Vietnam Airlines,1.900.671 VND/khách,13:00,2025-05-09,14:00,2025-05-09,1h 0m,Hành lý xách tay 1 x 12 kg,Hành lý 23 kg,2025-05-03,PQC
401,PQC0331,Vietravel Airlines,964.583 VND/khách,17:25,2025-05-10,18:25,2025-05-10,1h 0m,Hành lý xách tay 7 kg,Hành lý 0 kg,2025-05-03,PQC
402,PQC0140,VietJet Air,1.155.000 VND/khách,17:10,2025-05-10,18:15,2025-05-10,1h 5m,Hành lý xách tay 7 kg,Hành lý 0 kg,2025-05-03,PQC
403,PQC0025,VietJet Air,1.294.000 VND/khách,05:55,2025-05-10,06:55,2025-05-10,1h 0m,Hành lý xách tay 7 kg,Hành lý 0 kg,2025-05-03,PQC
404,PQC0096,VietJet Air,1.294.000 VND/khách,14:05,2025-05-10,15:05,2025-05-10,1h 0m,Hành lý xách tay 7 kg,Hành lý 0 kg,2025-05-03,PQC
405,PQC0117,VietJet Air,1.294.000 VND/khách,15:40,2025-05-10,16:40,2025-05-10,1h 0m,Hành lý xách tay 7 kg,Hành lý 0 kg,2025-05-03,PQC
406,PQC0074,VietJet Air,1.410.000 VND/khách,11:35,2025-05-10,12:35,2025-05-10,1h 0m,Hành lý xách tay 7 kg,Hành lý 0 kg,2025-05-03,PQC
407,PQC0277,Vietnam Airlines,1.502.496 VND/khách,15:05,2025-05-10,16:10,2025-05-10,1h 5m,Hành lý xách tay 1 x 12 kg,Hành lý 23 kg,2025-05-03,PQC
408,PQC0050,VietJet Air,1.579.000 VND/khách,09:20,2025-05-10,10:20,2025-05-10,1h 0m,Hành lý xách tay 7 kg,Hành lý 0 kg,2025-05-03,PQC
409,PQC0258,Vietnam Airlines,1.754.858 VND/khách,13:05,2025-05-10,14:00,2025-05-10,55m,Hành lý xách tay 1 x 12 kg,Hành lý 23 kg,2025-05-03,PQC
410,PQC0234,Vietnam Airlines,1.900.671 VND/khách,10:25,2025-05-10,11:25,2025-05-10,1h 0m,Hành lý xách tay 1 x 12 kg,Hành lý 23 kg,2025-05-03,PQC
411,PQC0211,Vietnam Airlines,1.954.392 VND/khách,08:10,2025-05-10,08:55,2025-05-10,45m,Hành lý xách tay 1 x 12 kg,Hành lý 23 kg,2025-05-03,PQC
412,PQC0190,Vietnam Airlines,1.954.392 VND/khách,05:40,2025-05-10,06:40,2025-05-10,1h 0m,Hành lý xách tay 1 x 12 kg,Hành lý 23 kg,2025-05-03,PQC
416,PQC0008,Bamboo Airways,829.158 VND/khách,16:30,2025-05-11,17:30,2025-05-11,1h 0m,Hành lý xách tay 7 kg,Hành lý 0 kg,2025-05-03,PQC
417,PQC0332,Vietravel Airlines,754.110 VND/khách,17:25,2025-05-11,18:25,2025-05-11,1h 0m,Hành lý xách tay 7 kg,Hành lý 0 kg,2025-05-03,PQC
418,PQC0141,VietJet Air,816.000 VND/khách,17:10,2025-05-11,18:15,2025-05-11,1h 5m,Hành lý xách tay 7 kg,Hành lý 0 kg,2025-05-03,PQC
419,PQC0026,VietJet Air,1.046.000 VND/khách,05:55,2025-05-11,06:55,2025-05-11,1h 0m,Hành lý xách tay 7 kg,Hành lý 0 kg,2025-05-03,PQC
420,PQC0118,VietJet Air,1.046.000 VND/khách,15:40,2025-05-11,16:40,2025-05-11,1h 0m,Hành lý xách tay 7 kg,Hành lý 0 kg,2025-05-03,PQC
421,PQC0051,VietJet Air,1.155.000 VND/khách,09:20,2025-05-11,10:20,2025-05-11,1h 0m,Hành lý xách tay 7 kg,Hành lý 0 kg,2025-05-03,PQC
422,PQC0075,VietJet Air,1.155.000 VND/khách,11:35,2025-05-11,12:35,2025-05-11,1h 0m,Hành lý xách tay 7 kg,Hành lý 0 kg,2025-05-03,PQC
423,PQC0097,VietJet Air,1.155.000 VND/khách,14:05,2025-05-11,15:05,2025-05-11,1h 0m,Hành lý xách tay 7 kg,Hành lý 0 kg,2025-05-03,PQC
424,PQC0191,Vietnam Airlines,1.164.834 VND/khách,05:40,2025-05-11,06:40,2025-05-11,1h 0m,Hành lý xách tay 1 x 12 kg,Hành lý 23 kg,2025-05-03,PQC
425,PQC0310,Vietnam Airlines,1.164.834 VND/khách,20:20,2025-05-11,21:20,2025-05-11,1h 0m,Hành lý xách tay 1 x 12 kg,Hành lý 23 kg,2025-05-03,PQC
426,PQC0259,Vietnam Airlines,1.277.721 VND/khách,13:05,2025-05-11,14:00,2025-05-11,55m,Hành lý xách tay 1 x 12 kg,Hành lý 23 kg,2025-05-03,PQC
427,PQC0278,Vietnam Airlines,1.277.721 VND/khách,15:05,2025-05-11,16:10,2025-05-11,1h 5m,Hành lý xách tay 1 x 12 kg,Hành lý 23 kg,2025-05-03,PQC
428,PQC0235,Vietnam Airlines,1.389.609 VND/khách,10:25,2025-05-11,11:25,2025-05-11,1h 0m,Hành lý xách tay 1 x 12 kg,Hành lý 23 kg,2025-05-03,PQC
429,PQC0212,Vietnam Airlines,1.502.496 VND/khách,08:10,2025-05-11,08:55,2025-05-11,45m,Hành lý xách tay 1 x 12 kg,Hành lý 23 kg,2025-05-03,PQC
432,PQC0005,Bamboo Airways,1.136.413 VND/khách,16:30,2025-05-05,17:30,2025-05-05,1h 0m,Hành lý xách tay 7 kg,Hành lý 0 kg,2025-05-04,PQC
433,PQC0135,VietJet Air,1.084.000 VND/khách,17:10,2025-05-05,18:15,2025-05-05,1h 5m,Hành lý xách tay 7 kg,Hành lý 0 kg,2025-05-04,PQC
434,PQC0326,Vietravel Airlines,1.086.278 VND/khách,17:25,2025-05-05,18:25,2025-05-05,1h 0m,Hành lý xách tay 7 kg,Hành lý 0 kg,2025-05-04,PQC
435,PQC0170,Vietnam Airlines,1.109.365 VND/khách,05:25,2025-05-05,06:20,2025-05-05,55m,Hành lý xách tay 1 x 12 kg,Hành lý 23 kg,2025-05-04,PQC
436,PQC0020,VietJet Air,1.195.000 VND/khách,05:55,2025-05-05,06:55,2025-05-05,1h 0m,Hành lý xách tay 7 kg,Hành lý 0 kg,2025-05-04,PQC
437,PQC0091,VietJet Air,1.195.000 VND/khách,14:05,2025-05-05,15:05,2025-05-05,1h 0m,Hành lý xách tay 7 kg,Hành lý 0 kg,2025-05-04,PQC
438,PQC0112,VietJet Air,1.195.000 VND/khách,15:40,2025-05-05,16:40,2025-05-05,1h 0m,Hành lý xách tay 7 kg,Hành lý 0 kg,2025-05-04,PQC
439,PQC0308,Vietnam Airlines,1.279.719 VND/khách,20:20,2025-05-05,21:20,2025-05-05,1h 0m,Hành lý xách tay 1 x 12 kg,Hành lý 23 kg,2025-05-04,PQC
440,PQC0045,VietJet Air,1.341.000 VND/khách,09:20,2025-05-05,10:20,2025-05-05,1h 0m,Hành lý xách tay 7 kg,Hành lý 0 kg,2025-05-04,PQC
441,PQC0185,Vietnam Airlines,1.396.602 VND/khách,05:40,2025-05-05,06:40,2025-05-05,1h 0m,Hành lý xách tay 1 x 12 kg,Hành lý 23 kg,2025-05-04,PQC
442,PQC0272,Vietnam Airlines,1.508.490 VND/khách,15:05,2025-05-05,16:10,2025-05-05,1h 5m,Hành lý xách tay 1 x 12 kg,Hành lý 23 kg,2025-05-04,PQC
443,PQC0254,Vietnam Airlines,1.735.463 VND/khách,13:05,2025-05-05,14:00,2025-05-05,55m,Hành lý xách tay 1 x 12 kg,Hành lý 23 kg,2025-05-04,PQC
444,PQC0229,Vietnam Airlines,1.744.254 VND/khách,10:25,2025-05-05,11:25,2025-05-05,1h 0m,Hành lý xách tay 1 x 12 kg,Hành lý 23 kg,2025-05-04,PQC
445,PQC0206,Vietnam Airlines,1.844.717 VND/khách,08:10,2025-05-05,08:55,2025-05-05,45m,Hành lý xách tay 1 x 12 kg,Hành lý 23 kg,2025-05-04,PQC
446,PQC0086,VietJet Air,1.933.321 VND/khách,11:45,2025-05-05,12:40,2025-05-05,55m,Hành lý xách tay 7 kg,Hành lý 0 kg,2025-05-04,PQC
447,PQC0021,VietJet Air,1.018.000 VND/khách,05:55,2025-05-06,06:55,2025-05-06,1h 0m,Hành lý xách tay 7 kg,Hành lý 0 kg,2025-05-04,PQC
448,PQC0136,VietJet Air,1.018.000 VND/khách,17:10,2025-05-06,18:15,2025-05-06,1h 5m,Hành lý xách tay 7 kg,Hành lý 0 kg,2025-05-04,PQC
449,PQC0327,Vietravel Airlines,1.075.305 VND/khách,17:25,2025-05-06,18:25,2025-05-06,1h 0m,Hành lý xách tay 7 kg,Hành lý 0 kg,2025-05-04,PQC
450,PQC0064,VietJet Air,1.127.000 VND/khách,11:30,2025-05-06,12:30,2025-05-06,1h 0m,Hành lý xách tay 7 kg,Hành lý 0 kg,2025-05-04,PQC
451,PQC0070,VietJet Air,1.127.000 VND/khách,11:35,2025-05-06,12:35,2025-05-06,1h 0m,Hành lý xách tay 7 kg,Hành lý 0 kg,2025-05-04,PQC
452,PQC0092,VietJet Air,1.127.000 VND/khách,14:05,2025-05-06,15:05,2025-05-06,1h 0m,Hành lý xách tay 7 kg,Hành lý 0 kg,2025-05-04,PQC
453,PQC0186,Vietnam Airlines,1.168.830 VND/khách,05:40,2025-05-06,06:40,2025-05-06,1h 0m,Hành lý xách tay 1 x 12 kg,Hành lý 23 kg,2025-05-04,PQC
454,PQC0046,VietJet Air,1.277.000 VND/khách,09:20,2025-05-06,10:20,2025-05-06,1h 0m,Hành lý xách tay 7 kg,Hành lý 0 kg,2025-05-04,PQC
455,PQC0273,Vietnam Airlines,1.392.606 VND/khách,15:05,2025-05-06,16:10,2025-05-06,1h 5m,Hành lý xách tay 1 x 12 kg,Hành lý 23 kg,2025-05-04,PQC
456,PQC0207,Vietnam Airlines,1.505.493 VND/khách,08:10,2025-05-06,08:55,2025-05-06,45m,Hành lý xách tay 1 x 12 kg,Hành lý 23 kg,2025-05-04,PQC
457,PQC0230,Vietnam Airlines,1.541.457 VND/khách,10:25,2025-05-06,11:25,2025-05-06,1h 0m,Hành lý xách tay 1 x 12 kg,Hành lý 23 kg,2025-05-04,PQC
458,PQC0255,Vietnam Airlines,1.702.296 VND/khách,13:05,2025-05-06,14:00,2025-05-06,55m,Hành lý xách tay 1 x 12 kg,Hành lý 23 kg,2025-05-04,PQC
459,PQC0113,VietJet Air,1.886.000 VND/khách,15:40,2025-05-06,16:40,2025-05-06,1h 0m,Hành lý xách tay 7 kg,Hành lý 0 kg,2025-05-04,PQC
463,PQC0006,Bamboo Airways,806.903 VND/khách,16:30,2025-05-07,17:30,2025-05-07,1h 0m,Hành lý xách tay 7 kg,Hành lý 0 kg,2025-05-04,PQC
464,PQC0328,Vietravel Airlines,808.973 VND/khách,17:25,2025-05-07,18:25,2025-05-07,1h 0m,Hành lý xách tay 7 kg,Hành lý 0 kg,2025-05-04,PQC
465,PQC0022,VietJet Air,1.018.000 VND/khách,05:55,2025-05-07,06:55,2025-05-07,1h 0m,Hành lý xách tay 7 kg,Hành lý 0 kg,2025-05-04,PQC
466,PQC0114,VietJet Air,1.018.000 VND/khách,15:40,2025-05-07,16:40,2025-05-07,1h 0m,Hành lý xách tay 7 kg,Hành lý 0 kg,2025-05-04,PQC
467,PQC0137,VietJet Air,1.018.000 VND/khách,17:10,2025-05-07,18:15,2025-05-07,1h 5m,Hành lý xách tay 7 kg,Hành lý 0 kg,2025-05-04,PQC
468,PQC0093,VietJet Air,1.127.000 VND/khách,14:05,2025-05-07,15:05,2025-05-07,1h 0m,Hành lý xách tay 7 kg,Hành lý 0 kg,2025-05-04,PQC
469,PQC0187,Vietnam Airlines,1.275.723 VND/khách,05:40,2025-05-07,06:40,2025-05-07,1h 0m,Hành lý xách tay 1 x 12 kg,Hành lý 23 kg,2025-05-04,PQC
470,PQC0071,VietJet Air,1.277.000 VND/khách,11:35,2025-05-07,12:35,2025-05-07,1h 0m,Hành lý xách tay 7 kg,Hành lý 0 kg,2025-05-04,PQC
471,PQC0208,Vietnam Airlines,1.392.606 VND/khách,08:10,2025-05-07,08:55,2025-05-07,45m,Hành lý xách tay 1 x 12 kg,Hành lý 23 kg,2025-05-04,PQC
472,PQC0274,Vietnam Airlines,1.392.606 VND/khách,15:05,2025-05-07,16:10,2025-05-07,1h 5m,Hành lý xách tay 1 x 12 kg,Hành lý 23 kg,2025-05-04,PQC
473,PQC0231,Vietnam Airlines,1.508.490 VND/khách,10:25,2025-05-07,11:25,2025-05-07,1h 0m,Hành lý xách tay 1 x 12 kg,Hành lý 23 kg,2025-05-04,PQC
474,PQC0047,VietJet Air,1.582.000 VND/khách,09:20,2025-05-07,10:20,2025-05-07,1h 0m,Hành lý xách tay 7 kg,Hành lý 0 kg,2025-05-04,PQC
475,PQC0256,Vietnam Airlines,1.798.200 VND/khách,13:05,2025-05-07,14:00,2025-05-07,55m,Hành lý xách tay 1 x 12 kg,Hành lý 23 kg,2025-05-04,PQC
478,PQC0023,VietJet Air,1.127.000 VND/khách,05:55,2025-05-08,06:55,2025-05-08,1h 0m,Hành lý xách tay 7 kg,Hành lý 0 kg,2025-05-04,PQC
479,PQC0329,Vietravel Airlines,1.131.165 VND/khách,17:25,2025-05-08,18:25,2025-05-08,1h 0m,Hành lý xách tay 7 kg,Hành lý 0 kg,2025-05-04,PQC
480,PQC0094,VietJet Air,1.277.000 VND/khách,14:05,2025-05-08,15:05,2025-05-08,1h 0m,Hành lý xách tay 7 kg,Hành lý 0 kg,2025-05-04,PQC
481,PQC0115,VietJet Air,1.277.000 VND/khách,15:40,2025-05-08,16:40,2025-05-08,1h 0m,Hành lý xách tay 7 kg,Hành lý 0 kg,2025-05-04,PQC
482,PQC0038,VietJet Air,1.277.000 VND/khách,08:25,2025-05-08,09:30,2025-05-08,1h 5m,Hành lý xách tay 7 kg,Hành lý 0 kg,2025-05-04,PQC
483,PQC0138,VietJet Air,1.277.000 VND/khách,17:10,2025-05-08,18:15,2025-05-08,1h 5m,Hành lý xách tay 7 kg,Hành lý 0 kg,2025-05-04,PQC
484,PQC0155,VietJet Air,1.277.000 VND/khách,17:40,2025-05-08,18:45,2025-05-08,1h 5m,Hành lý xách tay 7 kg,Hành lý 0 kg,2025-05-04,PQC
485,PQC0188,Vietnam Airlines,1.279.719 VND/khách,05:40,2025-05-08,06:40,2025-05-08,1h 0m,Hành lý xách tay 1 x 12 kg,Hành lý 23 kg,2025-05-04,PQC
486,PQC0275,Vietnam Airlines,1.392.606 VND/khách,15:05,2025-05-08,16:10,2025-05-08,1h 5m,Hành lý xách tay 1 x 12 kg,Hành lý 23 kg,2025-05-04,PQC
487,PQC0048,VietJet Air,1.447.217 VND/khách,09:20,2025-05-08,10:20,2025-05-08,1h 0m,Hành lý xách tay 7 kg,Hành lý 0 kg,2025-05-04,PQC
488,PQC0072,VietJet Air,1.447.217 VND/khách,11:35,2025-05-08,12:35,2025-05-08,1h 0m,Hành lý xách tay 7 kg,Hành lý 0 kg,2025-05-04,PQC
489,PQC0257,Vietnam Airlines,1.570.428 VND/khách,13:05,2025-05-08,14:00,2025-05-08,55m,Hành lý xách tay 1 x 12 kg,Hành lý 23 kg,2025-05-04,PQC
490,PQC0232,Vietnam Airlines,1.704.294 VND/khách,10:25,2025-05-08,11:25,2025-05-08,1h 0m,Hành lý xách tay 1 x 12 kg,Hành lý 23 kg,2025-05-04,PQC
491,PQC0209,Vietnam Airlines,1.715.283 VND/khách,08:10,2025-05-08,08:55,2025-05-08,45m,Hành lý xách tay 1 x 12 kg,Hành lý 23 kg,2025-05-04,PQC
495,PQC0007,Bamboo Airways,1.117.555 VND/khách,16:30,2025-05-09,17:30,2025-05-09,1h 0m,Hành lý xách tay 7 kg,Hành lý 0 kg,2025-05-04,PQC
496,PQC0330,Vietravel Airlines,1.154.108 VND/khách,17:25,2025-05-09,18:25,2025-05-09,1h 0m,Hành lý xách tay 7 kg,Hành lý 0 kg,2025-05-04,PQC
497,PQC0139,VietJet Air,1.277.000 VND/khách,17:10,2025-05-09,18:15,2025-05-09,1h 5m,Hành lý xách tay 7 kg,Hành lý 0 kg,2025-05-04,PQC
498,PQC0024,VietJet Air,1.447.217 VND/khách,05:55,2025-05-09,06:55,2025-05-09,1h 0m,Hành lý xách tay 7 kg,Hành lý 0 kg,2025-05-04,PQC
499,PQC0116,VietJet Air,1.447.217 VND/khách,15:40,2025-05-09,16:40,2025-05-09,1h 0m,Hành lý xách tay 7 kg,Hành lý 0 kg,2025-05-04,PQC
500,PQC0309,Vietnam Airlines,1.508.490 VND/khách,20:20,2025-05-09,21:20,2025-05-09,1h 0m,Hành lý xách tay 1 x 12 kg,Hành lý 23 kg,2025-05-04,PQC
501,PQC0095,VietJet Air,1.567.000 VND/khách,14:05,2025-05-09,15:05,2025-05-09,1h 0m,Hành lý xách tay 7 kg,Hành lý 0 kg,2025-05-04,PQC
502,PQC0049,VietJet Air,1.683.000 VND/khách,09:20,2025-05-09,10:20,2025-05-09,1h 0m,Hành lý xách tay 7 kg,Hành lý 0 kg,2025-05-04,PQC
503,PQC0073,VietJet Air,1.683.000 VND/khách,11:35,2025-05-09,12:35,2025-05-09,1h 0m,Hành lý xách tay 7 kg,Hành lý 0 kg,2025-05-04,PQC
504,PQC0276,Vietnam Airlines,1.711.287 VND/khách,15:05,2025-05-09,16:10,2025-05-09,1h 5m,Hành lý xách tay 1 x 12 kg,Hành lý 23 kg,2025-05-04,PQC
505,PQC0189,Vietnam Airlines,1.744.254 VND/khách,05:40,2025-05-09,06:40,2025-05-09,1h 0m,Hành lý xách tay 1 x 12 kg,Hành lý 23 kg,2025-05-04,PQC
506,PQC0233,Vietnam Airlines,1.900.556 VND/khách,10:25,2025-05-09,11:25,2025-05-09,1h 0m,Hành lý xách tay 1 x 12 kg,Hành lý 23 kg,2025-05-04,PQC
507,PQC0249,Vietnam Airlines,1.900.556 VND/khách,13:00,2025-05-09,14:00,2025-05-09,1h 0m,Hành lý xách tay 1 x 12 kg,Hành lý 23 kg,2025-05-04,PQC
510,PQC0331,Vietravel Airlines,951.615 VND/khách,17:25,2025-05-10,18:25,2025-05-10,1h 0m,Hành lý xách tay 7 kg,Hành lý 0 kg,2025-05-04,PQC
511,PQC0140,VietJet Air,1.127.000 VND/khách,17:10,2025-05-10,18:15,2025-05-10,1h 5m,Hành lý xách tay 7 kg,Hành lý 0 kg,2025-05-04,PQC
512,PQC0025,VietJet Air,1.277.000 VND/khách,05:55,2025-05-10,06:55,2025-05-10,1h 0m,Hành lý xách tay 7 kg,Hành lý 0 kg,2025-05-04,PQC
513,PQC0096,VietJet Air,1.277.000 VND/khách,14:05,2025-05-10,15:05,2025-05-10,1h 0m,Hành lý xách tay 7 kg,Hành lý 0 kg,2025-05-04,PQC
514,PQC0117,VietJet Air,1.277.000 VND/khách,15:40,2025-05-10,16:40,2025-05-10,1h 0m,Hành lý xách tay 7 kg,Hành lý 0 kg,2025-05-04,PQC
515,PQC0074,VietJet Air,1.447.217 VND/khách,11:35,2025-05-10,12:35,2025-05-10,1h 0m,Hành lý xách tay 7 kg,Hành lý 0 kg,2025-05-04,PQC
516,PQC0277,Vietnam Airlines,1.508.490 VND/khách,15:05,2025-05-10,16:10,2025-05-10,1h 5m,Hành lý xách tay 1 x 12 kg,Hành lý 23 kg,2025-05-04,PQC
517,PQC0050,VietJet Air,1.567.000 VND/khách,09:20,2025-05-10,10:20,2025-05-10,1h 0m,Hành lý xách tay 7 kg,Hành lý 0 kg,2025-05-04,PQC
518,PQC0258,Vietnam Airlines,1.801.197 VND/khách,13:05,2025-05-10,14:00,2025-05-10,55m,Hành lý xách tay 1 x 12 kg,Hành lý 23 kg,2025-05-04,PQC
519,PQC0190,Vietnam Airlines,1.900.556 VND/khách,05:40,2025-05-10,06:40,2025-05-10,1h 0m,Hành lý xách tay 1 x 12 kg,Hành lý 23 kg,2025-05-04,PQC
520,PQC0234,Vietnam Airlines,1.900.556 VND/khách,10:25,2025-05-10,11:25,2025-05-10,1h 0m,Hành lý xách tay 1 x 12 kg,Hành lý 23 kg,2025-05-04,PQC
521,PQC0211,Vietnam Airlines,1.959.445 VND/khách,08:10,2025-05-10,08:55,2025-05-10,45m,Hành lý xách tay 1 x 12 kg,Hành lý 23 kg,2025-05-04,PQC
525,PQC0008,Bamboo Airways,806.903 VND/khách,16:30,2025-05-11,17:30,2025-05-11,1h 0m,Hành lý xách tay 7 kg,Hành lý 0 kg,2025-05-04,PQC
526,PQC0332,Vietravel Airlines,742.140 VND/khách,17:25,2025-05-11,18:25,2025-05-11,1h 0m,Hành lý xách tay 7 kg,Hành lý 0 kg,2025-05-04,PQC
527,PQC0141,VietJet Air,815.000 VND/khách,17:10,2025-05-11,18:15,2025-05-11,1h 5m,Hành lý xách tay 7 kg,Hành lý 0 kg,2025-05-04,PQC
528,PQC0026,VietJet Air,1.033.000 VND/khách,05:55,2025-05-11,06:55,2025-05-11,1h 0m,Hành lý xách tay 7 kg,Hành lý 0 kg,2025-05-04,PQC
529,PQC0118,VietJet Air,1.033.000 VND/khách,15:40,2025-05-11,16:40,2025-05-11,1h 0m,Hành lý xách tay 7 kg,Hành lý 0 kg,2025-05-04,PQC
530,PQC0075,VietJet Air,1.127.000 VND/khách,11:35,2025-05-11,12:35,2025-05-11,1h 0m,Hành lý xách tay 7 kg,Hành lý 0 kg,2025-05-04,PQC
531,PQC0097,VietJet Air,1.127.000 VND/khách,14:05,2025-05-11,15:05,2025-05-11,1h 0m,Hành lý xách tay 7 kg,Hành lý 0 kg,2025-05-04,PQC
532,PQC0191,Vietnam Airlines,1.166.832 VND/khách,05:40,2025-05-11,06:40,2025-05-11,1h 0m,Hành lý xách tay 1 x 12 kg,Hành lý 23 kg,2025-05-04,PQC
533,PQC0310,Vietnam Airlines,1.166.832 VND/khách,20:20,2025-05-11,21:20,2025-05-11,1h 0m,Hành lý xách tay 1 x 12 kg,Hành lý 23 kg,2025-05-04,PQC
534,PQC0051,VietJet Air,1.273.000 VND/khách,09:20,2025-05-11,10:20,2025-05-11,1h 0m,Hành lý xách tay 7 kg,Hành lý 0 kg,2025-05-04,PQC
535,PQC0278,Vietnam Airlines,1.279.719 VND/khách,15:05,2025-05-11,16:10,2025-05-11,1h 5m,Hành lý xách tay 1 x 12 kg,Hành lý 23 kg,2025-05-04,PQC
536,PQC0259,Vietnam Airlines,1.373.625 VND/khách,13:05,2025-05-11,14:00,2025-05-11,55m,Hành lý xách tay 1 x 12 kg,Hành lý 23 kg,2025-05-04,PQC
537,PQC0235,Vietnam Airlines,1.373.625 VND/khách,10:25,2025-05-11,11:25,2025-05-11,1h 0m,Hành lý xách tay 1 x 12 kg,Hành lý 23 kg,2025-05-04,PQC
538,PQC0212,Vietnam Airlines,1.489.509 VND/khách,08:10,2025-05-11,08:55,2025-05-11,45m,Hành lý xách tay 1 x 12 kg,Hành lý 23 kg,2025-05-04,PQC
541,PQC0021,VietJet Air,1.051.550 VND/khách,05:55,2025-05-06,06:55,2025-05-06,1h 0m,Hành lý xách tay 7 kg,Hành lý 0 kg,2025-05-05,PQC
542,PQC0113,VietJet Air,1.051.550 VND/khách,15:40,2025-05-06,16:40,2025-05-06,1h 0m,Hành lý xách tay 7 kg,Hành lý 0 kg,2025-05-05,PQC
543,PQC0136,VietJet Air,1.051.550 VND/khách,17:10,2025-05-06,18:15,2025-05-06,1h 5m,Hành lý xách tay 7 kg,Hành lý 0 kg,2025-05-05,PQC
544,PQC0327,Vietravel Airlines,1.077.300 VND/khách,17:25,2025-05-06,18:25,2025-05-06,1h 0m,Hành lý xách tay 7 kg,Hành lý 0 kg,2025-05-05,PQC
545,PQC0064,VietJet Air,1.164.598 VND/khách,11:30,2025-05-06,12:30,2025-05-06,1h 0m,Hành lý xách tay 7 kg,Hành lý 0 kg,2025-05-05,PQC
546,PQC0070,VietJet Air,1.164.598 VND/khách,11:35,2025-05-06,12:35,2025-05-06,1h 0m,Hành lý xách tay 7 kg,Hành lý 0 kg,2025-05-05,PQC
547,PQC0092,VietJet Air,1.164.598 VND/khách,14:05,2025-05-06,15:05,2025-05-06,1h 0m,Hành lý xách tay 7 kg,Hành lý 0 kg,2025-05-05,PQC
548,PQC0186,Vietnam Airlines,1.168.830 VND/khách,05:40,2025-05-06,06:40,2025-05-06,1h 0m,Hành lý xách tay 10 kg,Hành lý 23 kg,2025-05-05,PQC
549,PQC0046,VietJet Air,1.262.000 VND/khách,09:20,2025-05-06,10:20,2025-05-06,1h 0m,Hành lý xách tay 7 kg,Hành lý 0 kg,2025-05-05,PQC
550,PQC0273,Vietnam Airlines,1.393.605 VND/khách,15:05,2025-05-06,16:10,2025-05-06,1h 5m,Hành lý xách tay 10 kg,Hành lý 23 kg,2025-05-05,PQC
551,PQC0207,Vietnam Airlines,1.509.489 VND/khách,08:10,2025-05-06,08:55,2025-05-06,45m,Hành lý xách tay 10 kg,Hành lý 23 kg,2025-05-05,PQC
552,PQC0230,Vietnam Airlines,1.543.455 VND/khách,10:25,2025-05-06,11:25,2025-05-06,1h 0m,Hành lý xách tay 10 kg,Hành lý 23 kg,2025-05-05,PQC
553,PQC0255,Vietnam Airlines,1.717.281 VND/khách,13:05,2025-05-06,14:00,2025-05-06,55m,Hành lý xách tay 10 kg,Hành lý 23 kg,2025-05-05,PQC
557,PQC0006,Bamboo Airways,826.753 VND/khách,16:30,2025-05-07,17:30,2025-05-07,1h 0m,Hành lý xách tay 7 kg,Hành lý 0 kg,2025-05-05,PQC
558,PQC0328,Vietravel Airlines,829.920 VND/khách,17:25,2025-05-07,18:25,2025-05-07,1h 0m,Hành lý xách tay 7 kg,Hành lý 0 kg,2025-05-05,PQC
559,PQC0022,VietJet Air,1.051.550 VND/khách,05:55,2025-05-07,06:55,2025-05-07,1h 0m,Hành lý xách tay 7 kg,Hành lý 0 kg,2025-05-05,PQC
560,PQC0114,VietJet Air,1.051.550 VND/khách,15:40,2025-05-07,16:40,2025-05-07,1h 0m,Hành lý xách tay 7 kg,Hành lý 0 kg,2025-05-05,PQC
561,PQC0137,VietJet Air,1.051.550 VND/khách,17:10,2025-05-07,18:15,2025-05-07,1h 5m,Hành lý xách tay 7 kg,Hành lý 0 kg,2025-05-05,PQC
562,PQC0093,VietJet Air,1.164.598 VND/khách,14:05,2025-05-07,15:05,2025-05-07,1h 0m,Hành lý xách tay 7 kg,Hành lý 0 kg,2025-05-05,PQC
563,PQC0187,Vietnam Airlines,1.171.827 VND/khách,05:40,2025-05-07,06:40,2025-05-07,1h 0m,Hành lý xách tay 10 kg,Hành lý 23 kg,2025-05-05,PQC
564,PQC0071,VietJet Air,1.262.000 VND/khách,11:35,2025-05-07,12:35,2025-05-07,1h 0m,Hành lý xách tay 7 kg,Hành lý 0 kg,2025-05-05,PQC
565,PQC0208,Vietnam Airlines,1.397.601 VND/khách,08:10,2025-05-07,08:55,2025-05-07,45m,Hành lý xách tay 10 kg,Hành lý 23 kg,2025-05-05,PQC
566,PQC0274,Vietnam Airlines,1.397.601 VND/khách,15:05,2025-05-07,16:10,2025-05-07,1h 5m,Hành lý xách tay 10 kg,Hành lý 23 kg,2025-05-05,PQC
567,PQC0231,Vietnam Airlines,1.513.485 VND/khách,10:25,2025-05-07,11:25,2025-05-07,1h 0m,Hành lý xách tay 10 kg,Hành lý 23 kg,2025-05-05,PQC
568,PQC0047,VietJet Air,1.616.788 VND/khách,09:20,2025-05-07,10:20,2025-05-07,1h 0m,Hành lý xách tay 7 kg,Hành lý 0 kg,2025-05-05,PQC
569,PQC0256,Vietnam Airlines,1.807.191 VND/khách,13:05,2025-05-07,14:00,2025-05-07,55m,Hành lý xách tay 10 kg,Hành lý 23 kg,2025-05-05,PQC
572,PQC0329,Vietravel Airlines,1.133.160 VND/khách,17:25,2025-05-08,18:25,2025-05-08,1h 0m,Hành lý xách tay 7 kg,Hành lý 0 kg,2025-05-05,PQC
573,PQC0023,VietJet Air,1.164.598 VND/khách,05:55,2025-05-08,06:55,2025-05-08,1h 0m,Hành lý xách tay 7 kg,Hành lý 0 kg,2025-05-05,PQC
574,PQC0094,VietJet Air,1.262.000 VND/khách,14:05,2025-05-08,15:05,2025-05-08,1h 0m,Hành lý xách tay 7 kg,Hành lý 0 kg,2025-05-05,PQC
575,PQC0115,VietJet Air,1.262.000 VND/khách,15:40,2025-05-08,16:40,2025-05-08,1h 0m,Hành lý xách tay 7 kg,Hành lý 0 kg,2025-05-05,PQC
576,PQC0038,VietJet Air,1.262.000 VND/khách,08:25,2025-05-08,09:30,2025-05-08,1h 5m,Hành lý xách tay 7 kg,Hành lý 0 kg,2025-05-05,PQC
577,PQC0138,VietJet Air,1.262.000 VND/khách,17:10,2025-05-08,18:15,2025-05-08,1h 5m,Hành lý xách tay 7 kg,Hành lý 0 kg,2025-05-05,PQC
578,PQC0155,VietJet Air,1.262.000 VND/khách,17:40,2025-05-08,18:45,2025-05-08,1h 5m,Hành lý xách tay 7 kg,Hành lý 0 kg,2025-05-05,PQC
579,PQC0188,Vietnam Airlines,1.295.154 VND/khách,05:40,2025-05-08,06:40,2025-05-08,1h 0m,Hành lý xách tay 10 kg,Hành lý 23 kg,2025-05-05,PQC
580,PQC0275,Vietnam Airlines,1.411.137 VND/khách,15:05,2025-05-08,16:10,2025-05-08,1h 5m,Hành lý xách tay 10 kg,Hành lý 23 kg,2025-05-05,PQC
581,PQC0048,VietJet Air,1.447.217 VND/khách,09:20,2025-05-08,10:20,2025-05-08,1h 0m,Hành lý xách tay 7 kg,Hành lý 0 kg,2025-05-05,PQC
582,PQC0072,VietJet Air,1.447.217 VND/khách,11:35,2025-05-08,12:35,2025-05-08,1h 0m,Hành lý xách tay 7 kg,Hành lý 0 kg,2025-05-05,PQC
583,PQC0209,Vietnam Airlines,1.735.463 VND/khách,08:10,2025-05-08,08:55,2025-05-08,45m,Hành lý xách tay 10 kg,Hành lý 23 kg,2025-05-05,PQC
584,PQC0232,Vietnam Airlines,1.735.463 VND/khách,10:25,2025-05-08,11:25,2025-05-08,1h 0m,Hành lý xách tay 10 kg,Hành lý 23 kg,2025-05-05,PQC
585,PQC0257,Vietnam Airlines,1.746.252 VND/khách,13:05,2025-05-08,14:00,2025-05-08,55m,Hành lý xách tay 10 kg,Hành lý 23 kg,2025-05-05,PQC
589,PQC0007,Bamboo Airways,1.161.225 VND/khách,16:30,2025-05-09,17:30,2025-05-09,1h 0m,Hành lý xách tay 7 kg,Hành lý 0 kg,2025-05-05,PQC
590,PQC0330,Vietravel Airlines,1.155.105 VND/khách,17:25,2025-05-09,18:25,2025-05-09,1h 0m,Hành lý xách tay 7 kg,Hành lý 0 kg,2025-05-05,PQC
591,PQC0139,VietJet Air,1.262.000 VND/khách,17:10,2025-05-09,18:15,2025-05-09,1h 5m,Hành lý xách tay 7 kg,Hành lý 0 kg,2025-05-05,PQC
592,PQC0024,VietJet Air,1.447.217 VND/khách,05:55,2025-05-09,06:55,2025-05-09,1h 0m,Hành lý xách tay 7 kg,Hành lý 0 kg,2025-05-05,PQC
593,PQC0116,VietJet Air,1.447.217 VND/khách,15:40,2025-05-09,16:40,2025-05-09,1h 0m,Hành lý xách tay 7 kg,Hành lý 0 kg,2025-05-05,PQC
594,PQC0309,Vietnam Airlines,1.510.488 VND/khách,20:20,2025-05-09,21:20,2025-05-09,1h 0m,Hành lý xách tay 10 kg,Hành lý 23 kg,2025-05-05,PQC
595,PQC0095,VietJet Air,1.616.788 VND/khách,14:05,2025-05-09,15:05,2025-05-09,1h 0m,Hành lý xách tay 7 kg,Hành lý 0 kg,2025-05-05,PQC
596,PQC0276,Vietnam Airlines,1.712.286 VND/khách,15:05,2025-05-09,16:10,2025-05-09,1h 5m,Hành lý xách tay 10 kg,Hành lý 23 kg,2025-05-05,PQC
597,PQC0049,VietJet Air,1.741.141 VND/khách,09:20,2025-05-09,10:20,2025-05-09,1h 0m,Hành lý xách tay 7 kg,Hành lý 0 kg,2025-05-05,PQC
598,PQC0073,VietJet Air,1.741.141 VND/khách,11:35,2025-05-09,12:35,2025-05-09,1h 0m,Hành lý xách tay 7 kg,Hành lý 0 kg,2025-05-05,PQC
599,PQC0189,Vietnam Airlines,1.746.252 VND/khách,05:40,2025-05-09,06:40,2025-05-09,1h 0m,Hành lý xách tay 10 kg,Hành lý 23 kg,2025-05-05,PQC
600,PQC0233,Vietnam Airlines,1.900.556 VND/khách,10:25,2025-05-09,11:25,2025-05-09,1h 0m,Hành lý xách tay 10 kg,Hành lý 23 kg,2025-05-05,PQC
601,PQC0249,Vietnam Airlines,1.900.556 VND/khách,13:00,2025-05-09,14:00,2025-05-09,1h 0m,Hành lý xách tay 10 kg,Hành lý 23 kg,2025-05-05,PQC
604,PQC0331,Vietravel Airlines,1.005.480 VND/khách,17:25,2025-05-10,18:25,2025-05-10,1h 0m,Hành lý xách tay 7 kg,Hành lý 0 kg,2025-05-05,PQC
605,PQC0140,VietJet Air,1.164.598 VND/khách,17:10,2025-05-10,18:15,2025-05-10,1h 5m,Hành lý xách tay 7 kg,Hành lý 0 kg,2025-05-05,PQC
606,PQC0025,VietJet Air,1.262.000 VND/khách,05:55,2025-05-10,06:55,2025-05-10,1h 0m,Hành lý xách tay 7 kg,Hành lý 0 kg,2025-05-05,PQC
607,PQC0096,VietJet Air,1.262.000 VND/khách,14:05,2025-05-10,15:05,2025-05-10,1h 0m,Hành lý xách tay 7 kg,Hành lý 0 kg,2025-05-05,PQC
608,PQC0117,VietJet Air,1.262.000 VND/khách,15:40,2025-05-10,16:40,2025-05-10,1h 0m,Hành lý xách tay 7 kg,Hành lý 0 kg,2025-05-05,PQC
609,PQC0074,VietJet Air,1.447.217 VND/khách,11:35,2025-05-10,12:35,2025-05-10,1h 0m,Hành lý xách tay 7 kg,Hành lý 0 kg,2025-05-05,PQC
610,PQC0277,Vietnam Airlines,1.510.488 VND/khách,15:05,2025-05-10,16:10,2025-05-10,1h 5m,Hành lý xách tay 10 kg,Hành lý 23 kg,2025-05-05,PQC
611,PQC0050,VietJet Air,1.616.788 VND/khách,09:20,2025-05-10,10:20,2025-05-10,1h 0m,Hành lý xách tay 7 kg,Hành lý 0 kg,2025-05-05,PQC
612,PQC0258,Vietnam Airlines,1.746.252 VND/khách,13:05,2025-05-10,14:00,2025-05-10,55m,Hành lý xách tay 10 kg,Hành lý 23 kg,2025-05-05,PQC
613,PQC0190,Vietnam Airlines,1.900.556 VND/khách,05:40,2025-05-10,06:40,2025-05-10,1h 0m,Hành lý xách tay 10 kg,Hành lý 23 kg,2025-05-05,PQC
614,PQC0234,Vietnam Airlines,1.900.556 VND/khách,10:25,2025-05-10,11:25,2025-05-10,1h 0m,Hành lý xách tay 10 kg,Hành lý 23 kg,2025-05-05,PQC
615,PQC0211,Vietnam Airlines,1.959.445 VND/khách,08:10,2025-05-10,08:55,2025-05-10,45m,Hành lý xách tay 10 kg,Hành lý 23 kg,2025-05-05,PQC
619,PQC0008,Bamboo Airways,826.753 VND/khách,16:30,2025-05-11,17:30,2025-05-11,1h 0m,Hành lý xách tay 7 kg,Hành lý 0 kg,2025-05-05,PQC
620,PQC0332,Vietravel Airlines,743.138 VND/khách,17:25,2025-05-11,18:25,2025-05-11,1h 0m,Hành lý xách tay 7 kg,Hành lý 0 kg,2025-05-05,PQC
621,PQC0141,VietJet Air,825.456 VND/khách,17:10,2025-05-11,18:15,2025-05-11,1h 5m,Hành lý xách tay 7 kg,Hành lý 0 kg,2025-05-05,PQC
622,PQC0026,VietJet Air,1.051.550 VND/khách,05:55,2025-05-11,06:55,2025-05-11,1h 0m,Hành lý xách tay 7 kg,Hành lý 0 kg,2025-05-05,PQC
623,PQC0118,VietJet Air,1.051.550 VND/khách,15:40,2025-05-11,16:40,2025-05-11,1h 0m,Hành lý xách tay 7 kg,Hành lý 0 kg,2025-05-05,PQC
624,PQC0075,VietJet Air,1.164.598 VND/khách,11:35,2025-05-11,12:35,2025-05-11,1h 0m,Hành lý xách tay 7 kg,Hành lý 0 kg,2025-05-05,PQC
625,PQC0097,VietJet Air,1.164.598 VND/khách,14:05,2025-05-11,15:05,2025-05-11,1h 0m,Hành lý xách tay 7 kg,Hành lý 0 kg,2025-05-05,PQC
626,PQC0191,Vietnam Airlines,1.171.827 VND/khách,05:40,2025-05-11,06:40,2025-05-11,1h 0m,Hành lý xách tay 10 kg,Hành lý 23 kg,2025-05-05,PQC
627,PQC0310,Vietnam Airlines,1.171.827 VND/khách,20:20,2025-05-11,21:20,2025-05-11,1h 0m,Hành lý xách tay 10 kg,Hành lý 23 kg,2025-05-05,PQC
628,PQC0051,VietJet Air,1.262.000 VND/khách,09:20,2025-05-11,10:20,2025-05-11,1h 0m,Hành lý xách tay 7 kg,Hành lý 0 kg,2025-05-05,PQC
629,PQC0278,Vietnam Airlines,1.281.717 VND/khách,15:05,2025-05-11,16:10,2025-05-11,1h 5m,Hành lý xách tay 10 kg,Hành lý 23 kg,2025-05-05,PQC
630,PQC0259,Vietnam Airlines,1.374.624 VND/khách,13:05,2025-05-11,14:00,2025-05-11,55m,Hành lý xách tay 10 kg,Hành lý 23 kg,2025-05-05,PQC
631,PQC0235,Vietnam Airlines,1.374.624 VND/khách,10:25,2025-05-11,11:25,2025-05-11,1h 0m,Hành lý xách tay 10 kg,Hành lý 23 kg,2025-05-05,PQC
632,PQC0212,Vietnam Airlines,1.721.277 VND/khách,08:10,2025-05-11,08:55,2025-05-11,45m,Hành lý xách tay 10 kg,Hành lý 23 kg,2025-05-05,PQC
635,PQC0328,Vietravel Airlines,971.565 VND/khách,17:25,2025-05-07,18:25,2025-05-07,1h 0m,Hành lý xách tay 7 kg,Hành lý 0 kg,2025-05-06,PQC
636,PQC0114,VietJet Air,1.034.000 VND/khách,15:40,2025-05-07,16:40,2025-05-07,1h 0m,Hành lý xách tay 7 kg,Hành lý 0 kg,2025-05-06,PQC
637,PQC0137,VietJet Air,1.034.000 VND/khách,17:10,2025-05-07,18:15,2025-05-07,1h 5m,Hành lý xách tay 7 kg,Hành lý 0 kg,2025-05-06,PQC
638,PQC0022,VietJet Air,1.066.000 VND/khách,05:55,2025-05-07,06:55,2025-05-07,1h 0m,Hành lý xách tay 7 kg,Hành lý 0 kg,2025-05-06,PQC
639,PQC0093,VietJet Air,1.154.000 VND/khách,14:05,2025-05-07,15:05,2025-05-07,1h 0m,Hành lý xách tay 7 kg,Hành lý 0 kg,2025-05-06,PQC
640,PQC0006,Bamboo Airways,1.167.757 VND/khách,16:30,2025-05-07,17:30,2025-05-07,1h 0m,Hành lý xách tay 7 kg,Hành lý 0 kg,2025-05-06,PQC
641,PQC0187,Vietnam Airlines,1.261.737 VND/khách,05:40,2025-05-07,06:40,2025-05-07,1h 0m,Hành lý xách tay 10 kg,Hành lý 23 kg,2025-05-06,PQC
642,PQC0071,VietJet Air,1.278.000 VND/khách,11:35,2025-05-07,12:35,2025-05-07,1h 0m,Hành lý xách tay 7 kg,Hành lý 0 kg,2025-05-06,PQC
643,PQC0231,Vietnam Airlines,1.504.494 VND/khách,10:25,2025-05-07,11:25,2025-05-07,1h 0m,Hành lý xách tay 10 kg,Hành lý 23 kg,2025-05-06,PQC
644,PQC0208,Vietnam Airlines,1.537.461 VND/khách,08:10,2025-05-07,08:55,2025-05-07,45m,Hành lý xách tay 10 kg,Hành lý 23 kg,2025-05-06,PQC
645,PQC0047,VietJet Air,1.617.229 VND/khách,09:20,2025-05-07,10:20,2025-05-07,1h 0m,Hành lý xách tay 7 kg,Hành lý 0 kg,2025-05-06,PQC
646,PQC0274,Vietnam Airlines,1.707.291 VND/khách,15:05,2025-05-07,16:10,2025-05-07,1h 5m,Hành lý xách tay 10 kg,Hành lý 23 kg,2025-05-06,PQC
647,PQC0256,Vietnam Airlines,1.797.201 VND/khách,13:05,2025-05-07,14:00,2025-05-07,55m,Hành lý xách tay 10 kg,Hành lý 23 kg,2025-05-06,PQC
649,PQC0329,Vietravel Airlines,1.151.115 VND/khách,17:25,2025-05-08,18:25,2025-05-08,1h 0m,Hành lý xách tay 7 kg,Hành lý 0 kg,2025-05-06,PQC
650,PQC0023,VietJet Air,1.154.000 VND/khách,05:55,2025-05-08,06:55,2025-05-08,1h 0m,Hành lý xách tay 7 kg,Hành lý 0 kg,2025-05-06,PQC
651,PQC0115,VietJet Air,1.154.000 VND/khách,15:40,2025-05-08,16:40,2025-05-08,1h 0m,Hành lý xách tay 7 kg,Hành lý 0 kg,2025-05-06,PQC
652,PQC0138,VietJet Air,1.154.000 VND/khách,17:10,2025-05-08,18:15,2025-05-08,1h 5m,Hành lý xách tay 7 kg,Hành lý 0 kg,2025-05-06,PQC
653,PQC0155,VietJet Air,1.154.000 VND/khách,17:40,2025-05-08,18:45,2025-05-08,1h 5m,Hành lý xách tay 7 kg,Hành lý 0 kg,2025-05-06,PQC
654,PQC0188,Vietnam Airlines,1.272.726 VND/khách,05:40,2025-05-08,06:40,2025-05-08,1h 0m,Hành lý xách tay 10 kg,Hành lý 23 kg,2025-05-06,PQC
655,PQC0094,VietJet Air,1.300.000 VND/khách,14:05,2025-05-08,15:05,2025-05-08,1h 0m,Hành lý xách tay 7 kg,Hành lý 0 kg,2025-05-06,PQC
656,PQC0038,VietJet Air,1.300.000 VND/khách,08:25,2025-05-08,09:30,2025-05-08,1h 5m,Hành lý xách tay 7 kg,Hành lý 0 kg,2025-05-06,PQC
657,PQC0048,VietJet Air,1.416.000 VND/khách,09:20,2025-05-08,10:20,2025-05-08,1h 0m,Hành lý xách tay 7 kg,Hành lý 0 kg,2025-05-06,PQC
658,PQC0072,VietJet Air,1.416.000 VND/khách,11:35,2025-05-08,12:35,2025-05-08,1h 0m,Hành lý xách tay 7 kg,Hành lý 0 kg,2025-05-06,PQC
659,PQC0275,Vietnam Airlines,1.497.501 VND/khách,15:05,2025-05-08,16:10,2025-05-08,1h 5m,Hành lý xách tay 10 kg,Hành lý 23 kg,2025-05-06,PQC
660,PQC0232,Vietnam Airlines,1.703.295 VND/khách,10:25,2025-05-08,11:25,2025-05-08,1h 0m,Hành lý xách tay 10 kg,Hành lý 23 kg,2025-05-06,PQC
661,PQC0257,Vietnam Airlines,1.740.258 VND/khách,13:05,2025-05-08,14:00,2025-05-08,55m,Hành lý xách tay 10 kg,Hành lý 23 kg,2025-05-06,PQC
662,PQC0209,Vietnam Airlines,1.844.639 VND/khách,08:10,2025-05-08,08:55,2025-05-08,45m,Hành lý xách tay 10 kg,Hành lý 23 kg,2025-05-06,PQC
665,PQC0330,Vietravel Airlines,1.128.173 VND/khách,17:25,2025-05-09,18:25,2025-05-09,1h 0m,Hành lý xách tay 7 kg,Hành lý 0 kg,2025-05-06,PQC
666,PQC0007,Bamboo Airways,1.245.267 VND/khách,16:30,2025-05-09,17:30,2025-05-09,1h 0m,Hành lý xách tay 7 kg,Hành lý 0 kg,2025-05-06,PQC
667,PQC0116,VietJet Air,1.278.000 VND/khách,15:40,2025-05-09,16:40,2025-05-09,1h 0m,Hành lý xách tay 7 kg,Hành lý 0 kg,2025-05-06,PQC
668,PQC0139,VietJet Air,1.281.000 VND/khách,17:10,2025-05-09,18:15,2025-05-09,1h 5m,Hành lý xách tay 7 kg,Hành lý 0 kg,2025-05-06,PQC
669,PQC0024,VietJet Air,1.416.000 VND/khách,05:55,2025-05-09,06:55,2025-05-09,1h 0m,Hành lý xách tay 7 kg,Hành lý 0 kg,2025-05-06,PQC
670,PQC0309,Vietnam Airlines,1.537.461 VND/khách,20:20,2025-05-09,21:20,2025-05-09,1h 0m,Hành lý xách tay 10 kg,Hành lý 23 kg,2025-05-06,PQC
671,PQC0095,VietJet Air,1.616.761 VND/khách,14:05,2025-05-09,15:05,2025-05-09,1h 0m,Hành lý xách tay 7 kg,Hành lý 0 kg,2025-05-06,PQC
672,PQC0276,Vietnam Airlines,1.703.295 VND/khách,15:05,2025-05-09,16:10,2025-05-09,1h 5m,Hành lý xách tay 10 kg,Hành lý 23 kg,2025-05-06,PQC
673,PQC0189,Vietnam Airlines,1.740.258 VND/khách,05:40,2025-05-09,06:40,2025-05-09,1h 0m,Hành lý xách tay 10 kg,Hành lý 23 kg,2025-05-06,PQC
674,PQC0049,VietJet Air,1.741.111 VND/khách,09:20,2025-05-09,10:20,2025-05-09,1h 0m,Hành lý xách tay 7 kg,Hành lý 0 kg,2025-05-06,PQC
675,PQC0073,VietJet Air,1.741.111 VND/khách,11:35,2025-05-09,12:35,2025-05-09,1h 0m,Hành lý xách tay 7 kg,Hành lý 0 kg,2025-05-06,PQC
676,PQC0249,Vietnam Airlines,1.959.364 VND/khách,13:00,2025-05-09,14:00,2025-05-09,1h 0m,Hành lý xách tay 10 kg,Hành lý 23 kg,2025-05-06,PQC
679,PQC0331,Vietravel Airlines,1.050.368 VND/khách,17:25,2025-05-10,18:25,2025-05-10,1h 0m,Hành lý xách tay 7 kg,Hành lý 0 kg,2025-05-06,PQC
680,PQC0140,VietJet Air,1.146.000 VND/khách,17:10,2025-05-10,18:15,2025-05-10,1h 5m,Hành lý xách tay 7 kg,Hành lý 0 kg,2025-05-06,PQC
681,PQC0117,VietJet Air,1.278.000 VND/khách,15:40,2025-05-10,16:40,2025-05-10,1h 0m,Hành lý xách tay 7 kg,Hành lý 0 kg,2025-05-06,PQC
682,PQC0096,VietJet Air,1.285.000 VND/khách,14:05,2025-05-10,15:05,2025-05-10,1h 0m,Hành lý xách tay 7 kg,Hành lý 0 kg,2025-05-06,PQC
683,PQC0277,Vietnam Airlines,1.485.513 VND/khách,15:05,2025-05-10,16:10,2025-05-10,1h 5m,Hành lý xách tay 10 kg,Hành lý 23 kg,2025-05-06,PQC
684,PQC0025,VietJet Air,1.616.761 VND/khách,05:55,2025-05-10,06:55,2025-05-10,1h 0m,Hành lý xách tay 7 kg,Hành lý 0 kg,2025-05-06,PQC
685,PQC0258,Vietnam Airlines,1.900.486 VND/khách,13:05,2025-05-10,14:00,2025-05-10,55m,Hành lý xách tay 10 kg,Hành lý 23 kg,2025-05-06,PQC
686,PQC0190,Vietnam Airlines,1.954.202 VND/khách,05:40,2025-05-10,06:40,2025-05-10,1h 0m,Hành lý xách tay 10 kg,Hành lý 23 kg,2025-05-06,PQC
687,PQC0234,Vietnam Airlines,1.954.202 VND/khách,10:25,2025-05-10,11:25,2025-05-10,1h 0m,Hành lý xách tay 10 kg,Hành lý 23 kg,2025-05-06,PQC
688,PQC0211,Vietnam Airlines,1.959.373 VND/khách,08:10,2025-05-10,08:55,2025-05-10,45m,Hành lý xách tay 10 kg,Hành lý 23 kg,2025-05-06,PQC
691,PQC0332,Vietravel Airlines,766.476 VND/khách,17:25,2025-05-11,18:25,2025-05-11,1h 0m,Hành lý xách tay 7 kg,Hành lý 0 kg,2025-05-06,PQC
692,PQC0141,VietJet Air,806.000 VND/khách,17:10,2025-05-11,18:15,2025-05-11,1h 5m,Hành lý xách tay 7 kg,Hành lý 0 kg,2025-05-06,PQC
693,PQC0008,Bamboo Airways,869.953 VND/khách,16:30,2025-05-11,17:30,2025-05-11,1h 0m,Hành lý xách tay 7 kg,Hành lý 0 kg,2025-05-06,PQC
694,PQC0026,VietJet Air,1.013.000 VND/khách,05:55,2025-05-11,06:55,2025-05-11,1h 0m,Hành lý xách tay 7 kg,Hành lý 0 kg,2025-05-06,PQC
695,PQC0118,VietJet Air,1.013.000 VND/khách,15:40,2025-05-11,16:40,2025-05-11,1h 0m,Hành lý xách tay 7 kg,Hành lý 0 kg,2025-05-06,PQC
696,PQC0097,VietJet Air,1.148.000 VND/khách,14:05,2025-05-11,15:05,2025-05-11,1h 0m,Hành lý xách tay 7 kg,Hành lý 0 kg,2025-05-06,PQC
697,PQC0310,Vietnam Airlines,1.165.833 VND/khách,20:20,2025-05-11,21:20,2025-05-11,1h 0m,Hành lý xách tay 10 kg,Hành lý 23 kg,2025-05-06,PQC
698,PQC0191,Vietnam Airlines,1.274.724 VND/khách,05:40,2025-05-11,06:40,2025-05-11,1h 0m,Hành lý xách tay 10 kg,Hành lý 23 kg,2025-05-06,PQC
699,PQC0278,Vietnam Airlines,1.274.724 VND/khách,15:05,2025-05-11,16:10,2025-05-11,1h 5m,Hành lý xách tay 10 kg,Hành lý 23 kg,2025-05-06,PQC
700,PQC0051,VietJet Air,1.295.000 VND/khách,09:20,2025-05-11,10:20,2025-05-11,1h 0m,Hành lý xách tay 7 kg,Hành lý 0 kg,2025-05-06,PQC
701,PQC0075,VietJet Air,1.295.000 VND/khách,11:35,2025-05-11,12:35,2025-05-11,1h 0m,Hành lý xách tay 7 kg,Hành lý 0 kg,2025-05-06,PQC
702,PQC0259,Vietnam Airlines,1.386.612 VND/khách,13:05,2025-05-11,14:00,2025-05-11,55m,Hành lý xách tay 10 kg,Hành lý 23 kg,2025-05-06,PQC
703,PQC0235,Vietnam Airlines,1.386.612 VND/khách,10:25,2025-05-11,11:25,2025-05-11,1h 0m,Hành lý xách tay 10 kg,Hành lý 23 kg,2025-05-06,PQC
704,PQC0212,Vietnam Airlines,1.713.285 VND/khách,08:10,2025-05-11,08:55,2025-05-11,45m,Hành lý xách tay 10 kg,Hành lý 23 kg,2025-05-06,PQC
707,PQC0333,Vietravel Airlines,755.000 VND/khách,17:25,2025-04-21,18:25,2025-04-21,1h 0m,,,2025-04-07,PQC
708,PQC0027,VietJet Air,833.000 VND/khách,05:55,2025-04-21,06:55,2025-04-21,1h 0m,,,2025-04-07,PQC
709,PQC0142,VietJet Air,833.000 VND/khách,17:10,2025-04-21,18:15,2025-04-21,1h 5m,,,2025-04-07,PQC
710,PQC0171,Vietnam Airlines,923.544 VND/khách,05:25,2025-04-21,06:20,2025-04-21,55m,,,2025-04-07,PQC
711,PQC0119,VietJet Air,1.054.000 VND/khách,15:40,2025-04-21,16:40,2025-04-21,1h 0m,,,2025-04-07,PQC
712,PQC0009,Bamboo Airways,1.167.757 VND/khách,16:30,2025-04-21,17:30,2025-04-21,1h 0m,,,2025-04-07,PQC
713,PQC0098,VietJet Air,1.168.000 VND/khách,14:05,2025-04-21,15:05,2025-04-21,1h 0m,,,2025-04-07,PQC
714,PQC0192,Vietnam Airlines,1.248.648 VND/khách,05:40,2025-04-21,06:40,2025-04-21,1h 0m,,,2025-04-07,PQC
715,PQC0052,VietJet Air,1.301.000 VND/khách,09:20,2025-04-21,10:20,2025-04-21,1h 0m,,,2025-04-07,PQC
716,PQC0076,VietJet Air,1.301.000 VND/khách,11:35,2025-04-21,12:35,2025-04-21,1h 0m,,,2025-04-07,PQC
717,PQC0213,Vietnam Airlines,1.762.190 VND/khách,08:10,2025-04-21,08:55,2025-04-21,45m,,,2025-04-07,PQC
718,PQC0236,Vietnam Airlines,1.906.092 VND/khách,10:25,2025-04-21,11:25,2025-04-21,1h 0m,,,2025-04-07,PQC
719,PQC0279,Vietnam Airlines,1.906.092 VND/khách,15:05,2025-04-21,16:10,2025-04-21,1h 5m,,,2025-04-07,PQC
720,PQC0260,Vietnam Airlines,1.911.087 VND/khách,13:05,2025-04-21,14:00,2025-04-21,55m,,,2025-04-07,PQC
721,PQC0334,Vietravel Airlines,759.000 VND/khách,17:25,2025-04-22,18:25,2025-04-22,1h 0m,,,2025-04-07,PQC
722,PQC0172,Vietnam Airlines,811.725 VND/khách,05:25,2025-04-22,06:20,2025-04-22,55m,,,2025-04-07,PQC
723,PQC0028,VietJet Air,833.000 VND/khách,05:55,2025-04-22,06:55,2025-04-22,1h 0m,,,2025-04-07,PQC
724,PQC0120,VietJet Air,833.000 VND/khách,15:40,2025-04-22,16:40,2025-04-22,1h 0m,,,2025-04-07,PQC
725,PQC0143,VietJet Air,833.000 VND/khách,17:10,2025-04-22,18:15,2025-04-22,1h 5m,,,2025-04-07,PQC
726,PQC0077,VietJet Air,1.168.000 VND/khách,11:35,2025-04-22,12:35,2025-04-22,1h 0m,,,2025-04-07,PQC
727,PQC0099,VietJet Air,1.168.000 VND/khách,14:05,2025-04-22,15:05,2025-04-22,1h 0m,,,2025-04-07,PQC
728,PQC0193,Vietnam Airlines,1.248.648 VND/khách,05:40,2025-04-22,06:40,2025-04-22,1h 0m,,,2025-04-07,PQC
729,PQC0053,VietJet Air,1.301.000 VND/khách,09:20,2025-04-22,10:20,2025-04-22,1h 0m,,,2025-04-07,PQC
730,PQC0214,Vietnam Airlines,1.762.190 VND/khách,08:10,2025-04-22,08:55,2025-04-22,45m,,,2025-04-07,PQC
731,PQC0280,Vietnam Airlines,1.762.190 VND/khách,15:05,2025-04-22,16:10,2025-04-22,1h 5m,,,2025-04-07,PQC
732,PQC0261,Vietnam Airlines,1.846.152 VND/khách,13:05,2025-04-22,14:00,2025-04-22,55m,,,2025-04-07,PQC
733,PQC0237,Vietnam Airlines,1.846.152 VND/khách,10:25,2025-04-22,11:25,2025-04-22,1h 0m,,,2025-04-07,PQC
734,PQC0335,Vietravel Airlines,756.000 VND/khách,17:25,2025-04-23,18:25,2025-04-23,1h 0m,,,2025-04-07,PQC
735,PQC0173,Vietnam Airlines,811.725 VND/khách,05:25,2025-04-23,06:20,2025-04-23,55m,,,2025-04-07,PQC
736,PQC0029,VietJet Air,837.000 VND/khách,05:55,2025-04-23,06:55,2025-04-23,1h 0m,,,2025-04-07,PQC
737,PQC0121,VietJet Air,837.000 VND/khách,15:40,2025-04-23,16:40,2025-04-23,1h 0m,,,2025-04-07,PQC
738,PQC0144,VietJet Air,837.000 VND/khách,17:10,2025-04-23,18:15,2025-04-23,1h 5m,,,2025-04-07,PQC
739,PQC0100,VietJet Air,1.169.000 VND/khách,14:05,2025-04-23,15:05,2025-04-23,1h 0m,,,2025-04-07,PQC
740,PQC0010,Bamboo Airways,1.173.625 VND/khách,16:30,2025-04-23,17:30,2025-04-23,1h 0m,,,2025-04-07,PQC
741,PQC0194,Vietnam Airlines,1.248.648 VND/khách,05:40,2025-04-23,06:40,2025-04-23,1h 0m,,,2025-04-07,PQC
742,PQC0054,VietJet Air,1.302.000 VND/khách,09:20,2025-04-23,10:20,2025-04-23,1h 0m,,,2025-04-07,PQC
743,PQC0078,VietJet Air,1.302.000 VND/khách,11:35,2025-04-23,12:35,2025-04-23,1h 0m,,,2025-04-07,PQC
744,PQC0215,Vietnam Airlines,1.762.190 VND/khách,08:10,2025-04-23,08:55,2025-04-23,45m,,,2025-04-07,PQC
745,PQC0262,Vietnam Airlines,1.762.190 VND/khách,13:05,2025-04-23,14:00,2025-04-23,55m,,,2025-04-07,PQC
746,PQC0281,Vietnam Airlines,1.762.190 VND/khách,15:05,2025-04-23,16:10,2025-04-23,1h 5m,,,2025-04-07,PQC
747,PQC0238,Vietnam Airlines,1.852.266 VND/khách,10:25,2025-04-23,11:25,2025-04-23,1h 0m,,,2025-04-07,PQC
748,PQC0336,Vietravel Airlines,1.139.000 VND/khách,17:25,2025-04-24,18:25,2025-04-24,1h 0m,,,2025-04-07,PQC
749,PQC0030,VietJet Air,1.157.000 VND/khách,05:55,2025-04-24,06:55,2025-04-24,1h 0m,,,2025-04-07,PQC
750,PQC0174,Vietnam Airlines,1.248.648 VND/khách,05:25,2025-04-24,06:20,2025-04-24,55m,,,2025-04-07,PQC
751,PQC0101,VietJet Air,1.293.000 VND/khách,14:05,2025-04-24,15:05,2025-04-24,1h 0m,,,2025-04-07,PQC
752,PQC0122,VietJet Air,1.293.000 VND/khách,15:40,2025-04-24,16:40,2025-04-24,1h 0m,,,2025-04-07,PQC
753,PQC0039,VietJet Air,1.293.000 VND/khách,08:25,2025-04-24,09:30,2025-04-24,1h 5m,,,2025-04-07,PQC
754,PQC0145,VietJet Air,1.293.000 VND/khách,17:10,2025-04-24,18:15,2025-04-24,1h 5m,,,2025-04-07,PQC
755,PQC0158,VietJet Air,1.293.000 VND/khách,17:40,2025-04-24,18:45,2025-04-24,1h 5m,,,2025-04-07,PQC
756,PQC0195,Vietnam Airlines,1.360.468 VND/khách,05:40,2025-04-24,06:40,2025-04-24,1h 0m,,,2025-04-07,PQC
757,PQC0055,VietJet Air,1.411.000 VND/khách,09:20,2025-04-24,10:20,2025-04-24,1h 0m,,,2025-04-07,PQC
758,PQC0079,VietJet Air,1.411.000 VND/khách,11:35,2025-04-24,12:35,2025-04-24,1h 0m,,,2025-04-07,PQC
759,PQC0282,Vietnam Airlines,1.762.190 VND/khách,15:05,2025-04-24,16:10,2025-04-24,1h 5m,,,2025-04-07,PQC
760,PQC0239,Vietnam Airlines,1.846.152 VND/khách,10:25,2025-04-24,11:25,2025-04-24,1h 0m,,,2025-04-07,PQC
761,PQC0217,Vietnam Airlines,1.852.266 VND/khách,08:10,2025-04-24,08:55,2025-04-24,45m,,,2025-04-07,PQC
762,PQC0263,Vietnam Airlines,1.852.266 VND/khách,13:05,2025-04-24,14:00,2025-04-24,55m,,,2025-04-07,PQC
763,PQC0337,Vietravel Airlines,1.140.000 VND/khách,17:25,2025-04-25,18:25,2025-04-25,1h 0m,,,2025-04-07,PQC
764,PQC0031,VietJet Air,1.302.000 VND/khách,05:55,2025-04-25,06:55,2025-04-25,1h 0m,,,2025-04-07,PQC
765,PQC0123,VietJet Air,1.302.000 VND/khách,15:40,2025-04-25,16:40,2025-04-25,1h 0m,,,2025-04-07,PQC
766,PQC0146,VietJet Air,1.302.000 VND/khách,17:10,2025-04-25,18:15,2025-04-25,1h 5m,,,2025-04-07,PQC
767,PQC0175,Vietnam Airlines,1.360.468 VND/khách,05:25,2025-04-25,06:20,2025-04-25,55m,,,2025-04-07,PQC
768,PQC0102,VietJet Air,1.450.000 VND/khách,14:05,2025-04-25,15:05,2025-04-25,1h 0m,,,2025-04-07,PQC
769,PQC0011,Bamboo Airways,1.517.000 VND/khách,16:30,2025-04-25,17:30,2025-04-25,1h 0m,,,2025-04-07,PQC
770,PQC0196,Vietnam Airlines,1.572.718 VND/khách,05:40,2025-04-25,06:40,2025-04-25,1h 0m,,,2025-04-07,PQC
771,PQC0080,VietJet Air,1.601.000 VND/khách,11:35,2025-04-25,12:35,2025-04-25,1h 0m,,,2025-04-07,PQC
772,PQC0056,VietJet Air,1.715.000 VND/khách,09:20,2025-04-25,10:20,2025-04-25,1h 0m,,,2025-04-07,PQC
773,PQC0311,Vietnam Airlines,1.762.190 VND/khách,20:20,2025-04-25,21:20,2025-04-25,1h 0m,,,2025-04-07,PQC
774,PQC0218,Vietnam Airlines,1.911.087 VND/khách,08:10,2025-04-25,08:55,2025-04-25,45m,,,2025-04-07,PQC
775,PQC0240,Vietnam Airlines,1.911.087 VND/khách,10:25,2025-04-25,11:25,2025-04-25,1h 0m,,,2025-04-07,PQC
776,PQC0250,Vietnam Airlines,1.911.087 VND/khách,13:00,2025-04-25,14:00,2025-04-25,1h 0m,,,2025-04-07,PQC
777,PQC0283,Vietnam Airlines,1.911.087 VND/khách,15:05,2025-04-25,16:10,2025-04-25,1h 5m,,,2025-04-07,PQC
778,PQC0124,VietJet Air,1.028.000 VND/khách,15:40,2025-04-26,16:40,2025-04-26,1h 0m,,,2025-04-07,PQC
779,PQC0147,VietJet Air,1.028.000 VND/khách,17:10,2025-04-26,18:15,2025-04-26,1h 5m,,,2025-04-07,PQC
780,PQC0338,Vietravel Airlines,1.065.000 VND/khách,17:25,2025-04-26,18:25,2025-04-26,1h 0m,,,2025-04-07,PQC
781,PQC0032,VietJet Air,1.157.000 VND/khách,05:55,2025-04-26,06:55,2025-04-26,1h 0m,,,2025-04-07,PQC
782,PQC0176,Vietnam Airlines,1.248.648 VND/khách,05:25,2025-04-26,06:20,2025-04-26,55m,,,2025-04-07,PQC
783,PQC0103,VietJet Air,1.294.000 VND/khách,14:05,2025-04-26,15:05,2025-04-26,1h 0m,,,2025-04-07,PQC
784,PQC0197,Vietnam Airlines,1.360.468 VND/khách,05:40,2025-04-26,06:40,2025-04-26,1h 0m,,,2025-04-07,PQC
785,PQC0057,VietJet Air,1.593.000 VND/khách,09:20,2025-04-26,10:20,2025-04-26,1h 0m,,,2025-04-07,PQC
786,PQC0081,VietJet Air,1.593.000 VND/khách,11:35,2025-04-26,12:35,2025-04-26,1h 0m,,,2025-04-07,PQC
787,PQC0312,Vietnam Airlines,1.673.147 VND/khách,20:20,2025-04-26,21:20,2025-04-26,1h 0m,,,2025-04-07,PQC
788,PQC0219,Vietnam Airlines,1.852.266 VND/khách,08:10,2025-04-26,08:55,2025-04-26,45m,,,2025-04-07,PQC
789,PQC0284,Vietnam Airlines,1.852.266 VND/khách,15:05,2025-04-26,16:10,2025-04-26,1h 5m,,,2025-04-07,PQC
790,PQC0264,Vietnam Airlines,1.906.092 VND/khách,13:05,2025-04-26,14:00,2025-04-26,55m,,,2025-04-07,PQC
791,PQC0241,Vietnam Airlines,1.906.092 VND/khách,10:25,2025-04-26,11:25,2025-04-26,1h 0m,,,2025-04-07,PQC
792,PQC0148,VietJet Air,807.000 VND/khách,17:10,2025-04-27,18:15,2025-04-27,1h 5m,,,2025-04-07,PQC
793,PQC0339,Vietravel Airlines,888.000 VND/khách,17:25,2025-04-27,18:25,2025-04-27,1h 0m,,,2025-04-07,PQC
794,PQC0177,Vietnam Airlines,923.544 VND/khách,05:25,2025-04-27,06:20,2025-04-27,55m,,,2025-04-07,PQC
795,PQC0033,VietJet Air,1.028.000 VND/khách,05:55,2025-04-27,06:55,2025-04-27,1h 0m,,,2025-04-07,PQC
796,PQC0125,VietJet Air,1.028.000 VND/khách,15:40,2025-04-27,16:40,2025-04-27,1h 0m,,,2025-04-07,PQC
797,PQC0198,Vietnam Airlines,1.136.829 VND/khách,05:40,2025-04-27,06:40,2025-04-27,1h 0m,,,2025-04-07,PQC
798,PQC0104,VietJet Air,1.157.000 VND/khách,14:05,2025-04-27,15:05,2025-04-27,1h 0m,,,2025-04-07,PQC
799,PQC0012,Bamboo Airways,1.173.625 VND/khách,16:30,2025-04-27,17:30,2025-04-27,1h 0m,,,2025-04-07,PQC
800,PQC0058,VietJet Air,1.294.000 VND/khách,09:20,2025-04-27,10:20,2025-04-27,1h 0m,,,2025-04-07,PQC
801,PQC0082,VietJet Air,1.294.000 VND/khách,11:35,2025-04-27,12:35,2025-04-27,1h 0m,,,2025-04-07,PQC
802,PQC0313,Vietnam Airlines,1.472.287 VND/khách,20:20,2025-04-27,21:20,2025-04-27,1h 0m,,,2025-04-07,PQC
803,PQC0285,Vietnam Airlines,1.673.147 VND/khách,15:05,2025-04-27,16:10,2025-04-27,1h 5m,,,2025-04-07,PQC
804,PQC0220,Vietnam Airlines,1.852.266 VND/khách,08:10,2025-04-27,08:55,2025-04-27,45m,,,2025-04-07,PQC
805,PQC0265,Vietnam Airlines,1.852.266 VND/khách,13:05,2025-04-27,14:00,2025-04-27,55m,,,2025-04-07,PQC
806,PQC0242,Vietnam Airlines,1.911.087 VND/khách,10:25,2025-04-27,11:25,2025-04-27,1h 0m,,,2025-04-07,PQC
807,PQC0329,Vietravel Airlines,1.078.298 VND/khách,17:25,2025-05-08,18:25,2025-05-08,1h 0m,Hành lý xách tay 7 kg,Hành lý 0 kg,2025-05-07,PQC
808,PQC0023,VietJet Air,1.163.000 VND/khách,05:55,2025-05-08,06:55,2025-05-08,1h 0m,Hành lý xách tay 7 kg,Hành lý 0 kg,2025-05-07,PQC
809,PQC0115,VietJet Air,1.163.000 VND/khách,15:40,2025-05-08,16:40,2025-05-08,1h 0m,Hành lý xách tay 7 kg,Hành lý 0 kg,2025-05-07,PQC
810,PQC0038,VietJet Air,1.163.000 VND/khách,08:25,2025-05-08,09:30,2025-05-08,1h 5m,Hành lý xách tay 7 kg,Hành lý 0 kg,2025-05-07,PQC
811,PQC0138,VietJet Air,1.163.000 VND/khách,17:10,2025-05-08,18:15,2025-05-08,1h 5m,Hành lý xách tay 7 kg,Hành lý 0 kg,2025-05-07,PQC
812,PQC0155,VietJet Air,1.163.000 VND/khách,17:40,2025-05-08,18:45,2025-05-08,1h 5m,Hành lý xách tay 7 kg,Hành lý 0 kg,2025-05-07,PQC
813,PQC0094,VietJet Air,1.284.000 VND/khách,14:05,2025-05-08,15:05,2025-05-08,1h 0m,Hành lý xách tay 7 kg,Hành lý 0 kg,2025-05-07,PQC
814,PQC0188,Vietnam Airlines,1.411.137 VND/khách,05:40,2025-05-08,06:40,2025-05-08,1h 0m,Hành lý xách tay 10 kg,Hành lý 23 kg,2025-05-07,PQC
815,PQC0048,VietJet Air,1.423.000 VND/khách,09:20,2025-05-08,10:20,2025-05-08,1h 0m,Hành lý xách tay 7 kg,Hành lý 0 kg,2025-05-07,PQC
816,PQC0072,VietJet Air,1.423.000 VND/khách,11:35,2025-05-08,12:35,2025-05-08,1h 0m,Hành lý xách tay 7 kg,Hành lý 0 kg,2025-05-07,PQC
817,PQC0275,Vietnam Airlines,1.527.121 VND/khách,15:05,2025-05-08,16:10,2025-05-08,1h 5m,Hành lý xách tay 10 kg,Hành lý 23 kg,2025-05-07,PQC
818,PQC0257,Vietnam Airlines,1.748.250 VND/khách,13:05,2025-05-08,14:00,2025-05-08,55m,Hành lý xách tay 10 kg,Hành lý 23 kg,2025-05-07,PQC
819,PQC0209,Vietnam Airlines,1.900.486 VND/khách,08:10,2025-05-08,08:55,2025-05-08,45m,Hành lý xách tay 10 kg,Hành lý 23 kg,2025-05-07,PQC
820,PQC0232,Vietnam Airlines,1.900.486 VND/khách,10:25,2025-05-08,11:25,2025-05-08,1h 0m,Hành lý xách tay 10 kg,Hành lý 23 kg,2025-05-07,PQC
823,PQC0330,Vietravel Airlines,1.153.110 VND/khách,17:25,2025-05-09,18:25,2025-05-09,1h 0m,Hành lý xách tay 7 kg,Hành lý 0 kg,2025-05-07,PQC
824,PQC0007,Bamboo Airways,1.167.757 VND/khách,16:30,2025-05-09,17:30,2025-05-09,1h 0m,Hành lý xách tay 7 kg,Hành lý 0 kg,2025-05-07,PQC
825,PQC0116,VietJet Air,1.295.000 VND/khách,15:40,2025-05-09,16:40,2025-05-09,1h 0m,Hành lý xách tay 7 kg,Hành lý 0 kg,2025-05-07,PQC
826,PQC0139,VietJet Air,1.295.000 VND/khách,17:10,2025-05-09,18:15,2025-05-09,1h 5m,Hành lý xách tay 7 kg,Hành lý 0 kg,2025-05-07,PQC
827,PQC0024,VietJet Air,1.411.000 VND/khách,05:55,2025-05-09,06:55,2025-05-09,1h 0m,Hành lý xách tay 7 kg,Hành lý 0 kg,2025-05-07,PQC
828,PQC0309,Vietnam Airlines,1.541.457 VND/khách,20:20,2025-05-09,21:20,2025-05-09,1h 0m,Hành lý xách tay 10 kg,Hành lý 23 kg,2025-05-07,PQC
829,PQC0095,VietJet Air,1.565.000 VND/khách,14:05,2025-05-09,15:05,2025-05-09,1h 0m,Hành lý xách tay 7 kg,Hành lý 0 kg,2025-05-07,PQC
830,PQC0049,VietJet Air,1.686.000 VND/khách,09:20,2025-05-09,10:20,2025-05-09,1h 0m,Hành lý xách tay 7 kg,Hành lý 0 kg,2025-05-07,PQC
831,PQC0073,VietJet Air,1.686.000 VND/khách,11:35,2025-05-09,12:35,2025-05-09,1h 0m,Hành lý xách tay 7 kg,Hành lý 0 kg,2025-05-07,PQC
832,PQC0276,Vietnam Airlines,1.714.284 VND/khách,15:05,2025-05-09,16:10,2025-05-09,1h 5m,Hành lý xách tay 10 kg,Hành lý 23 kg,2025-05-07,PQC
833,PQC0189,Vietnam Airlines,1.743.255 VND/khách,05:40,2025-05-09,06:40,2025-05-09,1h 0m,Hành lý xách tay 10 kg,Hành lý 23 kg,2025-05-07,PQC
834,PQC0249,Vietnam Airlines,1.959.373 VND/khách,13:00,2025-05-09,14:00,2025-05-09,1h 0m,Hành lý xách tay 10 kg,Hành lý 23 kg,2025-05-07,PQC
835,PQC0233,Vietnam Airlines,2.016.981 VND/khách,10:25,2025-05-09,11:25,2025-05-09,1h 0m,Hành lý xách tay 10 kg,Hành lý 23 kg,2025-05-07,PQC
838,PQC0331,Vietravel Airlines,981.211 VND/khách,17:25,2025-05-10,18:25,2025-05-10,1h 0m,Hành lý xách tay 7 kg,Hành lý 0 kg,2025-05-07,PQC
839,PQC0140,VietJet Air,1.156.000 VND/khách,17:10,2025-05-10,18:15,2025-05-10,1h 5m,Hành lý xách tay 7 kg,Hành lý 0 kg,2025-05-07,PQC
840,PQC0096,VietJet Air,1.299.000 VND/khách,14:05,2025-05-10,15:05,2025-05-10,1h 0m,Hành lý xách tay 7 kg,Hành lý 0 kg,2025-05-07,PQC
841,PQC0117,VietJet Air,1.299.000 VND/khách,15:40,2025-05-10,16:40,2025-05-10,1h 0m,Hành lý xách tay 7 kg,Hành lý 0 kg,2025-05-07,PQC
842,PQC0277,Vietnam Airlines,1.545.453 VND/khách,15:05,2025-05-10,16:10,2025-05-10,1h 5m,Hành lý xách tay 10 kg,Hành lý 23 kg,2025-05-07,PQC
843,PQC0025,VietJet Air,1.570.000 VND/khách,05:55,2025-05-10,06:55,2025-05-10,1h 0m,Hành lý xách tay 7 kg,Hành lý 0 kg,2025-05-07,PQC
844,PQC0074,VietJet Air,1.777.000 VND/khách,11:35,2025-05-10,12:35,2025-05-10,1h 0m,Hành lý xách tay 7 kg,Hành lý 0 kg,2025-05-07,PQC
845,PQC0258,Vietnam Airlines,1.844.648 VND/khách,13:05,2025-05-10,14:00,2025-05-10,55m,Hành lý xách tay 10 kg,Hành lý 23 kg,2025-05-07,PQC
846,PQC0190,Vietnam Airlines,1.954.202 VND/khách,05:40,2025-05-10,06:40,2025-05-10,1h 0m,Hành lý xách tay 10 kg,Hành lý 23 kg,2025-05-07,PQC
847,PQC0211,Vietnam Airlines,1.959.373 VND/khách,08:10,2025-05-10,08:55,2025-05-10,45m,Hành lý xách tay 10 kg,Hành lý 23 kg,2025-05-07,PQC
848,PQC0234,Vietnam Airlines,1.959.373 VND/khách,10:25,2025-05-10,11:25,2025-05-10,1h 0m,Hành lý xách tay 10 kg,Hành lý 23 kg,2025-05-07,PQC
851,PQC0332,Vietravel Airlines,766.476 VND/khách,17:25,2025-05-11,18:25,2025-05-11,1h 0m,Hành lý xách tay 7 kg,Hành lý 0 kg,2025-05-07,PQC
852,PQC0008,Bamboo Airways,782.244 VND/khách,16:30,2025-05-11,17:30,2025-05-11,1h 0m,Hành lý xách tay 7 kg,Hành lý 0 kg,2025-05-07,PQC
853,PQC0141,VietJet Air,825.000 VND/khách,17:10,2025-05-11,18:15,2025-05-11,1h 5m,Hành lý xách tay 7 kg,Hành lý 0 kg,2025-05-07,PQC
854,PQC0118,VietJet Air,837.000 VND/khách,15:40,2025-05-11,16:40,2025-05-11,1h 0m,Hành lý xách tay 7 kg,Hành lý 0 kg,2025-05-07,PQC
855,PQC0026,VietJet Air,1.043.000 VND/khách,05:55,2025-05-11,06:55,2025-05-11,1h 0m,Hành lý xách tay 7 kg,Hành lý 0 kg,2025-05-07,PQC
856,PQC0097,VietJet Air,1.043.000 VND/khách,14:05,2025-05-11,15:05,2025-05-11,1h 0m,Hành lý xách tay 7 kg,Hành lý 0 kg,2025-05-07,PQC
857,PQC0310,Vietnam Airlines,1.165.833 VND/khách,20:20,2025-05-11,21:20,2025-05-11,1h 0m,Hành lý xách tay 10 kg,Hành lý 23 kg,2025-05-07,PQC
858,PQC0075,VietJet Air,1.262.000 VND/khách,11:35,2025-05-11,12:35,2025-05-11,1h 0m,Hành lý xách tay 7 kg,Hành lý 0 kg,2025-05-07,PQC
859,PQC0278,Vietnam Airlines,1.263.735 VND/khách,15:05,2025-05-11,16:10,2025-05-11,1h 5m,Hành lý xách tay 10 kg,Hành lý 23 kg,2025-05-07,PQC
860,PQC0051,VietJet Air,1.299.000 VND/khách,09:20,2025-05-11,10:20,2025-05-11,1h 0m,Hành lý xách tay 7 kg,Hành lý 0 kg,2025-05-07,PQC
861,PQC0259,Vietnam Airlines,1.365.633 VND/khách,13:05,2025-05-11,14:00,2025-05-11,55m,Hành lý xách tay 10 kg,Hành lý 23 kg,2025-05-07,PQC
862,PQC0191,Vietnam Airlines,1.545.453 VND/khách,05:40,2025-05-11,06:40,2025-05-11,1h 0m,Hành lý xách tay 10 kg,Hành lý 23 kg,2025-05-07,PQC
863,PQC0235,Vietnam Airlines,1.545.453 VND/khách,10:25,2025-05-11,11:25,2025-05-11,1h 0m,Hành lý xách tay 10 kg,Hành lý 23 kg,2025-05-07,PQC
864,PQC0212,Vietnam Airlines,1.707.291 VND/khách,08:10,2025-05-11,08:55,2025-05-11,45m,Hành lý xách tay 10 kg,Hành lý 23 kg,2025-05-07,PQC
867,PQC0330,Vietravel Airlines,1.162.033 VND/khách,17:25,2025-05-09,18:25,2025-05-09,1h 0m,Hành lý xách tay 7 kg,Hành lý 0 kg,2025-05-08,PQC
868,PQC0007,Bamboo Airways,1.013.756 VND/khách,16:30,2025-05-09,17:30,2025-05-09,1h 0m,Hành lý xách tay 7 kg,Hành lý 0 kg,2025-05-08,PQC
869,PQC0116,VietJet Air,1.280.000 VND/khách,15:40,2025-05-09,16:40,2025-05-09,1h 0m,Hành lý xách tay 7 kg,Hành lý 0 kg,2025-05-08,PQC
870,PQC0139,VietJet Air,1.280.000 VND/khách,17:10,2025-05-09,18:15,2025-05-09,1h 5m,Hành lý xách tay 7 kg,Hành lý 0 kg,2025-05-08,PQC
871,PQC0024,VietJet Air,1.415.000 VND/khách,05:55,2025-05-09,06:55,2025-05-09,1h 0m,Hành lý xách tay 7 kg,Hành lý 0 kg,2025-05-08,PQC
872,PQC0095,VietJet Air,1.611.513 VND/khách,14:05,2025-05-09,15:05,2025-05-09,1h 0m,Hành lý xách tay 7 kg,Hành lý 0 kg,2025-05-08,PQC
873,PQC0049,VietJet Air,1.735.863 VND/khách,09:20,2025-05-09,10:20,2025-05-09,1h 0m,Hành lý xách tay 7 kg,Hành lý 0 kg,2025-05-08,PQC
874,PQC0073,VietJet Air,1.735.863 VND/khách,11:35,2025-05-09,12:35,2025-05-09,1h 0m,Hành lý xách tay 7 kg,Hành lý 0 kg,2025-05-08,PQC
875,PQC0309,Vietnam Airlines,1.827.820 VND/khách,20:20,2025-05-09,21:20,2025-05-09,1h 0m,Hành lý xách tay 10 kg,Hành lý 23 kg,2025-05-08,PQC
876,PQC0189,Vietnam Airlines,1.921.252 VND/khách,05:40,2025-05-09,06:40,2025-05-09,1h 0m,Hành lý xách tay 10 kg,Hành lý 23 kg,2025-05-08,PQC
877,PQC0276,Vietnam Airlines,1.921.252 VND/khách,15:05,2025-05-09,16:10,2025-05-09,1h 5m,Hành lý xách tay 10 kg,Hành lý 23 kg,2025-05-08,PQC
878,PQC0233,Vietnam Airlines,2.040.458 VND/khách,10:25,2025-05-09,11:25,2025-05-09,1h 0m,Hành lý xách tay 10 kg,Hành lý 23 kg,2025-05-08,PQC
879,PQC0249,Vietnam Airlines,2.045.827 VND/khách,13:00,2025-05-09,14:00,2025-05-09,1h 0m,Hành lý xách tay 10 kg,Hành lý 23 kg,2025-05-08,PQC
882,PQC0331,Vietravel Airlines,951.615 VND/khách,17:25,2025-05-10,18:25,2025-05-10,1h 0m,Hành lý xách tay 7 kg,Hành lý 0 kg,2025-05-08,PQC
883,PQC0140,VietJet Air,1.145.000 VND/khách,17:10,2025-05-10,18:15,2025-05-10,1h 5m,Hành lý xách tay 7 kg,Hành lý 0 kg,2025-05-08,PQC
884,PQC0117,VietJet Air,1.277.000 VND/khách,15:40,2025-05-10,16:40,2025-05-10,1h 0m,Hành lý xách tay 7 kg,Hành lý 0 kg,2025-05-08,PQC
885,PQC0096,VietJet Air,1.411.000 VND/khách,14:05,2025-05-10,15:05,2025-05-10,1h 0m,Hành lý xách tay 7 kg,Hành lý 0 kg,2025-05-08,PQC
886,PQC0277,Vietnam Airlines,1.477.521 VND/khách,15:05,2025-05-10,16:10,2025-05-10,1h 5m,Hành lý xách tay 10 kg,Hành lý 23 kg,2025-05-08,PQC
887,PQC0025,VietJet Air,1.611.513 VND/khách,05:55,2025-05-10,06:55,2025-05-10,1h 0m,Hành lý xách tay 7 kg,Hành lý 0 kg,2025-05-08,PQC
888,PQC0074,VietJet Air,1.811.000 VND/khách,11:35,2025-05-10,12:35,2025-05-10,1h 0m,Hành lý xách tay 7 kg,Hành lý 0 kg,2025-05-08,PQC
889,PQC0190,Vietnam Airlines,1.941.057 VND/khách,05:40,2025-05-10,06:40,2025-05-10,1h 0m,Hành lý xách tay 10 kg,Hành lý 23 kg,2025-05-08,PQC
890,PQC0258,Vietnam Airlines,1.968.030 VND/khách,13:05,2025-05-10,14:00,2025-05-10,55m,Hành lý xách tay 10 kg,Hành lý 23 kg,2025-05-08,PQC
891,PQC0234,Vietnam Airlines,1.983.015 VND/khách,10:25,2025-05-10,11:25,2025-05-10,1h 0m,Hành lý xách tay 10 kg,Hành lý 23 kg,2025-05-08,PQC
892,PQC0211,Vietnam Airlines,2.008.989 VND/khách,08:10,2025-05-10,08:55,2025-05-10,45m,Hành lý xách tay 10 kg,Hành lý 23 kg,2025-05-08,PQC
895,PQC0332,Vietravel Airlines,690.270 VND/khách,17:25,2025-05-11,18:25,2025-05-11,1h 0m,Hành lý xách tay 7 kg,Hành lý 0 kg,2025-05-08,PQC
896,PQC0008,Bamboo Airways,782.244 VND/khách,16:30,2025-05-11,17:30,2025-05-11,1h 0m,Hành lý xách tay 7 kg,Hành lý 0 kg,2025-05-08,PQC
897,PQC0141,VietJet Air,812.000 VND/khách,17:10,2025-05-11,18:15,2025-05-11,1h 5m,Hành lý xách tay 7 kg,Hành lý 0 kg,2025-05-08,PQC
898,PQC0026,VietJet Air,1.022.000 VND/khách,05:55,2025-05-11,06:55,2025-05-11,1h 0m,Hành lý xách tay 7 kg,Hành lý 0 kg,2025-05-08,PQC
899,PQC0097,VietJet Air,1.022.000 VND/khách,14:05,2025-05-11,15:05,2025-05-11,1h 0m,Hành lý xách tay 7 kg,Hành lý 0 kg,2025-05-08,PQC
900,PQC0118,VietJet Air,1.029.000 VND/khách,15:40,2025-05-11,16:40,2025-05-11,1h 0m,Hành lý xách tay 7 kg,Hành lý 0 kg,2025-05-08,PQC
901,PQC0310,Vietnam Airlines,1.142.425 VND/khách,20:20,2025-05-11,21:20,2025-05-11,1h 0m,Hành lý xách tay 10 kg,Hành lý 23 kg,2025-05-08,PQC
902,PQC0278,Vietnam Airlines,1.256.742 VND/khách,15:05,2025-05-11,16:10,2025-05-11,1h 5m,Hành lý xách tay 10 kg,Hành lý 23 kg,2025-05-08,PQC
903,PQC0075,VietJet Air,1.258.000 VND/khách,11:35,2025-05-11,12:35,2025-05-11,1h 0m,Hành lý xách tay 7 kg,Hành lý 0 kg,2025-05-08,PQC
904,PQC0051,VietJet Air,1.299.000 VND/khách,09:20,2025-05-11,10:20,2025-05-11,1h 0m,Hành lý xách tay 7 kg,Hành lý 0 kg,2025-05-08,PQC
905,PQC0259,Vietnam Airlines,1.365.633 VND/khách,13:05,2025-05-11,14:00,2025-05-11,55m,Hành lý xách tay 10 kg,Hành lý 23 kg,2025-05-08,PQC
906,PQC0235,Vietnam Airlines,1.536.462 VND/khách,10:25,2025-05-11,11:25,2025-05-11,1h 0m,Hành lý xách tay 10 kg,Hành lý 23 kg,2025-05-08,PQC
907,PQC0191,Vietnam Airlines,1.580.459 VND/khách,05:40,2025-05-11,06:40,2025-05-11,1h 0m,Hành lý xách tay 10 kg,Hành lý 23 kg,2025-05-08,PQC
908,PQC0212,Vietnam Airlines,1.702.296 VND/khách,08:10,2025-05-11,08:55,2025-05-11,45m,Hành lý xách tay 10 kg,Hành lý 23 kg,2025-05-08,PQC
911,PQC0333,Vietravel Airlines,754.549 VND/khách,17:25,2025-04-21,18:25,2025-04-21,1h 0m,,,2025-04-09,PQC
912,PQC0027,VietJet Air,823.701 VND/khách,05:55,2025-04-21,06:55,2025-04-21,1h 0m,,,2025-04-09,PQC
913,PQC0142,VietJet Air,823.701 VND/khách,17:10,2025-04-21,18:15,2025-04-21,1h 5m,,,2025-04-09,PQC
914,PQC0171,Vietnam Airlines,879.056 VND/khách,05:25,2025-04-21,06:20,2025-04-21,55m,,,2025-04-09,PQC
915,PQC0009,Bamboo Airways,1.013.756 VND/khách,16:30,2025-04-21,17:30,2025-04-21,1h 0m,,,2025-04-09,PQC
916,PQC0119,VietJet Air,1.042.497 VND/khách,15:40,2025-04-21,16:40,2025-04-21,1h 0m,,,2025-04-09,PQC
917,PQC0098,VietJet Air,1.149.420 VND/khách,14:05,2025-04-21,15:05,2025-04-21,1h 0m,,,2025-04-09,PQC
918,PQC0192,Vietnam Airlines,1.248.693 VND/khách,05:40,2025-04-21,06:40,2025-04-21,1h 0m,,,2025-04-09,PQC
919,PQC0052,VietJet Air,1.291.983 VND/khách,09:20,2025-04-21,10:20,2025-04-21,1h 0m,,,2025-04-09,PQC
920,PQC0076,VietJet Air,1.291.983 VND/khách,11:35,2025-04-21,12:35,2025-04-21,1h 0m,,,2025-04-09,PQC
921,PQC0213,Vietnam Airlines,1.762.253 VND/khách,08:10,2025-04-21,08:55,2025-04-21,45m,,,2025-04-09,PQC
922,PQC0236,Vietnam Airlines,1.907.091 VND/khách,10:25,2025-04-21,11:25,2025-04-21,1h 0m,,,2025-04-09,PQC
923,PQC0279,Vietnam Airlines,1.907.091 VND/khách,15:05,2025-04-21,16:10,2025-04-21,1h 5m,,,2025-04-09,PQC
924,PQC0260,Vietnam Airlines,1.983.015 VND/khách,13:05,2025-04-21,14:00,2025-04-21,55m,,,2025-04-09,PQC
925,PQC0334,Vietravel Airlines,754.549 VND/khách,17:25,2025-04-22,18:25,2025-04-22,1h 0m,,,2025-04-09,PQC
926,PQC0028,VietJet Air,823.701 VND/khách,05:55,2025-04-22,06:55,2025-04-22,1h 0m,,,2025-04-09,PQC
927,PQC0120,VietJet Air,823.701 VND/khách,15:40,2025-04-22,16:40,2025-04-22,1h 0m,,,2025-04-09,PQC
928,PQC0143,VietJet Air,823.701 VND/khách,17:10,2025-04-22,18:15,2025-04-22,1h 5m,,,2025-04-09,PQC
929,PQC0172,Vietnam Airlines,879.056 VND/khách,05:25,2025-04-22,06:20,2025-04-22,55m,,,2025-04-09,PQC
930,PQC0099,VietJet Air,1.150.410 VND/khách,14:05,2025-04-22,15:05,2025-04-22,1h 0m,,,2025-04-09,PQC
931,PQC0193,Vietnam Airlines,1.248.693 VND/khách,05:40,2025-04-22,06:40,2025-04-22,1h 0m,,,2025-04-09,PQC
932,PQC0053,VietJet Air,1.292.973 VND/khách,09:20,2025-04-22,10:20,2025-04-22,1h 0m,,,2025-04-09,PQC
933,PQC0077,VietJet Air,1.292.973 VND/khách,11:35,2025-04-22,12:35,2025-04-22,1h 0m,,,2025-04-09,PQC
934,PQC0214,Vietnam Airlines,1.762.253 VND/khách,08:10,2025-04-22,08:55,2025-04-22,45m,,,2025-04-09,PQC
935,PQC0280,Vietnam Airlines,1.763.235 VND/khách,15:05,2025-04-22,16:10,2025-04-22,1h 5m,,,2025-04-09,PQC
936,PQC0261,Vietnam Airlines,1.908.244 VND/khách,13:05,2025-04-22,14:00,2025-04-22,55m,,,2025-04-09,PQC
937,PQC0237,Vietnam Airlines,1.908.244 VND/khách,10:25,2025-04-22,11:25,2025-04-22,1h 0m,,,2025-04-09,PQC
938,PQC0335,Vietravel Airlines,754.549 VND/khách,17:25,2025-04-23,18:25,2025-04-23,1h 0m,,,2025-04-09,PQC
939,PQC0029,VietJet Air,823.701 VND/khách,05:55,2025-04-23,06:55,2025-04-23,1h 0m,,,2025-04-09,PQC
940,PQC0129,VietJet Air,823.701 VND/khách,16:25,2025-04-23,17:25,2025-04-23,1h 0m,,,2025-04-09,PQC
941,PQC0144,VietJet Air,823.701 VND/khách,17:10,2025-04-23,18:15,2025-04-23,1h 5m,,,2025-04-09,PQC
942,PQC0173,Vietnam Airlines,905.094 VND/khách,05:25,2025-04-23,06:20,2025-04-23,55m,,,2025-04-09,PQC
943,PQC0010,Bamboo Airways,1.013.756 VND/khách,16:30,2025-04-23,17:30,2025-04-23,1h 0m,,,2025-04-09,PQC
944,PQC0100,VietJet Air,1.149.420 VND/khách,14:05,2025-04-23,15:05,2025-04-23,1h 0m,,,2025-04-09,PQC
945,PQC0194,Vietnam Airlines,1.248.750 VND/khách,05:40,2025-04-23,06:40,2025-04-23,1h 0m,,,2025-04-09,PQC
946,PQC0054,VietJet Air,1.291.983 VND/khách,09:20,2025-04-23,10:20,2025-04-23,1h 0m,,,2025-04-09,PQC
947,PQC0078,VietJet Air,1.291.983 VND/khách,11:35,2025-04-23,12:35,2025-04-23,1h 0m,,,2025-04-09,PQC
948,PQC0215,Vietnam Airlines,1.739.259 VND/khách,08:10,2025-04-23,08:55,2025-04-23,45m,,,2025-04-09,PQC
949,PQC0262,Vietnam Airlines,1.776.222 VND/khách,13:05,2025-04-23,14:00,2025-04-23,55m,,,2025-04-09,PQC
950,PQC0281,Vietnam Airlines,1.776.222 VND/khách,15:05,2025-04-23,16:10,2025-04-23,1h 5m,,,2025-04-09,PQC
951,PQC0238,Vietnam Airlines,1.861.137 VND/khách,10:25,2025-04-23,11:25,2025-04-23,1h 0m,,,2025-04-09,PQC
952,PQC0336,Vietravel Airlines,1.131.823 VND/khách,17:25,2025-04-24,18:25,2025-04-24,1h 0m,,,2025-04-09,PQC
953,PQC0030,VietJet Air,1.148.429 VND/khách,05:55,2025-04-24,06:55,2025-04-24,1h 0m,,,2025-04-09,PQC
954,PQC0174,Vietnam Airlines,1.214.784 VND/khách,05:25,2025-04-24,06:20,2025-04-24,55m,,,2025-04-09,PQC
955,PQC0101,VietJet Air,1.291.983 VND/khách,14:05,2025-04-24,15:05,2025-04-24,1h 0m,,,2025-04-09,PQC
956,PQC0122,VietJet Air,1.291.983 VND/khách,15:40,2025-04-24,16:40,2025-04-24,1h 0m,,,2025-04-09,PQC
957,PQC0039,VietJet Air,1.291.983 VND/khách,08:25,2025-04-24,09:30,2025-04-24,1h 5m,,,2025-04-09,PQC
958,PQC0145,VietJet Air,1.291.983 VND/khách,17:10,2025-04-24,18:15,2025-04-24,1h 5m,,,2025-04-09,PQC
959,PQC0158,VietJet Air,1.291.983 VND/khách,17:40,2025-04-24,18:45,2025-04-24,1h 5m,,,2025-04-09,PQC
960,PQC0195,Vietnam Airlines,1.346.652 VND/khách,05:40,2025-04-24,06:40,2025-04-24,1h 0m,,,2025-04-09,PQC
961,PQC0055,VietJet Air,1.400.886 VND/khách,09:20,2025-04-24,10:20,2025-04-24,1h 0m,,,2025-04-09,PQC
962,PQC0079,VietJet Air,1.400.886 VND/khách,11:35,2025-04-24,12:35,2025-04-24,1h 0m,,,2025-04-09,PQC
963,PQC0282,Vietnam Airlines,1.771.227 VND/khách,15:05,2025-04-24,16:10,2025-04-24,1h 5m,,,2025-04-09,PQC
964,PQC0217,Vietnam Airlines,1.871.127 VND/khách,08:10,2025-04-24,08:55,2025-04-24,45m,,,2025-04-09,PQC
965,PQC0263,Vietnam Airlines,1.900.098 VND/khách,13:05,2025-04-24,14:00,2025-04-24,55m,,,2025-04-09,PQC
966,PQC0239,Vietnam Airlines,1.900.098 VND/khách,10:25,2025-04-24,11:25,2025-04-24,1h 0m,,,2025-04-09,PQC
967,PQC0337,Vietravel Airlines,1.132.808 VND/khách,17:25,2025-04-25,18:25,2025-04-25,1h 0m,,,2025-04-09,PQC
968,PQC0123,VietJet Air,1.291.983 VND/khách,15:40,2025-04-25,16:40,2025-04-25,1h 0m,,,2025-04-09,PQC
969,PQC0146,VietJet Air,1.291.983 VND/khách,17:10,2025-04-25,18:15,2025-04-25,1h 5m,,,2025-04-09,PQC
970,PQC0175,Vietnam Airlines,1.347.651 VND/khách,05:25,2025-04-25,06:20,2025-04-25,55m,,,2025-04-09,PQC
971,PQC0011,Bamboo Airways,1.427.825 VND/khách,16:30,2025-04-25,17:30,2025-04-25,1h 0m,,,2025-04-09,PQC
972,PQC0102,VietJet Air,1.588.001 VND/khách,14:05,2025-04-25,15:05,2025-04-25,1h 0m,,,2025-04-09,PQC
973,PQC0196,Vietnam Airlines,1.588.410 VND/khách,05:40,2025-04-25,06:40,2025-04-25,1h 0m,,,2025-04-09,PQC
974,PQC0080,VietJet Air,1.632.756 VND/khách,11:35,2025-04-25,12:35,2025-04-25,1h 0m,,,2025-04-09,PQC
975,PQC0296,Vietnam Airlines,1.669.329 VND/khách,17:25,2025-04-25,18:25,2025-04-25,1h 0m,,,2025-04-09,PQC
976,PQC0056,VietJet Air,1.715.417 VND/khách,09:20,2025-04-25,10:20,2025-04-25,1h 0m,,,2025-04-09,PQC
977,PQC0311,Vietnam Airlines,1.735.263 VND/khách,20:20,2025-04-25,21:20,2025-04-25,1h 0m,,,2025-04-09,PQC
978,PQC0031,VietJet Air,1.898.868 VND/khách,05:55,2025-04-25,06:55,2025-04-25,1h 0m,,,2025-04-09,PQC
979,PQC0283,Vietnam Airlines,1.983.015 VND/khách,15:05,2025-04-25,16:10,2025-04-25,1h 5m,,,2025-04-09,PQC
980,PQC0250,Vietnam Airlines,1.990.008 VND/khách,13:00,2025-04-25,14:00,2025-04-25,1h 0m,,,2025-04-09,PQC
981,PQC0218,Vietnam Airlines,2.000.997 VND/khách,08:10,2025-04-25,08:55,2025-04-25,45m,,,2025-04-09,PQC
982,PQC0240,Vietnam Airlines,2.000.997 VND/khách,10:25,2025-04-25,11:25,2025-04-25,1h 0m,,,2025-04-09,PQC
983,PQC0338,Vietravel Airlines,957.469 VND/khách,17:25,2025-04-26,18:25,2025-04-26,1h 0m,,,2025-04-09,PQC
984,PQC0147,VietJet Air,1.042.497 VND/khách,17:10,2025-04-26,18:15,2025-04-26,1h 5m,,,2025-04-09,PQC
985,PQC0124,VietJet Air,1.143.328 VND/khách,15:40,2025-04-26,16:40,2025-04-26,1h 0m,,,2025-04-09,PQC
986,PQC0032,VietJet Air,1.178.130 VND/khách,05:55,2025-04-26,06:55,2025-04-26,1h 0m,,,2025-04-09,PQC
987,PQC0176,Vietnam Airlines,1.229.769 VND/khách,05:25,2025-04-26,06:20,2025-04-26,55m,,,2025-04-09,PQC
988,PQC0103,VietJet Air,1.291.983 VND/khách,14:05,2025-04-26,15:05,2025-04-26,1h 0m,,,2025-04-09,PQC
989,PQC0197,Vietnam Airlines,1.343.655 VND/khách,05:40,2025-04-26,06:40,2025-04-26,1h 0m,,,2025-04-09,PQC
990,PQC0057,VietJet Air,1.588.001 VND/khách,09:20,2025-04-26,10:20,2025-04-26,1h 0m,,,2025-04-09,PQC
991,PQC0081,VietJet Air,1.588.001 VND/khách,11:35,2025-04-26,12:35,2025-04-26,1h 0m,,,2025-04-09,PQC
992,PQC0312,Vietnam Airlines,1.746.252 VND/khách,20:20,2025-04-26,21:20,2025-04-26,1h 0m,,,2025-04-09,PQC
993,PQC0284,Vietnam Airlines,1.853.145 VND/khách,15:05,2025-04-26,16:10,2025-04-26,1h 5m,,,2025-04-09,PQC
994,PQC0219,Vietnam Airlines,1.871.127 VND/khách,08:10,2025-04-26,08:55,2025-04-26,45m,,,2025-04-09,PQC
995,PQC0241,Vietnam Airlines,1.953.045 VND/khách,10:25,2025-04-26,11:25,2025-04-26,1h 0m,,,2025-04-09,PQC
996,PQC0264,Vietnam Airlines,1.968.030 VND/khách,13:05,2025-04-26,14:00,2025-04-26,55m,,,2025-04-09,PQC
997,PQC0148,VietJet Air,823.701 VND/khách,17:10,2025-04-27,18:15,2025-04-27,1h 5m,,,2025-04-09,PQC
998,PQC0339,Vietravel Airlines,881.620 VND/khách,17:25,2025-04-27,18:25,2025-04-27,1h 0m,,,2025-04-09,PQC
999,PQC0012,Bamboo Airways,1.013.756 VND/khách,16:30,2025-04-27,17:30,2025-04-27,1h 0m,,,2025-04-09,PQC
1000,PQC0033,VietJet Air,1.042.497 VND/khách,05:55,2025-04-27,06:55,2025-04-27,1h 0m,,,2025-04-09,PQC
1001,PQC0125,VietJet Air,1.042.497 VND/khách,15:40,2025-04-27,16:40,2025-04-27,1h 0m,,,2025-04-09,PQC
1002,PQC0177,Vietnam Airlines,1.118.880 VND/khách,05:25,2025-04-27,06:20,2025-04-27,55m,,,2025-04-09,PQC
1003,PQC0198,Vietnam Airlines,1.140.858 VND/khách,05:40,2025-04-27,06:40,2025-04-27,1h 0m,,,2025-04-09,PQC
1004,PQC0104,VietJet Air,1.149.420 VND/khách,14:05,2025-04-27,15:05,2025-04-27,1h 0m,,,2025-04-09,PQC
1005,PQC0082,VietJet Air,1.291.983 VND/khách,11:35,2025-04-27,12:35,2025-04-27,1h 0m,,,2025-04-09,PQC
1006,PQC0313,Vietnam Airlines,1.462.536 VND/khách,20:20,2025-04-27,21:20,2025-04-27,1h 0m,,,2025-04-09,PQC
1007,PQC0058,VietJet Air,1.588.001 VND/khách,09:20,2025-04-27,10:20,2025-04-27,1h 0m,,,2025-04-09,PQC
1008,PQC0285,Vietnam Airlines,1.662.336 VND/khách,15:05,2025-04-27,16:10,2025-04-27,1h 5m,,,2025-04-09,PQC
1009,PQC0265,Vietnam Airlines,1.909.089 VND/khách,13:05,2025-04-27,14:00,2025-04-27,55m,,,2025-04-09,PQC
1010,PQC0220,Vietnam Airlines,1.957.041 VND/khách,08:10,2025-04-27,08:55,2025-04-27,45m,,,2025-04-09,PQC
1011,PQC0242,Vietnam Airlines,1.990.008 VND/khách,10:25,2025-04-27,11:25,2025-04-27,1h 0m,,,2025-04-09,PQC
1012,PQC0331,Vietravel Airlines,981.825 VND/khách,17:25,2025-05-10,18:25,2025-05-10,1h 0m,Hành lý xách tay 7 kg,Hành lý 0 kg,2025-05-09,PQC
1013,PQC0140,VietJet Air,1.151.000 VND/khách,17:10,2025-05-10,18:15,2025-05-10,1h 5m,Hành lý xách tay 7 kg,Hành lý 0 kg,2025-05-09,PQC
1014,PQC0117,VietJet Air,1.297.000 VND/khách,15:40,2025-05-10,16:40,2025-05-10,1h 0m,Hành lý xách tay 7 kg,Hành lý 0 kg,2025-05-09,PQC
1015,PQC0096,VietJet Air,1.412.000 VND/khách,14:05,2025-05-10,15:05,2025-05-10,1h 0m,Hành lý xách tay 7 kg,Hành lý 0 kg,2025-05-09,PQC
1016,PQC0025,VietJet Air,1.612.557 VND/khách,05:55,2025-05-10,06:55,2025-05-10,1h 0m,Hành lý xách tay 7 kg,Hành lý 0 kg,2025-05-09,PQC
1017,PQC0277,Vietnam Airlines,1.631.292 VND/khách,15:05,2025-05-10,16:10,2025-05-10,1h 5m,Hành lý xách tay 10 kg,Hành lý 23 kg,2025-05-09,PQC
1018,PQC0074,VietJet Air,1.736.987 VND/khách,11:35,2025-05-10,12:35,2025-05-10,1h 0m,Hành lý xách tay 7 kg,Hành lý 0 kg,2025-05-09,PQC
1019,PQC0258,Vietnam Airlines,2.040.458 VND/khách,13:05,2025-05-10,14:00,2025-05-10,55m,Hành lý xách tay 10 kg,Hành lý 23 kg,2025-05-09,PQC
1020,PQC0190,Vietnam Airlines,2.045.827 VND/khách,05:40,2025-05-10,06:40,2025-05-10,1h 0m,Hành lý xách tay 10 kg,Hành lý 23 kg,2025-05-09,PQC
1021,PQC0234,Vietnam Airlines,2.045.827 VND/khách,10:25,2025-05-10,11:25,2025-05-10,1h 0m,Hành lý xách tay 10 kg,Hành lý 23 kg,2025-05-09,PQC
1023,PQC0332,Vietravel Airlines,981.825 VND/khách,17:25,2025-05-11,18:25,2025-05-11,1h 0m,Hành lý xách tay 7 kg,Hành lý 0 kg,2025-05-09,PQC
1024,PQC0141,VietJet Air,901.140 VND/khách,17:10,2025-05-11,18:15,2025-05-11,1h 5m,Hành lý xách tay 7 kg,Hành lý 0 kg,2025-05-09,PQC
1025,PQC0026,VietJet Air,1.031.000 VND/khách,05:55,2025-05-11,06:55,2025-05-11,1h 0m,Hành lý xách tay 7 kg,Hành lý 0 kg,2025-05-09,PQC
1026,PQC0097,VietJet Air,1.031.000 VND/khách,14:05,2025-05-11,15:05,2025-05-11,1h 0m,Hành lý xách tay 7 kg,Hành lý 0 kg,2025-05-09,PQC
1027,PQC0118,VietJet Air,1.031.000 VND/khách,15:40,2025-05-11,16:40,2025-05-11,1h 0m,Hành lý xách tay 7 kg,Hành lý 0 kg,2025-05-09,PQC
1028,PQC0310,Vietnam Airlines,1.157.841 VND/khách,20:20,2025-05-11,21:20,2025-05-11,1h 0m,Hành lý xách tay 10 kg,Hành lý 23 kg,2025-05-09,PQC
1029,PQC0278,Vietnam Airlines,1.253.745 VND/khách,15:05,2025-05-11,16:10,2025-05-11,1h 5m,Hành lý xách tay 10 kg,Hành lý 23 kg,2025-05-09,PQC
1030,PQC0051,VietJet Air,1.286.000 VND/khách,09:20,2025-05-11,10:20,2025-05-11,1h 0m,Hành lý xách tay 7 kg,Hành lý 0 kg,2025-05-09,PQC
1031,PQC0075,VietJet Air,1.286.000 VND/khách,11:35,2025-05-11,12:35,2025-05-11,1h 0m,Hành lý xách tay 7 kg,Hành lý 0 kg,2025-05-09,PQC
1032,PQC0008,Bamboo Airways,1.299.147 VND/khách,16:30,2025-05-11,17:30,2025-05-11,1h 0m,Hành lý xách tay 7 kg,Hành lý 0 kg,2025-05-09,PQC
1033,PQC0259,Vietnam Airlines,1.580.113 VND/khách,13:05,2025-05-11,14:00,2025-05-11,55m,Hành lý xách tay 10 kg,Hành lý 23 kg,2025-05-09,PQC
1034,PQC0191,Vietnam Airlines,1.580.113 VND/khách,05:40,2025-05-11,06:40,2025-05-11,1h 0m,Hành lý xách tay 10 kg,Hành lý 23 kg,2025-05-09,PQC
1035,PQC0235,Vietnam Airlines,1.668.330 VND/khách,10:25,2025-05-11,11:25,2025-05-11,1h 0m,Hành lý xách tay 10 kg,Hành lý 23 kg,2025-05-09,PQC
1036,PQC0322,Vietravel Airlines,1.632.795 VND/khách,17:25,2025-05-01,18:25,2025-05-01,1h 0m,,,2025-04-10,PQC
1037,PQC0131,VietJet Air,1.711.000 VND/khách,17:10,2025-05-01,18:15,2025-05-01,1h 5m,,,2025-04-10,PQC
1038,PQC0154,VietJet Air,1.711.000 VND/khách,17:40,2025-05-01,18:45,2025-05-01,1h 5m,,,2025-04-10,PQC
1039,PQC0001,Bamboo Airways,1.715.850 VND/khách,16:30,2025-05-01,17:30,2025-05-01,1h 0m,,,2025-04-10,PQC
1040,PQC0108,VietJet Air,1.803.000 VND/khách,15:40,2025-05-01,16:40,2025-05-01,1h 0m,,,2025-04-10,PQC
1041,PQC0161,Vietnam Airlines,1.963.035 VND/khách,05:10,2025-05-01,06:10,2025-05-01,1h 0m,,,2025-04-10,PQC
1042,PQC0304,Vietnam Airlines,1.970.028 VND/khách,20:20,2025-05-01,21:20,2025-05-01,1h 0m,,,2025-04-10,PQC
1043,PQC0323,Vietravel Airlines,1.636.775 VND/khách,17:25,2025-05-02,18:25,2025-05-02,1h 0m,,,2025-04-10,PQC
1044,PQC0017,VietJet Air,1.711.000 VND/khách,05:55,2025-05-02,06:55,2025-05-02,1h 0m,,,2025-04-10,PQC
1045,PQC0109,VietJet Air,1.711.000 VND/khách,15:40,2025-05-02,16:40,2025-05-02,1h 0m,,,2025-04-10,PQC
1046,PQC0132,VietJet Air,1.711.000 VND/khách,17:10,2025-05-02,18:15,2025-05-02,1h 5m,,,2025-04-10,PQC
1047,PQC0002,Bamboo Airways,1.715.850 VND/khách,16:30,2025-05-02,17:30,2025-05-02,1h 0m,,,2025-04-10,PQC
1048,PQC0088,VietJet Air,1.796.000 VND/khách,14:05,2025-05-02,15:05,2025-05-02,1h 0m,,,2025-04-10,PQC
1049,PQC0042,VietJet Air,1.825.000 VND/khách,09:20,2025-05-02,10:20,2025-05-02,1h 0m,,,2025-04-10,PQC
1050,PQC0066,VietJet Air,1.825.000 VND/khách,11:35,2025-05-02,12:35,2025-05-02,1h 0m,,,2025-04-10,PQC
1051,PQC0167,Vietnam Airlines,1.967.031 VND/khách,05:25,2025-05-02,06:20,2025-05-02,55m,,,2025-04-10,PQC
1052,PQC0203,Vietnam Airlines,1.974.024 VND/khách,08:10,2025-05-02,08:55,2025-05-02,45m,,,2025-04-10,PQC
1053,PQC0182,Vietnam Airlines,1.978.020 VND/khách,05:40,2025-05-02,06:40,2025-05-02,1h 0m,,,2025-04-10,PQC
1054,PQC0248,Vietnam Airlines,1.978.020 VND/khách,13:00,2025-05-02,14:00,2025-05-02,1h 0m,,,2025-04-10,PQC
1055,PQC0305,Vietnam Airlines,1.978.020 VND/khách,20:20,2025-05-02,21:20,2025-05-02,1h 0m,,,2025-04-10,PQC
1056,PQC0324,Vietravel Airlines,883.560 VND/khách,17:25,2025-05-03,18:25,2025-05-03,1h 0m,,,2025-04-10,PQC
1057,PQC0003,Bamboo Airways,1.018.850 VND/khách,16:30,2025-05-03,17:30,2025-05-03,1h 0m,,,2025-04-10,PQC
1058,PQC0110,VietJet Air,1.046.000 VND/khách,15:40,2025-05-03,16:40,2025-05-03,1h 0m,,,2025-04-10,PQC
1059,PQC0133,VietJet Air,1.046.000 VND/khách,17:10,2025-05-03,18:15,2025-05-03,1h 5m,,,2025-04-10,PQC
1060,PQC0018,VietJet Air,1.153.000 VND/khách,05:55,2025-05-03,06:55,2025-05-03,1h 0m,,,2025-04-10,PQC
1061,PQC0089,VietJet Air,1.296.000 VND/khách,14:05,2025-05-03,15:05,2025-05-03,1h 0m,,,2025-04-10,PQC
1062,PQC0168,Vietnam Airlines,1.349.649 VND/khách,05:25,2025-05-03,06:20,2025-05-03,55m,,,2025-04-10,PQC
1063,PQC0067,VietJet Air,1.417.000 VND/khách,11:35,2025-05-03,12:35,2025-05-03,1h 0m,,,2025-04-10,PQC
1064,PQC0043,VietJet Air,1.439.000 VND/khách,09:20,2025-05-03,10:20,2025-05-03,1h 0m,,,2025-04-10,PQC
1065,PQC0183,Vietnam Airlines,1.456.542 VND/khách,05:40,2025-05-03,06:40,2025-05-03,1h 0m,,,2025-04-10,PQC
1066,PQC0306,Vietnam Airlines,1.555.443 VND/khách,20:20,2025-05-03,21:20,2025-05-03,1h 0m,,,2025-04-10,PQC
1067,PQC0204,Vietnam Airlines,1.731.267 VND/khách,08:10,2025-05-03,08:55,2025-05-03,45m,,,2025-04-10,PQC
1068,PQC0252,Vietnam Airlines,1.731.267 VND/khách,13:05,2025-05-03,14:00,2025-05-03,55m,,,2025-04-10,PQC
1069,PQC0270,Vietnam Airlines,1.731.267 VND/khách,15:05,2025-05-03,16:10,2025-05-03,1h 5m,,,2025-04-10,PQC
1070,PQC0325,Vietravel Airlines,752.220 VND/khách,17:25,2025-05-04,18:25,2025-05-04,1h 0m,,,2025-04-10,PQC
1071,PQC0019,VietJet Air,822.000 VND/khách,05:55,2025-05-04,06:55,2025-05-04,1h 0m,,,2025-04-10,PQC
1072,PQC0111,VietJet Air,822.000 VND/khách,15:40,2025-05-04,16:40,2025-05-04,1h 0m,,,2025-04-10,PQC
1073,PQC0134,VietJet Air,822.000 VND/khách,17:10,2025-05-04,18:15,2025-05-04,1h 5m,,,2025-04-10,PQC
1074,PQC0004,Bamboo Airways,1.018.850 VND/khách,16:30,2025-05-04,17:30,2025-05-04,1h 0m,,,2025-04-10,PQC
1075,PQC0169,Vietnam Airlines,1.063.935 VND/khách,05:25,2025-05-04,06:20,2025-05-04,55m,,,2025-04-10,PQC
1076,PQC0068,VietJet Air,1.153.000 VND/khách,11:35,2025-05-04,12:35,2025-05-04,1h 0m,,,2025-04-10,PQC
1077,PQC0090,VietJet Air,1.153.000 VND/khách,14:05,2025-05-04,15:05,2025-05-04,1h 0m,,,2025-04-10,PQC
1078,PQC0307,Vietnam Airlines,1.213.785 VND/khách,20:20,2025-05-04,21:20,2025-05-04,1h 0m,,,2025-04-10,PQC
1079,PQC0184,Vietnam Airlines,1.248.349 VND/khách,05:40,2025-05-04,06:40,2025-05-04,1h 0m,,,2025-04-10,PQC
1080,PQC0044,VietJet Air,1.296.000 VND/khách,09:20,2025-05-04,10:20,2025-05-04,1h 0m,,,2025-04-10,PQC
1081,PQC0271,Vietnam Airlines,1.331.667 VND/khách,15:05,2025-05-04,16:10,2025-05-04,1h 5m,,,2025-04-10,PQC
1082,PQC0205,Vietnam Airlines,1.452.546 VND/khách,08:10,2025-05-04,08:55,2025-05-04,45m,,,2025-04-10,PQC
1083,PQC0228,Vietnam Airlines,1.452.546 VND/khách,10:25,2025-05-04,11:25,2025-05-04,1h 0m,,,2025-04-10,PQC
1084,PQC0326,Vietravel Airlines,752.220 VND/khách,17:25,2025-05-05,18:25,2025-05-05,1h 0m,,,2025-04-10,PQC
1085,PQC0020,VietJet Air,822.000 VND/khách,05:55,2025-05-05,06:55,2025-05-05,1h 0m,,,2025-04-10,PQC
1086,PQC0112,VietJet Air,822.000 VND/khách,15:40,2025-05-05,16:40,2025-05-05,1h 0m,,,2025-04-10,PQC
1087,PQC0135,VietJet Air,822.000 VND/khách,17:10,2025-05-05,18:15,2025-05-05,1h 5m,,,2025-04-10,PQC
1088,PQC0005,Bamboo Airways,1.018.850 VND/khách,16:30,2025-05-05,17:30,2025-05-05,1h 0m,,,2025-04-10,PQC
1089,PQC0045,VietJet Air,1.153.000 VND/khách,09:20,2025-05-05,10:20,2025-05-05,1h 0m,,,2025-04-10,PQC
1090,PQC0069,VietJet Air,1.153.000 VND/khách,11:35,2025-05-05,12:35,2025-05-05,1h 0m,,,2025-04-10,PQC
1091,PQC0091,VietJet Air,1.153.000 VND/khách,14:05,2025-05-05,15:05,2025-05-05,1h 0m,,,2025-04-10,PQC
1092,PQC0170,Vietnam Airlines,1.248.349 VND/khách,05:25,2025-05-05,06:20,2025-05-05,55m,,,2025-04-10,PQC
1093,PQC0308,Vietnam Airlines,1.349.649 VND/khách,20:20,2025-05-05,21:20,2025-05-05,1h 0m,,,2025-04-10,PQC
1094,PQC0185,Vietnam Airlines,1.360.143 VND/khách,05:40,2025-05-05,06:40,2025-05-05,1h 0m,,,2025-04-10,PQC
1095,PQC0272,Vietnam Airlines,1.485.513 VND/khách,15:05,2025-05-05,16:10,2025-05-05,1h 5m,,,2025-04-10,PQC
1096,PQC0254,Vietnam Airlines,1.489.509 VND/khách,13:05,2025-05-05,14:00,2025-05-05,55m,,,2025-04-10,PQC
1097,PQC0206,Vietnam Airlines,1.647.351 VND/khách,08:10,2025-05-05,08:55,2025-05-05,45m,,,2025-04-10,PQC
1098,PQC0327,Vietravel Airlines,752.220 VND/khách,17:25,2025-05-06,18:25,2025-05-06,1h 0m,,,2025-04-10,PQC
1099,PQC0113,VietJet Air,822.000 VND/khách,15:40,2025-05-06,16:40,2025-05-06,1h 0m,,,2025-04-10,PQC
1100,PQC0136,VietJet Air,822.000 VND/khách,17:10,2025-05-06,18:15,2025-05-06,1h 5m,,,2025-04-10,PQC
1101,PQC0021,VietJet Air,1.046.000 VND/khách,05:55,2025-05-06,06:55,2025-05-06,1h 0m,,,2025-04-10,PQC
1102,PQC0046,VietJet Air,1.153.000 VND/khách,09:20,2025-05-06,10:20,2025-05-06,1h 0m,,,2025-04-10,PQC
1103,PQC0070,VietJet Air,1.153.000 VND/khách,11:35,2025-05-06,12:35,2025-05-06,1h 0m,,,2025-04-10,PQC
1104,PQC0092,VietJet Air,1.153.000 VND/khách,14:05,2025-05-06,15:05,2025-05-06,1h 0m,,,2025-04-10,PQC
1105,PQC0186,Vietnam Airlines,1.360.143 VND/khách,05:40,2025-05-06,06:40,2025-05-06,1h 0m,,,2025-04-10,PQC
1106,PQC0273,Vietnam Airlines,1.456.542 VND/khách,15:05,2025-05-06,16:10,2025-05-06,1h 5m,,,2025-04-10,PQC
1107,PQC0255,Vietnam Airlines,1.544.454 VND/khách,13:05,2025-05-06,14:00,2025-05-06,55m,,,2025-04-10,PQC
1108,PQC0207,Vietnam Airlines,1.573.425 VND/khách,08:10,2025-05-06,08:55,2025-05-06,45m,,,2025-04-10,PQC
1109,PQC0328,Vietravel Airlines,752.220 VND/khách,17:25,2025-05-07,18:25,2025-05-07,1h 0m,,,2025-04-10,PQC
1110,PQC0022,VietJet Air,822.000 VND/khách,05:55,2025-05-07,06:55,2025-05-07,1h 0m,,,2025-04-10,PQC
1111,PQC0114,VietJet Air,822.000 VND/khách,15:40,2025-05-07,16:40,2025-05-07,1h 0m,,,2025-04-10,PQC
1112,PQC0137,VietJet Air,822.000 VND/khách,17:10,2025-05-07,18:15,2025-05-07,1h 5m,,,2025-04-10,PQC
1113,PQC0047,VietJet Air,1.153.000 VND/khách,09:20,2025-05-07,10:20,2025-05-07,1h 0m,,,2025-04-10,PQC
1114,PQC0071,VietJet Air,1.153.000 VND/khách,11:35,2025-05-07,12:35,2025-05-07,1h 0m,,,2025-04-10,PQC
1115,PQC0093,VietJet Air,1.153.000 VND/khách,14:05,2025-05-07,15:05,2025-05-07,1h 0m,,,2025-04-10,PQC
1116,PQC0006,Bamboo Airways,1.173.625 VND/khách,16:30,2025-05-07,17:30,2025-05-07,1h 0m,,,2025-04-10,PQC
1117,PQC0187,Vietnam Airlines,1.360.143 VND/khách,05:40,2025-05-07,06:40,2025-05-07,1h 0m,,,2025-04-10,PQC
1118,PQC0274,Vietnam Airlines,1.551.447 VND/khách,15:05,2025-05-07,16:10,2025-05-07,1h 5m,,,2025-04-10,PQC
1119,PQC0208,Vietnam Airlines,1.651.347 VND/khách,08:10,2025-05-07,08:55,2025-05-07,45m,,,2025-04-10,PQC
1120,PQC0256,Vietnam Airlines,1.651.347 VND/khách,13:05,2025-05-07,14:00,2025-05-07,55m,,,2025-04-10,PQC
1121,PQC0329,Vietravel Airlines,1.059.675 VND/khách,17:25,2025-05-08,18:25,2025-05-08,1h 0m,,,2025-04-10,PQC
1122,PQC0023,VietJet Air,1.046.000 VND/khách,05:55,2025-05-08,06:55,2025-05-08,1h 0m,,,2025-04-10,PQC
1123,PQC0048,VietJet Air,1.296.000 VND/khách,09:20,2025-05-08,10:20,2025-05-08,1h 0m,,,2025-04-10,PQC
1124,PQC0072,VietJet Air,1.296.000 VND/khách,11:35,2025-05-08,12:35,2025-05-08,1h 0m,,,2025-04-10,PQC
1125,PQC0094,VietJet Air,1.296.000 VND/khách,14:05,2025-05-08,15:05,2025-05-08,1h 0m,,,2025-04-10,PQC
1126,PQC0115,VietJet Air,1.296.000 VND/khách,15:40,2025-05-08,16:40,2025-05-08,1h 0m,,,2025-04-10,PQC
1127,PQC0138,VietJet Air,1.296.000 VND/khách,17:10,2025-05-08,18:15,2025-05-08,1h 5m,,,2025-04-10,PQC
1128,PQC0155,VietJet Air,1.296.000 VND/khách,17:40,2025-05-08,18:45,2025-05-08,1h 5m,,,2025-04-10,PQC
1129,PQC0188,Vietnam Airlines,1.456.542 VND/khách,05:40,2025-05-08,06:40,2025-05-08,1h 0m,,,2025-04-10,PQC
1130,PQC0275,Vietnam Airlines,1.654.344 VND/khách,15:05,2025-05-08,16:10,2025-05-08,1h 5m,,,2025-04-10,PQC
1131,PQC0257,Vietnam Airlines,1.658.340 VND/khách,13:05,2025-05-08,14:00,2025-05-08,55m,,,2025-04-10,PQC
1132,PQC0232,Vietnam Airlines,1.724.274 VND/khách,10:25,2025-05-08,11:25,2025-05-08,1h 0m,,,2025-04-10,PQC
1133,PQC0330,Vietravel Airlines,1.870.600 VND/khách,17:25,2025-05-09,18:25,2025-05-09,1h 0m,,,2025-04-10,PQC
1134,PQC0024,VietJet Air,1.296.000 VND/khách,05:55,2025-05-09,06:55,2025-05-09,1h 0m,,,2025-04-10,PQC
1135,PQC0116,VietJet Air,1.296.000 VND/khách,15:40,2025-05-09,16:40,2025-05-09,1h 0m,,,2025-04-10,PQC
1136,PQC0139,VietJet Air,1.296.000 VND/khách,17:10,2025-05-09,18:15,2025-05-09,1h 5m,,,2025-04-10,PQC
1137,PQC0095,VietJet Air,1.418.000 VND/khách,14:05,2025-05-09,15:05,2025-05-09,1h 0m,,,2025-04-10,PQC
1138,PQC0189,Vietnam Airlines,1.548.450 VND/khách,05:40,2025-05-09,06:40,2025-05-09,1h 0m,,,2025-04-10,PQC
1139,PQC0049,VietJet Air,1.594.000 VND/khách,09:20,2025-05-09,10:20,2025-05-09,1h 0m,,,2025-04-10,PQC
1140,PQC0073,VietJet Air,1.594.000 VND/khách,11:35,2025-05-09,12:35,2025-05-09,1h 0m,,,2025-04-10,PQC
1141,PQC0007,Bamboo Airways,1.616.425 VND/khách,16:30,2025-05-09,17:30,2025-05-09,1h 0m,,,2025-04-10,PQC
1142,PQC0309,Vietnam Airlines,1.651.347 VND/khách,20:20,2025-05-09,21:20,2025-05-09,1h 0m,,,2025-04-10,PQC
1143,PQC0249,Vietnam Airlines,1.772.226 VND/khách,13:00,2025-05-09,14:00,2025-05-09,1h 0m,,,2025-04-10,PQC
1144,PQC0276,Vietnam Airlines,1.772.226 VND/khách,15:05,2025-05-09,16:10,2025-05-09,1h 5m,,,2025-04-10,PQC
1145,PQC0330,Vietravel Airlines,1.870.600 VND/khách,17:25,2025-05-09,18:25,2025-05-09,1h 0m,,,2025-04-10,PQC
1146,PQC0233,Vietnam Airlines,1.948.050 VND/khách,10:25,2025-05-09,11:25,2025-05-09,1h 0m,,,2025-04-10,PQC
1147,PQC0331,Vietravel Airlines,817.890 VND/khách,17:25,2025-05-10,18:25,2025-05-10,1h 0m,,,2025-04-10,PQC
1148,PQC0117,VietJet Air,822.000 VND/khách,15:40,2025-05-10,16:40,2025-05-10,1h 0m,,,2025-04-10,PQC
1149,PQC0140,VietJet Air,822.000 VND/khách,17:10,2025-05-10,18:15,2025-05-10,1h 5m,,,2025-04-10,PQC
1150,PQC0025,VietJet Air,1.296.000 VND/khách,05:55,2025-05-10,06:55,2025-05-10,1h 0m,,,2025-04-10,PQC
1151,PQC0074,VietJet Air,1.296.000 VND/khách,11:35,2025-05-10,12:35,2025-05-10,1h 0m,,,2025-04-10,PQC
1152,PQC0096,VietJet Air,1.296.000 VND/khách,14:05,2025-05-10,15:05,2025-05-10,1h 0m,,,2025-04-10,PQC
1153,PQC0050,VietJet Air,1.418.000 VND/khách,09:20,2025-05-10,10:20,2025-05-10,1h 0m,,,2025-04-10,PQC
1154,PQC0258,Vietnam Airlines,1.551.447 VND/khách,13:05,2025-05-10,14:00,2025-05-10,55m,,,2025-04-10,PQC
1155,PQC0190,Vietnam Airlines,1.555.443 VND/khách,05:40,2025-05-10,06:40,2025-05-10,1h 0m,,,2025-04-10,PQC
1156,PQC0277,Vietnam Airlines,1.647.351 VND/khách,15:05,2025-05-10,16:10,2025-05-10,1h 5m,,,2025-04-10,PQC
1157,PQC0211,Vietnam Airlines,1.849.149 VND/khách,08:10,2025-05-10,08:55,2025-05-10,45m,,,2025-04-10,PQC
1158,PQC0333,Vietravel Airlines,752.220 VND/khách,17:25,2025-04-21,18:25,2025-04-21,1h 0m,,,2025-04-10,PQC
1159,PQC0027,VietJet Air,819.000 VND/khách,05:55,2025-04-21,06:55,2025-04-21,1h 0m,,,2025-04-10,PQC
1160,PQC0142,VietJet Air,819.000 VND/khách,17:10,2025-04-21,18:15,2025-04-21,1h 5m,,,2025-04-10,PQC
1161,PQC0171,Vietnam Airlines,866.133 VND/khách,05:25,2025-04-21,06:20,2025-04-21,55m,,,2025-04-10,PQC
1162,PQC0009,Bamboo Airways,1.013.756 VND/khách,16:30,2025-04-21,17:30,2025-04-21,1h 0m,,,2025-04-10,PQC
1163,PQC0119,VietJet Air,1.025.000 VND/khách,15:40,2025-04-21,16:40,2025-04-21,1h 0m,,,2025-04-10,PQC
1164,PQC0098,VietJet Air,1.153.000 VND/khách,14:05,2025-04-21,15:05,2025-04-21,1h 0m,,,2025-04-10,PQC
1165,PQC0192,Vietnam Airlines,1.248.349 VND/khách,05:40,2025-04-21,06:40,2025-04-21,1h 0m,,,2025-04-10,PQC
1166,PQC0052,VietJet Air,1.289.000 VND/khách,09:20,2025-04-21,10:20,2025-04-21,1h 0m,,,2025-04-10,PQC
1167,PQC0076,VietJet Air,1.289.000 VND/khách,11:35,2025-04-21,12:35,2025-04-21,1h 0m,,,2025-04-10,PQC
1168,PQC0213,Vietnam Airlines,1.725.273 VND/khách,08:10,2025-04-21,08:55,2025-04-21,45m,,,2025-04-10,PQC
1169,PQC0260,Vietnam Airlines,1.971.027 VND/khách,13:05,2025-04-21,14:00,2025-04-21,55m,,,2025-04-10,PQC
1170,PQC0236,Vietnam Airlines,1.978.020 VND/khách,10:25,2025-04-21,11:25,2025-04-21,1h 0m,,,2025-04-10,PQC
1171,PQC0334,Vietravel Airlines,752.220 VND/khách,17:25,2025-04-22,18:25,2025-04-22,1h 0m,,,2025-04-10,PQC
1172,PQC0028,VietJet Air,819.000 VND/khách,05:55,2025-04-22,06:55,2025-04-22,1h 0m,,,2025-04-10,PQC
1173,PQC0120,VietJet Air,819.000 VND/khách,15:40,2025-04-22,16:40,2025-04-22,1h 0m,,,2025-04-10,PQC
1174,PQC0143,VietJet Air,819.000 VND/khách,17:10,2025-04-22,18:15,2025-04-22,1h 5m,,,2025-04-10,PQC
1175,PQC0172,Vietnam Airlines,866.133 VND/khách,05:25,2025-04-22,06:20,2025-04-22,55m,,,2025-04-10,PQC
1176,PQC0099,VietJet Air,1.153.000 VND/khách,14:05,2025-04-22,15:05,2025-04-22,1h 0m,,,2025-04-10,PQC
1177,PQC0193,Vietnam Airlines,1.248.349 VND/khách,05:40,2025-04-22,06:40,2025-04-22,1h 0m,,,2025-04-10,PQC
1178,PQC0053,VietJet Air,1.289.000 VND/khách,09:20,2025-04-22,10:20,2025-04-22,1h 0m,,,2025-04-10,PQC
1179,PQC0077,VietJet Air,1.289.000 VND/khách,11:35,2025-04-22,12:35,2025-04-22,1h 0m,,,2025-04-10,PQC
1180,PQC0280,Vietnam Airlines,1.747.251 VND/khách,15:05,2025-04-22,16:10,2025-04-22,1h 5m,,,2025-04-10,PQC
1181,PQC0214,Vietnam Airlines,1.772.226 VND/khách,08:10,2025-04-22,08:55,2025-04-22,45m,,,2025-04-10,PQC
1182,PQC0261,Vietnam Airlines,1.890.108 VND/khách,13:05,2025-04-22,14:00,2025-04-22,55m,,,2025-04-10,PQC
1183,PQC0335,Vietravel Airlines,752.220 VND/khách,17:25,2025-04-23,18:25,2025-04-23,1h 0m,,,2025-04-10,PQC
1184,PQC0029,VietJet Air,819.000 VND/khách,05:55,2025-04-23,06:55,2025-04-23,1h 0m,,,2025-04-10,PQC
1185,PQC0144,VietJet Air,819.000 VND/khách,17:10,2025-04-23,18:15,2025-04-23,1h 5m,,,2025-04-10,PQC
1186,PQC0129,VietJet Air,848.000 VND/khách,16:25,2025-04-23,17:25,2025-04-23,1h 0m,,,2025-04-10,PQC
1187,PQC0173,Vietnam Airlines,865.134 VND/khách,05:25,2025-04-23,06:20,2025-04-23,55m,,,2025-04-10,PQC
1188,PQC0010,Bamboo Airways,1.013.756 VND/khách,16:30,2025-04-23,17:30,2025-04-23,1h 0m,,,2025-04-10,PQC
1189,PQC0100,VietJet Air,1.153.000 VND/khách,14:05,2025-04-23,15:05,2025-04-23,1h 0m,,,2025-04-10,PQC
1190,PQC0194,Vietnam Airlines,1.248.349 VND/khách,05:40,2025-04-23,06:40,2025-04-23,1h 0m,,,2025-04-10,PQC
1191,PQC0054,VietJet Air,1.289.000 VND/khách,09:20,2025-04-23,10:20,2025-04-23,1h 0m,,,2025-04-10,PQC
1192,PQC0078,VietJet Air,1.289.000 VND/khách,11:35,2025-04-23,12:35,2025-04-23,1h 0m,,,2025-04-10,PQC
1193,PQC0215,Vietnam Airlines,1.728.270 VND/khách,08:10,2025-04-23,08:55,2025-04-23,45m,,,2025-04-10,PQC
1194,PQC0262,Vietnam Airlines,1.761.237 VND/khách,13:05,2025-04-23,14:00,2025-04-23,55m,,,2025-04-10,PQC
1195,PQC0281,Vietnam Airlines,1.761.237 VND/khách,15:05,2025-04-23,16:10,2025-04-23,1h 5m,,,2025-04-10,PQC
1196,PQC0336,Vietravel Airlines,1.136.290 VND/khách,17:25,2025-04-24,18:25,2025-04-24,1h 0m,,,2025-04-10,PQC
1197,PQC0030,VietJet Air,1.153.000 VND/khách,05:55,2025-04-24,06:55,2025-04-24,1h 0m,,,2025-04-10,PQC
1198,PQC0174,Vietnam Airlines,1.248.349 VND/khách,05:25,2025-04-24,06:20,2025-04-24,55m,,,2025-04-10,PQC
1199,PQC0101,VietJet Air,1.289.000 VND/khách,14:05,2025-04-24,15:05,2025-04-24,1h 0m,,,2025-04-10,PQC
1200,PQC0122,VietJet Air,1.289.000 VND/khách,15:40,2025-04-24,16:40,2025-04-24,1h 0m,,,2025-04-10,PQC
1201,PQC0039,VietJet Air,1.289.000 VND/khách,08:25,2025-04-24,09:30,2025-04-24,1h 5m,,,2025-04-10,PQC
1202,PQC0145,VietJet Air,1.289.000 VND/khách,17:10,2025-04-24,18:15,2025-04-24,1h 5m,,,2025-04-10,PQC
1203,PQC0158,VietJet Air,1.289.000 VND/khách,17:40,2025-04-24,18:45,2025-04-24,1h 5m,,,2025-04-10,PQC
1204,PQC0195,Vietnam Airlines,1.331.667 VND/khách,05:40,2025-04-24,06:40,2025-04-24,1h 0m,,,2025-04-10,PQC
1205,PQC0055,VietJet Air,1.418.000 VND/khách,09:20,2025-04-24,10:20,2025-04-24,1h 0m,,,2025-04-10,PQC
1206,PQC0079,VietJet Air,1.418.000 VND/khách,11:35,2025-04-24,12:35,2025-04-24,1h 0m,,,2025-04-10,PQC
1207,PQC0282,Vietnam Airlines,1.750.248 VND/khách,15:05,2025-04-24,16:10,2025-04-24,1h 5m,,,2025-04-10,PQC
1208,PQC0217,Vietnam Airlines,1.861.137 VND/khách,08:10,2025-04-24,08:55,2025-04-24,45m,,,2025-04-10,PQC
1209,PQC0263,Vietnam Airlines,1.883.115 VND/khách,13:05,2025-04-24,14:00,2025-04-24,55m,,,2025-04-10,PQC
1210,PQC0337,Vietravel Airlines,1.136.290 VND/khách,17:25,2025-04-25,18:25,2025-04-25,1h 0m,,,2025-04-10,PQC
1211,PQC0031,VietJet Air,1.289.000 VND/khách,05:55,2025-04-25,06:55,2025-04-25,1h 0m,,,2025-04-10,PQC
1212,PQC0123,VietJet Air,1.289.000 VND/khách,15:40,2025-04-25,16:40,2025-04-25,1h 0m,,,2025-04-10,PQC
1213,PQC0146,VietJet Air,1.289.000 VND/khách,17:10,2025-04-25,18:15,2025-04-25,1h 5m,,,2025-04-10,PQC
1214,PQC0175,Vietnam Airlines,1.339.659 VND/khách,05:25,2025-04-25,06:20,2025-04-25,55m,,,2025-04-10,PQC
1215,PQC0011,Bamboo Airways,1.427.825 VND/khách,16:30,2025-04-25,17:30,2025-04-25,1h 0m,,,2025-04-10,PQC
1216,PQC0196,Vietnam Airlines,1.570.428 VND/khách,05:40,2025-04-25,06:40,2025-04-25,1h 0m,,,2025-04-10,PQC
1217,PQC0102,VietJet Air,1.587.000 VND/khách,14:05,2025-04-25,15:05,2025-04-25,1h 0m,,,2025-04-10,PQC
1218,PQC0296,Vietnam Airlines,1.655.343 VND/khách,17:25,2025-04-25,18:25,2025-04-25,1h 0m,,,2025-04-10,PQC
1219,PQC0056,VietJet Air,1.708.000 VND/khách,09:20,2025-04-25,10:20,2025-04-25,1h 0m,,,2025-04-10,PQC
1220,PQC0080,VietJet Air,1.708.000 VND/khách,11:35,2025-04-25,12:35,2025-04-25,1h 0m,,,2025-04-10,PQC
1221,PQC0311,Vietnam Airlines,1.725.273 VND/khách,20:20,2025-04-25,21:20,2025-04-25,1h 0m,,,2025-04-10,PQC
1222,PQC0218,Vietnam Airlines,1.971.027 VND/khách,08:10,2025-04-25,08:55,2025-04-25,45m,,,2025-04-10,PQC
1223,PQC0240,Vietnam Airlines,1.971.027 VND/khách,10:25,2025-04-25,11:25,2025-04-25,1h 0m,,,2025-04-10,PQC
1224,PQC0283,Vietnam Airlines,1.971.027 VND/khách,15:05,2025-04-25,16:10,2025-04-25,1h 5m,,,2025-04-10,PQC
1225,PQC0338,Vietravel Airlines,961.170 VND/khách,17:25,2025-04-26,18:25,2025-04-26,1h 0m,,,2025-04-10,PQC
1226,PQC0124,VietJet Air,1.046.000 VND/khách,15:40,2025-04-26,16:40,2025-04-26,1h 0m,,,2025-04-10,PQC
1227,PQC0147,VietJet Air,1.046.000 VND/khách,17:10,2025-04-26,18:15,2025-04-26,1h 5m,,,2025-04-10,PQC
1228,PQC0176,Vietnam Airlines,1.221.777 VND/khách,05:25,2025-04-26,06:20,2025-04-26,55m,,,2025-04-10,PQC
1229,PQC0032,VietJet Air,1.296.000 VND/khách,05:55,2025-04-26,06:55,2025-04-26,1h 0m,,,2025-04-10,PQC
1230,PQC0103,VietJet Air,1.296.000 VND/khách,14:05,2025-04-26,15:05,2025-04-26,1h 0m,,,2025-04-10,PQC
1231,PQC0197,Vietnam Airlines,1.335.663 VND/khách,05:40,2025-04-26,06:40,2025-04-26,1h 0m,,,2025-04-10,PQC
1232,PQC0081,VietJet Air,1.594.000 VND/khách,11:35,2025-04-26,12:35,2025-04-26,1h 0m,,,2025-04-10,PQC
1233,PQC0057,VietJet Air,1.609.000 VND/khách,09:20,2025-04-26,10:20,2025-04-26,1h 0m,,,2025-04-10,PQC
1234,PQC0312,Vietnam Airlines,1.735.263 VND/khách,20:20,2025-04-26,21:20,2025-04-26,1h 0m,,,2025-04-10,PQC
1235,PQC0284,Vietnam Airlines,1.842.156 VND/khách,15:05,2025-04-26,16:10,2025-04-26,1h 5m,,,2025-04-10,PQC
1236,PQC0219,Vietnam Airlines,1.856.142 VND/khách,08:10,2025-04-26,08:55,2025-04-26,45m,,,2025-04-10,PQC
1237,PQC0241,Vietnam Airlines,1.941.057 VND/khách,10:25,2025-04-26,11:25,2025-04-26,1h 0m,,,2025-04-10,PQC
1238,PQC0264,Vietnam Airlines,1.956.042 VND/khách,13:05,2025-04-26,14:00,2025-04-26,55m,,,2025-04-10,PQC
1241,PQC0339,Vietravel Airlines,752.220 VND/khách,17:25,2025-04-27,18:25,2025-04-27,1h 0m,,,2025-04-10,PQC
1242,PQC0148,VietJet Air,841.000 VND/khách,17:10,2025-04-27,18:15,2025-04-27,1h 5m,,,2025-04-10,PQC
1243,PQC0012,Bamboo Airways,1.013.756 VND/khách,16:30,2025-04-27,17:30,2025-04-27,1h 0m,,,2025-04-10,PQC
1244,PQC0033,VietJet Air,1.046.000 VND/khách,05:55,2025-04-27,06:55,2025-04-27,1h 0m,,,2025-04-10,PQC
1245,PQC0125,VietJet Air,1.046.000 VND/khách,15:40,2025-04-27,16:40,2025-04-27,1h 0m,,,2025-04-10,PQC
1246,PQC0177,Vietnam Airlines,1.107.891 VND/khách,05:25,2025-04-27,06:20,2025-04-27,55m,,,2025-04-10,PQC
1247,PQC0198,Vietnam Airlines,1.125.873 VND/khách,05:40,2025-04-27,06:40,2025-04-27,1h 0m,,,2025-04-10,PQC
1248,PQC0104,VietJet Air,1.153.000 VND/khách,14:05,2025-04-27,15:05,2025-04-27,1h 0m,,,2025-04-10,PQC
1249,PQC0082,VietJet Air,1.296.000 VND/khách,11:35,2025-04-27,12:35,2025-04-27,1h 0m,,,2025-04-10,PQC
1250,PQC0313,Vietnam Airlines,1.452.546 VND/khách,20:20,2025-04-27,21:20,2025-04-27,1h 0m,,,2025-04-10,PQC
1251,PQC0058,VietJet Air,1.594.000 VND/khách,09:20,2025-04-27,10:20,2025-04-27,1h 0m,,,2025-04-10,PQC
1252,PQC0285,Vietnam Airlines,1.651.347 VND/khách,15:05,2025-04-27,16:10,2025-04-27,1h 5m,,,2025-04-10,PQC
1253,PQC0265,Vietnam Airlines,1.890.108 VND/khách,13:05,2025-04-27,14:00,2025-04-27,55m,,,2025-04-10,PQC
1254,PQC0220,Vietnam Airlines,1.945.053 VND/khách,08:10,2025-04-27,08:55,2025-04-27,45m,,,2025-04-10,PQC
1255,PQC0340,Vietravel Airlines,961.170 VND/khách,17:25,2025-04-28,18:25,2025-04-28,1h 0m,,,2025-04-10,PQC
1256,PQC0178,Vietnam Airlines,920.079 VND/khách,05:25,2025-04-28,06:20,2025-04-28,55m,,,2025-04-10,PQC
1257,PQC0013,Bamboo Airways,1.013.756 VND/khách,16:30,2025-04-28,17:30,2025-04-28,1h 0m,,,2025-04-10,PQC
1258,PQC0034,VietJet Air,1.024.000 VND/khách,05:55,2025-04-28,06:55,2025-04-28,1h 0m,,,2025-04-10,PQC
1259,PQC0126,VietJet Air,1.024.000 VND/khách,15:40,2025-04-28,16:40,2025-04-28,1h 0m,,,2025-04-10,PQC
1260,PQC0149,VietJet Air,1.024.000 VND/khách,17:10,2025-04-28,18:15,2025-04-28,1h 5m,,,2025-04-10,PQC
1261,PQC0105,VietJet Air,1.153.000 VND/khách,14:05,2025-04-28,15:05,2025-04-28,1h 0m,,,2025-04-10,PQC
1262,PQC0199,Vietnam Airlines,1.213.785 VND/khách,05:40,2025-04-28,06:40,2025-04-28,1h 0m,,,2025-04-10,PQC
1263,PQC0059,VietJet Air,1.289.000 VND/khách,09:20,2025-04-28,10:20,2025-04-28,1h 0m,,,2025-04-10,PQC
1264,PQC0083,VietJet Air,1.289.000 VND/khách,11:35,2025-04-28,12:35,2025-04-28,1h 0m,,,2025-04-10,PQC
1265,PQC0314,Vietnam Airlines,1.643.355 VND/khách,20:20,2025-04-28,21:20,2025-04-28,1h 0m,,,2025-04-10,PQC
1266,PQC0221,Vietnam Airlines,1.658.340 VND/khách,08:10,2025-04-28,08:55,2025-04-28,45m,,,2025-04-10,PQC
1267,PQC0243,Vietnam Airlines,1.890.108 VND/khách,10:25,2025-04-28,11:25,2025-04-28,1h 0m,,,2025-04-10,PQC
1268,PQC0286,Vietnam Airlines,1.890.108 VND/khách,15:05,2025-04-28,16:10,2025-04-28,1h 5m,,,2025-04-10,PQC
1269,PQC0341,Vietravel Airlines,1.934.381 VND/khách,17:25,2025-04-29,18:25,2025-04-29,1h 0m,,,2025-04-10,PQC
1270,PQC0127,VietJet Air,1.711.000 VND/khách,15:40,2025-04-29,16:40,2025-04-29,1h 0m,,,2025-04-10,PQC
1271,PQC0040,VietJet Air,1.711.000 VND/khách,08:25,2025-04-29,09:30,2025-04-29,1h 5m,,,2025-04-10,PQC
1272,PQC0035,VietJet Air,1.722.000 VND/khách,05:55,2025-04-29,06:55,2025-04-29,1h 0m,,,2025-04-10,PQC
1273,PQC0106,VietJet Air,1.789.000 VND/khách,14:05,2025-04-29,15:05,2025-04-29,1h 0m,,,2025-04-10,PQC
1274,PQC0150,VietJet Air,1.796.000 VND/khách,17:10,2025-04-29,18:15,2025-04-29,1h 5m,,,2025-04-10,PQC
1275,PQC0060,VietJet Air,1.811.000 VND/khách,09:20,2025-04-29,10:20,2025-04-29,1h 0m,,,2025-04-10,PQC
1276,PQC0084,VietJet Air,1.811.000 VND/khách,11:35,2025-04-29,12:35,2025-04-29,1h 0m,,,2025-04-10,PQC
1277,PQC0341,Vietravel Airlines,1.934.381 VND/khách,17:25,2025-04-29,18:25,2025-04-29,1h 0m,,,2025-04-10,PQC
1278,PQC0222,Vietnam Airlines,1.974.024 VND/khách,08:10,2025-04-29,08:55,2025-04-29,45m,,,2025-04-10,PQC
1279,PQC0200,Vietnam Airlines,1.974.024 VND/khách,05:40,2025-04-29,06:40,2025-04-29,1h 0m,,,2025-04-10,PQC
1280,PQC0287,Vietnam Airlines,1.974.024 VND/khách,15:05,2025-04-29,16:10,2025-04-29,1h 5m,,,2025-04-10,PQC
1281,PQC0342,Vietravel Airlines,1.870.600 VND/khách,17:25,2025-04-30,18:25,2025-04-30,1h 0m,,,2025-04-10,PQC
1282,PQC0332,Vietravel Airlines,835.044 VND/khách,17:25,2025-05-11,18:25,2025-05-11,1h 0m,Hành lý xách tay 7 kg,Hành lý 0 kg,2025-05-10,PQC
1283,PQC0097,VietJet Air,810.000 VND/khách,14:05,2025-05-11,15:05,2025-05-11,1h 0m,Hành lý xách tay 7 kg,Hành lý 0 kg,2025-05-10,PQC
1284,PQC0026,VietJet Air,1.066.000 VND/khách,05:55,2025-05-11,06:55,2025-05-11,1h 0m,Hành lý xách tay 7 kg,Hành lý 0 kg,2025-05-10,PQC
1285,PQC0118,VietJet Air,1.149.000 VND/khách,15:40,2025-05-11,16:40,2025-05-11,1h 0m,Hành lý xách tay 7 kg,Hành lý 0 kg,2025-05-10,PQC
1286,PQC0008,Bamboo Airways,1.167.757 VND/khách,16:30,2025-05-11,17:30,2025-05-11,1h 0m,Hành lý xách tay 7 kg,Hành lý 0 kg,2025-05-10,PQC
1287,PQC0051,VietJet Air,1.183.000 VND/khách,09:20,2025-05-11,10:20,2025-05-11,1h 0m,Hành lý xách tay 7 kg,Hành lý 0 kg,2025-05-10,PQC
1288,PQC0075,VietJet Air,1.183.000 VND/khách,11:35,2025-05-11,12:35,2025-05-11,1h 0m,Hành lý xách tay 7 kg,Hành lý 0 kg,2025-05-10,PQC
1289,PQC0310,Vietnam Airlines,1.271.727 VND/khách,20:20,2025-05-11,21:20,2025-05-11,1h 0m,Hành lý xách tay 10 kg,Hành lý 23 kg,2025-05-10,PQC
1290,PQC0278,Vietnam Airlines,1.383.615 VND/khách,15:05,2025-05-11,16:10,2025-05-11,1h 5m,Hành lý xách tay 10 kg,Hành lý 23 kg,2025-05-10,PQC
1291,PQC0259,Vietnam Airlines,1.581.764 VND/khách,13:05,2025-05-11,14:00,2025-05-11,55m,Hành lý xách tay 10 kg,Hành lý 23 kg,2025-05-10,PQC
1292,PQC0191,Vietnam Airlines,1.581.764 VND/khách,05:40,2025-05-11,06:40,2025-05-11,1h 0m,Hành lý xách tay 10 kg,Hành lý 23 kg,2025-05-10,PQC
1293,PQC0212,Vietnam Airlines,1.692.306 VND/khách,08:10,2025-05-11,08:55,2025-05-11,45m,Hành lý xách tay 10 kg,Hành lý 23 kg,2025-05-10,PQC
1294,PQC0322,Vietravel Airlines,1.854.828 VND/khách,17:25,2025-05-01,18:25,2025-05-01,1h 0m,Hành lý xách tay 7 kg,Hành lý 0 kg,2025-04-11,PQC
1295,PQC0131,VietJet Air,1.700.863 VND/khách,17:10,2025-05-01,18:15,2025-05-01,1h 5m,Hành lý xách tay 7 kg,Hành lý 0 kg,2025-04-11,PQC
1296,PQC0154,VietJet Air,1.700.863 VND/khách,17:40,2025-05-01,18:45,2025-05-01,1h 5m,Hành lý xách tay 7 kg,Hành lý 0 kg,2025-04-11,PQC
1297,PQC0001,Bamboo Airways,1.707.271 VND/khách,16:30,2025-05-01,17:30,2025-05-01,1h 0m,Hành lý xách tay 7 kg,Hành lý 0 kg,2025-04-11,PQC
1298,PQC0108,VietJet Air,1.785.016 VND/khách,15:40,2025-05-01,16:40,2025-05-01,1h 0m,Hành lý xách tay 7 kg,Hành lý 0 kg,2025-04-11,PQC
1299,PQC0166,Vietnam Airlines,1.912.086 VND/khách,05:25,2025-05-01,06:20,2025-05-01,55m,Hành lý xách tay 1 x 12 kg,Hành lý 23 kg,2025-04-11,PQC
1300,PQC0161,Vietnam Airlines,1.912.086 VND/khách,05:10,2025-05-01,06:10,2025-05-01,1h 0m,Hành lý xách tay 1 x 12 kg,Hành lý 23 kg,2025-04-11,PQC
1301,PQC0323,Vietravel Airlines,1.619.423 VND/khách,17:25,2025-05-02,18:25,2025-05-02,1h 0m,Hành lý xách tay 7 kg,Hành lý 0 kg,2025-04-11,PQC
1302,PQC0017,VietJet Air,1.700.863 VND/khách,05:55,2025-05-02,06:55,2025-05-02,1h 0m,Hành lý xách tay 7 kg,Hành lý 0 kg,2025-04-11,PQC
1303,PQC0132,VietJet Air,1.700.863 VND/khách,17:10,2025-05-02,18:15,2025-05-02,1h 5m,Hành lý xách tay 7 kg,Hành lý 0 kg,2025-04-11,PQC
1304,PQC0002,Bamboo Airways,1.715.850 VND/khách,16:30,2025-05-02,17:30,2025-05-02,1h 0m,Hành lý xách tay 7 kg,Hành lý 0 kg,2025-04-11,PQC
1305,PQC0167,Vietnam Airlines,1.757.241 VND/khách,05:25,2025-05-02,06:20,2025-05-02,55m,Hành lý xách tay 1 x 12 kg,Hành lý 23 kg,2025-04-11,PQC
1306,PQC0088,VietJet Air,1.777.095 VND/khách,14:05,2025-05-02,15:05,2025-05-02,1h 0m,Hành lý xách tay 7 kg,Hành lý 0 kg,2025-04-11,PQC
1307,PQC0042,VietJet Air,1.810.756 VND/khách,09:20,2025-05-02,10:20,2025-05-02,1h 0m,Hành lý xách tay 7 kg,Hành lý 0 kg,2025-04-11,PQC
1308,PQC0066,VietJet Air,1.839.467 VND/khách,11:35,2025-05-02,12:35,2025-05-02,1h 0m,Hành lý xách tay 7 kg,Hành lý 0 kg,2025-04-11,PQC
1309,PQC0109,VietJet Air,1.880.058 VND/khách,15:40,2025-05-02,16:40,2025-05-02,1h 0m,Hành lý xách tay 7 kg,Hành lý 0 kg,2025-04-11,PQC
1310,PQC0248,Vietnam Airlines,1.986.012 VND/khách,13:00,2025-05-02,14:00,2025-05-02,1h 0m,Hành lý xách tay 1 x 12 kg,Hành lý 23 kg,2025-04-11,PQC
1311,PQC0305,Vietnam Airlines,1.986.012 VND/khách,20:20,2025-05-02,21:20,2025-05-02,1h 0m,Hành lý xách tay 1 x 12 kg,Hành lý 23 kg,2025-04-11,PQC
1312,PQC0269,Vietnam Airlines,1.986.012 VND/khách,15:05,2025-05-02,16:10,2025-05-02,1h 5m,Hành lý xách tay 1 x 12 kg,Hành lý 23 kg,2025-04-11,PQC
1313,PQC0324,Vietravel Airlines,875.710 VND/khách,17:25,2025-05-03,18:25,2025-05-03,1h 0m,Hành lý xách tay 7 kg,Hành lý 0 kg,2025-04-11,PQC
1314,PQC0133,VietJet Air,1.018.736 VND/khách,17:10,2025-05-03,18:15,2025-05-03,1h 5m,Hành lý xách tay 7 kg,Hành lý 0 kg,2025-04-11,PQC
1315,PQC0003,Bamboo Airways,1.018.850 VND/khách,16:30,2025-05-03,17:30,2025-05-03,1h 0m,Hành lý xách tay 7 kg,Hành lý 0 kg,2025-04-11,PQC
1316,PQC0018,VietJet Air,1.281.093 VND/khách,05:55,2025-05-03,06:55,2025-05-03,1h 0m,Hành lý xách tay 7 kg,Hành lý 0 kg,2025-04-11,PQC
1317,PQC0089,VietJet Air,1.281.093 VND/khách,14:05,2025-05-03,15:05,2025-05-03,1h 0m,Hành lý xách tay 7 kg,Hành lý 0 kg,2025-04-11,PQC
1318,PQC0168,Vietnam Airlines,1.355.643 VND/khách,05:25,2025-05-03,06:20,2025-05-03,55m,Hành lý xách tay 1 x 12 kg,Hành lý 23 kg,2025-04-11,PQC
1319,PQC0067,VietJet Air,1.405.836 VND/khách,11:35,2025-05-03,12:35,2025-05-03,1h 0m,Hành lý xách tay 7 kg,Hành lý 0 kg,2025-04-11,PQC
1320,PQC0183,Vietnam Airlines,1.492.506 VND/khách,05:40,2025-05-03,06:40,2025-05-03,1h 0m,Hành lý xách tay 1 x 12 kg,Hành lý 23 kg,2025-04-11,PQC
1321,PQC0306,Vietnam Airlines,1.554.444 VND/khách,20:20,2025-05-03,21:20,2025-05-03,1h 0m,Hành lý xách tay 1 x 12 kg,Hành lý 23 kg,2025-04-11,PQC
1322,PQC0043,VietJet Air,1.577.110 VND/khách,09:20,2025-05-03,10:20,2025-05-03,1h 0m,Hành lý xách tay 7 kg,Hành lý 0 kg,2025-04-11,PQC
1323,PQC0204,Vietnam Airlines,1.731.267 VND/khách,08:10,2025-05-03,08:55,2025-05-03,45m,Hành lý xách tay 1 x 12 kg,Hành lý 23 kg,2025-04-11,PQC
1324,PQC0252,Vietnam Airlines,1.739.259 VND/khách,13:05,2025-05-03,14:00,2025-05-03,55m,Hành lý xách tay 1 x 12 kg,Hành lý 23 kg,2025-04-11,PQC
1325,PQC0270,Vietnam Airlines,1.739.259 VND/khách,15:05,2025-05-03,16:10,2025-05-03,1h 5m,Hành lý xách tay 1 x 12 kg,Hành lý 23 kg,2025-04-11,PQC
1326,PQC0110,VietJet Air,1.878.262 VND/khách,15:40,2025-05-03,16:40,2025-05-03,1h 0m,Hành lý xách tay 7 kg,Hành lý 0 kg,2025-04-11,PQC
1327,PQC0325,Vietravel Airlines,749.624 VND/khách,17:25,2025-05-04,18:25,2025-05-04,1h 0m,Hành lý xách tay 7 kg,Hành lý 0 kg,2025-04-11,PQC
1328,PQC0134,VietJet Air,815.781 VND/khách,17:10,2025-05-04,18:15,2025-05-04,1h 5m,Hành lý xách tay 7 kg,Hành lý 0 kg,2025-04-11,PQC
1329,PQC0019,VietJet Air,829.641 VND/khách,05:55,2025-05-04,06:55,2025-05-04,1h 0m,Hành lý xách tay 7 kg,Hành lý 0 kg,2025-04-11,PQC
1330,PQC0004,Bamboo Airways,874.325 VND/khách,16:30,2025-05-04,17:30,2025-05-04,1h 0m,Hành lý xách tay 7 kg,Hành lý 0 kg,2025-04-11,PQC
1331,PQC0169,Vietnam Airlines,1.069.187 VND/khách,05:25,2025-05-04,06:20,2025-05-04,55m,Hành lý xách tay 1 x 12 kg,Hành lý 23 kg,2025-04-11,PQC
1332,PQC0068,VietJet Air,1.147.439 VND/khách,11:35,2025-05-04,12:35,2025-05-04,1h 0m,Hành lý xách tay 7 kg,Hành lý 0 kg,2025-04-11,PQC
1333,PQC0090,VietJet Air,1.147.439 VND/khách,14:05,2025-05-04,15:05,2025-05-04,1h 0m,Hành lý xách tay 7 kg,Hành lý 0 kg,2025-04-11,PQC
1334,PQC0184,Vietnam Airlines,1.248.247 VND/khách,05:40,2025-05-04,06:40,2025-05-04,1h 0m,Hành lý xách tay 1 x 12 kg,Hành lý 23 kg,2025-04-11,PQC
1335,PQC0307,Vietnam Airlines,1.248.247 VND/khách,20:20,2025-05-04,21:20,2025-05-04,1h 0m,Hành lý xách tay 1 x 12 kg,Hành lý 23 kg,2025-04-11,PQC
1336,PQC0044,VietJet Air,1.283.073 VND/khách,09:20,2025-05-04,10:20,2025-05-04,1h 0m,Hành lý xách tay 7 kg,Hành lý 0 kg,2025-04-11,PQC
1337,PQC0271,Vietnam Airlines,1.360.032 VND/khách,15:05,2025-05-04,16:10,2025-05-04,1h 5m,Hành lý xách tay 1 x 12 kg,Hành lý 23 kg,2025-04-11,PQC
1338,PQC0205,Vietnam Airlines,1.471.814 VND/khách,08:10,2025-05-04,08:55,2025-05-04,45m,Hành lý xách tay 1 x 12 kg,Hành lý 23 kg,2025-04-11,PQC
1339,PQC0253,Vietnam Airlines,1.471.814 VND/khách,13:05,2025-05-04,14:00,2025-05-04,55m,Hành lý xách tay 1 x 12 kg,Hành lý 23 kg,2025-04-11,PQC
1340,PQC0228,Vietnam Airlines,1.471.814 VND/khách,10:25,2025-05-04,11:25,2025-05-04,1h 0m,Hành lý xách tay 1 x 12 kg,Hành lý 23 kg,2025-04-11,PQC
1341,PQC0326,Vietravel Airlines,748.638 VND/khách,17:25,2025-05-05,18:25,2025-05-05,1h 0m,Hành lý xách tay 7 kg,Hành lý 0 kg,2025-04-11,PQC
1342,PQC0020,VietJet Air,813.801 VND/khách,05:55,2025-05-05,06:55,2025-05-05,1h 0m,Hành lý xách tay 7 kg,Hành lý 0 kg,2025-04-11,PQC
1343,PQC0135,VietJet Air,813.801 VND/khách,17:10,2025-05-05,18:15,2025-05-05,1h 5m,Hành lý xách tay 7 kg,Hành lý 0 kg,2025-04-11,PQC
1344,PQC0112,VietJet Air,832.612 VND/khách,15:40,2025-05-05,16:40,2025-05-05,1h 0m,Hành lý xách tay 7 kg,Hành lý 0 kg,2025-04-11,PQC
1345,PQC0005,Bamboo Airways,874.325 VND/khách,16:30,2025-05-05,17:30,2025-05-05,1h 0m,Hành lý xách tay 7 kg,Hành lý 0 kg,2025-04-11,PQC
1346,PQC0069,VietJet Air,1.146.449 VND/khách,11:35,2025-05-05,12:35,2025-05-05,1h 0m,Hành lý xách tay 7 kg,Hành lý 0 kg,2025-04-11,PQC
1347,PQC0091,VietJet Air,1.146.449 VND/khách,14:05,2025-05-05,15:05,2025-05-05,1h 0m,Hành lý xách tay 7 kg,Hành lý 0 kg,2025-04-11,PQC
1348,PQC0170,Vietnam Airlines,1.207.791 VND/khách,05:25,2025-05-05,06:20,2025-05-05,55m,Hành lý xách tay 1 x 12 kg,Hành lý 23 kg,2025-04-11,PQC
1349,PQC0045,VietJet Air,1.281.093 VND/khách,09:20,2025-05-05,10:20,2025-05-05,1h 0m,Hành lý xách tay 7 kg,Hành lý 0 kg,2025-04-11,PQC
1350,PQC0185,Vietnam Airlines,1.347.651 VND/khách,05:40,2025-05-05,06:40,2025-05-05,1h 0m,Hành lý xách tay 1 x 12 kg,Hành lý 23 kg,2025-04-11,PQC
1351,PQC0308,Vietnam Airlines,1.347.651 VND/khách,20:20,2025-05-05,21:20,2025-05-05,1h 0m,Hành lý xách tay 1 x 12 kg,Hành lý 23 kg,2025-04-11,PQC
1352,PQC0254,Vietnam Airlines,1.473.525 VND/khách,13:05,2025-05-05,14:00,2025-05-05,55m,Hành lý xách tay 1 x 12 kg,Hành lý 23 kg,2025-04-11,PQC
1353,PQC0272,Vietnam Airlines,1.473.525 VND/khách,15:05,2025-05-05,16:10,2025-05-05,1h 5m,Hành lý xách tay 1 x 12 kg,Hành lý 23 kg,2025-04-11,PQC
1354,PQC0206,Vietnam Airlines,1.654.344 VND/khách,08:10,2025-05-05,08:55,2025-05-05,45m,Hành lý xách tay 1 x 12 kg,Hành lý 23 kg,2025-04-11,PQC
1355,PQC0327,Vietravel Airlines,749.624 VND/khách,17:25,2025-05-06,18:25,2025-05-06,1h 0m,Hành lý xách tay 7 kg,Hành lý 0 kg,2025-04-11,PQC
1356,PQC0021,VietJet Air,815.781 VND/khách,05:55,2025-05-06,06:55,2025-05-06,1h 0m,Hành lý xách tay 7 kg,Hành lý 0 kg,2025-04-11,PQC
1357,PQC0136,VietJet Air,815.781 VND/khách,17:10,2025-05-06,18:15,2025-05-06,1h 5m,Hành lý xách tay 7 kg,Hành lý 0 kg,2025-04-11,PQC
1358,PQC0113,VietJet Air,837.562 VND/khách,15:40,2025-05-06,16:40,2025-05-06,1h 0m,Hành lý xách tay 7 kg,Hành lý 0 kg,2025-04-11,PQC
1359,PQC0046,VietJet Air,1.147.439 VND/khách,09:20,2025-05-06,10:20,2025-05-06,1h 0m,Hành lý xách tay 7 kg,Hành lý 0 kg,2025-04-11,PQC
1360,PQC0070,VietJet Air,1.147.439 VND/khách,11:35,2025-05-06,12:35,2025-05-06,1h 0m,Hành lý xách tay 7 kg,Hành lý 0 kg,2025-04-11,PQC
1361,PQC0092,VietJet Air,1.147.439 VND/khách,14:05,2025-05-06,15:05,2025-05-06,1h 0m,Hành lý xách tay 7 kg,Hành lý 0 kg,2025-04-11,PQC
1362,PQC0186,Vietnam Airlines,1.371.627 VND/khách,05:40,2025-05-06,06:40,2025-05-06,1h 0m,Hành lý xách tay 1 x 12 kg,Hành lý 23 kg,2025-04-11,PQC
1363,PQC0273,Vietnam Airlines,1.489.509 VND/khách,15:05,2025-05-06,16:10,2025-05-06,1h 5m,Hành lý xách tay 1 x 12 kg,Hành lý 23 kg,2025-04-11,PQC
1364,PQC0207,Vietnam Airlines,1.541.457 VND/khách,08:10,2025-05-06,08:55,2025-05-06,45m,Hành lý xách tay 1 x 12 kg,Hành lý 23 kg,2025-04-11,PQC
1365,PQC0255,Vietnam Airlines,1.541.457 VND/khách,13:05,2025-05-06,14:00,2025-05-06,55m,Hành lý xách tay 1 x 12 kg,Hành lý 23 kg,2025-04-11,PQC
1366,PQC0328,Vietravel Airlines,747.653 VND/khách,17:25,2025-05-07,18:25,2025-05-07,1h 0m,Hành lý xách tay 7 kg,Hành lý 0 kg,2025-04-11,PQC
1367,PQC0022,VietJet Air,812.811 VND/khách,05:55,2025-05-07,06:55,2025-05-07,1h 0m,Hành lý xách tay 7 kg,Hành lý 0 kg,2025-04-11,PQC
1368,PQC0137,VietJet Air,812.811 VND/khách,17:10,2025-05-07,18:15,2025-05-07,1h 5m,Hành lý xách tay 7 kg,Hành lý 0 kg,2025-04-11,PQC
1369,PQC0047,VietJet Air,1.143.479 VND/khách,09:20,2025-05-07,10:20,2025-05-07,1h 0m,Hành lý xách tay 7 kg,Hành lý 0 kg,2025-04-11,PQC
1370,PQC0071,VietJet Air,1.143.479 VND/khách,11:35,2025-05-07,12:35,2025-05-07,1h 0m,Hành lý xách tay 7 kg,Hành lý 0 kg,2025-04-11,PQC
1371,PQC0093,VietJet Air,1.143.479 VND/khách,14:05,2025-05-07,15:05,2025-05-07,1h 0m,Hành lý xách tay 7 kg,Hành lý 0 kg,2025-04-11,PQC
1372,PQC0006,Bamboo Airways,1.173.625 VND/khách,16:30,2025-05-07,17:30,2025-05-07,1h 0m,Hành lý xách tay 7 kg,Hành lý 0 kg,2025-04-11,PQC
1373,PQC0187,Vietnam Airlines,1.370.628 VND/khách,05:40,2025-05-07,06:40,2025-05-07,1h 0m,Hành lý xách tay 1 x 12 kg,Hành lý 23 kg,2025-04-11,PQC
1374,PQC0274,Vietnam Airlines,1.583.415 VND/khách,15:05,2025-05-07,16:10,2025-05-07,1h 5m,Hành lý xách tay 1 x 12 kg,Hành lý 23 kg,2025-04-11,PQC
1375,PQC0208,Vietnam Airlines,1.650.348 VND/khách,08:10,2025-05-07,08:55,2025-05-07,45m,Hành lý xách tay 1 x 12 kg,Hành lý 23 kg,2025-04-11,PQC
1376,PQC0231,Vietnam Airlines,1.650.348 VND/khách,10:25,2025-05-07,11:25,2025-05-07,1h 0m,Hành lý xách tay 1 x 12 kg,Hành lý 23 kg,2025-04-11,PQC
1377,PQC0256,Vietnam Airlines,1.761.623 VND/khách,13:05,2025-05-07,14:00,2025-05-07,55m,Hành lý xách tay 1 x 12 kg,Hành lý 23 kg,2025-04-11,PQC
1378,PQC0329,Vietravel Airlines,1.051.049 VND/khách,17:25,2025-05-08,18:25,2025-05-08,1h 0m,Hành lý xách tay 7 kg,Hành lý 0 kg,2025-04-11,PQC
1379,PQC0023,VietJet Air,1.016.756 VND/khách,05:55,2025-05-08,06:55,2025-05-08,1h 0m,Hành lý xách tay 7 kg,Hành lý 0 kg,2025-04-11,PQC
1380,PQC0048,VietJet Air,1.279.113 VND/khách,09:20,2025-05-08,10:20,2025-05-08,1h 0m,Hành lý xách tay 7 kg,Hành lý 0 kg,2025-04-11,PQC
1381,PQC0072,VietJet Air,1.279.113 VND/khách,11:35,2025-05-08,12:35,2025-05-08,1h 0m,Hành lý xách tay 7 kg,Hành lý 0 kg,2025-04-11,PQC
1382,PQC0094,VietJet Air,1.279.113 VND/khách,14:05,2025-05-08,15:05,2025-05-08,1h 0m,Hành lý xách tay 7 kg,Hành lý 0 kg,2025-04-11,PQC
1383,PQC0115,VietJet Air,1.279.113 VND/khách,15:40,2025-05-08,16:40,2025-05-08,1h 0m,Hành lý xách tay 7 kg,Hành lý 0 kg,2025-04-11,PQC
1384,PQC0138,VietJet Air,1.279.113 VND/khách,17:10,2025-05-08,18:15,2025-05-08,1h 5m,Hành lý xách tay 7 kg,Hành lý 0 kg,2025-04-11,PQC
1385,PQC0155,VietJet Air,1.279.113 VND/khách,17:40,2025-05-08,18:45,2025-05-08,1h 5m,Hành lý xách tay 7 kg,Hành lý 0 kg,2025-04-11,PQC
1386,PQC0188,Vietnam Airlines,1.488.510 VND/khách,05:40,2025-05-08,06:40,2025-05-08,1h 0m,Hành lý xách tay 1 x 12 kg,Hành lý 23 kg,2025-04-11,PQC
1387,PQC0257,Vietnam Airlines,1.709.289 VND/khách,13:05,2025-05-08,14:00,2025-05-08,55m,Hành lý xách tay 1 x 12 kg,Hành lý 23 kg,2025-04-11,PQC
1388,PQC0275,Vietnam Airlines,1.709.289 VND/khách,15:05,2025-05-08,16:10,2025-05-08,1h 5m,Hành lý xách tay 1 x 12 kg,Hành lý 23 kg,2025-04-11,PQC
1389,PQC0232,Vietnam Airlines,1.783.215 VND/khách,10:25,2025-05-08,11:25,2025-05-08,1h 0m,Hành lý xách tay 1 x 12 kg,Hành lý 23 kg,2025-04-11,PQC
1390,PQC0330,Vietravel Airlines,1.852.880 VND/khách,17:25,2025-05-09,18:25,2025-05-09,1h 0m,Hành lý xách tay 7 kg,Hành lý 0 kg,2025-04-11,PQC
1391,PQC0139,VietJet Air,1.281.093 VND/khách,17:10,2025-05-09,18:15,2025-05-09,1h 5m,Hành lý xách tay 7 kg,Hành lý 0 kg,2025-04-11,PQC
1392,PQC0024,VietJet Air,1.306.833 VND/khách,05:55,2025-05-09,06:55,2025-05-09,1h 0m,Hành lý xách tay 7 kg,Hành lý 0 kg,2025-04-11,PQC
1393,PQC0095,VietJet Air,1.408.806 VND/khách,14:05,2025-05-09,15:05,2025-05-09,1h 0m,Hành lý xách tay 7 kg,Hành lý 0 kg,2025-04-11,PQC
1394,PQC0049,VietJet Air,1.577.110 VND/khách,09:20,2025-05-09,10:20,2025-05-09,1h 0m,Hành lý xách tay 7 kg,Hành lý 0 kg,2025-04-11,PQC
1395,PQC0073,VietJet Air,1.577.110 VND/khách,11:35,2025-05-09,12:35,2025-05-09,1h 0m,Hành lý xách tay 7 kg,Hành lý 0 kg,2025-04-11,PQC
1396,PQC0189,Vietnam Airlines,1.594.404 VND/khách,05:40,2025-05-09,06:40,2025-05-09,1h 0m,Hành lý xách tay 1 x 12 kg,Hành lý 23 kg,2025-04-11,PQC
1397,PQC0007,Bamboo Airways,1.616.425 VND/khách,16:30,2025-05-09,17:30,2025-05-09,1h 0m,Hành lý xách tay 7 kg,Hành lý 0 kg,2025-04-11,PQC
1398,PQC0309,Vietnam Airlines,1.654.344 VND/khách,20:20,2025-05-09,21:20,2025-05-09,1h 0m,Hành lý xách tay 1 x 12 kg,Hành lý 23 kg,2025-04-11,PQC
1399,PQC0249,Vietnam Airlines,1.765.233 VND/khách,13:00,2025-05-09,14:00,2025-05-09,1h 0m,Hành lý xách tay 1 x 12 kg,Hành lý 23 kg,2025-04-11,PQC
1400,PQC0276,Vietnam Airlines,1.765.233 VND/khách,15:05,2025-05-09,16:10,2025-05-09,1h 5m,Hành lý xách tay 1 x 12 kg,Hành lý 23 kg,2025-04-11,PQC
1401,PQC0330,Vietravel Airlines,1.852.880 VND/khách,17:25,2025-05-09,18:25,2025-05-09,1h 0m,Hành lý xách tay 7 kg,Hành lý 0 kg,2025-04-11,PQC
1402,PQC0116,VietJet Air,1.878.262 VND/khách,15:40,2025-05-09,16:40,2025-05-09,1h 0m,Hành lý xách tay 7 kg,Hành lý 0 kg,2025-04-11,PQC
1403,PQC0233,Vietnam Airlines,1.949.049 VND/khách,10:25,2025-05-09,11:25,2025-05-09,1h 0m,Hành lý xách tay 1 x 12 kg,Hành lý 23 kg,2025-04-11,PQC
1404,PQC0331,Vietravel Airlines,879.650 VND/khách,17:25,2025-05-10,18:25,2025-05-10,1h 0m,Hành lý xách tay 7 kg,Hành lý 0 kg,2025-04-11,PQC
1405,PQC0140,VietJet Air,813.801 VND/khách,17:10,2025-05-10,18:15,2025-05-10,1h 5m,Hành lý xách tay 7 kg,Hành lý 0 kg,2025-04-11,PQC
1406,PQC0025,VietJet Air,1.281.093 VND/khách,05:55,2025-05-10,06:55,2025-05-10,1h 0m,Hành lý xách tay 7 kg,Hành lý 0 kg,2025-04-11,PQC
1407,PQC0074,VietJet Air,1.281.093 VND/khách,11:35,2025-05-10,12:35,2025-05-10,1h 0m,Hành lý xách tay 7 kg,Hành lý 0 kg,2025-04-11,PQC
1408,PQC0096,VietJet Air,1.281.093 VND/khách,14:05,2025-05-10,15:05,2025-05-10,1h 0m,Hành lý xách tay 7 kg,Hành lý 0 kg,2025-04-11,PQC
1409,PQC0050,VietJet Air,1.303.863 VND/khách,09:20,2025-05-10,10:20,2025-05-10,1h 0m,Hành lý xách tay 7 kg,Hành lý 0 kg,2025-04-11,PQC
1410,PQC0190,Vietnam Airlines,1.594.404 VND/khách,05:40,2025-05-10,06:40,2025-05-10,1h 0m,Hành lý xách tay 1 x 12 kg,Hành lý 23 kg,2025-04-11,PQC
1411,PQC0277,Vietnam Airlines,1.654.344 VND/khách,15:05,2025-05-10,16:10,2025-05-10,1h 5m,Hành lý xách tay 1 x 12 kg,Hành lý 23 kg,2025-04-11,PQC
1412,PQC0258,Vietnam Airlines,1.669.329 VND/khách,13:05,2025-05-10,14:00,2025-05-10,55m,Hành lý xách tay 1 x 12 kg,Hành lý 23 kg,2025-04-11,PQC
1413,PQC0211,Vietnam Airlines,1.853.145 VND/khách,08:10,2025-05-10,08:55,2025-05-10,45m,Hành lý xách tay 1 x 12 kg,Hành lý 23 kg,2025-04-11,PQC
1414,PQC0234,Vietnam Airlines,1.853.145 VND/khách,10:25,2025-05-10,11:25,2025-05-10,1h 0m,Hành lý xách tay 1 x 12 kg,Hành lý 23 kg,2025-04-11,PQC
1415,PQC0332,Vietravel Airlines,810.697 VND/khách,17:25,2025-05-11,18:25,2025-05-11,1h 0m,Hành lý xách tay 7 kg,Hành lý 0 kg,2025-04-11,PQC
1416,PQC0026,VietJet Air,813.801 VND/khách,05:55,2025-05-11,06:55,2025-05-11,1h 0m,Hành lý xách tay 7 kg,Hành lý 0 kg,2025-04-11,PQC
1417,PQC0141,VietJet Air,813.801 VND/khách,17:10,2025-05-11,18:15,2025-05-11,1h 5m,Hành lý xách tay 7 kg,Hành lý 0 kg,2025-04-11,PQC
1418,PQC0051,VietJet Air,1.146.449 VND/khách,09:20,2025-05-11,10:20,2025-05-11,1h 0m,Hành lý xách tay 7 kg,Hành lý 0 kg,2025-04-11,PQC
1419,PQC0075,VietJet Air,1.146.449 VND/khách,11:35,2025-05-11,12:35,2025-05-11,1h 0m,Hành lý xách tay 7 kg,Hành lý 0 kg,2025-04-11,PQC
1420,PQC0097,VietJet Air,1.146.449 VND/khách,14:05,2025-05-11,15:05,2025-05-11,1h 0m,Hành lý xách tay 7 kg,Hành lý 0 kg,2025-04-11,PQC
1421,PQC0008,Bamboo Airways,1.173.625 VND/khách,16:30,2025-05-11,17:30,2025-05-11,1h 0m,Hành lý xách tay 7 kg,Hành lý 0 kg,2025-04-11,PQC
1422,PQC0310,Vietnam Airlines,1.215.783 VND/khách,20:20,2025-05-11,21:20,2025-05-11,1h 0m,Hành lý xách tay 1 x 12 kg,Hành lý 23 kg,2025-04-11,PQC
1423,PQC0191,Vietnam Airlines,1.259.739 VND/khách,05:40,2025-05-11,06:40,2025-05-11,1h 0m,Hành lý xách tay 1 x 12 kg,Hành lý 23 kg,2025-04-11,PQC
1424,PQC0259,Vietnam Airlines,1.358.640 VND/khách,13:05,2025-05-11,14:00,2025-05-11,55m,Hành lý xách tay 1 x 12 kg,Hành lý 23 kg,2025-04-11,PQC
1425,PQC0278,Vietnam Airlines,1.358.640 VND/khách,15:05,2025-05-11,16:10,2025-05-11,1h 5m,Hành lý xách tay 1 x 12 kg,Hành lý 23 kg,2025-04-11,PQC
1426,PQC0235,Vietnam Airlines,1.470.528 VND/khách,10:25,2025-05-11,11:25,2025-05-11,1h 0m,Hành lý xách tay 1 x 12 kg,Hành lý 23 kg,2025-04-11,PQC
1427,PQC0212,Vietnam Airlines,1.565.433 VND/khách,08:10,2025-05-11,08:55,2025-05-11,45m,Hành lý xách tay 1 x 12 kg,Hành lý 23 kg,2025-04-11,PQC
1428,PQC0333,Vietravel Airlines,748.638 VND/khách,17:25,2025-04-21,18:25,2025-04-21,1h 0m,Hành lý xách tay 7 kg,Hành lý 0 kg,2025-04-11,PQC
1429,PQC0142,VietJet Air,813.801 VND/khách,17:10,2025-04-21,18:15,2025-04-21,1h 5m,Hành lý xách tay 7 kg,Hành lý 0 kg,2025-04-11,PQC
1430,PQC0009,Bamboo Airways,869.953 VND/khách,16:30,2025-04-21,17:30,2025-04-21,1h 0m,Hành lý xách tay 7 kg,Hành lý 0 kg,2025-04-11,PQC
1431,PQC0027,VietJet Air,1.018.736 VND/khách,05:55,2025-04-21,06:55,2025-04-21,1h 0m,Hành lý xách tay 7 kg,Hành lý 0 kg,2025-04-11,PQC
1432,PQC0119,VietJet Air,1.018.736 VND/khách,15:40,2025-04-21,16:40,2025-04-21,1h 0m,Hành lý xách tay 7 kg,Hành lý 0 kg,2025-04-11,PQC
1433,PQC0098,VietJet Air,1.146.449 VND/khách,14:05,2025-04-21,15:05,2025-04-21,1h 0m,Hành lý xách tay 7 kg,Hành lý 0 kg,2025-04-11,PQC
1434,PQC0052,VietJet Air,1.281.093 VND/khách,09:20,2025-04-21,10:20,2025-04-21,1h 0m,Hành lý xách tay 7 kg,Hành lý 0 kg,2025-04-11,PQC
1435,PQC0076,VietJet Air,1.281.093 VND/khách,11:35,2025-04-21,12:35,2025-04-21,1h 0m,Hành lý xách tay 7 kg,Hành lý 0 kg,2025-04-11,PQC
1436,PQC0192,Vietnam Airlines,1.377.621 VND/khách,05:40,2025-04-21,06:40,2025-04-21,1h 0m,Hành lý xách tay 1 x 12 kg,Hành lý 23 kg,2025-04-11,PQC
1437,PQC0213,Vietnam Airlines,1.731.267 VND/khách,08:10,2025-04-21,08:55,2025-04-21,45m,Hành lý xách tay 1 x 12 kg,Hành lý 23 kg,2025-04-11,PQC
1438,PQC0260,Vietnam Airlines,1.971.027 VND/khách,13:05,2025-04-21,14:00,2025-04-21,55m,Hành lý xách tay 1 x 12 kg,Hành lý 23 kg,2025-04-11,PQC
1439,PQC0236,Vietnam Airlines,1.978.020 VND/khách,10:25,2025-04-21,11:25,2025-04-21,1h 0m,Hành lý xách tay 1 x 12 kg,Hành lý 23 kg,2025-04-11,PQC
1440,PQC0334,Vietravel Airlines,748.638 VND/khách,17:25,2025-04-22,18:25,2025-04-22,1h 0m,Hành lý xách tay 7 kg,Hành lý 0 kg,2025-04-11,PQC
1441,PQC0143,VietJet Air,813.801 VND/khách,17:10,2025-04-22,18:15,2025-04-22,1h 5m,Hành lý xách tay 7 kg,Hành lý 0 kg,2025-04-11,PQC
1442,PQC0120,VietJet Air,1.018.736 VND/khách,15:40,2025-04-22,16:40,2025-04-22,1h 0m,Hành lý xách tay 7 kg,Hành lý 0 kg,2025-04-11,PQC
1443,PQC0028,VietJet Air,1.031.577 VND/khách,05:55,2025-04-22,06:55,2025-04-22,1h 0m,Hành lý xách tay 7 kg,Hành lý 0 kg,2025-04-11,PQC
1444,PQC0099,VietJet Air,1.146.449 VND/khách,14:05,2025-04-22,15:05,2025-04-22,1h 0m,Hành lý xách tay 7 kg,Hành lý 0 kg,2025-04-11,PQC
1445,PQC0053,VietJet Air,1.281.093 VND/khách,09:20,2025-04-22,10:20,2025-04-22,1h 0m,Hành lý xách tay 7 kg,Hành lý 0 kg,2025-04-11,PQC
1446,PQC0077,VietJet Air,1.281.093 VND/khách,11:35,2025-04-22,12:35,2025-04-22,1h 0m,Hành lý xách tay 7 kg,Hành lý 0 kg,2025-04-11,PQC
1447,PQC0193,Vietnam Airlines,1.358.640 VND/khách,05:40,2025-04-22,06:40,2025-04-22,1h 0m,Hành lý xách tay 1 x 12 kg,Hành lý 23 kg,2025-04-11,PQC
1448,PQC0214,Vietnam Airlines,1.761.623 VND/khách,08:10,2025-04-22,08:55,2025-04-22,45m,Hành lý xách tay 1 x 12 kg,Hành lý 23 kg,2025-04-11,PQC
1449,PQC0280,Vietnam Airlines,1.761.623 VND/khách,15:05,2025-04-22,16:10,2025-04-22,1h 5m,Hành lý xách tay 1 x 12 kg,Hành lý 23 kg,2025-04-11,PQC
1450,PQC0261,Vietnam Airlines,1.907.562 VND/khách,13:05,2025-04-22,14:00,2025-04-22,55m,Hành lý xách tay 1 x 12 kg,Hành lý 23 kg,2025-04-11,PQC
1451,PQC0335,Vietravel Airlines,748.638 VND/khách,17:25,2025-04-23,18:25,2025-04-23,1h 0m,Hành lý xách tay 7 kg,Hành lý 0 kg,2025-04-11,PQC
1452,PQC0029,VietJet Air,813.801 VND/khách,05:55,2025-04-23,06:55,2025-04-23,1h 0m,Hành lý xách tay 7 kg,Hành lý 0 kg,2025-04-11,PQC
1453,PQC0144,VietJet Air,813.801 VND/khách,17:10,2025-04-23,18:15,2025-04-23,1h 5m,Hành lý xách tay 7 kg,Hành lý 0 kg,2025-04-11,PQC
1454,PQC0129,VietJet Air,840.532 VND/khách,16:25,2025-04-23,17:25,2025-04-23,1h 0m,Hành lý xách tay 7 kg,Hành lý 0 kg,2025-04-11,PQC
1455,PQC0173,Vietnam Airlines,869.130 VND/khách,05:25,2025-04-23,06:20,2025-04-23,55m,Hành lý xách tay 1 x 12 kg,Hành lý 0 kg,2025-04-11,PQC
1456,PQC0010,Bamboo Airways,1.013.756 VND/khách,16:30,2025-04-23,17:30,2025-04-23,1h 0m,Hành lý xách tay 7 kg,Hành lý 0 kg,2025-04-11,PQC
1457,PQC0100,VietJet Air,1.146.449 VND/khách,14:05,2025-04-23,15:05,2025-04-23,1h 0m,Hành lý xách tay 7 kg,Hành lý 0 kg,2025-04-11,PQC
1458,PQC0194,Vietnam Airlines,1.263.735 VND/khách,05:40,2025-04-23,06:40,2025-04-23,1h 0m,Hành lý xách tay 1 x 12 kg,Hành lý 23 kg,2025-04-11,PQC
1459,PQC0054,VietJet Air,1.281.093 VND/khách,09:20,2025-04-23,10:20,2025-04-23,1h 0m,Hành lý xách tay 7 kg,Hành lý 0 kg,2025-04-11,PQC
1460,PQC0078,VietJet Air,1.281.093 VND/khách,11:35,2025-04-23,12:35,2025-04-23,1h 0m,Hành lý xách tay 7 kg,Hành lý 0 kg,2025-04-11,PQC
1461,PQC0262,Vietnam Airlines,1.731.267 VND/khách,13:05,2025-04-23,14:00,2025-04-23,55m,Hành lý xách tay 1 x 12 kg,Hành lý 23 kg,2025-04-11,PQC
1462,PQC0281,Vietnam Airlines,1.731.267 VND/khách,15:05,2025-04-23,16:10,2025-04-23,1h 5m,Hành lý xách tay 1 x 12 kg,Hành lý 23 kg,2025-04-11,PQC
1463,PQC0215,Vietnam Airlines,1.735.263 VND/khách,08:10,2025-04-23,08:55,2025-04-23,45m,Hành lý xách tay 1 x 12 kg,Hành lý 23 kg,2025-04-11,PQC
1464,PQC0336,Vietravel Airlines,1.123.943 VND/khách,17:25,2025-04-24,18:25,2025-04-24,1h 0m,Hành lý xách tay 7 kg,Hành lý 0 kg,2025-04-11,PQC
1465,PQC0030,VietJet Air,1.143.479 VND/khách,05:55,2025-04-24,06:55,2025-04-24,1h 0m,Hành lý xách tay 7 kg,Hành lý 0 kg,2025-04-11,PQC
1466,PQC0174,Vietnam Airlines,1.248.247 VND/khách,05:25,2025-04-24,06:20,2025-04-24,55m,Hành lý xách tay 1 x 12 kg,Hành lý 23 kg,2025-04-11,PQC
1467,PQC0101,VietJet Air,1.279.113 VND/khách,14:05,2025-04-24,15:05,2025-04-24,1h 0m,Hành lý xách tay 7 kg,Hành lý 0 kg,2025-04-11,PQC
1468,PQC0122,VietJet Air,1.279.113 VND/khách,15:40,2025-04-24,16:40,2025-04-24,1h 0m,Hành lý xách tay 7 kg,Hành lý 0 kg,2025-04-11,PQC
1469,PQC0039,VietJet Air,1.279.113 VND/khách,08:25,2025-04-24,09:30,2025-04-24,1h 5m,Hành lý xách tay 7 kg,Hành lý 0 kg,2025-04-11,PQC
1470,PQC0145,VietJet Air,1.279.113 VND/khách,17:10,2025-04-24,18:15,2025-04-24,1h 5m,Hành lý xách tay 7 kg,Hành lý 0 kg,2025-04-11,PQC
1471,PQC0158,VietJet Air,1.279.113 VND/khách,17:40,2025-04-24,18:45,2025-04-24,1h 5m,Hành lý xách tay 7 kg,Hành lý 0 kg,2025-04-11,PQC
1472,PQC0195,Vietnam Airlines,1.370.628 VND/khách,05:40,2025-04-24,06:40,2025-04-24,1h 0m,Hành lý xách tay 1 x 12 kg,Hành lý 23 kg,2025-04-11,PQC
1473,PQC0055,VietJet Air,1.405.836 VND/khách,09:20,2025-04-24,10:20,2025-04-24,1h 0m,Hành lý xách tay 7 kg,Hành lý 0 kg,2025-04-11,PQC
1474,PQC0079,VietJet Air,1.405.836 VND/khách,11:35,2025-04-24,12:35,2025-04-24,1h 0m,Hành lý xách tay 7 kg,Hành lý 0 kg,2025-04-11,PQC
1475,PQC0282,Vietnam Airlines,1.742.256 VND/khách,15:05,2025-04-24,16:10,2025-04-24,1h 5m,Hành lý xách tay 1 x 12 kg,Hành lý 23 kg,2025-04-11,PQC
1476,PQC0217,Vietnam Airlines,1.756.242 VND/khách,08:10,2025-04-24,08:55,2025-04-24,45m,Hành lý xách tay 1 x 12 kg,Hành lý 23 kg,2025-04-11,PQC
1477,PQC0263,Vietnam Airlines,1.886.112 VND/khách,13:05,2025-04-24,14:00,2025-04-24,55m,Hành lý xách tay 1 x 12 kg,Hành lý 23 kg,2025-04-11,PQC
1478,PQC0337,Vietravel Airlines,1.124.928 VND/khách,17:25,2025-04-25,18:25,2025-04-25,1h 0m,Hành lý xách tay 7 kg,Hành lý 0 kg,2025-04-11,PQC
1479,PQC0123,VietJet Air,1.280.103 VND/khách,15:40,2025-04-25,16:40,2025-04-25,1h 0m,Hành lý xách tay 7 kg,Hành lý 0 kg,2025-04-11,PQC
1480,PQC0146,VietJet Air,1.280.103 VND/khách,17:10,2025-04-25,18:15,2025-04-25,1h 5m,Hành lý xách tay 7 kg,Hành lý 0 kg,2025-04-11,PQC
1481,PQC0011,Bamboo Airways,1.332.977 VND/khách,16:30,2025-04-25,17:30,2025-04-25,1h 0m,Hành lý xách tay 7 kg,Hành lý 0 kg,2025-04-11,PQC
1482,PQC0175,Vietnam Airlines,1.342.656 VND/khách,05:25,2025-04-25,06:20,2025-04-25,55m,Hành lý xách tay 1 x 12 kg,Hành lý 23 kg,2025-04-11,PQC
1483,PQC0196,Vietnam Airlines,1.560.438 VND/khách,05:40,2025-04-25,06:40,2025-04-25,1h 0m,Hành lý xách tay 1 x 12 kg,Hành lý 23 kg,2025-04-11,PQC
1484,PQC0102,VietJet Air,1.574.140 VND/khách,14:05,2025-04-25,15:05,2025-04-25,1h 0m,Hành lý xách tay 7 kg,Hành lý 0 kg,2025-04-11,PQC
1485,PQC0296,Vietnam Airlines,1.652.346 VND/khách,17:25,2025-04-25,18:25,2025-04-25,1h 0m,Hành lý xách tay 1 x 12 kg,Hành lý 23 kg,2025-04-11,PQC
1486,PQC0080,VietJet Air,1.693.933 VND/khách,11:35,2025-04-25,12:35,2025-04-25,1h 0m,Hành lý xách tay 7 kg,Hành lý 0 kg,2025-04-11,PQC
1487,PQC0056,VietJet Air,1.697.893 VND/khách,09:20,2025-04-25,10:20,2025-04-25,1h 0m,Hành lý xách tay 7 kg,Hành lý 0 kg,2025-04-11,PQC
1488,PQC0311,Vietnam Airlines,1.729.269 VND/khách,20:20,2025-04-25,21:20,2025-04-25,1h 0m,Hành lý xách tay 1 x 12 kg,Hành lý 23 kg,2025-04-11,PQC
1489,PQC0031,VietJet Air,1.878.262 VND/khách,05:55,2025-04-25,06:55,2025-04-25,1h 0m,Hành lý xách tay 7 kg,Hành lý 0 kg,2025-04-11,PQC
1490,PQC0283,Vietnam Airlines,1.975.023 VND/khách,15:05,2025-04-25,16:10,2025-04-25,1h 5m,Hành lý xách tay 1 x 12 kg,Hành lý 23 kg,2025-04-11,PQC
1491,PQC0250,Vietnam Airlines,1.983.015 VND/khách,13:00,2025-04-25,14:00,2025-04-25,1h 0m,Hành lý xách tay 1 x 12 kg,Hành lý 23 kg,2025-04-11,PQC
1492,PQC0218,Vietnam Airlines,1.989.009 VND/khách,08:10,2025-04-25,08:55,2025-04-25,45m,Hành lý xách tay 1 x 12 kg,Hành lý 23 kg,2025-04-11,PQC
1493,PQC0338,Vietravel Airlines,951.559 VND/khách,17:25,2025-04-26,18:25,2025-04-26,1h 0m,Hành lý xách tay 7 kg,Hành lý 0 kg,2025-04-11,PQC
1494,PQC0147,VietJet Air,1.018.736 VND/khách,17:10,2025-04-26,18:15,2025-04-26,1h 5m,Hành lý xách tay 7 kg,Hành lý 0 kg,2025-04-11,PQC
1495,PQC0124,VietJet Air,1.146.449 VND/khách,15:40,2025-04-26,16:40,2025-04-26,1h 0m,Hành lý xách tay 7 kg,Hành lý 0 kg,2025-04-11,PQC
1496,PQC0176,Vietnam Airlines,1.226.772 VND/khách,05:25,2025-04-26,06:20,2025-04-26,55m,Hành lý xách tay 1 x 12 kg,Hành lý 23 kg,2025-04-11,PQC
1497,PQC0032,VietJet Air,1.281.093 VND/khách,05:55,2025-04-26,06:55,2025-04-26,1h 0m,Hành lý xách tay 7 kg,Hành lý 0 kg,2025-04-11,PQC
1498,PQC0103,VietJet Air,1.281.093 VND/khách,14:05,2025-04-26,15:05,2025-04-26,1h 0m,Hành lý xách tay 7 kg,Hành lý 0 kg,2025-04-11,PQC
1499,PQC0197,Vietnam Airlines,1.377.621 VND/khách,05:40,2025-04-26,06:40,2025-04-26,1h 0m,Hành lý xách tay 1 x 12 kg,Hành lý 23 kg,2025-04-11,PQC
1500,PQC0057,VietJet Air,1.577.110 VND/khách,09:20,2025-04-26,10:20,2025-04-26,1h 0m,Hành lý xách tay 7 kg,Hành lý 0 kg,2025-04-11,PQC
1501,PQC0081,VietJet Air,1.577.110 VND/khách,11:35,2025-04-26,12:35,2025-04-26,1h 0m,Hành lý xách tay 7 kg,Hành lý 0 kg,2025-04-11,PQC
1502,PQC0312,Vietnam Airlines,1.731.267 VND/khách,20:20,2025-04-26,21:20,2025-04-26,1h 0m,Hành lý xách tay 1 x 12 kg,Hành lý 23 kg,2025-04-11,PQC
1503,PQC0219,Vietnam Airlines,1.868.130 VND/khách,08:10,2025-04-26,08:55,2025-04-26,45m,Hành lý xách tay 1 x 12 kg,Hành lý 23 kg,2025-04-11,PQC
1504,PQC0284,Vietnam Airlines,1.904.094 VND/khách,15:05,2025-04-26,16:10,2025-04-26,1h 5m,Hành lý xách tay 1 x 12 kg,Hành lý 23 kg,2025-04-11,PQC
1505,PQC0264,Vietnam Airlines,1.964.034 VND/khách,13:05,2025-04-26,14:00,2025-04-26,55m,Hành lý xách tay 1 x 12 kg,Hành lý 23 kg,2025-04-11,PQC
1506,PQC0339,Vietravel Airlines,879.650 VND/khách,17:25,2025-04-27,18:25,2025-04-27,1h 0m,Hành lý xách tay 7 kg,Hành lý 0 kg,2025-04-11,PQC
1507,PQC0033,VietJet Air,1.018.736 VND/khách,05:55,2025-04-27,06:55,2025-04-27,1h 0m,Hành lý xách tay 7 kg,Hành lý 0 kg,2025-04-11,PQC
1508,PQC0125,VietJet Air,1.018.736 VND/khách,15:40,2025-04-27,16:40,2025-04-27,1h 0m,Hành lý xách tay 7 kg,Hành lý 0 kg,2025-04-11,PQC
1509,PQC0148,VietJet Air,1.018.736 VND/khách,17:10,2025-04-27,18:15,2025-04-27,1h 5m,Hành lý xách tay 7 kg,Hành lý 0 kg,2025-04-11,PQC
1510,PQC0012,Bamboo Airways,1.018.850 VND/khách,16:30,2025-04-27,17:30,2025-04-27,1h 0m,Hành lý xách tay 7 kg,Hành lý 0 kg,2025-04-11,PQC
1511,PQC0177,Vietnam Airlines,1.108.890 VND/khách,05:25,2025-04-27,06:20,2025-04-27,55m,Hành lý xách tay 1 x 12 kg,Hành lý 23 kg,2025-04-11,PQC
1512,PQC0198,Vietnam Airlines,1.130.868 VND/khách,05:40,2025-04-27,06:40,2025-04-27,1h 0m,Hành lý xách tay 1 x 12 kg,Hành lý 23 kg,2025-04-11,PQC
1513,PQC0104,VietJet Air,1.146.449 VND/khách,14:05,2025-04-27,15:05,2025-04-27,1h 0m,Hành lý xách tay 7 kg,Hành lý 0 kg,2025-04-11,PQC
1514,PQC0082,VietJet Air,1.281.093 VND/khách,11:35,2025-04-27,12:35,2025-04-27,1h 0m,Hành lý xách tay 7 kg,Hành lý 0 kg,2025-04-11,PQC
1515,PQC0313,Vietnam Airlines,1.459.539 VND/khách,20:20,2025-04-27,21:20,2025-04-27,1h 0m,Hành lý xách tay 1 x 12 kg,Hành lý 23 kg,2025-04-11,PQC
1516,PQC0058,VietJet Air,1.577.110 VND/khách,09:20,2025-04-27,10:20,2025-04-27,1h 0m,Hành lý xách tay 7 kg,Hành lý 0 kg,2025-04-11,PQC
1517,PQC0285,Vietnam Airlines,1.658.340 VND/khách,15:05,2025-04-27,16:10,2025-04-27,1h 5m,Hành lý xách tay 1 x 12 kg,Hành lý 23 kg,2025-04-11,PQC
1518,PQC0265,Vietnam Airlines,1.893.105 VND/khách,13:05,2025-04-27,14:00,2025-04-27,55m,Hành lý xách tay 1 x 12 kg,Hành lý 23 kg,2025-04-11,PQC
1519,PQC0220,Vietnam Airlines,1.949.049 VND/khách,08:10,2025-04-27,08:55,2025-04-27,45m,Hành lý xách tay 1 x 12 kg,Hành lý 23 kg,2025-04-11,PQC
1520,PQC0340,Vietravel Airlines,951.559 VND/khách,17:25,2025-04-28,18:25,2025-04-28,1h 0m,Hành lý xách tay 7 kg,Hành lý 0 kg,2025-04-11,PQC
1521,PQC0178,Vietnam Airlines,925.074 VND/khách,05:25,2025-04-28,06:20,2025-04-28,55m,Hành lý xách tay 1 x 12 kg,Hành lý 0 kg,2025-04-11,PQC
1522,PQC0013,Bamboo Airways,1.013.756 VND/khách,16:30,2025-04-28,17:30,2025-04-28,1h 0m,Hành lý xách tay 7 kg,Hành lý 0 kg,2025-04-11,PQC
1523,PQC0034,VietJet Air,1.018.736 VND/khách,05:55,2025-04-28,06:55,2025-04-28,1h 0m,Hành lý xách tay 7 kg,Hành lý 0 kg,2025-04-11,PQC
1524,PQC0126,VietJet Air,1.018.736 VND/khách,15:40,2025-04-28,16:40,2025-04-28,1h 0m,Hành lý xách tay 7 kg,Hành lý 0 kg,2025-04-11,PQC
1525,PQC0149,VietJet Air,1.018.736 VND/khách,17:10,2025-04-28,18:15,2025-04-28,1h 5m,Hành lý xách tay 7 kg,Hành lý 0 kg,2025-04-11,PQC
1526,PQC0105,VietJet Air,1.146.449 VND/khách,14:05,2025-04-28,15:05,2025-04-28,1h 0m,Hành lý xách tay 7 kg,Hành lý 0 kg,2025-04-11,PQC
1527,PQC0199,Vietnam Airlines,1.259.739 VND/khách,05:40,2025-04-28,06:40,2025-04-28,1h 0m,Hành lý xách tay 1 x 12 kg,Hành lý 23 kg,2025-04-11,PQC
1528,PQC0059,VietJet Air,1.281.093 VND/khách,09:20,2025-04-28,10:20,2025-04-28,1h 0m,Hành lý xách tay 7 kg,Hành lý 0 kg,2025-04-11,PQC
1529,PQC0083,VietJet Air,1.281.093 VND/khách,11:35,2025-04-28,12:35,2025-04-28,1h 0m,Hành lý xách tay 7 kg,Hành lý 0 kg,2025-04-11,PQC
1530,PQC0221,Vietnam Airlines,1.672.610 VND/khách,08:10,2025-04-28,08:55,2025-04-28,45m,Hành lý xách tay 1 x 12 kg,Hành lý 23 kg,2025-04-11,PQC
1531,PQC0314,Vietnam Airlines,1.672.610 VND/khách,20:20,2025-04-28,21:20,2025-04-28,1h 0m,Hành lý xách tay 1 x 12 kg,Hành lý 23 kg,2025-04-11,PQC
1532,PQC0243,Vietnam Airlines,1.893.105 VND/khách,10:25,2025-04-28,11:25,2025-04-28,1h 0m,Hành lý xách tay 1 x 12 kg,Hành lý 23 kg,2025-04-11,PQC
1533,PQC0286,Vietnam Airlines,1.907.562 VND/khách,15:05,2025-04-28,16:10,2025-04-28,1h 5m,Hành lý xách tay 1 x 12 kg,Hành lý 23 kg,2025-04-11,PQC
1534,PQC0341,Vietravel Airlines,1.616.468 VND/khách,17:25,2025-04-29,18:25,2025-04-29,1h 0m,Hành lý xách tay 7 kg,Hành lý 0 kg,2025-04-11,PQC
1535,PQC0127,VietJet Air,1.696.903 VND/khách,15:40,2025-04-29,16:40,2025-04-29,1h 0m,Hành lý xách tay 7 kg,Hành lý 0 kg,2025-04-11,PQC
1536,PQC0035,VietJet Air,1.777.095 VND/khách,05:55,2025-04-29,06:55,2025-04-29,1h 0m,Hành lý xách tay 7 kg,Hành lý 0 kg,2025-04-11,PQC
1537,PQC0106,VietJet Air,1.777.095 VND/khách,14:05,2025-04-29,15:05,2025-04-29,1h 0m,Hành lý xách tay 7 kg,Hành lý 0 kg,2025-04-11,PQC
1538,PQC0040,VietJet Air,1.777.095 VND/khách,08:25,2025-04-29,09:30,2025-04-29,1h 5m,Hành lý xách tay 7 kg,Hành lý 0 kg,2025-04-11,PQC
1539,PQC0150,VietJet Air,1.785.016 VND/khách,17:10,2025-04-29,18:15,2025-04-29,1h 5m,Hành lý xách tay 7 kg,Hành lý 0 kg,2025-04-11,PQC
1540,PQC0084,VietJet Air,1.798.876 VND/khách,11:35,2025-04-29,12:35,2025-04-29,1h 0m,Hành lý xách tay 7 kg,Hành lý 0 kg,2025-04-11,PQC
1541,PQC0060,VietJet Air,1.839.467 VND/khách,09:20,2025-04-29,10:20,2025-04-29,1h 0m,Hành lý xách tay 7 kg,Hành lý 0 kg,2025-04-11,PQC
1542,PQC0179,Vietnam Airlines,1.868.130 VND/khách,05:25,2025-04-29,06:20,2025-04-29,55m,Hành lý xách tay 1 x 12 kg,Hành lý 23 kg,2025-04-11,PQC
1543,PQC0222,Vietnam Airlines,1.989.009 VND/khách,08:10,2025-04-29,08:55,2025-04-29,45m,Hành lý xách tay 1 x 12 kg,Hành lý 23 kg,2025-04-11,PQC
1544,PQC0342,Vietravel Airlines,1.852.880 VND/khách,17:25,2025-04-30,18:25,2025-04-30,1h 0m,Hành lý xách tay 7 kg,Hành lý 0 kg,2025-04-11,PQC
1545,PQC0151,VietJet Air,1.890.948 VND/khách,17:10,2025-04-30,18:15,2025-04-30,1h 5m,Hành lý xách tay 7 kg,Hành lý 0 kg,2025-04-11,PQC
1546,PQC0322,Vietravel Airlines,1.871.100 VND/khách,17:25,2025-05-01,18:25,2025-05-01,1h 0m,Hành lý xách tay 7 kg,Hành lý 0 kg,2025-04-12,PQC
1547,PQC0001,Bamboo Airways,1.707.271 VND/khách,16:30,2025-05-01,17:30,2025-05-01,1h 0m,Hành lý xách tay 7 kg,Hành lý 0 kg,2025-04-12,PQC
1548,PQC0131,VietJet Air,1.718.365 VND/khách,17:10,2025-05-01,18:15,2025-05-01,1h 5m,Hành lý xách tay 7 kg,Hành lý 0 kg,2025-04-12,PQC
1549,PQC0154,VietJet Air,1.718.365 VND/khách,17:40,2025-05-01,18:45,2025-05-01,1h 5m,Hành lý xách tay 7 kg,Hành lý 0 kg,2025-04-12,PQC
1550,PQC0108,VietJet Air,1.861.645 VND/khách,15:40,2025-05-01,16:40,2025-05-01,1h 0m,Hành lý xách tay 7 kg,Hành lý 0 kg,2025-04-12,PQC
1551,PQC0161,Vietnam Airlines,1.976.022 VND/khách,05:10,2025-05-01,06:10,2025-05-01,1h 0m,Hành lý xách tay 1 x 12 kg,Hành lý 23 kg,2025-04-12,PQC
1552,PQC0304,Vietnam Airlines,1.984.014 VND/khách,20:20,2025-05-01,21:20,2025-05-01,1h 0m,Hành lý xách tay 1 x 12 kg,Hành lý 23 kg,2025-04-12,PQC
1553,PQC0323,Vietravel Airlines,1.629.540 VND/khách,17:25,2025-05-02,18:25,2025-05-02,1h 0m,Hành lý xách tay 7 kg,Hành lý 0 kg,2025-04-12,PQC
1554,PQC0017,VietJet Air,1.707.420 VND/khách,05:55,2025-05-02,06:55,2025-05-02,1h 0m,Hành lý xách tay 7 kg,Hành lý 0 kg,2025-04-12,PQC
1555,PQC0109,VietJet Air,1.707.420 VND/khách,15:40,2025-05-02,16:40,2025-05-02,1h 0m,Hành lý xách tay 7 kg,Hành lý 0 kg,2025-04-12,PQC
1556,PQC0132,VietJet Air,1.707.420 VND/khách,17:10,2025-05-02,18:15,2025-05-02,1h 5m,Hành lý xách tay 7 kg,Hành lý 0 kg,2025-04-12,PQC
1557,PQC0002,Bamboo Airways,1.715.850 VND/khách,16:30,2025-05-02,17:30,2025-05-02,1h 0m,Hành lý xách tay 7 kg,Hành lý 0 kg,2025-04-12,PQC
1558,PQC0167,Vietnam Airlines,1.762.236 VND/khách,05:25,2025-05-02,06:20,2025-05-02,55m,Hành lý xách tay 1 x 12 kg,Hành lý 23 kg,2025-04-12,PQC
1559,PQC0088,VietJet Air,1.791.995 VND/khách,14:05,2025-05-02,15:05,2025-05-02,1h 0m,Hành lý xách tay 7 kg,Hành lý 0 kg,2025-04-12,PQC
1560,PQC0042,VietJet Air,1.821.845 VND/khách,09:20,2025-05-02,10:20,2025-05-02,1h 0m,Hành lý xách tay 7 kg,Hành lý 0 kg,2025-04-12,PQC
1561,PQC0066,VietJet Air,1.846.720 VND/khách,11:35,2025-05-02,12:35,2025-05-02,1h 0m,Hành lý xách tay 7 kg,Hành lý 0 kg,2025-04-12,PQC
1562,PQC0248,Vietnam Airlines,1.991.007 VND/khách,13:00,2025-05-02,14:00,2025-05-02,1h 0m,Hành lý xách tay 1 x 12 kg,Hành lý 23 kg,2025-04-12,PQC
1563,PQC0305,Vietnam Airlines,1.991.007 VND/khách,20:20,2025-05-02,21:20,2025-05-02,1h 0m,Hành lý xách tay 1 x 12 kg,Hành lý 23 kg,2025-04-12,PQC
1564,PQC0269,Vietnam Airlines,1.991.007 VND/khách,15:05,2025-05-02,16:10,2025-05-02,1h 5m,Hành lý xách tay 1 x 12 kg,Hành lý 23 kg,2025-04-12,PQC
1565,PQC0333,Vietravel Airlines,754.210 VND/khách,17:25,2025-04-21,18:25,2025-04-21,1h 0m,Hành lý xách tay 7 kg,Hành lý 0 kg,2025-04-12,PQC
1566,PQC0142,VietJet Air,828.000 VND/khách,17:10,2025-04-21,18:15,2025-04-21,1h 5m,Hành lý xách tay 7 kg,Hành lý 0 kg,2025-04-12,PQC
1567,PQC0009,Bamboo Airways,869.953 VND/khách,16:30,2025-04-21,17:30,2025-04-21,1h 0m,Hành lý xách tay 7 kg,Hành lý 0 kg,2025-04-12,PQC
1568,PQC0027,VietJet Air,1.054.000 VND/khách,05:55,2025-04-21,06:55,2025-04-21,1h 0m,Hành lý xách tay 7 kg,Hành lý 0 kg,2025-04-12,PQC
1569,PQC0119,VietJet Air,1.054.000 VND/khách,15:40,2025-04-21,16:40,2025-04-21,1h 0m,Hành lý xách tay 7 kg,Hành lý 0 kg,2025-04-12,PQC
1570,PQC0098,VietJet Air,1.161.000 VND/khách,14:05,2025-04-21,15:05,2025-04-21,1h 0m,Hành lý xách tay 7 kg,Hành lý 0 kg,2025-04-12,PQC
1571,PQC0052,VietJet Air,1.305.000 VND/khách,09:20,2025-04-21,10:20,2025-04-21,1h 0m,Hành lý xách tay 7 kg,Hành lý 0 kg,2025-04-12,PQC
1572,PQC0076,VietJet Air,1.305.000 VND/khách,11:35,2025-04-21,12:35,2025-04-21,1h 0m,Hành lý xách tay 7 kg,Hành lý 0 kg,2025-04-12,PQC
1573,PQC0192,Vietnam Airlines,1.355.643 VND/khách,05:40,2025-04-21,06:40,2025-04-21,1h 0m,Hành lý xách tay 1 x 12 kg,Hành lý 23 kg,2025-04-12,PQC
1574,PQC0213,Vietnam Airlines,1.736.262 VND/khách,08:10,2025-04-21,08:55,2025-04-21,45m,Hành lý xách tay 1 x 12 kg,Hành lý 23 kg,2025-04-12,PQC
1575,PQC0260,Vietnam Airlines,1.980.018 VND/khách,13:05,2025-04-21,14:00,2025-04-21,55m,Hành lý xách tay 1 x 12 kg,Hành lý 23 kg,2025-04-12,PQC
1576,PQC0236,Vietnam Airlines,1.988.010 VND/khách,10:25,2025-04-21,11:25,2025-04-21,1h 0m,Hành lý xách tay 1 x 12 kg,Hành lý 23 kg,2025-04-12,PQC
1577,PQC0334,Vietravel Airlines,754.210 VND/khách,17:25,2025-04-22,18:25,2025-04-22,1h 0m,Hành lý xách tay 7 kg,Hành lý 0 kg,2025-04-12,PQC
1578,PQC0143,VietJet Air,828.000 VND/khách,17:10,2025-04-22,18:15,2025-04-22,1h 5m,Hành lý xách tay 7 kg,Hành lý 0 kg,2025-04-12,PQC
1579,PQC0120,VietJet Air,1.054.000 VND/khách,15:40,2025-04-22,16:40,2025-04-22,1h 0m,Hành lý xách tay 7 kg,Hành lý 0 kg,2025-04-12,PQC
1580,PQC0028,VietJet Air,1.055.000 VND/khách,05:55,2025-04-22,06:55,2025-04-22,1h 0m,Hành lý xách tay 7 kg,Hành lý 0 kg,2025-04-12,PQC
1581,PQC0099,VietJet Air,1.161.000 VND/khách,14:05,2025-04-22,15:05,2025-04-22,1h 0m,Hành lý xách tay 7 kg,Hành lý 0 kg,2025-04-12,PQC
1582,PQC0053,VietJet Air,1.305.000 VND/khách,09:20,2025-04-22,10:20,2025-04-22,1h 0m,Hành lý xách tay 7 kg,Hành lý 0 kg,2025-04-12,PQC
1583,PQC0077,VietJet Air,1.305.000 VND/khách,11:35,2025-04-22,12:35,2025-04-22,1h 0m,Hành lý xách tay 7 kg,Hành lý 0 kg,2025-04-12,PQC
1584,PQC0193,Vietnam Airlines,1.348.650 VND/khách,05:40,2025-04-22,06:40,2025-04-22,1h 0m,Hành lý xách tay 1 x 12 kg,Hành lý 23 kg,2025-04-12,PQC
1585,PQC0280,Vietnam Airlines,1.747.251 VND/khách,15:05,2025-04-22,16:10,2025-04-22,1h 5m,Hành lý xách tay 1 x 12 kg,Hành lý 23 kg,2025-04-12,PQC
1586,PQC0214,Vietnam Airlines,1.766.232 VND/khách,08:10,2025-04-22,08:55,2025-04-22,45m,Hành lý xách tay 1 x 12 kg,Hành lý 23 kg,2025-04-12,PQC
1587,PQC0237,Vietnam Airlines,1.899.099 VND/khách,10:25,2025-04-22,11:25,2025-04-22,1h 0m,Hành lý xách tay 1 x 12 kg,Hành lý 23 kg,2025-04-12,PQC
1588,PQC0335,Vietravel Airlines,754.210 VND/khách,17:25,2025-04-23,18:25,2025-04-23,1h 0m,Hành lý xách tay 7 kg,Hành lý 0 kg,2025-04-12,PQC
1589,PQC0144,VietJet Air,828.000 VND/khách,17:10,2025-04-23,18:15,2025-04-23,1h 5m,Hành lý xách tay 7 kg,Hành lý 0 kg,2025-04-12,PQC
1590,PQC0010,Bamboo Airways,869.953 VND/khách,16:30,2025-04-23,17:30,2025-04-23,1h 0m,Hành lý xách tay 7 kg,Hành lý 0 kg,2025-04-12,PQC
1591,PQC0173,Vietnam Airlines,871.128 VND/khách,05:25,2025-04-23,06:20,2025-04-23,55m,Hành lý xách tay 1 x 12 kg,Hành lý 0 kg,2025-04-12,PQC
1592,PQC0029,VietJet Air,1.054.000 VND/khách,05:55,2025-04-23,06:55,2025-04-23,1h 0m,Hành lý xách tay 7 kg,Hành lý 0 kg,2025-04-12,PQC
1593,PQC0129,VietJet Air,1.054.000 VND/khách,16:25,2025-04-23,17:25,2025-04-23,1h 0m,Hành lý xách tay 7 kg,Hành lý 0 kg,2025-04-12,PQC
1594,PQC0100,VietJet Air,1.161.000 VND/khách,14:05,2025-04-23,15:05,2025-04-23,1h 0m,Hành lý xách tay 7 kg,Hành lý 0 kg,2025-04-12,PQC
1595,PQC0194,Vietnam Airlines,1.244.754 VND/khách,05:40,2025-04-23,06:40,2025-04-23,1h 0m,Hành lý xách tay 1 x 12 kg,Hành lý 23 kg,2025-04-12,PQC
1596,PQC0054,VietJet Air,1.305.000 VND/khách,09:20,2025-04-23,10:20,2025-04-23,1h 0m,Hành lý xách tay 7 kg,Hành lý 0 kg,2025-04-12,PQC
1597,PQC0078,VietJet Air,1.305.000 VND/khách,11:35,2025-04-23,12:35,2025-04-23,1h 0m,Hành lý xách tay 7 kg,Hành lý 0 kg,2025-04-12,PQC
1598,PQC0215,Vietnam Airlines,1.740.258 VND/khách,08:10,2025-04-23,08:55,2025-04-23,45m,Hành lý xách tay 1 x 12 kg,Hành lý 23 kg,2025-04-12,PQC
1599,PQC0262,Vietnam Airlines,1.784.214 VND/khách,13:05,2025-04-23,14:00,2025-04-23,55m,Hành lý xách tay 1 x 12 kg,Hành lý 23 kg,2025-04-12,PQC
1600,PQC0281,Vietnam Airlines,1.784.214 VND/khách,15:05,2025-04-23,16:10,2025-04-23,1h 5m,Hành lý xách tay 1 x 12 kg,Hành lý 23 kg,2025-04-12,PQC
1601,PQC0336,Vietravel Airlines,1.136.290 VND/khách,17:25,2025-04-24,18:25,2025-04-24,1h 0m,Hành lý xách tay 7 kg,Hành lý 0 kg,2025-04-12,PQC
1602,PQC0030,VietJet Air,1.161.000 VND/khách,05:55,2025-04-24,06:55,2025-04-24,1h 0m,Hành lý xách tay 7 kg,Hành lý 0 kg,2025-04-12,PQC
1603,PQC0174,Vietnam Airlines,1.274.724 VND/khách,05:25,2025-04-24,06:20,2025-04-24,55m,Hành lý xách tay 1 x 12 kg,Hành lý 23 kg,2025-04-12,PQC
1604,PQC0122,VietJet Air,1.305.000 VND/khách,15:40,2025-04-24,16:40,2025-04-24,1h 0m,Hành lý xách tay 7 kg,Hành lý 0 kg,2025-04-12,PQC
1605,PQC0039,VietJet Air,1.305.000 VND/khách,08:25,2025-04-24,09:30,2025-04-24,1h 5m,Hành lý xách tay 7 kg,Hành lý 0 kg,2025-04-12,PQC
1606,PQC0145,VietJet Air,1.305.000 VND/khách,17:10,2025-04-24,18:15,2025-04-24,1h 5m,Hành lý xách tay 7 kg,Hành lý 0 kg,2025-04-12,PQC
1607,PQC0158,VietJet Air,1.305.000 VND/khách,17:40,2025-04-24,18:45,2025-04-24,1h 5m,Hành lý xách tay 7 kg,Hành lý 0 kg,2025-04-12,PQC
1608,PQC0101,VietJet Air,1.320.000 VND/khách,14:05,2025-04-24,15:05,2025-04-24,1h 0m,Hành lý xách tay 7 kg,Hành lý 0 kg,2025-04-12,PQC
1609,PQC0195,Vietnam Airlines,1.373.625 VND/khách,05:40,2025-04-24,06:40,2025-04-24,1h 0m,Hành lý xách tay 1 x 12 kg,Hành lý 23 kg,2025-04-12,PQC
1610,PQC0055,VietJet Air,1.424.000 VND/khách,09:20,2025-04-24,10:20,2025-04-24,1h 0m,Hành lý xách tay 7 kg,Hành lý 0 kg,2025-04-12,PQC
1611,PQC0079,VietJet Air,1.424.000 VND/khách,11:35,2025-04-24,12:35,2025-04-24,1h 0m,Hành lý xách tay 7 kg,Hành lý 0 kg,2025-04-12,PQC
1612,PQC0282,Vietnam Airlines,1.755.243 VND/khách,15:05,2025-04-24,16:10,2025-04-24,1h 5m,Hành lý xách tay 1 x 12 kg,Hành lý 23 kg,2025-04-12,PQC
1613,PQC0217,Vietnam Airlines,1.762.236 VND/khách,08:10,2025-04-24,08:55,2025-04-24,45m,Hành lý xách tay 1 x 12 kg,Hành lý 23 kg,2025-04-12,PQC
1614,PQC0263,Vietnam Airlines,1.895.103 VND/khách,13:05,2025-04-24,14:00,2025-04-24,55m,Hành lý xách tay 1 x 12 kg,Hành lý 23 kg,2025-04-12,PQC
1615,PQC0337,Vietravel Airlines,1.136.290 VND/khách,17:25,2025-04-25,18:25,2025-04-25,1h 0m,Hành lý xách tay 7 kg,Hành lý 0 kg,2025-04-12,PQC
1616,PQC0031,VietJet Air,1.298.000 VND/khách,05:55,2025-04-25,06:55,2025-04-25,1h 0m,Hành lý xách tay 7 kg,Hành lý 0 kg,2025-04-12,PQC
1617,PQC0123,VietJet Air,1.298.000 VND/khách,15:40,2025-04-25,16:40,2025-04-25,1h 0m,Hành lý xách tay 7 kg,Hành lý 0 kg,2025-04-12,PQC
1618,PQC0146,VietJet Air,1.298.000 VND/khách,17:10,2025-04-25,18:15,2025-04-25,1h 5m,Hành lý xách tay 7 kg,Hành lý 0 kg,2025-04-12,PQC
1619,PQC0011,Bamboo Airways,1.332.977 VND/khách,16:30,2025-04-25,17:30,2025-04-25,1h 0m,Hành lý xách tay 7 kg,Hành lý 0 kg,2025-04-12,PQC
1620,PQC0175,Vietnam Airlines,1.348.650 VND/khách,05:25,2025-04-25,06:20,2025-04-25,55m,Hành lý xách tay 1 x 12 kg,Hành lý 23 kg,2025-04-12,PQC
1621,PQC0196,Vietnam Airlines,1.570.428 VND/khách,05:40,2025-04-25,06:40,2025-04-25,1h 0m,Hành lý xách tay 1 x 12 kg,Hành lý 23 kg,2025-04-12,PQC
1622,PQC0102,VietJet Air,1.597.000 VND/khách,14:05,2025-04-25,15:05,2025-04-25,1h 0m,Hành lý xách tay 7 kg,Hành lý 0 kg,2025-04-12,PQC
1623,PQC0296,Vietnam Airlines,1.658.340 VND/khách,17:25,2025-04-25,18:25,2025-04-25,1h 0m,Hành lý xách tay 1 x 12 kg,Hành lý 23 kg,2025-04-12,PQC
1624,PQC0056,VietJet Air,1.716.000 VND/khách,09:20,2025-04-25,10:20,2025-04-25,1h 0m,Hành lý xách tay 7 kg,Hành lý 0 kg,2025-04-12,PQC
1625,PQC0080,VietJet Air,1.716.000 VND/khách,11:35,2025-04-25,12:35,2025-04-25,1h 0m,Hành lý xách tay 7 kg,Hành lý 0 kg,2025-04-12,PQC
1626,PQC0311,Vietnam Airlines,1.792.206 VND/khách,20:20,2025-04-25,21:20,2025-04-25,1h 0m,Hành lý xách tay 1 x 12 kg,Hành lý 23 kg,2025-04-12,PQC
1627,PQC0283,Vietnam Airlines,1.984.014 VND/khách,15:05,2025-04-25,16:10,2025-04-25,1h 5m,Hành lý xách tay 1 x 12 kg,Hành lý 23 kg,2025-04-12,PQC
1628,PQC0250,Vietnam Airlines,1.991.007 VND/khách,13:00,2025-04-25,14:00,2025-04-25,1h 0m,Hành lý xách tay 1 x 12 kg,Hành lý 23 kg,2025-04-12,PQC
1629,PQC0218,Vietnam Airlines,2.001.996 VND/khách,08:10,2025-04-25,08:55,2025-04-25,45m,Hành lý xách tay 1 x 12 kg,Hành lý 23 kg,2025-04-12,PQC
1630,PQC0338,Vietravel Airlines,960.175 VND/khách,17:25,2025-04-26,18:25,2025-04-26,1h 0m,Hành lý xách tay 7 kg,Hành lý 0 kg,2025-04-12,PQC
1631,PQC0147,VietJet Air,1.054.000 VND/khách,17:10,2025-04-26,18:15,2025-04-26,1h 5m,Hành lý xách tay 7 kg,Hành lý 0 kg,2025-04-12,PQC
1632,PQC0124,VietJet Air,1.161.000 VND/khách,15:40,2025-04-26,16:40,2025-04-26,1h 0m,Hành lý xách tay 7 kg,Hành lý 0 kg,2025-04-12,PQC
1633,PQC0032,VietJet Air,1.305.000 VND/khách,05:55,2025-04-26,06:55,2025-04-26,1h 0m,Hành lý xách tay 7 kg,Hành lý 0 kg,2025-04-12,PQC
1634,PQC0103,VietJet Air,1.305.000 VND/khách,14:05,2025-04-26,15:05,2025-04-26,1h 0m,Hành lý xách tay 7 kg,Hành lý 0 kg,2025-04-12,PQC
1635,PQC0176,Vietnam Airlines,1.359.747 VND/khách,05:25,2025-04-26,06:20,2025-04-26,55m,Hành lý xách tay 1 x 12 kg,Hành lý 23 kg,2025-04-12,PQC
1636,PQC0197,Vietnam Airlines,1.359.747 VND/khách,05:40,2025-04-26,06:40,2025-04-26,1h 0m,Hành lý xách tay 1 x 12 kg,Hành lý 23 kg,2025-04-12,PQC
1637,PQC0057,VietJet Air,1.601.000 VND/khách,09:20,2025-04-26,10:20,2025-04-26,1h 0m,Hành lý xách tay 7 kg,Hành lý 0 kg,2025-04-12,PQC
1638,PQC0081,VietJet Air,1.601.000 VND/khách,11:35,2025-04-26,12:35,2025-04-26,1h 0m,Hành lý xách tay 7 kg,Hành lý 0 kg,2025-04-12,PQC
1639,PQC0312,Vietnam Airlines,1.761.256 VND/khách,20:20,2025-04-26,21:20,2025-04-26,1h 0m,Hành lý xách tay 1 x 12 kg,Hành lý 23 kg,2025-04-12,PQC
1640,PQC0219,Vietnam Airlines,1.851.285 VND/khách,08:10,2025-04-26,08:55,2025-04-26,45m,Hành lý xách tay 1 x 12 kg,Hành lý 23 kg,2025-04-12,PQC
1641,PQC0284,Vietnam Airlines,1.907.165 VND/khách,15:05,2025-04-26,16:10,2025-04-26,1h 5m,Hành lý xách tay 1 x 12 kg,Hành lý 23 kg,2025-04-12,PQC
1642,PQC0264,Vietnam Airlines,1.911.087 VND/khách,13:05,2025-04-26,14:00,2025-04-26,55m,Hành lý xách tay 1 x 12 kg,Hành lý 23 kg,2025-04-12,PQC
1643,PQC0339,Vietravel Airlines,886.545 VND/khách,17:25,2025-04-27,18:25,2025-04-27,1h 0m,Hành lý xách tay 7 kg,Hành lý 0 kg,2025-04-12,PQC
1644,PQC0012,Bamboo Airways,1.018.850 VND/khách,16:30,2025-04-27,17:30,2025-04-27,1h 0m,Hành lý xách tay 7 kg,Hành lý 0 kg,2025-04-12,PQC
1645,PQC0033,VietJet Air,1.054.000 VND/khách,05:55,2025-04-27,06:55,2025-04-27,1h 0m,Hành lý xách tay 7 kg,Hành lý 0 kg,2025-04-12,PQC
1646,PQC0125,VietJet Air,1.054.000 VND/khách,15:40,2025-04-27,16:40,2025-04-27,1h 0m,Hành lý xách tay 7 kg,Hành lý 0 kg,2025-04-12,PQC
1647,PQC0148,VietJet Air,1.054.000 VND/khách,17:10,2025-04-27,18:15,2025-04-27,1h 5m,Hành lý xách tay 7 kg,Hành lý 0 kg,2025-04-12,PQC
1648,PQC0198,Vietnam Airlines,1.133.865 VND/khách,05:40,2025-04-27,06:40,2025-04-27,1h 0m,Hành lý xách tay 1 x 12 kg,Hành lý 23 kg,2025-04-12,PQC
1649,PQC0177,Vietnam Airlines,1.170.828 VND/khách,05:25,2025-04-27,06:20,2025-04-27,55m,Hành lý xách tay 1 x 12 kg,Hành lý 23 kg,2025-04-12,PQC
1650,PQC0104,VietJet Air,1.172.000 VND/khách,14:05,2025-04-27,15:05,2025-04-27,1h 0m,Hành lý xách tay 7 kg,Hành lý 0 kg,2025-04-12,PQC
1651,PQC0082,VietJet Air,1.305.000 VND/khách,11:35,2025-04-27,12:35,2025-04-27,1h 0m,Hành lý xách tay 7 kg,Hành lý 0 kg,2025-04-12,PQC
1652,PQC0313,Vietnam Airlines,1.510.488 VND/khách,20:20,2025-04-27,21:20,2025-04-27,1h 0m,Hành lý xách tay 1 x 12 kg,Hành lý 23 kg,2025-04-12,PQC
1653,PQC0058,VietJet Air,1.601.000 VND/khách,09:20,2025-04-27,10:20,2025-04-27,1h 0m,Hành lý xách tay 7 kg,Hành lý 0 kg,2025-04-12,PQC
1654,PQC0285,Vietnam Airlines,1.714.284 VND/khách,15:05,2025-04-27,16:10,2025-04-27,1h 5m,Hành lý xách tay 1 x 12 kg,Hành lý 23 kg,2025-04-12,PQC
1655,PQC0265,Vietnam Airlines,1.958.040 VND/khách,13:05,2025-04-27,14:00,2025-04-27,55m,Hành lý xách tay 1 x 12 kg,Hành lý 23 kg,2025-04-12,PQC
1656,PQC0242,Vietnam Airlines,1.991.007 VND/khách,10:25,2025-04-27,11:25,2025-04-27,1h 0m,Hành lý xách tay 1 x 12 kg,Hành lý 23 kg,2025-04-12,PQC
1657,PQC0340,Vietravel Airlines,960.175 VND/khách,17:25,2025-04-28,18:25,2025-04-28,1h 0m,Hành lý xách tay 7 kg,Hành lý 0 kg,2025-04-12,PQC
1658,PQC0178,Vietnam Airlines,927.072 VND/khách,05:25,2025-04-28,06:20,2025-04-28,55m,Hành lý xách tay 1 x 12 kg,Hành lý 0 kg,2025-04-12,PQC
1659,PQC0013,Bamboo Airways,1.013.756 VND/khách,16:30,2025-04-28,17:30,2025-04-28,1h 0m,Hành lý xách tay 7 kg,Hành lý 0 kg,2025-04-12,PQC
1660,PQC0034,VietJet Air,1.054.000 VND/khách,05:55,2025-04-28,06:55,2025-04-28,1h 0m,Hành lý xách tay 7 kg,Hành lý 0 kg,2025-04-12,PQC
1661,PQC0126,VietJet Air,1.054.000 VND/khách,15:40,2025-04-28,16:40,2025-04-28,1h 0m,Hành lý xách tay 7 kg,Hành lý 0 kg,2025-04-12,PQC
1662,PQC0149,VietJet Air,1.054.000 VND/khách,17:10,2025-04-28,18:15,2025-04-28,1h 5m,Hành lý xách tay 7 kg,Hành lý 0 kg,2025-04-12,PQC
1663,PQC0105,VietJet Air,1.161.000 VND/khách,14:05,2025-04-28,15:05,2025-04-28,1h 0m,Hành lý xách tay 7 kg,Hành lý 0 kg,2025-04-12,PQC
1664,PQC0199,Vietnam Airlines,1.255.743 VND/khách,05:40,2025-04-28,06:40,2025-04-28,1h 0m,Hành lý xách tay 1 x 12 kg,Hành lý 23 kg,2025-04-12,PQC
1665,PQC0059,VietJet Air,1.305.000 VND/khách,09:20,2025-04-28,10:20,2025-04-28,1h 0m,Hành lý xách tay 7 kg,Hành lý 0 kg,2025-04-12,PQC
1666,PQC0083,VietJet Air,1.305.000 VND/khách,11:35,2025-04-28,12:35,2025-04-28,1h 0m,Hành lý xách tay 7 kg,Hành lý 0 kg,2025-04-12,PQC
1667,PQC0221,Vietnam Airlines,1.666.332 VND/khách,08:10,2025-04-28,08:55,2025-04-28,45m,Hành lý xách tay 1 x 12 kg,Hành lý 23 kg,2025-04-12,PQC
1668,PQC0314,Vietnam Airlines,1.710.288 VND/khách,20:20,2025-04-28,21:20,2025-04-28,1h 0m,Hành lý xách tay 1 x 12 kg,Hành lý 23 kg,2025-04-12,PQC
1669,PQC0286,Vietnam Airlines,1.895.103 VND/khách,15:05,2025-04-28,16:10,2025-04-28,1h 5m,Hành lý xách tay 1 x 12 kg,Hành lý 23 kg,2025-04-12,PQC
1670,PQC0243,Vietnam Airlines,1.899.099 VND/khách,10:25,2025-04-28,11:25,2025-04-28,1h 0m,Hành lý xách tay 1 x 12 kg,Hành lý 23 kg,2025-04-12,PQC
1671,PQC0341,Vietravel Airlines,1.824.830 VND/khách,17:25,2025-04-29,18:25,2025-04-29,1h 0m,Hành lý xách tay 7 kg,Hành lý 0 kg,2025-04-12,PQC
1672,PQC0127,VietJet Air,1.723.000 VND/khách,15:40,2025-04-29,16:40,2025-04-29,1h 0m,Hành lý xách tay 7 kg,Hành lý 0 kg,2025-04-12,PQC
1673,PQC0035,VietJet Air,1.808.000 VND/khách,05:55,2025-04-29,06:55,2025-04-29,1h 0m,Hành lý xách tay 7 kg,Hành lý 0 kg,2025-04-12,PQC
1674,PQC0106,VietJet Air,1.808.000 VND/khách,14:05,2025-04-29,15:05,2025-04-29,1h 0m,Hành lý xách tay 7 kg,Hành lý 0 kg,2025-04-12,PQC
1675,PQC0040,VietJet Air,1.808.000 VND/khách,08:25,2025-04-29,09:30,2025-04-29,1h 5m,Hành lý xách tay 7 kg,Hành lý 0 kg,2025-04-12,PQC
1676,PQC0150,VietJet Air,1.808.000 VND/khách,17:10,2025-04-29,18:15,2025-04-29,1h 5m,Hành lý xách tay 7 kg,Hành lý 0 kg,2025-04-12,PQC
1677,PQC0060,VietJet Air,1.838.000 VND/khách,09:20,2025-04-29,10:20,2025-04-29,1h 0m,Hành lý xách tay 7 kg,Hành lý 0 kg,2025-04-12,PQC
1678,PQC0084,VietJet Air,1.838.000 VND/khách,11:35,2025-04-29,12:35,2025-04-29,1h 0m,Hành lý xách tay 7 kg,Hành lý 0 kg,2025-04-12,PQC
1679,PQC0179,Vietnam Airlines,1.873.125 VND/khách,05:25,2025-04-29,06:20,2025-04-29,55m,Hành lý xách tay 1 x 12 kg,Hành lý 23 kg,2025-04-12,PQC
1680,PQC0200,Vietnam Airlines,2.009.988 VND/khách,05:40,2025-04-29,06:40,2025-04-29,1h 0m,Hành lý xách tay 1 x 12 kg,Hành lý 23 kg,2025-04-12,PQC
1681,PQC0322,Vietravel Airlines,1.863.715 VND/khách,17:25,2025-05-01,18:25,2025-05-01,1h 0m,Hành lý xách tay 7 kg,Hành lý 0 kg,2025-04-13,PQC
1682,PQC0131,VietJet Air,1.700.863 VND/khách,17:10,2025-05-01,18:15,2025-05-01,1h 5m,Hành lý xách tay 7 kg,Hành lý 0 kg,2025-04-13,PQC
1683,PQC0154,VietJet Air,1.700.863 VND/khách,17:40,2025-05-01,18:45,2025-05-01,1h 5m,Hành lý xách tay 7 kg,Hành lý 0 kg,2025-04-13,PQC
1684,PQC0001,Bamboo Airways,1.707.271 VND/khách,16:30,2025-05-01,17:30,2025-05-01,1h 0m,Hành lý xách tay 7 kg,Hành lý 0 kg,2025-04-13,PQC
1685,PQC0108,VietJet Air,1.839.467 VND/khách,15:40,2025-05-01,16:40,2025-05-01,1h 0m,Hành lý xách tay 7 kg,Hành lý 0 kg,2025-04-13,PQC
1686,PQC0161,Vietnam Airlines,1.978.020 VND/khách,05:10,2025-05-01,06:10,2025-05-01,1h 0m,Hành lý xách tay 1 x 12 kg,Hành lý 23 kg,2025-04-13,PQC
1687,PQC0304,Vietnam Airlines,1.986.012 VND/khách,20:20,2025-05-01,21:20,2025-05-01,1h 0m,Hành lý xách tay 1 x 12 kg,Hành lý 23 kg,2025-04-13,PQC
1688,PQC0323,Vietravel Airlines,1.622.378 VND/khách,17:25,2025-05-02,18:25,2025-05-02,1h 0m,Hành lý xách tay 7 kg,Hành lý 0 kg,2025-04-13,PQC
1689,PQC0017,VietJet Air,1.700.863 VND/khách,05:55,2025-05-02,06:55,2025-05-02,1h 0m,Hành lý xách tay 7 kg,Hành lý 0 kg,2025-04-13,PQC
1690,PQC0109,VietJet Air,1.700.863 VND/khách,15:40,2025-05-02,16:40,2025-05-02,1h 0m,Hành lý xách tay 7 kg,Hành lý 0 kg,2025-04-13,PQC
1691,PQC0132,VietJet Air,1.700.863 VND/khách,17:10,2025-05-02,18:15,2025-05-02,1h 5m,Hành lý xách tay 7 kg,Hành lý 0 kg,2025-04-13,PQC
1692,PQC0002,Bamboo Airways,1.715.850 VND/khách,16:30,2025-05-02,17:30,2025-05-02,1h 0m,Hành lý xách tay 7 kg,Hành lý 0 kg,2025-04-13,PQC
1693,PQC0167,Vietnam Airlines,1.761.690 VND/khách,05:25,2025-05-02,06:20,2025-05-02,55m,Hành lý xách tay 1 x 12 kg,Hành lý 23 kg,2025-04-13,PQC
1694,PQC0088,VietJet Air,1.785.016 VND/khách,14:05,2025-05-02,15:05,2025-05-02,1h 0m,Hành lý xách tay 7 kg,Hành lý 0 kg,2025-04-13,PQC
1695,PQC0042,VietJet Air,1.813.726 VND/khách,09:20,2025-05-02,10:20,2025-05-02,1h 0m,Hành lý xách tay 7 kg,Hành lý 0 kg,2025-04-13,PQC
1696,PQC0066,VietJet Air,1.850.357 VND/khách,11:35,2025-05-02,12:35,2025-05-02,1h 0m,Hành lý xách tay 7 kg,Hành lý 0 kg,2025-04-13,PQC
1697,PQC0182,Vietnam Airlines,1.971.808 VND/khách,05:40,2025-05-02,06:40,2025-05-02,1h 0m,Hành lý xách tay 1 x 12 kg,Hành lý 23 kg,2025-04-13,PQC
1698,PQC0248,Vietnam Airlines,1.971.808 VND/khách,13:00,2025-05-02,14:00,2025-05-02,1h 0m,Hành lý xách tay 1 x 12 kg,Hành lý 23 kg,2025-04-13,PQC
1699,PQC0305,Vietnam Airlines,1.971.808 VND/khách,20:20,2025-05-02,21:20,2025-05-02,1h 0m,Hành lý xách tay 1 x 12 kg,Hành lý 23 kg,2025-04-13,PQC
1700,PQC0324,Vietravel Airlines,893.441 VND/khách,17:25,2025-05-03,18:25,2025-05-03,1h 0m,Hành lý xách tay 7 kg,Hành lý 0 kg,2025-04-13,PQC
1701,PQC0003,Bamboo Airways,1.013.756 VND/khách,16:30,2025-05-03,17:30,2025-05-03,1h 0m,Hành lý xách tay 7 kg,Hành lý 0 kg,2025-04-13,PQC
1702,PQC0133,VietJet Air,1.022.696 VND/khách,17:10,2025-05-03,18:15,2025-05-03,1h 5m,Hành lý xách tay 7 kg,Hành lý 0 kg,2025-04-13,PQC
1703,PQC0110,VietJet Air,1.067.247 VND/khách,15:40,2025-05-03,16:40,2025-05-03,1h 0m,Hành lý xách tay 7 kg,Hành lý 0 kg,2025-04-13,PQC
1704,PQC0018,VietJet Air,1.287.033 VND/khách,05:55,2025-05-03,06:55,2025-05-03,1h 0m,Hành lý xách tay 7 kg,Hành lý 0 kg,2025-04-13,PQC
1705,PQC0089,VietJet Air,1.287.033 VND/khách,14:05,2025-05-03,15:05,2025-05-03,1h 0m,Hành lý xách tay 7 kg,Hành lý 0 kg,2025-04-13,PQC
1706,PQC0168,Vietnam Airlines,1.393.605 VND/khách,05:25,2025-05-03,06:20,2025-05-03,55m,Hành lý xách tay 1 x 12 kg,Hành lý 23 kg,2025-04-13,PQC
1707,PQC0183,Vietnam Airlines,1.512.486 VND/khách,05:40,2025-05-03,06:40,2025-05-03,1h 0m,Hành lý xách tay 1 x 12 kg,Hành lý 23 kg,2025-04-13,PQC
1708,PQC0043,VietJet Air,1.583.050 VND/khách,09:20,2025-05-03,10:20,2025-05-03,1h 0m,Hành lý xách tay 7 kg,Hành lý 0 kg,2025-04-13,PQC
1709,PQC0067,VietJet Air,1.583.050 VND/khách,11:35,2025-05-03,12:35,2025-05-03,1h 0m,Hành lý xách tay 7 kg,Hành lý 0 kg,2025-04-13,PQC
1710,PQC0306,Vietnam Airlines,1.608.390 VND/khách,20:20,2025-05-03,21:20,2025-05-03,1h 0m,Hành lý xách tay 1 x 12 kg,Hành lý 23 kg,2025-04-13,PQC
1711,PQC0204,Vietnam Airlines,1.752.246 VND/khách,08:10,2025-05-03,08:55,2025-05-03,45m,Hành lý xách tay 1 x 12 kg,Hành lý 23 kg,2025-04-13,PQC
1712,PQC0252,Vietnam Airlines,1.752.246 VND/khách,13:05,2025-05-03,14:00,2025-05-03,55m,Hành lý xách tay 1 x 12 kg,Hành lý 23 kg,2025-04-13,PQC
1713,PQC0270,Vietnam Airlines,1.752.246 VND/khách,15:05,2025-05-03,16:10,2025-05-03,1h 5m,Hành lý xách tay 1 x 12 kg,Hành lý 23 kg,2025-04-13,PQC
1714,PQC0333,Vietravel Airlines,751.410 VND/khách,17:25,2025-04-21,18:25,2025-04-21,1h 0m,Hành lý xách tay 7 kg,Hành lý 0 kg,2025-04-13,PQC
1715,PQC0142,VietJet Air,832.815 VND/khách,17:10,2025-04-21,18:15,2025-04-21,1h 5m,Hành lý xách tay 7 kg,Hành lý 0 kg,2025-04-13,PQC
1716,PQC0009,Bamboo Airways,869.953 VND/khách,16:30,2025-04-21,17:30,2025-04-21,1h 0m,Hành lý xách tay 7 kg,Hành lý 0 kg,2025-04-13,PQC
1717,PQC0027,VietJet Air,1.060.670 VND/khách,05:55,2025-04-21,06:55,2025-04-21,1h 0m,Hành lý xách tay 7 kg,Hành lý 0 kg,2025-04-13,PQC
1718,PQC0119,VietJet Air,1.060.670 VND/khách,15:40,2025-04-21,16:40,2025-04-21,1h 0m,Hành lý xách tay 7 kg,Hành lý 0 kg,2025-04-13,PQC
1719,PQC0098,VietJet Air,1.168.130 VND/khách,14:05,2025-04-21,15:05,2025-04-21,1h 0m,Hành lý xách tay 7 kg,Hành lý 0 kg,2025-04-13,PQC
1720,PQC0052,VietJet Air,1.308.425 VND/khách,09:20,2025-04-21,10:20,2025-04-21,1h 0m,Hành lý xách tay 7 kg,Hành lý 0 kg,2025-04-13,PQC
1721,PQC0076,VietJet Air,1.308.425 VND/khách,11:35,2025-04-21,12:35,2025-04-21,1h 0m,Hành lý xách tay 7 kg,Hành lý 0 kg,2025-04-13,PQC
1722,PQC0192,Vietnam Airlines,1.360.638 VND/khách,05:40,2025-04-21,06:40,2025-04-21,1h 0m,Hành lý xách tay 1 x 12 kg,Hành lý 23 kg,2025-04-13,PQC
1723,PQC0213,Vietnam Airlines,1.804.194 VND/khách,08:10,2025-04-21,08:55,2025-04-21,45m,Hành lý xách tay 1 x 12 kg,Hành lý 23 kg,2025-04-13,PQC
1724,PQC0260,Vietnam Airlines,1.982.016 VND/khách,13:05,2025-04-21,14:00,2025-04-21,55m,Hành lý xách tay 1 x 12 kg,Hành lý 23 kg,2025-04-13,PQC
1725,PQC0236,Vietnam Airlines,1.989.009 VND/khách,10:25,2025-04-21,11:25,2025-04-21,1h 0m,Hành lý xách tay 1 x 12 kg,Hành lý 23 kg,2025-04-13,PQC
1726,PQC0334,Vietravel Airlines,751.410 VND/khách,17:25,2025-04-22,18:25,2025-04-22,1h 0m,Hành lý xách tay 7 kg,Hành lý 0 kg,2025-04-13,PQC
1727,PQC0143,VietJet Air,832.815 VND/khách,17:10,2025-04-22,18:15,2025-04-22,1h 5m,Hành lý xách tay 7 kg,Hành lý 0 kg,2025-04-13,PQC
1728,PQC0028,VietJet Air,1.060.670 VND/khách,05:55,2025-04-22,06:55,2025-04-22,1h 0m,Hành lý xách tay 7 kg,Hành lý 0 kg,2025-04-13,PQC
1729,PQC0120,VietJet Air,1.060.670 VND/khách,15:40,2025-04-22,16:40,2025-04-22,1h 0m,Hành lý xách tay 7 kg,Hành lý 0 kg,2025-04-13,PQC
1730,PQC0099,VietJet Air,1.168.130 VND/khách,14:05,2025-04-22,15:05,2025-04-22,1h 0m,Hành lý xách tay 7 kg,Hành lý 0 kg,2025-04-13,PQC
1731,PQC0053,VietJet Air,1.308.425 VND/khách,09:20,2025-04-22,10:20,2025-04-22,1h 0m,Hành lý xách tay 7 kg,Hành lý 0 kg,2025-04-13,PQC
1732,PQC0077,VietJet Air,1.308.425 VND/khách,11:35,2025-04-22,12:35,2025-04-22,1h 0m,Hành lý xách tay 7 kg,Hành lý 0 kg,2025-04-13,PQC
1733,PQC0193,Vietnam Airlines,1.357.641 VND/khách,05:40,2025-04-22,06:40,2025-04-22,1h 0m,Hành lý xách tay 1 x 12 kg,Hành lý 23 kg,2025-04-13,PQC
1734,PQC0214,Vietnam Airlines,1.767.231 VND/khách,08:10,2025-04-22,08:55,2025-04-22,45m,Hành lý xách tay 1 x 12 kg,Hành lý 23 kg,2025-04-13,PQC
1735,PQC0280,Vietnam Airlines,1.804.194 VND/khách,15:05,2025-04-22,16:10,2025-04-22,1h 5m,Hành lý xách tay 1 x 12 kg,Hành lý 23 kg,2025-04-13,PQC
1736,PQC0261,Vietnam Airlines,1.952.046 VND/khách,13:05,2025-04-22,14:00,2025-04-22,55m,Hành lý xách tay 1 x 12 kg,Hành lý 23 kg,2025-04-13,PQC
1737,PQC0335,Vietravel Airlines,751.410 VND/khách,17:25,2025-04-23,18:25,2025-04-23,1h 0m,Hành lý xách tay 7 kg,Hành lý 0 kg,2025-04-13,PQC
1738,PQC0144,VietJet Air,821.870 VND/khách,17:10,2025-04-23,18:15,2025-04-23,1h 5m,Hành lý xách tay 7 kg,Hành lý 0 kg,2025-04-13,PQC
1739,PQC0010,Bamboo Airways,869.953 VND/khách,16:30,2025-04-23,17:30,2025-04-23,1h 0m,Hành lý xách tay 7 kg,Hành lý 0 kg,2025-04-13,PQC
1740,PQC0173,Vietnam Airlines,873.126 VND/khách,05:25,2025-04-23,06:20,2025-04-23,55m,Hành lý xách tay 1 x 12 kg,Hành lý 0 kg,2025-04-13,PQC
1741,PQC0029,VietJet Air,1.027.835 VND/khách,05:55,2025-04-23,06:55,2025-04-23,1h 0m,Hành lý xách tay 7 kg,Hành lý 0 kg,2025-04-13,PQC
1742,PQC0129,VietJet Air,1.027.835 VND/khách,16:25,2025-04-23,17:25,2025-04-23,1h 0m,Hành lý xách tay 7 kg,Hành lý 0 kg,2025-04-13,PQC
1743,PQC0100,VietJet Air,1.157.185 VND/khách,14:05,2025-04-23,15:05,2025-04-23,1h 0m,Hành lý xách tay 7 kg,Hành lý 0 kg,2025-04-13,PQC
1744,PQC0194,Vietnam Airlines,1.245.753 VND/khách,05:40,2025-04-23,06:40,2025-04-23,1h 0m,Hành lý xách tay 1 x 12 kg,Hành lý 23 kg,2025-04-13,PQC
1745,PQC0054,VietJet Air,1.293.500 VND/khách,09:20,2025-04-23,10:20,2025-04-23,1h 0m,Hành lý xách tay 7 kg,Hành lý 0 kg,2025-04-13,PQC
1746,PQC0078,VietJet Air,1.293.500 VND/khách,11:35,2025-04-23,12:35,2025-04-23,1h 0m,Hành lý xách tay 7 kg,Hành lý 0 kg,2025-04-13,PQC
1747,PQC0281,Vietnam Airlines,1.786.212 VND/khách,15:05,2025-04-23,16:10,2025-04-23,1h 5m,Hành lý xách tay 1 x 12 kg,Hành lý 23 kg,2025-04-13,PQC
1748,PQC0215,Vietnam Airlines,1.804.194 VND/khách,08:10,2025-04-23,08:55,2025-04-23,45m,Hành lý xách tay 1 x 12 kg,Hành lý 23 kg,2025-04-13,PQC
1749,PQC0238,Vietnam Airlines,1.860.138 VND/khách,10:25,2025-04-23,11:25,2025-04-23,1h 0m,Hành lý xách tay 1 x 12 kg,Hành lý 23 kg,2025-04-13,PQC
1750,PQC0336,Vietravel Airlines,1.132.560 VND/khách,17:25,2025-04-24,18:25,2025-04-24,1h 0m,Hành lý xách tay 7 kg,Hành lý 0 kg,2025-04-13,PQC
1751,PQC0030,VietJet Air,1.156.190 VND/khách,05:55,2025-04-24,06:55,2025-04-24,1h 0m,Hành lý xách tay 7 kg,Hành lý 0 kg,2025-04-13,PQC
1752,PQC0174,Vietnam Airlines,1.248.294 VND/khách,05:25,2025-04-24,06:20,2025-04-24,55m,Hành lý xách tay 1 x 12 kg,Hành lý 23 kg,2025-04-13,PQC
1753,PQC0122,VietJet Air,1.293.500 VND/khách,15:40,2025-04-24,16:40,2025-04-24,1h 0m,Hành lý xách tay 7 kg,Hành lý 0 kg,2025-04-13,PQC
1754,PQC0039,VietJet Air,1.293.500 VND/khách,08:25,2025-04-24,09:30,2025-04-24,1h 5m,Hành lý xách tay 7 kg,Hành lý 0 kg,2025-04-13,PQC
1755,PQC0145,VietJet Air,1.293.500 VND/khách,17:10,2025-04-24,18:15,2025-04-24,1h 5m,Hành lý xách tay 7 kg,Hành lý 0 kg,2025-04-13,PQC
1756,PQC0158,VietJet Air,1.293.500 VND/khách,17:40,2025-04-24,18:45,2025-04-24,1h 5m,Hành lý xách tay 7 kg,Hành lý 0 kg,2025-04-13,PQC
1757,PQC0101,VietJet Air,1.315.390 VND/khách,14:05,2025-04-24,15:05,2025-04-24,1h 0m,Hành lý xách tay 7 kg,Hành lý 0 kg,2025-04-13,PQC
1758,PQC0195,Vietnam Airlines,1.360.082 VND/khách,05:40,2025-04-24,06:40,2025-04-24,1h 0m,Hành lý xách tay 1 x 12 kg,Hành lý 23 kg,2025-04-13,PQC
1759,PQC0055,VietJet Air,1.418.870 VND/khách,09:20,2025-04-24,10:20,2025-04-24,1h 0m,Hành lý xách tay 7 kg,Hành lý 0 kg,2025-04-13,PQC
1760,PQC0079,VietJet Air,1.418.870 VND/khách,11:35,2025-04-24,12:35,2025-04-24,1h 0m,Hành lý xách tay 7 kg,Hành lý 0 kg,2025-04-13,PQC
1761,PQC0217,Vietnam Airlines,1.761.690 VND/khách,08:10,2025-04-24,08:55,2025-04-24,45m,Hành lý xách tay 1 x 12 kg,Hành lý 23 kg,2025-04-13,PQC
1762,PQC0282,Vietnam Airlines,1.761.690 VND/khách,15:05,2025-04-24,16:10,2025-04-24,1h 5m,Hành lý xách tay 1 x 12 kg,Hành lý 23 kg,2025-04-13,PQC
1763,PQC0263,Vietnam Airlines,1.907.634 VND/khách,13:05,2025-04-24,14:00,2025-04-24,55m,Hành lý xách tay 1 x 12 kg,Hành lý 23 kg,2025-04-13,PQC
1764,PQC0337,Vietravel Airlines,1.132.560 VND/khách,17:25,2025-04-25,18:25,2025-04-25,1h 0m,Hành lý xách tay 7 kg,Hành lý 0 kg,2025-04-13,PQC
1765,PQC0031,VietJet Air,1.293.500 VND/khách,05:55,2025-04-25,06:55,2025-04-25,1h 0m,Hành lý xách tay 7 kg,Hành lý 0 kg,2025-04-13,PQC
1766,PQC0123,VietJet Air,1.293.500 VND/khách,15:40,2025-04-25,16:40,2025-04-25,1h 0m,Hành lý xách tay 7 kg,Hành lý 0 kg,2025-04-13,PQC
1767,PQC0146,VietJet Air,1.293.500 VND/khách,17:10,2025-04-25,18:15,2025-04-25,1h 5m,Hành lý xách tay 7 kg,Hành lý 0 kg,2025-04-13,PQC
1768,PQC0011,Bamboo Airways,1.332.977 VND/khách,16:30,2025-04-25,17:30,2025-04-25,1h 0m,Hành lý xách tay 7 kg,Hành lý 0 kg,2025-04-13,PQC
1769,PQC0175,Vietnam Airlines,1.393.605 VND/khách,05:25,2025-04-25,06:20,2025-04-25,55m,Hành lý xách tay 1 x 12 kg,Hành lý 23 kg,2025-04-13,PQC
1770,PQC0102,VietJet Air,1.591.005 VND/khách,14:05,2025-04-25,15:05,2025-04-25,1h 0m,Hành lý xách tay 7 kg,Hành lý 0 kg,2025-04-13,PQC
1771,PQC0196,Vietnam Airlines,1.612.386 VND/khách,05:40,2025-04-25,06:40,2025-04-25,1h 0m,Hành lý xách tay 1 x 12 kg,Hành lý 23 kg,2025-04-13,PQC
1772,PQC0056,VietJet Air,1.709.410 VND/khách,09:20,2025-04-25,10:20,2025-04-25,1h 0m,Hành lý xách tay 7 kg,Hành lý 0 kg,2025-04-13,PQC
1773,PQC0080,VietJet Air,1.709.410 VND/khách,11:35,2025-04-25,12:35,2025-04-25,1h 0m,Hành lý xách tay 7 kg,Hành lý 0 kg,2025-04-13,PQC
1774,PQC0296,Vietnam Airlines,1.712.286 VND/khách,17:25,2025-04-25,18:25,2025-04-25,1h 0m,Hành lý xách tay 1 x 12 kg,Hành lý 23 kg,2025-04-13,PQC
1775,PQC0311,Vietnam Airlines,1.793.205 VND/khách,20:20,2025-04-25,21:20,2025-04-25,1h 0m,Hành lý xách tay 1 x 12 kg,Hành lý 23 kg,2025-04-13,PQC
1776,PQC0283,Vietnam Airlines,1.986.012 VND/khách,15:05,2025-04-25,16:10,2025-04-25,1h 5m,Hành lý xách tay 1 x 12 kg,Hành lý 23 kg,2025-04-13,PQC
1777,PQC0250,Vietnam Airlines,1.993.005 VND/khách,13:00,2025-04-25,14:00,2025-04-25,1h 0m,Hành lý xách tay 1 x 12 kg,Hành lý 23 kg,2025-04-13,PQC
1778,PQC0218,Vietnam Airlines,1.997.001 VND/khách,08:10,2025-04-25,08:55,2025-04-25,45m,Hành lý xách tay 1 x 12 kg,Hành lý 23 kg,2025-04-13,PQC
1779,PQC0338,Vietravel Airlines,956.340 VND/khách,17:25,2025-04-26,18:25,2025-04-26,1h 0m,Hành lý xách tay 7 kg,Hành lý 0 kg,2025-04-13,PQC
1780,PQC0147,VietJet Air,1.027.835 VND/khách,17:10,2025-04-26,18:15,2025-04-26,1h 5m,Hành lý xách tay 7 kg,Hành lý 0 kg,2025-04-13,PQC
1781,PQC0124,VietJet Air,1.157.185 VND/khách,15:40,2025-04-26,16:40,2025-04-26,1h 0m,Hành lý xách tay 7 kg,Hành lý 0 kg,2025-04-13,PQC
1782,PQC0032,VietJet Air,1.293.500 VND/khách,05:55,2025-04-26,06:55,2025-04-26,1h 0m,Hành lý xách tay 7 kg,Hành lý 0 kg,2025-04-13,PQC
1783,PQC0103,VietJet Air,1.293.500 VND/khách,14:05,2025-04-26,15:05,2025-04-26,1h 0m,Hành lý xách tay 7 kg,Hành lý 0 kg,2025-04-13,PQC
1784,PQC0176,Vietnam Airlines,1.393.605 VND/khách,05:25,2025-04-26,06:20,2025-04-26,55m,Hành lý xách tay 1 x 12 kg,Hành lý 23 kg,2025-04-13,PQC
1785,PQC0197,Vietnam Airlines,1.393.605 VND/khách,05:40,2025-04-26,06:40,2025-04-26,1h 0m,Hành lý xách tay 1 x 12 kg,Hành lý 23 kg,2025-04-13,PQC
1786,PQC0057,VietJet Air,1.591.005 VND/khách,09:20,2025-04-26,10:20,2025-04-26,1h 0m,Hành lý xách tay 7 kg,Hành lý 0 kg,2025-04-13,PQC
1787,PQC0081,VietJet Air,1.591.005 VND/khách,11:35,2025-04-26,12:35,2025-04-26,1h 0m,Hành lý xách tay 7 kg,Hành lý 0 kg,2025-04-13,PQC
1788,PQC0312,Vietnam Airlines,1.793.205 VND/khách,20:20,2025-04-26,21:20,2025-04-26,1h 0m,Hành lý xách tay 1 x 12 kg,Hành lý 23 kg,2025-04-13,PQC
1789,PQC0219,Vietnam Airlines,1.875.123 VND/khách,08:10,2025-04-26,08:55,2025-04-26,45m,Hành lý xách tay 1 x 12 kg,Hành lý 23 kg,2025-04-13,PQC
1790,PQC0284,Vietnam Airlines,1.952.046 VND/khách,15:05,2025-04-26,16:10,2025-04-26,1h 5m,Hành lý xách tay 1 x 12 kg,Hành lý 23 kg,2025-04-13,PQC
1791,PQC0241,Vietnam Airlines,1.971.027 VND/khách,10:25,2025-04-26,11:25,2025-04-26,1h 0m,Hành lý xách tay 1 x 12 kg,Hành lý 23 kg,2025-04-13,PQC
1792,PQC0339,Vietravel Airlines,883.080 VND/khách,17:25,2025-04-27,18:25,2025-04-27,1h 0m,Hành lý xách tay 7 kg,Hành lý 0 kg,2025-04-13,PQC
1793,PQC0012,Bamboo Airways,1.013.756 VND/khách,16:30,2025-04-27,17:30,2025-04-27,1h 0m,Hành lý xách tay 7 kg,Hành lý 0 kg,2025-04-13,PQC
1794,PQC0033,VietJet Air,1.027.835 VND/khách,05:55,2025-04-27,06:55,2025-04-27,1h 0m,Hành lý xách tay 7 kg,Hành lý 0 kg,2025-04-13,PQC
1795,PQC0125,VietJet Air,1.027.835 VND/khách,15:40,2025-04-27,16:40,2025-04-27,1h 0m,Hành lý xách tay 7 kg,Hành lý 0 kg,2025-04-13,PQC
1796,PQC0148,VietJet Air,1.027.835 VND/khách,17:10,2025-04-27,18:15,2025-04-27,1h 5m,Hành lý xách tay 7 kg,Hành lý 0 kg,2025-04-13,PQC
1797,PQC0104,VietJet Air,1.157.185 VND/khách,14:05,2025-04-27,15:05,2025-04-27,1h 0m,Hành lý xách tay 7 kg,Hành lý 0 kg,2025-04-13,PQC
1798,PQC0177,Vietnam Airlines,1.171.827 VND/khách,05:25,2025-04-27,06:20,2025-04-27,55m,Hành lý xách tay 1 x 12 kg,Hành lý 23 kg,2025-04-13,PQC
1799,PQC0198,Vietnam Airlines,1.171.827 VND/khách,05:40,2025-04-27,06:40,2025-04-27,1h 0m,Hành lý xách tay 1 x 12 kg,Hành lý 23 kg,2025-04-13,PQC
1800,PQC0082,VietJet Air,1.293.500 VND/khách,11:35,2025-04-27,12:35,2025-04-27,1h 0m,Hành lý xách tay 7 kg,Hành lý 0 kg,2025-04-13,PQC
1801,PQC0313,Vietnam Airlines,1.512.486 VND/khách,20:20,2025-04-27,21:20,2025-04-27,1h 0m,Hành lý xách tay 1 x 12 kg,Hành lý 23 kg,2025-04-13,PQC
1802,PQC0058,VietJet Air,1.591.005 VND/khách,09:20,2025-04-27,10:20,2025-04-27,1h 0m,Hành lý xách tay 7 kg,Hành lý 0 kg,2025-04-13,PQC
1803,PQC0285,Vietnam Airlines,1.715.283 VND/khách,15:05,2025-04-27,16:10,2025-04-27,1h 5m,Hành lý xách tay 1 x 12 kg,Hành lý 23 kg,2025-04-13,PQC
1804,PQC0265,Vietnam Airlines,1.952.046 VND/khách,13:05,2025-04-27,14:00,2025-04-27,55m,Hành lý xách tay 1 x 12 kg,Hành lý 23 kg,2025-04-13,PQC
1805,PQC0220,Vietnam Airlines,2.003.994 VND/khách,08:10,2025-04-27,08:55,2025-04-27,45m,Hành lý xách tay 1 x 12 kg,Hành lý 23 kg,2025-04-13,PQC
1806,PQC0242,Vietnam Airlines,2.014.983 VND/khách,10:25,2025-04-27,11:25,2025-04-27,1h 0m,Hành lý xách tay 1 x 12 kg,Hành lý 23 kg,2025-04-13,PQC
1809,PQC0340,Vietravel Airlines,956.340 VND/khách,17:25,2025-04-28,18:25,2025-04-28,1h 0m,Hành lý xách tay 7 kg,Hành lý 0 kg,2025-04-13,PQC
1810,PQC0178,Vietnam Airlines,951.048 VND/khách,05:25,2025-04-28,06:20,2025-04-28,55m,Hành lý xách tay 1 x 12 kg,Hành lý 0 kg,2025-04-13,PQC
1811,PQC0013,Bamboo Airways,1.013.756 VND/khách,16:30,2025-04-28,17:30,2025-04-28,1h 0m,Hành lý xách tay 7 kg,Hành lý 0 kg,2025-04-13,PQC
1812,PQC0034,VietJet Air,1.027.835 VND/khách,05:55,2025-04-28,06:55,2025-04-28,1h 0m,Hành lý xách tay 7 kg,Hành lý 0 kg,2025-04-13,PQC
1813,PQC0126,VietJet Air,1.027.835 VND/khách,15:40,2025-04-28,16:40,2025-04-28,1h 0m,Hành lý xách tay 7 kg,Hành lý 0 kg,2025-04-13,PQC
1814,PQC0149,VietJet Air,1.027.835 VND/khách,17:10,2025-04-28,18:15,2025-04-28,1h 5m,Hành lý xách tay 7 kg,Hành lý 0 kg,2025-04-13,PQC
1815,PQC0105,VietJet Air,1.157.185 VND/khách,14:05,2025-04-28,15:05,2025-04-28,1h 0m,Hành lý xách tay 7 kg,Hành lý 0 kg,2025-04-13,PQC
1816,PQC0199,Vietnam Airlines,1.256.742 VND/khách,05:40,2025-04-28,06:40,2025-04-28,1h 0m,Hành lý xách tay 1 x 12 kg,Hành lý 23 kg,2025-04-13,PQC
1817,PQC0059,VietJet Air,1.293.500 VND/khách,09:20,2025-04-28,10:20,2025-04-28,1h 0m,Hành lý xách tay 7 kg,Hành lý 0 kg,2025-04-13,PQC
1818,PQC0083,VietJet Air,1.293.500 VND/khách,11:35,2025-04-28,12:35,2025-04-28,1h 0m,Hành lý xách tay 7 kg,Hành lý 0 kg,2025-04-13,PQC
1819,PQC0314,Vietnam Airlines,1.708.290 VND/khách,20:20,2025-04-28,21:20,2025-04-28,1h 0m,Hành lý xách tay 1 x 12 kg,Hành lý 23 kg,2025-04-13,PQC
1820,PQC0221,Vietnam Airlines,1.805.193 VND/khách,08:10,2025-04-28,08:55,2025-04-28,45m,Hành lý xách tay 1 x 12 kg,Hành lý 23 kg,2025-04-13,PQC
1821,PQC0243,Vietnam Airlines,1.952.046 VND/khách,10:25,2025-04-28,11:25,2025-04-28,1h 0m,Hành lý xách tay 1 x 12 kg,Hành lý 23 kg,2025-04-13,PQC
1822,PQC0286,Vietnam Airlines,1.952.046 VND/khách,15:05,2025-04-28,16:10,2025-04-28,1h 5m,Hành lý xách tay 1 x 12 kg,Hành lý 23 kg,2025-04-13,PQC
1823,PQC0341,Vietravel Airlines,1.816.650 VND/khách,17:25,2025-04-29,18:25,2025-04-29,1h 0m,Hành lý xách tay 7 kg,Hành lý 0 kg,2025-04-13,PQC
1824,PQC0127,VietJet Air,1.716.375 VND/khách,15:40,2025-04-29,16:40,2025-04-29,1h 0m,Hành lý xách tay 7 kg,Hành lý 0 kg,2025-04-13,PQC
1825,PQC0035,VietJet Air,1.793.985 VND/khách,05:55,2025-04-29,06:55,2025-04-29,1h 0m,Hành lý xách tay 7 kg,Hành lý 0 kg,2025-04-13,PQC
1826,PQC0106,VietJet Air,1.793.985 VND/khách,14:05,2025-04-29,15:05,2025-04-29,1h 0m,Hành lý xách tay 7 kg,Hành lý 0 kg,2025-04-13,PQC
1827,PQC0040,VietJet Air,1.793.985 VND/khách,08:25,2025-04-29,09:30,2025-04-29,1h 5m,Hành lý xách tay 7 kg,Hành lý 0 kg,2025-04-13,PQC
1828,PQC0150,VietJet Air,1.793.985 VND/khách,17:10,2025-04-29,18:15,2025-04-29,1h 5m,Hành lý xách tay 7 kg,Hành lý 0 kg,2025-04-13,PQC
1829,PQC0060,VietJet Air,1.815.875 VND/khách,09:20,2025-04-29,10:20,2025-04-29,1h 0m,Hành lý xách tay 7 kg,Hành lý 0 kg,2025-04-13,PQC
1830,PQC0084,VietJet Air,1.815.875 VND/khách,11:35,2025-04-29,12:35,2025-04-29,1h 0m,Hành lý xách tay 7 kg,Hành lý 0 kg,2025-04-13,PQC
1831,PQC0341,Vietravel Airlines,1.816.650 VND/khách,17:25,2025-04-29,18:25,2025-04-29,1h 0m,Hành lý xách tay 7 kg,Hành lý 0 kg,2025-04-13,PQC
1832,PQC0179,Vietnam Airlines,1.875.123 VND/khách,05:25,2025-04-29,06:20,2025-04-29,55m,Hành lý xách tay 1 x 12 kg,Hành lý 23 kg,2025-04-13,PQC
1833,PQC0222,Vietnam Airlines,2.014.983 VND/khách,08:10,2025-04-29,08:55,2025-04-29,45m,Hành lý xách tay 1 x 12 kg,Hành lý 23 kg,2025-04-13,PQC
1834,PQC0161,Vietnam Airlines,2.010.987 VND/khách,05:10,2025-05-01,06:10,2025-05-01,1h 0m,Hành lý xách tay 1 x 12 kg,Hành lý 23 kg,2025-04-14,PQC
1835,PQC0154,VietJet Air,1.693.000 VND/khách,17:40,2025-05-01,18:45,2025-05-01,1h 5m,Hành lý xách tay 7 kg,Hành lý 0 kg,2025-04-14,PQC
1836,PQC0001,Bamboo Airways,1.715.850 VND/khách,16:30,2025-05-01,17:30,2025-05-01,1h 0m,Hành lý xách tay 7 kg,Hành lý 0 kg,2025-04-14,PQC
1837,PQC0131,VietJet Air,1.780.000 VND/khách,17:10,2025-05-01,18:15,2025-05-01,1h 5m,Hành lý xách tay 7 kg,Hành lý 0 kg,2025-04-14,PQC
1838,PQC0322,Vietravel Airlines,1.879.290 VND/khách,17:25,2025-05-01,18:25,2025-05-01,1h 0m,Hành lý xách tay 7 kg,Hành lý 0 kg,2025-04-14,PQC
1839,PQC0166,Vietnam Airlines,2.010.987 VND/khách,05:25,2025-05-01,06:20,2025-05-01,55m,Hành lý xách tay 1 x 12 kg,Hành lý 23 kg,2025-04-14,PQC
1840,PQC0305,Vietnam Airlines,1.983.015 VND/khách,20:20,2025-05-02,21:20,2025-05-02,1h 0m,Hành lý xách tay 1 x 12 kg,Hành lý 23 kg,2025-04-14,PQC
1841,PQC0002,Bamboo Airways,1.616.425 VND/khách,16:30,2025-05-02,17:30,2025-05-02,1h 0m,Hành lý xách tay 7 kg,Hành lý 0 kg,2025-04-14,PQC
1842,PQC0323,Vietravel Airlines,1.640.888 VND/khách,17:25,2025-05-02,18:25,2025-05-02,1h 0m,Hành lý xách tay 7 kg,Hành lý 0 kg,2025-04-14,PQC
1843,PQC0017,VietJet Air,1.694.000 VND/khách,05:55,2025-05-02,06:55,2025-05-02,1h 0m,Hành lý xách tay 7 kg,Hành lý 0 kg,2025-04-14,PQC
1844,PQC0132,VietJet Air,1.694.000 VND/khách,17:10,2025-05-02,18:15,2025-05-02,1h 5m,Hành lý xách tay 7 kg,Hành lý 0 kg,2025-04-14,PQC
1845,PQC0109,VietJet Air,1.726.000 VND/khách,15:40,2025-05-02,16:40,2025-05-02,1h 0m,Hành lý xách tay 7 kg,Hành lý 0 kg,2025-04-14,PQC
1846,PQC0088,VietJet Air,1.781.000 VND/khách,14:05,2025-05-02,15:05,2025-05-02,1h 0m,Hành lý xách tay 7 kg,Hành lý 0 kg,2025-04-14,PQC
1847,PQC0167,Vietnam Airlines,1.787.211 VND/khách,05:25,2025-05-02,06:20,2025-05-02,55m,Hành lý xách tay 1 x 12 kg,Hành lý 23 kg,2025-04-14,PQC
1848,PQC0042,VietJet Air,1.840.000 VND/khách,09:20,2025-05-02,10:20,2025-05-02,1h 0m,Hành lý xách tay 7 kg,Hành lý 0 kg,2025-04-14,PQC
1849,PQC0066,VietJet Air,1.898.000 VND/khách,11:35,2025-05-02,12:35,2025-05-02,1h 0m,Hành lý xách tay 7 kg,Hành lý 0 kg,2025-04-14,PQC
1850,PQC0305,Vietnam Airlines,1.983.015 VND/khách,20:20,2025-05-02,21:20,2025-05-02,1h 0m,Hành lý xách tay 1 x 12 kg,Hành lý 23 kg,2025-04-14,PQC
1851,PQC0248,Vietnam Airlines,1.990.008 VND/khách,13:00,2025-05-02,14:00,2025-05-02,1h 0m,Hành lý xách tay 1 x 12 kg,Hành lý 23 kg,2025-04-14,PQC
1852,PQC0269,Vietnam Airlines,1.990.008 VND/khách,15:05,2025-05-02,16:10,2025-05-02,1h 5m,Hành lý xách tay 1 x 12 kg,Hành lý 23 kg,2025-04-14,PQC
1853,PQC0183,Vietnam Airlines,1.491.507 VND/khách,05:40,2025-05-03,06:40,2025-05-03,1h 0m,Hành lý xách tay 1 x 12 kg,Hành lý 23 kg,2025-04-14,PQC
1854,PQC0324,Vietravel Airlines,965.580 VND/khách,17:25,2025-05-03,18:25,2025-05-03,1h 0m,Hành lý xách tay 7 kg,Hành lý 0 kg,2025-04-14,PQC
1855,PQC0003,Bamboo Airways,1.013.756 VND/khách,16:30,2025-05-03,17:30,2025-05-03,1h 0m,Hành lý xách tay 7 kg,Hành lý 0 kg,2025-04-14,PQC
1856,PQC0133,VietJet Air,1.028.000 VND/khách,17:10,2025-05-03,18:15,2025-05-03,1h 5m,Hành lý xách tay 7 kg,Hành lý 0 kg,2025-04-14,PQC
1857,PQC0110,VietJet Air,1.139.000 VND/khách,15:40,2025-05-03,16:40,2025-05-03,1h 0m,Hành lý xách tay 7 kg,Hành lý 0 kg,2025-04-14,PQC
1858,PQC0018,VietJet Air,1.285.000 VND/khách,05:55,2025-05-03,06:55,2025-05-03,1h 0m,Hành lý xách tay 7 kg,Hành lý 0 kg,2025-04-14,PQC
1859,PQC0089,VietJet Air,1.285.000 VND/khách,14:05,2025-05-03,15:05,2025-05-03,1h 0m,Hành lý xách tay 7 kg,Hành lý 0 kg,2025-04-14,PQC
1860,PQC0168,Vietnam Airlines,1.380.618 VND/khách,05:25,2025-05-03,06:20,2025-05-03,55m,Hành lý xách tay 1 x 12 kg,Hành lý 23 kg,2025-04-14,PQC
1861,PQC0183,Vietnam Airlines,1.491.507 VND/khách,05:40,2025-05-03,06:40,2025-05-03,1h 0m,Hành lý xách tay 1 x 12 kg,Hành lý 23 kg,2025-04-14,PQC
1862,PQC0043,VietJet Air,1.577.000 VND/khách,09:20,2025-05-03,10:20,2025-05-03,1h 0m,Hành lý xách tay 7 kg,Hành lý 0 kg,2025-04-14,PQC
1863,PQC0067,VietJet Air,1.577.000 VND/khách,11:35,2025-05-03,12:35,2025-05-03,1h 0m,Hành lý xách tay 7 kg,Hành lý 0 kg,2025-04-14,PQC
1864,PQC0306,Vietnam Airlines,1.598.400 VND/khách,20:20,2025-05-03,21:20,2025-05-03,1h 0m,Hành lý xách tay 1 x 12 kg,Hành lý 23 kg,2025-04-14,PQC
1865,PQC0204,Vietnam Airlines,1.746.252 VND/khách,08:10,2025-05-03,08:55,2025-05-03,45m,Hành lý xách tay 1 x 12 kg,Hành lý 23 kg,2025-04-14,PQC
1866,PQC0270,Vietnam Airlines,1.746.252 VND/khách,15:05,2025-05-03,16:10,2025-05-03,1h 5m,Hành lý xách tay 1 x 12 kg,Hành lý 23 kg,2025-04-14,PQC
1867,PQC0227,Vietnam Airlines,1.868.130 VND/khách,10:25,2025-05-03,11:25,2025-05-03,1h 0m,Hành lý xách tay 1 x 12 kg,Hành lý 23 kg,2025-04-14,PQC
1868,PQC0307,Vietnam Airlines,1.236.762 VND/khách,20:20,2025-05-04,21:20,2025-05-04,1h 0m,Hành lý xách tay 1 x 12 kg,Hành lý 23 kg,2025-04-14,PQC
1869,PQC0134,VietJet Air,800.000 VND/khách,17:10,2025-05-04,18:15,2025-05-04,1h 5m,Hành lý xách tay 7 kg,Hành lý 0 kg,2025-04-14,PQC
1870,PQC0325,Vietravel Airlines,821.940 VND/khách,17:25,2025-05-04,18:25,2025-05-04,1h 0m,Hành lý xách tay 7 kg,Hành lý 0 kg,2025-04-14,PQC
1871,PQC0004,Bamboo Airways,874.325 VND/khách,16:30,2025-05-04,17:30,2025-05-04,1h 0m,Hành lý xách tay 7 kg,Hành lý 0 kg,2025-04-14,PQC
1872,PQC0019,VietJet Air,1.028.000 VND/khách,05:55,2025-05-04,06:55,2025-05-04,1h 0m,Hành lý xách tay 7 kg,Hành lý 0 kg,2025-04-14,PQC
1873,PQC0111,VietJet Air,1.028.000 VND/khách,15:40,2025-05-04,16:40,2025-05-04,1h 0m,Hành lý xách tay 7 kg,Hành lý 0 kg,2025-04-14,PQC
1874,PQC0169,Vietnam Airlines,1.095.903 VND/khách,05:25,2025-05-04,06:20,2025-05-04,55m,Hành lý xách tay 1 x 12 kg,Hành lý 23 kg,2025-04-14,PQC
1875,PQC0068,VietJet Air,1.139.000 VND/khách,11:35,2025-05-04,12:35,2025-05-04,1h 0m,Hành lý xách tay 7 kg,Hành lý 0 kg,2025-04-14,PQC
1876,PQC0090,VietJet Air,1.139.000 VND/khách,14:05,2025-05-04,15:05,2025-05-04,1h 0m,Hành lý xách tay 7 kg,Hành lý 0 kg,2025-04-14,PQC
1877,PQC0307,Vietnam Airlines,1.236.762 VND/khách,20:20,2025-05-04,21:20,2025-05-04,1h 0m,Hành lý xách tay 1 x 12 kg,Hành lý 23 kg,2025-04-14,PQC
1878,PQC0184,Vietnam Airlines,1.273.725 VND/khách,05:40,2025-05-04,06:40,2025-05-04,1h 0m,Hành lý xách tay 1 x 12 kg,Hành lý 23 kg,2025-04-14,PQC
1879,PQC0044,VietJet Air,1.285.000 VND/khách,09:20,2025-05-04,10:20,2025-05-04,1h 0m,Hành lý xách tay 7 kg,Hành lý 0 kg,2025-04-14,PQC
1880,PQC0271,Vietnam Airlines,1.384.614 VND/khách,15:05,2025-05-04,16:10,2025-05-04,1h 5m,Hành lý xách tay 1 x 12 kg,Hành lý 23 kg,2025-04-14,PQC
1881,PQC0205,Vietnam Airlines,1.476.522 VND/khách,08:10,2025-05-04,08:55,2025-05-04,45m,Hành lý xách tay 1 x 12 kg,Hành lý 23 kg,2025-04-14,PQC
1882,PQC0228,Vietnam Airlines,1.591.407 VND/khách,10:25,2025-05-04,11:25,2025-05-04,1h 0m,Hành lý xách tay 1 x 12 kg,Hành lý 23 kg,2025-04-14,PQC
1883,PQC0192,Vietnam Airlines,1.383.615 VND/khách,05:40,2025-04-21,06:40,2025-04-21,1h 0m,Hành lý xách tay 1 x 12 kg,Hành lý 23 kg,2025-04-14,PQC
1884,PQC0142,VietJet Air,800.000 VND/khách,17:10,2025-04-21,18:15,2025-04-21,1h 5m,Hành lý xách tay 7 kg,Hành lý 0 kg,2025-04-14,PQC
1885,PQC0333,Vietravel Airlines,822.938 VND/khách,17:25,2025-04-21,18:25,2025-04-21,1h 0m,Hành lý xách tay 7 kg,Hành lý 0 kg,2025-04-14,PQC
1886,PQC0009,Bamboo Airways,869.953 VND/khách,16:30,2025-04-21,17:30,2025-04-21,1h 0m,Hành lý xách tay 7 kg,Hành lý 0 kg,2025-04-14,PQC
1887,PQC0119,VietJet Air,1.028.000 VND/khách,15:40,2025-04-21,16:40,2025-04-21,1h 0m,Hành lý xách tay 7 kg,Hành lý 0 kg,2025-04-14,PQC
1888,PQC0027,VietJet Air,1.146.565 VND/khách,05:55,2025-04-21,06:55,2025-04-21,1h 0m,Hành lý xách tay 7 kg,Hành lý 0 kg,2025-04-14,PQC
1889,PQC0052,VietJet Air,1.285.000 VND/khách,09:20,2025-04-21,10:20,2025-04-21,1h 0m,Hành lý xách tay 7 kg,Hành lý 0 kg,2025-04-14,PQC
1890,PQC0076,VietJet Air,1.285.000 VND/khách,11:35,2025-04-21,12:35,2025-04-21,1h 0m,Hành lý xách tay 7 kg,Hành lý 0 kg,2025-04-14,PQC
1891,PQC0098,VietJet Air,1.286.000 VND/khách,14:05,2025-04-21,15:05,2025-04-21,1h 0m,Hành lý xách tay 7 kg,Hành lý 0 kg,2025-04-14,PQC
1892,PQC0192,Vietnam Airlines,1.383.615 VND/khách,05:40,2025-04-21,06:40,2025-04-21,1h 0m,Hành lý xách tay 1 x 12 kg,Hành lý 23 kg,2025-04-14,PQC
1893,PQC0213,Vietnam Airlines,1.786.212 VND/khách,08:10,2025-04-21,08:55,2025-04-21,45m,Hành lý xách tay 1 x 12 kg,Hành lý 23 kg,2025-04-14,PQC
1894,PQC0236,Vietnam Airlines,1.982.016 VND/khách,10:25,2025-04-21,11:25,2025-04-21,1h 0m,Hành lý xách tay 1 x 12 kg,Hành lý 23 kg,2025-04-14,PQC
1895,PQC0279,Vietnam Airlines,1.982.016 VND/khách,15:05,2025-04-21,16:10,2025-04-21,1h 5m,Hành lý xách tay 1 x 12 kg,Hành lý 23 kg,2025-04-14,PQC
1896,PQC0193,Vietnam Airlines,1.384.614 VND/khách,05:40,2025-04-22,06:40,2025-04-22,1h 0m,Hành lý xách tay 1 x 12 kg,Hành lý 23 kg,2025-04-14,PQC
1897,PQC0334,Vietravel Airlines,755.108 VND/khách,17:25,2025-04-22,18:25,2025-04-22,1h 0m,Hành lý xách tay 7 kg,Hành lý 0 kg,2025-04-14,PQC
1898,PQC0143,VietJet Air,800.000 VND/khách,17:10,2025-04-22,18:15,2025-04-22,1h 5m,Hành lý xách tay 7 kg,Hành lý 0 kg,2025-04-14,PQC
1899,PQC0028,VietJet Air,1.028.000 VND/khách,05:55,2025-04-22,06:55,2025-04-22,1h 0m,Hành lý xách tay 7 kg,Hành lý 0 kg,2025-04-14,PQC
1900,PQC0120,VietJet Air,1.028.000 VND/khách,15:40,2025-04-22,16:40,2025-04-22,1h 0m,Hành lý xách tay 7 kg,Hành lý 0 kg,2025-04-14,PQC
1901,PQC0099,VietJet Air,1.139.000 VND/khách,14:05,2025-04-22,15:05,2025-04-22,1h 0m,Hành lý xách tay 7 kg,Hành lý 0 kg,2025-04-14,PQC
1902,PQC0053,VietJet Air,1.285.000 VND/khách,09:20,2025-04-22,10:20,2025-04-22,1h 0m,Hành lý xách tay 7 kg,Hành lý 0 kg,2025-04-14,PQC
1903,PQC0077,VietJet Air,1.285.000 VND/khách,11:35,2025-04-22,12:35,2025-04-22,1h 0m,Hành lý xách tay 7 kg,Hành lý 0 kg,2025-04-14,PQC
1904,PQC0193,Vietnam Airlines,1.384.614 VND/khách,05:40,2025-04-22,06:40,2025-04-22,1h 0m,Hành lý xách tay 1 x 12 kg,Hành lý 23 kg,2025-04-14,PQC
1905,PQC0214,Vietnam Airlines,1.787.211 VND/khách,08:10,2025-04-22,08:55,2025-04-22,45m,Hành lý xách tay 1 x 12 kg,Hành lý 23 kg,2025-04-14,PQC
1906,PQC0280,Vietnam Airlines,1.787.211 VND/khách,15:05,2025-04-22,16:10,2025-04-22,1h 5m,Hành lý xách tay 1 x 12 kg,Hành lý 23 kg,2025-04-14,PQC
1907,PQC0261,Vietnam Airlines,1.942.056 VND/khách,13:05,2025-04-22,14:00,2025-04-22,55m,Hành lý xách tay 1 x 12 kg,Hành lý 23 kg,2025-04-14,PQC
1908,PQC0194,Vietnam Airlines,1.258.740 VND/khách,05:40,2025-04-23,06:40,2025-04-23,1h 0m,Hành lý xách tay 1 x 12 kg,Hành lý 23 kg,2025-04-14,PQC
1909,PQC0335,Vietravel Airlines,759.098 VND/khách,17:25,2025-04-23,18:25,2025-04-23,1h 0m,Hành lý xách tay 7 kg,Hành lý 0 kg,2025-04-14,PQC
1910,PQC0157,VietJet Air,800.000 VND/khách,17:40,2025-04-23,18:40,2025-04-23,1h 0m,Hành lý xách tay 7 kg,Hành lý 0 kg,2025-04-14,PQC
1911,PQC0010,Bamboo Airways,869.953 VND/khách,16:30,2025-04-23,17:30,2025-04-23,1h 0m,Hành lý xách tay 7 kg,Hành lý 0 kg,2025-04-14,PQC
1912,PQC0173,Vietnam Airlines,904.095 VND/khách,05:25,2025-04-23,06:20,2025-04-23,55m,Hành lý xách tay 1 x 12 kg,Hành lý 0 kg,2025-04-14,PQC
1913,PQC0029,VietJet Air,1.028.000 VND/khách,05:55,2025-04-23,06:55,2025-04-23,1h 0m,Hành lý xách tay 7 kg,Hành lý 0 kg,2025-04-14,PQC
1914,PQC0129,VietJet Air,1.028.000 VND/khách,16:25,2025-04-23,17:25,2025-04-23,1h 0m,Hành lý xách tay 7 kg,Hành lý 0 kg,2025-04-14,PQC
1915,PQC0100,VietJet Air,1.139.000 VND/khách,14:05,2025-04-23,15:05,2025-04-23,1h 0m,Hành lý xách tay 7 kg,Hành lý 0 kg,2025-04-14,PQC
1916,PQC0194,Vietnam Airlines,1.258.740 VND/khách,05:40,2025-04-23,06:40,2025-04-23,1h 0m,Hành lý xách tay 1 x 12 kg,Hành lý 23 kg,2025-04-14,PQC
1917,PQC0054,VietJet Air,1.285.000 VND/khách,09:20,2025-04-23,10:20,2025-04-23,1h 0m,Hành lý xách tay 7 kg,Hành lý 0 kg,2025-04-14,PQC
1918,PQC0078,VietJet Air,1.285.000 VND/khách,11:35,2025-04-23,12:35,2025-04-23,1h 0m,Hành lý xách tay 7 kg,Hành lý 0 kg,2025-04-14,PQC
1919,PQC0215,Vietnam Airlines,1.750.248 VND/khách,08:10,2025-04-23,08:55,2025-04-23,45m,Hành lý xách tay 1 x 12 kg,Hành lý 23 kg,2025-04-14,PQC
1920,PQC0281,Vietnam Airlines,1.787.211 VND/khách,15:05,2025-04-23,16:10,2025-04-23,1h 5m,Hành lý xách tay 1 x 12 kg,Hành lý 23 kg,2025-04-14,PQC
1921,PQC0262,Vietnam Airlines,1.864.134 VND/khách,13:05,2025-04-23,14:00,2025-04-23,55m,Hành lý xách tay 1 x 12 kg,Hành lý 23 kg,2025-04-14,PQC
1922,PQC0195,Vietnam Airlines,1.380.618 VND/khách,05:40,2025-04-24,06:40,2025-04-24,1h 0m,Hành lý xách tay 1 x 12 kg,Hành lý 23 kg,2025-04-14,PQC
1923,PQC0030,VietJet Air,1.139.000 VND/khách,05:55,2025-04-24,06:55,2025-04-24,1h 0m,Hành lý xách tay 7 kg,Hành lý 0 kg,2025-04-14,PQC
1924,PQC0336,Vietravel Airlines,1.139.145 VND/khách,17:25,2025-04-24,18:25,2025-04-24,1h 0m,Hành lý xách tay 7 kg,Hành lý 0 kg,2025-04-14,PQC
1925,PQC0174,Vietnam Airlines,1.269.729 VND/khách,05:25,2025-04-24,06:20,2025-04-24,55m,Hành lý xách tay 1 x 12 kg,Hành lý 23 kg,2025-04-14,PQC
1926,PQC0101,VietJet Air,1.285.000 VND/khách,14:05,2025-04-24,15:05,2025-04-24,1h 0m,Hành lý xách tay 7 kg,Hành lý 0 kg,2025-04-14,PQC
1927,PQC0130,VietJet Air,1.285.000 VND/khách,16:30,2025-04-24,17:30,2025-04-24,1h 0m,Hành lý xách tay 7 kg,Hành lý 0 kg,2025-04-14,PQC
1928,PQC0158,VietJet Air,1.285.000 VND/khách,17:40,2025-04-24,18:45,2025-04-24,1h 5m,Hành lý xách tay 7 kg,Hành lý 0 kg,2025-04-14,PQC
1929,PQC0079,VietJet Air,1.286.000 VND/khách,11:35,2025-04-24,12:35,2025-04-24,1h 0m,Hành lý xách tay 7 kg,Hành lý 0 kg,2025-04-14,PQC
1930,PQC0195,Vietnam Airlines,1.380.618 VND/khách,05:40,2025-04-24,06:40,2025-04-24,1h 0m,Hành lý xách tay 1 x 12 kg,Hành lý 23 kg,2025-04-14,PQC
1931,PQC0039,VietJet Air,1.403.000 VND/khách,08:25,2025-04-24,09:30,2025-04-24,1h 5m,Hành lý xách tay 7 kg,Hành lý 0 kg,2025-04-14,PQC
1932,PQC0282,Vietnam Airlines,1.783.215 VND/khách,15:05,2025-04-24,16:10,2025-04-24,1h 5m,Hành lý xách tay 1 x 12 kg,Hành lý 23 kg,2025-04-14,PQC
1933,PQC0217,Vietnam Airlines,1.876.122 VND/khách,08:10,2025-04-24,08:55,2025-04-24,45m,Hành lý xách tay 1 x 12 kg,Hành lý 23 kg,2025-04-14,PQC
1934,PQC0239,Vietnam Airlines,1.916.082 VND/khách,10:25,2025-04-24,11:25,2025-04-24,1h 0m,Hành lý xách tay 1 x 12 kg,Hành lý 23 kg,2025-04-14,PQC
1935,PQC0196,Vietnam Airlines,1.598.400 VND/khách,05:40,2025-04-25,06:40,2025-04-25,1h 0m,Hành lý xách tay 1 x 12 kg,Hành lý 23 kg,2025-04-14,PQC
1936,PQC0337,Vietravel Airlines,1.139.145 VND/khách,17:25,2025-04-25,18:25,2025-04-25,1h 0m,Hành lý xách tay 7 kg,Hành lý 0 kg,2025-04-14,PQC
1937,PQC0031,VietJet Air,1.285.000 VND/khách,05:55,2025-04-25,06:55,2025-04-25,1h 0m,Hành lý xách tay 7 kg,Hành lý 0 kg,2025-04-14,PQC
1938,PQC0123,VietJet Air,1.285.000 VND/khách,15:40,2025-04-25,16:40,2025-04-25,1h 0m,Hành lý xách tay 7 kg,Hành lý 0 kg,2025-04-14,PQC
1939,PQC0146,VietJet Air,1.285.000 VND/khách,17:10,2025-04-25,18:15,2025-04-25,1h 5m,Hành lý xách tay 7 kg,Hành lý 0 kg,2025-04-14,PQC
1940,PQC0011,Bamboo Airways,1.332.977 VND/khách,16:30,2025-04-25,17:30,2025-04-25,1h 0m,Hành lý xách tay 7 kg,Hành lý 0 kg,2025-04-14,PQC
1941,PQC0175,Vietnam Airlines,1.384.614 VND/khách,05:25,2025-04-25,06:20,2025-04-25,55m,Hành lý xách tay 1 x 12 kg,Hành lý 23 kg,2025-04-14,PQC
1942,PQC0102,VietJet Air,1.577.000 VND/khách,14:05,2025-04-25,15:05,2025-04-25,1h 0m,Hành lý xách tay 7 kg,Hành lý 0 kg,2025-04-14,PQC
1943,PQC0196,Vietnam Airlines,1.598.400 VND/khách,05:40,2025-04-25,06:40,2025-04-25,1h 0m,Hành lý xách tay 1 x 12 kg,Hành lý 23 kg,2025-04-14,PQC
1944,PQC0296,Vietnam Airlines,1.702.296 VND/khách,17:25,2025-04-25,18:25,2025-04-25,1h 0m,Hành lý xách tay 1 x 12 kg,Hành lý 23 kg,2025-04-14,PQC
1945,PQC0311,Vietnam Airlines,1.787.211 VND/khách,20:20,2025-04-25,21:20,2025-04-25,1h 0m,Hành lý xách tay 1 x 12 kg,Hành lý 23 kg,2025-04-14,PQC
1946,PQC0080,VietJet Air,1.810.000 VND/khách,11:35,2025-04-25,12:35,2025-04-25,1h 0m,Hành lý xách tay 7 kg,Hành lý 0 kg,2025-04-14,PQC
1947,PQC0283,Vietnam Airlines,1.983.015 VND/khách,15:05,2025-04-25,16:10,2025-04-25,1h 5m,Hành lý xách tay 1 x 12 kg,Hành lý 23 kg,2025-04-14,PQC
1948,PQC0218,Vietnam Airlines,2.000.997 VND/khách,08:10,2025-04-25,08:55,2025-04-25,45m,Hành lý xách tay 1 x 12 kg,Hành lý 23 kg,2025-04-14,PQC
1949,PQC0240,Vietnam Airlines,2.000.997 VND/khách,10:25,2025-04-25,11:25,2025-04-25,1h 0m,Hành lý xách tay 1 x 12 kg,Hành lý 23 kg,2025-04-14,PQC
1950,PQC0197,Vietnam Airlines,1.376.622 VND/khách,05:40,2025-04-26,06:40,2025-04-26,1h 0m,Hành lý xách tay 1 x 12 kg,Hành lý 23 kg,2025-04-14,PQC
1951,PQC0147,VietJet Air,1.028.000 VND/khách,17:10,2025-04-26,18:15,2025-04-26,1h 5m,Hành lý xách tay 7 kg,Hành lý 0 kg,2025-04-14,PQC
1952,PQC0338,Vietravel Airlines,1.065.330 VND/khách,17:25,2025-04-26,18:25,2025-04-26,1h 0m,Hành lý xách tay 7 kg,Hành lý 0 kg,2025-04-14,PQC
1953,PQC0124,VietJet Air,1.139.000 VND/khách,15:40,2025-04-26,16:40,2025-04-26,1h 0m,Hành lý xách tay 7 kg,Hành lý 0 kg,2025-04-14,PQC
1954,PQC0032,VietJet Air,1.285.000 VND/khách,05:55,2025-04-26,06:55,2025-04-26,1h 0m,Hành lý xách tay 7 kg,Hành lý 0 kg,2025-04-14,PQC
1955,PQC0103,VietJet Air,1.285.000 VND/khách,14:05,2025-04-26,15:05,2025-04-26,1h 0m,Hành lý xách tay 7 kg,Hành lý 0 kg,2025-04-14,PQC
1956,PQC0176,Vietnam Airlines,1.411.137 VND/khách,05:25,2025-04-26,06:20,2025-04-26,55m,Hành lý xách tay 1 x 12 kg,Hành lý 23 kg,2025-04-14,PQC
1957,PQC0081,VietJet Air,1.577.000 VND/khách,11:35,2025-04-26,12:35,2025-04-26,1h 0m,Hành lý xách tay 7 kg,Hành lý 0 kg,2025-04-14,PQC
1958,PQC0057,VietJet Air,1.694.000 VND/khách,09:20,2025-04-26,10:20,2025-04-26,1h 0m,Hành lý xách tay 7 kg,Hành lý 0 kg,2025-04-14,PQC
1959,PQC0312,Vietnam Airlines,1.787.211 VND/khách,20:20,2025-04-26,21:20,2025-04-26,1h 0m,Hành lý xách tay 1 x 12 kg,Hành lý 23 kg,2025-04-14,PQC
1960,PQC0284,Vietnam Airlines,1.868.130 VND/khách,15:05,2025-04-26,16:10,2025-04-26,1h 5m,Hành lý xách tay 1 x 12 kg,Hành lý 23 kg,2025-04-14,PQC
1961,PQC0219,Vietnam Airlines,1.872.126 VND/khách,08:10,2025-04-26,08:55,2025-04-26,45m,Hành lý xách tay 1 x 12 kg,Hành lý 23 kg,2025-04-14,PQC
1962,PQC0241,Vietnam Airlines,1.968.030 VND/khách,10:25,2025-04-26,11:25,2025-04-26,1h 0m,Hành lý xách tay 1 x 12 kg,Hành lý 23 kg,2025-04-14,PQC
1963,PQC0198,Vietnam Airlines,1.158.840 VND/khách,05:40,2025-04-27,06:40,2025-04-27,1h 0m,Hành lý xách tay 1 x 12 kg,Hành lý 23 kg,2025-04-14,PQC
1964,PQC0339,Vietravel Airlines,972.563 VND/khách,17:25,2025-04-27,18:25,2025-04-27,1h 0m,Hành lý xách tay 7 kg,Hành lý 0 kg,2025-04-14,PQC
1965,PQC0012,Bamboo Airways,1.013.756 VND/khách,16:30,2025-04-27,17:30,2025-04-27,1h 0m,Hành lý xách tay 7 kg,Hành lý 0 kg,2025-04-14,PQC
1966,PQC0033,VietJet Air,1.028.000 VND/khách,05:55,2025-04-27,06:55,2025-04-27,1h 0m,Hành lý xách tay 7 kg,Hành lý 0 kg,2025-04-14,PQC
1967,PQC0125,VietJet Air,1.028.000 VND/khách,15:40,2025-04-27,16:40,2025-04-27,1h 0m,Hành lý xách tay 7 kg,Hành lý 0 kg,2025-04-14,PQC
1968,PQC0148,VietJet Air,1.028.000 VND/khách,17:10,2025-04-27,18:15,2025-04-27,1h 5m,Hành lý xách tay 7 kg,Hành lý 0 kg,2025-04-14,PQC
1969,PQC0104,VietJet Air,1.139.000 VND/khách,14:05,2025-04-27,15:05,2025-04-27,1h 0m,Hành lý xách tay 7 kg,Hành lý 0 kg,2025-04-14,PQC
1970,PQC0177,Vietnam Airlines,1.158.840 VND/khách,05:25,2025-04-27,06:20,2025-04-27,55m,Hành lý xách tay 1 x 12 kg,Hành lý 23 kg,2025-04-14,PQC
1971,PQC0198,Vietnam Airlines,1.158.840 VND/khách,05:40,2025-04-27,06:40,2025-04-27,1h 0m,Hành lý xách tay 1 x 12 kg,Hành lý 23 kg,2025-04-14,PQC
1972,PQC0082,VietJet Air,1.285.000 VND/khách,11:35,2025-04-27,12:35,2025-04-27,1h 0m,Hành lý xách tay 7 kg,Hành lý 0 kg,2025-04-14,PQC
1973,PQC0313,Vietnam Airlines,1.506.492 VND/khách,20:20,2025-04-27,21:20,2025-04-27,1h 0m,Hành lý xách tay 1 x 12 kg,Hành lý 23 kg,2025-04-14,PQC
1974,PQC0058,VietJet Air,1.690.063 VND/khách,09:20,2025-04-27,10:20,2025-04-27,1h 0m,Hành lý xách tay 7 kg,Hành lý 0 kg,2025-04-14,PQC
1975,PQC0285,Vietnam Airlines,1.702.296 VND/khách,15:05,2025-04-27,16:10,2025-04-27,1h 5m,Hành lý xách tay 1 x 12 kg,Hành lý 23 kg,2025-04-14,PQC
1976,PQC0242,Vietnam Airlines,1.772.226 VND/khách,10:25,2025-04-27,11:25,2025-04-27,1h 0m,Hành lý xách tay 1 x 12 kg,Hành lý 23 kg,2025-04-14,PQC
1977,PQC0220,Vietnam Airlines,1.924.074 VND/khách,08:10,2025-04-27,08:55,2025-04-27,45m,Hành lý xách tay 1 x 12 kg,Hành lý 23 kg,2025-04-14,PQC
1978,PQC0199,Vietnam Airlines,1.243.755 VND/khách,05:40,2025-04-28,06:40,2025-04-28,1h 0m,Hành lý xách tay 1 x 12 kg,Hành lý 23 kg,2025-04-14,PQC
1979,PQC0178,Vietnam Airlines,945.054 VND/khách,05:25,2025-04-28,06:20,2025-04-28,55m,Hành lý xách tay 1 x 12 kg,Hành lý 0 kg,2025-04-14,PQC
1980,PQC0013,Bamboo Airways,1.013.756 VND/khách,16:30,2025-04-28,17:30,2025-04-28,1h 0m,Hành lý xách tay 7 kg,Hành lý 0 kg,2025-04-14,PQC
1981,PQC0034,VietJet Air,1.028.000 VND/khách,05:55,2025-04-28,06:55,2025-04-28,1h 0m,Hành lý xách tay 7 kg,Hành lý 0 kg,2025-04-14,PQC
1982,PQC0149,VietJet Air,1.028.000 VND/khách,17:10,2025-04-28,18:15,2025-04-28,1h 5m,Hành lý xách tay 7 kg,Hành lý 0 kg,2025-04-14,PQC
1983,PQC0340,Vietravel Airlines,1.061.340 VND/khách,17:25,2025-04-28,18:25,2025-04-28,1h 0m,Hành lý xách tay 7 kg,Hành lý 0 kg,2025-04-14,PQC
1984,PQC0126,VietJet Air,1.139.000 VND/khách,15:40,2025-04-28,16:40,2025-04-28,1h 0m,Hành lý xách tay 7 kg,Hành lý 0 kg,2025-04-14,PQC
1985,PQC0059,VietJet Air,1.285.000 VND/khách,09:20,2025-04-28,10:20,2025-04-28,1h 0m,Hành lý xách tay 7 kg,Hành lý 0 kg,2025-04-14,PQC
1986,PQC0083,VietJet Air,1.285.000 VND/khách,11:35,2025-04-28,12:35,2025-04-28,1h 0m,Hành lý xách tay 7 kg,Hành lý 0 kg,2025-04-14,PQC
1987,PQC0105,VietJet Air,1.285.000 VND/khách,14:05,2025-04-28,15:05,2025-04-28,1h 0m,Hành lý xách tay 7 kg,Hành lý 0 kg,2025-04-14,PQC
1988,PQC0314,Vietnam Airlines,1.702.296 VND/khách,20:20,2025-04-28,21:20,2025-04-28,1h 0m,Hành lý xách tay 1 x 12 kg,Hành lý 23 kg,2025-04-14,PQC
1989,PQC0221,Vietnam Airlines,1.787.211 VND/khách,08:10,2025-04-28,08:55,2025-04-28,45m,Hành lý xách tay 1 x 12 kg,Hành lý 23 kg,2025-04-14,PQC
1990,PQC0243,Vietnam Airlines,1.942.056 VND/khách,10:25,2025-04-28,11:25,2025-04-28,1h 0m,Hành lý xách tay 1 x 12 kg,Hành lý 23 kg,2025-04-14,PQC
1991,PQC0286,Vietnam Airlines,1.942.056 VND/khách,15:05,2025-04-28,16:10,2025-04-28,1h 5m,Hành lý xách tay 1 x 12 kg,Hành lý 23 kg,2025-04-14,PQC
1992,PQC0200,Vietnam Airlines,2.008.989 VND/khách,05:40,2025-04-29,06:40,2025-04-29,1h 0m,Hành lý xách tay 1 x 12 kg,Hành lý 23 kg,2025-04-14,PQC
1993,PQC0035,VietJet Air,1.781.000 VND/khách,05:55,2025-04-29,06:55,2025-04-29,1h 0m,Hành lý xách tay 7 kg,Hành lý 0 kg,2025-04-14,PQC
1994,PQC0106,VietJet Air,1.781.000 VND/khách,14:05,2025-04-29,15:05,2025-04-29,1h 0m,Hành lý xách tay 7 kg,Hành lý 0 kg,2025-04-14,PQC
1995,PQC0127,VietJet Air,1.781.000 VND/khách,15:40,2025-04-29,16:40,2025-04-29,1h 0m,Hành lý xách tay 7 kg,Hành lý 0 kg,2025-04-14,PQC
1996,PQC0040,VietJet Air,1.781.000 VND/khách,08:25,2025-04-29,09:30,2025-04-29,1h 5m,Hành lý xách tay 7 kg,Hành lý 0 kg,2025-04-14,PQC
1997,PQC0060,VietJet Air,1.810.000 VND/khách,09:20,2025-04-29,10:20,2025-04-29,1h 0m,Hành lý xách tay 7 kg,Hành lý 0 kg,2025-04-14,PQC
1998,PQC0084,VietJet Air,1.810.000 VND/khách,11:35,2025-04-29,12:35,2025-04-29,1h 0m,Hành lý xách tay 7 kg,Hành lý 0 kg,2025-04-14,PQC
1999,PQC0341,Vietravel Airlines,1.813.455 VND/khách,17:25,2025-04-29,18:25,2025-04-29,1h 0m,Hành lý xách tay 7 kg,Hành lý 0 kg,2025-04-14,PQC
2000,PQC0153,VietJet Air,1.833.000 VND/khách,17:25,2025-04-29,18:30,2025-04-29,1h 5m,Hành lý xách tay 7 kg,Hành lý 0 kg,2025-04-14,PQC
2001,PQC0179,Vietnam Airlines,1.887.111 VND/khách,05:25,2025-04-29,06:20,2025-04-29,55m,Hành lý xách tay 1 x 12 kg,Hành lý 23 kg,2025-04-14,PQC
2003,PQC0304,Vietnam Airlines,1.989.009 VND/khách,20:20,2025-05-01,21:20,2025-05-01,1h 0m,Hành lý xách tay 1 x 12 kg,Hành lý 23 kg,2025-04-15,PQC
2004,PQC0001,Bamboo Airways,1.826.550 VND/khách,16:30,2025-05-01,17:30,2025-05-01,1h 0m,Hành lý xách tay 7 kg,Hành lý 20 kg,2025-04-15,PQC
2005,PQC0322,Vietravel Airlines,1.886.273 VND/khách,17:25,2025-05-01,18:25,2025-05-01,1h 0m,Hành lý xách tay 7 kg,Hành lý 0 kg,2025-04-15,PQC
2006,PQC0131,VietJet Air,1.903.000 VND/khách,17:10,2025-05-01,18:15,2025-05-01,1h 5m,Hành lý xách tay 7 kg,Hành lý 0 kg,2025-04-15,PQC
2007,PQC0154,VietJet Air,1.903.000 VND/khách,17:40,2025-05-01,18:45,2025-05-01,1h 5m,Hành lý xách tay 7 kg,Hành lý 0 kg,2025-04-15,PQC
2008,PQC0166,Vietnam Airlines,2.002.995 VND/khách,05:25,2025-05-01,06:20,2025-05-01,55m,Hành lý xách tay 1 x 12 kg,Hành lý 23 kg,2025-04-15,PQC
2009,PQC0161,Vietnam Airlines,2.045.827 VND/khách,05:10,2025-05-01,06:10,2025-05-01,1h 0m,Hành lý xách tay 1 x 12 kg,Hành lý 23 kg,2025-04-15,PQC
2015,PQC0305,Vietnam Airlines,1.989.009 VND/khách,20:20,2025-05-02,21:20,2025-05-02,1h 0m,Hành lý xách tay 1 x 12 kg,Hành lý 23 kg,2025-04-15,PQC
2016,PQC0002,Bamboo Airways,1.616.425 VND/khách,16:30,2025-05-02,17:30,2025-05-02,1h 0m,Hành lý xách tay 7 kg,Hành lý 0 kg,2025-04-15,PQC
2017,PQC0017,VietJet Air,1.698.000 VND/khách,05:55,2025-05-02,06:55,2025-05-02,1h 0m,Hành lý xách tay 7 kg,Hành lý 0 kg,2025-04-15,PQC
2018,PQC0132,VietJet Air,1.698.000 VND/khách,17:10,2025-05-02,18:15,2025-05-02,1h 5m,Hành lý xách tay 7 kg,Hành lý 0 kg,2025-04-15,PQC
2019,PQC0323,Vietravel Airlines,1.737.645 VND/khách,17:25,2025-05-02,18:25,2025-05-02,1h 0m,Hành lý xách tay 7 kg,Hành lý 0 kg,2025-04-15,PQC
2020,PQC0088,VietJet Air,1.786.000 VND/khách,14:05,2025-05-02,15:05,2025-05-02,1h 0m,Hành lý xách tay 7 kg,Hành lý 0 kg,2025-04-15,PQC
2021,PQC0109,VietJet Air,1.786.000 VND/khách,15:40,2025-05-02,16:40,2025-05-02,1h 0m,Hành lý xách tay 7 kg,Hành lý 0 kg,2025-04-15,PQC
2022,PQC0167,Vietnam Airlines,1.792.206 VND/khách,05:25,2025-05-02,06:20,2025-05-02,55m,Hành lý xách tay 1 x 12 kg,Hành lý 23 kg,2025-04-15,PQC
2023,PQC0042,VietJet Air,1.845.000 VND/khách,09:20,2025-05-02,10:20,2025-05-02,1h 0m,Hành lý xách tay 7 kg,Hành lý 0 kg,2025-04-15,PQC
2024,PQC0305,Vietnam Airlines,1.989.009 VND/khách,20:20,2025-05-02,21:20,2025-05-02,1h 0m,Hành lý xách tay 1 x 12 kg,Hành lý 23 kg,2025-04-15,PQC
2025,PQC0248,Vietnam Airlines,1.996.002 VND/khách,13:00,2025-05-02,14:00,2025-05-02,1h 0m,Hành lý xách tay 1 x 12 kg,Hành lý 23 kg,2025-04-15,PQC
2026,PQC0269,Vietnam Airlines,1.996.002 VND/khách,15:05,2025-05-02,16:10,2025-05-02,1h 5m,Hành lý xách tay 1 x 12 kg,Hành lý 23 kg,2025-04-15,PQC
2027,PQC0182,Vietnam Airlines,2.010.987 VND/khách,05:40,2025-05-02,06:40,2025-05-02,1h 0m,Hành lý xách tay 1 x 12 kg,Hành lý 23 kg,2025-04-15,PQC
2028,PQC0226,Vietnam Airlines,2.010.987 VND/khách,10:25,2025-05-02,11:25,2025-05-02,1h 0m,Hành lý xách tay 1 x 12 kg,Hành lý 23 kg,2025-04-15,PQC
2031,PQC0183,Vietnam Airlines,1.482.516 VND/khách,05:40,2025-05-03,06:40,2025-05-03,1h 0m,Hành lý xách tay 1 x 12 kg,Hành lý 23 kg,2025-04-15,PQC
2032,PQC0003,Bamboo Airways,1.013.756 VND/khách,16:30,2025-05-03,17:30,2025-05-03,1h 0m,Hành lý xách tay 7 kg,Hành lý 0 kg,2025-04-15,PQC
2033,PQC0168,Vietnam Airlines,1.377.621 VND/khách,05:25,2025-05-03,06:20,2025-05-03,55m,Hành lý xách tay 1 x 12 kg,Hành lý 23 kg,2025-04-15,PQC
2034,PQC0324,Vietravel Airlines,1.397.498 VND/khách,17:25,2025-05-03,18:25,2025-05-03,1h 0m,Hành lý xách tay 7 kg,Hành lý 0 kg,2025-04-15,PQC
2035,PQC0306,Vietnam Airlines,1.596.402 VND/khách,20:20,2025-05-03,21:20,2025-05-03,1h 0m,Hành lý xách tay 1 x 12 kg,Hành lý 23 kg,2025-04-15,PQC
2036,PQC0089,VietJet Air,1.698.000 VND/khách,14:05,2025-05-03,15:05,2025-05-03,1h 0m,Hành lý xách tay 7 kg,Hành lý 0 kg,2025-04-15,PQC
2037,PQC0204,Vietnam Airlines,1.748.250 VND/khách,08:10,2025-05-03,08:55,2025-05-03,45m,Hành lý xách tay 1 x 12 kg,Hành lý 23 kg,2025-04-15,PQC
2038,PQC0270,Vietnam Airlines,1.748.250 VND/khách,15:05,2025-05-03,16:10,2025-05-03,1h 5m,Hành lý xách tay 1 x 12 kg,Hành lý 23 kg,2025-04-15,PQC
2039,PQC0018,VietJet Air,1.786.000 VND/khách,05:55,2025-05-03,06:55,2025-05-03,1h 0m,Hành lý xách tay 7 kg,Hành lý 0 kg,2025-04-15,PQC
2040,PQC0133,VietJet Air,1.786.000 VND/khách,17:10,2025-05-03,18:15,2025-05-03,1h 5m,Hành lý xách tay 7 kg,Hành lý 0 kg,2025-04-15,PQC
2041,PQC0043,VietJet Air,1.815.000 VND/khách,09:20,2025-05-03,10:20,2025-05-03,1h 0m,Hành lý xách tay 7 kg,Hành lý 0 kg,2025-04-15,PQC
2042,PQC0067,VietJet Air,1.815.000 VND/khách,11:35,2025-05-03,12:35,2025-05-03,1h 0m,Hành lý xách tay 7 kg,Hành lý 0 kg,2025-04-15,PQC
2043,PQC0110,VietJet Air,1.815.000 VND/khách,15:40,2025-05-03,16:40,2025-05-03,1h 0m,Hành lý xách tay 7 kg,Hành lý 0 kg,2025-04-15,PQC
2044,PQC0252,Vietnam Airlines,1.877.121 VND/khách,13:05,2025-05-03,14:00,2025-05-03,55m,Hành lý xách tay 1 x 12 kg,Hành lý 23 kg,2025-04-15,PQC
2045,PQC0037,VietJet Air,1.928.000 VND/khách,08:25,2025-05-03,09:30,2025-05-03,1h 5m,Hành lý xách tay 7 kg,Hành lý 0 kg,2025-04-15,PQC
2046,PQC0227,Vietnam Airlines,1.934.064 VND/khách,10:25,2025-05-03,11:25,2025-05-03,1h 0m,Hành lý xách tay 1 x 12 kg,Hành lý 23 kg,2025-04-15,PQC
2049,PQC0307,Vietnam Airlines,1.227.771 VND/khách,20:20,2025-05-04,21:20,2025-05-04,1h 0m,Hành lý xách tay 1 x 12 kg,Hành lý 23 kg,2025-04-15,PQC
2050,PQC0134,VietJet Air,802.000 VND/khách,17:10,2025-05-04,18:15,2025-05-04,1h 5m,Hành lý xách tay 7 kg,Hành lý 0 kg,2025-04-15,PQC
2051,PQC0325,Vietravel Airlines,823.935 VND/khách,17:25,2025-05-04,18:25,2025-05-04,1h 0m,Hành lý xách tay 7 kg,Hành lý 0 kg,2025-04-15,PQC
2052,PQC0004,Bamboo Airways,874.325 VND/khách,16:30,2025-05-04,17:30,2025-05-04,1h 0m,Hành lý xách tay 7 kg,Hành lý 0 kg,2025-04-15,PQC
2053,PQC0111,VietJet Air,1.030.000 VND/khách,15:40,2025-05-04,16:40,2025-05-04,1h 0m,Hành lý xách tay 7 kg,Hành lý 0 kg,2025-04-15,PQC
2054,PQC0169,Vietnam Airlines,1.090.908 VND/khách,05:25,2025-05-04,06:20,2025-05-04,55m,Hành lý xách tay 1 x 12 kg,Hành lý 23 kg,2025-04-15,PQC
2055,PQC0019,VietJet Air,1.141.000 VND/khách,05:55,2025-05-04,06:55,2025-05-04,1h 0m,Hành lý xách tay 7 kg,Hành lý 0 kg,2025-04-15,PQC
2056,PQC0068,VietJet Air,1.141.000 VND/khách,11:35,2025-05-04,12:35,2025-05-04,1h 0m,Hành lý xách tay 7 kg,Hành lý 0 kg,2025-04-15,PQC
2057,PQC0090,VietJet Air,1.141.000 VND/khách,14:05,2025-05-04,15:05,2025-05-04,1h 0m,Hành lý xách tay 7 kg,Hành lý 0 kg,2025-04-15,PQC
2058,PQC0307,Vietnam Airlines,1.227.771 VND/khách,20:20,2025-05-04,21:20,2025-05-04,1h 0m,Hành lý xách tay 1 x 12 kg,Hành lý 23 kg,2025-04-15,PQC
2059,PQC0184,Vietnam Airlines,1.268.730 VND/khách,05:40,2025-05-04,06:40,2025-05-04,1h 0m,Hành lý xách tay 1 x 12 kg,Hành lý 23 kg,2025-04-15,PQC
2060,PQC0044,VietJet Air,1.287.000 VND/khách,09:20,2025-05-04,10:20,2025-05-04,1h 0m,Hành lý xách tay 7 kg,Hành lý 0 kg,2025-04-15,PQC
2061,PQC0271,Vietnam Airlines,1.367.631 VND/khách,15:05,2025-05-04,16:10,2025-05-04,1h 5m,Hành lý xách tay 1 x 12 kg,Hành lý 23 kg,2025-04-15,PQC
2062,PQC0205,Vietnam Airlines,1.467.531 VND/khách,08:10,2025-05-04,08:55,2025-05-04,45m,Hành lý xách tay 1 x 12 kg,Hành lý 23 kg,2025-04-15,PQC
2063,PQC0253,Vietnam Airlines,1.578.420 VND/khách,13:05,2025-05-04,14:00,2025-05-04,55m,Hành lý xách tay 1 x 12 kg,Hành lý 23 kg,2025-04-15,PQC
2064,PQC0228,Vietnam Airlines,1.578.420 VND/khách,10:25,2025-05-04,11:25,2025-05-04,1h 0m,Hành lý xách tay 1 x 12 kg,Hành lý 23 kg,2025-04-15,PQC
2067,PQC0185,Vietnam Airlines,1.358.570 VND/khách,05:40,2025-05-05,06:40,2025-05-05,1h 0m,Hành lý xách tay 1 x 12 kg,Hành lý 23 kg,2025-04-15,PQC
2068,PQC0326,Vietravel Airlines,760.095 VND/khách,17:25,2025-05-05,18:25,2025-05-05,1h 0m,Hành lý xách tay 7 kg,Hành lý 0 kg,2025-04-15,PQC
2069,PQC0112,VietJet Air,802.000 VND/khách,15:40,2025-05-05,16:40,2025-05-05,1h 0m,Hành lý xách tay 7 kg,Hành lý 0 kg,2025-04-15,PQC
2070,PQC0135,VietJet Air,802.000 VND/khách,17:10,2025-05-05,18:15,2025-05-05,1h 5m,Hành lý xách tay 7 kg,Hành lý 0 kg,2025-04-15,PQC
2071,PQC0005,Bamboo Airways,874.325 VND/khách,16:30,2025-05-05,17:30,2025-05-05,1h 0m,Hành lý xách tay 7 kg,Hành lý 0 kg,2025-04-15,PQC
2072,PQC0020,VietJet Air,1.051.000 VND/khách,05:55,2025-05-05,06:55,2025-05-05,1h 0m,Hành lý xách tay 7 kg,Hành lý 0 kg,2025-04-15,PQC
2073,PQC0069,VietJet Air,1.141.000 VND/khách,11:35,2025-05-05,12:35,2025-05-05,1h 0m,Hành lý xách tay 7 kg,Hành lý 0 kg,2025-04-15,PQC
2074,PQC0091,VietJet Air,1.141.000 VND/khách,14:05,2025-05-05,15:05,2025-05-05,1h 0m,Hành lý xách tay 7 kg,Hành lý 0 kg,2025-04-15,PQC
2075,PQC0170,Vietnam Airlines,1.246.906 VND/khách,05:25,2025-05-05,06:20,2025-05-05,55m,Hành lý xách tay 1 x 12 kg,Hành lý 23 kg,2025-04-15,PQC
2076,PQC0045,VietJet Air,1.287.000 VND/khách,09:20,2025-05-05,10:20,2025-05-05,1h 0m,Hành lý xách tay 7 kg,Hành lý 0 kg,2025-04-15,PQC
2077,PQC0185,Vietnam Airlines,1.358.570 VND/khách,05:40,2025-05-05,06:40,2025-05-05,1h 0m,Hành lý xách tay 1 x 12 kg,Hành lý 23 kg,2025-04-15,PQC
2078,PQC0308,Vietnam Airlines,1.358.570 VND/khách,20:20,2025-05-05,21:20,2025-05-05,1h 0m,Hành lý xách tay 1 x 12 kg,Hành lý 23 kg,2025-04-15,PQC
2079,PQC0254,Vietnam Airlines,1.470.234 VND/khách,13:05,2025-05-05,14:00,2025-05-05,55m,Hành lý xách tay 1 x 12 kg,Hành lý 23 kg,2025-04-15,PQC
2080,PQC0272,Vietnam Airlines,1.470.234 VND/khách,15:05,2025-05-05,16:10,2025-05-05,1h 5m,Hành lý xách tay 1 x 12 kg,Hành lý 23 kg,2025-04-15,PQC
2081,PQC0206,Vietnam Airlines,1.670.813 VND/khách,08:10,2025-05-05,08:55,2025-05-05,45m,Hành lý xách tay 1 x 12 kg,Hành lý 23 kg,2025-04-15,PQC
2082,PQC0229,Vietnam Airlines,1.759.731 VND/khách,10:25,2025-05-05,11:25,2025-05-05,1h 0m,Hành lý xách tay 1 x 12 kg,Hành lý 23 kg,2025-04-15,PQC
2085,PQC0192,Vietnam Airlines,1.377.621 VND/khách,05:40,2025-04-21,06:40,2025-04-21,1h 0m,Hành lý xách tay 1 x 12 kg,Hành lý 23 kg,2025-04-15,PQC
2086,PQC0333,Vietravel Airlines,759.098 VND/khách,17:25,2025-04-21,18:25,2025-04-21,1h 0m,Hành lý xách tay 7 kg,Hành lý 0 kg,2025-04-15,PQC
2087,PQC0142,VietJet Air,802.000 VND/khách,17:10,2025-04-21,18:15,2025-04-21,1h 5m,Hành lý xách tay 7 kg,Hành lý 0 kg,2025-04-15,PQC
2088,PQC0009,Bamboo Airways,869.953 VND/khách,16:30,2025-04-21,17:30,2025-04-21,1h 0m,Hành lý xách tay 7 kg,Hành lý 0 kg,2025-04-15,PQC
2089,PQC0119,VietJet Air,1.031.000 VND/khách,15:40,2025-04-21,16:40,2025-04-21,1h 0m,Hành lý xách tay 7 kg,Hành lý 0 kg,2025-04-15,PQC
2090,PQC0027,VietJet Air,1.142.000 VND/khách,05:55,2025-04-21,06:55,2025-04-21,1h 0m,Hành lý xách tay 7 kg,Hành lý 0 kg,2025-04-15,PQC
2091,PQC0076,VietJet Air,1.288.000 VND/khách,11:35,2025-04-21,12:35,2025-04-21,1h 0m,Hành lý xách tay 7 kg,Hành lý 0 kg,2025-04-15,PQC
2092,PQC0098,VietJet Air,1.288.000 VND/khách,14:05,2025-04-21,15:05,2025-04-21,1h 0m,Hành lý xách tay 7 kg,Hành lý 0 kg,2025-04-15,PQC
2093,PQC0192,Vietnam Airlines,1.377.621 VND/khách,05:40,2025-04-21,06:40,2025-04-21,1h 0m,Hành lý xách tay 1 x 12 kg,Hành lý 23 kg,2025-04-15,PQC
2094,PQC0052,VietJet Air,1.581.000 VND/khách,09:20,2025-04-21,10:20,2025-04-21,1h 0m,Hành lý xách tay 7 kg,Hành lý 0 kg,2025-04-15,PQC
2095,PQC0213,Vietnam Airlines,1.674.324 VND/khách,08:10,2025-04-21,08:55,2025-04-21,45m,Hành lý xách tay 1 x 12 kg,Hành lý 23 kg,2025-04-15,PQC
2096,PQC0236,Vietnam Airlines,1.989.009 VND/khách,10:25,2025-04-21,11:25,2025-04-21,1h 0m,Hành lý xách tay 1 x 12 kg,Hành lý 23 kg,2025-04-15,PQC
2097,PQC0279,Vietnam Airlines,1.989.009 VND/khách,15:05,2025-04-21,16:10,2025-04-21,1h 5m,Hành lý xách tay 1 x 12 kg,Hành lý 23 kg,2025-04-15,PQC
2100,PQC0193,Vietnam Airlines,1.377.621 VND/khách,05:40,2025-04-22,06:40,2025-04-22,1h 0m,Hành lý xách tay 1 x 12 kg,Hành lý 23 kg,2025-04-15,PQC
2101,PQC0334,Vietravel Airlines,759.098 VND/khách,17:25,2025-04-22,18:25,2025-04-22,1h 0m,Hành lý xách tay 7 kg,Hành lý 0 kg,2025-04-15,PQC
2102,PQC0143,VietJet Air,802.000 VND/khách,17:10,2025-04-22,18:15,2025-04-22,1h 5m,Hành lý xách tay 7 kg,Hành lý 0 kg,2025-04-15,PQC
2103,PQC0120,VietJet Air,1.031.000 VND/khách,15:40,2025-04-22,16:40,2025-04-22,1h 0m,Hành lý xách tay 7 kg,Hành lý 0 kg,2025-04-15,PQC
2104,PQC0028,VietJet Air,1.142.000 VND/khách,05:55,2025-04-22,06:55,2025-04-22,1h 0m,Hành lý xách tay 7 kg,Hành lý 0 kg,2025-04-15,PQC
2105,PQC0099,VietJet Air,1.142.000 VND/khách,14:05,2025-04-22,15:05,2025-04-22,1h 0m,Hành lý xách tay 7 kg,Hành lý 0 kg,2025-04-15,PQC
2106,PQC0053,VietJet Air,1.288.000 VND/khách,09:20,2025-04-22,10:20,2025-04-22,1h 0m,Hành lý xách tay 7 kg,Hành lý 0 kg,2025-04-15,PQC
2107,PQC0077,VietJet Air,1.288.000 VND/khách,11:35,2025-04-22,12:35,2025-04-22,1h 0m,Hành lý xách tay 7 kg,Hành lý 0 kg,2025-04-15,PQC
2108,PQC0193,Vietnam Airlines,1.377.621 VND/khách,05:40,2025-04-22,06:40,2025-04-22,1h 0m,Hành lý xách tay 1 x 12 kg,Hành lý 23 kg,2025-04-15,PQC
2109,PQC0214,Vietnam Airlines,1.774.224 VND/khách,08:10,2025-04-22,08:55,2025-04-22,45m,Hành lý xách tay 1 x 12 kg,Hành lý 23 kg,2025-04-15,PQC
2110,PQC0280,Vietnam Airlines,1.889.109 VND/khách,15:05,2025-04-22,16:10,2025-04-22,1h 5m,Hành lý xách tay 1 x 12 kg,Hành lý 23 kg,2025-04-15,PQC
2111,PQC0261,Vietnam Airlines,1.937.061 VND/khách,13:05,2025-04-22,14:00,2025-04-22,55m,Hành lý xách tay 1 x 12 kg,Hành lý 23 kg,2025-04-15,PQC
2112,PQC0237,Vietnam Airlines,1.982.016 VND/khách,10:25,2025-04-22,11:25,2025-04-22,1h 0m,Hành lý xách tay 1 x 12 kg,Hành lý 23 kg,2025-04-15,PQC
2115,PQC0194,Vietnam Airlines,1.179.170 VND/khách,05:40,2025-04-23,06:40,2025-04-23,1h 0m,Hành lý xách tay 1 x 12 kg,Hành lý 23 kg,2025-04-15,PQC
2116,PQC0335,Vietravel Airlines,759.098 VND/khách,17:25,2025-04-23,18:25,2025-04-23,1h 0m,Hành lý xách tay 7 kg,Hành lý 0 kg,2025-04-15,PQC
2117,PQC0157,VietJet Air,802.000 VND/khách,17:40,2025-04-23,18:40,2025-04-23,1h 0m,Hành lý xách tay 7 kg,Hành lý 0 kg,2025-04-15,PQC
2118,PQC0010,Bamboo Airways,869.953 VND/khách,16:30,2025-04-23,17:30,2025-04-23,1h 0m,Hành lý xách tay 7 kg,Hành lý 0 kg,2025-04-15,PQC
2119,PQC0173,Vietnam Airlines,871.128 VND/khách,05:25,2025-04-23,06:20,2025-04-23,55m,Hành lý xách tay 1 x 12 kg,Hành lý 0 kg,2025-04-15,PQC
2120,PQC0129,VietJet Air,1.031.000 VND/khách,16:25,2025-04-23,17:25,2025-04-23,1h 0m,Hành lý xách tay 7 kg,Hành lý 0 kg,2025-04-15,PQC
2121,PQC0029,VietJet Air,1.142.000 VND/khách,05:55,2025-04-23,06:55,2025-04-23,1h 0m,Hành lý xách tay 7 kg,Hành lý 0 kg,2025-04-15,PQC
2122,PQC0100,VietJet Air,1.142.000 VND/khách,14:05,2025-04-23,15:05,2025-04-23,1h 0m,Hành lý xách tay 7 kg,Hành lý 0 kg,2025-04-15,PQC
2123,PQC0194,Vietnam Airlines,1.179.170 VND/khách,05:40,2025-04-23,06:40,2025-04-23,1h 0m,Hành lý xách tay 1 x 12 kg,Hành lý 23 kg,2025-04-15,PQC
2124,PQC0054,VietJet Air,1.288.000 VND/khách,09:20,2025-04-23,10:20,2025-04-23,1h 0m,Hành lý xách tay 7 kg,Hành lý 0 kg,2025-04-15,PQC
2125,PQC0078,VietJet Air,1.288.000 VND/khách,11:35,2025-04-23,12:35,2025-04-23,1h 0m,Hành lý xách tay 7 kg,Hành lý 0 kg,2025-04-15,PQC
2126,PQC0215,Vietnam Airlines,1.570.524 VND/khách,08:10,2025-04-23,08:55,2025-04-23,45m,Hành lý xách tay 1 x 12 kg,Hành lý 23 kg,2025-04-15,PQC
2127,PQC0281,Vietnam Airlines,1.748.250 VND/khách,15:05,2025-04-23,16:10,2025-04-23,1h 5m,Hành lý xách tay 1 x 12 kg,Hành lý 23 kg,2025-04-15,PQC
2128,PQC0262,Vietnam Airlines,1.859.139 VND/khách,13:05,2025-04-23,14:00,2025-04-23,55m,Hành lý xách tay 1 x 12 kg,Hành lý 23 kg,2025-04-15,PQC
2129,PQC0238,Vietnam Airlines,1.859.139 VND/khách,10:25,2025-04-23,11:25,2025-04-23,1h 0m,Hành lý xách tay 1 x 12 kg,Hành lý 23 kg,2025-04-15,PQC
2132,PQC0195,Vietnam Airlines,1.358.570 VND/khách,05:40,2025-04-24,06:40,2025-04-24,1h 0m,Hành lý xách tay 1 x 12 kg,Hành lý 23 kg,2025-04-15,PQC
2133,PQC0336,Vietravel Airlines,1.140.143 VND/khách,17:25,2025-04-24,18:25,2025-04-24,1h 0m,Hành lý xách tay 7 kg,Hành lý 0 kg,2025-04-15,PQC
2134,PQC0030,VietJet Air,1.141.000 VND/khách,05:55,2025-04-24,06:55,2025-04-24,1h 0m,Hành lý xách tay 7 kg,Hành lý 0 kg,2025-04-15,PQC
2135,PQC0174,Vietnam Airlines,1.246.906 VND/khách,05:25,2025-04-24,06:20,2025-04-24,55m,Hành lý xách tay 1 x 12 kg,Hành lý 23 kg,2025-04-15,PQC
2136,PQC0079,VietJet Air,1.287.000 VND/khách,11:35,2025-04-24,12:35,2025-04-24,1h 0m,Hành lý xách tay 7 kg,Hành lý 0 kg,2025-04-15,PQC
2137,PQC0130,VietJet Air,1.287.000 VND/khách,16:30,2025-04-24,17:30,2025-04-24,1h 0m,Hành lý xách tay 7 kg,Hành lý 0 kg,2025-04-15,PQC
2138,PQC0158,VietJet Air,1.287.000 VND/khách,17:40,2025-04-24,18:45,2025-04-24,1h 5m,Hành lý xách tay 7 kg,Hành lý 0 kg,2025-04-15,PQC
2139,PQC0101,VietJet Air,1.404.000 VND/khách,14:05,2025-04-24,15:05,2025-04-24,1h 0m,Hành lý xách tay 7 kg,Hành lý 0 kg,2025-04-15,PQC
2140,PQC0039,VietJet Air,1.404.000 VND/khách,08:25,2025-04-24,09:30,2025-04-24,1h 5m,Hành lý xách tay 7 kg,Hành lý 0 kg,2025-04-15,PQC
2141,PQC0282,Vietnam Airlines,1.759.731 VND/khách,15:05,2025-04-24,16:10,2025-04-24,1h 5m,Hành lý xách tay 1 x 12 kg,Hành lý 23 kg,2025-04-15,PQC
2142,PQC0217,Vietnam Airlines,1.849.682 VND/khách,08:10,2025-04-24,08:55,2025-04-24,45m,Hành lý xách tay 1 x 12 kg,Hành lý 23 kg,2025-04-15,PQC
2143,PQC0263,Vietnam Airlines,1.905.513 VND/khách,13:05,2025-04-24,14:00,2025-04-24,55m,Hành lý xách tay 1 x 12 kg,Hành lý 23 kg,2025-04-15,PQC
2144,PQC0239,Vietnam Airlines,1.905.513 VND/khách,10:25,2025-04-24,11:25,2025-04-24,1h 0m,Hành lý xách tay 1 x 12 kg,Hành lý 23 kg,2025-04-15,PQC
2150,PQC0196,Vietnam Airlines,1.593.405 VND/khách,05:40,2025-04-25,06:40,2025-04-25,1h 0m,Hành lý xách tay 1 x 12 kg,Hành lý 23 kg,2025-04-15,PQC
2151,PQC0337,Vietravel Airlines,1.143.135 VND/khách,17:25,2025-04-25,18:25,2025-04-25,1h 0m,Hành lý xách tay 7 kg,Hành lý 0 kg,2025-04-15,PQC
2152,PQC0011,Bamboo Airways,1.245.267 VND/khách,16:30,2025-04-25,17:30,2025-04-25,1h 0m,Hành lý xách tay 7 kg,Hành lý 0 kg,2025-04-15,PQC
2153,PQC0031,VietJet Air,1.288.000 VND/khách,05:55,2025-04-25,06:55,2025-04-25,1h 0m,Hành lý xách tay 7 kg,Hành lý 0 kg,2025-04-15,PQC
2154,PQC0123,VietJet Air,1.288.000 VND/khách,15:40,2025-04-25,16:40,2025-04-25,1h 0m,Hành lý xách tay 7 kg,Hành lý 0 kg,2025-04-15,PQC
2155,PQC0146,VietJet Air,1.288.000 VND/khách,17:10,2025-04-25,18:15,2025-04-25,1h 5m,Hành lý xách tay 7 kg,Hành lý 0 kg,2025-04-15,PQC
2156,PQC0175,Vietnam Airlines,1.377.621 VND/khách,05:25,2025-04-25,06:20,2025-04-25,55m,Hành lý xách tay 1 x 12 kg,Hành lý 23 kg,2025-04-15,PQC
2157,PQC0102,VietJet Air,1.581.000 VND/khách,14:05,2025-04-25,15:05,2025-04-25,1h 0m,Hành lý xách tay 7 kg,Hành lý 0 kg,2025-04-15,PQC
2158,PQC0196,Vietnam Airlines,1.593.405 VND/khách,05:40,2025-04-25,06:40,2025-04-25,1h 0m,Hành lý xách tay 1 x 12 kg,Hành lý 23 kg,2025-04-15,PQC
2159,PQC0296,Vietnam Airlines,1.697.301 VND/khách,17:25,2025-04-25,18:25,2025-04-25,1h 0m,Hành lý xách tay 1 x 12 kg,Hành lý 23 kg,2025-04-15,PQC
2160,PQC0311,Vietnam Airlines,1.782.216 VND/khách,20:20,2025-04-25,21:20,2025-04-25,1h 0m,Hành lý xách tay 1 x 12 kg,Hành lý 23 kg,2025-04-15,PQC
2161,PQC0080,VietJet Air,1.815.000 VND/khách,11:35,2025-04-25,12:35,2025-04-25,1h 0m,Hành lý xách tay 7 kg,Hành lý 0 kg,2025-04-15,PQC
2162,PQC0283,Vietnam Airlines,1.989.009 VND/khách,15:05,2025-04-25,16:10,2025-04-25,1h 5m,Hành lý xách tay 1 x 12 kg,Hành lý 23 kg,2025-04-15,PQC
2163,PQC0240,Vietnam Airlines,1.996.002 VND/khách,10:25,2025-04-25,11:25,2025-04-25,1h 0m,Hành lý xách tay 1 x 12 kg,Hành lý 23 kg,2025-04-15,PQC
2164,PQC0250,Vietnam Airlines,1.996.002 VND/khách,13:00,2025-04-25,14:00,2025-04-25,1h 0m,Hành lý xách tay 1 x 12 kg,Hành lý 23 kg,2025-04-15,PQC
2165,PQC0218,Vietnam Airlines,1.999.998 VND/khách,08:10,2025-04-25,08:55,2025-04-25,45m,Hành lý xách tay 1 x 12 kg,Hành lý 23 kg,2025-04-15,PQC
2168,PQC0197,Vietnam Airlines,1.370.628 VND/khách,05:40,2025-04-26,06:40,2025-04-26,1h 0m,Hành lý xách tay 1 x 12 kg,Hành lý 23 kg,2025-04-15,PQC
2169,PQC0176,Vietnam Airlines,1.370.628 VND/khách,05:25,2025-04-26,06:20,2025-04-26,55m,Hành lý xách tay 1 x 12 kg,Hành lý 23 kg,2025-04-15,PQC
2170,PQC0338,Vietravel Airlines,1.472.310 VND/khách,17:25,2025-04-26,18:25,2025-04-26,1h 0m,Hành lý xách tay 7 kg,Hành lý 0 kg,2025-04-15,PQC
2171,PQC0032,VietJet Air,1.581.000 VND/khách,05:55,2025-04-26,06:55,2025-04-26,1h 0m,Hành lý xách tay 7 kg,Hành lý 0 kg,2025-04-15,PQC
2172,PQC0147,VietJet Air,1.581.000 VND/khách,17:10,2025-04-26,18:15,2025-04-26,1h 5m,Hành lý xách tay 7 kg,Hành lý 0 kg,2025-04-15,PQC
2173,PQC0297,Vietnam Airlines,1.603.395 VND/khách,17:25,2025-04-26,18:25,2025-04-26,1h 0m,Hành lý xách tay 1 x 12 kg,Hành lý 23 kg,2025-04-15,PQC
2174,PQC0103,VietJet Air,1.698.000 VND/khách,14:05,2025-04-26,15:05,2025-04-26,1h 0m,Hành lý xách tay 7 kg,Hành lý 0 kg,2025-04-15,PQC
2175,PQC0124,VietJet Air,1.720.000 VND/khách,15:40,2025-04-26,16:40,2025-04-26,1h 0m,Hành lý xách tay 7 kg,Hành lý 0 kg,2025-04-15,PQC
2176,PQC0312,Vietnam Airlines,1.782.216 VND/khách,20:20,2025-04-26,21:20,2025-04-26,1h 0m,Hành lý xách tay 1 x 12 kg,Hành lý 23 kg,2025-04-15,PQC
2177,PQC0057,VietJet Air,1.815.000 VND/khách,09:20,2025-04-26,10:20,2025-04-26,1h 0m,Hành lý xách tay 7 kg,Hành lý 0 kg,2025-04-15,PQC
2178,PQC0081,VietJet Air,1.815.000 VND/khách,11:35,2025-04-26,12:35,2025-04-26,1h 0m,Hành lý xách tay 7 kg,Hành lý 0 kg,2025-04-15,PQC
2179,PQC0284,Vietnam Airlines,1.870.128 VND/khách,15:05,2025-04-26,16:10,2025-04-26,1h 5m,Hành lý xách tay 1 x 12 kg,Hành lý 23 kg,2025-04-15,PQC
2180,PQC0219,Vietnam Airlines,1.877.121 VND/khách,08:10,2025-04-26,08:55,2025-04-26,45m,Hành lý xách tay 1 x 12 kg,Hành lý 23 kg,2025-04-15,PQC
2181,PQC0264,Vietnam Airlines,1.999.998 VND/khách,13:05,2025-04-26,14:00,2025-04-26,55m,Hành lý xách tay 1 x 12 kg,Hành lý 23 kg,2025-04-15,PQC
2182,PQC0241,Vietnam Airlines,2.010.987 VND/khách,10:25,2025-04-26,11:25,2025-04-26,1h 0m,Hành lý xách tay 1 x 12 kg,Hành lý 23 kg,2025-04-15,PQC
2185,PQC0198,Vietnam Airlines,1.161.837 VND/khách,05:40,2025-04-27,06:40,2025-04-27,1h 0m,Hành lý xách tay 1 x 12 kg,Hành lý 23 kg,2025-04-15,PQC
2186,PQC0012,Bamboo Airways,1.013.756 VND/khách,16:30,2025-04-27,17:30,2025-04-27,1h 0m,Hành lý xách tay 7 kg,Hành lý 0 kg,2025-04-15,PQC
2187,PQC0339,Vietravel Airlines,1.140.143 VND/khách,17:25,2025-04-27,18:25,2025-04-27,1h 0m,Hành lý xách tay 7 kg,Hành lý 0 kg,2025-04-15,PQC
2188,PQC0177,Vietnam Airlines,1.153.845 VND/khách,05:25,2025-04-27,06:20,2025-04-27,55m,Hành lý xách tay 1 x 12 kg,Hành lý 23 kg,2025-04-15,PQC
2189,PQC0302,Vietnam Airlines,1.379.619 VND/khách,19:20,2025-04-27,20:20,2025-04-27,1h 0m,Hành lý xách tay 1 x 12 kg,Hành lý 23 kg,2025-04-15,PQC
2190,PQC0313,Vietnam Airlines,1.497.501 VND/khách,20:20,2025-04-27,21:20,2025-04-27,1h 0m,Hành lý xách tay 1 x 12 kg,Hành lý 23 kg,2025-04-15,PQC
2191,PQC0033,VietJet Air,1.580.000 VND/khách,05:55,2025-04-27,06:55,2025-04-27,1h 0m,Hành lý xách tay 7 kg,Hành lý 0 kg,2025-04-15,PQC
2192,PQC0125,VietJet Air,1.580.000 VND/khách,15:40,2025-04-27,16:40,2025-04-27,1h 0m,Hành lý xách tay 7 kg,Hành lý 0 kg,2025-04-15,PQC
2193,PQC0148,VietJet Air,1.580.000 VND/khách,17:10,2025-04-27,18:15,2025-04-27,1h 5m,Hành lý xách tay 7 kg,Hành lý 0 kg,2025-04-15,PQC
2194,PQC0242,Vietnam Airlines,1.596.402 VND/khách,10:25,2025-04-27,11:25,2025-04-27,1h 0m,Hành lý xách tay 1 x 12 kg,Hành lý 23 kg,2025-04-15,PQC
2195,PQC0104,VietJet Air,1.606.000 VND/khách,14:05,2025-04-27,15:05,2025-04-27,1h 0m,Hành lý xách tay 7 kg,Hành lý 0 kg,2025-04-15,PQC
2196,PQC0285,Vietnam Airlines,1.693.305 VND/khách,15:05,2025-04-27,16:10,2025-04-27,1h 5m,Hành lý xách tay 1 x 12 kg,Hành lý 23 kg,2025-04-15,PQC
2197,PQC0082,VietJet Air,1.785.000 VND/khách,11:35,2025-04-27,12:35,2025-04-27,1h 0m,Hành lý xách tay 7 kg,Hành lý 0 kg,2025-04-15,PQC
2198,PQC0058,VietJet Air,1.814.000 VND/khách,09:20,2025-04-27,10:20,2025-04-27,1h 0m,Hành lý xách tay 7 kg,Hành lý 0 kg,2025-04-15,PQC
2199,PQC0220,Vietnam Airlines,1.922.076 VND/khách,08:10,2025-04-27,08:55,2025-04-27,45m,Hành lý xách tay 1 x 12 kg,Hành lý 23 kg,2025-04-15,PQC
2200,PQC0265,Vietnam Airlines,1.937.061 VND/khách,13:05,2025-04-27,14:00,2025-04-27,55m,Hành lý xách tay 1 x 12 kg,Hành lý 23 kg,2025-04-15,PQC
2203,PQC0199,Vietnam Airlines,1.246.906 VND/khách,05:40,2025-04-28,06:40,2025-04-28,1h 0m,Hành lý xách tay 1 x 12 kg,Hành lý 23 kg,2025-04-15,PQC
2204,PQC0178,Vietnam Airlines,956.375 VND/khách,05:25,2025-04-28,06:20,2025-04-28,55m,Hành lý xách tay 1 x 12 kg,Hành lý 0 kg,2025-04-15,PQC
2205,PQC0013,Bamboo Airways,1.013.756 VND/khách,16:30,2025-04-28,17:30,2025-04-28,1h 0m,Hành lý xách tay 7 kg,Hành lý 0 kg,2025-04-15,PQC
2206,PQC0340,Vietravel Airlines,1.140.143 VND/khách,17:25,2025-04-28,18:25,2025-04-28,1h 0m,Hành lý xách tay 7 kg,Hành lý 0 kg,2025-04-15,PQC
2207,PQC0034,VietJet Air,1.404.000 VND/khách,05:55,2025-04-28,06:55,2025-04-28,1h 0m,Hành lý xách tay 7 kg,Hành lý 0 kg,2025-04-15,PQC
2208,PQC0298,Vietnam Airlines,1.470.234 VND/khách,17:25,2025-04-28,18:25,2025-04-28,1h 0m,Hành lý xách tay 1 x 12 kg,Hành lý 23 kg,2025-04-15,PQC
2209,PQC0149,VietJet Air,1.580.000 VND/khách,17:10,2025-04-28,18:15,2025-04-28,1h 5m,Hành lý xách tay 7 kg,Hành lý 0 kg,2025-04-15,PQC
2210,PQC0314,Vietnam Airlines,1.600.398 VND/khách,20:20,2025-04-28,21:20,2025-04-28,1h 0m,Hành lý xách tay 1 x 12 kg,Hành lý 23 kg,2025-04-15,PQC
2211,PQC0083,VietJet Air,1.697.000 VND/khách,11:35,2025-04-28,12:35,2025-04-28,1h 0m,Hành lý xách tay 7 kg,Hành lý 0 kg,2025-04-15,PQC
2212,PQC0105,VietJet Air,1.697.000 VND/khách,14:05,2025-04-28,15:05,2025-04-28,1h 0m,Hành lý xách tay 7 kg,Hành lý 0 kg,2025-04-15,PQC
2213,PQC0126,VietJet Air,1.697.000 VND/khách,15:40,2025-04-28,16:40,2025-04-28,1h 0m,Hành lý xách tay 7 kg,Hành lý 0 kg,2025-04-15,PQC
2214,PQC0221,Vietnam Airlines,1.759.731 VND/khách,08:10,2025-04-28,08:55,2025-04-28,45m,Hành lý xách tay 1 x 12 kg,Hành lý 23 kg,2025-04-15,PQC
2215,PQC0059,VietJet Air,1.785.000 VND/khách,09:20,2025-04-28,10:20,2025-04-28,1h 0m,Hành lý xách tay 7 kg,Hành lý 0 kg,2025-04-15,PQC
2216,PQC0243,Vietnam Airlines,1.905.513 VND/khách,10:25,2025-04-28,11:25,2025-04-28,1h 0m,Hành lý xách tay 1 x 12 kg,Hành lý 23 kg,2025-04-15,PQC
2217,PQC0286,Vietnam Airlines,1.905.513 VND/khách,15:05,2025-04-28,16:10,2025-04-28,1h 5m,Hành lý xách tay 1 x 12 kg,Hành lý 23 kg,2025-04-15,PQC
2218,PQC0266,Vietnam Airlines,1.969.616 VND/khách,13:05,2025-04-28,14:00,2025-04-28,55m,Hành lý xách tay 1 x 12 kg,Hành lý 23 kg,2025-04-15,PQC
2221,PQC0299,Vietnam Airlines,1.996.002 VND/khách,17:25,2025-04-29,18:25,2025-04-29,1h 0m,Hành lý xách tay 1 x 12 kg,Hành lý 23 kg,2025-04-15,PQC
2222,PQC0035,VietJet Air,1.785.000 VND/khách,05:55,2025-04-29,06:55,2025-04-29,1h 0m,Hành lý xách tay 7 kg,Hành lý 0 kg,2025-04-15,PQC
2223,PQC0106,VietJet Air,1.785.000 VND/khách,14:05,2025-04-29,15:05,2025-04-29,1h 0m,Hành lý xách tay 7 kg,Hành lý 0 kg,2025-04-15,PQC
2224,PQC0127,VietJet Air,1.785.000 VND/khách,15:40,2025-04-29,16:40,2025-04-29,1h 0m,Hành lý xách tay 7 kg,Hành lý 0 kg,2025-04-15,PQC
2225,PQC0040,VietJet Air,1.785.000 VND/khách,08:25,2025-04-29,09:30,2025-04-29,1h 5m,Hành lý xách tay 7 kg,Hành lý 0 kg,2025-04-15,PQC
2226,PQC0060,VietJet Air,1.814.000 VND/khách,09:20,2025-04-29,10:20,2025-04-29,1h 0m,Hành lý xách tay 7 kg,Hành lý 0 kg,2025-04-15,PQC
2227,PQC0084,VietJet Air,1.814.000 VND/khách,11:35,2025-04-29,12:35,2025-04-29,1h 0m,Hành lý xách tay 7 kg,Hành lý 0 kg,2025-04-15,PQC
2228,PQC0341,Vietravel Airlines,1.819.440 VND/khách,17:25,2025-04-29,18:25,2025-04-29,1h 0m,Hành lý xách tay 7 kg,Hành lý 0 kg,2025-04-15,PQC
2229,PQC0179,Vietnam Airlines,1.874.124 VND/khách,05:25,2025-04-29,06:20,2025-04-29,55m,Hành lý xách tay 1 x 12 kg,Hành lý 23 kg,2025-04-15,PQC
2230,PQC0153,VietJet Air,1.901.000 VND/khách,17:25,2025-04-29,18:30,2025-04-29,1h 5m,Hành lý xách tay 7 kg,Hành lý 0 kg,2025-04-15,PQC
2231,PQC0299,Vietnam Airlines,1.996.002 VND/khách,17:25,2025-04-29,18:25,2025-04-29,1h 0m,Hành lý xách tay 1 x 12 kg,Hành lý 23 kg,2025-04-15,PQC
2232,PQC0321,Vietnam Airlines,1.996.002 VND/khách,21:05,2025-04-29,22:05,2025-04-29,1h 0m,Hành lý xách tay 1 x 12 kg,Hành lý 23 kg,2025-04-15,PQC
2233,PQC0222,Vietnam Airlines,1.999.998 VND/khách,08:10,2025-04-29,08:55,2025-04-29,45m,Hành lý xách tay 1 x 12 kg,Hành lý 23 kg,2025-04-15,PQC
2234,PQC0200,Vietnam Airlines,2.002.995 VND/khách,05:40,2025-04-29,06:40,2025-04-29,1h 0m,Hành lý xách tay 1 x 12 kg,Hành lý 23 kg,2025-04-15,PQC
2235,PQC0300,Vietnam Airlines,1.992.006 VND/khách,17:25,2025-04-30,18:25,2025-04-30,1h 0m,Hành lý xách tay 1 x 12 kg,Hành lý 23 kg,2025-04-15,PQC
2236,PQC0014,Bamboo Airways,1.944.425 VND/khách,16:30,2025-04-30,17:30,2025-04-30,1h 0m,Hành lý xách tay 7 kg,Hành lý 20 kg,2025-04-15,PQC
2237,PQC0151,VietJet Air,3.711.487 VND/khách,17:10,2025-04-30,18:15,2025-04-30,1h 5m,Hành lý xách tay 7 kg,Hành lý 0 kg,2025-04-15,PQC
2239,PQC0161,Vietnam Airlines,2.000.250 VND/khách,05:10,2025-05-01,06:10,2025-05-01,1h 0m,Hành lý xách tay 1 x 12 kg,Hành lý 23 kg,2025-04-16,PQC
2240,PQC0322,Vietravel Airlines,1.939.350 VND/khách,17:25,2025-05-01,18:25,2025-05-01,1h 0m,Hành lý xách tay 7 kg,Hành lý 0 kg,2025-04-16,PQC
2241,PQC0016,VietJet Air,1.946.434 VND/khách,05:55,2025-05-01,06:55,2025-05-01,1h 0m,Hành lý xách tay 7 kg,Hành lý 0 kg,2025-04-16,PQC
2242,PQC0131,VietJet Air,1.946.434 VND/khách,17:10,2025-05-01,18:15,2025-05-01,1h 5m,Hành lý xách tay 7 kg,Hành lý 0 kg,2025-04-16,PQC
2243,PQC0154,VietJet Air,1.946.434 VND/khách,17:40,2025-05-01,18:45,2025-05-01,1h 5m,Hành lý xách tay 7 kg,Hành lý 0 kg,2025-04-16,PQC
2244,PQC0166,Vietnam Airlines,2.000.250 VND/khách,05:25,2025-05-01,06:20,2025-05-01,55m,Hành lý xách tay 1 x 12 kg,Hành lý 23 kg,2025-04-16,PQC
2245,PQC0304,Vietnam Airlines,2.000.250 VND/khách,20:20,2025-05-01,21:20,2025-05-01,1h 0m,Hành lý xách tay 1 x 12 kg,Hành lý 23 kg,2025-04-16,PQC
2252,PQC0182,Vietnam Airlines,2.000.250 VND/khách,05:40,2025-05-02,06:40,2025-05-02,1h 0m,Hành lý xách tay 1 x 12 kg,Hành lý 23 kg,2025-04-16,PQC
2253,PQC0167,Vietnam Airlines,1.594.950 VND/khách,05:25,2025-05-02,06:20,2025-05-02,55m,Hành lý xách tay 1 x 12 kg,Hành lý 23 kg,2025-04-16,PQC
2254,PQC0002,Bamboo Airways,1.616.425 VND/khách,16:30,2025-05-02,17:30,2025-05-02,1h 0m,Hành lý xách tay 7 kg,Hành lý 0 kg,2025-04-16,PQC
2255,PQC0323,Vietravel Airlines,1.778.322 VND/khách,17:25,2025-05-02,18:25,2025-05-02,1h 0m,Hành lý xách tay 7 kg,Hành lý 0 kg,2025-04-16,PQC
2256,PQC0088,VietJet Air,1.828.650 VND/khách,14:05,2025-05-02,15:05,2025-05-02,1h 0m,Hành lý xách tay 7 kg,Hành lý 0 kg,2025-04-16,PQC
2257,PQC0017,VietJet Air,1.946.434 VND/khách,05:55,2025-05-02,06:55,2025-05-02,1h 0m,Hành lý xách tay 7 kg,Hành lý 0 kg,2025-04-16,PQC
2258,PQC0109,VietJet Air,1.946.434 VND/khách,15:40,2025-05-02,16:40,2025-05-02,1h 0m,Hành lý xách tay 7 kg,Hành lý 0 kg,2025-04-16,PQC
2259,PQC0132,VietJet Air,1.946.434 VND/khách,17:10,2025-05-02,18:15,2025-05-02,1h 5m,Hành lý xách tay 7 kg,Hành lý 0 kg,2025-04-16,PQC
2260,PQC0042,VietJet Air,1.952.405 VND/khách,09:20,2025-05-02,10:20,2025-05-02,1h 0m,Hành lý xách tay 7 kg,Hành lý 0 kg,2025-04-16,PQC
2261,PQC0182,Vietnam Airlines,2.000.250 VND/khách,05:40,2025-05-02,06:40,2025-05-02,1h 0m,Hành lý xách tay 1 x 12 kg,Hành lý 23 kg,2025-04-16,PQC
2262,PQC0226,Vietnam Airlines,2.000.250 VND/khách,10:25,2025-05-02,11:25,2025-05-02,1h 0m,Hành lý xách tay 1 x 12 kg,Hành lý 23 kg,2025-04-16,PQC
2263,PQC0248,Vietnam Airlines,2.000.250 VND/khách,13:00,2025-05-02,14:00,2025-05-02,1h 0m,Hành lý xách tay 1 x 12 kg,Hành lý 23 kg,2025-04-16,PQC
2264,PQC0305,Vietnam Airlines,2.000.250 VND/khách,20:20,2025-05-02,21:20,2025-05-02,1h 0m,Hành lý xách tay 1 x 12 kg,Hành lý 23 kg,2025-04-16,PQC
2265,PQC0269,Vietnam Airlines,2.000.250 VND/khách,15:05,2025-05-02,16:10,2025-05-02,1h 5m,Hành lý xách tay 1 x 12 kg,Hành lý 23 kg,2025-04-16,PQC
2268,PQC0183,Vietnam Airlines,1.493.100 VND/khách,05:40,2025-05-03,06:40,2025-05-03,1h 0m,Hành lý xách tay 1 x 12 kg,Hành lý 23 kg,2025-04-16,PQC
2269,PQC0003,Bamboo Airways,1.018.850 VND/khách,16:30,2025-05-03,17:30,2025-05-03,1h 0m,Hành lý xách tay 7 kg,Hành lý 0 kg,2025-04-16,PQC
2270,PQC0168,Vietnam Airlines,1.266.300 VND/khách,05:25,2025-05-03,06:20,2025-05-03,55m,Hành lý xách tay 1 x 12 kg,Hành lý 23 kg,2025-04-16,PQC
2271,PQC0324,Vietravel Airlines,1.426.782 VND/khách,17:25,2025-05-03,18:25,2025-05-03,1h 0m,Hành lý xách tay 7 kg,Hành lý 0 kg,2025-04-16,PQC
2272,PQC0306,Vietnam Airlines,1.594.950 VND/khách,20:20,2025-05-03,21:20,2025-05-03,1h 0m,Hành lý xách tay 1 x 12 kg,Hành lý 23 kg,2025-04-16,PQC
2273,PQC0089,VietJet Air,1.740.176 VND/khách,14:05,2025-05-03,15:05,2025-05-03,1h 0m,Hành lý xách tay 7 kg,Hành lý 0 kg,2025-04-16,PQC
2274,PQC0037,VietJet Air,1.740.176 VND/khách,08:25,2025-05-03,09:30,2025-05-03,1h 5m,Hành lý xách tay 7 kg,Hành lý 0 kg,2025-04-16,PQC
2275,PQC0204,Vietnam Airlines,1.787.100 VND/khách,08:10,2025-05-03,08:55,2025-05-03,45m,Hành lý xách tay 1 x 12 kg,Hành lý 23 kg,2025-04-16,PQC
2276,PQC0270,Vietnam Airlines,1.787.100 VND/khách,15:05,2025-05-03,16:10,2025-05-03,1h 5m,Hành lý xách tay 1 x 12 kg,Hành lý 23 kg,2025-04-16,PQC
2277,PQC0043,VietJet Air,1.858.231 VND/khách,09:20,2025-05-03,10:20,2025-05-03,1h 0m,Hành lý xách tay 7 kg,Hành lý 0 kg,2025-04-16,PQC
2278,PQC0067,VietJet Air,1.858.231 VND/khách,11:35,2025-05-03,12:35,2025-05-03,1h 0m,Hành lý xách tay 7 kg,Hành lý 0 kg,2025-04-16,PQC
2279,PQC0110,VietJet Air,1.858.231 VND/khách,15:40,2025-05-03,16:40,2025-05-03,1h 0m,Hành lý xách tay 7 kg,Hành lý 0 kg,2025-04-16,PQC
2280,PQC0252,Vietnam Airlines,1.935.150 VND/khách,13:05,2025-05-03,14:00,2025-05-03,55m,Hành lý xách tay 1 x 12 kg,Hành lý 23 kg,2025-04-16,PQC
2281,PQC0227,Vietnam Airlines,1.935.150 VND/khách,10:25,2025-05-03,11:25,2025-05-03,1h 0m,Hành lý xách tay 1 x 12 kg,Hành lý 23 kg,2025-04-16,PQC
2282,PQC0018,VietJet Air,1.946.434 VND/khách,05:55,2025-05-03,06:55,2025-05-03,1h 0m,Hành lý xách tay 7 kg,Hành lý 0 kg,2025-04-16,PQC
2283,PQC0133,VietJet Air,1.946.434 VND/khách,17:10,2025-05-03,18:15,2025-05-03,1h 5m,Hành lý xách tay 7 kg,Hành lý 0 kg,2025-04-16,PQC
2286,PQC0184,Vietnam Airlines,1.266.300 VND/khách,05:40,2025-05-04,06:40,2025-05-04,1h 0m,Hành lý xách tay 1 x 12 kg,Hành lý 23 kg,2025-04-16,PQC
2287,PQC0325,Vietravel Airlines,837.102 VND/khách,17:25,2025-05-04,18:25,2025-05-04,1h 0m,Hành lý xách tay 7 kg,Hành lý 0 kg,2025-04-16,PQC
2288,PQC0134,VietJet Air,839.148 VND/khách,17:10,2025-05-04,18:15,2025-05-04,1h 5m,Hành lý xách tay 7 kg,Hành lý 0 kg,2025-04-16,PQC
2289,PQC0004,Bamboo Airways,874.325 VND/khách,16:30,2025-05-04,17:30,2025-05-04,1h 0m,Hành lý xách tay 7 kg,Hành lý 0 kg,2025-04-16,PQC
2290,PQC0111,VietJet Air,1.069.019 VND/khách,15:40,2025-05-04,16:40,2025-05-04,1h 0m,Hành lý xách tay 7 kg,Hành lý 0 kg,2025-04-16,PQC
2291,PQC0169,Vietnam Airlines,1.084.650 VND/khách,05:25,2025-05-04,06:20,2025-05-04,55m,Hành lý xách tay 1 x 12 kg,Hành lý 23 kg,2025-04-16,PQC
2292,PQC0068,VietJet Air,1.180.561 VND/khách,11:35,2025-05-04,12:35,2025-05-04,1h 0m,Hành lý xách tay 7 kg,Hành lý 0 kg,2025-04-16,PQC
2293,PQC0090,VietJet Air,1.180.561 VND/khách,14:05,2025-05-04,15:05,2025-05-04,1h 0m,Hành lý xách tay 7 kg,Hành lý 0 kg,2025-04-16,PQC
2294,PQC0184,Vietnam Airlines,1.266.300 VND/khách,05:40,2025-05-04,06:40,2025-05-04,1h 0m,Hành lý xách tay 1 x 12 kg,Hành lý 23 kg,2025-04-16,PQC
2295,PQC0307,Vietnam Airlines,1.266.300 VND/khách,20:20,2025-05-04,21:20,2025-05-04,1h 0m,Hành lý xách tay 1 x 12 kg,Hành lý 23 kg,2025-04-16,PQC
2296,PQC0044,VietJet Air,1.327.929 VND/khách,09:20,2025-05-04,10:20,2025-05-04,1h 0m,Hành lý xách tay 7 kg,Hành lý 0 kg,2025-04-16,PQC
2297,PQC0271,Vietnam Airlines,1.379.700 VND/khách,15:05,2025-05-04,16:10,2025-05-04,1h 5m,Hành lý xách tay 1 x 12 kg,Hành lý 23 kg,2025-04-16,PQC
2298,PQC0205,Vietnam Airlines,1.493.100 VND/khách,08:10,2025-05-04,08:55,2025-05-04,45m,Hành lý xách tay 1 x 12 kg,Hành lý 23 kg,2025-04-16,PQC
2299,PQC0253,Vietnam Airlines,1.594.950 VND/khách,13:05,2025-05-04,14:00,2025-05-04,55m,Hành lý xách tay 1 x 12 kg,Hành lý 23 kg,2025-04-16,PQC
2300,PQC0228,Vietnam Airlines,1.594.950 VND/khách,10:25,2025-05-04,11:25,2025-05-04,1h 0m,Hành lý xách tay 1 x 12 kg,Hành lý 23 kg,2025-04-16,PQC
2301,PQC0019,VietJet Air,1.946.434 VND/khách,05:55,2025-05-04,06:55,2025-05-04,1h 0m,Hành lý xách tay 7 kg,Hành lý 0 kg,2025-04-16,PQC
2304,PQC0185,Vietnam Airlines,1.379.700 VND/khách,05:40,2025-05-05,06:40,2025-05-05,1h 0m,Hành lý xách tay 1 x 12 kg,Hành lý 23 kg,2025-04-16,PQC
2305,PQC0326,Vietravel Airlines,769.062 VND/khách,17:25,2025-05-05,18:25,2025-05-05,1h 0m,Hành lý xách tay 7 kg,Hành lý 0 kg,2025-04-16,PQC
2306,PQC0170,Vietnam Airlines,823.200 VND/khách,05:25,2025-05-05,06:20,2025-05-05,55m,Hành lý xách tay 1 x 12 kg,Hành lý 0 kg,2025-04-16,PQC
2307,PQC0112,VietJet Air,839.148 VND/khách,15:40,2025-05-05,16:40,2025-05-05,1h 0m,Hành lý xách tay 7 kg,Hành lý 0 kg,2025-04-16,PQC
2308,PQC0005,Bamboo Airways,874.325 VND/khách,16:30,2025-05-05,17:30,2025-05-05,1h 0m,Hành lý xách tay 7 kg,Hành lý 0 kg,2025-04-16,PQC
2309,PQC0069,VietJet Air,1.180.561 VND/khách,11:35,2025-05-05,12:35,2025-05-05,1h 0m,Hành lý xách tay 7 kg,Hành lý 0 kg,2025-04-16,PQC
2310,PQC0091,VietJet Air,1.180.561 VND/khách,14:05,2025-05-05,15:05,2025-05-05,1h 0m,Hành lý xách tay 7 kg,Hành lý 0 kg,2025-04-16,PQC
2311,PQC0045,VietJet Air,1.327.929 VND/khách,09:20,2025-05-05,10:20,2025-05-05,1h 0m,Hành lý xách tay 7 kg,Hành lý 0 kg,2025-04-16,PQC
2312,PQC0185,Vietnam Airlines,1.379.700 VND/khách,05:40,2025-05-05,06:40,2025-05-05,1h 0m,Hành lý xách tay 1 x 12 kg,Hành lý 23 kg,2025-04-16,PQC
2313,PQC0308,Vietnam Airlines,1.379.700 VND/khách,20:20,2025-05-05,21:20,2025-05-05,1h 0m,Hành lý xách tay 1 x 12 kg,Hành lý 23 kg,2025-04-16,PQC
2314,PQC0254,Vietnam Airlines,1.493.100 VND/khách,13:05,2025-05-05,14:00,2025-05-05,55m,Hành lý xách tay 1 x 12 kg,Hành lý 23 kg,2025-04-16,PQC
2315,PQC0272,Vietnam Airlines,1.493.100 VND/khách,15:05,2025-05-05,16:10,2025-05-05,1h 5m,Hành lý xách tay 1 x 12 kg,Hành lý 23 kg,2025-04-16,PQC
2316,PQC0206,Vietnam Airlines,1.696.800 VND/khách,08:10,2025-05-05,08:55,2025-05-05,45m,Hành lý xách tay 1 x 12 kg,Hành lý 23 kg,2025-04-16,PQC
2317,PQC0229,Vietnam Airlines,1.787.100 VND/khách,10:25,2025-05-05,11:25,2025-05-05,1h 0m,Hành lý xách tay 1 x 12 kg,Hành lý 23 kg,2025-04-16,PQC
2318,PQC0020,VietJet Air,1.946.434 VND/khách,05:55,2025-05-05,06:55,2025-05-05,1h 0m,Hành lý xách tay 7 kg,Hành lý 0 kg,2025-04-16,PQC
2319,PQC0135,VietJet Air,1.946.434 VND/khách,17:10,2025-05-05,18:15,2025-05-05,1h 5m,Hành lý xách tay 7 kg,Hành lý 0 kg,2025-04-16,PQC
2322,PQC0186,Vietnam Airlines,1.379.700 VND/khách,05:40,2025-05-06,06:40,2025-05-06,1h 0m,Hành lý xách tay 1 x 12 kg,Hành lý 23 kg,2025-04-16,PQC
2323,PQC0327,Vietravel Airlines,769.062 VND/khách,17:25,2025-05-06,18:25,2025-05-06,1h 0m,Hành lý xách tay 7 kg,Hành lý 0 kg,2025-04-16,PQC
2324,PQC0113,VietJet Air,839.148 VND/khách,15:40,2025-05-06,16:40,2025-05-06,1h 0m,Hành lý xách tay 7 kg,Hành lý 0 kg,2025-04-16,PQC
2325,PQC0046,VietJet Air,1.180.561 VND/khách,09:20,2025-05-06,10:20,2025-05-06,1h 0m,Hành lý xách tay 7 kg,Hành lý 0 kg,2025-04-16,PQC
2326,PQC0070,VietJet Air,1.180.561 VND/khách,11:35,2025-05-06,12:35,2025-05-06,1h 0m,Hành lý xách tay 7 kg,Hành lý 0 kg,2025-04-16,PQC
2327,PQC0092,VietJet Air,1.180.561 VND/khách,14:05,2025-05-06,15:05,2025-05-06,1h 0m,Hành lý xách tay 7 kg,Hành lý 0 kg,2025-04-16,PQC
2328,PQC0207,Vietnam Airlines,1.594.950 VND/khách,08:10,2025-05-06,08:55,2025-05-06,45m,Hành lý xách tay 1 x 12 kg,Hành lý 23 kg,2025-04-16,PQC
2329,PQC0255,Vietnam Airlines,1.594.950 VND/khách,13:05,2025-05-06,14:00,2025-05-06,55m,Hành lý xách tay 1 x 12 kg,Hành lý 23 kg,2025-04-16,PQC
2330,PQC0273,Vietnam Airlines,1.594.950 VND/khách,15:05,2025-05-06,16:10,2025-05-06,1h 5m,Hành lý xách tay 1 x 12 kg,Hành lý 23 kg,2025-04-16,PQC
2331,PQC0230,Vietnam Airlines,1.787.100 VND/khách,10:25,2025-05-06,11:25,2025-05-06,1h 0m,Hành lý xách tay 1 x 12 kg,Hành lý 23 kg,2025-04-16,PQC
2332,PQC0021,VietJet Air,1.946.434 VND/khách,05:55,2025-05-06,06:55,2025-05-06,1h 0m,Hành lý xách tay 7 kg,Hành lý 0 kg,2025-04-16,PQC
2333,PQC0136,VietJet Air,1.946.434 VND/khách,17:10,2025-05-06,18:15,2025-05-06,1h 5m,Hành lý xách tay 7 kg,Hành lý 0 kg,2025-04-16,PQC
2336,PQC0192,Vietnam Airlines,1.273.725 VND/khách,05:40,2025-04-21,06:40,2025-04-21,1h 0m,Hành lý xách tay 1 x 12 kg,Hành lý 23 kg,2025-04-16,PQC
2337,PQC0333,Vietravel Airlines,759.098 VND/khách,17:25,2025-04-21,18:25,2025-04-21,1h 0m,Hành lý xách tay 7 kg,Hành lý 0 kg,2025-04-16,PQC
2338,PQC0009,Bamboo Airways,869.953 VND/khách,16:30,2025-04-21,17:30,2025-04-21,1h 0m,Hành lý xách tay 7 kg,Hành lý 0 kg,2025-04-16,PQC
2339,PQC0142,VietJet Air,1.049.000 VND/khách,17:10,2025-04-21,18:15,2025-04-21,1h 5m,Hành lý xách tay 7 kg,Hành lý 0 kg,2025-04-16,PQC
2340,PQC0119,VietJet Air,1.053.000 VND/khách,15:40,2025-04-21,16:40,2025-04-21,1h 0m,Hành lý xách tay 7 kg,Hành lý 0 kg,2025-04-16,PQC
2341,PQC0027,VietJet Air,1.167.000 VND/khách,05:55,2025-04-21,06:55,2025-04-21,1h 0m,Hành lý xách tay 7 kg,Hành lý 0 kg,2025-04-16,PQC
2342,PQC0076,VietJet Air,1.301.000 VND/khách,11:35,2025-04-21,12:35,2025-04-21,1h 0m,Hành lý xách tay 7 kg,Hành lý 0 kg,2025-04-16,PQC
2343,PQC0098,VietJet Air,1.301.000 VND/khách,14:05,2025-04-21,15:05,2025-04-21,1h 0m,Hành lý xách tay 7 kg,Hành lý 0 kg,2025-04-16,PQC
2344,PQC0052,VietJet Air,1.604.000 VND/khách,09:20,2025-04-21,10:20,2025-04-21,1h 0m,Hành lý xách tay 7 kg,Hành lý 0 kg,2025-04-16,PQC
2345,PQC0213,Vietnam Airlines,1.665.333 VND/khách,08:10,2025-04-21,08:55,2025-04-21,45m,Hành lý xách tay 1 x 12 kg,Hành lý 23 kg,2025-04-16,PQC
2346,PQC0279,Vietnam Airlines,1.964.034 VND/khách,15:05,2025-04-21,16:10,2025-04-21,1h 5m,Hành lý xách tay 1 x 12 kg,Hành lý 23 kg,2025-04-16,PQC
2347,PQC0236,Vietnam Airlines,1.983.015 VND/khách,10:25,2025-04-21,11:25,2025-04-21,1h 0m,Hành lý xách tay 1 x 12 kg,Hành lý 23 kg,2025-04-16,PQC
2348,PQC0260,Vietnam Airlines,1.986.012 VND/khách,13:05,2025-04-21,14:00,2025-04-21,55m,Hành lý xách tay 1 x 12 kg,Hành lý 23 kg,2025-04-16,PQC
2351,PQC0193,Vietnam Airlines,1.243.755 VND/khách,05:40,2025-04-22,06:40,2025-04-22,1h 0m,Hành lý xách tay 1 x 12 kg,Hành lý 23 kg,2025-04-16,PQC
2352,PQC0334,Vietravel Airlines,759.098 VND/khách,17:25,2025-04-22,18:25,2025-04-22,1h 0m,Hành lý xách tay 7 kg,Hành lý 0 kg,2025-04-16,PQC
2353,PQC0143,VietJet Air,824.000 VND/khách,17:10,2025-04-22,18:15,2025-04-22,1h 5m,Hành lý xách tay 7 kg,Hành lý 0 kg,2025-04-16,PQC
2354,PQC0120,VietJet Air,1.053.000 VND/khách,15:40,2025-04-22,16:40,2025-04-22,1h 0m,Hành lý xách tay 7 kg,Hành lý 0 kg,2025-04-16,PQC
2355,PQC0028,VietJet Air,1.167.000 VND/khách,05:55,2025-04-22,06:55,2025-04-22,1h 0m,Hành lý xách tay 7 kg,Hành lý 0 kg,2025-04-16,PQC
2356,PQC0099,VietJet Air,1.167.000 VND/khách,14:05,2025-04-22,15:05,2025-04-22,1h 0m,Hành lý xách tay 7 kg,Hành lý 0 kg,2025-04-16,PQC
2357,PQC0053,VietJet Air,1.301.000 VND/khách,09:20,2025-04-22,10:20,2025-04-22,1h 0m,Hành lý xách tay 7 kg,Hành lý 0 kg,2025-04-16,PQC
2358,PQC0077,VietJet Air,1.301.000 VND/khách,11:35,2025-04-22,12:35,2025-04-22,1h 0m,Hành lý xách tay 7 kg,Hành lý 0 kg,2025-04-16,PQC
2359,PQC0214,Vietnam Airlines,1.594.404 VND/khách,08:10,2025-04-22,08:55,2025-04-22,45m,Hành lý xách tay 1 x 12 kg,Hành lý 23 kg,2025-04-16,PQC
2360,PQC0280,Vietnam Airlines,1.846.152 VND/khách,15:05,2025-04-22,16:10,2025-04-22,1h 5m,Hành lý xách tay 1 x 12 kg,Hành lý 23 kg,2025-04-16,PQC
2361,PQC0237,Vietnam Airlines,1.897.101 VND/khách,10:25,2025-04-22,11:25,2025-04-22,1h 0m,Hành lý xách tay 1 x 12 kg,Hành lý 23 kg,2025-04-16,PQC
2362,PQC0261,Vietnam Airlines,1.931.067 VND/khách,13:05,2025-04-22,14:00,2025-04-22,55m,Hành lý xách tay 1 x 12 kg,Hành lý 23 kg,2025-04-16,PQC
2365,PQC0194,Vietnam Airlines,1.143.855 VND/khách,05:40,2025-04-23,06:40,2025-04-23,1h 0m,Hành lý xách tay 1 x 12 kg,Hành lý 23 kg,2025-04-16,PQC
2366,PQC0335,Vietravel Airlines,759.098 VND/khách,17:25,2025-04-23,18:25,2025-04-23,1h 0m,Hành lý xách tay 7 kg,Hành lý 0 kg,2025-04-16,PQC
2367,PQC0157,VietJet Air,824.000 VND/khách,17:40,2025-04-23,18:40,2025-04-23,1h 0m,Hành lý xách tay 7 kg,Hành lý 0 kg,2025-04-16,PQC
2368,PQC0010,Bamboo Airways,869.953 VND/khách,16:30,2025-04-23,17:30,2025-04-23,1h 0m,Hành lý xách tay 7 kg,Hành lý 0 kg,2025-04-16,PQC
2369,PQC0173,Vietnam Airlines,959.040 VND/khách,05:25,2025-04-23,06:20,2025-04-23,55m,Hành lý xách tay 1 x 12 kg,Hành lý 0 kg,2025-04-16,PQC
2370,PQC0129,VietJet Air,1.053.000 VND/khách,16:25,2025-04-23,17:25,2025-04-23,1h 0m,Hành lý xách tay 7 kg,Hành lý 0 kg,2025-04-16,PQC
2371,PQC0029,VietJet Air,1.129.000 VND/khách,05:55,2025-04-23,06:55,2025-04-23,1h 0m,Hành lý xách tay 7 kg,Hành lý 0 kg,2025-04-16,PQC
2372,PQC0100,VietJet Air,1.167.000 VND/khách,14:05,2025-04-23,15:05,2025-04-23,1h 0m,Hành lý xách tay 7 kg,Hành lý 0 kg,2025-04-16,PQC
2373,PQC0054,VietJet Air,1.301.000 VND/khách,09:20,2025-04-23,10:20,2025-04-23,1h 0m,Hành lý xách tay 7 kg,Hành lý 0 kg,2025-04-16,PQC
2374,PQC0078,VietJet Air,1.301.000 VND/khách,11:35,2025-04-23,12:35,2025-04-23,1h 0m,Hành lý xách tay 7 kg,Hành lý 0 kg,2025-04-16,PQC
2375,PQC0215,Vietnam Airlines,1.602.396 VND/khách,08:10,2025-04-23,08:55,2025-04-23,45m,Hành lý xách tay 1 x 12 kg,Hành lý 23 kg,2025-04-16,PQC
2376,PQC0238,Vietnam Airlines,1.687.311 VND/khách,10:25,2025-04-23,11:25,2025-04-23,1h 0m,Hành lý xách tay 1 x 12 kg,Hành lý 23 kg,2025-04-16,PQC
2377,PQC0281,Vietnam Airlines,1.742.256 VND/khách,15:05,2025-04-23,16:10,2025-04-23,1h 5m,Hành lý xách tay 1 x 12 kg,Hành lý 23 kg,2025-04-16,PQC
2378,PQC0262,Vietnam Airlines,1.853.145 VND/khách,13:05,2025-04-23,14:00,2025-04-23,55m,Hành lý xách tay 1 x 12 kg,Hành lý 23 kg,2025-04-16,PQC
2381,PQC0195,Vietnam Airlines,1.239.759 VND/khách,05:40,2025-04-24,06:40,2025-04-24,1h 0m,Hành lý xách tay 1 x 12 kg,Hành lý 23 kg,2025-04-16,PQC
2382,PQC0336,Vietravel Airlines,1.142.138 VND/khách,17:25,2025-04-24,18:25,2025-04-24,1h 0m,Hành lý xách tay 7 kg,Hành lý 0 kg,2025-04-16,PQC
2383,PQC0030,VietJet Air,1.171.000 VND/khách,05:55,2025-04-24,06:55,2025-04-24,1h 0m,Hành lý xách tay 7 kg,Hành lý 0 kg,2025-04-16,PQC
2384,PQC0174,Vietnam Airlines,1.258.740 VND/khách,05:25,2025-04-24,06:20,2025-04-24,55m,Hành lý xách tay 1 x 12 kg,Hành lý 23 kg,2025-04-16,PQC
2385,PQC0079,VietJet Air,1.301.000 VND/khách,11:35,2025-04-24,12:35,2025-04-24,1h 0m,Hành lý xách tay 7 kg,Hành lý 0 kg,2025-04-16,PQC
2386,PQC0130,VietJet Air,1.301.000 VND/khách,16:30,2025-04-24,17:30,2025-04-24,1h 0m,Hành lý xách tay 7 kg,Hành lý 0 kg,2025-04-16,PQC
2387,PQC0158,VietJet Air,1.301.000 VND/khách,17:40,2025-04-24,18:45,2025-04-24,1h 5m,Hành lý xách tay 7 kg,Hành lý 0 kg,2025-04-16,PQC
2388,PQC0101,VietJet Air,1.434.000 VND/khách,14:05,2025-04-24,15:05,2025-04-24,1h 0m,Hành lý xách tay 7 kg,Hành lý 0 kg,2025-04-16,PQC
2389,PQC0039,VietJet Air,1.434.000 VND/khách,08:25,2025-04-24,09:30,2025-04-24,1h 5m,Hành lý xách tay 7 kg,Hành lý 0 kg,2025-04-16,PQC
2390,PQC0282,Vietnam Airlines,1.775.223 VND/khách,15:05,2025-04-24,16:10,2025-04-24,1h 5m,Hành lý xách tay 1 x 12 kg,Hành lý 23 kg,2025-04-16,PQC
2391,PQC0217,Vietnam Airlines,1.872.126 VND/khách,08:10,2025-04-24,08:55,2025-04-24,45m,Hành lý xách tay 1 x 12 kg,Hành lý 23 kg,2025-04-16,PQC
2392,PQC0263,Vietnam Airlines,1.927.071 VND/khách,13:05,2025-04-24,14:00,2025-04-24,55m,Hành lý xách tay 1 x 12 kg,Hành lý 23 kg,2025-04-16,PQC
2393,PQC0239,Vietnam Airlines,1.979.019 VND/khách,10:25,2025-04-24,11:25,2025-04-24,1h 0m,Hành lý xách tay 1 x 12 kg,Hành lý 23 kg,2025-04-16,PQC
2399,PQC0196,Vietnam Airlines,1.587.411 VND/khách,05:40,2025-04-25,06:40,2025-04-25,1h 0m,Hành lý xách tay 1 x 12 kg,Hành lý 23 kg,2025-04-16,PQC
2400,PQC0337,Vietravel Airlines,1.142.138 VND/khách,17:25,2025-04-25,18:25,2025-04-25,1h 0m,Hành lý xách tay 7 kg,Hành lý 0 kg,2025-04-16,PQC
2401,PQC0011,Bamboo Airways,1.245.267 VND/khách,16:30,2025-04-25,17:30,2025-04-25,1h 0m,Hành lý xách tay 7 kg,Hành lý 0 kg,2025-04-16,PQC
2402,PQC0031,VietJet Air,1.301.000 VND/khách,05:55,2025-04-25,06:55,2025-04-25,1h 0m,Hành lý xách tay 7 kg,Hành lý 0 kg,2025-04-16,PQC
2403,PQC0056,VietJet Air,1.301.000 VND/khách,09:20,2025-04-25,10:20,2025-04-25,1h 0m,Hành lý xách tay 7 kg,Hành lý 0 kg,2025-04-16,PQC
2404,PQC0123,VietJet Air,1.301.000 VND/khách,15:40,2025-04-25,16:40,2025-04-25,1h 0m,Hành lý xách tay 7 kg,Hành lý 0 kg,2025-04-16,PQC
2405,PQC0146,VietJet Air,1.301.000 VND/khách,17:10,2025-04-25,18:15,2025-04-25,1h 5m,Hành lý xách tay 7 kg,Hành lý 0 kg,2025-04-16,PQC
2406,PQC0175,Vietnam Airlines,1.373.625 VND/khách,05:25,2025-04-25,06:20,2025-04-25,55m,Hành lý xách tay 1 x 12 kg,Hành lý 23 kg,2025-04-16,PQC
2407,PQC0196,Vietnam Airlines,1.587.411 VND/khách,05:40,2025-04-25,06:40,2025-04-25,1h 0m,Hành lý xách tay 1 x 12 kg,Hành lý 23 kg,2025-04-16,PQC
2408,PQC0102,VietJet Air,1.604.000 VND/khách,14:05,2025-04-25,15:05,2025-04-25,1h 0m,Hành lý xách tay 7 kg,Hành lý 0 kg,2025-04-16,PQC
2409,PQC0296,Vietnam Airlines,1.690.308 VND/khách,17:25,2025-04-25,18:25,2025-04-25,1h 0m,Hành lý xách tay 1 x 12 kg,Hành lý 23 kg,2025-04-16,PQC
2410,PQC0311,Vietnam Airlines,1.775.223 VND/khách,20:20,2025-04-25,21:20,2025-04-25,1h 0m,Hành lý xách tay 1 x 12 kg,Hành lý 23 kg,2025-04-16,PQC
2411,PQC0080,VietJet Air,1.829.000 VND/khách,11:35,2025-04-25,12:35,2025-04-25,1h 0m,Hành lý xách tay 7 kg,Hành lý 0 kg,2025-04-16,PQC
2412,PQC0240,Vietnam Airlines,1.990.008 VND/khách,10:25,2025-04-25,11:25,2025-04-25,1h 0m,Hành lý xách tay 1 x 12 kg,Hành lý 23 kg,2025-04-16,PQC
2413,PQC0250,Vietnam Airlines,1.990.008 VND/khách,13:00,2025-04-25,14:00,2025-04-25,1h 0m,Hành lý xách tay 1 x 12 kg,Hành lý 23 kg,2025-04-16,PQC
2414,PQC0218,Vietnam Airlines,1.994.004 VND/khách,08:10,2025-04-25,08:55,2025-04-25,45m,Hành lý xách tay 1 x 12 kg,Hành lý 23 kg,2025-04-16,PQC
2415,PQC0283,Vietnam Airlines,2.000.997 VND/khách,15:05,2025-04-25,16:10,2025-04-25,1h 5m,Hành lý xách tay 1 x 12 kg,Hành lý 23 kg,2025-04-16,PQC
2418,PQC0197,Vietnam Airlines,1.246.906 VND/khách,05:40,2025-04-26,06:40,2025-04-26,1h 0m,Hành lý xách tay 1 x 12 kg,Hành lý 23 kg,2025-04-16,PQC
2419,PQC0338,Vietravel Airlines,1.219.943 VND/khách,17:25,2025-04-26,18:25,2025-04-26,1h 0m,Hành lý xách tay 7 kg,Hành lý 0 kg,2025-04-16,PQC
2420,PQC0176,Vietnam Airlines,1.358.570 VND/khách,05:25,2025-04-26,06:20,2025-04-26,55m,Hành lý xách tay 1 x 12 kg,Hành lý 23 kg,2025-04-16,PQC
2421,PQC0297,Vietnam Airlines,1.570.524 VND/khách,17:25,2025-04-26,18:25,2025-04-26,1h 0m,Hành lý xách tay 1 x 12 kg,Hành lý 23 kg,2025-04-16,PQC
2422,PQC0032,VietJet Air,1.596.000 VND/khách,05:55,2025-04-26,06:55,2025-04-26,1h 0m,Hành lý xách tay 7 kg,Hành lý 0 kg,2025-04-16,PQC
2423,PQC0147,VietJet Air,1.596.000 VND/khách,17:10,2025-04-26,18:15,2025-04-26,1h 5m,Hành lý xách tay 7 kg,Hành lý 0 kg,2025-04-16,PQC
2424,PQC0103,VietJet Air,1.715.000 VND/khách,14:05,2025-04-26,15:05,2025-04-26,1h 0m,Hành lý xách tay 7 kg,Hành lý 0 kg,2025-04-16,PQC
2425,PQC0312,Vietnam Airlines,1.759.731 VND/khách,20:20,2025-04-26,21:20,2025-04-26,1h 0m,Hành lý xách tay 1 x 12 kg,Hành lý 23 kg,2025-04-16,PQC
2426,PQC0124,VietJet Air,1.803.000 VND/khách,15:40,2025-04-26,16:40,2025-04-26,1h 0m,Hành lý xách tay 7 kg,Hành lý 0 kg,2025-04-16,PQC
2427,PQC0057,VietJet Air,1.829.000 VND/khách,09:20,2025-04-26,10:20,2025-04-26,1h 0m,Hành lý xách tay 7 kg,Hành lý 0 kg,2025-04-16,PQC
2428,PQC0081,VietJet Air,1.829.000 VND/khách,11:35,2025-04-26,12:35,2025-04-26,1h 0m,Hành lý xách tay 7 kg,Hành lý 0 kg,2025-04-16,PQC
2429,PQC0219,Vietnam Airlines,1.849.682 VND/khách,08:10,2025-04-26,08:55,2025-04-26,45m,Hành lý xách tay 1 x 12 kg,Hành lý 23 kg,2025-04-16,PQC
2430,PQC0284,Vietnam Airlines,1.849.682 VND/khách,15:05,2025-04-26,16:10,2025-04-26,1h 5m,Hành lý xách tay 1 x 12 kg,Hành lý 23 kg,2025-04-16,PQC
2431,PQC0241,Vietnam Airlines,1.969.616 VND/khách,10:25,2025-04-26,11:25,2025-04-26,1h 0m,Hành lý xách tay 1 x 12 kg,Hành lý 23 kg,2025-04-16,PQC
2434,PQC0198,Vietnam Airlines,1.266.300 VND/khách,05:40,2025-04-27,06:40,2025-04-27,1h 0m,Hành lý xách tay 1 x 12 kg,Hành lý 23 kg,2025-04-16,PQC
2435,PQC0012,Bamboo Airways,1.043.700 VND/khách,16:30,2025-04-27,17:30,2025-04-27,1h 0m,Hành lý xách tay 7 kg,Hành lý 0 kg,2025-04-16,PQC
2436,PQC0177,Vietnam Airlines,1.152.900 VND/khách,05:25,2025-04-27,06:20,2025-04-27,55m,Hành lý xách tay 1 x 12 kg,Hành lý 23 kg,2025-04-16,PQC
2437,PQC0339,Vietravel Airlines,1.165.962 VND/khách,17:25,2025-04-27,18:25,2025-04-27,1h 0m,Hành lý xách tay 7 kg,Hành lý 0 kg,2025-04-16,PQC
2438,PQC0302,Vietnam Airlines,1.379.700 VND/khách,19:20,2025-04-27,20:20,2025-04-27,1h 0m,Hành lý xách tay 1 x 12 kg,Hành lý 23 kg,2025-04-16,PQC
2439,PQC0313,Vietnam Airlines,1.493.100 VND/khách,20:20,2025-04-27,21:20,2025-04-27,1h 0m,Hành lý xách tay 1 x 12 kg,Hành lý 23 kg,2025-04-16,PQC
2440,PQC0242,Vietnam Airlines,1.594.950 VND/khách,10:25,2025-04-27,11:25,2025-04-27,1h 0m,Hành lý xách tay 1 x 12 kg,Hành lý 23 kg,2025-04-16,PQC
2441,PQC0033,VietJet Air,1.622.391 VND/khách,05:55,2025-04-27,06:55,2025-04-27,1h 0m,Hành lý xách tay 7 kg,Hành lý 0 kg,2025-04-16,PQC
2442,PQC0104,VietJet Air,1.622.391 VND/khách,14:05,2025-04-27,15:05,2025-04-27,1h 0m,Hành lý xách tay 7 kg,Hành lý 0 kg,2025-04-16,PQC
2443,PQC0125,VietJet Air,1.622.391 VND/khách,15:40,2025-04-27,16:40,2025-04-27,1h 0m,Hành lý xách tay 7 kg,Hành lý 0 kg,2025-04-16,PQC
2444,PQC0148,VietJet Air,1.622.391 VND/khách,17:10,2025-04-27,18:15,2025-04-27,1h 5m,Hành lý xách tay 7 kg,Hành lý 0 kg,2025-04-16,PQC
2445,PQC0285,Vietnam Airlines,1.696.800 VND/khách,15:05,2025-04-27,16:10,2025-04-27,1h 5m,Hành lý xách tay 1 x 12 kg,Hành lý 23 kg,2025-04-16,PQC
2446,PQC0082,VietJet Air,1.828.650 VND/khách,11:35,2025-04-27,12:35,2025-04-27,1h 0m,Hành lý xách tay 7 kg,Hành lý 0 kg,2025-04-16,PQC
2447,PQC0058,VietJet Air,1.858.231 VND/khách,09:20,2025-04-27,10:20,2025-04-27,1h 0m,Hành lý xách tay 7 kg,Hành lý 0 kg,2025-04-16,PQC
2448,PQC0220,Vietnam Airlines,1.935.150 VND/khách,08:10,2025-04-27,08:55,2025-04-27,45m,Hành lý xách tay 1 x 12 kg,Hành lý 23 kg,2025-04-16,PQC
2449,PQC0265,Vietnam Airlines,1.935.150 VND/khách,13:05,2025-04-27,14:00,2025-04-27,55m,Hành lý xách tay 1 x 12 kg,Hành lý 23 kg,2025-04-16,PQC
2452,PQC0199,Vietnam Airlines,1.152.900 VND/khách,05:40,2025-04-28,06:40,2025-04-28,1h 0m,Hành lý xách tay 1 x 12 kg,Hành lý 23 kg,2025-04-16,PQC
2453,PQC0013,Bamboo Airways,1.043.700 VND/khách,16:30,2025-04-28,17:30,2025-04-28,1h 0m,Hành lý xách tay 7 kg,Hành lý 0 kg,2025-04-16,PQC
2454,PQC0178,Vietnam Airlines,1.152.900 VND/khách,05:25,2025-04-28,06:20,2025-04-28,55m,Hành lý xách tay 1 x 12 kg,Hành lý 23 kg,2025-04-16,PQC
2455,PQC0340,Vietravel Airlines,1.165.962 VND/khách,17:25,2025-04-28,18:25,2025-04-28,1h 0m,Hành lý xách tay 7 kg,Hành lý 0 kg,2025-04-16,PQC
2456,PQC0034,VietJet Air,1.445.443 VND/khách,05:55,2025-04-28,06:55,2025-04-28,1h 0m,Hành lý xách tay 7 kg,Hành lý 0 kg,2025-04-16,PQC
2457,PQC0298,Vietnam Airlines,1.493.100 VND/khách,17:25,2025-04-28,18:25,2025-04-28,1h 0m,Hành lý xách tay 1 x 12 kg,Hành lý 23 kg,2025-04-16,PQC
2458,PQC0221,Vietnam Airlines,1.594.950 VND/khách,08:10,2025-04-28,08:55,2025-04-28,45m,Hành lý xách tay 1 x 12 kg,Hành lý 23 kg,2025-04-16,PQC
2459,PQC0314,Vietnam Airlines,1.594.950 VND/khách,20:20,2025-04-28,21:20,2025-04-28,1h 0m,Hành lý xách tay 1 x 12 kg,Hành lý 23 kg,2025-04-16,PQC
2460,PQC0149,VietJet Air,1.622.391 VND/khách,17:10,2025-04-28,18:15,2025-04-28,1h 5m,Hành lý xách tay 7 kg,Hành lý 0 kg,2025-04-16,PQC
2461,PQC0105,VietJet Air,1.740.176 VND/khách,14:05,2025-04-28,15:05,2025-04-28,1h 0m,Hành lý xách tay 7 kg,Hành lý 0 kg,2025-04-16,PQC
2462,PQC0126,VietJet Air,1.740.176 VND/khách,15:40,2025-04-28,16:40,2025-04-28,1h 0m,Hành lý xách tay 7 kg,Hành lý 0 kg,2025-04-16,PQC
2463,PQC0083,VietJet Air,1.747.502 VND/khách,11:35,2025-04-28,12:35,2025-04-28,1h 0m,Hành lý xách tay 7 kg,Hành lý 0 kg,2025-04-16,PQC
2464,PQC0059,VietJet Air,1.828.650 VND/khách,09:20,2025-04-28,10:20,2025-04-28,1h 0m,Hành lý xách tay 7 kg,Hành lý 0 kg,2025-04-16,PQC
2465,PQC0243,Vietnam Airlines,1.878.450 VND/khách,10:25,2025-04-28,11:25,2025-04-28,1h 0m,Hành lý xách tay 1 x 12 kg,Hành lý 23 kg,2025-04-16,PQC
2466,PQC0286,Vietnam Airlines,1.935.150 VND/khách,15:05,2025-04-28,16:10,2025-04-28,1h 5m,Hành lý xách tay 1 x 12 kg,Hành lý 23 kg,2025-04-16,PQC
2467,PQC0266,Vietnam Airlines,2.000.250 VND/khách,13:05,2025-04-28,14:00,2025-04-28,55m,Hành lý xách tay 1 x 12 kg,Hành lý 23 kg,2025-04-16,PQC
2470,PQC0200,Vietnam Airlines,2.000.250 VND/khách,05:40,2025-04-29,06:40,2025-04-29,1h 0m,Hành lý xách tay 1 x 12 kg,Hành lý 23 kg,2025-04-16,PQC
2471,PQC0179,Vietnam Airlines,1.787.100 VND/khách,05:25,2025-04-29,06:20,2025-04-29,55m,Hành lý xách tay 1 x 12 kg,Hành lý 23 kg,2025-04-16,PQC
2472,PQC0035,VietJet Air,1.828.650 VND/khách,05:55,2025-04-29,06:55,2025-04-29,1h 0m,Hành lý xách tay 7 kg,Hành lý 0 kg,2025-04-16,PQC
2473,PQC0127,VietJet Air,1.828.650 VND/khách,15:40,2025-04-29,16:40,2025-04-29,1h 0m,Hành lý xách tay 7 kg,Hành lý 0 kg,2025-04-16,PQC
2474,PQC0040,VietJet Air,1.828.650 VND/khách,08:25,2025-04-29,09:30,2025-04-29,1h 5m,Hành lý xách tay 7 kg,Hành lý 0 kg,2025-04-16,PQC
2475,PQC0060,VietJet Air,1.858.231 VND/khách,09:20,2025-04-29,10:20,2025-04-29,1h 0m,Hành lý xách tay 7 kg,Hành lý 0 kg,2025-04-16,PQC
2476,PQC0084,VietJet Air,1.858.231 VND/khách,11:35,2025-04-29,12:35,2025-04-29,1h 0m,Hành lý xách tay 7 kg,Hành lý 0 kg,2025-04-16,PQC
2477,PQC0106,VietJet Air,1.858.231 VND/khách,14:05,2025-04-29,15:05,2025-04-29,1h 0m,Hành lý xách tay 7 kg,Hành lý 0 kg,2025-04-16,PQC
2478,PQC0341,Vietravel Airlines,1.869.042 VND/khách,17:25,2025-04-29,18:25,2025-04-29,1h 0m,Hành lý xách tay 7 kg,Hành lý 0 kg,2025-04-16,PQC
2479,PQC0200,Vietnam Airlines,2.000.250 VND/khách,05:40,2025-04-29,06:40,2025-04-29,1h 0m,Hành lý xách tay 1 x 12 kg,Hành lý 23 kg,2025-04-16,PQC
2480,PQC0299,Vietnam Airlines,2.000.250 VND/khách,17:25,2025-04-29,18:25,2025-04-29,1h 0m,Hành lý xách tay 1 x 12 kg,Hành lý 23 kg,2025-04-16,PQC
2481,PQC0321,Vietnam Airlines,2.000.250 VND/khách,21:05,2025-04-29,22:05,2025-04-29,1h 0m,Hành lý xách tay 1 x 12 kg,Hành lý 23 kg,2025-04-16,PQC
2484,PQC0300,Vietnam Airlines,2.000.250 VND/khách,17:25,2025-04-30,18:25,2025-04-30,1h 0m,Hành lý xách tay 1 x 12 kg,Hành lý 23 kg,2025-04-16,PQC
2485,PQC0085,VietJet Air,3.806.022 VND/khách,11:35,2025-04-30,12:35,2025-04-30,1h 0m,Hành lý xách tay 7 kg,Hành lý 0 kg,2025-04-16,PQC
2487,PQC0304,Vietnam Airlines,1.992.006 VND/khách,20:20,2025-05-01,21:20,2025-05-01,1h 0m,Hành lý xách tay 1 x 12 kg,Hành lý 23 kg,2025-04-17,PQC
2488,PQC0016,VietJet Air,1.903.000 VND/khách,05:55,2025-05-01,06:55,2025-05-01,1h 0m,Hành lý xách tay 7 kg,Hành lý 0 kg,2025-04-17,PQC
2489,PQC0131,VietJet Air,1.903.000 VND/khách,17:10,2025-05-01,18:15,2025-05-01,1h 5m,Hành lý xách tay 7 kg,Hành lý 0 kg,2025-04-17,PQC
2490,PQC0154,VietJet Air,1.903.000 VND/khách,17:40,2025-05-01,18:45,2025-05-01,1h 5m,Hành lý xách tay 7 kg,Hành lý 0 kg,2025-04-17,PQC
2491,PQC0322,Vietravel Airlines,1.934.464 VND/khách,17:25,2025-05-01,18:25,2025-05-01,1h 0m,Hành lý xách tay 7 kg,Hành lý 0 kg,2025-04-17,PQC
2492,PQC0001,Bamboo Airways,1.934.703 VND/khách,16:30,2025-05-01,17:30,2025-05-01,1h 0m,Hành lý xách tay 7 kg,Hành lý 20 kg,2025-04-17,PQC
2493,PQC0166,Vietnam Airlines,2.045.827 VND/khách,05:25,2025-05-01,06:20,2025-05-01,55m,Hành lý xách tay 1 x 12 kg,Hành lý 23 kg,2025-04-17,PQC
2496,PQC0305,Vietnam Airlines,1.991.007 VND/khách,20:20,2025-05-02,21:20,2025-05-02,1h 0m,Hành lý xách tay 1 x 12 kg,Hành lý 23 kg,2025-04-17,PQC
2497,PQC0167,Vietnam Airlines,1.598.400 VND/khách,05:25,2025-05-02,06:20,2025-05-02,55m,Hành lý xách tay 1 x 12 kg,Hành lý 23 kg,2025-04-17,PQC
2498,PQC0002,Bamboo Airways,1.616.425 VND/khách,16:30,2025-05-02,17:30,2025-05-02,1h 0m,Hành lý xách tay 7 kg,Hành lý 0 kg,2025-04-17,PQC
2499,PQC0323,Vietravel Airlines,1.683.351 VND/khách,17:25,2025-05-02,18:25,2025-05-02,1h 0m,Hành lý xách tay 7 kg,Hành lý 0 kg,2025-04-17,PQC
2500,PQC0017,VietJet Air,1.700.000 VND/khách,05:55,2025-05-02,06:55,2025-05-02,1h 0m,Hành lý xách tay 7 kg,Hành lý 0 kg,2025-04-17,PQC
2501,PQC0109,VietJet Air,1.700.000 VND/khách,15:40,2025-05-02,16:40,2025-05-02,1h 0m,Hành lý xách tay 7 kg,Hành lý 0 kg,2025-04-17,PQC
2502,PQC0132,VietJet Air,1.700.000 VND/khách,17:10,2025-05-02,18:15,2025-05-02,1h 5m,Hành lý xách tay 7 kg,Hành lý 0 kg,2025-04-17,PQC
2503,PQC0088,VietJet Air,1.787.000 VND/khách,14:05,2025-05-02,15:05,2025-05-02,1h 0m,Hành lý xách tay 7 kg,Hành lý 0 kg,2025-04-17,PQC
2504,PQC0042,VietJet Air,1.905.000 VND/khách,09:20,2025-05-02,10:20,2025-05-02,1h 0m,Hành lý xách tay 7 kg,Hành lý 0 kg,2025-04-17,PQC
2505,PQC0305,Vietnam Airlines,1.991.007 VND/khách,20:20,2025-05-02,21:20,2025-05-02,1h 0m,Hành lý xách tay 1 x 12 kg,Hành lý 23 kg,2025-04-17,PQC
2506,PQC0269,Vietnam Airlines,1.998.000 VND/khách,15:05,2025-05-02,16:10,2025-05-02,1h 5m,Hành lý xách tay 1 x 12 kg,Hành lý 23 kg,2025-04-17,PQC
2507,PQC0182,Vietnam Airlines,2.012.985 VND/khách,05:40,2025-05-02,06:40,2025-05-02,1h 0m,Hành lý xách tay 1 x 12 kg,Hành lý 23 kg,2025-04-17,PQC
2508,PQC0248,Vietnam Airlines,2.045.827 VND/khách,13:00,2025-05-02,14:00,2025-05-02,1h 0m,Hành lý xách tay 1 x 12 kg,Hành lý 23 kg,2025-04-17,PQC
2511,PQC0183,Vietnam Airlines,1.502.496 VND/khách,05:40,2025-05-03,06:40,2025-05-03,1h 0m,Hành lý xách tay 1 x 12 kg,Hành lý 23 kg,2025-04-17,PQC
2512,PQC0003,Bamboo Airways,1.251.525 VND/khách,16:30,2025-05-03,17:30,2025-05-03,1h 0m,Hành lý xách tay 7 kg,Hành lý 0 kg,2025-04-17,PQC
2513,PQC0168,Vietnam Airlines,1.276.722 VND/khách,05:25,2025-05-03,06:20,2025-05-03,55m,Hành lý xách tay 1 x 12 kg,Hành lý 23 kg,2025-04-17,PQC
2514,PQC0324,Vietravel Airlines,1.303.733 VND/khách,17:25,2025-05-03,18:25,2025-05-03,1h 0m,Hành lý xách tay 7 kg,Hành lý 0 kg,2025-04-17,PQC
2515,PQC0306,Vietnam Airlines,1.602.396 VND/khách,20:20,2025-05-03,21:20,2025-05-03,1h 0m,Hành lý xách tay 1 x 12 kg,Hành lý 23 kg,2025-04-17,PQC
2516,PQC0089,VietJet Air,1.698.000 VND/khách,14:05,2025-05-03,15:05,2025-05-03,1h 0m,Hành lý xách tay 7 kg,Hành lý 0 kg,2025-04-17,PQC
2517,PQC0037,VietJet Air,1.698.000 VND/khách,08:25,2025-05-03,09:30,2025-05-03,1h 5m,Hành lý xách tay 7 kg,Hành lý 0 kg,2025-04-17,PQC
2518,PQC0018,VietJet Air,1.723.000 VND/khách,05:55,2025-05-03,06:55,2025-05-03,1h 0m,Hành lý xách tay 7 kg,Hành lý 0 kg,2025-04-17,PQC
2519,PQC0204,Vietnam Airlines,1.751.247 VND/khách,08:10,2025-05-03,08:55,2025-05-03,45m,Hành lý xách tay 1 x 12 kg,Hành lý 23 kg,2025-04-17,PQC
2520,PQC0270,Vietnam Airlines,1.754.244 VND/khách,15:05,2025-05-03,16:10,2025-05-03,1h 5m,Hành lý xách tay 1 x 12 kg,Hành lý 23 kg,2025-04-17,PQC
2521,PQC0133,VietJet Air,1.786.000 VND/khách,17:10,2025-05-03,18:15,2025-05-03,1h 5m,Hành lý xách tay 7 kg,Hành lý 0 kg,2025-04-17,PQC
2522,PQC0043,VietJet Air,1.815.000 VND/khách,09:20,2025-05-03,10:20,2025-05-03,1h 0m,Hành lý xách tay 7 kg,Hành lý 0 kg,2025-04-17,PQC
2523,PQC0067,VietJet Air,1.815.000 VND/khách,11:35,2025-05-03,12:35,2025-05-03,1h 0m,Hành lý xách tay 7 kg,Hành lý 0 kg,2025-04-17,PQC
2524,PQC0110,VietJet Air,1.815.000 VND/khách,15:40,2025-05-03,16:40,2025-05-03,1h 0m,Hành lý xách tay 7 kg,Hành lý 0 kg,2025-04-17,PQC
2525,PQC0252,Vietnam Airlines,1.918.080 VND/khách,13:05,2025-05-03,14:00,2025-05-03,55m,Hành lý xách tay 1 x 12 kg,Hành lý 23 kg,2025-04-17,PQC
2526,PQC0227,Vietnam Airlines,1.925.073 VND/khách,10:25,2025-05-03,11:25,2025-05-03,1h 0m,Hành lý xách tay 1 x 12 kg,Hành lý 23 kg,2025-04-17,PQC
2529,PQC0184,Vietnam Airlines,1.254.671 VND/khách,05:40,2025-05-04,06:40,2025-05-04,1h 0m,Hành lý xách tay 1 x 12 kg,Hành lý 23 kg,2025-04-17,PQC
2530,PQC0325,Vietravel Airlines,748.125 VND/khách,17:25,2025-05-04,18:25,2025-05-04,1h 0m,Hành lý xách tay 7 kg,Hành lý 0 kg,2025-04-17,PQC
2531,PQC0134,VietJet Air,802.000 VND/khách,17:10,2025-05-04,18:15,2025-05-04,1h 5m,Hành lý xách tay 7 kg,Hành lý 0 kg,2025-04-17,PQC
2532,PQC0004,Bamboo Airways,869.953 VND/khách,16:30,2025-05-04,17:30,2025-05-04,1h 0m,Hành lý xách tay 7 kg,Hành lý 0 kg,2025-04-17,PQC
2533,PQC0019,VietJet Air,1.031.000 VND/khách,05:55,2025-05-04,06:55,2025-05-04,1h 0m,Hành lý xách tay 7 kg,Hành lý 0 kg,2025-04-17,PQC
2534,PQC0169,Vietnam Airlines,1.094.904 VND/khách,05:25,2025-05-04,06:20,2025-05-04,55m,Hành lý xách tay 1 x 12 kg,Hành lý 23 kg,2025-04-17,PQC
2535,PQC0015,VietJet Air,1.142.000 VND/khách,05:40,2025-05-04,06:40,2025-05-04,1h 0m,Hành lý xách tay 1 x 12 kg,Hành lý 23 kg,2025-04-17,PQC
2536,PQC0068,VietJet Air,1.166.000 VND/khách,11:35,2025-05-04,12:35,2025-05-04,1h 0m,Hành lý xách tay 7 kg,Hành lý 0 kg,2025-04-17,PQC
2537,PQC0184,Vietnam Airlines,1.254.671 VND/khách,05:40,2025-05-04,06:40,2025-05-04,1h 0m,Hành lý xách tay 1 x 12 kg,Hành lý 23 kg,2025-04-17,PQC
2538,PQC0307,Vietnam Airlines,1.254.744 VND/khách,20:20,2025-05-04,21:20,2025-05-04,1h 0m,Hành lý xách tay 1 x 12 kg,Hành lý 23 kg,2025-04-17,PQC
2539,PQC0044,VietJet Air,1.288.000 VND/khách,09:20,2025-05-04,10:20,2025-05-04,1h 0m,Hành lý xách tay 7 kg,Hành lý 0 kg,2025-04-17,PQC
2540,PQC0271,Vietnam Airlines,1.383.615 VND/khách,15:05,2025-05-04,16:10,2025-05-04,1h 5m,Hành lý xách tay 1 x 12 kg,Hành lý 23 kg,2025-04-17,PQC
2541,PQC0205,Vietnam Airlines,1.495.503 VND/khách,08:10,2025-05-04,08:55,2025-05-04,45m,Hành lý xách tay 1 x 12 kg,Hành lý 23 kg,2025-04-17,PQC
2542,PQC0253,Vietnam Airlines,1.602.396 VND/khách,13:05,2025-05-04,14:00,2025-05-04,55m,Hành lý xách tay 1 x 12 kg,Hành lý 23 kg,2025-04-17,PQC
2543,PQC0228,Vietnam Airlines,1.602.396 VND/khách,10:25,2025-05-04,11:25,2025-05-04,1h 0m,Hành lý xách tay 1 x 12 kg,Hành lý 23 kg,2025-04-17,PQC
2544,PQC0111,VietJet Air,1.901.248 VND/khách,15:40,2025-05-04,16:40,2025-05-04,1h 0m,Hành lý xách tay 7 kg,Hành lý 0 kg,2025-04-17,PQC
2547,PQC0185,Vietnam Airlines,1.367.030 VND/khách,05:40,2025-05-05,06:40,2025-05-05,1h 0m,Hành lý xách tay 1 x 12 kg,Hành lý 23 kg,2025-04-17,PQC
2548,PQC0326,Vietravel Airlines,748.125 VND/khách,17:25,2025-05-05,18:25,2025-05-05,1h 0m,Hành lý xách tay 7 kg,Hành lý 0 kg,2025-04-17,PQC
2549,PQC0112,VietJet Air,803.000 VND/khách,15:40,2025-05-05,16:40,2025-05-05,1h 0m,Hành lý xách tay 7 kg,Hành lý 0 kg,2025-04-17,PQC
2550,PQC0135,VietJet Air,803.000 VND/khách,17:10,2025-05-05,18:15,2025-05-05,1h 5m,Hành lý xách tay 7 kg,Hành lý 0 kg,2025-04-17,PQC
2551,PQC0170,Vietnam Airlines,839.160 VND/khách,05:25,2025-05-05,06:20,2025-05-05,55m,Hành lý xách tay 1 x 12 kg,Hành lý 0 kg,2025-04-17,PQC
2552,PQC0005,Bamboo Airways,874.325 VND/khách,16:30,2025-05-05,17:30,2025-05-05,1h 0m,Hành lý xách tay 7 kg,Hành lý 0 kg,2025-04-17,PQC
2553,PQC0020,VietJet Air,1.032.000 VND/khách,05:55,2025-05-05,06:55,2025-05-05,1h 0m,Hành lý xách tay 7 kg,Hành lý 0 kg,2025-04-17,PQC
2554,PQC0069,VietJet Air,1.143.000 VND/khách,11:35,2025-05-05,12:35,2025-05-05,1h 0m,Hành lý xách tay 7 kg,Hành lý 0 kg,2025-04-17,PQC
2555,PQC0091,VietJet Air,1.143.000 VND/khách,14:05,2025-05-05,15:05,2025-05-05,1h 0m,Hành lý xách tay 7 kg,Hành lý 0 kg,2025-04-17,PQC
2556,PQC0045,VietJet Air,1.289.000 VND/khách,09:20,2025-05-05,10:20,2025-05-05,1h 0m,Hành lý xách tay 7 kg,Hành lý 0 kg,2025-04-17,PQC
2557,PQC0185,Vietnam Airlines,1.367.030 VND/khách,05:40,2025-05-05,06:40,2025-05-05,1h 0m,Hành lý xách tay 1 x 12 kg,Hành lý 23 kg,2025-04-17,PQC
2558,PQC0308,Vietnam Airlines,1.386.612 VND/khách,20:20,2025-05-05,21:20,2025-05-05,1h 0m,Hành lý xách tay 1 x 12 kg,Hành lý 23 kg,2025-04-17,PQC
2559,PQC0272,Vietnam Airlines,1.501.497 VND/khách,15:05,2025-05-05,16:10,2025-05-05,1h 5m,Hành lý xách tay 1 x 12 kg,Hành lý 23 kg,2025-04-17,PQC
2560,PQC0254,Vietnam Airlines,1.583.415 VND/khách,13:05,2025-05-05,14:00,2025-05-05,55m,Hành lý xách tay 1 x 12 kg,Hành lý 23 kg,2025-04-17,PQC
2561,PQC0206,Vietnam Airlines,1.690.308 VND/khách,08:10,2025-05-05,08:55,2025-05-05,45m,Hành lý xách tay 1 x 12 kg,Hành lý 23 kg,2025-04-17,PQC
2562,PQC0229,Vietnam Airlines,1.794.204 VND/khách,10:25,2025-05-05,11:25,2025-05-05,1h 0m,Hành lý xách tay 1 x 12 kg,Hành lý 23 kg,2025-04-17,PQC
2565,PQC0186,Vietnam Airlines,1.367.030 VND/khách,05:40,2025-05-06,06:40,2025-05-06,1h 0m,Hành lý xách tay 1 x 12 kg,Hành lý 23 kg,2025-04-17,PQC
2566,PQC0327,Vietravel Airlines,748.125 VND/khách,17:25,2025-05-06,18:25,2025-05-06,1h 0m,Hành lý xách tay 7 kg,Hành lý 0 kg,2025-04-17,PQC
2567,PQC0021,VietJet Air,803.000 VND/khách,05:55,2025-05-06,06:55,2025-05-06,1h 0m,Hành lý xách tay 7 kg,Hành lý 0 kg,2025-04-17,PQC
2568,PQC0113,VietJet Air,803.000 VND/khách,15:40,2025-05-06,16:40,2025-05-06,1h 0m,Hành lý xách tay 7 kg,Hành lý 0 kg,2025-04-17,PQC
2569,PQC0136,VietJet Air,803.000 VND/khách,17:10,2025-05-06,18:15,2025-05-06,1h 5m,Hành lý xách tay 7 kg,Hành lý 0 kg,2025-04-17,PQC
2570,PQC0046,VietJet Air,1.143.000 VND/khách,09:20,2025-05-06,10:20,2025-05-06,1h 0m,Hành lý xách tay 7 kg,Hành lý 0 kg,2025-04-17,PQC
2571,PQC0070,VietJet Air,1.143.000 VND/khách,11:35,2025-05-06,12:35,2025-05-06,1h 0m,Hành lý xách tay 7 kg,Hành lý 0 kg,2025-04-17,PQC
2572,PQC0092,VietJet Air,1.143.000 VND/khách,14:05,2025-05-06,15:05,2025-05-06,1h 0m,Hành lý xách tay 7 kg,Hành lý 0 kg,2025-04-17,PQC
2573,PQC0186,Vietnam Airlines,1.367.030 VND/khách,05:40,2025-05-06,06:40,2025-05-06,1h 0m,Hành lý xách tay 1 x 12 kg,Hành lý 23 kg,2025-04-17,PQC
2574,PQC0273,Vietnam Airlines,1.501.497 VND/khách,15:05,2025-05-06,16:10,2025-05-06,1h 5m,Hành lý xách tay 1 x 12 kg,Hành lý 23 kg,2025-04-17,PQC
2575,PQC0207,Vietnam Airlines,1.594.404 VND/khách,08:10,2025-05-06,08:55,2025-05-06,45m,Hành lý xách tay 1 x 12 kg,Hành lý 23 kg,2025-04-17,PQC
2576,PQC0255,Vietnam Airlines,1.598.400 VND/khách,13:05,2025-05-06,14:00,2025-05-06,55m,Hành lý xách tay 1 x 12 kg,Hành lý 23 kg,2025-04-17,PQC
2577,PQC0230,Vietnam Airlines,1.757.241 VND/khách,10:25,2025-05-06,11:25,2025-05-06,1h 0m,Hành lý xách tay 1 x 12 kg,Hành lý 23 kg,2025-04-17,PQC
2580,PQC0187,Vietnam Airlines,1.367.030 VND/khách,05:40,2025-05-07,06:40,2025-05-07,1h 0m,Hành lý xách tay 1 x 12 kg,Hành lý 23 kg,2025-04-17,PQC
2581,PQC0328,Vietravel Airlines,748.125 VND/khách,17:25,2025-05-07,18:25,2025-05-07,1h 0m,Hành lý xách tay 7 kg,Hành lý 0 kg,2025-04-17,PQC
2582,PQC0022,VietJet Air,802.000 VND/khách,05:55,2025-05-07,06:55,2025-05-07,1h 0m,Hành lý xách tay 7 kg,Hành lý 0 kg,2025-04-17,PQC
2583,PQC0114,VietJet Air,802.000 VND/khách,15:40,2025-05-07,16:40,2025-05-07,1h 0m,Hành lý xách tay 7 kg,Hành lý 0 kg,2025-04-17,PQC
2584,PQC0137,VietJet Air,802.000 VND/khách,17:10,2025-05-07,18:15,2025-05-07,1h 5m,Hành lý xách tay 7 kg,Hành lý 0 kg,2025-04-17,PQC
2585,PQC0047,VietJet Air,1.142.000 VND/khách,09:20,2025-05-07,10:20,2025-05-07,1h 0m,Hành lý xách tay 7 kg,Hành lý 0 kg,2025-04-17,PQC
2586,PQC0071,VietJet Air,1.142.000 VND/khách,11:35,2025-05-07,12:35,2025-05-07,1h 0m,Hành lý xách tay 7 kg,Hành lý 0 kg,2025-04-17,PQC
2587,PQC0093,VietJet Air,1.142.000 VND/khách,14:05,2025-05-07,15:05,2025-05-07,1h 0m,Hành lý xách tay 7 kg,Hành lý 0 kg,2025-04-17,PQC
2588,PQC0006,Bamboo Airways,1.167.757 VND/khách,16:30,2025-05-07,17:30,2025-05-07,1h 0m,Hành lý xách tay 7 kg,Hành lý 0 kg,2025-04-17,PQC
2589,PQC0187,Vietnam Airlines,1.367.030 VND/khách,05:40,2025-05-07,06:40,2025-05-07,1h 0m,Hành lý xách tay 1 x 12 kg,Hành lý 23 kg,2025-04-17,PQC
2590,PQC0274,Vietnam Airlines,1.602.396 VND/khách,15:05,2025-05-07,16:10,2025-05-07,1h 5m,Hành lý xách tay 1 x 12 kg,Hành lý 23 kg,2025-04-17,PQC
2591,PQC0208,Vietnam Airlines,1.676.322 VND/khách,08:10,2025-05-07,08:55,2025-05-07,45m,Hành lý xách tay 1 x 12 kg,Hành lý 23 kg,2025-04-17,PQC
2592,PQC0231,Vietnam Airlines,1.703.295 VND/khách,10:25,2025-05-07,11:25,2025-05-07,1h 0m,Hành lý xách tay 1 x 12 kg,Hành lý 23 kg,2025-04-17,PQC
2593,PQC0256,Vietnam Airlines,1.884.114 VND/khách,13:05,2025-05-07,14:00,2025-05-07,55m,Hành lý xách tay 1 x 12 kg,Hành lý 23 kg,2025-04-17,PQC
2596,PQC0192,Vietnam Airlines,1.367.030 VND/khách,05:40,2025-04-21,06:40,2025-04-21,1h 0m,Hành lý xách tay 1 x 12 kg,Hành lý 23 kg,2025-04-17,PQC
2597,PQC0009,Bamboo Airways,869.953 VND/khách,16:30,2025-04-21,17:30,2025-04-21,1h 0m,Hành lý xách tay 7 kg,Hành lý 0 kg,2025-04-17,PQC
2598,PQC0333,Vietravel Airlines,881.790 VND/khách,17:25,2025-04-21,18:25,2025-04-21,1h 0m,Hành lý xách tay 7 kg,Hành lý 0 kg,2025-04-17,PQC
2599,PQC0119,VietJet Air,1.032.000 VND/khách,15:40,2025-04-21,16:40,2025-04-21,1h 0m,Hành lý xách tay 7 kg,Hành lý 0 kg,2025-04-17,PQC
2600,PQC0142,VietJet Air,1.032.000 VND/khách,17:10,2025-04-21,18:15,2025-04-21,1h 5m,Hành lý xách tay 7 kg,Hành lý 0 kg,2025-04-17,PQC
2601,PQC0027,VietJet Air,1.143.000 VND/khách,05:55,2025-04-21,06:55,2025-04-21,1h 0m,Hành lý xách tay 7 kg,Hành lý 0 kg,2025-04-17,PQC
2602,PQC0076,VietJet Air,1.289.000 VND/khách,11:35,2025-04-21,12:35,2025-04-21,1h 0m,Hành lý xách tay 7 kg,Hành lý 0 kg,2025-04-17,PQC
2603,PQC0098,VietJet Air,1.289.000 VND/khách,14:05,2025-04-21,15:05,2025-04-21,1h 0m,Hành lý xách tay 7 kg,Hành lý 0 kg,2025-04-17,PQC
2604,PQC0192,Vietnam Airlines,1.367.030 VND/khách,05:40,2025-04-21,06:40,2025-04-21,1h 0m,Hành lý xách tay 1 x 12 kg,Hành lý 23 kg,2025-04-17,PQC
2605,PQC0052,VietJet Air,1.618.000 VND/khách,09:20,2025-04-21,10:20,2025-04-21,1h 0m,Hành lý xách tay 7 kg,Hành lý 0 kg,2025-04-17,PQC
2606,PQC0213,Vietnam Airlines,1.672.326 VND/khách,08:10,2025-04-21,08:55,2025-04-21,45m,Hành lý xách tay 1 x 12 kg,Hành lý 23 kg,2025-04-17,PQC
2607,PQC0279,Vietnam Airlines,1.972.026 VND/khách,15:05,2025-04-21,16:10,2025-04-21,1h 5m,Hành lý xách tay 1 x 12 kg,Hành lý 23 kg,2025-04-17,PQC
2608,PQC0236,Vietnam Airlines,1.991.007 VND/khách,10:25,2025-04-21,11:25,2025-04-21,1h 0m,Hành lý xách tay 1 x 12 kg,Hành lý 23 kg,2025-04-17,PQC
2609,PQC0260,Vietnam Airlines,1.995.003 VND/khách,13:05,2025-04-21,14:00,2025-04-21,55m,Hành lý xách tay 1 x 12 kg,Hành lý 23 kg,2025-04-17,PQC
2611,PQC0193,Vietnam Airlines,1.367.030 VND/khách,05:40,2025-04-22,06:40,2025-04-22,1h 0m,Hành lý xách tay 1 x 12 kg,Hành lý 23 kg,2025-04-17,PQC
2612,PQC0334,Vietravel Airlines,969.570 VND/khách,17:25,2025-04-22,18:25,2025-04-22,1h 0m,Hành lý xách tay 7 kg,Hành lý 0 kg,2025-04-17,PQC
2613,PQC0120,VietJet Air,1.032.000 VND/khách,15:40,2025-04-22,16:40,2025-04-22,1h 0m,Hành lý xách tay 7 kg,Hành lý 0 kg,2025-04-17,PQC
2614,PQC0143,VietJet Air,1.032.000 VND/khách,17:10,2025-04-22,18:15,2025-04-22,1h 5m,Hành lý xách tay 7 kg,Hành lý 0 kg,2025-04-17,PQC
2615,PQC0028,VietJet Air,1.143.000 VND/khách,05:55,2025-04-22,06:55,2025-04-22,1h 0m,Hành lý xách tay 7 kg,Hành lý 0 kg,2025-04-17,PQC
2616,PQC0053,VietJet Air,1.289.000 VND/khách,09:20,2025-04-22,10:20,2025-04-22,1h 0m,Hành lý xách tay 7 kg,Hành lý 0 kg,2025-04-17,PQC
2617,PQC0077,VietJet Air,1.289.000 VND/khách,11:35,2025-04-22,12:35,2025-04-22,1h 0m,Hành lý xách tay 7 kg,Hành lý 0 kg,2025-04-17,PQC
2618,PQC0099,VietJet Air,1.289.000 VND/khách,14:05,2025-04-22,15:05,2025-04-22,1h 0m,Hành lý xách tay 7 kg,Hành lý 0 kg,2025-04-17,PQC
2619,PQC0193,Vietnam Airlines,1.367.030 VND/khách,05:40,2025-04-22,06:40,2025-04-22,1h 0m,Hành lý xách tay 1 x 12 kg,Hành lý 23 kg,2025-04-17,PQC
2620,PQC0214,Vietnam Airlines,1.590.408 VND/khách,08:10,2025-04-22,08:55,2025-04-22,45m,Hành lý xách tay 1 x 12 kg,Hành lý 23 kg,2025-04-17,PQC
2621,PQC0280,Vietnam Airlines,1.854.144 VND/khách,15:05,2025-04-22,16:10,2025-04-22,1h 5m,Hành lý xách tay 1 x 12 kg,Hành lý 23 kg,2025-04-17,PQC
2622,PQC0237,Vietnam Airlines,1.905.093 VND/khách,10:25,2025-04-22,11:25,2025-04-22,1h 0m,Hành lý xách tay 1 x 12 kg,Hành lý 23 kg,2025-04-17,PQC
2623,PQC0261,Vietnam Airlines,1.924.074 VND/khách,13:05,2025-04-22,14:00,2025-04-22,55m,Hành lý xách tay 1 x 12 kg,Hành lý 23 kg,2025-04-17,PQC
2626,PQC0194,Vietnam Airlines,1.580.303 VND/khách,05:40,2025-04-23,06:40,2025-04-23,1h 0m,Hành lý xách tay 1 x 12 kg,Hành lý 23 kg,2025-04-17,PQC
2627,PQC0335,Vietravel Airlines,748.125 VND/khách,17:25,2025-04-23,18:25,2025-04-23,1h 0m,Hành lý xách tay 7 kg,Hành lý 0 kg,2025-04-17,PQC
2628,PQC0010,Bamboo Airways,782.244 VND/khách,16:30,2025-04-23,17:30,2025-04-23,1h 0m,Hành lý xách tay 7 kg,Hành lý 0 kg,2025-04-17,PQC
2629,PQC0157,VietJet Air,802.000 VND/khách,17:40,2025-04-23,18:40,2025-04-23,1h 0m,Hành lý xách tay 7 kg,Hành lý 0 kg,2025-04-17,PQC
2630,PQC0129,VietJet Air,1.031.000 VND/khách,16:25,2025-04-23,17:25,2025-04-23,1h 0m,Hành lý xách tay 7 kg,Hành lý 0 kg,2025-04-17,PQC
2631,PQC0029,VietJet Air,1.142.000 VND/khách,05:55,2025-04-23,06:55,2025-04-23,1h 0m,Hành lý xách tay 7 kg,Hành lý 0 kg,2025-04-17,PQC
2632,PQC0100,VietJet Air,1.142.000 VND/khách,14:05,2025-04-23,15:05,2025-04-23,1h 0m,Hành lý xách tay 7 kg,Hành lý 0 kg,2025-04-17,PQC
2633,PQC0054,VietJet Air,1.288.000 VND/khách,09:20,2025-04-23,10:20,2025-04-23,1h 0m,Hành lý xách tay 7 kg,Hành lý 0 kg,2025-04-17,PQC
2634,PQC0078,VietJet Air,1.288.000 VND/khách,11:35,2025-04-23,12:35,2025-04-23,1h 0m,Hành lý xách tay 7 kg,Hành lý 0 kg,2025-04-17,PQC
2635,PQC0194,Vietnam Airlines,1.580.303 VND/khách,05:40,2025-04-23,06:40,2025-04-23,1h 0m,Hành lý xách tay 1 x 12 kg,Hành lý 23 kg,2025-04-17,PQC
2636,PQC0215,Vietnam Airlines,1.602.396 VND/khách,08:10,2025-04-23,08:55,2025-04-23,45m,Hành lý xách tay 1 x 12 kg,Hành lý 23 kg,2025-04-17,PQC
2637,PQC0238,Vietnam Airlines,1.692.306 VND/khách,10:25,2025-04-23,11:25,2025-04-23,1h 0m,Hành lý xách tay 1 x 12 kg,Hành lý 23 kg,2025-04-17,PQC
2638,PQC0281,Vietnam Airlines,1.799.199 VND/khách,15:05,2025-04-23,16:10,2025-04-23,1h 5m,Hành lý xách tay 1 x 12 kg,Hành lý 23 kg,2025-04-17,PQC
2639,PQC0262,Vietnam Airlines,1.862.136 VND/khách,13:05,2025-04-23,14:00,2025-04-23,55m,Hành lý xách tay 1 x 12 kg,Hành lý 23 kg,2025-04-17,PQC
2642,PQC0195,Vietnam Airlines,1.372.626 VND/khách,05:40,2025-04-24,06:40,2025-04-24,1h 0m,Hành lý xách tay 1 x 12 kg,Hành lý 23 kg,2025-04-17,PQC
2643,PQC0336,Vietravel Airlines,1.129.170 VND/khách,17:25,2025-04-24,18:25,2025-04-24,1h 0m,Hành lý xách tay 7 kg,Hành lý 0 kg,2025-04-17,PQC
2644,PQC0030,VietJet Air,1.143.000 VND/khách,05:55,2025-04-24,06:55,2025-04-24,1h 0m,Hành lý xách tay 7 kg,Hành lý 0 kg,2025-04-17,PQC
2645,PQC0079,VietJet Air,1.289.000 VND/khách,11:35,2025-04-24,12:35,2025-04-24,1h 0m,Hành lý xách tay 7 kg,Hành lý 0 kg,2025-04-17,PQC
2646,PQC0130,VietJet Air,1.289.000 VND/khách,16:30,2025-04-24,17:30,2025-04-24,1h 0m,Hành lý xách tay 7 kg,Hành lý 0 kg,2025-04-17,PQC
2647,PQC0158,VietJet Air,1.289.000 VND/khách,17:40,2025-04-24,18:45,2025-04-24,1h 5m,Hành lý xách tay 7 kg,Hành lý 0 kg,2025-04-17,PQC
2648,PQC0101,VietJet Air,1.407.000 VND/khách,14:05,2025-04-24,15:05,2025-04-24,1h 0m,Hành lý xách tay 7 kg,Hành lý 0 kg,2025-04-17,PQC
2649,PQC0039,VietJet Air,1.407.000 VND/khách,08:25,2025-04-24,09:30,2025-04-24,1h 5m,Hành lý xách tay 7 kg,Hành lý 0 kg,2025-04-17,PQC
2650,PQC0282,Vietnam Airlines,1.865.133 VND/khách,15:05,2025-04-24,16:10,2025-04-24,1h 5m,Hành lý xách tay 1 x 12 kg,Hành lý 23 kg,2025-04-17,PQC
2651,PQC0217,Vietnam Airlines,1.876.122 VND/khách,08:10,2025-04-24,08:55,2025-04-24,45m,Hành lý xách tay 1 x 12 kg,Hành lý 23 kg,2025-04-17,PQC
2652,PQC0263,Vietnam Airlines,1.924.074 VND/khách,13:05,2025-04-24,14:00,2025-04-24,55m,Hành lý xách tay 1 x 12 kg,Hành lý 23 kg,2025-04-17,PQC
2653,PQC0239,Vietnam Airlines,1.984.014 VND/khách,10:25,2025-04-24,11:25,2025-04-24,1h 0m,Hành lý xách tay 1 x 12 kg,Hành lý 23 kg,2025-04-17,PQC
2658,PQC0296,Vietnam Airlines,1.683.315 VND/khách,17:25,2025-04-25,18:25,2025-04-25,1h 0m,Hành lý xách tay 1 x 12 kg,Hành lý 23 kg,2025-04-17,PQC
2659,PQC0337,Vietravel Airlines,1.055.355 VND/khách,17:25,2025-04-25,18:25,2025-04-25,1h 0m,Hành lý xách tay 7 kg,Hành lý 0 kg,2025-04-17,PQC
2660,PQC0011,Bamboo Airways,1.167.757 VND/khách,16:30,2025-04-25,17:30,2025-04-25,1h 0m,Hành lý xách tay 7 kg,Hành lý 0 kg,2025-04-17,PQC
2661,PQC0031,VietJet Air,1.289.000 VND/khách,05:55,2025-04-25,06:55,2025-04-25,1h 0m,Hành lý xách tay 7 kg,Hành lý 0 kg,2025-04-17,PQC
2662,PQC0056,VietJet Air,1.289.000 VND/khách,09:20,2025-04-25,10:20,2025-04-25,1h 0m,Hành lý xách tay 7 kg,Hành lý 0 kg,2025-04-17,PQC
2663,PQC0146,VietJet Air,1.289.000 VND/khách,17:10,2025-04-25,18:15,2025-04-25,1h 5m,Hành lý xách tay 7 kg,Hành lý 0 kg,2025-04-17,PQC
2664,PQC0123,VietJet Air,1.407.000 VND/khách,15:40,2025-04-25,16:40,2025-04-25,1h 0m,Hành lý xách tay 7 kg,Hành lý 0 kg,2025-04-17,PQC
2665,PQC0102,VietJet Air,1.582.000 VND/khách,14:05,2025-04-25,15:05,2025-04-25,1h 0m,Hành lý xách tay 7 kg,Hành lý 0 kg,2025-04-17,PQC
2666,PQC0296,Vietnam Airlines,1.683.315 VND/khách,17:25,2025-04-25,18:25,2025-04-25,1h 0m,Hành lý xách tay 1 x 12 kg,Hành lý 23 kg,2025-04-17,PQC
2667,PQC0311,Vietnam Airlines,1.768.230 VND/khách,20:20,2025-04-25,21:20,2025-04-25,1h 0m,Hành lý xách tay 1 x 12 kg,Hành lý 23 kg,2025-04-17,PQC
2668,PQC0080,VietJet Air,1.817.000 VND/khách,11:35,2025-04-25,12:35,2025-04-25,1h 0m,Hành lý xách tay 7 kg,Hành lý 0 kg,2025-04-17,PQC
2669,PQC0196,Vietnam Airlines,1.976.022 VND/khách,05:40,2025-04-25,06:40,2025-04-25,1h 0m,Hành lý xách tay 1 x 12 kg,Hành lý 23 kg,2025-04-17,PQC
2670,PQC0240,Vietnam Airlines,1.995.003 VND/khách,10:25,2025-04-25,11:25,2025-04-25,1h 0m,Hành lý xách tay 1 x 12 kg,Hành lý 23 kg,2025-04-17,PQC
2671,PQC0218,Vietnam Airlines,2.001.996 VND/khách,08:10,2025-04-25,08:55,2025-04-25,45m,Hành lý xách tay 1 x 12 kg,Hành lý 23 kg,2025-04-17,PQC
2672,PQC0250,Vietnam Airlines,2.005.992 VND/khách,13:00,2025-04-25,14:00,2025-04-25,1h 0m,Hành lý xách tay 1 x 12 kg,Hành lý 23 kg,2025-04-17,PQC
2673,PQC0283,Vietnam Airlines,2.008.989 VND/khách,15:05,2025-04-25,16:10,2025-04-25,1h 5m,Hành lý xách tay 1 x 12 kg,Hành lý 23 kg,2025-04-17,PQC
2676,PQC0297,Vietnam Airlines,1.586.412 VND/khách,17:25,2025-04-26,18:25,2025-04-26,1h 0m,Hành lý xách tay 1 x 12 kg,Hành lý 23 kg,2025-04-17,PQC
2677,PQC0338,Vietravel Airlines,1.206.975 VND/khách,17:25,2025-04-26,18:25,2025-04-26,1h 0m,Hành lý xách tay 7 kg,Hành lý 0 kg,2025-04-17,PQC
2678,PQC0032,VietJet Air,1.582.000 VND/khách,05:55,2025-04-26,06:55,2025-04-26,1h 0m,Hành lý xách tay 7 kg,Hành lý 0 kg,2025-04-17,PQC
2679,PQC0147,VietJet Air,1.582.000 VND/khách,17:10,2025-04-26,18:15,2025-04-26,1h 5m,Hành lý xách tay 7 kg,Hành lý 0 kg,2025-04-17,PQC
2680,PQC0103,VietJet Air,1.700.000 VND/khách,14:05,2025-04-26,15:05,2025-04-26,1h 0m,Hành lý xách tay 7 kg,Hành lý 0 kg,2025-04-17,PQC
2681,PQC0312,Vietnam Airlines,1.768.230 VND/khách,20:20,2025-04-26,21:20,2025-04-26,1h 0m,Hành lý xách tay 1 x 12 kg,Hành lý 23 kg,2025-04-17,PQC
2682,PQC0124,VietJet Air,1.787.000 VND/khách,15:40,2025-04-26,16:40,2025-04-26,1h 0m,Hành lý xách tay 7 kg,Hành lý 0 kg,2025-04-17,PQC
2683,PQC0057,VietJet Air,1.817.000 VND/khách,09:20,2025-04-26,10:20,2025-04-26,1h 0m,Hành lý xách tay 7 kg,Hành lý 0 kg,2025-04-17,PQC
2684,PQC0081,VietJet Air,1.817.000 VND/khách,11:35,2025-04-26,12:35,2025-04-26,1h 0m,Hành lý xách tay 7 kg,Hành lý 0 kg,2025-04-17,PQC
2685,PQC0219,Vietnam Airlines,1.883.115 VND/khách,08:10,2025-04-26,08:55,2025-04-26,45m,Hành lý xách tay 1 x 12 kg,Hành lý 23 kg,2025-04-17,PQC
2686,PQC0284,Vietnam Airlines,1.920.078 VND/khách,15:05,2025-04-26,16:10,2025-04-26,1h 5m,Hành lý xách tay 1 x 12 kg,Hành lý 23 kg,2025-04-17,PQC
2687,PQC0198,Vietnam Airlines,1.260.738 VND/khách,05:40,2025-04-27,06:40,2025-04-27,1h 0m,Hành lý xách tay 1 x 12 kg,Hành lý 23 kg,2025-04-17,PQC
2688,PQC0012,Bamboo Airways,1.013.756 VND/khách,16:30,2025-04-27,17:30,2025-04-27,1h 0m,Hành lý xách tay 7 kg,Hành lý 0 kg,2025-04-17,PQC
2689,PQC0339,Vietravel Airlines,1.055.355 VND/khách,17:25,2025-04-27,18:25,2025-04-27,1h 0m,Hành lý xách tay 7 kg,Hành lý 0 kg,2025-04-17,PQC
2690,PQC0177,Vietnam Airlines,1.260.738 VND/khách,05:25,2025-04-27,06:20,2025-04-27,55m,Hành lý xách tay 1 x 12 kg,Hành lý 23 kg,2025-04-17,PQC
2691,PQC0302,Vietnam Airlines,1.364.634 VND/khách,19:20,2025-04-27,20:20,2025-04-27,1h 0m,Hành lý xách tay 1 x 12 kg,Hành lý 23 kg,2025-04-17,PQC
2692,PQC0313,Vietnam Airlines,1.486.512 VND/khách,20:20,2025-04-27,21:20,2025-04-27,1h 0m,Hành lý xách tay 1 x 12 kg,Hành lý 23 kg,2025-04-17,PQC
2693,PQC0033,VietJet Air,1.582.000 VND/khách,05:55,2025-04-27,06:55,2025-04-27,1h 0m,Hành lý xách tay 7 kg,Hành lý 0 kg,2025-04-17,PQC
2694,PQC0104,VietJet Air,1.582.000 VND/khách,14:05,2025-04-27,15:05,2025-04-27,1h 0m,Hành lý xách tay 7 kg,Hành lý 0 kg,2025-04-17,PQC
2695,PQC0125,VietJet Air,1.582.000 VND/khách,15:40,2025-04-27,16:40,2025-04-27,1h 0m,Hành lý xách tay 7 kg,Hành lý 0 kg,2025-04-17,PQC
2696,PQC0148,VietJet Air,1.582.000 VND/khách,17:10,2025-04-27,18:15,2025-04-27,1h 5m,Hành lý xách tay 7 kg,Hành lý 0 kg,2025-04-17,PQC
2697,PQC0242,Vietnam Airlines,1.679.319 VND/khách,10:25,2025-04-27,11:25,2025-04-27,1h 0m,Hành lý xách tay 1 x 12 kg,Hành lý 23 kg,2025-04-17,PQC
2698,PQC0285,Vietnam Airlines,1.683.315 VND/khách,15:05,2025-04-27,16:10,2025-04-27,1h 5m,Hành lý xách tay 1 x 12 kg,Hành lý 23 kg,2025-04-17,PQC
2699,PQC0082,VietJet Air,1.787.000 VND/khách,11:35,2025-04-27,12:35,2025-04-27,1h 0m,Hành lý xách tay 7 kg,Hành lý 0 kg,2025-04-17,PQC
2700,PQC0058,VietJet Air,1.817.000 VND/khách,09:20,2025-04-27,10:20,2025-04-27,1h 0m,Hành lý xách tay 7 kg,Hành lý 0 kg,2025-04-17,PQC
2701,PQC0220,Vietnam Airlines,1.924.074 VND/khách,08:10,2025-04-27,08:55,2025-04-27,45m,Hành lý xách tay 1 x 12 kg,Hành lý 23 kg,2025-04-17,PQC
2702,PQC0265,Vietnam Airlines,1.931.067 VND/khách,13:05,2025-04-27,14:00,2025-04-27,55m,Hành lý xách tay 1 x 12 kg,Hành lý 23 kg,2025-04-17,PQC
2705,PQC0199,Vietnam Airlines,1.142.856 VND/khách,05:40,2025-04-28,06:40,2025-04-28,1h 0m,Hành lý xách tay 1 x 12 kg,Hành lý 23 kg,2025-04-17,PQC
2706,PQC0013,Bamboo Airways,1.013.756 VND/khách,16:30,2025-04-28,17:30,2025-04-28,1h 0m,Hành lý xách tay 7 kg,Hành lý 0 kg,2025-04-17,PQC
2707,PQC0340,Vietravel Airlines,1.055.355 VND/khách,17:25,2025-04-28,18:25,2025-04-28,1h 0m,Hành lý xách tay 7 kg,Hành lý 0 kg,2025-04-17,PQC
2708,PQC0178,Vietnam Airlines,1.142.856 VND/khách,05:25,2025-04-28,06:20,2025-04-28,55m,Hành lý xách tay 1 x 12 kg,Hành lý 23 kg,2025-04-17,PQC
2709,PQC0034,VietJet Air,1.407.000 VND/khách,05:55,2025-04-28,06:55,2025-04-28,1h 0m,Hành lý xách tay 7 kg,Hành lý 0 kg,2025-04-17,PQC
2710,PQC0298,Vietnam Airlines,1.482.516 VND/khách,17:25,2025-04-28,18:25,2025-04-28,1h 0m,Hành lý xách tay 1 x 12 kg,Hành lý 23 kg,2025-04-17,PQC
2711,PQC0149,VietJet Air,1.582.000 VND/khách,17:10,2025-04-28,18:15,2025-04-28,1h 5m,Hành lý xách tay 7 kg,Hành lý 0 kg,2025-04-17,PQC
2712,PQC0221,Vietnam Airlines,1.590.408 VND/khách,08:10,2025-04-28,08:55,2025-04-28,45m,Hành lý xách tay 1 x 12 kg,Hành lý 23 kg,2025-04-17,PQC
2713,PQC0314,Vietnam Airlines,1.590.408 VND/khách,20:20,2025-04-28,21:20,2025-04-28,1h 0m,Hành lý xách tay 1 x 12 kg,Hành lý 23 kg,2025-04-17,PQC
2714,PQC0105,VietJet Air,1.700.000 VND/khách,14:05,2025-04-28,15:05,2025-04-28,1h 0m,Hành lý xách tay 7 kg,Hành lý 0 kg,2025-04-17,PQC
2715,PQC0126,VietJet Air,1.700.000 VND/khách,15:40,2025-04-28,16:40,2025-04-28,1h 0m,Hành lý xách tay 7 kg,Hành lý 0 kg,2025-04-17,PQC
2716,PQC0059,VietJet Air,1.787.000 VND/khách,09:20,2025-04-28,10:20,2025-04-28,1h 0m,Hành lý xách tay 7 kg,Hành lý 0 kg,2025-04-17,PQC
2717,PQC0083,VietJet Air,1.787.000 VND/khách,11:35,2025-04-28,12:35,2025-04-28,1h 0m,Hành lý xách tay 7 kg,Hành lý 0 kg,2025-04-17,PQC
2718,PQC0243,Vietnam Airlines,1.865.133 VND/khách,10:25,2025-04-28,11:25,2025-04-28,1h 0m,Hành lý xách tay 1 x 12 kg,Hành lý 23 kg,2025-04-17,PQC
2719,PQC0286,Vietnam Airlines,1.924.074 VND/khách,15:05,2025-04-28,16:10,2025-04-28,1h 5m,Hành lý xách tay 1 x 12 kg,Hành lý 23 kg,2025-04-17,PQC
2720,PQC0266,Vietnam Airlines,2.001.996 VND/khách,13:05,2025-04-28,14:00,2025-04-28,55m,Hành lý xách tay 1 x 12 kg,Hành lý 23 kg,2025-04-17,PQC
2723,PQC0299,Vietnam Airlines,2.002.995 VND/khách,17:25,2025-04-29,18:25,2025-04-29,1h 0m,Hành lý xách tay 1 x 12 kg,Hành lý 23 kg,2025-04-17,PQC
2724,PQC0035,VietJet Air,1.786.000 VND/khách,05:55,2025-04-29,06:55,2025-04-29,1h 0m,Hành lý xách tay 7 kg,Hành lý 0 kg,2025-04-17,PQC
2725,PQC0127,VietJet Air,1.786.000 VND/khách,15:40,2025-04-29,16:40,2025-04-29,1h 0m,Hành lý xách tay 7 kg,Hành lý 0 kg,2025-04-17,PQC
2726,PQC0040,VietJet Air,1.786.000 VND/khách,08:25,2025-04-29,09:30,2025-04-29,1h 5m,Hành lý xách tay 7 kg,Hành lý 0 kg,2025-04-17,PQC
2727,PQC0179,Vietnam Airlines,1.791.207 VND/khách,05:25,2025-04-29,06:20,2025-04-29,55m,Hành lý xách tay 1 x 12 kg,Hành lý 23 kg,2025-04-17,PQC
2728,PQC0341,Vietravel Airlines,1.811.460 VND/khách,17:25,2025-04-29,18:25,2025-04-29,1h 0m,Hành lý xách tay 7 kg,Hành lý 0 kg,2025-04-17,PQC
2729,PQC0060,VietJet Air,1.815.000 VND/khách,09:20,2025-04-29,10:20,2025-04-29,1h 0m,Hành lý xách tay 7 kg,Hành lý 0 kg,2025-04-17,PQC
2730,PQC0084,VietJet Air,1.815.000 VND/khách,11:35,2025-04-29,12:35,2025-04-29,1h 0m,Hành lý xách tay 7 kg,Hành lý 0 kg,2025-04-17,PQC
2731,PQC0106,VietJet Air,1.815.000 VND/khách,14:05,2025-04-29,15:05,2025-04-29,1h 0m,Hành lý xách tay 7 kg,Hành lý 0 kg,2025-04-17,PQC
2732,PQC0299,Vietnam Airlines,2.002.995 VND/khách,17:25,2025-04-29,18:25,2025-04-29,1h 0m,Hành lý xách tay 1 x 12 kg,Hành lý 23 kg,2025-04-17,PQC
2733,PQC0321,Vietnam Airlines,2.002.995 VND/khách,21:05,2025-04-29,22:05,2025-04-29,1h 0m,Hành lý xách tay 1 x 12 kg,Hành lý 23 kg,2025-04-17,PQC
2734,PQC0200,Vietnam Airlines,2.014.983 VND/khách,05:40,2025-04-29,06:40,2025-04-29,1h 0m,Hành lý xách tay 1 x 12 kg,Hành lý 23 kg,2025-04-17,PQC
2740,PQC0300,Vietnam Airlines,2.003.994 VND/khách,17:25,2025-04-30,18:25,2025-04-30,1h 0m,Hành lý xách tay 1 x 12 kg,Hành lý 23 kg,2025-04-17,PQC
2741,PQC0107,VietJet Air,1.903.000 VND/khách,14:05,2025-04-30,15:05,2025-04-30,1h 0m,Hành lý xách tay 7 kg,Hành lý 0 kg,2025-04-17,PQC
2743,PQC0304,Vietnam Airlines,1.994.004 VND/khách,20:20,2025-05-01,21:20,2025-05-01,1h 0m,Hành lý xách tay 1 x 12 kg,Hành lý 23 kg,2025-04-18,PQC
2744,PQC0016,VietJet Air,1.905.000 VND/khách,05:55,2025-05-01,06:55,2025-05-01,1h 0m,Hành lý xách tay 7 kg,Hành lý 0 kg,2025-04-18,PQC
2745,PQC0131,VietJet Air,1.905.000 VND/khách,17:10,2025-05-01,18:15,2025-05-01,1h 5m,Hành lý xách tay 7 kg,Hành lý 0 kg,2025-04-18,PQC
2746,PQC0154,VietJet Air,1.905.000 VND/khách,17:40,2025-05-01,18:45,2025-05-01,1h 5m,Hành lý xách tay 7 kg,Hành lý 0 kg,2025-04-18,PQC
2747,PQC0001,Bamboo Airways,1.934.703 VND/khách,16:30,2025-05-01,17:30,2025-05-01,1h 0m,Hành lý xách tay 7 kg,Hành lý 20 kg,2025-04-18,PQC
2748,PQC0322,Vietravel Airlines,1.934.751 VND/khách,17:25,2025-05-01,18:25,2025-05-01,1h 0m,Hành lý xách tay 7 kg,Hành lý 0 kg,2025-04-18,PQC
2749,PQC0041,VietJet Air,1.937.000 VND/khách,09:20,2025-05-01,10:20,2025-05-01,1h 0m,Hành lý xách tay 7 kg,Hành lý 0 kg,2025-04-18,PQC
2750,PQC0166,Vietnam Airlines,2.008.989 VND/khách,05:25,2025-05-01,06:20,2025-05-01,55m,Hành lý xách tay 1 x 12 kg,Hành lý 23 kg,2025-04-18,PQC
2757,PQC0305,Vietnam Airlines,1.994.004 VND/khách,20:20,2025-05-02,21:20,2025-05-02,1h 0m,Hành lý xách tay 1 x 12 kg,Hành lý 23 kg,2025-04-18,PQC
2758,PQC0167,Vietnam Airlines,1.593.405 VND/khách,05:25,2025-05-02,06:20,2025-05-02,55m,Hành lý xách tay 1 x 12 kg,Hành lý 23 kg,2025-04-18,PQC
2759,PQC0002,Bamboo Airways,1.608.343 VND/khách,16:30,2025-05-02,17:30,2025-05-02,1h 0m,Hành lý xách tay 7 kg,Hành lý 0 kg,2025-04-18,PQC
2760,PQC0323,Vietravel Airlines,1.631.910 VND/khách,17:25,2025-05-02,18:25,2025-05-02,1h 0m,Hành lý xách tay 7 kg,Hành lý 0 kg,2025-04-18,PQC
2761,PQC0017,VietJet Air,1.700.000 VND/khách,05:55,2025-05-02,06:55,2025-05-02,1h 0m,Hành lý xách tay 7 kg,Hành lý 0 kg,2025-04-18,PQC
2762,PQC0109,VietJet Air,1.700.000 VND/khách,15:40,2025-05-02,16:40,2025-05-02,1h 0m,Hành lý xách tay 7 kg,Hành lý 0 kg,2025-04-18,PQC
2763,PQC0132,VietJet Air,1.700.000 VND/khách,17:10,2025-05-02,18:15,2025-05-02,1h 5m,Hành lý xách tay 7 kg,Hành lý 0 kg,2025-04-18,PQC
2764,PQC0088,VietJet Air,1.788.000 VND/khách,14:05,2025-05-02,15:05,2025-05-02,1h 0m,Hành lý xách tay 7 kg,Hành lý 0 kg,2025-04-18,PQC
2765,PQC0305,Vietnam Airlines,1.994.004 VND/khách,20:20,2025-05-02,21:20,2025-05-02,1h 0m,Hành lý xách tay 1 x 12 kg,Hành lý 23 kg,2025-04-18,PQC
2766,PQC0248,Vietnam Airlines,2.001.996 VND/khách,13:00,2025-05-02,14:00,2025-05-02,1h 0m,Hành lý xách tay 1 x 12 kg,Hành lý 23 kg,2025-04-18,PQC
2767,PQC0269,Vietnam Airlines,2.001.996 VND/khách,15:05,2025-05-02,16:10,2025-05-02,1h 5m,Hành lý xách tay 1 x 12 kg,Hành lý 23 kg,2025-04-18,PQC
2768,PQC0182,Vietnam Airlines,2.008.989 VND/khách,05:40,2025-05-02,06:40,2025-05-02,1h 0m,Hành lý xách tay 1 x 12 kg,Hành lý 23 kg,2025-04-18,PQC
2770,PQC0183,Vietnam Airlines,1.499.499 VND/khách,05:40,2025-05-03,06:40,2025-05-03,1h 0m,Hành lý xách tay 1 x 12 kg,Hành lý 23 kg,2025-04-18,PQC
2771,PQC0003,Bamboo Airways,1.018.850 VND/khách,16:30,2025-05-03,17:30,2025-05-03,1h 0m,Hành lý xách tay 7 kg,Hành lý 0 kg,2025-04-18,PQC
2772,PQC0168,Vietnam Airlines,1.269.729 VND/khách,05:25,2025-05-03,06:20,2025-05-03,55m,Hành lý xách tay 1 x 12 kg,Hành lý 23 kg,2025-04-18,PQC
2773,PQC0324,Vietravel Airlines,1.344.207 VND/khách,17:25,2025-05-03,18:25,2025-05-03,1h 0m,Hành lý xách tay 7 kg,Hành lý 0 kg,2025-04-18,PQC
2774,PQC0306,Vietnam Airlines,1.600.398 VND/khách,20:20,2025-05-03,21:20,2025-05-03,1h 0m,Hành lý xách tay 1 x 12 kg,Hành lý 23 kg,2025-04-18,PQC
2775,PQC0089,VietJet Air,1.699.000 VND/khách,14:05,2025-05-03,15:05,2025-05-03,1h 0m,Hành lý xách tay 7 kg,Hành lý 0 kg,2025-04-18,PQC
2776,PQC0037,VietJet Air,1.699.000 VND/khách,08:25,2025-05-03,09:30,2025-05-03,1h 5m,Hành lý xách tay 7 kg,Hành lý 0 kg,2025-04-18,PQC
2777,PQC0204,Vietnam Airlines,1.752.246 VND/khách,08:10,2025-05-03,08:55,2025-05-03,45m,Hành lý xách tay 1 x 12 kg,Hành lý 23 kg,2025-04-18,PQC
2778,PQC0018,VietJet Air,1.787.000 VND/khách,05:55,2025-05-03,06:55,2025-05-03,1h 0m,Hành lý xách tay 7 kg,Hành lý 0 kg,2025-04-18,PQC
2779,PQC0133,VietJet Air,1.787.000 VND/khách,17:10,2025-05-03,18:15,2025-05-03,1h 5m,Hành lý xách tay 7 kg,Hành lý 0 kg,2025-04-18,PQC
2780,PQC0043,VietJet Air,1.817.000 VND/khách,09:20,2025-05-03,10:20,2025-05-03,1h 0m,Hành lý xách tay 7 kg,Hành lý 0 kg,2025-04-18,PQC
2781,PQC0067,VietJet Air,1.817.000 VND/khách,11:35,2025-05-03,12:35,2025-05-03,1h 0m,Hành lý xách tay 7 kg,Hành lý 0 kg,2025-04-18,PQC
2782,PQC0110,VietJet Air,1.817.000 VND/khách,15:40,2025-05-03,16:40,2025-05-03,1h 0m,Hành lý xách tay 7 kg,Hành lý 0 kg,2025-04-18,PQC
2783,PQC0270,Vietnam Airlines,1.827.820 VND/khách,15:05,2025-05-03,16:10,2025-05-03,1h 5m,Hành lý xách tay 1 x 12 kg,Hành lý 23 kg,2025-04-18,PQC
2784,PQC0252,Vietnam Airlines,1.920.078 VND/khách,13:05,2025-05-03,14:00,2025-05-03,55m,Hành lý xách tay 1 x 12 kg,Hành lý 23 kg,2025-04-18,PQC
2785,PQC0227,Vietnam Airlines,1.920.078 VND/khách,10:25,2025-05-03,11:25,2025-05-03,1h 0m,Hành lý xách tay 1 x 12 kg,Hành lý 23 kg,2025-04-18,PQC
2789,PQC0307,Vietnam Airlines,1.243.755 VND/khách,20:20,2025-05-04,21:20,2025-05-04,1h 0m,Hành lý xách tay 1 x 12 kg,Hành lý 23 kg,2025-04-18,PQC
2790,PQC0325,Vietravel Airlines,748.125 VND/khách,17:25,2025-05-04,18:25,2025-05-04,1h 0m,Hành lý xách tay 7 kg,Hành lý 0 kg,2025-04-18,PQC
2791,PQC0004,Bamboo Airways,988.314 VND/khách,16:30,2025-05-04,17:30,2025-05-04,1h 0m,Hành lý xách tay 7 kg,Hành lý 0 kg,2025-04-18,PQC
2792,PQC0019,VietJet Air,1.031.000 VND/khách,05:55,2025-05-04,06:55,2025-05-04,1h 0m,Hành lý xách tay 7 kg,Hành lý 0 kg,2025-04-18,PQC
2793,PQC0111,VietJet Air,1.031.000 VND/khách,15:40,2025-05-04,16:40,2025-05-04,1h 0m,Hành lý xách tay 7 kg,Hành lý 0 kg,2025-04-18,PQC
2794,PQC0134,VietJet Air,1.033.000 VND/khách,17:10,2025-05-04,18:15,2025-05-04,1h 5m,Hành lý xách tay 7 kg,Hành lý 0 kg,2025-04-18,PQC
2795,PQC0169,Vietnam Airlines,1.091.907 VND/khách,05:25,2025-05-04,06:20,2025-05-04,55m,Hành lý xách tay 1 x 12 kg,Hành lý 23 kg,2025-04-18,PQC
2796,PQC0090,VietJet Air,1.142.000 VND/khách,14:05,2025-05-04,15:05,2025-05-04,1h 0m,Hành lý xách tay 7 kg,Hành lý 0 kg,2025-04-18,PQC
2797,PQC0307,Vietnam Airlines,1.243.755 VND/khách,20:20,2025-05-04,21:20,2025-05-04,1h 0m,Hành lý xách tay 1 x 12 kg,Hành lý 23 kg,2025-04-18,PQC
2798,PQC0184,Vietnam Airlines,1.262.736 VND/khách,05:40,2025-05-04,06:40,2025-05-04,1h 0m,Hành lý xách tay 1 x 12 kg,Hành lý 23 kg,2025-04-18,PQC
2799,PQC0044,VietJet Air,1.289.000 VND/khách,09:20,2025-05-04,10:20,2025-05-04,1h 0m,Hành lý xách tay 7 kg,Hành lý 0 kg,2025-04-18,PQC
2800,PQC0068,VietJet Air,1.289.000 VND/khách,11:35,2025-05-04,12:35,2025-05-04,1h 0m,Hành lý xách tay 7 kg,Hành lý 0 kg,2025-04-18,PQC
2801,PQC0271,Vietnam Airlines,1.373.625 VND/khách,15:05,2025-05-04,16:10,2025-05-04,1h 5m,Hành lý xách tay 1 x 12 kg,Hành lý 23 kg,2025-04-18,PQC
2802,PQC0205,Vietnam Airlines,1.485.513 VND/khách,08:10,2025-05-04,08:55,2025-05-04,45m,Hành lý xách tay 1 x 12 kg,Hành lý 23 kg,2025-04-18,PQC
2803,PQC0253,Vietnam Airlines,1.596.402 VND/khách,13:05,2025-05-04,14:00,2025-05-04,55m,Hành lý xách tay 1 x 12 kg,Hành lý 23 kg,2025-04-18,PQC
2804,PQC0228,Vietnam Airlines,1.596.402 VND/khách,10:25,2025-05-04,11:25,2025-05-04,1h 0m,Hành lý xách tay 1 x 12 kg,Hành lý 23 kg,2025-04-18,PQC
2807,PQC0185,Vietnam Airlines,1.377.621 VND/khách,05:40,2025-05-05,06:40,2025-05-05,1h 0m,Hành lý xách tay 1 x 12 kg,Hành lý 23 kg,2025-04-18,PQC
2808,PQC0326,Vietravel Airlines,748.125 VND/khách,17:25,2025-05-05,18:25,2025-05-05,1h 0m,Hành lý xách tay 7 kg,Hành lý 0 kg,2025-04-18,PQC
2809,PQC0135,VietJet Air,802.000 VND/khách,17:10,2025-05-05,18:15,2025-05-05,1h 5m,Hành lý xách tay 7 kg,Hành lý 0 kg,2025-04-18,PQC
2810,PQC0170,Vietnam Airlines,831.168 VND/khách,05:25,2025-05-05,06:20,2025-05-05,55m,Hành lý xách tay 1 x 12 kg,Hành lý 0 kg,2025-04-18,PQC
2811,PQC0005,Bamboo Airways,874.325 VND/khách,16:30,2025-05-05,17:30,2025-05-05,1h 0m,Hành lý xách tay 7 kg,Hành lý 0 kg,2025-04-18,PQC
2812,PQC0020,VietJet Air,1.031.000 VND/khách,05:55,2025-05-05,06:55,2025-05-05,1h 0m,Hành lý xách tay 7 kg,Hành lý 0 kg,2025-04-18,PQC
2813,PQC0112,VietJet Air,1.033.000 VND/khách,15:40,2025-05-05,16:40,2025-05-05,1h 0m,Hành lý xách tay 7 kg,Hành lý 0 kg,2025-04-18,PQC
2814,PQC0091,VietJet Air,1.142.000 VND/khách,14:05,2025-05-05,15:05,2025-05-05,1h 0m,Hành lý xách tay 7 kg,Hành lý 0 kg,2025-04-18,PQC
2815,PQC0069,VietJet Air,1.174.000 VND/khách,11:35,2025-05-05,12:35,2025-05-05,1h 0m,Hành lý xách tay 7 kg,Hành lý 0 kg,2025-04-18,PQC
2816,PQC0045,VietJet Air,1.289.000 VND/khách,09:20,2025-05-05,10:20,2025-05-05,1h 0m,Hành lý xách tay 7 kg,Hành lý 0 kg,2025-04-18,PQC
2817,PQC0185,Vietnam Airlines,1.377.621 VND/khách,05:40,2025-05-05,06:40,2025-05-05,1h 0m,Hành lý xách tay 1 x 12 kg,Hành lý 23 kg,2025-04-18,PQC
2818,PQC0308,Vietnam Airlines,1.377.621 VND/khách,20:20,2025-05-05,21:20,2025-05-05,1h 0m,Hành lý xách tay 1 x 12 kg,Hành lý 23 kg,2025-04-18,PQC
2819,PQC0254,Vietnam Airlines,1.492.506 VND/khách,13:05,2025-05-05,14:00,2025-05-05,55m,Hành lý xách tay 1 x 12 kg,Hành lý 23 kg,2025-04-18,PQC
2820,PQC0272,Vietnam Airlines,1.492.506 VND/khách,15:05,2025-05-05,16:10,2025-05-05,1h 5m,Hành lý xách tay 1 x 12 kg,Hành lý 23 kg,2025-04-18,PQC
2821,PQC0206,Vietnam Airlines,1.686.312 VND/khách,08:10,2025-05-05,08:55,2025-05-05,45m,Hành lý xách tay 1 x 12 kg,Hành lý 23 kg,2025-04-18,PQC
2822,PQC0229,Vietnam Airlines,1.790.208 VND/khách,10:25,2025-05-05,11:25,2025-05-05,1h 0m,Hành lý xách tay 1 x 12 kg,Hành lý 23 kg,2025-04-18,PQC
2825,PQC0186,Vietnam Airlines,1.380.618 VND/khách,05:40,2025-05-06,06:40,2025-05-06,1h 0m,Hành lý xách tay 1 x 12 kg,Hành lý 23 kg,2025-04-18,PQC
2826,PQC0327,Vietravel Airlines,748.125 VND/khách,17:25,2025-05-06,18:25,2025-05-06,1h 0m,Hành lý xách tay 7 kg,Hành lý 0 kg,2025-04-18,PQC
2827,PQC0021,VietJet Air,802.000 VND/khách,05:55,2025-05-06,06:55,2025-05-06,1h 0m,Hành lý xách tay 7 kg,Hành lý 0 kg,2025-04-18,PQC
2828,PQC0136,VietJet Air,802.000 VND/khách,17:10,2025-05-06,18:15,2025-05-06,1h 5m,Hành lý xách tay 7 kg,Hành lý 0 kg,2025-04-18,PQC
2829,PQC0113,VietJet Air,1.033.000 VND/khách,15:40,2025-05-06,16:40,2025-05-06,1h 0m,Hành lý xách tay 7 kg,Hành lý 0 kg,2025-04-18,PQC
2830,PQC0070,VietJet Air,1.142.000 VND/khách,11:35,2025-05-06,12:35,2025-05-06,1h 0m,Hành lý xách tay 7 kg,Hành lý 0 kg,2025-04-18,PQC
2831,PQC0092,VietJet Air,1.142.000 VND/khách,14:05,2025-05-06,15:05,2025-05-06,1h 0m,Hành lý xách tay 7 kg,Hành lý 0 kg,2025-04-18,PQC
2832,PQC0046,VietJet Air,1.167.000 VND/khách,09:20,2025-05-06,10:20,2025-05-06,1h 0m,Hành lý xách tay 7 kg,Hành lý 0 kg,2025-04-18,PQC
2833,PQC0186,Vietnam Airlines,1.380.618 VND/khách,05:40,2025-05-06,06:40,2025-05-06,1h 0m,Hành lý xách tay 1 x 12 kg,Hành lý 23 kg,2025-04-18,PQC
2834,PQC0207,Vietnam Airlines,1.585.413 VND/khách,08:10,2025-05-06,08:55,2025-05-06,45m,Hành lý xách tay 1 x 12 kg,Hành lý 23 kg,2025-04-18,PQC
2835,PQC0255,Vietnam Airlines,1.585.413 VND/khách,13:05,2025-05-06,14:00,2025-05-06,55m,Hành lý xách tay 1 x 12 kg,Hành lý 23 kg,2025-04-18,PQC
2836,PQC0273,Vietnam Airlines,1.585.413 VND/khách,15:05,2025-05-06,16:10,2025-05-06,1h 5m,Hành lý xách tay 1 x 12 kg,Hành lý 23 kg,2025-04-18,PQC
2837,PQC0230,Vietnam Airlines,1.756.242 VND/khách,10:25,2025-05-06,11:25,2025-05-06,1h 0m,Hành lý xách tay 1 x 12 kg,Hành lý 23 kg,2025-04-18,PQC
2840,PQC0187,Vietnam Airlines,1.384.614 VND/khách,05:40,2025-05-07,06:40,2025-05-07,1h 0m,Hành lý xách tay 1 x 12 kg,Hành lý 23 kg,2025-04-18,PQC
2841,PQC0328,Vietravel Airlines,748.125 VND/khách,17:25,2025-05-07,18:25,2025-05-07,1h 0m,Hành lý xách tay 7 kg,Hành lý 0 kg,2025-04-18,PQC
2842,PQC0022,VietJet Air,802.000 VND/khách,05:55,2025-05-07,06:55,2025-05-07,1h 0m,Hành lý xách tay 7 kg,Hành lý 0 kg,2025-04-18,PQC
2843,PQC0114,VietJet Air,802.000 VND/khách,15:40,2025-05-07,16:40,2025-05-07,1h 0m,Hành lý xách tay 7 kg,Hành lý 0 kg,2025-04-18,PQC
2844,PQC0137,VietJet Air,802.000 VND/khách,17:10,2025-05-07,18:15,2025-05-07,1h 5m,Hành lý xách tay 7 kg,Hành lý 0 kg,2025-04-18,PQC
2845,PQC0006,Bamboo Airways,1.013.756 VND/khách,16:30,2025-05-07,17:30,2025-05-07,1h 0m,Hành lý xách tay 7 kg,Hành lý 0 kg,2025-04-18,PQC
2846,PQC0047,VietJet Air,1.142.000 VND/khách,09:20,2025-05-07,10:20,2025-05-07,1h 0m,Hành lý xách tay 7 kg,Hành lý 0 kg,2025-04-18,PQC
2847,PQC0071,VietJet Air,1.142.000 VND/khách,11:35,2025-05-07,12:35,2025-05-07,1h 0m,Hành lý xách tay 7 kg,Hành lý 0 kg,2025-04-18,PQC
2848,PQC0093,VietJet Air,1.142.000 VND/khách,14:05,2025-05-07,15:05,2025-05-07,1h 0m,Hành lý xách tay 7 kg,Hành lý 0 kg,2025-04-18,PQC
2849,PQC0187,Vietnam Airlines,1.384.614 VND/khách,05:40,2025-05-07,06:40,2025-05-07,1h 0m,Hành lý xách tay 1 x 12 kg,Hành lý 23 kg,2025-04-18,PQC
2850,PQC0274,Vietnam Airlines,1.596.402 VND/khách,15:05,2025-05-07,16:10,2025-05-07,1h 5m,Hành lý xách tay 1 x 12 kg,Hành lý 23 kg,2025-04-18,PQC
2851,PQC0208,Vietnam Airlines,1.678.320 VND/khách,08:10,2025-05-07,08:55,2025-05-07,45m,Hành lý xách tay 1 x 12 kg,Hành lý 23 kg,2025-04-18,PQC
2852,PQC0231,Vietnam Airlines,1.697.301 VND/khách,10:25,2025-05-07,11:25,2025-05-07,1h 0m,Hành lý xách tay 1 x 12 kg,Hành lý 23 kg,2025-04-18,PQC
2853,PQC0256,Vietnam Airlines,1.883.115 VND/khách,13:05,2025-05-07,14:00,2025-05-07,55m,Hành lý xách tay 1 x 12 kg,Hành lý 23 kg,2025-04-18,PQC
2856,PQC0188,Vietnam Airlines,1.500.498 VND/khách,05:40,2025-05-08,06:40,2025-05-08,1h 0m,Hành lý xách tay 1 x 12 kg,Hành lý 23 kg,2025-04-18,PQC
2857,PQC0023,VietJet Air,1.031.000 VND/khách,05:55,2025-05-08,06:55,2025-05-08,1h 0m,Hành lý xách tay 7 kg,Hành lý 0 kg,2025-04-18,PQC
2858,PQC0329,Vietravel Airlines,1.056.353 VND/khách,17:25,2025-05-08,18:25,2025-05-08,1h 0m,Hành lý xách tay 7 kg,Hành lý 0 kg,2025-04-18,PQC
2859,PQC0072,VietJet Air,1.289.000 VND/khách,11:35,2025-05-08,12:35,2025-05-08,1h 0m,Hành lý xách tay 7 kg,Hành lý 0 kg,2025-04-18,PQC
2860,PQC0094,VietJet Air,1.289.000 VND/khách,14:05,2025-05-08,15:05,2025-05-08,1h 0m,Hành lý xách tay 7 kg,Hành lý 0 kg,2025-04-18,PQC
2861,PQC0115,VietJet Air,1.289.000 VND/khách,15:40,2025-05-08,16:40,2025-05-08,1h 0m,Hành lý xách tay 7 kg,Hành lý 0 kg,2025-04-18,PQC
2862,PQC0038,VietJet Air,1.289.000 VND/khách,08:25,2025-05-08,09:30,2025-05-08,1h 5m,Hành lý xách tay 7 kg,Hành lý 0 kg,2025-04-18,PQC
2863,PQC0138,VietJet Air,1.289.000 VND/khách,17:10,2025-05-08,18:15,2025-05-08,1h 5m,Hành lý xách tay 7 kg,Hành lý 0 kg,2025-04-18,PQC
2864,PQC0155,VietJet Air,1.289.000 VND/khách,17:40,2025-05-08,18:45,2025-05-08,1h 5m,Hành lý xách tay 7 kg,Hành lý 0 kg,2025-04-18,PQC
2865,PQC0048,VietJet Air,1.308.000 VND/khách,09:20,2025-05-08,10:20,2025-05-08,1h 0m,Hành lý xách tay 7 kg,Hành lý 0 kg,2025-04-18,PQC
2866,PQC0188,Vietnam Airlines,1.500.498 VND/khách,05:40,2025-05-08,06:40,2025-05-08,1h 0m,Hành lý xách tay 1 x 12 kg,Hành lý 23 kg,2025-04-18,PQC
2867,PQC0275,Vietnam Airlines,1.678.320 VND/khách,15:05,2025-05-08,16:10,2025-05-08,1h 5m,Hành lý xách tay 1 x 12 kg,Hành lý 23 kg,2025-04-18,PQC
2868,PQC0257,Vietnam Airlines,1.756.242 VND/khách,13:05,2025-05-08,14:00,2025-05-08,55m,Hành lý xách tay 1 x 12 kg,Hành lý 23 kg,2025-04-18,PQC
2869,PQC0232,Vietnam Airlines,1.756.242 VND/khách,10:25,2025-05-08,11:25,2025-05-08,1h 0m,Hành lý xách tay 1 x 12 kg,Hành lý 23 kg,2025-04-18,PQC
2870,PQC0209,Vietnam Airlines,1.868.130 VND/khách,08:10,2025-05-08,08:55,2025-05-08,45m,Hành lý xách tay 1 x 12 kg,Hành lý 23 kg,2025-04-18,PQC
2873,PQC0192,Vietnam Airlines,1.580.410 VND/khách,05:40,2025-04-21,06:40,2025-04-21,1h 0m,Hành lý xách tay 1 x 12 kg,Hành lý 23 kg,2025-04-18,PQC
2874,PQC0009,Bamboo Airways,1.013.756 VND/khách,16:30,2025-04-21,17:30,2025-04-21,1h 0m,Hành lý xách tay 7 kg,Hành lý 0 kg,2025-04-18,PQC
2875,PQC0333,Vietravel Airlines,1.052.363 VND/khách,17:25,2025-04-21,18:25,2025-04-21,1h 0m,Hành lý xách tay 7 kg,Hành lý 0 kg,2025-04-18,PQC
2876,PQC0027,VietJet Air,1.142.000 VND/khách,05:55,2025-04-21,06:55,2025-04-21,1h 0m,Hành lý xách tay 7 kg,Hành lý 0 kg,2025-04-18,PQC
2877,PQC0142,VietJet Air,1.142.000 VND/khách,17:10,2025-04-21,18:15,2025-04-21,1h 5m,Hành lý xách tay 7 kg,Hành lý 0 kg,2025-04-18,PQC
2878,PQC0098,VietJet Air,1.289.000 VND/khách,14:05,2025-04-21,15:05,2025-04-21,1h 0m,Hành lý xách tay 7 kg,Hành lý 0 kg,2025-04-18,PQC
2879,PQC0076,VietJet Air,1.406.000 VND/khách,11:35,2025-04-21,12:35,2025-04-21,1h 0m,Hành lý xách tay 7 kg,Hành lý 0 kg,2025-04-18,PQC
2880,PQC0119,VietJet Air,1.406.000 VND/khách,15:40,2025-04-21,16:40,2025-04-21,1h 0m,Hành lý xách tay 7 kg,Hành lý 0 kg,2025-04-18,PQC
2881,PQC0192,Vietnam Airlines,1.580.410 VND/khách,05:40,2025-04-21,06:40,2025-04-21,1h 0m,Hành lý xách tay 1 x 12 kg,Hành lý 23 kg,2025-04-18,PQC
2882,PQC0213,Vietnam Airlines,1.674.324 VND/khách,08:10,2025-04-21,08:55,2025-04-21,45m,Hành lý xách tay 1 x 12 kg,Hành lý 23 kg,2025-04-18,PQC
2883,PQC0052,VietJet Air,1.700.000 VND/khách,09:20,2025-04-21,10:20,2025-04-21,1h 0m,Hành lý xách tay 7 kg,Hành lý 0 kg,2025-04-18,PQC
2884,PQC0279,Vietnam Airlines,1.976.022 VND/khách,15:05,2025-04-21,16:10,2025-04-21,1h 5m,Hành lý xách tay 1 x 12 kg,Hành lý 23 kg,2025-04-18,PQC
2885,PQC0236,Vietnam Airlines,1.994.004 VND/khách,10:25,2025-04-21,11:25,2025-04-21,1h 0m,Hành lý xách tay 1 x 12 kg,Hành lý 23 kg,2025-04-18,PQC
2886,PQC0193,Vietnam Airlines,1.265.733 VND/khách,05:40,2025-04-22,06:40,2025-04-22,1h 0m,Hành lý xách tay 1 x 12 kg,Hành lý 23 kg,2025-04-18,PQC
2887,PQC0334,Vietravel Airlines,1.052.363 VND/khách,17:25,2025-04-22,18:25,2025-04-22,1h 0m,Hành lý xách tay 7 kg,Hành lý 0 kg,2025-04-18,PQC
2888,PQC0028,VietJet Air,1.142.000 VND/khách,05:55,2025-04-22,06:55,2025-04-22,1h 0m,Hành lý xách tay 7 kg,Hành lý 0 kg,2025-04-18,PQC
2889,PQC0143,VietJet Air,1.142.000 VND/khách,17:10,2025-04-22,18:15,2025-04-22,1h 5m,Hành lý xách tay 7 kg,Hành lý 0 kg,2025-04-18,PQC
2890,PQC0120,VietJet Air,1.144.000 VND/khách,15:40,2025-04-22,16:40,2025-04-22,1h 0m,Hành lý xách tay 7 kg,Hành lý 0 kg,2025-04-18,PQC
2891,PQC0053,VietJet Air,1.289.000 VND/khách,09:20,2025-04-22,10:20,2025-04-22,1h 0m,Hành lý xách tay 7 kg,Hành lý 0 kg,2025-04-18,PQC
2892,PQC0077,VietJet Air,1.289.000 VND/khách,11:35,2025-04-22,12:35,2025-04-22,1h 0m,Hành lý xách tay 7 kg,Hành lý 0 kg,2025-04-18,PQC
2893,PQC0099,VietJet Air,1.289.000 VND/khách,14:05,2025-04-22,15:05,2025-04-22,1h 0m,Hành lý xách tay 7 kg,Hành lý 0 kg,2025-04-18,PQC
2894,PQC0214,Vietnam Airlines,1.581.417 VND/khách,08:10,2025-04-22,08:55,2025-04-22,45m,Hành lý xách tay 1 x 12 kg,Hành lý 23 kg,2025-04-18,PQC
2895,PQC0237,Vietnam Airlines,1.909.089 VND/khách,10:25,2025-04-22,11:25,2025-04-22,1h 0m,Hành lý xách tay 1 x 12 kg,Hành lý 23 kg,2025-04-18,PQC
2896,PQC0280,Vietnam Airlines,1.916.082 VND/khách,15:05,2025-04-22,16:10,2025-04-22,1h 5m,Hành lý xách tay 1 x 12 kg,Hành lý 23 kg,2025-04-18,PQC
2897,PQC0261,Vietnam Airlines,1.968.030 VND/khách,13:05,2025-04-22,14:00,2025-04-22,55m,Hành lý xách tay 1 x 12 kg,Hành lý 23 kg,2025-04-18,PQC
2900,PQC0215,Vietnam Airlines,1.596.402 VND/khách,08:10,2025-04-23,08:55,2025-04-23,45m,Hành lý xách tay 1 x 12 kg,Hành lý 23 kg,2025-04-18,PQC
2901,PQC0010,Bamboo Airways,869.953 VND/khách,16:30,2025-04-23,17:30,2025-04-23,1h 0m,Hành lý xách tay 7 kg,Hành lý 0 kg,2025-04-18,PQC
2902,PQC0335,Vietravel Airlines,956.603 VND/khách,17:25,2025-04-23,18:25,2025-04-23,1h 0m,Hành lý xách tay 7 kg,Hành lý 0 kg,2025-04-18,PQC
2903,PQC0157,VietJet Air,1.051.000 VND/khách,17:40,2025-04-23,18:40,2025-04-23,1h 0m,Hành lý xách tay 7 kg,Hành lý 0 kg,2025-04-18,PQC
2904,PQC0029,VietJet Air,1.142.000 VND/khách,05:55,2025-04-23,06:55,2025-04-23,1h 0m,Hành lý xách tay 7 kg,Hành lý 0 kg,2025-04-18,PQC
2905,PQC0129,VietJet Air,1.142.000 VND/khách,16:25,2025-04-23,17:25,2025-04-23,1h 0m,Hành lý xách tay 7 kg,Hành lý 0 kg,2025-04-18,PQC
2906,PQC0054,VietJet Air,1.289.000 VND/khách,09:20,2025-04-23,10:20,2025-04-23,1h 0m,Hành lý xách tay 7 kg,Hành lý 0 kg,2025-04-18,PQC
2907,PQC0078,VietJet Air,1.289.000 VND/khách,11:35,2025-04-23,12:35,2025-04-23,1h 0m,Hành lý xách tay 7 kg,Hành lý 0 kg,2025-04-18,PQC
2908,PQC0100,VietJet Air,1.289.000 VND/khách,14:05,2025-04-23,15:05,2025-04-23,1h 0m,Hành lý xách tay 7 kg,Hành lý 0 kg,2025-04-18,PQC
2909,PQC0215,Vietnam Airlines,1.596.402 VND/khách,08:10,2025-04-23,08:55,2025-04-23,45m,Hành lý xách tay 1 x 12 kg,Hành lý 23 kg,2025-04-18,PQC
2910,PQC0194,Vietnam Airlines,1.674.324 VND/khách,05:40,2025-04-23,06:40,2025-04-23,1h 0m,Hành lý xách tay 1 x 12 kg,Hành lý 23 kg,2025-04-18,PQC
2911,PQC0281,Vietnam Airlines,1.790.208 VND/khách,15:05,2025-04-23,16:10,2025-04-23,1h 5m,Hành lý xách tay 1 x 12 kg,Hành lý 23 kg,2025-04-18,PQC
2912,PQC0238,Vietnam Airlines,1.864.134 VND/khách,10:25,2025-04-23,11:25,2025-04-23,1h 0m,Hành lý xách tay 1 x 12 kg,Hành lý 23 kg,2025-04-18,PQC
2913,PQC0262,Vietnam Airlines,1.935.063 VND/khách,13:05,2025-04-23,14:00,2025-04-23,55m,Hành lý xách tay 1 x 12 kg,Hành lý 23 kg,2025-04-18,PQC
2916,PQC0195,Vietnam Airlines,1.369.629 VND/khách,05:40,2025-04-24,06:40,2025-04-24,1h 0m,Hành lý xách tay 1 x 12 kg,Hành lý 23 kg,2025-04-18,PQC
2917,PQC0336,Vietravel Airlines,1.130.168 VND/khách,17:25,2025-04-24,18:25,2025-04-24,1h 0m,Hành lý xách tay 7 kg,Hành lý 0 kg,2025-04-18,PQC
2918,PQC0030,VietJet Air,1.145.000 VND/khách,05:55,2025-04-24,06:55,2025-04-24,1h 0m,Hành lý xách tay 7 kg,Hành lý 0 kg,2025-04-18,PQC
2919,PQC0130,VietJet Air,1.291.000 VND/khách,16:30,2025-04-24,17:30,2025-04-24,1h 0m,Hành lý xách tay 7 kg,Hành lý 0 kg,2025-04-18,PQC
2920,PQC0158,VietJet Air,1.291.000 VND/khách,17:40,2025-04-24,18:45,2025-04-24,1h 5m,Hành lý xách tay 7 kg,Hành lý 0 kg,2025-04-18,PQC
2921,PQC0101,VietJet Air,1.408.000 VND/khách,14:05,2025-04-24,15:05,2025-04-24,1h 0m,Hành lý xách tay 7 kg,Hành lý 0 kg,2025-04-18,PQC
2922,PQC0039,VietJet Air,1.408.000 VND/khách,08:25,2025-04-24,09:30,2025-04-24,1h 5m,Hành lý xách tay 7 kg,Hành lý 0 kg,2025-04-18,PQC
2923,PQC0079,VietJet Air,1.413.306 VND/khách,11:35,2025-04-24,12:35,2025-04-24,1h 0m,Hành lý xách tay 7 kg,Hành lý 0 kg,2025-04-18,PQC
2924,PQC0282,Vietnam Airlines,1.867.131 VND/khách,15:05,2025-04-24,16:10,2025-04-24,1h 5m,Hành lý xách tay 1 x 12 kg,Hành lý 23 kg,2025-04-18,PQC
2925,PQC0217,Vietnam Airlines,1.879.119 VND/khách,08:10,2025-04-24,08:55,2025-04-24,45m,Hành lý xách tay 1 x 12 kg,Hành lý 23 kg,2025-04-18,PQC
2926,PQC0263,Vietnam Airlines,1.919.079 VND/khách,13:05,2025-04-24,14:00,2025-04-24,55m,Hành lý xách tay 1 x 12 kg,Hành lý 23 kg,2025-04-18,PQC
2927,PQC0239,Vietnam Airlines,1.971.027 VND/khách,10:25,2025-04-24,11:25,2025-04-24,1h 0m,Hành lý xách tay 1 x 12 kg,Hành lý 23 kg,2025-04-18,PQC
2932,PQC0296,Vietnam Airlines,1.678.320 VND/khách,17:25,2025-04-25,18:25,2025-04-25,1h 0m,Hành lý xách tay 1 x 12 kg,Hành lý 23 kg,2025-04-18,PQC
2933,PQC0337,Vietravel Airlines,1.130.168 VND/khách,17:25,2025-04-25,18:25,2025-04-25,1h 0m,Hành lý xách tay 7 kg,Hành lý 0 kg,2025-04-18,PQC
2934,PQC0011,Bamboo Airways,1.167.757 VND/khách,16:30,2025-04-25,17:30,2025-04-25,1h 0m,Hành lý xách tay 7 kg,Hành lý 0 kg,2025-04-18,PQC
2935,PQC0146,VietJet Air,1.289.000 VND/khách,17:10,2025-04-25,18:15,2025-04-25,1h 5m,Hành lý xách tay 7 kg,Hành lý 0 kg,2025-04-18,PQC
2936,PQC0031,VietJet Air,1.406.000 VND/khách,05:55,2025-04-25,06:55,2025-04-25,1h 0m,Hành lý xách tay 7 kg,Hành lý 0 kg,2025-04-18,PQC
2937,PQC0123,VietJet Air,1.406.000 VND/khách,15:40,2025-04-25,16:40,2025-04-25,1h 0m,Hành lý xách tay 7 kg,Hành lý 0 kg,2025-04-18,PQC
2938,PQC0056,VietJet Air,1.424.000 VND/khách,09:20,2025-04-25,10:20,2025-04-25,1h 0m,Hành lý xách tay 7 kg,Hành lý 0 kg,2025-04-18,PQC
2939,PQC0102,VietJet Air,1.582.000 VND/khách,14:05,2025-04-25,15:05,2025-04-25,1h 0m,Hành lý xách tay 7 kg,Hành lý 0 kg,2025-04-18,PQC
2940,PQC0296,Vietnam Airlines,1.678.320 VND/khách,17:25,2025-04-25,18:25,2025-04-25,1h 0m,Hành lý xách tay 1 x 12 kg,Hành lý 23 kg,2025-04-18,PQC
2941,PQC0080,VietJet Air,1.788.000 VND/khách,11:35,2025-04-25,12:35,2025-04-25,1h 0m,Hành lý xách tay 7 kg,Hành lý 0 kg,2025-04-18,PQC
2942,PQC0311,Vietnam Airlines,1.827.171 VND/khách,20:20,2025-04-25,21:20,2025-04-25,1h 0m,Hành lý xách tay 1 x 12 kg,Hành lý 23 kg,2025-04-18,PQC
2943,PQC0250,Vietnam Airlines,1.994.004 VND/khách,13:00,2025-04-25,14:00,2025-04-25,1h 0m,Hành lý xách tay 1 x 12 kg,Hành lý 23 kg,2025-04-18,PQC
2944,PQC0240,Vietnam Airlines,1.998.000 VND/khách,10:25,2025-04-25,11:25,2025-04-25,1h 0m,Hành lý xách tay 1 x 12 kg,Hành lý 23 kg,2025-04-18,PQC
2945,PQC0218,Vietnam Airlines,2.004.993 VND/khách,08:10,2025-04-25,08:55,2025-04-25,45m,Hành lý xách tay 1 x 12 kg,Hành lý 23 kg,2025-04-18,PQC
2946,PQC0196,Vietnam Airlines,2.008.989 VND/khách,05:40,2025-04-25,06:40,2025-04-25,1h 0m,Hành lý xách tay 1 x 12 kg,Hành lý 23 kg,2025-04-18,PQC
2947,PQC0283,Vietnam Airlines,2.008.989 VND/khách,15:05,2025-04-25,16:10,2025-04-25,1h 5m,Hành lý xách tay 1 x 12 kg,Hành lý 23 kg,2025-04-18,PQC
2950,PQC0297,Vietnam Airlines,1.596.402 VND/khách,17:25,2025-04-26,18:25,2025-04-26,1h 0m,Hành lý xách tay 1 x 12 kg,Hành lý 23 kg,2025-04-18,PQC
2951,PQC0338,Vietravel Airlines,1.204.980 VND/khách,17:25,2025-04-26,18:25,2025-04-26,1h 0m,Hành lý xách tay 7 kg,Hành lý 0 kg,2025-04-18,PQC
2952,PQC0032,VietJet Air,1.289.000 VND/khách,05:55,2025-04-26,06:55,2025-04-26,1h 0m,Hành lý xách tay 7 kg,Hành lý 0 kg,2025-04-18,PQC
2953,PQC0147,VietJet Air,1.582.000 VND/khách,17:10,2025-04-26,18:15,2025-04-26,1h 5m,Hành lý xách tay 7 kg,Hành lý 0 kg,2025-04-18,PQC
2954,PQC0103,VietJet Air,1.700.000 VND/khách,14:05,2025-04-26,15:05,2025-04-26,1h 0m,Hành lý xách tay 7 kg,Hành lý 0 kg,2025-04-18,PQC
2955,PQC0312,Vietnam Airlines,1.767.231 VND/khách,20:20,2025-04-26,21:20,2025-04-26,1h 0m,Hành lý xách tay 1 x 12 kg,Hành lý 23 kg,2025-04-18,PQC
2956,PQC0124,VietJet Air,1.788.000 VND/khách,15:40,2025-04-26,16:40,2025-04-26,1h 0m,Hành lý xách tay 7 kg,Hành lý 0 kg,2025-04-18,PQC
2957,PQC0057,VietJet Air,1.817.000 VND/khách,09:20,2025-04-26,10:20,2025-04-26,1h 0m,Hành lý xách tay 7 kg,Hành lý 0 kg,2025-04-18,PQC
2958,PQC0081,VietJet Air,1.817.000 VND/khách,11:35,2025-04-26,12:35,2025-04-26,1h 0m,Hành lý xách tay 7 kg,Hành lý 0 kg,2025-04-18,PQC
2959,PQC0219,Vietnam Airlines,1.883.115 VND/khách,08:10,2025-04-26,08:55,2025-04-26,45m,Hành lý xách tay 1 x 12 kg,Hành lý 23 kg,2025-04-18,PQC
2960,PQC0284,Vietnam Airlines,1.920.078 VND/khách,15:05,2025-04-26,16:10,2025-04-26,1h 5m,Hành lý xách tay 1 x 12 kg,Hành lý 23 kg,2025-04-18,PQC
2961,PQC0241,Vietnam Airlines,2.008.989 VND/khách,10:25,2025-04-26,11:25,2025-04-26,1h 0m,Hành lý xách tay 1 x 12 kg,Hành lý 23 kg,2025-04-18,PQC
2962,PQC0198,Vietnam Airlines,1.269.729 VND/khách,05:40,2025-04-27,06:40,2025-04-27,1h 0m,Hành lý xách tay 1 x 12 kg,Hành lý 23 kg,2025-04-18,PQC
2963,PQC0012,Bamboo Airways,1.013.756 VND/khách,16:30,2025-04-27,17:30,2025-04-27,1h 0m,Hành lý xách tay 7 kg,Hành lý 0 kg,2025-04-18,PQC
2964,PQC0339,Vietravel Airlines,1.052.363 VND/khách,17:25,2025-04-27,18:25,2025-04-27,1h 0m,Hành lý xách tay 7 kg,Hành lý 0 kg,2025-04-18,PQC
2965,PQC0033,VietJet Air,1.142.000 VND/khách,05:55,2025-04-27,06:55,2025-04-27,1h 0m,Hành lý xách tay 7 kg,Hành lý 0 kg,2025-04-18,PQC
2966,PQC0177,Vietnam Airlines,1.161.837 VND/khách,05:25,2025-04-27,06:20,2025-04-27,55m,Hành lý xách tay 1 x 12 kg,Hành lý 23 kg,2025-04-18,PQC
2967,PQC0302,Vietnam Airlines,1.381.617 VND/khách,19:20,2025-04-27,20:20,2025-04-27,1h 0m,Hành lý xách tay 1 x 12 kg,Hành lý 23 kg,2025-04-18,PQC
2968,PQC0313,Vietnam Airlines,1.477.521 VND/khách,20:20,2025-04-27,21:20,2025-04-27,1h 0m,Hành lý xách tay 1 x 12 kg,Hành lý 23 kg,2025-04-18,PQC
2969,PQC0125,VietJet Air,1.582.000 VND/khách,15:40,2025-04-27,16:40,2025-04-27,1h 0m,Hành lý xách tay 7 kg,Hành lý 0 kg,2025-04-18,PQC
2970,PQC0148,VietJet Air,1.582.000 VND/khách,17:10,2025-04-27,18:15,2025-04-27,1h 5m,Hành lý xách tay 7 kg,Hành lý 0 kg,2025-04-18,PQC
2971,PQC0242,Vietnam Airlines,1.678.320 VND/khách,10:25,2025-04-27,11:25,2025-04-27,1h 0m,Hành lý xách tay 1 x 12 kg,Hành lý 23 kg,2025-04-18,PQC
2972,PQC0285,Vietnam Airlines,1.678.320 VND/khách,15:05,2025-04-27,16:10,2025-04-27,1h 5m,Hành lý xách tay 1 x 12 kg,Hành lý 23 kg,2025-04-18,PQC
2973,PQC0104,VietJet Air,1.701.383 VND/khách,14:05,2025-04-27,15:05,2025-04-27,1h 0m,Hành lý xách tay 7 kg,Hành lý 0 kg,2025-04-18,PQC
2974,PQC0082,VietJet Air,1.788.000 VND/khách,11:35,2025-04-27,12:35,2025-04-27,1h 0m,Hành lý xách tay 7 kg,Hành lý 0 kg,2025-04-18,PQC
2975,PQC0058,VietJet Air,1.817.000 VND/khách,09:20,2025-04-27,10:20,2025-04-27,1h 0m,Hành lý xách tay 7 kg,Hành lý 0 kg,2025-04-18,PQC
2976,PQC0220,Vietnam Airlines,1.924.074 VND/khách,08:10,2025-04-27,08:55,2025-04-27,45m,Hành lý xách tay 1 x 12 kg,Hành lý 23 kg,2025-04-18,PQC
2977,PQC0265,Vietnam Airlines,1.927.071 VND/khách,13:05,2025-04-27,14:00,2025-04-27,55m,Hành lý xách tay 1 x 12 kg,Hành lý 23 kg,2025-04-18,PQC
2980,PQC0199,Vietnam Airlines,1.146.852 VND/khách,05:40,2025-04-28,06:40,2025-04-28,1h 0m,Hành lý xách tay 1 x 12 kg,Hành lý 23 kg,2025-04-18,PQC
2981,PQC0340,Vietravel Airlines,1.052.363 VND/khách,17:25,2025-04-28,18:25,2025-04-28,1h 0m,Hành lý xách tay 7 kg,Hành lý 0 kg,2025-04-18,PQC
2982,PQC0034,VietJet Air,1.142.000 VND/khách,05:55,2025-04-28,06:55,2025-04-28,1h 0m,Hành lý xách tay 7 kg,Hành lý 0 kg,2025-04-18,PQC
2983,PQC0178,Vietnam Airlines,1.158.840 VND/khách,05:25,2025-04-28,06:20,2025-04-28,55m,Hành lý xách tay 1 x 12 kg,Hành lý 23 kg,2025-04-18,PQC
2984,PQC0013,Bamboo Airways,1.167.757 VND/khách,16:30,2025-04-28,17:30,2025-04-28,1h 0m,Hành lý xách tay 7 kg,Hành lý 0 kg,2025-04-18,PQC
2985,PQC0298,Vietnam Airlines,1.496.502 VND/khách,17:25,2025-04-28,18:25,2025-04-28,1h 0m,Hành lý xách tay 1 x 12 kg,Hành lý 23 kg,2025-04-18,PQC
2986,PQC0149,VietJet Air,1.582.000 VND/khách,17:10,2025-04-28,18:15,2025-04-28,1h 5m,Hành lý xách tay 7 kg,Hành lý 0 kg,2025-04-18,PQC
2987,PQC0221,Vietnam Airlines,1.589.409 VND/khách,08:10,2025-04-28,08:55,2025-04-28,45m,Hành lý xách tay 1 x 12 kg,Hành lý 23 kg,2025-04-18,PQC
2988,PQC0314,Vietnam Airlines,1.693.305 VND/khách,20:20,2025-04-28,21:20,2025-04-28,1h 0m,Hành lý xách tay 1 x 12 kg,Hành lý 23 kg,2025-04-18,PQC
2989,PQC0105,VietJet Air,1.700.000 VND/khách,14:05,2025-04-28,15:05,2025-04-28,1h 0m,Hành lý xách tay 7 kg,Hành lý 0 kg,2025-04-18,PQC
2990,PQC0126,VietJet Air,1.700.000 VND/khách,15:40,2025-04-28,16:40,2025-04-28,1h 0m,Hành lý xách tay 7 kg,Hành lý 0 kg,2025-04-18,PQC
2991,PQC0059,VietJet Air,1.788.000 VND/khách,09:20,2025-04-28,10:20,2025-04-28,1h 0m,Hành lý xách tay 7 kg,Hành lý 0 kg,2025-04-18,PQC
2992,PQC0083,VietJet Air,1.788.000 VND/khách,11:35,2025-04-28,12:35,2025-04-28,1h 0m,Hành lý xách tay 7 kg,Hành lý 0 kg,2025-04-18,PQC
2993,PQC0243,Vietnam Airlines,1.924.074 VND/khách,10:25,2025-04-28,11:25,2025-04-28,1h 0m,Hành lý xách tay 1 x 12 kg,Hành lý 23 kg,2025-04-18,PQC
2994,PQC0286,Vietnam Airlines,1.924.074 VND/khách,15:05,2025-04-28,16:10,2025-04-28,1h 5m,Hành lý xách tay 1 x 12 kg,Hành lý 23 kg,2025-04-18,PQC
2995,PQC0266,Vietnam Airlines,2.004.993 VND/khách,13:05,2025-04-28,14:00,2025-04-28,55m,Hành lý xách tay 1 x 12 kg,Hành lý 23 kg,2025-04-18,PQC
2998,PQC0267,Vietnam Airlines,1.991.007 VND/khách,13:05,2025-04-29,14:00,2025-04-29,55m,Hành lý xách tay 1 x 12 kg,Hành lý 23 kg,2025-04-18,PQC
2999,PQC0341,Vietravel Airlines,1.631.910 VND/khách,17:25,2025-04-29,18:25,2025-04-29,1h 0m,Hành lý xách tay 7 kg,Hành lý 0 kg,2025-04-18,PQC
3000,PQC0035,VietJet Air,1.788.000 VND/khách,05:55,2025-04-29,06:55,2025-04-29,1h 0m,Hành lý xách tay 7 kg,Hành lý 0 kg,2025-04-18,PQC
3001,PQC0127,VietJet Air,1.788.000 VND/khách,15:40,2025-04-29,16:40,2025-04-29,1h 0m,Hành lý xách tay 7 kg,Hành lý 0 kg,2025-04-18,PQC
3002,PQC0040,VietJet Air,1.788.000 VND/khách,08:25,2025-04-29,09:30,2025-04-29,1h 5m,Hành lý xách tay 7 kg,Hành lý 0 kg,2025-04-18,PQC
3003,PQC0179,Vietnam Airlines,1.790.208 VND/khách,05:25,2025-04-29,06:20,2025-04-29,55m,Hành lý xách tay 1 x 12 kg,Hành lý 23 kg,2025-04-18,PQC
3004,PQC0060,VietJet Air,1.817.000 VND/khách,09:20,2025-04-29,10:20,2025-04-29,1h 0m,Hành lý xách tay 7 kg,Hành lý 0 kg,2025-04-18,PQC
3005,PQC0084,VietJet Air,1.817.000 VND/khách,11:35,2025-04-29,12:35,2025-04-29,1h 0m,Hành lý xách tay 7 kg,Hành lý 0 kg,2025-04-18,PQC
3006,PQC0106,VietJet Air,1.817.000 VND/khách,14:05,2025-04-29,15:05,2025-04-29,1h 0m,Hành lý xách tay 7 kg,Hành lý 0 kg,2025-04-18,PQC
3007,PQC0267,Vietnam Airlines,1.991.007 VND/khách,13:05,2025-04-29,14:00,2025-04-29,55m,Hành lý xách tay 1 x 12 kg,Hành lý 23 kg,2025-04-18,PQC
3008,PQC0299,Vietnam Airlines,2.004.993 VND/khách,17:25,2025-04-29,18:25,2025-04-29,1h 0m,Hành lý xách tay 1 x 12 kg,Hành lý 23 kg,2025-04-18,PQC
3009,PQC0321,Vietnam Airlines,2.004.993 VND/khách,21:05,2025-04-29,22:05,2025-04-29,1h 0m,Hành lý xách tay 1 x 12 kg,Hành lý 23 kg,2025-04-18,PQC
3010,PQC0287,Vietnam Airlines,2.004.993 VND/khách,15:05,2025-04-29,16:10,2025-04-29,1h 5m,Hành lý xách tay 1 x 12 kg,Hành lý 23 kg,2025-04-18,PQC
3011,PQC0200,Vietnam Airlines,2.008.989 VND/khách,05:40,2025-04-29,06:40,2025-04-29,1h 0m,Hành lý xách tay 1 x 12 kg,Hành lý 23 kg,2025-04-18,PQC
3017,PQC0300,Vietnam Airlines,2.004.993 VND/khách,17:25,2025-04-30,18:25,2025-04-30,1h 0m,Hành lý xách tay 1 x 12 kg,Hành lý 23 kg,2025-04-18,PQC
3018,PQC0085,VietJet Air,3.731.996 VND/khách,11:35,2025-04-30,12:35,2025-04-30,1h 0m,Hành lý xách tay 7 kg,Hành lý 0 kg,2025-04-18,PQC
3020,PQC0289,Vietnam Airlines,1.985.013 VND/khách,16:15,2025-05-01,17:15,2025-05-01,1h 0m,Hành lý xách tay 1 x 12 kg,Hành lý 23 kg,2025-04-19,PQC
3021,PQC0322,Vietravel Airlines,1.873.305 VND/khách,17:25,2025-05-01,18:25,2025-05-01,1h 0m,Hành lý xách tay 7 kg,Hành lý 0 kg,2025-04-19,PQC
3022,PQC0131,VietJet Air,1.927.000 VND/khách,17:10,2025-05-01,18:15,2025-05-01,1h 5m,Hành lý xách tay 7 kg,Hành lý 0 kg,2025-04-19,PQC
3023,PQC0154,VietJet Air,1.927.000 VND/khách,17:40,2025-05-01,18:45,2025-05-01,1h 5m,Hành lý xách tay 7 kg,Hành lý 0 kg,2025-04-19,PQC
3024,PQC0001,Bamboo Airways,1.934.703 VND/khách,16:30,2025-05-01,17:30,2025-05-01,1h 0m,Hành lý xách tay 7 kg,Hành lý 20 kg,2025-04-19,PQC
3025,PQC0065,VietJet Air,1.948.000 VND/khách,11:35,2025-05-01,12:35,2025-05-01,1h 0m,Hành lý xách tay 7 kg,Hành lý 0 kg,2025-04-19,PQC
3026,PQC0304,Vietnam Airlines,1.996.002 VND/khách,20:20,2025-05-01,21:20,2025-05-01,1h 0m,Hành lý xách tay 1 x 12 kg,Hành lý 23 kg,2025-04-19,PQC
3027,PQC0291,Vietnam Airlines,2.006.991 VND/khách,17:25,2025-05-01,18:25,2025-05-01,1h 0m,Hành lý xách tay 1 x 12 kg,Hành lý 23 kg,2025-04-19,PQC
3035,PQC0292,Vietnam Airlines,1.985.013 VND/khách,17:25,2025-05-02,18:25,2025-05-02,1h 0m,Hành lý xách tay 1 x 12 kg,Hành lý 23 kg,2025-04-19,PQC
3036,PQC0167,Vietnam Airlines,1.590.408 VND/khách,05:25,2025-05-02,06:20,2025-05-02,55m,Hành lý xách tay 1 x 12 kg,Hành lý 23 kg,2025-04-19,PQC
3037,PQC0002,Bamboo Airways,1.608.343 VND/khách,16:30,2025-05-02,17:30,2025-05-02,1h 0m,Hành lý xách tay 7 kg,Hành lý 0 kg,2025-04-19,PQC
3038,PQC0323,Vietravel Airlines,1.632.908 VND/khách,17:25,2025-05-02,18:25,2025-05-02,1h 0m,Hành lý xách tay 7 kg,Hành lý 0 kg,2025-04-19,PQC
3039,PQC0017,VietJet Air,1.726.000 VND/khách,05:55,2025-05-02,06:55,2025-05-02,1h 0m,Hành lý xách tay 7 kg,Hành lý 0 kg,2025-04-19,PQC
3040,PQC0109,VietJet Air,1.726.000 VND/khách,15:40,2025-05-02,16:40,2025-05-02,1h 0m,Hành lý xách tay 7 kg,Hành lý 0 kg,2025-04-19,PQC
3041,PQC0132,VietJet Air,1.726.000 VND/khách,17:10,2025-05-02,18:15,2025-05-02,1h 5m,Hành lý xách tay 7 kg,Hành lý 0 kg,2025-04-19,PQC
3042,PQC0088,VietJet Air,1.815.000 VND/khách,14:05,2025-05-02,15:05,2025-05-02,1h 0m,Hành lý xách tay 7 kg,Hành lý 0 kg,2025-04-19,PQC
3043,PQC0292,Vietnam Airlines,1.985.013 VND/khách,17:25,2025-05-02,18:25,2025-05-02,1h 0m,Hành lý xách tay 1 x 12 kg,Hành lý 23 kg,2025-04-19,PQC
3044,PQC0301,Vietnam Airlines,1.985.013 VND/khách,19:20,2025-05-02,20:20,2025-05-02,1h 0m,Hành lý xách tay 1 x 12 kg,Hành lý 23 kg,2025-04-19,PQC
3045,PQC0305,Vietnam Airlines,1.996.002 VND/khách,20:20,2025-05-02,21:20,2025-05-02,1h 0m,Hành lý xách tay 1 x 12 kg,Hành lý 23 kg,2025-04-19,PQC
3046,PQC0248,Vietnam Airlines,2.002.995 VND/khách,13:00,2025-05-02,14:00,2025-05-02,1h 0m,Hành lý xách tay 1 x 12 kg,Hành lý 23 kg,2025-04-19,PQC
3047,PQC0269,Vietnam Airlines,2.002.995 VND/khách,15:05,2025-05-02,16:10,2025-05-02,1h 5m,Hành lý xách tay 1 x 12 kg,Hành lý 23 kg,2025-04-19,PQC
3048,PQC0182,Vietnam Airlines,2.005.992 VND/khách,05:40,2025-05-02,06:40,2025-05-02,1h 0m,Hành lý xách tay 1 x 12 kg,Hành lý 23 kg,2025-04-19,PQC
3050,PQC0183,Vietnam Airlines,1.486.512 VND/khách,05:40,2025-05-03,06:40,2025-05-03,1h 0m,Hành lý xách tay 1 x 12 kg,Hành lý 23 kg,2025-04-19,PQC
3051,PQC0003,Bamboo Airways,1.013.756 VND/khách,16:30,2025-05-03,17:30,2025-05-03,1h 0m,Hành lý xách tay 7 kg,Hành lý 0 kg,2025-04-19,PQC
3052,PQC0168,Vietnam Airlines,1.252.746 VND/khách,05:25,2025-05-03,06:20,2025-05-03,55m,Hành lý xách tay 1 x 12 kg,Hành lý 23 kg,2025-04-19,PQC
3053,PQC0324,Vietravel Airlines,1.302.735 VND/khách,17:25,2025-05-03,18:25,2025-05-03,1h 0m,Hành lý xách tay 7 kg,Hành lý 0 kg,2025-04-19,PQC
3054,PQC0293,Vietnam Airlines,1.486.512 VND/khách,17:25,2025-05-03,18:25,2025-05-03,1h 0m,Hành lý xách tay 1 x 12 kg,Hành lý 23 kg,2025-04-19,PQC
3055,PQC0303,Vietnam Airlines,1.486.512 VND/khách,19:45,2025-05-03,20:45,2025-05-03,1h 0m,Hành lý xách tay 1 x 12 kg,Hành lý 23 kg,2025-04-19,PQC
3056,PQC0306,Vietnam Airlines,1.709.289 VND/khách,20:20,2025-05-03,21:20,2025-05-03,1h 0m,Hành lý xách tay 1 x 12 kg,Hành lý 23 kg,2025-04-19,PQC
3057,PQC0089,VietJet Air,1.726.000 VND/khách,14:05,2025-05-03,15:05,2025-05-03,1h 0m,Hành lý xách tay 7 kg,Hành lý 0 kg,2025-04-19,PQC
3058,PQC0037,VietJet Air,1.726.000 VND/khách,08:25,2025-05-03,09:30,2025-05-03,1h 5m,Hành lý xách tay 7 kg,Hành lý 0 kg,2025-04-19,PQC
3059,PQC0204,Vietnam Airlines,1.753.245 VND/khách,08:10,2025-05-03,08:55,2025-05-03,45m,Hành lý xách tay 1 x 12 kg,Hành lý 23 kg,2025-04-19,PQC
3060,PQC0018,VietJet Air,1.815.000 VND/khách,05:55,2025-05-03,06:55,2025-05-03,1h 0m,Hành lý xách tay 7 kg,Hành lý 0 kg,2025-04-19,PQC
3061,PQC0133,VietJet Air,1.815.000 VND/khách,17:10,2025-05-03,18:15,2025-05-03,1h 5m,Hành lý xách tay 7 kg,Hành lý 0 kg,2025-04-19,PQC
3062,PQC0043,VietJet Air,1.841.000 VND/khách,09:20,2025-05-03,10:20,2025-05-03,1h 0m,Hành lý xách tay 7 kg,Hành lý 0 kg,2025-04-19,PQC
3063,PQC0067,VietJet Air,1.841.000 VND/khách,11:35,2025-05-03,12:35,2025-05-03,1h 0m,Hành lý xách tay 7 kg,Hành lý 0 kg,2025-04-19,PQC
3064,PQC0110,VietJet Air,1.841.000 VND/khách,15:40,2025-05-03,16:40,2025-05-03,1h 0m,Hành lý xách tay 7 kg,Hành lý 0 kg,2025-04-19,PQC
3065,PQC0270,Vietnam Airlines,1.880.118 VND/khách,15:05,2025-05-03,16:10,2025-05-03,1h 5m,Hành lý xách tay 1 x 12 kg,Hành lý 23 kg,2025-04-19,PQC
3066,PQC0227,Vietnam Airlines,1.914.084 VND/khách,10:25,2025-05-03,11:25,2025-05-03,1h 0m,Hành lý xách tay 1 x 12 kg,Hành lý 23 kg,2025-04-19,PQC
3067,PQC0252,Vietnam Airlines,1.974.024 VND/khách,13:05,2025-05-03,14:00,2025-05-03,55m,Hành lý xách tay 1 x 12 kg,Hành lý 23 kg,2025-04-19,PQC
3071,PQC0184,Vietnam Airlines,1.237.761 VND/khách,05:40,2025-05-04,06:40,2025-05-04,1h 0m,Hành lý xách tay 1 x 12 kg,Hành lý 23 kg,2025-04-19,PQC
3072,PQC0325,Vietravel Airlines,749.123 VND/khách,17:25,2025-05-04,18:25,2025-05-04,1h 0m,Hành lý xách tay 7 kg,Hành lý 0 kg,2025-04-19,PQC
3073,PQC0004,Bamboo Airways,1.018.850 VND/khách,16:30,2025-05-04,17:30,2025-05-04,1h 0m,Hành lý xách tay 7 kg,Hành lý 0 kg,2025-04-19,PQC
3074,PQC0019,VietJet Air,1.050.000 VND/khách,05:55,2025-05-04,06:55,2025-05-04,1h 0m,Hành lý xách tay 7 kg,Hành lý 0 kg,2025-04-19,PQC
3075,PQC0111,VietJet Air,1.050.000 VND/khách,15:40,2025-05-04,16:40,2025-05-04,1h 0m,Hành lý xách tay 7 kg,Hành lý 0 kg,2025-04-19,PQC
3076,PQC0134,VietJet Air,1.050.000 VND/khách,17:10,2025-05-04,18:15,2025-05-04,1h 5m,Hành lý xách tay 7 kg,Hành lý 0 kg,2025-04-19,PQC
3077,PQC0169,Vietnam Airlines,1.092.906 VND/khách,05:25,2025-05-04,06:20,2025-05-04,55m,Hành lý xách tay 1 x 12 kg,Hành lý 23 kg,2025-04-19,PQC
3078,PQC0090,VietJet Air,1.165.000 VND/khách,14:05,2025-05-04,15:05,2025-05-04,1h 0m,Hành lý xách tay 7 kg,Hành lý 0 kg,2025-04-19,PQC
3079,PQC0184,Vietnam Airlines,1.237.761 VND/khách,05:40,2025-05-04,06:40,2025-05-04,1h 0m,Hành lý xách tay 1 x 12 kg,Hành lý 23 kg,2025-04-19,PQC
3080,PQC0307,Vietnam Airlines,1.237.761 VND/khách,20:20,2025-05-04,21:20,2025-05-04,1h 0m,Hành lý xách tay 1 x 12 kg,Hành lý 23 kg,2025-04-19,PQC
3081,PQC0162,Vietnam Airlines,1.252.746 VND/khách,05:10,2025-05-04,06:10,2025-05-04,1h 0m,Hành lý xách tay 1 x 12 kg,Hành lý 23 kg,2025-04-19,PQC
3082,PQC0294,Vietnam Airlines,1.252.746 VND/khách,17:25,2025-05-04,18:25,2025-05-04,1h 0m,Hành lý xách tay 1 x 12 kg,Hành lý 23 kg,2025-04-19,PQC
3083,PQC0317,Vietnam Airlines,1.252.746 VND/khách,20:25,2025-05-04,21:25,2025-05-04,1h 0m,Hành lý xách tay 1 x 12 kg,Hành lý 23 kg,2025-04-19,PQC
3084,PQC0044,VietJet Air,1.306.000 VND/khách,09:20,2025-05-04,10:20,2025-05-04,1h 0m,Hành lý xách tay 7 kg,Hành lý 0 kg,2025-04-19,PQC
3085,PQC0068,VietJet Air,1.306.000 VND/khách,11:35,2025-05-04,12:35,2025-05-04,1h 0m,Hành lý xách tay 7 kg,Hành lý 0 kg,2025-04-19,PQC
3086,PQC0271,Vietnam Airlines,1.385.613 VND/khách,15:05,2025-05-04,16:10,2025-05-04,1h 5m,Hành lý xách tay 1 x 12 kg,Hành lý 23 kg,2025-04-19,PQC
3087,PQC0205,Vietnam Airlines,1.474.524 VND/khách,08:10,2025-05-04,08:55,2025-05-04,45m,Hành lý xách tay 1 x 12 kg,Hành lý 23 kg,2025-04-19,PQC
3088,PQC0253,Vietnam Airlines,1.586.412 VND/khách,13:05,2025-05-04,14:00,2025-05-04,55m,Hành lý xách tay 1 x 12 kg,Hành lý 23 kg,2025-04-19,PQC
3089,PQC0228,Vietnam Airlines,1.586.412 VND/khách,10:25,2025-05-04,11:25,2025-05-04,1h 0m,Hành lý xách tay 1 x 12 kg,Hành lý 23 kg,2025-04-19,PQC
3092,PQC0185,Vietnam Airlines,1.353.645 VND/khách,05:40,2025-05-05,06:40,2025-05-05,1h 0m,Hành lý xách tay 1 x 12 kg,Hành lý 23 kg,2025-04-19,PQC
3093,PQC0326,Vietravel Airlines,749.123 VND/khách,17:25,2025-05-05,18:25,2025-05-05,1h 0m,Hành lý xách tay 7 kg,Hành lý 0 kg,2025-04-19,PQC
3094,PQC0135,VietJet Air,827.000 VND/khách,17:10,2025-05-05,18:15,2025-05-05,1h 5m,Hành lý xách tay 7 kg,Hành lý 0 kg,2025-04-19,PQC
3095,PQC0170,Vietnam Airlines,833.166 VND/khách,05:25,2025-05-05,06:20,2025-05-05,55m,Hành lý xách tay 1 x 12 kg,Hành lý 0 kg,2025-04-19,PQC
3096,PQC0005,Bamboo Airways,874.325 VND/khách,16:30,2025-05-05,17:30,2025-05-05,1h 0m,Hành lý xách tay 7 kg,Hành lý 0 kg,2025-04-19,PQC
3097,PQC0020,VietJet Air,1.050.000 VND/khách,05:55,2025-05-05,06:55,2025-05-05,1h 0m,Hành lý xách tay 7 kg,Hành lý 0 kg,2025-04-19,PQC
3098,PQC0112,VietJet Air,1.050.000 VND/khách,15:40,2025-05-05,16:40,2025-05-05,1h 0m,Hành lý xách tay 7 kg,Hành lý 0 kg,2025-04-19,PQC
3099,PQC0091,VietJet Air,1.165.000 VND/khách,14:05,2025-05-05,15:05,2025-05-05,1h 0m,Hành lý xách tay 7 kg,Hành lý 0 kg,2025-04-19,PQC
3100,PQC0045,VietJet Air,1.306.000 VND/khách,09:20,2025-05-05,10:20,2025-05-05,1h 0m,Hành lý xách tay 7 kg,Hành lý 0 kg,2025-04-19,PQC
3101,PQC0069,VietJet Air,1.306.000 VND/khách,11:35,2025-05-05,12:35,2025-05-05,1h 0m,Hành lý xách tay 7 kg,Hành lý 0 kg,2025-04-19,PQC
3102,PQC0185,Vietnam Airlines,1.353.645 VND/khách,05:40,2025-05-05,06:40,2025-05-05,1h 0m,Hành lý xách tay 1 x 12 kg,Hành lý 23 kg,2025-04-19,PQC
3103,PQC0308,Vietnam Airlines,1.364.634 VND/khách,20:20,2025-05-05,21:20,2025-05-05,1h 0m,Hành lý xách tay 1 x 12 kg,Hành lý 23 kg,2025-04-19,PQC
3104,PQC0318,Vietnam Airlines,1.371.627 VND/khách,20:25,2025-05-05,21:25,2025-05-05,1h 0m,Hành lý xách tay 1 x 12 kg,Hành lý 23 kg,2025-04-19,PQC
3105,PQC0295,Vietnam Airlines,1.385.613 VND/khách,17:25,2025-05-05,18:25,2025-05-05,1h 0m,Hành lý xách tay 1 x 12 kg,Hành lý 23 kg,2025-04-19,PQC
3106,PQC0254,Vietnam Airlines,1.486.512 VND/khách,13:05,2025-05-05,14:00,2025-05-05,55m,Hành lý xách tay 1 x 12 kg,Hành lý 23 kg,2025-04-19,PQC
3107,PQC0272,Vietnam Airlines,1.486.512 VND/khách,15:05,2025-05-05,16:10,2025-05-05,1h 5m,Hành lý xách tay 1 x 12 kg,Hành lý 23 kg,2025-04-19,PQC
3108,PQC0206,Vietnam Airlines,1.676.322 VND/khách,08:10,2025-05-05,08:55,2025-05-05,45m,Hành lý xách tay 1 x 12 kg,Hành lý 23 kg,2025-04-19,PQC
3109,PQC0229,Vietnam Airlines,1.779.219 VND/khách,10:25,2025-05-05,11:25,2025-05-05,1h 0m,Hành lý xách tay 1 x 12 kg,Hành lý 23 kg,2025-04-19,PQC
3112,PQC0186,Vietnam Airlines,1.348.650 VND/khách,05:40,2025-05-06,06:40,2025-05-06,1h 0m,Hành lý xách tay 1 x 12 kg,Hành lý 23 kg,2025-04-19,PQC
3113,PQC0327,Vietravel Airlines,749.123 VND/khách,17:25,2025-05-06,18:25,2025-05-06,1h 0m,Hành lý xách tay 7 kg,Hành lý 0 kg,2025-04-19,PQC
3114,PQC0021,VietJet Air,827.000 VND/khách,05:55,2025-05-06,06:55,2025-05-06,1h 0m,Hành lý xách tay 7 kg,Hành lý 0 kg,2025-04-19,PQC
3115,PQC0136,VietJet Air,827.000 VND/khách,17:10,2025-05-06,18:15,2025-05-06,1h 5m,Hành lý xách tay 7 kg,Hành lý 0 kg,2025-04-19,PQC
3116,PQC0113,VietJet Air,1.050.000 VND/khách,15:40,2025-05-06,16:40,2025-05-06,1h 0m,Hành lý xách tay 7 kg,Hành lý 0 kg,2025-04-19,PQC
3117,PQC0070,VietJet Air,1.165.000 VND/khách,11:35,2025-05-06,12:35,2025-05-06,1h 0m,Hành lý xách tay 7 kg,Hành lý 0 kg,2025-04-19,PQC
3118,PQC0092,VietJet Air,1.165.000 VND/khách,14:05,2025-05-06,15:05,2025-05-06,1h 0m,Hành lý xách tay 7 kg,Hành lý 0 kg,2025-04-19,PQC
3119,PQC0046,VietJet Air,1.176.000 VND/khách,09:20,2025-05-06,10:20,2025-05-06,1h 0m,Hành lý xách tay 7 kg,Hành lý 0 kg,2025-04-19,PQC
3120,PQC0186,Vietnam Airlines,1.348.650 VND/khách,05:40,2025-05-06,06:40,2025-05-06,1h 0m,Hành lý xách tay 1 x 12 kg,Hành lý 23 kg,2025-04-19,PQC
3121,PQC0207,Vietnam Airlines,1.579.419 VND/khách,08:10,2025-05-06,08:55,2025-05-06,45m,Hành lý xách tay 1 x 12 kg,Hành lý 23 kg,2025-04-19,PQC
3122,PQC0273,Vietnam Airlines,1.579.419 VND/khách,15:05,2025-05-06,16:10,2025-05-06,1h 5m,Hành lý xách tay 1 x 12 kg,Hành lý 23 kg,2025-04-19,PQC
3123,PQC0255,Vietnam Airlines,1.601.397 VND/khách,13:05,2025-05-06,14:00,2025-05-06,55m,Hành lý xách tay 1 x 12 kg,Hành lý 23 kg,2025-04-19,PQC
3124,PQC0230,Vietnam Airlines,1.791.207 VND/khách,10:25,2025-05-06,11:25,2025-05-06,1h 0m,Hành lý xách tay 1 x 12 kg,Hành lý 23 kg,2025-04-19,PQC
3127,PQC0187,Vietnam Airlines,1.353.645 VND/khách,05:40,2025-05-07,06:40,2025-05-07,1h 0m,Hành lý xách tay 1 x 12 kg,Hành lý 23 kg,2025-04-19,PQC
3128,PQC0328,Vietravel Airlines,749.123 VND/khách,17:25,2025-05-07,18:25,2025-05-07,1h 0m,Hành lý xách tay 7 kg,Hành lý 0 kg,2025-04-19,PQC
3129,PQC0022,VietJet Air,827.000 VND/khách,05:55,2025-05-07,06:55,2025-05-07,1h 0m,Hành lý xách tay 7 kg,Hành lý 0 kg,2025-04-19,PQC
3130,PQC0137,VietJet Air,827.000 VND/khách,17:10,2025-05-07,18:15,2025-05-07,1h 5m,Hành lý xách tay 7 kg,Hành lý 0 kg,2025-04-19,PQC
3131,PQC0006,Bamboo Airways,1.018.850 VND/khách,16:30,2025-05-07,17:30,2025-05-07,1h 0m,Hành lý xách tay 7 kg,Hành lý 0 kg,2025-04-19,PQC
3132,PQC0114,VietJet Air,1.050.000 VND/khách,15:40,2025-05-07,16:40,2025-05-07,1h 0m,Hành lý xách tay 7 kg,Hành lý 0 kg,2025-04-19,PQC
3133,PQC0047,VietJet Air,1.165.000 VND/khách,09:20,2025-05-07,10:20,2025-05-07,1h 0m,Hành lý xách tay 7 kg,Hành lý 0 kg,2025-04-19,PQC
3134,PQC0071,VietJet Air,1.165.000 VND/khách,11:35,2025-05-07,12:35,2025-05-07,1h 0m,Hành lý xách tay 7 kg,Hành lý 0 kg,2025-04-19,PQC
3135,PQC0093,VietJet Air,1.165.000 VND/khách,14:05,2025-05-07,15:05,2025-05-07,1h 0m,Hành lý xách tay 7 kg,Hành lý 0 kg,2025-04-19,PQC
3136,PQC0187,Vietnam Airlines,1.353.645 VND/khách,05:40,2025-05-07,06:40,2025-05-07,1h 0m,Hành lý xách tay 1 x 12 kg,Hành lý 23 kg,2025-04-19,PQC
3137,PQC0274,Vietnam Airlines,1.594.404 VND/khách,15:05,2025-05-07,16:10,2025-05-07,1h 5m,Hành lý xách tay 1 x 12 kg,Hành lý 23 kg,2025-04-19,PQC
3138,PQC0208,Vietnam Airlines,1.679.319 VND/khách,08:10,2025-05-07,08:55,2025-05-07,45m,Hành lý xách tay 1 x 12 kg,Hành lý 23 kg,2025-04-19,PQC
3139,PQC0231,Vietnam Airlines,1.776.222 VND/khách,10:25,2025-05-07,11:25,2025-05-07,1h 0m,Hành lý xách tay 1 x 12 kg,Hành lý 23 kg,2025-04-19,PQC
3140,PQC0256,Vietnam Airlines,1.876.122 VND/khách,13:05,2025-05-07,14:00,2025-05-07,55m,Hành lý xách tay 1 x 12 kg,Hành lý 23 kg,2025-04-19,PQC
3143,PQC0188,Vietnam Airlines,1.486.512 VND/khách,05:40,2025-05-08,06:40,2025-05-08,1h 0m,Hành lý xách tay 1 x 12 kg,Hành lý 23 kg,2025-04-19,PQC
3144,PQC0023,VietJet Air,1.050.000 VND/khách,05:55,2025-05-08,06:55,2025-05-08,1h 0m,Hành lý xách tay 7 kg,Hành lý 0 kg,2025-04-19,PQC
3145,PQC0329,Vietravel Airlines,1.058.348 VND/khách,17:25,2025-05-08,18:25,2025-05-08,1h 0m,Hành lý xách tay 7 kg,Hành lý 0 kg,2025-04-19,PQC
3146,PQC0072,VietJet Air,1.306.000 VND/khách,11:35,2025-05-08,12:35,2025-05-08,1h 0m,Hành lý xách tay 7 kg,Hành lý 0 kg,2025-04-19,PQC
3147,PQC0094,VietJet Air,1.306.000 VND/khách,14:05,2025-05-08,15:05,2025-05-08,1h 0m,Hành lý xách tay 7 kg,Hành lý 0 kg,2025-04-19,PQC
3148,PQC0115,VietJet Air,1.306.000 VND/khách,15:40,2025-05-08,16:40,2025-05-08,1h 0m,Hành lý xách tay 7 kg,Hành lý 0 kg,2025-04-19,PQC
3149,PQC0038,VietJet Air,1.306.000 VND/khách,08:25,2025-05-08,09:30,2025-05-08,1h 5m,Hành lý xách tay 7 kg,Hành lý 0 kg,2025-04-19,PQC
3150,PQC0138,VietJet Air,1.306.000 VND/khách,17:10,2025-05-08,18:15,2025-05-08,1h 5m,Hành lý xách tay 7 kg,Hành lý 0 kg,2025-04-19,PQC
3151,PQC0155,VietJet Air,1.306.000 VND/khách,17:40,2025-05-08,18:45,2025-05-08,1h 5m,Hành lý xách tay 7 kg,Hành lý 0 kg,2025-04-19,PQC
3152,PQC0048,VietJet Air,1.310.000 VND/khách,09:20,2025-05-08,10:20,2025-05-08,1h 0m,Hành lý xách tay 7 kg,Hành lý 0 kg,2025-04-19,PQC
3153,PQC0188,Vietnam Airlines,1.486.512 VND/khách,05:40,2025-05-08,06:40,2025-05-08,1h 0m,Hành lý xách tay 1 x 12 kg,Hành lý 23 kg,2025-04-19,PQC
3154,PQC0275,Vietnam Airlines,1.709.289 VND/khách,15:05,2025-05-08,16:10,2025-05-08,1h 5m,Hành lý xách tay 1 x 12 kg,Hành lý 23 kg,2025-04-19,PQC
3155,PQC0257,Vietnam Airlines,1.791.207 VND/khách,13:05,2025-05-08,14:00,2025-05-08,55m,Hành lý xách tay 1 x 12 kg,Hành lý 23 kg,2025-04-19,PQC
3156,PQC0232,Vietnam Airlines,1.791.207 VND/khách,10:25,2025-05-08,11:25,2025-05-08,1h 0m,Hành lý xách tay 1 x 12 kg,Hành lý 23 kg,2025-04-19,PQC
3157,PQC0209,Vietnam Airlines,1.869.129 VND/khách,08:10,2025-05-08,08:55,2025-05-08,45m,Hành lý xách tay 1 x 12 kg,Hành lý 23 kg,2025-04-19,PQC
3160,PQC0189,Vietnam Airlines,1.601.397 VND/khách,05:40,2025-05-09,06:40,2025-05-09,1h 0m,Hành lý xách tay 1 x 12 kg,Hành lý 23 kg,2025-04-19,PQC
3161,PQC0116,VietJet Air,1.306.000 VND/khách,15:40,2025-05-09,16:40,2025-05-09,1h 0m,Hành lý xách tay 7 kg,Hành lý 0 kg,2025-04-19,PQC
3162,PQC0139,VietJet Air,1.306.000 VND/khách,17:10,2025-05-09,18:15,2025-05-09,1h 5m,Hành lý xách tay 7 kg,Hành lý 0 kg,2025-04-19,PQC
3163,PQC0007,Bamboo Airways,1.420.686 VND/khách,16:30,2025-05-09,17:30,2025-05-09,1h 0m,Hành lý xách tay 7 kg,Hành lý 0 kg,2025-04-19,PQC
3164,PQC0024,VietJet Air,1.447.000 VND/khách,05:55,2025-05-09,06:55,2025-05-09,1h 0m,Hành lý xách tay 7 kg,Hành lý 0 kg,2025-04-19,PQC
3165,PQC0095,VietJet Air,1.608.000 VND/khách,14:05,2025-05-09,15:05,2025-05-09,1h 0m,Hành lý xách tay 7 kg,Hành lý 0 kg,2025-04-19,PQC
3166,PQC0309,Vietnam Airlines,1.698.300 VND/khách,20:20,2025-05-09,21:20,2025-05-09,1h 0m,Hành lý xách tay 1 x 12 kg,Hành lý 23 kg,2025-04-19,PQC
3167,PQC0049,VietJet Air,1.701.538 VND/khách,09:20,2025-05-09,10:20,2025-05-09,1h 0m,Hành lý xách tay 7 kg,Hành lý 0 kg,2025-04-19,PQC
3168,PQC0073,VietJet Air,1.726.000 VND/khách,11:35,2025-05-09,12:35,2025-05-09,1h 0m,Hành lý xách tay 7 kg,Hành lý 0 kg,2025-04-19,PQC
3169,PQC0276,Vietnam Airlines,1.779.219 VND/khách,15:05,2025-05-09,16:10,2025-05-09,1h 5m,Hành lý xách tay 1 x 12 kg,Hành lý 23 kg,2025-04-19,PQC
3170,PQC0249,Vietnam Airlines,1.869.129 VND/khách,13:00,2025-05-09,14:00,2025-05-09,1h 0m,Hành lý xách tay 1 x 12 kg,Hành lý 23 kg,2025-04-19,PQC
3171,PQC0330,Vietravel Airlines,1.873.305 VND/khách,17:25,2025-05-09,18:25,2025-05-09,1h 0m,Hành lý xách tay 7 kg,Hành lý 0 kg,2025-04-19,PQC
3172,PQC0233,Vietnam Airlines,1.977.021 VND/khách,10:25,2025-05-09,11:25,2025-05-09,1h 0m,Hành lý xách tay 1 x 12 kg,Hành lý 23 kg,2025-04-19,PQC
3173,PQC0210,Vietnam Airlines,1.996.002 VND/khách,08:10,2025-05-09,08:55,2025-05-09,45m,Hành lý xách tay 1 x 12 kg,Hành lý 23 kg,2025-04-19,PQC
3176,PQC0192,Vietnam Airlines,1.393.605 VND/khách,05:40,2025-04-21,06:40,2025-04-21,1h 0m,Hành lý xách tay 1 x 12 kg,Hành lý 23 kg,2025-04-19,PQC
3177,PQC0009,Bamboo Airways,869.953 VND/khách,16:30,2025-04-21,17:30,2025-04-21,1h 0m,Hành lý xách tay 7 kg,Hành lý 0 kg,2025-04-19,PQC
3178,PQC0333,Vietravel Airlines,1.162.571 VND/khách,17:25,2025-04-21,18:25,2025-04-21,1h 0m,Hành lý xách tay 7 kg,Hành lý 0 kg,2025-04-19,PQC
3179,PQC0027,VietJet Air,1.168.000 VND/khách,05:55,2025-04-21,06:55,2025-04-21,1h 0m,Hành lý xách tay 7 kg,Hành lý 0 kg,2025-04-19,PQC
3180,PQC0142,VietJet Air,1.168.000 VND/khách,17:10,2025-04-21,18:15,2025-04-21,1h 5m,Hành lý xách tay 7 kg,Hành lý 0 kg,2025-04-19,PQC
3181,PQC0098,VietJet Air,1.314.000 VND/khách,14:05,2025-04-21,15:05,2025-04-21,1h 0m,Hành lý xách tay 7 kg,Hành lý 0 kg,2025-04-19,PQC
3182,PQC0076,VietJet Air,1.425.000 VND/khách,11:35,2025-04-21,12:35,2025-04-21,1h 0m,Hành lý xách tay 7 kg,Hành lý 0 kg,2025-04-19,PQC
3183,PQC0119,VietJet Air,1.425.000 VND/khách,15:40,2025-04-21,16:40,2025-04-21,1h 0m,Hành lý xách tay 7 kg,Hành lý 0 kg,2025-04-19,PQC
3184,PQC0213,Vietnam Airlines,1.709.289 VND/khách,08:10,2025-04-21,08:55,2025-04-21,45m,Hành lý xách tay 1 x 12 kg,Hành lý 23 kg,2025-04-19,PQC
3185,PQC0052,VietJet Air,1.733.000 VND/khách,09:20,2025-04-21,10:20,2025-04-21,1h 0m,Hành lý xách tay 7 kg,Hành lý 0 kg,2025-04-19,PQC
3186,PQC0236,Vietnam Airlines,1.996.002 VND/khách,10:25,2025-04-21,11:25,2025-04-21,1h 0m,Hành lý xách tay 1 x 12 kg,Hành lý 23 kg,2025-04-19,PQC
3187,PQC0193,Vietnam Airlines,1.460.538 VND/khách,05:40,2025-04-22,06:40,2025-04-22,1h 0m,Hành lý xách tay 1 x 12 kg,Hành lý 23 kg,2025-04-19,PQC
3188,PQC0334,Vietravel Airlines,1.058.348 VND/khách,17:25,2025-04-22,18:25,2025-04-22,1h 0m,Hành lý xách tay 7 kg,Hành lý 0 kg,2025-04-19,PQC
3189,PQC0028,VietJet Air,1.172.000 VND/khách,05:55,2025-04-22,06:55,2025-04-22,1h 0m,Hành lý xách tay 7 kg,Hành lý 0 kg,2025-04-19,PQC
3190,PQC0120,VietJet Air,1.172.000 VND/khách,15:40,2025-04-22,16:40,2025-04-22,1h 0m,Hành lý xách tay 7 kg,Hành lý 0 kg,2025-04-19,PQC
3191,PQC0143,VietJet Air,1.172.000 VND/khách,17:10,2025-04-22,18:15,2025-04-22,1h 5m,Hành lý xách tay 7 kg,Hành lý 0 kg,2025-04-19,PQC
3192,PQC0053,VietJet Air,1.310.000 VND/khách,09:20,2025-04-22,10:20,2025-04-22,1h 0m,Hành lý xách tay 7 kg,Hành lý 0 kg,2025-04-19,PQC
3193,PQC0077,VietJet Air,1.310.000 VND/khách,11:35,2025-04-22,12:35,2025-04-22,1h 0m,Hành lý xách tay 7 kg,Hành lý 0 kg,2025-04-19,PQC
3194,PQC0099,VietJet Air,1.310.000 VND/khách,14:05,2025-04-22,15:05,2025-04-22,1h 0m,Hành lý xách tay 7 kg,Hành lý 0 kg,2025-04-19,PQC
3195,PQC0193,Vietnam Airlines,1.460.538 VND/khách,05:40,2025-04-22,06:40,2025-04-22,1h 0m,Hành lý xách tay 1 x 12 kg,Hành lý 23 kg,2025-04-19,PQC
3196,PQC0214,Vietnam Airlines,1.701.297 VND/khách,08:10,2025-04-22,08:55,2025-04-22,45m,Hành lý xách tay 1 x 12 kg,Hành lý 23 kg,2025-04-19,PQC
3197,PQC0280,Vietnam Airlines,1.857.141 VND/khách,15:05,2025-04-22,16:10,2025-04-22,1h 5m,Hành lý xách tay 1 x 12 kg,Hành lý 23 kg,2025-04-19,PQC
3198,PQC0237,Vietnam Airlines,1.910.088 VND/khách,10:25,2025-04-22,11:25,2025-04-22,1h 0m,Hành lý xách tay 1 x 12 kg,Hành lý 23 kg,2025-04-19,PQC
3199,PQC0261,Vietnam Airlines,1.970.028 VND/khách,13:05,2025-04-22,14:00,2025-04-22,55m,Hành lý xách tay 1 x 12 kg,Hành lý 23 kg,2025-04-19,PQC
3202,PQC0215,Vietnam Airlines,1.601.397 VND/khách,08:10,2025-04-23,08:55,2025-04-23,45m,Hành lý xách tay 1 x 12 kg,Hành lý 23 kg,2025-04-19,PQC
3203,PQC0010,Bamboo Airways,869.953 VND/khách,16:30,2025-04-23,17:30,2025-04-23,1h 0m,Hành lý xách tay 7 kg,Hành lý 0 kg,2025-04-19,PQC
3204,PQC0335,Vietravel Airlines,957.600 VND/khách,17:25,2025-04-23,18:25,2025-04-23,1h 0m,Hành lý xách tay 7 kg,Hành lý 0 kg,2025-04-19,PQC
3205,PQC0157,VietJet Air,1.057.000 VND/khách,17:40,2025-04-23,18:40,2025-04-23,1h 0m,Hành lý xách tay 7 kg,Hành lý 0 kg,2025-04-19,PQC
3206,PQC0029,VietJet Air,1.168.000 VND/khách,05:55,2025-04-23,06:55,2025-04-23,1h 0m,Hành lý xách tay 7 kg,Hành lý 0 kg,2025-04-19,PQC
3207,PQC0129,VietJet Air,1.168.000 VND/khách,16:25,2025-04-23,17:25,2025-04-23,1h 0m,Hành lý xách tay 7 kg,Hành lý 0 kg,2025-04-19,PQC
3208,PQC0054,VietJet Air,1.310.000 VND/khách,09:20,2025-04-23,10:20,2025-04-23,1h 0m,Hành lý xách tay 7 kg,Hành lý 0 kg,2025-04-19,PQC
3209,PQC0078,VietJet Air,1.310.000 VND/khách,11:35,2025-04-23,12:35,2025-04-23,1h 0m,Hành lý xách tay 7 kg,Hành lý 0 kg,2025-04-19,PQC
3210,PQC0100,VietJet Air,1.310.000 VND/khách,14:05,2025-04-23,15:05,2025-04-23,1h 0m,Hành lý xách tay 7 kg,Hành lý 0 kg,2025-04-19,PQC
3211,PQC0215,Vietnam Airlines,1.601.397 VND/khách,08:10,2025-04-23,08:55,2025-04-23,45m,Hành lý xách tay 1 x 12 kg,Hành lý 23 kg,2025-04-19,PQC
3212,PQC0194,Vietnam Airlines,1.675.323 VND/khách,05:40,2025-04-23,06:40,2025-04-23,1h 0m,Hành lý xách tay 1 x 12 kg,Hành lý 23 kg,2025-04-19,PQC
3213,PQC0281,Vietnam Airlines,1.787.211 VND/khách,15:05,2025-04-23,16:10,2025-04-23,1h 5m,Hành lý xách tay 1 x 12 kg,Hành lý 23 kg,2025-04-19,PQC
3214,PQC0238,Vietnam Airlines,1.865.133 VND/khách,10:25,2025-04-23,11:25,2025-04-23,1h 0m,Hành lý xách tay 1 x 12 kg,Hành lý 23 kg,2025-04-19,PQC
3215,PQC0262,Vietnam Airlines,1.887.111 VND/khách,13:05,2025-04-23,14:00,2025-04-23,55m,Hành lý xách tay 1 x 12 kg,Hành lý 23 kg,2025-04-19,PQC
3218,PQC0195,Vietnam Airlines,1.367.631 VND/khách,05:40,2025-04-24,06:40,2025-04-24,1h 0m,Hành lý xách tay 1 x 12 kg,Hành lý 23 kg,2025-04-19,PQC
3219,PQC0336,Vietravel Airlines,1.132.163 VND/khách,17:25,2025-04-24,18:25,2025-04-24,1h 0m,Hành lý xách tay 7 kg,Hành lý 0 kg,2025-04-19,PQC
3220,PQC0030,VietJet Air,1.168.000 VND/khách,05:55,2025-04-24,06:55,2025-04-24,1h 0m,Hành lý xách tay 7 kg,Hành lý 0 kg,2025-04-19,PQC
3221,PQC0130,VietJet Air,1.310.000 VND/khách,16:30,2025-04-24,17:30,2025-04-24,1h 0m,Hành lý xách tay 7 kg,Hành lý 0 kg,2025-04-19,PQC
3222,PQC0158,VietJet Air,1.314.000 VND/khách,17:40,2025-04-24,18:45,2025-04-24,1h 5m,Hành lý xách tay 7 kg,Hành lý 0 kg,2025-04-19,PQC
3223,PQC0079,VietJet Air,1.425.000 VND/khách,11:35,2025-04-24,12:35,2025-04-24,1h 0m,Hành lý xách tay 7 kg,Hành lý 0 kg,2025-04-19,PQC
3224,PQC0101,VietJet Air,1.425.000 VND/khách,14:05,2025-04-24,15:05,2025-04-24,1h 0m,Hành lý xách tay 7 kg,Hành lý 0 kg,2025-04-19,PQC
3225,PQC0039,VietJet Air,1.425.000 VND/khách,08:25,2025-04-24,09:30,2025-04-24,1h 5m,Hành lý xách tay 7 kg,Hành lý 0 kg,2025-04-19,PQC
3226,PQC0282,Vietnam Airlines,1.869.129 VND/khách,15:05,2025-04-24,16:10,2025-04-24,1h 5m,Hành lý xách tay 1 x 12 kg,Hành lý 23 kg,2025-04-19,PQC
3227,PQC0217,Vietnam Airlines,1.880.118 VND/khách,08:10,2025-04-24,08:55,2025-04-24,45m,Hành lý xách tay 1 x 12 kg,Hành lý 23 kg,2025-04-19,PQC
3228,PQC0263,Vietnam Airlines,1.970.028 VND/khách,13:05,2025-04-24,14:00,2025-04-24,55m,Hành lý xách tay 1 x 12 kg,Hành lý 23 kg,2025-04-19,PQC
3229,PQC0239,Vietnam Airlines,1.985.013 VND/khách,10:25,2025-04-24,11:25,2025-04-24,1h 0m,Hành lý xách tay 1 x 12 kg,Hành lý 23 kg,2025-04-19,PQC
3234,PQC0296,Vietnam Airlines,1.676.322 VND/khách,17:25,2025-04-25,18:25,2025-04-25,1h 0m,Hành lý xách tay 1 x 12 kg,Hành lý 23 kg,2025-04-19,PQC
3235,PQC0337,Vietravel Airlines,1.132.163 VND/khách,17:25,2025-04-25,18:25,2025-04-25,1h 0m,Hành lý xách tay 7 kg,Hành lý 0 kg,2025-04-19,PQC
3236,PQC0011,Bamboo Airways,1.167.757 VND/khách,16:30,2025-04-25,17:30,2025-04-25,1h 0m,Hành lý xách tay 7 kg,Hành lý 0 kg,2025-04-19,PQC
3237,PQC0146,VietJet Air,1.310.000 VND/khách,17:10,2025-04-25,18:15,2025-04-25,1h 5m,Hành lý xách tay 7 kg,Hành lý 0 kg,2025-04-19,PQC
3238,PQC0031,VietJet Air,1.425.000 VND/khách,05:55,2025-04-25,06:55,2025-04-25,1h 0m,Hành lý xách tay 7 kg,Hành lý 0 kg,2025-04-19,PQC
3239,PQC0123,VietJet Air,1.425.000 VND/khách,15:40,2025-04-25,16:40,2025-04-25,1h 0m,Hành lý xách tay 7 kg,Hành lý 0 kg,2025-04-19,PQC
3240,PQC0056,VietJet Air,1.614.000 VND/khách,09:20,2025-04-25,10:20,2025-04-25,1h 0m,Hành lý xách tay 7 kg,Hành lý 0 kg,2025-04-19,PQC
3241,PQC0102,VietJet Air,1.614.000 VND/khách,14:05,2025-04-25,15:05,2025-04-25,1h 0m,Hành lý xách tay 7 kg,Hành lý 0 kg,2025-04-19,PQC
3242,PQC0296,Vietnam Airlines,1.676.322 VND/khách,17:25,2025-04-25,18:25,2025-04-25,1h 0m,Hành lý xách tay 1 x 12 kg,Hành lý 23 kg,2025-04-19,PQC
3243,PQC0080,VietJet Air,1.815.000 VND/khách,11:35,2025-04-25,12:35,2025-04-25,1h 0m,Hành lý xách tay 7 kg,Hành lý 0 kg,2025-04-19,PQC
3244,PQC0311,Vietnam Airlines,1.824.174 VND/khách,20:20,2025-04-25,21:20,2025-04-25,1h 0m,Hành lý xách tay 1 x 12 kg,Hành lý 23 kg,2025-04-19,PQC
3245,PQC0240,Vietnam Airlines,2.002.995 VND/khách,10:25,2025-04-25,11:25,2025-04-25,1h 0m,Hành lý xách tay 1 x 12 kg,Hành lý 23 kg,2025-04-19,PQC
3246,PQC0250,Vietnam Airlines,2.002.995 VND/khách,13:00,2025-04-25,14:00,2025-04-25,1h 0m,Hành lý xách tay 1 x 12 kg,Hành lý 23 kg,2025-04-19,PQC
3247,PQC0196,Vietnam Airlines,2.005.992 VND/khách,05:40,2025-04-25,06:40,2025-04-25,1h 0m,Hành lý xách tay 1 x 12 kg,Hành lý 23 kg,2025-04-19,PQC
3248,PQC0283,Vietnam Airlines,2.005.992 VND/khách,15:05,2025-04-25,16:10,2025-04-25,1h 5m,Hành lý xách tay 1 x 12 kg,Hành lý 23 kg,2025-04-19,PQC
3249,PQC0218,Vietnam Airlines,2.006.991 VND/khách,08:10,2025-04-25,08:55,2025-04-25,45m,Hành lý xách tay 1 x 12 kg,Hành lý 23 kg,2025-04-19,PQC
3252,PQC0297,Vietnam Airlines,1.597.401 VND/khách,17:25,2025-04-26,18:25,2025-04-26,1h 0m,Hành lý xách tay 1 x 12 kg,Hành lý 23 kg,2025-04-19,PQC
3253,PQC0338,Vietravel Airlines,1.309.718 VND/khách,17:25,2025-04-26,18:25,2025-04-26,1h 0m,Hành lý xách tay 7 kg,Hành lý 0 kg,2025-04-19,PQC
3254,PQC0032,VietJet Air,1.425.000 VND/khách,05:55,2025-04-26,06:55,2025-04-26,1h 0m,Hành lý xách tay 7 kg,Hành lý 0 kg,2025-04-19,PQC
3255,PQC0147,VietJet Air,1.614.000 VND/khách,17:10,2025-04-26,18:15,2025-04-26,1h 5m,Hành lý xách tay 7 kg,Hành lý 0 kg,2025-04-19,PQC
3256,PQC0103,VietJet Air,1.726.000 VND/khách,14:05,2025-04-26,15:05,2025-04-26,1h 0m,Hành lý xách tay 7 kg,Hành lý 0 kg,2025-04-19,PQC
3257,PQC0312,Vietnam Airlines,1.768.230 VND/khách,20:20,2025-04-26,21:20,2025-04-26,1h 0m,Hành lý xách tay 1 x 12 kg,Hành lý 23 kg,2025-04-19,PQC
3258,PQC0124,VietJet Air,1.815.000 VND/khách,15:40,2025-04-26,16:40,2025-04-26,1h 0m,Hành lý xách tay 7 kg,Hành lý 0 kg,2025-04-19,PQC
3259,PQC0057,VietJet Air,1.841.000 VND/khách,09:20,2025-04-26,10:20,2025-04-26,1h 0m,Hành lý xách tay 7 kg,Hành lý 0 kg,2025-04-19,PQC
3260,PQC0081,VietJet Air,1.841.000 VND/khách,11:35,2025-04-26,12:35,2025-04-26,1h 0m,Hành lý xách tay 7 kg,Hành lý 0 kg,2025-04-19,PQC
3261,PQC0219,Vietnam Airlines,1.910.088 VND/khách,08:10,2025-04-26,08:55,2025-04-26,45m,Hành lý xách tay 1 x 12 kg,Hành lý 23 kg,2025-04-19,PQC
3262,PQC0284,Vietnam Airlines,1.914.084 VND/khách,15:05,2025-04-26,16:10,2025-04-26,1h 5m,Hành lý xách tay 1 x 12 kg,Hành lý 23 kg,2025-04-19,PQC
3263,PQC0241,Vietnam Airlines,2.005.992 VND/khách,10:25,2025-04-26,11:25,2025-04-26,1h 0m,Hành lý xách tay 1 x 12 kg,Hành lý 23 kg,2025-04-19,PQC
3264,PQC0319,Vietnam Airlines,1.375.623 VND/khách,20:45,2025-04-27,21:45,2025-04-27,1h 0m,Hành lý xách tay 1 x 12 kg,Hành lý 23 kg,2025-04-19,PQC
3265,PQC0012,Bamboo Airways,1.013.756 VND/khách,16:30,2025-04-27,17:30,2025-04-27,1h 0m,Hành lý xách tay 7 kg,Hành lý 0 kg,2025-04-19,PQC
3266,PQC0339,Vietravel Airlines,1.057.350 VND/khách,17:25,2025-04-27,18:25,2025-04-27,1h 0m,Hành lý xách tay 7 kg,Hành lý 0 kg,2025-04-19,PQC
3267,PQC0033,VietJet Air,1.168.000 VND/khách,05:55,2025-04-27,06:55,2025-04-27,1h 0m,Hành lý xách tay 7 kg,Hành lý 0 kg,2025-04-19,PQC
3268,PQC0177,Vietnam Airlines,1.263.735 VND/khách,05:25,2025-04-27,06:20,2025-04-27,55m,Hành lý xách tay 1 x 12 kg,Hành lý 23 kg,2025-04-19,PQC
3269,PQC0198,Vietnam Airlines,1.378.620 VND/khách,05:40,2025-04-27,06:40,2025-04-27,1h 0m,Hành lý xách tay 1 x 12 kg,Hành lý 23 kg,2025-04-19,PQC
3270,PQC0302,Vietnam Airlines,1.382.616 VND/khách,19:20,2025-04-27,20:20,2025-04-27,1h 0m,Hành lý xách tay 1 x 12 kg,Hành lý 23 kg,2025-04-19,PQC
3271,PQC0313,Vietnam Airlines,1.505.493 VND/khách,20:20,2025-04-27,21:20,2025-04-27,1h 0m,Hành lý xách tay 1 x 12 kg,Hành lý 23 kg,2025-04-19,PQC
3272,PQC0125,VietJet Air,1.614.000 VND/khách,15:40,2025-04-27,16:40,2025-04-27,1h 0m,Hành lý xách tay 7 kg,Hành lý 0 kg,2025-04-19,PQC
3273,PQC0148,VietJet Air,1.614.000 VND/khách,17:10,2025-04-27,18:15,2025-04-27,1h 5m,Hành lý xách tay 7 kg,Hành lý 0 kg,2025-04-19,PQC
3274,PQC0285,Vietnam Airlines,1.672.326 VND/khách,15:05,2025-04-27,16:10,2025-04-27,1h 5m,Hành lý xách tay 1 x 12 kg,Hành lý 23 kg,2025-04-19,PQC
3275,PQC0104,VietJet Air,1.726.000 VND/khách,14:05,2025-04-27,15:05,2025-04-27,1h 0m,Hành lý xách tay 7 kg,Hành lý 0 kg,2025-04-19,PQC
3276,PQC0082,VietJet Air,1.815.000 VND/khách,11:35,2025-04-27,12:35,2025-04-27,1h 0m,Hành lý xách tay 7 kg,Hành lý 0 kg,2025-04-19,PQC
3277,PQC0058,VietJet Air,1.841.000 VND/khách,09:20,2025-04-27,10:20,2025-04-27,1h 0m,Hành lý xách tay 7 kg,Hành lý 0 kg,2025-04-19,PQC
3278,PQC0242,Vietnam Airlines,1.869.129 VND/khách,10:25,2025-04-27,11:25,2025-04-27,1h 0m,Hành lý xách tay 1 x 12 kg,Hành lý 23 kg,2025-04-19,PQC
3279,PQC0220,Vietnam Airlines,1.917.081 VND/khách,08:10,2025-04-27,08:55,2025-04-27,45m,Hành lý xách tay 1 x 12 kg,Hành lý 23 kg,2025-04-19,PQC
3280,PQC0265,Vietnam Airlines,1.921.077 VND/khách,13:05,2025-04-27,14:00,2025-04-27,55m,Hành lý xách tay 1 x 12 kg,Hành lý 23 kg,2025-04-19,PQC
3283,PQC0199,Vietnam Airlines,1.166.832 VND/khách,05:40,2025-04-28,06:40,2025-04-28,1h 0m,Hành lý xách tay 1 x 12 kg,Hành lý 23 kg,2025-04-19,PQC
3284,PQC0013,Bamboo Airways,1.013.756 VND/khách,16:30,2025-04-28,17:30,2025-04-28,1h 0m,Hành lý xách tay 7 kg,Hành lý 0 kg,2025-04-19,PQC
3285,PQC0340,Vietravel Airlines,1.057.350 VND/khách,17:25,2025-04-28,18:25,2025-04-28,1h 0m,Hành lý xách tay 7 kg,Hành lý 0 kg,2025-04-19,PQC
3286,PQC0178,Vietnam Airlines,1.156.842 VND/khách,05:25,2025-04-28,06:20,2025-04-28,55m,Hành lý xách tay 1 x 12 kg,Hành lý 23 kg,2025-04-19,PQC
3287,PQC0034,VietJet Air,1.168.000 VND/khách,05:55,2025-04-28,06:55,2025-04-28,1h 0m,Hành lý xách tay 7 kg,Hành lý 0 kg,2025-04-19,PQC
3288,PQC0298,Vietnam Airlines,1.493.505 VND/khách,17:25,2025-04-28,18:25,2025-04-28,1h 0m,Hành lý xách tay 1 x 12 kg,Hành lý 23 kg,2025-04-19,PQC
3289,PQC0221,Vietnam Airlines,1.590.408 VND/khách,08:10,2025-04-28,08:55,2025-04-28,45m,Hành lý xách tay 1 x 12 kg,Hành lý 23 kg,2025-04-19,PQC
3290,PQC0149,VietJet Air,1.614.000 VND/khách,17:10,2025-04-28,18:15,2025-04-28,1h 5m,Hành lý xách tay 7 kg,Hành lý 0 kg,2025-04-19,PQC
3291,PQC0314,Vietnam Airlines,1.690.308 VND/khách,20:20,2025-04-28,21:20,2025-04-28,1h 0m,Hành lý xách tay 1 x 12 kg,Hành lý 23 kg,2025-04-19,PQC
3292,PQC0105,VietJet Air,1.726.000 VND/khách,14:05,2025-04-28,15:05,2025-04-28,1h 0m,Hành lý xách tay 7 kg,Hành lý 0 kg,2025-04-19,PQC
3293,PQC0126,VietJet Air,1.726.000 VND/khách,15:40,2025-04-28,16:40,2025-04-28,1h 0m,Hành lý xách tay 7 kg,Hành lý 0 kg,2025-04-19,PQC
3294,PQC0059,VietJet Air,1.815.000 VND/khách,09:20,2025-04-28,10:20,2025-04-28,1h 0m,Hành lý xách tay 7 kg,Hành lý 0 kg,2025-04-19,PQC
3295,PQC0083,VietJet Air,1.815.000 VND/khách,11:35,2025-04-28,12:35,2025-04-28,1h 0m,Hành lý xách tay 7 kg,Hành lý 0 kg,2025-04-19,PQC
3296,PQC0243,Vietnam Airlines,1.925.073 VND/khách,10:25,2025-04-28,11:25,2025-04-28,1h 0m,Hành lý xách tay 1 x 12 kg,Hành lý 23 kg,2025-04-19,PQC
3297,PQC0286,Vietnam Airlines,1.925.073 VND/khách,15:05,2025-04-28,16:10,2025-04-28,1h 5m,Hành lý xách tay 1 x 12 kg,Hành lý 23 kg,2025-04-19,PQC
3300,PQC0267,Vietnam Airlines,2.005.992 VND/khách,13:05,2025-04-29,14:00,2025-04-29,55m,Hành lý xách tay 1 x 12 kg,Hành lý 23 kg,2025-04-19,PQC
3301,PQC0341,Vietravel Airlines,1.718.693 VND/khách,17:25,2025-04-29,18:25,2025-04-29,1h 0m,Hành lý xách tay 7 kg,Hành lý 0 kg,2025-04-19,PQC
3302,PQC0179,Vietnam Airlines,1.783.215 VND/khách,05:25,2025-04-29,06:20,2025-04-29,55m,Hành lý xách tay 1 x 12 kg,Hành lý 23 kg,2025-04-19,PQC
3303,PQC0035,VietJet Air,1.812.000 VND/khách,05:55,2025-04-29,06:55,2025-04-29,1h 0m,Hành lý xách tay 7 kg,Hành lý 0 kg,2025-04-19,PQC
3304,PQC0040,VietJet Air,1.812.000 VND/khách,08:25,2025-04-29,09:30,2025-04-29,1h 5m,Hành lý xách tay 7 kg,Hành lý 0 kg,2025-04-19,PQC
3305,PQC0127,VietJet Air,1.815.000 VND/khách,15:40,2025-04-29,16:40,2025-04-29,1h 0m,Hành lý xách tay 7 kg,Hành lý 0 kg,2025-04-19,PQC
3306,PQC0106,VietJet Air,1.834.000 VND/khách,14:05,2025-04-29,15:05,2025-04-29,1h 0m,Hành lý xách tay 7 kg,Hành lý 0 kg,2025-04-19,PQC
3307,PQC0060,VietJet Air,1.841.000 VND/khách,09:20,2025-04-29,10:20,2025-04-29,1h 0m,Hành lý xách tay 7 kg,Hành lý 0 kg,2025-04-19,PQC
3308,PQC0084,VietJet Air,1.841.000 VND/khách,11:35,2025-04-29,12:35,2025-04-29,1h 0m,Hành lý xách tay 7 kg,Hành lý 0 kg,2025-04-19,PQC
3309,PQC0267,Vietnam Airlines,2.005.992 VND/khách,13:05,2025-04-29,14:00,2025-04-29,55m,Hành lý xách tay 1 x 12 kg,Hành lý 23 kg,2025-04-19,PQC
3310,PQC0200,Vietnam Airlines,2.005.992 VND/khách,05:40,2025-04-29,06:40,2025-04-29,1h 0m,Hành lý xách tay 1 x 12 kg,Hành lý 23 kg,2025-04-19,PQC
3311,PQC0287,Vietnam Airlines,2.005.992 VND/khách,15:05,2025-04-29,16:10,2025-04-29,1h 5m,Hành lý xách tay 1 x 12 kg,Hành lý 23 kg,2025-04-19,PQC
3312,PQC0299,Vietnam Airlines,2.006.991 VND/khách,17:25,2025-04-29,18:25,2025-04-29,1h 0m,Hành lý xách tay 1 x 12 kg,Hành lý 23 kg,2025-04-19,PQC
3313,PQC0321,Vietnam Airlines,2.006.991 VND/khách,21:05,2025-04-29,22:05,2025-04-29,1h 0m,Hành lý xách tay 1 x 12 kg,Hành lý 23 kg,2025-04-19,PQC
3319,PQC0085,VietJet Air,3.732.338 VND/khách,11:35,2025-04-30,12:35,2025-04-30,1h 0m,Hành lý xách tay 7 kg,Hành lý 0 kg,2025-04-19,PQC
3321,PQC0289,Vietnam Airlines,1.983.015 VND/khách,16:15,2025-05-01,17:15,2025-05-01,1h 0m,Hành lý xách tay 1 x 12 kg,Hành lý 23 kg,2025-04-20,PQC
3322,PQC0322,Vietravel Airlines,1.872.308 VND/khách,17:25,2025-05-01,18:25,2025-05-01,1h 0m,Hành lý xách tay 7 kg,Hành lý 0 kg,2025-04-20,PQC
3323,PQC0131,VietJet Air,1.925.000 VND/khách,17:10,2025-05-01,18:15,2025-05-01,1h 5m,Hành lý xách tay 7 kg,Hành lý 0 kg,2025-04-20,PQC
3324,PQC0154,VietJet Air,1.925.000 VND/khách,17:40,2025-05-01,18:45,2025-05-01,1h 5m,Hành lý xách tay 7 kg,Hành lý 0 kg,2025-04-20,PQC
3325,PQC0001,Bamboo Airways,1.934.703 VND/khách,16:30,2025-05-01,17:30,2025-05-01,1h 0m,Hành lý xách tay 7 kg,Hành lý 20 kg,2025-04-20,PQC
3326,PQC0065,VietJet Air,1.937.000 VND/khách,11:35,2025-05-01,12:35,2025-05-01,1h 0m,Hành lý xách tay 7 kg,Hành lý 0 kg,2025-04-20,PQC
3327,PQC0304,Vietnam Airlines,1.994.004 VND/khách,20:20,2025-05-01,21:20,2025-05-01,1h 0m,Hành lý xách tay 1 x 12 kg,Hành lý 23 kg,2025-04-20,PQC
3328,PQC0291,Vietnam Airlines,2.000.997 VND/khách,17:25,2025-05-01,18:25,2025-05-01,1h 0m,Hành lý xách tay 1 x 12 kg,Hành lý 23 kg,2025-04-20,PQC
3330,PQC0292,Vietnam Airlines,1.983.015 VND/khách,17:25,2025-05-02,18:25,2025-05-02,1h 0m,Hành lý xách tay 1 x 12 kg,Hành lý 23 kg,2025-04-20,PQC
3331,PQC0167,Vietnam Airlines,1.596.402 VND/khách,05:25,2025-05-02,06:20,2025-05-02,55m,Hành lý xách tay 1 x 12 kg,Hành lý 23 kg,2025-04-20,PQC
3332,PQC0002,Bamboo Airways,1.608.343 VND/khách,16:30,2025-05-02,17:30,2025-05-02,1h 0m,Hành lý xách tay 7 kg,Hành lý 0 kg,2025-04-20,PQC
3333,PQC0323,Vietravel Airlines,1.630.913 VND/khách,17:25,2025-05-02,18:25,2025-05-02,1h 0m,Hành lý xách tay 7 kg,Hành lý 0 kg,2025-04-20,PQC
3334,PQC0017,VietJet Air,1.725.000 VND/khách,05:55,2025-05-02,06:55,2025-05-02,1h 0m,Hành lý xách tay 7 kg,Hành lý 0 kg,2025-04-20,PQC
3335,PQC0109,VietJet Air,1.725.000 VND/khách,15:40,2025-05-02,16:40,2025-05-02,1h 0m,Hành lý xách tay 7 kg,Hành lý 0 kg,2025-04-20,PQC
3336,PQC0132,VietJet Air,1.725.000 VND/khách,17:10,2025-05-02,18:15,2025-05-02,1h 5m,Hành lý xách tay 7 kg,Hành lý 0 kg,2025-04-20,PQC
3337,PQC0088,VietJet Air,1.832.000 VND/khách,14:05,2025-05-02,15:05,2025-05-02,1h 0m,Hành lý xách tay 7 kg,Hành lý 0 kg,2025-04-20,PQC
3338,PQC0292,Vietnam Airlines,1.983.015 VND/khách,17:25,2025-05-02,18:25,2025-05-02,1h 0m,Hành lý xách tay 1 x 12 kg,Hành lý 23 kg,2025-04-20,PQC
3339,PQC0301,Vietnam Airlines,1.983.015 VND/khách,19:20,2025-05-02,20:20,2025-05-02,1h 0m,Hành lý xách tay 1 x 12 kg,Hành lý 23 kg,2025-04-20,PQC
3340,PQC0305,Vietnam Airlines,1.994.004 VND/khách,20:20,2025-05-02,21:20,2025-05-02,1h 0m,Hành lý xách tay 1 x 12 kg,Hành lý 23 kg,2025-04-20,PQC
3341,PQC0248,Vietnam Airlines,2.000.997 VND/khách,13:00,2025-05-02,14:00,2025-05-02,1h 0m,Hành lý xách tay 1 x 12 kg,Hành lý 23 kg,2025-04-20,PQC
3342,PQC0269,Vietnam Airlines,2.000.997 VND/khách,15:05,2025-05-02,16:10,2025-05-02,1h 5m,Hành lý xách tay 1 x 12 kg,Hành lý 23 kg,2025-04-20,PQC
3343,PQC0182,Vietnam Airlines,2.012.985 VND/khách,05:40,2025-05-02,06:40,2025-05-02,1h 0m,Hành lý xách tay 1 x 12 kg,Hành lý 23 kg,2025-04-20,PQC
3346,PQC0293,Vietnam Airlines,1.481.517 VND/khách,17:25,2025-05-03,18:25,2025-05-03,1h 0m,Hành lý xách tay 1 x 12 kg,Hành lý 23 kg,2025-04-20,PQC
3347,PQC0003,Bamboo Airways,1.013.756 VND/khách,16:30,2025-05-03,17:30,2025-05-03,1h 0m,Hành lý xách tay 7 kg,Hành lý 0 kg,2025-04-20,PQC
3348,PQC0168,Vietnam Airlines,1.250.748 VND/khách,05:25,2025-05-03,06:20,2025-05-03,55m,Hành lý xách tay 1 x 12 kg,Hành lý 23 kg,2025-04-20,PQC
3349,PQC0324,Vietravel Airlines,1.304.730 VND/khách,17:25,2025-05-03,18:25,2025-05-03,1h 0m,Hành lý xách tay 7 kg,Hành lý 0 kg,2025-04-20,PQC
3350,PQC0303,Vietnam Airlines,1.481.517 VND/khách,19:45,2025-05-03,20:45,2025-05-03,1h 0m,Hành lý xách tay 1 x 12 kg,Hành lý 23 kg,2025-04-20,PQC
3351,PQC0183,Vietnam Airlines,1.485.513 VND/khách,05:40,2025-05-03,06:40,2025-05-03,1h 0m,Hành lý xách tay 1 x 12 kg,Hành lý 23 kg,2025-04-20,PQC
3352,PQC0306,Vietnam Airlines,1.708.290 VND/khách,20:20,2025-05-03,21:20,2025-05-03,1h 0m,Hành lý xách tay 1 x 12 kg,Hành lý 23 kg,2025-04-20,PQC
3353,PQC0089,VietJet Air,1.725.000 VND/khách,14:05,2025-05-03,15:05,2025-05-03,1h 0m,Hành lý xách tay 7 kg,Hành lý 0 kg,2025-04-20,PQC
3354,PQC0037,VietJet Air,1.725.000 VND/khách,08:25,2025-05-03,09:30,2025-05-03,1h 5m,Hành lý xách tay 7 kg,Hành lý 0 kg,2025-04-20,PQC
3355,PQC0204,Vietnam Airlines,1.752.246 VND/khách,08:10,2025-05-03,08:55,2025-05-03,45m,Hành lý xách tay 1 x 12 kg,Hành lý 23 kg,2025-04-20,PQC
3356,PQC0018,VietJet Air,1.810.000 VND/khách,05:55,2025-05-03,06:55,2025-05-03,1h 0m,Hành lý xách tay 7 kg,Hành lý 0 kg,2025-04-20,PQC
3357,PQC0133,VietJet Air,1.810.000 VND/khách,17:10,2025-05-03,18:15,2025-05-03,1h 5m,Hành lý xách tay 7 kg,Hành lý 0 kg,2025-04-20,PQC
3358,PQC0043,VietJet Air,1.840.000 VND/khách,09:20,2025-05-03,10:20,2025-05-03,1h 0m,Hành lý xách tay 7 kg,Hành lý 0 kg,2025-04-20,PQC
3359,PQC0067,VietJet Air,1.840.000 VND/khách,11:35,2025-05-03,12:35,2025-05-03,1h 0m,Hành lý xách tay 7 kg,Hành lý 0 kg,2025-04-20,PQC
3360,PQC0110,VietJet Air,1.840.000 VND/khách,15:40,2025-05-03,16:40,2025-05-03,1h 0m,Hành lý xách tay 7 kg,Hành lý 0 kg,2025-04-20,PQC
3361,PQC0270,Vietnam Airlines,1.879.119 VND/khách,15:05,2025-05-03,16:10,2025-05-03,1h 5m,Hành lý xách tay 1 x 12 kg,Hành lý 23 kg,2025-04-20,PQC
3362,PQC0227,Vietnam Airlines,1.912.086 VND/khách,10:25,2025-05-03,11:25,2025-05-03,1h 0m,Hành lý xách tay 1 x 12 kg,Hành lý 23 kg,2025-04-20,PQC
3363,PQC0252,Vietnam Airlines,1.972.026 VND/khách,13:05,2025-05-03,14:00,2025-05-03,55m,Hành lý xách tay 1 x 12 kg,Hành lý 23 kg,2025-04-20,PQC
3368,PQC0307,Vietnam Airlines,1.232.766 VND/khách,20:20,2025-05-04,21:20,2025-05-04,1h 0m,Hành lý xách tay 1 x 12 kg,Hành lý 23 kg,2025-04-20,PQC
3369,PQC0325,Vietravel Airlines,814.958 VND/khách,17:25,2025-05-04,18:25,2025-05-04,1h 0m,Hành lý xách tay 7 kg,Hành lý 0 kg,2025-04-20,PQC
3370,PQC0004,Bamboo Airways,1.013.756 VND/khách,16:30,2025-05-04,17:30,2025-05-04,1h 0m,Hành lý xách tay 7 kg,Hành lý 0 kg,2025-04-20,PQC
3371,PQC0019,VietJet Air,1.048.000 VND/khách,05:55,2025-05-04,06:55,2025-05-04,1h 0m,Hành lý xách tay 7 kg,Hành lý 0 kg,2025-04-20,PQC
3372,PQC0111,VietJet Air,1.048.000 VND/khách,15:40,2025-05-04,16:40,2025-05-04,1h 0m,Hành lý xách tay 7 kg,Hành lý 0 kg,2025-04-20,PQC
3373,PQC0134,VietJet Air,1.048.000 VND/khách,17:10,2025-05-04,18:15,2025-05-04,1h 5m,Hành lý xách tay 7 kg,Hành lý 0 kg,2025-04-20,PQC
3374,PQC0169,Vietnam Airlines,1.090.908 VND/khách,05:25,2025-05-04,06:20,2025-05-04,55m,Hành lý xách tay 1 x 12 kg,Hành lý 23 kg,2025-04-20,PQC
3375,PQC0090,VietJet Air,1.156.000 VND/khách,14:05,2025-05-04,15:05,2025-05-04,1h 0m,Hành lý xách tay 7 kg,Hành lý 0 kg,2025-04-20,PQC
3376,PQC0307,Vietnam Airlines,1.232.766 VND/khách,20:20,2025-05-04,21:20,2025-05-04,1h 0m,Hành lý xách tay 1 x 12 kg,Hành lý 23 kg,2025-04-20,PQC
3377,PQC0184,Vietnam Airlines,1.235.763 VND/khách,05:40,2025-05-04,06:40,2025-05-04,1h 0m,Hành lý xách tay 1 x 12 kg,Hành lý 23 kg,2025-04-20,PQC
3378,PQC0162,Vietnam Airlines,1.247.751 VND/khách,05:10,2025-05-04,06:10,2025-05-04,1h 0m,Hành lý xách tay 1 x 12 kg,Hành lý 23 kg,2025-04-20,PQC
3379,PQC0317,Vietnam Airlines,1.247.751 VND/khách,20:25,2025-05-04,21:25,2025-05-04,1h 0m,Hành lý xách tay 1 x 12 kg,Hành lý 23 kg,2025-04-20,PQC
3380,PQC0294,Vietnam Airlines,1.250.748 VND/khách,17:25,2025-05-04,18:25,2025-05-04,1h 0m,Hành lý xách tay 1 x 12 kg,Hành lý 23 kg,2025-04-20,PQC
3381,PQC0044,VietJet Air,1.297.000 VND/khách,09:20,2025-05-04,10:20,2025-05-04,1h 0m,Hành lý xách tay 7 kg,Hành lý 0 kg,2025-04-20,PQC
3382,PQC0068,VietJet Air,1.297.000 VND/khách,11:35,2025-05-04,12:35,2025-05-04,1h 0m,Hành lý xách tay 7 kg,Hành lý 0 kg,2025-04-20,PQC
3383,PQC0271,Vietnam Airlines,1.384.614 VND/khách,15:05,2025-05-04,16:10,2025-05-04,1h 5m,Hành lý xách tay 1 x 12 kg,Hành lý 23 kg,2025-04-20,PQC
3384,PQC0205,Vietnam Airlines,1.473.525 VND/khách,08:10,2025-05-04,08:55,2025-05-04,45m,Hành lý xách tay 1 x 12 kg,Hành lý 23 kg,2025-04-20,PQC
3385,PQC0253,Vietnam Airlines,1.585.413 VND/khách,13:05,2025-05-04,14:00,2025-05-04,55m,Hành lý xách tay 1 x 12 kg,Hành lý 23 kg,2025-04-20,PQC
3386,PQC0228,Vietnam Airlines,1.585.413 VND/khách,10:25,2025-05-04,11:25,2025-05-04,1h 0m,Hành lý xách tay 1 x 12 kg,Hành lý 23 kg,2025-04-20,PQC
3389,PQC0185,Vietnam Airlines,1.351.647 VND/khách,05:40,2025-05-05,06:40,2025-05-05,1h 0m,Hành lý xách tay 1 x 12 kg,Hành lý 23 kg,2025-04-20,PQC
3390,PQC0326,Vietravel Airlines,748.125 VND/khách,17:25,2025-05-05,18:25,2025-05-05,1h 0m,Hành lý xách tay 7 kg,Hành lý 0 kg,2025-04-20,PQC
3391,PQC0135,VietJet Air,825.000 VND/khách,17:10,2025-05-05,18:15,2025-05-05,1h 5m,Hành lý xách tay 7 kg,Hành lý 0 kg,2025-04-20,PQC
3392,PQC0170,Vietnam Airlines,831.168 VND/khách,05:25,2025-05-05,06:20,2025-05-05,55m,Hành lý xách tay 1 x 12 kg,Hành lý 0 kg,2025-04-20,PQC
3393,PQC0005,Bamboo Airways,874.325 VND/khách,16:30,2025-05-05,17:30,2025-05-05,1h 0m,Hành lý xách tay 7 kg,Hành lý 0 kg,2025-04-20,PQC
3394,PQC0020,VietJet Air,1.048.000 VND/khách,05:55,2025-05-05,06:55,2025-05-05,1h 0m,Hành lý xách tay 7 kg,Hành lý 0 kg,2025-04-20,PQC
3395,PQC0112,VietJet Air,1.048.000 VND/khách,15:40,2025-05-05,16:40,2025-05-05,1h 0m,Hành lý xách tay 7 kg,Hành lý 0 kg,2025-04-20,PQC
3396,PQC0091,VietJet Air,1.156.000 VND/khách,14:05,2025-05-05,15:05,2025-05-05,1h 0m,Hành lý xách tay 7 kg,Hành lý 0 kg,2025-04-20,PQC
3397,PQC0045,VietJet Air,1.297.000 VND/khách,09:20,2025-05-05,10:20,2025-05-05,1h 0m,Hành lý xách tay 7 kg,Hành lý 0 kg,2025-04-20,PQC
3398,PQC0069,VietJet Air,1.297.000 VND/khách,11:35,2025-05-05,12:35,2025-05-05,1h 0m,Hành lý xách tay 7 kg,Hành lý 0 kg,2025-04-20,PQC
3399,PQC0185,Vietnam Airlines,1.351.647 VND/khách,05:40,2025-05-05,06:40,2025-05-05,1h 0m,Hành lý xách tay 1 x 12 kg,Hành lý 23 kg,2025-04-20,PQC
3400,PQC0308,Vietnam Airlines,1.362.636 VND/khách,20:20,2025-05-05,21:20,2025-05-05,1h 0m,Hành lý xách tay 1 x 12 kg,Hành lý 23 kg,2025-04-20,PQC
3401,PQC0318,Vietnam Airlines,1.369.629 VND/khách,20:25,2025-05-05,21:25,2025-05-05,1h 0m,Hành lý xách tay 1 x 12 kg,Hành lý 23 kg,2025-04-20,PQC
3402,PQC0295,Vietnam Airlines,1.380.618 VND/khách,17:25,2025-05-05,18:25,2025-05-05,1h 0m,Hành lý xách tay 1 x 12 kg,Hành lý 23 kg,2025-04-20,PQC
3403,PQC0272,Vietnam Airlines,1.481.517 VND/khách,15:05,2025-05-05,16:10,2025-05-05,1h 5m,Hành lý xách tay 1 x 12 kg,Hành lý 23 kg,2025-04-20,PQC
3404,PQC0254,Vietnam Airlines,1.580.571 VND/khách,13:05,2025-05-05,14:00,2025-05-05,55m,Hành lý xách tay 1 x 12 kg,Hành lý 23 kg,2025-04-20,PQC
3405,PQC0206,Vietnam Airlines,1.671.327 VND/khách,08:10,2025-05-05,08:55,2025-05-05,45m,Hành lý xách tay 1 x 12 kg,Hành lý 23 kg,2025-04-20,PQC
3406,PQC0229,Vietnam Airlines,1.775.223 VND/khách,10:25,2025-05-05,11:25,2025-05-05,1h 0m,Hành lý xách tay 1 x 12 kg,Hành lý 23 kg,2025-04-20,PQC
3409,PQC0186,Vietnam Airlines,1.347.651 VND/khách,05:40,2025-05-06,06:40,2025-05-06,1h 0m,Hành lý xách tay 1 x 12 kg,Hành lý 23 kg,2025-04-20,PQC
3410,PQC0327,Vietravel Airlines,748.125 VND/khách,17:25,2025-05-06,18:25,2025-05-06,1h 0m,Hành lý xách tay 7 kg,Hành lý 0 kg,2025-04-20,PQC
3411,PQC0136,VietJet Air,825.000 VND/khách,17:10,2025-05-06,18:15,2025-05-06,1h 5m,Hành lý xách tay 7 kg,Hành lý 0 kg,2025-04-20,PQC
3412,PQC0021,VietJet Air,1.048.000 VND/khách,05:55,2025-05-06,06:55,2025-05-06,1h 0m,Hành lý xách tay 7 kg,Hành lý 0 kg,2025-04-20,PQC
3413,PQC0113,VietJet Air,1.048.000 VND/khách,15:40,2025-05-06,16:40,2025-05-06,1h 0m,Hành lý xách tay 7 kg,Hành lý 0 kg,2025-04-20,PQC
3414,PQC0070,VietJet Air,1.156.000 VND/khách,11:35,2025-05-06,12:35,2025-05-06,1h 0m,Hành lý xách tay 7 kg,Hành lý 0 kg,2025-04-20,PQC
3415,PQC0092,VietJet Air,1.156.000 VND/khách,14:05,2025-05-06,15:05,2025-05-06,1h 0m,Hành lý xách tay 7 kg,Hành lý 0 kg,2025-04-20,PQC
3416,PQC0046,VietJet Air,1.174.000 VND/khách,09:20,2025-05-06,10:20,2025-05-06,1h 0m,Hành lý xách tay 7 kg,Hành lý 0 kg,2025-04-20,PQC
3417,PQC0186,Vietnam Airlines,1.347.651 VND/khách,05:40,2025-05-06,06:40,2025-05-06,1h 0m,Hành lý xách tay 1 x 12 kg,Hành lý 23 kg,2025-04-20,PQC
3418,PQC0207,Vietnam Airlines,1.578.420 VND/khách,08:10,2025-05-06,08:55,2025-05-06,45m,Hành lý xách tay 1 x 12 kg,Hành lý 23 kg,2025-04-20,PQC
3419,PQC0273,Vietnam Airlines,1.578.420 VND/khách,15:05,2025-05-06,16:10,2025-05-06,1h 5m,Hành lý xách tay 1 x 12 kg,Hành lý 23 kg,2025-04-20,PQC
3420,PQC0255,Vietnam Airlines,1.600.398 VND/khách,13:05,2025-05-06,14:00,2025-05-06,55m,Hành lý xách tay 1 x 12 kg,Hành lý 23 kg,2025-04-20,PQC
3421,PQC0230,Vietnam Airlines,1.782.216 VND/khách,10:25,2025-05-06,11:25,2025-05-06,1h 0m,Hành lý xách tay 1 x 12 kg,Hành lý 23 kg,2025-04-20,PQC
3424,PQC0187,Vietnam Airlines,1.347.651 VND/khách,05:40,2025-05-07,06:40,2025-05-07,1h 0m,Hành lý xách tay 1 x 12 kg,Hành lý 23 kg,2025-04-20,PQC
3425,PQC0328,Vietravel Airlines,748.125 VND/khách,17:25,2025-05-07,18:25,2025-05-07,1h 0m,Hành lý xách tay 7 kg,Hành lý 0 kg,2025-04-20,PQC
3426,PQC0022,VietJet Air,825.000 VND/khách,05:55,2025-05-07,06:55,2025-05-07,1h 0m,Hành lý xách tay 7 kg,Hành lý 0 kg,2025-04-20,PQC
3427,PQC0137,VietJet Air,825.000 VND/khách,17:10,2025-05-07,18:15,2025-05-07,1h 5m,Hành lý xách tay 7 kg,Hành lý 0 kg,2025-04-20,PQC
3428,PQC0006,Bamboo Airways,1.018.850 VND/khách,16:30,2025-05-07,17:30,2025-05-07,1h 0m,Hành lý xách tay 7 kg,Hành lý 0 kg,2025-04-20,PQC
3429,PQC0114,VietJet Air,1.048.000 VND/khách,15:40,2025-05-07,16:40,2025-05-07,1h 0m,Hành lý xách tay 7 kg,Hành lý 0 kg,2025-04-20,PQC
3430,PQC0047,VietJet Air,1.156.000 VND/khách,09:20,2025-05-07,10:20,2025-05-07,1h 0m,Hành lý xách tay 7 kg,Hành lý 0 kg,2025-04-20,PQC
3431,PQC0071,VietJet Air,1.156.000 VND/khách,11:35,2025-05-07,12:35,2025-05-07,1h 0m,Hành lý xách tay 7 kg,Hành lý 0 kg,2025-04-20,PQC
3432,PQC0093,VietJet Air,1.156.000 VND/khách,14:05,2025-05-07,15:05,2025-05-07,1h 0m,Hành lý xách tay 7 kg,Hành lý 0 kg,2025-04-20,PQC
3433,PQC0187,Vietnam Airlines,1.347.651 VND/khách,05:40,2025-05-07,06:40,2025-05-07,1h 0m,Hành lý xách tay 1 x 12 kg,Hành lý 23 kg,2025-04-20,PQC
3434,PQC0274,Vietnam Airlines,1.585.413 VND/khách,15:05,2025-05-07,16:10,2025-05-07,1h 5m,Hành lý xách tay 1 x 12 kg,Hành lý 23 kg,2025-04-20,PQC
3435,PQC0208,Vietnam Airlines,1.671.327 VND/khách,08:10,2025-05-07,08:55,2025-05-07,45m,Hành lý xách tay 1 x 12 kg,Hành lý 23 kg,2025-04-20,PQC
3436,PQC0231,Vietnam Airlines,1.767.231 VND/khách,10:25,2025-05-07,11:25,2025-05-07,1h 0m,Hành lý xách tay 1 x 12 kg,Hành lý 23 kg,2025-04-20,PQC
3437,PQC0256,Vietnam Airlines,1.875.123 VND/khách,13:05,2025-05-07,14:00,2025-05-07,55m,Hành lý xách tay 1 x 12 kg,Hành lý 23 kg,2025-04-20,PQC
3440,PQC0188,Vietnam Airlines,1.481.517 VND/khách,05:40,2025-05-08,06:40,2025-05-08,1h 0m,Hành lý xách tay 1 x 12 kg,Hành lý 23 kg,2025-04-20,PQC
3441,PQC0023,VietJet Air,1.048.000 VND/khách,05:55,2025-05-08,06:55,2025-05-08,1h 0m,Hành lý xách tay 7 kg,Hành lý 0 kg,2025-04-20,PQC
3442,PQC0329,Vietravel Airlines,1.056.353 VND/khách,17:25,2025-05-08,18:25,2025-05-08,1h 0m,Hành lý xách tay 7 kg,Hành lý 0 kg,2025-04-20,PQC
3443,PQC0072,VietJet Air,1.297.000 VND/khách,11:35,2025-05-08,12:35,2025-05-08,1h 0m,Hành lý xách tay 7 kg,Hành lý 0 kg,2025-04-20,PQC
3444,PQC0094,VietJet Air,1.297.000 VND/khách,14:05,2025-05-08,15:05,2025-05-08,1h 0m,Hành lý xách tay 7 kg,Hành lý 0 kg,2025-04-20,PQC
3445,PQC0115,VietJet Air,1.297.000 VND/khách,15:40,2025-05-08,16:40,2025-05-08,1h 0m,Hành lý xách tay 7 kg,Hành lý 0 kg,2025-04-20,PQC
3446,PQC0038,VietJet Air,1.297.000 VND/khách,08:25,2025-05-08,09:30,2025-05-08,1h 5m,Hành lý xách tay 7 kg,Hành lý 0 kg,2025-04-20,PQC
3447,PQC0138,VietJet Air,1.297.000 VND/khách,17:10,2025-05-08,18:15,2025-05-08,1h 5m,Hành lý xách tay 7 kg,Hành lý 0 kg,2025-04-20,PQC
3448,PQC0155,VietJet Air,1.297.000 VND/khách,17:40,2025-05-08,18:45,2025-05-08,1h 5m,Hành lý xách tay 7 kg,Hành lý 0 kg,2025-04-20,PQC
3449,PQC0048,VietJet Air,1.435.000 VND/khách,09:20,2025-05-08,10:20,2025-05-08,1h 0m,Hành lý xách tay 7 kg,Hành lý 0 kg,2025-04-20,PQC
3450,PQC0188,Vietnam Airlines,1.481.517 VND/khách,05:40,2025-05-08,06:40,2025-05-08,1h 0m,Hành lý xách tay 1 x 12 kg,Hành lý 23 kg,2025-04-20,PQC
3451,PQC0275,Vietnam Airlines,1.704.294 VND/khách,15:05,2025-05-08,16:10,2025-05-08,1h 5m,Hành lý xách tay 1 x 12 kg,Hành lý 23 kg,2025-04-20,PQC
3452,PQC0257,Vietnam Airlines,1.782.216 VND/khách,13:05,2025-05-08,14:00,2025-05-08,55m,Hành lý xách tay 1 x 12 kg,Hành lý 23 kg,2025-04-20,PQC
3453,PQC0232,Vietnam Airlines,1.782.216 VND/khách,10:25,2025-05-08,11:25,2025-05-08,1h 0m,Hành lý xách tay 1 x 12 kg,Hành lý 23 kg,2025-04-20,PQC
3454,PQC0209,Vietnam Airlines,1.868.130 VND/khách,08:10,2025-05-08,08:55,2025-05-08,45m,Hành lý xách tay 1 x 12 kg,Hành lý 23 kg,2025-04-20,PQC
3457,PQC0189,Vietnam Airlines,1.600.398 VND/khách,05:40,2025-05-09,06:40,2025-05-09,1h 0m,Hành lý xách tay 1 x 12 kg,Hành lý 23 kg,2025-04-20,PQC
3458,PQC0116,VietJet Air,1.297.000 VND/khách,15:40,2025-05-09,16:40,2025-05-09,1h 0m,Hành lý xách tay 7 kg,Hành lý 0 kg,2025-04-20,PQC
3459,PQC0139,VietJet Air,1.297.000 VND/khách,17:10,2025-05-09,18:15,2025-05-09,1h 5m,Hành lý xách tay 7 kg,Hành lý 0 kg,2025-04-20,PQC
3460,PQC0007,Bamboo Airways,1.420.686 VND/khách,16:30,2025-05-09,17:30,2025-05-09,1h 0m,Hành lý xách tay 7 kg,Hành lý 0 kg,2025-04-20,PQC
3461,PQC0024,VietJet Air,1.446.000 VND/khách,05:55,2025-05-09,06:55,2025-05-09,1h 0m,Hành lý xách tay 7 kg,Hành lý 0 kg,2025-04-20,PQC
3462,PQC0049,VietJet Air,1.606.000 VND/khách,09:20,2025-05-09,10:20,2025-05-09,1h 0m,Hành lý xách tay 7 kg,Hành lý 0 kg,2025-04-20,PQC
3463,PQC0095,VietJet Air,1.606.000 VND/khách,14:05,2025-05-09,15:05,2025-05-09,1h 0m,Hành lý xách tay 7 kg,Hành lý 0 kg,2025-04-20,PQC
3464,PQC0309,Vietnam Airlines,1.693.305 VND/khách,20:20,2025-05-09,21:20,2025-05-09,1h 0m,Hành lý xách tay 1 x 12 kg,Hành lý 23 kg,2025-04-20,PQC
3465,PQC0073,VietJet Air,1.725.000 VND/khách,11:35,2025-05-09,12:35,2025-05-09,1h 0m,Hành lý xách tay 7 kg,Hành lý 0 kg,2025-04-20,PQC
3466,PQC0276,Vietnam Airlines,1.775.223 VND/khách,15:05,2025-05-09,16:10,2025-05-09,1h 5m,Hành lý xách tay 1 x 12 kg,Hành lý 23 kg,2025-04-20,PQC
3467,PQC0249,Vietnam Airlines,1.868.130 VND/khách,13:00,2025-05-09,14:00,2025-05-09,1h 0m,Hành lý xách tay 1 x 12 kg,Hành lý 23 kg,2025-04-20,PQC
3468,PQC0330,Vietravel Airlines,1.872.308 VND/khách,17:25,2025-05-09,18:25,2025-05-09,1h 0m,Hành lý xách tay 7 kg,Hành lý 0 kg,2025-04-20,PQC
3469,PQC0233,Vietnam Airlines,1.975.023 VND/khách,10:25,2025-05-09,11:25,2025-05-09,1h 0m,Hành lý xách tay 1 x 12 kg,Hành lý 23 kg,2025-04-20,PQC
3470,PQC0210,Vietnam Airlines,1.994.004 VND/khách,08:10,2025-05-09,08:55,2025-05-09,45m,Hành lý xách tay 1 x 12 kg,Hành lý 23 kg,2025-04-20,PQC
3473,PQC0277,Vietnam Airlines,1.674.324 VND/khách,15:05,2025-05-10,16:10,2025-05-10,1h 5m,Hành lý xách tay 1 x 12 kg,Hành lý 23 kg,2025-04-20,PQC
3474,PQC0331,Vietravel Airlines,881.790 VND/khách,17:25,2025-05-10,18:25,2025-05-10,1h 0m,Hành lý xách tay 7 kg,Hành lý 0 kg,2025-04-20,PQC
3475,PQC0140,VietJet Air,1.045.518 VND/khách,17:10,2025-05-10,18:15,2025-05-10,1h 5m,Hành lý xách tay 7 kg,Hành lý 0 kg,2025-04-20,PQC
3476,PQC0117,VietJet Air,1.156.000 VND/khách,15:40,2025-05-10,16:40,2025-05-10,1h 0m,Hành lý xách tay 7 kg,Hành lý 0 kg,2025-04-20,PQC
3477,PQC0074,VietJet Air,1.297.000 VND/khách,11:35,2025-05-10,12:35,2025-05-10,1h 0m,Hành lý xách tay 7 kg,Hành lý 0 kg,2025-04-20,PQC
3478,PQC0096,VietJet Air,1.297.000 VND/khách,14:05,2025-05-10,15:05,2025-05-10,1h 0m,Hành lý xách tay 7 kg,Hành lý 0 kg,2025-04-20,PQC
3479,PQC0025,VietJet Air,1.435.000 VND/khách,05:55,2025-05-10,06:55,2025-05-10,1h 0m,Hành lý xách tay 7 kg,Hành lý 0 kg,2025-04-20,PQC
3480,PQC0050,VietJet Air,1.435.000 VND/khách,09:20,2025-05-10,10:20,2025-05-10,1h 0m,Hành lý xách tay 7 kg,Hành lý 0 kg,2025-04-20,PQC
3481,PQC0277,Vietnam Airlines,1.674.324 VND/khách,15:05,2025-05-10,16:10,2025-05-10,1h 5m,Hành lý xách tay 1 x 12 kg,Hành lý 23 kg,2025-04-20,PQC
3482,PQC0258,Vietnam Airlines,1.786.212 VND/khách,13:05,2025-05-10,14:00,2025-05-10,55m,Hành lý xách tay 1 x 12 kg,Hành lý 23 kg,2025-04-20,PQC
3483,PQC0234,Vietnam Airlines,1.875.123 VND/khách,10:25,2025-05-10,11:25,2025-05-10,1h 0m,Hành lý xách tay 1 x 12 kg,Hành lý 23 kg,2025-04-20,PQC
3484,PQC0211,Vietnam Airlines,1.912.086 VND/khách,08:10,2025-05-10,08:55,2025-05-10,45m,Hành lý xách tay 1 x 12 kg,Hành lý 23 kg,2025-04-20,PQC
3485,PQC0190,Vietnam Airlines,1.975.023 VND/khách,05:40,2025-05-10,06:40,2025-05-10,1h 0m,Hành lý xách tay 1 x 12 kg,Hành lý 23 kg,2025-04-20,PQC
3488,PQC0192,Vietnam Airlines,1.384.614 VND/khách,05:40,2025-04-21,06:40,2025-04-21,1h 0m,Hành lý xách tay 1 x 12 kg,Hành lý 23 kg,2025-04-20,PQC
3489,PQC0333,Vietravel Airlines,1.060.343 VND/khách,17:25,2025-04-21,18:25,2025-04-21,1h 0m,Hành lý xách tay 7 kg,Hành lý 0 kg,2025-04-20,PQC
3490,PQC0142,VietJet Air,1.167.000 VND/khách,17:10,2025-04-21,18:15,2025-04-21,1h 5m,Hành lý xách tay 7 kg,Hành lý 0 kg,2025-04-20,PQC
3491,PQC0027,VietJet Air,1.174.000 VND/khách,05:55,2025-04-21,06:55,2025-04-21,1h 0m,Hành lý xách tay 7 kg,Hành lý 0 kg,2025-04-20,PQC
3492,PQC0009,Bamboo Airways,1.271.610 VND/khách,16:30,2025-04-21,17:30,2025-04-21,1h 0m,Hành lý xách tay 7 kg,Hành lý 0 kg,2025-04-20,PQC
3493,PQC0098,VietJet Air,1.308.000 VND/khách,14:05,2025-04-21,15:05,2025-04-21,1h 0m,Hành lý xách tay 7 kg,Hành lý 0 kg,2025-04-20,PQC
3494,PQC0076,VietJet Air,1.620.000 VND/khách,11:35,2025-04-21,12:35,2025-04-21,1h 0m,Hành lý xách tay 7 kg,Hành lý 0 kg,2025-04-20,PQC
3495,PQC0213,Vietnam Airlines,1.801.197 VND/khách,08:10,2025-04-21,08:55,2025-04-21,45m,Hành lý xách tay 1 x 12 kg,Hành lý 23 kg,2025-04-20,PQC
3496,PQC0193,Vietnam Airlines,1.451.547 VND/khách,05:40,2025-04-22,06:40,2025-04-22,1h 0m,Hành lý xách tay 1 x 12 kg,Hành lý 23 kg,2025-04-20,PQC
3497,PQC0334,Vietravel Airlines,1.056.353 VND/khách,17:25,2025-04-22,18:25,2025-04-22,1h 0m,Hành lý xách tay 7 kg,Hành lý 0 kg,2025-04-20,PQC
3498,PQC0028,VietJet Air,1.167.000 VND/khách,05:55,2025-04-22,06:55,2025-04-22,1h 0m,Hành lý xách tay 7 kg,Hành lý 0 kg,2025-04-20,PQC
3499,PQC0120,VietJet Air,1.167.000 VND/khách,15:40,2025-04-22,16:40,2025-04-22,1h 0m,Hành lý xách tay 7 kg,Hành lý 0 kg,2025-04-20,PQC
3500,PQC0143,VietJet Air,1.167.000 VND/khách,17:10,2025-04-22,18:15,2025-04-22,1h 5m,Hành lý xách tay 7 kg,Hành lý 0 kg,2025-04-20,PQC
3501,PQC0053,VietJet Air,1.308.000 VND/khách,09:20,2025-04-22,10:20,2025-04-22,1h 0m,Hành lý xách tay 7 kg,Hành lý 0 kg,2025-04-20,PQC
3502,PQC0077,VietJet Air,1.308.000 VND/khách,11:35,2025-04-22,12:35,2025-04-22,1h 0m,Hành lý xách tay 7 kg,Hành lý 0 kg,2025-04-20,PQC
3503,PQC0099,VietJet Air,1.308.000 VND/khách,14:05,2025-04-22,15:05,2025-04-22,1h 0m,Hành lý xách tay 7 kg,Hành lý 0 kg,2025-04-20,PQC
3504,PQC0193,Vietnam Airlines,1.451.547 VND/khách,05:40,2025-04-22,06:40,2025-04-22,1h 0m,Hành lý xách tay 1 x 12 kg,Hành lý 23 kg,2025-04-20,PQC
3505,PQC0214,Vietnam Airlines,1.693.305 VND/khách,08:10,2025-04-22,08:55,2025-04-22,45m,Hành lý xách tay 1 x 12 kg,Hành lý 23 kg,2025-04-20,PQC
3506,PQC0280,Vietnam Airlines,1.856.142 VND/khách,15:05,2025-04-22,16:10,2025-04-22,1h 5m,Hành lý xách tay 1 x 12 kg,Hành lý 23 kg,2025-04-20,PQC
3507,PQC0237,Vietnam Airlines,1.909.089 VND/khách,10:25,2025-04-22,11:25,2025-04-22,1h 0m,Hành lý xách tay 1 x 12 kg,Hành lý 23 kg,2025-04-20,PQC
3508,PQC0261,Vietnam Airlines,1.964.034 VND/khách,13:05,2025-04-22,14:00,2025-04-22,55m,Hành lý xách tay 1 x 12 kg,Hành lý 23 kg,2025-04-20,PQC
3511,PQC0215,Vietnam Airlines,1.592.406 VND/khách,08:10,2025-04-23,08:55,2025-04-23,45m,Hành lý xách tay 1 x 12 kg,Hành lý 23 kg,2025-04-20,PQC
3512,PQC0335,Vietravel Airlines,956.603 VND/khách,17:25,2025-04-23,18:25,2025-04-23,1h 0m,Hành lý xách tay 7 kg,Hành lý 0 kg,2025-04-20,PQC
3513,PQC0010,Bamboo Airways,1.013.756 VND/khách,16:30,2025-04-23,17:30,2025-04-23,1h 0m,Hành lý xách tay 7 kg,Hành lý 0 kg,2025-04-20,PQC
3514,PQC0157,VietJet Air,1.055.000 VND/khách,17:40,2025-04-23,18:40,2025-04-23,1h 0m,Hành lý xách tay 7 kg,Hành lý 0 kg,2025-04-20,PQC
3515,PQC0029,VietJet Air,1.130.000 VND/khách,05:55,2025-04-23,06:55,2025-04-23,1h 0m,Hành lý xách tay 7 kg,Hành lý 0 kg,2025-04-20,PQC
3516,PQC0129,VietJet Air,1.167.000 VND/khách,16:25,2025-04-23,17:25,2025-04-23,1h 0m,Hành lý xách tay 7 kg,Hành lý 0 kg,2025-04-20,PQC
3517,PQC0054,VietJet Air,1.308.000 VND/khách,09:20,2025-04-23,10:20,2025-04-23,1h 0m,Hành lý xách tay 7 kg,Hành lý 0 kg,2025-04-20,PQC
3518,PQC0078,VietJet Air,1.308.000 VND/khách,11:35,2025-04-23,12:35,2025-04-23,1h 0m,Hành lý xách tay 7 kg,Hành lý 0 kg,2025-04-20,PQC
3519,PQC0100,VietJet Air,1.308.000 VND/khách,14:05,2025-04-23,15:05,2025-04-23,1h 0m,Hành lý xách tay 7 kg,Hành lý 0 kg,2025-04-20,PQC
3520,PQC0215,Vietnam Airlines,1.592.406 VND/khách,08:10,2025-04-23,08:55,2025-04-23,45m,Hành lý xách tay 1 x 12 kg,Hành lý 23 kg,2025-04-20,PQC
3521,PQC0194,Vietnam Airlines,1.674.324 VND/khách,05:40,2025-04-23,06:40,2025-04-23,1h 0m,Hành lý xách tay 1 x 12 kg,Hành lý 23 kg,2025-04-20,PQC
3522,PQC0281,Vietnam Airlines,1.775.223 VND/khách,15:05,2025-04-23,16:10,2025-04-23,1h 5m,Hành lý xách tay 1 x 12 kg,Hành lý 23 kg,2025-04-20,PQC
3523,PQC0262,Vietnam Airlines,1.909.089 VND/khách,13:05,2025-04-23,14:00,2025-04-23,55m,Hành lý xách tay 1 x 12 kg,Hành lý 23 kg,2025-04-20,PQC
3524,PQC0238,Vietnam Airlines,1.909.089 VND/khách,10:25,2025-04-23,11:25,2025-04-23,1h 0m,Hành lý xách tay 1 x 12 kg,Hành lý 23 kg,2025-04-20,PQC
3527,PQC0195,Vietnam Airlines,1.362.636 VND/khách,05:40,2025-04-24,06:40,2025-04-24,1h 0m,Hành lý xách tay 1 x 12 kg,Hành lý 23 kg,2025-04-20,PQC
3528,PQC0336,Vietravel Airlines,1.130.168 VND/khách,17:25,2025-04-24,18:25,2025-04-24,1h 0m,Hành lý xách tay 7 kg,Hành lý 0 kg,2025-04-20,PQC
3529,PQC0030,VietJet Air,1.167.000 VND/khách,05:55,2025-04-24,06:55,2025-04-24,1h 0m,Hành lý xách tay 7 kg,Hành lý 0 kg,2025-04-20,PQC
3530,PQC0130,VietJet Air,1.308.000 VND/khách,16:30,2025-04-24,17:30,2025-04-24,1h 0m,Hành lý xách tay 7 kg,Hành lý 0 kg,2025-04-20,PQC
3531,PQC0158,VietJet Air,1.308.000 VND/khách,17:40,2025-04-24,18:45,2025-04-24,1h 5m,Hành lý xách tay 7 kg,Hành lý 0 kg,2025-04-20,PQC
3532,PQC0079,VietJet Air,1.435.000 VND/khách,11:35,2025-04-24,12:35,2025-04-24,1h 0m,Hành lý xách tay 7 kg,Hành lý 0 kg,2025-04-20,PQC
3533,PQC0101,VietJet Air,1.435.000 VND/khách,14:05,2025-04-24,15:05,2025-04-24,1h 0m,Hành lý xách tay 7 kg,Hành lý 0 kg,2025-04-20,PQC
3534,PQC0039,VietJet Air,1.435.000 VND/khách,08:25,2025-04-24,09:30,2025-04-24,1h 5m,Hành lý xách tay 7 kg,Hành lý 0 kg,2025-04-20,PQC
3535,PQC0282,Vietnam Airlines,1.868.130 VND/khách,15:05,2025-04-24,16:10,2025-04-24,1h 5m,Hành lý xách tay 1 x 12 kg,Hành lý 23 kg,2025-04-20,PQC
3536,PQC0217,Vietnam Airlines,1.875.123 VND/khách,08:10,2025-04-24,08:55,2025-04-24,45m,Hành lý xách tay 1 x 12 kg,Hành lý 23 kg,2025-04-20,PQC
3537,PQC0263,Vietnam Airlines,1.968.030 VND/khách,13:05,2025-04-24,14:00,2025-04-24,55m,Hành lý xách tay 1 x 12 kg,Hành lý 23 kg,2025-04-20,PQC
3538,PQC0239,Vietnam Airlines,1.979.019 VND/khách,10:25,2025-04-24,11:25,2025-04-24,1h 0m,Hành lý xách tay 1 x 12 kg,Hành lý 23 kg,2025-04-20,PQC
3543,PQC0296,Vietnam Airlines,1.671.327 VND/khách,17:25,2025-04-25,18:25,2025-04-25,1h 0m,Hành lý xách tay 1 x 12 kg,Hành lý 23 kg,2025-04-20,PQC
3544,PQC0337,Vietravel Airlines,1.130.168 VND/khách,17:25,2025-04-25,18:25,2025-04-25,1h 0m,Hành lý xách tay 7 kg,Hành lý 0 kg,2025-04-20,PQC
3545,PQC0011,Bamboo Airways,1.167.757 VND/khách,16:30,2025-04-25,17:30,2025-04-25,1h 0m,Hành lý xách tay 7 kg,Hành lý 0 kg,2025-04-20,PQC
3546,PQC0146,VietJet Air,1.308.000 VND/khách,17:10,2025-04-25,18:15,2025-04-25,1h 5m,Hành lý xách tay 7 kg,Hành lý 0 kg,2025-04-20,PQC
3547,PQC0031,VietJet Air,1.435.000 VND/khách,05:55,2025-04-25,06:55,2025-04-25,1h 0m,Hành lý xách tay 7 kg,Hành lý 0 kg,2025-04-20,PQC
3548,PQC0123,VietJet Air,1.435.000 VND/khách,15:40,2025-04-25,16:40,2025-04-25,1h 0m,Hành lý xách tay 7 kg,Hành lý 0 kg,2025-04-20,PQC
3549,PQC0056,VietJet Air,1.613.000 VND/khách,09:20,2025-04-25,10:20,2025-04-25,1h 0m,Hành lý xách tay 7 kg,Hành lý 0 kg,2025-04-20,PQC
3550,PQC0102,VietJet Air,1.613.000 VND/khách,14:05,2025-04-25,15:05,2025-04-25,1h 0m,Hành lý xách tay 7 kg,Hành lý 0 kg,2025-04-20,PQC
3551,PQC0296,Vietnam Airlines,1.671.327 VND/khách,17:25,2025-04-25,18:25,2025-04-25,1h 0m,Hành lý xách tay 1 x 12 kg,Hành lý 23 kg,2025-04-20,PQC
3552,PQC0311,Vietnam Airlines,1.756.242 VND/khách,20:20,2025-04-25,21:20,2025-04-25,1h 0m,Hành lý xách tay 1 x 12 kg,Hành lý 23 kg,2025-04-20,PQC
3553,PQC0080,VietJet Air,1.814.000 VND/khách,11:35,2025-04-25,12:35,2025-04-25,1h 0m,Hành lý xách tay 7 kg,Hành lý 0 kg,2025-04-20,PQC
3554,PQC0218,Vietnam Airlines,2.004.993 VND/khách,08:10,2025-04-25,08:55,2025-04-25,45m,Hành lý xách tay 1 x 12 kg,Hành lý 23 kg,2025-04-20,PQC
3555,PQC0240,Vietnam Airlines,2.004.993 VND/khách,10:25,2025-04-25,11:25,2025-04-25,1h 0m,Hành lý xách tay 1 x 12 kg,Hành lý 23 kg,2025-04-20,PQC
3556,PQC0250,Vietnam Airlines,2.004.993 VND/khách,13:00,2025-04-25,14:00,2025-04-25,1h 0m,Hành lý xách tay 1 x 12 kg,Hành lý 23 kg,2025-04-20,PQC
3557,PQC0196,Vietnam Airlines,2.008.989 VND/khách,05:40,2025-04-25,06:40,2025-04-25,1h 0m,Hành lý xách tay 1 x 12 kg,Hành lý 23 kg,2025-04-20,PQC
3558,PQC0283,Vietnam Airlines,2.012.985 VND/khách,15:05,2025-04-25,16:10,2025-04-25,1h 5m,Hành lý xách tay 1 x 12 kg,Hành lý 23 kg,2025-04-20,PQC
3561,PQC0297,Vietnam Airlines,1.581.417 VND/khách,17:25,2025-04-26,18:25,2025-04-26,1h 0m,Hành lý xách tay 1 x 12 kg,Hành lý 23 kg,2025-04-20,PQC
3562,PQC0338,Vietravel Airlines,1.308.720 VND/khách,17:25,2025-04-26,18:25,2025-04-26,1h 0m,Hành lý xách tay 7 kg,Hành lý 0 kg,2025-04-20,PQC
3563,PQC0032,VietJet Air,1.435.000 VND/khách,05:55,2025-04-26,06:55,2025-04-26,1h 0m,Hành lý xách tay 7 kg,Hành lý 0 kg,2025-04-20,PQC
3564,PQC0147,VietJet Air,1.613.000 VND/khách,17:10,2025-04-26,18:15,2025-04-26,1h 5m,Hành lý xách tay 7 kg,Hành lý 0 kg,2025-04-20,PQC
3565,PQC0103,VietJet Air,1.725.000 VND/khách,14:05,2025-04-26,15:05,2025-04-26,1h 0m,Hành lý xách tay 7 kg,Hành lý 0 kg,2025-04-20,PQC
3566,PQC0312,Vietnam Airlines,1.756.242 VND/khách,20:20,2025-04-26,21:20,2025-04-26,1h 0m,Hành lý xách tay 1 x 12 kg,Hành lý 23 kg,2025-04-20,PQC
3567,PQC0124,VietJet Air,1.814.000 VND/khách,15:40,2025-04-26,16:40,2025-04-26,1h 0m,Hành lý xách tay 7 kg,Hành lý 0 kg,2025-04-20,PQC
3568,PQC0057,VietJet Air,1.840.000 VND/khách,09:20,2025-04-26,10:20,2025-04-26,1h 0m,Hành lý xách tay 7 kg,Hành lý 0 kg,2025-04-20,PQC
3569,PQC0081,VietJet Air,1.840.000 VND/khách,11:35,2025-04-26,12:35,2025-04-26,1h 0m,Hành lý xách tay 7 kg,Hành lý 0 kg,2025-04-20,PQC
3570,PQC0219,Vietnam Airlines,1.909.089 VND/khách,08:10,2025-04-26,08:55,2025-04-26,45m,Hành lý xách tay 1 x 12 kg,Hành lý 23 kg,2025-04-20,PQC
3571,PQC0284,Vietnam Airlines,1.942.056 VND/khách,15:05,2025-04-26,16:10,2025-04-26,1h 5m,Hành lý xách tay 1 x 12 kg,Hành lý 23 kg,2025-04-20,PQC
3572,PQC0241,Vietnam Airlines,2.008.989 VND/khách,10:25,2025-04-26,11:25,2025-04-26,1h 0m,Hành lý xách tay 1 x 12 kg,Hành lý 23 kg,2025-04-20,PQC
3573,PQC0198,Vietnam Airlines,1.362.636 VND/khách,05:40,2025-04-27,06:40,2025-04-27,1h 0m,Hành lý xách tay 1 x 12 kg,Hành lý 23 kg,2025-04-20,PQC
3574,PQC0012,Bamboo Airways,1.013.756 VND/khách,16:30,2025-04-27,17:30,2025-04-27,1h 0m,Hành lý xách tay 7 kg,Hành lý 0 kg,2025-04-20,PQC
3575,PQC0339,Vietravel Airlines,1.056.353 VND/khách,17:25,2025-04-27,18:25,2025-04-27,1h 0m,Hành lý xách tay 7 kg,Hành lý 0 kg,2025-04-20,PQC
3576,PQC0033,VietJet Air,1.167.000 VND/khách,05:55,2025-04-27,06:55,2025-04-27,1h 0m,Hành lý xách tay 7 kg,Hành lý 0 kg,2025-04-20,PQC
3577,PQC0177,Vietnam Airlines,1.250.748 VND/khách,05:25,2025-04-27,06:20,2025-04-27,55m,Hành lý xách tay 1 x 12 kg,Hành lý 23 kg,2025-04-20,PQC
3578,PQC0319,Vietnam Airlines,1.362.636 VND/khách,20:45,2025-04-27,21:45,2025-04-27,1h 0m,Hành lý xách tay 1 x 12 kg,Hành lý 23 kg,2025-04-20,PQC
3579,PQC0302,Vietnam Airlines,1.366.632 VND/khách,19:20,2025-04-27,20:20,2025-04-27,1h 0m,Hành lý xách tay 1 x 12 kg,Hành lý 23 kg,2025-04-20,PQC
3580,PQC0313,Vietnam Airlines,1.496.502 VND/khách,20:20,2025-04-27,21:20,2025-04-27,1h 0m,Hành lý xách tay 1 x 12 kg,Hành lý 23 kg,2025-04-20,PQC
3581,PQC0125,VietJet Air,1.613.000 VND/khách,15:40,2025-04-27,16:40,2025-04-27,1h 0m,Hành lý xách tay 7 kg,Hành lý 0 kg,2025-04-20,PQC
3582,PQC0148,VietJet Air,1.613.000 VND/khách,17:10,2025-04-27,18:15,2025-04-27,1h 5m,Hành lý xách tay 7 kg,Hành lý 0 kg,2025-04-20,PQC
3583,PQC0285,Vietnam Airlines,1.693.305 VND/khách,15:05,2025-04-27,16:10,2025-04-27,1h 5m,Hành lý xách tay 1 x 12 kg,Hành lý 23 kg,2025-04-20,PQC
3584,PQC0104,VietJet Air,1.725.000 VND/khách,14:05,2025-04-27,15:05,2025-04-27,1h 0m,Hành lý xách tay 7 kg,Hành lý 0 kg,2025-04-20,PQC
3585,PQC0082,VietJet Air,1.814.000 VND/khách,11:35,2025-04-27,12:35,2025-04-27,1h 0m,Hành lý xách tay 7 kg,Hành lý 0 kg,2025-04-20,PQC
3586,PQC0242,Vietnam Airlines,1.868.130 VND/khách,10:25,2025-04-27,11:25,2025-04-27,1h 0m,Hành lý xách tay 1 x 12 kg,Hành lý 23 kg,2025-04-20,PQC
3587,PQC0265,Vietnam Airlines,1.909.089 VND/khách,13:05,2025-04-27,14:00,2025-04-27,55m,Hành lý xách tay 1 x 12 kg,Hành lý 23 kg,2025-04-20,PQC
3588,PQC0220,Vietnam Airlines,1.916.082 VND/khách,08:10,2025-04-27,08:55,2025-04-27,45m,Hành lý xách tay 1 x 12 kg,Hành lý 23 kg,2025-04-20,PQC
3591,PQC0199,Vietnam Airlines,1.154.844 VND/khách,05:40,2025-04-28,06:40,2025-04-28,1h 0m,Hành lý xách tay 1 x 12 kg,Hành lý 23 kg,2025-04-20,PQC
3592,PQC0340,Vietravel Airlines,1.056.353 VND/khách,17:25,2025-04-28,18:25,2025-04-28,1h 0m,Hành lý xách tay 7 kg,Hành lý 0 kg,2025-04-20,PQC
3593,PQC0178,Vietnam Airlines,1.154.844 VND/khách,05:25,2025-04-28,06:20,2025-04-28,55m,Hành lý xách tay 1 x 12 kg,Hành lý 23 kg,2025-04-20,PQC
3594,PQC0034,VietJet Air,1.167.000 VND/khách,05:55,2025-04-28,06:55,2025-04-28,1h 0m,Hành lý xách tay 7 kg,Hành lý 0 kg,2025-04-20,PQC
3595,PQC0013,Bamboo Airways,1.167.757 VND/khách,16:30,2025-04-28,17:30,2025-04-28,1h 0m,Hành lý xách tay 7 kg,Hành lý 0 kg,2025-04-20,PQC
3596,PQC0298,Vietnam Airlines,1.481.517 VND/khách,17:25,2025-04-28,18:25,2025-04-28,1h 0m,Hành lý xách tay 1 x 12 kg,Hành lý 23 kg,2025-04-20,PQC
3597,PQC0149,VietJet Air,1.613.000 VND/khách,17:10,2025-04-28,18:15,2025-04-28,1h 5m,Hành lý xách tay 7 kg,Hành lý 0 kg,2025-04-20,PQC
3598,PQC0221,Vietnam Airlines,1.674.324 VND/khách,08:10,2025-04-28,08:55,2025-04-28,45m,Hành lý xách tay 1 x 12 kg,Hành lý 23 kg,2025-04-20,PQC
3599,PQC0314,Vietnam Airlines,1.682.316 VND/khách,20:20,2025-04-28,21:20,2025-04-28,1h 0m,Hành lý xách tay 1 x 12 kg,Hành lý 23 kg,2025-04-20,PQC
3600,PQC0105,VietJet Air,1.725.000 VND/khách,14:05,2025-04-28,15:05,2025-04-28,1h 0m,Hành lý xách tay 7 kg,Hành lý 0 kg,2025-04-20,PQC
3601,PQC0126,VietJet Air,1.725.000 VND/khách,15:40,2025-04-28,16:40,2025-04-28,1h 0m,Hành lý xách tay 7 kg,Hành lý 0 kg,2025-04-20,PQC
3602,PQC0059,VietJet Air,1.814.000 VND/khách,09:20,2025-04-28,10:20,2025-04-28,1h 0m,Hành lý xách tay 7 kg,Hành lý 0 kg,2025-04-20,PQC
3603,PQC0083,VietJet Air,1.814.000 VND/khách,11:35,2025-04-28,12:35,2025-04-28,1h 0m,Hành lý xách tay 7 kg,Hành lý 0 kg,2025-04-20,PQC
3604,PQC0243,Vietnam Airlines,1.916.082 VND/khách,10:25,2025-04-28,11:25,2025-04-28,1h 0m,Hành lý xách tay 1 x 12 kg,Hành lý 23 kg,2025-04-20,PQC
3605,PQC0286,Vietnam Airlines,1.916.082 VND/khách,15:05,2025-04-28,16:10,2025-04-28,1h 5m,Hành lý xách tay 1 x 12 kg,Hành lý 23 kg,2025-04-20,PQC
3608,PQC0267,Vietnam Airlines,1.990.008 VND/khách,13:05,2025-04-29,14:00,2025-04-29,55m,Hành lý xách tay 1 x 12 kg,Hành lý 23 kg,2025-04-20,PQC
3609,PQC0341,Vietravel Airlines,1.630.913 VND/khách,17:25,2025-04-29,18:25,2025-04-29,1h 0m,Hành lý xách tay 7 kg,Hành lý 0 kg,2025-04-20,PQC
3610,PQC0179,Vietnam Airlines,1.778.220 VND/khách,05:25,2025-04-29,06:20,2025-04-29,55m,Hành lý xách tay 1 x 12 kg,Hành lý 23 kg,2025-04-20,PQC
3611,PQC0035,VietJet Air,1.814.000 VND/khách,05:55,2025-04-29,06:55,2025-04-29,1h 0m,Hành lý xách tay 7 kg,Hành lý 0 kg,2025-04-20,PQC
3612,PQC0127,VietJet Air,1.814.000 VND/khách,15:40,2025-04-29,16:40,2025-04-29,1h 0m,Hành lý xách tay 7 kg,Hành lý 0 kg,2025-04-20,PQC
3613,PQC0040,VietJet Air,1.814.000 VND/khách,08:25,2025-04-29,09:30,2025-04-29,1h 5m,Hành lý xách tay 7 kg,Hành lý 0 kg,2025-04-20,PQC
3614,PQC0084,VietJet Air,1.840.000 VND/khách,11:35,2025-04-29,12:35,2025-04-29,1h 0m,Hành lý xách tay 7 kg,Hành lý 0 kg,2025-04-20,PQC
3615,PQC0106,VietJet Air,1.840.000 VND/khách,14:05,2025-04-29,15:05,2025-04-29,1h 0m,Hành lý xách tay 7 kg,Hành lý 0 kg,2025-04-20,PQC
3616,PQC0060,VietJet Air,1.870.000 VND/khách,09:20,2025-04-29,10:20,2025-04-29,1h 0m,Hành lý xách tay 7 kg,Hành lý 0 kg,2025-04-20,PQC
3617,PQC0267,Vietnam Airlines,1.990.008 VND/khách,13:05,2025-04-29,14:00,2025-04-29,55m,Hành lý xách tay 1 x 12 kg,Hành lý 23 kg,2025-04-20,PQC
3618,PQC0299,Vietnam Airlines,2.000.997 VND/khách,17:25,2025-04-29,18:25,2025-04-29,1h 0m,Hành lý xách tay 1 x 12 kg,Hành lý 23 kg,2025-04-20,PQC
3619,PQC0321,Vietnam Airlines,2.000.997 VND/khách,21:05,2025-04-29,22:05,2025-04-29,1h 0m,Hành lý xách tay 1 x 12 kg,Hành lý 23 kg,2025-04-20,PQC
3620,PQC0287,Vietnam Airlines,2.004.993 VND/khách,15:05,2025-04-29,16:10,2025-04-29,1h 5m,Hành lý xách tay 1 x 12 kg,Hành lý 23 kg,2025-04-20,PQC
3621,PQC0200,Vietnam Airlines,2.012.985 VND/khách,05:40,2025-04-29,06:40,2025-04-29,1h 0m,Hành lý xách tay 1 x 12 kg,Hành lý 23 kg,2025-04-20,PQC
3627,PQC0151,VietJet Air,3.725.250 VND/khách,17:10,2025-04-30,18:15,2025-04-30,1h 5m,Hành lý xách tay 7 kg,Hành lý 0 kg,2025-04-20,PQC
3630,PQC0289,Vietnam Airlines,1.983.015 VND/khách,16:15,2025-05-01,17:15,2025-05-01,1h 0m,Hành lý xách tay 1 x 12 kg,Hành lý 23 kg,2025-04-21,PQC
3631,PQC0322,Vietravel Airlines,1.882.283 VND/khách,17:25,2025-05-01,18:25,2025-05-01,1h 0m,Hành lý xách tay 7 kg,Hành lý 0 kg,2025-04-21,PQC
3632,PQC0131,VietJet Air,1.918.000 VND/khách,17:10,2025-05-01,18:15,2025-05-01,1h 5m,Hành lý xách tay 7 kg,Hành lý 0 kg,2025-04-21,PQC
3633,PQC0154,VietJet Air,1.918.000 VND/khách,17:40,2025-05-01,18:45,2025-05-01,1h 5m,Hành lý xách tay 7 kg,Hành lý 0 kg,2025-04-21,PQC
3634,PQC0001,Bamboo Airways,1.934.703 VND/khách,16:30,2025-05-01,17:30,2025-05-01,1h 0m,Hành lý xách tay 7 kg,Hành lý 20 kg,2025-04-21,PQC
3635,PQC0291,Vietnam Airlines,2.004.993 VND/khách,17:25,2025-05-01,18:25,2025-05-01,1h 0m,Hành lý xách tay 1 x 12 kg,Hành lý 23 kg,2025-04-21,PQC
3639,PQC0292,Vietnam Airlines,1.983.015 VND/khách,17:25,2025-05-02,18:25,2025-05-02,1h 0m,Hành lý xách tay 1 x 12 kg,Hành lý 23 kg,2025-04-21,PQC
3640,PQC0167,Vietnam Airlines,1.592.406 VND/khách,05:25,2025-05-02,06:20,2025-05-02,55m,Hành lý xách tay 1 x 12 kg,Hành lý 23 kg,2025-04-21,PQC
3641,PQC0002,Bamboo Airways,1.608.343 VND/khách,16:30,2025-05-02,17:30,2025-05-02,1h 0m,Hành lý xách tay 7 kg,Hành lý 0 kg,2025-04-21,PQC
3642,PQC0323,Vietravel Airlines,1.630.913 VND/khách,17:25,2025-05-02,18:25,2025-05-02,1h 0m,Hành lý xách tay 7 kg,Hành lý 0 kg,2025-04-21,PQC
3643,PQC0017,VietJet Air,1.717.000 VND/khách,05:55,2025-05-02,06:55,2025-05-02,1h 0m,Hành lý xách tay 7 kg,Hành lý 0 kg,2025-04-21,PQC
3644,PQC0132,VietJet Air,1.717.000 VND/khách,17:10,2025-05-02,18:15,2025-05-02,1h 5m,Hành lý xách tay 7 kg,Hành lý 0 kg,2025-04-21,PQC
3645,PQC0109,VietJet Air,1.732.000 VND/khách,15:40,2025-05-02,16:40,2025-05-02,1h 0m,Hành lý xách tay 7 kg,Hành lý 0 kg,2025-04-21,PQC
3646,PQC0088,VietJet Air,1.832.000 VND/khách,14:05,2025-05-02,15:05,2025-05-02,1h 0m,Hành lý xách tay 7 kg,Hành lý 0 kg,2025-04-21,PQC
3647,PQC0292,Vietnam Airlines,1.983.015 VND/khách,17:25,2025-05-02,18:25,2025-05-02,1h 0m,Hành lý xách tay 1 x 12 kg,Hành lý 23 kg,2025-04-21,PQC
3648,PQC0301,Vietnam Airlines,1.983.015 VND/khách,19:20,2025-05-02,20:20,2025-05-02,1h 0m,Hành lý xách tay 1 x 12 kg,Hành lý 23 kg,2025-04-21,PQC
3649,PQC0305,Vietnam Airlines,1.994.004 VND/khách,20:20,2025-05-02,21:20,2025-05-02,1h 0m,Hành lý xách tay 1 x 12 kg,Hành lý 23 kg,2025-04-21,PQC
3650,PQC0203,Vietnam Airlines,1.998.000 VND/khách,08:10,2025-05-02,08:55,2025-05-02,45m,Hành lý xách tay 1 x 12 kg,Hành lý 23 kg,2025-04-21,PQC
3651,PQC0248,Vietnam Airlines,2.000.997 VND/khách,13:00,2025-05-02,14:00,2025-05-02,1h 0m,Hành lý xách tay 1 x 12 kg,Hành lý 23 kg,2025-04-21,PQC
3652,PQC0269,Vietnam Airlines,2.000.997 VND/khách,15:05,2025-05-02,16:10,2025-05-02,1h 5m,Hành lý xách tay 1 x 12 kg,Hành lý 23 kg,2025-04-21,PQC
3653,PQC0182,Vietnam Airlines,2.012.985 VND/khách,05:40,2025-05-02,06:40,2025-05-02,1h 0m,Hành lý xách tay 1 x 12 kg,Hành lý 23 kg,2025-04-21,PQC
3656,PQC0183,Vietnam Airlines,1.477.521 VND/khách,05:40,2025-05-03,06:40,2025-05-03,1h 0m,Hành lý xách tay 1 x 12 kg,Hành lý 23 kg,2025-04-21,PQC
3657,PQC0003,Bamboo Airways,1.167.757 VND/khách,16:30,2025-05-03,17:30,2025-05-03,1h 0m,Hành lý xách tay 7 kg,Hành lý 0 kg,2025-04-21,PQC
3658,PQC0168,Vietnam Airlines,1.258.740 VND/khách,05:25,2025-05-03,06:20,2025-05-03,55m,Hành lý xách tay 1 x 12 kg,Hành lý 23 kg,2025-04-21,PQC
3659,PQC0324,Vietravel Airlines,1.304.730 VND/khách,17:25,2025-05-03,18:25,2025-05-03,1h 0m,Hành lý xách tay 7 kg,Hành lý 0 kg,2025-04-21,PQC
3660,PQC0293,Vietnam Airlines,1.477.521 VND/khách,17:25,2025-05-03,18:25,2025-05-03,1h 0m,Hành lý xách tay 1 x 12 kg,Hành lý 23 kg,2025-04-21,PQC
3661,PQC0303,Vietnam Airlines,1.477.521 VND/khách,19:45,2025-05-03,20:45,2025-05-03,1h 0m,Hành lý xách tay 1 x 12 kg,Hành lý 23 kg,2025-04-21,PQC
3662,PQC0306,Vietnam Airlines,1.704.294 VND/khách,20:20,2025-05-03,21:20,2025-05-03,1h 0m,Hành lý xách tay 1 x 12 kg,Hành lý 23 kg,2025-04-21,PQC
3663,PQC0089,VietJet Air,1.717.000 VND/khách,14:05,2025-05-03,15:05,2025-05-03,1h 0m,Hành lý xách tay 7 kg,Hành lý 0 kg,2025-04-21,PQC
3664,PQC0037,VietJet Air,1.717.000 VND/khách,08:25,2025-05-03,09:30,2025-05-03,1h 5m,Hành lý xách tay 7 kg,Hành lý 0 kg,2025-04-21,PQC
3665,PQC0204,Vietnam Airlines,1.752.246 VND/khách,08:10,2025-05-03,08:55,2025-05-03,45m,Hành lý xách tay 1 x 12 kg,Hành lý 23 kg,2025-04-21,PQC
3666,PQC0018,VietJet Air,1.803.000 VND/khách,05:55,2025-05-03,06:55,2025-05-03,1h 0m,Hành lý xách tay 7 kg,Hành lý 0 kg,2025-04-21,PQC
3667,PQC0133,VietJet Air,1.803.000 VND/khách,17:10,2025-05-03,18:15,2025-05-03,1h 5m,Hành lý xách tay 7 kg,Hành lý 0 kg,2025-04-21,PQC
3668,PQC0043,VietJet Air,1.832.000 VND/khách,09:20,2025-05-03,10:20,2025-05-03,1h 0m,Hành lý xách tay 7 kg,Hành lý 0 kg,2025-04-21,PQC
3669,PQC0067,VietJet Air,1.832.000 VND/khách,11:35,2025-05-03,12:35,2025-05-03,1h 0m,Hành lý xách tay 7 kg,Hành lý 0 kg,2025-04-21,PQC
3670,PQC0110,VietJet Air,1.832.000 VND/khách,15:40,2025-05-03,16:40,2025-05-03,1h 0m,Hành lý xách tay 7 kg,Hành lý 0 kg,2025-04-21,PQC
3671,PQC0270,Vietnam Airlines,1.879.119 VND/khách,15:05,2025-05-03,16:10,2025-05-03,1h 5m,Hành lý xách tay 1 x 12 kg,Hành lý 23 kg,2025-04-21,PQC
3672,PQC0227,Vietnam Airlines,1.912.086 VND/khách,10:25,2025-05-03,11:25,2025-05-03,1h 0m,Hành lý xách tay 1 x 12 kg,Hành lý 23 kg,2025-04-21,PQC
3673,PQC0252,Vietnam Airlines,1.975.023 VND/khách,13:05,2025-05-03,14:00,2025-05-03,55m,Hành lý xách tay 1 x 12 kg,Hành lý 23 kg,2025-04-21,PQC
3678,PQC0307,Vietnam Airlines,1.235.763 VND/khách,20:20,2025-05-04,21:20,2025-05-04,1h 0m,Hành lý xách tay 1 x 12 kg,Hành lý 23 kg,2025-04-21,PQC
3679,PQC0325,Vietravel Airlines,823.935 VND/khách,17:25,2025-05-04,18:25,2025-05-04,1h 0m,Hành lý xách tay 7 kg,Hành lý 0 kg,2025-04-21,PQC
3680,PQC0004,Bamboo Airways,1.013.756 VND/khách,16:30,2025-05-04,17:30,2025-05-04,1h 0m,Hành lý xách tay 7 kg,Hành lý 0 kg,2025-04-21,PQC
3681,PQC0019,VietJet Air,1.048.000 VND/khách,05:55,2025-05-04,06:55,2025-05-04,1h 0m,Hành lý xách tay 7 kg,Hành lý 0 kg,2025-04-21,PQC
3682,PQC0111,VietJet Air,1.048.000 VND/khách,15:40,2025-05-04,16:40,2025-05-04,1h 0m,Hành lý xách tay 7 kg,Hành lý 0 kg,2025-04-21,PQC
3683,PQC0134,VietJet Air,1.048.000 VND/khách,17:10,2025-05-04,18:15,2025-05-04,1h 5m,Hành lý xách tay 7 kg,Hành lý 0 kg,2025-04-21,PQC
3684,PQC0169,Vietnam Airlines,1.090.908 VND/khách,05:25,2025-05-04,06:20,2025-05-04,55m,Hành lý xách tay 1 x 12 kg,Hành lý 23 kg,2025-04-21,PQC
3685,PQC0090,VietJet Air,1.156.000 VND/khách,14:05,2025-05-04,15:05,2025-05-04,1h 0m,Hành lý xách tay 7 kg,Hành lý 0 kg,2025-04-21,PQC
3686,PQC0307,Vietnam Airlines,1.235.763 VND/khách,20:20,2025-05-04,21:20,2025-05-04,1h 0m,Hành lý xách tay 1 x 12 kg,Hành lý 23 kg,2025-04-21,PQC
3687,PQC0184,Vietnam Airlines,1.239.759 VND/khách,05:40,2025-05-04,06:40,2025-05-04,1h 0m,Hành lý xách tay 1 x 12 kg,Hành lý 23 kg,2025-04-21,PQC
3688,PQC0294,Vietnam Airlines,1.243.755 VND/khách,17:25,2025-05-04,18:25,2025-05-04,1h 0m,Hành lý xách tay 1 x 12 kg,Hành lý 23 kg,2025-04-21,PQC
3689,PQC0317,Vietnam Airlines,1.243.755 VND/khách,20:25,2025-05-04,21:25,2025-05-04,1h 0m,Hành lý xách tay 1 x 12 kg,Hành lý 23 kg,2025-04-21,PQC
3690,PQC0162,Vietnam Airlines,1.247.751 VND/khách,05:10,2025-05-04,06:10,2025-05-04,1h 0m,Hành lý xách tay 1 x 12 kg,Hành lý 23 kg,2025-04-21,PQC
3691,PQC0044,VietJet Air,1.297.000 VND/khách,09:20,2025-05-04,10:20,2025-05-04,1h 0m,Hành lý xách tay 7 kg,Hành lý 0 kg,2025-04-21,PQC
3692,PQC0068,VietJet Air,1.297.000 VND/khách,11:35,2025-05-04,12:35,2025-05-04,1h 0m,Hành lý xách tay 7 kg,Hành lý 0 kg,2025-04-21,PQC
3693,PQC0271,Vietnam Airlines,1.373.625 VND/khách,15:05,2025-05-04,16:10,2025-05-04,1h 5m,Hành lý xách tay 1 x 12 kg,Hành lý 23 kg,2025-04-21,PQC
3694,PQC0205,Vietnam Airlines,1.473.525 VND/khách,08:10,2025-05-04,08:55,2025-05-04,45m,Hành lý xách tay 1 x 12 kg,Hành lý 23 kg,2025-04-21,PQC
3695,PQC0253,Vietnam Airlines,1.596.402 VND/khách,13:05,2025-05-04,14:00,2025-05-04,55m,Hành lý xách tay 1 x 12 kg,Hành lý 23 kg,2025-04-21,PQC
3696,PQC0228,Vietnam Airlines,1.596.402 VND/khách,10:25,2025-05-04,11:25,2025-05-04,1h 0m,Hành lý xách tay 1 x 12 kg,Hành lý 23 kg,2025-04-21,PQC
3699,PQC0318,Vietnam Airlines,1.364.634 VND/khách,20:25,2025-05-05,21:25,2025-05-05,1h 0m,Hành lý xách tay 1 x 12 kg,Hành lý 23 kg,2025-04-21,PQC
3700,PQC0326,Vietravel Airlines,750.120 VND/khách,17:25,2025-05-05,18:25,2025-05-05,1h 0m,Hành lý xách tay 7 kg,Hành lý 0 kg,2025-04-21,PQC
3701,PQC0135,VietJet Air,827.000 VND/khách,17:10,2025-05-05,18:15,2025-05-05,1h 5m,Hành lý xách tay 7 kg,Hành lý 0 kg,2025-04-21,PQC
3702,PQC0005,Bamboo Airways,869.953 VND/khách,16:30,2025-05-05,17:30,2025-05-05,1h 0m,Hành lý xách tay 7 kg,Hành lý 0 kg,2025-04-21,PQC
3703,PQC0170,Vietnam Airlines,883.413 VND/khách,05:25,2025-05-05,06:20,2025-05-05,55m,Hành lý xách tay 1 x 12 kg,Hành lý 0 kg,2025-04-21,PQC
3704,PQC0020,VietJet Air,1.050.000 VND/khách,05:55,2025-05-05,06:55,2025-05-05,1h 0m,Hành lý xách tay 7 kg,Hành lý 0 kg,2025-04-21,PQC
3705,PQC0112,VietJet Air,1.050.000 VND/khách,15:40,2025-05-05,16:40,2025-05-05,1h 0m,Hành lý xách tay 7 kg,Hành lý 0 kg,2025-04-21,PQC
3706,PQC0091,VietJet Air,1.158.000 VND/khách,14:05,2025-05-05,15:05,2025-05-05,1h 0m,Hành lý xách tay 7 kg,Hành lý 0 kg,2025-04-21,PQC
3707,PQC0045,VietJet Air,1.299.000 VND/khách,09:20,2025-05-05,10:20,2025-05-05,1h 0m,Hành lý xách tay 7 kg,Hành lý 0 kg,2025-04-21,PQC
3708,PQC0069,VietJet Air,1.299.000 VND/khách,11:35,2025-05-05,12:35,2025-05-05,1h 0m,Hành lý xách tay 7 kg,Hành lý 0 kg,2025-04-21,PQC
3709,PQC0318,Vietnam Airlines,1.364.634 VND/khách,20:25,2025-05-05,21:25,2025-05-05,1h 0m,Hành lý xách tay 1 x 12 kg,Hành lý 23 kg,2025-04-21,PQC
3710,PQC0308,Vietnam Airlines,1.378.620 VND/khách,20:20,2025-05-05,21:20,2025-05-05,1h 0m,Hành lý xách tay 1 x 12 kg,Hành lý 23 kg,2025-04-21,PQC
3711,PQC0295,Vietnam Airlines,1.379.619 VND/khách,17:25,2025-05-05,18:25,2025-05-05,1h 0m,Hành lý xách tay 1 x 12 kg,Hành lý 23 kg,2025-04-21,PQC
3712,PQC0185,Vietnam Airlines,1.386.612 VND/khách,05:40,2025-05-05,06:40,2025-05-05,1h 0m,Hành lý xách tay 1 x 12 kg,Hành lý 23 kg,2025-04-21,PQC
3713,PQC0272,Vietnam Airlines,1.479.519 VND/khách,15:05,2025-05-05,16:10,2025-05-05,1h 5m,Hành lý xách tay 1 x 12 kg,Hành lý 23 kg,2025-04-21,PQC
3714,PQC0254,Vietnam Airlines,1.602.396 VND/khách,13:05,2025-05-05,14:00,2025-05-05,55m,Hành lý xách tay 1 x 12 kg,Hành lý 23 kg,2025-04-21,PQC
3715,PQC0206,Vietnam Airlines,1.672.326 VND/khách,08:10,2025-05-05,08:55,2025-05-05,45m,Hành lý xách tay 1 x 12 kg,Hành lý 23 kg,2025-04-21,PQC
3716,PQC0229,Vietnam Airlines,1.770.228 VND/khách,10:25,2025-05-05,11:25,2025-05-05,1h 0m,Hành lý xách tay 1 x 12 kg,Hành lý 23 kg,2025-04-21,PQC
3719,PQC0186,Vietnam Airlines,1.367.631 VND/khách,05:40,2025-05-06,06:40,2025-05-06,1h 0m,Hành lý xách tay 1 x 12 kg,Hành lý 23 kg,2025-04-21,PQC
3720,PQC0327,Vietravel Airlines,750.120 VND/khách,17:25,2025-05-06,18:25,2025-05-06,1h 0m,Hành lý xách tay 7 kg,Hành lý 0 kg,2025-04-21,PQC
3721,PQC0136,VietJet Air,827.000 VND/khách,17:10,2025-05-06,18:15,2025-05-06,1h 5m,Hành lý xách tay 7 kg,Hành lý 0 kg,2025-04-21,PQC
3722,PQC0021,VietJet Air,1.050.000 VND/khách,05:55,2025-05-06,06:55,2025-05-06,1h 0m,Hành lý xách tay 7 kg,Hành lý 0 kg,2025-04-21,PQC
3723,PQC0113,VietJet Air,1.050.000 VND/khách,15:40,2025-05-06,16:40,2025-05-06,1h 0m,Hành lý xách tay 7 kg,Hành lý 0 kg,2025-04-21,PQC
3724,PQC0070,VietJet Air,1.158.000 VND/khách,11:35,2025-05-06,12:35,2025-05-06,1h 0m,Hành lý xách tay 7 kg,Hành lý 0 kg,2025-04-21,PQC
3725,PQC0092,VietJet Air,1.158.000 VND/khách,14:05,2025-05-06,15:05,2025-05-06,1h 0m,Hành lý xách tay 7 kg,Hành lý 0 kg,2025-04-21,PQC
3726,PQC0046,VietJet Air,1.299.000 VND/khách,09:20,2025-05-06,10:20,2025-05-06,1h 0m,Hành lý xách tay 7 kg,Hành lý 0 kg,2025-04-21,PQC
3727,PQC0186,Vietnam Airlines,1.367.631 VND/khách,05:40,2025-05-06,06:40,2025-05-06,1h 0m,Hành lý xách tay 1 x 12 kg,Hành lý 23 kg,2025-04-21,PQC
3728,PQC0207,Vietnam Airlines,1.598.400 VND/khách,08:10,2025-05-06,08:55,2025-05-06,45m,Hành lý xách tay 1 x 12 kg,Hành lý 23 kg,2025-04-21,PQC
3729,PQC0255,Vietnam Airlines,1.598.400 VND/khách,13:05,2025-05-06,14:00,2025-05-06,55m,Hành lý xách tay 1 x 12 kg,Hành lý 23 kg,2025-04-21,PQC
3730,PQC0273,Vietnam Airlines,1.598.400 VND/khách,15:05,2025-05-06,16:10,2025-05-06,1h 5m,Hành lý xách tay 1 x 12 kg,Hành lý 23 kg,2025-04-21,PQC
3731,PQC0230,Vietnam Airlines,1.777.221 VND/khách,10:25,2025-05-06,11:25,2025-05-06,1h 0m,Hành lý xách tay 1 x 12 kg,Hành lý 23 kg,2025-04-21,PQC
3734,PQC0187,Vietnam Airlines,1.386.612 VND/khách,05:40,2025-05-07,06:40,2025-05-07,1h 0m,Hành lý xách tay 1 x 12 kg,Hành lý 23 kg,2025-04-21,PQC
3735,PQC0328,Vietravel Airlines,750.120 VND/khách,17:25,2025-05-07,18:25,2025-05-07,1h 0m,Hành lý xách tay 7 kg,Hành lý 0 kg,2025-04-21,PQC
3736,PQC0022,VietJet Air,827.000 VND/khách,05:55,2025-05-07,06:55,2025-05-07,1h 0m,Hành lý xách tay 7 kg,Hành lý 0 kg,2025-04-21,PQC
3737,PQC0137,VietJet Air,827.000 VND/khách,17:10,2025-05-07,18:15,2025-05-07,1h 5m,Hành lý xách tay 7 kg,Hành lý 0 kg,2025-04-21,PQC
3738,PQC0006,Bamboo Airways,1.018.850 VND/khách,16:30,2025-05-07,17:30,2025-05-07,1h 0m,Hành lý xách tay 7 kg,Hành lý 0 kg,2025-04-21,PQC
3739,PQC0114,VietJet Air,1.050.000 VND/khách,15:40,2025-05-07,16:40,2025-05-07,1h 0m,Hành lý xách tay 7 kg,Hành lý 0 kg,2025-04-21,PQC
3740,PQC0047,VietJet Air,1.158.000 VND/khách,09:20,2025-05-07,10:20,2025-05-07,1h 0m,Hành lý xách tay 7 kg,Hành lý 0 kg,2025-04-21,PQC
3741,PQC0071,VietJet Air,1.158.000 VND/khách,11:35,2025-05-07,12:35,2025-05-07,1h 0m,Hành lý xách tay 7 kg,Hành lý 0 kg,2025-04-21,PQC
3742,PQC0093,VietJet Air,1.158.000 VND/khách,14:05,2025-05-07,15:05,2025-05-07,1h 0m,Hành lý xách tay 7 kg,Hành lý 0 kg,2025-04-21,PQC
3743,PQC0187,Vietnam Airlines,1.386.612 VND/khách,05:40,2025-05-07,06:40,2025-05-07,1h 0m,Hành lý xách tay 1 x 12 kg,Hành lý 23 kg,2025-04-21,PQC
3744,PQC0274,Vietnam Airlines,1.579.419 VND/khách,15:05,2025-05-07,16:10,2025-05-07,1h 5m,Hành lý xách tay 1 x 12 kg,Hành lý 23 kg,2025-04-21,PQC
3745,PQC0208,Vietnam Airlines,1.672.326 VND/khách,08:10,2025-05-07,08:55,2025-05-07,45m,Hành lý xách tay 1 x 12 kg,Hành lý 23 kg,2025-04-21,PQC
3746,PQC0231,Vietnam Airlines,1.766.232 VND/khách,10:25,2025-05-07,11:25,2025-05-07,1h 0m,Hành lý xách tay 1 x 12 kg,Hành lý 23 kg,2025-04-21,PQC
3747,PQC0256,Vietnam Airlines,1.888.110 VND/khách,13:05,2025-05-07,14:00,2025-05-07,55m,Hành lý xách tay 1 x 12 kg,Hành lý 23 kg,2025-04-21,PQC
3750,PQC0188,Vietnam Airlines,1.479.519 VND/khách,05:40,2025-05-08,06:40,2025-05-08,1h 0m,Hành lý xách tay 1 x 12 kg,Hành lý 23 kg,2025-04-21,PQC
3751,PQC0023,VietJet Air,1.050.000 VND/khách,05:55,2025-05-08,06:55,2025-05-08,1h 0m,Hành lý xách tay 7 kg,Hành lý 0 kg,2025-04-21,PQC
3752,PQC0329,Vietravel Airlines,1.057.350 VND/khách,17:25,2025-05-08,18:25,2025-05-08,1h 0m,Hành lý xách tay 7 kg,Hành lý 0 kg,2025-04-21,PQC
3753,PQC0072,VietJet Air,1.299.000 VND/khách,11:35,2025-05-08,12:35,2025-05-08,1h 0m,Hành lý xách tay 7 kg,Hành lý 0 kg,2025-04-21,PQC
3754,PQC0094,VietJet Air,1.299.000 VND/khách,14:05,2025-05-08,15:05,2025-05-08,1h 0m,Hành lý xách tay 7 kg,Hành lý 0 kg,2025-04-21,PQC
3755,PQC0115,VietJet Air,1.299.000 VND/khách,15:40,2025-05-08,16:40,2025-05-08,1h 0m,Hành lý xách tay 7 kg,Hành lý 0 kg,2025-04-21,PQC
3756,PQC0038,VietJet Air,1.299.000 VND/khách,08:25,2025-05-08,09:30,2025-05-08,1h 5m,Hành lý xách tay 7 kg,Hành lý 0 kg,2025-04-21,PQC
3757,PQC0138,VietJet Air,1.299.000 VND/khách,17:10,2025-05-08,18:15,2025-05-08,1h 5m,Hành lý xách tay 7 kg,Hành lý 0 kg,2025-04-21,PQC
3758,PQC0155,VietJet Air,1.299.000 VND/khách,17:40,2025-05-08,18:45,2025-05-08,1h 5m,Hành lý xách tay 7 kg,Hành lý 0 kg,2025-04-21,PQC
3759,PQC0048,VietJet Air,1.436.000 VND/khách,09:20,2025-05-08,10:20,2025-05-08,1h 0m,Hành lý xách tay 7 kg,Hành lý 0 kg,2025-04-21,PQC
3760,PQC0188,Vietnam Airlines,1.479.519 VND/khách,05:40,2025-05-08,06:40,2025-05-08,1h 0m,Hành lý xách tay 1 x 12 kg,Hành lý 23 kg,2025-04-21,PQC
3761,PQC0275,Vietnam Airlines,1.698.300 VND/khách,15:05,2025-05-08,16:10,2025-05-08,1h 5m,Hành lý xách tay 1 x 12 kg,Hành lý 23 kg,2025-04-21,PQC
3762,PQC0257,Vietnam Airlines,1.777.221 VND/khách,13:05,2025-05-08,14:00,2025-05-08,55m,Hành lý xách tay 1 x 12 kg,Hành lý 23 kg,2025-04-21,PQC
3763,PQC0232,Vietnam Airlines,1.777.221 VND/khách,10:25,2025-05-08,11:25,2025-05-08,1h 0m,Hành lý xách tay 1 x 12 kg,Hành lý 23 kg,2025-04-21,PQC
3764,PQC0209,Vietnam Airlines,1.870.128 VND/khách,08:10,2025-05-08,08:55,2025-05-08,45m,Hành lý xách tay 1 x 12 kg,Hành lý 23 kg,2025-04-21,PQC
3767,PQC0189,Vietnam Airlines,1.598.400 VND/khách,05:40,2025-05-09,06:40,2025-05-09,1h 0m,Hành lý xách tay 1 x 12 kg,Hành lý 23 kg,2025-04-21,PQC
3768,PQC0116,VietJet Air,1.299.000 VND/khách,15:40,2025-05-09,16:40,2025-05-09,1h 0m,Hành lý xách tay 7 kg,Hành lý 0 kg,2025-04-21,PQC
3769,PQC0139,VietJet Air,1.299.000 VND/khách,17:10,2025-05-09,18:15,2025-05-09,1h 5m,Hành lý xách tay 7 kg,Hành lý 0 kg,2025-04-21,PQC
3770,PQC0007,Bamboo Airways,1.420.686 VND/khách,16:30,2025-05-09,17:30,2025-05-09,1h 0m,Hành lý xách tay 7 kg,Hành lý 0 kg,2025-04-21,PQC
3771,PQC0024,VietJet Air,1.447.000 VND/khách,05:55,2025-05-09,06:55,2025-05-09,1h 0m,Hành lý xách tay 7 kg,Hành lý 0 kg,2025-04-21,PQC
3772,PQC0049,VietJet Air,1.600.000 VND/khách,09:20,2025-05-09,10:20,2025-05-09,1h 0m,Hành lý xách tay 7 kg,Hành lý 0 kg,2025-04-21,PQC
3773,PQC0095,VietJet Air,1.600.000 VND/khách,14:05,2025-05-09,15:05,2025-05-09,1h 0m,Hành lý xách tay 7 kg,Hành lý 0 kg,2025-04-21,PQC
3774,PQC0309,Vietnam Airlines,1.687.311 VND/khách,20:20,2025-05-09,21:20,2025-05-09,1h 0m,Hành lý xách tay 1 x 12 kg,Hành lý 23 kg,2025-04-21,PQC
3775,PQC0073,VietJet Air,1.719.000 VND/khách,11:35,2025-05-09,12:35,2025-05-09,1h 0m,Hành lý xách tay 7 kg,Hành lý 0 kg,2025-04-21,PQC
3776,PQC0276,Vietnam Airlines,1.770.228 VND/khách,15:05,2025-05-09,16:10,2025-05-09,1h 5m,Hành lý xách tay 1 x 12 kg,Hành lý 23 kg,2025-04-21,PQC
3777,PQC0249,Vietnam Airlines,1.870.128 VND/khách,13:00,2025-05-09,14:00,2025-05-09,1h 0m,Hành lý xách tay 1 x 12 kg,Hành lý 23 kg,2025-04-21,PQC
3778,PQC0330,Vietravel Airlines,1.874.303 VND/khách,17:25,2025-05-09,18:25,2025-05-09,1h 0m,Hành lý xách tay 7 kg,Hành lý 0 kg,2025-04-21,PQC
3779,PQC0233,Vietnam Airlines,1.974.024 VND/khách,10:25,2025-05-09,11:25,2025-05-09,1h 0m,Hành lý xách tay 1 x 12 kg,Hành lý 23 kg,2025-04-21,PQC
3780,PQC0210,Vietnam Airlines,1.996.002 VND/khách,08:10,2025-05-09,08:55,2025-05-09,45m,Hành lý xách tay 1 x 12 kg,Hành lý 23 kg,2025-04-21,PQC
3783,PQC0277,Vietnam Airlines,1.702.296 VND/khách,15:05,2025-05-10,16:10,2025-05-10,1h 5m,Hành lý xách tay 1 x 12 kg,Hành lý 23 kg,2025-04-21,PQC
3784,PQC0331,Vietravel Airlines,883.785 VND/khách,17:25,2025-05-10,18:25,2025-05-10,1h 0m,Hành lý xách tay 7 kg,Hành lý 0 kg,2025-04-21,PQC
3785,PQC0140,VietJet Air,1.050.000 VND/khách,17:10,2025-05-10,18:15,2025-05-10,1h 5m,Hành lý xách tay 7 kg,Hành lý 0 kg,2025-04-21,PQC
3786,PQC0117,VietJet Air,1.158.000 VND/khách,15:40,2025-05-10,16:40,2025-05-10,1h 0m,Hành lý xách tay 7 kg,Hành lý 0 kg,2025-04-21,PQC
3787,PQC0074,VietJet Air,1.299.000 VND/khách,11:35,2025-05-10,12:35,2025-05-10,1h 0m,Hành lý xách tay 7 kg,Hành lý 0 kg,2025-04-21,PQC
3788,PQC0096,VietJet Air,1.299.000 VND/khách,14:05,2025-05-10,15:05,2025-05-10,1h 0m,Hành lý xách tay 7 kg,Hành lý 0 kg,2025-04-21,PQC
3789,PQC0025,VietJet Air,1.436.000 VND/khách,05:55,2025-05-10,06:55,2025-05-10,1h 0m,Hành lý xách tay 7 kg,Hành lý 0 kg,2025-04-21,PQC
3790,PQC0050,VietJet Air,1.436.000 VND/khách,09:20,2025-05-10,10:20,2025-05-10,1h 0m,Hành lý xách tay 7 kg,Hành lý 0 kg,2025-04-21,PQC
3791,PQC0277,Vietnam Airlines,1.702.296 VND/khách,15:05,2025-05-10,16:10,2025-05-10,1h 5m,Hành lý xách tay 1 x 12 kg,Hành lý 23 kg,2025-04-21,PQC
3792,PQC0258,Vietnam Airlines,1.781.217 VND/khách,13:05,2025-05-10,14:00,2025-05-10,55m,Hành lý xách tay 1 x 12 kg,Hành lý 23 kg,2025-04-21,PQC
3793,PQC0234,Vietnam Airlines,1.877.121 VND/khách,10:25,2025-05-10,11:25,2025-05-10,1h 0m,Hành lý xách tay 1 x 12 kg,Hành lý 23 kg,2025-04-21,PQC
3794,PQC0211,Vietnam Airlines,1.914.084 VND/khách,08:10,2025-05-10,08:55,2025-05-10,45m,Hành lý xách tay 1 x 12 kg,Hành lý 23 kg,2025-04-21,PQC
3795,PQC0190,Vietnam Airlines,1.974.024 VND/khách,05:40,2025-05-10,06:40,2025-05-10,1h 0m,Hành lý xách tay 1 x 12 kg,Hành lý 23 kg,2025-04-21,PQC
3798,PQC0191,Vietnam Airlines,1.238.760 VND/khách,05:40,2025-05-11,06:40,2025-05-11,1h 0m,Hành lý xách tay 1 x 12 kg,Hành lý 23 kg,2025-04-21,PQC
3799,PQC0332,Vietravel Airlines,816.953 VND/khách,17:25,2025-05-11,18:25,2025-05-11,1h 0m,Hành lý xách tay 7 kg,Hành lý 0 kg,2025-04-21,PQC
3800,PQC0118,VietJet Air,827.000 VND/khách,15:40,2025-05-11,16:40,2025-05-11,1h 0m,Hành lý xách tay 7 kg,Hành lý 0 kg,2025-04-21,PQC
3801,PQC0141,VietJet Air,827.000 VND/khách,17:10,2025-05-11,18:15,2025-05-11,1h 5m,Hành lý xách tay 7 kg,Hành lý 0 kg,2025-04-21,PQC
3802,PQC0008,Bamboo Airways,1.018.850 VND/khách,16:30,2025-05-11,17:30,2025-05-11,1h 0m,Hành lý xách tay 7 kg,Hành lý 0 kg,2025-04-21,PQC
3803,PQC0026,VietJet Air,1.050.000 VND/khách,05:55,2025-05-11,06:55,2025-05-11,1h 0m,Hành lý xách tay 7 kg,Hành lý 0 kg,2025-04-21,PQC
3804,PQC0075,VietJet Air,1.158.000 VND/khách,11:35,2025-05-11,12:35,2025-05-11,1h 0m,Hành lý xách tay 7 kg,Hành lý 0 kg,2025-04-21,PQC
3805,PQC0097,VietJet Air,1.158.000 VND/khách,14:05,2025-05-11,15:05,2025-05-11,1h 0m,Hành lý xách tay 7 kg,Hành lý 0 kg,2025-04-21,PQC
3806,PQC0051,VietJet Air,1.187.000 VND/khách,09:20,2025-05-11,10:20,2025-05-11,1h 0m,Hành lý xách tay 7 kg,Hành lý 0 kg,2025-04-21,PQC
3807,PQC0191,Vietnam Airlines,1.238.760 VND/khách,05:40,2025-05-11,06:40,2025-05-11,1h 0m,Hành lý xách tay 1 x 12 kg,Hành lý 23 kg,2025-04-21,PQC
3808,PQC0310,Vietnam Airlines,1.274.724 VND/khách,20:20,2025-05-11,21:20,2025-05-11,1h 0m,Hành lý xách tay 1 x 12 kg,Hành lý 23 kg,2025-04-21,PQC
3809,PQC0259,Vietnam Airlines,1.386.612 VND/khách,13:05,2025-05-11,14:00,2025-05-11,55m,Hành lý xách tay 1 x 12 kg,Hành lý 23 kg,2025-04-21,PQC
3810,PQC0278,Vietnam Airlines,1.386.612 VND/khách,15:05,2025-05-11,16:10,2025-05-11,1h 5m,Hành lý xách tay 1 x 12 kg,Hành lý 23 kg,2025-04-21,PQC
3811,PQC0235,Vietnam Airlines,1.501.497 VND/khách,10:25,2025-05-11,11:25,2025-05-11,1h 0m,Hành lý xách tay 1 x 12 kg,Hành lý 23 kg,2025-04-21,PQC
3812,PQC0212,Vietnam Airlines,1.679.319 VND/khách,08:10,2025-05-11,08:55,2025-05-11,45m,Hành lý xách tay 1 x 12 kg,Hành lý 23 kg,2025-04-21,PQC
3815,PQC0333,Vietravel Airlines,1.130.168 VND/khách,17:25,2025-04-21,18:25,2025-04-21,1h 0m,Hành lý xách tay 7 kg,Hành lý 0 kg,2025-04-21,PQC
3816,PQC0156,VietJet Air,1.272.924 VND/khách,17:40,2025-04-21,18:35,2025-04-21,55m,Hành lý xách tay 7 kg,Hành lý 0 kg,2025-04-21,PQC
3817,PQC0152,VietJet Air,1.308.000 VND/khách,17:15,2025-04-21,18:15,2025-04-21,1h 0m,Hành lý xách tay 7 kg,Hành lý 0 kg,2025-04-21,PQC
3818,PQC0009,Bamboo Airways,1.332.977 VND/khách,16:30,2025-04-21,17:30,2025-04-21,1h 0m,Hành lý xách tay 7 kg,Hành lý 0 kg,2025-04-21,PQC
3819,PQC0098,VietJet Air,1.447.070 VND/khách,14:05,2025-04-21,15:05,2025-04-21,1h 0m,Hành lý xách tay 7 kg,Hành lý 0 kg,2025-04-21,PQC
3820,PQC0193,Vietnam Airlines,1.451.547 VND/khách,05:40,2025-04-22,06:40,2025-04-22,1h 0m,Hành lý xách tay 1 x 12 kg,Hành lý 23 kg,2025-04-21,PQC
3821,PQC0334,Vietravel Airlines,1.060.343 VND/khách,17:25,2025-04-22,18:25,2025-04-22,1h 0m,Hành lý xách tay 7 kg,Hành lý 0 kg,2025-04-21,PQC
3822,PQC0028,VietJet Air,1.159.000 VND/khách,05:55,2025-04-22,06:55,2025-04-22,1h 0m,Hành lý xách tay 7 kg,Hành lý 0 kg,2025-04-21,PQC
3823,PQC0120,VietJet Air,1.159.000 VND/khách,15:40,2025-04-22,16:40,2025-04-22,1h 0m,Hành lý xách tay 7 kg,Hành lý 0 kg,2025-04-21,PQC
3824,PQC0143,VietJet Air,1.159.000 VND/khách,17:10,2025-04-22,18:15,2025-04-22,1h 5m,Hành lý xách tay 7 kg,Hành lý 0 kg,2025-04-21,PQC
3825,PQC0053,VietJet Air,1.304.000 VND/khách,09:20,2025-04-22,10:20,2025-04-22,1h 0m,Hành lý xách tay 7 kg,Hành lý 0 kg,2025-04-21,PQC
3826,PQC0077,VietJet Air,1.304.000 VND/khách,11:35,2025-04-22,12:35,2025-04-22,1h 0m,Hành lý xách tay 7 kg,Hành lý 0 kg,2025-04-21,PQC
3827,PQC0099,VietJet Air,1.304.000 VND/khách,14:05,2025-04-22,15:05,2025-04-22,1h 0m,Hành lý xách tay 7 kg,Hành lý 0 kg,2025-04-21,PQC
3828,PQC0193,Vietnam Airlines,1.451.547 VND/khách,05:40,2025-04-22,06:40,2025-04-22,1h 0m,Hành lý xách tay 1 x 12 kg,Hành lý 23 kg,2025-04-21,PQC
3829,PQC0214,Vietnam Airlines,1.689.309 VND/khách,08:10,2025-04-22,08:55,2025-04-22,45m,Hành lý xách tay 1 x 12 kg,Hành lý 23 kg,2025-04-21,PQC
3830,PQC0280,Vietnam Airlines,1.856.142 VND/khách,15:05,2025-04-22,16:10,2025-04-22,1h 5m,Hành lý xách tay 1 x 12 kg,Hành lý 23 kg,2025-04-21,PQC
3831,PQC0261,Vietnam Airlines,1.968.030 VND/khách,13:05,2025-04-22,14:00,2025-04-22,55m,Hành lý xách tay 1 x 12 kg,Hành lý 23 kg,2025-04-21,PQC
3832,PQC0237,Vietnam Airlines,1.968.030 VND/khách,10:25,2025-04-22,11:25,2025-04-22,1h 0m,Hành lý xách tay 1 x 12 kg,Hành lý 23 kg,2025-04-21,PQC
3834,PQC0215,Vietnam Airlines,1.592.406 VND/khách,08:10,2025-04-23,08:55,2025-04-23,45m,Hành lý xách tay 1 x 12 kg,Hành lý 23 kg,2025-04-21,PQC
3835,PQC0335,Vietravel Airlines,956.603 VND/khách,17:25,2025-04-23,18:25,2025-04-23,1h 0m,Hành lý xách tay 7 kg,Hành lý 0 kg,2025-04-21,PQC
3836,PQC0010,Bamboo Airways,1.013.756 VND/khách,16:30,2025-04-23,17:30,2025-04-23,1h 0m,Hành lý xách tay 7 kg,Hành lý 0 kg,2025-04-21,PQC
3837,PQC0157,VietJet Air,1.059.000 VND/khách,17:40,2025-04-23,18:40,2025-04-23,1h 0m,Hành lý xách tay 7 kg,Hành lý 0 kg,2025-04-21,PQC
3838,PQC0029,VietJet Air,1.159.000 VND/khách,05:55,2025-04-23,06:55,2025-04-23,1h 0m,Hành lý xách tay 7 kg,Hành lý 0 kg,2025-04-21,PQC
3839,PQC0129,VietJet Air,1.159.000 VND/khách,16:25,2025-04-23,17:25,2025-04-23,1h 0m,Hành lý xách tay 7 kg,Hành lý 0 kg,2025-04-21,PQC
3840,PQC0054,VietJet Air,1.304.000 VND/khách,09:20,2025-04-23,10:20,2025-04-23,1h 0m,Hành lý xách tay 7 kg,Hành lý 0 kg,2025-04-21,PQC
3841,PQC0078,VietJet Air,1.304.000 VND/khách,11:35,2025-04-23,12:35,2025-04-23,1h 0m,Hành lý xách tay 7 kg,Hành lý 0 kg,2025-04-21,PQC
3842,PQC0100,VietJet Air,1.304.000 VND/khách,14:05,2025-04-23,15:05,2025-04-23,1h 0m,Hành lý xách tay 7 kg,Hành lý 0 kg,2025-04-21,PQC
3843,PQC0215,Vietnam Airlines,1.592.406 VND/khách,08:10,2025-04-23,08:55,2025-04-23,45m,Hành lý xách tay 1 x 12 kg,Hành lý 23 kg,2025-04-21,PQC
3844,PQC0194,Vietnam Airlines,1.674.324 VND/khách,05:40,2025-04-23,06:40,2025-04-23,1h 0m,Hành lý xách tay 1 x 12 kg,Hành lý 23 kg,2025-04-21,PQC
3845,PQC0281,Vietnam Airlines,1.853.145 VND/khách,15:05,2025-04-23,16:10,2025-04-23,1h 5m,Hành lý xách tay 1 x 12 kg,Hành lý 23 kg,2025-04-21,PQC
3846,PQC0262,Vietnam Airlines,1.909.089 VND/khách,13:05,2025-04-23,14:00,2025-04-23,55m,Hành lý xách tay 1 x 12 kg,Hành lý 23 kg,2025-04-21,PQC
3847,PQC0238,Vietnam Airlines,1.909.089 VND/khách,10:25,2025-04-23,11:25,2025-04-23,1h 0m,Hành lý xách tay 1 x 12 kg,Hành lý 23 kg,2025-04-21,PQC
3850,PQC0195,Vietnam Airlines,1.366.632 VND/khách,05:40,2025-04-24,06:40,2025-04-24,1h 0m,Hành lý xách tay 1 x 12 kg,Hành lý 23 kg,2025-04-21,PQC
3851,PQC0336,Vietravel Airlines,1.130.168 VND/khách,17:25,2025-04-24,18:25,2025-04-24,1h 0m,Hành lý xách tay 7 kg,Hành lý 0 kg,2025-04-21,PQC
3852,PQC0030,VietJet Air,1.159.000 VND/khách,05:55,2025-04-24,06:55,2025-04-24,1h 0m,Hành lý xách tay 7 kg,Hành lý 0 kg,2025-04-21,PQC
3853,PQC0130,VietJet Air,1.304.000 VND/khách,16:30,2025-04-24,17:30,2025-04-24,1h 0m,Hành lý xách tay 7 kg,Hành lý 0 kg,2025-04-21,PQC
3854,PQC0158,VietJet Air,1.304.000 VND/khách,17:40,2025-04-24,18:45,2025-04-24,1h 5m,Hành lý xách tay 7 kg,Hành lý 0 kg,2025-04-21,PQC
3855,PQC0079,VietJet Air,1.416.000 VND/khách,11:35,2025-04-24,12:35,2025-04-24,1h 0m,Hành lý xách tay 7 kg,Hành lý 0 kg,2025-04-21,PQC
3856,PQC0101,VietJet Air,1.416.000 VND/khách,14:05,2025-04-24,15:05,2025-04-24,1h 0m,Hành lý xách tay 7 kg,Hành lý 0 kg,2025-04-21,PQC
3857,PQC0039,VietJet Air,1.416.000 VND/khách,08:25,2025-04-24,09:30,2025-04-24,1h 5m,Hành lý xách tay 7 kg,Hành lý 0 kg,2025-04-21,PQC
3858,PQC0282,Vietnam Airlines,1.868.130 VND/khách,15:05,2025-04-24,16:10,2025-04-24,1h 5m,Hành lý xách tay 1 x 12 kg,Hành lý 23 kg,2025-04-21,PQC
3859,PQC0217,Vietnam Airlines,1.912.086 VND/khách,08:10,2025-04-24,08:55,2025-04-24,45m,Hành lý xách tay 1 x 12 kg,Hành lý 23 kg,2025-04-21,PQC
3860,PQC0263,Vietnam Airlines,1.968.030 VND/khách,13:05,2025-04-24,14:00,2025-04-24,55m,Hành lý xách tay 1 x 12 kg,Hành lý 23 kg,2025-04-21,PQC
3861,PQC0239,Vietnam Airlines,1.983.015 VND/khách,10:25,2025-04-24,11:25,2025-04-24,1h 0m,Hành lý xách tay 1 x 12 kg,Hành lý 23 kg,2025-04-21,PQC
3865,PQC0296,Vietnam Airlines,1.672.326 VND/khách,17:25,2025-04-25,18:25,2025-04-25,1h 0m,Hành lý xách tay 1 x 12 kg,Hành lý 23 kg,2025-04-21,PQC
3866,PQC0337,Vietravel Airlines,1.136.153 VND/khách,17:25,2025-04-25,18:25,2025-04-25,1h 0m,Hành lý xách tay 7 kg,Hành lý 0 kg,2025-04-21,PQC
3867,PQC0011,Bamboo Airways,1.167.757 VND/khách,16:30,2025-04-25,17:30,2025-04-25,1h 0m,Hành lý xách tay 7 kg,Hành lý 0 kg,2025-04-21,PQC
3868,PQC0146,VietJet Air,1.306.000 VND/khách,17:10,2025-04-25,18:15,2025-04-25,1h 5m,Hành lý xách tay 7 kg,Hành lý 0 kg,2025-04-21,PQC
3869,PQC0031,VietJet Air,1.418.000 VND/khách,05:55,2025-04-25,06:55,2025-04-25,1h 0m,Hành lý xách tay 7 kg,Hành lý 0 kg,2025-04-21,PQC
3870,PQC0123,VietJet Air,1.418.000 VND/khách,15:40,2025-04-25,16:40,2025-04-25,1h 0m,Hành lý xách tay 7 kg,Hành lý 0 kg,2025-04-21,PQC
3871,PQC0056,VietJet Air,1.603.000 VND/khách,09:20,2025-04-25,10:20,2025-04-25,1h 0m,Hành lý xách tay 7 kg,Hành lý 0 kg,2025-04-21,PQC
3872,PQC0102,VietJet Air,1.603.000 VND/khách,14:05,2025-04-25,15:05,2025-04-25,1h 0m,Hành lý xách tay 7 kg,Hành lý 0 kg,2025-04-21,PQC
3873,PQC0296,Vietnam Airlines,1.672.326 VND/khách,17:25,2025-04-25,18:25,2025-04-25,1h 0m,Hành lý xách tay 1 x 12 kg,Hành lý 23 kg,2025-04-21,PQC
3874,PQC0311,Vietnam Airlines,1.757.241 VND/khách,20:20,2025-04-25,21:20,2025-04-25,1h 0m,Hành lý xách tay 1 x 12 kg,Hành lý 23 kg,2025-04-21,PQC
3875,PQC0080,VietJet Air,1.804.000 VND/khách,11:35,2025-04-25,12:35,2025-04-25,1h 0m,Hành lý xách tay 7 kg,Hành lý 0 kg,2025-04-21,PQC
3876,PQC0218,Vietnam Airlines,2.006.991 VND/khách,08:10,2025-04-25,08:55,2025-04-25,45m,Hành lý xách tay 1 x 12 kg,Hành lý 23 kg,2025-04-21,PQC
3877,PQC0240,Vietnam Airlines,2.006.991 VND/khách,10:25,2025-04-25,11:25,2025-04-25,1h 0m,Hành lý xách tay 1 x 12 kg,Hành lý 23 kg,2025-04-21,PQC
3878,PQC0250,Vietnam Airlines,2.006.991 VND/khách,13:00,2025-04-25,14:00,2025-04-25,1h 0m,Hành lý xách tay 1 x 12 kg,Hành lý 23 kg,2025-04-21,PQC
3879,PQC0196,Vietnam Airlines,2.013.984 VND/khách,05:40,2025-04-25,06:40,2025-04-25,1h 0m,Hành lý xách tay 1 x 12 kg,Hành lý 23 kg,2025-04-21,PQC
3880,PQC0283,Vietnam Airlines,2.013.984 VND/khách,15:05,2025-04-25,16:10,2025-04-25,1h 5m,Hành lý xách tay 1 x 12 kg,Hành lý 23 kg,2025-04-21,PQC
3883,PQC0297,Vietnam Airlines,1.578.420 VND/khách,17:25,2025-04-26,18:25,2025-04-26,1h 0m,Hành lý xách tay 1 x 12 kg,Hành lý 23 kg,2025-04-21,PQC
3884,PQC0338,Vietravel Airlines,1.382.535 VND/khách,17:25,2025-04-26,18:25,2025-04-26,1h 0m,Hành lý xách tay 7 kg,Hành lý 0 kg,2025-04-21,PQC
3885,PQC0032,VietJet Air,1.416.000 VND/khách,05:55,2025-04-26,06:55,2025-04-26,1h 0m,Hành lý xách tay 7 kg,Hành lý 0 kg,2025-04-21,PQC
3886,PQC0147,VietJet Air,1.602.000 VND/khách,17:10,2025-04-26,18:15,2025-04-26,1h 5m,Hành lý xách tay 7 kg,Hành lý 0 kg,2025-04-21,PQC
3887,PQC0103,VietJet Air,1.717.000 VND/khách,14:05,2025-04-26,15:05,2025-04-26,1h 0m,Hành lý xách tay 7 kg,Hành lý 0 kg,2025-04-21,PQC
3888,PQC0312,Vietnam Airlines,1.756.242 VND/khách,20:20,2025-04-26,21:20,2025-04-26,1h 0m,Hành lý xách tay 1 x 12 kg,Hành lý 23 kg,2025-04-21,PQC
3889,PQC0124,VietJet Air,1.803.000 VND/khách,15:40,2025-04-26,16:40,2025-04-26,1h 0m,Hành lý xách tay 7 kg,Hành lý 0 kg,2025-04-21,PQC
3890,PQC0057,VietJet Air,1.832.000 VND/khách,09:20,2025-04-26,10:20,2025-04-26,1h 0m,Hành lý xách tay 7 kg,Hành lý 0 kg,2025-04-21,PQC
3891,PQC0081,VietJet Air,1.832.000 VND/khách,11:35,2025-04-26,12:35,2025-04-26,1h 0m,Hành lý xách tay 7 kg,Hành lý 0 kg,2025-04-21,PQC
3892,PQC0219,Vietnam Airlines,1.909.089 VND/khách,08:10,2025-04-26,08:55,2025-04-26,45m,Hành lý xách tay 1 x 12 kg,Hành lý 23 kg,2025-04-21,PQC
3893,PQC0284,Vietnam Airlines,1.938.060 VND/khách,15:05,2025-04-26,16:10,2025-04-26,1h 5m,Hành lý xách tay 1 x 12 kg,Hành lý 23 kg,2025-04-21,PQC
3894,PQC0241,Vietnam Airlines,2.014.983 VND/khách,10:25,2025-04-26,11:25,2025-04-26,1h 0m,Hành lý xách tay 1 x 12 kg,Hành lý 23 kg,2025-04-21,PQC
3895,PQC0319,Vietnam Airlines,1.360.638 VND/khách,20:45,2025-04-27,21:45,2025-04-27,1h 0m,Hành lý xách tay 1 x 12 kg,Hành lý 23 kg,2025-04-21,PQC
3896,PQC0012,Bamboo Airways,1.013.756 VND/khách,16:30,2025-04-27,17:30,2025-04-27,1h 0m,Hành lý xách tay 7 kg,Hành lý 0 kg,2025-04-21,PQC
3897,PQC0339,Vietravel Airlines,1.057.350 VND/khách,17:25,2025-04-27,18:25,2025-04-27,1h 0m,Hành lý xách tay 7 kg,Hành lý 0 kg,2025-04-21,PQC
3898,PQC0033,VietJet Air,1.310.000 VND/khách,05:55,2025-04-27,06:55,2025-04-27,1h 0m,Hành lý xách tay 7 kg,Hành lý 0 kg,2025-04-21,PQC
3899,PQC0302,Vietnam Airlines,1.364.634 VND/khách,19:20,2025-04-27,20:20,2025-04-27,1h 0m,Hành lý xách tay 1 x 12 kg,Hành lý 23 kg,2025-04-21,PQC
3900,PQC0177,Vietnam Airlines,1.411.137 VND/khách,05:25,2025-04-27,06:20,2025-04-27,55m,Hành lý xách tay 1 x 12 kg,Hành lý 23 kg,2025-04-21,PQC
3901,PQC0198,Vietnam Airlines,1.411.137 VND/khách,05:40,2025-04-27,06:40,2025-04-27,1h 0m,Hành lý xách tay 1 x 12 kg,Hành lý 23 kg,2025-04-21,PQC
3902,PQC0313,Vietnam Airlines,1.494.504 VND/khách,20:20,2025-04-27,21:20,2025-04-27,1h 0m,Hành lý xách tay 1 x 12 kg,Hành lý 23 kg,2025-04-21,PQC
3903,PQC0125,VietJet Air,1.603.000 VND/khách,15:40,2025-04-27,16:40,2025-04-27,1h 0m,Hành lý xách tay 7 kg,Hành lý 0 kg,2025-04-21,PQC
3904,PQC0148,VietJet Air,1.603.000 VND/khách,17:10,2025-04-27,18:15,2025-04-27,1h 5m,Hành lý xách tay 7 kg,Hành lý 0 kg,2025-04-21,PQC
3905,PQC0285,Vietnam Airlines,1.690.308 VND/khách,15:05,2025-04-27,16:10,2025-04-27,1h 5m,Hành lý xách tay 1 x 12 kg,Hành lý 23 kg,2025-04-21,PQC
3906,PQC0104,VietJet Air,1.719.000 VND/khách,14:05,2025-04-27,15:05,2025-04-27,1h 0m,Hành lý xách tay 7 kg,Hành lý 0 kg,2025-04-21,PQC
3907,PQC0082,VietJet Air,1.834.000 VND/khách,11:35,2025-04-27,12:35,2025-04-27,1h 0m,Hành lý xách tay 7 kg,Hành lý 0 kg,2025-04-21,PQC
3908,PQC0265,Vietnam Airlines,1.910.088 VND/khách,13:05,2025-04-27,14:00,2025-04-27,55m,Hành lý xách tay 1 x 12 kg,Hành lý 23 kg,2025-04-21,PQC
3909,PQC0220,Vietnam Airlines,1.917.081 VND/khách,08:10,2025-04-27,08:55,2025-04-27,45m,Hành lý xách tay 1 x 12 kg,Hành lý 23 kg,2025-04-21,PQC
3910,PQC0242,Vietnam Airlines,1.944.054 VND/khách,10:25,2025-04-27,11:25,2025-04-27,1h 0m,Hành lý xách tay 1 x 12 kg,Hành lý 23 kg,2025-04-21,PQC
3913,PQC0199,Vietnam Airlines,1.265.733 VND/khách,05:40,2025-04-28,06:40,2025-04-28,1h 0m,Hành lý xách tay 1 x 12 kg,Hành lý 23 kg,2025-04-21,PQC
3914,PQC0340,Vietravel Airlines,1.056.353 VND/khách,17:25,2025-04-28,18:25,2025-04-28,1h 0m,Hành lý xách tay 7 kg,Hành lý 0 kg,2025-04-21,PQC
3915,PQC0178,Vietnam Airlines,1.154.844 VND/khách,05:25,2025-04-28,06:20,2025-04-28,55m,Hành lý xách tay 1 x 12 kg,Hành lý 23 kg,2025-04-21,PQC
3916,PQC0034,VietJet Air,1.159.000 VND/khách,05:55,2025-04-28,06:55,2025-04-28,1h 0m,Hành lý xách tay 7 kg,Hành lý 0 kg,2025-04-21,PQC
3917,PQC0013,Bamboo Airways,1.167.757 VND/khách,16:30,2025-04-28,17:30,2025-04-28,1h 0m,Hành lý xách tay 7 kg,Hành lý 0 kg,2025-04-21,PQC
3918,PQC0298,Vietnam Airlines,1.477.521 VND/khách,17:25,2025-04-28,18:25,2025-04-28,1h 0m,Hành lý xách tay 1 x 12 kg,Hành lý 23 kg,2025-04-21,PQC
3919,PQC0149,VietJet Air,1.602.000 VND/khách,17:10,2025-04-28,18:15,2025-04-28,1h 5m,Hành lý xách tay 7 kg,Hành lý 0 kg,2025-04-21,PQC
3920,PQC0221,Vietnam Airlines,1.674.324 VND/khách,08:10,2025-04-28,08:55,2025-04-28,45m,Hành lý xách tay 1 x 12 kg,Hành lý 23 kg,2025-04-21,PQC
3921,PQC0314,Vietnam Airlines,1.689.309 VND/khách,20:20,2025-04-28,21:20,2025-04-28,1h 0m,Hành lý xách tay 1 x 12 kg,Hành lý 23 kg,2025-04-21,PQC
3922,PQC0105,VietJet Air,1.717.000 VND/khách,14:05,2025-04-28,15:05,2025-04-28,1h 0m,Hành lý xách tay 7 kg,Hành lý 0 kg,2025-04-21,PQC
3923,PQC0126,VietJet Air,1.717.000 VND/khách,15:40,2025-04-28,16:40,2025-04-28,1h 0m,Hành lý xách tay 7 kg,Hành lý 0 kg,2025-04-21,PQC
3924,PQC0059,VietJet Air,1.803.000 VND/khách,09:20,2025-04-28,10:20,2025-04-28,1h 0m,Hành lý xách tay 7 kg,Hành lý 0 kg,2025-04-21,PQC
3925,PQC0083,VietJet Air,1.803.000 VND/khách,11:35,2025-04-28,12:35,2025-04-28,1h 0m,Hành lý xách tay 7 kg,Hành lý 0 kg,2025-04-21,PQC
3926,PQC0243,Vietnam Airlines,1.920.078 VND/khách,10:25,2025-04-28,11:25,2025-04-28,1h 0m,Hành lý xách tay 1 x 12 kg,Hành lý 23 kg,2025-04-21,PQC
3927,PQC0286,Vietnam Airlines,1.920.078 VND/khách,15:05,2025-04-28,16:10,2025-04-28,1h 5m,Hành lý xách tay 1 x 12 kg,Hành lý 23 kg,2025-04-21,PQC
3930,PQC0299,Vietnam Airlines,2.004.993 VND/khách,17:25,2025-04-29,18:25,2025-04-29,1h 0m,Hành lý xách tay 1 x 12 kg,Hành lý 23 kg,2025-04-21,PQC
3931,PQC0341,Vietravel Airlines,1.716.698 VND/khách,17:25,2025-04-29,18:25,2025-04-29,1h 0m,Hành lý xách tay 7 kg,Hành lý 0 kg,2025-04-21,PQC
3932,PQC0179,Vietnam Airlines,1.778.220 VND/khách,05:25,2025-04-29,06:20,2025-04-29,55m,Hành lý xách tay 1 x 12 kg,Hành lý 23 kg,2025-04-21,PQC
3933,PQC0035,VietJet Air,1.803.000 VND/khách,05:55,2025-04-29,06:55,2025-04-29,1h 0m,Hành lý xách tay 7 kg,Hành lý 0 kg,2025-04-21,PQC
3934,PQC0127,VietJet Air,1.803.000 VND/khách,15:40,2025-04-29,16:40,2025-04-29,1h 0m,Hành lý xách tay 7 kg,Hành lý 0 kg,2025-04-21,PQC
3935,PQC0040,VietJet Air,1.803.000 VND/khách,08:25,2025-04-29,09:30,2025-04-29,1h 5m,Hành lý xách tay 7 kg,Hành lý 0 kg,2025-04-21,PQC
3936,PQC0084,VietJet Air,1.832.000 VND/khách,11:35,2025-04-29,12:35,2025-04-29,1h 0m,Hành lý xách tay 7 kg,Hành lý 0 kg,2025-04-21,PQC
3937,PQC0106,VietJet Air,1.832.000 VND/khách,14:05,2025-04-29,15:05,2025-04-29,1h 0m,Hành lý xách tay 7 kg,Hành lý 0 kg,2025-04-21,PQC
3938,PQC0060,VietJet Air,1.862.000 VND/khách,09:20,2025-04-29,10:20,2025-04-29,1h 0m,Hành lý xách tay 7 kg,Hành lý 0 kg,2025-04-21,PQC
3939,PQC0299,Vietnam Airlines,2.004.993 VND/khách,17:25,2025-04-29,18:25,2025-04-29,1h 0m,Hành lý xách tay 1 x 12 kg,Hành lý 23 kg,2025-04-21,PQC
3940,PQC0321,Vietnam Airlines,2.004.993 VND/khách,21:05,2025-04-29,22:05,2025-04-29,1h 0m,Hành lý xách tay 1 x 12 kg,Hành lý 23 kg,2025-04-21,PQC
3941,PQC0200,Vietnam Airlines,2.012.985 VND/khách,05:40,2025-04-29,06:40,2025-04-29,1h 0m,Hành lý xách tay 1 x 12 kg,Hành lý 23 kg,2025-04-21,PQC
3942,PQC0287,Vietnam Airlines,2.045.827 VND/khách,15:05,2025-04-29,16:10,2025-04-29,1h 5m,Hành lý xách tay 1 x 12 kg,Hành lý 23 kg,2025-04-21,PQC
3948,PQC0151,VietJet Air,3.725.250 VND/khách,17:10,2025-04-30,18:15,2025-04-30,1h 5m,Hành lý xách tay 7 kg,Hành lý 0 kg,2025-04-21,PQC
3951,PQC0001,Bamboo Airways,1.849.563 VND/khách,16:30,2025-05-01,17:30,2025-05-01,1h 0m,Hành lý xách tay 7 kg,Hành lý 20 kg,2025-04-22,PQC
3952,PQC0322,Vietravel Airlines,1.641.885 VND/khách,17:25,2025-05-01,18:25,2025-05-01,1h 0m,Hành lý xách tay 7 kg,Hành lý 0 kg,2025-04-22,PQC
3953,PQC0131,VietJet Air,1.928.000 VND/khách,17:10,2025-05-01,18:15,2025-05-01,1h 5m,Hành lý xách tay 7 kg,Hành lý 0 kg,2025-04-22,PQC
3954,PQC0154,VietJet Air,1.928.000 VND/khách,17:40,2025-05-01,18:45,2025-05-01,1h 5m,Hành lý xách tay 7 kg,Hành lý 0 kg,2025-04-22,PQC
3955,PQC0289,Vietnam Airlines,1.982.016 VND/khách,16:15,2025-05-01,17:15,2025-05-01,1h 0m,Hành lý xách tay 1 x 12 kg,Hành lý 23 kg,2025-04-22,PQC
3956,PQC0291,Vietnam Airlines,2.003.994 VND/khách,17:25,2025-05-01,18:25,2025-05-01,1h 0m,Hành lý xách tay 1 x 12 kg,Hành lý 23 kg,2025-04-22,PQC
3957,PQC0304,Vietnam Airlines,2.007.990 VND/khách,20:20,2025-05-01,21:20,2025-05-01,1h 0m,Hành lý xách tay 1 x 12 kg,Hành lý 23 kg,2025-04-22,PQC
3958,PQC0202,Vietnam Airlines,2.010.987 VND/khách,08:10,2025-05-01,08:55,2025-05-01,45m,Hành lý xách tay 1 x 12 kg,Hành lý 23 kg,2025-04-22,PQC
3959,PQC0002,Bamboo Airways,1.588.650 VND/khách,16:30,2025-05-02,17:30,2025-05-02,1h 0m,Hành lý xách tay 7 kg,Hành lý 0 kg,2025-04-22,PQC
3960,PQC0323,Vietravel Airlines,1.463.333 VND/khách,17:25,2025-05-02,18:25,2025-05-02,1h 0m,Hành lý xách tay 7 kg,Hành lý 0 kg,2025-04-22,PQC
3961,PQC0167,Vietnam Airlines,1.572.426 VND/khách,05:25,2025-05-02,06:20,2025-05-02,55m,Hành lý xách tay 1 x 12 kg,Hành lý 23 kg,2025-04-22,PQC
3962,PQC0017,VietJet Air,1.727.000 VND/khách,05:55,2025-05-02,06:55,2025-05-02,1h 0m,Hành lý xách tay 7 kg,Hành lý 0 kg,2025-04-22,PQC
3963,PQC0132,VietJet Air,1.727.000 VND/khách,17:10,2025-05-02,18:15,2025-05-02,1h 5m,Hành lý xách tay 7 kg,Hành lý 0 kg,2025-04-22,PQC
3964,PQC0182,Vietnam Airlines,1.792.206 VND/khách,05:40,2025-05-02,06:40,2025-05-02,1h 0m,Hành lý xách tay 1 x 12 kg,Hành lý 23 kg,2025-04-22,PQC
3965,PQC0109,VietJet Air,1.813.000 VND/khách,15:40,2025-05-02,16:40,2025-05-02,1h 0m,Hành lý xách tay 7 kg,Hành lý 0 kg,2025-04-22,PQC
3966,PQC0088,VietJet Air,1.843.000 VND/khách,14:05,2025-05-02,15:05,2025-05-02,1h 0m,Hành lý xách tay 7 kg,Hành lý 0 kg,2025-04-22,PQC
3967,PQC0042,VietJet Air,1.928.000 VND/khách,09:20,2025-05-02,10:20,2025-05-02,1h 0m,Hành lý xách tay 7 kg,Hành lý 0 kg,2025-04-22,PQC
3968,PQC0292,Vietnam Airlines,1.982.016 VND/khách,17:25,2025-05-02,18:25,2025-05-02,1h 0m,Hành lý xách tay 1 x 12 kg,Hành lý 23 kg,2025-04-22,PQC
3969,PQC0301,Vietnam Airlines,1.982.016 VND/khách,19:20,2025-05-02,20:20,2025-05-02,1h 0m,Hành lý xách tay 1 x 12 kg,Hành lý 23 kg,2025-04-22,PQC
3970,PQC0305,Vietnam Airlines,1.993.005 VND/khách,20:20,2025-05-02,21:20,2025-05-02,1h 0m,Hành lý xách tay 1 x 12 kg,Hành lý 23 kg,2025-04-22,PQC
3971,PQC0269,Vietnam Airlines,2.010.987 VND/khách,15:05,2025-05-02,16:10,2025-05-02,1h 5m,Hành lý xách tay 1 x 12 kg,Hành lý 23 kg,2025-04-22,PQC
3973,PQC0003,Bamboo Airways,1.001.343 VND/khách,16:30,2025-05-03,17:30,2025-05-03,1h 0m,Hành lý xách tay 7 kg,Hành lý 0 kg,2025-04-22,PQC
3974,PQC0324,Vietravel Airlines,963.585 VND/khách,17:25,2025-05-03,18:25,2025-05-03,1h 0m,Hành lý xách tay 7 kg,Hành lý 0 kg,2025-04-22,PQC
3975,PQC0037,VietJet Air,1.170.000 VND/khách,08:25,2025-05-03,09:30,2025-05-03,1h 5m,Hành lý xách tay 7 kg,Hành lý 0 kg,2025-04-22,PQC
3976,PQC0168,Vietnam Airlines,1.272.726 VND/khách,05:25,2025-05-03,06:20,2025-05-03,55m,Hành lý xách tay 1 x 12 kg,Hành lý 23 kg,2025-04-22,PQC
3977,PQC0183,Vietnam Airlines,1.369.629 VND/khách,05:40,2025-05-03,06:40,2025-05-03,1h 0m,Hành lý xách tay 1 x 12 kg,Hành lý 23 kg,2025-04-22,PQC
3978,PQC0018,VietJet Air,1.430.000 VND/khách,05:55,2025-05-03,06:55,2025-05-03,1h 0m,Hành lý xách tay 7 kg,Hành lý 0 kg,2025-04-22,PQC
3979,PQC0089,VietJet Air,1.430.000 VND/khách,14:05,2025-05-03,15:05,2025-05-03,1h 0m,Hành lý xách tay 7 kg,Hành lý 0 kg,2025-04-22,PQC
3980,PQC0133,VietJet Air,1.430.000 VND/khách,17:10,2025-05-03,18:15,2025-05-03,1h 5m,Hành lý xách tay 7 kg,Hành lý 0 kg,2025-04-22,PQC
3981,PQC0303,Vietnam Airlines,1.473.525 VND/khách,19:45,2025-05-03,20:45,2025-05-03,1h 0m,Hành lý xách tay 1 x 12 kg,Hành lý 23 kg,2025-04-22,PQC
3982,PQC0293,Vietnam Airlines,1.495.503 VND/khách,17:25,2025-05-03,18:25,2025-05-03,1h 0m,Hành lý xách tay 1 x 12 kg,Hành lý 23 kg,2025-04-22,PQC
3983,PQC0306,Vietnam Airlines,1.689.309 VND/khách,20:20,2025-05-03,21:20,2025-05-03,1h 0m,Hành lý xách tay 1 x 12 kg,Hành lý 23 kg,2025-04-22,PQC
3984,PQC0110,VietJet Air,1.728.000 VND/khách,15:40,2025-05-03,16:40,2025-05-03,1h 0m,Hành lý xách tay 7 kg,Hành lý 0 kg,2025-04-22,PQC
3985,PQC0204,Vietnam Airlines,1.732.266 VND/khách,08:10,2025-05-03,08:55,2025-05-03,45m,Hành lý xách tay 1 x 12 kg,Hành lý 23 kg,2025-04-22,PQC
3986,PQC0043,VietJet Air,1.813.000 VND/khách,09:20,2025-05-03,10:20,2025-05-03,1h 0m,Hành lý xách tay 7 kg,Hành lý 0 kg,2025-04-22,PQC
3987,PQC0067,VietJet Air,1.843.000 VND/khách,11:35,2025-05-03,12:35,2025-05-03,1h 0m,Hành lý xách tay 7 kg,Hành lý 0 kg,2025-04-22,PQC
3988,PQC0270,Vietnam Airlines,1.845.266 VND/khách,15:05,2025-05-03,16:10,2025-05-03,1h 5m,Hành lý xách tay 1 x 12 kg,Hành lý 23 kg,2025-04-22,PQC
3989,PQC0227,Vietnam Airlines,1.901.123 VND/khách,10:25,2025-05-03,11:25,2025-05-03,1h 0m,Hành lý xách tay 1 x 12 kg,Hành lý 23 kg,2025-04-22,PQC
3990,PQC0252,Vietnam Airlines,1.954.858 VND/khách,13:05,2025-05-03,14:00,2025-05-03,55m,Hành lý xách tay 1 x 12 kg,Hành lý 23 kg,2025-04-22,PQC
3995,PQC0004,Bamboo Airways,859.302 VND/khách,16:30,2025-05-04,17:30,2025-05-04,1h 0m,Hành lý xách tay 7 kg,Hành lý 0 kg,2025-04-22,PQC
3996,PQC0325,Vietravel Airlines,963.585 VND/khách,17:25,2025-05-04,18:25,2025-05-04,1h 0m,Hành lý xách tay 7 kg,Hành lý 0 kg,2025-04-22,PQC
3997,PQC0019,VietJet Air,1.062.000 VND/khách,05:55,2025-05-04,06:55,2025-05-04,1h 0m,Hành lý xách tay 7 kg,Hành lý 0 kg,2025-04-22,PQC
3998,PQC0111,VietJet Air,1.062.000 VND/khách,15:40,2025-05-04,16:40,2025-05-04,1h 0m,Hành lý xách tay 7 kg,Hành lý 0 kg,2025-04-22,PQC
3999,PQC0134,VietJet Air,1.062.000 VND/khách,17:10,2025-05-04,18:15,2025-05-04,1h 5m,Hành lý xách tay 7 kg,Hành lý 0 kg,2025-04-22,PQC
4000,PQC0169,Vietnam Airlines,1.094.904 VND/khách,05:25,2025-05-04,06:20,2025-05-04,55m,Hành lý xách tay 1 x 12 kg,Hành lý 23 kg,2025-04-22,PQC
4001,PQC0162,Vietnam Airlines,1.142.856 VND/khách,05:10,2025-05-04,06:10,2025-05-04,1h 0m,Hành lý xách tay 1 x 12 kg,Hành lý 23 kg,2025-04-22,PQC
4002,PQC0184,Vietnam Airlines,1.142.856 VND/khách,05:40,2025-05-04,06:40,2025-05-04,1h 0m,Hành lý xách tay 1 x 12 kg,Hành lý 23 kg,2025-04-22,PQC
4003,PQC0307,Vietnam Airlines,1.142.856 VND/khách,20:20,2025-05-04,21:20,2025-05-04,1h 0m,Hành lý xách tay 1 x 12 kg,Hành lý 23 kg,2025-04-22,PQC
4004,PQC0317,Vietnam Airlines,1.142.856 VND/khách,20:25,2025-05-04,21:25,2025-05-04,1h 0m,Hành lý xách tay 1 x 12 kg,Hành lý 23 kg,2025-04-22,PQC
4005,PQC0294,Vietnam Airlines,1.153.845 VND/khách,17:25,2025-05-04,18:25,2025-05-04,1h 0m,Hành lý xách tay 1 x 12 kg,Hành lý 23 kg,2025-04-22,PQC
4006,PQC0090,VietJet Air,1.170.000 VND/khách,14:05,2025-05-04,15:05,2025-05-04,1h 0m,Hành lý xách tay 7 kg,Hành lý 0 kg,2025-04-22,PQC
4007,PQC0044,VietJet Air,1.319.000 VND/khách,09:20,2025-05-04,10:20,2025-05-04,1h 0m,Hành lý xách tay 7 kg,Hành lý 0 kg,2025-04-22,PQC
4008,PQC0068,VietJet Air,1.319.000 VND/khách,11:35,2025-05-04,12:35,2025-05-04,1h 0m,Hành lý xách tay 7 kg,Hành lý 0 kg,2025-04-22,PQC
4009,PQC0271,Vietnam Airlines,1.384.614 VND/khách,15:05,2025-05-04,16:10,2025-05-04,1h 5m,Hành lý xách tay 1 x 12 kg,Hành lý 23 kg,2025-04-22,PQC
4010,PQC0205,Vietnam Airlines,1.473.525 VND/khách,08:10,2025-05-04,08:55,2025-05-04,45m,Hành lý xách tay 1 x 12 kg,Hành lý 23 kg,2025-04-22,PQC
4011,PQC0253,Vietnam Airlines,1.572.426 VND/khách,13:05,2025-05-04,14:00,2025-05-04,55m,Hành lý xách tay 1 x 12 kg,Hành lý 23 kg,2025-04-22,PQC
4012,PQC0228,Vietnam Airlines,1.572.426 VND/khách,10:25,2025-05-04,11:25,2025-05-04,1h 0m,Hành lý xách tay 1 x 12 kg,Hành lý 23 kg,2025-04-22,PQC
4015,PQC0005,Bamboo Airways,859.302 VND/khách,16:30,2025-05-05,17:30,2025-05-05,1h 0m,Hành lý xách tay 7 kg,Hành lý 0 kg,2025-04-22,PQC
4016,PQC0326,Vietravel Airlines,755.108 VND/khách,17:25,2025-05-05,18:25,2025-05-05,1h 0m,Hành lý xách tay 7 kg,Hành lý 0 kg,2025-04-22,PQC
4017,PQC0135,VietJet Air,835.000 VND/khách,17:10,2025-05-05,18:15,2025-05-05,1h 5m,Hành lý xách tay 7 kg,Hành lý 0 kg,2025-04-22,PQC
4018,PQC0170,Vietnam Airlines,909.090 VND/khách,05:25,2025-05-05,06:20,2025-05-05,55m,Hành lý xách tay 1 x 12 kg,Hành lý 0 kg,2025-04-22,PQC
4019,PQC0020,VietJet Air,1.062.000 VND/khách,05:55,2025-05-05,06:55,2025-05-05,1h 0m,Hành lý xách tay 7 kg,Hành lý 0 kg,2025-04-22,PQC
4020,PQC0112,VietJet Air,1.062.000 VND/khách,15:40,2025-05-05,16:40,2025-05-05,1h 0m,Hành lý xách tay 7 kg,Hành lý 0 kg,2025-04-22,PQC
4021,PQC0091,VietJet Air,1.170.000 VND/khách,14:05,2025-05-05,15:05,2025-05-05,1h 0m,Hành lý xách tay 7 kg,Hành lý 0 kg,2025-04-22,PQC
4022,PQC0185,Vietnam Airlines,1.238.760 VND/khách,05:40,2025-05-05,06:40,2025-05-05,1h 0m,Hành lý xách tay 1 x 12 kg,Hành lý 23 kg,2025-04-22,PQC
4023,PQC0045,VietJet Air,1.319.000 VND/khách,09:20,2025-05-05,10:20,2025-05-05,1h 0m,Hành lý xách tay 7 kg,Hành lý 0 kg,2025-04-22,PQC
4024,PQC0069,VietJet Air,1.319.000 VND/khách,11:35,2025-05-05,12:35,2025-05-05,1h 0m,Hành lý xách tay 7 kg,Hành lý 0 kg,2025-04-22,PQC
4025,PQC0295,Vietnam Airlines,1.383.615 VND/khách,17:25,2025-05-05,18:25,2025-05-05,1h 0m,Hành lý xách tay 1 x 12 kg,Hành lý 23 kg,2025-04-22,PQC
4026,PQC0318,Vietnam Airlines,1.383.615 VND/khách,20:25,2025-05-05,21:25,2025-05-05,1h 0m,Hành lý xách tay 1 x 12 kg,Hành lý 23 kg,2025-04-22,PQC
4027,PQC0308,Vietnam Airlines,1.387.611 VND/khách,20:20,2025-05-05,21:20,2025-05-05,1h 0m,Hành lý xách tay 1 x 12 kg,Hành lý 23 kg,2025-04-22,PQC
4028,PQC0272,Vietnam Airlines,1.487.511 VND/khách,15:05,2025-05-05,16:10,2025-05-05,1h 5m,Hành lý xách tay 1 x 12 kg,Hành lý 23 kg,2025-04-22,PQC
4029,PQC0254,Vietnam Airlines,1.572.426 VND/khách,13:05,2025-05-05,14:00,2025-05-05,55m,Hành lý xách tay 1 x 12 kg,Hành lý 23 kg,2025-04-22,PQC
4030,PQC0229,Vietnam Airlines,1.681.317 VND/khách,10:25,2025-05-05,11:25,2025-05-05,1h 0m,Hành lý xách tay 1 x 12 kg,Hành lý 23 kg,2025-04-22,PQC
4031,PQC0206,Vietnam Airlines,1.703.295 VND/khách,08:10,2025-05-05,08:55,2025-05-05,45m,Hành lý xách tay 1 x 12 kg,Hành lý 23 kg,2025-04-22,PQC
4034,PQC0327,Vietravel Airlines,755.108 VND/khách,17:25,2025-05-06,18:25,2025-05-06,1h 0m,Hành lý xách tay 7 kg,Hành lý 0 kg,2025-04-22,PQC
4035,PQC0136,VietJet Air,835.000 VND/khách,17:10,2025-05-06,18:15,2025-05-06,1h 5m,Hành lý xách tay 7 kg,Hành lý 0 kg,2025-04-22,PQC
4036,PQC0021,VietJet Air,1.062.000 VND/khách,05:55,2025-05-06,06:55,2025-05-06,1h 0m,Hành lý xách tay 7 kg,Hành lý 0 kg,2025-04-22,PQC
4037,PQC0113,VietJet Air,1.062.000 VND/khách,15:40,2025-05-06,16:40,2025-05-06,1h 0m,Hành lý xách tay 7 kg,Hành lý 0 kg,2025-04-22,PQC
4038,PQC0070,VietJet Air,1.170.000 VND/khách,11:35,2025-05-06,12:35,2025-05-06,1h 0m,Hành lý xách tay 7 kg,Hành lý 0 kg,2025-04-22,PQC
4039,PQC0092,VietJet Air,1.170.000 VND/khách,14:05,2025-05-06,15:05,2025-05-06,1h 0m,Hành lý xách tay 7 kg,Hành lý 0 kg,2025-04-22,PQC
4040,PQC0186,Vietnam Airlines,1.264.734 VND/khách,05:40,2025-05-06,06:40,2025-05-06,1h 0m,Hành lý xách tay 1 x 12 kg,Hành lý 23 kg,2025-04-22,PQC
4041,PQC0046,VietJet Air,1.319.000 VND/khách,09:20,2025-05-06,10:20,2025-05-06,1h 0m,Hành lý xách tay 7 kg,Hành lý 0 kg,2025-04-22,PQC
4042,PQC0207,Vietnam Airlines,1.572.426 VND/khách,08:10,2025-05-06,08:55,2025-05-06,45m,Hành lý xách tay 1 x 12 kg,Hành lý 23 kg,2025-04-22,PQC
4043,PQC0255,Vietnam Airlines,1.572.426 VND/khách,13:05,2025-05-06,14:00,2025-05-06,55m,Hành lý xách tay 1 x 12 kg,Hành lý 23 kg,2025-04-22,PQC
4044,PQC0273,Vietnam Airlines,1.572.426 VND/khách,15:05,2025-05-06,16:10,2025-05-06,1h 5m,Hành lý xách tay 1 x 12 kg,Hành lý 23 kg,2025-04-22,PQC
4045,PQC0230,Vietnam Airlines,1.707.291 VND/khách,10:25,2025-05-06,11:25,2025-05-06,1h 0m,Hành lý xách tay 1 x 12 kg,Hành lý 23 kg,2025-04-22,PQC
4046,PQC0064,VietJet Air,1.928.000 VND/khách,11:30,2025-05-06,12:30,2025-05-06,1h 0m,Hành lý xách tay 7 kg,Hành lý 0 kg,2025-04-22,PQC
4050,PQC0006,Bamboo Airways,975.415 VND/khách,16:30,2025-05-07,17:30,2025-05-07,1h 0m,Hành lý xách tay 7 kg,Hành lý 0 kg,2025-04-22,PQC
4051,PQC0328,Vietravel Airlines,755.108 VND/khách,17:25,2025-05-07,18:25,2025-05-07,1h 0m,Hành lý xách tay 7 kg,Hành lý 0 kg,2025-04-22,PQC
4052,PQC0022,VietJet Air,836.000 VND/khách,05:55,2025-05-07,06:55,2025-05-07,1h 0m,Hành lý xách tay 7 kg,Hành lý 0 kg,2025-04-22,PQC
4053,PQC0137,VietJet Air,836.000 VND/khách,17:10,2025-05-07,18:15,2025-05-07,1h 5m,Hành lý xách tay 7 kg,Hành lý 0 kg,2025-04-22,PQC
4054,PQC0114,VietJet Air,1.062.000 VND/khách,15:40,2025-05-07,16:40,2025-05-07,1h 0m,Hành lý xách tay 7 kg,Hành lý 0 kg,2025-04-22,PQC
4055,PQC0071,VietJet Air,1.170.000 VND/khách,11:35,2025-05-07,12:35,2025-05-07,1h 0m,Hành lý xách tay 7 kg,Hành lý 0 kg,2025-04-22,PQC
4056,PQC0093,VietJet Air,1.170.000 VND/khách,14:05,2025-05-07,15:05,2025-05-07,1h 0m,Hành lý xách tay 7 kg,Hành lý 0 kg,2025-04-22,PQC
4057,PQC0187,Vietnam Airlines,1.239.759 VND/khách,05:40,2025-05-07,06:40,2025-05-07,1h 0m,Hành lý xách tay 1 x 12 kg,Hành lý 23 kg,2025-04-22,PQC
4058,PQC0047,VietJet Air,1.319.000 VND/khách,09:20,2025-05-07,10:20,2025-05-07,1h 0m,Hành lý xách tay 7 kg,Hành lý 0 kg,2025-04-22,PQC
4059,PQC0208,Vietnam Airlines,1.572.426 VND/khách,08:10,2025-05-07,08:55,2025-05-07,45m,Hành lý xách tay 1 x 12 kg,Hành lý 23 kg,2025-04-22,PQC
4060,PQC0274,Vietnam Airlines,1.572.426 VND/khách,15:05,2025-05-07,16:10,2025-05-07,1h 5m,Hành lý xách tay 1 x 12 kg,Hành lý 23 kg,2025-04-22,PQC
4061,PQC0231,Vietnam Airlines,1.674.324 VND/khách,10:25,2025-05-07,11:25,2025-05-07,1h 0m,Hành lý xách tay 1 x 12 kg,Hành lý 23 kg,2025-04-22,PQC
4062,PQC0256,Vietnam Airlines,1.878.120 VND/khách,13:05,2025-05-07,14:00,2025-05-07,55m,Hành lý xách tay 1 x 12 kg,Hành lý 23 kg,2025-04-22,PQC
4065,PQC0329,Vietravel Airlines,1.059.345 VND/khách,17:25,2025-05-08,18:25,2025-05-08,1h 0m,Hành lý xách tay 7 kg,Hành lý 0 kg,2025-04-22,PQC
4066,PQC0023,VietJet Air,1.062.000 VND/khách,05:55,2025-05-08,06:55,2025-05-08,1h 0m,Hành lý xách tay 7 kg,Hành lý 0 kg,2025-04-22,PQC
4067,PQC0072,VietJet Air,1.319.000 VND/khách,11:35,2025-05-08,12:35,2025-05-08,1h 0m,Hành lý xách tay 7 kg,Hành lý 0 kg,2025-04-22,PQC
4068,PQC0094,VietJet Air,1.319.000 VND/khách,14:05,2025-05-08,15:05,2025-05-08,1h 0m,Hành lý xách tay 7 kg,Hành lý 0 kg,2025-04-22,PQC
4069,PQC0115,VietJet Air,1.319.000 VND/khách,15:40,2025-05-08,16:40,2025-05-08,1h 0m,Hành lý xách tay 7 kg,Hành lý 0 kg,2025-04-22,PQC
4070,PQC0038,VietJet Air,1.319.000 VND/khách,08:25,2025-05-08,09:30,2025-05-08,1h 5m,Hành lý xách tay 7 kg,Hành lý 0 kg,2025-04-22,PQC
4071,PQC0138,VietJet Air,1.319.000 VND/khách,17:10,2025-05-08,18:15,2025-05-08,1h 5m,Hành lý xách tay 7 kg,Hành lý 0 kg,2025-04-22,PQC
4072,PQC0155,VietJet Air,1.319.000 VND/khách,17:40,2025-05-08,18:45,2025-05-08,1h 5m,Hành lý xách tay 7 kg,Hành lý 0 kg,2025-04-22,PQC
4073,PQC0048,VietJet Air,1.323.000 VND/khách,09:20,2025-05-08,10:20,2025-05-08,1h 0m,Hành lý xách tay 7 kg,Hành lý 0 kg,2025-04-22,PQC
4074,PQC0188,Vietnam Airlines,1.384.614 VND/khách,05:40,2025-05-08,06:40,2025-05-08,1h 0m,Hành lý xách tay 1 x 12 kg,Hành lý 23 kg,2025-04-22,PQC
4075,PQC0275,Vietnam Airlines,1.685.313 VND/khách,15:05,2025-05-08,16:10,2025-05-08,1h 5m,Hành lý xách tay 1 x 12 kg,Hành lý 23 kg,2025-04-22,PQC
4076,PQC0257,Vietnam Airlines,1.732.266 VND/khách,13:05,2025-05-08,14:00,2025-05-08,55m,Hành lý xách tay 1 x 12 kg,Hành lý 23 kg,2025-04-22,PQC
4077,PQC0232,Vietnam Airlines,1.732.266 VND/khách,10:25,2025-05-08,11:25,2025-05-08,1h 0m,Hành lý xách tay 1 x 12 kg,Hành lý 23 kg,2025-04-22,PQC
4078,PQC0209,Vietnam Airlines,1.845.266 VND/khách,08:10,2025-05-08,08:55,2025-05-08,45m,Hành lý xách tay 1 x 12 kg,Hành lý 23 kg,2025-04-22,PQC
4082,PQC0007,Bamboo Airways,1.403.291 VND/khách,16:30,2025-05-09,17:30,2025-05-09,1h 0m,Hành lý xách tay 7 kg,Hành lý 0 kg,2025-04-22,PQC
4083,PQC0330,Vietravel Airlines,1.137.150 VND/khách,17:25,2025-05-09,18:25,2025-05-09,1h 0m,Hành lý xách tay 7 kg,Hành lý 0 kg,2025-04-22,PQC
4084,PQC0116,VietJet Air,1.319.000 VND/khách,15:40,2025-05-09,16:40,2025-05-09,1h 0m,Hành lý xách tay 7 kg,Hành lý 0 kg,2025-04-22,PQC
4085,PQC0139,VietJet Air,1.319.000 VND/khách,17:10,2025-05-09,18:15,2025-05-09,1h 5m,Hành lý xách tay 7 kg,Hành lý 0 kg,2025-04-22,PQC
4086,PQC0189,Vietnam Airlines,1.499.499 VND/khách,05:40,2025-05-09,06:40,2025-05-09,1h 0m,Hành lý xách tay 1 x 12 kg,Hành lý 23 kg,2025-04-22,PQC
4087,PQC0024,VietJet Air,1.612.000 VND/khách,05:55,2025-05-09,06:55,2025-05-09,1h 0m,Hành lý xách tay 7 kg,Hành lý 0 kg,2025-04-22,PQC
4088,PQC0095,VietJet Air,1.612.000 VND/khách,14:05,2025-05-09,15:05,2025-05-09,1h 0m,Hành lý xách tay 7 kg,Hành lý 0 kg,2025-04-22,PQC
4089,PQC0309,Vietnam Airlines,1.674.324 VND/khách,20:20,2025-05-09,21:20,2025-05-09,1h 0m,Hành lý xách tay 1 x 12 kg,Hành lý 23 kg,2025-04-22,PQC
4090,PQC0049,VietJet Air,1.728.000 VND/khách,09:20,2025-05-09,10:20,2025-05-09,1h 0m,Hành lý xách tay 7 kg,Hành lý 0 kg,2025-04-22,PQC
4091,PQC0073,VietJet Air,1.728.000 VND/khách,11:35,2025-05-09,12:35,2025-05-09,1h 0m,Hành lý xách tay 7 kg,Hành lý 0 kg,2025-04-22,PQC
4092,PQC0276,Vietnam Airlines,1.732.266 VND/khách,15:05,2025-05-09,16:10,2025-05-09,1h 5m,Hành lý xách tay 1 x 12 kg,Hành lý 23 kg,2025-04-22,PQC
4093,PQC0249,Vietnam Airlines,1.845.266 VND/khách,13:00,2025-05-09,14:00,2025-05-09,1h 0m,Hành lý xách tay 1 x 12 kg,Hành lý 23 kg,2025-04-22,PQC
4094,PQC0233,Vietnam Airlines,1.954.858 VND/khách,10:25,2025-05-09,11:25,2025-05-09,1h 0m,Hành lý xách tay 1 x 12 kg,Hành lý 23 kg,2025-04-22,PQC
4095,PQC0210,Vietnam Airlines,1.993.005 VND/khách,08:10,2025-05-09,08:55,2025-05-09,45m,Hành lý xách tay 1 x 12 kg,Hành lý 23 kg,2025-04-22,PQC
4098,PQC0331,Vietravel Airlines,885.780 VND/khách,17:25,2025-05-10,18:25,2025-05-10,1h 0m,Hành lý xách tay 7 kg,Hành lý 0 kg,2025-04-22,PQC
4099,PQC0140,VietJet Air,1.062.000 VND/khách,17:10,2025-05-10,18:15,2025-05-10,1h 5m,Hành lý xách tay 7 kg,Hành lý 0 kg,2025-04-22,PQC
4100,PQC0117,VietJet Air,1.170.000 VND/khách,15:40,2025-05-10,16:40,2025-05-10,1h 0m,Hành lý xách tay 7 kg,Hành lý 0 kg,2025-04-22,PQC
4101,PQC0074,VietJet Air,1.319.000 VND/khách,11:35,2025-05-10,12:35,2025-05-10,1h 0m,Hành lý xách tay 7 kg,Hành lý 0 kg,2025-04-22,PQC
4102,PQC0096,VietJet Air,1.319.000 VND/khách,14:05,2025-05-10,15:05,2025-05-10,1h 0m,Hành lý xách tay 7 kg,Hành lý 0 kg,2025-04-22,PQC
4103,PQC0025,VietJet Air,1.430.000 VND/khách,05:55,2025-05-10,06:55,2025-05-10,1h 0m,Hành lý xách tay 7 kg,Hành lý 0 kg,2025-04-22,PQC
4104,PQC0050,VietJet Air,1.430.000 VND/khách,09:20,2025-05-10,10:20,2025-05-10,1h 0m,Hành lý xách tay 7 kg,Hành lý 0 kg,2025-04-22,PQC
4105,PQC0277,Vietnam Airlines,1.685.313 VND/khách,15:05,2025-05-10,16:10,2025-05-10,1h 5m,Hành lý xách tay 1 x 12 kg,Hành lý 23 kg,2025-04-22,PQC
4106,PQC0258,Vietnam Airlines,1.732.266 VND/khách,13:05,2025-05-10,14:00,2025-05-10,55m,Hành lý xách tay 1 x 12 kg,Hành lý 23 kg,2025-04-22,PQC
4107,PQC0190,Vietnam Airlines,1.845.266 VND/khách,05:40,2025-05-10,06:40,2025-05-10,1h 0m,Hành lý xách tay 1 x 12 kg,Hành lý 23 kg,2025-04-22,PQC
4108,PQC0234,Vietnam Airlines,1.845.266 VND/khách,10:25,2025-05-10,11:25,2025-05-10,1h 0m,Hành lý xách tay 1 x 12 kg,Hành lý 23 kg,2025-04-22,PQC
4109,PQC0211,Vietnam Airlines,1.901.123 VND/khách,08:10,2025-05-10,08:55,2025-05-10,45m,Hành lý xách tay 1 x 12 kg,Hành lý 23 kg,2025-04-22,PQC
4113,PQC0008,Bamboo Airways,968.099 VND/khách,16:30,2025-05-11,17:30,2025-05-11,1h 0m,Hành lý xách tay 7 kg,Hành lý 0 kg,2025-04-22,PQC
4114,PQC0332,Vietravel Airlines,755.108 VND/khách,17:25,2025-05-11,18:25,2025-05-11,1h 0m,Hành lý xách tay 7 kg,Hành lý 0 kg,2025-04-22,PQC
4115,PQC0118,VietJet Air,835.000 VND/khách,15:40,2025-05-11,16:40,2025-05-11,1h 0m,Hành lý xách tay 7 kg,Hành lý 0 kg,2025-04-22,PQC
4116,PQC0141,VietJet Air,835.000 VND/khách,17:10,2025-05-11,18:15,2025-05-11,1h 5m,Hành lý xách tay 7 kg,Hành lý 0 kg,2025-04-22,PQC
4117,PQC0026,VietJet Air,1.062.000 VND/khách,05:55,2025-05-11,06:55,2025-05-11,1h 0m,Hành lý xách tay 7 kg,Hành lý 0 kg,2025-04-22,PQC
4118,PQC0191,Vietnam Airlines,1.142.856 VND/khách,05:40,2025-05-11,06:40,2025-05-11,1h 0m,Hành lý xách tay 1 x 12 kg,Hành lý 23 kg,2025-04-22,PQC
4119,PQC0310,Vietnam Airlines,1.142.856 VND/khách,20:20,2025-05-11,21:20,2025-05-11,1h 0m,Hành lý xách tay 1 x 12 kg,Hành lý 23 kg,2025-04-22,PQC
4120,PQC0075,VietJet Air,1.170.000 VND/khách,11:35,2025-05-11,12:35,2025-05-11,1h 0m,Hành lý xách tay 7 kg,Hành lý 0 kg,2025-04-22,PQC
4121,PQC0097,VietJet Air,1.170.000 VND/khách,14:05,2025-05-11,15:05,2025-05-11,1h 0m,Hành lý xách tay 7 kg,Hành lý 0 kg,2025-04-22,PQC
4122,PQC0051,VietJet Air,1.181.000 VND/khách,09:20,2025-05-11,10:20,2025-05-11,1h 0m,Hành lý xách tay 7 kg,Hành lý 0 kg,2025-04-22,PQC
4123,PQC0259,Vietnam Airlines,1.369.629 VND/khách,13:05,2025-05-11,14:00,2025-05-11,55m,Hành lý xách tay 1 x 12 kg,Hành lý 23 kg,2025-04-22,PQC
4124,PQC0278,Vietnam Airlines,1.369.629 VND/khách,15:05,2025-05-11,16:10,2025-05-11,1h 5m,Hành lý xách tay 1 x 12 kg,Hành lý 23 kg,2025-04-22,PQC
4125,PQC0235,Vietnam Airlines,1.484.514 VND/khách,10:25,2025-05-11,11:25,2025-05-11,1h 0m,Hành lý xách tay 1 x 12 kg,Hành lý 23 kg,2025-04-22,PQC
4126,PQC0212,Vietnam Airlines,1.670.328 VND/khách,08:10,2025-05-11,08:55,2025-05-11,45m,Hành lý xách tay 1 x 12 kg,Hành lý 23 kg,2025-04-22,PQC
4127,PQC0010,Bamboo Airways,1.153.459 VND/khách,16:30,2025-04-23,17:30,2025-04-23,1h 0m,Hành lý xách tay 7 kg,Hành lý 0 kg,2025-04-22,PQC
4128,PQC0335,Vietravel Airlines,1.186.028 VND/khách,17:25,2025-04-23,18:25,2025-04-23,1h 0m,Hành lý xách tay 7 kg,Hành lý 0 kg,2025-04-22,PQC
4129,PQC0036,VietJet Air,1.199.000 VND/khách,06:00,2025-04-23,06:55,2025-04-23,55m,Hành lý xách tay 7 kg,Hành lý 0 kg,2025-04-22,PQC
4130,PQC0129,VietJet Air,1.199.000 VND/khách,16:25,2025-04-23,17:25,2025-04-23,1h 0m,Hành lý xách tay 7 kg,Hành lý 0 kg,2025-04-22,PQC
4131,PQC0157,VietJet Air,1.199.000 VND/khách,17:40,2025-04-23,18:40,2025-04-23,1h 0m,Hành lý xách tay 7 kg,Hành lý 0 kg,2025-04-22,PQC
4132,PQC0078,VietJet Air,1.345.000 VND/khách,11:35,2025-04-23,12:35,2025-04-23,1h 0m,Hành lý xách tay 7 kg,Hành lý 0 kg,2025-04-22,PQC
4133,PQC0100,VietJet Air,1.345.000 VND/khách,14:05,2025-04-23,15:05,2025-04-23,1h 0m,Hành lý xách tay 7 kg,Hành lý 0 kg,2025-04-22,PQC
4134,PQC0063,VietJet Air,1.463.000 VND/khách,10:20,2025-04-23,11:15,2025-04-23,55m,Hành lý xách tay 7 kg,Hành lý 0 kg,2025-04-22,PQC
4135,PQC0215,Vietnam Airlines,1.703.295 VND/khách,08:10,2025-04-23,08:55,2025-04-23,45m,Hành lý xách tay 1 x 12 kg,Hành lý 23 kg,2025-04-22,PQC
4136,PQC0281,Vietnam Airlines,1.740.258 VND/khách,15:05,2025-04-23,16:10,2025-04-23,1h 5m,Hành lý xách tay 1 x 12 kg,Hành lý 23 kg,2025-04-22,PQC
4137,PQC0164,Vietnam Airlines,1.765.233 VND/khách,05:15,2025-04-23,06:15,2025-04-23,1h 0m,Hành lý xách tay 1 x 12 kg,Hành lý 23 kg,2025-04-22,PQC
4138,PQC0238,Vietnam Airlines,1.901.123 VND/khách,10:25,2025-04-23,11:25,2025-04-23,1h 0m,Hành lý xách tay 1 x 12 kg,Hành lý 23 kg,2025-04-22,PQC
4139,PQC0262,Vietnam Airlines,1.954.858 VND/khách,13:05,2025-04-23,14:00,2025-04-23,55m,Hành lý xách tay 1 x 12 kg,Hành lý 23 kg,2025-04-22,PQC
4140,PQC0336,Vietravel Airlines,1.137.150 VND/khách,17:25,2025-04-24,18:25,2025-04-24,1h 0m,Hành lý xách tay 7 kg,Hành lý 0 kg,2025-04-22,PQC
4141,PQC0030,VietJet Air,1.170.000 VND/khách,05:55,2025-04-24,06:55,2025-04-24,1h 0m,Hành lý xách tay 7 kg,Hành lý 0 kg,2025-04-22,PQC
4142,PQC0130,VietJet Air,1.319.000 VND/khách,16:30,2025-04-24,17:30,2025-04-24,1h 0m,Hành lý xách tay 7 kg,Hành lý 0 kg,2025-04-22,PQC
4143,PQC0195,Vietnam Airlines,1.365.633 VND/khách,05:40,2025-04-24,06:40,2025-04-24,1h 0m,Hành lý xách tay 1 x 12 kg,Hành lý 23 kg,2025-04-22,PQC
4144,PQC0079,VietJet Air,1.430.000 VND/khách,11:35,2025-04-24,12:35,2025-04-24,1h 0m,Hành lý xách tay 7 kg,Hành lý 0 kg,2025-04-22,PQC
4145,PQC0101,VietJet Air,1.430.000 VND/khách,14:05,2025-04-24,15:05,2025-04-24,1h 0m,Hành lý xách tay 7 kg,Hành lý 0 kg,2025-04-22,PQC
4146,PQC0039,VietJet Air,1.430.000 VND/khách,08:25,2025-04-24,09:30,2025-04-24,1h 5m,Hành lý xách tay 7 kg,Hành lý 0 kg,2025-04-22,PQC
4147,PQC0282,Vietnam Airlines,1.845.266 VND/khách,15:05,2025-04-24,16:10,2025-04-24,1h 5m,Hành lý xách tay 1 x 12 kg,Hành lý 23 kg,2025-04-22,PQC
4148,PQC0217,Vietnam Airlines,1.954.858 VND/khách,08:10,2025-04-24,08:55,2025-04-24,45m,Hành lý xách tay 1 x 12 kg,Hành lý 23 kg,2025-04-22,PQC
4149,PQC0263,Vietnam Airlines,1.954.858 VND/khách,13:05,2025-04-24,14:00,2025-04-24,55m,Hành lý xách tay 1 x 12 kg,Hành lý 23 kg,2025-04-22,PQC
4150,PQC0239,Vietnam Airlines,1.954.858 VND/khách,10:25,2025-04-24,11:25,2025-04-24,1h 0m,Hành lý xách tay 1 x 12 kg,Hành lý 23 kg,2025-04-22,PQC
4153,PQC0011,Bamboo Airways,1.178.643 VND/khách,16:30,2025-04-25,17:30,2025-04-25,1h 0m,Hành lý xách tay 7 kg,Hành lý 0 kg,2025-04-22,PQC
4154,PQC0337,Vietravel Airlines,962.588 VND/khách,17:25,2025-04-25,18:25,2025-04-25,1h 0m,Hành lý xách tay 7 kg,Hành lý 0 kg,2025-04-22,PQC
4155,PQC0031,VietJet Air,1.319.000 VND/khách,05:55,2025-04-25,06:55,2025-04-25,1h 0m,Hành lý xách tay 7 kg,Hành lý 0 kg,2025-04-22,PQC
4156,PQC0056,VietJet Air,1.319.000 VND/khách,09:20,2025-04-25,10:20,2025-04-25,1h 0m,Hành lý xách tay 7 kg,Hành lý 0 kg,2025-04-22,PQC
4157,PQC0102,VietJet Air,1.319.000 VND/khách,14:05,2025-04-25,15:05,2025-04-25,1h 0m,Hành lý xách tay 7 kg,Hành lý 0 kg,2025-04-22,PQC
4158,PQC0146,VietJet Air,1.319.000 VND/khách,17:10,2025-04-25,18:15,2025-04-25,1h 5m,Hành lý xách tay 7 kg,Hành lý 0 kg,2025-04-22,PQC
4159,PQC0080,VietJet Air,1.612.000 VND/khách,11:35,2025-04-25,12:35,2025-04-25,1h 0m,Hành lý xách tay 7 kg,Hành lý 0 kg,2025-04-22,PQC
4160,PQC0296,Vietnam Airlines,1.670.328 VND/khách,17:25,2025-04-25,18:25,2025-04-25,1h 0m,Hành lý xách tay 1 x 12 kg,Hành lý 23 kg,2025-04-22,PQC
4161,PQC0311,Vietnam Airlines,1.852.146 VND/khách,20:20,2025-04-25,21:20,2025-04-25,1h 0m,Hành lý xách tay 1 x 12 kg,Hành lý 23 kg,2025-04-22,PQC
4162,PQC0218,Vietnam Airlines,2.003.994 VND/khách,08:10,2025-04-25,08:55,2025-04-25,45m,Hành lý xách tay 1 x 12 kg,Hành lý 23 kg,2025-04-22,PQC
4163,PQC0240,Vietnam Airlines,2.003.994 VND/khách,10:25,2025-04-25,11:25,2025-04-25,1h 0m,Hành lý xách tay 1 x 12 kg,Hành lý 23 kg,2025-04-22,PQC
4164,PQC0250,Vietnam Airlines,2.003.994 VND/khách,13:00,2025-04-25,14:00,2025-04-25,1h 0m,Hành lý xách tay 1 x 12 kg,Hành lý 23 kg,2025-04-22,PQC
4165,PQC0283,Vietnam Airlines,2.007.990 VND/khách,15:05,2025-04-25,16:10,2025-04-25,1h 5m,Hành lý xách tay 1 x 12 kg,Hành lý 23 kg,2025-04-22,PQC
4166,PQC0165,Vietnam Airlines,2.010.987 VND/khách,05:15,2025-04-25,06:15,2025-04-25,1h 0m,Hành lý xách tay 1 x 12 kg,Hành lý 23 kg,2025-04-22,PQC
4168,PQC0338,Vietravel Airlines,1.214.955 VND/khách,17:25,2025-04-26,18:25,2025-04-26,1h 0m,Hành lý xách tay 7 kg,Hành lý 0 kg,2025-04-22,PQC
4169,PQC0297,Vietnam Airlines,1.703.295 VND/khách,17:25,2025-04-26,18:25,2025-04-26,1h 0m,Hành lý xách tay 1 x 12 kg,Hành lý 23 kg,2025-04-22,PQC
4170,PQC0312,Vietnam Airlines,1.751.247 VND/khách,20:20,2025-04-26,21:20,2025-04-26,1h 0m,Hành lý xách tay 1 x 12 kg,Hành lý 23 kg,2025-04-22,PQC
4171,PQC0284,Vietnam Airlines,1.930.068 VND/khách,15:05,2025-04-26,16:10,2025-04-26,1h 5m,Hành lý xách tay 1 x 12 kg,Hành lý 23 kg,2025-04-22,PQC
4172,PQC0032,VietJet Air,1.932.000 VND/khách,05:55,2025-04-26,06:55,2025-04-26,1h 0m,Hành lý xách tay 7 kg,Hành lý 0 kg,2025-04-22,PQC
4173,PQC0081,VietJet Air,1.932.000 VND/khách,11:35,2025-04-26,12:35,2025-04-26,1h 0m,Hành lý xách tay 7 kg,Hành lý 0 kg,2025-04-22,PQC
4174,PQC0103,VietJet Air,1.932.000 VND/khách,14:05,2025-04-26,15:05,2025-04-26,1h 0m,Hành lý xách tay 7 kg,Hành lý 0 kg,2025-04-22,PQC
4175,PQC0124,VietJet Air,1.932.000 VND/khách,15:40,2025-04-26,16:40,2025-04-26,1h 0m,Hành lý xách tay 7 kg,Hành lý 0 kg,2025-04-22,PQC
4176,PQC0147,VietJet Air,1.932.000 VND/khách,17:10,2025-04-26,18:15,2025-04-26,1h 5m,Hành lý xách tay 7 kg,Hành lý 0 kg,2025-04-22,PQC
4177,PQC0057,VietJet Air,1.965.000 VND/khách,09:20,2025-04-26,10:20,2025-04-26,1h 0m,Hành lý xách tay 7 kg,Hành lý 0 kg,2025-04-22,PQC
4178,PQC0219,Vietnam Airlines,1.974.024 VND/khách,08:10,2025-04-26,08:55,2025-04-26,45m,Hành lý xách tay 1 x 12 kg,Hành lý 23 kg,2025-04-22,PQC
4181,PQC0012,Bamboo Airways,968.099 VND/khách,16:30,2025-04-27,17:30,2025-04-27,1h 0m,Hành lý xách tay 7 kg,Hành lý 0 kg,2025-04-22,PQC
4182,PQC0339,Vietravel Airlines,1.063.335 VND/khách,17:25,2025-04-27,18:25,2025-04-27,1h 0m,Hành lý xách tay 7 kg,Hành lý 0 kg,2025-04-22,PQC
4183,PQC0033,VietJet Air,1.319.000 VND/khách,05:55,2025-04-27,06:55,2025-04-27,1h 0m,Hành lý xách tay 7 kg,Hành lý 0 kg,2025-04-22,PQC
4184,PQC0319,Vietnam Airlines,1.352.646 VND/khách,20:45,2025-04-27,21:45,2025-04-27,1h 0m,Hành lý xách tay 1 x 12 kg,Hành lý 23 kg,2025-04-22,PQC
4185,PQC0302,Vietnam Airlines,1.365.633 VND/khách,19:20,2025-04-27,20:20,2025-04-27,1h 0m,Hành lý xách tay 1 x 12 kg,Hành lý 23 kg,2025-04-22,PQC
4186,PQC0313,Vietnam Airlines,1.480.518 VND/khách,20:20,2025-04-27,21:20,2025-04-27,1h 0m,Hành lý xách tay 1 x 12 kg,Hành lý 23 kg,2025-04-22,PQC
4187,PQC0177,Vietnam Airlines,1.499.499 VND/khách,05:25,2025-04-27,06:20,2025-04-27,55m,Hành lý xách tay 1 x 12 kg,Hành lý 23 kg,2025-04-22,PQC
4188,PQC0163,Vietnam Airlines,1.602.396 VND/khách,05:10,2025-04-27,06:10,2025-04-27,1h 0m,Hành lý xách tay 1 x 12 kg,Hành lý 23 kg,2025-04-22,PQC
4189,PQC0148,VietJet Air,1.612.000 VND/khách,17:10,2025-04-27,18:15,2025-04-27,1h 5m,Hành lý xách tay 7 kg,Hành lý 0 kg,2025-04-22,PQC
4190,PQC0104,VietJet Air,1.728.000 VND/khách,14:05,2025-04-27,15:05,2025-04-27,1h 0m,Hành lý xách tay 7 kg,Hành lý 0 kg,2025-04-22,PQC
4191,PQC0285,Vietnam Airlines,1.770.228 VND/khách,15:05,2025-04-27,16:10,2025-04-27,1h 5m,Hành lý xách tay 1 x 12 kg,Hành lý 23 kg,2025-04-22,PQC
4192,PQC0125,VietJet Air,1.813.000 VND/khách,15:40,2025-04-27,16:40,2025-04-27,1h 0m,Hành lý xách tay 7 kg,Hành lý 0 kg,2025-04-22,PQC
4193,PQC0082,VietJet Air,1.843.000 VND/khách,11:35,2025-04-27,12:35,2025-04-27,1h 0m,Hành lý xách tay 7 kg,Hành lý 0 kg,2025-04-22,PQC
4194,PQC0242,Vietnam Airlines,1.856.142 VND/khách,10:25,2025-04-27,11:25,2025-04-27,1h 0m,Hành lý xách tay 1 x 12 kg,Hành lý 23 kg,2025-04-22,PQC
4195,PQC0220,Vietnam Airlines,1.915.083 VND/khách,08:10,2025-04-27,08:55,2025-04-27,45m,Hành lý xách tay 1 x 12 kg,Hành lý 23 kg,2025-04-22,PQC
4196,PQC0265,Vietnam Airlines,1.971.027 VND/khách,13:05,2025-04-27,14:00,2025-04-27,55m,Hành lý xách tay 1 x 12 kg,Hành lý 23 kg,2025-04-22,PQC
4199,PQC0013,Bamboo Airways,968.099 VND/khách,16:30,2025-04-28,17:30,2025-04-28,1h 0m,Hành lý xách tay 7 kg,Hành lý 0 kg,2025-04-22,PQC
4200,PQC0340,Vietravel Airlines,1.063.335 VND/khách,17:25,2025-04-28,18:25,2025-04-28,1h 0m,Hành lý xách tay 7 kg,Hành lý 0 kg,2025-04-22,PQC
4201,PQC0178,Vietnam Airlines,1.157.841 VND/khách,05:25,2025-04-28,06:20,2025-04-28,55m,Hành lý xách tay 1 x 12 kg,Hành lý 23 kg,2025-04-22,PQC
4202,PQC0034,VietJet Air,1.170.000 VND/khách,05:55,2025-04-28,06:55,2025-04-28,1h 0m,Hành lý xách tay 7 kg,Hành lý 0 kg,2025-04-22,PQC
4203,PQC0199,Vietnam Airlines,1.250.748 VND/khách,05:40,2025-04-28,06:40,2025-04-28,1h 0m,Hành lý xách tay 1 x 12 kg,Hành lý 23 kg,2025-04-22,PQC
4204,PQC0298,Vietnam Airlines,1.572.426 VND/khách,17:25,2025-04-28,18:25,2025-04-28,1h 0m,Hành lý xách tay 1 x 12 kg,Hành lý 23 kg,2025-04-22,PQC
4205,PQC0149,VietJet Air,1.612.000 VND/khách,17:10,2025-04-28,18:15,2025-04-28,1h 5m,Hành lý xách tay 7 kg,Hành lý 0 kg,2025-04-22,PQC
4206,PQC0221,Vietnam Airlines,1.673.325 VND/khách,08:10,2025-04-28,08:55,2025-04-28,45m,Hành lý xách tay 1 x 12 kg,Hành lý 23 kg,2025-04-22,PQC
4207,PQC0105,VietJet Air,1.727.000 VND/khách,14:05,2025-04-28,15:05,2025-04-28,1h 0m,Hành lý xách tay 7 kg,Hành lý 0 kg,2025-04-22,PQC
4208,PQC0314,Vietnam Airlines,1.762.236 VND/khách,20:20,2025-04-28,21:20,2025-04-28,1h 0m,Hành lý xách tay 1 x 12 kg,Hành lý 23 kg,2025-04-22,PQC
4209,PQC0059,VietJet Air,1.813.000 VND/khách,09:20,2025-04-28,10:20,2025-04-28,1h 0m,Hành lý xách tay 7 kg,Hành lý 0 kg,2025-04-22,PQC
4210,PQC0083,VietJet Air,1.813.000 VND/khách,11:35,2025-04-28,12:35,2025-04-28,1h 0m,Hành lý xách tay 7 kg,Hành lý 0 kg,2025-04-22,PQC
4211,PQC0126,VietJet Air,1.843.000 VND/khách,15:40,2025-04-28,16:40,2025-04-28,1h 0m,Hành lý xách tay 7 kg,Hành lý 0 kg,2025-04-22,PQC
4212,PQC0286,Vietnam Airlines,1.922.076 VND/khách,15:05,2025-04-28,16:10,2025-04-28,1h 5m,Hành lý xách tay 1 x 12 kg,Hành lý 23 kg,2025-04-22,PQC
4213,PQC0266,Vietnam Airlines,2.003.994 VND/khách,13:05,2025-04-28,14:00,2025-04-28,55m,Hành lý xách tay 1 x 12 kg,Hành lý 23 kg,2025-04-22,PQC
4214,PQC0243,Vietnam Airlines,2.003.994 VND/khách,10:25,2025-04-28,11:25,2025-04-28,1h 0m,Hành lý xách tay 1 x 12 kg,Hành lý 23 kg,2025-04-22,PQC
4217,PQC0341,Vietravel Airlines,1.641.885 VND/khách,17:25,2025-04-29,18:25,2025-04-29,1h 0m,Hành lý xách tay 7 kg,Hành lý 0 kg,2025-04-22,PQC
4218,PQC0179,Vietnam Airlines,1.689.309 VND/khách,05:25,2025-04-29,06:20,2025-04-29,55m,Hành lý xách tay 1 x 12 kg,Hành lý 23 kg,2025-04-22,PQC
4219,PQC0200,Vietnam Airlines,1.796.202 VND/khách,05:40,2025-04-29,06:40,2025-04-29,1h 0m,Hành lý xách tay 1 x 12 kg,Hành lý 23 kg,2025-04-22,PQC
4220,PQC0035,VietJet Air,1.813.000 VND/khách,05:55,2025-04-29,06:55,2025-04-29,1h 0m,Hành lý xách tay 7 kg,Hành lý 0 kg,2025-04-22,PQC
4221,PQC0040,VietJet Air,1.813.000 VND/khách,08:25,2025-04-29,09:30,2025-04-29,1h 5m,Hành lý xách tay 7 kg,Hành lý 0 kg,2025-04-22,PQC
4222,PQC0084,VietJet Air,1.843.000 VND/khách,11:35,2025-04-29,12:35,2025-04-29,1h 0m,Hành lý xách tay 7 kg,Hành lý 0 kg,2025-04-22,PQC
4223,PQC0106,VietJet Air,1.843.000 VND/khách,14:05,2025-04-29,15:05,2025-04-29,1h 0m,Hành lý xách tay 7 kg,Hành lý 0 kg,2025-04-22,PQC
4224,PQC0127,VietJet Air,1.843.000 VND/khách,15:40,2025-04-29,16:40,2025-04-29,1h 0m,Hành lý xách tay 7 kg,Hành lý 0 kg,2025-04-22,PQC
4225,PQC0060,VietJet Air,1.869.000 VND/khách,09:20,2025-04-29,10:20,2025-04-29,1h 0m,Hành lý xách tay 7 kg,Hành lý 0 kg,2025-04-22,PQC
4226,PQC0153,VietJet Air,1.928.000 VND/khách,17:25,2025-04-29,18:30,2025-04-29,1h 5m,Hành lý xách tay 7 kg,Hành lý 0 kg,2025-04-22,PQC
4227,PQC0299,Vietnam Airlines,2.003.994 VND/khách,17:25,2025-04-29,18:25,2025-04-29,1h 0m,Hành lý xách tay 1 x 12 kg,Hành lý 23 kg,2025-04-22,PQC
4228,PQC0321,Vietnam Airlines,2.003.994 VND/khách,21:05,2025-04-29,22:05,2025-04-29,1h 0m,Hành lý xách tay 1 x 12 kg,Hành lý 23 kg,2025-04-22,PQC
4229,PQC0287,Vietnam Airlines,2.003.994 VND/khách,15:05,2025-04-29,16:10,2025-04-29,1h 5m,Hành lý xách tay 1 x 12 kg,Hành lý 23 kg,2025-04-22,PQC
4230,PQC0246,Vietnam Airlines,2.007.990 VND/khách,12:10,2025-04-29,13:10,2025-04-29,1h 0m,Hành lý xách tay 1 x 12 kg,Hành lý 23 kg,2025-04-22,PQC
4231,PQC0267,Vietnam Airlines,2.012.985 VND/khách,13:05,2025-04-29,14:00,2025-04-29,55m,Hành lý xách tay 1 x 12 kg,Hành lý 23 kg,2025-04-22,PQC
4232,PQC0061,VietJet Air,3.719.005 VND/khách,09:20,2025-04-30,10:20,2025-04-30,1h 0m,Hành lý xách tay 7 kg,Hành lý 0 kg,2025-04-22,PQC
4233,PQC0001,Bamboo Airways,1.911.014 VND/khách,16:30,2025-05-01,17:30,2025-05-01,1h 0m,Hành lý xách tay 7 kg,Hành lý 20 kg,2025-04-23,PQC
4234,PQC0322,Vietravel Airlines,1.718.693 VND/khách,17:25,2025-05-01,18:25,2025-05-01,1h 0m,Hành lý xách tay 7 kg,Hành lý 0 kg,2025-04-23,PQC
4235,PQC0131,VietJet Air,1.936.000 VND/khách,17:10,2025-05-01,18:15,2025-05-01,1h 5m,Hành lý xách tay 7 kg,Hành lý 0 kg,2025-04-23,PQC
4236,PQC0154,VietJet Air,1.936.000 VND/khách,17:40,2025-05-01,18:45,2025-05-01,1h 5m,Hành lý xách tay 7 kg,Hành lý 0 kg,2025-04-23,PQC
4237,PQC0289,Vietnam Airlines,1.990.008 VND/khách,16:15,2025-05-01,17:15,2025-05-01,1h 0m,Hành lý xách tay 1 x 12 kg,Hành lý 23 kg,2025-04-23,PQC
4238,PQC0291,Vietnam Airlines,1.990.008 VND/khách,17:25,2025-05-01,18:25,2025-05-01,1h 0m,Hành lý xách tay 1 x 12 kg,Hành lý 23 kg,2025-04-23,PQC
4239,PQC0225,Vietnam Airlines,2.011.986 VND/khách,10:25,2025-05-01,11:25,2025-05-01,1h 0m,Hành lý xách tay 1 x 12 kg,Hành lý 23 kg,2025-04-23,PQC
4240,PQC0181,Vietnam Airlines,2.015.982 VND/khách,05:40,2025-05-01,06:40,2025-05-01,1h 0m,Hành lý xách tay 1 x 12 kg,Hành lý 23 kg,2025-04-23,PQC
4241,PQC0002,Bamboo Airways,1.686.367 VND/khách,16:30,2025-05-02,17:30,2025-05-02,1h 0m,Hành lý xách tay 7 kg,Hành lý 0 kg,2025-04-23,PQC
4242,PQC0323,Vietravel Airlines,1.476.300 VND/khách,17:25,2025-05-02,18:25,2025-05-02,1h 0m,Hành lý xách tay 7 kg,Hành lý 0 kg,2025-04-23,PQC
4243,PQC0167,Vietnam Airlines,1.577.421 VND/khách,05:25,2025-05-02,06:20,2025-05-02,55m,Hành lý xách tay 1 x 12 kg,Hành lý 23 kg,2025-04-23,PQC
4244,PQC0017,VietJet Air,1.734.000 VND/khách,05:55,2025-05-02,06:55,2025-05-02,1h 0m,Hành lý xách tay 7 kg,Hành lý 0 kg,2025-04-23,PQC
4245,PQC0132,VietJet Air,1.734.000 VND/khách,17:10,2025-05-02,18:15,2025-05-02,1h 5m,Hành lý xách tay 7 kg,Hành lý 0 kg,2025-04-23,PQC
4246,PQC0182,Vietnam Airlines,1.787.211 VND/khách,05:40,2025-05-02,06:40,2025-05-02,1h 0m,Hành lý xách tay 1 x 12 kg,Hành lý 23 kg,2025-04-23,PQC
4247,PQC0109,VietJet Air,1.823.000 VND/khách,15:40,2025-05-02,16:40,2025-05-02,1h 0m,Hành lý xách tay 7 kg,Hành lý 0 kg,2025-04-23,PQC
4248,PQC0042,VietJet Air,1.850.000 VND/khách,09:20,2025-05-02,10:20,2025-05-02,1h 0m,Hành lý xách tay 7 kg,Hành lý 0 kg,2025-04-23,PQC
4249,PQC0088,VietJet Air,1.850.000 VND/khách,14:05,2025-05-02,15:05,2025-05-02,1h 0m,Hành lý xách tay 7 kg,Hành lý 0 kg,2025-04-23,PQC
4250,PQC0203,Vietnam Airlines,1.986.012 VND/khách,08:10,2025-05-02,08:55,2025-05-02,45m,Hành lý xách tay 1 x 12 kg,Hành lý 23 kg,2025-04-23,PQC
4251,PQC0292,Vietnam Airlines,1.990.008 VND/khách,17:25,2025-05-02,18:25,2025-05-02,1h 0m,Hành lý xách tay 1 x 12 kg,Hành lý 23 kg,2025-04-23,PQC
4252,PQC0301,Vietnam Airlines,1.990.008 VND/khách,19:20,2025-05-02,20:20,2025-05-02,1h 0m,Hành lý xách tay 1 x 12 kg,Hành lý 23 kg,2025-04-23,PQC
4253,PQC0305,Vietnam Airlines,2.000.997 VND/khách,20:20,2025-05-02,21:20,2025-05-02,1h 0m,Hành lý xách tay 1 x 12 kg,Hành lý 23 kg,2025-04-23,PQC
4254,PQC0269,Vietnam Airlines,2.007.990 VND/khách,15:05,2025-05-02,16:10,2025-05-02,1h 5m,Hành lý xách tay 1 x 12 kg,Hành lý 23 kg,2025-04-23,PQC
4255,PQC0226,Vietnam Airlines,2.015.982 VND/khách,10:25,2025-05-02,11:25,2025-05-02,1h 0m,Hành lý xách tay 1 x 12 kg,Hành lý 23 kg,2025-04-23,PQC
4261,PQC0003,Bamboo Airways,1.001.343 VND/khách,16:30,2025-05-03,17:30,2025-05-03,1h 0m,Hành lý xách tay 7 kg,Hành lý 0 kg,2025-04-23,PQC
4262,PQC0324,Vietravel Airlines,969.570 VND/khách,17:25,2025-05-03,18:25,2025-05-03,1h 0m,Hành lý xách tay 7 kg,Hành lý 0 kg,2025-04-23,PQC
4263,PQC0037,VietJet Air,1.178.000 VND/khách,08:25,2025-05-03,09:30,2025-05-03,1h 5m,Hành lý xách tay 7 kg,Hành lý 0 kg,2025-04-23,PQC
4264,PQC0168,Vietnam Airlines,1.269.729 VND/khách,05:25,2025-05-03,06:20,2025-05-03,55m,Hành lý xách tay 1 x 12 kg,Hành lý 23 kg,2025-04-23,PQC
4265,PQC0183,Vietnam Airlines,1.392.606 VND/khách,05:40,2025-05-03,06:40,2025-05-03,1h 0m,Hành lý xách tay 1 x 12 kg,Hành lý 23 kg,2025-04-23,PQC
4266,PQC0018,VietJet Air,1.442.000 VND/khách,05:55,2025-05-03,06:55,2025-05-03,1h 0m,Hành lý xách tay 7 kg,Hành lý 0 kg,2025-04-23,PQC
4267,PQC0089,VietJet Air,1.442.000 VND/khách,14:05,2025-05-03,15:05,2025-05-03,1h 0m,Hành lý xách tay 7 kg,Hành lý 0 kg,2025-04-23,PQC
4268,PQC0133,VietJet Air,1.442.000 VND/khách,17:10,2025-05-03,18:15,2025-05-03,1h 5m,Hành lý xách tay 7 kg,Hành lý 0 kg,2025-04-23,PQC
4269,PQC0293,Vietnam Airlines,1.492.506 VND/khách,17:25,2025-05-03,18:25,2025-05-03,1h 0m,Hành lý xách tay 1 x 12 kg,Hành lý 23 kg,2025-04-23,PQC
4270,PQC0303,Vietnam Airlines,1.505.493 VND/khách,19:45,2025-05-03,20:45,2025-05-03,1h 0m,Hành lý xách tay 1 x 12 kg,Hành lý 23 kg,2025-04-23,PQC
4271,PQC0306,Vietnam Airlines,1.694.304 VND/khách,20:20,2025-05-03,21:20,2025-05-03,1h 0m,Hành lý xách tay 1 x 12 kg,Hành lý 23 kg,2025-04-23,PQC
4272,PQC0110,VietJet Air,1.734.000 VND/khách,15:40,2025-05-03,16:40,2025-05-03,1h 0m,Hành lý xách tay 7 kg,Hành lý 0 kg,2025-04-23,PQC
4273,PQC0204,Vietnam Airlines,1.738.260 VND/khách,08:10,2025-05-03,08:55,2025-05-03,45m,Hành lý xách tay 1 x 12 kg,Hành lý 23 kg,2025-04-23,PQC
4274,PQC0043,VietJet Air,1.823.000 VND/khách,09:20,2025-05-03,10:20,2025-05-03,1h 0m,Hành lý xách tay 7 kg,Hành lý 0 kg,2025-04-23,PQC
4275,PQC0270,Vietnam Airlines,1.845.882 VND/khách,15:05,2025-05-03,16:10,2025-05-03,1h 5m,Hành lý xách tay 1 x 12 kg,Hành lý 23 kg,2025-04-23,PQC
4276,PQC0067,VietJet Air,1.850.000 VND/khách,11:35,2025-05-03,12:35,2025-05-03,1h 0m,Hành lý xách tay 7 kg,Hành lý 0 kg,2025-04-23,PQC
4277,PQC0227,Vietnam Airlines,1.901.758 VND/khách,10:25,2025-05-03,11:25,2025-05-03,1h 0m,Hành lý xách tay 1 x 12 kg,Hành lý 23 kg,2025-04-23,PQC
4278,PQC0252,Vietnam Airlines,1.955.512 VND/khách,13:05,2025-05-03,14:00,2025-05-03,55m,Hành lý xách tay 1 x 12 kg,Hành lý 23 kg,2025-04-23,PQC
4283,PQC0004,Bamboo Airways,1.316.655 VND/khách,16:30,2025-05-04,17:30,2025-05-04,1h 0m,Hành lý xách tay 7 kg,Hành lý 0 kg,2025-04-23,PQC
4284,PQC0325,Vietravel Airlines,968.573 VND/khách,17:25,2025-05-04,18:25,2025-05-04,1h 0m,Hành lý xách tay 7 kg,Hành lý 0 kg,2025-04-23,PQC
4285,PQC0019,VietJet Air,1.065.000 VND/khách,05:55,2025-05-04,06:55,2025-05-04,1h 0m,Hành lý xách tay 7 kg,Hành lý 0 kg,2025-04-23,PQC
4286,PQC0111,VietJet Air,1.065.000 VND/khách,15:40,2025-05-04,16:40,2025-05-04,1h 0m,Hành lý xách tay 7 kg,Hành lý 0 kg,2025-04-23,PQC
4287,PQC0134,VietJet Air,1.065.000 VND/khách,17:10,2025-05-04,18:15,2025-05-04,1h 5m,Hành lý xách tay 7 kg,Hành lý 0 kg,2025-04-23,PQC
4288,PQC0169,Vietnam Airlines,1.097.901 VND/khách,05:25,2025-05-04,06:20,2025-05-04,55m,Hành lý xách tay 1 x 12 kg,Hành lý 23 kg,2025-04-23,PQC
4289,PQC0317,Vietnam Airlines,1.119.879 VND/khách,20:25,2025-05-04,21:25,2025-05-04,1h 0m,Hành lý xách tay 1 x 12 kg,Hành lý 23 kg,2025-04-23,PQC
4290,PQC0184,Vietnam Airlines,1.164.834 VND/khách,05:40,2025-05-04,06:40,2025-05-04,1h 0m,Hành lý xách tay 1 x 12 kg,Hành lý 23 kg,2025-04-23,PQC
4291,PQC0320,Vietnam Airlines,1.164.834 VND/khách,21:00,2025-05-04,22:00,2025-05-04,1h 0m,Hành lý xách tay 1 x 12 kg,Hành lý 23 kg,2025-04-23,PQC
4292,PQC0162,Vietnam Airlines,1.167.831 VND/khách,05:10,2025-05-04,06:10,2025-05-04,1h 0m,Hành lý xách tay 1 x 12 kg,Hành lý 23 kg,2025-04-23,PQC
4293,PQC0294,Vietnam Airlines,1.167.831 VND/khách,17:25,2025-05-04,18:25,2025-05-04,1h 0m,Hành lý xách tay 1 x 12 kg,Hành lý 23 kg,2025-04-23,PQC
4294,PQC0090,VietJet Air,1.177.000 VND/khách,14:05,2025-05-04,15:05,2025-05-04,1h 0m,Hành lý xách tay 7 kg,Hành lý 0 kg,2025-04-23,PQC
4295,PQC0044,VietJet Air,1.315.000 VND/khách,09:20,2025-05-04,10:20,2025-05-04,1h 0m,Hành lý xách tay 7 kg,Hành lý 0 kg,2025-04-23,PQC
4296,PQC0068,VietJet Air,1.315.000 VND/khách,11:35,2025-05-04,12:35,2025-05-04,1h 0m,Hành lý xách tay 7 kg,Hành lý 0 kg,2025-04-23,PQC
4297,PQC0004,Bamboo Airways,1.316.655 VND/khách,16:30,2025-05-04,17:30,2025-05-04,1h 0m,Hành lý xách tay 7 kg,Hành lý 0 kg,2025-04-23,PQC
4298,PQC0271,Vietnam Airlines,1.377.621 VND/khách,15:05,2025-05-04,16:10,2025-05-04,1h 5m,Hành lý xách tay 1 x 12 kg,Hành lý 23 kg,2025-04-23,PQC
4299,PQC0205,Vietnam Airlines,1.474.524 VND/khách,08:10,2025-05-04,08:55,2025-05-04,45m,Hành lý xách tay 1 x 12 kg,Hành lý 23 kg,2025-04-23,PQC
4300,PQC0253,Vietnam Airlines,1.577.421 VND/khách,13:05,2025-05-04,14:00,2025-05-04,55m,Hành lý xách tay 1 x 12 kg,Hành lý 23 kg,2025-04-23,PQC
4301,PQC0228,Vietnam Airlines,1.683.315 VND/khách,10:25,2025-05-04,11:25,2025-05-04,1h 0m,Hành lý xách tay 1 x 12 kg,Hành lý 23 kg,2025-04-23,PQC
4304,PQC0005,Bamboo Airways,1.153.459 VND/khách,16:30,2025-05-05,17:30,2025-05-05,1h 0m,Hành lý xách tay 7 kg,Hành lý 0 kg,2025-04-23,PQC
4305,PQC0326,Vietravel Airlines,760.095 VND/khách,17:25,2025-05-05,18:25,2025-05-05,1h 0m,Hành lý xách tay 7 kg,Hành lý 0 kg,2025-04-23,PQC
4306,PQC0135,VietJet Air,834.000 VND/khách,17:10,2025-05-05,18:15,2025-05-05,1h 5m,Hành lý xách tay 7 kg,Hành lý 0 kg,2025-04-23,PQC
4307,PQC0170,Vietnam Airlines,870.129 VND/khách,05:25,2025-05-05,06:20,2025-05-05,55m,Hành lý xách tay 1 x 12 kg,Hành lý 0 kg,2025-04-23,PQC
4308,PQC0020,VietJet Air,1.065.000 VND/khách,05:55,2025-05-05,06:55,2025-05-05,1h 0m,Hành lý xách tay 7 kg,Hành lý 0 kg,2025-04-23,PQC
4309,PQC0112,VietJet Air,1.065.000 VND/khách,15:40,2025-05-05,16:40,2025-05-05,1h 0m,Hành lý xách tay 7 kg,Hành lý 0 kg,2025-04-23,PQC
4310,PQC0091,VietJet Air,1.177.000 VND/khách,14:05,2025-05-05,15:05,2025-05-05,1h 0m,Hành lý xách tay 7 kg,Hành lý 0 kg,2025-04-23,PQC
4311,PQC0185,Vietnam Airlines,1.246.752 VND/khách,05:40,2025-05-05,06:40,2025-05-05,1h 0m,Hành lý xách tay 1 x 12 kg,Hành lý 23 kg,2025-04-23,PQC
4312,PQC0045,VietJet Air,1.319.000 VND/khách,09:20,2025-05-05,10:20,2025-05-05,1h 0m,Hành lý xách tay 7 kg,Hành lý 0 kg,2025-04-23,PQC
4313,PQC0069,VietJet Air,1.319.000 VND/khách,11:35,2025-05-05,12:35,2025-05-05,1h 0m,Hành lý xách tay 7 kg,Hành lý 0 kg,2025-04-23,PQC
4314,PQC0295,Vietnam Airlines,1.377.621 VND/khách,17:25,2025-05-05,18:25,2025-05-05,1h 0m,Hành lý xách tay 1 x 12 kg,Hành lý 23 kg,2025-04-23,PQC
4315,PQC0308,Vietnam Airlines,1.377.621 VND/khách,20:20,2025-05-05,21:20,2025-05-05,1h 0m,Hành lý xách tay 1 x 12 kg,Hành lý 23 kg,2025-04-23,PQC
4316,PQC0318,Vietnam Airlines,1.381.617 VND/khách,20:25,2025-05-05,21:25,2025-05-05,1h 0m,Hành lý xách tay 1 x 12 kg,Hành lý 23 kg,2025-04-23,PQC
4317,PQC0272,Vietnam Airlines,1.497.501 VND/khách,15:05,2025-05-05,16:10,2025-05-05,1h 5m,Hành lý xách tay 1 x 12 kg,Hành lý 23 kg,2025-04-23,PQC
4318,PQC0254,Vietnam Airlines,1.577.421 VND/khách,13:05,2025-05-05,14:00,2025-05-05,55m,Hành lý xách tay 1 x 12 kg,Hành lý 23 kg,2025-04-23,PQC
4319,PQC0206,Vietnam Airlines,1.698.300 VND/khách,08:10,2025-05-05,08:55,2025-05-05,45m,Hành lý xách tay 1 x 12 kg,Hành lý 23 kg,2025-04-23,PQC
4320,PQC0229,Vietnam Airlines,1.698.300 VND/khách,10:25,2025-05-05,11:25,2025-05-05,1h 0m,Hành lý xách tay 1 x 12 kg,Hành lý 23 kg,2025-04-23,PQC
4323,PQC0327,Vietravel Airlines,760.095 VND/khách,17:25,2025-05-06,18:25,2025-05-06,1h 0m,Hành lý xách tay 7 kg,Hành lý 0 kg,2025-04-23,PQC
4324,PQC0136,VietJet Air,834.000 VND/khách,17:10,2025-05-06,18:15,2025-05-06,1h 5m,Hành lý xách tay 7 kg,Hành lý 0 kg,2025-04-23,PQC
4325,PQC0021,VietJet Air,1.065.000 VND/khách,05:55,2025-05-06,06:55,2025-05-06,1h 0m,Hành lý xách tay 7 kg,Hành lý 0 kg,2025-04-23,PQC
4326,PQC0113,VietJet Air,1.065.000 VND/khách,15:40,2025-05-06,16:40,2025-05-06,1h 0m,Hành lý xách tay 7 kg,Hành lý 0 kg,2025-04-23,PQC
4327,PQC0064,VietJet Air,1.178.000 VND/khách,11:30,2025-05-06,12:30,2025-05-06,1h 0m,Hành lý xách tay 7 kg,Hành lý 0 kg,2025-04-23,PQC
4328,PQC0070,VietJet Air,1.178.000 VND/khách,11:35,2025-05-06,12:35,2025-05-06,1h 0m,Hành lý xách tay 7 kg,Hành lý 0 kg,2025-04-23,PQC
4329,PQC0092,VietJet Air,1.178.000 VND/khách,14:05,2025-05-06,15:05,2025-05-06,1h 0m,Hành lý xách tay 7 kg,Hành lý 0 kg,2025-04-23,PQC
4330,PQC0186,Vietnam Airlines,1.257.741 VND/khách,05:40,2025-05-06,06:40,2025-05-06,1h 0m,Hành lý xách tay 1 x 12 kg,Hành lý 23 kg,2025-04-23,PQC
4331,PQC0046,VietJet Air,1.319.000 VND/khách,09:20,2025-05-06,10:20,2025-05-06,1h 0m,Hành lý xách tay 7 kg,Hành lý 0 kg,2025-04-23,PQC
4332,PQC0273,Vietnam Airlines,1.500.498 VND/khách,15:05,2025-05-06,16:10,2025-05-06,1h 5m,Hành lý xách tay 1 x 12 kg,Hành lý 23 kg,2025-04-23,PQC
4333,PQC0207,Vietnam Airlines,1.578.420 VND/khách,08:10,2025-05-06,08:55,2025-05-06,45m,Hành lý xách tay 1 x 12 kg,Hành lý 23 kg,2025-04-23,PQC
4334,PQC0255,Vietnam Airlines,1.578.420 VND/khách,13:05,2025-05-06,14:00,2025-05-06,55m,Hành lý xách tay 1 x 12 kg,Hành lý 23 kg,2025-04-23,PQC
4335,PQC0230,Vietnam Airlines,1.691.307 VND/khách,10:25,2025-05-06,11:25,2025-05-06,1h 0m,Hành lý xách tay 1 x 12 kg,Hành lý 23 kg,2025-04-23,PQC
4339,PQC0006,Bamboo Airways,839.154 VND/khách,16:30,2025-05-07,17:30,2025-05-07,1h 0m,Hành lý xách tay 7 kg,Hành lý 0 kg,2025-04-23,PQC
4340,PQC0328,Vietravel Airlines,760.095 VND/khách,17:25,2025-05-07,18:25,2025-05-07,1h 0m,Hành lý xách tay 7 kg,Hành lý 0 kg,2025-04-23,PQC
4341,PQC0022,VietJet Air,834.000 VND/khách,05:55,2025-05-07,06:55,2025-05-07,1h 0m,Hành lý xách tay 7 kg,Hành lý 0 kg,2025-04-23,PQC
4342,PQC0137,VietJet Air,834.000 VND/khách,17:10,2025-05-07,18:15,2025-05-07,1h 5m,Hành lý xách tay 7 kg,Hành lý 0 kg,2025-04-23,PQC
4343,PQC0114,VietJet Air,1.065.000 VND/khách,15:40,2025-05-07,16:40,2025-05-07,1h 0m,Hành lý xách tay 7 kg,Hành lý 0 kg,2025-04-23,PQC
4344,PQC0071,VietJet Air,1.177.000 VND/khách,11:35,2025-05-07,12:35,2025-05-07,1h 0m,Hành lý xách tay 7 kg,Hành lý 0 kg,2025-04-23,PQC
4345,PQC0093,VietJet Air,1.177.000 VND/khách,14:05,2025-05-07,15:05,2025-05-07,1h 0m,Hành lý xách tay 7 kg,Hành lý 0 kg,2025-04-23,PQC
4346,PQC0187,Vietnam Airlines,1.242.756 VND/khách,05:40,2025-05-07,06:40,2025-05-07,1h 0m,Hành lý xách tay 1 x 12 kg,Hành lý 23 kg,2025-04-23,PQC
4347,PQC0047,VietJet Air,1.315.000 VND/khách,09:20,2025-05-07,10:20,2025-05-07,1h 0m,Hành lý xách tay 7 kg,Hành lý 0 kg,2025-04-23,PQC
4348,PQC0208,Vietnam Airlines,1.577.421 VND/khách,08:10,2025-05-07,08:55,2025-05-07,45m,Hành lý xách tay 1 x 12 kg,Hành lý 23 kg,2025-04-23,PQC
4349,PQC0274,Vietnam Airlines,1.577.421 VND/khách,15:05,2025-05-07,16:10,2025-05-07,1h 5m,Hành lý xách tay 1 x 12 kg,Hành lý 23 kg,2025-04-23,PQC
4350,PQC0231,Vietnam Airlines,1.683.315 VND/khách,10:25,2025-05-07,11:25,2025-05-07,1h 0m,Hành lý xách tay 1 x 12 kg,Hành lý 23 kg,2025-04-23,PQC
4351,PQC0256,Vietnam Airlines,1.888.110 VND/khách,13:05,2025-05-07,14:00,2025-05-07,55m,Hành lý xách tay 1 x 12 kg,Hành lý 23 kg,2025-04-23,PQC
4354,PQC0023,VietJet Air,1.065.000 VND/khách,05:55,2025-05-08,06:55,2025-05-08,1h 0m,Hành lý xách tay 7 kg,Hành lý 0 kg,2025-04-23,PQC
4355,PQC0329,Vietravel Airlines,1.070.318 VND/khách,17:25,2025-05-08,18:25,2025-05-08,1h 0m,Hành lý xách tay 7 kg,Hành lý 0 kg,2025-04-23,PQC
4356,PQC0072,VietJet Air,1.319.000 VND/khách,11:35,2025-05-08,12:35,2025-05-08,1h 0m,Hành lý xách tay 7 kg,Hành lý 0 kg,2025-04-23,PQC
4357,PQC0094,VietJet Air,1.319.000 VND/khách,14:05,2025-05-08,15:05,2025-05-08,1h 0m,Hành lý xách tay 7 kg,Hành lý 0 kg,2025-04-23,PQC
4358,PQC0115,VietJet Air,1.319.000 VND/khách,15:40,2025-05-08,16:40,2025-05-08,1h 0m,Hành lý xách tay 7 kg,Hành lý 0 kg,2025-04-23,PQC
4359,PQC0038,VietJet Air,1.319.000 VND/khách,08:25,2025-05-08,09:30,2025-05-08,1h 5m,Hành lý xách tay 7 kg,Hành lý 0 kg,2025-04-23,PQC
4360,PQC0138,VietJet Air,1.319.000 VND/khách,17:10,2025-05-08,18:15,2025-05-08,1h 5m,Hành lý xách tay 7 kg,Hành lý 0 kg,2025-04-23,PQC
4361,PQC0155,VietJet Air,1.319.000 VND/khách,17:40,2025-05-08,18:45,2025-05-08,1h 5m,Hành lý xách tay 7 kg,Hành lý 0 kg,2025-04-23,PQC
4362,PQC0048,VietJet Air,1.353.000 VND/khách,09:20,2025-05-08,10:20,2025-05-08,1h 0m,Hành lý xách tay 7 kg,Hành lý 0 kg,2025-04-23,PQC
4363,PQC0188,Vietnam Airlines,1.381.617 VND/khách,05:40,2025-05-08,06:40,2025-05-08,1h 0m,Hành lý xách tay 1 x 12 kg,Hành lý 23 kg,2025-04-23,PQC
4364,PQC0275,Vietnam Airlines,1.687.311 VND/khách,15:05,2025-05-08,16:10,2025-05-08,1h 5m,Hành lý xách tay 1 x 12 kg,Hành lý 23 kg,2025-04-23,PQC
4365,PQC0209,Vietnam Airlines,1.738.260 VND/khách,08:10,2025-05-08,08:55,2025-05-08,45m,Hành lý xách tay 1 x 12 kg,Hành lý 23 kg,2025-04-23,PQC
4366,PQC0257,Vietnam Airlines,1.738.260 VND/khách,13:05,2025-05-08,14:00,2025-05-08,55m,Hành lý xách tay 1 x 12 kg,Hành lý 23 kg,2025-04-23,PQC
4367,PQC0232,Vietnam Airlines,1.738.260 VND/khách,10:25,2025-05-08,11:25,2025-05-08,1h 0m,Hành lý xách tay 1 x 12 kg,Hành lý 23 kg,2025-04-23,PQC
4371,PQC0007,Bamboo Airways,1.393.000 VND/khách,16:30,2025-05-09,17:30,2025-05-09,1h 0m,Hành lý xách tay 7 kg,Hành lý 0 kg,2025-04-23,PQC
4372,PQC0330,Vietravel Airlines,1.148.123 VND/khách,17:25,2025-05-09,18:25,2025-05-09,1h 0m,Hành lý xách tay 7 kg,Hành lý 0 kg,2025-04-23,PQC
4373,PQC0116,VietJet Air,1.319.000 VND/khách,15:40,2025-05-09,16:40,2025-05-09,1h 0m,Hành lý xách tay 7 kg,Hành lý 0 kg,2025-04-23,PQC
4374,PQC0139,VietJet Air,1.319.000 VND/khách,17:10,2025-05-09,18:15,2025-05-09,1h 5m,Hành lý xách tay 7 kg,Hành lý 0 kg,2025-04-23,PQC
4375,PQC0189,Vietnam Airlines,1.496.502 VND/khách,05:40,2025-05-09,06:40,2025-05-09,1h 0m,Hành lý xách tay 1 x 12 kg,Hành lý 23 kg,2025-04-23,PQC
4376,PQC0024,VietJet Air,1.622.000 VND/khách,05:55,2025-05-09,06:55,2025-05-09,1h 0m,Hành lý xách tay 7 kg,Hành lý 0 kg,2025-04-23,PQC
4377,PQC0095,VietJet Air,1.622.000 VND/khách,14:05,2025-05-09,15:05,2025-05-09,1h 0m,Hành lý xách tay 7 kg,Hành lý 0 kg,2025-04-23,PQC
4378,PQC0309,Vietnam Airlines,1.683.315 VND/khách,20:20,2025-05-09,21:20,2025-05-09,1h 0m,Hành lý xách tay 1 x 12 kg,Hành lý 23 kg,2025-04-23,PQC
4379,PQC0049,VietJet Air,1.734.000 VND/khách,09:20,2025-05-09,10:20,2025-05-09,1h 0m,Hành lý xách tay 7 kg,Hành lý 0 kg,2025-04-23,PQC
4380,PQC0073,VietJet Air,1.734.000 VND/khách,11:35,2025-05-09,12:35,2025-05-09,1h 0m,Hành lý xách tay 7 kg,Hành lý 0 kg,2025-04-23,PQC
4381,PQC0276,Vietnam Airlines,1.738.260 VND/khách,15:05,2025-05-09,16:10,2025-05-09,1h 5m,Hành lý xách tay 1 x 12 kg,Hành lý 23 kg,2025-04-23,PQC
4382,PQC0249,Vietnam Airlines,1.845.882 VND/khách,13:00,2025-05-09,14:00,2025-05-09,1h 0m,Hành lý xách tay 1 x 12 kg,Hành lý 23 kg,2025-04-23,PQC
4383,PQC0233,Vietnam Airlines,1.955.512 VND/khách,10:25,2025-05-09,11:25,2025-05-09,1h 0m,Hành lý xách tay 1 x 12 kg,Hành lý 23 kg,2025-04-23,PQC
4384,PQC0210,Vietnam Airlines,2.000.997 VND/khách,08:10,2025-05-09,08:55,2025-05-09,45m,Hành lý xách tay 1 x 12 kg,Hành lý 23 kg,2025-04-23,PQC
4387,PQC0331,Vietravel Airlines,894.758 VND/khách,17:25,2025-05-10,18:25,2025-05-10,1h 0m,Hành lý xách tay 7 kg,Hành lý 0 kg,2025-04-23,PQC
4388,PQC0140,VietJet Air,1.065.000 VND/khách,17:10,2025-05-10,18:15,2025-05-10,1h 5m,Hành lý xách tay 7 kg,Hành lý 0 kg,2025-04-23,PQC
4389,PQC0117,VietJet Air,1.177.000 VND/khách,15:40,2025-05-10,16:40,2025-05-10,1h 0m,Hành lý xách tay 7 kg,Hành lý 0 kg,2025-04-23,PQC
4390,PQC0074,VietJet Air,1.315.000 VND/khách,11:35,2025-05-10,12:35,2025-05-10,1h 0m,Hành lý xách tay 7 kg,Hành lý 0 kg,2025-04-23,PQC
4391,PQC0096,VietJet Air,1.315.000 VND/khách,14:05,2025-05-10,15:05,2025-05-10,1h 0m,Hành lý xách tay 7 kg,Hành lý 0 kg,2025-04-23,PQC
4392,PQC0025,VietJet Air,1.442.000 VND/khách,05:55,2025-05-10,06:55,2025-05-10,1h 0m,Hành lý xách tay 7 kg,Hành lý 0 kg,2025-04-23,PQC
4393,PQC0050,VietJet Air,1.442.000 VND/khách,09:20,2025-05-10,10:20,2025-05-10,1h 0m,Hành lý xách tay 7 kg,Hành lý 0 kg,2025-04-23,PQC
4394,PQC0277,Vietnam Airlines,1.694.304 VND/khách,15:05,2025-05-10,16:10,2025-05-10,1h 5m,Hành lý xách tay 1 x 12 kg,Hành lý 23 kg,2025-04-23,PQC
4395,PQC0258,Vietnam Airlines,1.738.260 VND/khách,13:05,2025-05-10,14:00,2025-05-10,55m,Hành lý xách tay 1 x 12 kg,Hành lý 23 kg,2025-04-23,PQC
4396,PQC0211,Vietnam Airlines,1.845.882 VND/khách,08:10,2025-05-10,08:55,2025-05-10,45m,Hành lý xách tay 1 x 12 kg,Hành lý 23 kg,2025-04-23,PQC
4397,PQC0190,Vietnam Airlines,1.845.882 VND/khách,05:40,2025-05-10,06:40,2025-05-10,1h 0m,Hành lý xách tay 1 x 12 kg,Hành lý 23 kg,2025-04-23,PQC
4398,PQC0234,Vietnam Airlines,1.901.758 VND/khách,10:25,2025-05-10,11:25,2025-05-10,1h 0m,Hành lý xách tay 1 x 12 kg,Hành lý 23 kg,2025-04-23,PQC
4402,PQC0008,Bamboo Airways,839.154 VND/khách,16:30,2025-05-11,17:30,2025-05-11,1h 0m,Hành lý xách tay 7 kg,Hành lý 0 kg,2025-04-23,PQC
4403,PQC0332,Vietravel Airlines,760.095 VND/khách,17:25,2025-05-11,18:25,2025-05-11,1h 0m,Hành lý xách tay 7 kg,Hành lý 0 kg,2025-04-23,PQC
4404,PQC0118,VietJet Air,834.000 VND/khách,15:40,2025-05-11,16:40,2025-05-11,1h 0m,Hành lý xách tay 7 kg,Hành lý 0 kg,2025-04-23,PQC
4405,PQC0141,VietJet Air,834.000 VND/khách,17:10,2025-05-11,18:15,2025-05-11,1h 5m,Hành lý xách tay 7 kg,Hành lý 0 kg,2025-04-23,PQC
4406,PQC0026,VietJet Air,1.091.000 VND/khách,05:55,2025-05-11,06:55,2025-05-11,1h 0m,Hành lý xách tay 7 kg,Hành lý 0 kg,2025-04-23,PQC
4407,PQC0310,Vietnam Airlines,1.149.849 VND/khách,20:20,2025-05-11,21:20,2025-05-11,1h 0m,Hành lý xách tay 1 x 12 kg,Hành lý 23 kg,2025-04-23,PQC
4408,PQC0075,VietJet Air,1.177.000 VND/khách,11:35,2025-05-11,12:35,2025-05-11,1h 0m,Hành lý xách tay 7 kg,Hành lý 0 kg,2025-04-23,PQC
4409,PQC0097,VietJet Air,1.177.000 VND/khách,14:05,2025-05-11,15:05,2025-05-11,1h 0m,Hành lý xách tay 7 kg,Hành lý 0 kg,2025-04-23,PQC
4410,PQC0051,VietJet Air,1.185.000 VND/khách,09:20,2025-05-11,10:20,2025-05-11,1h 0m,Hành lý xách tay 7 kg,Hành lý 0 kg,2025-04-23,PQC
4411,PQC0191,Vietnam Airlines,1.280.718 VND/khách,05:40,2025-05-11,06:40,2025-05-11,1h 0m,Hành lý xách tay 1 x 12 kg,Hành lý 23 kg,2025-04-23,PQC
4412,PQC0278,Vietnam Airlines,1.377.621 VND/khách,15:05,2025-05-11,16:10,2025-05-11,1h 5m,Hành lý xách tay 1 x 12 kg,Hành lý 23 kg,2025-04-23,PQC
4413,PQC0259,Vietnam Airlines,1.492.506 VND/khách,13:05,2025-05-11,14:00,2025-05-11,55m,Hành lý xách tay 1 x 12 kg,Hành lý 23 kg,2025-04-23,PQC
4414,PQC0235,Vietnam Airlines,1.492.506 VND/khách,10:25,2025-05-11,11:25,2025-05-11,1h 0m,Hành lý xách tay 1 x 12 kg,Hành lý 23 kg,2025-04-23,PQC
4415,PQC0212,Vietnam Airlines,1.577.421 VND/khách,08:10,2025-05-11,08:55,2025-05-11,45m,Hành lý xách tay 1 x 12 kg,Hành lý 23 kg,2025-04-23,PQC
4418,PQC0010,Bamboo Airways,1.230.020 VND/khách,16:30,2025-04-23,17:30,2025-04-23,1h 0m,Hành lý xách tay 7 kg,Hành lý 0 kg,2025-04-23,PQC
4419,PQC0335,Vietravel Airlines,1.188.023 VND/khách,17:25,2025-04-23,18:25,2025-04-23,1h 0m,Hành lý xách tay 7 kg,Hành lý 0 kg,2025-04-23,PQC
4420,PQC0129,VietJet Air,1.200.000 VND/khách,16:25,2025-04-23,17:25,2025-04-23,1h 0m,Hành lý xách tay 7 kg,Hành lý 0 kg,2025-04-23,PQC
4421,PQC0157,VietJet Air,1.200.000 VND/khách,17:40,2025-04-23,18:40,2025-04-23,1h 0m,Hành lý xách tay 7 kg,Hành lý 0 kg,2025-04-23,PQC
4422,PQC0100,VietJet Air,1.347.000 VND/khách,14:05,2025-04-23,15:05,2025-04-23,1h 0m,Hành lý xách tay 7 kg,Hành lý 0 kg,2025-04-23,PQC
4423,PQC0063,VietJet Air,1.464.000 VND/khách,10:20,2025-04-23,11:15,2025-04-23,55m,Hành lý xách tay 7 kg,Hành lý 0 kg,2025-04-23,PQC
4424,PQC0281,Vietnam Airlines,1.827.820 VND/khách,15:05,2025-04-23,16:10,2025-04-23,1h 5m,Hành lý xách tay 1 x 12 kg,Hành lý 23 kg,2025-04-23,PQC
4425,PQC0216,Vietnam Airlines,1.921.252 VND/khách,08:10,2025-04-23,09:15,2025-04-23,1h 5m,Hành lý xách tay 1 x 12 kg,Hành lý 23 kg,2025-04-23,PQC
4426,PQC0078,VietJet Air,1.964.000 VND/khách,11:35,2025-04-23,12:35,2025-04-23,1h 0m,Hành lý xách tay 7 kg,Hành lý 0 kg,2025-04-23,PQC
4427,PQC0238,Vietnam Airlines,1.979.244 VND/khách,10:25,2025-04-23,11:25,2025-04-23,1h 0m,Hành lý xách tay 1 x 12 kg,Hành lý 23 kg,2025-04-23,PQC
4428,PQC0030,VietJet Air,1.196.000 VND/khách,05:55,2025-04-24,06:55,2025-04-24,1h 0m,Hành lý xách tay 7 kg,Hành lý 0 kg,2025-04-23,PQC
4429,PQC0336,Vietravel Airlines,1.344.195 VND/khách,17:25,2025-04-24,18:25,2025-04-24,1h 0m,Hành lý xách tay 7 kg,Hành lý 0 kg,2025-04-23,PQC
4430,PQC0079,VietJet Air,1.461.000 VND/khách,11:35,2025-04-24,12:35,2025-04-24,1h 0m,Hành lý xách tay 7 kg,Hành lý 0 kg,2025-04-23,PQC
4431,PQC0101,VietJet Air,1.461.000 VND/khách,14:05,2025-04-24,15:05,2025-04-24,1h 0m,Hành lý xách tay 7 kg,Hành lý 0 kg,2025-04-23,PQC
4432,PQC0130,VietJet Air,1.461.000 VND/khách,16:30,2025-04-24,17:30,2025-04-24,1h 0m,Hành lý xách tay 7 kg,Hành lý 0 kg,2025-04-23,PQC
4433,PQC0195,Vietnam Airlines,1.702.296 VND/khách,05:40,2025-04-24,06:40,2025-04-24,1h 0m,Hành lý xách tay 1 x 12 kg,Hành lý 23 kg,2025-04-23,PQC
4434,PQC0282,Vietnam Airlines,1.901.758 VND/khách,15:05,2025-04-24,16:10,2025-04-24,1h 5m,Hành lý xách tay 1 x 12 kg,Hành lý 23 kg,2025-04-23,PQC
4435,PQC0039,VietJet Air,1.913.109 VND/khách,08:25,2025-04-24,09:30,2025-04-24,1h 5m,Hành lý xách tay 7 kg,Hành lý 0 kg,2025-04-23,PQC
4436,PQC0217,Vietnam Airlines,1.955.512 VND/khách,08:10,2025-04-24,08:55,2025-04-24,45m,Hành lý xách tay 1 x 12 kg,Hành lý 23 kg,2025-04-23,PQC
4437,PQC0239,Vietnam Airlines,1.960.687 VND/khách,10:25,2025-04-24,11:25,2025-04-24,1h 0m,Hành lý xách tay 1 x 12 kg,Hành lý 23 kg,2025-04-23,PQC
4438,PQC0263,Vietnam Airlines,1.971.027 VND/khách,13:05,2025-04-24,14:00,2025-04-24,55m,Hành lý xách tay 1 x 12 kg,Hành lý 23 kg,2025-04-23,PQC
4439,PQC0011,Bamboo Airways,1.403.291 VND/khách,16:30,2025-04-25,17:30,2025-04-25,1h 0m,Hành lý xách tay 7 kg,Hành lý 0 kg,2025-04-23,PQC
4440,PQC0337,Vietravel Airlines,1.148.123 VND/khách,17:25,2025-04-25,18:25,2025-04-25,1h 0m,Hành lý xách tay 7 kg,Hành lý 0 kg,2025-04-23,PQC
4441,PQC0031,VietJet Air,1.315.000 VND/khách,05:55,2025-04-25,06:55,2025-04-25,1h 0m,Hành lý xách tay 7 kg,Hành lý 0 kg,2025-04-23,PQC
4442,PQC0056,VietJet Air,1.315.000 VND/khách,09:20,2025-04-25,10:20,2025-04-25,1h 0m,Hành lý xách tay 7 kg,Hành lý 0 kg,2025-04-23,PQC
4443,PQC0102,VietJet Air,1.319.000 VND/khách,14:05,2025-04-25,15:05,2025-04-25,1h 0m,Hành lý xách tay 7 kg,Hành lý 0 kg,2025-04-23,PQC
4444,PQC0146,VietJet Air,1.442.000 VND/khách,17:10,2025-04-25,18:15,2025-04-25,1h 5m,Hành lý xách tay 7 kg,Hành lý 0 kg,2025-04-23,PQC
4445,PQC0080,VietJet Air,1.622.000 VND/khách,11:35,2025-04-25,12:35,2025-04-25,1h 0m,Hành lý xách tay 7 kg,Hành lý 0 kg,2025-04-23,PQC
4446,PQC0296,Vietnam Airlines,1.769.229 VND/khách,17:25,2025-04-25,18:25,2025-04-25,1h 0m,Hành lý xách tay 1 x 12 kg,Hành lý 23 kg,2025-04-23,PQC
4447,PQC0311,Vietnam Airlines,1.900.098 VND/khách,20:20,2025-04-25,21:20,2025-04-25,1h 0m,Hành lý xách tay 1 x 12 kg,Hành lý 23 kg,2025-04-23,PQC
4448,PQC0283,Vietnam Airlines,2.000.997 VND/khách,15:05,2025-04-25,16:10,2025-04-25,1h 5m,Hành lý xách tay 1 x 12 kg,Hành lý 23 kg,2025-04-23,PQC
4449,PQC0218,Vietnam Airlines,2.011.986 VND/khách,08:10,2025-04-25,08:55,2025-04-25,45m,Hành lý xách tay 1 x 12 kg,Hành lý 23 kg,2025-04-23,PQC
4450,PQC0240,Vietnam Airlines,2.011.986 VND/khách,10:25,2025-04-25,11:25,2025-04-25,1h 0m,Hành lý xách tay 1 x 12 kg,Hành lý 23 kg,2025-04-23,PQC
4451,PQC0250,Vietnam Airlines,2.011.986 VND/khách,13:00,2025-04-25,14:00,2025-04-25,1h 0m,Hành lý xách tay 1 x 12 kg,Hành lý 23 kg,2025-04-23,PQC
4452,PQC0165,Vietnam Airlines,2.015.982 VND/khách,05:15,2025-04-25,06:15,2025-04-25,1h 0m,Hành lý xách tay 1 x 12 kg,Hành lý 23 kg,2025-04-23,PQC
4455,PQC0338,Vietravel Airlines,1.222.935 VND/khách,17:25,2025-04-26,18:25,2025-04-26,1h 0m,Hành lý xách tay 7 kg,Hành lý 0 kg,2025-04-23,PQC
4456,PQC0297,Vietnam Airlines,1.709.289 VND/khách,17:25,2025-04-26,18:25,2025-04-26,1h 0m,Hành lý xách tay 1 x 12 kg,Hành lý 23 kg,2025-04-23,PQC
4457,PQC0312,Vietnam Airlines,1.762.236 VND/khách,20:20,2025-04-26,21:20,2025-04-26,1h 0m,Hành lý xách tay 1 x 12 kg,Hành lý 23 kg,2025-04-23,PQC
4458,PQC0032,VietJet Air,1.939.000 VND/khách,05:55,2025-04-26,06:55,2025-04-26,1h 0m,Hành lý xách tay 7 kg,Hành lý 0 kg,2025-04-23,PQC
4459,PQC0081,VietJet Air,1.939.000 VND/khách,11:35,2025-04-26,12:35,2025-04-26,1h 0m,Hành lý xách tay 7 kg,Hành lý 0 kg,2025-04-23,PQC
4460,PQC0103,VietJet Air,1.939.000 VND/khách,14:05,2025-04-26,15:05,2025-04-26,1h 0m,Hành lý xách tay 7 kg,Hành lý 0 kg,2025-04-23,PQC
4461,PQC0124,VietJet Air,1.939.000 VND/khách,15:40,2025-04-26,16:40,2025-04-26,1h 0m,Hành lý xách tay 7 kg,Hành lý 0 kg,2025-04-23,PQC
4462,PQC0147,VietJet Air,1.939.000 VND/khách,17:10,2025-04-26,18:15,2025-04-26,1h 5m,Hành lý xách tay 7 kg,Hành lý 0 kg,2025-04-23,PQC
4463,PQC0284,Vietnam Airlines,1.982.016 VND/khách,15:05,2025-04-26,16:10,2025-04-26,1h 5m,Hành lý xách tay 1 x 12 kg,Hành lý 23 kg,2025-04-23,PQC
4464,PQC0219,Vietnam Airlines,1.990.008 VND/khách,08:10,2025-04-26,08:55,2025-04-26,45m,Hành lý xách tay 1 x 12 kg,Hành lý 23 kg,2025-04-23,PQC
4465,PQC0057,VietJet Air,2.101.858 VND/khách,09:20,2025-04-26,10:20,2025-04-26,1h 0m,Hành lý xách tay 7 kg,Hành lý 0 kg,2025-04-23,PQC
4468,PQC0012,Bamboo Airways,1.109.134 VND/khách,16:30,2025-04-27,17:30,2025-04-27,1h 0m,Hành lý xách tay 7 kg,Hành lý 0 kg,2025-04-23,PQC
4469,PQC0339,Vietravel Airlines,1.070.318 VND/khách,17:25,2025-04-27,18:25,2025-04-27,1h 0m,Hành lý xách tay 7 kg,Hành lý 0 kg,2025-04-23,PQC
4470,PQC0163,Vietnam Airlines,1.370.628 VND/khách,05:10,2025-04-27,06:10,2025-04-27,1h 0m,Hành lý xách tay 1 x 12 kg,Hành lý 23 kg,2025-04-23,PQC
4471,PQC0302,Vietnam Airlines,1.392.606 VND/khách,19:20,2025-04-27,20:20,2025-04-27,1h 0m,Hành lý xách tay 1 x 12 kg,Hành lý 23 kg,2025-04-23,PQC
4472,PQC0033,VietJet Air,1.442.000 VND/khách,05:55,2025-04-27,06:55,2025-04-27,1h 0m,Hành lý xách tay 7 kg,Hành lý 0 kg,2025-04-23,PQC
4473,PQC0313,Vietnam Airlines,1.478.520 VND/khách,20:20,2025-04-27,21:20,2025-04-27,1h 0m,Hành lý xách tay 1 x 12 kg,Hành lý 23 kg,2025-04-23,PQC
4474,PQC0148,VietJet Air,1.622.000 VND/khách,17:10,2025-04-27,18:15,2025-04-27,1h 5m,Hành lý xách tay 7 kg,Hành lý 0 kg,2025-04-23,PQC
4475,PQC0104,VietJet Air,1.734.000 VND/khách,14:05,2025-04-27,15:05,2025-04-27,1h 0m,Hành lý xách tay 7 kg,Hành lý 0 kg,2025-04-23,PQC
4476,PQC0285,Vietnam Airlines,1.766.232 VND/khách,15:05,2025-04-27,16:10,2025-04-27,1h 5m,Hành lý xách tay 1 x 12 kg,Hành lý 23 kg,2025-04-23,PQC
4477,PQC0125,VietJet Air,1.823.000 VND/khách,15:40,2025-04-27,16:40,2025-04-27,1h 0m,Hành lý xách tay 7 kg,Hành lý 0 kg,2025-04-23,PQC
4478,PQC0082,VietJet Air,1.850.000 VND/khách,11:35,2025-04-27,12:35,2025-04-27,1h 0m,Hành lý xách tay 7 kg,Hành lý 0 kg,2025-04-23,PQC
4479,PQC0242,Vietnam Airlines,1.915.083 VND/khách,10:25,2025-04-27,11:25,2025-04-27,1h 0m,Hành lý xách tay 1 x 12 kg,Hành lý 23 kg,2025-04-23,PQC
4480,PQC0220,Vietnam Airlines,1.975.023 VND/khách,08:10,2025-04-27,08:55,2025-04-27,45m,Hành lý xách tay 1 x 12 kg,Hành lý 23 kg,2025-04-23,PQC
4481,PQC0265,Vietnam Airlines,1.979.019 VND/khách,13:05,2025-04-27,14:00,2025-04-27,55m,Hành lý xách tay 1 x 12 kg,Hành lý 23 kg,2025-04-23,PQC
4484,PQC0013,Bamboo Airways,1.244.605 VND/khách,16:30,2025-04-28,17:30,2025-04-28,1h 0m,Hành lý xách tay 7 kg,Hành lý 0 kg,2025-04-23,PQC
4485,PQC0340,Vietravel Airlines,1.070.318 VND/khách,17:25,2025-04-28,18:25,2025-04-28,1h 0m,Hành lý xách tay 7 kg,Hành lý 0 kg,2025-04-23,PQC
4486,PQC0034,VietJet Air,1.177.000 VND/khách,05:55,2025-04-28,06:55,2025-04-28,1h 0m,Hành lý xách tay 7 kg,Hành lý 0 kg,2025-04-23,PQC
4487,PQC0199,Vietnam Airlines,1.385.613 VND/khách,05:40,2025-04-28,06:40,2025-04-28,1h 0m,Hành lý xách tay 1 x 12 kg,Hành lý 23 kg,2025-04-23,PQC
4488,PQC0298,Vietnam Airlines,1.500.498 VND/khách,17:25,2025-04-28,18:25,2025-04-28,1h 0m,Hành lý xách tay 1 x 12 kg,Hành lý 23 kg,2025-04-23,PQC
4489,PQC0178,Vietnam Airlines,1.577.421 VND/khách,05:25,2025-04-28,06:20,2025-04-28,55m,Hành lý xách tay 1 x 12 kg,Hành lý 23 kg,2025-04-23,PQC
4490,PQC0149,VietJet Air,1.622.000 VND/khách,17:10,2025-04-28,18:15,2025-04-28,1h 5m,Hành lý xách tay 7 kg,Hành lý 0 kg,2025-04-23,PQC
4491,PQC0221,Vietnam Airlines,1.683.315 VND/khách,08:10,2025-04-28,08:55,2025-04-28,45m,Hành lý xách tay 1 x 12 kg,Hành lý 23 kg,2025-04-23,PQC
4492,PQC0105,VietJet Air,1.734.000 VND/khách,14:05,2025-04-28,15:05,2025-04-28,1h 0m,Hành lý xách tay 7 kg,Hành lý 0 kg,2025-04-23,PQC
4493,PQC0314,Vietnam Airlines,1.769.229 VND/khách,20:20,2025-04-28,21:20,2025-04-28,1h 0m,Hành lý xách tay 1 x 12 kg,Hành lý 23 kg,2025-04-23,PQC
4494,PQC0059,VietJet Air,1.823.000 VND/khách,09:20,2025-04-28,10:20,2025-04-28,1h 0m,Hành lý xách tay 7 kg,Hành lý 0 kg,2025-04-23,PQC
4495,PQC0083,VietJet Air,1.823.000 VND/khách,11:35,2025-04-28,12:35,2025-04-28,1h 0m,Hành lý xách tay 7 kg,Hành lý 0 kg,2025-04-23,PQC
4496,PQC0126,VietJet Air,1.850.000 VND/khách,15:40,2025-04-28,16:40,2025-04-28,1h 0m,Hành lý xách tay 7 kg,Hành lý 0 kg,2025-04-23,PQC
4497,PQC0286,Vietnam Airlines,1.930.068 VND/khách,15:05,2025-04-28,16:10,2025-04-28,1h 5m,Hành lý xách tay 1 x 12 kg,Hành lý 23 kg,2025-04-23,PQC
4498,PQC0266,Vietnam Airlines,2.011.986 VND/khách,13:05,2025-04-28,14:00,2025-04-28,55m,Hành lý xách tay 1 x 12 kg,Hành lý 23 kg,2025-04-23,PQC
4499,PQC0243,Vietnam Airlines,2.011.986 VND/khách,10:25,2025-04-28,11:25,2025-04-28,1h 0m,Hành lý xách tay 1 x 12 kg,Hành lý 23 kg,2025-04-23,PQC
4502,PQC0341,Vietravel Airlines,1.657.845 VND/khách,17:25,2025-04-29,18:25,2025-04-29,1h 0m,Hành lý xách tay 7 kg,Hành lý 0 kg,2025-04-23,PQC
4503,PQC0200,Vietnam Airlines,1.803.195 VND/khách,05:40,2025-04-29,06:40,2025-04-29,1h 0m,Hành lý xách tay 1 x 12 kg,Hành lý 23 kg,2025-04-23,PQC
4504,PQC0040,VietJet Air,1.823.000 VND/khách,08:25,2025-04-29,09:30,2025-04-29,1h 5m,Hành lý xách tay 7 kg,Hành lý 0 kg,2025-04-23,PQC
4505,PQC0035,VietJet Air,1.824.000 VND/khách,05:55,2025-04-29,06:55,2025-04-29,1h 0m,Hành lý xách tay 7 kg,Hành lý 0 kg,2025-04-23,PQC
4506,PQC0084,VietJet Air,1.850.000 VND/khách,11:35,2025-04-29,12:35,2025-04-29,1h 0m,Hành lý xách tay 7 kg,Hành lý 0 kg,2025-04-23,PQC
4507,PQC0106,VietJet Air,1.850.000 VND/khách,14:05,2025-04-29,15:05,2025-04-29,1h 0m,Hành lý xách tay 7 kg,Hành lý 0 kg,2025-04-23,PQC
4508,PQC0127,VietJet Air,1.850.000 VND/khách,15:40,2025-04-29,16:40,2025-04-29,1h 0m,Hành lý xách tay 7 kg,Hành lý 0 kg,2025-04-23,PQC
4509,PQC0060,VietJet Air,1.879.000 VND/khách,09:20,2025-04-29,10:20,2025-04-29,1h 0m,Hành lý xách tay 7 kg,Hành lý 0 kg,2025-04-23,PQC
4510,PQC0299,Vietnam Airlines,2.011.986 VND/khách,17:25,2025-04-29,18:25,2025-04-29,1h 0m,Hành lý xách tay 1 x 12 kg,Hành lý 23 kg,2025-04-23,PQC
4511,PQC0321,Vietnam Airlines,2.011.986 VND/khách,21:05,2025-04-29,22:05,2025-04-29,1h 0m,Hành lý xách tay 1 x 12 kg,Hành lý 23 kg,2025-04-23,PQC
4512,PQC0246,Vietnam Airlines,2.014.983 VND/khách,12:10,2025-04-29,13:10,2025-04-29,1h 0m,Hành lý xách tay 1 x 12 kg,Hành lý 23 kg,2025-04-23,PQC
4513,PQC0315,Vietnam Airlines,2.014.983 VND/khách,20:20,2025-04-29,21:20,2025-04-29,1h 0m,Hành lý xách tay 1 x 12 kg,Hành lý 23 kg,2025-04-23,PQC
4514,PQC0287,Vietnam Airlines,2.014.983 VND/khách,15:05,2025-04-29,16:10,2025-04-29,1h 5m,Hành lý xách tay 1 x 12 kg,Hành lý 23 kg,2025-04-23,PQC
4515,PQC0222,Vietnam Airlines,2.015.982 VND/khách,08:10,2025-04-29,08:55,2025-04-29,45m,Hành lý xách tay 1 x 12 kg,Hành lý 23 kg,2025-04-23,PQC
4516,PQC0179,Vietnam Airlines,2.015.982 VND/khách,05:25,2025-04-29,06:20,2025-04-29,55m,Hành lý xách tay 1 x 12 kg,Hành lý 23 kg,2025-04-23,PQC
4517,PQC0153,VietJet Air,2.101.858 VND/khách,17:25,2025-04-29,18:30,2025-04-29,1h 5m,Hành lý xách tay 7 kg,Hành lý 0 kg,2025-04-23,PQC
4518,PQC0107,VietJet Air,1.965.000 VND/khách,14:05,2025-04-30,15:05,2025-04-30,1h 0m,Hành lý xách tay 7 kg,Hành lý 0 kg,2025-04-23,PQC
4519,PQC0180,Vietnam Airlines,2.013.984 VND/khách,05:25,2025-04-30,06:20,2025-04-30,55m,Hành lý xách tay 1 x 12 kg,Hành lý 23 kg,2025-04-23,PQC
4520,PQC0223,Vietnam Airlines,2.015.982 VND/khách,08:10,2025-04-30,08:55,2025-04-30,45m,Hành lý xách tay 1 x 12 kg,Hành lý 23 kg,2025-04-23,PQC
4521,PQC0244,Vietnam Airlines,2.015.982 VND/khách,10:25,2025-04-30,11:25,2025-04-30,1h 0m,Hành lý xách tay 1 x 12 kg,Hành lý 23 kg,2025-04-23,PQC
4522,PQC0160,Vietnam Airlines,2.019.978 VND/khách,05:00,2025-04-30,06:00,2025-04-30,1h 0m,Hành lý xách tay 1 x 12 kg,Hành lý 23 kg,2025-04-23,PQC
4523,PQC0001,Bamboo Airways,1.849.563 VND/khách,16:30,2025-05-01,17:30,2025-05-01,1h 0m,Hành lý xách tay 7 kg,Hành lý 20 kg,2025-04-24,PQC
4524,PQC0322,Vietravel Airlines,1.735.650 VND/khách,17:25,2025-05-01,18:25,2025-05-01,1h 0m,Hành lý xách tay 7 kg,Hành lý 0 kg,2025-04-24,PQC
4525,PQC0131,VietJet Air,1.930.000 VND/khách,17:10,2025-05-01,18:15,2025-05-01,1h 5m,Hành lý xách tay 7 kg,Hành lý 0 kg,2025-04-24,PQC
4526,PQC0154,VietJet Air,1.930.000 VND/khách,17:40,2025-05-01,18:45,2025-05-01,1h 5m,Hành lý xách tay 7 kg,Hành lý 0 kg,2025-04-24,PQC
4527,PQC0108,VietJet Air,1.932.000 VND/khách,15:40,2025-05-01,16:40,2025-05-01,1h 0m,Hành lý xách tay 7 kg,Hành lý 0 kg,2025-04-24,PQC
4528,PQC0289,Vietnam Airlines,1.992.006 VND/khách,16:15,2025-05-01,17:15,2025-05-01,1h 0m,Hành lý xách tay 1 x 12 kg,Hành lý 23 kg,2025-04-24,PQC
4529,PQC0181,Vietnam Airlines,2.013.984 VND/khách,05:40,2025-05-01,06:40,2025-05-01,1h 0m,Hành lý xách tay 1 x 12 kg,Hành lý 23 kg,2025-04-24,PQC
4530,PQC0291,Vietnam Airlines,2.013.984 VND/khách,17:25,2025-05-01,18:25,2025-05-01,1h 0m,Hành lý xách tay 1 x 12 kg,Hành lý 23 kg,2025-04-24,PQC
4531,PQC0002,Bamboo Airways,1.588.650 VND/khách,16:30,2025-05-02,17:30,2025-05-02,1h 0m,Hành lý xách tay 7 kg,Hành lý 0 kg,2025-04-24,PQC
4532,PQC0323,Vietravel Airlines,1.471.313 VND/khách,17:25,2025-05-02,18:25,2025-05-02,1h 0m,Hành lý xách tay 7 kg,Hành lý 0 kg,2025-04-24,PQC
4533,PQC0167,Vietnam Airlines,1.576.422 VND/khách,05:25,2025-05-02,06:20,2025-05-02,55m,Hành lý xách tay 1 x 12 kg,Hành lý 23 kg,2025-04-24,PQC
4534,PQC0017,VietJet Air,1.729.000 VND/khách,05:55,2025-05-02,06:55,2025-05-02,1h 0m,Hành lý xách tay 7 kg,Hành lý 0 kg,2025-04-24,PQC
4535,PQC0132,VietJet Air,1.729.000 VND/khách,17:10,2025-05-02,18:15,2025-05-02,1h 5m,Hành lý xách tay 7 kg,Hành lý 0 kg,2025-04-24,PQC
4536,PQC0182,Vietnam Airlines,1.783.215 VND/khách,05:40,2025-05-02,06:40,2025-05-02,1h 0m,Hành lý xách tay 1 x 12 kg,Hành lý 23 kg,2025-04-24,PQC
4537,PQC0109,VietJet Air,1.818.000 VND/khách,15:40,2025-05-02,16:40,2025-05-02,1h 0m,Hành lý xách tay 7 kg,Hành lý 0 kg,2025-04-24,PQC
4538,PQC0042,VietJet Air,1.848.000 VND/khách,09:20,2025-05-02,10:20,2025-05-02,1h 0m,Hành lý xách tay 7 kg,Hành lý 0 kg,2025-04-24,PQC
4539,PQC0088,VietJet Air,1.848.000 VND/khách,14:05,2025-05-02,15:05,2025-05-02,1h 0m,Hành lý xách tay 7 kg,Hành lý 0 kg,2025-04-24,PQC
4540,PQC0203,Vietnam Airlines,1.984.014 VND/khách,08:10,2025-05-02,08:55,2025-05-02,45m,Hành lý xách tay 1 x 12 kg,Hành lý 23 kg,2025-04-24,PQC
4541,PQC0292,Vietnam Airlines,1.992.006 VND/khách,17:25,2025-05-02,18:25,2025-05-02,1h 0m,Hành lý xách tay 1 x 12 kg,Hành lý 23 kg,2025-04-24,PQC
4542,PQC0301,Vietnam Airlines,1.992.006 VND/khách,19:20,2025-05-02,20:20,2025-05-02,1h 0m,Hành lý xách tay 1 x 12 kg,Hành lý 23 kg,2025-04-24,PQC
4543,PQC0305,Vietnam Airlines,2.002.995 VND/khách,20:20,2025-05-02,21:20,2025-05-02,1h 0m,Hành lý xách tay 1 x 12 kg,Hành lý 23 kg,2025-04-24,PQC
4544,PQC0269,Vietnam Airlines,2.009.988 VND/khách,15:05,2025-05-02,16:10,2025-05-02,1h 5m,Hành lý xách tay 1 x 12 kg,Hành lý 23 kg,2025-04-24,PQC
4545,PQC0226,Vietnam Airlines,2.013.984 VND/khách,10:25,2025-05-02,11:25,2025-05-02,1h 0m,Hành lý xách tay 1 x 12 kg,Hành lý 23 kg,2025-04-24,PQC
4546,PQC0248,Vietnam Airlines,2.045.827 VND/khách,13:00,2025-05-02,14:00,2025-05-02,1h 0m,Hành lý xách tay 1 x 12 kg,Hành lý 23 kg,2025-04-24,PQC
4552,PQC0003,Bamboo Airways,1.001.343 VND/khách,16:30,2025-05-03,17:30,2025-05-03,1h 0m,Hành lý xách tay 7 kg,Hành lý 0 kg,2025-04-24,PQC
4553,PQC0324,Vietravel Airlines,1.068.323 VND/khách,17:25,2025-05-03,18:25,2025-05-03,1h 0m,Hành lý xách tay 7 kg,Hành lý 0 kg,2025-04-24,PQC
4554,PQC0037,VietJet Air,1.180.000 VND/khách,08:25,2025-05-03,09:30,2025-05-03,1h 5m,Hành lý xách tay 7 kg,Hành lý 0 kg,2025-04-24,PQC
4555,PQC0168,Vietnam Airlines,1.267.731 VND/khách,05:25,2025-05-03,06:20,2025-05-03,55m,Hành lý xách tay 1 x 12 kg,Hành lý 23 kg,2025-04-24,PQC
4556,PQC0183,Vietnam Airlines,1.390.608 VND/khách,05:40,2025-05-03,06:40,2025-05-03,1h 0m,Hành lý xách tay 1 x 12 kg,Hành lý 23 kg,2025-04-24,PQC
4557,PQC0018,VietJet Air,1.445.000 VND/khách,05:55,2025-05-03,06:55,2025-05-03,1h 0m,Hành lý xách tay 7 kg,Hành lý 0 kg,2025-04-24,PQC
4558,PQC0089,VietJet Air,1.445.000 VND/khách,14:05,2025-05-03,15:05,2025-05-03,1h 0m,Hành lý xách tay 7 kg,Hành lý 0 kg,2025-04-24,PQC
4559,PQC0133,VietJet Air,1.445.000 VND/khách,17:10,2025-05-03,18:15,2025-05-03,1h 5m,Hành lý xách tay 7 kg,Hành lý 0 kg,2025-04-24,PQC
4560,PQC0293,Vietnam Airlines,1.491.507 VND/khách,17:25,2025-05-03,18:25,2025-05-03,1h 0m,Hành lý xách tay 1 x 12 kg,Hành lý 23 kg,2025-04-24,PQC
4561,PQC0303,Vietnam Airlines,1.503.495 VND/khách,19:45,2025-05-03,20:45,2025-05-03,1h 0m,Hành lý xách tay 1 x 12 kg,Hành lý 23 kg,2025-04-24,PQC
4562,PQC0306,Vietnam Airlines,1.693.305 VND/khách,20:20,2025-05-03,21:20,2025-05-03,1h 0m,Hành lý xách tay 1 x 12 kg,Hành lý 23 kg,2025-04-24,PQC
4563,PQC0110,VietJet Air,1.729.000 VND/khách,15:40,2025-05-03,16:40,2025-05-03,1h 0m,Hành lý xách tay 7 kg,Hành lý 0 kg,2025-04-24,PQC
4564,PQC0204,Vietnam Airlines,1.740.258 VND/khách,08:10,2025-05-03,08:55,2025-05-03,45m,Hành lý xách tay 1 x 12 kg,Hành lý 23 kg,2025-04-24,PQC
4565,PQC0043,VietJet Air,1.818.000 VND/khách,09:20,2025-05-03,10:20,2025-05-03,1h 0m,Hành lý xách tay 7 kg,Hành lý 0 kg,2025-04-24,PQC
4566,PQC0270,Vietnam Airlines,1.845.882 VND/khách,15:05,2025-05-03,16:10,2025-05-03,1h 5m,Hành lý xách tay 1 x 12 kg,Hành lý 23 kg,2025-04-24,PQC
4567,PQC0067,VietJet Air,1.848.000 VND/khách,11:35,2025-05-03,12:35,2025-05-03,1h 0m,Hành lý xách tay 7 kg,Hành lý 0 kg,2025-04-24,PQC
4568,PQC0227,Vietnam Airlines,1.901.758 VND/khách,10:25,2025-05-03,11:25,2025-05-03,1h 0m,Hành lý xách tay 1 x 12 kg,Hành lý 23 kg,2025-04-24,PQC
4569,PQC0252,Vietnam Airlines,1.955.512 VND/khách,13:05,2025-05-03,14:00,2025-05-03,55m,Hành lý xách tay 1 x 12 kg,Hành lý 23 kg,2025-04-24,PQC
4574,PQC0004,Bamboo Airways,1.153.459 VND/khách,16:30,2025-05-04,17:30,2025-05-04,1h 0m,Hành lý xách tay 7 kg,Hành lý 0 kg,2025-04-24,PQC
4575,PQC0325,Vietravel Airlines,968.573 VND/khách,17:25,2025-05-04,18:25,2025-05-04,1h 0m,Hành lý xách tay 7 kg,Hành lý 0 kg,2025-04-24,PQC
4576,PQC0019,VietJet Air,1.045.000 VND/khách,05:55,2025-05-04,06:55,2025-05-04,1h 0m,Hành lý xách tay 7 kg,Hành lý 0 kg,2025-04-24,PQC
4577,PQC0111,VietJet Air,1.045.000 VND/khách,15:40,2025-05-04,16:40,2025-05-04,1h 0m,Hành lý xách tay 7 kg,Hành lý 0 kg,2025-04-24,PQC
4578,PQC0134,VietJet Air,1.045.000 VND/khách,17:10,2025-05-04,18:15,2025-05-04,1h 5m,Hành lý xách tay 7 kg,Hành lý 0 kg,2025-04-24,PQC
4579,PQC0169,Vietnam Airlines,1.096.902 VND/khách,05:25,2025-05-04,06:20,2025-05-04,55m,Hành lý xách tay 1 x 12 kg,Hành lý 23 kg,2025-04-24,PQC
4580,PQC0317,Vietnam Airlines,1.118.880 VND/khách,20:25,2025-05-04,21:25,2025-05-04,1h 0m,Hành lý xách tay 1 x 12 kg,Hành lý 23 kg,2025-04-24,PQC
4581,PQC0184,Vietnam Airlines,1.143.182 VND/khách,05:40,2025-05-04,06:40,2025-05-04,1h 0m,Hành lý xách tay 1 x 12 kg,Hành lý 23 kg,2025-04-24,PQC
4582,PQC0004,Bamboo Airways,1.153.459 VND/khách,16:30,2025-05-04,17:30,2025-05-04,1h 0m,Hành lý xách tay 7 kg,Hành lý 0 kg,2025-04-24,PQC
4583,PQC0090,VietJet Air,1.161.000 VND/khách,14:05,2025-05-04,15:05,2025-05-04,1h 0m,Hành lý xách tay 7 kg,Hành lý 0 kg,2025-04-24,PQC
4584,PQC0162,Vietnam Airlines,1.167.831 VND/khách,05:10,2025-05-04,06:10,2025-05-04,1h 0m,Hành lý xách tay 1 x 12 kg,Hành lý 23 kg,2025-04-24,PQC
4585,PQC0294,Vietnam Airlines,1.167.831 VND/khách,17:25,2025-05-04,18:25,2025-05-04,1h 0m,Hành lý xách tay 1 x 12 kg,Hành lý 23 kg,2025-04-24,PQC
4586,PQC0320,Vietnam Airlines,1.167.831 VND/khách,21:00,2025-05-04,22:00,2025-05-04,1h 0m,Hành lý xách tay 1 x 12 kg,Hành lý 23 kg,2025-04-24,PQC
4587,PQC0044,VietJet Air,1.292.000 VND/khách,09:20,2025-05-04,10:20,2025-05-04,1h 0m,Hành lý xách tay 7 kg,Hành lý 0 kg,2025-04-24,PQC
4588,PQC0068,VietJet Air,1.292.000 VND/khách,11:35,2025-05-04,12:35,2025-05-04,1h 0m,Hành lý xách tay 7 kg,Hành lý 0 kg,2025-04-24,PQC
4589,PQC0271,Vietnam Airlines,1.376.622 VND/khách,15:05,2025-05-04,16:10,2025-05-04,1h 5m,Hành lý xách tay 1 x 12 kg,Hành lý 23 kg,2025-04-24,PQC
4590,PQC0205,Vietnam Airlines,1.473.525 VND/khách,08:10,2025-05-04,08:55,2025-05-04,45m,Hành lý xách tay 1 x 12 kg,Hành lý 23 kg,2025-04-24,PQC
4591,PQC0253,Vietnam Airlines,1.576.422 VND/khách,13:05,2025-05-04,14:00,2025-05-04,55m,Hành lý xách tay 1 x 12 kg,Hành lý 23 kg,2025-04-24,PQC
4592,PQC0228,Vietnam Airlines,1.682.316 VND/khách,10:25,2025-05-04,11:25,2025-05-04,1h 0m,Hành lý xách tay 1 x 12 kg,Hành lý 23 kg,2025-04-24,PQC
4595,PQC0005,Bamboo Airways,859.302 VND/khách,16:30,2025-05-05,17:30,2025-05-05,1h 0m,Hành lý xách tay 7 kg,Hành lý 0 kg,2025-04-24,PQC
4596,PQC0326,Vietravel Airlines,759.098 VND/khách,17:25,2025-05-05,18:25,2025-05-05,1h 0m,Hành lý xách tay 7 kg,Hành lý 0 kg,2025-04-24,PQC
4597,PQC0135,VietJet Air,813.000 VND/khách,17:10,2025-05-05,18:15,2025-05-05,1h 5m,Hành lý xách tay 7 kg,Hành lý 0 kg,2025-04-24,PQC
4598,PQC0170,Vietnam Airlines,869.130 VND/khách,05:25,2025-05-05,06:20,2025-05-05,55m,Hành lý xách tay 1 x 12 kg,Hành lý 0 kg,2025-04-24,PQC
4599,PQC0020,VietJet Air,1.045.000 VND/khách,05:55,2025-05-05,06:55,2025-05-05,1h 0m,Hành lý xách tay 7 kg,Hành lý 0 kg,2025-04-24,PQC
4600,PQC0112,VietJet Air,1.045.000 VND/khách,15:40,2025-05-05,16:40,2025-05-05,1h 0m,Hành lý xách tay 7 kg,Hành lý 0 kg,2025-04-24,PQC
4601,PQC0091,VietJet Air,1.161.000 VND/khách,14:05,2025-05-05,15:05,2025-05-05,1h 0m,Hành lý xách tay 7 kg,Hành lý 0 kg,2025-04-24,PQC
4602,PQC0185,Vietnam Airlines,1.255.627 VND/khách,05:40,2025-05-05,06:40,2025-05-05,1h 0m,Hành lý xách tay 1 x 12 kg,Hành lý 23 kg,2025-04-24,PQC
4603,PQC0045,VietJet Air,1.292.000 VND/khách,09:20,2025-05-05,10:20,2025-05-05,1h 0m,Hành lý xách tay 7 kg,Hành lý 0 kg,2025-04-24,PQC
4604,PQC0069,VietJet Air,1.292.000 VND/khách,11:35,2025-05-05,12:35,2025-05-05,1h 0m,Hành lý xách tay 7 kg,Hành lý 0 kg,2025-04-24,PQC
4605,PQC0295,Vietnam Airlines,1.376.622 VND/khách,17:25,2025-05-05,18:25,2025-05-05,1h 0m,Hành lý xách tay 1 x 12 kg,Hành lý 23 kg,2025-04-24,PQC
4606,PQC0308,Vietnam Airlines,1.376.622 VND/khách,20:20,2025-05-05,21:20,2025-05-05,1h 0m,Hành lý xách tay 1 x 12 kg,Hành lý 23 kg,2025-04-24,PQC
4607,PQC0318,Vietnam Airlines,1.379.619 VND/khách,20:25,2025-05-05,21:25,2025-05-05,1h 0m,Hành lý xách tay 1 x 12 kg,Hành lý 23 kg,2025-04-24,PQC
4608,PQC0272,Vietnam Airlines,1.495.503 VND/khách,15:05,2025-05-05,16:10,2025-05-05,1h 5m,Hành lý xách tay 1 x 12 kg,Hành lý 23 kg,2025-04-24,PQC
4609,PQC0254,Vietnam Airlines,1.576.422 VND/khách,13:05,2025-05-05,14:00,2025-05-05,55m,Hành lý xách tay 1 x 12 kg,Hành lý 23 kg,2025-04-24,PQC
4610,PQC0206,Vietnam Airlines,1.697.301 VND/khách,08:10,2025-05-05,08:55,2025-05-05,45m,Hành lý xách tay 1 x 12 kg,Hành lý 23 kg,2025-04-24,PQC
4611,PQC0229,Vietnam Airlines,1.697.301 VND/khách,10:25,2025-05-05,11:25,2025-05-05,1h 0m,Hành lý xách tay 1 x 12 kg,Hành lý 23 kg,2025-04-24,PQC
4614,PQC0327,Vietravel Airlines,759.098 VND/khách,17:25,2025-05-06,18:25,2025-05-06,1h 0m,Hành lý xách tay 7 kg,Hành lý 0 kg,2025-04-24,PQC
4615,PQC0136,VietJet Air,813.000 VND/khách,17:10,2025-05-06,18:15,2025-05-06,1h 5m,Hành lý xách tay 7 kg,Hành lý 0 kg,2025-04-24,PQC
4616,PQC0021,VietJet Air,1.045.000 VND/khách,05:55,2025-05-06,06:55,2025-05-06,1h 0m,Hành lý xách tay 7 kg,Hành lý 0 kg,2025-04-24,PQC
4617,PQC0113,VietJet Air,1.045.000 VND/khách,15:40,2025-05-06,16:40,2025-05-06,1h 0m,Hành lý xách tay 7 kg,Hành lý 0 kg,2025-04-24,PQC
4618,PQC0064,VietJet Air,1.161.000 VND/khách,11:30,2025-05-06,12:30,2025-05-06,1h 0m,Hành lý xách tay 7 kg,Hành lý 0 kg,2025-04-24,PQC
4619,PQC0070,VietJet Air,1.161.000 VND/khách,11:35,2025-05-06,12:35,2025-05-06,1h 0m,Hành lý xách tay 7 kg,Hành lý 0 kg,2025-04-24,PQC
4620,PQC0092,VietJet Air,1.161.000 VND/khách,14:05,2025-05-06,15:05,2025-05-06,1h 0m,Hành lý xách tay 7 kg,Hành lý 0 kg,2025-04-24,PQC
4621,PQC0186,Vietnam Airlines,1.255.627 VND/khách,05:40,2025-05-06,06:40,2025-05-06,1h 0m,Hành lý xách tay 1 x 12 kg,Hành lý 23 kg,2025-04-24,PQC
4622,PQC0046,VietJet Air,1.292.000 VND/khách,09:20,2025-05-06,10:20,2025-05-06,1h 0m,Hành lý xách tay 7 kg,Hành lý 0 kg,2025-04-24,PQC
4623,PQC0273,Vietnam Airlines,1.499.499 VND/khách,15:05,2025-05-06,16:10,2025-05-06,1h 5m,Hành lý xách tay 1 x 12 kg,Hành lý 23 kg,2025-04-24,PQC
4624,PQC0207,Vietnam Airlines,1.576.422 VND/khách,08:10,2025-05-06,08:55,2025-05-06,45m,Hành lý xách tay 1 x 12 kg,Hành lý 23 kg,2025-04-24,PQC
4625,PQC0255,Vietnam Airlines,1.576.422 VND/khách,13:05,2025-05-06,14:00,2025-05-06,55m,Hành lý xách tay 1 x 12 kg,Hành lý 23 kg,2025-04-24,PQC
4626,PQC0230,Vietnam Airlines,1.689.309 VND/khách,10:25,2025-05-06,11:25,2025-05-06,1h 0m,Hành lý xách tay 1 x 12 kg,Hành lý 23 kg,2025-04-24,PQC
4630,PQC0006,Bamboo Airways,839.154 VND/khách,16:30,2025-05-07,17:30,2025-05-07,1h 0m,Hành lý xách tay 7 kg,Hành lý 0 kg,2025-04-24,PQC
4631,PQC0328,Vietravel Airlines,759.098 VND/khách,17:25,2025-05-07,18:25,2025-05-07,1h 0m,Hành lý xách tay 7 kg,Hành lý 0 kg,2025-04-24,PQC
4632,PQC0022,VietJet Air,813.000 VND/khách,05:55,2025-05-07,06:55,2025-05-07,1h 0m,Hành lý xách tay 7 kg,Hành lý 0 kg,2025-04-24,PQC
4633,PQC0137,VietJet Air,813.000 VND/khách,17:10,2025-05-07,18:15,2025-05-07,1h 5m,Hành lý xách tay 7 kg,Hành lý 0 kg,2025-04-24,PQC
4634,PQC0114,VietJet Air,1.045.000 VND/khách,15:40,2025-05-07,16:40,2025-05-07,1h 0m,Hành lý xách tay 7 kg,Hành lý 0 kg,2025-04-24,PQC
4635,PQC0071,VietJet Air,1.161.000 VND/khách,11:35,2025-05-07,12:35,2025-05-07,1h 0m,Hành lý xách tay 7 kg,Hành lý 0 kg,2025-04-24,PQC
4636,PQC0093,VietJet Air,1.161.000 VND/khách,14:05,2025-05-07,15:05,2025-05-07,1h 0m,Hành lý xách tay 7 kg,Hành lý 0 kg,2025-04-24,PQC
4637,PQC0187,Vietnam Airlines,1.255.627 VND/khách,05:40,2025-05-07,06:40,2025-05-07,1h 0m,Hành lý xách tay 1 x 12 kg,Hành lý 23 kg,2025-04-24,PQC
4638,PQC0047,VietJet Air,1.292.000 VND/khách,09:20,2025-05-07,10:20,2025-05-07,1h 0m,Hành lý xách tay 7 kg,Hành lý 0 kg,2025-04-24,PQC
4639,PQC0208,Vietnam Airlines,1.576.422 VND/khách,08:10,2025-05-07,08:55,2025-05-07,45m,Hành lý xách tay 1 x 12 kg,Hành lý 23 kg,2025-04-24,PQC
4640,PQC0274,Vietnam Airlines,1.576.422 VND/khách,15:05,2025-05-07,16:10,2025-05-07,1h 5m,Hành lý xách tay 1 x 12 kg,Hành lý 23 kg,2025-04-24,PQC
4641,PQC0231,Vietnam Airlines,1.682.316 VND/khách,10:25,2025-05-07,11:25,2025-05-07,1h 0m,Hành lý xách tay 1 x 12 kg,Hành lý 23 kg,2025-04-24,PQC
4642,PQC0256,Vietnam Airlines,1.887.111 VND/khách,13:05,2025-05-07,14:00,2025-05-07,55m,Hành lý xách tay 1 x 12 kg,Hành lý 23 kg,2025-04-24,PQC
4645,PQC0023,VietJet Air,1.045.000 VND/khách,05:55,2025-05-08,06:55,2025-05-08,1h 0m,Hành lý xách tay 7 kg,Hành lý 0 kg,2025-04-24,PQC
4646,PQC0329,Vietravel Airlines,1.068.323 VND/khách,17:25,2025-05-08,18:25,2025-05-08,1h 0m,Hành lý xách tay 7 kg,Hành lý 0 kg,2025-04-24,PQC
4647,PQC0072,VietJet Air,1.292.000 VND/khách,11:35,2025-05-08,12:35,2025-05-08,1h 0m,Hành lý xách tay 7 kg,Hành lý 0 kg,2025-04-24,PQC
4648,PQC0094,VietJet Air,1.292.000 VND/khách,14:05,2025-05-08,15:05,2025-05-08,1h 0m,Hành lý xách tay 7 kg,Hành lý 0 kg,2025-04-24,PQC
4649,PQC0115,VietJet Air,1.292.000 VND/khách,15:40,2025-05-08,16:40,2025-05-08,1h 0m,Hành lý xách tay 7 kg,Hành lý 0 kg,2025-04-24,PQC
4650,PQC0038,VietJet Air,1.292.000 VND/khách,08:25,2025-05-08,09:30,2025-05-08,1h 5m,Hành lý xách tay 7 kg,Hành lý 0 kg,2025-04-24,PQC
4651,PQC0138,VietJet Air,1.292.000 VND/khách,17:10,2025-05-08,18:15,2025-05-08,1h 5m,Hành lý xách tay 7 kg,Hành lý 0 kg,2025-04-24,PQC
4652,PQC0155,VietJet Air,1.292.000 VND/khách,17:40,2025-05-08,18:45,2025-05-08,1h 5m,Hành lý xách tay 7 kg,Hành lý 0 kg,2025-04-24,PQC
4653,PQC0048,VietJet Air,1.325.000 VND/khách,09:20,2025-05-08,10:20,2025-05-08,1h 0m,Hành lý xách tay 7 kg,Hành lý 0 kg,2025-04-24,PQC
4654,PQC0188,Vietnam Airlines,1.376.622 VND/khách,05:40,2025-05-08,06:40,2025-05-08,1h 0m,Hành lý xách tay 1 x 12 kg,Hành lý 23 kg,2025-04-24,PQC
4655,PQC0275,Vietnam Airlines,1.686.312 VND/khách,15:05,2025-05-08,16:10,2025-05-08,1h 5m,Hành lý xách tay 1 x 12 kg,Hành lý 23 kg,2025-04-24,PQC
4656,PQC0209,Vietnam Airlines,1.737.261 VND/khách,08:10,2025-05-08,08:55,2025-05-08,45m,Hành lý xách tay 1 x 12 kg,Hành lý 23 kg,2025-04-24,PQC
4657,PQC0257,Vietnam Airlines,1.737.261 VND/khách,13:05,2025-05-08,14:00,2025-05-08,55m,Hành lý xách tay 1 x 12 kg,Hành lý 23 kg,2025-04-24,PQC
4658,PQC0232,Vietnam Airlines,1.737.261 VND/khách,10:25,2025-05-08,11:25,2025-05-08,1h 0m,Hành lý xách tay 1 x 12 kg,Hành lý 23 kg,2025-04-24,PQC
4662,PQC0007,Bamboo Airways,1.403.291 VND/khách,16:30,2025-05-09,17:30,2025-05-09,1h 0m,Hành lý xách tay 7 kg,Hành lý 0 kg,2025-04-24,PQC
4663,PQC0330,Vietravel Airlines,1.143.135 VND/khách,17:25,2025-05-09,18:25,2025-05-09,1h 0m,Hành lý xách tay 7 kg,Hành lý 0 kg,2025-04-24,PQC
4664,PQC0116,VietJet Air,1.292.000 VND/khách,15:40,2025-05-09,16:40,2025-05-09,1h 0m,Hành lý xách tay 7 kg,Hành lý 0 kg,2025-04-24,PQC
4665,PQC0139,VietJet Air,1.292.000 VND/khách,17:10,2025-05-09,18:15,2025-05-09,1h 5m,Hành lý xách tay 7 kg,Hành lý 0 kg,2025-04-24,PQC
4666,PQC0189,Vietnam Airlines,1.495.503 VND/khách,05:40,2025-05-09,06:40,2025-05-09,1h 0m,Hành lý xách tay 1 x 12 kg,Hành lý 23 kg,2025-04-24,PQC
4667,PQC0024,VietJet Air,1.605.000 VND/khách,05:55,2025-05-09,06:55,2025-05-09,1h 0m,Hành lý xách tay 7 kg,Hành lý 0 kg,2025-04-24,PQC
4668,PQC0095,VietJet Air,1.605.000 VND/khách,14:05,2025-05-09,15:05,2025-05-09,1h 0m,Hành lý xách tay 7 kg,Hành lý 0 kg,2025-04-24,PQC
4669,PQC0309,Vietnam Airlines,1.682.316 VND/khách,20:20,2025-05-09,21:20,2025-05-09,1h 0m,Hành lý xách tay 1 x 12 kg,Hành lý 23 kg,2025-04-24,PQC
4670,PQC0049,VietJet Air,1.729.000 VND/khách,09:20,2025-05-09,10:20,2025-05-09,1h 0m,Hành lý xách tay 7 kg,Hành lý 0 kg,2025-04-24,PQC
4671,PQC0073,VietJet Air,1.729.000 VND/khách,11:35,2025-05-09,12:35,2025-05-09,1h 0m,Hành lý xách tay 7 kg,Hành lý 0 kg,2025-04-24,PQC
4672,PQC0276,Vietnam Airlines,1.737.261 VND/khách,15:05,2025-05-09,16:10,2025-05-09,1h 5m,Hành lý xách tay 1 x 12 kg,Hành lý 23 kg,2025-04-24,PQC
4673,PQC0249,Vietnam Airlines,1.845.882 VND/khách,13:00,2025-05-09,14:00,2025-05-09,1h 0m,Hành lý xách tay 1 x 12 kg,Hành lý 23 kg,2025-04-24,PQC
4674,PQC0233,Vietnam Airlines,1.955.512 VND/khách,10:25,2025-05-09,11:25,2025-05-09,1h 0m,Hành lý xách tay 1 x 12 kg,Hành lý 23 kg,2025-04-24,PQC
4675,PQC0210,Vietnam Airlines,2.002.995 VND/khách,08:10,2025-05-09,08:55,2025-05-09,45m,Hành lý xách tay 1 x 12 kg,Hành lý 23 kg,2025-04-24,PQC
4678,PQC0331,Vietravel Airlines,889.770 VND/khách,17:25,2025-05-10,18:25,2025-05-10,1h 0m,Hành lý xách tay 7 kg,Hành lý 0 kg,2025-04-24,PQC
4679,PQC0140,VietJet Air,1.045.000 VND/khách,17:10,2025-05-10,18:15,2025-05-10,1h 5m,Hành lý xách tay 7 kg,Hành lý 0 kg,2025-04-24,PQC
4680,PQC0117,VietJet Air,1.161.000 VND/khách,15:40,2025-05-10,16:40,2025-05-10,1h 0m,Hành lý xách tay 7 kg,Hành lý 0 kg,2025-04-24,PQC
4681,PQC0074,VietJet Air,1.292.000 VND/khách,11:35,2025-05-10,12:35,2025-05-10,1h 0m,Hành lý xách tay 7 kg,Hành lý 0 kg,2025-04-24,PQC
4682,PQC0096,VietJet Air,1.292.000 VND/khách,14:05,2025-05-10,15:05,2025-05-10,1h 0m,Hành lý xách tay 7 kg,Hành lý 0 kg,2025-04-24,PQC
4683,PQC0025,VietJet Air,1.441.000 VND/khách,05:55,2025-05-10,06:55,2025-05-10,1h 0m,Hành lý xách tay 7 kg,Hành lý 0 kg,2025-04-24,PQC
4684,PQC0050,VietJet Air,1.441.000 VND/khách,09:20,2025-05-10,10:20,2025-05-10,1h 0m,Hành lý xách tay 7 kg,Hành lý 0 kg,2025-04-24,PQC
4685,PQC0277,Vietnam Airlines,1.689.309 VND/khách,15:05,2025-05-10,16:10,2025-05-10,1h 5m,Hành lý xách tay 1 x 12 kg,Hành lý 23 kg,2025-04-24,PQC
4686,PQC0258,Vietnam Airlines,1.737.261 VND/khách,13:05,2025-05-10,14:00,2025-05-10,55m,Hành lý xách tay 1 x 12 kg,Hành lý 23 kg,2025-04-24,PQC
4687,PQC0211,Vietnam Airlines,1.845.882 VND/khách,08:10,2025-05-10,08:55,2025-05-10,45m,Hành lý xách tay 1 x 12 kg,Hành lý 23 kg,2025-04-24,PQC
4688,PQC0190,Vietnam Airlines,1.845.882 VND/khách,05:40,2025-05-10,06:40,2025-05-10,1h 0m,Hành lý xách tay 1 x 12 kg,Hành lý 23 kg,2025-04-24,PQC
4689,PQC0234,Vietnam Airlines,1.901.758 VND/khách,10:25,2025-05-10,11:25,2025-05-10,1h 0m,Hành lý xách tay 1 x 12 kg,Hành lý 23 kg,2025-04-24,PQC
4693,PQC0008,Bamboo Airways,833.000 VND/khách,16:30,2025-05-11,17:30,2025-05-11,1h 0m,Hành lý xách tay 7 kg,Hành lý 0 kg,2025-04-24,PQC
4694,PQC0332,Vietravel Airlines,759.098 VND/khách,17:25,2025-05-11,18:25,2025-05-11,1h 0m,Hành lý xách tay 7 kg,Hành lý 0 kg,2025-04-24,PQC
4695,PQC0118,VietJet Air,813.000 VND/khách,15:40,2025-05-11,16:40,2025-05-11,1h 0m,Hành lý xách tay 7 kg,Hành lý 0 kg,2025-04-24,PQC
4696,PQC0141,VietJet Air,813.000 VND/khách,17:10,2025-05-11,18:15,2025-05-11,1h 5m,Hành lý xách tay 7 kg,Hành lý 0 kg,2025-04-24,PQC
4697,PQC0026,VietJet Air,1.045.000 VND/khách,05:55,2025-05-11,06:55,2025-05-11,1h 0m,Hành lý xách tay 7 kg,Hành lý 0 kg,2025-04-24,PQC
4698,PQC0310,Vietnam Airlines,1.151.847 VND/khách,20:20,2025-05-11,21:20,2025-05-11,1h 0m,Hành lý xách tay 1 x 12 kg,Hành lý 23 kg,2025-04-24,PQC
4699,PQC0075,VietJet Air,1.161.000 VND/khách,11:35,2025-05-11,12:35,2025-05-11,1h 0m,Hành lý xách tay 7 kg,Hành lý 0 kg,2025-04-24,PQC
4700,PQC0097,VietJet Air,1.161.000 VND/khách,14:05,2025-05-11,15:05,2025-05-11,1h 0m,Hành lý xách tay 7 kg,Hành lý 0 kg,2025-04-24,PQC
4701,PQC0051,VietJet Air,1.183.000 VND/khách,09:20,2025-05-11,10:20,2025-05-11,1h 0m,Hành lý xách tay 7 kg,Hành lý 0 kg,2025-04-24,PQC
4702,PQC0191,Vietnam Airlines,1.255.627 VND/khách,05:40,2025-05-11,06:40,2025-05-11,1h 0m,Hành lý xách tay 1 x 12 kg,Hành lý 23 kg,2025-04-24,PQC
4703,PQC0278,Vietnam Airlines,1.376.622 VND/khách,15:05,2025-05-11,16:10,2025-05-11,1h 5m,Hành lý xách tay 1 x 12 kg,Hành lý 23 kg,2025-04-24,PQC
4704,PQC0235,Vietnam Airlines,1.484.514 VND/khách,10:25,2025-05-11,11:25,2025-05-11,1h 0m,Hành lý xách tay 1 x 12 kg,Hành lý 23 kg,2025-04-24,PQC
4705,PQC0259,Vietnam Airlines,1.488.510 VND/khách,13:05,2025-05-11,14:00,2025-05-11,55m,Hành lý xách tay 1 x 12 kg,Hành lý 23 kg,2025-04-24,PQC
4706,PQC0212,Vietnam Airlines,1.576.422 VND/khách,08:10,2025-05-11,08:55,2025-05-11,45m,Hành lý xách tay 1 x 12 kg,Hành lý 23 kg,2025-04-24,PQC
4707,PQC0011,Bamboo Airways,1.178.643 VND/khách,16:30,2025-04-25,17:30,2025-04-25,1h 0m,Hành lý xách tay 7 kg,Hành lý 0 kg,2025-04-24,PQC
4708,PQC0337,Vietravel Airlines,1.143.135 VND/khách,17:25,2025-04-25,18:25,2025-04-25,1h 0m,Hành lý xách tay 7 kg,Hành lý 0 kg,2025-04-24,PQC
4709,PQC0056,VietJet Air,1.337.000 VND/khách,09:20,2025-04-25,10:20,2025-04-25,1h 0m,Hành lý xách tay 7 kg,Hành lý 0 kg,2025-04-24,PQC
4710,PQC0031,VietJet Air,1.340.000 VND/khách,05:55,2025-04-25,06:55,2025-04-25,1h 0m,Hành lý xách tay 7 kg,Hành lý 0 kg,2025-04-24,PQC
4711,PQC0146,VietJet Air,1.418.326 VND/khách,17:10,2025-04-25,18:15,2025-04-25,1h 5m,Hành lý xách tay 7 kg,Hành lý 0 kg,2025-04-24,PQC
4712,PQC0102,VietJet Air,1.452.000 VND/khách,14:05,2025-04-25,15:05,2025-04-25,1h 0m,Hành lý xách tay 7 kg,Hành lý 0 kg,2025-04-24,PQC
4713,PQC0080,VietJet Air,1.621.000 VND/khách,11:35,2025-04-25,12:35,2025-04-25,1h 0m,Hành lý xách tay 7 kg,Hành lý 0 kg,2025-04-24,PQC
4714,PQC0296,Vietnam Airlines,1.827.820 VND/khách,17:25,2025-04-25,18:25,2025-04-25,1h 0m,Hành lý xách tay 1 x 12 kg,Hành lý 23 kg,2025-04-24,PQC
4715,PQC0311,Vietnam Airlines,1.921.252 VND/khách,20:20,2025-04-25,21:20,2025-04-25,1h 0m,Hành lý xách tay 1 x 12 kg,Hành lý 23 kg,2025-04-24,PQC
4716,PQC0218,Vietnam Airlines,2.045.827 VND/khách,08:10,2025-04-25,08:55,2025-04-25,45m,Hành lý xách tay 1 x 12 kg,Hành lý 23 kg,2025-04-24,PQC
4717,PQC0165,Vietnam Airlines,2.045.827 VND/khách,05:15,2025-04-25,06:15,2025-04-25,1h 0m,Hành lý xách tay 1 x 12 kg,Hành lý 23 kg,2025-04-24,PQC
4718,PQC0240,Vietnam Airlines,2.045.827 VND/khách,10:25,2025-04-25,11:25,2025-04-25,1h 0m,Hành lý xách tay 1 x 12 kg,Hành lý 23 kg,2025-04-24,PQC
4719,PQC0250,Vietnam Airlines,2.045.827 VND/khách,13:00,2025-04-25,14:00,2025-04-25,1h 0m,Hành lý xách tay 1 x 12 kg,Hành lý 23 kg,2025-04-24,PQC
4720,PQC0283,Vietnam Airlines,2.045.827 VND/khách,15:05,2025-04-25,16:10,2025-04-25,1h 5m,Hành lý xách tay 1 x 12 kg,Hành lý 23 kg,2025-04-24,PQC
4723,PQC0338,Vietravel Airlines,1.224.930 VND/khách,17:25,2025-04-26,18:25,2025-04-26,1h 0m,Hành lý xách tay 7 kg,Hành lý 0 kg,2025-04-24,PQC
4724,PQC0297,Vietnam Airlines,1.708.290 VND/khách,17:25,2025-04-26,18:25,2025-04-26,1h 0m,Hành lý xách tay 1 x 12 kg,Hành lý 23 kg,2025-04-24,PQC
4725,PQC0312,Vietnam Airlines,1.805.193 VND/khách,20:20,2025-04-26,21:20,2025-04-26,1h 0m,Hành lý xách tay 1 x 12 kg,Hành lý 23 kg,2025-04-24,PQC
4726,PQC0032,VietJet Air,1.931.000 VND/khách,05:55,2025-04-26,06:55,2025-04-26,1h 0m,Hành lý xách tay 7 kg,Hành lý 0 kg,2025-04-24,PQC
4727,PQC0057,VietJet Air,1.931.000 VND/khách,09:20,2025-04-26,10:20,2025-04-26,1h 0m,Hành lý xách tay 7 kg,Hành lý 0 kg,2025-04-24,PQC
4728,PQC0081,VietJet Air,1.931.000 VND/khách,11:35,2025-04-26,12:35,2025-04-26,1h 0m,Hành lý xách tay 7 kg,Hành lý 0 kg,2025-04-24,PQC
4729,PQC0103,VietJet Air,1.931.000 VND/khách,14:05,2025-04-26,15:05,2025-04-26,1h 0m,Hành lý xách tay 7 kg,Hành lý 0 kg,2025-04-24,PQC
4730,PQC0124,VietJet Air,1.931.000 VND/khách,15:40,2025-04-26,16:40,2025-04-26,1h 0m,Hành lý xách tay 7 kg,Hành lý 0 kg,2025-04-24,PQC
4731,PQC0147,VietJet Air,1.931.000 VND/khách,17:10,2025-04-26,18:15,2025-04-26,1h 5m,Hành lý xách tay 7 kg,Hành lý 0 kg,2025-04-24,PQC
4732,PQC0219,Vietnam Airlines,1.988.010 VND/khách,08:10,2025-04-26,08:55,2025-04-26,45m,Hành lý xách tay 1 x 12 kg,Hành lý 23 kg,2025-04-24,PQC
4733,PQC0284,Vietnam Airlines,2.014.983 VND/khách,15:05,2025-04-26,16:10,2025-04-26,1h 5m,Hành lý xách tay 1 x 12 kg,Hành lý 23 kg,2025-04-24,PQC
4736,PQC0012,Bamboo Airways,968.099 VND/khách,16:30,2025-04-27,17:30,2025-04-27,1h 0m,Hành lý xách tay 7 kg,Hành lý 0 kg,2025-04-24,PQC
4737,PQC0339,Vietravel Airlines,1.068.323 VND/khách,17:25,2025-04-27,18:25,2025-04-27,1h 0m,Hành lý xách tay 7 kg,Hành lý 0 kg,2025-04-24,PQC
4738,PQC0163,Vietnam Airlines,1.370.628 VND/khách,05:10,2025-04-27,06:10,2025-04-27,1h 0m,Hành lý xách tay 1 x 12 kg,Hành lý 23 kg,2025-04-24,PQC
4739,PQC0302,Vietnam Airlines,1.390.608 VND/khách,19:20,2025-04-27,20:20,2025-04-27,1h 0m,Hành lý xách tay 1 x 12 kg,Hành lý 23 kg,2025-04-24,PQC
4740,PQC0033,VietJet Air,1.445.000 VND/khách,05:55,2025-04-27,06:55,2025-04-27,1h 0m,Hành lý xách tay 7 kg,Hành lý 0 kg,2025-04-24,PQC
4741,PQC0313,Vietnam Airlines,1.476.522 VND/khách,20:20,2025-04-27,21:20,2025-04-27,1h 0m,Hành lý xách tay 1 x 12 kg,Hành lý 23 kg,2025-04-24,PQC
4742,PQC0148,VietJet Air,1.617.000 VND/khách,17:10,2025-04-27,18:15,2025-04-27,1h 5m,Hành lý xách tay 7 kg,Hành lý 0 kg,2025-04-24,PQC
4743,PQC0104,VietJet Air,1.729.000 VND/khách,14:05,2025-04-27,15:05,2025-04-27,1h 0m,Hành lý xách tay 7 kg,Hành lý 0 kg,2025-04-24,PQC
4744,PQC0285,Vietnam Airlines,1.768.230 VND/khách,15:05,2025-04-27,16:10,2025-04-27,1h 5m,Hành lý xách tay 1 x 12 kg,Hành lý 23 kg,2025-04-24,PQC
4745,PQC0125,VietJet Air,1.818.000 VND/khách,15:40,2025-04-27,16:40,2025-04-27,1h 0m,Hành lý xách tay 7 kg,Hành lý 0 kg,2025-04-24,PQC
4746,PQC0082,VietJet Air,1.848.000 VND/khách,11:35,2025-04-27,12:35,2025-04-27,1h 0m,Hành lý xách tay 7 kg,Hành lý 0 kg,2025-04-24,PQC
4747,PQC0220,Vietnam Airlines,1.973.025 VND/khách,08:10,2025-04-27,08:55,2025-04-27,45m,Hành lý xách tay 1 x 12 kg,Hành lý 23 kg,2025-04-24,PQC
4748,PQC0177,Vietnam Airlines,1.973.025 VND/khách,05:25,2025-04-27,06:20,2025-04-27,55m,Hành lý xách tay 1 x 12 kg,Hành lý 23 kg,2025-04-24,PQC
4749,PQC0242,Vietnam Airlines,1.977.021 VND/khách,10:25,2025-04-27,11:25,2025-04-27,1h 0m,Hành lý xách tay 1 x 12 kg,Hành lý 23 kg,2025-04-24,PQC
4750,PQC0265,Vietnam Airlines,1.981.017 VND/khách,13:05,2025-04-27,14:00,2025-04-27,55m,Hành lý xách tay 1 x 12 kg,Hành lý 23 kg,2025-04-24,PQC
4753,PQC0013,Bamboo Airways,968.099 VND/khách,16:30,2025-04-28,17:30,2025-04-28,1h 0m,Hành lý xách tay 7 kg,Hành lý 0 kg,2025-04-24,PQC
4754,PQC0340,Vietravel Airlines,1.147.125 VND/khách,17:25,2025-04-28,18:25,2025-04-28,1h 0m,Hành lý xách tay 7 kg,Hành lý 0 kg,2025-04-24,PQC
4755,PQC0034,VietJet Air,1.180.000 VND/khách,05:55,2025-04-28,06:55,2025-04-28,1h 0m,Hành lý xách tay 7 kg,Hành lý 0 kg,2025-04-24,PQC
4756,PQC0199,Vietnam Airlines,1.379.619 VND/khách,05:40,2025-04-28,06:40,2025-04-28,1h 0m,Hành lý xách tay 1 x 12 kg,Hành lý 23 kg,2025-04-24,PQC
4757,PQC0298,Vietnam Airlines,1.499.499 VND/khách,17:25,2025-04-28,18:25,2025-04-28,1h 0m,Hành lý xách tay 1 x 12 kg,Hành lý 23 kg,2025-04-24,PQC
4758,PQC0178,Vietnam Airlines,1.576.422 VND/khách,05:25,2025-04-28,06:20,2025-04-28,55m,Hành lý xách tay 1 x 12 kg,Hành lý 23 kg,2025-04-24,PQC
4759,PQC0149,VietJet Air,1.617.000 VND/khách,17:10,2025-04-28,18:15,2025-04-28,1h 5m,Hành lý xách tay 7 kg,Hành lý 0 kg,2025-04-24,PQC
4760,PQC0221,Vietnam Airlines,1.682.316 VND/khách,08:10,2025-04-28,08:55,2025-04-28,45m,Hành lý xách tay 1 x 12 kg,Hành lý 23 kg,2025-04-24,PQC
4761,PQC0105,VietJet Air,1.729.000 VND/khách,14:05,2025-04-28,15:05,2025-04-28,1h 0m,Hành lý xách tay 7 kg,Hành lý 0 kg,2025-04-24,PQC
4762,PQC0314,Vietnam Airlines,1.764.234 VND/khách,20:20,2025-04-28,21:20,2025-04-28,1h 0m,Hành lý xách tay 1 x 12 kg,Hành lý 23 kg,2025-04-24,PQC
4763,PQC0083,VietJet Air,1.819.000 VND/khách,11:35,2025-04-28,12:35,2025-04-28,1h 0m,Hành lý xách tay 7 kg,Hành lý 0 kg,2025-04-24,PQC
4764,PQC0059,VietJet Air,1.848.000 VND/khách,09:20,2025-04-28,10:20,2025-04-28,1h 0m,Hành lý xách tay 7 kg,Hành lý 0 kg,2025-04-24,PQC
4765,PQC0126,VietJet Air,1.848.000 VND/khách,15:40,2025-04-28,16:40,2025-04-28,1h 0m,Hành lý xách tay 7 kg,Hành lý 0 kg,2025-04-24,PQC
4766,PQC0286,Vietnam Airlines,1.929.069 VND/khách,15:05,2025-04-28,16:10,2025-04-28,1h 5m,Hành lý xách tay 1 x 12 kg,Hành lý 23 kg,2025-04-24,PQC
4767,PQC0266,Vietnam Airlines,2.014.983 VND/khách,13:05,2025-04-28,14:00,2025-04-28,55m,Hành lý xách tay 1 x 12 kg,Hành lý 23 kg,2025-04-24,PQC
4768,PQC0243,Vietnam Airlines,2.014.983 VND/khách,10:25,2025-04-28,11:25,2025-04-28,1h 0m,Hành lý xách tay 1 x 12 kg,Hành lý 23 kg,2025-04-24,PQC
4771,PQC0179,Vietnam Airlines,1.576.422 VND/khách,05:25,2025-04-29,06:20,2025-04-29,55m,Hành lý xách tay 1 x 12 kg,Hành lý 23 kg,2025-04-24,PQC
4772,PQC0341,Vietravel Airlines,1.746.623 VND/khách,17:25,2025-04-29,18:25,2025-04-29,1h 0m,Hành lý xách tay 7 kg,Hành lý 0 kg,2025-04-24,PQC
4773,PQC0200,Vietnam Airlines,1.802.196 VND/khách,05:40,2025-04-29,06:40,2025-04-29,1h 0m,Hành lý xách tay 1 x 12 kg,Hành lý 23 kg,2025-04-24,PQC
4774,PQC0035,VietJet Air,1.819.000 VND/khách,05:55,2025-04-29,06:55,2025-04-29,1h 0m,Hành lý xách tay 7 kg,Hành lý 0 kg,2025-04-24,PQC
4775,PQC0127,VietJet Air,1.819.000 VND/khách,15:40,2025-04-29,16:40,2025-04-29,1h 0m,Hành lý xách tay 7 kg,Hành lý 0 kg,2025-04-24,PQC
4776,PQC0040,VietJet Air,1.819.000 VND/khách,08:25,2025-04-29,09:30,2025-04-29,1h 5m,Hành lý xách tay 7 kg,Hành lý 0 kg,2025-04-24,PQC
4777,PQC0084,VietJet Air,1.848.000 VND/khách,11:35,2025-04-29,12:35,2025-04-29,1h 0m,Hành lý xách tay 7 kg,Hành lý 0 kg,2025-04-24,PQC
4778,PQC0106,VietJet Air,1.848.000 VND/khách,14:05,2025-04-29,15:05,2025-04-29,1h 0m,Hành lý xách tay 7 kg,Hành lý 0 kg,2025-04-24,PQC
4779,PQC0060,VietJet Air,1.875.000 VND/khách,09:20,2025-04-29,10:20,2025-04-29,1h 0m,Hành lý xách tay 7 kg,Hành lý 0 kg,2025-04-24,PQC
4780,PQC0153,VietJet Air,1.931.000 VND/khách,17:25,2025-04-29,18:30,2025-04-29,1h 5m,Hành lý xách tay 7 kg,Hành lý 0 kg,2025-04-24,PQC
4781,PQC0246,Vietnam Airlines,2.014.983 VND/khách,12:10,2025-04-29,13:10,2025-04-29,1h 0m,Hành lý xách tay 1 x 12 kg,Hành lý 23 kg,2025-04-24,PQC
4782,PQC0299,Vietnam Airlines,2.014.983 VND/khách,17:25,2025-04-29,18:25,2025-04-29,1h 0m,Hành lý xách tay 1 x 12 kg,Hành lý 23 kg,2025-04-24,PQC
4783,PQC0321,Vietnam Airlines,2.014.983 VND/khách,21:05,2025-04-29,22:05,2025-04-29,1h 0m,Hành lý xách tay 1 x 12 kg,Hành lý 23 kg,2025-04-24,PQC
4784,PQC0222,Vietnam Airlines,2.021.976 VND/khách,08:10,2025-04-29,08:55,2025-04-29,45m,Hành lý xách tay 1 x 12 kg,Hành lý 23 kg,2025-04-24,PQC
4785,PQC0014,Bamboo Airways,1.911.014 VND/khách,16:30,2025-04-30,17:30,2025-04-30,1h 0m,Hành lý xách tay 7 kg,Hành lý 20 kg,2025-04-24,PQC
4786,PQC0223,Vietnam Airlines,1.966.032 VND/khách,08:10,2025-04-30,08:55,2025-04-30,45m,Hành lý xách tay 1 x 12 kg,Hành lý 23 kg,2025-04-24,PQC
4787,PQC0160,Vietnam Airlines,1.966.032 VND/khách,05:00,2025-04-30,06:00,2025-04-30,1h 0m,Hành lý xách tay 1 x 12 kg,Hành lý 23 kg,2025-04-24,PQC
4788,PQC0244,Vietnam Airlines,1.966.032 VND/khách,10:25,2025-04-30,11:25,2025-04-30,1h 0m,Hành lý xách tay 1 x 12 kg,Hành lý 23 kg,2025-04-24,PQC
4789,PQC0001,Bamboo Airways,1.872.491 VND/khách,16:30,2025-05-01,17:30,2025-05-01,1h 0m,Hành lý xách tay 7 kg,Hành lý 20 kg,2025-04-25,PQC
4790,PQC0322,Vietravel Airlines,1.654.853 VND/khách,17:25,2025-05-01,18:25,2025-05-01,1h 0m,Hành lý xách tay 7 kg,Hành lý 0 kg,2025-04-25,PQC
4791,PQC0131,VietJet Air,1.921.000 VND/khách,17:10,2025-05-01,18:15,2025-05-01,1h 5m,Hành lý xách tay 7 kg,Hành lý 0 kg,2025-04-25,PQC
4792,PQC0154,VietJet Air,1.921.000 VND/khách,17:40,2025-05-01,18:45,2025-05-01,1h 5m,Hành lý xách tay 7 kg,Hành lý 0 kg,2025-04-25,PQC
4793,PQC0289,Vietnam Airlines,1.997.001 VND/khách,16:15,2025-05-01,17:15,2025-05-01,1h 0m,Hành lý xách tay 1 x 12 kg,Hành lý 23 kg,2025-04-25,PQC
4794,PQC0268,Vietnam Airlines,2.000.997 VND/khách,15:05,2025-05-01,16:10,2025-05-01,1h 5m,Hành lý xách tay 1 x 12 kg,Hành lý 23 kg,2025-04-25,PQC
4795,PQC0291,Vietnam Airlines,2.015.982 VND/khách,17:25,2025-05-01,18:25,2025-05-01,1h 0m,Hành lý xách tay 1 x 12 kg,Hành lý 23 kg,2025-04-25,PQC
4796,PQC0304,Vietnam Airlines,2.019.978 VND/khách,20:20,2025-05-01,21:20,2025-05-01,1h 0m,Hành lý xách tay 1 x 12 kg,Hành lý 23 kg,2025-04-25,PQC
4797,PQC0002,Bamboo Airways,1.762.344 VND/khách,16:30,2025-05-02,17:30,2025-05-02,1h 0m,Hành lý xách tay 7 kg,Hành lý 0 kg,2025-04-25,PQC
4798,PQC0323,Vietravel Airlines,1.483.283 VND/khách,17:25,2025-05-02,18:25,2025-05-02,1h 0m,Hành lý xách tay 7 kg,Hành lý 0 kg,2025-04-25,PQC
4799,PQC0201,Vietnam Airlines,1.698.300 VND/khách,07:00,2025-05-02,08:05,2025-05-02,1h 5m,Hành lý xách tay 1 x 12 kg,Hành lý 23 kg,2025-04-25,PQC
4800,PQC0017,VietJet Air,1.719.000 VND/khách,05:55,2025-05-02,06:55,2025-05-02,1h 0m,Hành lý xách tay 7 kg,Hành lý 0 kg,2025-04-25,PQC
4801,PQC0132,VietJet Air,1.719.000 VND/khách,17:10,2025-05-02,18:15,2025-05-02,1h 5m,Hành lý xách tay 7 kg,Hành lý 0 kg,2025-04-25,PQC
4802,PQC0182,Vietnam Airlines,1.784.214 VND/khách,05:40,2025-05-02,06:40,2025-05-02,1h 0m,Hành lý xách tay 1 x 12 kg,Hành lý 23 kg,2025-04-25,PQC
4803,PQC0109,VietJet Air,1.805.000 VND/khách,15:40,2025-05-02,16:40,2025-05-02,1h 0m,Hành lý xách tay 7 kg,Hành lý 0 kg,2025-04-25,PQC
4804,PQC0042,VietJet Air,1.835.000 VND/khách,09:20,2025-05-02,10:20,2025-05-02,1h 0m,Hành lý xách tay 7 kg,Hành lý 0 kg,2025-04-25,PQC
4805,PQC0088,VietJet Air,1.835.000 VND/khách,14:05,2025-05-02,15:05,2025-05-02,1h 0m,Hành lý xách tay 7 kg,Hành lý 0 kg,2025-04-25,PQC
4806,PQC0203,Vietnam Airlines,1.979.019 VND/khách,08:10,2025-05-02,08:55,2025-05-02,45m,Hành lý xách tay 1 x 12 kg,Hành lý 23 kg,2025-04-25,PQC
4807,PQC0292,Vietnam Airlines,1.997.001 VND/khách,17:25,2025-05-02,18:25,2025-05-02,1h 0m,Hành lý xách tay 1 x 12 kg,Hành lý 23 kg,2025-04-25,PQC
4808,PQC0301,Vietnam Airlines,1.997.001 VND/khách,19:20,2025-05-02,20:20,2025-05-02,1h 0m,Hành lý xách tay 1 x 12 kg,Hành lý 23 kg,2025-04-25,PQC
4809,PQC0226,Vietnam Airlines,2.004.993 VND/khách,10:25,2025-05-02,11:25,2025-05-02,1h 0m,Hành lý xách tay 1 x 12 kg,Hành lý 23 kg,2025-04-25,PQC
4810,PQC0245,Vietnam Airlines,2.004.993 VND/khách,10:30,2025-05-02,11:35,2025-05-02,1h 5m,Hành lý xách tay 1 x 12 kg,Hành lý 23 kg,2025-04-25,PQC
4811,PQC0269,Vietnam Airlines,2.004.993 VND/khách,15:05,2025-05-02,16:10,2025-05-02,1h 5m,Hành lý xách tay 1 x 12 kg,Hành lý 23 kg,2025-04-25,PQC
4812,PQC0305,Vietnam Airlines,2.007.990 VND/khách,20:20,2025-05-02,21:20,2025-05-02,1h 0m,Hành lý xách tay 1 x 12 kg,Hành lý 23 kg,2025-04-25,PQC
4813,PQC0248,Vietnam Airlines,2.011.986 VND/khách,13:00,2025-05-02,14:00,2025-05-02,1h 0m,Hành lý xách tay 1 x 12 kg,Hành lý 23 kg,2025-04-25,PQC
4816,PQC0003,Bamboo Airways,1.167.757 VND/khách,16:30,2025-05-03,17:30,2025-05-03,1h 0m,Hành lý xách tay 7 kg,Hành lý 0 kg,2025-04-25,PQC
4817,PQC0324,Vietravel Airlines,1.072.313 VND/khách,17:25,2025-05-03,18:25,2025-05-03,1h 0m,Hành lý xách tay 7 kg,Hành lý 0 kg,2025-04-25,PQC
4818,PQC0037,VietJet Air,1.169.000 VND/khách,08:25,2025-05-03,09:30,2025-05-03,1h 5m,Hành lý xách tay 7 kg,Hành lý 0 kg,2025-04-25,PQC
4819,PQC0168,Vietnam Airlines,1.260.738 VND/khách,05:25,2025-05-03,06:20,2025-05-03,55m,Hành lý xách tay 1 x 12 kg,Hành lý 23 kg,2025-04-25,PQC
4820,PQC0183,Vietnam Airlines,1.384.614 VND/khách,05:40,2025-05-03,06:40,2025-05-03,1h 0m,Hành lý xách tay 1 x 12 kg,Hành lý 23 kg,2025-04-25,PQC
4821,PQC0018,VietJet Air,1.435.000 VND/khách,05:55,2025-05-03,06:55,2025-05-03,1h 0m,Hành lý xách tay 7 kg,Hành lý 0 kg,2025-04-25,PQC
4822,PQC0290,Vietnam Airlines,1.485.513 VND/khách,16:25,2025-05-03,17:25,2025-05-03,1h 0m,Hành lý xách tay 1 x 12 kg,Hành lý 23 kg,2025-04-25,PQC
4823,PQC0303,Vietnam Airlines,1.496.502 VND/khách,19:45,2025-05-03,20:45,2025-05-03,1h 0m,Hành lý xách tay 1 x 12 kg,Hành lý 23 kg,2025-04-25,PQC
4824,PQC0293,Vietnam Airlines,1.500.498 VND/khách,17:25,2025-05-03,18:25,2025-05-03,1h 0m,Hành lý xách tay 1 x 12 kg,Hành lý 23 kg,2025-04-25,PQC
4825,PQC0247,Vietnam Airlines,1.594.404 VND/khách,12:20,2025-05-03,13:25,2025-05-03,1h 5m,Hành lý xách tay 1 x 12 kg,Hành lý 23 kg,2025-04-25,PQC
4826,PQC0089,VietJet Air,1.607.000 VND/khách,14:05,2025-05-03,15:05,2025-05-03,1h 0m,Hành lý xách tay 7 kg,Hành lý 0 kg,2025-04-25,PQC
4827,PQC0133,VietJet Air,1.607.000 VND/khách,17:10,2025-05-03,18:15,2025-05-03,1h 5m,Hành lý xách tay 7 kg,Hành lý 0 kg,2025-04-25,PQC
4828,PQC0306,Vietnam Airlines,1.702.296 VND/khách,20:20,2025-05-03,21:20,2025-05-03,1h 0m,Hành lý xách tay 1 x 12 kg,Hành lý 23 kg,2025-04-25,PQC
4829,PQC0110,VietJet Air,1.719.000 VND/khách,15:40,2025-05-03,16:40,2025-05-03,1h 0m,Hành lý xách tay 7 kg,Hành lý 0 kg,2025-04-25,PQC
4830,PQC0204,Vietnam Airlines,1.742.256 VND/khách,08:10,2025-05-03,08:55,2025-05-03,45m,Hành lý xách tay 1 x 12 kg,Hành lý 23 kg,2025-04-25,PQC
4831,PQC0270,Vietnam Airlines,1.742.256 VND/khách,15:05,2025-05-03,16:10,2025-05-03,1h 5m,Hành lý xách tay 1 x 12 kg,Hành lý 23 kg,2025-04-25,PQC
4832,PQC0043,VietJet Air,1.808.000 VND/khách,09:20,2025-05-03,10:20,2025-05-03,1h 0m,Hành lý xách tay 7 kg,Hành lý 0 kg,2025-04-25,PQC
4833,PQC0067,VietJet Air,1.835.000 VND/khách,11:35,2025-05-03,12:35,2025-05-03,1h 0m,Hành lý xách tay 7 kg,Hành lý 0 kg,2025-04-25,PQC
4834,PQC0227,Vietnam Airlines,1.899.980 VND/khách,10:25,2025-05-03,11:25,2025-05-03,1h 0m,Hành lý xách tay 1 x 12 kg,Hành lý 23 kg,2025-04-25,PQC
4835,PQC0252,Vietnam Airlines,1.958.850 VND/khách,13:05,2025-05-03,14:00,2025-05-03,55m,Hành lý xách tay 1 x 12 kg,Hành lý 23 kg,2025-04-25,PQC
4840,PQC0004,Bamboo Airways,1.245.267 VND/khách,16:30,2025-05-04,17:30,2025-05-04,1h 0m,Hành lý xách tay 7 kg,Hành lý 0 kg,2025-04-25,PQC
4841,PQC0019,VietJet Air,1.067.000 VND/khách,05:55,2025-05-04,06:55,2025-05-04,1h 0m,Hành lý xách tay 7 kg,Hành lý 0 kg,2025-04-25,PQC
4842,PQC0134,VietJet Air,1.067.000 VND/khách,17:10,2025-05-04,18:15,2025-05-04,1h 5m,Hành lý xách tay 7 kg,Hành lý 0 kg,2025-04-25,PQC
4843,PQC0317,Vietnam Airlines,1.121.877 VND/khách,20:25,2025-05-04,21:25,2025-05-04,1h 0m,Hành lý xách tay 1 x 12 kg,Hành lý 23 kg,2025-04-25,PQC
4844,PQC0162,Vietnam Airlines,1.152.846 VND/khách,05:10,2025-05-04,06:10,2025-05-04,1h 0m,Hành lý xách tay 1 x 12 kg,Hành lý 23 kg,2025-04-25,PQC
4845,PQC0184,Vietnam Airlines,1.152.846 VND/khách,05:40,2025-05-04,06:40,2025-05-04,1h 0m,Hành lý xách tay 1 x 12 kg,Hành lý 23 kg,2025-04-25,PQC
4846,PQC0294,Vietnam Airlines,1.152.846 VND/khách,17:25,2025-05-04,18:25,2025-05-04,1h 0m,Hành lý xách tay 1 x 12 kg,Hành lý 23 kg,2025-04-25,PQC
4847,PQC0320,Vietnam Airlines,1.152.846 VND/khách,21:00,2025-05-04,22:00,2025-05-04,1h 0m,Hành lý xách tay 1 x 12 kg,Hành lý 23 kg,2025-04-25,PQC
4848,PQC0090,VietJet Air,1.176.000 VND/khách,14:05,2025-05-04,15:05,2025-05-04,1h 0m,Hành lý xách tay 7 kg,Hành lý 0 kg,2025-04-25,PQC
4849,PQC0111,VietJet Air,1.176.000 VND/khách,15:40,2025-05-04,16:40,2025-05-04,1h 0m,Hành lý xách tay 7 kg,Hành lý 0 kg,2025-04-25,PQC
4850,PQC0004,Bamboo Airways,1.245.267 VND/khách,16:30,2025-05-04,17:30,2025-05-04,1h 0m,Hành lý xách tay 7 kg,Hành lý 0 kg,2025-04-25,PQC
4851,PQC0044,VietJet Air,1.303.000 VND/khách,09:20,2025-05-04,10:20,2025-05-04,1h 0m,Hành lý xách tay 7 kg,Hành lý 0 kg,2025-04-25,PQC
4852,PQC0068,VietJet Air,1.303.000 VND/khách,11:35,2025-05-04,12:35,2025-05-04,1h 0m,Hành lý xách tay 7 kg,Hành lý 0 kg,2025-04-25,PQC
4853,PQC0325,Vietravel Airlines,1.306.725 VND/khách,17:25,2025-05-04,18:25,2025-05-04,1h 0m,Hành lý xách tay 7 kg,Hành lý 0 kg,2025-04-25,PQC
4854,PQC0271,Vietnam Airlines,1.496.502 VND/khách,15:05,2025-05-04,16:10,2025-05-04,1h 5m,Hành lý xách tay 1 x 12 kg,Hành lý 23 kg,2025-04-25,PQC
4855,PQC0205,Vietnam Airlines,1.507.491 VND/khách,08:10,2025-05-04,08:55,2025-05-04,45m,Hành lý xách tay 1 x 12 kg,Hành lý 23 kg,2025-04-25,PQC
4856,PQC0253,Vietnam Airlines,1.742.256 VND/khách,13:05,2025-05-04,14:00,2025-05-04,55m,Hành lý xách tay 1 x 12 kg,Hành lý 23 kg,2025-04-25,PQC
4857,PQC0228,Vietnam Airlines,1.742.256 VND/khách,10:25,2025-05-04,11:25,2025-05-04,1h 0m,Hành lý xách tay 1 x 12 kg,Hành lý 23 kg,2025-04-25,PQC
4860,PQC0005,Bamboo Airways,1.167.757 VND/khách,16:30,2025-05-05,17:30,2025-05-05,1h 0m,Hành lý xách tay 7 kg,Hành lý 0 kg,2025-04-25,PQC
4861,PQC0326,Vietravel Airlines,706.230 VND/khách,17:25,2025-05-05,18:25,2025-05-05,1h 0m,Hành lý xách tay 7 kg,Hành lý 0 kg,2025-04-25,PQC
4862,PQC0135,VietJet Air,831.000 VND/khách,17:10,2025-05-05,18:15,2025-05-05,1h 5m,Hành lý xách tay 7 kg,Hành lý 0 kg,2025-04-25,PQC
4863,PQC0170,Vietnam Airlines,981.018 VND/khách,05:25,2025-05-05,06:20,2025-05-05,55m,Hành lý xách tay 1 x 12 kg,Hành lý 0 kg,2025-04-25,PQC
4864,PQC0020,VietJet Air,1.060.000 VND/khách,05:55,2025-05-05,06:55,2025-05-05,1h 0m,Hành lý xách tay 7 kg,Hành lý 0 kg,2025-04-25,PQC
4865,PQC0112,VietJet Air,1.060.000 VND/khách,15:40,2025-05-05,16:40,2025-05-05,1h 0m,Hành lý xách tay 7 kg,Hành lý 0 kg,2025-04-25,PQC
4866,PQC0091,VietJet Air,1.169.000 VND/khách,14:05,2025-05-05,15:05,2025-05-05,1h 0m,Hành lý xách tay 7 kg,Hành lý 0 kg,2025-04-25,PQC
4867,PQC0185,Vietnam Airlines,1.264.734 VND/khách,05:40,2025-05-05,06:40,2025-05-05,1h 0m,Hành lý xách tay 1 x 12 kg,Hành lý 23 kg,2025-04-25,PQC
4868,PQC0045,VietJet Air,1.304.000 VND/khách,09:20,2025-05-05,10:20,2025-05-05,1h 0m,Hành lý xách tay 7 kg,Hành lý 0 kg,2025-04-25,PQC
4869,PQC0069,VietJet Air,1.304.000 VND/khách,11:35,2025-05-05,12:35,2025-05-05,1h 0m,Hành lý xách tay 7 kg,Hành lý 0 kg,2025-04-25,PQC
4870,PQC0308,Vietnam Airlines,1.380.618 VND/khách,20:20,2025-05-05,21:20,2025-05-05,1h 0m,Hành lý xách tay 1 x 12 kg,Hành lý 23 kg,2025-04-25,PQC
4871,PQC0295,Vietnam Airlines,1.384.614 VND/khách,17:25,2025-05-05,18:25,2025-05-05,1h 0m,Hành lý xách tay 1 x 12 kg,Hành lý 23 kg,2025-04-25,PQC
4872,PQC0318,Vietnam Airlines,1.384.614 VND/khách,20:25,2025-05-05,21:25,2025-05-05,1h 0m,Hành lý xách tay 1 x 12 kg,Hành lý 23 kg,2025-04-25,PQC
4873,PQC0272,Vietnam Airlines,1.496.502 VND/khách,15:05,2025-05-05,16:10,2025-05-05,1h 5m,Hành lý xách tay 1 x 12 kg,Hành lý 23 kg,2025-04-25,PQC
4874,PQC0254,Vietnam Airlines,1.581.417 VND/khách,13:05,2025-05-05,14:00,2025-05-05,55m,Hành lý xách tay 1 x 12 kg,Hành lý 23 kg,2025-04-25,PQC
4875,PQC0206,Vietnam Airlines,1.698.300 VND/khách,08:10,2025-05-05,08:55,2025-05-05,45m,Hành lý xách tay 1 x 12 kg,Hành lý 23 kg,2025-04-25,PQC
4876,PQC0229,Vietnam Airlines,1.742.256 VND/khách,10:25,2025-05-05,11:25,2025-05-05,1h 0m,Hành lý xách tay 1 x 12 kg,Hành lý 23 kg,2025-04-25,PQC
4879,PQC0327,Vietravel Airlines,762.090 VND/khách,17:25,2025-05-06,18:25,2025-05-06,1h 0m,Hành lý xách tay 7 kg,Hành lý 0 kg,2025-04-25,PQC
4880,PQC0136,VietJet Air,831.000 VND/khách,17:10,2025-05-06,18:15,2025-05-06,1h 5m,Hành lý xách tay 7 kg,Hành lý 0 kg,2025-04-25,PQC
4881,PQC0021,VietJet Air,1.063.000 VND/khách,05:55,2025-05-06,06:55,2025-05-06,1h 0m,Hành lý xách tay 7 kg,Hành lý 0 kg,2025-04-25,PQC
4882,PQC0113,VietJet Air,1.063.000 VND/khách,15:40,2025-05-06,16:40,2025-05-06,1h 0m,Hành lý xách tay 7 kg,Hành lý 0 kg,2025-04-25,PQC
4883,PQC0064,VietJet Air,1.172.000 VND/khách,11:30,2025-05-06,12:30,2025-05-06,1h 0m,Hành lý xách tay 7 kg,Hành lý 0 kg,2025-04-25,PQC
4884,PQC0070,VietJet Air,1.172.000 VND/khách,11:35,2025-05-06,12:35,2025-05-06,1h 0m,Hành lý xách tay 7 kg,Hành lý 0 kg,2025-04-25,PQC
4885,PQC0092,VietJet Air,1.172.000 VND/khách,14:05,2025-05-06,15:05,2025-05-06,1h 0m,Hành lý xách tay 7 kg,Hành lý 0 kg,2025-04-25,PQC
4886,PQC0186,Vietnam Airlines,1.275.723 VND/khách,05:40,2025-05-06,06:40,2025-05-06,1h 0m,Hành lý xách tay 1 x 12 kg,Hành lý 23 kg,2025-04-25,PQC
4887,PQC0046,VietJet Air,1.303.000 VND/khách,09:20,2025-05-06,10:20,2025-05-06,1h 0m,Hành lý xách tay 7 kg,Hành lý 0 kg,2025-04-25,PQC
4888,PQC0273,Vietnam Airlines,1.485.513 VND/khách,15:05,2025-05-06,16:10,2025-05-06,1h 5m,Hành lý xách tay 1 x 12 kg,Hành lý 23 kg,2025-04-25,PQC
4889,PQC0207,Vietnam Airlines,1.580.418 VND/khách,08:10,2025-05-06,08:55,2025-05-06,45m,Hành lý xách tay 1 x 12 kg,Hành lý 23 kg,2025-04-25,PQC
4890,PQC0255,Vietnam Airlines,1.580.418 VND/khách,13:05,2025-05-06,14:00,2025-05-06,55m,Hành lý xách tay 1 x 12 kg,Hành lý 23 kg,2025-04-25,PQC
4891,PQC0230,Vietnam Airlines,1.742.256 VND/khách,10:25,2025-05-06,11:25,2025-05-06,1h 0m,Hành lý xách tay 1 x 12 kg,Hành lý 23 kg,2025-04-25,PQC
4895,PQC0006,Bamboo Airways,989.609 VND/khách,16:30,2025-05-07,17:30,2025-05-07,1h 0m,Hành lý xách tay 7 kg,Hành lý 0 kg,2025-04-25,PQC
4896,PQC0328,Vietravel Airlines,706.230 VND/khách,17:25,2025-05-07,18:25,2025-05-07,1h 0m,Hành lý xách tay 7 kg,Hành lý 0 kg,2025-04-25,PQC
4897,PQC0137,VietJet Air,831.000 VND/khách,17:10,2025-05-07,18:15,2025-05-07,1h 5m,Hành lý xách tay 7 kg,Hành lý 0 kg,2025-04-25,PQC
4898,PQC0022,VietJet Air,1.060.000 VND/khách,05:55,2025-05-07,06:55,2025-05-07,1h 0m,Hành lý xách tay 7 kg,Hành lý 0 kg,2025-04-25,PQC
4899,PQC0114,VietJet Air,1.060.000 VND/khách,15:40,2025-05-07,16:40,2025-05-07,1h 0m,Hành lý xách tay 7 kg,Hành lý 0 kg,2025-04-25,PQC
4900,PQC0071,VietJet Air,1.169.000 VND/khách,11:35,2025-05-07,12:35,2025-05-07,1h 0m,Hành lý xách tay 7 kg,Hành lý 0 kg,2025-04-25,PQC
4901,PQC0093,VietJet Air,1.169.000 VND/khách,14:05,2025-05-07,15:05,2025-05-07,1h 0m,Hành lý xách tay 7 kg,Hành lý 0 kg,2025-04-25,PQC
4902,PQC0187,Vietnam Airlines,1.264.734 VND/khách,05:40,2025-05-07,06:40,2025-05-07,1h 0m,Hành lý xách tay 1 x 12 kg,Hành lý 23 kg,2025-04-25,PQC
4903,PQC0047,VietJet Air,1.304.000 VND/khách,09:20,2025-05-07,10:20,2025-05-07,1h 0m,Hành lý xách tay 7 kg,Hành lý 0 kg,2025-04-25,PQC
4904,PQC0208,Vietnam Airlines,1.581.417 VND/khách,08:10,2025-05-07,08:55,2025-05-07,45m,Hành lý xách tay 1 x 12 kg,Hành lý 23 kg,2025-04-25,PQC
4905,PQC0274,Vietnam Airlines,1.581.417 VND/khách,15:05,2025-05-07,16:10,2025-05-07,1h 5m,Hành lý xách tay 1 x 12 kg,Hành lý 23 kg,2025-04-25,PQC
4906,PQC0231,Vietnam Airlines,1.687.311 VND/khách,10:25,2025-05-07,11:25,2025-05-07,1h 0m,Hành lý xách tay 1 x 12 kg,Hành lý 23 kg,2025-04-25,PQC
4907,PQC0256,Vietnam Airlines,1.881.117 VND/khách,13:05,2025-05-07,14:00,2025-05-07,55m,Hành lý xách tay 1 x 12 kg,Hành lý 23 kg,2025-04-25,PQC
4910,PQC0023,VietJet Air,1.063.000 VND/khách,05:55,2025-05-08,06:55,2025-05-08,1h 0m,Hành lý xách tay 7 kg,Hành lý 0 kg,2025-04-25,PQC
4911,PQC0329,Vietravel Airlines,1.150.118 VND/khách,17:25,2025-05-08,18:25,2025-05-08,1h 0m,Hành lý xách tay 7 kg,Hành lý 0 kg,2025-04-25,PQC
4912,PQC0094,VietJet Air,1.303.000 VND/khách,14:05,2025-05-08,15:05,2025-05-08,1h 0m,Hành lý xách tay 7 kg,Hành lý 0 kg,2025-04-25,PQC
4913,PQC0115,VietJet Air,1.303.000 VND/khách,15:40,2025-05-08,16:40,2025-05-08,1h 0m,Hành lý xách tay 7 kg,Hành lý 0 kg,2025-04-25,PQC
4914,PQC0038,VietJet Air,1.303.000 VND/khách,08:25,2025-05-08,09:30,2025-05-08,1h 5m,Hành lý xách tay 7 kg,Hành lý 0 kg,2025-04-25,PQC
4915,PQC0138,VietJet Air,1.303.000 VND/khách,17:10,2025-05-08,18:15,2025-05-08,1h 5m,Hành lý xách tay 7 kg,Hành lý 0 kg,2025-04-25,PQC
4916,PQC0155,VietJet Air,1.303.000 VND/khách,17:40,2025-05-08,18:45,2025-05-08,1h 5m,Hành lý xách tay 7 kg,Hành lý 0 kg,2025-04-25,PQC
4917,PQC0048,VietJet Air,1.326.000 VND/khách,09:20,2025-05-08,10:20,2025-05-08,1h 0m,Hành lý xách tay 7 kg,Hành lý 0 kg,2025-04-25,PQC
4918,PQC0188,Vietnam Airlines,1.395.603 VND/khách,05:40,2025-05-08,06:40,2025-05-08,1h 0m,Hành lý xách tay 1 x 12 kg,Hành lý 23 kg,2025-04-25,PQC
4919,PQC0072,VietJet Air,1.433.000 VND/khách,11:35,2025-05-08,12:35,2025-05-08,1h 0m,Hành lý xách tay 7 kg,Hành lý 0 kg,2025-04-25,PQC
4920,PQC0275,Vietnam Airlines,1.580.418 VND/khách,15:05,2025-05-08,16:10,2025-05-08,1h 5m,Hành lý xách tay 1 x 12 kg,Hành lý 23 kg,2025-04-25,PQC
4921,PQC0209,Vietnam Airlines,1.742.256 VND/khách,08:10,2025-05-08,08:55,2025-05-08,45m,Hành lý xách tay 1 x 12 kg,Hành lý 23 kg,2025-04-25,PQC
4922,PQC0257,Vietnam Airlines,1.742.256 VND/khách,13:05,2025-05-08,14:00,2025-05-08,55m,Hành lý xách tay 1 x 12 kg,Hành lý 23 kg,2025-04-25,PQC
4923,PQC0232,Vietnam Airlines,1.742.256 VND/khách,10:25,2025-05-08,11:25,2025-05-08,1h 0m,Hành lý xách tay 1 x 12 kg,Hành lý 23 kg,2025-04-25,PQC
4927,PQC0007,Bamboo Airways,1.420.686 VND/khách,16:30,2025-05-09,17:30,2025-05-09,1h 0m,Hành lý xách tay 7 kg,Hành lý 0 kg,2025-04-25,PQC
4928,PQC0330,Vietravel Airlines,1.150.118 VND/khách,17:25,2025-05-09,18:25,2025-05-09,1h 0m,Hành lý xách tay 7 kg,Hành lý 0 kg,2025-04-25,PQC
4929,PQC0116,VietJet Air,1.303.000 VND/khách,15:40,2025-05-09,16:40,2025-05-09,1h 0m,Hành lý xách tay 7 kg,Hành lý 0 kg,2025-04-25,PQC
4930,PQC0139,VietJet Air,1.303.000 VND/khách,17:10,2025-05-09,18:15,2025-05-09,1h 5m,Hành lý xách tay 7 kg,Hành lý 0 kg,2025-04-25,PQC
4931,PQC0024,VietJet Air,1.433.000 VND/khách,05:55,2025-05-09,06:55,2025-05-09,1h 0m,Hành lý xách tay 7 kg,Hành lý 0 kg,2025-04-25,PQC
4932,PQC0189,Vietnam Airlines,1.580.418 VND/khách,05:40,2025-05-09,06:40,2025-05-09,1h 0m,Hành lý xách tay 1 x 12 kg,Hành lý 23 kg,2025-04-25,PQC
4933,PQC0095,VietJet Air,1.606.000 VND/khách,14:05,2025-05-09,15:05,2025-05-09,1h 0m,Hành lý xách tay 7 kg,Hành lý 0 kg,2025-04-25,PQC
4934,PQC0309,Vietnam Airlines,1.687.311 VND/khách,20:20,2025-05-09,21:20,2025-05-09,1h 0m,Hành lý xách tay 1 x 12 kg,Hành lý 23 kg,2025-04-25,PQC
4935,PQC0049,VietJet Air,1.718.000 VND/khách,09:20,2025-05-09,10:20,2025-05-09,1h 0m,Hành lý xách tay 7 kg,Hành lý 0 kg,2025-04-25,PQC
4936,PQC0073,VietJet Air,1.718.000 VND/khách,11:35,2025-05-09,12:35,2025-05-09,1h 0m,Hành lý xách tay 7 kg,Hành lý 0 kg,2025-04-25,PQC
4937,PQC0276,Vietnam Airlines,1.742.256 VND/khách,15:05,2025-05-09,16:10,2025-05-09,1h 5m,Hành lý xách tay 1 x 12 kg,Hành lý 23 kg,2025-04-25,PQC
4938,PQC0249,Vietnam Airlines,1.844.157 VND/khách,13:00,2025-05-09,14:00,2025-05-09,1h 0m,Hành lý xách tay 1 x 12 kg,Hành lý 23 kg,2025-04-25,PQC
4939,PQC0233,Vietnam Airlines,1.953.680 VND/khách,10:25,2025-05-09,11:25,2025-05-09,1h 0m,Hành lý xách tay 1 x 12 kg,Hành lý 23 kg,2025-04-25,PQC
4940,PQC0210,Vietnam Airlines,2.007.990 VND/khách,08:10,2025-05-09,08:55,2025-05-09,45m,Hành lý xách tay 1 x 12 kg,Hành lý 23 kg,2025-04-25,PQC
4943,PQC0331,Vietravel Airlines,982.038 VND/khách,17:25,2025-05-10,18:25,2025-05-10,1h 0m,Hành lý xách tay 7 kg,Hành lý 0 kg,2025-04-25,PQC
4944,PQC0140,VietJet Air,1.169.000 VND/khách,17:10,2025-05-10,18:15,2025-05-10,1h 5m,Hành lý xách tay 7 kg,Hành lý 0 kg,2025-04-25,PQC
4945,PQC0025,VietJet Air,1.304.000 VND/khách,05:55,2025-05-10,06:55,2025-05-10,1h 0m,Hành lý xách tay 7 kg,Hành lý 0 kg,2025-04-25,PQC
4946,PQC0096,VietJet Air,1.304.000 VND/khách,14:05,2025-05-10,15:05,2025-05-10,1h 0m,Hành lý xách tay 7 kg,Hành lý 0 kg,2025-04-25,PQC
4947,PQC0117,VietJet Air,1.304.000 VND/khách,15:40,2025-05-10,16:40,2025-05-10,1h 0m,Hành lý xách tay 7 kg,Hành lý 0 kg,2025-04-25,PQC
4948,PQC0074,VietJet Air,1.435.000 VND/khách,11:35,2025-05-10,12:35,2025-05-10,1h 0m,Hành lý xách tay 7 kg,Hành lý 0 kg,2025-04-25,PQC
4949,PQC0050,VietJet Air,1.607.000 VND/khách,09:20,2025-05-10,10:20,2025-05-10,1h 0m,Hành lý xách tay 7 kg,Hành lý 0 kg,2025-04-25,PQC
4950,PQC0277,Vietnam Airlines,1.709.289 VND/khách,15:05,2025-05-10,16:10,2025-05-10,1h 5m,Hành lý xách tay 1 x 12 kg,Hành lý 23 kg,2025-04-25,PQC
4951,PQC0258,Vietnam Airlines,1.742.256 VND/khách,13:05,2025-05-10,14:00,2025-05-10,55m,Hành lý xách tay 1 x 12 kg,Hành lý 23 kg,2025-04-25,PQC
4952,PQC0211,Vietnam Airlines,1.844.157 VND/khách,08:10,2025-05-10,08:55,2025-05-10,45m,Hành lý xách tay 1 x 12 kg,Hành lý 23 kg,2025-04-25,PQC
4953,PQC0190,Vietnam Airlines,1.844.157 VND/khách,05:40,2025-05-10,06:40,2025-05-10,1h 0m,Hành lý xách tay 1 x 12 kg,Hành lý 23 kg,2025-04-25,PQC
4954,PQC0234,Vietnam Airlines,1.899.980 VND/khách,10:25,2025-05-10,11:25,2025-05-10,1h 0m,Hành lý xách tay 1 x 12 kg,Hành lý 23 kg,2025-04-25,PQC
4958,PQC0008,Bamboo Airways,869.953 VND/khách,16:30,2025-05-11,17:30,2025-05-11,1h 0m,Hành lý xách tay 7 kg,Hành lý 0 kg,2025-04-25,PQC
4959,PQC0332,Vietravel Airlines,706.230 VND/khách,17:25,2025-05-11,18:25,2025-05-11,1h 0m,Hành lý xách tay 7 kg,Hành lý 0 kg,2025-04-25,PQC
4960,PQC0118,VietJet Air,831.000 VND/khách,15:40,2025-05-11,16:40,2025-05-11,1h 0m,Hành lý xách tay 7 kg,Hành lý 0 kg,2025-04-25,PQC
4961,PQC0141,VietJet Air,831.000 VND/khách,17:10,2025-05-11,18:15,2025-05-11,1h 5m,Hành lý xách tay 7 kg,Hành lý 0 kg,2025-04-25,PQC
4962,PQC0026,VietJet Air,1.063.000 VND/khách,05:55,2025-05-11,06:55,2025-05-11,1h 0m,Hành lý xách tay 7 kg,Hành lý 0 kg,2025-04-25,PQC
4963,PQC0191,Vietnam Airlines,1.152.846 VND/khách,05:40,2025-05-11,06:40,2025-05-11,1h 0m,Hành lý xách tay 1 x 12 kg,Hành lý 23 kg,2025-04-25,PQC
4964,PQC0310,Vietnam Airlines,1.152.846 VND/khách,20:20,2025-05-11,21:20,2025-05-11,1h 0m,Hành lý xách tay 1 x 12 kg,Hành lý 23 kg,2025-04-25,PQC
4965,PQC0075,VietJet Air,1.172.000 VND/khách,11:35,2025-05-11,12:35,2025-05-11,1h 0m,Hành lý xách tay 7 kg,Hành lý 0 kg,2025-04-25,PQC
4966,PQC0097,VietJet Air,1.172.000 VND/khách,14:05,2025-05-11,15:05,2025-05-11,1h 0m,Hành lý xách tay 7 kg,Hành lý 0 kg,2025-04-25,PQC
4967,PQC0051,VietJet Air,1.180.000 VND/khách,09:20,2025-05-11,10:20,2025-05-11,1h 0m,Hành lý xách tay 7 kg,Hành lý 0 kg,2025-04-25,PQC
4968,PQC0278,Vietnam Airlines,1.394.604 VND/khách,15:05,2025-05-11,16:10,2025-05-11,1h 5m,Hành lý xách tay 1 x 12 kg,Hành lý 23 kg,2025-04-25,PQC
4969,PQC0259,Vietnam Airlines,1.485.513 VND/khách,13:05,2025-05-11,14:00,2025-05-11,55m,Hành lý xách tay 1 x 12 kg,Hành lý 23 kg,2025-04-25,PQC
4970,PQC0235,Vietnam Airlines,1.489.509 VND/khách,10:25,2025-05-11,11:25,2025-05-11,1h 0m,Hành lý xách tay 1 x 12 kg,Hành lý 23 kg,2025-04-25,PQC
4971,PQC0212,Vietnam Airlines,1.580.418 VND/khách,08:10,2025-05-11,08:55,2025-05-11,45m,Hành lý xách tay 1 x 12 kg,Hành lý 23 kg,2025-04-25,PQC
4972,PQC0103,VietJet Air,1.607.000 VND/khách,14:05,2025-04-26,15:05,2025-04-26,1h 0m,Hành lý xách tay 7 kg,Hành lý 0 kg,2025-04-25,PQC
4973,PQC0338,Vietravel Airlines,1.654.853 VND/khách,17:25,2025-04-26,18:25,2025-04-26,1h 0m,Hành lý xách tay 7 kg,Hành lý 0 kg,2025-04-25,PQC
4974,PQC0197,Vietnam Airlines,1.921.252 VND/khách,05:40,2025-04-26,06:40,2025-04-26,1h 0m,Hành lý xách tay 1 x 12 kg,Hành lý 23 kg,2025-04-25,PQC
4975,PQC0081,VietJet Air,1.924.000 VND/khách,11:35,2025-04-26,12:35,2025-04-26,1h 0m,Hành lý xách tay 7 kg,Hành lý 0 kg,2025-04-25,PQC
4976,PQC0124,VietJet Air,1.924.000 VND/khách,15:40,2025-04-26,16:40,2025-04-26,1h 0m,Hành lý xách tay 7 kg,Hành lý 0 kg,2025-04-25,PQC
4977,PQC0147,VietJet Air,1.924.000 VND/khách,17:10,2025-04-26,18:15,2025-04-26,1h 5m,Hành lý xách tay 7 kg,Hành lý 0 kg,2025-04-25,PQC
4978,PQC0032,VietJet Air,1.948.000 VND/khách,05:55,2025-04-26,06:55,2025-04-26,1h 0m,Hành lý xách tay 7 kg,Hành lý 0 kg,2025-04-25,PQC
4979,PQC0057,VietJet Air,1.948.000 VND/khách,09:20,2025-04-26,10:20,2025-04-26,1h 0m,Hành lý xách tay 7 kg,Hành lý 0 kg,2025-04-25,PQC
4980,PQC0241,Vietnam Airlines,1.979.019 VND/khách,10:25,2025-04-26,11:25,2025-04-26,1h 0m,Hành lý xách tay 1 x 12 kg,Hành lý 23 kg,2025-04-25,PQC
4981,PQC0312,Vietnam Airlines,1.979.019 VND/khách,20:20,2025-04-26,21:20,2025-04-26,1h 0m,Hành lý xách tay 1 x 12 kg,Hành lý 23 kg,2025-04-25,PQC
4982,PQC0284,Vietnam Airlines,1.979.019 VND/khách,15:05,2025-04-26,16:10,2025-04-26,1h 5m,Hành lý xách tay 1 x 12 kg,Hành lý 23 kg,2025-04-25,PQC
4983,PQC0219,Vietnam Airlines,1.982.016 VND/khách,08:10,2025-04-26,08:55,2025-04-26,45m,Hành lý xách tay 1 x 12 kg,Hành lý 23 kg,2025-04-25,PQC
4985,PQC0339,Vietravel Airlines,1.402.485 VND/khách,17:25,2025-04-27,18:25,2025-04-27,1h 0m,Hành lý xách tay 7 kg,Hành lý 0 kg,2025-04-25,PQC
4986,PQC0163,Vietnam Airlines,1.411.137 VND/khách,05:10,2025-04-27,06:10,2025-04-27,1h 0m,Hành lý xách tay 1 x 12 kg,Hành lý 23 kg,2025-04-25,PQC
4987,PQC0313,Vietnam Airlines,1.479.519 VND/khách,20:20,2025-04-27,21:20,2025-04-27,1h 0m,Hành lý xách tay 1 x 12 kg,Hành lý 23 kg,2025-04-25,PQC
4988,PQC0104,VietJet Air,1.604.000 VND/khách,14:05,2025-04-27,15:05,2025-04-27,1h 0m,Hành lý xách tay 7 kg,Hành lý 0 kg,2025-04-25,PQC
4989,PQC0148,VietJet Air,1.604.000 VND/khách,17:10,2025-04-27,18:15,2025-04-27,1h 5m,Hành lý xách tay 7 kg,Hành lý 0 kg,2025-04-25,PQC
4990,PQC0125,VietJet Air,1.716.000 VND/khách,15:40,2025-04-27,16:40,2025-04-27,1h 0m,Hành lý xách tay 7 kg,Hành lý 0 kg,2025-04-25,PQC
4991,PQC0033,VietJet Air,1.741.933 VND/khách,05:55,2025-04-27,06:55,2025-04-27,1h 0m,Hành lý xách tay 7 kg,Hành lý 0 kg,2025-04-25,PQC
4992,PQC0285,Vietnam Airlines,1.875.123 VND/khách,15:05,2025-04-27,16:10,2025-04-27,1h 5m,Hành lý xách tay 1 x 12 kg,Hành lý 23 kg,2025-04-25,PQC
4993,PQC0082,VietJet Air,1.934.201 VND/khách,11:35,2025-04-27,12:35,2025-04-27,1h 0m,Hành lý xách tay 7 kg,Hành lý 0 kg,2025-04-25,PQC
4994,PQC0177,Vietnam Airlines,1.975.023 VND/khách,05:25,2025-04-27,06:20,2025-04-27,55m,Hành lý xách tay 1 x 12 kg,Hành lý 23 kg,2025-04-25,PQC
4995,PQC0242,Vietnam Airlines,1.990.008 VND/khách,10:25,2025-04-27,11:25,2025-04-27,1h 0m,Hành lý xách tay 1 x 12 kg,Hành lý 23 kg,2025-04-25,PQC
4996,PQC0220,Vietnam Airlines,2.001.996 VND/khách,08:10,2025-04-27,08:55,2025-04-27,45m,Hành lý xách tay 1 x 12 kg,Hành lý 23 kg,2025-04-25,PQC
4997,PQC0265,Vietnam Airlines,2.045.827 VND/khách,13:05,2025-04-27,14:00,2025-04-27,55m,Hành lý xách tay 1 x 12 kg,Hành lý 23 kg,2025-04-25,PQC
4999,PQC0034,VietJet Air,1.167.000 VND/khách,05:55,2025-04-28,06:55,2025-04-28,1h 0m,Hành lý xách tay 7 kg,Hành lý 0 kg,2025-04-25,PQC
5000,PQC0340,Vietravel Airlines,1.477.298 VND/khách,17:25,2025-04-28,18:25,2025-04-28,1h 0m,Hành lý xách tay 7 kg,Hành lý 0 kg,2025-04-25,PQC
5001,PQC0178,Vietnam Airlines,1.578.420 VND/khách,05:25,2025-04-28,06:20,2025-04-28,55m,Hành lý xách tay 1 x 12 kg,Hành lý 23 kg,2025-04-25,PQC
5002,PQC0199,Vietnam Airlines,1.578.420 VND/khách,05:40,2025-04-28,06:40,2025-04-28,1h 0m,Hành lý xách tay 1 x 12 kg,Hành lý 23 kg,2025-04-25,PQC
5003,PQC0105,VietJet Air,1.604.000 VND/khách,14:05,2025-04-28,15:05,2025-04-28,1h 0m,Hành lý xách tay 7 kg,Hành lý 0 kg,2025-04-25,PQC
5004,PQC0149,VietJet Air,1.604.000 VND/khách,17:10,2025-04-28,18:15,2025-04-28,1h 5m,Hành lý xách tay 7 kg,Hành lý 0 kg,2025-04-25,PQC
5005,PQC0083,VietJet Air,1.716.000 VND/khách,11:35,2025-04-28,12:35,2025-04-28,1h 0m,Hành lý xách tay 7 kg,Hành lý 0 kg,2025-04-25,PQC
5006,PQC0059,VietJet Air,1.806.000 VND/khách,09:20,2025-04-28,10:20,2025-04-28,1h 0m,Hành lý xách tay 7 kg,Hành lý 0 kg,2025-04-25,PQC
5007,PQC0126,VietJet Air,1.806.000 VND/khách,15:40,2025-04-28,16:40,2025-04-28,1h 0m,Hành lý xách tay 7 kg,Hành lý 0 kg,2025-04-25,PQC
5008,PQC0221,Vietnam Airlines,1.860.138 VND/khách,08:10,2025-04-28,08:55,2025-04-28,45m,Hành lý xách tay 1 x 12 kg,Hành lý 23 kg,2025-04-25,PQC
5009,PQC0286,Vietnam Airlines,1.935.063 VND/khách,15:05,2025-04-28,16:10,2025-04-28,1h 5m,Hành lý xách tay 1 x 12 kg,Hành lý 23 kg,2025-04-25,PQC
5010,PQC0243,Vietnam Airlines,2.001.996 VND/khách,10:25,2025-04-28,11:25,2025-04-28,1h 0m,Hành lý xách tay 1 x 12 kg,Hành lý 23 kg,2025-04-25,PQC
5014,PQC0200,Vietnam Airlines,1.687.311 VND/khách,05:40,2025-04-29,06:40,2025-04-29,1h 0m,Hành lý xách tay 1 x 12 kg,Hành lý 23 kg,2025-04-25,PQC
5015,PQC0341,Vietravel Airlines,1.773.836 VND/khách,17:25,2025-04-29,18:25,2025-04-29,1h 0m,Hành lý xách tay 7 kg,Hành lý 0 kg,2025-04-25,PQC
5016,PQC0035,VietJet Air,1.808.000 VND/khách,05:55,2025-04-29,06:55,2025-04-29,1h 0m,Hành lý xách tay 7 kg,Hành lý 0 kg,2025-04-25,PQC
5017,PQC0040,VietJet Air,1.808.000 VND/khách,08:25,2025-04-29,09:30,2025-04-29,1h 5m,Hành lý xách tay 7 kg,Hành lý 0 kg,2025-04-25,PQC
5018,PQC0084,VietJet Air,1.835.000 VND/khách,11:35,2025-04-29,12:35,2025-04-29,1h 0m,Hành lý xách tay 7 kg,Hành lý 0 kg,2025-04-25,PQC
5019,PQC0106,VietJet Air,1.835.000 VND/khách,14:05,2025-04-29,15:05,2025-04-29,1h 0m,Hành lý xách tay 7 kg,Hành lý 0 kg,2025-04-25,PQC
5020,PQC0127,VietJet Air,1.835.000 VND/khách,15:40,2025-04-29,16:40,2025-04-29,1h 0m,Hành lý xách tay 7 kg,Hành lý 0 kg,2025-04-25,PQC
5021,PQC0060,VietJet Air,1.865.000 VND/khách,09:20,2025-04-29,10:20,2025-04-29,1h 0m,Hành lý xách tay 7 kg,Hành lý 0 kg,2025-04-25,PQC
5022,PQC0222,Vietnam Airlines,2.000.997 VND/khách,08:10,2025-04-29,08:55,2025-04-29,45m,Hành lý xách tay 1 x 12 kg,Hành lý 23 kg,2025-04-25,PQC
5023,PQC0246,Vietnam Airlines,2.004.993 VND/khách,12:10,2025-04-29,13:10,2025-04-29,1h 0m,Hành lý xách tay 1 x 12 kg,Hành lý 23 kg,2025-04-25,PQC
5024,PQC0299,Vietnam Airlines,2.004.993 VND/khách,17:25,2025-04-29,18:25,2025-04-29,1h 0m,Hành lý xách tay 1 x 12 kg,Hành lý 23 kg,2025-04-25,PQC
5025,PQC0321,Vietnam Airlines,2.004.993 VND/khách,21:05,2025-04-29,22:05,2025-04-29,1h 0m,Hành lý xách tay 1 x 12 kg,Hành lý 23 kg,2025-04-25,PQC
5026,PQC0287,Vietnam Airlines,2.015.982 VND/khách,15:05,2025-04-29,16:10,2025-04-29,1h 5m,Hành lý xách tay 1 x 12 kg,Hành lý 23 kg,2025-04-25,PQC
5027,PQC0014,Bamboo Airways,1.934.703 VND/khách,16:30,2025-04-30,17:30,2025-04-30,1h 0m,Hành lý xách tay 7 kg,Hành lý 20 kg,2025-04-25,PQC
5028,PQC0151,VietJet Air,1.924.000 VND/khách,17:10,2025-04-30,18:15,2025-04-30,1h 5m,Hành lý xách tay 7 kg,Hành lý 0 kg,2025-04-25,PQC
5029,PQC0316,Vietnam Airlines,1.993.005 VND/khách,20:20,2025-04-30,21:25,2025-04-30,1h 5m,Hành lý xách tay 1 x 12 kg,Hành lý 23 kg,2025-04-25,PQC
5031,PQC0001,Bamboo Airways,1.934.703 VND/khách,16:30,2025-05-01,17:30,2025-05-01,1h 0m,Hành lý xách tay 7 kg,Hành lý 20 kg,2025-04-26,PQC
5032,PQC0322,Vietravel Airlines,1.640.888 VND/khách,17:25,2025-05-01,18:25,2025-05-01,1h 0m,Hành lý xách tay 7 kg,Hành lý 0 kg,2025-04-26,PQC
5033,PQC0131,VietJet Air,1.914.000 VND/khách,17:10,2025-05-01,18:15,2025-05-01,1h 5m,Hành lý xách tay 7 kg,Hành lý 0 kg,2025-04-26,PQC
5034,PQC0154,VietJet Air,1.914.000 VND/khách,17:40,2025-05-01,18:45,2025-05-01,1h 5m,Hành lý xách tay 7 kg,Hành lý 0 kg,2025-04-26,PQC
5035,PQC0291,Vietnam Airlines,2.008.989 VND/khách,17:25,2025-05-01,18:25,2025-05-01,1h 0m,Hành lý xách tay 1 x 12 kg,Hành lý 23 kg,2025-04-26,PQC
5036,PQC0304,Vietnam Airlines,2.012.985 VND/khách,20:20,2025-05-01,21:20,2025-05-01,1h 0m,Hành lý xách tay 1 x 12 kg,Hành lý 23 kg,2025-04-26,PQC
5037,PQC0087,VietJet Air,2.124.050 VND/khách,14:05,2025-05-01,15:05,2025-05-01,1h 0m,Hành lý xách tay 7 kg,Hành lý 0 kg,2025-04-26,PQC
5038,PQC0002,Bamboo Airways,1.762.344 VND/khách,16:30,2025-05-02,17:30,2025-05-02,1h 0m,Hành lý xách tay 7 kg,Hành lý 0 kg,2025-04-26,PQC
5039,PQC0323,Vietravel Airlines,1.465.328 VND/khách,17:25,2025-05-02,18:25,2025-05-02,1h 0m,Hành lý xách tay 7 kg,Hành lý 0 kg,2025-04-26,PQC
5040,PQC0201,Vietnam Airlines,1.467.531 VND/khách,07:00,2025-05-02,08:05,2025-05-02,1h 5m,Hành lý xách tay 1 x 12 kg,Hành lý 23 kg,2025-04-26,PQC
5041,PQC0292,Vietnam Airlines,1.504.494 VND/khách,17:25,2025-05-02,18:25,2025-05-02,1h 0m,Hành lý xách tay 1 x 12 kg,Hành lý 23 kg,2025-04-26,PQC
5042,PQC0301,Vietnam Airlines,1.504.494 VND/khách,19:20,2025-05-02,20:20,2025-05-02,1h 0m,Hành lý xách tay 1 x 12 kg,Hành lý 23 kg,2025-04-26,PQC
5043,PQC0305,Vietnam Airlines,1.574.424 VND/khách,20:20,2025-05-02,21:20,2025-05-02,1h 0m,Hành lý xách tay 1 x 12 kg,Hành lý 23 kg,2025-04-26,PQC
5044,PQC0182,Vietnam Airlines,1.706.292 VND/khách,05:40,2025-05-02,06:40,2025-05-02,1h 0m,Hành lý xách tay 1 x 12 kg,Hành lý 23 kg,2025-04-26,PQC
5045,PQC0017,VietJet Air,1.712.000 VND/khách,05:55,2025-05-02,06:55,2025-05-02,1h 0m,Hành lý xách tay 7 kg,Hành lý 0 kg,2025-04-26,PQC
5046,PQC0132,VietJet Air,1.712.000 VND/khách,17:10,2025-05-02,18:15,2025-05-02,1h 5m,Hành lý xách tay 7 kg,Hành lý 0 kg,2025-04-26,PQC
5047,PQC0002,Bamboo Airways,1.762.344 VND/khách,16:30,2025-05-02,17:30,2025-05-02,1h 0m,Hành lý xách tay 7 kg,Hành lý 0 kg,2025-04-26,PQC
5048,PQC0245,Vietnam Airlines,1.792.206 VND/khách,10:30,2025-05-02,11:35,2025-05-02,1h 5m,Hành lý xách tay 1 x 12 kg,Hành lý 23 kg,2025-04-26,PQC
5049,PQC0109,VietJet Air,1.802.000 VND/khách,15:40,2025-05-02,16:40,2025-05-02,1h 0m,Hành lý xách tay 7 kg,Hành lý 0 kg,2025-04-26,PQC
5050,PQC0042,VietJet Air,1.832.000 VND/khách,09:20,2025-05-02,10:20,2025-05-02,1h 0m,Hành lý xách tay 7 kg,Hành lý 0 kg,2025-04-26,PQC
5051,PQC0088,VietJet Air,1.832.000 VND/khách,14:05,2025-05-02,15:05,2025-05-02,1h 0m,Hành lý xách tay 7 kg,Hành lý 0 kg,2025-04-26,PQC
5052,PQC0226,Vietnam Airlines,1.968.030 VND/khách,10:25,2025-05-02,11:25,2025-05-02,1h 0m,Hành lý xách tay 1 x 12 kg,Hành lý 23 kg,2025-04-26,PQC
5053,PQC0269,Vietnam Airlines,1.968.030 VND/khách,15:05,2025-05-02,16:10,2025-05-02,1h 5m,Hành lý xách tay 1 x 12 kg,Hành lý 23 kg,2025-04-26,PQC
5054,PQC0203,Vietnam Airlines,1.972.026 VND/khách,08:10,2025-05-02,08:55,2025-05-02,45m,Hành lý xách tay 1 x 12 kg,Hành lý 23 kg,2025-04-26,PQC
5055,PQC0248,Vietnam Airlines,2.001.996 VND/khách,13:00,2025-05-02,14:00,2025-05-02,1h 0m,Hành lý xách tay 1 x 12 kg,Hành lý 23 kg,2025-04-26,PQC
5061,PQC0003,Bamboo Airways,1.245.267 VND/khách,16:30,2025-05-03,17:30,2025-05-03,1h 0m,Hành lý xách tay 7 kg,Hành lý 0 kg,2025-04-26,PQC
5062,PQC0037,VietJet Air,1.151.000 VND/khách,08:25,2025-05-03,09:30,2025-05-03,1h 5m,Hành lý xách tay 7 kg,Hành lý 0 kg,2025-04-26,PQC
5063,PQC0324,Vietravel Airlines,1.207.973 VND/khách,17:25,2025-05-03,18:25,2025-05-03,1h 0m,Hành lý xách tay 7 kg,Hành lý 0 kg,2025-04-26,PQC
5064,PQC0168,Vietnam Airlines,1.258.740 VND/khách,05:25,2025-05-03,06:20,2025-05-03,55m,Hành lý xách tay 1 x 12 kg,Hành lý 23 kg,2025-04-26,PQC
5065,PQC0183,Vietnam Airlines,1.377.621 VND/khách,05:40,2025-05-03,06:40,2025-05-03,1h 0m,Hành lý xách tay 1 x 12 kg,Hành lý 23 kg,2025-04-26,PQC
5066,PQC0293,Vietnam Airlines,1.377.621 VND/khách,17:25,2025-05-03,18:25,2025-05-03,1h 0m,Hành lý xách tay 1 x 12 kg,Hành lý 23 kg,2025-04-26,PQC
5067,PQC0290,Vietnam Airlines,1.385.613 VND/khách,16:25,2025-05-03,17:25,2025-05-03,1h 0m,Hành lý xách tay 1 x 12 kg,Hành lý 23 kg,2025-04-26,PQC
5068,PQC0303,Vietnam Airlines,1.392.606 VND/khách,19:45,2025-05-03,20:45,2025-05-03,1h 0m,Hành lý xách tay 1 x 12 kg,Hành lý 23 kg,2025-04-26,PQC
5069,PQC0018,VietJet Air,1.417.000 VND/khách,05:55,2025-05-03,06:55,2025-05-03,1h 0m,Hành lý xách tay 7 kg,Hành lý 0 kg,2025-04-26,PQC
5070,PQC0306,Vietnam Airlines,1.478.520 VND/khách,20:20,2025-05-03,21:20,2025-05-03,1h 0m,Hành lý xách tay 1 x 12 kg,Hành lý 23 kg,2025-04-26,PQC
5071,PQC0247,Vietnam Airlines,1.497.501 VND/khách,12:20,2025-05-03,13:25,2025-05-03,1h 5m,Hành lý xách tay 1 x 12 kg,Hành lý 23 kg,2025-04-26,PQC
5072,PQC0204,Vietnam Airlines,1.574.424 VND/khách,08:10,2025-05-03,08:55,2025-05-03,45m,Hành lý xách tay 1 x 12 kg,Hành lý 23 kg,2025-04-26,PQC
5073,PQC0270,Vietnam Airlines,1.574.424 VND/khách,15:05,2025-05-03,16:10,2025-05-03,1h 5m,Hành lý xách tay 1 x 12 kg,Hành lý 23 kg,2025-04-26,PQC
5074,PQC0089,VietJet Air,1.596.000 VND/khách,14:05,2025-05-03,15:05,2025-05-03,1h 0m,Hành lý xách tay 7 kg,Hành lý 0 kg,2025-04-26,PQC
5075,PQC0133,VietJet Air,1.596.000 VND/khách,17:10,2025-05-03,18:15,2025-05-03,1h 5m,Hành lý xách tay 7 kg,Hành lý 0 kg,2025-04-26,PQC
5076,PQC0110,VietJet Air,1.712.000 VND/khách,15:40,2025-05-03,16:40,2025-05-03,1h 0m,Hành lý xách tay 7 kg,Hành lý 0 kg,2025-04-26,PQC
5077,PQC0043,VietJet Air,1.832.000 VND/khách,09:20,2025-05-03,10:20,2025-05-03,1h 0m,Hành lý xách tay 7 kg,Hành lý 0 kg,2025-04-26,PQC
5078,PQC0067,VietJet Air,1.832.000 VND/khách,11:35,2025-05-03,12:35,2025-05-03,1h 0m,Hành lý xách tay 7 kg,Hành lý 0 kg,2025-04-26,PQC
5079,PQC0252,Vietnam Airlines,1.900.119 VND/khách,13:05,2025-05-03,14:00,2025-05-03,55m,Hành lý xách tay 1 x 12 kg,Hành lý 23 kg,2025-04-26,PQC
5080,PQC0227,Vietnam Airlines,1.900.119 VND/khách,10:25,2025-05-03,11:25,2025-05-03,1h 0m,Hành lý xách tay 1 x 12 kg,Hành lý 23 kg,2025-04-26,PQC
5085,PQC0004,Bamboo Airways,1.332.977 VND/khách,16:30,2025-05-04,17:30,2025-05-04,1h 0m,Hành lý xách tay 7 kg,Hành lý 0 kg,2025-04-26,PQC
5086,PQC0019,VietJet Air,1.039.000 VND/khách,05:55,2025-05-04,06:55,2025-05-04,1h 0m,Hành lý xách tay 7 kg,Hành lý 0 kg,2025-04-26,PQC
5087,PQC0162,Vietnam Airlines,1.145.853 VND/khách,05:10,2025-05-04,06:10,2025-05-04,1h 0m,Hành lý xách tay 1 x 12 kg,Hành lý 23 kg,2025-04-26,PQC
5088,PQC0184,Vietnam Airlines,1.145.853 VND/khách,05:40,2025-05-04,06:40,2025-05-04,1h 0m,Hành lý xách tay 1 x 12 kg,Hành lý 23 kg,2025-04-26,PQC
5089,PQC0294,Vietnam Airlines,1.145.853 VND/khách,17:25,2025-05-04,18:25,2025-05-04,1h 0m,Hành lý xách tay 1 x 12 kg,Hành lý 23 kg,2025-04-26,PQC
5090,PQC0320,Vietnam Airlines,1.145.853 VND/khách,21:00,2025-05-04,22:00,2025-05-04,1h 0m,Hành lý xách tay 1 x 12 kg,Hành lý 23 kg,2025-04-26,PQC
5091,PQC0090,VietJet Air,1.151.000 VND/khách,14:05,2025-05-04,15:05,2025-05-04,1h 0m,Hành lý xách tay 7 kg,Hành lý 0 kg,2025-04-26,PQC
5092,PQC0111,VietJet Air,1.151.000 VND/khách,15:40,2025-05-04,16:40,2025-05-04,1h 0m,Hành lý xách tay 7 kg,Hành lý 0 kg,2025-04-26,PQC
5093,PQC0134,VietJet Air,1.151.000 VND/khách,17:10,2025-05-04,18:15,2025-05-04,1h 5m,Hành lý xách tay 7 kg,Hành lý 0 kg,2025-04-26,PQC
5094,PQC0317,Vietnam Airlines,1.164.834 VND/khách,20:25,2025-05-04,21:25,2025-05-04,1h 0m,Hành lý xách tay 1 x 12 kg,Hành lý 23 kg,2025-04-26,PQC
5095,PQC0044,VietJet Air,1.297.000 VND/khách,09:20,2025-05-04,10:20,2025-05-04,1h 0m,Hành lý xách tay 7 kg,Hành lý 0 kg,2025-04-26,PQC
5096,PQC0068,VietJet Air,1.297.000 VND/khách,11:35,2025-05-04,12:35,2025-05-04,1h 0m,Hành lý xách tay 7 kg,Hành lý 0 kg,2025-04-26,PQC
5097,PQC0004,Bamboo Airways,1.332.977 VND/khách,16:30,2025-05-04,17:30,2025-05-04,1h 0m,Hành lý xách tay 7 kg,Hành lý 0 kg,2025-04-26,PQC
5098,PQC0205,Vietnam Airlines,1.392.606 VND/khách,08:10,2025-05-04,08:55,2025-05-04,45m,Hành lý xách tay 1 x 12 kg,Hành lý 23 kg,2025-04-26,PQC
5099,PQC0271,Vietnam Airlines,1.396.602 VND/khách,15:05,2025-05-04,16:10,2025-05-04,1h 5m,Hành lý xách tay 1 x 12 kg,Hành lý 23 kg,2025-04-26,PQC
5100,PQC0228,Vietnam Airlines,1.574.424 VND/khách,10:25,2025-05-04,11:25,2025-05-04,1h 0m,Hành lý xách tay 1 x 12 kg,Hành lý 23 kg,2025-04-26,PQC
5101,PQC0253,Vietnam Airlines,1.706.292 VND/khách,13:05,2025-05-04,14:00,2025-05-04,55m,Hành lý xách tay 1 x 12 kg,Hành lý 23 kg,2025-04-26,PQC
5102,PQC0325,Vietravel Airlines,1.909.215 VND/khách,17:25,2025-05-04,18:25,2025-05-04,1h 0m,Hành lý xách tay 7 kg,Hành lý 0 kg,2025-04-26,PQC
5105,PQC0005,Bamboo Airways,869.953 VND/khách,16:30,2025-05-05,17:30,2025-05-05,1h 0m,Hành lý xách tay 7 kg,Hành lý 0 kg,2025-04-26,PQC
5106,PQC0326,Vietravel Airlines,745.133 VND/khách,17:25,2025-05-05,18:25,2025-05-05,1h 0m,Hành lý xách tay 7 kg,Hành lý 0 kg,2025-04-26,PQC
5107,PQC0135,VietJet Air,807.000 VND/khách,17:10,2025-05-05,18:15,2025-05-05,1h 5m,Hành lý xách tay 7 kg,Hành lý 0 kg,2025-04-26,PQC
5108,PQC0224,Vietnam Airlines,849.893 VND/khách,08:55,2025-05-05,09:55,2025-05-05,1h 0m,Hành lý xách tay 1 x 12 kg,Hành lý 0 kg,2025-04-26,PQC
5109,PQC0170,Vietnam Airlines,978.021 VND/khách,05:25,2025-05-05,06:20,2025-05-05,55m,Hành lý xách tay 1 x 12 kg,Hành lý 0 kg,2025-04-26,PQC
5110,PQC0020,VietJet Air,1.039.000 VND/khách,05:55,2025-05-05,06:55,2025-05-05,1h 0m,Hành lý xách tay 7 kg,Hành lý 0 kg,2025-04-26,PQC
5111,PQC0112,VietJet Air,1.046.000 VND/khách,15:40,2025-05-05,16:40,2025-05-05,1h 0m,Hành lý xách tay 7 kg,Hành lý 0 kg,2025-04-26,PQC
5112,PQC0091,VietJet Air,1.151.000 VND/khách,14:05,2025-05-05,15:05,2025-05-05,1h 0m,Hành lý xách tay 7 kg,Hành lý 0 kg,2025-04-26,PQC
5113,PQC0185,Vietnam Airlines,1.258.740 VND/khách,05:40,2025-05-05,06:40,2025-05-05,1h 0m,Hành lý xách tay 1 x 12 kg,Hành lý 23 kg,2025-04-26,PQC
5114,PQC0295,Vietnam Airlines,1.265.733 VND/khách,17:25,2025-05-05,18:25,2025-05-05,1h 0m,Hành lý xách tay 1 x 12 kg,Hành lý 23 kg,2025-04-26,PQC
5115,PQC0318,Vietnam Airlines,1.273.725 VND/khách,20:25,2025-05-05,21:25,2025-05-05,1h 0m,Hành lý xách tay 1 x 12 kg,Hành lý 23 kg,2025-04-26,PQC
5116,PQC0308,Vietnam Airlines,1.276.722 VND/khách,20:20,2025-05-05,21:20,2025-05-05,1h 0m,Hành lý xách tay 1 x 12 kg,Hành lý 23 kg,2025-04-26,PQC
5117,PQC0045,VietJet Air,1.297.000 VND/khách,09:20,2025-05-05,10:20,2025-05-05,1h 0m,Hành lý xách tay 7 kg,Hành lý 0 kg,2025-04-26,PQC
5118,PQC0069,VietJet Air,1.297.000 VND/khách,11:35,2025-05-05,12:35,2025-05-05,1h 0m,Hành lý xách tay 7 kg,Hành lý 0 kg,2025-04-26,PQC
5119,PQC0272,Vietnam Airlines,1.374.624 VND/khách,15:05,2025-05-05,16:10,2025-05-05,1h 5m,Hành lý xách tay 1 x 12 kg,Hành lý 23 kg,2025-04-26,PQC
5120,PQC0254,Vietnam Airlines,1.490.508 VND/khách,13:05,2025-05-05,14:00,2025-05-05,55m,Hành lý xách tay 1 x 12 kg,Hành lý 23 kg,2025-04-26,PQC
5121,PQC0206,Vietnam Airlines,1.574.424 VND/khách,08:10,2025-05-05,08:55,2025-05-05,45m,Hành lý xách tay 1 x 12 kg,Hành lý 23 kg,2025-04-26,PQC
5122,PQC0229,Vietnam Airlines,1.574.424 VND/khách,10:25,2025-05-05,11:25,2025-05-05,1h 0m,Hành lý xách tay 1 x 12 kg,Hành lý 23 kg,2025-04-26,PQC
5125,PQC0327,Vietravel Airlines,745.133 VND/khách,17:25,2025-05-06,18:25,2025-05-06,1h 0m,Hành lý xách tay 7 kg,Hành lý 0 kg,2025-04-26,PQC
5126,PQC0136,VietJet Air,807.000 VND/khách,17:10,2025-05-06,18:15,2025-05-06,1h 5m,Hành lý xách tay 7 kg,Hành lý 0 kg,2025-04-26,PQC
5127,PQC0021,VietJet Air,1.039.000 VND/khách,05:55,2025-05-06,06:55,2025-05-06,1h 0m,Hành lý xách tay 7 kg,Hành lý 0 kg,2025-04-26,PQC
5128,PQC0113,VietJet Air,1.039.000 VND/khách,15:40,2025-05-06,16:40,2025-05-06,1h 0m,Hành lý xách tay 7 kg,Hành lý 0 kg,2025-04-26,PQC
5129,PQC0064,VietJet Air,1.151.000 VND/khách,11:30,2025-05-06,12:30,2025-05-06,1h 0m,Hành lý xách tay 7 kg,Hành lý 0 kg,2025-04-26,PQC
5130,PQC0070,VietJet Air,1.151.000 VND/khách,11:35,2025-05-06,12:35,2025-05-06,1h 0m,Hành lý xách tay 7 kg,Hành lý 0 kg,2025-04-26,PQC
5131,PQC0092,VietJet Air,1.151.000 VND/khách,14:05,2025-05-06,15:05,2025-05-06,1h 0m,Hành lý xách tay 7 kg,Hành lý 0 kg,2025-04-26,PQC
5132,PQC0186,Vietnam Airlines,1.243.755 VND/khách,05:40,2025-05-06,06:40,2025-05-06,1h 0m,Hành lý xách tay 1 x 12 kg,Hành lý 23 kg,2025-04-26,PQC
5133,PQC0046,VietJet Air,1.297.000 VND/khách,09:20,2025-05-06,10:20,2025-05-06,1h 0m,Hành lý xách tay 7 kg,Hành lý 0 kg,2025-04-26,PQC
5134,PQC0273,Vietnam Airlines,1.389.609 VND/khách,15:05,2025-05-06,16:10,2025-05-06,1h 5m,Hành lý xách tay 1 x 12 kg,Hành lý 23 kg,2025-04-26,PQC
5135,PQC0255,Vietnam Airlines,1.478.520 VND/khách,13:05,2025-05-06,14:00,2025-05-06,55m,Hành lý xách tay 1 x 12 kg,Hành lý 23 kg,2025-04-26,PQC
5136,PQC0207,Vietnam Airlines,1.504.494 VND/khách,08:10,2025-05-06,08:55,2025-05-06,45m,Hành lý xách tay 1 x 12 kg,Hành lý 23 kg,2025-04-26,PQC
5137,PQC0230,Vietnam Airlines,1.582.416 VND/khách,10:25,2025-05-06,11:25,2025-05-06,1h 0m,Hành lý xách tay 1 x 12 kg,Hành lý 23 kg,2025-04-26,PQC
5141,PQC0006,Bamboo Airways,869.953 VND/khách,16:30,2025-05-07,17:30,2025-05-07,1h 0m,Hành lý xách tay 7 kg,Hành lý 0 kg,2025-04-26,PQC
5142,PQC0328,Vietravel Airlines,745.133 VND/khách,17:25,2025-05-07,18:25,2025-05-07,1h 0m,Hành lý xách tay 7 kg,Hành lý 0 kg,2025-04-26,PQC
5143,PQC0137,VietJet Air,807.000 VND/khách,17:10,2025-05-07,18:15,2025-05-07,1h 5m,Hành lý xách tay 7 kg,Hành lý 0 kg,2025-04-26,PQC
5144,PQC0022,VietJet Air,1.039.000 VND/khách,05:55,2025-05-07,06:55,2025-05-07,1h 0m,Hành lý xách tay 7 kg,Hành lý 0 kg,2025-04-26,PQC
5145,PQC0114,VietJet Air,1.039.000 VND/khách,15:40,2025-05-07,16:40,2025-05-07,1h 0m,Hành lý xách tay 7 kg,Hành lý 0 kg,2025-04-26,PQC
5146,PQC0071,VietJet Air,1.151.000 VND/khách,11:35,2025-05-07,12:35,2025-05-07,1h 0m,Hành lý xách tay 7 kg,Hành lý 0 kg,2025-04-26,PQC
5147,PQC0093,VietJet Air,1.151.000 VND/khách,14:05,2025-05-07,15:05,2025-05-07,1h 0m,Hành lý xách tay 7 kg,Hành lý 0 kg,2025-04-26,PQC
5148,PQC0187,Vietnam Airlines,1.258.740 VND/khách,05:40,2025-05-07,06:40,2025-05-07,1h 0m,Hành lý xách tay 1 x 12 kg,Hành lý 23 kg,2025-04-26,PQC
5149,PQC0047,VietJet Air,1.297.000 VND/khách,09:20,2025-05-07,10:20,2025-05-07,1h 0m,Hành lý xách tay 7 kg,Hành lý 0 kg,2025-04-26,PQC
5150,PQC0208,Vietnam Airlines,1.486.512 VND/khách,08:10,2025-05-07,08:55,2025-05-07,45m,Hành lý xách tay 1 x 12 kg,Hành lý 23 kg,2025-04-26,PQC
5151,PQC0274,Vietnam Airlines,1.527.121 VND/khách,15:05,2025-05-07,16:10,2025-05-07,1h 5m,Hành lý xách tay 1 x 12 kg,Hành lý 23 kg,2025-04-26,PQC
5152,PQC0231,Vietnam Airlines,1.574.424 VND/khách,10:25,2025-05-07,11:25,2025-05-07,1h 0m,Hành lý xách tay 1 x 12 kg,Hành lý 23 kg,2025-04-26,PQC
5153,PQC0256,Vietnam Airlines,1.827.820 VND/khách,13:05,2025-05-07,14:00,2025-05-07,55m,Hành lý xách tay 1 x 12 kg,Hành lý 23 kg,2025-04-26,PQC
5156,PQC0023,VietJet Air,1.039.000 VND/khách,05:55,2025-05-08,06:55,2025-05-08,1h 0m,Hành lý xách tay 7 kg,Hành lý 0 kg,2025-04-26,PQC
5157,PQC0329,Vietravel Airlines,1.133.160 VND/khách,17:25,2025-05-08,18:25,2025-05-08,1h 0m,Hành lý xách tay 7 kg,Hành lý 0 kg,2025-04-26,PQC
5158,PQC0094,VietJet Air,1.297.000 VND/khách,14:05,2025-05-08,15:05,2025-05-08,1h 0m,Hành lý xách tay 7 kg,Hành lý 0 kg,2025-04-26,PQC
5159,PQC0115,VietJet Air,1.297.000 VND/khách,15:40,2025-05-08,16:40,2025-05-08,1h 0m,Hành lý xách tay 7 kg,Hành lý 0 kg,2025-04-26,PQC
5160,PQC0038,VietJet Air,1.297.000 VND/khách,08:25,2025-05-08,09:30,2025-05-08,1h 5m,Hành lý xách tay 7 kg,Hành lý 0 kg,2025-04-26,PQC
5161,PQC0138,VietJet Air,1.297.000 VND/khách,17:10,2025-05-08,18:15,2025-05-08,1h 5m,Hành lý xách tay 7 kg,Hành lý 0 kg,2025-04-26,PQC
5162,PQC0155,VietJet Air,1.297.000 VND/khách,17:40,2025-05-08,18:45,2025-05-08,1h 5m,Hành lý xách tay 7 kg,Hành lý 0 kg,2025-04-26,PQC
5163,PQC0048,VietJet Air,1.319.000 VND/khách,09:20,2025-05-08,10:20,2025-05-08,1h 0m,Hành lý xách tay 7 kg,Hành lý 0 kg,2025-04-26,PQC
5164,PQC0188,Vietnam Airlines,1.392.606 VND/khách,05:40,2025-05-08,06:40,2025-05-08,1h 0m,Hành lý xách tay 1 x 12 kg,Hành lý 23 kg,2025-04-26,PQC
5165,PQC0072,VietJet Air,1.417.000 VND/khách,11:35,2025-05-08,12:35,2025-05-08,1h 0m,Hành lý xách tay 7 kg,Hành lý 0 kg,2025-04-26,PQC
5166,PQC0275,Vietnam Airlines,1.504.494 VND/khách,15:05,2025-05-08,16:10,2025-05-08,1h 5m,Hành lý xách tay 1 x 12 kg,Hành lý 23 kg,2025-04-26,PQC
5167,PQC0209,Vietnam Airlines,1.574.424 VND/khách,08:10,2025-05-08,08:55,2025-05-08,45m,Hành lý xách tay 1 x 12 kg,Hành lý 23 kg,2025-04-26,PQC
5168,PQC0309,Vietnam Airlines,1.574.424 VND/khách,20:20,2025-05-09,21:20,2025-05-09,1h 0m,Hành lý xách tay 1 x 12 kg,Hành lý 23 kg,2025-04-26,PQC
5169,PQC0257,Vietnam Airlines,1.595.403 VND/khách,13:05,2025-05-08,14:00,2025-05-08,55m,Hành lý xách tay 1 x 12 kg,Hành lý 23 kg,2025-04-26,PQC
5170,PQC0232,Vietnam Airlines,1.706.292 VND/khách,10:25,2025-05-08,11:25,2025-05-08,1h 0m,Hành lý xách tay 1 x 12 kg,Hành lý 23 kg,2025-04-26,PQC
5174,PQC0007,Bamboo Airways,1.420.686 VND/khách,16:30,2025-05-09,17:30,2025-05-09,1h 0m,Hành lý xách tay 7 kg,Hành lý 0 kg,2025-04-26,PQC
5175,PQC0330,Vietravel Airlines,1.133.160 VND/khách,17:25,2025-05-09,18:25,2025-05-09,1h 0m,Hành lý xách tay 7 kg,Hành lý 0 kg,2025-04-26,PQC
5176,PQC0116,VietJet Air,1.297.000 VND/khách,15:40,2025-05-09,16:40,2025-05-09,1h 0m,Hành lý xách tay 7 kg,Hành lý 0 kg,2025-04-26,PQC
5177,PQC0139,VietJet Air,1.297.000 VND/khách,17:10,2025-05-09,18:15,2025-05-09,1h 5m,Hành lý xách tay 7 kg,Hành lý 0 kg,2025-04-26,PQC
5178,PQC0024,VietJet Air,1.417.000 VND/khách,05:55,2025-05-09,06:55,2025-05-09,1h 0m,Hành lý xách tay 7 kg,Hành lý 0 kg,2025-04-26,PQC
5179,PQC0189,Vietnam Airlines,1.574.424 VND/khách,05:40,2025-05-09,06:40,2025-05-09,1h 0m,Hành lý xách tay 1 x 12 kg,Hành lý 23 kg,2025-04-26,PQC
5180,PQC0309,Vietnam Airlines,1.574.424 VND/khách,20:20,2025-05-09,21:20,2025-05-09,1h 0m,Hành lý xách tay 1 x 12 kg,Hành lý 23 kg,2025-04-26,PQC
5181,PQC0095,VietJet Air,1.596.000 VND/khách,14:05,2025-05-09,15:05,2025-05-09,1h 0m,Hành lý xách tay 7 kg,Hành lý 0 kg,2025-04-26,PQC
5182,PQC0276,Vietnam Airlines,1.703.295 VND/khách,15:05,2025-05-09,16:10,2025-05-09,1h 5m,Hành lý xách tay 1 x 12 kg,Hành lý 23 kg,2025-04-26,PQC
5183,PQC0049,VietJet Air,1.712.000 VND/khách,09:20,2025-05-09,10:20,2025-05-09,1h 0m,Hành lý xách tay 7 kg,Hành lý 0 kg,2025-04-26,PQC
5184,PQC0073,VietJet Air,1.712.000 VND/khách,11:35,2025-05-09,12:35,2025-05-09,1h 0m,Hành lý xách tay 7 kg,Hành lý 0 kg,2025-04-26,PQC
5185,PQC0249,Vietnam Airlines,1.736.262 VND/khách,13:00,2025-05-09,14:00,2025-05-09,1h 0m,Hành lý xách tay 1 x 12 kg,Hành lý 23 kg,2025-04-26,PQC
5186,PQC0233,Vietnam Airlines,1.900.119 VND/khách,10:25,2025-05-09,11:25,2025-05-09,1h 0m,Hành lý xách tay 1 x 12 kg,Hành lý 23 kg,2025-04-26,PQC
5187,PQC0210,Vietnam Airlines,1.953.823 VND/khách,08:10,2025-05-09,08:55,2025-05-09,45m,Hành lý xách tay 1 x 12 kg,Hành lý 23 kg,2025-04-26,PQC
5190,PQC0331,Vietravel Airlines,954.608 VND/khách,17:25,2025-05-10,18:25,2025-05-10,1h 0m,Hành lý xách tay 7 kg,Hành lý 0 kg,2025-04-26,PQC
5191,PQC0140,VietJet Air,1.151.000 VND/khách,17:10,2025-05-10,18:15,2025-05-10,1h 5m,Hành lý xách tay 7 kg,Hành lý 0 kg,2025-04-26,PQC
5192,PQC0096,VietJet Air,1.297.000 VND/khách,14:05,2025-05-10,15:05,2025-05-10,1h 0m,Hành lý xách tay 7 kg,Hành lý 0 kg,2025-04-26,PQC
5193,PQC0117,VietJet Air,1.297.000 VND/khách,15:40,2025-05-10,16:40,2025-05-10,1h 0m,Hành lý xách tay 7 kg,Hành lý 0 kg,2025-04-26,PQC
5194,PQC0025,VietJet Air,1.417.000 VND/khách,05:55,2025-05-10,06:55,2025-05-10,1h 0m,Hành lý xách tay 7 kg,Hành lý 0 kg,2025-04-26,PQC
5195,PQC0074,VietJet Air,1.417.000 VND/khách,11:35,2025-05-10,12:35,2025-05-10,1h 0m,Hành lý xách tay 7 kg,Hành lý 0 kg,2025-04-26,PQC
5196,PQC0277,Vietnam Airlines,1.504.494 VND/khách,15:05,2025-05-10,16:10,2025-05-10,1h 5m,Hành lý xách tay 1 x 12 kg,Hành lý 23 kg,2025-04-26,PQC
5197,PQC0050,VietJet Air,1.596.000 VND/khách,09:20,2025-05-10,10:20,2025-05-10,1h 0m,Hành lý xách tay 7 kg,Hành lý 0 kg,2025-04-26,PQC
5198,PQC0258,Vietnam Airlines,1.604.394 VND/khách,13:05,2025-05-10,14:00,2025-05-10,55m,Hành lý xách tay 1 x 12 kg,Hành lý 23 kg,2025-04-26,PQC
5199,PQC0211,Vietnam Airlines,1.706.292 VND/khách,08:10,2025-05-10,08:55,2025-05-10,45m,Hành lý xách tay 1 x 12 kg,Hành lý 23 kg,2025-04-26,PQC
5200,PQC0234,Vietnam Airlines,1.736.262 VND/khách,10:25,2025-05-10,11:25,2025-05-10,1h 0m,Hành lý xách tay 1 x 12 kg,Hành lý 23 kg,2025-04-26,PQC
5201,PQC0190,Vietnam Airlines,1.844.291 VND/khách,05:40,2025-05-10,06:40,2025-05-10,1h 0m,Hành lý xách tay 1 x 12 kg,Hành lý 23 kg,2025-04-26,PQC
5205,PQC0008,Bamboo Airways,869.953 VND/khách,16:30,2025-05-11,17:30,2025-05-11,1h 0m,Hành lý xách tay 7 kg,Hành lý 0 kg,2025-04-26,PQC
5206,PQC0332,Vietravel Airlines,693.263 VND/khách,17:25,2025-05-11,18:25,2025-05-11,1h 0m,Hành lý xách tay 7 kg,Hành lý 0 kg,2025-04-26,PQC
5207,PQC0141,VietJet Air,807.000 VND/khách,17:10,2025-05-11,18:15,2025-05-11,1h 5m,Hành lý xách tay 7 kg,Hành lý 0 kg,2025-04-26,PQC
5208,PQC0118,VietJet Air,815.000 VND/khách,15:40,2025-05-11,16:40,2025-05-11,1h 0m,Hành lý xách tay 7 kg,Hành lý 0 kg,2025-04-26,PQC
5209,PQC0026,VietJet Air,1.039.000 VND/khách,05:55,2025-05-11,06:55,2025-05-11,1h 0m,Hành lý xách tay 7 kg,Hành lý 0 kg,2025-04-26,PQC
5210,PQC0191,Vietnam Airlines,1.145.853 VND/khách,05:40,2025-05-11,06:40,2025-05-11,1h 0m,Hành lý xách tay 1 x 12 kg,Hành lý 23 kg,2025-04-26,PQC
5211,PQC0310,Vietnam Airlines,1.145.853 VND/khách,20:20,2025-05-11,21:20,2025-05-11,1h 0m,Hành lý xách tay 1 x 12 kg,Hành lý 23 kg,2025-04-26,PQC
5212,PQC0075,VietJet Air,1.151.000 VND/khách,11:35,2025-05-11,12:35,2025-05-11,1h 0m,Hành lý xách tay 7 kg,Hành lý 0 kg,2025-04-26,PQC
5213,PQC0097,VietJet Air,1.151.000 VND/khách,14:05,2025-05-11,15:05,2025-05-11,1h 0m,Hành lý xách tay 7 kg,Hành lý 0 kg,2025-04-26,PQC
5214,PQC0278,Vietnam Airlines,1.261.737 VND/khách,15:05,2025-05-11,16:10,2025-05-11,1h 5m,Hành lý xách tay 1 x 12 kg,Hành lý 23 kg,2025-04-26,PQC
5215,PQC0051,VietJet Air,1.297.000 VND/khách,09:20,2025-05-11,10:20,2025-05-11,1h 0m,Hành lý xách tay 7 kg,Hành lý 0 kg,2025-04-26,PQC
5216,PQC0259,Vietnam Airlines,1.381.617 VND/khách,13:05,2025-05-11,14:00,2025-05-11,55m,Hành lý xách tay 1 x 12 kg,Hành lý 23 kg,2025-04-26,PQC
5217,PQC0235,Vietnam Airlines,1.392.606 VND/khách,10:25,2025-05-11,11:25,2025-05-11,1h 0m,Hành lý xách tay 1 x 12 kg,Hành lý 23 kg,2025-04-26,PQC
5218,PQC0212,Vietnam Airlines,1.504.494 VND/khách,08:10,2025-05-11,08:55,2025-05-11,45m,Hành lý xách tay 1 x 12 kg,Hành lý 23 kg,2025-04-26,PQC
5221,PQC0012,Bamboo Airways,1.608.343 VND/khách,16:30,2025-04-27,17:30,2025-04-27,1h 0m,Hành lý xách tay 7 kg,Hành lý 0 kg,2025-04-26,PQC
5222,PQC0339,Vietravel Airlines,1.484.280 VND/khách,17:25,2025-04-27,18:25,2025-04-27,1h 0m,Hành lý xách tay 7 kg,Hành lý 0 kg,2025-04-26,PQC
5223,PQC0104,VietJet Air,1.604.000 VND/khách,14:05,2025-04-27,15:05,2025-04-27,1h 0m,Hành lý xách tay 7 kg,Hành lý 0 kg,2025-04-26,PQC
5224,PQC0148,VietJet Air,1.604.000 VND/khách,17:10,2025-04-27,18:15,2025-04-27,1h 5m,Hành lý xách tay 7 kg,Hành lý 0 kg,2025-04-26,PQC
5225,PQC0163,Vietnam Airlines,1.688.310 VND/khách,05:10,2025-04-27,06:10,2025-04-27,1h 0m,Hành lý xách tay 1 x 12 kg,Hành lý 23 kg,2025-04-26,PQC
5226,PQC0313,Vietnam Airlines,1.706.292 VND/khách,20:20,2025-04-27,21:20,2025-04-27,1h 0m,Hành lý xách tay 1 x 12 kg,Hành lý 23 kg,2025-04-26,PQC
5227,PQC0125,VietJet Air,1.716.000 VND/khách,15:40,2025-04-27,16:40,2025-04-27,1h 0m,Hành lý xách tay 7 kg,Hành lý 0 kg,2025-04-26,PQC
5228,PQC0033,VietJet Air,1.760.000 VND/khách,05:55,2025-04-27,06:55,2025-04-27,1h 0m,Hành lý xách tay 7 kg,Hành lý 0 kg,2025-04-26,PQC
5229,PQC0082,VietJet Air,1.922.000 VND/khách,11:35,2025-04-27,12:35,2025-04-27,1h 0m,Hành lý xách tay 7 kg,Hành lý 0 kg,2025-04-26,PQC
5230,PQC0285,Vietnam Airlines,1.946.052 VND/khách,15:05,2025-04-27,16:10,2025-04-27,1h 5m,Hành lý xách tay 1 x 12 kg,Hành lý 23 kg,2025-04-26,PQC
5231,PQC0177,Vietnam Airlines,1.976.022 VND/khách,05:25,2025-04-27,06:20,2025-04-27,55m,Hành lý xách tay 1 x 12 kg,Hành lý 23 kg,2025-04-26,PQC
5232,PQC0265,Vietnam Airlines,1.976.022 VND/khách,13:05,2025-04-27,14:00,2025-04-27,55m,Hành lý xách tay 1 x 12 kg,Hành lý 23 kg,2025-04-26,PQC
5233,PQC0242,Vietnam Airlines,1.979.019 VND/khách,10:25,2025-04-27,11:25,2025-04-27,1h 0m,Hành lý xách tay 1 x 12 kg,Hành lý 23 kg,2025-04-26,PQC
5234,PQC0220,Vietnam Airlines,1.998.000 VND/khách,08:10,2025-04-27,08:55,2025-04-27,45m,Hành lý xách tay 1 x 12 kg,Hành lý 23 kg,2025-04-26,PQC
5235,PQC0058,VietJet Air,2.012.270 VND/khách,09:20,2025-04-27,10:20,2025-04-27,1h 0m,Hành lý xách tay 7 kg,Hành lý 0 kg,2025-04-26,PQC
5236,PQC0013,Bamboo Airways,1.741.250 VND/khách,16:30,2025-04-28,17:30,2025-04-28,1h 0m,Hành lý xách tay 7 kg,Hành lý 0 kg,2025-04-26,PQC
5237,PQC0034,VietJet Air,1.301.000 VND/khách,05:55,2025-04-28,06:55,2025-04-28,1h 0m,Hành lý xách tay 7 kg,Hành lý 0 kg,2025-04-26,PQC
5238,PQC0340,Vietravel Airlines,1.461.338 VND/khách,17:25,2025-04-28,18:25,2025-04-28,1h 0m,Hành lý xách tay 7 kg,Hành lý 0 kg,2025-04-26,PQC
5239,PQC0178,Vietnam Airlines,1.574.424 VND/khách,05:25,2025-04-28,06:20,2025-04-28,55m,Hành lý xách tay 1 x 12 kg,Hành lý 23 kg,2025-04-26,PQC
5240,PQC0199,Vietnam Airlines,1.574.424 VND/khách,05:40,2025-04-28,06:40,2025-04-28,1h 0m,Hành lý xách tay 1 x 12 kg,Hành lý 23 kg,2025-04-26,PQC
5241,PQC0105,VietJet Air,1.604.000 VND/khách,14:05,2025-04-28,15:05,2025-04-28,1h 0m,Hành lý xách tay 7 kg,Hành lý 0 kg,2025-04-26,PQC
5242,PQC0149,VietJet Air,1.604.000 VND/khách,17:10,2025-04-28,18:15,2025-04-28,1h 5m,Hành lý xách tay 7 kg,Hành lý 0 kg,2025-04-26,PQC
5243,PQC0083,VietJet Air,1.716.000 VND/khách,11:35,2025-04-28,12:35,2025-04-28,1h 0m,Hành lý xách tay 7 kg,Hành lý 0 kg,2025-04-26,PQC
5244,PQC0013,Bamboo Airways,1.741.250 VND/khách,16:30,2025-04-28,17:30,2025-04-28,1h 0m,Hành lý xách tay 7 kg,Hành lý 0 kg,2025-04-26,PQC
5245,PQC0059,VietJet Air,1.802.000 VND/khách,09:20,2025-04-28,10:20,2025-04-28,1h 0m,Hành lý xách tay 7 kg,Hành lý 0 kg,2025-04-26,PQC
5246,PQC0126,VietJet Air,1.802.000 VND/khách,15:40,2025-04-28,16:40,2025-04-28,1h 0m,Hành lý xách tay 7 kg,Hành lý 0 kg,2025-04-26,PQC
5247,PQC0221,Vietnam Airlines,1.912.086 VND/khách,08:10,2025-04-28,08:55,2025-04-28,45m,Hành lý xách tay 1 x 12 kg,Hành lý 23 kg,2025-04-26,PQC
5248,PQC0286,Vietnam Airlines,1.991.007 VND/khách,15:05,2025-04-28,16:10,2025-04-28,1h 5m,Hành lý xách tay 1 x 12 kg,Hành lý 23 kg,2025-04-26,PQC
5249,PQC0243,Vietnam Airlines,1.999.998 VND/khách,10:25,2025-04-28,11:25,2025-04-28,1h 0m,Hành lý xách tay 1 x 12 kg,Hành lý 23 kg,2025-04-26,PQC
5250,PQC0266,Vietnam Airlines,2.005.992 VND/khách,13:05,2025-04-28,14:00,2025-04-28,55m,Hành lý xách tay 1 x 12 kg,Hành lý 23 kg,2025-04-26,PQC
5253,PQC0200,Vietnam Airlines,1.684.314 VND/khách,05:40,2025-04-29,06:40,2025-04-29,1h 0m,Hành lý xách tay 1 x 12 kg,Hành lý 23 kg,2025-04-26,PQC
5254,PQC0035,VietJet Air,1.802.000 VND/khách,05:55,2025-04-29,06:55,2025-04-29,1h 0m,Hành lý xách tay 7 kg,Hành lý 0 kg,2025-04-26,PQC
5255,PQC0040,VietJet Air,1.802.000 VND/khách,08:25,2025-04-29,09:30,2025-04-29,1h 5m,Hành lý xách tay 7 kg,Hành lý 0 kg,2025-04-26,PQC
5256,PQC0341,Vietravel Airlines,1.816.448 VND/khách,17:25,2025-04-29,18:25,2025-04-29,1h 0m,Hành lý xách tay 7 kg,Hành lý 0 kg,2025-04-26,PQC
5257,PQC0084,VietJet Air,1.832.000 VND/khách,11:35,2025-04-29,12:35,2025-04-29,1h 0m,Hành lý xách tay 7 kg,Hành lý 0 kg,2025-04-26,PQC
5258,PQC0106,VietJet Air,1.832.000 VND/khách,14:05,2025-04-29,15:05,2025-04-29,1h 0m,Hành lý xách tay 7 kg,Hành lý 0 kg,2025-04-26,PQC
5259,PQC0127,VietJet Air,1.832.000 VND/khách,15:40,2025-04-29,16:40,2025-04-29,1h 0m,Hành lý xách tay 7 kg,Hành lý 0 kg,2025-04-26,PQC
5260,PQC0060,VietJet Air,1.862.000 VND/khách,09:20,2025-04-29,10:20,2025-04-29,1h 0m,Hành lý xách tay 7 kg,Hành lý 0 kg,2025-04-26,PQC
5261,PQC0153,VietJet Air,1.918.000 VND/khách,17:25,2025-04-29,18:30,2025-04-29,1h 5m,Hành lý xách tay 7 kg,Hành lý 0 kg,2025-04-26,PQC
5262,PQC0246,Vietnam Airlines,1.998.000 VND/khách,12:10,2025-04-29,13:10,2025-04-29,1h 0m,Hành lý xách tay 1 x 12 kg,Hành lý 23 kg,2025-04-26,PQC
5263,PQC0299,Vietnam Airlines,1.998.000 VND/khách,17:25,2025-04-29,18:25,2025-04-29,1h 0m,Hành lý xách tay 1 x 12 kg,Hành lý 23 kg,2025-04-26,PQC
5264,PQC0316,Vietnam Airlines,1.987.011 VND/khách,20:20,2025-04-30,21:25,2025-04-30,1h 5m,Hành lý xách tay 1 x 12 kg,Hành lý 23 kg,2025-04-26,PQC
5267,PQC0001,Bamboo Airways,1.934.703 VND/khách,16:30,2025-05-01,17:30,2025-05-01,1h 0m,Hành lý xách tay 7 kg,Hành lý 20 kg,2025-04-27,PQC
5268,PQC0322,Vietravel Airlines,1.749.615 VND/khách,17:25,2025-05-01,18:25,2025-05-01,1h 0m,Hành lý xách tay 7 kg,Hành lý 0 kg,2025-04-27,PQC
5269,PQC0131,VietJet Air,1.908.000 VND/khách,17:10,2025-05-01,18:15,2025-05-01,1h 5m,Hành lý xách tay 7 kg,Hành lý 0 kg,2025-04-27,PQC
5270,PQC0154,VietJet Air,1.908.000 VND/khách,17:40,2025-05-01,18:45,2025-05-01,1h 5m,Hành lý xách tay 7 kg,Hành lý 0 kg,2025-04-27,PQC
5271,PQC0087,VietJet Air,1.919.000 VND/khách,14:05,2025-05-01,15:05,2025-05-01,1h 0m,Hành lý xách tay 7 kg,Hành lý 0 kg,2025-04-27,PQC
5272,PQC0291,Vietnam Airlines,2.010.987 VND/khách,17:25,2025-05-01,18:25,2025-05-01,1h 0m,Hành lý xách tay 1 x 12 kg,Hành lý 23 kg,2025-04-27,PQC
5273,PQC0002,Bamboo Airways,1.762.344 VND/khách,16:30,2025-05-02,17:30,2025-05-02,1h 0m,Hành lý xách tay 7 kg,Hành lý 0 kg,2025-04-27,PQC
5274,PQC0323,Vietravel Airlines,1.462.335 VND/khách,17:25,2025-05-02,18:25,2025-05-02,1h 0m,Hành lý xách tay 7 kg,Hành lý 0 kg,2025-04-27,PQC
5275,PQC0201,Vietnam Airlines,1.468.530 VND/khách,07:00,2025-05-02,08:05,2025-05-02,1h 5m,Hành lý xách tay 1 x 12 kg,Hành lý 23 kg,2025-04-27,PQC
5276,PQC0292,Vietnam Airlines,1.502.496 VND/khách,17:25,2025-05-02,18:25,2025-05-02,1h 0m,Hành lý xách tay 1 x 12 kg,Hành lý 23 kg,2025-04-27,PQC
5277,PQC0301,Vietnam Airlines,1.502.496 VND/khách,19:20,2025-05-02,20:20,2025-05-02,1h 0m,Hành lý xách tay 1 x 12 kg,Hành lý 23 kg,2025-04-27,PQC
5278,PQC0305,Vietnam Airlines,1.575.423 VND/khách,20:20,2025-05-02,21:20,2025-05-02,1h 0m,Hành lý xách tay 1 x 12 kg,Hành lý 23 kg,2025-04-27,PQC
5279,PQC0182,Vietnam Airlines,1.704.294 VND/khách,05:40,2025-05-02,06:40,2025-05-02,1h 0m,Hành lý xách tay 1 x 12 kg,Hành lý 23 kg,2025-04-27,PQC
5280,PQC0017,VietJet Air,1.707.000 VND/khách,05:55,2025-05-02,06:55,2025-05-02,1h 0m,Hành lý xách tay 7 kg,Hành lý 0 kg,2025-04-27,PQC
5281,PQC0132,VietJet Air,1.707.000 VND/khách,17:10,2025-05-02,18:15,2025-05-02,1h 5m,Hành lý xách tay 7 kg,Hành lý 0 kg,2025-04-27,PQC
5282,PQC0002,Bamboo Airways,1.762.344 VND/khách,16:30,2025-05-02,17:30,2025-05-02,1h 0m,Hành lý xách tay 7 kg,Hành lý 0 kg,2025-04-27,PQC
5283,PQC0245,Vietnam Airlines,1.790.208 VND/khách,10:30,2025-05-02,11:35,2025-05-02,1h 5m,Hành lý xách tay 1 x 12 kg,Hành lý 23 kg,2025-04-27,PQC
5284,PQC0109,VietJet Air,1.792.000 VND/khách,15:40,2025-05-02,16:40,2025-05-02,1h 0m,Hành lý xách tay 7 kg,Hành lý 0 kg,2025-04-27,PQC
5285,PQC0088,VietJet Air,1.819.000 VND/khách,14:05,2025-05-02,15:05,2025-05-02,1h 0m,Hành lý xách tay 7 kg,Hành lý 0 kg,2025-04-27,PQC
5286,PQC0042,VietJet Air,1.852.000 VND/khách,09:20,2025-05-02,10:20,2025-05-02,1h 0m,Hành lý xách tay 7 kg,Hành lý 0 kg,2025-04-27,PQC
5287,PQC0269,Vietnam Airlines,1.940.058 VND/khách,15:05,2025-05-02,16:10,2025-05-02,1h 5m,Hành lý xách tay 1 x 12 kg,Hành lý 23 kg,2025-04-27,PQC
5288,PQC0226,Vietnam Airlines,1.970.028 VND/khách,10:25,2025-05-02,11:25,2025-05-02,1h 0m,Hành lý xách tay 1 x 12 kg,Hành lý 23 kg,2025-04-27,PQC
5289,PQC0248,Vietnam Airlines,2.010.987 VND/khách,13:00,2025-05-02,14:00,2025-05-02,1h 0m,Hành lý xách tay 1 x 12 kg,Hành lý 23 kg,2025-04-27,PQC
5290,PQC0203,Vietnam Airlines,2.014.983 VND/khách,08:10,2025-05-02,08:55,2025-05-02,45m,Hành lý xách tay 1 x 12 kg,Hành lý 23 kg,2025-04-27,PQC
5296,PQC0003,Bamboo Airways,1.245.267 VND/khách,16:30,2025-05-03,17:30,2025-05-03,1h 0m,Hành lý xách tay 7 kg,Hành lý 0 kg,2025-04-27,PQC
5297,PQC0037,VietJet Air,1.175.000 VND/khách,08:25,2025-05-03,09:30,2025-05-03,1h 5m,Hành lý xách tay 7 kg,Hành lý 0 kg,2025-04-27,PQC
5298,PQC0324,Vietravel Airlines,1.209.968 VND/khách,17:25,2025-05-03,18:25,2025-05-03,1h 0m,Hành lý xách tay 7 kg,Hành lý 0 kg,2025-04-27,PQC
5299,PQC0168,Vietnam Airlines,1.259.739 VND/khách,05:25,2025-05-03,06:20,2025-05-03,55m,Hành lý xách tay 1 x 12 kg,Hành lý 23 kg,2025-04-27,PQC
5300,PQC0290,Vietnam Airlines,1.382.616 VND/khách,16:25,2025-05-03,17:25,2025-05-03,1h 0m,Hành lý xách tay 1 x 12 kg,Hành lý 23 kg,2025-04-27,PQC
5301,PQC0183,Vietnam Airlines,1.390.608 VND/khách,05:40,2025-05-03,06:40,2025-05-03,1h 0m,Hành lý xách tay 1 x 12 kg,Hành lý 23 kg,2025-04-27,PQC
5302,PQC0303,Vietnam Airlines,1.390.608 VND/khách,19:45,2025-05-03,20:45,2025-05-03,1h 0m,Hành lý xách tay 1 x 12 kg,Hành lý 23 kg,2025-04-27,PQC
5303,PQC0293,Vietnam Airlines,1.394.604 VND/khách,17:25,2025-05-03,18:25,2025-05-03,1h 0m,Hành lý xách tay 1 x 12 kg,Hành lý 23 kg,2025-04-27,PQC
5304,PQC0018,VietJet Air,1.433.000 VND/khách,05:55,2025-05-03,06:55,2025-05-03,1h 0m,Hành lý xách tay 7 kg,Hành lý 0 kg,2025-04-27,PQC
5305,PQC0133,VietJet Air,1.433.000 VND/khách,17:10,2025-05-03,18:15,2025-05-03,1h 5m,Hành lý xách tay 7 kg,Hành lý 0 kg,2025-04-27,PQC
5306,PQC0306,Vietnam Airlines,1.495.503 VND/khách,20:20,2025-05-03,21:20,2025-05-03,1h 0m,Hành lý xách tay 1 x 12 kg,Hành lý 23 kg,2025-04-27,PQC
5307,PQC0247,Vietnam Airlines,1.495.503 VND/khách,12:20,2025-05-03,13:25,2025-05-03,1h 5m,Hành lý xách tay 1 x 12 kg,Hành lý 23 kg,2025-04-27,PQC
5308,PQC0204,Vietnam Airlines,1.575.423 VND/khách,08:10,2025-05-03,08:55,2025-05-03,45m,Hành lý xách tay 1 x 12 kg,Hành lý 23 kg,2025-04-27,PQC
5309,PQC0270,Vietnam Airlines,1.575.423 VND/khách,15:05,2025-05-03,16:10,2025-05-03,1h 5m,Hành lý xách tay 1 x 12 kg,Hành lý 23 kg,2025-04-27,PQC
5310,PQC0089,VietJet Air,1.590.000 VND/khách,14:05,2025-05-03,15:05,2025-05-03,1h 0m,Hành lý xách tay 7 kg,Hành lý 0 kg,2025-04-27,PQC
5311,PQC0110,VietJet Air,1.707.000 VND/khách,15:40,2025-05-03,16:40,2025-05-03,1h 0m,Hành lý xách tay 7 kg,Hành lý 0 kg,2025-04-27,PQC
5312,PQC0043,VietJet Air,1.819.000 VND/khách,09:20,2025-05-03,10:20,2025-05-03,1h 0m,Hành lý xách tay 7 kg,Hành lý 0 kg,2025-04-27,PQC
5313,PQC0067,VietJet Air,1.819.000 VND/khách,11:35,2025-05-03,12:35,2025-05-03,1h 0m,Hành lý xách tay 7 kg,Hành lý 0 kg,2025-04-27,PQC
5314,PQC0227,Vietnam Airlines,1.925.073 VND/khách,10:25,2025-05-03,11:25,2025-05-03,1h 0m,Hành lý xách tay 1 x 12 kg,Hành lý 23 kg,2025-04-27,PQC
5315,PQC0252,Vietnam Airlines,1.948.050 VND/khách,13:05,2025-05-03,14:00,2025-05-03,55m,Hành lý xách tay 1 x 12 kg,Hành lý 23 kg,2025-04-27,PQC
5319,PQC0004,Bamboo Airways,1.332.977 VND/khách,16:30,2025-05-04,17:30,2025-05-04,1h 0m,Hành lý xách tay 7 kg,Hành lý 0 kg,2025-04-27,PQC
5320,PQC0019,VietJet Air,1.066.000 VND/khách,05:55,2025-05-04,06:55,2025-05-04,1h 0m,Hành lý xách tay 7 kg,Hành lý 0 kg,2025-04-27,PQC
5321,PQC0162,Vietnam Airlines,1.165.833 VND/khách,05:10,2025-05-04,06:10,2025-05-04,1h 0m,Hành lý xách tay 1 x 12 kg,Hành lý 23 kg,2025-04-27,PQC
5322,PQC0184,Vietnam Airlines,1.165.833 VND/khách,05:40,2025-05-04,06:40,2025-05-04,1h 0m,Hành lý xách tay 1 x 12 kg,Hành lý 23 kg,2025-04-27,PQC
5323,PQC0294,Vietnam Airlines,1.165.833 VND/khách,17:25,2025-05-04,18:25,2025-05-04,1h 0m,Hành lý xách tay 1 x 12 kg,Hành lý 23 kg,2025-04-27,PQC
5324,PQC0317,Vietnam Airlines,1.165.833 VND/khách,20:25,2025-05-04,21:25,2025-05-04,1h 0m,Hành lý xách tay 1 x 12 kg,Hành lý 23 kg,2025-04-27,PQC
5325,PQC0320,Vietnam Airlines,1.165.833 VND/khách,21:00,2025-05-04,22:00,2025-05-04,1h 0m,Hành lý xách tay 1 x 12 kg,Hành lý 23 kg,2025-04-27,PQC
5326,PQC0090,VietJet Air,1.175.000 VND/khách,14:05,2025-05-04,15:05,2025-05-04,1h 0m,Hành lý xách tay 7 kg,Hành lý 0 kg,2025-04-27,PQC
5327,PQC0111,VietJet Air,1.175.000 VND/khách,15:40,2025-05-04,16:40,2025-05-04,1h 0m,Hành lý xách tay 7 kg,Hành lý 0 kg,2025-04-27,PQC
5328,PQC0134,VietJet Air,1.175.000 VND/khách,17:10,2025-05-04,18:15,2025-05-04,1h 5m,Hành lý xách tay 7 kg,Hành lý 0 kg,2025-04-27,PQC
5329,PQC0271,Vietnam Airlines,1.255.743 VND/khách,15:05,2025-05-04,16:10,2025-05-04,1h 5m,Hành lý xách tay 1 x 12 kg,Hành lý 23 kg,2025-04-27,PQC
5330,PQC0044,VietJet Air,1.310.000 VND/khách,09:20,2025-05-04,10:20,2025-05-04,1h 0m,Hành lý xách tay 7 kg,Hành lý 0 kg,2025-04-27,PQC
5331,PQC0068,VietJet Air,1.310.000 VND/khách,11:35,2025-05-04,12:35,2025-05-04,1h 0m,Hành lý xách tay 7 kg,Hành lý 0 kg,2025-04-27,PQC
5332,PQC0004,Bamboo Airways,1.332.977 VND/khách,16:30,2025-05-04,17:30,2025-05-04,1h 0m,Hành lý xách tay 7 kg,Hành lý 0 kg,2025-04-27,PQC
5333,PQC0205,Vietnam Airlines,1.390.608 VND/khách,08:10,2025-05-04,08:55,2025-05-04,45m,Hành lý xách tay 1 x 12 kg,Hành lý 23 kg,2025-04-27,PQC
5334,PQC0228,Vietnam Airlines,1.575.423 VND/khách,10:25,2025-05-04,11:25,2025-05-04,1h 0m,Hành lý xách tay 1 x 12 kg,Hành lý 23 kg,2025-04-27,PQC
5335,PQC0253,Vietnam Airlines,1.704.294 VND/khách,13:05,2025-05-04,14:00,2025-05-04,55m,Hành lý xách tay 1 x 12 kg,Hành lý 23 kg,2025-04-27,PQC
5336,PQC0325,Vietravel Airlines,1.911.210 VND/khách,17:25,2025-05-04,18:25,2025-05-04,1h 0m,Hành lý xách tay 7 kg,Hành lý 0 kg,2025-04-27,PQC
5339,PQC0005,Bamboo Airways,869.953 VND/khách,16:30,2025-05-05,17:30,2025-05-05,1h 0m,Hành lý xách tay 7 kg,Hành lý 0 kg,2025-04-27,PQC
5340,PQC0326,Vietravel Airlines,746.130 VND/khách,17:25,2025-05-05,18:25,2025-05-05,1h 0m,Hành lý xách tay 7 kg,Hành lý 0 kg,2025-04-27,PQC
5341,PQC0135,VietJet Air,838.000 VND/khách,17:10,2025-05-05,18:15,2025-05-05,1h 5m,Hành lý xách tay 7 kg,Hành lý 0 kg,2025-04-27,PQC
5342,PQC0224,Vietnam Airlines,871.128 VND/khách,08:55,2025-05-05,09:55,2025-05-05,1h 0m,Hành lý xách tay 1 x 12 kg,Hành lý 0 kg,2025-04-27,PQC
5343,PQC0170,Vietnam Airlines,980.019 VND/khách,05:25,2025-05-05,06:20,2025-05-05,55m,Hành lý xách tay 1 x 12 kg,Hành lý 0 kg,2025-04-27,PQC
5344,PQC0020,VietJet Air,1.066.000 VND/khách,05:55,2025-05-05,06:55,2025-05-05,1h 0m,Hành lý xách tay 7 kg,Hành lý 0 kg,2025-04-27,PQC
5345,PQC0112,VietJet Air,1.066.000 VND/khách,15:40,2025-05-05,16:40,2025-05-05,1h 0m,Hành lý xách tay 7 kg,Hành lý 0 kg,2025-04-27,PQC
5346,PQC0091,VietJet Air,1.175.000 VND/khách,14:05,2025-05-05,15:05,2025-05-05,1h 0m,Hành lý xách tay 7 kg,Hành lý 0 kg,2025-04-27,PQC
5347,PQC0295,Vietnam Airlines,1.263.735 VND/khách,17:25,2025-05-05,18:25,2025-05-05,1h 0m,Hành lý xách tay 1 x 12 kg,Hành lý 23 kg,2025-04-27,PQC
5348,PQC0318,Vietnam Airlines,1.270.728 VND/khách,20:25,2025-05-05,21:25,2025-05-05,1h 0m,Hành lý xách tay 1 x 12 kg,Hành lý 23 kg,2025-04-27,PQC
5349,PQC0185,Vietnam Airlines,1.274.724 VND/khách,05:40,2025-05-05,06:40,2025-05-05,1h 0m,Hành lý xách tay 1 x 12 kg,Hành lý 23 kg,2025-04-27,PQC
5350,PQC0308,Vietnam Airlines,1.274.724 VND/khách,20:20,2025-05-05,21:20,2025-05-05,1h 0m,Hành lý xách tay 1 x 12 kg,Hành lý 23 kg,2025-04-27,PQC
5351,PQC0045,VietJet Air,1.310.000 VND/khách,09:20,2025-05-05,10:20,2025-05-05,1h 0m,Hành lý xách tay 7 kg,Hành lý 0 kg,2025-04-27,PQC
5352,PQC0069,VietJet Air,1.310.000 VND/khách,11:35,2025-05-05,12:35,2025-05-05,1h 0m,Hành lý xách tay 7 kg,Hành lý 0 kg,2025-04-27,PQC
5353,PQC0272,Vietnam Airlines,1.390.608 VND/khách,15:05,2025-05-05,16:10,2025-05-05,1h 5m,Hành lý xách tay 1 x 12 kg,Hành lý 23 kg,2025-04-27,PQC
5354,PQC0254,Vietnam Airlines,1.484.514 VND/khách,13:05,2025-05-05,14:00,2025-05-05,55m,Hành lý xách tay 1 x 12 kg,Hành lý 23 kg,2025-04-27,PQC
5355,PQC0206,Vietnam Airlines,1.575.423 VND/khách,08:10,2025-05-05,08:55,2025-05-05,45m,Hành lý xách tay 1 x 12 kg,Hành lý 23 kg,2025-04-27,PQC
5356,PQC0229,Vietnam Airlines,1.575.423 VND/khách,10:25,2025-05-05,11:25,2025-05-05,1h 0m,Hành lý xách tay 1 x 12 kg,Hành lý 23 kg,2025-04-27,PQC
5359,PQC0327,Vietravel Airlines,746.130 VND/khách,17:25,2025-05-06,18:25,2025-05-06,1h 0m,Hành lý xách tay 7 kg,Hành lý 0 kg,2025-04-27,PQC
5360,PQC0136,VietJet Air,834.000 VND/khách,17:10,2025-05-06,18:15,2025-05-06,1h 5m,Hành lý xách tay 7 kg,Hành lý 0 kg,2025-04-27,PQC
5361,PQC0021,VietJet Air,1.063.000 VND/khách,05:55,2025-05-06,06:55,2025-05-06,1h 0m,Hành lý xách tay 7 kg,Hành lý 0 kg,2025-04-27,PQC
5362,PQC0113,VietJet Air,1.063.000 VND/khách,15:40,2025-05-06,16:40,2025-05-06,1h 0m,Hành lý xách tay 7 kg,Hành lý 0 kg,2025-04-27,PQC
5363,PQC0064,VietJet Air,1.175.000 VND/khách,11:30,2025-05-06,12:30,2025-05-06,1h 0m,Hành lý xách tay 7 kg,Hành lý 0 kg,2025-04-27,PQC
5364,PQC0070,VietJet Air,1.175.000 VND/khách,11:35,2025-05-06,12:35,2025-05-06,1h 0m,Hành lý xách tay 7 kg,Hành lý 0 kg,2025-04-27,PQC
5365,PQC0092,VietJet Air,1.175.000 VND/khách,14:05,2025-05-06,15:05,2025-05-06,1h 0m,Hành lý xách tay 7 kg,Hành lý 0 kg,2025-04-27,PQC
5366,PQC0186,Vietnam Airlines,1.285.713 VND/khách,05:40,2025-05-06,06:40,2025-05-06,1h 0m,Hành lý xách tay 1 x 12 kg,Hành lý 23 kg,2025-04-27,PQC
5367,PQC0046,VietJet Air,1.313.000 VND/khách,09:20,2025-05-06,10:20,2025-05-06,1h 0m,Hành lý xách tay 7 kg,Hành lý 0 kg,2025-04-27,PQC
5368,PQC0273,Vietnam Airlines,1.386.612 VND/khách,15:05,2025-05-06,16:10,2025-05-06,1h 5m,Hành lý xách tay 1 x 12 kg,Hành lý 23 kg,2025-04-27,PQC
5369,PQC0255,Vietnam Airlines,1.483.515 VND/khách,13:05,2025-05-06,14:00,2025-05-06,55m,Hành lý xách tay 1 x 12 kg,Hành lý 23 kg,2025-04-27,PQC
5370,PQC0207,Vietnam Airlines,1.502.496 VND/khách,08:10,2025-05-06,08:55,2025-05-06,45m,Hành lý xách tay 1 x 12 kg,Hành lý 23 kg,2025-04-27,PQC
5371,PQC0230,Vietnam Airlines,1.575.423 VND/khách,10:25,2025-05-06,11:25,2025-05-06,1h 0m,Hành lý xách tay 1 x 12 kg,Hành lý 23 kg,2025-04-27,PQC
5375,PQC0006,Bamboo Airways,869.953 VND/khách,16:30,2025-05-07,17:30,2025-05-07,1h 0m,Hành lý xách tay 7 kg,Hành lý 0 kg,2025-04-27,PQC
5376,PQC0328,Vietravel Airlines,746.130 VND/khách,17:25,2025-05-07,18:25,2025-05-07,1h 0m,Hành lý xách tay 7 kg,Hành lý 0 kg,2025-04-27,PQC
5377,PQC0137,VietJet Air,820.000 VND/khách,17:10,2025-05-07,18:15,2025-05-07,1h 5m,Hành lý xách tay 7 kg,Hành lý 0 kg,2025-04-27,PQC
5378,PQC0022,VietJet Air,1.048.000 VND/khách,05:55,2025-05-07,06:55,2025-05-07,1h 0m,Hành lý xách tay 7 kg,Hành lý 0 kg,2025-04-27,PQC
5379,PQC0114,VietJet Air,1.048.000 VND/khách,15:40,2025-05-07,16:40,2025-05-07,1h 0m,Hành lý xách tay 7 kg,Hành lý 0 kg,2025-04-27,PQC
5380,PQC0071,VietJet Air,1.153.000 VND/khách,11:35,2025-05-07,12:35,2025-05-07,1h 0m,Hành lý xách tay 7 kg,Hành lý 0 kg,2025-04-27,PQC
5381,PQC0093,VietJet Air,1.153.000 VND/khách,14:05,2025-05-07,15:05,2025-05-07,1h 0m,Hành lý xách tay 7 kg,Hành lý 0 kg,2025-04-27,PQC
5382,PQC0187,Vietnam Airlines,1.277.721 VND/khách,05:40,2025-05-07,06:40,2025-05-07,1h 0m,Hành lý xách tay 1 x 12 kg,Hành lý 23 kg,2025-04-27,PQC
5383,PQC0047,VietJet Air,1.299.000 VND/khách,09:20,2025-05-07,10:20,2025-05-07,1h 0m,Hành lý xách tay 7 kg,Hành lý 0 kg,2025-04-27,PQC
5384,PQC0274,Vietnam Airlines,1.495.503 VND/khách,15:05,2025-05-07,16:10,2025-05-07,1h 5m,Hành lý xách tay 1 x 12 kg,Hành lý 23 kg,2025-04-27,PQC
5385,PQC0208,Vietnam Airlines,1.506.492 VND/khách,08:10,2025-05-07,08:55,2025-05-07,45m,Hành lý xách tay 1 x 12 kg,Hành lý 23 kg,2025-04-27,PQC
5386,PQC0231,Vietnam Airlines,1.575.423 VND/khách,10:25,2025-05-07,11:25,2025-05-07,1h 0m,Hành lý xách tay 1 x 12 kg,Hành lý 23 kg,2025-04-27,PQC
5387,PQC0256,Vietnam Airlines,1.787.211 VND/khách,13:05,2025-05-07,14:00,2025-05-07,55m,Hành lý xách tay 1 x 12 kg,Hành lý 23 kg,2025-04-27,PQC
5390,PQC0023,VietJet Air,1.066.000 VND/khách,05:55,2025-05-08,06:55,2025-05-08,1h 0m,Hành lý xách tay 7 kg,Hành lý 0 kg,2025-04-27,PQC
5391,PQC0329,Vietravel Airlines,1.135.155 VND/khách,17:25,2025-05-08,18:25,2025-05-08,1h 0m,Hành lý xách tay 7 kg,Hành lý 0 kg,2025-04-27,PQC
5392,PQC0094,VietJet Air,1.310.000 VND/khách,14:05,2025-05-08,15:05,2025-05-08,1h 0m,Hành lý xách tay 7 kg,Hành lý 0 kg,2025-04-27,PQC
5393,PQC0115,VietJet Air,1.310.000 VND/khách,15:40,2025-05-08,16:40,2025-05-08,1h 0m,Hành lý xách tay 7 kg,Hành lý 0 kg,2025-04-27,PQC
5394,PQC0038,VietJet Air,1.310.000 VND/khách,08:25,2025-05-08,09:30,2025-05-08,1h 5m,Hành lý xách tay 7 kg,Hành lý 0 kg,2025-04-27,PQC
5395,PQC0138,VietJet Air,1.310.000 VND/khách,17:10,2025-05-08,18:15,2025-05-08,1h 5m,Hành lý xách tay 7 kg,Hành lý 0 kg,2025-04-27,PQC
5396,PQC0155,VietJet Air,1.310.000 VND/khách,17:40,2025-05-08,18:45,2025-05-08,1h 5m,Hành lý xách tay 7 kg,Hành lý 0 kg,2025-04-27,PQC
5397,PQC0048,VietJet Air,1.321.000 VND/khách,09:20,2025-05-08,10:20,2025-05-08,1h 0m,Hành lý xách tay 7 kg,Hành lý 0 kg,2025-04-27,PQC
5398,PQC0188,Vietnam Airlines,1.390.608 VND/khách,05:40,2025-05-08,06:40,2025-05-08,1h 0m,Hành lý xách tay 1 x 12 kg,Hành lý 23 kg,2025-04-27,PQC
5399,PQC0072,VietJet Air,1.433.000 VND/khách,11:35,2025-05-08,12:35,2025-05-08,1h 0m,Hành lý xách tay 7 kg,Hành lý 0 kg,2025-04-27,PQC
5400,PQC0275,Vietnam Airlines,1.502.496 VND/khách,15:05,2025-05-08,16:10,2025-05-08,1h 5m,Hành lý xách tay 1 x 12 kg,Hành lý 23 kg,2025-04-27,PQC
5401,PQC0209,Vietnam Airlines,1.575.423 VND/khách,08:10,2025-05-08,08:55,2025-05-08,45m,Hành lý xách tay 1 x 12 kg,Hành lý 23 kg,2025-04-27,PQC
5402,PQC0257,Vietnam Airlines,1.575.423 VND/khách,13:05,2025-05-08,14:00,2025-05-08,55m,Hành lý xách tay 1 x 12 kg,Hành lý 23 kg,2025-04-27,PQC
5403,PQC0232,Vietnam Airlines,1.704.294 VND/khách,10:25,2025-05-08,11:25,2025-05-08,1h 0m,Hành lý xách tay 1 x 12 kg,Hành lý 23 kg,2025-04-27,PQC
5407,PQC0007,Bamboo Airways,1.420.686 VND/khách,16:30,2025-05-09,17:30,2025-05-09,1h 0m,Hành lý xách tay 7 kg,Hành lý 0 kg,2025-04-27,PQC
5408,PQC0330,Vietravel Airlines,1.135.155 VND/khách,17:25,2025-05-09,18:25,2025-05-09,1h 0m,Hành lý xách tay 7 kg,Hành lý 0 kg,2025-04-27,PQC
5409,PQC0116,VietJet Air,1.299.000 VND/khách,15:40,2025-05-09,16:40,2025-05-09,1h 0m,Hành lý xách tay 7 kg,Hành lý 0 kg,2025-04-27,PQC
5410,PQC0139,VietJet Air,1.299.000 VND/khách,17:10,2025-05-09,18:15,2025-05-09,1h 5m,Hành lý xách tay 7 kg,Hành lý 0 kg,2025-04-27,PQC
5411,PQC0024,VietJet Air,1.433.000 VND/khách,05:55,2025-05-09,06:55,2025-05-09,1h 0m,Hành lý xách tay 7 kg,Hành lý 0 kg,2025-04-27,PQC
5412,PQC0189,Vietnam Airlines,1.575.423 VND/khách,05:40,2025-05-09,06:40,2025-05-09,1h 0m,Hành lý xách tay 1 x 12 kg,Hành lý 23 kg,2025-04-27,PQC
5413,PQC0309,Vietnam Airlines,1.575.423 VND/khách,20:20,2025-05-09,21:20,2025-05-09,1h 0m,Hành lý xách tay 1 x 12 kg,Hành lý 23 kg,2025-04-27,PQC
5414,PQC0095,VietJet Air,1.590.000 VND/khách,14:05,2025-05-09,15:05,2025-05-09,1h 0m,Hành lý xách tay 7 kg,Hành lý 0 kg,2025-04-27,PQC
5415,PQC0276,Vietnam Airlines,1.701.297 VND/khách,15:05,2025-05-09,16:10,2025-05-09,1h 5m,Hành lý xách tay 1 x 12 kg,Hành lý 23 kg,2025-04-27,PQC
5416,PQC0049,VietJet Air,1.707.000 VND/khách,09:20,2025-05-09,10:20,2025-05-09,1h 0m,Hành lý xách tay 7 kg,Hành lý 0 kg,2025-04-27,PQC
5417,PQC0073,VietJet Air,1.707.000 VND/khách,11:35,2025-05-09,12:35,2025-05-09,1h 0m,Hành lý xách tay 7 kg,Hành lý 0 kg,2025-04-27,PQC
5418,PQC0249,Vietnam Airlines,1.783.215 VND/khách,13:00,2025-05-09,14:00,2025-05-09,1h 0m,Hành lý xách tay 1 x 12 kg,Hành lý 23 kg,2025-04-27,PQC
5419,PQC0233,Vietnam Airlines,1.944.054 VND/khách,10:25,2025-05-09,11:25,2025-05-09,1h 0m,Hành lý xách tay 1 x 12 kg,Hành lý 23 kg,2025-04-27,PQC
5420,PQC0210,Vietnam Airlines,2.006.991 VND/khách,08:10,2025-05-09,08:55,2025-05-09,45m,Hành lý xách tay 1 x 12 kg,Hành lý 23 kg,2025-04-27,PQC
5423,PQC0331,Vietravel Airlines,955.605 VND/khách,17:25,2025-05-10,18:25,2025-05-10,1h 0m,Hành lý xách tay 7 kg,Hành lý 0 kg,2025-04-27,PQC
5424,PQC0140,VietJet Air,1.153.000 VND/khách,17:10,2025-05-10,18:15,2025-05-10,1h 5m,Hành lý xách tay 7 kg,Hành lý 0 kg,2025-04-27,PQC
5425,PQC0025,VietJet Air,1.299.000 VND/khách,05:55,2025-05-10,06:55,2025-05-10,1h 0m,Hành lý xách tay 7 kg,Hành lý 0 kg,2025-04-27,PQC
5426,PQC0096,VietJet Air,1.299.000 VND/khách,14:05,2025-05-10,15:05,2025-05-10,1h 0m,Hành lý xách tay 7 kg,Hành lý 0 kg,2025-04-27,PQC
5427,PQC0117,VietJet Air,1.299.000 VND/khách,15:40,2025-05-10,16:40,2025-05-10,1h 0m,Hành lý xách tay 7 kg,Hành lý 0 kg,2025-04-27,PQC
5428,PQC0074,VietJet Air,1.433.000 VND/khách,11:35,2025-05-10,12:35,2025-05-10,1h 0m,Hành lý xách tay 7 kg,Hành lý 0 kg,2025-04-27,PQC
5429,PQC0277,Vietnam Airlines,1.502.496 VND/khách,15:05,2025-05-10,16:10,2025-05-10,1h 5m,Hành lý xách tay 1 x 12 kg,Hành lý 23 kg,2025-04-27,PQC
5430,PQC0258,Vietnam Airlines,1.575.423 VND/khách,13:05,2025-05-10,14:00,2025-05-10,55m,Hành lý xách tay 1 x 12 kg,Hành lý 23 kg,2025-04-27,PQC
5431,PQC0050,VietJet Air,1.590.000 VND/khách,09:20,2025-05-10,10:20,2025-05-10,1h 0m,Hành lý xách tay 7 kg,Hành lý 0 kg,2025-04-27,PQC
5432,PQC0234,Vietnam Airlines,1.888.110 VND/khách,10:25,2025-05-10,11:25,2025-05-10,1h 0m,Hành lý xách tay 1 x 12 kg,Hành lý 23 kg,2025-04-27,PQC
5433,PQC0190,Vietnam Airlines,1.891.107 VND/khách,05:40,2025-05-10,06:40,2025-05-10,1h 0m,Hành lý xách tay 1 x 12 kg,Hành lý 23 kg,2025-04-27,PQC
5434,PQC0211,Vietnam Airlines,1.921.252 VND/khách,08:10,2025-05-10,08:55,2025-05-10,45m,Hành lý xách tay 1 x 12 kg,Hành lý 23 kg,2025-04-27,PQC
5438,PQC0008,Bamboo Airways,869.953 VND/khách,16:30,2025-05-11,17:30,2025-05-11,1h 0m,Hành lý xách tay 7 kg,Hành lý 0 kg,2025-04-27,PQC
5439,PQC0332,Vietravel Airlines,694.260 VND/khách,17:25,2025-05-11,18:25,2025-05-11,1h 0m,Hành lý xách tay 7 kg,Hành lý 0 kg,2025-04-27,PQC
5440,PQC0141,VietJet Air,820.000 VND/khách,17:10,2025-05-11,18:15,2025-05-11,1h 5m,Hành lý xách tay 7 kg,Hành lý 0 kg,2025-04-27,PQC
5441,PQC0118,VietJet Air,838.000 VND/khách,15:40,2025-05-11,16:40,2025-05-11,1h 0m,Hành lý xách tay 7 kg,Hành lý 0 kg,2025-04-27,PQC
5442,PQC0026,VietJet Air,1.048.000 VND/khách,05:55,2025-05-11,06:55,2025-05-11,1h 0m,Hành lý xách tay 7 kg,Hành lý 0 kg,2025-04-27,PQC
5443,PQC0191,Vietnam Airlines,1.128.870 VND/khách,05:40,2025-05-11,06:40,2025-05-11,1h 0m,Hành lý xách tay 1 x 12 kg,Hành lý 23 kg,2025-04-27,PQC
5444,PQC0310,Vietnam Airlines,1.143.855 VND/khách,20:20,2025-05-11,21:20,2025-05-11,1h 0m,Hành lý xách tay 1 x 12 kg,Hành lý 23 kg,2025-04-27,PQC
5445,PQC0075,VietJet Air,1.153.000 VND/khách,11:35,2025-05-11,12:35,2025-05-11,1h 0m,Hành lý xách tay 7 kg,Hành lý 0 kg,2025-04-27,PQC
5446,PQC0097,VietJet Air,1.153.000 VND/khách,14:05,2025-05-11,15:05,2025-05-11,1h 0m,Hành lý xách tay 7 kg,Hành lý 0 kg,2025-04-27,PQC
5447,PQC0278,Vietnam Airlines,1.259.739 VND/khách,15:05,2025-05-11,16:10,2025-05-11,1h 5m,Hành lý xách tay 1 x 12 kg,Hành lý 23 kg,2025-04-27,PQC
5448,PQC0051,VietJet Air,1.299.000 VND/khách,09:20,2025-05-11,10:20,2025-05-11,1h 0m,Hành lý xách tay 7 kg,Hành lý 0 kg,2025-04-27,PQC
5449,PQC0259,Vietnam Airlines,1.379.619 VND/khách,13:05,2025-05-11,14:00,2025-05-11,55m,Hành lý xách tay 1 x 12 kg,Hành lý 23 kg,2025-04-27,PQC
5450,PQC0235,Vietnam Airlines,1.390.608 VND/khách,10:25,2025-05-11,11:25,2025-05-11,1h 0m,Hành lý xách tay 1 x 12 kg,Hành lý 23 kg,2025-04-27,PQC
5451,PQC0212,Vietnam Airlines,1.502.496 VND/khách,08:10,2025-05-11,08:55,2025-05-11,45m,Hành lý xách tay 1 x 12 kg,Hành lý 23 kg,2025-04-27,PQC
5454,PQC0013,Bamboo Airways,1.707.271 VND/khách,16:30,2025-04-28,17:30,2025-04-28,1h 0m,Hành lý xách tay 7 kg,Hành lý 0 kg,2025-04-27,PQC
5455,PQC0034,VietJet Air,1.328.000 VND/khách,05:55,2025-04-28,06:55,2025-04-28,1h 0m,Hành lý xách tay 7 kg,Hành lý 0 kg,2025-04-27,PQC
5456,PQC0340,Vietravel Airlines,1.462.335 VND/khách,17:25,2025-04-28,18:25,2025-04-28,1h 0m,Hành lý xách tay 7 kg,Hành lý 0 kg,2025-04-27,PQC
5457,PQC0105,VietJet Air,1.590.000 VND/khách,14:05,2025-04-28,15:05,2025-04-28,1h 0m,Hành lý xách tay 7 kg,Hành lý 0 kg,2025-04-27,PQC
5458,PQC0149,VietJet Air,1.590.000 VND/khách,17:10,2025-04-28,18:15,2025-04-28,1h 5m,Hành lý xách tay 7 kg,Hành lý 0 kg,2025-04-27,PQC
5459,PQC0083,VietJet Air,1.707.000 VND/khách,11:35,2025-04-28,12:35,2025-04-28,1h 0m,Hành lý xách tay 7 kg,Hành lý 0 kg,2025-04-27,PQC
5460,PQC0178,Vietnam Airlines,1.735.463 VND/khách,05:25,2025-04-28,06:20,2025-04-28,55m,Hành lý xách tay 1 x 12 kg,Hành lý 23 kg,2025-04-27,PQC
5461,PQC0199,Vietnam Airlines,1.735.463 VND/khách,05:40,2025-04-28,06:40,2025-04-28,1h 0m,Hành lý xách tay 1 x 12 kg,Hành lý 23 kg,2025-04-27,PQC
5462,PQC0059,VietJet Air,1.792.000 VND/khách,09:20,2025-04-28,10:20,2025-04-28,1h 0m,Hành lý xách tay 7 kg,Hành lý 0 kg,2025-04-27,PQC
5463,PQC0126,VietJet Air,1.792.000 VND/khách,15:40,2025-04-28,16:40,2025-04-28,1h 0m,Hành lý xách tay 7 kg,Hành lý 0 kg,2025-04-27,PQC
5464,PQC0221,Vietnam Airlines,2.040.458 VND/khách,08:10,2025-04-28,08:55,2025-04-28,45m,Hành lý xách tay 1 x 12 kg,Hành lý 23 kg,2025-04-27,PQC
5465,PQC0266,Vietnam Airlines,2.045.827 VND/khách,13:05,2025-04-28,14:00,2025-04-28,55m,Hành lý xách tay 1 x 12 kg,Hành lý 23 kg,2025-04-27,PQC
5466,PQC0314,Vietnam Airlines,2.045.827 VND/khách,20:20,2025-04-28,21:20,2025-04-28,1h 0m,Hành lý xách tay 1 x 12 kg,Hành lý 23 kg,2025-04-27,PQC
5467,PQC0286,Vietnam Airlines,2.045.827 VND/khách,15:05,2025-04-28,16:10,2025-04-28,1h 5m,Hành lý xách tay 1 x 12 kg,Hành lý 23 kg,2025-04-27,PQC
5470,PQC0035,VietJet Air,1.792.000 VND/khách,05:55,2025-04-29,06:55,2025-04-29,1h 0m,Hành lý xách tay 7 kg,Hành lý 0 kg,2025-04-27,PQC
5471,PQC0040,VietJet Air,1.792.000 VND/khách,08:25,2025-04-29,09:30,2025-04-29,1h 5m,Hành lý xách tay 7 kg,Hành lý 0 kg,2025-04-27,PQC
5472,PQC0106,VietJet Air,1.819.000 VND/khách,14:05,2025-04-29,15:05,2025-04-29,1h 0m,Hành lý xách tay 7 kg,Hành lý 0 kg,2025-04-27,PQC
5473,PQC0127,VietJet Air,1.819.000 VND/khách,15:40,2025-04-29,16:40,2025-04-29,1h 0m,Hành lý xách tay 7 kg,Hành lý 0 kg,2025-04-27,PQC
5474,PQC0341,Vietravel Airlines,1.840.388 VND/khách,17:25,2025-04-29,18:25,2025-04-29,1h 0m,Hành lý xách tay 7 kg,Hành lý 0 kg,2025-04-27,PQC
5475,PQC0200,Vietnam Airlines,1.844.291 VND/khách,05:40,2025-04-29,06:40,2025-04-29,1h 0m,Hành lý xách tay 1 x 12 kg,Hành lý 23 kg,2025-04-27,PQC
5476,PQC0060,VietJet Air,1.852.000 VND/khách,09:20,2025-04-29,10:20,2025-04-29,1h 0m,Hành lý xách tay 7 kg,Hành lý 0 kg,2025-04-27,PQC
5477,PQC0084,VietJet Air,1.852.000 VND/khách,11:35,2025-04-29,12:35,2025-04-29,1h 0m,Hành lý xách tay 7 kg,Hành lý 0 kg,2025-04-27,PQC
5478,PQC0153,VietJet Air,1.908.000 VND/khách,17:25,2025-04-29,18:30,2025-04-29,1h 5m,Hành lý xách tay 7 kg,Hành lý 0 kg,2025-04-27,PQC
5479,PQC0222,Vietnam Airlines,1.996.002 VND/khách,08:10,2025-04-29,08:55,2025-04-29,45m,Hành lý xách tay 1 x 12 kg,Hành lý 23 kg,2025-04-27,PQC
5480,PQC0246,Vietnam Airlines,2.010.987 VND/khách,12:10,2025-04-29,13:10,2025-04-29,1h 0m,Hành lý xách tay 1 x 12 kg,Hành lý 23 kg,2025-04-27,PQC
5481,PQC0299,Vietnam Airlines,2.010.987 VND/khách,17:25,2025-04-29,18:25,2025-04-29,1h 0m,Hành lý xách tay 1 x 12 kg,Hành lý 23 kg,2025-04-27,PQC
5482,PQC0316,Vietnam Airlines,1.996.002 VND/khách,20:20,2025-04-30,21:25,2025-04-30,1h 5m,Hành lý xách tay 1 x 12 kg,Hành lý 23 kg,2025-04-27,PQC
5483,PQC0001,Bamboo Airways,1.934.703 VND/khách,16:30,2025-05-01,17:30,2025-05-01,1h 0m,Hành lý xách tay 7 kg,Hành lý 20 kg,2025-04-28,PQC
5484,PQC0322,Vietravel Airlines,1.829.415 VND/khách,17:25,2025-05-01,18:25,2025-05-01,1h 0m,Hành lý xách tay 7 kg,Hành lý 0 kg,2025-04-28,PQC
5485,PQC0131,VietJet Air,1.897.000 VND/khách,17:10,2025-05-01,18:15,2025-05-01,1h 5m,Hành lý xách tay 7 kg,Hành lý 0 kg,2025-04-28,PQC
5486,PQC0154,VietJet Air,1.897.000 VND/khách,17:40,2025-05-01,18:45,2025-05-01,1h 5m,Hành lý xách tay 7 kg,Hành lý 0 kg,2025-04-28,PQC
5487,PQC0291,Vietnam Airlines,1.999.998 VND/khách,17:25,2025-05-01,18:25,2025-05-01,1h 0m,Hành lý xách tay 1 x 12 kg,Hành lý 23 kg,2025-04-28,PQC
5488,PQC0181,Vietnam Airlines,2.002.995 VND/khách,05:40,2025-05-01,06:40,2025-05-01,1h 0m,Hành lý xách tay 1 x 12 kg,Hành lý 23 kg,2025-04-28,PQC
5494,PQC0002,Bamboo Airways,1.608.343 VND/khách,16:30,2025-05-02,17:30,2025-05-02,1h 0m,Hành lý xách tay 7 kg,Hành lý 0 kg,2025-04-28,PQC
5495,PQC0323,Vietravel Airlines,1.084.634 VND/khách,17:25,2025-05-02,18:25,2025-05-02,1h 0m,Hành lý xách tay 7 kg,Hành lý 0 kg,2025-04-28,PQC
5496,PQC0201,Vietnam Airlines,1.482.516 VND/khách,07:00,2025-05-02,08:05,2025-05-02,1h 5m,Hành lý xách tay 1 x 12 kg,Hành lý 23 kg,2025-04-28,PQC
5497,PQC0301,Vietnam Airlines,1.486.512 VND/khách,19:20,2025-05-02,20:20,2025-05-02,1h 0m,Hành lý xách tay 1 x 12 kg,Hành lý 23 kg,2025-04-28,PQC
5498,PQC0292,Vietnam Airlines,1.497.501 VND/khách,17:25,2025-05-02,18:25,2025-05-02,1h 0m,Hành lý xách tay 1 x 12 kg,Hành lý 23 kg,2025-04-28,PQC
5499,PQC0305,Vietnam Airlines,1.567.431 VND/khách,20:20,2025-05-02,21:20,2025-05-02,1h 0m,Hành lý xách tay 1 x 12 kg,Hành lý 23 kg,2025-04-28,PQC
5500,PQC0017,VietJet Air,1.696.000 VND/khách,05:55,2025-05-02,06:55,2025-05-02,1h 0m,Hành lý xách tay 7 kg,Hành lý 0 kg,2025-04-28,PQC
5501,PQC0132,VietJet Air,1.696.000 VND/khách,17:10,2025-05-02,18:15,2025-05-02,1h 5m,Hành lý xách tay 7 kg,Hành lý 0 kg,2025-04-28,PQC
5502,PQC0182,Vietnam Airlines,1.698.300 VND/khách,05:40,2025-05-02,06:40,2025-05-02,1h 0m,Hành lý xách tay 1 x 12 kg,Hành lý 23 kg,2025-04-28,PQC
5503,PQC0109,VietJet Air,1.782.000 VND/khách,15:40,2025-05-02,16:40,2025-05-02,1h 0m,Hành lý xách tay 7 kg,Hành lý 0 kg,2025-04-28,PQC
5504,PQC0245,Vietnam Airlines,1.784.214 VND/khách,10:30,2025-05-02,11:35,2025-05-02,1h 5m,Hành lý xách tay 1 x 12 kg,Hành lý 23 kg,2025-04-28,PQC
5505,PQC0088,VietJet Air,1.808.000 VND/khách,14:05,2025-05-02,15:05,2025-05-02,1h 0m,Hành lý xách tay 7 kg,Hành lý 0 kg,2025-04-28,PQC
5506,PQC0042,VietJet Air,1.842.000 VND/khách,09:20,2025-05-02,10:20,2025-05-02,1h 0m,Hành lý xách tay 7 kg,Hành lý 0 kg,2025-04-28,PQC
5507,PQC0269,Vietnam Airlines,1.929.069 VND/khách,15:05,2025-05-02,16:10,2025-05-02,1h 5m,Hành lý xách tay 1 x 12 kg,Hành lý 23 kg,2025-04-28,PQC
5508,PQC0203,Vietnam Airlines,1.962.036 VND/khách,08:10,2025-05-02,08:55,2025-05-02,45m,Hành lý xách tay 1 x 12 kg,Hành lý 23 kg,2025-04-28,PQC
5509,PQC0226,Vietnam Airlines,1.996.002 VND/khách,10:25,2025-05-02,11:25,2025-05-02,1h 0m,Hành lý xách tay 1 x 12 kg,Hành lý 23 kg,2025-04-28,PQC
5512,PQC0003,Bamboo Airways,1.013.756 VND/khách,16:30,2025-05-03,17:30,2025-05-03,1h 0m,Hành lý xách tay 7 kg,Hành lý 0 kg,2025-04-28,PQC
5513,PQC0324,Vietravel Airlines,1.084.634 VND/khách,17:25,2025-05-03,18:25,2025-05-03,1h 0m,Hành lý xách tay 7 kg,Hành lý 0 kg,2025-04-28,PQC
5514,PQC0037,VietJet Air,1.168.000 VND/khách,08:25,2025-05-03,09:30,2025-05-03,1h 5m,Hành lý xách tay 7 kg,Hành lý 0 kg,2025-04-28,PQC
5515,PQC0168,Vietnam Airlines,1.252.746 VND/khách,05:25,2025-05-03,06:20,2025-05-03,55m,Hành lý xách tay 1 x 12 kg,Hành lý 23 kg,2025-04-28,PQC
5516,PQC0290,Vietnam Airlines,1.356.642 VND/khách,16:25,2025-05-03,17:25,2025-05-03,1h 0m,Hành lý xách tay 1 x 12 kg,Hành lý 23 kg,2025-04-28,PQC
5517,PQC0183,Vietnam Airlines,1.378.620 VND/khách,05:40,2025-05-03,06:40,2025-05-03,1h 0m,Hành lý xách tay 1 x 12 kg,Hành lý 23 kg,2025-04-28,PQC
5518,PQC0303,Vietnam Airlines,1.378.620 VND/khách,19:45,2025-05-03,20:45,2025-05-03,1h 0m,Hành lý xách tay 1 x 12 kg,Hành lý 23 kg,2025-04-28,PQC
5519,PQC0293,Vietnam Airlines,1.382.616 VND/khách,17:25,2025-05-03,18:25,2025-05-03,1h 0m,Hành lý xách tay 1 x 12 kg,Hành lý 23 kg,2025-04-28,PQC
5520,PQC0018,VietJet Air,1.425.000 VND/khách,05:55,2025-05-03,06:55,2025-05-03,1h 0m,Hành lý xách tay 7 kg,Hành lý 0 kg,2025-04-28,PQC
5521,PQC0133,VietJet Air,1.425.000 VND/khách,17:10,2025-05-03,18:15,2025-05-03,1h 5m,Hành lý xách tay 7 kg,Hành lý 0 kg,2025-04-28,PQC
5522,PQC0247,Vietnam Airlines,1.464.534 VND/khách,12:20,2025-05-03,13:25,2025-05-03,1h 5m,Hành lý xách tay 1 x 12 kg,Hành lý 23 kg,2025-04-28,PQC
5523,PQC0306,Vietnam Airlines,1.467.531 VND/khách,20:20,2025-05-03,21:20,2025-05-03,1h 0m,Hành lý xách tay 1 x 12 kg,Hành lý 23 kg,2025-04-28,PQC
5524,PQC0204,Vietnam Airlines,1.567.431 VND/khách,08:10,2025-05-03,08:55,2025-05-03,45m,Hành lý xách tay 1 x 12 kg,Hành lý 23 kg,2025-04-28,PQC
5525,PQC0270,Vietnam Airlines,1.567.431 VND/khách,15:05,2025-05-03,16:10,2025-05-03,1h 5m,Hành lý xách tay 1 x 12 kg,Hành lý 23 kg,2025-04-28,PQC
5526,PQC0089,VietJet Air,1.581.000 VND/khách,14:05,2025-05-03,15:05,2025-05-03,1h 0m,Hành lý xách tay 7 kg,Hành lý 0 kg,2025-04-28,PQC
5527,PQC0110,VietJet Air,1.696.000 VND/khách,15:40,2025-05-03,16:40,2025-05-03,1h 0m,Hành lý xách tay 7 kg,Hành lý 0 kg,2025-04-28,PQC
5528,PQC0043,VietJet Air,1.808.000 VND/khách,09:20,2025-05-03,10:20,2025-05-03,1h 0m,Hành lý xách tay 7 kg,Hành lý 0 kg,2025-04-28,PQC
5529,PQC0067,VietJet Air,1.808.000 VND/khách,11:35,2025-05-03,12:35,2025-05-03,1h 0m,Hành lý xách tay 7 kg,Hành lý 0 kg,2025-04-28,PQC
5530,PQC0227,Vietnam Airlines,1.914.084 VND/khách,10:25,2025-05-03,11:25,2025-05-03,1h 0m,Hành lý xách tay 1 x 12 kg,Hành lý 23 kg,2025-04-28,PQC
5531,PQC0252,Vietnam Airlines,1.933.065 VND/khách,13:05,2025-05-03,14:00,2025-05-03,55m,Hành lý xách tay 1 x 12 kg,Hành lý 23 kg,2025-04-28,PQC
5535,PQC0004,Bamboo Airways,1.167.757 VND/khách,16:30,2025-05-04,17:30,2025-05-04,1h 0m,Hành lý xách tay 7 kg,Hành lý 0 kg,2025-04-28,PQC
5536,PQC0019,VietJet Air,1.056.000 VND/khách,05:55,2025-05-04,06:55,2025-05-04,1h 0m,Hành lý xách tay 7 kg,Hành lý 0 kg,2025-04-28,PQC
5537,PQC0162,Vietnam Airlines,1.159.839 VND/khách,05:10,2025-05-04,06:10,2025-05-04,1h 0m,Hành lý xách tay 1 x 12 kg,Hành lý 23 kg,2025-04-28,PQC
5538,PQC0317,Vietnam Airlines,1.159.839 VND/khách,20:25,2025-05-04,21:25,2025-05-04,1h 0m,Hành lý xách tay 1 x 12 kg,Hành lý 23 kg,2025-04-28,PQC
5539,PQC0111,VietJet Air,1.168.000 VND/khách,15:40,2025-05-04,16:40,2025-05-04,1h 0m,Hành lý xách tay 7 kg,Hành lý 0 kg,2025-04-28,PQC
5540,PQC0134,VietJet Air,1.168.000 VND/khách,17:10,2025-05-04,18:15,2025-05-04,1h 5m,Hành lý xách tay 7 kg,Hành lý 0 kg,2025-04-28,PQC
5541,PQC0184,Vietnam Airlines,1.229.769 VND/khách,05:40,2025-05-04,06:40,2025-05-04,1h 0m,Hành lý xách tay 1 x 12 kg,Hành lý 23 kg,2025-04-28,PQC
5542,PQC0320,Vietnam Airlines,1.240.758 VND/khách,21:00,2025-05-04,22:00,2025-05-04,1h 0m,Hành lý xách tay 1 x 12 kg,Hành lý 23 kg,2025-04-28,PQC
5543,PQC0294,Vietnam Airlines,1.294.704 VND/khách,17:25,2025-05-04,18:25,2025-05-04,1h 0m,Hành lý xách tay 1 x 12 kg,Hành lý 23 kg,2025-04-28,PQC
5544,PQC0090,VietJet Air,1.306.000 VND/khách,14:05,2025-05-04,15:05,2025-05-04,1h 0m,Hành lý xách tay 7 kg,Hành lý 0 kg,2025-04-28,PQC
5545,PQC0044,VietJet Air,1.309.000 VND/khách,09:20,2025-05-04,10:20,2025-05-04,1h 0m,Hành lý xách tay 7 kg,Hành lý 0 kg,2025-04-28,PQC
5546,PQC0068,VietJet Air,1.309.000 VND/khách,11:35,2025-05-04,12:35,2025-05-04,1h 0m,Hành lý xách tay 7 kg,Hành lý 0 kg,2025-04-28,PQC
5547,PQC0205,Vietnam Airlines,1.378.620 VND/khách,08:10,2025-05-04,08:55,2025-05-04,45m,Hành lý xách tay 1 x 12 kg,Hành lý 23 kg,2025-04-28,PQC
5548,PQC0271,Vietnam Airlines,1.408.590 VND/khách,15:05,2025-05-04,16:10,2025-05-04,1h 5m,Hành lý xách tay 1 x 12 kg,Hành lý 23 kg,2025-04-28,PQC
5549,PQC0228,Vietnam Airlines,1.567.431 VND/khách,10:25,2025-05-04,11:25,2025-05-04,1h 0m,Hành lý xách tay 1 x 12 kg,Hành lý 23 kg,2025-04-28,PQC
5550,PQC0253,Vietnam Airlines,1.687.311 VND/khách,13:05,2025-05-04,14:00,2025-05-04,55m,Hành lý xách tay 1 x 12 kg,Hành lý 23 kg,2025-04-28,PQC
5551,PQC0325,Vietravel Airlines,1.900.238 VND/khách,17:25,2025-05-04,18:25,2025-05-04,1h 0m,Hành lý xách tay 7 kg,Hành lý 0 kg,2025-04-28,PQC
5554,PQC0005,Bamboo Airways,1.167.757 VND/khách,16:30,2025-05-05,17:30,2025-05-05,1h 0m,Hành lý xách tay 7 kg,Hành lý 0 kg,2025-04-28,PQC
5555,PQC0326,Vietravel Airlines,767.683 VND/khách,17:25,2025-05-05,18:25,2025-05-05,1h 0m,Hành lý xách tay 7 kg,Hành lý 0 kg,2025-04-28,PQC
5556,PQC0135,VietJet Air,829.000 VND/khách,17:10,2025-05-05,18:15,2025-05-05,1h 5m,Hành lý xách tay 7 kg,Hành lý 0 kg,2025-04-28,PQC
5557,PQC0224,Vietnam Airlines,903.096 VND/khách,08:55,2025-05-05,09:55,2025-05-05,1h 0m,Hành lý xách tay 1 x 12 kg,Hành lý 0 kg,2025-04-28,PQC
5558,PQC0170,Vietnam Airlines,973.026 VND/khách,05:25,2025-05-05,06:20,2025-05-05,55m,Hành lý xách tay 1 x 12 kg,Hành lý 0 kg,2025-04-28,PQC
5559,PQC0112,VietJet Air,1.056.000 VND/khách,15:40,2025-05-05,16:40,2025-05-05,1h 0m,Hành lý xách tay 7 kg,Hành lý 0 kg,2025-04-28,PQC
5560,PQC0020,VietJet Air,1.060.000 VND/khách,05:55,2025-05-05,06:55,2025-05-05,1h 0m,Hành lý xách tay 7 kg,Hành lý 0 kg,2025-04-28,PQC
5561,PQC0091,VietJet Air,1.168.000 VND/khách,14:05,2025-05-05,15:05,2025-05-05,1h 0m,Hành lý xách tay 7 kg,Hành lý 0 kg,2025-04-28,PQC
5562,PQC0185,Vietnam Airlines,1.229.769 VND/khách,05:40,2025-05-05,06:40,2025-05-05,1h 0m,Hành lý xách tay 1 x 12 kg,Hành lý 23 kg,2025-04-28,PQC
5563,PQC0295,Vietnam Airlines,1.266.732 VND/khách,17:25,2025-05-05,18:25,2025-05-05,1h 0m,Hành lý xách tay 1 x 12 kg,Hành lý 23 kg,2025-04-28,PQC
5564,PQC0308,Vietnam Airlines,1.266.732 VND/khách,20:20,2025-05-05,21:20,2025-05-05,1h 0m,Hành lý xách tay 1 x 12 kg,Hành lý 23 kg,2025-04-28,PQC
5565,PQC0318,Vietnam Airlines,1.266.732 VND/khách,20:25,2025-05-05,21:25,2025-05-05,1h 0m,Hành lý xách tay 1 x 12 kg,Hành lý 23 kg,2025-04-28,PQC
5566,PQC0069,VietJet Air,1.306.000 VND/khách,11:35,2025-05-05,12:35,2025-05-05,1h 0m,Hành lý xách tay 7 kg,Hành lý 0 kg,2025-04-28,PQC
5567,PQC0045,VietJet Air,1.309.000 VND/khách,09:20,2025-05-05,10:20,2025-05-05,1h 0m,Hành lý xách tay 7 kg,Hành lý 0 kg,2025-04-28,PQC
5568,PQC0272,Vietnam Airlines,1.386.612 VND/khách,15:05,2025-05-05,16:10,2025-05-05,1h 5m,Hành lý xách tay 1 x 12 kg,Hành lý 23 kg,2025-04-28,PQC
5569,PQC0254,Vietnam Airlines,1.497.501 VND/khách,13:05,2025-05-05,14:00,2025-05-05,55m,Hành lý xách tay 1 x 12 kg,Hành lý 23 kg,2025-04-28,PQC
5570,PQC0206,Vietnam Airlines,1.567.431 VND/khách,08:10,2025-05-05,08:55,2025-05-05,45m,Hành lý xách tay 1 x 12 kg,Hành lý 23 kg,2025-04-28,PQC
5571,PQC0229,Vietnam Airlines,1.567.431 VND/khách,10:25,2025-05-05,11:25,2025-05-05,1h 0m,Hành lý xách tay 1 x 12 kg,Hành lý 23 kg,2025-04-28,PQC
5574,PQC0327,Vietravel Airlines,767.683 VND/khách,17:25,2025-05-06,18:25,2025-05-06,1h 0m,Hành lý xách tay 7 kg,Hành lý 0 kg,2025-04-28,PQC
5575,PQC0136,VietJet Air,829.000 VND/khách,17:10,2025-05-06,18:15,2025-05-06,1h 5m,Hành lý xách tay 7 kg,Hành lý 0 kg,2025-04-28,PQC
5576,PQC0021,VietJet Air,1.056.000 VND/khách,05:55,2025-05-06,06:55,2025-05-06,1h 0m,Hành lý xách tay 7 kg,Hành lý 0 kg,2025-04-28,PQC
5577,PQC0113,VietJet Air,1.056.000 VND/khách,15:40,2025-05-06,16:40,2025-05-06,1h 0m,Hành lý xách tay 7 kg,Hành lý 0 kg,2025-04-28,PQC
5578,PQC0064,VietJet Air,1.168.000 VND/khách,11:30,2025-05-06,12:30,2025-05-06,1h 0m,Hành lý xách tay 7 kg,Hành lý 0 kg,2025-04-28,PQC
5579,PQC0070,VietJet Air,1.168.000 VND/khách,11:35,2025-05-06,12:35,2025-05-06,1h 0m,Hành lý xách tay 7 kg,Hành lý 0 kg,2025-04-28,PQC
5580,PQC0092,VietJet Air,1.168.000 VND/khách,14:05,2025-05-06,15:05,2025-05-06,1h 0m,Hành lý xách tay 7 kg,Hành lý 0 kg,2025-04-28,PQC
5581,PQC0186,Vietnam Airlines,1.281.717 VND/khách,05:40,2025-05-06,06:40,2025-05-06,1h 0m,Hành lý xách tay 1 x 12 kg,Hành lý 23 kg,2025-04-28,PQC
5582,PQC0046,VietJet Air,1.306.000 VND/khách,09:20,2025-05-06,10:20,2025-05-06,1h 0m,Hành lý xách tay 7 kg,Hành lý 0 kg,2025-04-28,PQC
5583,PQC0273,Vietnam Airlines,1.386.612 VND/khách,15:05,2025-05-06,16:10,2025-05-06,1h 5m,Hành lý xách tay 1 x 12 kg,Hành lý 23 kg,2025-04-28,PQC
5584,PQC0207,Vietnam Airlines,1.467.531 VND/khách,08:10,2025-05-06,08:55,2025-05-06,45m,Hành lý xách tay 1 x 12 kg,Hành lý 23 kg,2025-04-28,PQC
5585,PQC0255,Vietnam Airlines,1.467.531 VND/khách,13:05,2025-05-06,14:00,2025-05-06,55m,Hành lý xách tay 1 x 12 kg,Hành lý 23 kg,2025-04-28,PQC
5586,PQC0230,Vietnam Airlines,1.567.431 VND/khách,10:25,2025-05-06,11:25,2025-05-06,1h 0m,Hành lý xách tay 1 x 12 kg,Hành lý 23 kg,2025-04-28,PQC
5590,PQC0006,Bamboo Airways,869.953 VND/khách,16:30,2025-05-07,17:30,2025-05-07,1h 0m,Hành lý xách tay 7 kg,Hành lý 0 kg,2025-04-28,PQC
5591,PQC0328,Vietravel Airlines,767.683 VND/khách,17:25,2025-05-07,18:25,2025-05-07,1h 0m,Hành lý xách tay 7 kg,Hành lý 0 kg,2025-04-28,PQC
5592,PQC0137,VietJet Air,829.000 VND/khách,17:10,2025-05-07,18:15,2025-05-07,1h 5m,Hành lý xách tay 7 kg,Hành lý 0 kg,2025-04-28,PQC
5593,PQC0022,VietJet Air,1.056.000 VND/khách,05:55,2025-05-07,06:55,2025-05-07,1h 0m,Hành lý xách tay 7 kg,Hành lý 0 kg,2025-04-28,PQC
5594,PQC0114,VietJet Air,1.056.000 VND/khách,15:40,2025-05-07,16:40,2025-05-07,1h 0m,Hành lý xách tay 7 kg,Hành lý 0 kg,2025-04-28,PQC
5595,PQC0071,VietJet Air,1.168.000 VND/khách,11:35,2025-05-07,12:35,2025-05-07,1h 0m,Hành lý xách tay 7 kg,Hành lý 0 kg,2025-04-28,PQC
5596,PQC0093,VietJet Air,1.168.000 VND/khách,14:05,2025-05-07,15:05,2025-05-07,1h 0m,Hành lý xách tay 7 kg,Hành lý 0 kg,2025-04-28,PQC
5597,PQC0187,Vietnam Airlines,1.270.728 VND/khách,05:40,2025-05-07,06:40,2025-05-07,1h 0m,Hành lý xách tay 1 x 12 kg,Hành lý 23 kg,2025-04-28,PQC
5598,PQC0047,VietJet Air,1.306.000 VND/khách,09:20,2025-05-07,10:20,2025-05-07,1h 0m,Hành lý xách tay 7 kg,Hành lý 0 kg,2025-04-28,PQC
5599,PQC0208,Vietnam Airlines,1.475.523 VND/khách,08:10,2025-05-07,08:55,2025-05-07,45m,Hành lý xách tay 1 x 12 kg,Hành lý 23 kg,2025-04-28,PQC
5600,PQC0231,Vietnam Airlines,1.567.431 VND/khách,10:25,2025-05-07,11:25,2025-05-07,1h 0m,Hành lý xách tay 1 x 12 kg,Hành lý 23 kg,2025-04-28,PQC
5601,PQC0274,Vietnam Airlines,1.567.431 VND/khách,15:05,2025-05-07,16:10,2025-05-07,1h 5m,Hành lý xách tay 1 x 12 kg,Hành lý 23 kg,2025-04-28,PQC
5602,PQC0256,Vietnam Airlines,1.758.240 VND/khách,13:05,2025-05-07,14:00,2025-05-07,55m,Hành lý xách tay 1 x 12 kg,Hành lý 23 kg,2025-04-28,PQC
5605,PQC0023,VietJet Air,1.060.000 VND/khách,05:55,2025-05-08,06:55,2025-05-08,1h 0m,Hành lý xách tay 7 kg,Hành lý 0 kg,2025-04-28,PQC
5606,PQC0329,Vietravel Airlines,1.163.871 VND/khách,17:25,2025-05-08,18:25,2025-05-08,1h 0m,Hành lý xách tay 7 kg,Hành lý 0 kg,2025-04-28,PQC
5607,PQC0094,VietJet Air,1.291.000 VND/khách,14:05,2025-05-08,15:05,2025-05-08,1h 0m,Hành lý xách tay 7 kg,Hành lý 0 kg,2025-04-28,PQC
5608,PQC0115,VietJet Air,1.291.000 VND/khách,15:40,2025-05-08,16:40,2025-05-08,1h 0m,Hành lý xách tay 7 kg,Hành lý 0 kg,2025-04-28,PQC
5609,PQC0038,VietJet Air,1.291.000 VND/khách,08:25,2025-05-08,09:30,2025-05-08,1h 5m,Hành lý xách tay 7 kg,Hành lý 0 kg,2025-04-28,PQC
5610,PQC0138,VietJet Air,1.291.000 VND/khách,17:10,2025-05-08,18:15,2025-05-08,1h 5m,Hành lý xách tay 7 kg,Hành lý 0 kg,2025-04-28,PQC
5611,PQC0155,VietJet Air,1.291.000 VND/khách,17:40,2025-05-08,18:45,2025-05-08,1h 5m,Hành lý xách tay 7 kg,Hành lý 0 kg,2025-04-28,PQC
5612,PQC0188,Vietnam Airlines,1.386.612 VND/khách,05:40,2025-05-08,06:40,2025-05-08,1h 0m,Hành lý xách tay 1 x 12 kg,Hành lý 23 kg,2025-04-28,PQC
5613,PQC0048,VietJet Air,1.425.000 VND/khách,09:20,2025-05-08,10:20,2025-05-08,1h 0m,Hành lý xách tay 7 kg,Hành lý 0 kg,2025-04-28,PQC
5614,PQC0072,VietJet Air,1.425.000 VND/khách,11:35,2025-05-08,12:35,2025-05-08,1h 0m,Hành lý xách tay 7 kg,Hành lý 0 kg,2025-04-28,PQC
5615,PQC0275,Vietnam Airlines,1.475.523 VND/khách,15:05,2025-05-08,16:10,2025-05-08,1h 5m,Hành lý xách tay 1 x 12 kg,Hành lý 23 kg,2025-04-28,PQC
5616,PQC0209,Vietnam Airlines,1.567.431 VND/khách,08:10,2025-05-08,08:55,2025-05-08,45m,Hành lý xách tay 1 x 12 kg,Hành lý 23 kg,2025-04-28,PQC
5617,PQC0257,Vietnam Airlines,1.567.431 VND/khách,13:05,2025-05-08,14:00,2025-05-08,55m,Hành lý xách tay 1 x 12 kg,Hành lý 23 kg,2025-04-28,PQC
5618,PQC0232,Vietnam Airlines,1.676.322 VND/khách,10:25,2025-05-08,11:25,2025-05-08,1h 0m,Hành lý xách tay 1 x 12 kg,Hành lý 23 kg,2025-04-28,PQC
5622,PQC0007,Bamboo Airways,1.420.686 VND/khách,16:30,2025-05-09,17:30,2025-05-09,1h 0m,Hành lý xách tay 7 kg,Hành lý 0 kg,2025-04-28,PQC
5623,PQC0330,Vietravel Airlines,1.163.871 VND/khách,17:25,2025-05-09,18:25,2025-05-09,1h 0m,Hành lý xách tay 7 kg,Hành lý 0 kg,2025-04-28,PQC
5624,PQC0116,VietJet Air,1.291.000 VND/khách,15:40,2025-05-09,16:40,2025-05-09,1h 0m,Hành lý xách tay 7 kg,Hành lý 0 kg,2025-04-28,PQC
5625,PQC0139,VietJet Air,1.291.000 VND/khách,17:10,2025-05-09,18:15,2025-05-09,1h 5m,Hành lý xách tay 7 kg,Hành lý 0 kg,2025-04-28,PQC
5626,PQC0024,VietJet Air,1.425.000 VND/khách,05:55,2025-05-09,06:55,2025-05-09,1h 0m,Hành lý xách tay 7 kg,Hành lý 0 kg,2025-04-28,PQC
5627,PQC0309,Vietnam Airlines,1.567.431 VND/khách,20:20,2025-05-09,21:20,2025-05-09,1h 0m,Hành lý xách tay 1 x 12 kg,Hành lý 23 kg,2025-04-28,PQC
5628,PQC0095,VietJet Air,1.581.000 VND/khách,14:05,2025-05-09,15:05,2025-05-09,1h 0m,Hành lý xách tay 7 kg,Hành lý 0 kg,2025-04-28,PQC
5629,PQC0189,Vietnam Airlines,1.665.632 VND/khách,05:40,2025-05-09,06:40,2025-05-09,1h 0m,Hành lý xách tay 1 x 12 kg,Hành lý 23 kg,2025-04-28,PQC
5630,PQC0276,Vietnam Airlines,1.683.315 VND/khách,15:05,2025-05-09,16:10,2025-05-09,1h 5m,Hành lý xách tay 1 x 12 kg,Hành lý 23 kg,2025-04-28,PQC
5631,PQC0049,VietJet Air,1.696.000 VND/khách,09:20,2025-05-09,10:20,2025-05-09,1h 0m,Hành lý xách tay 7 kg,Hành lý 0 kg,2025-04-28,PQC
5632,PQC0073,VietJet Air,1.696.000 VND/khách,11:35,2025-05-09,12:35,2025-05-09,1h 0m,Hành lý xách tay 7 kg,Hành lý 0 kg,2025-04-28,PQC
5633,PQC0249,Vietnam Airlines,1.761.237 VND/khách,13:00,2025-05-09,14:00,2025-05-09,1h 0m,Hành lý xách tay 1 x 12 kg,Hành lý 23 kg,2025-04-28,PQC
5634,PQC0233,Vietnam Airlines,1.925.073 VND/khách,10:25,2025-05-09,11:25,2025-05-09,1h 0m,Hành lý xách tay 1 x 12 kg,Hành lý 23 kg,2025-04-28,PQC
5635,PQC0210,Vietnam Airlines,1.996.002 VND/khách,08:10,2025-05-09,08:55,2025-05-09,45m,Hành lý xách tay 1 x 12 kg,Hành lý 23 kg,2025-04-28,PQC
5638,PQC0331,Vietravel Airlines,982.756 VND/khách,17:25,2025-05-10,18:25,2025-05-10,1h 0m,Hành lý xách tay 7 kg,Hành lý 0 kg,2025-04-28,PQC
5639,PQC0140,VietJet Air,1.146.000 VND/khách,17:10,2025-05-10,18:15,2025-05-10,1h 5m,Hành lý xách tay 7 kg,Hành lý 0 kg,2025-04-28,PQC
5640,PQC0025,VietJet Air,1.291.000 VND/khách,05:55,2025-05-10,06:55,2025-05-10,1h 0m,Hành lý xách tay 7 kg,Hành lý 0 kg,2025-04-28,PQC
5641,PQC0096,VietJet Air,1.291.000 VND/khách,14:05,2025-05-10,15:05,2025-05-10,1h 0m,Hành lý xách tay 7 kg,Hành lý 0 kg,2025-04-28,PQC
5642,PQC0117,VietJet Air,1.291.000 VND/khách,15:40,2025-05-10,16:40,2025-05-10,1h 0m,Hành lý xách tay 7 kg,Hành lý 0 kg,2025-04-28,PQC
5643,PQC0074,VietJet Air,1.425.000 VND/khách,11:35,2025-05-10,12:35,2025-05-10,1h 0m,Hành lý xách tay 7 kg,Hành lý 0 kg,2025-04-28,PQC
5644,PQC0277,Vietnam Airlines,1.486.512 VND/khách,15:05,2025-05-10,16:10,2025-05-10,1h 5m,Hành lý xách tay 1 x 12 kg,Hành lý 23 kg,2025-04-28,PQC
5645,PQC0258,Vietnam Airlines,1.567.431 VND/khách,13:05,2025-05-10,14:00,2025-05-10,55m,Hành lý xách tay 1 x 12 kg,Hành lý 23 kg,2025-04-28,PQC
5646,PQC0050,VietJet Air,1.581.000 VND/khách,09:20,2025-05-10,10:20,2025-05-10,1h 0m,Hành lý xách tay 7 kg,Hành lý 0 kg,2025-04-28,PQC
5647,PQC0234,Vietnam Airlines,1.827.820 VND/khách,10:25,2025-05-10,11:25,2025-05-10,1h 0m,Hành lý xách tay 1 x 12 kg,Hành lý 23 kg,2025-04-28,PQC
5648,PQC0190,Vietnam Airlines,1.921.252 VND/khách,05:40,2025-05-10,06:40,2025-05-10,1h 0m,Hành lý xách tay 1 x 12 kg,Hành lý 23 kg,2025-04-28,PQC
5649,PQC0211,Vietnam Airlines,1.966.032 VND/khách,08:10,2025-05-10,08:55,2025-05-10,45m,Hành lý xách tay 1 x 12 kg,Hành lý 23 kg,2025-04-28,PQC
5653,PQC0008,Bamboo Airways,869.953 VND/khách,16:30,2025-05-11,17:30,2025-05-11,1h 0m,Hành lý xách tay 7 kg,Hành lý 0 kg,2025-04-28,PQC
5654,PQC0332,Vietravel Airlines,711.084 VND/khách,17:25,2025-05-11,18:25,2025-05-11,1h 0m,Hành lý xách tay 7 kg,Hành lý 0 kg,2025-04-28,PQC
5655,PQC0141,VietJet Air,814.000 VND/khách,17:10,2025-05-11,18:15,2025-05-11,1h 5m,Hành lý xách tay 7 kg,Hành lý 0 kg,2025-04-28,PQC
5656,PQC0026,VietJet Air,1.041.000 VND/khách,05:55,2025-05-11,06:55,2025-05-11,1h 0m,Hành lý xách tay 7 kg,Hành lý 0 kg,2025-04-28,PQC
5657,PQC0118,VietJet Air,1.041.000 VND/khách,15:40,2025-05-11,16:40,2025-05-11,1h 0m,Hành lý xách tay 7 kg,Hành lý 0 kg,2025-04-28,PQC
5658,PQC0310,Vietnam Airlines,1.136.862 VND/khách,20:20,2025-05-11,21:20,2025-05-11,1h 0m,Hành lý xách tay 1 x 12 kg,Hành lý 23 kg,2025-04-28,PQC
5659,PQC0075,VietJet Air,1.146.000 VND/khách,11:35,2025-05-11,12:35,2025-05-11,1h 0m,Hành lý xách tay 7 kg,Hành lý 0 kg,2025-04-28,PQC
5660,PQC0097,VietJet Air,1.146.000 VND/khách,14:05,2025-05-11,15:05,2025-05-11,1h 0m,Hành lý xách tay 7 kg,Hành lý 0 kg,2025-04-28,PQC
5661,PQC0191,Vietnam Airlines,1.233.765 VND/khách,05:40,2025-05-11,06:40,2025-05-11,1h 0m,Hành lý xách tay 1 x 12 kg,Hành lý 23 kg,2025-04-28,PQC
5662,PQC0278,Vietnam Airlines,1.233.765 VND/khách,15:05,2025-05-11,16:10,2025-05-11,1h 5m,Hành lý xách tay 1 x 12 kg,Hành lý 23 kg,2025-04-28,PQC
5663,PQC0051,VietJet Air,1.291.000 VND/khách,09:20,2025-05-11,10:20,2025-05-11,1h 0m,Hành lý xách tay 7 kg,Hành lý 0 kg,2025-04-28,PQC
5664,PQC0235,Vietnam Airlines,1.363.635 VND/khách,10:25,2025-05-11,11:25,2025-05-11,1h 0m,Hành lý xách tay 1 x 12 kg,Hành lý 23 kg,2025-04-28,PQC
5665,PQC0259,Vietnam Airlines,1.386.612 VND/khách,13:05,2025-05-11,14:00,2025-05-11,55m,Hành lý xách tay 1 x 12 kg,Hành lý 23 kg,2025-04-28,PQC
5666,PQC0212,Vietnam Airlines,1.475.523 VND/khách,08:10,2025-05-11,08:55,2025-05-11,45m,Hành lý xách tay 1 x 12 kg,Hành lý 23 kg,2025-04-28,PQC
5667,PQC0035,VietJet Air,1.782.000 VND/khách,05:55,2025-04-29,06:55,2025-04-29,1h 0m,Hành lý xách tay 7 kg,Hành lý 0 kg,2025-04-28,PQC
5668,PQC0106,VietJet Air,1.808.000 VND/khách,14:05,2025-04-29,15:05,2025-04-29,1h 0m,Hành lý xách tay 7 kg,Hành lý 0 kg,2025-04-28,PQC
5669,PQC0127,VietJet Air,1.808.000 VND/khách,15:40,2025-04-29,16:40,2025-04-29,1h 0m,Hành lý xách tay 7 kg,Hành lý 0 kg,2025-04-28,PQC
5670,PQC0040,VietJet Air,1.808.000 VND/khách,08:25,2025-04-29,09:30,2025-04-29,1h 5m,Hành lý xách tay 7 kg,Hành lý 0 kg,2025-04-28,PQC
5671,PQC0060,VietJet Air,1.842.000 VND/khách,09:20,2025-04-29,10:20,2025-04-29,1h 0m,Hành lý xách tay 7 kg,Hành lý 0 kg,2025-04-28,PQC
5672,PQC0084,VietJet Air,1.842.000 VND/khách,11:35,2025-04-29,12:35,2025-04-29,1h 0m,Hành lý xách tay 7 kg,Hành lý 0 kg,2025-04-28,PQC
5673,PQC0341,Vietravel Airlines,1.900.238 VND/khách,17:25,2025-04-29,18:25,2025-04-29,1h 0m,Hành lý xách tay 7 kg,Hành lý 0 kg,2025-04-28,PQC
5674,PQC0200,Vietnam Airlines,1.921.252 VND/khách,05:40,2025-04-29,06:40,2025-04-29,1h 0m,Hành lý xách tay 1 x 12 kg,Hành lý 23 kg,2025-04-28,PQC
5675,PQC0222,Vietnam Airlines,2.045.827 VND/khách,08:10,2025-04-29,08:55,2025-04-29,45m,Hành lý xách tay 1 x 12 kg,Hành lý 23 kg,2025-04-28,PQC
5676,PQC0267,Vietnam Airlines,2.045.827 VND/khách,13:05,2025-04-29,14:00,2025-04-29,55m,Hành lý xách tay 1 x 12 kg,Hành lý 23 kg,2025-04-28,PQC
5677,PQC0246,Vietnam Airlines,2.045.827 VND/khách,12:10,2025-04-29,13:10,2025-04-29,1h 0m,Hành lý xách tay 1 x 12 kg,Hành lý 23 kg,2025-04-28,PQC
5678,PQC0299,Vietnam Airlines,2.045.827 VND/khách,17:25,2025-04-29,18:25,2025-04-29,1h 0m,Hành lý xách tay 1 x 12 kg,Hành lý 23 kg,2025-04-28,PQC
5679,PQC0321,Vietnam Airlines,2.045.827 VND/khách,21:05,2025-04-29,22:05,2025-04-29,1h 0m,Hành lý xách tay 1 x 12 kg,Hành lý 23 kg,2025-04-28,PQC
5681,PQC0128,VietJet Air,1.957.000 VND/khách,15:40,2025-04-30,16:40,2025-04-30,1h 0m,Hành lý xách tay 7 kg,Hành lý 0 kg,2025-04-28,PQC
5682,PQC0316,Vietnam Airlines,1.985.013 VND/khách,20:20,2025-04-30,21:25,2025-04-30,1h 5m,Hành lý xách tay 1 x 12 kg,Hành lý 23 kg,2025-04-28,PQC
5683,PQC0001,Bamboo Airways,1.934.703 VND/khách,16:30,2025-05-01,17:30,2025-05-01,1h 0m,Hành lý xách tay 7 kg,Hành lý 20 kg,2025-04-29,PQC
5684,PQC0154,VietJet Air,1.898.000 VND/khách,17:40,2025-05-01,18:45,2025-05-01,1h 5m,Hành lý xách tay 7 kg,Hành lý 0 kg,2025-04-29,PQC
5685,PQC0322,Vietravel Airlines,1.900.238 VND/khách,17:25,2025-05-01,18:25,2025-05-01,1h 0m,Hành lý xách tay 7 kg,Hành lý 0 kg,2025-04-29,PQC
5686,PQC0131,VietJet Air,1.909.000 VND/khách,17:10,2025-05-01,18:15,2025-05-01,1h 5m,Hành lý xách tay 7 kg,Hành lý 0 kg,2025-04-29,PQC
5687,PQC0108,VietJet Air,1.933.645 VND/khách,15:40,2025-05-01,16:40,2025-05-01,1h 0m,Hành lý xách tay 7 kg,Hành lý 0 kg,2025-04-29,PQC
5688,PQC0291,Vietnam Airlines,1.999.998 VND/khách,17:25,2025-05-01,18:25,2025-05-01,1h 0m,Hành lý xách tay 1 x 12 kg,Hành lý 23 kg,2025-04-29,PQC
5689,PQC0251,Vietnam Airlines,2.045.827 VND/khách,13:05,2025-05-01,14:00,2025-05-01,55m,Hành lý xách tay 1 x 12 kg,Hành lý 23 kg,2025-04-29,PQC
5702,PQC0002,Bamboo Airways,1.332.977 VND/khách,16:30,2025-05-02,17:30,2025-05-02,1h 0m,Hành lý xách tay 7 kg,Hành lý 0 kg,2025-04-29,PQC
5703,PQC0323,Vietravel Airlines,1.242.902 VND/khách,17:25,2025-05-02,18:25,2025-05-02,1h 0m,Hành lý xách tay 7 kg,Hành lý 0 kg,2025-04-29,PQC
5704,PQC0292,Vietnam Airlines,1.498.500 VND/khách,17:25,2025-05-02,18:25,2025-05-02,1h 0m,Hành lý xách tay 1 x 12 kg,Hành lý 23 kg,2025-04-29,PQC
5705,PQC0201,Vietnam Airlines,1.568.430 VND/khách,07:00,2025-05-02,08:05,2025-05-02,1h 5m,Hành lý xách tay 1 x 12 kg,Hành lý 23 kg,2025-04-29,PQC
5706,PQC0305,Vietnam Airlines,1.662.336 VND/khách,20:20,2025-05-02,21:20,2025-05-02,1h 0m,Hành lý xách tay 1 x 12 kg,Hành lý 23 kg,2025-04-29,PQC
5707,PQC0017,VietJet Air,1.697.000 VND/khách,05:55,2025-05-02,06:55,2025-05-02,1h 0m,Hành lý xách tay 7 kg,Hành lý 0 kg,2025-04-29,PQC
5708,PQC0132,VietJet Air,1.697.000 VND/khách,17:10,2025-05-02,18:15,2025-05-02,1h 5m,Hành lý xách tay 7 kg,Hành lý 0 kg,2025-04-29,PQC
5709,PQC0182,Vietnam Airlines,1.699.299 VND/khách,05:40,2025-05-02,06:40,2025-05-02,1h 0m,Hành lý xách tay 1 x 12 kg,Hành lý 23 kg,2025-04-29,PQC
5710,PQC0109,VietJet Air,1.782.000 VND/khách,15:40,2025-05-02,16:40,2025-05-02,1h 0m,Hành lý xách tay 7 kg,Hành lý 0 kg,2025-04-29,PQC
5711,PQC0088,VietJet Air,1.808.000 VND/khách,14:05,2025-05-02,15:05,2025-05-02,1h 0m,Hành lý xách tay 7 kg,Hành lý 0 kg,2025-04-29,PQC
5712,PQC0245,Vietnam Airlines,1.840.158 VND/khách,10:30,2025-05-02,11:35,2025-05-02,1h 5m,Hành lý xách tay 1 x 12 kg,Hành lý 23 kg,2025-04-29,PQC
5713,PQC0042,VietJet Air,1.842.000 VND/khách,09:20,2025-05-02,10:20,2025-05-02,1h 0m,Hành lý xách tay 7 kg,Hành lý 0 kg,2025-04-29,PQC
5714,PQC0269,Vietnam Airlines,1.930.068 VND/khách,15:05,2025-05-02,16:10,2025-05-02,1h 5m,Hành lý xách tay 1 x 12 kg,Hành lý 23 kg,2025-04-29,PQC
5715,PQC0226,Vietnam Airlines,1.996.002 VND/khách,10:25,2025-05-02,11:25,2025-05-02,1h 0m,Hành lý xách tay 1 x 12 kg,Hành lý 23 kg,2025-04-29,PQC
5716,PQC0248,Vietnam Airlines,1.999.998 VND/khách,13:00,2025-05-02,14:00,2025-05-02,1h 0m,Hành lý xách tay 1 x 12 kg,Hành lý 23 kg,2025-04-29,PQC
5719,PQC0003,Bamboo Airways,1.013.756 VND/khách,16:30,2025-05-03,17:30,2025-05-03,1h 0m,Hành lý xách tay 7 kg,Hành lý 0 kg,2025-04-29,PQC
5720,PQC0324,Vietravel Airlines,1.084.452 VND/khách,17:25,2025-05-03,18:25,2025-05-03,1h 0m,Hành lý xách tay 7 kg,Hành lý 0 kg,2025-04-29,PQC
5721,PQC0037,VietJet Air,1.314.000 VND/khách,08:25,2025-05-03,09:30,2025-05-03,1h 5m,Hành lý xách tay 7 kg,Hành lý 0 kg,2025-04-29,PQC
5722,PQC0293,Vietnam Airlines,1.368.630 VND/khách,17:25,2025-05-03,18:25,2025-05-03,1h 0m,Hành lý xách tay 1 x 12 kg,Hành lý 23 kg,2025-04-29,PQC
5723,PQC0018,VietJet Air,1.425.000 VND/khách,05:55,2025-05-03,06:55,2025-05-03,1h 0m,Hành lý xách tay 7 kg,Hành lý 0 kg,2025-04-29,PQC
5724,PQC0133,VietJet Air,1.425.000 VND/khách,17:10,2025-05-03,18:15,2025-05-03,1h 5m,Hành lý xách tay 7 kg,Hành lý 0 kg,2025-04-29,PQC
5725,PQC0247,Vietnam Airlines,1.446.552 VND/khách,12:20,2025-05-03,13:25,2025-05-03,1h 5m,Hành lý xách tay 1 x 12 kg,Hành lý 23 kg,2025-04-29,PQC
5726,PQC0306,Vietnam Airlines,1.565.433 VND/khách,20:20,2025-05-03,21:20,2025-05-03,1h 0m,Hành lý xách tay 1 x 12 kg,Hành lý 23 kg,2025-04-29,PQC
5727,PQC0183,Vietnam Airlines,1.568.430 VND/khách,05:40,2025-05-03,06:40,2025-05-03,1h 0m,Hành lý xách tay 1 x 12 kg,Hành lý 23 kg,2025-04-29,PQC
5728,PQC0270,Vietnam Airlines,1.568.430 VND/khách,15:05,2025-05-03,16:10,2025-05-03,1h 5m,Hành lý xách tay 1 x 12 kg,Hành lý 23 kg,2025-04-29,PQC
5729,PQC0089,VietJet Air,1.582.000 VND/khách,14:05,2025-05-03,15:05,2025-05-03,1h 0m,Hành lý xách tay 7 kg,Hành lý 0 kg,2025-04-29,PQC
5730,PQC0204,Vietnam Airlines,1.665.333 VND/khách,08:10,2025-05-03,08:55,2025-05-03,45m,Hành lý xách tay 1 x 12 kg,Hành lý 23 kg,2025-04-29,PQC
5731,PQC0110,VietJet Air,1.697.000 VND/khách,15:40,2025-05-03,16:40,2025-05-03,1h 0m,Hành lý xách tay 7 kg,Hành lý 0 kg,2025-04-29,PQC
5732,PQC0043,VietJet Air,1.808.000 VND/khách,09:20,2025-05-03,10:20,2025-05-03,1h 0m,Hành lý xách tay 7 kg,Hành lý 0 kg,2025-04-29,PQC
5733,PQC0067,VietJet Air,1.808.000 VND/khách,11:35,2025-05-03,12:35,2025-05-03,1h 0m,Hành lý xách tay 7 kg,Hành lý 0 kg,2025-04-29,PQC
5734,PQC0227,Vietnam Airlines,1.915.083 VND/khách,10:25,2025-05-03,11:25,2025-05-03,1h 0m,Hành lý xách tay 1 x 12 kg,Hành lý 23 kg,2025-04-29,PQC
5735,PQC0252,Vietnam Airlines,1.918.080 VND/khách,13:05,2025-05-03,14:00,2025-05-03,55m,Hành lý xách tay 1 x 12 kg,Hành lý 23 kg,2025-04-29,PQC
5737,PQC0004,Bamboo Airways,1.013.756 VND/khách,16:30,2025-05-04,17:30,2025-05-04,1h 0m,Hành lý xách tay 7 kg,Hành lý 0 kg,2025-04-29,PQC
5738,PQC0019,VietJet Air,1.061.000 VND/khách,05:55,2025-05-04,06:55,2025-05-04,1h 0m,Hành lý xách tay 7 kg,Hành lý 0 kg,2025-04-29,PQC
5739,PQC0317,Vietnam Airlines,1.130.868 VND/khách,20:25,2025-05-04,21:25,2025-05-04,1h 0m,Hành lý xách tay 1 x 12 kg,Hành lý 23 kg,2025-04-29,PQC
5740,PQC0111,VietJet Air,1.169.000 VND/khách,15:40,2025-05-04,16:40,2025-05-04,1h 0m,Hành lý xách tay 7 kg,Hành lý 0 kg,2025-04-29,PQC
5741,PQC0134,VietJet Air,1.169.000 VND/khách,17:10,2025-05-04,18:15,2025-05-04,1h 5m,Hành lý xách tay 7 kg,Hành lý 0 kg,2025-04-29,PQC
5742,PQC0320,Vietnam Airlines,1.222.776 VND/khách,21:00,2025-05-04,22:00,2025-05-04,1h 0m,Hành lý xách tay 1 x 12 kg,Hành lý 23 kg,2025-04-29,PQC
5743,PQC0294,Vietnam Airlines,1.226.772 VND/khách,17:25,2025-05-04,18:25,2025-05-04,1h 0m,Hành lý xách tay 1 x 12 kg,Hành lý 23 kg,2025-04-29,PQC
5744,PQC0184,Vietnam Airlines,1.241.757 VND/khách,05:40,2025-05-04,06:40,2025-05-04,1h 0m,Hành lý xách tay 1 x 12 kg,Hành lý 23 kg,2025-04-29,PQC
5745,PQC0044,VietJet Air,1.310.000 VND/khách,09:20,2025-05-04,10:20,2025-05-04,1h 0m,Hành lý xách tay 7 kg,Hành lý 0 kg,2025-04-29,PQC
5746,PQC0068,VietJet Air,1.310.000 VND/khách,11:35,2025-05-04,12:35,2025-05-04,1h 0m,Hành lý xách tay 7 kg,Hành lý 0 kg,2025-04-29,PQC
5747,PQC0090,VietJet Air,1.310.000 VND/khách,14:05,2025-05-04,15:05,2025-05-04,1h 0m,Hành lý xách tay 7 kg,Hành lý 0 kg,2025-04-29,PQC
5748,PQC0271,Vietnam Airlines,1.350.648 VND/khách,15:05,2025-05-04,16:10,2025-05-04,1h 5m,Hành lý xách tay 1 x 12 kg,Hành lý 23 kg,2025-04-29,PQC
5749,PQC0205,Vietnam Airlines,1.357.641 VND/khách,08:10,2025-05-04,08:55,2025-05-04,45m,Hành lý xách tay 1 x 12 kg,Hành lý 23 kg,2025-04-29,PQC
5750,PQC0228,Vietnam Airlines,1.554.444 VND/khách,10:25,2025-05-04,11:25,2025-05-04,1h 0m,Hành lý xách tay 1 x 12 kg,Hành lý 23 kg,2025-04-29,PQC
5751,PQC0253,Vietnam Airlines,1.662.336 VND/khách,13:05,2025-05-04,14:00,2025-05-04,55m,Hành lý xách tay 1 x 12 kg,Hành lý 23 kg,2025-04-29,PQC
5752,PQC0325,Vietravel Airlines,1.900.238 VND/khách,17:25,2025-05-04,18:25,2025-05-04,1h 0m,Hành lý xách tay 7 kg,Hành lý 0 kg,2025-04-29,PQC
5754,PQC0005,Bamboo Airways,1.013.756 VND/khách,16:30,2025-05-05,17:30,2025-05-05,1h 0m,Hành lý xách tay 7 kg,Hành lý 0 kg,2025-04-29,PQC
5755,PQC0326,Vietravel Airlines,767.555 VND/khách,17:25,2025-05-05,18:25,2025-05-05,1h 0m,Hành lý xách tay 7 kg,Hành lý 0 kg,2025-04-29,PQC
5756,PQC0135,VietJet Air,834.000 VND/khách,17:10,2025-05-05,18:15,2025-05-05,1h 5m,Hành lý xách tay 7 kg,Hành lý 0 kg,2025-04-29,PQC
5757,PQC0170,Vietnam Airlines,1.014.984 VND/khách,05:25,2025-05-05,06:20,2025-05-05,55m,Hành lý xách tay 1 x 12 kg,Hành lý 0 kg,2025-04-29,PQC
5758,PQC0020,VietJet Air,1.061.000 VND/khách,05:55,2025-05-05,06:55,2025-05-05,1h 0m,Hành lý xách tay 7 kg,Hành lý 0 kg,2025-04-29,PQC
5759,PQC0112,VietJet Air,1.061.000 VND/khách,15:40,2025-05-05,16:40,2025-05-05,1h 0m,Hành lý xách tay 7 kg,Hành lý 0 kg,2025-04-29,PQC
5760,PQC0091,VietJet Air,1.169.000 VND/khách,14:05,2025-05-05,15:05,2025-05-05,1h 0m,Hành lý xách tay 7 kg,Hành lý 0 kg,2025-04-29,PQC
5761,PQC0185,Vietnam Airlines,1.226.772 VND/khách,05:40,2025-05-05,06:40,2025-05-05,1h 0m,Hành lý xách tay 1 x 12 kg,Hành lý 23 kg,2025-04-29,PQC
5762,PQC0308,Vietnam Airlines,1.252.746 VND/khách,20:20,2025-05-05,21:20,2025-05-05,1h 0m,Hành lý xách tay 1 x 12 kg,Hành lý 23 kg,2025-04-29,PQC
5763,PQC0318,Vietnam Airlines,1.252.746 VND/khách,20:25,2025-05-05,21:25,2025-05-05,1h 0m,Hành lý xách tay 1 x 12 kg,Hành lý 23 kg,2025-04-29,PQC
5764,PQC0045,VietJet Air,1.314.000 VND/khách,09:20,2025-05-05,10:20,2025-05-05,1h 0m,Hành lý xách tay 7 kg,Hành lý 0 kg,2025-04-29,PQC
5765,PQC0069,VietJet Air,1.314.000 VND/khách,11:35,2025-05-05,12:35,2025-05-05,1h 0m,Hành lý xách tay 7 kg,Hành lý 0 kg,2025-04-29,PQC
5766,PQC0272,Vietnam Airlines,1.382.616 VND/khách,15:05,2025-05-05,16:10,2025-05-05,1h 5m,Hành lý xách tay 1 x 12 kg,Hành lý 23 kg,2025-04-29,PQC
5767,PQC0254,Vietnam Airlines,1.468.530 VND/khách,13:05,2025-05-05,14:00,2025-05-05,55m,Hành lý xách tay 1 x 12 kg,Hành lý 23 kg,2025-04-29,PQC
5768,PQC0229,Vietnam Airlines,1.568.430 VND/khách,10:25,2025-05-05,11:25,2025-05-05,1h 0m,Hành lý xách tay 1 x 12 kg,Hành lý 23 kg,2025-04-29,PQC
5769,PQC0206,Vietnam Airlines,1.735.463 VND/khách,08:10,2025-05-05,08:55,2025-05-05,45m,Hành lý xách tay 1 x 12 kg,Hành lý 23 kg,2025-04-29,PQC
5772,PQC0327,Vietravel Airlines,767.555 VND/khách,17:25,2025-05-06,18:25,2025-05-06,1h 0m,Hành lý xách tay 7 kg,Hành lý 0 kg,2025-04-29,PQC
5773,PQC0136,VietJet Air,834.000 VND/khách,17:10,2025-05-06,18:15,2025-05-06,1h 5m,Hành lý xách tay 7 kg,Hành lý 0 kg,2025-04-29,PQC
5774,PQC0021,VietJet Air,1.061.000 VND/khách,05:55,2025-05-06,06:55,2025-05-06,1h 0m,Hành lý xách tay 7 kg,Hành lý 0 kg,2025-04-29,PQC
5775,PQC0113,VietJet Air,1.061.000 VND/khách,15:40,2025-05-06,16:40,2025-05-06,1h 0m,Hành lý xách tay 7 kg,Hành lý 0 kg,2025-04-29,PQC
5776,PQC0064,VietJet Air,1.169.000 VND/khách,11:30,2025-05-06,12:30,2025-05-06,1h 0m,Hành lý xách tay 7 kg,Hành lý 0 kg,2025-04-29,PQC
5777,PQC0070,VietJet Air,1.169.000 VND/khách,11:35,2025-05-06,12:35,2025-05-06,1h 0m,Hành lý xách tay 7 kg,Hành lý 0 kg,2025-04-29,PQC
5778,PQC0092,VietJet Air,1.169.000 VND/khách,14:05,2025-05-06,15:05,2025-05-06,1h 0m,Hành lý xách tay 7 kg,Hành lý 0 kg,2025-04-29,PQC
5779,PQC0186,Vietnam Airlines,1.254.888 VND/khách,05:40,2025-05-06,06:40,2025-05-06,1h 0m,Hành lý xách tay 1 x 12 kg,Hành lý 23 kg,2025-04-29,PQC
5780,PQC0046,VietJet Air,1.314.000 VND/khách,09:20,2025-05-06,10:20,2025-05-06,1h 0m,Hành lý xách tay 7 kg,Hành lý 0 kg,2025-04-29,PQC
5781,PQC0273,Vietnam Airlines,1.367.266 VND/khách,15:05,2025-05-06,16:10,2025-05-06,1h 5m,Hành lý xách tay 1 x 12 kg,Hành lý 23 kg,2025-04-29,PQC
5782,PQC0207,Vietnam Airlines,1.479.645 VND/khách,08:10,2025-05-06,08:55,2025-05-06,45m,Hành lý xách tay 1 x 12 kg,Hành lý 23 kg,2025-04-29,PQC
5783,PQC0255,Vietnam Airlines,1.580.576 VND/khách,13:05,2025-05-06,14:00,2025-05-06,55m,Hành lý xách tay 1 x 12 kg,Hành lý 23 kg,2025-04-29,PQC
5784,PQC0230,Vietnam Airlines,1.580.576 VND/khách,10:25,2025-05-06,11:25,2025-05-06,1h 0m,Hành lý xách tay 1 x 12 kg,Hành lý 23 kg,2025-04-29,PQC
5788,PQC0006,Bamboo Airways,869.953 VND/khách,16:30,2025-05-07,17:30,2025-05-07,1h 0m,Hành lý xách tay 7 kg,Hành lý 0 kg,2025-04-29,PQC
5789,PQC0328,Vietravel Airlines,767.555 VND/khách,17:25,2025-05-07,18:25,2025-05-07,1h 0m,Hành lý xách tay 7 kg,Hành lý 0 kg,2025-04-29,PQC
5790,PQC0114,VietJet Air,834.000 VND/khách,15:40,2025-05-07,16:40,2025-05-07,1h 0m,Hành lý xách tay 7 kg,Hành lý 0 kg,2025-04-29,PQC
5791,PQC0137,VietJet Air,834.000 VND/khách,17:10,2025-05-07,18:15,2025-05-07,1h 5m,Hành lý xách tay 7 kg,Hành lý 0 kg,2025-04-29,PQC
5792,PQC0022,VietJet Air,1.061.000 VND/khách,05:55,2025-05-07,06:55,2025-05-07,1h 0m,Hành lý xách tay 7 kg,Hành lý 0 kg,2025-04-29,PQC
5793,PQC0071,VietJet Air,1.169.000 VND/khách,11:35,2025-05-07,12:35,2025-05-07,1h 0m,Hành lý xách tay 7 kg,Hành lý 0 kg,2025-04-29,PQC
5794,PQC0093,VietJet Air,1.169.000 VND/khách,14:05,2025-05-07,15:05,2025-05-07,1h 0m,Hành lý xách tay 7 kg,Hành lý 0 kg,2025-04-29,PQC
5795,PQC0187,Vietnam Airlines,1.254.888 VND/khách,05:40,2025-05-07,06:40,2025-05-07,1h 0m,Hành lý xách tay 1 x 12 kg,Hành lý 23 kg,2025-04-29,PQC
5796,PQC0047,VietJet Air,1.314.000 VND/khách,09:20,2025-05-07,10:20,2025-05-07,1h 0m,Hành lý xách tay 7 kg,Hành lý 0 kg,2025-04-29,PQC
5797,PQC0208,Vietnam Airlines,1.479.645 VND/khách,08:10,2025-05-07,08:55,2025-05-07,45m,Hành lý xách tay 1 x 12 kg,Hành lý 23 kg,2025-04-29,PQC
5798,PQC0231,Vietnam Airlines,1.580.576 VND/khách,10:25,2025-05-07,11:25,2025-05-07,1h 0m,Hành lý xách tay 1 x 12 kg,Hành lý 23 kg,2025-04-29,PQC
5799,PQC0274,Vietnam Airlines,1.580.576 VND/khách,15:05,2025-05-07,16:10,2025-05-07,1h 5m,Hành lý xách tay 1 x 12 kg,Hành lý 23 kg,2025-04-29,PQC
5800,PQC0256,Vietnam Airlines,1.754.820 VND/khách,13:05,2025-05-07,14:00,2025-05-07,55m,Hành lý xách tay 1 x 12 kg,Hành lý 23 kg,2025-04-29,PQC
5803,PQC0023,VietJet Air,1.061.000 VND/khách,05:55,2025-05-08,06:55,2025-05-08,1h 0m,Hành lý xách tay 7 kg,Hành lý 0 kg,2025-04-29,PQC
5804,PQC0329,Vietravel Airlines,1.163.677 VND/khách,17:25,2025-05-08,18:25,2025-05-08,1h 0m,Hành lý xách tay 7 kg,Hành lý 0 kg,2025-04-29,PQC
5805,PQC0094,VietJet Air,1.314.000 VND/khách,14:05,2025-05-08,15:05,2025-05-08,1h 0m,Hành lý xách tay 7 kg,Hành lý 0 kg,2025-04-29,PQC
5806,PQC0115,VietJet Air,1.314.000 VND/khách,15:40,2025-05-08,16:40,2025-05-08,1h 0m,Hành lý xách tay 7 kg,Hành lý 0 kg,2025-04-29,PQC
5807,PQC0038,VietJet Air,1.314.000 VND/khách,08:25,2025-05-08,09:30,2025-05-08,1h 5m,Hành lý xách tay 7 kg,Hành lý 0 kg,2025-04-29,PQC
5808,PQC0138,VietJet Air,1.314.000 VND/khách,17:10,2025-05-08,18:15,2025-05-08,1h 5m,Hành lý xách tay 7 kg,Hành lý 0 kg,2025-04-29,PQC
5809,PQC0155,VietJet Air,1.314.000 VND/khách,17:40,2025-05-08,18:45,2025-05-08,1h 5m,Hành lý xách tay 7 kg,Hành lý 0 kg,2025-04-29,PQC
5810,PQC0188,Vietnam Airlines,1.372.626 VND/khách,05:40,2025-05-08,06:40,2025-05-08,1h 0m,Hành lý xách tay 1 x 12 kg,Hành lý 23 kg,2025-04-29,PQC
5811,PQC0048,VietJet Air,1.425.000 VND/khách,09:20,2025-05-08,10:20,2025-05-08,1h 0m,Hành lý xách tay 7 kg,Hành lý 0 kg,2025-04-29,PQC
5812,PQC0072,VietJet Air,1.425.000 VND/khách,11:35,2025-05-08,12:35,2025-05-08,1h 0m,Hành lý xách tay 7 kg,Hành lý 0 kg,2025-04-29,PQC
5813,PQC0275,Vietnam Airlines,1.472.526 VND/khách,15:05,2025-05-08,16:10,2025-05-08,1h 5m,Hành lý xách tay 1 x 12 kg,Hành lý 23 kg,2025-04-29,PQC
5814,PQC0232,Vietnam Airlines,1.673.325 VND/khách,10:25,2025-05-08,11:25,2025-05-08,1h 0m,Hành lý xách tay 1 x 12 kg,Hành lý 23 kg,2025-04-29,PQC
5815,PQC0209,Vietnam Airlines,1.680.318 VND/khách,08:10,2025-05-08,08:55,2025-05-08,45m,Hành lý xách tay 1 x 12 kg,Hành lý 23 kg,2025-04-29,PQC
5816,PQC0257,Vietnam Airlines,1.688.310 VND/khách,13:05,2025-05-08,14:00,2025-05-08,55m,Hành lý xách tay 1 x 12 kg,Hành lý 23 kg,2025-04-29,PQC
5820,PQC0007,Bamboo Airways,1.332.977 VND/khách,16:30,2025-05-09,17:30,2025-05-09,1h 0m,Hành lý xách tay 7 kg,Hành lý 0 kg,2025-04-29,PQC
5821,PQC0330,Vietravel Airlines,1.163.677 VND/khách,17:25,2025-05-09,18:25,2025-05-09,1h 0m,Hành lý xách tay 7 kg,Hành lý 0 kg,2025-04-29,PQC
5822,PQC0139,VietJet Air,1.300.000 VND/khách,17:10,2025-05-09,18:15,2025-05-09,1h 5m,Hành lý xách tay 7 kg,Hành lý 0 kg,2025-04-29,PQC
5823,PQC0024,VietJet Air,1.425.000 VND/khách,05:55,2025-05-09,06:55,2025-05-09,1h 0m,Hành lý xách tay 7 kg,Hành lý 0 kg,2025-04-29,PQC
5824,PQC0116,VietJet Air,1.425.000 VND/khách,15:40,2025-05-09,16:40,2025-05-09,1h 0m,Hành lý xách tay 7 kg,Hành lý 0 kg,2025-04-29,PQC
5825,PQC0309,Vietnam Airlines,1.498.500 VND/khách,20:20,2025-05-09,21:20,2025-05-09,1h 0m,Hành lý xách tay 1 x 12 kg,Hành lý 23 kg,2025-04-29,PQC
5826,PQC0189,Vietnam Airlines,1.568.430 VND/khách,05:40,2025-05-09,06:40,2025-05-09,1h 0m,Hành lý xách tay 1 x 12 kg,Hành lý 23 kg,2025-04-29,PQC
5827,PQC0095,VietJet Air,1.582.000 VND/khách,14:05,2025-05-09,15:05,2025-05-09,1h 0m,Hành lý xách tay 7 kg,Hành lý 0 kg,2025-04-29,PQC
5828,PQC0276,Vietnam Airlines,1.673.325 VND/khách,15:05,2025-05-09,16:10,2025-05-09,1h 5m,Hành lý xách tay 1 x 12 kg,Hành lý 23 kg,2025-04-29,PQC
5829,PQC0049,VietJet Air,1.697.000 VND/khách,09:20,2025-05-09,10:20,2025-05-09,1h 0m,Hành lý xách tay 7 kg,Hành lý 0 kg,2025-04-29,PQC
5830,PQC0073,VietJet Air,1.782.000 VND/khách,11:35,2025-05-09,12:35,2025-05-09,1h 0m,Hành lý xách tay 7 kg,Hành lý 0 kg,2025-04-29,PQC
5831,PQC0233,Vietnam Airlines,1.915.083 VND/khách,10:25,2025-05-09,11:25,2025-05-09,1h 0m,Hành lý xách tay 1 x 12 kg,Hành lý 23 kg,2025-04-29,PQC
5832,PQC0249,Vietnam Airlines,1.922.076 VND/khách,13:00,2025-05-09,14:00,2025-05-09,1h 0m,Hành lý xách tay 1 x 12 kg,Hành lý 23 kg,2025-04-29,PQC
5833,PQC0210,Vietnam Airlines,1.996.002 VND/khách,08:10,2025-05-09,08:55,2025-05-09,45m,Hành lý xách tay 1 x 12 kg,Hành lý 23 kg,2025-04-29,PQC
5836,PQC0331,Vietravel Airlines,982.592 VND/khách,17:25,2025-05-10,18:25,2025-05-10,1h 0m,Hành lý xách tay 7 kg,Hành lý 0 kg,2025-04-29,PQC
5837,PQC0140,VietJet Air,1.154.000 VND/khách,17:10,2025-05-10,18:15,2025-05-10,1h 5m,Hành lý xách tay 7 kg,Hành lý 0 kg,2025-04-29,PQC
5838,PQC0025,VietJet Air,1.300.000 VND/khách,05:55,2025-05-10,06:55,2025-05-10,1h 0m,Hành lý xách tay 7 kg,Hành lý 0 kg,2025-04-29,PQC
5839,PQC0096,VietJet Air,1.300.000 VND/khách,14:05,2025-05-10,15:05,2025-05-10,1h 0m,Hành lý xách tay 7 kg,Hành lý 0 kg,2025-04-29,PQC
5840,PQC0117,VietJet Air,1.300.000 VND/khách,15:40,2025-05-10,16:40,2025-05-10,1h 0m,Hành lý xách tay 7 kg,Hành lý 0 kg,2025-04-29,PQC
5841,PQC0074,VietJet Air,1.425.000 VND/khách,11:35,2025-05-10,12:35,2025-05-10,1h 0m,Hành lý xách tay 7 kg,Hành lý 0 kg,2025-04-29,PQC
5842,PQC0277,Vietnam Airlines,1.483.515 VND/khách,15:05,2025-05-10,16:10,2025-05-10,1h 5m,Hành lý xách tay 1 x 12 kg,Hành lý 23 kg,2025-04-29,PQC
5843,PQC0258,Vietnam Airlines,1.568.430 VND/khách,13:05,2025-05-10,14:00,2025-05-10,55m,Hành lý xách tay 1 x 12 kg,Hành lý 23 kg,2025-04-29,PQC
5844,PQC0050,VietJet Air,1.582.000 VND/khách,09:20,2025-05-10,10:20,2025-05-10,1h 0m,Hành lý xách tay 7 kg,Hành lý 0 kg,2025-04-29,PQC
5845,PQC0234,Vietnam Airlines,1.735.463 VND/khách,10:25,2025-05-10,11:25,2025-05-10,1h 0m,Hành lý xách tay 1 x 12 kg,Hành lý 23 kg,2025-04-29,PQC
5846,PQC0211,Vietnam Airlines,1.966.032 VND/khách,08:10,2025-05-10,08:55,2025-05-10,45m,Hành lý xách tay 1 x 12 kg,Hành lý 23 kg,2025-04-29,PQC
5847,PQC0190,Vietnam Airlines,1.974.024 VND/khách,05:40,2025-05-10,06:40,2025-05-10,1h 0m,Hành lý xách tay 1 x 12 kg,Hành lý 23 kg,2025-04-29,PQC
5851,PQC0008,Bamboo Airways,869.953 VND/khách,16:30,2025-05-11,17:30,2025-05-11,1h 0m,Hành lý xách tay 7 kg,Hành lý 0 kg,2025-04-29,PQC
5852,PQC0332,Vietravel Airlines,710.965 VND/khách,17:25,2025-05-11,18:25,2025-05-11,1h 0m,Hành lý xách tay 7 kg,Hành lý 0 kg,2025-04-29,PQC
5853,PQC0141,VietJet Air,816.000 VND/khách,17:10,2025-05-11,18:15,2025-05-11,1h 5m,Hành lý xách tay 7 kg,Hành lý 0 kg,2025-04-29,PQC
5854,PQC0026,VietJet Air,1.050.000 VND/khách,05:55,2025-05-11,06:55,2025-05-11,1h 0m,Hành lý xách tay 7 kg,Hành lý 0 kg,2025-04-29,PQC
5855,PQC0118,VietJet Air,1.050.000 VND/khách,15:40,2025-05-11,16:40,2025-05-11,1h 0m,Hành lý xách tay 7 kg,Hành lý 0 kg,2025-04-29,PQC
5856,PQC0310,Vietnam Airlines,1.141.857 VND/khách,20:20,2025-05-11,21:20,2025-05-11,1h 0m,Hành lý xách tay 1 x 12 kg,Hành lý 23 kg,2025-04-29,PQC
5857,PQC0075,VietJet Air,1.154.000 VND/khách,11:35,2025-05-11,12:35,2025-05-11,1h 0m,Hành lý xách tay 7 kg,Hành lý 0 kg,2025-04-29,PQC
5858,PQC0097,VietJet Air,1.154.000 VND/khách,14:05,2025-05-11,15:05,2025-05-11,1h 0m,Hành lý xách tay 7 kg,Hành lý 0 kg,2025-04-29,PQC
5859,PQC0278,Vietnam Airlines,1.230.768 VND/khách,15:05,2025-05-11,16:10,2025-05-11,1h 5m,Hành lý xách tay 1 x 12 kg,Hành lý 23 kg,2025-04-29,PQC
5860,PQC0191,Vietnam Airlines,1.234.764 VND/khách,05:40,2025-05-11,06:40,2025-05-11,1h 0m,Hành lý xách tay 1 x 12 kg,Hành lý 23 kg,2025-04-29,PQC
5861,PQC0051,VietJet Air,1.300.000 VND/khách,09:20,2025-05-11,10:20,2025-05-11,1h 0m,Hành lý xách tay 7 kg,Hành lý 0 kg,2025-04-29,PQC
5862,PQC0235,Vietnam Airlines,1.372.626 VND/khách,10:25,2025-05-11,11:25,2025-05-11,1h 0m,Hành lý xách tay 1 x 12 kg,Hành lý 23 kg,2025-04-29,PQC
5863,PQC0259,Vietnam Airlines,1.382.616 VND/khách,13:05,2025-05-11,14:00,2025-05-11,55m,Hành lý xách tay 1 x 12 kg,Hành lý 23 kg,2025-04-29,PQC
5864,PQC0212,Vietnam Airlines,1.461.537 VND/khách,08:10,2025-05-11,08:55,2025-05-11,45m,Hành lý xách tay 1 x 12 kg,Hành lý 23 kg,2025-04-29,PQC
5867,PQC0085,VietJet Air,1.933.645 VND/khách,11:35,2025-04-30,12:35,2025-04-30,1h 0m,Hành lý xách tay 7 kg,Hành lý 0 kg,2025-04-29,PQC
5868,PQC0159,Vietnam Airlines,1.953.045 VND/khách,04:15,2025-04-30,05:15,2025-04-30,1h 0m,Hành lý xách tay 1 x 12 kg,Hành lý 23 kg,2025-04-29,PQC
5869,PQC0288,Vietnam Airlines,1.959.521 VND/khách,15:05,2025-04-30,16:10,2025-04-30,1h 5m,Hành lý xách tay 1 x 12 kg,Hành lý 23 kg,2025-04-29,PQC
5870,PQC0316,Vietnam Airlines,2.045.827 VND/khách,20:20,2025-04-30,21:25,2025-04-30,1h 5m,Hành lý xách tay 1 x 12 kg,Hành lý 23 kg,2025-04-29,PQC
5871,PQC0001,Bamboo Airways,1.934.703 VND/khách,16:30,2025-05-01,17:30,2025-05-01,1h 0m,Hành lý xách tay 7 kg,Hành lý 20 kg,2025-04-30,PQC
5872,PQC0131,VietJet Air,1.930.000 VND/khách,17:10,2025-05-01,18:15,2025-05-01,1h 5m,Hành lý xách tay 7 kg,Hành lý 0 kg,2025-04-30,PQC
5873,PQC0154,VietJet Air,1.930.000 VND/khách,17:40,2025-05-01,18:45,2025-05-01,1h 5m,Hành lý xách tay 7 kg,Hành lý 0 kg,2025-04-30,PQC
5874,PQC0016,VietJet Air,1.999.000 VND/khách,05:55,2025-05-01,06:55,2025-05-01,1h 0m,Hành lý xách tay 7 kg,Hành lý 0 kg,2025-04-30,PQC
5879,PQC0002,Bamboo Airways,1.190.020 VND/khách,16:30,2025-05-02,17:30,2025-05-02,1h 0m,Hành lý xách tay 7 kg,Hành lý 0 kg,2025-04-30,PQC
5880,PQC0323,Vietravel Airlines,1.218.945 VND/khách,17:25,2025-05-02,18:25,2025-05-02,1h 0m,Hành lý xách tay 7 kg,Hành lý 0 kg,2025-04-30,PQC
5881,PQC0017,VietJet Air,1.565.000 VND/khách,05:55,2025-05-02,06:55,2025-05-02,1h 0m,Hành lý xách tay 7 kg,Hành lý 0 kg,2025-04-30,PQC
5882,PQC0109,VietJet Air,1.565.000 VND/khách,15:40,2025-05-02,16:40,2025-05-02,1h 0m,Hành lý xách tay 7 kg,Hành lý 0 kg,2025-04-30,PQC
5883,PQC0132,VietJet Air,1.565.000 VND/khách,17:10,2025-05-02,18:15,2025-05-02,1h 5m,Hành lý xách tay 7 kg,Hành lý 0 kg,2025-04-30,PQC
5884,PQC0292,Vietnam Airlines,1.567.431 VND/khách,17:25,2025-05-02,18:25,2025-05-02,1h 0m,Hành lý xách tay 1 x 12 kg,Hành lý 23 kg,2025-04-30,PQC
5885,PQC0201,Vietnam Airlines,1.573.425 VND/khách,07:00,2025-05-02,08:05,2025-05-02,1h 5m,Hành lý xách tay 1 x 12 kg,Hành lý 23 kg,2025-04-30,PQC
5886,PQC0305,Vietnam Airlines,1.664.334 VND/khách,20:20,2025-05-02,21:20,2025-05-02,1h 0m,Hành lý xách tay 1 x 12 kg,Hành lý 23 kg,2025-04-30,PQC
5887,PQC0182,Vietnam Airlines,1.701.297 VND/khách,05:40,2025-05-02,06:40,2025-05-02,1h 0m,Hành lý xách tay 1 x 12 kg,Hành lý 23 kg,2025-04-30,PQC
5888,PQC0042,VietJet Air,1.826.000 VND/khách,09:20,2025-05-02,10:20,2025-05-02,1h 0m,Hành lý xách tay 7 kg,Hành lý 0 kg,2025-04-30,PQC
5889,PQC0088,VietJet Air,1.826.000 VND/khách,14:05,2025-05-02,15:05,2025-05-02,1h 0m,Hành lý xách tay 7 kg,Hành lý 0 kg,2025-04-30,PQC
5890,PQC0245,Vietnam Airlines,1.843.155 VND/khách,10:30,2025-05-02,11:35,2025-05-02,1h 5m,Hành lý xách tay 1 x 12 kg,Hành lý 23 kg,2025-04-30,PQC
5891,PQC0269,Vietnam Airlines,1.962.036 VND/khách,15:05,2025-05-02,16:10,2025-05-02,1h 5m,Hành lý xách tay 1 x 12 kg,Hành lý 23 kg,2025-04-30,PQC
5892,PQC0226,Vietnam Airlines,1.998.999 VND/khách,10:25,2025-05-02,11:25,2025-05-02,1h 0m,Hành lý xách tay 1 x 12 kg,Hành lý 23 kg,2025-04-30,PQC
5893,PQC0248,Vietnam Airlines,2.006.991 VND/khách,13:00,2025-05-02,14:00,2025-05-02,1h 0m,Hành lý xách tay 1 x 12 kg,Hành lý 23 kg,2025-04-30,PQC
5896,PQC0003,Bamboo Airways,1.156.190 VND/khách,16:30,2025-05-03,17:30,2025-05-03,1h 0m,Hành lý xách tay 7 kg,Hành lý 0 kg,2025-04-30,PQC
5897,PQC0018,VietJet Air,1.162.000 VND/khách,05:55,2025-05-03,06:55,2025-05-03,1h 0m,Hành lý xách tay 7 kg,Hành lý 0 kg,2025-04-30,PQC
5898,PQC0037,VietJet Air,1.162.000 VND/khách,08:25,2025-05-03,09:30,2025-05-03,1h 5m,Hành lý xách tay 7 kg,Hành lý 0 kg,2025-04-30,PQC
5899,PQC0324,Vietravel Airlines,1.163.279 VND/khách,17:25,2025-05-03,18:25,2025-05-03,1h 0m,Hành lý xách tay 7 kg,Hành lý 0 kg,2025-04-30,PQC
5900,PQC0293,Vietnam Airlines,1.254.516 VND/khách,17:25,2025-05-03,18:25,2025-05-03,1h 0m,Hành lý xách tay 1 x 12 kg,Hành lý 23 kg,2025-04-30,PQC
5901,PQC0133,VietJet Air,1.300.000 VND/khách,17:10,2025-05-03,18:15,2025-05-03,1h 5m,Hành lý xách tay 7 kg,Hành lý 0 kg,2025-04-30,PQC
5902,PQC0183,Vietnam Airlines,1.366.860 VND/khách,05:40,2025-05-03,06:40,2025-05-03,1h 0m,Hành lý xách tay 1 x 12 kg,Hành lý 23 kg,2025-04-30,PQC
5903,PQC0247,Vietnam Airlines,1.366.860 VND/khách,12:20,2025-05-03,13:25,2025-05-03,1h 5m,Hành lý xách tay 1 x 12 kg,Hành lý 23 kg,2025-04-30,PQC
5904,PQC0306,Vietnam Airlines,1.479.205 VND/khách,20:20,2025-05-03,21:20,2025-05-03,1h 0m,Hành lý xách tay 1 x 12 kg,Hành lý 23 kg,2025-04-30,PQC
5905,PQC0270,Vietnam Airlines,1.479.205 VND/khách,15:05,2025-05-03,16:10,2025-05-03,1h 5m,Hành lý xách tay 1 x 12 kg,Hành lý 23 kg,2025-04-30,PQC
5906,PQC0089,VietJet Air,1.565.000 VND/khách,14:05,2025-05-03,15:05,2025-05-03,1h 0m,Hành lý xách tay 7 kg,Hành lý 0 kg,2025-04-30,PQC
5907,PQC0110,VietJet Air,1.565.000 VND/khách,15:40,2025-05-03,16:40,2025-05-03,1h 0m,Hành lý xách tay 7 kg,Hành lý 0 kg,2025-04-30,PQC
5908,PQC0204,Vietnam Airlines,1.580.108 VND/khách,08:10,2025-05-03,08:55,2025-05-03,45m,Hành lý xách tay 1 x 12 kg,Hành lý 23 kg,2025-04-30,PQC
5909,PQC0043,VietJet Air,1.792.000 VND/khách,09:20,2025-05-03,10:20,2025-05-03,1h 0m,Hành lý xách tay 7 kg,Hành lý 0 kg,2025-04-30,PQC
5910,PQC0067,VietJet Air,1.792.000 VND/khách,11:35,2025-05-03,12:35,2025-05-03,1h 0m,Hành lý xách tay 7 kg,Hành lý 0 kg,2025-04-30,PQC
5911,PQC0252,Vietnam Airlines,1.844.235 VND/khách,13:05,2025-05-03,14:00,2025-05-03,55m,Hành lý xách tay 1 x 12 kg,Hành lý 23 kg,2025-04-30,PQC
5912,PQC0227,Vietnam Airlines,1.900.061 VND/khách,10:25,2025-05-03,11:25,2025-05-03,1h 0m,Hành lý xách tay 1 x 12 kg,Hành lý 23 kg,2025-04-30,PQC
5914,PQC0004,Bamboo Airways,1.167.757 VND/khách,16:30,2025-05-04,17:30,2025-05-04,1h 0m,Hành lý xách tay 7 kg,Hành lý 0 kg,2025-04-30,PQC
5915,PQC0019,VietJet Air,1.054.000 VND/khách,05:55,2025-05-04,06:55,2025-05-04,1h 0m,Hành lý xách tay 7 kg,Hành lý 0 kg,2025-04-30,PQC
5916,PQC0111,VietJet Air,1.163.000 VND/khách,15:40,2025-05-04,16:40,2025-05-04,1h 0m,Hành lý xách tay 7 kg,Hành lý 0 kg,2025-04-30,PQC
5917,PQC0134,VietJet Air,1.163.000 VND/khách,17:10,2025-05-04,18:15,2025-05-04,1h 5m,Hành lý xách tay 7 kg,Hành lý 0 kg,2025-04-30,PQC
5918,PQC0205,Vietnam Airlines,1.254.516 VND/khách,08:10,2025-05-04,08:55,2025-05-04,45m,Hành lý xách tay 1 x 12 kg,Hành lý 23 kg,2025-04-30,PQC
5919,PQC0184,Vietnam Airlines,1.254.516 VND/khách,05:40,2025-05-04,06:40,2025-05-04,1h 0m,Hành lý xách tay 1 x 12 kg,Hành lý 23 kg,2025-04-30,PQC
5920,PQC0294,Vietnam Airlines,1.254.516 VND/khách,17:25,2025-05-04,18:25,2025-05-04,1h 0m,Hành lý xách tay 1 x 12 kg,Hành lý 23 kg,2025-04-30,PQC
5921,PQC0320,Vietnam Airlines,1.254.516 VND/khách,21:00,2025-05-04,22:00,2025-05-04,1h 0m,Hành lý xách tay 1 x 12 kg,Hành lý 23 kg,2025-04-30,PQC
5922,PQC0271,Vietnam Airlines,1.254.516 VND/khách,15:05,2025-05-04,16:10,2025-05-04,1h 5m,Hành lý xách tay 1 x 12 kg,Hành lý 23 kg,2025-04-30,PQC
5923,PQC0044,VietJet Air,1.300.000 VND/khách,09:20,2025-05-04,10:20,2025-05-04,1h 0m,Hành lý xách tay 7 kg,Hành lý 0 kg,2025-04-30,PQC
5924,PQC0068,VietJet Air,1.300.000 VND/khách,11:35,2025-05-04,12:35,2025-05-04,1h 0m,Hành lý xách tay 7 kg,Hành lý 0 kg,2025-04-30,PQC
5925,PQC0090,VietJet Air,1.300.000 VND/khách,14:05,2025-05-04,15:05,2025-05-04,1h 0m,Hành lý xách tay 7 kg,Hành lý 0 kg,2025-04-30,PQC
5926,PQC0253,Vietnam Airlines,1.580.108 VND/khách,13:05,2025-05-04,14:00,2025-05-04,55m,Hành lý xách tay 1 x 12 kg,Hành lý 23 kg,2025-04-30,PQC
5927,PQC0228,Vietnam Airlines,1.665.389 VND/khách,10:25,2025-05-04,11:25,2025-05-04,1h 0m,Hành lý xách tay 1 x 12 kg,Hành lý 23 kg,2025-04-30,PQC
5928,PQC0325,Vietravel Airlines,1.903.230 VND/khách,17:25,2025-05-04,18:25,2025-05-04,1h 0m,Hành lý xách tay 7 kg,Hành lý 0 kg,2025-04-30,PQC
5930,PQC0005,Bamboo Airways,869.953 VND/khách,16:30,2025-05-05,17:30,2025-05-05,1h 0m,Hành lý xách tay 7 kg,Hành lý 0 kg,2025-04-30,PQC
5931,PQC0326,Vietravel Airlines,767.292 VND/khách,17:25,2025-05-05,18:25,2025-05-05,1h 0m,Hành lý xách tay 7 kg,Hành lý 0 kg,2025-04-30,PQC
5932,PQC0135,VietJet Air,827.000 VND/khách,17:10,2025-05-05,18:15,2025-05-05,1h 5m,Hành lý xách tay 7 kg,Hành lý 0 kg,2025-04-30,PQC
5933,PQC0170,Vietnam Airlines,995.499 VND/khách,05:25,2025-05-05,06:20,2025-05-05,55m,Hành lý xách tay 1 x 12 kg,Hành lý 0 kg,2025-04-30,PQC
5934,PQC0020,VietJet Air,1.058.000 VND/khách,05:55,2025-05-05,06:55,2025-05-05,1h 0m,Hành lý xách tay 7 kg,Hành lý 0 kg,2025-04-30,PQC
5935,PQC0112,VietJet Air,1.058.000 VND/khách,15:40,2025-05-05,16:40,2025-05-05,1h 0m,Hành lý xách tay 7 kg,Hành lý 0 kg,2025-04-30,PQC
5936,PQC0185,Vietnam Airlines,1.142.171 VND/khách,05:40,2025-05-05,06:40,2025-05-05,1h 0m,Hành lý xách tay 1 x 12 kg,Hành lý 23 kg,2025-04-30,PQC
5937,PQC0308,Vietnam Airlines,1.142.171 VND/khách,20:20,2025-05-05,21:20,2025-05-05,1h 0m,Hành lý xách tay 1 x 12 kg,Hành lý 23 kg,2025-04-30,PQC
5938,PQC0091,VietJet Air,1.166.000 VND/khách,14:05,2025-05-05,15:05,2025-05-05,1h 0m,Hành lý xách tay 7 kg,Hành lý 0 kg,2025-04-30,PQC
5939,PQC0272,Vietnam Airlines,1.254.516 VND/khách,15:05,2025-05-05,16:10,2025-05-05,1h 5m,Hành lý xách tay 1 x 12 kg,Hành lý 23 kg,2025-04-30,PQC
5940,PQC0045,VietJet Air,1.312.000 VND/khách,09:20,2025-05-05,10:20,2025-05-05,1h 0m,Hành lý xách tay 7 kg,Hành lý 0 kg,2025-04-30,PQC
5941,PQC0069,VietJet Air,1.312.000 VND/khách,11:35,2025-05-05,12:35,2025-05-05,1h 0m,Hành lý xách tay 7 kg,Hành lý 0 kg,2025-04-30,PQC
5942,PQC0254,Vietnam Airlines,1.366.860 VND/khách,13:05,2025-05-05,14:00,2025-05-05,55m,Hành lý xách tay 1 x 12 kg,Hành lý 23 kg,2025-04-30,PQC
5943,PQC0229,Vietnam Airlines,1.479.205 VND/khách,10:25,2025-05-05,11:25,2025-05-05,1h 0m,Hành lý xách tay 1 x 12 kg,Hành lý 23 kg,2025-04-30,PQC
5944,PQC0206,Vietnam Airlines,1.754.295 VND/khách,08:10,2025-05-05,08:55,2025-05-05,45m,Hành lý xách tay 1 x 12 kg,Hành lý 23 kg,2025-04-30,PQC
5947,PQC0327,Vietravel Airlines,767.292 VND/khách,17:25,2025-05-06,18:25,2025-05-06,1h 0m,Hành lý xách tay 7 kg,Hành lý 0 kg,2025-04-30,PQC
5948,PQC0136,VietJet Air,827.000 VND/khách,17:10,2025-05-06,18:15,2025-05-06,1h 5m,Hành lý xách tay 7 kg,Hành lý 0 kg,2025-04-30,PQC
5949,PQC0021,VietJet Air,1.054.000 VND/khách,05:55,2025-05-06,06:55,2025-05-06,1h 0m,Hành lý xách tay 7 kg,Hành lý 0 kg,2025-04-30,PQC
5950,PQC0113,VietJet Air,1.054.000 VND/khách,15:40,2025-05-06,16:40,2025-05-06,1h 0m,Hành lý xách tay 7 kg,Hành lý 0 kg,2025-04-30,PQC
5951,PQC0186,Vietnam Airlines,1.142.171 VND/khách,05:40,2025-05-06,06:40,2025-05-06,1h 0m,Hành lý xách tay 1 x 12 kg,Hành lý 23 kg,2025-04-30,PQC
5952,PQC0064,VietJet Air,1.163.000 VND/khách,11:30,2025-05-06,12:30,2025-05-06,1h 0m,Hành lý xách tay 7 kg,Hành lý 0 kg,2025-04-30,PQC
5953,PQC0070,VietJet Air,1.163.000 VND/khách,11:35,2025-05-06,12:35,2025-05-06,1h 0m,Hành lý xách tay 7 kg,Hành lý 0 kg,2025-04-30,PQC
5954,PQC0092,VietJet Air,1.163.000 VND/khách,14:05,2025-05-06,15:05,2025-05-06,1h 0m,Hành lý xách tay 7 kg,Hành lý 0 kg,2025-04-30,PQC
5955,PQC0273,Vietnam Airlines,1.254.516 VND/khách,15:05,2025-05-06,16:10,2025-05-06,1h 5m,Hành lý xách tay 1 x 12 kg,Hành lý 23 kg,2025-04-30,PQC
5956,PQC0046,VietJet Air,1.300.000 VND/khách,09:20,2025-05-06,10:20,2025-05-06,1h 0m,Hành lý xách tay 7 kg,Hành lý 0 kg,2025-04-30,PQC
5957,PQC0207,Vietnam Airlines,1.366.860 VND/khách,08:10,2025-05-06,08:55,2025-05-06,45m,Hành lý xách tay 1 x 12 kg,Hành lý 23 kg,2025-04-30,PQC
5958,PQC0255,Vietnam Airlines,1.479.205 VND/khách,13:05,2025-05-06,14:00,2025-05-06,55m,Hành lý xách tay 1 x 12 kg,Hành lý 23 kg,2025-04-30,PQC
5959,PQC0230,Vietnam Airlines,1.479.205 VND/khách,10:25,2025-05-06,11:25,2025-05-06,1h 0m,Hành lý xách tay 1 x 12 kg,Hành lý 23 kg,2025-04-30,PQC
5963,PQC0006,Bamboo Airways,951.543 VND/khách,16:30,2025-05-07,17:30,2025-05-07,1h 0m,Hành lý xách tay 7 kg,Hành lý 0 kg,2025-04-30,PQC
5964,PQC0328,Vietravel Airlines,767.292 VND/khách,17:25,2025-05-07,18:25,2025-05-07,1h 0m,Hành lý xách tay 7 kg,Hành lý 0 kg,2025-04-30,PQC
5965,PQC0137,VietJet Air,827.000 VND/khách,17:10,2025-05-07,18:15,2025-05-07,1h 5m,Hành lý xách tay 7 kg,Hành lý 0 kg,2025-04-30,PQC
5966,PQC0022,VietJet Air,1.054.000 VND/khách,05:55,2025-05-07,06:55,2025-05-07,1h 0m,Hành lý xách tay 7 kg,Hành lý 0 kg,2025-04-30,PQC
5967,PQC0114,VietJet Air,1.056.000 VND/khách,15:40,2025-05-07,16:40,2025-05-07,1h 0m,Hành lý xách tay 7 kg,Hành lý 0 kg,2025-04-30,PQC
5968,PQC0187,Vietnam Airlines,1.142.171 VND/khách,05:40,2025-05-07,06:40,2025-05-07,1h 0m,Hành lý xách tay 1 x 12 kg,Hành lý 23 kg,2025-04-30,PQC
5969,PQC0071,VietJet Air,1.163.000 VND/khách,11:35,2025-05-07,12:35,2025-05-07,1h 0m,Hành lý xách tay 7 kg,Hành lý 0 kg,2025-04-30,PQC
5970,PQC0093,VietJet Air,1.163.000 VND/khách,14:05,2025-05-07,15:05,2025-05-07,1h 0m,Hành lý xách tay 7 kg,Hành lý 0 kg,2025-04-30,PQC
5971,PQC0047,VietJet Air,1.300.000 VND/khách,09:20,2025-05-07,10:20,2025-05-07,1h 0m,Hành lý xách tay 7 kg,Hành lý 0 kg,2025-04-30,PQC
5972,PQC0208,Vietnam Airlines,1.366.860 VND/khách,08:10,2025-05-07,08:55,2025-05-07,45m,Hành lý xách tay 1 x 12 kg,Hành lý 23 kg,2025-04-30,PQC
5973,PQC0231,Vietnam Airlines,1.479.205 VND/khách,10:25,2025-05-07,11:25,2025-05-07,1h 0m,Hành lý xách tay 1 x 12 kg,Hành lý 23 kg,2025-04-30,PQC
5974,PQC0274,Vietnam Airlines,1.479.205 VND/khách,15:05,2025-05-07,16:10,2025-05-07,1h 5m,Hành lý xách tay 1 x 12 kg,Hành lý 23 kg,2025-04-30,PQC
5975,PQC0256,Vietnam Airlines,1.665.389 VND/khách,13:05,2025-05-07,14:00,2025-05-07,55m,Hành lý xách tay 1 x 12 kg,Hành lý 23 kg,2025-04-30,PQC
5978,PQC0023,VietJet Air,1.054.000 VND/khách,05:55,2025-05-08,06:55,2025-05-08,1h 0m,Hành lý xách tay 7 kg,Hành lý 0 kg,2025-04-30,PQC
5979,PQC0329,Vietravel Airlines,1.084.081 VND/khách,17:25,2025-05-08,18:25,2025-05-08,1h 0m,Hành lý xách tay 7 kg,Hành lý 0 kg,2025-04-30,PQC
5980,PQC0188,Vietnam Airlines,1.254.516 VND/khách,05:40,2025-05-08,06:40,2025-05-08,1h 0m,Hành lý xách tay 1 x 12 kg,Hành lý 23 kg,2025-04-30,PQC
5981,PQC0094,VietJet Air,1.300.000 VND/khách,14:05,2025-05-08,15:05,2025-05-08,1h 0m,Hành lý xách tay 7 kg,Hành lý 0 kg,2025-04-30,PQC
5982,PQC0115,VietJet Air,1.300.000 VND/khách,15:40,2025-05-08,16:40,2025-05-08,1h 0m,Hành lý xách tay 7 kg,Hành lý 0 kg,2025-04-30,PQC
5983,PQC0038,VietJet Air,1.300.000 VND/khách,08:25,2025-05-08,09:30,2025-05-08,1h 5m,Hành lý xách tay 7 kg,Hành lý 0 kg,2025-04-30,PQC
5984,PQC0138,VietJet Air,1.300.000 VND/khách,17:10,2025-05-08,18:15,2025-05-08,1h 5m,Hành lý xách tay 7 kg,Hành lý 0 kg,2025-04-30,PQC
5985,PQC0155,VietJet Air,1.300.000 VND/khách,17:40,2025-05-08,18:45,2025-05-08,1h 5m,Hành lý xách tay 7 kg,Hành lý 0 kg,2025-04-30,PQC
5986,PQC0275,Vietnam Airlines,1.366.860 VND/khách,15:05,2025-05-08,16:10,2025-05-08,1h 5m,Hành lý xách tay 1 x 12 kg,Hành lý 23 kg,2025-04-30,PQC
5987,PQC0048,VietJet Air,1.416.000 VND/khách,09:20,2025-05-08,10:20,2025-05-08,1h 0m,Hành lý xách tay 7 kg,Hành lý 0 kg,2025-04-30,PQC
5988,PQC0072,VietJet Air,1.416.000 VND/khách,11:35,2025-05-08,12:35,2025-05-08,1h 0m,Hành lý xách tay 7 kg,Hành lý 0 kg,2025-04-30,PQC
5989,PQC0209,Vietnam Airlines,1.580.108 VND/khách,08:10,2025-05-08,08:55,2025-05-08,45m,Hành lý xách tay 1 x 12 kg,Hành lý 23 kg,2025-04-30,PQC
5990,PQC0257,Vietnam Airlines,1.580.108 VND/khách,13:05,2025-05-08,14:00,2025-05-08,55m,Hành lý xách tay 1 x 12 kg,Hành lý 23 kg,2025-04-30,PQC
5991,PQC0232,Vietnam Airlines,1.580.108 VND/khách,10:25,2025-05-08,11:25,2025-05-08,1h 0m,Hành lý xách tay 1 x 12 kg,Hành lý 23 kg,2025-04-30,PQC
5995,PQC0007,Bamboo Airways,1.222.830 VND/khách,16:30,2025-05-09,17:30,2025-05-09,1h 0m,Hành lý xách tay 7 kg,Hành lý 0 kg,2025-04-30,PQC
5996,PQC0330,Vietravel Airlines,1.163.279 VND/khách,17:25,2025-05-09,18:25,2025-05-09,1h 0m,Hành lý xách tay 7 kg,Hành lý 0 kg,2025-04-30,PQC
5997,PQC0139,VietJet Air,1.300.000 VND/khách,17:10,2025-05-09,18:15,2025-05-09,1h 5m,Hành lý xách tay 7 kg,Hành lý 0 kg,2025-04-30,PQC
5998,PQC0024,VietJet Air,1.416.000 VND/khách,05:55,2025-05-09,06:55,2025-05-09,1h 0m,Hành lý xách tay 7 kg,Hành lý 0 kg,2025-04-30,PQC
5999,PQC0116,VietJet Air,1.416.000 VND/khách,15:40,2025-05-09,16:40,2025-05-09,1h 0m,Hành lý xách tay 7 kg,Hành lý 0 kg,2025-04-30,PQC
6000,PQC0309,Vietnam Airlines,1.479.205 VND/khách,20:20,2025-05-09,21:20,2025-05-09,1h 0m,Hành lý xách tay 1 x 12 kg,Hành lý 23 kg,2025-04-30,PQC
6001,PQC0095,VietJet Air,1.565.000 VND/khách,14:05,2025-05-09,15:05,2025-05-09,1h 0m,Hành lý xách tay 7 kg,Hành lý 0 kg,2025-04-30,PQC
6002,PQC0276,Vietnam Airlines,1.580.108 VND/khách,15:05,2025-05-09,16:10,2025-05-09,1h 5m,Hành lý xách tay 1 x 12 kg,Hành lý 23 kg,2025-04-30,PQC
6003,PQC0049,VietJet Air,1.681.000 VND/khách,09:20,2025-05-09,10:20,2025-05-09,1h 0m,Hành lý xách tay 7 kg,Hành lý 0 kg,2025-04-30,PQC
6004,PQC0073,VietJet Air,1.683.000 VND/khách,11:35,2025-05-09,12:35,2025-05-09,1h 0m,Hành lý xách tay 7 kg,Hành lý 0 kg,2025-04-30,PQC
6005,PQC0189,Vietnam Airlines,1.754.295 VND/khách,05:40,2025-05-09,06:40,2025-05-09,1h 0m,Hành lý xách tay 1 x 12 kg,Hành lý 23 kg,2025-04-30,PQC
6006,PQC0249,Vietnam Airlines,1.754.295 VND/khách,13:00,2025-05-09,14:00,2025-05-09,1h 0m,Hành lý xách tay 1 x 12 kg,Hành lý 23 kg,2025-04-30,PQC
6007,PQC0233,Vietnam Airlines,1.844.235 VND/khách,10:25,2025-05-09,11:25,2025-05-09,1h 0m,Hành lý xách tay 1 x 12 kg,Hành lý 23 kg,2025-04-30,PQC
6008,PQC0210,Vietnam Airlines,1.953.762 VND/khách,08:10,2025-05-09,08:55,2025-05-09,45m,Hành lý xách tay 1 x 12 kg,Hành lý 23 kg,2025-04-30,PQC
6011,PQC0331,Vietravel Airlines,982.257 VND/khách,17:25,2025-05-10,18:25,2025-05-10,1h 0m,Hành lý xách tay 7 kg,Hành lý 0 kg,2025-04-30,PQC
6012,PQC0140,VietJet Air,1.155.000 VND/khách,17:10,2025-05-10,18:15,2025-05-10,1h 5m,Hành lý xách tay 7 kg,Hành lý 0 kg,2025-04-30,PQC
6013,PQC0025,VietJet Air,1.289.000 VND/khách,05:55,2025-05-10,06:55,2025-05-10,1h 0m,Hành lý xách tay 7 kg,Hành lý 0 kg,2025-04-30,PQC
6014,PQC0096,VietJet Air,1.289.000 VND/khách,14:05,2025-05-10,15:05,2025-05-10,1h 0m,Hành lý xách tay 7 kg,Hành lý 0 kg,2025-04-30,PQC
6015,PQC0117,VietJet Air,1.289.000 VND/khách,15:40,2025-05-10,16:40,2025-05-10,1h 0m,Hành lý xách tay 7 kg,Hành lý 0 kg,2025-04-30,PQC
6016,PQC0277,Vietnam Airlines,1.366.860 VND/khách,15:05,2025-05-10,16:10,2025-05-10,1h 5m,Hành lý xách tay 1 x 12 kg,Hành lý 23 kg,2025-04-30,PQC
6017,PQC0074,VietJet Air,1.416.000 VND/khách,11:35,2025-05-10,12:35,2025-05-10,1h 0m,Hành lý xách tay 7 kg,Hành lý 0 kg,2025-04-30,PQC
6018,PQC0050,VietJet Air,1.565.000 VND/khách,09:20,2025-05-10,10:20,2025-05-10,1h 0m,Hành lý xách tay 7 kg,Hành lý 0 kg,2025-04-30,PQC
6019,PQC0258,Vietnam Airlines,1.580.108 VND/khách,13:05,2025-05-10,14:00,2025-05-10,55m,Hành lý xách tay 1 x 12 kg,Hành lý 23 kg,2025-04-30,PQC
6020,PQC0234,Vietnam Airlines,1.665.389 VND/khách,10:25,2025-05-10,11:25,2025-05-10,1h 0m,Hành lý xách tay 1 x 12 kg,Hành lý 23 kg,2025-04-30,PQC
6021,PQC0190,Vietnam Airlines,1.900.061 VND/khách,05:40,2025-05-10,06:40,2025-05-10,1h 0m,Hành lý xách tay 1 x 12 kg,Hành lý 23 kg,2025-04-30,PQC
6022,PQC0211,Vietnam Airlines,1.953.762 VND/khách,08:10,2025-05-10,08:55,2025-05-10,45m,Hành lý xách tay 1 x 12 kg,Hành lý 23 kg,2025-04-30,PQC
6026,PQC0008,Bamboo Airways,951.543 VND/khách,16:30,2025-05-11,17:30,2025-05-11,1h 0m,Hành lý xách tay 7 kg,Hành lý 0 kg,2025-04-30,PQC
6027,PQC0332,Vietravel Airlines,767.292 VND/khách,17:25,2025-05-11,18:25,2025-05-11,1h 0m,Hành lý xách tay 7 kg,Hành lý 0 kg,2025-04-30,PQC
6028,PQC0141,VietJet Air,816.000 VND/khách,17:10,2025-05-11,18:15,2025-05-11,1h 5m,Hành lý xách tay 7 kg,Hành lý 0 kg,2025-04-30,PQC
6029,PQC0118,VietJet Air,817.000 VND/khách,15:40,2025-05-11,16:40,2025-05-11,1h 0m,Hành lý xách tay 7 kg,Hành lý 0 kg,2025-04-30,PQC
6030,PQC0026,VietJet Air,1.051.000 VND/khách,05:55,2025-05-11,06:55,2025-05-11,1h 0m,Hành lý xách tay 7 kg,Hành lý 0 kg,2025-04-30,PQC
6031,PQC0191,Vietnam Airlines,1.142.171 VND/khách,05:40,2025-05-11,06:40,2025-05-11,1h 0m,Hành lý xách tay 1 x 12 kg,Hành lý 23 kg,2025-04-30,PQC
6032,PQC0310,Vietnam Airlines,1.142.171 VND/khách,20:20,2025-05-11,21:20,2025-05-11,1h 0m,Hành lý xách tay 1 x 12 kg,Hành lý 23 kg,2025-04-30,PQC
6033,PQC0051,VietJet Air,1.155.000 VND/khách,09:20,2025-05-11,10:20,2025-05-11,1h 0m,Hành lý xách tay 7 kg,Hành lý 0 kg,2025-04-30,PQC
6034,PQC0075,VietJet Air,1.155.000 VND/khách,11:35,2025-05-11,12:35,2025-05-11,1h 0m,Hành lý xách tay 7 kg,Hành lý 0 kg,2025-04-30,PQC
6035,PQC0097,VietJet Air,1.155.000 VND/khách,14:05,2025-05-11,15:05,2025-05-11,1h 0m,Hành lý xách tay 7 kg,Hành lý 0 kg,2025-04-30,PQC
6036,PQC0259,Vietnam Airlines,1.254.516 VND/khách,13:05,2025-05-11,14:00,2025-05-11,55m,Hành lý xách tay 1 x 12 kg,Hành lý 23 kg,2025-04-30,PQC
6037,PQC0278,Vietnam Airlines,1.254.516 VND/khách,15:05,2025-05-11,16:10,2025-05-11,1h 5m,Hành lý xách tay 1 x 12 kg,Hành lý 23 kg,2025-04-30,PQC
6038,PQC0235,Vietnam Airlines,1.366.860 VND/khách,10:25,2025-05-11,11:25,2025-05-11,1h 0m,Hành lý xách tay 1 x 12 kg,Hành lý 23 kg,2025-04-30,PQC
6039,PQC0212,Vietnam Airlines,1.479.205 VND/khách,08:10,2025-05-11,08:55,2025-05-11,45m,Hành lý xách tay 1 x 12 kg,Hành lý 23 kg,2025-04-30,PQC
