id,brand,price,destination,trip_mins,is_holiday,days_left,start_hour_Afternoon,start_hour_EarlyMorning,start_hour_Evening,start_hour_LateNight,start_hour_Morning,end_hour_Afternoon,end_hour_EarlyMorning,end_hour_Evening,end_hour_LateNight,end_hour_Morning,hand_luggage_7,hand_luggage_10,hand_luggage_12,checked_baggage_0,checked_baggage_20,checked_baggage_23
PQC0323,Vietravel Airlines,1224930.0,"Phú Quốc (PQC)
Sân bay Phú Quốc",60,2,1,False,False,True,False,False,False,False,True,False,False,True,False,False,True,False,False
PQC0324,Vietravel Airlines,1068323.0,"Phú Quốc (PQC)
Sân bay Phú Quốc",60,2,2,False,False,True,False,False,False,False,True,False,False,True,False,False,True,False,False
PQC0325,Vietravel Airlines,1882938.125,"Phú Quốc (PQC)
Sân bay Phú Quốc",60,2,3,False,False,True,False,False,False,False,True,False,False,True,False,False,True,False,False
PQC0326,Vietravel Airlines,767292.0,"Phú Quốc (PQC)
Sân bay Phú Quốc",60,0,4,False,False,True,False,False,False,False,True,False,False,True,False,False,True,False,False
PQC0327,Vietravel Airlines,903059.0,"Phú Quốc (PQC)
Sân bay Phú Quốc",60,0,5,False,False,True,False,False,False,False,True,False,False,True,False,False,True,False,False
PQC0328,Vietravel Airlines,759098.0,"Phú Quốc (PQC)
Sân bay Phú Quốc",60,0,6,False,False,True,False,False,False,False,True,False,False,True,False,False,True,False,False
PQC0329,Vietravel Airlines,967575.0,"Phú Quốc (PQC)
Sân bay Phú Quốc",60,0,7,False,False,True,False,False,False,False,True,False,False,True,False,False,True,False,False
PQC0330,Vietravel Airlines,1147125.0,"Phú Quốc (PQC)
Sân bay Phú Quốc",60,1,8,False,False,True,False,False,False,False,True,False,False,True,False,False,True,False,False
PQC0331,Vietravel Airlines,967575.0,"Phú Quốc (PQC)
Sân bay Phú Quốc",60,1,9,False,False,True,False,False,False,False,True,False,False,True,False,False,True,False,False
PQC0332,Vietravel Airlines,767292.0,"Phú Quốc (PQC)
Sân bay Phú Quốc",60,1,10,False,False,True,False,False,False,False,True,False,False,True,False,False,True,False,False
PQC0324,Vietravel Airlines,1065330.0,"Phú Quốc (PQC)
Sân bay Phú Quốc",60,2,1,False,False,True,False,False,False,False,True,False,False,True,False,False,True,False,False
PQC0325,Vietravel Airlines,1882938.125,"Phú Quốc (PQC)
Sân bay Phú Quốc",60,2,2,False,False,True,False,False,False,False,True,False,False,True,False,False,True,False,False
PQC0326,Vietravel Airlines,812963.0,"Phú Quốc (PQC)
Sân bay Phú Quốc",60,0,3,False,False,True,False,False,False,False,True,False,False,True,False,False,True,False,False
PQC0327,Vietravel Airlines,875805.0,"Phú Quốc (PQC)
Sân bay Phú Quốc",60,0,4,False,False,True,False,False,False,False,True,False,False,True,False,False,True,False,False
PQC0328,Vietravel Airlines,746130.0,"Phú Quốc (PQC)
Sân bay Phú Quốc",60,0,5,False,False,True,False,False,False,False,True,False,False,True,False,False,True,False,False
PQC0329,Vietravel Airlines,953610.0,"Phú Quốc (PQC)
Sân bay Phú Quốc",60,0,6,False,False,True,False,False,False,False,True,False,False,True,False,False,True,False,False
PQC0330,Vietravel Airlines,1144133.0,"Phú Quốc (PQC)
Sân bay Phú Quốc",60,1,7,False,False,True,False,False,False,False,True,False,False,True,False,False,True,False,False
PQC0331,Vietravel Airlines,953610.0,"Phú Quốc (PQC)
Sân bay Phú Quốc",60,1,8,False,False,True,False,False,False,False,True,False,False,True,False,False,True,False,False
PQC0332,Vietravel Airlines,747128.0,"Phú Quốc (PQC)
Sân bay Phú Quốc",60,1,9,False,False,True,False,False,False,False,True,False,False,True,False,False,True,False,False
PQC0325,Vietravel Airlines,1882938.125,"Phú Quốc (PQC)
Sân bay Phú Quốc",60,2,1,False,False,True,False,False,False,False,True,False,False,True,False,False,True,False,False
PQC0326,Vietravel Airlines,1077300.0,"Phú Quốc (PQC)
Sân bay Phú Quốc",60,0,2,False,False,True,False,False,False,False,True,False,False,True,False,False,True,False,False
PQC0327,Vietravel Airlines,975555.0,"Phú Quốc (PQC)
Sân bay Phú Quốc",60,0,3,False,False,True,False,False,False,False,True,False,False,True,False,False,True,False,False
PQC0328,Vietravel Airlines,754110.0,"Phú Quốc (PQC)
Sân bay Phú Quốc",60,0,4,False,False,True,False,False,False,False,True,False,False,True,False,False,True,False,False
PQC0329,Vietravel Airlines,1144133.0,"Phú Quốc (PQC)
Sân bay Phú Quốc",60,0,5,False,False,True,False,False,False,False,True,False,False,True,False,False,True,False,False
PQC0330,Vietravel Airlines,1155105.0,"Phú Quốc (PQC)
Sân bay Phú Quốc",60,1,6,False,False,True,False,False,False,False,True,False,False,True,False,False,True,False,False
PQC0331,Vietravel Airlines,964583.0,"Phú Quốc (PQC)
Sân bay Phú Quốc",60,1,7,False,False,True,False,False,False,False,True,False,False,True,False,False,True,False,False
PQC0332,Vietravel Airlines,754110.0,"Phú Quốc (PQC)
Sân bay Phú Quốc",60,1,8,False,False,True,False,False,False,False,True,False,False,True,False,False,True,False,False
PQC0326,Vietravel Airlines,1086278.0,"Phú Quốc (PQC)
Sân bay Phú Quốc",60,0,1,False,False,True,False,False,False,False,True,False,False,True,False,False,True,False,False
PQC0327,Vietravel Airlines,1075305.0,"Phú Quốc (PQC)
Sân bay Phú Quốc",60,0,2,False,False,True,False,False,False,False,True,False,False,True,False,False,True,False,False
PQC0328,Vietravel Airlines,808973.0,"Phú Quốc (PQC)
Sân bay Phú Quốc",60,0,3,False,False,True,False,False,False,False,True,False,False,True,False,False,True,False,False
PQC0329,Vietravel Airlines,1131165.0,"Phú Quốc (PQC)
Sân bay Phú Quốc",60,0,4,False,False,True,False,False,False,False,True,False,False,True,False,False,True,False,False
PQC0330,Vietravel Airlines,1154108.0,"Phú Quốc (PQC)
Sân bay Phú Quốc",60,1,5,False,False,True,False,False,False,False,True,False,False,True,False,False,True,False,False
PQC0331,Vietravel Airlines,951615.0,"Phú Quốc (PQC)
Sân bay Phú Quốc",60,1,6,False,False,True,False,False,False,False,True,False,False,True,False,False,True,False,False
PQC0332,Vietravel Airlines,742140.0,"Phú Quốc (PQC)
Sân bay Phú Quốc",60,1,7,False,False,True,False,False,False,False,True,False,False,True,False,False,True,False,False
PQC0327,Vietravel Airlines,1077300.0,"Phú Quốc (PQC)
Sân bay Phú Quốc",60,0,1,False,False,True,False,False,False,False,True,False,False,True,False,False,True,False,False
PQC0328,Vietravel Airlines,829920.0,"Phú Quốc (PQC)
Sân bay Phú Quốc",60,0,2,False,False,True,False,False,False,False,True,False,False,True,False,False,True,False,False
PQC0329,Vietravel Airlines,1133160.0,"Phú Quốc (PQC)
Sân bay Phú Quốc",60,0,3,False,False,True,False,False,False,False,True,False,False,True,False,False,True,False,False
PQC0330,Vietravel Airlines,1155105.0,"Phú Quốc (PQC)
Sân bay Phú Quốc",60,1,4,False,False,True,False,False,False,False,True,False,False,True,False,False,True,False,False
PQC0331,Vietravel Airlines,1005480.0,"Phú Quốc (PQC)
Sân bay Phú Quốc",60,1,5,False,False,True,False,False,False,False,True,False,False,True,False,False,True,False,False
PQC0332,Vietravel Airlines,743138.0,"Phú Quốc (PQC)
Sân bay Phú Quốc",60,1,6,False,False,True,False,False,False,False,True,False,False,True,False,False,True,False,False
PQC0328,Vietravel Airlines,971565.0,"Phú Quốc (PQC)
Sân bay Phú Quốc",60,0,1,False,False,True,False,False,False,False,True,False,False,True,False,False,True,False,False
PQC0329,Vietravel Airlines,1151115.0,"Phú Quốc (PQC)
Sân bay Phú Quốc",60,0,2,False,False,True,False,False,False,False,True,False,False,True,False,False,True,False,False
PQC0330,Vietravel Airlines,1128173.0,"Phú Quốc (PQC)
Sân bay Phú Quốc",60,1,3,False,False,True,False,False,False,False,True,False,False,True,False,False,True,False,False
PQC0331,Vietravel Airlines,1050368.0,"Phú Quốc (PQC)
Sân bay Phú Quốc",60,1,4,False,False,True,False,False,False,False,True,False,False,True,False,False,True,False,False
PQC0332,Vietravel Airlines,766476.0,"Phú Quốc (PQC)
Sân bay Phú Quốc",60,1,5,False,False,True,False,False,False,False,True,False,False,True,False,False,True,False,False
PQC0333,Vietravel Airlines,755000.0,"Phú Quốc (PQC)
Sân bay Phú Quốc",60,0,14,False,False,True,False,False,False,False,True,False,False,True,False,False,True,False,False
PQC0334,Vietravel Airlines,759000.0,"Phú Quốc (PQC)
Sân bay Phú Quốc",60,0,15,False,False,True,False,False,False,False,True,False,False,True,False,False,True,False,False
PQC0335,Vietravel Airlines,756000.0,"Phú Quốc (PQC)
Sân bay Phú Quốc",60,0,16,False,False,True,False,False,False,False,True,False,False,True,False,False,True,False,False
PQC0336,Vietravel Airlines,1139000.0,"Phú Quốc (PQC)
Sân bay Phú Quốc",60,0,17,False,False,True,False,False,False,False,True,False,False,True,False,False,True,False,False
PQC0337,Vietravel Airlines,1140000.0,"Phú Quốc (PQC)
Sân bay Phú Quốc",60,1,18,False,False,True,False,False,False,False,True,False,False,True,False,False,True,False,False
PQC0338,Vietravel Airlines,1065000.0,"Phú Quốc (PQC)
Sân bay Phú Quốc",60,1,19,False,False,True,False,False,False,False,True,False,False,True,False,False,True,False,False
PQC0339,Vietravel Airlines,888000.0,"Phú Quốc (PQC)
Sân bay Phú Quốc",60,1,20,False,False,True,False,False,False,False,True,False,False,True,False,False,True,False,False
PQC0329,Vietravel Airlines,1078298.0,"Phú Quốc (PQC)
Sân bay Phú Quốc",60,0,1,False,False,True,False,False,False,False,True,False,False,True,False,False,True,False,False
PQC0330,Vietravel Airlines,1153110.0,"Phú Quốc (PQC)
Sân bay Phú Quốc",60,1,2,False,False,True,False,False,False,False,True,False,False,True,False,False,True,False,False
PQC0331,Vietravel Airlines,981211.0,"Phú Quốc (PQC)
Sân bay Phú Quốc",60,1,3,False,False,True,False,False,False,False,True,False,False,True,False,False,True,False,False
PQC0332,Vietravel Airlines,766476.0,"Phú Quốc (PQC)
Sân bay Phú Quốc",60,1,4,False,False,True,False,False,False,False,True,False,False,True,False,False,True,False,False
PQC0330,Vietravel Airlines,1162033.0,"Phú Quốc (PQC)
Sân bay Phú Quốc",60,1,1,False,False,True,False,False,False,False,True,False,False,True,False,False,True,False,False
PQC0331,Vietravel Airlines,951615.0,"Phú Quốc (PQC)
Sân bay Phú Quốc",60,1,2,False,False,True,False,False,False,False,True,False,False,True,False,False,True,False,False
PQC0332,Vietravel Airlines,690270.0,"Phú Quốc (PQC)
Sân bay Phú Quốc",60,1,3,False,False,True,False,False,False,False,True,False,False,True,False,False,True,False,False
PQC0333,Vietravel Airlines,754549.0,"Phú Quốc (PQC)
Sân bay Phú Quốc",60,0,12,False,False,True,False,False,False,False,True,False,False,True,False,False,True,False,False
PQC0334,Vietravel Airlines,754549.0,"Phú Quốc (PQC)
Sân bay Phú Quốc",60,0,13,False,False,True,False,False,False,False,True,False,False,True,False,False,True,False,False
PQC0335,Vietravel Airlines,754549.0,"Phú Quốc (PQC)
Sân bay Phú Quốc",60,0,14,False,False,True,False,False,False,False,True,False,False,True,False,False,True,False,False
PQC0336,Vietravel Airlines,1131823.0,"Phú Quốc (PQC)
Sân bay Phú Quốc",60,0,15,False,False,True,False,False,False,False,True,False,False,True,False,False,True,False,False
PQC0337,Vietravel Airlines,1132808.0,"Phú Quốc (PQC)
Sân bay Phú Quốc",60,1,16,False,False,True,False,False,False,False,True,False,False,True,False,False,True,False,False
PQC0338,Vietravel Airlines,957469.0,"Phú Quốc (PQC)
Sân bay Phú Quốc",60,1,17,False,False,True,False,False,False,False,True,False,False,True,False,False,True,False,False
PQC0339,Vietravel Airlines,881620.0,"Phú Quốc (PQC)
Sân bay Phú Quốc",60,1,18,False,False,True,False,False,False,False,True,False,False,True,False,False,True,False,False
PQC0331,Vietravel Airlines,981825.0,"Phú Quốc (PQC)
Sân bay Phú Quốc",60,1,1,False,False,True,False,False,False,False,True,False,False,True,False,False,True,False,False
PQC0332,Vietravel Airlines,981825.0,"Phú Quốc (PQC)
Sân bay Phú Quốc",60,1,2,False,False,True,False,False,False,False,True,False,False,True,False,False,True,False,False
PQC0322,Vietravel Airlines,1632795.0,"Phú Quốc (PQC)
Sân bay Phú Quốc",60,3,21,False,False,True,False,False,False,False,True,False,False,True,False,False,True,False,False
PQC0323,Vietravel Airlines,1636775.0,"Phú Quốc (PQC)
Sân bay Phú Quốc",60,2,22,False,False,True,False,False,False,False,True,False,False,True,False,False,True,False,False
PQC0324,Vietravel Airlines,883560.0,"Phú Quốc (PQC)
Sân bay Phú Quốc",60,2,23,False,False,True,False,False,False,False,True,False,False,True,False,False,True,False,False
PQC0325,Vietravel Airlines,752220.0,"Phú Quốc (PQC)
Sân bay Phú Quốc",60,2,24,False,False,True,False,False,False,False,True,False,False,True,False,False,True,False,False
PQC0326,Vietravel Airlines,752220.0,"Phú Quốc (PQC)
Sân bay Phú Quốc",60,0,25,False,False,True,False,False,False,False,True,False,False,True,False,False,True,False,False
PQC0327,Vietravel Airlines,752220.0,"Phú Quốc (PQC)
Sân bay Phú Quốc",60,0,26,False,False,True,False,False,False,False,True,False,False,True,False,False,True,False,False
PQC0328,Vietravel Airlines,752220.0,"Phú Quốc (PQC)
Sân bay Phú Quốc",60,0,27,False,False,True,False,False,False,False,True,False,False,True,False,False,True,False,False
PQC0329,Vietravel Airlines,1059675.0,"Phú Quốc (PQC)
Sân bay Phú Quốc",60,0,28,False,False,True,False,False,False,False,True,False,False,True,False,False,True,False,False
PQC0330,Vietravel Airlines,1870600.0,"Phú Quốc (PQC)
Sân bay Phú Quốc",60,1,29,False,False,True,False,False,False,False,True,False,False,True,False,False,True,False,False
PQC0331,Vietravel Airlines,817890.0,"Phú Quốc (PQC)
Sân bay Phú Quốc",60,1,30,False,False,True,False,False,False,False,True,False,False,True,False,False,True,False,False
PQC0333,Vietravel Airlines,752220.0,"Phú Quốc (PQC)
Sân bay Phú Quốc",60,0,11,False,False,True,False,False,False,False,True,False,False,True,False,False,True,False,False
PQC0334,Vietravel Airlines,752220.0,"Phú Quốc (PQC)
Sân bay Phú Quốc",60,0,12,False,False,True,False,False,False,False,True,False,False,True,False,False,True,False,False
PQC0335,Vietravel Airlines,752220.0,"Phú Quốc (PQC)
Sân bay Phú Quốc",60,0,13,False,False,True,False,False,False,False,True,False,False,True,False,False,True,False,False
PQC0336,Vietravel Airlines,1136290.0,"Phú Quốc (PQC)
Sân bay Phú Quốc",60,0,14,False,False,True,False,False,False,False,True,False,False,True,False,False,True,False,False
PQC0337,Vietravel Airlines,1136290.0,"Phú Quốc (PQC)
Sân bay Phú Quốc",60,1,15,False,False,True,False,False,False,False,True,False,False,True,False,False,True,False,False
PQC0338,Vietravel Airlines,961170.0,"Phú Quốc (PQC)
Sân bay Phú Quốc",60,1,16,False,False,True,False,False,False,False,True,False,False,True,False,False,True,False,False
PQC0339,Vietravel Airlines,752220.0,"Phú Quốc (PQC)
Sân bay Phú Quốc",60,1,17,False,False,True,False,False,False,False,True,False,False,True,False,False,True,False,False
PQC0340,Vietravel Airlines,961170.0,"Phú Quốc (PQC)
Sân bay Phú Quốc",60,0,18,False,False,True,False,False,False,False,True,False,False,True,False,False,True,False,False
PQC0341,Vietravel Airlines,1882938.125,"Phú Quốc (PQC)
Sân bay Phú Quốc",60,2,19,False,False,True,False,False,False,False,True,False,False,True,False,False,True,False,False
PQC0342,Vietravel Airlines,1870600.0,"Phú Quốc (PQC)
Sân bay Phú Quốc",60,3,20,False,False,True,False,False,False,False,True,False,False,True,False,False,True,False,False
PQC0332,Vietravel Airlines,835044.0,"Phú Quốc (PQC)
Sân bay Phú Quốc",60,1,1,False,False,True,False,False,False,False,True,False,False,True,False,False,True,False,False
PQC0322,Vietravel Airlines,1854828.0,"Phú Quốc (PQC)
Sân bay Phú Quốc",60,3,20,False,False,True,False,False,False,False,True,False,False,True,False,False,True,False,False
PQC0323,Vietravel Airlines,1619423.0,"Phú Quốc (PQC)
Sân bay Phú Quốc",60,2,21,False,False,True,False,False,False,False,True,False,False,True,False,False,True,False,False
PQC0324,Vietravel Airlines,875710.0,"Phú Quốc (PQC)
Sân bay Phú Quốc",60,2,22,False,False,True,False,False,False,False,True,False,False,True,False,False,True,False,False
PQC0325,Vietravel Airlines,749624.0,"Phú Quốc (PQC)
Sân bay Phú Quốc",60,2,23,False,False,True,False,False,False,False,True,False,False,True,False,False,True,False,False
PQC0326,Vietravel Airlines,748638.0,"Phú Quốc (PQC)
Sân bay Phú Quốc",60,0,24,False,False,True,False,False,False,False,True,False,False,True,False,False,True,False,False
PQC0327,Vietravel Airlines,749624.0,"Phú Quốc (PQC)
Sân bay Phú Quốc",60,0,25,False,False,True,False,False,False,False,True,False,False,True,False,False,True,False,False
PQC0328,Vietravel Airlines,747653.0,"Phú Quốc (PQC)
Sân bay Phú Quốc",60,0,26,False,False,True,False,False,False,False,True,False,False,True,False,False,True,False,False
PQC0329,Vietravel Airlines,1051049.0,"Phú Quốc (PQC)
Sân bay Phú Quốc",60,0,27,False,False,True,False,False,False,False,True,False,False,True,False,False,True,False,False
PQC0330,Vietravel Airlines,1852880.0,"Phú Quốc (PQC)
Sân bay Phú Quốc",60,1,28,False,False,True,False,False,False,False,True,False,False,True,False,False,True,False,False
PQC0331,Vietravel Airlines,879650.0,"Phú Quốc (PQC)
Sân bay Phú Quốc",60,1,29,False,False,True,False,False,False,False,True,False,False,True,False,False,True,False,False
PQC0332,Vietravel Airlines,810697.0,"Phú Quốc (PQC)
Sân bay Phú Quốc",60,1,30,False,False,True,False,False,False,False,True,False,False,True,False,False,True,False,False
PQC0333,Vietravel Airlines,748638.0,"Phú Quốc (PQC)
Sân bay Phú Quốc",60,0,10,False,False,True,False,False,False,False,True,False,False,True,False,False,True,False,False
PQC0334,Vietravel Airlines,748638.0,"Phú Quốc (PQC)
Sân bay Phú Quốc",60,0,11,False,False,True,False,False,False,False,True,False,False,True,False,False,True,False,False
PQC0335,Vietravel Airlines,748638.0,"Phú Quốc (PQC)
Sân bay Phú Quốc",60,0,12,False,False,True,False,False,False,False,True,False,False,True,False,False,True,False,False
PQC0336,Vietravel Airlines,1123943.0,"Phú Quốc (PQC)
Sân bay Phú Quốc",60,0,13,False,False,True,False,False,False,False,True,False,False,True,False,False,True,False,False
PQC0337,Vietravel Airlines,1124928.0,"Phú Quốc (PQC)
Sân bay Phú Quốc",60,1,14,False,False,True,False,False,False,False,True,False,False,True,False,False,True,False,False
PQC0338,Vietravel Airlines,951559.0,"Phú Quốc (PQC)
Sân bay Phú Quốc",60,1,15,False,False,True,False,False,False,False,True,False,False,True,False,False,True,False,False
PQC0339,Vietravel Airlines,879650.0,"Phú Quốc (PQC)
Sân bay Phú Quốc",60,1,16,False,False,True,False,False,False,False,True,False,False,True,False,False,True,False,False
PQC0340,Vietravel Airlines,951559.0,"Phú Quốc (PQC)
Sân bay Phú Quốc",60,0,17,False,False,True,False,False,False,False,True,False,False,True,False,False,True,False,False
PQC0341,Vietravel Airlines,1616468.0,"Phú Quốc (PQC)
Sân bay Phú Quốc",60,2,18,False,False,True,False,False,False,False,True,False,False,True,False,False,True,False,False
PQC0342,Vietravel Airlines,1852880.0,"Phú Quốc (PQC)
Sân bay Phú Quốc",60,3,19,False,False,True,False,False,False,False,True,False,False,True,False,False,True,False,False
PQC0322,Vietravel Airlines,1871100.0,"Phú Quốc (PQC)
Sân bay Phú Quốc",60,3,19,False,False,True,False,False,False,False,True,False,False,True,False,False,True,False,False
PQC0323,Vietravel Airlines,1629540.0,"Phú Quốc (PQC)
Sân bay Phú Quốc",60,2,20,False,False,True,False,False,False,False,True,False,False,True,False,False,True,False,False
PQC0333,Vietravel Airlines,754210.0,"Phú Quốc (PQC)
Sân bay Phú Quốc",60,0,9,False,False,True,False,False,False,False,True,False,False,True,False,False,True,False,False
PQC0334,Vietravel Airlines,754210.0,"Phú Quốc (PQC)
Sân bay Phú Quốc",60,0,10,False,False,True,False,False,False,False,True,False,False,True,False,False,True,False,False
PQC0335,Vietravel Airlines,754210.0,"Phú Quốc (PQC)
Sân bay Phú Quốc",60,0,11,False,False,True,False,False,False,False,True,False,False,True,False,False,True,False,False
PQC0336,Vietravel Airlines,1136290.0,"Phú Quốc (PQC)
Sân bay Phú Quốc",60,0,12,False,False,True,False,False,False,False,True,False,False,True,False,False,True,False,False
PQC0337,Vietravel Airlines,1136290.0,"Phú Quốc (PQC)
Sân bay Phú Quốc",60,1,13,False,False,True,False,False,False,False,True,False,False,True,False,False,True,False,False
PQC0338,Vietravel Airlines,960175.0,"Phú Quốc (PQC)
Sân bay Phú Quốc",60,1,14,False,False,True,False,False,False,False,True,False,False,True,False,False,True,False,False
PQC0339,Vietravel Airlines,886545.0,"Phú Quốc (PQC)
Sân bay Phú Quốc",60,1,15,False,False,True,False,False,False,False,True,False,False,True,False,False,True,False,False
PQC0340,Vietravel Airlines,960175.0,"Phú Quốc (PQC)
Sân bay Phú Quốc",60,0,16,False,False,True,False,False,False,False,True,False,False,True,False,False,True,False,False
PQC0341,Vietravel Airlines,1824830.0,"Phú Quốc (PQC)
Sân bay Phú Quốc",60,2,17,False,False,True,False,False,False,False,True,False,False,True,False,False,True,False,False
PQC0322,Vietravel Airlines,1863715.0,"Phú Quốc (PQC)
Sân bay Phú Quốc",60,3,18,False,False,True,False,False,False,False,True,False,False,True,False,False,True,False,False
PQC0323,Vietravel Airlines,1622378.0,"Phú Quốc (PQC)
Sân bay Phú Quốc",60,2,19,False,False,True,False,False,False,False,True,False,False,True,False,False,True,False,False
PQC0324,Vietravel Airlines,893441.0,"Phú Quốc (PQC)
Sân bay Phú Quốc",60,2,20,False,False,True,False,False,False,False,True,False,False,True,False,False,True,False,False
PQC0333,Vietravel Airlines,751410.0,"Phú Quốc (PQC)
Sân bay Phú Quốc",60,0,8,False,False,True,False,False,False,False,True,False,False,True,False,False,True,False,False
PQC0334,Vietravel Airlines,751410.0,"Phú Quốc (PQC)
Sân bay Phú Quốc",60,0,9,False,False,True,False,False,False,False,True,False,False,True,False,False,True,False,False
PQC0335,Vietravel Airlines,751410.0,"Phú Quốc (PQC)
Sân bay Phú Quốc",60,0,10,False,False,True,False,False,False,False,True,False,False,True,False,False,True,False,False
PQC0336,Vietravel Airlines,1132560.0,"Phú Quốc (PQC)
Sân bay Phú Quốc",60,0,11,False,False,True,False,False,False,False,True,False,False,True,False,False,True,False,False
PQC0337,Vietravel Airlines,1132560.0,"Phú Quốc (PQC)
Sân bay Phú Quốc",60,1,12,False,False,True,False,False,False,False,True,False,False,True,False,False,True,False,False
PQC0338,Vietravel Airlines,956340.0,"Phú Quốc (PQC)
Sân bay Phú Quốc",60,1,13,False,False,True,False,False,False,False,True,False,False,True,False,False,True,False,False
PQC0339,Vietravel Airlines,883080.0,"Phú Quốc (PQC)
Sân bay Phú Quốc",60,1,14,False,False,True,False,False,False,False,True,False,False,True,False,False,True,False,False
PQC0340,Vietravel Airlines,956340.0,"Phú Quốc (PQC)
Sân bay Phú Quốc",60,0,15,False,False,True,False,False,False,False,True,False,False,True,False,False,True,False,False
PQC0341,Vietravel Airlines,1816650.0,"Phú Quốc (PQC)
Sân bay Phú Quốc",60,2,16,False,False,True,False,False,False,False,True,False,False,True,False,False,True,False,False
PQC0322,Vietravel Airlines,1879290.0,"Phú Quốc (PQC)
Sân bay Phú Quốc",60,3,17,False,False,True,False,False,False,False,True,False,False,True,False,False,True,False,False
PQC0323,Vietravel Airlines,1640888.0,"Phú Quốc (PQC)
Sân bay Phú Quốc",60,2,18,False,False,True,False,False,False,False,True,False,False,True,False,False,True,False,False
PQC0324,Vietravel Airlines,965580.0,"Phú Quốc (PQC)
Sân bay Phú Quốc",60,2,19,False,False,True,False,False,False,False,True,False,False,True,False,False,True,False,False
PQC0325,Vietravel Airlines,821940.0,"Phú Quốc (PQC)
Sân bay Phú Quốc",60,2,20,False,False,True,False,False,False,False,True,False,False,True,False,False,True,False,False
PQC0333,Vietravel Airlines,822938.0,"Phú Quốc (PQC)
Sân bay Phú Quốc",60,0,7,False,False,True,False,False,False,False,True,False,False,True,False,False,True,False,False
PQC0334,Vietravel Airlines,755108.0,"Phú Quốc (PQC)
Sân bay Phú Quốc",60,0,8,False,False,True,False,False,False,False,True,False,False,True,False,False,True,False,False
PQC0335,Vietravel Airlines,759098.0,"Phú Quốc (PQC)
Sân bay Phú Quốc",60,0,9,False,False,True,False,False,False,False,True,False,False,True,False,False,True,False,False
PQC0336,Vietravel Airlines,1139145.0,"Phú Quốc (PQC)
Sân bay Phú Quốc",60,0,10,False,False,True,False,False,False,False,True,False,False,True,False,False,True,False,False
PQC0337,Vietravel Airlines,1139145.0,"Phú Quốc (PQC)
Sân bay Phú Quốc",60,1,11,False,False,True,False,False,False,False,True,False,False,True,False,False,True,False,False
PQC0338,Vietravel Airlines,1065330.0,"Phú Quốc (PQC)
Sân bay Phú Quốc",60,1,12,False,False,True,False,False,False,False,True,False,False,True,False,False,True,False,False
PQC0339,Vietravel Airlines,972563.0,"Phú Quốc (PQC)
Sân bay Phú Quốc",60,1,13,False,False,True,False,False,False,False,True,False,False,True,False,False,True,False,False
PQC0340,Vietravel Airlines,1061340.0,"Phú Quốc (PQC)
Sân bay Phú Quốc",60,0,14,False,False,True,False,False,False,False,True,False,False,True,False,False,True,False,False
PQC0341,Vietravel Airlines,1813455.0,"Phú Quốc (PQC)
Sân bay Phú Quốc",60,2,15,False,False,True,False,False,False,False,True,False,False,True,False,False,True,False,False
PQC0322,Vietravel Airlines,1882938.125,"Phú Quốc (PQC)
Sân bay Phú Quốc",60,3,16,False,False,True,False,False,False,False,True,False,False,True,False,False,True,False,False
PQC0323,Vietravel Airlines,1737645.0,"Phú Quốc (PQC)
Sân bay Phú Quốc",60,2,17,False,False,True,False,False,False,False,True,False,False,True,False,False,True,False,False
PQC0324,Vietravel Airlines,1397498.0,"Phú Quốc (PQC)
Sân bay Phú Quốc",60,2,18,False,False,True,False,False,False,False,True,False,False,True,False,False,True,False,False
PQC0325,Vietravel Airlines,823935.0,"Phú Quốc (PQC)
Sân bay Phú Quốc",60,2,19,False,False,True,False,False,False,False,True,False,False,True,False,False,True,False,False
PQC0326,Vietravel Airlines,760095.0,"Phú Quốc (PQC)
Sân bay Phú Quốc",60,0,20,False,False,True,False,False,False,False,True,False,False,True,False,False,True,False,False
PQC0333,Vietravel Airlines,759098.0,"Phú Quốc (PQC)
Sân bay Phú Quốc",60,0,6,False,False,True,False,False,False,False,True,False,False,True,False,False,True,False,False
PQC0334,Vietravel Airlines,759098.0,"Phú Quốc (PQC)
Sân bay Phú Quốc",60,0,7,False,False,True,False,False,False,False,True,False,False,True,False,False,True,False,False
PQC0335,Vietravel Airlines,759098.0,"Phú Quốc (PQC)
Sân bay Phú Quốc",60,0,8,False,False,True,False,False,False,False,True,False,False,True,False,False,True,False,False
PQC0336,Vietravel Airlines,1140143.0,"Phú Quốc (PQC)
Sân bay Phú Quốc",60,0,9,False,False,True,False,False,False,False,True,False,False,True,False,False,True,False,False
PQC0337,Vietravel Airlines,1143135.0,"Phú Quốc (PQC)
Sân bay Phú Quốc",60,1,10,False,False,True,False,False,False,False,True,False,False,True,False,False,True,False,False
PQC0338,Vietravel Airlines,1472310.0,"Phú Quốc (PQC)
Sân bay Phú Quốc",60,1,11,False,False,True,False,False,False,False,True,False,False,True,False,False,True,False,False
PQC0339,Vietravel Airlines,1140143.0,"Phú Quốc (PQC)
Sân bay Phú Quốc",60,1,12,False,False,True,False,False,False,False,True,False,False,True,False,False,True,False,False
PQC0340,Vietravel Airlines,1140143.0,"Phú Quốc (PQC)
Sân bay Phú Quốc",60,0,13,False,False,True,False,False,False,False,True,False,False,True,False,False,True,False,False
PQC0341,Vietravel Airlines,1819440.0,"Phú Quốc (PQC)
Sân bay Phú Quốc",60,2,14,False,False,True,False,False,False,False,True,False,False,True,False,False,True,False,False
PQC0322,Vietravel Airlines,1882938.125,"Phú Quốc (PQC)
Sân bay Phú Quốc",60,3,15,False,False,True,False,False,False,False,True,False,False,True,False,False,True,False,False
PQC0323,Vietravel Airlines,1778322.0,"Phú Quốc (PQC)
Sân bay Phú Quốc",60,2,16,False,False,True,False,False,False,False,True,False,False,True,False,False,True,False,False
PQC0324,Vietravel Airlines,1426782.0,"Phú Quốc (PQC)
Sân bay Phú Quốc",60,2,17,False,False,True,False,False,False,False,True,False,False,True,False,False,True,False,False
PQC0325,Vietravel Airlines,837102.0,"Phú Quốc (PQC)
Sân bay Phú Quốc",60,2,18,False,False,True,False,False,False,False,True,False,False,True,False,False,True,False,False
PQC0326,Vietravel Airlines,769062.0,"Phú Quốc (PQC)
Sân bay Phú Quốc",60,0,19,False,False,True,False,False,False,False,True,False,False,True,False,False,True,False,False
PQC0327,Vietravel Airlines,769062.0,"Phú Quốc (PQC)
Sân bay Phú Quốc",60,0,20,False,False,True,False,False,False,False,True,False,False,True,False,False,True,False,False
PQC0333,Vietravel Airlines,759098.0,"Phú Quốc (PQC)
Sân bay Phú Quốc",60,0,5,False,False,True,False,False,False,False,True,False,False,True,False,False,True,False,False
PQC0334,Vietravel Airlines,759098.0,"Phú Quốc (PQC)
Sân bay Phú Quốc",60,0,6,False,False,True,False,False,False,False,True,False,False,True,False,False,True,False,False
PQC0335,Vietravel Airlines,759098.0,"Phú Quốc (PQC)
Sân bay Phú Quốc",60,0,7,False,False,True,False,False,False,False,True,False,False,True,False,False,True,False,False
PQC0336,Vietravel Airlines,1142138.0,"Phú Quốc (PQC)
Sân bay Phú Quốc",60,0,8,False,False,True,False,False,False,False,True,False,False,True,False,False,True,False,False
PQC0337,Vietravel Airlines,1142138.0,"Phú Quốc (PQC)
Sân bay Phú Quốc",60,1,9,False,False,True,False,False,False,False,True,False,False,True,False,False,True,False,False
PQC0338,Vietravel Airlines,1219943.0,"Phú Quốc (PQC)
Sân bay Phú Quốc",60,1,10,False,False,True,False,False,False,False,True,False,False,True,False,False,True,False,False
PQC0339,Vietravel Airlines,1165962.0,"Phú Quốc (PQC)
Sân bay Phú Quốc",60,1,11,False,False,True,False,False,False,False,True,False,False,True,False,False,True,False,False
PQC0340,Vietravel Airlines,1165962.0,"Phú Quốc (PQC)
Sân bay Phú Quốc",60,0,12,False,False,True,False,False,False,False,True,False,False,True,False,False,True,False,False
PQC0341,Vietravel Airlines,1869042.0,"Phú Quốc (PQC)
Sân bay Phú Quốc",60,2,13,False,False,True,False,False,False,False,True,False,False,True,False,False,True,False,False
PQC0322,Vietravel Airlines,1882938.125,"Phú Quốc (PQC)
Sân bay Phú Quốc",60,3,14,False,False,True,False,False,False,False,True,False,False,True,False,False,True,False,False
PQC0323,Vietravel Airlines,1683351.0,"Phú Quốc (PQC)
Sân bay Phú Quốc",60,2,15,False,False,True,False,False,False,False,True,False,False,True,False,False,True,False,False
PQC0324,Vietravel Airlines,1303733.0,"Phú Quốc (PQC)
Sân bay Phú Quốc",60,2,16,False,False,True,False,False,False,False,True,False,False,True,False,False,True,False,False
PQC0325,Vietravel Airlines,748125.0,"Phú Quốc (PQC)
Sân bay Phú Quốc",60,2,17,False,False,True,False,False,False,False,True,False,False,True,False,False,True,False,False
PQC0326,Vietravel Airlines,748125.0,"Phú Quốc (PQC)
Sân bay Phú Quốc",60,0,18,False,False,True,False,False,False,False,True,False,False,True,False,False,True,False,False
PQC0327,Vietravel Airlines,748125.0,"Phú Quốc (PQC)
Sân bay Phú Quốc",60,0,19,False,False,True,False,False,False,False,True,False,False,True,False,False,True,False,False
PQC0328,Vietravel Airlines,748125.0,"Phú Quốc (PQC)
Sân bay Phú Quốc",60,0,20,False,False,True,False,False,False,False,True,False,False,True,False,False,True,False,False
PQC0333,Vietravel Airlines,881790.0,"Phú Quốc (PQC)
Sân bay Phú Quốc",60,0,4,False,False,True,False,False,False,False,True,False,False,True,False,False,True,False,False
PQC0334,Vietravel Airlines,969570.0,"Phú Quốc (PQC)
Sân bay Phú Quốc",60,0,5,False,False,True,False,False,False,False,True,False,False,True,False,False,True,False,False
PQC0335,Vietravel Airlines,748125.0,"Phú Quốc (PQC)
Sân bay Phú Quốc",60,0,6,False,False,True,False,False,False,False,True,False,False,True,False,False,True,False,False
PQC0336,Vietravel Airlines,1129170.0,"Phú Quốc (PQC)
Sân bay Phú Quốc",60,0,7,False,False,True,False,False,False,False,True,False,False,True,False,False,True,False,False
PQC0337,Vietravel Airlines,1055355.0,"Phú Quốc (PQC)
Sân bay Phú Quốc",60,1,8,False,False,True,False,False,False,False,True,False,False,True,False,False,True,False,False
PQC0338,Vietravel Airlines,1206975.0,"Phú Quốc (PQC)
Sân bay Phú Quốc",60,1,9,False,False,True,False,False,False,False,True,False,False,True,False,False,True,False,False
PQC0339,Vietravel Airlines,1055355.0,"Phú Quốc (PQC)
Sân bay Phú Quốc",60,1,10,False,False,True,False,False,False,False,True,False,False,True,False,False,True,False,False
PQC0340,Vietravel Airlines,1055355.0,"Phú Quốc (PQC)
Sân bay Phú Quốc",60,0,11,False,False,True,False,False,False,False,True,False,False,True,False,False,True,False,False
PQC0341,Vietravel Airlines,1811460.0,"Phú Quốc (PQC)
Sân bay Phú Quốc",60,2,12,False,False,True,False,False,False,False,True,False,False,True,False,False,True,False,False
PQC0322,Vietravel Airlines,1882938.125,"Phú Quốc (PQC)
Sân bay Phú Quốc",60,3,13,False,False,True,False,False,False,False,True,False,False,True,False,False,True,False,False
PQC0323,Vietravel Airlines,1631910.0,"Phú Quốc (PQC)
Sân bay Phú Quốc",60,2,14,False,False,True,False,False,False,False,True,False,False,True,False,False,True,False,False
PQC0324,Vietravel Airlines,1344207.0,"Phú Quốc (PQC)
Sân bay Phú Quốc",60,2,15,False,False,True,False,False,False,False,True,False,False,True,False,False,True,False,False
PQC0325,Vietravel Airlines,748125.0,"Phú Quốc (PQC)
Sân bay Phú Quốc",60,2,16,False,False,True,False,False,False,False,True,False,False,True,False,False,True,False,False
PQC0326,Vietravel Airlines,748125.0,"Phú Quốc (PQC)
Sân bay Phú Quốc",60,0,17,False,False,True,False,False,False,False,True,False,False,True,False,False,True,False,False
PQC0327,Vietravel Airlines,748125.0,"Phú Quốc (PQC)
Sân bay Phú Quốc",60,0,18,False,False,True,False,False,False,False,True,False,False,True,False,False,True,False,False
PQC0328,Vietravel Airlines,748125.0,"Phú Quốc (PQC)
Sân bay Phú Quốc",60,0,19,False,False,True,False,False,False,False,True,False,False,True,False,False,True,False,False
PQC0329,Vietravel Airlines,1056353.0,"Phú Quốc (PQC)
Sân bay Phú Quốc",60,0,20,False,False,True,False,False,False,False,True,False,False,True,False,False,True,False,False
PQC0333,Vietravel Airlines,1052363.0,"Phú Quốc (PQC)
Sân bay Phú Quốc",60,0,3,False,False,True,False,False,False,False,True,False,False,True,False,False,True,False,False
PQC0334,Vietravel Airlines,1052363.0,"Phú Quốc (PQC)
Sân bay Phú Quốc",60,0,4,False,False,True,False,False,False,False,True,False,False,True,False,False,True,False,False
PQC0335,Vietravel Airlines,956603.0,"Phú Quốc (PQC)
Sân bay Phú Quốc",60,0,5,False,False,True,False,False,False,False,True,False,False,True,False,False,True,False,False
PQC0336,Vietravel Airlines,1130168.0,"Phú Quốc (PQC)
Sân bay Phú Quốc",60,0,6,False,False,True,False,False,False,False,True,False,False,True,False,False,True,False,False
PQC0337,Vietravel Airlines,1130168.0,"Phú Quốc (PQC)
Sân bay Phú Quốc",60,1,7,False,False,True,False,False,False,False,True,False,False,True,False,False,True,False,False
PQC0338,Vietravel Airlines,1204980.0,"Phú Quốc (PQC)
Sân bay Phú Quốc",60,1,8,False,False,True,False,False,False,False,True,False,False,True,False,False,True,False,False
PQC0339,Vietravel Airlines,1052363.0,"Phú Quốc (PQC)
Sân bay Phú Quốc",60,1,9,False,False,True,False,False,False,False,True,False,False,True,False,False,True,False,False
PQC0340,Vietravel Airlines,1052363.0,"Phú Quốc (PQC)
Sân bay Phú Quốc",60,0,10,False,False,True,False,False,False,False,True,False,False,True,False,False,True,False,False
PQC0341,Vietravel Airlines,1631910.0,"Phú Quốc (PQC)
Sân bay Phú Quốc",60,2,11,False,False,True,False,False,False,False,True,False,False,True,False,False,True,False,False
PQC0322,Vietravel Airlines,1873305.0,"Phú Quốc (PQC)
Sân bay Phú Quốc",60,3,12,False,False,True,False,False,False,False,True,False,False,True,False,False,True,False,False
PQC0323,Vietravel Airlines,1632908.0,"Phú Quốc (PQC)
Sân bay Phú Quốc",60,2,13,False,False,True,False,False,False,False,True,False,False,True,False,False,True,False,False
PQC0324,Vietravel Airlines,1302735.0,"Phú Quốc (PQC)
Sân bay Phú Quốc",60,2,14,False,False,True,False,False,False,False,True,False,False,True,False,False,True,False,False
PQC0325,Vietravel Airlines,749123.0,"Phú Quốc (PQC)
Sân bay Phú Quốc",60,2,15,False,False,True,False,False,False,False,True,False,False,True,False,False,True,False,False
PQC0326,Vietravel Airlines,749123.0,"Phú Quốc (PQC)
Sân bay Phú Quốc",60,0,16,False,False,True,False,False,False,False,True,False,False,True,False,False,True,False,False
PQC0327,Vietravel Airlines,749123.0,"Phú Quốc (PQC)
Sân bay Phú Quốc",60,0,17,False,False,True,False,False,False,False,True,False,False,True,False,False,True,False,False
PQC0328,Vietravel Airlines,749123.0,"Phú Quốc (PQC)
Sân bay Phú Quốc",60,0,18,False,False,True,False,False,False,False,True,False,False,True,False,False,True,False,False
PQC0329,Vietravel Airlines,1058348.0,"Phú Quốc (PQC)
Sân bay Phú Quốc",60,0,19,False,False,True,False,False,False,False,True,False,False,True,False,False,True,False,False
PQC0330,Vietravel Airlines,1873305.0,"Phú Quốc (PQC)
Sân bay Phú Quốc",60,1,20,False,False,True,False,False,False,False,True,False,False,True,False,False,True,False,False
PQC0333,Vietravel Airlines,1162571.0,"Phú Quốc (PQC)
Sân bay Phú Quốc",60,0,2,False,False,True,False,False,False,False,True,False,False,True,False,False,True,False,False
PQC0334,Vietravel Airlines,1058348.0,"Phú Quốc (PQC)
Sân bay Phú Quốc",60,0,3,False,False,True,False,False,False,False,True,False,False,True,False,False,True,False,False
PQC0335,Vietravel Airlines,957600.0,"Phú Quốc (PQC)
Sân bay Phú Quốc",60,0,4,False,False,True,False,False,False,False,True,False,False,True,False,False,True,False,False
PQC0336,Vietravel Airlines,1132163.0,"Phú Quốc (PQC)
Sân bay Phú Quốc",60,0,5,False,False,True,False,False,False,False,True,False,False,True,False,False,True,False,False
PQC0337,Vietravel Airlines,1132163.0,"Phú Quốc (PQC)
Sân bay Phú Quốc",60,1,6,False,False,True,False,False,False,False,True,False,False,True,False,False,True,False,False
PQC0338,Vietravel Airlines,1309718.0,"Phú Quốc (PQC)
Sân bay Phú Quốc",60,1,7,False,False,True,False,False,False,False,True,False,False,True,False,False,True,False,False
PQC0339,Vietravel Airlines,1057350.0,"Phú Quốc (PQC)
Sân bay Phú Quốc",60,1,8,False,False,True,False,False,False,False,True,False,False,True,False,False,True,False,False
PQC0340,Vietravel Airlines,1057350.0,"Phú Quốc (PQC)
Sân bay Phú Quốc",60,0,9,False,False,True,False,False,False,False,True,False,False,True,False,False,True,False,False
PQC0341,Vietravel Airlines,1718693.0,"Phú Quốc (PQC)
Sân bay Phú Quốc",60,2,10,False,False,True,False,False,False,False,True,False,False,True,False,False,True,False,False
PQC0322,Vietravel Airlines,1872308.0,"Phú Quốc (PQC)
Sân bay Phú Quốc",60,3,11,False,False,True,False,False,False,False,True,False,False,True,False,False,True,False,False
PQC0323,Vietravel Airlines,1630913.0,"Phú Quốc (PQC)
Sân bay Phú Quốc",60,2,12,False,False,True,False,False,False,False,True,False,False,True,False,False,True,False,False
PQC0324,Vietravel Airlines,1304730.0,"Phú Quốc (PQC)
Sân bay Phú Quốc",60,2,13,False,False,True,False,False,False,False,True,False,False,True,False,False,True,False,False
PQC0325,Vietravel Airlines,814958.0,"Phú Quốc (PQC)
Sân bay Phú Quốc",60,2,14,False,False,True,False,False,False,False,True,False,False,True,False,False,True,False,False
PQC0326,Vietravel Airlines,748125.0,"Phú Quốc (PQC)
Sân bay Phú Quốc",60,0,15,False,False,True,False,False,False,False,True,False,False,True,False,False,True,False,False
PQC0327,Vietravel Airlines,748125.0,"Phú Quốc (PQC)
Sân bay Phú Quốc",60,0,16,False,False,True,False,False,False,False,True,False,False,True,False,False,True,False,False
PQC0328,Vietravel Airlines,748125.0,"Phú Quốc (PQC)
Sân bay Phú Quốc",60,0,17,False,False,True,False,False,False,False,True,False,False,True,False,False,True,False,False
PQC0329,Vietravel Airlines,1056353.0,"Phú Quốc (PQC)
Sân bay Phú Quốc",60,0,18,False,False,True,False,False,False,False,True,False,False,True,False,False,True,False,False
PQC0330,Vietravel Airlines,1872308.0,"Phú Quốc (PQC)
Sân bay Phú Quốc",60,1,19,False,False,True,False,False,False,False,True,False,False,True,False,False,True,False,False
PQC0331,Vietravel Airlines,881790.0,"Phú Quốc (PQC)
Sân bay Phú Quốc",60,1,20,False,False,True,False,False,False,False,True,False,False,True,False,False,True,False,False
PQC0333,Vietravel Airlines,1060343.0,"Phú Quốc (PQC)
Sân bay Phú Quốc",60,0,1,False,False,True,False,False,False,False,True,False,False,True,False,False,True,False,False
PQC0334,Vietravel Airlines,1056353.0,"Phú Quốc (PQC)
Sân bay Phú Quốc",60,0,2,False,False,True,False,False,False,False,True,False,False,True,False,False,True,False,False
PQC0335,Vietravel Airlines,956603.0,"Phú Quốc (PQC)
Sân bay Phú Quốc",60,0,3,False,False,True,False,False,False,False,True,False,False,True,False,False,True,False,False
PQC0336,Vietravel Airlines,1130168.0,"Phú Quốc (PQC)
Sân bay Phú Quốc",60,0,4,False,False,True,False,False,False,False,True,False,False,True,False,False,True,False,False
PQC0337,Vietravel Airlines,1130168.0,"Phú Quốc (PQC)
Sân bay Phú Quốc",60,1,5,False,False,True,False,False,False,False,True,False,False,True,False,False,True,False,False
PQC0338,Vietravel Airlines,1308720.0,"Phú Quốc (PQC)
Sân bay Phú Quốc",60,1,6,False,False,True,False,False,False,False,True,False,False,True,False,False,True,False,False
PQC0339,Vietravel Airlines,1056353.0,"Phú Quốc (PQC)
Sân bay Phú Quốc",60,1,7,False,False,True,False,False,False,False,True,False,False,True,False,False,True,False,False
PQC0340,Vietravel Airlines,1056353.0,"Phú Quốc (PQC)
Sân bay Phú Quốc",60,0,8,False,False,True,False,False,False,False,True,False,False,True,False,False,True,False,False
PQC0341,Vietravel Airlines,1630913.0,"Phú Quốc (PQC)
Sân bay Phú Quốc",60,2,9,False,False,True,False,False,False,False,True,False,False,True,False,False,True,False,False
PQC0322,Vietravel Airlines,1882283.0,"Phú Quốc (PQC)
Sân bay Phú Quốc",60,3,10,False,False,True,False,False,False,False,True,False,False,True,False,False,True,False,False
PQC0323,Vietravel Airlines,1630913.0,"Phú Quốc (PQC)
Sân bay Phú Quốc",60,2,11,False,False,True,False,False,False,False,True,False,False,True,False,False,True,False,False
PQC0324,Vietravel Airlines,1304730.0,"Phú Quốc (PQC)
Sân bay Phú Quốc",60,2,12,False,False,True,False,False,False,False,True,False,False,True,False,False,True,False,False
PQC0325,Vietravel Airlines,823935.0,"Phú Quốc (PQC)
Sân bay Phú Quốc",60,2,13,False,False,True,False,False,False,False,True,False,False,True,False,False,True,False,False
PQC0326,Vietravel Airlines,750120.0,"Phú Quốc (PQC)
Sân bay Phú Quốc",60,0,14,False,False,True,False,False,False,False,True,False,False,True,False,False,True,False,False
PQC0327,Vietravel Airlines,750120.0,"Phú Quốc (PQC)
Sân bay Phú Quốc",60,0,15,False,False,True,False,False,False,False,True,False,False,True,False,False,True,False,False
PQC0328,Vietravel Airlines,750120.0,"Phú Quốc (PQC)
Sân bay Phú Quốc",60,0,16,False,False,True,False,False,False,False,True,False,False,True,False,False,True,False,False
PQC0329,Vietravel Airlines,1057350.0,"Phú Quốc (PQC)
Sân bay Phú Quốc",60,0,17,False,False,True,False,False,False,False,True,False,False,True,False,False,True,False,False
PQC0330,Vietravel Airlines,1874303.0,"Phú Quốc (PQC)
Sân bay Phú Quốc",60,1,18,False,False,True,False,False,False,False,True,False,False,True,False,False,True,False,False
PQC0331,Vietravel Airlines,883785.0,"Phú Quốc (PQC)
Sân bay Phú Quốc",60,1,19,False,False,True,False,False,False,False,True,False,False,True,False,False,True,False,False
PQC0332,Vietravel Airlines,816953.0,"Phú Quốc (PQC)
Sân bay Phú Quốc",60,1,20,False,False,True,False,False,False,False,True,False,False,True,False,False,True,False,False
PQC0334,Vietravel Airlines,1060343.0,"Phú Quốc (PQC)
Sân bay Phú Quốc",60,0,1,False,False,True,False,False,False,False,True,False,False,True,False,False,True,False,False
PQC0335,Vietravel Airlines,956603.0,"Phú Quốc (PQC)
Sân bay Phú Quốc",60,0,2,False,False,True,False,False,False,False,True,False,False,True,False,False,True,False,False
PQC0336,Vietravel Airlines,1130168.0,"Phú Quốc (PQC)
Sân bay Phú Quốc",60,0,3,False,False,True,False,False,False,False,True,False,False,True,False,False,True,False,False
PQC0337,Vietravel Airlines,1136153.0,"Phú Quốc (PQC)
Sân bay Phú Quốc",60,1,4,False,False,True,False,False,False,False,True,False,False,True,False,False,True,False,False
PQC0338,Vietravel Airlines,1382535.0,"Phú Quốc (PQC)
Sân bay Phú Quốc",60,1,5,False,False,True,False,False,False,False,True,False,False,True,False,False,True,False,False
PQC0339,Vietravel Airlines,1057350.0,"Phú Quốc (PQC)
Sân bay Phú Quốc",60,1,6,False,False,True,False,False,False,False,True,False,False,True,False,False,True,False,False
PQC0340,Vietravel Airlines,1056353.0,"Phú Quốc (PQC)
Sân bay Phú Quốc",60,0,7,False,False,True,False,False,False,False,True,False,False,True,False,False,True,False,False
PQC0341,Vietravel Airlines,1716698.0,"Phú Quốc (PQC)
Sân bay Phú Quốc",60,2,8,False,False,True,False,False,False,False,True,False,False,True,False,False,True,False,False
PQC0322,Vietravel Airlines,1641885.0,"Phú Quốc (PQC)
Sân bay Phú Quốc",60,3,9,False,False,True,False,False,False,False,True,False,False,True,False,False,True,False,False
PQC0323,Vietravel Airlines,1463333.0,"Phú Quốc (PQC)
Sân bay Phú Quốc",60,2,10,False,False,True,False,False,False,False,True,False,False,True,False,False,True,False,False
PQC0324,Vietravel Airlines,963585.0,"Phú Quốc (PQC)
Sân bay Phú Quốc",60,2,11,False,False,True,False,False,False,False,True,False,False,True,False,False,True,False,False
PQC0325,Vietravel Airlines,963585.0,"Phú Quốc (PQC)
Sân bay Phú Quốc",60,2,12,False,False,True,False,False,False,False,True,False,False,True,False,False,True,False,False
PQC0326,Vietravel Airlines,755108.0,"Phú Quốc (PQC)
Sân bay Phú Quốc",60,0,13,False,False,True,False,False,False,False,True,False,False,True,False,False,True,False,False
PQC0327,Vietravel Airlines,755108.0,"Phú Quốc (PQC)
Sân bay Phú Quốc",60,0,14,False,False,True,False,False,False,False,True,False,False,True,False,False,True,False,False
PQC0328,Vietravel Airlines,755108.0,"Phú Quốc (PQC)
Sân bay Phú Quốc",60,0,15,False,False,True,False,False,False,False,True,False,False,True,False,False,True,False,False
PQC0329,Vietravel Airlines,1059345.0,"Phú Quốc (PQC)
Sân bay Phú Quốc",60,0,16,False,False,True,False,False,False,False,True,False,False,True,False,False,True,False,False
PQC0330,Vietravel Airlines,1137150.0,"Phú Quốc (PQC)
Sân bay Phú Quốc",60,1,17,False,False,True,False,False,False,False,True,False,False,True,False,False,True,False,False
PQC0331,Vietravel Airlines,885780.0,"Phú Quốc (PQC)
Sân bay Phú Quốc",60,1,18,False,False,True,False,False,False,False,True,False,False,True,False,False,True,False,False
PQC0332,Vietravel Airlines,755108.0,"Phú Quốc (PQC)
Sân bay Phú Quốc",60,1,19,False,False,True,False,False,False,False,True,False,False,True,False,False,True,False,False
PQC0335,Vietravel Airlines,1186028.0,"Phú Quốc (PQC)
Sân bay Phú Quốc",60,0,1,False,False,True,False,False,False,False,True,False,False,True,False,False,True,False,False
PQC0336,Vietravel Airlines,1137150.0,"Phú Quốc (PQC)
Sân bay Phú Quốc",60,0,2,False,False,True,False,False,False,False,True,False,False,True,False,False,True,False,False
PQC0337,Vietravel Airlines,962588.0,"Phú Quốc (PQC)
Sân bay Phú Quốc",60,1,3,False,False,True,False,False,False,False,True,False,False,True,False,False,True,False,False
PQC0338,Vietravel Airlines,1214955.0,"Phú Quốc (PQC)
Sân bay Phú Quốc",60,1,4,False,False,True,False,False,False,False,True,False,False,True,False,False,True,False,False
PQC0339,Vietravel Airlines,1063335.0,"Phú Quốc (PQC)
Sân bay Phú Quốc",60,1,5,False,False,True,False,False,False,False,True,False,False,True,False,False,True,False,False
PQC0340,Vietravel Airlines,1063335.0,"Phú Quốc (PQC)
Sân bay Phú Quốc",60,0,6,False,False,True,False,False,False,False,True,False,False,True,False,False,True,False,False
PQC0341,Vietravel Airlines,1641885.0,"Phú Quốc (PQC)
Sân bay Phú Quốc",60,2,7,False,False,True,False,False,False,False,True,False,False,True,False,False,True,False,False
PQC0322,Vietravel Airlines,1718693.0,"Phú Quốc (PQC)
Sân bay Phú Quốc",60,3,8,False,False,True,False,False,False,False,True,False,False,True,False,False,True,False,False
PQC0323,Vietravel Airlines,1476300.0,"Phú Quốc (PQC)
Sân bay Phú Quốc",60,2,9,False,False,True,False,False,False,False,True,False,False,True,False,False,True,False,False
PQC0324,Vietravel Airlines,969570.0,"Phú Quốc (PQC)
Sân bay Phú Quốc",60,2,10,False,False,True,False,False,False,False,True,False,False,True,False,False,True,False,False
PQC0325,Vietravel Airlines,968573.0,"Phú Quốc (PQC)
Sân bay Phú Quốc",60,2,11,False,False,True,False,False,False,False,True,False,False,True,False,False,True,False,False
PQC0326,Vietravel Airlines,760095.0,"Phú Quốc (PQC)
Sân bay Phú Quốc",60,0,12,False,False,True,False,False,False,False,True,False,False,True,False,False,True,False,False
PQC0327,Vietravel Airlines,760095.0,"Phú Quốc (PQC)
Sân bay Phú Quốc",60,0,13,False,False,True,False,False,False,False,True,False,False,True,False,False,True,False,False
PQC0328,Vietravel Airlines,760095.0,"Phú Quốc (PQC)
Sân bay Phú Quốc",60,0,14,False,False,True,False,False,False,False,True,False,False,True,False,False,True,False,False
PQC0329,Vietravel Airlines,1070318.0,"Phú Quốc (PQC)
Sân bay Phú Quốc",60,0,15,False,False,True,False,False,False,False,True,False,False,True,False,False,True,False,False
PQC0330,Vietravel Airlines,1148123.0,"Phú Quốc (PQC)
Sân bay Phú Quốc",60,1,16,False,False,True,False,False,False,False,True,False,False,True,False,False,True,False,False
PQC0331,Vietravel Airlines,894758.0,"Phú Quốc (PQC)
Sân bay Phú Quốc",60,1,17,False,False,True,False,False,False,False,True,False,False,True,False,False,True,False,False
PQC0332,Vietravel Airlines,760095.0,"Phú Quốc (PQC)
Sân bay Phú Quốc",60,1,18,False,False,True,False,False,False,False,True,False,False,True,False,False,True,False,False
PQC0336,Vietravel Airlines,1344195.0,"Phú Quốc (PQC)
Sân bay Phú Quốc",60,0,1,False,False,True,False,False,False,False,True,False,False,True,False,False,True,False,False
PQC0337,Vietravel Airlines,1148123.0,"Phú Quốc (PQC)
Sân bay Phú Quốc",60,1,2,False,False,True,False,False,False,False,True,False,False,True,False,False,True,False,False
PQC0338,Vietravel Airlines,1222935.0,"Phú Quốc (PQC)
Sân bay Phú Quốc",60,1,3,False,False,True,False,False,False,False,True,False,False,True,False,False,True,False,False
PQC0339,Vietravel Airlines,1070318.0,"Phú Quốc (PQC)
Sân bay Phú Quốc",60,1,4,False,False,True,False,False,False,False,True,False,False,True,False,False,True,False,False
PQC0340,Vietravel Airlines,1070318.0,"Phú Quốc (PQC)
Sân bay Phú Quốc",60,0,5,False,False,True,False,False,False,False,True,False,False,True,False,False,True,False,False
PQC0341,Vietravel Airlines,1657845.0,"Phú Quốc (PQC)
Sân bay Phú Quốc",60,2,6,False,False,True,False,False,False,False,True,False,False,True,False,False,True,False,False
PQC0322,Vietravel Airlines,1735650.0,"Phú Quốc (PQC)
Sân bay Phú Quốc",60,3,7,False,False,True,False,False,False,False,True,False,False,True,False,False,True,False,False
PQC0323,Vietravel Airlines,1471313.0,"Phú Quốc (PQC)
Sân bay Phú Quốc",60,2,8,False,False,True,False,False,False,False,True,False,False,True,False,False,True,False,False
PQC0324,Vietravel Airlines,1068323.0,"Phú Quốc (PQC)
Sân bay Phú Quốc",60,2,9,False,False,True,False,False,False,False,True,False,False,True,False,False,True,False,False
PQC0325,Vietravel Airlines,968573.0,"Phú Quốc (PQC)
Sân bay Phú Quốc",60,2,10,False,False,True,False,False,False,False,True,False,False,True,False,False,True,False,False
PQC0326,Vietravel Airlines,759098.0,"Phú Quốc (PQC)
Sân bay Phú Quốc",60,0,11,False,False,True,False,False,False,False,True,False,False,True,False,False,True,False,False
PQC0327,Vietravel Airlines,759098.0,"Phú Quốc (PQC)
Sân bay Phú Quốc",60,0,12,False,False,True,False,False,False,False,True,False,False,True,False,False,True,False,False
PQC0328,Vietravel Airlines,759098.0,"Phú Quốc (PQC)
Sân bay Phú Quốc",60,0,13,False,False,True,False,False,False,False,True,False,False,True,False,False,True,False,False
PQC0329,Vietravel Airlines,1068323.0,"Phú Quốc (PQC)
Sân bay Phú Quốc",60,0,14,False,False,True,False,False,False,False,True,False,False,True,False,False,True,False,False
PQC0330,Vietravel Airlines,1143135.0,"Phú Quốc (PQC)
Sân bay Phú Quốc",60,1,15,False,False,True,False,False,False,False,True,False,False,True,False,False,True,False,False
PQC0331,Vietravel Airlines,889770.0,"Phú Quốc (PQC)
Sân bay Phú Quốc",60,1,16,False,False,True,False,False,False,False,True,False,False,True,False,False,True,False,False
PQC0332,Vietravel Airlines,759098.0,"Phú Quốc (PQC)
Sân bay Phú Quốc",60,1,17,False,False,True,False,False,False,False,True,False,False,True,False,False,True,False,False
PQC0337,Vietravel Airlines,1143135.0,"Phú Quốc (PQC)
Sân bay Phú Quốc",60,1,1,False,False,True,False,False,False,False,True,False,False,True,False,False,True,False,False
PQC0338,Vietravel Airlines,1224930.0,"Phú Quốc (PQC)
Sân bay Phú Quốc",60,1,2,False,False,True,False,False,False,False,True,False,False,True,False,False,True,False,False
PQC0339,Vietravel Airlines,1068323.0,"Phú Quốc (PQC)
Sân bay Phú Quốc",60,1,3,False,False,True,False,False,False,False,True,False,False,True,False,False,True,False,False
PQC0340,Vietravel Airlines,1147125.0,"Phú Quốc (PQC)
Sân bay Phú Quốc",60,0,4,False,False,True,False,False,False,False,True,False,False,True,False,False,True,False,False
PQC0341,Vietravel Airlines,1746623.0,"Phú Quốc (PQC)
Sân bay Phú Quốc",60,2,5,False,False,True,False,False,False,False,True,False,False,True,False,False,True,False,False
PQC0322,Vietravel Airlines,1654853.0,"Phú Quốc (PQC)
Sân bay Phú Quốc",60,3,6,False,False,True,False,False,False,False,True,False,False,True,False,False,True,False,False
PQC0323,Vietravel Airlines,1483283.0,"Phú Quốc (PQC)
Sân bay Phú Quốc",60,2,7,False,False,True,False,False,False,False,True,False,False,True,False,False,True,False,False
PQC0324,Vietravel Airlines,1072313.0,"Phú Quốc (PQC)
Sân bay Phú Quốc",60,2,8,False,False,True,False,False,False,False,True,False,False,True,False,False,True,False,False
PQC0325,Vietravel Airlines,1306725.0,"Phú Quốc (PQC)
Sân bay Phú Quốc",60,2,9,False,False,True,False,False,False,False,True,False,False,True,False,False,True,False,False
PQC0326,Vietravel Airlines,706230.0,"Phú Quốc (PQC)
Sân bay Phú Quốc",60,0,10,False,False,True,False,False,False,False,True,False,False,True,False,False,True,False,False
PQC0327,Vietravel Airlines,762090.0,"Phú Quốc (PQC)
Sân bay Phú Quốc",60,0,11,False,False,True,False,False,False,False,True,False,False,True,False,False,True,False,False
PQC0328,Vietravel Airlines,706230.0,"Phú Quốc (PQC)
Sân bay Phú Quốc",60,0,12,False,False,True,False,False,False,False,True,False,False,True,False,False,True,False,False
PQC0329,Vietravel Airlines,1150118.0,"Phú Quốc (PQC)
Sân bay Phú Quốc",60,0,13,False,False,True,False,False,False,False,True,False,False,True,False,False,True,False,False
PQC0330,Vietravel Airlines,1150118.0,"Phú Quốc (PQC)
Sân bay Phú Quốc",60,1,14,False,False,True,False,False,False,False,True,False,False,True,False,False,True,False,False
PQC0331,Vietravel Airlines,982038.0,"Phú Quốc (PQC)
Sân bay Phú Quốc",60,1,15,False,False,True,False,False,False,False,True,False,False,True,False,False,True,False,False
PQC0332,Vietravel Airlines,706230.0,"Phú Quốc (PQC)
Sân bay Phú Quốc",60,1,16,False,False,True,False,False,False,False,True,False,False,True,False,False,True,False,False
PQC0338,Vietravel Airlines,1654853.0,"Phú Quốc (PQC)
Sân bay Phú Quốc",60,1,1,False,False,True,False,False,False,False,True,False,False,True,False,False,True,False,False
PQC0339,Vietravel Airlines,1402485.0,"Phú Quốc (PQC)
Sân bay Phú Quốc",60,1,2,False,False,True,False,False,False,False,True,False,False,True,False,False,True,False,False
PQC0340,Vietravel Airlines,1477298.0,"Phú Quốc (PQC)
Sân bay Phú Quốc",60,0,3,False,False,True,False,False,False,False,True,False,False,True,False,False,True,False,False
PQC0341,Vietravel Airlines,1773836.0,"Phú Quốc (PQC)
Sân bay Phú Quốc",60,2,4,False,False,True,False,False,False,False,True,False,False,True,False,False,True,False,False
PQC0322,Vietravel Airlines,1640888.0,"Phú Quốc (PQC)
Sân bay Phú Quốc",60,3,5,False,False,True,False,False,False,False,True,False,False,True,False,False,True,False,False
PQC0323,Vietravel Airlines,1465328.0,"Phú Quốc (PQC)
Sân bay Phú Quốc",60,2,6,False,False,True,False,False,False,False,True,False,False,True,False,False,True,False,False
PQC0324,Vietravel Airlines,1207973.0,"Phú Quốc (PQC)
Sân bay Phú Quốc",60,2,7,False,False,True,False,False,False,False,True,False,False,True,False,False,True,False,False
PQC0325,Vietravel Airlines,1882938.125,"Phú Quốc (PQC)
Sân bay Phú Quốc",60,2,8,False,False,True,False,False,False,False,True,False,False,True,False,False,True,False,False
PQC0326,Vietravel Airlines,745133.0,"Phú Quốc (PQC)
Sân bay Phú Quốc",60,0,9,False,False,True,False,False,False,False,True,False,False,True,False,False,True,False,False
PQC0327,Vietravel Airlines,745133.0,"Phú Quốc (PQC)
Sân bay Phú Quốc",60,0,10,False,False,True,False,False,False,False,True,False,False,True,False,False,True,False,False
PQC0328,Vietravel Airlines,745133.0,"Phú Quốc (PQC)
Sân bay Phú Quốc",60,0,11,False,False,True,False,False,False,False,True,False,False,True,False,False,True,False,False
PQC0329,Vietravel Airlines,1133160.0,"Phú Quốc (PQC)
Sân bay Phú Quốc",60,0,12,False,False,True,False,False,False,False,True,False,False,True,False,False,True,False,False
PQC0330,Vietravel Airlines,1133160.0,"Phú Quốc (PQC)
Sân bay Phú Quốc",60,1,13,False,False,True,False,False,False,False,True,False,False,True,False,False,True,False,False
PQC0331,Vietravel Airlines,954608.0,"Phú Quốc (PQC)
Sân bay Phú Quốc",60,1,14,False,False,True,False,False,False,False,True,False,False,True,False,False,True,False,False
PQC0332,Vietravel Airlines,693263.0,"Phú Quốc (PQC)
Sân bay Phú Quốc",60,1,15,False,False,True,False,False,False,False,True,False,False,True,False,False,True,False,False
PQC0339,Vietravel Airlines,1484280.0,"Phú Quốc (PQC)
Sân bay Phú Quốc",60,1,1,False,False,True,False,False,False,False,True,False,False,True,False,False,True,False,False
PQC0340,Vietravel Airlines,1461338.0,"Phú Quốc (PQC)
Sân bay Phú Quốc",60,0,2,False,False,True,False,False,False,False,True,False,False,True,False,False,True,False,False
PQC0341,Vietravel Airlines,1816448.0,"Phú Quốc (PQC)
Sân bay Phú Quốc",60,2,3,False,False,True,False,False,False,False,True,False,False,True,False,False,True,False,False
PQC0322,Vietravel Airlines,1749615.0,"Phú Quốc (PQC)
Sân bay Phú Quốc",60,3,4,False,False,True,False,False,False,False,True,False,False,True,False,False,True,False,False
PQC0323,Vietravel Airlines,1462335.0,"Phú Quốc (PQC)
Sân bay Phú Quốc",60,2,5,False,False,True,False,False,False,False,True,False,False,True,False,False,True,False,False
PQC0324,Vietravel Airlines,1209968.0,"Phú Quốc (PQC)
Sân bay Phú Quốc",60,2,6,False,False,True,False,False,False,False,True,False,False,True,False,False,True,False,False
PQC0325,Vietravel Airlines,1882938.125,"Phú Quốc (PQC)
Sân bay Phú Quốc",60,2,7,False,False,True,False,False,False,False,True,False,False,True,False,False,True,False,False
PQC0326,Vietravel Airlines,746130.0,"Phú Quốc (PQC)
Sân bay Phú Quốc",60,0,8,False,False,True,False,False,False,False,True,False,False,True,False,False,True,False,False
PQC0327,Vietravel Airlines,746130.0,"Phú Quốc (PQC)
Sân bay Phú Quốc",60,0,9,False,False,True,False,False,False,False,True,False,False,True,False,False,True,False,False
PQC0328,Vietravel Airlines,746130.0,"Phú Quốc (PQC)
Sân bay Phú Quốc",60,0,10,False,False,True,False,False,False,False,True,False,False,True,False,False,True,False,False
PQC0329,Vietravel Airlines,1135155.0,"Phú Quốc (PQC)
Sân bay Phú Quốc",60,0,11,False,False,True,False,False,False,False,True,False,False,True,False,False,True,False,False
PQC0330,Vietravel Airlines,1135155.0,"Phú Quốc (PQC)
Sân bay Phú Quốc",60,1,12,False,False,True,False,False,False,False,True,False,False,True,False,False,True,False,False
PQC0331,Vietravel Airlines,955605.0,"Phú Quốc (PQC)
Sân bay Phú Quốc",60,1,13,False,False,True,False,False,False,False,True,False,False,True,False,False,True,False,False
PQC0332,Vietravel Airlines,694260.0,"Phú Quốc (PQC)
Sân bay Phú Quốc",60,1,14,False,False,True,False,False,False,False,True,False,False,True,False,False,True,False,False
PQC0340,Vietravel Airlines,1462335.0,"Phú Quốc (PQC)
Sân bay Phú Quốc",60,0,1,False,False,True,False,False,False,False,True,False,False,True,False,False,True,False,False
PQC0341,Vietravel Airlines,1840388.0,"Phú Quốc (PQC)
Sân bay Phú Quốc",60,2,2,False,False,True,False,False,False,False,True,False,False,True,False,False,True,False,False
PQC0322,Vietravel Airlines,1829415.0,"Phú Quốc (PQC)
Sân bay Phú Quốc",60,3,3,False,False,True,False,False,False,False,True,False,False,True,False,False,True,False,False
PQC0323,Vietravel Airlines,1084634.0,"Phú Quốc (PQC)
Sân bay Phú Quốc",60,2,4,False,False,True,False,False,False,False,True,False,False,True,False,False,True,False,False
PQC0324,Vietravel Airlines,1084634.0,"Phú Quốc (PQC)
Sân bay Phú Quốc",60,2,5,False,False,True,False,False,False,False,True,False,False,True,False,False,True,False,False
PQC0325,Vietravel Airlines,1882938.125,"Phú Quốc (PQC)
Sân bay Phú Quốc",60,2,6,False,False,True,False,False,False,False,True,False,False,True,False,False,True,False,False
PQC0326,Vietravel Airlines,767683.0,"Phú Quốc (PQC)
Sân bay Phú Quốc",60,0,7,False,False,True,False,False,False,False,True,False,False,True,False,False,True,False,False
PQC0327,Vietravel Airlines,767683.0,"Phú Quốc (PQC)
Sân bay Phú Quốc",60,0,8,False,False,True,False,False,False,False,True,False,False,True,False,False,True,False,False
PQC0328,Vietravel Airlines,767683.0,"Phú Quốc (PQC)
Sân bay Phú Quốc",60,0,9,False,False,True,False,False,False,False,True,False,False,True,False,False,True,False,False
PQC0329,Vietravel Airlines,1163871.0,"Phú Quốc (PQC)
Sân bay Phú Quốc",60,0,10,False,False,True,False,False,False,False,True,False,False,True,False,False,True,False,False
PQC0330,Vietravel Airlines,1163871.0,"Phú Quốc (PQC)
Sân bay Phú Quốc",60,1,11,False,False,True,False,False,False,False,True,False,False,True,False,False,True,False,False
PQC0331,Vietravel Airlines,982756.0,"Phú Quốc (PQC)
Sân bay Phú Quốc",60,1,12,False,False,True,False,False,False,False,True,False,False,True,False,False,True,False,False
PQC0332,Vietravel Airlines,711084.0,"Phú Quốc (PQC)
Sân bay Phú Quốc",60,1,13,False,False,True,False,False,False,False,True,False,False,True,False,False,True,False,False
PQC0341,Vietravel Airlines,1882938.125,"Phú Quốc (PQC)
Sân bay Phú Quốc",60,2,1,False,False,True,False,False,False,False,True,False,False,True,False,False,True,False,False
PQC0322,Vietravel Airlines,1882938.125,"Phú Quốc (PQC)
Sân bay Phú Quốc",60,3,2,False,False,True,False,False,False,False,True,False,False,True,False,False,True,False,False
PQC0323,Vietravel Airlines,1242902.0,"Phú Quốc (PQC)
Sân bay Phú Quốc",60,2,3,False,False,True,False,False,False,False,True,False,False,True,False,False,True,False,False
PQC0324,Vietravel Airlines,1084452.0,"Phú Quốc (PQC)
Sân bay Phú Quốc",60,2,4,False,False,True,False,False,False,False,True,False,False,True,False,False,True,False,False
PQC0325,Vietravel Airlines,1882938.125,"Phú Quốc (PQC)
Sân bay Phú Quốc",60,2,5,False,False,True,False,False,False,False,True,False,False,True,False,False,True,False,False
PQC0326,Vietravel Airlines,767555.0,"Phú Quốc (PQC)
Sân bay Phú Quốc",60,0,6,False,False,True,False,False,False,False,True,False,False,True,False,False,True,False,False
PQC0327,Vietravel Airlines,767555.0,"Phú Quốc (PQC)
Sân bay Phú Quốc",60,0,7,False,False,True,False,False,False,False,True,False,False,True,False,False,True,False,False
PQC0328,Vietravel Airlines,767555.0,"Phú Quốc (PQC)
Sân bay Phú Quốc",60,0,8,False,False,True,False,False,False,False,True,False,False,True,False,False,True,False,False
PQC0329,Vietravel Airlines,1163677.0,"Phú Quốc (PQC)
Sân bay Phú Quốc",60,0,9,False,False,True,False,False,False,False,True,False,False,True,False,False,True,False,False
PQC0330,Vietravel Airlines,1163677.0,"Phú Quốc (PQC)
Sân bay Phú Quốc",60,1,10,False,False,True,False,False,False,False,True,False,False,True,False,False,True,False,False
PQC0331,Vietravel Airlines,982592.0,"Phú Quốc (PQC)
Sân bay Phú Quốc",60,1,11,False,False,True,False,False,False,False,True,False,False,True,False,False,True,False,False
PQC0332,Vietravel Airlines,710965.0,"Phú Quốc (PQC)
Sân bay Phú Quốc",60,1,12,False,False,True,False,False,False,False,True,False,False,True,False,False,True,False,False
PQC0323,Vietravel Airlines,1218945.0,"Phú Quốc (PQC)
Sân bay Phú Quốc",60,2,2,False,False,True,False,False,False,False,True,False,False,True,False,False,True,False,False
PQC0324,Vietravel Airlines,1163279.0,"Phú Quốc (PQC)
Sân bay Phú Quốc",60,2,3,False,False,True,False,False,False,False,True,False,False,True,False,False,True,False,False
PQC0325,Vietravel Airlines,1882938.125,"Phú Quốc (PQC)
Sân bay Phú Quốc",60,2,4,False,False,True,False,False,False,False,True,False,False,True,False,False,True,False,False
PQC0326,Vietravel Airlines,767292.0,"Phú Quốc (PQC)
Sân bay Phú Quốc",60,0,5,False,False,True,False,False,False,False,True,False,False,True,False,False,True,False,False
PQC0327,Vietravel Airlines,767292.0,"Phú Quốc (PQC)
Sân bay Phú Quốc",60,0,6,False,False,True,False,False,False,False,True,False,False,True,False,False,True,False,False
PQC0328,Vietravel Airlines,767292.0,"Phú Quốc (PQC)
Sân bay Phú Quốc",60,0,7,False,False,True,False,False,False,False,True,False,False,True,False,False,True,False,False
PQC0329,Vietravel Airlines,1084081.0,"Phú Quốc (PQC)
Sân bay Phú Quốc",60,0,8,False,False,True,False,False,False,False,True,False,False,True,False,False,True,False,False
PQC0330,Vietravel Airlines,1163279.0,"Phú Quốc (PQC)
Sân bay Phú Quốc",60,1,9,False,False,True,False,False,False,False,True,False,False,True,False,False,True,False,False
PQC0331,Vietravel Airlines,982257.0,"Phú Quốc (PQC)
Sân bay Phú Quốc",60,1,10,False,False,True,False,False,False,False,True,False,False,True,False,False,True,False,False
PQC0332,Vietravel Airlines,767292.0,"Phú Quốc (PQC)
Sân bay Phú Quốc",60,1,11,False,False,True,False,False,False,False,True,False,False,True,False,False,True,False,False
DAD0763,Vietravel Airlines,1972555.5,"Đà Nẵng (DAD)
Sân bay Đà Nẵng",80,2,2,False,False,True,False,False,False,False,False,True,False,True,False,False,True,False,False
DAD0764,Vietravel Airlines,1972555.5,"Đà Nẵng (DAD)
Sân bay Đà Nẵng",80,2,3,False,False,True,False,False,False,False,False,True,False,True,False,False,True,False,False
DAD0765,Vietravel Airlines,1656848.0,"Đà Nẵng (DAD)
Sân bay Đà Nẵng",80,0,4,False,False,True,False,False,False,False,False,True,False,True,False,False,True,False,False
DAD0766,Vietravel Airlines,1425428.0,"Đà Nẵng (DAD)
Sân bay Đà Nẵng",80,0,5,False,False,True,False,False,False,False,False,True,False,True,False,False,True,False,False
DAD0767,Vietravel Airlines,1297869.0,"Đà Nẵng (DAD)
Sân bay Đà Nẵng",80,0,6,False,False,True,False,False,False,False,False,True,False,True,False,False,True,False,False
DAD0768,Vietravel Airlines,1444816.0,"Đà Nẵng (DAD)
Sân bay Đà Nẵng",80,0,7,False,False,True,False,False,False,False,False,True,False,True,False,False,True,False,False
DAD0769,Vietravel Airlines,1444816.0,"Đà Nẵng (DAD)
Sân bay Đà Nẵng",80,1,8,False,False,True,False,False,False,False,False,True,False,True,False,False,True,False,False
DAD0770,Vietravel Airlines,1297869.0,"Đà Nẵng (DAD)
Sân bay Đà Nẵng",80,1,9,False,False,True,False,False,False,False,False,True,False,True,False,False,True,False,False
DAD0771,Vietravel Airlines,1297869.0,"Đà Nẵng (DAD)
Sân bay Đà Nẵng",80,1,10,False,False,True,False,False,False,False,False,True,False,True,False,False,True,False,False
DAD0763,Vietravel Airlines,1972555.5,"Đà Nẵng (DAD)
Sân bay Đà Nẵng",80,2,1,False,False,True,False,False,False,False,False,True,False,True,False,False,True,False,False
DAD0764,Vietravel Airlines,1972555.5,"Đà Nẵng (DAD)
Sân bay Đà Nẵng",80,2,2,False,False,True,False,False,False,False,False,True,False,True,False,False,True,False,False
DAD0765,Vietravel Airlines,1530165.0,"Đà Nẵng (DAD)
Sân bay Đà Nẵng",80,0,3,False,False,True,False,False,False,False,False,True,False,True,False,False,True,False,False
DAD0766,Vietravel Airlines,1530165.0,"Đà Nẵng (DAD)
Sân bay Đà Nẵng",80,0,4,False,False,True,False,False,False,False,False,True,False,True,False,False,True,False,False
DAD0767,Vietravel Airlines,1277798.0,"Đà Nẵng (DAD)
Sân bay Đà Nẵng",80,0,5,False,False,True,False,False,False,False,False,True,False,True,False,False,True,False,False
DAD0768,Vietravel Airlines,1407473.0,"Đà Nẵng (DAD)
Sân bay Đà Nẵng",80,0,6,False,False,True,False,False,False,False,False,True,False,True,False,False,True,False,False
DAD0769,Vietravel Airlines,1407473.0,"Đà Nẵng (DAD)
Sân bay Đà Nẵng",80,1,7,False,False,True,False,False,False,False,False,True,False,True,False,False,True,False,False
DAD0770,Vietravel Airlines,1262835.0,"Đà Nẵng (DAD)
Sân bay Đà Nẵng",80,1,8,False,False,True,False,False,False,False,False,True,False,True,False,False,True,False,False
DAD0771,Vietravel Airlines,1262835.0,"Đà Nẵng (DAD)
Sân bay Đà Nẵng",80,1,9,False,False,True,False,False,False,False,False,True,False,True,False,False,True,False,False
DAD0764,Vietravel Airlines,1972555.5,"Đà Nẵng (DAD)
Sân bay Đà Nẵng",80,2,1,False,False,True,False,False,False,False,False,True,False,True,False,False,True,False,False
DAD0765,Vietravel Airlines,1546125.0,"Đà Nẵng (DAD)
Sân bay Đà Nẵng",80,0,2,False,False,True,False,False,False,False,False,True,False,True,False,False,True,False,False
DAD0766,Vietravel Airlines,1668818.0,"Đà Nẵng (DAD)
Sân bay Đà Nẵng",80,0,3,False,False,True,False,False,False,False,False,True,False,True,False,False,True,False,False
DAD0767,Vietravel Airlines,1290765.0,"Đà Nẵng (DAD)
Sân bay Đà Nẵng",80,0,4,False,False,True,False,False,False,False,False,True,False,True,False,False,True,False,False
DAD0768,Vietravel Airlines,1437398.0,"Đà Nẵng (DAD)
Sân bay Đà Nẵng",80,0,5,False,False,True,False,False,False,False,False,True,False,True,False,False,True,False,False
DAD0769,Vietravel Airlines,1290765.0,"Đà Nẵng (DAD)
Sân bay Đà Nẵng",80,1,6,False,False,True,False,False,False,False,False,True,False,True,False,False,True,False,False
DAD0770,Vietravel Airlines,1275803.0,"Đà Nẵng (DAD)
Sân bay Đà Nẵng",80,1,7,False,False,True,False,False,False,False,False,True,False,True,False,False,True,False,False
DAD0771,Vietravel Airlines,1275803.0,"Đà Nẵng (DAD)
Sân bay Đà Nẵng",80,1,8,False,False,True,False,False,False,False,False,True,False,True,False,False,True,False,False
DAD0765,Vietravel Airlines,1682268.0,"Đà Nẵng (DAD)
Sân bay Đà Nẵng",80,0,1,False,False,True,False,False,False,False,False,True,False,True,False,False,True,False,False
DAD0766,Vietravel Airlines,1667820.0,"Đà Nẵng (DAD)
Sân bay Đà Nẵng",80,0,2,False,False,True,False,False,False,False,False,True,False,True,False,False,True,False,False
DAD0767,Vietravel Airlines,1409468.0,"Đà Nẵng (DAD)
Sân bay Đà Nẵng",80,0,3,False,False,True,False,False,False,False,False,True,False,True,False,False,True,False,False
DAD0768,Vietravel Airlines,1544130.0,"Đà Nẵng (DAD)
Sân bay Đà Nẵng",80,0,4,False,False,True,False,False,False,False,False,True,False,True,False,False,True,False,False
DAD0769,Vietravel Airlines,1409468.0,"Đà Nẵng (DAD)
Sân bay Đà Nẵng",80,1,5,False,False,True,False,False,False,False,False,True,False,True,False,False,True,False,False
DAD0770,Vietravel Airlines,1262835.0,"Đà Nẵng (DAD)
Sân bay Đà Nẵng",80,1,6,False,False,True,False,False,False,False,False,True,False,True,False,False,True,False,False
DAD0771,Vietravel Airlines,1262835.0,"Đà Nẵng (DAD)
Sân bay Đà Nẵng",80,1,7,False,False,True,False,False,False,False,False,True,False,True,False,False,True,False,False
DAD0766,Vietravel Airlines,1665825.0,"Đà Nẵng (DAD)
Sân bay Đà Nẵng",80,0,1,False,False,True,False,False,False,False,False,True,False,True,False,False,True,False,False
DAD0767,Vietravel Airlines,1546125.0,"Đà Nẵng (DAD)
Sân bay Đà Nẵng",80,0,2,False,False,True,False,False,False,False,False,True,False,True,False,False,True,False,False
DAD0768,Vietravel Airlines,1643880.0,"Đà Nẵng (DAD)
Sân bay Đà Nẵng",80,0,3,False,False,True,False,False,False,False,False,True,False,True,False,False,True,False,False
DAD0769,Vietravel Airlines,1410465.0,"Đà Nẵng (DAD)
Sân bay Đà Nẵng",80,1,4,False,False,True,False,False,False,False,False,True,False,True,False,False,True,False,False
DAD0770,Vietravel Airlines,1264830.0,"Đà Nẵng (DAD)
Sân bay Đà Nẵng",80,1,5,False,False,True,False,False,False,False,False,True,False,True,False,False,True,False,False
DAD0771,Vietravel Airlines,1264830.0,"Đà Nẵng (DAD)
Sân bay Đà Nẵng",80,1,6,False,False,True,False,False,False,False,False,True,False,True,False,False,True,False,False
DAD0767,Vietravel Airlines,1882283.0,"Đà Nẵng (DAD)
Sân bay Đà Nẵng",80,0,1,False,False,True,False,False,False,False,False,True,False,True,False,False,True,False,False
DAD0768,Vietravel Airlines,1769565.0,"Đà Nẵng (DAD)
Sân bay Đà Nẵng",80,0,2,False,False,True,False,False,False,False,False,True,False,True,False,False,True,False,False
DAD0769,Vietravel Airlines,1444518.0,"Đà Nẵng (DAD)
Sân bay Đà Nẵng",80,1,3,False,False,True,False,False,False,False,False,True,False,True,False,False,True,False,False
DAD0770,Vietravel Airlines,1297602.0,"Đà Nẵng (DAD)
Sân bay Đà Nẵng",80,1,4,False,False,True,False,False,False,False,False,True,False,True,False,False,True,False,False
DAD0771,Vietravel Airlines,1297602.0,"Đà Nẵng (DAD)
Sân bay Đà Nẵng",80,1,5,False,False,True,False,False,False,False,False,True,False,True,False,False,True,False,False
DAD0772,Vietravel Airlines,943000.0,"Đà Nẵng (DAD)
Sân bay Đà Nẵng",80,0,14,False,False,True,False,False,False,False,False,True,False,True,False,False,True,False,False
DAD0773,Vietravel Airlines,943000.0,"Đà Nẵng (DAD)
Sân bay Đà Nẵng",80,0,15,False,False,True,False,False,False,False,False,True,False,True,False,False,True,False,False
DAD0774,Vietravel Airlines,1047000.0,"Đà Nẵng (DAD)
Sân bay Đà Nẵng",80,0,16,False,False,True,False,False,False,False,False,True,False,True,False,False,True,False,False
DAD0775,Vietravel Airlines,1272000.0,"Đà Nẵng (DAD)
Sân bay Đà Nẵng",80,0,17,False,False,True,False,False,False,False,False,True,False,True,False,False,True,False,False
DAD0776,Vietravel Airlines,1641000.0,"Đà Nẵng (DAD)
Sân bay Đà Nẵng",80,1,18,False,False,True,False,False,False,False,False,True,False,True,False,False,True,False,False
DAD0777,Vietravel Airlines,1445123.0,"Đà Nẵng (DAD)
Sân bay Đà Nẵng",80,1,19,False,False,True,False,False,False,False,False,True,False,True,False,False,True,False,False
DAD0778,Vietravel Airlines,1272000.0,"Đà Nẵng (DAD)
Sân bay Đà Nẵng",80,1,20,False,False,True,False,False,False,False,False,True,False,True,False,False,True,False,False
DAD0768,Vietravel Airlines,1776548.0,"Đà Nẵng (DAD)
Sân bay Đà Nẵng",80,0,1,False,False,True,False,False,False,False,False,True,False,True,False,False,True,False,False
DAD0769,Vietravel Airlines,1543133.0,"Đà Nẵng (DAD)
Sân bay Đà Nẵng",80,1,2,False,False,True,False,False,False,False,False,True,False,True,False,False,True,False,False
DAD0770,Vietravel Airlines,1297602.0,"Đà Nẵng (DAD)
Sân bay Đà Nẵng",80,1,3,False,False,True,False,False,False,False,False,True,False,True,False,False,True,False,False
DAD0771,Vietravel Airlines,1187025.0,"Đà Nẵng (DAD)
Sân bay Đà Nẵng",80,1,4,False,False,True,False,False,False,False,False,True,False,True,False,False,True,False,False
DAD0769,Vietravel Airlines,1744628.0,"Đà Nẵng (DAD)
Sân bay Đà Nẵng",80,1,1,False,False,True,False,False,False,False,False,True,False,True,False,False,True,False,False
DAD0770,Vietravel Airlines,1258845.0,"Đà Nẵng (DAD)
Sân bay Đà Nẵng",80,1,2,False,False,True,False,False,False,False,False,True,False,True,False,False,True,False,False
DAD0771,Vietravel Airlines,1161090.0,"Đà Nẵng (DAD)
Sân bay Đà Nẵng",80,1,3,False,False,True,False,False,False,False,False,True,False,True,False,False,True,False,False
DAD0772,Vietravel Airlines,1034303.0,"Đà Nẵng (DAD)
Sân bay Đà Nẵng",80,0,12,False,False,True,False,False,False,False,False,True,False,True,False,False,True,False,False
DAD0773,Vietravel Airlines,935798.0,"Đà Nẵng (DAD)
Sân bay Đà Nẵng",80,0,13,False,False,True,False,False,False,False,False,True,False,True,False,False,True,False,False
DAD0774,Vietravel Airlines,1033318.0,"Đà Nẵng (DAD)
Sân bay Đà Nẵng",80,0,14,False,False,True,False,False,False,False,False,True,False,True,False,False,True,False,False
DAD0775,Vietravel Airlines,1165315.0,"Đà Nẵng (DAD)
Sân bay Đà Nẵng",80,0,15,False,False,True,False,False,False,False,False,True,False,True,False,False,True,False,False
DAD0776,Vietravel Airlines,1405667.0,"Đà Nẵng (DAD)
Sân bay Đà Nẵng",80,1,16,False,False,True,False,False,False,False,False,True,False,True,False,False,True,False,False
DAD0777,Vietravel Airlines,1262835.0,"Đà Nẵng (DAD)
Sân bay Đà Nẵng",80,1,17,False,False,True,False,False,False,False,False,True,False,True,False,False,True,False,False
DAD0778,Vietravel Airlines,1033318.0,"Đà Nẵng (DAD)
Sân bay Đà Nẵng",80,1,18,False,False,True,False,False,False,False,False,True,False,True,False,False,True,False,False
DAD0770,Vietravel Airlines,1298503.0,"Đà Nẵng (DAD)
Sân bay Đà Nẵng",80,1,1,False,False,True,False,False,False,False,False,True,False,True,False,False,True,False,False
DAD0771,Vietravel Airlines,1298503.0,"Đà Nẵng (DAD)
Sân bay Đà Nẵng",80,1,2,False,False,True,False,False,False,False,False,True,False,True,False,False,True,False,False
DAD0761,Vietravel Airlines,1557546.0,"Đà Nẵng (DAD)
Sân bay Đà Nẵng",80,3,21,False,False,True,False,False,False,False,False,True,False,True,False,False,True,False,False
DAD0762,Vietravel Airlines,1409915.0,"Đà Nẵng (DAD)
Sân bay Đà Nẵng",80,2,22,False,False,True,False,False,False,False,False,True,False,True,False,False,True,False,False
DAD0763,Vietravel Airlines,1266635.0,"Đà Nẵng (DAD)
Sân bay Đà Nẵng",80,2,23,False,False,True,False,False,False,False,False,True,False,True,False,False,True,False,False
DAD0764,Vietravel Airlines,1409915.0,"Đà Nẵng (DAD)
Sân bay Đà Nẵng",80,2,24,False,False,True,False,False,False,False,False,True,False,True,False,False,True,False,False
DAD0765,Vietravel Airlines,1038780.0,"Đà Nẵng (DAD)
Sân bay Đà Nẵng",80,0,25,False,False,True,False,False,False,False,False,True,False,True,False,False,True,False,False
DAD0766,Vietravel Airlines,1038780.0,"Đà Nẵng (DAD)
Sân bay Đà Nẵng",80,0,26,False,False,True,False,False,False,False,False,True,False,True,False,False,True,False,False
DAD0767,Vietravel Airlines,1167135.0,"Đà Nẵng (DAD)
Sân bay Đà Nẵng",80,0,27,False,False,True,False,False,False,False,False,True,False,True,False,False,True,False,False
DAD0768,Vietravel Airlines,1516380.0,"Đà Nẵng (DAD)
Sân bay Đà Nẵng",80,0,28,False,False,True,False,False,False,False,False,True,False,True,False,False,True,False,False
DAD0769,Vietravel Airlines,1640755.0,"Đà Nẵng (DAD)
Sân bay Đà Nẵng",80,1,29,False,False,True,False,False,False,False,False,True,False,True,False,False,True,False,False
DAD0770,Vietravel Airlines,1171115.0,"Đà Nẵng (DAD)
Sân bay Đà Nẵng",80,1,30,False,False,True,False,False,False,False,False,True,False,True,False,False,True,False,False
DAD0771,Vietravel Airlines,1161270.0,"Đà Nẵng (DAD)
Sân bay Đà Nẵng",80,1,31,False,False,True,False,False,False,False,False,True,False,True,False,False,True,False,False
DAD0772,Vietravel Airlines,1029600.0,"Đà Nẵng (DAD)
Sân bay Đà Nẵng",80,0,11,False,False,True,False,False,False,False,False,True,False,True,False,False,True,False,False
DAD0773,Vietravel Airlines,934560.0,"Đà Nẵng (DAD)
Sân bay Đà Nẵng",80,0,12,False,False,True,False,False,False,False,False,True,False,True,False,False,True,False,False
DAD0774,Vietravel Airlines,1033560.0,"Đà Nẵng (DAD)
Sân bay Đà Nẵng",80,0,13,False,False,True,False,False,False,False,False,True,False,True,False,False,True,False,False
DAD0775,Vietravel Airlines,1258290.0,"Đà Nẵng (DAD)
Sân bay Đà Nẵng",80,0,14,False,False,True,False,False,False,False,False,True,False,True,False,False,True,False,False
DAD0776,Vietravel Airlines,1625580.0,"Đà Nẵng (DAD)
Sân bay Đà Nẵng",80,1,15,False,False,True,False,False,False,False,False,True,False,True,False,False,True,False,False
DAD0777,Vietravel Airlines,1406790.0,"Đà Nẵng (DAD)
Sân bay Đà Nẵng",80,1,16,False,False,True,False,False,False,False,False,True,False,True,False,False,True,False,False
DAD0778,Vietravel Airlines,1029600.0,"Đà Nẵng (DAD)
Sân bay Đà Nẵng",80,1,17,False,False,True,False,False,False,False,False,True,False,True,False,False,True,False,False
DAD0779,Vietravel Airlines,1444531.0,"Đà Nẵng (DAD)
Sân bay Đà Nẵng",80,0,18,False,False,True,False,False,False,False,False,True,False,True,False,False,True,False,False
DAD0780,Vietravel Airlines,1972555.5,"Đà Nẵng (DAD)
Sân bay Đà Nẵng",80,2,19,False,False,True,False,False,False,False,False,True,False,True,False,False,True,False,False
DAD0781,Vietravel Airlines,1742400.0,"Đà Nẵng (DAD)
Sân bay Đà Nẵng",80,3,20,False,False,True,False,False,False,False,False,True,False,True,False,False,True,False,False
DAD0771,Vietravel Airlines,1558606.0,"Đà Nẵng (DAD)
Sân bay Đà Nẵng",80,1,1,False,False,True,False,False,False,False,False,True,False,True,False,False,True,False,False
DAD0761,Vietravel Airlines,1395816.0,"Đà Nẵng (DAD)
Sân bay Đà Nẵng",80,3,20,False,False,True,False,False,False,False,False,True,False,True,False,False,True,False,False
DAD0762,Vietravel Airlines,1395816.0,"Đà Nẵng (DAD)
Sân bay Đà Nẵng",80,2,21,False,False,True,False,False,False,False,False,True,False,True,False,False,True,False,False
DAD0763,Vietravel Airlines,1254954.0,"Đà Nẵng (DAD)
Sân bay Đà Nẵng",80,2,22,False,False,True,False,False,False,False,False,True,False,True,False,False,True,False,False
DAD0764,Vietravel Airlines,1254954.0,"Đà Nẵng (DAD)
Sân bay Đà Nẵng",80,2,23,False,False,True,False,False,False,False,False,True,False,True,False,False,True,False,False
DAD0765,Vietravel Airlines,1029378.0,"Đà Nẵng (DAD)
Sân bay Đà Nẵng",80,0,24,False,False,True,False,False,False,False,False,True,False,True,False,False,True,False,False
DAD0766,Vietravel Airlines,1029378.0,"Đà Nẵng (DAD)
Sân bay Đà Nẵng",80,0,25,False,False,True,False,False,False,False,False,True,False,True,False,False,True,False,False
DAD0767,Vietravel Airlines,1254954.0,"Đà Nẵng (DAD)
Sân bay Đà Nẵng",80,0,26,False,False,True,False,False,False,False,False,True,False,True,False,False,True,False,False
DAD0768,Vietravel Airlines,1501217.0,"Đà Nẵng (DAD)
Sân bay Đà Nẵng",80,0,27,False,False,True,False,False,False,False,False,True,False,True,False,False,True,False,False
DAD0769,Vietravel Airlines,1618438.0,"Đà Nẵng (DAD)
Sân bay Đà Nẵng",80,1,28,False,False,True,False,False,False,False,False,True,False,True,False,False,True,False,False
DAD0770,Vietravel Airlines,1156449.0,"Đà Nẵng (DAD)
Sân bay Đà Nẵng",80,1,29,False,False,True,False,False,False,False,False,True,False,True,False,False,True,False,False
DAD0771,Vietravel Airlines,1156449.0,"Đà Nẵng (DAD)
Sân bay Đà Nẵng",80,1,30,False,False,True,False,False,False,False,False,True,False,True,False,False,True,False,False
DAD0772,Vietravel Airlines,1028393.0,"Đà Nẵng (DAD)
Sân bay Đà Nẵng",80,0,10,False,False,True,False,False,False,False,False,True,False,True,False,False,True,False,False
DAD0773,Vietravel Airlines,1028393.0,"Đà Nẵng (DAD)
Sân bay Đà Nẵng",80,0,11,False,False,True,False,False,False,False,False,True,False,True,False,False,True,False,False
DAD0774,Vietravel Airlines,1028393.0,"Đà Nẵng (DAD)
Sân bay Đà Nẵng",80,0,12,False,False,True,False,False,False,False,False,True,False,True,False,False,True,False,False
DAD0775,Vietravel Airlines,1254954.0,"Đà Nẵng (DAD)
Sân bay Đà Nẵng",80,0,13,False,False,True,False,False,False,False,False,True,False,True,False,False,True,False,False
DAD0776,Vietravel Airlines,1395816.0,"Đà Nẵng (DAD)
Sân bay Đà Nẵng",80,1,14,False,False,True,False,False,False,False,False,True,False,True,False,False,True,False,False
DAD0777,Vietravel Airlines,1436389.0,"Đà Nẵng (DAD)
Sân bay Đà Nẵng",80,1,15,False,False,True,False,False,False,False,False,True,False,True,False,False,True,False,False
DAD0778,Vietravel Airlines,1029378.0,"Đà Nẵng (DAD)
Sân bay Đà Nẵng",80,1,16,False,False,True,False,False,False,False,False,True,False,True,False,False,True,False,False
DAD0779,Vietravel Airlines,1254954.0,"Đà Nẵng (DAD)
Sân bay Đà Nẵng",80,0,17,False,False,True,False,False,False,False,False,True,False,True,False,False,True,False,False
DAD0780,Vietravel Airlines,1972555.5,"Đà Nẵng (DAD)
Sân bay Đà Nẵng",80,2,18,False,False,True,False,False,False,False,False,True,False,True,False,False,True,False,False
DAD0781,Vietravel Airlines,1832193.0,"Đà Nẵng (DAD)
Sân bay Đà Nẵng",80,3,19,False,False,True,False,False,False,False,False,True,False,True,False,False,True,False,False
DAD0761,Vietravel Airlines,1507770.0,"Đà Nẵng (DAD)
Sân bay Đà Nẵng",80,3,19,False,False,True,False,False,False,False,False,True,False,True,False,False,True,False,False
DAD0762,Vietravel Airlines,1401840.0,"Đà Nẵng (DAD)
Sân bay Đà Nẵng",80,2,20,False,False,True,False,False,False,False,False,True,False,True,False,False,True,False,False
DAD0772,Vietravel Airlines,1031580.0,"Đà Nẵng (DAD)
Sân bay Đà Nẵng",80,0,9,False,False,True,False,False,False,False,False,True,False,True,False,False,True,False,False
DAD0773,Vietravel Airlines,1031580.0,"Đà Nẵng (DAD)
Sân bay Đà Nẵng",80,0,10,False,False,True,False,False,False,False,False,True,False,True,False,False,True,False,False
DAD0774,Vietravel Airlines,1031580.0,"Đà Nẵng (DAD)
Sân bay Đà Nẵng",80,0,11,False,False,True,False,False,False,False,False,True,False,True,False,False,True,False,False
DAD0775,Vietravel Airlines,1259280.0,"Đà Nẵng (DAD)
Sân bay Đà Nẵng",80,0,12,False,False,True,False,False,False,False,False,True,False,True,False,False,True,False,False
DAD0776,Vietravel Airlines,1629540.0,"Đà Nẵng (DAD)
Sân bay Đà Nẵng",80,1,13,False,False,True,False,False,False,False,False,True,False,True,False,False,True,False,False
DAD0777,Vietravel Airlines,1386990.0,"Đà Nẵng (DAD)
Sân bay Đà Nẵng",80,1,14,False,False,True,False,False,False,False,False,True,False,True,False,False,True,False,False
DAD0778,Vietravel Airlines,1164240.0,"Đà Nẵng (DAD)
Sân bay Đà Nẵng",80,1,15,False,False,True,False,False,False,False,False,True,False,True,False,False,True,False,False
DAD0779,Vietravel Airlines,1259280.0,"Đà Nẵng (DAD)
Sân bay Đà Nẵng",80,0,16,False,False,True,False,False,False,False,False,True,False,True,False,False,True,False,False
DAD0780,Vietravel Airlines,1972555.5,"Đà Nẵng (DAD)
Sân bay Đà Nẵng",80,2,17,False,False,True,False,False,False,False,False,True,False,True,False,False,True,False,False
DAD0781,Vietravel Airlines,1845360.0,"Đà Nẵng (DAD)
Sân bay Đà Nẵng",80,3,18,False,False,True,False,False,False,False,False,True,False,True,False,False,True,False,False
DAD0761,Vietravel Airlines,1517375.0,"Đà Nẵng (DAD)
Sân bay Đà Nẵng",80,3,18,False,False,True,False,False,False,False,False,True,False,True,False,False,True,False,False
DAD0762,Vietravel Airlines,1409915.0,"Đà Nẵng (DAD)
Sân bay Đà Nẵng",80,2,19,False,False,True,False,False,False,False,False,True,False,True,False,False,True,False,False
DAD0763,Vietravel Airlines,1267630.0,"Đà Nẵng (DAD)
Sân bay Đà Nẵng",80,2,20,False,False,True,False,False,False,False,False,True,False,True,False,False,True,False,False
DAD0772,Vietravel Airlines,1028393.0,"Đà Nẵng (DAD)
Sân bay Đà Nẵng",80,0,8,False,False,True,False,False,False,False,False,True,False,True,False,False,True,False,False
DAD0773,Vietravel Airlines,1028393.0,"Đà Nẵng (DAD)
Sân bay Đà Nẵng",80,0,9,False,False,True,False,False,False,False,False,True,False,True,False,False,True,False,False
DAD0774,Vietravel Airlines,1053019.0,"Đà Nẵng (DAD)
Sân bay Đà Nẵng",80,0,10,False,False,True,False,False,False,False,False,True,False,True,False,False,True,False,False
DAD0775,Vietravel Airlines,1254954.0,"Đà Nẵng (DAD)
Sân bay Đà Nẵng",80,0,11,False,False,True,False,False,False,False,False,True,False,True,False,False,True,False,False
DAD0776,Vietravel Airlines,1502202.0,"Đà Nẵng (DAD)
Sân bay Đà Nẵng",80,1,12,False,False,True,False,False,False,False,False,True,False,True,False,False,True,False,False
DAD0777,Vietravel Airlines,1382026.0,"Đà Nẵng (DAD)
Sân bay Đà Nẵng",80,1,13,False,False,True,False,False,False,False,False,True,False,True,False,False,True,False,False
DAD0778,Vietravel Airlines,1172110.0,"Đà Nẵng (DAD)
Sân bay Đà Nẵng",80,1,14,False,False,True,False,False,False,False,False,True,False,True,False,False,True,False,False
DAD0779,Vietravel Airlines,1274595.0,"Đà Nẵng (DAD)
Sân bay Đà Nẵng",80,0,15,False,False,True,False,False,False,False,False,True,False,True,False,False,True,False,False
DAD0780,Vietravel Airlines,1972555.5,"Đà Nẵng (DAD)
Sân bay Đà Nẵng",80,2,16,False,False,True,False,False,False,False,False,True,False,True,False,False,True,False,False
DAD0781,Vietravel Airlines,1855675.0,"Đà Nẵng (DAD)
Sân bay Đà Nẵng",80,3,17,False,False,True,False,False,False,False,False,True,False,True,False,False,True,False,False
DAD0761,Vietravel Airlines,1639890.0,"Đà Nẵng (DAD)
Sân bay Đà Nẵng",80,3,17,False,False,True,False,False,False,False,False,True,False,True,False,False,True,False,False
DAD0762,Vietravel Airlines,1411463.0,"Đà Nẵng (DAD)
Sân bay Đà Nẵng",80,2,18,False,False,True,False,False,False,False,False,True,False,True,False,False,True,False,False
DAD0763,Vietravel Airlines,1522185.0,"Đà Nẵng (DAD)
Sân bay Đà Nẵng",80,2,19,False,False,True,False,False,False,False,False,True,False,True,False,False,True,False,False
DAD0764,Vietravel Airlines,1411463.0,"Đà Nẵng (DAD)
Sân bay Đà Nẵng",80,2,20,False,False,True,False,False,False,False,False,True,False,True,False,False,True,False,False
DAD0772,Vietravel Airlines,1173060.0,"Đà Nẵng (DAD)
Sân bay Đà Nẵng",80,0,7,False,False,True,False,False,False,False,False,True,False,True,False,False,True,False,False
DAD0773,Vietravel Airlines,1171065.0,"Đà Nẵng (DAD)
Sân bay Đà Nẵng",80,0,8,False,False,True,False,False,False,False,False,True,False,True,False,False,True,False,False
DAD0774,Vietravel Airlines,1173060.0,"Đà Nẵng (DAD)
Sân bay Đà Nẵng",80,0,9,False,False,True,False,False,False,False,False,True,False,True,False,False,True,False,False
DAD0775,Vietravel Airlines,1270815.0,"Đà Nẵng (DAD)
Sân bay Đà Nẵng",80,0,10,False,False,True,False,False,False,False,False,True,False,True,False,False,True,False,False
DAD0776,Vietravel Airlines,1518195.0,"Đà Nẵng (DAD)
Sân bay Đà Nẵng",80,1,11,False,False,True,False,False,False,False,False,True,False,True,False,False,True,False,False
DAD0777,Vietravel Airlines,1524180.0,"Đà Nẵng (DAD)
Sân bay Đà Nẵng",80,1,12,False,False,True,False,False,False,False,False,True,False,True,False,False,True,False,False
DAD0778,Vietravel Airlines,1270815.0,"Đà Nẵng (DAD)
Sân bay Đà Nẵng",80,1,13,False,False,True,False,False,False,False,False,True,False,True,False,False,True,False,False
DAD0779,Vietravel Airlines,1385528.0,"Đà Nẵng (DAD)
Sân bay Đà Nẵng",80,0,14,False,False,True,False,False,False,False,False,True,False,True,False,False,True,False,False
DAD0780,Vietravel Airlines,1972555.5,"Đà Nẵng (DAD)
Sân bay Đà Nẵng",80,2,15,False,False,True,False,False,False,False,False,True,False,True,False,False,True,False,False
DAD0781,Vietravel Airlines,1972555.5,"Đà Nẵng (DAD)
Sân bay Đà Nẵng",80,3,16,False,False,True,False,False,False,False,False,True,False,True,False,False,True,False,False
DAD0761,Vietravel Airlines,1417448.0,"Đà Nẵng (DAD)
Sân bay Đà Nẵng",80,3,16,False,False,True,False,False,False,False,False,True,False,True,False,False,True,False,False
DAD0762,Vietravel Airlines,1417448.0,"Đà Nẵng (DAD)
Sân bay Đà Nẵng",80,2,17,False,False,True,False,False,False,False,False,True,False,True,False,False,True,False,False
DAD0763,Vietravel Airlines,1417448.0,"Đà Nẵng (DAD)
Sân bay Đà Nẵng",80,2,18,False,False,True,False,False,False,False,False,True,False,True,False,False,True,False,False
DAD0764,Vietravel Airlines,1524180.0,"Đà Nẵng (DAD)
Sân bay Đà Nẵng",80,2,19,False,False,True,False,False,False,False,False,True,False,True,False,False,True,False,False
DAD0765,Vietravel Airlines,1273808.0,"Đà Nẵng (DAD)
Sân bay Đà Nẵng",80,0,20,False,False,True,False,False,False,False,False,True,False,True,False,False,True,False,False
DAD0772,Vietravel Airlines,1044383.0,"Đà Nẵng (DAD)
Sân bay Đà Nẵng",80,0,6,False,False,True,False,False,False,False,False,True,False,True,False,False,True,False,False
DAD0773,Vietravel Airlines,1044383.0,"Đà Nẵng (DAD)
Sân bay Đà Nẵng",80,0,7,False,False,True,False,False,False,False,False,True,False,True,False,False,True,False,False
DAD0774,Vietravel Airlines,1272810.0,"Đà Nẵng (DAD)
Sân bay Đà Nẵng",80,0,8,False,False,True,False,False,False,False,False,True,False,True,False,False,True,False,False
DAD0775,Vietravel Airlines,1272810.0,"Đà Nẵng (DAD)
Sân bay Đà Nẵng",80,0,9,False,False,True,False,False,False,False,False,True,False,True,False,False,True,False,False
DAD0776,Vietravel Airlines,1417448.0,"Đà Nẵng (DAD)
Sân bay Đà Nẵng",80,1,10,False,False,True,False,False,False,False,False,True,False,True,False,False,True,False,False
DAD0777,Vietravel Airlines,1272810.0,"Đà Nẵng (DAD)
Sân bay Đà Nẵng",80,1,11,False,False,True,False,False,False,False,False,True,False,True,False,False,True,False,False
DAD0778,Vietravel Airlines,1272810.0,"Đà Nẵng (DAD)
Sân bay Đà Nẵng",80,1,12,False,False,True,False,False,False,False,False,True,False,True,False,False,True,False,False
DAD0779,Vietravel Airlines,1417448.0,"Đà Nẵng (DAD)
Sân bay Đà Nẵng",80,0,13,False,False,True,False,False,False,False,False,True,False,True,False,False,True,False,False
DAD0780,Vietravel Airlines,1972555.5,"Đà Nẵng (DAD)
Sân bay Đà Nẵng",80,2,14,False,False,True,False,False,False,False,False,True,False,True,False,False,True,False,False
DAD0781,Vietravel Airlines,1641885.0,"Đà Nẵng (DAD)
Sân bay Đà Nẵng",80,3,15,False,False,True,False,False,False,False,False,True,False,True,False,False,True,False,False
DAD0761,Vietravel Airlines,1562862.0,"Đà Nẵng (DAD)
Sân bay Đà Nẵng",80,3,15,False,False,True,False,False,False,False,False,True,False,True,False,False,True,False,False
DAD0762,Vietravel Airlines,1449462.0,"Đà Nẵng (DAD)
Sân bay Đà Nẵng",80,2,16,False,False,True,False,False,False,False,False,True,False,True,False,False,True,False,False
DAD0763,Vietravel Airlines,1449462.0,"Đà Nẵng (DAD)
Sân bay Đà Nẵng",80,2,17,False,False,True,False,False,False,False,False,True,False,True,False,False,True,False,False
DAD0764,Vietravel Airlines,1562862.0,"Đà Nẵng (DAD)
Sân bay Đà Nẵng",80,2,18,False,False,True,False,False,False,False,False,True,False,True,False,False,True,False,False
DAD0766,Vietravel Airlines,1063902.0,"Đà Nẵng (DAD)
Sân bay Đà Nẵng",80,0,20,False,False,True,False,False,False,False,False,True,False,True,False,False,True,False,False
DAD0772,Vietravel Airlines,1199982.0,"Đà Nẵng (DAD)
Sân bay Đà Nẵng",80,0,5,False,False,True,False,False,False,False,False,True,False,True,False,False,True,False,False
DAD0773,Vietravel Airlines,1063902.0,"Đà Nẵng (DAD)
Sân bay Đà Nẵng",80,0,6,False,False,True,False,False,False,False,False,True,False,True,False,False,True,False,False
DAD0774,Vietravel Airlines,1302042.0,"Đà Nẵng (DAD)
Sân bay Đà Nẵng",80,0,7,False,False,True,False,False,False,False,False,True,False,True,False,False,True,False,False
DAD0775,Vietravel Airlines,1449462.0,"Đà Nẵng (DAD)
Sân bay Đà Nẵng",80,0,8,False,False,True,False,False,False,False,False,True,False,True,False,False,True,False,False
DAD0776,Vietravel Airlines,1449462.0,"Đà Nẵng (DAD)
Sân bay Đà Nẵng",80,1,9,False,False,True,False,False,False,False,False,True,False,True,False,False,True,False,False
DAD0777,Vietravel Airlines,1302042.0,"Đà Nẵng (DAD)
Sân bay Đà Nẵng",80,1,10,False,False,True,False,False,False,False,False,True,False,True,False,False,True,False,False
DAD0778,Vietravel Airlines,1302042.0,"Đà Nẵng (DAD)
Sân bay Đà Nẵng",80,1,11,False,False,True,False,False,False,False,False,True,False,True,False,False,True,False,False
DAD0779,Vietravel Airlines,1449462.0,"Đà Nẵng (DAD)
Sân bay Đà Nẵng",80,0,12,False,False,True,False,False,False,False,False,True,False,True,False,False,True,False,False
DAD0781,Vietravel Airlines,1801002.0,"Đà Nẵng (DAD)
Sân bay Đà Nẵng",80,3,14,False,False,True,False,False,False,False,False,True,False,True,False,False,True,False,False
DAD0761,Vietravel Airlines,1404480.0,"Đà Nẵng (DAD)
Sân bay Đà Nẵng",80,3,14,False,False,True,False,False,False,False,False,True,False,True,False,False,True,False,False
DAD0762,Vietravel Airlines,1403483.0,"Đà Nẵng (DAD)
Sân bay Đà Nẵng",80,2,15,False,False,True,False,False,False,False,False,True,False,True,False,False,True,False,False
DAD0763,Vietravel Airlines,1400490.0,"Đà Nẵng (DAD)
Sân bay Đà Nẵng",80,2,16,False,False,True,False,False,False,False,False,True,False,True,False,False,True,False,False
DAD0764,Vietravel Airlines,1404480.0,"Đà Nẵng (DAD)
Sân bay Đà Nẵng",80,2,17,False,False,True,False,False,False,False,False,True,False,True,False,False,True,False,False
DAD0765,Vietravel Airlines,1163085.0,"Đà Nẵng (DAD)
Sân bay Đà Nẵng",80,0,18,False,False,True,False,False,False,False,False,True,False,True,False,False,True,False,False
DAD0766,Vietravel Airlines,1030418.0,"Đà Nẵng (DAD)
Sân bay Đà Nẵng",80,0,19,False,False,True,False,False,False,False,False,True,False,True,False,False,True,False,False
DAD0767,Vietravel Airlines,1259843.0,"Đà Nẵng (DAD)
Sân bay Đà Nẵng",80,0,20,False,False,True,False,False,False,False,False,True,False,True,False,False,True,False,False
DAD0772,Vietravel Airlines,1295424.0,"Đà Nẵng (DAD)
Sân bay Đà Nẵng",80,0,4,False,False,True,False,False,False,False,False,True,False,True,False,False,True,False,False
DAD0773,Vietravel Airlines,1177050.0,"Đà Nẵng (DAD)
Sân bay Đà Nẵng",80,0,5,False,False,True,False,False,False,False,False,True,False,True,False,False,True,False,False
DAD0774,Vietravel Airlines,1261838.0,"Đà Nẵng (DAD)
Sân bay Đà Nẵng",80,0,6,False,False,True,False,False,False,False,False,True,False,True,False,False,True,False,False
DAD0775,Vietravel Airlines,1276800.0,"Đà Nẵng (DAD)
Sân bay Đà Nẵng",80,0,7,False,False,True,False,False,False,False,False,True,False,True,False,False,True,False,False
DAD0776,Vietravel Airlines,1403483.0,"Đà Nẵng (DAD)
Sân bay Đà Nẵng",80,1,8,False,False,True,False,False,False,False,False,True,False,True,False,False,True,False,False
DAD0777,Vietravel Airlines,1259843.0,"Đà Nẵng (DAD)
Sân bay Đà Nẵng",80,1,9,False,False,True,False,False,False,False,False,True,False,True,False,False,True,False,False
DAD0778,Vietravel Airlines,1030418.0,"Đà Nẵng (DAD)
Sân bay Đà Nẵng",80,1,10,False,False,True,False,False,False,False,False,True,False,True,False,False,True,False,False
DAD0779,Vietravel Airlines,1259843.0,"Đà Nẵng (DAD)
Sân bay Đà Nẵng",80,0,11,False,False,True,False,False,False,False,False,True,False,True,False,False,True,False,False
DAD0780,Vietravel Airlines,1972555.5,"Đà Nẵng (DAD)
Sân bay Đà Nẵng",80,2,12,False,False,True,False,False,False,False,False,True,False,True,False,False,True,False,False
DAD0781,Vietravel Airlines,1403483.0,"Đà Nẵng (DAD)
Sân bay Đà Nẵng",80,3,13,False,False,True,False,False,False,False,False,True,False,True,False,False,True,False,False
DAD0761,Vietravel Airlines,1401488.0,"Đà Nẵng (DAD)
Sân bay Đà Nẵng",80,3,13,False,False,True,False,False,False,False,False,True,False,True,False,False,True,False,False
DAD0762,Vietravel Airlines,1401488.0,"Đà Nẵng (DAD)
Sân bay Đà Nẵng",80,2,14,False,False,True,False,False,False,False,False,True,False,True,False,False,True,False,False
DAD0763,Vietravel Airlines,1401488.0,"Đà Nẵng (DAD)
Sân bay Đà Nẵng",80,2,15,False,False,True,False,False,False,False,False,True,False,True,False,False,True,False,False
DAD0764,Vietravel Airlines,1401488.0,"Đà Nẵng (DAD)
Sân bay Đà Nẵng",80,2,16,False,False,True,False,False,False,False,False,True,False,True,False,False,True,False,False
DAD0765,Vietravel Airlines,1164083.0,"Đà Nẵng (DAD)
Sân bay Đà Nẵng",80,0,17,False,False,True,False,False,False,False,False,True,False,True,False,False,True,False,False
DAD0766,Vietravel Airlines,1030418.0,"Đà Nẵng (DAD)
Sân bay Đà Nẵng",80,0,18,False,False,True,False,False,False,False,False,True,False,True,False,False,True,False,False
DAD0767,Vietravel Airlines,1259843.0,"Đà Nẵng (DAD)
Sân bay Đà Nẵng",80,0,19,False,False,True,False,False,False,False,False,True,False,True,False,False,True,False,False
DAD0768,Vietravel Airlines,1608968.0,"Đà Nẵng (DAD)
Sân bay Đà Nẵng",80,0,20,False,False,True,False,False,False,False,False,True,False,True,False,False,True,False,False
DAD0772,Vietravel Airlines,1260840.0,"Đà Nẵng (DAD)
Sân bay Đà Nẵng",80,0,3,False,False,True,False,False,False,False,False,True,False,True,False,False,True,False,False
DAD0773,Vietravel Airlines,1030418.0,"Đà Nẵng (DAD)
Sân bay Đà Nẵng",80,0,4,False,False,True,False,False,False,False,False,True,False,True,False,False,True,False,False
DAD0774,Vietravel Airlines,1260840.0,"Đà Nẵng (DAD)
Sân bay Đà Nẵng",80,0,5,False,False,True,False,False,False,False,False,True,False,True,False,False,True,False,False
DAD0775,Vietravel Airlines,1259843.0,"Đà Nẵng (DAD)
Sân bay Đà Nẵng",80,0,6,False,False,True,False,False,False,False,False,True,False,True,False,False,True,False,False
DAD0776,Vietravel Airlines,1401488.0,"Đà Nẵng (DAD)
Sân bay Đà Nẵng",80,1,7,False,False,True,False,False,False,False,False,True,False,True,False,False,True,False,False
DAD0777,Vietravel Airlines,1259843.0,"Đà Nẵng (DAD)
Sân bay Đà Nẵng",80,1,8,False,False,True,False,False,False,False,False,True,False,True,False,False,True,False,False
DAD0778,Vietravel Airlines,1259843.0,"Đà Nẵng (DAD)
Sân bay Đà Nẵng",80,1,9,False,False,True,False,False,False,False,False,True,False,True,False,False,True,False,False
DAD0779,Vietravel Airlines,1259843.0,"Đà Nẵng (DAD)
Sân bay Đà Nẵng",80,0,10,False,False,True,False,False,False,False,False,True,False,True,False,False,True,False,False
DAD0780,Vietravel Airlines,1972555.5,"Đà Nẵng (DAD)
Sân bay Đà Nẵng",80,2,11,False,False,True,False,False,False,False,False,True,False,True,False,False,True,False,False
DAD0781,Vietravel Airlines,1630913.0,"Đà Nẵng (DAD)
Sân bay Đà Nẵng",80,3,12,False,False,True,False,False,False,False,False,True,False,True,False,False,True,False,False
DAD0761,Vietravel Airlines,1555768.0,"Đà Nẵng (DAD)
Sân bay Đà Nẵng",80,3,12,False,False,True,False,False,False,False,False,True,False,True,False,False,True,False,False
DAD0762,Vietravel Airlines,1403483.0,"Đà Nẵng (DAD)
Sân bay Đà Nẵng",80,2,13,False,False,True,False,False,False,False,False,True,False,True,False,False,True,False,False
DAD0763,Vietravel Airlines,1403483.0,"Đà Nẵng (DAD)
Sân bay Đà Nẵng",80,2,14,False,False,True,False,False,False,False,False,True,False,True,False,False,True,False,False
DAD0764,Vietravel Airlines,1403483.0,"Đà Nẵng (DAD)
Sân bay Đà Nẵng",80,2,15,False,False,True,False,False,False,False,False,True,False,True,False,False,True,False,False
DAD0765,Vietravel Airlines,1165080.0,"Đà Nẵng (DAD)
Sân bay Đà Nẵng",80,0,16,False,False,True,False,False,False,False,False,True,False,True,False,False,True,False,False
DAD0766,Vietravel Airlines,1032413.0,"Đà Nẵng (DAD)
Sân bay Đà Nẵng",80,0,17,False,False,True,False,False,False,False,False,True,False,True,False,False,True,False,False
DAD0767,Vietravel Airlines,1261838.0,"Đà Nẵng (DAD)
Sân bay Đà Nẵng",80,0,18,False,False,True,False,False,False,False,False,True,False,True,False,False,True,False,False
DAD0768,Vietravel Airlines,1632908.0,"Đà Nẵng (DAD)
Sân bay Đà Nẵng",80,0,19,False,False,True,False,False,False,False,False,True,False,True,False,False,True,False,False
DAD0769,Vietravel Airlines,1739640.0,"Đà Nẵng (DAD)
Sân bay Đà Nẵng",80,1,20,False,False,True,False,False,False,False,False,True,False,True,False,False,True,False,False
DAD0772,Vietravel Airlines,1259843.0,"Đà Nẵng (DAD)
Sân bay Đà Nẵng",80,0,2,False,False,True,False,False,False,False,False,True,False,True,False,False,True,False,False
DAD0773,Vietravel Airlines,1164083.0,"Đà Nẵng (DAD)
Sân bay Đà Nẵng",80,0,3,False,False,True,False,False,False,False,False,True,False,True,False,False,True,False,False
DAD0774,Vietravel Airlines,1261838.0,"Đà Nẵng (DAD)
Sân bay Đà Nẵng",80,0,4,False,False,True,False,False,False,False,False,True,False,True,False,False,True,False,False
DAD0775,Vietravel Airlines,1442882.0,"Đà Nẵng (DAD)
Sân bay Đà Nẵng",80,0,5,False,False,True,False,False,False,False,False,True,False,True,False,False,True,False,False
DAD0776,Vietravel Airlines,1512210.0,"Đà Nẵng (DAD)
Sân bay Đà Nẵng",80,1,6,False,False,True,False,False,False,False,False,True,False,True,False,False,True,False,False
DAD0777,Vietravel Airlines,1401488.0,"Đà Nẵng (DAD)
Sân bay Đà Nẵng",80,1,7,False,False,True,False,False,False,False,False,True,False,True,False,False,True,False,False
DAD0778,Vietravel Airlines,1406475.0,"Đà Nẵng (DAD)
Sân bay Đà Nẵng",80,1,8,False,False,True,False,False,False,False,False,True,False,True,False,False,True,False,False
DAD0779,Vietravel Airlines,1261838.0,"Đà Nẵng (DAD)
Sân bay Đà Nẵng",80,0,9,False,False,True,False,False,False,False,False,True,False,True,False,False,True,False,False
DAD0780,Vietravel Airlines,1972555.5,"Đà Nẵng (DAD)
Sân bay Đà Nẵng",80,2,10,False,False,True,False,False,False,False,False,True,False,True,False,False,True,False,False
DAD0781,Vietravel Airlines,1632908.0,"Đà Nẵng (DAD)
Sân bay Đà Nẵng",80,3,11,False,False,True,False,False,False,False,False,True,False,True,False,False,True,False,False
DAD0761,Vietravel Airlines,1630913.0,"Đà Nẵng (DAD)
Sân bay Đà Nẵng",80,3,11,False,False,True,False,False,False,False,False,True,False,True,False,False,True,False,False
DAD0762,Vietravel Airlines,1401488.0,"Đà Nẵng (DAD)
Sân bay Đà Nẵng",80,2,12,False,False,True,False,False,False,False,False,True,False,True,False,False,True,False,False
DAD0763,Vietravel Airlines,1401488.0,"Đà Nẵng (DAD)
Sân bay Đà Nẵng",80,2,13,False,False,True,False,False,False,False,False,True,False,True,False,False,True,False,False
DAD0764,Vietravel Airlines,1401488.0,"Đà Nẵng (DAD)
Sân bay Đà Nẵng",80,2,14,False,False,True,False,False,False,False,False,True,False,True,False,False,True,False,False
DAD0765,Vietravel Airlines,1164083.0,"Đà Nẵng (DAD)
Sân bay Đà Nẵng",80,0,15,False,False,True,False,False,False,False,False,True,False,True,False,False,True,False,False
DAD0766,Vietravel Airlines,1030418.0,"Đà Nẵng (DAD)
Sân bay Đà Nẵng",80,0,16,False,False,True,False,False,False,False,False,True,False,True,False,False,True,False,False
DAD0767,Vietravel Airlines,1259843.0,"Đà Nẵng (DAD)
Sân bay Đà Nẵng",80,0,17,False,False,True,False,False,False,False,False,True,False,True,False,False,True,False,False
DAD0768,Vietravel Airlines,1630913.0,"Đà Nẵng (DAD)
Sân bay Đà Nẵng",80,0,18,False,False,True,False,False,False,False,False,True,False,True,False,False,True,False,False
DAD0769,Vietravel Airlines,1738643.0,"Đà Nẵng (DAD)
Sân bay Đà Nẵng",80,1,19,False,False,True,False,False,False,False,False,True,False,True,False,False,True,False,False
DAD0770,Vietravel Airlines,1259843.0,"Đà Nẵng (DAD)
Sân bay Đà Nẵng",80,1,20,False,False,True,False,False,False,False,False,True,False,True,False,False,True,False,False
DAD0772,Vietravel Airlines,1401488.0,"Đà Nẵng (DAD)
Sân bay Đà Nẵng",80,0,1,False,False,True,False,False,False,False,False,True,False,True,False,False,True,False,False
DAD0773,Vietravel Airlines,1259843.0,"Đà Nẵng (DAD)
Sân bay Đà Nẵng",80,0,2,False,False,True,False,False,False,False,False,True,False,True,False,False,True,False,False
DAD0774,Vietravel Airlines,1259843.0,"Đà Nẵng (DAD)
Sân bay Đà Nẵng",80,0,3,False,False,True,False,False,False,False,False,True,False,True,False,False,True,False,False
DAD0775,Vietravel Airlines,1401488.0,"Đà Nẵng (DAD)
Sân bay Đà Nẵng",80,0,4,False,False,True,False,False,False,False,False,True,False,True,False,False,True,False,False
DAD0776,Vietravel Airlines,1512210.0,"Đà Nẵng (DAD)
Sân bay Đà Nẵng",80,1,5,False,False,True,False,False,False,False,False,True,False,True,False,False,True,False,False
DAD0777,Vietravel Airlines,1401488.0,"Đà Nẵng (DAD)
Sân bay Đà Nẵng",80,1,6,False,False,True,False,False,False,False,False,True,False,True,False,False,True,False,False
DAD0778,Vietravel Airlines,1405478.0,"Đà Nẵng (DAD)
Sân bay Đà Nẵng",80,1,7,False,False,True,False,False,False,False,False,True,False,True,False,False,True,False,False
DAD0779,Vietravel Airlines,1401488.0,"Đà Nẵng (DAD)
Sân bay Đà Nẵng",80,0,8,False,False,True,False,False,False,False,False,True,False,True,False,False,True,False,False
DAD0780,Vietravel Airlines,1972555.5,"Đà Nẵng (DAD)
Sân bay Đà Nẵng",80,2,9,False,False,True,False,False,False,False,False,True,False,True,False,False,True,False,False
DAD0781,Vietravel Airlines,1630913.0,"Đà Nẵng (DAD)
Sân bay Đà Nẵng",80,3,10,False,False,True,False,False,False,False,False,True,False,True,False,False,True,False,False
DAD0761,Vietravel Airlines,1632908.0,"Đà Nẵng (DAD)
Sân bay Đà Nẵng",80,3,10,False,False,True,False,False,False,False,False,True,False,True,False,False,True,False,False
DAD0762,Vietravel Airlines,1402485.0,"Đà Nẵng (DAD)
Sân bay Đà Nẵng",80,2,11,False,False,True,False,False,False,False,False,True,False,True,False,False,True,False,False
DAD0763,Vietravel Airlines,1403483.0,"Đà Nẵng (DAD)
Sân bay Đà Nẵng",80,2,12,False,False,True,False,False,False,False,False,True,False,True,False,False,True,False,False
DAD0764,Vietravel Airlines,1401488.0,"Đà Nẵng (DAD)
Sân bay Đà Nẵng",80,2,13,False,False,True,False,False,False,False,False,True,False,True,False,False,True,False,False
DAD0765,Vietravel Airlines,1166078.0,"Đà Nẵng (DAD)
Sân bay Đà Nẵng",80,0,14,False,False,True,False,False,False,False,False,True,False,True,False,False,True,False,False
DAD0766,Vietravel Airlines,1166078.0,"Đà Nẵng (DAD)
Sân bay Đà Nẵng",80,0,15,False,False,True,False,False,False,False,False,True,False,True,False,False,True,False,False
DAD0767,Vietravel Airlines,1262835.0,"Đà Nẵng (DAD)
Sân bay Đà Nẵng",80,0,16,False,False,True,False,False,False,False,False,True,False,True,False,False,True,False,False
DAD0768,Vietravel Airlines,1633905.0,"Đà Nẵng (DAD)
Sân bay Đà Nẵng",80,0,17,False,False,True,False,False,False,False,False,True,False,True,False,False,True,False,False
DAD0769,Vietravel Airlines,1741635.0,"Đà Nẵng (DAD)
Sân bay Đà Nẵng",80,1,18,False,False,True,False,False,False,False,False,True,False,True,False,False,True,False,False
DAD0770,Vietravel Airlines,1262835.0,"Đà Nẵng (DAD)
Sân bay Đà Nẵng",80,1,19,False,False,True,False,False,False,False,False,True,False,True,False,False,True,False,False
DAD0771,Vietravel Airlines,1262835.0,"Đà Nẵng (DAD)
Sân bay Đà Nẵng",80,1,20,False,False,True,False,False,False,False,False,True,False,True,False,False,True,False,False
DAD0773,Vietravel Airlines,1416450.0,"Đà Nẵng (DAD)
Sân bay Đà Nẵng",80,0,1,False,False,True,False,False,False,False,False,True,False,True,False,False,True,False,False
DAD0774,Vietravel Airlines,1443918.0,"Đà Nẵng (DAD)
Sân bay Đà Nẵng",80,0,2,False,False,True,False,False,False,False,False,True,False,True,False,False,True,False,False
DAD0775,Vietravel Airlines,1405478.0,"Đà Nẵng (DAD)
Sân bay Đà Nẵng",80,0,3,False,False,True,False,False,False,False,False,True,False,True,False,False,True,False,False
DAD0776,Vietravel Airlines,1630913.0,"Đà Nẵng (DAD)
Sân bay Đà Nẵng",80,1,4,False,False,True,False,False,False,False,False,True,False,True,False,False,True,False,False
DAD0777,Vietravel Airlines,1405478.0,"Đà Nẵng (DAD)
Sân bay Đà Nẵng",80,1,5,False,False,True,False,False,False,False,False,True,False,True,False,False,True,False,False
DAD0778,Vietravel Airlines,1401488.0,"Đà Nẵng (DAD)
Sân bay Đà Nẵng",80,1,6,False,False,True,False,False,False,False,False,True,False,True,False,False,True,False,False
DAD0779,Vietravel Airlines,1401488.0,"Đà Nẵng (DAD)
Sân bay Đà Nẵng",80,0,7,False,False,True,False,False,False,False,False,True,False,True,False,False,True,False,False
DAD0780,Vietravel Airlines,1972555.5,"Đà Nẵng (DAD)
Sân bay Đà Nẵng",80,2,8,False,False,True,False,False,False,False,False,True,False,True,False,False,True,False,False
DAD0781,Vietravel Airlines,1742633.0,"Đà Nẵng (DAD)
Sân bay Đà Nẵng",80,3,9,False,False,True,False,False,False,False,False,True,False,True,False,False,True,False,False
DAD0761,Vietravel Airlines,1402485.0,"Đà Nẵng (DAD)
Sân bay Đà Nẵng",80,3,9,False,False,True,False,False,False,False,False,True,False,True,False,False,True,False,False
DAD0762,Vietravel Airlines,1443918.0,"Đà Nẵng (DAD)
Sân bay Đà Nẵng",80,2,10,False,False,True,False,False,False,False,False,True,False,True,False,False,True,False,False
DAD0763,Vietravel Airlines,1261838.0,"Đà Nẵng (DAD)
Sân bay Đà Nẵng",80,2,11,False,False,True,False,False,False,False,False,True,False,True,False,False,True,False,False
DAD0764,Vietravel Airlines,1270815.0,"Đà Nẵng (DAD)
Sân bay Đà Nẵng",80,2,12,False,False,True,False,False,False,False,False,True,False,True,False,False,True,False,False
DAD0765,Vietravel Airlines,1171065.0,"Đà Nẵng (DAD)
Sân bay Đà Nẵng",80,0,13,False,False,True,False,False,False,False,False,True,False,True,False,False,True,False,False
DAD0766,Vietravel Airlines,1040393.0,"Đà Nẵng (DAD)
Sân bay Đà Nẵng",80,0,14,False,False,True,False,False,False,False,False,True,False,True,False,False,True,False,False
DAD0767,Vietravel Airlines,1270815.0,"Đà Nẵng (DAD)
Sân bay Đà Nẵng",80,0,15,False,False,True,False,False,False,False,False,True,False,True,False,False,True,False,False
DAD0768,Vietravel Airlines,1411463.0,"Đà Nẵng (DAD)
Sân bay Đà Nẵng",80,0,16,False,False,True,False,False,False,False,False,True,False,True,False,False,True,False,False
DAD0769,Vietravel Airlines,1860338.0,"Đà Nẵng (DAD)
Sân bay Đà Nẵng",80,1,17,False,False,True,False,False,False,False,False,True,False,True,False,False,True,False,False
DAD0770,Vietravel Airlines,1270815.0,"Đà Nẵng (DAD)
Sân bay Đà Nẵng",80,1,18,False,False,True,False,False,False,False,False,True,False,True,False,False,True,False,False
DAD0771,Vietravel Airlines,1266825.0,"Đà Nẵng (DAD)
Sân bay Đà Nẵng",80,1,19,False,False,True,False,False,False,False,False,True,False,True,False,False,True,False,False
DAD0774,Vietravel Airlines,1972555.5,"Đà Nẵng (DAD)
Sân bay Đà Nẵng",80,0,1,False,False,True,False,False,False,False,False,True,False,True,False,False,True,False,False
DAD0775,Vietravel Airlines,1556884.0,"Đà Nẵng (DAD)
Sân bay Đà Nẵng",80,0,2,False,False,True,False,False,False,False,False,True,False,True,False,False,True,False,False
DAD0776,Vietravel Airlines,1556884.0,"Đà Nẵng (DAD)
Sân bay Đà Nẵng",80,1,3,False,False,True,False,False,False,False,False,True,False,True,False,False,True,False,False
DAD0777,Vietravel Airlines,1556884.0,"Đà Nẵng (DAD)
Sân bay Đà Nẵng",80,1,4,False,False,True,False,False,False,False,False,True,False,True,False,False,True,False,False
DAD0778,Vietravel Airlines,1443918.0,"Đà Nẵng (DAD)
Sân bay Đà Nẵng",80,1,5,False,False,True,False,False,False,False,False,True,False,True,False,False,True,False,False
DAD0779,Vietravel Airlines,1402485.0,"Đà Nẵng (DAD)
Sân bay Đà Nẵng",80,0,6,False,False,True,False,False,False,False,False,True,False,True,False,False,True,False,False
DAD0780,Vietravel Airlines,1972555.5,"Đà Nẵng (DAD)
Sân bay Đà Nẵng",80,2,7,False,False,True,False,False,False,False,False,True,False,True,False,False,True,False,False
DAD0781,Vietravel Airlines,1402485.0,"Đà Nẵng (DAD)
Sân bay Đà Nẵng",80,3,8,False,False,True,False,False,False,False,False,True,False,True,False,False,True,False,False
DAD0761,Vietravel Airlines,1528170.0,"Đà Nẵng (DAD)
Sân bay Đà Nẵng",80,3,8,False,False,True,False,False,False,False,False,True,False,True,False,False,True,False,False
DAD0762,Vietravel Airlines,1420440.0,"Đà Nẵng (DAD)
Sân bay Đà Nẵng",80,2,9,False,False,True,False,False,False,False,False,True,False,True,False,False,True,False,False
DAD0763,Vietravel Airlines,1528170.0,"Đà Nẵng (DAD)
Sân bay Đà Nẵng",80,2,10,False,False,True,False,False,False,False,False,True,False,True,False,False,True,False,False
DAD0764,Vietravel Airlines,1420440.0,"Đà Nẵng (DAD)
Sân bay Đà Nẵng",80,2,11,False,False,True,False,False,False,False,False,True,False,True,False,False,True,False,False
DAD0765,Vietravel Airlines,1178048.0,"Đà Nẵng (DAD)
Sân bay Đà Nẵng",80,0,12,False,False,True,False,False,False,False,False,True,False,True,False,False,True,False,False
DAD0766,Vietravel Airlines,1178048.0,"Đà Nẵng (DAD)
Sân bay Đà Nẵng",80,0,13,False,False,True,False,False,False,False,False,True,False,True,False,False,True,False,False
DAD0767,Vietravel Airlines,1275803.0,"Đà Nẵng (DAD)
Sân bay Đà Nẵng",80,0,14,False,False,True,False,False,False,False,False,True,False,True,False,False,True,False,False
DAD0768,Vietravel Airlines,1420440.0,"Đà Nẵng (DAD)
Sân bay Đà Nẵng",80,0,15,False,False,True,False,False,False,False,False,True,False,True,False,False,True,False,False
DAD0769,Vietravel Airlines,1868318.0,"Đà Nẵng (DAD)
Sân bay Đà Nẵng",80,1,16,False,False,True,False,False,False,False,False,True,False,True,False,False,True,False,False
DAD0770,Vietravel Airlines,1443716.0,"Đà Nẵng (DAD)
Sân bay Đà Nẵng",80,1,17,False,False,True,False,False,False,False,False,True,False,True,False,False,True,False,False
DAD0771,Vietravel Airlines,1278795.0,"Đà Nẵng (DAD)
Sân bay Đà Nẵng",80,1,18,False,False,True,False,False,False,False,False,True,False,True,False,False,True,False,False
DAD0775,Vietravel Airlines,1530165.0,"Đà Nẵng (DAD)
Sân bay Đà Nẵng",80,0,1,False,False,True,False,False,False,False,False,True,False,True,False,False,True,False,False
DAD0776,Vietravel Airlines,1586025.0,"Đà Nẵng (DAD)
Sân bay Đà Nẵng",80,1,2,False,False,True,False,False,False,False,False,True,False,True,False,False,True,False,False
DAD0777,Vietravel Airlines,1530165.0,"Đà Nẵng (DAD)
Sân bay Đà Nẵng",80,1,3,False,False,True,False,False,False,False,False,True,False,True,False,False,True,False,False
DAD0778,Vietravel Airlines,1422435.0,"Đà Nẵng (DAD)
Sân bay Đà Nẵng",80,1,4,False,False,True,False,False,False,False,False,True,False,True,False,False,True,False,False
DAD0779,Vietravel Airlines,1528170.0,"Đà Nẵng (DAD)
Sân bay Đà Nẵng",80,0,5,False,False,True,False,False,False,False,False,True,False,True,False,False,True,False,False
DAD0780,Vietravel Airlines,1972555.5,"Đà Nẵng (DAD)
Sân bay Đà Nẵng",80,2,6,False,False,True,False,False,False,False,False,True,False,True,False,False,True,False,False
DAD0781,Vietravel Airlines,1528170.0,"Đà Nẵng (DAD)
Sân bay Đà Nẵng",80,3,7,False,False,True,False,False,False,False,False,True,False,True,False,False,True,False,False
DAD0761,Vietravel Airlines,1535153.0,"Đà Nẵng (DAD)
Sân bay Đà Nẵng",80,3,7,False,False,True,False,False,False,False,False,True,False,True,False,False,True,False,False
DAD0762,Vietravel Airlines,1419443.0,"Đà Nẵng (DAD)
Sân bay Đà Nẵng",80,2,8,False,False,True,False,False,False,False,False,True,False,True,False,False,True,False,False
DAD0763,Vietravel Airlines,1658843.0,"Đà Nẵng (DAD)
Sân bay Đà Nẵng",80,2,9,False,False,True,False,False,False,False,False,True,False,True,False,False,True,False,False
DAD0764,Vietravel Airlines,1419443.0,"Đà Nẵng (DAD)
Sân bay Đà Nẵng",80,2,10,False,False,True,False,False,False,False,False,True,False,True,False,False,True,False,False
DAD0765,Vietravel Airlines,1177050.0,"Đà Nẵng (DAD)
Sân bay Đà Nẵng",80,0,11,False,False,True,False,False,False,False,False,True,False,True,False,False,True,False,False
DAD0766,Vietravel Airlines,1177050.0,"Đà Nẵng (DAD)
Sân bay Đà Nẵng",80,0,12,False,False,True,False,False,False,False,False,True,False,True,False,False,True,False,False
DAD0767,Vietravel Airlines,1273808.0,"Đà Nẵng (DAD)
Sân bay Đà Nẵng",80,0,13,False,False,True,False,False,False,False,False,True,False,True,False,False,True,False,False
DAD0768,Vietravel Airlines,1556666.0,"Đà Nẵng (DAD)
Sân bay Đà Nẵng",80,0,14,False,False,True,False,False,False,False,False,True,False,True,False,False,True,False,False
DAD0769,Vietravel Airlines,1866323.0,"Đà Nẵng (DAD)
Sân bay Đà Nẵng",80,1,15,False,False,True,False,False,False,False,False,True,False,True,False,False,True,False,False
DAD0770,Vietravel Airlines,1273808.0,"Đà Nẵng (DAD)
Sân bay Đà Nẵng",80,1,16,False,False,True,False,False,False,False,False,True,False,True,False,False,True,False,False
DAD0771,Vietravel Airlines,1296881.0,"Đà Nẵng (DAD)
Sân bay Đà Nẵng",80,1,17,False,False,True,False,False,False,False,False,True,False,True,False,False,True,False,False
DAD0776,Vietravel Airlines,1769565.0,"Đà Nẵng (DAD)
Sân bay Đà Nẵng",80,1,1,False,False,True,False,False,False,False,False,True,False,True,False,False,True,False,False
DAD0777,Vietravel Airlines,1658843.0,"Đà Nẵng (DAD)
Sân bay Đà Nẵng",80,1,2,False,False,True,False,False,False,False,False,True,False,True,False,False,True,False,False
DAD0778,Vietravel Airlines,1427423.0,"Đà Nẵng (DAD)
Sân bay Đà Nẵng",80,1,3,False,False,True,False,False,False,False,False,True,False,True,False,False,True,False,False
DAD0779,Vietravel Airlines,1535153.0,"Đà Nẵng (DAD)
Sân bay Đà Nẵng",80,0,4,False,False,True,False,False,False,False,False,True,False,True,False,False,True,False,False
DAD0780,Vietravel Airlines,1972555.5,"Đà Nẵng (DAD)
Sân bay Đà Nẵng",80,2,5,False,False,True,False,False,False,False,False,True,False,True,False,False,True,False,False
DAD0781,Vietravel Airlines,1535153.0,"Đà Nẵng (DAD)
Sân bay Đà Nẵng",80,3,6,False,False,True,False,False,False,False,False,True,False,True,False,False,True,False,False
DAD0761,Vietravel Airlines,1279793.0,"Đà Nẵng (DAD)
Sân bay Đà Nẵng",80,3,6,False,False,True,False,False,False,False,False,True,False,True,False,False,True,False,False
DAD0762,Vietravel Airlines,1301738.0,"Đà Nẵng (DAD)
Sân bay Đà Nẵng",80,2,7,False,False,True,False,False,False,False,False,True,False,True,False,False,True,False,False
DAD0763,Vietravel Airlines,1972555.5,"Đà Nẵng (DAD)
Sân bay Đà Nẵng",80,2,8,False,False,True,False,False,False,False,False,True,False,True,False,False,True,False,False
DAD0764,Vietravel Airlines,1972555.5,"Đà Nẵng (DAD)
Sân bay Đà Nẵng",80,2,9,False,False,True,False,False,False,False,False,True,False,True,False,False,True,False,False
DAD0765,Vietravel Airlines,1048373.0,"Đà Nẵng (DAD)
Sân bay Đà Nẵng",80,0,10,False,False,True,False,False,False,False,False,True,False,True,False,False,True,False,False
DAD0766,Vietravel Airlines,1048373.0,"Đà Nẵng (DAD)
Sân bay Đà Nẵng",80,0,11,False,False,True,False,False,False,False,False,True,False,True,False,False,True,False,False
DAD0767,Vietravel Airlines,1281788.0,"Đà Nẵng (DAD)
Sân bay Đà Nẵng",80,0,12,False,False,True,False,False,False,False,False,True,False,True,False,False,True,False,False
DAD0768,Vietravel Airlines,1444355.0,"Đà Nẵng (DAD)
Sân bay Đà Nẵng",80,0,13,False,False,True,False,False,False,False,False,True,False,True,False,False,True,False,False
DAD0769,Vietravel Airlines,1766573.0,"Đà Nẵng (DAD)
Sân bay Đà Nẵng",80,1,14,False,False,True,False,False,False,False,False,True,False,True,False,False,True,False,False
DAD0770,Vietravel Airlines,1284780.0,"Đà Nẵng (DAD)
Sân bay Đà Nẵng",80,1,15,False,False,True,False,False,False,False,False,True,False,True,False,False,True,False,False
DAD0771,Vietravel Airlines,1050368.0,"Đà Nẵng (DAD)
Sân bay Đà Nẵng",80,1,16,False,False,True,False,False,False,False,False,True,False,True,False,False,True,False,False
DAD0777,Vietravel Airlines,1429418.0,"Đà Nẵng (DAD)
Sân bay Đà Nẵng",80,1,1,False,False,True,False,False,False,False,False,True,False,True,False,False,True,False,False
DAD0778,Vietravel Airlines,1279793.0,"Đà Nẵng (DAD)
Sân bay Đà Nẵng",80,1,2,False,False,True,False,False,False,False,False,True,False,True,False,False,True,False,False
DAD0779,Vietravel Airlines,1536150.0,"Đà Nẵng (DAD)
Sân bay Đà Nẵng",80,0,3,False,False,True,False,False,False,False,False,True,False,True,False,False,True,False,False
DAD0780,Vietravel Airlines,1972555.5,"Đà Nẵng (DAD)
Sân bay Đà Nẵng",80,2,4,False,False,True,False,False,False,False,False,True,False,True,False,False,True,False,False
DAD0781,Vietravel Airlines,1282785.0,"Đà Nẵng (DAD)
Sân bay Đà Nẵng",80,3,5,False,False,True,False,False,False,False,False,True,False,True,False,False,True,False,False
DAD0761,Vietravel Airlines,1473308.0,"Đà Nẵng (DAD)
Sân bay Đà Nẵng",80,3,5,False,False,True,False,False,False,False,False,True,False,True,False,False,True,False,False
DAD0762,Vietravel Airlines,1428420.0,"Đà Nẵng (DAD)
Sân bay Đà Nẵng",80,2,6,False,False,True,False,False,False,False,False,True,False,True,False,False,True,False,False
DAD0763,Vietravel Airlines,1972555.5,"Đà Nẵng (DAD)
Sân bay Đà Nẵng",80,2,7,False,False,True,False,False,False,False,False,True,False,True,False,False,True,False,False
DAD0764,Vietravel Airlines,1972555.5,"Đà Nẵng (DAD)
Sân bay Đà Nẵng",80,2,8,False,False,True,False,False,False,False,False,True,False,True,False,False,True,False,False
DAD0765,Vietravel Airlines,1032413.0,"Đà Nẵng (DAD)
Sân bay Đà Nẵng",80,0,9,False,False,True,False,False,False,False,False,True,False,True,False,False,True,False,False
DAD0766,Vietravel Airlines,1034408.0,"Đà Nẵng (DAD)
Sân bay Đà Nẵng",80,0,10,False,False,True,False,False,False,False,False,True,False,True,False,False,True,False,False
DAD0767,Vietravel Airlines,1263833.0,"Đà Nẵng (DAD)
Sân bay Đà Nẵng",80,0,11,False,False,True,False,False,False,False,False,True,False,True,False,False,True,False,False
DAD0768,Vietravel Airlines,1405478.0,"Đà Nẵng (DAD)
Sân bay Đà Nẵng",80,0,12,False,False,True,False,False,False,False,False,True,False,True,False,False,True,False,False
DAD0769,Vietravel Airlines,1748618.0,"Đà Nẵng (DAD)
Sân bay Đà Nẵng",80,1,13,False,False,True,False,False,False,False,False,True,False,True,False,False,True,False,False
DAD0770,Vietravel Airlines,1263833.0,"Đà Nẵng (DAD)
Sân bay Đà Nẵng",80,1,14,False,False,True,False,False,False,False,False,True,False,True,False,False,True,False,False
DAD0771,Vietravel Airlines,1032413.0,"Đà Nẵng (DAD)
Sân bay Đà Nẵng",80,1,15,False,False,True,False,False,False,False,False,True,False,True,False,False,True,False,False
DAD0778,Vietravel Airlines,1536150.0,"Đà Nẵng (DAD)
Sân bay Đà Nẵng",80,1,1,False,False,True,False,False,False,False,False,True,False,True,False,False,True,False,False
DAD0779,Vietravel Airlines,1659840.0,"Đà Nẵng (DAD)
Sân bay Đà Nẵng",80,0,2,False,False,True,False,False,False,False,False,True,False,True,False,False,True,False,False
DAD0780,Vietravel Airlines,1972555.5,"Đà Nẵng (DAD)
Sân bay Đà Nẵng",80,2,3,False,False,True,False,False,False,False,False,True,False,True,False,False,True,False,False
DAD0781,Vietravel Airlines,1428420.0,"Đà Nẵng (DAD)
Sân bay Đà Nẵng",80,3,4,False,False,True,False,False,False,False,False,True,False,True,False,False,True,False,False
DAD0761,Vietravel Airlines,1660838.0,"Đà Nẵng (DAD)
Sân bay Đà Nẵng",80,3,4,False,False,True,False,False,False,False,False,True,False,True,False,False,True,False,False
DAD0762,Vietravel Airlines,1429418.0,"Đà Nẵng (DAD)
Sân bay Đà Nẵng",80,2,5,False,False,True,False,False,False,False,False,True,False,True,False,False,True,False,False
DAD0763,Vietravel Airlines,1972555.5,"Đà Nẵng (DAD)
Sân bay Đà Nẵng",80,2,6,False,False,True,False,False,False,False,False,True,False,True,False,False,True,False,False
DAD0764,Vietravel Airlines,1972555.5,"Đà Nẵng (DAD)
Sân bay Đà Nẵng",80,2,7,False,False,True,False,False,False,False,False,True,False,True,False,False,True,False,False
DAD0765,Vietravel Airlines,1168073.0,"Đà Nẵng (DAD)
Sân bay Đà Nẵng",80,0,8,False,False,True,False,False,False,False,False,True,False,True,False,False,True,False,False
DAD0766,Vietravel Airlines,1034408.0,"Đà Nẵng (DAD)
Sân bay Đà Nẵng",80,0,9,False,False,True,False,False,False,False,False,True,False,True,False,False,True,False,False
DAD0767,Vietravel Airlines,1264830.0,"Đà Nẵng (DAD)
Sân bay Đà Nẵng",80,0,10,False,False,True,False,False,False,False,False,True,False,True,False,False,True,False,False
DAD0768,Vietravel Airlines,1407473.0,"Đà Nẵng (DAD)
Sân bay Đà Nẵng",80,0,11,False,False,True,False,False,False,False,False,True,False,True,False,False,True,False,False
DAD0769,Vietravel Airlines,1750613.0,"Đà Nẵng (DAD)
Sân bay Đà Nẵng",80,1,12,False,False,True,False,False,False,False,False,True,False,True,False,False,True,False,False
DAD0770,Vietravel Airlines,1264830.0,"Đà Nẵng (DAD)
Sân bay Đà Nẵng",80,1,13,False,False,True,False,False,False,False,False,True,False,True,False,False,True,False,False
DAD0771,Vietravel Airlines,1168073.0,"Đà Nẵng (DAD)
Sân bay Đà Nẵng",80,1,14,False,False,True,False,False,False,False,False,True,False,True,False,False,True,False,False
DAD0781,Vietravel Airlines,1537148.0,"Đà Nẵng (DAD)
Sân bay Đà Nẵng",80,3,3,False,False,True,False,False,False,False,False,True,False,True,False,False,True,False,False
DAD0761,Vietravel Airlines,1557953.0,"Đà Nẵng (DAD)
Sân bay Đà Nẵng",80,3,3,False,False,True,False,False,False,False,False,True,False,True,False,False,True,False,False
DAD0762,Vietravel Airlines,1444909.0,"Đà Nẵng (DAD)
Sân bay Đà Nẵng",80,2,4,False,False,True,False,False,False,False,False,True,False,True,False,False,True,False,False
DAD0763,Vietravel Airlines,1972555.5,"Đà Nẵng (DAD)
Sân bay Đà Nẵng",80,2,5,False,False,True,False,False,False,False,False,True,False,True,False,False,True,False,False
DAD0764,Vietravel Airlines,1972555.5,"Đà Nẵng (DAD)
Sân bay Đà Nẵng",80,2,6,False,False,True,False,False,False,False,False,True,False,True,False,False,True,False,False
DAD0765,Vietravel Airlines,1444909.0,"Đà Nẵng (DAD)
Sân bay Đà Nẵng",80,0,7,False,False,True,False,False,False,False,False,True,False,True,False,False,True,False,False
DAD0766,Vietravel Airlines,1297952.0,"Đà Nẵng (DAD)
Sân bay Đà Nẵng",80,0,8,False,False,True,False,False,False,False,False,True,False,True,False,False,True,False,False
DAD0767,Vietravel Airlines,1297952.0,"Đà Nẵng (DAD)
Sân bay Đà Nẵng",80,0,9,False,False,True,False,False,False,False,False,True,False,True,False,False,True,False,False
DAD0768,Vietravel Airlines,1444909.0,"Đà Nẵng (DAD)
Sân bay Đà Nẵng",80,0,10,False,False,True,False,False,False,False,False,True,False,True,False,False,True,False,False
DAD0769,Vietravel Airlines,1444909.0,"Đà Nẵng (DAD)
Sân bay Đà Nẵng",80,1,11,False,False,True,False,False,False,False,False,True,False,True,False,False,True,False,False
DAD0770,Vietravel Airlines,1297952.0,"Đà Nẵng (DAD)
Sân bay Đà Nẵng",80,1,12,False,False,True,False,False,False,False,False,True,False,True,False,False,True,False,False
DAD0771,Vietravel Airlines,1297952.0,"Đà Nẵng (DAD)
Sân bay Đà Nẵng",80,1,13,False,False,True,False,False,False,False,False,True,False,True,False,False,True,False,False
DAD0781,Vietravel Airlines,1682301.0,"Đà Nẵng (DAD)
Sân bay Đà Nẵng",80,3,2,False,False,True,False,False,False,False,False,True,False,True,False,False,True,False,False
DAD0761,Vietravel Airlines,1643880.0,"Đà Nẵng (DAD)
Sân bay Đà Nẵng",80,3,2,False,False,True,False,False,False,False,False,True,False,True,False,False,True,False,False
DAD0762,Vietravel Airlines,1557953.0,"Đà Nẵng (DAD)
Sân bay Đà Nẵng",80,2,3,False,False,True,False,False,False,False,False,True,False,True,False,False,True,False,False
DAD0763,Vietravel Airlines,1972555.5,"Đà Nẵng (DAD)
Sân bay Đà Nẵng",80,2,4,False,False,True,False,False,False,False,False,True,False,True,False,False,True,False,False
DAD0764,Vietravel Airlines,1972555.5,"Đà Nẵng (DAD)
Sân bay Đà Nẵng",80,2,5,False,False,True,False,False,False,False,False,True,False,True,False,False,True,False,False
DAD0765,Vietravel Airlines,1422435.0,"Đà Nẵng (DAD)
Sân bay Đà Nẵng",80,0,6,False,False,True,False,False,False,False,False,True,False,True,False,False,True,False,False
DAD0766,Vietravel Airlines,1297952.0,"Đà Nẵng (DAD)
Sân bay Đà Nẵng",80,0,7,False,False,True,False,False,False,False,False,True,False,True,False,False,True,False,False
DAD0767,Vietravel Airlines,1297952.0,"Đà Nẵng (DAD)
Sân bay Đà Nẵng",80,0,8,False,False,True,False,False,False,False,False,True,False,True,False,False,True,False,False
DAD0768,Vietravel Airlines,1444909.0,"Đà Nẵng (DAD)
Sân bay Đà Nẵng",80,0,9,False,False,True,False,False,False,False,False,True,False,True,False,False,True,False,False
DAD0769,Vietravel Airlines,1444909.0,"Đà Nẵng (DAD)
Sân bay Đà Nẵng",80,1,10,False,False,True,False,False,False,False,False,True,False,True,False,False,True,False,False
DAD0770,Vietravel Airlines,1297952.0,"Đà Nẵng (DAD)
Sân bay Đà Nẵng",80,1,11,False,False,True,False,False,False,False,False,True,False,True,False,False,True,False,False
DAD0771,Vietravel Airlines,1297952.0,"Đà Nẵng (DAD)
Sân bay Đà Nẵng",80,1,12,False,False,True,False,False,False,False,False,True,False,True,False,False,True,False,False
DAD0781,Vietravel Airlines,1972555.5,"Đà Nẵng (DAD)
Sân bay Đà Nẵng",80,3,1,False,False,True,False,False,False,False,False,True,False,True,False,False,True,False,False
DAD0761,Vietravel Airlines,1972555.5,"Đà Nẵng (DAD)
Sân bay Đà Nẵng",80,3,1,False,False,True,False,False,False,False,False,True,False,True,False,False,True,False,False
DAD0762,Vietravel Airlines,1972555.5,"Đà Nẵng (DAD)
Sân bay Đà Nẵng",80,2,2,False,False,True,False,False,False,False,False,True,False,True,False,False,True,False,False
DAD0763,Vietravel Airlines,1972555.5,"Đà Nẵng (DAD)
Sân bay Đà Nẵng",80,2,3,False,False,True,False,False,False,False,False,True,False,True,False,False,True,False,False
DAD0764,Vietravel Airlines,1972555.5,"Đà Nẵng (DAD)
Sân bay Đà Nẵng",80,2,4,False,False,True,False,False,False,False,False,True,False,True,False,False,True,False,False
DAD0765,Vietravel Airlines,1531163.0,"Đà Nẵng (DAD)
Sân bay Đà Nẵng",80,0,5,False,False,True,False,False,False,False,False,True,False,True,False,False,True,False,False
DAD0766,Vietravel Airlines,1444816.0,"Đà Nẵng (DAD)
Sân bay Đà Nẵng",80,0,6,False,False,True,False,False,False,False,False,True,False,True,False,False,True,False,False
DAD0767,Vietravel Airlines,1297869.0,"Đà Nẵng (DAD)
Sân bay Đà Nẵng",80,0,7,False,False,True,False,False,False,False,False,True,False,True,False,False,True,False,False
DAD0768,Vietravel Airlines,1557853.0,"Đà Nẵng (DAD)
Sân bay Đà Nẵng",80,0,8,False,False,True,False,False,False,False,False,True,False,True,False,False,True,False,False
DAD0769,Vietravel Airlines,1297869.0,"Đà Nẵng (DAD)
Sân bay Đà Nẵng",80,1,9,False,False,True,False,False,False,False,False,True,False,True,False,False,True,False,False
DAD0770,Vietravel Airlines,1297869.0,"Đà Nẵng (DAD)
Sân bay Đà Nẵng",80,1,10,False,False,True,False,False,False,False,False,True,False,True,False,False,True,False,False
DAD0771,Vietravel Airlines,1297869.0,"Đà Nẵng (DAD)
Sân bay Đà Nẵng",80,1,11,False,False,True,False,False,False,False,False,True,False,True,False,False,True,False,False
HAN1283,Vietravel Airlines,2758088.0,"Hà Nội (HAN)
Sân bay Nội Bài",130,2,2,False,False,False,False,True,False,False,False,False,True,True,False,False,True,False,False
HAN1284,Vietravel Airlines,3201975.0,"Hà Nội (HAN)
Sân bay Nội Bài",130,2,3,False,False,False,False,True,False,False,False,False,True,True,False,False,True,False,False
HAN1285,Vietravel Airlines,2507715.0,"Hà Nội (HAN)
Sân bay Nội Bài",130,0,4,False,False,False,False,True,False,False,False,False,True,True,False,False,True,False,False
HAN1286,Vietravel Airlines,1968068.0,"Hà Nội (HAN)
Sân bay Nội Bài",130,0,5,False,False,False,False,True,False,False,False,False,True,True,False,False,True,False,False
HAN1287,Vietravel Airlines,1775550.0,"Hà Nội (HAN)
Sân bay Nội Bài",130,0,6,False,False,False,False,True,False,False,False,False,True,True,False,False,True,False,False
HAN1288,Vietravel Airlines,1603980.0,"Hà Nội (HAN)
Sân bay Nội Bài",130,0,7,False,False,False,False,True,False,False,False,False,True,True,False,False,True,False,False
HAN1289,Vietravel Airlines,1471313.0,"Hà Nội (HAN)
Sân bay Nội Bài",130,1,8,False,False,False,False,True,False,False,False,False,True,True,False,False,True,False,False
HAN1290,Vietravel Airlines,1605975.0,"Hà Nội (HAN)
Sân bay Nội Bài",130,1,9,False,False,False,False,True,False,False,False,False,True,True,False,False,True,False,False
HAN1291,Vietravel Airlines,1471313.0,"Hà Nội (HAN)
Sân bay Nội Bài",130,1,10,False,False,False,False,True,False,False,False,False,True,True,False,False,True,False,False
HAN1283,Vietravel Airlines,3064320.0,"Hà Nội (HAN)
Sân bay Nội Bài",130,2,1,False,False,False,False,True,False,False,False,False,True,True,False,False,True,False,False
HAN1284,Vietravel Airlines,3231900.0,"Hà Nội (HAN)
Sân bay Nội Bài",130,2,2,False,False,False,False,True,False,False,False,False,True,True,False,False,True,False,False
HAN1285,Vietravel Airlines,3050677.0,"Hà Nội (HAN)
Sân bay Nội Bài",130,0,3,False,False,False,False,True,False,False,False,False,True,True,False,False,True,False,False
HAN1287,Vietravel Airlines,1761585.0,"Hà Nội (HAN)
Sân bay Nội Bài",130,0,5,False,False,False,False,True,False,False,False,False,True,True,False,False,True,False,False
HAN1288,Vietravel Airlines,1479293.0,"Hà Nội (HAN)
Sân bay Nội Bài",130,0,6,False,False,False,False,True,False,False,False,False,True,True,False,False,True,False,False
HAN1289,Vietravel Airlines,1475303.0,"Hà Nội (HAN)
Sân bay Nội Bài",130,1,7,False,False,False,False,True,False,False,False,False,True,True,False,False,True,False,False
HAN1290,Vietravel Airlines,1475303.0,"Hà Nội (HAN)
Sân bay Nội Bài",130,1,8,False,False,False,False,True,False,False,False,False,True,True,False,False,True,False,False
HAN1291,Vietravel Airlines,1475303.0,"Hà Nội (HAN)
Sân bay Nội Bài",130,1,9,False,False,False,False,True,False,False,False,False,True,True,False,False,True,False,False
HAN1284,Vietravel Airlines,3086265.0,"Hà Nội (HAN)
Sân bay Nội Bài",130,2,1,False,False,False,False,True,False,False,False,False,True,True,False,False,True,False,False
HAN1285,Vietravel Airlines,3532148.0,"Hà Nội (HAN)
Sân bay Nội Bài",130,0,2,False,False,False,False,True,False,False,False,False,True,True,False,False,True,False,False
HAN1287,Vietravel Airlines,1987020.0,"Hà Nội (HAN)
Sân bay Nội Bài",130,0,4,False,False,False,False,True,False,False,False,False,True,True,False,False,True,False,False
HAN1288,Vietravel Airlines,1620938.0,"Hà Nội (HAN)
Sân bay Nội Bài",130,0,5,False,False,False,False,True,False,False,False,False,True,True,False,False,True,False,False
HAN1289,Vietravel Airlines,1635900.0,"Hà Nội (HAN)
Sân bay Nội Bài",130,1,6,False,False,False,False,True,False,False,False,False,True,True,False,False,True,False,False
HAN1290,Vietravel Airlines,1485278.0,"Hà Nội (HAN)
Sân bay Nội Bài",130,1,7,False,False,False,False,True,False,False,False,False,True,True,False,False,True,False,False
HAN1291,Vietravel Airlines,1485278.0,"Hà Nội (HAN)
Sân bay Nội Bài",130,1,8,False,False,False,False,True,False,False,False,False,True,True,False,False,True,False,False
HAN1285,Vietravel Airlines,3605963.0,"Hà Nội (HAN)
Sân bay Nội Bài",130,0,1,False,False,False,False,True,False,False,False,False,True,True,False,False,True,False,False
HAN1287,Vietravel Airlines,2151608.0,"Hà Nội (HAN)
Sân bay Nội Bài",130,0,3,False,False,False,False,True,False,False,False,False,True,True,False,False,True,False,False
HAN1288,Vietravel Airlines,2000985.0,"Hà Nội (HAN)
Sân bay Nội Bài",130,0,4,False,False,False,False,True,False,False,False,False,True,True,False,False,True,False,False
HAN1289,Vietravel Airlines,1791510.0,"Hà Nội (HAN)
Sân bay Nội Bài",130,1,5,False,False,False,False,True,False,False,False,False,True,True,False,False,True,False,False
HAN1290,Vietravel Airlines,1633905.0,"Hà Nội (HAN)
Sân bay Nội Bài",130,1,6,False,False,False,False,True,False,False,False,False,True,True,False,False,True,False,False
HAN1288,Vietravel Airlines,2002980.0,"Hà Nội (HAN)
Sân bay Nội Bài",130,0,3,False,False,False,False,True,False,False,False,False,True,True,False,False,True,False,False
HAN1289,Vietravel Airlines,2152605.0,"Hà Nội (HAN)
Sân bay Nội Bài",130,1,4,False,False,False,False,True,False,False,False,False,True,True,False,False,True,False,False
HAN1290,Vietravel Airlines,2006970.0,"Hà Nội (HAN)
Sân bay Nội Bài",130,1,5,False,False,False,False,True,False,False,False,False,True,True,False,False,True,False,False
HAN1291,Vietravel Airlines,1609965.0,"Hà Nội (HAN)
Sân bay Nội Bài",130,1,6,False,False,False,False,True,False,False,False,False,True,True,False,False,True,False,False
HAN1287,Vietravel Airlines,3753887.625,"Hà Nội (HAN)
Sân bay Nội Bài",130,0,1,False,False,False,False,True,False,False,False,False,True,True,False,False,True,False,False
HAN1292,Vietravel Airlines,1595880.0,"Hà Nội (HAN)
Sân bay Nội Bài",130,0,14,False,False,False,False,True,False,False,False,False,True,True,False,False,True,False,False
HAN1293,Vietravel Airlines,1456889.0,"Hà Nội (HAN)
Sân bay Nội Bài",130,0,15,False,False,False,False,True,False,False,False,False,True,True,False,False,True,False,False
HAN1295,Vietravel Airlines,1736644.0,"Hà Nội (HAN)
Sân bay Nội Bài",130,0,17,False,False,False,False,True,False,False,False,False,True,True,False,False,True,False,False
HAN1296,Vietravel Airlines,2111948.0,"Hà Nội (HAN)
Sân bay Nội Bài",130,1,18,False,False,False,False,True,False,False,False,False,True,True,False,False,True,False,False
HAN1297,Vietravel Airlines,3149190.0,"Hà Nội (HAN)
Sân bay Nội Bài",130,1,19,False,False,False,False,True,False,False,False,False,True,True,False,False,True,False,False
HAN1298,Vietravel Airlines,1950300.0,"Hà Nội (HAN)
Sân bay Nội Bài",130,1,20,False,False,False,False,True,False,False,False,False,True,True,False,False,True,False,False
HAN1288,Vietravel Airlines,3753887.625,"Hà Nội (HAN)
Sân bay Nội Bài",130,0,1,False,False,False,False,True,False,False,False,False,True,True,False,False,True,False,False
HAN1289,Vietravel Airlines,2314200.0,"Hà Nội (HAN)
Sân bay Nội Bài",130,1,2,False,False,False,False,True,False,False,False,False,True,True,False,False,True,False,False
HAN1290,Vietravel Airlines,2202976.0,"Hà Nội (HAN)
Sân bay Nội Bài",130,1,3,False,False,False,False,True,False,False,False,False,True,True,False,False,True,False,False
HAN1291,Vietravel Airlines,1753605.0,"Hà Nội (HAN)
Sân bay Nội Bài",130,1,4,False,False,False,False,True,False,False,False,False,True,True,False,False,True,False,False
HAN1292,Vietravel Airlines,1609910.0,"Hà Nội (HAN)
Sân bay Nội Bài",130,0,13,False,False,False,False,True,False,False,False,False,True,True,False,False,True,False,False
HAN1293,Vietravel Airlines,1470150.0,"Hà Nội (HAN)
Sân bay Nội Bài",130,0,14,False,False,False,False,True,False,False,False,False,True,True,False,False,True,False,False
HAN1294,Vietravel Airlines,1470150.0,"Hà Nội (HAN)
Sân bay Nội Bài",130,0,15,False,False,False,False,True,False,False,False,False,True,True,False,False,True,False,False
HAN1295,Vietravel Airlines,1757170.0,"Hà Nội (HAN)
Sân bay Nội Bài",130,0,16,False,False,False,False,True,False,False,False,False,True,True,False,False,True,False,False
HAN1296,Vietravel Airlines,2327000.0,"Hà Nội (HAN)
Sân bay Nội Bài",130,1,17,False,False,False,False,True,False,False,False,False,True,True,False,False,True,False,False
HAN1297,Vietravel Airlines,3170970.0,"Hà Nội (HAN)
Sân bay Nội Bài",130,1,18,False,False,False,False,True,False,False,False,False,True,True,False,False,True,False,False
HAN1298,Vietravel Airlines,1946459.0,"Hà Nội (HAN)
Sân bay Nội Bài",130,1,19,False,False,False,False,True,False,False,False,False,True,True,False,False,True,False,False
HAN1299,Vietravel Airlines,2146000.0,"Hà Nội (HAN)
Sân bay Nội Bài",130,0,20,False,False,False,False,True,False,False,False,False,True,True,False,False,True,False,False
HAN1289,Vietravel Airlines,3753887.625,"Hà Nội (HAN)
Sân bay Nội Bài",130,1,1,False,False,False,False,True,False,False,False,False,True,True,False,False,True,False,False
HAN1290,Vietravel Airlines,3753887.625,"Hà Nội (HAN)
Sân bay Nội Bài",130,1,2,False,False,False,False,True,False,False,False,False,True,True,False,False,True,False,False
HAN1291,Vietravel Airlines,2022863.0,"Hà Nội (HAN)
Sân bay Nội Bài",130,1,3,False,False,False,False,True,False,False,False,False,True,True,False,False,True,False,False
HAN1292,Vietravel Airlines,1474110.0,"Hà Nội (HAN)
Sân bay Nội Bài",130,0,12,False,False,False,False,True,False,False,False,False,True,True,False,False,True,False,False
HAN1293,Vietravel Airlines,1475100.0,"Hà Nội (HAN)
Sân bay Nội Bài",130,0,13,False,False,False,False,True,False,False,False,False,True,True,False,False,True,False,False
HAN1294,Vietravel Airlines,1474110.0,"Hà Nội (HAN)
Sân bay Nội Bài",130,0,14,False,False,False,False,True,False,False,False,False,True,True,False,False,True,False,False
HAN1295,Vietravel Airlines,1601820.0,"Hà Nội (HAN)
Sân bay Nội Bài",130,0,15,False,False,False,False,True,False,False,False,False,True,True,False,False,True,False,False
HAN1296,Vietravel Airlines,1756260.0,"Hà Nội (HAN)
Sân bay Nội Bài",130,1,16,False,False,False,False,True,False,False,False,False,True,True,False,False,True,False,False
HAN1297,Vietravel Airlines,1756260.0,"Hà Nội (HAN)
Sân bay Nội Bài",130,1,17,False,False,False,False,True,False,False,False,False,True,True,False,False,True,False,False
HAN1298,Vietravel Airlines,1602810.0,"Hà Nội (HAN)
Sân bay Nội Bài",130,1,18,False,False,False,False,True,False,False,False,False,True,True,False,False,True,False,False
HAN1299,Vietravel Airlines,1602810.0,"Hà Nội (HAN)
Sân bay Nội Bài",130,0,19,False,False,False,False,True,False,False,False,False,True,True,False,False,True,False,False
HAN1300,Vietravel Airlines,1957230.0,"Hà Nội (HAN)
Sân bay Nội Bài",130,2,20,False,False,False,False,True,False,False,False,False,True,True,False,False,True,False,False
HAN1290,Vietravel Airlines,3753887.625,"Hà Nội (HAN)
Sân bay Nội Bài",130,1,1,False,False,False,False,True,False,False,False,False,True,True,False,False,True,False,False
HAN1291,Vietravel Airlines,2022375.0,"Hà Nội (HAN)
Sân bay Nội Bài",130,1,2,False,False,False,False,True,False,False,False,False,True,True,False,False,True,False,False
HAN1292,Vietravel Airlines,1454919.0,"Hà Nội (HAN)
Sân bay Nội Bài",130,0,11,False,False,False,False,True,False,False,False,False,True,True,False,False,True,False,False
HAN1293,Vietravel Airlines,1460830.0,"Hà Nội (HAN)
Sân bay Nội Bài",130,0,12,False,False,False,False,True,False,False,False,False,True,True,False,False,True,False,False
HAN1294,Vietravel Airlines,1454919.0,"Hà Nội (HAN)
Sân bay Nội Bài",130,0,13,False,False,False,False,True,False,False,False,False,True,True,False,False,True,False,False
HAN1295,Vietravel Airlines,1581991.0,"Hà Nội (HAN)
Sân bay Nội Bài",130,0,14,False,False,False,False,True,False,False,False,False,True,True,False,False,True,False,False
HAN1296,Vietravel Airlines,1588886.0,"Hà Nội (HAN)
Sân bay Nội Bài",130,1,15,False,False,False,False,True,False,False,False,False,True,True,False,False,True,False,False
HAN1297,Vietravel Airlines,1803981.0,"Hà Nội (HAN)
Sân bay Nội Bài",130,1,16,False,False,False,False,True,False,False,False,False,True,True,False,False,True,False,False
HAN1298,Vietravel Airlines,1596870.0,"Hà Nội (HAN)
Sân bay Nội Bài",130,1,17,False,False,False,False,True,False,False,False,False,True,True,False,False,True,False,False
HAN1299,Vietravel Airlines,1596870.0,"Hà Nội (HAN)
Sân bay Nội Bài",130,0,18,False,False,False,False,True,False,False,False,False,True,True,False,False,True,False,False
HAN1300,Vietravel Airlines,1954260.0,"Hà Nội (HAN)
Sân bay Nội Bài",130,2,19,False,False,False,False,True,False,False,False,False,True,True,False,False,True,False,False
HAN1301,Vietravel Airlines,2301750.0,"Hà Nội (HAN)
Sân bay Nội Bài",130,3,20,False,False,False,False,True,False,False,False,False,True,True,False,False,True,False,False
HAN1281,Vietravel Airlines,2468536.0,"Hà Nội (HAN)
Sân bay Nội Bài",130,3,20,False,False,False,False,True,False,False,False,False,True,True,False,False,True,False,False
HAN1292,Vietravel Airlines,1609000.0,"Hà Nội (HAN)
Sân bay Nội Bài",130,0,10,False,False,False,False,True,False,False,False,False,True,True,False,False,True,False,False
HAN1293,Vietravel Airlines,1646074.0,"Hà Nội (HAN)
Sân bay Nội Bài",130,0,11,False,False,False,False,True,False,False,False,False,True,True,False,False,True,False,False
HAN1294,Vietravel Airlines,1481000.0,"Hà Nội (HAN)
Sân bay Nội Bài",130,0,12,False,False,False,False,True,False,False,False,False,True,True,False,False,True,False,False
HAN1295,Vietravel Airlines,1584946.0,"Hà Nội (HAN)
Sân bay Nội Bài",130,0,13,False,False,False,False,True,False,False,False,False,True,True,False,False,True,False,False
HAN1296,Vietravel Airlines,1584946.0,"Hà Nội (HAN)
Sân bay Nội Bài",130,1,14,False,False,False,False,True,False,False,False,False,True,True,False,False,True,False,False
HAN1297,Vietravel Airlines,1738614.0,"Hà Nội (HAN)
Sân bay Nội Bài",130,1,15,False,False,False,False,True,False,False,False,False,True,True,False,False,True,False,False
HAN1298,Vietravel Airlines,1584946.0,"Hà Nội (HAN)
Sân bay Nội Bài",130,1,16,False,False,False,False,True,False,False,False,False,True,True,False,False,True,False,False
HAN1299,Vietravel Airlines,1584946.0,"Hà Nội (HAN)
Sân bay Nội Bài",130,0,17,False,False,False,False,True,False,False,False,False,True,True,False,False,True,False,False
HAN1300,Vietravel Airlines,1943504.0,"Hà Nội (HAN)
Sân bay Nội Bài",130,2,18,False,False,False,False,True,False,False,False,False,True,True,False,False,True,False,False
HAN1301,Vietravel Airlines,2281376.0,"Hà Nội (HAN)
Sân bay Nội Bài",130,3,19,False,False,False,False,True,False,False,False,False,True,True,False,False,True,False,False
HAN1281,Vietravel Airlines,2498445.0,"Hà Nội (HAN)
Sân bay Nội Bài",130,3,19,False,False,False,False,True,False,False,False,False,True,True,False,False,True,False,False
HAN1282,Vietravel Airlines,2498445.0,"Hà Nội (HAN)
Sân bay Nội Bài",130,2,20,False,False,False,False,True,False,False,False,False,True,True,False,False,True,False,False
HAN1292,Vietravel Airlines,1603940.0,"Hà Nội (HAN)
Sân bay Nội Bài",130,0,9,False,False,False,False,True,False,False,False,False,True,True,False,False,True,False,False
HAN1293,Vietravel Airlines,1471605.0,"Hà Nội (HAN)
Sân bay Nội Bài",130,0,10,False,False,False,False,True,False,False,False,False,True,True,False,False,True,False,False
HAN1294,Vietravel Airlines,1471605.0,"Hà Nội (HAN)
Sân bay Nội Bài",130,0,11,False,False,False,False,True,False,False,False,False,True,True,False,False,True,False,False
HAN1295,Vietravel Airlines,1603940.0,"Hà Nội (HAN)
Sân bay Nội Bài",130,0,12,False,False,False,False,True,False,False,False,False,True,True,False,False,True,False,False
HAN1296,Vietravel Airlines,1603940.0,"Hà Nội (HAN)
Sân bay Nội Bài",130,1,13,False,False,False,False,True,False,False,False,False,True,True,False,False,True,False,False
HAN1297,Vietravel Airlines,1759160.0,"Hà Nội (HAN)
Sân bay Nội Bài",130,1,14,False,False,False,False,True,False,False,False,False,True,True,False,False,True,False,False
HAN1298,Vietravel Airlines,1603940.0,"Hà Nội (HAN)
Sân bay Nội Bài",130,1,15,False,False,False,False,True,False,False,False,False,True,True,False,False,True,False,False
HAN1299,Vietravel Airlines,1603940.0,"Hà Nội (HAN)
Sân bay Nội Bài",130,0,16,False,False,False,False,True,False,False,False,False,True,True,False,False,True,False,False
HAN1300,Vietravel Airlines,1965125.0,"Hà Nội (HAN)
Sân bay Nội Bài",130,2,17,False,False,False,False,True,False,False,False,False,True,True,False,False,True,False,False
HAN1301,Vietravel Airlines,2314370.0,"Hà Nội (HAN)
Sân bay Nội Bài",130,3,18,False,False,False,False,True,False,False,False,False,True,True,False,False,True,False,False
HAN1281,Vietravel Airlines,2487870.0,"Hà Nội (HAN)
Sân bay Nội Bài",130,3,18,False,False,False,False,True,False,False,False,False,True,True,False,False,True,False,False
HAN1282,Vietravel Airlines,2487870.0,"Hà Nội (HAN)
Sân bay Nội Bài",130,2,19,False,False,False,False,True,False,False,False,False,True,True,False,False,True,False,False
HAN1283,Vietravel Airlines,2728290.0,"Hà Nội (HAN)
Sân bay Nội Bài",130,2,20,False,False,False,False,True,False,False,False,False,True,True,False,False,True,False,False
HAN1292,Vietravel Airlines,1597860.0,"Hà Nội (HAN)
Sân bay Nội Bài",130,0,8,False,False,False,False,True,False,False,False,False,True,True,False,False,True,False,False
HAN1293,Vietravel Airlines,1466190.0,"Hà Nội (HAN)
Sân bay Nội Bài",130,0,9,False,False,False,False,True,False,False,False,False,True,True,False,False,True,False,False
HAN1294,Vietravel Airlines,1466190.0,"Hà Nội (HAN)
Sân bay Nội Bài",130,0,10,False,False,False,False,True,False,False,False,False,True,True,False,False,True,False,False
HAN1295,Vietravel Airlines,1597860.0,"Hà Nội (HAN)
Sân bay Nội Bài",130,0,11,False,False,False,False,True,False,False,False,False,True,True,False,False,True,False,False
HAN1296,Vietravel Airlines,1597860.0,"Hà Nội (HAN)
Sân bay Nội Bài",130,1,12,False,False,False,False,True,False,False,False,False,True,True,False,False,True,False,False
HAN1297,Vietravel Airlines,1751310.0,"Hà Nội (HAN)
Sân bay Nội Bài",130,1,13,False,False,False,False,True,False,False,False,False,True,True,False,False,True,False,False
HAN1298,Vietravel Airlines,1805006.0,"Hà Nội (HAN)
Sân bay Nội Bài",130,1,14,False,False,False,False,True,False,False,False,False,True,True,False,False,True,False,False
HAN1299,Vietravel Airlines,1805006.0,"Hà Nội (HAN)
Sân bay Nội Bài",130,0,15,False,False,False,False,True,False,False,False,False,True,True,False,False,True,False,False
HAN1300,Vietravel Airlines,1956240.0,"Hà Nội (HAN)
Sân bay Nội Bài",130,2,16,False,False,False,False,True,False,False,False,False,True,True,False,False,True,False,False
HAN1301,Vietravel Airlines,2304720.0,"Hà Nội (HAN)
Sân bay Nội Bài",130,3,17,False,False,False,False,True,False,False,False,False,True,True,False,False,True,False,False
HAN1281,Vietravel Airlines,2501730.0,"Hà Nội (HAN)
Sân bay Nội Bài",130,3,17,False,False,False,False,True,False,False,False,False,True,True,False,False,True,False,False
HAN1282,Vietravel Airlines,2810180.0,"Hà Nội (HAN)
Sân bay Nội Bài",130,2,18,False,False,False,False,True,False,False,False,False,True,True,False,False,True,False,False
HAN1283,Vietravel Airlines,3284532.0,"Hà Nội (HAN)
Sân bay Nội Bài",130,2,19,False,False,False,False,True,False,False,False,False,True,True,False,False,True,False,False
HAN1284,Vietravel Airlines,2738138.0,"Hà Nội (HAN)
Sân bay Nội Bài",130,2,20,False,False,False,False,True,False,False,False,False,True,True,False,False,True,False,False
HAN1292,Vietravel Airlines,1762583.0,"Hà Nội (HAN)
Sân bay Nội Bài",130,0,7,False,False,False,False,True,False,False,False,False,True,True,False,False,True,False,False
HAN1293,Vietravel Airlines,1611960.0,"Hà Nội (HAN)
Sân bay Nội Bài",130,0,8,False,False,False,False,True,False,False,False,False,True,True,False,False,True,False,False
HAN1294,Vietravel Airlines,1646889.0,"Hà Nội (HAN)
Sân bay Nội Bài",130,0,9,False,False,False,False,True,False,False,False,False,True,True,False,False,True,False,False
HAN1295,Vietravel Airlines,1763580.0,"Hà Nội (HAN)
Sân bay Nội Bài",130,0,10,False,False,False,False,True,False,False,False,False,True,True,False,False,True,False,False
HAN1296,Vietravel Airlines,1762583.0,"Hà Nội (HAN)
Sân bay Nội Bài",130,1,11,False,False,False,False,True,False,False,False,False,True,True,False,False,True,False,False
HAN1297,Vietravel Airlines,1970063.0,"Hà Nội (HAN)
Sân bay Nội Bài",130,1,12,False,False,False,False,True,False,False,False,False,True,True,False,False,True,False,False
HAN1298,Vietravel Airlines,1763580.0,"Hà Nội (HAN)
Sân bay Nội Bài",130,1,13,False,False,False,False,True,False,False,False,False,True,True,False,False,True,False,False
HAN1299,Vietravel Airlines,1970063.0,"Hà Nội (HAN)
Sân bay Nội Bài",130,0,14,False,False,False,False,True,False,False,False,False,True,True,False,False,True,False,False
HAN1300,Vietravel Airlines,2200300.0,"Hà Nội (HAN)
Sân bay Nội Bài",130,2,15,False,False,False,False,True,False,False,False,False,True,True,False,False,True,False,False
HAN1301,Vietravel Airlines,2727165.0,"Hà Nội (HAN)
Sân bay Nội Bài",130,3,16,False,False,False,False,True,False,False,False,False,True,True,False,False,True,False,False
HAN1281,Vietravel Airlines,2501730.0,"Hà Nội (HAN)
Sân bay Nội Bài",130,3,16,False,False,False,False,True,False,False,False,False,True,True,False,False,True,False,False
HAN1282,Vietravel Airlines,2732627.0,"Hà Nội (HAN)
Sân bay Nội Bài",130,2,17,False,False,False,False,True,False,False,False,False,True,True,False,False,True,False,False
HAN1283,Vietravel Airlines,2314200.0,"Hà Nội (HAN)
Sân bay Nội Bài",130,2,18,False,False,False,False,True,False,False,False,False,True,True,False,False,True,False,False
HAN1284,Vietravel Airlines,3202973.0,"Hà Nội (HAN)
Sân bay Nội Bài",130,2,19,False,False,False,False,True,False,False,False,False,True,True,False,False,True,False,False
HAN1285,Vietravel Airlines,2144625.0,"Hà Nội (HAN)
Sân bay Nội Bài",130,0,20,False,False,False,False,True,False,False,False,False,True,True,False,False,True,False,False
HAN1292,Vietravel Airlines,2201747.0,"Hà Nội (HAN)
Sân bay Nội Bài",130,0,6,False,False,False,False,True,False,False,False,False,True,True,False,False,True,False,False
HAN1293,Vietravel Airlines,1612958.0,"Hà Nội (HAN)
Sân bay Nội Bài",130,0,7,False,False,False,False,True,False,False,False,False,True,True,False,False,True,False,False
HAN1294,Vietravel Airlines,1611960.0,"Hà Nội (HAN)
Sân bay Nội Bài",130,0,8,False,False,False,False,True,False,False,False,False,True,True,False,False,True,False,False
HAN1295,Vietravel Airlines,1479293.0,"Hà Nội (HAN)
Sân bay Nội Bài",130,0,9,False,False,False,False,True,False,False,False,False,True,True,False,False,True,False,False
HAN1296,Vietravel Airlines,1764578.0,"Hà Nội (HAN)
Sân bay Nội Bài",130,1,10,False,False,False,False,True,False,False,False,False,True,True,False,False,True,False,False
HAN1297,Vietravel Airlines,2020923.0,"Hà Nội (HAN)
Sân bay Nội Bài",130,1,11,False,False,False,False,True,False,False,False,False,True,True,False,False,True,False,False
HAN1298,Vietravel Airlines,1611960.0,"Hà Nội (HAN)
Sân bay Nội Bài",130,1,12,False,False,False,False,True,False,False,False,False,True,True,False,False,True,False,False
HAN1299,Vietravel Airlines,1612958.0,"Hà Nội (HAN)
Sân bay Nội Bài",130,0,13,False,False,False,False,True,False,False,False,False,True,True,False,False,True,False,False
HAN1300,Vietravel Airlines,1971060.0,"Hà Nội (HAN)
Sân bay Nội Bài",130,2,14,False,False,False,False,True,False,False,False,False,True,True,False,False,True,False,False
HAN1301,Vietravel Airlines,2502728.0,"Hà Nội (HAN)
Sân bay Nội Bài",130,3,15,False,False,False,False,True,False,False,False,False,True,True,False,False,True,False,False
HAN1281,Vietravel Airlines,2574586.0,"Hà Nội (HAN)
Sân bay Nội Bài",130,3,15,False,False,False,False,True,False,False,False,False,True,True,False,False,True,False,False
HAN1282,Vietravel Airlines,2811908.0,"Hà Nội (HAN)
Sân bay Nội Bài",130,2,16,False,False,False,False,True,False,False,False,False,True,True,False,False,True,False,False
HAN1284,Vietravel Airlines,3286551.0,"Hà Nội (HAN)
Sân bay Nội Bài",130,2,18,False,False,False,False,True,False,False,False,False,True,True,False,False,True,False,False
HAN1286,Vietravel Airlines,1475303.0,"Hà Nội (HAN)
Sân bay Nội Bài",130,0,20,False,False,False,False,True,False,False,False,False,True,True,False,False,True,False,False
HAN1292,Vietravel Airlines,2201651.0,"Hà Nội (HAN)
Sân bay Nội Bài",130,0,5,False,False,False,False,True,False,False,False,False,True,True,False,False,True,False,False
HAN1294,Vietravel Airlines,1610963.0,"Hà Nội (HAN)
Sân bay Nội Bài",130,0,7,False,False,False,False,True,False,False,False,False,True,True,False,False,True,False,False
HAN1295,Vietravel Airlines,1610963.0,"Hà Nội (HAN)
Sân bay Nội Bài",130,0,8,False,False,False,False,True,False,False,False,False,True,True,False,False,True,False,False
HAN1296,Vietravel Airlines,1758593.0,"Hà Nội (HAN)
Sân bay Nội Bài",130,1,9,False,False,False,False,True,False,False,False,False,True,True,False,False,True,False,False
HAN1297,Vietravel Airlines,2020835.0,"Hà Nội (HAN)
Sân bay Nội Bài",130,1,10,False,False,False,False,True,False,False,False,False,True,True,False,False,True,False,False
HAN1298,Vietravel Airlines,1806115.0,"Hà Nội (HAN)
Sân bay Nội Bài",130,1,11,False,False,False,False,True,False,False,False,False,True,True,False,False,True,False,False
HAN1300,Vietravel Airlines,1964078.0,"Hà Nội (HAN)
Sân bay Nội Bài",130,2,13,False,False,False,False,True,False,False,False,False,True,True,False,False,True,False,False
HAN1301,Vietravel Airlines,2574586.0,"Hà Nội (HAN)
Sân bay Nội Bài",130,3,14,False,False,False,False,True,False,False,False,False,True,True,False,False,True,False,False
HAN1281,Vietravel Airlines,2812987.0,"Hà Nội (HAN)
Sân bay Nội Bài",130,3,14,False,False,False,False,True,False,False,False,False,True,True,False,False,True,False,False
HAN1282,Vietravel Airlines,3050400.0,"Hà Nội (HAN)
Sân bay Nội Bài",130,2,15,False,False,False,False,True,False,False,False,False,True,True,False,False,True,False,False
HAN1283,Vietravel Airlines,2812987.0,"Hà Nội (HAN)
Sân bay Nội Bài",130,2,16,False,False,False,False,True,False,False,False,False,True,True,False,False,True,False,False
HAN1284,Vietravel Airlines,3287812.0,"Hà Nội (HAN)
Sân bay Nội Bài",130,2,17,False,False,False,False,True,False,False,False,False,True,True,False,False,True,False,False
HAN1285,Vietravel Airlines,2383382.0,"Hà Nội (HAN)
Sân bay Nội Bài",130,0,18,False,False,False,False,True,False,False,False,False,True,True,False,False,True,False,False
HAN1286,Vietravel Airlines,1648533.0,"Hà Nội (HAN)
Sân bay Nội Bài",130,0,19,False,False,False,False,True,False,False,False,False,True,True,False,False,True,False,False
HAN1287,Vietravel Airlines,1469650.0,"Hà Nội (HAN)
Sân bay Nội Bài",130,0,20,False,False,False,False,True,False,False,False,False,True,True,False,False,True,False,False
HAN1292,Vietravel Airlines,2142630.0,"Hà Nội (HAN)
Sân bay Nội Bài",130,0,4,False,False,False,False,True,False,False,False,False,True,True,False,False,True,False,False
HAN1293,Vietravel Airlines,2021610.0,"Hà Nội (HAN)
Sân bay Nội Bài",130,0,5,False,False,False,False,True,False,False,False,False,True,True,False,False,True,False,False
HAN1294,Vietravel Airlines,1648533.0,"Hà Nội (HAN)
Sân bay Nội Bài",130,0,6,False,False,False,False,True,False,False,False,False,True,True,False,False,True,False,False
HAN1295,Vietravel Airlines,1648533.0,"Hà Nội (HAN)
Sân bay Nội Bài",130,0,7,False,False,False,False,True,False,False,False,False,True,True,False,False,True,False,False
HAN1296,Vietravel Airlines,2021610.0,"Hà Nội (HAN)
Sân bay Nội Bài",130,1,8,False,False,False,False,True,False,False,False,False,True,True,False,False,True,False,False
HAN1297,Vietravel Airlines,2021610.0,"Hà Nội (HAN)
Sân bay Nội Bài",130,1,9,False,False,False,False,True,False,False,False,False,True,True,False,False,True,False,False
HAN1298,Vietravel Airlines,1806808.0,"Hà Nội (HAN)
Sân bay Nội Bài",130,1,10,False,False,False,False,True,False,False,False,False,True,True,False,False,True,False,False
HAN1299,Vietravel Airlines,1806808.0,"Hà Nội (HAN)
Sân bay Nội Bài",130,0,11,False,False,False,False,True,False,False,False,False,True,True,False,False,True,False,False
HAN1300,Vietravel Airlines,2202496.0,"Hà Nội (HAN)
Sân bay Nội Bài",130,2,12,False,False,False,False,True,False,False,False,False,True,True,False,False,True,False,False
HAN1301,Vietravel Airlines,2812987.0,"Hà Nội (HAN)
Sân bay Nội Bài",130,3,13,False,False,False,False,True,False,False,False,False,True,True,False,False,True,False,False
HAN1281,Vietravel Airlines,2812784.0,"Hà Nội (HAN)
Sân bay Nội Bài",130,3,13,False,False,False,False,True,False,False,False,False,True,True,False,False,True,False,False
HAN1282,Vietravel Airlines,3050181.0,"Hà Nội (HAN)
Sân bay Nội Bài",130,2,14,False,False,False,False,True,False,False,False,False,True,True,False,False,True,False,False
HAN1283,Vietravel Airlines,2812784.0,"Hà Nội (HAN)
Sân bay Nội Bài",130,2,15,False,False,False,False,True,False,False,False,False,True,True,False,False,True,False,False
HAN1284,Vietravel Airlines,3287576.0,"Hà Nội (HAN)
Sân bay Nội Bài",130,2,16,False,False,False,False,True,False,False,False,False,True,True,False,False,True,False,False
HAN1285,Vietravel Airlines,2311208.0,"Hà Nội (HAN)
Sân bay Nội Bài",130,0,17,False,False,False,False,True,False,False,False,False,True,True,False,False,True,False,False
HAN1286,Vietravel Airlines,1601439.0,"Hà Nội (HAN)
Sân bay Nội Bài",130,0,18,False,False,False,False,True,False,False,False,False,True,True,False,False,True,False,False
HAN1287,Vietravel Airlines,1601439.0,"Hà Nội (HAN)
Sân bay Nội Bài",130,0,19,False,False,False,False,True,False,False,False,False,True,True,False,False,True,False,False
HAN1288,Vietravel Airlines,1928168.0,"Hà Nội (HAN)
Sân bay Nội Bài",130,0,20,False,False,False,False,True,False,False,False,False,True,True,False,False,True,False,False
HAN1292,Vietravel Airlines,2575389.0,"Hà Nội (HAN)
Sân bay Nội Bài",130,0,3,False,False,False,False,True,False,False,False,False,True,True,False,False,True,False,False
HAN1293,Vietravel Airlines,2021466.0,"Hà Nội (HAN)
Sân bay Nội Bài",130,0,4,False,False,False,False,True,False,False,False,False,True,True,False,False,True,False,False
HAN1294,Vietravel Airlines,1806679.0,"Hà Nội (HAN)
Sân bay Nội Bài",130,0,5,False,False,False,False,True,False,False,False,False,True,True,False,False,True,False,False
HAN1295,Vietravel Airlines,1601439.0,"Hà Nội (HAN)
Sân bay Nội Bài",130,0,6,False,False,False,False,True,False,False,False,False,True,True,False,False,True,False,False
HAN1296,Vietravel Airlines,2021466.0,"Hà Nội (HAN)
Sân bay Nội Bài",130,1,7,False,False,False,False,True,False,False,False,False,True,True,False,False,True,False,False
HAN1297,Vietravel Airlines,2021466.0,"Hà Nội (HAN)
Sân bay Nội Bài",130,1,8,False,False,False,False,True,False,False,False,False,True,True,False,False,True,False,False
HAN1298,Vietravel Airlines,1806679.0,"Hà Nội (HAN)
Sân bay Nội Bài",130,1,9,False,False,False,False,True,False,False,False,False,True,True,False,False,True,False,False
HAN1299,Vietravel Airlines,1806679.0,"Hà Nội (HAN)
Sân bay Nội Bài",130,0,10,False,False,False,False,True,False,False,False,False,True,True,False,False,True,False,False
HAN1300,Vietravel Airlines,2202338.0,"Hà Nội (HAN)
Sân bay Nội Bài",130,2,11,False,False,False,False,True,False,False,False,False,True,True,False,False,True,False,False
HAN1301,Vietravel Airlines,2812784.0,"Hà Nội (HAN)
Sân bay Nội Bài",130,3,12,False,False,False,False,True,False,False,False,False,True,True,False,False,True,False,False
HAN1281,Vietravel Airlines,3051222.0,"Hà Nội (HAN)
Sân bay Nội Bài",130,3,12,False,False,False,False,True,False,False,False,False,True,True,False,False,True,False,False
HAN1282,Vietravel Airlines,3051222.0,"Hà Nội (HAN)
Sân bay Nội Bài",130,2,13,False,False,False,False,True,False,False,False,False,True,True,False,False,True,False,False
HAN1283,Vietravel Airlines,3051222.0,"Hà Nội (HAN)
Sân bay Nội Bài",130,2,14,False,False,False,False,True,False,False,False,False,True,True,False,False,True,False,False
HAN1284,Vietravel Airlines,3288699.0,"Hà Nội (HAN)
Sân bay Nội Bài",130,2,15,False,False,False,False,True,False,False,False,False,True,True,False,False,True,False,False
HAN1285,Vietravel Airlines,2384025.0,"Hà Nội (HAN)
Sân bay Nội Bài",130,0,16,False,False,False,False,True,False,False,False,False,True,True,False,False,True,False,False
HAN1286,Vietravel Airlines,1807296.0,"Hà Nội (HAN)
Sân bay Nội Bài",130,0,17,False,False,False,False,True,False,False,False,False,True,True,False,False,True,False,False
HAN1287,Vietravel Airlines,1648977.0,"Hà Nội (HAN)
Sân bay Nội Bài",130,0,18,False,False,False,False,True,False,False,False,False,True,True,False,False,True,False,False
HAN1288,Vietravel Airlines,1926173.0,"Hà Nội (HAN)
Sân bay Nội Bài",130,0,19,False,False,False,False,True,False,False,False,False,True,True,False,False,True,False,False
HAN1289,Vietravel Airlines,2022155.0,"Hà Nội (HAN)
Sân bay Nội Bài",130,1,20,False,False,False,False,True,False,False,False,False,True,True,False,False,True,False,False
HAN1292,Vietravel Airlines,2576268.0,"Hà Nội (HAN)
Sân bay Nội Bài",130,0,2,False,False,False,False,True,False,False,False,False,True,True,False,False,True,False,False
HAN1293,Vietravel Airlines,1963858.0,"Hà Nội (HAN)
Sân bay Nội Bài",130,0,3,False,False,False,False,True,False,False,False,False,True,True,False,False,True,False,False
HAN1294,Vietravel Airlines,2022155.0,"Hà Nội (HAN)
Sân bay Nội Bài",130,0,4,False,False,False,False,True,False,False,False,False,True,True,False,False,True,False,False
HAN1295,Vietravel Airlines,1807296.0,"Hà Nội (HAN)
Sân bay Nội Bài",130,0,5,False,False,False,False,True,False,False,False,False,True,True,False,False,True,False,False
HAN1296,Vietravel Airlines,2022155.0,"Hà Nội (HAN)
Sân bay Nội Bài",130,1,6,False,False,False,False,True,False,False,False,False,True,True,False,False,True,False,False
HAN1297,Vietravel Airlines,1966073.0,"Hà Nội (HAN)
Sân bay Nội Bài",130,1,7,False,False,False,False,True,False,False,False,False,True,True,False,False,True,False,False
HAN1298,Vietravel Airlines,1966073.0,"Hà Nội (HAN)
Sân bay Nội Bài",130,1,8,False,False,False,False,True,False,False,False,False,True,True,False,False,True,False,False
HAN1299,Vietravel Airlines,1755193.0,"Hà Nội (HAN)
Sân bay Nội Bài",130,0,9,False,False,False,False,True,False,False,False,False,True,True,False,False,True,False,False
HAN1300,Vietravel Airlines,2203090.0,"Hà Nội (HAN)
Sân bay Nội Bài",130,2,10,False,False,False,False,True,False,False,False,False,True,True,False,False,True,False,False
HAN1301,Vietravel Airlines,2813746.0,"Hà Nội (HAN)
Sân bay Nội Bài",130,3,11,False,False,False,False,True,False,False,False,False,True,True,False,False,True,False,False
HAN1281,Vietravel Airlines,3051438.0,"Hà Nội (HAN)
Sân bay Nội Bài",130,3,11,False,False,False,False,True,False,False,False,False,True,True,False,False,True,False,False
HAN1282,Vietravel Airlines,3051438.0,"Hà Nội (HAN)
Sân bay Nội Bài",130,2,12,False,False,False,False,True,False,False,False,False,True,True,False,False,True,False,False
HAN1283,Vietravel Airlines,2813944.0,"Hà Nội (HAN)
Sân bay Nội Bài",130,2,13,False,False,False,False,True,False,False,False,False,True,True,False,False,True,False,False
HAN1284,Vietravel Airlines,3288931.0,"Hà Nội (HAN)
Sân bay Nội Bài",130,2,14,False,False,False,False,True,False,False,False,False,True,True,False,False,True,False,False
HAN1285,Vietravel Airlines,2384194.0,"Hà Nội (HAN)
Sân bay Nội Bài",130,0,15,False,False,False,False,True,False,False,False,False,True,True,False,False,True,False,False
HAN1286,Vietravel Airlines,1807423.0,"Hà Nội (HAN)
Sân bay Nội Bài",130,0,16,False,False,False,False,True,False,False,False,False,True,True,False,False,True,False,False
HAN1287,Vietravel Airlines,1601439.0,"Hà Nội (HAN)
Sân bay Nội Bài",130,0,17,False,False,False,False,True,False,False,False,False,True,True,False,False,True,False,False
HAN1288,Vietravel Airlines,1924178.0,"Hà Nội (HAN)
Sân bay Nội Bài",130,0,18,False,False,False,False,True,False,False,False,False,True,True,False,False,True,False,False
HAN1289,Vietravel Airlines,2022298.0,"Hà Nội (HAN)
Sân bay Nội Bài",130,1,19,False,False,False,False,True,False,False,False,False,True,True,False,False,True,False,False
HAN1290,Vietravel Airlines,1753605.0,"Hà Nội (HAN)
Sân bay Nội Bài",130,1,20,False,False,False,False,True,False,False,False,False,True,True,False,False,True,False,False
HAN1292,Vietravel Airlines,2384194.0,"Hà Nội (HAN)
Sân bay Nội Bài",130,0,1,False,False,False,False,True,False,False,False,False,True,True,False,False,True,False,False
HAN1293,Vietravel Airlines,2203246.0,"Hà Nội (HAN)
Sân bay Nội Bài",130,0,2,False,False,False,False,True,False,False,False,False,True,True,False,False,True,False,False
HAN1294,Vietravel Airlines,2203246.0,"Hà Nội (HAN)
Sân bay Nội Bài",130,0,3,False,False,False,False,True,False,False,False,False,True,True,False,False,True,False,False
HAN1295,Vietravel Airlines,1960088.0,"Hà Nội (HAN)
Sân bay Nội Bài",130,0,4,False,False,False,False,True,False,False,False,False,True,True,False,False,True,False,False
HAN1296,Vietravel Airlines,1960088.0,"Hà Nội (HAN)
Sân bay Nội Bài",130,1,5,False,False,False,False,True,False,False,False,False,True,True,False,False,True,False,False
HAN1297,Vietravel Airlines,2203246.0,"Hà Nội (HAN)
Sân bay Nội Bài",130,1,6,False,False,False,False,True,False,False,False,False,True,True,False,False,True,False,False
HAN1298,Vietravel Airlines,2022298.0,"Hà Nội (HAN)
Sân bay Nội Bài",130,1,7,False,False,False,False,True,False,False,False,False,True,True,False,False,True,False,False
HAN1299,Vietravel Airlines,2203246.0,"Hà Nội (HAN)
Sân bay Nội Bài",130,0,8,False,False,False,False,True,False,False,False,False,True,True,False,False,True,False,False
HAN1300,Vietravel Airlines,2203246.0,"Hà Nội (HAN)
Sân bay Nội Bài",130,2,9,False,False,False,False,True,False,False,False,False,True,True,False,False,True,False,False
HAN1301,Vietravel Airlines,2813944.0,"Hà Nội (HAN)
Sân bay Nội Bài",130,3,10,False,False,False,False,True,False,False,False,False,True,True,False,False,True,False,False
HAN1281,Vietravel Airlines,2813581.0,"Hà Nội (HAN)
Sân bay Nội Bài",130,3,10,False,False,False,False,True,False,False,False,False,True,True,False,False,True,False,False
HAN1282,Vietravel Airlines,3051043.0,"Hà Nội (HAN)
Sân bay Nội Bài",130,2,11,False,False,False,False,True,False,False,False,False,True,True,False,False,True,False,False
HAN1283,Vietravel Airlines,3051043.0,"Hà Nội (HAN)
Sân bay Nội Bài",130,2,12,False,False,False,False,True,False,False,False,False,True,True,False,False,True,False,False
HAN1284,Vietravel Airlines,3168060.0,"Hà Nội (HAN)
Sân bay Nội Bài",130,2,13,False,False,False,False,True,False,False,False,False,True,True,False,False,True,False,False
HAN1285,Vietravel Airlines,2383886.0,"Hà Nội (HAN)
Sân bay Nội Bài",130,0,14,False,False,False,False,True,False,False,False,False,True,True,False,False,True,False,False
HAN1286,Vietravel Airlines,1648881.0,"Hà Nội (HAN)
Sân bay Nội Bài",130,0,15,False,False,False,False,True,False,False,False,False,True,True,False,False,True,False,False
HAN1287,Vietravel Airlines,1648881.0,"Hà Nội (HAN)
Sân bay Nội Bài",130,0,16,False,False,False,False,True,False,False,False,False,True,True,False,False,True,False,False
HAN1288,Vietravel Airlines,1648881.0,"Hà Nội (HAN)
Sân bay Nội Bài",130,0,17,False,False,False,False,True,False,False,False,False,True,True,False,False,True,False,False
HAN1289,Vietravel Airlines,1648881.0,"Hà Nội (HAN)
Sân bay Nội Bài",130,1,18,False,False,False,False,True,False,False,False,False,True,True,False,False,True,False,False
HAN1290,Vietravel Airlines,1648881.0,"Hà Nội (HAN)
Sân bay Nội Bài",130,1,19,False,False,False,False,True,False,False,False,False,True,True,False,False,True,False,False
HAN1291,Vietravel Airlines,1513187.0,"Hà Nội (HAN)
Sân bay Nội Bài",130,1,20,False,False,False,False,True,False,False,False,False,True,True,False,False,True,False,False
HAN1293,Vietravel Airlines,2202961.0,"Hà Nội (HAN)
Sân bay Nội Bài",130,0,1,False,False,False,False,True,False,False,False,False,True,True,False,False,True,False,False
HAN1294,Vietravel Airlines,2022038.0,"Hà Nội (HAN)
Sân bay Nội Bài",130,0,2,False,False,False,False,True,False,False,False,False,True,True,False,False,True,False,False
HAN1295,Vietravel Airlines,2202961.0,"Hà Nội (HAN)
Sân bay Nội Bài",130,0,3,False,False,False,False,True,False,False,False,False,True,True,False,False,True,False,False
HAN1296,Vietravel Airlines,2022038.0,"Hà Nội (HAN)
Sân bay Nội Bài",130,1,4,False,False,False,False,True,False,False,False,False,True,True,False,False,True,False,False
HAN1297,Vietravel Airlines,2022038.0,"Hà Nội (HAN)
Sân bay Nội Bài",130,1,5,False,False,False,False,True,False,False,False,False,True,True,False,False,True,False,False
HAN1298,Vietravel Airlines,2022038.0,"Hà Nội (HAN)
Sân bay Nội Bài",130,1,6,False,False,False,False,True,False,False,False,False,True,True,False,False,True,False,False
HAN1299,Vietravel Airlines,2022038.0,"Hà Nội (HAN)
Sân bay Nội Bài",130,0,7,False,False,False,False,True,False,False,False,False,True,True,False,False,True,False,False
HAN1300,Vietravel Airlines,2202961.0,"Hà Nội (HAN)
Sân bay Nội Bài",130,2,8,False,False,False,False,True,False,False,False,False,True,True,False,False,True,False,False
HAN1301,Vietravel Airlines,2813581.0,"Hà Nội (HAN)
Sân bay Nội Bài",130,3,9,False,False,False,False,True,False,False,False,False,True,True,False,False,True,False,False
HAN1281,Vietravel Airlines,2146620.0,"Hà Nội (HAN)
Sân bay Nội Bài",130,3,9,False,False,False,False,True,False,False,False,False,True,True,False,False,True,False,False
HAN1282,Vietravel Airlines,1760588.0,"Hà Nội (HAN)
Sân bay Nội Bài",130,2,10,False,False,False,False,True,False,False,False,False,True,True,False,False,True,False,False
HAN1283,Vietravel Airlines,2736143.0,"Hà Nội (HAN)
Sân bay Nội Bài",130,2,11,False,False,False,False,True,False,False,False,False,True,True,False,False,True,False,False
HAN1284,Vietravel Airlines,2736143.0,"Hà Nội (HAN)
Sân bay Nội Bài",130,2,12,False,False,False,False,True,False,False,False,False,True,True,False,False,True,False,False
HAN1285,Vietravel Airlines,2320185.0,"Hà Nội (HAN)
Sân bay Nội Bài",130,0,13,False,False,False,False,True,False,False,False,False,True,True,False,False,True,False,False
HAN1286,Vietravel Airlines,1760588.0,"Hà Nội (HAN)
Sân bay Nội Bài",130,0,14,False,False,False,False,True,False,False,False,False,True,True,False,False,True,False,False
HAN1287,Vietravel Airlines,1608968.0,"Hà Nội (HAN)
Sân bay Nội Bài",130,0,15,False,False,False,False,True,False,False,False,False,True,True,False,False,True,False,False
HAN1288,Vietravel Airlines,1760588.0,"Hà Nội (HAN)
Sân bay Nội Bài",130,0,16,False,False,False,False,True,False,False,False,False,True,True,False,False,True,False,False
HAN1289,Vietravel Airlines,1608968.0,"Hà Nội (HAN)
Sân bay Nội Bài",130,1,17,False,False,False,False,True,False,False,False,False,True,True,False,False,True,False,False
HAN1290,Vietravel Airlines,1608968.0,"Hà Nội (HAN)
Sân bay Nội Bài",130,1,18,False,False,False,False,True,False,False,False,False,True,True,False,False,True,False,False
HAN1291,Vietravel Airlines,1479293.0,"Hà Nội (HAN)
Sân bay Nội Bài",130,1,19,False,False,False,False,True,False,False,False,False,True,True,False,False,True,False,False
HAN1295,Vietravel Airlines,2519685.0,"Hà Nội (HAN)
Sân bay Nội Bài",130,0,2,False,False,False,False,True,False,False,False,False,True,True,False,False,True,False,False
HAN1296,Vietravel Airlines,2145623.0,"Hà Nội (HAN)
Sân bay Nội Bài",130,1,3,False,False,False,False,True,False,False,False,False,True,True,False,False,True,False,False
HAN1297,Vietravel Airlines,1968068.0,"Hà Nội (HAN)
Sân bay Nội Bài",130,1,4,False,False,False,False,True,False,False,False,False,True,True,False,False,True,False,False
HAN1298,Vietravel Airlines,1968068.0,"Hà Nội (HAN)
Sân bay Nội Bài",130,1,5,False,False,False,False,True,False,False,False,False,True,True,False,False,True,False,False
HAN1299,Vietravel Airlines,1968068.0,"Hà Nội (HAN)
Sân bay Nội Bài",130,0,6,False,False,False,False,True,False,False,False,False,True,True,False,False,True,False,False
HAN1300,Vietravel Airlines,2146620.0,"Hà Nội (HAN)
Sân bay Nội Bài",130,2,7,False,False,False,False,True,False,False,False,False,True,True,False,False,True,False,False
HAN1301,Vietravel Airlines,2320185.0,"Hà Nội (HAN)
Sân bay Nội Bài",130,3,8,False,False,False,False,True,False,False,False,False,True,True,False,False,True,False,False
HAN1281,Vietravel Airlines,2535645.0,"Hà Nội (HAN)
Sân bay Nội Bài",130,3,8,False,False,False,False,True,False,False,False,False,True,True,False,False,True,False,False
HAN1282,Vietravel Airlines,1975050.0,"Hà Nội (HAN)
Sân bay Nội Bài",130,2,9,False,False,False,False,True,False,False,False,False,True,True,False,False,True,False,False
HAN1283,Vietravel Airlines,2771055.0,"Hà Nội (HAN)
Sân bay Nội Bài",130,2,10,False,False,False,False,True,False,False,False,False,True,True,False,False,True,False,False
HAN1284,Vietravel Airlines,3000480.0,"Hà Nội (HAN)
Sân bay Nội Bài",130,2,11,False,False,False,False,True,False,False,False,False,True,True,False,False,True,False,False
HAN1285,Vietravel Airlines,2350110.0,"Hà Nội (HAN)
Sân bay Nội Bài",130,0,12,False,False,False,False,True,False,False,False,False,True,True,False,False,True,False,False
HAN1286,Vietravel Airlines,1769565.0,"Hà Nội (HAN)
Sân bay Nội Bài",130,0,13,False,False,False,False,True,False,False,False,False,True,True,False,False,True,False,False
HAN1287,Vietravel Airlines,1625925.0,"Hà Nội (HAN)
Sân bay Nội Bài",130,0,14,False,False,False,False,True,False,False,False,False,True,True,False,False,True,False,False
HAN1288,Vietravel Airlines,1769565.0,"Hà Nội (HAN)
Sân bay Nội Bài",130,0,15,False,False,False,False,True,False,False,False,False,True,True,False,False,True,False,False
HAN1289,Vietravel Airlines,1769565.0,"Hà Nội (HAN)
Sân bay Nội Bài",130,1,16,False,False,False,False,True,False,False,False,False,True,True,False,False,True,False,False
HAN1290,Vietravel Airlines,1612958.0,"Hà Nội (HAN)
Sân bay Nội Bài",130,1,17,False,False,False,False,True,False,False,False,False,True,True,False,False,True,False,False
HAN1291,Vietravel Airlines,1482285.0,"Hà Nội (HAN)
Sân bay Nội Bài",130,1,18,False,False,False,False,True,False,False,False,False,True,True,False,False,True,False,False
HAN1296,Vietravel Airlines,2516693.0,"Hà Nội (HAN)
Sân bay Nội Bài",130,1,2,False,False,False,False,True,False,False,False,False,True,True,False,False,True,False,False
HAN1297,Vietravel Airlines,2169563.0,"Hà Nội (HAN)
Sân bay Nội Bài",130,1,3,False,False,False,False,True,False,False,False,False,True,True,False,False,True,False,False
HAN1298,Vietravel Airlines,1980038.0,"Hà Nội (HAN)
Sân bay Nội Bài",130,1,4,False,False,False,False,True,False,False,False,False,True,True,False,False,True,False,False
HAN1299,Vietravel Airlines,1980038.0,"Hà Nội (HAN)
Sân bay Nội Bài",130,0,5,False,False,False,False,True,False,False,False,False,True,True,False,False,True,False,False
HAN1300,Vietravel Airlines,1995000.0,"Hà Nội (HAN)
Sân bay Nội Bài",130,2,6,False,False,False,False,True,False,False,False,False,True,True,False,False,True,False,False
HAN1301,Vietravel Airlines,2535645.0,"Hà Nội (HAN)
Sân bay Nội Bài",130,3,7,False,False,False,False,True,False,False,False,False,True,True,False,False,True,False,False
HAN1281,Vietravel Airlines,2521680.0,"Hà Nội (HAN)
Sân bay Nội Bài",130,3,7,False,False,False,False,True,False,False,False,False,True,True,False,False,True,False,False
HAN1282,Vietravel Airlines,1982033.0,"Hà Nội (HAN)
Sân bay Nội Bài",130,2,8,False,False,False,False,True,False,False,False,False,True,True,False,False,True,False,False
HAN1283,Vietravel Airlines,2752103.0,"Hà Nội (HAN)
Sân bay Nội Bài",130,2,9,False,False,False,False,True,False,False,False,False,True,True,False,False,True,False,False
HAN1284,Vietravel Airlines,3209955.0,"Hà Nội (HAN)
Sân bay Nội Bài",130,2,10,False,False,False,False,True,False,False,False,False,True,True,False,False,True,False,False
HAN1285,Vietravel Airlines,2332155.0,"Hà Nội (HAN)
Sân bay Nội Bài",130,0,11,False,False,False,False,True,False,False,False,False,True,True,False,False,True,False,False
HAN1286,Vietravel Airlines,1618943.0,"Hà Nội (HAN)
Sân bay Nội Bài",130,0,12,False,False,False,False,True,False,False,False,False,True,True,False,False,True,False,False
HAN1287,Vietravel Airlines,1619940.0,"Hà Nội (HAN)
Sân bay Nội Bài",130,0,13,False,False,False,False,True,False,False,False,False,True,True,False,False,True,False,False
HAN1288,Vietravel Airlines,1618943.0,"Hà Nội (HAN)
Sân bay Nội Bài",130,0,14,False,False,False,False,True,False,False,False,False,True,True,False,False,True,False,False
HAN1289,Vietravel Airlines,1619940.0,"Hà Nội (HAN)
Sân bay Nội Bài",130,1,15,False,False,False,False,True,False,False,False,False,True,True,False,False,True,False,False
HAN1290,Vietravel Airlines,1615950.0,"Hà Nội (HAN)
Sân bay Nội Bài",130,1,16,False,False,False,False,True,False,False,False,False,True,True,False,False,True,False,False
HAN1291,Vietravel Airlines,1490265.0,"Hà Nội (HAN)
Sân bay Nội Bài",130,1,17,False,False,False,False,True,False,False,False,False,True,True,False,False,True,False,False
HAN1296,Vietravel Airlines,2510708.0,"Hà Nội (HAN)
Sân bay Nội Bài",130,1,1,False,False,False,False,True,False,False,False,False,True,True,False,False,True,False,False
HAN1297,Vietravel Airlines,2167568.0,"Hà Nội (HAN)
Sân bay Nội Bài",130,1,2,False,False,False,False,True,False,False,False,False,True,True,False,False,True,False,False
HAN1298,Vietravel Airlines,1974053.0,"Hà Nội (HAN)
Sân bay Nội Bài",130,1,3,False,False,False,False,True,False,False,False,False,True,True,False,False,True,False,False
HAN1299,Vietravel Airlines,1974053.0,"Hà Nội (HAN)
Sân bay Nội Bài",130,0,4,False,False,False,False,True,False,False,False,False,True,True,False,False,True,False,False
HAN1300,Vietravel Airlines,1974053.0,"Hà Nội (HAN)
Sân bay Nội Bài",130,2,5,False,False,False,False,True,False,False,False,False,True,True,False,False,True,False,False
HAN1301,Vietravel Airlines,2518688.0,"Hà Nội (HAN)
Sân bay Nội Bài",130,3,6,False,False,False,False,True,False,False,False,False,True,True,False,False,True,False,False
HAN1281,Vietravel Airlines,2519685.0,"Hà Nội (HAN)
Sân bay Nội Bài",130,3,6,False,False,False,False,True,False,False,False,False,True,True,False,False,True,False,False
HAN1282,Vietravel Airlines,2161583.0,"Hà Nội (HAN)
Sân bay Nội Bài",130,2,7,False,False,False,False,True,False,False,False,False,True,True,False,False,True,False,False
HAN1283,Vietravel Airlines,2751105.0,"Hà Nội (HAN)
Sân bay Nội Bài",130,2,8,False,False,False,False,True,False,False,False,False,True,True,False,False,True,False,False
HAN1284,Vietravel Airlines,2751105.0,"Hà Nội (HAN)
Sân bay Nội Bài",130,2,9,False,False,False,False,True,False,False,False,False,True,True,False,False,True,False,False
HAN1285,Vietravel Airlines,1982033.0,"Hà Nội (HAN)
Sân bay Nội Bài",130,0,10,False,False,False,False,True,False,False,False,False,True,True,False,False,True,False,False
HAN1286,Vietravel Airlines,1619940.0,"Hà Nội (HAN)
Sân bay Nội Bài",130,0,11,False,False,False,False,True,False,False,False,False,True,True,False,False,True,False,False
HAN1287,Vietravel Airlines,1490265.0,"Hà Nội (HAN)
Sân bay Nội Bài",130,0,12,False,False,False,False,True,False,False,False,False,True,True,False,False,True,False,False
HAN1288,Vietravel Airlines,1490265.0,"Hà Nội (HAN)
Sân bay Nội Bài",130,0,13,False,False,False,False,True,False,False,False,False,True,True,False,False,True,False,False
HAN1289,Vietravel Airlines,1619940.0,"Hà Nội (HAN)
Sân bay Nội Bài",130,1,14,False,False,False,False,True,False,False,False,False,True,True,False,False,True,False,False
HAN1290,Vietravel Airlines,1489268.0,"Hà Nội (HAN)
Sân bay Nội Bài",130,1,15,False,False,False,False,True,False,False,False,False,True,True,False,False,True,False,False
HAN1291,Vietravel Airlines,1490265.0,"Hà Nội (HAN)
Sân bay Nội Bài",130,1,16,False,False,False,False,True,False,False,False,False,True,True,False,False,True,False,False
HAN1297,Vietravel Airlines,2602478.0,"Hà Nội (HAN)
Sân bay Nội Bài",130,1,1,False,False,False,False,True,False,False,False,False,True,True,False,False,True,False,False
HAN1298,Vietravel Airlines,1982033.0,"Hà Nội (HAN)
Sân bay Nội Bài",130,1,2,False,False,False,False,True,False,False,False,False,True,True,False,False,True,False,False
HAN1299,Vietravel Airlines,2161583.0,"Hà Nội (HAN)
Sân bay Nội Bài",130,0,3,False,False,False,False,True,False,False,False,False,True,True,False,False,True,False,False
HAN1300,Vietravel Airlines,2161583.0,"Hà Nội (HAN)
Sân bay Nội Bài",130,2,4,False,False,False,False,True,False,False,False,False,True,True,False,False,True,False,False
HAN1301,Vietravel Airlines,2161583.0,"Hà Nội (HAN)
Sân bay Nội Bài",130,3,5,False,False,False,False,True,False,False,False,False,True,True,False,False,True,False,False
HAN1281,Vietravel Airlines,2509710.0,"Hà Nội (HAN)
Sân bay Nội Bài",130,3,5,False,False,False,False,True,False,False,False,False,True,True,False,False,True,False,False
HAN1282,Vietravel Airlines,2535645.0,"Hà Nội (HAN)
Sân bay Nội Bài",130,2,6,False,False,False,False,True,False,False,False,False,True,True,False,False,True,False,False
HAN1283,Vietravel Airlines,2741130.0,"Hà Nội (HAN)
Sân bay Nội Bài",130,2,7,False,False,False,False,True,False,False,False,False,True,True,False,False,True,False,False
HAN1284,Vietravel Airlines,2741130.0,"Hà Nội (HAN)
Sân bay Nội Bài",130,2,8,False,False,False,False,True,False,False,False,False,True,True,False,False,True,False,False
HAN1285,Vietravel Airlines,2148615.0,"Hà Nội (HAN)
Sân bay Nội Bài",130,0,9,False,False,False,False,True,False,False,False,False,True,True,False,False,True,False,False
HAN1286,Vietravel Airlines,1606973.0,"Hà Nội (HAN)
Sân bay Nội Bài",130,0,10,False,False,False,False,True,False,False,False,False,True,True,False,False,True,False,False
HAN1287,Vietravel Airlines,1648659.0,"Hà Nội (HAN)
Sân bay Nội Bài",130,0,11,False,False,False,False,True,False,False,False,False,True,True,False,False,True,False,False
HAN1288,Vietravel Airlines,1473308.0,"Hà Nội (HAN)
Sân bay Nội Bài",130,0,12,False,False,False,False,True,False,False,False,False,True,True,False,False,True,False,False
HAN1289,Vietravel Airlines,1606973.0,"Hà Nội (HAN)
Sân bay Nội Bài",130,1,13,False,False,False,False,True,False,False,False,False,True,True,False,False,True,False,False
HAN1290,Vietravel Airlines,1473308.0,"Hà Nội (HAN)
Sân bay Nội Bài",130,1,14,False,False,False,False,True,False,False,False,False,True,True,False,False,True,False,False
HAN1291,Vietravel Airlines,1473308.0,"Hà Nội (HAN)
Sân bay Nội Bài",130,1,15,False,False,False,False,True,False,False,False,False,True,True,False,False,True,False,False
HAN1298,Vietravel Airlines,2047868.0,"Hà Nội (HAN)
Sân bay Nội Bài",130,1,1,False,False,False,False,True,False,False,False,False,True,True,False,False,True,False,False
HAN1299,Vietravel Airlines,2148615.0,"Hà Nội (HAN)
Sân bay Nội Bài",130,0,2,False,False,False,False,True,False,False,False,False,True,True,False,False,True,False,False
HAN1300,Vietravel Airlines,2148615.0,"Hà Nội (HAN)
Sân bay Nội Bài",130,2,3,False,False,False,False,True,False,False,False,False,True,True,False,False,True,False,False
HAN1301,Vietravel Airlines,2323178.0,"Hà Nội (HAN)
Sân bay Nội Bài",130,3,4,False,False,False,False,True,False,False,False,False,True,True,False,False,True,False,False
HAN1281,Vietravel Airlines,2575606.0,"Hà Nội (HAN)
Sân bay Nội Bài",130,3,4,False,False,False,False,True,False,False,False,False,True,True,False,False,True,False,False
HAN1282,Vietravel Airlines,2813022.0,"Hà Nội (HAN)
Sân bay Nội Bài",130,2,5,False,False,False,False,True,False,False,False,False,True,True,False,False,True,False,False
HAN1283,Vietravel Airlines,2813022.0,"Hà Nội (HAN)
Sân bay Nội Bài",130,2,6,False,False,False,False,True,False,False,False,False,True,True,False,False,True,False,False
HAN1284,Vietravel Airlines,2813022.0,"Hà Nội (HAN)
Sân bay Nội Bài",130,2,7,False,False,False,False,True,False,False,False,False,True,True,False,False,True,False,False
HAN1285,Vietravel Airlines,2202525.0,"Hà Nội (HAN)
Sân bay Nội Bài",130,0,8,False,False,False,False,True,False,False,False,False,True,True,False,False,True,False,False
HAN1286,Vietravel Airlines,1806831.0,"Hà Nội (HAN)
Sân bay Nội Bài",130,0,9,False,False,False,False,True,False,False,False,False,True,True,False,False,True,False,False
HAN1287,Vietravel Airlines,1648554.0,"Hà Nội (HAN)
Sân bay Nội Bài",130,0,10,False,False,False,False,True,False,False,False,False,True,True,False,False,True,False,False
HAN1288,Vietravel Airlines,1512887.0,"Hà Nội (HAN)
Sân bay Nội Bài",130,0,11,False,False,False,False,True,False,False,False,False,True,True,False,False,True,False,False
HAN1289,Vietravel Airlines,1648554.0,"Hà Nội (HAN)
Sân bay Nội Bài",130,1,12,False,False,False,False,True,False,False,False,False,True,True,False,False,True,False,False
HAN1290,Vietravel Airlines,1512887.0,"Hà Nội (HAN)
Sân bay Nội Bài",130,1,13,False,False,False,False,True,False,False,False,False,True,True,False,False,True,False,False
HAN1291,Vietravel Airlines,1512887.0,"Hà Nội (HAN)
Sân bay Nội Bài",130,1,14,False,False,False,False,True,False,False,False,False,True,True,False,False,True,False,False
HAN1299,Vietravel Airlines,2202525.0,"Hà Nội (HAN)
Sân bay Nội Bài",130,0,1,False,False,False,False,True,False,False,False,False,True,True,False,False,True,False,False
HAN1300,Vietravel Airlines,2202525.0,"Hà Nội (HAN)
Sân bay Nội Bài",130,2,2,False,False,False,False,True,False,False,False,False,True,True,False,False,True,False,False
HAN1301,Vietravel Airlines,2202525.0,"Hà Nội (HAN)
Sân bay Nội Bài",130,3,3,False,False,False,False,True,False,False,False,False,True,True,False,False,True,False,False
HAN1281,Vietravel Airlines,2383794.0,"Hà Nội (HAN)
Sân bay Nội Bài",130,3,3,False,False,False,False,True,False,False,False,False,True,True,False,False,True,False,False
HAN1282,Vietravel Airlines,2750108.0,"Hà Nội (HAN)
Sân bay Nội Bài",130,2,4,False,False,False,False,True,False,False,False,False,True,True,False,False,True,False,False
HAN1283,Vietravel Airlines,2383794.0,"Hà Nội (HAN)
Sân bay Nội Bài",130,2,5,False,False,False,False,True,False,False,False,False,True,True,False,False,True,False,False
HAN1284,Vietravel Airlines,2516693.0,"Hà Nội (HAN)
Sân bay Nội Bài",130,2,6,False,False,False,False,True,False,False,False,False,True,True,False,False,True,False,False
HAN1285,Vietravel Airlines,2202876.0,"Hà Nội (HAN)
Sân bay Nội Bài",130,0,7,False,False,False,False,True,False,False,False,False,True,True,False,False,True,False,False
HAN1286,Vietravel Airlines,1807119.0,"Hà Nội (HAN)
Sân bay Nội Bài",130,0,8,False,False,False,False,True,False,False,False,False,True,True,False,False,True,False,False
HAN1287,Vietravel Airlines,1648818.0,"Hà Nội (HAN)
Sân bay Nội Bài",130,0,9,False,False,False,False,True,False,False,False,False,True,True,False,False,True,False,False
HAN1288,Vietravel Airlines,1513130.0,"Hà Nội (HAN)
Sân bay Nội Bài",130,0,10,False,False,False,False,True,False,False,False,False,True,True,False,False,True,False,False
HAN1289,Vietravel Airlines,1648818.0,"Hà Nội (HAN)
Sân bay Nội Bài",130,1,11,False,False,False,False,True,False,False,False,False,True,True,False,False,True,False,False
HAN1290,Vietravel Airlines,1513130.0,"Hà Nội (HAN)
Sân bay Nội Bài",130,1,12,False,False,False,False,True,False,False,False,False,True,True,False,False,True,False,False
HAN1291,Vietravel Airlines,1241753.0,"Hà Nội (HAN)
Sân bay Nội Bài",130,1,13,False,False,False,False,True,False,False,False,False,True,True,False,False,True,False,False
HAN1300,Vietravel Airlines,1479293.0,"Hà Nội (HAN)
Sân bay Nội Bài",130,2,1,False,False,False,False,True,False,False,False,False,True,True,False,False,True,False,False
HAN1301,Vietravel Airlines,1969065.0,"Hà Nội (HAN)
Sân bay Nội Bài",130,3,2,False,False,False,False,True,False,False,False,False,True,True,False,False,True,False,False
HAN1281,Vietravel Airlines,2502728.0,"Hà Nội (HAN)
Sân bay Nội Bài",130,3,2,False,False,False,False,True,False,False,False,False,True,True,False,False,True,False,False
HAN1282,Vietravel Airlines,3051246.0,"Hà Nội (HAN)
Sân bay Nội Bài",130,2,3,False,False,False,False,True,False,False,False,False,True,True,False,False,True,False,False
HAN1283,Vietravel Airlines,2576288.0,"Hà Nội (HAN)
Sân bay Nội Bài",130,2,4,False,False,False,False,True,False,False,False,False,True,True,False,False,True,False,False
HAN1284,Vietravel Airlines,2813767.0,"Hà Nội (HAN)
Sân bay Nội Bài",130,2,5,False,False,False,False,True,False,False,False,False,True,True,False,False,True,False,False
HAN1285,Vietravel Airlines,2384044.0,"Hà Nội (HAN)
Sân bay Nội Bài",130,0,6,False,False,False,False,True,False,False,False,False,True,True,False,False,True,False,False
HAN1286,Vietravel Airlines,1648990.0,"Hà Nội (HAN)
Sân bay Nội Bài",130,0,7,False,False,False,False,True,False,False,False,False,True,True,False,False,True,False,False
HAN1287,Vietravel Airlines,1648990.0,"Hà Nội (HAN)
Sân bay Nội Bài",130,0,8,False,False,False,False,True,False,False,False,False,True,True,False,False,True,False,False
HAN1288,Vietravel Airlines,1513288.0,"Hà Nội (HAN)
Sân bay Nội Bài",130,0,9,False,False,False,False,True,False,False,False,False,True,True,False,False,True,False,False
HAN1289,Vietravel Airlines,1513288.0,"Hà Nội (HAN)
Sân bay Nội Bài",130,1,10,False,False,False,False,True,False,False,False,False,True,True,False,False,True,False,False
HAN1290,Vietravel Airlines,1513288.0,"Hà Nội (HAN)
Sân bay Nội Bài",130,1,11,False,False,False,False,True,False,False,False,False,True,True,False,False,True,False,False
HAN1291,Vietravel Airlines,1388895.0,"Hà Nội (HAN)
Sân bay Nội Bài",130,1,12,False,False,False,False,True,False,False,False,False,True,True,False,False,True,False,False
HAN1301,Vietravel Airlines,1972058.0,"Hà Nội (HAN)
Sân bay Nội Bài",130,3,1,False,False,False,False,True,False,False,False,False,True,True,False,False,True,False,False
HAN1281,Vietravel Airlines,2356095.0,"Hà Nội (HAN)
Sân bay Nội Bài",130,3,1,False,False,False,False,True,False,False,False,False,True,True,False,False,True,False,False
HAN1282,Vietravel Airlines,2964570.0,"Hà Nội (HAN)
Sân bay Nội Bài",130,2,2,False,False,False,False,True,False,False,False,False,True,True,False,False,True,False,False
HAN1283,Vietravel Airlines,2814838.0,"Hà Nội (HAN)
Sân bay Nội Bài",130,2,3,False,False,False,False,True,False,False,False,False,True,True,False,False,True,False,False
HAN1284,Vietravel Airlines,3052407.0,"Hà Nội (HAN)
Sân bay Nội Bài",130,2,4,False,False,False,False,True,False,False,False,False,True,True,False,False,True,False,False
HAN1285,Vietravel Airlines,2343128.0,"Hà Nội (HAN)
Sân bay Nội Bài",130,0,5,False,False,False,False,True,False,False,False,False,True,True,False,False,True,False,False
HAN1286,Vietravel Airlines,1807997.0,"Hà Nội (HAN)
Sân bay Nội Bài",130,0,6,False,False,False,False,True,False,False,False,False,True,True,False,False,True,False,False
HAN1287,Vietravel Airlines,1649617.0,"Hà Nội (HAN)
Sân bay Nội Bài",130,0,7,False,False,False,False,True,False,False,False,False,True,True,False,False,True,False,False
HAN1288,Vietravel Airlines,1649617.0,"Hà Nội (HAN)
Sân bay Nội Bài",130,0,8,False,False,False,False,True,False,False,False,False,True,True,False,False,True,False,False
HAN1289,Vietravel Airlines,1513864.0,"Hà Nội (HAN)
Sân bay Nội Bài",130,1,9,False,False,False,False,True,False,False,False,False,True,True,False,False,True,False,False
HAN1290,Vietravel Airlines,1513864.0,"Hà Nội (HAN)
Sân bay Nội Bài",130,1,10,False,False,False,False,True,False,False,False,False,True,True,False,False,True,False,False
HAN1291,Vietravel Airlines,1389423.0,"Hà Nội (HAN)
Sân bay Nội Bài",130,1,11,False,False,False,False,True,False,False,False,False,True,True,False,False,True,False,False
